
                        BEAST v2.6.7, 2002-2022
             Bayesian Evolutionary Analysis Sampling Trees
                       Designed and developed by
 Remco Bouckaert, Alexei J. Drummond, Andrew Rambaut & Marc A. Suchard
                                    
                   Centre for Computational Evolution
                         University of Auckland
                       r.bouckaert@auckland.ac.nz
                        alexei@cs.auckland.ac.nz
                                    
                   Institute of Evolutionary Biology
                        University of Edinburgh
                           a.rambaut@ed.ac.uk
                                    
                    David Geffen School of Medicine
                 University of California, Los Angeles
                           msuchard@ucla.edu
                                    
                      Downloads, Help & Resources:
                           http://beast2.org/
                                    
  Source code distributed under the GNU Lesser General Public License:
                   http://github.com/CompEvol/beast2
                                    
                           BEAST developers:
   Alex Alekseyenko, Trevor Bedford, Erik Bloomquist, Joseph Heled, 
 Sebastian Hoehna, Denise Kuehnert, Philippe Lemey, Wai Lok Sibon Li, 
Gerton Lunter, Sidney Markowitz, Vladimir Minin, Michael Defoin Platel, 
          Oliver Pybus, Tim Vaughan, Chieh-Hsi Wu, Walter Xie
                                    
                               Thanks to:
          Roald Forsberg, Beth Shapiro and Korbinian Strimmer

Random number seed: 1742227491539

File: ctmc-strict-bd-10.xml seed: 1742227491539 threads: 1
Loading package BEASTvntr v0.1.3
Loading package PoMo v1.0.1
Loading package speedemon v1.0.0
Loading package feast v8.4.0
Loading package phylodynamics v1.3.0
Loading package SNAPP v1.5.2
Loading package BADTRIP v1.0.0
Loading package timtam v0.3.1
Loading package ORC v1.0.3
Loading package bacter v2.2.5
Loading package SpeciesNetwork v0.13.0
Loading package TreeStat2 v0.0.2
Loading package Mascot v2.1.2
Loading package starbeast2 v0.15.13
Loading package Beasy v0.0.2
Loading package bModelTest v1.2.1
Loading package ClaDS v1.1.3
Loading package Recombination v0.0.2
Loading package CoalRe v0.0.7
Loading package BASTA v3.0.1
Loading package contraband v1.0.0
Loading package BEAST v2.6.7
Loading package besp v0.2.0
Loading package BDMM v1.0.2
Loading package PIQMEE v1.0.2
Loading package BEASTLabs v1.9.7
Loading package BEAST_CLASSIC v1.5.0
Loading package BICEPS v1.0.1
Loading package CA v2.0.0
Loading package PhyDyn v1.3.8
Loading package MGSM v0.3.0
Loading package MASTER v6.1.2
Loading package TMA v1.0.0
Loading package flc v1.1.0
Loading package Babel v0.3.2
Loading package OBAMA v0.2.0
Loading package NS v1.1.0
Loading package starbeast3 v1.0.5
Loading package MultiTypeTree v7.0.2
Loading package snapper v1.0.3
Loading package STACEY v1.2.5
Loading package SCOTTI v2.0.1
Loading package DENIM v1.0.1
Loading package MODEL_SELECTION v1.5.3
Loading package substBMA v1.2.3
Loading package MM v1.1.1
Loading package BREAK_AWAY v1.0.1
Loading package EpiInf v7.5.2
Loading package GEO_SPHERE v1.3.1
Loading package SA v2.0.2
Loading package FastRelaxedClockLogNormal v1.1.1
Loading package BDSKY v1.4.8
Loading package SSM v1.1.0
Loading package CoupledMCMC v1.0.2
Loading package CodonSubstModels v1.1.3
Loading package BEAST v2.6.7
Alignment(SequenceSimulator)
  50 taxa
  3000 sites
  3000 patterns

Filter ::
50 taxa
3000 sites
3000 patterns
Failed to load BEAGLE library: no hmsbeagle-jni in java.library.path
TreeLikelihood(treeLikelihood.SequenceSimulator) uses BeerLikelihoodCore
  FilteredAlignment(bin.SequenceSimulator): [taxa, patterns, sites] = [50, 3000, 2999]
WARNING: the dimension of the parameter is 1 at the start of the run.
         The operator FixMeanMutationRatesOperator has no effect (if this does not change).
===============================================================================
Citations for this model:

Bouckaert, Remco, Timothy G. Vaughan, Joëlle Barido-Sottani, Sebastián Duchêne, Mathieu Fourment, 
Alexandra Gavryushkina, Joseph Heled, Graham Jones, Denise Kühnert, Nicola De Maio, Michael Matschiner, 
Fábio K. Mendes, Nicola F. Müller, Huw A. Ogilvie, Louis du Plessis, Alex Popinga, Andrew Rambaut, 
David Rasmussen, Igor Siveroni, Marc A. Suchard, Chieh-Hsi Wu, Dong Xie, Chi Zhang, Tanja Stadler, 
Alexei J. Drummond 
  BEAST 2.5: An advanced software platform for Bayesian evolutionary analysis. 
  PLoS computational biology 15, no. 4 (2019): e1006650.

Gernhard 2008. The conditioned reconstructed process. Journal of Theoretical Biology Volume 253, Issue 4, 21 August 2008, Pages 769-778

===============================================================================
Start likelihood: -106940.6015161735 
Writing file ctmc-strict-bd-10.log
Writing file ctmc-strict-bd-10.trees
         Sample      posterior ESS(posterior)     likelihood          prior
              0   -106940.0582              N   -106210.5727      -729.4855 --
           1000   -104069.2844         2.0      -103899.2457      -170.0386 --
           2000   -103942.9320         3.0      -103779.5112      -163.4207 --
           3000   -103812.8512         4.0      -103644.0510      -168.8002 --
           4000   -103781.0720         5.0      -103609.8533      -171.2186 --
           5000   -103763.1114         6.0      -103588.9508      -174.1605 --
           6000   -103769.3351         6.4      -103595.6869      -173.6482 --
           7000   -103764.6729         6.8      -103587.9543      -176.7185 --
           8000   -103307.0128         7.2      -103128.5765      -178.4362 --
           9000   -103152.0693         4.2      -102973.3913      -178.6779 --
          10000   -103055.3720         3.3      -102871.8556      -183.5164 --
          11000   -102860.3515         3.1      -102677.8124      -182.5391 21m0s/Msamples
          12000   -102805.8686         2.6      -102634.3843      -171.4843 22m5s/Msamples
          13000   -102777.2177         2.5      -102601.9485      -175.2692 20m57s/Msamples
          14000   -102687.6243         2.4      -102507.9837      -179.6405 20m33s/Msamples
          15000   -102674.5333         2.4      -102502.9299      -171.6033 20m17s/Msamples
          16000   -102675.5412         2.4      -102499.3950      -176.1461 20m6s/Msamples
          17000   -102679.5428         2.3      -102505.5274      -174.0153 20m7s/Msamples
          18000   -102672.8191         2.3      -102498.5226      -174.2965 20m10s/Msamples
          19000   -102668.0972         2.4      -102499.1360      -168.9611 20m5s/Msamples
          20000   -102659.2395         2.5      -102492.4022      -166.8372 20m10s/Msamples
          21000   -102652.0036         2.5      -102487.3542      -164.6493 20m5s/Msamples
          22000   -102655.7527         2.6      -102490.4077      -165.3450 20m5s/Msamples
          23000   -102650.8650         2.7      -102494.3759      -156.4890 20m7s/Msamples
          24000   -102638.2698         2.7      -102482.0915      -156.1782 20m14s/Msamples
          25000   -102632.6974         2.8      -102478.4041      -154.2932 20m21s/Msamples
          26000   -102641.3472         2.9      -102480.7042      -160.6430 20m20s/Msamples
          27000   -102637.3698         3.0      -102481.0842      -156.2856 20m22s/Msamples
          28000   -102639.9947         3.1      -102480.7364      -159.2583 20m25s/Msamples
          29000   -102640.9933         3.4      -102475.7879      -165.2054 20m23s/Msamples
          30000   -102632.0902         3.5      -102473.2762      -158.8140 20m21s/Msamples
          31000   -102632.6781         3.6      -102476.9856      -155.6925 20m16s/Msamples
          32000   -102635.1002         3.7      -102482.3067      -152.7935 20m17s/Msamples
          33000   -102627.8840         3.8      -102472.5349      -155.3491 20m23s/Msamples
          34000   -102638.7321         3.9      -102480.0618      -158.6702 20m24s/Msamples
          35000   -102621.2697         4.0      -102473.9620      -147.3076 20m26s/Msamples
          36000   -102619.8084         4.1      -102473.8521      -145.9562 20m28s/Msamples
          37000   -102621.0827         4.2      -102475.0536      -146.0291 20m28s/Msamples
          38000   -102626.5027         4.3      -102485.0867      -141.4159 20m27s/Msamples
          39000   -102623.4826         4.8      -102479.4292      -144.0533 20m26s/Msamples
          40000   -102618.2614         4.9      -102475.9715      -142.2898 20m26s/Msamples
          41000   -102625.4028         5.0      -102480.9098      -144.4930 20m29s/Msamples
          42000   -102635.4868         5.1      -102484.9571      -150.5297 20m25s/Msamples
          43000   -102632.2457         5.3      -102483.9744      -148.2712 20m25s/Msamples
          44000   -102628.1848         5.4      -102485.5495      -142.6352 20m23s/Msamples
          45000   -102624.1576         5.5      -102486.3871      -137.7705 20m20s/Msamples
          46000   -102609.7078         5.6      -102469.9904      -139.7174 20m18s/Msamples
          47000   -102613.8263         5.7      -102475.0007      -138.8256 20m17s/Msamples
          48000   -102609.4764         5.8      -102473.1444      -136.3320 20m13s/Msamples
          49000   -102612.1396         6.6      -102475.9177      -136.2218 20m14s/Msamples
          50000   -102612.3477         6.7      -102477.2195      -135.1281 20m16s/Msamples
          51000   -102619.6387         6.8      -102482.2111      -137.4275 20m17s/Msamples
          52000   -102623.1436         7.0      -102481.1157      -142.0278 20m18s/Msamples
          53000   -102623.4570         7.1      -102482.2679      -141.1890 20m19s/Msamples
          54000   -102623.2796         7.2      -102478.3797      -144.8998 20m18s/Msamples
          55000   -102630.2416         7.3      -102487.0499      -143.1917 20m19s/Msamples
          56000   -102634.0909         7.4      -102483.9125      -150.1783 20m22s/Msamples
          57000   -102632.0264         7.5      -102486.4841      -145.5422 20m22s/Msamples
          58000   -102632.7448         7.7      -102490.9687      -141.7761 20m23s/Msamples
          59000   -102637.3301         8.6      -102490.1613      -147.1687 20m20s/Msamples
          60000   -102629.0148         8.8      -102482.4933      -146.5214 20m18s/Msamples
          61000   -102621.5227         8.9      -102479.6282      -141.8944 20m18s/Msamples
          62000   -102627.8851         9.0      -102482.1313      -145.7537 20m18s/Msamples
          63000   -102615.9248         9.2      -102472.9008      -143.0239 20m17s/Msamples
          64000   -102618.2140         9.3      -102478.5358      -139.6782 20m17s/Msamples
          65000   -102618.8139         9.4      -102483.3715      -135.4423 20m18s/Msamples
          66000   -102618.5293         9.6      -102475.4273      -143.1019 20m16s/Msamples
          67000   -102612.7841         9.7      -102479.6567      -133.1274 20m15s/Msamples
          68000   -102620.9007         9.9      -102480.8786      -140.0220 20m15s/Msamples
          69000   -102612.3717        10.7      -102470.6749      -141.6967 20m15s/Msamples
          70000   -102615.6224        10.9      -102474.8803      -140.7420 20m17s/Msamples
          71000   -102618.1240        11.0      -102475.9344      -142.1896 20m18s/Msamples
          72000   -102603.2423        11.1      -102472.7710      -130.4712 20m18s/Msamples
          73000   -102603.4518        11.3      -102474.8011      -128.6506 20m18s/Msamples
          74000   -102596.8651        11.4      -102472.2468      -124.6183 20m18s/Msamples
          75000   -102596.9021        11.5      -102469.6393      -127.2628 20m18s/Msamples
          76000   -102611.9747        11.6      -102483.0585      -128.9162 20m19s/Msamples
          77000   -102597.2023        11.7      -102471.1818      -126.0204 20m18s/Msamples
          78000   -102591.3325        11.9      -102467.5339      -123.7986 20m18s/Msamples
          79000   -102589.8646        10.5      -102466.5237      -123.3409 20m19s/Msamples
          80000   -102591.7225        10.6      -102468.9670      -122.7555 20m20s/Msamples
          81000   -102589.0362        10.6      -102468.4770      -120.5592 20m22s/Msamples
          82000   -102587.6635        10.7      -102469.5351      -118.1284 20m22s/Msamples
          83000   -102592.9693        10.7      -102472.2501      -120.7192 20m22s/Msamples
          84000   -102598.2048        10.8      -102479.5079      -118.6969 20m21s/Msamples
          85000   -102597.2249        10.8      -102475.7833      -121.4415 20m20s/Msamples
          86000   -102592.1743        10.8      -102475.8841      -116.2902 20m21s/Msamples
          87000   -102592.0607        10.9      -102474.2344      -117.8262 20m21s/Msamples
          88000   -102578.5022        10.9      -102465.9684      -112.5338 20m20s/Msamples
          89000   -102593.0576        10.3      -102473.4262      -119.6313 20m19s/Msamples
          90000   -102582.7186        10.2      -102464.0614      -118.6571 20m17s/Msamples
          91000   -102576.6328        10.2      -102463.0250      -113.6078 20m16s/Msamples
          92000   -102583.0258        10.1      -102470.2099      -112.8159 20m15s/Msamples
          93000   -102589.2046        10.1      -102468.7756      -120.4289 20m14s/Msamples
          94000   -102601.2598        10.1      -102477.3174      -123.9424 20m14s/Msamples
          95000   -102598.8336        10.1      -102478.6922      -120.1413 20m15s/Msamples
          96000   -102590.3386        10.1      -102472.1921      -118.1465 20m12s/Msamples
          97000   -102594.1772        10.1      -102477.6850      -116.4921 20m13s/Msamples
          98000   -102592.0060        10.1      -102478.9244      -113.0815 20m16s/Msamples
          99000   -102584.1412         8.7      -102473.6657      -110.4754 20m17s/Msamples
         100000   -102581.8283         8.6      -102474.5233      -107.3050 20m17s/Msamples
         101000   -102574.0169         8.4      -102470.3824      -103.6345 20m17s/Msamples
         102000   -102585.8136         8.3      -102474.3553      -111.4583 20m18s/Msamples
         103000   -102582.9809         8.2      -102478.7352      -104.2457 20m18s/Msamples
         104000   -102594.1453         8.2      -102481.4510      -112.6943 20m18s/Msamples
         105000   -102597.0924         8.2      -102484.2674      -112.8249 20m19s/Msamples
         106000   -102576.2715         8.1      -102467.1563      -109.1152 20m19s/Msamples
         107000   -102588.5369         8.0      -102477.3705      -111.1663 20m19s/Msamples
         108000   -102582.3177         7.9      -102472.5138      -109.8038 20m19s/Msamples
         109000   -102576.1323         5.5      -102467.6948      -108.4374 20m21s/Msamples
         110000   -102578.7998         5.5      -102475.7472      -103.0526 20m20s/Msamples
         111000   -102570.8715         5.4      -102471.8115       -99.0600 20m20s/Msamples
         112000   -102573.3442         5.4      -102471.3972      -101.9469 20m19s/Msamples
         113000   -102572.7893         5.2      -102474.7552       -98.0340 20m20s/Msamples
         114000   -102569.9093         5.1      -102468.8489      -101.0603 20m19s/Msamples
         115000   -102566.5042         5.0      -102464.0507      -102.4535 20m18s/Msamples
         116000   -102578.0842         5.0      -102476.9764      -101.1078 20m17s/Msamples
         117000   -102575.7027         4.9      -102482.0135       -93.6892 20m16s/Msamples
         118000   -102574.7196         4.8      -102480.9380       -93.7815 20m15s/Msamples
         119000   -102569.4082         4.0      -102475.5120       -93.8962 20m14s/Msamples
         120000   -102572.1096         4.0      -102471.9234      -100.1861 20m13s/Msamples
         121000   -102576.5240         3.9      -102479.6248       -96.8991 20m13s/Msamples
         122000   -102575.1002         3.9      -102477.5479       -97.5522 20m12s/Msamples
         123000   -102568.7879         3.9      -102472.8544       -95.9334 20m12s/Msamples
         124000   -102570.0245         3.8      -102476.7139       -93.3105 20m11s/Msamples
         125000   -102573.6676         3.8      -102482.7849       -90.8827 20m10s/Msamples
         126000   -102571.7599         3.8      -102477.5534       -94.2064 20m10s/Msamples
         127000   -102581.5293         3.8      -102480.1170      -101.4123 20m10s/Msamples
         128000   -102570.5624         3.7      -102478.1293       -92.4330 20m9s/Msamples
         129000   -102574.7903         3.2      -102479.3425       -95.4477 20m10s/Msamples
         130000   -102575.8065         3.2      -102489.3891       -86.4173 20m9s/Msamples
         131000   -102570.0034         3.2      -102480.8249       -89.1785 20m9s/Msamples
         132000   -102583.6238         3.2      -102492.6500       -90.9737 20m9s/Msamples
         133000   -102583.9890         3.2      -102487.1614       -96.8276 20m9s/Msamples
         134000   -102580.5934         3.2      -102482.9468       -97.6465 20m9s/Msamples
         135000   -102590.9889         3.2      -102499.8749       -91.1140 20m8s/Msamples
         136000   -102584.2375         3.2      -102490.6145       -93.6230 20m7s/Msamples
         137000   -102586.2890         3.2      -102487.8679       -98.4211 20m7s/Msamples
         138000   -102569.3921         3.2      -102478.8941       -90.4980 20m7s/Msamples
         139000   -102563.7381         2.8      -102476.9746       -86.7634 20m7s/Msamples
         140000   -102552.7712         2.8      -102465.5037       -87.2675 20m7s/Msamples
         141000   -102565.7271         2.8      -102474.0496       -91.6774 20m7s/Msamples
         142000   -102558.2991         2.8      -102468.8897       -89.4094 20m8s/Msamples
         143000   -102556.9783         2.8      -102463.8402       -93.1380 20m7s/Msamples
         144000   -102566.6628         2.8      -102475.1573       -91.5054 20m6s/Msamples
         145000   -102582.0790         2.8      -102484.7319       -97.3471 20m6s/Msamples
         146000   -102577.4706         2.8      -102479.5346       -97.9359 20m6s/Msamples
         147000   -102568.4122         2.8      -102476.9577       -91.4544 20m6s/Msamples
         148000   -102577.0425         2.8      -102480.9809       -96.0615 20m6s/Msamples
         149000   -102583.0756         2.7      -102485.7308       -97.3447 20m6s/Msamples
         150000   -102585.4002         2.7      -102484.0546      -101.3456 20m5s/Msamples
         151000   -102587.7771         2.8      -102483.0881      -104.6889 20m5s/Msamples
         152000   -102587.7323         2.8      -102480.5300      -107.2022 20m6s/Msamples
         153000   -102584.1839         2.8      -102482.4214      -101.7624 20m6s/Msamples
         154000   -102590.3819         2.8      -102483.4686      -106.9132 20m7s/Msamples
         155000   -102590.3666         2.8      -102481.8572      -108.5093 20m8s/Msamples
         156000   -102581.9151         2.8      -102479.8857      -102.0293 20m8s/Msamples
         157000   -102563.9890         2.8      -102469.4230       -94.5660 20m8s/Msamples
         158000   -102572.8395         2.8      -102475.2736       -97.5659 20m9s/Msamples
         159000   -102567.7629         2.8      -102472.9349       -94.8280 20m9s/Msamples
         160000   -102583.6034         2.8      -102486.9719       -96.6314 20m9s/Msamples
         161000   -102582.1705         2.8      -102484.6815       -97.4889 20m9s/Msamples
         162000   -102568.7618         2.8      -102480.6961       -88.0657 20m9s/Msamples
         163000   -102569.4775         2.8      -102479.0356       -90.4419 20m8s/Msamples
         164000   -102574.8080         2.8      -102478.8519       -95.9560 20m8s/Msamples
         165000   -102560.1825         2.8      -102474.1804       -86.0020 20m8s/Msamples
         166000   -102557.5590         2.8      -102476.2372       -81.3217 20m8s/Msamples
         167000   -102556.4564         2.8      -102474.7114       -81.7449 20m8s/Msamples
         168000   -102564.0391         2.8      -102481.8528       -82.1863 20m8s/Msamples
         169000   -102565.6979         2.8      -102482.8013       -82.8966 20m8s/Msamples
         170000   -102578.4920         2.8      -102487.3414       -91.1505 20m8s/Msamples
         171000   -102573.3644         2.8      -102479.1261       -94.2383 20m9s/Msamples
         172000   -102556.5407         2.8      -102468.4297       -88.1110 20m10s/Msamples
         173000   -102563.2948         2.9      -102476.8775       -86.4172 20m9s/Msamples
         174000   -102576.3997         2.9      -102479.6866       -96.7130 20m10s/Msamples
         175000   -102573.1897         2.9      -102481.1499       -92.0398 20m10s/Msamples
         176000   -102565.8225         2.9      -102478.9889       -86.8335 20m10s/Msamples
         177000   -102566.9995         2.9      -102480.6679       -86.3316 20m10s/Msamples
         178000   -102572.6453         2.9      -102485.7122       -86.9331 20m10s/Msamples
         179000   -102584.2232         2.9      -102488.0337       -96.1894 20m11s/Msamples
         180000   -102566.3906         2.9      -102478.1647       -88.2258 20m11s/Msamples
         181000   -102575.0429         2.9      -102482.8033       -92.2395 20m10s/Msamples
         182000   -102577.3493         2.9      -102488.0210       -89.3282 20m10s/Msamples
         183000   -102575.5092         2.9      -102483.6493       -91.8598 20m10s/Msamples
         184000   -102577.3991         2.9      -102487.0857       -90.3133 20m11s/Msamples
         185000   -102580.8447         2.9      -102486.3616       -94.4830 20m11s/Msamples
         186000   -102573.6955         2.9      -102479.8040       -93.8915 20m10s/Msamples
         187000   -102573.9477         2.9      -102484.2776       -89.6700 20m10s/Msamples
         188000   -102573.7567         3.0      -102482.0486       -91.7081 20m11s/Msamples
         189000   -102570.0887         2.9      -102482.0964       -87.9923 20m10s/Msamples
         190000   -102580.1560         3.0      -102480.6821       -99.4739 20m10s/Msamples
         191000   -102570.8074         3.0      -102482.7318       -88.0756 20m10s/Msamples
         192000   -102571.4276         3.0      -102480.7358       -90.6918 20m10s/Msamples
         193000   -102569.2798         3.0      -102479.0244       -90.2553 20m9s/Msamples
         194000   -102568.8500         3.0      -102476.8210       -92.0290 20m9s/Msamples
         195000   -102564.3323         3.0      -102474.8141       -89.5182 20m9s/Msamples
         196000   -102568.6276         3.0      -102475.6328       -92.9947 20m8s/Msamples
         197000   -102566.6764         3.0      -102474.8380       -91.8383 20m8s/Msamples
         198000   -102564.1263         3.0      -102474.3518       -89.7745 20m8s/Msamples
         199000   -102575.0768         3.0      -102483.4495       -91.6273 20m8s/Msamples
         200000   -102556.7450         3.1      -102469.2467       -87.4983 20m7s/Msamples
         201000   -102570.8626         3.1      -102478.1516       -92.7110 20m7s/Msamples
         202000   -102563.4195         3.1      -102473.3792       -90.0403 20m7s/Msamples
         203000   -102566.5708         3.1      -102477.1379       -89.4328 20m7s/Msamples
         204000   -102567.1853         3.1      -102478.2345       -88.9508 20m6s/Msamples
         205000   -102565.5527         3.1      -102481.8714       -83.6813 20m6s/Msamples
         206000   -102567.6781         3.1      -102473.0737       -94.6043 20m6s/Msamples
         207000   -102567.5108         3.1      -102473.1154       -94.3954 20m6s/Msamples
         208000   -102560.7807         3.1      -102471.0554       -89.7252 20m6s/Msamples
         209000   -102580.9507         3.2      -102484.1030       -96.8476 20m6s/Msamples
         210000   -102574.1742         3.2      -102478.2112       -95.9630 20m6s/Msamples
         211000   -102566.4630         3.2      -102475.6344       -90.8286 20m6s/Msamples
         212000   -102564.5229         3.2      -102474.4607       -90.0622 20m5s/Msamples
         213000   -102563.5699         3.2      -102475.1660       -88.4038 20m5s/Msamples
         214000   -102572.6958         3.2      -102484.0848       -88.6110 20m5s/Msamples
         215000   -102566.2880         3.2      -102474.3291       -91.9589 20m5s/Msamples
         216000   -102560.3494         3.2      -102473.5026       -86.8467 20m5s/Msamples
         217000   -102569.6011         3.2      -102475.5821       -94.0189 20m5s/Msamples
         218000   -102575.9414         3.2      -102483.1417       -92.7996 20m5s/Msamples
         219000   -102577.7852         3.3      -102482.0311       -95.7541 20m5s/Msamples
         220000   -102581.6119         3.3      -102480.0598      -101.5521 20m6s/Msamples
         221000   -102582.2820         3.3      -102480.3675      -101.9145 20m6s/Msamples
         222000   -102577.1839         3.3      -102478.1052       -99.0786 20m5s/Msamples
         223000   -102589.8148         3.3      -102489.8181       -99.9966 20m6s/Msamples
         224000   -102565.9969         3.3      -102474.4184       -91.5785 20m6s/Msamples
         225000   -102571.8873         3.3      -102478.7604       -93.1268 20m6s/Msamples
         226000   -102569.3229         3.3      -102474.9680       -94.3549 20m6s/Msamples
         227000   -102568.3576         3.3      -102474.2950       -94.0625 20m7s/Msamples
         228000   -102565.9718         3.3      -102470.1680       -95.8038 20m7s/Msamples
         229000   -102566.8247         3.4      -102471.5897       -95.2349 20m8s/Msamples
         230000   -102560.6454         3.4      -102473.2140       -87.4313 20m8s/Msamples
         231000   -102568.1265         3.4      -102476.1347       -91.9917 20m8s/Msamples
         232000   -102571.7174         3.4      -102477.7838       -93.9336 20m8s/Msamples
         233000   -102583.0637         3.4      -102496.0033       -87.0603 20m8s/Msamples
         234000   -102583.7802         3.4      -102493.3190       -90.4611 20m8s/Msamples
         235000   -102576.5352         3.4      -102486.1984       -90.3368 20m8s/Msamples
         236000   -102574.6301         3.4      -102482.0839       -92.5462 20m8s/Msamples
         237000   -102591.5736         3.5      -102492.9853       -98.5882 20m8s/Msamples
         238000   -102600.2863         3.5      -102499.9610      -100.3252 20m9s/Msamples
         239000   -102583.8128         3.5      -102493.3450       -90.4677 20m10s/Msamples
         240000   -102582.0567         3.6      -102495.3239       -86.7328 20m9s/Msamples
         241000   -102588.4518         3.6      -102497.6782       -90.7736 20m10s/Msamples
         242000   -102576.9143         3.6      -102488.0817       -88.8325 20m9s/Msamples
         243000   -102582.4871         3.6      -102493.8573       -88.6297 20m9s/Msamples
         244000   -102581.0137         3.6      -102492.8416       -88.1721 20m10s/Msamples
         245000   -102572.5547         3.6      -102484.4615       -88.0932 20m10s/Msamples
         246000   -102567.6619         3.6      -102480.6321       -87.0297 20m9s/Msamples
         247000   -102575.4892         3.6      -102487.7802       -87.7090 20m9s/Msamples
         248000   -102570.7751         3.7      -102488.9897       -81.7854 20m9s/Msamples
         249000   -102576.2900         3.7      -102492.0568       -84.2331 20m8s/Msamples
         250000   -102559.4274         3.7      -102479.3129       -80.1145 20m8s/Msamples
         251000   -102557.6741         3.7      -102479.1504       -78.5237 20m9s/Msamples
         252000   -102558.7034         3.8      -102481.8649       -76.8384 20m9s/Msamples
         253000   -102558.1246         3.8      -102484.2283       -73.8963 20m9s/Msamples
         254000   -102547.8623         3.8      -102472.7648       -75.0974 20m10s/Msamples
         255000   -102545.4208         3.8      -102470.9701       -74.4506 20m10s/Msamples
         256000   -102549.7413         3.9      -102472.8530       -76.8883 20m10s/Msamples
         257000   -102540.9010         3.9      -102468.4164       -72.4846 20m10s/Msamples
         258000   -102543.8836         3.9      -102471.3453       -72.5383 20m10s/Msamples
         259000   -102543.1275         4.0      -102473.4809       -69.6466 20m10s/Msamples
         260000   -102544.6015         4.0      -102477.1604       -67.4410 20m10s/Msamples
         261000   -102545.6990         4.1      -102475.8584       -69.8406 20m10s/Msamples
         262000   -102549.0969         4.1      -102477.1149       -71.9819 20m10s/Msamples
         263000   -102540.7577         4.1      -102475.3665       -65.3912 20m10s/Msamples
         264000   -102538.7112         4.1      -102470.7598       -67.9514 20m10s/Msamples
         265000   -102552.2726         4.1      -102476.9882       -75.2843 20m11s/Msamples
         266000   -102562.0000         4.1      -102483.8899       -78.1101 20m11s/Msamples
         267000   -102559.5418         4.2      -102487.1118       -72.4300 20m11s/Msamples
         268000   -102548.5639         4.2      -102480.1996       -68.3643 20m11s/Msamples
         269000   -102543.3423         4.2      -102476.3338       -67.0085 20m10s/Msamples
         270000   -102549.2125         4.2      -102482.6133       -66.5992 20m11s/Msamples
         271000   -102549.6011         4.3      -102484.7924       -64.8086 20m10s/Msamples
         272000   -102552.4528         4.3      -102485.7106       -66.7421 20m10s/Msamples
         273000   -102558.2381         4.3      -102486.2172       -72.0209 20m10s/Msamples
         274000   -102538.3567         4.3      -102475.0749       -63.2818 20m10s/Msamples
         275000   -102545.4446         4.3      -102480.3841       -65.0605 20m10s/Msamples
         276000   -102551.3488         4.3      -102480.9774       -70.3713 20m9s/Msamples
         277000   -102548.4065         4.3      -102479.8870       -68.5195 20m9s/Msamples
         278000   -102552.5605         4.3      -102479.3813       -73.1791 20m9s/Msamples
         279000   -102551.7022         4.4      -102474.6003       -77.1019 20m9s/Msamples
         280000   -102556.7609         4.4      -102483.4005       -73.3603 20m9s/Msamples
         281000   -102550.3636         4.4      -102477.1962       -73.1674 20m9s/Msamples
         282000   -102555.8957         4.4      -102478.3140       -77.5816 20m9s/Msamples
         283000   -102562.5823         4.4      -102483.7595       -78.8228 20m9s/Msamples
         284000   -102560.0161         4.4      -102482.2787       -77.7373 20m8s/Msamples
         285000   -102562.8334         4.4      -102484.9603       -77.8730 20m8s/Msamples
         286000   -102562.4688         4.4      -102484.6034       -77.8654 20m8s/Msamples
         287000   -102562.4123         4.4      -102480.6944       -81.7179 20m8s/Msamples
         288000   -102572.4902         4.4      -102487.1081       -85.3820 20m8s/Msamples
         289000   -102572.9101         4.5      -102486.6443       -86.2658 20m8s/Msamples
         290000   -102565.6805         4.5      -102483.5245       -82.1560 20m8s/Msamples
         291000   -102565.6586         4.5      -102485.4216       -80.2370 20m7s/Msamples
         292000   -102556.5042         4.5      -102480.1562       -76.3480 20m7s/Msamples
         293000   -102540.5216         4.5      -102474.0367       -66.4849 20m7s/Msamples
         294000   -102538.7050         4.5      -102471.6615       -67.0435 20m7s/Msamples
         295000   -102533.2105         4.5      -102475.5027       -57.7077 20m7s/Msamples
         296000   -102521.6650         4.5      -102467.5784       -54.0865 20m7s/Msamples
         297000   -102521.3339         4.5      -102468.6211       -52.7127 20m7s/Msamples
         298000   -102520.5460         4.5      -102470.7586       -49.7874 20m7s/Msamples
         299000   -102525.0886         4.6      -102476.0286       -49.0600 20m8s/Msamples
         300000   -102529.0154         4.6      -102473.4123       -55.6030 20m7s/Msamples
         301000   -102520.1098         4.6      -102468.6337       -51.4760 20m7s/Msamples
         302000   -102517.8590         4.6      -102464.6894       -53.1696 20m7s/Msamples
         303000   -102529.5979         4.6      -102470.0001       -59.5978 20m7s/Msamples
         304000   -102535.1809         4.6      -102472.8951       -62.2858 20m7s/Msamples
         305000   -102542.1275         4.6      -102472.4425       -69.6850 20m7s/Msamples
         306000   -102552.7624         4.6      -102478.6820       -74.0803 20m6s/Msamples
         307000   -102535.0061         4.6      -102472.4318       -62.5743 20m7s/Msamples
         308000   -102550.9282         4.6      -102486.0790       -64.8491 20m6s/Msamples
         309000   -102545.4372         4.6      -102480.3317       -65.1055 20m6s/Msamples
         310000   -102564.4335         4.6      -102489.6847       -74.7487 20m6s/Msamples
         311000   -102557.0891         4.6      -102484.5018       -72.5873 20m6s/Msamples
         312000   -102556.3189         4.6      -102486.3603       -69.9586 20m5s/Msamples
         313000   -102555.5980         4.6      -102482.6405       -72.9574 20m5s/Msamples
         314000   -102555.7595         4.6      -102480.2157       -75.5438 20m5s/Msamples
         315000   -102547.0857         4.5      -102485.3616       -61.7240 20m5s/Msamples
         316000   -102543.4058         4.5      -102480.4567       -62.9490 20m5s/Msamples
         317000   -102541.1152         4.5      -102479.3134       -61.8018 20m5s/Msamples
         318000   -102537.6493         4.5      -102473.1864       -64.4629 20m4s/Msamples
         319000   -102549.6410         4.5      -102476.7920       -72.8490 20m4s/Msamples
         320000   -102554.5722         4.5      -102477.4161       -77.1561 20m4s/Msamples
         321000   -102551.7341         4.5      -102482.3658       -69.3682 20m4s/Msamples
         322000   -102547.3870         4.7      -102473.3674       -74.0195 20m4s/Msamples
         323000   -102544.9418         4.7      -102478.2254       -66.7164 20m4s/Msamples
         324000   -102540.1292         4.7      -102481.2668       -58.8624 20m4s/Msamples
         325000   -102541.7729         4.6      -102483.1126       -58.6603 20m4s/Msamples
         326000   -102553.2192         4.6      -102490.2587       -62.9604 20m4s/Msamples
         327000   -102543.0792         4.6      -102482.1865       -60.8926 20m3s/Msamples
         328000   -102553.6697         4.6      -102494.8909       -58.7787 20m3s/Msamples
         329000   -102542.9642         4.5      -102481.7449       -61.2192 20m3s/Msamples
         330000   -102549.4264         4.5      -102484.5488       -64.8775 20m3s/Msamples
         331000   -102550.0486         4.4      -102480.6176       -69.4309 20m3s/Msamples
         332000   -102545.0519         4.4      -102482.0452       -63.0066 20m3s/Msamples
         333000   -102566.5696         4.4      -102492.6735       -73.8960 20m3s/Msamples
         334000   -102564.6699         4.4      -102489.1580       -75.5118 20m4s/Msamples
         335000   -102556.8751         4.4      -102486.4441       -70.4309 20m4s/Msamples
         336000   -102546.9659         4.4      -102486.2058       -60.7600 20m4s/Msamples
         337000   -102547.2966         4.4      -102486.8106       -60.4860 20m3s/Msamples
         338000   -102537.4149         4.4      -102476.1689       -61.2459 20m3s/Msamples
         339000   -102540.3293         4.4      -102474.1424       -66.1868 20m3s/Msamples
         340000   -102536.6838         4.4      -102476.9249       -59.7589 20m3s/Msamples
         341000   -102533.4209         4.4      -102470.3532       -63.0676 20m3s/Msamples
         342000   -102546.0891         4.4      -102474.3422       -71.7468 20m3s/Msamples
         343000   -102560.7832         4.4      -102484.0815       -76.7017 20m3s/Msamples
         344000   -102559.9231         4.4      -102484.9733       -74.9498 20m3s/Msamples
         345000   -102572.4535         4.4      -102492.0497       -80.4037 20m3s/Msamples
         346000   -102553.1859         4.4      -102481.5349       -71.6509 20m3s/Msamples
         347000   -102547.3729         4.3      -102480.3643       -67.0085 20m3s/Msamples
         348000   -102558.5167         4.3      -102484.7085       -73.8081 20m3s/Msamples
         349000   -102567.1257         4.4      -102492.4524       -74.6733 20m3s/Msamples
         350000   -102560.6437         4.4      -102485.8015       -74.8422 20m3s/Msamples
         351000   -102570.7914         4.4      -102491.4670       -79.3243 20m4s/Msamples
         352000   -102575.3037         4.4      -102489.7902       -85.5135 20m4s/Msamples
         353000   -102559.8357         4.4      -102487.7545       -72.0812 20m4s/Msamples
         354000   -102549.1202         4.4      -102480.4597       -68.6604 20m4s/Msamples
         355000   -102547.0649         4.4      -102479.1133       -67.9516 20m4s/Msamples
         356000   -102561.5294         4.4      -102489.8025       -71.7268 20m4s/Msamples
         357000   -102564.0818         4.4      -102485.6887       -78.3931 20m4s/Msamples
         358000   -102569.2320         4.4      -102488.1924       -81.0395 20m4s/Msamples
         359000   -102563.2646         4.4      -102486.6756       -76.5889 20m5s/Msamples
         360000   -102546.2022         4.4      -102476.5089       -69.6933 20m5s/Msamples
         361000   -102552.9501         4.4      -102474.8170       -78.1331 20m5s/Msamples
         362000   -102564.2664         4.4      -102487.0274       -77.2390 20m5s/Msamples
         363000   -102556.4725         4.3      -102485.3288       -71.1436 20m5s/Msamples
         364000   -102554.0704         4.3      -102481.1344       -72.9359 20m5s/Msamples
         365000   -102551.2782         4.3      -102478.7128       -72.5654 20m5s/Msamples
         366000   -102562.8986         4.3      -102492.0002       -70.8983 20m5s/Msamples
         367000   -102549.7270         4.3      -102482.6062       -67.1208 20m5s/Msamples
         368000   -102552.2742         4.3      -102489.1225       -63.1516 20m5s/Msamples
         369000   -102545.3547         4.3      -102478.5546       -66.8001 20m5s/Msamples
         370000   -102549.4811         4.3      -102482.9002       -66.5808 20m5s/Msamples
         371000   -102554.9646         4.3      -102483.6270       -71.3376 20m5s/Msamples
         372000   -102552.0712         4.3      -102479.7006       -72.3706 20m5s/Msamples
         373000   -102559.0607         4.3      -102482.1972       -76.8635 20m5s/Msamples
         374000   -102552.9610         4.3      -102483.9730       -68.9880 20m5s/Msamples
         375000   -102556.8916         4.3      -102482.9629       -73.9286 20m5s/Msamples
         376000   -102564.1457         4.3      -102486.9160       -77.2296 20m5s/Msamples
         377000   -102574.1044         4.3      -102492.8626       -81.2418 20m5s/Msamples
         378000   -102568.1300         4.3      -102491.7290       -76.4009 20m5s/Msamples
         379000   -102566.6113         4.3      -102489.8943       -76.7169 20m5s/Msamples
         380000   -102565.3391         4.3      -102484.9340       -80.4051 20m5s/Msamples
         381000   -102560.2829         4.3      -102488.4328       -71.8500 20m6s/Msamples
         382000   -102538.5060         4.3      -102475.6645       -62.8414 20m5s/Msamples
         383000   -102547.5987         4.3      -102484.1667       -63.4320 20m6s/Msamples
         384000   -102561.8156         4.3      -102486.2483       -75.5673 20m6s/Msamples
         385000   -102564.0688         4.3      -102484.8297       -79.2391 20m6s/Msamples
         386000   -102567.9108         4.3      -102491.5847       -76.3261 20m6s/Msamples
         387000   -102561.6523         4.3      -102489.7574       -71.8949 20m6s/Msamples
         388000   -102568.9960         4.3      -102491.2815       -77.7145 20m6s/Msamples
         389000   -102568.0941         4.4      -102487.3389       -80.7552 20m6s/Msamples
         390000   -102571.0245         4.4      -102494.8567       -76.1678 20m6s/Msamples
         391000   -102572.6520         4.4      -102497.3293       -75.3227 20m6s/Msamples
         392000   -102580.3608         4.4      -102503.4051       -76.9557 20m6s/Msamples
         393000   -102586.3996         4.5      -102511.0453       -75.3542 20m6s/Msamples
         394000   -102571.0907         4.5      -102494.1400       -76.9507 20m6s/Msamples
         395000   -102573.1158         4.5      -102495.7727       -77.3430 20m6s/Msamples
         396000   -102553.5091         4.5      -102483.6382       -69.8709 20m6s/Msamples
         397000   -102556.9892         4.5      -102488.2055       -68.7836 20m6s/Msamples
         398000   -102547.4024         4.5      -102479.5045       -67.8979 20m6s/Msamples
         399000   -102551.2301         4.5      -102484.5360       -66.6940 20m6s/Msamples
         400000   -102539.9491         4.5      -102476.9889       -62.9601 20m6s/Msamples
         401000   -102549.2339         4.5      -102482.2320       -67.0018 20m6s/Msamples
         402000   -102564.0184         4.5      -102494.6137       -69.4046 20m6s/Msamples
         403000   -102561.9192         4.5      -102491.2613       -70.6578 20m7s/Msamples
         404000   -102559.8511         4.5      -102491.3921       -68.4589 20m7s/Msamples
         405000   -102555.2862         4.5      -102490.2950       -64.9911 20m7s/Msamples
         406000   -102538.2827         4.5      -102476.9677       -61.3149 20m7s/Msamples
         407000   -102546.1290         4.5      -102480.7112       -65.4177 20m8s/Msamples
         408000   -102543.2000         4.5      -102478.9568       -64.2431 20m7s/Msamples
         409000   -102552.9506         4.5      -102488.8878       -64.0627 20m7s/Msamples
         410000   -102566.7984         4.5      -102495.7562       -71.0421 20m7s/Msamples
         411000   -102551.9468         4.5      -102485.1044       -66.8423 20m8s/Msamples
         412000   -102548.8595         4.5      -102485.2257       -63.6337 20m8s/Msamples
         413000   -102542.7576         4.5      -102475.3392       -67.4184 20m7s/Msamples
         414000   -102548.7226         4.5      -102484.2217       -64.5008 20m7s/Msamples
         415000   -102552.9300         4.5      -102487.5694       -65.3606 20m7s/Msamples
         416000   -102547.9832         4.4      -102484.6987       -63.2845 20m7s/Msamples
         417000   -102561.8512         4.4      -102493.8582       -67.9929 20m7s/Msamples
         418000   -102559.1826         4.4      -102492.0748       -67.1078 20m6s/Msamples
         419000   -102560.8355         4.5      -102491.1620       -69.6735 20m6s/Msamples
         420000   -102559.0168         4.5      -102496.3196       -62.6971 20m6s/Msamples
         421000   -102562.0131         4.5      -102493.1651       -68.8479 20m6s/Msamples
         422000   -102554.0752         4.5      -102490.8398       -63.2354 20m6s/Msamples
         423000   -102567.1457         4.5      -102493.7562       -73.3894 20m6s/Msamples
         424000   -102563.9422         4.5      -102497.2907       -66.6514 20m6s/Msamples
         425000   -102562.7974         4.5      -102491.7978       -70.9995 20m6s/Msamples
         426000   -102546.9838         4.5      -102480.4435       -66.5403 20m6s/Msamples
         427000   -102562.6091         4.5      -102487.3658       -75.2432 20m6s/Msamples
         428000   -102555.6304         4.5      -102485.9112       -69.7191 20m6s/Msamples
         429000   -102556.5475         4.5      -102488.4285       -68.1189 20m7s/Msamples
         430000   -102565.8970         4.5      -102490.8059       -75.0911 20m7s/Msamples
         431000   -102548.7995         4.5      -102484.3910       -64.4084 20m7s/Msamples
         432000   -102549.9861         4.5      -102482.9106       -67.0754 20m6s/Msamples
         433000   -102547.2532         4.5      -102481.4320       -65.8212 20m7s/Msamples
         434000   -102536.1937         4.5      -102475.4728       -60.7209 20m7s/Msamples
         435000   -102533.7367         4.5      -102476.3838       -57.3529 20m6s/Msamples
         436000   -102555.5141         4.5      -102488.4834       -67.0307 20m6s/Msamples
         437000   -102558.6813         4.5      -102491.5359       -67.1453 20m7s/Msamples
         438000   -102557.8748         4.5      -102491.7707       -66.1040 20m7s/Msamples
         439000   -102560.3221         4.5      -102492.4001       -67.9220 20m7s/Msamples
         440000   -102558.5215         4.5      -102488.4672       -70.0543 20m7s/Msamples
         441000   -102563.0610         4.5      -102495.9141       -67.1468 20m7s/Msamples
         442000   -102544.0888         4.5      -102479.8768       -64.2119 20m6s/Msamples
         443000   -102559.4404         4.5      -102488.1117       -71.3287 20m6s/Msamples
         444000   -102561.4308         4.5      -102480.2652       -81.1655 20m6s/Msamples
         445000   -102561.3649         4.5      -102482.3096       -79.0553 20m6s/Msamples
         446000   -102554.8938         4.5      -102487.9361       -66.9576 20m6s/Msamples
         447000   -102552.8938         4.5      -102481.7819       -71.1118 20m7s/Msamples
         448000   -102551.8497         4.5      -102482.6499       -69.1998 20m7s/Msamples
         449000   -102542.8561         4.5      -102478.2178       -64.6383 20m7s/Msamples
         450000   -102535.5419         4.5      -102472.6710       -62.8708 20m6s/Msamples
         451000   -102547.3857         4.5      -102479.8448       -67.5408 20m6s/Msamples
         452000   -102559.1724         4.5      -102489.6483       -69.5240 20m7s/Msamples
         453000   -102552.0241         4.5      -102483.2797       -68.7444 20m7s/Msamples
         454000   -102556.1872         4.5      -102478.9324       -77.2547 20m7s/Msamples
         455000   -102544.0201         4.5      -102478.1772       -65.8428 20m7s/Msamples
         456000   -102552.6818         4.5      -102486.3215       -66.3603 20m7s/Msamples
         457000   -102533.1718         4.5      -102469.4901       -63.6816 20m7s/Msamples
         458000   -102522.5179         4.5      -102468.4860       -54.0319 20m7s/Msamples
         459000   -102525.9436         4.5      -102474.4524       -51.4911 20m6s/Msamples
         460000   -102529.6075         4.5      -102476.4082       -53.1993 20m6s/Msamples
         461000   -102543.3545         4.5      -102486.4134       -56.9411 20m6s/Msamples
         462000   -102531.2778         4.5      -102475.2507       -56.0270 20m6s/Msamples
         463000   -102537.9258         4.5      -102478.9703       -58.9555 20m7s/Msamples
         464000   -102540.2961         4.4      -102479.2284       -61.0676 20m7s/Msamples
         465000   -102535.8836         4.4      -102480.1919       -55.6916 20m7s/Msamples
         466000   -102544.8109         4.4      -102482.6810       -62.1299 20m7s/Msamples
         467000   -102541.8431         4.4      -102479.9452       -61.8979 20m7s/Msamples
         468000   -102531.3653         4.4      -102473.5660       -57.7993 20m7s/Msamples
         469000   -102534.9756         4.4      -102476.3813       -58.5942 20m7s/Msamples
         470000   -102550.3516         4.4      -102488.4545       -61.8970 20m7s/Msamples
         471000   -102552.5089         4.4      -102488.8850       -63.6238 20m7s/Msamples
         472000   -102537.3159         4.4      -102484.5447       -52.7712 20m7s/Msamples
         473000   -102539.9433         4.4      -102485.3465       -54.5967 20m7s/Msamples
         474000   -102553.0558         4.4      -102494.6807       -58.3750 20m7s/Msamples
         475000   -102543.9183         4.4      -102486.3979       -57.5203 20m7s/Msamples
         476000   -102543.1280         4.4      -102485.4705       -57.6574 20m7s/Msamples
         477000   -102545.7598         4.4      -102479.6313       -66.1284 20m7s/Msamples
         478000   -102547.3963         4.4      -102480.6562       -66.7400 20m7s/Msamples
         479000   -102547.1548         4.4      -102479.9403       -67.2145 20m7s/Msamples
         480000   -102546.6139         4.4      -102482.1578       -64.4561 20m7s/Msamples
         481000   -102560.7340         4.4      -102485.1222       -75.6117 20m7s/Msamples
         482000   -102547.1565         4.4      -102484.6016       -62.5548 20m7s/Msamples
         483000   -102549.3863         4.4      -102485.6174       -63.7688 20m7s/Msamples
         484000   -102553.7843         4.4      -102483.3677       -70.4166 20m7s/Msamples
         485000   -102549.3676         4.4      -102476.8118       -72.5558 20m7s/Msamples
         486000   -102554.4241         4.4      -102483.0915       -71.3326 20m7s/Msamples
         487000   -102554.0540         4.4      -102486.2086       -67.8453 20m7s/Msamples
         488000   -102559.5803         4.4      -102484.6183       -74.9620 20m7s/Msamples
         489000   -102555.0002         4.4      -102483.5981       -71.4020 20m7s/Msamples
         490000   -102568.0029         4.5      -102491.7584       -76.2445 20m8s/Msamples
         491000   -102573.7602         4.5      -102498.3556       -75.4046 20m8s/Msamples
         492000   -102567.2468         4.5      -102491.9050       -75.3417 20m8s/Msamples
         493000   -102548.8090         4.5      -102483.6224       -65.1865 20m8s/Msamples
         494000   -102540.8148         4.5      -102479.8330       -60.9817 20m8s/Msamples
         495000   -102534.9034         4.5      -102479.2929       -55.6104 20m8s/Msamples
         496000   -102550.9822         4.5      -102486.7526       -64.2295 20m8s/Msamples
         497000   -102544.5287         4.5      -102481.0211       -63.5075 20m8s/Msamples
         498000   -102543.1354         4.5      -102483.3810       -59.7544 20m8s/Msamples
         499000   -102551.7735         4.5      -102480.6743       -71.0992 20m8s/Msamples
         500000   -102547.4276         4.5      -102486.7070       -60.7205 20m8s/Msamples
         501000   -102557.1220         4.5      -102492.3755       -64.7464 20m8s/Msamples
         502000   -102538.4714         4.5      -102472.7217       -65.7497 20m8s/Msamples
         503000   -102530.6337         4.5      -102473.1739       -57.4598 20m8s/Msamples
         504000   -102527.1079         4.5      -102462.8195       -64.2884 20m8s/Msamples
         505000   -102535.3688         4.5      -102469.3045       -66.0642 20m8s/Msamples
         506000   -102536.3638         4.5      -102471.3155       -65.0482 20m8s/Msamples
         507000   -102547.2866         4.5      -102479.1597       -68.1269 20m8s/Msamples
         508000   -102531.2181         4.5      -102472.2620       -58.9560 20m8s/Msamples
         509000   -102541.9146         4.6      -102480.7149       -61.1996 20m8s/Msamples
         510000   -102545.4424         4.6      -102480.1438       -65.2986 20m8s/Msamples
         511000   -102541.6742         4.6      -102479.5111       -62.1630 20m8s/Msamples
         512000   -102553.9391         4.6      -102482.6515       -71.2875 20m7s/Msamples
         513000   -102540.3117         4.6      -102480.8088       -59.5029 20m7s/Msamples
         514000   -102535.4808         4.6      -102475.4894       -59.9913 20m7s/Msamples
         515000   -102543.5975         4.6      -102477.2496       -66.3478 20m7s/Msamples
         516000   -102536.1348         4.6      -102478.1098       -58.0249 20m7s/Msamples
         517000   -102534.5716         4.6      -102475.7265       -58.8450 20m7s/Msamples
         518000   -102529.6791         4.6      -102469.7916       -59.8874 20m7s/Msamples
         519000   -102536.0746         4.6      -102474.0546       -62.0199 20m7s/Msamples
         520000   -102527.3799         4.6      -102466.1472       -61.2326 20m7s/Msamples
         521000   -102553.1594         4.6      -102485.9790       -67.1803 20m7s/Msamples
         522000   -102550.8488         4.6      -102476.4045       -74.4443 20m7s/Msamples
         523000   -102549.9785         4.6      -102472.8125       -77.1660 20m7s/Msamples
         524000   -102548.7096         4.6      -102477.6950       -71.0146 20m7s/Msamples
         525000   -102550.6550         4.7      -102479.8835       -70.7715 20m7s/Msamples
         526000   -102544.6242         4.7      -102478.3100       -66.3141 20m8s/Msamples
         527000   -102564.3275         4.7      -102488.3559       -75.9715 20m8s/Msamples
         528000   -102556.2495         4.7      -102488.0132       -68.2363 20m8s/Msamples
         529000   -102542.6810         4.7      -102479.6810       -63.0000 20m8s/Msamples
         530000   -102558.2720         4.7      -102485.9363       -72.3357 20m8s/Msamples
         531000   -102561.7672         4.7      -102489.7335       -72.0337 20m8s/Msamples
         532000   -102562.5913         4.7      -102487.6497       -74.9416 20m8s/Msamples
         533000   -102568.5822         4.7      -102490.8769       -77.7053 20m8s/Msamples
         534000   -102557.1105         4.8      -102482.5708       -74.5396 20m8s/Msamples
         535000   -102552.2198         4.8      -102477.2667       -74.9531 20m8s/Msamples
         536000   -102545.6039         4.8      -102473.1417       -72.4622 20m8s/Msamples
         537000   -102554.7047         4.8      -102480.7276       -73.9771 20m8s/Msamples
         538000   -102549.6768         4.8      -102473.3613       -76.3154 20m8s/Msamples
         539000   -102548.7844         4.8      -102471.6421       -77.1422 20m8s/Msamples
         540000   -102548.1980         4.8      -102470.0134       -78.1845 20m8s/Msamples
         541000   -102545.4302         4.8      -102466.8482       -78.5820 20m8s/Msamples
         542000   -102558.6168         4.8      -102478.8585       -79.7582 20m8s/Msamples
         543000   -102567.4369         4.8      -102479.2775       -88.1593 20m8s/Msamples
         544000   -102567.2491         4.8      -102483.4137       -83.8353 20m7s/Msamples
         545000   -102557.6586         4.9      -102486.0029       -71.6557 20m7s/Msamples
         546000   -102560.8718         4.9      -102484.4287       -76.4431 20m7s/Msamples
         547000   -102561.0812         4.9      -102489.2327       -71.8484 20m7s/Msamples
         548000   -102559.5692         4.9      -102480.1719       -79.3972 20m7s/Msamples
         549000   -102573.2689         4.9      -102497.3596       -75.9092 20m7s/Msamples
         550000   -102576.8184         5.0      -102498.2089       -78.6095 20m7s/Msamples
         551000   -102570.7900         5.0      -102493.3417       -77.4482 20m7s/Msamples
         552000   -102577.2052         5.0      -102493.2434       -83.9618 20m7s/Msamples
         553000   -102559.4686         5.0      -102477.1974       -82.2711 20m7s/Msamples
         554000   -102573.1868         5.0      -102491.7095       -81.4773 20m7s/Msamples
         555000   -102574.6508         5.1      -102492.3045       -82.3463 20m8s/Msamples
         556000   -102568.1846         5.1      -102488.5380       -79.6465 20m8s/Msamples
         557000   -102559.6989         5.1      -102483.8056       -75.8932 20m8s/Msamples
         558000   -102563.2871         5.1      -102484.0850       -79.2021 20m8s/Msamples
         559000   -102564.5210         5.2      -102482.6153       -81.9057 20m8s/Msamples
         560000   -102562.2928         5.2      -102479.2180       -83.0747 20m8s/Msamples
         561000   -102559.4510         5.2      -102478.8781       -80.5729 20m8s/Msamples
         562000   -102565.7670         5.2      -102484.4749       -81.2921 20m8s/Msamples
         563000   -102568.8353         5.2      -102485.8266       -83.0086 20m8s/Msamples
         564000   -102565.6895         5.2      -102484.5634       -81.1261 20m8s/Msamples
         565000   -102554.0460         5.2      -102475.3435       -78.7024 20m7s/Msamples
         566000   -102556.7785         5.2      -102475.1223       -81.6562 20m7s/Msamples
         567000   -102557.8199         5.2      -102472.9785       -84.8414 20m7s/Msamples
         568000   -102562.3723         5.3      -102482.2343       -80.1379 20m7s/Msamples
         569000   -102567.4374         5.3      -102477.9626       -89.4747 20m7s/Msamples
         570000   -102564.8815         5.3      -102483.1929       -81.6886 20m8s/Msamples
         571000   -102565.1984         5.3      -102486.3409       -78.8574 20m8s/Msamples
         572000   -102553.0216         5.3      -102473.1963       -79.8253 20m7s/Msamples
         573000   -102563.3259         5.3      -102480.9022       -82.4237 20m7s/Msamples
         574000   -102565.3210         5.4      -102482.0861       -83.2349 20m7s/Msamples
         575000   -102560.1155         5.4      -102476.9119       -83.2036 20m7s/Msamples
         576000   -102560.4366         5.4      -102480.5944       -79.8422 20m8s/Msamples
         577000   -102560.0125         5.4      -102476.7028       -83.3097 20m8s/Msamples
         578000   -102556.7192         5.4      -102477.3319       -79.3872 20m8s/Msamples
         579000   -102556.5775         5.4      -102478.6225       -77.9549 20m8s/Msamples
         580000   -102557.5244         5.4      -102476.9262       -80.5982 20m8s/Msamples
         581000   -102553.5747         5.4      -102474.1669       -79.4078 20m8s/Msamples
         582000   -102572.4929         5.5      -102485.5916       -86.9013 20m7s/Msamples
         583000   -102579.2815         5.5      -102489.7966       -89.4848 20m7s/Msamples
         584000   -102559.7976         5.5      -102478.7298       -81.0677 20m7s/Msamples
         585000   -102559.4879         5.5      -102488.1158       -71.3720 20m8s/Msamples
         586000   -102555.7543         5.5      -102484.4638       -71.2905 20m7s/Msamples
         587000   -102557.8514         5.5      -102484.8380       -73.0133 20m7s/Msamples
         588000   -102568.8685         5.6      -102484.2233       -84.6451 20m7s/Msamples
         589000   -102582.0342         5.6      -102494.0618       -87.9724 20m7s/Msamples
         590000   -102572.9351         5.7      -102487.0907       -85.8444 20m7s/Msamples
         591000   -102580.8492         5.7      -102491.2191       -89.6301 20m7s/Msamples
         592000   -102584.8345         5.8      -102491.9353       -92.8992 20m7s/Msamples
         593000   -102576.7497         5.8      -102484.6407       -92.1089 20m7s/Msamples
         594000   -102556.3558         5.8      -102475.0006       -81.3552 20m7s/Msamples
         595000   -102562.2815         5.8      -102482.1046       -80.1768 20m7s/Msamples
         596000   -102566.5105         5.8      -102481.6291       -84.8814 20m7s/Msamples
         597000   -102573.8347         5.9      -102488.6952       -85.1395 20m7s/Msamples
         598000   -102577.0112         5.9      -102489.9874       -87.0238 20m7s/Msamples
         599000   -102575.8599         6.0      -102485.1839       -90.6759 20m7s/Msamples
         600000   -102580.7565         6.0      -102488.9100       -91.8464 20m7s/Msamples
         601000   -102566.8200         6.0      -102481.3618       -85.4582 20m7s/Msamples
         602000   -102575.5024         6.0      -102485.8028       -89.6996 20m7s/Msamples
         603000   -102568.9292         6.1      -102481.5811       -87.3481 20m7s/Msamples
         604000   -102574.7299         6.1      -102491.3056       -83.4242 20m7s/Msamples
         605000   -102568.4126         6.1      -102487.6291       -80.7834 20m7s/Msamples
         606000   -102574.0870         6.1      -102491.0585       -83.0285 20m7s/Msamples
         607000   -102567.9028         6.2      -102487.9695       -79.9333 20m7s/Msamples
         608000   -102565.2556         6.2      -102481.8222       -83.4333 20m7s/Msamples
         609000   -102568.9355         6.3      -102485.7354       -83.2001 20m7s/Msamples
         610000   -102566.2268         6.3      -102486.7840       -79.4428 20m7s/Msamples
         611000   -102572.5842         6.3      -102491.3027       -81.2814 20m7s/Msamples
         612000   -102567.3435         6.3      -102489.0252       -78.3183 20m7s/Msamples
         613000   -102563.4935         6.3      -102484.5850       -78.9085 20m7s/Msamples
         614000   -102566.1501         6.3      -102484.1076       -82.0425 20m7s/Msamples
         615000   -102566.6369         6.4      -102486.8266       -79.8102 20m7s/Msamples
         616000   -102566.7315         6.4      -102482.0854       -84.6460 20m7s/Msamples
         617000   -102569.6345         6.4      -102488.1858       -81.4487 20m7s/Msamples
         618000   -102555.4778         6.4      -102477.9091       -77.5686 20m7s/Msamples
         619000   -102559.9858         6.5      -102480.2821       -79.7037 20m7s/Msamples
         620000   -102556.2574         6.5      -102476.5694       -79.6880 20m7s/Msamples
         621000   -102554.7024         6.5      -102475.0006       -79.7017 20m7s/Msamples
         622000   -102553.0130         6.5      -102475.0032       -78.0097 20m7s/Msamples
         623000   -102546.5670         6.5      -102475.0510       -71.5159 20m7s/Msamples
         624000   -102553.5432         6.5      -102472.1326       -81.4106 20m7s/Msamples
         625000   -102561.7455         6.5      -102480.8014       -80.9441 20m7s/Msamples
         626000   -102557.1030         6.6      -102480.2442       -76.8587 20m7s/Msamples
         627000   -102555.5191         6.6      -102479.2427       -76.2763 20m7s/Msamples
         628000   -102549.7207         6.6      -102474.7526       -74.9680 20m7s/Msamples
         629000   -102556.9053         6.6      -102482.9390       -73.9663 20m7s/Msamples
         630000   -102570.4438         6.7      -102492.8038       -77.6399 20m6s/Msamples
         631000   -102561.8608         6.7      -102482.7532       -79.1075 20m6s/Msamples
         632000   -102544.8815         6.7      -102469.8452       -75.0362 20m6s/Msamples
         633000   -102561.5051         6.7      -102476.4324       -85.0727 20m6s/Msamples
         634000   -102571.6569         6.7      -102487.4892       -84.1676 20m6s/Msamples
         635000   -102564.9115         6.7      -102480.5025       -84.4089 20m6s/Msamples
         636000   -102548.4329         6.7      -102474.3556       -74.0772 20m6s/Msamples
         637000   -102556.7604         6.8      -102483.6838       -73.0765 20m6s/Msamples
         638000   -102559.0789         6.8      -102481.8636       -77.2152 20m6s/Msamples
         639000   -102557.1949         6.9      -102481.3511       -75.8438 20m6s/Msamples
         640000   -102569.6567         6.9      -102491.5362       -78.1205 20m6s/Msamples
         641000   -102556.4105         6.9      -102485.3767       -71.0337 20m6s/Msamples
         642000   -102564.3690         6.9      -102489.4261       -74.9429 20m6s/Msamples
         643000   -102561.4979         6.9      -102488.0315       -73.4664 20m6s/Msamples
         644000   -102561.7743         6.9      -102486.7609       -75.0133 20m6s/Msamples
         645000   -102562.3987         6.9      -102487.7075       -74.6911 20m6s/Msamples
         646000   -102565.6965         7.0      -102489.9935       -75.7030 20m6s/Msamples
         647000   -102568.5335         7.0      -102492.1100       -76.4235 20m6s/Msamples
         648000   -102565.7188         7.0      -102485.3639       -80.3548 20m6s/Msamples
         649000   -102550.7651         7.1      -102479.9385       -70.8265 20m6s/Msamples
         650000   -102558.0055         7.1      -102483.3143       -74.6912 20m6s/Msamples
         651000   -102557.5002         7.1      -102482.2587       -75.2415 20m6s/Msamples
         652000   -102557.2650         7.1      -102482.6679       -74.5970 20m6s/Msamples
         653000   -102560.4755         7.1      -102483.7205       -76.7550 20m6s/Msamples
         654000   -102555.8168         7.2      -102478.3212       -77.4955 20m5s/Msamples
         655000   -102555.6747         7.2      -102483.8428       -71.8319 20m5s/Msamples
         656000   -102568.2727         7.2      -102490.6458       -77.6269 20m5s/Msamples
         657000   -102579.4791         7.2      -102504.6660       -74.8130 20m5s/Msamples
         658000   -102562.3674         7.2      -102491.3513       -71.0161 20m5s/Msamples
         659000   -102560.7260         7.3      -102486.7319       -73.9940 20m5s/Msamples
         660000   -102558.5443         7.3      -102486.9121       -71.6321 20m5s/Msamples
         661000   -102563.8921         7.4      -102496.8831       -67.0090 20m5s/Msamples
         662000   -102559.6967         7.4      -102495.4608       -64.2359 20m5s/Msamples
         663000   -102556.8791         7.4      -102490.9626       -65.9164 20m4s/Msamples
         664000   -102572.6225         7.4      -102494.1553       -78.4671 20m4s/Msamples
         665000   -102565.7270         7.4      -102491.1632       -74.5637 20m4s/Msamples
         666000   -102586.5368         7.5      -102504.7617       -81.7750 20m4s/Msamples
         667000   -102575.5345         7.5      -102500.1770       -75.3574 20m4s/Msamples
         668000   -102561.5923         7.5      -102492.5069       -69.0854 20m4s/Msamples
         669000   -102570.9118         7.6      -102498.5648       -72.3469 20m4s/Msamples
         670000   -102571.6479         7.6      -102498.2919       -73.3559 20m4s/Msamples
         671000   -102572.6285         7.7      -102496.5353       -76.0932 20m4s/Msamples
         672000   -102576.9303         7.7      -102499.3770       -77.5532 20m4s/Msamples
         673000   -102574.6619         7.7      -102497.0613       -77.6006 20m4s/Msamples
         674000   -102574.0762         7.7      -102498.1358       -75.9404 20m4s/Msamples
         675000   -102565.1541         7.7      -102493.1033       -72.0508 20m4s/Msamples
         676000   -102565.0007         7.7      -102493.2679       -71.7327 20m4s/Msamples
         677000   -102574.4347         7.8      -102497.6736       -76.7611 20m4s/Msamples
         678000   -102570.0764         7.8      -102493.6613       -76.4151 20m4s/Msamples
         679000   -102561.7325         7.9      -102492.8320       -68.9004 20m4s/Msamples
         680000   -102560.8695         7.9      -102489.2751       -71.5944 20m4s/Msamples
         681000   -102562.7460         7.9      -102488.9981       -73.7479 20m4s/Msamples
         682000   -102567.4077         7.9      -102489.6235       -77.7841 20m4s/Msamples
         683000   -102569.1633         7.9      -102487.6046       -81.5587 20m4s/Msamples
         684000   -102562.5717         8.0      -102486.9630       -75.6087 20m4s/Msamples
         685000   -102570.5022         8.0      -102488.2480       -82.2541 20m4s/Msamples
         686000   -102551.7085         8.0      -102476.5561       -75.1523 20m4s/Msamples
         687000   -102560.3728         8.0      -102477.9013       -82.4715 20m4s/Msamples
         688000   -102571.5711         8.0      -102487.2764       -84.2946 20m4s/Msamples
         689000   -102565.0013         8.1      -102485.4951       -79.5061 20m4s/Msamples
         690000   -102565.2364         8.1      -102491.6738       -73.5626 20m4s/Msamples
         691000   -102568.2363         8.2      -102489.0117       -79.2246 20m4s/Msamples
         692000   -102554.3157         8.2      -102477.4047       -76.9109 20m4s/Msamples
         693000   -102544.3509         8.2      -102471.8771       -72.4738 20m3s/Msamples
         694000   -102552.6661         8.3      -102479.6063       -73.0598 20m3s/Msamples
         695000   -102549.6749         8.3      -102476.8895       -72.7853 20m3s/Msamples
         696000   -102546.0172         8.3      -102473.6129       -72.4042 20m3s/Msamples
         697000   -102541.6150         8.4      -102471.5152       -70.0997 20m3s/Msamples
         698000   -102549.1669         8.4      -102475.7322       -73.4347 20m3s/Msamples
         699000   -102557.2775         8.6      -102479.3454       -77.9320 20m3s/Msamples
         700000   -102550.0485         8.6      -102473.1163       -76.9321 20m3s/Msamples
         701000   -102549.5614         8.7      -102481.6311       -67.9303 20m3s/Msamples
         702000   -102546.5994         8.7      -102478.7358       -67.8636 20m3s/Msamples
         703000   -102556.2134         8.7      -102480.8902       -75.3231 20m3s/Msamples
         704000   -102551.6275         8.8      -102479.9946       -71.6329 20m3s/Msamples
         705000   -102541.6443         8.8      -102477.0212       -64.6231 20m3s/Msamples
         706000   -102549.3739         8.9      -102479.2507       -70.1231 20m3s/Msamples
         707000   -102548.9068         8.9      -102479.7699       -69.1369 20m3s/Msamples
         708000   -102539.3215         9.0      -102469.6671       -69.6543 20m3s/Msamples
         709000   -102545.9548         9.2      -102482.2958       -63.6590 20m3s/Msamples
         710000   -102533.5671         9.3      -102473.2124       -60.3546 20m3s/Msamples
         711000   -102545.3615         9.3      -102477.0051       -68.3563 20m3s/Msamples
         712000   -102550.3873         9.3      -102482.5735       -67.8137 20m3s/Msamples
         713000   -102550.7591         9.4      -102478.5814       -72.1776 20m3s/Msamples
         714000   -102560.8411         9.4      -102490.8461       -69.9950 20m3s/Msamples
         715000   -102569.0582         9.4      -102493.9901       -75.0681 20m3s/Msamples
         716000   -102544.3537         9.5      -102475.9869       -68.3668 20m2s/Msamples
         717000   -102545.5619         9.5      -102479.2870       -66.2749 20m2s/Msamples
         718000   -102537.7623         9.6      -102475.9314       -61.8309 20m2s/Msamples
         719000   -102543.7722         9.8      -102476.9533       -66.8189 20m2s/Msamples
         720000   -102541.3962         9.9      -102481.2746       -60.1215 20m2s/Msamples
         721000   -102530.2869        10.5      -102471.5246       -58.7623 20m2s/Msamples
         722000   -102553.5349        10.6      -102486.0121       -67.5227 20m2s/Msamples
         723000   -102539.9474        10.6      -102476.9240       -63.0234 20m2s/Msamples
         724000   -102544.7270        10.6      -102475.4744       -69.2525 20m2s/Msamples
         725000   -102528.1875        10.7      -102465.0999       -63.0875 20m2s/Msamples
         726000   -102533.4266        10.8      -102472.6404       -60.7861 20m2s/Msamples
         727000   -102532.8570        10.9      -102470.2569       -62.6000 20m2s/Msamples
         728000   -102531.8374        10.9      -102474.2095       -57.6278 20m2s/Msamples
         729000   -102536.4844        11.1      -102473.4523       -63.0321 20m2s/Msamples
         730000   -102549.7956        11.1      -102484.3581       -65.4375 20m2s/Msamples
         731000   -102552.6315        11.1      -102487.0256       -65.6058 20m2s/Msamples
         732000   -102551.7302        11.1      -102480.9596       -70.7705 20m2s/Msamples
         733000   -102542.2631        11.2      -102485.3768       -56.8863 20m2s/Msamples
         734000   -102547.9746        11.2      -102484.9623       -63.0122 20m2s/Msamples
         735000   -102545.3666        11.2      -102483.4235       -61.9431 20m2s/Msamples
         736000   -102552.8113        11.2      -102485.9433       -66.8680 20m1s/Msamples
         737000   -102559.1125        11.2      -102489.8181       -69.2944 20m1s/Msamples
         738000   -102556.6513        11.3      -102487.4066       -69.2446 20m1s/Msamples
         739000   -102560.8915        11.4      -102489.0903       -71.8012 20m1s/Msamples
         740000   -102561.1336        11.4      -102488.6677       -72.4658 20m1s/Msamples
         741000   -102550.6973        11.4      -102483.0220       -67.6752 20m1s/Msamples
         742000   -102556.9175        11.4      -102486.5513       -70.3662 20m1s/Msamples
         743000   -102544.0489        11.5      -102480.6259       -63.4230 20m1s/Msamples
         744000   -102545.3590        11.5      -102480.5335       -64.8254 20m1s/Msamples
         745000   -102547.0444        11.5      -102476.0300       -71.0143 20m1s/Msamples
         746000   -102534.6487        11.6      -102474.2294       -60.4193 20m1s/Msamples
         747000   -102535.1024        11.6      -102471.6830       -63.4194 20m1s/Msamples
         748000   -102530.1893        11.7      -102470.9629       -59.2263 20m1s/Msamples
         749000   -102539.5536        11.8      -102482.1710       -57.3825 20m1s/Msamples
         750000   -102540.5501        11.8      -102477.4449       -63.1052 20m1s/Msamples
         751000   -102547.0590        11.8      -102482.6984       -64.3605 20m1s/Msamples
         752000   -102546.9715        11.9      -102486.8610       -60.1104 20m1s/Msamples
         753000   -102536.8086        11.9      -102478.0757       -58.7329 20m1s/Msamples
         754000   -102542.1771        11.9      -102479.4795       -62.6976 20m1s/Msamples
         755000   -102543.9738        11.9      -102479.7891       -64.1846 20m1s/Msamples
         756000   -102543.1734        11.9      -102478.1185       -65.0549 20m1s/Msamples
         757000   -102540.0992        12.0      -102478.4446       -61.6546 20m1s/Msamples
         758000   -102557.6703        12.0      -102486.4368       -71.2335 20m1s/Msamples
         759000   -102538.8351        12.1      -102477.6466       -61.1885 20m1s/Msamples
         760000   -102542.3619        12.1      -102483.0694       -59.2924 20m1s/Msamples
         761000   -102545.3782        12.1      -102479.2209       -66.1572 20m1s/Msamples
         762000   -102548.9802        12.2      -102486.2803       -62.6999 20m1s/Msamples
         763000   -102545.9457        12.2      -102487.7943       -58.1513 20m0s/Msamples
         764000   -102553.6480        12.2      -102490.7024       -62.9455 20m0s/Msamples
         765000   -102552.0917        12.2      -102485.9045       -66.1871 20m0s/Msamples
         766000   -102549.6294        12.2      -102487.2161       -62.4132 20m0s/Msamples
         767000   -102551.0465        12.2      -102483.4534       -67.5930 20m0s/Msamples
         768000   -102537.8101        12.2      -102476.7276       -61.0824 20m0s/Msamples
         769000   -102539.1632        12.6      -102476.8870       -62.2762 20m0s/Msamples
         770000   -102539.1289        12.6      -102477.5698       -61.5590 20m0s/Msamples
         771000   -102552.5053        12.6      -102486.5956       -65.9096 20m0s/Msamples
         772000   -102556.1048        12.6      -102489.6990       -66.4058 20m0s/Msamples
         773000   -102556.3040        12.6      -102488.3540       -67.9499 20m0s/Msamples
         774000   -102548.4337        12.6      -102478.4763       -69.9573 20m0s/Msamples
         775000   -102540.0132        12.6      -102477.4896       -62.5236 20m0s/Msamples
         776000   -102543.9935        12.6      -102477.1584       -66.8351 20m0s/Msamples
         777000   -102565.2829        12.7      -102489.1627       -76.1202 20m0s/Msamples
         778000   -102559.0675        12.7      -102483.3701       -75.6973 20m0s/Msamples
         779000   -102563.7334        12.8      -102486.9644       -76.7689 20m0s/Msamples
         780000   -102557.8067        12.8      -102486.1742       -71.6325 20m0s/Msamples
         781000   -102552.7534        12.8      -102481.4250       -71.3283 20m0s/Msamples
         782000   -102556.5338        12.8      -102488.1035       -68.4303 20m0s/Msamples
         783000   -102563.3145        12.9      -102490.4484       -72.8661 20m0s/Msamples
         784000   -102555.3426        12.9      -102479.0760       -76.2666 20m0s/Msamples
         785000   -102555.7327        12.9      -102478.7912       -76.9414 20m0s/Msamples
         786000   -102573.5238        12.9      -102485.9289       -87.5948 20m0s/Msamples
         787000   -102573.6787        13.0      -102493.4505       -80.2281 20m0s/Msamples
         788000   -102559.4239        13.1      -102486.1325       -73.2913 20m0s/Msamples
         789000   -102557.3461        13.2      -102488.3472       -68.9989 20m0s/Msamples
         790000   -102546.2626        13.1      -102480.0927       -66.1698 20m0s/Msamples
         791000   -102558.1398        13.2      -102491.6209       -66.5188 20m0s/Msamples
         792000   -102564.3972        13.2      -102491.7220       -72.6751 20m0s/Msamples
         793000   -102554.5920        13.2      -102484.6317       -69.9602 20m0s/Msamples
         794000   -102555.8571        13.2      -102483.1072       -72.7498 20m0s/Msamples
         795000   -102552.9766        13.2      -102483.7813       -69.1953 20m0s/Msamples
         796000   -102549.6336        13.2      -102476.4179       -73.2157 20m0s/Msamples
         797000   -102547.8362        13.2      -102471.8419       -75.9943 20m0s/Msamples
         798000   -102540.3047        13.2      -102469.9505       -70.3542 20m0s/Msamples
         799000   -102546.6699        13.3      -102476.8811       -69.7887 20m0s/Msamples
         800000   -102561.5986        13.3      -102488.8847       -72.7138 20m0s/Msamples
         801000   -102552.0227        13.3      -102480.2207       -71.8020 20m0s/Msamples
         802000   -102554.1234        13.3      -102483.2909       -70.8325 20m0s/Msamples
         803000   -102560.4199        13.3      -102484.7469       -75.6730 20m0s/Msamples
         804000   -102556.5390        13.4      -102480.1543       -76.3847 20m0s/Msamples
         805000   -102576.8788        13.4      -102496.5394       -80.3393 20m0s/Msamples
         806000   -102559.7921        13.5      -102488.3163       -71.4757 20m0s/Msamples
         807000   -102566.1437        13.5      -102486.4721       -79.6716 20m0s/Msamples
         808000   -102553.8370        13.5      -102479.9426       -73.8944 20m0s/Msamples
         809000   -102558.4180        13.6      -102485.0102       -73.4078 20m0s/Msamples
         810000   -102574.3986        13.7      -102494.7273       -79.6713 20m0s/Msamples
         811000   -102559.8929        13.7      -102488.6099       -71.2829 20m0s/Msamples
         812000   -102568.3159        13.8      -102486.0405       -82.2753 20m0s/Msamples
         813000   -102551.6605        13.8      -102475.0803       -76.5802 20m0s/Msamples
         814000   -102550.2899        13.8      -102480.0740       -70.2158 20m0s/Msamples
         815000   -102551.8536        13.8      -102478.0811       -73.7725 20m0s/Msamples
         816000   -102566.5137        13.8      -102487.6202       -78.8935 20m0s/Msamples
         817000   -102571.0812        13.9      -102488.7987       -82.2825 20m0s/Msamples
         818000   -102571.7688        13.9      -102488.1022       -83.6665 20m0s/Msamples
         819000   -102575.8132        14.1      -102489.0918       -86.7214 20m0s/Msamples
         820000   -102571.0393        14.2      -102485.4106       -85.6287 20m0s/Msamples
         821000   -102571.6813        14.2      -102493.7302       -77.9511 20m0s/Msamples
         822000   -102573.0777        14.3      -102493.3495       -79.7282 20m0s/Msamples
         823000   -102573.0942        14.3      -102494.4325       -78.6616 20m1s/Msamples
         824000   -102567.7759        14.4      -102494.1703       -73.6055 20m0s/Msamples
         825000   -102564.2382        14.4      -102481.9397       -82.2985 20m0s/Msamples
         826000   -102579.4602        14.5      -102489.0740       -90.3862 20m0s/Msamples
         827000   -102570.6522        14.5      -102487.3421       -83.3101 20m0s/Msamples
         828000   -102562.1896        14.6      -102481.6641       -80.5254 20m0s/Msamples
         829000   -102559.0249        14.7      -102484.4907       -74.5341 20m0s/Msamples
         830000   -102556.1001        14.7      -102477.6674       -78.4327 20m0s/Msamples
         831000   -102549.7606        14.7      -102475.9244       -73.8361 20m0s/Msamples
         832000   -102554.6730        14.7      -102487.1626       -67.5103 20m0s/Msamples
         833000   -102562.8116        14.8      -102487.3657       -75.4459 20m0s/Msamples
         834000   -102563.2386        14.8      -102485.0715       -78.1671 20m0s/Msamples
         835000   -102568.0055        14.9      -102482.5998       -85.4057 20m0s/Msamples
         836000   -102557.5762        14.8      -102479.8821       -77.6941 20m0s/Msamples
         837000   -102550.7215        14.9      -102476.6855       -74.0359 20m0s/Msamples
         838000   -102550.5266        14.9      -102471.8498       -78.6768 20m0s/Msamples
         839000   -102556.2797        15.1      -102479.9725       -76.3071 20m0s/Msamples
         840000   -102570.5940        15.1      -102489.2975       -81.2965 20m0s/Msamples
         841000   -102570.2928        15.1      -102486.8583       -83.4344 20m0s/Msamples
         842000   -102565.4182        15.2      -102487.2183       -78.1998 20m0s/Msamples
         843000   -102568.0481        15.2      -102488.6219       -79.4262 20m0s/Msamples
         844000   -102565.3538        15.2      -102488.6035       -76.7502 20m0s/Msamples
         845000   -102551.1043        15.2      -102482.6543       -68.4499 20m0s/Msamples
         846000   -102552.8856        15.3      -102488.1797       -64.7059 20m0s/Msamples
         847000   -102557.2201        15.3      -102484.4553       -72.7647 20m0s/Msamples
         848000   -102566.2542        15.3      -102484.6520       -81.6022 20m0s/Msamples
         849000   -102568.1592        15.4      -102483.5268       -84.6324 20m0s/Msamples
         850000   -102557.6268        15.4      -102478.0019       -79.6249 20m0s/Msamples
         851000   -102566.5387        15.5      -102492.4952       -74.0434 20m0s/Msamples
         852000   -102560.5047        15.5      -102490.5829       -69.9218 20m0s/Msamples
         853000   -102563.1435        15.5      -102488.0558       -75.0876 20m0s/Msamples
         854000   -102567.9795        15.5      -102491.5733       -76.4062 20m0s/Msamples
         855000   -102562.2035        15.5      -102488.2957       -73.9077 20m0s/Msamples
         856000   -102559.2447        15.6      -102486.9314       -72.3132 20m0s/Msamples
         857000   -102560.2296        15.6      -102489.9819       -70.2476 20m0s/Msamples
         858000   -102558.4580        15.6      -102484.8756       -73.5823 20m0s/Msamples
         859000   -102548.7326        15.8      -102480.7837       -67.9489 20m0s/Msamples
         860000   -102556.1676        15.8      -102486.9866       -69.1809 20m0s/Msamples
         861000   -102556.6025        15.8      -102488.1064       -68.4961 20m0s/Msamples
         862000   -102556.7729        15.8      -102490.3859       -66.3870 20m0s/Msamples
         863000   -102558.5188        15.8      -102487.0486       -71.4702 20m0s/Msamples
         864000   -102552.6795        15.9      -102479.9168       -72.7627 20m0s/Msamples
         865000   -102551.4775        15.9      -102484.2782       -67.1993 20m0s/Msamples
         866000   -102544.5216        16.0      -102482.6213       -61.9002 20m0s/Msamples
         867000   -102544.7792        16.0      -102479.8829       -64.8962 20m0s/Msamples
         868000   -102533.7648        16.1      -102473.5398       -60.2250 20m0s/Msamples
         869000   -102530.7576        16.4      -102468.4638       -62.2937 20m0s/Msamples
         870000   -102547.1202        16.4      -102482.0398       -65.0803 20m0s/Msamples
         871000   -102552.3704        16.4      -102484.6395       -67.7309 20m0s/Msamples
         872000   -102558.5771        16.4      -102480.9977       -77.5794 20m1s/Msamples
         873000   -102549.6465        16.5      -102477.1212       -72.5252 20m1s/Msamples
         874000   -102546.0937        16.5      -102475.9697       -70.1239 20m1s/Msamples
         875000   -102541.7874        16.6      -102463.9808       -77.8065 20m1s/Msamples
         876000   -102545.3111        16.6      -102473.6104       -71.7006 20m1s/Msamples
         877000   -102545.3863        16.7      -102476.8905       -68.4957 20m1s/Msamples
         878000   -102536.2771        16.8      -102470.4418       -65.8352 20m1s/Msamples
         879000   -102544.5854        16.9      -102469.5207       -75.0647 20m1s/Msamples
         880000   -102551.8496        17.0      -102480.2515       -71.5980 20m1s/Msamples
         881000   -102558.0185        17.0      -102485.0271       -72.9914 20m1s/Msamples
         882000   -102549.9895        17.0      -102480.5231       -69.4663 20m1s/Msamples
         883000   -102554.7673        17.0      -102483.1970       -71.5702 20m1s/Msamples
         884000   -102544.6249        17.1      -102474.8699       -69.7550 20m1s/Msamples
         885000   -102546.3214        17.1      -102478.7986       -67.5227 20m1s/Msamples
         886000   -102547.5957        17.2      -102481.2306       -66.3650 20m1s/Msamples
         887000   -102562.7958        17.2      -102485.7312       -77.0646 20m1s/Msamples
         888000   -102548.0236        17.2      -102476.3133       -71.7103 20m1s/Msamples
         889000   -102564.2162        17.3      -102486.7278       -77.4883 20m1s/Msamples
         890000   -102558.5534        17.4      -102489.2474       -69.3059 20m1s/Msamples
         891000   -102554.5046        17.4      -102484.4336       -70.0710 20m1s/Msamples
         892000   -102539.8635        17.4      -102471.8365       -68.0270 20m1s/Msamples
         893000   -102550.6227        17.5      -102474.0148       -76.6079 20m1s/Msamples
         894000   -102559.3023        17.5      -102479.8995       -79.4028 20m1s/Msamples
         895000   -102568.8950        17.5      -102485.1517       -83.7433 20m1s/Msamples
         896000   -102561.4605        17.5      -102480.3999       -81.0605 20m1s/Msamples
         897000   -102579.8935        17.6      -102491.1616       -88.7319 20m1s/Msamples
         898000   -102571.8549        17.7      -102488.0578       -83.7970 20m1s/Msamples
         899000   -102566.3230        17.8      -102485.8524       -80.4705 20m1s/Msamples
         900000   -102578.7793        17.9      -102488.2741       -90.5051 20m1s/Msamples
         901000   -102566.4978        17.9      -102482.8354       -83.6624 20m1s/Msamples
         902000   -102563.7718        17.9      -102480.0065       -83.7653 20m1s/Msamples
         903000   -102565.7690        18.0      -102479.1971       -86.5718 20m1s/Msamples
         904000   -102562.7505        18.0      -102475.3887       -87.3617 20m1s/Msamples
         905000   -102561.9741        18.0      -102479.2440       -82.7301 20m1s/Msamples
         906000   -102557.1084        18.1      -102473.4567       -83.6517 20m1s/Msamples
         907000   -102556.7219        18.1      -102473.4992       -83.2227 20m2s/Msamples
         908000   -102543.8293        18.1      -102466.2088       -77.6204 20m2s/Msamples
         909000   -102541.1579        18.3      -102467.0344       -74.1235 20m2s/Msamples
         910000   -102551.2526        18.3      -102471.7308       -79.5217 20m2s/Msamples
         911000   -102543.7739        18.3      -102473.4790       -70.2948 20m2s/Msamples
         912000   -102543.3347        18.4      -102474.1687       -69.1659 20m2s/Msamples
         913000   -102546.4305        18.4      -102475.7315       -70.6990 20m2s/Msamples
         914000   -102551.5148        18.4      -102475.6464       -75.8684 20m2s/Msamples
         915000   -102562.3118        18.4      -102485.2733       -77.0384 20m2s/Msamples
         916000   -102557.1079        18.5      -102480.3331       -76.7747 20m2s/Msamples
         917000   -102562.0970        18.5      -102486.1511       -75.9459 20m2s/Msamples
         918000   -102555.6749        18.5      -102479.3881       -76.2868 20m2s/Msamples
         919000   -102555.6490        18.6      -102485.5943       -70.0547 20m2s/Msamples
         920000   -102552.3957        18.6      -102478.2989       -74.0968 20m2s/Msamples
         921000   -102558.0875        18.7      -102484.5554       -73.5321 20m2s/Msamples
         922000   -102554.5131        18.7      -102485.4799       -69.0331 20m2s/Msamples
         923000   -102567.6403        18.7      -102489.2179       -78.4224 20m2s/Msamples
         924000   -102567.7717        18.8      -102488.6770       -79.0946 20m1s/Msamples
         925000   -102575.7547        18.9      -102492.1837       -83.5709 20m1s/Msamples
         926000   -102579.4539        18.9      -102496.9475       -82.5064 20m1s/Msamples
         927000   -102562.7366        19.0      -102481.5163       -81.2202 20m1s/Msamples
         928000   -102561.3106        19.0      -102483.3482       -77.9623 20m1s/Msamples
         929000   -102564.2890        19.1      -102482.1782       -82.1108 20m1s/Msamples
         930000   -102562.5914        19.2      -102487.7147       -74.8767 20m1s/Msamples
         931000   -102566.8892        19.2      -102491.6326       -75.2566 20m1s/Msamples
         932000   -102561.3600        19.2      -102485.9088       -75.4512 20m1s/Msamples
         933000   -102564.4152        19.3      -102484.2257       -80.1895 20m1s/Msamples
         934000   -102563.4769        19.3      -102477.9965       -85.4804 20m1s/Msamples
         935000   -102557.8394        19.3      -102482.0321       -75.8073 20m1s/Msamples
         936000   -102549.6918        19.4      -102476.3982       -73.2936 20m1s/Msamples
         937000   -102559.1547        19.4      -102489.8510       -69.3037 20m1s/Msamples
         938000   -102555.2300        19.4      -102481.7472       -73.4827 20m2s/Msamples
         939000   -102554.3184        19.6      -102484.1066       -70.2118 20m1s/Msamples
         940000   -102552.1079        19.6      -102483.5316       -68.5762 20m1s/Msamples
         941000   -102542.3286        19.6      -102475.6091       -66.7194 20m2s/Msamples
         942000   -102556.4722        19.6      -102482.9764       -73.4958 20m2s/Msamples
         943000   -102561.3542        19.7      -102483.2034       -78.1508 20m2s/Msamples
         944000   -102560.2835        19.7      -102485.3097       -74.9737 20m2s/Msamples
         945000   -102566.6800        19.7      -102485.1134       -81.5665 20m2s/Msamples
         946000   -102565.2682        19.8      -102485.0761       -80.1921 20m2s/Msamples
         947000   -102557.3609        19.8      -102484.3694       -72.9915 20m2s/Msamples
         948000   -102571.6554        19.8      -102494.9689       -76.6864 20m2s/Msamples
         949000   -102565.5593        20.0      -102490.8475       -74.7118 20m2s/Msamples
         950000   -102557.3336        20.0      -102483.4818       -73.8517 20m2s/Msamples
         951000   -102564.0456        20.1      -102481.7912       -82.2544 20m2s/Msamples
         952000   -102564.7616        20.1      -102485.1504       -79.6111 20m2s/Msamples
         953000   -102557.3404        20.1      -102481.4250       -75.9153 20m2s/Msamples
         954000   -102556.6464        20.1      -102480.2976       -76.3488 20m2s/Msamples
         955000   -102557.5475        20.2      -102479.7262       -77.8212 20m2s/Msamples
         956000   -102562.9930        20.2      -102483.7946       -79.1984 20m2s/Msamples
         957000   -102560.7125        20.2      -102481.2703       -79.4422 20m3s/Msamples
         958000   -102566.2441        20.2      -102485.3896       -80.8545 20m3s/Msamples
         959000   -102555.3553        20.4      -102473.4704       -81.8849 20m3s/Msamples
         960000   -102555.6423        20.4      -102479.3664       -76.2759 20m3s/Msamples
         961000   -102558.6161        20.4      -102478.0738       -80.5422 20m3s/Msamples
         962000   -102554.6459        20.5      -102475.2366       -79.4093 20m3s/Msamples
         963000   -102559.2293        20.5      -102479.9822       -79.2470 20m3s/Msamples
         964000   -102559.2815        20.5      -102478.1567       -81.1248 20m3s/Msamples
         965000   -102564.9938        20.5      -102480.5479       -84.4458 20m3s/Msamples
         966000   -102560.8558        20.6      -102477.2277       -83.6280 20m3s/Msamples
         967000   -102549.4942        20.6      -102470.2704       -79.2237 20m3s/Msamples
         968000   -102553.4470        20.6      -102470.7794       -82.6676 20m2s/Msamples
         969000   -102552.9770        20.8      -102471.8800       -81.0970 20m2s/Msamples
         970000   -102551.7751        20.8      -102471.2106       -80.5645 20m2s/Msamples
         971000   -102549.3711        20.9      -102468.3919       -80.9792 20m2s/Msamples
         972000   -102548.2222        20.9      -102468.1715       -80.0507 20m2s/Msamples
         973000   -102548.4425        21.0      -102463.6929       -84.7496 20m2s/Msamples
         974000   -102547.9227        21.0      -102465.9037       -82.0189 20m2s/Msamples
         975000   -102560.1373        21.0      -102478.4178       -81.7195 20m2s/Msamples
         976000   -102559.5748        21.1      -102479.6617       -79.9130 20m2s/Msamples
         977000   -102556.9356        21.1      -102475.5855       -81.3500 20m2s/Msamples
         978000   -102561.4199        21.1      -102482.6650       -78.7548 20m2s/Msamples
         979000   -102566.5143        21.3      -102489.9283       -76.5859 20m2s/Msamples
         980000   -102562.6278        21.3      -102481.9065       -80.7213 20m2s/Msamples
         981000   -102565.3140        21.3      -102476.7853       -88.5286 20m2s/Msamples
         982000   -102567.3040        21.4      -102473.6709       -93.6330 20m2s/Msamples
         983000   -102565.5402        21.4      -102480.1167       -85.4235 20m2s/Msamples
         984000   -102574.7299        21.5      -102487.5562       -87.1737 20m2s/Msamples
         985000   -102579.1383        21.5      -102488.2399       -90.8984 20m2s/Msamples
         986000   -102571.9811        21.6      -102480.2766       -91.7045 20m2s/Msamples
         987000   -102574.0427        21.6      -102492.5195       -81.5232 20m2s/Msamples
         988000   -102576.6192        21.6      -102492.3527       -84.2664 20m2s/Msamples
         989000   -102575.9324        21.8      -102492.8760       -83.0563 20m2s/Msamples
         990000   -102587.1264        21.9      -102504.3960       -82.7303 20m2s/Msamples
         991000   -102578.0496        21.9      -102491.0112       -87.0383 20m2s/Msamples
         992000   -102576.7357        22.0      -102492.6274       -84.1082 20m2s/Msamples
         993000   -102578.2346        22.0      -102489.9013       -88.3332 20m2s/Msamples
         994000   -102573.7813        22.0      -102489.9487       -83.8326 20m2s/Msamples
         995000   -102573.9154        22.0      -102485.6012       -88.3141 20m2s/Msamples
         996000   -102585.9412        22.1      -102493.9234       -92.0178 20m2s/Msamples
         997000   -102587.7775        22.2      -102497.2524       -90.5251 20m2s/Msamples
         998000   -102580.7699        22.2      -102490.6778       -90.0921 20m2s/Msamples
         999000   -102589.0356        22.4      -102492.8271       -96.2084 20m2s/Msamples
        1000000   -102587.1052        22.4      -102491.6647       -95.4404 20m2s/Msamples
        1001000   -102579.6461        22.4      -102487.6021       -92.0440 20m2s/Msamples
        1002000   -102579.0503        22.5      -102491.6832       -87.3671 20m2s/Msamples
        1003000   -102579.7638        22.5      -102499.3067       -80.4570 20m2s/Msamples
        1004000   -102584.5724        22.5      -102496.8457       -87.7267 20m2s/Msamples
        1005000   -102580.0925        22.5      -102495.5386       -84.5539 20m2s/Msamples
        1006000   -102565.0491        22.5      -102486.8897       -78.1593 20m2s/Msamples
        1007000   -102581.5670        22.5      -102497.6767       -83.8903 20m2s/Msamples
        1008000   -102577.6340        22.5      -102489.0385       -88.5955 20m2s/Msamples
        1009000   -102560.6916        22.7      -102478.0816       -82.6099 20m2s/Msamples
        1010000   -102564.3806        22.7      -102485.5273       -78.8532 20m2s/Msamples
        1011000   -102563.6469        22.7      -102488.2030       -75.4438 20m2s/Msamples
        1012000   -102575.6374        22.7      -102490.5056       -85.1318 20m2s/Msamples
        1013000   -102585.5609        22.7      -102495.3553       -90.2056 20m2s/Msamples
        1014000   -102564.1043        22.7      -102487.4255       -76.6788 20m2s/Msamples
        1015000   -102565.6480        22.7      -102489.8557       -75.7923 20m3s/Msamples
        1016000   -102561.3453        22.7      -102485.2042       -76.1411 20m3s/Msamples
        1017000   -102563.1895        22.7      -102484.8597       -78.3297 20m3s/Msamples
        1018000   -102563.8223        22.7      -102490.5179       -73.3043 20m3s/Msamples
        1019000   -102570.7669        22.8      -102493.0039       -77.7629 20m3s/Msamples
        1020000   -102560.1005        22.8      -102484.4058       -75.6947 20m3s/Msamples
        1021000   -102565.1005        22.8      -102486.5807       -78.5197 20m3s/Msamples
        1022000   -102563.4754        22.8      -102482.5656       -80.9097 20m3s/Msamples
        1023000   -102569.9901        22.8      -102486.2642       -83.7258 20m3s/Msamples
        1024000   -102561.0272        22.8      -102479.4793       -81.5478 20m3s/Msamples
        1025000   -102561.2934        22.8      -102486.1208       -75.1725 20m3s/Msamples
        1026000   -102559.7734        22.9      -102479.7380       -80.0353 20m3s/Msamples
        1027000   -102572.2931        22.8      -102489.4562       -82.8368 20m3s/Msamples
        1028000   -102563.2658        22.9      -102485.5678       -77.6980 20m3s/Msamples
        1029000   -102565.6394        23.0      -102482.3947       -83.2446 20m3s/Msamples
        1030000   -102564.3596        23.0      -102477.1604       -87.1991 20m4s/Msamples
        1031000   -102571.4622        23.0      -102486.5114       -84.9507 20m3s/Msamples
        1032000   -102566.0115        23.0      -102480.1416       -85.8699 20m4s/Msamples
        1033000   -102554.9813        23.0      -102475.8694       -79.1118 20m4s/Msamples
        1034000   -102556.4555        23.0      -102477.1251       -79.3304 20m4s/Msamples
        1035000   -102568.6057        23.0      -102487.0449       -81.5607 20m4s/Msamples
        1036000   -102566.3313        23.0      -102486.2630       -80.0682 20m4s/Msamples
        1037000   -102551.7802        23.1      -102475.8320       -75.9481 20m4s/Msamples
        1038000   -102570.0696        23.1      -102492.9199       -77.1496 20m4s/Msamples
        1039000   -102558.4332        23.2      -102481.4750       -76.9581 20m4s/Msamples
        1040000   -102562.1218        23.2      -102485.8260       -76.2958 20m4s/Msamples
        1041000   -102561.0892        23.2      -102480.7531       -80.3360 20m4s/Msamples
        1042000   -102554.8585        23.3      -102478.4522       -76.4063 20m4s/Msamples
        1043000   -102566.0164        23.3      -102487.7100       -78.3064 20m4s/Msamples
        1044000   -102578.3034        23.3      -102493.9421       -84.3613 20m4s/Msamples
        1045000   -102568.1549        23.2      -102485.6700       -82.4848 20m4s/Msamples
        1046000   -102576.2942        23.2      -102494.4014       -81.8928 20m4s/Msamples
        1047000   -102571.5455        23.2      -102492.6682       -78.8773 20m4s/Msamples
        1048000   -102578.8192        23.1      -102498.4344       -80.3847 20m4s/Msamples
        1049000   -102581.2158        23.2      -102495.0834       -86.1324 20m4s/Msamples
        1050000   -102592.6676        23.2      -102500.4685       -92.1991 20m4s/Msamples
        1051000   -102590.5330        23.1      -102505.3640       -85.1690 20m4s/Msamples
        1052000   -102595.9214        23.1      -102504.2441       -91.6772 20m4s/Msamples
        1053000   -102587.2598        23.0      -102502.7793       -84.4804 20m4s/Msamples
        1054000   -102575.6040        23.0      -102491.8492       -83.7548 20m4s/Msamples
        1055000   -102574.9591        22.9      -102494.0185       -80.9406 20m4s/Msamples
        1056000   -102562.3605        22.9      -102493.3728       -68.9876 20m3s/Msamples
        1057000   -102560.7525        22.9      -102491.3581       -69.3943 20m4s/Msamples
        1058000   -102562.2792        22.9      -102481.0186       -81.2606 20m3s/Msamples
        1059000   -102553.9056        23.1      -102480.1988       -73.7068 20m3s/Msamples
        1060000   -102560.9282        23.1      -102487.0890       -73.8392 20m3s/Msamples
        1061000   -102569.5650        23.1      -102496.7677       -72.7973 20m3s/Msamples
        1062000   -102568.8297        23.1      -102494.0712       -74.7584 20m3s/Msamples
        1063000   -102567.9560        23.0      -102490.5070       -77.4489 20m3s/Msamples
        1064000   -102566.6559        23.0      -102490.3025       -76.3533 20m3s/Msamples
        1065000   -102573.0368        23.0      -102494.9366       -78.1002 20m3s/Msamples
        1066000   -102565.4331        23.0      -102489.2089       -76.2241 20m3s/Msamples
        1067000   -102570.5529        22.9      -102494.1307       -76.4221 20m3s/Msamples
        1068000   -102564.0125        22.9      -102486.1341       -77.8783 20m3s/Msamples
        1069000   -102570.8675        23.0      -102488.5309       -82.3365 20m3s/Msamples
        1070000   -102578.1980        22.9      -102486.5602       -91.6377 20m3s/Msamples
        1071000   -102564.0243        22.9      -102479.9326       -84.0916 20m3s/Msamples
        1072000   -102563.2300        23.0      -102487.4042       -75.8257 20m3s/Msamples
        1073000   -102562.6212        23.0      -102482.8841       -79.7370 20m3s/Msamples
        1074000   -102570.3645        22.9      -102487.1722       -83.1923 20m3s/Msamples
        1075000   -102567.8710        22.9      -102483.9884       -83.8825 20m3s/Msamples
        1076000   -102566.1693        22.9      -102486.4161       -79.7532 20m3s/Msamples
        1077000   -102573.3800        22.9      -102487.6513       -85.7286 20m3s/Msamples
        1078000   -102580.0281        22.9      -102486.9271       -93.1010 20m3s/Msamples
        1079000   -102573.8455        22.9      -102491.4815       -82.3640 20m3s/Msamples
        1080000   -102567.4752        22.9      -102488.1824       -79.2927 20m3s/Msamples
        1081000   -102569.1339        22.9      -102487.8658       -81.2681 20m3s/Msamples
        1082000   -102575.9349        22.9      -102490.0911       -85.8437 20m3s/Msamples
        1083000   -102572.1328        22.9      -102488.8901       -83.2427 20m3s/Msamples
        1084000   -102572.0304        22.9      -102486.3820       -85.6483 20m3s/Msamples
        1085000   -102564.6522        22.9      -102484.8593       -79.7929 20m3s/Msamples
        1086000   -102561.1551        22.9      -102484.9597       -76.1954 20m3s/Msamples
        1087000   -102558.4640        22.9      -102479.4352       -79.0288 20m2s/Msamples
        1088000   -102558.8794        22.9      -102481.0382       -77.8411 20m2s/Msamples
        1089000   -102556.3272        23.1      -102484.3983       -71.9288 20m2s/Msamples
        1090000   -102556.8002        23.1      -102484.8221       -71.9781 20m2s/Msamples
        1091000   -102575.4362        23.1      -102497.6993       -77.7368 20m2s/Msamples
        1092000   -102570.5676        23.1      -102490.4893       -80.0783 20m2s/Msamples
        1093000   -102579.6202        23.1      -102497.7164       -81.9037 20m2s/Msamples
        1094000   -102566.9665        23.1      -102488.1319       -78.8346 20m2s/Msamples
        1095000   -102571.0735        23.0      -102485.5899       -85.4835 20m2s/Msamples
        1096000   -102567.4850        23.0      -102481.4134       -86.0716 20m2s/Msamples
        1097000   -102561.9172        23.1      -102482.9163       -79.0009 20m2s/Msamples
        1098000   -102559.6193        23.1      -102479.1991       -80.4202 20m2s/Msamples
        1099000   -102548.8722        23.2      -102473.7829       -75.0893 20m2s/Msamples
        1100000   -102563.7785        23.2      -102483.0903       -80.6881 20m2s/Msamples
        1101000   -102565.2213        23.2      -102487.8966       -77.3247 20m2s/Msamples
        1102000   -102556.1241        23.3      -102480.8059       -75.3182 20m2s/Msamples
        1103000   -102557.1654        23.3      -102478.1302       -79.0352 20m2s/Msamples
        1104000   -102550.7343        23.4      -102478.7654       -71.9689 20m2s/Msamples
        1105000   -102555.7370        23.4      -102481.5812       -74.1557 20m2s/Msamples
        1106000   -102561.3448        23.5      -102481.8708       -79.4739 20m2s/Msamples
        1107000   -102565.6759        23.5      -102487.1357       -78.5401 20m2s/Msamples
        1108000   -102569.7938        23.4      -102489.2320       -80.5617 20m2s/Msamples
        1109000   -102567.6520        23.5      -102489.9822       -77.6698 20m2s/Msamples
        1110000   -102567.4901        23.5      -102482.3303       -85.1597 20m2s/Msamples
        1111000   -102571.6238        23.5      -102486.4445       -85.1793 20m2s/Msamples
        1112000   -102580.7658        23.5      -102494.4256       -86.3402 20m2s/Msamples
        1113000   -102574.4654        23.5      -102488.6092       -85.8562 20m2s/Msamples
        1114000   -102564.5146        23.5      -102482.7808       -81.7337 20m2s/Msamples
        1115000   -102577.6806        23.5      -102497.0643       -80.6163 20m2s/Msamples
        1116000   -102576.8718        23.4      -102497.6987       -79.1731 20m2s/Msamples
        1117000   -102574.4646        23.4      -102491.7583       -82.7063 20m2s/Msamples
        1118000   -102576.7908        23.4      -102496.1346       -80.6562 20m2s/Msamples
        1119000   -102584.2032        23.4      -102496.3742       -87.8290 20m2s/Msamples
        1120000   -102588.9501        23.4      -102494.6632       -94.2869 20m2s/Msamples
        1121000   -102584.1299        23.4      -102495.0045       -89.1254 20m2s/Msamples
        1122000   -102582.6845        23.3      -102493.4702       -89.2142 20m2s/Msamples
        1123000   -102580.9673        23.3      -102492.2316       -88.7356 20m2s/Msamples
        1124000   -102572.1555        23.3      -102490.0638       -82.0917 20m2s/Msamples
        1125000   -102575.2590        23.3      -102492.7203       -82.5387 20m2s/Msamples
        1126000   -102579.6778        23.2      -102492.1858       -87.4919 20m2s/Msamples
        1127000   -102572.5454        23.2      -102488.3065       -84.2389 20m2s/Msamples
        1128000   -102560.6317        23.2      -102477.9399       -82.6917 20m2s/Msamples
        1129000   -102563.9763        23.3      -102482.2055       -81.7707 20m2s/Msamples
        1130000   -102559.9671        23.3      -102480.6305       -79.3366 20m2s/Msamples
        1131000   -102556.9043        23.3      -102484.2997       -72.6046 20m2s/Msamples
        1132000   -102576.7685        23.3      -102496.1050       -80.6635 20m1s/Msamples
        1133000   -102556.5950        23.4      -102488.6767       -67.9182 20m1s/Msamples
        1134000   -102548.2674        23.4      -102477.2540       -71.0133 20m1s/Msamples
        1135000   -102548.8939        23.5      -102473.4694       -75.4244 20m2s/Msamples
        1136000   -102553.6204        23.6      -102477.1973       -76.4231 20m2s/Msamples
        1137000   -102555.7950        23.6      -102472.8784       -82.9166 20m2s/Msamples
        1138000   -102558.0577        23.7      -102477.7095       -80.3482 20m2s/Msamples
        1139000   -102557.6869        23.8      -102481.2553       -76.4316 20m2s/Msamples
        1140000   -102559.8676        23.8      -102479.6001       -80.2674 20m2s/Msamples
        1141000   -102562.2390        23.8      -102480.0647       -82.1743 20m2s/Msamples
        1142000   -102567.1244        23.8      -102487.4995       -79.6249 20m2s/Msamples
        1143000   -102556.0585        23.8      -102479.0135       -77.0450 20m2s/Msamples
        1144000   -102562.2992        23.8      -102478.6784       -83.6207 20m2s/Msamples
        1145000   -102561.6414        23.9      -102477.9359       -83.7054 20m2s/Msamples
        1146000   -102560.1944        23.9      -102476.5301       -83.6643 20m2s/Msamples
        1147000   -102554.2416        23.9      -102477.2483       -76.9933 20m2s/Msamples
        1148000   -102546.7590        24.0      -102471.8570       -74.9019 20m2s/Msamples
        1149000   -102558.1733        24.1      -102476.9446       -81.2286 20m2s/Msamples
        1150000   -102567.1862        24.1      -102486.0451       -81.1411 20m2s/Msamples
        1151000   -102558.8252        24.1      -102474.2070       -84.6182 20m2s/Msamples
        1152000   -102575.9560        24.1      -102479.5066       -96.4493 20m1s/Msamples
        1153000   -102570.3100        24.1      -102479.1766       -91.1333 20m1s/Msamples
        1154000   -102584.4324        24.1      -102487.4954       -96.9370 20m1s/Msamples
        1155000   -102573.8300        24.1      -102484.9642       -88.8657 20m1s/Msamples
        1156000   -102566.7374        24.1      -102482.1896       -84.5477 20m1s/Msamples
        1157000   -102574.0266        24.1      -102488.7701       -85.2564 20m1s/Msamples
        1158000   -102576.6064        24.1      -102488.7950       -87.8114 20m1s/Msamples
        1159000   -102567.2995        24.2      -102480.0864       -87.2131 20m1s/Msamples
        1160000   -102569.6146        24.2      -102485.0561       -84.5584 20m1s/Msamples
        1161000   -102575.0091        24.2      -102482.7642       -92.2449 20m1s/Msamples
        1162000   -102566.2401        24.2      -102482.3244       -83.9157 20m1s/Msamples
        1163000   -102550.9557        24.2      -102469.4173       -81.5384 20m1s/Msamples
        1164000   -102569.3748        24.2      -102486.1596       -83.2151 20m1s/Msamples
        1165000   -102568.2996        24.2      -102484.0437       -84.2558 20m1s/Msamples
        1166000   -102565.3578        24.3      -102481.1921       -84.1657 20m1s/Msamples
        1167000   -102550.1823        24.3      -102466.1663       -84.0159 20m1s/Msamples
        1168000   -102563.4170        24.3      -102478.2076       -85.2094 20m1s/Msamples
        1169000   -102565.0164        24.4      -102479.5079       -85.5085 20m1s/Msamples
        1170000   -102565.1320        24.4      -102478.4287       -86.7032 20m1s/Msamples
        1171000   -102563.5631        24.4      -102472.9259       -90.6371 20m1s/Msamples
        1172000   -102559.9312        24.5      -102474.3120       -85.6192 20m1s/Msamples
        1173000   -102566.4890        24.5      -102483.3651       -83.1239 20m1s/Msamples
        1174000   -102569.1175        24.5      -102481.0617       -88.0558 20m1s/Msamples
        1175000   -102568.8661        24.5      -102482.5255       -86.3406 20m1s/Msamples
        1176000   -102572.1231        24.5      -102489.2232       -82.8999 20m1s/Msamples
        1177000   -102577.0087        24.5      -102485.9769       -91.0317 20m1s/Msamples
        1178000   -102574.4003        24.5      -102483.8593       -90.5410 20m1s/Msamples
        1179000   -102580.1820        24.5      -102492.1335       -88.0485 20m1s/Msamples
        1180000   -102574.5188        24.5      -102488.6686       -85.8501 20m1s/Msamples
        1181000   -102565.1773        24.5      -102482.5576       -82.6196 20m1s/Msamples
        1182000   -102564.9512        24.5      -102483.0443       -81.9068 20m1s/Msamples
        1183000   -102560.4213        24.6      -102484.2875       -76.1338 20m1s/Msamples
        1184000   -102563.0580        24.6      -102487.2884       -75.7695 20m1s/Msamples
        1185000   -102566.2606        24.6      -102490.1037       -76.1569 20m1s/Msamples
        1186000   -102572.3540        24.6      -102488.0479       -84.3060 20m1s/Msamples
        1187000   -102577.7316        24.6      -102488.7680       -88.9636 20m1s/Msamples
        1188000   -102567.5201        24.6      -102484.3099       -83.2101 20m1s/Msamples
        1189000   -102563.2410        24.6      -102485.0814       -78.1596 20m1s/Msamples
        1190000   -102556.9305        24.7      -102479.9118       -77.0187 20m1s/Msamples
        1191000   -102550.3244        24.7      -102472.3127       -78.0116 20m1s/Msamples
        1192000   -102550.3999        24.8      -102475.1403       -75.2595 20m1s/Msamples
        1193000   -102546.4622        24.9      -102467.1424       -79.3197 20m1s/Msamples
        1194000   -102555.8981        25.0      -102475.0139       -80.8842 20m1s/Msamples
        1195000   -102550.7134        25.0      -102473.2117       -77.5017 20m1s/Msamples
        1196000   -102549.2776        25.1      -102472.4574       -76.8202 20m2s/Msamples
        1197000   -102554.3199        25.1      -102474.0413       -80.2786 20m2s/Msamples
        1198000   -102554.9249        25.2      -102474.1041       -80.8208 20m2s/Msamples
        1199000   -102543.9833        25.3      -102465.9226       -78.0607 20m2s/Msamples
        1200000   -102560.3765        25.3      -102472.6870       -87.6894 20m1s/Msamples
        1201000   -102562.0431        25.4      -102477.6082       -84.4348 20m2s/Msamples
        1202000   -102561.7130        25.4      -102484.1156       -77.5973 20m2s/Msamples
        1203000   -102567.9901        25.4      -102482.3035       -85.6866 20m2s/Msamples
        1204000   -102573.6232        25.4      -102484.6961       -88.9270 20m1s/Msamples
        1205000   -102577.8906        25.5      -102484.1860       -93.7045 20m1s/Msamples
        1206000   -102576.4775        25.5      -102482.3323       -94.1451 20m1s/Msamples
        1207000   -102591.5249        25.6      -102493.0848       -98.4401 20m1s/Msamples
        1208000   -102581.8132        25.6      -102490.1864       -91.6267 20m1s/Msamples
        1209000   -102565.0705        25.7      -102480.6178       -84.4526 20m1s/Msamples
        1210000   -102562.4520        25.7      -102474.6994       -87.7526 20m1s/Msamples
        1211000   -102577.3187        25.7      -102489.8275       -87.4912 20m1s/Msamples
        1212000   -102581.2317        25.7      -102487.5770       -93.6547 20m1s/Msamples
        1213000   -102586.4439        25.8      -102492.8041       -93.6397 20m1s/Msamples
        1214000   -102586.6437        25.8      -102491.2755       -95.3682 20m1s/Msamples
        1215000   -102580.5298        25.8      -102494.5303       -85.9994 20m1s/Msamples
        1216000   -102564.5843        25.8      -102480.3028       -84.2814 20m1s/Msamples
        1217000   -102568.1201        25.9      -102479.6981       -88.4220 20m1s/Msamples
        1218000   -102575.4319        25.9      -102483.1195       -92.3124 20m1s/Msamples
        1219000   -102580.3599        25.9      -102489.5549       -90.8050 20m1s/Msamples
        1220000   -102567.4662        25.9      -102474.9196       -92.5466 20m1s/Msamples
        1221000   -102564.3789        25.9      -102481.9603       -82.4185 20m1s/Msamples
        1222000   -102573.0941        25.9      -102496.2668       -76.8272 20m1s/Msamples
        1223000   -102561.4312        26.0      -102484.3998       -77.0313 20m1s/Msamples
        1224000   -102564.3311        26.0      -102486.3040       -78.0271 20m1s/Msamples
        1225000   -102565.5736        26.0      -102488.1398       -77.4337 20m1s/Msamples
        1226000   -102569.2659        26.0      -102486.7640       -82.5019 20m1s/Msamples
        1227000   -102572.3876        26.0      -102482.4690       -89.9185 20m1s/Msamples
        1228000   -102560.1279        26.0      -102475.0439       -85.0840 20m1s/Msamples
        1229000   -102561.5861        26.1      -102485.6328       -75.9533 20m1s/Msamples
        1230000   -102559.6401        26.1      -102476.6360       -83.0041 20m1s/Msamples
        1231000   -102551.4276        26.2      -102469.6795       -81.7481 20m1s/Msamples
        1232000   -102557.2560        26.2      -102474.9830       -82.2729 20m1s/Msamples
        1233000   -102564.6559        26.2      -102479.5072       -85.1486 20m1s/Msamples
        1234000   -102559.7916        26.2      -102469.3821       -90.4094 20m1s/Msamples
        1235000   -102568.0593        26.2      -102474.3695       -93.6897 20m1s/Msamples
        1236000   -102566.7368        26.2      -102474.9213       -91.8155 20m1s/Msamples
        1237000   -102568.8137        26.2      -102482.4874       -86.3262 20m1s/Msamples
        1238000   -102563.9564        26.3      -102475.9683       -87.9880 20m1s/Msamples
        1239000   -102569.1561        26.3      -102478.2886       -90.8674 20m1s/Msamples
        1240000   -102571.7619        26.3      -102482.5933       -89.1686 20m1s/Msamples
        1241000   -102559.6816        26.3      -102475.3234       -84.3581 20m1s/Msamples
        1242000   -102582.9891        26.3      -102487.1971       -95.7919 20m1s/Msamples
        1243000   -102569.8019        26.3      -102480.3752       -89.4267 20m1s/Msamples
        1244000   -102583.7819        26.3      -102479.9952      -103.7866 20m2s/Msamples
        1245000   -102585.2859        26.4      -102485.9302       -99.3557 20m2s/Msamples
        1246000   -102583.6327        26.4      -102486.3361       -97.2965 20m2s/Msamples
        1247000   -102582.3431        26.4      -102481.9907      -100.3524 20m2s/Msamples
        1248000   -102594.1131        26.4      -102492.7769      -101.3362 20m2s/Msamples
        1249000   -102577.4474        26.4      -102486.0170       -91.4303 20m2s/Msamples
        1250000   -102585.8847        25.9      -102490.8434       -95.0413 20m2s/Msamples
        1251000   -102579.3741        25.8      -102487.1999       -92.1742 20m2s/Msamples
        1252000   -102573.3386        25.8      -102482.9517       -90.3869 20m2s/Msamples
        1253000   -102575.5066        25.8      -102483.3536       -92.1530 20m1s/Msamples
        1254000   -102584.2818        25.7      -102486.2501       -98.0317 20m1s/Msamples
        1255000   -102585.5956        25.7      -102491.5127       -94.0828 20m1s/Msamples
        1256000   -102562.0454        25.7      -102472.6824       -89.3629 20m1s/Msamples
        1257000   -102562.1294        25.7      -102472.6690       -89.4603 20m1s/Msamples
        1258000   -102559.7798        25.8      -102469.2245       -90.5553 20m1s/Msamples
        1259000   -102564.3387        25.8      -102478.4380       -85.9006 20m1s/Msamples
        1260000   -102562.0189        25.8      -102476.9142       -85.1047 20m1s/Msamples
        1261000   -102559.4817        25.9      -102474.6885       -84.7931 20m1s/Msamples
        1262000   -102566.8852        25.9      -102478.5254       -88.3598 20m1s/Msamples
        1263000   -102554.0902        25.9      -102469.9343       -84.1559 20m1s/Msamples
        1264000   -102561.5411        25.9      -102475.9702       -85.5708 20m1s/Msamples
        1265000   -102570.1694        25.9      -102477.8871       -92.2823 20m1s/Msamples
        1266000   -102572.9693        25.9      -102474.6793       -98.2899 20m1s/Msamples
        1267000   -102576.5982        25.9      -102481.1810       -95.4172 20m1s/Msamples
        1268000   -102567.9702        25.8      -102475.0212       -92.9489 20m1s/Msamples
        1269000   -102566.3628        25.9      -102477.8628       -88.5000 20m1s/Msamples
        1270000   -102578.2509        25.9      -102489.8605       -88.3903 20m1s/Msamples
        1271000   -102583.1135        25.8      -102487.1353       -95.9781 20m1s/Msamples
        1272000   -102581.6167        25.8      -102484.8373       -96.7793 20m2s/Msamples
        1273000   -102590.5992        25.7      -102491.1550       -99.4442 20m2s/Msamples
        1274000   -102593.6000        25.7      -102491.2975      -102.3024 20m2s/Msamples
        1275000   -102586.7030        25.6      -102483.0380      -103.6650 20m2s/Msamples
        1276000   -102589.6925        25.6      -102484.1021      -105.5904 20m2s/Msamples
        1277000   -102585.5463        26.4      -102483.4571      -102.0892 20m2s/Msamples
        1278000   -102578.9808        26.4      -102481.4894       -97.4914 20m2s/Msamples
        1279000   -102588.5051        26.4      -102487.6273      -100.8777 20m2s/Msamples
        1280000   -102589.4671        26.3      -102481.9730      -107.4941 20m2s/Msamples
        1281000   -102584.7095        26.3      -102478.5899      -106.1195 20m2s/Msamples
        1282000   -102591.7771        26.2      -102480.8874      -110.8897 20m2s/Msamples
        1283000   -102603.6099        26.2      -102486.4867      -117.1231 20m2s/Msamples
        1284000   -102612.9356        25.2      -102484.2353      -128.7003 20m2s/Msamples
        1285000   -102619.9113        25.2      -102490.0683      -129.8429 20m2s/Msamples
        1286000   -102620.6445        25.2      -102486.7692      -133.8752 20m2s/Msamples
        1287000   -102614.5864        25.2      -102485.4665      -129.1198 20m2s/Msamples
        1288000   -102629.5601        25.2      -102491.4899      -138.0702 20m2s/Msamples
        1289000   -102610.9441        25.2      -102486.9243      -124.0198 20m2s/Msamples
        1290000   -102613.6833        25.1      -102493.0075      -120.6757 20m2s/Msamples
        1291000   -102617.2695        25.9      -102493.5126      -123.7568 20m2s/Msamples
        1292000   -102599.5208        25.8      -102483.3874      -116.1334 20m2s/Msamples
        1293000   -102601.4794        24.7      -102487.9734      -113.5059 20m2s/Msamples
        1294000   -102602.1464        24.6      -102489.6016      -112.5447 20m2s/Msamples
        1295000   -102612.9625        24.5      -102495.2066      -117.7558 20m2s/Msamples
        1296000   -102609.4272        24.0      -102490.4417      -118.9854 20m2s/Msamples
        1297000   -102596.4323        23.8      -102485.9386      -110.4937 20m2s/Msamples
        1298000   -102594.4966        23.6      -102483.1820      -111.3146 20m2s/Msamples
        1299000   -102589.7178        23.5      -102478.6833      -111.0345 20m2s/Msamples
        1300000   -102598.7372        23.4      -102481.7343      -117.0028 20m2s/Msamples
        1301000   -102596.2088        23.2      -102481.7193      -114.4895 20m2s/Msamples
        1302000   -102587.6866        23.1      -102475.5552      -112.1313 20m2s/Msamples
        1303000   -102596.3239        22.9      -102484.3754      -111.9484 20m2s/Msamples
        1304000   -102600.7590        22.8      -102486.1993      -114.5597 20m2s/Msamples
        1305000   -102616.3235        22.6      -102497.6768      -118.6466 20m2s/Msamples
        1306000   -102605.4479        22.4      -102487.4253      -118.0225 20m2s/Msamples
        1307000   -102622.0476        22.3      -102493.9531      -128.0945 20m2s/Msamples
        1308000   -102607.3110        22.1      -102488.7526      -118.5584 20m2s/Msamples
        1309000   -102598.4551        22.0      -102482.3961      -116.0589 20m2s/Msamples
        1310000   -102595.4684        21.8      -102486.5431      -108.9253 20m2s/Msamples
        1311000   -102596.3483        21.7      -102487.4006      -108.9477 20m2s/Msamples
        1312000   -102590.0473        21.5      -102475.9427      -114.1045 20m2s/Msamples
        1313000   -102589.5788        21.4      -102476.9432      -112.6355 20m2s/Msamples
        1314000   -102596.9416        21.2      -102479.8350      -117.1066 20m2s/Msamples
        1315000   -102599.4806        21.1      -102484.1735      -115.3070 20m2s/Msamples
        1316000   -102593.7538        20.9      -102475.2871      -118.4667 20m2s/Msamples
        1317000   -102591.1919        20.8      -102481.8785      -109.3134 20m2s/Msamples
        1318000   -102592.7466        20.7      -102479.4361      -113.3104 20m2s/Msamples
        1319000   -102598.4176        14.3      -102486.6646      -111.7529 20m2s/Msamples
        1320000   -102590.9763        14.2      -102487.4381      -103.5382 20m2s/Msamples
        1321000   -102590.1156        14.1      -102486.4055      -103.7100 20m2s/Msamples
        1322000   -102603.6963        14.0      -102495.0893      -108.6069 20m2s/Msamples
        1323000   -102586.9779        13.9      -102478.3280      -108.6499 20m2s/Msamples
        1324000   -102587.0531        13.8      -102480.5896      -106.4634 20m2s/Msamples
        1325000   -102581.6448        13.8      -102477.8529      -103.7919 20m2s/Msamples
        1326000   -102589.0800        13.7      -102480.6258      -108.4541 20m2s/Msamples
        1327000   -102590.3008        13.6      -102484.4468      -105.8539 20m2s/Msamples
        1328000   -102581.7210        13.6      -102475.1057      -106.6153 20m2s/Msamples
        1329000   -102580.9919        13.5      -102478.0864      -102.9054 20m2s/Msamples
        1330000   -102593.8216        13.4      -102486.7687      -107.0528 20m2s/Msamples
        1331000   -102591.2360        13.3      -102484.5994      -106.6365 20m2s/Msamples
        1332000   -102601.9189        13.2      -102493.5853      -108.3336 20m2s/Msamples
        1333000   -102600.0715        13.2      -102494.2155      -105.8559 20m2s/Msamples
        1334000   -102599.2886        13.1      -102493.3918      -105.8967 20m2s/Msamples
        1335000   -102589.8707        13.0      -102491.5384       -98.3323 20m2s/Msamples
        1336000   -102589.8847        12.9      -102488.4884      -101.3963 20m2s/Msamples
        1337000   -102580.9936        12.9      -102478.6771      -102.3164 20m2s/Msamples
        1338000   -102582.4669        12.8      -102477.1649      -105.3020 20m2s/Msamples
        1339000   -102583.7287        12.7      -102481.3068      -102.4219 20m2s/Msamples
        1340000   -102585.1956        12.7      -102481.7196      -103.4759 20m2s/Msamples
        1341000   -102580.8464        12.6      -102476.6982      -104.1482 20m2s/Msamples
        1342000   -102591.7423        12.6      -102490.2834      -101.4588 20m2s/Msamples
        1343000   -102579.7888        12.5      -102480.4739       -99.3149 20m2s/Msamples
        1344000   -102582.4310        12.5      -102476.2323      -106.1987 20m2s/Msamples
        1345000   -102593.1451        12.4      -102483.3572      -109.7879 20m3s/Msamples
        1346000   -102588.1245        12.4      -102476.0685      -112.0560 20m3s/Msamples
        1347000   -102589.3253        12.3      -102479.4310      -109.8943 20m3s/Msamples
        1348000   -102585.0739        12.2      -102486.2582       -98.8157 20m3s/Msamples
        1349000   -102568.4154        12.2      -102469.5242       -98.8912 20m3s/Msamples
        1350000   -102572.0064        12.2      -102470.8704      -101.1360 20m3s/Msamples
        1351000   -102576.1545        12.2      -102477.1203       -99.0342 20m3s/Msamples
        1352000   -102581.2893        12.1      -102480.0417      -101.2475 20m3s/Msamples
        1353000   -102581.7110        12.1      -102479.3542      -102.3567 20m3s/Msamples
        1354000   -102570.9775        12.0      -102473.5294       -97.4480 20m3s/Msamples
        1355000   -102575.8026        12.0      -102466.7655      -109.0370 20m3s/Msamples
        1356000   -102576.8171        12.0      -102468.6446      -108.1725 20m3s/Msamples
        1357000   -102586.2256        11.9      -102478.7482      -107.4774 20m3s/Msamples
        1358000   -102578.5707        11.9      -102477.3721      -101.1986 20m3s/Msamples
        1359000   -102580.1613        11.8      -102482.9300       -97.2312 20m3s/Msamples
        1360000   -102588.2929        11.5      -102483.8919      -104.4009 20m3s/Msamples
        1361000   -102578.7722        11.5      -102480.5879       -98.1842 20m3s/Msamples
        1362000   -102585.3658        11.4      -102482.3073      -103.0585 20m3s/Msamples
        1363000   -102588.6405        11.4      -102483.4591      -105.1813 20m3s/Msamples
        1364000   -102597.1372        11.3      -102493.3837      -103.7535 20m3s/Msamples
        1365000   -102584.7020        11.5      -102484.0347      -100.6673 20m3s/Msamples
        1366000   -102599.5214        11.2      -102491.7505      -107.7708 20m3s/Msamples
        1367000   -102589.9721        11.1      -102487.0728      -102.8993 20m3s/Msamples
        1368000   -102583.2782        11.1      -102485.8348       -97.4433 20m3s/Msamples
        1369000   -102587.6804        11.0      -102492.6243       -95.0560 20m3s/Msamples
        1370000   -102582.6712        10.9      -102485.7915       -96.8797 20m3s/Msamples
        1371000   -102588.2109        10.9      -102487.5983      -100.6125 20m3s/Msamples
        1372000   -102597.0131        10.8      -102491.8556      -105.1575 20m3s/Msamples
        1373000   -102608.1608        10.7      -102491.9650      -116.1957 20m3s/Msamples
        1374000   -102612.2745        10.7      -102500.2554      -112.0191 20m3s/Msamples
        1375000   -102595.4287        10.6      -102488.0429      -107.3857 20m3s/Msamples
        1376000   -102596.3828        10.5      -102485.3983      -110.9845 20m3s/Msamples
        1377000   -102588.2969        10.5      -102482.2680      -106.0288 20m3s/Msamples
        1378000   -102602.3177        10.4      -102494.4806      -107.8371 20m3s/Msamples
        1379000   -102594.6420        10.3      -102488.1617      -106.4803 20m3s/Msamples
        1380000   -102594.9206        10.3      -102485.9117      -109.0089 20m3s/Msamples
        1381000   -102584.9446        10.2      -102482.1679      -102.7767 20m3s/Msamples
        1382000   -102580.3304        10.2      -102479.4287      -100.9016 20m3s/Msamples
        1383000   -102577.0052        10.2      -102478.8823       -98.1229 20m3s/Msamples
        1384000   -102576.0416        10.2      -102478.0356       -98.0060 20m3s/Msamples
        1385000   -102571.6868        10.1      -102471.6070      -100.0798 20m3s/Msamples
        1386000   -102582.2204        10.1      -102477.2895      -104.9309 20m3s/Msamples
        1387000   -102579.4350        10.1      -102475.6177      -103.8173 20m3s/Msamples
        1388000   -102572.9525        10.1      -102472.6652      -100.2872 20m3s/Msamples
        1389000   -102584.0762        10.0      -102474.7841      -109.2920 20m3s/Msamples
        1390000   -102583.1307        10.0      -102477.6855      -105.4452 20m3s/Msamples
        1391000   -102578.6959         9.9      -102478.0798      -100.6160 20m3s/Msamples
        1392000   -102592.6816         9.9      -102484.5392      -108.1423 20m3s/Msamples
        1393000   -102590.6158         9.8      -102483.4929      -107.1228 20m3s/Msamples
        1394000   -102589.5939         9.8      -102483.8669      -105.7270 20m3s/Msamples
        1395000   -102592.2827         9.8      -102484.2772      -108.0054 20m3s/Msamples
        1396000   -102589.2625         9.7      -102481.5149      -107.7476 20m3s/Msamples
        1397000   -102592.3117         9.7      -102482.4697      -109.8419 20m3s/Msamples
        1398000   -102580.4942         9.6      -102472.6082      -107.8859 20m3s/Msamples
        1399000   -102577.5542         9.6      -102468.4820      -109.0722 20m3s/Msamples
        1400000   -102574.8870         9.6      -102470.8462      -104.0408 20m3s/Msamples
        1401000   -102580.9494         9.5      -102481.4262       -99.5232 20m3s/Msamples
        1402000   -102580.9920         9.5      -102476.0246      -104.9673 20m3s/Msamples
        1403000   -102577.4660         9.5      -102469.6743      -107.7916 20m3s/Msamples
        1404000   -102588.6073         9.4      -102477.8339      -110.7733 20m3s/Msamples
        1405000   -102582.9397         9.4      -102476.8255      -106.1142 20m3s/Msamples
        1406000   -102601.2600         9.4      -102492.3806      -108.8794 20m3s/Msamples
        1407000   -102584.8765         9.0      -102475.6289      -109.2475 20m3s/Msamples
        1408000   -102596.8978         9.0      -102482.2606      -114.6372 20m3s/Msamples
        1409000   -102598.2817         8.7      -102480.8193      -117.4624 20m3s/Msamples
        1410000   -102592.4600         8.7      -102482.8559      -109.6040 20m3s/Msamples
        1411000   -102591.0355         8.6      -102485.9107      -105.1248 20m3s/Msamples
        1412000   -102598.0847         8.6      -102485.2959      -112.7888 20m3s/Msamples
        1413000   -102601.8598         8.5      -102485.0391      -116.8206 20m3s/Msamples
        1414000   -102586.3726         8.5      -102472.6850      -113.6875 20m3s/Msamples
        1415000   -102591.5967         8.5      -102480.6233      -110.9734 20m3s/Msamples
        1416000   -102596.9955         8.4      -102482.9060      -114.0895 20m3s/Msamples
        1417000   -102599.1622         8.4      -102486.2276      -112.9346 20m4s/Msamples
        1418000   -102586.8341         8.3      -102479.0417      -107.7924 20m4s/Msamples
        1419000   -102573.8238         8.3      -102470.1706      -103.6532 20m4s/Msamples
        1420000   -102577.3573         8.3      -102471.8085      -105.5487 20m4s/Msamples
        1421000   -102571.9950         8.3      -102468.4738      -103.5211 20m4s/Msamples
        1422000   -102577.6203         8.3      -102477.4733      -100.1470 20m4s/Msamples
        1423000   -102572.6643         8.2      -102477.9877       -94.6765 20m4s/Msamples
        1424000   -102573.6251         8.2      -102472.3365      -101.2885 20m4s/Msamples
        1425000   -102589.1137         8.2      -102482.6715      -106.4421 20m4s/Msamples
        1426000   -102588.5149         8.2      -102485.6103      -102.9046 20m4s/Msamples
        1427000   -102585.8345         8.1      -102479.6038      -106.2306 20m4s/Msamples
        1428000   -102577.4700         8.1      -102474.1705      -103.2995 20m4s/Msamples
        1429000   -102593.5485         8.1      -102484.5892      -108.9592 20m4s/Msamples
        1430000   -102587.9700         8.0      -102487.7839      -100.1861 20m4s/Msamples
        1431000   -102596.9670         8.0      -102490.7376      -106.2294 20m4s/Msamples
        1432000   -102586.4350         8.0      -102481.8559      -104.5790 20m4s/Msamples
        1433000   -102587.2268         7.9      -102479.2864      -107.9403 20m4s/Msamples
        1434000   -102583.2186         7.9      -102481.5031      -101.7155 20m4s/Msamples
        1435000   -102580.1355         7.9      -102475.7719      -104.3635 20m4s/Msamples
        1436000   -102590.8764         7.9      -102488.9487      -101.9277 20m4s/Msamples
        1437000   -102575.6791         7.8      -102479.1332       -96.5458 20m4s/Msamples
        1438000   -102581.0915         7.8      -102485.4251       -95.6664 20m4s/Msamples
        1439000   -102568.8946         7.8      -102473.2747       -95.6198 20m4s/Msamples
        1440000   -102575.2987         7.8      -102479.2511       -96.0475 20m4s/Msamples
        1441000   -102578.1838         7.8      -102485.2475       -92.9362 20m4s/Msamples
        1442000   -102582.0325         7.8      -102479.7523      -102.2802 20m4s/Msamples
        1443000   -102578.6789         7.7      -102480.7442       -97.9347 20m4s/Msamples
        1444000   -102575.6291         7.7      -102487.0014       -88.6276 20m3s/Msamples
        1445000   -102573.1357         7.7      -102474.5311       -98.6045 20m3s/Msamples
        1446000   -102573.4375         7.7      -102478.5628       -94.8747 20m3s/Msamples
        1447000   -102563.4861         7.7      -102473.2460       -90.2400 20m3s/Msamples
        1448000   -102557.1646         7.7      -102470.3627       -86.8018 20m3s/Msamples
        1449000   -102562.4483         7.7      -102471.6188       -90.8294 20m3s/Msamples
        1450000   -102560.4569         7.7      -102475.4055       -85.0513 20m3s/Msamples
        1451000   -102559.3671         7.8      -102473.1675       -86.1995 20m3s/Msamples
        1452000   -102556.6485         7.8      -102470.5472       -86.1012 20m3s/Msamples
        1453000   -102558.0726         7.8      -102469.1161       -88.9565 20m3s/Msamples
        1454000   -102571.6631         7.8      -102480.2831       -91.3800 20m3s/Msamples
        1455000   -102566.6577         7.8      -102476.6915       -89.9661 20m3s/Msamples
        1456000   -102571.7920         7.8      -102476.1224       -95.6695 20m3s/Msamples
        1457000   -102564.9476         7.8      -102469.1806       -95.7669 20m4s/Msamples
        1458000   -102565.2982         7.8      -102475.4716       -89.8266 20m4s/Msamples
        1459000   -102581.0287         7.8      -102491.9475       -89.0811 20m4s/Msamples
        1460000   -102591.3573         7.7      -102499.0776       -92.2796 20m4s/Msamples
        1461000   -102574.9423         7.7      -102483.8289       -91.1133 20m4s/Msamples
        1462000   -102590.5632         7.7      -102491.4874       -99.0758 20m4s/Msamples
        1463000   -102596.9205         7.7      -102499.8392       -97.0812 20m4s/Msamples
        1464000   -102587.4994         7.6      -102489.5330       -97.9663 20m4s/Msamples
        1465000   -102593.5837         7.6      -102501.3102       -92.2735 20m4s/Msamples
        1466000   -102590.3050         7.6      -102496.7808       -93.5242 20m4s/Msamples
        1467000   -102572.6744         7.6      -102481.6452       -91.0291 20m4s/Msamples
        1468000   -102567.7690         7.6      -102476.0769       -91.6920 20m4s/Msamples
        1469000   -102575.0970         7.5      -102484.1333       -90.9637 20m4s/Msamples
        1470000   -102569.5421         7.5      -102479.4948       -90.0473 20m4s/Msamples
        1471000   -102559.9682         7.5      -102470.0025       -89.9656 20m4s/Msamples
        1472000   -102568.6108         7.5      -102475.4451       -93.1657 20m4s/Msamples
        1473000   -102568.6033         7.5      -102477.2850       -91.3183 20m4s/Msamples
        1474000   -102576.1326         7.5      -102484.7978       -91.3347 20m4s/Msamples
        1475000   -102578.2064         7.5      -102486.9459       -91.2605 20m4s/Msamples
        1476000   -102577.3326         7.5      -102487.7706       -89.5620 20m4s/Msamples
        1477000   -102573.2114         7.5      -102479.6648       -93.5465 20m4s/Msamples
        1478000   -102581.1205         7.5      -102484.5348       -96.5856 20m4s/Msamples
        1479000   -102574.9237         7.5      -102476.2392       -98.6844 20m4s/Msamples
        1480000   -102571.7132         7.5      -102474.5732       -97.1400 20m4s/Msamples
        1481000   -102561.3534         7.5      -102465.7279       -95.6254 20m4s/Msamples
        1482000   -102567.5497         7.5      -102474.4382       -93.1114 20m3s/Msamples
        1483000   -102563.4449         7.5      -102470.0255       -93.4194 20m3s/Msamples
        1484000   -102560.8988         7.5      -102468.2049       -92.6939 20m3s/Msamples
        1485000   -102560.7748         7.5      -102468.0030       -92.7717 20m3s/Msamples
        1486000   -102568.7234         7.5      -102473.7252       -94.9982 20m3s/Msamples
        1487000   -102567.8368         7.5      -102476.2752       -91.5616 20m4s/Msamples
        1488000   -102574.7001         7.5      -102482.0390       -92.6610 20m4s/Msamples
        1489000   -102582.1641         7.5      -102484.0630       -98.1010 20m4s/Msamples
        1490000   -102575.8144         7.4      -102481.5811       -94.2332 20m4s/Msamples
        1491000   -102569.0488         7.4      -102479.2345       -89.8142 20m4s/Msamples
        1492000   -102577.2703         7.4      -102488.5429       -88.7273 20m4s/Msamples
        1493000   -102574.1654         7.4      -102485.1398       -89.0256 20m4s/Msamples
        1494000   -102563.3458         7.4      -102475.3698       -87.9759 20m4s/Msamples
        1495000   -102569.2094         7.4      -102477.1043       -92.1050 20m4s/Msamples
        1496000   -102567.5663         7.4      -102476.3293       -91.2370 20m4s/Msamples
        1497000   -102569.4233         7.4      -102476.4904       -92.9329 20m4s/Msamples
        1498000   -102570.4698         7.4      -102475.2543       -95.2154 20m4s/Msamples
        1499000   -102580.5086         7.4      -102480.5259       -99.9827 20m4s/Msamples
        1500000   -102576.0817         7.4      -102479.5994       -96.4822 20m4s/Msamples
        1501000   -102576.8219         7.4      -102481.1951       -95.6267 20m4s/Msamples
        1502000   -102585.0638         7.3      -102489.2905       -95.7732 20m4s/Msamples
        1503000   -102586.5134         7.3      -102487.8459       -98.6674 20m4s/Msamples
        1504000   -102579.9594         7.3      -102482.2850       -97.6744 20m4s/Msamples
        1505000   -102572.8542         7.3      -102475.3631       -97.4910 20m4s/Msamples
        1506000   -102570.6171         7.3      -102476.1728       -94.4442 20m4s/Msamples
        1507000   -102580.3503         7.3      -102483.0426       -97.3076 20m4s/Msamples
        1508000   -102580.9095         7.3      -102479.6390      -101.2704 20m4s/Msamples
        1509000   -102574.3046         7.2      -102483.3447       -90.9598 20m4s/Msamples
        1510000   -102577.4469         7.2      -102483.6882       -93.7586 20m4s/Msamples
        1511000   -102568.5247         7.2      -102473.8880       -94.6366 20m4s/Msamples
        1512000   -102566.7113         7.2      -102472.5062       -94.2050 20m4s/Msamples
        1513000   -102567.8515         7.2      -102477.0674       -90.7841 20m5s/Msamples
        1514000   -102569.9367         7.2      -102473.2643       -96.6724 20m4s/Msamples
        1515000   -102582.0990         7.2      -102482.6176       -99.4814 20m4s/Msamples
        1516000   -102589.4109         7.2      -102487.2642      -102.1466 20m4s/Msamples
        1517000   -102588.9655         7.1      -102487.9345      -101.0310 20m4s/Msamples
        1518000   -102565.0198         7.2      -102470.0351       -94.9846 20m4s/Msamples
        1519000   -102576.6944         7.1      -102483.3823       -93.3121 20m4s/Msamples
        1520000   -102558.8393         7.1      -102465.3385       -93.5007 20m4s/Msamples
        1521000   -102570.5116         7.1      -102474.8700       -95.6415 20m4s/Msamples
        1522000   -102571.1222         7.1      -102477.0252       -94.0970 20m4s/Msamples
        1523000   -102577.9231         7.1      -102481.2219       -96.7012 20m4s/Msamples
        1524000   -102566.1714         7.1      -102479.9638       -86.2076 20m5s/Msamples
        1525000   -102564.1310         7.1      -102482.0151       -82.1159 20m5s/Msamples
        1526000   -102565.0531         7.1      -102477.5519       -87.5012 20m5s/Msamples
        1527000   -102568.6565         7.1      -102479.5794       -89.0771 20m5s/Msamples
        1528000   -102570.5393         7.1      -102483.0891       -87.4501 20m5s/Msamples
        1529000   -102571.8699         7.1      -102487.7386       -84.1313 20m5s/Msamples
        1530000   -102572.4569         7.1      -102485.5138       -86.9430 20m5s/Msamples
        1531000   -102574.9360         7.1      -102481.1527       -93.7832 20m5s/Msamples
        1532000   -102570.4003         7.1      -102478.9464       -91.4539 20m5s/Msamples
        1533000   -102584.5505         7.1      -102484.5718       -99.9786 20m5s/Msamples
        1534000   -102587.2556         7.0      -102485.9103      -101.3453 20m5s/Msamples
        1535000   -102582.6768         7.0      -102487.8815       -94.7953 20m5s/Msamples
        1536000   -102572.6455         7.0      -102484.1279       -88.5175 20m5s/Msamples
        1537000   -102568.4899         7.0      -102482.9504       -85.5394 20m5s/Msamples
        1538000   -102572.7702         7.0      -102485.4959       -87.2742 20m5s/Msamples
        1539000   -102576.9365         7.0      -102486.0315       -90.9049 20m5s/Msamples
        1540000   -102566.8118         7.0      -102481.4810       -85.3307 20m5s/Msamples
        1541000   -102575.0169         7.0      -102485.6435       -89.3734 20m5s/Msamples
        1542000   -102567.6936         7.0      -102478.8336       -88.8600 20m5s/Msamples
        1543000   -102573.6148         7.0      -102484.2204       -89.3944 20m5s/Msamples
        1544000   -102582.5181         7.0      -102487.8660       -94.6521 20m5s/Msamples
        1545000   -102569.7590         7.0      -102477.5736       -92.1853 20m5s/Msamples
        1546000   -102566.7276         7.0      -102484.9316       -81.7959 20m5s/Msamples
        1547000   -102571.3230         7.0      -102482.1299       -89.1930 20m5s/Msamples
        1548000   -102567.2998         7.0      -102480.5996       -86.7001 20m5s/Msamples
        1549000   -102550.8516         6.9      -102475.1207       -75.7308 20m5s/Msamples
        1550000   -102562.9343         7.0      -102486.9513       -75.9829 20m5s/Msamples
        1551000   -102569.7605         7.0      -102485.3891       -84.3713 20m5s/Msamples
        1552000   -102569.0115         7.0      -102483.8651       -85.1464 20m5s/Msamples
        1553000   -102562.5634         7.0      -102481.5603       -81.0031 20m5s/Msamples
        1554000   -102564.7178         7.0      -102487.4871       -77.2307 20m5s/Msamples
        1555000   -102567.8835         7.0      -102487.4052       -80.4783 20m5s/Msamples
        1556000   -102568.4456         7.0      -102487.7556       -80.6900 20m5s/Msamples
        1557000   -102573.2873         7.0      -102488.8005       -84.4867 20m5s/Msamples
        1558000   -102570.8898         7.0      -102485.4765       -85.4132 20m5s/Msamples
        1559000   -102563.8651         6.9      -102485.2525       -78.6125 20m5s/Msamples
        1560000   -102574.0320         6.9      -102485.0048       -89.0272 20m5s/Msamples
        1561000   -102574.2413         6.9      -102488.3765       -85.8648 20m5s/Msamples
        1562000   -102563.3602         6.9      -102485.7962       -77.5640 20m5s/Msamples
        1563000   -102556.5650         7.0      -102481.8162       -74.7488 20m5s/Msamples
        1564000   -102570.2889         6.9      -102497.8444       -72.4445 20m5s/Msamples
        1565000   -102554.7542         7.0      -102478.7368       -76.0174 20m5s/Msamples
        1566000   -102572.1106         7.0      -102489.6757       -82.4348 20m5s/Msamples
        1567000   -102563.2750         7.0      -102481.8159       -81.4591 20m5s/Msamples
        1568000   -102564.1101         7.0      -102483.1489       -80.9612 20m5s/Msamples
        1569000   -102564.3991         7.0      -102482.3904       -82.0087 20m5s/Msamples
        1570000   -102559.9200         7.0      -102481.6542       -78.2658 20m5s/Msamples
        1571000   -102570.0366         7.0      -102485.3395       -84.6971 20m5s/Msamples
        1572000   -102566.8695         7.0      -102479.9658       -86.9037 20m5s/Msamples
        1573000   -102570.3958         7.0      -102482.9845       -87.4112 20m5s/Msamples
        1574000   -102579.6366         7.0      -102495.7742       -83.8623 20m5s/Msamples
        1575000   -102582.2475         7.0      -102497.9621       -84.2853 20m5s/Msamples
        1576000   -102569.2194         6.9      -102488.4409       -80.7784 20m5s/Msamples
        1577000   -102560.6428         7.0      -102477.3208       -83.3219 20m5s/Msamples
        1578000   -102570.1744         7.0      -102488.2008       -81.9736 20m5s/Msamples
        1579000   -102572.1639         7.0      -102490.5044       -81.6594 20m5s/Msamples
        1580000   -102561.1820         7.0      -102477.5354       -83.6466 20m5s/Msamples
        1581000   -102564.4403         7.0      -102474.8837       -89.5565 20m5s/Msamples
        1582000   -102562.9845         7.0      -102484.7151       -78.2693 20m5s/Msamples
        1583000   -102559.6768         7.0      -102478.1958       -81.4809 20m5s/Msamples
        1584000   -102557.9630         7.0      -102473.4214       -84.5415 20m5s/Msamples
        1585000   -102557.7259         7.0      -102474.3564       -83.3695 20m5s/Msamples
        1586000   -102558.3331         7.0      -102473.4789       -84.8541 20m5s/Msamples
        1587000   -102564.1776         7.0      -102480.6610       -83.5165 20m5s/Msamples
        1588000   -102566.0828         7.0      -102476.4770       -89.6058 20m5s/Msamples
        1589000   -102561.4416         7.0      -102477.0031       -84.4384 20m5s/Msamples
        1590000   -102565.4664         7.1      -102478.7522       -86.7141 20m5s/Msamples
        1591000   -102557.5831         7.1      -102475.6907       -81.8923 20m5s/Msamples
        1592000   -102559.4055         7.1      -102474.5208       -84.8847 20m5s/Msamples
        1593000   -102562.9235         7.1      -102474.3798       -88.5436 20m5s/Msamples
        1594000   -102564.0781         7.1      -102477.8062       -86.2719 20m5s/Msamples
        1595000   -102565.7743         7.1      -102474.7590       -91.0152 20m5s/Msamples
        1596000   -102570.1461         7.1      -102477.2959       -92.8502 20m5s/Msamples
        1597000   -102562.3383         7.1      -102478.0154       -84.3229 20m5s/Msamples
        1598000   -102572.1080         7.1      -102479.3695       -92.7384 20m5s/Msamples
        1599000   -102586.3449         7.1      -102479.9361      -106.4087 20m5s/Msamples
        1600000   -102582.6213         7.1      -102482.7671       -99.8542 20m5s/Msamples
        1601000   -102580.5722         7.1      -102481.4664       -99.1057 20m5s/Msamples
        1602000   -102582.6186         7.0      -102479.4624      -103.1561 20m5s/Msamples
        1603000   -102582.6898         7.0      -102485.5770       -97.1127 20m5s/Msamples
        1604000   -102580.3061         7.0      -102482.5675       -97.7385 20m5s/Msamples
        1605000   -102591.7219         7.0      -102487.0308      -104.6911 20m5s/Msamples
        1606000   -102584.0663         7.0      -102486.5946       -97.4717 20m5s/Msamples
        1607000   -102571.5760         7.0      -102479.0522       -92.5238 20m5s/Msamples
        1608000   -102566.2870         7.0      -102477.6352       -88.6518 20m5s/Msamples
        1609000   -102576.0930         7.0      -102484.1995       -91.8934 20m5s/Msamples
        1610000   -102580.4079         6.9      -102488.2973       -92.1106 20m5s/Msamples
        1611000   -102586.2410         6.9      -102489.0632       -97.1778 20m5s/Msamples
        1612000   -102586.5904         6.9      -102485.5254      -101.0650 20m5s/Msamples
        1613000   -102578.8642         6.9      -102476.5930      -102.2712 20m5s/Msamples
        1614000   -102580.9629         6.9      -102479.8031      -101.1597 20m5s/Msamples
        1615000   -102575.4438         6.9      -102473.1550      -102.2887 20m5s/Msamples
        1616000   -102585.5614         6.9      -102481.0594      -104.5020 20m5s/Msamples
        1617000   -102592.1897         6.8      -102488.9294      -103.2603 20m5s/Msamples
        1618000   -102582.5366         6.8      -102476.9536      -105.5830 20m5s/Msamples
        1619000   -102576.6190         6.8      -102478.5513       -98.0676 20m5s/Msamples
        1620000   -102576.3705         6.8      -102478.8066       -97.5639 20m5s/Msamples
        1621000   -102583.3930         6.8      -102484.1535       -99.2394 20m5s/Msamples
        1622000   -102600.1546         6.8      -102495.6270      -104.5276 20m5s/Msamples
        1623000   -102572.2294         6.8      -102478.2664       -93.9629 20m5s/Msamples
        1624000   -102562.2092         6.8      -102468.7166       -93.4926 20m5s/Msamples
        1625000   -102568.8880         6.8      -102472.7101       -96.1778 20m5s/Msamples
        1626000   -102557.4529         6.8      -102465.7370       -91.7158 20m5s/Msamples
        1627000   -102561.4237         6.8      -102469.5888       -91.8348 20m5s/Msamples
        1628000   -102557.3853         6.8      -102467.3564       -90.0288 20m5s/Msamples
        1629000   -102562.4177         6.8      -102477.0270       -85.3907 20m5s/Msamples
        1630000   -102561.2936         6.8      -102473.0992       -88.1943 20m5s/Msamples
        1631000   -102559.9323         6.8      -102472.1978       -87.7345 20m5s/Msamples
        1632000   -102560.1314         6.9      -102471.5539       -88.5774 20m5s/Msamples
        1633000   -102562.5870         6.9      -102473.1707       -89.4163 20m5s/Msamples
        1634000   -102563.9119         6.9      -102479.4607       -84.4512 20m5s/Msamples
        1635000   -102568.2070         6.9      -102477.2425       -90.9644 20m5s/Msamples
        1636000   -102575.4225         6.9      -102476.3066       -99.1159 20m5s/Msamples
        1637000   -102574.7065         6.9      -102479.2569       -95.4495 20m5s/Msamples
        1638000   -102565.0443         6.9      -102475.1925       -89.8517 20m5s/Msamples
        1639000   -102567.4845         6.9      -102469.8958       -97.5886 20m5s/Msamples
        1640000   -102555.6254         6.9      -102466.9190       -88.7064 20m5s/Msamples
        1641000   -102574.7762         6.9      -102480.6404       -94.1358 20m5s/Msamples
        1642000   -102564.7278         6.9      -102472.1000       -92.6277 20m5s/Msamples
        1643000   -102568.8192         6.9      -102475.3916       -93.4276 20m5s/Msamples
        1644000   -102574.7746         6.9      -102476.9410       -97.8336 20m5s/Msamples
        1645000   -102568.2874         6.9      -102469.7225       -98.5649 20m5s/Msamples
        1646000   -102573.2042         6.9      -102476.6691       -96.5350 20m5s/Msamples
        1647000   -102578.8440         6.9      -102484.3622       -94.4817 20m5s/Msamples
        1648000   -102576.8659         6.8      -102478.3450       -98.5209 20m5s/Msamples
        1649000   -102575.3876         6.8      -102476.4242       -98.9633 20m5s/Msamples
        1650000   -102563.8667         6.8      -102471.9846       -91.8821 20m5s/Msamples
        1651000   -102569.2557         6.8      -102473.1790       -96.0766 20m5s/Msamples
        1652000   -102580.2129         6.8      -102484.6110       -95.6018 20m5s/Msamples
        1653000   -102571.7483         6.8      -102484.7553       -86.9929 20m5s/Msamples
        1654000   -102572.2622         6.8      -102481.7397       -90.5224 20m5s/Msamples
        1655000   -102561.5698         6.8      -102475.1903       -86.3794 20m5s/Msamples
        1656000   -102569.5552         6.8      -102475.6535       -93.9016 20m5s/Msamples
        1657000   -102575.5635         6.8      -102480.6553       -94.9081 20m5s/Msamples
        1658000   -102581.6908         6.8      -102483.0932       -98.5975 20m5s/Msamples
        1659000   -102586.4945         6.8      -102490.5925       -95.9019 20m5s/Msamples
        1660000   -102575.3595         6.8      -102477.4745       -97.8849 20m5s/Msamples
        1661000   -102573.2431         6.8      -102476.6852       -96.5579 20m5s/Msamples
        1662000   -102571.4416         6.8      -102472.4119       -99.0296 20m5s/Msamples
        1663000   -102580.7244         6.8      -102482.2392       -98.4851 20m5s/Msamples
        1664000   -102579.9969         6.8      -102484.4415       -95.5553 20m5s/Msamples
        1665000   -102572.9461         6.8      -102472.9325      -100.0135 20m5s/Msamples
        1666000   -102572.3255         6.7      -102469.7305      -102.5950 20m5s/Msamples
        1667000   -102577.7162         6.7      -102478.1726       -99.5436 20m5s/Msamples
        1668000   -102571.5400         6.7      -102475.6412       -95.8987 20m5s/Msamples
        1669000   -102572.9331         6.7      -102471.9698      -100.9633 20m5s/Msamples
        1670000   -102578.0912         6.7      -102476.6338      -101.4573 20m5s/Msamples
        1671000   -102572.5264         6.7      -102471.5496      -100.9767 20m5s/Msamples
        1672000   -102575.3556         6.7      -102468.6239      -106.7316 20m5s/Msamples
        1673000   -102572.1389         6.7      -102468.8609      -103.2780 20m5s/Msamples
        1674000   -102575.5735         6.7      -102469.4525      -106.1210 20m5s/Msamples
        1675000   -102573.0197         6.7      -102470.7256      -102.2940 20m5s/Msamples
        1676000   -102592.4188         6.7      -102479.7736      -112.6451 20m5s/Msamples
        1677000   -102598.5731         6.7      -102486.5514      -112.0216 20m5s/Msamples
        1678000   -102590.8259         6.6      -102481.2395      -109.5864 20m6s/Msamples
        1679000   -102590.8332         6.6      -102477.7266      -113.1065 20m6s/Msamples
        1680000   -102600.1200         6.6      -102488.6982      -111.4218 20m6s/Msamples
        1681000   -102599.9298         6.6      -102486.7095      -113.2202 20m6s/Msamples
        1682000   -102589.6340         6.6      -102481.6580      -107.9759 20m6s/Msamples
        1683000   -102588.8893         6.6      -102481.6028      -107.2864 20m6s/Msamples
        1684000   -102605.2276         6.6      -102496.7818      -108.4457 20m6s/Msamples
        1685000   -102584.0357         6.5      -102479.0912      -104.9444 20m6s/Msamples
        1686000   -102576.2394         6.5      -102476.7479       -99.4915 20m6s/Msamples
        1687000   -102577.5770         6.5      -102479.5254       -98.0516 20m6s/Msamples
        1688000   -102577.1112         6.5      -102482.1206       -94.9905 20m6s/Msamples
        1689000   -102577.4091         6.5      -102480.4145       -96.9946 20m6s/Msamples
        1690000   -102581.6298         6.5      -102484.8285       -96.8012 20m6s/Msamples
        1691000   -102582.1371         6.5      -102483.4760       -98.6611 20m6s/Msamples
        1692000   -102582.0054         6.5      -102484.1843       -97.8210 20m6s/Msamples
        1693000   -102572.5974         6.5      -102480.6077       -91.9896 20m6s/Msamples
        1694000   -102582.6297         6.5      -102480.3679      -102.2618 20m6s/Msamples
        1695000   -102587.7681         6.5      -102486.4003      -101.3678 20m6s/Msamples
        1696000   -102578.3619         6.4      -102478.4731       -99.8888 20m6s/Msamples
        1697000   -102586.1636         6.4      -102486.6991       -99.4644 20m6s/Msamples
        1698000   -102585.6809         6.4      -102487.8134       -97.8674 20m6s/Msamples
        1699000   -102588.1636         6.4      -102484.0237      -104.1398 20m6s/Msamples
        1700000   -102580.3991         6.4      -102480.2077      -100.1913 20m6s/Msamples
        1701000   -102580.0314         6.4      -102480.7237       -99.3076 20m6s/Msamples
        1702000   -102590.3393         6.4      -102491.1895       -99.1498 20m6s/Msamples
        1703000   -102585.6339         6.4      -102485.9707       -99.6631 20m6s/Msamples
        1704000   -102579.4772         6.4      -102476.6247      -102.8525 20m6s/Msamples
        1705000   -102581.5015         6.3      -102478.3342      -103.1673 20m6s/Msamples
        1706000   -102587.1324         6.3      -102485.5796      -101.5527 20m6s/Msamples
        1707000   -102581.0711         6.3      -102475.1761      -105.8950 20m6s/Msamples
        1708000   -102581.9005         6.3      -102478.2407      -103.6597 20m6s/Msamples
        1709000   -102596.3492         6.3      -102482.5757      -113.7735 20m6s/Msamples
        1710000   -102606.8042         6.3      -102490.6114      -116.1927 20m6s/Msamples
        1711000   -102611.9767         6.3      -102489.6324      -122.3442 20m6s/Msamples
        1712000   -102590.8319         6.2      -102480.0535      -110.7783 20m6s/Msamples
        1713000   -102607.3306         6.2      -102493.0560      -114.2745 20m6s/Msamples
        1714000   -102596.7867         6.2      -102482.7896      -113.9970 20m6s/Msamples
        1715000   -102597.6731         6.2      -102489.0359      -108.6372 20m6s/Msamples
        1716000   -102601.2326         6.2      -102492.3083      -108.9242 20m6s/Msamples
        1717000   -102594.9592         6.2      -102486.1012      -108.8580 20m6s/Msamples
        1718000   -102598.8321         6.2      -102485.6471      -113.1850 20m6s/Msamples
        1719000   -102599.2844         6.1      -102485.5534      -113.7309 20m6s/Msamples
        1720000   -102593.4241         6.1      -102487.9246      -105.4994 20m7s/Msamples
        1721000   -102598.4653         6.1      -102488.8272      -109.6380 20m7s/Msamples
        1722000   -102582.3630         6.1      -102477.8762      -104.4867 20m7s/Msamples
        1723000   -102594.0511         6.1      -102483.3820      -110.6690 20m6s/Msamples
        1724000   -102593.2945         6.1      -102481.4243      -111.8702 20m6s/Msamples
        1725000   -102583.8675         6.1      -102473.4802      -110.3873 20m6s/Msamples
        1726000   -102581.3565         6.1      -102480.5541      -100.8023 20m6s/Msamples
        1727000   -102586.0971         6.0      -102484.2494      -101.8476 20m6s/Msamples
        1728000   -102576.2787         6.0      -102472.6364      -103.6422 20m6s/Msamples
        1729000   -102580.6208         6.0      -102479.5416      -101.0792 20m6s/Msamples
        1730000   -102583.3031         6.0      -102480.0786      -103.2245 20m6s/Msamples
        1731000   -102582.6099         6.0      -102480.5383      -102.0716 20m6s/Msamples
        1732000   -102593.6847         6.0      -102488.3523      -105.3323 20m6s/Msamples
        1733000   -102585.4418         6.0      -102477.4710      -107.9708 20m6s/Msamples
        1734000   -102592.3524         6.0      -102479.2605      -113.0919 20m6s/Msamples
        1735000   -102580.9225         6.0      -102474.2961      -106.6263 20m7s/Msamples
        1736000   -102579.7969         6.0      -102474.1299      -105.6670 20m7s/Msamples
        1737000   -102581.8703         6.0      -102476.4534      -105.4168 20m7s/Msamples
        1738000   -102587.2220         6.0      -102480.2769      -106.9451 20m7s/Msamples
        1739000   -102583.7993         5.9      -102479.1079      -104.6913 20m7s/Msamples
        1740000   -102588.6654         5.9      -102479.9705      -108.6949 20m7s/Msamples
        1741000   -102580.3901         5.9      -102479.4794      -100.9106 20m7s/Msamples
        1742000   -102578.4969         5.9      -102470.4864      -108.0104 20m7s/Msamples
        1743000   -102575.6558         5.9      -102472.7585      -102.8972 20m7s/Msamples
        1744000   -102590.1587         5.9      -102487.3871      -102.7715 20m7s/Msamples
        1745000   -102588.1109         5.9      -102480.1274      -107.9835 20m7s/Msamples
        1746000   -102588.7395         5.9      -102483.3726      -105.3669 20m7s/Msamples
        1747000   -102584.8890         5.9      -102478.8909      -105.9980 20m7s/Msamples
        1748000   -102589.8715         5.9      -102482.9555      -106.9159 20m7s/Msamples
        1749000   -102580.6336         5.8      -102483.7290       -96.9046 20m7s/Msamples
        1750000   -102583.6884         5.8      -102485.6977       -97.9907 20m7s/Msamples
        1751000   -102580.6153         5.8      -102487.1598       -93.4554 20m7s/Msamples
        1752000   -102580.5639         5.8      -102485.6847       -94.8791 20m7s/Msamples
        1753000   -102582.7627         5.8      -102486.1526       -96.6100 20m7s/Msamples
        1754000   -102581.6541         5.8      -102486.4439       -95.2102 20m7s/Msamples
        1755000   -102567.3414         5.8      -102475.9585       -91.3829 20m7s/Msamples
        1756000   -102575.9566         5.8      -102483.2317       -92.7248 20m7s/Msamples
        1757000   -102580.7642         5.8      -102486.5460       -94.2182 20m7s/Msamples
        1758000   -102575.7265         5.8      -102482.4506       -93.2759 20m7s/Msamples
        1759000   -102580.2878         5.8      -102488.2586       -92.0292 20m7s/Msamples
        1760000   -102578.6712         5.8      -102486.1645       -92.5066 20m7s/Msamples
        1761000   -102575.1762         5.8      -102483.4723       -91.7039 20m7s/Msamples
        1762000   -102571.6593         5.8      -102476.1141       -95.5451 20m7s/Msamples
        1763000   -102589.6559         5.8      -102486.2615      -103.3944 20m7s/Msamples
        1764000   -102587.1595         5.8      -102481.6421      -105.5173 20m7s/Msamples
        1765000   -102591.1898         5.8      -102488.8430      -102.3468 20m7s/Msamples
        1766000   -102591.5724         5.7      -102485.3698      -106.2025 20m7s/Msamples
        1767000   -102579.5489         5.7      -102474.0553      -105.4936 20m7s/Msamples
        1768000   -102582.1399         5.7      -102479.2749      -102.8650 20m7s/Msamples
        1769000   -102583.7758         5.7      -102472.9903      -110.7854 20m7s/Msamples
        1770000   -102584.8056         5.7      -102479.5594      -105.2462 20m7s/Msamples
        1771000   -102588.1645         5.7      -102476.7008      -111.4636 20m7s/Msamples
        1772000   -102590.1049         5.7      -102486.0344      -104.0704 20m7s/Msamples
        1773000   -102593.4193         5.7      -102488.1180      -105.3013 20m7s/Msamples
        1774000   -102586.1437         5.7      -102485.3006      -100.8430 20m7s/Msamples
        1775000   -102579.3287         5.7      -102476.9313      -102.3974 20m7s/Msamples
        1776000   -102583.0636         5.7      -102480.1978      -102.8658 20m7s/Msamples
        1777000   -102580.9015         5.7      -102479.9039      -100.9976 20m8s/Msamples
        1778000   -102577.6602         5.7      -102481.3940       -96.2661 20m8s/Msamples
        1779000   -102582.8529         5.7      -102483.4760       -99.3769 20m8s/Msamples
        1780000   -102577.0148         5.7      -102476.2677      -100.7470 20m8s/Msamples
        1781000   -102589.4677         5.7      -102483.9860      -105.4817 20m8s/Msamples
        1782000   -102590.2517         5.6      -102481.3795      -108.8722 20m8s/Msamples
        1783000   -102579.6400         5.6      -102476.7425      -102.8974 20m8s/Msamples
        1784000   -102598.7325         5.6      -102490.3844      -108.3480 20m8s/Msamples
        1785000   -102595.4925         5.6      -102492.5566      -102.9358 20m8s/Msamples
        1786000   -102593.9806         5.6      -102487.6159      -106.3647 20m8s/Msamples
        1787000   -102598.7662         5.6      -102494.0812      -104.6849 20m7s/Msamples
        1788000   -102600.2233         5.6      -102495.1212      -105.1021 20m7s/Msamples
        1789000   -102610.9995         5.6      -102508.5436      -102.4558 20m7s/Msamples
        1790000   -102592.8030         5.6      -102486.7137      -106.0892 20m8s/Msamples
        1791000   -102579.2233         5.6      -102474.7028      -104.5205 20m8s/Msamples
        1792000   -102584.2464         5.6      -102480.6354      -103.6109 20m8s/Msamples
        1793000   -102589.4147         5.6      -102485.2784      -104.1363 20m8s/Msamples
        1794000   -102579.1400         5.6      -102475.7616      -103.3784 20m8s/Msamples
        1795000   -102582.9222         5.6      -102483.5833       -99.3388 20m8s/Msamples
        1796000   -102588.9690         5.5      -102493.9053       -95.0637 20m8s/Msamples
        1797000   -102565.2200         5.6      -102471.2701       -93.9499 20m8s/Msamples
        1798000   -102581.5321         5.5      -102484.4747       -97.0573 20m8s/Msamples
        1799000   -102568.3586         5.5      -102473.9919       -94.3667 20m8s/Msamples
        1800000   -102568.6574         5.5      -102470.2322       -98.4252 20m8s/Msamples
        1801000   -102581.2462         5.5      -102477.2008      -104.0453 20m8s/Msamples
        1802000   -102580.1082         5.5      -102480.2522       -99.8559 20m8s/Msamples
        1803000   -102568.6186         5.5      -102473.9703       -94.6482 20m8s/Msamples
        1804000   -102579.9678         5.5      -102484.1339       -95.8339 20m8s/Msamples
        1805000   -102594.9568         5.5      -102491.7081      -103.2486 20m8s/Msamples
        1806000   -102588.6117         5.5      -102483.6430      -104.9687 20m8s/Msamples
        1807000   -102579.0448         5.5      -102480.0136       -99.0312 20m8s/Msamples
        1808000   -102582.8723         5.5      -102479.3900      -103.4823 20m8s/Msamples
        1809000   -102596.8494         5.5      -102485.5825      -111.2669 20m8s/Msamples
        1810000   -102581.8514         5.5      -102479.7942      -102.0571 20m8s/Msamples
        1811000   -102591.9273         5.5      -102483.6452      -108.2820 20m8s/Msamples
        1812000   -102597.1014         5.5      -102490.0856      -107.0158 20m8s/Msamples
        1813000   -102595.2788         5.5      -102488.1556      -107.1232 20m8s/Msamples
        1814000   -102594.9854         5.5      -102485.4327      -109.5527 20m8s/Msamples
        1815000   -102599.8472         5.5      -102486.9856      -112.8615 20m8s/Msamples
        1816000   -102604.8403         5.5      -102483.1660      -121.6743 20m8s/Msamples
        1817000   -102601.3981         5.5      -102492.8368      -108.5613 20m8s/Msamples
        1818000   -102602.7597         5.4      -102497.4595      -105.3002 20m8s/Msamples
        1819000   -102586.5468         5.4      -102480.0162      -106.5305 20m8s/Msamples
        1820000   -102593.5933         5.4      -102477.7678      -115.8254 20m8s/Msamples
        1821000   -102591.9663         5.4      -102474.4285      -117.5378 20m8s/Msamples
        1822000   -102596.1194         5.4      -102477.6074      -118.5119 20m8s/Msamples
        1823000   -102586.5446         5.4      -102475.0863      -111.4582 20m8s/Msamples
        1824000   -102593.8987         5.4      -102482.1161      -111.7825 20m8s/Msamples
        1825000   -102587.7029         5.4      -102485.0017      -102.7011 20m8s/Msamples
        1826000   -102597.5310         5.4      -102486.0825      -111.4484 20m8s/Msamples
        1827000   -102578.4340         5.4      -102477.1154      -101.3185 20m8s/Msamples
        1828000   -102580.3040         5.4      -102478.6511      -101.6529 20m8s/Msamples
        1829000   -102581.3300         5.4      -102479.9245      -101.4054 20m8s/Msamples
        1830000   -102579.5121         5.4      -102479.3580      -100.1540 20m8s/Msamples
        1831000   -102586.8257         5.4      -102489.6652       -97.1604 20m8s/Msamples
        1832000   -102566.2631         5.4      -102467.5019       -98.7611 20m8s/Msamples
        1833000   -102573.5672         5.4      -102474.5556       -99.0116 20m8s/Msamples
        1834000   -102582.3306         5.4      -102479.6059      -102.7247 20m8s/Msamples
        1835000   -102570.1722         5.4      -102465.9147      -104.2575 20m8s/Msamples
        1836000   -102577.6114         5.4      -102469.3992      -108.2121 20m8s/Msamples
        1837000   -102576.1824         5.4      -102467.0217      -109.1607 20m8s/Msamples
        1838000   -102586.0067         5.4      -102472.4020      -113.6047 20m8s/Msamples
        1839000   -102594.7872         5.4      -102477.7286      -117.0586 20m8s/Msamples
        1840000   -102598.9708         5.4      -102478.6765      -120.2942 20m8s/Msamples
        1841000   -102602.8988         5.4      -102473.4868      -129.4120 20m8s/Msamples
        1842000   -102600.2707         5.3      -102475.7484      -124.5222 20m8s/Msamples
        1843000   -102599.2880         5.3      -102476.4511      -122.8368 20m8s/Msamples
        1844000   -102591.3373         5.3      -102475.0739      -116.2633 20m8s/Msamples
        1845000   -102598.4365         5.3      -102479.8648      -118.5717 20m8s/Msamples
        1846000   -102601.7625         5.3      -102486.7484      -115.0141 20m8s/Msamples
        1847000   -102599.7950         5.3      -102478.6450      -121.1499 20m8s/Msamples
        1848000   -102591.4283         5.3      -102480.0311      -111.3971 20m8s/Msamples
        1849000   -102588.1732         5.3      -102479.2629      -108.9102 20m8s/Msamples
        1850000   -102579.3010         5.3      -102472.1016      -107.1994 20m8s/Msamples
        1851000   -102581.2272         5.3      -102472.0039      -109.2232 20m8s/Msamples
        1852000   -102584.1380         5.3      -102472.8572      -111.2807 20m8s/Msamples
        1853000   -102601.0037         5.3      -102480.8350      -120.1686 20m8s/Msamples
        1854000   -102600.7722         5.3      -102480.2331      -120.5391 20m8s/Msamples
        1855000   -102608.1464         5.3      -102486.9414      -121.2049 20m8s/Msamples
        1856000   -102600.5031         5.3      -102480.6081      -119.8950 20m9s/Msamples
        1857000   -102596.2749         5.3      -102479.8169      -116.4579 20m9s/Msamples
        1858000   -102608.3349         5.3      -102485.1169      -123.2180 20m9s/Msamples
        1859000   -102602.5593         5.3      -102481.1873      -121.3719 20m9s/Msamples
        1860000   -102603.6316         5.3      -102487.1704      -116.4611 20m9s/Msamples
        1861000   -102603.2892         5.3      -102481.2273      -122.0618 20m9s/Msamples
        1862000   -102600.2364         5.3      -102476.4028      -123.8336 20m9s/Msamples
        1863000   -102602.9028         5.3      -102484.4587      -118.4440 20m9s/Msamples
        1864000   -102608.1831         5.3      -102481.5268      -126.6562 20m9s/Msamples
        1865000   -102620.5381         5.3      -102493.8346      -126.7034 20m9s/Msamples
        1866000   -102624.8231         5.3      -102498.9941      -125.8289 20m9s/Msamples
        1867000   -102620.3886         5.3      -102493.4140      -126.9746 20m9s/Msamples
        1868000   -102618.5296         5.3      -102496.1224      -122.4071 20m9s/Msamples
        1869000   -102615.0454         5.3      -102493.6165      -121.4288 20m9s/Msamples
        1870000   -102607.6066         5.3      -102484.9814      -122.6252 20m9s/Msamples
        1871000   -102595.0492         5.3      -102478.3355      -116.7136 20m9s/Msamples
        1872000   -102599.2580         5.3      -102481.4101      -117.8478 20m9s/Msamples
        1873000   -102590.8410         5.3      -102479.9179      -110.9231 20m9s/Msamples
        1874000   -102585.6002         5.2      -102478.8797      -106.7204 20m9s/Msamples
        1875000   -102591.2252         5.2      -102478.5149      -112.7103 20m9s/Msamples
        1876000   -102585.7340         5.2      -102478.6081      -107.1258 20m9s/Msamples
        1877000   -102592.2597         5.2      -102486.6405      -105.6191 20m9s/Msamples
        1878000   -102597.9334         5.2      -102490.9138      -107.0195 20m9s/Msamples
        1879000   -102584.8291         5.2      -102482.5196      -102.3094 20m9s/Msamples
        1880000   -102582.3626         5.2      -102477.9138      -104.4487 20m9s/Msamples
        1881000   -102587.1804         5.2      -102480.2643      -106.9161 20m9s/Msamples
        1882000   -102593.6601         5.2      -102489.3327      -104.3273 20m9s/Msamples
        1883000   -102588.3705         5.2      -102485.4830      -102.8874 20m9s/Msamples
        1884000   -102595.5616         5.2      -102486.3207      -109.2408 20m9s/Msamples
        1885000   -102597.2767         5.2      -102488.6995      -108.5771 20m9s/Msamples
        1886000   -102577.5985         5.2      -102476.6424      -100.9560 20m9s/Msamples
        1887000   -102607.8896         5.2      -102501.0927      -106.7968 20m9s/Msamples
        1888000   -102589.6003         5.2      -102487.6397      -101.9605 20m9s/Msamples
        1889000   -102587.5815         5.2      -102487.1585      -100.4229 20m9s/Msamples
        1890000   -102589.6079         5.2      -102488.2909      -101.3170 20m9s/Msamples
        1891000   -102581.5357         5.2      -102476.1015      -105.4341 20m9s/Msamples
        1892000   -102599.9245         5.2      -102483.0704      -116.8540 20m9s/Msamples
        1893000   -102604.2763         5.1      -102484.6500      -119.6262 20m9s/Msamples
        1894000   -102587.1148         5.1      -102478.6630      -108.4517 20m9s/Msamples
        1895000   -102587.5702         5.1      -102488.7536       -98.8166 20m9s/Msamples
        1896000   -102580.1363         5.1      -102481.3415       -98.7947 20m9s/Msamples
        1897000   -102576.6509         5.1      -102477.6224       -99.0284 20m9s/Msamples
        1898000   -102582.7618         5.1      -102480.8733      -101.8885 20m9s/Msamples
        1899000   -102571.9772         5.1      -102474.4232       -97.5540 20m9s/Msamples
        1900000   -102578.3113         5.1      -102478.5345       -99.7768 20m9s/Msamples
        1901000   -102579.5240         5.1      -102479.0714      -100.4526 20m9s/Msamples
        1902000   -102585.0455         5.1      -102486.6355       -98.4100 20m9s/Msamples
        1903000   -102580.9766         5.1      -102481.9813       -98.9952 20m9s/Msamples
        1904000   -102586.2807         5.1      -102487.2195       -99.0612 20m9s/Msamples
        1905000   -102587.0746         5.1      -102481.4119      -105.6627 20m9s/Msamples
        1906000   -102584.7022         5.1      -102481.7021      -103.0001 20m9s/Msamples
        1907000   -102579.6864         5.1      -102482.4615       -97.2248 20m9s/Msamples
        1908000   -102579.9767         5.1      -102481.7317       -98.2449 20m9s/Msamples
        1909000   -102572.5978         5.1      -102476.0671       -96.5306 20m9s/Msamples
        1910000   -102574.1547         5.1      -102474.3425       -99.8122 20m9s/Msamples
        1911000   -102574.0282         5.1      -102477.3952       -96.6329 20m9s/Msamples
        1912000   -102573.4093         5.1      -102473.0243      -100.3849 20m9s/Msamples
        1913000   -102573.7521         5.1      -102475.9773       -97.7747 20m9s/Msamples
        1914000   -102573.4972         5.1      -102478.3904       -95.1068 20m9s/Msamples
        1915000   -102583.3173         5.1      -102490.1927       -93.1245 20m9s/Msamples
        1916000   -102580.3474         5.1      -102486.9893       -93.3581 20m9s/Msamples
        1917000   -102595.4540         5.1      -102493.2849      -102.1691 20m9s/Msamples
        1918000   -102591.5789         5.1      -102496.1622       -95.4167 20m9s/Msamples
        1919000   -102582.5236         5.1      -102491.8694       -90.6541 20m9s/Msamples
        1920000   -102586.5352         5.1      -102491.5868       -94.9483 20m9s/Msamples
        1921000   -102590.9456         5.1      -102491.3261       -99.6195 20m9s/Msamples
        1922000   -102581.8400         5.1      -102483.1495       -98.6904 20m9s/Msamples
        1923000   -102571.9222         5.1      -102474.0815       -97.8406 20m9s/Msamples
        1924000   -102579.3120         5.1      -102477.8467      -101.4652 20m9s/Msamples
        1925000   -102591.7844         5.1      -102487.3850      -104.3993 20m9s/Msamples
        1926000   -102568.3642         5.1      -102473.8390       -94.5251 20m9s/Msamples
        1927000   -102571.8355         5.1      -102480.1392       -91.6962 20m9s/Msamples
        1928000   -102562.4358         5.1      -102472.8651       -89.5706 20m9s/Msamples
        1929000   -102569.9152         5.1      -102474.8647       -95.0505 20m9s/Msamples
        1930000   -102561.7905         5.1      -102472.4547       -89.3358 20m9s/Msamples
        1931000   -102553.7491         5.1      -102469.3517       -84.3974 20m9s/Msamples
        1932000   -102565.3653         5.1      -102477.3323       -88.0329 20m9s/Msamples
        1933000   -102562.3438         5.1      -102475.2559       -87.0879 20m9s/Msamples
        1934000   -102574.3778         5.1      -102487.4252       -86.9525 20m9s/Msamples
        1935000   -102571.1434         5.1      -102480.4557       -90.6876 20m9s/Msamples
        1936000   -102571.6960         5.1      -102479.8191       -91.8769 20m9s/Msamples
        1937000   -102571.3372         5.1      -102473.9847       -97.3525 20m9s/Msamples
        1938000   -102561.5825         5.1      -102470.5957       -90.9868 20m9s/Msamples
        1939000   -102568.1900         5.1      -102477.0378       -91.1522 20m9s/Msamples
        1940000   -102571.7127         5.1      -102476.9324       -94.7803 20m9s/Msamples
        1941000   -102556.0729         5.1      -102473.3745       -82.6983 20m9s/Msamples
        1942000   -102564.9538         5.1      -102482.1331       -82.8206 20m9s/Msamples
        1943000   -102571.8044         5.1      -102487.6415       -84.1629 20m9s/Msamples
        1944000   -102555.0772         5.2      -102478.3939       -76.6833 20m9s/Msamples
        1945000   -102561.0067         5.2      -102475.3994       -85.6072 20m9s/Msamples
        1946000   -102566.0050         5.2      -102478.7698       -87.2352 20m9s/Msamples
        1947000   -102562.2535         5.2      -102482.5115       -79.7420 20m9s/Msamples
        1948000   -102567.5344         5.2      -102483.6634       -83.8709 20m9s/Msamples
        1949000   -102571.4317         5.2      -102489.4755       -81.9561 20m9s/Msamples
        1950000   -102564.9988         5.2      -102485.3732       -79.6255 20m9s/Msamples
        1951000   -102584.6488         5.2      -102499.2702       -85.3786 20m9s/Msamples
        1952000   -102575.4809         5.2      -102493.9280       -81.5529 20m9s/Msamples
        1953000   -102582.9772         5.2      -102493.8615       -89.1156 20m9s/Msamples
        1954000   -102581.9365         5.2      -102489.2456       -92.6909 20m9s/Msamples
        1955000   -102570.1006         5.2      -102482.8325       -87.2681 20m9s/Msamples
        1956000   -102578.6781         5.2      -102485.0953       -93.5828 20m9s/Msamples
        1957000   -102573.3187         5.2      -102480.6131       -92.7056 20m9s/Msamples
        1958000   -102573.9700         5.2      -102482.0377       -91.9322 20m9s/Msamples
        1959000   -102577.1587         5.2      -102483.0105       -94.1482 20m9s/Msamples
        1960000   -102584.1999         5.2      -102491.0766       -93.1232 20m9s/Msamples
        1961000   -102582.8358         5.2      -102485.0082       -97.8275 20m9s/Msamples
        1962000   -102568.0234         5.2      -102480.7576       -87.2657 20m9s/Msamples
        1963000   -102572.2140         5.2      -102482.0857       -90.1282 20m9s/Msamples
        1964000   -102568.8650         5.2      -102476.7175       -92.1474 20m9s/Msamples
        1965000   -102583.0592         5.2      -102480.9879      -102.0712 20m9s/Msamples
        1966000   -102592.8985         5.2      -102489.2095      -103.6890 20m9s/Msamples
        1967000   -102582.6297         5.2      -102490.2489       -92.3807 20m9s/Msamples
        1968000   -102586.2181         5.2      -102494.1298       -92.0882 20m9s/Msamples
        1969000   -102580.0738         5.2      -102489.4790       -90.5947 20m9s/Msamples
        1970000   -102582.3176         5.2      -102492.2387       -90.0788 20m9s/Msamples
        1971000   -102589.9994         5.2      -102496.9813       -93.0181 20m9s/Msamples
        1972000   -102589.0049         5.2      -102495.7286       -93.2763 20m9s/Msamples
        1973000   -102575.8866         5.2      -102480.6246       -95.2619 20m9s/Msamples
        1974000   -102567.4776         5.2      -102475.8485       -91.6291 20m9s/Msamples
        1975000   -102565.4270         5.2      -102474.5028       -90.9241 20m9s/Msamples
        1976000   -102549.2213         5.2      -102473.9352       -75.2861 20m9s/Msamples
        1977000   -102547.3750         5.2      -102474.7843       -72.5907 20m9s/Msamples
        1978000   -102551.1666         5.2      -102474.1106       -77.0560 20m9s/Msamples
        1979000   -102543.2946         5.3      -102470.0763       -73.2182 20m9s/Msamples
        1980000   -102548.1732         5.3      -102476.5614       -71.6117 20m9s/Msamples
        1981000   -102544.1068         5.3      -102480.0959       -64.0109 20m9s/Msamples
        1982000   -102550.7834         5.3      -102480.9441       -69.8392 20m9s/Msamples
        1983000   -102552.8863         5.3      -102482.1379       -70.7484 20m9s/Msamples
        1984000   -102563.1910         5.3      -102481.5173       -81.6736 20m9s/Msamples
        1985000   -102566.8682         5.3      -102485.4865       -81.3817 20m9s/Msamples
        1986000   -102578.7401         5.3      -102495.2662       -83.4739 20m9s/Msamples
        1987000   -102569.9090         5.3      -102489.0784       -80.8305 20m9s/Msamples
        1988000   -102560.0114         5.3      -102484.4254       -75.5859 20m9s/Msamples
        1989000   -102561.8261         5.3      -102485.6373       -76.1887 20m9s/Msamples
        1990000   -102566.8298         5.3      -102497.8525       -68.9773 20m9s/Msamples
        1991000   -102566.4502         5.4      -102487.7079       -78.7422 20m9s/Msamples
        1992000   -102552.5625         5.4      -102481.1322       -71.4302 20m9s/Msamples
        1993000   -102549.7377         5.4      -102481.2987       -68.4389 20m9s/Msamples
        1994000   -102558.3293         5.4      -102482.9213       -75.4079 20m9s/Msamples
        1995000   -102550.1816         5.4      -102474.6082       -75.5733 20m9s/Msamples
        1996000   -102555.5750         5.4      -102479.1665       -76.4085 20m9s/Msamples
        1997000   -102563.4291         5.4      -102481.9123       -81.5167 20m9s/Msamples
        1998000   -102571.7026         5.4      -102487.6080       -84.0945 20m9s/Msamples
        1999000   -102566.5502         5.4      -102484.1419       -82.4083 20m9s/Msamples
        2000000   -102559.0853         5.4      -102478.7721       -80.3132 20m9s/Msamples
        2001000   -102575.0313         5.4      -102486.1529       -88.8784 20m9s/Msamples
        2002000   -102561.8484         5.4      -102483.8737       -77.9746 20m9s/Msamples
        2003000   -102571.0421         5.4      -102491.9950       -79.0471 20m9s/Msamples
        2004000   -102569.4571         5.4      -102487.3033       -82.1538 20m9s/Msamples
        2005000   -102576.0249         5.4      -102493.6810       -82.3439 20m9s/Msamples
        2006000   -102565.0945         5.5      -102485.2905       -79.8039 20m9s/Msamples
        2007000   -102577.2821         5.5      -102490.1769       -87.1052 20m9s/Msamples
        2008000   -102592.4683         5.5      -102494.0269       -98.4414 20m9s/Msamples
        2009000   -102581.8366         5.5      -102492.0635       -89.7731 20m9s/Msamples
        2010000   -102584.0614         5.5      -102496.0360       -88.0253 20m9s/Msamples
        2011000   -102571.4540         5.5      -102482.0114       -89.4426 20m9s/Msamples
        2012000   -102581.1624         5.5      -102487.8589       -93.3034 20m9s/Msamples
        2013000   -102572.8641         5.5      -102481.3159       -91.5482 20m9s/Msamples
        2014000   -102570.8494         5.5      -102484.9217       -85.9277 20m9s/Msamples
        2015000   -102574.5552         5.5      -102485.2591       -89.2961 20m9s/Msamples
        2016000   -102583.3818         5.5      -102492.4558       -90.9260 20m9s/Msamples
        2017000   -102577.7767         5.5      -102489.2018       -88.5748 20m9s/Msamples
        2018000   -102579.5743         5.5      -102493.5865       -85.9877 20m9s/Msamples
        2019000   -102567.8328         5.5      -102488.2449       -79.5879 20m9s/Msamples
        2020000   -102565.5938         5.5      -102482.2984       -83.2954 20m9s/Msamples
        2021000   -102563.2597         5.5      -102483.3003       -79.9594 20m9s/Msamples
        2022000   -102541.8343         5.5      -102474.9928       -66.8415 20m9s/Msamples
        2023000   -102542.1847         5.5      -102469.9571       -72.2276 20m9s/Msamples
        2024000   -102555.8305         5.5      -102478.8232       -77.0073 20m9s/Msamples
        2025000   -102550.7018         5.5      -102480.9631       -69.7387 20m9s/Msamples
        2026000   -102561.9430         5.5      -102486.9925       -74.9505 20m9s/Msamples
        2027000   -102561.8739         5.6      -102487.0457       -74.8281 20m9s/Msamples
        2028000   -102557.9283         5.6      -102484.5539       -73.3743 20m9s/Msamples
        2029000   -102553.9735         5.6      -102475.9703       -78.0031 20m9s/Msamples
        2030000   -102555.6517         5.6      -102481.8831       -73.7686 20m9s/Msamples
        2031000   -102549.9414         5.6      -102481.2683       -68.6730 20m9s/Msamples
        2032000   -102547.4274         5.6      -102477.7172       -69.7102 20m9s/Msamples
        2033000   -102548.4417         5.6      -102477.8044       -70.6373 20m9s/Msamples
        2034000   -102561.1058         5.6      -102487.0721       -74.0336 20m9s/Msamples
        2035000   -102554.8114         5.7      -102482.6606       -72.1508 20m9s/Msamples
        2036000   -102558.1434         5.7      -102481.9492       -76.1942 20m9s/Msamples
        2037000   -102556.3538         5.7      -102480.2389       -76.1149 20m9s/Msamples
        2038000   -102559.7709         5.7      -102483.8827       -75.8881 20m9s/Msamples
        2039000   -102562.5175         5.7      -102488.7286       -73.7889 20m9s/Msamples
        2040000   -102570.1074         5.7      -102488.1432       -81.9642 20m9s/Msamples
        2041000   -102564.0780         5.7      -102487.9779       -76.1000 20m9s/Msamples
        2042000   -102566.8485         5.7      -102486.1034       -80.7450 20m9s/Msamples
        2043000   -102563.4127         5.7      -102490.1028       -73.3099 20m9s/Msamples
        2044000   -102573.5094         5.7      -102494.4930       -79.0164 20m9s/Msamples
        2045000   -102574.5345         5.7      -102490.8446       -83.6898 20m9s/Msamples
        2046000   -102571.2719         5.7      -102485.4429       -85.8290 20m9s/Msamples
        2047000   -102569.0968         5.7      -102486.6563       -82.4405 20m9s/Msamples
        2048000   -102573.7634         5.7      -102495.0479       -78.7155 20m9s/Msamples
        2049000   -102593.3424         5.7      -102497.1796       -96.1627 20m9s/Msamples
        2050000   -102585.1861         5.7      -102492.0402       -93.1459 20m9s/Msamples
        2051000   -102584.1601         5.7      -102496.7991       -87.3609 20m9s/Msamples
        2052000   -102582.9317         5.7      -102498.6457       -84.2860 20m9s/Msamples
        2053000   -102574.7783         5.7      -102488.8840       -85.8943 20m9s/Msamples
        2054000   -102567.5249         5.7      -102484.1657       -83.3592 20m9s/Msamples
        2055000   -102580.2155         5.7      -102493.2406       -86.9748 20m9s/Msamples
        2056000   -102580.7114         5.7      -102494.7896       -85.9217 20m8s/Msamples
        2057000   -102584.3064         5.7      -102497.9299       -86.3764 20m8s/Msamples
        2058000   -102592.4754         5.7      -102497.6088       -94.8666 20m8s/Msamples
        2059000   -102578.1248         5.7      -102486.7919       -91.3328 20m8s/Msamples
        2060000   -102563.0860         5.7      -102478.3446       -84.7414 20m9s/Msamples
        2061000   -102571.6065         5.7      -102474.1943       -97.4122 20m9s/Msamples
        2062000   -102581.4684         5.7      -102479.7920      -101.6764 20m9s/Msamples
        2063000   -102579.4455         5.7      -102480.4476       -98.9978 20m9s/Msamples
        2064000   -102584.2471         5.7      -102484.5792       -99.6679 20m9s/Msamples
        2065000   -102589.5699         5.7      -102490.8329       -98.7369 20m9s/Msamples
        2066000   -102581.3323         5.7      -102481.1337      -100.1986 20m9s/Msamples
        2067000   -102573.8409         5.7      -102479.0566       -94.7843 20m9s/Msamples
        2068000   -102576.9326         5.7      -102488.4461       -88.4864 20m9s/Msamples
        2069000   -102582.9011         5.7      -102489.0507       -93.8504 20m9s/Msamples
        2070000   -102580.9300         5.7      -102493.8608       -87.0691 20m9s/Msamples
        2071000   -102588.6420         5.7      -102495.8664       -92.7755 20m9s/Msamples
        2072000   -102578.5007         5.7      -102488.1906       -90.3101 20m9s/Msamples
        2073000   -102571.9955         5.7      -102488.1375       -83.8579 20m9s/Msamples
        2074000   -102582.3252         5.7      -102490.9977       -91.3274 20m9s/Msamples
        2075000   -102578.4072         5.7      -102488.0116       -90.3956 20m9s/Msamples
        2076000   -102564.2868         5.7      -102483.0759       -81.2109 20m9s/Msamples
        2077000   -102567.1491         5.7      -102488.4108       -78.7382 20m9s/Msamples
        2078000   -102573.0953         5.7      -102485.3314       -87.7638 20m9s/Msamples
        2079000   -102557.1067         5.7      -102473.3446       -83.7621 20m9s/Msamples
        2080000   -102565.4641         5.7      -102474.8567       -90.6074 20m9s/Msamples
        2081000   -102580.0260         5.7      -102490.5649       -89.4610 20m9s/Msamples
        2082000   -102577.4720         5.7      -102490.6913       -86.7806 20m8s/Msamples
        2083000   -102579.9326         5.7      -102488.3198       -91.6128 20m9s/Msamples
        2084000   -102572.8299         5.7      -102482.5289       -90.3010 20m8s/Msamples
        2085000   -102565.4324         5.7      -102480.7168       -84.7155 20m8s/Msamples
        2086000   -102572.5442         5.8      -102490.5151       -82.0290 20m8s/Msamples
        2087000   -102567.5720         5.8      -102489.4126       -78.1594 20m8s/Msamples
        2088000   -102556.6749         5.8      -102480.9853       -75.6895 20m8s/Msamples
        2089000   -102549.2759         5.8      -102472.9767       -76.2991 20m8s/Msamples
        2090000   -102554.2459         5.8      -102469.2895       -84.9564 20m8s/Msamples
        2091000   -102545.0813         5.8      -102466.7422       -78.3390 20m8s/Msamples
        2092000   -102548.2456         5.8      -102468.5658       -79.6797 20m8s/Msamples
        2093000   -102550.9561         5.8      -102474.6563       -76.2997 20m8s/Msamples
        2094000   -102547.6344         5.9      -102471.0004       -76.6340 20m8s/Msamples
        2095000   -102550.4581         5.9      -102478.7090       -71.7491 20m8s/Msamples
        2096000   -102554.3284         5.9      -102475.5910       -78.7373 20m8s/Msamples
        2097000   -102549.5644         5.9      -102473.4329       -76.1314 20m8s/Msamples
        2098000   -102557.3055         5.9      -102475.8241       -81.4814 20m8s/Msamples
        2099000   -102565.2209         5.9      -102485.9850       -79.2358 20m8s/Msamples
        2100000   -102559.8295         5.9      -102476.9732       -82.8562 20m8s/Msamples
        2101000   -102557.2105         5.9      -102475.1275       -82.0829 20m8s/Msamples
        2102000   -102558.9711         5.9      -102479.3613       -79.6098 20m8s/Msamples
        2103000   -102560.5038         5.9      -102478.1315       -82.3723 20m8s/Msamples
        2104000   -102548.2926         6.0      -102469.2653       -79.0272 20m8s/Msamples
        2105000   -102550.2490         6.0      -102470.4223       -79.8266 20m8s/Msamples
        2106000   -102564.0784         6.0      -102486.3335       -77.7448 20m8s/Msamples
        2107000   -102554.9125         6.0      -102475.7859       -79.1266 20m8s/Msamples
        2108000   -102550.8566         6.0      -102475.1020       -75.7546 20m8s/Msamples
        2109000   -102554.7048         6.0      -102477.5978       -77.1069 20m8s/Msamples
        2110000   -102561.1284         6.0      -102484.7407       -76.3876 20m9s/Msamples
        2111000   -102555.5384         6.0      -102478.0175       -77.5209 20m9s/Msamples
        2112000   -102543.9182         6.0      -102475.4016       -68.5166 20m9s/Msamples
        2113000   -102543.6461         6.1      -102471.0139       -72.6321 20m9s/Msamples
        2114000   -102551.5157         6.1      -102477.1920       -74.3236 20m9s/Msamples
        2115000   -102555.7872         6.1      -102473.6453       -82.1419 20m9s/Msamples
        2116000   -102561.6966         6.1      -102476.0630       -85.6336 20m9s/Msamples
        2117000   -102536.5971         6.1      -102460.6358       -75.9612 20m9s/Msamples
        2118000   -102539.2538         6.2      -102463.5181       -75.7357 20m9s/Msamples
        2119000   -102553.6332         6.2      -102471.1201       -82.5130 20m9s/Msamples
        2120000   -102568.4075         6.2      -102484.9569       -83.4506 20m9s/Msamples
        2121000   -102569.7745         6.2      -102481.0465       -88.7279 20m9s/Msamples
        2122000   -102565.3949         6.2      -102482.9056       -82.4893 20m9s/Msamples
        2123000   -102568.8012         6.2      -102486.4970       -82.3042 20m9s/Msamples
        2124000   -102570.3769         6.2      -102488.7637       -81.6131 20m9s/Msamples
        2125000   -102572.1051         6.2      -102487.7277       -84.3774 20m9s/Msamples
        2126000   -102572.8488         6.2      -102486.8895       -85.9592 20m9s/Msamples
        2127000   -102577.4861         6.2      -102485.9296       -91.5565 20m9s/Msamples
        2128000   -102575.2369         6.2      -102482.7725       -92.4643 20m9s/Msamples
        2129000   -102581.9108         6.2      -102483.9516       -97.9591 20m9s/Msamples
        2130000   -102583.2277         6.2      -102482.3071      -100.9205 20m9s/Msamples
        2131000   -102573.1959         6.2      -102481.6288       -91.5670 20m9s/Msamples
        2132000   -102568.8049         6.2      -102482.0892       -86.7157 20m9s/Msamples
        2133000   -102569.5175         6.2      -102481.4084       -88.1091 20m9s/Msamples
        2134000   -102564.0695         6.2      -102477.7422       -86.3273 20m9s/Msamples
        2135000   -102569.9144         6.2      -102482.2002       -87.7141 20m9s/Msamples
        2136000   -102566.8037         6.2      -102474.1536       -92.6500 20m9s/Msamples
        2137000   -102564.1585         6.2      -102481.1464       -83.0120 20m9s/Msamples
        2138000   -102571.8680         6.2      -102483.2178       -88.6501 20m9s/Msamples
        2139000   -102567.6823         6.2      -102482.3269       -85.3554 20m9s/Msamples
        2140000   -102562.2057         6.2      -102474.5935       -87.6121 20m9s/Msamples
        2141000   -102567.8917         6.2      -102477.1450       -90.7467 20m9s/Msamples
        2142000   -102570.3686         6.2      -102480.5393       -89.8292 20m9s/Msamples
        2143000   -102564.6383         6.2      -102474.1950       -90.4432 20m9s/Msamples
        2144000   -102565.7679         6.2      -102473.0868       -92.6811 20m9s/Msamples
        2145000   -102561.3035         6.3      -102472.4284       -88.8750 20m9s/Msamples
        2146000   -102552.9338         6.3      -102469.9857       -82.9480 20m9s/Msamples
        2147000   -102554.0265         6.3      -102478.1985       -75.8279 20m9s/Msamples
        2148000   -102548.2453         6.3      -102472.6955       -75.5497 20m9s/Msamples
        2149000   -102548.0073         6.3      -102471.1038       -76.9034 20m9s/Msamples
        2150000   -102553.9508         6.3      -102479.6047       -74.3460 20m9s/Msamples
        2151000   -102547.0822         6.3      -102473.3563       -73.7258 20m9s/Msamples
        2152000   -102555.6859         6.3      -102476.2689       -79.4169 20m9s/Msamples
        2153000   -102557.0284         6.4      -102479.5986       -77.4298 20m9s/Msamples
        2154000   -102567.4548         6.4      -102485.8138       -81.6409 20m9s/Msamples
        2155000   -102567.1173         6.4      -102482.3743       -84.7430 20m9s/Msamples
        2156000   -102560.2652         6.4      -102476.4615       -83.8037 20m9s/Msamples
        2157000   -102568.5333         6.4      -102484.5831       -83.9501 20m9s/Msamples
        2158000   -102558.8835         6.4      -102476.4870       -82.3965 20m9s/Msamples
        2159000   -102570.1579         6.4      -102483.9194       -86.2385 20m9s/Msamples
        2160000   -102573.1315         6.4      -102486.4622       -86.6692 20m9s/Msamples
        2161000   -102572.1019         6.4      -102488.7966       -83.3052 20m9s/Msamples
        2162000   -102562.5773         6.4      -102483.2641       -79.3131 20m9s/Msamples
        2163000   -102555.5773         6.4      -102481.5425       -74.0347 20m10s/Msamples
        2164000   -102548.5968         6.4      -102473.3696       -75.2271 20m10s/Msamples
        2165000   -102538.1601         6.5      -102466.0234       -72.1367 20m10s/Msamples
        2166000   -102546.8774         6.5      -102475.5176       -71.3598 20m10s/Msamples
        2167000   -102554.8745         6.5      -102480.3247       -74.5497 20m10s/Msamples
        2168000   -102554.5021         6.5      -102475.6870       -78.8151 20m10s/Msamples
        2169000   -102555.9775         6.5      -102483.4463       -72.5311 20m10s/Msamples
        2170000   -102553.0383         6.5      -102475.8199       -77.2183 20m10s/Msamples
        2171000   -102549.9785         6.5      -102475.1348       -74.8436 20m10s/Msamples
        2172000   -102550.9897         6.5      -102473.9442       -77.0454 20m10s/Msamples
        2173000   -102557.0109         6.6      -102484.9665       -72.0443 20m10s/Msamples
        2174000   -102545.9342         6.6      -102473.7535       -72.1807 20m10s/Msamples
        2175000   -102542.0730         6.6      -102470.4594       -71.6136 20m9s/Msamples
        2176000   -102545.6978         6.6      -102476.2575       -69.4402 20m9s/Msamples
        2177000   -102555.9052         6.6      -102488.2625       -67.6427 20m10s/Msamples
        2178000   -102549.8271         6.7      -102478.9192       -70.9079 20m9s/Msamples
        2179000   -102554.6880         6.7      -102478.3272       -76.3607 20m9s/Msamples
        2180000   -102551.2164         6.7      -102478.9427       -72.2737 20m9s/Msamples
        2181000   -102575.2944         6.7      -102491.4018       -83.8925 20m9s/Msamples
        2182000   -102560.0567         6.7      -102483.2855       -76.7711 20m9s/Msamples
        2183000   -102569.4112         6.7      -102491.6825       -77.7286 20m9s/Msamples
        2184000   -102569.4805         6.7      -102489.5254       -79.9550 20m9s/Msamples
        2185000   -102568.8407         6.7      -102489.3011       -79.5395 20m9s/Msamples
        2186000   -102567.8808         6.7      -102487.5001       -80.3807 20m9s/Msamples
        2187000   -102578.1303         6.7      -102492.7380       -85.3922 20m9s/Msamples
        2188000   -102566.1796         6.7      -102483.1302       -83.0494 20m9s/Msamples
        2189000   -102552.8117         6.7      -102482.1586       -70.6531 20m9s/Msamples
        2190000   -102548.1769         6.7      -102481.4468       -66.7300 20m9s/Msamples
        2191000   -102546.5980         6.7      -102478.4400       -68.1579 20m9s/Msamples
        2192000   -102554.4252         6.8      -102484.0392       -70.3859 20m9s/Msamples
        2193000   -102550.0288         6.8      -102478.9910       -71.0377 20m9s/Msamples
        2194000   -102549.5367         6.8      -102481.8960       -67.6406 20m9s/Msamples
        2195000   -102559.0094         6.8      -102491.4797       -67.5297 20m9s/Msamples
        2196000   -102555.5687         6.8      -102480.5671       -75.0016 20m9s/Msamples
        2197000   -102548.7305         6.8      -102475.6495       -73.0810 20m9s/Msamples
        2198000   -102558.7601         6.8      -102479.3497       -79.4103 20m9s/Msamples
        2199000   -102553.7347         6.8      -102477.1771       -76.5575 20m9s/Msamples
        2200000   -102558.4531         6.8      -102481.5570       -76.8961 20m9s/Msamples
        2201000   -102550.5902         6.9      -102480.4177       -70.1725 20m9s/Msamples
        2202000   -102553.8079         6.9      -102481.1589       -72.6489 20m9s/Msamples
        2203000   -102564.0123         6.9      -102485.2881       -78.7242 20m9s/Msamples
        2204000   -102553.5526         6.9      -102472.4449       -81.1076 20m9s/Msamples
        2205000   -102556.9492         6.9      -102475.7088       -81.2403 20m9s/Msamples
        2206000   -102551.9017         6.9      -102477.7977       -74.1039 20m9s/Msamples
        2207000   -102542.9397         6.9      -102471.2907       -71.6490 20m9s/Msamples
        2208000   -102560.9572         6.9      -102488.4579       -72.4993 20m9s/Msamples
        2209000   -102557.3313         6.9      -102480.0753       -77.2559 20m9s/Msamples
        2210000   -102558.7341         6.9      -102483.7490       -74.9850 20m9s/Msamples
        2211000   -102559.9125         6.9      -102477.8685       -82.0439 20m9s/Msamples
        2212000   -102559.3058         7.0      -102475.7607       -83.5451 20m9s/Msamples
        2213000   -102567.1218         7.0      -102484.7016       -82.4201 20m9s/Msamples
        2214000   -102560.9176         7.0      -102485.9564       -74.9612 20m9s/Msamples
        2215000   -102562.4874         7.0      -102487.7350       -74.7523 20m9s/Msamples
        2216000   -102558.0722         7.0      -102482.3219       -75.7503 20m9s/Msamples
        2217000   -102556.1033         7.0      -102481.0533       -75.0500 20m9s/Msamples
        2218000   -102566.1919         7.0      -102488.7417       -77.4501 20m9s/Msamples
        2219000   -102563.7701         7.0      -102482.5555       -81.2145 20m9s/Msamples
        2220000   -102568.7947         7.0      -102492.2390       -76.5557 20m10s/Msamples
        2221000   -102562.9464         7.0      -102486.3043       -76.6421 20m10s/Msamples
        2222000   -102564.5236         7.0      -102485.9884       -78.5352 20m10s/Msamples
        2223000   -102557.9650         7.0      -102483.4893       -74.4756 20m9s/Msamples
        2224000   -102574.8993         7.0      -102485.0199       -89.8794 20m9s/Msamples
        2225000   -102564.3772         7.0      -102481.5673       -82.8099 20m9s/Msamples
        2226000   -102564.3833         7.0      -102482.4261       -81.9572 20m9s/Msamples
        2227000   -102556.1996         7.0      -102475.8943       -80.3052 20m9s/Msamples
        2228000   -102554.0904         7.0      -102479.6230       -74.4673 20m9s/Msamples
        2229000   -102554.4290         7.0      -102473.4917       -80.9372 20m9s/Msamples
        2230000   -102558.5284         7.1      -102481.9306       -76.5978 20m9s/Msamples
        2231000   -102576.2466         7.1      -102494.2607       -81.9858 20m9s/Msamples
        2232000   -102576.7882         7.1      -102490.8728       -85.9154 20m9s/Msamples
        2233000   -102576.0238         7.1      -102495.6451       -80.3787 20m9s/Msamples
        2234000   -102580.3354         7.1      -102496.3275       -84.0078 20m9s/Msamples
        2235000   -102552.8089         7.1      -102477.6484       -75.1605 20m9s/Msamples
        2236000   -102562.9189         7.1      -102482.9192       -79.9997 20m9s/Msamples
        2237000   -102569.0338         7.1      -102492.1884       -76.8453 20m9s/Msamples
        2238000   -102551.1102         7.1      -102472.8634       -78.2467 20m9s/Msamples
        2239000   -102558.9710         7.1      -102479.4578       -79.5131 20m9s/Msamples
        2240000   -102552.2689         7.1      -102475.1261       -77.1427 20m9s/Msamples
        2241000   -102578.5095         7.1      -102485.1542       -93.3553 20m9s/Msamples
        2242000   -102584.6751         7.1      -102492.3191       -92.3560 20m9s/Msamples
        2243000   -102592.7777         7.1      -102502.6266       -90.1511 20m9s/Msamples
        2244000   -102591.1382         7.1      -102499.4831       -91.6551 20m9s/Msamples
        2245000   -102577.1509         7.1      -102484.3685       -92.7824 20m9s/Msamples
        2246000   -102582.0251         7.1      -102497.2027       -84.8223 20m9s/Msamples
        2247000   -102560.3152         7.1      -102483.9011       -76.4140 20m9s/Msamples
        2248000   -102558.2186         7.1      -102481.7143       -76.5043 20m9s/Msamples
        2249000   -102563.3894         7.1      -102493.6054       -69.7839 20m9s/Msamples
        2250000   -102557.2098         7.1      -102484.1320       -73.0778 20m9s/Msamples
        2251000   -102554.1663         7.1      -102485.0695       -69.0968 20m9s/Msamples
        2252000   -102562.9952         7.1      -102487.6411       -75.3541 20m9s/Msamples
        2253000   -102553.5558         7.2      -102479.8046       -73.7511 20m9s/Msamples
        2254000   -102554.6318         7.2      -102486.5477       -68.0841 20m9s/Msamples
        2255000   -102556.0238         7.2      -102484.6220       -71.4018 20m9s/Msamples
        2256000   -102551.5855         7.2      -102484.2329       -67.3525 20m9s/Msamples
        2257000   -102550.8650         7.2      -102482.2950       -68.5699 20m9s/Msamples
        2258000   -102556.5785         7.2      -102487.4496       -69.1288 20m9s/Msamples
        2259000   -102559.4657         7.2      -102485.8430       -73.6227 20m9s/Msamples
        2260000   -102571.0369         7.2      -102487.0004       -84.0365 20m9s/Msamples
        2261000   -102577.9556         7.2      -102491.5515       -86.4040 20m9s/Msamples
        2262000   -102577.1835         7.2      -102492.7386       -84.4448 20m9s/Msamples
        2263000   -102571.3846         7.2      -102490.8811       -80.5034 20m9s/Msamples
        2264000   -102563.8613         7.2      -102491.0787       -72.7826 20m9s/Msamples
        2265000   -102555.9887         7.2      -102489.2677       -66.7209 20m9s/Msamples
        2266000   -102560.1299         7.2      -102488.4789       -71.6509 20m9s/Msamples
        2267000   -102556.0750         7.3      -102488.5979       -67.4770 20m9s/Msamples
        2268000   -102555.3708         7.3      -102487.3353       -68.0354 20m9s/Msamples
        2269000   -102572.9933         7.3      -102494.3047       -78.6885 20m9s/Msamples
        2270000   -102571.5869         7.3      -102495.8366       -75.7503 20m9s/Msamples
        2271000   -102563.4471         7.3      -102492.6924       -70.7546 20m9s/Msamples
        2272000   -102565.7840         7.3      -102488.6160       -77.1680 20m9s/Msamples
        2273000   -102566.4264         7.3      -102493.2783       -73.1481 20m9s/Msamples
        2274000   -102562.4919         7.3      -102483.4598       -79.0320 20m9s/Msamples
        2275000   -102556.6332         7.3      -102477.2555       -79.3776 20m9s/Msamples
        2276000   -102568.1221         7.3      -102485.4385       -82.6835 20m9s/Msamples
        2277000   -102566.2494         7.3      -102485.4776       -80.7718 20m9s/Msamples
        2278000   -102563.5032         7.3      -102488.2865       -75.2167 20m9s/Msamples
        2279000   -102572.1863         7.3      -102491.8897       -80.2965 20m9s/Msamples
        2280000   -102550.6306         7.3      -102477.6246       -73.0060 20m9s/Msamples
        2281000   -102545.8940         7.3      -102478.8231       -67.0709 20m9s/Msamples
        2282000   -102550.9866         7.4      -102483.8693       -67.1172 20m9s/Msamples
        2283000   -102557.3376         7.4      -102493.3193       -64.0183 20m9s/Msamples
        2284000   -102537.3409         7.4      -102474.3537       -62.9872 20m9s/Msamples
        2285000   -102547.5080         7.4      -102475.7328       -71.7751 20m9s/Msamples
        2286000   -102550.0667         7.4      -102475.6162       -74.4505 20m9s/Msamples
        2287000   -102543.1357         7.4      -102480.1599       -62.9757 20m9s/Msamples
        2288000   -102545.9762         7.5      -102485.8042       -60.1719 20m9s/Msamples
        2289000   -102539.6541         7.5      -102480.2653       -59.3887 20m9s/Msamples
        2290000   -102545.3529         7.5      -102480.5201       -64.8327 20m9s/Msamples
        2291000   -102544.7620         7.5      -102485.2902       -59.4718 20m9s/Msamples
        2292000   -102548.6342         7.5      -102486.9138       -61.7203 20m9s/Msamples
        2293000   -102536.5479         7.6      -102475.3959       -61.1520 20m9s/Msamples
        2294000   -102536.4431         7.6      -102472.1456       -64.2974 20m9s/Msamples
        2295000   -102537.6253         7.6      -102469.0508       -68.5744 20m9s/Msamples
        2296000   -102539.7590         7.6      -102474.8245       -64.9345 20m9s/Msamples
        2297000   -102540.6793         7.6      -102477.1295       -63.5498 20m9s/Msamples
        2298000   -102539.4516         7.7      -102472.7300       -66.7215 20m9s/Msamples
        2299000   -102557.6105         7.7      -102473.7227       -83.8877 20m9s/Msamples
        2300000   -102553.9278         7.7      -102477.3265       -76.6012 20m9s/Msamples
        2301000   -102550.9496         7.7      -102485.3846       -65.5650 20m9s/Msamples
        2302000   -102547.7802         7.7      -102479.5438       -68.2363 20m9s/Msamples
        2303000   -102558.6952         7.7      -102486.6146       -72.0806 20m9s/Msamples
        2304000   -102557.7711         7.7      -102484.7468       -73.0243 20m9s/Msamples
        2305000   -102559.1522         7.7      -102484.8194       -74.3328 20m9s/Msamples
        2306000   -102561.4336         7.7      -102484.1868       -77.2467 20m9s/Msamples
        2307000   -102561.1537         7.7      -102482.2888       -78.8649 20m9s/Msamples
        2308000   -102557.5489         7.8      -102483.3883       -74.1605 20m9s/Msamples
        2309000   -102544.9578         7.8      -102475.3022       -69.6556 20m9s/Msamples
        2310000   -102551.2856         7.8      -102481.4422       -69.8433 20m9s/Msamples
        2311000   -102561.8807         7.8      -102486.1112       -75.7695 20m9s/Msamples
        2312000   -102561.9931         7.8      -102484.3394       -77.6536 20m9s/Msamples
        2313000   -102559.8837         7.8      -102485.0202       -74.8634 20m9s/Msamples
        2314000   -102566.9086         7.8      -102483.2956       -83.6130 20m9s/Msamples
        2315000   -102569.8384         7.8      -102488.7475       -81.0909 20m9s/Msamples
        2316000   -102567.5327         7.8      -102485.2833       -82.2493 20m9s/Msamples
        2317000   -102583.1845         7.8      -102486.9800       -96.2045 20m9s/Msamples
        2318000   -102582.6609         7.8      -102496.4778       -86.1830 20m9s/Msamples
        2319000   -102577.1475         7.8      -102490.9367       -86.2107 20m9s/Msamples
        2320000   -102577.4357         7.8      -102493.3966       -84.0390 20m9s/Msamples
        2321000   -102566.0350         7.8      -102487.5094       -78.5255 20m9s/Msamples
        2322000   -102562.8347         7.8      -102488.2170       -74.6177 20m9s/Msamples
        2323000   -102559.8492         7.8      -102485.4347       -74.4144 20m9s/Msamples
        2324000   -102572.6833         7.8      -102495.3739       -77.3093 20m9s/Msamples
        2325000   -102565.4177         7.8      -102484.4426       -80.9750 20m9s/Msamples
        2326000   -102573.5796         7.9      -102487.8832       -85.6964 20m9s/Msamples
        2327000   -102580.0957         7.9      -102492.7097       -87.3860 20m9s/Msamples
        2328000   -102583.0643         7.9      -102498.1951       -84.8692 20m9s/Msamples
        2329000   -102587.7364         7.9      -102504.7392       -82.9971 20m9s/Msamples
        2330000   -102576.3464         7.9      -102494.7206       -81.6257 20m9s/Msamples
        2331000   -102570.8801         7.9      -102490.6564       -80.2237 20m9s/Msamples
        2332000   -102578.2923         7.9      -102491.8610       -86.4312 20m9s/Msamples
        2333000   -102565.2665         7.9      -102481.8408       -83.4256 20m9s/Msamples
        2334000   -102566.5079         7.9      -102483.2976       -83.2103 20m9s/Msamples
        2335000   -102559.2837         7.9      -102483.7978       -75.4859 20m9s/Msamples
        2336000   -102554.1016         7.9      -102475.7150       -78.3865 20m9s/Msamples
        2337000   -102554.3436         7.9      -102481.6603       -72.6832 20m9s/Msamples
        2338000   -102545.6422         7.9      -102473.8909       -71.7512 20m9s/Msamples
        2339000   -102561.1127         7.9      -102482.8265       -78.2861 20m9s/Msamples
        2340000   -102559.5715         7.9      -102482.7855       -76.7859 20m9s/Msamples
        2341000   -102565.1471         7.9      -102487.9097       -77.2373 20m9s/Msamples
        2342000   -102559.6602         7.9      -102480.9138       -78.7463 20m9s/Msamples
        2343000   -102552.6920         7.9      -102473.6658       -79.0261 20m9s/Msamples
        2344000   -102553.4763         7.9      -102474.2882       -79.1880 20m9s/Msamples
        2345000   -102556.5558         7.9      -102476.1971       -80.3586 20m9s/Msamples
        2346000   -102561.1863         7.9      -102478.8492       -82.3370 20m9s/Msamples
        2347000   -102562.0952         7.9      -102482.9017       -79.1935 20m9s/Msamples
        2348000   -102573.4744         8.0      -102489.9937       -83.4807 20m9s/Msamples
        2349000   -102568.5861         7.9      -102486.0710       -82.5150 20m9s/Msamples
        2350000   -102577.4990         7.9      -102490.2872       -87.2118 20m9s/Msamples
        2351000   -102575.4388         7.9      -102490.4114       -85.0274 20m9s/Msamples
        2352000   -102573.7819         7.9      -102485.6275       -88.1543 20m9s/Msamples
        2353000   -102580.8678         8.0      -102489.0558       -91.8119 20m9s/Msamples
        2354000   -102588.5698         8.0      -102502.0797       -86.4901 20m9s/Msamples
        2355000   -102584.2944         8.0      -102498.6913       -85.6030 20m9s/Msamples
        2356000   -102579.8443         8.0      -102493.2517       -86.5925 20m9s/Msamples
        2357000   -102590.2829         8.0      -102499.1016       -91.1812 20m9s/Msamples
        2358000   -102574.1560         8.0      -102489.5269       -84.6290 20m9s/Msamples
        2359000   -102567.4937         8.0      -102481.8744       -85.6193 20m9s/Msamples
        2360000   -102562.4947         8.0      -102475.5021       -86.9925 20m9s/Msamples
        2361000   -102570.2819         8.0      -102480.7864       -89.4955 20m9s/Msamples
        2362000   -102560.5568         8.0      -102476.4194       -84.1373 20m9s/Msamples
        2363000   -102563.4042         8.0      -102476.7771       -86.6270 20m9s/Msamples
        2364000   -102564.7294         8.0      -102478.8770       -85.8524 20m9s/Msamples
        2365000   -102568.7815         8.0      -102477.9022       -90.8792 20m9s/Msamples
        2366000   -102567.8202         8.0      -102480.1472       -87.6730 20m9s/Msamples
        2367000   -102565.5507         8.0      -102476.6109       -88.9397 20m9s/Msamples
        2368000   -102559.3953         8.0      -102475.6995       -83.6958 20m9s/Msamples
        2369000   -102564.2588         8.0      -102480.5263       -83.7325 20m9s/Msamples
        2370000   -102565.9391         8.0      -102483.7672       -82.1718 20m9s/Msamples
        2371000   -102575.4662         8.0      -102493.7236       -81.7425 20m9s/Msamples
        2372000   -102559.1074         8.0      -102480.1598       -78.9476 20m9s/Msamples
        2373000   -102565.5621         8.0      -102485.1757       -80.3864 20m9s/Msamples
        2374000   -102567.4213         8.0      -102487.9730       -79.4482 20m9s/Msamples
        2375000   -102560.2992         8.0      -102478.8558       -81.4434 20m9s/Msamples
        2376000   -102562.7218         8.0      -102482.6519       -80.0699 20m9s/Msamples
        2377000   -102557.1539         8.0      -102474.6141       -82.5398 20m9s/Msamples
        2378000   -102561.6821         8.1      -102482.5814       -79.1006 20m9s/Msamples
        2379000   -102555.8444         8.0      -102481.3632       -74.4812 20m9s/Msamples
        2380000   -102562.4759         8.0      -102482.8337       -79.6422 20m9s/Msamples
        2381000   -102582.0990         8.0      -102496.6243       -85.4746 20m9s/Msamples
        2382000   -102574.3356         8.0      -102488.4566       -85.8790 20m9s/Msamples
        2383000   -102573.0236         8.0      -102483.8691       -89.1544 20m9s/Msamples
        2384000   -102574.4169         8.0      -102481.2519       -93.1649 20m9s/Msamples
        2385000   -102568.8943         8.1      -102486.8628       -82.0314 20m9s/Msamples
        2386000   -102562.9039         8.1      -102477.2732       -85.6307 20m9s/Msamples
        2387000   -102557.6161         8.1      -102475.1742       -82.4418 20m9s/Msamples
        2388000   -102572.9940         8.1      -102480.1961       -92.7978 20m9s/Msamples
        2389000   -102576.0959         8.0      -102486.0394       -90.0565 20m9s/Msamples
        2390000   -102560.2953         8.0      -102476.8399       -83.4553 20m9s/Msamples
        2391000   -102571.0390         8.0      -102486.5839       -84.4550 20m9s/Msamples
        2392000   -102558.9769         8.0      -102478.4223       -80.5545 20m9s/Msamples
        2393000   -102545.7505         8.0      -102470.8279       -74.9226 20m9s/Msamples
        2394000   -102559.3821         8.0      -102475.0929       -84.2891 20m9s/Msamples
        2395000   -102558.8144         8.1      -102482.1896       -76.6248 20m9s/Msamples
        2396000   -102565.3456         8.1      -102481.3867       -83.9588 20m9s/Msamples
        2397000   -102559.4221         8.1      -102476.7809       -82.6412 20m9s/Msamples
        2398000   -102558.2400         8.1      -102474.2929       -83.9471 20m9s/Msamples
        2399000   -102562.9068         8.0      -102481.2146       -81.6921 20m9s/Msamples
        2400000   -102567.1429         8.1      -102483.8317       -83.3111 20m9s/Msamples
        2401000   -102570.3269         8.1      -102486.8396       -83.4872 20m9s/Msamples
        2402000   -102555.2457         8.1      -102476.9593       -78.2864 20m9s/Msamples
        2403000   -102557.5516         8.1      -102478.1126       -79.4389 20m9s/Msamples
        2404000   -102553.9847         8.1      -102474.2794       -79.7052 20m9s/Msamples
        2405000   -102559.3817         8.1      -102480.8187       -78.5629 20m9s/Msamples
        2406000   -102567.4657         8.1      -102485.3560       -82.1097 20m9s/Msamples
        2407000   -102565.5178         8.1      -102483.7448       -81.7729 20m9s/Msamples
        2408000   -102558.2816         8.1      -102475.7280       -82.5535 20m9s/Msamples
        2409000   -102558.5334         8.1      -102476.5400       -81.9934 20m9s/Msamples
        2410000   -102557.9804         8.1      -102475.9104       -82.0700 20m9s/Msamples
        2411000   -102575.0227         8.1      -102484.3704       -90.6522 20m9s/Msamples
        2412000   -102576.7475         8.1      -102489.1341       -87.6133 20m9s/Msamples
        2413000   -102598.0475         8.1      -102494.2368      -103.8107 20m9s/Msamples
        2414000   -102586.8588         8.1      -102481.6435      -105.2153 20m9s/Msamples
        2415000   -102583.4282         8.1      -102485.2096       -98.2185 20m9s/Msamples
        2416000   -102576.8778         8.1      -102482.4128       -94.4649 20m9s/Msamples
        2417000   -102580.1713         8.1      -102480.5152       -99.6561 20m9s/Msamples
        2418000   -102583.2111         8.2      -102488.4269       -94.7841 20m9s/Msamples
        2419000   -102569.8287         8.1      -102473.8863       -95.9424 20m9s/Msamples
        2420000   -102577.6673         8.1      -102485.6911       -91.9761 20m9s/Msamples
        2421000   -102561.7281         8.1      -102475.9364       -85.7917 20m9s/Msamples
        2422000   -102562.9118         8.1      -102477.5761       -85.3356 20m9s/Msamples
        2423000   -102562.1237         8.1      -102471.3983       -90.7253 20m9s/Msamples
        2424000   -102564.4899         8.1      -102474.3731       -90.1168 20m9s/Msamples
        2425000   -102576.7482         8.1      -102488.2658       -88.4824 20m9s/Msamples
        2426000   -102576.3326         8.1      -102488.8166       -87.5160 20m9s/Msamples
        2427000   -102571.1200         8.2      -102481.4020       -89.7179 20m9s/Msamples
        2428000   -102567.8636         8.2      -102478.6365       -89.2271 20m9s/Msamples
        2429000   -102567.7166         8.1      -102473.9694       -93.7472 20m9s/Msamples
        2430000   -102580.0375         8.2      -102483.5577       -96.4798 20m9s/Msamples
        2431000   -102581.8327         8.2      -102488.8945       -92.9382 20m9s/Msamples
        2432000   -102585.8656         8.2      -102487.9173       -97.9482 20m9s/Msamples
        2433000   -102563.5738         8.2      -102473.0283       -90.5454 20m9s/Msamples
        2434000   -102560.4301         8.2      -102471.9707       -88.4594 20m9s/Msamples
        2435000   -102573.2166         8.2      -102476.1300       -97.0865 20m9s/Msamples
        2436000   -102573.1410         8.2      -102480.2071       -92.9339 20m9s/Msamples
        2437000   -102579.4570         8.2      -102487.7795       -91.6774 20m9s/Msamples
        2438000   -102588.5014         8.2      -102490.8815       -97.6198 20m9s/Msamples
        2439000   -102571.9732         8.2      -102480.7770       -91.1962 20m9s/Msamples
        2440000   -102585.6196         8.2      -102494.2215       -91.3981 20m9s/Msamples
        2441000   -102593.9795         8.2      -102494.4357       -99.5437 20m9s/Msamples
        2442000   -102593.2874         8.2      -102492.0298      -101.2575 20m9s/Msamples
        2443000   -102583.3116         8.3      -102484.9834       -98.3282 20m9s/Msamples
        2444000   -102585.3382         8.3      -102486.9899       -98.3482 20m9s/Msamples
        2445000   -102592.9756         8.3      -102487.2720      -105.7035 20m9s/Msamples
        2446000   -102593.5501         8.3      -102488.3092      -105.2408 20m9s/Msamples
        2447000   -102583.4715         8.3      -102478.9685      -104.5030 20m9s/Msamples
        2448000   -102595.2497         8.3      -102484.6075      -110.6422 20m9s/Msamples
        2449000   -102595.0559         8.3      -102484.8796      -110.1762 20m9s/Msamples
        2450000   -102585.3934         8.3      -102480.3695      -105.0238 20m9s/Msamples
        2451000   -102582.9661         8.4      -102478.4118      -104.5542 20m9s/Msamples
        2452000   -102578.7421         8.4      -102476.9760      -101.7661 20m9s/Msamples
        2453000   -102583.8503         8.4      -102478.1019      -105.7484 20m9s/Msamples
        2454000   -102577.5027         8.4      -102475.0932      -102.4094 20m9s/Msamples
        2455000   -102582.6722         8.4      -102479.2826      -103.3896 20m9s/Msamples
        2456000   -102586.6790         8.4      -102483.5789      -103.1000 20m9s/Msamples
        2457000   -102571.2469         8.4      -102470.5423      -100.7046 20m9s/Msamples
        2458000   -102580.6199         8.4      -102477.6195      -103.0003 20m9s/Msamples
        2459000   -102579.3003         8.4      -102475.1115      -104.1888 20m9s/Msamples
        2460000   -102578.5420         8.4      -102474.4305      -104.1114 20m9s/Msamples
        2461000   -102582.5836         8.4      -102480.6528      -101.9308 20m9s/Msamples
        2462000   -102586.4461         8.4      -102486.1156      -100.3305 20m9s/Msamples
        2463000   -102587.8497         8.5      -102484.6729      -103.1768 20m9s/Msamples
        2464000   -102585.9184         8.5      -102481.2006      -104.7177 20m9s/Msamples
        2465000   -102590.8533         8.5      -102486.3625      -104.4907 20m9s/Msamples
        2466000   -102584.9588         8.5      -102479.5477      -105.4111 20m9s/Msamples
        2467000   -102592.7960         8.5      -102488.7049      -104.0911 20m9s/Msamples
        2468000   -102583.3050         8.5      -102481.5498      -101.7551 20m9s/Msamples
        2469000   -102584.5600         8.5      -102478.8054      -105.7545 20m9s/Msamples
        2470000   -102587.1787         8.6      -102481.3068      -105.8718 20m9s/Msamples
        2471000   -102583.9037         8.6      -102479.3041      -104.5995 20m9s/Msamples
        2472000   -102579.0126         8.6      -102475.6109      -103.4017 20m9s/Msamples
        2473000   -102584.9729         8.6      -102478.2985      -106.6744 20m9s/Msamples
        2474000   -102579.3155         8.6      -102477.3976      -101.9178 20m9s/Msamples
        2475000   -102577.0517         8.6      -102478.5648       -98.4868 20m9s/Msamples
        2476000   -102575.7541         8.6      -102478.0151       -97.7389 20m9s/Msamples
        2477000   -102584.0078         8.6      -102480.5641      -103.4436 20m9s/Msamples
        2478000   -102588.5824         8.6      -102481.4518      -107.1305 20m9s/Msamples
        2479000   -102582.3118         8.6      -102476.1730      -106.1388 20m9s/Msamples
        2480000   -102583.5764         8.6      -102479.7689      -103.8075 20m9s/Msamples
        2481000   -102595.7184         8.7      -102489.8062      -105.9121 20m9s/Msamples
        2482000   -102582.2733         8.7      -102478.4891      -103.7841 20m9s/Msamples
        2483000   -102580.1382         8.7      -102480.9690       -99.1691 20m9s/Msamples
        2484000   -102587.3312         8.7      -102482.1392      -105.1920 20m9s/Msamples
        2485000   -102604.5701         8.7      -102493.7223      -110.8478 20m9s/Msamples
        2486000   -102604.8297         8.8      -102487.7784      -117.0513 20m9s/Msamples
        2487000   -102607.3584         8.8      -102496.2222      -111.1362 20m9s/Msamples
        2488000   -102599.3759         8.8      -102487.8719      -111.5040 20m9s/Msamples
        2489000   -102597.1908         8.8      -102486.0269      -111.1638 20m9s/Msamples
        2490000   -102596.1071         8.8      -102483.7920      -112.3151 20m9s/Msamples
        2491000   -102595.0298         8.8      -102487.8286      -107.2011 20m9s/Msamples
        2492000   -102600.6420         8.9      -102494.3564      -106.2855 20m9s/Msamples
        2493000   -102596.3459         8.9      -102488.4809      -107.8650 20m9s/Msamples
        2494000   -102592.9454         8.9      -102486.7147      -106.2307 20m9s/Msamples
        2495000   -102600.4932         8.9      -102488.6360      -111.8571 20m9s/Msamples
        2496000   -102605.8747         8.9      -102490.0159      -115.8587 20m9s/Msamples
        2497000   -102605.8842         9.0      -102490.4215      -115.4626 20m9s/Msamples
        2498000   -102597.0913         9.0      -102478.6987      -118.3926 20m10s/Msamples
        2499000   -102595.5627         9.0      -102481.5922      -113.9705 20m10s/Msamples
        2500000   -102588.3107         9.0      -102474.1743      -114.1363 20m10s/Msamples
        2501000   -102598.2949         9.0      -102484.4340      -113.8609 20m9s/Msamples
        2502000   -102604.9401         9.0      -102484.9821      -119.9580 20m9s/Msamples
        2503000   -102618.9920         9.1      -102497.4897      -121.5023 20m10s/Msamples
        2504000   -102606.4317         9.1      -102487.7098      -118.7218 20m10s/Msamples
        2505000   -102607.5545         9.1      -102487.0687      -120.4858 20m10s/Msamples
        2506000   -102622.5149         9.2      -102495.7480      -126.7669 20m10s/Msamples
        2507000   -102607.8820         9.2      -102491.1712      -116.7108 20m10s/Msamples
        2508000   -102615.6183         9.3      -102493.7394      -121.8788 20m9s/Msamples
        2509000   -102608.2156         9.3      -102494.4216      -113.7939 20m10s/Msamples
        2510000   -102595.0629         9.3      -102482.6426      -112.4203 20m10s/Msamples
        2511000   -102603.2137         9.3      -102488.7716      -114.4420 20m10s/Msamples
        2512000   -102587.4167         9.3      -102477.8615      -109.5551 20m9s/Msamples
        2513000   -102595.4061         9.4      -102481.2432      -114.1629 20m9s/Msamples
        2514000   -102585.2299         9.4      -102477.4160      -107.8138 20m9s/Msamples
        2515000   -102574.3546         9.4      -102474.2039      -100.1507 20m9s/Msamples
        2516000   -102580.7923         9.4      -102475.1800      -105.6122 20m9s/Msamples
        2517000   -102591.0045         9.4      -102482.5790      -108.4254 20m9s/Msamples
        2518000   -102595.4541         9.4      -102487.8079      -107.6462 20m9s/Msamples
        2519000   -102597.8185         9.4      -102491.0879      -106.7306 20m9s/Msamples
        2520000   -102591.6954         9.5      -102481.3383      -110.3571 20m9s/Msamples
        2521000   -102591.6715         9.5      -102481.4433      -110.2282 20m9s/Msamples
        2522000   -102597.2860         9.5      -102486.1322      -111.1537 20m9s/Msamples
        2523000   -102578.0729         9.5      -102472.2604      -105.8125 20m9s/Msamples
        2524000   -102583.7795         9.5      -102479.8989      -103.8805 20m9s/Msamples
        2525000   -102586.2119         9.5      -102480.4598      -105.7520 20m9s/Msamples
        2526000   -102576.5125         9.5      -102470.0359      -106.4765 20m9s/Msamples
        2527000   -102576.1892         9.5      -102469.4858      -106.7033 20m9s/Msamples
        2528000   -102574.2126         9.5      -102471.3878      -102.8248 20m9s/Msamples
        2529000   -102596.8091         9.6      -102483.7533      -113.0557 20m9s/Msamples
        2530000   -102579.6362         9.6      -102474.6271      -105.0091 20m10s/Msamples
        2531000   -102590.7524         9.6      -102485.1608      -105.5916 20m10s/Msamples
        2532000   -102581.7754         9.6      -102478.7653      -103.0101 20m10s/Msamples
        2533000   -102580.4428         9.6      -102482.1773       -98.2655 20m10s/Msamples
        2534000   -102579.9080         9.6      -102478.6104      -101.2975 20m9s/Msamples
        2535000   -102584.6879         9.6      -102487.7329       -96.9550 20m10s/Msamples
        2536000   -102590.6748         9.6      -102489.7628      -100.9120 20m10s/Msamples
        2537000   -102581.7710         9.6      -102482.5096       -99.2613 20m10s/Msamples
        2538000   -102579.8326         9.6      -102474.6251      -105.2075 20m10s/Msamples
        2539000   -102575.2873         9.6      -102469.6743      -105.6129 20m10s/Msamples
        2540000   -102572.1196         9.7      -102468.3559      -103.7636 20m10s/Msamples
        2541000   -102581.7724         9.7      -102472.6551      -109.1172 20m10s/Msamples
        2542000   -102599.2503         9.7      -102487.9866      -111.2636 20m10s/Msamples
        2543000   -102595.1806         9.7      -102484.3978      -110.7828 20m10s/Msamples
        2544000   -102595.3875         9.7      -102487.1227      -108.2647 20m10s/Msamples
        2545000   -102591.5565         9.7      -102483.1325      -108.4239 20m10s/Msamples
        2546000   -102595.1675         9.7      -102480.4065      -114.7610 20m10s/Msamples
        2547000   -102594.1950         9.8      -102481.8673      -112.3277 20m10s/Msamples
        2548000   -102593.9587        10.2      -102481.5763      -112.3824 20m10s/Msamples
        2549000   -102591.3474        10.3      -102484.9367      -106.4106 20m10s/Msamples
        2550000   -102606.4432        10.3      -102491.6033      -114.8399 20m10s/Msamples
        2551000   -102601.4346        10.3      -102485.0356      -116.3989 20m10s/Msamples
        2552000   -102604.0406        10.4      -102489.0361      -115.0044 20m10s/Msamples
        2553000   -102610.0569        10.4      -102493.0575      -116.9994 20m10s/Msamples
        2554000   -102603.2177        10.4      -102494.6031      -108.6145 20m10s/Msamples
        2555000   -102591.0376        10.4      -102486.7350      -104.3025 20m10s/Msamples
        2556000   -102586.0135        10.4      -102483.1734      -102.8400 20m10s/Msamples
        2557000   -102591.8359        10.5      -102485.7194      -106.1164 20m10s/Msamples
        2558000   -102582.1670        10.5      -102476.9986      -105.1684 20m10s/Msamples
        2559000   -102581.5793        10.5      -102478.6341      -102.9451 20m10s/Msamples
        2560000   -102583.6813        10.5      -102477.2520      -106.4292 20m10s/Msamples
        2561000   -102588.7229        10.5      -102483.4966      -105.2262 20m10s/Msamples
        2562000   -102583.1603        10.5      -102476.8621      -106.2982 20m10s/Msamples
        2563000   -102577.3920        10.5      -102469.5442      -107.8478 20m10s/Msamples
        2564000   -102579.7406        10.5      -102475.5450      -104.1955 20m10s/Msamples
        2565000   -102587.6584        10.5      -102479.1269      -108.5315 20m10s/Msamples
        2566000   -102575.8236        10.5      -102470.5952      -105.2284 20m10s/Msamples
        2567000   -102590.4236        10.6      -102485.4047      -105.0188 20m10s/Msamples
        2568000   -102593.8635        10.6      -102488.4475      -105.4160 20m10s/Msamples
        2569000   -102595.8901        10.6      -102489.3197      -106.5704 20m10s/Msamples
        2570000   -102586.1567        10.6      -102480.5428      -105.6139 20m10s/Msamples
        2571000   -102583.2190        10.6      -102478.4522      -104.7667 20m10s/Msamples
        2572000   -102592.6994        10.6      -102480.0341      -112.6652 20m10s/Msamples
        2573000   -102591.9582        10.7      -102483.6612      -108.2969 20m10s/Msamples
        2574000   -102599.2896        10.7      -102481.6581      -117.6315 20m10s/Msamples
        2575000   -102598.2032        10.7      -102483.5306      -114.6725 20m10s/Msamples
        2576000   -102610.2182        10.7      -102488.5394      -121.6788 20m10s/Msamples
        2577000   -102608.3038        10.8      -102496.5333      -111.7704 20m10s/Msamples
        2578000   -102589.7828        10.8      -102479.7146      -110.0681 20m10s/Msamples
        2579000   -102587.1473        10.8      -102476.3815      -110.7657 20m10s/Msamples
        2580000   -102594.1828        10.8      -102484.2824      -109.9003 20m10s/Msamples
        2581000   -102591.8563        10.8      -102485.8823      -105.9739 20m10s/Msamples
        2582000   -102588.7489        10.8      -102481.6024      -107.1465 20m10s/Msamples
        2583000   -102590.3937        10.9      -102481.6589      -108.7348 20m10s/Msamples
        2584000   -102587.9383        10.9      -102480.7777      -107.1605 20m10s/Msamples
        2585000   -102596.9597        10.9      -102486.4507      -110.5089 20m10s/Msamples
        2586000   -102587.1645        10.9      -102479.9818      -107.1827 20m10s/Msamples
        2587000   -102590.0569        10.9      -102478.0506      -112.0062 20m10s/Msamples
        2588000   -102591.0118        10.9      -102481.9185      -109.0933 20m10s/Msamples
        2589000   -102575.7304        10.9      -102468.1519      -107.5784 20m10s/Msamples
        2590000   -102583.6760        11.0      -102476.4323      -107.2436 20m10s/Msamples
        2591000   -102579.3848        11.0      -102472.8684      -106.5164 20m10s/Msamples
        2592000   -102575.4364        11.0      -102468.1212      -107.3152 20m10s/Msamples
        2593000   -102580.2410        11.0      -102474.5298      -105.7112 20m10s/Msamples
        2594000   -102578.4108        11.0      -102473.9438      -104.4670 20m10s/Msamples
        2595000   -102576.7378        11.0      -102472.0635      -104.6743 20m10s/Msamples
        2596000   -102576.8177        11.0      -102473.5651      -103.2526 20m10s/Msamples
        2597000   -102571.3491        11.0      -102466.5555      -104.7936 20m10s/Msamples
        2598000   -102573.8489        11.0      -102468.7830      -105.0659 20m10s/Msamples
        2599000   -102582.7102        11.0      -102480.2206      -102.4895 20m10s/Msamples
        2600000   -102580.4381        11.0      -102478.5836      -101.8545 20m10s/Msamples
        2601000   -102578.2549        11.0      -102478.4344       -99.8204 20m10s/Msamples
        2602000   -102579.6935        11.1      -102475.8344      -103.8591 20m10s/Msamples
        2603000   -102592.3558        11.1      -102482.6297      -109.7260 20m10s/Msamples
        2604000   -102594.5567        11.1      -102486.2370      -108.3197 20m10s/Msamples
        2605000   -102590.8069        11.1      -102492.7979       -98.0090 20m10s/Msamples
        2606000   -102598.7585        11.1      -102493.8992      -104.8593 20m10s/Msamples
        2607000   -102586.4177        11.1      -102487.1890       -99.2287 20m10s/Msamples
        2608000   -102587.2027        11.1      -102485.0144      -102.1882 20m10s/Msamples
        2609000   -102596.1160        11.2      -102487.3016      -108.8143 20m10s/Msamples
        2610000   -102604.0158        11.2      -102491.7171      -112.2987 20m10s/Msamples
        2611000   -102618.6249        11.2      -102500.8485      -117.7763 20m10s/Msamples
        2612000   -102608.8518        11.3      -102489.9774      -118.8743 20m10s/Msamples
        2613000   -102601.2387        11.3      -102483.4218      -117.8169 20m10s/Msamples
        2614000   -102603.1080        11.3      -102488.6048      -114.5031 20m10s/Msamples
        2615000   -102593.1984        11.3      -102479.1690      -114.0293 20m10s/Msamples
        2616000   -102583.9551        11.3      -102476.0583      -107.8968 20m10s/Msamples
        2617000   -102585.7158        11.3      -102475.7661      -109.9497 20m10s/Msamples
        2618000   -102597.8323        11.3      -102484.8870      -112.9453 20m10s/Msamples
        2619000   -102587.3591        11.4      -102474.8873      -112.4717 20m10s/Msamples
        2620000   -102600.2637        11.4      -102483.7059      -116.5577 20m10s/Msamples
        2621000   -102597.6486        11.4      -102485.3773      -112.2712 20m10s/Msamples
        2622000   -102591.3628        11.4      -102478.5945      -112.7683 20m10s/Msamples
        2623000   -102595.9779        11.4      -102486.5150      -109.4629 20m10s/Msamples
        2624000   -102621.3554        11.5      -102494.8566      -126.4988 20m10s/Msamples
        2625000   -102610.5335        11.5      -102491.8016      -118.7318 20m10s/Msamples
        2626000   -102593.5888        11.5      -102484.0905      -109.4982 20m10s/Msamples
        2627000   -102599.3053        11.5      -102488.9228      -110.3825 20m10s/Msamples
        2628000   -102603.5537        11.5      -102495.7194      -107.8342 20m10s/Msamples
        2629000   -102602.2146        11.6      -102491.2426      -110.9720 20m10s/Msamples
        2630000   -102609.8300        11.6      -102503.0608      -106.7692 20m10s/Msamples
        2631000   -102602.6812        11.6      -102490.6163      -112.0648 20m10s/Msamples
        2632000   -102607.6530        11.6      -102497.9156      -109.7373 20m10s/Msamples
        2633000   -102598.6257        11.6      -102491.6975      -106.9282 20m10s/Msamples
        2634000   -102581.2636        11.6      -102483.8721       -97.3914 20m10s/Msamples
        2635000   -102585.9854        11.6      -102481.3284      -104.6570 20m10s/Msamples
        2636000   -102594.3142        11.7      -102487.9787      -106.3355 20m11s/Msamples
        2637000   -102593.0777        11.7      -102483.2444      -109.8332 20m11s/Msamples
        2638000   -102585.6589        11.7      -102482.1253      -103.5336 20m11s/Msamples
        2639000   -102573.2890        11.7      -102472.2935      -100.9955 20m11s/Msamples
        2640000   -102590.8107        11.7      -102487.2029      -103.6077 20m11s/Msamples
        2641000   -102590.7421        11.7      -102490.4487      -100.2934 20m11s/Msamples
        2642000   -102586.0640        11.7      -102488.7225       -97.3415 20m11s/Msamples
        2643000   -102578.9096        11.7      -102483.7947       -95.1149 20m11s/Msamples
        2644000   -102579.0418        11.7      -102478.2342      -100.8075 20m11s/Msamples
        2645000   -102587.1510        11.7      -102479.6205      -107.5305 20m11s/Msamples
        2646000   -102593.8684        11.7      -102484.4004      -109.4679 20m11s/Msamples
        2647000   -102595.8743        11.7      -102487.4300      -108.4443 20m11s/Msamples
        2648000   -102596.4503        11.8      -102488.4804      -107.9699 20m11s/Msamples
        2649000   -102589.1021        11.8      -102487.8835      -101.2186 20m11s/Msamples
        2650000   -102594.3772        11.8      -102488.5138      -105.8634 20m11s/Msamples
        2651000   -102584.3820        11.8      -102478.5690      -105.8129 20m11s/Msamples
        2652000   -102590.4038        11.8      -102486.4038      -103.9999 20m11s/Msamples
        2653000   -102598.2816        11.8      -102495.5047      -102.7769 20m11s/Msamples
        2654000   -102598.0999        11.8      -102493.8905      -104.2094 20m11s/Msamples
        2655000   -102583.5289        11.8      -102484.5327       -98.9961 20m11s/Msamples
        2656000   -102586.6321        11.8      -102490.1612       -96.4708 20m11s/Msamples
        2657000   -102581.8574        11.8      -102486.3641       -95.4932 20m11s/Msamples
        2658000   -102571.4662        11.8      -102474.5938       -96.8723 20m11s/Msamples
        2659000   -102583.6934        11.9      -102488.4916       -95.2017 20m11s/Msamples
        2660000   -102581.8334        11.9      -102486.3236       -95.5098 20m11s/Msamples
        2661000   -102582.1697        11.9      -102489.7842       -92.3854 20m11s/Msamples
        2662000   -102564.2758        11.9      -102475.2816       -88.9942 20m11s/Msamples
        2663000   -102569.8082        11.9      -102477.7195       -92.0887 20m11s/Msamples
        2664000   -102575.1677        11.9      -102480.3157       -94.8519 20m11s/Msamples
        2665000   -102577.0715        11.9      -102474.8784      -102.1931 20m11s/Msamples
        2666000   -102567.7663        11.9      -102465.7617      -102.0045 20m11s/Msamples
        2667000   -102573.4023        11.9      -102474.7412       -98.6611 20m11s/Msamples
        2668000   -102587.1490        11.9      -102482.5366      -104.6123 20m11s/Msamples
        2669000   -102588.6763        11.9      -102484.9169      -103.7594 20m11s/Msamples
        2670000   -102595.2659        11.9      -102493.4428      -101.8230 20m11s/Msamples
        2671000   -102599.3407        11.9      -102495.7401      -103.6005 20m11s/Msamples
        2672000   -102599.9171        11.9      -102496.8038      -103.1133 20m11s/Msamples
        2673000   -102592.7350        11.9      -102493.0256       -99.7093 20m11s/Msamples
        2674000   -102585.8392        13.1      -102488.3419       -97.4973 20m11s/Msamples
        2675000   -102593.8596        13.1      -102497.0228       -96.8367 20m11s/Msamples
        2676000   -102582.0408        13.1      -102486.1901       -95.8507 20m11s/Msamples
        2677000   -102586.3799        13.1      -102487.8579       -98.5219 20m11s/Msamples
        2678000   -102590.3930        13.1      -102491.7475       -98.6454 20m11s/Msamples
        2679000   -102590.8777        13.1      -102491.0948       -99.7828 20m11s/Msamples
        2680000   -102594.8247        13.1      -102498.2924       -96.5322 20m11s/Msamples
        2681000   -102589.0742        13.1      -102490.7380       -98.3361 20m11s/Msamples
        2682000   -102583.1602        13.1      -102491.5997       -91.5604 20m11s/Msamples
        2683000   -102591.0154        13.1      -102493.6782       -97.3372 20m11s/Msamples
        2684000   -102597.0261        13.1      -102494.7016      -102.3245 20m11s/Msamples
        2685000   -102591.9406        13.1      -102493.8218       -98.1188 20m11s/Msamples
        2686000   -102595.9523        13.1      -102492.4048      -103.5474 20m11s/Msamples
        2687000   -102595.4123        13.1      -102495.7833       -99.6289 20m11s/Msamples
        2688000   -102597.1989        13.0      -102495.5244      -101.6744 20m11s/Msamples
        2689000   -102597.1640        13.0      -102491.1684      -105.9956 20m11s/Msamples
        2690000   -102596.7766        13.0      -102487.1529      -109.6236 20m11s/Msamples
        2691000   -102577.1843        13.0      -102475.6632      -101.5211 20m11s/Msamples
        2692000   -102572.1915        13.0      -102476.1269       -96.0645 20m11s/Msamples
        2693000   -102580.9629        12.0      -102484.2185       -96.7443 20m11s/Msamples
        2694000   -102576.8725        12.0      -102481.7192       -95.1533 20m11s/Msamples
        2695000   -102588.6709        13.0      -102494.1386       -94.5323 20m11s/Msamples
        2696000   -102579.2892        13.0      -102485.8343       -93.4549 20m11s/Msamples
        2697000   -102560.3412        13.0      -102473.7746       -86.5665 20m11s/Msamples
        2698000   -102564.1381        12.1      -102478.2434       -85.8947 20m11s/Msamples
        2699000   -102560.4974        12.1      -102473.4487       -87.0486 20m11s/Msamples
        2700000   -102576.0619        12.1      -102481.5222       -94.5397 20m11s/Msamples
        2701000   -102571.5673        12.1      -102477.9872       -93.5800 20m11s/Msamples
        2702000   -102578.7445        12.1      -102484.6236       -94.1209 20m11s/Msamples
        2703000   -102565.0733        12.1      -102476.7703       -88.3029 20m11s/Msamples
        2704000   -102570.4765        12.1      -102477.3738       -93.1027 20m11s/Msamples
        2705000   -102558.9675        12.1      -102475.6642       -83.3033 20m11s/Msamples
        2706000   -102569.2508        12.2      -102480.5196       -88.7311 20m11s/Msamples
        2707000   -102573.3698        12.2      -102489.5473       -83.8224 20m11s/Msamples
        2708000   -102565.8652        12.2      -102473.5532       -92.3119 20m11s/Msamples
        2709000   -102577.4518        12.2      -102484.2702       -93.1815 20m11s/Msamples
        2710000   -102575.0201        12.2      -102482.8661       -92.1539 20m11s/Msamples
        2711000   -102573.7951        12.2      -102484.1366       -89.6585 20m11s/Msamples
        2712000   -102567.0731        12.2      -102480.9318       -86.1413 20m11s/Msamples
        2713000   -102566.2386        12.2      -102475.9899       -90.2487 20m11s/Msamples
        2714000   -102559.9428        12.2      -102470.6798       -89.2629 20m11s/Msamples
        2715000   -102560.2468        12.2      -102473.3611       -86.8857 20m11s/Msamples
        2716000   -102569.8450        12.2      -102473.4330       -96.4119 20m11s/Msamples
        2717000   -102567.1906        12.2      -102470.9109       -96.2796 20m11s/Msamples
        2718000   -102577.7617        12.2      -102476.1145      -101.6471 20m11s/Msamples
        2719000   -102566.1070        12.3      -102469.3814       -96.7255 20m11s/Msamples
        2720000   -102574.3192        12.3      -102475.3134       -99.0058 20m11s/Msamples
        2721000   -102577.8091        12.3      -102481.0999       -96.7091 20m11s/Msamples
        2722000   -102566.2538        12.3      -102483.1382       -83.1155 20m11s/Msamples
        2723000   -102559.1135        12.3      -102474.2156       -84.8979 20m11s/Msamples
        2724000   -102576.5658        12.3      -102481.3613       -95.2044 20m11s/Msamples
        2725000   -102568.2882        12.3      -102480.1502       -88.1380 20m11s/Msamples
        2726000   -102562.1429        12.3      -102472.7177       -89.4251 20m11s/Msamples
        2727000   -102565.9766        12.3      -102478.1595       -87.8171 20m11s/Msamples
        2728000   -102577.6276        12.3      -102480.9806       -96.6470 20m11s/Msamples
        2729000   -102575.5625        12.3      -102476.9036       -98.6589 20m11s/Msamples
        2730000   -102565.9305        12.4      -102474.9172       -91.0133 20m11s/Msamples
        2731000   -102564.8512        12.4      -102474.2050       -90.6462 20m11s/Msamples
        2732000   -102575.0944        12.4      -102483.7765       -91.3178 20m11s/Msamples
        2733000   -102571.6686        12.4      -102480.2712       -91.3973 20m11s/Msamples
        2734000   -102575.3579        12.4      -102482.4607       -92.8972 20m11s/Msamples
        2735000   -102575.9396        12.4      -102481.7303       -94.2093 20m11s/Msamples
        2736000   -102573.5075        12.4      -102480.3392       -93.1682 20m11s/Msamples
        2737000   -102575.4688        12.4      -102479.3489       -96.1199 20m11s/Msamples
        2738000   -102580.9258        13.3      -102479.1837      -101.7420 20m11s/Msamples
        2739000   -102580.5929        13.3      -102480.2208      -100.3720 20m11s/Msamples
        2740000   -102596.9023        13.3      -102488.3513      -108.5509 20m11s/Msamples
        2741000   -102597.3482        13.3      -102486.2282      -111.1200 20m11s/Msamples
        2742000   -102596.4745        13.3      -102492.1220      -104.3524 20m11s/Msamples
        2743000   -102581.0121        13.3      -102482.8564       -98.1556 20m11s/Msamples
        2744000   -102575.7501        13.3      -102481.6193       -94.1307 20m11s/Msamples
        2745000   -102573.5135        13.3      -102470.5347      -102.9787 20m11s/Msamples
        2746000   -102570.8073        13.3      -102477.3538       -93.4535 20m11s/Msamples
        2747000   -102559.7413        13.3      -102470.5142       -89.2270 20m11s/Msamples
        2748000   -102567.7870        13.3      -102471.8723       -95.9146 20m11s/Msamples
        2749000   -102574.5591        13.3      -102480.8579       -93.7012 20m11s/Msamples
        2750000   -102569.0524        13.4      -102475.4702       -93.5821 20m11s/Msamples
        2751000   -102559.3609        13.4      -102469.3940       -89.9668 20m11s/Msamples
        2752000   -102565.6886        13.4      -102475.7271       -89.9614 20m11s/Msamples
        2753000   -102565.9780        13.4      -102477.9678       -88.0102 20m11s/Msamples
        2754000   -102572.6017        13.4      -102481.0015       -91.6002 20m11s/Msamples
        2755000   -102588.8544        13.4      -102495.7941       -93.0603 20m11s/Msamples
        2756000   -102583.9909        13.4      -102490.5222       -93.4687 20m11s/Msamples
        2757000   -102589.3792        13.4      -102490.6653       -98.7139 20m11s/Msamples
        2758000   -102586.6288        13.4      -102491.0235       -95.6052 20m11s/Msamples
        2759000   -102592.7015        13.4      -102495.4080       -97.2935 20m11s/Msamples
        2760000   -102585.0691        13.4      -102489.6875       -95.3816 20m11s/Msamples
        2761000   -102587.8652        13.3      -102491.9940       -95.8711 20m11s/Msamples
        2762000   -102578.3746        13.3      -102485.8609       -92.5137 20m11s/Msamples
        2763000   -102586.4833        13.3      -102489.7112       -96.7720 20m11s/Msamples
        2764000   -102576.0183        13.3      -102484.3806       -91.6376 20m11s/Msamples
        2765000   -102580.2026        13.3      -102484.9789       -95.2237 20m11s/Msamples
        2766000   -102577.3139        13.3      -102483.3912       -93.9226 20m11s/Msamples
        2767000   -102561.0645        13.3      -102468.7567       -92.3077 20m11s/Msamples
        2768000   -102568.8344        13.4      -102475.5261       -93.3083 20m11s/Msamples
        2769000   -102565.1734        13.4      -102475.2395       -89.9338 20m11s/Msamples
        2770000   -102560.8637        13.4      -102471.4048       -89.4589 20m11s/Msamples
        2771000   -102563.5833        13.4      -102476.2438       -87.3395 20m11s/Msamples
        2772000   -102568.1391        13.4      -102474.5205       -93.6185 20m11s/Msamples
        2773000   -102568.1785        13.4      -102486.7410       -81.4375 20m12s/Msamples
        2774000   -102561.8870        13.4      -102478.5422       -83.3448 20m12s/Msamples
        2775000   -102569.9598        13.4      -102488.0241       -81.9356 20m12s/Msamples
        2776000   -102559.5721        13.5      -102477.4532       -82.1188 20m12s/Msamples
        2777000   -102566.0764        13.5      -102483.0753       -83.0011 20m12s/Msamples
        2778000   -102566.1876        13.5      -102482.1701       -84.0175 20m12s/Msamples
        2779000   -102565.9279        13.5      -102480.8198       -85.1081 20m12s/Msamples
        2780000   -102562.8006        13.5      -102478.2523       -84.5482 20m12s/Msamples
        2781000   -102565.5202        13.5      -102479.5861       -85.9340 20m12s/Msamples
        2782000   -102567.2933        13.5      -102477.7922       -89.5011 20m12s/Msamples
        2783000   -102564.6950        13.6      -102478.1032       -86.5917 20m12s/Msamples
        2784000   -102560.1344        13.6      -102473.9272       -86.2072 20m12s/Msamples
        2785000   -102575.9588        13.6      -102487.3197       -88.6391 20m12s/Msamples
        2786000   -102577.9873        13.6      -102485.8266       -92.1606 20m12s/Msamples
        2787000   -102570.7967        13.6      -102487.6444       -83.1523 20m12s/Msamples
        2788000   -102572.8667        13.6      -102488.2276       -84.6390 20m12s/Msamples
        2789000   -102580.4236        13.6      -102485.4044       -95.0192 20m12s/Msamples
        2790000   -102581.8544        13.6      -102489.3311       -92.5233 20m12s/Msamples
        2791000   -102584.3008        13.6      -102495.0790       -89.2218 20m12s/Msamples
        2792000   -102583.6820        13.6      -102490.3976       -93.2844 20m12s/Msamples
        2793000   -102593.8853        13.6      -102495.9809       -97.9044 20m12s/Msamples
        2794000   -102587.7313        13.6      -102501.3635       -86.3677 20m12s/Msamples
        2795000   -102577.0021        13.6      -102493.3378       -83.6642 20m12s/Msamples
        2796000   -102574.8254        13.6      -102489.0358       -85.7895 20m12s/Msamples
        2797000   -102578.0859        13.6      -102489.8825       -88.2034 20m12s/Msamples
        2798000   -102579.2961        13.5      -102492.4470       -86.8491 20m12s/Msamples
        2799000   -102571.7827        13.6      -102483.3007       -88.4819 20m12s/Msamples
        2800000   -102576.8912        13.6      -102490.0505       -86.8407 20m12s/Msamples
        2801000   -102566.5965        13.6      -102481.8203       -84.7762 20m12s/Msamples
        2802000   -102581.2766        13.6      -102495.7835       -85.4931 20m12s/Msamples
        2803000   -102572.3455        13.6      -102487.5316       -84.8139 20m12s/Msamples
        2804000   -102563.6108        13.6      -102483.9067       -79.7041 20m12s/Msamples
        2805000   -102574.5434        13.6      -102484.8055       -89.7378 20m12s/Msamples
        2806000   -102578.5126        13.6      -102491.4048       -87.1078 20m12s/Msamples
        2807000   -102564.9139        13.6      -102483.2162       -81.6976 20m12s/Msamples
        2808000   -102566.5347        13.6      -102488.9494       -77.5853 20m12s/Msamples
        2809000   -102566.6183        13.6      -102484.3779       -82.2404 20m12s/Msamples
        2810000   -102559.4339        13.6      -102481.7951       -77.6388 20m12s/Msamples
        2811000   -102558.3292        13.7      -102477.6277       -80.7015 20m12s/Msamples
        2812000   -102564.3960        13.7      -102483.0687       -81.3272 20m12s/Msamples
        2813000   -102572.0989        13.7      -102487.5879       -84.5109 20m12s/Msamples
        2814000   -102565.0779        13.7      -102482.3992       -82.6787 20m12s/Msamples
        2815000   -102554.9489        13.7      -102477.9426       -77.0062 20m12s/Msamples
        2816000   -102561.5902        13.7      -102477.2804       -84.3097 20m12s/Msamples
        2817000   -102560.9528        13.7      -102484.5654       -76.3874 20m12s/Msamples
        2818000   -102560.1637        13.8      -102475.8673       -84.2964 20m12s/Msamples
        2819000   -102556.1248        13.8      -102473.8482       -82.2765 20m12s/Msamples
        2820000   -102569.7304        13.8      -102482.7202       -87.0101 20m12s/Msamples
        2821000   -102559.6545        13.8      -102475.2464       -84.4080 20m12s/Msamples
        2822000   -102554.4718        13.8      -102472.2104       -82.2613 20m12s/Msamples
        2823000   -102562.8642        13.9      -102481.8858       -80.9783 20m12s/Msamples
        2824000   -102555.9292        13.9      -102480.9749       -74.9543 20m12s/Msamples
        2825000   -102567.3846        13.9      -102481.6006       -85.7839 20m12s/Msamples
        2826000   -102563.9386        13.9      -102481.1228       -82.8157 20m12s/Msamples
        2827000   -102556.8564        13.9      -102481.3111       -75.5452 20m12s/Msamples
        2828000   -102561.7392        13.9      -102482.0269       -79.7123 20m12s/Msamples
        2829000   -102574.8836        14.0      -102493.8555       -81.0281 20m12s/Msamples
        2830000   -102577.4767        14.0      -102490.9978       -86.4789 20m12s/Msamples
        2831000   -102579.9013        14.0      -102491.4148       -88.4865 20m12s/Msamples
        2832000   -102584.4152        13.9      -102495.9548       -88.4604 20m12s/Msamples
        2833000   -102580.4016        13.9      -102490.1768       -90.2248 20m12s/Msamples
        2834000   -102586.3257        13.9      -102497.8338       -88.4919 20m12s/Msamples
        2835000   -102557.9124        14.0      -102477.5481       -80.3642 20m12s/Msamples
        2836000   -102562.5055        14.0      -102483.1586       -79.3468 20m12s/Msamples
        2837000   -102549.5557        14.0      -102469.7342       -79.8214 20m12s/Msamples
        2838000   -102549.4071        14.0      -102470.5280       -78.8790 20m12s/Msamples
        2839000   -102548.6177        14.1      -102469.9661       -78.6515 20m12s/Msamples
        2840000   -102557.7468        14.1      -102474.0165       -83.7303 20m12s/Msamples
        2841000   -102550.9898        14.1      -102474.5152       -76.4745 20m12s/Msamples
        2842000   -102560.6864        14.1      -102479.2605       -81.4259 20m12s/Msamples
        2843000   -102554.4092        14.2      -102477.0363       -77.3728 20m12s/Msamples
        2844000   -102554.5724        14.2      -102481.4668       -73.1055 20m12s/Msamples
        2845000   -102549.1872        14.2      -102477.2538       -71.9333 20m12s/Msamples
        2846000   -102555.1624        14.2      -102481.0738       -74.0886 20m12s/Msamples
        2847000   -102558.4075        14.3      -102481.7742       -76.6333 20m12s/Msamples
        2848000   -102557.3284        14.3      -102486.2151       -71.1133 20m12s/Msamples
        2849000   -102561.9312        14.3      -102487.0037       -74.9275 20m12s/Msamples
        2850000   -102565.9565        14.3      -102485.0088       -80.9477 20m12s/Msamples
        2851000   -102578.1026        14.3      -102492.0635       -86.0391 20m12s/Msamples
        2852000   -102577.0997        14.3      -102492.3354       -84.7642 20m12s/Msamples
        2853000   -102569.5874        14.3      -102485.1101       -84.4773 20m12s/Msamples
        2854000   -102565.3850        14.3      -102479.7038       -85.6811 20m12s/Msamples
        2855000   -102585.7627        14.3      -102489.9758       -95.7868 20m12s/Msamples
        2856000   -102592.4440        14.3      -102495.6947       -96.7493 20m12s/Msamples
        2857000   -102574.8267        14.3      -102489.0666       -85.7600 20m12s/Msamples
        2858000   -102566.7944        14.3      -102487.3561       -79.4382 20m12s/Msamples
        2859000   -102562.0226        14.3      -102485.6065       -76.4160 20m12s/Msamples
        2860000   -102563.8050        14.4      -102485.2529       -78.5520 20m12s/Msamples
        2861000   -102565.5099        14.4      -102483.5342       -81.9756 20m12s/Msamples
        2862000   -102559.4395        14.4      -102478.8342       -80.6053 20m12s/Msamples
        2863000   -102556.4217        14.4      -102478.1234       -78.2983 20m12s/Msamples
        2864000   -102562.0202        14.4      -102483.4909       -78.5292 20m12s/Msamples
        2865000   -102566.0499        14.4      -102486.3382       -79.7116 20m12s/Msamples
        2866000   -102577.8513        14.4      -102494.8217       -83.0296 20m12s/Msamples
        2867000   -102579.2831        14.4      -102495.1709       -84.1122 20m12s/Msamples
        2868000   -102576.9561        14.4      -102487.2158       -89.7402 20m12s/Msamples
        2869000   -102571.7207        14.4      -102490.6456       -81.0750 20m12s/Msamples
        2870000   -102564.0024        14.4      -102487.1613       -76.8411 20m12s/Msamples
        2871000   -102556.8788        14.5      -102485.4483       -71.4304 20m12s/Msamples
        2872000   -102570.7278        14.5      -102489.3867       -81.3411 20m12s/Msamples
        2873000   -102567.5327        14.5      -102488.3488       -79.1839 20m12s/Msamples
        2874000   -102575.5151        14.5      -102489.2078       -86.3072 20m12s/Msamples
        2875000   -102576.4022        14.5      -102490.0960       -86.3062 20m12s/Msamples
        2876000   -102565.3801        14.5      -102484.6326       -80.7474 20m12s/Msamples
        2877000   -102568.6409        14.5      -102483.7283       -84.9125 20m12s/Msamples
        2878000   -102563.6814        14.5      -102484.2112       -79.4701 20m12s/Msamples
        2879000   -102557.6062        14.5      -102477.1572       -80.4490 20m12s/Msamples
        2880000   -102554.3780        14.5      -102483.7494       -70.6285 20m12s/Msamples
        2881000   -102554.8039        14.6      -102485.8097       -68.9941 20m12s/Msamples
        2882000   -102553.4907        14.6      -102487.3236       -66.1670 20m12s/Msamples
        2883000   -102568.9963        14.6      -102487.0609       -81.9353 20m12s/Msamples
        2884000   -102573.2083        14.6      -102495.9747       -77.2335 20m12s/Msamples
        2885000   -102567.7894        14.6      -102489.4231       -78.3663 20m12s/Msamples
        2886000   -102573.9141        14.6      -102495.8167       -78.0973 20m12s/Msamples
        2887000   -102572.7087        14.6      -102490.1444       -82.5643 20m12s/Msamples
        2888000   -102573.1165        14.6      -102487.8658       -85.2507 20m12s/Msamples
        2889000   -102576.9601        14.6      -102491.1003       -85.8598 20m12s/Msamples
        2890000   -102586.4906        14.6      -102500.2374       -86.2532 20m12s/Msamples
        2891000   -102569.4630        14.6      -102492.3646       -77.0983 20m12s/Msamples
        2892000   -102576.7965        14.6      -102504.7128       -72.0837 20m12s/Msamples
        2893000   -102572.6506        14.6      -102495.9091       -76.7414 20m12s/Msamples
        2894000   -102576.8918        14.6      -102496.5870       -80.3047 20m12s/Msamples
        2895000   -102589.1047        14.6      -102508.4615       -80.6432 20m12s/Msamples
        2896000   -102577.1046        14.6      -102500.6109       -76.4937 20m12s/Msamples
        2897000   -102564.0950        14.6      -102488.3526       -75.7424 20m12s/Msamples
        2898000   -102559.7769        14.7      -102484.8594       -74.9174 20m12s/Msamples
        2899000   -102559.7448        14.7      -102487.0328       -72.7120 20m12s/Msamples
        2900000   -102559.8464        14.7      -102484.9449       -74.9014 20m12s/Msamples
        2901000   -102579.1188        14.7      -102489.7445       -89.3742 20m12s/Msamples
        2902000   -102571.2979        14.7      -102483.7170       -87.5809 20m12s/Msamples
        2903000   -102558.7939        14.7      -102478.6451       -80.1487 20m12s/Msamples
        2904000   -102574.4707        14.7      -102491.3304       -83.1402 20m12s/Msamples
        2905000   -102562.3004        14.7      -102480.0187       -82.2817 20m12s/Msamples
        2906000   -102555.6062        14.7      -102476.0152       -79.5910 20m12s/Msamples
        2907000   -102552.6733        14.8      -102473.5630       -79.1103 20m12s/Msamples
        2908000   -102557.4169        14.8      -102469.1611       -88.2557 20m12s/Msamples
        2909000   -102543.2145        14.8      -102465.1719       -78.0426 20m12s/Msamples
        2910000   -102550.0008        14.8      -102471.1515       -78.8492 20m12s/Msamples
        2911000   -102548.2580        14.8      -102471.9389       -76.3191 20m12s/Msamples
        2912000   -102552.1225        14.9      -102474.3289       -77.7935 20m12s/Msamples
        2913000   -102550.7008        14.9      -102478.3604       -72.3404 20m12s/Msamples
        2914000   -102552.7311        14.9      -102476.6099       -76.1211 20m12s/Msamples
        2915000   -102540.9256        14.9      -102469.6168       -71.3087 20m12s/Msamples
        2916000   -102542.9198        15.0      -102470.8696       -72.0501 20m12s/Msamples
        2917000   -102551.7092        15.0      -102474.5709       -77.1383 20m12s/Msamples
        2918000   -102567.3619        15.0      -102484.3298       -83.0320 20m12s/Msamples
        2919000   -102573.9116        15.0      -102491.8344       -82.0772 20m12s/Msamples
        2920000   -102560.1912        15.0      -102482.4880       -77.7032 20m12s/Msamples
        2921000   -102572.1940        15.0      -102497.3966       -74.7973 20m12s/Msamples
        2922000   -102573.8229        15.0      -102491.0266       -82.7962 20m12s/Msamples
        2923000   -102553.4121        15.0      -102483.3681       -70.0439 20m12s/Msamples
        2924000   -102564.0896        15.1      -102489.0053       -75.0843 20m12s/Msamples
        2925000   -102564.3671        15.1      -102485.9202       -78.4469 20m12s/Msamples
        2926000   -102572.0820        15.1      -102488.5062       -83.5757 20m12s/Msamples
        2927000   -102575.0334        15.1      -102489.3826       -85.6508 20m12s/Msamples
        2928000   -102585.0032        15.1      -102500.9944       -84.0087 20m12s/Msamples
        2929000   -102565.3700        15.1      -102483.6456       -81.7243 20m12s/Msamples
        2930000   -102572.6151        15.1      -102490.2880       -82.3270 20m12s/Msamples
        2931000   -102569.4332        15.1      -102489.8382       -79.5950 20m12s/Msamples
        2932000   -102565.6279        15.1      -102485.8846       -79.7432 20m12s/Msamples
        2933000   -102569.8942        15.1      -102485.9724       -83.9217 20m12s/Msamples
        2934000   -102569.6141        15.1      -102488.6145       -80.9995 20m12s/Msamples
        2935000   -102572.9082        15.1      -102489.4911       -83.4170 20m12s/Msamples
        2936000   -102576.7169        15.1      -102485.9170       -90.7999 20m12s/Msamples
        2937000   -102584.7272        15.1      -102498.0530       -86.6742 20m12s/Msamples
        2938000   -102572.6738        15.1      -102489.7052       -82.9686 20m12s/Msamples
        2939000   -102584.0011        15.2      -102490.8313       -93.1697 20m12s/Msamples
        2940000   -102592.8459        15.2      -102491.6116      -101.2342 20m12s/Msamples
        2941000   -102579.1143        15.2      -102487.5652       -91.5490 20m12s/Msamples
        2942000   -102572.9979        15.2      -102479.6329       -93.3650 20m12s/Msamples
        2943000   -102566.6324        15.2      -102482.5399       -84.0924 20m12s/Msamples
        2944000   -102572.7355        15.2      -102486.7533       -85.9822 20m12s/Msamples
        2945000   -102570.4583        15.2      -102479.0857       -91.3726 20m12s/Msamples
        2946000   -102567.4140        15.2      -102483.2470       -84.1669 20m12s/Msamples
        2947000   -102576.7552        15.2      -102493.0286       -83.7266 20m12s/Msamples
        2948000   -102569.1420        15.2      -102482.2878       -86.8541 20m12s/Msamples
        2949000   -102563.6517        15.3      -102474.5713       -89.0804 20m12s/Msamples
        2950000   -102573.1119        15.3      -102484.5611       -88.5508 20m12s/Msamples
        2951000   -102573.5148        15.3      -102480.4991       -93.0156 20m12s/Msamples
        2952000   -102564.2367        15.3      -102476.6822       -87.5544 20m12s/Msamples
        2953000   -102570.1336        15.3      -102481.4237       -88.7098 20m12s/Msamples
        2954000   -102569.5531        15.3      -102480.0050       -89.5481 20m12s/Msamples
        2955000   -102573.6019        15.3      -102482.7009       -90.9010 20m12s/Msamples
        2956000   -102572.1851        15.3      -102481.4083       -90.7767 20m12s/Msamples
        2957000   -102578.6664        15.3      -102484.2241       -94.4422 20m12s/Msamples
        2958000   -102577.7158        15.3      -102483.0035       -94.7123 20m12s/Msamples
        2959000   -102582.2201        15.3      -102484.9829       -97.2371 20m12s/Msamples
        2960000   -102586.5472        15.3      -102488.5503       -97.9969 20m12s/Msamples
        2961000   -102582.6446        15.3      -102484.0543       -98.5902 20m12s/Msamples
        2962000   -102594.2489        15.4      -102488.3387      -105.9101 20m12s/Msamples
        2963000   -102581.4256        15.4      -102482.3834       -99.0422 20m12s/Msamples
        2964000   -102580.5232        15.4      -102482.8921       -97.6310 20m12s/Msamples
        2965000   -102577.6466        15.4      -102482.1382       -95.5083 20m12s/Msamples
        2966000   -102576.4589        15.4      -102485.2831       -91.1758 20m12s/Msamples
        2967000   -102569.1380        15.4      -102479.0422       -90.0957 20m12s/Msamples
        2968000   -102565.9441        15.4      -102477.1603       -88.7837 20m12s/Msamples
        2969000   -102568.9500        15.4      -102478.9540       -89.9960 20m12s/Msamples
        2970000   -102571.0290        15.4      -102482.9832       -88.0458 20m12s/Msamples
        2971000   -102575.2399        15.4      -102485.6155       -89.6244 20m12s/Msamples
        2972000   -102570.3613        15.4      -102480.6634       -89.6978 20m12s/Msamples
        2973000   -102571.9639        15.4      -102482.3582       -89.6056 20m12s/Msamples
        2974000   -102577.8279        15.5      -102480.8317       -96.9962 20m12s/Msamples
        2975000   -102565.4393        15.5      -102474.1038       -91.3355 20m12s/Msamples
        2976000   -102568.4387        15.5      -102477.3032       -91.1354 20m12s/Msamples
        2977000   -102559.7159        15.5      -102473.1541       -86.5618 20m12s/Msamples
        2978000   -102563.7920        15.5      -102473.1018       -90.6902 20m12s/Msamples
        2979000   -102559.8298        15.5      -102470.5537       -89.2761 20m12s/Msamples
        2980000   -102572.1136        15.5      -102481.5902       -90.5234 20m12s/Msamples
        2981000   -102566.5632        15.5      -102477.2208       -89.3423 20m12s/Msamples
        2982000   -102564.3146        15.5      -102481.4800       -82.8346 20m12s/Msamples
        2983000   -102565.6511        15.5      -102478.6710       -86.9800 20m12s/Msamples
        2984000   -102565.0272        15.5      -102480.3524       -84.6748 20m12s/Msamples
        2985000   -102569.8844        15.5      -102484.0603       -85.8240 20m12s/Msamples
        2986000   -102560.3183        15.6      -102480.5368       -79.7814 20m12s/Msamples
        2987000   -102575.5132        15.6      -102488.7124       -86.8007 20m12s/Msamples
        2988000   -102572.1249        15.6      -102487.5542       -84.5707 20m12s/Msamples
        2989000   -102568.5501        15.6      -102487.8232       -80.7269 20m12s/Msamples
        2990000   -102571.6801        15.6      -102491.0308       -80.6493 20m12s/Msamples
        2991000   -102583.2411        15.6      -102489.1377       -94.1034 20m12s/Msamples
        2992000   -102576.5822        15.6      -102488.5696       -88.0126 20m12s/Msamples
        2993000   -102578.1263        15.6      -102492.9045       -85.2217 20m12s/Msamples
        2994000   -102564.2513        15.6      -102479.6575       -84.5938 20m12s/Msamples
        2995000   -102579.1969        15.6      -102489.3245       -89.8723 20m12s/Msamples
        2996000   -102564.4255        15.6      -102488.0801       -76.3454 20m12s/Msamples
        2997000   -102558.4655        15.6      -102479.7886       -78.6769 20m12s/Msamples
        2998000   -102558.5585        15.7      -102478.5002       -80.0582 20m12s/Msamples
        2999000   -102569.8694        15.7      -102486.5706       -83.2987 20m12s/Msamples
        3000000   -102568.6191        15.7      -102487.1097       -81.5093 20m12s/Msamples
        3001000   -102576.6531        15.7      -102492.3759       -84.2772 20m12s/Msamples
        3002000   -102565.4940        15.7      -102482.5925       -82.9015 20m12s/Msamples
        3003000   -102566.4466        15.7      -102486.4519       -79.9947 20m12s/Msamples
        3004000   -102556.3031        15.7      -102478.4235       -77.8796 20m12s/Msamples
        3005000   -102575.6984        15.7      -102493.6003       -82.0980 20m12s/Msamples
        3006000   -102566.4381        15.7      -102485.6093       -80.8287 20m12s/Msamples
        3007000   -102578.6784        15.7      -102494.7923       -83.8860 20m12s/Msamples
        3008000   -102564.4907        15.7      -102484.5153       -79.9753 20m12s/Msamples
        3009000   -102560.4839        15.8      -102484.6880       -75.7959 20m12s/Msamples
        3010000   -102558.5907        15.8      -102476.3030       -82.2876 20m12s/Msamples
        3011000   -102556.6701        15.8      -102479.0319       -77.6381 20m12s/Msamples
        3012000   -102546.2948        15.8      -102469.9634       -76.3313 20m12s/Msamples
        3013000   -102552.9100        15.8      -102474.2736       -78.6363 20m12s/Msamples
        3014000   -102571.5823        15.8      -102485.3357       -86.2465 20m12s/Msamples
        3015000   -102574.2433        15.8      -102486.2903       -87.9529 20m12s/Msamples
        3016000   -102579.5657        15.8      -102494.0123       -85.5533 20m12s/Msamples
        3017000   -102588.6635        15.8      -102498.7215       -89.9419 20m12s/Msamples
        3018000   -102586.9408        15.9      -102496.1333       -90.8075 20m12s/Msamples
        3019000   -102586.4051        15.9      -102493.1027       -93.3023 20m12s/Msamples
        3020000   -102576.4122        15.9      -102480.6727       -95.7395 20m12s/Msamples
        3021000   -102569.4582        15.9      -102476.1688       -93.2893 20m12s/Msamples
        3022000   -102571.2949        15.9      -102476.7685       -94.5263 20m12s/Msamples
        3023000   -102572.5366        15.9      -102477.4899       -95.0466 20m12s/Msamples
        3024000   -102584.5424        15.9      -102480.4595      -104.0829 20m12s/Msamples
        3025000   -102579.5323        15.9      -102482.6822       -96.8501 20m12s/Msamples
        3026000   -102583.1236        15.9      -102488.2162       -94.9073 20m12s/Msamples
        3027000   -102575.6177        15.9      -102483.9294       -91.6882 20m12s/Msamples
        3028000   -102586.7082        16.0      -102488.0718       -98.6364 20m12s/Msamples
        3029000   -102582.6037        16.0      -102481.0398      -101.5639 20m12s/Msamples
        3030000   -102596.3958        16.0      -102486.6796      -109.7161 20m12s/Msamples
        3031000   -102581.0334        16.0      -102478.5266      -102.5068 20m12s/Msamples
        3032000   -102567.2173        16.0      -102477.0705       -90.1468 20m12s/Msamples
        3033000   -102558.9365        16.0      -102471.3552       -87.5812 20m12s/Msamples
        3034000   -102561.7327        16.0      -102470.8128       -90.9199 20m12s/Msamples
        3035000   -102568.1794        16.0      -102476.1493       -92.0301 20m12s/Msamples
        3036000   -102558.3293        16.1      -102469.9126       -88.4167 20m12s/Msamples
        3037000   -102560.8225        16.1      -102473.8135       -87.0089 20m12s/Msamples
        3038000   -102570.6832        16.1      -102479.9215       -90.7616 20m12s/Msamples
        3039000   -102560.1948        16.1      -102470.0477       -90.1470 20m12s/Msamples
        3040000   -102573.6885        16.1      -102483.3744       -90.3141 20m12s/Msamples
        3041000   -102559.1811        16.1      -102475.5187       -83.6623 20m12s/Msamples
        3042000   -102562.5963        16.1      -102477.2452       -85.3511 20m12s/Msamples
        3043000   -102573.9194        16.1      -102490.0247       -83.8947 20m12s/Msamples
        3044000   -102570.1067        16.1      -102484.3474       -85.7593 20m12s/Msamples
        3045000   -102565.2995        16.1      -102480.3923       -84.9071 20m12s/Msamples
        3046000   -102565.9319        16.1      -102484.4645       -81.4673 20m12s/Msamples
        3047000   -102571.7316        16.1      -102489.3895       -82.3421 20m12s/Msamples
        3048000   -102569.5147        16.1      -102482.5535       -86.9611 20m12s/Msamples
        3049000   -102563.9217        16.2      -102475.2901       -88.6315 20m12s/Msamples
        3050000   -102567.8480        16.2      -102478.5628       -89.2851 20m12s/Msamples
        3051000   -102569.6672        16.2      -102482.5787       -87.0885 20m12s/Msamples
        3052000   -102546.9648        16.2      -102466.3335       -80.6312 20m12s/Msamples
        3053000   -102552.2991        16.2      -102474.9044       -77.3946 20m12s/Msamples
        3054000   -102545.7964        16.2      -102462.0981       -83.6982 20m12s/Msamples
        3055000   -102541.6092        16.2      -102456.1253       -85.4838 20m12s/Msamples
        3056000   -102547.9901        16.3      -102464.4232       -83.5668 20m12s/Msamples
        3057000   -102547.5884        16.3      -102462.8112       -84.7771 20m12s/Msamples
        3058000   -102554.8853        16.3      -102476.1412       -78.7440 20m12s/Msamples
        3059000   -102561.5163        16.3      -102475.2150       -86.3013 20m12s/Msamples
        3060000   -102562.5857        16.3      -102475.1849       -87.4008 20m12s/Msamples
        3061000   -102553.7437        16.3      -102468.3874       -85.3562 20m12s/Msamples
        3062000   -102565.4093        16.3      -102476.4818       -88.9274 20m12s/Msamples
        3063000   -102560.6759        16.3      -102469.5391       -91.1368 20m12s/Msamples
        3064000   -102555.4639        16.3      -102469.3131       -86.1508 20m12s/Msamples
        3065000   -102565.9232        16.3      -102478.3707       -87.5525 20m12s/Msamples
        3066000   -102569.6110        16.3      -102484.9898       -84.6211 20m12s/Msamples
        3067000   -102564.2302        16.4      -102480.6924       -83.5378 20m12s/Msamples
        3068000   -102560.7047        16.4      -102474.9789       -85.7257 20m12s/Msamples
        3069000   -102567.2816        16.4      -102479.2651       -88.0165 20m12s/Msamples
        3070000   -102575.2330        16.4      -102482.8450       -92.3880 20m12s/Msamples
        3071000   -102572.4621        16.4      -102491.5676       -80.8945 20m12s/Msamples
        3072000   -102557.2752        16.4      -102475.2355       -82.0397 20m12s/Msamples
        3073000   -102561.3764        16.4      -102474.7913       -86.5850 20m12s/Msamples
        3074000   -102559.1606        16.4      -102478.5997       -80.5609 20m12s/Msamples
        3075000   -102561.2244        16.4      -102479.3716       -81.8528 20m12s/Msamples
        3076000   -102566.7311        16.4      -102479.0106       -87.7205 20m12s/Msamples
        3077000   -102572.6000        16.4      -102487.7965       -84.8035 20m12s/Msamples
        3078000   -102576.9397        16.4      -102493.6423       -83.2974 20m12s/Msamples
        3079000   -102571.5424        16.5      -102486.9473       -84.5951 20m12s/Msamples
        3080000   -102571.2257        16.5      -102481.4345       -89.7912 20m12s/Msamples
        3081000   -102573.9081        16.5      -102483.7835       -90.1246 20m12s/Msamples
        3082000   -102566.9155        16.5      -102485.3552       -81.5602 20m12s/Msamples
        3083000   -102570.0543        16.5      -102487.7147       -82.3396 20m12s/Msamples
        3084000   -102571.3317        16.5      -102487.5191       -83.8126 20m12s/Msamples
        3085000   -102569.1161        16.5      -102484.0268       -85.0893 20m12s/Msamples
        3086000   -102563.9331        16.5      -102481.6348       -82.2983 20m12s/Msamples
        3087000   -102568.0344        16.5      -102488.8065       -79.2279 20m12s/Msamples
        3088000   -102569.9044        16.5      -102483.3857       -86.5186 20m12s/Msamples
        3089000   -102575.2663        16.5      -102486.2836       -88.9826 20m12s/Msamples
        3090000   -102585.6557        16.6      -102494.5771       -91.0785 20m12s/Msamples
        3091000   -102581.1672        16.6      -102491.2085       -89.9586 20m12s/Msamples
        3092000   -102580.5701        16.6      -102492.1744       -88.3957 20m12s/Msamples
        3093000   -102568.4508        16.6      -102490.0444       -78.4063 20m12s/Msamples
        3094000   -102574.5632        16.6      -102491.9615       -82.6016 20m12s/Msamples
        3095000   -102567.7410        16.6      -102486.4161       -81.3248 20m12s/Msamples
        3096000   -102574.6801        16.6      -102495.1697       -79.5103 20m12s/Msamples
        3097000   -102568.2627        16.6      -102489.5608       -78.7019 20m12s/Msamples
        3098000   -102545.7339        16.6      -102472.3173       -73.4165 20m12s/Msamples
        3099000   -102557.5459        16.6      -102479.0945       -78.4514 20m12s/Msamples
        3100000   -102558.3964        16.7      -102471.2827       -87.1136 20m12s/Msamples
        3101000   -102552.8879        16.7      -102469.8901       -82.9977 20m12s/Msamples
        3102000   -102559.7716        16.7      -102474.5773       -85.1943 20m12s/Msamples
        3103000   -102558.1846        16.7      -102476.1650       -82.0195 20m12s/Msamples
        3104000   -102547.0895        16.7      -102466.3068       -80.7827 20m12s/Msamples
        3105000   -102551.8835        16.7      -102469.7190       -82.1644 20m12s/Msamples
        3106000   -102553.4880        16.7      -102477.7055       -75.7824 20m12s/Msamples
        3107000   -102545.0065        16.7      -102470.1161       -74.8904 20m12s/Msamples
        3108000   -102558.8199        16.7      -102480.0535       -78.7664 20m12s/Msamples
        3109000   -102558.3933        16.7      -102480.2128       -78.1804 20m12s/Msamples
        3110000   -102554.9054        16.7      -102473.8144       -81.0909 20m12s/Msamples
        3111000   -102554.7435        16.7      -102480.2232       -74.5202 20m12s/Msamples
        3112000   -102550.0910        16.7      -102472.5490       -77.5419 20m12s/Msamples
        3113000   -102549.3134        16.8      -102472.3147       -76.9987 20m12s/Msamples
        3114000   -102554.2675        16.8      -102477.6083       -76.6592 20m12s/Msamples
        3115000   -102559.7051        16.8      -102482.4742       -77.2309 20m12s/Msamples
        3116000   -102563.4482        16.8      -102482.9301       -80.5181 20m12s/Msamples
        3117000   -102571.4446        16.8      -102484.0419       -87.4027 20m12s/Msamples
        3118000   -102567.1518        16.8      -102483.7845       -83.3672 20m12s/Msamples
        3119000   -102563.0709        16.8      -102482.9303       -80.1405 20m12s/Msamples
        3120000   -102562.3365        16.8      -102479.5936       -82.7428 20m12s/Msamples
        3121000   -102565.0682        16.8      -102480.1668       -84.9013 20m12s/Msamples
        3122000   -102561.0949        16.8      -102473.4677       -87.6271 20m12s/Msamples
        3123000   -102560.3413        16.8      -102471.9175       -88.4237 20m12s/Msamples
        3124000   -102550.1112        16.8      -102467.3787       -82.7325 20m12s/Msamples
        3125000   -102556.5139        16.8      -102474.7286       -81.7853 20m12s/Msamples
        3126000   -102553.4480        16.8      -102472.4619       -80.9861 20m12s/Msamples
        3127000   -102568.3624        16.8      -102476.3470       -92.0153 20m12s/Msamples
        3128000   -102559.9339        16.8      -102480.0467       -79.8872 20m12s/Msamples
        3129000   -102568.0105        16.9      -102483.0002       -85.0102 20m12s/Msamples
        3130000   -102562.9510        16.9      -102475.3999       -87.5511 20m12s/Msamples
        3131000   -102565.6144        16.9      -102480.6232       -84.9912 20m12s/Msamples
        3132000   -102556.3649        16.9      -102469.7768       -86.5880 20m12s/Msamples
        3133000   -102556.1577        16.9      -102467.8396       -88.3181 20m12s/Msamples
        3134000   -102555.2472        16.9      -102475.7001       -79.5470 20m12s/Msamples
        3135000   -102564.4417        16.9      -102478.1361       -86.3055 20m12s/Msamples
        3136000   -102571.0964        16.9      -102482.8180       -88.2784 20m12s/Msamples
        3137000   -102563.5843        16.9      -102477.5563       -86.0279 20m12s/Msamples
        3138000   -102556.7268        16.9      -102471.7841       -84.9427 20m12s/Msamples
        3139000   -102565.4245        16.9      -102477.4538       -87.9707 20m12s/Msamples
        3140000   -102568.4979        16.9      -102481.5731       -86.9248 20m12s/Msamples
        3141000   -102570.7806        16.9      -102483.0622       -87.7184 20m12s/Msamples
        3142000   -102570.3744        16.9      -102480.7132       -89.6611 20m12s/Msamples
        3143000   -102560.7418        16.9      -102477.7276       -83.0141 20m12s/Msamples
        3144000   -102569.0574        16.9      -102479.0291       -90.0282 20m12s/Msamples
        3145000   -102571.9512        17.0      -102481.1766       -90.7745 20m12s/Msamples
        3146000   -102568.3635        17.0      -102478.9365       -89.4270 20m12s/Msamples
        3147000   -102566.1830        17.0      -102475.6770       -90.5060 20m12s/Msamples
        3148000   -102565.3664        17.0      -102476.2877       -89.0786 20m12s/Msamples
        3149000   -102568.3748        17.0      -102478.5525       -89.8223 20m12s/Msamples
        3150000   -102578.4220        17.0      -102486.1070       -92.3150 20m12s/Msamples
        3151000   -102580.0527        17.0      -102484.6895       -95.3632 20m12s/Msamples
        3152000   -102573.9665        17.0      -102480.5687       -93.3977 20m12s/Msamples
        3153000   -102577.1697        17.0      -102482.5551       -94.6146 20m12s/Msamples
        3154000   -102568.7289        17.0      -102474.5639       -94.1650 20m12s/Msamples
        3155000   -102573.4781        17.0      -102480.6590       -92.8191 20m12s/Msamples
        3156000   -102563.0286        17.0      -102472.3452       -90.6833 20m12s/Msamples
        3157000   -102556.3020        17.1      -102470.2764       -86.0256 20m12s/Msamples
        3158000   -102574.7598        17.1      -102483.0320       -91.7277 20m12s/Msamples
        3159000   -102574.7956        17.1      -102480.1161       -94.6795 20m12s/Msamples
        3160000   -102582.4872        17.1      -102481.7861      -100.7010 20m12s/Msamples
        3161000   -102582.9242        17.1      -102483.9411       -98.9831 20m12s/Msamples
        3162000   -102576.7942        17.1      -102482.0625       -94.7317 20m12s/Msamples
        3163000   -102590.9445        17.2      -102491.8891       -99.0554 20m12s/Msamples
        3164000   -102592.8521        17.2      -102498.6780       -94.1740 20m12s/Msamples
        3165000   -102593.1373        17.2      -102495.2896       -97.8476 20m12s/Msamples
        3166000   -102590.4142        17.2      -102491.3984       -99.0157 20m12s/Msamples
        3167000   -102593.8377        17.3      -102493.5671      -100.2706 20m12s/Msamples
        3168000   -102597.7077        17.3      -102494.7038      -103.0038 20m12s/Msamples
        3169000   -102595.5094        17.3      -102490.0304      -105.4790 20m12s/Msamples
        3170000   -102584.4750        17.4      -102484.5045       -99.9705 20m12s/Msamples
        3171000   -102590.3136        17.4      -102489.7647      -100.5488 20m12s/Msamples
        3172000   -102578.7418        17.4      -102478.9003       -99.8415 20m12s/Msamples
        3173000   -102589.4051        17.4      -102486.2766      -103.1285 20m12s/Msamples
        3174000   -102592.8240        17.4      -102494.3859       -98.4381 20m12s/Msamples
        3175000   -102590.8588        17.5      -102488.4508      -102.4079 20m12s/Msamples
        3176000   -102588.5513        17.5      -102490.8847       -97.6666 20m12s/Msamples
        3177000   -102577.2147        17.5      -102477.8399       -99.3747 20m12s/Msamples
        3178000   -102573.0410        17.5      -102476.3481       -96.6928 20m12s/Msamples
        3179000   -102573.5549        17.5      -102483.4764       -90.0785 20m12s/Msamples
        3180000   -102573.3018        17.5      -102477.4571       -95.8447 20m12s/Msamples
        3181000   -102579.1452        17.5      -102483.8252       -95.3199 20m12s/Msamples
        3182000   -102566.7745        17.5      -102476.6270       -90.1475 20m12s/Msamples
        3183000   -102566.9836        17.5      -102477.1077       -89.8758 20m12s/Msamples
        3184000   -102580.4584        17.6      -102482.4699       -97.9884 20m12s/Msamples
        3185000   -102572.1749        17.6      -102480.7957       -91.3791 20m12s/Msamples
        3186000   -102575.3483        17.6      -102476.5785       -98.7698 20m12s/Msamples
        3187000   -102580.1834        17.6      -102485.0500       -95.1334 20m12s/Msamples
        3188000   -102579.7988        17.6      -102484.2996       -95.4991 20m12s/Msamples
        3189000   -102591.1771        17.6      -102489.7123      -101.4647 20m12s/Msamples
        3190000   -102593.4900        17.7      -102493.5576       -99.9323 20m12s/Msamples
        3191000   -102589.7822        17.7      -102486.9324      -102.8497 20m12s/Msamples
        3192000   -102579.0584        17.7      -102479.2307       -99.8276 20m12s/Msamples
        3193000   -102571.4592        17.7      -102470.0566      -101.4026 20m12s/Msamples
        3194000   -102572.8952        17.7      -102471.3918      -101.5033 20m12s/Msamples
        3195000   -102571.9773        17.7      -102469.7096      -102.2677 20m12s/Msamples
        3196000   -102583.0293        17.7      -102477.8473      -105.1820 20m12s/Msamples
        3197000   -102591.2466        17.7      -102482.7145      -108.5321 20m12s/Msamples
        3198000   -102574.5057        17.8      -102475.4959       -99.0097 20m12s/Msamples
        3199000   -102569.2997        17.8      -102471.8264       -97.4733 20m12s/Msamples
        3200000   -102577.1929        17.8      -102476.5454      -100.6475 20m12s/Msamples
        3201000   -102584.8034        17.8      -102479.1119      -105.6914 20m12s/Msamples
        3202000   -102569.9329        17.8      -102470.0603       -99.8725 20m12s/Msamples
        3203000   -102568.8365        17.8      -102471.3899       -97.4466 20m12s/Msamples
        3204000   -102564.8725        17.8      -102469.4288       -95.4437 20m12s/Msamples
        3205000   -102573.8665        17.8      -102478.1614       -95.7050 20m12s/Msamples
        3206000   -102565.4372        17.8      -102472.3713       -93.0659 20m12s/Msamples
        3207000   -102569.1723        17.8      -102474.7283       -94.4440 20m12s/Msamples
        3208000   -102565.9292        17.8      -102470.9798       -94.9493 20m12s/Msamples
        3209000   -102568.2534        17.9      -102480.6625       -87.5909 20m12s/Msamples
        3210000   -102551.5396        17.9      -102468.9520       -82.5875 20m12s/Msamples
        3211000   -102559.7975        17.9      -102472.5908       -87.2067 20m12s/Msamples
        3212000   -102562.6032        17.9      -102471.3207       -91.2825 20m12s/Msamples
        3213000   -102562.8450        17.9      -102472.4157       -90.4293 20m12s/Msamples
        3214000   -102565.0480        17.9      -102477.5682       -87.4797 20m12s/Msamples
        3215000   -102579.0850        17.9      -102484.0473       -95.0376 20m12s/Msamples
        3216000   -102575.6367        17.9      -102477.3729       -98.2637 20m12s/Msamples
        3217000   -102579.8445        17.9      -102482.2100       -97.6344 20m12s/Msamples
        3218000   -102577.2589        17.9      -102484.4239       -92.8350 20m12s/Msamples
        3219000   -102574.3349        18.0      -102481.1313       -93.2036 20m12s/Msamples
        3220000   -102569.6277        18.0      -102481.4363       -88.1914 20m12s/Msamples
        3221000   -102565.7862        18.0      -102477.3300       -88.4561 20m12s/Msamples
        3222000   -102575.9123        18.0      -102483.8454       -92.0668 20m12s/Msamples
        3223000   -102582.3342        18.0      -102487.3854       -94.9488 20m12s/Msamples
        3224000   -102602.3099        18.0      -102494.5858      -107.7241 20m12s/Msamples
        3225000   -102595.5626        18.1      -102493.4049      -102.1577 20m12s/Msamples
        3226000   -102590.2496        18.1      -102489.3296      -100.9200 20m12s/Msamples
        3227000   -102586.1387        18.1      -102488.9265       -97.2121 20m12s/Msamples
        3228000   -102577.5054        18.1      -102480.5229       -96.9824 20m12s/Msamples
        3229000   -102580.3944        18.1      -102486.6075       -93.7869 20m12s/Msamples
        3230000   -102574.9925        18.1      -102477.2888       -97.7037 20m12s/Msamples
        3231000   -102579.0190        18.2      -102485.3592       -93.6597 20m12s/Msamples
        3232000   -102564.3065        18.2      -102470.7542       -93.5522 20m12s/Msamples
        3233000   -102562.4263        18.2      -102471.7081       -90.7182 20m12s/Msamples
        3234000   -102566.7603        18.2      -102471.8790       -94.8813 20m12s/Msamples
        3235000   -102564.5125        18.2      -102471.6322       -92.8802 20m12s/Msamples
        3236000   -102568.9143        18.2      -102477.0147       -91.8996 20m12s/Msamples
        3237000   -102569.1487        18.2      -102476.1928       -92.9558 20m12s/Msamples
        3238000   -102583.8291        18.2      -102487.3692       -96.4599 20m12s/Msamples
        3239000   -102572.2507        18.2      -102473.1156       -99.1351 20m12s/Msamples
        3240000   -102568.8737        18.2      -102476.9949       -91.8788 20m12s/Msamples
        3241000   -102579.3784        18.2      -102480.5677       -98.8107 20m12s/Msamples
        3242000   -102589.5425        18.3      -102485.6118      -103.9306 20m12s/Msamples
        3243000   -102585.7956        18.3      -102482.0498      -103.7458 20m12s/Msamples
        3244000   -102605.5468        18.3      -102496.1778      -109.3689 20m12s/Msamples
        3245000   -102604.7433        18.4      -102490.9695      -113.7737 20m12s/Msamples
        3246000   -102598.6438        18.4      -102484.4217      -114.2221 20m12s/Msamples
        3247000   -102588.4149        18.4      -102481.3263      -107.0886 20m12s/Msamples
        3248000   -102592.9806        18.4      -102487.5404      -105.4402 20m12s/Msamples
        3249000   -102585.6724        18.5      -102483.9507      -101.7217 20m12s/Msamples
        3250000   -102584.7217        18.5      -102479.9418      -104.7798 20m12s/Msamples
        3251000   -102582.0012        18.5      -102478.7362      -103.2649 20m12s/Msamples
        3252000   -102576.2304        18.5      -102473.7765      -102.4538 20m12s/Msamples
        3253000   -102586.3610        18.5      -102483.3272      -103.0338 20m13s/Msamples
        3254000   -102573.4362        18.5      -102470.5195      -102.9167 20m13s/Msamples
        3255000   -102568.0384        18.5      -102467.4393      -100.5990 20m13s/Msamples
        3256000   -102571.4952        18.5      -102474.2079       -97.2873 20m13s/Msamples
        3257000   -102575.8593        18.5      -102477.2702       -98.5890 20m13s/Msamples
        3258000   -102584.6866        18.5      -102488.2323       -96.4542 20m13s/Msamples
        3259000   -102576.3013        18.6      -102479.4720       -96.8292 20m13s/Msamples
        3260000   -102573.2593        18.6      -102481.0987       -92.1606 20m13s/Msamples
        3261000   -102568.7349        18.6      -102475.5865       -93.1484 20m13s/Msamples
        3262000   -102562.8324        18.6      -102470.6081       -92.2242 20m13s/Msamples
        3263000   -102565.3045        18.6      -102471.5443       -93.7601 20m13s/Msamples
        3264000   -102570.0493        18.6      -102475.5899       -94.4594 20m13s/Msamples
        3265000   -102571.8114        18.6      -102480.4018       -91.4095 20m13s/Msamples
        3266000   -102565.4590        18.6      -102476.7140       -88.7449 20m13s/Msamples
        3267000   -102564.0406        18.6      -102477.3708       -86.6698 20m13s/Msamples
        3268000   -102565.7386        18.6      -102474.1192       -91.6194 20m13s/Msamples
        3269000   -102572.6545        18.6      -102482.4010       -90.2534 20m13s/Msamples
        3270000   -102568.9455        18.7      -102487.0117       -81.9338 20m13s/Msamples
        3271000   -102563.5251        18.7      -102481.2647       -82.2603 20m13s/Msamples
        3272000   -102564.4912        18.7      -102477.1625       -87.3287 20m13s/Msamples
        3273000   -102558.8783        18.7      -102474.0520       -84.8262 20m13s/Msamples
        3274000   -102555.8849        18.7      -102468.9255       -86.9594 20m13s/Msamples
        3275000   -102558.4124        18.7      -102470.8464       -87.5660 20m13s/Msamples
        3276000   -102563.0366        18.7      -102476.9394       -86.0972 20m13s/Msamples
        3277000   -102567.0059        18.7      -102482.6157       -84.3902 20m13s/Msamples
        3278000   -102562.8907        18.7      -102479.7954       -83.0953 20m13s/Msamples
        3279000   -102564.0248        18.7      -102479.2905       -84.7343 20m13s/Msamples
        3280000   -102564.6452        18.7      -102479.4291       -85.2160 20m13s/Msamples
        3281000   -102568.1769        18.8      -102480.1994       -87.9774 20m13s/Msamples
        3282000   -102572.2582        18.8      -102485.3528       -86.9053 20m13s/Msamples
        3283000   -102576.0897        18.8      -102488.0428       -88.0468 20m13s/Msamples
        3284000   -102591.4179        18.8      -102496.6229       -94.7949 20m13s/Msamples
        3285000   -102574.3268        18.8      -102485.1553       -89.1714 20m13s/Msamples
        3286000   -102569.1830        18.8      -102487.5286       -81.6543 20m13s/Msamples
        3287000   -102561.1025        18.8      -102475.0614       -86.0410 20m13s/Msamples
        3288000   -102574.1833        18.8      -102487.8052       -86.3781 20m13s/Msamples
        3289000   -102571.6737        18.8      -102485.7459       -85.9278 20m13s/Msamples
        3290000   -102572.7962        18.8      -102483.7413       -89.0549 20m13s/Msamples
        3291000   -102578.4396        18.9      -102485.6572       -92.7823 20m13s/Msamples
        3292000   -102569.6207        18.9      -102476.1765       -93.4441 20m13s/Msamples
        3293000   -102562.2023        18.9      -102473.7539       -88.4483 20m13s/Msamples
        3294000   -102555.0848        18.9      -102472.4724       -82.6124 20m13s/Msamples
        3295000   -102555.3759        18.9      -102472.8223       -82.5535 20m13s/Msamples
        3296000   -102562.0860        18.9      -102478.2174       -83.8686 20m13s/Msamples
        3297000   -102561.3496        18.9      -102479.8951       -81.4544 20m13s/Msamples
        3298000   -102558.5317        18.9      -102474.7425       -83.7892 20m13s/Msamples
        3299000   -102557.8915        18.9      -102472.3107       -85.5808 20m12s/Msamples
        3300000   -102562.6555        19.0      -102472.0246       -90.6308 20m12s/Msamples
        3301000   -102562.2445        19.0      -102476.8334       -85.4110 20m12s/Msamples
        3302000   -102558.0645        19.0      -102468.4737       -89.5908 20m12s/Msamples
        3303000   -102572.4278        19.0      -102480.4719       -91.9558 20m12s/Msamples
        3304000   -102576.2879        19.0      -102482.7315       -93.5563 20m12s/Msamples
        3305000   -102569.7535        19.0      -102477.3499       -92.4035 20m12s/Msamples
        3306000   -102573.9711        19.0      -102479.1131       -94.8580 20m12s/Msamples
        3307000   -102577.6021        19.0      -102482.3391       -95.2629 20m12s/Msamples
        3308000   -102582.3916        19.0      -102478.8309      -103.5606 20m12s/Msamples
        3309000   -102593.5575        19.1      -102490.1999      -103.3576 20m12s/Msamples
        3310000   -102592.0755        19.1      -102486.5939      -105.4816 20m12s/Msamples
        3311000   -102588.8533        19.1      -102490.8701       -97.9831 20m12s/Msamples
        3312000   -102587.5144        19.1      -102491.4616       -96.0528 20m12s/Msamples
        3313000   -102582.9475        19.1      -102483.2484       -99.6990 20m12s/Msamples
        3314000   -102585.4097        19.1      -102482.8592      -102.5505 20m12s/Msamples
        3315000   -102599.5261        19.2      -102488.3779      -111.1482 20m12s/Msamples
        3316000   -102584.8905        19.2      -102483.0159      -101.8746 20m12s/Msamples
        3317000   -102588.5462        19.2      -102486.1506      -102.3956 20m12s/Msamples
        3318000   -102587.8696        19.2      -102484.2138      -103.6558 20m12s/Msamples
        3319000   -102580.2116        19.2      -102480.2961       -99.9155 20m12s/Msamples
        3320000   -102581.5168        19.2      -102482.7344       -98.7823 20m12s/Msamples
        3321000   -102583.4744        19.3      -102485.4264       -98.0480 20m12s/Msamples
        3322000   -102590.0221        19.3      -102492.3662       -97.6559 20m12s/Msamples
        3323000   -102579.7060        19.3      -102484.5120       -95.1940 20m12s/Msamples
        3324000   -102583.9674        19.3      -102483.4604      -100.5069 20m12s/Msamples
        3325000   -102590.0182        19.3      -102490.5386       -99.4796 20m12s/Msamples
        3326000   -102601.2074        19.3      -102496.1254      -105.0819 20m12s/Msamples
        3327000   -102600.1155        19.4      -102490.5058      -109.6097 20m12s/Msamples
        3328000   -102602.6299        19.4      -102489.2647      -113.3652 20m12s/Msamples
        3329000   -102595.7569        19.5      -102488.9944      -106.7625 20m12s/Msamples
        3330000   -102589.4587        19.5      -102484.8636      -104.5950 20m12s/Msamples
        3331000   -102584.4018        19.5      -102478.9558      -105.4459 20m12s/Msamples
        3332000   -102586.6875        19.5      -102482.6411      -104.0463 20m12s/Msamples
        3333000   -102584.9955        19.5      -102475.9381      -109.0574 20m12s/Msamples
        3334000   -102582.3532        19.5      -102475.0859      -107.2673 20m12s/Msamples
        3335000   -102572.8685        19.5      -102468.2303      -104.6382 20m12s/Msamples
        3336000   -102583.0317        19.5      -102473.9779      -109.0537 20m12s/Msamples
        3337000   -102594.7948        19.5      -102483.1062      -111.6886 20m12s/Msamples
        3338000   -102581.6792        19.6      -102475.4610      -106.2182 20m13s/Msamples
        3339000   -102597.2204        19.6      -102489.5045      -107.7159 20m13s/Msamples
        3340000   -102585.1625        19.6      -102480.8107      -104.3517 20m13s/Msamples
        3341000   -102597.9875        19.6      -102491.2711      -106.7164 20m12s/Msamples
        3342000   -102598.2059        19.6      -102490.7793      -107.4266 20m12s/Msamples
        3343000   -102602.3682        19.7      -102491.5414      -110.8267 20m12s/Msamples
        3344000   -102594.6497        19.7      -102486.2904      -108.3592 20m12s/Msamples
        3345000   -102591.2303        19.7      -102480.2631      -110.9671 20m12s/Msamples
        3346000   -102591.1742        19.7      -102481.3220      -109.8521 20m12s/Msamples
        3347000   -102597.7045        19.7      -102489.0045      -108.7000 20m12s/Msamples
        3348000   -102603.4828        19.8      -102488.2953      -115.1875 20m12s/Msamples
        3349000   -102594.7795        19.8      -102480.4713      -114.3081 20m12s/Msamples
        3350000   -102590.8003        19.8      -102479.9367      -110.8635 20m12s/Msamples
        3351000   -102589.4079        19.8      -102478.2515      -111.1563 20m12s/Msamples
        3352000   -102585.4314        19.8      -102479.0873      -106.3441 20m12s/Msamples
        3353000   -102588.7654        19.8      -102479.9543      -108.8111 20m13s/Msamples
        3354000   -102591.6345        19.9      -102483.9205      -107.7140 20m12s/Msamples
        3355000   -102586.9509        19.9      -102475.9544      -110.9965 20m13s/Msamples
        3356000   -102595.1661        19.9      -102485.5081      -109.6579 20m12s/Msamples
        3357000   -102583.9178        19.9      -102473.6800      -110.2378 20m12s/Msamples
        3358000   -102595.2015        19.9      -102484.0564      -111.1451 20m12s/Msamples
        3359000   -102595.7718        19.9      -102486.9922      -108.7795 20m12s/Msamples
        3360000   -102599.2583        20.0      -102483.1022      -116.1560 20m12s/Msamples
        3361000   -102592.8144        20.0      -102484.2660      -108.5483 20m12s/Msamples
        3362000   -102589.9047        20.0      -102479.4588      -110.4459 20m13s/Msamples
        3363000   -102589.2881        20.0      -102480.5031      -108.7849 20m13s/Msamples
        3364000   -102575.0045        20.0      -102465.4624      -109.5420 20m13s/Msamples
        3365000   -102594.0836        20.0      -102478.2789      -115.8046 20m13s/Msamples
        3366000   -102599.0374        20.0      -102480.9017      -118.1356 20m13s/Msamples
        3367000   -102595.3037        20.1      -102483.6434      -111.6603 20m13s/Msamples
        3368000   -102601.6201        20.1      -102480.6026      -121.0174 20m13s/Msamples
        3369000   -102593.9546        20.1      -102483.0309      -110.9236 20m13s/Msamples
        3370000   -102591.6836        20.1      -102481.6640      -110.0196 20m13s/Msamples
        3371000   -102596.5178        20.1      -102486.8935      -109.6242 20m13s/Msamples
        3372000   -102586.0902        20.2      -102480.2458      -105.8444 20m13s/Msamples
        3373000   -102595.1358        20.2      -102490.6294      -104.5064 20m13s/Msamples
        3374000   -102606.8039        20.2      -102485.8883      -120.9156 20m13s/Msamples
        3375000   -102588.5038        20.2      -102476.6760      -111.8278 20m13s/Msamples
        3376000   -102606.0754        20.2      -102489.5859      -116.4895 20m13s/Msamples
        3377000   -102593.6330        20.2      -102476.7962      -116.8368 20m13s/Msamples
        3378000   -102596.0052        20.2      -102484.2171      -111.7881 20m13s/Msamples
        3379000   -102587.6273        20.3      -102485.1462      -102.4811 20m13s/Msamples
        3380000   -102577.9356        20.3      -102480.5998       -97.3357 20m13s/Msamples
        3381000   -102570.9199        20.3      -102472.6295       -98.2904 20m13s/Msamples
        3382000   -102577.2646        20.3      -102478.5492       -98.7153 20m13s/Msamples
        3383000   -102571.1101        20.3      -102474.2001       -96.9099 20m13s/Msamples
        3384000   -102577.4103        20.3      -102474.8199      -102.5903 20m13s/Msamples
        3385000   -102574.0354        20.3      -102479.8379       -94.1974 20m13s/Msamples
        3386000   -102566.2722        20.3      -102472.2110       -94.0612 20m13s/Msamples
        3387000   -102580.7865        20.3      -102475.6240      -105.1624 20m13s/Msamples
        3388000   -102586.8324        20.3      -102478.2849      -108.5474 20m13s/Msamples
        3389000   -102581.8310        20.3      -102478.8421      -102.9889 20m13s/Msamples
        3390000   -102579.6569        20.4      -102473.6125      -106.0443 20m13s/Msamples
        3391000   -102581.3459        20.4      -102475.4747      -105.8711 20m13s/Msamples
        3392000   -102587.9266        20.4      -102483.1921      -104.7345 20m13s/Msamples
        3393000   -102585.5922        20.4      -102476.1549      -109.4372 20m13s/Msamples
        3394000   -102569.0652        20.4      -102464.9837      -104.0814 20m13s/Msamples
        3395000   -102592.3368        20.4      -102484.3049      -108.0318 20m13s/Msamples
        3396000   -102587.4087        20.4      -102479.8654      -107.5433 20m13s/Msamples
        3397000   -102579.3487        20.4      -102472.4602      -106.8884 20m13s/Msamples
        3398000   -102566.8298        20.4      -102474.0889       -92.7409 20m13s/Msamples
        3399000   -102556.7864        20.4      -102466.1194       -90.6669 20m13s/Msamples
        3400000   -102566.0746        20.5      -102476.1815       -89.8930 20m13s/Msamples
        3401000   -102549.2979        20.5      -102464.5202       -84.7777 20m13s/Msamples
        3402000   -102551.5414        20.5      -102473.6223       -77.9191 20m13s/Msamples
        3403000   -102554.1641        20.5      -102474.8706       -79.2935 20m13s/Msamples
        3404000   -102552.7442        20.6      -102471.2274       -81.5167 20m13s/Msamples
        3405000   -102571.7006        20.6      -102485.9297       -85.7708 20m13s/Msamples
        3406000   -102569.7902        20.6      -102479.1098       -90.6804 20m13s/Msamples
        3407000   -102565.9355        20.6      -102478.7546       -87.1809 20m13s/Msamples
        3408000   -102558.4757        20.6      -102475.3149       -83.1608 20m13s/Msamples
        3409000   -102557.7906        20.6      -102470.6044       -87.1861 20m13s/Msamples
        3410000   -102563.4884        20.7      -102475.4021       -88.0862 20m13s/Msamples
        3411000   -102562.6827        20.7      -102475.2755       -87.4071 20m13s/Msamples
        3412000   -102564.4433        20.7      -102475.9228       -88.5205 20m13s/Msamples
        3413000   -102557.7920        20.7      -102471.9763       -85.8157 20m13s/Msamples
        3414000   -102568.3247        20.7      -102478.7039       -89.6208 20m13s/Msamples
        3415000   -102562.3838        20.7      -102477.3290       -85.0547 20m13s/Msamples
        3416000   -102557.2616        20.7      -102471.8053       -85.4562 20m13s/Msamples
        3417000   -102563.7522        20.8      -102476.7569       -86.9953 20m13s/Msamples
        3418000   -102558.0410        20.8      -102473.6083       -84.4327 20m13s/Msamples
        3419000   -102550.5252        20.8      -102469.8130       -80.7122 20m13s/Msamples
        3420000   -102554.2279        20.8      -102471.1537       -83.0741 20m13s/Msamples
        3421000   -102564.6591        20.9      -102473.4467       -91.2124 20m13s/Msamples
        3422000   -102567.7877        20.9      -102475.1968       -92.5909 20m13s/Msamples
        3423000   -102565.5179        20.9      -102470.2303       -95.2876 20m13s/Msamples
        3424000   -102560.2395        20.9      -102469.1625       -91.0769 20m13s/Msamples
        3425000   -102559.2160        20.9      -102469.7476       -89.4684 20m13s/Msamples
        3426000   -102574.3153        20.9      -102481.3982       -92.9171 20m13s/Msamples
        3427000   -102561.8911        20.9      -102474.9459       -86.9452 20m13s/Msamples
        3428000   -102566.3861        20.9      -102476.5978       -89.7883 20m13s/Msamples
        3429000   -102567.4873        21.0      -102475.3361       -92.1511 20m13s/Msamples
        3430000   -102570.9272        21.0      -102477.4880       -93.4391 20m13s/Msamples
        3431000   -102578.7938        21.0      -102486.2411       -92.5527 20m13s/Msamples
        3432000   -102577.3917        21.0      -102483.5094       -93.8823 20m12s/Msamples
        3433000   -102566.3501        21.0      -102474.1163       -92.2337 20m12s/Msamples
        3434000   -102570.3465        21.0      -102476.1263       -94.2202 20m12s/Msamples
        3435000   -102578.4141        21.0      -102481.0307       -97.3834 20m12s/Msamples
        3436000   -102569.8825        21.0      -102476.5258       -93.3567 20m12s/Msamples
        3437000   -102571.1208        21.0      -102475.5713       -95.5495 20m12s/Msamples
        3438000   -102570.1984        21.0      -102475.8403       -94.3580 20m13s/Msamples
        3439000   -102570.1470        21.0      -102474.0271       -96.1198 20m12s/Msamples
        3440000   -102570.8406        21.1      -102475.4774       -95.3632 20m12s/Msamples
        3441000   -102571.6732        21.1      -102481.3909       -90.2823 20m12s/Msamples
        3442000   -102568.4419        21.1      -102476.7888       -91.6530 20m12s/Msamples
        3443000   -102572.7223        21.1      -102482.5675       -90.1547 20m12s/Msamples
        3444000   -102577.5078        21.1      -102487.4309       -90.0768 20m12s/Msamples
        3445000   -102559.9732        21.1      -102474.4576       -85.5156 20m13s/Msamples
        3446000   -102570.3257        21.1      -102479.2423       -91.0833 20m13s/Msamples
        3447000   -102586.7463        21.1      -102492.7015       -94.0448 20m13s/Msamples
        3448000   -102580.3149        21.1      -102489.7335       -90.5813 20m12s/Msamples
        3449000   -102583.6684        21.1      -102493.7581       -89.9102 20m13s/Msamples
        3450000   -102575.0820        21.1      -102482.1752       -92.9067 20m13s/Msamples
        3451000   -102576.6561        21.1      -102484.3934       -92.2627 20m13s/Msamples
        3452000   -102566.9416        21.1      -102478.7440       -88.1975 20m12s/Msamples
        3453000   -102572.6269        21.1      -102484.3419       -88.2849 20m12s/Msamples
        3454000   -102571.3085        21.2      -102481.9728       -89.3357 20m12s/Msamples
        3455000   -102566.6308        21.2      -102476.1631       -90.4677 20m12s/Msamples
        3456000   -102579.3786        21.2      -102485.3612       -94.0174 20m12s/Msamples
        3457000   -102559.7320        21.2      -102481.4971       -78.2349 20m12s/Msamples
        3458000   -102558.9699        21.2      -102476.9189       -82.0510 20m12s/Msamples
        3459000   -102565.8676        21.2      -102483.7442       -82.1234 20m12s/Msamples
        3460000   -102576.7481        21.2      -102487.8970       -88.8510 20m12s/Msamples
        3461000   -102574.3535        21.2      -102481.5039       -92.8495 20m12s/Msamples
        3462000   -102574.3435        21.2      -102479.5924       -94.7511 20m12s/Msamples
        3463000   -102575.4207        21.2      -102486.6220       -88.7986 20m12s/Msamples
        3464000   -102583.8840        21.2      -102486.0169       -97.8670 20m12s/Msamples
        3465000   -102580.9484        21.2      -102484.9039       -96.0445 20m12s/Msamples
        3466000   -102565.8838        21.2      -102477.7663       -88.1175 20m12s/Msamples
        3467000   -102565.0888        21.3      -102480.5910       -84.4978 20m12s/Msamples
        3468000   -102571.3366        21.3      -102487.7096       -83.6269 20m12s/Msamples
        3469000   -102575.8875        21.3      -102486.3578       -89.5297 20m12s/Msamples
        3470000   -102578.2636        21.3      -102486.2630       -92.0006 20m12s/Msamples
        3471000   -102562.6713        21.3      -102479.1541       -83.5171 20m12s/Msamples
        3472000   -102567.8168        21.3      -102480.8621       -86.9546 20m12s/Msamples
        3473000   -102564.8924        21.3      -102479.2965       -85.5959 20m12s/Msamples
        3474000   -102563.8798        21.3      -102478.1748       -85.7050 20m12s/Msamples
        3475000   -102558.7645        21.4      -102473.3879       -85.3766 20m12s/Msamples
        3476000   -102573.3519        21.4      -102483.5579       -89.7940 20m12s/Msamples
        3477000   -102562.7413        21.4      -102477.9505       -84.7908 20m12s/Msamples
        3478000   -102564.4856        21.4      -102474.7481       -89.7374 20m12s/Msamples
        3479000   -102576.8351        21.4      -102485.4380       -91.3970 20m12s/Msamples
        3480000   -102583.5667        21.4      -102492.8305       -90.7361 20m12s/Msamples
        3481000   -102570.8730        21.4      -102485.7814       -85.0916 20m12s/Msamples
        3482000   -102574.2426        21.4      -102482.9626       -91.2799 20m12s/Msamples
        3483000   -102577.0118        21.4      -102479.8800       -97.1317 20m13s/Msamples
        3484000   -102583.6366        21.4      -102484.9842       -98.6524 20m13s/Msamples
        3485000   -102573.1281        21.4      -102480.0510       -93.0771 20m13s/Msamples
        3486000   -102583.7822        21.4      -102488.5500       -95.2322 20m13s/Msamples
        3487000   -102597.3383        21.5      -102496.1283      -101.2099 20m13s/Msamples
        3488000   -102576.1906        21.5      -102477.4590       -98.7315 20m13s/Msamples
        3489000   -102573.0653        21.5      -102472.4401      -100.6251 20m13s/Msamples
        3490000   -102573.4574        21.5      -102474.1267       -99.3307 20m13s/Msamples
        3491000   -102574.2868        21.5      -102475.8277       -98.4590 20m13s/Msamples
        3492000   -102570.7761        21.5      -102477.3820       -93.3940 20m13s/Msamples
        3493000   -102565.7232        21.5      -102469.3665       -96.3567 20m13s/Msamples
        3494000   -102572.7649        21.5      -102472.7209      -100.0440 20m13s/Msamples
        3495000   -102578.2593        21.5      -102485.1055       -93.1538 20m13s/Msamples
        3496000   -102570.8997        21.5      -102483.4370       -87.4626 20m13s/Msamples
        3497000   -102578.2626        21.5      -102485.8476       -92.4150 20m13s/Msamples
        3498000   -102575.3646        21.5      -102488.3387       -87.0258 20m13s/Msamples
        3499000   -102563.6003        21.5      -102477.4605       -86.1397 20m13s/Msamples
        3500000   -102567.9136        21.6      -102477.3225       -90.5910 20m13s/Msamples
        3501000   -102577.9884        21.6      -102479.9855       -98.0028 20m13s/Msamples
        3502000   -102583.0712        21.6      -102485.3601       -97.7110 20m13s/Msamples
        3503000   -102582.9823        21.6      -102486.2648       -96.7175 20m13s/Msamples
        3504000   -102578.9017        21.6      -102488.9421       -89.9596 20m13s/Msamples
        3505000   -102579.0356        21.6      -102480.3365       -98.6990 20m13s/Msamples
        3506000   -102575.9092        21.6      -102480.7478       -95.1614 20m13s/Msamples
        3507000   -102580.4069        21.6      -102479.0105      -101.3963 20m13s/Msamples
        3508000   -102580.0602        21.6      -102489.9365       -90.1236 20m13s/Msamples
        3509000   -102569.5433        21.6      -102478.9319       -90.6114 20m13s/Msamples
        3510000   -102577.4033        21.6      -102480.8061       -96.5972 20m13s/Msamples
        3511000   -102566.3372        21.6      -102476.1523       -90.1848 20m13s/Msamples
        3512000   -102564.3997        21.6      -102481.1132       -83.2864 20m13s/Msamples
        3513000   -102561.1803        21.6      -102476.4255       -84.7548 20m13s/Msamples
        3514000   -102563.5921        21.7      -102481.6903       -81.9017 20m13s/Msamples
        3515000   -102559.9493        21.7      -102475.8140       -84.1353 20m13s/Msamples
        3516000   -102575.1254        21.7      -102485.1183       -90.0071 20m13s/Msamples
        3517000   -102581.4744        21.7      -102493.3084       -88.1659 20m13s/Msamples
        3518000   -102563.6404        21.7      -102480.6744       -82.9660 20m13s/Msamples
        3519000   -102564.2548        21.7      -102484.5705       -79.6842 20m13s/Msamples
        3520000   -102570.8556        21.7      -102482.7714       -88.0841 20m13s/Msamples
        3521000   -102565.6756        21.7      -102476.8646       -88.8109 20m13s/Msamples
        3522000   -102571.0640        21.7      -102480.5102       -90.5538 20m13s/Msamples
        3523000   -102570.0942        21.7      -102480.0276       -90.0665 20m13s/Msamples
        3524000   -102559.9259        21.8      -102478.2513       -81.6745 20m13s/Msamples
        3525000   -102563.6914        21.9      -102482.5595       -81.1318 20m13s/Msamples
        3526000   -102555.2058        22.0      -102477.2107       -77.9950 20m13s/Msamples
        3527000   -102554.8779        22.0      -102474.4493       -80.4286 20m13s/Msamples
        3528000   -102557.8427        22.0      -102480.2513       -77.5913 20m13s/Msamples
        3529000   -102566.7058        22.0      -102482.6694       -84.0364 20m13s/Msamples
        3530000   -102556.5966        22.0      -102475.0815       -81.5151 20m13s/Msamples
        3531000   -102568.1037        22.0      -102479.6652       -88.4385 20m13s/Msamples
        3532000   -102568.3851        22.0      -102479.9292       -88.4559 20m13s/Msamples
        3533000   -102567.0139        22.0      -102481.5255       -85.4884 20m13s/Msamples
        3534000   -102576.5213        22.0      -102484.9667       -91.5546 20m13s/Msamples
        3535000   -102573.2371        22.0      -102487.9997       -85.2373 20m13s/Msamples
        3536000   -102578.1291        22.1      -102490.3851       -87.7440 20m13s/Msamples
        3537000   -102574.7776        22.1      -102489.7525       -85.0250 20m13s/Msamples
        3538000   -102570.3849        22.1      -102483.4273       -86.9576 20m13s/Msamples
        3539000   -102564.6946        22.1      -102480.5984       -84.0961 20m13s/Msamples
        3540000   -102572.7942        22.1      -102486.7604       -86.0338 20m13s/Msamples
        3541000   -102558.8442        22.1      -102477.2214       -81.6227 20m13s/Msamples
        3542000   -102567.9609        22.1      -102480.6970       -87.2638 20m13s/Msamples
        3543000   -102560.7880        22.1      -102469.9321       -90.8558 20m13s/Msamples
        3544000   -102559.6026        22.1      -102470.0777       -89.5249 20m13s/Msamples
        3545000   -102565.0236        22.2      -102470.9459       -94.0777 20m13s/Msamples
        3546000   -102574.3771        22.2      -102476.7799       -97.5971 20m13s/Msamples
        3547000   -102564.5982        22.2      -102467.9790       -96.6191 20m13s/Msamples
        3548000   -102575.7547        22.2      -102477.7108       -98.0439 20m13s/Msamples
        3549000   -102580.9998        22.2      -102481.6625       -99.3372 20m13s/Msamples
        3550000   -102572.7022        22.2      -102472.0113      -100.6908 20m13s/Msamples
        3551000   -102594.5625        22.2      -102483.2897      -111.2728 20m13s/Msamples
        3552000   -102598.0388        22.2      -102481.3192      -116.7195 20m13s/Msamples
        3553000   -102605.0496        22.3      -102484.9258      -120.1237 20m13s/Msamples
        3554000   -102588.3697        22.3      -102477.9304      -110.4392 20m13s/Msamples
        3555000   -102592.1963        22.3      -102484.9500      -107.2462 20m13s/Msamples
        3556000   -102590.6335        22.3      -102482.0367      -108.5968 20m13s/Msamples
        3557000   -102584.0387        22.3      -102478.4086      -105.6300 20m13s/Msamples
        3558000   -102599.1897        22.3      -102478.7670      -120.4226 20m13s/Msamples
        3559000   -102600.2663        22.3      -102481.3370      -118.9292 20m13s/Msamples
        3560000   -102593.9951        22.3      -102479.4446      -114.5504 20m13s/Msamples
        3561000   -102590.4671        22.4      -102474.3004      -116.1666 20m13s/Msamples
        3562000   -102589.7771        22.4      -102475.1790      -114.5981 20m13s/Msamples
        3563000   -102591.8751        22.4      -102473.9885      -117.8866 20m13s/Msamples
        3564000   -102595.4773        22.4      -102483.3397      -112.1375 20m13s/Msamples
        3565000   -102598.0504        22.4      -102479.4868      -118.5635 20m13s/Msamples
        3566000   -102591.3305        22.4      -102470.9298      -120.4007 20m13s/Msamples
        3567000   -102580.8249        22.4      -102469.9391      -110.8858 20m13s/Msamples
        3568000   -102599.7837        22.4      -102483.4163      -116.3674 20m13s/Msamples
        3569000   -102586.8730        22.4      -102473.6891      -113.1838 20m13s/Msamples
        3570000   -102599.1345        22.4      -102487.7595      -111.3750 20m13s/Msamples
        3571000   -102600.9729        22.4      -102489.1396      -111.8333 20m13s/Msamples
        3572000   -102591.9448        22.5      -102484.6607      -107.2840 20m13s/Msamples
        3573000   -102579.9584        22.5      -102475.4515      -104.5068 20m13s/Msamples
        3574000   -102586.2628        22.5      -102479.4456      -106.8172 20m13s/Msamples
        3575000   -102586.3257        22.5      -102481.1766      -105.1491 20m13s/Msamples
        3576000   -102588.3846        22.5      -102477.5842      -110.8003 20m13s/Msamples
        3577000   -102588.2985        22.5      -102481.0164      -107.2821 20m13s/Msamples
        3578000   -102589.5845        22.5      -102482.9515      -106.6329 20m13s/Msamples
        3579000   -102586.8503        22.5      -102481.3458      -105.5044 20m13s/Msamples
        3580000   -102588.6675        22.5      -102475.9407      -112.7267 20m13s/Msamples
        3581000   -102596.0603        22.5      -102479.5044      -116.5558 20m13s/Msamples
        3582000   -102597.5056        22.5      -102484.5746      -112.9309 20m13s/Msamples
        3583000   -102595.7275        22.5      -102483.0231      -112.7044 20m13s/Msamples
        3584000   -102592.3475        22.5      -102478.9786      -113.3688 20m13s/Msamples
        3585000   -102603.0040        22.5      -102490.5764      -112.4275 20m13s/Msamples
        3586000   -102588.8590        22.5      -102480.6685      -108.1905 20m13s/Msamples
        3587000   -102590.5697        22.5      -102485.1903      -105.3793 20m13s/Msamples
        3588000   -102580.4412        22.5      -102478.4340      -102.0071 20m13s/Msamples
        3589000   -102578.2428        22.5      -102474.0807      -104.1620 20m13s/Msamples
        3590000   -102573.2400        22.5      -102473.6156       -99.6244 20m13s/Msamples
        3591000   -102573.6763        22.5      -102472.8631      -100.8132 20m13s/Msamples
        3592000   -102581.7474        22.5      -102479.6661      -102.0812 20m13s/Msamples
        3593000   -102572.0718        22.5      -102469.3000      -102.7718 20m13s/Msamples
        3594000   -102589.1071        22.6      -102479.1278      -109.9792 20m13s/Msamples
        3595000   -102597.0374        22.6      -102482.6118      -114.4256 20m13s/Msamples
        3596000   -102586.9277        22.6      -102482.5710      -104.3566 20m13s/Msamples
        3597000   -102598.1442        22.6      -102488.1885      -109.9556 20m13s/Msamples
        3598000   -102587.8277        22.6      -102479.3452      -108.4825 20m13s/Msamples
        3599000   -102588.2805        22.6      -102486.2255      -102.0550 20m13s/Msamples
        3600000   -102587.2330        22.6      -102484.6304      -102.6026 20m13s/Msamples
        3601000   -102573.7786        22.6      -102472.8296      -100.9489 20m13s/Msamples
        3602000   -102580.2983        22.6      -102479.2425      -101.0557 20m13s/Msamples
        3603000   -102598.0877        22.6      -102490.7294      -107.3583 20m13s/Msamples
        3604000   -102580.3858        22.6      -102477.8788      -102.5070 20m13s/Msamples
        3605000   -102581.9566        22.6      -102479.9674      -101.9891 20m13s/Msamples
        3606000   -102583.7730        22.6      -102480.7452      -103.0278 20m13s/Msamples
        3607000   -102572.6796        22.5      -102472.4764      -100.2032 20m13s/Msamples
        3608000   -102576.2614        22.5      -102477.7705       -98.4908 20m13s/Msamples
        3609000   -102575.2724        22.6      -102477.5730       -97.6993 20m13s/Msamples
        3610000   -102573.0308        22.6      -102478.5547       -94.4760 20m13s/Msamples
        3611000   -102587.5896        22.6      -102492.4318       -95.1577 20m13s/Msamples
        3612000   -102586.4929        22.6      -102487.3822       -99.1107 20m13s/Msamples
        3613000   -102584.2389        22.5      -102485.1890       -99.0498 20m13s/Msamples
        3614000   -102585.7627        22.5      -102482.5295      -103.2331 20m13s/Msamples
        3615000   -102584.6133        22.5      -102480.2290      -104.3842 20m13s/Msamples
        3616000   -102594.4638        22.5      -102485.1172      -109.3465 20m13s/Msamples
        3617000   -102602.5389        22.5      -102493.0084      -109.5305 20m13s/Msamples
        3618000   -102586.1350        22.5      -102484.0244      -102.1105 20m13s/Msamples
        3619000   -102588.2500        22.5      -102489.0537       -99.1963 20m13s/Msamples
        3620000   -102580.2302        22.5      -102479.6492      -100.5809 20m13s/Msamples
        3621000   -102589.3404        22.5      -102489.2432      -100.0972 20m13s/Msamples
        3622000   -102583.6009        22.5      -102487.0817       -96.5191 20m13s/Msamples
        3623000   -102573.0528        22.6      -102476.1476       -96.9051 20m13s/Msamples
        3624000   -102592.1547        22.6      -102498.7534       -93.4013 20m13s/Msamples
        3625000   -102584.7503        22.6      -102481.5672      -103.1830 20m13s/Msamples
        3626000   -102586.8311        22.6      -102483.4107      -103.4203 20m13s/Msamples
        3627000   -102580.4004        22.6      -102477.5051      -102.8953 20m13s/Msamples
        3628000   -102575.2351        22.6      -102476.1082       -99.1268 20m13s/Msamples
        3629000   -102588.4204        22.6      -102484.4069      -104.0135 20m13s/Msamples
        3630000   -102580.8839        22.6      -102477.1538      -103.7300 20m13s/Msamples
        3631000   -102578.9623        22.6      -102474.7702      -104.1921 20m13s/Msamples
        3632000   -102582.7021        22.6      -102474.7839      -107.9181 20m13s/Msamples
        3633000   -102585.9967        22.6      -102477.9479      -108.0487 20m13s/Msamples
        3634000   -102592.6643        22.6      -102484.0379      -108.6263 20m13s/Msamples
        3635000   -102589.7566        22.6      -102483.5322      -106.2243 20m13s/Msamples
        3636000   -102596.0521        22.6      -102482.3683      -113.6837 20m13s/Msamples
        3637000   -102582.3065        22.6      -102475.8758      -106.4307 20m13s/Msamples
        3638000   -102576.0193        22.6      -102476.4387       -99.5805 20m13s/Msamples
        3639000   -102578.3675        22.6      -102473.4453      -104.9221 20m13s/Msamples
        3640000   -102586.5019        22.6      -102479.0227      -107.4791 20m13s/Msamples
        3641000   -102580.3232        22.6      -102482.6736       -97.6496 20m13s/Msamples
        3642000   -102580.7413        22.6      -102479.6357      -101.1056 20m13s/Msamples
        3643000   -102589.1105        22.6      -102478.7578      -110.3527 20m13s/Msamples
        3644000   -102582.0720        22.6      -102476.7051      -105.3668 20m13s/Msamples
        3645000   -102581.0394        22.6      -102473.6966      -107.3427 20m13s/Msamples
        3646000   -102593.8154        22.6      -102487.4544      -106.3610 20m13s/Msamples
        3647000   -102585.3374        22.6      -102483.0819      -102.2554 20m13s/Msamples
        3648000   -102593.1324        22.6      -102497.2369       -95.8954 20m13s/Msamples
        3649000   -102593.1175        22.6      -102494.9134       -98.2041 20m13s/Msamples
        3650000   -102591.2275        22.6      -102494.2796       -96.9479 20m13s/Msamples
        3651000   -102594.9573        22.6      -102493.8848      -101.0724 20m13s/Msamples
        3652000   -102587.2549        22.6      -102486.0402      -101.2147 20m13s/Msamples
        3653000   -102595.9552        22.6      -102496.6374       -99.3178 20m13s/Msamples
        3654000   -102589.4997        22.6      -102493.0827       -96.4170 20m13s/Msamples
        3655000   -102586.1334        22.6      -102487.9292       -98.2041 20m13s/Msamples
        3656000   -102586.3788        22.6      -102481.3787      -105.0000 20m13s/Msamples
        3657000   -102582.8374        22.6      -102480.1263      -102.7110 20m13s/Msamples
        3658000   -102574.9260        22.6      -102474.7339      -100.1921 20m13s/Msamples
        3659000   -102577.0876        22.6      -102475.3219      -101.7656 20m13s/Msamples
        3660000   -102578.0875        22.6      -102474.5969      -103.4906 20m13s/Msamples
        3661000   -102572.7584        22.6      -102474.5864       -98.1720 20m13s/Msamples
        3662000   -102583.6959        22.6      -102480.7376      -102.9583 20m13s/Msamples
        3663000   -102570.4561        22.7      -102476.3581       -94.0979 20m13s/Msamples
        3664000   -102578.8089        22.7      -102482.6505       -96.1583 20m13s/Msamples
        3665000   -102581.6033        22.7      -102479.3961      -102.2072 20m13s/Msamples
        3666000   -102582.8240        22.7      -102482.0795      -100.7445 20m13s/Msamples
        3667000   -102579.3340        22.7      -102479.9284       -99.4055 20m13s/Msamples
        3668000   -102587.7007        22.7      -102484.2902      -103.4105 20m13s/Msamples
        3669000   -102585.6051        22.7      -102487.1739       -98.4312 20m13s/Msamples
        3670000   -102589.9184        22.7      -102499.4312       -90.4872 20m13s/Msamples
        3671000   -102591.6997        22.7      -102493.6621       -98.0375 20m13s/Msamples
        3672000   -102590.0182        22.7      -102496.1486       -93.8696 20m13s/Msamples
        3673000   -102585.1237        22.7      -102495.2646       -89.8590 20m13s/Msamples
        3674000   -102581.7077        22.7      -102490.7493       -90.9583 20m13s/Msamples
        3675000   -102577.0613        22.7      -102490.1788       -86.8824 20m13s/Msamples
        3676000   -102573.2287        22.7      -102485.3752       -87.8534 20m13s/Msamples
        3677000   -102580.8769        22.7      -102489.4530       -91.4239 20m13s/Msamples
        3678000   -102575.2002        22.7      -102489.1142       -86.0859 20m13s/Msamples
        3679000   -102585.2984        22.7      -102497.3399       -87.9584 20m13s/Msamples
        3680000   -102567.6007        22.7      -102480.2354       -87.3652 20m13s/Msamples
        3681000   -102571.9014        22.7      -102487.3992       -84.5022 20m13s/Msamples
        3682000   -102563.9686        22.7      -102483.1709       -80.7977 20m13s/Msamples
        3683000   -102567.0924        22.8      -102485.7200       -81.3724 20m13s/Msamples
        3684000   -102564.8938        22.8      -102487.0308       -77.8629 20m13s/Msamples
        3685000   -102561.5163        22.8      -102485.1762       -76.3400 20m13s/Msamples
        3686000   -102549.0664        22.8      -102470.6366       -78.4298 20m13s/Msamples
        3687000   -102564.3402        22.8      -102483.1088       -81.2314 20m13s/Msamples
        3688000   -102560.2713        22.9      -102477.1225       -83.1488 20m13s/Msamples
        3689000   -102556.9926        22.9      -102473.2314       -83.7611 20m13s/Msamples
        3690000   -102558.2406        22.9      -102470.8188       -87.4218 20m13s/Msamples
        3691000   -102564.2306        22.9      -102475.6853       -88.5453 20m13s/Msamples
        3692000   -102560.3725        23.0      -102474.8781       -85.4944 20m13s/Msamples
        3693000   -102560.6400        23.0      -102476.7449       -83.8950 20m13s/Msamples
        3694000   -102564.6948        23.0      -102479.9377       -84.7570 20m13s/Msamples
        3695000   -102558.9384        23.0      -102475.7863       -83.1520 20m13s/Msamples
        3696000   -102565.6217        23.0      -102475.0897       -90.5319 20m13s/Msamples
        3697000   -102564.1702        23.0      -102474.5444       -89.6258 20m13s/Msamples
        3698000   -102577.7761        23.0      -102489.1623       -88.6137 20m13s/Msamples
        3699000   -102583.2310        23.1      -102490.3029       -92.9281 20m13s/Msamples
        3700000   -102579.7148        23.1      -102490.7339       -88.9808 20m13s/Msamples
        3701000   -102579.6188        23.1      -102487.5668       -92.0519 20m13s/Msamples
        3702000   -102588.0473        23.1      -102490.1559       -97.8914 20m13s/Msamples
        3703000   -102578.5873        23.1      -102478.9771       -99.6102 20m13s/Msamples
        3704000   -102578.8822        23.1      -102482.8306       -96.0515 20m13s/Msamples
        3705000   -102584.3379        23.1      -102486.9518       -97.3860 20m13s/Msamples
        3706000   -102571.2177        23.1      -102478.0000       -93.2176 20m13s/Msamples
        3707000   -102559.4257        23.1      -102476.2884       -83.1372 20m13s/Msamples
        3708000   -102564.3590        23.1      -102477.7788       -86.5801 20m13s/Msamples
        3709000   -102563.5972        23.2      -102479.9061       -83.6910 20m13s/Msamples
        3710000   -102572.7272        23.2      -102482.7563       -89.9708 20m13s/Msamples
        3711000   -102560.6298        23.2      -102477.5257       -83.1041 20m13s/Msamples
        3712000   -102564.6604        23.2      -102480.5137       -84.1467 20m13s/Msamples
        3713000   -102558.3092        23.2      -102474.6710       -83.6382 20m13s/Msamples
        3714000   -102562.5975        23.2      -102479.1180       -83.4794 20m13s/Msamples
        3715000   -102555.6771        23.3      -102471.8799       -83.7971 20m13s/Msamples
        3716000   -102556.0011        23.3      -102472.0576       -83.9435 20m13s/Msamples
        3717000   -102555.5606        23.3      -102472.7715       -82.7891 20m13s/Msamples
        3718000   -102564.7773        23.3      -102478.0360       -86.7412 20m13s/Msamples
        3719000   -102563.2224        23.3      -102476.8787       -86.3437 20m13s/Msamples
        3720000   -102567.7801        23.3      -102477.2907       -90.4894 20m13s/Msamples
        3721000   -102567.8924        23.4      -102482.1126       -85.7798 20m13s/Msamples
        3722000   -102575.7651        23.4      -102482.7658       -92.9993 20m13s/Msamples
        3723000   -102573.5366        23.4      -102486.2415       -87.2951 20m13s/Msamples
        3724000   -102573.3458        23.4      -102484.4998       -88.8460 20m13s/Msamples
        3725000   -102566.6811        23.4      -102483.0791       -83.6020 20m13s/Msamples
        3726000   -102576.7268        23.4      -102486.7280       -89.9988 20m13s/Msamples
        3727000   -102571.1659        23.4      -102480.7647       -90.4012 20m13s/Msamples
        3728000   -102575.1007        23.4      -102480.4610       -94.6396 20m13s/Msamples
        3729000   -102570.1874        23.4      -102480.2290       -89.9583 20m13s/Msamples
        3730000   -102581.3185        23.4      -102485.8245       -95.4939 20m13s/Msamples
        3731000   -102581.5924        23.4      -102480.7525      -100.8398 20m13s/Msamples
        3732000   -102580.0952        23.4      -102481.8144       -98.2807 20m13s/Msamples
        3733000   -102585.1917        23.5      -102487.1659       -98.0257 20m13s/Msamples
        3734000   -102591.9425        23.5      -102490.6396      -101.3029 20m13s/Msamples
        3735000   -102593.3081        23.5      -102489.5209      -103.7871 20m13s/Msamples
        3736000   -102581.3643        23.5      -102480.3339      -101.0304 20m13s/Msamples
        3737000   -102587.0611        23.5      -102484.2039      -102.8571 20m13s/Msamples
        3738000   -102583.5914        23.5      -102478.0452      -105.5461 20m13s/Msamples
        3739000   -102586.4784        23.5      -102482.9377      -103.5406 20m13s/Msamples
        3740000   -102591.5639        23.5      -102488.8663      -102.6975 20m13s/Msamples
        3741000   -102587.4493        23.5      -102489.7381       -97.7111 20m13s/Msamples
        3742000   -102572.3201        23.5      -102476.7224       -95.5977 20m13s/Msamples
        3743000   -102572.2862        23.5      -102477.6807       -94.6055 20m13s/Msamples
        3744000   -102581.8320        23.5      -102487.3243       -94.5077 20m13s/Msamples
        3745000   -102577.4796        23.5      -102482.4957       -94.9838 20m13s/Msamples
        3746000   -102583.2083        23.5      -102481.4834      -101.7249 20m13s/Msamples
        3747000   -102572.3115        23.5      -102483.4891       -88.8223 20m13s/Msamples
        3748000   -102575.6486        23.5      -102483.8018       -91.8468 20m13s/Msamples
        3749000   -102570.3825        23.6      -102483.3905       -86.9920 20m13s/Msamples
        3750000   -102568.4080        23.6      -102478.4712       -89.9367 20m13s/Msamples
        3751000   -102559.8505        23.6      -102469.7807       -90.0698 20m13s/Msamples
        3752000   -102557.9609        23.6      -102465.9229       -92.0380 20m13s/Msamples
        3753000   -102560.7774        23.6      -102472.7389       -88.0384 20m13s/Msamples
        3754000   -102574.4287        23.6      -102478.0183       -96.4103 20m13s/Msamples
        3755000   -102568.1226        23.7      -102476.3226       -91.7999 20m13s/Msamples
        3756000   -102570.2396        23.7      -102473.2627       -96.9768 20m13s/Msamples
        3757000   -102572.9723        23.7      -102474.4233       -98.5490 20m13s/Msamples
        3758000   -102580.3417        23.7      -102476.8884      -103.4533 20m13s/Msamples
        3759000   -102578.6296        23.7      -102476.3719      -102.2576 20m13s/Msamples
        3760000   -102577.5490        23.7      -102476.1870      -101.3619 20m13s/Msamples
        3761000   -102566.9076        23.7      -102465.5996      -101.3079 20m13s/Msamples
        3762000   -102579.5377        23.7      -102478.3787      -101.1590 20m13s/Msamples
        3763000   -102573.8136        23.7      -102473.7922      -100.0214 20m13s/Msamples
        3764000   -102577.9777        23.7      -102477.2516      -100.7261 20m13s/Msamples
        3765000   -102580.3405        23.7      -102482.9661       -97.3743 20m13s/Msamples
        3766000   -102587.7027        23.7      -102486.9299      -100.7728 20m13s/Msamples
        3767000   -102582.0990        23.7      -102479.6775      -102.4214 20m13s/Msamples
        3768000   -102593.0029        23.7      -102492.5442      -100.4587 20m13s/Msamples
        3769000   -102580.7739        23.7      -102476.5209      -104.2530 20m13s/Msamples
        3770000   -102576.6376        23.7      -102480.0520       -96.5856 20m13s/Msamples
        3771000   -102580.4557        23.7      -102480.6942       -99.7615 20m13s/Msamples
        3772000   -102580.7860        23.8      -102480.3422      -100.4437 20m13s/Msamples
        3773000   -102574.2026        23.8      -102476.7321       -97.4704 20m13s/Msamples
        3774000   -102573.1071        23.8      -102475.9345       -97.1725 20m13s/Msamples
        3775000   -102573.4746        23.8      -102479.5419       -93.9326 20m13s/Msamples
        3776000   -102568.4860        23.8      -102475.9140       -92.5719 20m13s/Msamples
        3777000   -102564.9843        23.8      -102467.9535       -97.0308 20m13s/Msamples
        3778000   -102574.6079        23.8      -102481.7142       -92.8936 20m13s/Msamples
        3779000   -102563.3292        23.8      -102472.4673       -90.8619 20m13s/Msamples
        3780000   -102567.7460        23.8      -102478.2483       -89.4977 20m13s/Msamples
        3781000   -102580.9068        23.8      -102487.4885       -93.4183 20m13s/Msamples
        3782000   -102576.0499        23.8      -102485.5704       -90.4794 20m13s/Msamples
        3783000   -102579.2896        23.8      -102486.9092       -92.3804 20m13s/Msamples
        3784000   -102563.4094        23.8      -102473.9853       -89.4240 20m13s/Msamples
        3785000   -102561.1832        23.9      -102468.6705       -92.5127 20m13s/Msamples
        3786000   -102568.4105        23.9      -102477.0571       -91.3533 20m13s/Msamples
        3787000   -102567.7317        23.9      -102477.8047       -89.9270 20m13s/Msamples
        3788000   -102558.6900        23.9      -102472.9625       -85.7275 20m13s/Msamples
        3789000   -102559.1895        23.9      -102473.5600       -85.6294 20m13s/Msamples
        3790000   -102559.5262        23.9      -102474.5031       -85.0231 20m13s/Msamples
        3791000   -102560.0787        24.0      -102475.4530       -84.6256 20m13s/Msamples
        3792000   -102562.2087        24.0      -102474.9351       -87.2736 20m13s/Msamples
        3793000   -102556.3374        24.0      -102466.8593       -89.4780 20m13s/Msamples
        3794000   -102574.6746        24.0      -102482.2164       -92.4582 20m13s/Msamples
        3795000   -102575.3349        24.0      -102479.6948       -95.6400 20m13s/Msamples
        3796000   -102573.3465        24.0      -102481.6077       -91.7387 20m13s/Msamples
        3797000   -102568.8721        24.0      -102478.3333       -90.5388 20m13s/Msamples
        3798000   -102562.4527        24.0      -102473.3678       -89.0849 20m13s/Msamples
        3799000   -102563.4437        24.1      -102470.4733       -92.9704 20m13s/Msamples
        3800000   -102564.5136        24.1      -102473.3905       -91.1230 20m13s/Msamples
        3801000   -102574.4347        24.1      -102483.6091       -90.8256 20m13s/Msamples
        3802000   -102577.4798        24.1      -102481.7909       -95.6888 20m13s/Msamples
        3803000   -102587.9319        24.1      -102488.4003       -99.5316 20m13s/Msamples
        3804000   -102580.6699        24.1      -102481.6424       -99.0275 20m13s/Msamples
        3805000   -102579.6536        24.1      -102477.9369      -101.7166 20m13s/Msamples
        3806000   -102590.6264        24.1      -102485.2838      -105.3426 20m13s/Msamples
        3807000   -102590.1073        24.1      -102487.0801      -103.0271 20m13s/Msamples
        3808000   -102598.0166        24.1      -102491.0654      -106.9511 20m13s/Msamples
        3809000   -102579.8844        24.1      -102477.4500      -102.4344 20m13s/Msamples
        3810000   -102583.7899        24.1      -102479.2202      -104.5697 20m13s/Msamples
        3811000   -102579.4650        24.1      -102482.1346       -97.3303 20m13s/Msamples
        3812000   -102588.0322        24.1      -102487.1067      -100.9255 20m13s/Msamples
        3813000   -102584.9293        24.1      -102486.3970       -98.5322 20m13s/Msamples
        3814000   -102590.3417        24.1      -102489.6107      -100.7309 20m13s/Msamples
        3815000   -102580.0482        24.1      -102484.0995       -95.9487 20m13s/Msamples
        3816000   -102585.0671        24.1      -102491.4388       -93.6282 20m13s/Msamples
        3817000   -102581.6084        24.1      -102485.5391       -96.0692 20m13s/Msamples
        3818000   -102586.3666        24.1      -102494.2997       -92.0669 20m13s/Msamples
        3819000   -102585.8508        24.2      -102489.6044       -96.2464 20m13s/Msamples
        3820000   -102582.5566        24.2      -102489.3799       -93.1766 20m13s/Msamples
        3821000   -102582.4363        24.2      -102487.0661       -95.3702 20m13s/Msamples
        3822000   -102570.8108        24.2      -102482.8481       -87.9626 20m13s/Msamples
        3823000   -102582.7676        24.2      -102490.5209       -92.2467 20m13s/Msamples
        3824000   -102576.8846        24.2      -102494.7837       -82.1009 20m13s/Msamples
        3825000   -102576.1433        24.2      -102491.9538       -84.1894 20m13s/Msamples
        3826000   -102564.6219        24.2      -102479.5509       -85.0709 20m13s/Msamples
        3827000   -102558.4864        24.2      -102479.2524       -79.2339 20m13s/Msamples
        3828000   -102554.7819        24.2      -102472.9751       -81.8067 20m13s/Msamples
        3829000   -102555.4917        24.3      -102472.4734       -83.0183 20m13s/Msamples
        3830000   -102551.6935        24.3      -102470.4268       -81.2666 20m13s/Msamples
        3831000   -102547.5926        24.4      -102470.7906       -76.8020 20m13s/Msamples
        3832000   -102558.3166        24.4      -102475.0840       -83.2325 20m13s/Msamples
        3833000   -102565.8436        24.4      -102477.0994       -88.7441 20m13s/Msamples
        3834000   -102561.8492        24.4      -102477.1813       -84.6679 20m13s/Msamples
        3835000   -102582.5320        24.4      -102491.2225       -91.3094 20m13s/Msamples
        3836000   -102566.6552        24.4      -102473.4903       -93.1648 20m13s/Msamples
        3837000   -102569.6211        24.5      -102478.3975       -91.2236 20m13s/Msamples
        3838000   -102585.2533        24.5      -102492.0110       -93.2422 20m13s/Msamples
        3839000   -102580.5670        24.5      -102488.3805       -92.1865 20m13s/Msamples
        3840000   -102575.6663        24.5      -102492.0365       -83.6298 20m13s/Msamples
        3841000   -102570.1559        24.5      -102479.5981       -90.5578 20m13s/Msamples
        3842000   -102572.9576        24.5      -102485.0242       -87.9334 20m13s/Msamples
        3843000   -102581.6291        24.5      -102489.1408       -92.4883 20m13s/Msamples
        3844000   -102573.1070        24.5      -102487.0750       -86.0320 20m13s/Msamples
        3845000   -102571.1440        24.5      -102489.0431       -82.1009 20m13s/Msamples
        3846000   -102575.4052        24.5      -102490.2989       -85.1063 20m13s/Msamples
        3847000   -102561.4686        24.5      -102488.4718       -72.9968 20m13s/Msamples
        3848000   -102562.5531        24.6      -102481.4641       -81.0889 20m13s/Msamples
        3849000   -102564.2983        24.6      -102484.4522       -79.8460 20m13s/Msamples
        3850000   -102569.2103        24.6      -102487.6381       -81.5722 20m13s/Msamples
        3851000   -102574.7777        24.6      -102488.6985       -86.0791 20m13s/Msamples
        3852000   -102570.0034        24.6      -102489.2178       -80.7856 20m13s/Msamples
        3853000   -102573.2355        24.6      -102489.1221       -84.1133 20m13s/Msamples
        3854000   -102571.0285        24.6      -102488.2093       -82.8192 20m13s/Msamples
        3855000   -102568.1756        24.6      -102491.3961       -76.7794 20m13s/Msamples
        3856000   -102565.8573        24.7      -102488.6569       -77.2004 20m13s/Msamples
        3857000   -102575.9323        24.7      -102498.6145       -77.3177 20m13s/Msamples
        3858000   -102553.1038        24.7      -102484.0204       -69.0833 20m13s/Msamples
        3859000   -102553.8330        24.7      -102478.2839       -75.5491 20m13s/Msamples
        3860000   -102552.3732        24.8      -102482.1341       -70.2390 20m13s/Msamples
        3861000   -102551.2333        24.8      -102481.2985       -69.9348 20m13s/Msamples
        3862000   -102555.0579        24.8      -102481.0028       -74.0551 20m13s/Msamples
        3863000   -102556.6976        24.9      -102481.0517       -75.6459 20m13s/Msamples
        3864000   -102561.7835        24.9      -102482.3414       -79.4420 20m13s/Msamples
        3865000   -102563.1167        24.9      -102479.6541       -83.4626 20m13s/Msamples
        3866000   -102550.9428        24.9      -102470.5103       -80.4325 20m13s/Msamples
        3867000   -102565.0620        24.9      -102485.1389       -79.9230 20m13s/Msamples
        3868000   -102563.3332        25.0      -102483.8363       -79.4968 20m13s/Msamples
        3869000   -102565.2246        25.0      -102481.6529       -83.5717 20m13s/Msamples
        3870000   -102567.7829        25.0      -102489.2521       -78.5308 20m13s/Msamples
        3871000   -102567.0318        25.0      -102491.1774       -75.8543 20m13s/Msamples
        3872000   -102560.7024        25.0      -102483.2691       -77.4333 20m13s/Msamples
        3873000   -102567.5906        25.0      -102489.3444       -78.2461 20m13s/Msamples
        3874000   -102562.9580        25.0      -102481.9782       -80.9798 20m13s/Msamples
        3875000   -102570.3277        25.0      -102487.4489       -82.8788 20m13s/Msamples
        3876000   -102580.4840        25.0      -102491.9996       -88.4844 20m13s/Msamples
        3877000   -102569.6858        25.1      -102483.6301       -86.0557 20m13s/Msamples
        3878000   -102565.1459        25.1      -102481.3723       -83.7735 20m13s/Msamples
        3879000   -102576.3203        25.1      -102482.5805       -93.7398 20m13s/Msamples
        3880000   -102588.4490        25.1      -102482.9661      -105.4829 20m13s/Msamples
        3881000   -102584.9698        25.1      -102492.0162       -92.9535 20m13s/Msamples
        3882000   -102581.0938        25.1      -102487.8117       -93.2820 20m13s/Msamples
        3883000   -102566.6159        25.1      -102481.8316       -84.7843 20m13s/Msamples
        3884000   -102572.0418        25.1      -102485.8542       -86.1875 20m13s/Msamples
        3885000   -102558.4716        25.1      -102474.8483       -83.6232 20m13s/Msamples
        3886000   -102564.5437        25.2      -102478.6867       -85.8570 20m13s/Msamples
        3887000   -102567.5484        25.2      -102483.1125       -84.4358 20m13s/Msamples
        3888000   -102569.6536        25.2      -102487.8264       -81.8271 20m13s/Msamples
        3889000   -102573.5665        25.2      -102482.0017       -91.5648 20m13s/Msamples
        3890000   -102569.1993        25.2      -102481.2807       -87.9185 20m13s/Msamples
        3891000   -102579.4942        25.2      -102489.4149       -90.0793 20m13s/Msamples
        3892000   -102586.1130        25.2      -102497.5206       -88.5924 20m13s/Msamples
        3893000   -102567.3365        25.2      -102483.1600       -84.1764 20m13s/Msamples
        3894000   -102565.1659        25.2      -102484.6024       -80.5634 20m13s/Msamples
        3895000   -102554.8318        25.2      -102478.9004       -75.9314 20m13s/Msamples
        3896000   -102558.2394        25.3      -102480.9245       -77.3149 20m13s/Msamples
        3897000   -102558.7911        25.3      -102478.7494       -80.0416 20m13s/Msamples
        3898000   -102551.4534        25.3      -102477.3704       -74.0829 20m13s/Msamples
        3899000   -102553.1010        25.3      -102481.9615       -71.1395 20m13s/Msamples
        3900000   -102557.4079        25.4      -102480.7944       -76.6135 20m13s/Msamples
        3901000   -102556.9408        25.4      -102471.8771       -85.0637 20m13s/Msamples
        3902000   -102555.0394        25.4      -102474.5117       -80.5277 20m13s/Msamples
        3903000   -102561.4937        25.4      -102481.0567       -80.4369 20m13s/Msamples
        3904000   -102560.0957        25.4      -102485.2564       -74.8392 20m13s/Msamples
        3905000   -102564.0208        25.4      -102486.0452       -77.9756 20m13s/Msamples
        3906000   -102563.8556        25.5      -102482.2187       -81.6368 20m13s/Msamples
        3907000   -102581.3459        25.5      -102500.9195       -80.4263 20m13s/Msamples
        3908000   -102556.6867        25.5      -102476.1592       -80.5274 20m13s/Msamples
        3909000   -102557.1640        25.5      -102477.2394       -79.9246 20m13s/Msamples
        3910000   -102558.7651        25.5      -102481.1232       -77.6418 20m13s/Msamples
        3911000   -102561.3149        25.5      -102477.8687       -83.4461 20m13s/Msamples
        3912000   -102560.8175        25.5      -102479.8766       -80.9409 20m13s/Msamples
        3913000   -102558.5265        25.6      -102481.5433       -76.9832 20m13s/Msamples
        3914000   -102575.4609        25.6      -102491.2135       -84.2473 20m13s/Msamples
        3915000   -102573.8458        25.6      -102488.8719       -84.9738 20m13s/Msamples
        3916000   -102582.5718        25.6      -102491.7247       -90.8471 20m13s/Msamples
        3917000   -102577.8974        25.6      -102488.8316       -89.0658 20m13s/Msamples
        3918000   -102588.6998        25.6      -102489.1247       -99.5751 20m13s/Msamples
        3919000   -102584.8916        25.6      -102489.5851       -95.3064 20m13s/Msamples
        3920000   -102587.9797        25.6      -102491.8727       -96.1069 20m13s/Msamples
        3921000   -102588.0158        25.6      -102488.1479       -99.8679 20m13s/Msamples
        3922000   -102585.2629        25.6      -102484.8641      -100.3988 20m13s/Msamples
        3923000   -102585.5270        25.6      -102492.0532       -93.4737 20m13s/Msamples
        3924000   -102571.7069        25.6      -102479.4732       -92.2336 20m13s/Msamples
        3925000   -102572.2168        25.7      -102484.2691       -87.9476 20m13s/Msamples
        3926000   -102568.1308        25.7      -102476.6039       -91.5268 20m13s/Msamples
        3927000   -102575.8954        25.7      -102482.6851       -93.2102 20m13s/Msamples
        3928000   -102581.0559        25.7      -102487.6045       -93.4513 20m13s/Msamples
        3929000   -102578.7171        25.7      -102484.4334       -94.2837 20m13s/Msamples
        3930000   -102564.5397        25.7      -102477.6085       -86.9312 20m13s/Msamples
        3931000   -102567.7074        25.7      -102484.5198       -83.1876 20m13s/Msamples
        3932000   -102568.7404        25.7      -102478.7654       -89.9749 20m13s/Msamples
        3933000   -102568.0160        25.7      -102486.4742       -81.5418 20m13s/Msamples
        3934000   -102563.8482        25.7      -102481.7329       -82.1152 20m13s/Msamples
        3935000   -102560.0258        25.7      -102473.0338       -86.9920 20m13s/Msamples
        3936000   -102557.9107        25.7      -102475.6961       -82.2146 20m13s/Msamples
        3937000   -102566.0154        25.7      -102476.7279       -89.2875 20m13s/Msamples
        3938000   -102580.0020        25.7      -102491.9986       -88.0034 20m13s/Msamples
        3939000   -102577.0911        25.7      -102487.8113       -89.2797 20m13s/Msamples
        3940000   -102582.5625        25.7      -102490.8127       -91.7498 20m13s/Msamples
        3941000   -102576.1539        25.7      -102490.0155       -86.1383 20m13s/Msamples
        3942000   -102579.2335        25.7      -102489.2453       -89.9881 20m13s/Msamples
        3943000   -102580.9441        25.7      -102488.5977       -92.3464 20m13s/Msamples
        3944000   -102587.7534        25.8      -102487.9006       -99.8528 20m13s/Msamples
        3945000   -102584.0131        25.8      -102485.7155       -98.2976 20m13s/Msamples
        3946000   -102574.0482        25.8      -102483.0984       -90.9497 20m13s/Msamples
        3947000   -102576.0717        25.8      -102488.9226       -87.1491 20m13s/Msamples
        3948000   -102576.0940        25.8      -102487.6882       -88.4058 20m13s/Msamples
        3949000   -102568.9510        25.8      -102480.9218       -88.0291 20m13s/Msamples
        3950000   -102572.2201        25.8      -102482.9473       -89.2727 20m13s/Msamples
        3951000   -102571.3044        25.8      -102482.0717       -89.2326 20m13s/Msamples
        3952000   -102572.4532        25.8      -102479.4545       -92.9987 20m13s/Msamples
        3953000   -102569.9569        25.8      -102481.5350       -88.4219 20m13s/Msamples
        3954000   -102567.8728        25.8      -102477.0467       -90.8261 20m13s/Msamples
        3955000   -102577.8834        25.8      -102484.8431       -93.0403 20m13s/Msamples
        3956000   -102576.8698        25.8      -102486.2957       -90.5741 20m13s/Msamples
        3957000   -102568.5385        25.9      -102478.5951       -89.9433 20m13s/Msamples
        3958000   -102570.1623        25.9      -102479.8590       -90.3033 20m13s/Msamples
        3959000   -102569.2107        25.9      -102479.3929       -89.8177 20m13s/Msamples
        3960000   -102578.1080        25.9      -102482.5581       -95.5498 20m13s/Msamples
        3961000   -102571.9150        25.9      -102477.7438       -94.1712 20m13s/Msamples
        3962000   -102564.7113        25.9      -102477.2797       -87.4316 20m13s/Msamples
        3963000   -102576.8846        25.9      -102483.7734       -93.1111 20m13s/Msamples
        3964000   -102580.7859        25.9      -102489.2824       -91.5034 20m13s/Msamples
        3965000   -102568.9739        25.9      -102482.2909       -86.6830 20m13s/Msamples
        3966000   -102575.4213        25.9      -102487.9940       -87.4272 20m13s/Msamples
        3967000   -102578.3289        25.9      -102485.7094       -92.6195 20m13s/Msamples
        3968000   -102569.6380        25.9      -102482.2738       -87.3641 20m13s/Msamples
        3969000   -102581.6778        26.0      -102489.7614       -91.9164 20m13s/Msamples
        3970000   -102569.6299        26.0      -102483.9296       -85.7002 20m13s/Msamples
        3971000   -102577.3661        26.0      -102484.8429       -92.5232 20m13s/Msamples
        3972000   -102586.8742        26.0      -102491.0188       -95.8554 20m13s/Msamples
        3973000   -102585.3804        26.0      -102487.4981       -97.8823 20m13s/Msamples
        3974000   -102575.5103        26.0      -102486.6669       -88.8433 20m13s/Msamples
        3975000   -102573.6046        26.0      -102488.9101       -84.6945 20m13s/Msamples
        3976000   -102581.5982        26.0      -102491.0331       -90.5650 20m13s/Msamples
        3977000   -102581.3478        26.1      -102489.4026       -91.9452 20m13s/Msamples
        3978000   -102587.1443        26.1      -102493.1014       -94.0429 20m13s/Msamples
        3979000   -102577.2775        26.1      -102478.7480       -98.5295 20m13s/Msamples
        3980000   -102589.5001        26.1      -102487.6080      -101.8921 20m13s/Msamples
        3981000   -102573.1329        26.1      -102477.4067       -95.7261 20m13s/Msamples
        3982000   -102576.5526        26.1      -102486.1498       -90.4027 20m13s/Msamples
        3983000   -102564.5112        26.1      -102479.5629       -84.9482 20m13s/Msamples
        3984000   -102572.2535        26.1      -102486.1937       -86.0598 20m13s/Msamples
        3985000   -102550.7137        26.2      -102473.0074       -77.7062 20m13s/Msamples
        3986000   -102557.1277        26.2      -102476.5821       -80.5456 20m13s/Msamples
        3987000   -102569.7577        26.2      -102482.9852       -86.7725 20m13s/Msamples
        3988000   -102571.3878        26.2      -102486.9620       -84.4258 20m13s/Msamples
        3989000   -102581.0187        26.2      -102491.9731       -89.0456 20m13s/Msamples
        3990000   -102583.6538        26.3      -102491.4471       -92.2067 20m13s/Msamples
        3991000   -102584.5908        26.3      -102494.0447       -90.5460 20m13s/Msamples
        3992000   -102582.8449        26.3      -102495.2191       -87.6257 20m13s/Msamples
        3993000   -102576.3068        26.3      -102490.9091       -85.3977 20m13s/Msamples
        3994000   -102575.7574        26.3      -102489.7929       -85.9645 20m13s/Msamples
        3995000   -102577.7734        26.3      -102492.3429       -85.4305 20m13s/Msamples
        3996000   -102565.8779        26.3      -102479.7943       -86.0835 20m13s/Msamples
        3997000   -102551.5618        26.3      -102475.6847       -75.8770 20m13s/Msamples
        3998000   -102554.4724        26.3      -102474.0463       -80.4261 20m13s/Msamples
        3999000   -102562.3861        26.4      -102480.7537       -81.6323 20m13s/Msamples
        4000000   -102569.2299        26.4      -102487.6382       -81.5917 20m13s/Msamples
        4001000   -102562.1957        26.4      -102475.1725       -87.0232 20m13s/Msamples
        4002000   -102563.8658        26.4      -102479.2028       -84.6629 20m13s/Msamples
        4003000   -102561.2943        26.4      -102475.8060       -85.4882 20m13s/Msamples
        4004000   -102567.4404        26.4      -102492.0077       -75.4327 20m13s/Msamples
        4005000   -102572.7252        26.4      -102486.0177       -86.7075 20m13s/Msamples
        4006000   -102565.6867        26.4      -102487.7296       -77.9571 20m13s/Msamples
        4007000   -102562.8653        26.5      -102481.8419       -81.0233 20m13s/Msamples
        4008000   -102574.1472        26.5      -102489.9175       -84.2297 20m13s/Msamples
        4009000   -102567.8128        26.5      -102483.8379       -83.9748 20m13s/Msamples
        4010000   -102563.8153        26.5      -102484.9621       -78.8532 20m13s/Msamples
        4011000   -102569.8963        26.5      -102488.3768       -81.5194 20m13s/Msamples
        4012000   -102568.8372        26.5      -102489.2976       -79.5396 20m13s/Msamples
        4013000   -102555.5362        26.5      -102483.2637       -72.2724 20m13s/Msamples
        4014000   -102569.6815        26.6      -102489.2923       -80.3891 20m13s/Msamples
        4015000   -102565.5732        26.6      -102483.6310       -81.9422 20m13s/Msamples
        4016000   -102564.9714        26.6      -102484.6975       -80.2738 20m13s/Msamples
        4017000   -102572.4516        26.6      -102488.7931       -83.6584 20m13s/Msamples
        4018000   -102573.5303        26.6      -102492.0108       -81.5195 20m13s/Msamples
        4019000   -102573.3016        26.6      -102485.5991       -87.7024 20m13s/Msamples
        4020000   -102574.7133        26.6      -102490.9997       -83.7136 20m13s/Msamples
        4021000   -102589.7253        26.7      -102496.0528       -93.6724 20m13s/Msamples
        4022000   -102583.6784        26.7      -102497.3689       -86.3094 20m13s/Msamples
        4023000   -102581.6118        26.7      -102496.2740       -85.3377 20m13s/Msamples
        4024000   -102579.6894        26.7      -102499.4245       -80.2648 20m13s/Msamples
        4025000   -102582.2973        26.7      -102494.2683       -88.0290 20m13s/Msamples
        4026000   -102574.7690        26.7      -102491.9123       -82.8567 20m13s/Msamples
        4027000   -102582.2289        26.7      -102493.3251       -88.9037 20m13s/Msamples
        4028000   -102588.7879        26.7      -102492.5821       -96.2057 20m13s/Msamples
        4029000   -102575.3834        26.8      -102479.8097       -95.5736 20m13s/Msamples
        4030000   -102582.0478        26.8      -102488.9399       -93.1078 20m13s/Msamples
        4031000   -102576.7824        26.8      -102486.1199       -90.6625 20m13s/Msamples
        4032000   -102586.9782        26.8      -102496.1202       -90.8580 20m13s/Msamples
        4033000   -102584.5932        26.8      -102494.0901       -90.5031 20m13s/Msamples
        4034000   -102574.4275        26.8      -102486.8925       -87.5350 20m13s/Msamples
        4035000   -102564.7252        26.8      -102481.9780       -82.7471 20m13s/Msamples
        4036000   -102569.1949        26.8      -102487.5291       -81.6657 20m13s/Msamples
        4037000   -102569.8274        26.8      -102486.8043       -83.0231 20m13s/Msamples
        4038000   -102566.4787        26.8      -102486.6743       -79.8043 20m13s/Msamples
        4039000   -102568.4956        26.9      -102486.7438       -81.7517 20m13s/Msamples
        4040000   -102584.2390        26.9      -102494.8144       -89.4245 20m13s/Msamples
        4041000   -102580.3025        26.9      -102488.3449       -91.9575 20m13s/Msamples
        4042000   -102590.1836        26.9      -102491.9690       -98.2146 20m13s/Msamples
        4043000   -102578.1931        26.9      -102486.0468       -92.1462 20m13s/Msamples
        4044000   -102580.5043        26.9      -102493.0765       -87.4277 20m13s/Msamples
        4045000   -102573.6397        26.9      -102484.6912       -88.9484 20m13s/Msamples
        4046000   -102581.4921        26.9      -102494.7734       -86.7187 20m13s/Msamples
        4047000   -102565.2863        27.0      -102482.1323       -83.1539 20m13s/Msamples
        4048000   -102552.9978        27.0      -102471.0826       -81.9151 20m13s/Msamples
        4049000   -102552.2028        27.0      -102472.8282       -79.3745 20m13s/Msamples
        4050000   -102553.0486        27.0      -102476.1047       -76.9439 20m13s/Msamples
        4051000   -102553.1059        27.0      -102479.9700       -73.1358 20m13s/Msamples
        4052000   -102556.1523        27.1      -102479.3828       -76.7695 20m13s/Msamples
        4053000   -102559.6908        27.1      -102481.8420       -77.8488 20m13s/Msamples
        4054000   -102559.8161        27.1      -102483.6689       -76.1472 20m13s/Msamples
        4055000   -102558.0405        27.1      -102482.6120       -75.4285 20m13s/Msamples
        4056000   -102563.7163        27.1      -102484.9738       -78.7425 20m13s/Msamples
        4057000   -102565.7423        27.1      -102487.8060       -77.9363 20m13s/Msamples
        4058000   -102571.3008        27.1      -102489.2541       -82.0467 20m13s/Msamples
        4059000   -102574.1238        27.2      -102489.4366       -84.6872 20m13s/Msamples
        4060000   -102572.9173        27.2      -102488.8966       -84.0206 20m13s/Msamples
        4061000   -102571.2316        27.2      -102488.0332       -83.1983 20m13s/Msamples
        4062000   -102562.1907        27.2      -102479.5073       -82.6834 20m13s/Msamples
        4063000   -102569.2582        27.2      -102490.1079       -79.1503 20m13s/Msamples
        4064000   -102562.9030        27.2      -102478.3818       -84.5211 20m13s/Msamples
        4065000   -102569.4960        27.2      -102485.0026       -84.4934 20m13s/Msamples
        4066000   -102584.2417        27.2      -102491.9500       -92.2916 20m13s/Msamples
        4067000   -102577.8429        27.2      -102484.7130       -93.1299 20m13s/Msamples
        4068000   -102593.4452        27.2      -102494.1186       -99.3266 20m13s/Msamples
        4069000   -102582.4208        27.3      -102491.5025       -90.9183 20m13s/Msamples
        4070000   -102577.7467        27.3      -102486.4106       -91.3360 20m13s/Msamples
        4071000   -102580.1526        27.3      -102492.2946       -87.8580 20m13s/Msamples
        4072000   -102569.2583        27.3      -102486.1451       -83.1131 20m13s/Msamples
        4073000   -102573.0419        27.3      -102484.9838       -88.0580 20m13s/Msamples
        4074000   -102576.2363        27.3      -102486.9154       -89.3208 20m13s/Msamples
        4075000   -102568.8393        27.4      -102482.7977       -86.0415 20m13s/Msamples
        4076000   -102575.4747        27.4      -102483.0077       -92.4669 20m13s/Msamples
        4077000   -102571.2104        27.4      -102484.1150       -87.0953 20m13s/Msamples
        4078000   -102578.4032        27.4      -102490.8497       -87.5535 20m13s/Msamples
        4079000   -102583.5478        27.4      -102492.3731       -91.1747 20m13s/Msamples
        4080000   -102566.5900        27.4      -102484.2397       -82.3502 20m13s/Msamples
        4081000   -102574.7652        27.5      -102487.2911       -87.4740 20m13s/Msamples
        4082000   -102567.8485        27.5      -102482.9369       -84.9115 20m13s/Msamples
        4083000   -102561.2342        27.5      -102478.5678       -82.6664 20m13s/Msamples
        4084000   -102560.1828        27.5      -102479.5828       -80.6000 20m13s/Msamples
        4085000   -102555.4950        27.5      -102474.7133       -80.7817 20m13s/Msamples
        4086000   -102558.3040        27.5      -102475.9716       -82.3324 20m13s/Msamples
        4087000   -102559.8157        27.5      -102479.8022       -80.0134 20m13s/Msamples
        4088000   -102545.7438        27.5      -102467.0288       -78.7150 20m13s/Msamples
        4089000   -102561.6139        27.6      -102478.4043       -83.2095 20m13s/Msamples
        4090000   -102562.3302        27.6      -102481.0635       -81.2667 20m13s/Msamples
        4091000   -102560.1052        27.6      -102478.0392       -82.0660 20m13s/Msamples
        4092000   -102560.1171        27.6      -102481.2049       -78.9122 20m13s/Msamples
        4093000   -102554.0974        27.6      -102478.5567       -75.5406 20m13s/Msamples
        4094000   -102570.5715        27.6      -102488.7793       -81.7922 20m13s/Msamples
        4095000   -102559.2251        27.9      -102484.4691       -74.7559 20m13s/Msamples
        4096000   -102554.4292        27.9      -102475.1453       -79.2838 20m13s/Msamples
        4097000   -102554.1198        27.9      -102475.8381       -78.2816 20m13s/Msamples
        4098000   -102565.0834        27.9      -102481.8993       -83.1841 20m13s/Msamples
        4099000   -102570.6155        27.9      -102485.8282       -84.7873 20m13s/Msamples
        4100000   -102573.0594        27.9      -102487.7772       -85.2821 20m13s/Msamples
        4101000   -102565.9688        27.9      -102485.0044       -80.9643 20m13s/Msamples
        4102000   -102563.4061        28.0      -102488.9193       -74.4868 20m13s/Msamples
        4103000   -102561.7663        28.0      -102485.8155       -75.9508 20m13s/Msamples
        4104000   -102551.9749        28.0      -102480.2727       -71.7022 20m13s/Msamples
        4105000   -102559.2361        28.0      -102485.2750       -73.9611 20m13s/Msamples
        4106000   -102560.1865        28.0      -102489.5873       -70.5991 20m13s/Msamples
        4107000   -102560.1297        28.0      -102492.8396       -67.2901 20m13s/Msamples
        4108000   -102554.7962        27.8      -102486.1945       -68.6016 20m13s/Msamples
        4109000   -102563.3433        27.8      -102493.6447       -69.6986 20m13s/Msamples
        4110000   -102564.5215        27.8      -102491.4592       -73.0622 20m13s/Msamples
        4111000   -102579.5959        27.8      -102501.4343       -78.1615 20m13s/Msamples
        4112000   -102570.5152        27.8      -102491.8873       -78.6279 20m13s/Msamples
        4113000   -102585.1326        27.9      -102493.2479       -91.8846 20m13s/Msamples
        4114000   -102574.7050        27.9      -102491.2591       -83.4459 20m13s/Msamples
        4115000   -102577.3560        27.9      -102494.3327       -83.0233 20m13s/Msamples
        4116000   -102572.8093        27.9      -102491.3731       -81.4362 20m13s/Msamples
        4117000   -102566.6502        27.9      -102487.1611       -79.4891 20m13s/Msamples
        4118000   -102554.7006        27.9      -102484.0755       -70.6251 20m13s/Msamples
        4119000   -102548.1181        28.0      -102476.4581       -71.6600 20m13s/Msamples
        4120000   -102555.4387        28.0      -102483.5602       -71.8784 20m13s/Msamples
        4121000   -102564.6648        28.0      -102491.5045       -73.1602 20m13s/Msamples
        4122000   -102564.0901        28.0      -102486.8395       -77.2505 20m13s/Msamples
        4123000   -102559.9314        28.0      -102483.6979       -76.2334 20m13s/Msamples
        4124000   -102558.2127        28.0      -102482.0424       -76.1703 20m13s/Msamples
        4125000   -102561.7609        28.0      -102482.4307       -79.3301 20m13s/Msamples
        4126000   -102575.5184        28.0      -102493.4619       -82.0565 20m13s/Msamples
        4127000   -102569.7721        28.0      -102494.3952       -75.3768 20m13s/Msamples
        4128000   -102566.0805        28.0      -102485.5923       -80.4881 20m13s/Msamples
        4129000   -102559.0613        28.1      -102486.9176       -72.1437 20m13s/Msamples
        4130000   -102571.1919        28.1      -102495.0731       -76.1187 20m13s/Msamples
        4131000   -102555.6818        28.1      -102484.6034       -71.0784 20m13s/Msamples
        4132000   -102547.3925        28.1      -102480.0153       -67.3771 20m13s/Msamples
        4133000   -102555.1419        28.1      -102489.3068       -65.8350 20m13s/Msamples
        4134000   -102557.8105        28.1      -102489.9473       -67.8631 20m13s/Msamples
        4135000   -102564.8473        28.1      -102491.1947       -73.6526 20m13s/Msamples
        4136000   -102574.3603        28.1      -102499.3598       -75.0004 20m13s/Msamples
        4137000   -102586.0402        28.2      -102505.5869       -80.4532 20m13s/Msamples
        4138000   -102579.4532        28.2      -102499.6347       -79.8185 20m13s/Msamples
        4139000   -102586.5871        28.4      -102503.4143       -83.1727 20m13s/Msamples
        4140000   -102599.4393        28.4      -102509.5975       -89.8418 20m13s/Msamples
        4141000   -102584.6405        28.5      -102501.3691       -83.2713 20m13s/Msamples
        4142000   -102575.6153        28.5      -102497.3973       -78.2180 20m13s/Msamples
        4143000   -102571.2397        28.5      -102491.3623       -79.8774 20m13s/Msamples
        4144000   -102564.7064        28.5      -102485.7505       -78.9558 20m13s/Msamples
        4145000   -102568.7062        28.5      -102487.1377       -81.5685 20m13s/Msamples
        4146000   -102565.5991        28.5      -102481.2154       -84.3837 20m13s/Msamples
        4147000   -102554.6149        28.5      -102475.6230       -78.9919 20m13s/Msamples
        4148000   -102554.3088        28.5      -102480.8585       -73.4503 20m13s/Msamples
        4149000   -102548.3847        28.6      -102480.7847       -67.6000 20m13s/Msamples
        4150000   -102548.0934        28.6      -102482.2235       -65.8699 20m13s/Msamples
        4151000   -102550.9394        28.6      -102481.5302       -69.4091 20m13s/Msamples
        4152000   -102539.7194        28.6      -102482.0730       -57.6463 20m13s/Msamples
        4153000   -102545.3234        28.7      -102488.0733       -57.2501 20m13s/Msamples
        4154000   -102540.0232        28.7      -102477.7816       -62.2416 20m13s/Msamples
        4155000   -102549.1495        28.7      -102479.0233       -70.1261 20m13s/Msamples
        4156000   -102559.8882        28.7      -102488.0488       -71.8393 20m13s/Msamples
        4157000   -102559.8631        28.7      -102485.4622       -74.4009 20m13s/Msamples
        4158000   -102557.2546        28.7      -102488.4816       -68.7729 20m13s/Msamples
        4159000   -102546.9824        28.8      -102486.5776       -60.4047 20m13s/Msamples
        4160000   -102564.6686        28.8      -102492.5397       -72.1289 20m13s/Msamples
        4161000   -102554.6664        28.8      -102490.4817       -64.1846 20m13s/Msamples
        4162000   -102550.9458        28.8      -102484.2070       -66.7387 20m13s/Msamples
        4163000   -102545.0242        28.8      -102484.2255       -60.7986 20m13s/Msamples
        4164000   -102535.8830        28.8      -102481.4315       -54.4515 20m13s/Msamples
        4165000   -102539.4355        28.9      -102478.3375       -61.0979 20m13s/Msamples
        4166000   -102543.2500        28.9      -102483.3823       -59.8676 20m13s/Msamples
        4167000   -102549.4190        28.9      -102489.4455       -59.9734 20m13s/Msamples
        4168000   -102551.0783        28.9      -102486.7836       -64.2947 20m13s/Msamples
        4169000   -102539.1146        29.0      -102477.1692       -61.9454 20m13s/Msamples
        4170000   -102542.7866        29.0      -102480.8636       -61.9229 20m13s/Msamples
        4171000   -102544.4754        29.0      -102487.5132       -56.9622 20m13s/Msamples
        4172000   -102536.2390        29.0      -102481.9024       -54.3366 20m13s/Msamples
        4173000   -102547.1608        29.0      -102484.8007       -62.3601 20m13s/Msamples
        4174000   -102552.7801        29.0      -102489.9704       -62.8097 20m13s/Msamples
        4175000   -102554.4635        29.1      -102490.4576       -64.0058 20m13s/Msamples
        4176000   -102543.8785        29.1      -102483.8280       -60.0504 20m13s/Msamples
        4177000   -102538.8883        28.9      -102481.8682       -57.0200 20m13s/Msamples
        4178000   -102530.4585        28.9      -102477.1911       -53.2673 20m13s/Msamples
        4179000   -102541.3351        28.9      -102479.9051       -61.4300 20m13s/Msamples
        4180000   -102542.8710        28.9      -102477.3179       -65.5531 20m13s/Msamples
        4181000   -102547.9516        28.9      -102485.5341       -62.4175 20m13s/Msamples
        4182000   -102545.0905        29.0      -102483.5051       -61.5853 20m13s/Msamples
        4183000   -102554.6629        29.0      -102494.6086       -60.0542 20m13s/Msamples
        4184000   -102533.3464        29.0      -102478.4784       -54.8680 20m13s/Msamples
        4185000   -102535.8047        29.0      -102481.9070       -53.8977 20m13s/Msamples
        4186000   -102541.9724        29.0      -102487.2729       -54.6994 20m13s/Msamples
        4187000   -102548.4833        29.0      -102492.0569       -56.4263 20m13s/Msamples
        4188000   -102534.7264        29.0      -102484.7944       -49.9319 20m13s/Msamples
        4189000   -102531.6930        29.1      -102487.9004       -43.7926 20m13s/Msamples
        4190000   -102542.5324        29.1      -102484.7824       -57.7500 20m13s/Msamples
        4191000   -102543.9109        29.1      -102487.6205       -56.2903 20m13s/Msamples
        4192000   -102533.5358        29.1      -102482.9022       -50.6335 20m13s/Msamples
        4193000   -102533.8087        29.1      -102486.1017       -47.7069 20m13s/Msamples
        4194000   -102539.2056        29.2      -102487.5980       -51.6075 20m13s/Msamples
        4195000   -102539.5148        29.2      -102487.9076       -51.6071 20m13s/Msamples
        4196000   -102534.9101        29.2      -102487.7353       -47.1748 20m13s/Msamples
        4197000   -102549.7915        29.2      -102500.1478       -49.6436 20m13s/Msamples
        4198000   -102535.3935        29.2      -102487.8093       -47.5842 20m13s/Msamples
        4199000   -102545.0625        29.2      -102483.5305       -61.5320 20m13s/Msamples
        4200000   -102544.0818        29.2      -102492.7621       -51.3196 20m13s/Msamples
        4201000   -102551.2491        29.2      -102495.3531       -55.8959 20m13s/Msamples
        4202000   -102538.2302        29.2      -102485.1481       -53.0820 20m13s/Msamples
        4203000   -102552.1649        29.2      -102496.0343       -56.1305 20m13s/Msamples
        4204000   -102549.9964        29.2      -102489.1099       -60.8864 20m13s/Msamples
        4205000   -102544.2757        29.2      -102489.3187       -54.9570 20m13s/Msamples
        4206000   -102534.5281        29.2      -102481.9864       -52.5416 20m13s/Msamples
        4207000   -102540.7921        29.2      -102484.7086       -56.0835 20m13s/Msamples
        4208000   -102533.0322        29.2      -102484.0927       -48.9394 20m13s/Msamples
        4209000   -102533.8295        29.3      -102483.8099       -50.0195 20m13s/Msamples
        4210000   -102538.8048        29.3      -102483.3435       -55.4613 20m13s/Msamples
        4211000   -102539.4030        29.3      -102486.4743       -52.9287 20m13s/Msamples
        4212000   -102539.4185        29.3      -102483.7783       -55.6401 20m13s/Msamples
        4213000   -102544.2830        29.3      -102484.3397       -59.9432 20m13s/Msamples
        4214000   -102534.1931        29.3      -102483.5302       -50.6628 20m13s/Msamples
        4215000   -102538.3233        29.3      -102490.8829       -47.4404 20m13s/Msamples
        4216000   -102533.5079        29.3      -102486.4554       -47.0525 20m13s/Msamples
        4217000   -102539.4120        29.3      -102487.0737       -52.3382 20m13s/Msamples
        4218000   -102543.5033        29.3      -102484.2375       -59.2658 20m13s/Msamples
        4219000   -102529.4496        29.3      -102481.6545       -47.7950 20m13s/Msamples
        4220000   -102532.5793        29.3      -102493.4355       -39.1437 20m13s/Msamples
        4221000   -102539.3725        29.3      -102491.2118       -48.1607 20m13s/Msamples
        4222000   -102542.6440        29.3      -102495.1262       -47.5177 20m13s/Msamples
        4223000   -102558.0885        29.3      -102500.1311       -57.9573 20m13s/Msamples
        4224000   -102555.5980        29.3      -102496.2826       -59.3154 20m13s/Msamples
        4225000   -102553.2987        29.3      -102494.1303       -59.1683 20m13s/Msamples
        4226000   -102553.6345        29.3      -102497.2376       -56.3968 20m13s/Msamples
        4227000   -102538.3803        29.3      -102493.6071       -44.7731 20m13s/Msamples
        4228000   -102544.9572        29.3      -102489.0002       -55.9570 20m13s/Msamples
        4229000   -102548.6202        29.3      -102492.2043       -56.4159 20m13s/Msamples
        4230000   -102549.7456        29.3      -102493.7816       -55.9640 20m13s/Msamples
        4231000   -102534.0252        29.3      -102486.7371       -47.2880 20m13s/Msamples
        4232000   -102538.6719        29.3      -102490.1995       -48.4723 20m13s/Msamples
        4233000   -102533.9617        29.3      -102482.7608       -51.2009 20m13s/Msamples
        4234000   -102530.3570        29.3      -102485.9957       -44.3613 20m13s/Msamples
        4235000   -102539.1458        29.3      -102485.5025       -53.6432 20m13s/Msamples
        4236000   -102525.7573        29.3      -102481.8879       -43.8693 20m13s/Msamples
        4237000   -102532.6757        29.3      -102486.2157       -46.4600 20m13s/Msamples
        4238000   -102533.5817        29.3      -102481.9414       -51.6403 20m13s/Msamples
        4239000   -102537.9521        29.3      -102485.3122       -52.6398 20m13s/Msamples
        4240000   -102538.3468        29.3      -102487.7134       -50.6333 20m13s/Msamples
        4241000   -102541.9200        29.3      -102486.5106       -55.4094 20m13s/Msamples
        4242000   -102536.0693        29.3      -102485.9787       -50.0906 20m13s/Msamples
        4243000   -102550.3191        29.3      -102501.9764       -48.3427 20m13s/Msamples
        4244000   -102536.4351        29.3      -102495.2040       -41.2311 20m13s/Msamples
        4245000   -102535.6596        29.2      -102494.1702       -41.4894 20m13s/Msamples
        4246000   -102531.9076        29.2      -102494.4188       -37.4887 20m13s/Msamples
        4247000   -102526.2785        29.2      -102486.1641       -40.1144 20m13s/Msamples
        4248000   -102533.0449        29.2      -102481.8674       -51.1775 20m13s/Msamples
        4249000   -102540.4837        29.2      -102478.9667       -61.5170 20m13s/Msamples
        4250000   -102526.7818        29.5      -102477.1258       -49.6559 20m13s/Msamples
        4251000   -102536.7130        29.5      -102485.9554       -50.7576 20m13s/Msamples
        4252000   -102545.5323        29.4      -102484.4056       -61.1266 20m12s/Msamples
        4253000   -102548.2984        29.4      -102492.2598       -56.0386 20m12s/Msamples
        4254000   -102539.2858        29.4      -102482.1182       -57.1675 20m12s/Msamples
        4255000   -102547.7709        29.4      -102487.8124       -59.9585 20m12s/Msamples
        4256000   -102554.8254        29.4      -102493.0892       -61.7361 20m12s/Msamples
        4257000   -102548.0085        29.4      -102485.9006       -62.1079 20m12s/Msamples
        4258000   -102555.1291        29.3      -102495.6680       -59.4611 20m13s/Msamples
        4259000   -102557.8651        29.3      -102495.6164       -62.2487 20m13s/Msamples
        4260000   -102564.7396        29.3      -102501.5177       -63.2218 20m13s/Msamples
        4261000   -102552.2516        29.3      -102493.2195       -59.0320 20m13s/Msamples
        4262000   -102538.1587        29.3      -102488.1764       -49.9822 20m13s/Msamples
        4263000   -102524.7751        29.3      -102484.9388       -39.8362 20m13s/Msamples
        4264000   -102529.5813        29.3      -102479.8553       -49.7260 20m13s/Msamples
        4265000   -102533.2616        29.3      -102484.8251       -48.4365 20m13s/Msamples
        4266000   -102533.5404        29.2      -102493.5419       -39.9984 20m12s/Msamples
        4267000   -102537.0145        29.2      -102494.7973       -42.2171 20m12s/Msamples
        4268000   -102562.1029        29.2      -102501.1489       -60.9540 20m12s/Msamples
        4269000   -102554.9679        29.2      -102493.3696       -61.5983 20m13s/Msamples
        4270000   -102555.3543        29.2      -102494.0699       -61.2844 20m13s/Msamples
        4271000   -102556.4839        29.2      -102498.4096       -58.0742 20m13s/Msamples
        4272000   -102557.7137        29.2      -102494.9575       -62.7562 20m13s/Msamples
        4273000   -102544.9279        29.1      -102493.7710       -51.1569 20m13s/Msamples
        4274000   -102550.3578        29.1      -102495.5760       -54.7818 20m13s/Msamples
        4275000   -102547.1208        29.1      -102491.1418       -55.9790 20m13s/Msamples
        4276000   -102558.9432        29.1      -102488.3430       -70.6001 20m13s/Msamples
        4277000   -102541.7007        29.1      -102486.7498       -54.9508 20m13s/Msamples
        4278000   -102522.5599        28.8      -102481.2924       -41.2674 20m13s/Msamples
        4279000   -102537.6762        28.8      -102494.0745       -43.6017 20m13s/Msamples
        4280000   -102524.4319        28.8      -102479.5915       -44.8403 20m13s/Msamples
        4281000   -102543.3750        28.8      -102492.2941       -51.0808 20m13s/Msamples
        4282000   -102529.1008        28.7      -102487.1796       -41.9211 20m13s/Msamples
        4283000   -102523.8335        28.7      -102482.3932       -41.4402 20m13s/Msamples
        4284000   -102530.8491        28.7      -102489.4355       -41.4136 20m13s/Msamples
        4285000   -102530.2884        28.7      -102488.3416       -41.9468 20m13s/Msamples
        4286000   -102521.9985        28.6      -102478.0496       -43.9489 20m13s/Msamples
        4287000   -102526.5813        28.6      -102486.0253       -40.5560 20m13s/Msamples
        4288000   -102526.7223        28.6      -102482.0504       -44.6719 20m13s/Msamples
        4289000   -102538.9212        28.6      -102487.7932       -51.1279 20m13s/Msamples
        4290000   -102540.0762        28.6      -102488.4773       -51.5988 20m13s/Msamples
        4291000   -102545.7934        28.5      -102488.3419       -57.4515 20m13s/Msamples
        4292000   -102553.9950        28.5      -102494.3089       -59.6861 20m13s/Msamples
        4293000   -102543.5661        28.5      -102483.8221       -59.7439 20m13s/Msamples
        4294000   -102532.7279        28.4      -102473.6680       -59.0598 20m13s/Msamples
        4295000   -102543.3233        28.4      -102485.1068       -58.2165 20m13s/Msamples
        4296000   -102539.5750        28.4      -102484.6235       -54.9514 20m13s/Msamples
        4297000   -102541.3063        28.4      -102489.1627       -52.1436 20m13s/Msamples
        4298000   -102556.7673        28.3      -102493.3184       -63.4488 20m13s/Msamples
        4299000   -102539.2515        28.3      -102482.0942       -57.1573 20m13s/Msamples
        4300000   -102535.8724        28.3      -102482.0809       -53.7914 20m13s/Msamples
        4301000   -102541.3674        28.3      -102482.7914       -58.5759 20m13s/Msamples
        4302000   -102534.3085        28.2      -102476.1722       -58.1362 20m13s/Msamples
        4303000   -102539.3922        28.2      -102475.3145       -64.0777 20m13s/Msamples
        4304000   -102542.5081        28.2      -102485.0646       -57.4435 20m13s/Msamples
        4305000   -102551.5973        28.1      -102490.1148       -61.4824 20m13s/Msamples
        4306000   -102554.8142        28.1      -102491.7441       -63.0700 20m13s/Msamples
        4307000   -102557.9936        28.1      -102489.9154       -68.0782 20m13s/Msamples
        4308000   -102552.5627        28.1      -102486.9483       -65.6144 20m13s/Msamples
        4309000   -102536.9785        28.2      -102483.6745       -53.3040 20m13s/Msamples
        4310000   -102549.1232        28.2      -102490.3755       -58.7476 20m13s/Msamples
        4311000   -102537.9789        28.2      -102486.8683       -51.1106 20m13s/Msamples
        4312000   -102532.8487        28.1      -102480.5977       -52.2510 20m13s/Msamples
        4313000   -102526.5769        28.1      -102478.5779       -47.9990 20m13s/Msamples
        4314000   -102529.4372        28.1      -102477.8235       -51.6136 20m13s/Msamples
        4315000   -102542.5904        28.0      -102486.7117       -55.8787 20m13s/Msamples
        4316000   -102530.7415        27.8      -102474.6152       -56.1263 20m13s/Msamples
        4317000   -102519.7858        28.0      -102467.7718       -52.0139 20m13s/Msamples
        4318000   -102529.1510        27.9      -102480.8260       -48.3250 20m13s/Msamples
        4319000   -102529.7025        27.9      -102473.3783       -56.3241 20m13s/Msamples
        4320000   -102520.0199        27.8      -102470.6432       -49.3766 20m13s/Msamples
        4321000   -102524.7320        27.8      -102475.9003       -48.8316 20m13s/Msamples
        4322000   -102546.0288        27.8      -102489.8001       -56.2286 20m13s/Msamples
        4323000   -102544.3837        27.7      -102481.2649       -63.1187 20m13s/Msamples
        4324000   -102547.2279        27.7      -102493.6965       -53.5314 20m13s/Msamples
        4325000   -102536.1289        27.7      -102480.4155       -55.7133 20m13s/Msamples
        4326000   -102523.5198        27.6      -102472.4674       -51.0524 20m13s/Msamples
        4327000   -102531.6900        27.6      -102480.5304       -51.1595 20m13s/Msamples
        4328000   -102520.3771        27.4      -102473.7857       -46.5914 20m13s/Msamples
        4329000   -102529.5826        27.3      -102480.6169       -48.9656 20m13s/Msamples
        4330000   -102523.5751        27.3      -102475.7761       -47.7989 20m13s/Msamples
        4331000   -102539.1112        27.3      -102489.9781       -49.1331 20m13s/Msamples
        4332000   -102534.5901        27.2      -102488.4525       -46.1375 20m13s/Msamples
        4333000   -102529.9539        27.2      -102486.7118       -43.2420 20m13s/Msamples
        4334000   -102532.5739        27.1      -102486.8758       -45.6980 20m13s/Msamples
        4335000   -102534.6101        27.1      -102483.5639       -51.0462 20m13s/Msamples
        4336000   -102535.2523        27.0      -102486.6153       -48.6369 20m13s/Msamples
        4337000   -102533.6567        27.0      -102486.1574       -47.4993 20m13s/Msamples
        4338000   -102539.8244        27.0      -102490.6061       -49.2182 20m13s/Msamples
        4339000   -102544.8768        27.0      -102485.0005       -59.8762 20m13s/Msamples
        4340000   -102535.6645        27.0      -102476.7031       -58.9613 20m13s/Msamples
        4341000   -102553.0510        26.9      -102487.2155       -65.8355 20m13s/Msamples
        4342000   -102547.7593        26.8      -102487.2752       -60.4840 20m13s/Msamples
        4343000   -102554.3431        26.8      -102495.9602       -58.3829 20m13s/Msamples
        4344000   -102554.0729        26.8      -102492.0093       -62.0636 20m13s/Msamples
        4345000   -102559.0961        26.8      -102496.3553       -62.7408 20m13s/Msamples
        4346000   -102556.9748        26.8      -102494.0265       -62.9482 20m13s/Msamples
        4347000   -102556.1454        26.7      -102492.0270       -64.1184 20m13s/Msamples
        4348000   -102550.8942        26.7      -102486.3648       -64.5293 20m13s/Msamples
        4349000   -102552.3944        26.7      -102488.3510       -64.0433 20m13s/Msamples
        4350000   -102537.2111        26.7      -102474.8334       -62.3776 20m13s/Msamples
        4351000   -102542.2848        26.6      -102479.1596       -63.1251 20m13s/Msamples
        4352000   -102560.3471        26.6      -102495.9431       -64.4039 20m13s/Msamples
        4353000   -102551.8902        26.6      -102488.2314       -63.6587 20m13s/Msamples
        4354000   -102554.0656        26.6      -102484.6161       -69.4494 20m13s/Msamples
        4355000   -102557.8405        26.5      -102489.0376       -68.8029 20m13s/Msamples
        4356000   -102558.0609        26.5      -102487.3789       -70.6820 20m13s/Msamples
        4357000   -102566.0966        26.5      -102494.7889       -71.3076 20m13s/Msamples
        4358000   -102560.3232        26.5      -102493.5311       -66.7921 20m13s/Msamples
        4359000   -102562.9524        26.5      -102491.4330       -71.5193 20m13s/Msamples
        4360000   -102552.1729        26.5      -102488.7777       -63.3952 20m13s/Msamples
        4361000   -102558.7602        26.5      -102494.7919       -63.9683 20m13s/Msamples
        4362000   -102557.3323        26.5      -102493.3904       -63.9419 20m13s/Msamples
        4363000   -102550.5222        26.5      -102490.4805       -60.0416 20m13s/Msamples
        4364000   -102553.6996        26.4      -102493.0649       -60.6347 20m13s/Msamples
        4365000   -102545.9118        26.4      -102487.4945       -58.4173 20m13s/Msamples
        4366000   -102534.6336        26.4      -102471.8593       -62.7742 20m13s/Msamples
        4367000   -102530.5720        26.3      -102471.1698       -59.4021 20m13s/Msamples
        4368000   -102540.6944        26.3      -102480.3998       -60.2945 20m13s/Msamples
        4369000   -102543.4228        26.2      -102480.9620       -62.4608 20m13s/Msamples
        4370000   -102557.5671        26.2      -102489.2792       -68.2879 20m13s/Msamples
        4371000   -102570.2435        26.2      -102489.9929       -80.2505 20m13s/Msamples
        4372000   -102559.8449        26.2      -102481.6473       -78.1976 20m13s/Msamples
        4373000   -102558.5803        26.2      -102481.9699       -76.6103 20m13s/Msamples
        4374000   -102556.3404        26.2      -102475.4116       -80.9288 20m13s/Msamples
        4375000   -102566.5296        26.2      -102484.9953       -81.5343 20m13s/Msamples
        4376000   -102564.0141        26.2      -102487.9568       -76.0573 20m13s/Msamples
        4377000   -102574.7832        26.2      -102489.5862       -85.1969 20m13s/Msamples
        4378000   -102562.5581        26.2      -102482.0473       -80.5108 20m13s/Msamples
        4379000   -102566.2270        26.2      -102481.5793       -84.6476 20m13s/Msamples
        4380000   -102561.6291        26.2      -102480.1393       -81.4897 20m13s/Msamples
        4381000   -102562.9337        26.2      -102482.0875       -80.8462 20m13s/Msamples
        4382000   -102561.4421        26.1      -102485.4281       -76.0140 20m13s/Msamples
        4383000   -102560.1495        26.1      -102487.1266       -73.0229 20m13s/Msamples
        4384000   -102556.4404        26.1      -102482.4278       -74.0126 20m13s/Msamples
        4385000   -102557.1871        26.1      -102484.0081       -73.1789 20m13s/Msamples
        4386000   -102562.8761        26.1      -102481.9152       -80.9609 20m13s/Msamples
        4387000   -102566.3062        26.1      -102490.1450       -76.1612 20m13s/Msamples
        4388000   -102564.0973        26.1      -102490.7952       -73.3021 20m13s/Msamples
        4389000   -102562.3015        26.1      -102488.0733       -74.2281 20m13s/Msamples
        4390000   -102586.9239        26.1      -102500.1040       -86.8198 20m13s/Msamples
        4391000   -102566.8174        26.1      -102485.3966       -81.4207 20m13s/Msamples
        4392000   -102564.5509        26.1      -102488.6401       -75.9107 20m13s/Msamples
        4393000   -102561.5775        26.1      -102487.0256       -74.5519 20m13s/Msamples
        4394000   -102574.7787        26.1      -102493.9993       -80.7794 20m12s/Msamples
        4395000   -102564.0310        26.1      -102492.8608       -71.1702 20m13s/Msamples
        4396000   -102564.8467        26.1      -102498.1444       -66.7022 20m13s/Msamples
        4397000   -102571.5673        26.1      -102491.0497       -80.5175 20m13s/Msamples
        4398000   -102566.6967        26.1      -102489.5028       -77.1938 20m13s/Msamples
        4399000   -102564.9883        26.1      -102490.0990       -74.8893 20m13s/Msamples
        4400000   -102552.3017        26.1      -102481.9086       -70.3930 20m12s/Msamples
        4401000   -102546.3678        26.1      -102485.9555       -60.4122 20m12s/Msamples
        4402000   -102541.1773        26.0      -102482.8392       -58.3380 20m12s/Msamples
        4403000   -102531.8849        25.9      -102474.3380       -57.5468 20m12s/Msamples
        4404000   -102533.1496        25.9      -102475.3147       -57.8348 20m12s/Msamples
        4405000   -102543.7666        25.8      -102480.0227       -63.7438 20m12s/Msamples
        4406000   -102543.0328        25.8      -102479.5467       -63.4860 20m12s/Msamples
        4407000   -102539.7573        25.8      -102473.6675       -66.0897 20m12s/Msamples
        4408000   -102531.7610        25.7      -102471.8219       -59.9391 20m12s/Msamples
        4409000   -102536.5471        25.7      -102476.5534       -59.9936 20m12s/Msamples
        4410000   -102550.4271        25.7      -102484.6018       -65.8252 20m12s/Msamples
        4411000   -102541.9960        25.6      -102482.8112       -59.1847 20m12s/Msamples
        4412000   -102546.2745        25.6      -102482.3693       -63.9051 20m12s/Msamples
        4413000   -102549.0935        25.5      -102487.5704       -61.5231 20m12s/Msamples
        4414000   -102545.9568        25.5      -102487.1614       -58.7953 20m12s/Msamples
        4415000   -102550.7220        25.5      -102488.0132       -62.7087 20m12s/Msamples
        4416000   -102554.9636        25.4      -102485.6571       -69.3064 20m12s/Msamples
        4417000   -102544.7332        25.4      -102483.1211       -61.6120 20m12s/Msamples
        4418000   -102538.9755        25.4      -102479.5112       -59.4642 20m12s/Msamples
        4419000   -102550.5005        25.3      -102489.0461       -61.4543 20m12s/Msamples
        4420000   -102554.0368        25.3      -102484.9094       -69.1274 20m12s/Msamples
        4421000   -102546.5377        25.3      -102478.5966       -67.9411 20m12s/Msamples
        4422000   -102555.7709        25.2      -102484.6588       -71.1121 20m12s/Msamples
        4423000   -102561.9514        25.2      -102486.1427       -75.8087 20m12s/Msamples
        4424000   -102560.6156        25.2      -102488.8053       -71.8102 20m12s/Msamples
        4425000   -102560.0137        25.2      -102491.0416       -68.9720 20m12s/Msamples
        4426000   -102567.5273        25.2      -102492.0178       -75.5095 20m12s/Msamples
        4427000   -102545.6782        25.2      -102482.1328       -63.5454 20m12s/Msamples
        4428000   -102534.2702        25.1      -102477.3790       -56.8912 20m12s/Msamples
        4429000   -102545.0571        25.1      -102485.9465       -59.1106 20m12s/Msamples
        4430000   -102540.7882        25.1      -102480.4166       -60.3715 20m12s/Msamples
        4431000   -102545.2495        25.0      -102486.9069       -58.3425 20m12s/Msamples
        4432000   -102537.8906        25.0      -102475.1463       -62.7443 20m12s/Msamples
        4433000   -102539.3147        24.9      -102480.2189       -59.0957 20m12s/Msamples
        4434000   -102536.1486        24.9      -102478.3083       -57.8402 20m12s/Msamples
        4435000   -102523.6067        24.8      -102469.6411       -53.9655 20m12s/Msamples
        4436000   -102532.6106        24.8      -102475.3591       -57.2514 20m12s/Msamples
        4437000   -102530.6724        24.7      -102474.8173       -55.8550 20m12s/Msamples
        4438000   -102526.9621        24.7      -102467.2936       -59.6685 20m12s/Msamples
        4439000   -102531.6329        24.7      -102470.4740       -61.1589 20m12s/Msamples
        4440000   -102528.2431        24.6      -102466.4677       -61.7753 20m12s/Msamples
        4441000   -102532.7348        24.6      -102473.5138       -59.2210 20m12s/Msamples
        4442000   -102535.2569        24.5      -102475.5319       -59.7250 20m12s/Msamples
        4443000   -102537.3360        24.5      -102482.5688       -54.7672 20m12s/Msamples
        4444000   -102526.7603        24.4      -102476.0314       -50.7289 20m12s/Msamples
        4445000   -102530.8042        24.4      -102476.3546       -54.4495 20m12s/Msamples
        4446000   -102528.3249        24.3      -102475.0719       -53.2529 20m12s/Msamples
        4447000   -102524.3018        24.3      -102472.1089       -52.1929 20m12s/Msamples
        4448000   -102536.8982        24.2      -102483.7465       -53.1517 20m12s/Msamples
        4449000   -102555.5752        24.2      -102495.0537       -60.5215 20m12s/Msamples
        4450000   -102539.8503        24.2      -102484.4499       -55.4004 20m12s/Msamples
        4451000   -102528.2455        24.1      -102474.9402       -53.3052 20m12s/Msamples
        4452000   -102533.2993        24.1      -102476.0754       -57.2239 20m12s/Msamples
        4453000   -102540.5334        24.0      -102475.3982       -65.1351 20m12s/Msamples
        4454000   -102520.5922        24.0      -102462.7016       -57.8905 20m12s/Msamples
        4455000   -102524.9409        23.9      -102472.2681       -52.6727 20m13s/Msamples
        4456000   -102524.7256        23.9      -102472.2496       -52.4760 20m13s/Msamples
        4457000   -102538.7818        23.8      -102477.1230       -61.6588 20m13s/Msamples
        4458000   -102536.8795        23.8      -102477.5478       -59.3316 20m13s/Msamples
        4459000   -102539.6081        23.7      -102476.2951       -63.3129 20m13s/Msamples
        4460000   -102543.6163        23.7      -102485.0867       -58.5296 20m13s/Msamples
        4461000   -102558.2313        23.7      -102490.2485       -67.9828 20m12s/Msamples
        4462000   -102546.6107        23.6      -102483.5083       -63.1024 20m12s/Msamples
        4463000   -102551.6894        23.6      -102483.0703       -68.6191 20m12s/Msamples
        4464000   -102564.4454        23.6      -102490.1369       -74.3085 20m12s/Msamples
        4465000   -102555.0861        23.6      -102491.8621       -63.2239 20m12s/Msamples
        4466000   -102566.3318        23.6      -102492.4504       -73.8814 20m12s/Msamples
        4467000   -102562.9240        23.6      -102495.0975       -67.8265 20m12s/Msamples
        4468000   -102540.8776        23.5      -102483.1237       -57.7538 20m12s/Msamples
        4469000   -102551.7098        23.5      -102488.4801       -63.2296 20m12s/Msamples
        4470000   -102560.7971        23.5      -102487.6793       -73.1177 20m12s/Msamples
        4471000   -102550.7994        23.5      -102488.1720       -62.6274 20m12s/Msamples
        4472000   -102550.2958        23.5      -102481.9225       -68.3732 20m12s/Msamples
        4473000   -102555.7587        23.4      -102486.2943       -69.4643 20m12s/Msamples
        4474000   -102585.2963        23.5      -102499.0680       -86.2283 20m12s/Msamples
        4475000   -102576.7064        23.5      -102495.5599       -81.1464 20m13s/Msamples
        4476000   -102576.1100        23.5      -102497.3141       -78.7958 20m13s/Msamples
        4477000   -102566.9550        23.5      -102494.2649       -72.6900 20m13s/Msamples
        4478000   -102584.4921        23.6      -102501.4817       -83.0103 20m13s/Msamples
        4479000   -102569.1131        23.6      -102498.4180       -70.6950 20m13s/Msamples
        4480000   -102576.7894        23.6      -102498.4536       -78.3357 20m13s/Msamples
        4481000   -102573.8458        23.6      -102508.8579       -64.9879 20m13s/Msamples
        4482000   -102562.1774        23.6      -102497.9676       -64.2097 20m13s/Msamples
        4483000   -102564.7543        23.6      -102495.3229       -69.4314 20m12s/Msamples
        4484000   -102571.7917        23.6      -102495.6992       -76.0925 20m12s/Msamples
        4485000   -102588.7392        23.7      -102505.6807       -83.0585 20m12s/Msamples
        4486000   -102570.3501        23.7      -102496.6062       -73.7438 20m12s/Msamples
        4487000   -102582.4800        23.7      -102501.5929       -80.8870 20m12s/Msamples
        4488000   -102567.0825        23.7      -102494.1160       -72.9665 20m12s/Msamples
        4489000   -102564.5336        23.7      -102496.2734       -68.2602 20m12s/Msamples
        4490000   -102553.2713        23.7      -102494.0345       -59.2368 20m12s/Msamples
        4491000   -102564.5735        23.7      -102497.5659       -67.0076 20m12s/Msamples
        4492000   -102561.6241        23.7      -102493.4591       -68.1650 20m12s/Msamples
        4493000   -102562.0447        23.7      -102500.3947       -61.6499 20m12s/Msamples
        4494000   -102561.0635        23.7      -102495.0559       -66.0075 20m12s/Msamples
        4495000   -102557.9154        23.7      -102485.5795       -72.3359 20m12s/Msamples
        4496000   -102551.7826        23.6      -102487.2448       -64.5378 20m12s/Msamples
        4497000   -102554.8644        23.6      -102493.5149       -61.3495 20m12s/Msamples
        4498000   -102558.9695        23.6      -102492.7577       -66.2118 20m12s/Msamples
        4499000   -102553.4083        23.6      -102486.5442       -66.8641 20m12s/Msamples
        4500000   -102561.7301        23.6      -102488.2100       -73.5200 20m12s/Msamples
        4501000   -102562.0546        23.6      -102491.1626       -70.8920 20m12s/Msamples
        4502000   -102557.0949        23.6      -102483.8517       -73.2431 20m12s/Msamples
        4503000   -102555.8163        23.5      -102484.5252       -71.2910 20m12s/Msamples
        4504000   -102555.1786        23.5      -102485.2460       -69.9325 20m12s/Msamples
        4505000   -102556.4251        23.5      -102491.1523       -65.2727 20m12s/Msamples
        4506000   -102554.7119        23.5      -102490.9872       -63.7246 20m12s/Msamples
        4507000   -102564.9119        23.5      -102497.2689       -67.6430 20m12s/Msamples
        4508000   -102558.5350        23.5      -102493.8566       -64.6784 20m12s/Msamples
        4509000   -102557.7423        23.5      -102488.3490       -69.3932 20m12s/Msamples
        4510000   -102558.4833        23.4      -102488.5729       -69.9103 20m12s/Msamples
        4511000   -102557.1205        23.4      -102486.4606       -70.6598 20m12s/Msamples
        4512000   -102552.6565        23.4      -102479.9219       -72.7346 20m12s/Msamples
        4513000   -102546.5513        23.4      -102474.3566       -72.1946 20m12s/Msamples
        4514000   -102542.2914        23.3      -102475.7132       -66.5782 20m12s/Msamples
        4515000   -102559.2035        23.3      -102490.3091       -68.8943 20m12s/Msamples
        4516000   -102546.3868        23.3      -102478.2122       -68.1746 20m12s/Msamples
        4517000   -102541.8008        23.3      -102473.7636       -68.0371 20m12s/Msamples
        4518000   -102538.1947        23.2      -102473.8597       -64.3350 20m12s/Msamples
        4519000   -102534.6193        23.2      -102475.9125       -58.7068 20m12s/Msamples
        4520000   -102547.1359        23.2      -102476.7764       -70.3595 20m12s/Msamples
        4521000   -102552.5565        23.2      -102485.5104       -67.0461 20m12s/Msamples
        4522000   -102550.1779        23.1      -102488.5818       -61.5961 20m12s/Msamples
        4523000   -102557.7924        23.1      -102490.2159       -67.5765 20m12s/Msamples
        4524000   -102555.2218        23.1      -102486.2530       -68.9687 20m12s/Msamples
        4525000   -102563.2987        23.1      -102490.3841       -72.9146 20m12s/Msamples
        4526000   -102567.8587        23.1      -102499.7141       -68.1445 20m12s/Msamples
        4527000   -102557.7965        23.1      -102490.6091       -67.1874 20m12s/Msamples
        4528000   -102567.8207        23.1      -102497.9621       -69.8585 20m12s/Msamples
        4529000   -102573.3810        23.1      -102500.7336       -72.6474 20m12s/Msamples
        4530000   -102574.8273        23.1      -102501.3051       -73.5222 20m12s/Msamples
        4531000   -102571.5787        23.1      -102503.1277       -68.4510 20m12s/Msamples
        4532000   -102572.3768        23.2      -102504.3953       -67.9815 20m12s/Msamples
        4533000   -102569.9763        23.2      -102499.3392       -70.6370 20m12s/Msamples
        4534000   -102555.3199        23.1      -102487.6902       -67.6297 20m12s/Msamples
        4535000   -102555.9487        23.1      -102490.2007       -65.7480 20m12s/Msamples
        4536000   -102551.6215        23.1      -102491.3869       -60.2345 20m12s/Msamples
        4537000   -102556.7916        23.1      -102495.9200       -60.8715 20m12s/Msamples
        4538000   -102549.4773        23.1      -102488.9984       -60.4788 20m12s/Msamples
        4539000   -102551.9375        23.1      -102489.2564       -62.6810 20m12s/Msamples
        4540000   -102542.8887        23.0      -102481.9615       -60.9272 20m12s/Msamples
        4541000   -102560.1285        23.0      -102483.6230       -76.5055 20m12s/Msamples
        4542000   -102556.4237        23.0      -102485.1526       -71.2710 20m12s/Msamples
        4543000   -102552.6899        23.0      -102483.4698       -69.2201 20m12s/Msamples
        4544000   -102547.0108        23.0      -102482.6573       -64.3535 20m12s/Msamples
        4545000   -102565.9120        23.0      -102486.9218       -78.9901 20m12s/Msamples
        4546000   -102556.3769        23.0      -102487.5887       -68.7881 20m12s/Msamples
        4547000   -102542.7730        22.9      -102480.9380       -61.8350 20m12s/Msamples
        4548000   -102549.9916        22.9      -102483.1094       -66.8821 20m12s/Msamples
        4549000   -102550.9520        22.9      -102486.3361       -64.6158 20m12s/Msamples
        4550000   -102547.8352        22.9      -102484.3785       -63.4566 20m12s/Msamples
        4551000   -102557.3988        22.9      -102492.5045       -64.8942 20m12s/Msamples
        4552000   -102565.7263        22.9      -102498.3638       -67.3625 20m12s/Msamples
        4553000   -102566.6830        22.9      -102498.8144       -67.8685 20m12s/Msamples
        4554000   -102564.5958        22.9      -102491.5078       -73.0879 20m12s/Msamples
        4555000   -102564.7102        22.9      -102495.1441       -69.5660 20m12s/Msamples
        4556000   -102556.2212        22.8      -102488.2414       -67.9798 20m12s/Msamples
        4557000   -102558.5045        22.8      -102488.2694       -70.2351 20m12s/Msamples
        4558000   -102572.5528        22.8      -102497.2431       -75.3097 20m12s/Msamples
        4559000   -102570.7152        22.9      -102488.6776       -82.0376 20m12s/Msamples
        4560000   -102564.3448        22.9      -102488.9436       -75.4012 20m12s/Msamples
        4561000   -102558.5194        22.9      -102484.4824       -74.0370 20m12s/Msamples
        4562000   -102552.9575        22.8      -102487.9483       -65.0092 20m12s/Msamples
        4563000   -102556.6590        22.8      -102483.5548       -73.1042 20m12s/Msamples
        4564000   -102552.4304        22.8      -102480.0446       -72.3858 20m12s/Msamples
        4565000   -102560.2932        22.8      -102486.7583       -73.5349 20m12s/Msamples
        4566000   -102553.8805        22.8      -102484.0600       -69.8205 20m12s/Msamples
        4567000   -102560.9247        22.8      -102484.9332       -75.9914 20m12s/Msamples
        4568000   -102561.3788        22.8      -102486.5141       -74.8646 20m12s/Msamples
        4569000   -102559.6380        22.8      -102490.7184       -68.9195 20m12s/Msamples
        4570000   -102544.5491        22.7      -102481.3751       -63.1740 20m12s/Msamples
        4571000   -102553.0967        22.7      -102486.0805       -67.0161 20m12s/Msamples
        4572000   -102559.5406        22.7      -102488.1989       -71.3417 20m12s/Msamples
        4573000   -102562.4849        22.7      -102492.5643       -69.9206 20m12s/Msamples
        4574000   -102558.9759        22.7      -102485.7835       -73.1923 20m12s/Msamples
        4575000   -102557.8259        22.7      -102484.8952       -72.9306 20m12s/Msamples
        4576000   -102562.5650        22.7      -102483.5146       -79.0504 20m12s/Msamples
        4577000   -102565.0404        22.7      -102486.9693       -78.0710 20m12s/Msamples
        4578000   -102559.4875        22.7      -102483.3408       -76.1467 20m12s/Msamples
        4579000   -102572.4217        22.7      -102493.0430       -79.3787 20m12s/Msamples
        4580000   -102569.4798        22.7      -102489.4033       -80.0764 20m12s/Msamples
        4581000   -102562.6523        22.7      -102485.2504       -77.4018 20m12s/Msamples
        4582000   -102567.9894        22.7      -102489.9211       -78.0683 20m12s/Msamples
        4583000   -102569.0341        22.7      -102493.5990       -75.4350 20m12s/Msamples
        4584000   -102568.7955        22.7      -102489.5756       -79.2199 20m12s/Msamples
        4585000   -102567.6643        22.7      -102491.1266       -76.5377 20m12s/Msamples
        4586000   -102562.2606        22.7      -102485.9065       -76.3541 20m12s/Msamples
        4587000   -102569.7226        22.7      -102490.6914       -79.0311 20m12s/Msamples
        4588000   -102564.6505        22.7      -102492.5664       -72.0841 20m12s/Msamples
        4589000   -102559.3039        22.7      -102493.4012       -65.9027 20m12s/Msamples
        4590000   -102559.3933        22.7      -102492.2361       -67.1572 20m12s/Msamples
        4591000   -102560.2594        22.7      -102492.7948       -67.4645 20m13s/Msamples
        4592000   -102556.6360        22.7      -102493.0275       -63.6085 20m13s/Msamples
        4593000   -102555.5719        22.7      -102489.0347       -66.5372 20m13s/Msamples
        4594000   -102565.7960        22.7      -102494.0000       -71.7959 20m13s/Msamples
        4595000   -102559.3729        22.7      -102488.8385       -70.5344 20m13s/Msamples
        4596000   -102566.6245        22.7      -102489.5135       -77.1110 20m13s/Msamples
        4597000   -102566.7906        22.7      -102489.4761       -77.3145 20m13s/Msamples
        4598000   -102574.5830        22.7      -102493.7386       -80.8444 20m13s/Msamples
        4599000   -102564.5589        22.7      -102490.7501       -73.8088 20m13s/Msamples
        4600000   -102578.8016        22.7      -102495.0827       -83.7189 20m13s/Msamples
        4601000   -102572.9099        22.7      -102495.6062       -77.3037 20m13s/Msamples
        4602000   -102579.7482        22.7      -102494.9199       -84.8282 20m12s/Msamples
        4603000   -102579.1231        22.8      -102493.0481       -86.0750 20m12s/Msamples
        4604000   -102576.6352        22.8      -102487.8052       -88.8299 20m13s/Msamples
        4605000   -102577.5925        22.8      -102496.0574       -81.5351 20m13s/Msamples
        4606000   -102568.1982        22.8      -102487.5914       -80.6067 20m13s/Msamples
        4607000   -102556.3014        22.8      -102484.8308       -71.4705 20m13s/Msamples
        4608000   -102559.5653        22.8      -102486.5369       -73.0283 20m13s/Msamples
        4609000   -102555.7218        22.8      -102479.5891       -76.1326 20m13s/Msamples
        4610000   -102564.7851        22.8      -102486.9654       -77.8197 20m13s/Msamples
        4611000   -102567.2657        22.8      -102486.2301       -81.0356 20m13s/Msamples
        4612000   -102574.1226        22.8      -102491.3434       -82.7792 20m13s/Msamples
        4613000   -102568.3145        22.8      -102487.9036       -80.4109 20m13s/Msamples
        4614000   -102563.2940        22.8      -102489.0917       -74.2022 20m13s/Msamples
        4615000   -102564.4228        22.8      -102489.2816       -75.1411 20m13s/Msamples
        4616000   -102572.9891        22.8      -102493.2047       -79.7844 20m13s/Msamples
        4617000   -102574.8219        22.8      -102494.2855       -80.5364 20m13s/Msamples
        4618000   -102560.1153        22.8      -102483.0656       -77.0497 20m13s/Msamples
        4619000   -102564.1781        22.8      -102485.1903       -78.9877 20m13s/Msamples
        4620000   -102569.5168        22.8      -102486.0232       -83.4936 20m13s/Msamples
        4621000   -102567.7151        22.8      -102487.3099       -80.4051 20m13s/Msamples
        4622000   -102590.8415        22.9      -102502.7671       -88.0743 20m12s/Msamples
        4623000   -102558.2283        22.9      -102480.3028       -77.9255 20m12s/Msamples
        4624000   -102564.9880        22.9      -102482.9442       -82.0437 20m12s/Msamples
        4625000   -102563.1229        22.9      -102483.6874       -79.4355 20m12s/Msamples
        4626000   -102561.1328        22.9      -102479.6514       -81.4813 20m12s/Msamples
        4627000   -102557.8891        22.9      -102473.0836       -84.8055 20m12s/Msamples
        4628000   -102571.4772        22.9      -102482.4252       -89.0519 20m12s/Msamples
        4629000   -102564.7819        22.9      -102484.9169       -79.8650 20m12s/Msamples
        4630000   -102560.1895        22.9      -102478.6805       -81.5090 20m12s/Msamples
        4631000   -102565.0651        22.9      -102481.8348       -83.2303 20m12s/Msamples
        4632000   -102556.7498        22.9      -102479.6681       -77.0816 20m12s/Msamples
        4633000   -102550.0285        22.9      -102471.4738       -78.5546 20m12s/Msamples
        4634000   -102562.7147        22.9      -102479.4130       -83.3017 20m12s/Msamples
        4635000   -102572.9264        22.9      -102484.2017       -88.7246 20m12s/Msamples
        4636000   -102563.8101        22.9      -102480.8438       -82.9662 20m12s/Msamples
        4637000   -102569.0893        22.9      -102484.4934       -84.5958 20m12s/Msamples
        4638000   -102573.7520        22.9      -102492.1487       -81.6032 20m12s/Msamples
        4639000   -102571.3953        22.9      -102480.4746       -90.9206 20m12s/Msamples
        4640000   -102567.8700        22.9      -102481.3213       -86.5486 20m12s/Msamples
        4641000   -102561.3821        22.9      -102474.9562       -86.4258 20m12s/Msamples
        4642000   -102544.5444        22.9      -102468.4211       -76.1232 20m12s/Msamples
        4643000   -102549.1472        22.9      -102473.6151       -75.5321 20m12s/Msamples
        4644000   -102559.8597        22.9      -102482.7976       -77.0620 20m12s/Msamples
        4645000   -102559.7759        22.9      -102482.3482       -77.4277 20m12s/Msamples
        4646000   -102561.8553        22.9      -102488.6621       -73.1932 20m12s/Msamples
        4647000   -102551.3390        22.9      -102476.3149       -75.0241 20m12s/Msamples
        4648000   -102552.6344        22.9      -102479.8885       -72.7458 20m12s/Msamples
        4649000   -102558.1746        22.9      -102481.5871       -76.5875 20m12s/Msamples
        4650000   -102553.7460        22.8      -102479.3462       -74.3997 20m12s/Msamples
        4651000   -102564.3024        22.8      -102488.0656       -76.2367 20m12s/Msamples
        4652000   -102552.7059        22.8      -102479.6042       -73.1016 20m12s/Msamples
        4653000   -102546.7449        22.8      -102474.6306       -72.1143 20m12s/Msamples
        4654000   -102551.4257        22.5      -102481.9780       -69.4476 20m12s/Msamples
        4655000   -102559.0560        22.5      -102488.8552       -70.2008 20m12s/Msamples
        4656000   -102562.9777        22.5      -102487.3720       -75.6056 20m12s/Msamples
        4657000   -102561.0832        22.5      -102484.4870       -76.5962 20m12s/Msamples
        4658000   -102558.9674        22.5      -102487.3649       -71.6025 20m12s/Msamples
        4659000   -102562.8888        22.5      -102481.4477       -81.4411 20m12s/Msamples
        4660000   -102557.4671        22.5      -102483.9641       -73.5029 20m12s/Msamples
        4661000   -102569.2177        22.5      -102491.9876       -77.2300 20m12s/Msamples
        4662000   -102552.0477        22.5      -102478.8289       -73.2187 20m12s/Msamples
        4663000   -102548.1981        22.4      -102478.7215       -69.4766 20m12s/Msamples
        4664000   -102547.6587        22.4      -102479.9520       -67.7066 20m12s/Msamples
        4665000   -102552.2602        22.4      -102480.9851       -71.2750 20m12s/Msamples
        4666000   -102554.9120        22.4      -102485.9879       -68.9240 20m12s/Msamples
        4667000   -102560.8496        22.4      -102493.5822       -67.2673 20m12s/Msamples
        4668000   -102540.8382        22.3      -102478.8312       -62.0069 20m12s/Msamples
        4669000   -102541.3063        22.3      -102479.9912       -61.3151 20m12s/Msamples
        4670000   -102549.8410        22.3      -102491.8973       -57.9437 20m12s/Msamples
        4671000   -102552.4663        22.3      -102483.7665       -68.6998 20m12s/Msamples
        4672000   -102559.0243        22.3      -102490.6988       -68.3255 20m12s/Msamples
        4673000   -102549.1738        22.3      -102481.8848       -67.2889 20m12s/Msamples
        4674000   -102539.5311        22.2      -102479.5078       -60.0232 20m12s/Msamples
        4675000   -102543.5669        22.2      -102479.1422       -64.4246 20m12s/Msamples
        4676000   -102549.2835        22.2      -102487.0882       -62.1953 20m12s/Msamples
        4677000   -102551.0494        22.2      -102483.6708       -67.3785 20m12s/Msamples
        4678000   -102548.6102        22.2      -102477.0314       -71.5788 20m12s/Msamples
        4679000   -102558.7987        22.2      -102489.6504       -69.1482 20m13s/Msamples
        4680000   -102574.6474        22.2      -102496.1358       -78.5116 20m13s/Msamples
        4681000   -102562.5308        22.2      -102493.5218       -69.0090 20m13s/Msamples
        4682000   -102551.2736        22.2      -102482.8858       -68.3878 20m12s/Msamples
        4683000   -102558.1705        22.2      -102488.8793       -69.2912 20m12s/Msamples
        4684000   -102551.7012        22.1      -102482.4613       -69.2398 20m13s/Msamples
        4685000   -102558.3910        22.1      -102486.4977       -71.8933 20m13s/Msamples
        4686000   -102556.1737        22.1      -102484.0143       -72.1593 20m13s/Msamples
        4687000   -102548.3532        22.1      -102478.0624       -70.2907 20m12s/Msamples
        4688000   -102555.1392        22.1      -102484.5630       -70.5761 20m12s/Msamples
        4689000   -102561.4412        22.1      -102485.2478       -76.1934 20m13s/Msamples
        4690000   -102565.1802        22.1      -102486.2528       -78.9274 20m13s/Msamples
        4691000   -102563.1400        22.1      -102483.4007       -79.7393 20m13s/Msamples
        4692000   -102546.3435        22.1      -102479.4045       -66.9390 20m13s/Msamples
        4693000   -102554.1287        22.1      -102482.5730       -71.5556 20m13s/Msamples
        4694000   -102551.8273        22.0      -102481.1927       -70.6345 20m13s/Msamples
        4695000   -102560.4842        22.0      -102488.5642       -71.9200 20m13s/Msamples
        4696000   -102554.4345        22.0      -102484.7446       -69.6898 20m13s/Msamples
        4697000   -102555.2108        22.0      -102485.6568       -69.5539 20m13s/Msamples
        4698000   -102571.7601        22.0      -102500.4694       -71.2906 20m13s/Msamples
        4699000   -102556.0567        22.0      -102484.5862       -71.4705 20m13s/Msamples
        4700000   -102566.3324        22.0      -102495.4773       -70.8550 20m13s/Msamples
        4701000   -102551.1972        22.0      -102488.7029       -62.4942 20m12s/Msamples
        4702000   -102570.3836        22.0      -102498.8913       -71.4923 20m12s/Msamples
        4703000   -102569.1338        22.0      -102493.4033       -75.7305 20m12s/Msamples
        4704000   -102574.6220        22.0      -102496.8060       -77.8160 20m12s/Msamples
        4705000   -102578.8168        22.0      -102495.3683       -83.4485 20m12s/Msamples
        4706000   -102571.8675        22.1      -102493.1258       -78.7417 20m12s/Msamples
        4707000   -102572.3796        22.1      -102500.6208       -71.7588 20m12s/Msamples
        4708000   -102576.6128        22.1      -102500.4641       -76.1487 20m12s/Msamples
        4709000   -102558.5126        22.1      -102481.4349       -77.0776 20m12s/Msamples
        4710000   -102565.2679        22.1      -102484.3586       -80.9092 20m12s/Msamples
        4711000   -102563.2529        22.1      -102482.4405       -80.8123 20m12s/Msamples
        4712000   -102560.1880        22.1      -102481.4097       -78.7783 20m12s/Msamples
        4713000   -102567.0420        22.1      -102483.1723       -83.8696 20m12s/Msamples
        4714000   -102568.9124        22.1      -102483.8885       -85.0238 20m12s/Msamples
        4715000   -102558.6120        22.1      -102483.1203       -75.4916 20m12s/Msamples
        4716000   -102562.5703        22.1      -102489.2233       -73.3470 20m12s/Msamples
        4717000   -102555.7821        22.1      -102482.2364       -73.5457 20m12s/Msamples
        4718000   -102561.8509        22.1      -102485.0902       -76.7606 20m12s/Msamples
        4719000   -102544.3058        22.1      -102478.8450       -65.4607 20m12s/Msamples
        4720000   -102550.7217        22.0      -102489.6422       -61.0795 20m12s/Msamples
        4721000   -102541.4662        22.0      -102483.6267       -57.8395 20m12s/Msamples
        4722000   -102543.3885        22.0      -102483.0110       -60.3774 20m12s/Msamples
        4723000   -102537.7492        22.0      -102477.1339       -60.6153 20m12s/Msamples
        4724000   -102541.2577        22.0      -102477.1365       -64.1211 20m12s/Msamples
        4725000   -102549.0819        21.9      -102482.7331       -66.3488 20m12s/Msamples
        4726000   -102553.7292        21.9      -102480.2366       -73.4925 20m12s/Msamples
        4727000   -102551.1200        21.9      -102477.0834       -74.0365 20m12s/Msamples
        4728000   -102546.8920        21.9      -102476.1574       -70.7345 20m12s/Msamples
        4729000   -102546.2650        21.9      -102479.0394       -67.2255 20m12s/Msamples
        4730000   -102549.6301        21.9      -102477.0693       -72.5608 20m12s/Msamples
        4731000   -102554.6818        21.9      -102479.5086       -75.1732 20m12s/Msamples
        4732000   -102562.0012        21.9      -102481.0212       -80.9799 20m12s/Msamples
        4733000   -102556.6996        21.9      -102480.1449       -76.5547 20m12s/Msamples
        4734000   -102555.5123        21.8      -102477.8793       -77.6329 20m12s/Msamples
        4735000   -102561.4317        21.8      -102483.0622       -78.3694 20m12s/Msamples
        4736000   -102559.4012        21.8      -102485.0187       -74.3825 20m12s/Msamples
        4737000   -102563.5589        21.8      -102489.9826       -73.5763 20m12s/Msamples
        4738000   -102547.4782        21.8      -102478.4029       -69.0753 20m12s/Msamples
        4739000   -102543.0876        21.8      -102480.1201       -62.9674 20m12s/Msamples
        4740000   -102552.2084        21.7      -102480.9934       -71.2149 20m12s/Msamples
        4741000   -102557.6200        21.7      -102490.5098       -67.1102 20m12s/Msamples
        4742000   -102544.4061        21.7      -102479.2335       -65.1725 20m12s/Msamples
        4743000   -102554.1820        21.7      -102480.3335       -73.8484 20m12s/Msamples
        4744000   -102551.5112        21.7      -102482.4508       -69.0604 20m12s/Msamples
        4745000   -102552.6495        21.7      -102477.9535       -74.6960 20m12s/Msamples
        4746000   -102557.8699        21.7      -102478.4209       -79.4490 20m12s/Msamples
        4747000   -102581.9226        21.7      -102499.5224       -82.4001 20m12s/Msamples
        4748000   -102568.9376        21.7      -102489.3818       -79.5557 20m12s/Msamples
        4749000   -102581.7856        21.7      -102494.7030       -87.0826 20m12s/Msamples
        4750000   -102571.0555        21.7      -102489.5879       -81.4675 20m12s/Msamples
        4751000   -102558.6074        21.7      -102479.8280       -78.7793 20m12s/Msamples
        4752000   -102563.0829        21.7      -102484.2798       -78.8030 20m12s/Msamples
        4753000   -102562.9056        21.7      -102482.9240       -79.9816 20m12s/Msamples
        4754000   -102558.8852        21.7      -102485.0684       -73.8168 20m12s/Msamples
        4755000   -102549.1554        21.7      -102483.0767       -66.0787 20m12s/Msamples
        4756000   -102552.0762        21.7      -102478.8520       -73.2242 20m12s/Msamples
        4757000   -102567.0307        21.7      -102486.0896       -80.9410 20m12s/Msamples
        4758000   -102568.7635        21.7      -102486.0938       -82.6696 20m12s/Msamples
        4759000   -102552.0570        21.7      -102476.0114       -76.0455 20m12s/Msamples
        4760000   -102548.2049        21.7      -102478.5704       -69.6345 20m12s/Msamples
        4761000   -102549.0215        21.6      -102481.2170       -67.8044 20m12s/Msamples
        4762000   -102550.7341        21.6      -102470.5495       -80.1845 20m12s/Msamples
        4763000   -102555.8352        21.6      -102477.9693       -77.8659 20m12s/Msamples
        4764000   -102551.4096        21.6      -102478.9818       -72.4277 20m12s/Msamples
        4765000   -102551.5511        21.6      -102477.8067       -73.7444 20m12s/Msamples
        4766000   -102564.2920        21.6      -102478.4119       -85.8800 20m12s/Msamples
        4767000   -102560.3444        21.6      -102478.1583       -82.1860 20m12s/Msamples
        4768000   -102563.0622        21.6      -102481.9172       -81.1449 20m12s/Msamples
        4769000   -102579.3190        21.6      -102487.2138       -92.1052 20m12s/Msamples
        4770000   -102568.0289        21.6      -102485.8758       -82.1531 20m12s/Msamples
        4771000   -102558.8526        21.6      -102478.0336       -80.8190 20m12s/Msamples
        4772000   -102561.4627        21.6      -102483.6803       -77.7824 20m12s/Msamples
        4773000   -102551.8550        21.6      -102479.4811       -72.3739 20m12s/Msamples
        4774000   -102547.6574        21.6      -102472.3425       -75.3148 20m12s/Msamples
        4775000   -102553.9461        21.6      -102477.7329       -76.2132 20m12s/Msamples
        4776000   -102564.4637        21.6      -102484.0695       -80.3941 20m12s/Msamples
        4777000   -102559.2142        21.6      -102481.8173       -77.3968 20m12s/Msamples
        4778000   -102554.0123        21.5      -102475.8009       -78.2114 20m12s/Msamples
        4779000   -102561.6023        21.6      -102480.7464       -80.8558 20m12s/Msamples
        4780000   -102576.3500        21.6      -102491.8441       -84.5059 20m12s/Msamples
        4781000   -102574.9770        21.6      -102494.9523       -80.0246 20m12s/Msamples
        4782000   -102571.7655        21.6      -102492.6979       -79.0676 20m12s/Msamples
        4783000   -102557.9825        21.6      -102488.6278       -69.3546 20m12s/Msamples
        4784000   -102557.2941        21.6      -102484.1569       -73.1371 20m12s/Msamples
        4785000   -102553.5853        21.6      -102478.4273       -75.1579 20m12s/Msamples
        4786000   -102553.5393        21.6      -102478.3822       -75.1571 20m12s/Msamples
        4787000   -102551.9773        21.5      -102475.2756       -76.7016 20m12s/Msamples
        4788000   -102553.1512        21.5      -102481.7452       -71.4060 20m12s/Msamples
        4789000   -102553.1549        21.5      -102480.9243       -72.2306 20m12s/Msamples
        4790000   -102557.7050        21.5      -102479.1888       -78.5162 20m12s/Msamples
        4791000   -102556.0128        21.5      -102479.6410       -76.3718 20m12s/Msamples
        4792000   -102550.8233        21.5      -102477.3214       -73.5018 20m12s/Msamples
        4793000   -102545.7899        21.5      -102474.2587       -71.5312 20m12s/Msamples
        4794000   -102561.5455        21.5      -102488.7835       -72.7620 20m12s/Msamples
        4795000   -102567.4054        21.5      -102494.1788       -73.2266 20m12s/Msamples
        4796000   -102551.3719        21.5      -102477.8731       -73.4987 20m12s/Msamples
        4797000   -102569.8055        21.5      -102491.2373       -78.5682 20m12s/Msamples
        4798000   -102571.9314        21.5      -102492.8035       -79.1279 20m12s/Msamples
        4799000   -102571.9453        21.5      -102490.7442       -81.2010 20m12s/Msamples
        4800000   -102566.1378        21.5      -102490.3437       -75.7940 20m12s/Msamples
        4801000   -102561.8560        21.5      -102487.2450       -74.6110 20m12s/Msamples
        4802000   -102563.7607        21.5      -102487.1573       -76.6034 20m12s/Msamples
        4803000   -102555.4058        21.5      -102479.5655       -75.8403 20m12s/Msamples
        4804000   -102553.8121        21.5      -102486.2357       -67.5764 20m12s/Msamples
        4805000   -102568.8109        21.5      -102489.3803       -79.4306 20m12s/Msamples
        4806000   -102558.4494        21.5      -102485.1429       -73.3064 20m12s/Msamples
        4807000   -102549.6678        21.5      -102486.8015       -62.8663 20m12s/Msamples
        4808000   -102542.4381        21.5      -102480.3003       -62.1377 20m12s/Msamples
        4809000   -102542.8112        21.5      -102479.5427       -63.2685 20m12s/Msamples
        4810000   -102541.7437        21.5      -102478.5104       -63.2333 20m12s/Msamples
        4811000   -102534.0776        21.4      -102472.9747       -61.1028 20m12s/Msamples
        4812000   -102533.6449        21.4      -102474.6635       -58.9813 20m12s/Msamples
        4813000   -102542.9228        21.4      -102480.6895       -62.2333 20m12s/Msamples
        4814000   -102546.5364        21.4      -102482.6007       -63.9357 20m12s/Msamples
        4815000   -102541.7457        21.4      -102480.1370       -61.6086 20m12s/Msamples
        4816000   -102540.3290        21.4      -102479.1639       -61.1650 20m12s/Msamples
        4817000   -102551.1171        21.4      -102487.2178       -63.8993 20m12s/Msamples
        4818000   -102542.5258        21.3      -102479.7386       -62.7872 20m12s/Msamples
        4819000   -102549.8611        21.3      -102486.0045       -63.8566 20m12s/Msamples
        4820000   -102537.8958        21.3      -102474.6239       -63.2718 20m12s/Msamples
        4821000   -102549.4943        21.3      -102480.0679       -69.4264 20m12s/Msamples
        4822000   -102543.0479        21.3      -102478.8930       -64.1549 20m12s/Msamples
        4823000   -102547.7084        21.3      -102481.1357       -66.5727 20m12s/Msamples
        4824000   -102545.5064        21.3      -102476.8133       -68.6930 20m12s/Msamples
        4825000   -102538.8254        21.3      -102481.8869       -56.9384 20m12s/Msamples
        4826000   -102546.4594        21.2      -102481.5035       -64.9558 20m12s/Msamples
        4827000   -102541.1336        21.2      -102477.2138       -63.9198 20m12s/Msamples
        4828000   -102555.1630        21.2      -102485.9157       -69.2473 20m12s/Msamples
        4829000   -102558.5247        21.2      -102488.8676       -69.6570 20m12s/Msamples
        4830000   -102549.3863        21.2      -102484.4716       -64.9147 20m12s/Msamples
        4831000   -102555.6920        21.2      -102488.9272       -66.7648 20m12s/Msamples
        4832000   -102554.1983        21.2      -102484.8631       -69.3352 20m12s/Msamples
        4833000   -102556.4921        21.2      -102492.9234       -63.5686 20m12s/Msamples
        4834000   -102564.1238        21.2      -102499.8771       -64.2466 20m12s/Msamples
        4835000   -102562.2888        21.2      -102497.6935       -64.5952 20m12s/Msamples
        4836000   -102559.3669        21.2      -102495.5084       -63.8585 20m12s/Msamples
        4837000   -102546.2689        21.2      -102488.8138       -57.4551 20m12s/Msamples
        4838000   -102554.4909        21.2      -102488.1907       -66.3002 20m12s/Msamples
        4839000   -102553.5611        21.2      -102485.9381       -67.6230 20m12s/Msamples
        4840000   -102555.8492        21.1      -102493.5039       -62.3453 20m12s/Msamples
        4841000   -102552.5067        21.1      -102490.4523       -62.0544 20m12s/Msamples
        4842000   -102549.9850        21.1      -102489.7388       -60.2461 20m12s/Msamples
        4843000   -102557.2467        21.1      -102492.5636       -64.6830 20m12s/Msamples
        4844000   -102548.6833        21.0      -102487.1302       -61.5530 20m12s/Msamples
        4845000   -102552.7948        21.0      -102487.8793       -64.9155 20m12s/Msamples
        4846000   -102550.4104        21.0      -102482.3555       -68.0549 20m12s/Msamples
        4847000   -102544.8776        21.0      -102485.8812       -58.9963 20m12s/Msamples
        4848000   -102548.2001        21.0      -102485.3782       -62.8219 20m12s/Msamples
        4849000   -102558.0462        21.0      -102491.8512       -66.1949 20m12s/Msamples
        4850000   -102561.8545        21.0      -102496.4312       -65.4232 20m12s/Msamples
        4851000   -102551.2666        21.0      -102488.2396       -63.0270 20m12s/Msamples
        4852000   -102557.0503        21.0      -102492.7267       -64.3236 20m12s/Msamples
        4853000   -102553.8572        21.0      -102494.3843       -59.4729 20m12s/Msamples
        4854000   -102535.8037        20.9      -102478.9162       -56.8874 20m12s/Msamples
        4855000   -102534.2359        20.9      -102480.6815       -53.5544 20m12s/Msamples
        4856000   -102540.8190        20.9      -102482.1438       -58.6751 20m12s/Msamples
        4857000   -102534.1756        20.9      -102479.7471       -54.4284 20m12s/Msamples
        4858000   -102547.8421        20.9      -102484.4264       -63.4157 20m12s/Msamples
        4859000   -102530.2025        20.9      -102474.5120       -55.6905 20m12s/Msamples
        4860000   -102531.8983        20.8      -102476.3762       -55.5221 20m12s/Msamples
        4861000   -102524.6761        20.8      -102479.5761       -45.1000 20m12s/Msamples
        4862000   -102540.1581        20.8      -102492.2717       -47.8864 20m12s/Msamples
        4863000   -102532.9094        20.8      -102481.0379       -51.8714 20m12s/Msamples
        4864000   -102550.9118        20.8      -102497.7305       -53.1812 20m12s/Msamples
        4865000   -102543.2173        20.8      -102492.2859       -50.9314 20m12s/Msamples
        4866000   -102538.8547        20.7      -102486.7952       -52.0594 20m12s/Msamples
        4867000   -102548.3377        20.7      -102494.9379       -53.3997 20m12s/Msamples
        4868000   -102545.2314        20.7      -102493.9025       -51.3289 20m12s/Msamples
        4869000   -102547.5470        20.7      -102488.0799       -59.4671 20m12s/Msamples
        4870000   -102562.4443        20.7      -102496.2306       -66.2137 20m12s/Msamples
        4871000   -102557.9586        20.7      -102492.9741       -64.9844 20m12s/Msamples
        4872000   -102547.8150        20.7      -102488.3783       -59.4367 20m12s/Msamples
        4873000   -102554.5635        20.7      -102488.1525       -66.4110 20m12s/Msamples
        4874000   -102563.0141        20.7      -102493.2235       -69.7906 20m12s/Msamples
        4875000   -102566.3586        20.7      -102492.2402       -74.1184 20m12s/Msamples
        4876000   -102559.4144        20.7      -102490.1123       -69.3020 20m12s/Msamples
        4877000   -102544.9721        20.6      -102481.8484       -63.1236 20m12s/Msamples
        4878000   -102551.7775        20.6      -102487.6363       -64.1412 20m12s/Msamples
        4879000   -102540.8649        20.6      -102484.0504       -56.8144 20m12s/Msamples
        4880000   -102538.1938        20.6      -102483.4130       -54.7808 20m12s/Msamples
        4881000   -102539.8084        20.6      -102488.2530       -51.5554 20m12s/Msamples
        4882000   -102549.4341        20.6      -102488.6244       -60.8096 20m12s/Msamples
        4883000   -102554.5078        20.6      -102488.7521       -65.7556 20m12s/Msamples
        4884000   -102543.6909        20.6      -102482.4567       -61.2341 20m12s/Msamples
        4885000   -102538.7642        20.5      -102477.2823       -61.4818 20m12s/Msamples
        4886000   -102552.3823        20.5      -102493.6793       -58.7030 20m12s/Msamples
        4887000   -102547.8341        20.5      -102490.1539       -57.6802 20m12s/Msamples
        4888000   -102547.5977        20.5      -102490.0497       -57.5479 20m12s/Msamples
        4889000   -102537.3424        20.5      -102487.2719       -50.0705 20m12s/Msamples
        4890000   -102542.5348        20.5      -102486.2224       -56.3124 20m12s/Msamples
        4891000   -102548.8863        20.5      -102489.5661       -59.3202 20m12s/Msamples
        4892000   -102544.9747        20.4      -102481.7862       -63.1885 20m12s/Msamples
        4893000   -102536.3456        20.4      -102486.7385       -49.6071 20m12s/Msamples
        4894000   -102539.7105        20.4      -102481.2399       -58.4706 20m12s/Msamples
        4895000   -102543.3101        20.4      -102484.2542       -59.0558 20m12s/Msamples
        4896000   -102538.2439        20.4      -102482.0161       -56.2278 20m12s/Msamples
        4897000   -102538.6547        20.3      -102479.1371       -59.5175 20m12s/Msamples
        4898000   -102538.7587        20.3      -102481.0910       -57.6677 20m12s/Msamples
        4899000   -102532.6047        20.3      -102477.1090       -55.4956 20m12s/Msamples
        4900000   -102551.2468        20.3      -102485.3353       -65.9114 20m12s/Msamples
        4901000   -102543.7665        20.3      -102488.5161       -55.2504 20m12s/Msamples
        4902000   -102533.3505        20.3      -102480.9784       -52.3720 20m12s/Msamples
        4903000   -102532.7492        20.3      -102477.0707       -55.6785 20m12s/Msamples
        4904000   -102544.1516        20.2      -102486.3176       -57.8339 20m12s/Msamples
        4905000   -102539.1844        20.2      -102480.9981       -58.1863 20m12s/Msamples
        4906000   -102548.7857        20.2      -102484.7358       -64.0499 20m12s/Msamples
        4907000   -102549.8597        20.2      -102483.5923       -66.2674 20m12s/Msamples
        4908000   -102546.9489        20.2      -102481.4989       -65.4499 20m12s/Msamples
        4909000   -102547.7535        20.2      -102476.5348       -71.2187 20m12s/Msamples
        4910000   -102534.1074        20.1      -102473.7661       -60.3413 20m12s/Msamples
        4911000   -102534.7148        20.1      -102477.5313       -57.1835 20m12s/Msamples
        4912000   -102543.7897        20.1      -102480.6806       -63.1091 20m12s/Msamples
        4913000   -102530.4587        20.1      -102472.4687       -57.9900 20m12s/Msamples
        4914000   -102513.1977        20.1      -102464.1878       -49.0098 20m12s/Msamples
        4915000   -102524.9851        20.0      -102475.7614       -49.2237 20m12s/Msamples
        4916000   -102530.4099        20.0      -102478.9781       -51.4318 20m12s/Msamples
        4917000   -102527.1990        20.0      -102474.1233       -53.0756 20m12s/Msamples
        4918000   -102530.2316        20.0      -102477.8657       -52.3658 20m12s/Msamples
        4919000   -102537.0436        20.0      -102477.2433       -59.8003 20m12s/Msamples
        4920000   -102536.7865        19.9      -102480.1440       -56.6424 20m12s/Msamples
        4921000   -102526.8904        19.9      -102475.8286       -51.0617 20m12s/Msamples
        4922000   -102533.2888        19.9      -102481.7315       -51.5573 20m12s/Msamples
        4923000   -102545.7915        19.9      -102483.8001       -61.9913 20m12s/Msamples
        4924000   -102543.4213        19.9      -102485.6827       -57.7386 20m12s/Msamples
        4925000   -102541.5099        19.9      -102483.7093       -57.8005 20m12s/Msamples
        4926000   -102540.6345        19.8      -102490.7935       -49.8409 20m12s/Msamples
        4927000   -102537.5746        19.8      -102484.8826       -52.6919 20m12s/Msamples
        4928000   -102547.2873        19.8      -102490.0247       -57.2625 20m12s/Msamples
        4929000   -102550.5802        19.8      -102489.0863       -61.4938 20m12s/Msamples
        4930000   -102559.8583        19.8      -102492.9094       -66.9489 20m12s/Msamples
        4931000   -102574.6931        19.8      -102507.7062       -66.9869 20m12s/Msamples
        4932000   -102567.0356        19.8      -102505.3677       -61.6679 20m12s/Msamples
        4933000   -102543.2096        19.8      -102485.3870       -57.8225 20m12s/Msamples
        4934000   -102542.0648        19.8      -102489.6674       -52.3973 20m12s/Msamples
        4935000   -102548.3871        19.8      -102491.1045       -57.2826 20m12s/Msamples
        4936000   -102543.9568        19.7      -102487.6244       -56.3323 20m12s/Msamples
        4937000   -102555.0541        19.7      -102491.2567       -63.7973 20m12s/Msamples
        4938000   -102545.2918        19.7      -102484.2364       -61.0554 20m12s/Msamples
        4939000   -102540.3809        19.7      -102482.2675       -58.1134 20m12s/Msamples
        4940000   -102527.9643        19.7      -102476.3787       -51.5855 20m12s/Msamples
        4941000   -102543.9395        19.7      -102488.2158       -55.7237 20m12s/Msamples
        4942000   -102539.5596        19.7      -102487.6877       -51.8719 20m12s/Msamples
        4943000   -102544.4405        19.6      -102493.1189       -51.3215 20m12s/Msamples
        4944000   -102542.7570        19.6      -102492.7711       -49.9858 20m12s/Msamples
        4945000   -102536.0579        17.5      -102486.4551       -49.6028 20m12s/Msamples
        4946000   -102519.3924        17.5      -102480.5415       -38.8509 20m12s/Msamples
        4947000   -102524.3900        17.4      -102479.8301       -44.5598 20m12s/Msamples
        4948000   -102531.0832        17.4      -102484.3964       -46.6868 20m12s/Msamples
        4949000   -102537.1415        17.3      -102488.6601       -48.4813 20m12s/Msamples
        4950000   -102535.2296        17.3      -102488.8851       -46.3445 20m12s/Msamples
        4951000   -102541.0379        17.2      -102488.3981       -52.6398 20m12s/Msamples
        4952000   -102546.4008        17.2      -102488.4209       -57.9798 20m12s/Msamples
        4953000   -102549.6706        17.2      -102489.6207       -60.0498 20m12s/Msamples
        4954000   -102551.3554        17.2      -102496.4868       -54.8685 20m12s/Msamples
        4955000   -102543.6843        17.1      -102487.5470       -56.1372 20m12s/Msamples
        4956000   -102544.1098        17.1      -102490.8622       -53.2475 20m12s/Msamples
        4957000   -102550.9535        17.1      -102492.6307       -58.3227 20m12s/Msamples
        4958000   -102567.0010        17.1      -102501.2049       -65.7960 20m12s/Msamples
        4959000   -102564.5704        17.1      -102502.2636       -62.3067 20m12s/Msamples
        4960000   -102551.1500        17.1      -102497.1945       -53.9555 20m12s/Msamples
        4961000   -102533.4605        17.0      -102491.2866       -42.1739 20m12s/Msamples
        4962000   -102533.6360        17.0      -102488.3435       -45.2924 20m12s/Msamples
        4963000   -102531.5269        16.9      -102482.4059       -49.1209 20m12s/Msamples
        4964000   -102540.1182        16.9      -102488.1699       -51.9482 20m12s/Msamples
        4965000   -102544.9740        16.9      -102489.5700       -55.4039 20m12s/Msamples
        4966000   -102553.4425        16.8      -102495.5492       -57.8932 20m12s/Msamples
        4967000   -102544.8815        16.8      -102491.5529       -53.3285 20m12s/Msamples
        4968000   -102533.8648        16.8      -102484.4786       -49.3861 20m12s/Msamples
        4969000   -102519.4241        16.7      -102483.3306       -36.0935 20m12s/Msamples
        4970000   -102520.4167        16.7      -102478.3860       -42.0307 20m12s/Msamples
        4971000   -102526.6388        16.6      -102483.0525       -43.5863 20m12s/Msamples
        4972000   -102524.5155        16.6      -102476.8071       -47.7084 20m12s/Msamples
        4973000   -102535.2213        16.5      -102485.3537       -49.8675 20m12s/Msamples
        4974000   -102521.0020        16.5      -102476.4749       -44.5270 20m12s/Msamples
        4975000   -102531.1498        16.4      -102476.6175       -54.5322 20m12s/Msamples
        4976000   -102536.8800        16.4      -102482.5881       -54.2918 20m12s/Msamples
        4977000   -102531.2340        16.4      -102481.8980       -49.3360 20m12s/Msamples
        4978000   -102533.3800        16.3      -102482.2472       -51.1327 20m12s/Msamples
        4979000   -102522.3353        16.3      -102473.6776       -48.6577 20m12s/Msamples
        4980000   -102531.4235        16.2      -102483.2174       -48.2060 20m12s/Msamples
        4981000   -102534.0284        16.2      -102486.8994       -47.1289 20m12s/Msamples
        4982000   -102539.5172        16.2      -102485.6955       -53.8216 20m12s/Msamples
        4983000   -102532.3807        16.1      -102482.8311       -49.5496 20m12s/Msamples
        4984000   -102537.9137        16.1      -102477.0466       -60.8670 20m12s/Msamples
        4985000   -102544.6209        16.0      -102485.7250       -58.8959 20m12s/Msamples
        4986000   -102539.8287        16.0      -102483.5965       -56.2321 20m12s/Msamples
        4987000   -102532.6473        16.0      -102478.5366       -54.1106 20m12s/Msamples
        4988000   -102535.1324        15.9      -102485.2648       -49.8676 20m12s/Msamples
        4989000   -102533.6926        15.9      -102482.7956       -50.8970 20m12s/Msamples
        4990000   -102541.1732        15.9      -102486.8769       -54.2962 20m12s/Msamples
        4991000   -102556.2495        15.9      -102483.8678       -72.3816 20m12s/Msamples
        4992000   -102538.4099        15.8      -102480.7500       -57.6598 20m12s/Msamples
        4993000   -102550.1252        15.8      -102488.6815       -61.4437 20m12s/Msamples
        4994000   -102553.7779        15.8      -102492.1748       -61.6031 20m12s/Msamples
        4995000   -102537.2215        15.7      -102487.3503       -49.8712 20m12s/Msamples
        4996000   -102532.7000        15.7      -102479.6010       -53.0990 20m12s/Msamples
        4997000   -102531.3625        15.7      -102481.8763       -49.4862 20m12s/Msamples
        4998000   -102538.5212        15.6      -102487.7087       -50.8125 20m12s/Msamples
        4999000   -102554.7663        15.6      -102495.9408       -58.8254 20m12s/Msamples
        5000000   -102541.6596        15.6      -102480.6934       -60.9662 20m12s/Msamples
        5001000   -102554.9327        15.6      -102485.5897       -69.3430 20m12s/Msamples
        5002000   -102557.1465        15.6      -102487.6566       -69.4898 20m12s/Msamples
        5003000   -102550.1825        15.5      -102484.6298       -65.5526 20m12s/Msamples
        5004000   -102540.5246        15.5      -102483.7301       -56.7945 20m12s/Msamples
        5005000   -102552.6371        15.5      -102492.4211       -60.2159 20m12s/Msamples
        5006000   -102546.2770        15.5      -102488.7303       -57.5467 20m12s/Msamples
        5007000   -102543.3038        15.5      -102480.2090       -63.0947 20m12s/Msamples
        5008000   -102560.0190        15.4      -102491.4927       -68.5262 20m12s/Msamples
        5009000   -102548.9288        15.4      -102477.8318       -71.0970 20m12s/Msamples
        5010000   -102542.4886        15.4      -102479.7415       -62.7470 20m12s/Msamples
        5011000   -102548.6423        15.4      -102486.9043       -61.7380 20m12s/Msamples
        5012000   -102552.7352        15.4      -102488.8343       -63.9008 20m12s/Msamples
        5013000   -102553.1856        15.3      -102484.1617       -69.0239 20m12s/Msamples
        5014000   -102563.4832        15.3      -102487.6111       -75.8720 20m12s/Msamples
        5015000   -102560.4189        15.3      -102488.8003       -71.6186 20m12s/Msamples
        5016000   -102547.2513        15.3      -102480.3888       -66.8625 20m12s/Msamples
        5017000   -102541.8008        15.3      -102475.6431       -66.1577 20m12s/Msamples
        5018000   -102540.6003        15.3      -102476.0253       -64.5749 20m12s/Msamples
        5019000   -102546.0436        15.2      -102481.9833       -64.0603 20m12s/Msamples
        5020000   -102557.3969        15.2      -102488.7271       -68.6697 20m12s/Msamples
        5021000   -102550.6173        15.2      -102481.5883       -69.0289 20m12s/Msamples
        5022000   -102551.9748        15.2      -102481.4417       -70.5330 20m12s/Msamples
        5023000   -102567.1683        15.2      -102488.3313       -78.8369 20m12s/Msamples
        5024000   -102550.0294        15.2      -102477.4701       -72.5592 20m12s/Msamples
        5025000   -102549.2215        15.1      -102482.4483       -66.7732 20m12s/Msamples
        5026000   -102559.6835        15.1      -102484.2389       -75.4446 20m12s/Msamples
        5027000   -102576.1736        15.2      -102497.8197       -78.3539 20m12s/Msamples
        5028000   -102562.3050        15.2      -102490.5755       -71.7295 20m12s/Msamples
        5029000   -102561.6563        15.1      -102490.5966       -71.0596 20m12s/Msamples
        5030000   -102557.0407        15.1      -102491.7874       -65.2532 20m12s/Msamples
        5031000   -102560.3131        15.1      -102493.0013       -67.3118 20m12s/Msamples
        5032000   -102549.0979        15.1      -102486.3241       -62.7738 20m12s/Msamples
        5033000   -102558.7698        15.1      -102485.7384       -73.0314 20m12s/Msamples
        5034000   -102537.8709        15.1      -102474.4315       -63.4394 20m12s/Msamples
        5035000   -102539.3454        15.0      -102474.9255       -64.4199 20m12s/Msamples
        5036000   -102542.0281        15.0      -102468.8983       -73.1298 20m12s/Msamples
        5037000   -102546.5594        15.0      -102477.0394       -69.5200 20m12s/Msamples
        5038000   -102534.5705        15.0      -102471.8871       -62.6833 20m12s/Msamples
        5039000   -102543.0486        14.9      -102477.6625       -65.3860 20m12s/Msamples
        5040000   -102555.0587        14.9      -102477.1126       -77.9460 20m12s/Msamples
        5041000   -102567.9351        14.9      -102491.8516       -76.0834 20m12s/Msamples
        5042000   -102550.2892        14.9      -102476.0205       -74.2687 20m12s/Msamples
        5043000   -102560.9786        14.9      -102487.8775       -73.1010 20m12s/Msamples
        5044000   -102554.8162        14.9      -102483.4803       -71.3358 20m12s/Msamples
        5045000   -102556.5759        14.9      -102479.6589       -76.9169 20m12s/Msamples
        5046000   -102566.5203        14.9      -102492.5815       -73.9388 20m12s/Msamples
        5047000   -102560.6434        14.9      -102490.8121       -69.8312 20m12s/Msamples
        5048000   -102547.9058        14.9      -102478.3267       -69.5791 20m12s/Msamples
        5049000   -102534.3240        14.8      -102467.6753       -66.6487 20m12s/Msamples
        5050000   -102547.9217        14.8      -102482.7508       -65.1708 20m12s/Msamples
        5051000   -102557.2523        14.8      -102486.8643       -70.3880 20m12s/Msamples
        5052000   -102556.3986        14.8      -102482.6544       -73.7442 20m12s/Msamples
        5053000   -102563.8482        14.8      -102485.8851       -77.9630 20m12s/Msamples
        5054000   -102556.9444        14.8      -102478.9737       -77.9706 20m12s/Msamples
        5055000   -102545.5911        14.7      -102475.2163       -70.3748 20m12s/Msamples
        5056000   -102559.6227        14.7      -102484.7427       -74.8799 20m12s/Msamples
        5057000   -102559.9947        14.7      -102485.7212       -74.2734 20m12s/Msamples
        5058000   -102553.6389        14.7      -102477.2450       -76.3938 20m12s/Msamples
        5059000   -102552.0478        14.7      -102482.8205       -69.2272 20m12s/Msamples
        5060000   -102560.3780        14.7      -102487.9671       -72.4109 20m12s/Msamples
        5061000   -102562.6077        14.7      -102489.7784       -72.8293 20m12s/Msamples
        5062000   -102560.3463        14.7      -102488.7899       -71.5563 20m12s/Msamples
        5063000   -102558.0443        14.7      -102478.4083       -79.6359 20m12s/Msamples
        5064000   -102565.0180        14.7      -102482.0505       -82.9674 20m12s/Msamples
        5065000   -102559.7689        14.7      -102479.5461       -80.2227 20m12s/Msamples
        5066000   -102557.0910        14.7      -102484.9063       -72.1846 20m12s/Msamples
        5067000   -102556.3014        14.7      -102483.3198       -72.9816 20m12s/Msamples
        5068000   -102558.7688        14.6      -102487.0585       -71.7103 20m12s/Msamples
        5069000   -102556.3493        14.6      -102480.3276       -76.0216 20m12s/Msamples
        5070000   -102568.4664        14.6      -102490.2020       -78.2643 20m12s/Msamples
        5071000   -102568.9472        14.6      -102485.0222       -83.9249 20m12s/Msamples
        5072000   -102585.4272        14.7      -102499.3916       -86.0356 20m12s/Msamples
        5073000   -102583.0795        14.7      -102497.6203       -85.4592 20m12s/Msamples
        5074000   -102575.4998        14.7      -102493.2892       -82.2106 20m12s/Msamples
        5075000   -102574.8327        14.7      -102491.6029       -83.2297 20m12s/Msamples
        5076000   -102567.1906        14.7      -102486.6146       -80.5759 20m12s/Msamples
        5077000   -102561.5619        14.7      -102481.5316       -80.0303 20m12s/Msamples
        5078000   -102548.6347        14.7      -102477.4321       -71.2026 20m12s/Msamples
        5079000   -102554.1628        14.7      -102480.0361       -74.1267 20m12s/Msamples
        5080000   -102548.4272        14.7      -102478.7543       -69.6728 20m12s/Msamples
        5081000   -102562.4982        14.7      -102483.1159       -79.3823 20m12s/Msamples
        5082000   -102566.7056        14.7      -102488.8248       -77.8807 20m12s/Msamples
        5083000   -102576.2021        14.7      -102488.6047       -87.5974 20m12s/Msamples
        5084000   -102567.3606        14.7      -102489.8524       -77.5081 20m12s/Msamples
        5085000   -102575.0492        14.7      -102489.2969       -85.7522 20m12s/Msamples
        5086000   -102571.7045        14.7      -102491.0924       -80.6121 20m12s/Msamples
        5087000   -102578.2898        14.7      -102492.5890       -85.7007 20m12s/Msamples
        5088000   -102578.4799        14.7      -102493.6127       -84.8672 20m12s/Msamples
        5089000   -102566.0648        14.7      -102482.7257       -83.3391 20m12s/Msamples
        5090000   -102574.6676        14.8      -102487.2072       -87.4604 20m12s/Msamples
        5091000   -102568.3067        14.8      -102492.8299       -75.4767 20m12s/Msamples
        5092000   -102572.5053        14.8      -102490.3003       -82.2050 20m12s/Msamples
        5093000   -102560.7383        14.8      -102479.9714       -80.7668 20m12s/Msamples
        5094000   -102560.3989        14.8      -102483.1544       -77.2445 20m12s/Msamples
        5095000   -102550.3677        14.7      -102476.1575       -74.2102 20m12s/Msamples
        5096000   -102548.5814        14.7      -102479.9479       -68.6335 20m12s/Msamples
        5097000   -102560.3846        14.7      -102487.5945       -72.7900 20m12s/Msamples
        5098000   -102550.1878        14.7      -102476.3823       -73.8055 20m12s/Msamples
        5099000   -102557.9691        14.7      -102484.5186       -73.4505 20m12s/Msamples
        5100000   -102555.5668        14.7      -102485.1891       -70.3777 20m12s/Msamples
        5101000   -102559.5479        14.7      -102491.3901       -68.1578 20m12s/Msamples
        5102000   -102556.0465        14.7      -102482.1398       -73.9067 20m12s/Msamples
        5103000   -102555.5703        14.7      -102481.3240       -74.2462 20m12s/Msamples
        5104000   -102557.6659        14.7      -102482.1148       -75.5511 20m12s/Msamples
        5105000   -102545.2531        14.6      -102476.6663       -68.5868 20m12s/Msamples
        5106000   -102555.1945        14.6      -102481.6817       -73.5128 20m12s/Msamples
        5107000   -102553.0116        14.6      -102486.2606       -66.7510 20m12s/Msamples
        5108000   -102567.6389        14.6      -102491.4628       -76.1760 20m12s/Msamples
        5109000   -102576.5790        14.6      -102500.1277       -76.4513 20m12s/Msamples
        5110000   -102558.7837        14.6      -102484.5977       -74.1860 20m12s/Msamples
        5111000   -102567.2857        14.6      -102492.0490       -75.2366 20m12s/Msamples
        5112000   -102568.9592        14.6      -102497.6896       -71.2695 20m12s/Msamples
        5113000   -102554.8151        14.6      -102490.6360       -64.1791 20m12s/Msamples
        5114000   -102547.6593        14.6      -102479.6763       -67.9829 20m12s/Msamples
        5115000   -102557.0934        14.6      -102490.4631       -66.6302 20m12s/Msamples
        5116000   -102552.4574        14.6      -102486.0640       -66.3933 20m12s/Msamples
        5117000   -102542.8839        14.6      -102475.8972       -66.9866 20m12s/Msamples
        5118000   -102551.8129        14.6      -102477.8508       -73.9620 20m12s/Msamples
        5119000   -102549.9181        14.5      -102481.8261       -68.0920 20m12s/Msamples
        5120000   -102549.8470        14.5      -102484.1675       -65.6794 20m12s/Msamples
        5121000   -102547.2796        14.5      -102482.8075       -64.4720 20m12s/Msamples
        5122000   -102547.3151        14.5      -102479.6672       -67.6479 20m12s/Msamples
        5123000   -102550.2273        14.5      -102485.2531       -64.9741 20m12s/Msamples
        5124000   -102554.1795        14.5      -102486.6906       -67.4888 20m12s/Msamples
        5125000   -102548.4603        14.4      -102486.8666       -61.5937 20m12s/Msamples
        5126000   -102549.3311        14.4      -102490.2688       -59.0622 20m12s/Msamples
        5127000   -102568.9307        14.4      -102497.4077       -71.5230 20m12s/Msamples
        5128000   -102557.9808        14.4      -102489.7285       -68.2522 20m12s/Msamples
        5129000   -102553.4403        14.4      -102492.9574       -60.4829 20m12s/Msamples
        5130000   -102548.5745        14.4      -102486.1971       -62.3774 20m12s/Msamples
        5131000   -102555.0410        14.4      -102494.0981       -60.9428 20m12s/Msamples
        5132000   -102546.1090        14.4      -102485.5809       -60.5280 20m12s/Msamples
        5133000   -102557.9489        14.4      -102489.0447       -68.9042 20m12s/Msamples
        5134000   -102556.7973        14.4      -102494.0689       -62.7284 20m13s/Msamples
        5135000   -102547.9393        14.4      -102484.9106       -63.0286 20m13s/Msamples
        5136000   -102549.9455        14.3      -102483.6106       -66.3349 20m13s/Msamples
        5137000   -102536.1601        14.3      -102477.1481       -59.0119 20m13s/Msamples
        5138000   -102543.6991        14.3      -102484.7126       -58.9864 20m13s/Msamples
        5139000   -102535.9883        14.3      -102478.7019       -57.2864 20m13s/Msamples
        5140000   -102535.3625        14.3      -102476.4027       -58.9597 20m13s/Msamples
        5141000   -102542.6963        14.2      -102485.6670       -57.0293 20m13s/Msamples
        5142000   -102545.2156        14.2      -102487.9183       -57.2973 20m13s/Msamples
        5143000   -102542.2283        14.2      -102487.1049       -55.1234 20m13s/Msamples
        5144000   -102540.9545        14.2      -102484.8696       -56.0849 20m13s/Msamples
        5145000   -102541.7848        14.2      -102486.4224       -55.3624 20m13s/Msamples
        5146000   -102549.9113        14.2      -102490.6084       -59.3029 20m13s/Msamples
        5147000   -102551.4910        14.1      -102490.4504       -61.0405 20m13s/Msamples
        5148000   -102535.9685        14.1      -102479.3462       -56.6223 20m13s/Msamples
        5149000   -102549.1094        14.1      -102485.1606       -63.9488 20m13s/Msamples
        5150000   -102552.3810        14.1      -102490.7410       -61.6400 20m13s/Msamples
        5151000   -102554.1326        14.1      -102486.4715       -67.6610 20m13s/Msamples
        5152000   -102546.5984        14.1      -102480.8204       -65.7779 20m13s/Msamples
        5153000   -102547.8414        14.1      -102482.9305       -64.9108 20m13s/Msamples
        5154000   -102544.7527        14.0      -102477.2418       -67.5108 20m13s/Msamples
        5155000   -102542.0944        14.0      -102479.3583       -62.7361 20m13s/Msamples
        5156000   -102536.2767        14.0      -102474.5909       -61.6858 20m13s/Msamples
        5157000   -102553.0480        14.0      -102486.0555       -66.9925 20m13s/Msamples
        5158000   -102550.9858        14.0      -102478.2414       -72.7444 20m13s/Msamples
        5159000   -102551.8098        14.0      -102480.3089       -71.5008 20m13s/Msamples
        5160000   -102556.8940        14.0      -102486.9045       -69.9895 20m13s/Msamples
        5161000   -102543.3523        13.9      -102478.9578       -64.3945 20m13s/Msamples
        5162000   -102546.1252        13.9      -102478.9310       -67.1942 20m13s/Msamples
        5163000   -102552.7609        13.9      -102484.9721       -67.7887 20m13s/Msamples
        5164000   -102551.8164        13.9      -102481.9513       -69.8650 20m13s/Msamples
        5165000   -102568.0949        13.9      -102483.6618       -84.4330 20m13s/Msamples
        5166000   -102559.9673        13.9      -102483.5922       -76.3751 20m13s/Msamples
        5167000   -102551.0276        13.9      -102483.4910       -67.5366 20m13s/Msamples
        5168000   -102552.0876        13.9      -102483.4879       -68.5996 20m13s/Msamples
        5169000   -102549.2481        13.9      -102484.9442       -64.3038 20m13s/Msamples
        5170000   -102558.8187        13.9      -102483.5453       -75.2734 20m13s/Msamples
        5171000   -102557.0540        13.9      -102478.5979       -78.4561 20m13s/Msamples
        5172000   -102547.6234        13.8      -102474.9657       -72.6577 20m13s/Msamples
        5173000   -102551.2722        13.8      -102483.1288       -68.1434 20m13s/Msamples
        5174000   -102563.5491        13.8      -102489.9756       -73.5734 20m13s/Msamples
        5175000   -102562.5795        13.8      -102495.3350       -67.2444 20m13s/Msamples
        5176000   -102559.7974        13.8      -102491.0698       -68.7275 20m13s/Msamples
        5177000   -102553.3874        13.8      -102488.4960       -64.8914 20m13s/Msamples
        5178000   -102571.6139        13.8      -102503.7127       -67.9012 20m13s/Msamples
        5179000   -102578.6762        13.8      -102505.4959       -73.1802 20m13s/Msamples
        5180000   -102580.7816        13.8      -102506.0283       -74.7532 20m13s/Msamples
        5181000   -102577.8345        13.9      -102502.6202       -75.2143 20m13s/Msamples
        5182000   -102583.1452        13.9      -102497.7577       -85.3875 20m13s/Msamples
        5183000   -102561.3922        13.9      -102490.4544       -70.9377 20m13s/Msamples
        5184000   -102560.8649        13.9      -102494.4026       -66.4622 20m13s/Msamples
        5185000   -102554.3826        13.9      -102494.5299       -59.8527 20m13s/Msamples
        5186000   -102561.4924        13.9      -102500.0695       -61.4228 20m13s/Msamples
        5187000   -102555.5983        13.9      -102495.5100       -60.0882 20m12s/Msamples
        5188000   -102552.1655        13.8      -102490.1559       -62.0095 20m12s/Msamples
        5189000   -102550.0685        13.8      -102485.3983       -64.6701 20m12s/Msamples
        5190000   -102563.1305        13.8      -102496.1245       -67.0059 20m12s/Msamples
        5191000   -102555.1021        13.8      -102491.7301       -63.3719 20m13s/Msamples
        5192000   -102555.7393        13.8      -102493.7356       -62.0037 20m13s/Msamples
        5193000   -102555.6058        13.8      -102495.4208       -60.1849 20m12s/Msamples
        5194000   -102551.0135        13.8      -102484.9880       -66.0254 20m12s/Msamples
        5195000   -102561.9781        13.8      -102494.4680       -67.5101 20m12s/Msamples
        5196000   -102582.4326        13.8      -102499.0578       -83.3747 20m12s/Msamples
        5197000   -102582.8587        13.8      -102502.0736       -80.7850 20m12s/Msamples
        5198000   -102566.9100        13.8      -102489.5880       -77.3219 20m12s/Msamples
        5199000   -102563.3131        13.8      -102484.9445       -78.3685 20m12s/Msamples
        5200000   -102571.7780        13.8      -102485.6890       -86.0889 20m12s/Msamples
        5201000   -102558.1221        13.8      -102484.3498       -73.7722 20m12s/Msamples
        5202000   -102556.4911        13.8      -102480.8523       -75.6387 20m12s/Msamples
        5203000   -102553.0028        13.8      -102478.8058       -74.1970 20m12s/Msamples
        5204000   -102564.1640        13.8      -102489.0132       -75.1507 20m12s/Msamples
        5205000   -102565.2588        13.8      -102487.3647       -77.8941 20m12s/Msamples
        5206000   -102558.2858        13.8      -102485.7874       -72.4984 20m12s/Msamples
        5207000   -102560.6093        13.8      -102486.0077       -74.6016 20m12s/Msamples
        5208000   -102558.0515        13.8      -102492.0050       -66.0465 20m12s/Msamples
        5209000   -102559.1397        13.8      -102488.2458       -70.8938 20m12s/Msamples
        5210000   -102560.6569        13.8      -102491.5455       -69.1113 20m12s/Msamples
        5211000   -102555.1768        13.8      -102490.2359       -64.9409 20m12s/Msamples
        5212000   -102549.1325        13.8      -102484.7533       -64.3792 20m12s/Msamples
        5213000   -102552.9444        13.7      -102478.8107       -74.1337 20m12s/Msamples
        5214000   -102550.4710        13.7      -102481.6768       -68.7941 20m12s/Msamples
        5215000   -102561.2498        13.7      -102486.4053       -74.8444 20m12s/Msamples
        5216000   -102559.6084        13.7      -102490.1967       -69.4116 20m12s/Msamples
        5217000   -102559.7156        13.7      -102491.3974       -68.3182 20m12s/Msamples
        5218000   -102553.8162        13.7      -102486.1604       -67.6557 20m12s/Msamples
        5219000   -102558.0719        13.7      -102486.0003       -72.0716 20m12s/Msamples
        5220000   -102557.2791        13.7      -102491.3196       -65.9594 20m12s/Msamples
        5221000   -102558.6326        13.7      -102490.1363       -68.4963 20m12s/Msamples
        5222000   -102558.6663        13.7      -102488.5624       -70.1039 20m12s/Msamples
        5223000   -102558.8661        13.7      -102486.5044       -72.3616 20m12s/Msamples
        5224000   -102548.3423        13.7      -102477.4061       -70.9362 20m12s/Msamples
        5225000   -102552.8210        13.7      -102484.3957       -68.4252 20m12s/Msamples
        5226000   -102555.9027        13.7      -102483.2280       -72.6747 20m12s/Msamples
        5227000   -102547.9584        13.7      -102476.0743       -71.8841 20m12s/Msamples
        5228000   -102552.7748        13.6      -102479.0303       -73.7444 20m12s/Msamples
        5229000   -102556.1380        13.6      -102480.3874       -75.7505 20m12s/Msamples
        5230000   -102542.1844        13.6      -102478.3291       -63.8552 20m12s/Msamples
        5231000   -102554.4003        13.6      -102482.8763       -71.5239 20m12s/Msamples
        5232000   -102553.1519        13.6      -102480.9122       -72.2397 20m12s/Msamples
        5233000   -102539.8132        13.6      -102475.4278       -64.3854 20m12s/Msamples
        5234000   -102556.1598        13.6      -102490.2827       -65.8771 20m12s/Msamples
        5235000   -102545.9836        13.6      -102480.6062       -65.3774 20m12s/Msamples
        5236000   -102553.2794        13.6      -102482.9829       -70.2964 20m12s/Msamples
        5237000   -102557.5850        13.5      -102489.1003       -68.4847 20m12s/Msamples
        5238000   -102546.5631        13.5      -102478.3313       -68.2317 20m12s/Msamples
        5239000   -102551.2207        13.5      -102478.8086       -72.4120 20m12s/Msamples
        5240000   -102555.6888        13.5      -102489.6056       -66.0831 20m12s/Msamples
        5241000   -102554.3070        13.5      -102482.5867       -71.7202 20m12s/Msamples
        5242000   -102557.1553        13.5      -102486.7244       -70.4309 20m12s/Msamples
        5243000   -102576.2192        13.5      -102501.3968       -74.8224 20m12s/Msamples
        5244000   -102576.6548        13.5      -102495.8658       -80.7890 20m12s/Msamples
        5245000   -102583.0330        13.5      -102499.1866       -83.8463 20m12s/Msamples
        5246000   -102570.2630        13.5      -102495.8580       -74.4050 20m12s/Msamples
        5247000   -102566.3233        13.6      -102488.0359       -78.2874 20m12s/Msamples
        5248000   -102562.2200        13.5      -102486.6166       -75.6033 20m12s/Msamples
        5249000   -102558.7720        13.5      -102486.4313       -72.3407 20m12s/Msamples
        5250000   -102561.3335        13.5      -102488.9393       -72.3941 20m12s/Msamples
        5251000   -102566.8074        13.5      -102492.2302       -74.5772 20m12s/Msamples
        5252000   -102543.2438        13.5      -102477.7656       -65.4782 20m12s/Msamples
        5253000   -102540.8282        13.5      -102476.8994       -63.9287 20m12s/Msamples
        5254000   -102552.7740        13.5      -102488.2458       -64.5281 20m12s/Msamples
        5255000   -102539.2888        13.5      -102480.2038       -59.0849 20m12s/Msamples
        5256000   -102556.0928        13.5      -102489.3905       -66.7023 20m12s/Msamples
        5257000   -102557.1140        13.5      -102492.9335       -64.1805 20m12s/Msamples
        5258000   -102564.4407        13.5      -102494.3180       -70.1226 20m12s/Msamples
        5259000   -102558.9041        13.5      -102487.9006       -71.0035 20m12s/Msamples
        5260000   -102557.8073        13.5      -102488.6863       -69.1210 20m12s/Msamples
        5261000   -102555.2423        13.5      -102482.6898       -72.5525 20m12s/Msamples
        5262000   -102572.9092        13.5      -102491.7171       -81.1920 20m12s/Msamples
        5263000   -102581.1788        13.5      -102504.6433       -76.5355 20m12s/Msamples
        5264000   -102568.0869        13.5      -102491.1382       -76.9487 20m12s/Msamples
        5265000   -102566.0144        13.5      -102494.4870       -71.5274 20m13s/Msamples
        5266000   -102561.3851        13.5      -102493.2217       -68.1633 20m13s/Msamples
        5267000   -102567.1732        13.5      -102495.6344       -71.5387 20m13s/Msamples
        5268000   -102554.4480        13.5      -102491.0286       -63.4193 20m13s/Msamples
        5269000   -102561.5183        13.5      -102490.8432       -70.6751 20m12s/Msamples
        5270000   -102561.1626        13.5      -102489.0380       -72.1245 20m12s/Msamples
        5271000   -102560.9280        13.5      -102482.2286       -78.6994 20m12s/Msamples
        5272000   -102557.9408        13.5      -102476.5035       -81.4372 20m12s/Msamples
        5273000   -102561.1982        13.5      -102480.3902       -80.8079 20m12s/Msamples
        5274000   -102549.9096        13.5      -102470.1852       -79.7243 20m12s/Msamples
        5275000   -102555.6340        13.5      -102471.1011       -84.5328 20m12s/Msamples
        5276000   -102583.0675        13.5      -102487.4939       -95.5735 20m13s/Msamples
        5277000   -102568.2634        13.5      -102480.5266       -87.7367 20m13s/Msamples
        5278000   -102564.6380        13.5      -102480.9830       -83.6549 20m13s/Msamples
        5279000   -102560.3225        13.5      -102482.5076       -77.8148 20m13s/Msamples
        5280000   -102580.8642        13.5      -102491.9886       -88.8756 20m13s/Msamples
        5281000   -102560.6725        13.5      -102480.5593       -80.1131 20m13s/Msamples
        5282000   -102564.8047        13.5      -102484.1078       -80.6969 20m13s/Msamples
        5283000   -102568.8363        13.5      -102473.8463       -94.9900 20m13s/Msamples
        5284000   -102574.6760        13.5      -102487.2452       -87.4308 20m13s/Msamples
        5285000   -102567.9742        13.5      -102486.1132       -81.8609 20m13s/Msamples
        5286000   -102567.2750        13.5      -102483.6452       -83.6298 20m13s/Msamples
        5287000   -102562.2061        13.5      -102478.3441       -83.8619 20m13s/Msamples
        5288000   -102575.8904        13.5      -102491.5185       -84.3718 20m13s/Msamples
        5289000   -102554.3297        13.5      -102477.0090       -77.3206 20m13s/Msamples
        5290000   -102567.9851        13.5      -102484.3770       -83.6081 20m13s/Msamples
        5291000   -102575.2885        13.5      -102484.7278       -90.5607 20m13s/Msamples
        5292000   -102578.4186        13.5      -102494.1441       -84.2744 20m13s/Msamples
        5293000   -102575.2292        13.5      -102485.3069       -89.9222 20m13s/Msamples
        5294000   -102576.3764        13.6      -102488.6308       -87.7455 20m13s/Msamples
        5295000   -102583.7358        13.6      -102492.6127       -91.1231 20m13s/Msamples
        5296000   -102574.9559        13.6      -102488.5494       -86.4065 20m13s/Msamples
        5297000   -102573.0342        13.6      -102488.1219       -84.9123 20m13s/Msamples
        5298000   -102567.3268        13.6      -102481.9368       -85.3900 20m13s/Msamples
        5299000   -102566.2784        13.6      -102478.8587       -87.4197 20m13s/Msamples
        5300000   -102572.0518        13.6      -102479.1109       -92.9408 20m13s/Msamples
        5301000   -102564.7215        13.6      -102480.2581       -84.4633 20m13s/Msamples
        5302000   -102559.8116        13.6      -102471.9634       -87.8481 20m13s/Msamples
        5303000   -102570.2066        13.6      -102476.9067       -93.2999 20m13s/Msamples
        5304000   -102572.4429        13.6      -102479.9474       -92.4954 20m13s/Msamples
        5305000   -102561.1886        13.6      -102478.4810       -82.7075 20m13s/Msamples
        5306000   -102562.2243        13.6      -102476.0323       -86.1920 20m13s/Msamples
        5307000   -102557.6271        13.6      -102471.5980       -86.0291 20m13s/Msamples
        5308000   -102568.9426        13.6      -102477.5377       -91.4049 20m13s/Msamples
        5309000   -102569.8845        13.6      -102476.1845       -93.7000 20m13s/Msamples
        5310000   -102582.2977        13.6      -102486.1692       -96.1285 20m13s/Msamples
        5311000   -102578.7403        13.6      -102485.0019       -93.7384 20m13s/Msamples
        5312000   -102569.3395        13.6      -102479.6453       -89.6941 20m13s/Msamples
        5313000   -102582.2196        13.7      -102489.8045       -92.4151 20m13s/Msamples
        5314000   -102584.8017        13.7      -102486.0571       -98.7446 20m13s/Msamples
        5315000   -102587.1886        13.7      -102483.4898      -103.6987 20m13s/Msamples
        5316000   -102587.1596        13.7      -102475.7858      -111.3738 20m13s/Msamples
        5317000   -102583.5575        13.7      -102478.0517      -105.5058 20m13s/Msamples
        5318000   -102582.5594        13.8      -102479.7068      -102.8525 20m13s/Msamples
        5319000   -102594.9023        13.8      -102490.6173      -104.2850 20m13s/Msamples
        5320000   -102589.4918        13.8      -102481.2822      -108.2096 20m13s/Msamples
        5321000   -102582.2056        13.9      -102480.5168      -101.6887 20m13s/Msamples
        5322000   -102581.6931        13.9      -102480.7606      -100.9325 20m13s/Msamples
        5323000   -102581.8510        13.9      -102484.8652       -96.9857 20m13s/Msamples
        5324000   -102576.7965        13.9      -102483.8082       -92.9882 20m13s/Msamples
        5325000   -102566.8108        13.9      -102473.2949       -93.5159 20m13s/Msamples
        5326000   -102569.9227        13.9      -102482.2967       -87.6259 20m13s/Msamples
        5327000   -102570.9642        13.9      -102474.6038       -96.3604 20m13s/Msamples
        5328000   -102570.0301        13.9      -102474.6541       -95.3760 20m13s/Msamples
        5329000   -102573.4187        13.9      -102480.6338       -92.7848 20m13s/Msamples
        5330000   -102576.4716        13.9      -102480.4579       -96.0136 20m13s/Msamples
        5331000   -102575.5693        14.0      -102478.7385       -96.8307 20m13s/Msamples
        5332000   -102576.5227        14.0      -102481.5555       -94.9671 20m13s/Msamples
        5333000   -102564.1410        14.0      -102471.9890       -92.1520 20m13s/Msamples
        5334000   -102555.8541        14.0      -102467.1981       -88.6560 20m13s/Msamples
        5335000   -102569.7217        14.0      -102477.5866       -92.1350 20m13s/Msamples
        5336000   -102561.9353        14.0      -102470.1526       -91.7826 20m13s/Msamples
        5337000   -102569.3443        14.0      -102482.2834       -87.0609 20m13s/Msamples
        5338000   -102554.8141        14.0      -102470.9838       -83.8303 20m13s/Msamples
        5339000   -102566.5726        14.0      -102477.7120       -88.8605 20m13s/Msamples
        5340000   -102574.9400        14.0      -102478.2984       -96.6416 20m13s/Msamples
        5341000   -102572.8387        14.0      -102481.1782       -91.6605 20m13s/Msamples
        5342000   -102579.6835        14.0      -102475.5744      -104.1091 20m13s/Msamples
        5343000   -102590.4509        14.0      -102483.8367      -106.6141 20m13s/Msamples
        5344000   -102598.3527        14.1      -102492.0874      -106.2652 20m13s/Msamples
        5345000   -102566.8169        14.1      -102475.8345       -90.9823 20m13s/Msamples
        5346000   -102593.6550        14.1      -102494.0642       -99.5907 20m13s/Msamples
        5347000   -102578.8436        14.1      -102486.6203       -92.2233 20m13s/Msamples
        5348000   -102576.9303        14.1      -102486.3365       -90.5938 20m13s/Msamples
        5349000   -102569.1348        14.1      -102478.1926       -90.9421 20m13s/Msamples
        5350000   -102564.5299        14.1      -102469.2857       -95.2442 20m13s/Msamples
        5351000   -102563.6522        14.1      -102471.7645       -91.8876 20m13s/Msamples
        5352000   -102558.1630        14.1      -102469.2100       -88.9529 20m13s/Msamples
        5353000   -102561.0165        14.1      -102468.6306       -92.3858 20m13s/Msamples
        5354000   -102561.8699        14.1      -102470.0955       -91.7743 20m13s/Msamples
        5355000   -102563.2989        14.1      -102467.8482       -95.4506 20m13s/Msamples
        5356000   -102569.6089        14.1      -102472.8039       -96.8049 20m13s/Msamples
        5357000   -102563.6475        14.1      -102468.0522       -95.5953 20m13s/Msamples
        5358000   -102565.7981        14.1      -102473.8978       -91.9003 20m13s/Msamples
        5359000   -102570.0555        14.1      -102478.4430       -91.6125 20m13s/Msamples
        5360000   -102567.6983        14.1      -102476.6225       -91.0757 20m13s/Msamples
        5361000   -102564.6685        14.1      -102472.8054       -91.8630 20m13s/Msamples
        5362000   -102578.6928        14.1      -102483.5064       -95.1864 20m13s/Msamples
        5363000   -102572.1838        14.1      -102480.7313       -91.4524 20m13s/Msamples
        5364000   -102569.0324        14.2      -102475.4368       -93.5956 20m13s/Msamples
        5365000   -102575.0317        14.2      -102478.1549       -96.8768 20m13s/Msamples
        5366000   -102575.5043        14.2      -102473.6567      -101.8476 20m13s/Msamples
        5367000   -102566.7265        14.2      -102468.2876       -98.4389 20m13s/Msamples
        5368000   -102583.2620        14.2      -102476.2612      -107.0008 20m13s/Msamples
        5369000   -102582.6068        14.2      -102475.0194      -107.5873 20m13s/Msamples
        5370000   -102593.6275        14.2      -102479.1083      -114.5192 20m13s/Msamples
        5371000   -102598.7424        14.3      -102476.9832      -121.7592 20m13s/Msamples
        5372000   -102604.5961        14.3      -102486.5425      -118.0536 20m13s/Msamples
        5373000   -102604.0730        14.4      -102486.7453      -117.3276 20m13s/Msamples
        5374000   -102610.4180        14.4      -102487.7167      -122.7013 20m13s/Msamples
        5375000   -102607.8472        14.5      -102485.0223      -122.8248 20m13s/Msamples
        5376000   -102602.7303        14.5      -102482.8721      -119.8582 20m13s/Msamples
        5377000   -102603.8481        14.6      -102488.7532      -115.0949 20m13s/Msamples
        5378000   -102603.5532        14.6      -102490.7255      -112.8276 20m13s/Msamples
        5379000   -102601.2176        14.7      -102480.5775      -120.6400 20m13s/Msamples
        5380000   -102594.8740        14.7      -102475.0252      -119.8488 20m13s/Msamples
        5381000   -102596.4419        14.7      -102478.3527      -118.0891 20m13s/Msamples
        5382000   -102590.5569        14.7      -102470.4090      -120.1479 20m13s/Msamples
        5383000   -102582.1749        14.8      -102471.6308      -110.5440 20m13s/Msamples
        5384000   -102575.9022        14.8      -102474.4478      -101.4544 20m13s/Msamples
        5385000   -102573.0113        14.8      -102475.3995       -97.6118 20m13s/Msamples
        5386000   -102593.0507        14.8      -102487.4193      -105.6314 20m13s/Msamples
        5387000   -102582.1369        14.8      -102479.9716      -102.1653 20m13s/Msamples
        5388000   -102585.3099        14.9      -102481.3959      -103.9139 20m13s/Msamples
        5389000   -102587.6825        14.9      -102483.0525      -104.6300 20m13s/Msamples
        5390000   -102575.3835        14.9      -102473.1911      -102.1923 20m13s/Msamples
        5391000   -102591.7852        14.9      -102485.1224      -106.6628 20m13s/Msamples
        5392000   -102577.9290        14.9      -102479.3154       -98.6135 20m13s/Msamples
        5393000   -102579.0430        14.9      -102480.2940       -98.7490 20m13s/Msamples
        5394000   -102572.9047        14.9      -102476.7087       -96.1959 20m13s/Msamples
        5395000   -102580.3823        15.0      -102484.4750       -95.9072 20m13s/Msamples
        5396000   -102571.4225        15.0      -102479.5795       -91.8429 20m13s/Msamples
        5397000   -102571.6707        15.0      -102480.5504       -91.1202 20m13s/Msamples
        5398000   -102564.1714        15.0      -102472.7519       -91.4194 20m13s/Msamples
        5399000   -102576.7636        15.0      -102481.6624       -95.1011 20m13s/Msamples
        5400000   -102580.3759        15.0      -102488.7596       -91.6162 20m13s/Msamples
        5401000   -102585.3048        15.0      -102481.4297      -103.8751 20m13s/Msamples
        5402000   -102580.3961        15.0      -102482.6184       -97.7777 20m13s/Msamples
        5403000   -102579.9886        15.0      -102479.6471      -100.3415 20m13s/Msamples
        5404000   -102567.6334        15.0      -102473.5202       -94.1131 20m13s/Msamples
        5405000   -102579.4238        15.1      -102485.5815       -93.8423 20m13s/Msamples
        5406000   -102574.8205        15.1      -102483.2339       -91.5866 20m13s/Msamples
        5407000   -102571.1707        15.1      -102478.9638       -92.2068 20m13s/Msamples
        5408000   -102565.9437        15.1      -102474.3709       -91.5727 20m13s/Msamples
        5409000   -102576.9345        15.1      -102477.0233       -99.9112 20m13s/Msamples
        5410000   -102578.8171        15.1      -102479.3644       -99.4527 20m13s/Msamples
        5411000   -102576.7622        15.1      -102482.7253       -94.0368 20m13s/Msamples
        5412000   -102569.2252        15.1      -102484.0841       -85.1410 20m13s/Msamples
        5413000   -102565.7257        15.1      -102483.2341       -82.4915 20m13s/Msamples
        5414000   -102558.9877        15.1      -102474.2019       -84.7858 20m13s/Msamples
        5415000   -102572.1203        15.1      -102484.5916       -87.5287 20m13s/Msamples
        5416000   -102564.6618        15.1      -102479.5608       -85.1010 20m13s/Msamples
        5417000   -102567.0328        15.1      -102477.4741       -89.5587 20m13s/Msamples
        5418000   -102570.1639        15.1      -102483.2059       -86.9580 20m13s/Msamples
        5419000   -102574.6762        15.1      -102486.4145       -88.2616 20m13s/Msamples
        5420000   -102583.5768        15.1      -102488.1540       -95.4227 20m13s/Msamples
        5421000   -102583.4757        15.2      -102492.6243       -90.8514 20m13s/Msamples
        5422000   -102570.9361        15.2      -102485.9918       -84.9443 20m13s/Msamples
        5423000   -102575.8720        15.2      -102485.7542       -90.1178 20m13s/Msamples
        5424000   -102572.5334        15.2      -102480.6343       -91.8991 20m13s/Msamples
        5425000   -102577.9968        15.2      -102479.3425       -98.6543 20m13s/Msamples
        5426000   -102573.7084        15.2      -102475.0328       -98.6756 20m13s/Msamples
        5427000   -102579.8036        15.2      -102485.1473       -94.6562 20m13s/Msamples
        5428000   -102566.9829        15.2      -102479.8188       -87.1641 20m13s/Msamples
        5429000   -102571.9559        15.2      -102485.7545       -86.2014 20m13s/Msamples
        5430000   -102563.8905        15.2      -102475.5973       -88.2931 20m13s/Msamples
        5431000   -102558.1587        15.2      -102473.9164       -84.2423 20m13s/Msamples
        5432000   -102570.2455        15.2      -102483.5614       -86.6840 20m13s/Msamples
        5433000   -102576.5471        15.2      -102484.2030       -92.3441 20m13s/Msamples
        5434000   -102567.3917        15.2      -102480.4827       -86.9090 20m13s/Msamples
        5435000   -102574.5990        15.3      -102483.7721       -90.8269 20m13s/Msamples
        5436000   -102568.5518        15.3      -102478.7690       -89.7828 20m13s/Msamples
        5437000   -102576.8153        15.3      -102486.5375       -90.2778 20m13s/Msamples
        5438000   -102571.2371        15.3      -102483.1228       -88.1142 20m13s/Msamples
        5439000   -102560.7062        15.3      -102478.1438       -82.5624 20m13s/Msamples
        5440000   -102566.9504        15.3      -102485.2452       -81.7052 20m13s/Msamples
        5441000   -102571.5875        15.3      -102484.8674       -86.7201 20m13s/Msamples
        5442000   -102563.6687        15.3      -102479.3345       -84.3342 20m13s/Msamples
        5443000   -102572.2178        15.3      -102487.0527       -85.1650 20m13s/Msamples
        5444000   -102577.0258        15.3      -102494.6923       -82.3334 20m13s/Msamples
        5445000   -102566.4528        15.3      -102487.7738       -78.6790 20m13s/Msamples
        5446000   -102573.6910        15.3      -102485.9970       -87.6939 20m13s/Msamples
        5447000   -102569.1869        15.3      -102485.1920       -83.9949 20m13s/Msamples
        5448000   -102567.1699        15.3      -102479.8435       -87.3263 20m13s/Msamples
        5449000   -102580.8071        15.3      -102483.7425       -97.0646 20m13s/Msamples
        5450000   -102580.4259        15.3      -102490.3495       -90.0764 20m13s/Msamples
        5451000   -102585.4730        15.4      -102497.9546       -87.5184 20m13s/Msamples
        5452000   -102572.0909        15.4      -102484.8342       -87.2566 20m13s/Msamples
        5453000   -102571.9267        15.4      -102488.9638       -82.9629 20m13s/Msamples
        5454000   -102581.5565        15.4      -102490.4457       -91.1108 20m13s/Msamples
        5455000   -102588.9498        15.4      -102492.8699       -96.0799 20m13s/Msamples
        5456000   -102592.0227        15.4      -102497.8402       -94.1824 20m13s/Msamples
        5457000   -102570.4365        15.5      -102483.2500       -87.1865 20m13s/Msamples
        5458000   -102560.8353        15.5      -102475.6634       -85.1719 20m13s/Msamples
        5459000   -102566.9728        15.4      -102476.2589       -90.7138 20m13s/Msamples
        5460000   -102573.3639        15.5      -102483.1229       -90.2409 20m13s/Msamples
        5461000   -102558.5472        15.5      -102470.4329       -88.1142 20m13s/Msamples
        5462000   -102569.5720        15.5      -102485.1467       -84.4253 20m13s/Msamples
        5463000   -102554.1209        15.5      -102471.6529       -82.4680 20m13s/Msamples
        5464000   -102558.2035        15.5      -102473.4410       -84.7624 20m13s/Msamples
        5465000   -102547.9295        15.4      -102468.7248       -79.2046 20m13s/Msamples
        5466000   -102556.7965        15.4      -102474.3447       -82.4518 20m13s/Msamples
        5467000   -102557.7766        15.4      -102475.3986       -82.3780 20m13s/Msamples
        5468000   -102546.2805        15.4      -102476.3230       -69.9574 20m13s/Msamples
        5469000   -102544.6830        15.4      -102474.2630       -70.4199 20m13s/Msamples
        5470000   -102554.4969        15.4      -102480.6732       -73.8237 20m13s/Msamples
        5471000   -102553.0840        15.4      -102476.1295       -76.9545 20m13s/Msamples
        5472000   -102558.2532        15.4      -102477.5854       -80.6678 20m13s/Msamples
        5473000   -102559.2966        15.4      -102480.3900       -78.9065 20m13s/Msamples
        5474000   -102557.3892        15.4      -102480.3922       -76.9969 20m13s/Msamples
        5475000   -102556.4067        15.4      -102477.4436       -78.9631 20m13s/Msamples
        5476000   -102549.4320        15.4      -102475.8322       -73.5998 20m13s/Msamples
        5477000   -102550.5333        15.4      -102483.7631       -66.7701 20m13s/Msamples
        5478000   -102542.2973        15.4      -102473.9356       -68.3617 20m13s/Msamples
        5479000   -102561.7450        15.4      -102483.9986       -77.7463 20m13s/Msamples
        5480000   -102577.4809        15.4      -102494.2947       -83.1861 20m13s/Msamples
        5481000   -102553.3600        15.4      -102478.2562       -75.1037 20m13s/Msamples
        5482000   -102548.8804        15.4      -102474.1344       -74.7459 20m13s/Msamples
        5483000   -102546.3658        15.4      -102475.8798       -70.4859 20m13s/Msamples
        5484000   -102566.9398        15.4      -102484.4475       -82.4923 20m13s/Msamples
        5485000   -102565.0243        15.4      -102486.3447       -78.6795 20m13s/Msamples
        5486000   -102561.0754        15.4      -102480.0507       -81.0247 20m13s/Msamples
        5487000   -102561.5771        15.4      -102479.0342       -82.5428 20m13s/Msamples
        5488000   -102564.9356        15.4      -102483.6280       -81.3075 20m13s/Msamples
        5489000   -102578.2541        15.4      -102500.1214       -78.1326 20m13s/Msamples
        5490000   -102568.6280        15.4      -102486.2062       -82.4217 20m13s/Msamples
        5491000   -102553.0410        15.4      -102475.2748       -77.7661 20m13s/Msamples
        5492000   -102563.4463        15.4      -102482.2691       -81.1771 20m13s/Msamples
        5493000   -102568.6228        15.4      -102484.9281       -83.6947 20m13s/Msamples
        5494000   -102571.4719        15.4      -102489.1334       -82.3385 20m13s/Msamples
        5495000   -102580.7798        15.4      -102492.4641       -88.3156 20m13s/Msamples
        5496000   -102566.0746        15.4      -102486.6483       -79.4263 20m13s/Msamples
        5497000   -102562.6073        15.4      -102487.2197       -75.3876 20m13s/Msamples
        5498000   -102572.5700        15.4      -102490.4150       -82.1549 20m13s/Msamples
        5499000   -102559.0511        15.4      -102481.8403       -77.2107 20m13s/Msamples
        5500000   -102560.9086        15.4      -102485.3525       -75.5561 20m13s/Msamples
        5501000   -102560.0474        15.4      -102479.9243       -80.1230 20m13s/Msamples
        5502000   -102560.7808        15.4      -102477.8681       -82.9127 20m13s/Msamples
        5503000   -102562.3761        15.4      -102485.8726       -76.5035 20m13s/Msamples
        5504000   -102562.6451        15.4      -102481.8906       -80.7545 20m13s/Msamples
        5505000   -102554.3620        15.4      -102477.3755       -76.9864 20m13s/Msamples
        5506000   -102567.2475        15.4      -102483.7827       -83.4648 20m13s/Msamples
        5507000   -102572.8414        15.4      -102488.7124       -84.1289 20m13s/Msamples
        5508000   -102574.0832        15.4      -102491.3334       -82.7497 20m13s/Msamples
        5509000   -102571.5639        15.4      -102491.4108       -80.1531 20m13s/Msamples
        5510000   -102565.9184        15.4      -102484.8260       -81.0924 20m13s/Msamples
        5511000   -102560.2099        15.4      -102481.8309       -78.3789 20m13s/Msamples
        5512000   -102559.2214        15.4      -102479.1989       -80.0225 20m13s/Msamples
        5513000   -102564.5099        15.4      -102484.5048       -80.0050 20m13s/Msamples
        5514000   -102551.1233        15.4      -102471.5696       -79.5537 20m13s/Msamples
        5515000   -102553.8614        15.4      -102474.7088       -79.1526 20m13s/Msamples
        5516000   -102551.6247        15.4      -102472.7692       -78.8554 20m13s/Msamples
        5517000   -102556.5197        15.4      -102475.9843       -80.5354 20m13s/Msamples
        5518000   -102566.3900        15.4      -102479.8442       -86.5457 20m13s/Msamples
        5519000   -102553.8773        15.4      -102471.0155       -82.8617 20m13s/Msamples
        5520000   -102568.1772        15.4      -102481.0519       -87.1253 20m13s/Msamples
        5521000   -102562.2264        15.4      -102478.5538       -83.6726 20m13s/Msamples
        5522000   -102573.2011        15.4      -102487.1754       -86.0256 20m13s/Msamples
        5523000   -102561.2865        15.4      -102480.8539       -80.4326 20m13s/Msamples
        5524000   -102570.2644        15.4      -102490.5913       -79.6731 20m13s/Msamples
        5525000   -102576.6236        15.4      -102498.2597       -78.3639 20m13s/Msamples
        5526000   -102557.7072        15.4      -102477.6538       -80.0534 20m13s/Msamples
        5527000   -102554.8772        15.4      -102480.1704       -74.7068 20m13s/Msamples
        5528000   -102566.7510        15.4      -102488.9496       -77.8013 20m13s/Msamples
        5529000   -102566.9657        15.4      -102487.9981       -78.9675 20m13s/Msamples
        5530000   -102563.8972        15.4      -102484.3401       -79.5571 20m13s/Msamples
        5531000   -102572.2591        15.4      -102491.7630       -80.4960 20m13s/Msamples
        5532000   -102556.5462        15.4      -102479.4678       -77.0783 20m13s/Msamples
        5533000   -102559.1036        15.4      -102480.9588       -78.1447 20m13s/Msamples
        5534000   -102568.5461        15.4      -102482.3857       -86.1604 20m13s/Msamples
        5535000   -102548.2065        15.4      -102474.2696       -73.9368 20m13s/Msamples
        5536000   -102573.0798        15.4      -102490.3073       -82.7724 20m13s/Msamples
        5537000   -102561.2027        15.4      -102475.4051       -85.7976 20m13s/Msamples
        5538000   -102562.2689        15.4      -102476.2313       -86.0375 20m13s/Msamples
        5539000   -102552.7552        15.4      -102476.5917       -76.1635 20m13s/Msamples
        5540000   -102566.0283        15.4      -102485.9875       -80.0407 20m13s/Msamples
        5541000   -102563.4428        15.4      -102481.9520       -81.4907 20m13s/Msamples
        5542000   -102562.5604        15.4      -102482.0521       -80.5083 20m13s/Msamples
        5543000   -102561.9314        15.4      -102480.7987       -81.1326 20m13s/Msamples
        5544000   -102563.2910        15.4      -102484.3343       -78.9566 20m13s/Msamples
        5545000   -102571.9538        15.4      -102487.7363       -84.2174 20m13s/Msamples
        5546000   -102560.2994        15.4      -102479.6627       -80.6366 20m13s/Msamples
        5547000   -102570.1287        15.4      -102479.5744       -90.5542 20m13s/Msamples
        5548000   -102569.6983        15.4      -102484.3001       -85.3982 20m13s/Msamples
        5549000   -102566.2979        15.4      -102476.7148       -89.5830 20m13s/Msamples
        5550000   -102571.8573        15.4      -102480.2781       -91.5791 20m13s/Msamples
        5551000   -102568.4332        15.4      -102477.5776       -90.8556 20m13s/Msamples
        5552000   -102565.1199        15.4      -102478.9288       -86.1911 20m13s/Msamples
        5553000   -102570.3606        15.4      -102482.6559       -87.7046 20m13s/Msamples
        5554000   -102575.9119        15.4      -102489.4573       -86.4546 20m13s/Msamples
        5555000   -102578.7096        15.4      -102493.5337       -85.1759 20m13s/Msamples
        5556000   -102575.7528        15.5      -102491.6812       -84.0715 20m13s/Msamples
        5557000   -102577.2556        15.5      -102490.5708       -86.6847 20m13s/Msamples
        5558000   -102572.0888        15.5      -102481.0234       -91.0653 20m13s/Msamples
        5559000   -102574.6310        15.5      -102485.3808       -89.2501 20m13s/Msamples
        5560000   -102572.8955        15.5      -102482.6771       -90.2183 20m13s/Msamples
        5561000   -102574.6145        15.5      -102482.1414       -92.4730 20m13s/Msamples
        5562000   -102581.5865        15.5      -102491.2174       -90.3691 20m13s/Msamples
        5563000   -102571.9778        15.5      -102487.1389       -84.8389 20m13s/Msamples
        5564000   -102562.0329        15.5      -102480.9301       -81.1027 20m13s/Msamples
        5565000   -102563.0613        15.5      -102480.2387       -82.8225 20m13s/Msamples
        5566000   -102566.5050        15.5      -102484.8989       -81.6061 20m13s/Msamples
        5567000   -102569.7463        15.5      -102489.7025       -80.0437 20m13s/Msamples
        5568000   -102573.6913        15.5      -102493.6887       -80.0025 20m13s/Msamples
        5569000   -102565.8230        15.5      -102481.5330       -84.2899 20m13s/Msamples
        5570000   -102560.9746        15.5      -102479.6668       -81.3077 20m13s/Msamples
        5571000   -102553.2459        15.5      -102474.9354       -78.3104 20m13s/Msamples
        5572000   -102571.9704        15.5      -102485.4955       -86.4749 20m13s/Msamples
        5573000   -102575.2147        15.5      -102494.7175       -80.4972 20m13s/Msamples
        5574000   -102584.2320        15.6      -102497.6679       -86.5641 20m13s/Msamples
        5575000   -102568.4596        15.6      -102491.5653       -76.8943 20m13s/Msamples
        5576000   -102581.5435        15.6      -102496.2163       -85.3271 20m13s/Msamples
        5577000   -102579.8831        15.6      -102494.8911       -84.9920 20m13s/Msamples
        5578000   -102573.6572        15.6      -102485.3263       -88.3309 20m13s/Msamples
        5579000   -102560.7855        15.6      -102476.1436       -84.6419 20m13s/Msamples
        5580000   -102555.4674        15.6      -102473.5669       -81.9004 20m13s/Msamples
        5581000   -102570.7280        15.6      -102482.4898       -88.2381 20m13s/Msamples
        5582000   -102568.9264        15.6      -102478.1212       -90.8052 20m13s/Msamples
        5583000   -102573.0666        15.6      -102479.1683       -93.8982 20m13s/Msamples
        5584000   -102573.3723        15.6      -102484.0032       -89.3691 20m13s/Msamples
        5585000   -102579.2289        15.6      -102488.6765       -90.5523 20m13s/Msamples
        5586000   -102569.8427        15.6      -102485.0094       -84.8332 20m13s/Msamples
        5587000   -102557.1683        15.6      -102476.6951       -80.4732 20m13s/Msamples
        5588000   -102563.4637        15.6      -102474.7443       -88.7193 20m13s/Msamples
        5589000   -102553.6715        15.6      -102468.4995       -85.1719 20m13s/Msamples
        5590000   -102561.2571        15.6      -102471.2539       -90.0032 20m13s/Msamples
        5591000   -102566.5053        15.6      -102478.7416       -87.7636 20m13s/Msamples
        5592000   -102561.8886        15.6      -102469.1238       -92.7647 20m13s/Msamples
        5593000   -102561.0638        15.6      -102469.0170       -92.0467 20m13s/Msamples
        5594000   -102560.0069        15.6      -102472.8966       -87.1102 20m13s/Msamples
        5595000   -102562.1366        15.6      -102475.8343       -86.3022 20m13s/Msamples
        5596000   -102572.6551        15.6      -102480.0146       -92.6405 20m13s/Msamples
        5597000   -102568.3161        15.6      -102475.1608       -93.1552 20m13s/Msamples
        5598000   -102578.8524        15.6      -102487.7670       -91.0854 20m13s/Msamples
        5599000   -102568.7594        15.6      -102478.0548       -90.7045 20m13s/Msamples
        5600000   -102573.2853        15.7      -102477.9304       -95.3548 20m13s/Msamples
        5601000   -102572.0781        15.7      -102473.9594       -98.1187 20m13s/Msamples
        5602000   -102574.6495        15.7      -102477.9627       -96.6867 20m14s/Msamples
        5603000   -102575.2213        15.7      -102477.6338       -97.5875 20m14s/Msamples
        5604000   -102588.5450        15.7      -102489.6740       -98.8710 20m13s/Msamples
        5605000   -102576.8789        15.7      -102479.2997       -97.5792 20m13s/Msamples
        5606000   -102578.1292        15.7      -102481.5513       -96.5779 20m13s/Msamples
        5607000   -102580.3745        15.7      -102482.9515       -97.4230 20m13s/Msamples
        5608000   -102574.7895        15.7      -102482.7944       -91.9950 20m13s/Msamples
        5609000   -102576.8397        15.8      -102484.9929       -91.8468 20m14s/Msamples
        5610000   -102583.5190        15.8      -102488.6063       -94.9127 20m14s/Msamples
        5611000   -102568.6128        15.8      -102473.8788       -94.7340 20m13s/Msamples
        5612000   -102577.4397        15.8      -102479.9696       -97.4701 20m14s/Msamples
        5613000   -102582.8478        15.8      -102485.3374       -97.5104 20m14s/Msamples
        5614000   -102577.0301        15.8      -102476.6837      -100.3463 20m14s/Msamples
        5615000   -102583.3016        15.8      -102485.7593       -97.5422 20m14s/Msamples
        5616000   -102581.6727        15.8      -102479.1626      -102.5101 20m14s/Msamples
        5617000   -102581.7006        15.9      -102478.6575      -103.0430 20m14s/Msamples
        5618000   -102586.4034        15.9      -102489.3241       -97.0792 20m14s/Msamples
        5619000   -102579.6365        15.9      -102481.3408       -98.2957 20m14s/Msamples
        5620000   -102578.4241        15.9      -102482.6252       -95.7989 20m14s/Msamples
        5621000   -102561.4936        15.9      -102470.5436       -90.9499 20m14s/Msamples
        5622000   -102557.4993        15.9      -102469.1976       -88.3016 20m14s/Msamples
        5623000   -102568.9874        15.9      -102475.0633       -93.9241 20m14s/Msamples
        5624000   -102569.7161        15.9      -102476.0097       -93.7063 20m14s/Msamples
        5625000   -102589.6415        15.9      -102487.6084      -102.0330 20m14s/Msamples
        5626000   -102586.1024        15.9      -102485.5401      -100.5622 20m14s/Msamples
        5627000   -102580.0332        16.0      -102485.7166       -94.3165 20m14s/Msamples
        5628000   -102587.7538        16.0      -102486.4843      -101.2694 20m14s/Msamples
        5629000   -102584.0454        16.0      -102488.8383       -95.2071 20m14s/Msamples
        5630000   -102577.0231        16.0      -102485.8439       -91.1791 20m14s/Msamples
        5631000   -102573.4072        16.0      -102478.9793       -94.4279 20m14s/Msamples
        5632000   -102575.7419        16.0      -102480.2334       -95.5085 20m14s/Msamples
        5633000   -102571.0798        16.0      -102481.4615       -89.6183 20m14s/Msamples
        5634000   -102583.0106        16.0      -102486.6014       -96.4092 20m14s/Msamples
        5635000   -102575.3614        16.1      -102482.1912       -93.1702 20m14s/Msamples
        5636000   -102577.3611        16.1      -102483.7076       -93.6534 20m14s/Msamples
        5637000   -102561.2685        16.1      -102472.6480       -88.6204 20m14s/Msamples
        5638000   -102557.3839        16.1      -102471.2002       -86.1837 20m14s/Msamples
        5639000   -102563.1332        16.1      -102477.7543       -85.3789 20m13s/Msamples
        5640000   -102564.4819        16.1      -102471.1617       -93.3201 20m13s/Msamples
        5641000   -102563.4614        16.1      -102468.0831       -95.3783 20m13s/Msamples
        5642000   -102565.8705        16.1      -102475.9692       -89.9012 20m13s/Msamples
        5643000   -102568.0340        16.1      -102477.9703       -90.0637 20m13s/Msamples
        5644000   -102560.0382        16.1      -102475.6665       -84.3716 20m13s/Msamples
        5645000   -102569.0365        16.1      -102480.6159       -88.4205 20m13s/Msamples
        5646000   -102571.2205        16.1      -102482.1603       -89.0601 20m13s/Msamples
        5647000   -102574.7256        16.1      -102491.4883       -83.2373 20m13s/Msamples
        5648000   -102579.6133        16.1      -102486.7182       -92.8950 20m13s/Msamples
        5649000   -102569.0554        16.1      -102478.2062       -90.8491 20m13s/Msamples
        5650000   -102566.7820        16.1      -102480.2481       -86.5338 20m13s/Msamples
        5651000   -102568.0352        16.1      -102478.5480       -89.4871 20m13s/Msamples
        5652000   -102557.9852        16.1      -102474.7982       -83.1869 20m13s/Msamples
        5653000   -102565.4549        16.1      -102478.8246       -86.6302 20m13s/Msamples
        5654000   -102564.1566        16.1      -102473.9785       -90.1780 20m13s/Msamples
        5655000   -102570.2000        16.1      -102482.7859       -87.4140 20m14s/Msamples
        5656000   -102569.5292        16.1      -102479.2978       -90.2313 20m14s/Msamples
        5657000   -102561.5626        16.1      -102477.9879       -83.5747 20m14s/Msamples
        5658000   -102566.1096        16.1      -102478.6881       -87.4215 20m14s/Msamples
        5659000   -102573.8718        16.1      -102482.6903       -91.1814 20m14s/Msamples
        5660000   -102568.7528        16.1      -102485.8680       -82.8848 20m14s/Msamples
        5661000   -102568.0358        16.1      -102480.1240       -87.9117 20m14s/Msamples
        5662000   -102570.2173        16.1      -102481.5588       -88.6584 20m14s/Msamples
        5663000   -102578.2044        16.1      -102487.1029       -91.1014 20m14s/Msamples
        5664000   -102581.2670        16.2      -102485.0321       -96.2349 20m14s/Msamples
        5665000   -102579.2347        16.2      -102479.0874      -100.1473 20m14s/Msamples
        5666000   -102580.9598        16.2      -102483.2935       -97.6663 20m14s/Msamples
        5667000   -102577.4302        16.2      -102481.7067       -95.7235 20m14s/Msamples
        5668000   -102577.1953        16.2      -102484.6229       -92.5723 20m14s/Msamples
        5669000   -102583.7612        16.2      -102488.0512       -95.7099 20m14s/Msamples
        5670000   -102578.7248        16.2      -102486.8387       -91.8860 20m14s/Msamples
        5671000   -102570.0130        16.2      -102477.6164       -92.3965 20m14s/Msamples
        5672000   -102574.4990        16.2      -102486.6677       -87.8312 20m14s/Msamples
        5673000   -102567.2489        16.2      -102484.0811       -83.1677 20m14s/Msamples
        5674000   -102559.0618        16.2      -102476.0553       -83.0064 20m14s/Msamples
        5675000   -102564.9827        16.2      -102483.8741       -81.1085 20m14s/Msamples
        5676000   -102562.8195        16.2      -102479.3446       -83.4748 20m14s/Msamples
        5677000   -102563.1260        16.2      -102473.4550       -89.6710 20m14s/Msamples
        5678000   -102571.6716        16.3      -102477.0253       -94.6462 20m14s/Msamples
        5679000   -102578.7576        16.3      -102483.4878       -95.2698 20m14s/Msamples
        5680000   -102579.8146        16.3      -102487.8234       -91.9912 20m14s/Msamples
        5681000   -102564.3320        16.3      -102474.2846       -90.0474 20m14s/Msamples
        5682000   -102586.3432        16.3      -102482.6144      -103.7288 20m14s/Msamples
        5683000   -102586.1790        16.3      -102483.5294      -102.6496 20m14s/Msamples
        5684000   -102583.5899        16.3      -102487.2646       -96.3252 20m14s/Msamples
        5685000   -102576.1497        16.3      -102474.2255      -101.9241 20m14s/Msamples
        5686000   -102587.3810        16.4      -102483.8309      -103.5501 20m14s/Msamples
        5687000   -102597.7726        16.4      -102494.7459      -103.0266 20m14s/Msamples
        5688000   -102581.7597        16.4      -102486.7230       -95.0366 20m14s/Msamples
        5689000   -102592.8385        16.4      -102490.8896      -101.9489 20m14s/Msamples
        5690000   -102591.1602        16.5      -102491.6413       -99.5189 20m14s/Msamples
        5691000   -102591.2533        16.5      -102491.7955       -99.4577 20m14s/Msamples
        5692000   -102600.3918        16.5      -102500.7334       -99.6584 20m14s/Msamples
        5693000   -102580.5882        16.5      -102481.7021       -98.8860 20m14s/Msamples
        5694000   -102572.0922        16.5      -102480.0892       -92.0030 20m14s/Msamples
        5695000   -102573.7688        16.5      -102478.3518       -95.4169 20m14s/Msamples
        5696000   -102569.7086        16.5      -102475.4812       -94.2274 20m14s/Msamples
        5697000   -102566.3527        16.5      -102475.6538       -90.6988 20m14s/Msamples
        5698000   -102570.0694        16.5      -102476.3769       -93.6925 20m14s/Msamples
        5699000   -102572.3116        16.6      -102473.9507       -98.3609 20m14s/Msamples
        5700000   -102575.9764        16.6      -102476.7369       -99.2395 20m14s/Msamples
        5701000   -102572.3719        16.6      -102472.4823       -99.8895 20m14s/Msamples
        5702000   -102572.1013        16.6      -102475.2449       -96.8563 20m14s/Msamples
        5703000   -102586.4803        16.6      -102489.7054       -96.7749 20m14s/Msamples
        5704000   -102574.8454        16.6      -102483.3480       -91.4973 20m14s/Msamples
        5705000   -102565.5055        16.6      -102475.0251       -90.4804 20m14s/Msamples
        5706000   -102576.9920        16.6      -102485.9993       -90.9926 20m14s/Msamples
        5707000   -102572.9888        16.6      -102478.7875       -94.2013 20m14s/Msamples
        5708000   -102577.4122        16.6      -102479.4159       -97.9963 20m14s/Msamples
        5709000   -102575.7437        16.6      -102476.7819       -98.9617 20m14s/Msamples
        5710000   -102581.7468        16.6      -102481.1697      -100.5770 20m14s/Msamples
        5711000   -102573.4280        16.7      -102477.1043       -96.3236 20m14s/Msamples
        5712000   -102578.7212        16.7      -102481.6987       -97.0224 20m14s/Msamples
        5713000   -102568.7127        16.7      -102476.7746       -91.9381 20m14s/Msamples
        5714000   -102579.8884        16.7      -102483.0697       -96.8187 20m14s/Msamples
        5715000   -102566.2772        16.7      -102477.3235       -88.9536 20m14s/Msamples
        5716000   -102566.9667        16.7      -102478.3479       -88.6187 20m14s/Msamples
        5717000   -102574.8120        16.7      -102485.3046       -89.5073 20m13s/Msamples
        5718000   -102572.5603        16.7      -102484.9524       -87.6079 20m13s/Msamples
        5719000   -102567.6454        16.7      -102482.6640       -84.9813 20m13s/Msamples
        5720000   -102561.8819        16.7      -102480.9080       -80.9738 20m13s/Msamples
        5721000   -102573.7699        16.7      -102481.5638       -92.2061 20m13s/Msamples
        5722000   -102572.5619        16.7      -102481.7886       -90.7732 20m13s/Msamples
        5723000   -102585.5938        16.7      -102488.2002       -97.3936 20m13s/Msamples
        5724000   -102589.9268        16.8      -102489.3236      -100.6032 20m13s/Msamples
        5725000   -102577.3778        16.8      -102483.6024       -93.7753 20m13s/Msamples
        5726000   -102572.9271        16.8      -102475.9383       -96.9887 20m13s/Msamples
        5727000   -102569.6299        16.8      -102477.0669       -92.5629 20m13s/Msamples
        5728000   -102564.5310        16.8      -102474.4872       -90.0438 20m13s/Msamples
        5729000   -102565.7792        16.8      -102475.8493       -89.9298 20m13s/Msamples
        5730000   -102563.7804        16.8      -102474.2734       -89.5070 20m14s/Msamples
        5731000   -102563.9789        16.8      -102466.2866       -97.6923 20m14s/Msamples
        5732000   -102561.8315        16.8      -102470.3951       -91.4363 20m14s/Msamples
        5733000   -102570.1592        16.8      -102474.7235       -95.4357 20m13s/Msamples
        5734000   -102580.9725        16.8      -102486.2340       -94.7385 20m14s/Msamples
        5735000   -102578.5291        16.8      -102481.9210       -96.6080 20m14s/Msamples
        5736000   -102565.5226        16.8      -102475.6281       -89.8945 20m13s/Msamples
        5737000   -102562.4605        16.8      -102470.4495       -92.0109 20m13s/Msamples
        5738000   -102561.4823        16.8      -102470.1960       -91.2862 20m13s/Msamples
        5739000   -102571.6720        16.8      -102479.3896       -92.2824 20m13s/Msamples
        5740000   -102565.8627        16.8      -102475.4885       -90.3741 20m13s/Msamples
        5741000   -102575.6598        16.8      -102482.7834       -92.8764 20m13s/Msamples
        5742000   -102577.6904        16.8      -102483.1758       -94.5145 20m13s/Msamples
        5743000   -102580.0538        16.8      -102484.7736       -95.2802 20m13s/Msamples
        5744000   -102577.3748        16.8      -102488.5507       -88.8241 20m14s/Msamples
        5745000   -102585.0773        16.9      -102488.7107       -96.3666 20m14s/Msamples
        5746000   -102579.8133        16.9      -102482.8709       -96.9423 20m14s/Msamples
        5747000   -102578.2694        16.9      -102480.6042       -97.6652 20m14s/Msamples
        5748000   -102572.5521        16.9      -102478.6887       -93.8634 20m14s/Msamples
        5749000   -102572.9775        16.9      -102484.6336       -88.3439 20m14s/Msamples
        5750000   -102580.0587        16.9      -102489.6106       -90.4480 20m14s/Msamples
        5751000   -102574.6660        16.9      -102484.4953       -90.1706 20m14s/Msamples
        5752000   -102586.9007        16.9      -102492.7951       -94.1055 20m14s/Msamples
        5753000   -102587.9987        16.9      -102493.9268       -94.0719 20m14s/Msamples
        5754000   -102584.2625        17.0      -102488.6150       -95.6474 20m14s/Msamples
        5755000   -102592.8958        17.0      -102493.2051       -99.6906 20m14s/Msamples
        5756000   -102596.5827        17.0      -102495.1879      -101.3948 20m14s/Msamples
        5757000   -102597.6803        17.0      -102500.8390       -96.8412 20m14s/Msamples
        5758000   -102605.8669        17.1      -102502.3508      -103.5161 20m14s/Msamples
        5759000   -102583.2663        17.1      -102486.6187       -96.6475 20m14s/Msamples
        5760000   -102583.3945        17.1      -102494.9741       -88.4204 20m14s/Msamples
        5761000   -102584.8016        17.1      -102491.5804       -93.2212 20m14s/Msamples
        5762000   -102580.8728        17.1      -102490.1132       -90.7596 20m14s/Msamples
        5763000   -102578.4481        17.1      -102490.9200       -87.5281 20m14s/Msamples
        5764000   -102584.0653        17.1      -102488.9766       -95.0887 20m14s/Msamples
        5765000   -102581.1405        17.1      -102487.9878       -93.1527 20m14s/Msamples
        5766000   -102579.2337        17.2      -102487.8560       -91.3777 20m14s/Msamples
        5767000   -102583.4379        17.2      -102489.3862       -94.0517 20m14s/Msamples
        5768000   -102568.0890        17.2      -102485.0835       -83.0055 20m14s/Msamples
        5769000   -102572.9774        17.2      -102490.0900       -82.8873 20m14s/Msamples
        5770000   -102552.7161        17.2      -102480.3742       -72.3419 20m14s/Msamples
        5771000   -102544.5191        17.2      -102466.7453       -77.7737 20m14s/Msamples
        5772000   -102537.7458        17.2      -102463.6557       -74.0900 20m14s/Msamples
        5773000   -102548.2086        17.2      -102470.3405       -77.8681 20m14s/Msamples
        5774000   -102549.2478        17.2      -102469.4106       -79.8371 20m14s/Msamples
        5775000   -102547.3630        17.2      -102470.8739       -76.4890 20m14s/Msamples
        5776000   -102545.0349        17.2      -102464.1793       -80.8555 20m14s/Msamples
        5777000   -102558.5934        17.2      -102473.5443       -85.0490 20m14s/Msamples
        5778000   -102550.3470        17.2      -102472.5961       -77.7509 20m13s/Msamples
        5779000   -102560.2115        17.2      -102480.3047       -79.9067 20m13s/Msamples
        5780000   -102565.4247        17.2      -102485.1675       -80.2572 20m13s/Msamples
        5781000   -102566.6223        17.2      -102477.6554       -88.9669 20m14s/Msamples
        5782000   -102562.6034        17.2      -102478.7421       -83.8613 20m14s/Msamples
        5783000   -102555.3815        17.2      -102471.5747       -83.8068 20m14s/Msamples
        5784000   -102549.4826        17.2      -102471.7140       -77.7686 20m13s/Msamples
        5785000   -102549.9205        17.2      -102469.3540       -80.5665 20m13s/Msamples
        5786000   -102567.7168        17.2      -102485.1966       -82.5202 20m13s/Msamples
        5787000   -102576.3866        17.2      -102490.5190       -85.8675 20m13s/Msamples
        5788000   -102577.1911        17.2      -102488.7192       -88.4719 20m13s/Msamples
        5789000   -102579.2576        17.2      -102489.6634       -89.5942 20m13s/Msamples
        5790000   -102567.2488        17.2      -102485.2674       -81.9813 20m13s/Msamples
        5791000   -102578.0948        17.2      -102490.4040       -87.6907 20m13s/Msamples
        5792000   -102586.5925        17.2      -102495.5134       -91.0790 20m13s/Msamples
        5793000   -102582.6922        17.3      -102495.2620       -87.4302 20m13s/Msamples
        5794000   -102583.3408        17.3      -102492.2764       -91.0644 20m13s/Msamples
        5795000   -102583.9423        17.3      -102484.3096       -99.6327 20m13s/Msamples
        5796000   -102592.8928        17.3      -102493.1275       -99.7652 20m13s/Msamples
        5797000   -102591.7837        17.3      -102488.7343      -103.0493 20m13s/Msamples
        5798000   -102587.0109        17.3      -102490.2347       -96.7762 20m13s/Msamples
        5799000   -102574.1829        17.3      -102482.0241       -92.1587 20m13s/Msamples
        5800000   -102580.3576        17.3      -102490.5865       -89.7711 20m13s/Msamples
        5801000   -102571.5227        17.3      -102488.7164       -82.8063 20m13s/Msamples
        5802000   -102570.6573        17.3      -102484.0975       -86.5597 20m13s/Msamples
        5803000   -102570.4632        17.4      -102484.6701       -85.7931 20m13s/Msamples
        5804000   -102560.0425        17.4      -102478.7809       -81.2615 20m13s/Msamples
        5805000   -102571.0683        17.4      -102488.7210       -82.3473 20m13s/Msamples
        5806000   -102561.8874        17.4      -102480.3366       -81.5507 20m13s/Msamples
        5807000   -102562.6552        17.4      -102476.1026       -86.5526 20m13s/Msamples
        5808000   -102565.9099        17.4      -102480.7325       -85.1774 20m13s/Msamples
        5809000   -102562.3377        17.4      -102476.2198       -86.1179 20m13s/Msamples
        5810000   -102551.9944        17.4      -102466.8970       -85.0974 20m13s/Msamples
        5811000   -102553.6950        17.4      -102471.1533       -82.5417 20m13s/Msamples
        5812000   -102554.5345        17.4      -102472.3477       -82.1867 20m13s/Msamples
        5813000   -102565.3755        17.4      -102483.2657       -82.1097 20m13s/Msamples
        5814000   -102561.2826        17.4      -102476.0486       -85.2340 20m13s/Msamples
        5815000   -102572.3329        17.4      -102487.3458       -84.9871 20m13s/Msamples
        5816000   -102555.9547        17.4      -102476.2574       -79.6973 20m13s/Msamples
        5817000   -102556.1557        17.4      -102475.3605       -80.7952 20m13s/Msamples
        5818000   -102567.6324        17.4      -102483.0565       -84.5759 20m13s/Msamples
        5819000   -102563.0588        17.4      -102475.0417       -88.0170 20m13s/Msamples
        5820000   -102561.5896        17.4      -102476.2742       -85.3153 20m13s/Msamples
        5821000   -102567.2957        17.4      -102481.4808       -85.8148 20m13s/Msamples
        5822000   -102568.9314        17.4      -102485.3059       -83.6254 20m13s/Msamples
        5823000   -102573.5069        17.4      -102485.1815       -88.3253 20m13s/Msamples
        5824000   -102556.0229        17.4      -102469.9105       -86.1124 20m13s/Msamples
        5825000   -102562.0101        17.4      -102471.6627       -90.3474 20m13s/Msamples
        5826000   -102561.2671        17.4      -102469.2765       -91.9906 20m13s/Msamples
        5827000   -102575.7744        17.4      -102478.7840       -96.9904 20m13s/Msamples
        5828000   -102582.4126        17.4      -102481.1760      -101.2366 20m13s/Msamples
        5829000   -102580.7240        17.4      -102480.5712      -100.1527 20m13s/Msamples
        5830000   -102582.1312        17.4      -102483.8616       -98.2695 20m13s/Msamples
        5831000   -102583.6698        17.4      -102484.5322       -99.1376 20m13s/Msamples
        5832000   -102587.9584        17.5      -102484.1331      -103.8252 20m13s/Msamples
        5833000   -102577.5257        17.5      -102477.3774      -100.1482 20m13s/Msamples
        5834000   -102578.8624        17.5      -102477.0512      -101.8111 20m13s/Msamples
        5835000   -102575.5436        17.5      -102478.0398       -97.5037 20m13s/Msamples
        5836000   -102590.2750        17.5      -102485.6043      -104.6707 20m13s/Msamples
        5837000   -102601.4630        17.5      -102490.3649      -111.0981 20m13s/Msamples
        5838000   -102595.5122        17.5      -102490.2913      -105.2208 20m13s/Msamples
        5839000   -102593.3310        17.5      -102490.8400      -102.4909 20m13s/Msamples
        5840000   -102598.4422        17.6      -102495.8302      -102.6119 20m13s/Msamples
        5841000   -102599.1271        17.6      -102490.0350      -109.0921 20m13s/Msamples
        5842000   -102593.8064        17.6      -102485.5095      -108.2968 20m13s/Msamples
        5843000   -102582.6614        17.6      -102473.9268      -108.7345 20m13s/Msamples
        5844000   -102591.6799        17.6      -102475.3505      -116.3294 20m13s/Msamples
        5845000   -102592.6534        17.6      -102480.4836      -112.1698 20m13s/Msamples
        5846000   -102588.6785        17.7      -102479.9781      -108.7003 20m13s/Msamples
        5847000   -102586.8609        17.7      -102479.2802      -107.5806 20m13s/Msamples
        5848000   -102584.9825        17.7      -102477.4422      -107.5403 20m13s/Msamples
        5849000   -102605.6203        17.7      -102494.9868      -110.6334 20m13s/Msamples
        5850000   -102599.2237        17.7      -102483.8858      -115.3378 20m13s/Msamples
        5851000   -102595.8960        17.7      -102479.3893      -116.5067 20m13s/Msamples
        5852000   -102600.3102        17.7      -102486.2667      -114.0434 20m13s/Msamples
        5853000   -102587.0182        17.8      -102480.2507      -106.7674 20m13s/Msamples
        5854000   -102584.3496        17.8      -102476.1310      -108.2185 20m13s/Msamples
        5855000   -102600.8105        17.8      -102485.9131      -114.8973 20m13s/Msamples
        5856000   -102588.0244        17.8      -102476.7676      -111.2567 20m13s/Msamples
        5857000   -102594.3801        17.8      -102482.3882      -111.9918 20m13s/Msamples
        5858000   -102581.0711        17.8      -102482.3759       -98.6952 20m13s/Msamples
        5859000   -102572.9218        17.8      -102471.1736      -101.7481 20m13s/Msamples
        5860000   -102578.8967        17.8      -102470.5028      -108.3938 20m13s/Msamples
        5861000   -102578.5163        17.8      -102471.8477      -106.6685 20m13s/Msamples
        5862000   -102573.4032        17.8      -102467.8289      -105.5743 20m13s/Msamples
        5863000   -102577.3239        17.8      -102471.8693      -105.4546 20m13s/Msamples
        5864000   -102573.8439        17.8      -102470.4956      -103.3482 20m13s/Msamples
        5865000   -102566.6642        17.8      -102467.0757       -99.5885 20m13s/Msamples
        5866000   -102568.9826        17.9      -102472.5919       -96.3907 20m13s/Msamples
        5867000   -102563.2401        17.9      -102467.5853       -95.6548 20m13s/Msamples
        5868000   -102568.7597        17.9      -102477.9137       -90.8460 20m13s/Msamples
        5869000   -102568.3111        17.9      -102476.1026       -92.2085 20m13s/Msamples
        5870000   -102560.0147        17.9      -102466.9144       -93.1002 20m13s/Msamples
        5871000   -102560.3020        17.9      -102464.7154       -95.5866 20m13s/Msamples
        5872000   -102578.4004        17.9      -102474.7356      -103.6647 20m13s/Msamples
        5873000   -102573.7638        17.9      -102475.5254       -98.2383 20m13s/Msamples
        5874000   -102569.3377        17.9      -102476.2229       -93.1148 20m13s/Msamples
        5875000   -102571.5594        17.9      -102471.4563      -100.1030 20m13s/Msamples
        5876000   -102578.0519        17.9      -102471.2852      -106.7667 20m13s/Msamples
        5877000   -102572.8011        17.9      -102474.1915       -98.6096 20m13s/Msamples
        5878000   -102574.1083        17.9      -102472.5237      -101.5846 20m13s/Msamples
        5879000   -102574.5495        17.9      -102476.8908       -97.6587 20m13s/Msamples
        5880000   -102583.4837        17.9      -102483.0114      -100.4722 20m13s/Msamples
        5881000   -102583.3094        17.9      -102483.8769       -99.4325 20m13s/Msamples
        5882000   -102584.3936        17.9      -102483.8110      -100.5826 20m13s/Msamples
        5883000   -102583.0693        17.9      -102479.6240      -103.4452 20m13s/Msamples
        5884000   -102577.6392        17.9      -102476.0969      -101.5423 20m13s/Msamples
        5885000   -102586.0180        17.9      -102485.6782      -100.3398 20m13s/Msamples
        5886000   -102580.7274        17.9      -102479.0233      -101.7041 20m13s/Msamples
        5887000   -102588.0205        18.0      -102478.8887      -109.1317 20m13s/Msamples
        5888000   -102580.6563        18.0      -102477.4616      -103.1947 20m13s/Msamples
        5889000   -102573.7839        18.0      -102475.4739       -98.3100 20m13s/Msamples
        5890000   -102572.3405        18.0      -102476.4759       -95.8645 20m13s/Msamples
        5891000   -102579.1309        18.0      -102479.2250       -99.9059 20m13s/Msamples
        5892000   -102584.2748        18.0      -102485.4890       -98.7857 20m13s/Msamples
        5893000   -102574.5419        18.0      -102481.0388       -93.5031 20m13s/Msamples
        5894000   -102571.5398        18.0      -102478.4299       -93.1099 20m13s/Msamples
        5895000   -102576.5678        18.0      -102481.1692       -95.3986 20m13s/Msamples
        5896000   -102569.6275        18.0      -102478.3617       -91.2657 20m13s/Msamples
        5897000   -102566.0314        18.0      -102469.9584       -96.0730 20m13s/Msamples
        5898000   -102574.9100        18.0      -102480.6179       -94.2920 20m13s/Msamples
        5899000   -102581.1860        18.0      -102483.5385       -97.6474 20m13s/Msamples
        5900000   -102579.3796        18.0      -102477.3714      -102.0082 20m13s/Msamples
        5901000   -102599.5980        18.0      -102492.8153      -106.7827 20m13s/Msamples
        5902000   -102604.6409        18.0      -102498.4643      -106.1766 20m13s/Msamples
        5903000   -102588.5261        18.1      -102484.9933      -103.5328 20m13s/Msamples
        5904000   -102587.5873        18.1      -102488.4375       -99.1497 20m13s/Msamples
        5905000   -102569.5428        18.1      -102473.6635       -95.8793 20m13s/Msamples
        5906000   -102570.8810        18.1      -102474.4890       -96.3920 20m13s/Msamples
        5907000   -102575.7168        18.1      -102478.3611       -97.3557 20m13s/Msamples
        5908000   -102564.7850        18.1      -102467.3594       -97.4256 20m13s/Msamples
        5909000   -102567.0881        18.1      -102467.3893       -99.6988 20m13s/Msamples
        5910000   -102561.1828        18.1      -102462.9506       -98.2322 20m13s/Msamples
        5911000   -102567.3645        18.1      -102471.2902       -96.0743 20m13s/Msamples
        5912000   -102566.7303        18.1      -102471.6314       -95.0988 20m13s/Msamples
        5913000   -102578.7464        18.1      -102478.3872      -100.3592 20m13s/Msamples
        5914000   -102573.4955        18.1      -102472.0895      -101.4060 20m14s/Msamples
        5915000   -102571.5136        18.1      -102473.6210       -97.8925 20m14s/Msamples
        5916000   -102573.8825        18.1      -102472.8118      -101.0706 20m14s/Msamples
        5917000   -102562.5244        18.1      -102467.6784       -94.8459 20m14s/Msamples
        5918000   -102572.8868        18.1      -102475.8343       -97.0524 20m13s/Msamples
        5919000   -102569.5812        18.1      -102473.6051       -95.9760 20m13s/Msamples
        5920000   -102564.1107        18.1      -102471.1784       -92.9322 20m13s/Msamples
        5921000   -102572.8458        18.1      -102479.2304       -93.6153 20m13s/Msamples
        5922000   -102583.8945        18.1      -102485.8799       -98.0145 20m13s/Msamples
        5923000   -102576.9875        18.1      -102479.9731       -97.0144 20m13s/Msamples
        5924000   -102571.7663        18.1      -102475.3120       -96.4542 20m13s/Msamples
        5925000   -102585.9854        18.1      -102483.2595      -102.7259 20m13s/Msamples
        5926000   -102596.6899        18.1      -102490.1146      -106.5753 20m13s/Msamples
        5927000   -102579.0894        18.2      -102480.9331       -98.1563 20m13s/Msamples
        5928000   -102589.3460        18.2      -102485.4471      -103.8989 20m13s/Msamples
        5929000   -102572.8960        18.2      -102475.3946       -97.5013 20m13s/Msamples
        5930000   -102574.1286        18.2      -102478.1804       -95.9482 20m13s/Msamples
        5931000   -102574.9039        18.2      -102476.4080       -98.4959 20m13s/Msamples
        5932000   -102568.4019        18.2      -102474.8140       -93.5878 20m13s/Msamples
        5933000   -102568.4726        18.2      -102472.7584       -95.7142 20m13s/Msamples
        5934000   -102557.6517        18.2      -102465.7067       -91.9450 20m13s/Msamples
        5935000   -102567.1553        18.2      -102471.8966       -95.2586 20m13s/Msamples
        5936000   -102576.8426        18.2      -102480.5096       -96.3330 20m13s/Msamples
        5937000   -102571.7200        18.2      -102475.6310       -96.0890 20m13s/Msamples
        5938000   -102580.7916        18.2      -102480.7317      -100.0598 20m13s/Msamples
        5939000   -102572.8942        18.2      -102476.2135       -96.6807 20m13s/Msamples
        5940000   -102569.5166        18.2      -102478.7672       -90.7493 20m14s/Msamples
        5941000   -102568.3433        18.2      -102476.4815       -91.8618 20m13s/Msamples
        5942000   -102563.6789        18.2      -102472.0857       -91.5932 20m13s/Msamples
        5943000   -102565.0269        18.2      -102476.3302       -88.6967 20m13s/Msamples
        5944000   -102571.2362        18.2      -102475.9139       -95.3222 20m13s/Msamples
        5945000   -102572.3430        18.2      -102475.1401       -97.2029 20m13s/Msamples
        5946000   -102567.0416        18.2      -102476.4847       -90.5569 20m13s/Msamples
        5947000   -102566.3025        18.2      -102473.9299       -92.3725 20m13s/Msamples
        5948000   -102580.8908        18.2      -102480.4278      -100.4630 20m13s/Msamples
        5949000   -102577.3547        18.2      -102480.1041       -97.2505 20m13s/Msamples
        5950000   -102582.4125        18.2      -102480.0347      -102.3778 20m13s/Msamples
        5951000   -102566.6208        18.2      -102466.8276       -99.7932 20m14s/Msamples
        5952000   -102583.2432        18.2      -102487.1922       -96.0510 20m14s/Msamples
        5953000   -102574.2599        18.2      -102477.8854       -96.3745 20m14s/Msamples
        5954000   -102569.2249        18.2      -102474.0822       -95.1427 20m14s/Msamples
        5955000   -102584.0530        18.3      -102491.4247       -92.6282 20m14s/Msamples
        5956000   -102573.3311        18.3      -102478.9919       -94.3392 20m14s/Msamples
        5957000   -102592.2532        18.3      -102490.4422      -101.8110 20m14s/Msamples
        5958000   -102575.3209        18.3      -102475.8413       -99.4795 20m14s/Msamples
        5959000   -102589.2156        18.3      -102482.5602      -106.6554 20m14s/Msamples
        5960000   -102587.2035        18.3      -102476.5581      -110.6454 20m14s/Msamples
        5961000   -102585.9144        18.3      -102480.6750      -105.2394 20m14s/Msamples
        5962000   -102582.7390        18.3      -102482.2721      -100.4669 20m14s/Msamples
        5963000   -102591.2527        18.3      -102487.1108      -104.1418 20m14s/Msamples
        5964000   -102592.4744        18.3      -102491.7736      -100.7008 20m14s/Msamples
        5965000   -102583.8492        18.3      -102482.1622      -101.6869 20m14s/Msamples
        5966000   -102585.8573        18.3      -102481.7967      -104.0605 20m14s/Msamples
        5967000   -102591.6742        18.3      -102491.7374       -99.9367 20m14s/Msamples
        5968000   -102575.2608        18.3      -102476.1327       -99.1280 20m14s/Msamples
        5969000   -102580.9591        18.3      -102478.5070      -102.4521 20m14s/Msamples
        5970000   -102578.2150        18.3      -102472.8996      -105.3153 20m14s/Msamples
        5971000   -102596.1757        18.3      -102486.7664      -109.4092 20m14s/Msamples
        5972000   -102586.6151        18.4      -102480.0523      -106.5628 20m14s/Msamples
        5973000   -102589.5952        18.4      -102479.8516      -109.7435 20m14s/Msamples
        5974000   -102583.1271        18.4      -102478.6106      -104.5165 20m14s/Msamples
        5975000   -102585.7558        18.4      -102484.0880      -101.6677 20m14s/Msamples
        5976000   -102574.3601        18.4      -102473.7415      -100.6185 20m14s/Msamples
        5977000   -102570.1086        18.4      -102477.1525       -92.9561 20m14s/Msamples
        5978000   -102563.9906        18.4      -102468.7568       -95.2337 20m14s/Msamples
        5979000   -102569.8473        18.4      -102472.5127       -97.3345 20m14s/Msamples
        5980000   -102566.3782        18.4      -102469.2828       -97.0954 20m14s/Msamples
        5981000   -102555.0808        18.4      -102461.7097       -93.3710 20m14s/Msamples
        5982000   -102571.1031        18.4      -102468.4953      -102.6078 20m14s/Msamples
        5983000   -102573.5385        18.4      -102470.4668      -103.0717 20m14s/Msamples
        5984000   -102580.3168        18.4      -102469.8982      -110.4185 20m14s/Msamples
        5985000   -102583.5983        18.4      -102477.0540      -106.5442 20m14s/Msamples
        5986000   -102584.1884        18.4      -102477.9063      -106.2821 20m14s/Msamples
        5987000   -102591.9713        18.4      -102481.9303      -110.0410 20m14s/Msamples
        5988000   -102594.0139        18.4      -102487.1854      -106.8284 20m14s/Msamples
        5989000   -102587.5470        18.4      -102479.5317      -108.0152 20m14s/Msamples
        5990000   -102580.6943        18.4      -102476.8891      -103.8051 20m14s/Msamples
        5991000   -102579.3226        18.4      -102473.3242      -105.9984 20m14s/Msamples
        5992000   -102578.7266        18.4      -102477.1439      -101.5826 20m14s/Msamples
        5993000   -102580.4570        18.4      -102476.6439      -103.8130 20m14s/Msamples
        5994000   -102579.8665        18.4      -102481.7478       -98.1187 20m14s/Msamples
        5995000   -102578.9886        18.4      -102478.7802      -100.2084 20m14s/Msamples
        5996000   -102583.8152        18.5      -102477.9141      -105.9011 20m14s/Msamples
        5997000   -102587.5307        18.5      -102481.7567      -105.7740 20m14s/Msamples
        5998000   -102589.4992        18.5      -102485.8005      -103.6987 20m14s/Msamples
        5999000   -102595.4843        18.5      -102487.0201      -108.4642 20m14s/Msamples
        6000000   -102598.1215        18.5      -102493.8377      -104.2838 20m14s/Msamples
        6001000   -102592.2067        18.5      -102488.7939      -103.4128 20m14s/Msamples
        6002000   -102578.8122        18.5      -102477.5342      -101.2780 20m14s/Msamples
        6003000   -102592.8141        18.5      -102486.8652      -105.9488 20m14s/Msamples
        6004000   -102601.1026        18.5      -102490.3658      -110.7368 20m14s/Msamples
        6005000   -102591.5484        18.5      -102483.0069      -108.5415 20m14s/Msamples
        6006000   -102599.9760        18.5      -102486.7330      -113.2429 20m14s/Msamples
        6007000   -102597.6574        18.5      -102486.9941      -110.6632 20m14s/Msamples
        6008000   -102584.7063        18.5      -102474.8127      -109.8936 20m14s/Msamples
        6009000   -102594.4698        18.5      -102485.2415      -109.2282 20m14s/Msamples
        6010000   -102584.8959        18.5      -102478.8980      -105.9978 20m14s/Msamples
        6011000   -102580.4005        18.5      -102469.6715      -110.7290 20m14s/Msamples
        6012000   -102576.2303        18.5      -102470.6100      -105.6202 20m14s/Msamples
        6013000   -102575.0132        18.5      -102470.3506      -104.6625 20m14s/Msamples
        6014000   -102578.9923        18.5      -102474.5437      -104.4486 20m14s/Msamples
        6015000   -102579.0814        18.5      -102473.1977      -105.8837 20m14s/Msamples
        6016000   -102579.1587        18.5      -102480.3385       -98.8201 20m14s/Msamples
        6017000   -102572.6173        18.5      -102474.0683       -98.5490 20m14s/Msamples
        6018000   -102582.8137        18.5      -102482.3413      -100.4723 20m14s/Msamples
        6019000   -102586.8272        18.5      -102480.5344      -106.2927 20m14s/Msamples
        6020000   -102584.3416        18.5      -102475.6474      -108.6941 20m14s/Msamples
        6021000   -102579.3871        18.5      -102476.1699      -103.2171 20m14s/Msamples
        6022000   -102581.0997        18.5      -102477.2348      -103.8648 20m14s/Msamples
        6023000   -102586.0524        18.6      -102476.8760      -109.1763 20m14s/Msamples
        6024000   -102580.5690        18.6      -102472.4163      -108.1527 20m14s/Msamples
        6025000   -102586.2263        18.6      -102480.1273      -106.0989 20m14s/Msamples
        6026000   -102577.3949        18.6      -102474.3122      -103.0826 20m14s/Msamples
        6027000   -102574.6845        18.6      -102472.9959      -101.6886 20m14s/Msamples
        6028000   -102583.8183        18.6      -102481.0114      -102.8068 20m14s/Msamples
        6029000   -102576.7157        18.6      -102475.8070      -100.9087 20m14s/Msamples
        6030000   -102591.8842        18.6      -102486.7594      -105.1248 20m14s/Msamples
        6031000   -102587.7250        18.6      -102482.9552      -104.7697 20m14s/Msamples
        6032000   -102582.4826        18.6      -102478.5608      -103.9217 20m14s/Msamples
        6033000   -102594.5831        18.6      -102490.4629      -104.1201 20m14s/Msamples
        6034000   -102581.0149        18.6      -102479.3419      -101.6730 20m14s/Msamples
        6035000   -102576.7406        18.6      -102475.5323      -101.2082 20m14s/Msamples
        6036000   -102577.4753        18.6      -102478.9646       -98.5106 20m14s/Msamples
        6037000   -102575.9618        18.6      -102473.8455      -102.1163 20m14s/Msamples
        6038000   -102579.2453        18.6      -102478.8209      -100.4244 20m14s/Msamples
        6039000   -102573.1369        18.6      -102475.4231       -97.7137 20m14s/Msamples
        6040000   -102583.6830        18.6      -102483.9608       -99.7221 20m14s/Msamples
        6041000   -102588.8314        18.6      -102486.5809      -102.2504 20m14s/Msamples
        6042000   -102597.9415        18.6      -102489.5208      -108.4206 20m14s/Msamples
        6043000   -102586.7671        18.6      -102484.5922      -102.1748 20m14s/Msamples
        6044000   -102584.0625        18.6      -102479.9172      -104.1452 20m14s/Msamples
        6045000   -102578.0912        18.6      -102475.6206      -102.4706 20m14s/Msamples
        6046000   -102598.5968        18.6      -102497.2954      -101.3014 20m14s/Msamples
        6047000   -102587.1091        18.6      -102485.3416      -101.7675 20m14s/Msamples
        6048000   -102585.3779        18.6      -102478.0876      -107.2902 20m14s/Msamples
        6049000   -102575.4255        18.6      -102478.0330       -97.3925 20m14s/Msamples
        6050000   -102573.0636        18.6      -102477.8436       -95.2199 20m14s/Msamples
        6051000   -102569.2254        18.6      -102473.7264       -95.4990 20m14s/Msamples
        6052000   -102567.1529        18.6      -102473.1633       -93.9895 20m14s/Msamples
        6053000   -102577.3483        18.6      -102480.0973       -97.2509 20m14s/Msamples
        6054000   -102573.8449        18.6      -102477.2813       -96.5636 20m14s/Msamples
        6055000   -102582.2639        18.6      -102486.4062       -95.8577 20m14s/Msamples
        6056000   -102584.3586        18.6      -102482.8214      -101.5372 20m14s/Msamples
        6057000   -102598.3524        18.6      -102490.0298      -108.3226 20m14s/Msamples
        6058000   -102575.9450        18.6      -102478.1342       -97.8108 20m14s/Msamples
        6059000   -102583.7676        18.6      -102478.4026      -105.3649 20m14s/Msamples
        6060000   -102592.6118        18.6      -102483.5067      -109.1050 20m14s/Msamples
        6061000   -102583.5234        18.6      -102476.9058      -106.6176 20m14s/Msamples
        6062000   -102581.4772        18.6      -102477.7450      -103.7322 20m14s/Msamples
        6063000   -102579.7514        18.6      -102478.1166      -101.6348 20m14s/Msamples
        6064000   -102572.1869        18.6      -102471.3017      -100.8852 20m14s/Msamples
        6065000   -102577.8639        18.6      -102477.0754      -100.7885 20m14s/Msamples
        6066000   -102581.9178        18.6      -102487.7928       -94.1250 20m14s/Msamples
        6067000   -102578.2670        18.6      -102485.0081       -93.2589 20m14s/Msamples
        6068000   -102576.7400        18.6      -102479.2801       -97.4598 20m14s/Msamples
        6069000   -102580.7290        18.6      -102481.8016       -98.9273 20m14s/Msamples
        6070000   -102583.6801        18.6      -102485.9425       -97.7376 20m14s/Msamples
        6071000   -102575.4606        18.6      -102484.9650       -90.4956 20m14s/Msamples
        6072000   -102579.3970        18.6      -102489.0800       -90.3169 20m14s/Msamples
        6073000   -102576.8065        18.6      -102484.9076       -91.8989 20m14s/Msamples
        6074000   -102579.7946        18.6      -102485.4760       -94.3185 20m14s/Msamples
        6075000   -102576.2978        18.6      -102484.4911       -91.8067 20m14s/Msamples
        6076000   -102578.1671        18.6      -102485.9087       -92.2584 20m14s/Msamples
        6077000   -102573.9095        18.7      -102478.3644       -95.5451 20m14s/Msamples
        6078000   -102588.9851        18.7      -102489.0112       -99.9739 20m14s/Msamples
        6079000   -102582.6582        18.6      -102486.9785       -95.6797 20m14s/Msamples
        6080000   -102582.4958        18.6      -102485.5215       -96.9743 20m14s/Msamples
        6081000   -102580.5671        18.6      -102484.8766       -95.6904 20m14s/Msamples
        6082000   -102572.4263        18.7      -102480.9239       -91.5024 20m14s/Msamples
        6083000   -102570.9180        18.7      -102482.4738       -88.4442 20m14s/Msamples
        6084000   -102574.8500        18.7      -102479.3458       -95.5042 20m14s/Msamples
        6085000   -102571.7614        18.7      -102478.5399       -93.2215 20m14s/Msamples
        6086000   -102575.6113        18.7      -102483.7600       -91.8513 20m14s/Msamples
        6087000   -102577.4700        18.7      -102479.1040       -98.3659 20m14s/Msamples
        6088000   -102574.7968        18.7      -102478.7267       -96.0701 20m14s/Msamples
        6089000   -102578.8944        18.7      -102486.3029       -92.5914 20m14s/Msamples
        6090000   -102585.3062        18.7      -102486.4187       -98.8874 20m14s/Msamples
        6091000   -102584.7096        18.7      -102489.3535       -95.3560 20m14s/Msamples
        6092000   -102569.2697        18.7      -102477.7105       -91.5592 20m14s/Msamples
        6093000   -102580.6961        18.7      -102486.2671       -94.4289 20m14s/Msamples
        6094000   -102569.6476        18.7      -102476.3309       -93.3166 20m14s/Msamples
        6095000   -102576.4823        18.7      -102486.3299       -90.1523 20m14s/Msamples
        6096000   -102568.4486        18.7      -102484.1557       -84.2928 20m14s/Msamples
        6097000   -102568.5055        18.7      -102487.3056       -81.1999 20m14s/Msamples
        6098000   -102571.6702        18.7      -102483.4200       -88.2501 20m14s/Msamples
        6099000   -102568.7192        18.7      -102484.5834       -84.1357 20m14s/Msamples
        6100000   -102576.1134        18.7      -102487.7766       -88.3367 20m14s/Msamples
        6101000   -102579.9775        18.7      -102484.9192       -95.0583 20m14s/Msamples
        6102000   -102578.4813        18.7      -102476.9130      -101.5683 20m14s/Msamples
        6103000   -102583.9773        18.7      -102483.6419      -100.3354 20m14s/Msamples
        6104000   -102581.9691        18.7      -102484.5142       -97.4548 20m14s/Msamples
        6105000   -102579.9312        18.7      -102482.7385       -97.1927 20m14s/Msamples
        6106000   -102572.8105        18.7      -102477.9119       -94.8986 20m14s/Msamples
        6107000   -102568.5103        18.7      -102481.7580       -86.7523 20m14s/Msamples
        6108000   -102560.3917        18.7      -102476.9639       -83.4277 20m14s/Msamples
        6109000   -102575.0574        18.7      -102482.0104       -93.0469 20m14s/Msamples
        6110000   -102566.7864        18.7      -102483.2048       -83.5815 20m14s/Msamples
        6111000   -102562.9180        18.7      -102476.7071       -86.2108 20m14s/Msamples
        6112000   -102572.4612        18.7      -102481.1089       -91.3523 20m14s/Msamples
        6113000   -102578.4354        18.7      -102484.6227       -93.8126 20m14s/Msamples
        6114000   -102581.0301        18.7      -102486.0208       -95.0093 20m14s/Msamples
        6115000   -102577.2829        18.7      -102486.9232       -90.3597 20m14s/Msamples
        6116000   -102567.9513        18.7      -102481.6628       -86.2884 20m14s/Msamples
        6117000   -102567.7122        18.7      -102485.4270       -82.2851 20m14s/Msamples
        6118000   -102572.9484        18.7      -102488.0928       -84.8555 20m14s/Msamples
        6119000   -102582.9793        18.7      -102491.9584       -91.0208 20m14s/Msamples
        6120000   -102580.8458        18.7      -102489.2276       -91.6181 20m14s/Msamples
        6121000   -102579.9005        18.7      -102485.1453       -94.7552 20m14s/Msamples
        6122000   -102565.4026        18.7      -102478.3155       -87.0871 20m14s/Msamples
        6123000   -102575.1378        18.7      -102485.4945       -89.6433 20m14s/Msamples
        6124000   -102569.2676        18.7      -102476.5378       -92.7297 20m14s/Msamples
        6125000   -102577.1601        18.7      -102485.4036       -91.7565 20m14s/Msamples
        6126000   -102572.2250        18.7      -102483.2350       -88.9899 20m14s/Msamples
        6127000   -102577.4597        18.7      -102483.7775       -93.6821 20m14s/Msamples
        6128000   -102585.2533        18.7      -102492.7947       -92.4585 20m14s/Msamples
        6129000   -102580.3977        18.7      -102488.0008       -92.3968 20m14s/Msamples
        6130000   -102564.2730        18.7      -102482.1270       -82.1459 20m14s/Msamples
        6131000   -102568.9196        18.7      -102485.6685       -83.2511 20m14s/Msamples
        6132000   -102581.3295        18.7      -102491.6593       -89.6702 20m14s/Msamples
        6133000   -102577.0708        18.7      -102492.1943       -84.8765 20m14s/Msamples
        6134000   -102569.6439        18.7      -102485.7228       -83.9210 20m14s/Msamples
        6135000   -102567.8228        18.7      -102483.6028       -84.2200 20m14s/Msamples
        6136000   -102579.2049        18.7      -102488.2387       -90.9661 20m14s/Msamples
        6137000   -102572.3879        18.7      -102481.5432       -90.8446 20m14s/Msamples
        6138000   -102570.5256        18.7      -102479.0446       -91.4810 20m14s/Msamples
        6139000   -102575.7358        18.7      -102483.2919       -92.4438 20m14s/Msamples
        6140000   -102575.4771        18.7      -102482.2908       -93.1863 20m14s/Msamples
        6141000   -102580.7266        18.7      -102485.6045       -95.1221 20m14s/Msamples
        6142000   -102583.3061        18.7      -102494.6945       -88.6116 20m14s/Msamples
        6143000   -102574.5519        18.7      -102481.4156       -93.1363 20m14s/Msamples
        6144000   -102579.5529        18.7      -102481.3475       -98.2053 20m14s/Msamples
        6145000   -102596.0646        18.7      -102494.5239      -101.5407 20m14s/Msamples
        6146000   -102577.8555        18.7      -102482.2700       -95.5854 20m14s/Msamples
        6147000   -102577.1382        18.7      -102485.7455       -91.3926 20m14s/Msamples
        6148000   -102588.4249        18.7      -102497.6198       -90.8051 20m14s/Msamples
        6149000   -102594.0947        18.7      -102501.5728       -92.5219 20m14s/Msamples
        6150000   -102586.1907        18.7      -102493.2514       -92.9393 20m14s/Msamples
        6151000   -102585.8832        18.7      -102496.6143       -89.2688 20m14s/Msamples
        6152000   -102581.2766        18.7      -102487.6988       -93.5778 20m14s/Msamples
        6153000   -102588.1432        18.7      -102491.8008       -96.3423 20m14s/Msamples
        6154000   -102575.0912        18.7      -102483.4728       -91.6184 20m14s/Msamples
        6155000   -102580.2257        18.7      -102490.0454       -90.1803 20m14s/Msamples
        6156000   -102587.3019        18.7      -102492.0144       -95.2875 20m14s/Msamples
        6157000   -102597.4764        18.7      -102496.3905      -101.0858 20m14s/Msamples
        6158000   -102597.4726        18.7      -102499.8533       -97.6192 20m14s/Msamples
        6159000   -102581.3943        18.7      -102480.9297      -100.4646 20m14s/Msamples
        6160000   -102583.5660        18.7      -102489.3792       -94.1867 20m14s/Msamples
        6161000   -102576.7524        18.7      -102484.3622       -92.3901 20m14s/Msamples
        6162000   -102564.9196        18.7      -102474.8471       -90.0725 20m14s/Msamples
        6163000   -102568.9370        18.7      -102476.5988       -92.3381 20m14s/Msamples
        6164000   -102559.0920        18.8      -102475.3253       -83.7667 20m14s/Msamples
        6165000   -102575.6549        18.8      -102477.7189       -97.9360 20m14s/Msamples
        6166000   -102573.3754        18.8      -102478.6656       -94.7097 20m14s/Msamples
        6167000   -102561.8996        18.8      -102471.8055       -90.0940 20m14s/Msamples
        6168000   -102571.5310        18.8      -102480.5916       -90.9394 20m14s/Msamples
        6169000   -102569.7298        18.8      -102481.3543       -88.3754 20m14s/Msamples
        6170000   -102564.5172        18.8      -102479.5274       -84.9897 20m14s/Msamples
        6171000   -102565.3532        18.8      -102484.5569       -80.7963 20m14s/Msamples
        6172000   -102571.0958        18.8      -102478.9940       -92.1017 20m14s/Msamples
        6173000   -102566.5275        18.8      -102481.7215       -84.8059 20m14s/Msamples
        6174000   -102567.5519        18.8      -102483.6489       -83.9030 20m14s/Msamples
        6175000   -102569.6338        18.8      -102479.3532       -90.2805 20m14s/Msamples
        6176000   -102568.2163        18.8      -102485.1574       -83.0589 20m14s/Msamples
        6177000   -102557.4654        18.8      -102472.5262       -84.9391 20m14s/Msamples
        6178000   -102565.9788        18.8      -102478.6116       -87.3671 20m14s/Msamples
        6179000   -102556.2089        18.8      -102471.5441       -84.6648 20m14s/Msamples
        6180000   -102578.2196        18.8      -102495.4946       -82.7250 20m14s/Msamples
        6181000   -102561.0003        18.8      -102480.4573       -80.5429 20m14s/Msamples
        6182000   -102567.1066        18.8      -102483.8172       -83.2893 20m14s/Msamples
        6183000   -102581.0476        18.8      -102493.3829       -87.6647 20m14s/Msamples
        6184000   -102570.6380        18.8      -102484.3973       -86.2407 20m14s/Msamples
        6185000   -102566.8352        18.8      -102476.6382       -90.1969 20m14s/Msamples
        6186000   -102569.2864        18.8      -102476.2501       -93.0362 20m14s/Msamples
        6187000   -102590.3653        18.8      -102497.6543       -92.7109 20m14s/Msamples
        6188000   -102564.9710        18.8      -102477.4321       -87.5389 20m14s/Msamples
        6189000   -102566.5796        18.8      -102485.9879       -80.5917 20m14s/Msamples
        6190000   -102570.3808        18.8      -102478.3137       -92.0670 20m14s/Msamples
        6191000   -102555.4343        18.9      -102468.0913       -87.3429 20m14s/Msamples
        6192000   -102559.7747        18.9      -102475.9110       -83.8637 20m14s/Msamples
        6193000   -102556.2720        18.9      -102468.2137       -88.0583 20m14s/Msamples
        6194000   -102567.9251        18.9      -102478.1507       -89.7744 20m14s/Msamples
        6195000   -102561.5550        18.9      -102480.6007       -80.9543 20m14s/Msamples
        6196000   -102561.3868        18.9      -102478.5532       -82.8336 20m14s/Msamples
        6197000   -102585.3641        18.9      -102493.6835       -91.6805 20m14s/Msamples
        6198000   -102583.9295        18.9      -102491.6709       -92.2586 20m14s/Msamples
        6199000   -102571.8588        18.9      -102483.9743       -87.8844 20m14s/Msamples
        6200000   -102569.1119        18.9      -102486.3579       -82.7539 20m14s/Msamples
        6201000   -102579.7577        18.9      -102492.6647       -87.0929 20m14s/Msamples
        6202000   -102580.4629        18.9      -102489.3195       -91.1434 20m14s/Msamples
        6203000   -102573.0422        18.9      -102489.3574       -83.6848 20m14s/Msamples
        6204000   -102580.1948        18.9      -102489.3049       -90.8899 20m14s/Msamples
        6205000   -102585.2682        18.9      -102487.8058       -97.4623 20m14s/Msamples
        6206000   -102575.3087        18.9      -102479.6851       -95.6236 20m14s/Msamples
        6207000   -102578.0339        18.9      -102481.6270       -96.4068 20m14s/Msamples
        6208000   -102578.4834        18.9      -102484.0629       -94.4204 20m14s/Msamples
        6209000   -102571.3685        18.9      -102484.1639       -87.2046 20m14s/Msamples
        6210000   -102567.9350        18.9      -102479.9792       -87.9558 20m14s/Msamples
        6211000   -102557.3855        18.9      -102473.2908       -84.0946 20m14s/Msamples
        6212000   -102559.7505        18.9      -102473.6196       -86.1309 20m14s/Msamples
        6213000   -102569.2995        18.9      -102476.3391       -92.9604 20m14s/Msamples
        6214000   -102565.9765        18.9      -102477.0298       -88.9466 20m14s/Msamples
        6215000   -102559.3851        18.9      -102472.6446       -86.7404 20m14s/Msamples
        6216000   -102557.9179        18.9      -102472.3396       -85.5782 20m14s/Msamples
        6217000   -102566.7257        19.0      -102479.1989       -87.5267 20m14s/Msamples
        6218000   -102567.7456        19.0      -102478.2292       -89.5164 20m14s/Msamples
        6219000   -102567.8161        19.0      -102478.3800       -89.4360 20m14s/Msamples
        6220000   -102575.8833        19.0      -102492.4786       -83.4046 20m14s/Msamples
        6221000   -102574.3830        19.0      -102484.8359       -89.5471 20m14s/Msamples
        6222000   -102577.3455        19.0      -102483.0242       -94.3212 20m14s/Msamples
        6223000   -102560.2985        19.0      -102476.4708       -83.8276 20m14s/Msamples
        6224000   -102570.1705        19.0      -102481.2142       -88.9562 20m14s/Msamples
        6225000   -102579.3144        19.0      -102490.3336       -88.9808 20m14s/Msamples
        6226000   -102563.5067        19.0      -102478.7367       -84.7699 20m14s/Msamples
        6227000   -102564.1775        19.0      -102478.4367       -85.7408 20m14s/Msamples
        6228000   -102561.5717        19.0      -102474.0935       -87.4781 20m14s/Msamples
        6229000   -102565.0111        19.0      -102482.7513       -82.2597 20m14s/Msamples
        6230000   -102553.1161        19.0      -102472.1540       -80.9621 20m14s/Msamples
        6231000   -102568.3888        19.0      -102483.7490       -84.6397 20m14s/Msamples
        6232000   -102568.5777        19.0      -102480.7117       -87.8659 20m14s/Msamples
        6233000   -102572.9768        19.0      -102483.6811       -89.2957 20m14s/Msamples
        6234000   -102569.5565        19.0      -102479.4750       -90.0814 20m14s/Msamples
        6235000   -102560.2673        19.0      -102473.4656       -86.8016 20m14s/Msamples
        6236000   -102563.5603        19.0      -102477.7122       -85.8481 20m14s/Msamples
        6237000   -102561.3315        19.0      -102476.8731       -84.4584 20m14s/Msamples
        6238000   -102561.8986        19.0      -102472.2642       -89.6343 20m14s/Msamples
        6239000   -102559.5956        19.0      -102475.7840       -83.8115 20m14s/Msamples
        6240000   -102549.3575        19.1      -102471.4991       -77.8584 20m14s/Msamples
        6241000   -102561.9316        19.1      -102473.3591       -88.5725 20m14s/Msamples
        6242000   -102566.3245        19.1      -102479.0297       -87.2947 20m14s/Msamples
        6243000   -102563.0419        19.1      -102475.7057       -87.3361 20m14s/Msamples
        6244000   -102564.9015        19.1      -102474.5346       -90.3668 20m14s/Msamples
        6245000   -102573.7526        19.1      -102482.0553       -91.6973 20m14s/Msamples
        6246000   -102572.0836        19.1      -102478.9576       -93.1260 20m14s/Msamples
        6247000   -102576.2114        19.1      -102484.2138       -91.9976 20m14s/Msamples
        6248000   -102570.0298        19.1      -102481.3950       -88.6347 20m14s/Msamples
        6249000   -102573.2905        19.1      -102491.3672       -81.9232 20m14s/Msamples
        6250000   -102573.5187        19.1      -102487.6706       -85.8480 20m14s/Msamples
        6251000   -102576.5659        19.1      -102491.3610       -85.2048 20m14s/Msamples
        6252000   -102581.6140        19.1      -102493.7598       -87.8541 20m14s/Msamples
        6253000   -102567.9651        19.1      -102483.2730       -84.6920 20m14s/Msamples
        6254000   -102581.7737        19.1      -102493.7594       -88.0143 20m14s/Msamples
        6255000   -102581.1163        19.1      -102489.3981       -91.7182 20m14s/Msamples
        6256000   -102574.0964        19.1      -102484.9829       -89.1135 20m14s/Msamples
        6257000   -102577.8006        19.1      -102489.8928       -87.9077 20m14s/Msamples
        6258000   -102584.5511        19.1      -102493.9454       -90.6056 20m14s/Msamples
        6259000   -102578.1497        19.1      -102493.0455       -85.1042 20m14s/Msamples
        6260000   -102568.2802        19.1      -102488.3995       -79.8806 20m14s/Msamples
        6261000   -102569.2394        19.1      -102484.1172       -85.1221 20m14s/Msamples
        6262000   -102570.6537        19.1      -102486.8548       -83.7989 20m14s/Msamples
        6263000   -102574.0860        19.1      -102488.3924       -85.6936 20m14s/Msamples
        6264000   -102567.0457        19.1      -102487.2833       -79.7623 20m14s/Msamples
        6265000   -102560.0212        19.1      -102486.8058       -73.2154 20m14s/Msamples
        6266000   -102564.2428        19.1      -102477.0734       -87.1693 20m14s/Msamples
        6267000   -102570.8743        19.1      -102484.7331       -86.1411 20m14s/Msamples
        6268000   -102567.2320        19.1      -102480.8113       -86.4207 20m14s/Msamples
        6269000   -102562.3491        19.1      -102479.1321       -83.2170 20m14s/Msamples
        6270000   -102570.3374        19.1      -102481.9563       -88.3811 20m14s/Msamples
        6271000   -102574.5813        19.1      -102485.7909       -88.7903 20m14s/Msamples
        6272000   -102571.4430        19.1      -102478.7336       -92.7094 20m14s/Msamples
        6273000   -102574.6488        19.1      -102483.9357       -90.7131 20m14s/Msamples
        6274000   -102575.0780        19.1      -102482.0913       -92.9867 20m14s/Msamples
        6275000   -102569.8160        19.1      -102480.5297       -89.2863 20m14s/Msamples
        6276000   -102565.3187        19.2      -102474.6793       -90.6394 20m14s/Msamples
        6277000   -102564.4473        19.2      -102472.2634       -92.1839 20m14s/Msamples
        6278000   -102572.0635        19.2      -102483.4656       -88.5978 20m14s/Msamples
        6279000   -102566.0002        19.2      -102473.5594       -92.4408 20m14s/Msamples
        6280000   -102560.8848        19.2      -102474.0149       -86.8699 20m14s/Msamples
        6281000   -102574.7200        19.2      -102482.3204       -92.3995 20m14s/Msamples
        6282000   -102572.3738        19.2      -102483.5456       -88.8282 20m14s/Msamples
        6283000   -102566.8810        19.2      -102473.9472       -92.9337 20m14s/Msamples
        6284000   -102576.5086        19.2      -102484.6361       -91.8725 20m14s/Msamples
        6285000   -102564.3568        19.2      -102477.1332       -87.2236 20m14s/Msamples
        6286000   -102576.6895        19.2      -102486.2903       -90.3991 20m14s/Msamples
        6287000   -102571.9564        19.2      -102481.3540       -90.6023 20m14s/Msamples
        6288000   -102566.3099        19.2      -102477.7343       -88.5756 20m14s/Msamples
        6289000   -102572.7932        19.2      -102479.3038       -93.4893 20m14s/Msamples
        6290000   -102577.6728        19.2      -102478.3147       -99.3581 20m14s/Msamples
        6291000   -102595.8503        19.2      -102496.2275       -99.6228 20m14s/Msamples
        6292000   -102595.2449        19.2      -102490.1617      -105.0831 20m14s/Msamples
        6293000   -102581.4205        19.2      -102487.5441       -93.8763 20m14s/Msamples
        6294000   -102568.7551        19.2      -102482.0248       -86.7303 20m14s/Msamples
        6295000   -102572.5219        19.2      -102482.1154       -90.4064 20m14s/Msamples
        6296000   -102569.6261        19.2      -102476.2147       -93.4113 20m14s/Msamples
        6297000   -102580.0291        19.2      -102487.1680       -92.8610 20m14s/Msamples
        6298000   -102585.3545        19.2      -102484.1535      -101.2009 20m14s/Msamples
        6299000   -102584.9197        19.2      -102486.0952       -98.8245 20m14s/Msamples
        6300000   -102581.4403        19.2      -102482.5357       -98.9045 20m14s/Msamples
        6301000   -102588.2144        19.2      -102484.1600      -104.0543 20m14s/Msamples
        6302000   -102586.2225        19.2      -102487.3144       -98.9081 20m14s/Msamples
        6303000   -102576.7451        19.2      -102483.1250       -93.6200 20m14s/Msamples
        6304000   -102590.9879        19.2      -102492.8425       -98.1454 20m14s/Msamples
        6305000   -102593.9589        19.2      -102493.7484      -100.2104 20m14s/Msamples
        6306000   -102592.0256        19.2      -102494.6061       -97.4195 20m14s/Msamples
        6307000   -102584.0717        19.2      -102490.8059       -93.2658 20m14s/Msamples
        6308000   -102585.9135        19.2      -102491.6175       -94.2959 20m14s/Msamples
        6309000   -102569.3721        19.2      -102482.0378       -87.3342 20m14s/Msamples
        6310000   -102582.5947        19.2      -102489.6143       -92.9804 20m14s/Msamples
        6311000   -102587.7739        19.2      -102492.3462       -95.4276 20m14s/Msamples
        6312000   -102586.9506        19.2      -102494.9246       -92.0260 20m14s/Msamples
        6313000   -102600.3096        19.2      -102503.6465       -96.6631 20m14s/Msamples
        6314000   -102599.1412        19.2      -102500.0731       -99.0680 20m14s/Msamples
        6315000   -102600.2518        19.2      -102495.2953      -104.9565 20m14s/Msamples
        6316000   -102592.0381        19.2      -102491.0761      -100.9620 20m14s/Msamples
        6317000   -102591.4921        19.2      -102488.5363      -102.9557 20m14s/Msamples
        6318000   -102589.6114        19.2      -102487.8655      -101.7459 20m14s/Msamples
        6319000   -102583.4986        19.2      -102486.8901       -96.6085 20m14s/Msamples
        6320000   -102580.2331        19.2      -102484.3197       -95.9134 20m14s/Msamples
        6321000   -102584.0748        19.2      -102487.0264       -97.0483 20m14s/Msamples
        6322000   -102582.1459        19.2      -102490.0631       -92.0827 20m14s/Msamples
        6323000   -102580.1255        19.2      -102484.9119       -95.2136 20m14s/Msamples
        6324000   -102574.6765        19.2      -102476.1951       -98.4814 20m14s/Msamples
        6325000   -102565.1379        19.2      -102475.5864       -89.5515 20m14s/Msamples
        6326000   -102571.6965        19.2      -102471.7789       -99.9176 20m14s/Msamples
        6327000   -102575.7965        19.2      -102481.8449       -93.9516 20m14s/Msamples
        6328000   -102576.1585        19.2      -102486.3021       -89.8564 20m14s/Msamples
        6329000   -102594.2098        19.2      -102488.3339      -105.8758 20m14s/Msamples
        6330000   -102592.3169        19.2      -102493.2644       -99.0525 20m14s/Msamples
        6331000   -102589.0754        19.2      -102486.4607      -102.6146 20m14s/Msamples
        6332000   -102577.4842        19.2      -102479.0760       -98.4081 20m14s/Msamples
        6333000   -102587.5745        19.2      -102491.2093       -96.3651 20m14s/Msamples
        6334000   -102587.5421        19.2      -102490.1023       -97.4398 20m14s/Msamples
        6335000   -102587.9605        19.2      -102489.6438       -98.3167 20m14s/Msamples
        6336000   -102584.2244        19.2      -102482.1645      -102.0598 20m14s/Msamples
        6337000   -102572.7301        19.2      -102475.9431       -96.7870 20m14s/Msamples
        6338000   -102575.8063        19.2      -102484.4980       -91.3082 20m14s/Msamples
        6339000   -102581.4184        19.2      -102485.4395       -95.9789 20m14s/Msamples
        6340000   -102574.7742        19.2      -102482.2202       -92.5539 20m14s/Msamples
        6341000   -102587.8103        19.2      -102492.4404       -95.3698 20m14s/Msamples
        6342000   -102601.2635        19.2      -102504.2597       -97.0038 20m14s/Msamples
        6343000   -102597.9780        19.2      -102498.4905       -99.4874 20m14s/Msamples
        6344000   -102584.2597        19.2      -102492.1557       -92.1039 20m14s/Msamples
        6345000   -102589.7855        19.2      -102496.4677       -93.3177 20m14s/Msamples
        6346000   -102589.7795        19.2      -102493.6115       -96.1680 20m14s/Msamples
        6347000   -102578.2397        19.2      -102481.6218       -96.6179 20m14s/Msamples
        6348000   -102590.7971        19.2      -102493.8783       -96.9187 20m14s/Msamples
        6349000   -102588.2327        19.2      -102490.8005       -97.4321 20m14s/Msamples
        6350000   -102584.5674        19.2      -102486.8477       -97.7197 20m14s/Msamples
        6351000   -102587.4285        19.2      -102490.8606       -96.5679 20m14s/Msamples
        6352000   -102590.2486        19.2      -102495.1126       -95.1360 20m14s/Msamples
        6353000   -102587.4604        19.2      -102495.4276       -92.0327 20m14s/Msamples
        6354000   -102594.2820        19.2      -102492.7621      -101.5199 20m14s/Msamples
        6355000   -102602.0885        19.2      -102501.4424      -100.6461 20m14s/Msamples
        6356000   -102599.3504        19.2      -102501.4667       -97.8836 20m14s/Msamples
        6357000   -102584.3684        19.2      -102485.9596       -98.4087 20m14s/Msamples
        6358000   -102582.4413        19.2      -102487.0112       -95.4300 20m14s/Msamples
        6359000   -102567.8928        19.2      -102475.9956       -91.8972 20m14s/Msamples
        6360000   -102561.8824        19.2      -102471.0845       -90.7979 20m14s/Msamples
        6361000   -102569.9211        19.2      -102474.9994       -94.9216 20m14s/Msamples
        6362000   -102578.7140        19.2      -102487.5211       -91.1928 20m14s/Msamples
        6363000   -102576.3330        19.2      -102481.4670       -94.8659 20m14s/Msamples
        6364000   -102583.2537        19.2      -102490.5595       -92.6942 20m14s/Msamples
        6365000   -102591.4457        19.2      -102499.2967       -92.1490 20m14s/Msamples
        6366000   -102580.4759        19.2      -102482.6687       -97.8071 20m14s/Msamples
        6367000   -102595.4016        19.2      -102497.1045       -98.2970 20m14s/Msamples
        6368000   -102584.8558        19.2      -102487.0324       -97.8233 20m14s/Msamples
        6369000   -102582.4736        19.2      -102481.6010      -100.8726 20m14s/Msamples
        6370000   -102574.1360        19.2      -102479.1702       -94.9657 20m14s/Msamples
        6371000   -102584.9205        19.2      -102487.7967       -97.1238 20m14s/Msamples
        6372000   -102589.0162        19.2      -102488.6188      -100.3973 20m14s/Msamples
        6373000   -102575.1495        19.2      -102478.3112       -96.8383 20m14s/Msamples
        6374000   -102582.0953        19.2      -102482.9140       -99.1813 20m14s/Msamples
        6375000   -102575.1913        19.2      -102475.2430       -99.9482 20m14s/Msamples
        6376000   -102589.2762        19.2      -102490.8197       -98.4564 20m14s/Msamples
        6377000   -102584.7278        19.2      -102483.9594      -100.7684 20m14s/Msamples
        6378000   -102574.4359        19.2      -102475.8972       -98.5386 20m14s/Msamples
        6379000   -102572.3757        19.2      -102466.0429      -106.3328 20m14s/Msamples
        6380000   -102577.4578        19.2      -102468.5432      -108.9145 20m14s/Msamples
        6381000   -102575.0756        19.2      -102472.6591      -102.4165 20m14s/Msamples
        6382000   -102579.3031        19.2      -102480.8910       -98.4120 20m14s/Msamples
        6383000   -102580.9277        19.2      -102480.5732      -100.3544 20m14s/Msamples
        6384000   -102583.3587        19.2      -102483.7410       -99.6177 20m14s/Msamples
        6385000   -102578.6513        19.2      -102481.6640       -96.9873 20m14s/Msamples
        6386000   -102579.1432        19.2      -102484.6293       -94.5139 20m14s/Msamples
        6387000   -102592.5779        19.2      -102490.9639      -101.6140 20m14s/Msamples
        6388000   -102573.8763        19.2      -102478.6570       -95.2193 20m14s/Msamples
        6389000   -102570.0957        19.2      -102477.8587       -92.2370 20m14s/Msamples
        6390000   -102572.4856        19.2      -102478.1566       -94.3290 20m14s/Msamples
        6391000   -102576.3827        19.2      -102476.8971       -99.4856 20m14s/Msamples
        6392000   -102574.9167        19.2      -102474.6193      -100.2973 20m14s/Msamples
        6393000   -102577.8758        19.2      -102476.5001      -101.3756 20m14s/Msamples
        6394000   -102582.2272        19.2      -102479.7508      -102.4763 20m14s/Msamples
        6395000   -102581.2958        19.2      -102479.6667      -101.6290 20m14s/Msamples
        6396000   -102565.5434        19.2      -102473.2477       -92.2957 20m14s/Msamples
        6397000   -102575.6432        19.2      -102482.7863       -92.8569 20m14s/Msamples
        6398000   -102570.6721        19.2      -102478.2865       -92.3855 20m14s/Msamples
        6399000   -102564.5797        19.2      -102473.7907       -90.7889 20m14s/Msamples
        6400000   -102591.5587        19.2      -102490.5238      -101.0348 20m14s/Msamples
        6401000   -102581.4902        19.2      -102482.6186       -98.8716 20m14s/Msamples
        6402000   -102578.2141        19.2      -102481.2323       -96.9818 20m14s/Msamples
        6403000   -102588.8432        19.2      -102492.3317       -96.5115 20m14s/Msamples
        6404000   -102585.9528        19.2      -102491.0190       -94.9337 20m14s/Msamples
        6405000   -102590.1959        19.2      -102494.7592       -95.4367 20m14s/Msamples
        6406000   -102576.0161        19.2      -102476.9311       -99.0850 20m14s/Msamples
        6407000   -102585.1407        19.2      -102483.0725      -102.0682 20m14s/Msamples
        6408000   -102584.2539        19.2      -102485.9051       -98.3488 20m14s/Msamples
        6409000   -102584.2532        19.2      -102487.5682       -96.6850 20m14s/Msamples
        6410000   -102578.1223        19.2      -102479.3949       -98.7274 20m14s/Msamples
        6411000   -102581.6505        19.2      -102481.1431      -100.5073 20m14s/Msamples
        6412000   -102580.5458        19.2      -102482.4145       -98.1313 20m14s/Msamples
        6413000   -102581.5066        19.2      -102483.5663       -97.9402 20m14s/Msamples
        6414000   -102587.5886        19.2      -102481.4266      -106.1619 20m14s/Msamples
        6415000   -102609.2801        19.2      -102505.4394      -103.8406 20m14s/Msamples
        6416000   -102593.9367        19.2      -102490.2699      -103.6668 20m14s/Msamples
        6417000   -102586.6170        19.2      -102482.9630      -103.6540 20m14s/Msamples
        6418000   -102578.7055        19.2      -102479.8963       -98.8091 20m14s/Msamples
        6419000   -102584.4781        19.2      -102477.7949      -106.6832 20m14s/Msamples
        6420000   -102579.3004        19.2      -102478.5172      -100.7831 20m15s/Msamples
        6421000   -102586.9040        19.1      -102485.1008      -101.8031 20m15s/Msamples
        6422000   -102578.8896        19.1      -102468.3725      -110.5170 20m14s/Msamples
        6423000   -102577.4153        19.1      -102470.0318      -107.3834 20m15s/Msamples
        6424000   -102577.0458        19.1      -102471.3319      -105.7139 20m15s/Msamples
        6425000   -102576.9564        19.1      -102475.1244      -101.8319 20m15s/Msamples
        6426000   -102580.9861        19.1      -102475.3863      -105.5998 20m15s/Msamples
        6427000   -102592.4016        19.1      -102481.7969      -110.6046 20m15s/Msamples
        6428000   -102583.6209        19.1      -102473.6990      -109.9218 20m15s/Msamples
        6429000   -102579.9007        19.1      -102474.2020      -105.6987 20m15s/Msamples
        6430000   -102578.6507        19.1      -102471.9421      -106.7086 20m15s/Msamples
        6431000   -102589.5407        19.1      -102477.2187      -112.3220 20m15s/Msamples
        6432000   -102584.6601        19.1      -102478.1510      -106.5091 20m15s/Msamples
        6433000   -102579.4789        19.1      -102478.9579      -100.5209 20m15s/Msamples
        6434000   -102584.1012        19.1      -102483.1440      -100.9572 20m15s/Msamples
        6435000   -102580.6599        19.1      -102476.5537      -104.1062 20m15s/Msamples
        6436000   -102581.4684        19.1      -102476.1086      -105.3597 20m15s/Msamples
        6437000   -102586.0109        19.1      -102480.7152      -105.2956 20m15s/Msamples
        6438000   -102587.6246        19.1      -102481.3233      -106.3012 20m15s/Msamples
        6439000   -102577.2073        19.1      -102480.6793       -96.5279 20m15s/Msamples
        6440000   -102574.4135        19.1      -102478.4136       -95.9999 20m15s/Msamples
        6441000   -102566.1653        19.1      -102475.9418       -90.2234 20m15s/Msamples
        6442000   -102563.4494        19.1      -102470.0137       -93.4356 20m15s/Msamples
        6443000   -102566.0405        19.1      -102472.4198       -93.6206 20m15s/Msamples
        6444000   -102574.0314        19.1      -102475.3398       -98.6916 20m15s/Msamples
        6445000   -102578.9456        19.1      -102477.2717      -101.6738 20m15s/Msamples
        6446000   -102580.6810        19.1      -102480.2904      -100.3905 20m15s/Msamples
        6447000   -102578.8153        19.1      -102478.2548      -100.5604 20m15s/Msamples
        6448000   -102580.4768        19.1      -102476.9517      -103.5251 20m15s/Msamples
        6449000   -102586.5719        19.1      -102484.0270      -102.5449 20m15s/Msamples
        6450000   -102577.7104        19.1      -102472.5385      -105.1719 20m15s/Msamples
        6451000   -102593.4591        19.1      -102489.3634      -104.0956 20m15s/Msamples
        6452000   -102586.7048        19.1      -102477.0779      -109.6268 20m15s/Msamples
        6453000   -102593.2819        19.1      -102479.5880      -113.6938 20m15s/Msamples
        6454000   -102600.3259        19.1      -102486.7884      -113.5375 20m15s/Msamples
        6455000   -102597.5490        19.1      -102482.0615      -115.4874 20m15s/Msamples
        6456000   -102597.3959        19.1      -102476.1032      -121.2927 20m15s/Msamples
        6457000   -102604.5598        19.1      -102489.6405      -114.9192 20m15s/Msamples
        6458000   -102598.4596        19.1      -102474.9588      -123.5008 20m15s/Msamples
        6459000   -102594.5333        19.1      -102481.9006      -112.6326 20m15s/Msamples
        6460000   -102589.4171        19.1      -102482.5865      -106.8305 20m15s/Msamples
        6461000   -102593.3182        19.1      -102486.1477      -107.1705 20m15s/Msamples
        6462000   -102595.8180        19.1      -102490.1330      -105.6849 20m15s/Msamples
        6463000   -102593.9421        19.1      -102483.7129      -110.2291 20m15s/Msamples
        6464000   -102586.0372        19.1      -102478.6612      -107.3760 20m15s/Msamples
        6465000   -102593.4683        19.1      -102489.3379      -104.1303 20m15s/Msamples
        6466000   -102580.6409        19.1      -102481.4610       -99.1798 20m15s/Msamples
        6467000   -102579.9448        19.1      -102476.3339      -103.6109 20m15s/Msamples
        6468000   -102570.0534        19.1      -102468.0410      -102.0123 20m14s/Msamples
        6469000   -102583.6714        19.1      -102483.5760      -100.0954 20m14s/Msamples
        6470000   -102584.5063        19.1      -102477.2337      -107.2725 20m15s/Msamples
        6471000   -102586.9799        19.1      -102480.3235      -106.6563 20m15s/Msamples
        6472000   -102596.1373        19.1      -102484.7155      -111.4218 20m15s/Msamples
        6473000   -102595.6689        19.0      -102485.1222      -110.5467 20m15s/Msamples
        6474000   -102592.8049        19.0      -102482.7047      -110.1001 20m15s/Msamples
        6475000   -102579.9829        19.0      -102483.7684       -96.2144 20m15s/Msamples
        6476000   -102581.6064        19.0      -102483.4452       -98.1612 20m15s/Msamples
        6477000   -102579.3132        19.0      -102485.4235       -93.8897 20m14s/Msamples
        6478000   -102590.3977        19.0      -102490.5534       -99.8442 20m14s/Msamples
        6479000   -102579.2801        19.0      -102481.4442       -97.8359 20m15s/Msamples
        6480000   -102580.5801        19.0      -102484.1359       -96.4442 20m14s/Msamples
        6481000   -102580.0635        19.0      -102480.1258       -99.9376 20m14s/Msamples
        6482000   -102580.0287        19.0      -102485.8429       -94.1857 20m14s/Msamples
        6483000   -102589.2182        19.0      -102489.7804       -99.4377 20m14s/Msamples
        6484000   -102582.8775        19.0      -102484.3770       -98.5005 20m15s/Msamples
        6485000   -102579.6531        19.0      -102482.9492       -96.7038 20m14s/Msamples
        6486000   -102579.9033        19.0      -102484.2340       -95.6692 20m14s/Msamples
        6487000   -102581.7422        19.0      -102485.4142       -96.3280 20m14s/Msamples
        6488000   -102584.2545        19.0      -102482.8978      -101.3566 20m14s/Msamples
        6489000   -102583.0755        19.0      -102481.4500      -101.6255 20m14s/Msamples
        6490000   -102594.0303        19.0      -102483.1639      -110.8664 20m14s/Msamples
        6491000   -102598.2666        19.0      -102488.6235      -109.6430 20m14s/Msamples
        6492000   -102608.4809        19.0      -102492.6143      -115.8666 20m14s/Msamples
        6493000   -102612.0671        19.0      -102484.1047      -127.9624 20m14s/Msamples
        6494000   -102612.6120        19.0      -102486.9476      -125.6644 20m14s/Msamples
        6495000   -102601.4283        19.0      -102482.4797      -118.9485 20m14s/Msamples
        6496000   -102596.2638        19.0      -102487.0348      -109.2290 20m14s/Msamples
        6497000   -102592.4837        19.0      -102485.6317      -106.8519 20m14s/Msamples
        6498000   -102591.0730        19.0      -102484.8713      -106.2017 20m14s/Msamples
        6499000   -102590.7993        19.0      -102478.5900      -112.2093 20m14s/Msamples
        6500000   -102586.3161        19.0      -102481.5109      -104.8052 20m14s/Msamples
        6501000   -102598.7769        19.0      -102495.0366      -103.7402 20m14s/Msamples
        6502000   -102586.7628        19.0      -102482.2440      -104.5188 20m14s/Msamples
        6503000   -102590.8581        19.0      -102486.3549      -104.5031 20m14s/Msamples
        6504000   -102591.0544        19.0      -102487.9980      -103.0564 20m14s/Msamples
        6505000   -102582.6545        18.9      -102478.6288      -104.0257 20m14s/Msamples
        6506000   -102580.6903        18.9      -102474.3529      -106.3373 20m14s/Msamples
        6507000   -102580.3669        18.9      -102473.6689      -106.6979 20m14s/Msamples
        6508000   -102586.8264        18.9      -102477.9170      -108.9093 20m14s/Msamples
        6509000   -102592.2461        18.9      -102482.5476      -109.6984 20m14s/Msamples
        6510000   -102588.7181        18.9      -102486.1788      -102.5392 20m14s/Msamples
        6511000   -102591.9385        18.9      -102484.4115      -107.5269 20m14s/Msamples
        6512000   -102585.1450        18.9      -102481.2477      -103.8972 20m14s/Msamples
        6513000   -102583.7057        18.9      -102477.9820      -105.7236 20m14s/Msamples
        6514000   -102583.4303        18.9      -102479.6768      -103.7534 20m14s/Msamples
        6515000   -102578.3820        18.9      -102474.3731      -104.0088 20m14s/Msamples
        6516000   -102581.9497        18.9      -102478.1117      -103.8380 20m14s/Msamples
        6517000   -102577.6031        18.9      -102475.5212      -102.0818 20m14s/Msamples
        6518000   -102584.4640        18.9      -102481.1103      -103.3537 20m14s/Msamples
        6519000   -102583.1244        18.9      -102476.4874      -106.6369 20m14s/Msamples
        6520000   -102591.8985        18.9      -102483.3829      -108.5155 20m14s/Msamples
        6521000   -102584.5944        18.9      -102485.2904       -99.3040 20m14s/Msamples
        6522000   -102593.5066        18.9      -102491.7791      -101.7275 20m14s/Msamples
        6523000   -102579.5350        18.9      -102474.9801      -104.5548 20m14s/Msamples
        6524000   -102594.0569        18.9      -102491.9396      -102.1172 20m14s/Msamples
        6525000   -102588.6438        18.9      -102482.7011      -105.9426 20m14s/Msamples
        6526000   -102581.5811        18.9      -102477.3186      -104.2624 20m14s/Msamples
        6527000   -102578.0079        18.9      -102473.0122      -104.9957 20m14s/Msamples
        6528000   -102586.4235        18.9      -102481.1561      -105.2673 20m14s/Msamples
        6529000   -102584.4936        18.9      -102479.6369      -104.8566 20m15s/Msamples
        6530000   -102583.3709        18.9      -102480.5626      -102.8082 20m15s/Msamples
        6531000   -102584.4575        18.8      -102482.3461      -102.1114 20m15s/Msamples
        6532000   -102581.8461        18.8      -102478.7743      -103.0717 20m15s/Msamples
        6533000   -102590.4197        18.8      -102480.1150      -110.3046 20m15s/Msamples
        6534000   -102593.2492        18.8      -102488.7461      -104.5030 20m15s/Msamples
        6535000   -102589.2448        18.8      -102484.1144      -105.1304 20m15s/Msamples
        6536000   -102590.5742        18.8      -102480.6420      -109.9321 20m15s/Msamples
        6537000   -102590.2729        18.8      -102484.7734      -105.4994 20m15s/Msamples
        6538000   -102588.5347        18.8      -102480.7279      -107.8067 20m15s/Msamples
        6539000   -102591.4780        18.8      -102482.1759      -109.3020 20m15s/Msamples
        6540000   -102593.7882        18.8      -102489.1561      -104.6321 20m15s/Msamples
        6541000   -102588.6963        18.8      -102485.2378      -103.4585 20m15s/Msamples
        6542000   -102588.7775        18.8      -102486.1192      -102.6582 20m15s/Msamples
        6543000   -102586.5677        18.8      -102484.9397      -101.6280 20m15s/Msamples
        6544000   -102574.7387        18.8      -102475.4043       -99.3344 20m15s/Msamples
        6545000   -102588.8936        18.8      -102489.9698       -98.9237 20m15s/Msamples
        6546000   -102570.7033        18.8      -102474.5940       -96.1093 20m15s/Msamples
        6547000   -102573.2405        18.8      -102472.0443      -101.1961 20m15s/Msamples
        6548000   -102567.1810        18.8      -102470.1654       -97.0156 20m15s/Msamples
        6549000   -102574.3056        18.8      -102473.7326      -100.5730 20m15s/Msamples
        6550000   -102572.6453        18.8      -102467.4065      -105.2388 20m15s/Msamples
        6551000   -102563.2742        18.8      -102465.5707       -97.7035 20m15s/Msamples
        6552000   -102571.7136        18.8      -102471.4920      -100.2216 20m15s/Msamples
        6553000   -102563.6101        18.8      -102469.8373       -93.7728 20m15s/Msamples
        6554000   -102570.1006        18.8      -102476.8954       -93.2052 20m15s/Msamples
        6555000   -102571.4193        18.8      -102476.4649       -94.9544 20m15s/Msamples
        6556000   -102572.5241        18.8      -102476.3213       -96.2027 20m15s/Msamples
        6557000   -102574.7724        18.8      -102479.1902       -95.5821 20m15s/Msamples
        6558000   -102567.1843        18.8      -102476.0535       -91.1307 20m15s/Msamples
        6559000   -102575.1984        18.8      -102479.5735       -95.6249 20m15s/Msamples
        6560000   -102574.0798        18.8      -102474.9760       -99.1037 20m15s/Msamples
        6561000   -102566.2253        18.8      -102470.9226       -95.3026 20m15s/Msamples
        6562000   -102582.6616        18.8      -102487.0021       -95.6594 20m15s/Msamples
        6563000   -102573.2049        18.8      -102479.7101       -93.4948 20m15s/Msamples
        6564000   -102565.8021        18.8      -102478.1535       -87.6485 20m15s/Msamples
        6565000   -102582.6585        18.8      -102487.1534       -95.5051 20m15s/Msamples
        6566000   -102583.2505        18.8      -102486.6819       -96.5685 20m15s/Msamples
        6567000   -102567.8899        18.8      -102474.1129       -93.7769 20m15s/Msamples
        6568000   -102579.3315        18.8      -102485.1119       -94.2196 20m15s/Msamples
        6569000   -102581.2608        18.8      -102487.5994       -93.6614 20m15s/Msamples
        6570000   -102585.8696        18.8      -102494.7107       -91.1588 20m15s/Msamples
        6571000   -102575.5729        18.8      -102482.6379       -92.9350 20m15s/Msamples
        6572000   -102568.9124        18.8      -102478.0351       -90.8772 20m15s/Msamples
        6573000   -102573.0854        18.8      -102483.4035       -89.6819 20m15s/Msamples
        6574000   -102577.2775        18.8      -102485.3864       -91.8910 20m15s/Msamples
        6575000   -102594.8507        18.8      -102493.3701      -101.4806 20m15s/Msamples
        6576000   -102593.6229        18.8      -102492.3983      -101.2246 20m15s/Msamples
        6577000   -102594.9249        18.8      -102494.8360      -100.0888 20m15s/Msamples
        6578000   -102597.8932        18.8      -102504.1933       -93.6999 20m15s/Msamples
        6579000   -102593.0479        18.8      -102494.7464       -98.3015 20m15s/Msamples
        6580000   -102584.3104        18.8      -102490.1157       -94.1947 20m15s/Msamples
        6581000   -102584.3654        18.8      -102489.2646       -95.1008 20m15s/Msamples
        6582000   -102584.7628        18.8      -102489.4915       -95.2712 20m15s/Msamples
        6583000   -102580.3366        18.8      -102484.7851       -95.5514 20m15s/Msamples
        6584000   -102579.7406        18.8      -102483.0406       -96.7000 20m15s/Msamples
        6585000   -102581.7731        18.8      -102485.3212       -96.4519 20m15s/Msamples
        6586000   -102582.8884        18.8      -102494.2426       -88.6457 20m15s/Msamples
        6587000   -102573.0889        18.8      -102482.6989       -90.3900 20m15s/Msamples
        6588000   -102574.9684        18.8      -102485.2228       -89.7456 20m15s/Msamples
        6589000   -102577.0149        18.8      -102488.7730       -88.2419 20m15s/Msamples
        6590000   -102584.1761        18.8      -102490.6882       -93.4878 20m15s/Msamples
        6591000   -102579.4651        18.8      -102484.5797       -94.8854 20m15s/Msamples
        6592000   -102581.3638        18.8      -102489.9824       -91.3814 20m15s/Msamples
        6593000   -102582.9524        18.8      -102488.6744       -94.2779 20m15s/Msamples
        6594000   -102582.3060        18.8      -102488.9891       -93.3168 20m15s/Msamples
        6595000   -102595.9184        18.7      -102493.9312      -101.9871 20m15s/Msamples
        6596000   -102571.9199        18.8      -102477.8065       -94.1133 20m15s/Msamples
        6597000   -102574.3684        18.8      -102479.1042       -95.2641 20m15s/Msamples
        6598000   -102587.2224        18.7      -102488.9613       -98.2611 20m15s/Msamples
        6599000   -102578.6080        18.7      -102482.2416       -96.3663 20m15s/Msamples
        6600000   -102584.5694        18.7      -102481.6382      -102.9312 20m15s/Msamples
        6601000   -102577.8612        18.7      -102477.7508      -100.1104 20m15s/Msamples
        6602000   -102565.2816        18.7      -102466.9827       -98.2989 20m15s/Msamples
        6603000   -102575.0486        18.7      -102474.6138      -100.4348 20m15s/Msamples
        6604000   -102587.7238        18.7      -102487.2199      -100.5039 20m15s/Msamples
        6605000   -102582.4216        18.7      -102483.2033       -99.2183 20m15s/Msamples
        6606000   -102581.2856        18.7      -102479.6839      -101.6016 20m15s/Msamples
        6607000   -102585.1769        18.7      -102483.2788      -101.8980 20m15s/Msamples
        6608000   -102580.7560        18.7      -102482.0970       -98.6589 20m15s/Msamples
        6609000   -102576.8990        18.7      -102485.5855       -91.3135 20m15s/Msamples
        6610000   -102566.7413        18.7      -102474.7301       -92.0111 20m15s/Msamples
        6611000   -102559.1686        18.7      -102470.3371       -88.8314 20m15s/Msamples
        6612000   -102556.9075        18.8      -102467.1250       -89.7824 20m15s/Msamples
        6613000   -102557.2841        18.8      -102465.7923       -91.4917 20m15s/Msamples
        6614000   -102573.2627        18.8      -102483.2609       -90.0018 20m15s/Msamples
        6615000   -102573.8282        18.8      -102478.5278       -95.3003 20m15s/Msamples
        6616000   -102579.1402        18.8      -102475.6806      -103.4596 20m15s/Msamples
        6617000   -102576.1879        18.8      -102480.3503       -95.8376 20m15s/Msamples
        6618000   -102576.0074        18.8      -102483.9515       -92.0559 20m15s/Msamples
        6619000   -102569.7349        18.8      -102479.2828       -90.4521 20m15s/Msamples
        6620000   -102565.8471        18.8      -102477.7647       -88.0824 20m15s/Msamples
        6621000   -102573.8213        18.8      -102485.0055       -88.8157 20m15s/Msamples
        6622000   -102570.2901        18.8      -102470.3820       -99.9081 20m15s/Msamples
        6623000   -102566.1775        18.8      -102469.7193       -96.4582 20m15s/Msamples
        6624000   -102569.3918        18.8      -102473.8614       -95.5303 20m15s/Msamples
        6625000   -102580.4827        18.8      -102484.6076       -95.8750 20m15s/Msamples
        6626000   -102569.1203        18.8      -102478.3380       -90.7823 20m15s/Msamples
        6627000   -102578.1185        18.8      -102481.8752       -96.2432 20m15s/Msamples
        6628000   -102568.5635        18.8      -102473.6012       -94.9622 20m15s/Msamples
        6629000   -102572.6963        18.8      -102480.3358       -92.3605 20m15s/Msamples
        6630000   -102576.2124        18.8      -102480.0231       -96.1892 20m15s/Msamples
        6631000   -102588.1421        18.8      -102488.7274       -99.4146 20m15s/Msamples
        6632000   -102591.6475        18.8      -102487.8459      -103.8016 20m15s/Msamples
        6633000   -102581.6532        18.8      -102487.2495       -94.4037 20m15s/Msamples
        6634000   -102582.4732        18.8      -102495.5591       -86.9141 20m15s/Msamples
        6635000   -102569.6333        18.8      -102485.3109       -84.3224 20m15s/Msamples
        6636000   -102559.5557        18.8      -102475.1850       -84.3706 20m15s/Msamples
        6637000   -102567.7914        18.8      -102482.3813       -85.4100 20m15s/Msamples
        6638000   -102571.7006        18.8      -102489.3142       -82.3863 20m15s/Msamples
        6639000   -102571.0413        18.8      -102482.8024       -88.2388 20m15s/Msamples
        6640000   -102575.3604        18.8      -102491.3592       -84.0012 20m15s/Msamples
        6641000   -102569.8197        18.8      -102487.4760       -82.3436 20m15s/Msamples
        6642000   -102558.9553        18.8      -102482.1432       -76.8120 20m15s/Msamples
        6643000   -102561.2483        18.8      -102476.6842       -84.5641 20m15s/Msamples
        6644000   -102569.3142        18.8      -102485.4194       -83.8947 20m15s/Msamples
        6645000   -102576.9326        18.8      -102483.5635       -93.3691 20m15s/Msamples
        6646000   -102580.9662        18.8      -102485.7957       -95.1704 20m15s/Msamples
        6647000   -102584.8311        18.8      -102484.7898      -100.0412 20m15s/Msamples
        6648000   -102582.0707        18.8      -102487.3281       -94.7425 20m15s/Msamples
        6649000   -102576.5330        18.8      -102484.2359       -92.2971 20m15s/Msamples
        6650000   -102579.2618        18.8      -102493.5661       -85.6957 20m15s/Msamples
        6651000   -102567.3549        18.8      -102483.2893       -84.0655 20m15s/Msamples
        6652000   -102564.0213        18.8      -102482.7543       -81.2670 20m15s/Msamples
        6653000   -102572.7134        18.8      -102491.8706       -80.8427 20m15s/Msamples
        6654000   -102557.2065        18.8      -102476.6333       -80.5732 20m15s/Msamples
        6655000   -102564.6019        18.8      -102481.1902       -83.4117 20m15s/Msamples
        6656000   -102570.2363        18.8      -102484.8159       -85.4204 20m15s/Msamples
        6657000   -102573.0343        18.8      -102484.6180       -88.4163 20m15s/Msamples
        6658000   -102575.8701        18.8      -102489.1283       -86.7417 20m15s/Msamples
        6659000   -102568.3738        18.8      -102484.0009       -84.3728 20m15s/Msamples
        6660000   -102565.0599        18.8      -102486.7832       -78.2767 20m15s/Msamples
        6661000   -102559.9948        18.9      -102479.4596       -80.5351 20m15s/Msamples
        6662000   -102561.3238        18.9      -102480.1925       -81.1312 20m15s/Msamples
        6663000   -102559.5379        18.9      -102482.6838       -76.8540 20m15s/Msamples
        6664000   -102558.6254        18.9      -102483.9573       -74.6680 20m15s/Msamples
        6665000   -102571.9196        18.9      -102487.7605       -84.1590 20m15s/Msamples
        6666000   -102575.3083        18.9      -102489.3127       -85.9955 20m15s/Msamples
        6667000   -102556.9261        18.9      -102478.3167       -78.6093 20m15s/Msamples
        6668000   -102564.8705        18.9      -102483.7172       -81.1533 20m15s/Msamples
        6669000   -102566.5454        18.9      -102485.5089       -81.0365 20m15s/Msamples
        6670000   -102564.7982        18.9      -102480.1642       -84.6339 20m15s/Msamples
        6671000   -102564.6069        18.9      -102486.6050       -78.0019 20m15s/Msamples
        6672000   -102567.9338        18.9      -102481.8234       -86.1103 20m15s/Msamples
        6673000   -102556.4173        18.9      -102471.0127       -85.4045 20m15s/Msamples
        6674000   -102563.6045        18.9      -102480.4533       -83.1512 20m15s/Msamples
        6675000   -102560.4050        19.0      -102470.8110       -89.5940 20m15s/Msamples
        6676000   -102568.4202        19.0      -102476.9237       -91.4965 20m15s/Msamples
        6677000   -102570.7734        19.0      -102479.3303       -91.4431 20m15s/Msamples
        6678000   -102580.9222        19.0      -102489.2279       -91.6943 20m15s/Msamples
        6679000   -102581.5622        19.0      -102490.6414       -90.9208 20m15s/Msamples
        6680000   -102599.2559        19.0      -102496.7123      -102.5436 20m15s/Msamples
        6681000   -102604.0883        18.9      -102496.5930      -107.4952 20m15s/Msamples
        6682000   -102603.2397        18.9      -102501.8591      -101.3805 20m15s/Msamples
        6683000   -102577.9914        18.9      -102484.0043       -93.9870 20m15s/Msamples
        6684000   -102576.1772        18.9      -102486.0493       -90.1278 20m15s/Msamples
        6685000   -102579.9984        18.9      -102489.5168       -90.4815 20m15s/Msamples
        6686000   -102589.6483        18.9      -102495.4280       -94.2202 20m15s/Msamples
        6687000   -102587.7511        18.9      -102486.6899      -101.0611 20m15s/Msamples
        6688000   -102584.8575        18.9      -102483.3835      -101.4739 20m15s/Msamples
        6689000   -102589.1456        18.9      -102486.4837      -102.6618 20m15s/Msamples
        6690000   -102587.4106        18.9      -102488.7195       -98.6911 20m15s/Msamples
        6691000   -102582.8053        18.9      -102489.3273       -93.4779 20m15s/Msamples
        6692000   -102589.1396        18.9      -102490.2959       -98.8437 20m15s/Msamples
        6693000   -102585.3396        18.9      -102493.5638       -91.7758 20m15s/Msamples
        6694000   -102589.0121        18.9      -102491.6774       -97.3347 20m15s/Msamples
        6695000   -102583.8884        18.9      -102487.1372       -96.7512 20m15s/Msamples
        6696000   -102578.0042        18.9      -102484.1408       -93.8634 20m15s/Msamples
        6697000   -102576.0032        18.9      -102485.7393       -90.2638 20m15s/Msamples
        6698000   -102580.8698        18.9      -102490.8623       -90.0075 20m15s/Msamples
        6699000   -102575.1794        18.9      -102479.4434       -95.7359 20m15s/Msamples
        6700000   -102562.7631        18.9      -102474.1308       -88.6323 20m15s/Msamples
        6701000   -102573.0329        18.9      -102488.8901       -84.1428 20m15s/Msamples
        6702000   -102581.4824        18.9      -102490.9156       -90.5667 20m15s/Msamples
        6703000   -102578.5701        18.9      -102479.4593       -99.1108 20m15s/Msamples
        6704000   -102572.6005        18.9      -102480.3190       -92.2814 20m15s/Msamples
        6705000   -102580.4652        18.9      -102487.4977       -92.9674 20m15s/Msamples
        6706000   -102570.1833        18.9      -102481.8060       -88.3773 20m15s/Msamples
        6707000   -102584.7481        18.9      -102491.8511       -92.8969 20m15s/Msamples
        6708000   -102581.0348        18.9      -102486.0563       -94.9785 20m15s/Msamples
        6709000   -102584.2660        18.9      -102481.5546      -102.7114 20m15s/Msamples
        6710000   -102584.2793        18.9      -102481.0249      -103.2543 20m15s/Msamples
        6711000   -102574.6434        18.9      -102476.5453       -98.0980 20m15s/Msamples
        6712000   -102579.7462        18.9      -102483.7917       -95.9544 20m15s/Msamples
        6713000   -102581.7725        18.9      -102486.0156       -95.7568 20m15s/Msamples
        6714000   -102576.0807        18.9      -102481.5716       -94.5090 20m15s/Msamples
        6715000   -102586.9425        18.9      -102484.8673      -102.0751 20m15s/Msamples
        6716000   -102580.2129        18.9      -102478.7142      -101.4987 20m15s/Msamples
        6717000   -102577.4145        18.9      -102478.1307       -99.2837 20m15s/Msamples
        6718000   -102579.3669        18.9      -102479.8119       -99.5550 20m15s/Msamples
        6719000   -102570.9392        18.9      -102472.2824       -98.6568 20m15s/Msamples
        6720000   -102577.8035        18.9      -102477.7019      -100.1015 20m15s/Msamples
        6721000   -102578.4748        18.9      -102473.3772      -105.0976 20m15s/Msamples
        6722000   -102576.4452        18.9      -102473.3970      -103.0482 20m15s/Msamples
        6723000   -102572.3960        18.9      -102473.8635       -98.5325 20m15s/Msamples
        6724000   -102584.3129        18.9      -102485.7439       -98.5689 20m15s/Msamples
        6725000   -102577.1793        18.9      -102480.1998       -96.9795 20m15s/Msamples
        6726000   -102569.2512        18.9      -102471.9472       -97.3039 20m15s/Msamples
        6727000   -102577.8296        18.9      -102483.7630       -94.0665 20m15s/Msamples
        6728000   -102567.7763        18.9      -102476.5118       -91.2645 20m15s/Msamples
        6729000   -102563.0146        18.9      -102472.8418       -90.1727 20m15s/Msamples
        6730000   -102578.8047        18.9      -102484.6578       -94.1468 20m15s/Msamples
        6731000   -102568.6127        18.9      -102476.2558       -92.3569 20m15s/Msamples
        6732000   -102568.7949        18.9      -102471.9052       -96.8897 20m15s/Msamples
        6733000   -102576.5332        18.9      -102482.3205       -94.2127 20m15s/Msamples
        6734000   -102572.2885        18.9      -102475.1717       -97.1168 20m15s/Msamples
        6735000   -102567.7573        18.9      -102470.6369       -97.1204 20m15s/Msamples
        6736000   -102573.4271        18.9      -102478.3937       -95.0333 20m15s/Msamples
        6737000   -102569.9694        18.9      -102476.9831       -92.9862 20m15s/Msamples
        6738000   -102565.1429        18.9      -102474.7341       -90.4087 20m15s/Msamples
        6739000   -102568.3082        18.9      -102474.5373       -93.7709 20m15s/Msamples
        6740000   -102560.0483        18.9      -102469.9436       -90.1047 20m15s/Msamples
        6741000   -102561.6911        18.9      -102475.5746       -86.1164 20m15s/Msamples
        6742000   -102562.5720        18.9      -102480.6126       -81.9594 20m15s/Msamples
        6743000   -102566.8157        18.9      -102485.6305       -81.1852 20m15s/Msamples
        6744000   -102561.4273        18.9      -102478.6608       -82.7665 20m15s/Msamples
        6745000   -102567.3675        18.9      -102486.9686       -80.3989 20m15s/Msamples
        6746000   -102561.3610        19.0      -102483.7144       -77.6465 20m15s/Msamples
        6747000   -102570.0361        19.0      -102489.8392       -80.1969 20m15s/Msamples
        6748000   -102579.5999        19.0      -102493.8428       -85.7571 20m15s/Msamples
        6749000   -102582.6389        18.9      -102493.2545       -89.3843 20m15s/Msamples
        6750000   -102573.4081        18.9      -102488.0514       -85.3567 20m15s/Msamples
        6751000   -102581.7675        18.9      -102500.3225       -81.4450 20m15s/Msamples
        6752000   -102581.6631        18.9      -102497.8565       -83.8066 20m15s/Msamples
        6753000   -102576.4288        18.9      -102492.5202       -83.9086 20m15s/Msamples
        6754000   -102566.6176        19.0      -102488.1344       -78.4832 20m15s/Msamples
        6755000   -102561.4257        19.0      -102485.4627       -75.9630 20m15s/Msamples
        6756000   -102550.8592        19.0      -102479.0470       -71.8121 20m15s/Msamples
        6757000   -102554.3926        19.0      -102477.6327       -76.7598 20m15s/Msamples
        6758000   -102555.2440        19.0      -102479.8742       -75.3697 20m15s/Msamples
        6759000   -102550.4162        19.0      -102475.9831       -74.4331 20m15s/Msamples
        6760000   -102548.9512        19.0      -102476.9816       -71.9695 20m15s/Msamples
        6761000   -102559.5099        19.1      -102481.3733       -78.1365 20m15s/Msamples
        6762000   -102567.0163        19.1      -102487.1657       -79.8506 20m15s/Msamples
        6763000   -102567.8385        19.1      -102486.5410       -81.2975 20m15s/Msamples
        6764000   -102557.4693        19.1      -102484.2028       -73.2664 20m15s/Msamples
        6765000   -102560.9147        19.1      -102481.6279       -79.2867 20m15s/Msamples
        6766000   -102564.0631        19.1      -102484.7810       -79.2820 20m15s/Msamples
        6767000   -102567.8154        19.1      -102485.7967       -82.0187 20m15s/Msamples
        6768000   -102563.3664        19.1      -102482.8126       -80.5537 20m15s/Msamples
        6769000   -102572.5633        19.1      -102488.3060       -84.2572 20m15s/Msamples
        6770000   -102571.6706        19.1      -102490.6917       -80.9788 20m15s/Msamples
        6771000   -102570.3665        19.1      -102483.8996       -86.4669 20m15s/Msamples
        6772000   -102576.0719        19.1      -102489.0621       -87.0097 20m15s/Msamples
        6773000   -102582.0650        19.1      -102493.4383       -88.6267 20m15s/Msamples
        6774000   -102581.7082        19.1      -102496.1563       -85.5519 20m15s/Msamples
        6775000   -102584.2801        19.1      -102498.1956       -86.0845 20m15s/Msamples
        6776000   -102583.1797        19.1      -102490.8455       -92.3341 20m15s/Msamples
        6777000   -102590.1005        19.1      -102493.5082       -96.5922 20m15s/Msamples
        6778000   -102571.3660        19.1      -102481.2377       -90.1283 20m15s/Msamples
        6779000   -102566.7460        19.1      -102481.5636       -85.1824 20m15s/Msamples
        6780000   -102573.8695        19.1      -102487.4494       -86.4201 20m15s/Msamples
        6781000   -102573.8981        19.1      -102483.7416       -90.1564 20m15s/Msamples
        6782000   -102575.3842        19.1      -102489.5882       -85.7960 20m15s/Msamples
        6783000   -102569.2461        19.1      -102482.6473       -86.5988 20m15s/Msamples
        6784000   -102567.0940        19.1      -102477.3264       -89.7675 20m15s/Msamples
        6785000   -102572.2720        19.1      -102477.0716       -95.2004 20m15s/Msamples
        6786000   -102567.1553        19.1      -102480.6385       -86.5167 20m15s/Msamples
        6787000   -102577.7986        19.1      -102484.0090       -93.7895 20m15s/Msamples
        6788000   -102574.0511        19.1      -102482.3745       -91.6766 20m15s/Msamples
        6789000   -102579.3105        19.1      -102484.2646       -95.0458 20m15s/Msamples
        6790000   -102580.1598        19.1      -102484.6159       -95.5438 20m15s/Msamples
        6791000   -102587.6794        19.1      -102488.3625       -99.3168 20m15s/Msamples
        6792000   -102596.1632        19.1      -102497.0753       -99.0878 20m15s/Msamples
        6793000   -102602.6149        19.1      -102494.8281      -107.7868 20m15s/Msamples
        6794000   -102607.4829        19.1      -102499.4468      -108.0360 20m15s/Msamples
        6795000   -102603.5939        19.1      -102496.4128      -107.1810 20m15s/Msamples
        6796000   -102585.1904        19.1      -102489.3377       -95.8526 20m15s/Msamples
        6797000   -102595.9958        19.1      -102495.6511      -100.3446 20m15s/Msamples
        6798000   -102597.0433        19.1      -102493.3323      -103.7109 20m15s/Msamples
        6799000   -102600.6766        19.1      -102496.7150      -103.9615 20m15s/Msamples
        6800000   -102592.7213        19.1      -102492.2039      -100.5173 20m15s/Msamples
        6801000   -102572.5424        19.1      -102483.5496       -88.9927 20m15s/Msamples
        6802000   -102568.9844        19.1      -102476.1724       -92.8120 20m15s/Msamples
        6803000   -102561.2848        19.1      -102473.9821       -87.3026 20m15s/Msamples
        6804000   -102585.4403        19.1      -102491.7561       -93.6841 20m15s/Msamples
        6805000   -102589.4133        19.1      -102491.9690       -97.4443 20m15s/Msamples
        6806000   -102587.8809        19.1      -102490.6423       -97.2385 20m15s/Msamples
        6807000   -102587.8672        19.1      -102491.5866       -96.2806 20m15s/Msamples
        6808000   -102596.0601        19.1      -102502.1702       -93.8898 20m15s/Msamples
        6809000   -102586.5350        19.1      -102493.8932       -92.6417 20m15s/Msamples
        6810000   -102583.0653        19.1      -102489.4619       -93.6033 20m15s/Msamples
        6811000   -102582.3602        19.1      -102493.5040       -88.8561 20m15s/Msamples
        6812000   -102574.2945        19.1      -102484.9433       -89.3512 20m15s/Msamples
        6813000   -102580.6938        19.1      -102493.7784       -86.9153 20m15s/Msamples
        6814000   -102582.7040        19.1      -102498.8845       -83.8195 20m15s/Msamples
        6815000   -102566.0792        19.1      -102482.9949       -83.0842 20m15s/Msamples
        6816000   -102573.4252        19.1      -102485.0847       -88.3404 20m15s/Msamples
        6817000   -102571.1678        19.1      -102478.3811       -92.7866 20m15s/Msamples
        6818000   -102582.1968        19.1      -102482.8233       -99.3734 20m15s/Msamples
        6819000   -102584.1509        19.1      -102482.9080      -101.2428 20m15s/Msamples
        6820000   -102591.9737        19.0      -102487.1988      -104.7749 20m15s/Msamples
        6821000   -102593.2705        19.0      -102491.4766      -101.7938 20m15s/Msamples
        6822000   -102586.2759        19.0      -102487.2563       -99.0195 20m15s/Msamples
        6823000   -102587.5650        19.0      -102489.2531       -98.3118 20m15s/Msamples
        6824000   -102594.9243        19.0      -102496.2523       -98.6720 20m15s/Msamples
        6825000   -102585.4682        19.0      -102484.0025      -101.4656 20m15s/Msamples
        6826000   -102582.9752        19.0      -102485.5226       -97.4525 20m15s/Msamples
        6827000   -102578.5168        19.0      -102481.5800       -96.9368 20m15s/Msamples
        6828000   -102580.2633        19.0      -102479.5647      -100.6986 20m15s/Msamples
        6829000   -102574.8043        19.0      -102477.6090       -97.1953 20m15s/Msamples
        6830000   -102576.5886        19.0      -102482.4898       -94.0988 20m15s/Msamples
        6831000   -102553.6334        19.0      -102464.2851       -89.3483 20m15s/Msamples
        6832000   -102577.9280        19.0      -102481.8203       -96.1076 20m15s/Msamples
        6833000   -102576.0299        19.0      -102478.8328       -97.1971 20m15s/Msamples
        6834000   -102578.6604        19.0      -102483.0896       -95.5707 20m15s/Msamples
        6835000   -102581.1823        19.0      -102490.6491       -90.5331 20m15s/Msamples
        6836000   -102568.6257        19.0      -102477.0150       -91.6106 20m15s/Msamples
        6837000   -102568.4129        19.0      -102478.9858       -89.4270 20m15s/Msamples
        6838000   -102577.3957        19.0      -102484.4795       -92.9162 20m15s/Msamples
        6839000   -102575.9052        19.0      -102484.5360       -91.3692 20m15s/Msamples
        6840000   -102570.9921        19.0      -102481.6606       -89.3315 20m15s/Msamples
        6841000   -102571.4124        19.0      -102478.3493       -93.0630 20m15s/Msamples
        6842000   -102575.4165        19.0      -102487.4568       -87.9597 20m15s/Msamples
        6843000   -102591.2406        19.0      -102501.2215       -90.0191 20m15s/Msamples
        6844000   -102585.0528        19.0      -102494.7414       -90.3113 20m15s/Msamples
        6845000   -102572.9538        19.0      -102486.4695       -86.4843 20m15s/Msamples
        6846000   -102566.7453        19.0      -102481.3897       -85.3555 20m15s/Msamples
        6847000   -102557.5389        19.1      -102476.2741       -81.2648 20m15s/Msamples
        6848000   -102561.5452        19.1      -102481.3903       -80.1549 20m15s/Msamples
        6849000   -102550.4089        19.1      -102476.1680       -74.2409 20m15s/Msamples
        6850000   -102559.0887        19.1      -102484.4284       -74.6602 20m15s/Msamples
        6851000   -102562.2965        19.1      -102485.5561       -76.7403 20m15s/Msamples
        6852000   -102570.6699        19.1      -102490.6945       -79.9754 20m15s/Msamples
        6853000   -102584.6723        19.1      -102498.6783       -85.9940 20m15s/Msamples
        6854000   -102589.1673        19.1      -102496.4665       -92.7008 20m15s/Msamples
        6855000   -102572.2910        19.1      -102484.9561       -87.3349 20m15s/Msamples
        6856000   -102571.5391        19.1      -102489.1075       -82.4315 20m15s/Msamples
        6857000   -102573.3350        19.1      -102488.6378       -84.6971 20m15s/Msamples
        6858000   -102580.9379        19.1      -102494.2257       -86.7122 20m15s/Msamples
        6859000   -102577.0661        19.1      -102486.3928       -90.6733 20m15s/Msamples
        6860000   -102580.7267        19.1      -102476.7867      -103.9400 20m15s/Msamples
        6861000   -102570.0217        19.1      -102479.1549       -90.8667 20m15s/Msamples
        6862000   -102583.5586        19.1      -102483.3288      -100.2297 20m15s/Msamples
        6863000   -102583.2559        19.1      -102488.1170       -95.1388 20m15s/Msamples
        6864000   -102584.4081        19.1      -102491.1344       -93.2737 20m15s/Msamples
        6865000   -102584.8673        19.1      -102489.8086       -95.0586 20m15s/Msamples
        6866000   -102572.5754        19.1      -102475.6441       -96.9312 20m15s/Msamples
        6867000   -102571.5747        19.1      -102476.0587       -95.5160 20m15s/Msamples
        6868000   -102584.3717        19.1      -102488.7862       -95.5854 20m15s/Msamples
        6869000   -102586.3799        19.1      -102487.4475       -98.9324 20m15s/Msamples
        6870000   -102580.7085        19.1      -102483.6136       -97.0948 20m15s/Msamples
        6871000   -102587.4807        19.1      -102491.5020       -95.9786 20m15s/Msamples
        6872000   -102579.8749        19.1      -102480.9902       -98.8846 20m15s/Msamples
        6873000   -102582.1373        19.1      -102481.2153      -100.9220 20m15s/Msamples
        6874000   -102588.2634        19.1      -102482.3408      -105.9225 20m15s/Msamples
        6875000   -102578.9468        19.1      -102481.3163       -97.6304 20m15s/Msamples
        6876000   -102567.5170        19.1      -102474.0415       -93.4754 20m15s/Msamples
        6877000   -102568.3687        19.1      -102473.1940       -95.1747 20m15s/Msamples
        6878000   -102568.1460        19.1      -102475.9087       -92.2373 20m15s/Msamples
        6879000   -102571.6595        19.1      -102477.3716       -94.2878 20m15s/Msamples
        6880000   -102558.4699        19.1      -102466.1883       -92.2816 20m15s/Msamples
        6881000   -102569.5736        19.1      -102476.6097       -92.9638 20m15s/Msamples
        6882000   -102570.6917        19.1      -102477.4260       -93.2657 20m15s/Msamples
        6883000   -102569.3921        19.1      -102476.5920       -92.8001 20m15s/Msamples
        6884000   -102564.0484        19.1      -102470.0803       -93.9680 20m15s/Msamples
        6885000   -102570.2356        19.1      -102473.0382       -97.1973 20m15s/Msamples
        6886000   -102565.0201        19.1      -102474.0015       -91.0186 20m15s/Msamples
        6887000   -102566.0090        19.1      -102471.4689       -94.5400 20m15s/Msamples
        6888000   -102578.8247        19.1      -102484.7652       -94.0595 20m15s/Msamples
        6889000   -102574.1730        19.1      -102479.8116       -94.3614 20m15s/Msamples
        6890000   -102564.8273        19.1      -102471.8299       -92.9973 20m15s/Msamples
        6891000   -102571.0619        19.1      -102477.2371       -93.8248 20m15s/Msamples
        6892000   -102563.2105        19.1      -102469.4763       -93.7342 20m15s/Msamples
        6893000   -102552.2403        19.2      -102469.4928       -82.7474 20m15s/Msamples
        6894000   -102562.9807        19.2      -102479.7281       -83.2526 20m15s/Msamples
        6895000   -102565.5887        19.2      -102477.1751       -88.4135 20m15s/Msamples
        6896000   -102568.5253        19.2      -102474.5732       -93.9520 20m15s/Msamples
        6897000   -102577.7465        19.2      -102476.9034      -100.8430 20m15s/Msamples
        6898000   -102586.8071        19.2      -102484.1107      -102.6963 20m15s/Msamples
        6899000   -102576.4549        19.2      -102480.7005       -95.7543 20m15s/Msamples
        6900000   -102585.5030        19.2      -102487.6402       -97.8628 20m15s/Msamples
        6901000   -102585.7495        19.2      -102482.4233      -103.3262 20m15s/Msamples
        6902000   -102578.8997        19.2      -102481.7848       -97.1148 20m15s/Msamples
        6903000   -102575.6287        19.2      -102481.6399       -93.9888 20m15s/Msamples
        6904000   -102574.6142        19.2      -102482.4570       -92.1571 20m15s/Msamples
        6905000   -102569.8617        19.2      -102480.9172       -88.9445 20m15s/Msamples
        6906000   -102570.8197        19.2      -102483.4085       -87.4111 20m15s/Msamples
        6907000   -102577.0267        19.2      -102485.9066       -91.1200 20m15s/Msamples
        6908000   -102582.1829        19.2      -102498.2383       -83.9446 20m15s/Msamples
        6909000   -102580.0940        19.2      -102486.3757       -93.7182 20m15s/Msamples
        6910000   -102578.9008        19.2      -102484.4835       -94.4173 20m15s/Msamples
        6911000   -102575.2893        19.2      -102488.9573       -86.3320 20m15s/Msamples
        6912000   -102587.3144        19.2      -102494.6594       -92.6549 20m15s/Msamples
        6913000   -102577.9815        19.2      -102485.4368       -92.5447 20m15s/Msamples
        6914000   -102568.0456        19.2      -102483.3454       -84.7002 20m15s/Msamples
        6915000   -102565.6166        19.2      -102477.0746       -88.5419 20m15s/Msamples
        6916000   -102586.2883        19.2      -102490.4860       -95.8022 20m15s/Msamples
        6917000   -102577.9932        19.2      -102481.9190       -96.0742 20m15s/Msamples
        6918000   -102568.2792        19.2      -102474.1136       -94.1656 20m15s/Msamples
        6919000   -102572.9289        19.2      -102479.0262       -93.9026 20m15s/Msamples
        6920000   -102570.2315        19.2      -102480.8636       -89.3678 20m15s/Msamples
        6921000   -102573.1646        19.2      -102483.1381       -90.0264 20m15s/Msamples
        6922000   -102567.3748        19.2      -102477.4151       -89.9597 20m15s/Msamples
        6923000   -102575.9784        19.2      -102487.1405       -88.8378 20m15s/Msamples
        6924000   -102581.6476        19.2      -102486.8529       -94.7946 20m15s/Msamples
        6925000   -102578.1880        19.2      -102483.4661       -94.7218 20m15s/Msamples
        6926000   -102578.6098        19.2      -102484.3348       -94.2749 20m15s/Msamples
        6927000   -102565.7559        19.2      -102477.5908       -88.1651 20m15s/Msamples
        6928000   -102567.9023        19.2      -102478.9895       -88.9128 20m15s/Msamples
        6929000   -102575.7425        19.2      -102480.3484       -95.3940 20m15s/Msamples
        6930000   -102574.0559        19.2      -102480.8526       -93.2033 20m15s/Msamples
        6931000   -102570.1621        19.2      -102485.0068       -85.1552 20m15s/Msamples
        6932000   -102578.5388        19.2      -102489.9325       -88.6063 20m15s/Msamples
        6933000   -102579.3329        19.2      -102491.5798       -87.7531 20m15s/Msamples
        6934000   -102575.5662        19.2      -102491.2300       -84.3362 20m15s/Msamples
        6935000   -102576.7424        19.2      -102488.9603       -87.7821 20m15s/Msamples
        6936000   -102572.9560        19.2      -102492.2473       -80.7086 20m15s/Msamples
        6937000   -102565.2038        19.2      -102480.3849       -84.8189 20m15s/Msamples
        6938000   -102572.1919        19.2      -102484.8670       -87.3248 20m15s/Msamples
        6939000   -102570.3748        19.2      -102485.6765       -84.6983 20m15s/Msamples
        6940000   -102570.3000        19.2      -102486.0481       -84.2518 20m15s/Msamples
        6941000   -102570.1290        19.2      -102477.7269       -92.4020 20m15s/Msamples
        6942000   -102555.9429        19.2      -102471.2236       -84.7193 20m15s/Msamples
        6943000   -102570.2660        19.2      -102476.2182       -94.0478 20m15s/Msamples
        6944000   -102573.1693        19.2      -102478.5001       -94.6691 20m15s/Msamples
        6945000   -102572.3424        19.2      -102475.7154       -96.6270 20m15s/Msamples
        6946000   -102565.9728        19.2      -102473.7550       -92.2178 20m15s/Msamples
        6947000   -102571.7443        19.2      -102476.0175       -95.7267 20m15s/Msamples
        6948000   -102569.8464        19.2      -102472.3776       -97.4688 20m15s/Msamples
        6949000   -102574.4847        19.2      -102481.4453       -93.0393 20m15s/Msamples
        6950000   -102588.3541        19.2      -102488.8828       -99.4713 20m15s/Msamples
        6951000   -102587.5252        19.2      -102491.8000       -95.7252 20m15s/Msamples
        6952000   -102571.2643        19.2      -102477.2447       -94.0195 20m15s/Msamples
        6953000   -102567.5839        19.2      -102472.2414       -95.3425 20m15s/Msamples
        6954000   -102568.9078        19.2      -102475.4760       -93.4317 20m15s/Msamples
        6955000   -102572.3048        19.2      -102477.6494       -94.6554 20m15s/Msamples
        6956000   -102570.9185        19.2      -102473.4027       -97.5158 20m15s/Msamples
        6957000   -102578.9655        19.2      -102483.4974       -95.4681 20m15s/Msamples
        6958000   -102579.1004        19.2      -102478.9681      -100.1322 20m15s/Msamples
        6959000   -102579.1579        19.2      -102483.0655       -96.0923 20m15s/Msamples
        6960000   -102586.0141        19.2      -102485.0219      -100.9921 20m15s/Msamples
        6961000   -102587.6267        19.2      -102488.9834       -98.6433 20m15s/Msamples
        6962000   -102580.4237        19.2      -102483.1861       -97.2375 20m15s/Msamples
        6963000   -102584.6901        19.2      -102485.8380       -98.8521 20m15s/Msamples
        6964000   -102584.5717        19.2      -102486.9067       -97.6650 20m15s/Msamples
        6965000   -102579.2902        19.2      -102482.7972       -96.4930 20m15s/Msamples
        6966000   -102580.6634        19.2      -102482.4252       -98.2382 20m15s/Msamples
        6967000   -102583.8456        19.2      -102485.7423       -98.1033 20m15s/Msamples
        6968000   -102582.2132        19.2      -102486.7428       -95.4703 20m15s/Msamples
        6969000   -102584.6181        19.2      -102486.5888       -98.0293 20m15s/Msamples
        6970000   -102592.8594        19.2      -102489.7268      -103.1325 20m15s/Msamples
        6971000   -102583.3402        19.2      -102488.1499       -95.1903 20m15s/Msamples
        6972000   -102569.4256        19.2      -102477.7740       -91.6515 20m15s/Msamples
        6973000   -102566.5102        19.2      -102472.8419       -93.6683 20m15s/Msamples
        6974000   -102564.0217        19.2      -102473.3809       -90.6408 20m15s/Msamples
        6975000   -102564.4482        19.2      -102474.2271       -90.2210 20m15s/Msamples
        6976000   -102570.4685        19.2      -102477.8859       -92.5826 20m15s/Msamples
        6977000   -102583.2238        19.2      -102483.3044       -99.9194 20m15s/Msamples
        6978000   -102594.0373        19.2      -102492.3987      -101.6386 20m15s/Msamples
        6979000   -102589.8515        19.2      -102486.9046      -102.9469 20m15s/Msamples
        6980000   -102578.5889        19.2      -102479.4324       -99.1565 20m15s/Msamples
        6981000   -102580.3671        19.2      -102483.5658       -96.8012 20m15s/Msamples
        6982000   -102571.6994        19.2      -102476.0888       -95.6106 20m15s/Msamples
        6983000   -102580.1581        19.2      -102484.5813       -95.5768 20m15s/Msamples
        6984000   -102585.0624        19.2      -102490.5244       -94.5379 20m15s/Msamples
        6985000   -102588.3057        19.2      -102493.8273       -94.4784 20m15s/Msamples
        6986000   -102579.2305        19.2      -102486.2444       -92.9861 20m15s/Msamples
        6987000   -102588.3177        19.2      -102491.1812       -97.1364 20m15s/Msamples
        6988000   -102596.7075        19.2      -102499.6714       -97.0361 20m15s/Msamples
        6989000   -102580.8285        19.2      -102487.3144       -93.5141 20m15s/Msamples
        6990000   -102570.4148        19.2      -102479.0398       -91.3750 20m15s/Msamples
        6991000   -102584.0894        19.2      -102495.0306       -89.0587 20m15s/Msamples
        6992000   -102587.8028        19.2      -102493.9963       -93.8064 20m15s/Msamples
        6993000   -102582.5310        19.2      -102492.1298       -90.4011 20m15s/Msamples
        6994000   -102580.5953        19.2      -102490.0180       -90.5773 20m15s/Msamples
        6995000   -102587.6623        19.2      -102493.9098       -93.7525 20m15s/Msamples
        6996000   -102582.6130        19.2      -102489.5152       -93.0977 20m15s/Msamples
        6997000   -102589.9209        19.2      -102491.8335       -98.0873 20m15s/Msamples
        6998000   -102591.8797        19.2      -102496.2816       -95.5980 20m15s/Msamples
        6999000   -102587.0592        19.2      -102492.5892       -94.4700 20m15s/Msamples
        7000000   -102594.2642        19.2      -102498.3587       -95.9054 20m15s/Msamples
        7001000   -102580.9143        19.2      -102490.5219       -90.3924 20m15s/Msamples
        7002000   -102600.1132        19.2      -102500.4279       -99.6852 20m15s/Msamples
        7003000   -102593.1091        19.2      -102498.2900       -94.8190 20m15s/Msamples
        7004000   -102588.5384        19.2      -102489.5350       -99.0033 20m15s/Msamples
        7005000   -102580.4144        19.2      -102484.2399       -96.1745 20m15s/Msamples
        7006000   -102573.0781        19.2      -102482.8182       -90.2598 20m15s/Msamples
        7007000   -102576.2021        19.2      -102482.8391       -93.3629 20m15s/Msamples
        7008000   -102586.1080        19.2      -102488.9480       -97.1599 20m15s/Msamples
        7009000   -102581.9347        19.2      -102488.4454       -93.4892 20m15s/Msamples
        7010000   -102592.0970        19.2      -102497.3561       -94.7409 20m15s/Msamples
        7011000   -102576.6935        19.2      -102486.8775       -89.8159 20m15s/Msamples
        7012000   -102583.5264        19.2      -102493.7241       -89.8022 20m15s/Msamples
        7013000   -102571.5018        19.2      -102479.2685       -92.2332 20m15s/Msamples
        7014000   -102575.9128        19.2      -102483.1471       -92.7656 20m15s/Msamples
        7015000   -102562.3206        19.2      -102476.0617       -86.2588 20m15s/Msamples
        7016000   -102561.8587        19.2      -102475.1758       -86.6828 20m15s/Msamples
        7017000   -102555.7083        19.2      -102470.4680       -85.2402 20m15s/Msamples
        7018000   -102559.0896        19.2      -102474.9077       -84.1818 20m15s/Msamples
        7019000   -102564.8482        19.2      -102483.3279       -81.5202 20m15s/Msamples
        7020000   -102569.1268        19.2      -102486.0360       -83.0908 20m15s/Msamples
        7021000   -102566.3666        19.2      -102480.0890       -86.2776 20m15s/Msamples
        7022000   -102566.5722        19.2      -102481.2900       -85.2821 20m15s/Msamples
        7023000   -102557.9422        19.2      -102476.8640       -81.0782 20m15s/Msamples
        7024000   -102576.4849        19.2      -102482.6021       -93.8827 20m15s/Msamples
        7025000   -102578.4573        19.2      -102484.5798       -93.8774 20m15s/Msamples
        7026000   -102575.7106        19.2      -102483.6305       -92.0800 20m15s/Msamples
        7027000   -102569.1338        19.2      -102481.0123       -88.1214 20m15s/Msamples
        7028000   -102575.7304        19.2      -102482.7012       -93.0291 20m15s/Msamples
        7029000   -102577.1869        19.2      -102485.0819       -92.1050 20m15s/Msamples
        7030000   -102582.2735        19.2      -102490.5552       -91.7183 20m15s/Msamples
        7031000   -102575.2069        19.2      -102486.1153       -89.0915 20m15s/Msamples
        7032000   -102568.9641        19.2      -102483.0778       -85.8863 20m15s/Msamples
        7033000   -102571.8766        19.2      -102483.9810       -87.8955 20m15s/Msamples
        7034000   -102570.4658        19.2      -102477.4777       -92.9880 20m15s/Msamples
        7035000   -102565.4050        19.2      -102474.7829       -90.6221 20m15s/Msamples
        7036000   -102571.1263        19.2      -102482.6637       -88.4625 20m15s/Msamples
        7037000   -102573.4357        19.2      -102488.1053       -85.3304 20m15s/Msamples
        7038000   -102586.5651        19.2      -102490.6067       -95.9584 20m15s/Msamples
        7039000   -102588.5238        19.2      -102491.4030       -97.1207 20m15s/Msamples
        7040000   -102581.6657        19.2      -102483.9781       -97.6875 20m15s/Msamples
        7041000   -102581.3304        19.2      -102485.2214       -96.1090 20m15s/Msamples
        7042000   -102594.4480        19.2      -102494.6926       -99.7554 20m15s/Msamples
        7043000   -102584.1294        19.2      -102491.3671       -92.7622 20m15s/Msamples
        7044000   -102591.4729        19.2      -102495.8656       -95.6072 20m15s/Msamples
        7045000   -102609.2966        19.2      -102509.1420      -100.1545 20m15s/Msamples
        7046000   -102606.4675        19.2      -102510.3521       -96.1153 20m15s/Msamples
        7047000   -102596.4992        19.2      -102503.2323       -93.2669 20m15s/Msamples
        7048000   -102579.2245        19.2      -102484.4959       -94.7285 20m15s/Msamples
        7049000   -102576.0393        19.2      -102477.6914       -98.3479 20m15s/Msamples
        7050000   -102566.5797        19.2      -102474.3594       -92.2202 20m15s/Msamples
        7051000   -102569.8511        19.2      -102475.1522       -94.6989 20m15s/Msamples
        7052000   -102576.3173        19.2      -102482.0734       -94.2438 20m15s/Msamples
        7053000   -102579.8368        19.2      -102482.5733       -97.2634 20m15s/Msamples
        7054000   -102578.4387        19.2      -102479.0891       -99.3495 20m15s/Msamples
        7055000   -102572.0187        19.2      -102477.9244       -94.0943 20m15s/Msamples
        7056000   -102572.4008        19.2      -102475.4929       -96.9079 20m15s/Msamples
        7057000   -102578.1636        19.2      -102481.8928       -96.2707 20m15s/Msamples
        7058000   -102578.3581        19.2      -102483.7575       -94.6005 20m15s/Msamples
        7059000   -102586.0101        19.2      -102486.3181       -99.6920 20m15s/Msamples
        7060000   -102579.0579        19.2      -102478.3603      -100.6975 20m15s/Msamples
        7061000   -102567.5884        19.2      -102474.2715       -93.3169 20m15s/Msamples
        7062000   -102574.8299        19.2      -102482.1917       -92.6381 20m15s/Msamples
        7063000   -102569.9555        19.2      -102475.4670       -94.4885 20m15s/Msamples
        7064000   -102580.1199        19.2      -102476.2873      -103.8326 20m15s/Msamples
        7065000   -102590.6121        19.2      -102486.0536      -104.5585 20m15s/Msamples
        7066000   -102583.4383        19.2      -102482.8572      -100.5810 20m15s/Msamples
        7067000   -102583.7071        19.2      -102489.1601       -94.5469 20m15s/Msamples
        7068000   -102581.3852        19.2      -102488.7457       -92.6394 20m15s/Msamples
        7069000   -102590.3950        19.2      -102493.6623       -96.7327 20m15s/Msamples
        7070000   -102586.4211        19.2      -102488.9242       -97.4968 20m15s/Msamples
        7071000   -102584.2570        19.2      -102487.6143       -96.6426 20m15s/Msamples
        7072000   -102587.0451        19.2      -102490.0982       -96.9468 20m15s/Msamples
        7073000   -102593.0716        19.2      -102485.1409      -107.9307 20m15s/Msamples
        7074000   -102597.6178        19.2      -102487.9983      -109.6194 20m15s/Msamples
        7075000   -102608.7997        19.2      -102495.4117      -113.3879 20m15s/Msamples
        7076000   -102600.2778        19.2      -102489.7637      -110.5140 20m15s/Msamples
        7077000   -102584.4792        19.2      -102484.1894      -100.2898 20m15s/Msamples
        7078000   -102585.9403        19.2      -102486.8807       -99.0595 20m15s/Msamples
        7079000   -102583.9292        19.2      -102480.9033      -103.0259 20m15s/Msamples
        7080000   -102566.5208        19.2      -102471.2269       -95.2939 20m15s/Msamples
        7081000   -102579.3803        19.2      -102479.4969       -99.8833 20m15s/Msamples
        7082000   -102566.9384        19.2      -102470.2218       -96.7165 20m15s/Msamples
        7083000   -102573.4064        19.2      -102474.2971       -99.1093 20m15s/Msamples
        7084000   -102582.6446        19.2      -102480.7362      -101.9084 20m15s/Msamples
        7085000   -102575.4340        19.2      -102470.9677      -104.4663 20m15s/Msamples
        7086000   -102575.9297        19.2      -102470.5528      -105.3768 20m15s/Msamples
        7087000   -102577.6530        19.2      -102482.0373       -95.6157 20m15s/Msamples
        7088000   -102585.8510        19.2      -102486.5885       -99.2624 20m15s/Msamples
        7089000   -102581.9196        19.2      -102478.2388      -103.6807 20m15s/Msamples
        7090000   -102582.7434        19.1      -102477.8730      -104.8703 20m15s/Msamples
        7091000   -102581.9823        19.1      -102476.6094      -105.3729 20m15s/Msamples
        7092000   -102602.3426        19.1      -102492.4916      -109.8509 20m15s/Msamples
        7093000   -102589.1963        19.1      -102478.9296      -110.2667 20m15s/Msamples
        7094000   -102594.5656        19.1      -102483.4658      -111.0998 20m15s/Msamples
        7095000   -102587.2705        19.1      -102479.4187      -107.8518 20m15s/Msamples
        7096000   -102590.0533        19.1      -102486.1632      -103.8900 20m15s/Msamples
        7097000   -102595.5080        19.1      -102490.4962      -105.0117 20m15s/Msamples
        7098000   -102589.6399        19.1      -102487.5493      -102.0906 20m15s/Msamples
        7099000   -102583.7274        19.1      -102479.6396      -104.0877 20m15s/Msamples
        7100000   -102594.0598        19.1      -102481.1314      -112.9284 20m15s/Msamples
        7101000   -102606.7959        19.1      -102483.0153      -123.7805 20m15s/Msamples
        7102000   -102591.3788        19.1      -102477.8044      -113.5744 20m15s/Msamples
        7103000   -102584.7902        19.1      -102479.0797      -105.7105 20m15s/Msamples
        7104000   -102579.5188        19.1      -102476.7502      -102.7685 20m15s/Msamples
        7105000   -102592.6824        19.1      -102487.3310      -105.3513 20m15s/Msamples
        7106000   -102595.0983        19.1      -102484.3513      -110.7469 20m15s/Msamples
        7107000   -102589.7232        19.1      -102483.2625      -106.4606 20m15s/Msamples
        7108000   -102606.4864        19.1      -102501.7600      -104.7264 20m15s/Msamples
        7109000   -102589.9419        19.1      -102485.2652      -104.6766 20m15s/Msamples
        7110000   -102576.5484        19.1      -102471.5467      -105.0017 20m15s/Msamples
        7111000   -102579.6234        19.1      -102476.3882      -103.2352 20m15s/Msamples
        7112000   -102577.7018        19.1      -102474.3979      -103.3039 20m15s/Msamples
        7113000   -102569.0080        19.1      -102469.4298       -99.5782 20m15s/Msamples
        7114000   -102566.8789        19.1      -102468.8061       -98.0728 20m15s/Msamples
        7115000   -102579.3957        19.1      -102480.4712       -98.9244 20m15s/Msamples
        7116000   -102575.5351        19.1      -102475.4211      -100.1139 20m15s/Msamples
        7117000   -102582.1666        19.1      -102479.1479      -103.0187 20m15s/Msamples
        7118000   -102594.3599        19.1      -102490.5887      -103.7712 20m15s/Msamples
        7119000   -102588.3599        19.1      -102479.3299      -109.0299 20m15s/Msamples
        7120000   -102581.5043        19.0      -102478.4857      -103.0186 20m15s/Msamples
        7121000   -102581.5778        19.0      -102479.5422      -102.0355 20m15s/Msamples
        7122000   -102581.4111        19.0      -102482.7995       -98.6116 20m15s/Msamples
        7123000   -102589.1619        19.0      -102489.7165       -99.4454 20m15s/Msamples
        7124000   -102588.9063        19.0      -102489.2646       -99.6417 20m15s/Msamples
        7125000   -102594.6833        19.0      -102491.5317      -103.1516 20m15s/Msamples
        7126000   -102585.2740        19.0      -102484.5240      -100.7500 20m15s/Msamples
        7127000   -102592.8823        19.0      -102488.0585      -104.8238 20m15s/Msamples
        7128000   -102585.6387        19.0      -102484.4056      -101.2331 20m15s/Msamples
        7129000   -102587.9435        19.0      -102484.1782      -103.7652 20m15s/Msamples
        7130000   -102588.7212        19.0      -102481.7395      -106.9817 20m15s/Msamples
        7131000   -102595.5204        19.0      -102486.4228      -109.0975 20m15s/Msamples
        7132000   -102593.9716        19.0      -102486.9072      -107.0644 20m15s/Msamples
        7133000   -102590.2154        19.0      -102485.0840      -105.1314 20m15s/Msamples
        7134000   -102597.6813        19.0      -102485.1492      -112.5321 20m15s/Msamples
        7135000   -102588.9191        19.0      -102478.6776      -110.2414 20m15s/Msamples
        7136000   -102590.8560        19.0      -102486.1026      -104.7534 20m15s/Msamples
        7137000   -102591.4523        19.0      -102485.8512      -105.6010 20m15s/Msamples
        7138000   -102587.8781        19.0      -102484.0081      -103.8699 20m15s/Msamples
        7139000   -102589.3223        19.0      -102486.5537      -102.7685 20m15s/Msamples
        7140000   -102591.8499        19.0      -102487.5282      -104.3216 20m15s/Msamples
        7141000   -102603.3914        19.0      -102498.7544      -104.6369 20m15s/Msamples
        7142000   -102605.2954        19.0      -102493.0788      -112.2166 20m15s/Msamples
        7143000   -102597.0458        18.9      -102486.9803      -110.0655 20m15s/Msamples
        7144000   -102591.9428        18.9      -102480.6135      -111.3293 20m15s/Msamples
        7145000   -102606.3716        18.9      -102487.7199      -118.6517 20m15s/Msamples
        7146000   -102599.0338        18.9      -102486.2773      -112.7565 20m15s/Msamples
        7147000   -102592.5783        18.9      -102481.8620      -110.7163 20m15s/Msamples
        7148000   -102581.9739        18.9      -102472.6827      -109.2912 20m15s/Msamples
        7149000   -102597.0909        18.9      -102481.0401      -116.0507 20m15s/Msamples
        7150000   -102596.9437        18.9      -102479.5855      -117.3581 20m16s/Msamples
        7151000   -102593.7133        18.9      -102479.9836      -113.7297 20m16s/Msamples
        7152000   -102600.5705        18.9      -102487.0210      -113.5495 20m16s/Msamples
        7153000   -102601.8705        18.9      -102491.3878      -110.4827 20m16s/Msamples
        7154000   -102581.5927        18.9      -102474.1090      -107.4836 20m16s/Msamples
        7155000   -102587.2673        18.9      -102475.2835      -111.9837 20m16s/Msamples
        7156000   -102584.5871        18.9      -102480.3943      -104.1927 20m16s/Msamples
        7157000   -102584.6886        18.9      -102482.6359      -102.0526 20m16s/Msamples
        7158000   -102589.7290        18.9      -102486.9482      -102.7807 20m16s/Msamples
        7159000   -102587.1547        18.9      -102479.4490      -107.7056 20m16s/Msamples
        7160000   -102593.4473        18.9      -102478.9476      -114.4996 20m16s/Msamples
        7161000   -102602.3916        18.9      -102486.2839      -116.1076 20m16s/Msamples
        7162000   -102594.7042        18.9      -102481.4788      -113.2253 20m16s/Msamples
        7163000   -102581.0435        18.9      -102476.2059      -104.8376 20m16s/Msamples
        7164000   -102577.4628        18.9      -102472.0934      -105.3694 20m16s/Msamples
        7165000   -102583.9435        18.9      -102479.4376      -104.5059 20m16s/Msamples
        7166000   -102592.3388        18.9      -102483.9313      -108.4075 20m16s/Msamples
        7167000   -102581.2451        18.9      -102474.7870      -106.4581 20m16s/Msamples
        7168000   -102589.2293        18.9      -102476.4024      -112.8269 20m16s/Msamples
        7169000   -102580.9051        18.8      -102477.8078      -103.0972 20m16s/Msamples
        7170000   -102590.8708        18.8      -102486.3190      -104.5518 20m16s/Msamples
        7171000   -102588.5366        18.8      -102492.7072       -95.8293 20m16s/Msamples
        7172000   -102580.5970        18.8      -102483.8983       -96.6986 20m16s/Msamples
        7173000   -102580.7410        18.8      -102486.2213       -94.5197 20m16s/Msamples
        7174000   -102583.1821        18.8      -102485.1366       -98.0455 20m16s/Msamples
        7175000   -102575.3642        18.8      -102477.4057       -97.9584 20m16s/Msamples
        7176000   -102575.3222        18.8      -102480.8995       -94.4227 20m16s/Msamples
        7177000   -102582.4114        18.8      -102481.2643      -101.1471 20m16s/Msamples
        7178000   -102582.5051        18.8      -102478.6776      -103.8274 20m16s/Msamples
        7179000   -102585.5376        18.8      -102478.2656      -107.2719 20m16s/Msamples
        7180000   -102585.2534        18.8      -102485.1407      -100.1126 20m16s/Msamples
        7181000   -102573.5419        18.8      -102475.9597       -97.5822 20m16s/Msamples
        7182000   -102584.3866        18.8      -102484.1816      -100.2050 20m16s/Msamples
        7183000   -102579.8028        18.8      -102484.7375       -95.0653 20m16s/Msamples
        7184000   -102576.5160        18.8      -102482.9262       -93.5897 20m16s/Msamples
        7185000   -102578.6418        18.8      -102481.4546       -97.1871 20m16s/Msamples
        7186000   -102584.4142        18.8      -102488.1682       -96.2459 20m16s/Msamples
        7187000   -102583.0014        18.8      -102481.7647      -101.2366 20m16s/Msamples
        7188000   -102568.0241        18.8      -102472.9465       -95.0776 20m16s/Msamples
        7189000   -102577.1718        18.8      -102478.6258       -98.5459 20m16s/Msamples
        7190000   -102578.0581        18.8      -102475.6120      -102.4460 20m16s/Msamples
        7191000   -102569.1496        18.8      -102479.6642       -89.4854 20m16s/Msamples
        7192000   -102570.2108        18.8      -102478.1173       -92.0935 20m16s/Msamples
        7193000   -102567.4698        18.8      -102477.0505       -90.4193 20m16s/Msamples
        7194000   -102573.1226        18.8      -102482.9712       -90.1513 20m16s/Msamples
        7195000   -102579.8997        18.8      -102480.3728       -99.5269 20m16s/Msamples
        7196000   -102574.9847        18.8      -102479.5058       -95.4788 20m16s/Msamples
        7197000   -102576.2324        18.8      -102481.6043       -94.6280 20m16s/Msamples
        7198000   -102571.7196        18.8      -102475.5108       -96.2088 20m16s/Msamples
        7199000   -102577.7596        18.8      -102478.0471       -99.7124 20m16s/Msamples
        7200000   -102574.6160        18.8      -102479.3191       -95.2969 20m16s/Msamples
        7201000   -102574.4228        18.8      -102478.5434       -95.8794 20m16s/Msamples
        7202000   -102573.6522        18.8      -102479.6861       -93.9660 20m16s/Msamples
        7203000   -102576.3839        18.8      -102484.9709       -91.4130 20m16s/Msamples
        7204000   -102572.7925        18.8      -102484.9492       -87.8432 20m16s/Msamples
        7205000   -102576.0591        18.8      -102487.9265       -88.1325 20m16s/Msamples
        7206000   -102577.9054        18.8      -102481.4202       -96.4852 20m16s/Msamples
        7207000   -102574.2679        18.8      -102482.5815       -91.6863 20m16s/Msamples
        7208000   -102568.1512        18.8      -102480.6545       -87.4967 20m16s/Msamples
        7209000   -102557.4706        18.8      -102473.2314       -84.2391 20m16s/Msamples
        7210000   -102557.1275        18.8      -102474.3020       -82.8255 20m16s/Msamples
        7211000   -102568.2121        18.8      -102483.3141       -84.8980 20m16s/Msamples
        7212000   -102574.1944        18.8      -102479.9966       -94.1978 20m16s/Msamples
        7213000   -102570.0922        18.8      -102478.1583       -91.9338 20m16s/Msamples
        7214000   -102578.9049        18.8      -102485.1179       -93.7869 20m16s/Msamples
        7215000   -102572.9942        18.8      -102481.8735       -91.1207 20m16s/Msamples
        7216000   -102591.2423        18.8      -102496.2944       -94.9479 20m16s/Msamples
        7217000   -102575.8172        18.8      -102486.3173       -89.4998 20m16s/Msamples
        7218000   -102561.9546        18.8      -102481.3523       -80.6023 20m16s/Msamples
        7219000   -102569.9057        18.8      -102483.7347       -86.1709 20m16s/Msamples
        7220000   -102573.9931        18.8      -102488.7284       -85.2646 20m16s/Msamples
        7221000   -102567.9003        18.8      -102478.5146       -89.3856 20m16s/Msamples
        7222000   -102570.6252        18.8      -102485.1254       -85.4997 20m16s/Msamples
        7223000   -102570.1238        18.8      -102481.5361       -88.5877 20m16s/Msamples
        7224000   -102562.2220        18.8      -102475.7925       -86.4294 20m16s/Msamples
        7225000   -102572.9822        18.8      -102479.5847       -93.3974 20m16s/Msamples
        7226000   -102570.1339        18.8      -102480.0839       -90.0500 20m16s/Msamples
        7227000   -102557.8453        18.8      -102476.0948       -81.7505 20m16s/Msamples
        7228000   -102569.0443        18.9      -102486.0653       -82.9789 20m16s/Msamples
        7229000   -102560.1630        18.9      -102479.8293       -80.3336 20m16s/Msamples
        7230000   -102552.5996        18.9      -102473.0329       -79.5666 20m16s/Msamples
        7231000   -102560.1123        18.9      -102477.5970       -82.5153 20m16s/Msamples
        7232000   -102553.0995        18.9      -102472.2819       -80.8175 20m16s/Msamples
        7233000   -102576.7493        18.9      -102486.7108       -90.0385 20m16s/Msamples
        7234000   -102571.0762        18.9      -102483.5633       -87.5129 20m16s/Msamples
        7235000   -102562.5596        18.9      -102479.7721       -82.7875 20m16s/Msamples
        7236000   -102571.6108        18.9      -102488.4485       -83.1622 20m16s/Msamples
        7237000   -102566.8302        18.9      -102485.4324       -81.3978 20m16s/Msamples
        7238000   -102573.6691        18.9      -102490.1997       -83.4694 20m16s/Msamples
        7239000   -102567.4623        18.9      -102483.5500       -83.9122 20m16s/Msamples
        7240000   -102551.3241        18.9      -102473.5612       -77.7628 20m16s/Msamples
        7241000   -102557.6051        18.9      -102477.7993       -79.8058 20m16s/Msamples
        7242000   -102569.6193        18.9      -102480.1067       -89.5125 20m16s/Msamples
        7243000   -102565.7975        18.9      -102478.3399       -87.4575 20m16s/Msamples
        7244000   -102572.6139        19.0      -102480.4751       -92.1387 20m16s/Msamples
        7245000   -102576.6309        19.0      -102490.1197       -86.5111 20m16s/Msamples
        7246000   -102574.7160        19.0      -102488.0234       -86.6926 20m16s/Msamples
        7247000   -102565.0784        19.0      -102485.5915       -79.4868 20m16s/Msamples
        7248000   -102572.3161        19.0      -102487.0585       -85.2576 20m16s/Msamples
        7249000   -102563.3506        19.0      -102475.8176       -87.5329 20m16s/Msamples
        7250000   -102570.2419        19.0      -102479.2086       -91.0333 20m16s/Msamples
        7251000   -102566.3202        19.0      -102475.3681       -90.9520 20m16s/Msamples
        7252000   -102569.2952        19.0      -102472.5862       -96.7089 20m16s/Msamples
        7253000   -102555.7668        19.0      -102469.5689       -86.1978 20m16s/Msamples
        7254000   -102564.5674        19.0      -102472.5804       -91.9870 20m16s/Msamples
        7255000   -102585.5616        19.0      -102487.6708       -97.8907 20m16s/Msamples
        7256000   -102597.4950        19.0      -102495.2093      -102.2856 20m16s/Msamples
        7257000   -102592.6358        19.0      -102497.2212       -95.4146 20m16s/Msamples
        7258000   -102590.4369        19.0      -102491.3941       -99.0427 20m16s/Msamples
        7259000   -102590.5176        19.0      -102489.9937      -100.5239 20m16s/Msamples
        7260000   -102576.5911        19.0      -102480.4244       -96.1667 20m16s/Msamples
        7261000   -102574.0616        19.0      -102480.3068       -93.7548 20m16s/Msamples
        7262000   -102576.6061        19.0      -102486.4411       -90.1649 20m16s/Msamples
        7263000   -102570.2751        19.0      -102485.1055       -85.1696 20m16s/Msamples
        7264000   -102575.6170        19.0      -102484.1137       -91.5032 20m16s/Msamples
        7265000   -102578.9477        19.0      -102492.3920       -86.5557 20m16s/Msamples
        7266000   -102594.6272        19.0      -102499.1669       -95.4602 20m16s/Msamples
        7267000   -102577.1608        19.0      -102488.4488       -88.7119 20m16s/Msamples
        7268000   -102577.3601        19.0      -102483.6993       -93.6608 20m16s/Msamples
        7269000   -102572.2983        18.9      -102488.2503       -84.0479 20m16s/Msamples
        7270000   -102583.6324        18.9      -102493.0293       -90.6030 20m16s/Msamples
        7271000   -102581.3262        18.9      -102491.6387       -89.6874 20m16s/Msamples
        7272000   -102577.3641        18.9      -102491.5479       -85.8162 20m16s/Msamples
        7273000   -102578.4015        18.9      -102487.3987       -91.0027 20m16s/Msamples
        7274000   -102578.2161        18.9      -102490.0330       -88.1831 20m16s/Msamples
        7275000   -102595.3227        18.9      -102502.9309       -92.3918 20m16s/Msamples
        7276000   -102575.5677        18.9      -102491.4657       -84.1020 20m16s/Msamples
        7277000   -102580.6448        18.9      -102494.3016       -86.3431 20m16s/Msamples
        7278000   -102572.5563        18.9      -102485.1816       -87.3746 20m16s/Msamples
        7279000   -102568.8310        18.9      -102483.5365       -85.2945 20m16s/Msamples
        7280000   -102556.7714        18.9      -102475.4745       -81.2969 20m16s/Msamples
        7281000   -102562.3548        18.9      -102478.8326       -83.5221 20m16s/Msamples
        7282000   -102566.0803        18.9      -102485.2381       -80.8422 20m16s/Msamples
        7283000   -102574.3351        18.9      -102495.9054       -78.4296 20m16s/Msamples
        7284000   -102565.6577        19.0      -102488.8315       -76.8261 20m16s/Msamples
        7285000   -102559.4789        19.0      -102480.4413       -79.0376 20m16s/Msamples
        7286000   -102570.4899        19.0      -102485.3623       -85.1276 20m16s/Msamples
        7287000   -102562.1111        19.0      -102483.1259       -78.9851 20m16s/Msamples
        7288000   -102571.2512        19.0      -102483.4652       -87.7860 20m16s/Msamples
        7289000   -102555.2885        19.0      -102474.2611       -81.0273 20m16s/Msamples
        7290000   -102562.4742        19.0      -102481.6526       -80.8216 20m16s/Msamples
        7291000   -102566.6155        19.0      -102483.7040       -82.9114 20m16s/Msamples
        7292000   -102576.6123        19.0      -102487.7642       -88.8480 20m16s/Msamples
        7293000   -102567.6752        19.0      -102484.3599       -83.3152 20m16s/Msamples
        7294000   -102574.6325        19.0      -102497.4734       -77.1590 20m16s/Msamples
        7295000   -102561.2772        19.0      -102481.4383       -79.8388 20m16s/Msamples
        7296000   -102555.6237        19.0      -102479.5005       -76.1232 20m16s/Msamples
        7297000   -102549.9723        19.0      -102473.7058       -76.2665 20m16s/Msamples
        7298000   -102562.3323        19.0      -102483.5448       -78.7875 20m16s/Msamples
        7299000   -102562.9726        19.0      -102479.8625       -83.1101 20m16s/Msamples
        7300000   -102565.3026        19.0      -102486.7601       -78.5424 20m16s/Msamples
        7301000   -102550.5915        19.1      -102474.6463       -75.9451 20m16s/Msamples
        7302000   -102547.8995        19.1      -102474.2901       -73.6094 20m16s/Msamples
        7303000   -102545.9632        19.1      -102474.7436       -71.2196 20m16s/Msamples
        7304000   -102562.7572        19.1      -102481.1910       -81.5661 20m16s/Msamples
        7305000   -102553.4617        19.1      -102473.8010       -79.6607 20m16s/Msamples
        7306000   -102547.8994        19.1      -102470.7429       -77.1565 20m16s/Msamples
        7307000   -102565.0615        19.1      -102484.2546       -80.8068 20m16s/Msamples
        7308000   -102548.6150        19.2      -102470.6439       -77.9711 20m16s/Msamples
        7309000   -102561.4653        19.2      -102477.4077       -84.0576 20m16s/Msamples
        7310000   -102554.0178        19.2      -102477.1076       -76.9102 20m16s/Msamples
        7311000   -102551.4870        19.2      -102476.4474       -75.0396 20m16s/Msamples
        7312000   -102553.9307        19.2      -102469.9100       -84.0207 20m16s/Msamples
        7313000   -102557.8420        19.2      -102474.6642       -83.1777 20m16s/Msamples
        7314000   -102560.0383        19.2      -102477.4981       -82.5402 20m16s/Msamples
        7315000   -102555.6963        19.2      -102475.4089       -80.2874 20m16s/Msamples
        7316000   -102557.8307        19.3      -102474.9595       -82.8712 20m16s/Msamples
        7317000   -102563.8226        19.3      -102484.1387       -79.6838 20m16s/Msamples
        7318000   -102569.6702        19.3      -102479.9319       -89.7382 20m16s/Msamples
        7319000   -102575.1313        19.3      -102487.3080       -87.8233 20m16s/Msamples
        7320000   -102571.2566        19.3      -102482.0628       -89.1937 20m16s/Msamples
        7321000   -102565.6143        19.3      -102477.7682       -87.8460 20m16s/Msamples
        7322000   -102557.3729        19.3      -102472.6094       -84.7635 20m16s/Msamples
        7323000   -102558.0565        19.3      -102475.8375       -82.2189 20m16s/Msamples
        7324000   -102549.7457        19.3      -102471.1092       -78.6365 20m16s/Msamples
        7325000   -102564.5059        19.3      -102486.4042       -78.1016 20m16s/Msamples
        7326000   -102562.0834        19.3      -102475.2319       -86.8515 20m16s/Msamples
        7327000   -102564.9288        19.3      -102479.0399       -85.8888 20m16s/Msamples
        7328000   -102562.0750        19.3      -102477.3173       -84.7577 20m16s/Msamples
        7329000   -102565.3368        19.3      -102475.2605       -90.0763 20m16s/Msamples
        7330000   -102567.3453        19.3      -102482.6861       -84.6591 20m16s/Msamples
        7331000   -102552.2974        19.3      -102469.6247       -82.6727 20m16s/Msamples
        7332000   -102554.3850        19.4      -102470.8812       -83.5037 20m16s/Msamples
        7333000   -102559.9081        19.4      -102476.6673       -83.2407 20m16s/Msamples
        7334000   -102562.9936        19.4      -102476.2888       -86.7048 20m16s/Msamples
        7335000   -102556.8275        19.4      -102473.0345       -83.7930 20m16s/Msamples
        7336000   -102551.2669        19.4      -102471.0537       -80.2132 20m16s/Msamples
        7337000   -102558.2263        19.4      -102474.6422       -83.5841 20m16s/Msamples
        7338000   -102556.6736        19.4      -102477.1569       -79.5166 20m16s/Msamples
        7339000   -102560.5363        19.4      -102477.2862       -83.2501 20m16s/Msamples
        7340000   -102567.2783        19.4      -102481.2840       -85.9942 20m16s/Msamples
        7341000   -102572.8911        19.4      -102485.4998       -87.3913 20m16s/Msamples
        7342000   -102576.4679        19.4      -102488.5864       -87.8815 20m16s/Msamples
        7343000   -102584.3452        19.4      -102499.0390       -85.3061 20m16s/Msamples
        7344000   -102570.7262        19.4      -102482.0784       -88.6477 20m16s/Msamples
        7345000   -102573.4470        19.4      -102485.9226       -87.5244 20m16s/Msamples
        7346000   -102567.9212        19.4      -102484.8313       -83.0899 20m16s/Msamples
        7347000   -102555.7704        19.5      -102474.3479       -81.4224 20m16s/Msamples
        7348000   -102574.3318        19.5      -102490.6112       -83.7206 20m16s/Msamples
        7349000   -102572.6481        19.4      -102487.9445       -84.7036 20m16s/Msamples
        7350000   -102565.0974        19.5      -102482.4132       -82.6842 20m16s/Msamples
        7351000   -102567.6551        19.5      -102487.6871       -79.9679 20m16s/Msamples
        7352000   -102560.2657        19.5      -102475.8340       -84.4316 20m16s/Msamples
        7353000   -102566.6482        19.5      -102486.5562       -80.0919 20m16s/Msamples
        7354000   -102569.0795        19.5      -102484.8194       -84.2600 20m16s/Msamples
        7355000   -102554.9299        19.5      -102477.4458       -77.4841 20m16s/Msamples
        7356000   -102559.4006        19.5      -102477.8531       -81.5475 20m16s/Msamples
        7357000   -102558.9730        19.5      -102481.8149       -77.1581 20m16s/Msamples
        7358000   -102561.3262        19.5      -102483.2227       -78.1034 20m16s/Msamples
        7359000   -102575.3932        19.5      -102491.1204       -84.2728 20m16s/Msamples
        7360000   -102567.5820        19.5      -102486.3701       -81.2118 20m16s/Msamples
        7361000   -102574.6911        19.5      -102490.0695       -84.6215 20m16s/Msamples
        7362000   -102564.5213        19.5      -102484.5294       -79.9919 20m16s/Msamples
        7363000   -102555.5499        19.5      -102477.3229       -78.2269 20m16s/Msamples
        7364000   -102560.8875        19.5      -102478.2729       -82.6145 20m16s/Msamples
        7365000   -102579.2201        19.5      -102490.1219       -89.0982 20m16s/Msamples
        7366000   -102582.8027        19.5      -102497.4658       -85.3369 20m16s/Msamples
        7367000   -102580.4582        19.5      -102494.1367       -86.3215 20m16s/Msamples
        7368000   -102589.1791        19.5      -102502.2631       -86.9160 20m16s/Msamples
        7369000   -102568.4702        19.5      -102484.9235       -83.5467 20m16s/Msamples
        7370000   -102578.0971        19.5      -102490.6919       -87.4051 20m16s/Msamples
        7371000   -102584.1767        19.5      -102499.0406       -85.1361 20m16s/Msamples
        7372000   -102573.9548        19.5      -102491.9011       -82.0536 20m16s/Msamples
        7373000   -102568.0183        19.5      -102487.6600       -80.3582 20m16s/Msamples
        7374000   -102575.8380        19.5      -102489.4742       -86.3637 20m16s/Msamples
        7375000   -102579.5278        19.5      -102488.9096       -90.6181 20m16s/Msamples
        7376000   -102586.4579        19.5      -102496.5925       -89.8654 20m16s/Msamples
        7377000   -102585.8789        19.5      -102495.5855       -90.2933 20m16s/Msamples
        7378000   -102587.8639        19.5      -102500.9154       -86.9485 20m16s/Msamples
        7379000   -102578.0001        19.5      -102490.8589       -87.1412 20m16s/Msamples
        7380000   -102576.5712        19.5      -102489.4012       -87.1699 20m16s/Msamples
        7381000   -102565.5249        19.5      -102486.0090       -79.5158 20m16s/Msamples
        7382000   -102570.4521        19.5      -102485.4302       -85.0218 20m16s/Msamples
        7383000   -102565.2132        19.6      -102487.1900       -78.0231 20m16s/Msamples
        7384000   -102564.9613        19.6      -102488.5448       -76.4164 20m16s/Msamples
        7385000   -102569.8462        19.6      -102488.6731       -81.1731 20m16s/Msamples
        7386000   -102567.1912        19.6      -102487.1285       -80.0627 20m16s/Msamples
        7387000   -102561.7133        19.6      -102483.6028       -78.1104 20m16s/Msamples
        7388000   -102561.3972        19.6      -102483.9032       -77.4940 20m16s/Msamples
        7389000   -102558.0935        19.6      -102480.9014       -77.1921 20m16s/Msamples
        7390000   -102557.3141        19.6      -102478.9898       -78.3243 20m16s/Msamples
        7391000   -102561.5942        19.6      -102482.9977       -78.5964 20m16s/Msamples
        7392000   -102559.6239        19.6      -102486.8150       -72.8089 20m16s/Msamples
        7393000   -102556.7738        19.6      -102474.1082       -82.6655 20m16s/Msamples
        7394000   -102555.3341        19.6      -102476.7915       -78.5426 20m16s/Msamples
        7395000   -102567.3619        19.6      -102482.7966       -84.5652 20m16s/Msamples
        7396000   -102566.6250        19.6      -102483.1552       -83.4697 20m16s/Msamples
        7397000   -102555.6382        19.7      -102479.8722       -75.7659 20m16s/Msamples
        7398000   -102547.3968        19.7      -102473.1531       -74.2437 20m16s/Msamples
        7399000   -102561.3164        19.7      -102487.9321       -73.3842 20m16s/Msamples
        7400000   -102572.4871        19.7      -102500.2283       -72.2587 20m16s/Msamples
        7401000   -102571.3890        19.7      -102489.9074       -81.4815 20m16s/Msamples
        7402000   -102576.9278        19.7      -102492.6667       -84.2611 20m16s/Msamples
        7403000   -102572.8011        19.7      -102490.5385       -82.2626 20m16s/Msamples
        7404000   -102570.8021        19.7      -102492.9610       -77.8411 20m16s/Msamples
        7405000   -102555.5702        19.7      -102480.9409       -74.6293 20m16s/Msamples
        7406000   -102556.5218        19.7      -102482.6735       -73.8483 20m16s/Msamples
        7407000   -102567.7937        19.7      -102490.1557       -77.6379 20m16s/Msamples
        7408000   -102554.8206        19.7      -102484.8624       -69.9581 20m16s/Msamples
        7409000   -102561.8365        19.7      -102489.2505       -72.5859 20m16s/Msamples
        7410000   -102565.4622        19.7      -102487.9692       -77.4929 20m16s/Msamples
        7411000   -102557.2990        19.7      -102484.8068       -72.4921 20m16s/Msamples
        7412000   -102564.5130        19.7      -102487.4862       -77.0267 20m16s/Msamples
        7413000   -102561.3959        19.7      -102487.7202       -73.6756 20m16s/Msamples
        7414000   -102547.5891        19.8      -102475.8667       -71.7224 20m16s/Msamples
        7415000   -102558.9148        19.8      -102487.4955       -71.4193 20m16s/Msamples
        7416000   -102549.4092        19.8      -102478.2905       -71.1187 20m16s/Msamples
        7417000   -102552.1139        19.8      -102475.5009       -76.6130 20m16s/Msamples
        7418000   -102560.9936        19.8      -102481.6514       -79.3422 20m16s/Msamples
        7419000   -102560.4686        19.8      -102484.2555       -76.2130 20m16s/Msamples
        7420000   -102556.6117        19.8      -102481.3446       -75.2670 20m16s/Msamples
        7421000   -102557.4722        19.8      -102487.2313       -70.2409 20m16s/Msamples
        7422000   -102556.5950        19.8      -102483.4755       -73.1194 20m16s/Msamples
        7423000   -102549.9056        19.9      -102472.9969       -76.9087 20m16s/Msamples
        7424000   -102550.1969        19.9      -102478.9589       -71.2380 20m16s/Msamples
        7425000   -102552.4304        19.9      -102483.1978       -69.2325 20m16s/Msamples
        7426000   -102563.5278        19.9      -102491.0992       -72.4286 20m16s/Msamples
        7427000   -102550.8168        19.9      -102483.3841       -67.4327 20m16s/Msamples
        7428000   -102560.8396        19.9      -102492.0786       -68.7610 20m16s/Msamples
        7429000   -102552.0262        19.9      -102487.7005       -64.3257 20m16s/Msamples
        7430000   -102547.3329        19.9      -102481.4696       -65.8633 20m16s/Msamples
        7431000   -102547.5117        19.9      -102482.9850       -64.5267 20m16s/Msamples
        7432000   -102549.7095        20.0      -102484.2141       -65.4953 20m16s/Msamples
        7433000   -102559.5707        20.0      -102485.9861       -73.5846 20m16s/Msamples
        7434000   -102540.9276        20.0      -102475.3093       -65.6183 20m16s/Msamples
        7435000   -102551.2237        20.0      -102481.7474       -69.4763 20m16s/Msamples
        7436000   -102553.5310        20.0      -102486.3723       -67.1587 20m16s/Msamples
        7437000   -102551.4504        20.0      -102482.3484       -69.1020 20m16s/Msamples
        7438000   -102548.2000        20.0      -102481.9191       -66.2808 20m16s/Msamples
        7439000   -102545.1304        20.1      -102487.6932       -57.4372 20m16s/Msamples
        7440000   -102556.6863        20.1      -102488.7934       -67.8929 20m16s/Msamples
        7441000   -102553.3043        20.1      -102486.5680       -66.7362 20m16s/Msamples
        7442000   -102544.2710        20.1      -102477.6118       -66.6591 20m16s/Msamples
        7443000   -102560.4108        20.1      -102479.9108       -80.5000 20m16s/Msamples
        7444000   -102560.3277        20.1      -102485.5060       -74.8216 20m16s/Msamples
        7445000   -102568.9735        20.1      -102490.9622       -78.0113 20m16s/Msamples
        7446000   -102569.9119        20.1      -102488.2567       -81.6552 20m16s/Msamples
        7447000   -102556.5152        20.1      -102484.1416       -72.3735 20m16s/Msamples
        7448000   -102551.2208        20.1      -102476.0139       -75.2069 20m16s/Msamples
        7449000   -102545.3145        20.1      -102472.6218       -72.6926 20m16s/Msamples
        7450000   -102539.6223        20.2      -102475.3126       -64.3096 20m16s/Msamples
        7451000   -102542.9087        20.2      -102479.8478       -63.0609 20m16s/Msamples
        7452000   -102536.1616        20.2      -102472.9478       -63.2137 20m16s/Msamples
        7453000   -102539.0374        20.2      -102473.4015       -65.6358 20m16s/Msamples
        7454000   -102543.6893        20.3      -102475.6803       -68.0089 20m16s/Msamples
        7455000   -102547.8449        20.3      -102478.2890       -69.5558 20m16s/Msamples
        7456000   -102553.7660        20.3      -102483.1549       -70.6110 20m16s/Msamples
        7457000   -102549.5175        20.3      -102481.5163       -68.0011 20m16s/Msamples
        7458000   -102544.5496        20.3      -102477.4470       -67.1026 20m16s/Msamples
        7459000   -102543.5475        20.3      -102472.9911       -70.5563 20m16s/Msamples
        7460000   -102551.6406        20.3      -102483.1240       -68.5166 20m16s/Msamples
        7461000   -102550.6149        20.3      -102478.0283       -72.5865 20m16s/Msamples
        7462000   -102565.4019        20.4      -102485.2734       -80.1284 20m16s/Msamples
        7463000   -102547.8040        20.4      -102480.4409       -67.3631 20m16s/Msamples
        7464000   -102553.7405        20.4      -102477.8643       -75.8762 20m16s/Msamples
        7465000   -102562.3013        20.4      -102481.2054       -81.0959 20m16s/Msamples
        7466000   -102559.9437        20.4      -102479.8079       -80.1357 20m16s/Msamples
        7467000   -102555.6964        20.4      -102475.6985       -79.9978 20m16s/Msamples
        7468000   -102564.6458        20.4      -102482.5667       -82.0791 20m16s/Msamples
        7469000   -102560.2972        20.4      -102476.2787       -84.0184 20m16s/Msamples
        7470000   -102559.8279        20.4      -102476.4197       -83.4081 20m16s/Msamples
        7471000   -102547.1961        20.4      -102475.2153       -71.9807 20m16s/Msamples
        7472000   -102549.6413        20.4      -102475.7153       -73.9259 20m16s/Msamples
        7473000   -102540.9838        20.4      -102466.9712       -74.0125 20m16s/Msamples
        7474000   -102553.3607        20.5      -102481.7376       -71.6230 20m16s/Msamples
        7475000   -102555.5016        20.5      -102479.7479       -75.7537 20m16s/Msamples
        7476000   -102555.8624        20.5      -102482.1264       -73.7359 20m16s/Msamples
        7477000   -102552.7905        20.5      -102482.9620       -69.8284 20m16s/Msamples
        7478000   -102572.7268        20.5      -102492.4650       -80.2617 20m16s/Msamples
        7479000   -102567.5714        20.5      -102491.3901       -76.1813 20m16s/Msamples
        7480000   -102566.2137        20.5      -102492.1020       -74.1116 20m16s/Msamples
        7481000   -102557.1716        20.5      -102483.9466       -73.2250 20m16s/Msamples
        7482000   -102565.7293        20.5      -102490.4093       -75.3199 20m16s/Msamples
        7483000   -102565.8208        20.5      -102486.5547       -79.2660 20m16s/Msamples
        7484000   -102553.8364        20.5      -102482.5908       -71.2455 20m16s/Msamples
        7485000   -102554.0952        20.5      -102478.9212       -75.1739 20m16s/Msamples
        7486000   -102557.4841        20.5      -102486.7766       -70.7074 20m16s/Msamples
        7487000   -102554.6216        20.5      -102481.4421       -73.1795 20m16s/Msamples
        7488000   -102555.6577        20.5      -102477.7564       -77.9012 20m16s/Msamples
        7489000   -102555.7729        20.5      -102478.8471       -76.9257 20m16s/Msamples
        7490000   -102551.7638        20.5      -102474.8220       -76.9418 20m16s/Msamples
        7491000   -102559.2149        20.5      -102480.0183       -79.1966 20m16s/Msamples
        7492000   -102559.8205        20.6      -102478.8861       -80.9344 20m16s/Msamples
        7493000   -102555.8576        20.6      -102477.9677       -77.8898 20m16s/Msamples
        7494000   -102550.6688        20.6      -102474.3044       -76.3643 20m16s/Msamples
        7495000   -102554.4204        20.6      -102481.4976       -72.9228 20m16s/Msamples
        7496000   -102560.8276        20.6      -102485.0728       -75.7548 20m16s/Msamples
        7497000   -102562.1478        20.6      -102489.6652       -72.4825 20m16s/Msamples
        7498000   -102557.5658        20.6      -102482.6915       -74.8742 20m16s/Msamples
        7499000   -102561.4625        20.6      -102481.6211       -79.8413 20m16s/Msamples
        7500000   -102560.5195        20.6      -102482.8171       -77.7023 20m16s/Msamples
        7501000   -102574.1515        20.6      -102491.1016       -83.0498 20m16s/Msamples
        7502000   -102563.7022        20.6      -102488.4636       -75.2386 20m16s/Msamples
        7503000   -102556.4010        20.6      -102483.4447       -72.9562 20m16s/Msamples
        7504000   -102537.1173        20.6      -102472.3921       -64.7252 20m16s/Msamples
        7505000   -102548.9824        20.7      -102477.1994       -71.7829 20m16s/Msamples
        7506000   -102549.4525        20.7      -102475.3247       -74.1277 20m16s/Msamples
        7507000   -102563.5540        20.7      -102480.5052       -83.0487 20m16s/Msamples
        7508000   -102575.3052        20.7      -102485.0354       -90.2697 20m16s/Msamples
        7509000   -102575.1517        20.7      -102488.1283       -87.0233 20m16s/Msamples
        7510000   -102573.6214        20.7      -102490.4101       -83.2112 20m16s/Msamples
        7511000   -102577.6247        20.7      -102496.2918       -81.3328 20m16s/Msamples
        7512000   -102572.8045        20.7      -102493.4956       -79.3089 20m16s/Msamples
        7513000   -102577.0126        20.7      -102499.5056       -77.5070 20m16s/Msamples
        7514000   -102569.5630        20.7      -102494.1282       -75.4347 20m16s/Msamples
        7515000   -102565.8194        20.7      -102490.2834       -75.5359 20m16s/Msamples
        7516000   -102566.4537        20.7      -102488.6306       -77.8231 20m16s/Msamples
        7517000   -102559.8832        20.7      -102485.5024       -74.3808 20m16s/Msamples
        7518000   -102545.3437        20.7      -102476.3236       -69.0201 20m16s/Msamples
        7519000   -102546.1127        20.7      -102478.0913       -68.0214 20m16s/Msamples
        7520000   -102548.0019        20.7      -102475.6041       -72.3977 20m16s/Msamples
        7521000   -102553.7383        20.7      -102483.9894       -69.7489 20m16s/Msamples
        7522000   -102558.9449        20.7      -102495.3637       -63.5811 20m16s/Msamples
        7523000   -102569.1837        20.7      -102495.3195       -73.8642 20m16s/Msamples
        7524000   -102549.7202        20.8      -102484.1705       -65.5497 20m16s/Msamples
        7525000   -102550.9010        20.8      -102487.6959       -63.2051 20m16s/Msamples
        7526000   -102550.6716        20.8      -102478.2605       -72.4111 20m16s/Msamples
        7527000   -102559.8130        20.8      -102485.4041       -74.4089 20m16s/Msamples
        7528000   -102568.6158        20.8      -102489.7417       -78.8740 20m16s/Msamples
        7529000   -102564.4587        20.8      -102485.2759       -79.1828 20m16s/Msamples
        7530000   -102563.5796        20.8      -102484.2684       -79.3111 20m16s/Msamples
        7531000   -102571.7097        20.8      -102492.8798       -78.8298 20m16s/Msamples
        7532000   -102573.3308        20.8      -102484.5068       -88.8239 20m16s/Msamples
        7533000   -102560.3086        20.8      -102476.2302       -84.0784 20m16s/Msamples
        7534000   -102560.0273        20.8      -102476.2140       -83.8132 20m16s/Msamples
        7535000   -102562.5410        20.8      -102483.4006       -79.1404 20m16s/Msamples
        7536000   -102552.1809        20.8      -102476.6189       -75.5620 20m16s/Msamples
        7537000   -102560.2742        20.8      -102485.7137       -74.5605 20m16s/Msamples
        7538000   -102561.6767        20.8      -102485.8859       -75.7908 20m16s/Msamples
        7539000   -102564.1068        20.8      -102488.4611       -75.6456 20m16s/Msamples
        7540000   -102559.2278        20.8      -102484.1130       -75.1148 20m16s/Msamples
        7541000   -102574.9197        20.8      -102487.6618       -87.2579 20m16s/Msamples
        7542000   -102568.4067        20.8      -102485.7914       -82.6153 20m16s/Msamples
        7543000   -102575.9220        20.8      -102493.0378       -82.8841 20m16s/Msamples
        7544000   -102577.6456        20.8      -102487.8751       -89.7704 20m16s/Msamples
        7545000   -102574.4552        20.9      -102489.7356       -84.7196 20m16s/Msamples
        7546000   -102583.4154        20.9      -102493.0237       -90.3916 20m16s/Msamples
        7547000   -102574.2768        20.9      -102487.9464       -86.3304 20m16s/Msamples
        7548000   -102576.3586        20.9      -102491.3750       -84.9835 20m16s/Msamples
        7549000   -102570.8099        20.8      -102493.2564       -77.5535 20m16s/Msamples
        7550000   -102569.0228        20.9      -102486.5951       -82.4277 20m16s/Msamples
        7551000   -102564.3298        20.9      -102487.8847       -76.4450 20m16s/Msamples
        7552000   -102566.5661        20.9      -102487.9696       -78.5964 20m16s/Msamples
        7553000   -102574.0680        20.9      -102494.7974       -79.2706 20m16s/Msamples
        7554000   -102557.8656        20.9      -102486.6774       -71.1881 20m16s/Msamples
        7555000   -102558.0141        20.9      -102480.1541       -77.8600 20m16s/Msamples
        7556000   -102555.9266        20.9      -102487.2941       -68.6325 20m16s/Msamples
        7557000   -102543.8899        20.9      -102475.5040       -68.3859 20m16s/Msamples
        7558000   -102549.7383        20.9      -102481.5401       -68.1982 20m16s/Msamples
        7559000   -102546.8063        20.9      -102473.2024       -73.6039 20m16s/Msamples
        7560000   -102548.8635        20.9      -102475.7495       -73.1140 20m16s/Msamples
        7561000   -102553.6040        20.9      -102477.7155       -75.8885 20m16s/Msamples
        7562000   -102549.0322        20.9      -102474.7443       -74.2879 20m16s/Msamples
        7563000   -102561.2737        21.0      -102483.4219       -77.8518 20m16s/Msamples
        7564000   -102554.2724        21.0      -102477.0927       -77.1797 20m16s/Msamples
        7565000   -102557.9585        21.0      -102484.4414       -73.5171 20m16s/Msamples
        7566000   -102566.5980        21.0      -102486.9786       -79.6193 20m16s/Msamples
        7567000   -102564.1693        21.0      -102483.3064       -80.8629 20m16s/Msamples
        7568000   -102568.9744        21.0      -102492.5710       -76.4034 20m16s/Msamples
        7569000   -102560.5814        21.0      -102482.5422       -78.0392 20m16s/Msamples
        7570000   -102567.3781        21.0      -102487.0752       -80.3029 20m16s/Msamples
        7571000   -102564.1194        21.0      -102482.6965       -81.4229 20m16s/Msamples
        7572000   -102564.5185        21.0      -102484.0185       -80.4999 20m16s/Msamples
        7573000   -102566.5818        21.0      -102483.3176       -83.2641 20m16s/Msamples
        7574000   -102560.0707        21.0      -102486.7775       -73.2932 20m16s/Msamples
        7575000   -102560.0931        21.0      -102487.7446       -72.3484 20m16s/Msamples
        7576000   -102556.0150        21.0      -102484.8853       -71.1297 20m16s/Msamples
        7577000   -102551.3495        21.0      -102479.8742       -71.4753 20m16s/Msamples
        7578000   -102560.2419        21.0      -102483.0163       -77.2256 20m16s/Msamples
        7579000   -102557.7861        21.0      -102480.7550       -77.0311 20m16s/Msamples
        7580000   -102561.1354        21.0      -102484.2027       -76.9327 20m16s/Msamples
        7581000   -102554.4360        21.0      -102479.0332       -75.4028 20m16s/Msamples
        7582000   -102549.5367        21.0      -102477.2538       -72.2829 20m16s/Msamples
        7583000   -102550.6699        21.1      -102479.3370       -71.3328 20m15s/Msamples
        7584000   -102553.7983        21.1      -102479.7848       -74.0134 20m15s/Msamples
        7585000   -102560.3565        21.1      -102484.7610       -75.5954 20m15s/Msamples
        7586000   -102548.1908        21.1      -102477.4953       -70.6955 20m15s/Msamples
        7587000   -102543.4944        21.1      -102471.4788       -72.0156 20m15s/Msamples
        7588000   -102549.0533        21.1      -102474.5802       -74.4730 20m15s/Msamples
        7589000   -102550.2721        21.1      -102479.9907       -70.2813 20m15s/Msamples
        7590000   -102551.2230        21.1      -102482.0780       -69.1449 20m15s/Msamples
        7591000   -102555.6612        21.1      -102475.9803       -79.6808 20m16s/Msamples
        7592000   -102552.0870        21.1      -102482.2000       -69.8870 20m16s/Msamples
        7593000   -102555.4815        21.1      -102485.5373       -69.9442 20m16s/Msamples
        7594000   -102550.4571        21.2      -102474.8589       -75.5982 20m16s/Msamples
        7595000   -102542.9125        21.2      -102469.5318       -73.3807 20m16s/Msamples
        7596000   -102543.1168        21.2      -102477.5728       -65.5440 20m16s/Msamples
        7597000   -102549.8870        21.2      -102481.7342       -68.1527 20m16s/Msamples
        7598000   -102554.7343        21.2      -102482.1383       -72.5959 20m16s/Msamples
        7599000   -102569.2184        21.2      -102490.7881       -78.4302 20m16s/Msamples
        7600000   -102565.2282        21.2      -102491.8348       -73.3934 20m16s/Msamples
        7601000   -102559.9718        21.2      -102486.2514       -73.7203 20m16s/Msamples
        7602000   -102562.9538        21.2      -102484.5967       -78.3571 20m16s/Msamples
        7603000   -102563.9211        21.2      -102486.1889       -77.7321 20m16s/Msamples
        7604000   -102553.0496        21.2      -102482.7158       -70.3337 20m16s/Msamples
        7605000   -102559.1503        21.2      -102490.6001       -68.5502 20m16s/Msamples
        7606000   -102556.2433        21.2      -102487.3875       -68.8558 20m16s/Msamples
        7607000   -102558.6029        21.2      -102482.8072       -75.7956 20m16s/Msamples
        7608000   -102565.4874        21.2      -102481.8781       -83.6093 20m16s/Msamples
        7609000   -102561.7248        21.2      -102481.2044       -80.5203 20m16s/Msamples
        7610000   -102570.2412        21.2      -102488.9322       -81.3090 20m16s/Msamples
        7611000   -102561.4195        21.2      -102479.5496       -81.8698 20m16s/Msamples
        7612000   -102561.4855        21.2      -102488.8304       -72.6550 20m16s/Msamples
        7613000   -102566.5527        21.2      -102489.1656       -77.3871 20m16s/Msamples
        7614000   -102557.0962        21.3      -102484.9580       -72.1382 20m16s/Msamples
        7615000   -102566.1418        21.3      -102487.4327       -78.7091 20m16s/Msamples
        7616000   -102565.8453        21.3      -102485.3001       -80.5452 20m16s/Msamples
        7617000   -102554.7327        21.3      -102473.3653       -81.3673 20m16s/Msamples
        7618000   -102564.2907        21.3      -102485.6189       -78.6717 20m16s/Msamples
        7619000   -102569.5975        21.3      -102492.9605       -76.6370 20m16s/Msamples
        7620000   -102577.3933        21.3      -102496.8955       -80.4978 20m16s/Msamples
        7621000   -102570.8402        21.3      -102490.7230       -80.1171 20m16s/Msamples
        7622000   -102566.7214        21.3      -102485.0372       -81.6841 20m16s/Msamples
        7623000   -102564.5106        21.3      -102481.5012       -83.0094 20m16s/Msamples
        7624000   -102546.6860        21.3      -102474.8542       -71.8318 20m16s/Msamples
        7625000   -102544.5387        21.3      -102472.6347       -71.9040 20m16s/Msamples
        7626000   -102541.9669        21.3      -102474.1382       -67.8286 20m16s/Msamples
        7627000   -102553.3465        21.3      -102481.8541       -71.4923 20m16s/Msamples
        7628000   -102542.6760        21.3      -102474.6346       -68.0413 20m16s/Msamples
        7629000   -102562.2683        21.3      -102486.5074       -75.7608 20m16s/Msamples
        7630000   -102566.3815        21.3      -102486.2160       -80.1654 20m16s/Msamples
        7631000   -102551.5960        21.4      -102475.5392       -76.0567 20m16s/Msamples
        7632000   -102561.4812        21.4      -102482.7258       -78.7553 20m16s/Msamples
        7633000   -102551.3600        21.4      -102479.1045       -72.2554 20m16s/Msamples
        7634000   -102562.3348        21.4      -102486.2413       -76.0935 20m16s/Msamples
        7635000   -102550.1324        21.4      -102475.6676       -74.4647 20m16s/Msamples
        7636000   -102556.9024        21.4      -102481.3715       -75.5308 20m16s/Msamples
        7637000   -102573.9655        21.4      -102497.1646       -76.8009 20m16s/Msamples
        7638000   -102565.7603        21.4      -102484.9636       -80.7966 20m16s/Msamples
        7639000   -102567.1583        21.4      -102486.2547       -80.9035 20m16s/Msamples
        7640000   -102564.1630        21.4      -102475.5573       -88.6057 20m16s/Msamples
        7641000   -102567.8340        21.4      -102477.3766       -90.4573 20m16s/Msamples
        7642000   -102566.5940        21.4      -102485.9186       -80.6753 20m16s/Msamples
        7643000   -102576.3906        21.4      -102487.2503       -89.1403 20m16s/Msamples
        7644000   -102564.2183        21.4      -102481.6941       -82.5241 20m16s/Msamples
        7645000   -102556.2831        21.4      -102477.0243       -79.2587 20m16s/Msamples
        7646000   -102549.5680        21.4      -102472.8461       -76.7218 20m16s/Msamples
        7647000   -102565.9995        21.4      -102488.3878       -77.6117 20m16s/Msamples
        7648000   -102573.2556        21.4      -102501.9522       -71.3033 20m16s/Msamples
        7649000   -102571.3889        21.4      -102495.8570       -75.5319 20m15s/Msamples
        7650000   -102557.1035        21.4      -102489.3880       -67.7154 20m15s/Msamples
        7651000   -102575.2312        21.4      -102501.8016       -73.4295 20m15s/Msamples
        7652000   -102571.2849        21.4      -102494.8933       -76.3916 20m15s/Msamples
        7653000   -102563.1212        21.4      -102491.9682       -71.1529 20m15s/Msamples
        7654000   -102561.6631        21.4      -102489.4981       -72.1650 20m15s/Msamples
        7655000   -102561.5462        21.5      -102487.7261       -73.8200 20m15s/Msamples
        7656000   -102551.6904        21.5      -102477.1699       -74.5204 20m15s/Msamples
        7657000   -102550.8311        21.5      -102477.9005       -72.9306 20m15s/Msamples
        7658000   -102565.5208        21.5      -102492.6449       -72.8759 20m15s/Msamples
        7659000   -102552.2534        21.5      -102485.6346       -66.6188 20m15s/Msamples
        7660000   -102543.8828        21.5      -102475.5975       -68.2852 20m15s/Msamples
        7661000   -102551.7249        21.5      -102479.9570       -71.7679 20m15s/Msamples
        7662000   -102545.7462        21.5      -102476.5364       -69.2098 20m15s/Msamples
        7663000   -102562.8965        21.5      -102487.6126       -75.2838 20m15s/Msamples
        7664000   -102550.9586        21.5      -102478.3533       -72.6053 20m15s/Msamples
        7665000   -102562.9022        21.5      -102488.5409       -74.3612 20m15s/Msamples
        7666000   -102540.7964        21.5      -102473.9933       -66.8031 20m15s/Msamples
        7667000   -102532.7022        21.6      -102466.6183       -66.0839 20m15s/Msamples
        7668000   -102547.7338        21.6      -102480.9689       -66.7649 20m16s/Msamples
        7669000   -102550.8607        21.6      -102485.3500       -65.5107 20m16s/Msamples
        7670000   -102538.7294        21.6      -102471.4710       -67.2584 20m15s/Msamples
        7671000   -102543.0437        21.6      -102475.6549       -67.3887 20m16s/Msamples
        7672000   -102556.5576        21.6      -102479.0158       -77.5417 20m16s/Msamples
        7673000   -102538.7576        21.6      -102467.3287       -71.4289 20m16s/Msamples
        7674000   -102539.6236        21.6      -102471.3981       -68.2254 20m16s/Msamples
        7675000   -102551.4213        21.6      -102475.6742       -75.7471 20m15s/Msamples
        7676000   -102557.9483        21.6      -102480.6760       -77.2723 20m15s/Msamples
        7677000   -102559.0513        21.6      -102484.7160       -74.3353 20m15s/Msamples
        7678000   -102550.6682        21.7      -102474.9566       -75.7115 20m16s/Msamples
        7679000   -102544.5082        21.7      -102475.6184       -68.8897 20m16s/Msamples
        7680000   -102562.1917        21.7      -102483.7294       -78.4622 20m15s/Msamples
        7681000   -102561.0203        21.7      -102482.9515       -78.0688 20m15s/Msamples
        7682000   -102567.3632        21.7      -102488.8753       -78.4879 20m15s/Msamples
        7683000   -102562.7978        21.7      -102486.8394       -75.9583 20m15s/Msamples
        7684000   -102561.6528        21.7      -102484.4873       -77.1654 20m15s/Msamples
        7685000   -102561.3256        21.7      -102484.7585       -76.5671 20m15s/Msamples
        7686000   -102572.1845        21.7      -102493.4139       -78.7706 20m15s/Msamples
        7687000   -102565.4555        21.7      -102487.7003       -77.7552 20m15s/Msamples
        7688000   -102580.4257        21.7      -102501.2336       -79.1921 20m15s/Msamples
        7689000   -102583.8541        21.7      -102493.3327       -90.5213 20m15s/Msamples
        7690000   -102579.7544        21.7      -102496.5559       -83.1985 20m15s/Msamples
        7691000   -102573.2868        21.7      -102494.2190       -79.0677 20m15s/Msamples
        7692000   -102560.2472        21.7      -102485.3175       -74.9297 20m15s/Msamples
        7693000   -102574.9519        21.7      -102490.0510       -84.9008 20m15s/Msamples
        7694000   -102574.8736        21.7      -102490.8220       -84.0516 20m15s/Msamples
        7695000   -102564.3325        21.7      -102479.8439       -84.4885 20m15s/Msamples
        7696000   -102563.8470        21.7      -102484.8895       -78.9575 20m15s/Msamples
        7697000   -102560.1284        21.7      -102482.5611       -77.5673 20m15s/Msamples
        7698000   -102571.0870        21.7      -102488.0077       -83.0793 20m15s/Msamples
        7699000   -102584.5988        21.7      -102495.5678       -89.0309 20m15s/Msamples
        7700000   -102583.2980        21.7      -102498.0371       -85.2609 20m15s/Msamples
        7701000   -102578.8990        21.7      -102497.1962       -81.7027 20m15s/Msamples
        7702000   -102562.9924        21.7      -102488.2481       -74.7442 20m15s/Msamples
        7703000   -102563.2848        21.7      -102486.5731       -76.7117 20m15s/Msamples
        7704000   -102567.0303        21.7      -102486.4226       -80.6076 20m15s/Msamples
        7705000   -102553.4148        21.7      -102475.0983       -78.3165 20m15s/Msamples
        7706000   -102559.6656        21.7      -102483.3220       -76.3436 20m15s/Msamples
        7707000   -102555.3726        21.7      -102479.3155       -76.0570 20m15s/Msamples
        7708000   -102561.6224        21.7      -102487.9013       -73.7211 20m15s/Msamples
        7709000   -102559.5648        21.7      -102490.7985       -68.7663 20m15s/Msamples
        7710000   -102554.7648        21.7      -102479.0588       -75.7059 20m15s/Msamples
        7711000   -102546.2859        21.7      -102478.7929       -67.4929 20m15s/Msamples
        7712000   -102559.4328        21.7      -102478.9170       -80.5158 20m15s/Msamples
        7713000   -102559.5173        21.8      -102480.3046       -79.2127 20m15s/Msamples
        7714000   -102561.7374        21.8      -102488.2098       -73.5275 20m15s/Msamples
        7715000   -102563.5173        21.8      -102487.5588       -75.9584 20m15s/Msamples
        7716000   -102570.7525        21.8      -102489.4230       -81.3295 20m15s/Msamples
        7717000   -102564.5972        21.8      -102487.2176       -77.3795 20m15s/Msamples
        7718000   -102561.3588        21.8      -102483.3985       -77.9603 20m15s/Msamples
        7719000   -102557.8763        21.8      -102483.2465       -74.6297 20m15s/Msamples
        7720000   -102558.3831        21.8      -102483.8145       -74.5686 20m15s/Msamples
        7721000   -102568.6694        21.8      -102486.1993       -82.4700 20m15s/Msamples
        7722000   -102560.4081        21.8      -102477.8180       -82.5901 20m15s/Msamples
        7723000   -102563.4281        21.8      -102480.2971       -83.1309 20m15s/Msamples
        7724000   -102572.2917        21.8      -102490.5328       -81.7589 20m15s/Msamples
        7725000   -102566.7861        21.8      -102482.2775       -84.5086 20m15s/Msamples
        7726000   -102573.9727        21.8      -102487.5548       -86.4179 20m15s/Msamples
        7727000   -102570.9827        21.8      -102487.0618       -83.9209 20m15s/Msamples
        7728000   -102559.0805        21.8      -102481.3000       -77.7804 20m15s/Msamples
        7729000   -102549.3387        21.8      -102476.4007       -72.9380 20m15s/Msamples
        7730000   -102552.3973        21.8      -102481.0991       -71.2982 20m15s/Msamples
        7731000   -102551.5241        21.8      -102480.1952       -71.3288 20m15s/Msamples
        7732000   -102553.2549        21.8      -102476.9809       -76.2739 20m15s/Msamples
        7733000   -102556.7989        21.8      -102478.1536       -78.6453 20m15s/Msamples
        7734000   -102566.9912        21.8      -102487.6303       -79.3608 20m15s/Msamples
        7735000   -102560.3955        21.8      -102481.3000       -79.0955 20m15s/Msamples
        7736000   -102580.2006        21.8      -102499.5651       -80.6355 20m15s/Msamples
        7737000   -102563.3765        21.8      -102485.3999       -77.9766 20m15s/Msamples
        7738000   -102576.5736        21.8      -102489.8979       -86.6757 20m15s/Msamples
        7739000   -102586.9766        21.8      -102496.3263       -90.6502 20m15s/Msamples
        7740000   -102595.9794        21.9      -102492.4338      -103.5455 20m15s/Msamples
        7741000   -102571.7353        21.9      -102479.5324       -92.2028 20m15s/Msamples
        7742000   -102564.1362        21.9      -102476.0465       -88.0896 20m15s/Msamples
        7743000   -102563.1245        21.9      -102479.5506       -83.5739 20m15s/Msamples
        7744000   -102569.9101        21.9      -102481.4637       -88.4463 20m15s/Msamples
        7745000   -102572.5412        21.9      -102484.2328       -88.3083 20m15s/Msamples
        7746000   -102565.5906        21.9      -102482.6817       -82.9088 20m15s/Msamples
        7747000   -102574.1400        21.9      -102483.8868       -90.2531 20m15s/Msamples
        7748000   -102551.2938        21.9      -102474.1409       -77.1528 20m15s/Msamples
        7749000   -102558.5715        21.9      -102482.4675       -76.1039 20m15s/Msamples
        7750000   -102550.7285        21.9      -102476.1330       -74.5955 20m15s/Msamples
        7751000   -102559.9120        21.9      -102479.3692       -80.5428 20m15s/Msamples
        7752000   -102572.1537        21.9      -102491.1720       -80.9817 20m15s/Msamples
        7753000   -102570.2895        21.9      -102487.4098       -82.8796 20m15s/Msamples
        7754000   -102569.2363        21.9      -102484.7393       -84.4969 20m15s/Msamples
        7755000   -102570.9217        21.9      -102486.7835       -84.1381 20m16s/Msamples
        7756000   -102557.5535        21.9      -102477.1803       -80.3731 20m16s/Msamples
        7757000   -102568.9566        21.9      -102483.3721       -85.5844 20m15s/Msamples
        7758000   -102567.5420        21.9      -102480.8863       -86.6557 20m16s/Msamples
        7759000   -102570.2705        21.9      -102481.6578       -88.6127 20m15s/Msamples
        7760000   -102574.1526        21.9      -102491.0574       -83.0952 20m15s/Msamples
        7761000   -102579.5451        21.9      -102486.5018       -93.0433 20m15s/Msamples
        7762000   -102581.1225        21.9      -102483.2076       -97.9149 20m15s/Msamples
        7763000   -102579.5550        21.9      -102492.8902       -86.6648 20m15s/Msamples
        7764000   -102572.0365        21.9      -102484.7998       -87.2366 20m15s/Msamples
        7765000   -102575.2150        21.9      -102487.1159       -88.0991 20m15s/Msamples
        7766000   -102569.6475        21.9      -102484.3656       -85.2819 20m15s/Msamples
        7767000   -102561.8586        21.9      -102481.6274       -80.2312 20m15s/Msamples
        7768000   -102551.3386        21.9      -102470.0505       -81.2881 20m15s/Msamples
        7769000   -102544.7616        21.9      -102466.0701       -78.6914 20m15s/Msamples
        7770000   -102554.9598        21.9      -102470.7376       -84.2222 20m15s/Msamples
        7771000   -102560.2561        21.9      -102474.5476       -85.7085 20m15s/Msamples
        7772000   -102562.3461        22.0      -102481.1299       -81.2161 20m15s/Msamples
        7773000   -102565.7056        22.0      -102486.9698       -78.7358 20m15s/Msamples
        7774000   -102573.2890        22.0      -102488.6511       -84.6379 20m15s/Msamples
        7775000   -102558.3773        22.0      -102479.3604       -79.0168 20m15s/Msamples
        7776000   -102546.7881        22.0      -102470.3885       -76.3996 20m16s/Msamples
        7777000   -102561.5828        22.0      -102483.6055       -77.9773 20m15s/Msamples
        7778000   -102568.0538        22.0      -102486.0569       -81.9968 20m15s/Msamples
        7779000   -102562.2855        22.0      -102486.2107       -76.0748 20m15s/Msamples
        7780000   -102560.2265        22.0      -102481.4666       -78.7599 20m16s/Msamples
        7781000   -102562.8218        22.0      -102476.1155       -86.7063 20m16s/Msamples
        7782000   -102570.2873        22.0      -102483.2745       -87.0127 20m16s/Msamples
        7783000   -102570.8564        22.0      -102485.5891       -85.2673 20m16s/Msamples
        7784000   -102566.2194        22.0      -102483.2696       -82.9497 20m16s/Msamples
        7785000   -102567.8383        22.0      -102485.9215       -81.9168 20m16s/Msamples
        7786000   -102565.6194        22.0      -102481.9001       -83.7193 20m16s/Msamples
        7787000   -102556.2408        22.0      -102477.1254       -79.1154 20m16s/Msamples
        7788000   -102582.1017        22.0      -102493.5300       -88.5716 20m16s/Msamples
        7789000   -102563.8699        22.0      -102477.8272       -86.0427 20m16s/Msamples
        7790000   -102557.9208        22.0      -102472.3826       -85.5381 20m16s/Msamples
        7791000   -102561.9903        22.0      -102476.5817       -85.4086 20m16s/Msamples
        7792000   -102562.7697        22.0      -102473.2427       -89.5269 20m16s/Msamples
        7793000   -102568.7127        22.0      -102483.8595       -84.8532 20m16s/Msamples
        7794000   -102556.3696        22.0      -102476.7311       -79.6384 20m16s/Msamples
        7795000   -102550.3756        22.0      -102476.1953       -74.1802 20m16s/Msamples
        7796000   -102553.9862        22.0      -102476.4375       -77.5487 20m16s/Msamples
        7797000   -102544.6727        22.0      -102470.9467       -73.7259 20m16s/Msamples
        7798000   -102556.4015        22.0      -102479.5737       -76.8278 20m16s/Msamples
        7799000   -102554.7183        22.0      -102478.9276       -75.7906 20m16s/Msamples
        7800000   -102553.9464        22.1      -102478.3645       -75.5819 20m16s/Msamples
        7801000   -102561.3704        22.1      -102487.5183       -73.8521 20m16s/Msamples
        7802000   -102562.5993        22.1      -102487.5498       -75.0494 20m16s/Msamples
        7803000   -102562.7559        22.1      -102487.9698       -74.7860 20m16s/Msamples
        7804000   -102562.9283        22.1      -102480.4776       -82.4506 20m16s/Msamples
        7805000   -102563.7500        22.1      -102480.6872       -83.0628 20m16s/Msamples
        7806000   -102566.9808        22.1      -102489.4321       -77.5487 20m16s/Msamples
        7807000   -102570.8284        22.1      -102486.8874       -83.9409 20m16s/Msamples
        7808000   -102568.0646        22.1      -102487.7842       -80.2804 20m16s/Msamples
        7809000   -102570.2072        22.1      -102486.1521       -84.0550 20m16s/Msamples
        7810000   -102567.6904        22.1      -102481.7965       -85.8939 20m16s/Msamples
        7811000   -102568.4958        22.1      -102488.2394       -80.2564 20m16s/Msamples
        7812000   -102568.6812        22.1      -102477.0902       -91.5910 20m16s/Msamples
        7813000   -102558.8954        22.1      -102471.5557       -87.3397 20m16s/Msamples
        7814000   -102563.5939        22.1      -102479.5785       -84.0154 20m16s/Msamples
        7815000   -102551.8247        22.1      -102467.4466       -84.3781 20m16s/Msamples
        7816000   -102559.5989        22.1      -102471.4118       -88.1871 20m16s/Msamples
        7817000   -102559.3780        22.1      -102472.8261       -86.5518 20m16s/Msamples
        7818000   -102570.6330        22.1      -102475.0576       -95.5753 20m16s/Msamples
        7819000   -102578.2742        22.1      -102486.0011       -92.2730 20m16s/Msamples
        7820000   -102574.4507        22.1      -102486.1494       -88.3013 20m16s/Msamples
        7821000   -102582.0450        22.1      -102494.6872       -87.3578 20m16s/Msamples
        7822000   -102578.8939        22.1      -102487.6140       -91.2799 20m16s/Msamples
        7823000   -102571.8779        22.1      -102492.0656       -79.8122 20m16s/Msamples
        7824000   -102565.7370        22.1      -102478.8638       -86.8731 20m16s/Msamples
        7825000   -102562.5700        22.1      -102481.1660       -81.4039 20m16s/Msamples
        7826000   -102574.6309        22.1      -102489.7995       -84.8313 20m16s/Msamples
        7827000   -102569.8703        22.1      -102483.2025       -86.6677 20m16s/Msamples
        7828000   -102570.5076        22.1      -102479.8571       -90.6504 20m16s/Msamples
        7829000   -102572.4989        22.1      -102480.4599       -92.0390 20m16s/Msamples
        7830000   -102573.1239        22.1      -102488.9686       -84.1553 20m16s/Msamples
        7831000   -102584.1773        22.1      -102500.4998       -83.6774 20m16s/Msamples
        7832000   -102585.1787        22.2      -102497.5028       -87.6759 20m16s/Msamples
        7833000   -102583.7040        22.2      -102493.5225       -90.1815 20m16s/Msamples
        7834000   -102578.3583        22.2      -102491.0769       -87.2814 20m16s/Msamples
        7835000   -102566.8593        22.2      -102481.7236       -85.1357 20m16s/Msamples
        7836000   -102562.6221        22.2      -102479.6599       -82.9622 20m16s/Msamples
        7837000   -102567.8425        22.2      -102481.7287       -86.1138 20m16s/Msamples
        7838000   -102569.1081        22.2      -102482.3815       -86.7266 20m16s/Msamples
        7839000   -102569.9198        22.2      -102486.6578       -83.2620 20m16s/Msamples
        7840000   -102557.7038        22.2      -102478.6051       -79.0987 20m16s/Msamples
        7841000   -102564.4299        22.2      -102484.8847       -79.5452 20m16s/Msamples
        7842000   -102575.4101        22.2      -102485.6955       -89.7145 20m16s/Msamples
        7843000   -102565.3522        22.2      -102478.5899       -86.7622 20m16s/Msamples
        7844000   -102560.6838        22.2      -102482.9469       -77.7368 20m16s/Msamples
        7845000   -102556.8725        22.2      -102474.9054       -81.9670 20m16s/Msamples
        7846000   -102566.2498        22.2      -102485.7456       -80.5042 20m16s/Msamples
        7847000   -102574.4198        22.2      -102490.7728       -83.6470 20m16s/Msamples
        7848000   -102573.9065        22.2      -102489.9400       -83.9665 20m16s/Msamples
        7849000   -102560.8414        22.2      -102484.4334       -76.4080 20m16s/Msamples
        7850000   -102557.2517        22.2      -102478.7759       -78.4758 20m16s/Msamples
        7851000   -102568.3664        22.2      -102483.1202       -85.2461 20m16s/Msamples
        7852000   -102561.6789        22.2      -102480.1822       -81.4967 20m16s/Msamples
        7853000   -102570.2580        22.2      -102483.3915       -86.8664 20m16s/Msamples
        7854000   -102569.1917        22.2      -102482.1175       -87.0741 20m16s/Msamples
        7855000   -102557.4013        22.2      -102475.4600       -81.9412 20m16s/Msamples
        7856000   -102561.5486        22.2      -102478.9548       -82.5938 20m16s/Msamples
        7857000   -102562.9524        22.2      -102479.9569       -82.9955 20m16s/Msamples
        7858000   -102548.9745        22.2      -102468.6416       -80.3329 20m16s/Msamples
        7859000   -102553.7559        22.2      -102468.7836       -84.9723 20m16s/Msamples
        7860000   -102565.2274        22.2      -102480.5870       -84.6403 20m16s/Msamples
        7861000   -102558.3121        22.2      -102476.0126       -82.2994 20m16s/Msamples
        7862000   -102560.6993        22.2      -102475.5733       -85.1259 20m16s/Msamples
        7863000   -102557.4682        22.2      -102477.7338       -79.7344 20m16s/Msamples
        7864000   -102568.4931        22.2      -102485.2389       -83.2542 20m16s/Msamples
        7865000   -102566.7145        22.2      -102481.5028       -85.2116 20m16s/Msamples
        7866000   -102570.1328        22.3      -102486.9312       -83.2016 20m16s/Msamples
        7867000   -102572.0083        22.3      -102485.3271       -86.6811 20m16s/Msamples
        7868000   -102554.0441        22.3      -102477.3871       -76.6569 20m16s/Msamples
        7869000   -102563.4091        22.3      -102485.1252       -78.2839 20m16s/Msamples
        7870000   -102569.4777        22.3      -102488.5473       -80.9303 20m16s/Msamples
        7871000   -102585.0064        22.3      -102492.9318       -92.0746 20m16s/Msamples
        7872000   -102582.4607        22.3      -102485.0295       -97.4311 20m16s/Msamples
        7873000   -102591.2297        22.3      -102489.0478      -102.1819 20m16s/Msamples
        7874000   -102583.1258        22.3      -102484.4323       -98.6935 20m16s/Msamples
        7875000   -102568.6926        22.3      -102486.1513       -82.5413 20m16s/Msamples
        7876000   -102559.4500        22.3      -102480.0752       -79.3748 20m16s/Msamples
        7877000   -102572.0844        22.3      -102484.8713       -87.2131 20m16s/Msamples
        7878000   -102585.2909        22.3      -102495.6875       -89.6034 20m16s/Msamples
        7879000   -102581.7951        22.3      -102492.2469       -89.5482 20m16s/Msamples
        7880000   -102582.5224        22.3      -102492.1949       -90.3274 20m16s/Msamples
        7881000   -102587.3835        22.3      -102493.3787       -94.0047 20m16s/Msamples
        7882000   -102589.7583        22.4      -102492.8940       -96.8642 20m16s/Msamples
        7883000   -102595.1655        22.4      -102497.0118       -98.1537 20m16s/Msamples
        7884000   -102583.5124        22.4      -102492.7662       -90.7462 20m16s/Msamples
        7885000   -102573.9834        22.4      -102494.9730       -79.0103 20m16s/Msamples
        7886000   -102581.8122        22.4      -102501.3328       -80.4794 20m16s/Msamples
        7887000   -102580.5879        22.4      -102501.7013       -78.8865 20m16s/Msamples
        7888000   -102570.2889        22.4      -102490.4432       -79.8457 20m16s/Msamples
        7889000   -102568.2521        22.4      -102490.8163       -77.4358 20m16s/Msamples
        7890000   -102562.5772        22.4      -102484.0992       -78.4779 20m16s/Msamples
        7891000   -102568.3777        22.4      -102492.5052       -75.8725 20m16s/Msamples
        7892000   -102559.4846        22.4      -102479.0947       -80.3898 20m16s/Msamples
        7893000   -102554.4744        22.4      -102477.7869       -76.6875 20m16s/Msamples
        7894000   -102549.8059        22.4      -102475.3238       -74.4820 20m16s/Msamples
        7895000   -102555.9185        22.4      -102478.9237       -76.9947 20m16s/Msamples
        7896000   -102577.1981        22.4      -102496.9522       -80.2458 20m16s/Msamples
        7897000   -102573.4822        22.4      -102488.2241       -85.2581 20m16s/Msamples
        7898000   -102577.7188        22.4      -102492.9870       -84.7318 20m16s/Msamples
        7899000   -102598.3301        22.4      -102510.8711       -87.4590 20m16s/Msamples
        7900000   -102592.2875        22.5      -102499.1035       -93.1840 20m16s/Msamples
        7901000   -102587.1094        22.5      -102490.0738       -97.0355 20m16s/Msamples
        7902000   -102587.6819        22.5      -102486.5152      -101.1667 20m16s/Msamples
        7903000   -102584.8566        22.5      -102486.4853       -98.3712 20m16s/Msamples
        7904000   -102589.7616        22.5      -102490.2988       -99.4628 20m16s/Msamples
        7905000   -102598.5945        22.5      -102498.0541      -100.5404 20m16s/Msamples
        7906000   -102589.8889        22.5      -102492.4250       -97.4639 20m16s/Msamples
        7907000   -102579.4177        22.5      -102485.9144       -93.5032 20m16s/Msamples
        7908000   -102577.5813        22.5      -102487.5680       -90.0132 20m16s/Msamples
        7909000   -102580.0077        22.5      -102488.7928       -91.2149 20m16s/Msamples
        7910000   -102570.3330        22.5      -102484.3080       -86.0250 20m16s/Msamples
        7911000   -102566.7174        22.5      -102476.5818       -90.1355 20m16s/Msamples
        7912000   -102558.8315        22.6      -102476.1542       -82.6773 20m16s/Msamples
        7913000   -102566.4960        22.6      -102482.1486       -84.3474 20m16s/Msamples
        7914000   -102557.3493        22.6      -102479.0867       -78.2625 20m16s/Msamples
        7915000   -102546.6351        22.6      -102469.9017       -76.7333 20m16s/Msamples
        7916000   -102557.2463        22.6      -102474.7109       -82.5353 20m16s/Msamples
        7917000   -102561.2247        22.6      -102479.9102       -81.3145 20m16s/Msamples
        7918000   -102565.8029        22.6      -102483.0793       -82.7236 20m16s/Msamples
        7919000   -102572.8076        22.6      -102486.3744       -86.4332 20m16s/Msamples
        7920000   -102574.5269        22.6      -102482.5487       -91.9781 20m16s/Msamples
        7921000   -102567.3447        22.6      -102480.9968       -86.3479 20m16s/Msamples
        7922000   -102567.0715        22.6      -102481.1619       -85.9095 20m16s/Msamples
        7923000   -102571.3689        22.6      -102480.7676       -90.6012 20m16s/Msamples
        7924000   -102567.3299        22.6      -102479.3505       -87.9794 20m16s/Msamples
        7925000   -102569.0939        22.6      -102485.3416       -83.7522 20m16s/Msamples
        7926000   -102569.5056        22.6      -102481.1125       -88.3931 20m16s/Msamples
        7927000   -102577.9695        22.6      -102487.8519       -90.1175 20m16s/Msamples
        7928000   -102573.9488        22.6      -102488.2509       -85.6978 20m16s/Msamples
        7929000   -102578.2152        22.6      -102491.8455       -86.3696 20m16s/Msamples
        7930000   -102553.7146        22.6      -102479.3687       -74.3459 20m16s/Msamples
        7931000   -102556.7403        22.6      -102477.7636       -78.9767 20m16s/Msamples
        7932000   -102565.6997        22.6      -102481.0415       -84.6582 20m16s/Msamples
        7933000   -102566.5872        22.6      -102489.4072       -77.1799 20m16s/Msamples
        7934000   -102565.7519        22.6      -102486.0180       -79.7339 20m16s/Msamples
        7935000   -102564.1371        22.6      -102480.6169       -83.5202 20m16s/Msamples
        7936000   -102567.3800        22.6      -102485.4587       -81.9213 20m16s/Msamples
        7937000   -102563.9970        22.6      -102484.5149       -79.4821 20m16s/Msamples
        7938000   -102562.3699        22.6      -102480.3055       -82.0643 20m16s/Msamples
        7939000   -102568.3503        22.6      -102487.4359       -80.9144 20m16s/Msamples
        7940000   -102563.3721        22.6      -102481.2089       -82.1632 20m16s/Msamples
        7941000   -102563.8263        22.6      -102480.1016       -83.7247 20m16s/Msamples
        7942000   -102556.7108        22.6      -102478.8054       -77.9054 20m16s/Msamples
        7943000   -102552.2762        22.6      -102477.3909       -74.8852 20m16s/Msamples
        7944000   -102554.6796        22.6      -102478.0833       -76.5962 20m16s/Msamples
        7945000   -102554.1152        22.6      -102475.9467       -78.1684 20m16s/Msamples
        7946000   -102561.3392        22.6      -102483.9800       -77.3591 20m16s/Msamples
        7947000   -102562.5975        22.6      -102484.0766       -78.5209 20m16s/Msamples
        7948000   -102560.1947        22.6      -102478.0382       -82.1565 20m16s/Msamples
        7949000   -102568.6474        22.6      -102481.3638       -87.2836 20m16s/Msamples
        7950000   -102561.3500        22.6      -102475.2699       -86.0801 20m16s/Msamples
        7951000   -102560.0915        22.6      -102480.5990       -79.4924 20m16s/Msamples
        7952000   -102585.0221        22.6      -102498.4904       -86.5317 20m16s/Msamples
        7953000   -102576.6195        22.7      -102490.1978       -86.4217 20m16s/Msamples
        7954000   -102587.7122        22.7      -102499.7556       -87.9565 20m16s/Msamples
        7955000   -102575.5921        22.7      -102491.4818       -84.1103 20m16s/Msamples
        7956000   -102586.2842        22.7      -102500.0976       -86.1865 20m16s/Msamples
        7957000   -102575.6321        22.7      -102488.7452       -86.8869 20m16s/Msamples
        7958000   -102578.9194        22.7      -102491.3989       -87.5205 20m16s/Msamples
        7959000   -102574.6901        22.7      -102491.8003       -82.8898 20m16s/Msamples
        7960000   -102574.5369        22.7      -102491.0679       -83.4690 20m16s/Msamples
        7961000   -102588.5286        22.7      -102499.0653       -89.4632 20m16s/Msamples
        7962000   -102582.3855        22.7      -102499.2153       -83.1702 20m16s/Msamples
        7963000   -102581.7186        22.7      -102494.4792       -87.2393 20m16s/Msamples
        7964000   -102586.3835        22.7      -102492.4369       -93.9466 20m16s/Msamples
        7965000   -102578.8371        22.7      -102491.3869       -87.4501 20m16s/Msamples
        7966000   -102573.4478        22.8      -102488.2276       -85.2201 20m16s/Msamples
        7967000   -102576.5681        22.8      -102491.6575       -84.9105 20m16s/Msamples
        7968000   -102564.3728        22.8      -102486.4985       -77.8743 20m16s/Msamples
        7969000   -102560.2202        22.8      -102480.9612       -79.2590 20m16s/Msamples
        7970000   -102566.6304        22.8      -102480.2242       -86.4061 20m16s/Msamples
        7971000   -102576.5267        22.8      -102488.7722       -87.7545 20m16s/Msamples
        7972000   -102569.0246        22.8      -102487.6896       -81.3350 20m16s/Msamples
        7973000   -102564.8096        22.8      -102487.9902       -76.8194 20m16s/Msamples
        7974000   -102562.7921        22.8      -102484.3861       -78.4059 20m16s/Msamples
        7975000   -102553.2438        22.8      -102483.7638       -69.4799 20m16s/Msamples
        7976000   -102566.9073        22.8      -102486.1654       -80.7418 20m16s/Msamples
        7977000   -102563.7752        22.8      -102485.3422       -78.4330 20m16s/Msamples
        7978000   -102562.2481        22.8      -102483.5758       -78.6723 20m16s/Msamples
        7979000   -102565.4575        22.8      -102485.0666       -80.3909 20m16s/Msamples
        7980000   -102555.5834        22.8      -102479.9270       -75.6563 20m16s/Msamples
        7981000   -102566.7283        22.8      -102485.5357       -81.1925 20m16s/Msamples
        7982000   -102560.4419        22.8      -102478.7941       -81.6478 20m16s/Msamples
        7983000   -102571.1742        22.8      -102487.4568       -83.7173 20m16s/Msamples
        7984000   -102571.2196        22.8      -102485.6695       -85.5500 20m16s/Msamples
        7985000   -102572.0388        22.8      -102483.8238       -88.2149 20m16s/Msamples
        7986000   -102556.3668        22.8      -102472.8710       -83.4958 20m16s/Msamples
        7987000   -102560.7760        22.8      -102475.6780       -85.0980 20m16s/Msamples
        7988000   -102558.9585        22.8      -102480.7698       -78.1886 20m16s/Msamples
        7989000   -102558.1557        22.8      -102479.8791       -78.2765 20m16s/Msamples
        7990000   -102572.4866        22.8      -102491.5728       -80.9137 20m16s/Msamples
        7991000   -102550.5330        22.8      -102475.1180       -75.4150 20m16s/Msamples
        7992000   -102548.0753        22.8      -102468.8796       -79.1957 20m16s/Msamples
        7993000   -102558.4138        22.8      -102481.0915       -77.3222 20m16s/Msamples
        7994000   -102556.8164        22.8      -102485.6949       -71.1214 20m16s/Msamples
        7995000   -102562.6405        22.8      -102486.6980       -75.9425 20m16s/Msamples
        7996000   -102575.9068        22.8      -102492.2517       -83.6550 20m16s/Msamples
        7997000   -102567.6455        22.8      -102489.2523       -78.3932 20m16s/Msamples
        7998000   -102564.1110        22.8      -102486.9673       -77.1437 20m16s/Msamples
        7999000   -102579.1117        22.8      -102494.6132       -84.4985 20m16s/Msamples
        8000000   -102565.5364        22.8      -102486.6840       -78.8523 20m16s/Msamples
        8001000   -102568.0395        22.8      -102489.2584       -78.7811 20m16s/Msamples
        8002000   -102576.7076        22.8      -102494.2901       -82.4175 20m16s/Msamples
        8003000   -102573.7911        22.8      -102500.0257       -73.7653 20m16s/Msamples
        8004000   -102577.6249        22.8      -102501.5501       -76.0748 20m16s/Msamples
        8005000   -102573.3158        22.8      -102498.6297       -74.6861 20m16s/Msamples
        8006000   -102557.6108        22.8      -102491.4081       -66.2026 20m15s/Msamples
        8007000   -102555.8476        22.8      -102489.0445       -66.8030 20m15s/Msamples
        8008000   -102559.2458        22.8      -102484.2904       -74.9553 20m15s/Msamples
        8009000   -102556.2205        22.8      -102482.5161       -73.7044 20m15s/Msamples
        8010000   -102547.7371        22.8      -102477.9851       -69.7520 20m15s/Msamples
        8011000   -102542.7707        22.8      -102470.9001       -71.8705 20m15s/Msamples
        8012000   -102553.0969        22.8      -102478.0579       -75.0390 20m15s/Msamples
        8013000   -102554.2685        22.8      -102479.6536       -74.6148 20m15s/Msamples
        8014000   -102539.7781        22.8      -102470.0732       -69.7048 20m15s/Msamples
        8015000   -102543.3568        22.8      -102474.9446       -68.4122 20m15s/Msamples
        8016000   -102538.8276        22.8      -102469.1064       -69.7212 20m15s/Msamples
        8017000   -102543.9057        22.8      -102472.3568       -71.5488 20m15s/Msamples
        8018000   -102554.7961        22.8      -102478.2110       -76.5851 20m15s/Msamples
        8019000   -102556.9822        22.8      -102480.6934       -76.2888 20m15s/Msamples
        8020000   -102559.0130        22.8      -102484.4545       -74.5584 20m15s/Msamples
        8021000   -102565.7896        22.8      -102484.1845       -81.6050 20m15s/Msamples
        8022000   -102553.8543        22.8      -102478.4864       -75.3679 20m16s/Msamples
        8023000   -102553.2093        22.8      -102482.7482       -70.4611 20m16s/Msamples
        8024000   -102546.0311        22.8      -102477.0125       -69.0186 20m16s/Msamples
        8025000   -102556.3020        22.8      -102486.0211       -70.2809 20m16s/Msamples
        8026000   -102573.4874        22.8      -102488.9982       -84.4892 20m15s/Msamples
        8027000   -102561.7829        22.8      -102484.4983       -77.2846 20m15s/Msamples
        8028000   -102564.7376        22.8      -102489.3291       -75.4085 20m15s/Msamples
        8029000   -102571.3342        22.8      -102486.9295       -84.4046 20m15s/Msamples
        8030000   -102558.7059        22.8      -102480.1931       -78.5128 20m15s/Msamples
        8031000   -102564.4720        22.8      -102487.2949       -77.1771 20m15s/Msamples
        8032000   -102558.7882        22.8      -102483.7181       -75.0701 20m15s/Msamples
        8033000   -102550.5596        22.8      -102483.3023       -67.2572 20m15s/Msamples
        8034000   -102558.8597        22.8      -102489.5611       -69.2985 20m16s/Msamples
        8035000   -102559.3464        22.8      -102490.0556       -69.2908 20m16s/Msamples
        8036000   -102557.0239        22.8      -102486.5988       -70.4251 20m16s/Msamples
        8037000   -102555.4432        22.8      -102483.9424       -71.5007 20m16s/Msamples
        8038000   -102571.5949        22.8      -102485.1375       -86.4573 20m16s/Msamples
        8039000   -102567.7173        22.8      -102489.0884       -78.6288 20m16s/Msamples
        8040000   -102556.4715        22.8      -102476.9039       -79.5675 20m16s/Msamples
        8041000   -102565.6029        22.8      -102484.0708       -81.5320 20m16s/Msamples
        8042000   -102582.3865        22.8      -102496.1358       -86.2507 20m16s/Msamples
        8043000   -102584.5148        22.8      -102499.1656       -85.3492 20m16s/Msamples
        8044000   -102598.2794        22.9      -102508.0874       -90.1919 20m16s/Msamples
        8045000   -102584.9914        22.9      -102497.6885       -87.3029 20m16s/Msamples
        8046000   -102589.9678        22.9      -102499.7121       -90.2557 20m16s/Msamples
        8047000   -102577.8068        22.9      -102495.1444       -82.6624 20m15s/Msamples
        8048000   -102581.8018        22.9      -102494.8439       -86.9578 20m16s/Msamples
        8049000   -102563.9371        22.9      -102485.0512       -78.8859 20m16s/Msamples
        8050000   -102570.0752        22.9      -102485.3293       -84.7458 20m16s/Msamples
        8051000   -102573.4286        22.9      -102492.9053       -80.5232 20m16s/Msamples
        8052000   -102569.6664        22.9      -102488.4642       -81.2021 20m16s/Msamples
        8053000   -102560.5292        22.9      -102483.3535       -77.1757 20m16s/Msamples
        8054000   -102567.0893        22.9      -102487.8418       -79.2474 20m16s/Msamples
        8055000   -102552.9271        22.9      -102476.3257       -76.6013 20m16s/Msamples
        8056000   -102573.3098        22.9      -102492.0167       -81.2930 20m16s/Msamples
        8057000   -102565.4768        22.9      -102486.5763       -78.9005 20m16s/Msamples
        8058000   -102563.8428        22.9      -102484.8641       -78.9786 20m16s/Msamples
        8059000   -102573.1222        22.9      -102496.8479       -76.2742 20m16s/Msamples
        8060000   -102565.4387        22.9      -102491.1961       -74.2425 20m16s/Msamples
        8061000   -102579.8060        22.9      -102491.6857       -88.1202 20m16s/Msamples
        8062000   -102571.5201        22.9      -102492.9635       -78.5566 20m16s/Msamples
        8063000   -102559.9148        22.9      -102485.5624       -74.3523 20m16s/Msamples
        8064000   -102564.1772        22.9      -102490.0557       -74.1215 20m16s/Msamples
        8065000   -102563.2969        22.9      -102485.2316       -78.0653 20m16s/Msamples
        8066000   -102563.9551        22.9      -102483.8131       -80.1419 20m16s/Msamples
        8067000   -102564.9582        22.9      -102485.4620       -79.4962 20m16s/Msamples
        8068000   -102573.6267        22.9      -102488.3507       -85.2760 20m16s/Msamples
        8069000   -102584.4195        23.0      -102490.8793       -93.5401 20m16s/Msamples
        8070000   -102570.7066        23.0      -102486.9501       -83.7564 20m16s/Msamples
        8071000   -102565.2790        23.0      -102486.7333       -78.5456 20m16s/Msamples
        8072000   -102563.1847        23.0      -102490.1379       -73.0468 20m16s/Msamples
        8073000   -102556.3318        23.0      -102484.4569       -71.8749 20m16s/Msamples
        8074000   -102565.4478        23.0      -102494.5331       -70.9147 20m16s/Msamples
        8075000   -102566.2155        23.0      -102493.0800       -73.1354 20m16s/Msamples
        8076000   -102566.2635        23.0      -102490.2502       -76.0133 20m16s/Msamples
        8077000   -102554.0864        23.0      -102478.2050       -75.8813 20m16s/Msamples
        8078000   -102556.6811        23.0      -102481.8627       -74.8183 20m16s/Msamples
        8079000   -102568.2027        23.0      -102486.6937       -81.5090 20m16s/Msamples
        8080000   -102547.0881        23.0      -102477.0154       -70.0727 20m16s/Msamples
        8081000   -102558.3629        23.0      -102488.2977       -70.0651 20m16s/Msamples
        8082000   -102566.5390        23.0      -102489.1714       -77.3676 20m16s/Msamples
        8083000   -102561.5639        23.0      -102484.3164       -77.2474 20m16s/Msamples
        8084000   -102578.9579        23.0      -102500.5932       -78.3647 20m16s/Msamples
        8085000   -102580.2114        23.0      -102496.2603       -83.9511 20m16s/Msamples
        8086000   -102575.5765        23.0      -102499.8322       -75.7443 20m16s/Msamples
        8087000   -102579.6424        23.0      -102498.3727       -81.2696 20m16s/Msamples
        8088000   -102579.3785        23.0      -102495.1146       -84.2639 20m16s/Msamples
        8089000   -102590.7982        23.0      -102498.5123       -92.2858 20m16s/Msamples
        8090000   -102594.2478        23.0      -102501.6595       -92.5883 20m16s/Msamples
        8091000   -102582.2768        23.1      -102498.8389       -83.4378 20m16s/Msamples
        8092000   -102578.0985        23.1      -102502.2520       -75.8465 20m16s/Msamples
        8093000   -102585.3329        23.1      -102501.6076       -83.7253 20m16s/Msamples
        8094000   -102595.6976        23.1      -102508.6918       -87.0058 20m16s/Msamples
        8095000   -102578.7420        23.1      -102506.0435       -72.6985 20m16s/Msamples
        8096000   -102575.5287        23.1      -102497.9072       -77.6214 20m16s/Msamples
        8097000   -102575.6215        23.1      -102499.5104       -76.1111 20m16s/Msamples
        8098000   -102568.9153        23.1      -102495.3462       -73.5691 20m16s/Msamples
        8099000   -102565.5182        23.1      -102491.7979       -73.7203 20m16s/Msamples
        8100000   -102581.0033        23.1      -102502.7608       -78.2424 20m16s/Msamples
        8101000   -102568.2477        23.1      -102495.3068       -72.9408 20m16s/Msamples
        8102000   -102571.9848        23.1      -102491.2323       -80.7525 20m16s/Msamples
        8103000   -102559.0732        23.1      -102484.9610       -74.1121 20m16s/Msamples
        8104000   -102566.9568        23.1      -102489.6497       -77.3071 20m16s/Msamples
        8105000   -102566.7888        23.1      -102490.9051       -75.8837 20m16s/Msamples
        8106000   -102562.8927        23.1      -102486.7948       -76.0978 20m16s/Msamples
        8107000   -102563.5592        23.1      -102483.9010       -79.6581 20m16s/Msamples
        8108000   -102560.8645        23.1      -102486.8347       -74.0298 20m16s/Msamples
        8109000   -102562.2968        23.1      -102490.1469       -72.1499 20m16s/Msamples
        8110000   -102573.9195        23.1      -102499.7893       -74.1302 20m16s/Msamples
        8111000   -102564.7693        23.1      -102488.7188       -76.0504 20m16s/Msamples
        8112000   -102564.2932        23.1      -102486.5730       -77.7201 20m16s/Msamples
        8113000   -102574.9775        23.1      -102489.2412       -85.7363 20m16s/Msamples
        8114000   -102572.2843        23.2      -102489.3981       -82.8861 20m16s/Msamples
        8115000   -102566.7078        23.2      -102486.7408       -79.9669 20m16s/Msamples
        8116000   -102563.3325        23.2      -102486.9001       -76.4324 20m16s/Msamples
        8117000   -102553.9626        23.2      -102481.5961       -72.3664 20m16s/Msamples
        8118000   -102552.2834        23.2      -102477.2052       -75.0781 20m16s/Msamples
        8119000   -102558.5545        23.1      -102485.7123       -72.8421 20m16s/Msamples
        8120000   -102560.7149        23.1      -102489.2589       -71.4560 20m16s/Msamples
        8121000   -102557.0831        23.1      -102478.4451       -78.6380 20m16s/Msamples
        8122000   -102548.3460        23.1      -102478.4929       -69.8530 20m16s/Msamples
        8123000   -102557.0662        23.1      -102481.7629       -75.3033 20m16s/Msamples
        8124000   -102565.2792        23.1      -102486.5025       -78.7767 20m16s/Msamples
        8125000   -102567.2359        23.1      -102486.9829       -80.2530 20m16s/Msamples
        8126000   -102567.2599        23.1      -102488.6404       -78.6195 20m16s/Msamples
        8127000   -102564.1177        23.1      -102481.7113       -82.4064 20m16s/Msamples
        8128000   -102569.5532        23.2      -102490.2521       -79.3010 20m16s/Msamples
        8129000   -102565.3481        23.2      -102484.7246       -80.6234 20m16s/Msamples
        8130000   -102569.9828        23.2      -102484.9235       -85.0592 20m16s/Msamples
        8131000   -102564.1409        23.2      -102487.8744       -76.2665 20m16s/Msamples
        8132000   -102553.0398        23.2      -102481.3801       -71.6596 20m16s/Msamples
        8133000   -102554.9082        23.2      -102480.9504       -73.9578 20m16s/Msamples
        8134000   -102557.1689        23.2      -102486.0287       -71.1402 20m16s/Msamples
        8135000   -102559.3942        23.2      -102489.7355       -69.6586 20m16s/Msamples
        8136000   -102562.1196        23.2      -102482.4831       -79.6364 20m16s/Msamples
        8137000   -102548.6568        23.1      -102477.6134       -71.0433 20m16s/Msamples
        8138000   -102552.9350        23.1      -102477.8852       -75.0497 20m16s/Msamples
        8139000   -102562.6110        23.1      -102489.4106       -73.2003 20m16s/Msamples
        8140000   -102565.8268        23.1      -102490.2188       -75.6080 20m16s/Msamples
        8141000   -102565.6614        23.1      -102490.3847       -75.2767 20m16s/Msamples
        8142000   -102571.8772        23.1      -102492.6121       -79.2651 20m16s/Msamples
        8143000   -102556.6899        23.1      -102486.4714       -70.2185 20m16s/Msamples
        8144000   -102552.4990        23.1      -102489.5797       -62.9193 20m16s/Msamples
        8145000   -102549.7898        23.1      -102485.3402       -64.4495 20m16s/Msamples
        8146000   -102558.0545        23.1      -102487.7239       -70.3305 20m16s/Msamples
        8147000   -102557.2937        23.1      -102487.5761       -69.7175 20m16s/Msamples
        8148000   -102547.8524        23.1      -102480.7051       -67.1473 20m16s/Msamples
        8149000   -102557.7768        23.1      -102487.3699       -70.4068 20m16s/Msamples
        8150000   -102559.1666        23.1      -102479.9182       -79.2483 20m16s/Msamples
        8151000   -102555.8708        23.1      -102477.2431       -78.6276 20m16s/Msamples
        8152000   -102565.7573        23.1      -102481.6689       -84.0883 20m16s/Msamples
        8153000   -102566.6066        23.1      -102487.0649       -79.5417 20m16s/Msamples
        8154000   -102548.5515        23.1      -102475.1108       -73.4406 20m16s/Msamples
        8155000   -102560.2807        23.1      -102484.2326       -76.0481 20m16s/Msamples
        8156000   -102556.2750        23.1      -102483.8490       -72.4259 20m16s/Msamples
        8157000   -102554.6096        23.1      -102486.0655       -68.5440 20m16s/Msamples
        8158000   -102550.6853        23.1      -102483.4971       -67.1881 20m16s/Msamples
        8159000   -102560.2371        23.1      -102484.9698       -75.2672 20m16s/Msamples
        8160000   -102557.7707        23.1      -102476.7333       -81.0374 20m16s/Msamples
        8161000   -102562.5570        23.1      -102481.6177       -80.9392 20m16s/Msamples
        8162000   -102557.4336        23.1      -102484.0730       -73.3606 20m16s/Msamples
        8163000   -102546.8231        23.1      -102474.8690       -71.9540 20m16s/Msamples
        8164000   -102548.2045        23.1      -102477.2534       -70.9511 20m16s/Msamples
        8165000   -102542.3958        23.1      -102476.8787       -65.5170 20m16s/Msamples
        8166000   -102554.8182        23.1      -102483.3333       -71.4848 20m16s/Msamples
        8167000   -102544.0444        23.1      -102475.7099       -68.3345 20m16s/Msamples
        8168000   -102559.3886        23.1      -102489.3886       -69.9999 20m16s/Msamples
        8169000   -102544.4572        23.1      -102480.9029       -63.5542 20m16s/Msamples
        8170000   -102546.7995        23.1      -102483.1045       -63.6949 20m16s/Msamples
        8171000   -102543.2035        23.1      -102483.1361       -60.0673 20m16s/Msamples
        8172000   -102541.9192        23.1      -102478.8260       -63.0931 20m16s/Msamples
        8173000   -102545.2201        23.1      -102477.6161       -67.6040 20m16s/Msamples
        8174000   -102545.6638        23.1      -102475.2263       -70.4375 20m16s/Msamples
        8175000   -102554.4004        23.1      -102479.6155       -74.7849 20m16s/Msamples
        8176000   -102547.0187        23.1      -102476.8534       -70.1653 20m16s/Msamples
        8177000   -102566.4168        23.1      -102487.9179       -78.4988 20m16s/Msamples
        8178000   -102559.4060        23.1      -102478.1251       -81.2808 20m16s/Msamples
        8179000   -102523.0031        23.1      -102465.5142       -57.4888 20m16s/Msamples
        8180000   -102532.5910        23.1      -102471.3330       -61.2580 20m16s/Msamples
        8181000   -102533.1656        23.1      -102472.4669       -60.6986 20m16s/Msamples
        8182000   -102548.8866        23.1      -102475.3420       -73.5446 20m16s/Msamples
        8183000   -102546.9064        23.1      -102477.0649       -69.8415 20m16s/Msamples
        8184000   -102550.3832        23.1      -102477.0213       -73.3619 20m16s/Msamples
        8185000   -102534.7214        23.1      -102473.2148       -61.5066 20m16s/Msamples
        8186000   -102538.4650        23.1      -102475.0862       -63.3788 20m16s/Msamples
        8187000   -102543.3308        23.1      -102474.5091       -68.8217 20m16s/Msamples
        8188000   -102538.9257        23.1      -102477.8165       -61.1092 20m16s/Msamples
        8189000   -102546.6030        23.1      -102478.8303       -67.7727 20m16s/Msamples
        8190000   -102535.1559        23.1      -102469.1318       -66.0241 20m16s/Msamples
        8191000   -102543.6787        23.1      -102477.9349       -65.7437 20m16s/Msamples
        8192000   -102549.4648        23.1      -102482.4384       -67.0263 20m16s/Msamples
        8193000   -102553.0896        23.1      -102482.2370       -70.8525 20m16s/Msamples
        8194000   -102559.7999        23.1      -102482.5718       -77.2280 20m16s/Msamples
        8195000   -102550.0745        23.1      -102480.9880       -69.0865 20m16s/Msamples
        8196000   -102555.7187        23.1      -102488.8048       -66.9139 20m16s/Msamples
        8197000   -102550.3367        23.1      -102475.8785       -74.4582 20m16s/Msamples
        8198000   -102546.4016        23.1      -102480.6078       -65.7938 20m16s/Msamples
        8199000   -102546.9795        23.1      -102483.2037       -63.7757 20m16s/Msamples
        8200000   -102541.4957        23.1      -102481.9896       -59.5060 20m16s/Msamples
        8201000   -102547.0768        23.1      -102482.8383       -64.2385 20m16s/Msamples
        8202000   -102547.2484        23.1      -102482.7434       -64.5050 20m16s/Msamples
        8203000   -102553.7422        23.1      -102480.8669       -72.8752 20m16s/Msamples
        8204000   -102550.6120        23.1      -102481.8398       -68.7722 20m16s/Msamples
        8205000   -102566.6482        23.1      -102495.4758       -71.1723 20m16s/Msamples
        8206000   -102564.5449        23.1      -102484.5229       -80.0220 20m16s/Msamples
        8207000   -102580.2879        23.1      -102496.9066       -83.3812 20m16s/Msamples
        8208000   -102569.3801        23.1      -102493.2607       -76.1193 20m16s/Msamples
        8209000   -102575.3619        23.1      -102497.6714       -77.6905 20m16s/Msamples
        8210000   -102568.6614        23.1      -102483.5214       -85.1400 20m16s/Msamples
        8211000   -102553.7088        23.1      -102477.6688       -76.0399 20m16s/Msamples
        8212000   -102561.2875        23.1      -102480.2012       -81.0863 20m16s/Msamples
        8213000   -102553.8636        23.1      -102479.2376       -74.6259 20m16s/Msamples
        8214000   -102544.1806        23.1      -102475.0657       -69.1149 20m16s/Msamples
        8215000   -102544.3824        23.1      -102476.5824       -67.8000 20m16s/Msamples
        8216000   -102547.4084        23.1      -102481.1924       -66.2159 20m16s/Msamples
        8217000   -102546.6968        23.1      -102477.1525       -69.5443 20m16s/Msamples
        8218000   -102558.5081        23.1      -102487.5580       -70.9501 20m16s/Msamples
        8219000   -102565.7351        23.1      -102486.9339       -78.8011 20m16s/Msamples
        8220000   -102558.0038        23.1      -102479.7654       -78.2383 20m16s/Msamples
        8221000   -102562.0104        23.1      -102486.8912       -75.1192 20m16s/Msamples
        8222000   -102563.9442        23.1      -102486.5774       -77.3668 20m16s/Msamples
        8223000   -102561.2822        23.1      -102486.3576       -74.9245 20m16s/Msamples
        8224000   -102552.5198        23.1      -102480.6195       -71.9003 20m16s/Msamples
        8225000   -102562.9533        23.1      -102483.9960       -78.9572 20m16s/Msamples
        8226000   -102557.0206        23.1      -102482.2863       -74.7343 20m16s/Msamples
        8227000   -102559.6628        23.1      -102485.0500       -74.6128 20m16s/Msamples
        8228000   -102564.0391        23.1      -102481.2459       -82.7931 20m16s/Msamples
        8229000   -102564.7080        23.1      -102485.8480       -78.8600 20m16s/Msamples
        8230000   -102546.2941        23.1      -102475.4787       -70.8153 20m16s/Msamples
        8231000   -102547.4513        23.1      -102481.2076       -66.2437 20m16s/Msamples
        8232000   -102546.4550        23.1      -102481.2885       -65.1665 20m16s/Msamples
        8233000   -102551.7899        23.0      -102486.1404       -65.6494 20m16s/Msamples
        8234000   -102556.6193        23.0      -102481.6500       -74.9692 20m16s/Msamples
        8235000   -102546.5104        23.0      -102480.6660       -65.8444 20m16s/Msamples
        8236000   -102538.7440        23.0      -102484.9003       -53.8436 20m16s/Msamples
        8237000   -102542.3624        23.0      -102482.3144       -60.0479 20m16s/Msamples
        8238000   -102548.7041        23.0      -102490.4317       -58.2723 20m16s/Msamples
        8239000   -102549.5889        23.0      -102487.3196       -62.2692 20m16s/Msamples
        8240000   -102557.7327        23.0      -102487.3987       -70.3339 20m16s/Msamples
        8241000   -102569.0441        23.0      -102495.2533       -73.7908 20m16s/Msamples
        8242000   -102561.0508        23.0      -102488.1824       -72.8683 20m16s/Msamples
        8243000   -102547.0096        23.0      -102489.3618       -57.6478 20m16s/Msamples
        8244000   -102549.2894        23.0      -102484.2319       -65.0574 20m16s/Msamples
        8245000   -102557.9209        23.0      -102490.9296       -66.9912 20m16s/Msamples
        8246000   -102549.7579        23.0      -102483.8506       -65.9072 20m16s/Msamples
        8247000   -102542.9888        23.0      -102479.4353       -63.5534 20m16s/Msamples
        8248000   -102548.0042        23.0      -102482.9417       -65.0624 20m16s/Msamples
        8249000   -102536.9962        23.0      -102473.4315       -63.5646 20m16s/Msamples
        8250000   -102551.3162        23.0      -102482.9700       -68.3461 20m16s/Msamples
        8251000   -102549.2230        23.0      -102482.5348       -66.6882 20m16s/Msamples
        8252000   -102546.3037        23.0      -102486.1724       -60.1312 20m16s/Msamples
        8253000   -102548.5294        23.0      -102481.9818       -66.5475 20m16s/Msamples
        8254000   -102553.4906        23.0      -102491.5269       -61.9637 20m16s/Msamples
        8255000   -102556.2397        23.0      -102489.4150       -66.8247 20m16s/Msamples
        8256000   -102548.5203        23.0      -102487.5634       -60.9568 20m16s/Msamples
        8257000   -102561.3778        23.0      -102494.7778       -66.5999 20m16s/Msamples
        8258000   -102557.6869        23.0      -102488.9605       -68.7263 20m16s/Msamples
        8259000   -102539.0866        23.0      -102478.9520       -60.1345 20m16s/Msamples
        8260000   -102533.5368        23.0      -102474.3241       -59.2127 20m16s/Msamples
        8261000   -102543.9130        23.0      -102483.7636       -60.1494 20m16s/Msamples
        8262000   -102539.1069        23.0      -102479.3990       -59.7079 20m16s/Msamples
        8263000   -102546.8033        23.0      -102485.7748       -61.0285 20m16s/Msamples
        8264000   -102546.1209        23.0      -102478.9991       -67.1217 20m16s/Msamples
        8265000   -102540.5133        23.0      -102475.1965       -65.3168 20m16s/Msamples
        8266000   -102540.3086        23.0      -102478.5057       -61.8029 20m16s/Msamples
        8267000   -102553.1253        23.0      -102487.1942       -65.9310 20m16s/Msamples
        8268000   -102553.0958        23.0      -102484.5430       -68.5528 20m16s/Msamples
        8269000   -102563.2222        22.9      -102487.3795       -75.8426 20m16s/Msamples
        8270000   -102550.5823        22.9      -102488.4094       -62.1729 20m16s/Msamples
        8271000   -102552.4234        22.9      -102488.2604       -64.1630 20m16s/Msamples
        8272000   -102555.3805        22.9      -102480.9748       -74.4056 20m16s/Msamples
        8273000   -102550.2839        22.9      -102479.2287       -71.0552 20m16s/Msamples
        8274000   -102553.2006        22.9      -102483.3860       -69.8145 20m16s/Msamples
        8275000   -102555.4156        22.9      -102483.1451       -72.2704 20m16s/Msamples
        8276000   -102545.7390        22.9      -102479.1998       -66.5391 20m16s/Msamples
        8277000   -102541.1957        22.9      -102475.7600       -65.4356 20m16s/Msamples
        8278000   -102542.4388        22.9      -102477.5381       -64.9006 20m16s/Msamples
        8279000   -102543.3442        22.9      -102477.8711       -65.4730 20m16s/Msamples
        8280000   -102543.8699        22.9      -102480.2631       -63.6067 20m16s/Msamples
        8281000   -102543.0695        22.9      -102475.1623       -67.9071 20m16s/Msamples
        8282000   -102544.8399        22.9      -102484.3202       -60.5197 20m16s/Msamples
        8283000   -102545.8922        22.9      -102484.3272       -61.5650 20m16s/Msamples
        8284000   -102559.1744        22.9      -102497.9702       -61.2042 20m16s/Msamples
        8285000   -102557.0889        22.9      -102489.8287       -67.2602 20m16s/Msamples
        8286000   -102551.0018        22.9      -102484.4194       -66.5824 20m16s/Msamples
        8287000   -102539.4098        22.9      -102483.4824       -55.9273 20m16s/Msamples
        8288000   -102555.4427        22.9      -102490.8543       -64.5884 20m16s/Msamples
        8289000   -102549.4456        22.9      -102484.8920       -64.5536 20m16s/Msamples
        8290000   -102546.8885        22.9      -102482.8906       -63.9978 20m16s/Msamples
        8291000   -102551.6658        22.9      -102485.9495       -65.7162 20m16s/Msamples
        8292000   -102563.0158        22.9      -102490.2147       -72.8010 20m16s/Msamples
        8293000   -102564.2123        22.9      -102498.9557       -65.2565 20m16s/Msamples
        8294000   -102571.1326        22.9      -102505.3262       -65.8064 20m16s/Msamples
        8295000   -102569.0300        22.9      -102498.2754       -70.7545 20m16s/Msamples
        8296000   -102562.4610        22.9      -102499.1798       -63.2811 20m15s/Msamples
        8297000   -102559.8410        22.9      -102493.1601       -66.6809 20m15s/Msamples
        8298000   -102563.7644        22.9      -102488.1767       -75.5876 20m15s/Msamples
        8299000   -102568.3825        22.9      -102495.7049       -72.6775 20m15s/Msamples
        8300000   -102556.8599        22.9      -102491.3608       -65.4990 20m15s/Msamples
        8301000   -102561.7426        22.9      -102489.0308       -72.7117 20m15s/Msamples
        8302000   -102552.8906        22.9      -102486.1800       -66.7106 20m15s/Msamples
        8303000   -102545.8093        22.9      -102481.7487       -64.0606 20m15s/Msamples
        8304000   -102548.1935        22.9      -102481.8145       -66.3790 20m15s/Msamples
        8305000   -102549.1548        22.9      -102484.7247       -64.4301 20m15s/Msamples
        8306000   -102552.5853        22.9      -102488.0526       -64.5326 20m15s/Msamples
        8307000   -102556.6851        22.9      -102486.5958       -70.0892 20m15s/Msamples
        8308000   -102563.9208        22.9      -102497.0634       -66.8574 20m15s/Msamples
        8309000   -102552.5337        22.8      -102482.4902       -70.0434 20m15s/Msamples
        8310000   -102552.1892        22.8      -102477.5817       -74.6075 20m15s/Msamples
        8311000   -102556.3997        22.8      -102484.2105       -72.1892 20m15s/Msamples
        8312000   -102563.4573        22.8      -102486.9728       -76.4845 20m15s/Msamples
        8313000   -102566.5222        22.8      -102487.6918       -78.8303 20m15s/Msamples
        8314000   -102564.9845        22.8      -102485.9215       -79.0629 20m15s/Msamples
        8315000   -102547.8580        22.8      -102479.7723       -68.0857 20m15s/Msamples
        8316000   -102538.3533        22.8      -102474.6975       -63.6557 20m15s/Msamples
        8317000   -102543.3239        22.8      -102479.2290       -64.0949 20m15s/Msamples
        8318000   -102552.9062        22.8      -102489.5010       -63.4052 20m15s/Msamples
        8319000   -102545.7749        22.8      -102482.6932       -63.0817 20m15s/Msamples
        8320000   -102546.2272        22.8      -102482.6576       -63.5696 20m15s/Msamples
        8321000   -102539.9093        22.8      -102469.0479       -70.8614 20m15s/Msamples
        8322000   -102546.1920        22.8      -102471.8414       -74.3506 20m15s/Msamples
        8323000   -102548.0771        22.8      -102471.0995       -76.9775 20m15s/Msamples
        8324000   -102559.6667        22.8      -102485.0173       -74.6493 20m15s/Msamples
        8325000   -102557.3438        22.8      -102480.4254       -76.9183 20m15s/Msamples
        8326000   -102555.2263        22.8      -102481.6789       -73.5474 20m15s/Msamples
        8327000   -102576.2558        22.8      -102486.9755       -89.2802 20m15s/Msamples
        8328000   -102572.2406        22.8      -102490.4681       -81.7724 20m15s/Msamples
        8329000   -102555.3484        22.8      -102487.6935       -67.6549 20m15s/Msamples
        8330000   -102565.8367        22.8      -102493.3520       -72.4847 20m15s/Msamples
        8331000   -102565.9873        22.8      -102490.5709       -75.4163 20m15s/Msamples
        8332000   -102559.4560        22.8      -102491.1295       -68.3264 20m15s/Msamples
        8333000   -102553.8667        22.8      -102488.2409       -65.6257 20m15s/Msamples
        8334000   -102557.1546        22.8      -102484.8435       -72.3111 20m15s/Msamples
        8335000   -102553.0064        22.8      -102486.1509       -66.8555 20m15s/Msamples
        8336000   -102549.1048        22.8      -102481.1040       -68.0008 20m15s/Msamples
        8337000   -102549.7070        22.8      -102479.8584       -69.8485 20m15s/Msamples
        8338000   -102540.7053        22.8      -102477.7289       -62.9764 20m15s/Msamples
        8339000   -102537.7523        22.8      -102475.3940       -62.3582 20m15s/Msamples
        8340000   -102548.7125        22.8      -102480.7975       -67.9150 20m15s/Msamples
        8341000   -102541.9330        22.8      -102481.2960       -60.6369 20m15s/Msamples
        8342000   -102541.7351        22.8      -102479.4559       -62.2792 20m15s/Msamples
        8343000   -102546.1273        22.8      -102479.5863       -66.5410 20m15s/Msamples
        8344000   -102542.5237        22.8      -102482.0259       -60.4977 20m15s/Msamples
        8345000   -102553.7843        22.8      -102489.4754       -64.3089 20m15s/Msamples
        8346000   -102546.1196        22.8      -102481.3460       -64.7735 20m15s/Msamples
        8347000   -102550.1238        22.8      -102484.8930       -65.2308 20m15s/Msamples
        8348000   -102537.9896        22.8      -102477.2992       -60.6903 20m15s/Msamples
        8349000   -102534.4418        22.8      -102474.8374       -59.6043 20m15s/Msamples
        8350000   -102535.2083        22.8      -102474.9894       -60.2189 20m15s/Msamples
        8351000   -102543.8692        22.8      -102481.0382       -62.8310 20m15s/Msamples
        8352000   -102548.9930        22.7      -102485.0348       -63.9581 20m15s/Msamples
        8353000   -102552.5102        22.7      -102486.4888       -66.0214 20m15s/Msamples
        8354000   -102548.4830        22.7      -102486.8848       -61.5982 20m15s/Msamples
        8355000   -102554.5782        22.7      -102488.2006       -66.3776 20m15s/Msamples
        8356000   -102563.4634        22.7      -102488.7234       -74.7400 20m15s/Msamples
        8357000   -102554.1296        22.7      -102482.7644       -71.3652 20m15s/Msamples
        8358000   -102549.5383        22.7      -102480.6948       -68.8435 20m15s/Msamples
        8359000   -102548.6126        22.7      -102485.5759       -63.0367 20m15s/Msamples
        8360000   -102541.4483        22.7      -102484.0051       -57.4432 20m15s/Msamples
        8361000   -102547.4370        22.7      -102482.4253       -65.0117 20m15s/Msamples
        8362000   -102545.7934        22.7      -102485.7909       -60.0024 20m15s/Msamples
        8363000   -102543.3954        22.7      -102481.1838       -62.2115 20m15s/Msamples
        8364000   -102536.6712        22.7      -102475.4773       -61.1938 20m15s/Msamples
        8365000   -102540.5923        22.7      -102477.6117       -62.9806 20m15s/Msamples
        8366000   -102538.0395        22.7      -102476.2993       -61.7401 20m15s/Msamples
        8367000   -102540.2567        22.7      -102476.7380       -63.5186 20m15s/Msamples
        8368000   -102547.5320        22.7      -102484.3356       -63.1964 20m15s/Msamples
        8369000   -102527.2490        22.7      -102472.3179       -54.9311 20m15s/Msamples
        8370000   -102549.0217        22.7      -102488.7410       -60.2806 20m15s/Msamples
        8371000   -102538.2185        22.7      -102476.2258       -61.9927 20m15s/Msamples
        8372000   -102534.0561        22.7      -102473.5416       -60.5145 20m15s/Msamples
        8373000   -102535.8141        22.7      -102476.0796       -59.7344 20m15s/Msamples
        8374000   -102542.4055        22.7      -102479.3975       -63.0079 20m15s/Msamples
        8375000   -102538.1107        22.7      -102472.5205       -65.5902 20m15s/Msamples
        8376000   -102549.4329        22.7      -102480.7501       -68.6827 20m15s/Msamples
        8377000   -102555.9189        22.7      -102482.4260       -73.4929 20m15s/Msamples
        8378000   -102561.4654        22.7      -102489.1200       -72.3453 20m15s/Msamples
        8379000   -102554.8749        22.7      -102485.5016       -69.3732 20m15s/Msamples
        8380000   -102551.0673        22.7      -102485.3924       -65.6748 20m15s/Msamples
        8381000   -102554.8286        22.6      -102483.9721       -70.8564 20m15s/Msamples
        8382000   -102546.0122        22.6      -102486.4561       -59.5561 20m15s/Msamples
        8383000   -102548.5610        22.6      -102491.9634       -56.5976 20m15s/Msamples
        8384000   -102543.1830        22.6      -102491.5949       -51.5881 20m15s/Msamples
        8385000   -102539.7170        22.6      -102481.8776       -57.8394 20m15s/Msamples
        8386000   -102533.1140        22.6      -102484.1201       -48.9939 20m15s/Msamples
        8387000   -102527.4648        22.6      -102476.5923       -50.8724 20m15s/Msamples
        8388000   -102540.1899        22.6      -102487.6134       -52.5764 20m15s/Msamples
        8389000   -102540.2577        22.6      -102486.4411       -53.8165 20m15s/Msamples
        8390000   -102544.3618        22.6      -102483.6769       -60.6849 20m15s/Msamples
        8391000   -102531.0143        22.6      -102478.3271       -52.6872 20m15s/Msamples
        8392000   -102530.6234        22.6      -102478.8194       -51.8040 20m15s/Msamples
        8393000   -102535.7301        22.6      -102481.6540       -54.0761 20m15s/Msamples
        8394000   -102533.4869        22.6      -102480.6324       -52.8545 20m15s/Msamples
        8395000   -102538.5905        22.6      -102480.8340       -57.7564 20m15s/Msamples
        8396000   -102535.3512        22.6      -102483.5237       -51.8275 20m15s/Msamples
        8397000   -102542.3029        22.6      -102487.8833       -54.4196 20m15s/Msamples
        8398000   -102565.3444        22.6      -102495.0994       -70.2450 20m15s/Msamples
        8399000   -102567.0791        22.6      -102489.0473       -78.0318 20m15s/Msamples
        8400000   -102565.0196        22.6      -102492.6373       -72.3822 20m15s/Msamples
        8401000   -102564.9641        22.6      -102489.6823       -75.2817 20m15s/Msamples
        8402000   -102547.3592        22.6      -102489.7490       -57.6102 20m15s/Msamples
        8403000   -102555.3411        22.6      -102489.8287       -65.5123 20m15s/Msamples
        8404000   -102547.7395        22.6      -102483.8569       -63.8826 20m15s/Msamples
        8405000   -102556.0289        22.6      -102491.7639       -64.2650 20m15s/Msamples
        8406000   -102556.7202        22.6      -102488.5152       -68.2049 20m15s/Msamples
        8407000   -102548.8105        22.6      -102482.6764       -66.1341 20m15s/Msamples
        8408000   -102539.5112        22.6      -102480.7798       -58.7313 20m15s/Msamples
        8409000   -102548.5284        22.6      -102480.9140       -67.6143 20m15s/Msamples
        8410000   -102542.3645        22.5      -102481.1263       -61.2382 20m15s/Msamples
        8411000   -102559.5529        22.5      -102495.7915       -63.7613 20m15s/Msamples
        8412000   -102539.3715        22.5      -102482.2281       -57.1434 20m15s/Msamples
        8413000   -102539.6818        22.5      -102481.0416       -58.6402 20m15s/Msamples
        8414000   -102538.9964        22.5      -102482.1819       -56.8145 20m15s/Msamples
        8415000   -102551.2636        22.5      -102487.8056       -63.4580 20m15s/Msamples
        8416000   -102554.4718        22.5      -102493.5834       -60.8884 20m15s/Msamples
        8417000   -102562.8460        22.5      -102497.1734       -65.6725 20m15s/Msamples
        8418000   -102567.8378        22.5      -102500.4351       -67.4026 20m15s/Msamples
        8419000   -102559.7341        22.5      -102494.8759       -64.8581 20m15s/Msamples
        8420000   -102552.7469        22.5      -102488.4852       -64.2617 20m15s/Msamples
        8421000   -102551.8866        22.5      -102489.6167       -62.2698 20m15s/Msamples
        8422000   -102559.4339        22.5      -102489.7277       -69.7061 20m15s/Msamples
        8423000   -102556.9918        22.5      -102486.6016       -70.3901 20m15s/Msamples
        8424000   -102552.9232        22.5      -102485.5899       -67.3332 20m15s/Msamples
        8425000   -102556.6954        22.5      -102489.6634       -67.0319 20m15s/Msamples
        8426000   -102548.8435        22.5      -102490.6535       -58.1900 20m15s/Msamples
        8427000   -102542.4349        22.5      -102485.9624       -56.4724 20m15s/Msamples
        8428000   -102545.0890        22.5      -102481.1881       -63.9009 20m15s/Msamples
        8429000   -102543.4283        22.5      -102485.3561       -58.0722 20m15s/Msamples
        8430000   -102546.2633        22.5      -102492.2364       -54.0268 20m15s/Msamples
        8431000   -102545.4838        22.5      -102485.3439       -60.1398 20m15s/Msamples
        8432000   -102543.5471        22.5      -102484.8584       -58.6886 20m15s/Msamples
        8433000   -102544.8189        22.5      -102482.3123       -62.5066 20m15s/Msamples
        8434000   -102547.4795        22.5      -102483.8215       -63.6580 20m15s/Msamples
        8435000   -102552.9167        22.5      -102490.0999       -62.8168 20m15s/Msamples
        8436000   -102565.4002        22.5      -102501.5187       -63.8814 20m15s/Msamples
        8437000   -102550.5167        22.4      -102490.7127       -59.8039 20m15s/Msamples
        8438000   -102549.8737        22.4      -102482.8680       -67.0056 20m15s/Msamples
        8439000   -102561.4963        22.4      -102496.6740       -64.8223 20m15s/Msamples
        8440000   -102555.5859        22.4      -102493.7197       -61.8661 20m15s/Msamples
        8441000   -102550.8184        22.4      -102485.8813       -64.9370 20m15s/Msamples
        8442000   -102558.4883        22.4      -102492.6086       -65.8796 20m15s/Msamples
        8443000   -102550.8406        22.4      -102489.7984       -61.0422 20m15s/Msamples
        8444000   -102545.2517        22.4      -102486.1514       -59.1003 20m15s/Msamples
        8445000   -102538.1492        22.4      -102483.9622       -54.1870 20m15s/Msamples
        8446000   -102539.5905        22.4      -102485.0395       -54.5510 20m15s/Msamples
        8447000   -102538.6735        22.4      -102482.3897       -56.2837 20m15s/Msamples
        8448000   -102552.0202        22.4      -102482.6164       -69.4038 20m15s/Msamples
        8449000   -102553.9313        22.4      -102483.2497       -70.6815 20m15s/Msamples
        8450000   -102542.2839        22.4      -102488.6187       -53.6651 20m15s/Msamples
        8451000   -102538.2627        22.4      -102479.5390       -58.7237 20m15s/Msamples
        8452000   -102534.4918        22.4      -102484.1993       -50.2925 20m15s/Msamples
        8453000   -102540.5890        22.4      -102490.8446       -49.7444 20m15s/Msamples
        8454000   -102541.7284        22.4      -102491.5652       -50.1632 20m15s/Msamples
        8455000   -102555.3225        22.4      -102497.6275       -57.6950 20m15s/Msamples
        8456000   -102548.6165        22.4      -102485.3607       -63.2558 20m15s/Msamples
        8457000   -102547.5059        22.4      -102484.6156       -62.8903 20m15s/Msamples
        8458000   -102543.1878        22.4      -102474.8917       -68.2961 20m15s/Msamples
        8459000   -102545.6500        22.3      -102482.9897       -62.6603 20m15s/Msamples
        8460000   -102550.6093        22.3      -102486.4127       -64.1966 20m15s/Msamples
        8461000   -102556.2293        22.3      -102484.3749       -71.8544 20m15s/Msamples
        8462000   -102539.0112        22.3      -102479.6240       -59.3872 20m15s/Msamples
        8463000   -102540.3454        22.3      -102482.6415       -57.7038 20m15s/Msamples
        8464000   -102556.2074        22.3      -102486.3111       -69.8962 20m15s/Msamples
        8465000   -102557.7780        22.3      -102488.8174       -68.9605 20m15s/Msamples
        8466000   -102562.7454        22.3      -102487.8558       -74.8896 20m15s/Msamples
        8467000   -102557.6565        22.3      -102489.4971       -68.1594 20m15s/Msamples
        8468000   -102553.4591        22.3      -102488.1673       -65.2917 20m15s/Msamples
        8469000   -102555.5685        22.3      -102487.4967       -68.0718 20m15s/Msamples
        8470000   -102573.3306        22.3      -102495.3734       -77.9572 20m15s/Msamples
        8471000   -102569.2742        22.3      -102492.3531       -76.9211 20m15s/Msamples
        8472000   -102562.9143        22.3      -102494.3971       -68.5172 20m15s/Msamples
        8473000   -102558.9553        22.3      -102488.4575       -70.4978 20m15s/Msamples
        8474000   -102551.4795        22.3      -102489.9244       -61.5550 20m15s/Msamples
        8475000   -102546.4238        22.3      -102484.2579       -62.1658 20m15s/Msamples
        8476000   -102539.4776        22.3      -102480.8195       -58.6580 20m15s/Msamples
        8477000   -102544.3574        22.3      -102478.4028       -65.9546 20m15s/Msamples
        8478000   -102551.1344        22.3      -102483.0986       -68.0358 20m15s/Msamples
        8479000   -102551.3412        22.3      -102477.7426       -73.5985 20m15s/Msamples
        8480000   -102575.2794        22.3      -102486.3594       -88.9199 20m15s/Msamples
        8481000   -102571.9597        22.3      -102485.2322       -86.7274 20m15s/Msamples
        8482000   -102555.1831        22.3      -102479.7031       -75.4800 20m15s/Msamples
        8483000   -102552.5192        22.3      -102478.6301       -73.8890 20m15s/Msamples
        8484000   -102561.5505        22.3      -102482.0477       -79.5027 20m15s/Msamples
        8485000   -102572.3957        22.3      -102494.7103       -77.6854 20m15s/Msamples
        8486000   -102555.2197        22.3      -102480.9884       -74.2313 20m15s/Msamples
        8487000   -102546.5527        22.3      -102476.6218       -69.9308 20m15s/Msamples
        8488000   -102562.9337        22.3      -102487.7587       -75.1750 20m15s/Msamples
        8489000   -102553.7697        22.3      -102484.8771       -68.8926 20m15s/Msamples
        8490000   -102552.7705        22.3      -102482.4582       -70.3122 20m15s/Msamples
        8491000   -102544.1917        22.3      -102471.0010       -73.1907 20m15s/Msamples
        8492000   -102552.5877        22.3      -102481.8085       -70.7791 20m15s/Msamples
        8493000   -102555.1966        22.3      -102488.5473       -66.6492 20m15s/Msamples
        8494000   -102548.8662        22.2      -102482.7407       -66.1255 20m15s/Msamples
        8495000   -102543.3730        22.2      -102477.5459       -65.8271 20m15s/Msamples
        8496000   -102541.4472        22.2      -102477.0542       -64.3930 20m15s/Msamples
        8497000   -102562.0720        22.2      -102484.1817       -77.8903 20m15s/Msamples
        8498000   -102563.8382        22.2      -102487.6526       -76.1856 20m15s/Msamples
        8499000   -102547.9494        22.2      -102478.4809       -69.4684 20m15s/Msamples
        8500000   -102550.5234        22.2      -102484.8210       -65.7023 20m15s/Msamples
        8501000   -102551.7425        22.2      -102479.6459       -72.0966 20m15s/Msamples
        8502000   -102567.1612        22.2      -102498.0689       -69.0923 20m15s/Msamples
        8503000   -102563.0864        22.2      -102489.1284       -73.9580 20m15s/Msamples
        8504000   -102571.7475        22.2      -102489.2520       -82.4955 20m15s/Msamples
        8505000   -102569.5086        22.2      -102489.7674       -79.7411 20m15s/Msamples
        8506000   -102572.8944        22.2      -102491.4682       -81.4261 20m15s/Msamples
        8507000   -102577.0355        22.2      -102491.6303       -85.4052 20m15s/Msamples
        8508000   -102581.2953        22.3      -102500.2979       -80.9974 20m15s/Msamples
        8509000   -102576.8670        22.3      -102494.8965       -81.9705 20m15s/Msamples
        8510000   -102568.8822        22.3      -102494.3682       -74.5140 20m15s/Msamples
        8511000   -102558.5076        22.3      -102485.1170       -73.3906 20m15s/Msamples
        8512000   -102557.9074        22.3      -102486.2125       -71.6949 20m15s/Msamples
        8513000   -102569.7105        22.3      -102492.1460       -77.5644 20m15s/Msamples
        8514000   -102561.1860        22.3      -102486.8663       -74.3196 20m15s/Msamples
        8515000   -102553.8822        22.3      -102482.4892       -71.3929 20m15s/Msamples
        8516000   -102546.9514        22.3      -102481.6566       -65.2948 20m15s/Msamples
        8517000   -102558.3061        22.3      -102488.3508       -69.9553 20m15s/Msamples
        8518000   -102554.4291        22.2      -102477.9399       -76.4892 20m15s/Msamples
        8519000   -102560.4737        22.2      -102483.4745       -76.9992 20m15s/Msamples
        8520000   -102576.4430        22.2      -102492.4235       -84.0195 20m15s/Msamples
        8521000   -102574.5772        22.3      -102490.3962       -84.1810 20m15s/Msamples
        8522000   -102558.2096        22.3      -102473.5957       -84.6138 20m15s/Msamples
        8523000   -102564.4238        22.3      -102480.6475       -83.7762 20m15s/Msamples
        8524000   -102559.4799        22.3      -102475.0677       -84.4121 20m15s/Msamples
        8525000   -102577.0580        22.3      -102486.9303       -90.1277 20m15s/Msamples
        8526000   -102559.3468        22.3      -102478.0446       -81.3022 20m15s/Msamples
        8527000   -102567.9114        22.3      -102482.9845       -84.9268 20m15s/Msamples
        8528000   -102573.4963        22.3      -102487.6344       -85.8618 20m15s/Msamples
        8529000   -102571.2040        22.3      -102484.8882       -86.3157 20m15s/Msamples
        8530000   -102578.7470        22.3      -102490.7177       -88.0292 20m15s/Msamples
        8531000   -102581.8140        22.3      -102495.7951       -86.0188 20m15s/Msamples
        8532000   -102579.5454        22.3      -102498.2058       -81.3396 20m15s/Msamples
        8533000   -102571.6733        22.3      -102491.7627       -79.9106 20m15s/Msamples
        8534000   -102581.2957        22.3      -102496.9308       -84.3649 20m15s/Msamples
        8535000   -102569.8916        22.3      -102486.5724       -83.3191 20m15s/Msamples
        8536000   -102570.2281        22.3      -102484.3694       -85.8586 20m15s/Msamples
        8537000   -102559.3823        22.3      -102478.7166       -80.6657 20m15s/Msamples
        8538000   -102561.3478        22.3      -102474.0546       -87.2932 20m15s/Msamples
        8539000   -102558.9550        22.3      -102474.4748       -84.4802 20m15s/Msamples
        8540000   -102560.5659        22.3      -102476.7164       -83.8494 20m15s/Msamples
        8541000   -102549.0505        22.3      -102473.8441       -75.2064 20m15s/Msamples
        8542000   -102563.3785        22.3      -102480.1902       -83.1882 20m15s/Msamples
        8543000   -102568.4008        22.3      -102482.8439       -85.5568 20m15s/Msamples
        8544000   -102575.2312        22.3      -102484.5893       -90.6418 20m15s/Msamples
        8545000   -102567.9801        22.3      -102473.9229       -94.0572 20m15s/Msamples
        8546000   -102559.5948        22.3      -102471.7669       -87.8278 20m15s/Msamples
        8547000   -102566.1286        22.3      -102480.5890       -85.5396 20m15s/Msamples
        8548000   -102555.9822        22.3      -102473.4602       -82.5219 20m15s/Msamples
        8549000   -102563.3007        22.3      -102478.5404       -84.7603 20m15s/Msamples
        8550000   -102572.6610        22.3      -102484.4946       -88.1664 20m15s/Msamples
        8551000   -102572.0508        22.3      -102485.6410       -86.4097 20m15s/Msamples
        8552000   -102565.4196        22.3      -102479.5366       -85.8829 20m15s/Msamples
        8553000   -102560.9158        22.3      -102476.1680       -84.7478 20m15s/Msamples
        8554000   -102558.8861        22.3      -102471.5095       -87.3766 20m15s/Msamples
        8555000   -102561.4245        22.3      -102476.5533       -84.8712 20m15s/Msamples
        8556000   -102563.0159        22.3      -102482.7314       -80.2844 20m15s/Msamples
        8557000   -102555.2802        22.3      -102474.2680       -81.0121 20m15s/Msamples
        8558000   -102561.6979        22.3      -102478.9778       -82.7200 20m15s/Msamples
        8559000   -102565.0898        22.3      -102478.4208       -86.6689 20m15s/Msamples
        8560000   -102574.5774        22.3      -102486.4120       -88.1654 20m15s/Msamples
        8561000   -102565.2960        22.3      -102483.7212       -81.5748 20m15s/Msamples
        8562000   -102560.2593        22.3      -102480.6987       -79.5605 20m15s/Msamples
        8563000   -102564.1893        22.3      -102485.5423       -78.6470 20m15s/Msamples
        8564000   -102568.1245        22.3      -102483.8382       -84.2863 20m15s/Msamples
        8565000   -102566.5675        22.3      -102485.0070       -81.5604 20m15s/Msamples
        8566000   -102558.5797        22.3      -102482.3361       -76.2435 20m15s/Msamples
        8567000   -102574.3232        22.3      -102493.4673       -80.8559 20m15s/Msamples
        8568000   -102586.9303        22.3      -102498.9224       -88.0078 20m15s/Msamples
        8569000   -102577.0534        22.4      -102486.8170       -90.2364 20m15s/Msamples
        8570000   -102577.3649        22.4      -102491.7067       -85.6581 20m15s/Msamples
        8571000   -102575.1593        22.4      -102483.5578       -91.6015 20m15s/Msamples
        8572000   -102576.1584        22.4      -102484.2241       -91.9342 20m15s/Msamples
        8573000   -102565.1944        22.4      -102478.4659       -86.7285 20m15s/Msamples
        8574000   -102569.7823        22.4      -102483.2738       -86.5084 20m15s/Msamples
        8575000   -102559.3641        22.4      -102478.5657       -80.7983 20m15s/Msamples
        8576000   -102553.6559        22.4      -102476.0418       -77.6140 20m15s/Msamples
        8577000   -102560.3402        22.4      -102484.6173       -75.7228 20m15s/Msamples
        8578000   -102547.8793        22.4      -102476.6359       -71.2434 20m15s/Msamples
        8579000   -102569.6638        22.4      -102484.5623       -85.1015 20m15s/Msamples
        8580000   -102552.0863        22.4      -102475.5027       -76.5835 20m15s/Msamples
        8581000   -102569.9098        22.4      -102481.4895       -88.4202 20m15s/Msamples
        8582000   -102560.7095        22.4      -102481.6322       -79.0773 20m15s/Msamples
        8583000   -102554.0979        22.4      -102479.2189       -74.8789 20m15s/Msamples
        8584000   -102559.5882        22.4      -102483.3663       -76.2218 20m15s/Msamples
        8585000   -102563.3782        22.4      -102488.2384       -75.1398 20m15s/Msamples
        8586000   -102554.7125        22.4      -102478.8634       -75.8490 20m15s/Msamples
        8587000   -102552.9405        22.4      -102477.3358       -75.6046 20m15s/Msamples
        8588000   -102550.2416        22.4      -102477.7492       -72.4924 20m15s/Msamples
        8589000   -102558.3503        22.3      -102482.7573       -75.5929 20m15s/Msamples
        8590000   -102559.5851        22.3      -102481.0752       -78.5099 20m15s/Msamples
        8591000   -102561.2038        22.3      -102481.7278       -79.4759 20m15s/Msamples
        8592000   -102559.6335        22.3      -102480.8925       -78.7409 20m15s/Msamples
        8593000   -102559.4420        22.3      -102476.2766       -83.1653 20m15s/Msamples
        8594000   -102560.7831        22.3      -102481.7068       -79.0762 20m15s/Msamples
        8595000   -102552.5352        22.3      -102478.5749       -73.9602 20m15s/Msamples
        8596000   -102542.9080        22.3      -102473.0625       -69.8455 20m15s/Msamples
        8597000   -102550.6999        22.3      -102483.8435       -66.8563 20m15s/Msamples
        8598000   -102560.1407        22.3      -102485.6072       -74.5334 20m15s/Msamples
        8599000   -102560.4448        22.3      -102480.0350       -80.4098 20m15s/Msamples
        8600000   -102550.1441        22.3      -102478.5080       -71.6361 20m15s/Msamples
        8601000   -102553.5279        22.3      -102478.1824       -75.3455 20m15s/Msamples
        8602000   -102557.7670        22.3      -102478.0303       -79.7366 20m15s/Msamples
        8603000   -102563.5190        22.3      -102484.0146       -79.5043 20m15s/Msamples
        8604000   -102568.4099        22.3      -102480.7367       -87.6731 20m15s/Msamples
        8605000   -102573.1336        22.3      -102479.9827       -93.1509 20m15s/Msamples
        8606000   -102562.3811        22.3      -102479.1426       -83.2385 20m15s/Msamples
        8607000   -102552.4005        22.3      -102473.2026       -79.1979 20m15s/Msamples
        8608000   -102551.9088        22.3      -102472.6681       -79.2406 20m15s/Msamples
        8609000   -102557.8275        22.3      -102474.4790       -83.3484 20m15s/Msamples
        8610000   -102556.8762        22.3      -102473.3710       -83.5051 20m15s/Msamples
        8611000   -102569.3503        22.3      -102477.8616       -91.4887 20m15s/Msamples
        8612000   -102583.7850        22.3      -102488.0142       -95.7707 20m15s/Msamples
        8613000   -102574.9746        22.3      -102479.4988       -95.4758 20m15s/Msamples
        8614000   -102576.6351        22.3      -102482.7382       -93.8969 20m15s/Msamples
        8615000   -102569.3071        22.3      -102481.7810       -87.5261 20m15s/Msamples
        8616000   -102566.2265        22.3      -102480.0080       -86.2185 20m15s/Msamples
        8617000   -102565.7187        22.3      -102482.6628       -83.0558 20m15s/Msamples
        8618000   -102558.5221        22.3      -102474.6215       -83.9006 20m15s/Msamples
        8619000   -102573.7642        22.3      -102485.1174       -88.6467 20m15s/Msamples
        8620000   -102568.2168        22.3      -102480.8324       -87.3844 20m15s/Msamples
        8621000   -102583.2861        22.3      -102493.0404       -90.2457 20m15s/Msamples
        8622000   -102585.6705        22.4      -102494.0562       -91.6143 20m15s/Msamples
        8623000   -102569.5542        22.4      -102481.9893       -87.5648 20m15s/Msamples
        8624000   -102572.0414        22.4      -102482.5186       -89.5228 20m15s/Msamples
        8625000   -102571.4598        22.4      -102484.9410       -86.5187 20m15s/Msamples
        8626000   -102563.8438        22.4      -102479.5399       -84.3038 20m15s/Msamples
        8627000   -102566.1162        22.4      -102485.7742       -80.3420 20m15s/Msamples
        8628000   -102566.2719        22.4      -102479.3631       -86.9088 20m15s/Msamples
        8629000   -102560.8223        22.4      -102478.8159       -82.0063 20m15s/Msamples
        8630000   -102569.0012        22.4      -102483.6570       -85.3441 20m15s/Msamples
        8631000   -102558.4272        22.4      -102477.2395       -81.1876 20m15s/Msamples
        8632000   -102563.6572        22.4      -102480.8406       -82.8165 20m15s/Msamples
        8633000   -102569.6313        22.4      -102484.6692       -84.9621 20m15s/Msamples
        8634000   -102562.8599        22.4      -102476.3868       -86.4730 20m15s/Msamples
        8635000   -102556.9873        22.4      -102478.5422       -78.4451 20m15s/Msamples
        8636000   -102555.6750        22.4      -102481.3174       -74.3575 20m15s/Msamples
        8637000   -102554.7841        22.4      -102478.4728       -76.3112 20m15s/Msamples
        8638000   -102541.6379        22.4      -102472.5750       -69.0628 20m15s/Msamples
        8639000   -102554.5225        22.3      -102476.0001       -78.5224 20m15s/Msamples
        8640000   -102562.8008        22.3      -102481.4610       -81.3398 20m15s/Msamples
        8641000   -102564.2021        22.3      -102481.2591       -82.9429 20m15s/Msamples
        8642000   -102566.1572        22.3      -102484.4996       -81.6576 20m15s/Msamples
        8643000   -102567.2105        22.4      -102484.9852       -82.2252 20m15s/Msamples
        8644000   -102576.4776        22.4      -102489.6172       -86.8603 20m15s/Msamples
        8645000   -102562.0457        22.4      -102483.8000       -78.2456 20m15s/Msamples
        8646000   -102560.9941        22.4      -102479.1442       -81.8499 20m15s/Msamples
        8647000   -102575.8215        22.4      -102484.3376       -91.4839 20m15s/Msamples
        8648000   -102570.4254        22.4      -102487.0659       -83.3594 20m15s/Msamples
        8649000   -102579.1653        22.4      -102491.6365       -87.5288 20m15s/Msamples
        8650000   -102572.4401        22.4      -102487.6769       -84.7632 20m15s/Msamples
        8651000   -102580.7795        22.4      -102498.8662       -81.9132 20m15s/Msamples
        8652000   -102585.4022        22.4      -102493.8255       -91.5767 20m15s/Msamples
        8653000   -102568.3918        22.4      -102488.9843       -79.4075 20m15s/Msamples
        8654000   -102563.8531        22.4      -102478.5948       -85.2582 20m15s/Msamples
        8655000   -102565.6920        22.4      -102478.3618       -87.3302 20m15s/Msamples
        8656000   -102561.1661        22.4      -102476.6066       -84.5595 20m15s/Msamples
        8657000   -102565.6414        22.4      -102477.0547       -88.5866 20m15s/Msamples
        8658000   -102574.4364        22.4      -102483.5624       -90.8739 20m15s/Msamples
        8659000   -102577.0715        22.4      -102488.3292       -88.7423 20m15s/Msamples
        8660000   -102560.4525        22.4      -102478.6665       -81.7859 20m15s/Msamples
        8661000   -102575.9768        22.4      -102492.9822       -82.9945 20m15s/Msamples
        8662000   -102561.9466        22.4      -102478.4641       -83.4824 20m15s/Msamples
        8663000   -102572.9376        22.4      -102486.1949       -86.7426 20m15s/Msamples
        8664000   -102572.5698        22.4      -102487.6896       -84.8802 20m15s/Msamples
        8665000   -102570.8063        22.4      -102487.9998       -82.8064 20m15s/Msamples
        8666000   -102577.3929        22.4      -102490.7864       -86.6064 20m15s/Msamples
        8667000   -102576.2076        22.4      -102490.5671       -85.6404 20m15s/Msamples
        8668000   -102562.2761        22.4      -102480.4605       -81.8156 20m15s/Msamples
        8669000   -102566.4747        22.4      -102486.1845       -80.2902 20m15s/Msamples
        8670000   -102586.3288        22.4      -102497.8620       -88.4668 20m15s/Msamples
        8671000   -102578.7189        22.5      -102484.4554       -94.2635 20m15s/Msamples
        8672000   -102577.9159        22.5      -102483.0948       -94.8211 20m15s/Msamples
        8673000   -102577.4077        22.5      -102484.1009       -93.3067 20m15s/Msamples
        8674000   -102588.7608        22.5      -102494.2139       -94.5468 20m15s/Msamples
        8675000   -102586.5846        22.5      -102496.2391       -90.3455 20m15s/Msamples
        8676000   -102570.3651        22.5      -102484.0464       -86.3187 20m15s/Msamples
        8677000   -102559.0794        22.5      -102471.9142       -87.1652 20m15s/Msamples
        8678000   -102567.3454        22.5      -102474.6495       -92.6959 20m15s/Msamples
        8679000   -102579.8864        22.5      -102487.9746       -91.9117 20m15s/Msamples
        8680000   -102574.2084        22.5      -102482.6820       -91.5263 20m15s/Msamples
        8681000   -102570.9838        22.5      -102482.5303       -88.4535 20m15s/Msamples
        8682000   -102563.5343        22.5      -102477.9281       -85.6062 20m15s/Msamples
        8683000   -102569.3689        22.5      -102477.4166       -91.9523 20m15s/Msamples
        8684000   -102574.1628        22.5      -102474.6550       -99.5077 20m15s/Msamples
        8685000   -102574.4339        22.5      -102480.8808       -93.5530 20m15s/Msamples
        8686000   -102583.0101        22.5      -102487.1109       -95.8991 20m15s/Msamples
        8687000   -102569.1981        22.6      -102474.8165       -94.3815 20m15s/Msamples
        8688000   -102572.4233        22.6      -102476.1622       -96.2610 20m15s/Msamples
        8689000   -102578.2921        22.5      -102484.6920       -93.6000 20m15s/Msamples
        8690000   -102571.8760        22.5      -102479.0601       -92.8159 20m15s/Msamples
        8691000   -102572.8323        22.5      -102481.9703       -90.8620 20m15s/Msamples
        8692000   -102582.1097        22.6      -102481.9304      -100.1793 20m15s/Msamples
        8693000   -102581.4306        22.6      -102483.0074       -98.4231 20m15s/Msamples
        8694000   -102584.6067        22.6      -102493.2329       -91.3737 20m15s/Msamples
        8695000   -102576.5561        22.6      -102482.9898       -93.5663 20m15s/Msamples
        8696000   -102569.4717        22.6      -102479.9966       -89.4750 20m15s/Msamples
        8697000   -102568.5059        22.6      -102478.9084       -89.5975 20m15s/Msamples
        8698000   -102575.5978        22.6      -102483.5660       -92.0318 20m15s/Msamples
        8699000   -102572.1834        22.6      -102482.8381       -89.3452 20m15s/Msamples
        8700000   -102576.7478        22.6      -102489.1240       -87.6238 20m15s/Msamples
        8701000   -102570.8486        22.6      -102483.0065       -87.8420 20m15s/Msamples
        8702000   -102577.2840        22.6      -102484.3672       -92.9168 20m15s/Msamples
        8703000   -102577.1686        22.6      -102486.0607       -91.1079 20m15s/Msamples
        8704000   -102572.7484        22.6      -102480.6683       -92.0800 20m15s/Msamples
        8705000   -102583.3212        22.6      -102485.7686       -97.5526 20m15s/Msamples
        8706000   -102582.4840        22.6      -102487.0096       -95.4744 20m15s/Msamples
        8707000   -102584.0419        22.7      -102488.5587       -95.4831 20m15s/Msamples
        8708000   -102583.2581        22.7      -102488.4834       -94.7747 20m15s/Msamples
        8709000   -102592.5383        22.7      -102492.2065      -100.3317 20m15s/Msamples
        8710000   -102571.2120        22.7      -102477.2375       -93.9744 20m15s/Msamples
        8711000   -102583.1014        22.7      -102487.8906       -95.2108 20m15s/Msamples
        8712000   -102585.8686        22.7      -102488.3802       -97.4883 20m15s/Msamples
        8713000   -102574.8132        22.7      -102483.6894       -91.1238 20m15s/Msamples
        8714000   -102565.6617        22.7      -102477.3617       -88.2999 20m15s/Msamples
        8715000   -102568.0960        22.7      -102480.5258       -87.5702 20m15s/Msamples
        8716000   -102574.3786        22.7      -102487.3839       -86.9947 20m15s/Msamples
        8717000   -102572.7031        22.7      -102484.5047       -88.1983 20m15s/Msamples
        8718000   -102563.8008        22.7      -102476.5214       -87.2794 20m15s/Msamples
        8719000   -102562.1929        22.7      -102476.5752       -85.6177 20m15s/Msamples
        8720000   -102572.3387        22.7      -102485.7308       -86.6079 20m15s/Msamples
        8721000   -102581.5915        22.7      -102490.4304       -91.1610 20m15s/Msamples
        8722000   -102576.0132        22.7      -102485.0353       -90.9778 20m15s/Msamples
        8723000   -102560.9341        22.7      -102472.7524       -88.1817 20m15s/Msamples
        8724000   -102566.5533        22.7      -102474.8739       -91.6793 20m15s/Msamples
        8725000   -102561.7868        22.7      -102470.5916       -91.1951 20m15s/Msamples
        8726000   -102572.2004        22.8      -102482.7882       -89.4122 20m15s/Msamples
        8727000   -102570.9227        22.8      -102480.2585       -90.6641 20m15s/Msamples
        8728000   -102571.3756        22.8      -102474.7047       -96.6709 20m15s/Msamples
        8729000   -102567.9117        22.8      -102474.9865       -92.9252 20m15s/Msamples
        8730000   -102569.0141        22.8      -102482.6249       -86.3892 20m15s/Msamples
        8731000   -102576.8433        22.8      -102487.8616       -88.9816 20m15s/Msamples
        8732000   -102575.3297        22.8      -102480.2397       -95.0899 20m15s/Msamples
        8733000   -102569.0921        22.8      -102476.6329       -92.4591 20m15s/Msamples
        8734000   -102561.4879        22.8      -102473.8238       -87.6640 20m15s/Msamples
        8735000   -102564.0501        22.8      -102474.7037       -89.3464 20m15s/Msamples
        8736000   -102555.2395        22.8      -102470.7742       -84.4653 20m15s/Msamples
        8737000   -102553.0724        22.8      -102468.3363       -84.7361 20m15s/Msamples
        8738000   -102569.0116        22.8      -102483.2730       -85.7386 20m15s/Msamples
        8739000   -102569.3950        22.8      -102479.7312       -89.6638 20m15s/Msamples
        8740000   -102571.9634        22.8      -102483.5623       -88.4010 20m15s/Msamples
        8741000   -102578.0402        22.8      -102488.8311       -89.2090 20m15s/Msamples
        8742000   -102575.1952        22.8      -102486.9394       -88.2558 20m15s/Msamples
        8743000   -102582.6489        22.8      -102488.9203       -93.7285 20m15s/Msamples
        8744000   -102573.4479        22.8      -102482.3415       -91.1064 20m15s/Msamples
        8745000   -102568.1589        22.8      -102483.3450       -84.8139 20m15s/Msamples
        8746000   -102569.0702        22.8      -102482.5911       -86.4790 20m15s/Msamples
        8747000   -102566.1230        22.8      -102479.8263       -86.2966 20m15s/Msamples
        8748000   -102567.8825        22.8      -102480.9124       -86.9701 20m15s/Msamples
        8749000   -102579.4034        22.8      -102484.2212       -95.1821 20m15s/Msamples
        8750000   -102580.1694        22.8      -102488.5157       -91.6537 20m15s/Msamples
        8751000   -102567.7343        22.8      -102478.5407       -89.1935 20m15s/Msamples
        8752000   -102568.2258        22.8      -102479.2085       -89.0172 20m15s/Msamples
        8753000   -102561.7646        22.8      -102475.8426       -85.9220 20m15s/Msamples
        8754000   -102550.9475        22.8      -102469.6281       -81.3194 20m15s/Msamples
        8755000   -102559.4694        22.8      -102481.3628       -78.1066 20m15s/Msamples
        8756000   -102565.6276        22.8      -102474.4255       -91.2020 20m15s/Msamples
        8757000   -102575.1063        22.8      -102483.9984       -91.1079 20m15s/Msamples
        8758000   -102552.9571        22.8      -102475.2748       -77.6822 20m15s/Msamples
        8759000   -102547.7973        22.8      -102471.8540       -75.9433 20m15s/Msamples
        8760000   -102553.3222        22.8      -102472.3435       -80.9787 20m15s/Msamples
        8761000   -102565.2887        22.8      -102480.8663       -84.4224 20m15s/Msamples
        8762000   -102557.6006        22.8      -102478.6888       -78.9118 20m15s/Msamples
        8763000   -102552.7461        22.8      -102477.0045       -75.7416 20m15s/Msamples
        8764000   -102564.8651        22.8      -102488.6872       -76.1778 20m15s/Msamples
        8765000   -102554.1101        22.8      -102481.8345       -72.2755 20m15s/Msamples
        8766000   -102552.8073        22.8      -102478.6846       -74.1227 20m15s/Msamples
        8767000   -102560.6629        22.8      -102482.8577       -77.8052 20m15s/Msamples
        8768000   -102557.2952        22.8      -102478.4295       -78.8657 20m15s/Msamples
        8769000   -102555.6029        22.8      -102480.4607       -75.1421 20m15s/Msamples
        8770000   -102552.1925        22.8      -102479.5435       -72.6490 20m15s/Msamples
        8771000   -102561.5763        22.8      -102483.1534       -78.4228 20m15s/Msamples
        8772000   -102560.2928        22.8      -102481.1185       -79.1743 20m15s/Msamples
        8773000   -102584.7062        22.8      -102492.7958       -91.9104 20m15s/Msamples
        8774000   -102580.4281        22.8      -102487.6819       -92.7461 20m15s/Msamples
        8775000   -102578.4560        22.8      -102489.2787       -89.1773 20m15s/Msamples
        8776000   -102573.3106        22.8      -102477.7928       -95.5177 20m15s/Msamples
        8777000   -102568.8899        22.8      -102482.9058       -85.9841 20m15s/Msamples
        8778000   -102575.0794        22.8      -102487.0958       -87.9836 20m15s/Msamples
        8779000   -102561.7191        22.8      -102473.6724       -88.0467 20m15s/Msamples
        8780000   -102588.0831        22.8      -102487.7754      -100.3076 20m15s/Msamples
        8781000   -102584.8119        22.8      -102484.5305      -100.2814 20m15s/Msamples
        8782000   -102591.5768        22.9      -102490.7131      -100.8636 20m15s/Msamples
        8783000   -102599.1115        22.9      -102489.0826      -110.0288 20m15s/Msamples
        8784000   -102586.4093        22.9      -102488.6279       -97.7814 20m15s/Msamples
        8785000   -102574.7838        22.9      -102481.4314       -93.3523 20m15s/Msamples
        8786000   -102576.7727        22.9      -102479.6791       -97.0935 20m15s/Msamples
        8787000   -102577.5549        22.9      -102480.4802       -97.0746 20m15s/Msamples
        8788000   -102588.9839        22.9      -102488.1080      -100.8758 20m15s/Msamples
        8789000   -102570.3343        22.9      -102476.4207       -93.9135 20m15s/Msamples
        8790000   -102570.5724        22.9      -102480.0354       -90.5369 20m15s/Msamples
        8791000   -102577.6397        22.9      -102482.0479       -95.5917 20m15s/Msamples
        8792000   -102583.7693        22.9      -102482.8073      -100.9619 20m15s/Msamples
        8793000   -102582.8748        23.0      -102489.9356       -92.9392 20m15s/Msamples
        8794000   -102580.5617        23.0      -102483.6699       -96.8917 20m15s/Msamples
        8795000   -102581.9483        23.0      -102484.3603       -97.5879 20m15s/Msamples
        8796000   -102578.0895        23.0      -102488.7174       -89.3720 20m15s/Msamples
        8797000   -102573.8189        23.0      -102481.7800       -92.0388 20m15s/Msamples
        8798000   -102575.3581        23.0      -102482.3011       -93.0570 20m15s/Msamples
        8799000   -102571.9659        23.0      -102484.3791       -87.5867 20m15s/Msamples
        8800000   -102567.7473        23.0      -102479.5807       -88.1666 20m15s/Msamples
        8801000   -102569.5097        23.0      -102481.4744       -88.0352 20m15s/Msamples
        8802000   -102563.8293        23.0      -102476.6068       -87.2224 20m15s/Msamples
        8803000   -102575.4778        23.0      -102484.3091       -91.1686 20m15s/Msamples
        8804000   -102561.9049        23.0      -102477.5942       -84.3106 20m15s/Msamples
        8805000   -102563.3233        23.0      -102476.4740       -86.8493 20m15s/Msamples
        8806000   -102566.8464        23.0      -102476.2402       -90.6062 20m15s/Msamples
        8807000   -102578.1242        23.0      -102486.2523       -91.8718 20m15s/Msamples
        8808000   -102582.8844        23.0      -102490.6495       -92.2349 20m15s/Msamples
        8809000   -102582.6974        23.0      -102483.3210       -99.3763 20m15s/Msamples
        8810000   -102579.2070        23.0      -102482.1288       -97.0781 20m15s/Msamples
        8811000   -102583.9335        23.1      -102484.0624       -99.8710 20m15s/Msamples
        8812000   -102579.9178        23.1      -102482.6946       -97.2231 20m15s/Msamples
        8813000   -102590.9516        23.1      -102498.8735       -92.0780 20m15s/Msamples
        8814000   -102584.2969        23.1      -102487.0030       -97.2938 20m15s/Msamples
        8815000   -102581.3584        23.1      -102483.6511       -97.7072 20m15s/Msamples
        8816000   -102577.2973        23.1      -102485.7123       -91.5849 20m15s/Msamples
        8817000   -102574.0245        23.1      -102481.0235       -93.0010 20m15s/Msamples
        8818000   -102582.9697        23.1      -102487.1847       -95.7849 20m15s/Msamples
        8819000   -102582.3782        23.1      -102488.6592       -93.7189 20m15s/Msamples
        8820000   -102575.9940        23.2      -102479.6312       -96.3627 20m15s/Msamples
        8821000   -102572.0968        23.2      -102478.6000       -93.4968 20m15s/Msamples
        8822000   -102577.2690        23.2      -102487.8230       -89.4460 20m15s/Msamples
        8823000   -102585.4164        23.2      -102487.1353       -98.2811 20m15s/Msamples
        8824000   -102578.7530        23.2      -102483.9317       -94.8213 20m15s/Msamples
        8825000   -102573.5279        23.2      -102481.4861       -92.0417 20m15s/Msamples
        8826000   -102569.1507        23.2      -102475.6107       -93.5400 20m15s/Msamples
        8827000   -102571.3023        23.2      -102474.0532       -97.2491 20m15s/Msamples
        8828000   -102570.7816        23.2      -102476.6552       -94.1263 20m15s/Msamples
        8829000   -102576.6250        23.2      -102474.9738      -101.6511 20m15s/Msamples
        8830000   -102577.4167        23.2      -102477.9994       -99.4173 20m15s/Msamples
        8831000   -102578.6372        23.2      -102480.0102       -98.6269 20m15s/Msamples
        8832000   -102580.3910        23.2      -102479.1326      -101.2583 20m15s/Msamples
        8833000   -102584.4539        23.2      -102478.9949      -105.4589 20m15s/Msamples
        8834000   -102583.6806        23.3      -102479.0083      -104.6723 20m15s/Msamples
        8835000   -102584.2242        23.3      -102480.9315      -103.2926 20m15s/Msamples
        8836000   -102594.7240        23.3      -102491.0338      -103.6902 20m15s/Msamples
        8837000   -102595.6786        23.3      -102490.5514      -105.1272 20m15s/Msamples
        8838000   -102595.4489        23.3      -102489.0728      -106.3761 20m15s/Msamples
        8839000   -102580.8254        23.4      -102472.2208      -108.6045 20m15s/Msamples
        8840000   -102576.1808        23.4      -102472.6588      -103.5220 20m15s/Msamples
        8841000   -102579.3072        23.4      -102474.7030      -104.6041 20m15s/Msamples
        8842000   -102580.8024        23.4      -102478.5729      -102.2294 20m15s/Msamples
        8843000   -102568.6885        23.4      -102473.2939       -95.3945 20m15s/Msamples
        8844000   -102566.9984        23.4      -102469.6100       -97.3884 20m15s/Msamples
        8845000   -102574.0926        23.4      -102474.7769       -99.3156 20m15s/Msamples
        8846000   -102581.1350        23.4      -102477.4477      -103.6873 20m15s/Msamples
        8847000   -102586.1698        23.4      -102487.4622       -98.7075 20m15s/Msamples
        8848000   -102572.8983        23.4      -102476.8970       -96.0013 20m15s/Msamples
        8849000   -102564.8739        23.4      -102469.1130       -95.7609 20m15s/Msamples
        8850000   -102564.5012        23.4      -102470.6933       -93.8078 20m15s/Msamples
        8851000   -102580.8453        23.4      -102480.9315       -99.9138 20m15s/Msamples
        8852000   -102570.1196        23.4      -102473.5943       -96.5253 20m15s/Msamples
        8853000   -102572.5849        23.4      -102467.2511      -105.3338 20m15s/Msamples
        8854000   -102556.3778        23.4      -102463.4690       -92.9088 20m15s/Msamples
        8855000   -102559.0776        23.4      -102470.8035       -88.2740 20m15s/Msamples
        8856000   -102563.8283        23.4      -102470.8446       -92.9837 20m15s/Msamples
        8857000   -102571.7376        23.4      -102476.1081       -95.6295 20m15s/Msamples
        8858000   -102574.5047        23.4      -102483.2929       -91.2118 20m15s/Msamples
        8859000   -102580.3171        23.4      -102486.1426       -94.1745 20m15s/Msamples
        8860000   -102571.0760        23.4      -102474.8740       -96.2019 20m15s/Msamples
        8861000   -102574.2927        23.4      -102482.2742       -92.0185 20m15s/Msamples
        8862000   -102572.0958        23.4      -102482.7814       -89.3144 20m15s/Msamples
        8863000   -102575.1465        23.4      -102484.7442       -90.4022 20m15s/Msamples
        8864000   -102577.8836        23.5      -102487.5986       -90.2850 20m15s/Msamples
        8865000   -102581.9606        23.5      -102488.3797       -93.5808 20m15s/Msamples
        8866000   -102573.5893        23.5      -102482.7103       -90.8790 20m15s/Msamples
        8867000   -102576.8979        23.5      -102489.5886       -87.3092 20m15s/Msamples
        8868000   -102574.3811        23.5      -102491.9599       -82.4211 20m15s/Msamples
        8869000   -102567.5675        23.5      -102485.8971       -81.6703 20m15s/Msamples
        8870000   -102563.5185        23.5      -102483.0459       -80.4726 20m15s/Msamples
        8871000   -102577.0192        23.5      -102489.8972       -87.1219 20m15s/Msamples
        8872000   -102571.0399        23.5      -102485.3743       -85.6655 20m15s/Msamples
        8873000   -102571.2381        23.5      -102488.5403       -82.6977 20m15s/Msamples
        8874000   -102559.2933        23.5      -102481.2250       -78.0683 20m15s/Msamples
        8875000   -102569.8540        23.5      -102489.5251       -80.3289 20m15s/Msamples
        8876000   -102575.0330        23.5      -102491.7386       -83.2943 20m15s/Msamples
        8877000   -102577.9170        23.5      -102482.5040       -95.4129 20m15s/Msamples
        8878000   -102576.2030        23.5      -102491.2482       -84.9548 20m15s/Msamples
        8879000   -102585.3250        23.5      -102489.4585       -95.8665 20m15s/Msamples
        8880000   -102580.8160        23.5      -102490.9436       -89.8723 20m15s/Msamples
        8881000   -102570.1365        23.5      -102485.0425       -85.0940 20m15s/Msamples
        8882000   -102566.3126        23.5      -102485.6571       -80.6555 20m15s/Msamples
        8883000   -102561.4606        23.5      -102481.0858       -80.3748 20m15s/Msamples
        8884000   -102556.3359        23.5      -102477.7227       -78.6132 20m15s/Msamples
        8885000   -102568.2197        23.5      -102478.2578       -89.9618 20m15s/Msamples
        8886000   -102574.6400        23.6      -102487.4139       -87.2261 20m15s/Msamples
        8887000   -102573.4431        23.6      -102483.9842       -89.4588 20m15s/Msamples
        8888000   -102565.9452        23.6      -102479.4649       -86.4802 20m15s/Msamples
        8889000   -102572.2472        23.5      -102478.7679       -93.4793 20m15s/Msamples
        8890000   -102574.6347        23.6      -102482.7078       -91.9269 20m15s/Msamples
        8891000   -102564.3130        23.6      -102477.2808       -87.0321 20m15s/Msamples
        8892000   -102571.9521        23.6      -102477.6275       -94.3245 20m15s/Msamples
        8893000   -102562.3202        23.6      -102471.5433       -90.7769 20m15s/Msamples
        8894000   -102570.1557        23.6      -102478.0366       -92.1191 20m15s/Msamples
        8895000   -102576.7738        23.6      -102484.0518       -92.7220 20m15s/Msamples
        8896000   -102573.3532        23.6      -102482.8515       -90.5016 20m15s/Msamples
        8897000   -102571.4500        23.6      -102483.0086       -88.4413 20m15s/Msamples
        8898000   -102553.6943        23.6      -102474.2490       -79.4453 20m15s/Msamples
        8899000   -102559.8934        23.6      -102476.2869       -83.6065 20m15s/Msamples
        8900000   -102565.3328        23.6      -102480.0773       -85.2554 20m15s/Msamples
        8901000   -102563.1590        23.6      -102477.4759       -85.6831 20m15s/Msamples
        8902000   -102567.7797        23.6      -102479.0659       -88.7138 20m15s/Msamples
        8903000   -102568.0829        23.6      -102478.6899       -89.3929 20m15s/Msamples
        8904000   -102572.9546        23.6      -102482.8555       -90.0991 20m15s/Msamples
        8905000   -102574.2026        23.6      -102482.2786       -91.9239 20m15s/Msamples
        8906000   -102569.6633        23.6      -102477.1297       -92.5336 20m15s/Msamples
        8907000   -102570.3961        23.6      -102480.6293       -89.7668 20m15s/Msamples
        8908000   -102590.6379        23.6      -102490.5074      -100.1305 20m15s/Msamples
        8909000   -102590.5215        23.6      -102483.9102      -106.6113 20m15s/Msamples
        8910000   -102589.5951        23.6      -102485.0918      -104.5032 20m15s/Msamples
        8911000   -102586.5316        23.7      -102486.4652      -100.0663 20m15s/Msamples
        8912000   -102591.4333        23.7      -102489.3398      -102.0934 20m15s/Msamples
        8913000   -102576.6132        23.7      -102478.4016       -98.2115 20m15s/Msamples
        8914000   -102576.9955        23.7      -102479.7488       -97.2466 20m15s/Msamples
        8915000   -102569.3735        23.7      -102474.6470       -94.7265 20m15s/Msamples
        8916000   -102578.1498        23.7      -102472.4751      -105.6746 20m15s/Msamples
        8917000   -102583.6510        23.7      -102481.9964      -101.6545 20m15s/Msamples
        8918000   -102581.8818        23.7      -102484.2784       -97.6034 20m15s/Msamples
        8919000   -102600.4643        23.8      -102495.8160      -104.6483 20m15s/Msamples
        8920000   -102604.8265        23.8      -102499.4898      -105.3366 20m15s/Msamples
        8921000   -102589.5302        23.8      -102486.1763      -103.3539 20m15s/Msamples
        8922000   -102590.0709        23.8      -102483.9488      -106.1221 20m15s/Msamples
        8923000   -102592.0458        23.8      -102493.9446       -98.1012 20m15s/Msamples
        8924000   -102590.6418        23.9      -102491.4224       -99.2193 20m15s/Msamples
        8925000   -102580.0416        23.9      -102480.4414       -99.6002 20m15s/Msamples
        8926000   -102583.6415        23.9      -102481.8687      -101.7727 20m15s/Msamples
        8927000   -102591.9892        23.9      -102484.4912      -107.4980 20m15s/Msamples
        8928000   -102590.1962        23.9      -102482.9988      -107.1974 20m15s/Msamples
        8929000   -102580.8593        23.9      -102476.2846      -104.5746 20m15s/Msamples
        8930000   -102579.3183        23.9      -102480.3713       -98.9469 20m15s/Msamples
        8931000   -102583.5882        23.9      -102485.3493       -98.2388 20m15s/Msamples
        8932000   -102592.3037        24.0      -102492.8155       -99.4881 20m15s/Msamples
        8933000   -102588.2465        24.0      -102484.5743      -103.6722 20m15s/Msamples
        8934000   -102587.7038        24.0      -102488.2134       -99.4903 20m15s/Msamples
        8935000   -102582.3928        24.0      -102480.9511      -101.4416 20m15s/Msamples
        8936000   -102582.2477        24.0      -102482.4906       -99.7570 20m15s/Msamples
        8937000   -102580.0167        24.0      -102482.1336       -97.8831 20m15s/Msamples
        8938000   -102569.2877        24.0      -102477.1660       -92.1217 20m15s/Msamples
        8939000   -102567.2285        24.0      -102472.4372       -94.7913 20m15s/Msamples
        8940000   -102579.7935        24.0      -102483.7145       -96.0790 20m15s/Msamples
        8941000   -102570.3394        24.0      -102468.7412      -101.5982 20m15s/Msamples
        8942000   -102571.3722        24.0      -102473.0759       -98.2963 20m15s/Msamples
        8943000   -102569.1620        24.0      -102473.5170       -95.6449 20m15s/Msamples
        8944000   -102567.1556        24.0      -102472.5211       -94.6345 20m15s/Msamples
        8945000   -102570.6743        24.0      -102477.5411       -93.1332 20m15s/Msamples
        8946000   -102573.3542        24.1      -102482.4165       -90.9376 20m15s/Msamples
        8947000   -102567.7474        24.1      -102480.9901       -86.7573 20m15s/Msamples
        8948000   -102565.3376        24.1      -102477.0902       -88.2474 20m15s/Msamples
        8949000   -102563.1397        24.0      -102472.1245       -91.0152 20m15s/Msamples
        8950000   -102568.7849        24.0      -102476.1183       -92.6665 20m15s/Msamples
        8951000   -102571.2313        24.1      -102477.2287       -94.0026 20m15s/Msamples
        8952000   -102585.4728        24.1      -102485.2762      -100.1965 20m15s/Msamples
        8953000   -102579.2697        24.1      -102485.1322       -94.1375 20m15s/Msamples
        8954000   -102579.5027        24.1      -102486.0197       -93.4829 20m15s/Msamples
        8955000   -102578.6924        24.1      -102485.0988       -93.5936 20m15s/Msamples
        8956000   -102570.0203        24.1      -102479.6433       -90.3770 20m15s/Msamples
        8957000   -102589.5641        24.1      -102497.6780       -91.8860 20m15s/Msamples
        8958000   -102604.7199        24.2      -102505.6979       -99.0220 20m15s/Msamples
        8959000   -102598.8756        24.2      -102497.0467      -101.8289 20m15s/Msamples
        8960000   -102586.7217        24.2      -102490.7021       -96.0196 20m15s/Msamples
        8961000   -102595.0993        24.2      -102499.9930       -95.1063 20m15s/Msamples
        8962000   -102595.1027        24.2      -102504.3645       -90.7381 20m15s/Msamples
        8963000   -102591.4152        24.3      -102499.6885       -91.7267 20m15s/Msamples
        8964000   -102594.5532        24.3      -102502.5681       -91.9850 20m15s/Msamples
        8965000   -102599.4953        24.3      -102505.7629       -93.7323 20m15s/Msamples
        8966000   -102575.9326        24.3      -102489.6499       -86.2826 20m15s/Msamples
        8967000   -102588.6073        24.3      -102497.9314       -90.6758 20m15s/Msamples
        8968000   -102588.0083        24.4      -102495.2170       -92.7912 20m15s/Msamples
        8969000   -102576.1640        24.4      -102485.1466       -91.0174 20m15s/Msamples
        8970000   -102563.8568        24.4      -102479.2504       -84.6064 20m15s/Msamples
        8971000   -102559.2142        24.4      -102478.4765       -80.7377 20m15s/Msamples
        8972000   -102560.8553        24.4      -102476.9355       -83.9197 20m15s/Msamples
        8973000   -102570.6875        24.4      -102482.4161       -88.2713 20m15s/Msamples
        8974000   -102577.5308        24.4      -102486.0593       -91.4714 20m15s/Msamples
        8975000   -102576.6328        24.4      -102483.0471       -93.5857 20m15s/Msamples
        8976000   -102562.8851        24.4      -102478.8524       -84.0327 20m15s/Msamples
        8977000   -102561.2460        24.4      -102479.9840       -81.2619 20m15s/Msamples
        8978000   -102576.3332        24.4      -102489.1504       -87.1827 20m15s/Msamples
        8979000   -102567.3881        24.4      -102481.6861       -85.7019 20m15s/Msamples
        8980000   -102561.8919        24.4      -102473.9886       -87.9033 20m15s/Msamples
        8981000   -102564.9345        24.4      -102484.3422       -80.5922 20m15s/Msamples
        8982000   -102566.2469        24.4      -102481.9637       -84.2832 20m15s/Msamples
        8983000   -102570.2057        24.4      -102482.5326       -87.6730 20m15s/Msamples
        8984000   -102569.7163        24.4      -102481.2750       -88.4413 20m15s/Msamples
        8985000   -102573.7764        24.4      -102481.7251       -92.0513 20m15s/Msamples
        8986000   -102560.1284        24.4      -102476.8496       -83.2787 20m15s/Msamples
        8987000   -102559.2828        24.4      -102473.1490       -86.1337 20m15s/Msamples
        8988000   -102554.7936        24.4      -102475.5956       -79.1979 20m15s/Msamples
        8989000   -102551.7102        24.4      -102472.6641       -79.0460 20m15s/Msamples
        8990000   -102553.9180        24.4      -102472.0676       -81.8503 20m15s/Msamples
        8991000   -102559.4364        24.4      -102476.7969       -82.6394 20m15s/Msamples
        8992000   -102555.5349        24.4      -102471.7212       -83.8136 20m15s/Msamples
        8993000   -102559.6622        24.4      -102473.6069       -86.0553 20m15s/Msamples
        8994000   -102552.3312        24.4      -102468.6578       -83.6734 20m15s/Msamples
        8995000   -102572.4656        24.4      -102481.4376       -91.0279 20m15s/Msamples
        8996000   -102575.2959        24.4      -102487.6513       -87.6446 20m15s/Msamples
        8997000   -102568.1466        24.4      -102481.5295       -86.6171 20m15s/Msamples
        8998000   -102575.9440        24.4      -102482.0366       -93.9074 20m15s/Msamples
        8999000   -102563.4041        24.4      -102474.5221       -88.8820 20m15s/Msamples
        9000000   -102558.7626        24.4      -102475.2054       -83.5571 20m15s/Msamples
        9001000   -102557.3347        24.4      -102477.8876       -79.4470 20m15s/Msamples
        9002000   -102571.5173        24.4      -102482.3787       -89.1385 20m15s/Msamples
        9003000   -102575.1550        24.4      -102481.2763       -93.8787 20m15s/Msamples
        9004000   -102570.8209        24.4      -102485.1520       -85.6689 20m15s/Msamples
        9005000   -102564.9220        24.4      -102481.8880       -83.0339 20m15s/Msamples
        9006000   -102557.1391        24.4      -102479.2635       -77.8755 20m15s/Msamples
        9007000   -102573.5871        24.4      -102490.3894       -83.1977 20m15s/Msamples
        9008000   -102569.4109        24.4      -102486.6081       -82.8028 20m15s/Msamples
        9009000   -102573.5302        24.4      -102488.9692       -84.5609 20m15s/Msamples
        9010000   -102573.5064        24.4      -102492.8622       -80.6442 20m15s/Msamples
        9011000   -102574.3677        24.4      -102492.3824       -81.9852 20m15s/Msamples
        9012000   -102563.8896        24.4      -102488.4119       -75.4777 20m15s/Msamples
        9013000   -102565.7635        24.4      -102492.3722       -73.3913 20m15s/Msamples
        9014000   -102567.8389        24.4      -102491.4465       -76.3924 20m15s/Msamples
        9015000   -102573.5738        24.5      -102495.6971       -77.8767 20m15s/Msamples
        9016000   -102571.7434        24.5      -102498.2438       -73.4995 20m15s/Msamples
        9017000   -102552.5085        24.5      -102472.6898       -79.8187 20m15s/Msamples
        9018000   -102559.5353        24.5      -102484.1483       -75.3869 20m15s/Msamples
        9019000   -102549.3428        24.5      -102475.8139       -73.5289 20m15s/Msamples
        9020000   -102552.7724        24.5      -102476.9450       -75.8273 20m15s/Msamples
        9021000   -102566.2255        24.5      -102492.2021       -74.0233 20m15s/Msamples
        9022000   -102561.7869        24.5      -102486.9550       -74.8319 20m15s/Msamples
        9023000   -102552.5691        24.5      -102482.9358       -69.6333 20m15s/Msamples
        9024000   -102532.0956        24.5      -102466.4556       -65.6399 20m15s/Msamples
        9025000   -102542.2953        24.5      -102475.1457       -67.1495 20m15s/Msamples
        9026000   -102541.0827        24.5      -102471.9677       -69.1150 20m15s/Msamples
        9027000   -102547.6351        24.5      -102478.1923       -69.4427 20m15s/Msamples
        9028000   -102543.1998        24.5      -102473.0326       -70.1672 20m15s/Msamples
        9029000   -102546.2504        24.4      -102471.2366       -75.0138 20m15s/Msamples
        9030000   -102551.7818        24.4      -102474.2496       -77.5321 20m15s/Msamples
        9031000   -102557.9183        24.4      -102478.9957       -78.9225 20m15s/Msamples
        9032000   -102560.9599        24.4      -102481.8610       -79.0988 20m15s/Msamples
        9033000   -102561.8970        24.4      -102485.0181       -76.8788 20m15s/Msamples
        9034000   -102570.4694        24.4      -102493.8500       -76.6193 20m15s/Msamples
        9035000   -102562.4731        24.4      -102488.7052       -73.7678 20m15s/Msamples
        9036000   -102562.9479        24.4      -102487.3202       -75.6276 20m15s/Msamples
        9037000   -102558.3674        24.4      -102480.1606       -78.2067 20m15s/Msamples
        9038000   -102560.7056        24.4      -102484.8178       -75.8877 20m15s/Msamples
        9039000   -102569.0006        24.4      -102486.0472       -82.9534 20m15s/Msamples
        9040000   -102590.1462        24.5      -102498.8268       -91.3194 20m15s/Msamples
        9041000   -102575.7517        24.5      -102488.0042       -87.7475 20m15s/Msamples
        9042000   -102578.0545        24.5      -102491.4758       -86.5786 20m15s/Msamples
        9043000   -102572.2126        24.5      -102485.0653       -87.1472 20m15s/Msamples
        9044000   -102569.9413        24.5      -102488.2319       -81.7094 20m15s/Msamples
        9045000   -102569.6340        24.5      -102488.8004       -80.8336 20m15s/Msamples
        9046000   -102577.5901        24.5      -102494.3068       -83.2832 20m15s/Msamples
        9047000   -102567.8979        24.5      -102490.9109       -76.9870 20m15s/Msamples
        9048000   -102559.5369        24.5      -102487.1671       -72.3698 20m15s/Msamples
        9049000   -102552.5564        24.5      -102478.2923       -74.2640 20m15s/Msamples
        9050000   -102554.0200        24.5      -102481.8795       -72.1404 20m15s/Msamples
        9051000   -102542.4153        24.5      -102471.3883       -71.0269 20m15s/Msamples
        9052000   -102540.8872        24.5      -102473.4710       -67.4161 20m15s/Msamples
        9053000   -102541.2995        24.5      -102472.7693       -68.5301 20m15s/Msamples
        9054000   -102548.5539        24.5      -102479.5214       -69.0324 20m15s/Msamples
        9055000   -102540.5042        24.5      -102473.8682       -66.6360 20m15s/Msamples
        9056000   -102547.8572        24.5      -102480.8438       -67.0134 20m15s/Msamples
        9057000   -102567.5772        24.5      -102494.0624       -73.5147 20m15s/Msamples
        9058000   -102567.0279        24.5      -102486.0663       -80.9616 20m15s/Msamples
        9059000   -102564.6675        24.5      -102480.0523       -84.6152 20m15s/Msamples
        9060000   -102561.3372        24.5      -102478.2464       -83.0908 20m15s/Msamples
        9061000   -102570.7575        24.5      -102482.8086       -87.9489 20m15s/Msamples
        9062000   -102571.3239        24.5      -102485.0901       -86.2338 20m15s/Msamples
        9063000   -102568.5037        24.5      -102481.2658       -87.2379 20m15s/Msamples
        9064000   -102557.0990        24.5      -102477.0668       -80.0322 20m15s/Msamples
        9065000   -102558.5835        24.5      -102477.0121       -81.5714 20m15s/Msamples
        9066000   -102556.5922        24.5      -102476.6133       -79.9789 20m15s/Msamples
        9067000   -102560.9571        24.5      -102475.1557       -85.8014 20m15s/Msamples
        9068000   -102555.6116        24.5      -102468.8551       -86.7564 20m15s/Msamples
        9069000   -102560.2827        24.5      -102473.0922       -87.1905 20m15s/Msamples
        9070000   -102547.4611        24.5      -102470.8233       -76.6377 20m15s/Msamples
        9071000   -102552.4636        24.5      -102471.0260       -81.4375 20m15s/Msamples
        9072000   -102559.0224        24.5      -102473.2260       -85.7964 20m15s/Msamples
        9073000   -102558.3291        24.5      -102473.2919       -85.0372 20m15s/Msamples
        9074000   -102559.0542        24.5      -102473.1643       -85.8898 20m15s/Msamples
        9075000   -102559.5217        24.5      -102474.6082       -84.9135 20m15s/Msamples
        9076000   -102565.7534        24.5      -102475.6228       -90.1306 20m15s/Msamples
        9077000   -102574.2608        24.5      -102480.9256       -93.3351 20m15s/Msamples
        9078000   -102580.0839        24.5      -102484.7679       -95.3160 20m15s/Msamples
        9079000   -102578.2128        24.5      -102487.7177       -90.4950 20m15s/Msamples
        9080000   -102595.4863        24.5      -102501.4739       -94.0124 20m15s/Msamples
        9081000   -102572.6289        24.5      -102481.6924       -90.9364 20m15s/Msamples
        9082000   -102573.3870        24.5      -102482.9143       -90.4727 20m15s/Msamples
        9083000   -102569.2894        24.5      -102481.5333       -87.7560 20m15s/Msamples
        9084000   -102568.1115        24.5      -102480.2593       -87.8521 20m15s/Msamples
        9085000   -102567.1492        24.5      -102475.5534       -91.5958 20m15s/Msamples
        9086000   -102572.2056        24.6      -102482.5263       -89.6793 20m15s/Msamples
        9087000   -102574.0735        24.6      -102479.9425       -94.1309 20m15s/Msamples
        9088000   -102576.3023        24.6      -102484.3838       -91.9184 20m15s/Msamples
        9089000   -102569.9308        24.5      -102471.3138       -98.6169 20m15s/Msamples
        9090000   -102573.2765        24.6      -102480.6668       -92.6096 20m15s/Msamples
        9091000   -102579.5402        24.6      -102487.9092       -91.6310 20m15s/Msamples
        9092000   -102571.3293        24.6      -102480.7949       -90.5343 20m15s/Msamples
        9093000   -102570.8756        24.6      -102484.1831       -86.6925 20m15s/Msamples
        9094000   -102565.5983        24.6      -102478.2446       -87.3536 20m15s/Msamples
        9095000   -102570.5904        24.6      -102481.7153       -88.8751 20m15s/Msamples
        9096000   -102576.0628        24.6      -102484.2159       -91.8469 20m15s/Msamples
        9097000   -102590.0796        24.6      -102494.8349       -95.2447 20m15s/Msamples
        9098000   -102597.3438        24.6      -102499.5199       -97.8239 20m15s/Msamples
        9099000   -102581.8984        24.6      -102488.1999       -93.6984 20m15s/Msamples
        9100000   -102585.1690        24.6      -102491.7120       -93.4569 20m15s/Msamples
        9101000   -102589.5086        24.6      -102495.3118       -94.1967 20m15s/Msamples
        9102000   -102582.9582        24.6      -102490.1316       -92.8266 20m15s/Msamples
        9103000   -102573.6146        24.7      -102485.3013       -88.3132 20m15s/Msamples
        9104000   -102581.2998        24.7      -102481.1629      -100.1369 20m15s/Msamples
        9105000   -102589.6205        24.7      -102492.6062       -97.0143 20m15s/Msamples
        9106000   -102593.4088        24.7      -102487.1465      -106.2622 20m15s/Msamples
        9107000   -102578.2005        24.7      -102476.7185      -101.4819 20m15s/Msamples
        9108000   -102581.2674        24.7      -102482.9191       -98.3483 20m15s/Msamples
        9109000   -102578.0949        24.7      -102481.4629       -96.6319 20m15s/Msamples
        9110000   -102570.9727        24.7      -102472.8763       -98.0964 20m15s/Msamples
        9111000   -102575.6234        24.7      -102475.8939       -99.7295 20m15s/Msamples
        9112000   -102590.9761        24.7      -102485.4601      -105.5159 20m15s/Msamples
        9113000   -102574.3309        24.7      -102477.1771       -97.1537 20m15s/Msamples
        9114000   -102566.3837        24.7      -102468.3960       -97.9876 20m15s/Msamples
        9115000   -102574.0569        24.7      -102474.0629       -99.9940 20m15s/Msamples
        9116000   -102581.0220        24.8      -102480.7517      -100.2703 20m15s/Msamples
        9117000   -102584.6121        24.8      -102480.4749      -104.1371 20m15s/Msamples
        9118000   -102582.6406        24.8      -102478.2125      -104.4281 20m15s/Msamples
        9119000   -102584.3611        24.8      -102476.7006      -107.6605 20m15s/Msamples
        9120000   -102577.3773        24.8      -102471.3717      -106.0056 20m15s/Msamples
        9121000   -102592.2221        24.8      -102484.8436      -107.3784 20m15s/Msamples
        9122000   -102595.5516        24.8      -102486.3826      -109.1689 20m15s/Msamples
        9123000   -102590.3125        24.8      -102483.6175      -106.6949 20m15s/Msamples
        9124000   -102594.5301        24.8      -102482.6331      -111.8970 20m15s/Msamples
        9125000   -102586.5116        24.9      -102483.4757      -103.0358 20m15s/Msamples
        9126000   -102577.3924        24.9      -102473.9640      -103.4284 20m15s/Msamples
        9127000   -102575.1291        24.9      -102478.9377       -96.1914 20m15s/Msamples
        9128000   -102570.3171        24.9      -102470.9978       -99.3193 20m15s/Msamples
        9129000   -102582.8279        24.9      -102479.8281      -102.9998 20m15s/Msamples
        9130000   -102573.8010        24.9      -102476.0590       -97.7420 20m15s/Msamples
        9131000   -102572.1878        24.9      -102478.9124       -93.2754 20m15s/Msamples
        9132000   -102574.3957        24.9      -102475.4183       -98.9774 20m15s/Msamples
        9133000   -102575.0919        24.9      -102474.6631      -100.4288 20m15s/Msamples
        9134000   -102573.3101        24.9      -102474.0766       -99.2334 20m15s/Msamples
        9135000   -102570.1601        24.9      -102471.9241       -98.2360 20m15s/Msamples
        9136000   -102582.6302        24.9      -102485.4440       -97.1861 20m15s/Msamples
        9137000   -102574.0505        24.9      -102473.9329      -100.1176 20m15s/Msamples
        9138000   -102586.3270        24.9      -102482.5499      -103.7771 20m15s/Msamples
        9139000   -102581.4224        24.9      -102479.2749      -102.1475 20m15s/Msamples
        9140000   -102588.4615        24.9      -102482.1753      -106.2862 20m15s/Msamples
        9141000   -102582.2192        24.9      -102476.6398      -105.5794 20m15s/Msamples
        9142000   -102578.9840        24.9      -102480.4065       -98.5775 20m15s/Msamples
        9143000   -102582.3838        24.9      -102480.0509      -102.3328 20m15s/Msamples
        9144000   -102581.4116        25.0      -102483.4548       -97.9568 20m15s/Msamples
        9145000   -102585.2781        25.0      -102484.5235      -100.7545 20m15s/Msamples
        9146000   -102579.5056        25.0      -102478.0032      -101.5024 20m15s/Msamples
        9147000   -102571.3200        25.0      -102476.4233       -94.8966 20m15s/Msamples
        9148000   -102574.8653        25.0      -102479.8808       -94.9844 20m15s/Msamples
        9149000   -102584.5705        25.0      -102494.0437       -90.5268 20m15s/Msamples
        9150000   -102587.2699        25.0      -102490.3702       -96.8996 20m15s/Msamples
        9151000   -102588.7162        25.0      -102489.6217       -99.0944 20m15s/Msamples
        9152000   -102583.6328        25.0      -102487.3876       -96.2451 20m15s/Msamples
        9153000   -102586.4516        25.0      -102486.2264      -100.2252 20m15s/Msamples
        9154000   -102594.4690        25.0      -102488.4707      -105.9983 20m15s/Msamples
        9155000   -102601.4144        25.1      -102482.3116      -119.1027 20m15s/Msamples
        9156000   -102593.3505        25.1      -102479.5312      -113.8193 20m15s/Msamples
        9157000   -102590.3815        25.1      -102485.5184      -104.8631 20m15s/Msamples
        9158000   -102594.6137        25.1      -102486.5696      -108.0441 20m15s/Msamples
        9159000   -102588.3463        25.1      -102487.1342      -101.2120 20m15s/Msamples
        9160000   -102582.4934        25.1      -102476.9413      -105.5521 20m15s/Msamples
        9161000   -102569.2877        25.1      -102472.5476       -96.7401 20m15s/Msamples
        9162000   -102576.5937        25.1      -102482.9594       -93.6342 20m15s/Msamples
        9163000   -102567.1865        25.1      -102472.2083       -94.9781 20m15s/Msamples
        9164000   -102576.4602        25.1      -102478.8561       -97.6040 20m15s/Msamples
        9165000   -102575.3059        25.1      -102474.9447      -100.3611 20m15s/Msamples
        9166000   -102565.1091        25.1      -102470.6214       -94.4877 20m15s/Msamples
        9167000   -102571.7979        25.1      -102477.0844       -94.7135 20m15s/Msamples
        9168000   -102585.0990        25.2      -102480.4904      -104.6086 20m15s/Msamples
        9169000   -102590.5666        25.2      -102489.6450      -100.9215 20m15s/Msamples
        9170000   -102599.1826        25.2      -102491.1317      -108.0508 20m15s/Msamples
        9171000   -102607.9748        25.2      -102491.1685      -116.8063 20m15s/Msamples
        9172000   -102595.6902        25.2      -102482.1144      -113.5758 20m15s/Msamples
        9173000   -102598.3421        25.3      -102484.2886      -114.0534 20m15s/Msamples
        9174000   -102591.8010        25.3      -102483.5818      -108.2191 20m15s/Msamples
        9175000   -102575.2070        25.3      -102473.7762      -101.4308 20m15s/Msamples
        9176000   -102566.7420        25.3      -102467.1831       -99.5588 20m15s/Msamples
        9177000   -102577.7399        25.3      -102473.6774      -104.0624 20m15s/Msamples
        9178000   -102577.4981        25.3      -102471.4976      -106.0005 20m15s/Msamples
        9179000   -102566.0539        25.3      -102463.3852      -102.6686 20m15s/Msamples
        9180000   -102571.7663        25.3      -102465.8243      -105.9419 20m15s/Msamples
        9181000   -102576.5830        25.3      -102471.5619      -105.0210 20m15s/Msamples
        9182000   -102579.0494        25.3      -102473.1076      -105.9418 20m15s/Msamples
        9183000   -102580.2626        25.3      -102473.4909      -106.7717 20m15s/Msamples
        9184000   -102586.6072        25.3      -102478.3113      -108.2958 20m15s/Msamples
        9185000   -102592.0915        25.3      -102485.6051      -106.4863 20m15s/Msamples
        9186000   -102583.2057        25.3      -102476.1215      -107.0842 20m15s/Msamples
        9187000   -102596.8243        25.4      -102485.9915      -110.8328 20m15s/Msamples
        9188000   -102601.3594        25.4      -102492.1696      -109.1897 20m15s/Msamples
        9189000   -102600.3926        25.4      -102484.8554      -115.5371 20m15s/Msamples
        9190000   -102597.6665        25.4      -102475.0210      -122.6454 20m15s/Msamples
        9191000   -102588.3854        25.4      -102469.8518      -118.5335 20m15s/Msamples
        9192000   -102586.1842        25.4      -102472.4097      -113.7745 20m15s/Msamples
        9193000   -102586.1950        25.4      -102479.0985      -107.0965 20m15s/Msamples
        9194000   -102582.7497        25.4      -102467.8148      -114.9349 20m15s/Msamples
        9195000   -102582.1932        25.4      -102468.9898      -113.2033 20m15s/Msamples
        9196000   -102580.4149        25.5      -102469.5581      -110.8568 20m15s/Msamples
        9197000   -102579.5118        25.5      -102471.6751      -107.8367 20m15s/Msamples
        9198000   -102587.0489        25.5      -102482.4403      -104.6085 20m15s/Msamples
        9199000   -102586.7673        25.5      -102487.6137       -99.1535 20m15s/Msamples
        9200000   -102579.2812        25.5      -102478.9955      -100.2856 20m15s/Msamples
        9201000   -102588.1357        25.5      -102488.8795       -99.2562 20m15s/Msamples
        9202000   -102589.2050        25.5      -102484.9373      -104.2676 20m15s/Msamples
        9203000   -102597.3880        25.5      -102491.8252      -105.5627 20m15s/Msamples
        9204000   -102598.6496        25.5      -102485.1798      -113.4698 20m15s/Msamples
        9205000   -102599.1476        25.5      -102488.5678      -110.5797 20m15s/Msamples
        9206000   -102602.0488        25.6      -102496.0118      -106.0369 20m15s/Msamples
        9207000   -102598.9718        25.6      -102491.0151      -107.9567 20m15s/Msamples
        9208000   -102605.9278        25.6      -102491.9594      -113.9684 20m15s/Msamples
        9209000   -102602.7770        25.6      -102494.4122      -108.3648 20m15s/Msamples
        9210000   -102593.7034        25.6      -102486.5396      -107.1637 20m15s/Msamples
        9211000   -102592.2859        25.6      -102482.2948      -109.9910 20m15s/Msamples
        9212000   -102585.1848        25.6      -102479.4104      -105.7744 20m15s/Msamples
        9213000   -102588.4595        25.7      -102482.8510      -105.6084 20m15s/Msamples
        9214000   -102585.6985        25.7      -102476.0760      -109.6224 20m15s/Msamples
        9215000   -102573.3294        25.7      -102469.8270      -103.5023 20m15s/Msamples
        9216000   -102584.5809        25.7      -102479.5449      -105.0359 20m15s/Msamples
        9217000   -102589.3072        25.7      -102481.6305      -107.6767 20m15s/Msamples
        9218000   -102590.8190        25.7      -102486.0676      -104.7514 20m15s/Msamples
        9219000   -102593.2798        25.7      -102486.5999      -106.6798 20m15s/Msamples
        9220000   -102595.5668        25.7      -102491.4158      -104.1510 20m15s/Msamples
        9221000   -102588.3949        25.7      -102486.8567      -101.5382 20m15s/Msamples
        9222000   -102593.6645        25.7      -102484.5297      -109.1347 20m15s/Msamples
        9223000   -102580.1517        25.7      -102478.3607      -101.7910 20m15s/Msamples
        9224000   -102576.9322        25.7      -102478.7311       -98.2011 20m15s/Msamples
        9225000   -102588.7035        25.7      -102487.1973      -101.5062 20m15s/Msamples
        9226000   -102573.5657        25.8      -102475.7423       -97.8234 20m15s/Msamples
        9227000   -102569.2617        25.8      -102469.7807       -99.4810 20m15s/Msamples
        9228000   -102568.6060        25.8      -102471.7756       -96.8303 20m15s/Msamples
        9229000   -102574.7325        25.7      -102478.0684       -96.6640 20m15s/Msamples
        9230000   -102575.0888        25.8      -102481.1661       -93.9227 20m15s/Msamples
        9231000   -102583.5864        25.8      -102488.9068       -94.6796 20m15s/Msamples
        9232000   -102563.3549        25.8      -102472.3032       -91.0517 20m15s/Msamples
        9233000   -102565.6171        25.8      -102473.6120       -92.0051 20m15s/Msamples
        9234000   -102562.4310        25.8      -102472.9579       -89.4731 20m15s/Msamples
        9235000   -102564.5407        25.8      -102473.6360       -90.9047 20m15s/Msamples
        9236000   -102569.4731        25.8      -102478.8557       -90.6174 20m15s/Msamples
        9237000   -102567.1840        25.8      -102476.9546       -90.2294 20m15s/Msamples
        9238000   -102558.4318        25.8      -102467.4144       -91.0174 20m15s/Msamples
        9239000   -102562.3790        25.8      -102474.1809       -88.1980 20m15s/Msamples
        9240000   -102570.2496        25.8      -102476.5846       -93.6650 20m15s/Msamples
        9241000   -102559.8298        25.8      -102467.8574       -91.9723 20m15s/Msamples
        9242000   -102575.7359        25.8      -102480.0946       -95.6413 20m15s/Msamples
        9243000   -102575.7299        25.8      -102474.6440      -101.0858 20m15s/Msamples
        9244000   -102572.7633        25.8      -102468.5241      -104.2392 20m15s/Msamples
        9245000   -102566.1728        25.8      -102462.1172      -104.0555 20m15s/Msamples
        9246000   -102576.7151        25.8      -102475.7053      -101.0097 20m15s/Msamples
        9247000   -102584.3652        25.8      -102474.5839      -109.7812 20m15s/Msamples
        9248000   -102572.3126        25.8      -102465.5773      -106.7352 20m15s/Msamples
        9249000   -102584.7936        25.8      -102472.3962      -112.3973 20m15s/Msamples
        9250000   -102587.2329        25.8      -102478.6560      -108.5768 20m15s/Msamples
        9251000   -102576.8155        25.8      -102472.1192      -104.6962 20m15s/Msamples
        9252000   -102577.8090        25.8      -102479.5576       -98.2513 20m15s/Msamples
        9253000   -102570.0528        25.8      -102471.6230       -98.4297 20m15s/Msamples
        9254000   -102578.7342        25.8      -102477.8993      -100.8349 20m15s/Msamples
        9255000   -102564.4037        25.8      -102467.2318       -97.1718 20m15s/Msamples
        9256000   -102569.1466        25.8      -102468.3458      -100.8008 20m15s/Msamples
        9257000   -102554.7926        25.9      -102459.8832       -94.9093 20m15s/Msamples
        9258000   -102559.1073        25.9      -102468.8004       -90.3069 20m15s/Msamples
        9259000   -102566.4701        25.9      -102468.3457       -98.1244 20m15s/Msamples
        9260000   -102571.6490        25.9      -102474.8570       -96.7920 20m15s/Msamples
        9261000   -102569.2657        25.9      -102472.1299       -97.1357 20m15s/Msamples
        9262000   -102571.1717        25.9      -102473.0841       -98.0876 20m15s/Msamples
        9263000   -102587.1257        25.9      -102485.9595      -101.1661 20m15s/Msamples
        9264000   -102580.1277        25.9      -102479.1213      -101.0063 20m15s/Msamples
        9265000   -102590.6786        25.9      -102486.3691      -104.3094 20m15s/Msamples
        9266000   -102592.9761        25.9      -102488.3472      -104.6289 20m15s/Msamples
        9267000   -102580.0138        25.9      -102481.0393       -98.9745 20m15s/Msamples
        9268000   -102594.3923        25.9      -102487.0571      -107.3351 20m15s/Msamples
        9269000   -102586.1376        25.9      -102483.4181      -102.7195 20m15s/Msamples
        9270000   -102587.4616        25.9      -102482.2756      -105.1860 20m15s/Msamples
        9271000   -102584.8936        25.9      -102479.6008      -105.2927 20m15s/Msamples
        9272000   -102575.2591        25.9      -102474.5022      -100.7568 20m15s/Msamples
        9273000   -102583.0215        25.9      -102472.8221      -110.1993 20m15s/Msamples
        9274000   -102593.5579        25.9      -102479.7101      -113.8478 20m15s/Msamples
        9275000   -102590.7326        26.0      -102481.1605      -109.5721 20m15s/Msamples
        9276000   -102577.8662        26.0      -102476.8346      -101.0315 20m15s/Msamples
        9277000   -102581.3678        26.0      -102475.9634      -105.4044 20m15s/Msamples
        9278000   -102587.4085        26.0      -102480.7021      -106.7064 20m15s/Msamples
        9279000   -102589.7012        26.0      -102483.0683      -106.6328 20m15s/Msamples
        9280000   -102593.8143        26.0      -102484.3380      -109.4763 20m15s/Msamples
        9281000   -102577.0458        26.0      -102471.7931      -105.2527 20m15s/Msamples
        9282000   -102588.6211        26.0      -102480.8918      -107.7293 20m15s/Msamples
        9283000   -102588.6808        26.0      -102482.7308      -105.9500 20m15s/Msamples
        9284000   -102586.0143        26.0      -102487.7377       -98.2766 20m15s/Msamples
        9285000   -102588.4908        26.0      -102491.8735       -96.6172 20m15s/Msamples
        9286000   -102584.5863        26.0      -102490.3050       -94.2813 20m15s/Msamples
        9287000   -102582.1175        26.0      -102487.8188       -94.2986 20m15s/Msamples
        9288000   -102570.6444        26.0      -102477.7330       -92.9114 20m15s/Msamples
        9289000   -102572.0927        26.0      -102480.8186       -91.2740 20m15s/Msamples
        9290000   -102578.9425        26.0      -102487.6233       -91.3192 20m15s/Msamples
        9291000   -102577.7009        26.0      -102486.5012       -91.1997 20m15s/Msamples
        9292000   -102580.3411        26.0      -102486.7074       -93.6337 20m15s/Msamples
        9293000   -102581.2886        26.0      -102487.5250       -93.7635 20m15s/Msamples
        9294000   -102577.2519        26.0      -102484.0759       -93.1759 20m15s/Msamples
        9295000   -102580.7651        26.0      -102484.7581       -96.0069 20m15s/Msamples
        9296000   -102566.3040        26.0      -102472.9491       -93.3548 20m15s/Msamples
        9297000   -102569.5600        26.0      -102469.2099      -100.3501 20m15s/Msamples
        9298000   -102569.0747        26.0      -102471.7132       -97.3615 20m15s/Msamples
        9299000   -102571.6495        26.0      -102475.5193       -96.1301 20m15s/Msamples
        9300000   -102568.4803        26.0      -102473.0946       -95.3856 20m15s/Msamples
        9301000   -102562.9802        26.0      -102471.2672       -91.7129 20m15s/Msamples
        9302000   -102562.2500        26.0      -102470.1145       -92.1354 20m15s/Msamples
        9303000   -102560.9585        26.0      -102467.3795       -93.5789 20m15s/Msamples
        9304000   -102560.7340        26.1      -102468.2221       -92.5118 20m15s/Msamples
        9305000   -102559.1855        26.1      -102463.0066       -96.1788 20m15s/Msamples
        9306000   -102566.3463        26.1      -102468.9785       -97.3678 20m15s/Msamples
        9307000   -102567.5938        26.1      -102476.4869       -91.1069 20m15s/Msamples
        9308000   -102563.8209        26.1      -102469.6704       -94.1505 20m15s/Msamples
        9309000   -102571.8878        26.1      -102474.1568       -97.7309 20m15s/Msamples
        9310000   -102558.8816        26.1      -102472.7682       -86.1133 20m15s/Msamples
        9311000   -102557.7024        26.1      -102471.5608       -86.1416 20m15s/Msamples
        9312000   -102559.7627        26.1      -102471.9887       -87.7739 20m15s/Msamples
        9313000   -102567.2549        26.1      -102475.2511       -92.0037 20m15s/Msamples
        9314000   -102580.8795        26.1      -102486.7745       -94.1050 20m15s/Msamples
        9315000   -102571.7933        26.1      -102477.7078       -94.0854 20m15s/Msamples
        9316000   -102585.6406        26.1      -102484.3795      -101.2611 20m15s/Msamples
        9317000   -102573.8441        26.1      -102483.2182       -90.6259 20m15s/Msamples
        9318000   -102571.1422        26.1      -102482.4263       -88.7159 20m15s/Msamples
        9319000   -102568.4406        26.1      -102475.3851       -93.0554 20m15s/Msamples
        9320000   -102562.4262        26.1      -102472.0928       -90.3333 20m15s/Msamples
        9321000   -102567.5462        26.1      -102476.6412       -90.9049 20m15s/Msamples
        9322000   -102572.9743        26.1      -102480.6821       -92.2921 20m15s/Msamples
        9323000   -102570.0169        26.1      -102481.3243       -88.6926 20m15s/Msamples
        9324000   -102568.6242        26.1      -102481.7335       -86.8906 20m15s/Msamples
        9325000   -102570.7718        26.1      -102482.1907       -88.5811 20m15s/Msamples
        9326000   -102578.5754        26.1      -102489.2464       -89.3289 20m15s/Msamples
        9327000   -102567.3713        26.1      -102479.4883       -87.8830 20m15s/Msamples
        9328000   -102576.7483        26.1      -102487.0069       -89.7414 20m15s/Msamples
        9329000   -102572.2701        26.1      -102483.2228       -89.0472 20m15s/Msamples
        9330000   -102572.8882        26.1      -102483.6701       -89.2181 20m15s/Msamples
        9331000   -102570.3169        26.1      -102487.8094       -82.5075 20m15s/Msamples
        9332000   -102561.5534        26.1      -102479.6999       -81.8535 20m15s/Msamples
        9333000   -102563.0960        26.1      -102479.3025       -83.7935 20m15s/Msamples
        9334000   -102580.2962        26.1      -102484.3671       -95.9290 20m15s/Msamples
        9335000   -102585.5780        26.2      -102482.8307      -102.7473 20m15s/Msamples
        9336000   -102589.1680        26.2      -102485.5804      -103.5875 20m15s/Msamples
        9337000   -102571.2943        26.2      -102484.2139       -87.0804 20m15s/Msamples
        9338000   -102588.7108        26.2      -102491.8387       -96.8721 20m15s/Msamples
        9339000   -102587.5788        26.2      -102488.7240       -98.8548 20m15s/Msamples
        9340000   -102586.9943        26.2      -102490.1705       -96.8237 20m15s/Msamples
        9341000   -102599.1363        26.2      -102498.1429      -100.9933 20m15s/Msamples
        9342000   -102593.0207        26.2      -102492.3084      -100.7122 20m15s/Msamples
        9343000   -102588.7083        26.2      -102488.1835      -100.5247 20m15s/Msamples
        9344000   -102581.3951        26.2      -102487.3155       -94.0796 20m15s/Msamples
        9345000   -102585.7359        26.2      -102492.4427       -93.2932 20m15s/Msamples
        9346000   -102569.1699        26.2      -102486.4466       -82.7233 20m15s/Msamples
        9347000   -102573.7537        26.2      -102481.5554       -92.1983 20m15s/Msamples
        9348000   -102570.8192        26.2      -102480.4482       -90.3709 20m15s/Msamples
        9349000   -102587.7837        26.2      -102492.9708       -94.8129 20m15s/Msamples
        9350000   -102585.9175        26.2      -102491.3752       -94.5423 20m15s/Msamples
        9351000   -102586.2386        26.2      -102486.4246       -99.8140 20m15s/Msamples
        9352000   -102581.5475        26.2      -102487.4053       -94.1422 20m15s/Msamples
        9353000   -102589.6704        26.2      -102497.3738       -92.2966 20m15s/Msamples
        9354000   -102597.6590        26.2      -102497.2092      -100.4498 20m15s/Msamples
        9355000   -102593.9122        26.2      -102492.1676      -101.7446 20m15s/Msamples
        9356000   -102605.8925        26.2      -102497.2312      -108.6613 20m15s/Msamples
        9357000   -102598.9652        26.2      -102496.8145      -102.1507 20m15s/Msamples
        9358000   -102597.5361        26.2      -102494.4658      -103.0702 20m15s/Msamples
        9359000   -102586.0665        26.2      -102483.3436      -102.7228 20m15s/Msamples
        9360000   -102594.5574        26.2      -102492.8836      -101.6737 20m15s/Msamples
        9361000   -102590.8157        26.2      -102492.0143       -98.8013 20m15s/Msamples
        9362000   -102583.7917        26.2      -102486.6541       -97.1376 20m15s/Msamples
        9363000   -102588.3759        26.2      -102481.9908      -106.3850 20m15s/Msamples
        9364000   -102597.3627        26.2      -102497.4718       -99.8908 20m15s/Msamples
        9365000   -102583.2517        26.2      -102482.4520      -100.7996 20m15s/Msamples
        9366000   -102591.1070        26.2      -102485.1674      -105.9396 20m15s/Msamples
        9367000   -102588.0716        26.2      -102482.6892      -105.3823 20m15s/Msamples
        9368000   -102589.5880        26.2      -102487.7545      -101.8335 20m15s/Msamples
        9369000   -102580.5085        26.2      -102483.6907       -96.8178 20m15s/Msamples
        9370000   -102582.0617        26.2      -102481.2681      -100.7936 20m15s/Msamples
        9371000   -102573.4603        26.2      -102481.0478       -92.4124 20m15s/Msamples
        9372000   -102580.5325        26.2      -102481.2790       -99.2535 20m15s/Msamples
        9373000   -102562.5041        26.2      -102471.0100       -91.4941 20m15s/Msamples
        9374000   -102567.3999        26.2      -102469.1870       -98.2128 20m15s/Msamples
        9375000   -102595.5721        26.3      -102490.7897      -104.7824 20m15s/Msamples
        9376000   -102584.1786        26.3      -102479.7314      -104.4472 20m15s/Msamples
        9377000   -102592.5179        26.3      -102486.6288      -105.8891 20m15s/Msamples
        9378000   -102584.5809        26.3      -102482.5686      -102.0122 20m15s/Msamples
        9379000   -102581.7701        26.2      -102483.1920       -98.5781 20m15s/Msamples
        9380000   -102582.5022        26.2      -102482.0489      -100.4532 20m15s/Msamples
        9381000   -102573.7103        26.3      -102476.8069       -96.9033 20m15s/Msamples
        9382000   -102569.0418        26.3      -102473.9141       -95.1277 20m15s/Msamples
        9383000   -102582.0276        26.3      -102485.2302       -96.7973 20m15s/Msamples
        9384000   -102583.3695        26.3      -102486.7364       -96.6331 20m15s/Msamples
        9385000   -102579.2533        26.3      -102480.3522       -98.9011 20m15s/Msamples
        9386000   -102591.3596        26.3      -102486.1376      -105.2220 20m15s/Msamples
        9387000   -102594.0909        26.3      -102484.0471      -110.0437 20m15s/Msamples
        9388000   -102583.4342        26.3      -102483.9518       -99.4823 20m15s/Msamples
        9389000   -102581.1014        26.3      -102477.4424      -103.6590 20m15s/Msamples
        9390000   -102591.3964        26.3      -102483.7842      -107.6121 20m15s/Msamples
        9391000   -102587.4680        26.3      -102480.7161      -106.7518 20m15s/Msamples
        9392000   -102591.6144        26.3      -102476.4998      -115.1146 20m15s/Msamples
        9393000   -102586.8949        26.3      -102474.4345      -112.4604 20m15s/Msamples
        9394000   -102592.4950        26.3      -102480.6789      -111.8160 20m15s/Msamples
        9395000   -102591.5434        26.3      -102483.0688      -108.4745 20m15s/Msamples
        9396000   -102586.6151        26.3      -102475.3293      -111.2858 20m15s/Msamples
        9397000   -102586.7676        26.3      -102473.7693      -112.9982 20m15s/Msamples
        9398000   -102583.6067        26.3      -102475.9536      -107.6531 20m15s/Msamples
        9399000   -102585.6669        26.3      -102472.7600      -112.9068 20m15s/Msamples
        9400000   -102588.4006        26.3      -102477.4297      -110.9708 20m15s/Msamples
        9401000   -102600.4461        26.3      -102484.7500      -115.6960 20m15s/Msamples
        9402000   -102596.9297        26.3      -102485.3807      -111.5489 20m15s/Msamples
        9403000   -102585.6086        26.3      -102474.2796      -111.3289 20m15s/Msamples
        9404000   -102583.4131        26.3      -102473.9473      -109.4657 20m15s/Msamples
        9405000   -102583.5763        26.3      -102477.3494      -106.2269 20m15s/Msamples
        9406000   -102572.2166        26.3      -102467.4766      -104.7400 20m15s/Msamples
        9407000   -102575.1838        26.3      -102466.2390      -108.9447 20m15s/Msamples
        9408000   -102591.7566        26.3      -102480.6396      -111.1169 20m15s/Msamples
        9409000   -102582.8346        26.3      -102472.7342      -110.1004 20m15s/Msamples
        9410000   -102584.0294        26.3      -102477.7148      -106.3146 20m15s/Msamples
        9411000   -102571.0843        26.3      -102466.8472      -104.2371 20m15s/Msamples
        9412000   -102577.5190        26.3      -102476.8565      -100.6624 20m15s/Msamples
        9413000   -102588.0958        26.3      -102481.1257      -106.9700 20m15s/Msamples
        9414000   -102594.4876        26.3      -102478.9814      -115.5062 20m15s/Msamples
        9415000   -102597.5771        26.3      -102484.1271      -113.4500 20m15s/Msamples
        9416000   -102602.5240        26.3      -102490.1063      -112.4176 20m15s/Msamples
        9417000   -102592.1287        26.3      -102481.5749      -110.5537 20m15s/Msamples
        9418000   -102599.2558        26.3      -102486.0345      -113.2213 20m15s/Msamples
        9419000   -102585.4061        26.3      -102474.4603      -110.9458 20m15s/Msamples
        9420000   -102598.0431        26.3      -102484.1975      -113.8456 20m15s/Msamples
        9421000   -102597.1508        26.3      -102477.9062      -119.2446 20m15s/Msamples
        9422000   -102594.7887        26.3      -102478.5919      -116.1967 20m15s/Msamples
        9423000   -102603.6566        26.3      -102486.0344      -117.6221 20m15s/Msamples
        9424000   -102610.7128        26.3      -102492.8573      -117.8555 20m15s/Msamples
        9425000   -102600.7293        26.3      -102484.4103      -116.3189 20m15s/Msamples
        9426000   -102598.5032        26.3      -102481.7004      -116.8027 20m15s/Msamples
        9427000   -102600.6579        26.3      -102483.4394      -117.2185 20m15s/Msamples
        9428000   -102592.6573        26.3      -102477.4223      -115.2350 20m15s/Msamples
        9429000   -102588.2047        26.3      -102470.4577      -117.7469 20m15s/Msamples
        9430000   -102589.1413        26.3      -102468.8792      -120.2620 20m15s/Msamples
        9431000   -102583.9740        26.3      -102469.0754      -114.8985 20m15s/Msamples
        9432000   -102587.3680        26.3      -102475.3407      -112.0273 20m15s/Msamples
        9433000   -102584.7532        26.3      -102473.7215      -111.0317 20m15s/Msamples
        9434000   -102584.6173        26.3      -102474.2116      -110.4056 20m15s/Msamples
        9435000   -102585.1608        26.3      -102475.1073      -110.0534 20m15s/Msamples
        9436000   -102595.8798        26.3      -102481.5197      -114.3600 20m16s/Msamples
        9437000   -102581.6158        26.3      -102469.5694      -112.0463 20m16s/Msamples
        9438000   -102588.5822        26.3      -102474.6393      -113.9428 20m16s/Msamples
        9439000   -102599.6597        26.3      -102476.9877      -122.6720 20m16s/Msamples
        9440000   -102593.7354        26.3      -102475.9762      -117.7592 20m16s/Msamples
        9441000   -102593.1053        26.3      -102476.9573      -116.1479 20m16s/Msamples
        9442000   -102586.6329        26.3      -102473.9809      -112.6520 20m16s/Msamples
        9443000   -102584.7897        26.3      -102473.0580      -111.7317 20m16s/Msamples
        9444000   -102584.1174        26.3      -102476.0292      -108.0881 20m16s/Msamples
        9445000   -102585.0625        26.3      -102476.7252      -108.3372 20m16s/Msamples
        9446000   -102582.4517        26.3      -102472.0101      -110.4416 20m16s/Msamples
        9447000   -102591.7252        26.3      -102482.6960      -109.0292 20m16s/Msamples
        9448000   -102598.4362        26.3      -102488.0536      -110.3826 20m16s/Msamples
        9449000   -102591.0197        26.3      -102482.9009      -108.1187 20m16s/Msamples
        9450000   -102592.2484        26.3      -102481.6180      -110.6303 20m16s/Msamples
        9451000   -102585.6600        26.3      -102474.2399      -111.4201 20m16s/Msamples
        9452000   -102579.4509        26.3      -102473.0285      -106.4224 20m16s/Msamples
        9453000   -102597.7736        26.3      -102480.0657      -117.7078 20m16s/Msamples
        9454000   -102596.7954        26.3      -102482.5722      -114.2231 20m16s/Msamples
        9455000   -102588.9899        26.3      -102480.5758      -108.4140 20m16s/Msamples
        9456000   -102600.8080        26.3      -102485.7130      -115.0949 20m16s/Msamples
        9457000   -102618.2274        26.3      -102503.3730      -114.8543 20m16s/Msamples
        9458000   -102607.8210        26.3      -102494.8434      -112.9775 20m16s/Msamples
        9459000   -102605.2850        26.3      -102491.9738      -113.3111 20m16s/Msamples
        9460000   -102594.4886        26.3      -102488.7580      -105.7306 20m16s/Msamples
        9461000   -102597.6634        26.3      -102489.8945      -107.7689 20m16s/Msamples
        9462000   -102608.5083        26.3      -102494.4137      -114.0945 20m16s/Msamples
        9463000   -102589.7526        26.3      -102481.5394      -108.2132 20m16s/Msamples
        9464000   -102580.8521        26.3      -102476.4759      -104.3762 20m16s/Msamples
        9465000   -102595.0632        26.3      -102484.6469      -110.4162 20m16s/Msamples
        9466000   -102603.9636        26.3      -102495.4357      -108.5278 20m16s/Msamples
        9467000   -102594.3702        26.3      -102484.2566      -110.1135 20m16s/Msamples
        9468000   -102588.0632        26.3      -102480.9521      -107.1110 20m16s/Msamples
        9469000   -102590.2712        26.3      -102484.7569      -105.5142 20m16s/Msamples
        9470000   -102595.9138        26.3      -102488.4196      -107.4942 20m16s/Msamples
        9471000   -102590.8558        26.3      -102484.9528      -105.9029 20m16s/Msamples
        9472000   -102576.4581        26.3      -102471.6729      -104.7851 20m16s/Msamples
        9473000   -102585.5643        26.3      -102477.8082      -107.7561 20m16s/Msamples
        9474000   -102582.5327        26.3      -102478.3577      -104.1750 20m16s/Msamples
        9475000   -102575.1063        26.3      -102477.5699       -97.5363 20m16s/Msamples
        9476000   -102582.7834        26.3      -102483.1092       -99.6741 20m16s/Msamples
        9477000   -102580.9934        26.3      -102483.8662       -97.1272 20m16s/Msamples
        9478000   -102584.9258        26.3      -102484.9991       -99.9267 20m16s/Msamples
        9479000   -102593.2652        26.2      -102489.4317      -103.8334 20m16s/Msamples
        9480000   -102593.3933        26.2      -102487.7174      -105.6758 20m16s/Msamples
        9481000   -102597.0014        26.2      -102488.8916      -108.1098 20m16s/Msamples
        9482000   -102597.1193        26.2      -102487.0594      -110.0599 20m16s/Msamples
        9483000   -102599.4645        26.2      -102487.4927      -111.9717 20m16s/Msamples
        9484000   -102598.9460        26.2      -102488.7441      -110.2018 20m16s/Msamples
        9485000   -102601.6578        26.2      -102493.1638      -108.4940 20m16s/Msamples
        9486000   -102592.5475        26.2      -102485.0581      -107.4894 20m16s/Msamples
        9487000   -102593.0114        26.2      -102486.3857      -106.6256 20m16s/Msamples
        9488000   -102596.2988        26.2      -102486.6375      -109.6612 20m16s/Msamples
        9489000   -102582.3995        26.2      -102478.6596      -103.7398 20m16s/Msamples
        9490000   -102581.6345        26.2      -102478.9648      -102.6697 20m16s/Msamples
        9491000   -102578.7560        26.2      -102474.4328      -104.3232 20m16s/Msamples
        9492000   -102579.9321        26.2      -102474.4963      -105.4357 20m16s/Msamples
        9493000   -102586.3244        26.2      -102485.3932      -100.9311 20m16s/Msamples
        9494000   -102587.9271        26.2      -102484.3716      -103.5554 20m16s/Msamples
        9495000   -102599.9573        26.2      -102489.6410      -110.3162 20m16s/Msamples
        9496000   -102597.8220        26.2      -102488.5954      -109.2266 20m16s/Msamples
        9497000   -102598.0579        26.2      -102488.3315      -109.7263 20m16s/Msamples
        9498000   -102598.7523        26.2      -102485.5510      -113.2013 20m16s/Msamples
        9499000   -102593.4473        26.2      -102484.8992      -108.5481 20m16s/Msamples
        9500000   -102590.0547        26.2      -102484.0395      -106.0151 20m16s/Msamples
        9501000   -102589.6077        26.2      -102485.1145      -104.4931 20m16s/Msamples
        9502000   -102596.5663        26.2      -102485.8257      -110.7405 20m16s/Msamples
        9503000   -102590.1462        26.2      -102488.4541      -101.6920 20m16s/Msamples
        9504000   -102586.4590        26.2      -102482.7250      -103.7339 20m16s/Msamples
        9505000   -102587.9687        26.2      -102480.7548      -107.2139 20m16s/Msamples
        9506000   -102600.3366        26.2      -102487.6921      -112.6445 20m16s/Msamples
        9507000   -102594.0474        26.2      -102481.6018      -112.4456 20m16s/Msamples
        9508000   -102586.8185        26.2      -102482.5941      -104.2244 20m16s/Msamples
        9509000   -102588.2925        26.2      -102476.7810      -111.5114 20m16s/Msamples
        9510000   -102584.3503        26.2      -102478.9151      -105.4352 20m16s/Msamples
        9511000   -102588.8482        26.2      -102481.6372      -107.2109 20m16s/Msamples
        9512000   -102576.5537        26.2      -102473.8736      -102.6800 20m16s/Msamples
        9513000   -102569.5356        26.2      -102467.5490      -101.9866 20m16s/Msamples
        9514000   -102573.6205        26.2      -102468.9877      -104.6328 20m16s/Msamples
        9515000   -102576.7243        26.2      -102474.5040      -102.2203 20m16s/Msamples
        9516000   -102580.7942        26.2      -102476.8934      -103.9008 20m16s/Msamples
        9517000   -102579.3367        26.2      -102476.1047      -103.2319 20m16s/Msamples
        9518000   -102582.9352        26.2      -102475.0939      -107.8412 20m16s/Msamples
        9519000   -102588.8011        26.1      -102479.3856      -109.4155 20m16s/Msamples
        9520000   -102583.5622        26.1      -102481.0993      -102.4628 20m16s/Msamples
        9521000   -102585.6363        26.1      -102482.4423      -103.1939 20m16s/Msamples
        9522000   -102576.3616        26.1      -102477.9213       -98.4402 20m16s/Msamples
        9523000   -102580.1026        26.1      -102474.1317      -105.9708 20m16s/Msamples
        9524000   -102570.7986        26.1      -102473.0657       -97.7328 20m16s/Msamples
        9525000   -102588.2352        26.1      -102491.2740       -96.9611 20m16s/Msamples
        9526000   -102575.0892        26.1      -102475.9532       -99.1359 20m16s/Msamples
        9527000   -102586.6240        26.1      -102479.6883      -106.9356 20m16s/Msamples
        9528000   -102585.4208        26.1      -102479.6329      -105.7879 20m16s/Msamples
        9529000   -102593.0569        26.1      -102487.9678      -105.0891 20m16s/Msamples
        9530000   -102589.6842        26.1      -102486.2054      -103.4787 20m16s/Msamples
        9531000   -102574.8813        26.1      -102473.9567      -100.9245 20m16s/Msamples
        9532000   -102571.2802        26.1      -102469.2985      -101.9817 20m16s/Msamples
        9533000   -102563.0168        26.1      -102465.9783       -97.0384 20m16s/Msamples
        9534000   -102563.9875        26.1      -102465.1788       -98.8086 20m16s/Msamples
        9535000   -102573.5626        26.1      -102470.3773      -103.1853 20m16s/Msamples
        9536000   -102565.4777        26.2      -102466.8214       -98.6563 20m16s/Msamples
        9537000   -102574.3603        26.2      -102473.5972      -100.7631 20m16s/Msamples
        9538000   -102569.8360        26.2      -102468.6701      -101.1659 20m16s/Msamples
        9539000   -102570.9011        26.1      -102466.6466      -104.2544 20m16s/Msamples
        9540000   -102586.4393        26.1      -102480.0556      -106.3836 20m16s/Msamples
        9541000   -102588.9370        26.1      -102479.2233      -109.7137 20m16s/Msamples
        9542000   -102586.0192        26.1      -102481.0653      -104.9538 20m16s/Msamples
        9543000   -102583.9565        26.1      -102476.6622      -107.2942 20m16s/Msamples
        9544000   -102576.1960        26.1      -102473.0054      -103.1906 20m16s/Msamples
        9545000   -102575.5956        26.1      -102470.2010      -105.3946 20m16s/Msamples
        9546000   -102581.3374        26.1      -102477.9858      -103.3515 20m16s/Msamples
        9547000   -102577.0446        26.1      -102477.2143       -99.8303 20m16s/Msamples
        9548000   -102581.8976        26.1      -102473.4908      -108.4068 20m16s/Msamples
        9549000   -102579.0010        26.1      -102480.7011       -98.2998 20m16s/Msamples
        9550000   -102563.0110        26.1      -102466.6136       -96.3974 20m16s/Msamples
        9551000   -102551.8512        26.1      -102460.6150       -91.2362 20m16s/Msamples
        9552000   -102560.5790        26.2      -102468.2262       -92.3527 20m16s/Msamples
        9553000   -102561.6869        26.2      -102471.1809       -90.5059 20m16s/Msamples
        9554000   -102560.5318        26.2      -102466.7263       -93.8055 20m16s/Msamples
        9555000   -102564.2140        26.2      -102471.3634       -92.8506 20m16s/Msamples
        9556000   -102575.3946        26.2      -102480.5907       -94.8039 20m16s/Msamples
        9557000   -102581.8269        26.2      -102487.4407       -94.3861 20m16s/Msamples
        9558000   -102580.4428        26.2      -102487.6662       -92.7766 20m16s/Msamples
        9559000   -102574.4192        26.2      -102483.4162       -91.0030 20m16s/Msamples
        9560000   -102575.0440        26.2      -102487.4847       -87.5593 20m16s/Msamples
        9561000   -102577.5560        26.2      -102484.1220       -93.4340 20m16s/Msamples
        9562000   -102588.5055        26.2      -102490.0997       -98.4058 20m16s/Msamples
        9563000   -102594.3052        26.2      -102492.5938      -101.7113 20m16s/Msamples
        9564000   -102583.8375        26.2      -102490.9451       -92.8924 20m16s/Msamples
        9565000   -102577.7204        26.2      -102481.6345       -96.0858 20m16s/Msamples
        9566000   -102584.1330        26.2      -102487.9210       -96.2120 20m16s/Msamples
        9567000   -102587.3766        26.2      -102486.4779      -100.8987 20m16s/Msamples
        9568000   -102579.3698        26.2      -102487.2244       -92.1453 20m16s/Msamples
        9569000   -102589.3525        26.1      -102490.6641       -98.6883 20m16s/Msamples
        9570000   -102580.5608        26.1      -102478.0932      -102.4676 20m16s/Msamples
        9571000   -102591.2492        26.1      -102492.6300       -98.6192 20m16s/Msamples
        9572000   -102583.0146        26.1      -102482.3522      -100.6623 20m16s/Msamples
        9573000   -102585.0122        26.1      -102482.9328      -102.0794 20m16s/Msamples
        9574000   -102580.9713        26.1      -102481.9200       -99.0512 20m16s/Msamples
        9575000   -102574.9909        26.1      -102480.2107       -94.7802 20m16s/Msamples
        9576000   -102578.5984        26.1      -102490.5802       -88.0182 20m16s/Msamples
        9577000   -102577.2009        26.1      -102485.3004       -91.9004 20m16s/Msamples
        9578000   -102568.3689        26.1      -102479.2886       -89.0803 20m16s/Msamples
        9579000   -102567.0576        26.1      -102478.8784       -88.1792 20m16s/Msamples
        9580000   -102573.1836        26.1      -102483.2173       -89.9663 20m16s/Msamples
        9581000   -102576.4235        26.1      -102485.1035       -91.3200 20m16s/Msamples
        9582000   -102572.7664        26.1      -102478.3850       -94.3814 20m16s/Msamples
        9583000   -102573.6967        26.1      -102480.3129       -93.3837 20m16s/Msamples
        9584000   -102576.0786        26.1      -102485.4458       -90.6327 20m16s/Msamples
        9585000   -102563.0053        26.1      -102471.8737       -91.1316 20m16s/Msamples
        9586000   -102567.1998        26.2      -102478.2654       -88.9344 20m16s/Msamples
        9587000   -102580.8998        26.1      -102487.6422       -93.2576 20m16s/Msamples
        9588000   -102585.1014        26.1      -102481.9021      -103.1993 20m16s/Msamples
        9589000   -102586.0240        26.1      -102479.6376      -106.3863 20m16s/Msamples
        9590000   -102589.0932        26.1      -102481.8273      -107.2658 20m16s/Msamples
        9591000   -102581.2615        26.1      -102481.2802       -99.9813 20m16s/Msamples
        9592000   -102583.5212        26.1      -102485.9964       -97.5248 20m16s/Msamples
        9593000   -102568.3742        26.1      -102481.3868       -86.9873 20m16s/Msamples
        9594000   -102568.6780        26.1      -102478.3187       -90.3593 20m16s/Msamples
        9595000   -102585.8164        26.1      -102486.1980       -99.6184 20m16s/Msamples
        9596000   -102585.7080        26.1      -102490.3883       -95.3197 20m16s/Msamples
        9597000   -102580.8622        26.1      -102484.2885       -96.5736 20m16s/Msamples
        9598000   -102577.6992        26.1      -102485.6783       -92.0208 20m16s/Msamples
        9599000   -102563.4990        26.1      -102479.7944       -83.7046 20m16s/Msamples
        9600000   -102577.1462        26.1      -102492.0896       -85.0566 20m16s/Msamples
        9601000   -102581.1465        26.1      -102495.0999       -86.0465 20m16s/Msamples
        9602000   -102586.8292        26.1      -102494.4226       -92.4065 20m16s/Msamples
        9603000   -102581.7071        26.1      -102488.9546       -92.7525 20m16s/Msamples
        9604000   -102579.6523        26.1      -102492.0570       -87.5953 20m16s/Msamples
        9605000   -102575.5389        26.1      -102487.8259       -87.7129 20m16s/Msamples
        9606000   -102588.3187        26.1      -102498.8044       -89.5143 20m16s/Msamples
        9607000   -102588.7848        26.1      -102499.5811       -89.2036 20m16s/Msamples
        9608000   -102581.3645        26.1      -102488.9502       -92.4143 20m16s/Msamples
        9609000   -102574.7122        26.1      -102484.7882       -89.9239 20m16s/Msamples
        9610000   -102590.9308        26.1      -102499.2624       -91.6683 20m16s/Msamples
        9611000   -102577.5124        26.1      -102491.4771       -86.0352 20m16s/Msamples
        9612000   -102586.3402        26.1      -102493.5628       -92.7773 20m16s/Msamples
        9613000   -102592.0869        26.1      -102495.8637       -96.2232 20m16s/Msamples
        9614000   -102585.2922        26.1      -102487.6700       -97.6222 20m16s/Msamples
        9615000   -102568.0535        26.1      -102483.9156       -84.1379 20m16s/Msamples
        9616000   -102578.1660        26.1      -102480.8740       -97.2920 20m16s/Msamples
        9617000   -102571.0302        26.1      -102482.6734       -88.3568 20m16s/Msamples
        9618000   -102568.1307        26.1      -102483.6849       -84.4458 20m16s/Msamples
        9619000   -102565.0608        26.1      -102480.9040       -84.1568 20m16s/Msamples
        9620000   -102573.5364        26.1      -102483.9224       -89.6140 20m16s/Msamples
        9621000   -102574.4255        26.1      -102484.0724       -90.3531 20m16s/Msamples
        9622000   -102586.2475        26.1      -102497.2164       -89.0311 20m16s/Msamples
        9623000   -102584.1776        26.1      -102497.1012       -87.0763 20m16s/Msamples
        9624000   -102584.6868        26.1      -102493.9686       -90.7182 20m16s/Msamples
        9625000   -102580.7784        26.1      -102490.6117       -90.1666 20m16s/Msamples
        9626000   -102590.6533        26.1      -102493.0483       -97.6050 20m16s/Msamples
        9627000   -102585.9502        26.1      -102496.5400       -89.4102 20m16s/Msamples
        9628000   -102586.8729        26.1      -102494.1571       -92.7158 20m16s/Msamples
        9629000   -102594.8861        26.1      -102496.4547       -98.4313 20m16s/Msamples
        9630000   -102587.6719        26.0      -102491.9759       -95.6960 20m16s/Msamples
        9631000   -102593.1684        26.0      -102497.6569       -95.5114 20m16s/Msamples
        9632000   -102592.5803        26.0      -102496.2582       -96.3220 20m16s/Msamples
        9633000   -102593.4251        26.0      -102498.5510       -94.8740 20m16s/Msamples
        9634000   -102591.1864        26.0      -102497.7728       -93.4135 20m16s/Msamples
        9635000   -102580.3131        26.0      -102488.9962       -91.3169 20m16s/Msamples
        9636000   -102569.7074        26.0      -102482.9548       -86.7525 20m16s/Msamples
        9637000   -102567.9713        26.0      -102481.3794       -86.5919 20m16s/Msamples
        9638000   -102574.3195        26.0      -102480.5404       -93.7790 20m16s/Msamples
        9639000   -102580.2232        26.0      -102483.7146       -96.5086 20m16s/Msamples
        9640000   -102580.5163        26.0      -102481.7668       -98.7494 20m16s/Msamples
        9641000   -102582.9626        26.0      -102483.2655       -99.6970 20m16s/Msamples
        9642000   -102579.5534        26.0      -102484.7541       -94.7993 20m16s/Msamples
        9643000   -102564.2914        26.0      -102472.2706       -92.0207 20m16s/Msamples
        9644000   -102577.4434        26.0      -102481.0800       -96.3633 20m16s/Msamples
        9645000   -102578.2725        26.0      -102479.8698       -98.4027 20m16s/Msamples
        9646000   -102572.2620        26.0      -102482.2391       -90.0229 20m16s/Msamples
        9647000   -102578.9421        26.0      -102480.0631       -98.8790 20m16s/Msamples
        9648000   -102579.3218        26.0      -102480.5636       -98.7581 20m16s/Msamples
        9649000   -102581.1431        26.0      -102484.9517       -96.1913 20m16s/Msamples
        9650000   -102572.2071        26.0      -102474.2506       -97.9564 20m16s/Msamples
        9651000   -102581.7068        26.0      -102479.6988      -102.0080 20m16s/Msamples
        9652000   -102586.8269        26.0      -102480.4678      -106.3591 20m16s/Msamples
        9653000   -102582.5123        26.0      -102474.8107      -107.7016 20m16s/Msamples
        9654000   -102583.5311        26.0      -102476.2026      -107.3284 20m16s/Msamples
        9655000   -102589.6495        26.0      -102476.4200      -113.2295 20m16s/Msamples
        9656000   -102579.5023        26.0      -102471.9898      -107.5125 20m16s/Msamples
        9657000   -102587.8698        26.0      -102482.7247      -105.1450 20m16s/Msamples
        9658000   -102592.3875        26.0      -102484.8565      -107.5310 20m16s/Msamples
        9659000   -102597.5168        26.0      -102496.4058      -101.1109 20m16s/Msamples
        9660000   -102591.1179        26.0      -102484.7549      -106.3630 20m16s/Msamples
        9661000   -102596.4244        26.0      -102482.0673      -114.3571 20m16s/Msamples
        9662000   -102578.4508        26.0      -102477.4039      -101.0469 20m16s/Msamples
        9663000   -102577.5693        26.0      -102478.9277       -98.6415 20m16s/Msamples
        9664000   -102591.6408        26.0      -102486.0347      -105.6060 20m16s/Msamples
        9665000   -102578.5613        26.0      -102479.9273       -98.6340 20m16s/Msamples
        9666000   -102571.4281        26.0      -102471.9882       -99.4399 20m16s/Msamples
        9667000   -102575.3949        26.0      -102479.1359       -96.2589 20m16s/Msamples
        9668000   -102576.6251        26.0      -102478.6816       -97.9434 20m16s/Msamples
        9669000   -102586.0024        26.0      -102485.2120      -100.7904 20m16s/Msamples
        9670000   -102585.5075        25.9      -102482.8301      -102.6774 20m16s/Msamples
        9671000   -102589.7107        25.9      -102487.3403      -102.3704 20m16s/Msamples
        9672000   -102582.9563        25.9      -102481.6869      -101.2693 20m16s/Msamples
        9673000   -102574.2911        25.9      -102473.3793      -100.9118 20m16s/Msamples
        9674000   -102587.2911        25.9      -102483.2385      -104.0525 20m16s/Msamples
        9675000   -102598.3690        25.9      -102491.2510      -107.1180 20m16s/Msamples
        9676000   -102607.7556        25.9      -102493.7314      -114.0241 20m16s/Msamples
        9677000   -102593.6684        25.9      -102484.1639      -109.5045 20m16s/Msamples
        9678000   -102596.4003        25.9      -102482.3410      -114.0593 20m16s/Msamples
        9679000   -102618.4619        25.9      -102497.3975      -121.0643 20m16s/Msamples
        9680000   -102612.1804        25.9      -102489.7795      -122.4008 20m16s/Msamples
        9681000   -102607.5382        25.9      -102490.7055      -116.8327 20m16s/Msamples
        9682000   -102608.1996        25.9      -102492.1800      -116.0195 20m16s/Msamples
        9683000   -102608.9297        25.9      -102498.5577      -110.3719 20m16s/Msamples
        9684000   -102595.5264        25.9      -102479.5579      -115.9685 20m16s/Msamples
        9685000   -102592.4022        25.9      -102483.6478      -108.7544 20m16s/Msamples
        9686000   -102596.3926        25.9      -102488.5934      -107.7991 20m16s/Msamples
        9687000   -102597.5713        25.9      -102488.8621      -108.7091 20m16s/Msamples
        9688000   -102597.5953        25.9      -102488.4879      -109.1074 20m16s/Msamples
        9689000   -102589.6147        25.9      -102481.2069      -108.4078 20m16s/Msamples
        9690000   -102593.7642        25.8      -102483.2189      -110.5452 20m16s/Msamples
        9691000   -102600.9764        25.8      -102491.2071      -109.7693 20m16s/Msamples
        9692000   -102596.9725        25.8      -102489.1278      -107.8447 20m16s/Msamples
        9693000   -102600.3409        25.8      -102489.1476      -111.1932 20m16s/Msamples
        9694000   -102588.8941        25.8      -102481.8637      -107.0304 20m16s/Msamples
        9695000   -102577.6757        25.8      -102470.4106      -107.2650 20m16s/Msamples
        9696000   -102566.1189        25.8      -102467.1967       -98.9222 20m16s/Msamples
        9697000   -102585.7434        25.8      -102479.8367      -105.9067 20m16s/Msamples
        9698000   -102581.5233        25.8      -102478.9877      -102.5356 20m16s/Msamples
        9699000   -102582.2471        25.8      -102475.0630      -107.1840 20m16s/Msamples
        9700000   -102587.1484        25.8      -102485.2574      -101.8909 20m16s/Msamples
        9701000   -102579.8020        25.8      -102479.4423      -100.3597 20m16s/Msamples
        9702000   -102583.9894        25.8      -102481.3503      -102.6390 20m16s/Msamples
        9703000   -102575.8173        25.8      -102476.1074       -99.7099 20m16s/Msamples
        9704000   -102585.4685        25.8      -102478.9557      -106.5128 20m16s/Msamples
        9705000   -102588.6725        25.8      -102483.6883      -104.9841 20m16s/Msamples
        9706000   -102575.5043        25.8      -102481.9772       -93.5271 20m16s/Msamples
        9707000   -102566.5121        25.8      -102470.5509       -95.9611 20m16s/Msamples
        9708000   -102569.5874        25.8      -102473.7837       -95.8037 20m16s/Msamples
        9709000   -102580.7085        25.8      -102482.5701       -98.1384 20m16s/Msamples
        9710000   -102579.2943        25.8      -102479.3229       -99.9713 20m16s/Msamples
        9711000   -102567.6980        25.8      -102471.1390       -96.5589 20m16s/Msamples
        9712000   -102576.8366        25.8      -102474.3009      -102.5356 20m16s/Msamples
        9713000   -102592.7793        25.8      -102483.1816      -109.5977 20m16s/Msamples
        9714000   -102585.4422        25.8      -102485.6560       -99.7862 20m16s/Msamples
        9715000   -102586.0883        25.8      -102487.6543       -98.4340 20m16s/Msamples
        9716000   -102578.2939        25.8      -102486.0121       -92.2817 20m16s/Msamples
        9717000   -102583.3088        25.8      -102495.6576       -87.6512 20m16s/Msamples
        9718000   -102583.5139        25.8      -102493.3318       -90.1821 20m16s/Msamples
        9719000   -102571.3783        25.7      -102486.1250       -85.2532 20m16s/Msamples
        9720000   -102571.6886        25.8      -102486.4428       -85.2457 20m16s/Msamples
        9721000   -102569.6993        25.8      -102480.2391       -89.4602 20m16s/Msamples
        9722000   -102565.9883        25.8      -102477.8768       -88.1115 20m16s/Msamples
        9723000   -102561.7108        25.8      -102479.0951       -82.6156 20m16s/Msamples
        9724000   -102569.2851        25.8      -102479.2633       -90.0217 20m16s/Msamples
        9725000   -102564.3463        25.8      -102475.3342       -89.0121 20m16s/Msamples
        9726000   -102562.8672        25.8      -102475.8835       -86.9836 20m16s/Msamples
        9727000   -102563.0165        25.8      -102474.7655       -88.2510 20m16s/Msamples
        9728000   -102577.9064        25.8      -102487.5668       -90.3396 20m16s/Msamples
        9729000   -102572.9105        25.8      -102481.9500       -90.9604 20m16s/Msamples
        9730000   -102580.0629        25.8      -102489.6034       -90.4594 20m16s/Msamples
        9731000   -102576.3744        25.8      -102486.3064       -90.0680 20m16s/Msamples
        9732000   -102577.4943        25.8      -102486.3928       -91.1014 20m16s/Msamples
        9733000   -102580.0303        25.8      -102483.4879       -96.5424 20m16s/Msamples
        9734000   -102576.4555        25.8      -102483.9396       -92.5159 20m16s/Msamples
        9735000   -102574.1813        25.8      -102479.2309       -94.9504 20m16s/Msamples
        9736000   -102588.1540        25.8      -102488.5141       -99.6399 20m16s/Msamples
        9737000   -102569.9554        25.8      -102482.6213       -87.3340 20m16s/Msamples
        9738000   -102572.0599        25.8      -102481.3026       -90.7572 20m16s/Msamples
        9739000   -102571.2425        25.8      -102482.5058       -88.7367 20m16s/Msamples
        9740000   -102583.6044        25.8      -102487.0239       -96.5804 20m16s/Msamples
        9741000   -102566.0050        25.8      -102474.1645       -91.8405 20m16s/Msamples
        9742000   -102581.4214        25.8      -102488.9802       -92.4412 20m16s/Msamples
        9743000   -102569.0159        25.8      -102479.0470       -89.9689 20m16s/Msamples
        9744000   -102573.6848        25.8      -102484.6445       -89.0403 20m16s/Msamples
        9745000   -102576.2093        25.8      -102487.3976       -88.8117 20m16s/Msamples
        9746000   -102583.2737        25.8      -102490.1906       -93.0831 20m16s/Msamples
        9747000   -102577.1780        25.8      -102480.1507       -97.0272 20m16s/Msamples
        9748000   -102559.6790        25.8      -102472.6137       -87.0653 20m16s/Msamples
        9749000   -102560.0418        25.8      -102472.7174       -87.3243 20m16s/Msamples
        9750000   -102574.8468        25.8      -102486.6390       -88.2078 20m16s/Msamples
        9751000   -102582.1178        25.8      -102488.4529       -93.6648 20m16s/Msamples
        9752000   -102587.8577        25.8      -102495.7302       -92.1274 20m16s/Msamples
        9753000   -102589.8130        25.7      -102488.5468      -101.2661 20m16s/Msamples
        9754000   -102588.7670        25.7      -102495.2882       -93.4787 20m16s/Msamples
        9755000   -102583.8412        25.7      -102494.6187       -89.2225 20m16s/Msamples
        9756000   -102573.0886        25.7      -102484.8467       -88.2418 20m16s/Msamples
        9757000   -102578.9770        25.7      -102489.4298       -89.5471 20m16s/Msamples
        9758000   -102567.6048        25.7      -102476.1359       -91.4689 20m16s/Msamples
        9759000   -102556.8431        25.7      -102472.5241       -84.3190 20m16s/Msamples
        9760000   -102563.2591        25.8      -102476.0729       -87.1862 20m16s/Msamples
        9761000   -102567.9625        25.8      -102475.7301       -92.2323 20m16s/Msamples
        9762000   -102568.4374        25.8      -102480.1022       -88.3352 20m16s/Msamples
        9763000   -102565.1480        25.8      -102474.4672       -90.6807 20m16s/Msamples
        9764000   -102550.6382        25.8      -102464.5263       -86.1118 20m16s/Msamples
        9765000   -102568.9516        25.8      -102482.1465       -86.8050 20m16s/Msamples
        9766000   -102590.3625        25.8      -102502.3184       -88.0441 20m16s/Msamples
        9767000   -102591.2819        25.8      -102496.2289       -95.0530 20m16s/Msamples
        9768000   -102579.4391        25.8      -102492.1887       -87.2504 20m16s/Msamples
        9769000   -102586.7138        25.8      -102490.2017       -96.5121 20m16s/Msamples
        9770000   -102578.4837        25.8      -102484.9899       -93.4937 20m16s/Msamples
        9771000   -102588.1537        25.8      -102491.8063       -96.3473 20m16s/Msamples
        9772000   -102581.5556        25.8      -102487.9650       -93.5906 20m16s/Msamples
        9773000   -102570.7135        25.8      -102481.3596       -89.3538 20m16s/Msamples
        9774000   -102579.8483        25.8      -102485.3609       -94.4874 20m16s/Msamples
        9775000   -102580.3586        25.8      -102485.3886       -94.9700 20m16s/Msamples
        9776000   -102574.9464        25.8      -102481.3400       -93.6063 20m16s/Msamples
        9777000   -102586.8833        25.8      -102485.6075      -101.2757 20m16s/Msamples
        9778000   -102604.2372        25.8      -102498.9248      -105.3124 20m16s/Msamples
        9779000   -102581.5231        25.7      -102488.0852       -93.4378 20m16s/Msamples
        9780000   -102566.4881        25.7      -102478.8690       -87.6191 20m16s/Msamples
        9781000   -102573.3794        25.7      -102484.0382       -89.3411 20m16s/Msamples
        9782000   -102578.6529        25.7      -102483.2867       -95.3662 20m16s/Msamples
        9783000   -102580.7504        25.7      -102490.2941       -90.4563 20m16s/Msamples
        9784000   -102581.0760        25.7      -102490.1296       -90.9463 20m16s/Msamples
        9785000   -102580.0385        25.7      -102487.2473       -92.7911 20m16s/Msamples
        9786000   -102572.4080        25.7      -102483.5771       -88.8309 20m16s/Msamples
        9787000   -102567.8923        25.7      -102479.8722       -88.0201 20m16s/Msamples
        9788000   -102571.6836        25.7      -102482.4765       -89.2071 20m16s/Msamples
        9789000   -102554.9747        25.8      -102472.6283       -82.3463 20m16s/Msamples
        9790000   -102561.9786        25.8      -102476.8068       -85.1718 20m16s/Msamples
        9791000   -102550.1657        25.8      -102477.0569       -73.1088 20m16s/Msamples
        9792000   -102560.1135        25.8      -102484.2708       -75.8427 20m16s/Msamples
        9793000   -102558.0031        25.8      -102478.6825       -79.3205 20m16s/Msamples
        9794000   -102562.1660        25.8      -102481.2781       -80.8879 20m16s/Msamples
        9795000   -102564.1997        25.8      -102481.6295       -82.5701 20m16s/Msamples
        9796000   -102566.0235        25.8      -102472.0447       -93.9788 20m16s/Msamples
        9797000   -102559.4520        25.8      -102476.1388       -83.3131 20m16s/Msamples
        9798000   -102558.8003        25.9      -102478.4256       -80.3746 20m16s/Msamples
        9799000   -102550.6811        25.9      -102474.6135       -76.0675 20m16s/Msamples
        9800000   -102552.0527        25.9      -102469.5173       -82.5354 20m16s/Msamples
        9801000   -102549.5999        25.9      -102472.0553       -77.5446 20m16s/Msamples
        9802000   -102546.1028        25.9      -102470.2544       -75.8484 20m16s/Msamples
        9803000   -102552.8803        25.9      -102474.8077       -78.0726 20m16s/Msamples
        9804000   -102545.2360        26.0      -102472.1763       -73.0597 20m16s/Msamples
        9805000   -102556.1170        26.0      -102478.2802       -77.8368 20m16s/Msamples
        9806000   -102566.5583        26.0      -102486.8704       -79.6878 20m16s/Msamples
        9807000   -102545.3721        26.0      -102469.8862       -75.4858 20m16s/Msamples
        9808000   -102548.4490        26.0      -102473.5993       -74.8496 20m16s/Msamples
        9809000   -102553.5306        26.1      -102480.0182       -73.5123 20m16s/Msamples
        9810000   -102560.5412        26.1      -102478.7824       -81.7588 20m16s/Msamples
        9811000   -102559.6141        26.1      -102478.4208       -81.1933 20m16s/Msamples
        9812000   -102566.4124        26.1      -102484.2867       -82.1256 20m16s/Msamples
        9813000   -102575.2091        26.1      -102491.7935       -83.4155 20m16s/Msamples
        9814000   -102563.4678        26.1      -102478.4587       -85.0090 20m16s/Msamples
        9815000   -102565.0618        26.1      -102486.6978       -78.3640 20m16s/Msamples
        9816000   -102561.1560        26.1      -102479.2832       -81.8728 20m16s/Msamples
        9817000   -102562.8251        26.1      -102480.0685       -82.7565 20m16s/Msamples
        9818000   -102568.1914        26.1      -102478.8294       -89.3619 20m16s/Msamples
        9819000   -102568.8914        26.1      -102482.6723       -86.2191 20m16s/Msamples
        9820000   -102574.9564        26.1      -102486.9406       -88.0158 20m16s/Msamples
        9821000   -102578.7619        26.1      -102486.6075       -92.1544 20m16s/Msamples
        9822000   -102575.7750        26.1      -102490.5759       -85.1991 20m16s/Msamples
        9823000   -102573.3436        26.1      -102483.2188       -90.1248 20m16s/Msamples
        9824000   -102567.5405        26.1      -102480.6680       -86.8724 20m16s/Msamples
        9825000   -102558.0370        26.1      -102475.0769       -82.9600 20m16s/Msamples
        9826000   -102560.7910        26.1      -102480.0001       -80.7908 20m16s/Msamples
        9827000   -102577.4579        26.1      -102487.2915       -90.1663 20m16s/Msamples
        9828000   -102567.7808        26.1      -102478.0510       -89.7297 20m16s/Msamples
        9829000   -102573.5221        26.1      -102485.6995       -87.8226 20m16s/Msamples
        9830000   -102574.8501        26.1      -102478.3926       -96.4575 20m16s/Msamples
        9831000   -102569.7778        26.1      -102475.0623       -94.7155 20m16s/Msamples
        9832000   -102570.3445        26.1      -102480.9119       -89.4325 20m16s/Msamples
        9833000   -102565.4337        26.2      -102477.2811       -88.1525 20m16s/Msamples
        9834000   -102562.8602        26.2      -102472.0542       -90.8060 20m16s/Msamples
        9835000   -102561.3499        26.2      -102474.9045       -86.4454 20m16s/Msamples
        9836000   -102555.8821        26.2      -102467.0590       -88.8230 20m16s/Msamples
        9837000   -102569.1901        26.2      -102480.0783       -89.1118 20m16s/Msamples
        9838000   -102570.3414        26.2      -102484.7094       -85.6320 20m16s/Msamples
        9839000   -102561.4882        26.2      -102476.8344       -84.6537 20m16s/Msamples
        9840000   -102566.1847        26.2      -102475.2266       -90.9580 20m16s/Msamples
        9841000   -102585.5122        26.2      -102486.4685       -99.0436 20m16s/Msamples
        9842000   -102587.5061        26.2      -102491.4858       -96.0202 20m16s/Msamples
        9843000   -102594.6347        26.2      -102492.0335      -102.6012 20m16s/Msamples
        9844000   -102570.0893        26.2      -102480.8464       -89.2428 20m16s/Msamples
        9845000   -102569.5195        26.2      -102484.2924       -85.2271 20m16s/Msamples
        9846000   -102583.8567        26.2      -102493.2419       -90.6148 20m16s/Msamples
        9847000   -102588.5546        26.2      -102495.6731       -92.8815 20m16s/Msamples
        9848000   -102581.0798        26.2      -102489.8860       -91.1937 20m16s/Msamples
        9849000   -102581.3016        26.2      -102487.7404       -93.5612 20m16s/Msamples
        9850000   -102571.5631        26.2      -102482.0066       -89.5565 20m16s/Msamples
        9851000   -102580.4489        26.2      -102493.9150       -86.5339 20m16s/Msamples
        9852000   -102577.3957        26.2      -102494.7155       -82.6802 20m16s/Msamples
        9853000   -102582.6897        26.2      -102495.7649       -86.9248 20m16s/Msamples
        9854000   -102578.7953        26.2      -102492.1704       -86.6249 20m16s/Msamples
        9855000   -102582.8399        26.2      -102491.7110       -91.1288 20m16s/Msamples
        9856000   -102575.8878        26.2      -102491.7598       -84.1279 20m16s/Msamples
        9857000   -102581.3912        26.2      -102486.1167       -95.2744 20m16s/Msamples
        9858000   -102564.7028        26.2      -102480.6959       -84.0068 20m16s/Msamples
        9859000   -102561.6849        26.2      -102478.1107       -83.5741 20m16s/Msamples
        9860000   -102573.7689        26.2      -102487.5748       -86.1941 20m16s/Msamples
        9861000   -102567.1675        26.2      -102482.3202       -84.8473 20m16s/Msamples
        9862000   -102576.4614        26.2      -102487.1000       -89.3614 20m16s/Msamples
        9863000   -102571.9783        26.2      -102484.4938       -87.4845 20m16s/Msamples
        9864000   -102556.6736        26.2      -102479.8161       -76.8574 20m16s/Msamples
        9865000   -102563.7816        26.2      -102481.1382       -82.6434 20m16s/Msamples
        9866000   -102572.3863        26.2      -102488.3049       -84.0813 20m16s/Msamples
        9867000   -102570.0211        26.2      -102489.2498       -80.7712 20m16s/Msamples
        9868000   -102564.2470        26.2      -102481.6874       -82.5595 20m16s/Msamples
        9869000   -102566.4351        26.2      -102481.2884       -85.1467 20m16s/Msamples
        9870000   -102559.2055        26.3      -102480.6866       -78.5188 20m16s/Msamples
        9871000   -102567.8315        26.3      -102484.5579       -83.2735 20m16s/Msamples
        9872000   -102562.4430        26.3      -102485.6629       -76.7801 20m16s/Msamples
        9873000   -102572.9229        26.3      -102494.0234       -78.8995 20m16s/Msamples
        9874000   -102572.6042        26.3      -102485.5603       -87.0438 20m16s/Msamples
        9875000   -102579.0797        26.3      -102490.8980       -88.1817 20m16s/Msamples
        9876000   -102578.5495        26.3      -102488.3003       -90.2492 20m16s/Msamples
        9877000   -102592.8070        26.3      -102501.0472       -91.7597 20m16s/Msamples
        9878000   -102575.7189        26.3      -102490.9284       -84.7904 20m16s/Msamples
        9879000   -102577.0950        26.3      -102493.2067       -83.8883 20m16s/Msamples
        9880000   -102580.6791        26.3      -102490.5923       -90.0867 20m16s/Msamples
        9881000   -102570.8072        26.3      -102486.6785       -84.1287 20m16s/Msamples
        9882000   -102575.9024        26.3      -102494.6277       -81.2747 20m16s/Msamples
        9883000   -102567.6157        26.3      -102484.0088       -83.6068 20m16s/Msamples
        9884000   -102580.3848        26.3      -102487.3084       -93.0764 20m16s/Msamples
        9885000   -102581.5163        26.3      -102490.6239       -90.8923 20m16s/Msamples
        9886000   -102575.7143        26.3      -102483.1423       -92.5719 20m16s/Msamples
        9887000   -102583.9884        26.3      -102490.1753       -93.8131 20m16s/Msamples
        9888000   -102582.1170        26.3      -102490.7089       -91.4080 20m16s/Msamples
        9889000   -102579.8936        26.3      -102483.9292       -95.9643 20m16s/Msamples
        9890000   -102575.3704        26.3      -102482.3433       -93.0270 20m16s/Msamples
        9891000   -102564.8148        26.3      -102476.2255       -88.5893 20m16s/Msamples
        9892000   -102571.5988        26.3      -102479.7539       -91.8449 20m16s/Msamples
        9893000   -102573.9256        26.3      -102486.9971       -86.9284 20m16s/Msamples
        9894000   -102561.1205        26.3      -102475.8881       -85.2323 20m16s/Msamples
        9895000   -102561.4639        26.3      -102472.2598       -89.2041 20m16s/Msamples
        9896000   -102568.4931        26.3      -102474.9140       -93.5791 20m16s/Msamples
        9897000   -102562.4116        26.3      -102472.9415       -89.4700 20m16s/Msamples
        9898000   -102565.9270        26.3      -102471.8230       -94.1040 20m16s/Msamples
        9899000   -102575.1733        26.3      -102484.4644       -90.7089 20m16s/Msamples
        9900000   -102576.5214        26.3      -102484.6945       -91.8269 20m16s/Msamples
        9901000   -102580.5202        26.3      -102482.3270       -98.1932 20m16s/Msamples
        9902000   -102584.0426        26.3      -102482.3148      -101.7278 20m16s/Msamples
        9903000   -102583.6954        26.3      -102483.0854      -100.6099 20m16s/Msamples
        9904000   -102578.4516        26.3      -102480.0909       -98.3606 20m16s/Msamples
        9905000   -102586.5995        26.3      -102485.2273      -101.3721 20m16s/Msamples
        9906000   -102576.0783        26.3      -102482.0110       -94.0673 20m16s/Msamples
        9907000   -102585.5117        26.3      -102484.0865      -101.4252 20m16s/Msamples
        9908000   -102582.4765        26.3      -102486.3091       -96.1673 20m16s/Msamples
        9909000   -102570.1405        26.3      -102478.7444       -91.3960 20m16s/Msamples
        9910000   -102583.3491        26.3      -102487.3093       -96.0397 20m16s/Msamples
        9911000   -102572.6988        26.3      -102479.0445       -93.6543 20m16s/Msamples
        9912000   -102569.6417        26.3      -102474.9220       -94.7197 20m16s/Msamples
        9913000   -102570.1928        26.3      -102476.1140       -94.0788 20m16s/Msamples
        9914000   -102581.0220        26.3      -102483.6758       -97.3462 20m16s/Msamples
        9915000   -102577.3272        26.3      -102483.8692       -93.4579 20m16s/Msamples
        9916000   -102568.9539        26.3      -102472.9992       -95.9547 20m16s/Msamples
        9917000   -102574.5138        26.3      -102475.1993       -99.3144 20m16s/Msamples
        9918000   -102576.2360        26.3      -102472.1552      -104.0807 20m16s/Msamples
        9919000   -102576.8863        26.3      -102473.4838      -103.4024 20m16s/Msamples
        9920000   -102571.4205        26.3      -102468.0740      -103.3464 20m16s/Msamples
        9921000   -102573.4251        26.3      -102473.7498       -99.6753 20m16s/Msamples
        9922000   -102569.2002        26.3      -102471.3368       -97.8634 20m16s/Msamples
        9923000   -102571.2682        26.3      -102473.6383       -97.6299 20m16s/Msamples
        9924000   -102570.2732        26.3      -102472.4546       -97.8186 20m16s/Msamples
        9925000   -102571.9155        26.3      -102465.0522      -106.8633 20m16s/Msamples
        9926000   -102585.5738        26.3      -102479.6893      -105.8844 20m16s/Msamples
        9927000   -102583.0365        26.3      -102474.0821      -108.9544 20m16s/Msamples
        9928000   -102586.6170        26.3      -102475.5187      -111.0982 20m16s/Msamples
        9929000   -102591.6658        26.3      -102472.4718      -119.1939 20m16s/Msamples
        9930000   -102587.6274        26.3      -102471.0421      -116.5853 20m16s/Msamples
        9931000   -102588.2538        26.3      -102475.4714      -112.7824 20m16s/Msamples
        9932000   -102596.2794        26.3      -102479.8178      -116.4615 20m16s/Msamples
        9933000   -102601.8941        26.3      -102485.9059      -115.9881 20m16s/Msamples
        9934000   -102608.0886        26.3      -102487.5223      -120.5663 20m16s/Msamples
        9935000   -102623.1236        26.3      -102492.4880      -130.6356 20m16s/Msamples
        9936000   -102606.5766        26.3      -102480.3394      -126.2372 20m16s/Msamples
        9937000   -102613.4932        26.2      -102486.8740      -126.6191 20m16s/Msamples
        9938000   -102609.2817        26.2      -102491.5134      -117.7682 20m16s/Msamples
        9939000   -102607.7812        26.2      -102487.8646      -119.9166 20m16s/Msamples
        9940000   -102609.3942        26.2      -102486.5877      -122.8065 20m16s/Msamples
        9941000   -102621.9058        26.2      -102489.2914      -132.6144 20m16s/Msamples
        9942000   -102618.2479        26.2      -102486.3352      -131.9126 20m16s/Msamples
        9943000   -102617.5109        26.2      -102487.6859      -129.8249 20m16s/Msamples
        9944000   -102607.8817        26.2      -102478.6313      -129.2503 20m16s/Msamples
        9945000   -102601.3836        26.2      -102477.4960      -123.8875 20m16s/Msamples
        9946000   -102612.5972        26.2      -102483.2594      -129.3377 20m16s/Msamples
        9947000   -102612.1955        26.2      -102490.6493      -121.5462 20m16s/Msamples
        9948000   -102601.6680        26.2      -102480.8017      -120.8662 20m16s/Msamples
        9949000   -102600.9503        26.2      -102484.9639      -115.9864 20m16s/Msamples
        9950000   -102606.2194        26.2      -102480.6512      -125.5682 20m16s/Msamples
        9951000   -102595.5268        26.2      -102470.2130      -125.3137 20m16s/Msamples
        9952000   -102599.4462        26.2      -102480.1715      -119.2746 20m16s/Msamples
        9953000   -102593.5731        26.2      -102475.2058      -118.3672 20m16s/Msamples
        9954000   -102601.1604        26.1      -102474.3002      -126.8601 20m16s/Msamples
        9955000   -102605.6873        26.1      -102477.5850      -128.1022 20m16s/Msamples
        9956000   -102607.3309        26.1      -102474.4641      -132.8668 20m16s/Msamples
        9957000   -102622.2665        26.1      -102486.2655      -136.0009 20m16s/Msamples
        9958000   -102615.5080        26.1      -102481.5005      -134.0074 20m16s/Msamples
        9959000   -102610.2880        26.1      -102480.0581      -130.2298 20m16s/Msamples
        9960000   -102605.9178        26.1      -102470.7545      -135.1633 20m16s/Msamples
        9961000   -102596.3911        26.1      -102467.3357      -129.0554 20m16s/Msamples
        9962000   -102598.4615        26.1      -102471.3484      -127.1130 20m16s/Msamples
        9963000   -102604.3797        26.1      -102474.1635      -130.2161 20m16s/Msamples
        9964000   -102606.3988        26.1      -102482.0685      -124.3303 20m16s/Msamples
        9965000   -102596.5912        26.1      -102473.8694      -122.7217 20m16s/Msamples
        9966000   -102595.0478        26.1      -102479.8587      -115.1890 20m16s/Msamples
        9967000   -102587.9085        26.1      -102472.3391      -115.5693 20m16s/Msamples
        9968000   -102586.1562        26.1      -102472.4111      -113.7451 20m16s/Msamples
        9969000   -102582.1317        26.1      -102463.3955      -118.7362 20m16s/Msamples
        9970000   -102588.1781        26.0      -102470.0946      -118.0835 20m16s/Msamples
        9971000   -102604.7010        26.0      -102481.7665      -122.9344 20m16s/Msamples
        9972000   -102596.1676        26.0      -102479.3477      -116.8198 20m16s/Msamples
        9973000   -102594.1321        26.0      -102477.4697      -116.6623 20m16s/Msamples
        9974000   -102595.9034        26.0      -102476.8470      -119.0563 20m16s/Msamples
        9975000   -102599.2652        26.0      -102479.9186      -119.3465 20m16s/Msamples
        9976000   -102601.8118        26.0      -102483.0455      -118.7662 20m16s/Msamples
        9977000   -102606.8799        26.0      -102484.6537      -122.2262 20m16s/Msamples
        9978000   -102595.2908        26.0      -102477.2143      -118.0764 20m16s/Msamples
        9979000   -102596.8881        26.0      -102481.5233      -115.3648 20m16s/Msamples
        9980000   -102600.5613        26.0      -102481.3018      -119.2595 20m16s/Msamples
        9981000   -102599.9628        26.0      -102483.0337      -116.9290 20m16s/Msamples
        9982000   -102599.7570        26.0      -102483.9377      -115.8192 20m16s/Msamples
        9983000   -102594.7159        25.9      -102475.7440      -118.9718 20m16s/Msamples
        9984000   -102600.5699        25.9      -102486.8230      -113.7468 20m16s/Msamples
        9985000   -102589.4199        25.9      -102478.3704      -111.0495 20m16s/Msamples
        9986000   -102593.9869        25.9      -102479.5035      -114.4834 20m16s/Msamples
        9987000   -102596.9288        25.9      -102485.8761      -111.0526 20m16s/Msamples
        9988000   -102593.2043        25.9      -102481.8067      -111.3976 20m16s/Msamples
        9989000   -102591.6986        25.9      -102484.7658      -106.9328 20m16s/Msamples
        9990000   -102585.9636        25.9      -102481.6624      -104.3012 20m16s/Msamples
        9991000   -102581.4150        25.9      -102478.0247      -103.3903 20m16s/Msamples
        9992000   -102586.8327        25.9      -102484.5497      -102.2829 20m16s/Msamples
        9993000   -102585.5811        25.9      -102482.0212      -103.5599 20m16s/Msamples
        9994000   -102581.7669        25.9      -102476.5746      -105.1923 20m16s/Msamples
        9995000   -102578.5150        25.9      -102476.2989      -102.2160 20m16s/Msamples
        9996000   -102587.0823        25.9      -102478.4775      -108.6047 20m16s/Msamples
        9997000   -102589.2161        25.9      -102479.7862      -109.4298 20m16s/Msamples
        9998000   -102588.4048        25.9      -102478.3291      -110.0756 20m16s/Msamples
        9999000   -102588.7437        25.9      -102479.1572      -109.5864 20m16s/Msamples
       10000000   -102576.1388        25.9      -102465.6443      -110.4944 20m16s/Msamples

Operator                                                            Tuning    #accept    #reject      Pr(m)  Pr(acc|m)
ScaleOperator(gammaShapeScaler.s:SequenceSimulator)                0.81659       1267      10473    0.00116    0.10792 
DeltaExchangeOperator(FrequenciesExchanger.s:SequenceSimulator)    0.01020       2498       9105    0.00116    0.21529 
DeltaExchangeOperator(FixMeanMutationRatesOperator)             6969.79210     231862          0    0.02320    1.00000 Try setting delta to about 13939.584
ScaleOperator(BirthDeathTreeScaler.t:tree)                         0.86294      49558     298590    0.03480    0.14235 
ScaleOperator(BirthDeathTreeRootScaler.t:tree)                     0.55261      30965     317245    0.03480    0.08893 Try setting scaleFactor to about 0.743
Uniform(BirthDeathUniformOperator.t:tree)                                -    1625636    1855037    0.34803    0.46705 
SubtreeSlide(BirthDeathSubtreeSlide.t:tree)                        4.94120     138042    1601705    0.17401    0.07935 Try decreasing size to about 2.471
Exchange(BirthDeathNarrow.t:tree)                                        -     860978     877901    0.17401    0.49513 
Exchange(BirthDeathWide.t:tree)                                          -      16880     331762    0.03480    0.04842 
WilsonBalding(BirthDeathWilsonBalding.t:tree)                            -      33520     314164    0.03480    0.09641 
ScaleOperator(BirthRateScaler.t:tree)                              0.42611      93718     254539    0.03480    0.26911 
ScaleOperator(DeathRateScaler.t:tree)                              0.12924      73437     275654    0.03480    0.21037 
ScaleOperator(StrictClockRateScaler.c:clock)                       0.83227      73341     274698    0.03480    0.21073 
UpDownOperator(strictClockUpDownOperator.c:clock)                  0.86371      75363     272063    0.03480    0.21692 
TipDatesRandomWalker(allTipDatesRandomWalker.t:tree)               1.00000          0          0    0.00000        NaN 

     Tuning: The value of the operator's tuning parameter, or '-' if the operator can't be optimized.
    #accept: The total number of times a proposal by this operator has been accepted.
    #reject: The total number of times a proposal by this operator has been rejected.
      Pr(m): The probability this operator is chosen in a step of the MCMC (i.e. the normalized weight).
  Pr(acc|m): The acceptance probability (#accept as a fraction of the total proposals for this operator).


Total calculation time: 12169.253 seconds
End likelihood: -102576.13882004582
