
                        BEAST v2.6.7, 2002-2022
             Bayesian Evolutionary Analysis Sampling Trees
                       Designed and developed by
 Remco Bouckaert, Alexei J. Drummond, Andrew Rambaut & Marc A. Suchard
                                    
                   Centre for Computational Evolution
                         University of Auckland
                       r.bouckaert@auckland.ac.nz
                        alexei@cs.auckland.ac.nz
                                    
                   Institute of Evolutionary Biology
                        University of Edinburgh
                           a.rambaut@ed.ac.uk
                                    
                    David Geffen School of Medicine
                 University of California, Los Angeles
                           msuchard@ucla.edu
                                    
                      Downloads, Help & Resources:
                           http://beast2.org/
                                    
  Source code distributed under the GNU Lesser General Public License:
                   http://github.com/CompEvol/beast2
                                    
                           BEAST developers:
   Alex Alekseyenko, Trevor Bedford, Erik Bloomquist, Joseph Heled, 
 Sebastian Hoehna, Denise Kuehnert, Philippe Lemey, Wai Lok Sibon Li, 
Gerton Lunter, Sidney Markowitz, Vladimir Minin, Michael Defoin Platel, 
          Oliver Pybus, Tim Vaughan, Chieh-Hsi Wu, Walter Xie
                                    
                               Thanks to:
          Roald Forsberg, Beth Shapiro and Korbinian Strimmer

Random number seed: 1742227405372

File: ctmc-strict-bd-7.xml seed: 1742227405372 threads: 1
Loading package BEASTvntr v0.1.3
Loading package PoMo v1.0.1
Loading package speedemon v1.0.0
Loading package feast v8.4.0
Loading package phylodynamics v1.3.0
Loading package SNAPP v1.5.2
Loading package BADTRIP v1.0.0
Loading package timtam v0.3.1
Loading package ORC v1.0.3
Loading package bacter v2.2.5
Loading package SpeciesNetwork v0.13.0
Loading package TreeStat2 v0.0.2
Loading package Mascot v2.1.2
Loading package starbeast2 v0.15.13
Loading package Beasy v0.0.2
Loading package bModelTest v1.2.1
Loading package ClaDS v1.1.3
Loading package Recombination v0.0.2
Loading package CoalRe v0.0.7
Loading package BASTA v3.0.1
Loading package contraband v1.0.0
Loading package BEAST v2.6.7
Loading package besp v0.2.0
Loading package BDMM v1.0.2
Loading package PIQMEE v1.0.2
Loading package BEASTLabs v1.9.7
Loading package BEAST_CLASSIC v1.5.0
Loading package BICEPS v1.0.1
Loading package CA v2.0.0
Loading package PhyDyn v1.3.8
Loading package MGSM v0.3.0
Loading package MASTER v6.1.2
Loading package TMA v1.0.0
Loading package flc v1.1.0
Loading package Babel v0.3.2
Loading package OBAMA v0.2.0
Loading package NS v1.1.0
Loading package starbeast3 v1.0.5
Loading package MultiTypeTree v7.0.2
Loading package snapper v1.0.3
Loading package STACEY v1.2.5
Loading package SCOTTI v2.0.1
Loading package DENIM v1.0.1
Loading package MODEL_SELECTION v1.5.3
Loading package substBMA v1.2.3
Loading package MM v1.1.1
Loading package BREAK_AWAY v1.0.1
Loading package EpiInf v7.5.2
Loading package GEO_SPHERE v1.3.1
Loading package SA v2.0.2
Loading package FastRelaxedClockLogNormal v1.1.1
Loading package BDSKY v1.4.8
Loading package SSM v1.1.0
Loading package CoupledMCMC v1.0.2
Loading package CodonSubstModels v1.1.3
Loading package BEAST v2.6.7
Alignment(SequenceSimulator)
  50 taxa
  3000 sites
  3000 patterns

Filter ::
50 taxa
3000 sites
3000 patterns
Failed to load BEAGLE library: no hmsbeagle-jni in java.library.path
TreeLikelihood(treeLikelihood.SequenceSimulator) uses BeerLikelihoodCore
  FilteredAlignment(bin.SequenceSimulator): [taxa, patterns, sites] = [50, 3000, 2999]
WARNING: the dimension of the parameter is 1 at the start of the run.
         The operator FixMeanMutationRatesOperator has no effect (if this does not change).
===============================================================================
Citations for this model:

Bouckaert, Remco, Timothy G. Vaughan, Joëlle Barido-Sottani, Sebastián Duchêne, Mathieu Fourment, 
Alexandra Gavryushkina, Joseph Heled, Graham Jones, Denise Kühnert, Nicola De Maio, Michael Matschiner, 
Fábio K. Mendes, Nicola F. Müller, Huw A. Ogilvie, Louis du Plessis, Alex Popinga, Andrew Rambaut, 
David Rasmussen, Igor Siveroni, Marc A. Suchard, Chieh-Hsi Wu, Dong Xie, Chi Zhang, Tanja Stadler, 
Alexei J. Drummond 
  BEAST 2.5: An advanced software platform for Bayesian evolutionary analysis. 
  PLoS computational biology 15, no. 4 (2019): e1006650.

Gernhard 2008. The conditioned reconstructed process. Journal of Theoretical Biology Volume 253, Issue 4, 21 August 2008, Pages 769-778

===============================================================================
Start likelihood: -104897.84161447582 
Writing file ctmc-strict-bd-7.log
Writing file ctmc-strict-bd-7.trees
         Sample      posterior ESS(posterior)     likelihood          prior
              0   -104896.4329              N   -104371.7316      -524.7012 --
           1000   -104043.9455         2.0      -103892.4031      -151.5424 --
           2000   -103680.8146         3.0      -103529.8032      -151.0114 --
           3000   -103196.6457         4.0      -103048.4599      -148.1857 --
           4000   -102957.0268         3.1      -102813.4939      -143.5329 --
           5000   -102612.7899         2.6      -102477.5833      -135.2066 --
           6000   -101977.8298         2.7      -101841.9251      -135.9046 --
           7000   -101567.7677         2.7      -101434.0549      -133.7128 --
           8000   -101270.0389         2.7      -101139.8163      -130.2225 --
           9000   -101173.5644         2.5      -101049.4455      -124.1189 --
          10000   -101171.9256         2.6      -101043.7705      -128.1550 --
          11000   -101176.4371         2.4      -101048.6872      -127.7498 18m12s/Msamples
          12000   -101168.8671         2.4      -101043.2588      -125.6082 18m51s/Msamples
          13000   -101159.5079         2.5      -101036.3310      -123.1768 19m0s/Msamples
          14000   -101143.7149         2.6      -101019.2676      -124.4472 18m51s/Msamples
          15000   -101146.2781         2.7      -101022.7464      -123.5316 18m47s/Msamples
          16000   -101159.6650         2.9      -101033.1693      -126.4956 18m51s/Msamples
          17000   -101145.0284         3.0      -101020.0949      -124.9335 18m48s/Msamples
          18000   -101150.5041         3.2      -101026.3862      -124.1179 18m56s/Msamples
          19000   -101150.2681         3.5      -101030.7919      -119.4762 18m51s/Msamples
          20000   -101143.5455         3.7      -101023.1190      -120.4264 18m48s/Msamples
          21000   -101137.4926         3.9      -101019.2952      -118.1974 18m49s/Msamples
          22000   -101137.4748         4.1      -101020.2592      -117.2156 18m59s/Msamples
          23000   -101139.2750         4.3      -101025.8871      -113.3879 19m2s/Msamples
          24000   -101121.5444         4.5      -101008.3224      -113.2219 19m2s/Msamples
          25000   -101130.0302         4.7      -101013.2768      -116.7534 19m3s/Msamples
          26000   -101128.2412         4.9      -101012.7816      -115.4596 19m2s/Msamples
          27000   -101134.6523         5.0      -101014.9410      -119.7112 19m1s/Msamples
          28000   -101132.5868         5.2      -101018.7351      -113.8516 19m2s/Msamples
          29000   -101138.6606         6.1      -101026.3138      -112.3467 19m4s/Msamples
          30000   -101132.1961         6.3      -101021.7725      -110.4236 18m57s/Msamples
          31000   -101136.4527         6.5      -101026.1616      -110.2910 19m1s/Msamples
          32000   -101134.7523         6.7      -101028.7591      -105.9932 19m2s/Msamples
          33000   -101127.7649         7.0      -101024.0349      -103.7300 19m0s/Msamples
          34000   -101134.2695         7.2      -101028.7761      -105.4933 18m58s/Msamples
          35000   -101124.3215         7.4      -101017.8816      -106.4398 18m52s/Msamples
          36000   -101110.4059         7.6      -101001.9909      -108.4149 18m51s/Msamples
          37000   -101126.9183         7.8      -101021.1522      -105.7660 18m51s/Msamples
          38000   -101111.6121         8.0      -101006.7211      -104.8910 18m48s/Msamples
          39000   -101112.8978         9.9      -101007.0767      -105.8210 18m49s/Msamples
          40000   -101109.5596        10.1      -101009.2310      -100.3286 18m49s/Msamples
          41000   -101111.4805        10.4      -101010.3581      -101.1224 18m49s/Msamples
          42000   -101120.4901        10.6      -101012.7586      -107.7314 18m52s/Msamples
          43000   -101116.8024        10.8      -101009.1516      -107.6508 18m53s/Msamples
          44000   -101115.6460        11.1      -101008.8031      -106.8428 18m55s/Msamples
          45000   -101109.5108        11.3      -101005.3043      -104.2065 18m56s/Msamples
          46000   -101110.7580        11.5      -101005.4595      -105.2985 18m56s/Msamples
          47000   -101109.2760        11.7      -101005.4401      -103.8358 18m54s/Msamples
          48000   -101109.1713        12.0      -101005.0647      -104.1066 18m56s/Msamples
          49000   -101114.1631        14.4      -101010.2574      -103.9056 18m58s/Msamples
          50000   -101117.7122        14.6      -101008.7217      -108.9904 18m57s/Msamples
          51000   -101110.3660        14.8      -101006.4788      -103.8872 18m58s/Msamples
          52000   -101119.1572        15.0      -101011.6845      -107.4726 18m57s/Msamples
          53000   -101118.5392        15.2      -101013.5548      -104.9844 18m58s/Msamples
          54000   -101126.4649        15.4      -101016.8827      -109.5821 18m59s/Msamples
          55000   -101119.0843        15.6      -101008.8535      -110.2307 18m58s/Msamples
          56000   -101109.4317        15.8      -101003.4962      -105.9355 18m56s/Msamples
          57000   -101109.1091        16.0      -101001.5502      -107.5589 18m57s/Msamples
          58000   -101109.9063        16.2      -101006.3996      -103.5066 18m55s/Msamples
          59000   -101113.5385        15.2      -101006.9990      -106.5395 18m53s/Msamples
          60000   -101099.4454        15.3      -101001.3125       -98.1328 18m55s/Msamples
          61000   -101114.5996        15.4      -101015.3454       -99.2542 18m55s/Msamples
          62000   -101114.2827        15.5      -101011.6702      -102.6125 18m52s/Msamples
          63000   -101110.7049        15.7      -101009.9531      -100.7517 18m51s/Msamples
          64000   -101118.1190        15.9      -101016.2029      -101.9161 18m50s/Msamples
          65000   -101110.3849        16.0      -101008.1960      -102.1889 18m49s/Msamples
          66000   -101100.4168        16.2      -101004.2272       -96.1895 18m52s/Msamples
          67000   -101101.3493        16.3      -101005.8434       -95.5059 18m54s/Msamples
          68000   -101099.6101        16.3      -101004.2414       -95.3687 18m53s/Msamples
          69000   -101100.4970        10.7      -101004.9800       -95.5169 18m54s/Msamples
          70000   -101106.2635        10.7      -101014.1057       -92.1578 18m55s/Msamples
          71000   -101107.6723        10.7      -101012.5469       -95.1254 18m55s/Msamples
          72000   -101110.0809        10.7      -101011.2940       -98.7869 18m55s/Msamples
          73000   -101103.5911        10.7      -101008.2608       -95.3302 18m55s/Msamples
          74000   -101098.0697        10.6      -101000.7809       -97.2887 18m56s/Msamples
          75000   -101096.7748        10.6      -101001.4079       -95.3669 18m56s/Msamples
          76000   -101116.8262        10.7      -101022.2691       -94.5570 18m56s/Msamples
          77000   -101105.5679        10.7      -101007.7259       -97.8420 18m56s/Msamples
          78000   -101120.7513        10.8      -101021.7181       -99.0331 18m57s/Msamples
          79000   -101112.1997         4.5      -101013.7899       -98.4097 18m59s/Msamples
          80000   -101114.0632         4.5      -101013.5868      -100.4763 19m1s/Msamples
          81000   -101115.5788         4.6      -101011.4691      -104.1096 19m1s/Msamples
          82000   -101112.4790         4.6      -101010.9260      -101.5530 19m0s/Msamples
          83000   -101127.4594         4.7      -101022.1684      -105.2909 19m0s/Msamples
          84000   -101106.8197         4.7      -101005.9575      -100.8621 19m0s/Msamples
          85000   -101098.5628         4.7      -101000.4751       -98.0876 18m59s/Msamples
          86000   -101107.0214         4.7      -101008.9261       -98.0953 18m58s/Msamples
          87000   -101112.0791         4.7      -101011.6546      -100.4245 18m58s/Msamples
          88000   -101112.3016         4.8      -101013.2969       -99.0046 18m58s/Msamples
          89000   -101112.6768         3.7      -101010.1649      -102.5119 18m57s/Msamples
          90000   -101105.2266         3.7      -101006.5096       -98.7170 18m57s/Msamples
          91000   -101109.8485         3.8      -101013.3385       -96.5099 18m57s/Msamples
          92000   -101100.7058         3.8      -101002.7497       -97.9560 18m57s/Msamples
          93000   -101103.4492         3.8      -101000.2265      -103.2226 18m56s/Msamples
          94000   -101102.4755         3.8      -101001.7224      -100.7530 18m56s/Msamples
          95000   -101103.8530         3.8      -101001.6475      -102.2055 18m56s/Msamples
          96000   -101105.0124         3.9      -101002.8336      -102.1787 18m56s/Msamples
          97000   -101098.6820         3.9      -100997.0644      -101.6175 18m56s/Msamples
          98000   -101114.2957         3.9      -101010.1681      -104.1276 18m55s/Msamples
          99000   -101101.2204         4.0      -100999.8351      -101.3853 18m54s/Msamples
         100000   -101104.0572         4.1      -101003.0035      -101.0537 18m54s/Msamples
         101000   -101112.1129         4.1      -101011.4907      -100.6222 18m53s/Msamples
         102000   -101104.6480         4.1      -101006.5379       -98.1101 18m53s/Msamples
         103000   -101108.6870         4.1      -101010.6926       -97.9944 18m52s/Msamples
         104000   -101116.9803         4.2      -101019.0204       -97.9598 18m51s/Msamples
         105000   -101119.8373         4.2      -101023.6190       -96.2182 18m51s/Msamples
         106000   -101109.1848         4.3      -101010.3784       -98.8064 18m50s/Msamples
         107000   -101109.6706         4.3      -101012.4973       -97.1732 18m51s/Msamples
         108000   -101101.9960         4.3      -101002.9234       -99.0726 18m51s/Msamples
         109000   -101125.9371         4.5      -101024.9032      -101.0338 18m51s/Msamples
         110000   -101110.6314         4.5      -101011.7839       -98.8475 18m51s/Msamples
         111000   -101117.2957         4.6      -101012.6523      -104.6433 18m52s/Msamples
         112000   -101107.4273         4.6      -101003.6753      -103.7519 18m52s/Msamples
         113000   -101106.9200         4.6      -101006.8997      -100.0203 18m54s/Msamples
         114000   -101112.3133         4.7      -101009.3448      -102.9684 18m54s/Msamples
         115000   -101109.8143         4.7      -101008.2024      -101.6118 18m55s/Msamples
         116000   -101114.8957         4.8      -101010.7045      -104.1912 18m56s/Msamples
         117000   -101104.9176         4.8      -101002.5771      -102.3405 18m56s/Msamples
         118000   -101110.5558         4.8      -101007.8187      -102.7371 18m55s/Msamples
         119000   -101105.6658         4.9      -100998.4909      -107.1749 18m55s/Msamples
         120000   -101111.1268         4.9      -101003.6026      -107.5242 18m55s/Msamples
         121000   -101108.2880         4.9      -101004.6979      -103.5901 18m54s/Msamples
         122000   -101105.2993         4.9      -101001.2279      -104.0714 18m54s/Msamples
         123000   -101107.1248         5.0      -101002.5691      -104.5557 18m54s/Msamples
         124000   -101105.2506         5.0      -101003.2770      -101.9736 18m54s/Msamples
         125000   -101111.4126         5.0      -101009.8851      -101.5275 18m54s/Msamples
         126000   -101110.5193         5.1      -101008.7817      -101.7375 18m54s/Msamples
         127000   -101111.3141         5.1      -101003.8285      -107.4855 18m54s/Msamples
         128000   -101117.6492         5.2      -101012.3237      -105.3255 18m55s/Msamples
         129000   -101109.6396         5.2      -101004.5161      -105.1235 18m55s/Msamples
         130000   -101108.4415         5.3      -101005.9050      -102.5365 18m56s/Msamples
         131000   -101110.1820         5.3      -101008.4165      -101.7655 18m57s/Msamples
         132000   -101114.3242         5.4      -101010.2577      -104.0664 18m58s/Msamples
         133000   -101112.6850         5.4      -101010.9649      -101.7201 18m58s/Msamples
         134000   -101111.7602         5.4      -101005.6511      -106.1090 18m59s/Msamples
         135000   -101107.1708         5.5      -101003.1744      -103.9964 18m59s/Msamples
         136000   -101098.7679         5.6      -100995.1596      -103.6083 18m59s/Msamples
         137000   -101117.7386         5.6      -101012.0648      -105.6737 18m58s/Msamples
         138000   -101104.7283         5.7      -100999.0620      -105.6663 18m58s/Msamples
         139000   -101111.9827         5.8      -101004.3958      -107.5868 18m58s/Msamples
         140000   -101111.6668         5.9      -101007.1593      -104.5075 18m59s/Msamples
         141000   -101111.4644         5.9      -101001.1943      -110.2700 18m58s/Msamples
         142000   -101111.8880         6.0      -101000.2877      -111.6003 18m58s/Msamples
         143000   -101126.8374         6.1      -101013.7261      -113.1112 18m58s/Msamples
         144000   -101117.1076         6.2      -101004.2948      -112.8128 18m58s/Msamples
         145000   -101116.4192         6.2      -101002.4981      -113.9211 18m58s/Msamples
         146000   -101124.3285         6.3      -101009.1788      -115.1497 18m58s/Msamples
         147000   -101114.2210         6.4      -100997.5614      -116.6596 18m58s/Msamples
         148000   -101120.1756         6.4      -101005.7468      -114.4288 18m59s/Msamples
         149000   -101131.1616         6.8      -101015.3366      -115.8250 18m58s/Msamples
         150000   -101132.8851         7.0      -101010.9817      -121.9034 18m58s/Msamples
         151000   -101113.2216         7.1      -100996.9641      -116.2574 18m58s/Msamples
         152000   -101117.7459         7.1      -101002.4706      -115.2753 18m58s/Msamples
         153000   -101118.4477         7.2      -100997.7474      -120.7003 18m58s/Msamples
         154000   -101119.9331         7.2      -101000.6807      -119.2523 18m58s/Msamples
         155000   -101113.3698         7.3      -100992.3345      -121.0353 18m59s/Msamples
         156000   -101118.1752         7.4      -100997.3385      -120.8366 18m58s/Msamples
         157000   -101118.2955         7.4      -101002.3902      -115.9053 18m57s/Msamples
         158000   -101107.5751         7.5      -100993.3440      -114.2311 18m57s/Msamples
         159000   -101110.3137         7.9      -100994.2789      -116.0348 18m57s/Msamples
         160000   -101112.2978         8.0      -101004.5888      -107.7090 18m58s/Msamples
         161000   -101106.1513         8.1      -100997.1921      -108.9592 18m59s/Msamples
         162000   -101113.8049         8.2      -101003.9007      -109.9041 19m0s/Msamples
         163000   -101104.0740         8.3      -101001.1592      -102.9147 19m1s/Msamples
         164000   -101111.0932         8.4      -101004.6516      -106.4415 19m1s/Msamples
         165000   -101110.8239         8.5      -101008.2587      -102.5651 19m1s/Msamples
         166000   -101089.9696         8.9      -100985.5272      -104.4423 19m2s/Msamples
         167000   -101096.2534         9.1      -100996.3313       -99.9221 19m1s/Msamples
         168000   -101108.5615         9.2      -101007.2497      -101.3118 19m1s/Msamples
         169000   -101106.3182         9.7      -101004.8587      -101.4594 19m1s/Msamples
         170000   -101100.7863         9.9      -100997.9626      -102.8237 19m0s/Msamples
         171000   -101104.5207        10.1      -101003.9474      -100.5732 19m0s/Msamples
         172000   -101102.9650        10.2      -101000.6869      -102.2780 19m0s/Msamples
         173000   -101102.8819        10.4      -101002.2419      -100.6400 19m0s/Msamples
         174000   -101104.2377        10.5      -101001.3410      -102.8966 19m0s/Msamples
         175000   -101098.7560        10.7      -100997.8264      -100.9296 19m0s/Msamples
         176000   -101093.7136        11.0      -100993.1396      -100.5740 18m59s/Msamples
         177000   -101102.1153        11.2      -101001.4459      -100.6694 19m0s/Msamples
         178000   -101094.6506        11.4      -100995.3363       -99.3143 19m0s/Msamples
         179000   -101096.7468        12.2      -100994.4135      -102.3333 19m0s/Msamples
         180000   -101100.5398        12.2      -101001.3064       -99.2333 19m1s/Msamples
         181000   -101098.8326        12.1      -100999.8276       -99.0049 19m1s/Msamples
         182000   -101099.2062        12.0      -100997.1715      -102.0347 19m1s/Msamples
         183000   -101112.6938        12.1      -101011.8366      -100.8572 19m0s/Msamples
         184000   -101114.5538        12.2      -101012.2220      -102.3318 19m0s/Msamples
         185000   -101109.9004        12.2      -101005.5779      -104.3224 19m0s/Msamples
         186000   -101107.2646        12.2      -101003.1156      -104.1490 19m0s/Msamples
         187000   -101105.8772        12.2      -101000.8207      -105.0564 19m0s/Msamples
         188000   -101111.4650        12.2      -101010.4601      -101.0049 19m0s/Msamples
         189000   -101100.9952        12.8      -100997.2575      -103.7377 19m0s/Msamples
         190000   -101099.5711        12.7      -100993.8079      -105.7632 19m0s/Msamples
         191000   -101105.4226        12.6      -100999.4707      -105.9519 19m0s/Msamples
         192000   -101108.2507        12.6      -101004.3742      -103.8765 19m0s/Msamples
         193000   -101108.0241        12.6      -101003.8035      -104.2205 19m0s/Msamples
         194000   -101110.7305        12.7      -101006.1476      -104.5829 18m59s/Msamples
         195000   -101107.7793        12.7      -101004.3256      -103.4537 19m0s/Msamples
         196000   -101106.4172        12.7      -101001.4782      -104.9390 19m0s/Msamples
         197000   -101098.7635        12.5      -100992.3699      -106.3935 19m0s/Msamples
         198000   -101098.6554        12.4      -100995.6839      -102.9714 19m0s/Msamples
         199000   -101094.7471        12.8      -100991.7451      -103.0019 18m59s/Msamples
         200000   -101089.9842        12.7      -100989.2298      -100.7543 18m59s/Msamples
         201000   -101096.1847        12.5      -100995.6274      -100.5572 18m59s/Msamples
         202000   -101095.9180        12.4      -100995.1645      -100.7535 18m59s/Msamples
         203000   -101098.0843        12.2      -100994.0520      -104.0323 18m58s/Msamples
         204000   -101104.6493        12.1      -101000.6087      -104.0406 18m58s/Msamples
         205000   -101103.4403        12.0      -101001.6082      -101.8321 18m58s/Msamples
         206000   -101106.8048        12.0      -101004.0685      -102.7363 18m58s/Msamples
         207000   -101094.9146        11.8      -100992.8304      -102.0842 18m58s/Msamples
         208000   -101093.1587        11.7      -100992.1593      -100.9993 18m58s/Msamples
         209000   -101099.3121        12.0      -100998.9788      -100.3333 18m58s/Msamples
         210000   -101087.1041        11.8      -100986.2212      -100.8829 18m57s/Msamples
         211000   -101101.5575        11.7      -100995.9689      -105.5886 18m57s/Msamples
         212000   -101103.2021        11.6      -101001.6221      -101.5799 18m57s/Msamples
         213000   -101118.7679        11.9      -101010.5250      -108.2429 18m56s/Msamples
         214000   -101116.1975        12.1      -101003.8929      -112.3046 18m57s/Msamples
         215000   -101105.6265        12.1      -101007.0316       -98.5948 18m57s/Msamples
         216000   -101104.2977        12.1      -101003.7092      -100.5885 18m57s/Msamples
         217000   -101102.0973        12.0      -100997.4273      -104.6700 18m58s/Msamples
         218000   -101092.2582        12.0      -100990.9437      -101.3145 18m58s/Msamples
         219000   -101112.6367        12.5      -101006.8549      -105.7818 18m58s/Msamples
         220000   -101106.1416        12.5      -101003.0559      -103.0856 18m58s/Msamples
         221000   -101115.3255        12.7      -101011.5972      -103.7283 18m58s/Msamples
         222000   -101109.5614        12.7      -101002.5296      -107.0318 18m58s/Msamples
         223000   -101110.5964        12.8      -101001.3731      -109.2233 18m57s/Msamples
         224000   -101123.9443        13.3      -101015.3493      -108.5950 18m57s/Msamples
         225000   -101117.6285        13.5      -101011.8172      -105.8113 18m57s/Msamples
         226000   -101114.4043        13.7      -101008.9073      -105.4970 18m56s/Msamples
         227000   -101106.0059        13.7      -101000.2803      -105.7256 18m57s/Msamples
         228000   -101099.4668        13.6      -101000.5201       -98.9466 18m56s/Msamples
         229000   -101098.3788        14.1      -100998.8782       -99.5006 18m56s/Msamples
         230000   -101095.5230        14.0      -100999.3434       -96.1795 18m56s/Msamples
         231000   -101094.3138        13.9      -100993.3416      -100.9721 18m56s/Msamples
         232000   -101092.4144        13.8      -100996.6634       -95.7509 18m56s/Msamples
         233000   -101085.7322        13.7      -100989.0033       -96.7288 18m56s/Msamples
         234000   -101094.6372        13.6      -100994.7664       -99.8708 18m56s/Msamples
         235000   -101100.2673        13.6      -100999.3879      -100.8793 18m56s/Msamples
         236000   -101105.9286        13.6      -101006.6646       -99.2639 18m56s/Msamples
         237000   -101113.3169        13.7      -101012.1131      -101.2037 18m56s/Msamples
         238000   -101113.8725        13.9      -101011.4558      -102.4167 18m57s/Msamples
         239000   -101109.7384        14.4      -101007.1176      -102.6207 18m57s/Msamples
         240000   -101117.0238        14.6      -101012.2164      -104.8073 18m57s/Msamples
         241000   -101117.0451        14.9      -101011.9930      -105.0521 18m57s/Msamples
         242000   -101109.3702        14.9      -101005.2999      -104.0703 18m57s/Msamples
         243000   -101095.1071        15.0      -100994.2543      -100.8527 18m57s/Msamples
         244000   -101089.5687        15.0      -100987.9605      -101.6082 18m57s/Msamples
         245000   -101096.4829        15.0      -100995.8524      -100.6304 18m57s/Msamples
         246000   -101106.9643        15.0      -101005.5414      -101.4229 18m57s/Msamples
         247000   -101106.3149        15.1      -101002.9391      -103.3758 18m57s/Msamples
         248000   -101100.7069        15.1      -100997.7857      -102.9211 18m56s/Msamples
         249000   -101099.9075        15.4      -100997.5903      -102.3172 18m56s/Msamples
         250000   -101109.8729        15.5      -101002.6931      -107.1797 18m56s/Msamples
         251000   -101105.1853        15.5      -100997.4776      -107.7076 18m56s/Msamples
         252000   -101094.3897        15.5      -100990.1524      -104.2372 18m56s/Msamples
         253000   -101113.6168        15.7      -101008.5342      -105.0825 18m56s/Msamples
         254000   -101106.6907        15.7      -101002.6741      -104.0166 18m56s/Msamples
         255000   -101097.0582        15.7      -100994.7594      -102.2987 18m56s/Msamples
         256000   -101106.0051        15.8      -101000.7409      -105.2642 18m56s/Msamples
         257000   -101114.4438        15.9      -101009.2998      -105.1440 18m56s/Msamples
         258000   -101102.6092        15.9      -100995.9847      -106.6244 18m56s/Msamples
         259000   -101107.9064        16.5      -101002.8643      -105.0421 18m56s/Msamples
         260000   -101105.9716        16.5      -101000.7727      -105.1988 18m56s/Msamples
         261000   -101114.6367        16.7      -101007.8278      -106.8088 18m56s/Msamples
         262000   -101111.5422        16.8      -101008.2260      -103.3162 18m56s/Msamples
         263000   -101114.1281        17.0      -101012.2278      -101.9002 18m56s/Msamples
         264000   -101108.8665        17.1      -101007.0593      -101.8071 18m56s/Msamples
         265000   -101106.6047        17.1      -101001.4274      -105.1773 18m56s/Msamples
         266000   -101111.6865        17.3      -101006.3560      -105.3304 18m56s/Msamples
         267000   -101112.5564        17.4      -101002.9846      -109.5718 18m56s/Msamples
         268000   -101108.0866        17.5      -100998.8967      -109.1898 18m56s/Msamples
         269000   -101107.1403        18.1      -101003.3619      -103.7784 18m56s/Msamples
         270000   -101115.4527        18.3      -101015.4245      -100.0281 18m56s/Msamples
         271000   -101098.3562        18.2      -100993.6012      -104.7549 18m56s/Msamples
         272000   -101091.2100        18.1      -100992.3527       -98.8572 18m56s/Msamples
         273000   -101103.3568        18.1      -101004.0711       -99.2856 18m56s/Msamples
         274000   -101102.7876        18.1      -101005.1592       -97.6283 18m56s/Msamples
         275000   -101089.8715        18.0      -100990.3047       -99.5668 18m56s/Msamples
         276000   -101097.5201        17.9      -101001.2193       -96.3007 18m56s/Msamples
         277000   -101099.2275        17.8      -101000.0153       -99.2121 18m55s/Msamples
         278000   -101108.1593        17.9      -101001.7900      -106.3693 18m55s/Msamples
         279000   -101095.6141        19.7      -100994.5303      -101.0838 18m55s/Msamples
         280000   -101093.8678        19.6      -100991.0515      -102.8162 18m55s/Msamples
         281000   -101091.8165        18.1      -100992.9543       -98.8622 18m55s/Msamples
         282000   -101092.4239        17.9      -100991.2263      -101.1976 18m54s/Msamples
         283000   -101094.0179        17.8      -100993.2011      -100.8167 18m54s/Msamples
         284000   -101092.0001        17.6      -100990.3944      -101.6056 18m54s/Msamples
         285000   -101102.9812        17.6      -101000.4262      -102.5550 18m54s/Msamples
         286000   -101095.8054        17.4      -100989.8947      -105.9106 18m54s/Msamples
         287000   -101089.9630        17.2      -100988.2933      -101.6697 18m54s/Msamples
         288000   -101094.2298        17.1      -100990.8705      -103.3593 18m54s/Msamples
         289000   -101098.6096        17.4      -100993.6636      -104.9459 18m54s/Msamples
         290000   -101087.9855        17.3      -100989.0443       -98.9411 18m54s/Msamples
         291000   -101095.2718        17.1      -100990.2938      -104.9779 18m54s/Msamples
         292000   -101103.1447        17.1      -100998.7786      -104.3661 18m54s/Msamples
         293000   -101091.3526        16.9      -100990.2093      -101.1433 18m54s/Msamples
         294000   -101101.7322        16.8      -100999.4958      -102.2363 18m54s/Msamples
         295000   -101092.2979        16.6      -100987.8111      -104.4868 18m53s/Msamples
         296000   -101100.9299        16.5      -100992.3522      -108.5776 18m53s/Msamples
         297000   -101108.5093        16.6      -101007.1907      -101.3185 18m53s/Msamples
         298000   -101104.0271        16.6      -101003.0187      -101.0084 18m53s/Msamples
         299000   -101101.5824        16.8      -100999.5216      -102.0608 18m53s/Msamples
         300000   -101105.5101        16.8      -101001.4245      -104.0855 18m53s/Msamples
         301000   -101103.1519        16.7      -100996.6335      -106.5183 18m53s/Msamples
         302000   -101097.8761        16.6      -100994.9239      -102.9521 18m53s/Msamples
         303000   -101093.6075        16.4      -100992.6334      -100.9740 18m53s/Msamples
         304000   -101104.0076        16.4      -101004.1364       -99.8712 18m53s/Msamples
         305000   -101091.4450        16.2      -100990.2045      -101.2405 18m53s/Msamples
         306000   -101101.2996        16.1      -101001.8360       -99.4636 18m53s/Msamples
         307000   -101092.4431        15.9      -100989.8786      -102.5645 18m53s/Msamples
         308000   -101103.8925        15.9      -101002.0029      -101.8895 18m52s/Msamples
         309000   -101096.1604        16.0      -100993.8641      -102.2962 18m52s/Msamples
         310000   -101096.5768        15.8      -100997.0629       -99.5138 18m52s/Msamples
         311000   -101092.5282        15.6      -100990.1809      -102.3473 18m52s/Msamples
         312000   -101099.6647        15.5      -100998.8427      -100.8219 18m52s/Msamples
         313000   -101104.4387        15.5      -101002.3656      -102.0731 18m51s/Msamples
         314000   -101101.4118        15.5      -100997.4485      -103.9632 18m52s/Msamples
         315000   -101108.0277        15.5      -101002.6339      -105.3938 18m52s/Msamples
         316000   -101099.9916        15.4      -100998.6129      -101.3786 18m52s/Msamples
         317000   -101100.6058        15.3      -100998.0286      -102.5771 18m52s/Msamples
         318000   -101099.7163        15.2      -100992.1330      -107.5832 18m52s/Msamples
         319000   -101098.5455        15.2      -100991.9669      -106.5786 18m52s/Msamples
         320000   -101103.6659        15.1      -100996.6261      -107.0397 18m52s/Msamples
         321000   -101100.5773        15.0      -100995.8493      -104.7279 18m52s/Msamples
         322000   -101104.7650        15.0      -101002.2118      -102.5531 18m52s/Msamples
         323000   -101092.4009        14.7      -100990.4196      -101.9813 18m52s/Msamples
         324000   -101113.3947        15.0      -101009.6658      -103.7288 18m52s/Msamples
         325000   -101112.3949        15.3      -101008.4683      -103.9266 18m52s/Msamples
         326000   -101105.1806        15.3      -101000.0566      -105.1240 18m52s/Msamples
         327000   -101114.7921        15.6      -101008.2886      -106.5034 18m52s/Msamples
         328000   -101104.0799        15.6      -101003.3740      -100.7059 18m52s/Msamples
         329000   -101126.1602        16.6      -101019.8876      -106.2725 18m52s/Msamples
         330000   -101125.8056        17.4      -101018.8077      -106.9978 18m52s/Msamples
         331000   -101113.9621        17.6      -101009.6526      -104.3094 18m52s/Msamples
         332000   -101112.0388        17.8      -101005.4513      -106.5875 18m52s/Msamples
         333000   -101114.8933        18.1      -101004.3280      -110.5652 18m52s/Msamples
         334000   -101106.1326        18.2      -101000.3081      -105.8244 18m53s/Msamples
         335000   -101103.1349        18.2      -100996.6904      -106.4445 18m53s/Msamples
         336000   -101107.2967        18.2      -101003.5952      -103.7014 18m53s/Msamples
         337000   -101101.8196        18.2      -100998.8079      -103.0117 18m53s/Msamples
         338000   -101090.1210        18.3      -100987.1233      -102.9976 18m53s/Msamples
         339000   -101089.0139        18.4      -100988.8632      -100.1507 18m52s/Msamples
         340000   -101089.9006        18.4      -100990.7792       -99.1213 18m53s/Msamples
         341000   -101102.0871        18.4      -100999.6623      -102.4247 18m53s/Msamples
         342000   -101097.2436        18.4      -100990.4632      -106.7804 18m53s/Msamples
         343000   -101105.6694        18.4      -100998.4980      -107.1713 18m52s/Msamples
         344000   -101093.5672        18.4      -100989.4264      -104.1408 18m53s/Msamples
         345000   -101111.3814        18.6      -101003.3440      -108.0373 18m53s/Msamples
         346000   -101117.3552        18.9      -101013.2534      -104.1018 18m53s/Msamples
         347000   -101104.1449        18.9      -101000.6767      -103.4682 18m53s/Msamples
         348000   -101105.3167        19.0      -101000.3759      -104.9407 18m53s/Msamples
         349000   -101097.2672        19.1      -100992.7082      -104.5590 18m53s/Msamples
         350000   -101093.8693        19.1      -100993.8103      -100.0590 18m53s/Msamples
         351000   -101102.4227        19.1      -101000.4051      -102.0176 18m53s/Msamples
         352000   -101102.3946        19.1      -101001.8382      -100.5563 18m53s/Msamples
         353000   -101109.5090        19.2      -101009.9104       -99.5986 18m53s/Msamples
         354000   -101104.3524        19.3      -101000.0449      -104.3075 18m53s/Msamples
         355000   -101106.2793        19.3      -101004.7518      -101.5275 18m53s/Msamples
         356000   -101096.7173        19.4      -100993.5564      -103.1609 18m53s/Msamples
         357000   -101098.0250        19.4      -100996.3933      -101.6317 18m53s/Msamples
         358000   -101098.3552        19.4      -100994.7728      -103.5824 18m53s/Msamples
         359000   -101101.8758        19.6      -100999.1002      -102.7756 18m53s/Msamples
         360000   -101085.2095        10.4      -100986.9741       -98.2353 18m53s/Msamples
         361000   -101097.9001        10.4      -100994.3998      -103.5003 18m53s/Msamples
         362000   -101112.1440        10.5      -101003.1539      -108.9901 18m54s/Msamples
         363000   -101101.7819        10.5      -101000.2957      -101.4862 18m53s/Msamples
         364000   -101087.3940        13.1      -100985.1837      -102.2103 18m53s/Msamples
         365000   -101090.9629        12.9      -100991.4918       -99.4711 18m54s/Msamples
         366000   -101104.1808        12.9      -101002.1270      -102.0538 18m54s/Msamples
         367000   -101110.2600        13.1      -101001.6725      -108.5874 18m54s/Msamples
         368000   -101092.8750        12.9      -100991.0990      -101.7759 18m54s/Msamples
         369000   -101085.3435        10.3      -100982.9553      -102.3881 18m54s/Msamples
         370000   -101087.2138        10.2      -100987.7363       -99.4775 18m54s/Msamples
         371000   -101093.0838        10.2      -100991.4797      -101.6040 18m54s/Msamples
         372000   -101094.1329        10.1      -100991.5187      -102.6142 18m54s/Msamples
         373000   -101101.2592        10.1      -100996.1642      -105.0949 18m54s/Msamples
         374000   -101096.7137        10.0      -100993.3168      -103.3969 18m54s/Msamples
         375000   -101090.3337         9.9      -100991.6137       -98.7200 18m54s/Msamples
         376000   -101100.3683         9.9      -100998.1712      -102.1971 18m54s/Msamples
         377000   -101095.5329         9.8      -100991.9218      -103.6110 18m54s/Msamples
         378000   -101099.7268         9.8      -100998.3810      -101.3457 18m54s/Msamples
         379000   -101108.0358        10.0      -101006.9502      -101.0856 18m54s/Msamples
         380000   -101110.9582        10.2      -101009.2561      -101.7021 18m54s/Msamples
         381000   -101109.1568        10.3      -101007.7127      -101.4441 18m54s/Msamples
         382000   -101115.3352        10.5      -101009.9225      -105.4127 18m54s/Msamples
         383000   -101101.6278        10.5      -100997.9422      -103.6856 18m54s/Msamples
         384000   -101101.4683        10.4      -100998.8315      -102.6368 18m54s/Msamples
         385000   -101099.6094        10.4      -100997.1412      -102.4682 18m55s/Msamples
         386000   -101100.5366        10.4      -100999.0454      -101.4912 18m55s/Msamples
         387000   -101098.3923        10.3      -100996.9178      -101.4745 18m55s/Msamples
         388000   -101104.8725        10.3      -101001.1609      -103.7115 18m55s/Msamples
         389000   -101101.2137        10.4      -101000.1339      -101.0798 18m54s/Msamples
         390000   -101104.6318        10.4      -100999.0324      -105.5994 18m54s/Msamples
         391000   -101101.1104        10.4      -100994.4279      -106.6824 18m55s/Msamples
         392000   -101096.1253        10.3      -100992.4747      -103.6506 18m55s/Msamples
         393000   -101100.3770        10.3      -100996.5794      -103.7975 18m55s/Msamples
         394000   -101096.5806        10.2      -100990.1823      -106.3982 18m55s/Msamples
         395000   -101104.7460        10.2      -100999.5176      -105.2283 18m55s/Msamples
         396000   -101106.7823        10.3      -100999.7541      -107.0282 18m55s/Msamples
         397000   -101100.4520        10.2      -101000.3050      -100.1470 18m55s/Msamples
         398000   -101098.3435        10.2      -100996.8965      -101.4469 18m55s/Msamples
         399000   -101102.3968        10.3      -100998.1745      -104.2222 18m56s/Msamples
         400000   -101098.5500        10.2      -100991.1766      -107.3733 18m56s/Msamples
         401000   -101106.0586        10.3      -100995.2827      -110.7759 18m56s/Msamples
         402000   -101105.6400        10.3      -100997.2308      -108.4091 18m56s/Msamples
         403000   -101101.6524        10.3      -100994.3544      -107.2980 18m56s/Msamples
         404000   -101098.4565        10.3      -100993.6297      -104.8268 18m56s/Msamples
         405000   -101102.2783        10.3      -100992.4534      -109.8248 18m56s/Msamples
         406000   -101109.1964        10.4      -100999.6739      -109.5224 18m56s/Msamples
         407000   -101106.0305        10.4      -100998.3682      -107.6623 18m56s/Msamples
         408000   -101104.2888        10.4      -101001.0894      -103.1994 18m56s/Msamples
         409000   -101102.0809        10.5      -100996.9555      -105.1254 18m57s/Msamples
         410000   -101106.7599        10.5      -100999.9079      -106.8519 18m57s/Msamples
         411000   -101102.9836        10.5      -100999.7900      -103.1936 18m57s/Msamples
         412000   -101105.0959        10.6      -101001.0112      -104.0847 18m57s/Msamples
         413000   -101102.2102        10.6      -100998.1820      -104.0282 18m57s/Msamples
         414000   -101106.9173        10.6      -101004.2606      -102.6567 18m57s/Msamples
         415000   -101086.4193        10.6      -100987.7186       -98.7006 18m57s/Msamples
         416000   -101099.8751        10.6      -100998.5755      -101.2996 18m57s/Msamples
         417000   -101094.7132        10.6      -100993.6732      -101.0400 18m57s/Msamples
         418000   -101102.5050        10.6      -100999.1032      -103.4017 18m57s/Msamples
         419000   -101101.4329        10.7      -100999.9450      -101.4879 18m57s/Msamples
         420000   -101101.4663        10.7      -100998.5045      -102.9617 18m57s/Msamples
         421000   -101095.8177        10.6      -100995.4009      -100.4168 18m58s/Msamples
         422000   -101106.5408        10.7      -101003.0525      -103.4883 18m58s/Msamples
         423000   -101113.0495        10.8      -101009.6818      -103.3677 18m58s/Msamples
         424000   -101101.4691        10.8      -101000.5724      -100.8966 18m58s/Msamples
         425000   -101110.9071        10.9      -101008.9605      -101.9465 18m58s/Msamples
         426000   -101117.4422        11.1      -101016.6659      -100.7763 18m58s/Msamples
         427000   -101106.1068        11.2      -101008.5875       -97.5192 18m57s/Msamples
         428000   -101099.9688        11.2      -101002.6601       -97.3086 18m57s/Msamples
         429000   -101095.7088        11.4      -100994.5263      -101.1824 18m57s/Msamples
         430000   -101098.3162        11.4      -100997.4943      -100.8218 18m57s/Msamples
         431000   -101095.3036        11.4      -100997.7009       -97.6027 18m57s/Msamples
         432000   -101107.2296        11.4      -101007.6936       -99.5359 18m57s/Msamples
         433000   -101100.4769        11.4      -101000.0552      -100.4216 18m56s/Msamples
         434000   -101098.3529        11.4      -100996.1213      -102.2316 18m56s/Msamples
         435000   -101098.0472        11.4      -100998.1438       -99.9033 18m56s/Msamples
         436000   -101096.5519        11.4      -100993.4046      -103.1473 18m56s/Msamples
         437000   -101106.0149        11.4      -100999.3573      -106.6576 18m56s/Msamples
         438000   -101104.3809        11.5      -100997.8607      -106.5201 18m56s/Msamples
         439000   -101103.4989        11.7      -100997.7690      -105.7299 18m56s/Msamples
         440000   -101104.8687        11.7      -101002.8650      -102.0036 18m56s/Msamples
         441000   -101100.8571        11.7      -100994.8487      -106.0083 18m56s/Msamples
         442000   -101106.2937        11.8      -101001.8421      -104.4515 18m56s/Msamples
         443000   -101108.2709        11.8      -101003.0643      -105.2065 18m56s/Msamples
         444000   -101098.6781        11.8      -100997.1914      -101.4867 18m56s/Msamples
         445000   -101106.8742        11.9      -101001.6885      -105.1856 18m56s/Msamples
         446000   -101099.4139        11.9      -100998.2432      -101.1706 18m56s/Msamples
         447000   -101108.2529        11.9      -101007.5030      -100.7499 18m56s/Msamples
         448000   -101119.3278        12.2      -101016.2756      -103.0522 18m56s/Msamples
         449000   -101110.7291        12.5      -101010.1952      -100.5338 18m56s/Msamples
         450000   -101095.6687        12.5      -100993.1384      -102.5303 18m57s/Msamples
         451000   -101102.7217        12.5      -100995.1562      -107.5654 18m57s/Msamples
         452000   -101103.1851        12.5      -100997.9015      -105.2836 18m57s/Msamples
         453000   -101098.8481        12.5      -100993.8506      -104.9974 18m57s/Msamples
         454000   -101109.4676        12.6      -101003.4196      -106.0480 18m57s/Msamples
         455000   -101104.6183        12.6      -101000.4675      -104.1508 18m57s/Msamples
         456000   -101100.3867        12.6      -100992.2856      -108.1011 18m57s/Msamples
         457000   -101099.2653        12.6      -100993.2883      -105.9770 18m57s/Msamples
         458000   -101104.5188        12.6      -101000.7260      -103.7927 18m57s/Msamples
         459000   -101093.0094        12.6      -100990.0571      -102.9523 18m57s/Msamples
         460000   -101081.8399        12.7      -100982.5062       -99.3337 18m57s/Msamples
         461000   -101094.5400        12.6      -100992.8266      -101.7134 18m57s/Msamples
         462000   -101092.4057        12.6      -100991.2007      -101.2049 18m57s/Msamples
         463000   -101097.4097        12.6      -100997.2715      -100.1381 18m57s/Msamples
         464000   -101099.6561        12.6      -100996.4558      -103.2002 18m56s/Msamples
         465000   -101096.2804        12.5      -100990.8051      -105.4753 18m56s/Msamples
         466000   -101089.3162        12.5      -100987.5970      -101.7191 18m57s/Msamples
         467000   -101091.4544        12.4      -100990.5137      -100.9407 18m57s/Msamples
         468000   -101094.2802        12.4      -100988.3362      -105.9440 18m57s/Msamples
         469000   -101097.3323        12.5      -100989.6532      -107.6791 18m57s/Msamples
         470000   -101095.0206        12.4      -100991.3897      -103.6308 18m57s/Msamples
         471000   -101107.3755        12.5      -101005.9107      -101.4648 18m57s/Msamples
         472000   -101103.9891        12.5      -100998.3502      -105.6388 18m57s/Msamples
         473000   -101093.7935        12.5      -100989.8743      -103.9191 18m57s/Msamples
         474000   -101091.0766        12.4      -100986.9507      -104.1258 18m57s/Msamples
         475000   -101087.0103        12.4      -100987.4461       -99.5641 18m57s/Msamples
         476000   -101095.9829        12.4      -100998.5481       -97.4348 18m57s/Msamples
         477000   -101089.1784        12.3      -100990.4321       -98.7462 18m57s/Msamples
         478000   -101088.0935        12.3      -100985.8312      -102.2622 18m57s/Msamples
         479000   -101103.5625        12.3      -101002.9859      -100.5766 18m57s/Msamples
         480000   -101106.2595        12.4      -101006.1045      -100.1549 18m57s/Msamples
         481000   -101102.3064        12.4      -101002.3876       -99.9187 18m57s/Msamples
         482000   -101095.6555        12.4      -100992.2731      -103.3824 18m57s/Msamples
         483000   -101091.6073        12.3      -100989.1566      -102.4507 18m57s/Msamples
         484000   -101103.3772        12.4      -101000.7849      -102.5923 18m57s/Msamples
         485000   -101091.5075        12.3      -100991.6203       -99.8872 18m57s/Msamples
         486000   -101095.1327        12.3      -100992.2140      -102.9187 18m57s/Msamples
         487000   -101095.8176        12.2      -100994.6757      -101.1419 18m57s/Msamples
         488000   -101094.0472        12.2      -100991.5004      -102.5467 18m57s/Msamples
         489000   -101108.4944        12.3      -101007.3290      -101.1654 18m57s/Msamples
         490000   -101112.0657        12.5      -101008.2860      -103.7797 18m57s/Msamples
         491000   -101097.2547        12.5      -100995.0767      -102.1780 18m57s/Msamples
         492000   -101095.9004        12.4      -100994.8180      -101.0824 18m57s/Msamples
         493000   -101094.9074        12.4      -100994.1844      -100.7229 18m57s/Msamples
         494000   -101088.2335        12.4      -100991.6943       -96.5392 18m57s/Msamples
         495000   -101086.6487        12.4      -100990.8933       -95.7553 18m57s/Msamples
         496000   -101098.3919        12.4      -100992.9242      -105.4677 18m57s/Msamples
         497000   -101093.3787        12.3      -100992.2139      -101.1647 18m57s/Msamples
         498000   -101089.5877        12.3      -100988.4265      -101.1611 18m57s/Msamples
         499000   -101096.5980        12.4      -100995.7691      -100.8289 18m56s/Msamples
         500000   -101093.8121        12.4      -100989.4021      -104.4100 18m56s/Msamples
         501000   -101098.8896        12.4      -100994.1639      -104.7257 18m56s/Msamples
         502000   -101098.5581        12.4      -100993.8563      -104.7017 18m56s/Msamples
         503000   -101102.8063        12.4      -100998.0111      -104.7951 18m56s/Msamples
         504000   -101103.8935        12.4      -101001.6558      -102.2376 18m56s/Msamples
         505000   -101111.7721        12.6      -101010.2211      -101.5510 18m56s/Msamples
         506000   -101111.9239        12.7      -101007.7488      -104.1750 18m57s/Msamples
         507000   -101103.6239        12.7      -100997.0214      -106.6025 18m57s/Msamples
         508000   -101101.8983        12.7      -100998.3106      -103.5876 18m57s/Msamples
         509000   -101101.5866        12.9      -100999.7077      -101.8788 18m57s/Msamples
         510000   -101107.9775        13.0      -101007.3232      -100.6543 18m57s/Msamples
         511000   -101105.4655        13.0      -101005.2314      -100.2341 18m57s/Msamples
         512000   -101101.8605        13.1      -100997.5516      -104.3088 18m57s/Msamples
         513000   -101110.6527        13.2      -101000.7148      -109.9379 18m57s/Msamples
         514000   -101108.0782        13.3      -101001.8554      -106.2227 18m57s/Msamples
         515000   -101119.1165        13.5      -101015.2956      -103.8208 18m57s/Msamples
         516000   -101111.0536        13.7      -101003.6756      -107.3780 18m58s/Msamples
         517000   -101112.5712        13.8      -101010.9350      -101.6361 18m58s/Msamples
         518000   -101114.5349        14.0      -101010.0553      -104.4796 18m58s/Msamples
         519000   -101115.2669        14.3      -101007.9002      -107.3666 18m58s/Msamples
         520000   -101103.3277        14.3      -100999.1293      -104.1983 18m58s/Msamples
         521000   -101094.1108        14.3      -100992.1537      -101.9571 18m58s/Msamples
         522000   -101109.3800        14.4      -101008.7868      -100.5932 18m58s/Msamples
         523000   -101105.6233        14.4      -101002.7687      -102.8545 18m58s/Msamples
         524000   -101113.5553        14.6      -101012.7756      -100.7796 18m58s/Msamples
         525000   -101115.0397        14.8      -101015.2276       -99.8120 18m58s/Msamples
         526000   -101104.9164        14.8      -101004.7344      -100.1820 18m58s/Msamples
         527000   -101104.6648        14.9      -101005.3823       -99.2824 18m58s/Msamples
         528000   -101104.1378        14.9      -101004.9781       -99.1597 18m58s/Msamples
         529000   -101096.9382        15.1      -100997.5761       -99.3620 18m58s/Msamples
         530000   -101101.4052        15.1      -101001.7667       -99.6385 18m58s/Msamples
         531000   -101103.5798        15.2      -101005.0750       -98.5048 18m59s/Msamples
         532000   -101099.0551        15.2      -101001.5593       -97.4958 18m59s/Msamples
         533000   -101100.0434        15.2      -101002.7349       -97.3085 18m59s/Msamples
         534000   -101096.4285        15.2      -100999.6164       -96.8120 18m59s/Msamples
         535000   -101106.5077        15.2      -101006.5124       -99.9952 18m59s/Msamples
         536000   -101106.3784        15.3      -101004.4685      -101.9098 18m59s/Msamples
         537000   -101090.3201        15.3      -100993.3213       -96.9988 18m59s/Msamples
         538000   -101101.5562        15.3      -101000.8214      -100.7348 18m59s/Msamples
         539000   -101084.2190        15.5      -100989.0436       -95.1754 18m59s/Msamples
         540000   -101097.8944        15.5      -101000.7991       -97.0952 18m59s/Msamples
         541000   -101092.9604        15.5      -100998.1165       -94.8439 18m59s/Msamples
         542000   -101096.2468        15.5      -100998.7859       -97.4609 18m59s/Msamples
         543000   -101100.8452        15.5      -101000.4697      -100.3755 18m59s/Msamples
         544000   -101092.4035        15.5      -100994.9957       -97.4078 19m0s/Msamples
         545000   -101092.0157        15.4      -100997.6993       -94.3164 19m0s/Msamples
         546000   -101088.4291        15.5      -100993.9046       -94.5244 19m0s/Msamples
         547000   -101088.7866        15.5      -100994.5516       -94.2349 19m0s/Msamples
         548000   -101092.4545        15.4      -100998.1117       -94.3427 19m0s/Msamples
         549000   -101096.6262        15.6      -101001.2800       -95.3462 19m0s/Msamples
         550000   -101103.4662        15.7      -101009.8353       -93.6309 19m0s/Msamples
         551000   -101096.8901        15.6      -101002.8404       -94.0496 19m0s/Msamples
         552000   -101089.7255        15.6      -100995.7527       -93.9728 19m0s/Msamples
         553000   -101089.1169        15.5      -100996.5790       -92.5379 19m0s/Msamples
         554000   -101089.3970        15.5      -100996.6393       -92.7577 19m0s/Msamples
         555000   -101087.5615        15.4      -100995.8264       -91.7351 19m0s/Msamples
         556000   -101087.9133        15.3      -100991.1347       -96.7786 19m0s/Msamples
         557000   -101101.5138        15.3      -101005.5709       -95.9429 19m0s/Msamples
         558000   -101101.8177        15.4      -101005.5624       -96.2553 19m0s/Msamples
         559000   -101101.0934        15.6      -101003.8490       -97.2443 19m0s/Msamples
         560000   -101098.0404        15.6      -100999.4792       -98.5611 19m0s/Msamples
         561000   -101090.2628        15.5      -100994.8236       -95.4392 18m59s/Msamples
         562000   -101089.5327        15.4      -100994.0186       -95.5141 18m59s/Msamples
         563000   -101093.5613        15.4      -101001.6433       -91.9179 18m59s/Msamples
         564000   -101083.3451        15.3      -100989.8168       -93.5283 18m59s/Msamples
         565000   -101085.6815        31.5      -100993.7644       -91.9171 18m59s/Msamples
         566000   -101089.4857        31.3      -100994.5948       -94.8908 19m0s/Msamples
         567000   -101100.1812        31.3      -101004.3812       -95.7999 19m0s/Msamples
         568000   -101093.7808        31.1      -100995.1205       -98.6602 19m0s/Msamples
         569000   -101087.6188        30.9      -100990.2171       -97.4017 19m0s/Msamples
         570000   -101098.3390        30.8      -100995.4111      -102.9279 19m0s/Msamples
         571000   -101105.9190        31.0      -100999.2095      -106.7094 19m0s/Msamples
         572000   -101109.4825        31.3      -101005.7186      -103.7638 19m0s/Msamples
         573000   -101096.4235        31.1      -100992.1679      -104.2555 19m0s/Msamples
         574000   -101091.0340        30.9      -100990.1705      -100.8635 19m0s/Msamples
         575000   -101093.8666        30.6      -100993.7863      -100.0803 19m0s/Msamples
         576000   -101092.7144        30.4      -100994.9122       -97.8021 19m0s/Msamples
         577000   -101096.2509        30.2      -100996.2932       -99.9577 19m0s/Msamples
         578000   -101104.8401        30.4      -101005.3801       -99.4599 19m0s/Msamples
         579000   -101099.0628        30.3      -100996.1681      -102.8946 19m0s/Msamples
         580000   -101104.1130        30.4      -100999.4276      -104.6853 19m1s/Msamples
         581000   -101100.6329        30.4      -100994.0873      -106.5455 19m1s/Msamples
         582000   -101112.3686        30.9      -101006.3064      -106.0621 19m1s/Msamples
         583000   -101119.1621        31.7      -101013.2288      -105.9332 19m1s/Msamples
         584000   -101099.0669        31.6      -100996.4928      -102.5741 19m1s/Msamples
         585000   -101107.1283        31.9      -101002.6030      -104.5253 19m1s/Msamples
         586000   -101105.0784        32.0      -100999.5477      -105.5307 19m1s/Msamples
         587000   -101104.3824        32.1      -100993.7374      -110.6450 19m1s/Msamples
         588000   -101112.0055        32.5      -101008.4956      -103.5099 19m1s/Msamples
         589000   -101116.3667        33.3      -101013.2893      -103.0774 19m1s/Msamples
         590000   -101112.4976        33.7      -101011.2617      -101.2359 19m1s/Msamples
         591000   -101107.1617        33.9      -101003.9839      -103.1778 19m1s/Msamples
         592000   -101120.9177        34.7      -101013.0902      -107.8274 19m1s/Msamples
         593000   -101111.0053        35.8      -101007.2767      -103.7285 19m1s/Msamples
         594000   -101098.3947        35.0      -100996.5447      -101.8500 19m1s/Msamples
         595000   -101095.7713        35.0      -100993.9320      -101.8393 19m1s/Msamples
         596000   -101093.5042        34.9      -100995.9126       -97.5916 19m1s/Msamples
         597000   -101093.6881        34.8      -100993.3228      -100.3653 19m1s/Msamples
         598000   -101097.6212        34.8      -100993.9907      -103.6305 19m1s/Msamples
         599000   -101096.7999        34.9      -100993.3705      -103.4294 19m1s/Msamples
         600000   -101098.8249        34.8      -100994.3280      -104.4968 19m1s/Msamples
         601000   -101096.3229        34.8      -100994.2295      -102.0933 19m0s/Msamples
         602000   -101099.2079        34.8      -100995.8956      -103.3123 19m0s/Msamples
         603000   -101099.9720        34.8      -100997.2477      -102.7243 19m0s/Msamples
         604000   -101107.2231        35.0      -101003.3974      -103.8257 19m0s/Msamples
         605000   -101097.6069        35.0      -100995.7965      -101.8104 19m1s/Msamples
         606000   -101105.1145        35.1      -101002.5663      -102.5481 19m1s/Msamples
         607000   -101100.1597        35.1      -100997.2546      -102.9051 19m1s/Msamples
         608000   -101098.9990        35.1      -100995.5066      -103.4924 19m1s/Msamples
         609000   -101104.3846        35.0      -101001.9012      -102.4833 19m1s/Msamples
         610000   -101092.1073        35.0      -100989.4706      -102.6366 19m1s/Msamples
         611000   -101099.1650        35.0      -100996.3356      -102.8294 19m1s/Msamples
         612000   -101094.6046        35.0      -100993.5856      -101.0189 19m0s/Msamples
         613000   -101105.0758        35.1      -100998.2139      -106.8618 19m1s/Msamples
         614000   -101108.3366        35.3      -101004.0889      -104.2476 19m1s/Msamples
         615000   -101104.6338        35.3      -100999.9572      -104.6766 19m1s/Msamples
         616000   -101112.2009        35.5      -101006.6171      -105.5838 19m1s/Msamples
         617000   -101116.5693        35.8      -101010.9250      -105.6442 19m1s/Msamples
         618000   -101110.6150        35.9      -101005.5655      -105.0494 19m1s/Msamples
         619000   -101108.9779        36.2      -101005.0304      -103.9475 19m1s/Msamples
         620000   -101100.0329        36.3      -100999.9702      -100.0627 19m1s/Msamples
         621000   -101101.1299        36.4      -100997.4404      -103.6894 19m1s/Msamples
         622000   -101106.0920        36.4      -100999.1736      -106.9184 19m1s/Msamples
         623000   -101095.9895        36.6      -100992.5363      -103.4532 19m1s/Msamples
         624000   -101102.2767        36.6      -100996.9506      -105.3261 19m1s/Msamples
         625000   -101101.8179        36.7      -100998.9451      -102.8728 19m1s/Msamples
         626000   -101092.4769        36.9      -100992.1928      -100.2841 19m1s/Msamples
         627000   -101108.0845        37.0      -101004.8469      -103.2375 19m1s/Msamples
         628000   -101114.3124        37.1      -101008.2227      -106.0896 19m1s/Msamples
         629000   -101117.7692        37.5      -101016.5168      -101.2523 19m1s/Msamples
         630000   -101108.8891        37.5      -101008.7509      -100.1381 19m1s/Msamples
         631000   -101106.1582        37.6      -101008.6066       -97.5515 19m1s/Msamples
         632000   -101110.3243        37.7      -101010.0791      -100.2451 19m1s/Msamples
         633000   -101101.8193        37.7      -100999.4725      -102.3467 19m1s/Msamples
         634000   -101092.7645        38.0      -100993.1077       -99.6568 19m1s/Msamples
         635000   -101095.5914        38.1      -100992.3569      -103.2345 19m1s/Msamples
         636000   -101109.9887        38.2      -101011.0182       -98.9704 19m1s/Msamples
         637000   -101101.1780        38.3      -101000.3947      -100.7833 19m1s/Msamples
         638000   -101105.7541        38.4      -101005.2752      -100.4788 19m1s/Msamples
         639000   -101100.0578        38.6      -100997.5869      -102.4709 19m2s/Msamples
         640000   -101108.2779        38.7      -101002.0685      -106.2094 19m2s/Msamples
         641000   -101099.8056        38.8      -100996.7346      -103.0710 19m2s/Msamples
         642000   -101103.9650        38.8      -100997.2857      -106.6792 19m2s/Msamples
         643000   -101116.7292        39.1      -101009.1910      -107.5382 19m2s/Msamples
         644000   -101115.9986        39.3      -101008.0590      -107.9396 19m2s/Msamples
         645000   -101104.2474        39.4      -100999.9530      -104.2944 19m2s/Msamples
         646000   -101115.1157        39.5      -101007.9525      -107.1632 19m2s/Msamples
         647000   -101106.0508        39.6      -100999.9504      -106.1003 19m2s/Msamples
         648000   -101094.0270        39.8      -100989.8335      -104.1934 19m2s/Msamples
         649000   -101091.4098        40.4      -100990.8980      -100.5118 19m2s/Msamples
         650000   -101094.3914        40.6      -100993.6965      -100.6949 19m2s/Msamples
         651000   -101101.2741        40.6      -101000.5699      -100.7041 19m2s/Msamples
         652000   -101102.1760        40.7      -100997.3208      -104.8551 19m2s/Msamples
         653000   -101103.4858        40.8      -100998.9721      -104.5136 19m2s/Msamples
         654000   -101093.3157        41.0      -100990.6571      -102.6585 19m2s/Msamples
         655000   -101087.3069        41.4      -100986.7694      -100.5374 19m2s/Msamples
         656000   -101083.6847        41.9      -100984.5146       -99.1701 19m2s/Msamples
         657000   -101084.7542        42.3      -100982.4456      -102.3085 19m2s/Msamples
         658000   -101094.1887        42.4      -100993.6598      -100.5288 19m1s/Msamples
         659000   -101086.8195        44.0      -100985.1761      -101.6433 19m1s/Msamples
         660000   -101091.0298        44.1      -100989.5409      -101.4888 19m1s/Msamples
         661000   -101104.1077        44.2      -101001.0623      -103.0454 19m1s/Msamples
         662000   -101097.3980        44.2      -100992.9983      -104.3997 19m1s/Msamples
         663000   -101100.6990        44.3      -100996.4557      -104.2432 19m1s/Msamples
         664000   -101103.6933        44.4      -101001.0787      -102.6145 19m2s/Msamples
         665000   -101101.8923        44.4      -101004.4275       -97.4648 19m2s/Msamples
         666000   -101096.6806        44.5      -100998.5843       -98.0963 19m2s/Msamples
         667000   -101093.3435        44.5      -100991.6153      -101.7282 19m2s/Msamples
         668000   -101093.2181        44.6      -100992.7386      -100.4794 19m2s/Msamples
         669000   -101093.5711        44.4      -100994.9426       -98.6285 19m2s/Msamples
         670000   -101099.6727        44.4      -100997.7870      -101.8857 19m2s/Msamples
         671000   -101092.7128        44.4      -100994.0999       -98.6128 19m2s/Msamples
         672000   -101101.8837        44.4      -100996.5187      -105.3650 19m2s/Msamples
         673000   -101091.3139        44.4      -100991.3845       -99.9293 19m2s/Msamples
         674000   -101104.8993        44.5      -101002.5011      -102.3981 19m2s/Msamples
         675000   -101104.7230        44.6      -100998.3799      -106.3430 19m2s/Msamples
         676000   -101106.2100        44.8      -101006.6650       -99.5450 19m2s/Msamples
         677000   -101115.9810        45.3      -101013.7394      -102.2415 19m2s/Msamples
         678000   -101111.7744        45.6      -101006.5471      -105.2272 19m2s/Msamples
         679000   -101103.1004        45.6      -101004.1285       -98.9718 19m2s/Msamples
         680000   -101100.7860        45.6      -100997.6435      -103.1425 19m2s/Msamples
         681000   -101109.9984        45.9      -101005.3201      -104.6783 19m2s/Msamples
         682000   -101095.0323        45.9      -100993.3596      -101.6727 19m2s/Msamples
         683000   -101101.6043        45.9      -100997.5575      -104.0468 19m2s/Msamples
         684000   -101108.8590        46.2      -100998.6225      -110.2364 19m2s/Msamples
         685000   -101107.9262        46.4      -100999.3932      -108.5330 19m3s/Msamples
         686000   -101107.8669        46.6      -101002.4153      -105.4515 19m3s/Msamples
         687000   -101100.8587        46.7      -100995.8391      -105.0195 19m3s/Msamples
         688000   -101108.1027        46.9      -101001.7329      -106.3698 19m3s/Msamples
         689000   -101100.1504        46.7      -100997.2048      -102.9456 19m3s/Msamples
         690000   -101100.1751        46.7      -101000.0199      -100.1552 19m3s/Msamples
         691000   -101105.1790        46.9      -101001.3144      -103.8645 19m3s/Msamples
         692000   -101109.8618        47.1      -101003.1621      -106.6997 19m3s/Msamples
         693000   -101096.4596        47.1      -100993.8551      -102.6044 19m3s/Msamples
         694000   -101104.3089        47.2      -101000.5951      -103.7137 19m3s/Msamples
         695000   -101097.6032        47.3      -100993.4936      -104.1095 19m3s/Msamples
         696000   -101091.0540        46.0      -100988.8474      -102.2065 19m3s/Msamples
         697000   -101091.5642        45.9      -100990.1291      -101.4350 19m3s/Msamples
         698000   -101105.6577        46.0      -100999.4743      -106.1833 19m3s/Msamples
         699000   -101108.9526        46.1      -101006.5408      -102.4117 19m3s/Msamples
         700000   -101095.5006        46.1      -100995.4716      -100.0290 19m3s/Msamples
         701000   -101105.2889        46.2      -101001.5167      -103.7721 19m3s/Msamples
         702000   -101100.9845        46.2      -100996.5958      -104.3887 19m3s/Msamples
         703000   -101093.8602        46.2      -100991.4977      -102.3624 19m3s/Msamples
         704000   -101101.5106        46.2      -100999.6394      -101.8711 19m3s/Msamples
         705000   -101106.6841        46.4      -101007.3173       -99.3667 19m3s/Msamples
         706000   -101094.1722        46.4      -100993.2543      -100.9179 19m3s/Msamples
         707000   -101098.3230        46.4      -100997.0137      -101.3093 19m3s/Msamples
         708000   -101101.6496        46.5      -101001.3605      -100.2891 19m3s/Msamples
         709000   -101098.4054        46.6      -100998.2141      -100.1912 19m3s/Msamples
         710000   -101103.5976        46.7      -101000.3993      -103.1982 19m3s/Msamples
         711000   -101101.0010        46.8      -101001.6020       -99.3989 19m3s/Msamples
         712000   -101096.9158        46.8      -100995.6573      -101.2585 19m3s/Msamples
         713000   -101108.8861        47.0      -101005.5158      -103.3703 19m3s/Msamples
         714000   -101109.4605        47.2      -101006.0484      -103.4121 19m3s/Msamples
         715000   -101104.9485        47.3      -101001.6190      -103.3295 19m3s/Msamples
         716000   -101106.7506        47.4      -101005.5782      -101.1724 19m3s/Msamples
         717000   -101100.2205        47.5      -101001.3269       -98.8936 19m3s/Msamples
         718000   -101099.0689        47.5      -101002.1305       -96.9384 19m3s/Msamples
         719000   -101093.1371        47.8      -100995.5874       -97.5496 19m3s/Msamples
         720000   -101087.3001        48.1      -100987.2915      -100.0085 19m3s/Msamples
         721000   -101101.5580        48.2      -100997.0270      -104.5310 19m3s/Msamples
         722000   -101087.1038        48.5      -100990.1296       -96.9741 19m3s/Msamples
         723000   -101095.5765        48.5      -100992.2819      -103.2945 19m3s/Msamples
         724000   -101091.9554        48.7      -100990.3128      -101.6426 19m2s/Msamples
         725000   -101099.5919        48.7      -100997.7436      -101.8482 19m2s/Msamples
         726000   -101096.2028        48.8      -100994.0530      -102.1497 19m2s/Msamples
         727000   -101116.0741        49.2      -101008.2416      -107.8324 19m2s/Msamples
         728000   -101102.9649        49.3      -101001.2009      -101.7639 19m2s/Msamples
         729000   -101113.1112        49.9      -101006.2910      -106.8202 19m2s/Msamples
         730000   -101104.5041        50.0      -100998.1514      -106.3527 19m2s/Msamples
         731000   -101103.1238        50.0      -100997.2323      -105.8914 19m2s/Msamples
         732000   -101103.3010        50.1      -100997.0743      -106.2266 19m2s/Msamples
         733000   -101116.6658        52.0      -101011.1250      -105.5408 19m2s/Msamples
         734000   -101103.2574        52.1      -100996.6236      -106.6337 19m2s/Msamples
         735000   -101099.8700        50.7      -100997.3483      -102.5217 19m2s/Msamples
         736000   -101092.9162        50.8      -100991.7203      -101.1959 19m2s/Msamples
         737000   -101099.0949        50.8      -100998.7489      -100.3459 19m2s/Msamples
         738000   -101095.7560        50.8      -100994.2761      -101.4798 19m2s/Msamples
         739000   -101100.6743        50.8      -100998.0323      -102.6420 19m2s/Msamples
         740000   -101111.8862        51.1      -101012.7596       -99.1266 19m2s/Msamples
         741000   -101106.5288        51.3      -101007.5845       -98.9443 19m2s/Msamples
         742000   -101110.0378        51.5      -101012.3063       -97.7315 19m2s/Msamples
         743000   -101108.1908        51.7      -101012.4584       -95.7324 19m2s/Msamples
         744000   -101102.3652        51.8      -101005.1993       -97.1659 19m2s/Msamples
         745000   -101113.0906        53.5      -101010.8328      -102.2578 19m2s/Msamples
         746000   -101110.4409        53.7      -101008.3572      -102.0836 19m2s/Msamples
         747000   -101104.8166        53.8      -100999.2553      -105.5613 19m2s/Msamples
         748000   -101095.3706        53.9      -100991.4755      -103.8951 19m2s/Msamples
         749000   -101101.9334        53.6      -100997.9333      -104.0000 19m2s/Msamples
         750000   -101090.4279        53.9      -100987.0116      -103.4162 19m2s/Msamples
         751000   -101094.4764        52.4      -100992.7209      -101.7555 19m2s/Msamples
         752000   -101098.4546        52.4      -100996.4117      -102.0429 19m2s/Msamples
         753000   -101098.7808        54.1      -100994.9608      -103.8199 19m2s/Msamples
         754000   -101096.8448        54.2      -100996.6047      -100.2401 19m2s/Msamples
         755000   -101110.2261        54.4      -101010.7934       -99.4327 19m2s/Msamples
         756000   -101110.4150        53.0      -101008.3904      -102.0246 19m2s/Msamples
         757000   -101105.6046        54.7      -100999.4544      -106.1502 19m2s/Msamples
         758000   -101113.7383        55.0      -101008.1550      -105.5832 19m2s/Msamples
         759000   -101107.1651        54.7      -101004.2911      -102.8739 19m2s/Msamples
         760000   -101108.8028        54.8      -101006.1477      -102.6550 19m2s/Msamples
         761000   -101103.8220        54.8      -101002.4468      -101.3752 19m2s/Msamples
         762000   -101109.2825        54.9      -101005.3465      -103.9360 19m2s/Msamples
         763000   -101099.9678        55.0      -100997.1297      -102.8381 19m2s/Msamples
         764000   -101100.6395        55.1      -100998.4472      -102.1923 19m2s/Msamples
         765000   -101107.4748        55.2      -101004.0012      -103.4735 19m2s/Msamples
         766000   -101124.1699        55.5      -101015.9423      -108.2275 19m2s/Msamples
         767000   -101117.2695        55.6      -101009.1541      -108.1153 19m2s/Msamples
         768000   -101116.8565        54.5      -101013.4639      -103.3926 19m2s/Msamples
         769000   -101117.4508        55.1      -101009.3666      -108.0841 19m1s/Msamples
         770000   -101116.4963        55.2      -101012.2653      -104.2309 19m2s/Msamples
         771000   -101104.4670        55.2      -101002.1226      -102.3444 19m2s/Msamples
         772000   -101096.9487        55.5      -100995.2740      -101.6746 19m2s/Msamples
         773000   -101096.1566        56.7      -100995.8739      -100.2827 19m2s/Msamples
         774000   -101099.7221        56.9      -100999.4705      -100.2515 19m2s/Msamples
         775000   -101102.2786        57.0      -101002.9056       -99.3729 19m2s/Msamples
         776000   -101097.6101        57.2      -100994.8486      -102.7614 19m2s/Msamples
         777000   -101096.2328        56.6      -100992.8650      -103.3678 19m2s/Msamples
         778000   -101105.7111        56.6      -101000.2146      -105.4964 19m2s/Msamples
         779000   -101095.7583        57.9      -100991.4036      -104.3546 19m2s/Msamples
         780000   -101102.9556        57.9      -100997.6864      -105.2691 19m1s/Msamples
         781000   -101102.9415        58.0      -101000.5159      -102.4256 19m1s/Msamples
         782000   -101101.3210        58.1      -100998.0547      -103.2662 19m1s/Msamples
         783000   -101101.6531        58.2      -100998.7030      -102.9501 19m1s/Msamples
         784000   -101090.6347        58.6      -100987.5706      -103.0640 19m1s/Msamples
         785000   -101101.9841        58.7      -101001.5586      -100.4254 19m2s/Msamples
         786000   -101093.6030        59.0      -100993.9016       -99.7014 19m2s/Msamples
         787000   -101099.7101        59.1      -100999.4164      -100.2936 19m2s/Msamples
         788000   -101101.0776        59.2      -101003.1387       -97.9389 19m2s/Msamples
         789000   -101101.2487        59.9      -101001.9109       -99.3378 19m2s/Msamples
         790000   -101093.7126        60.2      -100993.4582      -100.2544 19m2s/Msamples
         791000   -101101.6761        60.3      -101001.3698      -100.3062 19m2s/Msamples
         792000   -101091.0513        60.7      -100994.9958       -96.0555 19m2s/Msamples
         793000   -101098.9391        60.8      -101001.8066       -97.1325 19m2s/Msamples
         794000   -101096.2458        61.0      -100997.0461       -99.1997 19m2s/Msamples
         795000   -101097.0137        61.2      -100996.0538      -100.9599 19m2s/Msamples
         796000   -101090.4245        61.5      -100990.8365       -99.5880 19m2s/Msamples
         797000   -101104.0663        61.5      -101000.6523      -103.4140 19m2s/Msamples
         798000   -101107.6753        61.7      -101007.6407      -100.0346 19m2s/Msamples
         799000   -101102.7980        62.1      -100999.8171      -102.9809 19m2s/Msamples
         800000   -101107.3698        62.2      -101006.5925      -100.7773 19m2s/Msamples
         801000   -101106.1194        62.4      -101006.7167       -99.4026 19m2s/Msamples
         802000   -101114.8449        62.6      -101008.5525      -106.2924 19m2s/Msamples
         803000   -101117.0345        62.9      -101010.9393      -106.0952 19m2s/Msamples
         804000   -101105.5326        63.0      -101001.7117      -103.8208 19m2s/Msamples
         805000   -101115.6506        63.3      -101008.9493      -106.7013 19m2s/Msamples
         806000   -101108.2614        62.3      -101002.4366      -105.8247 19m2s/Msamples
         807000   -101101.5541        62.4      -101000.4003      -101.1537 19m2s/Msamples
         808000   -101102.1545        62.5      -101000.4026      -101.7518 19m2s/Msamples
         809000   -101105.2556        63.1      -101001.7548      -103.5007 19m2s/Msamples
         810000   -101104.2520        63.2      -101002.3630      -101.8889 19m2s/Msamples
         811000   -101104.5673        63.3      -101002.9871      -101.5801 19m2s/Msamples
         812000   -101104.5373        63.4      -101005.5535       -98.9837 19m2s/Msamples
         813000   -101103.5674        63.4      -101004.0361       -99.5313 19m2s/Msamples
         814000   -101107.5286        63.5      -101006.2209      -101.3077 19m2s/Msamples
         815000   -101109.1960        63.6      -101010.1769       -99.0190 19m2s/Msamples
         816000   -101095.3574        63.8      -100995.5944       -99.7630 19m2s/Msamples
         817000   -101094.6748        63.9      -100999.4141       -95.2607 19m2s/Msamples
         818000   -101098.5582        64.0      -101005.5137       -93.0444 19m2s/Msamples
         819000   -101097.0173        65.9      -100998.3057       -98.7115 19m2s/Msamples
         820000   -101099.9337        66.0      -100998.9106      -101.0231 19m2s/Msamples
         821000   -101116.3470        66.4      -101010.2586      -106.0884 19m2s/Msamples
         822000   -101098.6237        66.5      -100991.5905      -107.0331 19m2s/Msamples
         823000   -101102.2588        66.6      -100996.6907      -105.5681 19m2s/Msamples
         824000   -101099.0417        65.6      -100993.6178      -105.4238 19m2s/Msamples
         825000   -101102.9208        65.6      -101003.6165       -99.3042 19m2s/Msamples
         826000   -101096.9211        65.8      -100997.1033       -99.8178 19m2s/Msamples
         827000   -101089.2190        66.0      -100992.4643       -96.7547 19m2s/Msamples
         828000   -101106.0654        66.1      -101005.9140      -100.1514 19m2s/Msamples
         829000   -101095.3043        66.7      -100995.4038       -99.9004 19m2s/Msamples
         830000   -101086.6480        67.0      -100989.4476       -97.2004 19m2s/Msamples
         831000   -101094.4442        67.1      -100996.3806       -98.0635 19m2s/Msamples
         832000   -101086.9873        67.2      -100988.1499       -98.8373 19m2s/Msamples
         833000   -101093.0021        67.3      -100995.1517       -97.8503 19m2s/Msamples
         834000   -101099.8770        67.3      -100998.5112      -101.3658 19m1s/Msamples
         835000   -101094.0600        67.4      -100989.4764      -104.5836 19m1s/Msamples
         836000   -101092.4055        67.4      -100991.3316      -101.0739 19m1s/Msamples
         837000   -101087.1099        67.5      -100989.4125       -97.6974 19m1s/Msamples
         838000   -101092.5699        67.5      -100987.3524      -105.2174 19m1s/Msamples
         839000   -101094.0087        68.5      -100992.1250      -101.8837 19m1s/Msamples
         840000   -101101.6619        68.6      -101000.9566      -100.7052 19m1s/Msamples
         841000   -101099.9318        68.6      -100996.2394      -103.6923 19m1s/Msamples
         842000   -101097.8030        68.6      -100994.7370      -103.0659 19m2s/Msamples
         843000   -101096.1567        68.6      -100995.5350      -100.6216 19m2s/Msamples
         844000   -101086.6548        68.7      -100988.7844       -97.8704 19m2s/Msamples
         845000   -101099.7165        68.7      -100999.4197      -100.2967 19m2s/Msamples
         846000   -101098.3014        70.3      -100994.9961      -103.3052 19m2s/Msamples
         847000   -101095.2933        70.1      -100996.1201       -99.1732 19m2s/Msamples
         848000   -101100.1379        70.1      -100997.8926      -102.2452 19m2s/Msamples
         849000   -101087.8934        70.0      -100990.4853       -97.4080 19m2s/Msamples
         850000   -101101.8389        70.0      -101001.3392      -100.4997 19m2s/Msamples
         851000   -101092.8398        69.7      -100989.0050      -103.8348 19m3s/Msamples
         852000   -101094.6027        69.5      -100991.7473      -102.8554 19m3s/Msamples
         853000   -101096.4110        69.3      -100993.9791      -102.4319 19m3s/Msamples
         854000   -101111.2032        70.0      -101006.4922      -104.7110 19m3s/Msamples
         855000   -101107.5648        70.4      -101004.3993      -103.1654 19m3s/Msamples
         856000   -101094.7243        70.2      -100996.2485       -98.4758 19m3s/Msamples
         857000   -101102.9586        70.3      -101003.8255       -99.1330 19m3s/Msamples
         858000   -101100.6840        69.4      -101002.3330       -98.3509 19m3s/Msamples
         859000   -101103.3506        69.1      -101005.7522       -97.5984 19m3s/Msamples
         860000   -101093.5463        69.8      -100995.3190       -98.2272 19m3s/Msamples
         861000   -101101.5335        69.8      -101002.1958       -99.3377 19m3s/Msamples
         862000   -101100.2199        69.8      -101002.6916       -97.5282 19m3s/Msamples
         863000   -101100.0258        69.8      -101001.4628       -98.5629 19m3s/Msamples
         864000   -101098.4310        69.7      -100994.2476      -104.1834 19m3s/Msamples
         865000   -101095.7537        69.5      -100991.2955      -104.4582 19m3s/Msamples
         866000   -101097.2418        68.3      -100991.7633      -105.4784 19m3s/Msamples
         867000   -101099.7405        68.3      -100998.5963      -101.1442 19m3s/Msamples
         868000   -101088.5699        67.8      -100987.1526      -101.4173 19m3s/Msamples
         869000   -101098.4982        68.0      -100999.4780       -99.0201 19m3s/Msamples
         870000   -101089.4220        67.5      -100990.2155       -99.2064 19m3s/Msamples
         871000   -101097.9530        67.3      -100997.4120      -100.5410 19m3s/Msamples
         872000   -101099.7549        67.2      -100998.7814      -100.9735 19m3s/Msamples
         873000   -101097.1695        67.0      -100997.9918       -99.1777 19m3s/Msamples
         874000   -101104.4241        67.3      -101002.6133      -101.8108 19m3s/Msamples
         875000   -101101.4859        67.3      -101001.4485      -100.0374 19m2s/Msamples
         876000   -101114.9481        68.3      -101007.6449      -107.3032 19m3s/Msamples
         877000   -101123.6274        70.8      -101013.5441      -110.0832 19m3s/Msamples
         878000   -101118.2265        71.6      -101005.2076      -113.0189 19m3s/Msamples
         879000   -101113.7912        72.5      -101003.7988      -109.9924 19m3s/Msamples
         880000   -101115.6177        73.2      -101011.5858      -104.0318 19m3s/Msamples
         881000   -101108.1934        73.4      -101001.3899      -106.8034 19m2s/Msamples
         882000   -101112.2182        73.8      -101009.4018      -102.8163 19m2s/Msamples
         883000   -101117.3317        74.2      -101016.0795      -101.2521 19m2s/Msamples
         884000   -101113.3936        74.5      -101008.1320      -105.2616 19m2s/Msamples
         885000   -101109.1331        74.7      -101003.7912      -105.3418 19m2s/Msamples
         886000   -101111.7139        74.8      -101005.6583      -106.0556 19m2s/Msamples
         887000   -101118.6918        75.2      -101018.3451      -100.3467 19m2s/Msamples
         888000   -101119.1324        75.3      -101016.7397      -102.3927 19m2s/Msamples
         889000   -101112.5396        75.8      -101009.1237      -103.4158 19m2s/Msamples
         890000   -101102.2459        75.9      -100998.6121      -103.6337 19m2s/Msamples
         891000   -101104.3878        75.9      -100998.4683      -105.9194 19m2s/Msamples
         892000   -101101.8633        76.1      -100995.6566      -106.2067 19m2s/Msamples
         893000   -101102.4104        76.2      -100996.0536      -106.3568 19m2s/Msamples
         894000   -101098.4541        76.4      -100991.7382      -106.7159 19m3s/Msamples
         895000   -101104.4341        76.4      -100999.1182      -105.3159 19m3s/Msamples
         896000   -101100.2262        76.6      -100995.1350      -105.0911 19m3s/Msamples
         897000   -101097.9631        76.8      -100993.5670      -104.3961 19m3s/Msamples
         898000   -101096.7578        77.1      -100993.1359      -103.6218 19m3s/Msamples
         899000   -101109.4528        77.6      -101002.1994      -107.2533 19m2s/Msamples
         900000   -101104.5760        77.6      -100995.2612      -109.3147 19m2s/Msamples
         901000   -101109.6709        77.5      -101000.3961      -109.2748 19m2s/Msamples
         902000   -101099.3338        77.8      -100992.7566      -106.5771 19m2s/Msamples
         903000   -101119.9593        77.7      -101012.1301      -107.8292 19m2s/Msamples
         904000   -101105.1325        77.7      -100996.9686      -108.1638 19m2s/Msamples
         905000   -101113.7024        77.4      -101001.1132      -112.5891 19m2s/Msamples
         906000   -101115.4467        77.0      -101001.6039      -113.8427 19m2s/Msamples
         907000   -101109.6119        76.8      -100997.1851      -112.4268 19m2s/Msamples
         908000   -101111.7142        76.5      -100998.1394      -113.5747 19m2s/Msamples
         909000   -101108.8270        76.3      -101000.2541      -108.5728 19m2s/Msamples
         910000   -101114.2096        75.8      -101002.0679      -112.1417 19m2s/Msamples
         911000   -101109.3495        75.5      -100996.0643      -113.2852 19m2s/Msamples
         912000   -101122.9331        74.8      -101009.4831      -113.4499 19m2s/Msamples
         913000   -101122.2508        74.0      -101010.1953      -112.0555 19m2s/Msamples
         914000   -101106.2559        73.9      -100997.3420      -108.9138 19m2s/Msamples
         915000   -101108.3037        73.7      -100995.5217      -112.7819 19m2s/Msamples
         916000   -101119.2377        73.1      -101005.6263      -113.6114 19m2s/Msamples
         917000   -101103.1223        73.1      -100988.4570      -114.6653 19m2s/Msamples
         918000   -101109.0665        72.9      -100994.0956      -114.9708 19m1s/Msamples
         919000   -101120.5941        72.5      -101007.0512      -113.5429 19m1s/Msamples
         920000   -101127.4532        71.8      -101020.3204      -107.1328 19m1s/Msamples
         921000   -101115.5473        71.3      -101004.4636      -111.0836 19m1s/Msamples
         922000   -101100.7302        71.5      -100995.5730      -105.1571 19m1s/Msamples
         923000   -101095.1805        72.1      -100990.2796      -104.9008 19m1s/Msamples
         924000   -101105.2425        72.1      -100997.0159      -108.2265 19m1s/Msamples
         925000   -101100.4844        72.3      -100992.7526      -107.7318 19m1s/Msamples
         926000   -101104.3882        72.3      -100994.8347      -109.5534 19m1s/Msamples
         927000   -101109.9223        72.1      -101001.1621      -108.7602 19m1s/Msamples
         928000   -101109.8637        71.9      -101003.6684      -106.1952 19m1s/Msamples
         929000   -101102.4540        71.8      -100991.4803      -110.9736 19m1s/Msamples
         930000   -101110.8100        71.6      -100999.1269      -111.6830 19m1s/Msamples
         931000   -101109.1730        71.4      -101000.8651      -108.3078 19m1s/Msamples
         932000   -101112.6252        71.1      -101004.5055      -108.1197 19m1s/Msamples
         933000   -101103.5747        71.1      -100992.3258      -111.2488 19m1s/Msamples
         934000   -101098.5576        71.5      -100990.1515      -108.4060 19m1s/Msamples
         935000   -101093.0447        72.2      -100987.9280      -105.1166 19m1s/Msamples
         936000   -101093.0418        72.9      -100987.4050      -105.6367 19m1s/Msamples
         937000   -101106.2709        72.8      -100999.1869      -107.0840 19m1s/Msamples
         938000   -101091.9911        73.6      -100989.3081      -102.6829 19m1s/Msamples
         939000   -101101.2939        73.7      -100995.0307      -106.2631 19m1s/Msamples
         940000   -101102.3529        73.8      -100996.7546      -105.5983 19m1s/Msamples
         941000   -101100.8052        74.0      -100995.3434      -105.4618 19m2s/Msamples
         942000   -101098.3824        74.3      -100994.2779      -104.1044 19m2s/Msamples
         943000   -101102.9137        74.4      -100998.1045      -104.8092 19m2s/Msamples
         944000   -101105.0591        74.4      -101000.9137      -104.1454 19m1s/Msamples
         945000   -101105.8299        74.4      -101006.9859       -98.8440 19m1s/Msamples
         946000   -101093.0734        75.0      -100990.9215      -102.1518 19m1s/Msamples
         947000   -101092.1117        75.6      -100989.4372      -102.6744 19m1s/Msamples
         948000   -101095.4656        75.9      -100991.9856      -103.4800 19m1s/Msamples
         949000   -101105.7421        75.8      -101003.3806      -102.3615 19m1s/Msamples
         950000   -101088.1517        76.6      -100992.2312       -95.9205 19m1s/Msamples
         951000   -101089.0735        77.1      -100989.6836       -99.3898 19m1s/Msamples
         952000   -101095.0368        77.3      -100992.8765      -102.1603 19m1s/Msamples
         953000   -101089.8191        77.6      -100986.8142      -103.0048 19m1s/Msamples
         954000   -101083.9822        78.1      -100984.2260       -99.7562 19m1s/Msamples
         955000   -101090.9201        78.3      -100988.7961      -102.1240 19m1s/Msamples
         956000   -101099.2496        78.3      -100998.2642      -100.9853 19m1s/Msamples
         957000   -101124.7154        79.5      -101018.1906      -106.5247 19m1s/Msamples
         958000   -101102.7924        79.6      -100997.3215      -105.4708 19m1s/Msamples
         959000   -101103.0972        79.6      -100997.3701      -105.7270 19m1s/Msamples
         960000   -101106.9882        79.9      -101001.0204      -105.9677 19m1s/Msamples
         961000   -101105.8043        80.0      -100999.8329      -105.9714 19m1s/Msamples
         962000   -101095.8199        80.1      -100994.2643      -101.5556 19m1s/Msamples
         963000   -101104.8382        80.2      -101001.1780      -103.6601 19m1s/Msamples
         964000   -101118.3902        80.9      -101012.7015      -105.6886 19m1s/Msamples
         965000   -101109.7562        81.1      -101003.2772      -106.4790 19m1s/Msamples
         966000   -101100.6845        81.2      -100997.5631      -103.1213 19m1s/Msamples
         967000   -101104.7269        81.3      -101000.3420      -104.3849 19m0s/Msamples
         968000   -101106.8030        81.5      -101001.8307      -104.9723 19m0s/Msamples
         969000   -101109.4859        81.8      -101004.7048      -104.7811 19m0s/Msamples
         970000   -101109.7473        82.1      -101003.3637      -106.3836 19m0s/Msamples
         971000   -101102.8692        82.2      -101002.0553      -100.8139 19m0s/Msamples
         972000   -101109.4478        82.5      -101007.6766      -101.7712 19m0s/Msamples
         973000   -101109.3974        82.7      -101006.4524      -102.9449 19m0s/Msamples
         974000   -101111.2973        83.0      -101007.1538      -104.1435 19m0s/Msamples
         975000   -101112.7396        83.3      -101009.8853      -102.8543 19m0s/Msamples
         976000   -101103.6189        83.4      -101002.8914      -100.7274 19m0s/Msamples
         977000   -101093.9529        83.6      -100994.6509       -99.3020 19m0s/Msamples
         978000   -101099.4438        83.7      -100998.2273      -101.2164 19m0s/Msamples
         979000   -101094.2424        83.4      -100996.3105       -97.9319 19m0s/Msamples
         980000   -101098.3234        83.5      -100999.3903       -98.9330 19m0s/Msamples
         981000   -101082.3489        84.0      -100983.5053       -98.8436 19m0s/Msamples
         982000   -101084.9337        84.2      -100988.6538       -96.2799 19m0s/Msamples
         983000   -101082.9971        84.5      -100985.5155       -97.4815 19m0s/Msamples
         984000   -101111.7673        84.9      -101005.0371      -106.7302 19m0s/Msamples
         985000   -101105.7827        85.1      -101002.4236      -103.3590 19m0s/Msamples
         986000   -101110.1916        85.3      -101004.4121      -105.7794 19m0s/Msamples
         987000   -101113.9327        85.7      -101008.1182      -105.8145 19m0s/Msamples
         988000   -101106.2205        85.8      -101001.5392      -104.6812 19m0s/Msamples
         989000   -101103.2220        86.5      -100998.8825      -104.3395 19m0s/Msamples
         990000   -101100.9738        86.6      -100998.2833      -102.6904 19m0s/Msamples
         991000   -101103.2670        86.7      -100999.7095      -103.5575 19m0s/Msamples
         992000   -101108.2350        86.7      -101006.5832      -101.6518 19m0s/Msamples
         993000   -101108.9511        86.8      -101004.2021      -104.7489 19m0s/Msamples
         994000   -101113.4234        86.9      -101002.4485      -110.9748 19m0s/Msamples
         995000   -101104.3527        87.0      -100995.6448      -108.7079 19m0s/Msamples
         996000   -101121.1059        87.2      -101010.2304      -110.8755 18m59s/Msamples
         997000   -101112.0196        87.2      -100999.9556      -112.0639 18m59s/Msamples
         998000   -101105.7127        87.3      -100999.7757      -105.9370 19m0s/Msamples
         999000   -101105.0121        87.1      -101000.4964      -104.5157 19m0s/Msamples
        1000000   -101107.9158        87.1      -100999.7036      -108.2122 19m0s/Msamples
        1001000   -101101.6967        87.2      -100995.8688      -105.8278 19m0s/Msamples
        1002000   -101105.8956        87.3      -101002.0781      -103.8175 19m0s/Msamples
        1003000   -101091.6816        87.8      -100990.5237      -101.1579 19m0s/Msamples
        1004000   -101101.1168        87.9      -101000.5274      -100.5894 19m0s/Msamples
        1005000   -101105.8365        88.0      -101002.5752      -103.2613 19m0s/Msamples
        1006000   -101101.0667        88.1      -100996.3391      -104.7275 19m0s/Msamples
        1007000   -101103.0374        88.2      -101001.8779      -101.1594 19m0s/Msamples
        1008000   -101100.0557        88.3      -100999.0012      -101.0544 19m0s/Msamples
        1009000   -101109.9434        88.4      -101009.2393      -100.7041 19m0s/Msamples
        1010000   -101097.3796        88.6      -100999.3555       -98.0240 19m0s/Msamples
        1011000   -101102.3869        88.7      -101003.4225       -98.9643 19m0s/Msamples
        1012000   -101100.5274        88.8      -101000.4029      -100.1245 19m0s/Msamples
        1013000   -101100.4762        88.9      -100998.3082      -102.1679 19m0s/Msamples
        1014000   -101107.4473        89.0      -101002.4260      -105.0213 19m0s/Msamples
        1015000   -101109.1749        89.1      -101003.3866      -105.7883 19m0s/Msamples
        1016000   -101115.3144        89.3      -101010.3483      -104.9661 19m0s/Msamples
        1017000   -101114.4294        89.4      -101004.7977      -109.6316 19m0s/Msamples
        1018000   -101111.3672        89.4      -101002.1402      -109.2269 19m0s/Msamples
        1019000   -101128.3190        90.1      -101018.6498      -109.6692 19m0s/Msamples
        1020000   -101111.3456        89.9      -101005.8894      -105.4562 19m0s/Msamples
        1021000   -101094.5910        90.4      -100992.4230      -102.1680 19m0s/Msamples
        1022000   -101101.4207        90.6      -100996.9974      -104.4232 19m0s/Msamples
        1023000   -101094.5931        91.1      -100989.9576      -104.6354 19m0s/Msamples
        1024000   -101086.5413        92.1      -100982.8025      -103.7387 19m0s/Msamples
        1025000   -101088.8175        92.8      -100990.8255       -97.9920 19m0s/Msamples
        1026000   -101089.9236        93.4      -100987.0424      -102.8812 19m0s/Msamples
        1027000   -101091.9932        93.9      -100988.1381      -103.8550 19m0s/Msamples
        1028000   -101097.2851        94.2      -100996.4316      -100.8535 19m0s/Msamples
        1029000   -101093.0397        94.6      -100996.6127       -96.4269 19m0s/Msamples
        1030000   -101103.5472        94.7      -101004.2187       -99.3285 19m0s/Msamples
        1031000   -101102.8574        94.8      -101002.7426      -100.1147 19m0s/Msamples
        1032000   -101098.4642        94.9      -100997.5514      -100.9128 19m0s/Msamples
        1033000   -101092.9962        95.2      -100989.6725      -103.3237 19m0s/Msamples
        1034000   -101094.0643        95.3      -100994.5082       -99.5560 19m0s/Msamples
        1035000   -101101.3732        95.4      -100999.4821      -101.8910 19m0s/Msamples
        1036000   -101106.6380        95.6      -101000.3532      -106.2848 19m0s/Msamples
        1037000   -101105.1308        95.7      -101004.7193      -100.4115 19m0s/Msamples
        1038000   -101119.3876        96.3      -101015.7555      -103.6321 19m0s/Msamples
        1039000   -101116.8250        97.2      -101016.3067      -100.5183 19m0s/Msamples
        1040000   -101102.9257        97.3      -101007.1180       -95.8076 19m0s/Msamples
        1041000   -101104.5955        97.4      -101004.1632      -100.4323 19m0s/Msamples
        1042000   -101092.1769        97.7      -100991.5461      -100.6308 19m0s/Msamples
        1043000   -101102.3664        97.8      -101001.3164      -101.0499 19m0s/Msamples
        1044000   -101105.9231        97.9      -100997.9707      -107.9524 19m0s/Msamples
        1045000   -101102.4840        98.0      -100996.9567      -105.5272 19m0s/Msamples
        1046000   -101104.9104        98.1      -101000.6952      -104.2151 19m0s/Msamples
        1047000   -101102.4405        98.2      -100997.9322      -104.5082 19m0s/Msamples
        1048000   -101108.2313        98.3      -101007.5595      -100.6717 19m0s/Msamples
        1049000   -101105.4730        99.3      -101000.5726      -104.9003 19m0s/Msamples
        1050000   -101106.6061        99.5      -101005.0055      -101.6006 19m0s/Msamples
        1051000   -101114.9459        99.7      -101011.4286      -103.5173 19m0s/Msamples
        1052000   -101101.6496        99.8      -100998.4308      -103.2188 19m0s/Msamples
        1053000   -101094.9228       100.0      -100994.2045      -100.7183 19m0s/Msamples
        1054000   -101104.8612       100.1      -100997.3365      -107.5247 19m0s/Msamples
        1055000   -101101.2543       100.2      -100997.4566      -103.7977 19m0s/Msamples
        1056000   -101113.7966       100.7      -101011.0301      -102.7664 19m0s/Msamples
        1057000   -101103.7335       100.8      -100998.4595      -105.2739 19m0s/Msamples
        1058000   -101110.5601       101.1      -101004.2368      -106.3233 19m0s/Msamples
        1059000   -101100.0266       102.2      -100996.6097      -103.4168 19m0s/Msamples
        1060000   -101100.5331       102.3      -100997.1730      -103.3601 19m0s/Msamples
        1061000   -101094.7002       102.5      -100991.7482      -102.9520 19m0s/Msamples
        1062000   -101106.1455       102.6      -101001.5381      -104.6074 19m0s/Msamples
        1063000   -101102.1054       102.7      -100997.3627      -104.7426 19m0s/Msamples
        1064000   -101103.5843       102.9      -100997.9538      -105.6304 19m0s/Msamples
        1065000   -101115.2982       103.0      -101013.5512      -101.7470 19m0s/Msamples
        1066000   -101113.2103       103.1      -101008.4282      -104.7820 19m0s/Msamples
        1067000   -101103.8534       103.2      -101000.1087      -103.7447 19m0s/Msamples
        1068000   -101104.0942       103.3      -101000.2823      -103.8118 19m0s/Msamples
        1069000   -101107.5620       103.7      -101003.9467      -103.6153 19m0s/Msamples
        1070000   -101097.7142       104.0      -100997.8848       -99.8294 19m0s/Msamples
        1071000   -101108.6795       104.0      -101007.6597      -101.0198 19m0s/Msamples
        1072000   -101106.4152       104.0      -101003.7477      -102.6675 19m0s/Msamples
        1073000   -101119.5185       104.0      -101016.3947      -103.1237 19m0s/Msamples
        1074000   -101100.6671       104.2      -100999.6594      -101.0076 19m0s/Msamples
        1075000   -101103.4860       104.2      -101002.9593      -100.5266 19m0s/Msamples
        1076000   -101103.3255       104.3      -100999.3189      -104.0065 19m0s/Msamples
        1077000   -101111.4652       104.3      -101003.7593      -107.7058 19m0s/Msamples
        1078000   -101112.0488       104.3      -101008.0756      -103.9731 19m0s/Msamples
        1079000   -101115.8003       104.7      -101013.2353      -102.5650 19m0s/Msamples
        1080000   -101105.2064       104.7      -101004.3568      -100.8495 19m0s/Msamples
        1081000   -101103.4331       104.8      -101000.8879      -102.5451 19m0s/Msamples
        1082000   -101098.5331       105.1      -100996.9575      -101.5755 19m0s/Msamples
        1083000   -101101.9041       105.2      -100995.6847      -106.2193 19m0s/Msamples
        1084000   -101109.2946       105.1      -101003.8780      -105.4165 19m0s/Msamples
        1085000   -101100.9215       105.3      -100993.4237      -107.4977 19m0s/Msamples
        1086000   -101110.6547       105.2      -101006.4854      -104.1692 19m0s/Msamples
        1087000   -101114.3548       105.1      -101015.5655       -98.7893 19m0s/Msamples
        1088000   -101101.9358       105.2      -101001.4467      -100.4890 19m0s/Msamples
        1089000   -101115.8572       104.9      -101011.3277      -104.5295 19m0s/Msamples
        1090000   -101107.6474       104.8      -101002.4432      -105.2041 19m0s/Msamples
        1091000   -101097.5080       105.2      -100993.0796      -104.4284 19m0s/Msamples
        1092000   -101101.2649       105.4      -100999.8572      -101.4076 19m0s/Msamples
        1093000   -101098.8823       105.7      -100994.2933      -104.5889 19m0s/Msamples
        1094000   -101098.6796       106.0      -101000.3343       -98.3452 19m0s/Msamples
        1095000   -101094.4253       106.5      -100996.0497       -98.3756 19m0s/Msamples
        1096000   -101102.2293       106.6      -100998.2270      -104.0023 19m0s/Msamples
        1097000   -101100.1420       106.8      -100995.3760      -104.7659 19m0s/Msamples
        1098000   -101109.9392       106.7      -101004.3094      -105.6297 19m0s/Msamples
        1099000   -101098.0688       108.6      -100996.4215      -101.6473 19m0s/Msamples
        1100000   -101097.4164       109.0      -100993.5623      -103.8541 19m0s/Msamples
        1101000   -101105.3265       109.0      -101002.2336      -103.0928 19m0s/Msamples
        1102000   -101104.4527       109.1      -101004.6011       -99.8516 19m0s/Msamples
        1103000   -101104.0640       109.1      -101003.8633      -100.2007 19m0s/Msamples
        1104000   -101097.0190       109.5      -100998.9261       -98.0929 19m0s/Msamples
        1105000   -101097.4830       109.8      -100994.5479      -102.9351 19m0s/Msamples
        1106000   -101102.3312       109.9      -101000.6871      -101.6441 19m0s/Msamples
        1107000   -101093.8763       110.3      -100995.8259       -98.0503 19m0s/Msamples
        1108000   -101098.5508       110.5      -100999.2049       -99.3459 19m0s/Msamples
        1109000   -101105.8993       111.2      -101005.1334      -100.7659 19m0s/Msamples
        1110000   -101093.5003       111.5      -100990.9674      -102.5329 18m59s/Msamples
        1111000   -101092.6563       111.9      -100991.1891      -101.4672 18m59s/Msamples
        1112000   -101099.8656       112.0      -100993.9616      -105.9040 18m59s/Msamples
        1113000   -101100.9016       112.1      -100995.5995      -105.3020 18m59s/Msamples
        1114000   -101091.8969       112.3      -100989.2422      -102.6547 18m59s/Msamples
        1115000   -101100.8352       112.4      -100998.4925      -102.3426 19m0s/Msamples
        1116000   -101105.9945       112.6      -101001.4855      -104.5089 19m0s/Msamples
        1117000   -101102.9088       112.7      -100996.0209      -106.8878 19m0s/Msamples
        1118000   -101099.8716       112.8      -100994.6655      -105.2060 19m0s/Msamples
        1119000   -101099.1744       113.9      -100994.0555      -105.1188 19m0s/Msamples
        1120000   -101095.1987       114.0      -100995.3475       -99.8511 19m0s/Msamples
        1121000   -101096.1379       114.0      -100996.1694       -99.9684 19m0s/Msamples
        1122000   -101096.9315       114.0      -100992.2390      -104.6925 19m0s/Msamples
        1123000   -101099.6844       114.1      -100998.9997      -100.6847 19m0s/Msamples
        1124000   -101108.8927       114.5      -101007.5609      -101.3317 19m0s/Msamples
        1125000   -101104.0715       114.6      -100999.5267      -104.5447 19m0s/Msamples
        1126000   -101101.9282       114.7      -101001.8508      -100.0773 19m0s/Msamples
        1127000   -101103.5569       114.9      -100996.0736      -107.4833 19m0s/Msamples
        1128000   -101100.3955       114.9      -100994.0097      -106.3857 18m59s/Msamples
        1129000   -101108.4809       115.7      -101001.5107      -106.9702 19m0s/Msamples
        1130000   -101105.3612       115.9      -101000.2472      -105.1139 18m59s/Msamples
        1131000   -101104.9738       116.0      -100999.6166      -105.3571 18m59s/Msamples
        1132000   -101108.7745       116.4      -101007.4637      -101.3108 19m0s/Msamples
        1133000   -101109.1372       116.7      -101007.5137      -101.6235 19m0s/Msamples
        1134000   -101106.6805       116.9      -101004.7974      -101.8830 19m0s/Msamples
        1135000   -101110.5070       117.3      -101006.3948      -104.1121 19m0s/Msamples
        1136000   -101104.2553       117.4      -101001.6199      -102.6353 19m0s/Msamples
        1137000   -101092.3485       117.5      -100989.9160      -102.4324 19m0s/Msamples
        1138000   -101102.0021       117.6      -101000.5554      -101.4467 19m0s/Msamples
        1139000   -101104.3663       118.1      -101005.3964       -98.9699 19m0s/Msamples
        1140000   -101092.1423       118.3      -100995.9372       -96.2050 19m0s/Msamples
        1141000   -101101.5180       118.4      -101006.1090       -95.4089 19m0s/Msamples
        1142000   -101105.7197       118.5      -101001.9124      -103.8073 19m0s/Msamples
        1143000   -101101.2628       118.6      -100996.2754      -104.9873 19m0s/Msamples
        1144000   -101097.7014       118.7      -100995.9107      -101.7907 19m0s/Msamples
        1145000   -101102.2046       118.8      -100994.9817      -107.2228 19m0s/Msamples
        1146000   -101098.9391       118.9      -100997.1321      -101.8069 19m0s/Msamples
        1147000   -101106.2208       119.1      -100999.1579      -107.0629 19m0s/Msamples
        1148000   -101106.4351       119.3      -101002.2370      -104.1980 19m0s/Msamples
        1149000   -101115.1094       120.6      -101011.3608      -103.7485 19m0s/Msamples
        1150000   -101110.6487       120.8      -101007.8438      -102.8049 19m0s/Msamples
        1151000   -101101.0423       120.9      -101000.8839      -100.1584 19m0s/Msamples
        1152000   -101107.5181       121.0      -101003.0429      -104.4752 19m0s/Msamples
        1153000   -101105.8800       121.1      -101002.7141      -103.1659 19m0s/Msamples
        1154000   -101099.1736       121.3      -100997.0791      -102.0944 19m0s/Msamples
        1155000   -101098.9328       121.5      -100994.6028      -104.3300 19m0s/Msamples
        1156000   -101099.9293       121.7      -100997.8032      -102.1261 19m0s/Msamples
        1157000   -101096.9855       122.0      -100996.2928      -100.6926 19m0s/Msamples
        1158000   -101102.0839       122.1      -100999.3778      -102.7061 19m0s/Msamples
        1159000   -101117.0684       123.1      -101015.9104      -101.1580 19m0s/Msamples
        1160000   -101105.4245       123.1      -101004.9834      -100.4411 19m0s/Msamples
        1161000   -101105.7457       123.2      -101003.4941      -102.2515 18m59s/Msamples
        1162000   -101107.3395       123.3      -101005.1464      -102.1930 19m0s/Msamples
        1163000   -101096.4474       123.6      -100996.3965      -100.0509 18m59s/Msamples
        1164000   -101102.1543       123.7      -100998.5222      -103.6321 18m59s/Msamples
        1165000   -101102.0913       123.8      -100999.9241      -102.1672 18m59s/Msamples
        1166000   -101105.5713       123.9      -101006.2600       -99.3113 18m59s/Msamples
        1167000   -101094.0038       124.3      -100995.5456       -98.4582 18m59s/Msamples
        1168000   -101100.7886       124.4      -100998.0786      -102.7099 18m59s/Msamples
        1169000   -101094.0908       125.8      -100997.5281       -96.5626 18m59s/Msamples
        1170000   -101096.4093       126.0      -100995.9104      -100.4989 18m59s/Msamples
        1171000   -101091.1519       126.3      -100992.3443       -98.8076 18m59s/Msamples
        1172000   -101102.4997       126.5      -101000.7451      -101.7545 18m59s/Msamples
        1173000   -101092.5784       126.7      -100990.7868      -101.7916 18m59s/Msamples
        1174000   -101092.1943       127.0      -100996.1488       -96.0455 18m59s/Msamples
        1175000   -101098.6231       127.1      -100999.8953       -98.7277 18m59s/Msamples
        1176000   -101101.6479       127.2      -101001.4536      -100.1943 19m0s/Msamples
        1177000   -101108.3566       127.4      -101009.5608       -98.7957 19m0s/Msamples
        1178000   -101096.9929       127.5      -100998.0873       -98.9055 19m0s/Msamples
        1179000   -101102.6700       127.9      -101002.5702      -100.0997 19m0s/Msamples
        1180000   -101101.2415       128.0      -101003.1968       -98.0447 19m0s/Msamples
        1181000   -101090.9681       128.2      -100992.2857       -98.6823 19m0s/Msamples
        1182000   -101087.9980       128.3      -100987.7329      -100.2651 19m0s/Msamples
        1183000   -101095.8884       128.2      -100995.5508      -100.3376 19m0s/Msamples
        1184000   -101094.2793       128.2      -100996.2007       -98.0786 19m0s/Msamples
        1185000   -101094.3102       128.1      -100992.8683      -101.4418 19m0s/Msamples
        1186000   -101095.0734       127.9      -100988.7319      -106.3414 19m0s/Msamples
        1187000   -101102.7121       128.0      -100995.9258      -106.7862 19m0s/Msamples
        1188000   -101103.7895       128.2      -100994.7198      -109.0697 19m0s/Msamples
        1189000   -101109.7503       129.7      -101003.1423      -106.6080 19m0s/Msamples
        1190000   -101109.2777       130.2      -101004.7226      -104.5551 19m0s/Msamples
        1191000   -101104.5202       130.4      -101002.9352      -101.5850 19m0s/Msamples
        1192000   -101097.2993       130.4      -100995.4632      -101.8360 19m0s/Msamples
        1193000   -101102.4647       130.5      -100999.8632      -102.6014 19m0s/Msamples
        1194000   -101100.9980       130.5      -100997.4074      -103.5905 19m0s/Msamples
        1195000   -101105.4955       130.8      -101000.0647      -105.4307 18m59s/Msamples
        1196000   -101101.4973       130.9      -100996.0255      -105.4717 18m59s/Msamples
        1197000   -101099.3423       130.9      -100993.3025      -106.0397 18m59s/Msamples
        1198000   -101097.3315       130.8      -100993.7198      -103.6117 18m59s/Msamples
        1199000   -101095.3988       131.0      -100994.1054      -101.2933 18m59s/Msamples
        1200000   -101110.7774       131.6      -101004.8974      -105.8800 18m59s/Msamples
        1201000   -101099.1787       131.6      -100993.4312      -105.7475 18m59s/Msamples
        1202000   -101094.3818       131.5      -100989.1305      -105.2513 18m59s/Msamples
        1203000   -101101.4152       131.5      -100995.7336      -105.6815 18m59s/Msamples
        1204000   -101110.8563       132.1      -101005.6333      -105.2229 18m59s/Msamples
        1205000   -101109.9897       132.6      -101009.9323      -100.0574 18m59s/Msamples
        1206000   -101092.3690       132.6      -100990.6792      -101.6897 19m0s/Msamples
        1207000   -101102.6118       132.7      -100995.8301      -106.7816 19m0s/Msamples
        1208000   -101092.8645       132.7      -100986.9614      -105.9030 19m0s/Msamples
        1209000   -101093.6341       133.9      -100991.7858      -101.8482 19m0s/Msamples
        1210000   -101104.4676       134.1      -100999.4593      -105.0082 19m0s/Msamples
        1211000   -101098.7813       134.1      -100993.2432      -105.5380 19m0s/Msamples
        1212000   -101093.7160       134.0      -100991.9230      -101.7929 19m0s/Msamples
        1213000   -101093.9379       133.9      -100993.8933      -100.0446 19m0s/Msamples
        1214000   -101096.3213       133.9      -100992.5939      -103.7274 19m0s/Msamples
        1215000   -101092.9735       133.8      -100990.9048      -102.0686 19m0s/Msamples
        1216000   -101090.8298       133.8      -100988.5025      -102.3272 18m59s/Msamples
        1217000   -101099.9226       133.8      -100996.7196      -103.2030 18m59s/Msamples
        1218000   -101093.5572       133.7      -100989.1624      -104.3947 18m59s/Msamples
        1219000   -101103.1817       134.7      -100998.2578      -104.9239 19m0s/Msamples
        1220000   -101096.2195       134.7      -100991.6762      -104.5433 19m0s/Msamples
        1221000   -101100.1486       134.7      -100995.4197      -104.7289 19m0s/Msamples
        1222000   -101101.4683       134.8      -100993.4619      -108.0064 19m0s/Msamples
        1223000   -101107.1754       135.2      -100999.4610      -107.7143 19m0s/Msamples
        1224000   -101095.6857       135.1      -100990.0029      -105.6827 19m0s/Msamples
        1225000   -101102.5245       135.2      -100997.1470      -105.3775 19m0s/Msamples
        1226000   -101105.0657       135.5      -100998.7356      -106.3301 19m0s/Msamples
        1227000   -101106.5827       135.8      -100998.7683      -107.8143 19m0s/Msamples
        1228000   -101107.3265       136.2      -100997.9676      -109.3589 19m0s/Msamples
        1229000   -101087.4905       136.4      -100986.2325      -101.2579 19m0s/Msamples
        1230000   -101094.1880       136.3      -100994.2319       -99.9561 19m0s/Msamples
        1231000   -101085.3374       136.1      -100986.0792       -99.2582 19m0s/Msamples
        1232000   -101102.2986       136.2      -100996.2153      -106.0833 19m0s/Msamples
        1233000   -101098.4966       136.1      -100997.2184      -101.2781 19m0s/Msamples
        1234000   -101096.2738       135.9      -100994.8206      -101.4531 19m0s/Msamples
        1235000   -101092.2915       135.7      -100988.7097      -103.5818 19m0s/Msamples
        1236000   -101097.2723       135.5      -100991.7601      -105.5122 19m0s/Msamples
        1237000   -101102.2385       135.6      -100999.7705      -102.4680 19m0s/Msamples
        1238000   -101099.3557       135.6      -100995.8506      -103.5050 19m0s/Msamples
        1239000   -101098.6913       136.2      -100995.3073      -103.3839 19m0s/Msamples
        1240000   -101093.5847       135.8      -100993.1635      -100.4211 19m0s/Msamples
        1241000   -101110.8104       136.6      -101011.0694       -99.7410 19m0s/Msamples
        1242000   -101100.5673       136.6      -100998.1490      -102.4183 19m0s/Msamples
        1243000   -101094.5716       136.4      -100995.7526       -98.8189 19m0s/Msamples
        1244000   -101096.0735       136.2      -100998.5624       -97.5111 19m0s/Msamples
        1245000   -101102.5025       136.3      -101002.6561       -99.8464 19m0s/Msamples
        1246000   -101093.7555       136.1      -100995.9747       -97.7808 19m0s/Msamples
        1247000   -101099.9195       136.0      -101002.6084       -97.3111 19m0s/Msamples
        1248000   -101091.7425       135.8      -100992.7444       -98.9980 19m0s/Msamples
        1249000   -101100.6465       136.2      -100996.7306      -103.9158 19m0s/Msamples
        1250000   -101106.9330       136.6      -101002.4771      -104.4558 19m0s/Msamples
        1251000   -101094.9037       136.5      -100992.0254      -102.8783 19m0s/Msamples
        1252000   -101106.3259       136.8      -101003.3918      -102.9340 19m0s/Msamples
        1253000   -101105.8114       137.1      -101005.7961      -100.0153 19m0s/Msamples
        1254000   -101107.1893       137.5      -101007.7786       -99.4106 19m0s/Msamples
        1255000   -101101.8845       137.6      -101003.7199       -98.1645 19m0s/Msamples
        1256000   -101109.1029       138.1      -101008.0906      -101.0123 19m0s/Msamples
        1257000   -101095.8896       138.0      -100995.9398       -99.9497 19m0s/Msamples
        1258000   -101089.8175       137.9      -100988.7640      -101.0535 18m59s/Msamples
        1259000   -101106.2424       139.7      -100999.8539      -106.3885 18m59s/Msamples
        1260000   -101108.7559       140.3      -101005.6958      -103.0601 18m59s/Msamples
        1261000   -101101.7066       140.4      -100995.8817      -105.8249 18m59s/Msamples
        1262000   -101113.1881       141.1      -101007.0413      -106.1467 18m59s/Msamples
        1263000   -101110.4690       141.6      -101002.6748      -107.7942 18m59s/Msamples
        1264000   -101111.2236       142.1      -101000.5079      -110.7156 18m59s/Msamples
        1265000   -101104.4062       142.3      -100999.2637      -105.1424 18m59s/Msamples
        1266000   -101106.5604       142.5      -100999.9338      -106.6266 18m59s/Msamples
        1267000   -101100.8358       142.6      -100996.4570      -104.3787 18m59s/Msamples
        1268000   -101110.6077       142.9      -101005.6591      -104.9486 18m59s/Msamples
        1269000   -101097.5385       144.5      -100995.3440      -102.1944 18m59s/Msamples
        1270000   -101101.4224       144.6      -100999.1468      -102.2756 18m59s/Msamples
        1271000   -101096.9386       144.8      -100992.6559      -104.2827 18m59s/Msamples
        1272000   -101089.9255       145.2      -100989.3206      -100.6048 18m59s/Msamples
        1273000   -101092.9273       145.4      -100992.7362      -100.1910 18m59s/Msamples
        1274000   -101097.0192       145.6      -100995.7151      -101.3040 18m59s/Msamples
        1275000   -101095.1905       145.7      -100996.0388       -99.1517 18m59s/Msamples
        1276000   -101095.0589       145.8      -100994.2086      -100.8502 18m59s/Msamples
        1277000   -101098.4898       145.9      -100995.3098      -103.1800 18m59s/Msamples
        1278000   -101099.9526       146.0      -100995.6599      -104.2927 18m59s/Msamples
        1279000   -101104.3616       147.8      -100999.5240      -104.8375 18m59s/Msamples
        1280000   -101102.5670       148.0      -100999.9722      -102.5948 18m59s/Msamples
        1281000   -101121.2249       148.8      -101011.7008      -109.5241 18m59s/Msamples
        1282000   -101105.3571       148.9      -100999.7039      -105.6531 18m59s/Msamples
        1283000   -101099.5422       149.1      -100995.2332      -104.3089 18m59s/Msamples
        1284000   -101103.1928       149.2      -100996.9358      -106.2570 18m59s/Msamples
        1285000   -101102.9013       149.3      -101000.8908      -102.0105 18m59s/Msamples
        1286000   -101090.9224       149.7      -100984.6915      -106.2309 18m59s/Msamples
        1287000   -101088.5474       150.2      -100984.0453      -104.5021 18m59s/Msamples
        1288000   -101099.4602       150.3      -100993.3531      -106.1070 18m59s/Msamples
        1289000   -101102.1927       153.2      -100991.4084      -110.7843 18m59s/Msamples
        1290000   -101102.9423       153.4      -100997.7362      -105.2061 18m59s/Msamples
        1291000   -101112.4801       153.8      -101002.5114      -109.9687 18m59s/Msamples
        1292000   -101097.2069       153.9      -100989.9656      -107.2413 18m59s/Msamples
        1293000   -101114.9417       154.4      -101008.6810      -106.2607 18m59s/Msamples
        1294000   -101105.8095       154.6      -100994.8658      -110.9437 18m59s/Msamples
        1295000   -101095.6683       154.8      -100989.6869      -105.9813 18m59s/Msamples
        1296000   -101106.2792       155.0      -100997.6569      -108.6222 18m59s/Msamples
        1297000   -101103.9330       155.2      -101000.8192      -103.1137 18m59s/Msamples
        1298000   -101107.8007       155.4      -101002.9488      -104.8518 18m59s/Msamples
        1299000   -101096.8683       162.4      -100997.2971       -99.5712 18m59s/Msamples
        1300000   -101094.7020       162.6      -100996.5309       -98.1710 18m59s/Msamples
        1301000   -101085.5990       163.1      -100987.5084       -98.0906 18m59s/Msamples
        1302000   -101090.7160       163.3      -100989.4157      -101.3002 18m59s/Msamples
        1303000   -101086.5508       163.5      -100987.0557       -99.4951 18m59s/Msamples
        1304000   -101096.8499       163.5      -100997.7826       -99.0672 18m59s/Msamples
        1305000   -101109.8702       164.0      -101005.2499      -104.6202 18m59s/Msamples
        1306000   -101113.3082       164.6      -101007.4843      -105.8239 18m59s/Msamples
        1307000   -101111.4628       164.9      -101006.5184      -104.9443 18m59s/Msamples
        1308000   -101109.3370       165.2      -101008.7506      -100.5863 18m59s/Msamples
        1309000   -101110.0678       166.0      -101007.1655      -102.9023 18m59s/Msamples
        1310000   -101110.7845       166.3      -101006.9458      -103.8386 18m59s/Msamples
        1311000   -101100.1966       166.5      -100998.6924      -101.5041 18m59s/Msamples
        1312000   -101098.0840       166.7      -100999.4187       -98.6653 18m59s/Msamples
        1313000   -101097.0281       166.8      -100999.2106       -97.8175 18m59s/Msamples
        1314000   -101086.6353       167.3      -100990.9302       -95.7051 18m59s/Msamples
        1315000   -101089.2644       167.5      -100990.6009       -98.6634 18m59s/Msamples
        1316000   -101091.9362       167.6      -100993.8287       -98.1074 18m59s/Msamples
        1317000   -101088.8033       167.5      -100994.2689       -94.5343 18m59s/Msamples
        1318000   -101102.9270       167.7      -101005.9884       -96.9386 18m59s/Msamples
        1319000   -101099.0374       168.6      -100999.6877       -99.3497 18m59s/Msamples
        1320000   -101095.5121       168.6      -100997.6472       -97.8649 18m59s/Msamples
        1321000   -101111.9004       169.2      -101005.7897      -106.1107 18m59s/Msamples
        1322000   -101102.2999       169.4      -101000.8116      -101.4882 18m59s/Msamples
        1323000   -101094.3368       169.6      -100992.4883      -101.8484 18m59s/Msamples
        1324000   -101093.9785       169.7      -100993.8313      -100.1471 18m59s/Msamples
        1325000   -101099.0664       169.8      -100998.9369      -100.1295 18m59s/Msamples
        1326000   -101101.7596       169.9      -101002.6004       -99.1591 18m59s/Msamples
        1327000   -101087.5732       169.8      -100986.3691      -101.2041 18m59s/Msamples
        1328000   -101096.8640       169.7      -100998.0289       -98.8351 18m59s/Msamples
        1329000   -101094.3572       170.9      -100994.1101      -100.2471 18m59s/Msamples
        1330000   -101100.2605       171.0      -100997.9738      -102.2867 18m59s/Msamples
        1331000   -101094.2854       170.7      -100992.2464      -102.0390 18m59s/Msamples
        1332000   -101094.3323       170.4      -100992.9440      -101.3883 18m59s/Msamples
        1333000   -101096.2911       170.2      -100995.9285      -100.3625 18m59s/Msamples
        1334000   -101095.8563       170.1      -100994.8620      -100.9943 18m59s/Msamples
        1335000   -101111.9976       170.9      -101012.0062       -99.9913 18m59s/Msamples
        1336000   -101118.4927       172.3      -101014.9220      -103.5707 18m59s/Msamples
        1337000   -101114.6364       173.1      -101011.9523      -102.6841 18m59s/Msamples
        1338000   -101103.0315       173.3      -101000.1689      -102.8625 18m59s/Msamples
        1339000   -101111.4887       175.1      -101008.1525      -103.3361 18m59s/Msamples
        1340000   -101101.4466       175.2      -101000.2027      -101.2439 18m59s/Msamples
        1341000   -101110.2108       175.7      -101009.1819      -101.0288 18m59s/Msamples
        1342000   -101114.4471       176.2      -101009.5913      -104.8557 18m59s/Msamples
        1343000   -101116.0665       176.7      -101011.6073      -104.4591 18m59s/Msamples
        1344000   -101101.5059       176.8      -100998.6012      -102.9046 18m59s/Msamples
        1345000   -101105.0582       176.9      -101005.1743       -99.8838 18m59s/Msamples
        1346000   -101099.8259       177.2      -100997.0310      -102.7949 18m59s/Msamples
        1347000   -101101.9182       177.3      -100998.3743      -103.5438 18m59s/Msamples
        1348000   -101112.1944       177.2      -101004.7552      -107.4391 18m59s/Msamples
        1349000   -101102.0073       178.5      -100995.6405      -106.3667 18m59s/Msamples
        1350000   -101102.8869       178.6      -100997.4610      -105.4259 19m0s/Msamples
        1351000   -101100.0693       178.9      -100995.3131      -104.7561 19m0s/Msamples
        1352000   -101098.5823       179.3      -100992.9977      -105.5845 19m0s/Msamples
        1353000   -101105.2928       179.3      -100999.7673      -105.5255 19m0s/Msamples
        1354000   -101092.5789       180.0      -100985.1463      -107.4325 19m0s/Msamples
        1355000   -101088.6154       180.9      -100987.2648      -101.3505 19m0s/Msamples
        1356000   -101092.6188       181.4      -100991.9805      -100.6382 19m0s/Msamples
        1357000   -101093.6031       181.7      -100990.1462      -103.4569 19m0s/Msamples
        1358000   -101086.7448       182.3      -100984.5115      -102.2333 19m0s/Msamples
        1359000   -101102.1922       183.0      -100999.0749      -103.1172 19m0s/Msamples
        1360000   -101107.5026       183.4      -101006.5385      -100.9640 19m0s/Msamples
        1361000   -101094.2110       183.5      -100994.1551      -100.0559 19m0s/Msamples
        1362000   -101092.4204       183.4      -100995.9116       -96.5087 19m0s/Msamples
        1363000   -101089.2717       183.4      -100988.9970      -100.2746 19m0s/Msamples
        1364000   -101090.7309       183.2      -100989.6363      -101.0945 19m0s/Msamples
        1365000   -101091.3226       182.8      -100992.2009       -99.1217 19m0s/Msamples
        1366000   -101097.7145       182.7      -100996.7196      -100.9949 19m0s/Msamples
        1367000   -101088.0141       182.2      -100993.4211       -94.5930 19m0s/Msamples
        1368000   -101092.0295       181.7      -100997.3762       -94.6533 19m0s/Msamples
        1369000   -101082.8192       180.1      -100988.6507       -94.1685 19m0s/Msamples
        1370000   -101092.0960       179.5      -100999.3594       -92.7366 19m0s/Msamples
        1371000   -101098.3119       179.3      -101002.9092       -95.4027 19m0s/Msamples
        1372000   -101092.1307       178.7      -100994.1824       -97.9482 19m0s/Msamples
        1373000   -101098.1384       178.5      -101000.5315       -97.6069 19m0s/Msamples
        1374000   -101098.4497       178.3      -100998.1616      -100.2880 19m0s/Msamples
        1375000   -101096.0712       178.0      -100993.3644      -102.7068 19m0s/Msamples
        1376000   -101101.2476       178.1      -100997.8200      -103.4276 19m0s/Msamples
        1377000   -101094.5436       177.7      -100992.6130      -101.9306 19m0s/Msamples
        1378000   -101103.3148       177.9      -101001.9451      -101.3696 19m0s/Msamples
        1379000   -101110.0573       180.8      -101006.9825      -103.0747 19m0s/Msamples
        1380000   -101109.2598       181.6      -101008.5605      -100.6992 19m0s/Msamples
        1381000   -101100.0722       181.6      -101003.2329       -96.8392 19m0s/Msamples
        1382000   -101105.8041       182.0      -101006.4728       -99.3313 19m0s/Msamples
        1383000   -101109.0495       182.6      -101009.1603       -99.8891 19m0s/Msamples
        1384000   -101098.7408       182.6      -100997.4075      -101.3333 19m0s/Msamples
        1385000   -101092.0728       182.7      -100993.6787       -98.3940 19m0s/Msamples
        1386000   -101097.2888       182.8      -100995.5307      -101.7580 19m0s/Msamples
        1387000   -101111.3076       183.2      -101008.4032      -102.9043 19m0s/Msamples
        1388000   -101094.7116       183.4      -100994.4186      -100.2929 19m0s/Msamples
        1389000   -101102.9265       183.9      -100997.2250      -105.7014 19m0s/Msamples
        1390000   -101108.8452       184.2      -101003.8525      -104.9927 19m0s/Msamples
        1391000   -101111.5413       184.5      -101004.6189      -106.9224 19m0s/Msamples
        1392000   -101101.6723       184.6      -100997.5008      -104.1714 19m0s/Msamples
        1393000   -101103.1363       184.8      -100997.3306      -105.8056 18m59s/Msamples
        1394000   -101103.5056       184.9      -100997.6937      -105.8119 18m59s/Msamples
        1395000   -101098.7494       185.1      -100990.9290      -107.8203 18m59s/Msamples
        1396000   -101103.4052       185.3      -100995.8035      -107.6016 18m59s/Msamples
        1397000   -101104.8259       185.4      -100997.1593      -107.6665 18m59s/Msamples
        1398000   -101098.3511       185.6      -100991.0392      -107.3118 18m59s/Msamples
        1399000   -101106.6097       187.3      -101001.2049      -105.4048 18m59s/Msamples
        1400000   -101102.9535       187.4      -100997.3045      -105.6489 18m59s/Msamples
        1401000   -101105.8087       187.6      -101002.9826      -102.8261 18m59s/Msamples
        1402000   -101101.0423       187.7      -100997.8504      -103.1918 18m59s/Msamples
        1403000   -101100.4626       187.9      -100998.8677      -101.5949 18m59s/Msamples
        1404000   -101105.9494       188.1      -101001.6093      -104.3401 18m59s/Msamples
        1405000   -101103.2404       188.2      -100999.4426      -103.7978 18m59s/Msamples
        1406000   -101107.0981       188.3      -101002.9394      -104.1587 18m59s/Msamples
        1407000   -101102.8420       188.4      -100999.4512      -103.3907 18m59s/Msamples
        1408000   -101104.0787       188.6      -101001.7736      -102.3050 18m59s/Msamples
        1409000   -101096.6960       190.4      -100999.1989       -97.4971 18m59s/Msamples
        1410000   -101102.0675       190.5      -100999.8336      -102.2339 18m59s/Msamples
        1411000   -101097.8958       190.8      -100995.6512      -102.2445 18m59s/Msamples
        1412000   -101109.4192       191.0      -101004.1654      -105.2537 18m59s/Msamples
        1413000   -101111.3539       191.2      -101002.1853      -109.1685 18m59s/Msamples
        1414000   -101104.9409       191.3      -100993.6307      -111.3102 18m59s/Msamples
        1415000   -101114.6644       191.5      -101007.0673      -107.5971 18m59s/Msamples
        1416000   -101123.1176       191.9      -101016.7665      -106.3511 18m59s/Msamples
        1417000   -101114.1041       191.9      -101008.3201      -105.7840 18m59s/Msamples
        1418000   -101113.2570       191.7      -101006.0206      -107.2363 18m59s/Msamples
        1419000   -101123.7284       193.2      -101014.4347      -109.2937 18m59s/Msamples
        1420000   -101117.5629       192.7      -101012.9476      -104.6152 18m59s/Msamples
        1421000   -101111.6174       192.2      -101004.7054      -106.9119 18m59s/Msamples
        1422000   -101111.8762       191.7      -101004.6948      -107.1814 18m59s/Msamples
        1423000   -101105.8916       191.6      -101002.8200      -103.0715 18m59s/Msamples
        1424000   -101106.2322       191.4      -101003.0025      -103.2297 18m59s/Msamples
        1425000   -101111.9653       190.8      -101003.0831      -108.8821 18m59s/Msamples
        1426000   -101107.1238       190.5      -101003.1401      -103.9836 18m59s/Msamples
        1427000   -101107.6087       190.1      -101005.0110      -102.5977 18m59s/Msamples
        1428000   -101110.9984       189.5      -101006.8963      -104.1021 18m59s/Msamples
        1429000   -101105.4184       190.8      -101001.1710      -104.2474 18m59s/Msamples
        1430000   -101118.1723       189.7      -101011.7495      -106.4227 18m59s/Msamples
        1431000   -101112.6818       188.9      -101004.7040      -107.9778 18m59s/Msamples
        1432000   -101121.7228       187.5      -101015.2330      -106.4897 18m59s/Msamples
        1433000   -101100.9553       187.8      -100999.5928      -101.3624 18m59s/Msamples
        1434000   -101101.0068       188.1      -100999.1896      -101.8172 18m59s/Msamples
        1435000   -101102.1353       188.3      -100999.0348      -103.1004 18m59s/Msamples
        1436000   -101099.3685       188.7      -100999.8495       -99.5189 18m59s/Msamples
        1437000   -101102.1395       188.8      -100998.1451      -103.9944 18m59s/Msamples
        1438000   -101103.1259       188.9      -101002.7006      -100.4252 18m59s/Msamples
        1439000   -101103.1150       192.0      -101002.6957      -100.4192 18m59s/Msamples
        1440000   -101102.2935       192.2      -101001.5233      -100.7702 18m59s/Msamples
        1441000   -101104.9641       192.2      -101003.3260      -101.6381 18m59s/Msamples
        1442000   -101110.9057       192.1      -101009.0975      -101.8081 18m59s/Msamples
        1443000   -101113.0115       191.9      -101008.7883      -104.2232 18m59s/Msamples
        1444000   -101111.0877       191.7      -101003.6234      -107.4643 18m59s/Msamples
        1445000   -101101.9322       191.9      -100999.3679      -102.5643 18m59s/Msamples
        1446000   -101117.5073       191.7      -101011.4935      -106.0138 18m59s/Msamples
        1447000   -101109.0791       191.6      -101003.6129      -105.4661 18m59s/Msamples
        1448000   -101103.5877       191.7      -100999.9796      -103.6080 18m59s/Msamples
        1449000   -101106.1707       193.8      -101001.3346      -104.8360 18m59s/Msamples
        1450000   -101105.3677       193.8      -101000.4456      -104.9220 18m59s/Msamples
        1451000   -101090.3664       194.8      -100986.6156      -103.7507 18m59s/Msamples
        1452000   -101097.4750       195.1      -100997.3413      -100.1337 18m59s/Msamples
        1453000   -101101.3421       195.3      -100999.3533      -101.9887 18m59s/Msamples
        1454000   -101115.3055       195.4      -101014.8538      -100.4517 18m59s/Msamples
        1455000   -101090.9949       196.2      -100994.0226       -96.9722 18m59s/Msamples
        1456000   -101103.5126       196.3      -100998.9535      -104.5590 18m59s/Msamples
        1457000   -101102.7223       196.5      -101000.8638      -101.8584 18m59s/Msamples
        1458000   -101108.3304       196.5      -101005.3840      -102.9463 18m59s/Msamples
        1459000   -101104.5972       198.5      -101005.5372       -99.0599 18m59s/Msamples
        1460000   -101101.8459       198.7      -101000.6012      -101.2447 18m59s/Msamples
        1461000   -101092.3620       199.2      -100988.8336      -103.5284 18m59s/Msamples
        1462000   -101097.6391       199.5      -100993.3009      -104.3381 18m59s/Msamples
        1463000   -101096.8929       199.7      -100995.8955      -100.9974 18m59s/Msamples
        1464000   -101106.0060       199.9      -101005.1204      -100.8856 18m59s/Msamples
        1465000   -101097.3162       200.1      -100998.0771       -99.2390 18m59s/Msamples
        1466000   -101100.0218       200.2      -100998.5083      -101.5135 18m59s/Msamples
        1467000   -101104.5144       200.4      -101000.7828      -103.7315 18m59s/Msamples
        1468000   -101109.3087       200.7      -101008.9738      -100.3348 18m59s/Msamples
        1469000   -101104.1086       203.6      -101006.7743       -97.3343 18m59s/Msamples
        1470000   -101103.2511       203.7      -101005.7526       -97.4984 18m59s/Msamples
        1471000   -101094.2148       204.0      -100995.3179       -98.8968 18m59s/Msamples
        1472000   -101100.0472       204.1      -100996.9929      -103.0542 18m59s/Msamples
        1473000   -101095.1140       204.3      -100991.5833      -103.5306 18m59s/Msamples
        1474000   -101114.0716       204.9      -101013.9138      -100.1578 18m59s/Msamples
        1475000   -101106.4675       205.2      -101005.9557      -100.5117 18m59s/Msamples
        1476000   -101101.7465       205.3      -101003.7414       -98.0051 18m59s/Msamples
        1477000   -101094.4639       205.5      -100992.5118      -101.9520 18m59s/Msamples
        1478000   -101112.1237       206.0      -101010.0888      -102.0349 18m59s/Msamples
        1479000   -101101.7494       207.8      -100997.0996      -104.6497 18m59s/Msamples
        1480000   -101113.5437       208.1      -101012.5970      -100.9466 18m59s/Msamples
        1481000   -101110.6996       208.3      -101010.3905      -100.3090 18m59s/Msamples
        1482000   -101107.6467       208.4      -101006.7906      -100.8560 18m59s/Msamples
        1483000   -101106.5150       208.4      -101005.3753      -101.1396 18m59s/Msamples
        1484000   -101102.9566       208.5      -101000.6894      -102.2672 18m59s/Msamples
        1485000   -101112.1912       208.6      -101008.1731      -104.0181 18m59s/Msamples
        1486000   -101102.9602       208.8      -101001.2756      -101.6846 18m59s/Msamples
        1487000   -101106.5619       208.8      -101005.0463      -101.5155 18m59s/Msamples
        1488000   -101109.6608       208.8      -101008.3620      -101.2987 18m59s/Msamples
        1489000   -101114.6929       210.8      -101009.5245      -105.1684 18m59s/Msamples
        1490000   -101105.2286       210.8      -101000.2593      -104.9693 18m59s/Msamples
        1491000   -101107.6582       210.7      -101002.5602      -105.0980 18m59s/Msamples
        1492000   -101097.7551       211.2      -100995.3999      -102.3551 18m59s/Msamples
        1493000   -101105.6273       211.2      -100999.0359      -106.5914 19m0s/Msamples
        1494000   -101097.1718       211.7      -100995.3247      -101.8471 18m59s/Msamples
        1495000   -101104.1105       211.8      -100995.2571      -108.8534 19m0s/Msamples
        1496000   -101110.0559       211.6      -101005.9414      -104.1145 19m0s/Msamples
        1497000   -101105.0751       211.6      -100997.3117      -107.7634 19m0s/Msamples
        1498000   -101103.1827       211.8      -100998.1917      -104.9910 19m0s/Msamples
        1499000   -101104.9910       214.4      -100999.3754      -105.6156 19m0s/Msamples
        1500000   -101094.8900       215.0      -100991.6618      -103.2282 19m0s/Msamples
        1501000   -101100.4346       215.3      -100998.3985      -102.0360 19m0s/Msamples
        1502000   -101105.3756       215.4      -101003.8690      -101.5066 19m0s/Msamples
        1503000   -101092.8790       216.0      -100991.5133      -101.3657 19m0s/Msamples
        1504000   -101109.5885       216.1      -101004.6189      -104.9696 19m0s/Msamples
        1505000   -101102.9180       216.3      -100997.5887      -105.3292 19m0s/Msamples
        1506000   -101100.1280       216.5      -100997.1166      -103.0113 19m0s/Msamples
        1507000   -101100.8718       216.6      -100995.8604      -105.0114 19m0s/Msamples
        1508000   -101105.8355       216.8      -101001.5241      -104.3114 19m0s/Msamples
        1509000   -101106.2684       218.7      -101002.1695      -104.0988 19m0s/Msamples
        1510000   -101114.8172       219.1      -101008.2408      -106.5763 19m0s/Msamples
        1511000   -101109.6687       219.2      -101005.5089      -104.1597 19m0s/Msamples
        1512000   -101116.8662       219.4      -101013.6023      -103.2639 19m0s/Msamples
        1513000   -101115.1516       219.5      -101009.7910      -105.3605 19m0s/Msamples
        1514000   -101096.0394       220.1      -100993.4593      -102.5801 19m0s/Msamples
        1515000   -101102.2774       220.2      -100998.6570      -103.6204 19m0s/Msamples
        1516000   -101107.6260       220.3      -101002.9093      -104.7167 19m0s/Msamples
        1517000   -101095.1428       220.9      -100992.4468      -102.6959 19m0s/Msamples
        1518000   -101103.1758       221.0      -101003.5608       -99.6150 19m0s/Msamples
        1519000   -101107.9935       221.8      -101004.4286      -103.5649 19m0s/Msamples
        1520000   -101105.5327       221.9      -100999.3805      -106.1522 19m0s/Msamples
        1521000   -101095.3805       222.5      -100993.6941      -101.6863 19m0s/Msamples
        1522000   -101090.9040       223.4      -100990.8990      -100.0050 19m0s/Msamples
        1523000   -101099.4471       223.7      -100995.4533      -103.9937 19m0s/Msamples
        1524000   -101094.8429       224.2      -100994.9384       -99.9045 19m0s/Msamples
        1525000   -101094.9144       224.7      -100994.3251      -100.5892 19m0s/Msamples
        1526000   -101103.2304       224.8      -100999.7755      -103.4549 19m0s/Msamples
        1527000   -101109.0278       225.1      -101005.9752      -103.0525 19m0s/Msamples
        1528000   -101102.8386       225.2      -101000.3591      -102.4794 19m0s/Msamples
        1529000   -101094.1809       226.5      -100991.5102      -102.6707 19m0s/Msamples
        1530000   -101112.3297       227.2      -101011.1153      -101.2144 19m0s/Msamples
        1531000   -101106.7997       227.5      -101002.5741      -104.2256 19m0s/Msamples
        1532000   -101121.1813       228.6      -101016.0888      -105.0925 19m0s/Msamples
        1533000   -101122.8235       229.7      -101017.9892      -104.8342 19m0s/Msamples
        1534000   -101117.1591       230.0      -101014.4321      -102.7270 19m0s/Msamples
        1535000   -101121.6861       230.3      -101015.9912      -105.6948 19m0s/Msamples
        1536000   -101113.2686       230.1      -101008.8223      -104.4463 19m0s/Msamples
        1537000   -101114.0982       229.9      -101005.3659      -108.7322 19m0s/Msamples
        1538000   -101099.5721       230.3      -100999.3297      -100.2423 19m0s/Msamples
        1539000   -101102.2058       231.4      -100999.8026      -102.4031 19m0s/Msamples
        1540000   -101100.9027       231.7      -100999.7730      -101.1296 19m0s/Msamples
        1541000   -101112.2492       231.1      -101008.4871      -103.7620 19m0s/Msamples
        1542000   -101100.6176       231.5      -100998.9310      -101.6866 19m0s/Msamples
        1543000   -101105.2565       231.3      -101005.3954       -99.8610 19m0s/Msamples
        1544000   -101094.9665       232.4      -100994.5806      -100.3859 19m0s/Msamples
        1545000   -101103.3747       232.5      -101000.5024      -102.8723 19m0s/Msamples
        1546000   -101096.0887       233.4      -100996.7365       -99.3522 19m0s/Msamples
        1547000   -101098.7436       233.9      -100997.7959      -100.9476 18m59s/Msamples
        1548000   -101108.4383       233.6      -101005.3254      -103.1128 18m59s/Msamples
        1549000   -101099.6434       234.6      -100996.8299      -102.8134 18m59s/Msamples
        1550000   -101109.0900       234.6      -101001.3957      -107.6943 18m59s/Msamples
        1551000   -101089.4577       235.7      -100985.5516      -103.9061 18m59s/Msamples
        1552000   -101101.1591       235.8      -100999.7602      -101.3989 18m59s/Msamples
        1553000   -101102.3653       236.0      -101004.9845       -97.3808 18m59s/Msamples
        1554000   -101098.1782       236.2      -100999.4753       -98.7028 18m59s/Msamples
        1555000   -101097.0991       236.4      -100996.6165      -100.4825 18m59s/Msamples
        1556000   -101093.1381       236.6      -100996.0338       -97.1043 18m59s/Msamples
        1557000   -101101.2487       236.7      -100998.6938      -102.5548 18m59s/Msamples
        1558000   -101101.7720       236.9      -101000.5834      -101.1886 18m59s/Msamples
        1559000   -101109.3436       237.8      -101004.8422      -104.5013 19m0s/Msamples
        1560000   -101106.0428       238.1      -101003.5699      -102.4728 19m0s/Msamples
        1561000   -101105.2869       238.4      -100995.8794      -109.4075 19m0s/Msamples
        1562000   -101111.3601       238.9      -101003.3497      -108.0104 19m0s/Msamples
        1563000   -101104.6217       239.1      -100999.9234      -104.6983 19m0s/Msamples
        1564000   -101100.2884       239.3      -100998.7344      -101.5539 19m0s/Msamples
        1565000   -101102.0951       239.5      -100997.1272      -104.9679 19m0s/Msamples
        1566000   -101101.4882       239.6      -101000.8484      -100.6397 19m0s/Msamples
        1567000   -101106.6141       239.9      -101003.3922      -103.2218 19m0s/Msamples
        1568000   -101087.7021       240.7      -100989.3060       -98.3961 19m0s/Msamples
        1569000   -101099.8205       241.1      -101001.3495       -98.4709 19m0s/Msamples
        1570000   -101106.6594       241.4      -101009.2270       -97.4324 19m0s/Msamples
        1571000   -101097.5016       241.6      -101002.5466       -94.9550 19m0s/Msamples
        1572000   -101108.9992       241.9      -101012.2078       -96.7913 19m0s/Msamples
        1573000   -101099.5154       242.1      -101003.1586       -96.3568 19m0s/Msamples
        1574000   -101096.6338       242.4      -100997.2832       -99.3505 19m0s/Msamples
        1575000   -101102.0141       242.6      -101006.4785       -95.5356 19m0s/Msamples
        1576000   -101100.9572       242.8      -101004.7669       -96.1903 19m0s/Msamples
        1577000   -101110.1562       243.1      -101011.3965       -98.7597 19m0s/Msamples
        1578000   -101098.8368       243.3      -101001.7876       -97.0491 19m0s/Msamples
        1579000   -101098.6437       243.6      -101004.2909       -94.3527 19m0s/Msamples
        1580000   -101095.6111       243.7      -100998.9036       -96.7074 19m0s/Msamples
        1581000   -101101.1608       243.9      -100999.9332      -101.2275 19m1s/Msamples
        1582000   -101107.8253       244.2      -101009.2504       -98.5748 19m0s/Msamples
        1583000   -101089.9989       244.6      -100992.3762       -97.6227 19m0s/Msamples
        1584000   -101103.5322       244.8      -101004.3850       -99.1471 19m0s/Msamples
        1585000   -101104.8222       245.0      -101006.3662       -98.4560 19m0s/Msamples
        1586000   -101103.3053       245.2      -101005.9247       -97.3806 19m0s/Msamples
        1587000   -101111.8730       245.8      -101008.0602      -103.8127 19m0s/Msamples
        1588000   -101115.8122       246.4      -101012.5130      -103.2991 19m0s/Msamples
        1589000   -101117.2276       247.0      -101016.2382      -100.9893 19m0s/Msamples
        1590000   -101116.2176       247.4      -101010.9175      -105.3000 19m1s/Msamples
        1591000   -101105.4558       247.4      -101002.7390      -102.7168 19m1s/Msamples
        1592000   -101098.8462       247.8      -100997.1429      -101.7032 19m1s/Msamples
        1593000   -101100.1610       248.1      -100997.1306      -103.0304 19m1s/Msamples
        1594000   -101101.3576       248.3      -100995.8847      -105.4728 19m1s/Msamples
        1595000   -101111.4738       248.3      -101006.0533      -105.4204 19m1s/Msamples
        1596000   -101113.3648       248.2      -101008.4978      -104.8670 19m1s/Msamples
        1597000   -101118.0272       247.9      -101012.8272      -105.1999 19m1s/Msamples
        1598000   -101116.7779       247.4      -101004.9764      -111.8014 19m1s/Msamples
        1599000   -101109.7841       247.0      -101002.8089      -106.9752 19m1s/Msamples
        1600000   -101094.9549       248.1      -100989.3387      -105.6162 19m1s/Msamples
        1601000   -101106.9585       247.8      -100997.9163      -109.0421 19m1s/Msamples
        1602000   -101111.3633       247.2      -101002.5397      -108.8235 19m1s/Msamples
        1603000   -101103.0285       247.3      -100999.5201      -103.5083 19m1s/Msamples
        1604000   -101095.8052       248.3      -100993.4777      -102.3275 19m1s/Msamples
        1605000   -101115.0464       247.8      -101009.7436      -105.3027 19m1s/Msamples
        1606000   -101108.5825       247.5      -101004.7963      -103.7861 19m1s/Msamples
        1607000   -101096.4539       248.2      -100994.1387      -102.3152 19m0s/Msamples
        1608000   -101095.7463       248.9      -100993.4314      -102.3148 19m0s/Msamples
        1609000   -101104.7798       248.7      -100999.9318      -104.8480 19m1s/Msamples
        1610000   -101111.3959       248.5      -101009.0731      -102.3227 19m1s/Msamples
        1611000   -101106.3220       248.4      -101001.7947      -104.5273 19m1s/Msamples
        1612000   -101107.9477       248.2      -101002.0673      -105.8803 19m1s/Msamples
        1613000   -101098.3414       248.7      -100994.8581      -103.4832 19m1s/Msamples
        1614000   -101112.9851       248.6      -101009.9693      -103.0158 19m1s/Msamples
        1615000   -101103.4815       248.7      -101000.1212      -103.3602 19m1s/Msamples
        1616000   -101091.6236       249.6      -100989.7897      -101.8339 19m1s/Msamples
        1617000   -101091.6846       250.4      -100989.8152      -101.8694 19m1s/Msamples
        1618000   -101102.2666       250.5      -101005.4260       -96.8406 19m1s/Msamples
        1619000   -101099.4454       250.6      -101000.3375       -99.1079 19m1s/Msamples
        1620000   -101092.2109       251.1      -100993.2422       -98.9687 19m1s/Msamples
        1621000   -101101.2960       251.3      -101002.0490       -99.2469 19m1s/Msamples
        1622000   -101100.5167       251.4      -101000.2606      -100.2561 19m1s/Msamples
        1623000   -101109.6010       251.9      -101011.1291       -98.4719 19m1s/Msamples
        1624000   -101103.9757       252.1      -101005.5070       -98.4686 19m1s/Msamples
        1625000   -101108.2093       252.3      -101008.6158       -99.5934 19m1s/Msamples
        1626000   -101110.7410       252.6      -101014.1596       -96.5814 19m1s/Msamples
        1627000   -101113.8926       253.0      -101016.7176       -97.1749 19m1s/Msamples
        1628000   -101114.1763       253.4      -101013.4136      -100.7626 19m1s/Msamples
        1629000   -101112.6570       253.1      -101014.0041       -98.6528 19m1s/Msamples
        1630000   -101104.1148       253.2      -101002.9374      -101.1773 19m1s/Msamples
        1631000   -101102.0529       253.4      -100996.7873      -105.2655 19m1s/Msamples
        1632000   -101101.6268       253.6      -100998.4840      -103.1428 19m1s/Msamples
        1633000   -101096.0960       254.1      -100999.7028       -96.3932 19m1s/Msamples
        1634000   -101087.7158       255.3      -100990.0320       -97.6837 19m1s/Msamples
        1635000   -101090.1719       256.1      -100994.6637       -95.5082 19m1s/Msamples
        1636000   -101109.5720       256.3      -101010.1771       -99.3948 19m1s/Msamples
        1637000   -101097.0775       256.7      -100994.4413      -102.6362 19m1s/Msamples
        1638000   -101096.1560       257.1      -100993.3612      -102.7947 19m1s/Msamples
        1639000   -101105.0832       257.0      -100999.3050      -105.7781 19m1s/Msamples
        1640000   -101105.1507       257.2      -100997.0801      -108.0705 19m1s/Msamples
        1641000   -101102.6010       257.4      -100998.4635      -104.1375 19m1s/Msamples
        1642000   -101098.8560       257.6      -100996.9071      -101.9488 19m1s/Msamples
        1643000   -101099.8070       257.8      -100997.4515      -102.3555 19m1s/Msamples
        1644000   -101089.6338       258.2      -100990.2037       -99.4300 19m1s/Msamples
        1645000   -101092.7754       258.2      -100992.5825      -100.1929 19m1s/Msamples
        1646000   -101097.6406       258.2      -100998.4192       -99.2214 19m1s/Msamples
        1647000   -101109.8859       259.0      -101008.2225      -101.6633 19m1s/Msamples
        1648000   -101091.9861       258.8      -100992.5356       -99.4504 19m1s/Msamples
        1649000   -101088.9334       258.0      -100987.9808      -100.9526 19m1s/Msamples
        1650000   -101098.9591       257.9      -100996.3313      -102.6278 19m1s/Msamples
        1651000   -101096.4237       257.8      -100997.8496       -98.5741 19m1s/Msamples
        1652000   -101089.3090       257.6      -100990.9050       -98.4040 19m1s/Msamples
        1653000   -101093.6990       257.3      -100991.0159      -102.6830 19m1s/Msamples
        1654000   -101089.4425       256.9      -100988.4483      -100.9942 19m1s/Msamples
        1655000   -101091.8135       256.4      -100990.8806      -100.9329 19m1s/Msamples
        1656000   -101091.8119       255.8      -100988.8610      -102.9509 19m1s/Msamples
        1657000   -101098.9819       255.7      -100996.5051      -102.4768 19m1s/Msamples
        1658000   -101088.7036       254.8      -100989.0227       -99.6808 19m1s/Msamples
        1659000   -101097.2130       253.7      -100992.7572      -104.4557 19m1s/Msamples
        1660000   -101104.0414       254.2      -101000.5135      -103.5278 19m1s/Msamples
        1661000   -101097.8073       253.9      -100994.1329      -103.6743 19m1s/Msamples
        1662000   -101110.7761       255.1      -101004.0388      -106.7372 19m1s/Msamples
        1663000   -101104.7442       255.6      -101000.7280      -104.0161 19m1s/Msamples
        1664000   -101102.5639       255.8      -100994.5921      -107.9718 19m1s/Msamples
        1665000   -101105.7637       256.3      -101002.1231      -103.6406 19m1s/Msamples
        1666000   -101103.4903       256.6      -101001.0346      -102.4557 19m1s/Msamples
        1667000   -101101.3896       256.7      -100999.4611      -101.9284 19m1s/Msamples
        1668000   -101109.4080       257.4      -101002.3096      -107.0984 19m1s/Msamples
        1669000   -101103.4376       257.4      -100997.9249      -105.5127 19m1s/Msamples
        1670000   -101097.3404       257.5      -100993.3531      -103.9873 19m1s/Msamples
        1671000   -101094.7534       257.6      -100991.6768      -103.0765 19m1s/Msamples
        1672000   -101104.2731       257.8      -100998.0500      -106.2231 19m1s/Msamples
        1673000   -101100.6877       258.0      -100996.8303      -103.8573 19m1s/Msamples
        1674000   -101098.1419       258.2      -100996.1097      -102.0321 19m1s/Msamples
        1675000   -101093.2491       258.6      -100993.2481      -100.0009 19m1s/Msamples
        1676000   -101093.4798       258.9      -100991.4425      -102.0373 19m1s/Msamples
        1677000   -101102.3858       259.1      -100996.8029      -105.5829 19m1s/Msamples
        1678000   -101097.6286       259.2      -100994.9651      -102.6634 19m1s/Msamples
        1679000   -101097.8476       259.1      -100995.6669      -102.1807 19m1s/Msamples
        1680000   -101101.8281       259.3      -101000.0001      -101.8280 19m1s/Msamples
        1681000   -101103.4071       259.5      -101000.4802      -102.9269 19m1s/Msamples
        1682000   -101097.7875       259.6      -100994.3606      -103.4269 19m1s/Msamples
        1683000   -101097.8606       259.7      -100992.0202      -105.8403 19m1s/Msamples
        1684000   -101085.1889       259.8      -100979.9061      -105.2827 19m1s/Msamples
        1685000   -101101.4546       259.9      -100999.9888      -101.4658 19m1s/Msamples
        1686000   -101093.8637       259.7      -100992.8288      -101.0348 19m1s/Msamples
        1687000   -101090.5285       259.4      -100992.7294       -97.7991 19m0s/Msamples
        1688000   -101093.1770       259.1      -100999.7876       -93.3894 19m0s/Msamples
        1689000   -101089.0757       258.3      -100996.0890       -92.9867 19m0s/Msamples
        1690000   -101096.3926       258.0      -100998.5139       -97.8787 19m0s/Msamples
        1691000   -101086.7028       257.2      -100990.2270       -96.4758 19m0s/Msamples
        1692000   -101092.3696       256.5      -100993.0915       -99.2781 19m0s/Msamples
        1693000   -101090.9854       255.7      -100994.6002       -96.3851 19m0s/Msamples
        1694000   -101092.9071       254.9      -100993.7033       -99.2037 19m0s/Msamples
        1695000   -101086.1861       253.8      -100988.7732       -97.4129 19m0s/Msamples
        1696000   -101100.1702       253.7      -100992.3957      -107.7745 19m0s/Msamples
        1697000   -101103.6493       254.1      -101000.6833      -102.9659 19m0s/Msamples
        1698000   -101096.8595       253.7      -100996.8862       -99.9732 19m0s/Msamples
        1699000   -101091.2288       252.5      -100990.8002      -100.4285 19m0s/Msamples
        1700000   -101092.2372       251.6      -100992.2254      -100.0118 19m0s/Msamples
        1701000   -101088.3431       250.2      -100989.1851       -99.1580 19m0s/Msamples
        1702000   -101097.1871       249.7      -100997.3051       -99.8820 19m0s/Msamples
        1703000   -101104.4588       250.2      -100996.4601      -107.9986 19m0s/Msamples
        1704000   -101097.9152       249.9      -100991.5118      -106.4034 19m0s/Msamples
        1705000   -101101.5124       250.0      -100999.5991      -101.9132 19m0s/Msamples
        1706000   -101107.4633       250.8      -101004.8392      -102.6240 19m0s/Msamples
        1707000   -101103.5454       251.2      -101001.5498      -101.9956 19m0s/Msamples
        1708000   -101094.9404       250.8      -100993.3540      -101.5863 19m0s/Msamples
        1709000   -101093.5927       250.1      -100995.5263       -98.0664 19m0s/Msamples
        1710000   -101102.9225       250.3      -101002.9000      -100.0225 19m0s/Msamples
        1711000   -101105.2897       250.8      -101001.1344      -104.1553 19m0s/Msamples
        1712000   -101113.8057       252.1      -101013.7186      -100.0871 19m0s/Msamples
        1713000   -101100.0564       252.1      -101000.0088      -100.0476 19m0s/Msamples
        1714000   -101090.8647       252.2      -100991.7992       -99.0654 19m0s/Msamples
        1715000   -101093.2509       252.1      -100993.0275      -100.2234 19m0s/Msamples
        1716000   -101099.1228       252.1      -101000.8009       -98.3219 19m0s/Msamples
        1717000   -101102.7618       252.3      -101002.5161      -100.2456 19m0s/Msamples
        1718000   -101102.0154       252.5      -100998.5254      -103.4899 19m0s/Msamples
        1719000   -101100.1556       252.5      -100996.4572      -103.6983 19m0s/Msamples
        1720000   -101104.6924       252.7      -101000.4516      -104.2408 19m0s/Msamples
        1721000   -101101.0609       252.9      -100997.4351      -103.6257 19m0s/Msamples
        1722000   -101099.6775       253.0      -100997.3229      -102.3545 19m0s/Msamples
        1723000   -101094.0300       253.2      -100993.6451      -100.3849 19m0s/Msamples
        1724000   -101100.8581       253.3      -100997.5555      -103.3025 19m0s/Msamples
        1725000   -101098.7478       253.4      -100997.6583      -101.0894 19m0s/Msamples
        1726000   -101098.2734       253.5      -100997.2834      -100.9900 19m0s/Msamples
        1727000   -101097.0473       253.5      -100990.1777      -106.8696 19m0s/Msamples
        1728000   -101101.7644       253.7      -100998.4865      -103.2779 19m0s/Msamples
        1729000   -101105.0550       253.8      -101001.0319      -104.0230 19m0s/Msamples
        1730000   -101103.5917       254.0      -101000.3980      -103.1936 19m0s/Msamples
        1731000   -101113.1498       254.9      -101006.7786      -106.3711 19m0s/Msamples
        1732000   -101123.3858       256.7      -101017.1695      -106.2163 19m0s/Msamples
        1733000   -101110.7214       257.0      -101000.7183      -110.0031 19m0s/Msamples
        1734000   -101105.2742       257.2      -100997.3017      -107.9724 19m0s/Msamples
        1735000   -101122.9002       257.8      -101015.7997      -107.1005 19m0s/Msamples
        1736000   -101110.0094       257.8      -101002.8833      -107.1260 19m0s/Msamples
        1737000   -101103.9339       257.9      -100997.0826      -106.8512 19m0s/Msamples
        1738000   -101097.6574       258.4      -100990.9199      -106.7375 19m0s/Msamples
        1739000   -101099.8563       258.5      -100991.8445      -108.0117 19m0s/Msamples
        1740000   -101100.5572       258.7      -100992.6952      -107.8620 19m0s/Msamples
        1741000   -101098.5820       259.1      -100993.2604      -105.3215 19m0s/Msamples
        1742000   -101099.3194       259.4      -100993.7465      -105.5728 19m0s/Msamples
        1743000   -101104.5266       259.4      -100998.7725      -105.7541 19m0s/Msamples
        1744000   -101120.4077       259.4      -101010.7975      -109.6102 19m0s/Msamples
        1745000   -101121.6553       259.0      -101012.7746      -108.8807 19m0s/Msamples
        1746000   -101101.6043       259.2      -100997.0403      -104.5640 19m0s/Msamples
        1747000   -101098.1719       259.8      -100994.6793      -103.4926 19m0s/Msamples
        1748000   -101107.5667       259.5      -101002.3366      -105.2300 19m0s/Msamples
        1749000   -101093.2895       260.5      -100991.5558      -101.7337 19m0s/Msamples
        1750000   -101101.7154       260.7      -100999.8572      -101.8581 19m0s/Msamples
        1751000   -101091.7163       261.6      -100991.6548      -100.0614 19m0s/Msamples
        1752000   -101102.7052       261.8      -101000.2347      -102.4704 19m0s/Msamples
        1753000   -101096.1105       262.1      -100995.1966      -100.9139 19m0s/Msamples
        1754000   -101090.4588       262.6      -100988.2760      -102.1827 19m0s/Msamples
        1755000   -101089.0431       263.1      -100989.5250       -99.5180 19m0s/Msamples
        1756000   -101097.8650       263.2      -100995.3955      -102.4695 19m0s/Msamples
        1757000   -101096.3828       263.4      -100998.1313       -98.2514 19m0s/Msamples
        1758000   -101101.9986       263.5      -101003.3214       -98.6771 19m0s/Msamples
        1759000   -101105.5087       263.5      -101008.1763       -97.3323 19m0s/Msamples
        1760000   -101104.7514       263.8      -101004.9162       -99.8351 19m0s/Msamples
        1761000   -101096.9867       263.8      -100997.3617       -99.6250 19m0s/Msamples
        1762000   -101090.4339       263.7      -100990.5463       -99.8876 19m0s/Msamples
        1763000   -101096.6815       263.6      -100993.9272      -102.7543 19m0s/Msamples
        1764000   -101094.4118       263.4      -100992.1750      -102.2367 19m0s/Msamples
        1765000   -101102.8713       263.6      -100995.9731      -106.8982 19m0s/Msamples
        1766000   -101100.2885       263.7      -100998.4599      -101.8285 19m0s/Msamples
        1767000   -101103.3623       263.9      -101003.1951      -100.1672 19m0s/Msamples
        1768000   -101097.8676       263.9      -100994.6070      -103.2606 19m0s/Msamples
        1769000   -101096.9630       263.2      -100995.1842      -101.7788 19m0s/Msamples
        1770000   -101097.2938       263.1      -100998.9487       -98.3450 19m0s/Msamples
        1771000   -101105.6008       263.5      -101005.1156      -100.4852 19m0s/Msamples
        1772000   -101103.9595       263.8      -101000.1699      -103.7896 19m0s/Msamples
        1773000   -101107.1811       264.2      -101001.7483      -105.4327 19m0s/Msamples
        1774000   -101096.4199       264.3      -100988.5428      -107.8770 19m0s/Msamples
        1775000   -101098.3290       264.4      -100989.5399      -108.7890 19m0s/Msamples
        1776000   -101113.2061       265.2      -100997.5943      -115.6117 19m0s/Msamples
        1777000   -101114.7468       266.1      -101005.1768      -109.5699 19m0s/Msamples
        1778000   -101103.2841       266.3      -100996.4369      -106.8471 19m0s/Msamples
        1779000   -101112.0892       266.6      -101005.5417      -106.5474 19m0s/Msamples
        1780000   -101122.2189       267.4      -101016.3692      -105.8496 19m0s/Msamples
        1781000   -101122.3491       267.7      -101015.8606      -106.4885 19m0s/Msamples
        1782000   -101115.6088       267.5      -101012.9391      -102.6696 19m0s/Msamples
        1783000   -101103.2561       267.6      -101001.1084      -102.1477 19m0s/Msamples
        1784000   -101104.9138       267.6      -101000.1527      -104.7610 19m0s/Msamples
        1785000   -101098.9544       268.0      -100999.0504       -99.9039 19m0s/Msamples
        1786000   -101102.8423       268.1      -101001.0168      -101.8254 19m0s/Msamples
        1787000   -101107.9880       267.9      -101009.1685       -98.8194 19m0s/Msamples
        1788000   -101115.2588       267.3      -101020.6027       -94.6561 19m0s/Msamples
        1789000   -101109.7337       266.2      -101009.5760      -100.1577 19m0s/Msamples
        1790000   -101099.3895       266.6      -100998.6805      -100.7090 19m0s/Msamples
        1791000   -101102.2020       266.8      -101002.8162       -99.3857 19m0s/Msamples
        1792000   -101095.4117       267.7      -100996.0457       -99.3660 19m0s/Msamples
        1793000   -101107.9134       267.5      -101007.9774       -99.9360 19m0s/Msamples
        1794000   -101086.6162       269.5      -100987.5962       -99.0199 19m0s/Msamples
        1795000   -101099.1138       269.9      -101000.0931       -99.0206 19m0s/Msamples
        1796000   -101099.0729       270.2      -101000.3440       -98.7288 19m0s/Msamples
        1797000   -101094.5753       270.8      -100995.0228       -99.5524 19m0s/Msamples
        1798000   -101099.5327       271.0      -100999.5231      -100.0095 19m0s/Msamples
        1799000   -101096.2235       270.6      -100999.1119       -97.1116 19m0s/Msamples
        1800000   -101095.0753       270.8      -100996.6819       -98.3934 19m0s/Msamples
        1801000   -101092.8242       271.0      -100994.5170       -98.3071 19m0s/Msamples
        1802000   -101082.5053       271.5      -100982.3041      -100.2011 19m0s/Msamples
        1803000   -101089.9040       271.5      -100988.3508      -101.5532 19m0s/Msamples
        1804000   -101096.3138       271.3      -100997.3097       -99.0040 19m0s/Msamples
        1805000   -101100.1358       271.4      -100998.8951      -101.2406 19m0s/Msamples
        1806000   -101109.3472       272.3      -101006.4064      -102.9408 19m0s/Msamples
        1807000   -101109.9439       273.3      -101004.0920      -105.8518 19m0s/Msamples
        1808000   -101106.4847       273.8      -101002.0984      -104.3863 19m0s/Msamples
        1809000   -101098.4336       273.5      -100994.2109      -104.2226 19m0s/Msamples
        1810000   -101105.9698       274.0      -101002.6387      -103.3311 19m0s/Msamples
        1811000   -101099.9109       274.0      -100999.2506      -100.6602 19m0s/Msamples
        1812000   -101101.2954       274.2      -100994.9026      -106.3927 19m0s/Msamples
        1813000   -101098.7966       274.2      -100996.3596      -102.4370 19m0s/Msamples
        1814000   -101101.4218       274.3      -101000.8695      -100.5523 19m0s/Msamples
        1815000   -101099.2376       274.4      -100999.8957       -99.3418 19m0s/Msamples
        1816000   -101103.6296       274.6      -101000.6894      -102.9402 19m0s/Msamples
        1817000   -101084.0848       274.9      -100983.5049      -100.5798 19m0s/Msamples
        1818000   -101089.9676       274.9      -100987.2837      -102.6838 19m0s/Msamples
        1819000   -101094.0861       274.5      -100993.3828      -100.7033 19m0s/Msamples
        1820000   -101098.3772       274.6      -100993.8000      -104.5772 19m0s/Msamples
        1821000   -101103.2078       274.8      -101000.6639      -102.5438 19m0s/Msamples
        1822000   -101094.3321       274.9      -100995.9319       -98.4001 19m0s/Msamples
        1823000   -101106.9126       275.4      -100998.4227      -108.4899 19m0s/Msamples
        1824000   -101108.2290       275.9      -101001.6920      -106.5370 19m0s/Msamples
        1825000   -101100.1917       276.0      -100997.7409      -102.4507 19m0s/Msamples
        1826000   -101091.1712       276.0      -100985.8674      -105.3038 19m0s/Msamples
        1827000   -101099.1148       276.0      -100996.7106      -102.4042 19m0s/Msamples
        1828000   -101106.3247       276.5      -100999.8071      -106.5175 19m0s/Msamples
        1829000   -101110.6054       276.9      -101007.8284      -102.7770 19m0s/Msamples
        1830000   -101101.1679       277.0      -100998.8532      -102.3146 19m0s/Msamples
        1831000   -101097.8044       277.0      -100994.5971      -103.2072 19m0s/Msamples
        1832000   -101106.9745       277.5      -101002.2360      -104.7385 19m0s/Msamples
        1833000   -101098.3058       277.5      -100993.5873      -104.7184 19m0s/Msamples
        1834000   -101097.6911       277.6      -100995.5901      -102.1009 19m0s/Msamples
        1835000   -101095.2337       277.8      -100995.3657       -99.8679 19m0s/Msamples
        1836000   -101092.8139       278.0      -100991.2287      -101.5852 19m0s/Msamples
        1837000   -101092.0339       278.2      -100990.2552      -101.7786 18m59s/Msamples
        1838000   -101091.1830       278.3      -100991.4650       -99.7179 18m59s/Msamples
        1839000   -101098.6765       278.5      -100992.5818      -106.0947 18m59s/Msamples
        1840000   -101096.6066       278.5      -100993.2540      -103.3525 19m0s/Msamples
        1841000   -101096.2081       278.5      -100995.5982      -100.6099 19m0s/Msamples
        1842000   -101102.0000       278.6      -101000.5413      -101.4587 19m0s/Msamples
        1843000   -101091.3864       278.6      -100988.5832      -102.8032 19m0s/Msamples
        1844000   -101102.9860       278.8      -100995.7184      -107.2675 19m0s/Msamples
        1845000   -101101.4382       278.9      -100988.8435      -112.5946 19m0s/Msamples
        1846000   -101104.5263       279.3      -100996.8338      -107.6924 18m59s/Msamples
        1847000   -101112.1174       280.3      -101005.7557      -106.3616 18m59s/Msamples
        1848000   -101102.5644       280.5      -100998.3676      -104.1968 18m59s/Msamples
        1849000   -101098.5151       280.4      -100997.9573      -100.5577 18m59s/Msamples
        1850000   -101089.6900       280.3      -100987.7859      -101.9041 18m59s/Msamples
        1851000   -101099.3943       280.3      -100998.4927      -100.9016 18m59s/Msamples
        1852000   -101094.8939       280.2      -100990.8032      -104.0907 18m59s/Msamples
        1853000   -101095.9164       280.1      -100994.0886      -101.8277 18m59s/Msamples
        1854000   -101093.7664       280.0      -100987.7935      -105.9729 18m59s/Msamples
        1855000   -101095.1050       279.9      -100991.2566      -103.8484 18m59s/Msamples
        1856000   -101098.5060       279.9      -100994.0692      -104.4368 18m59s/Msamples
        1857000   -101108.6943       280.5      -100999.6834      -109.0109 18m59s/Msamples
        1858000   -101102.3871       280.7      -100993.8243      -108.5627 18m59s/Msamples
        1859000   -101107.9527       281.0      -100996.8091      -111.1436 18m59s/Msamples
        1860000   -101109.0873       281.5      -101005.9158      -103.1715 18m59s/Msamples
        1861000   -101109.0659       281.9      -101005.9022      -103.1637 18m59s/Msamples
        1862000   -101097.3038       282.1      -100996.8437      -100.4601 18m59s/Msamples
        1863000   -101100.2775       282.2      -100999.7096      -100.5678 18m59s/Msamples
        1864000   -101099.9548       282.4      -100997.2143      -102.7405 18m59s/Msamples
        1865000   -101099.5286       282.5      -100998.6121      -100.9165 18m59s/Msamples
        1866000   -101091.4927       282.6      -100991.5025       -99.9902 18m59s/Msamples
        1867000   -101097.7423       282.7      -100997.9485       -99.7938 18m59s/Msamples
        1868000   -101099.9245       282.8      -100998.6838      -101.2407 18m59s/Msamples
        1869000   -101096.1776       282.6      -100994.2330      -101.9445 18m59s/Msamples
        1870000   -101097.4867       282.7      -100992.5847      -104.9019 18m59s/Msamples
        1871000   -101103.2404       282.9      -100998.9883      -104.2520 18m59s/Msamples
        1872000   -101091.2527       283.1      -100988.9531      -102.2996 18m59s/Msamples
        1873000   -101095.2554       283.2      -100993.7179      -101.5375 18m59s/Msamples
        1874000   -101103.5841       283.4      -101000.7300      -102.8541 18m59s/Msamples
        1875000   -101096.5854       283.5      -100995.4943      -101.0910 18m59s/Msamples
        1876000   -101095.8364       283.5      -100993.9886      -101.8477 18m59s/Msamples
        1877000   -101106.3991       283.9      -101003.2150      -103.1840 18m59s/Msamples
        1878000   -101096.3153       283.9      -100996.0708      -100.2444 18m59s/Msamples
        1879000   -101098.6850       283.8      -100996.6097      -102.0752 18m59s/Msamples
        1880000   -101120.2169       285.9      -101015.9661      -104.2508 18m59s/Msamples
        1881000   -101102.8861       286.1      -101000.2238      -102.6622 18m59s/Msamples
        1882000   -101106.1603       286.5      -101004.4385      -101.7218 18m59s/Msamples
        1883000   -101095.5765       286.5      -100990.8309      -104.7455 18m59s/Msamples
        1884000   -101100.1839       286.7      -100997.3351      -102.8488 18m59s/Msamples
        1885000   -101109.6311       287.2      -101002.5715      -107.0596 18m59s/Msamples
        1886000   -101111.2625       287.7      -101007.9670      -103.2955 18m59s/Msamples
        1887000   -101098.7435       287.9      -100999.9022       -98.8412 18m59s/Msamples
        1888000   -101097.6665       288.1      -100997.5354      -100.1310 18m59s/Msamples
        1889000   -101098.5490       287.9      -100996.9517      -101.5972 18m59s/Msamples
        1890000   -101092.5074       288.2      -100993.3446       -99.1628 18m59s/Msamples
        1891000   -101100.9692       288.4      -101002.1507       -98.8185 18m59s/Msamples
        1892000   -101102.2630       288.5      -101001.7067      -100.5563 18m59s/Msamples
        1893000   -101106.5532       288.8      -101006.1045      -100.4486 18m59s/Msamples
        1894000   -101099.1166       289.0      -100996.8509      -102.2656 18m59s/Msamples
        1895000   -101099.9083       289.2      -101000.4199       -99.4883 18m59s/Msamples
        1896000   -101100.6954       289.3      -100998.6623      -102.0330 18m59s/Msamples
        1897000   -101094.4482       289.7      -100994.0162      -100.4320 18m59s/Msamples
        1898000   -101089.8613       290.2      -100986.8071      -103.0541 18m59s/Msamples
        1899000   -101095.1668       290.0      -100994.6846      -100.4822 18m59s/Msamples
        1900000   -101099.4570       290.2      -101000.3589       -99.0981 18m59s/Msamples
        1901000   -101099.7098       290.3      -101001.9414       -97.7683 18m59s/Msamples
        1902000   -101105.6875       290.6      -101003.5305      -102.1570 18m59s/Msamples
        1903000   -101105.7649       291.0      -101002.8068      -102.9580 18m59s/Msamples
        1904000   -101098.1158       291.1      -100994.9599      -103.1559 18m59s/Msamples
        1905000   -101108.1933       291.6      -101001.6911      -106.5022 18m59s/Msamples
        1906000   -101104.0942       291.8      -101001.3180      -102.7762 18m59s/Msamples
        1907000   -101100.0089       292.0      -100996.7864      -103.2225 18m59s/Msamples
        1908000   -101106.5560       292.3      -101005.8642      -100.6917 18m59s/Msamples
        1909000   -101100.9102       292.3      -100999.5717      -101.3384 18m59s/Msamples
        1910000   -101111.6058       292.9      -101010.2374      -101.3683 18m59s/Msamples
        1911000   -101110.3125       293.3      -101011.5563       -98.7561 18m59s/Msamples
        1912000   -101118.7342       294.2      -101013.6281      -105.1060 18m59s/Msamples
        1913000   -101102.5571       294.3      -100998.7844      -103.7726 18m59s/Msamples
        1914000   -101110.1773       294.4      -101003.8870      -106.2903 18m59s/Msamples
        1915000   -101102.4518       294.6      -100996.0918      -106.3599 18m59s/Msamples
        1916000   -101117.1637       294.5      -101013.2969      -103.8668 18m59s/Msamples
        1917000   -101104.3098       294.5      -100998.1934      -106.1163 18m59s/Msamples
        1918000   -101105.5297       294.5      -101000.4826      -105.0470 18m59s/Msamples
        1919000   -101100.7954       294.5      -100997.8579      -102.9374 18m59s/Msamples
        1920000   -101095.4024       295.2      -100996.0555       -99.3468 18m59s/Msamples
        1921000   -101097.1413       295.8      -100999.5375       -97.6038 18m59s/Msamples
        1922000   -101100.7862       296.0      -100999.5591      -101.2270 18m59s/Msamples
        1923000   -101102.5410       296.2      -101000.8967      -101.6442 18m59s/Msamples
        1924000   -101099.5263       296.5      -100997.4398      -102.0864 18m59s/Msamples
        1925000   -101117.6391       296.5      -101016.1399      -101.4991 18m59s/Msamples
        1926000   -101108.5369       296.3      -101006.1606      -102.3763 18m59s/Msamples
        1927000   -101109.4670       296.2      -101007.4201      -102.0469 18m59s/Msamples
        1928000   -101107.2201       296.1      -101007.7165       -99.5036 18m59s/Msamples
        1929000   -101104.6118       295.7      -101005.3068       -99.3049 18m59s/Msamples
        1930000   -101108.1024       295.7      -101006.2457      -101.8566 18m59s/Msamples
        1931000   -101099.4052       296.0      -100996.6540      -102.7512 18m59s/Msamples
        1932000   -101095.5246       296.5      -100994.5703      -100.9543 18m59s/Msamples
        1933000   -101100.4617       296.8      -101004.3997       -96.0619 18m59s/Msamples
        1934000   -101125.2102       297.5      -101022.1773      -103.0329 18m59s/Msamples
        1935000   -101111.3001       297.5      -101011.6917       -99.6083 18m59s/Msamples
        1936000   -101097.5956       297.9      -100995.3917      -102.2038 18m59s/Msamples
        1937000   -101107.8330       297.9      -100999.6530      -108.1800 18m59s/Msamples
        1938000   -101106.9721       297.9      -101002.3259      -104.6462 18m59s/Msamples
        1939000   -101111.2639       297.1      -101006.7433      -104.5205 18m59s/Msamples
        1940000   -101124.4121       296.8      -101018.4030      -106.0091 18m59s/Msamples
        1941000   -101115.5724       296.0      -101011.3187      -104.2537 18m59s/Msamples
        1942000   -101115.5535       295.1      -101010.7571      -104.7963 18m59s/Msamples
        1943000   -101099.5092       295.6      -100999.2874      -100.2217 18m59s/Msamples
        1944000   -101101.4343       295.9      -101002.6010       -98.8333 18m59s/Msamples
        1945000   -101104.8492       295.8      -101003.2545      -101.5947 18m59s/Msamples
        1946000   -101104.5025       295.7      -101004.9301       -99.5723 18m59s/Msamples
        1947000   -101101.7073       295.9      -100998.2633      -103.4440 18m59s/Msamples
        1948000   -101099.9078       296.3      -100997.3843      -102.5234 18m59s/Msamples
        1949000   -101099.6221       295.8      -100996.2455      -103.3765 18m59s/Msamples
        1950000   -101096.4431       296.5      -100992.5730      -103.8700 18m59s/Msamples
        1951000   -101095.6727       297.4      -100992.3074      -103.3652 18m59s/Msamples
        1952000   -101091.9165       298.5      -100990.9423      -100.9742 18m59s/Msamples
        1953000   -101091.3391       299.4      -100990.8105      -100.5285 18m59s/Msamples
        1954000   -101099.8668       299.6      -101001.3155       -98.5513 18m59s/Msamples
        1955000   -101099.0419       299.9      -101003.0418       -96.0000 18m59s/Msamples
        1956000   -101104.9892       300.1      -101002.4017      -102.5874 18m59s/Msamples
        1957000   -101100.6238       300.2      -101001.7944       -98.8294 18m59s/Msamples
        1958000   -101101.6218       300.4      -101004.4496       -97.1721 18m58s/Msamples
        1959000   -101100.6923       299.9      -100998.5260      -102.1663 18m58s/Msamples
        1960000   -101100.9557       300.0      -100998.7764      -102.1793 18m59s/Msamples
        1961000   -101098.4008       300.1      -100996.2807      -102.1200 18m59s/Msamples
        1962000   -101102.4801       300.3      -101002.0604      -100.4197 18m59s/Msamples
        1963000   -101103.3293       300.5      -101004.3938       -98.9355 18m59s/Msamples
        1964000   -101104.9562       300.9      -101004.9322      -100.0239 18m59s/Msamples
        1965000   -101112.7527       301.7      -101010.6161      -102.1366 18m59s/Msamples
        1966000   -101097.1279       301.8      -100997.7609       -99.3670 18m59s/Msamples
        1967000   -101099.1166       301.9      -100995.9618      -103.1547 18m59s/Msamples
        1968000   -101106.5778       302.3      -101005.1941      -101.3837 18m59s/Msamples
        1969000   -101110.0212       302.2      -101014.6880       -95.3331 18m59s/Msamples
        1970000   -101100.1230       302.4      -101001.5122       -98.6108 18m59s/Msamples
        1971000   -101102.2257       302.5      -101002.7794       -99.4463 18m59s/Msamples
        1972000   -101101.9422       302.7      -101002.7344       -99.2078 18m59s/Msamples
        1973000   -101098.7603       302.9      -100994.7360      -104.0243 18m59s/Msamples
        1974000   -101092.4734       303.4      -100990.8473      -101.6260 18m59s/Msamples
        1975000   -101103.6595       303.6      -101002.7898      -100.8697 18m59s/Msamples
        1976000   -101102.8633       303.7      -101002.5799      -100.2834 18m59s/Msamples
        1977000   -101093.9596       304.1      -100993.8174      -100.1421 18m58s/Msamples
        1978000   -101096.0689       304.4      -100992.4436      -103.6253 18m58s/Msamples
        1979000   -101091.4473       304.7      -100987.0111      -104.4362 18m58s/Msamples
        1980000   -101101.9273       304.9      -100999.6833      -102.2439 18m58s/Msamples
        1981000   -101119.7281       306.2      -101014.9439      -104.7842 18m59s/Msamples
        1982000   -101106.3807       306.4      -101001.8819      -104.4988 18m59s/Msamples
        1983000   -101105.3145       306.7      -101002.9472      -102.3672 18m59s/Msamples
        1984000   -101099.0272       306.9      -100998.0282      -100.9990 18m59s/Msamples
        1985000   -101099.9371       307.0      -100998.0240      -101.9131 18m59s/Msamples
        1986000   -101104.2385       307.3      -101000.5562      -103.6822 18m59s/Msamples
        1987000   -101099.1040       307.4      -100997.0306      -102.0733 18m59s/Msamples
        1988000   -101104.6821       307.6      -101000.6349      -104.0471 18m59s/Msamples
        1989000   -101099.5754       307.7      -100996.1514      -103.4240 18m58s/Msamples
        1990000   -101104.9552       307.9      -101000.3631      -104.5921 18m59s/Msamples
        1991000   -101109.6548       308.2      -101003.9010      -105.7538 18m59s/Msamples
        1992000   -101091.8858       308.7      -100991.4838      -100.4020 18m59s/Msamples
        1993000   -101101.9315       308.9      -101001.2332      -100.6982 18m59s/Msamples
        1994000   -101094.8761       309.2      -100991.2272      -103.6488 18m59s/Msamples
        1995000   -101098.5583       309.4      -100999.3228       -99.2355 18m59s/Msamples
        1996000   -101100.9625       309.6      -100997.4935      -103.4690 18m59s/Msamples
        1997000   -101106.7391       309.8      -101000.5804      -106.1586 18m59s/Msamples
        1998000   -101101.6860       310.0      -101001.3844      -100.3015 18m59s/Msamples
        1999000   -101108.4389       310.1      -101003.9223      -104.5165 18m59s/Msamples
        2000000   -101107.8854       310.4      -101000.3304      -107.5549 18m59s/Msamples
        2001000   -101114.6136       310.9      -101006.1562      -108.4574 18m59s/Msamples
        2002000   -101107.5386       311.1      -101000.7787      -106.7598 18m59s/Msamples
        2003000   -101110.1859       311.2      -101003.8111      -106.3747 18m59s/Msamples
        2004000   -101104.5849       311.3      -101002.3377      -102.2472 18m59s/Msamples
        2005000   -101109.2626       311.4      -101005.9076      -103.3550 18m59s/Msamples
        2006000   -101110.7509       311.4      -101004.2316      -106.5193 18m59s/Msamples
        2007000   -101119.3424       311.5      -101013.9932      -105.3491 18m59s/Msamples
        2008000   -101106.2625       311.4      -100998.3420      -107.9205 18m59s/Msamples
        2009000   -101102.4098       311.1      -101000.7914      -101.6183 18m59s/Msamples
        2010000   -101103.8165       311.1      -101000.5430      -103.2735 18m59s/Msamples
        2011000   -101101.8219       311.3      -101000.5385      -101.2833 18m59s/Msamples
        2012000   -101098.5402       311.8      -100997.3312      -101.2090 18m59s/Msamples
        2013000   -101100.7674       312.1      -100994.9256      -105.8417 18m59s/Msamples
        2014000   -101094.7293       313.0      -100992.3445      -102.3847 18m59s/Msamples
        2015000   -101110.3025       312.7      -101004.5437      -105.7588 18m59s/Msamples
        2016000   -101093.6426       313.7      -100992.3313      -101.3112 18m59s/Msamples
        2017000   -101109.2399       313.6      -101009.7478       -99.4920 18m59s/Msamples
        2018000   -101102.4136       313.7      -100997.5755      -104.8380 18m59s/Msamples
        2019000   -101108.3178       313.4      -100999.6752      -108.6426 18m59s/Msamples
        2020000   -101090.2114       314.5      -100989.6510      -100.5603 18m59s/Msamples
        2021000   -101105.4486       314.6      -100999.7021      -105.7465 18m59s/Msamples
        2022000   -101107.9230       314.7      -101002.9206      -105.0024 18m59s/Msamples
        2023000   -101107.0696       314.7      -101000.1070      -106.9625 18m59s/Msamples
        2024000   -101101.9941       314.9      -100997.4989      -104.4952 18m59s/Msamples
        2025000   -101098.8146       315.2      -100995.6211      -103.1935 18m59s/Msamples
        2026000   -101112.0882       315.5      -101009.7074      -102.3807 18m59s/Msamples
        2027000   -101104.8148       315.7      -101001.9490      -102.8657 18m59s/Msamples
        2028000   -101099.2430       315.9      -100996.4838      -102.7591 18m59s/Msamples
        2029000   -101092.9122       316.0      -100991.5345      -101.3776 18m59s/Msamples
        2030000   -101110.0445       316.3      -101003.4404      -106.6040 18m59s/Msamples
        2031000   -101109.6348       316.6      -101004.6276      -105.0072 18m59s/Msamples
        2032000   -101107.5938       316.7      -100997.4866      -110.1072 18m59s/Msamples
        2033000   -101100.9588       316.9      -100991.8141      -109.1447 18m59s/Msamples
        2034000   -101107.7415       317.0      -101000.7616      -106.9798 18m59s/Msamples
        2035000   -101102.0623       317.2      -101000.8248      -101.2375 18m59s/Msamples
        2036000   -101106.9232       317.2      -101004.1832      -102.7399 18m59s/Msamples
        2037000   -101108.8561       317.3      -101008.1029      -100.7532 18m59s/Msamples
        2038000   -101093.3268       318.0      -100993.7703       -99.5565 18m59s/Msamples
        2039000   -101101.6359       317.8      -100996.8884      -104.7475 18m59s/Msamples
        2040000   -101098.3255       318.2      -100997.8694      -100.4560 18m59s/Msamples
        2041000   -101099.4059       318.4      -100996.9486      -102.4573 18m59s/Msamples
        2042000   -101097.8272       318.7      -100996.7778      -101.0494 18m59s/Msamples
        2043000   -101096.3403       319.1      -100995.5873      -100.7529 18m59s/Msamples
        2044000   -101101.1214       319.3      -101000.3078      -100.8136 18m59s/Msamples
        2045000   -101104.2254       319.5      -101001.1516      -103.0738 18m59s/Msamples
        2046000   -101093.9216       319.8      -100995.2649       -98.6567 18m59s/Msamples
        2047000   -101100.1617       320.0      -100999.9754      -100.1862 18m59s/Msamples
        2048000   -101098.6182       320.2      -100997.1633      -101.4548 18m59s/Msamples
        2049000   -101106.7292       320.4      -101004.4417      -102.2874 18m59s/Msamples
        2050000   -101101.3982       320.5      -100999.4069      -101.9912 18m59s/Msamples
        2051000   -101096.2662       320.7      -100993.8583      -102.4079 18m59s/Msamples
        2052000   -101110.6872       321.2      -101003.1948      -107.4923 18m59s/Msamples
        2053000   -101108.4609       321.6      -101003.5391      -104.9217 18m59s/Msamples
        2054000   -101102.5969       321.8      -100993.9290      -108.6678 18m59s/Msamples
        2055000   -101111.4175       322.4      -101003.8360      -107.5814 18m59s/Msamples
        2056000   -101108.6707       322.8      -100998.5728      -110.0978 18m59s/Msamples
        2057000   -101104.9081       323.0      -100997.3547      -107.5534 18m59s/Msamples
        2058000   -101095.6626       323.3      -100991.4382      -104.2243 18m59s/Msamples
        2059000   -101097.9275       323.4      -100997.5860      -100.3414 18m59s/Msamples
        2060000   -101092.4088       323.8      -100994.3302       -98.0785 18m59s/Msamples
        2061000   -101094.5228       324.0      -100993.5025      -101.0203 18m59s/Msamples
        2062000   -101101.5125       324.2      -101000.8421      -100.6704 18m59s/Msamples
        2063000   -101106.7673       324.5      -101007.6178       -99.1494 18m59s/Msamples
        2064000   -101101.8147       324.7      -101003.1529       -98.6617 18m59s/Msamples
        2065000   -101094.3535       325.0      -100994.4345       -99.9190 18m59s/Msamples
        2066000   -101108.8681       325.3      -101006.5522      -102.3158 18m59s/Msamples
        2067000   -101097.6096       325.6      -100992.9513      -104.6583 18m59s/Msamples
        2068000   -101102.3766       325.8      -100997.3209      -105.0556 18m59s/Msamples
        2069000   -101097.5094       326.1      -100993.1074      -104.4020 18m59s/Msamples
        2070000   -101095.2946       326.4      -100994.9133      -100.3813 18m59s/Msamples
        2071000   -101110.1675       326.8      -101001.0786      -109.0889 18m59s/Msamples
        2072000   -101104.9487       327.1      -101001.2351      -103.7135 18m59s/Msamples
        2073000   -101114.3799       327.7      -101009.1992      -105.1807 18m59s/Msamples
        2074000   -101106.8350       328.0      -101000.5169      -106.3181 18m59s/Msamples
        2075000   -101105.9729       328.3      -101002.6102      -103.3627 18m59s/Msamples
        2076000   -101102.1232       328.4      -101002.3637       -99.7595 18m59s/Msamples
        2077000   -101107.9694       328.7      -101005.1549      -102.8145 18m59s/Msamples
        2078000   -101100.1523       328.9      -100998.7903      -101.3620 18m59s/Msamples
        2079000   -101115.3280       328.4      -101013.5535      -101.7744 18m59s/Msamples
        2080000   -101117.8269       328.5      -101014.9680      -102.8589 18m59s/Msamples
        2081000   -101101.6371       328.7      -100999.2506      -102.3864 18m59s/Msamples
        2082000   -101115.0022       328.7      -101013.4541      -101.5480 18m59s/Msamples
        2083000   -101112.4841       328.4      -101011.3628      -101.1212 18m59s/Msamples
        2084000   -101115.6164       327.9      -101012.8864      -102.7299 18m59s/Msamples
        2085000   -101101.0286       328.2      -100998.8126      -102.2159 18m59s/Msamples
        2086000   -101100.6251       328.5      -100997.7050      -102.9201 18m59s/Msamples
        2087000   -101106.1510       328.4      -101000.8432      -105.3077 18m59s/Msamples
        2088000   -101111.3983       327.8      -101006.4133      -104.9849 18m59s/Msamples
        2089000   -101111.4965       325.7      -101003.7149      -107.7815 18m59s/Msamples
        2090000   -101109.9922       325.1      -101006.5347      -103.4574 18m59s/Msamples
        2091000   -101112.4388       324.3      -101006.7191      -105.7196 18m59s/Msamples
        2092000   -101105.2673       324.1      -101000.8555      -104.4117 18m59s/Msamples
        2093000   -101094.8784       325.3      -100996.2590       -98.6193 18m59s/Msamples
        2094000   -101110.4151       324.8      -101010.2279      -100.1872 18m59s/Msamples
        2095000   -101109.3699       324.2      -101009.8229       -99.5470 18m59s/Msamples
        2096000   -101096.7859       325.1      -100997.1947       -99.5911 18m59s/Msamples
        2097000   -101091.9150       326.7      -100990.4807      -101.4343 18m59s/Msamples
        2098000   -101099.1490       327.1      -100995.6602      -103.4887 18m59s/Msamples
        2099000   -101112.0801       326.3      -101006.9180      -105.1621 18m59s/Msamples
        2100000   -101114.3300       325.9      -101007.8673      -106.4627 18m59s/Msamples
        2101000   -101105.2853       325.8      -101003.5618      -101.7234 18m59s/Msamples
        2102000   -101099.3728       326.2      -100998.5111      -100.8617 18m59s/Msamples
        2103000   -101091.2561       327.3      -100990.8466      -100.4095 18m59s/Msamples
        2104000   -101098.5975       327.7      -100999.9682       -98.6292 18m59s/Msamples
        2105000   -101093.5698       328.4      -100993.5941       -99.9757 18m59s/Msamples
        2106000   -101093.6877       329.0      -100995.4370       -98.2506 18m59s/Msamples
        2107000   -101095.0484       329.4      -100996.5441       -98.5042 18m59s/Msamples
        2108000   -101103.9247       329.6      -101003.4936      -100.4310 18m59s/Msamples
        2109000   -101100.9020       327.1      -101000.4310      -100.4709 18m59s/Msamples
        2110000   -101100.9033       327.3      -100993.1723      -107.7309 18m59s/Msamples
        2111000   -101115.8471       328.3      -101012.4640      -103.3831 18m59s/Msamples
        2112000   -101100.6418       328.4      -100995.1498      -105.4920 18m59s/Msamples
        2113000   -101115.2481       329.2      -101007.8970      -107.3511 18m59s/Msamples
        2114000   -101104.6251       329.5      -100997.5962      -107.0289 18m59s/Msamples
        2115000   -101103.0101       329.6      -100999.4273      -103.5827 18m59s/Msamples
        2116000   -101101.5508       329.8      -100997.5274      -104.0234 18m59s/Msamples
        2117000   -101116.5409       330.3      -101009.9998      -106.5411 18m59s/Msamples
        2118000   -101111.2153       330.5      -100999.4343      -111.7810 18m59s/Msamples
        2119000   -101111.2098       330.5      -101000.3788      -110.8310 18m59s/Msamples
        2120000   -101111.7517       330.8      -100998.7415      -113.0101 18m59s/Msamples
        2121000   -101116.4040       331.0      -101003.1536      -113.2503 18m59s/Msamples
        2122000   -101111.0813       330.8      -101004.0415      -107.0397 18m59s/Msamples
        2123000   -101101.9246       331.0      -100998.9005      -103.0241 18m59s/Msamples
        2124000   -101097.7763       331.6      -100993.1971      -104.5791 18m59s/Msamples
        2125000   -101092.5246       332.8      -100990.6134      -101.9111 18m59s/Msamples
        2126000   -101099.6173       333.2      -100997.0870      -102.5303 18m59s/Msamples
        2127000   -101106.3346       333.1      -101000.6014      -105.7332 18m59s/Msamples
        2128000   -101104.0818       333.1      -100995.5850      -108.4968 18m59s/Msamples
        2129000   -101100.1618       333.4      -100998.1204      -102.0413 18m59s/Msamples
        2130000   -101107.3557       333.3      -100999.7575      -107.5982 18m59s/Msamples
        2131000   -101103.9912       333.3      -100999.2016      -104.7896 18m59s/Msamples
        2132000   -101086.6490       335.1      -100985.0714      -101.5775 18m59s/Msamples
        2133000   -101087.3356       336.5      -100987.2594      -100.0761 18m59s/Msamples
        2134000   -101091.5063       337.3      -100992.6211       -98.8852 18m59s/Msamples
        2135000   -101092.3116       338.0      -100993.3124       -98.9992 18m59s/Msamples
        2136000   -101094.4837       338.2      -100994.9391       -99.5445 18m59s/Msamples
        2137000   -101095.1494       338.4      -100999.8647       -95.2847 18m59s/Msamples
        2138000   -101089.3210       338.5      -100991.7024       -97.6185 18m59s/Msamples
        2139000   -101091.6933       338.9      -100989.1617      -102.5316 18m59s/Msamples
        2140000   -101092.7154       338.5      -100991.1987      -101.5167 18m59s/Msamples
        2141000   -101101.9067       338.6      -101000.3456      -101.5610 18m59s/Msamples
        2142000   -101109.4505       339.7      -101001.6473      -107.8032 18m59s/Msamples
        2143000   -101089.8078       339.1      -100990.7933       -99.0145 18m59s/Msamples
        2144000   -101097.3365       338.8      -100997.7762       -99.5603 18m59s/Msamples
        2145000   -101099.6704       338.8      -101002.9251       -96.7453 18m59s/Msamples
        2146000   -101094.2138       338.3      -100996.1111       -98.1026 18m59s/Msamples
        2147000   -101097.1926       337.9      -100996.4258      -100.7668 18m59s/Msamples
        2148000   -101094.5254       337.3      -100995.7713       -98.7540 18m59s/Msamples
        2149000   -101105.8138       338.3      -101003.2033      -102.6105 18m59s/Msamples
        2150000   -101094.8033       337.6      -100991.9575      -102.8458 18m59s/Msamples
        2151000   -101101.8186       337.8      -100998.5842      -103.2343 18m59s/Msamples
        2152000   -101112.7134       339.4      -101006.7999      -105.9134 18m59s/Msamples
        2153000   -101112.0938       340.7      -101009.5392      -102.5545 18m59s/Msamples
        2154000   -101110.1917       341.5      -101007.5981      -102.5936 18m59s/Msamples
        2155000   -101105.4506       341.8      -101003.0027      -102.4479 18m59s/Msamples
        2156000   -101111.2922       342.3      -101004.6798      -106.6123 18m59s/Msamples
        2157000   -101110.5258       342.6      -101000.7417      -109.7840 18m59s/Msamples
        2158000   -101100.9173       342.8      -100995.5112      -105.4061 18m59s/Msamples
        2159000   -101109.3076       343.2      -101002.8858      -106.4217 18m59s/Msamples
        2160000   -101103.5912       343.3      -100996.1724      -107.4187 18m59s/Msamples
        2161000   -101108.0023       343.4      -100998.1643      -109.8380 18m59s/Msamples
        2162000   -101118.6595       343.5      -101009.9865      -108.6729 18m59s/Msamples
        2163000   -101102.6327       343.7      -100994.6763      -107.9563 18m59s/Msamples
        2164000   -101103.0240       343.8      -100993.1668      -109.8571 18m59s/Msamples
        2165000   -101109.2198       343.5      -101000.3779      -108.8418 18m59s/Msamples
        2166000   -101094.9582       344.4      -100988.9128      -106.0454 18m59s/Msamples
        2167000   -101087.5586       346.4      -100986.9983      -100.5603 18m59s/Msamples
        2168000   -101093.3935       347.4      -100990.9484      -102.4451 18m59s/Msamples
        2169000   -101103.6506       347.5      -101005.7007       -97.9498 18m59s/Msamples
        2170000   -101090.3465       348.5      -100989.7482      -100.5982 18m59s/Msamples
        2171000   -101089.6213       349.3      -100988.7491      -100.8722 18m59s/Msamples
        2172000   -101094.1213       349.7      -100986.8319      -107.2894 18m59s/Msamples
        2173000   -101096.0558       349.9      -100991.2834      -104.7724 18m59s/Msamples
        2174000   -101099.6073       350.0      -100996.2251      -103.3822 18m59s/Msamples
        2175000   -101091.3797       350.1      -100989.4352      -101.9444 18m59s/Msamples
        2176000   -101099.5784       350.2      -100997.0591      -102.5192 18m59s/Msamples
        2177000   -101096.9304       350.1      -100994.9313      -101.9991 18m59s/Msamples
        2178000   -101088.9419       349.9      -100988.4134      -100.5285 18m59s/Msamples
        2179000   -101093.8947       349.2      -100993.0186      -100.8760 18m59s/Msamples
        2180000   -101093.8046       348.6      -100993.5016      -100.3030 18m59s/Msamples
        2181000   -101092.8265       347.9      -100990.5009      -102.3255 18m59s/Msamples
        2182000   -101088.8481       346.8      -100988.4654      -100.3826 18m59s/Msamples
        2183000   -101095.9879       346.2      -100992.4292      -103.5586 18m59s/Msamples
        2184000   -101102.2906       346.4      -100992.2278      -110.0627 18m59s/Msamples
        2185000   -101102.4205       346.6      -100995.7839      -106.6365 18m59s/Msamples
        2186000   -101112.5937       348.4      -101007.4539      -105.1397 18m59s/Msamples
        2187000   -101101.6366       348.5      -100998.5008      -103.1358 18m59s/Msamples
        2188000   -101104.1083       348.9      -100995.7097      -108.3985 18m59s/Msamples
        2189000   -101096.7450       347.8      -100992.0126      -104.7323 18m59s/Msamples
        2190000   -101105.8482       348.3      -100996.7958      -109.0523 18m59s/Msamples
        2191000   -101111.1799       349.4      -101003.9143      -107.2655 18m59s/Msamples
        2192000   -101097.1694       349.4      -100991.2184      -105.9510 18m59s/Msamples
        2193000   -101115.4235       350.7      -101006.5084      -108.9150 18m59s/Msamples
        2194000   -101118.7105       352.1      -101007.0548      -111.6557 18m59s/Msamples
        2195000   -101107.1844       352.3      -100998.9460      -108.2383 18m59s/Msamples
        2196000   -101099.3839       352.5      -100996.3406      -103.0432 18m59s/Msamples
        2197000   -101102.7893       352.7      -100997.0067      -105.7825 18m59s/Msamples
        2198000   -101103.2769       352.8      -101000.2154      -103.0615 18m59s/Msamples
        2199000   -101090.9597       353.8      -100989.3143      -101.6454 18m59s/Msamples
        2200000   -101096.8998       354.2      -100994.2428      -102.6570 18m59s/Msamples
        2201000   -101097.3044       354.7      -100996.3408      -100.9635 18m59s/Msamples
        2202000   -101094.0266       355.3      -100994.2683       -99.7582 18m59s/Msamples
        2203000   -101087.3590       356.1      -100984.1965      -103.1624 18m59s/Msamples
        2204000   -101097.0068       356.4      -100994.3045      -102.7023 18m59s/Msamples
        2205000   -101105.9663       356.6      -101002.6072      -103.3591 18m59s/Msamples
        2206000   -101097.4934       356.9      -100991.2185      -106.2748 18m59s/Msamples
        2207000   -101097.6818       357.0      -100993.5076      -104.1741 18m59s/Msamples
        2208000   -101101.5557       357.2      -100995.1018      -106.4538 18m59s/Msamples
        2209000   -101086.2817       357.6      -100984.3555      -101.9262 18m59s/Msamples
        2210000   -101097.4986       357.6      -100994.4654      -103.0332 18m59s/Msamples
        2211000   -101095.5050       357.4      -100995.3471      -100.1578 18m59s/Msamples
        2212000   -101096.3006       357.1      -100997.8000       -98.5005 18m59s/Msamples
        2213000   -101098.8144       357.0      -100999.4377       -99.3766 18m59s/Msamples
        2214000   -101092.8818       356.5      -100991.1321      -101.7496 18m59s/Msamples
        2215000   -101094.3968       356.0      -100993.0393      -101.3575 18m59s/Msamples
        2216000   -101099.5701       356.0      -101000.9725       -98.5975 18m59s/Msamples
        2217000   -101101.8895       356.1      -100999.5422      -102.3473 18m59s/Msamples
        2218000   -101096.6409       355.9      -100997.2704       -99.3704 18m59s/Msamples
        2219000   -101114.7462       357.5      -101015.3684       -99.3777 18m59s/Msamples
        2220000   -101097.8159       357.4      -100995.3513      -102.4646 18m59s/Msamples
        2221000   -101112.6712       358.5      -101010.1249      -102.5462 18m59s/Msamples
        2222000   -101093.8921       358.4      -100991.3243      -102.5677 18m59s/Msamples
        2223000   -101091.5338       358.3      -100991.4441      -100.0897 18m59s/Msamples
        2224000   -101099.0958       358.3      -100999.8002       -99.2956 18m59s/Msamples
        2225000   -101096.4867       358.2      -100996.7224       -99.7642 18m59s/Msamples
        2226000   -101089.0248       358.0      -100992.6711       -96.3536 18m59s/Msamples
        2227000   -101096.0785       357.9      -100998.5856       -97.4928 18m59s/Msamples
        2228000   -101099.9967       357.9      -101001.1307       -98.8660 18m59s/Msamples
        2229000   -101092.1128       357.7      -100995.3163       -96.7965 18m59s/Msamples
        2230000   -101093.7419       357.5      -100995.3436       -98.3983 18m59s/Msamples
        2231000   -101099.8524       357.6      -101004.0803       -95.7720 18m59s/Msamples
        2232000   -101094.8662       357.4      -101001.3697       -93.4965 18m59s/Msamples
        2233000   -101095.6905       357.3      -100995.3809      -100.3095 18m59s/Msamples
        2234000   -101097.3305       357.2      -100999.1899       -98.1405 18m59s/Msamples
        2235000   -101098.5798       357.1      -101004.8122       -93.7676 19m0s/Msamples
        2236000   -101104.1757       357.5      -101007.5761       -96.5995 18m59s/Msamples
        2237000   -101097.5358       357.4      -101005.3277       -92.2080 19m0s/Msamples
        2238000   -101101.2406       357.5      -101008.1845       -93.0560 19m0s/Msamples
        2239000   -101095.5594       357.2      -101003.1720       -92.3873 19m0s/Msamples
        2240000   -101091.3994       356.7      -101000.1851       -91.2142 19m0s/Msamples
        2241000   -101091.9214       356.2      -100995.8498       -96.0716 19m0s/Msamples
        2242000   -101086.0063       355.4      -100992.4369       -93.5693 19m0s/Msamples
        2243000   -101096.1246       355.1      -101003.1810       -92.9435 19m0s/Msamples
        2244000   -101098.1946       354.9      -101004.2670       -93.9275 19m0s/Msamples
        2245000   -101086.4216       354.1      -100991.4463       -94.9753 19m0s/Msamples
        2246000   -101092.0758       353.5      -100995.6392       -96.4366 19m0s/Msamples
        2247000   -101108.5408       354.5      -101008.4077      -100.1331 19m0s/Msamples
        2248000   -101089.3756       353.8      -100988.8949      -100.4807 19m0s/Msamples
        2249000   -101094.7246       352.6      -100994.0712      -100.6534 19m0s/Msamples
        2250000   -101097.2580       352.3      -100995.5356      -101.7223 19m0s/Msamples
        2251000   -101093.6554       351.8      -100993.6127      -100.0426 19m0s/Msamples
        2252000   -101099.5553       351.7      -100998.7206      -100.8347 19m0s/Msamples
        2253000   -101100.2980       351.7      -100999.5288      -100.7692 19m0s/Msamples
        2254000   -101090.4505       350.9      -100991.9605       -98.4899 19m0s/Msamples
        2255000   -101090.9843       350.1      -100990.5331      -100.4511 19m0s/Msamples
        2256000   -101100.4633       350.1      -100996.9365      -103.5268 19m0s/Msamples
        2257000   -101096.9062       349.7      -100995.7587      -101.1474 19m0s/Msamples
        2258000   -101093.6161       349.1      -100990.8228      -102.7932 19m0s/Msamples
        2259000   -101085.8289       347.9      -100983.9835      -101.8454 19m0s/Msamples
        2260000   -101095.0506       347.5      -100993.3183      -101.7322 19m0s/Msamples
        2261000   -101097.2353       347.1      -100993.4236      -103.8117 19m0s/Msamples
        2262000   -101097.4775       346.9      -100994.5364      -102.9410 19m0s/Msamples
        2263000   -101101.5754       347.0      -100998.7610      -102.8143 19m0s/Msamples
        2264000   -101109.4824       348.2      -101007.6171      -101.8652 19m0s/Msamples
        2265000   -101104.8538       348.6      -101002.3678      -102.4859 19m0s/Msamples
        2266000   -101110.9722       349.7      -101004.2880      -106.6842 19m0s/Msamples
        2267000   -101103.6887       350.0      -100995.0589      -108.6297 19m0s/Msamples
        2268000   -101115.9936       351.4      -101007.2491      -108.7445 19m0s/Msamples
        2269000   -101106.7285       351.5      -100999.9672      -106.7612 19m0s/Msamples
        2270000   -101116.5868       352.7      -101004.7919      -111.7949 19m0s/Msamples
        2271000   -101107.4397       352.9      -101001.2538      -106.1858 19m0s/Msamples
        2272000   -101111.3083       353.2      -101000.9423      -110.3660 19m0s/Msamples
        2273000   -101102.4418       353.4      -100995.4116      -107.0302 19m0s/Msamples
        2274000   -101100.0202       353.6      -100994.5822      -105.4380 19m0s/Msamples
        2275000   -101103.5838       353.7      -100998.2433      -105.3405 19m0s/Msamples
        2276000   -101100.0307       354.0      -100996.0393      -103.9913 19m0s/Msamples
        2277000   -101114.9599       353.8      -101009.8130      -105.1469 19m0s/Msamples
        2278000   -101101.8136       354.0      -100996.9798      -104.8338 19m0s/Msamples
        2279000   -101112.8891       353.4      -101009.4163      -103.4728 19m0s/Msamples
        2280000   -101111.6082       352.8      -101006.1196      -105.4885 19m0s/Msamples
        2281000   -101102.9262       352.9      -100999.2145      -103.7116 19m0s/Msamples
        2282000   -101110.7441       352.4      -101008.1835      -102.5605 19m0s/Msamples
        2283000   -101109.4203       352.0      -101004.9866      -104.4336 19m0s/Msamples
        2284000   -101097.2370       352.7      -100995.0259      -102.2111 19m0s/Msamples
        2285000   -101099.4976       353.1      -100995.7568      -103.7407 19m0s/Msamples
        2286000   -101094.5166       354.0      -100990.8458      -103.6707 19m0s/Msamples
        2287000   -101100.5390       354.2      -100992.7927      -107.7462 19m0s/Msamples
        2288000   -101108.2750       354.2      -101005.1654      -103.1095 19m0s/Msamples
        2289000   -101114.5310       354.1      -101010.2351      -104.2959 19m0s/Msamples
        2290000   -101111.1184       353.9      -101001.5138      -109.6046 19m0s/Msamples
        2291000   -101107.6308       353.8      -101000.5944      -107.0364 19m0s/Msamples
        2292000   -101109.3751       353.6      -101007.0202      -102.3548 19m0s/Msamples
        2293000   -101100.4931       353.9      -100995.6730      -104.8201 19m0s/Msamples
        2294000   -101109.2901       353.8      -101003.5440      -105.7460 19m0s/Msamples
        2295000   -101108.6612       353.6      -101001.5692      -107.0919 19m0s/Msamples
        2296000   -101104.3685       353.6      -100999.7401      -104.6284 19m0s/Msamples
        2297000   -101107.9245       353.5      -101003.7961      -104.1284 19m0s/Msamples
        2298000   -101105.3044       353.5      -101001.0930      -104.2114 19m0s/Msamples
        2299000   -101107.2997       353.2      -101003.0111      -104.2886 19m0s/Msamples
        2300000   -101100.4987       353.5      -100995.9270      -104.5717 19m0s/Msamples
        2301000   -101102.8922       353.6      -100994.7586      -108.1336 19m0s/Msamples
        2302000   -101106.0644       353.5      -100997.8436      -108.2207 19m0s/Msamples
        2303000   -101100.1151       353.8      -100995.1981      -104.9170 19m0s/Msamples
        2304000   -101102.0432       354.0      -100996.1548      -105.8883 19m0s/Msamples
        2305000   -101106.2183       353.9      -101000.3264      -105.8918 19m0s/Msamples
        2306000   -101104.0863       354.0      -100998.8748      -105.2115 19m0s/Msamples
        2307000   -101108.6972       353.9      -101005.0236      -103.6735 19m0s/Msamples
        2308000   -101104.6275       354.0      -100997.3619      -107.2655 19m0s/Msamples
        2309000   -101113.7619       353.6      -101003.7302      -110.0317 19m0s/Msamples
        2310000   -101105.1837       353.6      -100995.2778      -109.9058 19m0s/Msamples
        2311000   -101095.8117       354.2      -100992.4101      -103.4016 19m0s/Msamples
        2312000   -101094.3898       354.8      -100992.3874      -102.0023 19m0s/Msamples
        2313000   -101090.1702       355.7      -100990.5830       -99.5871 19m0s/Msamples
        2314000   -101094.6436       356.2      -100990.7071      -103.9365 19m0s/Msamples
        2315000   -101091.8592       356.6      -100991.4587      -100.4004 19m0s/Msamples
        2316000   -101091.4563       357.0      -100990.6224      -100.8339 19m0s/Msamples
        2317000   -101103.4670       357.2      -101004.0984       -99.3685 19m0s/Msamples
        2318000   -101108.7075       357.6      -101007.0717      -101.6358 19m0s/Msamples
        2319000   -101102.5051       357.3      -101000.7733      -101.7317 19m0s/Msamples
        2320000   -101098.7101       357.4      -100997.5744      -101.1357 19m0s/Msamples
        2321000   -101101.8435       357.6      -101000.6758      -101.1677 19m0s/Msamples
        2322000   -101098.8922       357.7      -100998.6476      -100.2445 19m0s/Msamples
        2323000   -101094.7758       357.8      -100992.9374      -101.8383 19m0s/Msamples
        2324000   -101091.9209       357.8      -100994.5672       -97.3536 19m0s/Msamples
        2325000   -101093.4837       357.7      -100996.9410       -96.5426 19m0s/Msamples
        2326000   -101098.9648       357.7      -100998.3901      -100.5747 19m0s/Msamples
        2327000   -101095.3958       357.5      -100995.9279       -99.4679 19m0s/Msamples
        2328000   -101102.9624       357.7      -100999.5893      -103.3730 19m0s/Msamples
        2329000   -101089.2427       356.7      -100988.1606      -101.0820 19m0s/Msamples
        2330000   -101105.0897       357.1      -101003.7406      -101.3490 19m0s/Msamples
        2331000   -101098.6342       357.1      -100999.1939       -99.4402 19m0s/Msamples
        2332000   -101100.3778       357.2      -100997.8399      -102.5378 19m0s/Msamples
        2333000   -101089.3750       357.2      -100987.0862      -102.2888 19m0s/Msamples
        2334000   -101085.7069       357.0      -100987.1357       -98.5712 19m0s/Msamples
        2335000   -101092.9147       356.6      -100993.2889       -99.6257 19m0s/Msamples
        2336000   -101111.3337       357.9      -101010.4254      -100.9083 19m0s/Msamples
        2337000   -101107.3002       358.6      -101007.7441       -99.5560 19m0s/Msamples
        2338000   -101099.9580       358.6      -101001.1905       -98.7674 19m0s/Msamples
        2339000   -101101.8544       357.2      -101002.3081       -99.5462 19m0s/Msamples
        2340000   -101100.8428       357.3      -101003.2190       -97.6238 19m0s/Msamples
        2341000   -101096.4015       357.3      -100996.0578      -100.3436 19m0s/Msamples
        2342000   -101099.3555       357.3      -100999.7843       -99.5712 19m0s/Msamples
        2343000   -101091.9196       357.2      -100993.5448       -98.3747 19m0s/Msamples
        2344000   -101091.1305       357.0      -100991.4868       -99.6436 19m0s/Msamples
        2345000   -101090.4626       356.7      -100992.4238       -98.0387 19m0s/Msamples
        2346000   -101095.5340       356.6      -100994.2290      -101.3049 19m0s/Msamples
        2347000   -101086.9797       356.1      -100988.8752       -98.1045 19m0s/Msamples
        2348000   -101098.0231       356.0      -100998.9351       -99.0879 19m0s/Msamples
        2349000   -101094.7489       354.9      -100995.2883       -99.4605 19m0s/Msamples
        2350000   -101104.4456       355.3      -101002.2075      -102.2380 19m0s/Msamples
        2351000   -101098.0600       355.3      -100997.0493      -101.0107 19m0s/Msamples
        2352000   -101090.0924       355.1      -100989.5431      -100.5493 19m0s/Msamples
        2353000   -101099.2864       355.1      -100997.2625      -102.0239 19m0s/Msamples
        2354000   -101094.8645       354.7      -100991.8938      -102.9706 19m0s/Msamples
        2355000   -101095.6688       354.4      -100992.9836      -102.6851 19m0s/Msamples
        2356000   -101103.6549       354.8      -100997.2516      -106.4032 19m0s/Msamples
        2357000   -101123.6794       358.2      -101015.2705      -108.4089 19m0s/Msamples
        2358000   -101122.4366       360.9      -101014.8126      -107.6239 19m0s/Msamples
        2359000   -101108.1697       361.2      -101004.7341      -103.4356 19m0s/Msamples
        2360000   -101105.5440       361.5      -100997.7340      -107.8099 19m0s/Msamples
        2361000   -101111.2263       362.0      -101007.9452      -103.2811 19m0s/Msamples
        2362000   -101117.4109       362.7      -101016.9037      -100.5071 19m0s/Msamples
        2363000   -101112.2793       362.9      -101007.2520      -105.0273 19m0s/Msamples
        2364000   -101117.7947       362.9      -101007.9907      -109.8040 19m0s/Msamples
        2365000   -101115.4638       362.6      -101007.1118      -108.3520 19m0s/Msamples
        2366000   -101101.5186       362.8      -100995.7023      -105.8162 19m0s/Msamples
        2367000   -101102.0853       363.0      -100994.6859      -107.3993 19m0s/Msamples
        2368000   -101104.7798       362.9      -101000.2854      -104.4943 19m0s/Msamples
        2369000   -101100.9071       363.2      -100999.7554      -101.1517 19m0s/Msamples
        2370000   -101108.8952       362.7      -101002.9720      -105.9231 19m0s/Msamples
        2371000   -101100.9480       363.0      -100997.6865      -103.2615 19m0s/Msamples
        2372000   -101115.8697       361.9      -101010.2323      -105.6373 19m0s/Msamples
        2373000   -101097.0716       362.8      -100994.7252      -102.3464 19m0s/Msamples
        2374000   -101101.9890       362.9      -100998.2171      -103.7719 19m0s/Msamples
        2375000   -101106.0314       362.8      -100999.6567      -106.3747 19m0s/Msamples
        2376000   -101104.0128       362.8      -100999.1224      -104.8904 19m0s/Msamples
        2377000   -101101.4972       363.0      -100998.7333      -102.7639 19m0s/Msamples
        2378000   -101095.0580       363.8      -100992.9349      -102.1230 19m0s/Msamples
        2379000   -101102.1143       364.1      -101000.6963      -101.4179 19m0s/Msamples
        2380000   -101097.5068       364.5      -100992.4567      -105.0501 19m0s/Msamples
        2381000   -101096.3004       364.9      -100993.3135      -102.9868 19m0s/Msamples
        2382000   -101097.0280       365.2      -100993.3030      -103.7250 19m0s/Msamples
        2383000   -101091.8286       365.6      -100987.3945      -104.4340 19m0s/Msamples
        2384000   -101091.9660       365.9      -100986.8421      -105.1238 19m0s/Msamples
        2385000   -101097.5446       366.1      -100993.8254      -103.7192 19m0s/Msamples
        2386000   -101096.2739       366.2      -100995.6055      -100.6683 19m0s/Msamples
        2387000   -101101.5805       366.3      -101000.1718      -101.4087 19m0s/Msamples
        2388000   -101107.4891       366.8      -101003.0341      -104.4550 19m0s/Msamples
        2389000   -101107.0613       367.3      -101006.5210      -100.5403 19m0s/Msamples
        2390000   -101100.2134       367.4      -100997.0006      -103.2127 19m0s/Msamples
        2391000   -101111.1307       368.1      -101008.8887      -102.2420 19m0s/Msamples
        2392000   -101098.2255       368.2      -100996.0840      -102.1414 19m0s/Msamples
        2393000   -101100.6872       368.4      -100996.6591      -104.0280 18m59s/Msamples
        2394000   -101107.7890       368.8      -101004.2997      -103.4893 18m59s/Msamples
        2395000   -101100.8317       369.0      -100998.0255      -102.8061 18m59s/Msamples
        2396000   -101088.3159       369.2      -100985.1328      -103.1831 18m59s/Msamples
        2397000   -101092.5470       369.3      -100991.7935      -100.7535 18m59s/Msamples
        2398000   -101104.0748       369.6      -101002.2652      -101.8096 18m59s/Msamples
        2399000   -101105.0605       369.8      -101001.1093      -103.9512 18m59s/Msamples
        2400000   -101112.7968       370.5      -101010.2648      -102.5319 18m59s/Msamples
        2401000   -101107.7582       370.7      -101004.6561      -103.1020 18m59s/Msamples
        2402000   -101101.0604       370.9      -100999.7339      -101.3264 18m59s/Msamples
        2403000   -101091.3624       371.5      -100991.2632      -100.0991 18m59s/Msamples
        2404000   -101091.2759       372.1      -100989.8383      -101.4376 18m59s/Msamples
        2405000   -101092.1857       372.4      -100987.0339      -105.1517 18m59s/Msamples
        2406000   -101102.8339       372.6      -100999.4694      -103.3644 18m59s/Msamples
        2407000   -101101.7472       372.7      -101001.3894      -100.3578 18m59s/Msamples
        2408000   -101101.2640       372.9      -100994.6835      -106.5804 18m59s/Msamples
        2409000   -101089.8583       372.7      -100986.0311      -103.8272 18m59s/Msamples
        2410000   -101095.4986       372.7      -100993.7816      -101.7170 18m59s/Msamples
        2411000   -101090.0595       372.6      -100988.3600      -101.6994 18m59s/Msamples
        2412000   -101091.5007       372.4      -100990.4692      -101.0314 18m59s/Msamples
        2413000   -101094.3681       372.3      -100994.8033       -99.5648 18m59s/Msamples
        2414000   -101088.3655       372.1      -100988.7725       -99.5929 18m59s/Msamples
        2415000   -101107.1202       372.7      -101003.4023      -103.7178 18m59s/Msamples
        2416000   -101110.0000       373.6      -101002.2698      -107.7301 18m59s/Msamples
        2417000   -101098.4823       373.6      -100995.4448      -103.0375 18m59s/Msamples
        2418000   -101095.1728       373.3      -100994.8257      -100.3470 18m59s/Msamples
        2419000   -101099.1800       372.9      -100996.4601      -102.7198 18m59s/Msamples
        2420000   -101098.7701       372.8      -100999.1798       -99.5903 18m59s/Msamples
        2421000   -101095.9352       372.6      -100997.3961       -98.5391 18m59s/Msamples
        2422000   -101097.0185       372.5      -100996.4769      -100.5415 18m59s/Msamples
        2423000   -101097.8501       372.4      -101002.4026       -95.4475 18m59s/Msamples
        2424000   -101098.3075       372.3      -101003.9379       -94.3696 18m59s/Msamples
        2425000   -101100.8591       372.4      -101003.0383       -97.8208 18m59s/Msamples
        2426000   -101096.3594       372.3      -101002.3896       -93.9698 18m59s/Msamples
        2427000   -101109.1772       373.1      -101009.2894       -99.8877 18m59s/Msamples
        2428000   -101105.0097       373.5      -101006.0433       -98.9663 18m59s/Msamples
        2429000   -101099.9535       373.4      -101003.5501       -96.4033 18m59s/Msamples
        2430000   -101089.8866       373.5      -100995.4636       -94.4229 18m59s/Msamples
        2431000   -101090.3749       373.7      -101001.1113       -89.2635 18m59s/Msamples
        2432000   -101095.1686       373.6      -101002.2990       -92.8696 18m59s/Msamples
        2433000   -101108.8077       374.3      -101014.3526       -94.4551 18m59s/Msamples
        2434000   -101115.1912       375.7      -101017.0368       -98.1543 18m59s/Msamples
        2435000   -101092.6130       375.7      -100998.8968       -93.7162 18m59s/Msamples
        2436000   -101087.4577       375.9      -100990.0514       -97.4063 18m59s/Msamples
        2437000   -101092.7926       375.8      -100991.7447      -101.0478 19m0s/Msamples
        2438000   -101092.7892       375.7      -100992.1044      -100.6848 19m0s/Msamples
        2439000   -101096.9324       375.1      -100995.2252      -101.7071 19m0s/Msamples
        2440000   -101090.9270       375.0      -100989.3812      -101.5458 18m59s/Msamples
        2441000   -101094.2121       374.8      -100986.9000      -107.3120 19m0s/Msamples
        2442000   -101095.1730       374.6      -100993.5653      -101.6076 19m0s/Msamples
        2443000   -101095.4732       374.4      -100991.4669      -104.0062 19m0s/Msamples
        2444000   -101097.6689       374.3      -100994.0944      -103.5744 19m0s/Msamples
        2445000   -101088.7589       373.6      -100986.5325      -102.2264 19m0s/Msamples
        2446000   -101089.2806       372.9      -100988.2545      -101.0261 19m0s/Msamples
        2447000   -101092.7693       372.3      -100989.1131      -103.6561 19m0s/Msamples
        2448000   -101089.3412       371.6      -100988.5991      -100.7420 19m0s/Msamples
        2449000   -101097.5580       370.3      -100996.4751      -101.0828 19m0s/Msamples
        2450000   -101103.3555       370.6      -101002.2555      -101.0999 19m0s/Msamples
        2451000   -101103.5529       371.0      -101004.8394       -98.7135 19m0s/Msamples
        2452000   -101095.0674       370.5      -100992.7119      -102.3554 19m0s/Msamples
        2453000   -101098.0220       370.3      -100995.6610      -102.3609 19m0s/Msamples
        2454000   -101099.4511       370.2      -100996.7499      -102.7011 19m0s/Msamples
        2455000   -101100.0179       370.3      -100999.8007      -100.2172 19m0s/Msamples
        2456000   -101104.0724       370.7      -101001.0652      -103.0072 19m0s/Msamples
        2457000   -101100.2524       370.7      -100994.0698      -106.1826 19m0s/Msamples
        2458000   -101100.7353       370.8      -100995.1846      -105.5507 19m0s/Msamples
        2459000   -101099.7027       370.3      -100995.7798      -103.9229 19m0s/Msamples
        2460000   -101099.3324       370.3      -100997.9231      -101.4092 19m0s/Msamples
        2461000   -101104.5580       370.6      -101004.4392      -100.1188 19m0s/Msamples
        2462000   -101090.1508       370.6      -100991.4978       -98.6529 19m0s/Msamples
        2463000   -101095.5244       370.4      -100993.8060      -101.7184 19m0s/Msamples
        2464000   -101097.0069       370.3      -100996.1844      -100.8224 19m0s/Msamples
        2465000   -101095.9371       370.2      -100993.1070      -102.8300 19m0s/Msamples
        2466000   -101097.7836       370.2      -100993.2446      -104.5390 19m0s/Msamples
        2467000   -101100.1677       370.3      -100994.3907      -105.7769 19m0s/Msamples
        2468000   -101093.5534       370.3      -100988.5137      -105.0397 19m0s/Msamples
        2469000   -101101.2737       370.6      -100991.7579      -109.5158 19m0s/Msamples
        2470000   -101099.7884       370.7      -100991.1561      -108.6323 19m0s/Msamples
        2471000   -101105.1278       371.1      -100994.9541      -110.1736 19m0s/Msamples
        2472000   -101094.7744       371.0      -100982.6272      -112.1472 19m0s/Msamples
        2473000   -101105.3326       371.4      -100991.8801      -113.4525 19m0s/Msamples
        2474000   -101100.0417       371.5      -100991.6156      -108.4260 19m0s/Msamples
        2475000   -101110.4815       372.3      -101003.7200      -106.7614 19m0s/Msamples
        2476000   -101106.4103       372.7      -101002.2999      -104.1104 19m0s/Msamples
        2477000   -101095.3646       372.7      -100991.7806      -103.5840 19m0s/Msamples
        2478000   -101107.2935       373.2      -101003.1378      -104.1557 19m0s/Msamples
        2479000   -101095.6741       373.5      -100993.2151      -102.4589 19m0s/Msamples
        2480000   -101087.0787       373.6      -100988.0964       -98.9823 19m0s/Msamples
        2481000   -101101.0715       373.7      -100995.6736      -105.3979 19m0s/Msamples
        2482000   -101093.0864       373.8      -100990.9350      -102.1513 19m0s/Msamples
        2483000   -101105.2081       374.1      -100996.7940      -108.4140 19m0s/Msamples
        2484000   -101091.3749       374.2      -100990.7182      -100.6567 19m0s/Msamples
        2485000   -101096.3335       374.2      -100991.1649      -105.1685 19m0s/Msamples
        2486000   -101102.7969       374.4      -100999.5386      -103.2583 19m0s/Msamples
        2487000   -101093.2645       374.5      -100994.2059       -99.0586 19m0s/Msamples
        2488000   -101107.7529       375.0      -101004.0219      -103.7309 19m0s/Msamples
        2489000   -101107.9199       375.2      -101004.8281      -103.0918 19m0s/Msamples
        2490000   -101113.8889       376.1      -101008.3227      -105.5661 19m0s/Msamples
        2491000   -101106.0999       376.3      -101002.3881      -103.7117 19m0s/Msamples
        2492000   -101100.0057       376.5      -101000.3556       -99.6501 19m0s/Msamples
        2493000   -101096.5310       376.7      -100995.5297      -101.0012 19m0s/Msamples
        2494000   -101104.0744       376.9      -101005.4089       -98.6655 19m0s/Msamples
        2495000   -101110.8996       377.5      -101008.5941      -102.3055 19m0s/Msamples
        2496000   -101111.1172       378.0      -101006.8688      -104.2484 18m59s/Msamples
        2497000   -101095.9069       378.2      -100995.8550      -100.0519 18m59s/Msamples
        2498000   -101090.6541       378.6      -100989.4644      -101.1897 18m59s/Msamples
        2499000   -101093.8029       378.5      -100990.2888      -103.5140 18m59s/Msamples
        2500000   -101092.9941       378.8      -100993.4612       -99.5329 18m59s/Msamples
        2501000   -101101.9828       379.0      -101000.2436      -101.7391 18m59s/Msamples
        2502000   -101109.7345       379.4      -101004.8086      -104.9259 18m59s/Msamples
        2503000   -101095.3691       379.7      -100994.5533      -100.8158 18m59s/Msamples
        2504000   -101097.7239       379.9      -100997.4519      -100.2719 18m59s/Msamples
        2505000   -101105.5905       380.1      -101002.5142      -103.0763 18m59s/Msamples
        2506000   -101098.6415       380.4      -100996.7403      -101.9011 18m59s/Msamples
        2507000   -101096.4987       380.6      -100994.6770      -101.8216 18m59s/Msamples
        2508000   -101087.7374       381.1      -100987.5561      -100.1813 18m59s/Msamples
        2509000   -101090.1644       381.8      -100988.8326      -101.3318 18m59s/Msamples
        2510000   -101085.1696       381.8      -100984.5298      -100.6398 18m59s/Msamples
        2511000   -101085.0713       381.5      -100980.7576      -104.3137 18m59s/Msamples
        2512000   -101094.4823       381.3      -100993.6110      -100.8713 18m59s/Msamples
        2513000   -101093.4481       380.9      -100993.7144       -99.7337 18m59s/Msamples
        2514000   -101091.8818       380.3      -100989.1431      -102.7387 18m59s/Msamples
        2515000   -101089.2921       379.3      -100989.4608       -99.8313 18m59s/Msamples
        2516000   -101104.5956       379.9      -100997.9299      -106.6656 18m59s/Msamples
        2517000   -101109.9386       381.2      -101003.0096      -106.9289 18m59s/Msamples
        2518000   -101102.3529       381.4      -100997.1937      -105.1592 18m59s/Msamples
        2519000   -101100.0695       381.6      -100997.3552      -102.7143 18m59s/Msamples
        2520000   -101107.8155       382.4      -101006.8119      -101.0036 18m59s/Msamples
        2521000   -101109.7196       383.5      -101007.5918      -102.1278 18m59s/Msamples
        2522000   -101099.4493       383.5      -100995.0311      -104.4181 18m59s/Msamples
        2523000   -101105.2501       384.0      -101004.1592      -101.0909 18m59s/Msamples
        2524000   -101099.7129       384.0      -101001.1072       -98.6057 18m59s/Msamples
        2525000   -101109.4160       384.9      -101005.5743      -103.8416 18m59s/Msamples
        2526000   -101101.0787       385.1      -100995.3029      -105.7757 18m59s/Msamples
        2527000   -101104.0182       385.4      -101000.5922      -103.4259 18m59s/Msamples
        2528000   -101106.7210       385.6      -101001.8088      -104.9122 18m59s/Msamples
        2529000   -101098.5170       384.6      -101000.9650       -97.5520 18m59s/Msamples
        2530000   -101091.0502       385.1      -100989.7097      -101.3405 18m59s/Msamples
        2531000   -101087.8269       385.6      -100991.4180       -96.4088 18m59s/Msamples
        2532000   -101094.7975       385.8      -100995.4401       -99.3573 18m59s/Msamples
        2533000   -101110.9861       386.3      -101013.8976       -97.0885 18m59s/Msamples
        2534000   -101105.3259       386.4      -101008.0661       -97.2598 18m59s/Msamples
        2535000   -101096.8211       386.7      -101001.5277       -95.2933 18m59s/Msamples
        2536000   -101104.3229       386.9      -101009.5590       -94.7639 18m59s/Msamples
        2537000   -101107.4155       387.1      -101007.6618       -99.7537 18m59s/Msamples
        2538000   -101110.6837       387.4      -101013.6315       -97.0522 18m59s/Msamples
        2539000   -101096.2259       388.7      -101000.6802       -95.5456 18m59s/Msamples
        2540000   -101096.1759       388.9      -101001.9670       -94.2088 18m59s/Msamples
        2541000   -101093.6165       389.2      -100998.4198       -95.1967 18m59s/Msamples
        2542000   -101095.2986       389.4      -100993.5294      -101.7691 18m59s/Msamples
        2543000   -101103.0572       389.6      -101001.3433      -101.7138 18m59s/Msamples
        2544000   -101102.5649       389.8      -101001.8267      -100.7382 18m59s/Msamples
        2545000   -101105.2932       390.1      -101000.0017      -105.2914 18m59s/Msamples
        2546000   -101102.3149       390.2      -100996.9101      -105.4048 18m59s/Msamples
        2547000   -101103.1362       390.5      -100996.5520      -106.5841 18m59s/Msamples
        2548000   -101104.9973       390.7      -101000.9012      -104.0960 18m59s/Msamples
        2549000   -101093.0759       391.3      -100990.5970      -102.4789 18m59s/Msamples
        2550000   -101096.0733       391.5      -100995.7757      -100.2975 18m59s/Msamples
        2551000   -101090.4354       392.0      -100990.9123       -99.5231 18m59s/Msamples
        2552000   -101089.1478       392.3      -100988.1948      -100.9530 18m59s/Msamples
        2553000   -101102.9947       392.5      -101000.6040      -102.3906 18m59s/Msamples
        2554000   -101103.1166       392.7      -100998.9572      -104.1593 18m59s/Msamples
        2555000   -101108.3668       393.2      -101004.8725      -103.4943 18m59s/Msamples
        2556000   -101122.9489       395.2      -101015.9552      -106.9937 18m59s/Msamples
        2557000   -101106.1660       395.6      -101003.7301      -102.4358 18m59s/Msamples
        2558000   -101095.2792       395.8      -100989.1098      -106.1693 18m59s/Msamples
        2559000   -101104.6865       395.2      -101000.2876      -104.3989 18m59s/Msamples
        2560000   -101091.6522       395.6      -100988.6924      -102.9597 18m59s/Msamples
        2561000   -101113.5900       396.2      -101008.4483      -105.1417 18m59s/Msamples
        2562000   -101099.7046       396.4      -100995.3417      -104.3629 18m59s/Msamples
        2563000   -101094.0258       396.8      -100992.8354      -101.1904 18m59s/Msamples
        2564000   -101089.7867       397.2      -100990.2653       -99.5214 18m59s/Msamples
        2565000   -101093.5530       397.3      -100992.3781      -101.1748 18m59s/Msamples
        2566000   -101099.5956       397.5      -100996.9019      -102.6936 18m59s/Msamples
        2567000   -101101.2195       397.6      -101002.9265       -98.2929 18m59s/Msamples
        2568000   -101104.1014       397.9      -100996.6778      -107.4236 18m59s/Msamples
        2569000   -101100.8611       398.3      -100995.1088      -105.7523 18m59s/Msamples
        2570000   -101090.2786       398.7      -100988.1372      -102.1414 18m59s/Msamples
        2571000   -101095.5488       398.9      -100994.4765      -101.0723 18m59s/Msamples
        2572000   -101100.7965       399.1      -100999.7563      -101.0402 18m59s/Msamples
        2573000   -101089.0805       399.4      -100991.6153       -97.4651 18m59s/Msamples
        2574000   -101093.9514       399.4      -100995.5277       -98.4237 18m59s/Msamples
        2575000   -101096.2140       399.3      -100996.6721       -99.5419 18m59s/Msamples
        2576000   -101094.3044       399.0      -100993.7343      -100.5700 18m59s/Msamples
        2577000   -101097.5963       398.9      -100997.6393       -99.9570 18m59s/Msamples
        2578000   -101098.2166       398.8      -100997.6717      -100.5449 18m59s/Msamples
        2579000   -101096.1717       399.2      -100995.8124      -100.3593 18m59s/Msamples
        2580000   -101101.7233       399.4      -100999.4612      -102.2621 18m59s/Msamples
        2581000   -101106.2475       400.0      -101006.2750       -99.9725 18m59s/Msamples
        2582000   -101108.7046       400.9      -101009.4772       -99.2273 18m59s/Msamples
        2583000   -101109.1609       401.7      -101007.6723      -101.4886 18m59s/Msamples
        2584000   -101102.0538       401.9      -100999.5637      -102.4901 18m59s/Msamples
        2585000   -101106.3353       402.3      -101002.8085      -103.5267 18m59s/Msamples
        2586000   -101092.8300       402.3      -100988.7870      -104.0430 18m59s/Msamples
        2587000   -101093.5749       402.3      -100993.5440      -100.0309 18m59s/Msamples
        2588000   -101099.6976       402.3      -100998.8773      -100.8203 18m59s/Msamples
        2589000   -101095.2606       402.2      -100994.2503      -101.0102 18m59s/Msamples
        2590000   -101096.0599       402.2      -100994.6062      -101.4536 18m59s/Msamples
        2591000   -101097.7939       402.2      -100993.3134      -104.4804 18m59s/Msamples
        2592000   -101110.2306       402.9      -101004.9288      -105.3018 18m59s/Msamples
        2593000   -101095.3476       403.0      -100989.9573      -105.3902 18m59s/Msamples
        2594000   -101099.4986       403.1      -100993.8981      -105.6004 18m59s/Msamples
        2595000   -101099.0591       403.3      -100992.7739      -106.2852 18m59s/Msamples
        2596000   -101095.4419       403.4      -100990.3296      -105.1123 18m59s/Msamples
        2597000   -101102.4785       403.6      -101000.8603      -101.6182 18m59s/Msamples
        2598000   -101107.8266       404.0      -101003.6447      -104.1818 18m59s/Msamples
        2599000   -101099.4348       404.3      -100994.9316      -104.5031 18m59s/Msamples
        2600000   -101099.2949       404.5      -100995.9591      -103.3357 18m59s/Msamples
        2601000   -101108.7254       405.0      -101001.1522      -107.5732 18m59s/Msamples
        2602000   -101100.8404       405.1      -100997.7199      -103.1205 18m59s/Msamples
        2603000   -101091.6176       405.2      -100987.0324      -104.5851 18m59s/Msamples
        2604000   -101097.6807       405.3      -100995.4319      -102.2487 18m59s/Msamples
        2605000   -101103.9360       405.6      -101001.0554      -102.8806 18m59s/Msamples
        2606000   -101099.8403       405.7      -100996.0131      -103.8271 18m59s/Msamples
        2607000   -101095.5551       405.8      -100997.0836       -98.4714 18m59s/Msamples
        2608000   -101084.1867       406.2      -100984.8724       -99.3142 18m59s/Msamples
        2609000   -101096.4623       406.3      -100995.2294      -101.2328 18m59s/Msamples
        2610000   -101100.8870       406.5      -101000.8791      -100.0078 18m59s/Msamples
        2611000   -101093.3653       406.4      -100994.6009       -98.7644 18m59s/Msamples
        2612000   -101097.0565       406.3      -101000.7230       -96.3335 18m59s/Msamples
        2613000   -101100.7002       406.5      -101003.1222       -97.5779 18m59s/Msamples
        2614000   -101097.3514       406.4      -100996.6131      -100.7383 18m59s/Msamples
        2615000   -101107.3953       407.0      -101004.8254      -102.5699 18m59s/Msamples
        2616000   -101104.7510       407.4      -101003.1631      -101.5879 18m59s/Msamples
        2617000   -101095.7927       407.3      -100998.3404       -97.4523 18m59s/Msamples
        2618000   -101100.7354       407.4      -100997.4662      -103.2691 18m59s/Msamples
        2619000   -101107.1615       408.1      -101005.7700      -101.3915 18m59s/Msamples
        2620000   -101103.9935       408.5      -101000.8525      -103.1410 18m59s/Msamples
        2621000   -101103.8164       408.8      -101002.5685      -101.2478 18m59s/Msamples
        2622000   -101099.5274       408.9      -100997.0366      -102.4908 18m59s/Msamples
        2623000   -101086.3893       409.0      -100987.2249       -99.1643 18m59s/Msamples
        2624000   -101086.1528       408.9      -100986.7975       -99.3552 18m59s/Msamples
        2625000   -101096.4233       408.8      -100995.4008      -101.0224 18m59s/Msamples
        2626000   -101099.5191       408.9      -100996.3247      -103.1943 18m59s/Msamples
        2627000   -101094.5045       408.8      -100992.9781      -101.5263 18m59s/Msamples
        2628000   -101105.6217       409.2      -101002.7340      -102.8876 18m59s/Msamples
        2629000   -101105.8088       409.6      -101004.7648      -101.0439 18m59s/Msamples
        2630000   -101107.6558       410.1      -101003.9317      -103.7241 18m59s/Msamples
        2631000   -101109.7249       410.6      -101009.3007      -100.4241 18m59s/Msamples
        2632000   -101103.5621       410.9      -101004.2396       -99.3224 18m59s/Msamples
        2633000   -101102.0555       411.0      -101002.2422       -99.8133 18m59s/Msamples
        2634000   -101096.1947       411.2      -100996.3022       -99.8925 18m59s/Msamples
        2635000   -101107.1844       411.6      -101003.8846      -103.2998 18m59s/Msamples
        2636000   -101096.6830       411.8      -100995.4764      -101.2066 18m59s/Msamples
        2637000   -101105.2562       412.0      -101003.1304      -102.1258 18m59s/Msamples
        2638000   -101107.6505       412.4      -101009.5596       -98.0909 18m59s/Msamples
        2639000   -101105.8954       412.3      -101004.7188      -101.1765 18m59s/Msamples
        2640000   -101112.0451       412.9      -101010.0491      -101.9960 18m59s/Msamples
        2641000   -101117.3151       413.7      -101014.1728      -103.1423 18m59s/Msamples
        2642000   -101115.9510       413.9      -101010.0645      -105.8865 18m59s/Msamples
        2643000   -101109.6821       413.7      -101006.0999      -103.5822 18m59s/Msamples
        2644000   -101109.1871       413.5      -101002.4111      -106.7759 18m59s/Msamples
        2645000   -101097.4674       414.1      -100995.5135      -101.9538 18m59s/Msamples
        2646000   -101097.7669       414.6      -101000.2152       -97.5516 18m59s/Msamples
        2647000   -101096.0610       415.3      -100995.3587      -100.7023 18m59s/Msamples
        2648000   -101103.4799       415.4      -101002.1034      -101.3764 18m59s/Msamples
        2649000   -101095.4739       415.7      -100995.7896       -99.6843 18m59s/Msamples
        2650000   -101088.1315       417.1      -100989.9084       -98.2230 18m59s/Msamples
        2651000   -101091.5048       417.9      -100993.1330       -98.3717 18m59s/Msamples
        2652000   -101104.3632       418.0      -101008.1996       -96.1635 18m59s/Msamples
        2653000   -101091.9564       418.8      -100993.9587       -97.9976 18m59s/Msamples
        2654000   -101102.4246       418.9      -101005.6153       -96.8092 18m59s/Msamples
        2655000   -101089.6054       419.8      -100994.7235       -94.8818 18m59s/Msamples
        2656000   -101087.8900       420.6      -100990.3847       -97.5053 18m59s/Msamples
        2657000   -101102.3584       420.7      -101006.0192       -96.3391 18m59s/Msamples
        2658000   -101108.7725       421.2      -101008.0201      -100.7524 18m59s/Msamples
        2659000   -101101.3288       421.0      -100998.7153      -102.6134 18m59s/Msamples
        2660000   -101101.2065       421.2      -100999.0417      -102.1648 18m59s/Msamples
        2661000   -101106.5633       421.7      -101004.6928      -101.8705 18m59s/Msamples
        2662000   -101106.7648       422.2      -101001.3980      -105.3667 18m59s/Msamples
        2663000   -101106.5036       422.8      -101005.3186      -101.1849 18m59s/Msamples
        2664000   -101105.6164       423.2      -101002.8510      -102.7654 18m59s/Msamples
        2665000   -101118.9964       424.9      -101013.1982      -105.7981 18m59s/Msamples
        2666000   -101121.9685       426.5      -101015.2836      -106.6848 18m59s/Msamples
        2667000   -101109.5052       426.8      -101004.9328      -104.5723 18m59s/Msamples
        2668000   -101116.0553       427.0      -101005.3006      -110.7547 18m59s/Msamples
        2669000   -101114.3048       426.2      -101004.5729      -109.7318 18m59s/Msamples
        2670000   -101110.3766       425.8      -101009.8059      -100.5706 18m59s/Msamples
        2671000   -101107.3038       425.6      -101006.3127      -100.9910 18m59s/Msamples
        2672000   -101109.0476       425.1      -101006.4989      -102.5487 18m59s/Msamples
        2673000   -101098.4165       425.7      -100997.5854      -100.8311 18m59s/Msamples
        2674000   -101106.4979       425.3      -101005.9988      -100.4990 18m59s/Msamples
        2675000   -101109.4327       424.7      -101006.9691      -102.4636 18m59s/Msamples
        2676000   -101105.4910       424.4      -101002.5390      -102.9520 18m59s/Msamples
        2677000   -101102.7994       424.4      -101003.0306       -99.7687 18m59s/Msamples
        2678000   -101102.7581       424.4      -101000.9473      -101.8107 18m59s/Msamples
        2679000   -101102.8892       423.5      -100998.6494      -104.2397 18m59s/Msamples
        2680000   -101107.0355       423.1      -101001.6896      -105.3459 18m59s/Msamples
        2681000   -101102.5629       423.2      -101002.0778      -100.4851 18m59s/Msamples
        2682000   -101085.5515       425.7      -100987.2412       -98.3102 18m59s/Msamples
        2683000   -101101.1554       425.9      -100995.0669      -106.0884 18m59s/Msamples
        2684000   -101092.0745       426.9      -100992.1507       -99.9238 18m59s/Msamples
        2685000   -101101.5667       427.1      -100999.7166      -101.8501 18m59s/Msamples
        2686000   -101097.4500       427.4      -100993.7198      -103.7302 18m59s/Msamples
        2687000   -101102.8684       427.6      -100996.4983      -106.3701 18m59s/Msamples
        2688000   -101098.4056       427.8      -100994.9762      -103.4293 18m59s/Msamples
        2689000   -101106.5597       427.4      -101003.0933      -103.4664 18m59s/Msamples
        2690000   -101101.1191       427.6      -100995.3503      -105.7687 18m59s/Msamples
        2691000   -101094.6951       427.9      -100994.4885      -100.2065 18m59s/Msamples
        2692000   -101095.7592       428.0      -100992.9294      -102.8297 18m59s/Msamples
        2693000   -101087.1544       428.2      -100987.4414       -99.7130 18m59s/Msamples
        2694000   -101085.7426       428.2      -100986.5990       -99.1435 18m59s/Msamples
        2695000   -101094.5685       428.0      -100993.7564      -100.8120 18m59s/Msamples
        2696000   -101093.0258       427.7      -100990.6146      -102.4112 18m59s/Msamples
        2697000   -101094.4551       427.4      -100991.3458      -103.1093 18m59s/Msamples
        2698000   -101093.8300       426.9      -100989.3079      -104.5220 18m59s/Msamples
        2699000   -101106.4903       427.0      -101000.7831      -105.7071 18m59s/Msamples
        2700000   -101092.9616       426.6      -100984.6022      -108.3594 18m59s/Msamples
        2701000   -101103.6828       427.0      -100991.6105      -112.0722 18m59s/Msamples
        2702000   -101108.3708       427.9      -100997.4169      -110.9539 18m59s/Msamples
        2703000   -101104.0923       428.2      -100994.1591      -109.9332 18m59s/Msamples
        2704000   -101108.8365       429.1      -101000.1548      -108.6816 18m59s/Msamples
        2705000   -101114.4217       430.4      -101002.0893      -112.3324 18m59s/Msamples
        2706000   -101106.2658       430.9      -100998.3650      -107.9007 18m59s/Msamples
        2707000   -101111.5410       431.8      -101004.6943      -106.8466 18m59s/Msamples
        2708000   -101110.0373       432.3      -101005.7173      -104.3200 18m59s/Msamples
        2709000   -101097.6904       430.7      -100994.8146      -102.8757 18m59s/Msamples
        2710000   -101100.3963       430.9      -100995.1895      -105.2067 18m59s/Msamples
        2711000   -101099.8903       431.1      -100994.6650      -105.2252 18m59s/Msamples
        2712000   -101095.0638       431.5      -100989.7309      -105.3329 18m59s/Msamples
        2713000   -101103.9876       431.7      -100993.7965      -110.1911 18m59s/Msamples
        2714000   -101117.1846       431.9      -101004.6946      -112.4899 18m59s/Msamples
        2715000   -101108.0458       431.8      -100999.1522      -108.8936 18m59s/Msamples
        2716000   -101123.7907       431.8      -101011.4747      -112.3160 18m59s/Msamples
        2717000   -101107.5095       431.5      -100995.0311      -112.4783 18m59s/Msamples
        2718000   -101108.7864       431.1      -101001.8571      -106.9292 18m59s/Msamples
        2719000   -101121.8817       430.4      -101010.8720      -111.0097 18m59s/Msamples
        2720000   -101109.4729       429.8      -100997.2163      -112.2566 18m59s/Msamples
        2721000   -101102.5623       429.9      -100991.3172      -111.2451 18m59s/Msamples
        2722000   -101101.9147       430.1      -100991.1868      -110.7278 18m59s/Msamples
        2723000   -101104.4842       430.0      -100994.6342      -109.8499 18m59s/Msamples
        2724000   -101105.0549       429.8      -100994.4613      -110.5936 18m59s/Msamples
        2725000   -101102.8185       429.9      -100992.9860      -109.8324 18m59s/Msamples
        2726000   -101112.7848       429.4      -101005.6891      -107.0956 18m59s/Msamples
        2727000   -101112.0137       428.7      -101001.8268      -110.1868 18m59s/Msamples
        2728000   -101114.2820       427.8      -101007.9013      -106.3806 18m59s/Msamples
        2729000   -101109.7030       427.5      -101004.3889      -105.3140 18m59s/Msamples
        2730000   -101107.3379       426.9      -101004.2507      -103.0872 18m59s/Msamples
        2731000   -101109.3755       426.2      -101005.3564      -104.0190 18m59s/Msamples
        2732000   -101106.4886       425.8      -101002.8020      -103.6865 18m59s/Msamples
        2733000   -101106.6538       425.5      -101003.9641      -102.6896 18m59s/Msamples
        2734000   -101103.8662       425.4      -100996.4189      -107.4473 18m59s/Msamples
        2735000   -101105.1530       425.2      -100996.6547      -108.4983 18m59s/Msamples
        2736000   -101111.8354       424.8      -101001.2918      -110.5435 18m59s/Msamples
        2737000   -101115.8627       424.1      -101005.2298      -110.6329 18m59s/Msamples
        2738000   -101111.1412       423.4      -101002.3755      -108.7656 18m59s/Msamples
        2739000   -101107.2818       422.6      -100998.2031      -109.0786 18m59s/Msamples
        2740000   -101104.0918       422.5      -100992.6510      -111.4407 18m59s/Msamples
        2741000   -101098.3999       423.1      -100990.2671      -108.1328 18m59s/Msamples
        2742000   -101094.5246       424.2      -100989.3332      -105.1914 18m59s/Msamples
        2743000   -101098.0448       424.8      -100994.0279      -104.0168 18m59s/Msamples
        2744000   -101103.9778       424.8      -100995.9560      -108.0217 18m59s/Msamples
        2745000   -101105.5794       424.6      -100999.0567      -106.5226 18m59s/Msamples
        2746000   -101104.8352       424.5      -101000.1453      -104.6898 18m59s/Msamples
        2747000   -101095.2446       425.3      -100994.0137      -101.2308 18m59s/Msamples
        2748000   -101094.3754       426.1      -100991.2074      -103.1679 18m59s/Msamples
        2749000   -101098.0091       426.1      -100993.9539      -104.0552 18m59s/Msamples
        2750000   -101099.5207       426.4      -100996.0371      -103.4836 18m59s/Msamples
        2751000   -101096.4457       426.8      -100993.9859      -102.4598 18m59s/Msamples
        2752000   -101108.6009       427.0      -101004.9183      -103.6825 18m59s/Msamples
        2753000   -101094.9358       427.3      -100995.4758       -99.4600 18m59s/Msamples
        2754000   -101091.4986       427.6      -100995.3316       -96.1670 18m59s/Msamples
        2755000   -101094.7613       427.7      -101000.1666       -94.5947 18m59s/Msamples
        2756000   -101085.3675       427.8      -100986.9958       -98.3716 18m59s/Msamples
        2757000   -101097.9103       427.8      -100997.6710      -100.2392 18m59s/Msamples
        2758000   -101096.0455       427.6      -100993.9767      -102.0687 18m59s/Msamples
        2759000   -101101.1289       428.5      -100994.9605      -106.1684 18m59s/Msamples
        2760000   -101098.8519       428.5      -100996.8452      -102.0066 18m59s/Msamples
        2761000   -101087.4549       428.2      -100989.0174       -98.4375 18m59s/Msamples
        2762000   -101095.6388       428.0      -100994.6858      -100.9530 18m59s/Msamples
        2763000   -101086.3332       427.3      -100990.3320       -96.0011 18m59s/Msamples
        2764000   -101089.3152       426.6      -100989.9935       -99.3217 18m59s/Msamples
        2765000   -101087.2316       425.7      -100990.7665       -96.4650 18m59s/Msamples
        2766000   -101084.8692       424.6      -100983.5723      -101.2968 18m59s/Msamples
        2767000   -101080.1311       423.1      -100984.4012       -95.7299 18m59s/Msamples
        2768000   -101084.8891       421.5      -100988.4588       -96.4302 18m59s/Msamples
        2769000   -101081.0759       419.4      -100979.6015      -101.4744 18m59s/Msamples
        2770000   -101090.5310       417.9      -100993.6867       -96.8443 18m59s/Msamples
        2771000   -101097.7777       417.4      -100994.7106      -103.0671 18m59s/Msamples
        2772000   -101102.7094       417.8      -101001.6420      -101.0673 18m59s/Msamples
        2773000   -101100.5874       417.8      -101000.9427       -99.6447 18m59s/Msamples
        2774000   -101103.0606       418.2      -101001.3178      -101.7428 18m59s/Msamples
        2775000   -101103.2690       418.6      -101000.3570      -102.9120 18m59s/Msamples
        2776000   -101093.6140       417.8      -100990.6610      -102.9530 18m59s/Msamples
        2777000   -101091.6517       416.7      -100986.2341      -105.4175 18m59s/Msamples
        2778000   -101095.6869       416.0      -100992.8156      -102.8712 18m59s/Msamples
        2779000   -101112.7975       418.2      -101005.6900      -107.1074 18m59s/Msamples
        2780000   -101107.8940       419.2      -101004.8849      -103.0091 18m59s/Msamples
        2781000   -101117.8376       421.8      -101012.2566      -105.5810 18m59s/Msamples
        2782000   -101115.0099       423.4      -101009.4273      -105.5825 18m59s/Msamples
        2783000   -101111.7297       424.3      -101000.5247      -111.2050 18m59s/Msamples
        2784000   -101107.9647       424.6      -100995.3261      -112.6386 18m59s/Msamples
        2785000   -101106.3942       424.8      -100999.3096      -107.0846 18m59s/Msamples
        2786000   -101103.2481       425.0      -100999.4014      -103.8467 18m59s/Msamples
        2787000   -101109.3869       424.9      -101003.4977      -105.8891 18m59s/Msamples
        2788000   -101111.7279       424.8      -101001.1918      -110.5360 18m59s/Msamples
        2789000   -101115.0641       423.6      -101002.9290      -112.1350 18m59s/Msamples
        2790000   -101107.6019       423.3      -101003.8940      -103.7079 18m59s/Msamples
        2791000   -101102.0333       423.5      -100996.1190      -105.9142 18m59s/Msamples
        2792000   -101110.2493       423.1      -101000.3646      -109.8847 18m59s/Msamples
        2793000   -101117.9365       422.3      -101008.5282      -109.4082 18m59s/Msamples
        2794000   -101102.1102       422.5      -100995.3660      -106.7441 18m59s/Msamples
        2795000   -101101.4851       422.6      -100995.5306      -105.9544 18m59s/Msamples
        2796000   -101096.2600       423.5      -100994.0735      -102.1865 18m59s/Msamples
        2797000   -101105.9098       423.3      -101001.0000      -104.9098 18m59s/Msamples
        2798000   -101110.2154       422.8      -101002.3329      -107.8825 18m59s/Msamples
        2799000   -101106.4909       423.0      -101002.8623      -103.6286 18m59s/Msamples
        2800000   -101113.4299       422.5      -101009.1449      -104.2849 18m59s/Msamples
        2801000   -101109.0487       422.1      -101007.4293      -101.6194 18m59s/Msamples
        2802000   -101099.2023       422.5      -100993.3641      -105.8382 18m59s/Msamples
        2803000   -101104.3741       422.5      -100999.0372      -105.3368 18m59s/Msamples
        2804000   -101103.8669       422.4      -100997.1486      -106.7183 18m59s/Msamples
        2805000   -101096.8387       423.0      -100995.1683      -101.6703 18m59s/Msamples
        2806000   -101109.6955       422.9      -101006.9727      -102.7227 18m59s/Msamples
        2807000   -101103.4081       423.0      -101003.0496      -100.3584 18m59s/Msamples
        2808000   -101100.2653       423.2      -100997.2977      -102.9676 18m59s/Msamples
        2809000   -101099.6653       424.0      -101000.0224       -99.6429 18m59s/Msamples
        2810000   -101109.5469       424.0      -101003.7152      -105.8316 18m59s/Msamples
        2811000   -101107.2864       424.0      -101005.9236      -101.3628 18m59s/Msamples
        2812000   -101104.7719       424.1      -101002.6825      -102.0894 18m59s/Msamples
        2813000   -101101.2827       424.2      -100994.2732      -107.0095 18m59s/Msamples
        2814000   -101098.1111       424.6      -100991.4602      -106.6509 18m59s/Msamples
        2815000   -101100.6559       424.8      -100991.6637      -108.9922 18m59s/Msamples
        2816000   -101098.8270       425.1      -100989.8509      -108.9760 18m59s/Msamples
        2817000   -101112.1492       425.3      -101001.4634      -110.6858 18m59s/Msamples
        2818000   -101100.6612       425.5      -100991.9606      -108.7006 18m59s/Msamples
        2819000   -101117.1417       426.3      -101004.9382      -112.2034 18m59s/Msamples
        2820000   -101100.0597       426.6      -100996.0546      -104.0050 18m59s/Msamples
        2821000   -101098.2612       426.9      -100992.2731      -105.9880 18m59s/Msamples
        2822000   -101098.1720       427.2      -100996.5972      -101.5747 18m59s/Msamples
        2823000   -101104.7384       427.3      -100999.1406      -105.5977 18m59s/Msamples
        2824000   -101108.9144       427.4      -101001.8537      -107.0607 18m58s/Msamples
        2825000   -101108.6265       427.5      -101001.1448      -107.4817 18m58s/Msamples
        2826000   -101112.3327       427.5      -101006.9345      -105.3981 18m58s/Msamples
        2827000   -101101.2151       427.7      -100997.0019      -104.2132 18m58s/Msamples
        2828000   -101109.1749       427.7      -101004.9272      -104.2476 18m58s/Msamples
        2829000   -101103.2883       428.1      -101000.9737      -102.3145 18m59s/Msamples
        2830000   -101108.3624       428.1      -101007.3778      -100.9846 18m59s/Msamples
        2831000   -101103.0864       428.2      -100998.6702      -104.4162 18m59s/Msamples
        2832000   -101099.9304       428.5      -100996.5117      -103.4186 18m59s/Msamples
        2833000   -101103.0139       428.6      -100997.3923      -105.6215 18m59s/Msamples
        2834000   -101091.4216       429.5      -100991.1657      -100.2558 18m59s/Msamples
        2835000   -101087.5170       430.7      -100989.7621       -97.7548 18m59s/Msamples
        2836000   -101096.9470       431.0      -100999.4661       -97.4809 18m59s/Msamples
        2837000   -101098.5373       431.2      -100997.1228      -101.4145 18m59s/Msamples
        2838000   -101105.4552       431.4      -101001.3067      -104.1485 18m59s/Msamples
        2839000   -101100.4340       431.7      -100999.2889      -101.1450 18m59s/Msamples
        2840000   -101102.5222       431.9      -100995.8515      -106.6706 18m59s/Msamples
        2841000   -101102.2412       432.1      -100998.5973      -103.6439 18m59s/Msamples
        2842000   -101106.2342       432.3      -101000.2826      -105.9516 18m59s/Msamples
        2843000   -101103.6854       432.5      -101000.1087      -103.5767 18m59s/Msamples
        2844000   -101097.7509       432.7      -100994.3920      -103.3589 18m59s/Msamples
        2845000   -101105.0091       432.9      -100999.7385      -105.2706 18m59s/Msamples
        2846000   -101107.1211       433.3      -101002.6938      -104.4272 18m59s/Msamples
        2847000   -101113.6644       434.0      -101007.6151      -106.0492 18m59s/Msamples
        2848000   -101108.1635       434.3      -101002.4297      -105.7338 18m59s/Msamples
        2849000   -101110.4003       434.7      -101008.0806      -102.3197 18m59s/Msamples
        2850000   -101113.7940       435.1      -101009.9508      -103.8432 18m59s/Msamples
        2851000   -101094.8466       435.6      -100993.9077      -100.9388 18m59s/Msamples
        2852000   -101109.1232       435.7      -101002.8625      -106.2607 18m59s/Msamples
        2853000   -101103.3014       435.7      -100999.8020      -103.4993 18m59s/Msamples
        2854000   -101097.3175       436.2      -100996.0639      -101.2535 18m59s/Msamples
        2855000   -101100.6269       436.4      -100998.7535      -101.8733 18m59s/Msamples
        2856000   -101093.4132       437.2      -100991.7460      -101.6671 18m59s/Msamples
        2857000   -101104.7210       437.2      -101004.1568      -100.5641 18m59s/Msamples
        2858000   -101108.3361       437.2      -101005.3257      -103.0104 18m59s/Msamples
        2859000   -101111.7097       437.0      -101005.1207      -106.5890 18m59s/Msamples
        2860000   -101112.1327       436.9      -101006.8687      -105.2640 18m59s/Msamples
        2861000   -101124.5995       436.8      -101021.1207      -103.4787 18m59s/Msamples
        2862000   -101103.7334       436.8      -101005.3603       -98.3731 18m59s/Msamples
        2863000   -101097.3801       437.4      -100997.4848       -99.8953 18m59s/Msamples
        2864000   -101091.0000       438.5      -100990.9475      -100.0524 18m59s/Msamples
        2865000   -101101.1707       438.7      -100998.3941      -102.7766 18m59s/Msamples
        2866000   -101105.6062       438.8      -100998.9312      -106.6749 18m59s/Msamples
        2867000   -101100.9285       439.0      -100995.7236      -105.2048 18m59s/Msamples
        2868000   -101099.6565       439.2      -100996.4437      -103.2128 18m59s/Msamples
        2869000   -101094.4929       439.8      -100995.2979       -99.1949 18m59s/Msamples
        2870000   -101084.8513       441.0      -100985.8463       -99.0050 18m59s/Msamples
        2871000   -101088.3916       441.7      -100990.3093       -98.0822 18m59s/Msamples
        2872000   -101093.9397       442.0      -100995.8122       -98.1275 18m59s/Msamples
        2873000   -101100.1081       442.1      -100997.9176      -102.1905 18m59s/Msamples
        2874000   -101097.2450       442.3      -100996.5549      -100.6901 18m59s/Msamples
        2875000   -101108.3546       442.7      -101004.9590      -103.3956 18m59s/Msamples
        2876000   -101100.7831       442.9      -100994.0875      -106.6955 18m59s/Msamples
        2877000   -101105.4438       443.2      -101001.1548      -104.2890 18m59s/Msamples
        2878000   -101109.7484       444.0      -101009.2958      -100.4525 18m59s/Msamples
        2879000   -101106.6880       444.5      -101004.3467      -102.3412 18m59s/Msamples
        2880000   -101107.5423       445.0      -101004.7961      -102.7462 18m59s/Msamples
        2881000   -101109.3219       445.5      -101001.9852      -107.3367 18m59s/Msamples
        2882000   -101102.1970       445.7      -100999.8045      -102.3925 18m59s/Msamples
        2883000   -101097.0016       445.8      -100994.5985      -102.4030 18m59s/Msamples
        2884000   -101097.6200       445.9      -100992.4815      -105.1384 18m59s/Msamples
        2885000   -101100.7007       446.1      -100993.4108      -107.2898 18m59s/Msamples
        2886000   -101090.7561       446.4      -100986.6626      -104.0934 18m59s/Msamples
        2887000   -101099.4065       446.5      -100993.9506      -105.4558 18m59s/Msamples
        2888000   -101089.4532       447.1      -100985.9686      -103.4845 18m59s/Msamples
        2889000   -101097.0796       447.2      -100993.7705      -103.3090 18m59s/Msamples
        2890000   -101099.6033       447.4      -100998.4444      -101.1589 18m59s/Msamples
        2891000   -101106.8269       447.7      -101006.6601      -100.1667 18m59s/Msamples
        2892000   -101101.6605       447.8      -100997.6890      -103.9714 18m59s/Msamples
        2893000   -101095.2663       448.1      -100994.0724      -101.1938 18m59s/Msamples
        2894000   -101107.9373       448.4      -101003.1358      -104.8015 18m59s/Msamples
        2895000   -101096.2729       448.6      -100994.0033      -102.2695 18m59s/Msamples
        2896000   -101104.7938       448.9      -101000.4790      -104.3148 18m59s/Msamples
        2897000   -101100.0283       449.0      -100995.3929      -104.6353 18m59s/Msamples
        2898000   -101108.3652       449.6      -101005.3340      -103.0311 18m59s/Msamples
        2899000   -101111.2643       450.3      -101007.6051      -103.6591 18m59s/Msamples
        2900000   -101105.8456       450.6      -100999.8251      -106.0205 18m59s/Msamples
        2901000   -101108.1526       450.9      -101003.6811      -104.4715 18m59s/Msamples
        2902000   -101112.6016       451.4      -101006.4607      -106.1408 18m59s/Msamples
        2903000   -101099.9345       451.6      -100993.3553      -106.5791 18m59s/Msamples
        2904000   -101102.6173       451.8      -100997.2704      -105.3468 18m59s/Msamples
        2905000   -101099.7149       452.1      -100994.5505      -105.1644 18m59s/Msamples
        2906000   -101093.1547       452.7      -100990.9622      -102.1925 18m59s/Msamples
        2907000   -101085.4623       454.0      -100984.5630      -100.8993 18m59s/Msamples
        2908000   -101105.5820       454.2      -101000.9634      -104.6186 18m59s/Msamples
        2909000   -101101.6034       454.2      -100999.3461      -102.2573 18m59s/Msamples
        2910000   -101088.4481       455.0      -100990.1164       -98.3317 18m59s/Msamples
        2911000   -101104.2880       455.2      -101000.6444      -103.6436 18m59s/Msamples
        2912000   -101117.9439       455.9      -101012.7068      -105.2371 18m59s/Msamples
        2913000   -101117.5195       456.5      -101015.6400      -101.8794 18m59s/Msamples
        2914000   -101113.5260       456.5      -101010.3441      -103.1819 18m59s/Msamples
        2915000   -101105.7796       456.6      -101004.6539      -101.1256 18m59s/Msamples
        2916000   -101105.5363       456.7      -101002.2283      -103.3080 18m59s/Msamples
        2917000   -101097.9235       457.0      -100996.3916      -101.5319 18m59s/Msamples
        2918000   -101112.3622       457.2      -101007.0415      -105.3206 18m59s/Msamples
        2919000   -101124.0139       457.7      -101017.8720      -106.1419 18m59s/Msamples
        2920000   -101103.7931       457.7      -100999.8281      -103.9649 18m59s/Msamples
        2921000   -101118.0174       457.7      -101010.1311      -107.8863 18m59s/Msamples
        2922000   -101111.6584       457.5      -101005.7435      -105.9148 18m59s/Msamples
        2923000   -101098.4305       457.9      -100994.3983      -104.0321 18m59s/Msamples
        2924000   -101099.7427       458.3      -100997.3406      -102.4020 18m59s/Msamples
        2925000   -101097.3904       458.9      -100994.6502      -102.7402 18m59s/Msamples
        2926000   -101093.4674       460.0      -100993.9176       -99.5498 18m59s/Msamples
        2927000   -101091.7036       461.3      -100991.9840       -99.7196 18m59s/Msamples
        2928000   -101104.6165       461.3      -101001.7641      -102.8524 18m59s/Msamples
        2929000   -101104.9940       460.9      -101001.0947      -103.8992 18m59s/Msamples
        2930000   -101111.9552       460.4      -101008.5545      -103.4006 18m59s/Msamples
        2931000   -101100.8832       460.7      -100997.1676      -103.7155 18m59s/Msamples
        2932000   -101094.5527       461.5      -100993.5368      -101.0159 18m59s/Msamples
        2933000   -101094.4398       462.1      -100991.0915      -103.3482 18m59s/Msamples
        2934000   -101103.3054       462.3      -101000.7226      -102.5828 18m59s/Msamples
        2935000   -101093.7632       462.9      -100991.5372      -102.2260 18m59s/Msamples
        2936000   -101097.6736       463.2      -100995.3140      -102.3596 18m59s/Msamples
        2937000   -101093.9047       463.6      -100992.5165      -101.3881 18m59s/Msamples
        2938000   -101111.9332       464.3      -101008.2075      -103.7256 18m59s/Msamples
        2939000   -101103.5790       464.5      -101002.1485      -101.4304 18m59s/Msamples
        2940000   -101095.5203       464.6      -100993.9143      -101.6060 18m59s/Msamples
        2941000   -101091.7100       464.6      -100989.6346      -102.0753 18m59s/Msamples
        2942000   -101104.6552       465.0      -101000.1115      -104.5437 18m59s/Msamples
        2943000   -101101.8733       465.1      -100997.5662      -104.3070 18m59s/Msamples
        2944000   -101120.5579       466.9      -101015.2616      -105.2962 18m59s/Msamples
        2945000   -101105.4831       467.2      -101002.2888      -103.1943 18m59s/Msamples
        2946000   -101108.2942       467.4      -101005.8751      -102.4190 18m59s/Msamples
        2947000   -101105.9366       467.6      -101003.9429      -101.9937 18m59s/Msamples
        2948000   -101103.3518       467.8      -100996.1739      -107.1778 18m59s/Msamples
        2949000   -101109.0355       467.9      -101004.4590      -104.5764 18m59s/Msamples
        2950000   -101104.8646       468.1      -100996.1079      -108.7566 18m59s/Msamples
        2951000   -101097.4054       468.4      -100991.3313      -106.0740 18m59s/Msamples
        2952000   -101111.5003       468.6      -101007.7141      -103.7862 18m59s/Msamples
        2953000   -101101.0568       468.8      -100999.6448      -101.4120 18m59s/Msamples
        2954000   -101100.9094       469.0      -101001.2140       -99.6954 18m59s/Msamples
        2955000   -101092.5848       469.8      -100993.6062       -98.9786 18m59s/Msamples
        2956000   -101089.3160       470.8      -100989.8958       -99.4201 18m59s/Msamples
        2957000   -101101.8315       470.9      -100999.8618      -101.9696 18m59s/Msamples
        2958000   -101101.6456       471.1      -100997.6391      -104.0064 18m59s/Msamples
        2959000   -101095.5301       471.5      -100994.3194      -101.2107 18m59s/Msamples
        2960000   -101097.8196       471.8      -100994.7767      -103.0429 18m59s/Msamples
        2961000   -101110.6976       472.1      -101008.7365      -101.9610 18m59s/Msamples
        2962000   -101103.9595       472.3      -100998.5310      -105.4285 18m59s/Msamples
        2963000   -101096.3151       472.6      -100988.9163      -107.3988 18m59s/Msamples
        2964000   -101096.8753       472.8      -100994.5307      -102.3446 18m59s/Msamples
        2965000   -101095.1066       473.0      -100990.1343      -104.9722 18m59s/Msamples
        2966000   -101102.3636       473.2      -100996.7953      -105.5682 18m59s/Msamples
        2967000   -101101.1358       473.4      -100994.3967      -106.7390 18m59s/Msamples
        2968000   -101101.4913       473.5      -100996.7830      -104.7083 18m59s/Msamples
        2969000   -101097.2561       473.4      -100991.5143      -105.7418 18m59s/Msamples
        2970000   -101098.4649       473.5      -100991.7975      -106.6674 18m59s/Msamples
        2971000   -101102.2151       473.7      -100997.9361      -104.2789 18m59s/Msamples
        2972000   -101099.7295       473.8      -100995.5580      -104.1714 18m59s/Msamples
        2973000   -101097.6074       473.8      -100996.8258      -100.7815 18m59s/Msamples
        2974000   -101098.3912       473.9      -100991.1725      -107.2187 18m59s/Msamples
        2975000   -101099.5432       474.0      -100998.0524      -101.4908 18m59s/Msamples
        2976000   -101105.9507       474.4      -101006.2537       -99.6969 18m59s/Msamples
        2977000   -101093.2241       474.5      -100990.2320      -102.9920 18m59s/Msamples
        2978000   -101096.9098       474.5      -100996.3915      -100.5183 18m59s/Msamples
        2979000   -101093.2807       474.0      -100987.7762      -105.5045 18m59s/Msamples
        2980000   -101102.7271       474.2      -100999.6795      -103.0475 18m59s/Msamples
        2981000   -101107.0428       474.7      -101004.0655      -102.9773 18m59s/Msamples
        2982000   -101111.9132       475.5      -101010.2653      -101.6478 18m59s/Msamples
        2983000   -101107.2393       475.9      -101003.2611      -103.9781 18m59s/Msamples
        2984000   -101096.8708       476.0      -100995.8806      -100.9902 18m59s/Msamples
        2985000   -101103.1489       476.3      -100996.8962      -106.2527 18m59s/Msamples
        2986000   -101107.8885       476.6      -101004.5748      -103.3136 18m59s/Msamples
        2987000   -101091.7710       477.0      -100996.6405       -95.1305 18m59s/Msamples
        2988000   -101090.0183       477.3      -100993.4092       -96.6090 18m59s/Msamples
        2989000   -101109.4138       477.6      -101005.4502      -103.9635 18m59s/Msamples
        2990000   -101102.3524       477.8      -101003.6774       -98.6749 18m59s/Msamples
        2991000   -101100.9035       477.9      -101000.6061      -100.2974 18m59s/Msamples
        2992000   -101101.2419       478.1      -100999.6007      -101.6412 18m59s/Msamples
        2993000   -101098.6601       478.3      -101000.6836       -97.9765 18m59s/Msamples
        2994000   -101098.6676       478.4      -100997.9959      -100.6717 18m59s/Msamples
        2995000   -101109.0508       478.8      -101006.2476      -102.8031 18m59s/Msamples
        2996000   -101105.9537       479.0      -101004.6551      -101.2986 18m59s/Msamples
        2997000   -101102.2368       479.1      -101004.7535       -97.4833 18m59s/Msamples
        2998000   -101104.1359       479.3      -101003.6803      -100.4556 18m59s/Msamples
        2999000   -101106.0433       479.4      -101005.8735      -100.1698 18m59s/Msamples
        3000000   -101092.8912       479.7      -100990.7468      -102.1444 18m59s/Msamples
        3001000   -101099.2406       479.9      -100998.6235      -100.6170 18m59s/Msamples
        3002000   -101114.7911       480.6      -101008.8317      -105.9593 18m59s/Msamples
        3003000   -101112.7480       481.1      -101010.0717      -102.6762 18m59s/Msamples
        3004000   -101107.3402       481.3      -101001.2363      -106.1039 18m59s/Msamples
        3005000   -101111.4276       481.3      -101008.8209      -102.6066 18m59s/Msamples
        3006000   -101108.9349       481.3      -101001.2091      -107.7258 18m59s/Msamples
        3007000   -101101.5372       481.5      -100999.5439      -101.9932 18m59s/Msamples
        3008000   -101097.3494       481.9      -100996.0461      -101.3033 18m59s/Msamples
        3009000   -101103.7910       481.6      -101003.8166       -99.9743 18m59s/Msamples
        3010000   -101090.9353       482.7      -100992.3511       -98.5841 18m59s/Msamples
        3011000   -101090.9483       483.6      -100996.8496       -94.0987 18m59s/Msamples
        3012000   -101093.1435       484.2      -100994.2543       -98.8892 18m59s/Msamples
        3013000   -101085.9217       485.2      -100989.2942       -96.6274 18m59s/Msamples
        3014000   -101092.8035       485.5      -100995.4877       -97.3158 18m59s/Msamples
        3015000   -101091.8253       485.7      -100990.8617      -100.9635 18m59s/Msamples
        3016000   -101100.4556       485.9      -100997.3017      -103.1539 18m59s/Msamples
        3017000   -101094.0389       486.0      -100988.2615      -105.7774 18m59s/Msamples
        3018000   -101088.8177       486.2      -100988.5335      -100.2842 18m59s/Msamples
        3019000   -101097.8725       485.9      -100998.2179       -99.6546 18m59s/Msamples
        3020000   -101091.6719       485.5      -100993.4362       -98.2356 18m59s/Msamples
        3021000   -101090.1639       484.9      -100989.1454      -101.0184 18m59s/Msamples
        3022000   -101094.7284       484.4      -100992.7401      -101.9882 18m59s/Msamples
        3023000   -101095.8908       483.9      -100994.0301      -101.8607 18m59s/Msamples
        3024000   -101101.1543       484.0      -100995.0269      -106.1273 18m59s/Msamples
        3025000   -101099.4743       483.9      -100990.9263      -108.5480 18m59s/Msamples
        3026000   -101098.3079       483.6      -100990.1698      -108.1380 18m59s/Msamples
        3027000   -101100.0379       483.6      -100991.8979      -108.1400 18m59s/Msamples
        3028000   -101103.7183       484.0      -100995.5820      -108.1363 18m59s/Msamples
        3029000   -101095.5170       483.6      -100988.3304      -107.1865 18m59s/Msamples
        3030000   -101094.5204       483.2      -100988.3691      -106.1513 18m59s/Msamples
        3031000   -101107.2509       484.0      -101001.3606      -105.8902 18m59s/Msamples
        3032000   -101104.0851       484.4      -100996.8766      -107.2085 18m59s/Msamples
        3033000   -101092.5547       484.0      -100986.1739      -106.3807 18m59s/Msamples
        3034000   -101100.1368       484.1      -100996.1826      -103.9542 18m59s/Msamples
        3035000   -101095.2473       484.0      -100993.8235      -101.4237 18m59s/Msamples
        3036000   -101101.8428       484.1      -100996.4043      -105.4384 18m59s/Msamples
        3037000   -101104.2037       484.5      -100997.6119      -106.5917 18m59s/Msamples
        3038000   -101107.6158       485.0      -100998.8877      -108.7281 18m59s/Msamples
        3039000   -101097.4975       485.1      -100989.8832      -107.6142 18m59s/Msamples
        3040000   -101103.3665       485.3      -100998.2343      -105.1322 18m59s/Msamples
        3041000   -101097.9612       485.4      -100991.8678      -106.0933 18m59s/Msamples
        3042000   -101101.8133       485.6      -100996.2309      -105.5823 18m59s/Msamples
        3043000   -101096.9965       485.7      -100994.4990      -102.4975 18m59s/Msamples
        3044000   -101095.7252       485.9      -100994.0774      -101.6478 18m59s/Msamples
        3045000   -101089.5835       486.0      -100988.3870      -101.1964 18m59s/Msamples
        3046000   -101099.4199       486.1      -100996.0157      -103.4041 18m59s/Msamples
        3047000   -101101.0629       486.3      -100997.3200      -103.7428 18m59s/Msamples
        3048000   -101112.6459       487.2      -101007.8696      -104.7762 18m59s/Msamples
        3049000   -101112.4493       487.7      -101009.9753      -102.4739 18m59s/Msamples
        3050000   -101102.6962       487.9      -100998.9449      -103.7512 18m59s/Msamples
        3051000   -101103.1733       488.1      -101002.1070      -101.0663 18m59s/Msamples
        3052000   -101099.2332       488.3      -101002.2649       -96.9682 18m59s/Msamples
        3053000   -101093.4604       488.6      -100997.2488       -96.2115 18m59s/Msamples
        3054000   -101098.2880       488.8      -101001.7712       -96.5168 18m59s/Msamples
        3055000   -101096.6922       488.9      -100999.9428       -96.7493 18m59s/Msamples
        3056000   -101100.5952       489.1      -101003.6341       -96.9611 18m59s/Msamples
        3057000   -101102.4299       489.3      -101009.4909       -92.9389 18m59s/Msamples
        3058000   -101094.5417       489.4      -100999.7958       -94.7459 18m59s/Msamples
        3059000   -101092.6229       489.4      -100995.9480       -96.6748 18m59s/Msamples
        3060000   -101087.7733       489.6      -100990.5721       -97.2012 18m59s/Msamples
        3061000   -101102.2937       489.8      -101004.0481       -98.2455 18m59s/Msamples
        3062000   -101110.0337       490.4      -101013.1851       -96.8486 18m59s/Msamples
        3063000   -101110.1291       490.9      -101012.7912       -97.3379 18m59s/Msamples
        3064000   -101111.8579       491.4      -101014.7934       -97.0644 18m59s/Msamples
        3065000   -101105.9180       491.7      -101009.5008       -96.4172 18m59s/Msamples
        3066000   -101118.8267       492.9      -101021.2198       -97.6069 18m59s/Msamples
        3067000   -101103.1066       493.1      -101006.9062       -96.2004 19m0s/Msamples
        3068000   -101104.5727       493.3      -101008.1050       -96.4676 18m59s/Msamples
        3069000   -101101.0511       493.3      -101005.1075       -95.9435 19m0s/Msamples
        3070000   -101109.5456       493.5      -101016.7229       -92.8226 19m0s/Msamples
        3071000   -101098.5747       493.8      -101003.8402       -94.7345 19m0s/Msamples
        3072000   -101092.1880       494.5      -101000.0477       -92.1403 19m0s/Msamples
        3073000   -101097.0190       494.8      -100999.6219       -97.3970 19m0s/Msamples
        3074000   -101096.4457       495.2      -100997.7458       -98.6999 19m0s/Msamples
        3075000   -101082.8883       496.6      -100986.1715       -96.7167 19m0s/Msamples
        3076000   -101098.4619       496.8      -101001.5406       -96.9213 19m0s/Msamples
        3077000   -101105.0399       496.9      -101010.4797       -94.5602 19m0s/Msamples
        3078000   -101099.3750       497.2      -101003.6409       -95.7340 19m0s/Msamples
        3079000   -101098.9196       497.3      -100997.3033      -101.6163 19m0s/Msamples
        3080000   -101106.8695       497.5      -101004.3443      -102.5251 19m0s/Msamples
        3081000   -101120.7623       498.7      -101017.1065      -103.6558 19m0s/Msamples
        3082000   -101101.9042       498.9      -101001.2637      -100.6405 19m0s/Msamples
        3083000   -101104.8518       499.0      -101007.0807       -97.7710 19m0s/Msamples
        3084000   -101105.8051       499.2      -101008.2299       -97.5751 19m0s/Msamples
        3085000   -101097.2740       499.4      -100997.6878       -99.5862 19m0s/Msamples
        3086000   -101089.7670       499.8      -100989.7201      -100.0469 19m0s/Msamples
        3087000   -101091.2626       500.0      -100992.1715       -99.0911 19m0s/Msamples
        3088000   -101099.2075       500.1      -100996.9106      -102.2969 19m0s/Msamples
        3089000   -101098.9618       500.0      -100998.7914      -100.1704 19m0s/Msamples
        3090000   -101099.7861       500.1      -100995.8467      -103.9393 19m0s/Msamples
        3091000   -101090.8791       500.1      -100991.1930       -99.6860 19m0s/Msamples
        3092000   -101099.6295       500.2      -100998.3886      -101.2408 19m0s/Msamples
        3093000   -101098.0722       500.3      -100994.4711      -103.6011 19m0s/Msamples
        3094000   -101097.9490       500.4      -100994.7411      -103.2078 19m0s/Msamples
        3095000   -101098.2436       500.5      -100998.4659       -99.7776 19m0s/Msamples
        3096000   -101100.4547       500.6      -100997.9498      -102.5049 19m0s/Msamples
        3097000   -101088.8205       500.8      -100991.7171       -97.1033 19m0s/Msamples
        3098000   -101108.5103       501.4      -101008.0067      -100.5036 19m0s/Msamples
        3099000   -101105.0145       501.4      -101004.6563      -100.3581 19m0s/Msamples
        3100000   -101101.9320       501.6      -101000.3645      -101.5675 19m0s/Msamples
        3101000   -101096.7238       501.5      -100998.1255       -98.5982 19m0s/Msamples
        3102000   -101104.1029       501.9      -101003.4515      -100.6513 19m0s/Msamples
        3103000   -101096.3247       501.8      -100995.7246      -100.6001 19m0s/Msamples
        3104000   -101099.8332       501.8      -100999.4481      -100.3850 19m0s/Msamples
        3105000   -101101.4953       502.0      -101005.5203       -95.9750 19m0s/Msamples
        3106000   -101094.9093       501.9      -101001.1149       -93.7943 19m0s/Msamples
        3107000   -101092.0515       501.8      -100993.0502       -99.0012 19m0s/Msamples
        3108000   -101090.6270       501.6      -100993.6856       -96.9413 19m0s/Msamples
        3109000   -101095.2808       501.1      -100999.7676       -95.5132 19m0s/Msamples
        3110000   -101091.5492       500.8      -100995.2477       -96.3015 19m0s/Msamples
        3111000   -101098.8971       500.8      -100999.1099       -99.7871 19m0s/Msamples
        3112000   -101089.7906       500.5      -100986.1135      -103.6771 19m0s/Msamples
        3113000   -101092.8621       500.1      -100988.9480      -103.9140 19m0s/Msamples
        3114000   -101096.8452       499.9      -100991.5042      -105.3410 19m0s/Msamples
        3115000   -101087.4680       499.3      -100985.6670      -101.8010 19m0s/Msamples
        3116000   -101088.1851       498.6      -100986.5322      -101.6528 19m0s/Msamples
        3117000   -101096.3585       498.3      -100993.7261      -102.6324 19m0s/Msamples
        3118000   -101100.6619       498.3      -100997.2024      -103.4595 19m0s/Msamples
        3119000   -101110.9429       498.9      -101004.8080      -106.1349 19m0s/Msamples
        3120000   -101101.5175       499.1      -100996.6107      -104.9068 19m0s/Msamples
        3121000   -101100.8596       499.2      -100996.8540      -104.0055 19m0s/Msamples
        3122000   -101109.0119       500.3      -100996.1815      -112.8304 19m0s/Msamples
        3123000   -101093.6543       499.8      -100985.2350      -108.4192 19m0s/Msamples
        3124000   -101099.5388       499.8      -100992.4646      -107.0742 19m0s/Msamples
        3125000   -101102.5814       500.1      -100992.7412      -109.8401 19m0s/Msamples
        3126000   -101107.2474       500.8      -100998.7646      -108.4828 19m0s/Msamples
        3127000   -101103.1931       501.1      -100998.4923      -104.7008 19m0s/Msamples
        3128000   -101095.7402       501.0      -100990.0995      -105.6407 19m0s/Msamples
        3129000   -101102.1416       500.9      -100999.8901      -102.2514 19m0s/Msamples
        3130000   -101102.4028       501.1      -100997.9064      -104.4964 19m0s/Msamples
        3131000   -101103.9818       501.4      -101001.0149      -102.9668 19m0s/Msamples
        3132000   -101108.1367       501.8      -100998.7575      -109.3792 19m0s/Msamples
        3133000   -101101.5553       502.0      -100996.5134      -105.0418 19m0s/Msamples
        3134000   -101110.3194       502.4      -101005.7352      -104.5842 19m0s/Msamples
        3135000   -101112.5766       502.6      -101010.0455      -102.5311 19m0s/Msamples
        3136000   -101113.1572       502.7      -101006.5800      -106.5772 19m0s/Msamples
        3137000   -101121.1283       502.8      -101012.5593      -108.5690 19m0s/Msamples
        3138000   -101111.3714       502.6      -101006.6212      -104.7501 19m0s/Msamples
        3139000   -101094.4700       503.5      -100991.5523      -102.9176 19m0s/Msamples
        3140000   -101101.6770       503.7      -101001.5847      -100.0922 19m0s/Msamples
        3141000   -101101.0527       503.9      -101002.2042       -98.8484 19m0s/Msamples
        3142000   -101102.7105       504.0      -101002.2127      -100.4977 18m59s/Msamples
        3143000   -101115.5062       503.7      -101009.8172      -105.6890 18m59s/Msamples
        3144000   -101110.6996       503.3      -101007.5968      -103.1027 18m59s/Msamples
        3145000   -101106.5795       503.1      -101007.1460       -99.4334 18m59s/Msamples
        3146000   -101101.7371       503.3      -100999.5657      -102.1713 18m59s/Msamples
        3147000   -101095.4249       504.2      -100992.9428      -102.4821 18m59s/Msamples
        3148000   -101090.9344       505.7      -100985.6219      -105.3125 18m59s/Msamples
        3149000   -101103.5945       505.5      -100998.2486      -105.3458 19m0s/Msamples
        3150000   -101091.1994       506.8      -100985.8804      -105.3189 19m0s/Msamples
        3151000   -101101.2412       507.0      -100997.1808      -104.0604 19m0s/Msamples
        3152000   -101090.6298       508.2      -100984.7382      -105.8916 19m0s/Msamples
        3153000   -101095.7070       508.7      -100990.6150      -105.0920 19m0s/Msamples
        3154000   -101104.4984       508.8      -100999.9301      -104.5682 19m0s/Msamples
        3155000   -101109.2420       509.0      -101006.0226      -103.2193 19m0s/Msamples
        3156000   -101093.3475       509.4      -100989.7272      -103.6202 19m0s/Msamples
        3157000   -101081.7191       510.1      -100982.8241       -98.8949 19m0s/Msamples
        3158000   -101090.3971       510.2      -100990.0281      -100.3690 19m0s/Msamples
        3159000   -101088.6475       510.7      -100988.4893      -100.1581 19m0s/Msamples
        3160000   -101093.2258       510.6      -100994.0352       -99.1905 19m0s/Msamples
        3161000   -101088.4199       510.2      -100985.4195      -103.0004 19m0s/Msamples
        3162000   -101093.2470       509.7      -100994.3033       -98.9437 18m59s/Msamples
        3163000   -101102.0476       510.0      -100999.2323      -102.8152 18m59s/Msamples
        3164000   -101105.5507       510.7      -101005.4956      -100.0551 18m59s/Msamples
        3165000   -101096.5425       510.3      -100995.7466      -100.7958 18m59s/Msamples
        3166000   -101091.9427       509.5      -100995.9042       -96.0384 18m59s/Msamples
        3167000   -101101.1378       509.7      -101000.4351      -100.7026 18m59s/Msamples
        3168000   -101094.6550       509.1      -100996.8007       -97.8543 18m59s/Msamples
        3169000   -101101.9137       508.9      -101007.7743       -94.1393 18m59s/Msamples
        3170000   -101092.6749       508.2      -100993.7771       -98.8977 18m59s/Msamples
        3171000   -101101.4029       508.4      -100996.9502      -104.4527 18m59s/Msamples
        3172000   -101104.5882       508.9      -100998.4087      -106.1794 18m59s/Msamples
        3173000   -101109.2531       510.1      -101003.7193      -105.5337 18m59s/Msamples
        3174000   -101112.1792       511.7      -101001.6259      -110.5533 18m59s/Msamples
        3175000   -101106.6870       512.4      -100995.4785      -111.2084 18m59s/Msamples
        3176000   -101102.6255       512.6      -100990.1855      -112.4400 18m59s/Msamples
        3177000   -101111.3934       513.5      -100997.6611      -113.7322 18m59s/Msamples
        3178000   -101114.7020       514.4      -101001.0868      -113.6152 18m59s/Msamples
        3179000   -101100.1993       514.3      -100987.6277      -112.5715 18m59s/Msamples
        3180000   -101107.5900       514.5      -100994.9533      -112.6367 18m59s/Msamples
        3181000   -101109.8703       514.6      -100997.9340      -111.9363 18m59s/Msamples
        3182000   -101103.7957       514.7      -100996.3316      -107.4640 18m59s/Msamples
        3183000   -101102.3587       514.8      -100995.0054      -107.3532 18m59s/Msamples
        3184000   -101099.1815       515.1      -100994.3334      -104.8480 18m59s/Msamples
        3185000   -101100.7214       515.4      -100991.7379      -108.9835 18m59s/Msamples
        3186000   -101116.1999       515.3      -101008.4397      -107.7601 18m59s/Msamples
        3187000   -101108.9275       515.1      -101004.8209      -104.1066 18m59s/Msamples
        3188000   -101106.8677       514.9      -101003.0296      -103.8380 18m59s/Msamples
        3189000   -101108.6336       514.0      -101006.2627      -102.3709 18m59s/Msamples
        3190000   -101097.5770       514.7      -100996.0302      -101.5468 18m59s/Msamples
        3191000   -101102.4278       514.8      -101000.7539      -101.6738 18m59s/Msamples
        3192000   -101103.2038       514.8      -100999.2450      -103.9588 18m59s/Msamples
        3193000   -101101.4315       515.0      -100998.5942      -102.8372 18m59s/Msamples
        3194000   -101108.5731       514.8      -100999.5274      -109.0457 18m59s/Msamples
        3195000   -101105.2729       514.7      -101000.1621      -105.1108 18m59s/Msamples
        3196000   -101104.3228       514.7      -100999.6547      -104.6681 18m59s/Msamples
        3197000   -101106.4481       514.7      -101001.3135      -105.1345 18m59s/Msamples
        3198000   -101101.8920       514.8      -100997.2878      -104.6041 18m59s/Msamples
        3199000   -101106.7128       514.1      -101001.2735      -105.4392 18m59s/Msamples
        3200000   -101128.7694       514.5      -101023.5368      -105.2326 18m59s/Msamples
        3201000   -101109.3222       514.1      -101005.5409      -103.7813 18m59s/Msamples
        3202000   -101100.0522       514.5      -100995.5357      -104.5165 18m59s/Msamples
        3203000   -101104.2839       514.4      -101000.8940      -103.3898 18m59s/Msamples
        3204000   -101115.4880       513.7      -101011.5622      -103.9257 18m59s/Msamples
        3205000   -101107.0826       513.4      -101001.7740      -105.3085 18m59s/Msamples
        3206000   -101110.1606       512.9      -101001.6198      -108.5408 18m59s/Msamples
        3207000   -101106.5084       512.7      -101001.5330      -104.9753 18m59s/Msamples
        3208000   -101111.8689       512.1      -101004.5390      -107.3298 18m59s/Msamples
        3209000   -101089.9981       514.0      -100988.4338      -101.5642 18m59s/Msamples
        3210000   -101099.3288       514.5      -100993.8665      -105.4622 18m59s/Msamples
        3211000   -101098.6111       515.0      -100995.1634      -103.4476 18m59s/Msamples
        3212000   -101102.3155       515.1      -101000.1768      -102.1386 18m59s/Msamples
        3213000   -101101.4876       515.3      -101003.6115       -97.8761 18m59s/Msamples
        3214000   -101099.1725       515.7      -100998.9199      -100.2525 18m59s/Msamples
        3215000   -101093.8975       516.6      -100993.3923      -100.5051 18m59s/Msamples
        3216000   -101097.2713       517.1      -100997.5360       -99.7353 18m59s/Msamples
        3217000   -101099.8491       517.4      -101003.5769       -96.2721 18m59s/Msamples
        3218000   -101109.6447       517.4      -101011.0312       -98.6135 18m59s/Msamples
        3219000   -101108.7029       517.1      -101006.0547      -102.6481 18m59s/Msamples
        3220000   -101093.1369       517.8      -100989.7101      -103.4267 18m59s/Msamples
        3221000   -101095.3986       518.2      -100990.7159      -104.6826 18m59s/Msamples
        3222000   -101102.9839       518.3      -101002.3190      -100.6649 18m59s/Msamples
        3223000   -101106.0834       518.6      -101003.7797      -102.3036 18m59s/Msamples
        3224000   -101110.4853       519.0      -101006.6205      -103.8648 18m59s/Msamples
        3225000   -101109.7774       519.4      -101005.7742      -104.0032 18m59s/Msamples
        3226000   -101106.8481       519.6      -101001.2956      -105.5524 18m59s/Msamples
        3227000   -101107.1800       519.9      -101005.5408      -101.6392 18m59s/Msamples
        3228000   -101097.3134       520.2      -100992.1456      -105.1677 18m59s/Msamples
        3229000   -101106.3913       520.5      -101002.3890      -104.0023 18m59s/Msamples
        3230000   -101096.6211       520.8      -100994.0071      -102.6140 18m59s/Msamples
        3231000   -101110.0118       521.1      -101001.4690      -108.5428 18m59s/Msamples
        3232000   -101098.9254       521.3      -100996.7932      -102.1321 18m59s/Msamples
        3233000   -101096.4560       521.7      -100993.8204      -102.6355 18m59s/Msamples
        3234000   -101102.4339       521.9      -101001.5243      -100.9095 18m59s/Msamples
        3235000   -101084.0565       523.4      -100985.6345       -98.4219 18m59s/Msamples
        3236000   -101099.0675       523.6      -101000.2181       -98.8494 18m59s/Msamples
        3237000   -101092.9105       524.0      -100990.6704      -102.2400 18m59s/Msamples
        3238000   -101116.9087       525.0      -101013.4050      -103.5037 18m59s/Msamples
        3239000   -101094.0603       524.0      -100992.7990      -101.2613 18m59s/Msamples
        3240000   -101098.0615       524.2      -100995.9229      -102.1386 18m59s/Msamples
        3241000   -101091.6980       524.7      -100991.4868      -100.2112 18m59s/Msamples
        3242000   -101092.8285       525.0      -100993.9896       -98.8389 18m59s/Msamples
        3243000   -101089.0340       525.2      -100990.3066       -98.7274 18m59s/Msamples
        3244000   -101095.8127       525.1      -100998.0951       -97.7175 18m59s/Msamples
        3245000   -101098.4131       525.1      -100997.2419      -101.1711 18m59s/Msamples
        3246000   -101084.3014       524.7      -100987.9045       -96.3968 18m59s/Msamples
        3247000   -101093.9964       524.3      -100993.6321      -100.3643 18m59s/Msamples
        3248000   -101082.7278       523.4      -100987.3708       -95.3569 18m59s/Msamples
        3249000   -101086.0552       523.0      -100989.5192       -96.5359 18m59s/Msamples
        3250000   -101095.0984       522.3      -100997.3016       -97.7968 18m59s/Msamples
        3251000   -101095.0519       521.6      -100999.6943       -95.3576 18m59s/Msamples
        3252000   -101101.1539       521.7      -101000.9717      -100.1821 18m59s/Msamples
        3253000   -101111.8440       523.7      -101007.5426      -104.3014 18m59s/Msamples
        3254000   -101108.7235       524.9      -101005.3508      -103.3727 18m59s/Msamples
        3255000   -101102.2107       525.1      -100999.3396      -102.8711 18m59s/Msamples
        3256000   -101095.4546       524.8      -100992.3303      -103.1242 18m59s/Msamples
        3257000   -101096.3741       524.3      -100994.9495      -101.4246 18m59s/Msamples
        3258000   -101095.4709       523.9      -100996.6355       -98.8353 18m59s/Msamples
        3259000   -101097.6031       524.1      -100997.9460       -99.6570 18m59s/Msamples
        3260000   -101092.3111       523.4      -100993.5209       -98.7902 18m59s/Msamples
        3261000   -101089.3299       522.5      -100991.8262       -97.5036 18m59s/Msamples
        3262000   -101094.1281       521.9      -100992.1008      -102.0272 18m59s/Msamples
        3263000   -101096.0802       521.5      -100994.0909      -101.9893 18m59s/Msamples
        3264000   -101094.1112       520.9      -100997.8701       -96.2410 18m59s/Msamples
        3265000   -101093.8304       520.4      -100994.1051       -99.7253 18m59s/Msamples
        3266000   -101109.0090       521.5      -101008.5413      -100.4676 18m59s/Msamples
        3267000   -101100.8977       521.6      -100999.0828      -101.8148 18m59s/Msamples
        3268000   -101095.7570       521.5      -100995.6270      -100.1300 18m59s/Msamples
        3269000   -101105.9791       522.1      -101003.5456      -102.4334 18m59s/Msamples
        3270000   -101099.0810       522.1      -100998.8664      -100.2146 18m59s/Msamples
        3271000   -101103.6048       522.4      -101006.6595       -96.9452 18m59s/Msamples
        3272000   -101094.9407       522.3      -100995.9313       -99.0093 18m59s/Msamples
        3273000   -101096.2188       522.1      -100996.9369       -99.2819 18m59s/Msamples
        3274000   -101090.0168       521.6      -100991.6481       -98.3687 18m59s/Msamples
        3275000   -101088.2922       521.0      -100987.6256      -100.6665 18m59s/Msamples
        3276000   -101094.3425       520.6      -100995.6145       -98.7279 18m59s/Msamples
        3277000   -101091.9324       520.1      -100994.3828       -97.5496 18m59s/Msamples
        3278000   -101094.8930       519.6      -100999.5153       -95.3776 18m59s/Msamples
        3279000   -101096.0244       519.6      -100998.2652       -97.7592 18m59s/Msamples
        3280000   -101095.8135       519.3      -100998.5676       -97.2459 18m59s/Msamples
        3281000   -101101.3386       519.5      -101001.4214       -99.9171 19m0s/Msamples
        3282000   -101097.8213       519.4      -100997.8812       -99.9401 19m0s/Msamples
        3283000   -101093.6802       519.0      -100992.3342      -101.3460 19m0s/Msamples
        3284000   -101089.4890       518.5      -100989.9429       -99.5461 19m0s/Msamples
        3285000   -101086.3291       517.7      -100986.8248       -99.5043 19m0s/Msamples
        3286000   -101095.9685       517.3      -100995.4197      -100.5487 19m0s/Msamples
        3287000   -101097.3388       517.0      -100994.6224      -102.7163 19m0s/Msamples
        3288000   -101097.1225       516.7      -100990.1638      -106.9586 19m0s/Msamples
        3289000   -101100.5322       516.7      -100997.6594      -102.8727 19m0s/Msamples
        3290000   -101095.0729       516.1      -100994.1733      -100.8996 19m0s/Msamples
        3291000   -101105.6417       516.9      -101002.1518      -103.4899 19m0s/Msamples
        3292000   -101106.7878       517.8      -101003.4667      -103.3211 19m0s/Msamples
        3293000   -101099.5141       517.7      -100998.7284      -100.7856 19m0s/Msamples
        3294000   -101106.8547       518.5      -101003.8546      -103.0001 19m0s/Msamples
        3295000   -101084.1054       518.0      -100984.1956       -99.9097 19m0s/Msamples
        3296000   -101090.6960       517.5      -100990.1329      -100.5630 19m0s/Msamples
        3297000   -101089.3165       516.9      -100992.9576       -96.3588 19m0s/Msamples
        3298000   -101097.7758       516.8      -100997.5008      -100.2750 19m0s/Msamples
        3299000   -101092.3907       516.1      -100988.4475      -103.9431 19m0s/Msamples
        3300000   -101098.3630       515.9      -100994.2154      -104.1476 19m0s/Msamples
        3301000   -101101.4658       516.1      -100998.2481      -103.2177 19m0s/Msamples
        3302000   -101102.5507       516.4      -101000.6525      -101.8982 19m0s/Msamples
        3303000   -101109.2342       517.3      -101000.0379      -109.1963 19m0s/Msamples
        3304000   -101096.7704       517.3      -100995.0162      -101.7542 19m0s/Msamples
        3305000   -101092.6980       517.1      -100990.3250      -102.3730 18m59s/Msamples
        3306000   -101096.3744       517.0      -100996.3538      -100.0206 18m59s/Msamples
        3307000   -101091.7826       516.8      -100988.9099      -102.8727 18m59s/Msamples
        3308000   -101108.7734       517.6      -101002.0425      -106.7308 18m59s/Msamples
        3309000   -101099.6012       517.0      -100996.6120      -102.9891 18m59s/Msamples
        3310000   -101103.8312       517.4      -101002.7956      -101.0356 18m59s/Msamples
        3311000   -101107.8946       518.1      -101001.2021      -106.6924 18m59s/Msamples
        3312000   -101099.6973       518.1      -100993.3415      -106.3557 18m59s/Msamples
        3313000   -101106.8036       518.7      -100998.4827      -108.3209 18m59s/Msamples
        3314000   -101104.6151       519.1      -100996.1384      -108.4767 18m59s/Msamples
        3315000   -101109.7814       519.7      -100999.1020      -110.6794 18m59s/Msamples
        3316000   -101111.2161       520.1      -101002.6121      -108.6040 18m59s/Msamples
        3317000   -101102.3938       520.3      -100994.0295      -108.3643 18m59s/Msamples
        3318000   -101105.6982       520.5      -100998.5869      -107.1113 19m0s/Msamples
        3319000   -101089.8999       521.0      -100985.4357      -104.4642 19m0s/Msamples
        3320000   -101114.1685       521.4      -101013.0906      -101.0778 19m0s/Msamples
        3321000   -101105.2583       521.5      -101003.9159      -101.3423 19m0s/Msamples
        3322000   -101105.3018       521.6      -101000.2773      -105.0245 19m0s/Msamples
        3323000   -101106.9483       521.7      -101005.1093      -101.8389 19m0s/Msamples
        3324000   -101106.1750       521.7      -101007.0348       -99.1402 19m0s/Msamples
        3325000   -101105.3524       521.7      -101003.3348      -102.0176 19m0s/Msamples
        3326000   -101102.0448       521.9      -100996.4831      -105.5616 19m0s/Msamples
        3327000   -101104.7743       521.9      -101002.2868      -102.4875 19m0s/Msamples
        3328000   -101094.5802       522.7      -100991.7204      -102.8598 19m0s/Msamples
        3329000   -101100.9852       522.4      -100998.0128      -102.9724 19m0s/Msamples
        3330000   -101106.1394       522.4      -100999.4224      -106.7169 19m0s/Msamples
        3331000   -101108.5097       522.3      -100997.4467      -111.0629 19m0s/Msamples
        3332000   -101113.5217       522.2      -101008.8412      -104.6805 19m0s/Msamples
        3333000   -101103.1074       522.2      -100999.0825      -104.0248 19m0s/Msamples
        3334000   -101110.0147       522.1      -101003.5496      -106.4650 19m0s/Msamples
        3335000   -101093.7203       522.9      -100994.5264       -99.1939 19m0s/Msamples
        3336000   -101100.0948       523.1      -100997.3030      -102.7918 19m0s/Msamples
        3337000   -101095.2401       523.7      -100996.0982       -99.1418 19m0s/Msamples
        3338000   -101089.7886       524.8      -100991.7681       -98.0205 19m0s/Msamples
        3339000   -101100.9856       524.2      -101001.9351       -99.0505 19m0s/Msamples
        3340000   -101115.8676       524.6      -101016.2357       -99.6318 19m0s/Msamples
        3341000   -101102.5298       524.8      -101002.5569       -99.9729 19m0s/Msamples
        3342000   -101111.6201       524.9      -101009.0038      -102.6162 19m0s/Msamples
        3343000   -101095.5987       525.4      -100995.7385       -99.8602 19m0s/Msamples
        3344000   -101095.5239       525.8      -100994.7639      -100.7600 19m0s/Msamples
        3345000   -101094.7699       526.2      -100992.4427      -102.3272 19m0s/Msamples
        3346000   -101089.6028       526.8      -100988.9273      -100.6754 19m0s/Msamples
        3347000   -101092.3867       527.2      -100990.4864      -101.9003 19m0s/Msamples
        3348000   -101105.2687       527.4      -100998.8554      -106.4132 19m0s/Msamples
        3349000   -101113.2522       527.7      -101006.7660      -106.4861 19m0s/Msamples
        3350000   -101108.9673       528.1      -100999.1351      -109.8321 19m0s/Msamples
        3351000   -101092.5387       528.4      -100987.4784      -105.0602 19m0s/Msamples
        3352000   -101091.4211       528.6      -100988.1647      -103.2563 19m0s/Msamples
        3353000   -101102.1122       528.8      -100995.0341      -107.0780 19m0s/Msamples
        3354000   -101097.2474       528.9      -100991.3877      -105.8596 19m0s/Msamples
        3355000   -101093.5708       528.9      -100992.1216      -101.4492 19m0s/Msamples
        3356000   -101107.3183       529.4      -101006.5544      -100.7638 19m0s/Msamples
        3357000   -101115.6860       530.3      -101012.5885      -103.0974 19m0s/Msamples
        3358000   -101104.0867       530.5      -101004.4531       -99.6336 19m0s/Msamples
        3359000   -101098.3772       530.5      -100999.2789       -99.0982 19m0s/Msamples
        3360000   -101104.0843       530.7      -101004.9454       -99.1389 19m0s/Msamples
        3361000   -101105.4553       531.1      -101003.3264      -102.1289 19m0s/Msamples
        3362000   -101107.3170       531.4      -101003.4821      -103.8348 19m0s/Msamples
        3363000   -101109.1196       531.8      -101004.1999      -104.9197 19m0s/Msamples
        3364000   -101092.4756       532.3      -100989.7478      -102.7278 19m0s/Msamples
        3365000   -101084.2439       533.4      -100984.5790       -99.6648 19m0s/Msamples
        3366000   -101097.6725       533.7      -101000.5910       -97.0815 19m0s/Msamples
        3367000   -101095.5509       533.9      -100992.9325      -102.6184 19m0s/Msamples
        3368000   -101100.0938       534.1      -100996.9641      -103.1296 19m0s/Msamples
        3369000   -101095.9217       533.8      -100994.6614      -101.2603 19m0s/Msamples
        3370000   -101103.7536       534.1      -101001.5493      -102.2042 19m0s/Msamples
        3371000   -101092.5599       534.3      -100991.0973      -101.4625 19m0s/Msamples
        3372000   -101089.1777       534.6      -100990.4443       -98.7334 19m0s/Msamples
        3373000   -101084.9038       534.9      -100989.1321       -95.7717 19m0s/Msamples
        3374000   -101089.8925       534.9      -100989.9434       -99.9491 19m0s/Msamples
        3375000   -101098.7447       534.9      -100997.1519      -101.5927 19m0s/Msamples
        3376000   -101098.4397       534.9      -100996.5675      -101.8721 19m0s/Msamples
        3377000   -101102.3042       535.1      -100998.9421      -103.3620 19m0s/Msamples
        3378000   -101102.0921       535.3      -100999.5537      -102.5383 19m0s/Msamples
        3379000   -101103.9354       535.6      -101004.4396       -99.4957 19m0s/Msamples
        3380000   -101102.3386       535.8      -101000.6753      -101.6632 19m0s/Msamples
        3381000   -101106.5864       536.5      -101008.5693       -98.0171 19m0s/Msamples
        3382000   -101105.6736       537.1      -101000.5793      -105.0943 19m0s/Msamples
        3383000   -101103.1005       537.4      -101000.5550      -102.5454 19m0s/Msamples
        3384000   -101104.6377       537.8      -100999.8278      -104.8098 19m0s/Msamples
        3385000   -101102.7632       538.1      -100998.4584      -104.3047 19m0s/Msamples
        3386000   -101114.8156       539.3      -101012.7117      -102.1038 19m0s/Msamples
        3387000   -101102.3154       539.5      -100999.1143      -103.2010 19m0s/Msamples
        3388000   -101114.1897       540.3      -101009.7780      -104.4117 19m0s/Msamples
        3389000   -101106.6561       540.1      -101000.2065      -106.4495 19m0s/Msamples
        3390000   -101098.7186       540.3      -100994.4751      -104.2435 19m0s/Msamples
        3391000   -101095.8921       540.7      -100992.3060      -103.5860 19m0s/Msamples
        3392000   -101103.9017       540.8      -101001.6522      -102.2495 19m0s/Msamples
        3393000   -101112.7981       540.8      -101012.8170       -99.9811 19m0s/Msamples
        3394000   -101106.4878       540.8      -101004.1854      -102.3024 19m0s/Msamples
        3395000   -101100.3502       541.0      -100999.8309      -100.5192 19m0s/Msamples
        3396000   -101108.2379       540.9      -101007.4139      -100.8240 19m0s/Msamples
        3397000   -101107.2767       540.7      -101003.0543      -104.2223 18m59s/Msamples
        3398000   -101111.3304       540.4      -101006.6104      -104.7199 18m59s/Msamples
        3399000   -101120.2013       539.2      -101014.9645      -105.2367 18m59s/Msamples
        3400000   -101105.0982       539.0      -100999.6924      -105.4057 18m59s/Msamples
        3401000   -101105.0302       538.9      -100999.2541      -105.7760 18m59s/Msamples
        3402000   -101100.9193       539.1      -100995.2126      -105.7067 18m59s/Msamples
        3403000   -101102.3179       539.2      -100993.9836      -108.3342 18m59s/Msamples
        3404000   -101101.7457       539.4      -100996.8091      -104.9366 18m59s/Msamples
        3405000   -101091.6471       540.6      -100991.1335      -100.5135 18m59s/Msamples
        3406000   -101095.6136       541.3      -100992.8412      -102.7723 18m59s/Msamples
        3407000   -101092.9481       542.1      -100987.9993      -104.9488 18m59s/Msamples
        3408000   -101095.7201       542.6      -100993.0143      -102.7058 18m59s/Msamples
        3409000   -101088.6615       542.9      -100990.1907       -98.4707 18m59s/Msamples
        3410000   -101095.6995       543.3      -100995.2618      -100.4377 18m59s/Msamples
        3411000   -101084.5277       544.5      -100983.4570      -101.0706 18m59s/Msamples
        3412000   -101092.8320       544.7      -100993.5519       -99.2800 18m59s/Msamples
        3413000   -101106.0149       545.1      -101002.9586      -103.0563 18m59s/Msamples
        3414000   -101111.9540       545.8      -101008.9021      -103.0519 18m59s/Msamples
        3415000   -101097.5999       545.9      -100997.5176      -100.0822 18m59s/Msamples
        3416000   -101095.2700       546.0      -100990.2775      -104.9925 18m59s/Msamples
        3417000   -101094.9422       545.9      -100992.1946      -102.7476 18m59s/Msamples
        3418000   -101099.8441       546.0      -100991.3808      -108.4632 18m59s/Msamples
        3419000   -101110.0435       546.9      -101001.8154      -108.2281 18m59s/Msamples
        3420000   -101106.6698       547.5      -100998.4114      -108.2584 18m59s/Msamples
        3421000   -101105.3721       548.0      -101001.5263      -103.8457 18m59s/Msamples
        3422000   -101103.1469       548.3      -101001.3603      -101.7865 18m59s/Msamples
        3423000   -101113.7921       549.7      -101012.5555      -101.2366 18m59s/Msamples
        3424000   -101114.2339       550.8      -101011.0039      -103.2300 18m59s/Msamples
        3425000   -101098.9641       550.9      -100995.8534      -103.1107 18m59s/Msamples
        3426000   -101102.6986       551.1      -100999.3312      -103.3673 18m59s/Msamples
        3427000   -101108.7305       551.5      -101003.9576      -104.7729 18m59s/Msamples
        3428000   -101115.9459       552.0      -101016.4467       -99.4992 18m59s/Msamples
        3429000   -101095.8670       552.2      -100996.8491       -99.0178 18m59s/Msamples
        3430000   -101096.4418       552.7      -100998.3982       -98.0436 18m59s/Msamples
        3431000   -101114.1276       552.6      -101009.6659      -104.4617 18m59s/Msamples
        3432000   -101103.1606       552.7      -101001.8089      -101.3516 18m59s/Msamples
        3433000   -101092.8185       553.5      -100993.5521       -99.2664 18m59s/Msamples
        3434000   -101098.4311       553.9      -100996.2619      -102.1692 18m59s/Msamples
        3435000   -101099.1736       554.2      -100996.8111      -102.3624 18m59s/Msamples
        3436000   -101093.0622       555.1      -100994.0800       -98.9822 18m59s/Msamples
        3437000   -101101.6296       555.2      -100999.1219      -102.5076 18m59s/Msamples
        3438000   -101093.4849       555.9      -100993.9880       -99.4968 18m59s/Msamples
        3439000   -101100.3977       555.9      -101002.4169       -97.9808 18m59s/Msamples
        3440000   -101095.2038       556.3      -100996.8428       -98.3609 18m59s/Msamples
        3441000   -101103.4608       556.5      -101005.9382       -97.5226 18m59s/Msamples
        3442000   -101098.9490       556.7      -101001.1362       -97.8127 18m59s/Msamples
        3443000   -101097.5161       556.8      -100999.0478       -98.4682 18m59s/Msamples
        3444000   -101107.8463       557.2      -101008.5046       -99.3417 18m59s/Msamples
        3445000   -101106.6170       557.5      -101009.9506       -96.6664 18m59s/Msamples
        3446000   -101099.8660       557.7      -101002.0567       -97.8093 18m59s/Msamples
        3447000   -101104.8099       558.0      -101004.0500      -100.7599 18m59s/Msamples
        3448000   -101112.6753       558.8      -101009.1118      -103.5634 19m0s/Msamples
        3449000   -101107.0240       558.6      -101001.2796      -105.7444 18m59s/Msamples
        3450000   -101095.0819       558.8      -100992.1031      -102.9787 19m0s/Msamples
        3451000   -101102.0097       559.0      -100994.2136      -107.7960 19m0s/Msamples
        3452000   -101114.9611       559.8      -101009.8985      -105.0626 19m0s/Msamples
        3453000   -101111.6350       560.1      -101002.4632      -109.1717 19m0s/Msamples
        3454000   -101109.4141       560.3      -101000.9262      -108.4879 18m59s/Msamples
        3455000   -101098.8667       560.6      -100991.7830      -107.0837 18m59s/Msamples
        3456000   -101094.7422       561.2      -100993.7141      -101.0280 18m59s/Msamples
        3457000   -101095.8684       561.7      -100994.1437      -101.7247 19m0s/Msamples
        3458000   -101089.1657       562.6      -100988.6381      -100.5276 18m59s/Msamples
        3459000   -101101.4613       562.5      -100997.6147      -103.8466 18m59s/Msamples
        3460000   -101097.9276       562.8      -100993.0941      -104.8334 18m59s/Msamples
        3461000   -101088.1290       563.7      -100984.7987      -103.3303 18m59s/Msamples
        3462000   -101091.6558       564.3      -100990.2056      -101.4502 18m59s/Msamples
        3463000   -101089.8882       564.7      -100991.2946       -98.5935 18m59s/Msamples
        3464000   -101093.7306       564.9      -100995.6412       -98.0894 18m59s/Msamples
        3465000   -101097.2033       564.9      -100999.5698       -97.6335 18m59s/Msamples
        3466000   -101112.9398       565.9      -101010.2968      -102.6430 18m59s/Msamples
        3467000   -101105.6017       566.3      -101002.1894      -103.4123 18m59s/Msamples
        3468000   -101113.2557       567.4      -101011.3148      -101.9408 18m59s/Msamples
        3469000   -101101.0789       566.3      -100998.7709      -102.3080 18m59s/Msamples
        3470000   -101103.3049       566.5      -100997.0204      -106.2845 18m59s/Msamples
        3471000   -101105.8782       566.9      -100999.0672      -106.8110 18m59s/Msamples
        3472000   -101099.8430       567.0      -100994.1188      -105.7242 18m59s/Msamples
        3473000   -101094.9473       567.0      -100986.9653      -107.9820 18m59s/Msamples
        3474000   -101101.9155       567.2      -100999.1141      -102.8014 18m59s/Msamples
        3475000   -101110.9281       568.1      -101003.8144      -107.1136 18m59s/Msamples
        3476000   -101109.6645       568.7      -101004.6980      -104.9664 18m59s/Msamples
        3477000   -101103.5018       568.9      -100998.3005      -105.2012 19m0s/Msamples
        3478000   -101107.0035       569.2      -101001.4374      -105.5661 19m0s/Msamples
        3479000   -101098.8304       569.1      -100995.3014      -103.5290 19m0s/Msamples
        3480000   -101104.5026       569.3      -100997.6469      -106.8557 19m0s/Msamples
        3481000   -101106.3410       569.4      -100999.3034      -107.0376 19m0s/Msamples
        3482000   -101116.3213       569.4      -101011.1319      -105.1893 19m0s/Msamples
        3483000   -101116.8549       569.0      -101012.9304      -103.9244 19m0s/Msamples
        3484000   -101109.8073       568.6      -101002.6845      -107.1227 19m0s/Msamples
        3485000   -101111.9964       568.0      -101007.2600      -104.7364 19m0s/Msamples
        3486000   -101110.0264       567.6      -101002.5964      -107.4300 19m0s/Msamples
        3487000   -101102.5478       567.7      -100990.6833      -111.8644 19m0s/Msamples
        3488000   -101099.0550       568.1      -100993.7186      -105.3363 19m0s/Msamples
        3489000   -101100.7541       568.0      -100998.0689      -102.6852 19m0s/Msamples
        3490000   -101097.7809       568.5      -100991.8926      -105.8883 19m0s/Msamples
        3491000   -101107.6620       568.3      -100994.6590      -113.0029 19m0s/Msamples
        3492000   -101107.7578       567.9      -100997.0790      -110.6788 19m0s/Msamples
        3493000   -101110.8111       567.4      -101004.2051      -106.6060 19m0s/Msamples
        3494000   -101100.3147       567.7      -100992.1479      -108.1668 19m0s/Msamples
        3495000   -101111.5840       567.2      -101008.1214      -103.4625 19m0s/Msamples
        3496000   -101099.6551       567.6      -100996.0849      -103.5701 19m0s/Msamples
        3497000   -101095.4954       568.4      -100990.8231      -104.6723 19m0s/Msamples
        3498000   -101095.8875       569.2      -100994.5705      -101.3170 19m0s/Msamples
        3499000   -101090.6612       570.5      -100990.5643      -100.0969 19m0s/Msamples
        3500000   -101099.3995       570.8      -100993.0301      -106.3694 19m0s/Msamples
        3501000   -101100.1076       571.1      -100987.9749      -112.1327 19m0s/Msamples
        3502000   -101105.5834       571.2      -100993.5181      -112.0653 19m0s/Msamples
        3503000   -101114.5223       571.5      -101003.8087      -110.7136 19m0s/Msamples
        3504000   -101111.4570       571.7      -101001.3252      -110.1318 19m0s/Msamples
        3505000   -101115.3409       572.0      -101001.7722      -113.5687 19m0s/Msamples
        3506000   -101114.2625       572.1      -101002.4626      -111.7998 19m0s/Msamples
        3507000   -101115.2317       572.0      -101007.6096      -107.6220 19m0s/Msamples
        3508000   -101104.0017       572.0      -100997.1156      -106.8861 19m0s/Msamples
        3509000   -101100.3239       572.2      -100999.7115      -100.6124 19m0s/Msamples
        3510000   -101101.2010       572.4      -100995.3445      -105.8564 19m0s/Msamples
        3511000   -101107.2288       572.3      -100997.7222      -109.5066 19m0s/Msamples
        3512000   -101100.2472       572.6      -100991.6034      -108.6437 18m59s/Msamples
        3513000   -101097.6703       573.0      -100986.8320      -110.8382 18m59s/Msamples
        3514000   -101099.5559       573.3      -100989.1842      -110.3716 18m59s/Msamples
        3515000   -101093.3310       574.1      -100991.0200      -102.3110 18m59s/Msamples
        3516000   -101095.4044       574.6      -100991.0021      -104.4023 18m59s/Msamples
        3517000   -101096.1116       575.1      -100992.4862      -103.6254 18m59s/Msamples
        3518000   -101101.0332       575.3      -100997.3626      -103.6706 18m59s/Msamples
        3519000   -101105.1077       575.1      -101005.2243       -99.8834 18m59s/Msamples
        3520000   -101086.9308       576.7      -100987.2080       -99.7228 18m59s/Msamples
        3521000   -101098.9565       577.0      -100994.7823      -104.1742 18m59s/Msamples
        3522000   -101101.3492       577.2      -100999.3959      -101.9532 18m59s/Msamples
        3523000   -101094.7888       577.5      -100992.4153      -102.3735 18m59s/Msamples
        3524000   -101103.6968       577.7      -101000.5647      -103.1321 18m59s/Msamples
        3525000   -101098.8017       577.9      -100996.3130      -102.4886 18m59s/Msamples
        3526000   -101097.3905       577.9      -100995.4289      -101.9615 18m59s/Msamples
        3527000   -101097.8432       577.9      -100994.6990      -103.1442 18m59s/Msamples
        3528000   -101105.6271       578.3      -101004.7752      -100.8519 18m59s/Msamples
        3529000   -101101.1524       578.3      -100998.7763      -102.3760 18m59s/Msamples
        3530000   -101097.4731       578.2      -100999.5640       -97.9090 18m59s/Msamples
        3531000   -101107.1655       578.9      -101005.4626      -101.7028 18m59s/Msamples
        3532000   -101113.2590       580.0      -101011.4613      -101.7976 18m59s/Msamples
        3533000   -101118.9511       581.7      -101017.3498      -101.6013 18m59s/Msamples
        3534000   -101105.0872       581.9      -101002.3280      -102.7591 18m59s/Msamples
        3535000   -101098.9597       582.1      -100995.5678      -103.3919 18m59s/Msamples
        3536000   -101096.0121       582.4      -100993.0384      -102.9736 18m59s/Msamples
        3537000   -101102.5910       582.6      -101000.2597      -102.3312 18m59s/Msamples
        3538000   -101104.0525       582.8      -101000.0352      -104.0173 18m59s/Msamples
        3539000   -101103.0419       582.0      -101001.0249      -102.0169 18m59s/Msamples
        3540000   -101101.1854       582.1      -101000.3531      -100.8322 18m59s/Msamples
        3541000   -101102.2785       582.3      -101000.4108      -101.8677 18m59s/Msamples
        3542000   -101106.7346       582.4      -101003.1468      -103.5877 18m59s/Msamples
        3543000   -101106.6908       582.5      -101005.8748      -100.8160 18m59s/Msamples
        3544000   -101114.7426       582.6      -101011.5226      -103.2200 18m59s/Msamples
        3545000   -101122.5754       582.6      -101015.3132      -107.2622 18m59s/Msamples
        3546000   -101101.9107       582.7      -100998.9211      -102.9896 18m59s/Msamples
        3547000   -101108.9804       582.4      -101004.7172      -104.2632 18m59s/Msamples
        3548000   -101097.2104       583.0      -100993.9598      -103.2505 18m59s/Msamples
        3549000   -101107.8457       582.3      -101002.4784      -105.3672 18m59s/Msamples
        3550000   -101099.8299       582.6      -101000.2316       -99.5983 18m59s/Msamples
        3551000   -101093.4013       583.6      -100991.6102      -101.7910 18m59s/Msamples
        3552000   -101090.3020       584.7      -100987.6718      -102.6302 18m59s/Msamples
        3553000   -101099.0550       585.0      -100988.3582      -110.6968 18m59s/Msamples
        3554000   -101096.2028       585.5      -100990.9431      -105.2596 18m59s/Msamples
        3555000   -101099.5057       585.7      -100996.1472      -103.3584 18m59s/Msamples
        3556000   -101104.2213       585.9      -100998.5095      -105.7117 18m59s/Msamples
        3557000   -101098.2051       586.2      -100996.6567      -101.5483 18m59s/Msamples
        3558000   -101102.2875       586.3      -100996.9301      -105.3573 18m59s/Msamples
        3559000   -101096.1277       586.0      -100990.5645      -105.5631 18m59s/Msamples
        3560000   -101095.5263       586.4      -100990.9393      -104.5869 18m59s/Msamples
        3561000   -101103.9184       586.6      -100998.1743      -105.7440 18m59s/Msamples
        3562000   -101096.6392       586.9      -100993.5315      -103.1076 18m59s/Msamples
        3563000   -101095.6038       587.0      -100995.2756      -100.3282 18m59s/Msamples
        3564000   -101104.1710       587.4      -101002.4640      -101.7070 18m59s/Msamples
        3565000   -101104.1507       587.7      -101002.7483      -101.4024 18m59s/Msamples
        3566000   -101103.3113       588.0      -101003.1593      -100.1520 18m59s/Msamples
        3567000   -101101.0774       588.1      -100999.4781      -101.5993 18m59s/Msamples
        3568000   -101091.6694       588.0      -100991.4380      -100.2314 18m59s/Msamples
        3569000   -101093.2715       588.2      -100991.4292      -101.8423 18m59s/Msamples
        3570000   -101097.4894       588.1      -100995.5246      -101.9647 18m59s/Msamples
        3571000   -101097.5246       588.1      -100992.0838      -105.4408 18m59s/Msamples
        3572000   -101089.5942       588.0      -100988.8337      -100.7605 18m59s/Msamples
        3573000   -101088.9207       587.8      -100985.7496      -103.1710 18m59s/Msamples
        3574000   -101099.2864       587.8      -100996.2716      -103.0148 18m59s/Msamples
        3575000   -101090.8718       587.4      -100989.2878      -101.5840 18m59s/Msamples
        3576000   -101103.0817       587.8      -101002.0883      -100.9933 18m59s/Msamples
        3577000   -101096.3250       587.6      -100995.9195      -100.4054 18m59s/Msamples
        3578000   -101096.5409       587.4      -100995.2661      -101.2748 18m59s/Msamples
        3579000   -101094.3271       587.2      -100993.4462      -100.8809 18m59s/Msamples
        3580000   -101086.9800       586.5      -100987.1177       -99.8623 18m59s/Msamples
        3581000   -101101.2103       586.7      -100997.4390      -103.7713 18m59s/Msamples
        3582000   -101093.6157       586.2      -100988.8705      -104.7451 18m59s/Msamples
        3583000   -101089.6982       585.4      -100988.5469      -101.1512 18m59s/Msamples
        3584000   -101100.5135       585.4      -100999.0522      -101.4613 18m59s/Msamples
        3585000   -101103.5875       585.9      -100996.7318      -106.8556 18m59s/Msamples
        3586000   -101099.3203       585.8      -100992.2241      -107.0961 18m59s/Msamples
        3587000   -101107.7855       586.8      -100997.6171      -110.1684 18m59s/Msamples
        3588000   -101111.9465       588.4      -101002.1492      -109.7973 18m59s/Msamples
        3589000   -101097.8408       588.4      -100990.7917      -107.0491 18m59s/Msamples
        3590000   -101097.4775       588.3      -100993.3481      -104.1294 19m0s/Msamples
        3591000   -101095.4680       588.1      -100990.4990      -104.9689 19m0s/Msamples
        3592000   -101107.0529       588.8      -100999.7722      -107.2807 19m0s/Msamples
        3593000   -101111.0385       589.8      -101000.9647      -110.0738 19m0s/Msamples
        3594000   -101111.4828       590.6      -100999.7668      -111.7160 19m0s/Msamples
        3595000   -101106.5740       591.0      -100997.0979      -109.4761 19m0s/Msamples
        3596000   -101113.2620       591.8      -101001.2538      -112.0081 19m0s/Msamples
        3597000   -101101.9250       592.0      -100994.6069      -107.3181 19m0s/Msamples
        3598000   -101101.1488       592.2      -100993.3618      -107.7870 19m0s/Msamples
        3599000   -101105.8789       592.0      -101001.7269      -104.1519 19m0s/Msamples
        3600000   -101111.8243       592.2      -101006.7343      -105.0900 19m0s/Msamples
        3601000   -101106.4596       592.2      -101004.1515      -102.3081 19m0s/Msamples
        3602000   -101120.6552       591.9      -101015.9762      -104.6790 19m0s/Msamples
        3603000   -101105.7020       591.7      -101005.6641      -100.0379 19m0s/Msamples
        3604000   -101117.0253       591.0      -101017.4898       -99.5354 19m0s/Msamples
        3605000   -101104.1218       590.9      -101002.5072      -101.6145 19m0s/Msamples
        3606000   -101102.6155       591.0      -101000.4053      -102.2101 19m0s/Msamples
        3607000   -101098.6483       591.5      -100998.4119      -100.2363 19m0s/Msamples
        3608000   -101096.6310       592.3      -100992.1799      -104.4511 19m0s/Msamples
        3609000   -101107.8990       592.7      -101003.2652      -104.6338 19m0s/Msamples
        3610000   -101109.8878       592.1      -101002.2832      -107.6046 19m0s/Msamples
        3611000   -101109.7592       591.4      -101000.4719      -109.2872 19m0s/Msamples
        3612000   -101110.8705       590.7      -101002.2720      -108.5985 19m0s/Msamples
        3613000   -101095.6077       591.7      -100985.6167      -109.9909 19m0s/Msamples
        3614000   -101092.4534       593.1      -100982.6442      -109.8091 19m0s/Msamples
        3615000   -101099.2448       593.5      -100993.4830      -105.7617 19m0s/Msamples
        3616000   -101099.0145       593.9      -100992.4540      -106.5605 19m0s/Msamples
        3617000   -101102.8043       594.0      -100995.4760      -107.3282 19m0s/Msamples
        3618000   -101100.6428       594.2      -100992.3488      -108.2939 19m0s/Msamples
        3619000   -101096.6190       594.9      -100989.5965      -107.0224 19m0s/Msamples
        3620000   -101098.1229       595.3      -100991.8565      -106.2663 19m0s/Msamples
        3621000   -101094.8419       595.7      -100991.9011      -102.9407 19m0s/Msamples
        3622000   -101090.8535       596.3      -100988.9885      -101.8650 19m0s/Msamples
        3623000   -101104.5215       596.6      -101000.8039      -103.7176 19m0s/Msamples
        3624000   -101089.9945       596.9      -100987.5394      -102.4551 19m0s/Msamples
        3625000   -101097.7285       597.0      -100991.7343      -105.9942 19m0s/Msamples
        3626000   -101099.2564       597.1      -100994.9277      -104.3286 19m0s/Msamples
        3627000   -101110.1549       597.7      -101004.4786      -105.6763 19m0s/Msamples
        3628000   -101115.9132       598.9      -101009.7341      -106.1790 19m0s/Msamples
        3629000   -101102.7055       597.7      -100999.2522      -103.4533 19m0s/Msamples
        3630000   -101104.5230       598.0      -101001.0634      -103.4595 19m0s/Msamples
        3631000   -101101.7707       598.2      -101000.4483      -101.3224 19m0s/Msamples
        3632000   -101110.6069       598.8      -101002.5373      -108.0695 19m0s/Msamples
        3633000   -101111.4568       599.4      -101004.1460      -107.3108 19m0s/Msamples
        3634000   -101088.6931       600.1      -100986.1000      -102.5930 19m0s/Msamples
        3635000   -101087.3938       600.6      -100984.7425      -102.6513 19m0s/Msamples
        3636000   -101095.1896       600.8      -100992.4240      -102.7655 19m0s/Msamples
        3637000   -101110.6139       601.5      -101006.5058      -104.1080 19m0s/Msamples
        3638000   -101114.4757       602.3      -101003.9423      -110.5334 19m0s/Msamples
        3639000   -101102.6790       602.3      -100996.7819      -105.8970 19m0s/Msamples
        3640000   -101116.5925       602.9      -101011.1749      -105.4176 19m0s/Msamples
        3641000   -101106.5021       602.8      -101002.1047      -104.3974 19m0s/Msamples
        3642000   -101097.4533       603.3      -100992.8626      -104.5906 19m0s/Msamples
        3643000   -101102.2372       603.5      -100995.9397      -106.2974 19m0s/Msamples
        3644000   -101097.7489       603.9      -100991.8073      -105.9415 19m0s/Msamples
        3645000   -101102.7533       604.0      -100995.0442      -107.7090 19m0s/Msamples
        3646000   -101089.6774       605.0      -100993.0038       -96.6735 19m0s/Msamples
        3647000   -101093.2727       605.4      -100992.6269      -100.6457 19m0s/Msamples
        3648000   -101107.2935       605.7      -101007.5510       -99.7424 19m0s/Msamples
        3649000   -101107.7053       606.2      -101008.0766       -99.6287 19m0s/Msamples
        3650000   -101100.5506       606.4      -100999.2005      -101.3501 19m0s/Msamples
        3651000   -101109.3647       606.7      -101003.0940      -106.2706 19m0s/Msamples
        3652000   -101101.4169       606.9      -101001.1712      -100.2457 19m0s/Msamples
        3653000   -101096.5663       607.2      -100995.7753      -100.7910 19m0s/Msamples
        3654000   -101098.8649       607.5      -101001.1380       -97.7268 19m0s/Msamples
        3655000   -101092.8214       608.2      -100990.6529      -102.1684 19m0s/Msamples
        3656000   -101097.2056       608.4      -100993.6765      -103.5290 19m0s/Msamples
        3657000   -101096.2272       608.5      -100992.2725      -103.9547 19m0s/Msamples
        3658000   -101106.9666       609.0      -101003.3287      -103.6378 19m0s/Msamples
        3659000   -101104.7217       609.3      -101002.3637      -102.3580 19m0s/Msamples
        3660000   -101097.0644       609.3      -100992.9347      -104.1297 19m0s/Msamples
        3661000   -101099.4077       609.5      -100998.4539      -100.9537 19m0s/Msamples
        3662000   -101093.4170       609.5      -100990.5233      -102.8937 19m0s/Msamples
        3663000   -101089.3044       609.6      -100987.9245      -101.3798 19m0s/Msamples
        3664000   -101089.0128       609.5      -100986.5038      -102.5090 19m0s/Msamples
        3665000   -101091.9930       609.4      -100993.6799       -98.3131 19m0s/Msamples
        3666000   -101095.1312       609.3      -100995.6188       -99.5123 19m0s/Msamples
        3667000   -101100.0184       609.4      -100995.3673      -104.6510 19m0s/Msamples
        3668000   -101092.5325       609.1      -100989.8747      -102.6577 19m0s/Msamples
        3669000   -101102.7583       609.0      -100999.5174      -103.2409 19m0s/Msamples
        3670000   -101105.7546       609.7      -101005.6654      -100.0891 19m0s/Msamples
        3671000   -101086.6926       609.1      -100990.6186       -96.0740 19m0s/Msamples
        3672000   -101087.7815       608.3      -100993.1485       -94.6330 19m0s/Msamples
        3673000   -101093.4384       607.7      -100996.9374       -96.5009 19m0s/Msamples
        3674000   -101093.1759       607.1      -100996.4808       -96.6950 19m0s/Msamples
        3675000   -101106.2134       607.9      -101006.9358       -99.2775 19m0s/Msamples
        3676000   -101092.5724       607.3      -100999.2092       -93.3632 19m0s/Msamples
        3677000   -101097.6402       607.0      -101002.6088       -95.0313 19m0s/Msamples
        3678000   -101096.4946       606.6      -101000.9247       -95.5698 19m0s/Msamples
        3679000   -101087.5334       604.5      -100992.0019       -95.5314 19m0s/Msamples
        3680000   -101089.7072       603.3      -100994.4501       -95.2571 19m0s/Msamples
        3681000   -101099.4783       603.2      -101001.5840       -97.8942 19m0s/Msamples
        3682000   -101097.0513       602.8      -101001.1268       -95.9244 19m0s/Msamples
        3683000   -101100.5325       602.9      -101002.4659       -98.0666 19m0s/Msamples
        3684000   -101106.3069       603.7      -101008.7188       -97.5880 19m0s/Msamples
        3685000   -101106.3215       604.4      -101007.8583       -98.4632 19m0s/Msamples
        3686000   -101101.2152       604.6      -101000.0736      -101.1415 19m0s/Msamples
        3687000   -101092.7859       604.2      -100996.5575       -96.2284 19m0s/Msamples
        3688000   -101096.5441       603.9      -100999.0908       -97.4532 19m0s/Msamples
        3689000   -101105.3987       604.6      -101009.2892       -96.1094 19m0s/Msamples
        3690000   -101097.2262       604.4      -100998.2132       -99.0129 19m0s/Msamples
        3691000   -101101.4071       604.6      -100999.8182      -101.5888 19m0s/Msamples
        3692000   -101101.9523       604.8      -101004.0442       -97.9080 19m0s/Msamples
        3693000   -101106.2040       605.3      -101006.2869       -99.9170 19m0s/Msamples
        3694000   -101100.2474       605.4      -100999.5157      -100.7316 19m0s/Msamples
        3695000   -101111.7082       606.4      -101012.8472       -98.8610 19m0s/Msamples
        3696000   -101112.2802       607.2      -101009.9836      -102.2965 19m0s/Msamples
        3697000   -101104.4480       607.5      -101003.0470      -101.4009 19m0s/Msamples
        3698000   -101105.3942       607.7      -101005.9856       -99.4086 19m0s/Msamples
        3699000   -101096.2244       607.7      -100990.9099      -105.3144 19m0s/Msamples
        3700000   -101092.9437       608.2      -100990.2798      -102.6638 19m0s/Msamples
        3701000   -101092.5521       608.7      -100990.0354      -102.5166 19m0s/Msamples
        3702000   -101098.2426       608.9      -100992.3301      -105.9125 19m0s/Msamples
        3703000   -101092.7438       609.3      -100989.0435      -103.7003 19m0s/Msamples
        3704000   -101105.9942       609.6      -101005.0619      -100.9323 19m0s/Msamples
        3705000   -101098.8180       609.8      -100997.4341      -101.3839 19m0s/Msamples
        3706000   -101094.9087       610.0      -100996.1592       -98.7495 19m0s/Msamples
        3707000   -101099.1166       610.2      -100994.1468      -104.9697 19m0s/Msamples
        3708000   -101104.0501       610.4      -101001.1241      -102.9259 19m0s/Msamples
        3709000   -101097.3073       610.0      -100993.9085      -103.3987 19m0s/Msamples
        3710000   -101095.8305       610.2      -100996.1886       -99.6419 19m0s/Msamples
        3711000   -101089.4706       610.5      -100989.7154       -99.7551 19m0s/Msamples
        3712000   -101095.6682       610.5      -100990.6585      -105.0096 19m0s/Msamples
        3713000   -101102.9005       610.8      -100997.0693      -105.8312 19m0s/Msamples
        3714000   -101106.4575       611.3      -101000.9556      -105.5019 19m0s/Msamples
        3715000   -101102.4555       611.5      -100998.5788      -103.8767 19m0s/Msamples
        3716000   -101106.9032       612.2      -101005.4695      -101.4336 19m0s/Msamples
        3717000   -101101.4693       612.3      -100994.6072      -106.8621 19m0s/Msamples
        3718000   -101099.2935       612.4      -100997.2424      -102.0511 19m0s/Msamples
        3719000   -101105.9798       612.5      -100998.8681      -107.1116 19m0s/Msamples
        3720000   -101103.6487       612.7      -101001.7963      -101.8523 19m0s/Msamples
        3721000   -101111.2984       613.5      -101009.1222      -102.1761 19m0s/Msamples
        3722000   -101112.5411       614.0      -101013.1890       -99.3520 19m0s/Msamples
        3723000   -101101.9957       614.2      -101000.2409      -101.7548 19m0s/Msamples
        3724000   -101109.4714       614.6      -101005.7612      -103.7102 19m0s/Msamples
        3725000   -101112.2220       614.8      -101006.1517      -106.0703 19m0s/Msamples
        3726000   -101110.9779       614.9      -101006.9593      -104.0185 19m0s/Msamples
        3727000   -101093.9361       615.6      -100991.1192      -102.8168 19m0s/Msamples
        3728000   -101113.8183       615.6      -101006.1590      -107.6593 19m0s/Msamples
        3729000   -101105.8990       615.2      -101001.9206      -103.9784 19m0s/Msamples
        3730000   -101102.3765       615.3      -101003.5347       -98.8418 19m0s/Msamples
        3731000   -101098.0363       615.8      -100996.6932      -101.3430 19m0s/Msamples
        3732000   -101109.1916       615.5      -101009.7531       -99.4384 19m0s/Msamples
        3733000   -101108.0565       615.3      -101008.2387       -99.8177 19m0s/Msamples
        3734000   -101095.8836       616.1      -100999.4800       -96.4035 19m0s/Msamples
        3735000   -101095.0695       616.9      -100997.2552       -97.8142 19m0s/Msamples
        3736000   -101107.9396       616.7      -101003.1691      -104.7705 19m0s/Msamples
        3737000   -101115.4311       616.2      -101009.9602      -105.4708 19m0s/Msamples
        3738000   -101112.7310       615.7      -101010.6517      -102.0792 19m0s/Msamples
        3739000   -101112.8798       614.8      -101008.2139      -104.6659 19m0s/Msamples
        3740000   -101104.1535       614.8      -101000.3895      -103.7639 19m0s/Msamples
        3741000   -101112.3859       614.2      -101005.1656      -107.2203 19m0s/Msamples
        3742000   -101107.9527       613.8      -101003.2372      -104.7155 19m0s/Msamples
        3743000   -101106.0125       613.6      -101004.8295      -101.1830 19m0s/Msamples
        3744000   -101112.9497       613.0      -101008.6198      -104.3298 19m0s/Msamples
        3745000   -101099.7919       613.4      -100994.7749      -105.0169 19m0s/Msamples
        3746000   -101102.8287       613.4      -100998.4942      -104.3344 19m0s/Msamples
        3747000   -101105.5649       613.3      -101000.2765      -105.2884 19m0s/Msamples
        3748000   -101107.7376       613.0      -101003.6823      -104.0552 19m0s/Msamples
        3749000   -101111.5463       612.1      -101007.0274      -104.5188 19m0s/Msamples
        3750000   -101117.4095       611.1      -101006.8001      -110.6094 19m0s/Msamples
        3751000   -101111.1075       610.4      -101006.1856      -104.9219 19m0s/Msamples
        3752000   -101113.7881       609.4      -101007.0325      -106.7555 19m0s/Msamples
        3753000   -101106.3675       608.9      -101007.3037       -99.0638 19m0s/Msamples
        3754000   -101094.3342       610.4      -100992.7950      -101.5391 19m0s/Msamples
        3755000   -101102.7041       610.4      -101000.7900      -101.9141 19m0s/Msamples
        3756000   -101114.5844       609.3      -101008.2784      -106.3060 19m0s/Msamples
        3757000   -101110.4162       608.6      -101005.1766      -105.2396 19m0s/Msamples
        3758000   -101104.8504       608.4      -101005.9320       -98.9184 19m0s/Msamples
        3759000   -101106.4652       607.2      -101006.0355      -100.4296 19m0s/Msamples
        3760000   -101097.8603       607.9      -101000.0762       -97.7841 19m0s/Msamples
        3761000   -101105.4432       607.7      -101005.2674      -100.1758 19m0s/Msamples
        3762000   -101106.1882       607.4      -101002.9754      -103.2127 19m0s/Msamples
        3763000   -101101.9207       607.6      -101003.1304       -98.7903 19m0s/Msamples
        3764000   -101103.5727       607.5      -101005.2175       -98.3551 19m0s/Msamples
        3765000   -101106.9986       607.2      -101002.0468      -104.9517 19m0s/Msamples
        3766000   -101100.9500       607.5      -100998.6857      -102.2643 19m0s/Msamples
        3767000   -101101.4354       607.7      -101000.5229      -100.9124 19m0s/Msamples
        3768000   -101101.9204       607.8      -100993.5634      -108.3569 19m0s/Msamples
        3769000   -101108.0001       607.5      -100999.9766      -108.0234 19m0s/Msamples
        3770000   -101100.1607       607.8      -100992.0901      -108.0705 19m0s/Msamples
        3771000   -101101.0179       608.0      -100992.0028      -109.0150 19m0s/Msamples
        3772000   -101109.5538       608.0      -101001.9510      -107.6027 19m0s/Msamples
        3773000   -101101.9844       608.1      -100994.4877      -107.4966 19m0s/Msamples
        3774000   -101108.5121       608.0      -101002.2695      -106.2425 19m0s/Msamples
        3775000   -101099.7061       608.3      -100995.4454      -104.2607 19m0s/Msamples
        3776000   -101092.5278       609.1      -100987.9495      -104.5783 19m0s/Msamples
        3777000   -101105.5769       609.2      -101001.9870      -103.5899 19m0s/Msamples
        3778000   -101108.4378       609.3      -101007.0760      -101.3618 19m0s/Msamples
        3779000   -101096.9060       609.3      -100995.0591      -101.8469 19m0s/Msamples
        3780000   -101097.2650       609.6      -100996.1953      -101.0696 19m0s/Msamples
        3781000   -101105.9778       609.8      -101005.7940      -100.1838 19m0s/Msamples
        3782000   -101104.0267       609.9      -101000.3029      -103.7238 19m0s/Msamples
        3783000   -101105.3685       610.0      -100999.4511      -105.9173 19m0s/Msamples
        3784000   -101112.0343       610.2      -101006.1087      -105.9256 19m0s/Msamples
        3785000   -101110.7662       610.3      -101002.5852      -108.1810 19m0s/Msamples
        3786000   -101107.0955       610.3      -101002.3403      -104.7551 19m0s/Msamples
        3787000   -101109.8157       610.2      -101003.7091      -106.1066 19m0s/Msamples
        3788000   -101109.8035       610.2      -101002.0681      -107.7354 19m0s/Msamples
        3789000   -101113.1731       609.7      -101001.9272      -111.2458 19m0s/Msamples
        3790000   -101104.0050       609.7      -100996.6640      -107.3409 19m0s/Msamples
        3791000   -101102.9670       609.8      -100999.5976      -103.3693 19m0s/Msamples
        3792000   -101106.4985       609.7      -101000.7445      -105.7539 19m0s/Msamples
        3793000   -101107.5843       609.5      -101003.0031      -104.5811 19m0s/Msamples
        3794000   -101104.4161       609.5      -101001.3790      -103.0371 19m0s/Msamples
        3795000   -101100.6235       609.8      -100993.8832      -106.7402 19m0s/Msamples
        3796000   -101105.3362       609.7      -100996.9509      -108.3853 19m0s/Msamples
        3797000   -101110.9664       609.3      -101000.2150      -110.7513 19m0s/Msamples
        3798000   -101110.4482       608.8      -101000.2844      -110.1637 19m0s/Msamples
        3799000   -101101.5830       608.9      -100992.9614      -108.6215 19m0s/Msamples
        3800000   -101105.5864       608.7      -100995.3158      -110.2706 19m0s/Msamples
        3801000   -101106.9756       608.3      -101003.5121      -103.4634 19m0s/Msamples
        3802000   -101105.1406       608.2      -101000.7557      -104.3849 19m0s/Msamples
        3803000   -101108.5188       607.7      -101003.4043      -105.1144 19m0s/Msamples
        3804000   -101098.2577       608.3      -100995.7044      -102.5532 19m0s/Msamples
        3805000   -101097.5896       608.9      -100998.0019       -99.5877 19m0s/Msamples
        3806000   -101102.7824       609.0      -100998.6991      -104.0832 19m0s/Msamples
        3807000   -101117.6628       608.7      -101004.8244      -112.8383 19m0s/Msamples
        3808000   -101120.8435       608.4      -101007.6791      -113.1643 19m0s/Msamples
        3809000   -101110.6225       607.7      -100997.5373      -113.0852 19m0s/Msamples
        3810000   -101110.4572       607.1      -101000.5227      -109.9344 19m0s/Msamples
        3811000   -101108.5445       606.7      -101000.0861      -108.4584 19m0s/Msamples
        3812000   -101108.7070       606.3      -101002.1089      -106.5980 19m0s/Msamples
        3813000   -101106.4483       606.0      -100999.8645      -106.5837 19m0s/Msamples
        3814000   -101114.1038       605.1      -101006.5742      -107.5295 19m0s/Msamples
        3815000   -101099.4415       605.6      -100990.5584      -108.8830 19m0s/Msamples
        3816000   -101111.3177       604.9      -101002.3929      -108.9247 19m0s/Msamples
        3817000   -101111.4147       604.2      -100999.4088      -112.0059 19m0s/Msamples
        3818000   -101114.6755       603.2      -101004.8656      -109.8098 19m0s/Msamples
        3819000   -101105.4193       602.6      -100993.8767      -111.5426 19m0s/Msamples
        3820000   -101102.4463       602.7      -100993.1393      -109.3070 19m0s/Msamples
        3821000   -101102.6858       602.7      -100993.2920      -109.3938 19m0s/Msamples
        3822000   -101109.4471       602.1      -101001.1094      -108.3377 19m0s/Msamples
        3823000   -101108.4940       601.5      -101002.4032      -106.0908 19m0s/Msamples
        3824000   -101099.2138       602.0      -100997.3530      -101.8608 19m0s/Msamples
        3825000   -101097.0672       602.9      -100995.3918      -101.6753 19m0s/Msamples
        3826000   -101088.6125       605.1      -100988.8652       -99.7473 19m0s/Msamples
        3827000   -101094.4544       606.1      -100994.3726      -100.0817 19m0s/Msamples
        3828000   -101108.6236       605.9      -101003.1888      -105.4348 19m0s/Msamples
        3829000   -101108.2676       604.9      -101006.1903      -102.0772 19m0s/Msamples
        3830000   -101102.9341       605.0      -101001.0894      -101.8446 19m0s/Msamples
        3831000   -101101.4227       605.2      -100999.6969      -101.7258 19m0s/Msamples
        3832000   -101110.9220       605.1      -101006.6200      -104.3020 19m0s/Msamples
        3833000   -101099.4699       605.4      -101000.0237       -99.4461 19m0s/Msamples
        3834000   -101094.7681       606.0      -100997.7346       -97.0334 19m0s/Msamples
        3835000   -101097.0411       606.4      -100998.6219       -98.4191 19m0s/Msamples
        3836000   -101094.7092       606.8      -100997.2085       -97.5007 19m0s/Msamples
        3837000   -101099.2595       607.0      -101001.7495       -97.5099 19m0s/Msamples
        3838000   -101104.0273       607.2      -101004.2610       -99.7663 19m0s/Msamples
        3839000   -101100.8712       607.2      -101001.9320       -98.9391 19m0s/Msamples
        3840000   -101102.1965       607.4      -101004.9706       -97.2259 19m0s/Msamples
        3841000   -101106.9010       607.7      -101004.3977      -102.5032 19m0s/Msamples
        3842000   -101102.1700       607.9      -101002.4433       -99.7266 19m0s/Msamples
        3843000   -101103.6609       608.2      -101001.3542      -102.3067 19m0s/Msamples
        3844000   -101102.7310       608.3      -101001.1431      -101.5878 19m0s/Msamples
        3845000   -101098.0350       608.6      -100997.7315      -100.3035 19m0s/Msamples
        3846000   -101090.2990       609.2      -100994.1373       -96.1616 19m0s/Msamples
        3847000   -101094.0619       609.4      -100995.3476       -98.7143 19m0s/Msamples
        3848000   -101089.5960       609.6      -100989.4134      -100.1826 19m0s/Msamples
        3849000   -101102.0057       609.6      -101002.1828       -99.8228 19m0s/Msamples
        3850000   -101098.3771       609.7      -100999.0799       -99.2972 19m0s/Msamples
        3851000   -101103.8123       610.0      -101000.5737      -103.2385 19m0s/Msamples
        3852000   -101100.2062       610.1      -100994.6861      -105.5200 19m0s/Msamples
        3853000   -101100.4960       610.3      -101003.1023       -97.3936 19m0s/Msamples
        3854000   -101094.7146       610.3      -100997.4400       -97.2745 19m0s/Msamples
        3855000   -101088.3771       610.4      -100989.5769       -98.8002 19m0s/Msamples
        3856000   -101095.5581       610.3      -100990.8769      -104.6812 19m0s/Msamples
        3857000   -101099.0889       610.3      -100993.9112      -105.1776 19m0s/Msamples
        3858000   -101095.7358       610.2      -100991.6520      -104.0837 19m0s/Msamples
        3859000   -101094.5835       609.9      -100992.2191      -102.3643 19m0s/Msamples
        3860000   -101089.7883       609.4      -100989.1141      -100.6741 19m0s/Msamples
        3861000   -101108.7656       610.4      -101005.8366      -102.9289 19m0s/Msamples
        3862000   -101110.3254       611.6      -101006.3859      -103.9394 19m0s/Msamples
        3863000   -101092.8319       611.2      -100994.1323       -98.6995 19m0s/Msamples
        3864000   -101097.8563       611.1      -100997.1789      -100.6773 19m0s/Msamples
        3865000   -101095.6433       610.9      -100996.5887       -99.0545 19m0s/Msamples
        3866000   -101096.4196       610.7      -100997.5389       -98.8807 19m0s/Msamples
        3867000   -101092.5285       610.4      -100990.8916      -101.6368 19m0s/Msamples
        3868000   -101099.4006       610.4      -100994.2318      -105.1687 19m0s/Msamples
        3869000   -101098.1184       610.2      -100993.4458      -104.6726 19m0s/Msamples
        3870000   -101092.5733       609.8      -100986.9790      -105.5942 19m0s/Msamples
        3871000   -101093.6600       609.4      -100993.5752      -100.0848 19m0s/Msamples
        3872000   -101088.3068       608.6      -100991.0634       -97.2434 19m0s/Msamples
        3873000   -101100.5123       608.7      -100997.1128      -103.3994 19m0s/Msamples
        3874000   -101091.3853       608.1      -100993.2900       -98.0953 19m0s/Msamples
        3875000   -101093.7471       607.7      -100995.3969       -98.3502 19m0s/Msamples
        3876000   -101083.2339       606.8      -100986.1177       -97.1161 19m0s/Msamples
        3877000   -101093.7550       606.2      -100996.9952       -96.7597 19m0s/Msamples
        3878000   -101105.9570       606.9      -101003.0155      -102.9415 19m0s/Msamples
        3879000   -101098.2040       606.6      -100997.1468      -101.0572 19m0s/Msamples
        3880000   -101095.5538       606.2      -100990.9969      -104.5568 19m0s/Msamples
        3881000   -101092.2832       605.4      -100990.8895      -101.3936 19m0s/Msamples
        3882000   -101092.8004       604.6      -100990.7665      -102.0339 19m0s/Msamples
        3883000   -101096.9013       604.2      -100990.4930      -106.4082 19m0s/Msamples
        3884000   -101105.5830       604.9      -101000.6899      -104.8931 19m0s/Msamples
        3885000   -101104.3669       605.5      -101000.7034      -103.6635 19m0s/Msamples
        3886000   -101095.4879       605.1      -100996.5941       -98.8938 19m0s/Msamples
        3887000   -101101.9605       605.3      -100997.4467      -104.5138 19m0s/Msamples
        3888000   -101102.2033       605.5      -100996.2833      -105.9200 19m0s/Msamples
        3889000   -101105.4009       605.9      -101002.1692      -103.2317 19m0s/Msamples
        3890000   -101118.4646       608.3      -101010.7410      -107.7235 19m0s/Msamples
        3891000   -101117.1904       609.9      -101008.8267      -108.3637 19m0s/Msamples
        3892000   -101105.9331       610.3      -100999.5789      -106.3542 19m0s/Msamples
        3893000   -101106.9579       610.7      -101002.4280      -104.5298 19m0s/Msamples
        3894000   -101111.2332       611.2      -101009.3881      -101.8450 19m0s/Msamples
        3895000   -101115.1915       611.5      -101009.1679      -106.0235 19m0s/Msamples
        3896000   -101105.3101       611.5      -101003.4969      -101.8132 19m0s/Msamples
        3897000   -101099.3654       611.8      -101000.2049       -99.1604 19m0s/Msamples
        3898000   -101090.9503       612.8      -100991.4998       -99.4504 19m0s/Msamples
        3899000   -101091.3346       613.5      -100989.7912      -101.5433 19m0s/Msamples
        3900000   -101101.1900       613.7      -101001.9150       -99.2749 19m0s/Msamples
        3901000   -101090.6642       614.7      -100990.2774      -100.3867 19m0s/Msamples
        3902000   -101082.0409       616.7      -100984.5808       -97.4600 19m0s/Msamples
        3903000   -101099.0741       616.9      -100997.5875      -101.4866 19m0s/Msamples
        3904000   -101105.0786       617.1      -100998.6948      -106.3837 19m0s/Msamples
        3905000   -101094.4262       617.5      -100992.5874      -101.8388 19m0s/Msamples
        3906000   -101093.0105       618.0      -100987.0505      -105.9599 19m0s/Msamples
        3907000   -101098.5506       618.2      -100993.4340      -105.1166 19m0s/Msamples
        3908000   -101105.9172       618.5      -101002.2286      -103.6886 19m0s/Msamples
        3909000   -101103.2580       618.5      -100996.6272      -106.6308 19m0s/Msamples
        3910000   -101101.3807       618.7      -100998.5700      -102.8107 19m0s/Msamples
        3911000   -101103.5488       619.0      -100999.0948      -104.4540 19m0s/Msamples
        3912000   -101102.7162       619.2      -100997.5838      -105.1323 19m0s/Msamples
        3913000   -101091.4183       619.1      -100989.1874      -102.2309 19m0s/Msamples
        3914000   -101089.8869       618.7      -100988.0252      -101.8617 19m0s/Msamples
        3915000   -101090.0938       618.2      -100989.9208      -100.1730 19m0s/Msamples
        3916000   -101090.9458       617.5      -100990.7203      -100.2255 19m0s/Msamples
        3917000   -101097.8079       617.4      -100996.1825      -101.6254 19m0s/Msamples
        3918000   -101095.7574       617.1      -100992.8043      -102.9530 19m0s/Msamples
        3919000   -101103.9493       617.3      -101000.7301      -103.2191 19m0s/Msamples
        3920000   -101093.0693       616.9      -100989.5198      -103.5494 19m0s/Msamples
        3921000   -101104.0667       617.3      -100998.4353      -105.6314 19m0s/Msamples
        3922000   -101100.3208       617.4      -100991.1107      -109.2100 19m0s/Msamples
        3923000   -101097.0946       617.3      -100992.0157      -105.0789 19m0s/Msamples
        3924000   -101102.4305       617.5      -100993.8755      -108.5549 19m0s/Msamples
        3925000   -101116.0439       619.1      -101006.1320      -109.9118 19m0s/Msamples
        3926000   -101112.0936       620.0      -101000.7707      -111.3228 19m0s/Msamples
        3927000   -101125.8826       622.6      -101015.4370      -110.4455 19m0s/Msamples
        3928000   -101105.4397       622.8      -100999.0463      -106.3934 19m0s/Msamples
        3929000   -101099.8225       622.6      -100992.0403      -107.7822 19m0s/Msamples
        3930000   -101105.5622       622.9      -100997.1147      -108.4475 19m0s/Msamples
        3931000   -101101.1816       623.0      -100990.5763      -110.6052 19m0s/Msamples
        3932000   -101094.3579       623.4      -100985.0295      -109.3284 19m0s/Msamples
        3933000   -101102.7511       623.5      -100994.2111      -108.5400 19m0s/Msamples
        3934000   -101093.5749       624.1      -100990.1722      -103.4026 19m0s/Msamples
        3935000   -101103.4221       624.2      -101001.8993      -101.5228 19m0s/Msamples
        3936000   -101101.4151       624.4      -101001.9501       -99.4650 19m0s/Msamples
        3937000   -101105.4118       624.5      -101001.1631      -104.2487 19m0s/Msamples
        3938000   -101109.0444       624.5      -101007.6311      -101.4133 19m0s/Msamples
        3939000   -101098.4239       624.7      -100998.9497       -99.4741 19m0s/Msamples
        3940000   -101102.5272       624.8      -100999.7887      -102.7384 19m0s/Msamples
        3941000   -101102.2134       624.9      -101003.0636       -99.1497 19m0s/Msamples
        3942000   -101107.4376       624.9      -101002.7951      -104.6425 19m0s/Msamples
        3943000   -101098.9162       625.2      -100993.7501      -105.1661 19m0s/Msamples
        3944000   -101092.7951       626.0      -100990.9947      -101.8003 19m0s/Msamples
        3945000   -101094.2467       626.5      -100993.3707      -100.8759 19m0s/Msamples
        3946000   -101083.2544       627.3      -100983.7194       -99.5349 19m0s/Msamples
        3947000   -101086.6837       627.5      -100985.9144      -100.7692 19m0s/Msamples
        3948000   -101097.7094       627.5      -100998.9827       -98.7267 19m0s/Msamples
        3949000   -101091.0935       627.0      -100990.0493      -101.0441 19m0s/Msamples
        3950000   -101098.7365       626.9      -100997.1722      -101.5643 19m0s/Msamples
        3951000   -101098.0996       626.9      -100994.6220      -103.4776 19m0s/Msamples
        3952000   -101097.2496       626.8      -100997.4491       -99.8005 19m0s/Msamples
        3953000   -101091.1875       626.6      -100994.5932       -96.5943 19m0s/Msamples
        3954000   -101096.1405       626.4      -100995.5680      -100.5725 19m0s/Msamples
        3955000   -101101.3361       626.6      -100996.6914      -104.6446 19m0s/Msamples
        3956000   -101105.1289       627.1      -101005.3841       -99.7448 19m0s/Msamples
        3957000   -101103.8440       627.5      -101004.5352       -99.3087 19m0s/Msamples
        3958000   -101098.7298       627.4      -100998.5620      -100.1678 19m0s/Msamples
        3959000   -101090.9402       626.8      -100988.6370      -102.3031 19m0s/Msamples
        3960000   -101095.1098       626.4      -100991.1286      -103.9812 19m0s/Msamples
        3961000   -101095.9940       626.0      -100996.7220       -99.2720 19m0s/Msamples
        3962000   -101093.4635       625.4      -100995.6420       -97.8214 19m0s/Msamples
        3963000   -101092.5574       624.7      -100990.3725      -102.1848 19m0s/Msamples
        3964000   -101117.9883       627.6      -101015.1253      -102.8629 19m0s/Msamples
        3965000   -101106.1237       628.2      -101004.5994      -101.5242 19m0s/Msamples
        3966000   -101108.9193       628.9      -101003.7340      -105.1853 19m0s/Msamples
        3967000   -101103.1067       629.2      -100999.9143      -103.1924 19m1s/Msamples
        3968000   -101108.5172       629.8      -101002.5143      -106.0028 19m1s/Msamples
        3969000   -101104.3634       630.0      -100996.7740      -107.5894 19m1s/Msamples
        3970000   -101103.1253       630.2      -100999.4126      -103.7126 19m1s/Msamples
        3971000   -101113.4719       630.9      -101004.0506      -109.4213 19m1s/Msamples
        3972000   -101108.2907       631.1      -101000.0841      -108.2066 19m1s/Msamples
        3973000   -101121.5800       631.8      -101012.6702      -108.9098 19m1s/Msamples
        3974000   -101106.6751       631.8      -100999.3508      -107.3242 19m1s/Msamples
        3975000   -101106.8213       631.8      -100999.6342      -107.1871 19m1s/Msamples
        3976000   -101102.3399       631.9      -100995.1177      -107.2221 19m1s/Msamples
        3977000   -101100.9395       632.1      -100996.8639      -104.0756 19m1s/Msamples
        3978000   -101106.3619       632.1      -100997.0362      -109.3256 19m1s/Msamples
        3979000   -101101.8967       632.0      -100992.1429      -109.7538 19m1s/Msamples
        3980000   -101102.6400       632.1      -100996.9007      -105.7393 19m1s/Msamples
        3981000   -101093.6924       633.2      -100985.5498      -108.1426 19m1s/Msamples
        3982000   -101101.5501       633.4      -100993.5342      -108.0159 19m1s/Msamples
        3983000   -101104.0763       633.4      -100994.9726      -109.1037 19m1s/Msamples
        3984000   -101107.4358       633.2      -101002.5485      -104.8873 19m1s/Msamples
        3985000   -101105.1737       633.2      -101001.8492      -103.3245 19m1s/Msamples
        3986000   -101102.7144       633.2      -101001.7128      -101.0016 19m1s/Msamples
        3987000   -101087.8767       634.9      -100986.7291      -101.1475 19m1s/Msamples
        3988000   -101094.7396       635.5      -100989.0259      -105.7136 19m1s/Msamples
        3989000   -101108.7975       635.3      -101002.6026      -106.1948 19m1s/Msamples
        3990000   -101112.3697       635.3      -101005.2711      -107.0985 19m1s/Msamples
        3991000   -101105.7132       635.4      -101005.4168      -100.2963 19m1s/Msamples
        3992000   -101104.8551       635.5      -101005.1886       -99.6664 19m1s/Msamples
        3993000   -101108.7704       635.6      -101011.8797       -96.8907 19m1s/Msamples
        3994000   -101105.5264       635.8      -101008.7032       -96.8232 19m1s/Msamples
        3995000   -101090.3521       636.6      -100990.2106      -100.1414 19m1s/Msamples
        3996000   -101086.3311       637.6      -100990.5263       -95.8047 19m1s/Msamples
        3997000   -101096.5276       637.8      -101001.5310       -94.9966 19m1s/Msamples
        3998000   -101089.3660       638.3      -100993.8700       -95.4959 19m1s/Msamples
        3999000   -101091.6037       638.3      -100991.2998      -100.3038 19m1s/Msamples
        4000000   -101085.0309       638.7      -100988.7528       -96.2780 19m1s/Msamples
        4001000   -101095.4444       638.7      -100996.1874       -99.2570 19m1s/Msamples
        4002000   -101099.2884       638.7      -100996.6073      -102.6810 19m1s/Msamples
        4003000   -101086.7842       638.5      -100990.4017       -96.3824 19m1s/Msamples
        4004000   -101093.9011       638.2      -100998.7631       -95.1380 19m1s/Msamples
        4005000   -101099.3550       638.2      -101002.9454       -96.4096 19m1s/Msamples
        4006000   -101095.7442       638.0      -100997.5917       -98.1525 19m1s/Msamples
        4007000   -101098.1584       637.9      -100998.8018       -99.3566 19m1s/Msamples
        4008000   -101092.5227       637.5      -100989.9772      -102.5454 19m1s/Msamples
        4009000   -101102.1990       637.5      -100998.7148      -103.4841 19m1s/Msamples
        4010000   -101091.4699       636.7      -100991.1539      -100.3160 19m1s/Msamples
        4011000   -101104.9131       637.3      -100998.9641      -105.9489 19m1s/Msamples
        4012000   -101098.4425       637.1      -100996.5536      -101.8888 19m1s/Msamples
        4013000   -101107.4842       638.2      -101002.4234      -105.0608 19m1s/Msamples
        4014000   -101096.5081       637.8      -100993.9067      -102.6014 19m1s/Msamples
        4015000   -101100.8470       637.9      -100996.0103      -104.8366 19m1s/Msamples
        4016000   -101114.3781       639.9      -101002.5840      -111.7941 19m1s/Msamples
        4017000   -101107.9022       640.7      -101002.6453      -105.2568 19m1s/Msamples
        4018000   -101101.7993       640.9      -100995.4247      -106.3745 19m1s/Msamples
        4019000   -101101.6835       640.9      -100996.5401      -105.1434 19m1s/Msamples
        4020000   -101103.4745       641.2      -100998.8567      -104.6177 19m1s/Msamples
        4021000   -101102.4589       641.4      -100999.7705      -102.6884 19m1s/Msamples
        4022000   -101098.5659       641.5      -100992.8422      -105.7237 19m1s/Msamples
        4023000   -101111.3398       642.1      -101000.9465      -110.3932 19m1s/Msamples
        4024000   -101106.3852       642.3      -100998.8075      -107.5776 19m1s/Msamples
        4025000   -101108.8373       642.5      -101003.5238      -105.3135 19m1s/Msamples
        4026000   -101108.5139       642.6      -101001.5585      -106.9553 19m1s/Msamples
        4027000   -101114.1175       642.7      -101004.3271      -109.7903 19m1s/Msamples
        4028000   -101114.3011       642.6      -101010.3258      -103.9753 19m1s/Msamples
        4029000   -101110.1467       642.1      -101008.7625      -101.3841 19m1s/Msamples
        4030000   -101110.4157       641.7      -101006.9272      -103.4884 19m1s/Msamples
        4031000   -101098.9209       642.1      -100997.9682      -100.9526 19m1s/Msamples
        4032000   -101096.9563       642.8      -100993.7073      -103.2490 19m1s/Msamples
        4033000   -101097.2919       643.4      -100994.0985      -103.1934 19m1s/Msamples
        4034000   -101089.1762       645.1      -100988.6280      -100.5481 19m1s/Msamples
        4035000   -101091.1680       646.1      -100990.7631      -100.4049 19m1s/Msamples
        4036000   -101098.8962       646.4      -100998.9423       -99.9539 19m1s/Msamples
        4037000   -101102.0958       646.6      -100998.0871      -104.0086 19m1s/Msamples
        4038000   -101089.6141       647.6      -100990.0757       -99.5384 19m1s/Msamples
        4039000   -101096.9142       647.8      -100994.9862      -101.9279 19m1s/Msamples
        4040000   -101094.8875       648.2      -100994.0090      -100.8784 19m1s/Msamples
        4041000   -101089.3857       648.9      -100991.1273       -98.2584 19m1s/Msamples
        4042000   -101091.7485       649.2      -100995.3089       -96.4396 19m1s/Msamples
        4043000   -101083.3531       649.7      -100985.2915       -98.0616 19m1s/Msamples
        4044000   -101095.8425       649.7      -100998.7368       -97.1057 19m1s/Msamples
        4045000   -101092.3371       649.4      -100997.4988       -94.8382 19m1s/Msamples
        4046000   -101098.1060       649.3      -101003.4352       -94.6708 19m1s/Msamples
        4047000   -101090.4902       648.5      -100994.9043       -95.5859 19m1s/Msamples
        4048000   -101087.7891       647.2      -100989.8171       -97.9720 19m1s/Msamples
        4049000   -101097.8554       646.7      -100999.2008       -98.6546 19m1s/Msamples
        4050000   -101099.9264       646.6      -100996.1295      -103.7968 19m1s/Msamples
        4051000   -101099.6736       646.5      -100994.7100      -104.9636 19m1s/Msamples
        4052000   -101097.5745       646.1      -100992.1804      -105.3941 19m1s/Msamples
        4053000   -101105.6620       647.0      -101002.6553      -103.0067 19m1s/Msamples
        4054000   -101114.2957       649.2      -101009.8771      -104.4185 19m1s/Msamples
        4055000   -101100.2257       649.2      -100994.7145      -105.5112 19m1s/Msamples
        4056000   -101112.2885       650.7      -101008.6223      -103.6662 19m1s/Msamples
        4057000   -101103.9512       651.1      -101002.0785      -101.8727 19m1s/Msamples
        4058000   -101104.2419       651.4      -101002.8645      -101.3774 19m1s/Msamples
        4059000   -101108.7225       651.9      -101004.6861      -104.0363 19m1s/Msamples
        4060000   -101118.7667       653.2      -101011.3482      -107.4185 19m1s/Msamples
        4061000   -101113.8812       653.6      -101011.1260      -102.7551 19m1s/Msamples
        4062000   -101110.6893       653.7      -101008.3288      -102.3605 19m1s/Msamples
        4063000   -101105.5378       653.8      -101002.7108      -102.8269 19m1s/Msamples
        4064000   -101103.6069       653.8      -101005.2879       -98.3189 19m1s/Msamples
        4065000   -101110.2000       653.5      -101009.3832      -100.8167 19m1s/Msamples
        4066000   -101104.3308       653.5      -101000.8472      -103.4836 19m1s/Msamples
        4067000   -101100.6268       653.7      -100998.0616      -102.5652 19m1s/Msamples
        4068000   -101102.3281       653.8      -101002.7451       -99.5830 19m1s/Msamples
        4069000   -101106.9086       653.2      -101003.4956      -103.4129 19m1s/Msamples
        4070000   -101097.8117       653.8      -100997.3779      -100.4338 19m1s/Msamples
        4071000   -101099.1647       654.2      -100998.8709      -100.2938 19m1s/Msamples
        4072000   -101106.9351       654.0      -101008.2223       -98.7127 19m1s/Msamples
        4073000   -101103.3519       654.1      -101002.0272      -101.3247 19m1s/Msamples
        4074000   -101095.8796       654.8      -100998.2016       -97.6779 19m1s/Msamples
        4075000   -101097.7843       655.3      -101000.2706       -97.5136 19m1s/Msamples
        4076000   -101093.0503       656.1      -100998.3213       -94.7289 19m1s/Msamples
        4077000   -101089.5820       657.1      -100993.7637       -95.8183 19m1s/Msamples
        4078000   -101089.5822       657.6      -100990.2353       -99.3469 19m1s/Msamples
        4079000   -101090.7187       657.7      -100994.6840       -96.0346 19m1s/Msamples
        4080000   -101094.4164       657.7      -100997.6149       -96.8014 19m1s/Msamples
        4081000   -101098.9809       657.8      -100997.8582      -101.1227 19m1s/Msamples
        4082000   -101106.6806       658.4      -101003.9721      -102.7085 19m1s/Msamples
        4083000   -101098.6242       658.4      -100997.5993      -101.0248 19m1s/Msamples
        4084000   -101101.6572       658.6      -101000.9227      -100.7345 19m1s/Msamples
        4085000   -101104.7962       659.0      -101005.0088       -99.7874 19m1s/Msamples
        4086000   -101103.5109       659.3      -100998.4184      -105.0925 19m1s/Msamples
        4087000   -101098.3150       659.3      -100997.3054      -101.0096 19m1s/Msamples
        4088000   -101097.2103       659.3      -100998.5145       -98.6957 19m1s/Msamples
        4089000   -101099.2708       659.1      -100999.5890       -99.6817 19m1s/Msamples
        4090000   -101103.6216       659.5      -101004.7980       -98.8236 19m1s/Msamples
        4091000   -101095.8678       659.4      -100995.6838      -100.1839 19m1s/Msamples
        4092000   -101095.5996       659.2      -100994.8665      -100.7331 19m1s/Msamples
        4093000   -101098.2341       659.2      -100991.9831      -106.2509 19m1s/Msamples
        4094000   -101098.9413       659.3      -100994.5260      -104.4152 19m1s/Msamples
        4095000   -101099.7746       659.4      -100991.5915      -108.1830 19m1s/Msamples
        4096000   -101109.4189       660.0      -101002.2847      -107.1342 19m1s/Msamples
        4097000   -101106.8609       660.3      -101002.1701      -104.6907 19m1s/Msamples
        4098000   -101097.4847       660.5      -100991.3520      -106.1327 19m1s/Msamples
        4099000   -101095.6116       660.5      -100996.4004       -99.2112 19m1s/Msamples
        4100000   -101106.4834       660.9      -101003.4480      -103.0354 19m1s/Msamples
        4101000   -101108.8068       661.3      -101006.4828      -102.3239 19m1s/Msamples
        4102000   -101085.0692       662.0      -100983.5544      -101.5148 19m1s/Msamples
        4103000   -101097.4106       662.1      -100996.4836      -100.9269 19m1s/Msamples
        4104000   -101114.2225       663.1      -101005.6928      -108.5296 19m1s/Msamples
        4105000   -101113.7654       663.8      -101008.5310      -105.2343 19m1s/Msamples
        4106000   -101102.9280       664.0      -100997.1930      -105.7349 19m1s/Msamples
        4107000   -101103.8282       664.2      -100999.8281      -104.0001 19m1s/Msamples
        4108000   -101118.7456       665.0      -101012.5809      -106.1646 19m1s/Msamples
        4109000   -101127.3564       665.8      -101018.7056      -108.6507 19m1s/Msamples
        4110000   -101111.8925       665.5      -101003.1359      -108.7566 19m1s/Msamples
        4111000   -101101.2009       665.7      -100993.0048      -108.1960 19m1s/Msamples
        4112000   -101107.8187       665.5      -100994.4430      -113.3757 19m1s/Msamples
        4113000   -101103.7345       665.5      -100995.3627      -108.3717 19m1s/Msamples
        4114000   -101094.6379       666.4      -100985.3973      -109.2405 19m1s/Msamples
        4115000   -101109.1469       666.1      -100995.7820      -113.3649 19m1s/Msamples
        4116000   -101115.0964       665.5      -101004.2226      -110.8737 19m1s/Msamples
        4117000   -101117.2447       664.7      -101007.2461      -109.9986 19m1s/Msamples
        4118000   -101104.3806       664.6      -100998.7209      -105.6597 19m1s/Msamples
        4119000   -101097.6566       665.2      -100988.9490      -108.7076 19m1s/Msamples
        4120000   -101107.4333       664.7      -101003.7849      -103.6483 19m1s/Msamples
        4121000   -101110.8062       664.0      -101005.3327      -105.4734 19m1s/Msamples
        4122000   -101115.2985       663.0      -101010.8311      -104.4674 19m1s/Msamples
        4123000   -101106.0738       662.6      -101005.2701      -100.8037 19m1s/Msamples
        4124000   -101105.9376       662.2      -101006.6968       -99.2408 19m1s/Msamples
        4125000   -101099.6144       662.7      -100994.6334      -104.9810 19m1s/Msamples
        4126000   -101103.9572       662.6      -100997.0615      -106.8957 19m1s/Msamples
        4127000   -101104.3032       662.6      -100998.8017      -105.5014 19m1s/Msamples
        4128000   -101103.6804       662.6      -100998.1107      -105.5696 19m1s/Msamples
        4129000   -101104.8598       662.4      -101000.8496      -104.0102 19m1s/Msamples
        4130000   -101101.6613       662.6      -100999.9726      -101.6887 19m1s/Msamples
        4131000   -101095.2680       663.5      -100995.3950       -99.8729 19m1s/Msamples
        4132000   -101100.4438       663.7      -100996.5920      -103.8518 19m1s/Msamples
        4133000   -101098.4352       664.1      -100999.3190       -99.1161 19m1s/Msamples
        4134000   -101104.3289       664.2      -101000.6715      -103.6574 19m1s/Msamples
        4135000   -101098.5620       664.5      -100996.3752      -102.1868 19m1s/Msamples
        4136000   -101092.1740       665.3      -100990.6933      -101.4807 19m1s/Msamples
        4137000   -101102.2713       665.5      -100994.1509      -108.1204 19m1s/Msamples
        4138000   -101099.2192       665.7      -100992.7901      -106.4290 19m1s/Msamples
        4139000   -101100.6579       665.7      -100996.4660      -104.1919 19m1s/Msamples
        4140000   -101109.8984       666.2      -101000.6322      -109.2662 19m1s/Msamples
        4141000   -101098.7166       666.3      -100994.0044      -104.7122 19m1s/Msamples
        4142000   -101096.1629       666.6      -100992.8433      -103.3195 19m1s/Msamples
        4143000   -101110.8920       667.1      -101004.5246      -106.3674 19m1s/Msamples
        4144000   -101113.9687       667.8      -101006.4665      -107.5022 19m1s/Msamples
        4145000   -101104.6739       668.0      -100998.7102      -105.9637 19m1s/Msamples
        4146000   -101097.8839       668.2      -100997.8182      -100.0656 19m1s/Msamples
        4147000   -101101.3958       668.4      -101002.3616       -99.0342 19m1s/Msamples
        4148000   -101107.4514       668.6      -101008.3814       -99.0699 19m1s/Msamples
        4149000   -101099.5396       668.6      -100997.8602      -101.6793 19m2s/Msamples
        4150000   -101107.8905       668.8      -101005.9542      -101.9362 19m2s/Msamples
        4151000   -101098.0501       669.1      -100997.9439      -100.1061 19m2s/Msamples
        4152000   -101091.4863       669.7      -100992.5489       -98.9374 19m2s/Msamples
        4153000   -101092.8470       670.2      -100994.0227       -98.8243 19m2s/Msamples
        4154000   -101090.0689       670.8      -100997.5212       -92.5476 19m2s/Msamples
        4155000   -101088.9928       671.4      -100998.5946       -90.3981 19m2s/Msamples
        4156000   -101088.8630       671.7      -100993.0977       -95.7652 19m2s/Msamples
        4157000   -101107.5847       672.2      -101009.3170       -98.2677 19m2s/Msamples
        4158000   -101098.4295       672.4      -101004.0329       -94.3966 19m2s/Msamples
        4159000   -101098.8056       671.4      -101001.1065       -97.6991 19m2s/Msamples
        4160000   -101106.7284       671.9      -101006.7514       -99.9770 19m2s/Msamples
        4161000   -101095.9381       671.9      -100995.4029      -100.5351 19m2s/Msamples
        4162000   -101091.4487       671.7      -100991.1407      -100.3079 19m2s/Msamples
        4163000   -101103.2766       672.0      -101003.0806      -100.1960 19m2s/Msamples
        4164000   -101101.4752       672.2      -101000.3379      -101.1372 19m2s/Msamples
        4165000   -101102.1285       672.4      -101001.4129      -100.7156 19m2s/Msamples
        4166000   -101093.8890       672.2      -100997.6288       -96.2602 19m2s/Msamples
        4167000   -101081.0810       671.7      -100985.6456       -95.4353 19m2s/Msamples
        4168000   -101095.7418       671.4      -101001.3570       -94.3848 19m2s/Msamples
        4169000   -101093.7610       670.7      -100998.5235       -95.2375 19m2s/Msamples
        4170000   -101091.3561       670.2      -100993.2486       -98.1075 19m2s/Msamples
        4171000   -101101.3435       670.3      -100999.6937      -101.6498 19m2s/Msamples
        4172000   -101095.3400       670.1      -100993.3735      -101.9665 19m2s/Msamples
        4173000   -101093.3099       669.8      -100990.0931      -103.2167 19m2s/Msamples
        4174000   -101092.5666       669.4      -100992.0935      -100.4731 19m2s/Msamples
        4175000   -101097.6876       669.2      -100993.0560      -104.6316 19m2s/Msamples
        4176000   -101107.7995       670.1      -100998.8153      -108.9842 19m2s/Msamples
        4177000   -101099.8839       670.1      -100995.0482      -104.8356 19m2s/Msamples
        4178000   -101102.9267       670.4      -100998.3917      -104.5350 19m2s/Msamples
        4179000   -101111.3465       671.1      -101005.0427      -106.3038 19m2s/Msamples
        4180000   -101094.5235       670.9      -100991.6723      -102.8511 19m2s/Msamples
        4181000   -101098.1772       670.9      -100995.6969      -102.4803 19m2s/Msamples
        4182000   -101099.8399       670.9      -101002.2257       -97.6141 19m2s/Msamples
        4183000   -101096.0222       670.8      -100993.8880      -102.1341 19m2s/Msamples
        4184000   -101100.5863       670.9      -100995.7880      -104.7983 19m2s/Msamples
        4185000   -101104.8368       671.3      -100996.7839      -108.0528 19m2s/Msamples
        4186000   -101108.4728       671.8      -100996.7436      -111.7291 19m2s/Msamples
        4187000   -101101.0557       672.0      -100989.5326      -111.5231 19m2s/Msamples
        4188000   -101101.8198       672.2      -100989.6643      -112.1555 19m2s/Msamples
        4189000   -101103.9007       672.3      -100990.5053      -113.3953 19m2s/Msamples
        4190000   -101119.1909       673.3      -101007.0576      -112.1333 19m2s/Msamples
        4191000   -101112.4951       673.5      -101000.6243      -111.8707 19m2s/Msamples
        4192000   -101109.9367       673.5      -100998.1019      -111.8348 19m2s/Msamples
        4193000   -101117.2451       673.6      -101007.0441      -110.2010 19m2s/Msamples
        4194000   -101112.1569       673.4      -100998.1616      -113.9953 19m2s/Msamples
        4195000   -101115.7060       673.1      -101003.5891      -112.1168 19m2s/Msamples
        4196000   -101110.6772       672.8      -101000.0266      -110.6505 19m2s/Msamples
        4197000   -101114.3603       672.1      -101005.8047      -108.5555 19m2s/Msamples
        4198000   -101106.3642       671.8      -100994.7100      -111.6541 19m2s/Msamples
        4199000   -101097.8436       672.3      -100990.3947      -107.4489 19m2s/Msamples
        4200000   -101101.3988       672.5      -100998.5489      -102.8498 19m2s/Msamples
        4201000   -101109.2227       671.9      -101007.8763      -101.3464 19m2s/Msamples
        4202000   -101086.4328       674.6      -100986.9031       -99.5297 19m2s/Msamples
        4203000   -101092.5958       676.0      -100991.7348      -100.8609 19m2s/Msamples
        4204000   -101089.4395       677.7      -100990.5889       -98.8506 19m2s/Msamples
        4205000   -101091.1534       679.0      -100993.6352       -97.5182 19m2s/Msamples
        4206000   -101098.9607       679.4      -101003.6373       -95.3234 19m2s/Msamples
        4207000   -101108.0219       679.4      -101014.1191       -93.9028 19m2s/Msamples
        4208000   -101105.3425       679.4      -101008.5580       -96.7845 19m2s/Msamples
        4209000   -101100.7570       679.5      -101005.5970       -95.1600 19m2s/Msamples
        4210000   -101096.7522       679.8      -101006.1080       -90.6441 19m2s/Msamples
        4211000   -101088.2053       680.4      -100995.1771       -93.0282 19m2s/Msamples
        4212000   -101098.7552       680.5      -101003.4611       -95.2940 19m2s/Msamples
        4213000   -101089.9498       680.5      -100995.5473       -94.4025 19m2s/Msamples
        4214000   -101100.4156       680.6      -101010.5795       -89.8361 19m2s/Msamples
        4215000   -101085.0053       680.2      -100994.4806       -90.5246 19m2s/Msamples
        4216000   -101092.3555       679.7      -100997.5647       -94.7908 19m2s/Msamples
        4217000   -101098.6420       679.6      -100998.5234      -100.1185 19m2s/Msamples
        4218000   -101104.6166       680.2      -101009.8049       -94.8117 19m2s/Msamples
        4219000   -101089.9178       679.2      -100995.4523       -94.4655 19m2s/Msamples
        4220000   -101091.8934       678.7      -100999.5222       -92.3712 19m2s/Msamples
        4221000   -101099.6466       678.7      -101001.4908       -98.1558 19m2s/Msamples
        4222000   -101095.1043       678.4      -100995.5825       -99.5217 19m2s/Msamples
        4223000   -101098.9519       678.4      -101002.3706       -96.5812 19m2s/Msamples
        4224000   -101086.7669       677.7      -100994.2714       -92.4955 19m2s/Msamples
        4225000   -101093.7531       677.1      -101001.2204       -92.5327 19m2s/Msamples
        4226000   -101101.0985       677.2      -101006.0592       -95.0393 19m2s/Msamples
        4227000   -101108.1944       678.3      -101015.0774       -93.1169 19m2s/Msamples
        4228000   -101099.2008       678.2      -101002.6665       -96.5343 19m2s/Msamples
        4229000   -101123.8634       681.8      -101027.7169       -96.1464 19m2s/Msamples
        4230000   -101109.0794       682.6      -101010.0704       -99.0090 19m2s/Msamples
        4231000   -101093.3687       682.5      -100995.9163       -97.4524 19m2s/Msamples
        4232000   -101101.7984       682.7      -101005.1983       -96.6000 19m2s/Msamples
        4233000   -101104.3236       683.0      -101008.7756       -95.5480 19m2s/Msamples
        4234000   -101102.7046       683.2      -101005.8849       -96.8196 19m2s/Msamples
        4235000   -101105.2500       683.5      -101006.9311       -98.3188 19m2s/Msamples
        4236000   -101096.1126       683.7      -100999.0274       -97.0851 19m2s/Msamples
        4237000   -101095.7418       683.9      -100997.8947       -97.8470 19m2s/Msamples
        4238000   -101088.5429       684.4      -100990.9175       -97.6254 19m2s/Msamples
        4239000   -101088.6283       684.4      -100992.4175       -96.2108 19m2s/Msamples
        4240000   -101089.9935       684.6      -100987.8069      -102.1865 19m2s/Msamples
        4241000   -101097.5745       684.7      -100996.0021      -101.5724 19m2s/Msamples
        4242000   -101104.2371       685.0      -101003.4445      -100.7925 19m2s/Msamples
        4243000   -101094.3086       685.2      -100992.5990      -101.7096 19m2s/Msamples
        4244000   -101097.2749       685.3      -100997.5740       -99.7008 19m2s/Msamples
        4245000   -101100.2979       685.4      -100997.5450      -102.7528 19m2s/Msamples
        4246000   -101099.2150       685.4      -100999.6242       -99.5907 19m2s/Msamples
        4247000   -101099.6518       685.5      -100995.1181      -104.5337 19m2s/Msamples
        4248000   -101113.5647       686.8      -101007.1879      -106.3768 19m2s/Msamples
        4249000   -101110.3600       687.5      -101002.5039      -107.8560 19m2s/Msamples
        4250000   -101109.5656       688.2      -101001.4826      -108.0830 19m2s/Msamples
        4251000   -101103.3186       688.5      -100995.2186      -108.0999 19m2s/Msamples
        4252000   -101104.2691       688.8      -101000.1554      -104.1136 19m2s/Msamples
        4253000   -101108.0047       689.3      -100998.3470      -109.6577 19m2s/Msamples
        4254000   -101107.0682       689.6      -101004.1767      -102.8915 19m2s/Msamples
        4255000   -101097.9986       689.9      -100995.1972      -102.8014 19m2s/Msamples
        4256000   -101099.5928       690.1      -100993.0078      -106.5849 19m2s/Msamples
        4257000   -101099.5825       690.3      -100995.9727      -103.6098 19m2s/Msamples
        4258000   -101099.5356       690.6      -100996.6664      -102.8691 19m2s/Msamples
        4259000   -101111.7638       690.5      -101007.9351      -103.8287 19m2s/Msamples
        4260000   -101089.9633       691.5      -100991.4811       -98.4821 19m2s/Msamples
        4261000   -101092.3807       692.2      -100994.1664       -98.2143 19m2s/Msamples
        4262000   -101099.6645       692.4      -100999.3426      -100.3218 19m2s/Msamples
        4263000   -101110.5340       692.6      -101004.1239      -106.4100 19m2s/Msamples
        4264000   -101106.6689       692.6      -101000.8051      -105.8637 19m2s/Msamples
        4265000   -101094.7508       693.1      -100996.5997       -98.1510 19m2s/Msamples
        4266000   -101097.5214       693.4      -100998.8830       -98.6384 19m2s/Msamples
        4267000   -101101.1904       693.6      -101000.1337      -101.0567 19m2s/Msamples
        4268000   -101095.1575       693.8      -100994.1595      -100.9979 19m2s/Msamples
        4269000   -101087.1690       693.4      -100990.3270       -96.8420 19m2s/Msamples
        4270000   -101098.3813       693.5      -100992.0400      -106.3412 19m2s/Msamples
        4271000   -101104.2979       693.9      -100996.6252      -107.6726 19m2s/Msamples
        4272000   -101101.7941       694.1      -100995.1501      -106.6440 19m2s/Msamples
        4273000   -101094.9268       694.1      -100989.5520      -105.3747 19m2s/Msamples
        4274000   -101088.8549       694.1      -100990.2507       -98.6042 19m2s/Msamples
        4275000   -101089.2523       694.0      -100988.7937      -100.4585 19m2s/Msamples
        4276000   -101091.5908       693.6      -100990.2497      -101.3411 19m2s/Msamples
        4277000   -101101.8807       693.8      -100995.0800      -106.8007 19m2s/Msamples
        4278000   -101110.8428       694.9      -101006.0135      -104.8292 19m2s/Msamples
        4279000   -101100.5756       694.8      -100996.8336      -103.7419 19m2s/Msamples
        4280000   -101099.7754       694.8      -100997.9049      -101.8704 19m2s/Msamples
        4281000   -101098.9957       694.8      -100995.3016      -103.6941 19m2s/Msamples
        4282000   -101100.3786       694.9      -100994.3557      -106.0229 19m2s/Msamples
        4283000   -101107.0441       695.6      -101000.6504      -106.3936 19m2s/Msamples
        4284000   -101098.9365       695.6      -100994.1507      -104.7858 19m2s/Msamples
        4285000   -101101.0140       695.7      -100994.4564      -106.5575 19m2s/Msamples
        4286000   -101108.0643       696.3      -100998.6264      -109.4379 19m2s/Msamples
        4287000   -101108.7598       696.8      -101001.5878      -107.1719 19m2s/Msamples
        4288000   -101097.9041       697.0      -100995.3002      -102.6038 19m2s/Msamples
        4289000   -101104.0831       697.1      -101002.0295      -102.0535 19m2s/Msamples
        4290000   -101087.0242       697.5      -100989.3452       -97.6790 19m2s/Msamples
        4291000   -101089.6231       697.8      -100984.2647      -105.3584 19m2s/Msamples
        4292000   -101106.0456       698.1      -100998.7257      -107.3199 19m2s/Msamples
        4293000   -101099.8676       698.3      -100993.6649      -106.2027 19m2s/Msamples
        4294000   -101102.8432       698.5      -100997.0370      -105.8062 19m2s/Msamples
        4295000   -101109.9429       699.0      -101005.4514      -104.4914 19m2s/Msamples
        4296000   -101100.4547       699.2      -100997.7099      -102.7447 19m2s/Msamples
        4297000   -101103.7398       699.4      -101002.1558      -101.5839 19m2s/Msamples
        4298000   -101105.0446       699.6      -101003.1112      -101.9333 19m2s/Msamples
        4299000   -101098.4406       699.5      -100996.1128      -102.3277 19m2s/Msamples
        4300000   -101097.2578       699.7      -100995.0110      -102.2468 19m2s/Msamples
        4301000   -101112.2037       700.2      -101006.3690      -105.8347 19m2s/Msamples
        4302000   -101117.0518       700.9      -101015.5133      -101.5385 19m2s/Msamples
        4303000   -101104.3833       701.1      -101000.3058      -104.0775 19m2s/Msamples
        4304000   -101107.2350       701.2      -101003.4206      -103.8144 19m2s/Msamples
        4305000   -101099.7376       701.5      -100997.6549      -102.0826 19m2s/Msamples
        4306000   -101108.4835       701.7      -101002.2513      -106.2321 19m2s/Msamples
        4307000   -101089.7122       702.7      -100988.2934      -101.4188 19m2s/Msamples
        4308000   -101096.0936       703.2      -100995.0555      -101.0380 19m2s/Msamples
        4309000   -101092.8767       703.6      -100991.3481      -101.5286 19m2s/Msamples
        4310000   -101101.5499       703.8      -101000.1006      -101.4492 19m2s/Msamples
        4311000   -101105.9053       703.9      -101000.6249      -105.2803 19m2s/Msamples
        4312000   -101102.9084       704.1      -100996.9064      -106.0019 19m2s/Msamples
        4313000   -101096.7064       704.4      -100992.6520      -104.0544 19m2s/Msamples
        4314000   -101100.8453       704.6      -100994.0075      -106.8377 19m2s/Msamples
        4315000   -101100.5697       704.8      -100993.2161      -107.3536 19m2s/Msamples
        4316000   -101112.4632       705.2      -101009.5445      -102.9187 19m2s/Msamples
        4317000   -101113.0805       705.4      -101005.2110      -107.8694 19m2s/Msamples
        4318000   -101102.3390       705.6      -101000.6173      -101.7217 19m2s/Msamples
        4319000   -101104.3455       705.3      -101002.1213      -102.2242 19m2s/Msamples
        4320000   -101099.0305       705.5      -100997.9610      -101.0695 19m2s/Msamples
        4321000   -101098.6916       705.7      -101000.3670       -98.3245 19m2s/Msamples
        4322000   -101096.8171       706.0      -100996.7628      -100.0543 19m2s/Msamples
        4323000   -101103.8813       706.2      -100999.8147      -104.0665 19m2s/Msamples
        4324000   -101096.6552       706.4      -100992.4060      -104.2491 19m2s/Msamples
        4325000   -101102.0166       706.6      -100996.0604      -105.9561 19m2s/Msamples
        4326000   -101102.9304       706.8      -100992.8717      -110.0587 19m2s/Msamples
        4327000   -101097.8319       707.1      -100989.9704      -107.8615 19m2s/Msamples
        4328000   -101109.6075       707.4      -100999.9498      -109.6577 19m2s/Msamples
        4329000   -101109.9886       707.6      -101001.6095      -108.3791 19m2s/Msamples
        4330000   -101109.4960       707.7      -101002.9059      -106.5901 19m2s/Msamples
        4331000   -101093.0064       708.4      -100991.2673      -101.7390 19m2s/Msamples
        4332000   -101106.1926       708.5      -101001.7717      -104.4208 19m2s/Msamples
        4333000   -101097.1012       708.8      -100992.3805      -104.7206 19m2s/Msamples
        4334000   -101096.7215       709.1      -100991.9391      -104.7824 19m2s/Msamples
        4335000   -101103.6137       709.3      -100994.8733      -108.7403 19m2s/Msamples
        4336000   -101116.6734       710.1      -101007.0255      -109.6479 19m2s/Msamples
        4337000   -101101.0237       710.3      -100997.1473      -103.8763 19m2s/Msamples
        4338000   -101102.5006       710.4      -100997.7887      -104.7119 19m2s/Msamples
        4339000   -101091.4832       710.9      -100991.2043      -100.2789 19m2s/Msamples
        4340000   -101087.3936       711.8      -100985.3879      -102.0056 19m2s/Msamples
        4341000   -101099.3950       712.0      -100990.1422      -109.2527 19m2s/Msamples
        4342000   -101093.7073       712.4      -100990.7545      -102.9528 19m2s/Msamples
        4343000   -101094.5354       712.6      -100991.3996      -103.1358 19m2s/Msamples
        4344000   -101096.1998       712.8      -100991.2893      -104.9105 19m2s/Msamples
        4345000   -101086.0804       713.1      -100980.5633      -105.5170 19m2s/Msamples
        4346000   -101103.5386       713.4      -100994.3802      -109.1584 19m2s/Msamples
        4347000   -101104.4479       713.8      -100998.2520      -106.1958 19m2s/Msamples
        4348000   -101102.4467       714.1      -100999.0417      -103.4049 19m2s/Msamples
        4349000   -101108.5533       714.4      -101008.6203       -99.9330 19m2s/Msamples
        4350000   -101117.9186       716.0      -101009.4626      -108.4560 19m2s/Msamples
        4351000   -101112.4736       716.7      -101009.2375      -103.2361 19m2s/Msamples
        4352000   -101097.9571       716.9      -100994.2956      -103.6614 19m2s/Msamples
        4353000   -101097.1315       717.0      -100990.3774      -106.7541 19m2s/Msamples
        4354000   -101096.6390       717.0      -100995.2935      -101.3454 19m3s/Msamples
        4355000   -101103.5191       717.3      -101003.1434      -100.3757 19m3s/Msamples
        4356000   -101113.0333       718.2      -101008.2497      -104.7836 19m3s/Msamples
        4357000   -101105.8815       718.4      -101004.0687      -101.8127 19m3s/Msamples
        4358000   -101106.5670       718.6      -100997.9723      -108.5947 19m3s/Msamples
        4359000   -101103.8321       718.3      -101002.1999      -101.6321 19m3s/Msamples
        4360000   -101095.7282       718.8      -100997.7251       -98.0030 19m3s/Msamples
        4361000   -101092.9040       719.5      -100992.7198      -100.1842 19m3s/Msamples
        4362000   -101102.2466       719.6      -101000.9130      -101.3336 19m3s/Msamples
        4363000   -101113.1630       719.7      -101006.5884      -106.5746 19m3s/Msamples
        4364000   -101116.9302       719.6      -101007.6632      -109.2669 19m3s/Msamples
        4365000   -101110.9366       719.4      -101001.1021      -109.8345 19m3s/Msamples
        4366000   -101105.1942       719.4      -100997.4015      -107.7926 19m3s/Msamples
        4367000   -101108.4811       719.3      -101001.5727      -106.9084 19m3s/Msamples
        4368000   -101108.8062       719.2      -101001.6909      -107.1153 19m3s/Msamples
        4369000   -101108.1572       718.5      -101004.5289      -103.6282 19m3s/Msamples
        4370000   -101114.2613       718.1      -101005.5424      -108.7189 19m3s/Msamples
        4371000   -101101.3086       718.3      -101000.8803      -100.4282 19m3s/Msamples
        4372000   -101106.7468       718.1      -101004.7351      -102.0116 19m3s/Msamples
        4373000   -101106.1460       717.9      -101000.9414      -105.2045 19m3s/Msamples
        4374000   -101102.8457       718.0      -100999.3864      -103.4593 19m3s/Msamples
        4375000   -101103.9963       718.0      -100996.7680      -107.2282 19m3s/Msamples
        4376000   -101107.9328       717.7      -101002.0411      -105.8917 19m3s/Msamples
        4377000   -101103.5130       717.7      -100995.8017      -107.7112 19m3s/Msamples
        4378000   -101100.7648       718.0      -100996.6418      -104.1230 19m3s/Msamples
        4379000   -101102.5351       718.1      -100998.9963      -103.5387 19m3s/Msamples
        4380000   -101097.3197       718.7      -100991.6657      -105.6540 19m3s/Msamples
        4381000   -101101.1150       718.9      -100995.9218      -105.1931 19m3s/Msamples
        4382000   -101091.1717       720.1      -100989.6882      -101.4835 19m3s/Msamples
        4383000   -101097.4875       720.5      -100992.8856      -104.6018 19m3s/Msamples
        4384000   -101101.1075       720.7      -100999.3973      -101.7102 19m3s/Msamples
        4385000   -101095.2262       721.1      -100991.4729      -103.7532 19m3s/Msamples
        4386000   -101102.9644       721.3      -101001.3584      -101.6059 19m3s/Msamples
        4387000   -101100.8013       721.5      -100996.9724      -103.8288 19m3s/Msamples
        4388000   -101088.9924       722.0      -100988.8649      -100.1274 19m3s/Msamples
        4389000   -101095.2112       722.1      -100994.8683      -100.3429 19m3s/Msamples
        4390000   -101098.0478       722.2      -100994.9335      -103.1142 19m3s/Msamples
        4391000   -101107.8803       722.8      -101006.0202      -101.8601 19m3s/Msamples
        4392000   -101090.0302       722.9      -100990.7833       -99.2469 19m3s/Msamples
        4393000   -101097.9701       722.9      -100995.2805      -102.6896 19m3s/Msamples
        4394000   -101095.1059       722.7      -100995.5014       -99.6044 19m3s/Msamples
        4395000   -101106.1125       723.3      -101002.8830      -103.2295 19m3s/Msamples
        4396000   -101094.5076       723.1      -100992.8915      -101.6160 19m3s/Msamples
        4397000   -101094.1604       722.9      -100992.2366      -101.9237 19m3s/Msamples
        4398000   -101101.9031       723.1      -100999.5832      -102.3199 19m3s/Msamples
        4399000   -101101.7995       723.3      -100997.2234      -104.5760 19m3s/Msamples
        4400000   -101104.6519       723.7      -100998.5964      -106.0555 19m3s/Msamples
        4401000   -101105.0197       724.1      -100995.4894      -109.5302 19m3s/Msamples
        4402000   -101120.2692       726.0      -101008.9139      -111.3553 19m3s/Msamples
        4403000   -101105.8523       726.4      -100995.5972      -110.2551 19m3s/Msamples
        4404000   -101110.5568       727.0      -100994.2789      -116.2779 19m3s/Msamples
        4405000   -101115.9057       727.6      -101000.4774      -115.4282 19m3s/Msamples
        4406000   -101109.0212       727.7      -100993.3323      -115.6889 19m3s/Msamples
        4407000   -101117.7942       727.9      -101001.8965      -115.8977 19m3s/Msamples
        4408000   -101112.7646       727.8      -100999.5623      -113.2023 19m3s/Msamples
        4409000   -101108.7409       727.5      -100998.4964      -110.2444 19m3s/Msamples
        4410000   -101110.3417       727.1      -100999.9889      -110.3528 19m3s/Msamples
        4411000   -101111.1065       726.5      -101001.4900      -109.6165 19m3s/Msamples
        4412000   -101117.1814       725.5      -101004.3123      -112.8691 19m3s/Msamples
        4413000   -101117.9021       724.1      -101003.6881      -114.2139 19m3s/Msamples
        4414000   -101108.4885       723.2      -101000.9006      -107.5878 19m3s/Msamples
        4415000   -101105.0765       722.8      -101002.2762      -102.8003 19m3s/Msamples
        4416000   -101106.2265       722.2      -101005.3986      -100.8278 19m3s/Msamples
        4417000   -101114.9213       720.4      -101011.9828      -102.9384 19m3s/Msamples
        4418000   -101119.2898       718.1      -101015.7635      -103.5262 19m3s/Msamples
        4419000   -101113.1571       716.2      -101006.7407      -106.4163 19m3s/Msamples
        4420000   -101109.4875       715.0      -101007.6399      -101.8476 19m3s/Msamples
        4421000   -101122.2995       712.3      -101014.8690      -107.4304 19m3s/Msamples
        4422000   -101106.5589       711.6      -100998.5827      -107.9762 19m3s/Msamples
        4423000   -101109.9818       710.3      -101002.5551      -107.4266 19m3s/Msamples
        4424000   -101107.6660       709.4      -101000.3295      -107.3364 19m3s/Msamples
        4425000   -101110.4460       708.2      -101001.4383      -109.0077 19m3s/Msamples
        4426000   -101103.9937       708.0      -100993.5056      -110.4880 19m3s/Msamples
        4427000   -101101.9449       708.1      -100998.0886      -103.8562 19m3s/Msamples
        4428000   -101090.1856       710.5      -100991.4876       -98.6980 19m3s/Msamples
        4429000   -101095.8662       711.5      -100996.8559       -99.0102 19m3s/Msamples
        4430000   -101097.5139       712.2      -100997.1198      -100.3940 19m3s/Msamples
        4431000   -101099.3438       712.6      -100996.6265      -102.7173 19m3s/Msamples
        4432000   -101103.0209       712.7      -100999.6212      -103.3996 19m3s/Msamples
        4433000   -101103.0884       712.7      -100998.7384      -104.3499 19m3s/Msamples
        4434000   -101099.6389       713.1      -100997.0859      -102.5529 19m3s/Msamples
        4435000   -101098.5799       713.4      -100997.4706      -101.1092 19m3s/Msamples
        4436000   -101094.1699       714.0      -100993.0513      -101.1185 19m3s/Msamples
        4437000   -101092.7291       714.6      -100990.4585      -102.2706 19m3s/Msamples
        4438000   -101088.3689       715.1      -100987.0906      -101.2783 19m3s/Msamples
        4439000   -101106.0961       715.4      -101005.0789      -101.0172 19m3s/Msamples
        4440000   -101107.8261       715.9      -101007.6586      -100.1675 19m3s/Msamples
        4441000   -101099.7982       716.0      -100999.4373      -100.3608 19m3s/Msamples
        4442000   -101097.0115       716.0      -101000.1040       -96.9074 19m3s/Msamples
        4443000   -101118.0131       717.8      -101017.6491      -100.3640 19m3s/Msamples
        4444000   -101111.5817       718.6      -101013.4924       -98.0892 19m3s/Msamples
        4445000   -101100.0787       718.8      -101002.6680       -97.4106 19m3s/Msamples
        4446000   -101107.7905       719.1      -101008.6188       -99.1717 19m3s/Msamples
        4447000   -101109.8100       719.5      -101006.9622      -102.8478 19m3s/Msamples
        4448000   -101096.3286       719.8      -100998.7534       -97.5752 19m3s/Msamples
        4449000   -101099.8426       719.7      -101001.6191       -98.2234 19m3s/Msamples
        4450000   -101101.8619       719.9      -101004.8496       -97.0123 19m3s/Msamples
        4451000   -101099.1426       720.1      -101005.3209       -93.8217 19m3s/Msamples
        4452000   -101092.9977       720.5      -100997.7683       -95.2293 19m3s/Msamples
        4453000   -101095.8754       720.8      -100999.7286       -96.1468 19m3s/Msamples
        4454000   -101085.1736       721.8      -100990.4759       -94.6976 19m3s/Msamples
        4455000   -101098.0671       722.0      -100999.2051       -98.8619 19m3s/Msamples
        4456000   -101094.7919       722.3      -101001.7546       -93.0372 19m3s/Msamples
        4457000   -101101.0838       722.5      -101004.8541       -96.2296 19m3s/Msamples
        4458000   -101084.2785       723.1      -100990.3978       -93.8807 19m3s/Msamples
        4459000   -101084.8786       723.2      -100989.4397       -95.4388 19m3s/Msamples
        4460000   -101089.5019       722.9      -100996.0665       -93.4353 19m3s/Msamples
        4461000   -101086.2072       722.3      -100991.4242       -94.7829 19m3s/Msamples
        4462000   -101081.9254       721.3      -100991.6207       -90.3047 19m3s/Msamples
        4463000   -101084.3660       719.8      -100991.5317       -92.8343 19m3s/Msamples
        4464000   -101098.5150       719.5      -101007.7004       -90.8146 19m3s/Msamples
        4465000   -101085.8210       717.8      -100993.5122       -92.3088 19m3s/Msamples
        4466000   -101089.9971       716.2      -101000.8602       -89.1369 19m3s/Msamples
        4467000   -101096.7824       715.6      -101000.6953       -96.0871 19m3s/Msamples
        4468000   -101085.0571       713.3      -100991.4940       -93.5631 19m3s/Msamples
        4469000   -101083.4271       710.5      -100990.7098       -92.7173 19m3s/Msamples
        4470000   -101080.9365       707.5      -100988.4588       -92.4777 19m3s/Msamples
        4471000   -101080.3683       704.3      -100986.5268       -93.8414 19m3s/Msamples
        4472000   -101082.3987       701.0      -100987.5726       -94.8261 19m3s/Msamples
        4473000   -101089.0740       698.6      -100992.8406       -96.2333 19m3s/Msamples
        4474000   -101089.7038       696.2      -100992.8288       -96.8750 19m3s/Msamples
        4475000   -101081.0580       692.4      -100992.4952       -88.5627 19m3s/Msamples
        4476000   -101085.7354       689.4      -100994.0580       -91.6774 19m3s/Msamples
        4477000   -101072.3092       684.6      -100985.7561       -86.5530 19m3s/Msamples
        4478000   -101080.7684       680.5      -100988.9079       -91.8604 19m3s/Msamples
        4479000   -101084.2284       676.7      -100993.3709       -90.8574 19m3s/Msamples
        4480000   -101082.5247       672.8      -100992.7245       -89.8002 19m3s/Msamples
        4481000   -101095.3144       671.3      -101006.9121       -88.4022 19m3s/Msamples
        4482000   -101100.0032       671.1      -101003.9971       -96.0060 19m3s/Msamples
        4483000   -101100.9333       671.1      -101006.8694       -94.0638 19m3s/Msamples
        4484000   -101100.0931       670.9      -101005.5223       -94.5708 19m3s/Msamples
        4485000   -101101.5813       671.1      -101003.8778       -97.7035 19m3s/Msamples
        4486000   -101092.7790       669.4      -100996.4409       -96.3380 19m3s/Msamples
        4487000   -101089.1555       667.1      -100994.4595       -94.6959 19m3s/Msamples
        4488000   -101094.2581       665.8      -100999.7941       -94.4639 19m3s/Msamples
        4489000   -101092.4994       662.5      -100998.7385       -93.7608 19m3s/Msamples
        4490000   -101086.5249       660.3      -100992.4159       -94.1089 19m3s/Msamples
        4491000   -101082.5655       657.7      -100990.8174       -91.7481 19m3s/Msamples
        4492000   -101079.4440       654.8      -100988.9461       -90.4978 19m3s/Msamples
        4493000   -101082.1784       651.9      -100989.3857       -92.7926 19m3s/Msamples
        4494000   -101091.1895       650.3      -100996.1566       -95.0329 19m3s/Msamples
        4495000   -101090.3102       648.6      -100996.8933       -93.4168 19m3s/Msamples
        4496000   -101082.4290       646.3      -100993.0457       -89.3832 19m3s/Msamples
        4497000   -101095.8804       645.6      -101003.6568       -92.2236 19m3s/Msamples
        4498000   -101091.0321       644.3      -100994.3703       -96.6617 19m3s/Msamples
        4499000   -101097.8808       643.0      -100998.5761       -99.3047 19m3s/Msamples
        4500000   -101096.0015       642.4      -100993.4147      -102.5867 19m3s/Msamples
        4501000   -101094.7978       641.7      -100995.7153       -99.0824 19m3s/Msamples
        4502000   -101096.4137       641.1      -100994.9156      -101.4980 19m3s/Msamples
        4503000   -101090.3594       639.8      -100991.4896       -98.8698 19m3s/Msamples
        4504000   -101091.8007       638.5      -100994.7096       -97.0910 19m3s/Msamples
        4505000   -101096.1315       637.8      -100998.6019       -97.5295 19m3s/Msamples
        4506000   -101082.7266       635.7      -100985.4491       -97.2775 19m3s/Msamples
        4507000   -101094.4580       634.8      -100997.8055       -96.6524 19m3s/Msamples
        4508000   -101087.6692       633.0      -100990.9843       -96.6849 19m3s/Msamples
        4509000   -101090.7808       631.8      -100983.4383      -107.3425 19m3s/Msamples
        4510000   -101104.1764       632.4      -100994.1743      -110.0020 19m3s/Msamples
        4511000   -101104.7729       633.1      -100999.1962      -105.5767 19m3s/Msamples
        4512000   -101108.3558       634.2      -101004.5644      -103.7913 19m3s/Msamples
        4513000   -101098.2172       634.0      -100997.2397      -100.9774 19m3s/Msamples
        4514000   -101107.6352       634.9      -101005.1528      -102.4824 19m3s/Msamples
        4515000   -101096.3211       634.7      -100995.9182      -100.4028 19m3s/Msamples
        4516000   -101092.7984       634.3      -100992.1624      -100.6360 19m3s/Msamples
        4517000   -101093.8807       634.0      -100995.8558       -98.0248 19m3s/Msamples
        4518000   -101087.6884       633.4      -100989.7381       -97.9503 19m3s/Msamples
        4519000   -101095.9345       632.9      -100992.0903      -103.8441 19m3s/Msamples
        4520000   -101103.6216       633.3      -101001.5827      -102.0388 19m3s/Msamples
        4521000   -101097.2592       633.2      -100995.8758      -101.3833 19m3s/Msamples
        4522000   -101090.4626       632.8      -100995.4317       -95.0309 19m3s/Msamples
        4523000   -101106.4627       633.4      -101008.9313       -97.5313 19m4s/Msamples
        4524000   -101099.1726       633.4      -101004.5822       -94.5903 19m4s/Msamples
        4525000   -101092.3822       633.2      -100997.7283       -94.6539 19m4s/Msamples
        4526000   -101095.9336       633.1      -101000.9326       -95.0010 19m4s/Msamples
        4527000   -101094.8938       633.1      -100997.8602       -97.0335 19m4s/Msamples
        4528000   -101099.7073       633.1      -101006.7414       -92.9658 19m4s/Msamples
        4529000   -101094.1068       632.8      -101000.7566       -93.3501 19m4s/Msamples
        4530000   -101087.8885       632.6      -100993.2375       -94.6510 19m4s/Msamples
        4531000   -101084.7672       632.1      -100989.7198       -95.0473 19m4s/Msamples
        4532000   -101091.4481       631.6      -100996.3117       -95.1363 19m4s/Msamples
        4533000   -101095.8361       631.3      -100999.8003       -96.0358 19m4s/Msamples
        4534000   -101090.1609       630.6      -100995.2695       -94.8913 19m4s/Msamples
        4535000   -101094.1216       630.2      -100999.2799       -94.8416 19m4s/Msamples
        4536000   -101094.6938       629.8      -100994.6551      -100.0387 19m4s/Msamples
        4537000   -101104.6021       630.2      -101008.3638       -96.2383 19m4s/Msamples
        4538000   -101094.8256       629.9      -100992.8451      -101.9805 19m4s/Msamples
        4539000   -101097.3289       629.7      -100994.9878      -102.3411 19m4s/Msamples
        4540000   -101098.0035       629.6      -100995.2051      -102.7984 19m4s/Msamples
        4541000   -101120.2130       632.2      -101012.6086      -107.6044 19m4s/Msamples
        4542000   -101112.0884       633.4      -101006.9093      -105.1791 19m4s/Msamples
        4543000   -101110.2473       634.3      -101005.6538      -104.5934 19m4s/Msamples
        4544000   -101116.8453       635.8      -101007.2912      -109.5540 19m4s/Msamples
        4545000   -101121.8624       637.6      -101009.8105      -112.0518 19m4s/Msamples
        4546000   -101116.5821       638.5      -101005.5171      -111.0649 19m4s/Msamples
        4547000   -101115.3013       639.1      -101006.4136      -108.8877 19m4s/Msamples
        4548000   -101111.4417       639.3      -101010.6166      -100.8250 19m4s/Msamples
        4549000   -101104.0223       638.5      -101002.5901      -101.4321 19m4s/Msamples
        4550000   -101122.9625       638.5      -101014.0283      -108.9341 19m4s/Msamples
        4551000   -101119.2585       638.0      -101009.9078      -109.3507 19m4s/Msamples
        4552000   -101116.1614       637.2      -101008.1483      -108.0131 19m4s/Msamples
        4553000   -101102.5299       637.3      -100999.4908      -103.0390 19m4s/Msamples
        4554000   -101098.6950       637.8      -100994.7523      -103.9426 19m4s/Msamples
        4555000   -101106.9073       637.3      -101002.7631      -104.1441 19m4s/Msamples
        4556000   -101114.8870       636.1      -101011.5927      -103.2942 19m4s/Msamples
        4557000   -101098.9336       636.7      -100997.8641      -101.0695 19m4s/Msamples
        4558000   -101097.5618       637.4      -100996.2452      -101.3165 19m4s/Msamples
        4559000   -101101.5832       637.1      -101002.9964       -98.5868 19m4s/Msamples
        4560000   -101094.5442       638.3      -100993.4197      -101.1244 19m4s/Msamples
        4561000   -101102.7033       638.3      -101002.9504       -99.7529 19m4s/Msamples
        4562000   -101102.2647       638.4      -100997.2507      -105.0140 19m4s/Msamples
        4563000   -101092.8778       639.5      -100988.8545      -104.0233 19m4s/Msamples
        4564000   -101093.4769       640.4      -100992.2029      -101.2740 19m4s/Msamples
        4565000   -101094.6933       641.1      -100993.2751      -101.4181 19m4s/Msamples
        4566000   -101090.7462       641.9      -100988.3139      -102.4323 19m4s/Msamples
        4567000   -101091.5662       642.5      -100993.2543       -98.3118 19m4s/Msamples
        4568000   -101087.6411       643.3      -100987.1483      -100.4927 19m4s/Msamples
        4569000   -101103.5610       643.4      -100998.7567      -104.8043 19m4s/Msamples
        4570000   -101103.7269       643.6      -100997.3120      -106.4148 19m4s/Msamples
        4571000   -101095.4412       643.6      -100989.3138      -106.1273 19m4s/Msamples
        4572000   -101097.3110       643.7      -100995.2413      -102.0696 19m4s/Msamples
        4573000   -101091.3402       643.6      -100989.9307      -101.4094 19m4s/Msamples
        4574000   -101095.3127       643.5      -100997.0478       -98.2649 19m4s/Msamples
        4575000   -101109.0854       644.3      -101007.4506      -101.6347 19m4s/Msamples
        4576000   -101091.6782       644.0      -100989.9124      -101.7658 19m4s/Msamples
        4577000   -101104.9163       644.5      -101004.5220      -100.3942 19m4s/Msamples
        4578000   -101088.2307       644.1      -100990.5714       -97.6593 19m4s/Msamples
        4579000   -101101.5416       644.3      -101001.2317      -100.3099 19m4s/Msamples
        4580000   -101090.9267       643.9      -100992.7710       -98.1556 19m4s/Msamples
        4581000   -101096.4514       643.7      -100995.3135      -101.1379 19m4s/Msamples
        4582000   -101098.1779       643.7      -100999.4034       -98.7745 19m4s/Msamples
        4583000   -101101.1692       643.8      -101001.0714      -100.0978 19m4s/Msamples
        4584000   -101099.5447       643.8      -101003.1046       -96.4401 19m4s/Msamples
        4585000   -101103.0047       644.1      -101005.0295       -97.9751 19m4s/Msamples
        4586000   -101107.5381       644.7      -101012.6274       -94.9107 19m4s/Msamples
        4587000   -101092.5844       644.6      -100994.7773       -97.8070 19m4s/Msamples
        4588000   -101098.9570       644.7      -101000.0837       -98.8733 19m4s/Msamples
        4589000   -101094.1343       644.1      -100997.1006       -97.0337 19m4s/Msamples
        4590000   -101098.3273       644.1      -101000.0964       -98.2308 19m4s/Msamples
        4591000   -101100.0924       644.2      -101004.8334       -95.2589 19m4s/Msamples
        4592000   -101096.6469       644.2      -101001.0744       -95.5724 19m4s/Msamples
        4593000   -101108.8603       644.8      -101009.5778       -99.2824 19m4s/Msamples
        4594000   -101094.6027       644.8      -100997.5574       -97.0452 19m4s/Msamples
        4595000   -101103.6035       645.0      -101004.1066       -99.4968 19m4s/Msamples
        4596000   -101095.2717       645.0      -100995.2374      -100.0342 19m4s/Msamples
        4597000   -101102.9062       645.2      -100999.1178      -103.7884 19m4s/Msamples
        4598000   -101103.5373       645.5      -101002.5815      -100.9557 19m4s/Msamples
        4599000   -101097.5267       646.1      -100998.8720       -98.6546 19m4s/Msamples
        4600000   -101113.0769       646.9      -101013.9800       -99.0969 19m4s/Msamples
        4601000   -101101.6471       647.0      -101000.8814      -100.7656 19m4s/Msamples
        4602000   -101104.3530       647.2      -101005.6785       -98.6744 19m4s/Msamples
        4603000   -101100.3475       647.4      -101003.1968       -97.1507 19m4s/Msamples
        4604000   -101092.9469       647.6      -100993.2864       -99.6605 19m4s/Msamples
        4605000   -101081.6150       648.2      -100987.0383       -94.5766 19m4s/Msamples
        4606000   -101085.7758       648.4      -100986.7780       -98.9977 19m4s/Msamples
        4607000   -101103.7428       648.7      -100996.4263      -107.3165 19m4s/Msamples
        4608000   -101096.7493       648.7      -100991.8575      -104.8918 19m4s/Msamples
        4609000   -101111.6739       650.4      -101004.8457      -106.8282 19m4s/Msamples
        4610000   -101103.2698       650.7      -100999.3310      -103.9388 19m4s/Msamples
        4611000   -101105.5071       650.9      -101002.8085      -102.6985 19m4s/Msamples
        4612000   -101109.3818       651.4      -101004.5854      -104.7964 19m4s/Msamples
        4613000   -101114.4384       652.1      -101013.0716      -101.3668 19m4s/Msamples
        4614000   -101096.0969       652.3      -100995.2123      -100.8846 19m4s/Msamples
        4615000   -101099.8909       652.5      -101001.0483       -98.8425 19m4s/Msamples
        4616000   -101110.3100       652.8      -101008.4168      -101.8931 19m4s/Msamples
        4617000   -101102.1591       653.0      -101001.7659      -100.3931 19m4s/Msamples
        4618000   -101097.2696       653.2      -100996.6435      -100.6261 19m4s/Msamples
        4619000   -101093.2953       653.8      -100995.0123       -98.2830 19m4s/Msamples
        4620000   -101094.2148       654.0      -100995.0090       -99.2057 19m4s/Msamples
        4621000   -101092.4975       654.1      -100993.9090       -98.5885 19m4s/Msamples
        4622000   -101092.8902       654.2      -100993.0598       -99.8303 19m4s/Msamples
        4623000   -101087.0209       654.4      -100992.0087       -95.0121 19m4s/Msamples
        4624000   -101089.0916       654.6      -100992.6978       -96.3937 19m4s/Msamples
        4625000   -101098.4648       654.7      -100997.6136      -100.8512 19m4s/Msamples
        4626000   -101096.9747       654.8      -100994.5419      -102.4328 19m4s/Msamples
        4627000   -101098.3413       654.9      -100999.9408       -98.4005 19m4s/Msamples
        4628000   -101093.0284       654.9      -100991.9892      -101.0391 19m4s/Msamples
        4629000   -101097.9774       655.3      -101001.9077       -96.0696 19m4s/Msamples
        4630000   -101095.8461       655.3      -100999.1689       -96.6771 19m4s/Msamples
        4631000   -101094.7960       655.1      -100996.6628       -98.1331 19m4s/Msamples
        4632000   -101097.6257       655.0      -100997.4496      -100.1761 19m4s/Msamples
        4633000   -101093.6091       654.7      -100996.5541       -97.0550 19m4s/Msamples
        4634000   -101097.2270       654.5      -100997.2964       -99.9305 19m4s/Msamples
        4635000   -101102.9936       654.8      -101004.4207       -98.5729 19m4s/Msamples
        4636000   -101100.7901       654.9      -101000.2370      -100.5531 19m4s/Msamples
        4637000   -101108.4484       655.8      -101008.0849      -100.3634 19m4s/Msamples
        4638000   -101097.6813       655.7      -100999.8949       -97.7864 19m4s/Msamples
        4639000   -101101.8071       656.0      -101002.7203       -99.0868 19m4s/Msamples
        4640000   -101092.3284       655.8      -100997.2617       -95.0666 19m4s/Msamples
        4641000   -101109.9079       656.7      -101013.2401       -96.6677 19m4s/Msamples
        4642000   -101088.6219       656.6      -100989.0604       -99.5614 19m4s/Msamples
        4643000   -101091.7938       656.5      -100991.9766       -99.8172 19m4s/Msamples
        4644000   -101102.3414       656.7      -101000.6426      -101.6987 19m4s/Msamples
        4645000   -101096.7842       656.6      -100993.5979      -103.1863 19m4s/Msamples
        4646000   -101099.3556       656.7      -100999.7700       -99.5855 19m4s/Msamples
        4647000   -101090.4401       656.6      -100994.1149       -96.3251 19m4s/Msamples
        4648000   -101097.6456       656.6      -100997.7388       -99.9068 19m4s/Msamples
        4649000   -101097.3517       656.6      -101000.1920       -97.1597 19m4s/Msamples
        4650000   -101101.5866       656.8      -101000.2009      -101.3857 19m4s/Msamples
        4651000   -101091.5627       656.7      -100991.6290       -99.9337 19m4s/Msamples
        4652000   -101101.0206       656.8      -101004.7202       -96.3003 19m4s/Msamples
        4653000   -101098.7050       656.9      -100998.3927      -100.3123 19m4s/Msamples
        4654000   -101100.8759       657.0      -101000.0670      -100.8088 19m4s/Msamples
        4655000   -101107.4305       657.5      -101005.8125      -101.6179 19m4s/Msamples
        4656000   -101113.4147       658.6      -101012.4072      -101.0075 19m4s/Msamples
        4657000   -101098.7753       658.7      -100996.4503      -102.3249 19m4s/Msamples
        4658000   -101090.7618       658.7      -100990.5301      -100.2316 19m4s/Msamples
        4659000   -101103.4348       659.1      -100999.0043      -104.4304 19m4s/Msamples
        4660000   -101107.7631       659.7      -101004.9148      -102.8482 19m4s/Msamples
        4661000   -101114.5997       660.6      -101010.8971      -103.7025 19m4s/Msamples
        4662000   -101108.8355       660.9      -101007.5401      -101.2953 19m4s/Msamples
        4663000   -101103.4330       661.1      -101003.4760       -99.9569 19m4s/Msamples
        4664000   -101102.0272       661.3      -100995.8105      -106.2167 19m4s/Msamples
        4665000   -101110.4099       661.6      -101002.6292      -107.7807 19m4s/Msamples
        4666000   -101106.9999       661.7      -100998.6604      -108.3394 19m4s/Msamples
        4667000   -101098.0233       662.0      -100993.1611      -104.8621 19m4s/Msamples
        4668000   -101108.0031       662.0      -101001.3592      -106.6438 19m4s/Msamples
        4669000   -101106.6889       662.5      -101004.9110      -101.7779 19m4s/Msamples
        4670000   -101095.8659       663.0      -100991.5425      -104.3234 19m4s/Msamples
        4671000   -101114.3686       663.0      -101006.4575      -107.9111 19m4s/Msamples
        4672000   -101105.4385       662.9      -100997.3508      -108.0877 19m4s/Msamples
        4673000   -101108.9576       662.8      -101006.0948      -102.8627 19m4s/Msamples
        4674000   -101103.6558       662.8      -100999.2197      -104.4361 19m4s/Msamples
        4675000   -101105.8462       662.8      -100999.5015      -106.3446 19m4s/Msamples
        4676000   -101102.9290       662.8      -100996.7477      -106.1812 19m4s/Msamples
        4677000   -101102.5332       662.9      -101000.0400      -102.4932 19m4s/Msamples
        4678000   -101101.0183       663.1      -100998.8647      -102.1535 19m4s/Msamples
        4679000   -101093.4803       664.2      -100991.1574      -102.3228 19m4s/Msamples
        4680000   -101100.6547       664.4      -100997.7260      -102.9286 19m4s/Msamples
        4681000   -101092.0351       665.1      -100988.9865      -103.0486 19m4s/Msamples
        4682000   -101092.7698       665.7      -100993.0640       -99.7058 19m4s/Msamples
        4683000   -101098.5377       665.9      -100996.4942      -102.0434 19m4s/Msamples
        4684000   -101106.8387       666.1      -101004.8497      -101.9890 19m4s/Msamples
        4685000   -101104.4504       666.3      -101003.0812      -101.3691 19m4s/Msamples
        4686000   -101109.2690       666.4      -101004.4746      -104.7944 19m4s/Msamples
        4687000   -101106.3926       666.6      -101006.9877       -99.4048 19m4s/Msamples
        4688000   -101095.1030       666.9      -100996.8453       -98.2577 19m4s/Msamples
        4689000   -101106.8102       667.3      -101001.9903      -104.8198 19m4s/Msamples
        4690000   -101102.5206       667.5      -101000.5134      -102.0071 19m4s/Msamples
        4691000   -101100.4777       667.6      -101001.8925       -98.5852 19m4s/Msamples
        4692000   -101104.6344       667.8      -101006.3109       -98.3235 19m4s/Msamples
        4693000   -101103.0887       668.0      -101003.5442       -99.5444 19m4s/Msamples
        4694000   -101118.3329       668.8      -101017.9240      -100.4089 19m4s/Msamples
        4695000   -101114.0309       669.2      -101012.4111      -101.6197 19m4s/Msamples
        4696000   -101105.4352       669.3      -101004.8968      -100.5384 19m4s/Msamples
        4697000   -101103.4272       669.4      -101004.1873       -99.2399 19m4s/Msamples
        4698000   -101110.1107       669.4      -101009.8067      -100.3039 19m4s/Msamples
        4699000   -101094.5416       670.1      -100996.4291       -98.1124 19m4s/Msamples
        4700000   -101095.5650       670.6      -100994.1303      -101.4347 19m4s/Msamples
        4701000   -101101.2572       670.8      -101002.3017       -98.9555 19m4s/Msamples
        4702000   -101095.3770       671.3      -100995.3670      -100.0100 19m4s/Msamples
        4703000   -101101.3330       671.4      -100998.2086      -103.1243 19m4s/Msamples
        4704000   -101098.7625       671.7      -100999.5265       -99.2359 19m4s/Msamples
        4705000   -101096.4760       672.1      -100997.9608       -98.5151 19m4s/Msamples
        4706000   -101099.9043       672.3      -100996.0551      -103.8491 19m4s/Msamples
        4707000   -101105.1090       672.4      -100997.5134      -107.5955 19m4s/Msamples
        4708000   -101099.6735       672.6      -100997.2996      -102.3739 19m4s/Msamples
        4709000   -101103.1140       672.9      -100999.8146      -103.2993 19m4s/Msamples
        4710000   -101097.8754       673.2      -100994.8727      -103.0027 19m4s/Msamples
        4711000   -101091.5409       673.7      -100991.6579       -99.8830 19m4s/Msamples
        4712000   -101098.6916       673.9      -100998.6060      -100.0855 19m4s/Msamples
        4713000   -101095.9586       674.1      -100996.9679       -98.9907 19m4s/Msamples
        4714000   -101099.0092       674.2      -100998.3617      -100.6475 19m4s/Msamples
        4715000   -101096.9015       674.2      -100994.9244      -101.9771 19m4s/Msamples
        4716000   -101090.6726       674.3      -100991.2851       -99.3875 19m4s/Msamples
        4717000   -101089.1722       674.1      -100988.4789      -100.6932 19m4s/Msamples
        4718000   -101104.4395       674.4      -101000.6399      -103.7995 19m4s/Msamples
        4719000   -101106.6819       674.2      -101006.7479       -99.9340 19m4s/Msamples
        4720000   -101100.7078       674.4      -100997.0565      -103.6513 19m4s/Msamples
        4721000   -101096.6480       674.4      -100990.5352      -106.1127 19m4s/Msamples
        4722000   -101108.5498       675.0      -101004.4533      -104.0964 19m4s/Msamples
        4723000   -101105.7822       675.4      -101001.9505      -103.8317 19m4s/Msamples
        4724000   -101109.6011       675.9      -101004.7590      -104.8420 19m4s/Msamples
        4725000   -101106.0487       676.2      -101003.6515      -102.3972 19m4s/Msamples
        4726000   -101118.3935       677.4      -101013.6800      -104.7134 19m4s/Msamples
        4727000   -101112.8924       677.9      -101010.0126      -102.8797 19m4s/Msamples
        4728000   -101119.0041       678.7      -101014.0014      -105.0027 19m4s/Msamples
        4729000   -101109.9408       678.5      -101005.6770      -104.2637 19m4s/Msamples
        4730000   -101107.9910       678.5      -101005.6076      -102.3834 19m4s/Msamples
        4731000   -101107.4633       678.5      -101005.8200      -101.6433 19m4s/Msamples
        4732000   -101102.9156       678.6      -101000.4048      -102.5107 19m4s/Msamples
        4733000   -101105.2688       678.5      -101002.0741      -103.1947 19m4s/Msamples
        4734000   -101098.2347       678.9      -100998.7747       -99.4600 19m4s/Msamples
        4735000   -101098.9549       679.3      -100999.1975       -99.7574 19m4s/Msamples
        4736000   -101117.3869       678.7      -101017.6732       -99.7137 19m4s/Msamples
        4737000   -101109.0729       678.3      -101007.1557      -101.9171 19m4s/Msamples
        4738000   -101099.2188       678.7      -101001.2264       -97.9923 19m4s/Msamples
        4739000   -101097.1017       679.5      -101001.6342       -95.4675 19m4s/Msamples
        4740000   -101092.5122       680.7      -100990.6563      -101.8558 19m4s/Msamples
        4741000   -101100.6737       680.9      -101006.6162       -94.0574 19m4s/Msamples
        4742000   -101107.7187       680.7      -101006.6117      -101.1069 19m4s/Msamples
        4743000   -101108.3710       680.4      -101006.9988      -101.3722 19m4s/Msamples
        4744000   -101095.1885       681.1      -100996.2740       -98.9145 19m4s/Msamples
        4745000   -101086.9209       682.6      -100990.3363       -96.5846 19m4s/Msamples
        4746000   -101100.5795       682.8      -101006.2996       -94.2798 19m4s/Msamples
        4747000   -101098.5733       683.0      -100996.9546      -101.6187 19m4s/Msamples
        4748000   -101095.9205       683.3      -100995.5812      -100.3392 19m4s/Msamples
        4749000   -101088.6454       684.0      -100992.2186       -96.4268 19m4s/Msamples
        4750000   -101084.2277       684.5      -100986.9168       -97.3109 19m4s/Msamples
        4751000   -101102.2108       684.7      -100999.9874      -102.2234 19m4s/Msamples
        4752000   -101100.9172       684.8      -101000.6630      -100.2541 19m4s/Msamples
        4753000   -101110.3060       685.5      -101008.1078      -102.1981 19m4s/Msamples
        4754000   -101097.3691       685.6      -101001.3153       -96.0537 19m4s/Msamples
        4755000   -101097.7720       685.6      -100999.0040       -98.7680 19m4s/Msamples
        4756000   -101104.4761       685.9      -101006.6947       -97.7813 19m4s/Msamples
        4757000   -101108.5895       686.6      -101005.8328      -102.7566 19m4s/Msamples
        4758000   -101097.3622       686.6      -100997.5812       -99.7809 19m4s/Msamples
        4759000   -101082.4938       687.1      -100987.2563       -95.2374 19m4s/Msamples
        4760000   -101095.3892       687.0      -100996.5832       -98.8060 19m4s/Msamples
        4761000   -101096.0397       686.9      -100999.1878       -96.8519 19m4s/Msamples
        4762000   -101094.3447       686.7      -100999.9769       -94.3677 19m4s/Msamples
        4763000   -101097.0796       686.6      -101000.6714       -96.4081 19m4s/Msamples
        4764000   -101086.0593       686.3      -100988.8491       -97.2101 19m4s/Msamples
        4765000   -101094.5175       686.1      -100996.2561       -98.2613 19m4s/Msamples
        4766000   -101091.7103       685.7      -100994.5973       -97.1130 19m4s/Msamples
        4767000   -101091.3447       685.2      -100995.8579       -95.4867 19m4s/Msamples
        4768000   -101092.4756       684.8      -100995.6846       -96.7909 19m4s/Msamples
        4769000   -101088.5398       684.5      -100988.2206      -100.3191 19m4s/Msamples
        4770000   -101104.1643       685.0      -101004.0545      -100.1097 19m4s/Msamples
        4771000   -101107.2239       685.7      -101002.5482      -104.6756 19m4s/Msamples
        4772000   -101122.0049       688.5      -101016.2578      -105.7471 19m4s/Msamples
        4773000   -101118.6234       690.5      -101010.0554      -108.5679 19m4s/Msamples
        4774000   -101114.9059       691.7      -101008.0889      -106.8170 19m4s/Msamples
        4775000   -101116.7686       692.9      -101011.1372      -105.6313 19m4s/Msamples
        4776000   -101111.8673       693.7      -101006.8594      -105.0078 19m4s/Msamples
        4777000   -101103.5364       693.9      -100998.4182      -105.1182 19m4s/Msamples
        4778000   -101100.0879       694.0      -100996.0710      -104.0169 19m4s/Msamples
        4779000   -101098.2568       694.5      -100999.2778       -98.9790 19m4s/Msamples
        4780000   -101100.0506       694.7      -100997.0700      -102.9805 19m4s/Msamples
        4781000   -101094.9983       695.0      -100994.8859      -100.1123 19m4s/Msamples
        4782000   -101101.8785       695.2      -101002.8802       -98.9983 19m4s/Msamples
        4783000   -101096.0064       695.6      -100997.4442       -98.5622 19m4s/Msamples
        4784000   -101097.4997       695.8      -100999.9612       -97.5385 19m4s/Msamples
        4785000   -101102.9566       696.0      -101000.1727      -102.7838 19m4s/Msamples
        4786000   -101095.8750       696.4      -100998.6048       -97.2702 19m4s/Msamples
        4787000   -101095.8825       696.9      -100997.3156       -98.5669 19m4s/Msamples
        4788000   -101097.5642       697.3      -100993.9373      -103.6268 19m4s/Msamples
        4789000   -101095.7639       698.0      -100996.1455       -99.6184 19m4s/Msamples
        4790000   -101095.1162       698.4      -100997.5765       -97.5396 19m4s/Msamples
        4791000   -101099.1594       698.6      -101001.4623       -97.6970 19m4s/Msamples
        4792000   -101097.7703       698.8      -101002.1120       -95.6583 19m4s/Msamples
        4793000   -101092.1548       699.0      -100992.7646       -99.3901 19m4s/Msamples
        4794000   -101085.0932       699.0      -100989.0937       -95.9994 19m4s/Msamples
        4795000   -101089.6880       698.7      -100992.5081       -97.1798 19m4s/Msamples
        4796000   -101083.8616       698.2      -100986.2323       -97.6293 19m4s/Msamples
        4797000   -101101.3775       698.3      -100999.9213      -101.4562 19m4s/Msamples
        4798000   -101090.5192       697.8      -100985.9440      -104.5752 19m4s/Msamples
        4799000   -101095.9881       697.2      -100992.0841      -103.9039 19m4s/Msamples
        4800000   -101100.3530       697.2      -100996.6918      -103.6612 19m4s/Msamples
        4801000   -101093.6803       696.8      -100989.6738      -104.0065 19m5s/Msamples
        4802000   -101095.1078       696.4      -100995.0529      -100.0549 19m5s/Msamples
        4803000   -101100.1547       696.4      -100999.0163      -101.1383 19m4s/Msamples
        4804000   -101099.6068       696.4      -100996.8507      -102.7560 19m4s/Msamples
        4805000   -101105.6908       697.0      -101001.2998      -104.3909 19m4s/Msamples
        4806000   -101093.0344       696.6      -100993.1895       -99.8448 19m4s/Msamples
        4807000   -101093.4545       696.1      -100995.6419       -97.8126 19m4s/Msamples
        4808000   -101092.8886       695.6      -100994.5260       -98.3625 19m4s/Msamples
        4809000   -101096.4177       694.7      -100995.4826      -100.9350 19m4s/Msamples
        4810000   -101096.7894       694.5      -100995.3571      -101.4323 19m4s/Msamples
        4811000   -101097.2224       694.2      -100999.6667       -97.5557 19m4s/Msamples
        4812000   -101092.7530       693.7      -100993.4730       -99.2800 19m4s/Msamples
        4813000   -101095.1433       693.4      -100992.2816      -102.8616 19m4s/Msamples
        4814000   -101092.4160       692.9      -100990.2176      -102.1983 19m4s/Msamples
        4815000   -101086.6570       692.4      -100987.6653       -98.9916 19m4s/Msamples
        4816000   -101097.5872       692.3      -100996.9473      -100.6398 19m4s/Msamples
        4817000   -101095.9971       692.0      -100996.8323       -99.1647 19m4s/Msamples
        4818000   -101097.5850       691.9      -100995.4300      -102.1550 19m4s/Msamples
        4819000   -101095.3212       691.4      -100995.4657       -99.8555 19m4s/Msamples
        4820000   -101100.0032       691.4      -100999.7070      -100.2962 19m4s/Msamples
        4821000   -101104.3679       691.8      -100997.9957      -106.3722 19m4s/Msamples
        4822000   -101103.1132       692.1      -100996.7784      -106.3348 19m4s/Msamples
        4823000   -101102.3858       692.4      -101002.0191      -100.3666 19m4s/Msamples
        4824000   -101107.1736       693.1      -101002.0443      -105.1292 19m4s/Msamples
        4825000   -101113.8738       694.4      -101007.5592      -106.3146 19m4s/Msamples
        4826000   -101109.1766       695.1      -101005.4184      -103.7581 19m4s/Msamples
        4827000   -101121.1412       696.8      -101016.5835      -104.5576 19m4s/Msamples
        4828000   -101109.3205       697.3      -101007.1404      -102.1800 19m4s/Msamples
        4829000   -101118.4786       698.4      -101012.4966      -105.9820 19m4s/Msamples
        4830000   -101115.2582       698.8      -101011.5097      -103.7484 19m4s/Msamples
        4831000   -101106.2808       698.8      -101002.9591      -103.3216 19m4s/Msamples
        4832000   -101101.7604       699.0      -101001.7333      -100.0270 19m4s/Msamples
        4833000   -101101.4420       699.1      -101002.0456       -99.3963 19m4s/Msamples
        4834000   -101109.8133       698.9      -101009.9160       -99.8973 19m4s/Msamples
        4835000   -101112.1312       698.5      -101014.1871       -97.9440 19m4s/Msamples
        4836000   -101097.8952       699.0      -100999.3708       -98.5243 19m4s/Msamples
        4837000   -101106.2967       698.8      -101006.4943       -99.8024 19m4s/Msamples
        4838000   -101091.3558       700.2      -100991.1133      -100.2424 19m4s/Msamples
        4839000   -101096.9109       701.2      -100995.0925      -101.8183 19m4s/Msamples
        4840000   -101100.7077       701.4      -100996.2882      -104.4195 19m4s/Msamples
        4841000   -101098.5406       701.8      -100995.9025      -102.6381 19m4s/Msamples
        4842000   -101101.3972       702.0      -100996.2952      -105.1020 19m4s/Msamples
        4843000   -101091.6226       703.1      -100992.7282       -98.8943 19m4s/Msamples
        4844000   -101091.5848       704.0      -100991.8189       -99.7658 19m4s/Msamples
        4845000   -101086.9435       705.3      -100986.7958      -100.1476 19m4s/Msamples
        4846000   -101092.7542       705.7      -100990.7809      -101.9732 19m4s/Msamples
        4847000   -101099.7975       705.9      -101000.9015       -98.8960 19m4s/Msamples
        4848000   -101093.7388       706.0      -100994.2058       -99.5329 19m4s/Msamples
        4849000   -101101.1761       705.8      -100999.5351      -101.6409 19m4s/Msamples
        4850000   -101103.0607       706.1      -101002.2554      -100.8053 19m4s/Msamples
        4851000   -101106.2264       706.5      -101003.8335      -102.3928 19m4s/Msamples
        4852000   -101102.1922       706.7      -100999.1154      -103.0767 19m4s/Msamples
        4853000   -101100.8399       706.8      -101000.1933      -100.6465 19m4s/Msamples
        4854000   -101104.9897       707.2      -101008.8287       -96.1610 19m4s/Msamples
        4855000   -101101.9769       707.4      -101003.0854       -98.8914 19m4s/Msamples
        4856000   -101098.8636       707.4      -101001.4078       -97.4557 19m4s/Msamples
        4857000   -101094.0895       707.4      -100993.6640      -100.4255 19m4s/Msamples
        4858000   -101087.3941       707.3      -100990.6101       -96.7839 19m4s/Msamples
        4859000   -101102.0219       707.9      -101002.7373       -99.2846 19m4s/Msamples
        4860000   -101099.9261       707.9      -100996.9564      -102.9696 19m4s/Msamples
        4861000   -101104.9160       708.3      -100997.9554      -106.9606 19m4s/Msamples
        4862000   -101103.4755       708.6      -101008.1508       -95.3247 19m4s/Msamples
        4863000   -101099.0501       708.7      -101002.5901       -96.4599 19m4s/Msamples
        4864000   -101097.7180       708.8      -101002.5084       -95.2096 19m4s/Msamples
        4865000   -101087.7775       709.1      -100994.2149       -93.5625 19m4s/Msamples
        4866000   -101098.3010       709.2      -101001.7037       -96.5973 19m4s/Msamples
        4867000   -101094.6152       709.3      -100996.3767       -98.2385 19m4s/Msamples
        4868000   -101089.3267       709.4      -100987.9849      -101.3417 19m4s/Msamples
        4869000   -101102.6025       709.8      -101002.7724       -99.8300 19m4s/Msamples
        4870000   -101088.9533       709.7      -100989.9090       -99.0442 19m4s/Msamples
        4871000   -101084.8012       709.5      -100987.7397       -97.0615 19m4s/Msamples
        4872000   -101094.0245       709.2      -100992.1862      -101.8383 19m5s/Msamples
        4873000   -101096.5469       709.0      -100998.7618       -97.7850 19m4s/Msamples
        4874000   -101095.6158       708.7      -100996.1152       -99.5005 19m4s/Msamples
        4875000   -101094.1540       708.4      -100993.3351      -100.8189 19m4s/Msamples
        4876000   -101106.4721       709.0      -101003.9714      -102.5006 19m4s/Msamples
        4877000   -101110.5500       710.1      -101009.7785      -100.7714 19m4s/Msamples
        4878000   -101101.2587       710.2      -100997.3348      -103.9239 19m4s/Msamples
        4879000   -101101.1214       710.4      -100998.1944      -102.9270 19m4s/Msamples
        4880000   -101112.7983       711.7      -101009.0457      -103.7526 19m4s/Msamples
        4881000   -101092.8805       711.5      -100990.5799      -102.3005 19m5s/Msamples
        4882000   -101089.7395       711.2      -100989.4771      -100.2624 19m5s/Msamples
        4883000   -101082.1437       710.8      -100981.6887      -100.4550 19m4s/Msamples
        4884000   -101094.8109       710.5      -100991.0499      -103.7610 19m4s/Msamples
        4885000   -101102.4932       710.8      -100994.7677      -107.7255 19m4s/Msamples
        4886000   -101108.2692       711.6      -100998.9333      -109.3358 19m4s/Msamples
        4887000   -101104.2757       711.9      -100993.7123      -110.5634 19m4s/Msamples
        4888000   -101103.0689       712.2      -100999.4898      -103.5790 19m4s/Msamples
        4889000   -101107.5403       712.7      -101004.6210      -102.9192 19m4s/Msamples
        4890000   -101100.2057       712.8      -100994.6294      -105.5763 19m4s/Msamples
        4891000   -101108.3641       713.2      -101000.4623      -107.9018 19m4s/Msamples
        4892000   -101107.3949       713.5      -101002.1801      -105.2148 19m4s/Msamples
        4893000   -101112.3036       713.9      -101006.0644      -106.2392 19m4s/Msamples
        4894000   -101119.3804       714.5      -101014.3097      -105.0706 19m4s/Msamples
        4895000   -101102.6846       714.6      -100997.2053      -105.4792 19m4s/Msamples
        4896000   -101108.1479       714.7      -101000.6227      -107.5251 19m4s/Msamples
        4897000   -101116.1392       715.0      -101008.4762      -107.6630 19m4s/Msamples
        4898000   -101098.8706       715.3      -100993.4110      -105.4596 19m4s/Msamples
        4899000   -101094.8917       715.1      -100988.1254      -106.7662 19m4s/Msamples
        4900000   -101113.0878       715.2      -101003.9092      -109.1785 19m4s/Msamples
        4901000   -101111.1557       715.1      -101001.4296      -109.7260 19m4s/Msamples
        4902000   -101098.0211       715.6      -100990.2725      -107.7486 19m4s/Msamples
        4903000   -101119.0248       715.0      -101011.5229      -107.5019 19m4s/Msamples
        4904000   -101110.4871       714.5      -101004.4930      -105.9941 19m4s/Msamples
        4905000   -101109.3996       714.0      -101002.3071      -107.0924 19m4s/Msamples
        4906000   -101095.9041       714.8      -100990.2946      -105.6094 19m4s/Msamples
        4907000   -101105.1767       714.6      -101000.0282      -105.1484 19m4s/Msamples
        4908000   -101109.4472       714.2      -101000.5131      -108.9340 19m4s/Msamples
        4909000   -101110.5679       712.7      -101006.1855      -104.3823 19m4s/Msamples
        4910000   -101102.7569       712.7      -101000.8562      -101.9006 19m4s/Msamples
        4911000   -101105.5573       712.5      -101001.1393      -104.4179 19m4s/Msamples
        4912000   -101101.5102       712.7      -100999.9437      -101.5664 19m4s/Msamples
        4913000   -101101.5767       712.8      -101001.3975      -100.1791 19m4s/Msamples
        4914000   -101113.2387       712.4      -101011.9308      -101.3078 19m4s/Msamples
        4915000   -101105.1750       712.3      -101006.0374       -99.1376 19m4s/Msamples
        4916000   -101106.7105       712.1      -101002.9697      -103.7407 19m4s/Msamples
        4917000   -101098.0125       712.6      -100993.8991      -104.1133 19m4s/Msamples
        4918000   -101109.9662       712.2      -101004.3095      -105.6567 19m4s/Msamples
        4919000   -101098.7877       712.6      -100998.3662      -100.4215 19m4s/Msamples
        4920000   -101095.6638       713.2      -100996.0967       -99.5671 19m4s/Msamples
        4921000   -101097.1268       713.7      -100998.4435       -98.6833 19m4s/Msamples
        4922000   -101093.9759       714.3      -100994.1381       -99.8377 19m4s/Msamples
        4923000   -101097.5064       714.6      -100998.2234       -99.2830 19m4s/Msamples
        4924000   -101097.6067       714.9      -100996.1188      -101.4878 19m4s/Msamples
        4925000   -101096.2705       715.2      -100993.4992      -102.7712 19m4s/Msamples
        4926000   -101110.8260       715.5      -101003.6123      -107.2136 19m4s/Msamples
        4927000   -101099.1866       715.7      -100995.9274      -103.2591 19m4s/Msamples
        4928000   -101093.0333       716.0      -100992.5491      -100.4841 19m4s/Msamples
        4929000   -101097.2800       716.2      -100993.1661      -104.1138 19m4s/Msamples
        4930000   -101111.9319       716.7      -101002.7815      -109.1503 19m4s/Msamples
        4931000   -101106.3654       716.9      -101002.9865      -103.3788 19m4s/Msamples
        4932000   -101110.5911       717.3      -101005.0069      -105.5842 19m4s/Msamples
        4933000   -101106.2257       717.5      -100997.7949      -108.4307 19m4s/Msamples
        4934000   -101103.1246       717.6      -100998.6917      -104.4329 19m4s/Msamples
        4935000   -101108.4185       717.9      -101000.3253      -108.0932 19m4s/Msamples
        4936000   -101117.3641       718.5      -101009.4515      -107.9125 19m4s/Msamples
        4937000   -101098.3514       718.8      -100995.7237      -102.6276 19m4s/Msamples
        4938000   -101101.2083       718.9      -100997.5250      -103.6832 19m4s/Msamples
        4939000   -101099.4167       719.1      -100998.1115      -101.3052 19m4s/Msamples
        4940000   -101105.3703       719.2      -101006.8519       -98.5184 19m4s/Msamples
        4941000   -101115.1763       719.3      -101011.4473      -103.7290 19m5s/Msamples
        4942000   -101103.0787       719.4      -101001.9957      -101.0829 19m5s/Msamples
        4943000   -101102.5837       719.5      -100998.9098      -103.6738 19m5s/Msamples
        4944000   -101109.1486       719.4      -101005.1334      -104.0151 19m4s/Msamples
        4945000   -101113.3609       719.2      -101010.1874      -103.1735 19m4s/Msamples
        4946000   -101115.9868       718.9      -101010.3702      -105.6166 19m5s/Msamples
        4947000   -101116.0992       718.3      -101013.9204      -102.1787 19m5s/Msamples
        4948000   -101111.5832       717.6      -101004.9577      -106.6255 19m5s/Msamples
        4949000   -101110.4137       716.7      -101006.0232      -104.3905 19m5s/Msamples
        4950000   -101105.5329       716.5      -101001.3352      -104.1976 19m5s/Msamples
        4951000   -101106.6312       716.1      -101005.1786      -101.4525 19m5s/Msamples
        4952000   -101101.5252       716.3      -101003.0025       -98.5226 19m5s/Msamples
        4953000   -101098.9555       716.7      -100997.2423      -101.7131 19m5s/Msamples
        4954000   -101093.3145       717.8      -100991.7076      -101.6069 19m5s/Msamples
        4955000   -101098.6288       718.2      -100997.1661      -101.4627 19m5s/Msamples
        4956000   -101094.5554       718.9      -100991.7330      -102.8223 19m5s/Msamples
        4957000   -101092.9022       719.8      -100992.8348      -100.0673 19m5s/Msamples
        4958000   -101101.4776       720.0      -100998.5614      -102.9161 19m5s/Msamples
        4959000   -101100.5547       719.4      -101001.3559       -99.1987 19m5s/Msamples
        4960000   -101110.2470       719.4      -101008.2285      -102.0184 19m5s/Msamples
        4961000   -101103.3406       719.5      -101001.6671      -101.6735 19m5s/Msamples
        4962000   -101096.3014       719.9      -100992.3213      -103.9800 19m5s/Msamples
        4963000   -101091.3136       720.7      -100989.8130      -101.5006 19m5s/Msamples
        4964000   -101097.5448       721.0      -100997.2964      -100.2484 19m5s/Msamples
        4965000   -101092.6945       721.4      -100991.7323      -100.9621 19m5s/Msamples
        4966000   -101101.9461       721.6      -100997.1345      -104.8116 19m5s/Msamples
        4967000   -101099.7169       721.7      -100998.3484      -101.3684 19m5s/Msamples
        4968000   -101094.1043       721.7      -100993.1044      -100.9998 19m5s/Msamples
        4969000   -101105.2936       721.9      -101003.4891      -101.8045 19m5s/Msamples
        4970000   -101101.7901       722.0      -100995.8873      -105.9027 19m5s/Msamples
        4971000   -101108.0541       722.6      -101002.0338      -106.0203 19m5s/Msamples
        4972000   -101113.0849       723.5      -101007.8064      -105.2784 19m5s/Msamples
        4973000   -101099.3317       723.6      -100996.0621      -103.2695 19m5s/Msamples
        4974000   -101096.9877       723.7      -100996.2705      -100.7172 19m5s/Msamples
        4975000   -101099.2731       723.9      -100998.6068      -100.6662 19m5s/Msamples
        4976000   -101095.7671       724.1      -100994.9755      -100.7916 19m5s/Msamples
        4977000   -101101.3714       724.2      -100998.0352      -103.3361 19m5s/Msamples
        4978000   -101097.9233       724.4      -100995.1985      -102.7248 19m5s/Msamples
        4979000   -101107.4729       724.1      -101005.8744      -101.5984 19m5s/Msamples
        4980000   -101107.9052       724.5      -101010.5236       -97.3815 19m5s/Msamples
        4981000   -101104.8452       724.8      -101000.4433      -104.4019 19m5s/Msamples
        4982000   -101111.8378       725.2      -101009.1656      -102.6722 19m5s/Msamples
        4983000   -101104.9993       725.3      -101002.4836      -102.5156 19m5s/Msamples
        4984000   -101107.4410       725.4      -101004.9966      -102.4443 19m5s/Msamples
        4985000   -101104.5510       725.5      -101003.0731      -101.4778 19m5s/Msamples
        4986000   -101115.5094       725.7      -101010.9980      -104.5113 19m5s/Msamples
        4987000   -101102.7727       725.8      -101000.1374      -102.6353 19m5s/Msamples
        4988000   -101108.8680       725.7      -101002.3191      -106.5488 19m5s/Msamples
        4989000   -101113.9788       724.4      -101009.8478      -104.1310 19m5s/Msamples
        4990000   -101106.0260       724.4      -101002.5654      -103.4606 19m5s/Msamples
        4991000   -101106.0372       724.3      -101002.2114      -103.8257 19m5s/Msamples
        4992000   -101108.0782       724.2      -101001.5456      -106.5326 19m5s/Msamples
        4993000   -101099.5276       724.5      -100995.7770      -103.7505 19m5s/Msamples
        4994000   -101095.8265       725.1      -100994.9761      -100.8503 19m5s/Msamples
        4995000   -101096.3388       725.7      -100996.8211       -99.5176 19m5s/Msamples
        4996000   -101109.4238       725.5      -101005.8525      -103.5713 19m5s/Msamples
        4997000   -101117.2142       725.0      -101015.3967      -101.8174 19m5s/Msamples
        4998000   -101110.6769       724.6      -101007.3772      -103.2996 19m5s/Msamples
        4999000   -101104.2624       724.0      -101000.5608      -103.7016 19m5s/Msamples
        5000000   -101102.0800       724.1      -100998.8919      -103.1881 19m5s/Msamples
        5001000   -101108.8995       723.8      -101005.5292      -103.3703 19m5s/Msamples
        5002000   -101100.3654       724.1      -100996.9672      -103.3981 19m5s/Msamples
        5003000   -101105.5085       724.0      -100999.9934      -105.5151 19m5s/Msamples
        5004000   -101109.9587       723.7      -100998.1625      -111.7962 19m5s/Msamples
        5005000   -101123.9413       723.4      -101013.2596      -110.6817 19m5s/Msamples
        5006000   -101112.4131       722.9      -101004.7652      -107.6479 19m5s/Msamples
        5007000   -101107.2221       722.6      -101000.2081      -107.0140 19m5s/Msamples
        5008000   -101093.7807       723.5      -100991.4180      -102.3627 19m5s/Msamples
        5009000   -101092.0625       723.6      -100997.2752       -94.7872 19m5s/Msamples
        5010000   -101090.1831       724.8      -100990.2981       -99.8850 19m5s/Msamples
        5011000   -101088.9685       725.9      -100989.5733       -99.3952 19m5s/Msamples
        5012000   -101099.1461       726.1      -100999.1807       -99.9654 19m5s/Msamples
        5013000   -101095.5860       726.6      -100995.7476       -99.8383 19m5s/Msamples
        5014000   -101101.5052       726.8      -100997.9998      -103.5054 19m5s/Msamples
        5015000   -101102.7440       726.9      -100997.7687      -104.9752 19m5s/Msamples
        5016000   -101109.1409       727.0      -101001.3749      -107.7659 19m5s/Msamples
        5017000   -101117.3141       727.5      -101010.3263      -106.9877 19m5s/Msamples
        5018000   -101114.2844       727.6      -101009.7334      -104.5510 19m5s/Msamples
        5019000   -101101.3578       727.4      -101000.0047      -101.3531 19m5s/Msamples
        5020000   -101096.1372       727.8      -100991.3606      -104.7765 19m5s/Msamples
        5021000   -101098.2129       728.0      -100994.8803      -103.3326 19m5s/Msamples
        5022000   -101096.9664       728.4      -100994.3529      -102.6134 19m5s/Msamples
        5023000   -101093.0602       728.8      -100988.2775      -104.7826 19m5s/Msamples
        5024000   -101098.1108       728.9      -100992.3895      -105.7213 19m5s/Msamples
        5025000   -101101.5057       729.1      -100996.2100      -105.2956 19m5s/Msamples
        5026000   -101110.6554       729.7      -101003.9665      -106.6888 19m5s/Msamples
        5027000   -101102.5279       729.9      -100999.6595      -102.8684 19m5s/Msamples
        5028000   -101107.3480       730.2      -101005.4669      -101.8811 19m4s/Msamples
        5029000   -101102.7368       729.9      -100996.7721      -105.9646 19m4s/Msamples
        5030000   -101108.3417       730.0      -101000.7426      -107.5990 19m4s/Msamples
        5031000   -101096.2904       730.4      -100991.1350      -105.1554 19m4s/Msamples
        5032000   -101097.3276       730.7      -100992.5122      -104.8154 19m4s/Msamples
        5033000   -101098.4176       730.9      -100994.4275      -103.9901 19m4s/Msamples
        5034000   -101094.3709       731.4      -100989.6895      -104.6814 19m4s/Msamples
        5035000   -101100.5846       731.5      -100997.5452      -103.0394 19m4s/Msamples
        5036000   -101096.7216       731.7      -100996.8325       -99.8891 19m4s/Msamples
        5037000   -101093.1708       731.8      -100993.1917       -99.9791 19m4s/Msamples
        5038000   -101097.3770       731.9      -100995.2697      -102.1072 19m4s/Msamples
        5039000   -101101.0622       732.0      -100996.9209      -104.1413 19m4s/Msamples
        5040000   -101107.1079       732.4      -101005.2092      -101.8986 19m4s/Msamples
        5041000   -101103.3214       732.6      -100999.8506      -103.4707 19m4s/Msamples
        5042000   -101092.3705       732.9      -100993.6205       -98.7500 19m4s/Msamples
        5043000   -101107.2764       733.2      -101009.4041       -97.8722 19m4s/Msamples
        5044000   -101097.9502       733.4      -100995.5813      -102.3689 19m4s/Msamples
        5045000   -101091.2841       733.6      -100992.0672       -99.2168 19m4s/Msamples
        5046000   -101097.0331       733.7      -100998.1422       -98.8909 19m4s/Msamples
        5047000   -101093.6696       733.7      -100995.0461       -98.6235 19m4s/Msamples
        5048000   -101100.7619       733.8      -100996.8380      -103.9238 19m4s/Msamples
        5049000   -101103.4237       734.1      -101002.9183      -100.5054 19m4s/Msamples
        5050000   -101098.4475       734.2      -100996.0540      -102.3935 19m4s/Msamples
        5051000   -101093.6518       734.1      -100990.5328      -103.1190 19m4s/Msamples
        5052000   -101098.1377       734.2      -100992.6347      -105.5030 19m4s/Msamples
        5053000   -101105.4735       734.5      -100995.2046      -110.2689 19m4s/Msamples
        5054000   -101112.4269       735.4      -101000.7453      -111.6816 19m4s/Msamples
        5055000   -101109.7130       736.0      -101001.8533      -107.8596 19m4s/Msamples
        5056000   -101110.5479       736.5      -101005.0587      -105.4892 19m4s/Msamples
        5057000   -101107.1114       736.7      -101004.3922      -102.7191 19m4s/Msamples
        5058000   -101114.0586       737.2      -101011.0147      -103.0438 19m4s/Msamples
        5059000   -101101.2962       738.0      -100997.9400      -103.3562 19m4s/Msamples
        5060000   -101099.7996       738.2      -100997.6429      -102.1567 19m4s/Msamples
        5061000   -101118.2826       738.7      -101011.1688      -107.1137 19m4s/Msamples
        5062000   -101110.0448       738.9      -101005.3685      -104.6762 19m4s/Msamples
        5063000   -101091.3392       739.6      -100992.0457       -99.2934 19m4s/Msamples
        5064000   -101090.4882       740.4      -100990.6043       -99.8839 19m4s/Msamples
        5065000   -101088.1795       741.4      -100989.2413       -98.9381 19m4s/Msamples
        5066000   -101091.6725       742.0      -100989.2148      -102.4577 19m4s/Msamples
        5067000   -101096.9020       742.3      -100996.0839      -100.8180 19m4s/Msamples
        5068000   -101094.8622       742.6      -100993.5769      -101.2853 19m4s/Msamples
        5069000   -101089.3660       743.8      -100994.4905       -94.8755 19m4s/Msamples
        5070000   -101099.1500       744.0      -101000.9595       -98.1904 19m4s/Msamples
        5071000   -101103.4239       744.2      -101003.2949      -100.1289 19m4s/Msamples
        5072000   -101095.3483       744.4      -100993.4186      -101.9296 19m4s/Msamples
        5073000   -101096.6223       744.6      -100995.3354      -101.2869 19m4s/Msamples
        5074000   -101098.5608       744.7      -100998.1195      -100.4412 19m4s/Msamples
        5075000   -101098.1243       744.8      -100997.0839      -101.0404 19m5s/Msamples
        5076000   -101096.5857       744.8      -100995.0874      -101.4982 19m4s/Msamples
        5077000   -101107.1229       745.4      -101005.0671      -102.0557 19m5s/Msamples
        5078000   -101104.1258       745.7      -100998.9965      -105.1292 19m4s/Msamples
        5079000   -101111.6013       746.7      -101006.9568      -104.6444 19m4s/Msamples
        5080000   -101104.8813       747.0      -100998.5572      -106.3241 19m4s/Msamples
        5081000   -101096.6369       747.0      -100994.6441      -101.9928 19m4s/Msamples
        5082000   -101109.7183       747.8      -101006.2329      -103.4854 19m4s/Msamples
        5083000   -101096.3484       747.8      -100998.0564       -98.2920 19m5s/Msamples
        5084000   -101109.5628       748.4      -101004.9496      -104.6131 19m5s/Msamples
        5085000   -101109.0383       748.8      -101002.0352      -107.0031 19m5s/Msamples
        5086000   -101111.0363       749.2      -101006.0789      -104.9573 19m5s/Msamples
        5087000   -101106.7841       749.4      -101000.5811      -106.2030 19m5s/Msamples
        5088000   -101102.0100       749.5      -100999.1446      -102.8653 19m5s/Msamples
        5089000   -101092.9647       750.0      -100987.4670      -105.4977 19m5s/Msamples
        5090000   -101099.9621       750.2      -100999.7987      -100.1633 19m5s/Msamples
        5091000   -101091.9416       750.8      -100992.6700       -99.2715 19m5s/Msamples
        5092000   -101108.2928       750.9      -100999.7341      -108.5586 19m5s/Msamples
        5093000   -101104.1063       751.0      -101001.7825      -102.3238 19m5s/Msamples
        5094000   -101100.3600       751.2      -100994.4149      -105.9451 19m5s/Msamples
        5095000   -101114.8125       751.3      -101005.8688      -108.9436 19m5s/Msamples
        5096000   -101108.0994       751.3      -100998.3080      -109.7913 19m5s/Msamples
        5097000   -101098.9079       751.6      -100991.3958      -107.5121 19m5s/Msamples
        5098000   -101103.9757       751.7      -100991.7489      -112.2267 19m5s/Msamples
        5099000   -101101.8768       751.7      -100990.7209      -111.1558 19m5s/Msamples
        5100000   -101093.5541       752.3      -100982.9391      -110.6149 19m5s/Msamples
        5101000   -101095.7664       752.7      -100986.7232      -109.0431 19m5s/Msamples
        5102000   -101109.7772       752.8      -101002.7808      -106.9964 19m5s/Msamples
        5103000   -101102.4011       752.9      -100999.0482      -103.3529 19m5s/Msamples
        5104000   -101107.4798       753.1      -101005.6884      -101.7914 19m5s/Msamples
        5105000   -101100.4592       753.2      -100997.4075      -103.0516 19m5s/Msamples
        5106000   -101102.1101       753.4      -101000.8716      -101.2384 19m5s/Msamples
        5107000   -101097.6502       753.6      -100994.9057      -102.7444 19m5s/Msamples
        5108000   -101091.1390       754.2      -100990.3104      -100.8286 19m5s/Msamples
        5109000   -101096.1463       754.9      -100991.6384      -104.5079 19m5s/Msamples
        5110000   -101104.4442       755.1      -101002.1338      -102.3103 19m5s/Msamples
        5111000   -101097.3196       755.3      -100992.4577      -104.8619 19m5s/Msamples
        5112000   -101095.1759       755.6      -100990.3472      -104.8287 19m5s/Msamples
        5113000   -101107.2737       755.9      -100997.7808      -109.4929 19m5s/Msamples
        5114000   -101095.4967       756.0      -100988.0074      -107.4892 19m5s/Msamples
        5115000   -101095.3211       756.1      -100989.7904      -105.5307 19m5s/Msamples
        5116000   -101100.0497       756.3      -100992.9491      -107.1005 19m5s/Msamples
        5117000   -101101.6627       756.4      -100992.1933      -109.4693 19m5s/Msamples
        5118000   -101101.0781       756.6      -100993.9161      -107.1620 19m5s/Msamples
        5119000   -101107.0726       757.2      -101004.4182      -102.6543 19m5s/Msamples
        5120000   -101101.7807       757.4      -100995.0365      -106.7442 19m5s/Msamples
        5121000   -101093.1261       757.5      -100988.5096      -104.6164 19m5s/Msamples
        5122000   -101094.8190       757.6      -100985.9259      -108.8931 19m5s/Msamples
        5123000   -101105.9880       758.0      -100996.1893      -109.7987 19m5s/Msamples
        5124000   -101096.7060       758.1      -100990.4717      -106.2343 19m5s/Msamples
        5125000   -101088.5136       758.1      -100985.6916      -102.8220 19m5s/Msamples
        5126000   -101089.0493       758.0      -100989.7559       -99.2934 19m5s/Msamples
        5127000   -101085.8246       758.0      -100985.3664      -100.4582 19m5s/Msamples
        5128000   -101099.8599       758.0      -100994.0209      -105.8390 19m5s/Msamples
        5129000   -101107.8176       758.6      -100999.9167      -107.9009 19m5s/Msamples
        5130000   -101101.8624       758.8      -100995.9836      -105.8787 19m5s/Msamples
        5131000   -101095.3945       758.7      -100993.1459      -102.2486 19m5s/Msamples
        5132000   -101097.8401       758.7      -100997.4028      -100.4372 19m5s/Msamples
        5133000   -101090.1898       758.5      -100987.6980      -102.4917 19m5s/Msamples
        5134000   -101094.2989       758.4      -100992.4019      -101.8969 19m5s/Msamples
        5135000   -101097.9713       758.4      -100996.7464      -101.2249 19m5s/Msamples
        5136000   -101087.5836       758.0      -100991.6064       -95.9771 19m5s/Msamples
        5137000   -101100.6722       758.1      -101002.5265       -98.1457 19m5s/Msamples
        5138000   -101098.3407       758.0      -101000.0513       -98.2894 19m5s/Msamples
        5139000   -101103.1627       758.9      -101001.8270      -101.3357 19m5s/Msamples
        5140000   -101109.6645       759.9      -101010.2753       -99.3892 19m5s/Msamples
        5141000   -101104.9573       760.4      -101005.8101       -99.1472 19m5s/Msamples
        5142000   -101099.0850       760.4      -100999.3957       -99.6892 19m5s/Msamples
        5143000   -101102.7908       760.6      -101001.4615      -101.3293 19m5s/Msamples
        5144000   -101105.4636       761.1      -101004.3600      -101.1036 19m5s/Msamples
        5145000   -101109.3941       761.7      -101004.3413      -105.0527 19m5s/Msamples
        5146000   -101101.0313       761.8      -100996.9396      -104.0917 19m5s/Msamples
        5147000   -101097.9465       762.0      -100994.3564      -103.5900 19m5s/Msamples
        5148000   -101114.0269       762.8      -101006.4749      -107.5519 19m5s/Msamples
        5149000   -101101.6753       763.3      -100999.2388      -102.4365 19m5s/Msamples
        5150000   -101101.8525       763.5      -100999.0048      -102.8477 19m5s/Msamples
        5151000   -101104.3632       763.7      -100999.0746      -105.2885 19m5s/Msamples
        5152000   -101101.3801       763.9      -100999.4964      -101.8837 19m5s/Msamples
        5153000   -101096.1034       764.2      -100996.9935       -99.1099 19m5s/Msamples
        5154000   -101103.3132       764.3      -101003.2847      -100.0284 19m5s/Msamples
        5155000   -101106.7674       764.4      -101003.9059      -102.8614 19m5s/Msamples
        5156000   -101101.7907       764.6      -100999.4931      -102.2976 19m5s/Msamples
        5157000   -101097.5571       764.9      -100995.9211      -101.6359 19m5s/Msamples
        5158000   -101089.8068       765.8      -100989.2925      -100.5142 19m5s/Msamples
        5159000   -101098.6188       766.4      -100998.1695      -100.4493 19m5s/Msamples
        5160000   -101100.5839       766.6      -101000.2428      -100.3410 19m5s/Msamples
        5161000   -101105.1120       766.8      -101003.0603      -102.0516 19m5s/Msamples
        5162000   -101099.3343       767.0      -101002.3667       -96.9675 19m5s/Msamples
        5163000   -101099.7645       767.2      -100997.9815      -101.7829 19m5s/Msamples
        5164000   -101091.0268       767.5      -100991.7018       -99.3249 19m5s/Msamples
        5165000   -101098.1672       767.7      -100994.9142      -103.2529 19m5s/Msamples
        5166000   -101106.9855       768.0      -101002.5000      -104.4855 19m5s/Msamples
        5167000   -101106.4505       768.3      -101004.6469      -101.8036 19m5s/Msamples
        5168000   -101112.5103       768.9      -101007.6181      -104.8922 19m5s/Msamples
        5169000   -101107.5980       769.5      -101007.8685       -99.7295 19m5s/Msamples
        5170000   -101095.8250       769.7      -100997.2402       -98.5847 19m5s/Msamples
        5171000   -101099.5358       769.8      -100998.9099      -100.6258 19m5s/Msamples
        5172000   -101095.0785       770.1      -100998.7096       -96.3689 19m5s/Msamples
        5173000   -101112.8387       770.7      -101010.0950      -102.7436 19m5s/Msamples
        5174000   -101097.4707       770.9      -100997.3225      -100.1482 19m5s/Msamples
        5175000   -101098.0776       771.0      -100998.1763       -99.9013 19m5s/Msamples
        5176000   -101104.4493       771.2      -101002.2113      -102.2379 19m5s/Msamples
        5177000   -101095.5480       771.5      -100994.0043      -101.5436 19m5s/Msamples
        5178000   -101094.7154       771.8      -100996.5437       -98.1717 19m5s/Msamples
        5179000   -101093.8619       772.2      -100997.1288       -96.7331 19m5s/Msamples
        5180000   -101090.7138       772.5      -100997.3738       -93.3399 19m5s/Msamples
        5181000   -101098.8163       772.6      -101000.3521       -98.4642 19m5s/Msamples
        5182000   -101092.3463       772.8      -100999.3722       -92.9741 19m5s/Msamples
        5183000   -101094.4917       772.9      -101000.0454       -94.4462 19m5s/Msamples
        5184000   -101101.7001       773.1      -101005.4952       -96.2049 19m5s/Msamples
        5185000   -101109.2562       773.6      -101010.0853       -99.1709 19m5s/Msamples
        5186000   -101102.4108       773.8      -101006.4287       -95.9820 19m5s/Msamples
        5187000   -101097.8900       773.9      -100997.1571      -100.7329 19m5s/Msamples
        5188000   -101114.5314       775.1      -101013.8822      -100.6492 19m5s/Msamples
        5189000   -101101.5665       775.4      -101002.1828       -99.3836 19m5s/Msamples
        5190000   -101099.6932       775.5      -100998.1877      -101.5055 19m5s/Msamples
        5191000   -101098.8010       775.6      -100999.7825       -99.0185 19m5s/Msamples
        5192000   -101093.3653       775.6      -100991.6621      -101.7031 19m5s/Msamples
        5193000   -101093.9091       775.6      -100995.6038       -98.3052 19m5s/Msamples
        5194000   -101087.7076       775.6      -100987.2339      -100.4737 19m5s/Msamples
        5195000   -101090.3342       775.4      -100988.7074      -101.6268 19m5s/Msamples
        5196000   -101108.0599       776.1      -101006.9574      -101.1025 19m5s/Msamples
        5197000   -101091.4288       776.0      -100988.7162      -102.7125 19m5s/Msamples
        5198000   -101100.3452       776.1      -100994.9909      -105.3542 19m5s/Msamples
        5199000   -101096.7585       775.9      -100996.3429      -100.4155 19m5s/Msamples
        5200000   -101097.5422       775.9      -100995.6891      -101.8530 19m5s/Msamples
        5201000   -101101.7003       776.1      -101000.9788      -100.7214 19m5s/Msamples
        5202000   -101092.0771       776.1      -100990.3540      -101.7230 19m5s/Msamples
        5203000   -101095.1163       776.1      -100997.3739       -97.7423 19m5s/Msamples
        5204000   -101091.8267       775.9      -100995.1901       -96.6366 19m5s/Msamples
        5205000   -101089.7831       775.6      -100992.4758       -97.3073 19m5s/Msamples
        5206000   -101099.9622       775.7      -100997.5015      -102.4607 19m5s/Msamples
        5207000   -101089.6643       775.1      -100991.0340       -98.6303 19m5s/Msamples
        5208000   -101100.7890       775.3      -100994.5941      -106.1949 19m5s/Msamples
        5209000   -101101.5011       775.3      -100993.7127      -107.7884 19m5s/Msamples
        5210000   -101091.6111       774.8      -100989.5225      -102.0886 19m5s/Msamples
        5211000   -101096.9091       774.5      -100995.2702      -101.6388 19m5s/Msamples
        5212000   -101097.2995       774.4      -100994.2312      -103.0683 19m5s/Msamples
        5213000   -101097.3670       774.2      -100995.0208      -102.3461 19m5s/Msamples
        5214000   -101102.8365       774.5      -100999.6218      -103.2147 19m5s/Msamples
        5215000   -101107.9394       775.3      -101004.9077      -103.0317 19m5s/Msamples
        5216000   -101100.6464       775.4      -100998.2565      -102.3898 19m5s/Msamples
        5217000   -101105.3875       775.9      -101004.8208      -100.5666 19m5s/Msamples
        5218000   -101100.0382       776.0      -100998.6472      -101.3909 19m5s/Msamples
        5219000   -101100.1566       775.7      -100997.4116      -102.7450 19m5s/Msamples
        5220000   -101105.7845       776.2      -101000.0384      -105.7460 19m5s/Msamples
        5221000   -101093.6410       776.1      -100991.8974      -101.7436 19m5s/Msamples
        5222000   -101089.9258       776.0      -100985.0915      -104.8342 19m5s/Msamples
        5223000   -101106.7204       776.5      -100996.0783      -110.6421 19m5s/Msamples
        5224000   -101091.8778       776.6      -100987.6290      -104.2487 19m5s/Msamples
        5225000   -101088.4297       776.6      -100987.7698      -100.6599 19m5s/Msamples
        5226000   -101093.8481       776.6      -100996.6478       -97.2002 19m5s/Msamples
        5227000   -101106.4094       777.0      -101004.5237      -101.8857 19m5s/Msamples
        5228000   -101107.1841       777.5      -101001.1201      -106.0640 19m5s/Msamples
        5229000   -101098.5174       777.4      -100991.4559      -107.0615 19m5s/Msamples
        5230000   -101113.8555       778.3      -101004.9463      -108.9092 19m5s/Msamples
        5231000   -101101.7065       778.4      -100996.9226      -104.7838 19m5s/Msamples
        5232000   -101098.8067       778.6      -100996.3739      -102.4328 19m5s/Msamples
        5233000   -101102.7429       778.8      -101002.7949       -99.9480 19m5s/Msamples
        5234000   -101093.1900       779.0      -100990.8071      -102.3829 19m5s/Msamples
        5235000   -101110.4362       779.5      -101006.6019      -103.8342 19m5s/Msamples
        5236000   -101111.9119       780.2      -101003.0216      -108.8902 19m5s/Msamples
        5237000   -101108.1684       780.5      -101007.3482      -100.8201 19m5s/Msamples
        5238000   -101105.3673       780.7      -101003.8175      -101.5497 19m5s/Msamples
        5239000   -101103.4524       780.7      -101006.5369       -96.9155 19m5s/Msamples
        5240000   -101091.1327       781.2      -100990.8451      -100.2875 19m5s/Msamples
        5241000   -101096.9841       781.4      -100995.3398      -101.6442 19m5s/Msamples
        5242000   -101108.7238       781.7      -101007.1271      -101.5967 19m5s/Msamples
        5243000   -101095.7186       782.0      -100993.1501      -102.5685 19m5s/Msamples
        5244000   -101094.0363       782.5      -100994.7840       -99.2522 19m5s/Msamples
        5245000   -101086.7838       783.5      -100986.8026       -99.9811 19m5s/Msamples
        5246000   -101102.0041       783.6      -100996.9046      -105.0995 19m5s/Msamples
        5247000   -101101.8014       783.8      -101001.2124      -100.5889 19m5s/Msamples
        5248000   -101105.9647       784.0      -101003.6456      -102.3191 19m5s/Msamples
        5249000   -101100.2556       783.4      -100999.1246      -101.1309 19m5s/Msamples
        5250000   -101090.6522       783.8      -100989.6187      -101.0334 19m5s/Msamples
        5251000   -101089.6452       784.1      -100989.8500       -99.7952 19m5s/Msamples
        5252000   -101088.7993       784.3      -100985.1176      -103.6817 19m5s/Msamples
        5253000   -101086.3114       784.5      -100983.9771      -102.3343 19m5s/Msamples
        5254000   -101090.0125       784.4      -100986.5034      -103.5090 19m5s/Msamples
        5255000   -101089.9417       784.0      -100990.4702       -99.4715 19m5s/Msamples
        5256000   -101089.1794       783.4      -100986.6989      -102.4805 19m5s/Msamples
        5257000   -101097.9426       783.3      -100995.9952      -101.9473 19m5s/Msamples
        5258000   -101096.2500       782.9      -100997.1417       -99.1083 19m5s/Msamples
        5259000   -101096.5854       781.6      -100995.9277      -100.6576 19m5s/Msamples
        5260000   -101104.2625       782.1      -101001.6176      -102.6449 19m5s/Msamples
        5261000   -101104.6677       782.6      -100997.9220      -106.7456 19m5s/Msamples
        5262000   -101097.5196       782.4      -100994.7368      -102.7827 19m5s/Msamples
        5263000   -101098.2830       782.3      -100997.6818      -100.6011 19m5s/Msamples
        5264000   -101106.2493       783.0      -101010.0262       -96.2231 19m5s/Msamples
        5265000   -101096.1656       782.8      -100997.8743       -98.2913 19m5s/Msamples
        5266000   -101090.0434       782.2      -100991.6671       -98.3763 19m5s/Msamples
        5267000   -101081.6033       781.3      -100985.8276       -95.7756 19m5s/Msamples
        5268000   -101096.0695       780.9      -101000.3174       -95.7520 19m5s/Msamples
        5269000   -101095.9995       780.1      -100996.2079       -99.7916 19m5s/Msamples
        5270000   -101095.7231       779.8      -100994.1561      -101.5669 19m5s/Msamples
        5271000   -101102.3552       780.0      -101001.9934      -100.3618 19m5s/Msamples
        5272000   -101097.4370       779.9      -100994.5966      -102.8403 19m5s/Msamples
        5273000   -101099.3496       779.9      -100995.4424      -103.9071 19m5s/Msamples
        5274000   -101096.8192       779.8      -100989.4066      -107.4126 19m5s/Msamples
        5275000   -101101.4279       780.0      -100997.4508      -103.9771 19m5s/Msamples
        5276000   -101104.6925       780.4      -100998.9187      -105.7737 19m5s/Msamples
        5277000   -101102.1565       780.6      -100995.0137      -107.1428 19m5s/Msamples
        5278000   -101102.6702       780.8      -100996.7239      -105.9463 19m5s/Msamples
        5279000   -101099.7112       780.5      -100991.1712      -108.5400 19m5s/Msamples
        5280000   -101094.7756       780.4      -100987.6009      -107.1746 19m5s/Msamples
        5281000   -101092.8750       780.3      -100990.8350      -102.0400 19m5s/Msamples
        5282000   -101100.7103       780.4      -101002.6090       -98.1012 19m5s/Msamples
        5283000   -101102.9100       780.7      -101004.8905       -98.0195 19m5s/Msamples
        5284000   -101095.1922       780.5      -100995.5435       -99.6486 19m5s/Msamples
        5285000   -101086.7912       780.4      -100988.0592       -98.7320 19m5s/Msamples
        5286000   -101095.1976       780.3      -100996.6282       -98.5694 19m5s/Msamples
        5287000   -101094.1986       780.2      -100994.6584       -99.5402 19m5s/Msamples
        5288000   -101093.4405       780.1      -100991.2610      -102.1794 19m5s/Msamples
        5289000   -101095.4603       779.6      -100992.4920      -102.9683 19m5s/Msamples
        5290000   -101110.2919       780.5      -101009.8499      -100.4419 19m5s/Msamples
        5291000   -101097.2525       780.5      -100995.9173      -101.3351 19m5s/Msamples
        5292000   -101100.6740       780.7      -100998.9756      -101.6983 19m5s/Msamples
        5293000   -101097.1239       780.7      -100994.1740      -102.9498 19m5s/Msamples
        5294000   -101101.4717       780.8      -100999.5355      -101.9362 19m5s/Msamples
        5295000   -101100.0444       780.9      -100993.9702      -106.0741 19m5s/Msamples
        5296000   -101093.2620       780.8      -100992.1296      -101.1323 19m5s/Msamples
        5297000   -101094.5533       780.6      -100991.8620      -102.6913 19m5s/Msamples
        5298000   -101099.3381       780.6      -100998.3904      -100.9476 19m5s/Msamples
        5299000   -101096.4159       780.7      -100993.3096      -103.1063 19m5s/Msamples
        5300000   -101091.1879       780.4      -100987.9848      -103.2031 19m5s/Msamples
        5301000   -101104.8034       780.9      -100998.1296      -106.6738 19m5s/Msamples
        5302000   -101103.8976       781.2      -100996.6389      -107.2586 19m5s/Msamples
        5303000   -101096.3800       781.1      -100985.3817      -110.9983 19m5s/Msamples
        5304000   -101101.6609       781.3      -100993.4122      -108.2486 19m5s/Msamples
        5305000   -101105.7993       781.7      -100990.0934      -115.7059 19m5s/Msamples
        5306000   -101107.7078       782.2      -100994.3310      -113.3767 19m5s/Msamples
        5307000   -101105.1944       782.5      -100994.2228      -110.9715 19m5s/Msamples
        5308000   -101111.5845       783.1      -100999.3446      -112.2399 19m5s/Msamples
        5309000   -101111.2500       783.5      -101002.7260      -108.5239 19m5s/Msamples
        5310000   -101101.2511       783.6      -100990.6041      -110.6470 19m5s/Msamples
        5311000   -101103.2930       783.8      -100999.2730      -104.0200 19m5s/Msamples
        5312000   -101101.5583       784.0      -100997.2625      -104.2957 19m5s/Msamples
        5313000   -101108.8365       784.2      -101001.6401      -107.1964 19m5s/Msamples
        5314000   -101103.6876       784.4      -100998.1377      -105.5498 19m5s/Msamples
        5315000   -101103.3330       784.5      -101002.3582      -100.9748 19m5s/Msamples
        5316000   -101085.0783       785.8      -100986.2023       -98.8760 19m5s/Msamples
        5317000   -101089.3404       786.5      -100984.8214      -104.5189 19m5s/Msamples
        5318000   -101091.5008       787.0      -100991.7097       -99.7910 19m5s/Msamples
        5319000   -101093.8982       787.0      -100990.1072      -103.7910 19m5s/Msamples
        5320000   -101095.0459       787.2      -100992.0135      -103.0323 19m5s/Msamples
        5321000   -101090.4213       787.6      -100987.2790      -103.1423 19m5s/Msamples
        5322000   -101120.5802       788.9      -101016.3188      -104.2613 19m5s/Msamples
        5323000   -101103.5377       789.1      -100999.3194      -104.2183 19m5s/Msamples
        5324000   -101093.0893       789.4      -100993.0194      -100.0698 19m5s/Msamples
        5325000   -101091.8772       789.7      -100989.1252      -102.7519 19m5s/Msamples
        5326000   -101098.2156       789.8      -100993.6749      -104.5406 19m5s/Msamples
        5327000   -101099.4807       789.9      -100998.4991      -100.9815 19m5s/Msamples
        5328000   -101100.2977       790.0      -100997.8257      -102.4719 19m5s/Msamples
        5329000   -101097.9529       790.1      -100996.4066      -101.5463 19m5s/Msamples
        5330000   -101094.0262       790.0      -100993.4824      -100.5437 19m5s/Msamples
        5331000   -101092.3975       789.8      -100989.9429      -102.4545 19m5s/Msamples
        5332000   -101107.4811       790.5      -101002.3877      -105.0934 19m5s/Msamples
        5333000   -101108.0634       791.3      -101003.6473      -104.4160 19m5s/Msamples
        5334000   -101091.0864       791.0      -100986.9535      -104.1329 19m5s/Msamples
        5335000   -101096.4873       790.9      -100996.4165      -100.0708 19m5s/Msamples
        5336000   -101100.0368       791.0      -100995.5411      -104.4957 19m5s/Msamples
        5337000   -101097.6094       791.1      -100993.9862      -103.6232 19m5s/Msamples
        5338000   -101101.9443       791.3      -100998.6271      -103.3172 19m5s/Msamples
        5339000   -101098.6839       791.3      -100996.0905      -102.5933 19m5s/Msamples
        5340000   -101090.5918       791.4      -100992.6229       -97.9688 19m5s/Msamples
        5341000   -101088.2084       791.2      -100993.3120       -94.8964 19m5s/Msamples
        5342000   -101089.5523       790.9      -100997.8658       -91.6865 19m5s/Msamples
        5343000   -101091.5760       790.6      -100996.6944       -94.8816 19m5s/Msamples
        5344000   -101090.4513       790.2      -100995.9322       -94.5190 19m5s/Msamples
        5345000   -101092.3901       789.8      -100997.3496       -95.0404 19m5s/Msamples
        5346000   -101099.3081       789.8      -101004.2700       -95.0380 19m5s/Msamples
        5347000   -101093.1473       789.5      -100995.9727       -97.1745 19m5s/Msamples
        5348000   -101086.4921       788.8      -100987.0552       -99.4369 19m5s/Msamples
        5349000   -101095.1696       788.7      -100993.6702      -101.4993 19m5s/Msamples
        5350000   -101098.3435       788.6      -100998.5074       -99.8360 19m5s/Msamples
        5351000   -101098.0076       788.4      -100999.9519       -98.0557 19m5s/Msamples
        5352000   -101111.0580       789.9      -101011.9516       -99.1063 19m5s/Msamples
        5353000   -101090.7804       789.3      -100994.5168       -96.2635 19m5s/Msamples
        5354000   -101091.6332       788.7      -100991.8865       -99.7466 19m5s/Msamples
        5355000   -101106.5870       789.5      -101005.2524      -101.3345 19m5s/Msamples
        5356000   -101099.3762       789.5      -100999.4896       -99.8865 19m5s/Msamples
        5357000   -101102.3480       789.8      -101005.6306       -96.7174 19m5s/Msamples
        5358000   -101111.5666       791.2      -101010.0080      -101.5585 19m5s/Msamples
        5359000   -101108.5350       791.3      -101006.8324      -101.7026 19m5s/Msamples
        5360000   -101096.9958       791.2      -100997.9754       -99.0203 19m5s/Msamples
        5361000   -101099.4926       791.3      -100999.1070      -100.3855 19m5s/Msamples
        5362000   -101101.0673       791.4      -101001.8835       -99.1838 19m5s/Msamples
        5363000   -101097.5657       791.5      -100998.6961       -98.8695 19m5s/Msamples
        5364000   -101120.3268       793.1      -101018.1005      -102.2263 19m5s/Msamples
        5365000   -101106.1282       793.4      -101007.0129       -99.1152 19m5s/Msamples
        5366000   -101103.4234       793.6      -101001.0449      -102.3784 19m5s/Msamples
        5367000   -101114.1305       794.0      -101015.3404       -98.7900 19m5s/Msamples
        5368000   -101101.2457       794.1      -100997.8476      -103.3981 19m5s/Msamples
        5369000   -101104.0387       793.4      -101004.6794       -99.3593 19m5s/Msamples
        5370000   -101107.4431       793.4      -101004.8647      -102.5784 19m5s/Msamples
        5371000   -101110.0420       793.4      -101000.9960      -109.0459 19m5s/Msamples
        5372000   -101104.0884       793.4      -100998.3306      -105.7578 19m5s/Msamples
        5373000   -101103.2717       793.5      -100998.8201      -104.4515 19m5s/Msamples
        5374000   -101112.4529       793.2      -101007.8635      -104.5893 19m5s/Msamples
        5375000   -101103.8100       793.2      -101005.8880       -97.9219 19m5s/Msamples
        5376000   -101109.3058       792.9      -101006.9339      -102.3718 19m5s/Msamples
        5377000   -101107.2212       792.8      -101006.5316      -100.6896 19m5s/Msamples
        5378000   -101122.3717       792.4      -101019.4211      -102.9506 19m5s/Msamples
        5379000   -101114.0780       792.8      -101011.9091      -102.1689 19m5s/Msamples
        5380000   -101110.1728       792.2      -101008.9176      -101.2551 19m5s/Msamples
        5381000   -101097.6896       792.8      -101002.2848       -95.4048 19m5s/Msamples
        5382000   -101091.1572       794.4      -100993.3312       -97.8259 19m5s/Msamples
        5383000   -101094.0391       795.3      -100997.0759       -96.9631 19m5s/Msamples
        5384000   -101102.6706       795.4      -101002.9113       -99.7593 19m5s/Msamples
        5385000   -101093.7693       796.2      -100998.3627       -95.4065 19m5s/Msamples
        5386000   -101094.9236       796.9      -100999.6857       -95.2379 19m5s/Msamples
        5387000   -101096.4867       797.4      -100995.6294      -100.8572 19m5s/Msamples
        5388000   -101094.1723       798.0      -100993.1169      -101.0554 19m5s/Msamples
        5389000   -101108.4005       797.8      -101006.6696      -101.7309 19m5s/Msamples
        5390000   -101108.7984       797.9      -101003.8148      -104.9836 19m5s/Msamples
        5391000   -101116.7680       798.0      -101008.8534      -107.9146 19m5s/Msamples
        5392000   -101112.6120       797.9      -101007.9642      -104.6477 19m5s/Msamples
        5393000   -101113.6700       797.8      -101007.3755      -106.2944 19m5s/Msamples
        5394000   -101123.3204       797.8      -101017.6724      -105.6480 19m5s/Msamples
        5395000   -101099.5236       798.1      -100995.3428      -104.1807 19m5s/Msamples
        5396000   -101109.6342       797.9      -101006.2524      -103.3818 19m5s/Msamples
        5397000   -101102.6383       798.0      -100998.8615      -103.7767 19m5s/Msamples
        5398000   -101101.5255       798.1      -101000.6895      -100.8360 19m5s/Msamples
        5399000   -101108.6964       799.5      -101006.0032      -102.6931 19m5s/Msamples
        5400000   -101094.6742       800.1      -100992.6009      -102.0732 19m5s/Msamples
        5401000   -101103.1342       800.2      -101000.4596      -102.6745 19m5s/Msamples
        5402000   -101095.6704       800.7      -100990.6855      -104.9849 19m5s/Msamples
        5403000   -101107.8212       800.7      -100996.2946      -111.5266 19m5s/Msamples
        5404000   -101109.5544       800.5      -101001.2791      -108.2752 19m5s/Msamples
        5405000   -101108.0600       800.2      -100998.5072      -109.5527 19m5s/Msamples
        5406000   -101104.4103       800.1      -100994.5473      -109.8629 19m5s/Msamples
        5407000   -101100.8270       800.4      -100988.2722      -112.5548 19m5s/Msamples
        5408000   -101109.5017       799.9      -100995.3977      -114.1040 19m5s/Msamples
        5409000   -101105.5485       800.0      -100991.2733      -114.2751 19m5s/Msamples
        5410000   -101111.2836       799.6      -100997.1883      -114.0953 19m5s/Msamples
        5411000   -101115.1290       799.1      -100995.3665      -119.7625 19m5s/Msamples
        5412000   -101109.2095       798.8      -100998.5907      -110.6187 19m5s/Msamples
        5413000   -101127.3913       798.8      -101012.2246      -115.1666 19m5s/Msamples
        5414000   -101115.5447       798.2      -101003.4008      -112.1439 19m5s/Msamples
        5415000   -101107.2809       797.8      -100997.3258      -109.9550 19m5s/Msamples
        5416000   -101109.5867       797.3      -100996.8843      -112.7023 19m5s/Msamples
        5417000   -101104.5504       797.2      -100995.7469      -108.8035 19m5s/Msamples
        5418000   -101103.3648       797.1      -100997.0538      -106.3109 19m5s/Msamples
        5419000   -101115.1889       796.9      -101009.6613      -105.5276 19m5s/Msamples
        5420000   -101114.2597       795.8      -101005.2546      -109.0051 19m5s/Msamples
        5421000   -101106.1170       795.4      -101001.0006      -105.1164 19m5s/Msamples
        5422000   -101116.8132       794.0      -101007.1959      -109.6173 19m6s/Msamples
        5423000   -101106.7576       793.4      -100999.0860      -107.6716 19m6s/Msamples
        5424000   -101104.6723       793.2      -100995.8012      -108.8710 19m6s/Msamples
        5425000   -101102.9892       793.1      -100993.4766      -109.5126 19m5s/Msamples
        5426000   -101115.6226       791.7      -101008.1971      -107.4254 19m5s/Msamples
        5427000   -101116.9206       790.1      -101006.5813      -110.3392 19m5s/Msamples
        5428000   -101098.1624       790.8      -100993.5268      -104.6355 19m5s/Msamples
        5429000   -101100.7048       791.4      -100996.8964      -103.8083 19m5s/Msamples
        5430000   -101100.6759       791.7      -100994.4707      -106.2051 19m5s/Msamples
        5431000   -101110.1569       790.9      -101003.2513      -106.9055 19m5s/Msamples
        5432000   -101100.7049       791.1      -100995.5176      -105.1872 19m5s/Msamples
        5433000   -101089.7517       792.7      -100986.3172      -103.4345 19m5s/Msamples
        5434000   -101104.0372       792.7      -101000.1411      -103.8961 19m5s/Msamples
        5435000   -101109.2148       792.4      -101000.3240      -108.8908 19m5s/Msamples
        5436000   -101099.8385       792.7      -100995.7659      -104.0726 19m5s/Msamples
        5437000   -101101.0679       792.9      -100993.9822      -107.0857 19m5s/Msamples
        5438000   -101099.3477       793.2      -100993.1463      -106.2013 19m5s/Msamples
        5439000   -101106.4487       793.0      -101001.9747      -104.4740 19m5s/Msamples
        5440000   -101108.2203       792.9      -101001.3965      -106.8237 19m5s/Msamples
        5441000   -101093.9775       793.6      -100990.3667      -103.6107 19m5s/Msamples
        5442000   -101099.1086       793.8      -100996.0073      -103.1013 19m5s/Msamples
        5443000   -101093.7433       794.3      -100989.2756      -104.4677 19m5s/Msamples
        5444000   -101096.9620       794.6      -100995.2349      -101.7270 19m5s/Msamples
        5445000   -101098.9197       794.8      -100994.4693      -104.4504 19m5s/Msamples
        5446000   -101087.4557       795.2      -100986.6886      -100.7670 19m5s/Msamples
        5447000   -101094.3927       795.4      -100990.1354      -104.2573 19m5s/Msamples
        5448000   -101093.9539       795.5      -100996.2559       -97.6979 19m5s/Msamples
        5449000   -101091.8417       796.3      -100994.4064       -97.4353 19m5s/Msamples
        5450000   -101095.9446       796.2      -101001.2915       -94.6530 19m5s/Msamples
        5451000   -101097.9533       796.2      -100999.6219       -98.3313 19m5s/Msamples
        5452000   -101087.9470       796.2      -100987.6613      -100.2857 19m5s/Msamples
        5453000   -101101.6601       796.4      -100999.1601      -102.5000 19m5s/Msamples
        5454000   -101102.1136       796.6      -101001.4032      -100.7103 19m5s/Msamples
        5455000   -101099.5047       796.6      -101003.3236       -96.1810 19m5s/Msamples
        5456000   -101097.1453       796.6      -100995.5984      -101.5469 19m5s/Msamples
        5457000   -101104.4474       797.0      -101006.7765       -97.6709 19m5s/Msamples
        5458000   -101105.0602       797.4      -101005.4858       -99.5743 19m5s/Msamples
        5459000   -101101.3203       798.4      -101001.6701       -99.6501 19m5s/Msamples
        5460000   -101111.5350       799.5      -101007.6222      -103.9127 19m5s/Msamples
        5461000   -101101.3877       799.6      -100999.3017      -102.0859 19m5s/Msamples
        5462000   -101104.8071       800.0      -101006.1375       -98.6695 19m5s/Msamples
        5463000   -101097.2745       800.0      -100995.5499      -101.7245 19m5s/Msamples
        5464000   -101095.5023       800.0      -100995.3135      -100.1887 19m5s/Msamples
        5465000   -101100.6347       800.1      -101002.2054       -98.4292 19m5s/Msamples
        5466000   -101102.8977       800.3      -101003.7594       -99.1382 19m5s/Msamples
        5467000   -101105.8395       800.7      -101005.8200      -100.0195 19m5s/Msamples
        5468000   -101104.6921       800.9      -101003.4556      -101.2365 19m5s/Msamples
        5469000   -101110.2619       802.4      -101006.5806      -103.6813 19m5s/Msamples
        5470000   -101102.3125       802.5      -100995.1288      -107.1837 19m5s/Msamples
        5471000   -101108.6196       802.7      -101000.8920      -107.7276 19m5s/Msamples
        5472000   -101102.0864       802.8      -100998.6217      -103.4647 19m5s/Msamples
        5473000   -101100.7919       803.0      -101000.3716      -100.4202 19m5s/Msamples
        5474000   -101090.2580       803.8      -100991.9118       -98.3461 19m5s/Msamples
        5475000   -101098.5501       804.0      -100999.2109       -99.3391 19m5s/Msamples
        5476000   -101099.0094       804.2      -100998.2274      -100.7819 19m5s/Msamples
        5477000   -101101.3857       804.4      -100996.9056      -104.4800 19m5s/Msamples
        5478000   -101100.5192       804.6      -100996.5401      -103.9791 19m5s/Msamples
        5479000   -101104.1264       805.9      -101002.5329      -101.5935 19m5s/Msamples
        5480000   -101098.5328       806.1      -100991.6788      -106.8540 19m5s/Msamples
        5481000   -101096.6991       806.3      -100991.7685      -104.9306 19m5s/Msamples
        5482000   -101090.9717       806.7      -100987.1565      -103.8152 19m5s/Msamples
        5483000   -101091.1337       807.0      -100984.5995      -106.5342 19m5s/Msamples
        5484000   -101090.3087       807.3      -100987.4315      -102.8771 19m5s/Msamples
        5485000   -101097.8992       807.4      -100991.6895      -106.2096 19m5s/Msamples
        5486000   -101099.4605       807.5      -100990.9231      -108.5374 19m5s/Msamples
        5487000   -101106.0625       807.9      -100999.8368      -106.2257 19m5s/Msamples
        5488000   -101095.3850       807.9      -100994.7633      -100.6217 19m5s/Msamples
        5489000   -101098.2619       808.8      -100996.4810      -101.7809 19m5s/Msamples
        5490000   -101113.0338       810.0      -101008.1360      -104.8978 19m5s/Msamples
        5491000   -101098.4228       810.0      -100994.7416      -103.6811 19m5s/Msamples
        5492000   -101097.1063       810.0      -100994.7875      -102.3187 19m5s/Msamples
        5493000   -101103.3439       810.3      -100999.6505      -103.6933 19m5s/Msamples
        5494000   -101104.4825       810.6      -100996.4622      -108.0203 19m5s/Msamples
        5495000   -101098.8164       810.7      -100989.1077      -109.7086 19m5s/Msamples
        5496000   -101102.8815       810.9      -100992.3586      -110.5229 19m5s/Msamples
        5497000   -101093.7408       810.9      -100983.3020      -110.4388 19m5s/Msamples
        5498000   -101110.5117       811.7      -100996.7328      -113.7789 19m5s/Msamples
        5499000   -101111.2696       812.8      -100998.2086      -113.0609 19m5s/Msamples
        5500000   -101101.5945       813.0      -100993.6591      -107.9353 19m5s/Msamples
        5501000   -101106.0478       813.3      -100995.3179      -110.7299 19m5s/Msamples
        5502000   -101098.8718       813.4      -100989.9495      -108.9222 19m5s/Msamples
        5503000   -101097.0149       813.7      -100989.0057      -108.0091 19m5s/Msamples
        5504000   -101102.3488       813.9      -100992.5093      -109.8394 19m5s/Msamples
        5505000   -101109.5476       814.1      -100998.6998      -110.8478 19m5s/Msamples
        5506000   -101095.5148       814.4      -100989.5654      -105.9493 19m5s/Msamples
        5507000   -101096.8641       814.7      -100988.6118      -108.2522 19m5s/Msamples
        5508000   -101102.5753       814.8      -100991.7595      -110.8157 19m5s/Msamples
        5509000   -101104.5053       814.5      -100996.6405      -107.8648 19m5s/Msamples
        5510000   -101096.4044       814.8      -100988.5912      -107.8131 19m5s/Msamples
        5511000   -101089.6241       815.4      -100984.0157      -105.6084 19m5s/Msamples
        5512000   -101082.6252       816.4      -100984.0765       -98.5487 19m5s/Msamples
        5513000   -101093.6265       816.5      -100994.0181       -99.6084 19m5s/Msamples
        5514000   -101097.4762       816.6      -100997.7319       -99.7442 19m5s/Msamples
        5515000   -101101.8967       816.8      -100996.8647      -105.0319 19m5s/Msamples
        5516000   -101094.3563       816.9      -100995.6162       -98.7401 19m5s/Msamples
        5517000   -101098.0522       816.9      -100998.7171       -99.3351 19m5s/Msamples
        5518000   -101106.6653       817.5      -101003.0994      -103.5659 19m5s/Msamples
        5519000   -101097.9191       818.0      -100996.7199      -101.1991 19m5s/Msamples
        5520000   -101092.6466       817.8      -100990.0750      -102.5716 19m6s/Msamples
        5521000   -101099.7388       817.9      -100994.5033      -105.2354 19m6s/Msamples
        5522000   -101108.3128       818.6      -101003.5038      -104.8090 19m5s/Msamples
        5523000   -101104.6401       818.9      -101000.9995      -103.6405 19m5s/Msamples
        5524000   -101097.6763       818.9      -100996.7483      -100.9280 19m6s/Msamples
        5525000   -101103.2536       819.2      -100998.4806      -104.7729 19m5s/Msamples
        5526000   -101084.6251       819.2      -100984.8162       -99.8088 19m5s/Msamples
        5527000   -101090.7565       818.9      -100986.9663      -103.7902 19m5s/Msamples
        5528000   -101095.5830       818.7      -100989.4392      -106.1437 19m5s/Msamples
        5529000   -101076.4217       819.6      -100980.8712       -95.5505 19m5s/Msamples
        5530000   -101092.4606       819.1      -100998.7879       -93.6726 19m6s/Msamples
        5531000   -101094.5143       818.8      -100997.5664       -96.9478 19m5s/Msamples
        5532000   -101092.3148       818.5      -100993.2260       -99.0887 19m5s/Msamples
        5533000   -101095.9540       818.2      -100996.9220       -99.0320 19m6s/Msamples
        5534000   -101117.8609       820.5      -101023.0633       -94.7976 19m6s/Msamples
        5535000   -101093.3748       820.3      -100995.2129       -98.1619 19m6s/Msamples
        5536000   -101088.5027       819.9      -100994.0003       -94.5023 19m6s/Msamples
        5537000   -101106.2728       820.6      -101011.1132       -95.1596 19m6s/Msamples
        5538000   -101108.9950       821.5      -101013.5865       -95.4085 19m6s/Msamples
        5539000   -101108.1194       823.3      -101011.6664       -96.4529 19m6s/Msamples
        5540000   -101114.9199       824.7      -101018.4610       -96.4588 19m6s/Msamples
        5541000   -101110.5341       825.6      -101013.1275       -97.4066 19m6s/Msamples
        5542000   -101097.4678       825.6      -101002.3766       -95.0911 19m6s/Msamples
        5543000   -101087.1804       825.5      -100992.2201       -94.9602 19m6s/Msamples
        5544000   -101108.6686       826.3      -101015.9701       -92.6985 19m6s/Msamples
        5545000   -101090.0696       826.3      -100998.3961       -91.6734 19m6s/Msamples
        5546000   -101078.3634       826.7      -100985.0367       -93.3267 19m6s/Msamples
        5547000   -101089.1955       826.5      -100994.9034       -94.2921 19m6s/Msamples
        5548000   -101105.2389       826.9      -101006.4054       -98.8335 19m6s/Msamples
        5549000   -101089.7024       827.8      -100987.4904      -102.2119 19m6s/Msamples
        5550000   -101086.7559       827.9      -100985.5905      -101.1653 19m6s/Msamples
        5551000   -101097.7756       827.9      -100992.7779      -104.9976 19m6s/Msamples
        5552000   -101097.9399       828.0      -100993.0871      -104.8528 19m6s/Msamples
        5553000   -101098.8351       828.0      -100994.9714      -103.8637 19m6s/Msamples
        5554000   -101090.6564       827.9      -100987.5415      -103.1148 19m6s/Msamples
        5555000   -101097.7129       827.9      -100991.1317      -106.5811 19m6s/Msamples
        5556000   -101097.3087       827.8      -100994.2221      -103.0865 19m6s/Msamples
        5557000   -101095.5624       827.6      -100992.6815      -102.8809 19m6s/Msamples
        5558000   -101096.7067       827.5      -100988.5873      -108.1194 19m6s/Msamples
        5559000   -101095.1232       827.9      -100987.9869      -107.1362 19m6s/Msamples
        5560000   -101096.7929       827.6      -100991.8590      -104.9338 19m6s/Msamples
        5561000   -101107.9634       828.6      -101006.2641      -101.6993 19m6s/Msamples
        5562000   -101100.8776       828.8      -100999.2871      -101.5904 19m6s/Msamples
        5563000   -101092.2323       828.2      -100990.0021      -102.2301 19m6s/Msamples
        5564000   -101096.2109       827.9      -100992.2143      -103.9965 19m6s/Msamples
        5565000   -101100.8945       828.0      -100999.2009      -101.6936 19m6s/Msamples
        5566000   -101102.5194       828.3      -101000.9282      -101.5911 19m6s/Msamples
        5567000   -101096.6707       828.1      -100994.4783      -102.1924 19m6s/Msamples
        5568000   -101098.8336       828.1      -100994.2708      -104.5627 19m6s/Msamples
        5569000   -101096.4650       828.8      -100991.0901      -105.3748 19m6s/Msamples
        5570000   -101088.4301       828.6      -100987.9416      -100.4885 19m6s/Msamples
        5571000   -101093.5290       828.4      -100992.9457      -100.5832 19m6s/Msamples
        5572000   -101099.5078       828.4      -100996.5633      -102.9445 19m6s/Msamples
        5573000   -101099.9959       828.5      -101000.7059       -99.2900 19m6s/Msamples
        5574000   -101084.6528       828.2      -100986.4067       -98.2460 19m6s/Msamples
        5575000   -101096.4321       828.1      -100995.4174      -101.0146 19m6s/Msamples
        5576000   -101092.9395       827.8      -100989.3568      -103.5827 19m6s/Msamples
        5577000   -101095.6329       827.6      -100990.8015      -104.8313 19m6s/Msamples
        5578000   -101100.8345       827.7      -100993.1505      -107.6839 19m6s/Msamples
        5579000   -101098.1656       827.5      -100988.8614      -109.3042 19m6s/Msamples
        5580000   -101099.3922       827.5      -100992.7823      -106.6098 19m6s/Msamples
        5581000   -101093.9097       827.2      -100990.8669      -103.0427 19m6s/Msamples
        5582000   -101094.3363       826.9      -100991.8078      -102.5285 19m6s/Msamples
        5583000   -101094.9968       826.6      -100995.0968       -99.8999 19m6s/Msamples
        5584000   -101107.2011       827.4      -101004.3120      -102.8890 19m6s/Msamples
        5585000   -101106.8104       828.1      -101007.3204       -99.4900 19m6s/Msamples
        5586000   -101099.1739       828.1      -100999.8607       -99.3132 19m6s/Msamples
        5587000   -101100.7146       828.2      -101000.6600      -100.0546 19m6s/Msamples
        5588000   -101100.8192       828.4      -100998.5858      -102.2334 19m6s/Msamples
        5589000   -101087.3404       827.9      -100991.6123       -95.7280 19m6s/Msamples
        5590000   -101095.4586       827.8      -100999.1366       -96.3219 19m6s/Msamples
        5591000   -101095.6178       827.6      -100994.5445      -101.0733 19m6s/Msamples
        5592000   -101093.7417       827.4      -100993.1197      -100.6220 19m6s/Msamples
        5593000   -101097.4443       827.3      -100994.4542      -102.9900 19m6s/Msamples
        5594000   -101104.6974       827.7      -101002.7183      -101.9791 19m6s/Msamples
        5595000   -101102.9061       828.0      -100998.1477      -104.7584 19m6s/Msamples
        5596000   -101112.2663       828.9      -101006.6692      -105.5970 19m6s/Msamples
        5597000   -101097.2795       829.0      -100993.2979      -103.9815 19m6s/Msamples
        5598000   -101103.7133       829.3      -100999.6043      -104.1090 19m6s/Msamples
        5599000   -101105.2857       829.5      -101006.8243       -98.4614 19m6s/Msamples
        5600000   -101112.2155       830.1      -101009.7439      -102.4716 19m6s/Msamples
        5601000   -101114.2660       830.8      -101016.5097       -97.7563 19m6s/Msamples
        5602000   -101114.0871       831.2      -101012.7500      -101.3370 19m6s/Msamples
        5603000   -101117.3777       831.6      -101014.0640      -103.3136 19m6s/Msamples
        5604000   -101117.0392       831.9      -101012.2225      -104.8166 19m6s/Msamples
        5605000   -101116.3198       832.0      -101013.6869      -102.6329 19m6s/Msamples
        5606000   -101105.5794       831.9      -101005.3710      -100.2083 19m6s/Msamples
        5607000   -101127.5694       832.0      -101022.3334      -105.2360 19m6s/Msamples
        5608000   -101107.0965       831.7      -101006.8268      -100.2696 19m6s/Msamples
        5609000   -101103.5015       831.8      -101007.2374       -96.2641 19m6s/Msamples
        5610000   -101099.7762       832.2      -101003.1719       -96.6042 19m6s/Msamples
        5611000   -101111.7657       831.3      -101002.0736      -109.6921 19m6s/Msamples
        5612000   -101107.0512       830.7      -101000.5030      -106.5481 19m6s/Msamples
        5613000   -101098.9026       831.3      -100995.6695      -103.2331 19m6s/Msamples
        5614000   -101098.3947       831.8      -100993.7315      -104.6631 19m6s/Msamples
        5615000   -101094.1357       833.0      -100989.0860      -105.0497 19m6s/Msamples
        5616000   -101096.0592       833.9      -100991.1530      -104.9061 19m6s/Msamples
        5617000   -101093.7818       835.0      -100991.7960      -101.9857 19m6s/Msamples
        5618000   -101106.1143       834.7      -101002.2067      -103.9075 19m6s/Msamples
        5619000   -101095.7470       836.2      -100991.9516      -103.7954 19m6s/Msamples
        5620000   -101099.1723       836.6      -100995.1222      -104.0501 19m6s/Msamples
        5621000   -101093.0711       837.5      -100991.1762      -101.8948 19m6s/Msamples
        5622000   -101093.2124       838.1      -100990.8496      -102.3628 19m6s/Msamples
        5623000   -101100.8546       838.3      -100998.7954      -102.0592 19m6s/Msamples
        5624000   -101100.2684       838.5      -101000.3165       -99.9519 19m6s/Msamples
        5625000   -101106.4871       838.7      -101009.6366       -96.8505 19m6s/Msamples
        5626000   -101109.6757       839.2      -101004.1934      -105.4823 19m6s/Msamples
        5627000   -101124.1929       840.9      -101014.5460      -109.6468 19m6s/Msamples
        5628000   -101119.5783       841.8      -101014.3280      -105.2502 19m6s/Msamples
        5629000   -101111.7524       842.6      -101005.1042      -106.6481 19m6s/Msamples
        5630000   -101098.2692       842.8      -100993.7778      -104.4913 19m6s/Msamples
        5631000   -101097.3244       843.1      -100994.0380      -103.2863 19m6s/Msamples
        5632000   -101097.0004       843.3      -100996.0255      -100.9749 19m6s/Msamples
        5633000   -101100.5228       843.5      -100996.9224      -103.6003 19m6s/Msamples
        5634000   -101091.7794       844.1      -100990.3293      -101.4501 19m6s/Msamples
        5635000   -101095.0227       844.4      -100993.8393      -101.1834 19m6s/Msamples
        5636000   -101101.6815       844.6      -100999.9609      -101.7206 19m6s/Msamples
        5637000   -101108.7440       844.8      -101006.6488      -102.0952 19m6s/Msamples
        5638000   -101107.6669       844.9      -101003.6404      -104.0265 19m6s/Msamples
        5639000   -101104.1579       845.4      -100999.8649      -104.2929 19m6s/Msamples
        5640000   -101118.1387       845.5      -101013.0703      -105.0684 19m6s/Msamples
        5641000   -101119.3267       845.3      -101013.4068      -105.9199 19m6s/Msamples
        5642000   -101123.7186       844.8      -101016.5227      -107.1958 19m6s/Msamples
        5643000   -101114.9602       844.0      -101006.7004      -108.2597 19m6s/Msamples
        5644000   -101093.6375       845.1      -100988.9730      -104.6645 19m6s/Msamples
        5645000   -101094.4317       846.1      -100989.5233      -104.9083 19m6s/Msamples
        5646000   -101092.7850       847.0      -100990.9569      -101.8281 19m6s/Msamples
        5647000   -101094.3305       847.6      -100993.8576      -100.4729 19m6s/Msamples
        5648000   -101101.2389       847.8      -101000.5160      -100.7229 19m6s/Msamples
        5649000   -101094.0505       848.4      -100991.1031      -102.9474 19m6s/Msamples
        5650000   -101098.3354       848.7      -100994.9848      -103.3505 19m6s/Msamples
        5651000   -101097.4131       849.0      -100998.6788       -98.7342 19m6s/Msamples
        5652000   -101104.1730       849.1      -100993.2586      -110.9143 19m6s/Msamples
        5653000   -101104.6413       849.2      -100996.0730      -108.5682 19m6s/Msamples
        5654000   -101111.1189       849.1      -101002.6277      -108.4911 19m6s/Msamples
        5655000   -101109.2704       849.0      -100999.2748      -109.9955 19m6s/Msamples
        5656000   -101098.3589       849.4      -100994.1296      -104.2292 19m6s/Msamples
        5657000   -101102.7484       849.5      -100993.3886      -109.3598 19m6s/Msamples
        5658000   -101105.2242       849.5      -100998.2125      -107.0116 19m6s/Msamples
        5659000   -101100.1008       849.4      -100992.3953      -107.7054 19m6s/Msamples
        5660000   -101106.4512       849.5      -100999.7863      -106.6649 19m6s/Msamples
        5661000   -101112.3975       850.0      -101002.8035      -109.5939 19m6s/Msamples
        5662000   -101110.0136       850.4      -100998.1870      -111.8265 19m6s/Msamples
        5663000   -101116.0852       850.9      -101007.0129      -109.0723 19m6s/Msamples
        5664000   -101095.4697       851.3      -100988.4717      -106.9980 19m6s/Msamples
        5665000   -101104.1762       851.4      -101000.4767      -103.6995 19m6s/Msamples
        5666000   -101092.6520       852.1      -100991.2326      -101.4193 19m6s/Msamples
        5667000   -101106.9991       852.2      -100998.2476      -108.7515 19m6s/Msamples
        5668000   -101102.3424       852.3      -100995.6700      -106.6724 19m6s/Msamples
        5669000   -101102.0965       852.2      -100999.1777      -102.9187 19m6s/Msamples
        5670000   -101100.0877       852.4      -100999.5901      -100.4976 19m6s/Msamples
        5671000   -101111.5868       852.3      -101010.6106      -100.9762 19m6s/Msamples
        5672000   -101115.1665       852.1      -101013.5078      -101.6587 19m6s/Msamples
        5673000   -101112.3170       851.8      -101008.3542      -103.9627 19m6s/Msamples
        5674000   -101095.1746       852.5      -100994.7636      -100.4110 19m6s/Msamples
        5675000   -101109.0960       852.3      -101005.4181      -103.6779 19m6s/Msamples
        5676000   -101099.2176       852.7      -100996.2976      -102.9200 19m6s/Msamples
        5677000   -101109.8264       852.5      -101007.6357      -102.1907 19m6s/Msamples
        5678000   -101110.1516       852.2      -101004.3421      -105.8094 19m6s/Msamples
        5679000   -101104.3529       852.0      -101000.9540      -103.3989 19m6s/Msamples
        5680000   -101104.0729       852.0      -101003.3637      -100.7091 19m6s/Msamples
        5681000   -101093.9971       852.7      -100989.1221      -104.8750 19m6s/Msamples
        5682000   -101100.6613       852.9      -100997.3076      -103.3537 19m6s/Msamples
        5683000   -101097.6796       853.3      -100991.9374      -105.7422 19m6s/Msamples
        5684000   -101109.3294       853.3      -101002.8951      -106.4342 19m6s/Msamples
        5685000   -101103.3578       853.4      -100999.2448      -104.1129 19m6s/Msamples
        5686000   -101091.3747       854.3      -100984.9904      -106.3842 19m6s/Msamples
        5687000   -101103.4978       854.4      -101001.4995      -101.9983 19m6s/Msamples
        5688000   -101091.6120       855.2      -100987.4611      -104.1508 19m6s/Msamples
        5689000   -101099.3596       855.2      -100987.9820      -111.3775 19m6s/Msamples
        5690000   -101112.6343       855.4      -101006.1445      -106.4898 19m6s/Msamples
        5691000   -101102.9741       855.5      -101001.1707      -101.8034 19m6s/Msamples
        5692000   -101105.0628       855.6      -101001.6902      -103.3726 19m6s/Msamples
        5693000   -101097.6462       855.9      -100993.5138      -104.1324 19m6s/Msamples
        5694000   -101105.8826       856.1      -101003.1579      -102.7247 19m6s/Msamples
        5695000   -101107.3436       856.2      -101001.3930      -105.9505 19m6s/Msamples
        5696000   -101095.6528       856.6      -100994.8660      -100.7867 19m6s/Msamples
        5697000   -101103.8933       856.7      -101005.0439       -98.8493 19m6s/Msamples
        5698000   -101098.1388       856.9      -100998.1989       -99.9398 19m6s/Msamples
        5699000   -101099.5368       856.3      -100999.8589       -99.6779 19m6s/Msamples
        5700000   -101099.4648       856.5      -101000.5300       -98.9348 19m6s/Msamples
        5701000   -101094.9058       856.7      -100992.2014      -102.7044 19m6s/Msamples
        5702000   -101093.3050       857.0      -100991.2205      -102.0844 19m6s/Msamples
        5703000   -101095.5217       857.2      -100992.3568      -103.1649 19m6s/Msamples
        5704000   -101101.4941       857.3      -100996.1416      -105.3525 19m6s/Msamples
        5705000   -101105.8706       857.6      -101001.3078      -104.5627 19m6s/Msamples
        5706000   -101109.9031       858.1      -101007.7709      -102.1321 19m6s/Msamples
        5707000   -101098.1976       858.3      -100998.3014       -99.8962 19m6s/Msamples
        5708000   -101097.0767       858.5      -100998.2733       -98.8033 19m6s/Msamples
        5709000   -101103.4049       858.4      -101004.9965       -98.4083 19m6s/Msamples
        5710000   -101096.1496       858.6      -101001.5650       -94.5846 19m6s/Msamples
        5711000   -101105.1691       858.9      -101005.3187       -99.8504 19m6s/Msamples
        5712000   -101103.6389       859.1      -101001.3375      -102.3013 19m6s/Msamples
        5713000   -101113.8845       859.8      -101011.3212      -102.5633 19m6s/Msamples
        5714000   -101110.3457       860.3      -101009.4568      -100.8889 19m6s/Msamples
        5715000   -101095.7782       860.5      -100996.7019       -99.0762 19m7s/Msamples
        5716000   -101093.3509       860.8      -100992.5784      -100.7724 19m7s/Msamples
        5717000   -101097.3618       861.0      -101001.6013       -95.7604 19m7s/Msamples
        5718000   -101099.0429       861.2      -100999.3478       -99.6951 19m7s/Msamples
        5719000   -101101.7259       861.3      -101004.8206       -96.9053 19m7s/Msamples
        5720000   -101101.3041       861.5      -101003.7981       -97.5060 19m7s/Msamples
        5721000   -101097.4523       861.7      -100994.3609      -103.0914 19m7s/Msamples
        5722000   -101099.7969       861.9      -100999.5328      -100.2641 19m7s/Msamples
        5723000   -101093.9883       862.2      -100994.3163       -99.6719 19m7s/Msamples
        5724000   -101096.4125       862.4      -100995.9728      -100.4396 19m6s/Msamples
        5725000   -101102.5943       862.6      -101000.6729      -101.9214 19m7s/Msamples
        5726000   -101099.4076       862.7      -100998.2864      -101.1211 19m7s/Msamples
        5727000   -101103.2436       862.9      -101001.1101      -102.1335 19m7s/Msamples
        5728000   -101107.5007       863.3      -101005.2123      -102.2884 19m7s/Msamples
        5729000   -101100.3841       863.4      -100999.0174      -101.3667 19m7s/Msamples
        5730000   -101094.5187       863.7      -100991.4630      -103.0556 19m7s/Msamples
        5731000   -101102.3089       863.8      -100998.2849      -104.0239 19m7s/Msamples
        5732000   -101115.4420       864.9      -101007.0904      -108.3515 19m7s/Msamples
        5733000   -101113.5591       865.6      -101006.9644      -106.5947 19m7s/Msamples
        5734000   -101112.3328       866.2      -101008.3115      -104.0212 19m7s/Msamples
        5735000   -101104.4956       866.3      -101000.3446      -104.1510 19m7s/Msamples
        5736000   -101114.7798       866.6      -101011.2149      -103.5648 19m7s/Msamples
        5737000   -101109.7421       866.7      -101008.9265      -100.8156 19m7s/Msamples
        5738000   -101103.2426       866.8      -100998.9586      -104.2839 19m7s/Msamples
        5739000   -101095.7483       866.8      -100990.2078      -105.5404 19m7s/Msamples
        5740000   -101099.0122       867.1      -100998.3636      -100.6486 19m7s/Msamples
        5741000   -101092.5498       867.8      -100991.0391      -101.5107 19m7s/Msamples
        5742000   -101088.4834       868.9      -100989.2907       -99.1926 19m7s/Msamples
        5743000   -101089.8237       869.8      -100991.7151       -98.1086 19m7s/Msamples
        5744000   -101097.0214       870.1      -100997.8798       -99.1415 19m7s/Msamples
        5745000   -101090.9435       870.7      -100992.5559       -98.3875 19m7s/Msamples
        5746000   -101093.1118       871.1      -100995.5930       -97.5188 19m7s/Msamples
        5747000   -101097.4437       871.2      -100998.5714       -98.8723 19m7s/Msamples
        5748000   -101089.0035       871.7      -100990.2659       -98.7376 19m7s/Msamples
        5749000   -101098.8150       870.6      -100999.2383       -99.5766 19m7s/Msamples
        5750000   -101081.3813       871.3      -100984.0039       -97.3773 19m7s/Msamples
        5751000   -101090.4976       871.2      -100991.3627       -99.1348 19m7s/Msamples
        5752000   -101093.9716       870.9      -100995.7241       -98.2474 19m7s/Msamples
        5753000   -101095.6094       870.7      -100997.5369       -98.0724 19m7s/Msamples
        5754000   -101100.0312       870.7      -100995.5846      -104.4466 19m7s/Msamples
        5755000   -101082.0104       869.6      -100981.7448      -100.2655 19m7s/Msamples
        5756000   -101097.0939       869.2      -100992.6653      -104.4285 19m7s/Msamples
        5757000   -101098.5523       869.0      -100994.7045      -103.8477 19m7s/Msamples
        5758000   -101103.2906       869.4      -101000.1278      -103.1628 19m7s/Msamples
        5759000   -101116.4784       871.2      -101015.6853      -100.7930 19m7s/Msamples
        5760000   -101114.1255       873.2      -101011.0281      -103.0974 19m7s/Msamples
        5761000   -101100.5186       873.3      -100998.9887      -101.5299 19m7s/Msamples
        5762000   -101109.6809       874.3      -101004.9567      -104.7242 19m7s/Msamples
        5763000   -101098.8326       874.3      -100996.5582      -102.2744 19m7s/Msamples
        5764000   -101095.4202       874.2      -100996.0006       -99.4195 19m7s/Msamples
        5765000   -101102.5397       874.5      -101004.9600       -97.5796 19m7s/Msamples
        5766000   -101095.8429       874.4      -100999.5271       -96.3158 19m7s/Msamples
        5767000   -101086.9520       874.4      -100991.3504       -95.6015 19m7s/Msamples
        5768000   -101086.7098       874.2      -100989.0239       -97.6858 19m7s/Msamples
        5769000   -101088.8202       872.8      -100990.0184       -98.8017 19m7s/Msamples
        5770000   -101099.5446       872.9      -100996.1139      -103.4307 19m7s/Msamples
        5771000   -101096.2919       872.9      -100995.3403      -100.9516 19m7s/Msamples
        5772000   -101096.8844       872.9      -100996.8377      -100.0466 19m7s/Msamples
        5773000   -101092.0673       872.8      -100990.8812      -101.1860 19m7s/Msamples
        5774000   -101097.2332       872.8      -100991.4592      -105.7740 19m7s/Msamples
        5775000   -101108.1807       873.4      -101003.4677      -104.7129 19m7s/Msamples
        5776000   -101107.5042       873.8      -101002.1641      -105.3401 19m7s/Msamples
        5777000   -101108.4935       874.3      -101004.2931      -104.2004 19m7s/Msamples
        5778000   -101100.8181       874.5      -100999.1175      -101.7005 19m7s/Msamples
        5779000   -101095.4436       873.7      -100993.9413      -101.5023 19m7s/Msamples
        5780000   -101086.9161       873.6      -100989.3231       -97.5930 19m7s/Msamples
        5781000   -101091.5066       873.2      -100994.4348       -97.0717 19m7s/Msamples
        5782000   -101095.3485       873.0      -100995.5563       -99.7921 19m7s/Msamples
        5783000   -101100.2056       873.0      -100998.3743      -101.8312 19m7s/Msamples
        5784000   -101093.6893       872.7      -100991.8310      -101.8583 19m7s/Msamples
        5785000   -101093.8754       872.3      -100989.3441      -104.5312 19m7s/Msamples
        5786000   -101101.4440       872.5      -100995.7672      -105.6767 19m7s/Msamples
        5787000   -101097.6676       872.5      -100996.0497      -101.6179 19m7s/Msamples
        5788000   -101107.5387       873.1      -101004.5013      -103.0373 19m7s/Msamples
        5789000   -101098.8488       873.2      -100997.2331      -101.6156 19m7s/Msamples
        5790000   -101098.5120       873.3      -100996.6391      -101.8728 19m7s/Msamples
        5791000   -101095.6541       873.3      -100994.5884      -101.0656 19m7s/Msamples
        5792000   -101106.4420       873.7      -101005.5531      -100.8888 19m7s/Msamples
        5793000   -101090.8163       873.8      -100989.2688      -101.5475 19m7s/Msamples
        5794000   -101093.2863       873.7      -100992.2498      -101.0365 19m7s/Msamples
        5795000   -101109.2795       874.5      -101004.6978      -104.5817 19m7s/Msamples
        5796000   -101106.9321       875.1      -101003.6795      -103.2525 19m7s/Msamples
        5797000   -101108.5817       875.8      -101008.1501      -100.4316 19m7s/Msamples
        5798000   -101100.0907       876.0      -100995.3669      -104.7237 19m7s/Msamples
        5799000   -101102.5735       875.8      -100997.7802      -104.7933 19m7s/Msamples
        5800000   -101102.5520       876.0      -100997.3393      -105.2127 19m7s/Msamples
        5801000   -101090.8280       876.3      -100995.8039       -95.0241 19m7s/Msamples
        5802000   -101103.8490       876.5      -101006.3133       -97.5356 19m7s/Msamples
        5803000   -101091.2168       876.8      -100993.1597       -98.0571 19m7s/Msamples
        5804000   -101091.4524       877.0      -100994.5452       -96.9072 19m7s/Msamples
        5805000   -101087.8803       877.2      -100987.3768      -100.5034 19m7s/Msamples
        5806000   -101100.0283       877.4      -101000.0104      -100.0178 19m7s/Msamples
        5807000   -101101.0973       877.5      -101001.8729       -99.2243 19m7s/Msamples
        5808000   -101103.2607       877.8      -101001.0637      -102.1970 19m7s/Msamples
        5809000   -101097.9877       877.9      -100998.4481       -99.5396 19m7s/Msamples
        5810000   -101095.6319       877.9      -100995.5268      -100.1051 19m7s/Msamples
        5811000   -101103.8590       878.2      -101001.0904      -102.7686 19m7s/Msamples
        5812000   -101100.1907       878.3      -101000.3904       -99.8002 19m7s/Msamples
        5813000   -101099.4172       878.5      -100998.1901      -101.2271 19m7s/Msamples
        5814000   -101104.0502       878.8      -101004.0241      -100.0261 19m7s/Msamples
        5815000   -101101.0513       878.9      -100994.8838      -106.1675 19m7s/Msamples
        5816000   -101092.1487       878.9      -100989.6358      -102.5128 19m7s/Msamples
        5817000   -101099.4593       878.9      -100994.6550      -104.8042 19m7s/Msamples
        5818000   -101096.6057       878.9      -100991.0419      -105.5638 19m7s/Msamples
        5819000   -101088.0479       878.5      -100984.4414      -103.6064 19m7s/Msamples
        5820000   -101092.0918       878.2      -100990.9225      -101.1692 19m7s/Msamples
        5821000   -101091.8824       877.9      -100993.6141       -98.2682 19m7s/Msamples
        5822000   -101088.4096       877.5      -100990.8414       -97.5682 19m7s/Msamples
        5823000   -101086.5454       877.1      -100989.3040       -97.2414 19m7s/Msamples
        5824000   -101086.8625       876.4      -100986.5611      -100.3013 19m7s/Msamples
        5825000   -101101.7552       876.6      -101000.2627      -101.4925 19m7s/Msamples
        5826000   -101094.6618       876.2      -100993.7933      -100.8685 19m7s/Msamples
        5827000   -101104.4479       876.7      -101000.5886      -103.8592 19m7s/Msamples
        5828000   -101108.2566       877.6      -101001.3345      -106.9220 19m7s/Msamples
        5829000   -101114.4744       879.5      -101009.2636      -105.2108 19m7s/Msamples
        5830000   -101114.9431       881.1      -101008.2839      -106.6591 19m7s/Msamples
        5831000   -101106.7589       881.7      -100999.5703      -107.1886 19m7s/Msamples
        5832000   -101097.9425       881.7      -100994.3140      -103.6285 19m7s/Msamples
        5833000   -101092.5271       881.6      -100988.3596      -104.1674 19m7s/Msamples
        5834000   -101100.0273       881.7      -100995.6592      -104.3681 19m7s/Msamples
        5835000   -101110.4211       882.6      -101008.7925      -101.6286 19m7s/Msamples
        5836000   -101101.4990       882.8      -100997.5733      -103.9256 19m7s/Msamples
        5837000   -101097.6994       882.8      -100992.6236      -105.0758 19m7s/Msamples
        5838000   -101104.9694       883.2      -100998.4428      -106.5266 19m7s/Msamples
        5839000   -101101.4660       883.1      -100997.3045      -104.1614 19m7s/Msamples
        5840000   -101108.1801       883.6      -101003.9871      -104.1929 19m7s/Msamples
        5841000   -101105.3849       883.7      -101003.4545      -101.9303 19m7s/Msamples
        5842000   -101099.7747       884.0      -100996.1509      -103.6238 19m7s/Msamples
        5843000   -101100.6944       884.2      -101000.2876      -100.4067 19m7s/Msamples
        5844000   -101101.8489       884.3      -100994.4243      -107.4245 19m7s/Msamples
        5845000   -101099.8559       884.5      -100993.0236      -106.8323 19m7s/Msamples
        5846000   -101103.8396       884.6      -100999.0236      -104.8159 19m7s/Msamples
        5847000   -101098.1083       884.9      -100995.1712      -102.9371 19m7s/Msamples
        5848000   -101109.2578       885.0      -101009.2507      -100.0070 19m7s/Msamples
        5849000   -101085.5864       885.8      -100985.6023       -99.9841 19m7s/Msamples
        5850000   -101087.4933       886.4      -100984.7408      -102.7525 19m7s/Msamples
        5851000   -101101.5161       886.5      -101003.2082       -98.3078 19m7s/Msamples
        5852000   -101096.0758       886.8      -100994.4688      -101.6070 19m7s/Msamples
        5853000   -101105.4561       887.0      -100999.4973      -105.9587 19m7s/Msamples
        5854000   -101117.3846       888.0      -101012.2957      -105.0888 19m7s/Msamples
        5855000   -101111.2007       888.4      -101008.8899      -102.3107 19m7s/Msamples
        5856000   -101104.8749       888.6      -101000.6259      -104.2490 19m7s/Msamples
        5857000   -101097.3281       888.8      -100999.3411       -97.9870 19m7s/Msamples
        5858000   -101097.1244       889.1      -100996.6491      -100.4753 19m7s/Msamples
        5859000   -101103.8867       889.2      -100998.6456      -105.2410 19m7s/Msamples
        5860000   -101102.3091       889.4      -100996.6713      -105.6378 19m7s/Msamples
        5861000   -101099.3794       889.6      -100997.2339      -102.1454 19m7s/Msamples
        5862000   -101104.1796       889.7      -100999.0438      -105.1357 19m7s/Msamples
        5863000   -101100.2847       889.9      -100993.9487      -106.3359 19m7s/Msamples
        5864000   -101099.3778       890.1      -101000.3306       -99.0472 19m7s/Msamples
        5865000   -101094.3563       890.4      -100998.5580       -95.7983 19m7s/Msamples
        5866000   -101094.2074       890.6      -100999.7766       -94.4308 19m7s/Msamples
        5867000   -101092.9805       890.8      -100993.5137       -99.4668 19m7s/Msamples
        5868000   -101100.4876       890.9      -101001.8196       -98.6680 19m7s/Msamples
        5869000   -101092.7382       891.2      -100991.2373      -101.5009 19m7s/Msamples
        5870000   -101107.0503       891.5      -101005.4819      -101.5683 19m7s/Msamples
        5871000   -101105.1825       891.7      -101001.5372      -103.6453 19m7s/Msamples
        5872000   -101091.7002       892.1      -100987.2306      -104.4695 19m7s/Msamples
        5873000   -101099.7743       892.2      -100998.7234      -101.0508 19m7s/Msamples
        5874000   -101101.0726       892.4      -100994.5799      -106.4927 19m7s/Msamples
        5875000   -101106.0480       892.8      -100997.5387      -108.5092 19m7s/Msamples
        5876000   -101100.1370       892.9      -100996.8420      -103.2949 19m7s/Msamples
        5877000   -101095.3261       893.0      -100992.7942      -102.5319 19m7s/Msamples
        5878000   -101093.2328       893.1      -100992.2737      -100.9590 19m7s/Msamples
        5879000   -101087.5258       893.0      -100987.6457       -99.8800 19m7s/Msamples
        5880000   -101099.2008       893.0      -100998.7826      -100.4181 19m7s/Msamples
        5881000   -101098.5258       893.0      -101002.9583       -95.5675 19m7s/Msamples
        5882000   -101091.2587       892.8      -100990.0196      -101.2391 19m7s/Msamples
        5883000   -101103.3566       893.1      -101000.3101      -103.0465 19m7s/Msamples
        5884000   -101109.9875       894.0      -101006.8610      -103.1264 19m7s/Msamples
        5885000   -101104.3004       894.4      -100998.8714      -105.4289 19m7s/Msamples
        5886000   -101100.1944       894.5      -100995.2386      -104.9558 19m7s/Msamples
        5887000   -101103.2854       894.7      -101000.7015      -102.5839 19m7s/Msamples
        5888000   -101103.4938       895.0      -101000.5456      -102.9481 19m7s/Msamples
        5889000   -101101.9642       895.0      -100999.7002      -102.2639 19m7s/Msamples
        5890000   -101099.7606       895.1      -100999.9690       -99.7916 19m7s/Msamples
        5891000   -101106.5368       895.5      -101003.3502      -103.1866 19m7s/Msamples
        5892000   -101102.1346       895.6      -100995.9394      -106.1951 19m7s/Msamples
        5893000   -101111.9101       896.3      -101005.8996      -106.0105 19m7s/Msamples
        5894000   -101110.0469       896.7      -101007.3293      -102.7176 19m7s/Msamples
        5895000   -101109.8700       897.1      -101003.8885      -105.9814 19m7s/Msamples
        5896000   -101103.5928       897.2      -101000.6583      -102.9345 19m7s/Msamples
        5897000   -101105.3614       897.3      -100999.5914      -105.7699 19m7s/Msamples
        5898000   -101101.5675       897.5      -100998.2654      -103.3020 19m7s/Msamples
        5899000   -101096.9748       897.3      -100997.4555       -99.5192 19m7s/Msamples
        5900000   -101115.1902       897.4      -101012.4415      -102.7487 19m7s/Msamples
        5901000   -101118.0114       897.1      -101016.6764      -101.3350 19m7s/Msamples
        5902000   -101115.1280       896.7      -101010.1632      -104.9647 19m7s/Msamples
        5903000   -101107.4865       896.4      -101002.7120      -104.7744 19m7s/Msamples
        5904000   -101121.2248       895.8      -101018.0090      -103.2158 19m7s/Msamples
        5905000   -101113.3760       895.1      -101008.7440      -104.6320 19m7s/Msamples
        5906000   -101102.8909       895.1      -101000.3703      -102.5206 19m7s/Msamples
        5907000   -101098.6024       895.6      -100997.4784      -101.1239 19m7s/Msamples
        5908000   -101103.6269       895.5      -100998.6770      -104.9498 19m7s/Msamples
        5909000   -101102.7543       895.0      -100999.0858      -103.6684 19m7s/Msamples
        5910000   -101108.6035       894.4      -101006.7888      -101.8147 19m7s/Msamples
        5911000   -101100.4118       894.7      -100999.2619      -101.1498 19m7s/Msamples
        5912000   -101099.8076       895.1      -100997.6963      -102.1112 19m7s/Msamples
        5913000   -101094.3030       896.0      -100996.4878       -97.8152 19m7s/Msamples
        5914000   -101093.9409       896.9      -100992.0434      -101.8975 19m7s/Msamples
        5915000   -101090.8664       898.1      -100990.7010      -100.1653 19m7s/Msamples
        5916000   -101089.7673       899.3      -100990.0379       -99.7294 19m7s/Msamples
        5917000   -101096.1201       899.8      -100996.7422       -99.3778 19m7s/Msamples
        5918000   -101096.2313       900.2      -100993.1282      -103.1031 19m7s/Msamples
        5919000   -101105.3950       900.0      -101000.8673      -104.5276 19m7s/Msamples
        5920000   -101113.0109       900.3      -101006.9401      -106.0708 19m7s/Msamples
        5921000   -101103.3797       900.5      -100999.6808      -103.6989 19m7s/Msamples
        5922000   -101103.5173       900.7      -101000.0080      -103.5092 19m7s/Msamples
        5923000   -101100.0889       900.8      -101001.9397       -98.1491 19m7s/Msamples
        5924000   -101087.7699       901.2      -100990.6200       -97.1498 19m7s/Msamples
        5925000   -101108.2996       901.7      -101007.3168      -100.9828 19m7s/Msamples
        5926000   -101110.1733       902.3      -101010.5000       -99.6732 19m7s/Msamples
        5927000   -101113.4507       903.0      -101013.9872       -99.4635 19m7s/Msamples
        5928000   -101108.7914       903.4      -101006.8443      -101.9471 19m7s/Msamples
        5929000   -101110.3471       902.0      -101011.1487       -99.1984 19m7s/Msamples
        5930000   -101103.2385       902.2      -101006.3938       -96.8446 19m7s/Msamples
        5931000   -101104.5229       902.4      -101008.2393       -96.2835 19m7s/Msamples
        5932000   -101085.0622       903.4      -100984.7217      -100.3405 19m7s/Msamples
        5933000   -101091.4275       903.9      -100991.7392       -99.6883 19m7s/Msamples
        5934000   -101114.6721       904.4      -101010.3984      -104.2737 19m7s/Msamples
        5935000   -101111.2446       904.5      -101012.6522       -98.5924 19m7s/Msamples
        5936000   -101092.9111       905.2      -100995.0515       -97.8596 19m7s/Msamples
        5937000   -101096.1125       905.7      -101001.0808       -95.0317 19m7s/Msamples
        5938000   -101099.0466       905.9      -101003.1391       -95.9075 19m7s/Msamples
        5939000   -101101.2435       905.2      -101003.6002       -97.6433 19m7s/Msamples
        5940000   -101105.4627       905.4      -101010.6067       -94.8559 19m7s/Msamples
        5941000   -101104.2004       905.5      -101006.0140       -98.1864 19m7s/Msamples
        5942000   -101101.5316       905.7      -101003.5812       -97.9503 19m7s/Msamples
        5943000   -101106.2450       905.7      -101005.8958      -100.3491 19m7s/Msamples
        5944000   -101111.4225       905.8      -101013.5642       -97.8582 19m7s/Msamples
        5945000   -101110.8884       905.8      -101009.5117      -101.3766 19m7s/Msamples
        5946000   -101095.0333       906.3      -100996.2599       -98.7734 19m7s/Msamples
        5947000   -101115.1063       906.6      -101011.9809      -103.1254 19m7s/Msamples
        5948000   -101112.8497       906.7      -101002.3513      -110.4983 19m7s/Msamples
        5949000   -101108.2214       906.6      -100999.3001      -108.9213 19m7s/Msamples
        5950000   -101101.1679       906.8      -100993.1159      -108.0520 19m7s/Msamples
        5951000   -101097.6581       907.2      -100990.5778      -107.0803 19m7s/Msamples
        5952000   -101098.0288       907.5      -100989.8170      -108.2118 19m7s/Msamples
        5953000   -101099.9747       907.7      -100993.6595      -106.3151 19m7s/Msamples
        5954000   -101100.4849       907.9      -100994.9020      -105.5828 19m7s/Msamples
        5955000   -101097.9736       908.3      -100992.9747      -104.9988 19m7s/Msamples
        5956000   -101092.8087       908.9      -100987.8599      -104.9487 19m7s/Msamples
        5957000   -101094.3907       909.3      -100988.1302      -106.2605 19m7s/Msamples
        5958000   -101095.4138       909.7      -100989.7733      -105.6405 19m7s/Msamples
        5959000   -101104.3296       909.8      -100996.7766      -107.5529 19m7s/Msamples
        5960000   -101113.3060       910.0      -101004.0775      -109.2285 19m7s/Msamples
        5961000   -101113.5036       910.1      -101002.4301      -111.0735 19m7s/Msamples
        5962000   -101118.1189       910.2      -101002.4617      -115.6571 19m7s/Msamples
        5963000   -101102.2712       910.4      -100988.9844      -113.2867 19m7s/Msamples
        5964000   -101101.7262       910.5      -100987.6682      -114.0580 19m7s/Msamples
        5965000   -101104.9447       910.6      -100996.7447      -108.2000 19m7s/Msamples
        5966000   -101109.9962       910.6      -101004.2242      -105.7719 19m7s/Msamples
        5967000   -101109.6194       910.4      -101002.1601      -107.4593 19m7s/Msamples
        5968000   -101102.5179       910.6      -100996.6939      -105.8240 19m7s/Msamples
        5969000   -101110.1454       910.4      -100996.6831      -113.4622 19m7s/Msamples
        5970000   -101104.4644       910.4      -100993.7298      -110.7345 19m7s/Msamples
        5971000   -101107.9668       910.4      -100997.6974      -110.2693 19m7s/Msamples
        5972000   -101104.3526       910.4      -100994.6205      -109.7321 19m7s/Msamples
        5973000   -101111.6674       910.3      -101000.7183      -110.9491 19m7s/Msamples
        5974000   -101111.5137       909.9      -100999.8405      -111.6732 19m7s/Msamples
        5975000   -101098.6776       910.4      -100989.2213      -109.4562 19m7s/Msamples
        5976000   -101108.8876       910.0      -100999.4448      -109.4428 19m7s/Msamples
        5977000   -101124.8119       909.2      -101010.2940      -114.5179 19m7s/Msamples
        5978000   -101113.0999       908.2      -101001.8551      -111.2447 19m7s/Msamples
        5979000   -101115.3900       906.5      -101005.6436      -109.7463 19m7s/Msamples
        5980000   -101113.3813       905.1      -101003.1069      -110.2744 19m7s/Msamples
        5981000   -101115.6057       903.6      -101005.7817      -109.8240 19m7s/Msamples
        5982000   -101107.5271       902.9      -100995.0344      -112.4926 19m7s/Msamples
        5983000   -101120.8003       901.2      -101010.4436      -110.3567 19m7s/Msamples
        5984000   -101120.1213       899.1      -101003.9775      -116.1438 19m7s/Msamples
        5985000   -101113.4126       897.5      -100998.1483      -115.2643 19m7s/Msamples
        5986000   -101111.0431       896.1      -100994.1095      -116.9335 19m7s/Msamples
        5987000   -101103.4650       895.9      -100991.1238      -112.3412 19m7s/Msamples
        5988000   -101099.1116       896.5      -100986.3855      -112.7261 19m7s/Msamples
        5989000   -101102.4967       896.2      -100996.0648      -106.4319 19m7s/Msamples
        5990000   -101111.9249       894.8      -100999.4026      -112.5222 19m7s/Msamples
        5991000   -101105.4727       894.3      -100997.1073      -108.3654 19m7s/Msamples
        5992000   -101110.2518       893.2      -101002.2961      -107.9557 19m7s/Msamples
        5993000   -101111.1860       891.8      -101000.4263      -110.7597 19m7s/Msamples
        5994000   -101116.7327       889.8      -101001.2769      -115.4558 19m7s/Msamples
        5995000   -101112.0334       888.3      -101001.5779      -110.4555 19m7s/Msamples
        5996000   -101100.8270       888.6      -100994.8231      -106.0039 19m7s/Msamples
        5997000   -101107.6008       887.7      -101002.0186      -105.5822 19m7s/Msamples
        5998000   -101117.1953       885.8      -101005.4083      -111.7869 19m7s/Msamples
        5999000   -101109.1061       884.4      -100998.1465      -110.9596 19m7s/Msamples
        6000000   -101106.8524       883.8      -100995.6748      -111.1776 19m7s/Msamples
        6001000   -101112.6173       882.3      -101004.7234      -107.8939 19m7s/Msamples
        6002000   -101105.0353       881.9      -100995.2100      -109.8253 19m7s/Msamples
        6003000   -101104.3637       881.6      -100995.9441      -108.4195 19m7s/Msamples
        6004000   -101106.4171       881.0      -100999.6269      -106.7902 19m7s/Msamples
        6005000   -101098.8552       881.6      -100995.2025      -103.6526 19m7s/Msamples
        6006000   -101094.6387       882.8      -100995.2183       -99.4204 19m7s/Msamples
        6007000   -101101.3452       883.0      -100998.6623      -102.6828 19m7s/Msamples
        6008000   -101099.8988       883.3      -101000.0005       -99.8982 19m7s/Msamples
        6009000   -101090.9390       884.4      -100988.3117      -102.6272 19m7s/Msamples
        6010000   -101098.7578       884.8      -100997.7657      -100.9921 19m7s/Msamples
        6011000   -101088.1390       886.5      -100986.7825      -101.3565 19m7s/Msamples
        6012000   -101101.6098       886.6      -100997.6948      -103.9150 19m7s/Msamples
        6013000   -101111.9302       886.5      -101002.8723      -109.0579 19m7s/Msamples
        6014000   -101101.8478       886.6      -101000.2738      -101.5740 19m7s/Msamples
        6015000   -101108.9463       886.4      -101007.2294      -101.7169 19m7s/Msamples
        6016000   -101100.0768       886.7      -100996.2825      -103.7942 19m7s/Msamples
        6017000   -101103.8086       886.7      -101000.7563      -103.0522 19m7s/Msamples
        6018000   -101105.6776       886.8      -101001.7572      -103.9204 19m7s/Msamples
        6019000   -101103.3652       886.5      -101002.0513      -101.3139 19m7s/Msamples
        6020000   -101100.0952       886.7      -101000.6963       -99.3988 19m7s/Msamples
        6021000   -101094.5482       887.1      -100994.7886       -99.7596 19m7s/Msamples
        6022000   -101096.8401       887.4      -100993.9591      -102.8809 19m7s/Msamples
        6023000   -101102.0036       887.5      -100998.0849      -103.9186 19m7s/Msamples
        6024000   -101104.1625       887.7      -100997.6050      -106.5574 19m7s/Msamples
        6025000   -101103.9149       888.0      -101001.4638      -102.4510 19m7s/Msamples
        6026000   -101110.4845       888.4      -101006.9178      -103.5667 19m7s/Msamples
        6027000   -101104.9607       888.6      -101001.8807      -103.0799 19m7s/Msamples
        6028000   -101103.9670       888.8      -100999.5933      -104.3736 19m7s/Msamples
        6029000   -101106.9413       888.8      -101004.9411      -102.0001 19m7s/Msamples
        6030000   -101107.3796       888.9      -101003.7544      -103.6251 19m7s/Msamples
        6031000   -101110.5876       889.1      -101004.4395      -106.1480 19m7s/Msamples
        6032000   -101106.9449       889.0      -101005.0784      -101.8664 19m7s/Msamples
        6033000   -101107.4088       889.0      -101004.4148      -102.9939 19m7s/Msamples
        6034000   -101123.6232       889.1      -101018.8737      -104.7495 19m7s/Msamples
        6035000   -101119.0414       888.6      -101009.5912      -109.4501 19m7s/Msamples
        6036000   -101121.3429       888.0      -101012.7200      -108.6228 19m7s/Msamples
        6037000   -101105.9999       887.7      -100999.4107      -106.5892 19m7s/Msamples
        6038000   -101102.6849       887.7      -101001.1908      -101.4940 19m7s/Msamples
        6039000   -101103.8086       887.4      -100999.3468      -104.4617 19m7s/Msamples
        6040000   -101114.9841       886.6      -101010.8183      -104.1658 19m7s/Msamples
        6041000   -101106.8773       886.2      -101005.8718      -101.0054 19m7s/Msamples
        6042000   -101105.8394       885.9      -101006.9509       -98.8885 19m7s/Msamples
        6043000   -101101.0387       886.2      -101001.9562       -99.0825 19m7s/Msamples
        6044000   -101101.8296       886.3      -101001.4818      -100.3478 19m7s/Msamples
        6045000   -101106.7652       885.8      -101005.7970      -100.9681 19m7s/Msamples
        6046000   -101108.1380       885.2      -101009.1383       -98.9996 19m7s/Msamples
        6047000   -101110.4952       884.3      -101009.1164      -101.3788 19m7s/Msamples
        6048000   -101110.9040       883.3      -101008.1970      -102.7069 19m7s/Msamples
        6049000   -101101.6277       883.3      -100999.5845      -102.0432 19m7s/Msamples
        6050000   -101094.6233       884.6      -100995.3422       -99.2810 19m7s/Msamples
        6051000   -101098.9678       885.1      -100997.2148      -101.7530 19m7s/Msamples
        6052000   -101100.7190       885.3      -100997.4137      -103.3053 19m7s/Msamples
        6053000   -101096.1111       886.2      -100994.7260      -101.3850 19m7s/Msamples
        6054000   -101112.0679       885.5      -101009.4987      -102.5691 19m7s/Msamples
        6055000   -101102.9599       885.5      -100999.9446      -103.0153 19m7s/Msamples
        6056000   -101101.1981       885.7      -100999.6767      -101.5213 19m7s/Msamples
        6057000   -101097.8833       886.2      -100989.2847      -108.5986 19m7s/Msamples
        6058000   -101087.5881       887.7      -100986.2762      -101.3119 19m7s/Msamples
        6059000   -101094.2525       887.9      -100994.1862      -100.0662 19m7s/Msamples
        6060000   -101086.1356       889.0      -100984.3148      -101.8207 19m7s/Msamples
        6061000   -101101.7346       889.2      -100994.3758      -107.3588 19m7s/Msamples
        6062000   -101108.1278       889.4      -101002.2067      -105.9210 19m7s/Msamples
        6063000   -101115.1231       889.9      -101006.5439      -108.5792 19m7s/Msamples
        6064000   -101106.9309       890.1      -100998.4418      -108.4890 19m7s/Msamples
        6065000   -101108.1361       890.3      -100998.2785      -109.8575 19m7s/Msamples
        6066000   -101088.1231       891.1      -100988.5326       -99.5905 19m7s/Msamples
        6067000   -101090.5262       891.6      -100992.2080       -98.3182 19m7s/Msamples
        6068000   -101097.5772       891.8      -100995.7137      -101.8634 19m7s/Msamples
        6069000   -101094.7670       891.9      -100994.5766      -100.1904 19m7s/Msamples
        6070000   -101096.4031       891.9      -100994.4435      -101.9596 19m7s/Msamples
        6071000   -101099.0842       892.0      -100993.2702      -105.8139 19m7s/Msamples
        6072000   -101104.8416       892.3      -101001.7425      -103.0990 19m8s/Msamples
        6073000   -101090.2214       892.4      -100989.1147      -101.1067 19m8s/Msamples
        6074000   -101095.9603       892.4      -100995.6093      -100.3509 19m8s/Msamples
        6075000   -101086.0911       892.3      -100985.4614      -100.6297 19m8s/Msamples
        6076000   -101094.4251       892.1      -100996.1642       -98.2609 19m7s/Msamples
        6077000   -101098.6303       892.0      -100994.1905      -104.4397 19m7s/Msamples
        6078000   -101100.4592       892.1      -101000.4528      -100.0063 19m8s/Msamples
        6079000   -101094.9683       891.8      -100996.3228       -98.6454 19m8s/Msamples
        6080000   -101090.6554       891.3      -100991.7193       -98.9361 19m8s/Msamples
        6081000   -101091.0935       890.9      -100995.4518       -95.6416 19m8s/Msamples
        6082000   -101086.8899       890.4      -100991.9516       -94.9383 19m8s/Msamples
        6083000   -101089.9263       889.9      -100994.2433       -95.6829 19m8s/Msamples
        6084000   -101076.3439       889.2      -100982.4091       -93.9347 19m8s/Msamples
        6085000   -101093.0616       888.5      -100996.8113       -96.2503 19m8s/Msamples
        6086000   -101096.4108       888.0      -100999.4121       -96.9987 19m8s/Msamples
        6087000   -101103.6496       888.5      -101008.7032       -94.9463 19m8s/Msamples
        6088000   -101096.4427       888.0      -100999.1761       -97.2666 19m8s/Msamples
        6089000   -101094.9071       887.1      -100997.3307       -97.5763 19m8s/Msamples
        6090000   -101100.0834       887.0      -101005.4432       -94.6402 19m8s/Msamples
        6091000   -101094.7824       886.4      -101000.8609       -93.9215 19m8s/Msamples
        6092000   -101092.2501       885.5      -100998.7866       -93.4634 19m8s/Msamples
        6093000   -101104.8267       886.2      -101005.7867       -99.0399 19m8s/Msamples
        6094000   -101091.6469       885.2      -100994.6865       -96.9604 19m8s/Msamples
        6095000   -101094.3400       884.5      -100995.3196       -99.0204 19m8s/Msamples
        6096000   -101097.9846       884.2      -100997.3584      -100.6262 19m8s/Msamples
        6097000   -101097.0292       883.8      -100997.1864       -99.8427 19m8s/Msamples
        6098000   -101092.3801       882.9      -100992.4473       -99.9328 19m8s/Msamples
        6099000   -101085.8235       881.6      -100986.7891       -99.0343 19m8s/Msamples
        6100000   -101089.9483       880.4      -100989.4381      -100.5102 19m8s/Msamples
        6101000   -101095.8064       879.8      -100997.0346       -98.7718 19m8s/Msamples
        6102000   -101096.9396       879.3      -100995.1562      -101.7833 19m8s/Msamples
        6103000   -101109.7787       880.9      -101007.5278      -102.2508 19m8s/Msamples
        6104000   -101091.5615       880.0      -100994.8518       -96.7096 19m8s/Msamples
        6105000   -101088.9555       878.9      -100990.0868       -98.8687 19m8s/Msamples
        6106000   -101098.0539       878.7      -101000.4875       -97.5663 19m8s/Msamples
        6107000   -101101.6972       878.9      -101006.1508       -95.5464 19m8s/Msamples
        6108000   -101105.6371       879.5      -101006.3582       -99.2789 19m8s/Msamples
        6109000   -101101.4699       878.6      -100998.8611      -102.6088 19m8s/Msamples
        6110000   -101110.7817       879.8      -101007.5153      -103.2663 19m8s/Msamples
        6111000   -101100.7915       879.9      -100999.1744      -101.6170 19m8s/Msamples
        6112000   -101112.8311       881.3      -101010.9114      -101.9196 19m8s/Msamples
        6113000   -101113.1550       882.5      -101012.6409      -100.5141 19m8s/Msamples
        6114000   -101116.9448       884.0      -101013.2122      -103.7325 19m8s/Msamples
        6115000   -101115.5905       885.0      -101013.4330      -102.1575 19m8s/Msamples
        6116000   -101116.1695       885.9      -101011.9040      -104.2655 19m8s/Msamples
        6117000   -101110.6483       886.2      -101009.2299      -101.4183 19m8s/Msamples
        6118000   -101109.1780       886.4      -101004.6482      -104.5297 19m8s/Msamples
        6119000   -101098.9337       886.3      -100997.4075      -101.5261 19m8s/Msamples
        6120000   -101098.7574       886.5      -101000.1280       -98.6294 19m8s/Msamples
        6121000   -101106.2080       886.6      -101001.9353      -104.2727 19m8s/Msamples
        6122000   -101111.1069       886.5      -101007.1402      -103.9666 19m8s/Msamples
        6123000   -101122.3172       886.2      -101012.8111      -109.5060 19m8s/Msamples
        6124000   -101098.3688       886.6      -100999.0107       -99.3580 19m8s/Msamples
        6125000   -101109.9184       886.1      -101012.4097       -97.5087 19m8s/Msamples
        6126000   -101112.9083       885.5      -101018.8893       -94.0190 19m8s/Msamples
        6127000   -101116.6663       884.4      -101022.2178       -94.4484 19m8s/Msamples
        6128000   -101112.7093       883.3      -101019.7070       -93.0023 19m8s/Msamples
        6129000   -101106.5716       881.9      -101011.2616       -95.3100 19m8s/Msamples
        6130000   -101106.3172       881.4      -101012.4435       -93.8737 19m8s/Msamples
        6131000   -101100.6658       881.6      -101006.5747       -94.0910 19m8s/Msamples
        6132000   -101099.9671       882.0      -101006.5128       -93.4543 19m8s/Msamples
        6133000   -101101.0105       882.2      -101003.5800       -97.4305 19m8s/Msamples
        6134000   -101101.7798       882.3      -101007.8056       -93.9742 19m8s/Msamples
        6135000   -101098.8536       882.8      -101002.5154       -96.3381 19m8s/Msamples
        6136000   -101095.3363       883.6      -101001.8690       -93.4672 19m8s/Msamples
        6137000   -101088.0099       885.2      -100994.9525       -93.0574 19m8s/Msamples
        6138000   -101091.1379       886.2      -100996.6911       -94.4467 19m8s/Msamples
        6139000   -101094.2718       886.9      -100997.8487       -96.4231 19m8s/Msamples
        6140000   -101096.2504       887.4      -100996.0894      -100.1609 19m8s/Msamples
        6141000   -101088.3637       888.4      -100990.6282       -97.7355 19m8s/Msamples
        6142000   -101089.4246       889.1      -100991.0775       -98.3470 19m8s/Msamples
        6143000   -101087.1186       889.8      -100989.2184       -97.9001 19m8s/Msamples
        6144000   -101087.7586       890.0      -100992.7042       -95.0544 19m8s/Msamples
        6145000   -101098.2475       890.1      -100999.8093       -98.4382 19m8s/Msamples
        6146000   -101091.8861       890.0      -100992.4881       -99.3979 19m8s/Msamples
        6147000   -101094.3062       889.8      -100994.8289       -99.4773 19m8s/Msamples
        6148000   -101091.6765       889.3      -100994.5057       -97.1707 19m8s/Msamples
        6149000   -101093.3140       889.1      -100995.5479       -97.7660 19m8s/Msamples
        6150000   -101088.6548       888.1      -100992.6874       -95.9674 19m8s/Msamples
        6151000   -101095.7386       887.6      -100994.5726      -101.1660 19m8s/Msamples
        6152000   -101090.6138       886.6      -100994.5574       -96.0563 19m8s/Msamples
        6153000   -101101.8561       886.8      -101003.4251       -98.4309 19m8s/Msamples
        6154000   -101098.5194       886.6      -101000.7524       -97.7669 19m8s/Msamples
        6155000   -101095.6530       886.0      -100997.8127       -97.8402 19m8s/Msamples
        6156000   -101092.2844       885.1      -100994.9861       -97.2982 19m8s/Msamples
        6157000   -101087.7267       883.6      -100987.0870      -100.6396 19m8s/Msamples
        6158000   -101097.2787       883.2      -100997.0921      -100.1866 19m8s/Msamples
        6159000   -101099.3789       883.1      -100999.6682       -99.7107 19m8s/Msamples
        6160000   -101100.6504       883.2      -100998.0496      -102.6007 19m8s/Msamples
        6161000   -101102.1459       883.5      -100997.0172      -105.1286 19m8s/Msamples
        6162000   -101111.1148       885.0      -101007.0156      -104.0991 19m8s/Msamples
        6163000   -101105.1969       885.6      -101000.4023      -104.7945 19m8s/Msamples
        6164000   -101098.7838       885.6      -100995.5832      -103.2006 19m8s/Msamples
        6165000   -101103.3683       885.9      -100999.2324      -104.1359 19m8s/Msamples
        6166000   -101103.3185       886.2      -100995.5827      -107.7358 19m8s/Msamples
        6167000   -101103.6402       886.5      -101001.9567      -101.6835 19m8s/Msamples
        6168000   -101097.1427       886.5      -100994.6779      -102.4648 19m8s/Msamples
        6169000   -101099.0017       886.8      -100993.9001      -105.1016 19m8s/Msamples
        6170000   -101104.3781       887.1      -101000.5255      -103.8525 19m8s/Msamples
        6171000   -101101.6724       887.3      -100997.7656      -103.9067 19m8s/Msamples
        6172000   -101101.7987       887.5      -100997.0037      -104.7950 19m8s/Msamples
        6173000   -101102.2362       887.6      -100995.7854      -106.4508 19m8s/Msamples
        6174000   -101096.1823       887.8      -100994.6186      -101.5636 19m8s/Msamples
        6175000   -101101.1175       887.9      -101001.4809       -99.6366 19m8s/Msamples
        6176000   -101105.0726       888.2      -100999.4272      -105.6454 19m8s/Msamples
        6177000   -101107.6288       888.4      -101002.4949      -105.1338 19m8s/Msamples
        6178000   -101093.1594       888.9      -100988.0616      -105.0977 19m8s/Msamples
        6179000   -101094.3682       889.3      -100989.0351      -105.3330 19m8s/Msamples
        6180000   -101107.0840       889.5      -101001.7902      -105.2937 19m8s/Msamples
        6181000   -101108.5848       889.7      -100999.2846      -109.3001 19m8s/Msamples
        6182000   -101096.0673       890.0      -100991.0902      -104.9771 19m8s/Msamples
        6183000   -101104.4302       890.2      -101001.7084      -102.7217 19m8s/Msamples
        6184000   -101101.3074       890.3      -100997.2682      -104.0391 19m8s/Msamples
        6185000   -101115.6683       890.9      -101005.9866      -109.6816 19m8s/Msamples
        6186000   -101110.9645       891.1      -101003.8925      -107.0719 19m8s/Msamples
        6187000   -101106.7653       891.2      -100999.1754      -107.5899 19m8s/Msamples
        6188000   -101103.8967       891.4      -100999.4854      -104.4113 19m8s/Msamples
        6189000   -101091.0160       892.1      -100991.2659       -99.7501 19m8s/Msamples
        6190000   -101092.8493       892.7      -100988.8880      -103.9612 19m8s/Msamples
        6191000   -101100.7022       892.8      -100996.1523      -104.5499 19m8s/Msamples
        6192000   -101103.4555       893.0      -100999.1778      -104.2777 19m8s/Msamples
        6193000   -101095.0456       893.3      -100996.0677       -98.9779 19m8s/Msamples
        6194000   -101093.1164       893.7      -100996.0889       -97.0275 19m8s/Msamples
        6195000   -101097.2354       893.9      -100995.6624      -101.5730 19m8s/Msamples
        6196000   -101098.5285       894.1      -100994.3698      -104.1586 19m8s/Msamples
        6197000   -101093.7360       894.3      -100991.0645      -102.6714 19m8s/Msamples
        6198000   -101102.5151       894.5      -101000.5069      -102.0081 19m8s/Msamples
        6199000   -101097.0593       894.7      -100996.9856      -100.0736 19m8s/Msamples
        6200000   -101096.6030       894.9      -100994.6822      -101.9207 19m8s/Msamples
        6201000   -101090.0499       895.1      -100988.9557      -101.0942 19m8s/Msamples
        6202000   -101098.9790       895.2      -100993.7875      -105.1915 19m8s/Msamples
        6203000   -101100.5871       895.4      -100995.9583      -104.6287 19m8s/Msamples
        6204000   -101102.0270       895.6      -101001.1946      -100.8323 19m8s/Msamples
        6205000   -101103.1594       895.8      -101002.0440      -101.1154 19m8s/Msamples
        6206000   -101101.8318       896.0      -100998.9083      -102.9234 19m8s/Msamples
        6207000   -101093.8808       895.9      -100991.7953      -102.0855 19m8s/Msamples
        6208000   -101099.9170       896.0      -100998.4094      -101.5076 19m8s/Msamples
        6209000   -101107.1486       896.3      -101003.0263      -104.1223 19m8s/Msamples
        6210000   -101102.8733       896.6      -100997.5021      -105.3711 19m8s/Msamples
        6211000   -101101.0268       896.7      -100996.7578      -104.2690 19m8s/Msamples
        6212000   -101110.4234       897.5      -101000.6842      -109.7391 19m8s/Msamples
        6213000   -101109.4125       898.1      -101002.6275      -106.7850 19m8s/Msamples
        6214000   -101102.1805       898.2      -100997.5817      -104.5987 19m8s/Msamples
        6215000   -101096.9887       898.4      -100994.7890      -102.1996 19m8s/Msamples
        6216000   -101095.5383       898.5      -100991.4562      -104.0820 19m8s/Msamples
        6217000   -101101.4105       898.7      -100998.0709      -103.3396 19m8s/Msamples
        6218000   -101117.7063       899.6      -101008.8553      -108.8510 19m8s/Msamples
        6219000   -101114.2681       900.0      -101006.9569      -107.3111 19m8s/Msamples
        6220000   -101105.8662       900.1      -101001.2560      -104.6101 19m8s/Msamples
        6221000   -101110.4745       900.3      -101007.4333      -103.0411 19m8s/Msamples
        6222000   -101114.9437       900.3      -101011.0828      -103.8609 19m8s/Msamples
        6223000   -101094.8726       900.9      -100993.1112      -101.7613 19m8s/Msamples
        6224000   -101092.9208       901.6      -100995.3696       -97.5511 19m8s/Msamples
        6225000   -101092.9619       902.3      -100996.0468       -96.9151 19m8s/Msamples
        6226000   -101088.4566       903.3      -100989.4342       -99.0224 19m8s/Msamples
        6227000   -101106.1474       903.4      -101010.6062       -95.5411 19m8s/Msamples
        6228000   -101094.7791       903.9      -100999.4392       -95.3399 19m8s/Msamples
        6229000   -101089.0033       904.8      -100991.7451       -97.2581 19m8s/Msamples
        6230000   -101096.9688       905.0      -100997.5421       -99.4266 19m8s/Msamples
        6231000   -101105.3874       905.2      -101004.9338      -100.4535 19m8s/Msamples
        6232000   -101107.3112       905.4      -101006.0119      -101.2992 19m8s/Msamples
        6233000   -101114.6755       905.8      -101011.0984      -103.5770 19m8s/Msamples
        6234000   -101101.4762       906.0      -101001.1076      -100.3685 19m8s/Msamples
        6235000   -101100.2872       906.1      -101000.7271       -99.5600 19m8s/Msamples
        6236000   -101104.2153       906.3      -100998.7435      -105.4718 19m8s/Msamples
        6237000   -101101.5847       906.4      -100994.5550      -107.0297 19m8s/Msamples
        6238000   -101104.8662       906.5      -100999.9815      -104.8847 19m8s/Msamples
        6239000   -101103.8335       906.1      -100997.2870      -106.5464 19m8s/Msamples
        6240000   -101111.5126       906.5      -101006.1703      -105.3423 19m8s/Msamples
        6241000   -101104.4454       906.6      -100999.3439      -105.1015 19m8s/Msamples
        6242000   -101087.7043       907.3      -100989.4162       -98.2881 19m8s/Msamples
        6243000   -101099.3825       907.4      -100997.7540      -101.6285 19m8s/Msamples
        6244000   -101095.7263       907.5      -100993.5520      -102.1743 19m8s/Msamples
        6245000   -101109.3113       907.9      -101006.4230      -102.8883 19m8s/Msamples
        6246000   -101113.1276       908.4      -101013.5897       -99.5379 19m8s/Msamples
        6247000   -101101.7535       908.6      -100999.3425      -102.4110 19m8s/Msamples
        6248000   -101107.3072       908.7      -101004.6777      -102.6294 19m8s/Msamples
        6249000   -101105.2410       908.7      -100999.7678      -105.4731 19m8s/Msamples
        6250000   -101095.3918       909.2      -100992.0243      -103.3675 19m8s/Msamples
        6251000   -101099.2519       909.5      -100995.6780      -103.5738 19m8s/Msamples
        6252000   -101092.0149       910.2      -100990.5333      -101.4815 19m8s/Msamples
        6253000   -101094.5143       910.6      -100996.3434       -98.1708 19m8s/Msamples
        6254000   -101097.0797       910.8      -100995.0372      -102.0425 19m8s/Msamples
        6255000   -101098.0846       911.0      -100993.8756      -104.2090 19m8s/Msamples
        6256000   -101096.1877       911.2      -100993.1635      -103.0242 19m8s/Msamples
        6257000   -101099.2369       911.4      -100997.8185      -101.4183 19m8s/Msamples
        6258000   -101108.4057       911.7      -101003.8064      -104.5992 19m8s/Msamples
        6259000   -101118.2475       912.5      -101008.9156      -109.3318 19m8s/Msamples
        6260000   -101099.0988       912.7      -100990.6970      -108.4017 19m8s/Msamples
        6261000   -101098.8719       912.9      -100991.1915      -107.6803 19m8s/Msamples
        6262000   -101104.2337       913.1      -100993.5990      -110.6346 19m8s/Msamples
        6263000   -101098.5095       913.3      -100990.7371      -107.7723 19m8s/Msamples
        6264000   -101109.7898       913.6      -101003.7449      -106.0448 19m8s/Msamples
        6265000   -101107.6555       913.7      -101000.2892      -107.3662 19m8s/Msamples
        6266000   -101115.7293       914.1      -101009.0669      -106.6623 19m8s/Msamples
        6267000   -101109.3039       914.3      -100997.9058      -111.3981 19m8s/Msamples
        6268000   -101104.0360       914.4      -100995.9980      -108.0379 19m8s/Msamples
        6269000   -101101.6857       913.4      -100999.4805      -102.2051 19m8s/Msamples
        6270000   -101112.6166       913.6      -101008.9613      -103.6553 19m8s/Msamples
        6271000   -101110.1410       913.7      -100999.8208      -110.3201 19m8s/Msamples
        6272000   -101102.0744       913.8      -100992.0414      -110.0330 19m8s/Msamples
        6273000   -101104.8378       913.8      -100994.1315      -110.7063 19m8s/Msamples
        6274000   -101106.2028       913.8      -100999.1480      -107.0548 19m8s/Msamples
        6275000   -101119.9311       913.4      -101011.1118      -108.8192 19m8s/Msamples
        6276000   -101105.3599       913.3      -100999.1762      -106.1837 19m8s/Msamples
        6277000   -101102.2974       913.4      -100998.4951      -103.8022 19m8s/Msamples
        6278000   -101101.1454       913.5      -100997.0035      -104.1419 19m8s/Msamples
        6279000   -101101.4894       914.1      -100996.7115      -104.7779 19m8s/Msamples
        6280000   -101109.6334       913.7      -101003.0030      -106.6303 19m8s/Msamples
        6281000   -101112.2648       913.2      -101005.3778      -106.8869 19m8s/Msamples
        6282000   -101108.8649       912.8      -101003.4780      -105.3868 19m8s/Msamples
        6283000   -101107.8401       912.4      -101005.7821      -102.0580 19m8s/Msamples
        6284000   -101106.9885       912.0      -101003.5775      -103.4110 19m8s/Msamples
        6285000   -101119.1390       911.0      -101016.7893      -102.3496 19m8s/Msamples
        6286000   -101107.7075       910.5      -101005.0095      -102.6979 19m8s/Msamples
        6287000   -101101.5074       910.6      -100996.0448      -105.4626 19m8s/Msamples
        6288000   -101109.4175       910.1      -100999.8672      -109.5502 19m8s/Msamples
        6289000   -101114.1132       909.7      -101001.8741      -112.2391 19m8s/Msamples
        6290000   -101115.7830       908.7      -101006.0309      -109.7520 19m8s/Msamples
        6291000   -101099.8966       909.0      -100992.3899      -107.5067 19m9s/Msamples
        6292000   -101100.0742       909.3      -100996.0344      -104.0397 19m9s/Msamples
        6293000   -101097.7041       909.9      -100995.3043      -102.3997 19m9s/Msamples
        6294000   -101101.9971       910.0      -101001.0626      -100.9345 19m9s/Msamples
        6295000   -101090.1148       911.6      -100986.5915      -103.5232 19m9s/Msamples
        6296000   -101103.3145       911.6      -100995.8810      -107.4335 19m8s/Msamples
        6297000   -101094.1196       912.4      -100993.3063      -100.8132 19m8s/Msamples
        6298000   -101097.5786       912.9      -100996.3776      -101.2010 19m8s/Msamples
        6299000   -101094.9187       913.6      -100990.4170      -104.5017 19m8s/Msamples
        6300000   -101096.0295       914.2      -100987.8190      -108.2104 19m8s/Msamples
        6301000   -101097.3360       914.6      -100994.6904      -102.6456 19m8s/Msamples
        6302000   -101114.1387       914.7      -101010.2419      -103.8968 19m8s/Msamples
        6303000   -101113.6039       914.7      -101008.2802      -105.3236 19m8s/Msamples
        6304000   -101108.6584       914.7      -101006.1885      -102.4698 19m9s/Msamples
        6305000   -101105.3260       914.7      -101005.0745      -100.2515 19m8s/Msamples
        6306000   -101110.0376       914.8      -101009.1404      -100.8971 19m9s/Msamples
        6307000   -101106.0882       914.9      -101006.1764       -99.9117 19m9s/Msamples
        6308000   -101104.8829       914.9      -101003.6757      -101.2072 19m9s/Msamples
        6309000   -101111.8443       915.0      -101009.1963      -102.6480 19m9s/Msamples
        6310000   -101107.5147       915.0      -101003.4083      -104.1063 19m9s/Msamples
        6311000   -101105.9323       915.1      -101003.0310      -102.9012 19m9s/Msamples
        6312000   -101106.4419       915.2      -101007.8303       -98.6115 19m9s/Msamples
        6313000   -101111.9482       915.3      -101012.0418       -99.9063 19m9s/Msamples
        6314000   -101115.4372       915.2      -101013.1446      -102.2925 19m9s/Msamples
        6315000   -101105.6721       915.2      -101002.9111      -102.7609 19m9s/Msamples
        6316000   -101108.9503       914.9      -101008.7162      -100.2341 19m9s/Msamples
        6317000   -101100.8681       915.1      -101002.6409       -98.2272 19m9s/Msamples
        6318000   -101113.5683       914.6      -101013.0154      -100.5529 19m9s/Msamples
        6319000   -101106.0795       914.3      -101001.7589      -104.3205 19m9s/Msamples
        6320000   -101098.3129       914.8      -100997.3202      -100.9926 19m9s/Msamples
        6321000   -101099.8797       915.2      -100997.5548      -102.3249 19m9s/Msamples
        6322000   -101109.3782       914.6      -101006.5606      -102.8176 19m9s/Msamples
        6323000   -101112.5993       913.8      -101009.3534      -103.2458 19m9s/Msamples
        6324000   -101090.4880       915.4      -100989.7150      -100.7729 19m9s/Msamples
        6325000   -101095.2295       916.2      -100994.5717      -100.6578 19m9s/Msamples
        6326000   -101112.5728       915.8      -101004.0151      -108.5576 19m9s/Msamples
        6327000   -101122.8734       915.2      -101019.3215      -103.5518 19m9s/Msamples
        6328000   -101106.8877       914.9      -101003.7804      -103.1073 19m9s/Msamples
        6329000   -101100.6629       915.0      -100995.5313      -105.1316 19m9s/Msamples
        6330000   -101086.9342       917.0      -100986.5073      -100.4268 19m9s/Msamples
        6331000   -101098.4080       917.4      -100999.7006       -98.7074 19m9s/Msamples
        6332000   -101103.7839       917.4      -101003.7930       -99.9909 19m9s/Msamples
        6333000   -101090.9589       918.4      -100992.3221       -98.6367 19m9s/Msamples
        6334000   -101095.1472       919.0      -100995.4275       -99.7197 19m9s/Msamples
        6335000   -101088.9799       919.8      -100988.5523      -100.4276 19m9s/Msamples
        6336000   -101099.6574       920.0      -100997.8244      -101.8329 19m9s/Msamples
        6337000   -101096.9079       920.2      -100991.4829      -105.4250 19m9s/Msamples
        6338000   -101100.0652       920.4      -100997.9752      -102.0899 19m9s/Msamples
        6339000   -101104.9606       920.5      -101005.7767       -99.1838 19m9s/Msamples
        6340000   -101096.7673       920.7      -100995.1162      -101.6511 19m9s/Msamples
        6341000   -101098.0117       920.8      -100997.0324      -100.9792 19m9s/Msamples
        6342000   -101095.4598       920.9      -100994.1254      -101.3343 19m9s/Msamples
        6343000   -101104.6692       921.2      -101003.8251      -100.8440 19m9s/Msamples
        6344000   -101105.5138       921.6      -101003.1803      -102.3334 19m9s/Msamples
        6345000   -101097.1056       921.7      -100997.2540       -99.8516 19m9s/Msamples
        6346000   -101092.7918       921.8      -100994.2578       -98.5340 19m9s/Msamples
        6347000   -101104.8794       922.2      -101002.0518      -102.8276 19m9s/Msamples
        6348000   -101103.8635       922.5      -101001.7605      -102.1029 19m9s/Msamples
        6349000   -101099.0521       921.9      -100996.8626      -102.1894 19m9s/Msamples
        6350000   -101110.1589       922.7      -101002.4873      -107.6716 19m9s/Msamples
        6351000   -101117.1237       924.0      -101006.8700      -110.2536 19m9s/Msamples
        6352000   -101108.3534       924.4      -101001.5693      -106.7841 19m9s/Msamples
        6353000   -101119.9321       925.7      -101010.9600      -108.9721 19m9s/Msamples
        6354000   -101116.4869       926.2      -101004.7080      -111.7788 19m9s/Msamples
        6355000   -101104.3728       926.3      -100999.3269      -105.0459 19m9s/Msamples
        6356000   -101098.6613       926.6      -100993.9042      -104.7570 19m9s/Msamples
        6357000   -101112.0464       926.6      -101005.4871      -106.5592 19m9s/Msamples
        6358000   -101117.4475       926.4      -101009.3203      -108.1272 19m9s/Msamples
        6359000   -101111.7180       925.8      -101000.0968      -111.6211 19m9s/Msamples
        6360000   -101098.2819       926.2      -100989.6369      -108.6449 19m9s/Msamples
        6361000   -101113.2062       925.7      -101005.9286      -107.2775 19m9s/Msamples
        6362000   -101109.3091       925.3      -101005.6510      -103.6580 19m9s/Msamples
        6363000   -101110.5698       924.8      -101008.7199      -101.8498 19m9s/Msamples
        6364000   -101104.5217       924.6      -101003.3471      -101.1746 19m9s/Msamples
        6365000   -101108.2940       924.1      -101003.8363      -104.4577 19m9s/Msamples
        6366000   -101106.2544       923.8      -100996.2144      -110.0400 19m9s/Msamples
        6367000   -101114.3766       922.7      -101007.7515      -106.6250 19m9s/Msamples
        6368000   -101105.0581       922.4      -100998.7873      -106.2708 19m9s/Msamples
        6369000   -101117.8059       920.6      -101014.0325      -103.7734 19m9s/Msamples
        6370000   -101111.1292       919.5      -101009.0474      -102.0818 19m9s/Msamples
        6371000   -101097.8173       920.2      -100994.6528      -103.1644 19m9s/Msamples
        6372000   -101100.1695       920.6      -100993.9446      -106.2248 19m9s/Msamples
        6373000   -101093.5923       921.9      -100991.4431      -102.1492 19m9s/Msamples
        6374000   -101103.1970       921.9      -100996.7650      -106.4319 19m9s/Msamples
        6375000   -101100.4703       922.1      -100997.3316      -103.1387 19m9s/Msamples
        6376000   -101098.2982       922.6      -100996.2039      -102.0943 19m9s/Msamples
        6377000   -101100.9036       922.8      -101000.7426      -100.1609 19m9s/Msamples
        6378000   -101083.0759       925.2      -100981.8446      -101.2313 19m9s/Msamples
        6379000   -101097.4775       925.5      -100992.7610      -104.7164 19m9s/Msamples
        6380000   -101097.6688       925.8      -100994.2049      -103.4639 19m9s/Msamples
        6381000   -101100.5995       926.0      -100995.2498      -105.3496 19m9s/Msamples
        6382000   -101095.2577       926.4      -100993.2087      -102.0489 19m9s/Msamples
        6383000   -101098.6889       926.7      -100995.7585      -102.9303 19m9s/Msamples
        6384000   -101107.0649       926.9      -101006.4799      -100.5849 19m9s/Msamples
        6385000   -101091.0969       927.3      -100991.3680       -99.7289 19m9s/Msamples
        6386000   -101099.7308       927.5      -100998.3711      -101.3597 19m9s/Msamples
        6387000   -101095.2752       927.7      -100997.4740       -97.8011 19m9s/Msamples
        6388000   -101094.7681       927.7      -100998.3441       -96.4239 19m9s/Msamples
        6389000   -101098.0469       927.5      -100999.4875       -98.5593 19m9s/Msamples
        6390000   -101098.0554       927.5      -100996.6324      -101.4229 19m9s/Msamples
        6391000   -101086.4273       927.1      -100991.2801       -95.1472 19m9s/Msamples
        6392000   -101093.9087       926.8      -100992.1923      -101.7164 19m9s/Msamples
        6393000   -101102.6512       927.1      -101002.8213       -99.8299 19m9s/Msamples
        6394000   -101104.8863       927.6      -101000.7203      -104.1660 19m9s/Msamples
        6395000   -101108.7972       928.4      -101008.9072       -99.8900 19m9s/Msamples
        6396000   -101106.0193       928.9      -101004.9681      -101.0511 19m9s/Msamples
        6397000   -101107.8092       929.5      -101004.3672      -103.4420 19m9s/Msamples
        6398000   -101125.4890       932.3      -101019.0757      -106.4132 19m9s/Msamples
        6399000   -101116.9353       933.1      -101011.5589      -105.3764 19m9s/Msamples
        6400000   -101103.4241       933.3      -101004.7072       -98.7169 19m9s/Msamples
        6401000   -101094.1867       933.6      -100992.6465      -101.5402 19m9s/Msamples
        6402000   -101107.2753       933.9      -101005.0657      -102.2095 19m9s/Msamples
        6403000   -101096.3147       934.2      -100993.6016      -102.7131 19m9s/Msamples
        6404000   -101092.3611       934.6      -100990.5571      -101.8039 19m9s/Msamples
        6405000   -101091.3767       934.9      -100990.1640      -101.2127 19m9s/Msamples
        6406000   -101107.2693       935.2      -101005.3127      -101.9566 19m9s/Msamples
        6407000   -101090.5656       935.7      -100992.6944       -97.8711 19m9s/Msamples
        6408000   -101105.0308       935.8      -100999.6011      -105.4297 19m9s/Msamples
        6409000   -101095.6860       935.5      -100994.7001      -100.9858 19m9s/Msamples
        6410000   -101105.1769       935.7      -101006.0475       -99.1293 19m9s/Msamples
        6411000   -101110.6504       935.9      -101013.0083       -97.6420 19m9s/Msamples
        6412000   -101115.7928       936.1      -101016.1679       -99.6249 19m9s/Msamples
        6413000   -101106.7349       936.0      -101007.1069       -99.6279 19m9s/Msamples
        6414000   -101111.1733       935.9      -101008.7919      -102.3814 19m9s/Msamples
        6415000   -101105.6232       935.8      -101002.6337      -102.9895 19m9s/Msamples
        6416000   -101108.3633       935.7      -101009.9242       -98.4390 19m9s/Msamples
        6417000   -101111.8353       935.5      -101010.3084      -101.5268 19m9s/Msamples
        6418000   -101113.1204       935.2      -101012.2398      -100.8806 19m9s/Msamples
        6419000   -101106.0998       935.1      -101004.2874      -101.8124 19m9s/Msamples
        6420000   -101110.2596       935.0      -101008.8123      -101.4473 19m9s/Msamples
        6421000   -101110.7645       934.9      -101008.0656      -102.6989 19m9s/Msamples
        6422000   -101094.5312       935.6      -100995.1962       -99.3349 19m9s/Msamples
        6423000   -101106.5009       935.6      -101004.4587      -102.0421 19m9s/Msamples
        6424000   -101113.5031       935.3      -101011.2120      -102.2910 19m9s/Msamples
        6425000   -101111.6146       934.9      -101008.5385      -103.0761 19m9s/Msamples
        6426000   -101118.3971       934.1      -101014.3357      -104.0613 19m9s/Msamples
        6427000   -101113.2620       933.3      -101009.3204      -103.9416 19m9s/Msamples
        6428000   -101098.9717       933.8      -100999.4356       -99.5360 19m9s/Msamples
        6429000   -101098.0807       934.1      -100996.4963      -101.5844 19m9s/Msamples
        6430000   -101098.6090       934.6      -100992.4300      -106.1789 19m9s/Msamples
        6431000   -101101.0014       934.8      -100995.6078      -105.3936 19m9s/Msamples
        6432000   -101107.1137       934.4      -101005.3330      -101.7806 19m9s/Msamples
        6433000   -101097.2610       935.0      -100995.1295      -102.1314 19m9s/Msamples
        6434000   -101105.6199       934.9      -101006.9160       -98.7039 19m9s/Msamples
        6435000   -101102.4543       934.9      -101004.6218       -97.8324 19m9s/Msamples
        6436000   -101099.3754       935.3      -101002.3895       -96.9859 19m9s/Msamples
        6437000   -101094.9690       936.0      -100998.2272       -96.7417 19m9s/Msamples
        6438000   -101109.3478       935.8      -101008.0139      -101.3339 19m9s/Msamples
        6439000   -101114.0565       933.9      -101013.7164      -100.3401 19m9s/Msamples
        6440000   -101113.8431       933.6      -101007.5390      -106.3041 19m9s/Msamples
        6441000   -101106.3183       933.4      -101004.4035      -101.9147 19m9s/Msamples
        6442000   -101101.2793       933.6      -101000.9050      -100.3743 19m9s/Msamples
        6443000   -101096.5429       934.2      -100993.2694      -103.2735 19m9s/Msamples
        6444000   -101101.2319       934.4      -100999.0399      -102.1920 19m9s/Msamples
        6445000   -101112.6937       934.2      -101009.1492      -103.5445 19m9s/Msamples
        6446000   -101107.5786       934.1      -101006.1057      -101.4728 19m9s/Msamples
        6447000   -101100.2454       934.4      -101000.8230       -99.4224 19m9s/Msamples
        6448000   -101097.8180       934.7      -100998.3842       -99.4338 19m9s/Msamples
        6449000   -101100.0216       933.1      -100998.7115      -101.3101 19m9s/Msamples
        6450000   -101094.8922       933.6      -100997.8970       -96.9952 19m9s/Msamples
        6451000   -101107.9207       933.6      -101009.8011       -98.1196 19m9s/Msamples
        6452000   -101105.0699       933.7      -101004.9169      -100.1529 19m9s/Msamples
        6453000   -101111.1486       933.7      -101009.6680      -101.4806 19m9s/Msamples
        6454000   -101097.7138       934.1      -100996.6470      -101.0668 19m9s/Msamples
        6455000   -101093.0063       934.8      -100992.5871      -100.4191 19m9s/Msamples
        6456000   -101099.6026       935.0      -100993.6385      -105.9641 19m9s/Msamples
        6457000   -101115.2384       935.1      -101010.2589      -104.9795 19m9s/Msamples
        6458000   -101104.5532       935.2      -101003.0986      -101.4546 19m9s/Msamples
        6459000   -101105.8839       934.8      -101006.1294       -99.7544 19m9s/Msamples
        6460000   -101109.4746       934.8      -101010.6236       -98.8509 19m9s/Msamples
        6461000   -101097.5793       935.1      -100996.8993      -100.6800 19m9s/Msamples
        6462000   -101088.6626       936.0      -100986.7838      -101.8787 19m9s/Msamples
        6463000   -101090.0247       936.6      -100989.9887      -100.0359 19m9s/Msamples
        6464000   -101091.3811       937.1      -100990.1329      -101.2482 19m9s/Msamples
        6465000   -101091.3206       937.5      -100988.2514      -103.0692 19m9s/Msamples
        6466000   -101090.0848       937.8      -100989.9774      -100.1074 19m9s/Msamples
        6467000   -101088.5804       937.9      -100986.3755      -102.2049 19m9s/Msamples
        6468000   -101097.8866       937.9      -100992.2601      -105.6265 19m9s/Msamples
        6469000   -101108.9844       936.6      -101002.4439      -106.5405 19m9s/Msamples
        6470000   -101094.2589       936.6      -100985.3996      -108.8593 19m9s/Msamples
        6471000   -101095.1480       936.7      -100988.6548      -106.4932 19m9s/Msamples
        6472000   -101091.0156       936.6      -100985.9137      -105.1018 19m9s/Msamples
        6473000   -101093.8620       936.4      -100989.4261      -104.4359 19m9s/Msamples
        6474000   -101105.0694       936.9      -101001.1939      -103.8754 19m9s/Msamples
        6475000   -101114.8476       938.4      -101010.0148      -104.8328 19m9s/Msamples
        6476000   -101110.3743       939.1      -101001.0401      -109.3341 19m9s/Msamples
        6477000   -101106.9315       939.6      -101001.7519      -105.1796 19m9s/Msamples
        6478000   -101109.4598       940.3      -101001.3095      -108.1503 19m9s/Msamples
        6479000   -101110.8751       940.3      -101001.8384      -109.0367 19m9s/Msamples
        6480000   -101103.4878       940.6      -100994.5983      -108.8894 19m9s/Msamples
        6481000   -101103.5977       940.8      -100996.3250      -107.2727 19m9s/Msamples
        6482000   -101108.3154       941.4      -100998.2941      -110.0212 19m9s/Msamples
        6483000   -101100.8737       941.5      -100993.9999      -106.8738 19m9s/Msamples
        6484000   -101098.5622       941.7      -100993.5702      -104.9920 19m9s/Msamples
        6485000   -101105.1992       941.9      -101001.7542      -103.4450 19m9s/Msamples
        6486000   -101096.6209       942.1      -100995.5623      -101.0586 19m9s/Msamples
        6487000   -101099.6542       942.3      -100996.7703      -102.8838 19m9s/Msamples
        6488000   -101101.4888       942.5      -101002.0006       -99.4881 19m9s/Msamples
        6489000   -101095.1984       943.4      -100997.9969       -97.2015 19m9s/Msamples
        6490000   -101091.3149       943.9      -100992.1509       -99.1639 19m9s/Msamples
        6491000   -101094.9745       944.3      -100995.1455       -99.8289 19m9s/Msamples
        6492000   -101088.6649       944.9      -100990.2642       -98.4007 19m9s/Msamples
        6493000   -101091.3645       945.4      -100988.9820      -102.3824 19m9s/Msamples
        6494000   -101086.5576       946.2      -100985.5176      -101.0399 19m9s/Msamples
        6495000   -101097.4687       946.4      -100996.6697      -100.7989 19m9s/Msamples
        6496000   -101091.7893       946.5      -100990.4336      -101.3556 19m9s/Msamples
        6497000   -101086.1549       946.6      -100986.3957       -99.7592 19m9s/Msamples
        6498000   -101094.7315       946.4      -100987.7095      -107.0220 19m9s/Msamples
        6499000   -101110.0617       948.1      -101002.3379      -107.7238 19m9s/Msamples
        6500000   -101099.8686       948.1      -100997.3006      -102.5680 19m9s/Msamples
        6501000   -101110.8865       949.2      -101005.6422      -105.2443 19m9s/Msamples
        6502000   -101102.0637       949.4      -100998.6275      -103.4361 19m9s/Msamples
        6503000   -101095.7012       949.2      -100990.9163      -104.7848 19m9s/Msamples
        6504000   -101102.9732       949.5      -100997.0699      -105.9032 19m9s/Msamples
        6505000   -101110.3021       950.5      -101006.3460      -103.9561 19m9s/Msamples
        6506000   -101106.5831       951.1      -101004.6620      -101.9210 19m9s/Msamples
        6507000   -101106.9356       951.7      -101006.1368      -100.7988 19m9s/Msamples
        6508000   -101106.9533       952.2      -101008.5748       -98.3784 19m9s/Msamples
        6509000   -101107.9843       953.3      -101003.7874      -104.1968 19m9s/Msamples
        6510000   -101111.6157       954.1      -101001.0025      -110.6131 19m9s/Msamples
        6511000   -101097.7185       954.2      -100992.7537      -104.9647 19m9s/Msamples
        6512000   -101104.1993       954.5      -100995.8927      -108.3066 19m9s/Msamples
        6513000   -101091.0791       954.8      -100990.4523      -100.6267 19m9s/Msamples
        6514000   -101095.9050       955.0      -100995.0339      -100.8710 19m9s/Msamples
        6515000   -101104.2001       955.2      -101001.5481      -102.6519 19m9s/Msamples
        6516000   -101106.9752       955.4      -101005.0796      -101.8955 19m9s/Msamples
        6517000   -101101.4401       955.5      -101001.5036       -99.9364 19m9s/Msamples
        6518000   -101104.4778       955.6      -101003.1002      -101.3776 19m9s/Msamples
        6519000   -101103.8586       955.5      -101004.4442       -99.4144 19m9s/Msamples
        6520000   -101107.3500       955.6      -101005.2224      -102.1275 19m9s/Msamples
        6521000   -101102.1544       955.7      -100998.3259      -103.8284 19m9s/Msamples
        6522000   -101103.3849       955.8      -101001.1255      -102.2594 19m9s/Msamples
        6523000   -101109.9391       955.8      -101010.4122       -99.5269 19m9s/Msamples
        6524000   -101112.8244       955.7      -101007.9254      -104.8989 19m9s/Msamples
        6525000   -101100.3080       955.9      -100998.0076      -102.3004 19m9s/Msamples
        6526000   -101094.7401       956.5      -100996.0491       -98.6909 19m9s/Msamples
        6527000   -101088.9087       957.5      -100988.8919      -100.0168 19m9s/Msamples
        6528000   -101091.8735       958.1      -100991.5313      -100.3422 19m9s/Msamples
        6529000   -101106.4533       958.1      -101004.9129      -101.5404 19m9s/Msamples
        6530000   -101111.5811       958.4      -101008.7439      -102.8372 19m9s/Msamples
        6531000   -101103.8933       958.5      -101006.3022       -97.5910 19m9s/Msamples
        6532000   -101100.6847       958.7      -100999.8761      -100.8085 19m9s/Msamples
        6533000   -101087.8150       959.4      -100991.2208       -96.5942 19m9s/Msamples
        6534000   -101099.2251       959.6      -101001.6727       -97.5523 19m9s/Msamples
        6535000   -101102.6059       959.8      -101004.6946       -97.9112 19m9s/Msamples
        6536000   -101103.6927       959.9      -101001.8080      -101.8846 19m9s/Msamples
        6537000   -101102.9646       960.1      -101003.3007       -99.6638 19m9s/Msamples
        6538000   -101096.7040       960.3      -100997.0665       -99.6375 19m9s/Msamples
        6539000   -101103.8760       960.1      -101005.0271       -98.8489 19m9s/Msamples
        6540000   -101110.4950       960.4      -101010.1454      -100.3496 19m9s/Msamples
        6541000   -101106.5352       960.6      -101007.1699       -99.3652 19m9s/Msamples
        6542000   -101109.1950       960.9      -101003.1775      -106.0174 19m9s/Msamples
        6543000   -101097.0366       961.1      -100996.7114      -100.3251 19m9s/Msamples
        6544000   -101094.2812       961.4      -100995.7479       -98.5333 19m9s/Msamples
        6545000   -101106.2762       961.7      -101007.7325       -98.5437 19m9s/Msamples
        6546000   -101086.7238       962.2      -100990.7147       -96.0091 19m9s/Msamples
        6547000   -101098.1846       962.4      -100996.7151      -101.4694 19m9s/Msamples
        6548000   -101096.1060       962.6      -100995.0971      -101.0089 19m9s/Msamples
        6549000   -101087.6245       963.7      -100987.7920       -99.8324 19m9s/Msamples
        6550000   -101084.3785       964.2      -100985.6509       -98.7276 19m9s/Msamples
        6551000   -101094.8366       964.1      -100996.4871       -98.3494 19m9s/Msamples
        6552000   -101104.7791       964.5      -101002.6323      -102.1467 19m9s/Msamples
        6553000   -101108.8370       965.2      -101006.1143      -102.7227 19m9s/Msamples
        6554000   -101091.3764       965.2      -100990.9316      -100.4447 19m9s/Msamples
        6555000   -101100.7259       965.4      -101000.6806      -100.0452 19m9s/Msamples
        6556000   -101102.9832       965.6      -101001.3578      -101.6253 19m9s/Msamples
        6557000   -101111.4963       966.4      -101016.4313       -95.0649 19m9s/Msamples
        6558000   -101093.7100       966.5      -100994.5622       -99.1477 19m9s/Msamples
        6559000   -101098.5708       967.3      -100999.9838       -98.5869 19m9s/Msamples
        6560000   -101103.6832       967.6      -101008.8185       -94.8646 19m9s/Msamples
        6561000   -101098.5053       967.6      -101003.2177       -95.2875 19m9s/Msamples
        6562000   -101089.7642       967.5      -100991.8430       -97.9211 19m9s/Msamples
        6563000   -101095.1833       967.3      -100997.1801       -98.0031 19m9s/Msamples
        6564000   -101095.0030       967.1      -100999.5563       -95.4467 19m9s/Msamples
        6565000   -101086.4961       966.7      -100990.8038       -95.6922 19m9s/Msamples
        6566000   -101091.0569       966.1      -100993.7494       -97.3074 19m9s/Msamples
        6567000   -101099.6058       966.2      -100999.0200      -100.5858 19m9s/Msamples
        6568000   -101111.8035       967.4      -101011.4130      -100.3904 19m9s/Msamples
        6569000   -101097.8499       967.9      -100995.2027      -102.6472 19m9s/Msamples
        6570000   -101093.9920       967.7      -100995.6375       -98.3544 19m9s/Msamples
        6571000   -101099.5649       967.8      -101000.3359       -99.2290 19m9s/Msamples
        6572000   -101095.2184       967.7      -100997.1378       -98.0805 19m9s/Msamples
        6573000   -101093.1961       967.6      -100996.3495       -96.8466 19m9s/Msamples
        6574000   -101097.8258       967.5      -101002.0289       -95.7968 19m9s/Msamples
        6575000   -101100.6102       967.6      -100999.0170      -101.5931 19m9s/Msamples
        6576000   -101116.5536       969.3      -101013.9916      -102.5619 19m9s/Msamples
        6577000   -101102.9382       969.6      -100999.7542      -103.1839 19m9s/Msamples
        6578000   -101100.6728       969.7      -100999.9933      -100.6795 19m9s/Msamples
        6579000   -101104.9883       970.1      -101004.3990      -100.5892 19m9s/Msamples
        6580000   -101104.1555       970.4      -101003.4153      -100.7402 19m9s/Msamples
        6581000   -101105.3439       970.8      -101004.9922      -100.3517 19m9s/Msamples
        6582000   -101120.0826       972.6      -101013.5331      -106.5494 19m9s/Msamples
        6583000   -101124.2127       974.3      -101017.0697      -107.1430 19m9s/Msamples
        6584000   -101102.5969       974.4      -101001.7790      -100.8179 19m9s/Msamples
        6585000   -101094.7897       974.8      -100992.5561      -102.2335 19m9s/Msamples
        6586000   -101097.3012       975.1      -100994.4734      -102.8277 19m9s/Msamples
        6587000   -101114.3084       975.3      -101007.7037      -106.6047 19m9s/Msamples
        6588000   -101103.0709       975.4      -101001.2240      -101.8468 19m9s/Msamples
        6589000   -101102.2667       975.4      -100995.4057      -106.8609 19m9s/Msamples
        6590000   -101090.2409       976.4      -100987.3117      -102.9292 19m9s/Msamples
        6591000   -101108.2643       976.4      -101006.3072      -101.9570 19m9s/Msamples
        6592000   -101111.5445       976.3      -101003.3946      -108.1499 19m9s/Msamples
        6593000   -101094.9004       977.0      -100995.2201       -99.6802 19m9s/Msamples
        6594000   -101099.8726       977.2      -101000.2408       -99.6318 19m9s/Msamples
        6595000   -101099.3837       977.5      -100999.0722      -100.3115 19m9s/Msamples
        6596000   -101092.3259       978.5      -100995.2823       -97.0435 19m9s/Msamples
        6597000   -101089.8702       979.4      -100992.4201       -97.4500 19m9s/Msamples
        6598000   -101102.3320       979.6      -100998.5982      -103.7338 19m9s/Msamples
        6599000   -101108.1775       979.2      -101006.7241      -101.4534 19m9s/Msamples
        6600000   -101104.9341       979.3      -101000.0234      -104.9106 19m9s/Msamples
        6601000   -101104.3790       979.4      -101000.9052      -103.4737 19m9s/Msamples
        6602000   -101097.4001       979.7      -100994.5272      -102.8729 19m9s/Msamples
        6603000   -101107.1850       979.9      -101007.2710       -99.9139 19m9s/Msamples
        6604000   -101096.2997       980.1      -100997.5934       -98.7063 19m9s/Msamples
        6605000   -101107.6150       980.4      -101002.3635      -105.2515 19m9s/Msamples
        6606000   -101105.3770       980.6      -100998.8212      -106.5558 19m9s/Msamples
        6607000   -101101.8570       980.8      -100995.6668      -106.1902 19m9s/Msamples
        6608000   -101094.7434       981.0      -100990.0008      -104.7425 19m9s/Msamples
        6609000   -101100.1898       980.9      -100996.7483      -103.4414 19m9s/Msamples
        6610000   -101111.4286       981.4      -101005.3874      -106.0412 19m9s/Msamples
        6611000   -101100.5788       981.6      -100994.8580      -105.7208 19m9s/Msamples
        6612000   -101108.6124       981.9      -101001.2599      -107.3524 19m9s/Msamples
        6613000   -101094.5965       982.1      -100993.8104      -100.7860 19m9s/Msamples
        6614000   -101093.7297       982.4      -100990.8770      -102.8527 19m9s/Msamples
        6615000   -101099.7641       982.6      -100997.2069      -102.5572 19m9s/Msamples
        6616000   -101098.8870       982.7      -100997.1121      -101.7749 19m9s/Msamples
        6617000   -101111.6799       983.1      -101007.9899      -103.6899 19m9s/Msamples
        6618000   -101098.5217       983.4      -100993.9238      -104.5979 19m9s/Msamples
        6619000   -101108.8756       983.4      -101006.4156      -102.4599 19m9s/Msamples
        6620000   -101108.0106       983.5      -101003.7738      -104.2368 19m9s/Msamples
        6621000   -101113.8044       983.8      -101003.0468      -110.7576 19m9s/Msamples
        6622000   -101111.5459       983.9      -101000.6472      -110.8986 19m9s/Msamples
        6623000   -101108.3223       983.9      -101007.0748      -101.2475 19m9s/Msamples
        6624000   -101100.7905       984.1      -100998.1024      -102.6881 19m9s/Msamples
        6625000   -101107.9316       984.1      -101000.9104      -107.0212 19m9s/Msamples
        6626000   -101108.7473       984.0      -101003.7664      -104.9809 19m9s/Msamples
        6627000   -101110.6840       984.0      -101005.8572      -104.8267 19m9s/Msamples
        6628000   -101124.6300       984.0      -101016.3508      -108.2792 19m9s/Msamples
        6629000   -101107.1101       983.6      -100998.7270      -108.3831 19m9s/Msamples
        6630000   -101114.7794       983.0      -101004.5993      -110.1800 19m9s/Msamples
        6631000   -101099.2842       983.4      -100993.1532      -106.1310 19m9s/Msamples
        6632000   -101105.9265       983.2      -101001.0660      -104.8604 19m9s/Msamples
        6633000   -101094.0068       984.1      -100987.6952      -106.3115 19m9s/Msamples
        6634000   -101108.3389       983.8      -101003.2571      -105.0818 19m9s/Msamples
        6635000   -101100.1994       984.1      -101001.1581       -99.0412 19m9s/Msamples
        6636000   -101099.8600       984.4      -100996.7653      -103.0947 19m9s/Msamples
        6637000   -101103.4781       984.4      -101001.6595      -101.8185 19m9s/Msamples
        6638000   -101108.9927       984.0      -101003.2370      -105.7556 19m9s/Msamples
        6639000   -101108.3365       983.4      -101004.0532      -104.2832 19m9s/Msamples
        6640000   -101118.4621       982.4      -101010.4488      -108.0132 19m9s/Msamples
        6641000   -101105.4087       982.2      -100995.5217      -109.8869 19m9s/Msamples
        6642000   -101106.9997       981.8      -101002.0273      -104.9723 19m9s/Msamples
        6643000   -101102.4449       981.9      -100995.6743      -106.7705 19m9s/Msamples
        6644000   -101111.0548       981.3      -101001.5535      -109.5012 19m9s/Msamples
        6645000   -101104.8227       981.1      -101003.9708      -100.8518 19m9s/Msamples
        6646000   -101110.9573       980.5      -101005.3045      -105.6528 19m9s/Msamples
        6647000   -101103.1385       980.5      -101000.2036      -102.9349 19m9s/Msamples
        6648000   -101097.0401       981.2      -100993.1678      -103.8722 19m9s/Msamples
        6649000   -101097.3090       981.5      -100989.3637      -107.9453 19m9s/Msamples
        6650000   -101104.3467       981.5      -100995.6857      -108.6609 19m9s/Msamples
        6651000   -101103.3577       981.6      -100991.7423      -111.6154 19m9s/Msamples
        6652000   -101108.1018       981.5      -100997.4120      -110.6898 19m9s/Msamples
        6653000   -101109.7649       981.3      -101000.3029      -109.4619 19m9s/Msamples
        6654000   -101114.6033       980.8      -101002.7243      -111.8790 19m9s/Msamples
        6655000   -101113.7518       980.4      -101002.4087      -111.3430 19m9s/Msamples
        6656000   -101110.6944       979.9      -100998.2768      -112.4175 19m9s/Msamples
        6657000   -101108.8268       979.4      -100994.7496      -114.0771 19m9s/Msamples
        6658000   -101132.3914       978.5      -101012.2400      -120.1514 19m9s/Msamples
        6659000   -101119.6022       976.9      -101000.9485      -118.6536 19m9s/Msamples
        6660000   -101109.5058       976.2      -100996.7320      -112.7738 19m9s/Msamples
        6661000   -101110.5271       975.3      -100998.9249      -111.6022 19m9s/Msamples
        6662000   -101115.8640       974.1      -101005.8952      -109.9688 19m9s/Msamples
        6663000   -101112.3025       973.0      -101000.4318      -111.8706 19m9s/Msamples
        6664000   -101108.9623       972.2      -101001.5255      -107.4367 19m9s/Msamples
        6665000   -101117.0764       970.6      -101009.0695      -108.0069 19m9s/Msamples
        6666000   -101107.2051       970.0      -100997.5627      -109.6423 19m9s/Msamples
        6667000   -101111.4482       968.8      -101004.5045      -106.9437 19m9s/Msamples
        6668000   -101101.7344       969.0      -100996.1620      -105.5723 19m9s/Msamples
        6669000   -101100.1536       969.1      -100995.2614      -104.8922 19m9s/Msamples
        6670000   -101095.2954       970.4      -100992.5585      -102.7368 19m9s/Msamples
        6671000   -101114.8219       968.8      -101011.9705      -102.8513 19m9s/Msamples
        6672000   -101110.2172       967.7      -101003.6666      -106.5505 19m9s/Msamples
        6673000   -101110.8833       966.5      -101003.7301      -107.1531 19m9s/Msamples
        6674000   -101099.6967       966.9      -100998.6213      -101.0754 19m9s/Msamples
        6675000   -101097.8962       967.7      -100997.4067      -100.4895 19m9s/Msamples
        6676000   -101100.6950       968.0      -100999.4844      -101.2105 19m9s/Msamples
        6677000   -101095.6535       969.0      -100991.9790      -103.6744 19m9s/Msamples
        6678000   -101102.7161       969.0      -100999.5899      -103.1261 19m9s/Msamples
        6679000   -101100.6500       968.8      -101000.3680      -100.2819 19m9s/Msamples
        6680000   -101090.2411       970.2      -100988.7059      -101.5351 19m9s/Msamples
        6681000   -101092.8863       971.1      -100989.1756      -103.7107 19m9s/Msamples
        6682000   -101096.4553       971.5      -100990.7700      -105.6852 19m9s/Msamples
        6683000   -101087.6353       972.6      -100988.1775       -99.4578 19m9s/Msamples
        6684000   -101090.6930       973.1      -100992.7607       -97.9323 19m9s/Msamples
        6685000   -101086.8095       973.7      -100985.9763      -100.8332 19m9s/Msamples
        6686000   -101098.2892       973.8      -100993.7887      -104.5005 19m9s/Msamples
        6687000   -101103.6394       974.0      -100999.9447      -103.6947 19m10s/Msamples
        6688000   -101089.4885       973.9      -100987.7720      -101.7164 19m10s/Msamples
        6689000   -101092.8111       973.2      -100988.4053      -104.4058 19m10s/Msamples
        6690000   -101084.8371       972.9      -100982.5795      -102.2575 19m10s/Msamples
        6691000   -101093.1341       972.6      -100990.1926      -102.9414 19m10s/Msamples
        6692000   -101098.2715       972.5      -100995.7982      -102.4733 19m10s/Msamples
        6693000   -101088.2717       971.8      -100987.4784      -100.7932 19m10s/Msamples
        6694000   -101098.0961       971.5      -100997.5649      -100.5311 19m10s/Msamples
        6695000   -101094.2483       970.9      -100994.8640       -99.3843 19m10s/Msamples
        6696000   -101089.2777       969.9      -100987.0704      -102.2072 19m10s/Msamples
        6697000   -101103.9169       970.4      -100998.1947      -105.7221 19m10s/Msamples
        6698000   -101096.0604       969.9      -100993.1985      -102.8618 19m10s/Msamples
        6699000   -101086.0056       968.0      -100986.3457       -99.6599 19m10s/Msamples
        6700000   -101104.9705       968.7      -101001.3544      -103.6161 19m10s/Msamples
        6701000   -101091.8737       967.8      -100993.3067       -98.5670 19m10s/Msamples
        6702000   -101090.0115       966.7      -100986.8355      -103.1759 19m10s/Msamples
        6703000   -101085.6860       965.2      -100982.9932      -102.6927 19m10s/Msamples
        6704000   -101088.5024       963.9      -100983.6649      -104.8374 19m10s/Msamples
        6705000   -101097.6910       963.6      -100995.1525      -102.5384 19m10s/Msamples
        6706000   -101090.9064       962.6      -100990.2305      -100.6758 19m10s/Msamples
        6707000   -101091.5920       961.6      -100984.0128      -107.5791 19m10s/Msamples
        6708000   -101100.0530       961.6      -100994.6114      -105.4416 19m10s/Msamples
        6709000   -101098.6657       961.2      -100996.6765      -101.9891 19m10s/Msamples
        6710000   -101088.0466       959.9      -100986.8306      -101.2159 19m10s/Msamples
        6711000   -101101.5981       960.1      -100996.5046      -105.0935 19m10s/Msamples
        6712000   -101100.4514       960.1      -100996.1452      -104.3061 19m10s/Msamples
        6713000   -101099.5766       960.1      -100997.8655      -101.7110 19m10s/Msamples
        6714000   -101095.7990       959.7      -100993.1478      -102.6512 19m10s/Msamples
        6715000   -101087.9291       958.7      -100984.9541      -102.9750 19m10s/Msamples
        6716000   -101098.6112       958.5      -100990.9829      -107.6283 19m10s/Msamples
        6717000   -101101.3772       958.7      -100997.2125      -104.1647 19m10s/Msamples
        6718000   -101102.4363       959.0      -100996.3225      -106.1138 19m10s/Msamples
        6719000   -101106.2880       958.9      -100999.4907      -106.7972 19m10s/Msamples
        6720000   -101110.5443       960.1      -101003.9023      -106.6419 19m10s/Msamples
        6721000   -101110.0223       961.2      -101003.6050      -106.4172 19m10s/Msamples
        6722000   -101105.3262       961.6      -100998.4735      -106.8527 19m10s/Msamples
        6723000   -101101.3536       961.8      -100999.9121      -101.4415 19m10s/Msamples
        6724000   -101092.9437       961.7      -100994.1718       -98.7719 19m10s/Msamples
        6725000   -101098.4817       961.8      -100994.1248      -104.3568 19m10s/Msamples
        6726000   -101113.9866       962.8      -101014.8202       -99.1664 19m10s/Msamples
        6727000   -101097.1491       962.9      -100997.6684       -99.4806 19m10s/Msamples
        6728000   -101095.8570       963.0      -100993.0768      -102.7801 19m10s/Msamples
        6729000   -101094.2447       963.0      -100990.0509      -104.1937 19m10s/Msamples
        6730000   -101093.6141       963.1      -100988.0682      -105.5459 19m10s/Msamples
        6731000   -101104.3325       963.4      -100998.5642      -105.7682 19m10s/Msamples
        6732000   -101103.4620       963.6      -100996.6057      -106.8562 19m10s/Msamples
        6733000   -101109.7364       964.0      -101006.3079      -103.4285 19m10s/Msamples
        6734000   -101106.2850       964.2      -101001.8338      -104.4511 19m10s/Msamples
        6735000   -101101.9032       964.4      -100998.1970      -103.7061 19m10s/Msamples
        6736000   -101097.1944       964.7      -100995.9521      -101.2422 19m10s/Msamples
        6737000   -101091.7185       965.2      -100991.0097      -100.7088 19m10s/Msamples
        6738000   -101100.9316       965.3      -100999.9467      -100.9849 19m10s/Msamples
        6739000   -101097.2049       964.6      -100998.0296       -99.1753 19m10s/Msamples
        6740000   -101101.8418       964.7      -101001.3298      -100.5119 19m10s/Msamples
        6741000   -101116.5904       965.5      -101009.7130      -106.8773 19m10s/Msamples
        6742000   -101107.4313       965.8      -101000.8249      -106.6064 19m10s/Msamples
        6743000   -101096.0666       966.0      -100993.2061      -102.8605 19m10s/Msamples
        6744000   -101109.5579       966.4      -101009.1326      -100.4252 19m10s/Msamples
        6745000   -101110.5127       966.7      -101003.1047      -107.4080 19m10s/Msamples
        6746000   -101109.0618       966.8      -100997.7946      -111.2671 19m10s/Msamples
        6747000   -101116.7548       967.3      -101004.6482      -112.1066 19m10s/Msamples
        6748000   -101105.5349       967.4      -101002.0506      -103.4842 19m10s/Msamples
        6749000   -101115.1944       967.5      -101011.4954      -103.6990 19m10s/Msamples
        6750000   -101101.3178       967.6      -101000.5768      -100.7409 19m10s/Msamples
        6751000   -101094.2903       968.3      -100992.5698      -101.7205 19m10s/Msamples
        6752000   -101105.9342       968.3      -101003.9633      -101.9708 19m10s/Msamples
        6753000   -101088.8092       969.5      -100986.1459      -102.6632 19m10s/Msamples
        6754000   -101098.2742       969.8      -100994.0632      -104.2109 19m10s/Msamples
        6755000   -101098.8678       970.1      -100996.1393      -102.7284 19m10s/Msamples
        6756000   -101103.4367       970.2      -100996.3644      -107.0722 19m10s/Msamples
        6757000   -101099.9511       970.4      -100996.7255      -103.2256 19m10s/Msamples
        6758000   -101097.1319       970.8      -100994.3841      -102.7478 19m10s/Msamples
        6759000   -101091.6573       971.5      -100994.7509       -96.9064 19m10s/Msamples
        6760000   -101097.3420       971.9      -100992.4559      -104.8860 19m10s/Msamples
        6761000   -101096.9864       972.2      -100996.4952      -100.4911 19m10s/Msamples
        6762000   -101089.6135       972.8      -100990.7925       -98.8209 19m10s/Msamples
        6763000   -101098.9062       973.0      -101000.0263       -98.8798 19m10s/Msamples
        6764000   -101084.4824       973.8      -100986.2442       -98.2382 19m10s/Msamples
        6765000   -101105.2185       974.1      -101002.0057      -103.2128 19m10s/Msamples
        6766000   -101098.0852       974.2      -100998.5328       -99.5523 19m10s/Msamples
        6767000   -101102.0002       974.4      -100997.0215      -104.9786 19m10s/Msamples
        6768000   -101100.3587       974.5      -100995.4129      -104.9457 19m10s/Msamples
        6769000   -101099.5667       974.5      -100995.8434      -103.7233 19m10s/Msamples
        6770000   -101103.7285       974.8      -100997.5076      -106.2208 19m10s/Msamples
        6771000   -101105.8664       975.3      -100996.1672      -109.6991 19m10s/Msamples
        6772000   -101108.0641       975.9      -100996.6516      -111.4125 19m10s/Msamples
        6773000   -101113.9005       977.1      -101002.6769      -111.2236 19m10s/Msamples
        6774000   -101117.4713       978.3      -101003.2418      -114.2294 19m10s/Msamples
        6775000   -101115.6803       979.1      -100998.4728      -117.2074 19m10s/Msamples
        6776000   -101121.9807       980.2      -101004.5436      -117.4370 19m10s/Msamples
        6777000   -101123.2870       981.1      -101010.7533      -112.5337 19m10s/Msamples
        6778000   -101128.2963       981.9      -101014.9179      -113.3784 19m10s/Msamples
        6779000   -101129.6968       981.8      -101013.3053      -116.3914 19m10s/Msamples
        6780000   -101114.5348       981.1      -101000.1209      -114.4138 19m10s/Msamples
        6781000   -101117.5372       980.0      -100999.6279      -117.9093 19m10s/Msamples
        6782000   -101111.3296       979.2      -100997.6639      -113.6657 19m10s/Msamples
        6783000   -101115.4777       977.7      -101003.8451      -111.6326 19m10s/Msamples
        6784000   -101118.6126       975.8      -101004.2401      -114.3725 19m10s/Msamples
        6785000   -101118.1815       973.5      -101005.2455      -112.9360 19m10s/Msamples
        6786000   -101113.2664       971.6      -101002.3355      -110.9309 19m10s/Msamples
        6787000   -101112.9312       969.7      -101003.2056      -109.7255 19m10s/Msamples
        6788000   -101123.9255       966.1      -101016.4859      -107.4396 19m10s/Msamples
        6789000   -101105.1975       965.2      -100996.3783      -108.8192 19m10s/Msamples
        6790000   -101111.3735       963.2      -101007.8542      -103.5193 19m10s/Msamples
        6791000   -101113.7954       960.7      -101005.8483      -107.9471 19m10s/Msamples
        6792000   -101101.6670       960.9      -100992.9912      -108.6757 19m10s/Msamples
        6793000   -101096.2358       962.4      -100992.9975      -103.2382 19m10s/Msamples
        6794000   -101102.2468       962.4      -100997.0973      -105.1495 19m10s/Msamples
        6795000   -101103.6284       962.1      -100998.6631      -104.9652 19m10s/Msamples
        6796000   -101101.7980       962.2      -100997.4867      -104.3113 19m10s/Msamples
        6797000   -101101.8827       962.3      -100996.2823      -105.6003 19m10s/Msamples
        6798000   -101099.8764       962.7      -100996.0932      -103.7832 19m10s/Msamples
        6799000   -101103.9764       962.4      -101001.8483      -102.1280 19m10s/Msamples
        6800000   -101095.8052       963.3      -100996.7098       -99.0953 19m10s/Msamples
        6801000   -101100.3975       963.6      -100997.8651      -102.5324 19m10s/Msamples
        6802000   -101093.8313       964.7      -100994.5427       -99.2885 19m10s/Msamples
        6803000   -101099.8234       965.0      -100998.4151      -101.4083 19m10s/Msamples
        6804000   -101094.4122       965.8      -100993.0407      -101.3714 19m10s/Msamples
        6805000   -101109.6584       965.6      -101003.5177      -106.1406 19m10s/Msamples
        6806000   -101105.9524       965.6      -101005.5380      -100.4144 19m10s/Msamples
        6807000   -101101.2532       965.8      -101001.9888       -99.2643 19m10s/Msamples
        6808000   -101105.6429       965.9      -101007.2535       -98.3894 19m10s/Msamples
        6809000   -101109.5416       965.9      -101015.1175       -94.4240 19m10s/Msamples
        6810000   -101093.5489       966.3      -101001.2694       -92.2795 19m10s/Msamples
        6811000   -101106.6015       966.5      -101012.9258       -93.6757 19m10s/Msamples
        6812000   -101093.5765       966.8      -100995.0759       -98.5006 19m10s/Msamples
        6813000   -101108.9686       967.1      -101005.3871      -103.5814 19m10s/Msamples
        6814000   -101097.8851       967.3      -100997.2151      -100.6700 19m10s/Msamples
        6815000   -101100.1214       967.5      -100999.7784      -100.3430 19m10s/Msamples
        6816000   -101097.9037       967.7      -100996.5383      -101.3654 19m10s/Msamples
        6817000   -101097.5967       967.8      -101000.7138       -96.8829 19m10s/Msamples
        6818000   -101086.1767       968.3      -100986.0786      -100.0981 19m10s/Msamples
        6819000   -101092.6578       968.2      -100993.4341       -99.2236 19m10s/Msamples
        6820000   -101093.3639       968.3      -100995.5589       -97.8050 19m10s/Msamples
        6821000   -101098.1749       968.3      -100997.4364      -100.7385 19m10s/Msamples
        6822000   -101089.9844       968.4      -100991.7369       -98.2475 19m10s/Msamples
        6823000   -101090.3864       968.4      -100992.2413       -98.1450 19m10s/Msamples
        6824000   -101091.2230       968.3      -100994.2008       -97.0222 19m10s/Msamples
        6825000   -101105.3852       968.7      -101005.1592      -100.2260 19m10s/Msamples
        6826000   -101096.1661       968.6      -100996.6623       -99.5038 19m10s/Msamples
        6827000   -101089.3787       968.3      -100991.0182       -98.3605 19m10s/Msamples
        6828000   -101097.4567       968.3      -100996.9229      -100.5337 19m10s/Msamples
        6829000   -101100.4824       968.0      -101008.2034       -92.2789 19m10s/Msamples
        6830000   -101104.8456       968.5      -101006.0139       -98.8316 19m10s/Msamples
        6831000   -101095.8417       968.3      -101000.0996       -95.7420 19m10s/Msamples
        6832000   -101093.0738       967.9      -100995.0812       -97.9926 19m10s/Msamples
        6833000   -101096.8081       967.7      -100999.5768       -97.2313 19m10s/Msamples
        6834000   -101102.8970       968.0      -101003.5213       -99.3756 19m10s/Msamples
        6835000   -101107.7805       968.8      -101003.9102      -103.8702 19m10s/Msamples
        6836000   -101105.0205       969.3      -100998.2181      -106.8023 19m10s/Msamples
        6837000   -101104.4225       969.7      -100997.6449      -106.7775 19m10s/Msamples
        6838000   -101091.5528       969.3      -100985.7209      -105.8318 19m10s/Msamples
        6839000   -101088.3581       968.8      -100986.4157      -101.9423 19m10s/Msamples
        6840000   -101086.5722       968.4      -100990.4020       -96.1702 19m10s/Msamples
        6841000   -101090.2471       967.9      -100989.3981      -100.8490 19m10s/Msamples
        6842000   -101094.5488       967.6      -100996.6079       -97.9408 19m10s/Msamples
        6843000   -101090.2779       967.2      -100991.4634       -98.8145 19m10s/Msamples
        6844000   -101090.9035       966.7      -100988.8570      -102.0464 19m10s/Msamples
        6845000   -101107.9153       967.5      -101009.6589       -98.2564 19m10s/Msamples
        6846000   -101089.3741       967.0      -100992.6220       -96.7521 19m10s/Msamples
        6847000   -101089.3491       966.5      -100992.0960       -97.2530 19m10s/Msamples
        6848000   -101094.6215       966.2      -100994.5704      -100.0510 19m10s/Msamples
        6849000   -101093.0985       965.5      -100997.5107       -95.5878 19m10s/Msamples
        6850000   -101100.0443       965.6      -101005.1890       -94.8552 19m10s/Msamples
        6851000   -101089.3859       964.9      -100991.2898       -98.0960 19m10s/Msamples
        6852000   -101105.0497       965.4      -101005.1121       -99.9376 19m10s/Msamples
        6853000   -101113.8105       967.0      -101013.3556      -100.4548 19m10s/Msamples
        6854000   -101108.4126       967.8      -101007.1400      -101.2725 19m10s/Msamples
        6855000   -101109.4409       968.7      -101011.4760       -97.9649 19m10s/Msamples
        6856000   -101114.1359       970.1      -101013.0521      -101.0837 19m10s/Msamples
        6857000   -101120.6682       972.3      -101021.6502       -99.0180 19m10s/Msamples
        6858000   -101106.8874       972.8      -101005.3764      -101.5110 19m10s/Msamples
        6859000   -101110.2389       973.2      -101010.2641       -99.9748 19m10s/Msamples
        6860000   -101108.7707       973.6      -101007.8115      -100.9591 19m10s/Msamples
        6861000   -101106.4456       973.9      -100998.1256      -108.3199 19m10s/Msamples
        6862000   -101099.4502       974.1      -100994.4221      -105.0281 19m10s/Msamples
        6863000   -101096.8811       974.3      -100987.6894      -109.1916 19m10s/Msamples
        6864000   -101108.0404       974.4      -101000.0214      -108.0190 19m10s/Msamples
        6865000   -101096.2921       974.8      -100992.5381      -103.7540 19m10s/Msamples
        6866000   -101101.4505       975.0      -100991.5911      -109.8594 19m10s/Msamples
        6867000   -101127.6679       975.7      -101018.4257      -109.2421 19m10s/Msamples
        6868000   -101095.7381       976.4      -100992.8958      -102.8423 19m10s/Msamples
        6869000   -101104.0512       976.0      -101003.9011      -100.1501 19m10s/Msamples
        6870000   -101092.4377       977.1      -100991.6814      -100.7562 19m10s/Msamples
        6871000   -101102.9423       977.1      -101001.7739      -101.1684 19m10s/Msamples
        6872000   -101091.4264       978.3      -100992.1304       -99.2960 19m10s/Msamples
        6873000   -101083.6681       980.5      -100989.2045       -94.4636 19m10s/Msamples
        6874000   -101094.6240       981.0      -100992.8684      -101.7555 19m10s/Msamples
        6875000   -101089.8810       981.9      -100987.3634      -102.5175 19m10s/Msamples
        6876000   -101093.1997       982.3      -100988.8471      -104.3525 19m10s/Msamples
        6877000   -101098.5492       982.5      -100995.8938      -102.6553 19m10s/Msamples
        6878000   -101092.9957       982.7      -100989.6395      -103.3562 19m10s/Msamples
        6879000   -101107.5168       983.0      -100997.4318      -110.0849 19m10s/Msamples
        6880000   -101103.2934       983.2      -100998.4835      -104.8098 19m10s/Msamples
        6881000   -101109.5906       983.8      -101001.9928      -107.5978 19m10s/Msamples
        6882000   -101106.1890       984.1      -101000.6337      -105.5553 19m10s/Msamples
        6883000   -101102.5276       984.3      -100998.1914      -104.3361 19m10s/Msamples
        6884000   -101104.6874       984.6      -100999.2448      -105.4426 19m10s/Msamples
        6885000   -101096.0904       984.7      -100989.4125      -106.6779 19m10s/Msamples
        6886000   -101094.5513       984.8      -100991.8294      -102.7218 19m10s/Msamples
        6887000   -101088.0592       984.9      -100984.4172      -103.6419 19m10s/Msamples
        6888000   -101108.6346       985.6      -100997.7836      -110.8510 19m10s/Msamples
        6889000   -101109.9893       986.0      -101003.2732      -106.7161 19m10s/Msamples
        6890000   -101098.4322       986.1      -100996.2040      -102.2281 19m10s/Msamples
        6891000   -101094.0584       986.0      -100992.0888      -101.9695 19m10s/Msamples
        6892000   -101099.2366       986.1      -100995.8418      -103.3947 19m10s/Msamples
        6893000   -101106.3900       986.5      -101003.4483      -102.9417 19m10s/Msamples
        6894000   -101093.7733       986.6      -100992.3380      -101.4352 19m10s/Msamples
        6895000   -101096.1087       986.7      -100991.4348      -104.6739 19m10s/Msamples
        6896000   -101092.7765       986.8      -100986.7035      -106.0730 19m10s/Msamples
        6897000   -101097.8483       986.9      -100990.3144      -107.5339 19m10s/Msamples
        6898000   -101092.2791       987.1      -100988.9840      -103.2950 19m10s/Msamples
        6899000   -101091.6197       987.1      -100990.6124      -101.0072 19m10s/Msamples
        6900000   -101101.7650       987.2      -101001.1906      -100.5744 19m10s/Msamples
        6901000   -101098.8651       987.3      -100993.1049      -105.7602 19m10s/Msamples
        6902000   -101091.6987       987.2      -100988.0866      -103.6121 19m10s/Msamples
        6903000   -101101.3406       987.4      -100996.8904      -104.4501 19m10s/Msamples
        6904000   -101102.3025       987.6      -101000.7230      -101.5795 19m10s/Msamples
        6905000   -101092.3375       987.4      -100991.0359      -101.3016 19m10s/Msamples
        6906000   -101094.0678       987.2      -100990.8584      -103.2094 19m10s/Msamples
        6907000   -101093.8114       987.0      -100992.8284      -100.9829 19m10s/Msamples
        6908000   -101090.3527       986.7      -100992.3023       -98.0504 19m10s/Msamples
        6909000   -101093.7180       986.3      -100995.5407       -98.1773 19m10s/Msamples
        6910000   -101099.7797       986.3      -101003.5709       -96.2087 19m10s/Msamples
        6911000   -101098.9535       986.3      -100996.4302      -102.5232 19m10s/Msamples
        6912000   -101090.6589       985.8      -100988.6651      -101.9937 19m10s/Msamples
        6913000   -101085.1396       985.0      -100986.2967       -98.8428 19m10s/Msamples
        6914000   -101097.8189       984.8      -100992.1926      -105.6262 19m10s/Msamples
        6915000   -101103.0331       985.2      -101002.4196      -100.6134 19m10s/Msamples
        6916000   -101094.3733       984.7      -100990.8809      -103.4923 19m10s/Msamples
        6917000   -101101.0438       984.8      -100999.7854      -101.2584 19m10s/Msamples
        6918000   -101101.9982       985.1      -101000.4850      -101.5131 19m10s/Msamples
        6919000   -101097.5386       984.6      -100998.7746       -98.7640 19m10s/Msamples
        6920000   -101096.8779       984.4      -100998.4679       -98.4099 19m10s/Msamples
        6921000   -101102.1581       984.6      -101005.9822       -96.1759 19m10s/Msamples
        6922000   -101096.5070       984.4      -100996.0421      -100.4649 19m10s/Msamples
        6923000   -101118.8018       986.7      -101014.5525      -104.2493 19m10s/Msamples
        6924000   -101113.9259       988.0      -101009.5426      -104.3832 19m10s/Msamples
        6925000   -101108.7907       988.7      -101004.8402      -103.9505 19m10s/Msamples
        6926000   -101103.2731       988.9      -100997.1227      -106.1503 19m10s/Msamples
        6927000   -101103.9056       989.2      -100996.0702      -107.8353 19m10s/Msamples
        6928000   -101101.9326       989.4      -100997.0331      -104.8995 19m10s/Msamples
        6929000   -101102.3787       989.0      -100995.9353      -106.4434 19m10s/Msamples
        6930000   -101103.6240       989.2      -100997.7801      -105.8439 19m10s/Msamples
        6931000   -101098.3130       989.3      -100993.5051      -104.8078 19m10s/Msamples
        6932000   -101108.4205       989.6      -101001.9201      -106.5004 19m10s/Msamples
        6933000   -101109.7921       989.9      -101004.4200      -105.3720 19m10s/Msamples
        6934000   -101109.6656       989.9      -101006.5657      -103.0998 19m10s/Msamples
        6935000   -101103.6005       990.0      -101002.1330      -101.4674 19m10s/Msamples
        6936000   -101104.1800       990.1      -100999.8964      -104.2836 19m10s/Msamples
        6937000   -101107.0055       990.0      -101006.1944      -100.8111 19m10s/Msamples
        6938000   -101108.3630       989.9      -101005.6303      -102.7326 19m10s/Msamples
        6939000   -101106.6471       989.7      -101000.8156      -105.8315 19m10s/Msamples
        6940000   -101092.7233       990.6      -100987.5761      -105.1472 19m10s/Msamples
        6941000   -101095.4678       991.3      -100994.5291      -100.9386 19m10s/Msamples
        6942000   -101098.8930       991.6      -100997.0407      -101.8522 19m10s/Msamples
        6943000   -101101.0095       991.8      -100994.2425      -106.7669 19m10s/Msamples
        6944000   -101102.1175       991.9      -100994.7478      -107.3697 19m10s/Msamples
        6945000   -101100.7626       992.1      -100995.4996      -105.2630 19m10s/Msamples
        6946000   -101108.6402       992.1      -101001.4145      -107.2256 19m10s/Msamples
        6947000   -101100.8939       992.3      -100997.7242      -103.1696 19m10s/Msamples
        6948000   -101107.1322       992.4      -101002.9697      -104.1625 19m10s/Msamples
        6949000   -101093.5886       992.7      -100989.9547      -103.6338 19m10s/Msamples
        6950000   -101086.8779       993.7      -100988.1180       -98.7599 19m10s/Msamples
        6951000   -101097.5164       994.0      -101000.0049       -97.5114 19m10s/Msamples
        6952000   -101101.8871       994.1      -101002.6408       -99.2462 19m10s/Msamples
        6953000   -101087.5015       994.8      -100990.2961       -97.2054 19m10s/Msamples
        6954000   -101098.3977       995.0      -100995.4478      -102.9498 19m10s/Msamples
        6955000   -101097.3893       995.1      -101001.3089       -96.0804 19m10s/Msamples
        6956000   -101088.3804       995.2      -100993.0242       -95.3561 19m10s/Msamples
        6957000   -101087.3333       995.3      -100994.2269       -93.1063 19m10s/Msamples
        6958000   -101085.6150       995.1      -100990.7067       -94.9082 19m10s/Msamples
        6959000   -101087.0109       994.5      -100990.6854       -96.3254 19m10s/Msamples
        6960000   -101094.4940       994.1      -100997.6571       -96.8369 19m10s/Msamples
        6961000   -101095.5300       993.8      -100998.8310       -96.6990 19m10s/Msamples
        6962000   -101088.8362       993.2      -100996.7577       -92.0784 19m10s/Msamples
        6963000   -101093.9142       992.7      -100998.5390       -95.3751 19m10s/Msamples
        6964000   -101101.0750       992.8      -101009.5958       -91.4792 19m10s/Msamples
        6965000   -101090.9675       992.1      -100999.1568       -91.8106 19m10s/Msamples
        6966000   -101092.1905       991.4      -100997.4808       -94.7097 19m10s/Msamples
        6967000   -101098.4204       991.2      -101000.0155       -98.4048 19m10s/Msamples
        6968000   -101103.3148       991.7      -101002.7896      -100.5251 19m10s/Msamples
        6969000   -101103.7928       991.7      -101005.0159       -98.7768 19m10s/Msamples
        6970000   -101108.7106       992.9      -101005.6082      -103.1024 19m10s/Msamples
        6971000   -101092.0458       992.2      -100994.9685       -97.0773 19m10s/Msamples
        6972000   -101089.3537       991.4      -100989.3332      -100.0204 19m10s/Msamples
        6973000   -101099.4171       991.3      -101000.8342       -98.5828 19m10s/Msamples
        6974000   -101108.2126       992.3      -101009.6350       -98.5775 19m10s/Msamples
        6975000   -101094.7067       991.9      -100999.8736       -94.8331 19m10s/Msamples
        6976000   -101099.8480       991.9      -101004.0864       -95.7615 19m10s/Msamples
        6977000   -101094.2776       991.5      -100998.1349       -96.1426 19m10s/Msamples
        6978000   -101095.6519       991.2      -100998.6358       -97.0161 19m10s/Msamples
        6979000   -101095.6847       990.5      -100995.1971      -100.4876 19m10s/Msamples
        6980000   -101100.6744       990.6      -101001.1594       -99.5149 19m10s/Msamples
        6981000   -101103.2424       990.9      -101002.7858      -100.4566 19m10s/Msamples
        6982000   -101096.4141       990.8      -100999.2755       -97.1385 19m10s/Msamples
        6983000   -101104.0163       991.1      -101007.7121       -96.3041 19m10s/Msamples
        6984000   -101104.0112       991.4      -101003.8187      -100.1924 19m10s/Msamples
        6985000   -101107.5196       991.9      -101007.7441       -99.7755 19m10s/Msamples
        6986000   -101099.8275       992.0      -100994.7499      -105.0776 19m10s/Msamples
        6987000   -101109.3992       992.5      -101006.6755      -102.7236 19m10s/Msamples
        6988000   -101109.5094       992.9      -101010.6189       -98.8904 19m10s/Msamples
        6989000   -101113.2891       993.3      -101011.0552      -102.2339 19m10s/Msamples
        6990000   -101107.8097       993.6      -101005.4864      -102.3233 19m10s/Msamples
        6991000   -101108.7102       993.9      -101005.1241      -103.5861 19m10s/Msamples
        6992000   -101109.3873       994.1      -101006.5280      -102.8593 19m10s/Msamples
        6993000   -101104.3153       994.2      -100999.9587      -104.3565 19m10s/Msamples
        6994000   -101111.3396       994.3      -101008.3116      -103.0279 19m10s/Msamples
        6995000   -101111.4362       994.3      -101008.3650      -103.0711 19m10s/Msamples
        6996000   -101106.8080       994.3      -101009.1264       -97.6816 19m10s/Msamples
        6997000   -101107.5503       994.2      -101004.0376      -103.5127 19m10s/Msamples
        6998000   -101111.5574       993.9      -101006.6021      -104.9553 19m10s/Msamples
        6999000   -101110.2513       993.3      -101003.8366      -106.4147 19m10s/Msamples
        7000000   -101107.3658       993.0      -101006.1846      -101.1811 19m10s/Msamples
        7001000   -101097.4187       993.5      -100994.4371      -102.9815 19m10s/Msamples
        7002000   -101097.4993       994.1      -100993.2041      -104.2952 19m10s/Msamples
        7003000   -101097.0815       994.7      -100991.1636      -105.9178 19m10s/Msamples
        7004000   -101097.3337       995.2      -100994.4124      -102.9213 19m10s/Msamples
        7005000   -101101.4402       995.4      -100994.5523      -106.8878 19m10s/Msamples
        7006000   -101105.5446       995.3      -101001.5371      -104.0074 19m10s/Msamples
        7007000   -101106.1747       995.1      -100999.6672      -106.5075 19m10s/Msamples
        7008000   -101099.6813       995.4      -100995.2831      -104.3981 19m10s/Msamples
        7009000   -101100.4815       995.5      -100998.4366      -102.0449 19m10s/Msamples
        7010000   -101091.2734       996.5      -100992.2740       -98.9994 19m10s/Msamples
        7011000   -101090.6233       997.4      -100990.8695       -99.7538 19m10s/Msamples
        7012000   -101088.3478       998.3      -100983.4784      -104.8693 19m10s/Msamples
        7013000   -101106.5870       998.4      -101000.8476      -105.7393 19m10s/Msamples
        7014000   -101097.2582       998.7      -100993.6447      -103.6135 19m10s/Msamples
        7015000   -101089.4027       999.2      -100992.0121       -97.3906 19m10s/Msamples
        7016000   -101097.3129       999.3      -100996.2268      -101.0860 19m10s/Msamples
        7017000   -101097.5959       999.4      -100995.5423      -102.0536 19m10s/Msamples
        7018000   -101096.3871       999.5      -100995.5325      -100.8545 19m10s/Msamples
        7019000   -101095.8930       999.2      -100996.0667       -99.8262 19m10s/Msamples
        7020000   -101088.5163       999.0      -100987.9638      -100.5525 19m10s/Msamples
        7021000   -101097.1635       998.9      -100994.4055      -102.7579 19m10s/Msamples
        7022000   -101090.2021       998.5      -100986.8404      -103.3616 19m10s/Msamples
        7023000   -101091.8386       998.1      -100993.6796       -98.1589 19m10s/Msamples
        7024000   -101084.4209       997.5      -100984.4909       -99.9300 19m10s/Msamples
        7025000   -101093.0339       997.0      -100990.4145      -102.6193 19m10s/Msamples
        7026000   -101098.5643       996.9      -100998.0111      -100.5532 19m10s/Msamples
        7027000   -101091.7461       996.3      -100991.8164       -99.9297 19m10s/Msamples
        7028000   -101092.9699       995.6      -100997.2295       -95.7403 19m10s/Msamples
        7029000   -101103.5942       995.9      -100998.9475      -104.6467 19m10s/Msamples
        7030000   -101093.7898       995.3      -100991.4571      -102.3326 19m10s/Msamples
        7031000   -101110.2466       996.6      -101009.1982      -101.0484 19m10s/Msamples
        7032000   -101096.3547       996.3      -100994.9241      -101.4306 19m10s/Msamples
        7033000   -101096.0859       996.0      -100996.2589       -99.8270 19m10s/Msamples
        7034000   -101097.5434       995.8      -101000.5243       -97.0191 19m10s/Msamples
        7035000   -101097.4058       995.6      -101000.4132       -96.9926 19m10s/Msamples
        7036000   -101094.9493       995.2      -100994.1597      -100.7895 19m10s/Msamples
        7037000   -101091.1375       994.6      -100990.4036      -100.7339 19m10s/Msamples
        7038000   -101103.9087       995.0      -100997.9026      -106.0060 19m10s/Msamples
        7039000   -101097.4173       994.8      -100992.9431      -104.4742 19m10s/Msamples
        7040000   -101097.7116       994.6      -100996.7221      -100.9895 19m10s/Msamples
        7041000   -101091.0886       994.1      -100993.5333       -97.5552 19m10s/Msamples
        7042000   -101090.6979       993.5      -100991.0187       -99.6792 19m10s/Msamples
        7043000   -101082.0957       992.6      -100983.1392       -98.9564 19m10s/Msamples
        7044000   -101094.8224       992.2      -100995.4186       -99.4037 19m10s/Msamples
        7045000   -101102.1559       992.5      -101004.1574       -97.9985 19m10s/Msamples
        7046000   -101091.4004       992.0      -100993.5475       -97.8529 19m10s/Msamples
        7047000   -101093.1022       991.6      -100993.2514       -99.8507 19m10s/Msamples
        7048000   -101097.5206       991.4      -101000.2635       -97.2571 19m10s/Msamples
        7049000   -101086.5711       990.6      -100988.7944       -97.7766 19m10s/Msamples
        7050000   -101089.8220       989.9      -100990.6134       -99.2085 19m10s/Msamples
        7051000   -101091.5300       989.3      -100989.1477      -102.3823 19m10s/Msamples
        7052000   -101090.3465       988.4      -100988.0290      -102.3175 19m10s/Msamples
        7053000   -101088.0705       987.3      -100985.4526      -102.6179 19m10s/Msamples
        7054000   -101088.3115       986.1      -100989.6076       -98.7039 19m10s/Msamples
        7055000   -101088.4296       984.8      -100991.4965       -96.9330 19m10s/Msamples
        7056000   -101092.5039       983.8      -100991.9565      -100.5473 19m10s/Msamples
        7057000   -101089.9500       982.6      -100987.8025      -102.1474 19m10s/Msamples
        7058000   -101095.7820       981.9      -100995.8008       -99.9812 19m10s/Msamples
        7059000   -101094.4574       980.7      -100994.8611       -99.5962 19m10s/Msamples
        7060000   -101105.4247       981.5      -101005.1626      -100.2620 19m10s/Msamples
        7061000   -101096.4053       981.0      -100998.7972       -97.6080 19m10s/Msamples
        7062000   -101108.4021       982.3      -101008.4910       -99.9111 19m10s/Msamples
        7063000   -101099.8646       982.2      -100996.5881      -103.2764 19m10s/Msamples
        7064000   -101101.0649       982.3      -101001.6788       -99.3861 19m10s/Msamples
        7065000   -101098.4308       982.1      -100996.8921      -101.5386 19m10s/Msamples
        7066000   -101095.6369       981.7      -100995.0392      -100.5977 19m10s/Msamples
        7067000   -101096.7765       981.4      -100995.6964      -101.0800 19m10s/Msamples
        7068000   -101100.6039       981.4      -100996.7278      -103.8760 19m10s/Msamples
        7069000   -101096.1676       981.0      -100992.8657      -103.3019 19m10s/Msamples
        7070000   -101096.3339       980.6      -100996.2877      -100.0462 19m10s/Msamples
        7071000   -101086.3549       979.6      -100988.6299       -97.7249 19m10s/Msamples
        7072000   -101081.6753       978.4      -100986.9785       -94.6968 19m10s/Msamples
        7073000   -101085.9371       977.3      -100988.2900       -97.6471 19m10s/Msamples
        7074000   -101101.1111       977.4      -101002.8271       -98.2840 19m10s/Msamples
        7075000   -101092.7539       976.8      -100992.1221      -100.6317 19m10s/Msamples
        7076000   -101092.7712       976.2      -100995.6139       -97.1573 19m10s/Msamples
        7077000   -101091.4715       975.5      -100993.4672       -98.0042 19m10s/Msamples
        7078000   -101092.9953       975.0      -100989.8314      -103.1639 19m10s/Msamples
        7079000   -101092.7149       974.3      -100993.7885       -98.9264 19m10s/Msamples
        7080000   -101093.4181       973.8      -100990.8018      -102.6163 19m10s/Msamples
        7081000   -101106.7994       974.6      -101001.5572      -105.2421 19m10s/Msamples
        7082000   -101100.0545       974.6      -100996.4040      -103.6504 19m10s/Msamples
        7083000   -101098.9282       974.5      -100995.9260      -103.0022 19m10s/Msamples
        7084000   -101105.0189       975.0      -101001.9059      -103.1129 19m10s/Msamples
        7085000   -101101.9953       975.3      -100997.3260      -104.6693 19m10s/Msamples
        7086000   -101088.5365       974.6      -100991.1143       -97.4222 19m10s/Msamples
        7087000   -101106.9689       975.4      -101009.8217       -97.1471 19m10s/Msamples
        7088000   -101097.6936       975.2      -100995.2367      -102.4568 19m10s/Msamples
        7089000   -101100.0433       975.1      -100995.2475      -104.7957 19m10s/Msamples
        7090000   -101110.2415       976.2      -101006.6201      -103.6214 19m10s/Msamples
        7091000   -101108.3587       977.0      -100996.4358      -111.9229 19m10s/Msamples
        7092000   -101104.4417       977.5      -100994.4911      -109.9506 19m10s/Msamples
        7093000   -101099.2767       977.5      -100990.9952      -108.2815 19m10s/Msamples
        7094000   -101103.0158       977.7      -100995.7502      -107.2655 19m10s/Msamples
        7095000   -101109.8509       978.4      -101004.6903      -105.1606 19m10s/Msamples
        7096000   -101106.5553       978.7      -100998.1339      -108.4214 19m10s/Msamples
        7097000   -101098.4288       978.8      -100996.5413      -101.8874 19m10s/Msamples
        7098000   -101097.0210       979.0      -100994.4786      -102.5424 19m10s/Msamples
        7099000   -101096.3166       979.0      -100994.0143      -102.3023 19m10s/Msamples
        7100000   -101095.6842       979.1      -100989.5518      -106.1323 19m10s/Msamples
        7101000   -101100.2266       979.3      -100993.2749      -106.9517 19m10s/Msamples
        7102000   -101106.0794       979.5      -101001.0119      -105.0674 19m10s/Msamples
        7103000   -101105.5388       979.6      -100993.3684      -112.1704 19m10s/Msamples
        7104000   -101098.0109       979.8      -100988.0426      -109.9683 19m10s/Msamples
        7105000   -101113.1537       980.2      -101004.0052      -109.1485 19m10s/Msamples
        7106000   -101096.5668       980.5      -100991.4869      -105.0798 19m10s/Msamples
        7107000   -101102.5257       980.6      -100998.0800      -104.4457 19m10s/Msamples
        7108000   -101103.3380       980.8      -101000.2376      -103.1003 19m10s/Msamples
        7109000   -101103.8091       980.7      -101006.2831       -97.5260 19m10s/Msamples
        7110000   -101091.3925       981.3      -100994.3034       -97.0891 19m10s/Msamples
        7111000   -101093.7222       981.7      -100995.4993       -98.2228 19m10s/Msamples
        7112000   -101098.6691       981.9      -100998.9965       -99.6725 19m10s/Msamples
        7113000   -101099.7340       982.0      -100995.6573      -104.0766 19m10s/Msamples
        7114000   -101104.8232       982.2      -101001.9589      -102.8643 19m10s/Msamples
        7115000   -101105.7419       982.5      -101001.8817      -103.8602 19m10s/Msamples
        7116000   -101100.5579       982.6      -100995.6329      -104.9249 19m10s/Msamples
        7117000   -101098.7573       982.8      -100996.3474      -102.4099 19m10s/Msamples
        7118000   -101095.6033       982.9      -100991.8983      -103.7050 19m10s/Msamples
        7119000   -101105.2699       983.0      -101005.2897       -99.9802 19m10s/Msamples
        7120000   -101101.3553       983.2      -101001.9668       -99.3885 19m10s/Msamples
        7121000   -101097.7549       983.3      -100997.4598      -100.2950 19m10s/Msamples
        7122000   -101108.1403       983.7      -101002.8027      -105.3376 19m10s/Msamples
        7123000   -101107.2159       983.9      -101002.7116      -104.5043 19m10s/Msamples
        7124000   -101110.4774       984.2      -101003.6282      -106.8491 19m10s/Msamples
        7125000   -101108.8177       984.4      -101001.3648      -107.4529 19m10s/Msamples
        7126000   -101120.9160       985.1      -101016.0245      -104.8915 19m10s/Msamples
        7127000   -101109.7694       985.2      -101003.2003      -106.5691 19m10s/Msamples
        7128000   -101098.1037       985.4      -100992.0268      -106.0768 19m10s/Msamples
        7129000   -101100.7626       985.4      -100994.6713      -106.0913 19m10s/Msamples
        7130000   -101094.8877       985.8      -100994.7537      -100.1339 19m10s/Msamples
        7131000   -101094.5053       986.2      -100993.0178      -101.4874 19m10s/Msamples
        7132000   -101107.0813       986.3      -101006.5758      -100.5055 19m10s/Msamples
        7133000   -101109.1955       986.4      -101009.2480       -99.9475 19m10s/Msamples
        7134000   -101111.0376       986.4      -101010.0419      -100.9957 19m10s/Msamples
        7135000   -101094.8276       986.9      -100994.7526      -100.0750 19m10s/Msamples
        7136000   -101090.8026       987.8      -100993.0064       -97.7961 19m10s/Msamples
        7137000   -101091.1015       988.5      -100987.3664      -103.7351 19m10s/Msamples
        7138000   -101100.2266       988.7      -100999.3729      -100.8536 19m10s/Msamples
        7139000   -101093.1778       988.9      -100991.9434      -101.2344 19m10s/Msamples
        7140000   -101111.1030       989.1      -101006.4455      -104.6575 19m10s/Msamples
        7141000   -101112.8687       989.2      -101008.4756      -104.3930 19m10s/Msamples
        7142000   -101100.5576       989.4      -100995.4571      -105.1004 19m10s/Msamples
        7143000   -101095.7677       989.8      -100992.9084      -102.8593 19m10s/Msamples
        7144000   -101099.4271       990.0      -100996.0543      -103.3727 19m10s/Msamples
        7145000   -101109.6723       990.1      -101007.1786      -102.4937 19m10s/Msamples
        7146000   -101106.8941       990.2      -101003.9981      -102.8960 19m10s/Msamples
        7147000   -101105.4872       990.3      -101004.3343      -101.1529 19m10s/Msamples
        7148000   -101109.7680       990.4      -101006.6910      -103.0769 19m10s/Msamples
        7149000   -101096.2646       990.3      -100998.6957       -97.5688 19m10s/Msamples
        7150000   -101094.7859       990.6      -100992.7183      -102.0675 19m10s/Msamples
        7151000   -101099.7308       990.8      -100997.6983      -102.0324 19m10s/Msamples
        7152000   -101101.2628       990.9      -100997.2932      -103.9696 19m10s/Msamples
        7153000   -101101.8394       991.1      -100997.7607      -104.0786 19m10s/Msamples
        7154000   -101110.1451       991.3      -101003.0914      -107.0536 19m10s/Msamples
        7155000   -101104.6521       991.4      -100996.4875      -108.1646 19m10s/Msamples
        7156000   -101107.2033       991.6      -100999.6924      -107.5108 19m10s/Msamples
        7157000   -101117.8160       992.3      -101012.3420      -105.4740 19m10s/Msamples
        7158000   -101112.2915       992.4      -101009.8633      -102.4281 19m10s/Msamples
        7159000   -101110.2286       992.1      -101006.9650      -103.2635 19m10s/Msamples
        7160000   -101122.3790       992.1      -101013.2169      -109.1621 19m10s/Msamples
        7161000   -101113.0779       991.7      -101008.1088      -104.9691 19m10s/Msamples
        7162000   -101111.2967       991.2      -101007.8875      -103.4092 19m10s/Msamples
        7163000   -101118.3173       990.5      -101015.4255      -102.8917 19m10s/Msamples
        7164000   -101114.9318       989.8      -101011.1612      -103.7706 19m10s/Msamples
        7165000   -101113.8014       989.0      -101011.8495      -101.9518 19m10s/Msamples
        7166000   -101122.4295       987.6      -101018.1277      -104.3017 19m10s/Msamples
        7167000   -101109.7674       986.8      -101006.3213      -103.4460 19m10s/Msamples
        7168000   -101114.5569       985.6      -101006.8885      -107.6683 19m10s/Msamples
        7169000   -101113.6068       984.0      -101008.0283      -105.5784 19m10s/Msamples
        7170000   -101108.3165       983.3      -101004.0123      -104.3042 19m10s/Msamples
        7171000   -101104.1145       983.1      -100997.0704      -107.0441 19m10s/Msamples
        7172000   -101107.5135       982.4      -101000.0648      -107.4487 19m10s/Msamples
        7173000   -101096.2620       983.4      -100991.8951      -104.3668 19m10s/Msamples
        7174000   -101087.0583       986.3      -100983.2750      -103.7832 19m10s/Msamples
        7175000   -101098.1782       986.9      -100995.5089      -102.6692 19m10s/Msamples
        7176000   -101091.4468       988.7      -100989.9508      -101.4960 19m10s/Msamples
        7177000   -101091.5749       990.3      -100989.9193      -101.6556 19m10s/Msamples
        7178000   -101094.9389       991.4      -100992.8566      -102.0823 19m10s/Msamples
        7179000   -101102.7933       991.2      -100998.0772      -104.7161 19m10s/Msamples
        7180000   -101089.1123       992.9      -100986.2921      -102.8201 19m10s/Msamples
        7181000   -101101.7826       993.1      -100999.0204      -102.7621 19m10s/Msamples
        7182000   -101097.6021       993.5      -100998.1005       -99.5016 19m10s/Msamples
        7183000   -101089.0882       994.7      -100987.1414      -101.9468 19m10s/Msamples
        7184000   -101100.0461       994.9      -100996.2990      -103.7470 19m10s/Msamples
        7185000   -101101.1705       995.1      -100996.2314      -104.9390 19m10s/Msamples
        7186000   -101105.9432       995.2      -101000.0988      -105.8443 19m10s/Msamples
        7187000   -101107.7311       995.4      -101004.7673      -102.9637 19m10s/Msamples
        7188000   -101111.3300       995.7      -101004.3299      -107.0001 19m10s/Msamples
        7189000   -101096.5470       995.7      -100994.7099      -101.8370 19m10s/Msamples
        7190000   -101103.1480       995.9      -100997.5767      -105.5713 19m10s/Msamples
        7191000   -101099.8301       996.1      -100996.3860      -103.4441 19m10s/Msamples
        7192000   -101091.1357       996.1      -100987.8028      -103.3329 19m10s/Msamples
        7193000   -101109.0286       996.7      -101004.5105      -104.5181 19m10s/Msamples
        7194000   -101102.8935       996.9      -101001.6201      -101.2733 19m10s/Msamples
        7195000   -101112.3210       997.9      -101009.9454      -102.3756 19m10s/Msamples
        7196000   -101103.1980       998.1      -101000.9900      -102.2080 19m10s/Msamples
        7197000   -101096.8670       998.2      -100991.8173      -105.0496 19m10s/Msamples
        7198000   -101090.9295       998.3      -100989.9970      -100.9325 19m10s/Msamples
        7199000   -101093.4513       998.1      -100998.1452       -95.3061 19m10s/Msamples
        7200000   -101094.6056       998.2      -100998.1117       -96.4939 19m10s/Msamples
        7201000   -101091.0762       998.4      -100992.8214       -98.2548 19m10s/Msamples
        7202000   -101106.7009       998.8      -101007.3755       -99.3253 19m10s/Msamples
        7203000   -101088.8519       999.0      -100986.8210      -102.0308 19m10s/Msamples
        7204000   -101097.5287       999.1      -100991.8442      -105.6845 19m10s/Msamples
        7205000   -101092.6318       999.1      -100990.9811      -101.6506 19m10s/Msamples
        7206000   -101101.7988       999.3      -100999.7107      -102.0880 19m10s/Msamples
        7207000   -101097.9050       999.4      -100998.8005       -99.1045 19m10s/Msamples
        7208000   -101088.5876       999.5      -100991.9250       -96.6626 19m10s/Msamples
        7209000   -101094.0064       998.7      -100998.4328       -95.5735 19m10s/Msamples
        7210000   -101089.4559       998.5      -100993.0241       -96.4318 19m10s/Msamples
        7211000   -101102.4621       998.8      -101005.2073       -97.2547 19m10s/Msamples
        7212000   -101098.9208       998.8      -101000.8752       -98.0455 19m10s/Msamples
        7213000   -101082.0171       998.4      -100983.0944       -98.9227 19m10s/Msamples
        7214000   -101093.7579       998.1      -100992.7241      -101.0338 19m10s/Msamples
        7215000   -101099.5575       998.1      -100996.3888      -103.1687 19m10s/Msamples
        7216000   -101098.1814       998.0      -100995.6271      -102.5542 19m10s/Msamples
        7217000   -101103.0165       998.3      -101004.3390       -98.6774 19m10s/Msamples
        7218000   -101113.1374       999.9      -101011.6282      -101.5092 19m10s/Msamples
        7219000   -101105.0637      1000.3      -101006.8141       -98.2495 19m10s/Msamples
        7220000   -101101.8895      1000.5      -101002.0478       -99.8416 19m10s/Msamples
        7221000   -101104.6528      1000.9      -101003.3997      -101.2530 19m10s/Msamples
        7222000   -101112.7767      1002.1      -101011.2293      -101.5473 19m10s/Msamples
        7223000   -101094.9456      1002.0      -100991.4409      -103.5047 19m10s/Msamples
        7224000   -101104.4988      1002.3      -101002.5968      -101.9020 19m10s/Msamples
        7225000   -101101.3529      1002.5      -100999.9548      -101.3980 19m10s/Msamples
        7226000   -101099.6347      1002.5      -100995.8924      -103.7423 19m10s/Msamples
        7227000   -101095.7885      1002.5      -100991.0645      -104.7239 19m10s/Msamples
        7228000   -101101.4574      1002.7      -100996.9275      -104.5298 19m10s/Msamples
        7229000   -101105.3061      1002.0      -101000.0224      -105.2836 19m10s/Msamples
        7230000   -101098.5484      1002.0      -100991.0514      -107.4970 19m10s/Msamples
        7231000   -101098.5239      1002.1      -100996.1540      -102.3699 19m10s/Msamples
        7232000   -101092.5387      1002.3      -100992.7482       -99.7905 19m10s/Msamples
        7233000   -101103.8802      1002.5      -101004.8176       -99.0626 19m10s/Msamples
        7234000   -101097.9076      1002.6      -101000.9732       -96.9343 19m10s/Msamples
        7235000   -101090.3989      1002.8      -100989.3237      -101.0752 19m10s/Msamples
        7236000   -101099.5634      1003.0      -100998.6834      -100.8800 19m10s/Msamples
        7237000   -101107.6838      1003.3      -101005.9040      -101.7797 19m10s/Msamples
        7238000   -101101.1317      1003.4      -100993.1547      -107.9770 19m10s/Msamples
        7239000   -101101.9198      1003.1      -100994.7223      -107.1975 19m10s/Msamples
        7240000   -101117.4703      1003.8      -101004.3111      -113.1592 19m10s/Msamples
        7241000   -101112.5352      1004.1      -101004.0309      -108.5043 19m10s/Msamples
        7242000   -101107.2446      1004.3      -101006.6788      -100.5657 19m10s/Msamples
        7243000   -101098.0028      1004.5      -100996.4351      -101.5677 19m10s/Msamples
        7244000   -101102.9985      1004.7      -100999.2709      -103.7276 19m10s/Msamples
        7245000   -101097.1495      1004.9      -100993.6472      -103.5022 19m10s/Msamples
        7246000   -101100.6832      1005.0      -100995.1977      -105.4854 19m10s/Msamples
        7247000   -101099.9436      1005.2      -100995.2687      -104.6749 19m10s/Msamples
        7248000   -101098.0068      1005.4      -100993.8497      -104.1570 19m10s/Msamples
        7249000   -101099.6365      1004.6      -100996.0069      -103.6295 19m10s/Msamples
        7250000   -101093.9971      1004.9      -100996.7295       -97.2676 19m10s/Msamples
        7251000   -101095.3194      1005.1      -100996.7166       -98.6028 19m10s/Msamples
        7252000   -101087.4616      1005.5      -100986.5704      -100.8912 19m10s/Msamples
        7253000   -101096.8132      1005.6      -100993.4003      -103.4129 19m10s/Msamples
        7254000   -101099.4173      1005.7      -100995.1358      -104.2815 19m10s/Msamples
        7255000   -101106.5966      1006.0      -100999.6279      -106.9687 19m10s/Msamples
        7256000   -101104.1139      1006.2      -100997.0581      -107.0557 19m10s/Msamples
        7257000   -101098.2912      1006.3      -100993.8435      -104.4476 19m10s/Msamples
        7258000   -101096.6271      1006.5      -100990.0937      -106.5334 19m10s/Msamples
        7259000   -101105.2937      1006.5      -100996.2474      -109.0463 19m10s/Msamples
        7260000   -101108.1919      1006.8      -100995.2166      -112.9753 19m10s/Msamples
        7261000   -101110.0096      1007.1      -100999.5381      -110.4715 19m10s/Msamples
        7262000   -101101.0331      1007.3      -100991.1060      -109.9270 19m10s/Msamples
        7263000   -101111.1361      1007.7      -101005.3576      -105.7784 19m10s/Msamples
        7264000   -101111.2373      1008.2      -101000.2384      -110.9988 19m10s/Msamples
        7265000   -101096.4828      1008.3      -100993.1927      -103.2900 19m10s/Msamples
        7266000   -101089.2788      1008.7      -100986.8063      -102.4724 19m10s/Msamples
        7267000   -101100.5056      1008.8      -100996.0997      -104.4059 19m10s/Msamples
        7268000   -101085.6515      1009.3      -100984.1411      -101.5104 19m10s/Msamples
        7269000   -101094.3065      1008.8      -100991.4926      -102.8139 19m10s/Msamples
        7270000   -101093.8795      1008.8      -100995.8884       -97.9911 19m10s/Msamples
        7271000   -101096.2000      1008.8      -100995.9972      -100.2028 19m10s/Msamples
        7272000   -101094.7308      1008.8      -100995.4496       -99.2811 19m10s/Msamples
        7273000   -101090.5183      1008.8      -100993.1954       -97.3228 19m10s/Msamples
        7274000   -101089.2137      1008.8      -100991.5545       -97.6591 19m10s/Msamples
        7275000   -101093.9956      1008.8      -100995.0510       -98.9445 19m10s/Msamples
        7276000   -101092.9889      1008.7      -100996.7639       -96.2250 19m10s/Msamples
        7277000   -101092.2316      1008.6      -100999.6995       -92.5321 19m10s/Msamples
        7278000   -101093.3031      1008.5      -100998.1160       -95.1871 19m10s/Msamples
        7279000   -101086.7547      1008.3      -100992.2294       -94.5252 19m10s/Msamples
        7280000   -101088.4978      1007.8      -100993.0207       -95.4771 19m10s/Msamples
        7281000   -101079.7074      1007.2      -100984.8605       -94.8469 19m10s/Msamples
        7282000   -101090.0756      1006.5      -100991.8103       -98.2652 19m10s/Msamples
        7283000   -101103.2989      1006.9      -101004.5898       -98.7091 19m10s/Msamples
        7284000   -101096.8226      1006.5      -101000.3687       -96.4539 19m10s/Msamples
        7285000   -101117.2705      1009.2      -101019.2707       -97.9997 19m10s/Msamples
        7286000   -101113.9549      1011.2      -101012.6452      -101.3097 19m10s/Msamples
        7287000   -101098.5713      1011.0      -101000.4629       -98.1083 19m10s/Msamples
        7288000   -101106.8896      1011.9      -101005.3684      -101.5211 19m10s/Msamples
        7289000   -101117.4199      1014.1      -101007.2380      -110.1819 19m10s/Msamples
        7290000   -101114.6576      1015.9      -101007.2226      -107.4350 19m10s/Msamples
        7291000   -101116.7375      1017.6      -101009.1013      -107.6362 19m10s/Msamples
        7292000   -101119.4661      1019.3      -101010.1093      -109.3568 19m10s/Msamples
        7293000   -101112.1791      1020.0      -101005.5807      -106.5984 19m10s/Msamples
        7294000   -101099.5753      1020.2      -100995.7314      -103.8438 19m10s/Msamples
        7295000   -101097.0239      1020.3      -100995.6258      -101.3980 19m10s/Msamples
        7296000   -101094.9964      1020.5      -100989.8056      -105.1908 19m10s/Msamples
        7297000   -101098.6910      1020.7      -100991.3405      -107.3505 19m10s/Msamples
        7298000   -101088.4368      1021.2      -100988.6204       -99.8164 19m10s/Msamples
        7299000   -101106.3358      1021.3      -101003.2995      -103.0363 19m10s/Msamples
        7300000   -101087.9282      1022.0      -100987.7064      -100.2217 19m10s/Msamples
        7301000   -101094.0974      1022.3      -100994.3642       -99.7332 19m10s/Msamples
        7302000   -101096.9400      1022.5      -100995.0219      -101.9180 19m10s/Msamples
        7303000   -101098.5725      1022.7      -100994.7423      -103.8302 19m10s/Msamples
        7304000   -101099.9359      1022.9      -100995.2522      -104.6836 19m10s/Msamples
        7305000   -101103.2043      1023.0      -101000.3967      -102.8075 19m10s/Msamples
        7306000   -101099.0248      1023.3      -100996.3590      -102.6658 19m10s/Msamples
        7307000   -101101.0504      1023.5      -100998.1236      -102.9268 19m10s/Msamples
        7308000   -101092.8104      1024.0      -100991.0858      -101.7246 19m10s/Msamples
        7309000   -101092.4849      1024.4      -100992.1109      -100.3740 19m10s/Msamples
        7310000   -101100.9897      1024.5      -101001.3287       -99.6610 19m10s/Msamples
        7311000   -101107.0831      1024.7      -101008.1511       -98.9319 19m10s/Msamples
        7312000   -101101.8725      1024.9      -101001.4491      -100.4234 19m10s/Msamples
        7313000   -101089.9683      1025.1      -100992.2530       -97.7153 19m10s/Msamples
        7314000   -101092.9163      1025.1      -100990.9330      -101.9833 19m10s/Msamples
        7315000   -101108.9433      1025.9      -101009.1729       -99.7704 19m10s/Msamples
        7316000   -101102.3036      1026.1      -101001.0219      -101.2816 19m10s/Msamples
        7317000   -101095.1200      1025.9      -100995.0794      -100.0405 19m10s/Msamples
        7318000   -101101.1757      1026.1      -100998.4673      -102.7083 19m10s/Msamples
        7319000   -101096.7631      1025.9      -100996.2294      -100.5336 19m10s/Msamples
        7320000   -101104.0350      1026.2      -101006.3269       -97.7080 19m10s/Msamples
        7321000   -101099.6246      1026.3      -100998.9515      -100.6731 19m10s/Msamples
        7322000   -101100.0118      1026.4      -101005.7473       -94.2645 19m10s/Msamples
        7323000   -101092.4790      1026.4      -100996.2356       -96.2434 19m10s/Msamples
        7324000   -101096.5718      1026.4      -100999.9432       -96.6285 19m10s/Msamples
        7325000   -101095.7140      1026.3      -100998.2420       -97.4720 19m10s/Msamples
        7326000   -101093.5310      1026.3      -100995.8766       -97.6544 19m10s/Msamples
        7327000   -101095.7944      1026.2      -101000.0776       -95.7167 19m10s/Msamples
        7328000   -101097.2485      1026.2      -100998.9859       -98.2626 19m10s/Msamples
        7329000   -101104.3933      1026.4      -101002.6269      -101.7663 19m10s/Msamples
        7330000   -101089.9163      1026.2      -100989.7450      -100.1713 19m10s/Msamples
        7331000   -101105.3785      1026.6      -101004.5515      -100.8269 19m10s/Msamples
        7332000   -101119.3653      1028.3      -101015.3947      -103.9706 19m10s/Msamples
        7333000   -101106.8734      1028.7      -101005.4524      -101.4209 19m10s/Msamples
        7334000   -101099.4593      1028.8      -100996.9487      -102.5105 19m10s/Msamples
        7335000   -101109.9097      1029.4      -101004.0380      -105.8717 19m10s/Msamples
        7336000   -101106.0714      1029.7      -101004.0264      -102.0450 19m10s/Msamples
        7337000   -101101.0292      1029.9      -100999.3274      -101.7017 19m10s/Msamples
        7338000   -101098.4651      1030.0      -100997.5965      -100.8686 19m10s/Msamples
        7339000   -101099.6163      1029.7      -100999.4571      -100.1591 19m10s/Msamples
        7340000   -101092.6310      1029.9      -100990.6187      -102.0123 19m10s/Msamples
        7341000   -101103.3358      1030.1      -100997.0516      -106.2842 19m10s/Msamples
        7342000   -101097.7796      1030.2      -100991.1762      -106.6034 19m10s/Msamples
        7343000   -101091.5974      1030.4      -100989.6999      -101.8975 19m11s/Msamples
        7344000   -101093.9486      1030.5      -100992.7557      -101.1929 19m11s/Msamples
        7345000   -101101.0119      1030.6      -100997.6345      -103.3774 19m11s/Msamples
        7346000   -101093.5111      1030.7      -100991.1246      -102.3865 19m11s/Msamples
        7347000   -101093.6374      1030.8      -100991.8080      -101.8293 19m11s/Msamples
        7348000   -101094.1847      1030.8      -100992.2850      -101.8997 19m11s/Msamples
        7349000   -101090.7266      1030.8      -100991.9004       -98.8262 19m11s/Msamples
        7350000   -101093.4720      1030.9      -100991.2433      -102.2287 19m11s/Msamples
        7351000   -101093.3431      1030.9      -100987.3085      -106.0346 19m11s/Msamples
        7352000   -101091.9801      1030.8      -100991.0489      -100.9312 19m11s/Msamples
        7353000   -101095.8453      1030.8      -100997.2279       -98.6174 19m11s/Msamples
        7354000   -101092.3528      1030.7      -100992.1526      -100.2001 19m11s/Msamples
        7355000   -101077.8419      1030.4      -100981.5902       -96.2516 19m11s/Msamples
        7356000   -101085.7244      1029.6      -100988.8114       -96.9129 19m11s/Msamples
        7357000   -101097.4944      1029.4      -100998.7383       -98.7561 19m11s/Msamples
        7358000   -101092.7015      1028.7      -100993.1671       -99.5343 19m11s/Msamples
        7359000   -101100.0577      1028.5      -101001.8221       -98.2355 19m11s/Msamples
        7360000   -101106.8370      1029.4      -101002.4907      -104.3462 19m11s/Msamples
        7361000   -101099.2287      1029.3      -100994.9600      -104.2687 19m11s/Msamples
        7362000   -101101.5652      1029.5      -100999.6544      -101.9107 19m11s/Msamples
        7363000   -101098.5381      1029.4      -100996.9179      -101.6201 19m11s/Msamples
        7364000   -101108.4260      1030.4      -101003.7489      -104.6770 19m11s/Msamples
        7365000   -101098.5852      1030.3      -100993.6160      -104.9691 19m11s/Msamples
        7366000   -101103.9397      1030.8      -100998.5978      -105.3419 19m11s/Msamples
        7367000   -101102.2545      1031.0      -100998.8186      -103.4358 19m11s/Msamples
        7368000   -101103.5517      1031.4      -101001.9417      -101.6100 19m11s/Msamples
        7369000   -101106.5737      1031.4      -101005.3351      -101.2385 19m11s/Msamples
        7370000   -101106.0649      1031.9      -101003.5456      -102.5193 19m11s/Msamples
        7371000   -101104.7527      1032.3      -100997.5514      -107.2013 19m11s/Msamples
        7372000   -101113.6395      1033.5      -101003.5077      -110.1318 19m11s/Msamples
        7373000   -101135.4495      1037.5      -101027.4055      -108.0440 19m11s/Msamples
        7374000   -101112.1681      1038.0      -101008.0457      -104.1223 19m11s/Msamples
        7375000   -101096.2458      1038.2      -100995.3671      -100.8786 19m11s/Msamples
        7376000   -101101.6741      1038.4      -100997.6758      -103.9983 19m11s/Msamples
        7377000   -101100.9276      1038.5      -100999.7791      -101.1485 19m11s/Msamples
        7378000   -101109.1166      1038.5      -101006.5682      -102.5484 19m11s/Msamples
        7379000   -101109.9578      1038.1      -101008.8962      -101.0616 19m11s/Msamples
        7380000   -101110.9450      1037.8      -101005.0560      -105.8889 19m11s/Msamples
        7381000   -101115.1837      1037.3      -101011.2329      -103.9507 19m11s/Msamples
        7382000   -101119.9071      1036.5      -101014.8565      -105.0505 19m11s/Msamples
        7383000   -101111.0764      1035.8      -101008.9734      -102.1030 19m11s/Msamples
        7384000   -101107.1414      1035.4      -101005.4398      -101.7015 19m11s/Msamples
        7385000   -101109.1917      1034.8      -100999.4134      -109.7783 19m11s/Msamples
        7386000   -101099.7875      1035.1      -100991.8469      -107.9405 19m11s/Msamples
        7387000   -101098.7066      1035.6      -100990.5043      -108.2022 19m10s/Msamples
        7388000   -101091.6946      1037.1      -100985.1233      -106.5712 19m11s/Msamples
        7389000   -101095.0464      1037.5      -100991.7923      -103.2540 19m10s/Msamples
        7390000   -101114.4968      1036.7      -101012.1144      -102.3823 19m10s/Msamples
        7391000   -101104.2556      1036.5      -101001.1764      -103.0791 19m10s/Msamples
        7392000   -101098.1988      1037.1      -100996.0586      -102.1402 19m10s/Msamples
        7393000   -101103.5812      1037.0      -101005.5674       -98.0138 19m10s/Msamples
        7394000   -101105.2303      1036.8      -101005.0811      -100.1492 19m10s/Msamples
        7395000   -101097.5622      1037.4      -100994.1221      -103.4401 19m10s/Msamples
        7396000   -101104.9679      1037.3      -101002.2010      -102.7668 19m10s/Msamples
        7397000   -101115.9135      1037.0      -101012.5665      -103.3469 19m10s/Msamples
        7398000   -101107.0907      1036.8      -101005.5103      -101.5803 19m11s/Msamples
        7399000   -101097.8022      1037.1      -100995.3686      -102.4335 19m10s/Msamples
        7400000   -101090.6895      1038.3      -100989.8319      -100.8576 19m11s/Msamples
        7401000   -101096.0316      1038.9      -100995.3094      -100.7222 19m11s/Msamples
        7402000   -101087.7841      1040.1      -100986.9956      -100.7885 19m11s/Msamples
        7403000   -101091.3159      1040.8      -100994.4875       -96.8284 19m11s/Msamples
        7404000   -101093.8377      1041.2      -100996.0486       -97.7891 19m10s/Msamples
        7405000   -101094.4415      1041.4      -100993.1335      -101.3079 19m10s/Msamples
        7406000   -101095.0229      1041.6      -100992.5085      -102.5144 19m10s/Msamples
        7407000   -101103.1143      1041.8      -101000.1636      -102.9507 19m10s/Msamples
        7408000   -101103.7921      1042.0      -101005.0643       -98.7278 19m10s/Msamples
        7409000   -101114.7546      1043.2      -101013.7597      -100.9949 19m10s/Msamples
        7410000   -101098.5718      1043.3      -100997.6044      -100.9673 19m10s/Msamples
        7411000   -101101.7275      1043.5      -100999.0703      -102.6571 19m10s/Msamples
        7412000   -101103.0726      1043.7      -101002.6499      -100.4227 19m10s/Msamples
        7413000   -101105.6205      1043.9      -101002.9175      -102.7030 19m10s/Msamples
        7414000   -101113.2478      1044.6      -101008.8773      -104.3704 19m10s/Msamples
        7415000   -101111.0613      1045.0      -101010.0050      -101.0562 19m10s/Msamples
        7416000   -101107.8519      1045.2      -101005.0117      -102.8401 19m10s/Msamples
        7417000   -101108.9521      1045.5      -101006.1503      -102.8017 19m10s/Msamples
        7418000   -101113.8700      1045.8      -101012.7732      -101.0967 19m10s/Msamples
        7419000   -101107.2094      1045.9      -101007.0290      -100.1803 19m10s/Msamples
        7420000   -101103.2727      1046.1      -101001.0764      -102.1962 19m10s/Msamples
        7421000   -101105.7572      1046.2      -101005.1031      -100.6541 19m10s/Msamples
        7422000   -101099.6353      1046.4      -100995.6617      -103.9736 19m10s/Msamples
        7423000   -101101.2250      1046.6      -100997.6279      -103.5971 19m10s/Msamples
        7424000   -101093.5421      1047.1      -100999.3472       -94.1949 19m10s/Msamples
        7425000   -101092.6909      1047.7      -100997.3916       -95.2992 19m10s/Msamples
        7426000   -101113.3408      1047.8      -101012.9617      -100.3791 19m10s/Msamples
        7427000   -101110.6800      1047.6      -101009.6486      -101.0314 19m11s/Msamples
        7428000   -101109.6880      1047.4      -101010.0503       -99.6377 19m11s/Msamples
        7429000   -101091.5490      1048.6      -100991.3460      -100.2029 19m11s/Msamples
        7430000   -101104.7126      1048.6      -101000.0953      -104.6173 19m11s/Msamples
        7431000   -101105.5158      1048.5      -101005.0248      -100.4909 19m11s/Msamples
        7432000   -101096.0922      1049.0      -100994.0767      -102.0155 19m11s/Msamples
        7433000   -101093.7594      1049.7      -100992.6770      -101.0824 19m11s/Msamples
        7434000   -101096.4043      1050.2      -100998.2794       -98.1248 19m11s/Msamples
        7435000   -101100.4044      1050.4      -100995.2441      -105.1602 19m11s/Msamples
        7436000   -101103.9655      1050.4      -101000.2280      -103.7375 19m11s/Msamples
        7437000   -101120.1191      1050.7      -101017.8278      -102.2913 19m11s/Msamples
        7438000   -101100.1520      1051.0      -100999.9443      -100.2077 19m11s/Msamples
        7439000   -101104.3136      1051.1      -101004.3459       -99.9676 19m11s/Msamples
        7440000   -101095.9608      1051.5      -100994.4014      -101.5594 19m11s/Msamples
        7441000   -101093.5120      1051.9      -100991.6721      -101.8399 19m11s/Msamples
        7442000   -101095.6856      1052.1      -100994.4551      -101.2304 19m11s/Msamples
        7443000   -101097.0772      1052.3      -100997.2348       -99.8424 19m11s/Msamples
        7444000   -101100.9505      1052.5      -100998.9087      -102.0417 19m11s/Msamples
        7445000   -101092.7051      1052.7      -100992.2814      -100.4237 19m11s/Msamples
        7446000   -101099.1690      1052.9      -101002.0929       -97.0761 19m11s/Msamples
        7447000   -101091.0113      1053.2      -100992.1179       -98.8934 19m11s/Msamples
        7448000   -101100.3566      1053.3      -101001.4979       -98.8587 19m11s/Msamples
        7449000   -101092.6875      1053.3      -100995.0847       -97.6027 19m11s/Msamples
        7450000   -101102.1208      1053.5      -101003.4628       -98.6579 19m11s/Msamples
        7451000   -101100.3705      1053.6      -100997.3898      -102.9807 19m11s/Msamples
        7452000   -101096.6906      1053.7      -100997.6206       -99.0699 19m11s/Msamples
        7453000   -101100.3476      1053.8      -101002.4101       -97.9374 19m11s/Msamples
        7454000   -101086.0833      1053.8      -100985.8226      -100.2607 19m11s/Msamples
        7455000   -101091.3955      1053.6      -100993.2089       -98.1865 19m11s/Msamples
        7456000   -101101.4011      1053.8      -100996.7360      -104.6650 19m11s/Msamples
        7457000   -101095.7041      1053.7      -100995.5201      -100.1839 19m11s/Msamples
        7458000   -101093.8821      1053.6      -100993.1287      -100.7533 19m11s/Msamples
        7459000   -101104.2050      1054.2      -101001.3261      -102.8789 19m11s/Msamples
        7460000   -101103.7060      1054.6      -101002.8089      -100.8971 19m11s/Msamples
        7461000   -101112.3044      1055.8      -101015.3622       -96.9421 19m11s/Msamples
        7462000   -101123.7377      1058.6      -101018.2037      -105.5340 19m11s/Msamples
        7463000   -101103.6006      1058.8      -101002.4313      -101.1693 19m11s/Msamples
        7464000   -101101.0941      1059.0      -100999.3011      -101.7930 19m11s/Msamples
        7465000   -101094.1321      1059.0      -100994.5007       -99.6313 19m11s/Msamples
        7466000   -101093.1094      1059.0      -100991.9752      -101.1342 19m11s/Msamples
        7467000   -101104.0439      1059.3      -101001.4663      -102.5775 19m11s/Msamples
        7468000   -101097.6034      1059.4      -100996.2702      -101.3331 19m11s/Msamples
        7469000   -101102.8275      1059.9      -100998.7263      -104.1012 19m11s/Msamples
        7470000   -101099.0910      1060.0      -100995.2296      -103.8613 19m11s/Msamples
        7471000   -101100.3681      1060.1      -100995.8481      -104.5199 19m11s/Msamples
        7472000   -101096.1260      1060.3      -100994.0375      -102.0885 19m11s/Msamples
        7473000   -101099.4899      1060.4      -100994.6033      -104.8865 19m11s/Msamples
        7474000   -101089.9896      1060.6      -100992.0589       -97.9306 19m11s/Msamples
        7475000   -101108.2593      1061.0      -101005.7695      -102.4898 19m11s/Msamples
        7476000   -101093.0052      1061.1      -100993.6518       -99.3533 19m11s/Msamples
        7477000   -101093.0358      1061.3      -100994.9491       -98.0867 19m11s/Msamples
        7478000   -101102.2564      1061.5      -101001.8140      -100.4423 19m11s/Msamples
        7479000   -101095.0952      1061.7      -100996.6257       -98.4695 19m11s/Msamples
        7480000   -101102.1798      1061.9      -101003.1109       -99.0688 19m11s/Msamples
        7481000   -101093.1525      1062.1      -100995.5906       -97.5618 19m11s/Msamples
        7482000   -101107.2260      1062.5      -101003.2327      -103.9932 19m11s/Msamples
        7483000   -101106.6540      1062.8      -101009.1004       -97.5536 19m11s/Msamples
        7484000   -101105.1962      1063.0      -101009.4696       -95.7266 19m11s/Msamples
        7485000   -101105.8296      1063.4      -101002.0080      -103.8215 19m11s/Msamples
        7486000   -101098.6959      1063.5      -100997.5880      -101.1079 19m11s/Msamples
        7487000   -101102.0934      1063.7      -101003.3821       -98.7112 19m11s/Msamples
        7488000   -101113.0708      1064.5      -101008.3328      -104.7379 19m11s/Msamples
        7489000   -101110.5545      1064.1      -101004.5924      -105.9620 19m11s/Msamples
        7490000   -101119.0669      1065.0      -101014.2109      -104.8560 19m11s/Msamples
        7491000   -101089.7882      1065.6      -100990.4634       -99.3248 19m11s/Msamples
        7492000   -101100.0049      1065.8      -100996.5922      -103.4126 19m11s/Msamples
        7493000   -101100.1605      1065.9      -100995.8225      -104.3380 19m11s/Msamples
        7494000   -101099.0802      1066.1      -101000.2020       -98.8782 19m11s/Msamples
        7495000   -101091.4047      1066.5      -100990.9697      -100.4349 19m11s/Msamples
        7496000   -101092.4884      1066.8      -100994.8454       -97.6430 19m11s/Msamples
        7497000   -101101.2851      1067.0      -101001.6613       -99.6238 19m11s/Msamples
        7498000   -101105.9131      1067.2      -101008.1014       -97.8117 19m11s/Msamples
        7499000   -101099.5818      1067.3      -101001.4232       -98.1586 19m11s/Msamples
        7500000   -101107.2796      1067.5      -101009.1345       -98.1451 19m11s/Msamples
        7501000   -101099.4205      1067.7      -101002.6625       -96.7579 19m11s/Msamples
        7502000   -101090.5433      1068.2      -100996.9503       -93.5929 19m11s/Msamples
        7503000   -101086.7783      1069.0      -100991.4877       -95.2905 19m11s/Msamples
        7504000   -101092.4930      1069.3      -100994.0784       -98.4145 19m11s/Msamples
        7505000   -101097.2428      1069.5      -100999.1997       -98.0431 19m11s/Msamples
        7506000   -101097.0779      1069.6      -100999.8833       -97.1946 19m11s/Msamples
        7507000   -101113.4408      1070.4      -101011.6677      -101.7731 19m11s/Msamples
        7508000   -101113.7123      1071.1      -101012.8821      -100.8302 19m11s/Msamples
        7509000   -101117.2625      1070.3      -101017.3268       -99.9356 19m11s/Msamples
        7510000   -101108.7286      1070.5      -101007.6461      -101.0825 19m11s/Msamples
        7511000   -101093.6851      1070.8      -100993.6303      -100.0547 19m11s/Msamples
        7512000   -101096.3228      1071.0      -100994.9278      -101.3950 19m11s/Msamples
        7513000   -101104.1757      1071.3      -101002.1342      -102.0415 19m11s/Msamples
        7514000   -101100.5231      1071.4      -100997.7324      -102.7907 19m11s/Msamples
        7515000   -101099.6543      1071.5      -101000.0362       -99.6180 19m11s/Msamples
        7516000   -101096.7964      1071.7      -100998.4523       -98.3441 19m11s/Msamples
        7517000   -101094.6099      1071.8      -100995.1027       -99.5072 19m11s/Msamples
        7518000   -101093.3891      1072.0      -100995.9653       -97.4238 19m11s/Msamples
        7519000   -101108.9722      1071.4      -101003.3070      -105.6651 19m11s/Msamples
        7520000   -101105.9399      1071.6      -100998.4060      -107.5339 19m11s/Msamples
        7521000   -101099.5493      1071.8      -100995.2437      -104.3056 19m11s/Msamples
        7522000   -101097.2577      1071.9      -100992.7014      -104.5563 19m11s/Msamples
        7523000   -101093.3700      1072.1      -100990.8745      -102.4954 19m11s/Msamples
        7524000   -101095.2337      1072.2      -100993.6594      -101.5742 19m11s/Msamples
        7525000   -101100.4972      1072.3      -100999.4163      -101.0808 19m11s/Msamples
        7526000   -101100.9622      1072.5      -100997.7935      -103.1687 19m11s/Msamples
        7527000   -101108.4876      1072.7      -101004.2511      -104.2364 19m11s/Msamples
        7528000   -101100.1380      1072.9      -100995.6585      -104.4795 19m11s/Msamples
        7529000   -101097.2912      1072.7      -100990.9818      -106.3094 19m11s/Msamples
        7530000   -101100.3937      1072.8      -100993.1116      -107.2820 19m11s/Msamples
        7531000   -101103.5533      1073.0      -100998.9496      -104.6037 19m11s/Msamples
        7532000   -101107.8510      1073.4      -101005.4554      -102.3955 19m11s/Msamples
        7533000   -101100.5965      1073.6      -100997.5721      -103.0244 19m11s/Msamples
        7534000   -101098.2685      1073.7      -100997.5977      -100.6708 19m11s/Msamples
        7535000   -101102.3592      1073.9      -100999.3672      -102.9920 19m11s/Msamples
        7536000   -101094.5061      1074.0      -100993.2614      -101.2446 19m11s/Msamples
        7537000   -101106.7455      1074.3      -101003.3428      -103.4027 19m11s/Msamples
        7538000   -101104.4436      1074.6      -100999.5498      -104.8937 19m11s/Msamples
        7539000   -101091.6291      1074.4      -100992.7535       -98.8755 19m11s/Msamples
        7540000   -101098.4507      1074.5      -100995.4848      -102.9658 19m11s/Msamples
        7541000   -101099.5886      1074.6      -100997.1722      -102.4163 19m11s/Msamples
        7542000   -101095.6334      1074.8      -100996.4589       -99.1744 19m11s/Msamples
        7543000   -101090.0246      1074.9      -100991.9932       -98.0314 19m11s/Msamples
        7544000   -101096.2641      1074.9      -100997.7139       -98.5501 19m11s/Msamples
        7545000   -101091.8474      1074.9      -100993.1267       -98.7207 19m11s/Msamples
        7546000   -101092.8440      1074.9      -100994.1342       -98.7098 19m11s/Msamples
        7547000   -101092.6625      1074.9      -100989.0175      -103.6449 19m11s/Msamples
        7548000   -101098.4128      1075.0      -100997.6036      -100.8092 19m11s/Msamples
        7549000   -101098.5514      1074.3      -100997.6539      -100.8975 19m11s/Msamples
        7550000   -101096.2490      1074.2      -100998.1767       -98.0723 19m11s/Msamples
        7551000   -101108.5240      1074.9      -101005.3369      -103.1871 19m11s/Msamples
        7552000   -101102.5007      1075.2      -100997.7664      -104.7343 19m11s/Msamples
        7553000   -101096.3838      1075.1      -100993.2527      -103.1311 19m11s/Msamples
        7554000   -101111.5050      1076.1      -101005.4668      -106.0381 19m11s/Msamples
        7555000   -101118.3437      1077.7      -101008.8719      -109.4717 19m11s/Msamples
        7556000   -101115.0354      1078.8      -101006.8275      -108.2079 19m11s/Msamples
        7557000   -101109.7991      1079.3      -101011.5477       -98.2514 19m11s/Msamples
        7558000   -101090.2831      1079.5      -100990.4369       -99.8461 19m11s/Msamples
        7559000   -101102.4476      1080.3      -101001.2830      -101.1645 19m11s/Msamples
        7560000   -101100.9533      1080.4      -101001.4436       -99.5096 19m11s/Msamples
        7561000   -101112.1957      1081.1      -101006.7010      -105.4946 19m11s/Msamples
        7562000   -101113.2841      1081.7      -101004.0490      -109.2351 19m11s/Msamples
        7563000   -101112.0741      1082.1      -101006.4364      -105.6376 19m11s/Msamples
        7564000   -101099.1660      1082.3      -100995.5027      -103.6632 19m11s/Msamples
        7565000   -101102.5787      1082.4      -100995.5856      -106.9930 19m11s/Msamples
        7566000   -101106.7163      1082.5      -101003.0416      -103.6747 19m11s/Msamples
        7567000   -101095.0460      1083.0      -100993.2981      -101.7478 19m11s/Msamples
        7568000   -101099.5864      1083.2      -100995.7582      -103.8281 19m11s/Msamples
        7569000   -101107.2314      1083.7      -101006.7466      -100.4848 19m11s/Msamples
        7570000   -101095.1653      1084.3      -100994.8754      -100.2898 19m11s/Msamples
        7571000   -101101.7845      1084.5      -100999.7544      -102.0300 19m11s/Msamples
        7572000   -101096.0412      1085.0      -100994.1222      -101.9190 19m11s/Msamples
        7573000   -101099.0553      1085.3      -100996.0923      -102.9630 19m11s/Msamples
        7574000   -101099.1207      1085.6      -100996.9624      -102.1582 19m11s/Msamples
        7575000   -101097.3736      1085.9      -100996.0641      -101.3094 19m11s/Msamples
        7576000   -101105.8583      1085.9      -101003.9488      -101.9094 19m11s/Msamples
        7577000   -101104.2639      1086.0      -100998.3634      -105.9005 19m11s/Msamples
        7578000   -101105.3589      1086.1      -101001.1898      -104.1691 19m11s/Msamples
        7579000   -101102.9696      1086.4      -101002.9881       -99.9815 19m11s/Msamples
        7580000   -101112.1954      1086.6      -101010.4782      -101.7171 19m11s/Msamples
        7581000   -101102.2782      1086.8      -101001.8570      -100.4211 19m11s/Msamples
        7582000   -101102.8389      1086.9      -101005.5567       -97.2822 19m11s/Msamples
        7583000   -101112.8222      1086.9      -101009.4943      -103.3279 19m11s/Msamples
        7584000   -101100.3758      1087.1      -100999.8049      -100.5708 19m11s/Msamples
        7585000   -101107.3980      1087.2      -101004.2179      -103.1801 19m11s/Msamples
        7586000   -101103.7036      1087.3      -101002.8158      -100.8877 19m11s/Msamples
        7587000   -101097.7740      1087.6      -100997.0054      -100.7685 19m11s/Msamples
        7588000   -101099.8705      1087.8      -100996.0868      -103.7836 19m11s/Msamples
        7589000   -101103.6388      1088.4      -101001.7571      -101.8817 19m11s/Msamples
        7590000   -101100.0329      1088.6      -100997.6993      -102.3335 19m11s/Msamples
        7591000   -101105.0623      1088.7      -101000.5421      -104.5202 19m11s/Msamples
        7592000   -101104.4734      1088.9      -101001.5555      -102.9179 19m11s/Msamples
        7593000   -101105.9293      1088.9      -101002.2682      -103.6610 19m11s/Msamples
        7594000   -101097.6163      1089.2      -100996.6645      -100.9517 19m11s/Msamples
        7595000   -101099.9991      1089.5      -100994.4207      -105.5783 19m11s/Msamples
        7596000   -101101.8172      1089.6      -100997.9511      -103.8660 19m11s/Msamples
        7597000   -101099.1054      1089.8      -100998.0897      -101.0157 19m11s/Msamples
        7598000   -101101.3976      1090.0      -101000.1503      -101.2472 19m11s/Msamples
        7599000   -101093.0978      1090.8      -100992.0194      -101.0784 19m11s/Msamples
        7600000   -101104.2624      1090.9      -100999.2189      -105.0435 19m11s/Msamples
        7601000   -101108.9916      1091.0      -101001.9223      -107.0692 19m11s/Msamples
        7602000   -101105.6935      1091.1      -100999.6015      -106.0919 19m11s/Msamples
        7603000   -101095.0717      1091.5      -100988.5663      -106.5053 19m11s/Msamples
        7604000   -101105.4403      1091.6      -100995.2936      -110.1466 19m11s/Msamples
        7605000   -101103.1181      1091.8      -100997.9221      -105.1959 19m11s/Msamples
        7606000   -101102.7088      1091.9      -100998.6592      -104.0496 19m11s/Msamples
        7607000   -101100.0307      1092.1      -100996.5415      -103.4892 19m11s/Msamples
        7608000   -101096.6709      1092.3      -100992.8647      -103.8062 19m11s/Msamples
        7609000   -101103.0844      1092.7      -101001.5601      -101.5242 19m11s/Msamples
        7610000   -101100.5843      1092.9      -100995.5008      -105.0834 19m11s/Msamples
        7611000   -101096.5073      1093.2      -100991.7469      -104.7604 19m11s/Msamples
        7612000   -101091.3352      1093.5      -100987.7253      -103.6098 19m11s/Msamples
        7613000   -101100.3813      1093.7      -100994.2671      -106.1141 19m11s/Msamples
        7614000   -101092.9192      1093.9      -100989.7782      -103.1410 19m11s/Msamples
        7615000   -101105.1141      1094.2      -101000.5982      -104.5159 19m11s/Msamples
        7616000   -101090.9361      1094.4      -100984.3382      -106.5979 19m11s/Msamples
        7617000   -101102.8974      1094.6      -100992.3272      -110.5701 19m11s/Msamples
        7618000   -101101.1244      1094.7      -100990.3446      -110.7798 19m11s/Msamples
        7619000   -101098.3490      1094.8      -100997.2070      -101.1420 19m11s/Msamples
        7620000   -101100.3453      1095.0      -100998.0848      -102.2604 19m11s/Msamples
        7621000   -101104.6457      1095.3      -100998.5155      -106.1302 19m11s/Msamples
        7622000   -101102.9314      1095.4      -100993.6630      -109.2684 19m11s/Msamples
        7623000   -101093.6367      1095.6      -100990.6978      -102.9389 19m11s/Msamples
        7624000   -101103.1519      1095.8      -100997.2586      -105.8932 19m11s/Msamples
        7625000   -101094.0635      1095.9      -100986.0785      -107.9850 19m11s/Msamples
        7626000   -101107.1674      1096.3      -100997.1802      -109.9871 19m11s/Msamples
        7627000   -101102.2752      1096.5      -100998.1382      -104.1369 19m11s/Msamples
        7628000   -101103.9761      1096.7      -100994.1701      -109.8059 19m11s/Msamples
        7629000   -101108.5696      1097.4      -101005.3215      -103.2480 19m11s/Msamples
        7630000   -101112.6089      1098.1      -101010.2979      -102.3110 19m11s/Msamples
        7631000   -101113.0700      1098.7      -101008.5062      -104.5638 19m11s/Msamples
        7632000   -101108.3997      1099.0      -101001.6482      -106.7514 19m11s/Msamples
        7633000   -101114.6748      1099.5      -101006.6907      -107.9840 19m11s/Msamples
        7634000   -101114.4105      1099.8      -101006.8115      -107.5990 19m11s/Msamples
        7635000   -101096.4360      1100.2      -100997.6612       -98.7747 19m11s/Msamples
        7636000   -101098.9419      1100.4      -100994.4029      -104.5390 19m11s/Msamples
        7637000   -101099.0306      1100.7      -100991.7087      -107.3218 19m11s/Msamples
        7638000   -101098.6051      1101.0      -100997.2202      -101.3848 19m11s/Msamples
        7639000   -101091.7104      1101.5      -100990.8027      -100.9076 19m11s/Msamples
        7640000   -101096.2345      1101.9      -100992.1712      -104.0632 19m11s/Msamples
        7641000   -101106.1742      1102.0      -101003.1360      -103.0382 19m11s/Msamples
        7642000   -101098.0469      1102.3      -100993.7352      -104.3117 19m11s/Msamples
        7643000   -101094.1605      1102.8      -100992.2800      -101.8804 19m11s/Msamples
        7644000   -101102.0235      1102.9      -100999.1526      -102.8709 19m11s/Msamples
        7645000   -101099.6945      1103.1      -100996.9189      -102.7756 19m11s/Msamples
        7646000   -101090.4150      1103.9      -100989.2764      -101.1385 19m11s/Msamples
        7647000   -101094.9161      1104.2      -100992.3530      -102.5631 19m11s/Msamples
        7648000   -101095.1953      1104.6      -100993.6496      -101.5456 19m11s/Msamples
        7649000   -101095.5956      1104.7      -100993.2886      -102.3070 19m11s/Msamples
        7650000   -101095.3647      1104.9      -100993.1269      -102.2377 19m11s/Msamples
        7651000   -101087.9057      1105.4      -100987.8436      -100.0620 19m11s/Msamples
        7652000   -101113.2383      1106.2      -101012.3303      -100.9080 19m11s/Msamples
        7653000   -101114.4838      1107.0      -101013.6660      -100.8178 19m11s/Msamples
        7654000   -101096.6918      1107.1      -101000.3444       -96.3474 19m11s/Msamples
        7655000   -101105.9879      1107.5      -101008.5731       -97.4147 19m11s/Msamples
        7656000   -101094.6106      1107.5      -100989.8061      -104.8045 19m11s/Msamples
        7657000   -101097.2205      1107.5      -100995.9012      -101.3192 19m11s/Msamples
        7658000   -101103.2625      1107.7      -101001.0458      -102.2167 19m11s/Msamples
        7659000   -101097.8630      1107.8      -100994.9236      -102.9393 19m11s/Msamples
        7660000   -101096.1220      1107.7      -100993.8378      -102.2841 19m11s/Msamples
        7661000   -101103.2552      1108.0      -101001.8256      -101.4295 19m11s/Msamples
        7662000   -101099.5985      1108.1      -101000.6683       -98.9302 19m11s/Msamples
        7663000   -101093.5653      1108.1      -100992.3910      -101.1743 19m11s/Msamples
        7664000   -101098.6974      1108.1      -100996.3518      -102.3455 19m11s/Msamples
        7665000   -101100.8843      1108.2      -100996.3301      -104.5542 19m11s/Msamples
        7666000   -101097.2706      1108.3      -100996.8027      -100.4679 19m11s/Msamples
        7667000   -101098.9453      1108.3      -100997.4947      -101.4506 19m11s/Msamples
        7668000   -101105.8332      1108.7      -100999.8156      -106.0175 19m11s/Msamples
        7669000   -101112.4162      1108.8      -101004.9601      -107.4561 19m11s/Msamples
        7670000   -101097.9412      1108.9      -100998.2968       -99.6443 19m11s/Msamples
        7671000   -101098.0925      1109.1      -100999.7277       -98.3648 19m11s/Msamples
        7672000   -101104.0826      1109.3      -101000.8556      -103.2270 19m11s/Msamples
        7673000   -101114.0380      1109.9      -101012.1232      -101.9147 19m11s/Msamples
        7674000   -101087.5842      1110.7      -100992.8886       -94.6956 19m11s/Msamples
        7675000   -101102.3273      1110.9      -101009.6291       -92.6981 19m11s/Msamples
        7676000   -101103.2717      1111.1      -101007.9496       -95.3221 19m11s/Msamples
        7677000   -101093.3445      1111.3      -100999.5347       -93.8097 19m11s/Msamples
        7678000   -101110.0793      1111.8      -101012.2151       -97.8641 19m11s/Msamples
        7679000   -101093.3133      1111.5      -100997.6995       -95.6138 19m11s/Msamples
        7680000   -101107.1220      1111.8      -101010.0325       -97.0894 19m11s/Msamples
        7681000   -101120.2442      1113.0      -101012.3621      -107.8820 19m11s/Msamples
        7682000   -101094.7869      1113.3      -100994.4087      -100.3782 19m11s/Msamples
        7683000   -101096.7080      1113.5      -100996.1035      -100.6045 19m11s/Msamples
        7684000   -101094.4971      1113.8      -100986.8954      -107.6017 19m11s/Msamples
        7685000   -101103.3166      1114.0      -100994.2436      -109.0730 19m11s/Msamples
        7686000   -101094.0094      1114.3      -100990.1561      -103.8532 19m11s/Msamples
        7687000   -101101.9812      1114.4      -100996.8060      -105.1751 19m11s/Msamples
        7688000   -101114.5061      1115.0      -101010.9703      -103.5358 19m11s/Msamples
        7689000   -101092.5196      1114.6      -100992.4488      -100.0707 19m11s/Msamples
        7690000   -101097.2423      1114.9      -100995.2614      -101.9809 19m11s/Msamples
        7691000   -101106.3270      1115.1      -100999.8731      -106.4539 19m11s/Msamples
        7692000   -101096.9916      1115.3      -100992.3849      -104.6067 19m11s/Msamples
        7693000   -101101.7632      1115.4      -101000.5354      -101.2277 19m11s/Msamples
        7694000   -101097.8526      1115.6      -100991.4958      -106.3567 19m11s/Msamples
        7695000   -101097.0006      1115.8      -100994.6573      -102.3432 19m11s/Msamples
        7696000   -101097.6330      1115.9      -100994.1989      -103.4340 19m11s/Msamples
        7697000   -101099.9086      1116.1      -100997.8958      -102.0128 19m11s/Msamples
        7698000   -101093.9644      1116.2      -100994.0531       -99.9113 19m11s/Msamples
        7699000   -101102.6380      1115.3      -101003.2390       -99.3989 19m11s/Msamples
        7700000   -101094.4052      1115.5      -100989.1114      -105.2937 19m11s/Msamples
        7701000   -101097.4076      1115.6      -100994.7003      -102.7072 19m11s/Msamples
        7702000   -101104.5573      1115.9      -100998.1337      -106.4236 19m11s/Msamples
        7703000   -101104.6903      1116.1      -100996.1759      -108.5143 19m11s/Msamples
        7704000   -101099.6996      1116.2      -100996.0468      -103.6528 19m11s/Msamples
        7705000   -101099.2433      1116.3      -100994.6615      -104.5817 19m11s/Msamples
        7706000   -101097.3613      1116.4      -100994.8683      -102.4929 19m11s/Msamples
        7707000   -101100.8647      1116.6      -100998.6130      -102.2516 19m11s/Msamples
        7708000   -101105.3754      1116.9      -100999.6648      -105.7106 19m11s/Msamples
        7709000   -101111.5644      1116.2      -101007.2986      -104.2657 19m11s/Msamples
        7710000   -101091.6669      1116.4      -100986.6900      -104.9768 19m11s/Msamples
        7711000   -101100.8029      1116.6      -100994.9816      -105.8212 19m11s/Msamples
        7712000   -101103.8041      1116.8      -100999.5177      -104.2863 19m11s/Msamples
        7713000   -101092.8026      1116.9      -100987.5618      -105.2408 19m11s/Msamples
        7714000   -101101.2830      1117.1      -100999.4047      -101.8783 19m11s/Msamples
        7715000   -101097.8494      1117.2      -100993.5962      -104.2531 19m11s/Msamples
        7716000   -101091.3938      1117.3      -100989.5641      -101.8296 19m11s/Msamples
        7717000   -101103.2074      1117.5      -100996.0825      -107.1249 19m11s/Msamples
        7718000   -101102.0701      1117.7      -100994.3110      -107.7590 19m11s/Msamples
        7719000   -101099.9341      1117.5      -100992.4400      -107.4940 19m11s/Msamples
        7720000   -101106.4278      1117.8      -101000.4213      -106.0064 19m11s/Msamples
        7721000   -101098.5927      1118.0      -100993.1477      -105.4450 19m11s/Msamples
        7722000   -101108.5957      1118.4      -101002.7540      -105.8416 19m11s/Msamples
        7723000   -101098.3525      1118.5      -100995.2065      -103.1459 19m11s/Msamples
        7724000   -101102.4276      1118.7      -101000.5321      -101.8954 19m11s/Msamples
        7725000   -101099.5092      1118.9      -101000.1737       -99.3355 19m11s/Msamples
        7726000   -101099.7611      1119.0      -100997.2846      -102.4765 19m11s/Msamples
        7727000   -101108.3268      1119.4      -101002.9396      -105.3871 19m11s/Msamples
        7728000   -101112.9294      1119.9      -101008.9572      -103.9721 19m11s/Msamples
        7729000   -101104.0729      1120.1      -100996.4263      -107.6466 19m11s/Msamples
        7730000   -101108.5938      1120.3      -100997.5747      -111.0190 19m11s/Msamples
        7731000   -101100.2775      1120.5      -100996.7078      -103.5696 19m11s/Msamples
        7732000   -101093.1930      1120.8      -100988.9559      -104.2371 19m11s/Msamples
        7733000   -101094.6664      1121.1      -100990.3968      -104.2696 19m11s/Msamples
        7734000   -101093.7987      1121.4      -100988.1929      -105.6057 19m11s/Msamples
        7735000   -101098.3891      1121.5      -100991.4778      -106.9113 19m11s/Msamples
        7736000   -101099.2894      1121.7      -100990.1676      -109.1218 19m11s/Msamples
        7737000   -101098.7666      1121.8      -100993.5687      -105.1978 19m11s/Msamples
        7738000   -101105.6980      1122.1      -100996.1394      -109.5586 19m11s/Msamples
        7739000   -101096.4325      1122.4      -100992.2742      -104.1583 19m11s/Msamples
        7740000   -101107.2293      1122.6      -101001.7527      -105.4765 19m11s/Msamples
        7741000   -101110.9447      1122.9      -101003.9589      -106.9857 19m11s/Msamples
        7742000   -101104.7967      1123.0      -100997.3569      -107.4398 19m11s/Msamples
        7743000   -101103.3030      1123.2      -100994.5083      -108.7947 19m11s/Msamples
        7744000   -101107.0874      1123.3      -101001.1714      -105.9160 19m11s/Msamples
        7745000   -101106.8573      1123.5      -100997.1227      -109.7346 19m11s/Msamples
        7746000   -101101.8200      1123.6      -100992.9639      -108.8560 19m11s/Msamples
        7747000   -101109.7399      1123.7      -100997.5468      -112.1931 19m11s/Msamples
        7748000   -101107.0753      1123.8      -100995.3551      -111.7201 19m11s/Msamples
        7749000   -101111.9088      1123.7      -101001.5029      -110.4058 19m11s/Msamples
        7750000   -101104.2731      1123.8      -100991.1647      -113.1083 19m11s/Msamples
        7751000   -101116.9612      1124.0      -101003.1100      -113.8511 19m11s/Msamples
        7752000   -101102.2737      1124.1      -100993.6626      -108.6110 19m11s/Msamples
        7753000   -101107.1493      1124.1      -100999.0081      -108.1412 19m11s/Msamples
        7754000   -101109.7221      1124.1      -101002.6418      -107.0803 19m11s/Msamples
        7755000   -101109.2056      1123.9      -100999.4201      -109.7854 19m11s/Msamples
        7756000   -101109.6385      1123.6      -101005.5103      -104.1281 19m11s/Msamples
        7757000   -101100.0611      1123.9      -100995.1348      -104.9262 19m11s/Msamples
        7758000   -101105.4454      1123.7      -101000.9807      -104.4646 19m11s/Msamples
        7759000   -101114.7631      1122.8      -101009.5607      -105.2023 19m11s/Msamples
        7760000   -101118.5548      1121.9      -101008.0291      -110.5256 19m11s/Msamples
        7761000   -101119.3330      1120.6      -101007.1035      -112.2295 19m11s/Msamples
        7762000   -101112.2725      1119.6      -101007.5775      -104.6950 19m11s/Msamples
        7763000   -101118.0997      1118.0      -101010.4874      -107.6122 19m11s/Msamples
        7764000   -101107.1336      1117.4      -101001.9512      -105.1823 19m11s/Msamples
        7765000   -101109.7319      1116.5      -101002.7714      -106.9605 19m11s/Msamples
        7766000   -101105.9928      1116.0      -100997.4145      -108.5782 19m11s/Msamples
        7767000   -101106.9431      1115.4      -101000.8760      -106.0670 19m11s/Msamples
        7768000   -101111.4631      1114.3      -101003.3818      -108.0812 19m11s/Msamples
        7769000   -101112.7899      1112.9      -101007.1763      -105.6136 19m11s/Msamples
        7770000   -101108.1592      1112.1      -101003.3485      -104.8107 19m11s/Msamples
        7771000   -101099.1635      1112.6      -100999.3753       -99.7882 19m11s/Msamples
        7772000   -101119.0153      1110.8      -101012.0980      -106.9173 19m11s/Msamples
        7773000   -101104.9746      1110.4      -100998.8682      -106.1064 19m11s/Msamples
        7774000   -101100.0280      1110.8      -100998.0196      -102.0084 19m11s/Msamples
        7775000   -101092.4721      1112.4      -100994.9165       -97.5555 19m11s/Msamples
        7776000   -101098.6439      1113.0      -100998.8485       -99.7954 19m11s/Msamples
        7777000   -101110.0892      1112.2      -101007.5996      -102.4895 19m11s/Msamples
        7778000   -101111.1588      1111.3      -101007.4206      -103.7381 19m11s/Msamples
        7779000   -101108.6296      1110.6      -101009.0803       -99.5492 19m11s/Msamples
        7780000   -101109.9392      1109.7      -101008.1767      -101.7625 19m11s/Msamples
        7781000   -101112.7109      1108.6      -101007.6702      -105.0407 19m11s/Msamples
        7782000   -101111.0512      1107.6      -101007.8628      -103.1884 19m11s/Msamples
        7783000   -101103.9787      1107.4      -100998.8251      -105.1535 19m11s/Msamples
        7784000   -101108.5279       984.7      -101004.1235      -104.4043 19m11s/Msamples
        7785000   -101107.1080       983.7      -101002.5124      -104.5955 19m11s/Msamples
        7786000   -101108.0653       982.6      -101004.9825      -103.0828 19m11s/Msamples
        7787000   -101102.7386       982.4      -100999.3743      -103.3643 19m11s/Msamples
        7788000   -101095.4294       983.9      -100997.6025       -97.8269 19m11s/Msamples
        7789000   -101102.8213       983.7      -101004.6169       -98.2044 19m11s/Msamples
        7790000   -101103.0949       983.5      -101003.1912       -99.9036 19m11s/Msamples
        7791000   -101105.0245       982.9      -101004.8107      -100.2138 19m11s/Msamples
        7792000   -101102.9478       982.7      -101002.9184      -100.0293 19m11s/Msamples
        7793000   -101099.0489       983.4      -100998.0558      -100.9931 19m11s/Msamples
        7794000   -101104.5330       982.9      -101005.4266       -99.1064 19m11s/Msamples
        7795000   -101114.0738       980.9      -101011.6591      -102.4146 19m11s/Msamples
        7796000   -101105.9846       980.2      -101006.7034       -99.2811 19m11s/Msamples
        7797000   -101093.5138       982.0      -100993.3935      -100.1203 19m11s/Msamples
        7798000   -101093.2422       983.8      -100995.4896       -97.7526 19m11s/Msamples
        7799000   -101097.2988       984.4      -100998.6296       -98.6691 19m11s/Msamples
        7800000   -101093.9977       985.8      -100997.6307       -96.3670 19m11s/Msamples
        7801000   -101106.9170       985.1      -101006.0212      -100.8958 19m11s/Msamples
        7802000   -101098.8829       985.7      -100998.2273      -100.6556 19m11s/Msamples
        7803000   -101103.1097       985.6      -101000.4220      -102.6877 19m11s/Msamples
        7804000   -101103.2273       985.5      -100999.9571      -103.2701 19m11s/Msamples
        7805000   -101104.9291       985.1      -101003.4019      -101.5271 19m11s/Msamples
        7806000   -101112.0402       983.9      -101011.2411      -100.7990 19m11s/Msamples
        7807000   -101098.0507       984.6      -100996.2695      -101.7812 19m11s/Msamples
        7808000   -101100.5456       984.9      -100997.4993      -103.0463 19m11s/Msamples
        7809000   -101100.1767       985.0      -100996.5629      -103.6138 19m11s/Msamples
        7810000   -101097.8837       985.6      -100997.9134       -99.9703 19m11s/Msamples
        7811000   -101105.6132       985.3      -101003.3304      -102.2828 19m11s/Msamples
        7812000   -101107.6565       984.9      -101002.6787      -104.9777 19m11s/Msamples
        7813000   -101100.3219       985.2      -100995.6917      -104.6302 19m11s/Msamples
        7814000   -101104.3728       985.1      -100996.0684      -108.3044 19m11s/Msamples
        7815000   -101103.7069       985.0      -100998.0660      -105.6408 19m11s/Msamples
        7816000   -101092.3266       986.1      -100989.8513      -102.4753 19m11s/Msamples
        7817000   -101104.5825       986.0      -101002.3731      -102.2094 19m11s/Msamples
        7818000   -101098.7802       986.4      -100996.2628      -102.5173 19m11s/Msamples
        7819000   -101091.4577       987.2      -100991.1003      -100.3573 19m11s/Msamples
        7820000   -101097.3242       987.6      -100997.2648      -100.0593 19m11s/Msamples
        7821000   -101096.1288       988.0      -100998.6197       -97.5091 19m11s/Msamples
        7822000   -101090.1750       988.9      -100989.0813      -101.0937 19m11s/Msamples
        7823000   -101093.3661       989.4      -100995.7931       -97.5730 19m11s/Msamples
        7824000   -101096.9111       989.7      -100992.9317      -103.9793 19m11s/Msamples
        7825000   -101107.2520       989.7      -101002.2707      -104.9812 19m11s/Msamples
        7826000   -101098.4948       990.0      -100999.8418       -98.6529 19m11s/Msamples
        7827000   -101094.4965       990.4      -100995.1326       -99.3638 19m11s/Msamples
        7828000   -101097.3310       990.6      -100999.6564       -97.6746 19m11s/Msamples
        7829000   -101102.3995       990.6      -101004.0392       -98.3602 19m11s/Msamples
        7830000   -101109.7484       990.9      -101010.5582       -99.1902 19m11s/Msamples
        7831000   -101108.4188       991.2      -101005.7301      -102.6886 19m11s/Msamples
        7832000   -101094.1008       991.4      -100992.4524      -101.6483 19m11s/Msamples
        7833000   -101098.3879       991.5      -100998.2966      -100.0913 19m11s/Msamples
        7834000   -101087.5371       991.8      -100989.4895       -98.0476 19m11s/Msamples
        7835000   -101095.7067       991.9      -100995.4202      -100.2865 19m11s/Msamples
        7836000   -101096.1552       991.9      -100994.2256      -101.9295 19m11s/Msamples
        7837000   -101097.7703       991.9      -100991.6189      -106.1513 19m11s/Msamples
        7838000   -101102.0720       992.1      -100990.9661      -111.1059 19m11s/Msamples
        7839000   -101106.9984       992.4      -100997.7286      -109.2698 19m11s/Msamples
        7840000   -101096.3189       992.4      -100989.6373      -106.6815 19m11s/Msamples
        7841000   -101105.1872       992.7      -100997.8617      -107.3254 19m11s/Msamples
        7842000   -101109.7006       993.3      -100998.2861      -111.4145 19m11s/Msamples
        7843000   -101112.3992       994.0      -101006.9379      -105.4612 19m11s/Msamples
        7844000   -101115.1791       995.1      -101009.8175      -105.3616 19m11s/Msamples
        7845000   -101101.8547       995.2      -101001.3546      -100.5001 19m11s/Msamples
        7846000   -101101.5811       995.4      -100996.5823      -104.9988 19m11s/Msamples
        7847000   -101095.3665       995.5      -100991.0535      -104.3129 19m11s/Msamples
        7848000   -101100.1935       995.6      -100998.1383      -102.0552 19m11s/Msamples
        7849000   -101104.0638       995.5      -101002.2783      -101.7855 19m11s/Msamples
        7850000   -101094.3215       995.6      -100994.2738      -100.0477 19m11s/Msamples
        7851000   -101103.8800       995.8      -101005.2496       -98.6304 19m11s/Msamples
        7852000   -101097.1601       995.9      -100995.9889      -101.1712 19m11s/Msamples
        7853000   -101108.9949       996.3      -101001.9219      -107.0729 19m11s/Msamples
        7854000   -101121.5220       997.7      -101011.8154      -109.7065 19m11s/Msamples
        7855000   -101102.7568       997.9      -100996.8672      -105.8896 19m11s/Msamples
        7856000   -101106.7428       998.1      -101000.8892      -105.8535 19m11s/Msamples
        7857000   -101099.0329       998.3      -100994.8662      -104.1667 19m11s/Msamples
        7858000   -101103.3825       998.4      -100999.7193      -103.6631 19m11s/Msamples
        7859000   -101094.7748       998.5      -100992.6687      -102.1060 19m11s/Msamples
        7860000   -101104.1996       998.7      -101001.4960      -102.7035 19m11s/Msamples
        7861000   -101106.4142       998.9      -101004.5775      -101.8366 19m11s/Msamples
        7862000   -101106.7664       999.2      -101004.0962      -102.6702 19m11s/Msamples
        7863000   -101104.8580       999.4      -101001.9008      -102.9572 19m11s/Msamples
        7864000   -101102.0589       999.5      -100998.2593      -103.7995 19m11s/Msamples
        7865000   -101104.7276       999.7      -101000.3917      -104.3358 19m11s/Msamples
        7866000   -101103.4118       999.8      -100995.1160      -108.2957 19m11s/Msamples
        7867000   -101101.3823      1000.0      -100991.8972      -109.4851 19m11s/Msamples
        7868000   -101122.3458      1000.8      -101010.4740      -111.8717 19m11s/Msamples
        7869000   -101115.5439      1000.8      -101005.7338      -109.8101 19m11s/Msamples
        7870000   -101109.4649      1000.8      -101000.9541      -108.5107 19m11s/Msamples
        7871000   -101107.8013      1000.7      -101001.4423      -106.3589 19m11s/Msamples
        7872000   -101100.4539      1000.9      -100995.1086      -105.3453 19m11s/Msamples
        7873000   -101098.7236      1001.2      -100994.4883      -104.2353 19m11s/Msamples
        7874000   -101098.5242      1001.5      -100993.5255      -104.9986 19m11s/Msamples
        7875000   -101095.4384      1002.1      -100991.7725      -103.6659 19m11s/Msamples
        7876000   -101100.8687      1002.2      -100997.9834      -102.8852 19m11s/Msamples
        7877000   -101111.0877      1002.0      -101004.9881      -106.0996 19m11s/Msamples
        7878000   -101103.1625      1002.0      -100998.0252      -105.1373 19m11s/Msamples
        7879000   -101106.6380      1001.8      -101004.2627      -102.3752 19m11s/Msamples
        7880000   -101102.1237      1001.9      -101000.4168      -101.7068 19m11s/Msamples
        7881000   -101106.5035      1001.7      -101000.0886      -106.4149 19m11s/Msamples
        7882000   -101095.4074      1002.4      -100995.1737      -100.2336 19m11s/Msamples
        7883000   -101097.0005      1002.9      -100996.4712      -100.5292 19m11s/Msamples
        7884000   -101097.9738      1003.3      -100998.1521       -99.8216 19m11s/Msamples
        7885000   -101088.4285      1004.8      -100988.4555       -99.9729 19m11s/Msamples
        7886000   -101091.2403      1005.9      -100990.6102      -100.6301 19m11s/Msamples
        7887000   -101092.0328      1006.8      -100992.9455       -99.0872 19m11s/Msamples
        7888000   -101105.2876      1006.8      -101004.9981      -100.2894 19m11s/Msamples
        7889000   -101097.0684      1007.1      -100998.6461       -98.4222 19m11s/Msamples
        7890000   -101104.3942      1007.1      -101003.7601      -100.6340 19m11s/Msamples
        7891000   -101097.9422      1007.4      -100999.8521       -98.0901 19m11s/Msamples
        7892000   -101110.7750      1007.4      -101011.6277       -99.1473 19m11s/Msamples
        7893000   -101098.0808      1007.6      -101001.2459       -96.8348 19m11s/Msamples
        7894000   -101094.1800      1008.2      -100997.5726       -96.6074 19m11s/Msamples
        7895000   -101083.6430      1009.5      -100988.4189       -95.2241 19m11s/Msamples
        7896000   -101089.5342      1010.2      -100995.0963       -94.4379 19m11s/Msamples
        7897000   -101085.5705      1011.2      -100990.9008       -94.6696 19m11s/Msamples
        7898000   -101084.9807      1011.9      -100994.2735       -90.7072 19m11s/Msamples
        7899000   -101082.8915      1012.6      -100994.1675       -88.7239 19m11s/Msamples
        7900000   -101097.0835      1012.7      -101002.6493       -94.4342 19m11s/Msamples
        7901000   -101089.2911      1013.0      -100994.4280       -94.8630 19m11s/Msamples
        7902000   -101096.3979      1013.0      -101002.0428       -94.3551 19m11s/Msamples
        7903000   -101099.6629      1013.1      -101008.1983       -91.4645 19m11s/Msamples
        7904000   -101100.8663      1013.2      -101009.1089       -91.7573 19m11s/Msamples
        7905000   -101091.5493      1013.1      -100999.6907       -91.8585 19m11s/Msamples
        7906000   -101095.6530      1012.9      -101004.0119       -91.6411 19m11s/Msamples
        7907000   -101078.2913      1012.7      -100989.5646       -88.7267 19m11s/Msamples
        7908000   -101090.3283      1012.3      -101001.1050       -89.2233 19m11s/Msamples
        7909000   -101089.0449      1011.7      -100998.5786       -90.4663 19m11s/Msamples
        7910000   -101074.5354      1010.8      -100987.9290       -86.6064 19m11s/Msamples
        7911000   -101087.2014      1009.7      -100995.8463       -91.3551 19m11s/Msamples
        7912000   -101078.0934      1008.0      -100988.1405       -89.9528 19m11s/Msamples
        7913000   -101099.0706      1007.9      -101000.2836       -98.7870 19m11s/Msamples
        7914000   -101091.7190      1006.8      -101001.0283       -90.6907 19m11s/Msamples
        7915000   -101086.1141      1005.1      -100996.1085       -90.0055 19m11s/Msamples
        7916000   -101093.7187      1004.1      -100998.5929       -95.1258 19m11s/Msamples
        7917000   -101095.1059      1003.2      -101002.6621       -92.4438 19m11s/Msamples
        7918000   -101083.4257      1000.5      -100992.9867       -90.4389 19m11s/Msamples
        7919000   -101082.9185       997.3      -100989.5795       -93.3389 19m11s/Msamples
        7920000   -101092.0261       995.6      -100997.1829       -94.8431 19m11s/Msamples
        7921000   -101086.3793       992.8      -100991.4472       -94.9321 19m11s/Msamples
        7922000   -101085.7614       989.7      -100989.9771       -95.7842 19m11s/Msamples
        7923000   -101100.4863       989.7      -101004.7814       -95.7048 19m11s/Msamples
        7924000   -101089.8086       987.3      -100993.7948       -96.0138 19m11s/Msamples
        7925000   -101085.2087       984.1      -100990.7289       -94.4797 19m11s/Msamples
        7926000   -101086.9172       980.9      -100992.1161       -94.8010 19m11s/Msamples
        7927000   -101103.7285       981.7      -101005.4163       -98.3122 19m11s/Msamples
        7928000   -101102.2608       982.1      -101003.8744       -98.3864 19m11s/Msamples
        7929000   -101106.5937       983.6      -101007.6217       -98.9719 19m11s/Msamples
        7930000   -101106.5706       985.2      -101008.5020       -98.0686 19m11s/Msamples
        7931000   -101104.5820       986.2      -101002.9975      -101.5845 19m11s/Msamples
        7932000   -101103.0623       986.8      -100999.5915      -103.4708 19m11s/Msamples
        7933000   -101093.0759       984.9      -100991.9603      -101.1156 19m11s/Msamples
        7934000   -101098.2924       984.3      -100998.1704      -100.1220 19m11s/Msamples
        7935000   -101101.1036       984.4      -101000.2233      -100.8803 19m11s/Msamples
        7936000   -101090.8038       982.2      -100991.0337       -99.7701 19m11s/Msamples
        7937000   -101090.7974       980.0      -100993.0965       -97.7008 19m11s/Msamples
        7938000   -101103.9655       980.8      -101005.1271       -98.8384 19m11s/Msamples
        7939000   -101096.8112       979.7      -100995.0828      -101.7284 19m11s/Msamples
        7940000   -101096.8350       978.8      -100990.9745      -105.8605 19m11s/Msamples
        7941000   -101092.5989       976.8      -100987.6516      -104.9472 19m11s/Msamples
        7942000   -101099.9366       976.5      -100994.9258      -105.0107 19m11s/Msamples
        7943000   -101108.1501       978.5      -101002.6294      -105.5207 19m11s/Msamples
        7944000   -101101.5957       978.7      -101000.3924      -101.2032 19m11s/Msamples
        7945000   -101108.2419       980.6      -101008.9750       -99.2669 19m11s/Msamples
        7946000   -101102.0643       980.9      -101002.4700       -99.5942 19m11s/Msamples
        7947000   -101103.7835       981.6      -100998.3505      -105.4329 19m11s/Msamples
        7948000   -101100.3481       981.5      -100999.1490      -101.1990 19m11s/Msamples
        7949000   -101108.1317       983.0      -101006.6949      -101.4367 19m11s/Msamples
        7950000   -101112.7161       985.6      -101012.7222       -99.9939 19m11s/Msamples
        7951000   -101112.2958       987.9      -101005.4761      -106.8197 19m11s/Msamples
        7952000   -101113.1465       990.4      -101006.8512      -106.2952 19m11s/Msamples
        7953000   -101101.8011       990.6      -100999.1495      -102.6515 19m11s/Msamples
        7954000   -101107.7435       991.8      -101002.2057      -105.5377 19m11s/Msamples
        7955000   -101106.0872       992.7      -100999.3177      -106.7694 19m11s/Msamples
        7956000   -101111.4200       994.4      -101002.9984      -108.4215 19m11s/Msamples
        7957000   -101105.4189       995.1      -101000.8826      -104.5362 19m11s/Msamples
        7958000   -101094.1777       994.5      -100990.0681      -104.1095 19m11s/Msamples
        7959000   -101096.4581       994.1      -100993.3813      -103.0768 19m11s/Msamples
        7960000   -101101.7969       994.3      -100998.5853      -103.2115 19m11s/Msamples
        7961000   -101110.1599       995.3      -101004.4959      -105.6640 19m11s/Msamples
        7962000   -101114.9000       996.7      -101006.3280      -108.5719 19m11s/Msamples
        7963000   -101108.7216       997.4      -101002.5970      -106.1245 19m11s/Msamples
        7964000   -101116.7164       998.6      -101014.4143      -102.3021 19m11s/Msamples
        7965000   -101104.0795       998.8      -100996.9871      -107.0923 19m11s/Msamples
        7966000   -101097.4185       998.9      -100990.2685      -107.1499 19m11s/Msamples
        7967000   -101102.7026       999.1      -100996.7627      -105.9399 19m11s/Msamples
        7968000   -101086.3187       999.7      -100985.4629      -100.8558 19m11s/Msamples
        7969000   -101096.0933       999.8      -100989.3453      -106.7480 19m11s/Msamples
        7970000   -101104.4538       999.9      -100995.5578      -108.8960 19m11s/Msamples
        7971000   -101107.5096      1000.0      -101001.6202      -105.8894 19m11s/Msamples
        7972000   -101100.5771      1000.2      -100994.6690      -105.9081 19m11s/Msamples
        7973000   -101101.1147      1000.3      -100996.3414      -104.7733 19m11s/Msamples
        7974000   -101105.4906      1000.3      -100997.6573      -107.8332 19m11s/Msamples
        7975000   -101105.9355      1000.3      -101002.2615      -103.6739 19m11s/Msamples
        7976000   -101107.3538      1000.2      -101000.5700      -106.7837 19m11s/Msamples
        7977000   -101096.5669      1000.6      -100992.5747      -103.9921 19m11s/Msamples
        7978000   -101098.0511      1001.0      -100991.5773      -106.4737 19m11s/Msamples
        7979000   -101106.5818      1000.7      -101001.3475      -105.2342 19m11s/Msamples
        7980000   -101102.6364      1000.8      -100995.6622      -106.9741 19m11s/Msamples
        7981000   -101108.2210      1000.7      -100998.3994      -109.8215 19m11s/Msamples
        7982000   -101096.2385      1001.2      -100991.0783      -105.1601 19m11s/Msamples
        7983000   -101097.9899      1001.5      -100994.9318      -103.0581 19m11s/Msamples
        7984000   -101097.5762      1001.9      -100996.1391      -101.4370 19m11s/Msamples
        7985000   -101101.2668      1002.0      -101002.5319       -98.7349 19m11s/Msamples
        7986000   -101093.9953      1002.7      -100998.7212       -95.2740 19m11s/Msamples
        7987000   -101100.1394      1002.9      -101000.3592       -99.7802 19m11s/Msamples
        7988000   -101086.3703      1004.4      -100990.5926       -95.7776 19m11s/Msamples
        7989000   -101099.7682      1004.2      -101004.3904       -95.3777 19m11s/Msamples
        7990000   -101101.0364      1004.3      -101002.7220       -98.3144 19m11s/Msamples
        7991000   -101105.2228      1004.3      -101006.0300       -99.1927 19m11s/Msamples
        7992000   -101097.4501      1004.7      -100997.8922       -99.5578 19m11s/Msamples
        7993000   -101096.6510      1005.1      -100996.8728       -99.7782 19m11s/Msamples
        7994000   -101110.8090      1005.0      -101011.1077       -99.7013 19m11s/Msamples
        7995000   -101105.6872      1004.9      -101004.2419      -101.4453 19m11s/Msamples
        7996000   -101098.6052      1005.2      -100996.5087      -102.0964 19m11s/Msamples
        7997000   -101099.7008      1005.5      -101000.4515       -99.2493 19m11s/Msamples
        7998000   -101091.4005      1006.3      -100988.6974      -102.7031 19m11s/Msamples
        7999000   -101105.2089      1006.1      -101001.0671      -104.1417 19m11s/Msamples
        8000000   -101097.9678      1006.4      -100996.3454      -101.6224 19m11s/Msamples
        8001000   -101100.3868      1006.5      -100995.0811      -105.3056 19m11s/Msamples
        8002000   -101118.7533      1007.0      -101013.3399      -105.4134 19m11s/Msamples
        8003000   -101099.5003      1007.2      -100997.6977      -101.8026 19m11s/Msamples
        8004000   -101103.0487      1007.3      -101004.5928       -98.4559 19m11s/Msamples
        8005000   -101102.7771      1007.4      -101002.3319      -100.4451 19m11s/Msamples
        8006000   -101100.2586      1007.6      -101001.2016       -99.0570 19m11s/Msamples
        8007000   -101102.4033      1007.7      -100995.7893      -106.6140 19m11s/Msamples
        8008000   -101111.5723      1007.8      -101005.0399      -106.5324 19m11s/Msamples
        8009000   -101110.5953      1007.4      -101007.3850      -103.2103 19m11s/Msamples
        8010000   -101100.7039      1007.6      -101000.0408      -100.6630 19m11s/Msamples
        8011000   -101111.4120      1007.8      -101009.5267      -101.8852 19m11s/Msamples
        8012000   -101108.0339      1007.9      -101009.9849       -98.0490 19m11s/Msamples
        8013000   -101106.1526      1008.0      -101008.6709       -97.4817 19m11s/Msamples
        8014000   -101110.8887      1008.2      -101009.8199      -101.0688 19m11s/Msamples
        8015000   -101109.0848      1008.3      -101005.4502      -103.6346 19m11s/Msamples
        8016000   -101110.7666      1008.4      -101006.9578      -103.8088 19m11s/Msamples
        8017000   -101113.3598      1008.3      -101013.5054       -99.8544 19m11s/Msamples
        8018000   -101099.1862      1008.5      -100999.0223      -100.1638 19m11s/Msamples
        8019000   -101105.2250      1008.1      -101003.4619      -101.7630 19m11s/Msamples
        8020000   -101112.5913      1007.9      -101006.1073      -106.4839 19m11s/Msamples
        8021000   -101116.4830      1007.7      -101013.2222      -103.2608 19m11s/Msamples
        8022000   -101109.5541      1007.4      -101006.3181      -103.2360 19m11s/Msamples
        8023000   -101103.4500      1007.4      -100998.6727      -104.7773 19m11s/Msamples
        8024000   -101106.8440      1007.2      -101003.3882      -103.4558 19m11s/Msamples
        8025000   -101109.9185      1006.9      -101003.0477      -106.8707 19m11s/Msamples
        8026000   -101113.6735      1006.4      -101007.5517      -106.1217 19m11s/Msamples
        8027000   -101099.6893      1006.7      -101000.7856       -98.9036 19m11s/Msamples
        8028000   -101102.2649      1006.8      -101004.9081       -97.3568 19m11s/Msamples
        8029000   -101099.3287      1005.8      -100997.9545      -101.3741 19m11s/Msamples
        8030000   -101092.3882      1006.7      -100993.7837       -98.6044 19m11s/Msamples
        8031000   -101092.7601      1007.7      -100997.4228       -95.3372 19m11s/Msamples
        8032000   -101089.2675      1008.9      -100986.8959      -102.3716 19m11s/Msamples
        8033000   -101099.0775      1009.2      -101000.0043       -99.0732 19m11s/Msamples
        8034000   -101108.1871      1009.0      -101001.8461      -106.3409 19m11s/Msamples
        8035000   -101104.2015      1009.0      -101000.9340      -103.2675 19m11s/Msamples
        8036000   -101099.7956      1009.2      -100994.8418      -104.9538 19m11s/Msamples
        8037000   -101113.4428      1008.7      -101008.3333      -105.1095 19m11s/Msamples
        8038000   -101109.3992      1008.2      -101005.6126      -103.7866 19m11s/Msamples
        8039000   -101108.0652      1005.9      -101003.8177      -104.2475 19m11s/Msamples
        8040000   -101113.6574      1005.2      -101011.8714      -101.7860 19m11s/Msamples
        8041000   -101104.3685      1005.0      -100999.8291      -104.5394 19m11s/Msamples
        8042000   -101100.9382      1005.2      -100997.6905      -103.2476 19m11s/Msamples
        8043000   -101098.9858      1005.6      -101000.8825       -98.1033 19m11s/Msamples
        8044000   -101100.2213      1005.8      -100998.8049      -101.4163 19m11s/Msamples
        8045000   -101096.8126      1006.5      -100997.3387       -99.4739 19m11s/Msamples
        8046000   -101098.4549      1006.9      -100996.0690      -102.3859 19m11s/Msamples
        8047000   -101105.5971      1006.7      -101003.1626      -102.4344 19m11s/Msamples
        8048000   -101106.0366      1006.3      -101006.4558       -99.5807 19m11s/Msamples
        8049000   -101097.5400      1006.4      -101000.4880       -97.0520 19m11s/Msamples
        8050000   -101104.6421      1006.2      -101001.3818      -103.2602 19m11s/Msamples
        8051000   -101099.4894      1006.5      -100997.1052      -102.3841 19m11s/Msamples
        8052000   -101094.7954      1007.4      -100991.1214      -103.6739 19m11s/Msamples
        8053000   -101100.2325      1007.7      -100999.5713      -100.6611 19m11s/Msamples
        8054000   -101083.2627      1010.2      -100982.0637      -101.1990 19m11s/Msamples
        8055000   -101084.3912      1012.3      -100985.0312       -99.3600 19m11s/Msamples
        8056000   -101094.0877      1013.1      -100996.8009       -97.2867 19m11s/Msamples
        8057000   -101098.5420      1013.4      -101000.1144       -98.4275 19m11s/Msamples
        8058000   -101090.1333      1014.4      -100988.6491      -101.4842 19m11s/Msamples
        8059000   -101084.8266      1013.9      -100984.6634      -100.1632 19m11s/Msamples
        8060000   -101099.8031      1014.1      -101000.1843       -99.6188 19m11s/Msamples
        8061000   -101101.1832      1014.2      -100995.8560      -105.3272 19m11s/Msamples
        8062000   -101085.7266      1015.2      -100986.8790       -98.8476 19m11s/Msamples
        8063000   -101093.3365      1015.5      -100992.9369      -100.3996 19m11s/Msamples
        8064000   -101103.0927      1015.6      -100997.9930      -105.0996 19m11s/Msamples
        8065000   -101090.2594      1015.9      -100989.6512      -100.6081 19m11s/Msamples
        8066000   -101091.8006      1016.0      -100989.9123      -101.8882 19m11s/Msamples
        8067000   -101091.2468      1016.0      -100986.9653      -104.2814 19m11s/Msamples
        8068000   -101093.4732      1016.0      -100991.9632      -101.5100 19m11s/Msamples
        8069000   -101105.3165      1015.5      -101002.4881      -102.8283 19m11s/Msamples
        8070000   -101099.8827      1015.5      -100998.2793      -101.6034 19m11s/Msamples
        8071000   -101095.5853      1015.3      -100994.5256      -101.0596 19m11s/Msamples
        8072000   -101095.8618      1015.2      -100995.7671      -100.0946 19m11s/Msamples
        8073000   -101088.3570      1014.6      -100984.0216      -104.3354 19m11s/Msamples
        8074000   -101099.0107      1014.6      -100994.4350      -104.5757 19m11s/Msamples
        8075000   -101104.7745      1015.1      -101000.4742      -104.3002 19m11s/Msamples
        8076000   -101102.6801      1015.4      -101000.0700      -102.6101 19m11s/Msamples
        8077000   -101108.1265      1016.2      -101003.3223      -104.8041 19m11s/Msamples
        8078000   -101107.6763      1017.0      -101004.5272      -103.1490 19m11s/Msamples
        8079000   -101097.3519      1016.7      -100994.0562      -103.2956 19m11s/Msamples
        8080000   -101109.5524      1017.7      -101004.4611      -105.0912 19m11s/Msamples
        8081000   -101097.9483      1017.6      -100992.8890      -105.0592 19m11s/Msamples
        8082000   -101103.2259      1017.9      -100999.7529      -103.4729 19m11s/Msamples
        8083000   -101101.5127      1018.0      -100999.9768      -101.5358 19m11s/Msamples
        8084000   -101093.9899      1017.7      -100991.0285      -102.9614 19m11s/Msamples
        8085000   -101098.1508      1017.7      -100997.2729      -100.8778 19m11s/Msamples
        8086000   -101111.2083      1018.8      -101008.2362      -102.9720 19m11s/Msamples
        8087000   -101098.2765      1018.7      -100994.9380      -103.3384 19m11s/Msamples
        8088000   -101100.1695      1018.8      -100997.1450      -103.0245 19m11s/Msamples
        8089000   -101105.3448      1019.1      -100998.7874      -106.5574 19m11s/Msamples
        8090000   -101100.1710      1019.2      -100996.1256      -104.0454 19m11s/Msamples
        8091000   -101087.1074      1018.3      -100985.6821      -101.4253 19m11s/Msamples
        8092000   -101090.0374      1017.5      -100990.8151       -99.2222 19m11s/Msamples
        8093000   -101086.2964      1016.4      -100983.6743      -102.6221 19m11s/Msamples
        8094000   -101086.5184      1015.2      -100986.3720      -100.1464 19m11s/Msamples
        8095000   -101086.5354      1013.9      -100985.0888      -101.4465 19m11s/Msamples
        8096000   -101093.4894      1013.0      -100989.4971      -103.9922 19m11s/Msamples
        8097000   -101109.5791      1014.5      -101004.2601      -105.3190 19m11s/Msamples
        8098000   -101101.0400      1014.6      -100997.8413      -103.1987 19m11s/Msamples
        8099000   -101095.1411      1013.4      -100994.0326      -101.1084 19m11s/Msamples
        8100000   -101095.5396      1012.8      -100992.7623      -102.7773 19m11s/Msamples
        8101000   -101103.5754      1013.3      -100999.7532      -103.8221 19m11s/Msamples
        8102000   -101114.7982      1015.7      -101010.9354      -103.8628 19m11s/Msamples
        8103000   -101091.2331      1014.8      -100988.1194      -103.1136 19m11s/Msamples
        8104000   -101090.6420      1013.9      -100984.8814      -105.7606 19m11s/Msamples
        8105000   -101089.0142      1012.9      -100983.2263      -105.7879 19m11s/Msamples
        8106000   -101104.5066      1013.4      -100994.4358      -110.0707 19m11s/Msamples
        8107000   -101107.7104      1014.4      -100998.7559      -108.9545 19m11s/Msamples
        8108000   -101102.0882      1014.6      -100995.4358      -106.6523 19m11s/Msamples
        8109000   -101103.0694      1014.5      -100995.0541      -108.0153 19m11s/Msamples
        8110000   -101104.6496      1015.0      -100998.0492      -106.6003 19m11s/Msamples
        8111000   -101098.4561      1014.9      -100993.7152      -104.7408 19m11s/Msamples
        8112000   -101107.3018      1015.6      -100998.2587      -109.0430 19m11s/Msamples
        8113000   -101104.6883      1016.0      -100995.4445      -109.2437 19m11s/Msamples
        8114000   -101112.4153      1017.2      -101002.2238      -110.1914 19m11s/Msamples
        8115000   -101111.7802      1018.2      -101004.0275      -107.7527 19m11s/Msamples
        8116000   -101111.2548      1018.9      -100999.8671      -111.3877 19m11s/Msamples
        8117000   -101111.5105      1019.6      -101001.3430      -110.1675 19m11s/Msamples
        8118000   -101114.1582      1020.5      -101005.1408      -109.0174 19m11s/Msamples
        8119000   -101113.5782      1020.7      -101007.0962      -106.4820 19m11s/Msamples
        8120000   -101119.6816      1021.6      -101014.9517      -104.7299 19m11s/Msamples
        8121000   -101114.9837      1022.0      -101008.0952      -106.8885 19m11s/Msamples
        8122000   -101098.3844      1022.3      -100992.1423      -106.2420 19m11s/Msamples
        8123000   -101104.5923      1022.3      -101000.1753      -104.4170 19m11s/Msamples
        8124000   -101101.2852      1022.5      -100996.9676      -104.3175 19m11s/Msamples
        8125000   -101111.8126      1022.6      -101008.2624      -103.5502 19m11s/Msamples
        8126000   -101106.3461      1022.7      -101003.8824      -102.4636 19m11s/Msamples
        8127000   -101111.8500      1022.8      -101009.0715      -102.7784 19m11s/Msamples
        8128000   -101120.8487      1023.0      -101018.9079      -101.9408 19m11s/Msamples
        8129000   -101120.6008      1022.6      -101015.1249      -105.4758 19m11s/Msamples
        8130000   -101111.5820      1022.4      -101003.1094      -108.4726 19m11s/Msamples
        8131000   -101107.9871      1022.2      -101005.0231      -102.9639 19m11s/Msamples
        8132000   -101105.9295      1022.1      -101000.7254      -105.2040 19m11s/Msamples
        8133000   -101120.1172      1021.6      -101019.9684      -100.1488 19m11s/Msamples
        8134000   -101109.3375      1021.2      -101008.0586      -101.2788 19m11s/Msamples
        8135000   -101109.1194      1020.8      -101007.1618      -101.9575 19m11s/Msamples
        8136000   -101094.3361      1021.6      -100997.0316       -97.3045 19m11s/Msamples
        8137000   -101089.1503      1023.2      -100987.2357      -101.9146 19m11s/Msamples
        8138000   -101095.4783      1023.8      -100992.6430      -102.8352 19m11s/Msamples
        8139000   -101102.5090      1023.5      -101002.8671       -99.6418 19m11s/Msamples
        8140000   -101100.2885      1023.7      -100998.7673      -101.5211 19m11s/Msamples
        8141000   -101103.8112      1023.6      -100998.8513      -104.9599 19m11s/Msamples
        8142000   -101101.3340      1023.8      -100992.8648      -108.4691 19m11s/Msamples
        8143000   -101100.5157      1024.0      -100992.9046      -107.6110 19m11s/Msamples
        8144000   -101109.9903      1023.3      -101003.7272      -106.2631 19m11s/Msamples
        8145000   -101098.2474      1023.8      -100994.7389      -103.5084 19m11s/Msamples
        8146000   -101101.6883      1023.9      -100995.9599      -105.7284 19m11s/Msamples
        8147000   -101097.3521      1024.6      -100992.0272      -105.3248 19m11s/Msamples
        8148000   -101104.7431      1024.3      -100999.2836      -105.4595 19m11s/Msamples
        8149000   -101096.9716      1024.2      -100993.4327      -103.5389 19m11s/Msamples
        8150000   -101093.4276      1025.4      -100989.5124      -103.9152 19m11s/Msamples
        8151000   -101101.0751      1025.6      -100998.3463      -102.7287 19m11s/Msamples
        8152000   -101093.6686      1026.8      -100989.3177      -104.3508 19m11s/Msamples
        8153000   -101093.3238      1028.1      -100989.6909      -103.6328 19m11s/Msamples
        8154000   -101104.5362      1027.8      -101000.3182      -104.2180 19m11s/Msamples
        8155000   -101108.5044      1027.2      -101003.5536      -104.9507 19m11s/Msamples
        8156000   -101095.3370      1028.1      -100991.4457      -103.8913 19m11s/Msamples
        8157000   -101089.2593      1030.0      -100984.7319      -104.5273 19m11s/Msamples
        8158000   -101096.0962      1030.8      -100992.5261      -103.5701 19m11s/Msamples
        8159000   -101096.7999      1030.3      -100991.6249      -105.1750 19m11s/Msamples
        8160000   -101100.4997      1030.5      -100995.3405      -105.1592 19m11s/Msamples
        8161000   -101087.8446      1032.4      -100988.7775       -99.0670 19m11s/Msamples
        8162000   -101097.3782      1033.0      -100995.1917      -102.1865 19m11s/Msamples
        8163000   -101101.0020      1033.1      -101000.4572      -100.5448 19m11s/Msamples
        8164000   -101102.0903      1033.2      -101002.5551       -99.5351 19m11s/Msamples
        8165000   -101093.5439      1034.0      -100989.1399      -104.4040 19m11s/Msamples
        8166000   -101099.5275      1034.3      -100999.2791      -100.2483 19m11s/Msamples
        8167000   -101093.8241      1034.9      -100995.8711       -97.9530 19m11s/Msamples
        8168000   -101095.2903      1035.3      -100998.2430       -97.0473 19m11s/Msamples
        8169000   -101105.9240      1035.9      -101003.1197      -102.8043 19m11s/Msamples
        8170000   -101094.6478      1036.2      -100995.4236       -99.2242 19m11s/Msamples
        8171000   -101089.7208      1036.8      -100989.5488      -100.1720 19m11s/Msamples
        8172000   -101103.7221      1036.9      -101002.8488      -100.8732 19m11s/Msamples
        8173000   -101102.0983      1037.1      -101000.4986      -101.5997 19m11s/Msamples
        8174000   -101091.0490      1037.4      -100988.5544      -102.4945 19m11s/Msamples
        8175000   -101101.7384      1037.5      -100997.7142      -104.0242 19m11s/Msamples
        8176000   -101087.1495      1037.8      -100985.5843      -101.5652 19m11s/Msamples
        8177000   -101091.1172      1037.7      -100988.7378      -102.3793 19m11s/Msamples
        8178000   -101104.6198      1038.1      -101001.9849      -102.6349 19m11s/Msamples
        8179000   -101101.4150      1038.8      -101000.5168      -100.8982 19m11s/Msamples
        8180000   -101111.6513      1039.9      -101004.8303      -106.8209 19m11s/Msamples
        8181000   -101101.1291      1040.0      -100991.2394      -109.8896 19m11s/Msamples
        8182000   -101108.9830      1040.9      -100998.6059      -110.3770 19m11s/Msamples
        8183000   -101094.4066      1040.6      -100984.5656      -109.8410 19m11s/Msamples
        8184000   -101105.5826      1041.1      -100994.1569      -111.4256 19m11s/Msamples
        8185000   -101102.3572      1041.3      -100995.5887      -106.7684 19m11s/Msamples
        8186000   -101101.0202      1041.5      -100991.9460      -109.0741 19m11s/Msamples
        8187000   -101094.3991      1041.2      -100985.4402      -108.9588 19m11s/Msamples
        8188000   -101090.6331      1040.8      -100987.8517      -102.7814 19m11s/Msamples
        8189000   -101094.8060      1040.6      -100992.4886      -102.3173 19m11s/Msamples
        8190000   -101092.6008      1040.2      -100989.8024      -102.7984 19m11s/Msamples
        8191000   -101102.5131      1040.4      -101002.9645       -99.5485 19m11s/Msamples
        8192000   -101097.5339      1040.2      -100994.5272      -103.0066 19m11s/Msamples
        8193000   -101100.7321      1040.3      -100997.4225      -103.3096 19m11s/Msamples
        8194000   -101102.1634      1040.6      -101000.4193      -101.7441 19m11s/Msamples
        8195000   -101098.5864      1040.4      -100995.9147      -102.6716 19m11s/Msamples
        8196000   -101087.2457      1039.6      -100985.2795      -101.9662 19m11s/Msamples
        8197000   -101094.6100      1039.1      -100993.1036      -101.5064 19m11s/Msamples
        8198000   -101093.1457      1038.5      -100992.5991      -100.5465 19m11s/Msamples
        8199000   -101103.8265      1039.2      -101004.3351       -99.4913 19m11s/Msamples
        8200000   -101088.6851      1038.3      -100990.3675       -98.3175 19m11s/Msamples
        8201000   -101093.9629      1037.8      -100991.3142      -102.6486 19m11s/Msamples
        8202000   -101096.2144      1037.4      -100996.2091      -100.0053 19m11s/Msamples
        8203000   -101100.8842      1037.5      -101000.5198      -100.3644 19m11s/Msamples
        8204000   -101098.2368      1037.3      -100995.9001      -102.3367 19m11s/Msamples
        8205000   -101100.8939      1037.4      -100997.6109      -103.2830 19m11s/Msamples
        8206000   -101096.3407      1037.0      -100995.6228      -100.7179 19m11s/Msamples
        8207000   -101095.3061      1036.5      -100993.9807      -101.3253 19m11s/Msamples
        8208000   -101105.5037      1037.2      -101002.5508      -102.9528 19m11s/Msamples
        8209000   -101104.4528      1037.7      -101002.4533      -101.9995 19m11s/Msamples
        8210000   -101097.7803      1037.5      -100999.8232       -97.9570 19m11s/Msamples
        8211000   -101116.8603      1039.7      -101012.0312      -104.8290 19m11s/Msamples
        8212000   -101102.3371      1039.9      -100998.4768      -103.8602 19m11s/Msamples
        8213000   -101093.1990      1039.5      -100994.7285       -98.4705 19m11s/Msamples
        8214000   -101107.0656      1040.2      -101009.0253       -98.0402 19m11s/Msamples
        8215000   -101104.1776      1040.6      -101007.3228       -96.8547 19m11s/Msamples
        8216000   -101095.0059      1040.3      -100995.5135       -99.4924 19m11s/Msamples
        8217000   -101089.7701      1039.8      -100989.5312      -100.2389 19m11s/Msamples
        8218000   -101098.1807      1039.7      -100996.9502      -101.2304 19m11s/Msamples
        8219000   -101097.8437      1037.0      -100998.7723       -99.0714 19m11s/Msamples
        8220000   -101081.5803      1036.3      -100983.1666       -98.4136 19m11s/Msamples
        8221000   -101085.1359      1035.5      -100989.4186       -95.7172 19m11s/Msamples
        8222000   -101088.6658      1034.6      -100989.1267       -99.5390 19m11s/Msamples
        8223000   -101105.1654      1035.2      -101005.3012       -99.8641 19m11s/Msamples
        8224000   -101091.9678      1034.6      -100992.0972       -99.8705 19m11s/Msamples
        8225000   -101101.5010      1034.7      -101001.6090       -99.8920 19m11s/Msamples
        8226000   -101092.0266      1034.2      -100991.1719      -100.8546 19m11s/Msamples
        8227000   -101092.3112      1033.6      -100993.0079       -99.3032 19m11s/Msamples
        8228000   -101094.2095      1033.0      -100995.2064       -99.0031 19m11s/Msamples
        8229000   -101098.0880      1033.0      -100997.6829      -100.4051 19m11s/Msamples
        8230000   -101101.8116      1033.3      -101002.2600       -99.5515 19m11s/Msamples
        8231000   -101085.0665      1031.9      -100988.4962       -96.5703 19m11s/Msamples
        8232000   -101080.2772      1030.2      -100984.0270       -96.2501 19m11s/Msamples
        8233000   -101089.7148      1028.9      -100991.2519       -98.4628 19m11s/Msamples
        8234000   -101108.9450      1030.3      -101008.5018      -100.4431 19m11s/Msamples
        8235000   -101096.5658      1029.8      -100996.8640       -99.7018 19m11s/Msamples
        8236000   -101096.7814      1029.3      -100995.3133      -101.4680 19m11s/Msamples
        8237000   -101100.3827      1029.3      -100997.4311      -102.9515 19m11s/Msamples
        8238000   -101093.5905      1028.5      -100993.3741      -100.2164 19m11s/Msamples
        8239000   -101097.2049      1027.9      -101000.2131       -96.9917 19m11s/Msamples
        8240000   -101092.4879      1026.9      -100995.8721       -96.6158 19m11s/Msamples
        8241000   -101094.4626      1026.2      -100996.6653       -97.7972 19m11s/Msamples
        8242000   -101099.3510      1026.0      -101002.2849       -97.0660 19m11s/Msamples
        8243000   -101096.2030      1025.4      -100999.6815       -96.5215 19m11s/Msamples
        8244000   -101104.4543      1026.1      -101003.3684      -101.0858 19m11s/Msamples
        8245000   -101101.4629      1026.2      -100997.7299      -103.7329 19m11s/Msamples
        8246000   -101088.8015      1025.0      -100989.7148       -99.0866 19m11s/Msamples
        8247000   -101095.4293      1024.4      -100997.2025       -98.2268 19m11s/Msamples
        8248000   -101095.4207      1023.8      -100993.0915      -102.3292 19m11s/Msamples
        8249000   -101102.2873      1024.2      -100999.8794      -102.4078 19m11s/Msamples
        8250000   -101103.5913      1024.7      -100999.8507      -103.7405 19m11s/Msamples
        8251000   -101101.4368      1024.8      -100999.8462      -101.5906 19m11s/Msamples
        8252000   -101097.6195      1024.5      -100994.9421      -102.6773 19m11s/Msamples
        8253000   -101106.1272      1025.3      -100999.4374      -106.6898 19m11s/Msamples
        8254000   -101103.3629      1025.7      -100996.8713      -106.4916 19m11s/Msamples
        8255000   -101110.3090      1027.1      -101006.5833      -103.7257 19m11s/Msamples
        8256000   -101122.3868      1030.5      -101015.4557      -106.9311 19m11s/Msamples
        8257000   -101121.2962      1033.5      -101015.0214      -106.2747 19m11s/Msamples
        8258000   -101100.0143      1033.5      -101001.9032       -98.1110 19m11s/Msamples
        8259000   -101101.7025      1033.3      -101004.0680       -97.6344 19m11s/Msamples
        8260000   -101099.7496      1033.3      -100999.6594      -100.0902 19m11s/Msamples
        8261000   -101100.8505      1033.4      -100995.8547      -104.9958 19m11s/Msamples
        8262000   -101095.4832      1033.0      -100995.4008      -100.0823 19m11s/Msamples
        8263000   -101098.2361      1032.9      -100995.9461      -102.2899 19m11s/Msamples
        8264000   -101099.5400      1032.8      -100998.9069      -100.6330 19m11s/Msamples
        8265000   -101102.2862      1033.1      -101000.7980      -101.4881 19m11s/Msamples
        8266000   -101106.8074      1033.8      -101000.6918      -106.1155 19m11s/Msamples
        8267000   -101112.3929      1035.2      -101007.6550      -104.7378 19m11s/Msamples
        8268000   -101107.4035      1035.9      -101005.8311      -101.5724 19m11s/Msamples
        8269000   -101110.6758      1037.3      -101007.7304      -102.9453 19m11s/Msamples
        8270000   -101095.3077      1037.2      -100991.3241      -103.9835 19m11s/Msamples
        8271000   -101094.4500      1037.1      -100993.9343      -100.5156 19m11s/Msamples
        8272000   -101116.4800      1038.5      -101011.3043      -105.1756 19m11s/Msamples
        8273000   -101098.2588      1038.5      -100995.7577      -102.5010 19m11s/Msamples
        8274000   -101096.6356      1038.5      -100993.6013      -103.0343 19m11s/Msamples
        8275000   -101096.7443      1038.6      -100995.3692      -101.3750 19m11s/Msamples
        8276000   -101092.8078      1038.6      -100993.7771       -99.0306 19m11s/Msamples
        8277000   -101107.2291      1039.0      -101004.5235      -102.7055 19m11s/Msamples
        8278000   -101108.0007      1039.4      -101001.5776      -106.4231 19m11s/Msamples
        8279000   -101102.8814      1040.8      -101000.5704      -102.3110 19m11s/Msamples
        8280000   -101102.5689      1040.9      -100998.6273      -103.9416 19m11s/Msamples
        8281000   -101105.4670      1041.1      -100999.9757      -105.4913 19m11s/Msamples
        8282000   -101107.0312      1041.2      -100998.8711      -108.1600 19m11s/Msamples
        8283000   -101107.0574      1041.4      -100997.9809      -109.0764 19m11s/Msamples
        8284000   -101099.2353      1041.5      -100994.0118      -105.2234 19m11s/Msamples
        8285000   -101105.5986      1041.6      -100997.1947      -108.4038 19m11s/Msamples
        8286000   -101097.7923      1041.9      -100990.8900      -106.9022 19m11s/Msamples
        8287000   -101114.4814      1042.0      -101003.6993      -110.7820 19m11s/Msamples
        8288000   -101108.0977      1042.0      -100999.3493      -108.7483 19m11s/Msamples
        8289000   -101104.2024      1041.3      -100997.6879      -106.5144 19m11s/Msamples
        8290000   -101104.8491      1041.2      -100995.4703      -109.3788 19m11s/Msamples
        8291000   -101104.0803      1041.2      -100999.5494      -104.5308 19m11s/Msamples
        8292000   -101101.8822      1041.3      -100996.5519      -105.3303 19m11s/Msamples
        8293000   -101106.4534      1041.2      -100998.8454      -107.6079 19m11s/Msamples
        8294000   -101095.6281      1041.8      -100991.7868      -103.8413 19m11s/Msamples
        8295000   -101101.6289      1041.9      -100995.2307      -106.3982 19m11s/Msamples
        8296000   -101102.5485      1042.0      -101001.2673      -101.2811 19m11s/Msamples
        8297000   -101105.5456      1041.8      -101004.4263      -101.1192 19m11s/Msamples
        8298000   -101092.8603      1042.8      -100995.5254       -97.3349 19m11s/Msamples
        8299000   -101104.7736      1043.1      -101002.5148      -102.2587 19m11s/Msamples
        8300000   -101100.7625      1043.3      -100996.7650      -103.9975 19m11s/Msamples
        8301000   -101098.6165      1043.7      -100996.4845      -102.1319 19m11s/Msamples
        8302000   -101102.1426      1043.7      -100996.9812      -105.1613 19m11s/Msamples
        8303000   -101103.8329      1043.7      -100999.9746      -103.8583 19m11s/Msamples
        8304000   -101099.0092      1044.0      -100993.1105      -105.8987 19m11s/Msamples
        8305000   -101094.0517      1044.6      -100990.4165      -103.6352 19m11s/Msamples
        8306000   -101093.7755      1045.1      -100992.0344      -101.7410 19m11s/Msamples
        8307000   -101106.3051      1045.2      -101006.4983       -99.8067 19m11s/Msamples
        8308000   -101090.5200      1045.9      -100988.4296      -102.0903 19m11s/Msamples
        8309000   -101091.7601      1047.2      -100986.9337      -104.8264 19m11s/Msamples
        8310000   -101090.9354      1047.8      -100986.4627      -104.4727 19m11s/Msamples
        8311000   -101092.8821      1048.2      -100988.5663      -104.3158 19m11s/Msamples
        8312000   -101091.2592      1048.7      -100989.1522      -102.1069 19m11s/Msamples
        8313000   -101101.1035      1048.8      -100996.8977      -104.2057 19m11s/Msamples
        8314000   -101103.2253      1048.9      -100997.6812      -105.5441 19m11s/Msamples
        8315000   -101106.4346      1049.1      -101006.6696       -99.7649 19m11s/Msamples
        8316000   -101094.0349      1049.4      -100990.4940      -103.5408 19m11s/Msamples
        8317000   -101086.4188      1049.8      -100986.1192      -100.2995 19m11s/Msamples
        8318000   -101102.4908      1050.0      -101002.4327      -100.0581 19m11s/Msamples
        8319000   -101096.0583      1050.4      -100993.4195      -102.6387 19m11s/Msamples
        8320000   -101101.1675      1050.5      -101001.0757      -100.0918 19m11s/Msamples
        8321000   -101115.8078      1051.5      -101013.9172      -101.8905 19m11s/Msamples
        8322000   -101105.1351      1051.7      -100999.4690      -105.6661 19m11s/Msamples
        8323000   -101104.3323      1051.9      -100999.4642      -104.8681 19m11s/Msamples
        8324000   -101100.0325      1052.1      -100994.7054      -105.3271 19m11s/Msamples
        8325000   -101115.1082      1052.6      -101012.3845      -102.7237 19m11s/Msamples
        8326000   -101121.9735      1053.5      -101011.7156      -110.2578 19m11s/Msamples
        8327000   -101111.5242      1053.7      -101003.5185      -108.0056 19m11s/Msamples
        8328000   -101102.8721      1053.8      -100999.9589      -102.9132 19m11s/Msamples
        8329000   -101111.2841      1054.3      -101004.9274      -106.3566 19m11s/Msamples
        8330000   -101106.2948      1054.3      -101001.0621      -105.2327 19m11s/Msamples
        8331000   -101104.3260      1054.4      -101001.2088      -103.1171 19m11s/Msamples
        8332000   -101094.3815      1054.8      -100993.9985      -100.3829 19m11s/Msamples
        8333000   -101093.0511      1055.2      -100995.4659       -97.5851 19m11s/Msamples
        8334000   -101103.0025      1055.4      -101003.7770       -99.2255 19m11s/Msamples
        8335000   -101098.9033      1055.6      -100995.6293      -103.2740 19m11s/Msamples
        8336000   -101096.1807      1055.8      -100998.0169       -98.1637 19m11s/Msamples
        8337000   -101091.3345      1056.0      -100990.2015      -101.1329 19m11s/Msamples
        8338000   -101096.2736      1056.2      -100995.6027      -100.6708 19m11s/Msamples
        8339000   -101101.9817      1056.4      -100995.4798      -106.5019 19m11s/Msamples
        8340000   -101093.6972      1056.5      -100992.2274      -101.4698 19m11s/Msamples
        8341000   -101094.8914      1056.6      -100990.1626      -104.7288 19m11s/Msamples
        8342000   -101085.4137      1056.7      -100983.8932      -101.5204 19m11s/Msamples
        8343000   -101091.7506      1056.6      -100997.3770       -94.3735 19m11s/Msamples
        8344000   -101105.0755      1057.0      -101001.5440      -103.5315 19m11s/Msamples
        8345000   -101092.2621      1056.9      -100994.0810       -98.1811 19m11s/Msamples
        8346000   -101099.9188      1057.0      -101001.1808       -98.7379 19m11s/Msamples
        8347000   -101094.3167      1056.9      -100995.2593       -99.0574 19m11s/Msamples
        8348000   -101093.6327      1056.7      -100991.5095      -102.1232 19m11s/Msamples
        8349000   -101106.7548      1057.1      -101006.3681      -100.3866 19m11s/Msamples
        8350000   -101095.2848      1057.0      -100992.6764      -102.6084 19m11s/Msamples
        8351000   -101102.0971      1057.2      -100994.8726      -107.2244 19m11s/Msamples
        8352000   -101087.7401      1056.9      -100986.5026      -101.2375 19m11s/Msamples
        8353000   -101104.9157      1057.3      -100999.6094      -105.3063 19m11s/Msamples
        8354000   -101100.5876      1057.4      -100997.2705      -103.3171 19m11s/Msamples
        8355000   -101102.8391      1057.6      -101000.9449      -101.8941 19m11s/Msamples
        8356000   -101106.4709      1058.1      -101001.3438      -105.1270 19m11s/Msamples
        8357000   -101101.3555      1058.3      -100999.9564      -101.3991 19m11s/Msamples
        8358000   -101107.5710      1058.7      -101002.3786      -105.1924 19m11s/Msamples
        8359000   -101103.4372      1058.9      -101000.3539      -103.0833 19m11s/Msamples
        8360000   -101111.6446      1059.5      -101006.9033      -104.7412 19m11s/Msamples
        8361000   -101102.1541      1059.7      -101002.4229       -99.7311 19m11s/Msamples
        8362000   -101110.0879      1060.0      -101010.3521       -99.7357 19m11s/Msamples
        8363000   -101108.6268      1060.3      -101008.0317      -100.5951 19m11s/Msamples
        8364000   -101113.8211      1060.9      -101008.4752      -105.3458 19m11s/Msamples
        8365000   -101104.0653      1061.0      -101001.6940      -102.3713 19m11s/Msamples
        8366000   -101117.3880      1061.3      -101010.2472      -107.1407 19m11s/Msamples
        8367000   -101104.6496      1061.4      -100997.6388      -107.0107 19m11s/Msamples
        8368000   -101102.3460      1061.5      -100995.6915      -106.6544 19m11s/Msamples
        8369000   -101096.2996      1061.7      -100989.6328      -106.6668 19m11s/Msamples
        8370000   -101102.3505      1061.8      -100995.9341      -106.4163 19m11s/Msamples
        8371000   -101100.7914      1061.9      -100994.8369      -105.9544 19m11s/Msamples
        8372000   -101100.3600      1062.1      -100989.7516      -110.6083 19m11s/Msamples
        8373000   -101101.1637      1062.3      -100991.2818      -109.8819 19m11s/Msamples
        8374000   -101094.8465      1062.5      -100988.6035      -106.2430 19m11s/Msamples
        8375000   -101106.7061      1062.8      -100997.5992      -109.1069 19m11s/Msamples
        8376000   -101102.0130      1062.9      -100997.3069      -104.7060 19m11s/Msamples
        8377000   -101102.7449      1063.1      -100994.7199      -108.0250 19m11s/Msamples
        8378000   -101094.7209      1063.2      -100985.5909      -109.1300 19m11s/Msamples
        8379000   -101097.3350      1062.7      -100988.4594      -108.8755 19m11s/Msamples
        8380000   -101093.4374      1062.7      -100988.0438      -105.3936 19m11s/Msamples
        8381000   -101107.0389      1063.1      -100995.5762      -111.4626 19m11s/Msamples
        8382000   -101093.3568      1063.2      -100990.5981      -102.7586 19m11s/Msamples
        8383000   -101096.2806      1063.3      -100995.4049      -100.8757 19m11s/Msamples
        8384000   -101098.0113      1063.3      -100996.8974      -101.1138 19m11s/Msamples
        8385000   -101104.0985      1063.6      -101003.3133      -100.7852 19m11s/Msamples
        8386000   -101099.7219      1063.7      -100998.7966      -100.9253 19m11s/Msamples
        8387000   -101093.9532      1063.8      -100994.0981       -99.8550 19m11s/Msamples
        8388000   -101106.9004      1064.1      -101004.0967      -102.8036 19m11s/Msamples
        8389000   -101104.9962      1063.9      -101005.1350       -99.8612 19m11s/Msamples
        8390000   -101108.1063      1064.2      -101009.3758       -98.7305 19m11s/Msamples
        8391000   -101098.2912      1064.4      -101001.1781       -97.1130 19m11s/Msamples
        8392000   -101092.5412      1064.8      -100998.8307       -93.7104 19m11s/Msamples
        8393000   -101091.1061      1065.2      -100994.9292       -96.1769 19m11s/Msamples
        8394000   -101088.0136      1065.7      -100992.7243       -95.2892 19m11s/Msamples
        8395000   -101106.0338      1066.0      -101004.6074      -101.4263 19m11s/Msamples
        8396000   -101100.9159      1066.1      -101002.0736       -98.8422 19m11s/Msamples
        8397000   -101105.4640      1066.2      -101005.4258      -100.0381 19m11s/Msamples
        8398000   -101096.4844      1066.5      -101000.0752       -96.4092 19m11s/Msamples
        8399000   -101100.9879      1066.1      -101001.1149       -99.8730 19m11s/Msamples
        8400000   -101106.2231      1066.3      -101006.7012       -99.5219 19m11s/Msamples
        8401000   -101089.4705      1066.9      -100990.0751       -99.3954 19m11s/Msamples
        8402000   -101104.2553      1067.1      -100999.1273      -105.1279 19m11s/Msamples
        8403000   -101095.1060      1067.4      -100994.4417      -100.6643 19m11s/Msamples
        8404000   -101103.2204      1067.5      -101000.3729      -102.8474 19m11s/Msamples
        8405000   -101097.7338      1067.7      -100991.4782      -106.2555 19m11s/Msamples
        8406000   -101091.1828      1068.1      -100986.4350      -104.7477 19m11s/Msamples
        8407000   -101101.6225      1068.2      -100997.5140      -104.1085 19m11s/Msamples
        8408000   -101105.9401      1068.4      -101004.9367      -101.0034 19m11s/Msamples
        8409000   -101096.7650      1068.4      -100991.5151      -105.2498 19m11s/Msamples
        8410000   -101092.4030      1068.6      -100988.0763      -104.3267 19m11s/Msamples
        8411000   -101095.7652      1068.6      -100991.1556      -104.6095 19m11s/Msamples
        8412000   -101093.2953      1068.6      -100988.8366      -104.4586 19m11s/Msamples
        8413000   -101087.5861      1068.4      -100984.0313      -103.5548 19m11s/Msamples
        8414000   -101099.7324      1068.5      -100998.4335      -101.2988 19m11s/Msamples
        8415000   -101094.9426      1068.2      -100991.3506      -103.5919 19m11s/Msamples
        8416000   -101095.7755      1068.0      -100991.0616      -104.7139 19m11s/Msamples
        8417000   -101090.0307      1067.4      -100990.6071       -99.4235 19m11s/Msamples
        8418000   -101086.8973      1066.7      -100985.8160      -101.0812 19m11s/Msamples
        8419000   -101095.2907      1066.1      -100996.0498       -99.2409 19m11s/Msamples
        8420000   -101102.5181      1066.4      -101001.5756      -100.9425 19m11s/Msamples
        8421000   -101096.0435      1066.1      -100995.9156      -100.1278 19m11s/Msamples
        8422000   -101109.1975      1067.1      -101005.8949      -103.3026 19m11s/Msamples
        8423000   -101098.1482      1067.0      -100995.9131      -102.2351 19m11s/Msamples
        8424000   -101096.1402      1066.7      -100992.8484      -103.2918 19m11s/Msamples
        8425000   -101107.8820      1067.6      -101006.7395      -101.1424 19m11s/Msamples
        8426000   -101099.7546      1067.6      -100996.8341      -102.9204 19m11s/Msamples
        8427000   -101105.3677      1068.2      -101004.1073      -101.2604 19m11s/Msamples
        8428000   -101094.5701      1067.8      -100990.6041      -103.9659 19m11s/Msamples
        8429000   -101092.2362      1066.9      -100989.7088      -102.5274 19m11s/Msamples
        8430000   -101106.6512      1067.6      -101007.1666       -99.4846 19m11s/Msamples
        8431000   -101102.0271      1067.8      -101000.8343      -101.1927 19m11s/Msamples
        8432000   -101096.4550      1067.6      -100992.8924      -103.5625 19m11s/Msamples
        8433000   -101085.1495      1066.8      -100987.2320       -97.9175 19m11s/Msamples
        8434000   -101091.4762      1066.2      -100995.2520       -96.2241 19m11s/Msamples
        8435000   -101090.5432      1065.4      -100991.2867       -99.2565 19m11s/Msamples
        8436000   -101091.1674      1064.7      -100990.2039      -100.9634 19m11s/Msamples
        8437000   -101110.5542      1066.1      -101006.4336      -104.1206 19m11s/Msamples
        8438000   -101096.7924      1065.7      -100995.0513      -101.7410 19m11s/Msamples
        8439000   -101105.1515      1065.9      -101002.2270      -102.9245 19m11s/Msamples
        8440000   -101099.3412      1065.8      -100994.5134      -104.8277 19m11s/Msamples
        8441000   -101104.3763      1066.3      -101000.0536      -104.3226 19m11s/Msamples
        8442000   -101101.0786      1066.4      -100999.3788      -101.6998 19m11s/Msamples
        8443000   -101100.0549      1066.4      -100996.5521      -103.5027 19m11s/Msamples
        8444000   -101099.9466      1066.5      -100994.9977      -104.9489 19m11s/Msamples
        8445000   -101102.9065      1066.8      -100996.4908      -106.4156 19m11s/Msamples
        8446000   -101116.0652      1068.9      -101007.7870      -108.2781 19m11s/Msamples
        8447000   -101125.6339      1072.4      -101018.6230      -107.0108 19m11s/Msamples
        8448000   -101108.6073      1073.2      -101002.8267      -105.7805 19m11s/Msamples
        8449000   -101115.0708      1073.1      -101005.9809      -109.0899 19m11s/Msamples
        8450000   -101100.3643      1073.2      -100995.6371      -104.7271 19m11s/Msamples
        8451000   -101107.8514      1073.8      -101005.3092      -102.5422 19m11s/Msamples
        8452000   -101085.3423      1073.6      -100983.9895      -101.3527 19m11s/Msamples
        8453000   -101100.4400      1073.7      -100997.3402      -103.0998 19m11s/Msamples
        8454000   -101091.6527      1073.5      -100993.1829       -98.4697 19m11s/Msamples
        8455000   -101105.5556      1073.9      -101003.2796      -102.2760 19m11s/Msamples
        8456000   -101105.4921      1074.3      -101004.0570      -101.4350 19m11s/Msamples
        8457000   -101092.8863      1074.1      -100994.8331       -98.0532 19m11s/Msamples
        8458000   -101095.5782      1074.0      -100992.2050      -103.3732 19m11s/Msamples
        8459000   -101098.3521      1073.7      -100994.6722      -103.6799 19m11s/Msamples
        8460000   -101095.9370      1073.6      -100992.1381      -103.7988 19m12s/Msamples
        8461000   -101095.8307      1073.5      -100993.6688      -102.1619 19m11s/Msamples
        8462000   -101105.4120      1073.9      -101003.1908      -102.2211 19m12s/Msamples
        8463000   -101091.4530      1073.8      -100986.9718      -104.4811 19m11s/Msamples
        8464000   -101097.7829      1073.8      -100993.5111      -104.2717 19m12s/Msamples
        8465000   -101107.3404      1074.3      -100996.4903      -110.8501 19m12s/Msamples
        8466000   -101107.0141      1074.7      -100995.6440      -111.3700 19m12s/Msamples
        8467000   -101100.0613      1074.8      -100993.1766      -106.8847 19m12s/Msamples
        8468000   -101099.1728      1074.9      -100986.9081      -112.2646 19m12s/Msamples
        8469000   -101105.6304      1074.8      -100995.1674      -110.4629 19m12s/Msamples
        8470000   -101100.7880      1074.9      -100990.9743      -109.8137 19m12s/Msamples
        8471000   -101094.6788      1075.0      -100994.4382      -100.2405 19m12s/Msamples
        8472000   -101093.5419      1075.1      -100992.3400      -101.2019 19m12s/Msamples
        8473000   -101097.2817      1075.2      -100996.9271      -100.3546 19m12s/Msamples
        8474000   -101110.2578      1075.8      -101006.1056      -104.1522 19m12s/Msamples
        8475000   -101104.8032      1076.0      -100998.3174      -106.4858 19m12s/Msamples
        8476000   -101099.8391      1076.2      -100994.7975      -105.0416 19m12s/Msamples
        8477000   -101090.5669      1076.3      -100987.1120      -103.4548 19m12s/Msamples
        8478000   -101105.7766      1076.6      -101003.8983      -101.8783 19m12s/Msamples
        8479000   -101096.7065      1076.0      -100996.0894      -100.6171 19m12s/Msamples
        8480000   -101094.9153      1076.0      -100991.0455      -103.8698 19m12s/Msamples
        8481000   -101085.9908      1076.2      -100983.4969      -102.4938 19m12s/Msamples
        8482000   -101100.0950      1076.4      -100995.4978      -104.5972 19m12s/Msamples
        8483000   -101101.1348      1076.5      -100997.3336      -103.8011 19m12s/Msamples
        8484000   -101092.9507      1076.7      -100989.5181      -103.4326 19m12s/Msamples
        8485000   -101093.9254      1076.8      -100991.3599      -102.5655 19m12s/Msamples
        8486000   -101101.3048      1077.0      -100998.9637      -102.3411 19m12s/Msamples
        8487000   -101100.4419      1077.1      -100998.8891      -101.5527 19m12s/Msamples
        8488000   -101101.7591      1077.3      -101000.5208      -101.2383 19m12s/Msamples
        8489000   -101106.1350      1077.3      -101003.5951      -102.5399 19m12s/Msamples
        8490000   -101099.9376      1077.4      -100996.5040      -103.4336 19m12s/Msamples
        8491000   -101101.1918      1077.6      -100998.8689      -102.3228 19m12s/Msamples
        8492000   -101101.6610      1077.7      -100997.7205      -103.9404 19m12s/Msamples
        8493000   -101098.2380      1077.8      -100996.0445      -102.1934 19m11s/Msamples
        8494000   -101096.5782      1077.9      -100995.2753      -101.3028 19m11s/Msamples
        8495000   -101106.6846      1078.3      -101004.6807      -102.0039 19m11s/Msamples
        8496000   -101086.8664      1078.2      -100988.4406       -98.4258 19m11s/Msamples
        8497000   -101085.5062      1077.8      -100985.7283       -99.7778 19m11s/Msamples
        8498000   -101103.2959      1078.1      -100999.5425      -103.7533 19m11s/Msamples
        8499000   -101103.3911      1076.8      -101000.9235      -102.4676 19m11s/Msamples
        8500000   -101107.3066      1077.5      -101006.4959      -100.8107 19m11s/Msamples
        8501000   -101096.9653      1077.4      -100997.6458       -99.3194 19m11s/Msamples
        8502000   -101102.4085      1077.6      -100999.6499      -102.7586 19m11s/Msamples
        8503000   -101098.7364      1077.6      -100995.7599      -102.9765 19m11s/Msamples
        8504000   -101096.3715      1077.5      -100994.2087      -102.1628 19m11s/Msamples
        8505000   -101103.6928      1077.8      -101002.2885      -101.4043 19m11s/Msamples
        8506000   -101092.6378      1077.5      -100991.9509      -100.6869 19m11s/Msamples
        8507000   -101098.6921      1077.5      -101000.5441       -98.1480 19m11s/Msamples
        8508000   -101105.0739      1077.9      -100999.7947      -105.2791 19m11s/Msamples
        8509000   -101106.4236      1078.3      -101003.3612      -103.0623 19m12s/Msamples
        8510000   -101094.1744      1078.2      -100992.2112      -101.9631 19m12s/Msamples
        8511000   -101103.9609      1078.5      -101002.4783      -101.4826 19m12s/Msamples
        8512000   -101113.7709      1079.6      -101009.3537      -104.4171 19m12s/Msamples
        8513000   -101097.8968      1079.7      -100999.6587       -98.2380 19m12s/Msamples
        8514000   -101094.6934      1079.6      -100992.9779      -101.7155 19m12s/Msamples
        8515000   -101105.5666      1080.0      -101003.9389      -101.6277 19m12s/Msamples
        8516000   -101103.0846      1080.2      -101003.2064       -99.8781 19m12s/Msamples
        8517000   -101110.9376      1081.1      -101010.4651      -100.4724 19m12s/Msamples
        8518000   -101097.8214      1081.1      -100997.1934      -100.6280 19m12s/Msamples
        8519000   -101098.5288      1080.0      -100996.6646      -101.8641 19m12s/Msamples
        8520000   -101108.9897      1080.6      -101006.1319      -102.8577 19m12s/Msamples
        8521000   -101110.0415      1081.3      -101009.6522      -100.3893 19m12s/Msamples
        8522000   -101103.2282      1081.5      -101001.5626      -101.6655 19m12s/Msamples
        8523000   -101108.9627      1082.0      -101004.2594      -104.7033 19m12s/Msamples
        8524000   -101098.4936      1082.1      -100995.1121      -103.3814 19m12s/Msamples
        8525000   -101091.1553      1082.1      -100989.6364      -101.5189 19m12s/Msamples
        8526000   -101091.5267      1082.1      -100987.0516      -104.4750 19m12s/Msamples
        8527000   -101093.5509      1082.0      -100990.9797      -102.5712 19m12s/Msamples
        8528000   -101104.1101      1082.3      -100999.9987      -104.1113 19m12s/Msamples
        8529000   -101104.9158      1081.7      -100999.5864      -105.3293 19m12s/Msamples
        8530000   -101104.2147      1082.0      -100998.7115      -105.5031 19m12s/Msamples
        8531000   -101118.4368      1083.1      -101010.3892      -108.0475 19m12s/Msamples
        8532000   -101108.2786      1083.4      -101003.7080      -104.5706 19m12s/Msamples
        8533000   -101106.2882      1083.6      -101003.0864      -103.2017 19m11s/Msamples
        8534000   -101103.0418      1083.7      -101002.3285      -100.7133 19m12s/Msamples
        8535000   -101095.2720      1084.0      -101000.3264       -94.9455 19m12s/Msamples
        8536000   -101090.6317      1084.4      -100991.4907       -99.1409 19m11s/Msamples
        8537000   -101092.7134      1084.7      -100992.8378       -99.8755 19m11s/Msamples
        8538000   -101089.9571      1085.0      -100989.6442      -100.3129 19m11s/Msamples
        8539000   -101116.7567      1085.1      -101008.5089      -108.2477 19m11s/Msamples
        8540000   -101107.8860      1085.4      -100999.1186      -108.7673 19m11s/Msamples
        8541000   -101102.8816      1085.5      -100998.5937      -104.2879 19m11s/Msamples
        8542000   -101104.9806      1085.7      -101000.3870      -104.5936 19m12s/Msamples
        8543000   -101104.4450      1085.9      -100999.5640      -104.8809 19m12s/Msamples
        8544000   -101098.0652      1086.0      -100991.4216      -106.6435 19m12s/Msamples
        8545000   -101107.6360      1086.2      -101004.8625      -102.7735 19m12s/Msamples
        8546000   -101111.6562      1086.3      -101009.9441      -101.7120 19m12s/Msamples
        8547000   -101108.2738      1086.3      -101008.1009      -100.1729 19m12s/Msamples
        8548000   -101107.4855      1086.3      -101006.9926      -100.4928 19m12s/Msamples
        8549000   -101110.8700      1086.9      -101005.5591      -105.3108 19m12s/Msamples
        8550000   -101106.4748      1086.9      -100999.1531      -107.3217 19m12s/Msamples
        8551000   -101106.2326      1086.8      -101001.4267      -104.8058 19m12s/Msamples
        8552000   -101104.2923      1086.8      -101000.2078      -104.0845 19m12s/Msamples
        8553000   -101104.7264      1086.8      -101000.7115      -104.0148 19m12s/Msamples
        8554000   -101098.6639      1087.1      -100998.2826      -100.3812 19m12s/Msamples
        8555000   -101094.3365      1087.8      -100991.9570      -102.3794 19m12s/Msamples
        8556000   -101086.1251      1089.3      -100988.0714       -98.0537 19m12s/Msamples
        8557000   -101094.4395      1089.9      -100994.7021       -99.7373 19m12s/Msamples
        8558000   -101097.6799      1090.2      -100994.3436      -103.3363 19m12s/Msamples
        8559000   -101100.1302      1090.8      -100999.2966      -100.8335 19m12s/Msamples
        8560000   -101092.1646      1091.5      -100990.1708      -101.9938 19m12s/Msamples
        8561000   -101092.2159      1092.0      -100988.8711      -103.3448 19m12s/Msamples
        8562000   -101087.3603      1092.8      -100984.8754      -102.4849 19m12s/Msamples
        8563000   -101090.8054      1093.4      -100990.0461      -100.7592 19m12s/Msamples
        8564000   -101090.4135      1093.8      -100991.1358       -99.2776 19m12s/Msamples
        8565000   -101094.1589      1094.1      -100993.8360      -100.3229 19m12s/Msamples
        8566000   -101104.5256      1094.3      -101003.3423      -101.1833 19m12s/Msamples
        8567000   -101112.2267      1094.7      -101012.5313       -99.6954 19m12s/Msamples
        8568000   -101103.7428      1094.9      -101003.1383      -100.6045 19m12s/Msamples
        8569000   -101096.0356      1094.1      -100992.7350      -103.3005 19m12s/Msamples
        8570000   -101094.8165      1094.2      -100989.3840      -105.4325 19m12s/Msamples
        8571000   -101106.3421      1094.5      -101005.6832      -100.6588 19m12s/Msamples
        8572000   -101092.9527      1094.6      -100989.5725      -103.3801 19m12s/Msamples
        8573000   -101106.1473      1094.9      -100998.9717      -107.1755 19m12s/Msamples
        8574000   -101112.5982      1095.5      -101004.4340      -108.1642 19m12s/Msamples
        8575000   -101118.0387      1096.2      -101010.7741      -107.2645 19m12s/Msamples
        8576000   -101120.8944      1096.8      -101010.2364      -110.6579 19m12s/Msamples
        8577000   -101113.8177      1096.9      -101003.3057      -110.5120 19m12s/Msamples
        8578000   -101095.9818      1097.3      -100984.1166      -111.8651 19m12s/Msamples
        8579000   -101108.1288      1097.4      -100997.7000      -110.4288 19m12s/Msamples
        8580000   -101110.8745      1097.5      -101004.3208      -106.5536 19m12s/Msamples
        8581000   -101103.5188      1097.6      -101000.9948      -102.5240 19m12s/Msamples
        8582000   -101106.5463      1097.7      -100997.2680      -109.2782 19m12s/Msamples
        8583000   -101107.2594      1097.8      -101001.0060      -106.2534 19m12s/Msamples
        8584000   -101102.5667      1097.9      -100998.4986      -104.0680 19m12s/Msamples
        8585000   -101100.3822      1098.1      -100999.3949      -100.9872 19m12s/Msamples
        8586000   -101098.4517      1098.3      -100993.7199      -104.7318 19m12s/Msamples
        8587000   -101094.7569      1098.9      -100995.7241       -99.0327 19m12s/Msamples
        8588000   -101102.6125      1099.0      -101002.7319       -99.8805 19m12s/Msamples
        8589000   -101100.4229      1098.9      -100997.6010      -102.8219 19m12s/Msamples
        8590000   -101100.9292      1099.1      -100995.9398      -104.9893 19m12s/Msamples
        8591000   -101105.6797      1099.2      -100998.2289      -107.4508 19m12s/Msamples
        8592000   -101105.9036      1099.2      -101000.1248      -105.7788 19m12s/Msamples
        8593000   -101101.5073      1099.3      -100994.9910      -106.5163 19m12s/Msamples
        8594000   -101103.6956      1099.4      -101000.9012      -102.7944 19m12s/Msamples
        8595000   -101108.2862      1099.5      -101003.2712      -105.0150 19m12s/Msamples
        8596000   -101110.7097      1099.6      -101004.2173      -106.4924 19m12s/Msamples
        8597000   -101114.4136      1099.7      -101008.2282      -106.1853 19m12s/Msamples
        8598000   -101102.3364      1099.9      -100997.4428      -104.8936 19m12s/Msamples
        8599000   -101125.0422      1100.7      -101017.0838      -107.9584 19m12s/Msamples
        8600000   -101106.8562      1100.6      -101001.4124      -105.4438 19m12s/Msamples
        8601000   -101103.7987      1100.7      -100996.9143      -106.8844 19m12s/Msamples
        8602000   -101102.6344      1100.8      -101001.7671      -100.8672 19m12s/Msamples
        8603000   -101091.9691      1101.5      -100993.0384       -98.9307 19m12s/Msamples
        8604000   -101092.1128      1102.2      -100991.9581      -100.1546 19m12s/Msamples
        8605000   -101094.4561      1102.7      -100994.6993       -99.7567 19m12s/Msamples
        8606000   -101099.3429      1103.0      -100999.8300       -99.5129 19m12s/Msamples
        8607000   -101101.3149      1103.1      -100999.0073      -102.3075 19m12s/Msamples
        8608000   -101104.4022      1103.1      -100997.6883      -106.7138 19m12s/Msamples
        8609000   -101098.5237      1102.0      -100998.3235      -100.2002 19m12s/Msamples
        8610000   -101103.1383      1102.1      -101003.3410       -99.7972 19m12s/Msamples
        8611000   -101097.0224      1102.5      -100992.4934      -104.5290 19m12s/Msamples
        8612000   -101096.5579      1103.1      -100993.1070      -103.4509 19m12s/Msamples
        8613000   -101110.2423      1102.7      -101007.7421      -102.5002 19m12s/Msamples
        8614000   -101103.2902      1102.6      -101000.2009      -103.0893 19m12s/Msamples
        8615000   -101100.0229      1102.9      -100995.1189      -104.9040 19m12s/Msamples
        8616000   -101102.7558      1102.9      -100996.8807      -105.8751 19m12s/Msamples
        8617000   -101105.1114      1102.8      -101001.3909      -103.7205 19m12s/Msamples
        8618000   -101103.3477      1102.8      -100997.8125      -105.5351 19m12s/Msamples
        8619000   -101100.8905      1102.9      -100997.1496      -103.7408 19m12s/Msamples
        8620000   -101118.7633      1102.1      -101014.2924      -104.4708 19m12s/Msamples
        8621000   -101123.7315      1100.9      -101013.5114      -110.2200 19m12s/Msamples
        8622000   -101108.1606      1100.3      -100995.9371      -112.2234 19m12s/Msamples
        8623000   -101112.3342      1099.5      -101002.7457      -109.5885 19m12s/Msamples
        8624000   -101112.7998      1098.6      -101001.2105      -111.5892 19m12s/Msamples
        8625000   -101110.0711      1098.0      -101003.6826      -106.3884 19m12s/Msamples
        8626000   -101123.2424      1096.9      -101017.0114      -106.2310 19m12s/Msamples
        8627000   -101104.0448      1096.8      -101001.7595      -102.2853 19m12s/Msamples
        8628000   -101101.7574      1096.9      -101000.5634      -101.1940 19m12s/Msamples
        8629000   -101110.7143      1095.8      -101010.2233      -100.4910 19m12s/Msamples
        8630000   -101116.2454      1094.7      -101013.9874      -102.2579 19m12s/Msamples
        8631000   -101114.8007      1093.6      -101010.7856      -104.0151 19m12s/Msamples
        8632000   -101098.6025      1094.1      -100998.9462       -99.6563 19m12s/Msamples
        8633000   -101096.5257      1094.9      -100997.2481       -99.2775 19m12s/Msamples
        8634000   -101098.1640      1095.4      -100999.8570       -98.3070 19m12s/Msamples
        8635000   -101097.6705      1096.0      -100991.4467      -106.2238 19m12s/Msamples
        8636000   -101089.7895      1097.9      -100991.1165       -98.6729 19m12s/Msamples
        8637000   -101104.9904      1097.6      -101000.5050      -104.4853 19m12s/Msamples
        8638000   -101105.1497      1097.3      -101002.1939      -102.9557 19m12s/Msamples
        8639000   -101116.6351      1095.8      -101010.8356      -105.7995 19m12s/Msamples
        8640000   -101110.4492      1094.9      -101003.2183      -107.2308 19m12s/Msamples
        8641000   -101107.4898      1094.3      -101006.9663      -100.5235 19m12s/Msamples
        8642000   -101101.3443      1094.5      -100994.6142      -106.7300 19m12s/Msamples
        8643000   -101105.2165      1094.1      -101002.9020      -102.3145 19m12s/Msamples
        8644000   -101104.1048      1093.9      -101004.9225       -99.1823 19m12s/Msamples
        8645000   -101102.4643      1093.9      -100999.8959      -102.5684 19m12s/Msamples
        8646000   -101100.6122      1094.2      -100995.3916      -105.2205 19m12s/Msamples
        8647000   -101108.0622      1093.6      -101003.1435      -104.9187 19m12s/Msamples
        8648000   -101103.4689      1093.5      -101001.2910      -102.1778 19m12s/Msamples
        8649000   -101117.9891      1091.9      -101012.5256      -105.4634 19m12s/Msamples
        8650000   -101113.2704      1091.0      -101009.9782      -103.2922 19m12s/Msamples
        8651000   -101104.5653      1090.8      -101001.2495      -103.3158 19m12s/Msamples
        8652000   -101110.2624      1089.9      -101002.9588      -107.3036 19m12s/Msamples
        8653000   -101111.1851      1088.9      -101005.1459      -106.0392 19m12s/Msamples
        8654000   -101108.2652      1088.1      -101006.2123      -102.0529 19m12s/Msamples
        8655000   -101102.3620      1088.1      -100999.6546      -102.7074 19m12s/Msamples
        8656000   -101095.6917      1089.2      -100991.8765      -103.8152 19m12s/Msamples
        8657000   -101089.7014      1091.3      -100986.5451      -103.1563 19m12s/Msamples
        8658000   -101091.1921      1093.1      -100990.2857      -100.9063 19m12s/Msamples
        8659000   -101096.8593      1092.6      -100997.3193       -99.5399 19m12s/Msamples
        8660000   -101095.9735      1093.5      -100996.7241       -99.2493 19m12s/Msamples
        8661000   -101091.2928      1095.2      -100995.6180       -95.6748 19m12s/Msamples
        8662000   -101088.8498      1097.2      -100994.2527       -94.5971 19m12s/Msamples
        8663000   -101094.0674      1098.3      -100999.4594       -94.6080 19m12s/Msamples
        8664000   -101088.8563      1100.1      -100997.8876       -90.9686 19m12s/Msamples
        8665000   -101087.4468      1102.1      -100997.3751       -90.0716 19m12s/Msamples
        8666000   -101095.8962      1102.8      -101003.4275       -92.4686 19m12s/Msamples
        8667000   -101087.4027      1104.5      -100997.4902       -89.9125 19m12s/Msamples
        8668000   -101103.8840      1104.5      -101010.1309       -93.7531 19m12s/Msamples
        8669000   -101083.4045      1105.4      -100992.4836       -90.9209 19m12s/Msamples
        8670000   -101088.3045      1106.4      -100995.5415       -92.7629 19m12s/Msamples
        8671000   -101087.9288      1107.3      -100997.7903       -90.1384 19m12s/Msamples
        8672000   -101086.5451      1108.0      -100992.2931       -94.2519 19m12s/Msamples
        8673000   -101097.9452      1108.2      -101000.4357       -97.5095 19m12s/Msamples
        8674000   -101104.7151      1108.4      -101005.9334       -98.7817 19m12s/Msamples
        8675000   -101107.7742      1108.8      -101006.3839      -101.3902 19m12s/Msamples
        8676000   -101098.2880      1108.9      -100995.8986      -102.3894 19m12s/Msamples
        8677000   -101101.1308      1109.0      -100996.9339      -104.1969 19m12s/Msamples
        8678000   -101112.4248      1109.8      -101007.8786      -104.5461 19m12s/Msamples
        8679000   -101104.3984      1109.6      -100997.8054      -106.5929 19m12s/Msamples
        8680000   -101096.8994      1109.6      -100994.0269      -102.8724 19m12s/Msamples
        8681000   -101102.6800      1109.8      -100994.2184      -108.4616 19m12s/Msamples
        8682000   -101101.8248      1109.9      -100994.9243      -106.9005 19m12s/Msamples
        8683000   -101109.2060      1110.5      -101004.5237      -104.6823 19m12s/Msamples
        8684000   -101109.6997      1111.0      -101002.6927      -107.0070 19m12s/Msamples
        8685000   -101111.6076      1111.5      -101007.3963      -104.2113 19m12s/Msamples
        8686000   -101112.8702      1112.1      -101009.1442      -103.7260 19m12s/Msamples
        8687000   -101108.7418      1112.4      -101005.6862      -103.0556 19m12s/Msamples
        8688000   -101099.1264      1112.5      -100993.6865      -105.4398 19m12s/Msamples
        8689000   -101110.4036      1109.5      -101005.5401      -104.8634 19m12s/Msamples
        8690000   -101111.2440      1110.1      -101009.8094      -101.4346 19m12s/Msamples
        8691000   -101109.3525      1110.4      -101007.5307      -101.8217 19m12s/Msamples
        8692000   -101102.0844      1110.6      -100997.8106      -104.2738 19m12s/Msamples
        8693000   -101109.0776      1110.9      -101005.3233      -103.7543 19m12s/Msamples
        8694000   -101107.1244      1111.1      -101001.6552      -105.4691 19m12s/Msamples
        8695000   -101098.6593      1111.3      -100994.7502      -103.9090 19m12s/Msamples
        8696000   -101096.6808      1111.4      -100993.5875      -103.0933 19m12s/Msamples
        8697000   -101102.6478      1111.6      -101000.6854      -101.9623 19m12s/Msamples
        8698000   -101102.9714      1111.8      -101002.8400      -100.1313 19m12s/Msamples
        8699000   -101095.7407      1111.0      -100993.9122      -101.8284 19m12s/Msamples
        8700000   -101096.2668      1111.0      -100996.7476       -99.5191 19m12s/Msamples
        8701000   -101101.4025      1111.2      -101004.5838       -96.8186 19m12s/Msamples
        8702000   -101103.4793      1111.4      -101003.4870       -99.9923 19m12s/Msamples
        8703000   -101109.2593      1112.1      -101009.4876       -99.7717 19m12s/Msamples
        8704000   -101102.1722      1112.3      -101003.4616       -98.7106 19m12s/Msamples
        8705000   -101093.7429      1112.2      -100993.7471       -99.9958 19m12s/Msamples
        8706000   -101083.6072      1112.2      -100984.0090       -99.5982 19m12s/Msamples
        8707000   -101088.9146      1112.1      -100989.7834       -99.1311 19m12s/Msamples
        8708000   -101100.1314      1112.2      -100995.7265      -104.4049 19m12s/Msamples
        8709000   -101107.4494      1109.3      -101006.6224      -100.8269 19m12s/Msamples
        8710000   -101090.2833      1109.2      -100989.5084      -100.7749 19m12s/Msamples
        8711000   -101095.4293      1109.2      -100995.8751       -99.5541 19m12s/Msamples
        8712000   -101097.4874      1109.3      -100994.6845      -102.8029 19m12s/Msamples
        8713000   -101101.8355      1109.4      -100997.8734      -103.9621 19m12s/Msamples
        8714000   -101102.0666      1109.6      -101000.4717      -101.5949 19m12s/Msamples
        8715000   -101098.5090      1109.7      -100997.0690      -101.4399 19m12s/Msamples
        8716000   -101103.6880      1109.9      -101004.1894       -99.4985 19m12s/Msamples
        8717000   -101094.9874      1110.0      -100993.9719      -101.0154 19m12s/Msamples
        8718000   -101100.1705      1110.2      -100997.2669      -102.9036 19m12s/Msamples
        8719000   -101098.2875      1109.3      -100995.5576      -102.7299 19m12s/Msamples
        8720000   -101096.8110      1109.5      -100996.6560      -100.1550 19m12s/Msamples
        8721000   -101092.4054      1110.0      -100992.9515       -99.4539 19m12s/Msamples
        8722000   -101100.4513      1110.1      -100995.8468      -104.6045 19m12s/Msamples
        8723000   -101094.1669      1110.5      -100995.1082       -99.0586 19m12s/Msamples
        8724000   -101100.4161      1110.6      -100996.0417      -104.3743 19m12s/Msamples
        8725000   -101086.9025      1111.3      -100986.2761      -100.6263 19m12s/Msamples
        8726000   -101105.1971      1111.4      -100998.2803      -106.9167 19m12s/Msamples
        8727000   -101097.0777      1111.6      -100989.0347      -108.0429 19m12s/Msamples
        8728000   -101097.9860      1111.7      -100995.3776      -102.6083 19m12s/Msamples
        8729000   -101106.7159      1111.4      -101003.2431      -103.4727 19m12s/Msamples
        8730000   -101106.5381      1111.6      -101005.1106      -101.4275 19m12s/Msamples
        8731000   -101113.7740      1112.2      -101011.3738      -102.4001 19m12s/Msamples
        8732000   -101108.4942      1112.5      -101007.0549      -101.4392 19m12s/Msamples
        8733000   -101101.6279      1112.6      -100997.9092      -103.7187 19m12s/Msamples
        8734000   -101111.0140      1113.0      -101007.5259      -103.4880 19m12s/Msamples
        8735000   -101098.2746      1113.2      -101000.3894       -97.8852 19m12s/Msamples
        8736000   -101092.5003      1113.3      -100994.5225       -97.9777 19m12s/Msamples
        8737000   -101102.3726      1113.5      -100997.5805      -104.7920 19m12s/Msamples
        8738000   -101114.7767      1114.4      -101006.0250      -108.7517 19m12s/Msamples
        8739000   -101109.2214      1113.4      -101001.9549      -107.2664 19m12s/Msamples
        8740000   -101101.3171      1113.6      -100994.8838      -106.4333 19m12s/Msamples
        8741000   -101102.7739      1113.8      -100998.3272      -104.4466 19m12s/Msamples
        8742000   -101108.8513      1114.3      -101002.7416      -106.1097 19m12s/Msamples
        8743000   -101104.6845      1114.5      -101001.2184      -103.4660 19m12s/Msamples
        8744000   -101110.4114      1115.1      -101005.1606      -105.2507 19m12s/Msamples
        8745000   -101106.4705      1115.4      -100998.5088      -107.9617 19m12s/Msamples
        8746000   -101106.2374      1115.7      -100993.3980      -112.8394 19m12s/Msamples
        8747000   -101108.1723      1116.0      -100999.3008      -108.8714 19m12s/Msamples
        8748000   -101112.3377      1116.4      -101002.0993      -110.2383 19m12s/Msamples
        8749000   -101117.2148      1117.7      -101007.2306      -109.9842 19m12s/Msamples
        8750000   -101114.0030      1118.0      -101002.7557      -111.2472 19m12s/Msamples
        8751000   -101115.7469      1118.2      -101006.5411      -109.2057 19m12s/Msamples
        8752000   -101096.9191      1118.5      -100990.8366      -106.0825 19m12s/Msamples
        8753000   -101100.3549      1118.7      -100995.4697      -104.8851 19m12s/Msamples
        8754000   -101093.9137      1119.2      -100986.4884      -107.4252 19m12s/Msamples
        8755000   -101093.6246      1119.7      -100990.7113      -102.9133 19m12s/Msamples
        8756000   -101103.7442      1119.8      -100999.5384      -104.2057 19m12s/Msamples
        8757000   -101096.7764      1120.1      -100994.4214      -102.3549 19m12s/Msamples
        8758000   -101099.6482      1120.3      -100997.1823      -102.4659 19m12s/Msamples
        8759000   -101110.2346      1120.2      -101006.9983      -103.2362 19m12s/Msamples
        8760000   -101100.9114      1120.3      -100996.3148      -104.5965 19m12s/Msamples
        8761000   -101115.4573      1120.1      -101007.7534      -107.7039 19m12s/Msamples
        8762000   -101100.6366      1120.3      -100994.6332      -106.0033 19m12s/Msamples
        8763000   -101098.2800      1120.7      -100996.8039      -101.4761 19m12s/Msamples
        8764000   -101094.7533      1121.3      -100994.6916      -100.0617 19m12s/Msamples
        8765000   -101094.4856      1121.9      -100998.8294       -95.6561 19m12s/Msamples
        8766000   -101091.5155      1122.8      -100993.9126       -97.6029 19m12s/Msamples
        8767000   -101096.9281      1123.2      -100998.1192       -98.8088 19m12s/Msamples
        8768000   -101097.5891      1123.5      -100996.0073      -101.5817 19m12s/Msamples
        8769000   -101090.2979      1127.8      -100992.7398       -97.5581 19m12s/Msamples
        8770000   -101094.3684      1128.4      -100994.0955      -100.2729 19m12s/Msamples
        8771000   -101092.3166      1129.1      -100991.8101      -100.5065 19m12s/Msamples
        8772000   -101100.1400      1129.3      -100998.4576      -101.6824 19m12s/Msamples
        8773000   -101102.5626      1129.4      -101003.4231       -99.1394 19m12s/Msamples
        8774000   -101092.1186      1130.2      -100993.6544       -98.4641 19m12s/Msamples
        8775000   -101090.3070      1131.1      -100995.4246       -94.8824 19m12s/Msamples
        8776000   -101095.7656      1131.5      -100997.6824       -98.0832 19m12s/Msamples
        8777000   -101101.3296      1131.6      -101004.1251       -97.2044 19m12s/Msamples
        8778000   -101090.2358      1132.4      -100996.3663       -93.8694 19m12s/Msamples
        8779000   -101099.6693      1137.6      -101002.2556       -97.4136 19m12s/Msamples
        8780000   -101097.2004      1137.8      -100997.1434      -100.0569 19m12s/Msamples
        8781000   -101101.5292      1138.0      -101005.1924       -96.3368 19m12s/Msamples
        8782000   -101112.1760      1138.3      -101010.3422      -101.8337 19m12s/Msamples
        8783000   -101112.0496      1138.6      -101007.9867      -104.0629 19m12s/Msamples
        8784000   -101107.8268      1138.7      -101005.6727      -102.1541 19m12s/Msamples
        8785000   -101103.8633      1138.8      -101005.0204       -98.8429 19m12s/Msamples
        8786000   -101097.0746      1139.1      -100995.8887      -101.1859 19m12s/Msamples
        8787000   -101102.9764      1139.2      -101003.9374       -99.0390 19m12s/Msamples
        8788000   -101099.1882      1139.4      -101000.7447       -98.4434 19m12s/Msamples
        8789000   -101102.9918      1143.4      -101002.6657      -100.3261 19m12s/Msamples
        8790000   -101107.4788      1143.5      -101010.3938       -97.0850 19m12s/Msamples
        8791000   -101105.3712      1143.7      -101005.5974       -99.7737 19m12s/Msamples
        8792000   -101110.4598      1143.9      -101011.9208       -98.5390 19m12s/Msamples
        8793000   -101104.9095      1144.1      -101000.7634      -104.1460 19m12s/Msamples
        8794000   -101103.4030      1144.2      -101001.2306      -102.1724 19m12s/Msamples
        8795000   -101105.2309      1144.4      -101003.8543      -101.3766 19m12s/Msamples
        8796000   -101100.9857      1144.5      -101000.7604      -100.2253 19m12s/Msamples
        8797000   -101109.8354      1144.8      -101009.3529      -100.4825 19m12s/Msamples
        8798000   -101116.7705      1145.6      -101014.8978      -101.8727 19m12s/Msamples
        8799000   -101106.6195      1148.7      -101006.9039       -99.7155 19m12s/Msamples
        8800000   -101113.5969      1149.4      -101009.1583      -104.4385 19m12s/Msamples
        8801000   -101100.4506      1149.5      -100998.4225      -102.0281 19m12s/Msamples
        8802000   -101102.7235      1149.7      -101002.2922      -100.4312 19m12s/Msamples
        8803000   -101102.7278      1149.8      -100998.6306      -104.0972 19m12s/Msamples
        8804000   -101092.1757      1150.2      -100990.8042      -101.3714 19m12s/Msamples
        8805000   -101098.2366      1150.4      -100996.2522      -101.9844 19m12s/Msamples
        8806000   -101101.3862      1150.5      -100999.9282      -101.4580 19m12s/Msamples
        8807000   -101120.6877      1151.4      -101017.2202      -103.4674 19m12s/Msamples
        8808000   -101113.9947      1151.7      -101008.1419      -105.8528 19m12s/Msamples
        8809000   -101113.2314      1155.1      -101012.3376      -100.8938 19m12s/Msamples
        8810000   -101115.2950      1155.4      -101012.9427      -102.3522 19m12s/Msamples
        8811000   -101100.5391      1155.6      -100999.8615      -100.6776 19m12s/Msamples
        8812000   -101099.2531      1155.8      -100997.1584      -102.0946 19m12s/Msamples
        8813000   -101097.1443      1156.1      -100994.0532      -103.0910 19m12s/Msamples
        8814000   -101102.2811      1156.2      -100996.9165      -105.3645 19m12s/Msamples
        8815000   -101098.3867      1156.5      -100992.3470      -106.0397 19m12s/Msamples
        8816000   -101118.5616      1156.5      -101008.6659      -109.8956 19m12s/Msamples
        8817000   -101116.7125      1156.2      -101009.8121      -106.9003 19m12s/Msamples
        8818000   -101109.6334      1155.9      -101004.4358      -105.1976 19m12s/Msamples
        8819000   -101102.8627      1157.4      -100998.4615      -104.4012 19m12s/Msamples
        8820000   -101113.5040      1156.7      -101006.8085      -106.6954 19m12s/Msamples
        8821000   -101113.7729      1155.9      -101007.8574      -105.9154 19m12s/Msamples
        8822000   -101104.9464      1155.6      -101002.4828      -102.4635 19m12s/Msamples
        8823000   -101094.2193      1156.7      -100990.9402      -103.2791 19m12s/Msamples
        8824000   -101093.4104      1158.0      -100991.0897      -102.3207 19m12s/Msamples
        8825000   -101101.2298      1158.2      -100997.6832      -103.5465 19m12s/Msamples
        8826000   -101099.6656      1158.5      -100992.6707      -106.9949 19m12s/Msamples
        8827000   -101102.2142      1158.6      -100994.2888      -107.9253 19m12s/Msamples
        8828000   -101097.3790      1159.3      -100995.7807      -101.5983 19m12s/Msamples
        8829000   -101098.1333      1162.4      -100995.0162      -103.1171 19m12s/Msamples
        8830000   -101091.6554      1164.0      -100985.4674      -106.1880 19m12s/Msamples
        8831000   -101087.3824      1166.2      -100985.2535      -102.1288 19m12s/Msamples
        8832000   -101096.8292      1166.8      -100991.4835      -105.3456 19m12s/Msamples
        8833000   -101101.6365      1166.9      -100998.0528      -103.5837 19m12s/Msamples
        8834000   -101089.9445      1168.4      -100987.5646      -102.3798 19m12s/Msamples
        8835000   -101097.3686      1168.9      -100994.0578      -103.3107 19m12s/Msamples
        8836000   -101103.1468      1168.9      -100999.2624      -103.8844 19m12s/Msamples
        8837000   -101112.1257      1168.4      -101011.3255      -100.8002 19m12s/Msamples
        8838000   -101108.3964      1168.0      -101005.7096      -102.6868 19m12s/Msamples
        8839000   -101113.5792      1170.8      -101011.4887      -102.0905 19m12s/Msamples
        8840000   -101110.9510      1170.2      -101009.8668      -101.0841 19m12s/Msamples
        8841000   -101094.9169      1171.1      -100996.7700       -98.1468 19m12s/Msamples
        8842000   -101099.5387      1171.4      -100998.8328      -100.7059 19m12s/Msamples
        8843000   -101092.9245      1172.4      -100989.9341      -102.9903 19m12s/Msamples
        8844000   -101090.0741      1173.7      -100989.4464      -100.6277 19m12s/Msamples
        8845000   -101095.7775      1174.4      -100996.5949       -99.1825 19m12s/Msamples
        8846000   -101102.9415      1174.4      -100999.1445      -103.7970 19m12s/Msamples
        8847000   -101109.7944      1174.3      -101007.5995      -102.1948 19m12s/Msamples
        8848000   -101108.6932      1174.1      -101005.2251      -103.4680 19m12s/Msamples
        8849000   -101102.1075      1264.3      -100998.9375      -103.1700 19m12s/Msamples
        8850000   -101099.0363      1264.5      -100998.3533      -100.6830 19m12s/Msamples
        8851000   -101101.8734      1264.6      -100996.3363      -105.5371 19m12s/Msamples
        8852000   -101099.9773      1264.8      -100999.4661      -100.5112 19m12s/Msamples
        8853000   -101099.4656      1264.9      -101000.5875       -98.8781 19m12s/Msamples
        8854000   -101104.0438      1265.1      -101001.4520      -102.5918 19m12s/Msamples
        8855000   -101107.9076      1265.3      -101007.6392      -100.2683 19m12s/Msamples
        8856000   -101104.6313      1265.4      -101003.3483      -101.2830 19m12s/Msamples
        8857000   -101103.2951      1265.6      -101000.8881      -102.4070 19m12s/Msamples
        8858000   -101107.7841      1265.6      -101002.9060      -104.8780 19m12s/Msamples
        8859000   -101100.7493      1266.3      -100998.5886      -102.1607 19m12s/Msamples
        8860000   -101097.8141      1266.6      -100997.4328      -100.3813 19m12s/Msamples
        8861000   -101087.7040      1267.4      -100990.4497       -97.2543 19m12s/Msamples
        8862000   -101097.7730      1267.6      -101000.4663       -97.3067 19m12s/Msamples
        8863000   -101104.1805      1267.8      -101001.1655      -103.0149 19m12s/Msamples
        8864000   -101091.3268      1268.1      -100995.6422       -95.6845 19m12s/Msamples
        8865000   -101097.0840      1268.2      -101003.3244       -93.7595 19m12s/Msamples
        8866000   -101090.1518      1268.5      -100996.4304       -93.7214 19m12s/Msamples
        8867000   -101094.6868      1268.7      -100998.4215       -96.2653 19m12s/Msamples
        8868000   -101094.6523      1268.8      -100999.6076       -95.0446 19m12s/Msamples
        8869000   -101101.1323      1269.7      -101001.8516       -99.2807 19m12s/Msamples
        8870000   -101112.9255      1270.5      -101012.5805      -100.3449 19m12s/Msamples
        8871000   -101091.1780      1270.6      -100985.3314      -105.8465 19m12s/Msamples
        8872000   -101100.3622      1270.8      -100998.1918      -102.1703 19m12s/Msamples
        8873000   -101097.6784      1270.8      -100991.6982      -105.9801 19m12s/Msamples
        8874000   -101105.7100      1271.2      -100997.9666      -107.7433 19m12s/Msamples
        8875000   -101116.5053      1272.3      -101009.0212      -107.4840 19m12s/Msamples
        8876000   -101109.1723      1272.8      -101003.7792      -105.3930 19m12s/Msamples
        8877000   -101114.2501      1273.5      -101009.2476      -105.0025 19m12s/Msamples
        8878000   -101112.3901      1274.0      -101008.7903      -103.5998 19m12s/Msamples
        8879000   -101099.2231      1275.1      -100996.3781      -102.8450 19m12s/Msamples
        8880000   -101099.9268      1275.2      -100994.8942      -105.0325 19m12s/Msamples
        8881000   -101102.6819      1275.4      -100997.7578      -104.9240 19m12s/Msamples
        8882000   -101102.5254      1275.6      -100995.0194      -107.5059 19m12s/Msamples
        8883000   -101104.0121      1275.8      -100995.1617      -108.8504 19m12s/Msamples
        8884000   -101099.8734      1275.9      -100988.5045      -111.3688 19m12s/Msamples
        8885000   -101107.1282      1276.1      -100993.8987      -113.2294 19m12s/Msamples
        8886000   -101102.3287      1276.3      -100991.2034      -111.1253 19m12s/Msamples
        8887000   -101112.4269      1276.4      -101003.8133      -108.6136 19m12s/Msamples
        8888000   -101104.3731      1276.5      -100996.6971      -107.6759 19m12s/Msamples
        8889000   -101096.7330      1277.8      -100992.2924      -104.4406 19m12s/Msamples
        8890000   -101100.5534      1278.0      -100998.7869      -101.7665 19m12s/Msamples
        8891000   -101093.6811      1278.7      -100988.8269      -104.8542 19m12s/Msamples
        8892000   -101105.0628      1278.7      -100998.8552      -106.2076 19m12s/Msamples
        8893000   -101087.7306      1279.8      -100985.6734      -102.0572 19m12s/Msamples
        8894000   -101103.3943      1279.9      -100997.9923      -105.4020 19m12s/Msamples
        8895000   -101090.4658      1280.8      -100990.3198      -100.1459 19m12s/Msamples
        8896000   -101098.5554      1281.1      -100995.9686      -102.5867 19m12s/Msamples
        8897000   -101103.4770      1281.2      -100997.2072      -106.2698 19m12s/Msamples
        8898000   -101114.2641      1281.5      -101005.8391      -108.4250 19m12s/Msamples
        8899000   -101102.2014      1282.2      -100995.0585      -107.1429 19m12s/Msamples
        8900000   -101108.5986      1282.4      -101000.8718      -107.7267 19m12s/Msamples
        8901000   -101114.5061      1282.9      -101008.6704      -105.8357 19m12s/Msamples
        8902000   -101113.7224      1283.1      -101004.2903      -109.4321 19m12s/Msamples
        8903000   -101097.7748      1283.4      -100988.7176      -109.0571 19m12s/Msamples
        8904000   -101101.2858      1283.6      -100995.3616      -105.9242 19m12s/Msamples
        8905000   -101090.1688      1284.3      -100987.0563      -103.1125 19m12s/Msamples
        8906000   -101110.3988      1284.5      -101004.1109      -106.2879 19m12s/Msamples
        8907000   -101095.6567      1284.9      -100990.7636      -104.8931 19m12s/Msamples
        8908000   -101092.3661      1285.4      -100988.3708      -103.9953 19m12s/Msamples
        8909000   -101095.1911      1285.6      -100991.4133      -103.7778 19m12s/Msamples
        8910000   -101105.9205      1285.9      -100995.7192      -110.2012 19m12s/Msamples
        8911000   -101096.8395      1286.0      -100991.1321      -105.7074 19m12s/Msamples
        8912000   -101101.6408      1286.2      -100991.7006      -109.9402 19m12s/Msamples
        8913000   -101097.4467      1286.4      -100990.4161      -107.0306 19m12s/Msamples
        8914000   -101101.2298      1286.5      -100996.2975      -104.9322 19m12s/Msamples
        8915000   -101102.8582      1286.7      -100997.5292      -105.3290 19m12s/Msamples
        8916000   -101101.9124      1286.9      -101000.0660      -101.8463 19m12s/Msamples
        8917000   -101110.0691      1287.1      -101004.8077      -105.2613 19m12s/Msamples
        8918000   -101106.3495      1287.2      -101003.5509      -102.7986 19m12s/Msamples
        8919000   -101115.6884      1287.6      -101012.6589      -103.0294 19m12s/Msamples
        8920000   -101103.6439      1287.7      -101002.9560      -100.6879 19m12s/Msamples
        8921000   -101094.9415      1288.2      -100995.9565       -98.9850 19m12s/Msamples
        8922000   -101097.2564      1288.5      -100995.9830      -101.2734 19m12s/Msamples
        8923000   -101099.9326      1288.7      -100997.5114      -102.4212 19m12s/Msamples
        8924000   -101093.8880      1289.0      -100994.3969       -99.4910 19m12s/Msamples
        8925000   -101097.5898      1289.1      -100993.5990      -103.9908 19m12s/Msamples
        8926000   -101101.0427      1289.3      -100993.9830      -107.0596 19m12s/Msamples
        8927000   -101102.1098      1289.4      -100997.5136      -104.5962 19m12s/Msamples
        8928000   -101105.5002      1289.6      -100998.6768      -106.8234 19m12s/Msamples
        8929000   -101095.2580      1289.7      -100991.8287      -103.4292 19m12s/Msamples
        8930000   -101101.9928      1289.9      -101000.3007      -101.6921 19m12s/Msamples
        8931000   -101125.2760      1291.4      -101020.8355      -104.4405 19m12s/Msamples
        8932000   -101095.0195      1291.8      -100997.4830       -97.5364 19m12s/Msamples
        8933000   -101095.2296      1292.1      -100993.4851      -101.7444 19m12s/Msamples
        8934000   -101092.2731      1292.6      -100992.2309      -100.0422 19m12s/Msamples
        8935000   -101111.7294      1292.9      -101003.7622      -107.9671 19m12s/Msamples
        8936000   -101101.7918      1293.1      -100994.2335      -107.5583 19m12s/Msamples
        8937000   -101096.9397      1293.4      -100993.1819      -103.7577 19m12s/Msamples
        8938000   -101099.8647      1293.6      -100999.0272      -100.8374 19m12s/Msamples
        8939000   -101103.4731      1293.7      -100997.5247      -105.9483 19m12s/Msamples
        8940000   -101098.5028      1293.9      -100992.8963      -105.6064 19m12s/Msamples
        8941000   -101097.4109      1294.1      -100994.3033      -103.1076 19m12s/Msamples
        8942000   -101095.7194      1294.2      -100992.2959      -103.4234 19m12s/Msamples
        8943000   -101095.6913      1294.3      -100993.0740      -102.6172 19m12s/Msamples
        8944000   -101104.1978      1294.6      -100999.1202      -105.0776 19m12s/Msamples
        8945000   -101108.1098      1294.9      -101002.0192      -106.0906 19m12s/Msamples
        8946000   -101100.9603      1295.1      -100991.4202      -109.5400 19m12s/Msamples
        8947000   -101095.5179      1295.3      -100991.9759      -103.5419 19m12s/Msamples
        8948000   -101103.5566      1295.5      -101001.5455      -102.0111 19m12s/Msamples
        8949000   -101098.9555      1295.0      -101000.6446       -98.3108 19m12s/Msamples
        8950000   -101100.4409      1295.2      -101001.1570       -99.2838 19m12s/Msamples
        8951000   -101091.7247      1295.5      -100991.2867      -100.4380 19m12s/Msamples
        8952000   -101099.8712      1295.6      -100998.3985      -101.4726 19m12s/Msamples
        8953000   -101093.6762      1295.8      -100992.3814      -101.2948 19m12s/Msamples
        8954000   -101099.7503      1295.9      -100997.7522      -101.9980 19m12s/Msamples
        8955000   -101097.6721      1296.0      -100991.8232      -105.8489 19m12s/Msamples
        8956000   -101105.0301      1296.3      -100998.2400      -106.7900 19m12s/Msamples
        8957000   -101103.0406      1296.5      -100994.7321      -108.3084 19m12s/Msamples
        8958000   -101109.6372      1297.1      -101000.7231      -108.9140 19m12s/Msamples
        8959000   -101104.7369      1297.6      -100997.7395      -106.9973 19m12s/Msamples
        8960000   -101107.8171      1298.0      -101000.9900      -106.8271 19m12s/Msamples
        8961000   -101101.1735      1298.2      -100994.0934      -107.0801 19m12s/Msamples
        8962000   -101098.0248      1298.3      -100990.4126      -107.6121 19m12s/Msamples
        8963000   -101099.6917      1298.5      -100997.3440      -102.3476 19m12s/Msamples
        8964000   -101103.4404      1298.7      -101002.0975      -101.3429 19m12s/Msamples
        8965000   -101101.7751      1298.8      -101000.7171      -101.0580 19m12s/Msamples
        8966000   -101098.6687      1299.0      -100996.5551      -102.1135 19m12s/Msamples
        8967000   -101090.1696      1299.4      -100990.6824       -99.4871 19m12s/Msamples
        8968000   -101108.9099      1299.8      -101008.3213      -100.5886 19m12s/Msamples
        8969000   -101106.4660      1299.8      -101004.5605      -101.9055 19m12s/Msamples
        8970000   -101099.1019      1299.9      -100997.8566      -101.2452 19m12s/Msamples
        8971000   -101088.1190      1300.4      -100985.1720      -102.9470 19m12s/Msamples
        8972000   -101098.4116      1300.5      -100996.6090      -101.8025 19m12s/Msamples
        8973000   -101084.8920      1301.0      -100986.3947       -98.4973 19m12s/Msamples
        8974000   -101094.9742      1301.1      -100995.4193       -99.5548 19m12s/Msamples
        8975000   -101099.3073      1301.2      -101000.7394       -98.5678 19m12s/Msamples
        8976000   -101112.5683      1301.9      -101008.4509      -104.1173 19m12s/Msamples
        8977000   -101100.6427      1302.1      -101002.4412       -98.2014 19m12s/Msamples
        8978000   -101102.9810      1302.2      -100997.8986      -105.0824 19m12s/Msamples
        8979000   -101111.0027      1301.9      -101009.4509      -101.5517 19m12s/Msamples
        8980000   -101105.8932      1302.2      -100999.0643      -106.8289 19m12s/Msamples
        8981000   -101094.3259      1302.4      -100991.9317      -102.3941 19m12s/Msamples
        8982000   -101093.8161      1302.5      -100986.3710      -107.4451 19m12s/Msamples
        8983000   -101096.9333      1302.6      -100991.3414      -105.5919 19m12s/Msamples
        8984000   -101099.2498      1302.7      -100996.5886      -102.6611 19m12s/Msamples
        8985000   -101095.2422      1302.8      -100995.6176       -99.6246 19m12s/Msamples
        8986000   -101092.1179      1302.8      -100992.9858       -99.1320 19m12s/Msamples
        8987000   -101100.6844      1302.9      -101000.6346      -100.0497 19m12s/Msamples
        8988000   -101092.0065      1302.8      -100995.1607       -96.8458 19m12s/Msamples
        8989000   -101098.7658      1301.7      -101000.9787       -97.7870 19m12s/Msamples
        8990000   -101093.5898      1301.7      -100994.9968       -98.5929 19m12s/Msamples
        8991000   -101097.7842      1301.6      -101000.6798       -97.1043 19m12s/Msamples
        8992000   -101097.5488      1301.6      -101001.2813       -96.2675 19m12s/Msamples
        8993000   -101093.3694      1301.3      -100993.0671      -100.3023 19m12s/Msamples
        8994000   -101091.3643      1301.1      -100989.3677      -101.9965 19m12s/Msamples
        8995000   -101092.4169      1300.8      -100994.4421       -97.9748 19m12s/Msamples
        8996000   -101096.0072      1300.7      -100993.7887      -102.2184 19m12s/Msamples
        8997000   -101090.7188      1300.5      -100989.3336      -101.3851 19m12s/Msamples
        8998000   -101093.3026      1300.3      -100991.9430      -101.3596 19m12s/Msamples
        8999000   -101097.3298      1301.5      -100995.4089      -101.9209 19m12s/Msamples
        9000000   -101104.5698      1302.0      -101001.5033      -103.0664 19m12s/Msamples
        9001000   -101103.2153      1302.3      -101003.3705       -99.8448 19m12s/Msamples
        9002000   -101106.6020      1303.1      -101002.4379      -104.1641 19m12s/Msamples
        9003000   -101101.7083      1303.3      -100997.1200      -104.5882 19m12s/Msamples
        9004000   -101116.8967      1305.3      -101007.9036      -108.9931 19m12s/Msamples
        9005000   -101113.8214      1306.7      -101002.4067      -111.4146 19m12s/Msamples
        9006000   -101109.6807      1307.4      -101002.4286      -107.2521 19m12s/Msamples
        9007000   -101097.1645      1307.4      -100989.4898      -107.6747 19m12s/Msamples
        9008000   -101107.0287      1307.9      -101002.5812      -104.4475 19m12s/Msamples
        9009000   -101105.4147      1308.7      -100999.2390      -106.1756 19m12s/Msamples
        9010000   -101097.8924      1308.8      -100996.0750      -101.8173 19m12s/Msamples
        9011000   -101080.6097      1309.6      -100984.3678       -96.2418 19m12s/Msamples
        9012000   -101086.1088      1309.7      -100989.2772       -96.8315 19m12s/Msamples
        9013000   -101092.9855      1309.7      -100998.8636       -94.1219 19m12s/Msamples
        9014000   -101100.0031      1309.8      -101003.3126       -96.6904 19m12s/Msamples
        9015000   -101096.9966      1309.8      -100998.9370       -98.0596 19m12s/Msamples
        9016000   -101095.4242      1309.8      -100999.8557       -95.5685 19m12s/Msamples
        9017000   -101097.9485      1309.9      -101007.9146       -90.0338 19m12s/Msamples
        9018000   -101090.1148      1310.0      -100998.2489       -91.8659 19m12s/Msamples
        9019000   -101091.4146      1311.3      -101001.6524       -89.7621 19m12s/Msamples
        9020000   -101101.0709      1311.5      -101009.1312       -91.9397 19m12s/Msamples
        9021000   -101093.7368      1311.5      -101002.6372       -91.0996 19m12s/Msamples
        9022000   -101087.5861      1311.7      -100994.5894       -92.9967 19m12s/Msamples
        9023000   -101092.1214      1311.6      -101005.2734       -86.8479 19m12s/Msamples
        9024000   -101091.8893      1311.4      -101003.4498       -88.4394 19m12s/Msamples
        9025000   -101081.0256      1311.1      -100994.9010       -86.1246 19m12s/Msamples
        9026000   -101084.9368      1310.4      -101001.0394       -83.8974 19m12s/Msamples
        9027000   -101095.5783      1310.0      -101011.7834       -83.7949 19m12s/Msamples
        9028000   -101100.5156      1310.0      -101011.0462       -89.4694 19m12s/Msamples
        9029000   -101085.2411      1308.0      -100997.6962       -87.5449 19m12s/Msamples
        9030000   -101088.9304      1306.6      -101001.0912       -87.8391 19m12s/Msamples
        9031000   -101085.1873      1304.7      -100996.1168       -89.0705 19m12s/Msamples
        9032000   -101093.0985      1303.6      -100998.6008       -94.4977 19m12s/Msamples
        9033000   -101096.6161      1302.9      -101005.1049       -91.5111 19m12s/Msamples
        9034000   -101084.2503      1300.8      -100995.1938       -89.0564 19m12s/Msamples
        9035000   -101091.9423      1299.6      -101000.4728       -91.4695 19m12s/Msamples
        9036000   -101096.1742      1298.9      -101008.2454       -87.9288 19m12s/Msamples
        9037000   -101091.7418      1297.6      -101004.8369       -86.9048 19m13s/Msamples
        9038000   -101084.0068      1295.4      -100995.5003       -88.5065 19m13s/Msamples
        9039000   -101083.9701      1295.4      -100995.2145       -88.7556 19m13s/Msamples
        9040000   -101078.4640      1292.2      -100990.8239       -87.6401 19m13s/Msamples
        9041000   -101077.1307      1288.6      -100987.1851       -89.9455 19m13s/Msamples
        9042000   -101080.4265      1186.9      -100992.3552       -88.0713 19m13s/Msamples
        9043000   -101077.3959      1171.0      -100990.1065       -87.2894 19m13s/Msamples
        9044000   -101080.4785      1166.0      -100992.3187       -88.1597 19m13s/Msamples
        9045000   -101088.0589      1162.6      -100995.7839       -92.2749 19m13s/Msamples
        9046000   -101090.0785      1159.6      -100998.1984       -91.8800 19m13s/Msamples
        9047000   -101087.1013      1155.8      -100996.6844       -90.4168 19m13s/Msamples
        9048000   -101084.0798      1151.2      -100994.7670       -89.3127 19m13s/Msamples
        9049000   -101082.8009      1146.6      -100996.9082       -85.8927 19m13s/Msamples
        9050000   -101087.1754      1142.6      -100998.0494       -89.1260 19m13s/Msamples
        9051000   -101095.7814      1141.0      -101006.4119       -89.3694 19m13s/Msamples
        9052000   -101092.3970      1138.5      -101002.4233       -89.9737 19m13s/Msamples
        9053000   -101100.6324      1138.4      -101012.2368       -88.3956 19m13s/Msamples
        9054000   -101090.9890      1135.6      -101000.1542       -90.8348 19m13s/Msamples
        9055000   -101085.7178      1131.3      -100999.1210       -86.5967 19m13s/Msamples
        9056000   -101080.3029      1125.7      -100991.6209       -88.6819 19m13s/Msamples
        9057000   -101081.9313      1120.4      -100993.5454       -88.3858 19m13s/Msamples
        9058000   -101079.9051      1114.4      -100991.0299       -88.8752 19m13s/Msamples
        9059000   -101079.2039      1109.0      -100991.8848       -87.3191 19m13s/Msamples
        9060000   -101086.6560      1104.5      -100998.4366       -88.2193 19m13s/Msamples
        9061000   -101084.8285      1099.2      -101001.0747       -83.7538 19m13s/Msamples
        9062000   -101080.2469      1092.6      -100996.5577       -83.6892 19m13s/Msamples
        9063000   -101084.4452      1086.9      -101000.6698       -83.7754 19m13s/Msamples
        9064000   -101080.1014      1079.6      -100996.1093       -83.9920 19m13s/Msamples
        9065000   -101077.8107      1071.3      -100996.5621       -81.2485 19m13s/Msamples
        9066000   -101081.4192      1064.0      -100994.2136       -87.2055 19m13s/Msamples
        9067000   -101076.5496      1055.0      -100992.0412       -84.5084 19m13s/Msamples
        9068000   -101081.7815      1047.6      -101001.5946       -80.1869 19m13s/Msamples
        9069000   -101082.9450      1041.5      -101002.1026       -80.8423 19m13s/Msamples
        9070000   -101083.7019      1034.8      -101000.9116       -82.7903 19m13s/Msamples
        9071000   -101078.1144      1026.3      -100996.2361       -81.8783 19m13s/Msamples
        9072000   -101078.1042      1017.8      -100997.8727       -80.2315 19m13s/Msamples
        9073000   -101085.0448      1011.6      -101000.6610       -84.3837 19m13s/Msamples
        9074000   -101076.2843      1002.3      -100993.0990       -83.1852 19m13s/Msamples
        9075000   -101091.9986       998.7      -101006.5140       -85.4845 19m13s/Msamples
        9076000   -101089.7281       994.2      -101003.2661       -86.4619 19m13s/Msamples
        9077000   -101083.3850       987.5      -101000.6075       -82.7775 19m13s/Msamples
        9078000   -101083.0349       980.6      -101001.4419       -81.5930 19m13s/Msamples
        9079000   -101087.6084       975.9      -101005.4840       -82.1243 19m13s/Msamples
        9080000   -101086.7737       970.3      -101005.7093       -81.0644 19m13s/Msamples
        9081000   -101089.0301       929.3      -101009.7295       -79.3005 19m13s/Msamples
        9082000   -101099.2324       928.6      -101018.0359       -81.1964 19m13s/Msamples
        9083000   -101099.0794       927.9      -101016.8192       -82.2601 19m13s/Msamples
        9084000   -101110.7980       932.1      -101026.4655       -84.3324 19m13s/Msamples
        9085000   -101097.2822       930.6      -101012.9647       -84.3175 19m13s/Msamples
        9086000   -101089.6497       926.2      -101002.2102       -87.4395 19m13s/Msamples
        9087000   -101088.4078       921.2      -101000.4012       -88.0066 19m13s/Msamples
        9088000   -101083.6091       914.4      -100997.8225       -85.7866 19m13s/Msamples
        9089000   -101084.4969       908.4      -100999.9078       -84.5890 19m13s/Msamples
        9090000   -101077.8137       899.4      -100992.4188       -85.3949 19m13s/Msamples
        9091000   -101079.0601       890.9      -100997.5125       -81.5475 19m13s/Msamples
        9092000   -101081.1647       883.2      -100993.5193       -87.6454 19m13s/Msamples
        9093000   -101083.3866       876.2      -100994.2041       -89.1824 19m13s/Msamples
        9094000   -101073.7885       866.1      -100990.1405       -83.6480 19m13s/Msamples
        9095000   -101088.8578       861.3      -101005.2038       -83.6539 19m13s/Msamples
        9096000   -101072.7801       851.1      -100989.6598       -83.1202 19m13s/Msamples
        9097000   -101091.7273       847.4      -101010.3896       -81.3376 19m13s/Msamples
        9098000   -101095.1449       845.1      -101012.6800       -82.4649 19m13s/Msamples
        9099000   -101099.3216       844.8      -101013.0444       -86.2772 19m13s/Msamples
        9100000   -101109.1256       848.3      -101021.9927       -87.1328 19m13s/Msamples
        9101000   -101099.6356       847.8      -101018.1246       -81.5110 19m13s/Msamples
        9102000   -101105.2305       849.6      -101023.7134       -81.5170 19m13s/Msamples
        9103000   -101103.5993       850.7      -101021.4239       -82.1753 19m13s/Msamples
        9104000   -101092.2674       847.4      -101009.3022       -82.9651 19m13s/Msamples
        9105000   -101098.5568       846.4      -101019.7360       -78.8208 19m13s/Msamples
        9106000   -101087.0181       841.4      -101007.4274       -79.5907 19m13s/Msamples
        9107000   -101090.8448       837.7      -101010.6682       -80.1766 19m13s/Msamples
        9108000   -101076.9415       829.5      -100993.7535       -83.1880 19m13s/Msamples
        9109000   -101088.9420       825.8      -101007.0562       -81.8857 19m13s/Msamples
        9110000   -101076.6905       817.7      -100997.6798       -79.0106 19m13s/Msamples
        9111000   -101085.7675       812.5      -101002.5660       -83.2015 19m13s/Msamples
        9112000   -101082.3741       806.2      -101001.2217       -81.1524 19m13s/Msamples
        9113000   -101083.1329       800.2      -100998.9794       -84.1535 19m13s/Msamples
        9114000   -101074.4145       791.9      -100991.1462       -83.2682 19m13s/Msamples
        9115000   -101082.7012       785.9      -100997.5340       -85.1671 19m13s/Msamples
        9116000   -101086.0868       781.0      -100997.1152       -88.9715 19m13s/Msamples
        9117000   -101084.6643       775.7      -100995.7054       -88.9589 19m13s/Msamples
        9118000   -101074.1710       767.4      -100990.2510       -83.9199 19m13s/Msamples
        9119000   -101077.7874       760.5      -100997.1716       -80.6158 19m13s/Msamples
        9120000   -101078.4917       753.5      -100997.1257       -81.3660 19m13s/Msamples
        9121000   -101085.6671       748.6      -101007.4105       -78.2565 19m13s/Msamples
        9122000   -101087.3738       744.3      -101007.0330       -80.3408 19m13s/Msamples
        9123000   -101071.1224       735.6      -100992.7853       -78.3370 19m13s/Msamples
        9124000   -101077.8824       728.8      -100998.7937       -79.0887 19m13s/Msamples
        9125000   -101088.5232       725.0      -101000.6188       -87.9043 19m13s/Msamples
        9126000   -101095.2091       723.2      -101010.9156       -84.2934 19m13s/Msamples
        9127000   -101091.3061       719.2      -101007.9382       -83.3679 19m13s/Msamples
        9128000   -101082.8552       713.7      -100996.7454       -86.1097 19m13s/Msamples
        9129000   -101078.9755       708.0      -100996.0469       -82.9286 19m13s/Msamples
        9130000   -101082.3565       702.6      -100997.3052       -85.0512 19m13s/Msamples
        9131000   -101073.4780       695.1      -100989.0043       -84.4736 19m13s/Msamples
        9132000   -101087.7182       691.3      -100999.7996       -87.9185 19m13s/Msamples
        9133000   -101073.4922       683.8      -100991.3640       -82.1281 19m13s/Msamples
        9134000   -101089.8053       678.1      -101008.2622       -81.5430 19m13s/Msamples
        9135000   -101086.8439       674.0      -101004.9194       -81.9244 19m13s/Msamples
        9136000   -101092.6143       671.5      -101012.4467       -80.1675 19m13s/Msamples
        9137000   -101077.7688       665.2      -101000.4449       -77.3239 19m13s/Msamples
        9138000   -101079.3811       659.4      -101001.7494       -77.6316 19m13s/Msamples
        9139000   -101083.6207       655.2      -101007.3023       -76.3184 19m13s/Msamples
        9140000   -101093.0454       653.0      -101015.9768       -77.0685 19m13s/Msamples
        9141000   -101073.8848       646.2      -100997.7531       -76.1317 19m13s/Msamples
        9142000   -101070.5917       638.8      -100996.4574       -74.1342 19m13s/Msamples
        9143000   -101077.1106       632.8      -101001.7940       -75.3166 19m13s/Msamples
        9144000   -101074.9313       626.5      -100997.4613       -77.4699 19m13s/Msamples
        9145000   -101066.8234       618.5      -100997.6515       -69.1719 19m13s/Msamples
        9146000   -101071.1997       611.5      -100998.8720       -72.3276 19m13s/Msamples
        9147000   -101081.7116       606.9      -101005.5991       -76.1125 19m13s/Msamples
        9148000   -101092.2270       604.7      -101017.5447       -74.6823 19m13s/Msamples
        9149000   -101088.2867       601.7      -101015.8799       -72.4067 19m13s/Msamples
        9150000   -101088.6657       598.6      -101014.7597       -73.9059 19m13s/Msamples
        9151000   -101087.4241       595.4      -101011.5004       -75.9237 19m13s/Msamples
        9152000   -101088.4807       592.4      -101012.1634       -76.3173 19m13s/Msamples
        9153000   -101084.9180       588.6      -101011.8696       -73.0483 19m13s/Msamples
        9154000   -101084.0836       584.8      -101008.3959       -75.6876 19m13s/Msamples
        9155000   -101077.0446       579.6      -101002.4523       -74.5923 19m13s/Msamples
        9156000   -101088.2740       576.8      -101015.1293       -73.1447 19m13s/Msamples
        9157000   -101078.7838       570.3      -101002.6632       -76.1206 19m13s/Msamples
        9158000   -101080.8477       565.5      -100999.6481       -81.1996 19m13s/Msamples
        9159000   -101086.6660       562.4      -101005.4008       -81.2651 19m13s/Msamples
        9160000   -101070.1357       555.8      -100993.2291       -76.9065 19m13s/Msamples
        9161000   -101084.0901       551.9      -101006.2541       -77.8359 19m13s/Msamples
        9162000   -101081.0208       547.5      -101000.4677       -80.5531 19m13s/Msamples
        9163000   -101081.0483       543.0      -101003.3425       -77.7058 19m13s/Msamples
        9164000   -101077.6573       537.9      -100996.9654       -80.6919 19m13s/Msamples
        9165000   -101074.4755       532.2      -100994.0695       -80.4060 19m13s/Msamples
        9166000   -101084.8567       528.7      -101000.0325       -84.8242 19m13s/Msamples
        9167000   -101084.4018       525.1      -100997.0997       -87.3020 19m13s/Msamples
        9168000   -101087.0388       522.1      -101000.9959       -86.0428 19m13s/Msamples
        9169000   -101082.7178       518.5      -100991.2620       -91.4557 19m14s/Msamples
        9170000   -101084.1043       515.1      -100998.3309       -85.7734 19m14s/Msamples
        9171000   -101087.3116       512.3      -100997.4685       -89.8430 19m13s/Msamples
        9172000   -101091.5016       510.3      -101002.9690       -88.5325 19m14s/Msamples
        9173000   -101080.8131       506.4      -100990.7462       -90.0669 19m14s/Msamples
        9174000   -101085.2157       503.4      -100996.1026       -89.1130 19m14s/Msamples
        9175000   -101087.6087       500.8      -100998.9240       -88.6847 19m14s/Msamples
        9176000   -101095.6678       499.8      -100997.5926       -98.0751 19m14s/Msamples
        9177000   -101096.6750       499.0      -101004.3598       -92.3152 19m14s/Msamples
        9178000   -101102.9066       499.4      -101007.9151       -94.9914 19m14s/Msamples
        9179000   -101107.1608       500.8      -101010.6752       -96.4855 19m14s/Msamples
        9180000   -101115.4468       503.9      -101018.7839       -96.6629 19m14s/Msamples
        9181000   -101122.8417       508.7      -101025.8105       -97.0312 19m14s/Msamples
        9182000   -101105.3960       509.6      -101005.9994       -99.3966 19m14s/Msamples
        9183000   -101110.9792       511.7      -101008.6249      -102.3543 19m14s/Msamples
        9184000   -101118.1056       515.3      -101015.1866      -102.9189 19m14s/Msamples
        9185000   -101111.7124       517.5      -101007.1848      -104.5275 19m14s/Msamples
        9186000   -101115.9237       520.6      -101011.4613      -104.4623 19m14s/Msamples
        9187000   -101115.1369       523.4      -101009.3521      -105.7848 19m14s/Msamples
        9188000   -101109.4937       525.1      -101003.8970      -105.5967 19m14s/Msamples
        9189000   -101112.1691       527.5      -101008.1240      -104.0451 19m14s/Msamples
        9190000   -101124.4548       532.3      -101019.1995      -105.2553 19m14s/Msamples
        9191000   -101109.4137       533.9      -101007.0164      -102.3972 19m14s/Msamples
        9192000   -101113.1533       536.3      -101011.4338      -101.7194 19m14s/Msamples
        9193000   -101109.5193       537.9      -101006.4820      -103.0373 19m14s/Msamples
        9194000   -101109.4406       539.5      -101004.0391      -105.4014 19m14s/Msamples
        9195000   -101108.6750       541.0      -101002.7165      -105.9585 19m14s/Msamples
        9196000   -101099.7922       540.9      -100998.1220      -101.6702 19m14s/Msamples
        9197000   -101107.3681       542.1      -101005.4169      -101.9512 19m14s/Msamples
        9198000   -101110.0177       543.8      -101005.6129      -104.4047 19m14s/Msamples
        9199000   -101096.5023       543.2      -100993.4966      -103.0056 19m14s/Msamples
        9200000   -101101.1667       543.3      -100994.1755      -106.9912 19m14s/Msamples
        9201000   -101092.6636       542.1      -100991.6225      -101.0410 19m14s/Msamples
        9202000   -101093.6017       541.0      -100992.4210      -101.1806 19m14s/Msamples
        9203000   -101095.9129       540.3      -100992.2936      -103.6193 19m14s/Msamples
        9204000   -101100.2982       540.2      -100998.9975      -101.3007 19m14s/Msamples
        9205000   -101108.4087       541.5      -101005.5904      -102.8183 19m14s/Msamples
        9206000   -101096.5274       540.9      -100996.2987      -100.2286 19m14s/Msamples
        9207000   -101095.1538       540.1      -100994.5564      -100.5973 19m14s/Msamples
        9208000   -101097.5708       539.7      -100995.6199      -101.9509 19m14s/Msamples
        9209000   -101089.7462       538.1      -100989.9647       -99.7814 19m14s/Msamples
        9210000   -101100.9649       538.2      -101003.4610       -97.5039 19m14s/Msamples
        9211000   -101106.5140       539.1      -101004.2518      -102.2622 19m14s/Msamples
        9212000   -101102.5025       539.4      -101001.1067      -101.3958 19m14s/Msamples
        9213000   -101107.3117       540.4      -101005.1453      -102.1663 19m14s/Msamples
        9214000   -101126.4562       545.0      -101022.3973      -104.0588 19m14s/Msamples
        9215000   -101123.5710       548.9      -101014.7017      -108.8692 19m14s/Msamples
        9216000   -101112.1667       550.7      -101004.6136      -107.5530 19m14s/Msamples
        9217000   -101123.8987       554.6      -101013.4449      -110.4538 19m14s/Msamples
        9218000   -101097.5882       554.2      -100995.4754      -102.1128 19m14s/Msamples
        9219000   -101115.3066       556.5      -101010.3780      -104.9285 19m14s/Msamples
        9220000   -101125.1207       560.4      -101017.5420      -107.5786 19m14s/Msamples
        9221000   -101120.1290       563.3      -101012.6604      -107.4685 19m14s/Msamples
        9222000   -101127.2344       569.4      -101019.7794      -107.4549 19m14s/Msamples
        9223000   -101121.7480       571.6      -101013.3111      -108.4369 19m14s/Msamples
        9224000   -101121.6300       573.7      -101015.7364      -105.8935 19m14s/Msamples
        9225000   -101115.4945       575.1      -101011.9473      -103.5472 19m14s/Msamples
        9226000   -101111.5076       576.0      -101008.0611      -103.4464 19m14s/Msamples
        9227000   -101105.4683       576.4      -101002.1643      -103.3040 19m14s/Msamples
        9228000   -101100.7863       576.4      -101000.7552      -100.0311 19m14s/Msamples
        9229000   -101102.0046       576.5      -101001.5145      -100.4900 19m14s/Msamples
        9230000   -101097.0828       576.4      -100994.2887      -102.7940 19m14s/Msamples
        9231000   -101100.0104       576.4      -100996.6946      -103.3158 19m14s/Msamples
        9232000   -101104.7134       576.7      -100998.4989      -106.2144 19m14s/Msamples
        9233000   -101103.2187       576.8      -100999.8210      -103.3976 19m14s/Msamples
        9234000   -101101.0406       576.9      -100996.9954      -104.0451 19m14s/Msamples
        9235000   -101109.3741       577.4      -101004.4938      -104.8803 19m14s/Msamples
        9236000   -101096.3830       577.3      -100991.6392      -104.7437 19m14s/Msamples
        9237000   -101093.5776       577.2      -100991.8409      -101.7367 19m14s/Msamples
        9238000   -101098.3345       577.1      -100995.1209      -103.2136 19m14s/Msamples
        9239000   -101098.6150       576.8      -100996.4113      -102.2036 19m14s/Msamples
        9240000   -101095.5888       576.8      -100994.6773      -100.9114 19m14s/Msamples
        9241000   -101106.2337       577.0      -101001.2209      -105.0128 19m14s/Msamples
        9242000   -101114.6601       577.5      -101008.8548      -105.8053 19m14s/Msamples
        9243000   -101111.9752       577.8      -101003.9247      -108.0504 19m14s/Msamples
        9244000   -101110.8580       578.1      -101003.5879      -107.2700 19m14s/Msamples
        9245000   -101116.3676       578.5      -101010.8436      -105.5240 19m14s/Msamples
        9246000   -101108.9556       578.6      -101002.5994      -106.3562 19m14s/Msamples
        9247000   -101102.0612       578.7      -100993.9432      -108.1180 19m14s/Msamples
        9248000   -101110.5712       578.8      -101005.5719      -104.9992 19m14s/Msamples
        9249000   -101114.5523       579.0      -101010.0630      -104.4893 19m14s/Msamples
        9250000   -101108.0726       579.0      -101000.3956      -107.6769 19m14s/Msamples
        9251000   -101114.6913       579.1      -101006.6099      -108.0813 19m14s/Msamples
        9252000   -101116.3809       579.0      -101005.2754      -111.1054 19m14s/Msamples
        9253000   -101127.0028       579.1      -101014.3833      -112.6194 19m14s/Msamples
        9254000   -101120.8797       578.9      -101006.1010      -114.7787 19m14s/Msamples
        9255000   -101113.6845       578.6      -100997.9609      -115.7235 19m14s/Msamples
        9256000   -101122.0160       578.1      -101005.4208      -116.5952 19m14s/Msamples
        9257000   -101105.2600       577.9      -100993.6598      -111.6002 19m14s/Msamples
        9258000   -101102.0906       577.9      -100990.6932      -111.3973 19m14s/Msamples
        9259000   -101101.7894       577.9      -100992.6112      -109.1781 19m14s/Msamples
        9260000   -101110.8370       577.4      -100999.1655      -111.6715 19m14s/Msamples
        9261000   -101107.7561       577.0      -100997.7322      -110.0239 19m14s/Msamples
        9262000   -101107.1349       576.7      -100998.7242      -108.4106 19m14s/Msamples
        9263000   -101116.5272       575.8      -101008.9877      -107.5394 19m14s/Msamples
        9264000   -101121.8835       574.6      -101007.1960      -114.6875 19m14s/Msamples
        9265000   -101096.5495       575.1      -100990.4011      -106.1483 19m14s/Msamples
        9266000   -101101.5640       575.1      -100994.7863      -106.7777 19m14s/Msamples
        9267000   -101108.3460       574.6      -100997.7447      -110.6013 19m14s/Msamples
        9268000   -101104.3356       574.3      -100998.9912      -105.3444 19m14s/Msamples
        9269000   -101101.9569       574.4      -101002.0043       -99.9525 19m14s/Msamples
        9270000   -101104.6862       574.1      -100998.9578      -105.7284 19m14s/Msamples
        9271000   -101100.8990       574.2      -100999.0379      -101.8610 19m14s/Msamples
        9272000   -101101.3345       574.2      -100999.6142      -101.7202 19m14s/Msamples
        9273000   -101111.3783       573.3      -101006.1005      -105.2778 19m14s/Msamples
        9274000   -101101.4173       573.4      -101000.6945      -100.7228 19m14s/Msamples
        9275000   -101103.3359       573.2      -101002.4180      -100.9178 19m14s/Msamples
        9276000   -101111.6220       572.4      -101006.6141      -105.0078 19m14s/Msamples
        9277000   -101103.9990       572.2      -101002.6359      -101.3631 19m14s/Msamples
        9278000   -101106.1886       571.8      -101002.0528      -104.1357 19m14s/Msamples
        9279000   -101106.8098       571.5      -101004.7453      -102.0644 19m14s/Msamples
        9280000   -101114.9853       570.5      -101009.2015      -105.7838 19m14s/Msamples
        9281000   -101107.0501       570.0      -100997.3520      -109.6981 19m14s/Msamples
        9282000   -101101.7301       570.0      -100993.8626      -107.8674 19m14s/Msamples
        9283000   -101109.7349       569.4      -101004.6973      -105.0376 19m14s/Msamples
        9284000   -101108.4574       568.9      -101003.7543      -104.7030 19m14s/Msamples
        9285000   -101100.9179       569.0      -101000.4161      -100.5018 19m14s/Msamples
        9286000   -101117.0201       567.9      -101013.0520      -103.9681 19m14s/Msamples
        9287000   -101118.5510       566.8      -101008.1011      -110.4498 19m14s/Msamples
        9288000   -101124.1239       565.4      -101008.6448      -115.4790 19m14s/Msamples
        9289000   -101122.9647       564.2      -101009.8013      -113.1634 19m14s/Msamples
        9290000   -101121.1684       562.8      -101007.4127      -113.7557 19m14s/Msamples
        9291000   -101108.5248       562.2      -100995.9598      -112.5649 19m14s/Msamples
        9292000   -101107.0600       561.8      -100996.2716      -110.7884 19m14s/Msamples
        9293000   -101111.9356       561.0      -100999.2449      -112.6906 19m14s/Msamples
        9294000   -101119.2475       559.7      -101011.3683      -107.8792 19m14s/Msamples
        9295000   -101107.9478       559.1      -101000.2638      -107.6840 19m14s/Msamples
        9296000   -101105.3801       558.8      -100995.9589      -109.4212 19m14s/Msamples
        9297000   -101102.1869       558.8      -100987.1835      -115.0034 19m14s/Msamples
        9298000   -101104.3637       558.5      -100993.9739      -110.3897 19m14s/Msamples
        9299000   -101114.4005       557.4      -101001.9098      -112.4907 19m14s/Msamples
        9300000   -101109.5679       556.7      -100998.1918      -111.3761 19m14s/Msamples
        9301000   -101102.5512       556.6      -100998.2156      -104.3355 19m14s/Msamples
        9302000   -101103.7176       556.4      -101001.2637      -102.4538 19m14s/Msamples
        9303000   -101105.9657       556.0      -101004.2464      -101.7192 19m14s/Msamples
        9304000   -101115.8331       554.8      -101013.5820      -102.2510 19m14s/Msamples
        9305000   -101116.6844       553.4      -101016.0608      -100.6236 19m14s/Msamples
        9306000   -101118.9360       551.9      -101019.8148       -99.1212 19m14s/Msamples
        9307000   -101110.5089       551.0      -101013.2944       -97.2144 19m14s/Msamples
        9308000   -101108.9785       550.3      -101008.5989      -100.3795 19m14s/Msamples
        9309000   -101104.0613       550.1      -100998.4803      -105.5810 19m14s/Msamples
        9310000   -101115.1612       548.8      -101014.8662      -100.2950 19m14s/Msamples
        9311000   -101106.8298       548.2      -101004.1727      -102.6570 19m13s/Msamples
        9312000   -101110.9149       547.4      -101012.4408       -98.4741 19m13s/Msamples
        9313000   -101114.2783       546.2      -101010.9390      -103.3392 19m13s/Msamples
        9314000   -101110.5516       545.4      -101008.9069      -101.6447 19m14s/Msamples
        9315000   -101122.1944       543.7      -101016.2220      -105.9724 19m14s/Msamples
        9316000   -101102.2302       543.6      -100996.8013      -105.4289 19m14s/Msamples
        9317000   -101099.9573       543.8      -100998.3442      -101.6131 19m14s/Msamples
        9318000   -101106.3440       543.4      -101001.3030      -105.0410 19m14s/Msamples
        9319000   -101114.6623       542.3      -101005.6168      -109.0454 19m14s/Msamples
        9320000   -101117.7031       541.1      -101007.7345      -109.9686 19m14s/Msamples
        9321000   -101114.2937       540.1      -101007.0446      -107.2490 19m14s/Msamples
        9322000   -101110.1348       539.4      -100998.2833      -111.8514 19m14s/Msamples
        9323000   -101111.3907       538.6      -101005.8929      -105.4978 19m14s/Msamples
        9324000   -101097.2479       539.0      -100993.0232      -104.2246 19m14s/Msamples
        9325000   -101115.3893       538.0      -101014.0522      -101.3371 19m14s/Msamples
        9326000   -101105.5728       537.6      -101001.2963      -104.2764 19m13s/Msamples
        9327000   -101099.7980       537.8      -100997.3601      -102.4378 19m14s/Msamples
        9328000   -101092.2011       538.8      -100993.3807       -98.8204 19m13s/Msamples
        9329000   -101096.8742       539.3      -100994.6690      -102.2051 19m13s/Msamples
        9330000   -101101.0296       539.3      -100998.8271      -102.2025 19m13s/Msamples
        9331000   -101107.3705       538.9      -101007.8060       -99.5644 19m14s/Msamples
        9332000   -101093.9209       539.6      -100995.7500       -98.1708 19m14s/Msamples
        9333000   -101100.8936       539.7      -101001.5640       -99.3295 19m14s/Msamples
        9334000   -101098.6210       540.0      -101001.2534       -97.3675 19m14s/Msamples
        9335000   -101109.8230       539.3      -101011.0268       -98.7962 19m14s/Msamples
        9336000   -101088.7829       540.7      -100994.0053       -94.7776 19m14s/Msamples
        9337000   -101104.0496       540.5      -101007.2483       -96.8012 19m14s/Msamples
        9338000   -101101.7152       540.5      -101004.3842       -97.3310 19m14s/Msamples
        9339000   -101095.3884       541.1      -100996.5341       -98.8542 19m14s/Msamples
        9340000   -101096.7162       541.6      -100995.0872      -101.6290 19m14s/Msamples
        9341000   -101104.9202       541.3      -101001.5868      -103.3333 19m14s/Msamples
        9342000   -101107.9096       540.8      -101006.6275      -101.2820 19m14s/Msamples
        9343000   -101106.5485       540.5      -101002.3374      -104.2110 19m14s/Msamples
        9344000   -101102.3129       540.4      -101001.5965      -100.7163 19m14s/Msamples
        9345000   -101106.0508       540.1      -101001.4563      -104.5944 19m14s/Msamples
        9346000   -101105.1967       539.8      -101001.5870      -103.6097 19m14s/Msamples
        9347000   -101107.1462       539.4      -101005.5021      -101.6440 19m14s/Msamples
        9348000   -101109.4133       538.8      -101008.9372      -100.4761 19m14s/Msamples
        9349000   -101102.1749       538.7      -101002.9612       -99.2137 19m14s/Msamples
        9350000   -101104.2368       538.5      -101004.7599       -99.4769 19m14s/Msamples
        9351000   -101113.4869       537.8      -101006.6742      -106.8126 19m14s/Msamples
        9352000   -101104.3096       537.6      -101002.6986      -101.6109 19m14s/Msamples
        9353000   -101102.9005       537.5      -100999.1114      -103.7891 19m14s/Msamples
        9354000   -101111.0946       537.0      -101004.4286      -106.6659 19m14s/Msamples
        9355000   -101095.3273       537.5      -100992.7503      -102.5770 19m14s/Msamples
        9356000   -101097.7783       537.8      -100999.2498       -98.5285 19m14s/Msamples
        9357000   -101094.5904       538.4      -100995.2130       -99.3774 19m14s/Msamples
        9358000   -101090.9808       539.3      -100991.4201       -99.5607 19m14s/Msamples
        9359000   -101099.7452       539.2      -101001.1913       -98.5538 19m14s/Msamples
        9360000   -101099.6840       539.3      -100999.2175      -100.4664 19m14s/Msamples
        9361000   -101100.1548       539.5      -100997.5368      -102.6180 19m14s/Msamples
        9362000   -101101.4357       539.5      -101000.8346      -100.6010 19m14s/Msamples
        9363000   -101117.4126       538.8      -101014.7092      -102.7033 19m14s/Msamples
        9364000   -101100.0073       538.9      -100998.7578      -101.2494 19m14s/Msamples
        9365000   -101107.7275       538.6      -101004.8488      -102.8786 19m14s/Msamples
        9366000   -101104.0957       538.4      -101002.6213      -101.4743 19m14s/Msamples
        9367000   -101097.8450       538.7      -100996.9484      -100.8965 19m14s/Msamples
        9368000   -101102.4288       538.7      -100995.8708      -106.5579 19m14s/Msamples
        9369000   -101108.1373       538.1      -101000.5765      -107.5608 19m14s/Msamples
        9370000   -101101.2190       538.2      -100996.3889      -104.8300 19m14s/Msamples
        9371000   -101102.3291       538.2      -100998.7527      -103.5764 19m14s/Msamples
        9372000   -101105.4218       538.0      -101004.2529      -101.1689 19m14s/Msamples
        9373000   -101103.6333       537.9      -101004.0023       -99.6310 19m14s/Msamples
        9374000   -101093.5914       538.5      -100997.8526       -95.7388 19m14s/Msamples
        9375000   -101097.2235       538.8      -101005.0188       -92.2047 19m14s/Msamples
        9376000   -101088.3436       539.8      -100993.2525       -95.0910 19m14s/Msamples
        9377000   -101100.2805       539.9      -101003.3706       -96.9098 19m14s/Msamples
        9378000   -101085.6680       541.1      -100991.8864       -93.7816 19m14s/Msamples
        9379000   -101095.8960       541.4      -100998.6648       -97.2312 19m14s/Msamples
        9380000   -101092.8715       542.0      -100992.9919       -99.8795 19m14s/Msamples
        9381000   -101093.2321       542.5      -100994.9775       -98.2545 19m14s/Msamples
        9382000   -101085.6102       543.6      -100986.3040       -99.3061 19m14s/Msamples
        9383000   -101087.4926       544.5      -100984.1847      -103.3078 19m14s/Msamples
        9384000   -101088.0762       545.3      -100987.3500      -100.7262 19m14s/Msamples
        9385000   -101100.9108       545.4      -101000.1653      -100.7454 19m14s/Msamples
        9386000   -101097.7950       545.6      -100999.0117       -98.7833 19m14s/Msamples
        9387000   -101095.8195       545.8      -100997.4429       -98.3766 19m13s/Msamples
        9388000   -101099.8340       545.9      -101000.2878       -99.5461 19m14s/Msamples
        9389000   -101091.3891       546.1      -100996.5517       -94.8373 19m14s/Msamples
        9390000   -101096.6685       546.3      -100998.6685       -97.9999 19m14s/Msamples
        9391000   -101093.8674       546.6      -100994.7744       -99.0930 19m14s/Msamples
        9392000   -101100.9965       546.7      -101003.3298       -97.6667 19m14s/Msamples
        9393000   -101097.5151       546.8      -101000.9192       -96.5958 19m14s/Msamples
        9394000   -101106.1444       546.8      -101005.3308      -100.8136 19m13s/Msamples
        9395000   -101109.2834       546.8      -101005.7744      -103.5090 19m13s/Msamples
        9396000   -101099.8931       546.9      -101001.9046       -97.9884 19m13s/Msamples
        9397000   -101113.2798       546.8      -101011.5130      -101.7667 19m13s/Msamples
        9398000   -101098.0550       546.9      -100999.0227       -99.0323 19m13s/Msamples
        9399000   -101108.4110       546.8      -101001.8212      -106.5898 19m13s/Msamples
        9400000   -101106.3619       546.8      -101002.5917      -103.7702 19m14s/Msamples
        9401000   -101104.5774       546.8      -101001.1833      -103.3940 19m14s/Msamples
        9402000   -101103.8293       546.8      -100998.8766      -104.9526 19m14s/Msamples
        9403000   -101111.3132       546.8      -101007.8415      -103.4717 19m14s/Msamples
        9404000   -101106.9906       546.8      -101007.1083       -99.8823 19m14s/Msamples
        9405000   -101101.5664       546.9      -100998.3045      -103.2619 19m14s/Msamples
        9406000   -101115.4546       546.9      -101011.7465      -103.7081 19m14s/Msamples
        9407000   -101099.1077       547.0      -100997.5295      -101.5782 19m14s/Msamples
        9408000   -101108.2587       547.0      -101003.6885      -104.5701 19m14s/Msamples
        9409000   -101100.7035       547.0      -100999.1691      -101.5343 19m14s/Msamples
        9410000   -101104.7788       547.1      -101005.9290       -98.8498 19m14s/Msamples
        9411000   -101097.8136       547.2      -100997.3939      -100.4197 19m14s/Msamples
        9412000   -101094.7976       547.3      -100996.4437       -98.3539 19m14s/Msamples
        9413000   -101094.1040       547.5      -100997.4051       -96.6989 19m14s/Msamples
        9414000   -101105.2160       547.6      -101009.2397       -95.9763 19m14s/Msamples
        9415000   -101099.0887       547.6      -101004.1941       -94.8946 19m13s/Msamples
        9416000   -101099.9793       547.7      -101005.7026       -94.2766 19m13s/Msamples
        9417000   -101100.0567       547.8      -101005.2413       -94.8154 19m13s/Msamples
        9418000   -101096.4313       547.9      -100999.5276       -96.9036 19m13s/Msamples
        9419000   -101086.5858       548.1      -100988.8999       -97.6858 19m13s/Msamples
        9420000   -101091.5446       548.2      -100991.0446      -100.5000 19m14s/Msamples
        9421000   -101089.5146       548.3      -100993.3162       -96.1984 19m14s/Msamples
        9422000   -101111.0281       548.5      -101009.5250      -101.5031 19m14s/Msamples
        9423000   -101095.8842       548.6      -100995.4088      -100.4754 19m14s/Msamples
        9424000   -101108.9767       548.8      -101008.1962      -100.7805 19m14s/Msamples
        9425000   -101093.8507       548.9      -100992.5186      -101.3321 19m14s/Msamples
        9426000   -101103.9647       548.9      -101002.1226      -101.8421 19m14s/Msamples
        9427000   -101109.6917       549.1      -101007.9768      -101.7149 19m14s/Msamples
        9428000   -101098.1701       549.2      -100999.1770       -98.9931 19m14s/Msamples
        9429000   -101101.9207       549.1      -101002.9905       -98.9302 19m14s/Msamples
        9430000   -101109.0150       549.3      -101001.7824      -107.2326 19m14s/Msamples
        9431000   -101110.5573       549.5      -101004.4488      -106.1085 19m14s/Msamples
        9432000   -101106.1753       549.6      -101004.3664      -101.8089 19m14s/Msamples
        9433000   -101112.3665       549.8      -101010.3209      -102.0455 19m14s/Msamples
        9434000   -101106.4298       549.8      -101008.6699       -97.7598 19m14s/Msamples
        9435000   -101100.4569       549.9      -100999.4167      -101.0401 19m14s/Msamples
        9436000   -101102.3742       550.0      -101000.2912      -102.0829 19m14s/Msamples
        9437000   -101095.4744       550.1      -100999.1301       -96.3442 19m14s/Msamples
        9438000   -101086.5161       550.4      -100990.2221       -96.2940 19m14s/Msamples
        9439000   -101100.9978       550.4      -100998.5422      -102.4556 19m14s/Msamples
        9440000   -101106.3530       550.5      -101003.6350      -102.7180 19m14s/Msamples
        9441000   -101109.2551       550.6      -101005.4433      -103.8117 19m14s/Msamples
        9442000   -101103.5424       550.7      -101001.0155      -102.5269 19m14s/Msamples
        9443000   -101098.8030       550.8      -100994.8716      -103.9314 19m14s/Msamples
        9444000   -101098.7468       550.8      -100997.7817      -100.9651 19m14s/Msamples
        9445000   -101113.3800       551.1      -101008.9605      -104.4195 19m14s/Msamples
        9446000   -101115.2302       551.4      -101012.1122      -103.1179 19m14s/Msamples
        9447000   -101095.0244       551.5      -100992.2164      -102.8080 19m14s/Msamples
        9448000   -101098.2824       551.5      -100996.4750      -101.8073 19m14s/Msamples
        9449000   -101099.5219       551.6      -100997.4259      -102.0959 19m14s/Msamples
        9450000   -101102.8648       551.7      -101000.8376      -102.0272 19m14s/Msamples
        9451000   -101108.7228       551.8      -101006.8534      -101.8693 19m14s/Msamples
        9452000   -101096.7302       551.9      -100996.5159      -100.2143 19m14s/Msamples
        9453000   -101104.5536       552.0      -100999.0974      -105.4561 19m14s/Msamples
        9454000   -101098.2099       552.1      -100993.7155      -104.4944 19m14s/Msamples
        9455000   -101106.9601       552.2      -101003.3205      -103.6396 19m14s/Msamples
        9456000   -101098.9265       552.2      -100997.3672      -101.5593 19m14s/Msamples
        9457000   -101105.1529       552.3      -101000.4008      -104.7521 19m14s/Msamples
        9458000   -101097.8409       552.4      -100996.5397      -101.3012 19m14s/Msamples
        9459000   -101100.9515       552.5      -100997.0633      -103.8881 19m14s/Msamples
        9460000   -101101.6219       552.5      -101001.1854      -100.4364 19m14s/Msamples
        9461000   -101096.5685       552.6      -100996.8627       -99.7058 19m14s/Msamples
        9462000   -101102.6667       552.7      -100999.6852      -102.9815 19m14s/Msamples
        9463000   -101099.6379       552.7      -100994.6596      -104.9783 19m14s/Msamples
        9464000   -101110.6031       552.9      -101006.1201      -104.4830 19m14s/Msamples
        9465000   -101109.9307       553.1      -101003.2880      -106.6426 19m14s/Msamples
        9466000   -101114.5520       553.4      -101011.8719      -102.6801 19m14s/Msamples
        9467000   -101104.1887       553.4      -100999.7687      -104.4200 19m14s/Msamples
        9468000   -101108.0948       553.6      -101005.3680      -102.7268 19m14s/Msamples
        9469000   -101108.7933       553.4      -101005.4314      -103.3618 19m14s/Msamples
        9470000   -101110.9037       553.6      -101010.0894      -100.8142 19m14s/Msamples
        9471000   -101098.2955       553.6      -100996.0978      -102.1976 19m14s/Msamples
        9472000   -101093.7161       553.8      -100993.3579      -100.3581 19m14s/Msamples
        9473000   -101106.8741       553.8      -101005.3535      -101.5206 19m14s/Msamples
        9474000   -101097.8338       553.9      -100995.1171      -102.7167 19m14s/Msamples
        9475000   -101098.5130       554.0      -100992.9299      -105.5830 19m14s/Msamples
        9476000   -101106.3081       554.1      -101004.1445      -102.1636 19m14s/Msamples
        9477000   -101117.1773       554.3      -101016.0296      -101.1477 19m14s/Msamples
        9478000   -101105.8623       554.3      -101002.0791      -103.7832 19m14s/Msamples
        9479000   -101101.2897       554.0      -100999.5533      -101.7363 19m14s/Msamples
        9480000   -101103.4592       554.1      -101001.7761      -101.6831 19m14s/Msamples
        9481000   -101117.7458       554.1      -101015.5387      -102.2070 19m14s/Msamples
        9482000   -101122.4935       554.2      -101022.8064       -99.6871 19m14s/Msamples
        9483000   -101113.8521       554.1      -101011.7948      -102.0573 19m14s/Msamples
        9484000   -101109.4969       554.0      -101006.1215      -103.3754 19m14s/Msamples
        9485000   -101105.5169       554.0      -100997.9190      -107.5978 19m14s/Msamples
        9486000   -101128.5302       554.0      -101020.5730      -107.9572 19m14s/Msamples
        9487000   -101124.1842       553.8      -101017.6158      -106.5683 19m14s/Msamples
        9488000   -101106.9676       553.7      -101001.9677      -104.9999 19m14s/Msamples
        9489000   -101112.0742       553.3      -101013.1642       -98.9100 19m14s/Msamples
        9490000   -101103.0311       553.3      -100995.4381      -107.5929 19m14s/Msamples
        9491000   -101103.1999       553.3      -100993.6934      -109.5065 19m14s/Msamples
        9492000   -101097.2077       553.5      -100995.0934      -102.1143 19m14s/Msamples
        9493000   -101092.7105       553.9      -100995.1618       -97.5486 19m14s/Msamples
        9494000   -101100.2216       554.0      -101002.5293       -97.6923 19m14s/Msamples
        9495000   -101095.9051       554.3      -100996.2640       -99.6411 19m14s/Msamples
        9496000   -101101.9175       554.3      -100997.9842      -103.9332 19m14s/Msamples
        9497000   -101094.9911       554.6      -100996.2375       -98.7536 19m14s/Msamples
        9498000   -101096.6923       554.8      -101000.2387       -96.4535 19m14s/Msamples
        9499000   -101103.8174       554.9      -101003.6554      -100.1619 19m14s/Msamples
        9500000   -101099.7803       555.0      -100999.7798      -100.0005 19m14s/Msamples
        9501000   -101102.0047       555.0      -101000.7828      -101.2218 19m14s/Msamples
        9502000   -101093.5471       555.3      -100993.7996       -99.7475 19m14s/Msamples
        9503000   -101094.7689       555.6      -100993.9583      -100.8106 19m14s/Msamples
        9504000   -101103.0657       555.6      -100998.6106      -104.4551 19m14s/Msamples
        9505000   -101106.0011       555.6      -101002.7201      -103.2810 19m14s/Msamples
        9506000   -101105.7137       555.6      -101005.2690      -100.4447 19m14s/Msamples
        9507000   -101099.9184       555.7      -100997.7457      -102.1726 19m14s/Msamples
        9508000   -101107.2075       555.6      -101004.9112      -102.2963 19m14s/Msamples
        9509000   -101107.8992       555.0      -101005.4472      -102.4520 19m14s/Msamples
        9510000   -101100.6899       555.1      -100997.1067      -103.5831 19m14s/Msamples
        9511000   -101104.8574       555.0      -100999.5462      -105.3111 19m14s/Msamples
        9512000   -101092.0012       555.5      -100990.3583      -101.6428 19m14s/Msamples
        9513000   -101090.7536       555.9      -100988.1708      -102.5828 19m14s/Msamples
        9514000   -101098.4157       556.0      -100993.2556      -105.1601 19m14s/Msamples
        9515000   -101103.9766       556.0      -101001.1746      -102.8020 19m14s/Msamples
        9516000   -101102.3035       556.1      -100998.9082      -103.3952 19m14s/Msamples
        9517000   -101091.5830       556.5      -100987.3298      -104.2532 19m14s/Msamples
        9518000   -101086.8031       557.2      -100986.7061      -100.0970 19m14s/Msamples
        9519000   -101096.1675       556.9      -100992.1226      -104.0449 19m14s/Msamples
        9520000   -101102.8240       557.0      -100997.0485      -105.7755 19m14s/Msamples
        9521000   -101109.5907       556.9      -101004.4029      -105.1877 19m14s/Msamples
        9522000   -101105.9905       556.8      -100998.3197      -107.6708 19m14s/Msamples
        9523000   -101104.9392       556.8      -101002.9369      -102.0022 19m14s/Msamples
        9524000   -101100.3932       556.9      -101002.3909       -98.0022 19m14s/Msamples
        9525000   -101110.5734       556.7      -101008.6297      -101.9436 19m14s/Msamples
        9526000   -101108.9610       556.6      -101004.9634      -103.9976 19m14s/Msamples
        9527000   -101097.1402       556.8      -100996.7805      -100.3597 19m14s/Msamples
        9528000   -101104.0027       556.8      -101004.3081       -99.6945 19m14s/Msamples
        9529000   -101097.3253       556.7      -100994.9296      -102.3957 19m14s/Msamples
        9530000   -101098.4138       556.9      -100993.0023      -105.4114 19m14s/Msamples
        9531000   -101100.2740       557.0      -100994.9418      -105.3321 19m14s/Msamples
        9532000   -101096.6582       557.2      -100992.6510      -104.0071 19m14s/Msamples
        9533000   -101100.6663       557.2      -100997.8987      -102.7675 19m14s/Msamples
        9534000   -101094.8214       557.5      -100993.7442      -101.0771 19m14s/Msamples
        9535000   -101100.5272       557.6      -100999.6744      -100.8528 19m14s/Msamples
        9536000   -101095.4584       557.8      -100991.8577      -103.6007 19m14s/Msamples
        9537000   -101096.5941       558.0      -100991.2376      -105.3564 19m14s/Msamples
        9538000   -101087.8236       558.5      -100988.0987       -99.7248 19m14s/Msamples
        9539000   -101094.4579       558.3      -100992.1845      -102.2734 19m14s/Msamples
        9540000   -101095.4829       558.5      -100993.0732      -102.4097 19m14s/Msamples
        9541000   -101104.8644       558.5      -100996.7742      -108.0902 19m14s/Msamples
        9542000   -101104.4623       558.5      -100998.6660      -105.7962 19m14s/Msamples
        9543000   -101102.7449       558.5      -100996.8561      -105.8888 19m14s/Msamples
        9544000   -101100.3749       558.6      -100996.6359      -103.7389 19m14s/Msamples
        9545000   -101107.8199       558.6      -101002.4202      -105.3996 19m14s/Msamples
        9546000   -101104.3034       558.6      -101001.0002      -103.3032 19m14s/Msamples
        9547000   -101097.6203       558.8      -100997.4485      -100.1717 19m14s/Msamples
        9548000   -101091.3024       559.1      -100990.6415      -100.6609 19m14s/Msamples
        9549000   -101094.8752       558.4      -100994.7587      -100.1164 19m14s/Msamples
        9550000   -101092.7170       558.7      -100992.9728       -99.7442 19m14s/Msamples
        9551000   -101094.0127       558.9      -100997.6146       -96.3981 19m14s/Msamples
        9552000   -101082.1920       559.6      -100987.0518       -95.1401 19m14s/Msamples
        9553000   -101098.7689       559.7      -100997.7603      -101.0085 19m14s/Msamples
        9554000   -101100.3039       559.8      -100995.4975      -104.8063 19m14s/Msamples
        9555000   -101098.6839       559.9      -100992.0008      -106.6830 19m14s/Msamples
        9556000   -101094.9885       560.0      -100995.9857       -99.0027 19m14s/Msamples
        9557000   -101092.1617       560.3      -100988.6353      -103.5264 19m14s/Msamples
        9558000   -101094.0857       560.4      -100992.6238      -101.4619 19m14s/Msamples
        9559000   -101102.7818       560.0      -100998.7589      -104.0229 19m14s/Msamples
        9560000   -101102.4094       560.0      -101001.3424      -101.0670 19m14s/Msamples
        9561000   -101101.4721       560.1      -101004.2173       -97.2547 19m14s/Msamples
        9562000   -101100.0342       560.2      -100995.0585      -104.9756 19m14s/Msamples
        9563000   -101092.5679       560.3      -100993.1225       -99.4453 19m14s/Msamples
        9564000   -101110.2787       560.4      -101006.9169      -103.3617 19m14s/Msamples
        9565000   -101098.9486       560.5      -100999.5338       -99.4147 19m14s/Msamples
        9566000   -101113.7383       560.7      -101010.8777      -102.8605 19m14s/Msamples
        9567000   -101096.7001       560.8      -100991.8893      -104.8107 19m14s/Msamples
        9568000   -101098.6503       560.9      -100990.5133      -108.1370 19m14s/Msamples
        9569000   -101110.0789       560.8      -101004.0326      -106.0463 19m14s/Msamples
        9570000   -101105.4721       560.9      -101001.7557      -103.7163 19m14s/Msamples
        9571000   -101098.1828       561.0      -100996.1755      -102.0073 19m14s/Msamples
        9572000   -101100.0391       561.1      -100997.1948      -102.8442 19m14s/Msamples
        9573000   -101107.5582       561.2      -101004.6568      -102.9013 19m14s/Msamples
        9574000   -101096.3635       561.3      -100994.2813      -102.0822 19m14s/Msamples
        9575000   -101098.3041       561.3      -100998.5759       -99.7282 19m14s/Msamples
        9576000   -101088.0203       561.6      -100990.4130       -97.6073 19m14s/Msamples
        9577000   -101105.8337       561.7      -101000.7759      -105.0577 19m14s/Msamples
        9578000   -101107.6835       561.8      -101005.9786      -101.7048 19m14s/Msamples
        9579000   -101099.8928       562.0      -100995.9473      -103.9454 19m14s/Msamples
        9580000   -101104.7664       562.1      -100998.0635      -106.7029 19m14s/Msamples
        9581000   -101102.3569       562.2      -100996.2783      -106.0785 19m14s/Msamples
        9582000   -101102.6797       562.3      -100997.9913      -104.6883 19m14s/Msamples
        9583000   -101103.8297       562.4      -100997.8549      -105.9747 19m14s/Msamples
        9584000   -101104.5579       562.5      -100996.8602      -107.6977 19m14s/Msamples
        9585000   -101105.3761       562.6      -101002.0967      -103.2794 19m14s/Msamples
        9586000   -101101.7054       562.7      -100997.3151      -104.3903 19m14s/Msamples
        9587000   -101095.4220       562.7      -100993.6986      -101.7234 19m14s/Msamples
        9588000   -101098.6645       562.8      -100993.0560      -105.6084 19m14s/Msamples
        9589000   -101101.5955       562.8      -100999.1274      -102.4680 19m14s/Msamples
        9590000   -101107.1294       563.0      -101008.3564       -98.7729 19m14s/Msamples
        9591000   -101105.3834       563.1      -101003.2297      -102.1537 19m14s/Msamples
        9592000   -101095.2318       563.2      -100991.9266      -103.3052 19m14s/Msamples
        9593000   -101105.0632       563.3      -101004.1450      -100.9181 19m14s/Msamples
        9594000   -101102.5822       563.4      -101002.8334       -99.7488 19m14s/Msamples
        9595000   -101105.3518       563.5      -101004.4127      -100.9391 19m14s/Msamples
        9596000   -101106.4465       563.7      -101006.1113      -100.3351 19m14s/Msamples
        9597000   -101098.8714       563.7      -100994.2461      -104.6252 19m14s/Msamples
        9598000   -101113.2834       564.0      -101009.9359      -103.3475 19m14s/Msamples
        9599000   -101102.8720       564.1      -101002.8530      -100.0190 19m14s/Msamples
        9600000   -101101.0672       564.2      -100998.1590      -102.9081 19m14s/Msamples
        9601000   -101102.0715       564.3      -101001.3740      -100.6975 19m14s/Msamples
        9602000   -101108.4864       564.4      -101007.2941      -101.1923 19m14s/Msamples
        9603000   -101098.6408       564.5      -100998.2884      -100.3524 19m14s/Msamples
        9604000   -101097.6721       564.5      -100999.7563       -97.9157 19m14s/Msamples
        9605000   -101105.9306       564.7      -101003.8809      -102.0496 19m14s/Msamples
        9606000   -101101.2691       564.7      -100995.6451      -105.6240 19m14s/Msamples
        9607000   -101096.0159       564.8      -100992.8125      -103.2033 19m14s/Msamples
        9608000   -101095.0753       564.8      -100993.8055      -101.2698 19m14s/Msamples
        9609000   -101107.7497       565.1      -101005.7672      -101.9824 19m14s/Msamples
        9610000   -101108.3920       565.3      -101000.1553      -108.2366 19m14s/Msamples
        9611000   -101099.7684       565.3      -100995.7995      -103.9689 19m14s/Msamples
        9612000   -101103.9341       565.4      -101000.0937      -103.8404 19m14s/Msamples
        9613000   -101102.1696       565.5      -101000.8853      -101.2843 19m14s/Msamples
        9614000   -101106.6642       565.6      -101007.7124       -98.9518 19m14s/Msamples
        9615000   -101121.6576       566.1      -101013.7864      -107.8711 19m14s/Msamples
        9616000   -101097.3753       566.2      -100993.6442      -103.7310 19m14s/Msamples
        9617000   -101094.8582       566.3      -100994.1772      -100.6809 19m14s/Msamples
        9618000   -101096.4482       566.4      -100990.4459      -106.0023 19m14s/Msamples
        9619000   -101105.7625       566.5      -101000.3658      -105.3966 19m14s/Msamples
        9620000   -101099.4896       566.6      -100996.2517      -103.2379 19m14s/Msamples
        9621000   -101099.4615       566.7      -100999.1440      -100.3175 19m14s/Msamples
        9622000   -101101.5734       566.7      -100997.5447      -104.0287 19m14s/Msamples
        9623000   -101099.9808       566.8      -100994.8980      -105.0827 19m14s/Msamples
        9624000   -101103.1153       566.9      -100999.9979      -103.1173 19m14s/Msamples
        9625000   -101103.9363       567.0      -100997.3209      -106.6153 19m14s/Msamples
        9626000   -101110.3125       567.2      -101008.8597      -101.4527 19m14s/Msamples
        9627000   -101097.8376       567.2      -100994.5870      -103.2505 19m14s/Msamples
        9628000   -101105.6618       567.3      -101000.7968      -104.8649 19m14s/Msamples
        9629000   -101086.8295       567.3      -100984.2936      -102.5359 19m14s/Msamples
        9630000   -101112.2972       567.5      -101004.2854      -108.0118 19m14s/Msamples
        9631000   -101106.9624       567.6      -101004.6920      -102.2703 19m14s/Msamples
        9632000   -101100.6904       567.7      -100999.6075      -101.0829 19m14s/Msamples
        9633000   -101107.4820       567.8      -101004.0766      -103.4054 19m14s/Msamples
        9634000   -101100.9686       567.8      -101002.1539       -98.8146 19m14s/Msamples
        9635000   -101105.2761       567.9      -101003.0912      -102.1849 19m14s/Msamples
        9636000   -101105.1183       568.0      -101004.0835      -101.0347 19m14s/Msamples
        9637000   -101099.9601       568.0      -100999.8358      -100.1243 19m14s/Msamples
        9638000   -101107.4085       568.1      -101004.1836      -103.2249 19m14s/Msamples
        9639000   -101114.7766       568.3      -101010.9842      -103.7924 19m14s/Msamples
        9640000   -101124.0076       568.7      -101015.6456      -108.3620 19m14s/Msamples
        9641000   -101125.3185       569.1      -101021.1932      -104.1252 19m14s/Msamples
        9642000   -101123.1463       569.3      -101016.8039      -106.3424 19m14s/Msamples
        9643000   -101112.1304       569.3      -101010.3161      -101.8142 19m14s/Msamples
        9644000   -101104.8639       569.3      -101001.6522      -103.2116 19m14s/Msamples
        9645000   -101092.9681       569.6      -100994.9451       -98.0230 19m14s/Msamples
        9646000   -101100.2519       569.7      -101000.3860       -99.8658 19m14s/Msamples
        9647000   -101104.3390       569.7      -101002.3394      -101.9995 19m14s/Msamples
        9648000   -101100.7361       569.8      -100999.5627      -101.1734 19m14s/Msamples
        9649000   -101089.0690       570.5      -100987.9286      -101.1403 19m14s/Msamples
        9650000   -101090.2583       570.9      -100989.6254      -100.6329 19m14s/Msamples
        9651000   -101095.1559       571.1      -100994.6809      -100.4749 19m14s/Msamples
        9652000   -101084.2946       571.8      -100980.0104      -104.2841 19m14s/Msamples
        9653000   -101090.5705       572.2      -100990.5886       -99.9818 19m14s/Msamples
        9654000   -101106.1633       572.2      -101005.4433      -100.7200 19m14s/Msamples
        9655000   -101100.7912       572.3      -101002.7229       -98.0683 19m14s/Msamples
        9656000   -101103.2031       572.3      -101002.9878      -100.2152 19m14s/Msamples
        9657000   -101108.1912       572.3      -101003.8544      -104.3368 19m14s/Msamples
        9658000   -101119.2749       572.3      -101016.2390      -103.0358 19m14s/Msamples
        9659000   -101108.9368       572.3      -101009.6996       -99.2371 19m14s/Msamples
        9660000   -101104.1570       572.3      -101004.2731       -99.8839 19m14s/Msamples
        9661000   -101108.5184       572.2      -101007.6862      -100.8321 19m14s/Msamples
        9662000   -101105.3127       572.2      -101004.6795      -100.6332 19m14s/Msamples
        9663000   -101107.3218       572.2      -101005.5812      -101.7405 19m14s/Msamples
        9664000   -101104.6054       572.2      -101001.0827      -103.5227 19m14s/Msamples
        9665000   -101103.7381       572.2      -101000.4455      -103.2926 19m14s/Msamples
        9666000   -101098.3608       572.3      -100996.6140      -101.7468 19m14s/Msamples
        9667000   -101105.1938       572.3      -101004.1068      -101.0870 19m14s/Msamples
        9668000   -101103.0150       572.3      -101001.7523      -101.2627 19m14s/Msamples
        9669000   -101099.9050       572.3      -101001.5537       -98.3513 19m14s/Msamples
        9670000   -101105.9276       572.3      -101006.7364       -99.1911 19m14s/Msamples
        9671000   -101103.7228       572.3      -101003.8904       -99.8324 19m14s/Msamples
        9672000   -101102.2920       572.3      -101001.1162      -101.1757 19m14s/Msamples
        9673000   -101093.5859       572.7      -100993.3050      -100.2809 19m14s/Msamples
        9674000   -101098.9185       572.8      -100997.3617      -101.5568 19m14s/Msamples
        9675000   -101100.7047       572.9      -100999.9200      -100.7847 19m14s/Msamples
        9676000   -101106.7171       572.8      -101002.9964      -103.7207 19m14s/Msamples
        9677000   -101105.6983       572.8      -100998.4194      -107.2788 19m14s/Msamples
        9678000   -101121.4838       572.7      -101011.4876      -109.9962 19m14s/Msamples
        9679000   -101111.7945       572.5      -101001.8923      -109.9022 19m14s/Msamples
        9680000   -101098.9067       572.7      -100990.7178      -108.1888 19m14s/Msamples
        9681000   -101103.2618       572.7      -100996.9077      -106.3540 19m14s/Msamples
        9682000   -101101.6123       572.7      -100996.3930      -105.2192 19m14s/Msamples
        9683000   -101092.4743       573.1      -100992.3357      -100.1386 19m14s/Msamples
        9684000   -101093.9568       573.5      -100989.3357      -104.6211 19m14s/Msamples
        9685000   -101098.5615       573.6      -100998.5349      -100.0265 19m14s/Msamples
        9686000   -101090.2730       574.1      -100988.2778      -101.9952 19m14s/Msamples
        9687000   -101099.4354       574.2      -100996.9870      -102.4484 19m14s/Msamples
        9688000   -101090.5583       574.7      -100991.1532       -99.4051 19m14s/Msamples
        9689000   -101099.1023       574.9      -101001.7183       -97.3839 19m14s/Msamples
        9690000   -101101.6236       574.9      -101001.9586       -99.6649 19m14s/Msamples
        9691000   -101099.3056       575.1      -100998.6507      -100.6548 19m14s/Msamples
        9692000   -101103.5135       575.1      -101001.2010      -102.3125 19m14s/Msamples
        9693000   -101092.7503       575.4      -100989.9036      -102.8467 19m14s/Msamples
        9694000   -101094.9880       575.6      -100992.3409      -102.6471 19m14s/Msamples
        9695000   -101101.6098       575.7      -100997.0051      -104.6046 19m14s/Msamples
        9696000   -101103.0920       575.7      -100999.0532      -104.0388 19m14s/Msamples
        9697000   -101091.0543       576.1      -100992.5494       -98.5049 19m14s/Msamples
        9698000   -101089.0677       576.5      -100987.7157      -101.3520 19m14s/Msamples
        9699000   -101092.7013       576.9      -100992.3665      -100.3347 19m14s/Msamples
        9700000   -101103.0474       577.0      -100998.4268      -104.6205 19m14s/Msamples
        9701000   -101098.7961       577.1      -100993.7032      -105.0928 19m14s/Msamples
        9702000   -101092.6349       577.3      -100992.1239      -100.5109 19m14s/Msamples
        9703000   -101099.6501       577.4      -100992.6200      -107.0301 19m14s/Msamples
        9704000   -101100.7106       577.5      -100994.3160      -106.3945 19m14s/Msamples
        9705000   -101095.2852       577.7      -100993.2812      -102.0039 19m14s/Msamples
        9706000   -101109.9477       577.7      -101002.7779      -107.1697 19m14s/Msamples
        9707000   -101115.7879       577.8      -101009.9696      -105.8183 19m14s/Msamples
        9708000   -101100.6810       577.9      -100997.6455      -103.0354 19m14s/Msamples
        9709000   -101100.7700       578.1      -100997.4618      -103.3082 19m14s/Msamples
        9710000   -101098.5745       578.2      -100994.1297      -104.4448 19m14s/Msamples
        9711000   -101094.2785       578.4      -100993.1653      -101.1132 19m14s/Msamples
        9712000   -101104.4358       578.4      -101001.9008      -102.5349 19m14s/Msamples
        9713000   -101097.1982       578.6      -100995.1542      -102.0439 19m14s/Msamples
        9714000   -101096.4571       578.7      -100997.4422       -99.0149 19m14s/Msamples
        9715000   -101087.7820       579.1      -100987.6932      -100.0888 19m14s/Msamples
        9716000   -101100.7249       579.2      -101000.6062      -100.1187 19m14s/Msamples
        9717000   -101092.9389       579.4      -100993.3031       -99.6357 19m14s/Msamples
        9718000   -101101.3443       579.4      -101002.3313       -99.0129 19m14s/Msamples
        9719000   -101099.0411       579.5      -101001.5976       -97.4435 19m14s/Msamples
        9720000   -101094.1986       579.7      -100998.5994       -95.5992 19m14s/Msamples
        9721000   -101101.6307       579.7      -101003.7674       -97.8632 19m14s/Msamples
        9722000   -101085.5422       580.2      -100989.3725       -96.1696 19m14s/Msamples
        9723000   -101103.1802       580.2      -101003.6521       -99.5281 19m14s/Msamples
        9724000   -101110.6710       580.3      -101009.9345      -100.7365 19m14s/Msamples
        9725000   -101104.2331       580.4      -101006.4403       -97.7927 19m14s/Msamples
        9726000   -101098.7699       580.5      -101008.6943       -90.0755 19m14s/Msamples
        9727000   -101089.1104       580.8      -101003.9505       -85.1599 19m14s/Msamples
        9728000   -101089.8831       581.0      -101003.3144       -86.5687 19m14s/Msamples
        9729000   -101082.2604       581.6      -100995.5664       -86.6940 19m14s/Msamples
        9730000   -101103.5085       581.6      -101014.3371       -89.1713 19m14s/Msamples
        9731000   -101093.7194       581.7      -101003.2801       -90.4393 19m14s/Msamples
        9732000   -101082.9921       582.1      -100995.1174       -87.8746 19m14s/Msamples
        9733000   -101080.3946       582.4      -100994.4256       -85.9690 19m14s/Msamples
        9734000   -101072.7864       583.0      -100991.3824       -81.4039 19m14s/Msamples
        9735000   -101076.7773       583.3      -100997.2608       -79.5165 19m14s/Msamples
        9736000   -101079.8376       583.4      -100999.8039       -80.0337 19m14s/Msamples
        9737000   -101080.0659       583.2      -101001.0122       -79.0537 19m14s/Msamples
        9738000   -101092.2229       583.0      -101010.7189       -81.5039 19m14s/Msamples
        9739000   -101084.1724       582.9      -101005.2624       -78.9100 19m14s/Msamples
        9740000   -101096.0772       582.8      -101008.9621       -87.1151 19m14s/Msamples
        9741000   -101097.8565       582.7      -101011.1569       -86.6995 19m14s/Msamples
        9742000   -101098.6133       582.7      -101012.6595       -85.9537 19m14s/Msamples
        9743000   -101096.8066       582.6      -101012.6559       -84.1507 19m14s/Msamples
        9744000   -101098.2996       582.6      -101014.0270       -84.2725 19m14s/Msamples
        9745000   -101090.6095       582.4      -101007.4889       -83.1206 19m14s/Msamples
        9746000   -101107.2878       582.7      -101020.5524       -86.7353 19m14s/Msamples
        9747000   -101092.2911       582.5      -101005.2194       -87.0717 19m14s/Msamples
        9748000   -101092.3718       582.4      -101007.1243       -85.2475 19m14s/Msamples
        9749000   -101085.8610       582.2      -100999.7557       -86.1052 19m14s/Msamples
        9750000   -101083.4635       581.9      -100992.2679       -91.1955 19m14s/Msamples
        9751000   -101089.9064       581.6      -100995.0609       -94.8455 19m14s/Msamples
        9752000   -101092.5134       581.4      -100997.1217       -95.3916 19m14s/Msamples
        9753000   -101088.5269       581.0      -100996.6160       -91.9108 19m14s/Msamples
        9754000   -101092.0324       580.7      -101001.0622       -90.9702 19m14s/Msamples
        9755000   -101094.1725       580.5      -101001.2774       -92.8950 19m14s/Msamples
        9756000   -101098.7207       580.4      -101004.2111       -94.5095 19m14s/Msamples
        9757000   -101098.0207       580.3      -101004.2415       -93.7791 19m14s/Msamples
        9758000   -101092.5837       580.0      -100997.3882       -95.1954 19m14s/Msamples
        9759000   -101100.9717       580.2      -101006.0979       -94.8737 19m14s/Msamples
        9760000   -101107.6167       580.7      -101013.6213       -93.9953 19m14s/Msamples
        9761000   -101105.0685       581.0      -101009.9143       -95.1542 19m14s/Msamples
        9762000   -101093.1615       580.7      -100998.1599       -95.0016 19m14s/Msamples
        9763000   -101083.4337       580.0      -100990.0467       -93.3869 19m14s/Msamples
        9764000   -101093.4479       579.7      -100995.2981       -98.1498 19m14s/Msamples
        9765000   -101091.8266       579.3      -100993.7859       -98.0407 19m14s/Msamples
        9766000   -101085.6740       578.6      -100991.2031       -94.4709 19m14s/Msamples
        9767000   -101099.6693       578.6      -101003.3867       -96.2825 19m14s/Msamples
        9768000   -101099.8747       578.6      -101006.4243       -93.4504 19m14s/Msamples
        9769000   -101099.2731       578.5      -101002.9033       -96.3698 19m14s/Msamples
        9770000   -101104.3098       578.8      -101004.2254      -100.0843 19m14s/Msamples
        9771000   -101104.3179       579.1      -101007.0373       -97.2805 19m14s/Msamples
        9772000   -101095.3630       578.8      -100996.1768       -99.1861 19m14s/Msamples
        9773000   -101092.6554       578.4      -100993.7518       -98.9035 19m15s/Msamples
        9774000   -101098.7365       578.3      -100998.4341      -100.3024 19m15s/Msamples
        9775000   -101106.9217       578.8      -101002.2042      -104.7175 19m15s/Msamples
        9776000   -101107.5248       579.3      -100999.9612      -107.5636 19m15s/Msamples
        9777000   -101109.3413       580.0      -101004.0594      -105.2819 19m15s/Msamples
        9778000   -101096.5144       579.8      -100991.4860      -105.0283 19m15s/Msamples
        9779000   -101092.5978       579.1      -100987.4505      -105.1473 19m15s/Msamples
        9780000   -101104.6302       579.4      -101000.3863      -104.2438 19m15s/Msamples
        9781000   -101103.2142       579.6      -101000.4647      -102.7494 19m15s/Msamples
        9782000   -101099.5518       579.6      -100994.2737      -105.2780 19m15s/Msamples
        9783000   -101104.8813       579.9      -101000.7019      -104.1793 19m15s/Msamples
        9784000   -101103.6178       580.1      -100996.8374      -106.7804 19m15s/Msamples
        9785000   -101103.5169       580.3      -100995.9529      -107.5639 19m15s/Msamples
        9786000   -101102.6599       580.5      -100991.2492      -111.4107 19m15s/Msamples
        9787000   -101108.6981       581.1      -100997.4367      -111.2613 19m15s/Msamples
        9788000   -101107.4710       581.6      -100998.1299      -109.3411 19m15s/Msamples
        9789000   -101096.3132       581.3      -100985.8328      -110.4804 19m15s/Msamples
        9790000   -101102.9017       581.5      -100997.5299      -105.3718 19m15s/Msamples
        9791000   -101106.1754       581.8      -100993.8255      -112.3498 19m15s/Msamples
        9792000   -101106.2830       582.2      -100995.4942      -110.7888 19m15s/Msamples
        9793000   -101104.0085       582.5      -100993.4666      -110.5418 19m15s/Msamples
        9794000   -101114.6345       585.0      -101005.0056      -109.6288 19m15s/Msamples
        9795000   -101103.4475       585.2      -100995.6454      -107.8020 19m15s/Msamples
        9796000   -101098.7728       583.6      -100990.8541      -107.9186 19m15s/Msamples
        9797000   -101114.2535       584.5      -101002.6428      -111.6106 19m15s/Msamples
        9798000   -101115.8458       585.5      -101005.9322      -109.9136 19m15s/Msamples
        9799000   -101111.3818       585.8      -100998.6108      -112.7710 19m15s/Msamples
        9800000   -101109.4672       586.3      -101003.8221      -105.6450 19m15s/Msamples
        9801000   -101104.4354       586.5      -101000.6838      -103.7516 19m15s/Msamples
        9802000   -101107.4059       586.9      -101005.9720      -101.4338 19m15s/Msamples
        9803000   -101102.3634       587.0      -101001.7951      -100.5683 19m15s/Msamples
        9804000   -101111.8361       587.7      -101011.6144      -100.2216 19m15s/Msamples
        9805000   -101117.9820       588.8      -101017.1950      -100.7870 19m15s/Msamples
        9806000   -101108.4690       589.2      -101005.6772      -102.7917 19m15s/Msamples
        9807000   -101101.4316       589.3      -100997.6372      -103.7944 19m15s/Msamples
        9808000   -101098.4344       589.3      -100997.1021      -101.3323 19m15s/Msamples
        9809000   -101099.2897       589.1      -100998.5725      -100.7171 19m15s/Msamples
        9810000   -101106.5823       589.4      -101006.0029      -100.5793 19m15s/Msamples
        9811000   -101103.2309       589.5      -101002.8990      -100.3318 19m15s/Msamples
        9812000   -101116.2858       590.4      -101014.1268      -102.1590 19m15s/Msamples
        9813000   -101111.3089       592.5      -101003.4273      -107.8816 19m15s/Msamples
        9814000   -101109.1495       592.9      -101004.8899      -104.2595 19m15s/Msamples
        9815000   -101116.6139       592.0      -101012.4744      -104.1394 19m15s/Msamples
        9816000   -101108.6407       592.4      -101007.1946      -101.4461 19m15s/Msamples
        9817000   -101105.1014       592.5      -101000.3986      -104.7028 19m15s/Msamples
        9818000   -101101.2227       592.6      -100997.8152      -103.4075 19m15s/Msamples
        9819000   -101106.2130       591.7      -101003.1294      -103.0836 19m15s/Msamples
        9820000   -101113.7183       592.3      -101007.9633      -105.7550 19m15s/Msamples
        9821000   -101117.2116       594.5      -101012.4847      -104.7269 19m15s/Msamples
        9822000   -101116.8678       595.0      -101014.4150      -102.4527 19m15s/Msamples
        9823000   -101105.8619       595.2      -101004.1074      -101.7545 19m15s/Msamples
        9824000   -101106.2151       595.3      -101005.2210      -100.9940 19m15s/Msamples
        9825000   -101108.8527       595.4      -101004.4584      -104.3942 19m15s/Msamples
        9826000   -101112.4620       595.6      -101010.0774      -102.3845 19m15s/Msamples
        9827000   -101111.0627       595.7      -101010.2303      -100.8324 19m15s/Msamples
        9828000   -101112.5344       595.7      -101006.2454      -106.2889 19m15s/Msamples
        9829000   -101122.9248       594.9      -101014.3855      -108.5392 19m15s/Msamples
        9830000   -101118.7961       595.0      -101008.6731      -110.1230 19m15s/Msamples
        9831000   -101111.1603       594.9      -101005.2602      -105.9000 19m15s/Msamples
        9832000   -101113.9605       594.8      -101004.4184      -109.5420 19m15s/Msamples
        9833000   -101107.7648       594.7      -101001.0135      -106.7512 19m15s/Msamples
        9834000   -101105.6789       594.7      -101001.7105      -103.9683 19m15s/Msamples
        9835000   -101111.5515       594.5      -101008.0068      -103.5447 19m15s/Msamples
        9836000   -101096.2217       594.8      -100992.9439      -103.2778 19m15s/Msamples
        9837000   -101093.4693       595.1      -100990.4381      -103.0311 19m15s/Msamples
        9838000   -101099.4865       595.3      -100995.5100      -103.9764 19m15s/Msamples
        9839000   -101100.0820       594.3      -100999.3200      -100.7619 19m15s/Msamples
        9840000   -101109.6739       594.1      -101002.9962      -106.6777 19m15s/Msamples
        9841000   -101094.8666       594.4      -100991.8285      -103.0381 19m15s/Msamples
        9842000   -101111.5019       594.2      -101005.3475      -106.1543 19m15s/Msamples
        9843000   -101104.4641       594.1      -101003.9140      -100.5501 19m15s/Msamples
        9844000   -101102.1622       594.1      -101002.7376       -99.4245 19m15s/Msamples
        9845000   -101097.7060       594.4      -100997.0249      -100.6811 19m15s/Msamples
        9846000   -101099.5406       594.5      -101001.6230       -97.9175 19m15s/Msamples
        9847000   -101095.0300       594.9      -100995.6418       -99.3882 19m15s/Msamples
        9848000   -101100.0914       595.0      -100999.9674      -100.1239 19m15s/Msamples
        9849000   -101098.7525       595.4      -100998.2493      -100.5031 19m15s/Msamples
        9850000   -101095.8755       595.8      -100994.9086      -100.9669 19m15s/Msamples
        9851000   -101101.1651       595.8      -100994.0113      -107.1538 19m15s/Msamples
        9852000   -101100.3930       595.9      -100992.6316      -107.7614 19m15s/Msamples
        9853000   -101100.5630       596.0      -100991.8099      -108.7530 19m15s/Msamples
        9854000   -101105.7295       595.9      -100998.6704      -107.0590 19m15s/Msamples
        9855000   -101111.2225       595.5      -101006.8944      -104.3281 19m15s/Msamples
        9856000   -101106.7312       595.3      -101004.3243      -102.4068 19m15s/Msamples
        9857000   -101103.8144       595.3      -101003.9321       -99.8822 19m15s/Msamples
        9858000   -101112.8323       594.8      -101012.8559       -99.9763 19m15s/Msamples
        9859000   -101095.5723       595.3      -100994.6457      -100.9266 19m15s/Msamples
        9860000   -101093.3065       595.9      -100992.7811      -100.5254 19m15s/Msamples
        9861000   -101106.7777       595.7      -101004.8479      -101.9298 19m15s/Msamples
        9862000   -101100.3618       595.8      -100997.7812      -102.5806 19m15s/Msamples
        9863000   -101103.1090       595.7      -101004.2844       -98.8246 19m15s/Msamples
        9864000   -101104.2753       595.6      -101001.3416      -102.9336 19m15s/Msamples
        9865000   -101101.6463       595.7      -100994.2613      -107.3849 19m15s/Msamples
        9866000   -101103.0539       595.7      -101002.8925      -100.1614 19m15s/Msamples
        9867000   -101093.4242       596.2      -100993.0411      -100.3831 19m15s/Msamples
        9868000   -101094.1757       596.7      -100994.2394       -99.9363 19m15s/Msamples
        9869000   -101093.0725       597.5      -100992.3744      -100.6981 19m15s/Msamples
        9870000   -101103.4097       597.4      -100996.7123      -106.6974 19m15s/Msamples
        9871000   -101117.3020       596.9      -101009.1454      -108.1565 19m15s/Msamples
        9872000   -101106.2994       596.7      -100999.2116      -107.0878 19m15s/Msamples
        9873000   -101119.3075       596.1      -101006.5353      -112.7721 19m15s/Msamples
        9874000   -101112.1175       595.6      -101002.0513      -110.0662 19m15s/Msamples
        9875000   -101109.6186       595.3      -100994.8095      -114.8091 19m15s/Msamples
        9876000   -101102.3170       595.3      -100993.0480      -109.2690 19m15s/Msamples
        9877000   -101107.9817       595.0      -100999.5120      -108.4696 19m15s/Msamples
        9878000   -101103.1756       594.9      -100996.0646      -107.1110 19m15s/Msamples
        9879000   -101103.6277       595.1      -100996.5264      -107.1013 19m15s/Msamples
        9880000   -101109.3872       594.8      -101001.1053      -108.2818 19m15s/Msamples
        9881000   -101104.1782       594.7      -100996.3998      -107.7783 19m15s/Msamples
        9882000   -101097.8478       594.9      -100990.2174      -107.6303 19m15s/Msamples
        9883000   -101100.3608       595.0      -100994.1104      -106.2503 19m15s/Msamples
        9884000   -101096.7248       595.4      -100994.8555      -101.8692 19m15s/Msamples
        9885000   -101086.2504       596.5      -100987.0027       -99.2476 19m15s/Msamples
        9886000   -101103.8628       596.4      -101004.5582       -99.3045 19m15s/Msamples
        9887000   -101105.1683       596.3      -101009.1628       -96.0054 19m15s/Msamples
        9888000   -101102.2263       596.3      -101005.1780       -97.0483 19m15s/Msamples
        9889000   -101109.2104       596.1      -101013.8156       -95.3948 19m15s/Msamples
        9890000   -101089.1520       597.0      -100992.9298       -96.2222 19m15s/Msamples
        9891000   -101091.7336       597.6      -100996.1787       -95.5548 19m15s/Msamples
        9892000   -101095.2391       597.9      -100995.0920      -100.1470 19m15s/Msamples
        9893000   -101091.3611       598.5      -100991.2373      -100.1237 19m15s/Msamples
        9894000   -101107.5183       598.4      -101002.7699      -104.7484 19m15s/Msamples
        9895000   -101100.2530       598.5      -100997.2648      -102.9882 19m15s/Msamples
        9896000   -101102.2954       598.5      -100999.6827      -102.6126 19m15s/Msamples
        9897000   -101104.4027       598.4      -101003.1119      -101.2907 19m15s/Msamples
        9898000   -101107.5554       598.3      -101006.1197      -101.4356 19m15s/Msamples
        9899000   -101099.7662       598.4      -101002.2341       -97.5320 19m15s/Msamples
        9900000   -101093.9039       598.8      -100995.5899       -98.3140 19m15s/Msamples
        9901000   -101109.5279       598.6      -101009.3751      -100.1527 19m15s/Msamples
        9902000   -101107.1364       598.5      -101006.5203      -100.6161 19m15s/Msamples
        9903000   -101117.1963       598.2      -101016.1090      -101.0872 19m15s/Msamples
        9904000   -101118.1370       598.0      -101010.6408      -107.4962 19m15s/Msamples
        9905000   -101105.0947       597.9      -101000.1110      -104.9836 19m15s/Msamples
        9906000   -101099.2745       598.0      -100996.0992      -103.1753 19m15s/Msamples
        9907000   -101087.7748       598.8      -100988.4602       -99.3146 19m15s/Msamples
        9908000   -101106.6516       598.7      -101004.9928      -101.6587 19m15s/Msamples
        9909000   -101095.4814       598.9      -100995.1602      -100.3212 19m15s/Msamples
        9910000   -101102.5488       598.9      -101000.5019      -102.0469 19m15s/Msamples
        9911000   -101102.7601       598.9      -101001.7864      -100.9736 19m15s/Msamples
        9912000   -101092.1441       599.3      -100992.3313       -99.8128 19m15s/Msamples
        9913000   -101098.4080       599.5      -100998.0689      -100.3391 19m15s/Msamples
        9914000   -101104.3007       599.5      -101000.8504      -103.4503 19m15s/Msamples
        9915000   -101109.1073       599.4      -101003.6311      -105.4761 19m15s/Msamples
        9916000   -101111.8911       599.3      -101006.6619      -105.2291 19m15s/Msamples
        9917000   -101106.0409       599.3      -101001.2297      -104.8111 19m15s/Msamples
        9918000   -101105.5151       599.3      -101003.4527      -102.0623 19m15s/Msamples
        9919000   -101104.8551       599.3      -101001.5875      -103.2676 19m15s/Msamples
        9920000   -101100.0906       599.4      -100996.5216      -103.5689 19m15s/Msamples
        9921000   -101114.0429       599.3      -101008.4614      -105.5814 19m15s/Msamples
        9922000   -101102.2422       599.4      -100999.7645      -102.4777 19m15s/Msamples
        9923000   -101091.1884       599.7      -100991.9662       -99.2221 19m15s/Msamples
        9924000   -101099.8789       599.8      -100999.8417      -100.0371 19m15s/Msamples
        9925000   -101088.7433       600.2      -100995.1052       -93.6381 19m15s/Msamples
        9926000   -101094.8867       600.4      -100993.7226      -101.1640 19m15s/Msamples
        9927000   -101092.6063       600.7      -100991.9549      -100.6513 19m15s/Msamples
        9928000   -101099.4521       600.8      -100999.2075      -100.2446 19m15s/Msamples
        9929000   -101093.2816       601.2      -100989.9443      -103.3372 19m15s/Msamples
        9930000   -101107.4557       601.2      -101000.8243      -106.6314 19m15s/Msamples
        9931000   -101108.1515       601.2      -101005.0884      -103.0630 19m15s/Msamples
        9932000   -101100.8442       601.3      -100998.4480      -102.3962 19m15s/Msamples
        9933000   -101107.2745       601.3      -101008.6112       -98.6632 19m15s/Msamples
        9934000   -101098.3136       601.4      -100996.9524      -101.3612 19m15s/Msamples
        9935000   -101090.5259       601.7      -100990.0601      -100.4657 19m15s/Msamples
        9936000   -101097.3909       601.9      -100997.7394       -99.6515 19m15s/Msamples
        9937000   -101091.2644       602.1      -100989.6968      -101.5675 19m15s/Msamples
        9938000   -101087.6929       602.5      -100988.4665       -99.2264 19m15s/Msamples
        9939000   -101096.0414       602.8      -100996.4220       -99.6193 19m15s/Msamples
        9940000   -101096.1219       603.0      -100994.7434      -101.3785 19m15s/Msamples
        9941000   -101100.6433       603.0      -100994.5928      -106.0504 19m15s/Msamples
        9942000   -101105.5846       603.1      -101005.0190      -100.5656 19m15s/Msamples
        9943000   -101109.6687       603.1      -101005.3558      -104.3128 19m15s/Msamples
        9944000   -101097.5598       603.3      -100992.8543      -104.7054 19m15s/Msamples
        9945000   -101112.2651       603.4      -101005.2917      -106.9733 19m15s/Msamples
        9946000   -101098.7502       603.4      -100994.1036      -104.6465 19m15s/Msamples
        9947000   -101095.6842       603.6      -100990.6454      -105.0388 19m15s/Msamples
        9948000   -101105.4269       603.6      -100998.9067      -106.5201 19m15s/Msamples
        9949000   -101091.2792       604.1      -100987.4293      -103.8499 19m15s/Msamples
        9950000   -101100.5179       604.2      -100993.1062      -107.4117 19m15s/Msamples
        9951000   -101110.4227       604.3      -101003.4443      -106.9784 19m15s/Msamples
        9952000   -101117.0804       604.5      -101005.7340      -111.3463 19m15s/Msamples
        9953000   -101101.3638       604.6      -100993.8460      -107.5178 19m15s/Msamples
        9954000   -101098.6099       604.7      -100992.5282      -106.0817 19m15s/Msamples
        9955000   -101096.0329       604.8      -100989.5283      -106.5045 19m15s/Msamples
        9956000   -101109.9532       604.9      -101003.3881      -106.5651 19m15s/Msamples
        9957000   -101106.7674       604.9      -100999.5782      -107.1891 19m15s/Msamples
        9958000   -101106.9327       605.0      -100999.1278      -107.8049 19m15s/Msamples
        9959000   -101110.0701       605.1      -101000.5677      -109.5024 19m15s/Msamples
        9960000   -101102.6964       605.1      -100999.4854      -103.2110 19m15s/Msamples
        9961000   -101092.2507       605.4      -100993.3468       -98.9038 19m15s/Msamples
        9962000   -101097.2968       605.5      -100995.1128      -102.1840 19m15s/Msamples
        9963000   -101103.7312       605.6      -101003.4425      -100.2887 19m15s/Msamples
        9964000   -101102.4535       605.6      -101006.8562       -95.5972 19m15s/Msamples
        9965000   -101100.5448       605.7      -101001.4842       -99.0606 19m15s/Msamples
        9966000   -101097.2679       605.8      -100998.1749       -99.0930 19m15s/Msamples
        9967000   -101093.9358       605.9      -100994.5944       -99.3414 19m15s/Msamples
        9968000   -101092.0320       606.1      -100992.9481       -99.0838 19m15s/Msamples
        9969000   -101102.9113       606.5      -101000.7534      -102.1578 19m15s/Msamples
        9970000   -101097.3961       606.6      -100995.9495      -101.4466 19m15s/Msamples
        9971000   -101101.0796       606.6      -101000.9179      -100.1616 19m15s/Msamples
        9972000   -101106.2662       606.7      -101006.4559       -99.8103 19m15s/Msamples
        9973000   -101105.3292       606.8      -101005.7722       -99.5570 19m15s/Msamples
        9974000   -101106.9623       606.9      -101006.1789      -100.7834 19m15s/Msamples
        9975000   -101100.8438       607.0      -100998.1888      -102.6549 19m15s/Msamples
        9976000   -101098.1332       607.1      -100991.4682      -106.6650 19m15s/Msamples
        9977000   -101103.5888       607.2      -100998.3376      -105.2512 19m15s/Msamples
        9978000   -101099.2015       607.2      -100997.1451      -102.0563 19m15s/Msamples
        9979000   -101102.0271       607.5      -100997.6294      -104.3976 19m15s/Msamples
        9980000   -101096.4544       607.6      -100993.9687      -102.4856 19m15s/Msamples
        9981000   -101106.6344       607.7      -101003.0408      -103.5935 19m15s/Msamples
        9982000   -101101.3382       607.8      -100999.4129      -101.9253 19m15s/Msamples
        9983000   -101099.4178       607.8      -100997.2049      -102.2128 19m15s/Msamples
        9984000   -101100.6776       607.9      -101000.7778       -99.8998 19m15s/Msamples
        9985000   -101092.0768       608.1      -100996.7185       -95.3583 19m15s/Msamples
        9986000   -101106.3480       608.2      -101006.5764       -99.7715 19m15s/Msamples
        9987000   -101106.6132       608.3      -101010.2620       -96.3512 19m15s/Msamples
        9988000   -101096.3686       608.4      -100995.7171      -100.6515 19m15s/Msamples
        9989000   -101093.3531       608.6      -100999.6393       -93.7138 19m15s/Msamples
        9990000   -101101.8542       608.7      -101009.2691       -92.5850 19m15s/Msamples
        9991000   -101100.0449       608.7      -101007.7587       -92.2862 19m15s/Msamples
        9992000   -101092.0502       608.9      -101000.4432       -91.6069 19m15s/Msamples
        9993000   -101093.8161       609.0      -101000.5372       -93.2789 19m15s/Msamples
        9994000   -101101.1095       609.0      -101009.6288       -91.4807 19m15s/Msamples
        9995000   -101105.1232       609.1      -101011.5367       -93.5865 19m15s/Msamples
        9996000   -101107.9222       609.3      -101013.0066       -94.9156 19m15s/Msamples
        9997000   -101112.1052       609.5      -101011.6222      -100.4829 19m15s/Msamples
        9998000   -101100.3328       609.6      -101003.9015       -96.4313 19m15s/Msamples
        9999000   -101100.1239       609.7      -101002.4144       -97.7095 19m15s/Msamples
       10000000   -101109.7181       609.9      -101013.1537       -96.5643 19m15s/Msamples

Operator                                                            Tuning    #accept    #reject      Pr(m)  Pr(acc|m)
ScaleOperator(gammaShapeScaler.s:SequenceSimulator)                0.79874        965      10766    0.00116    0.08226 Try setting scaleFactor to about 0.894
DeltaExchangeOperator(FrequenciesExchanger.s:SequenceSimulator)    0.01016       2875       8773    0.00116    0.24682 
DeltaExchangeOperator(FixMeanMutationRatesOperator)             6979.20184     232231          0    0.02320    1.00000 Try setting delta to about 13958.404
ScaleOperator(BirthDeathTreeScaler.t:tree)                         0.87634      48769     299505    0.03480    0.14003 
ScaleOperator(BirthDeathTreeRootScaler.t:tree)                     0.62481      32337     316379    0.03480    0.09273 Try setting scaleFactor to about 0.79
Uniform(BirthDeathUniformOperator.t:tree)                                -    1377268    2100322    0.34803    0.39604 
SubtreeSlide(BirthDeathSubtreeSlide.t:tree)                        1.53665     277691    1462125    0.17401    0.15961 
Exchange(BirthDeathNarrow.t:tree)                                        -     549385    1189507    0.17401    0.31594 
Exchange(BirthDeathWide.t:tree)                                          -       3771     344616    0.03480    0.01082 
WilsonBalding(BirthDeathWilsonBalding.t:tree)                            -      12041     336831    0.03480    0.03451 
ScaleOperator(BirthRateScaler.t:tree)                              0.43053      87956     260622    0.03480    0.25233 
ScaleOperator(DeathRateScaler.t:tree)                              0.14641      93040     255402    0.03480    0.26702 
ScaleOperator(StrictClockRateScaler.c:clock)                       0.87308      78372     270825    0.03480    0.22443 
UpDownOperator(strictClockUpDownOperator.c:clock)                  0.86049      72729     274898    0.03480    0.20922 
TipDatesRandomWalker(allTipDatesRandomWalker.t:tree)               1.00000          0          0    0.00000        NaN 

     Tuning: The value of the operator's tuning parameter, or '-' if the operator can't be optimized.
    #accept: The total number of times a proposal by this operator has been accepted.
    #reject: The total number of times a proposal by this operator has been rejected.
      Pr(m): The probability this operator is chosen in a step of the MCMC (i.e. the normalized weight).
  Pr(acc|m): The acceptance probability (#accept as a fraction of the total proposals for this operator).


Total calculation time: 11556.396 seconds
End likelihood: -101109.71815739034
