
                        BEAST v2.6.7, 2002-2022
             Bayesian Evolutionary Analysis Sampling Trees
                       Designed and developed by
 Remco Bouckaert, Alexei J. Drummond, Andrew Rambaut & Marc A. Suchard
                                    
                   Centre for Computational Evolution
                         University of Auckland
                       r.bouckaert@auckland.ac.nz
                        alexei@cs.auckland.ac.nz
                                    
                   Institute of Evolutionary Biology
                        University of Edinburgh
                           a.rambaut@ed.ac.uk
                                    
                    David Geffen School of Medicine
                 University of California, Los Angeles
                           msuchard@ucla.edu
                                    
                      Downloads, Help & Resources:
                           http://beast2.org/
                                    
  Source code distributed under the GNU Lesser General Public License:
                   http://github.com/CompEvol/beast2
                                    
                           BEAST developers:
   Alex Alekseyenko, Trevor Bedford, Erik Bloomquist, Joseph Heled, 
 Sebastian Hoehna, Denise Kuehnert, Philippe Lemey, Wai Lok Sibon Li, 
Gerton Lunter, Sidney Markowitz, Vladimir Minin, Michael Defoin Platel, 
          Oliver Pybus, Tim Vaughan, Chieh-Hsi Wu, Walter Xie
                                    
                               Thanks to:
          Roald Forsberg, Beth Shapiro and Korbinian Strimmer

Random number seed: 1742458838964

File: ctmc-strict-bd-13.xml seed: 1742458838964 threads: 1
Loading package BEASTvntr v0.1.3
Loading package PoMo v1.0.1
Loading package speedemon v1.0.0
Loading package feast v8.4.0
Loading package phylodynamics v1.3.0
Loading package SNAPP v1.5.2
Loading package BADTRIP v1.0.0
Loading package timtam v0.3.1
Loading package ORC v1.0.3
Loading package bacter v2.2.5
Loading package SpeciesNetwork v0.13.0
Loading package TreeStat2 v0.0.2
Loading package Mascot v2.1.2
Loading package starbeast2 v0.15.13
Loading package Beasy v0.0.2
Loading package bModelTest v1.2.1
Loading package ClaDS v1.1.3
Loading package Recombination v0.0.2
Loading package CoalRe v0.0.7
Loading package BASTA v3.0.1
Loading package contraband v1.0.0
Loading package BEAST v2.6.7
Loading package besp v0.2.0
Loading package BDMM v1.0.2
Loading package PIQMEE v1.0.2
Loading package BEASTLabs v1.9.7
Loading package BEAST_CLASSIC v1.5.0
Loading package BICEPS v1.0.1
Loading package CA v2.0.0
Loading package PhyDyn v1.3.8
Loading package MGSM v0.3.0
Loading package MASTER v6.1.2
Loading package TMA v1.0.0
Loading package flc v1.1.0
Loading package Babel v0.3.2
Loading package OBAMA v0.2.0
Loading package NS v1.1.0
Loading package starbeast3 v1.0.5
Loading package MultiTypeTree v7.0.2
Loading package snapper v1.0.3
Loading package STACEY v1.2.5
Loading package SCOTTI v2.0.1
Loading package DENIM v1.0.1
Loading package MODEL_SELECTION v1.5.3
Loading package substBMA v1.2.3
Loading package MM v1.1.1
Loading package BREAK_AWAY v1.0.1
Loading package EpiInf v7.5.2
Loading package GEO_SPHERE v1.3.1
Loading package SA v2.0.2
Loading package FastRelaxedClockLogNormal v1.1.1
Loading package BDSKY v1.4.8
Loading package SSM v1.1.0
Loading package CoupledMCMC v1.0.2
Loading package CodonSubstModels v1.1.3
Loading package BEAST v2.6.7
Alignment(SequenceSimulator)
  50 taxa
  3000 sites
  3000 patterns

Filter ::
50 taxa
3000 sites
3000 patterns
Failed to load BEAGLE library: no hmsbeagle-jni in java.library.path
TreeLikelihood(treeLikelihood.SequenceSimulator) uses BeerLikelihoodCore
  FilteredAlignment(bin.SequenceSimulator): [taxa, patterns, sites] = [50, 3000, 2999]
WARNING: the dimension of the parameter is 1 at the start of the run.
         The operator FixMeanMutationRatesOperator has no effect (if this does not change).
===============================================================================
Citations for this model:

Bouckaert, Remco, Timothy G. Vaughan, Joëlle Barido-Sottani, Sebastián Duchêne, Mathieu Fourment, 
Alexandra Gavryushkina, Joseph Heled, Graham Jones, Denise Kühnert, Nicola De Maio, Michael Matschiner, 
Fábio K. Mendes, Nicola F. Müller, Huw A. Ogilvie, Louis du Plessis, Alex Popinga, Andrew Rambaut, 
David Rasmussen, Igor Siveroni, Marc A. Suchard, Chieh-Hsi Wu, Dong Xie, Chi Zhang, Tanja Stadler, 
Alexei J. Drummond 
  BEAST 2.5: An advanced software platform for Bayesian evolutionary analysis. 
  PLoS computational biology 15, no. 4 (2019): e1006650.

Gernhard 2008. The conditioned reconstructed process. Journal of Theoretical Biology Volume 253, Issue 4, 21 August 2008, Pages 769-778

===============================================================================
Start likelihood: -106062.99313602345 
Writing file ctmc-strict-bd-13.log
Writing file ctmc-strict-bd-13.trees
         Sample      posterior ESS(posterior)     likelihood          prior
              0   -106062.7277              N   -105785.7422      -276.9854 --
           1000   -104062.3506         2.0      -103937.5240      -124.8265 --
           2000   -103939.1168         3.0      -103829.4001      -109.7166 --
           3000   -103550.6598         4.0      -103417.7282      -132.9316 --
           4000   -103520.3030         4.6      -103384.3836      -135.9193 --
           5000   -103493.6446         4.2      -103364.7217      -128.9229 --
           6000   -103337.5048         4.3      -103207.0510      -130.4537 --
           7000   -103305.9416         4.5      -103168.3580      -137.5835 --
           8000   -103183.8739         4.7      -103047.8331      -136.0408 --
           9000   -103160.2634         3.1      -103016.8342      -143.4292 --
          10000   -103158.7262         3.0      -103017.6544      -141.0718 --
          11000   -103155.3793         2.9      -103014.0236      -141.3557 18m21s/Msamples
          12000   -103151.7476         2.9      -103007.8902      -143.8573 18m50s/Msamples
          13000   -103161.8266         2.9      -103015.1101      -146.7164 18m25s/Msamples
          14000   -103153.4839         3.0      -103015.5004      -137.9834 18m16s/Msamples
          15000   -103136.2838         3.2      -102996.2622      -140.0216 18m12s/Msamples
          16000   -103107.8963         3.3      -102969.0255      -138.8707 18m13s/Msamples
          17000   -103105.0850         3.5      -102963.4995      -141.5855 18m9s/Msamples
          18000   -103100.4064         3.6      -102964.2580      -136.1484 18m9s/Msamples
          19000   -103098.7512         3.9      -102962.9983      -135.7528 18m13s/Msamples
          20000   -103100.5250         4.0      -102969.6518      -130.8732 18m12s/Msamples
          21000   -103067.0352         4.1      -102943.9336      -123.1015 18m17s/Msamples
          22000   -102945.3933         4.2      -102821.2870      -124.1063 18m5s/Msamples
          23000   -102943.8153         4.2      -102816.1440      -127.6713 18m0s/Msamples
          24000   -102939.7174         4.3      -102818.2590      -121.4583 18m1s/Msamples
          25000   -102947.4845         4.2      -102822.6824      -124.8021 18m5s/Msamples
          26000   -102954.5006         4.2      -102820.8945      -133.6061 18m5s/Msamples
          27000   -102936.5673         4.1      -102809.1942      -127.3730 18m5s/Msamples
          28000   -102947.9232         4.0      -102821.4405      -126.4827 18m3s/Msamples
          29000   -102932.5043         3.4      -102810.2471      -122.2571 18m7s/Msamples
          30000   -102941.8007         3.3      -102819.9057      -121.8950 18m11s/Msamples
          31000   -102933.0830         3.3      -102815.8504      -117.2325 18m16s/Msamples
          32000   -102941.6890         3.2      -102820.0396      -121.6494 18m20s/Msamples
          33000   -102941.3051         3.2      -102821.5261      -119.7789 18m22s/Msamples
          34000   -102936.6825         3.1      -102817.6452      -119.0372 18m21s/Msamples
          35000   -102941.5708         3.1      -102822.3773      -119.1934 18m22s/Msamples
          36000   -102934.3328         3.1      -102809.2929      -125.0399 18m19s/Msamples
          37000   -102943.2306         3.1      -102812.0965      -131.1341 18m17s/Msamples
          38000   -102948.0353         3.1      -102823.2079      -124.8273 18m13s/Msamples
          39000   -102940.3454         3.1      -102817.9614      -122.3839 18m10s/Msamples
          40000   -102938.9934         3.1      -102812.3545      -126.6388 18m8s/Msamples
          41000   -102948.1404         3.1      -102826.7639      -121.3765 18m9s/Msamples
          42000   -102953.9701         3.1      -102820.2086      -133.7615 18m8s/Msamples
          43000   -102955.9104         3.1      -102824.9657      -130.9447 18m11s/Msamples
          44000   -102950.5265         3.2      -102824.6405      -125.8859 18m14s/Msamples
          45000   -102951.3703         3.2      -102822.3358      -129.0345 18m17s/Msamples
          46000   -102960.3533         3.3      -102824.8903      -135.4630 18m18s/Msamples
          47000   -102958.6455         3.3      -102821.4238      -137.2217 18m19s/Msamples
          48000   -102947.4304         3.4      -102817.8857      -129.5446 18m20s/Msamples
          49000   -102951.4218         3.3      -102818.7218      -132.7000 18m24s/Msamples
          50000   -102954.8806         3.4      -102814.8636      -140.0169 18m24s/Msamples
          51000   -102953.1489         3.4      -102818.9141      -134.2348 18m21s/Msamples
          52000   -102959.2408         3.5      -102818.6565      -140.5843 18m19s/Msamples
          53000   -102956.5669         3.5      -102816.8223      -139.7445 18m18s/Msamples
          54000   -102957.9105         3.6      -102823.8394      -134.0711 18m15s/Msamples
          55000   -102968.8346         3.7      -102822.2384      -146.5961 18m16s/Msamples
          56000   -102961.9448         3.7      -102819.8784      -142.0663 18m15s/Msamples
          57000   -102964.5580         3.8      -102819.6785      -144.8794 18m16s/Msamples
          58000   -102964.2961         3.9      -102821.8155      -142.4805 18m17s/Msamples
          59000   -102961.5200         3.7      -102829.2922      -132.2277 18m14s/Msamples
          60000   -102961.6914         3.8      -102833.0770      -128.6144 18m13s/Msamples
          61000   -102961.3824         3.8      -102830.4970      -130.8854 18m13s/Msamples
          62000   -102965.9640         3.9      -102832.1280      -133.8359 18m13s/Msamples
          63000   -102959.8600         4.0      -102833.6255      -126.2344 18m13s/Msamples
          64000   -102957.9844         4.1      -102834.8260      -123.1584 18m13s/Msamples
          65000   -102959.6213         4.1      -102830.0209      -129.6004 18m12s/Msamples
          66000   -102962.2646         4.2      -102836.8879      -125.3767 18m12s/Msamples
          67000   -102972.0698         4.3      -102836.8953      -135.1744 18m14s/Msamples
          68000   -102970.2793         4.3      -102835.4732      -134.8060 18m14s/Msamples
          69000   -102965.1245         4.5      -102829.9074      -135.2170 18m15s/Msamples
          70000   -102970.7975         4.6      -102839.4104      -131.3871 18m14s/Msamples
          71000   -102950.8125         4.7      -102824.9200      -125.8925 18m13s/Msamples
          72000   -102950.4281         4.7      -102819.2230      -131.2050 18m14s/Msamples
          73000   -102959.0245         4.8      -102825.5377      -133.4867 18m11s/Msamples
          74000   -102952.2252         4.9      -102820.9771      -131.2481 18m10s/Msamples
          75000   -102962.2695         5.0      -102830.1658      -132.1037 18m8s/Msamples
          76000   -102964.1806         5.0      -102831.0890      -133.0916 18m8s/Msamples
          77000   -102956.5534         5.1      -102827.0887      -129.4646 18m7s/Msamples
          78000   -102953.8823         5.2      -102821.7256      -132.1566 18m8s/Msamples
          79000   -102956.2869         5.3      -102829.2602      -127.0267 18m8s/Msamples
          80000   -102958.7939         5.4      -102832.6868      -126.1070 18m8s/Msamples
          81000   -102951.3810         5.5      -102831.0126      -120.3683 18m7s/Msamples
          82000   -102946.6574         5.6      -102829.8816      -116.7758 18m6s/Msamples
          83000   -102946.6350         5.6      -102825.0976      -121.5373 18m4s/Msamples
          84000   -102949.8556         5.7      -102825.9533      -123.9023 18m3s/Msamples
          85000   -102945.0313         5.8      -102821.0528      -123.9784 18m3s/Msamples
          86000   -102941.9796         5.9      -102824.2372      -117.7424 18m3s/Msamples
          87000   -102937.5098         6.0      -102827.8320      -109.6778 18m3s/Msamples
          88000   -102935.9195         6.0      -102827.0167      -108.9027 18m2s/Msamples
          89000   -102922.0265         6.5      -102819.5280      -102.4984 18m3s/Msamples
          90000   -102935.7107         6.6      -102831.5897      -104.1209 18m2s/Msamples
          91000   -102933.6242         6.7      -102826.0755      -107.5486 18m1s/Msamples
          92000   -102936.6490         6.8      -102828.6425      -108.0064 18m3s/Msamples
          93000   -102936.5675         6.8      -102826.6391      -109.9284 18m3s/Msamples
          94000   -102921.5440         6.9      -102819.0816      -102.4624 18m4s/Msamples
          95000   -102922.4769         7.0      -102815.5496      -106.9272 18m3s/Msamples
          96000   -102921.4605         7.0      -102816.5455      -104.9149 18m3s/Msamples
          97000   -102922.2081         7.1      -102819.9230      -102.2850 18m3s/Msamples
          98000   -102915.3780         7.2      -102817.6513       -97.7266 18m2s/Msamples
          99000   -102919.3971         7.7      -102816.9060      -102.4910 18m2s/Msamples
         100000   -102920.2214         7.8      -102816.1368      -104.0845 18m1s/Msamples
         101000   -102932.7823         7.9      -102824.6580      -108.1242 18m1s/Msamples
         102000   -102925.5859         7.9      -102820.5569      -105.0289 18m1s/Msamples
         103000   -102915.1943         8.0      -102815.3308       -99.8634 18m0s/Msamples
         104000   -102920.3794         8.0      -102818.0562      -102.3232 18m0s/Msamples
         105000   -102921.1470         8.1      -102817.6061      -103.5408 18m0s/Msamples
         106000   -102927.0538         8.1      -102811.7284      -115.3253 18m0s/Msamples
         107000   -102929.5656         8.2      -102822.7073      -106.8583 17m59s/Msamples
         108000   -102939.9152         8.3      -102834.1347      -105.7805 17m59s/Msamples
         109000   -102921.4724         8.9      -102823.7877       -97.6846 17m59s/Msamples
         110000   -102918.4379         8.9      -102819.9515       -98.4864 17m59s/Msamples
         111000   -102917.5901         9.0      -102819.0599       -98.5302 17m59s/Msamples
         112000   -102911.4289         9.1      -102813.2648       -98.1641 17m58s/Msamples
         113000   -102918.7606         9.2      -102817.6668      -101.0937 17m58s/Msamples
         114000   -102917.5325         9.2      -102821.5581       -95.9744 17m58s/Msamples
         115000   -102925.9305         9.3      -102827.2606       -98.6699 17m59s/Msamples
         116000   -102924.6488         9.3      -102825.5437       -99.1050 17m58s/Msamples
         117000   -102921.8330         9.4      -102822.1629       -99.6700 17m57s/Msamples
         118000   -102915.9072         9.4      -102816.9473       -98.9598 17m57s/Msamples
         119000   -102931.7750        10.2      -102828.0762      -103.6988 17m57s/Msamples
         120000   -102932.8808        10.2      -102823.3326      -109.5482 17m57s/Msamples
         121000   -102943.8170        10.3      -102834.5781      -109.2389 17m57s/Msamples
         122000   -102933.4284        10.3      -102832.2858      -101.1426 17m56s/Msamples
         123000   -102943.1986        10.4      -102836.6721      -106.5264 17m56s/Msamples
         124000   -102929.5632        10.5      -102830.9415       -98.6216 17m57s/Msamples
         125000   -102927.3192        10.5      -102831.8991       -95.4201 17m57s/Msamples
         126000   -102934.3055        10.6      -102836.6954       -97.6101 17m58s/Msamples
         127000   -102931.0775        10.6      -102834.8578       -96.2196 17m58s/Msamples
         128000   -102941.0026        10.7      -102836.9519      -104.0506 17m57s/Msamples
         129000   -102947.1025        11.5      -102839.4186      -107.6838 17m57s/Msamples
         130000   -102948.4503        11.6      -102838.9244      -109.5259 17m57s/Msamples
         131000   -102943.2665        11.7      -102834.2764      -108.9900 17m57s/Msamples
         132000   -102940.6778        11.8      -102833.9002      -106.7775 17m58s/Msamples
         133000   -102944.5758        11.9      -102835.5621      -109.0137 17m58s/Msamples
         134000   -102936.6384        12.0      -102837.8882       -98.7502 17m57s/Msamples
         135000   -102931.9741        12.0      -102827.5332      -104.4408 17m57s/Msamples
         136000   -102933.3910        12.1      -102826.7097      -106.6812 17m56s/Msamples
         137000   -102918.1748         9.2      -102821.1211       -97.0537 17m56s/Msamples
         138000   -102909.3984         9.0      -102816.8903       -92.5080 17m56s/Msamples
         139000   -102914.7618         9.1      -102818.3472       -96.4145 17m56s/Msamples
         140000   -102904.6746         8.9      -102816.6368       -88.0378 17m55s/Msamples
         141000   -102913.6010         8.7      -102826.2048       -87.3961 17m55s/Msamples
         142000   -102914.2920         8.6      -102821.1931       -93.0989 17m54s/Msamples
         143000   -102913.7068         8.4      -102821.0269       -92.6798 17m54s/Msamples
         144000   -102909.5575         8.3      -102819.7879       -89.7696 17m54s/Msamples
         145000   -102916.9420         8.2      -102822.5552       -94.3868 17m54s/Msamples
         146000   -102915.2101         8.0      -102816.3771       -98.8330 17m54s/Msamples
         147000   -102916.9939         7.9      -102818.9930       -98.0008 17m53s/Msamples
         148000   -102931.9578         7.9      -102831.1044      -100.8534 17m53s/Msamples
         149000   -102912.4943         7.7      -102819.3629       -93.1314 17m53s/Msamples
         150000   -102926.4235         7.7      -102827.0274       -99.3961 17m53s/Msamples
         151000   -102931.7385         7.7      -102831.6910      -100.0475 17m52s/Msamples
         152000   -102936.5031         7.7      -102832.5282      -103.9749 17m52s/Msamples
         153000   -102932.4610         7.6      -102834.3370       -98.1240 17m52s/Msamples
         154000   -102929.9728         7.6      -102829.7250      -100.2478 17m51s/Msamples
         155000   -102945.3584         7.7      -102832.0892      -113.2692 17m51s/Msamples
         156000   -102936.8112         7.7      -102830.9661      -105.8451 17m50s/Msamples
         157000   -102923.1161         7.6      -102828.9434       -94.1727 17m49s/Msamples
         158000   -102941.9891         7.6      -102841.2775      -100.7116 17m49s/Msamples
         159000   -102947.7497         7.7      -102841.7609      -105.9888 17m49s/Msamples
         160000   -102945.3854         7.7      -102841.7618      -103.6235 17m49s/Msamples
         161000   -102933.2275         7.7      -102833.3358       -99.8916 17m49s/Msamples
         162000   -102934.6507         7.7      -102838.1327       -96.5180 17m49s/Msamples
         163000   -102933.7337         7.8      -102832.9769      -100.7568 17m49s/Msamples
         164000   -102927.3928         7.7      -102825.0383      -102.3545 17m49s/Msamples
         165000   -102928.6541         7.7      -102829.8420       -98.8120 17m49s/Msamples
         166000   -102929.4806         7.7      -102829.6055       -99.8750 17m48s/Msamples
         167000   -102932.6488         7.7      -102831.6396      -101.0091 17m48s/Msamples
         168000   -102935.6687         7.7      -102832.4992      -103.1694 17m48s/Msamples
         169000   -102924.9982         7.8      -102824.3290      -100.6692 17m48s/Msamples
         170000   -102934.6426         7.8      -102827.8294      -106.8132 17m48s/Msamples
         171000   -102925.3421         7.8      -102821.5867      -103.7553 17m48s/Msamples
         172000   -102944.9545         7.8      -102838.3410      -106.6134 17m48s/Msamples
         173000   -102944.9537         7.9      -102825.2379      -119.7157 17m48s/Msamples
         174000   -102946.1806         8.0      -102831.3655      -114.8150 17m48s/Msamples
         175000   -102947.7830         8.1      -102835.6144      -112.1685 17m48s/Msamples
         176000   -102940.3637         8.1      -102830.6950      -109.6686 17m48s/Msamples
         177000   -102931.4393         8.1      -102825.9309      -105.5083 17m48s/Msamples
         178000   -102922.3661         8.1      -102817.1609      -105.2052 17m48s/Msamples
         179000   -102929.9057         8.2      -102826.7016      -103.2041 17m48s/Msamples
         180000   -102917.1937         8.2      -102819.2277       -97.9660 17m47s/Msamples
         181000   -102929.4394         8.2      -102821.3006      -108.1387 17m47s/Msamples
         182000   -102927.8427         8.2      -102824.3808      -103.4619 17m47s/Msamples
         183000   -102929.7045         8.2      -102825.8919      -103.8125 17m47s/Msamples
         184000   -102941.9206         8.3      -102826.3670      -115.5536 17m48s/Msamples
         185000   -102944.2843         8.3      -102834.4838      -109.8005 17m48s/Msamples
         186000   -102932.0330         8.4      -102825.5494      -106.4835 17m48s/Msamples
         187000   -102918.0211         8.4      -102821.9470       -96.0741 17m48s/Msamples
         188000   -102926.6362         8.4      -102825.7988      -100.8373 17m48s/Msamples
         189000   -102920.9888         8.3      -102820.2925      -100.6963 17m48s/Msamples
         190000   -102915.7786         8.3      -102822.2541       -93.5245 17m48s/Msamples
         191000   -102916.3635         8.3      -102822.0115       -94.3520 17m48s/Msamples
         192000   -102919.6463         8.3      -102823.3479       -96.2983 17m48s/Msamples
         193000   -102922.0349         8.2      -102824.3262       -97.7087 17m47s/Msamples
         194000   -102921.3128         8.2      -102834.7706       -86.5421 17m47s/Msamples
         195000   -102912.5510         8.2      -102825.3483       -87.2026 17m47s/Msamples
         196000   -102911.0648         8.1      -102820.7670       -90.2978 17m47s/Msamples
         197000   -102926.7424         8.1      -102828.0109       -98.7314 17m47s/Msamples
         198000   -102924.4656         8.1      -102823.4189      -101.0467 17m47s/Msamples
         199000   -102922.0699         7.8      -102822.7489       -99.3209 17m46s/Msamples
         200000   -102931.3464         7.8      -102831.7337       -99.6126 17m46s/Msamples
         201000   -102925.9247         7.8      -102830.1795       -95.7451 17m47s/Msamples
         202000   -102920.6431         7.8      -102827.0793       -93.5638 17m47s/Msamples
         203000   -102922.2372         7.8      -102826.7365       -95.5006 17m47s/Msamples
         204000   -102910.6286         7.8      -102819.3024       -91.3262 17m47s/Msamples
         205000   -102915.0164         7.8      -102823.4675       -91.5489 17m47s/Msamples
         206000   -102922.1097         7.8      -102823.3908       -98.7188 17m47s/Msamples
         207000   -102923.4425         7.8      -102829.7242       -93.7182 17m47s/Msamples
         208000   -102920.4100         7.8      -102823.6861       -96.7238 17m46s/Msamples
         209000   -102934.4009         7.0      -102827.4855      -106.9153 17m46s/Msamples
         210000   -102944.4325         7.1      -102833.1142      -111.3183 17m46s/Msamples
         211000   -102934.2382         7.1      -102831.0210      -103.2172 17m46s/Msamples
         212000   -102937.8113         7.1      -102832.5356      -105.2757 17m46s/Msamples
         213000   -102944.8334         7.2      -102831.6324      -113.2010 17m46s/Msamples
         214000   -102934.5393         7.2      -102828.6166      -105.9227 17m46s/Msamples
         215000   -102941.7628         7.3      -102828.8422      -112.9205 17m46s/Msamples
         216000   -102948.7322         7.4      -102826.5278      -122.2043 17m46s/Msamples
         217000   -102957.2735         7.6      -102831.1449      -126.1286 17m46s/Msamples
         218000   -102960.3625         7.8      -102836.2716      -124.0909 17m46s/Msamples
         219000   -102956.0036         7.3      -102830.6716      -125.3320 17m47s/Msamples
         220000   -102947.0930         7.4      -102826.4197      -120.6732 17m47s/Msamples
         221000   -102938.7202         7.4      -102820.4953      -118.2248 17m48s/Msamples
         222000   -102944.5716         7.5      -102827.4440      -117.1275 17m48s/Msamples
         223000   -102942.8997         7.6      -102829.0397      -113.8599 17m48s/Msamples
         224000   -102946.8079         7.6      -102833.1827      -113.6251 17m48s/Msamples
         225000   -102939.2871         7.7      -102831.5239      -107.7632 17m48s/Msamples
         226000   -102932.3150         7.7      -102826.8119      -105.5031 17m48s/Msamples
         227000   -102937.1225         7.8      -102831.2965      -105.8260 17m48s/Msamples
         228000   -102930.5074         7.8      -102831.0026       -99.5047 17m48s/Msamples
         229000   -102947.1664         7.9      -102834.1986      -112.9677 17m48s/Msamples
         230000   -102942.4066         7.9      -102835.1745      -107.2320 17m49s/Msamples
         231000   -102954.2739         8.0      -102839.3139      -114.9600 17m49s/Msamples
         232000   -102953.6746         8.1      -102837.8728      -115.8017 17m49s/Msamples
         233000   -102944.2648         8.1      -102834.3198      -109.9450 17m49s/Msamples
         234000   -102945.6849         8.2      -102834.0647      -111.6202 17m49s/Msamples
         235000   -102938.5845         8.2      -102828.5822      -110.0022 17m49s/Msamples
         236000   -102949.7813         8.3      -102843.1773      -106.6040 17m49s/Msamples
         237000   -102932.3552         8.3      -102824.3005      -108.0547 17m49s/Msamples
         238000   -102939.6161         8.4      -102824.0757      -115.5404 17m49s/Msamples
         239000   -102939.9855         8.4      -102826.3072      -113.6783 17m49s/Msamples
         240000   -102930.6509         8.5      -102822.0398      -108.6111 17m49s/Msamples
         241000   -102933.5054         8.5      -102825.6514      -107.8539 17m49s/Msamples
         242000   -102929.0240         8.6      -102824.5180      -104.5060 17m49s/Msamples
         243000   -102922.8974         8.7      -102821.7230      -101.1744 17m49s/Msamples
         244000   -102927.2186         8.8      -102821.9899      -105.2286 17m50s/Msamples
         245000   -102928.5910         8.9      -102826.7558      -101.8351 17m49s/Msamples
         246000   -102926.7562         9.0      -102826.0504      -100.7058 17m49s/Msamples
         247000   -102924.4631         9.1      -102825.2986       -99.1645 17m49s/Msamples
         248000   -102924.2707         9.2      -102821.6041      -102.6666 17m49s/Msamples
         249000   -102929.5628         9.2      -102824.4921      -105.0706 17m49s/Msamples
         250000   -102945.1912         9.3      -102827.7571      -117.4340 17m49s/Msamples
         251000   -102945.2483         9.3      -102831.1388      -114.1095 17m49s/Msamples
         252000   -102954.3998         9.4      -102833.9471      -120.4526 17m49s/Msamples
         253000   -102945.5944         9.4      -102827.1733      -118.4210 17m48s/Msamples
         254000   -102949.6109         9.5      -102823.5088      -126.1020 17m48s/Msamples
         255000   -102938.5955         9.5      -102822.8230      -115.7724 17m48s/Msamples
         256000   -102925.8985         9.6      -102820.0317      -105.8668 17m49s/Msamples
         257000   -102929.8106         9.7      -102826.0192      -103.7913 17m49s/Msamples
         258000   -102920.4288         9.8      -102823.5358       -96.8929 17m48s/Msamples
         259000   -102924.0533         9.9      -102823.2902      -100.7631 17m48s/Msamples
         260000   -102932.3187         9.9      -102826.8397      -105.4789 17m48s/Msamples
         261000   -102929.0546        10.0      -102830.6739       -98.3807 17m48s/Msamples
         262000   -102940.1532        10.0      -102836.7883      -103.3649 17m48s/Msamples
         263000   -102937.6409        10.1      -102835.0317      -102.6092 17m48s/Msamples
         264000   -102930.9828        10.1      -102829.6479      -101.3349 17m49s/Msamples
         265000   -102932.1495        10.2      -102833.0419       -99.1076 17m49s/Msamples
         266000   -102932.5163        10.2      -102828.8554      -103.6608 17m48s/Msamples
         267000   -102927.7885        10.2      -102831.4992       -96.2893 17m48s/Msamples
         268000   -102927.8257        10.3      -102829.7471       -98.0785 17m48s/Msamples
         269000   -102925.7824        10.4      -102829.0764       -96.7060 17m48s/Msamples
         270000   -102926.5442        10.4      -102833.0877       -93.4565 17m48s/Msamples
         271000   -102939.1482        10.4      -102828.5825      -110.5656 17m48s/Msamples
         272000   -102943.8161        10.5      -102832.3340      -111.4820 17m48s/Msamples
         273000   -102945.9616        10.6      -102834.0288      -111.9327 17m49s/Msamples
         274000   -102952.4754        10.7      -102841.0769      -111.3985 17m49s/Msamples
         275000   -102951.9628        10.8      -102843.4868      -108.4760 17m49s/Msamples
         276000   -102945.3452        10.9      -102837.0588      -108.2864 17m50s/Msamples
         277000   -102942.3548        10.9      -102835.7133      -106.6415 17m50s/Msamples
         278000   -102925.1964        11.0      -102828.5532       -96.6431 17m50s/Msamples
         279000   -102930.9888        11.0      -102827.9527      -103.0361 17m49s/Msamples
         280000   -102939.1108        11.1      -102832.4678      -106.6429 17m49s/Msamples
         281000   -102932.3680        11.1      -102826.7159      -105.6520 17m49s/Msamples
         282000   -102939.9235        11.2      -102831.7673      -108.1562 17m50s/Msamples
         283000   -102932.6928        11.2      -102834.1255       -98.5673 17m49s/Msamples
         284000   -102932.7496        11.3      -102829.2008      -103.5487 17m49s/Msamples
         285000   -102944.7326        11.3      -102831.9401      -112.7925 17m49s/Msamples
         286000   -102946.0285        11.4      -102836.5510      -109.4775 17m49s/Msamples
         287000   -102952.1759        11.5      -102838.3377      -113.8382 17m49s/Msamples
         288000   -102951.4572        11.6      -102836.2062      -115.2510 17m49s/Msamples
         289000   -102948.0082        11.7      -102838.8179      -109.1903 17m49s/Msamples
         290000   -102947.7102        11.7      -102836.9082      -110.8019 17m49s/Msamples
         291000   -102952.5012        11.8      -102837.2478      -115.2533 17m49s/Msamples
         292000   -102927.6390        11.9      -102825.1612      -102.4777 17m49s/Msamples
         293000   -102925.6769        12.0      -102822.4339      -103.2429 17m48s/Msamples
         294000   -102917.8851        12.1      -102822.3723       -95.5128 17m49s/Msamples
         295000   -102910.9732        12.3      -102822.9803       -87.9929 17m48s/Msamples
         296000   -102907.4665        12.6      -102817.7166       -89.7499 17m48s/Msamples
         297000   -102921.8982        12.7      -102820.4601      -101.4381 17m48s/Msamples
         298000   -102917.8719        12.8      -102819.1875       -98.6843 17m48s/Msamples
         299000   -102923.7196        12.9      -102821.0411      -102.6785 17m48s/Msamples
         300000   -102931.2486        12.9      -102824.9996      -106.2490 17m47s/Msamples
         301000   -102923.8988        13.0      -102820.3566      -103.5422 17m47s/Msamples
         302000   -102925.9258        13.1      -102818.9014      -107.0243 17m47s/Msamples
         303000   -102932.3418        13.1      -102824.6616      -107.6801 17m47s/Msamples
         304000   -102932.5424        13.1      -102821.2452      -111.2971 17m47s/Msamples
         305000   -102935.5279        13.2      -102825.7210      -109.8068 17m47s/Msamples
         306000   -102935.8357        13.2      -102828.3401      -107.4956 17m47s/Msamples
         307000   -102927.3448        13.3      -102824.0248      -103.3199 17m47s/Msamples
         308000   -102926.2136        13.3      -102820.0099      -106.2036 17m47s/Msamples
         309000   -102948.4111        13.5      -102831.9161      -116.4949 17m47s/Msamples
         310000   -102943.9288        13.5      -102829.6598      -114.2690 17m47s/Msamples
         311000   -102945.5151        13.6      -102828.9494      -116.5657 17m47s/Msamples
         312000   -102936.5644        13.7      -102827.2275      -109.3368 17m48s/Msamples
         313000   -102923.3903        13.7      -102819.3611      -104.0291 17m48s/Msamples
         314000   -102934.7779        13.8      -102827.4164      -107.3614 17m48s/Msamples
         315000   -102916.5091        13.9      -102815.3003      -101.2087 17m48s/Msamples
         316000   -102915.5162        14.0      -102817.1234       -98.3927 17m48s/Msamples
         317000   -102921.6992        14.0      -102820.7935      -100.9057 17m48s/Msamples
         318000   -102922.6717        14.0      -102820.0071      -102.6646 17m48s/Msamples
         319000   -102919.1472        14.0      -102819.6054       -99.5418 17m48s/Msamples
         320000   -102929.8646        14.0      -102825.5952      -104.2694 17m48s/Msamples
         321000   -102925.9985        14.0      -102828.6901       -97.3083 17m48s/Msamples
         322000   -102929.3437        14.0      -102832.2118       -97.1319 17m48s/Msamples
         323000   -102928.7045        14.0      -102822.1276      -106.5768 17m48s/Msamples
         324000   -102916.9002        14.1      -102815.0517      -101.8484 17m48s/Msamples
         325000   -102932.4295        14.1      -102822.2780      -110.1515 17m48s/Msamples
         326000   -102924.0551        14.1      -102817.2832      -106.7718 17m48s/Msamples
         327000   -102927.2215        14.2      -102820.2438      -106.9777 17m48s/Msamples
         328000   -102927.6701        14.2      -102820.6188      -107.0512 17m48s/Msamples
         329000   -102932.1912        14.2      -102827.6498      -104.5413 17m48s/Msamples
         330000   -102923.9545        14.3      -102822.5919      -101.3626 17m48s/Msamples
         331000   -102927.9643        14.3      -102819.5969      -108.3673 17m48s/Msamples
         332000   -102913.5816        14.4      -102813.5968       -99.9847 17m48s/Msamples
         333000   -102915.8018        14.4      -102812.3377      -103.4640 17m48s/Msamples
         334000   -102916.8411        14.5      -102815.9101      -100.9309 17m48s/Msamples
         335000   -102935.4846        14.5      -102831.2235      -104.2611 17m47s/Msamples
         336000   -102931.0614        14.5      -102822.4367      -108.6246 17m47s/Msamples
         337000   -102931.9730        14.6      -102824.1560      -107.8169 17m47s/Msamples
         338000   -102925.2948        14.6      -102819.8699      -105.4248 17m47s/Msamples
         339000   -102930.1082        14.6      -102828.9306      -101.1775 17m47s/Msamples
         340000   -102931.5725        14.6      -102828.6547      -102.9177 17m47s/Msamples
         341000   -102924.6460        14.7      -102823.9847      -100.6613 17m46s/Msamples
         342000   -102922.5641        14.7      -102821.2762      -101.2878 17m46s/Msamples
         343000   -102919.2987        14.7      -102820.5847       -98.7140 17m47s/Msamples
         344000   -102924.9770        14.7      -102815.4458      -109.5311 17m47s/Msamples
         345000   -102913.6524        14.7      -102814.9333       -98.7191 17m47s/Msamples
         346000   -102911.7412        14.7      -102826.9332       -84.8079 17m47s/Msamples
         347000   -102912.2626        14.7      -102816.9558       -95.3067 17m47s/Msamples
         348000   -102905.5905        14.7      -102813.9049       -91.6855 17m47s/Msamples
         349000   -102915.2440        14.7      -102824.7345       -90.5095 17m47s/Msamples
         350000   -102910.6017        14.7      -102812.1501       -98.4515 17m46s/Msamples
         351000   -102912.8865        14.7      -102809.1841      -103.7024 17m46s/Msamples
         352000   -102914.5902        14.6      -102816.0859       -98.5042 17m46s/Msamples
         353000   -102921.2645        14.6      -102818.8118      -102.4526 17m46s/Msamples
         354000   -102925.8485        14.6      -102822.0546      -103.7939 17m45s/Msamples
         355000   -102927.9912        14.6      -102822.3793      -105.6118 17m46s/Msamples
         356000   -102927.6902        14.6      -102830.5309       -97.1592 17m46s/Msamples
         357000   -102912.2945        14.5      -102820.4390       -91.8555 17m45s/Msamples
         358000   -102921.4598        14.5      -102822.7324       -98.7273 17m45s/Msamples
         359000   -102924.6872        14.5      -102829.9727       -94.7144 17m46s/Msamples
         360000   -102936.8977        14.6      -102834.5865      -102.3111 17m46s/Msamples
         361000   -102939.6896        14.7      -102839.6462      -100.0433 17m46s/Msamples
         362000   -102936.3383        14.8      -102830.0120      -106.3263 17m46s/Msamples
         363000   -102942.1789        14.9      -102829.3005      -112.8783 17m46s/Msamples
         364000   -102932.3169        14.9      -102826.1700      -106.1468 17m46s/Msamples
         365000   -102935.9903        15.0      -102833.5628      -102.4274 17m46s/Msamples
         366000   -102939.5869        15.1      -102839.3329      -100.2540 17m46s/Msamples
         367000   -102937.1390        15.1      -102833.4679      -103.6710 17m47s/Msamples
         368000   -102945.3591        15.3      -102835.4623      -109.8967 17m47s/Msamples
         369000   -102948.1887        15.4      -102838.9367      -109.2520 17m47s/Msamples
         370000   -102962.9381        15.8      -102849.1758      -113.7623 17m47s/Msamples
         371000   -102946.8165        16.0      -102835.0387      -111.7777 17m47s/Msamples
         372000   -102950.9122        16.2      -102838.5259      -112.3862 17m48s/Msamples
         373000   -102946.7114        16.3      -102836.2461      -110.4653 17m47s/Msamples
         374000   -102954.8628        16.5      -102841.8110      -113.0517 17m47s/Msamples
         375000   -102956.7513        16.8      -102839.8127      -116.9386 17m48s/Msamples
         376000   -102951.7722        16.9      -102839.3022      -112.4699 17m48s/Msamples
         377000   -102949.1917        17.0      -102837.7000      -111.4916 17m48s/Msamples
         378000   -102948.9938        17.1      -102839.5309      -109.4628 17m48s/Msamples
         379000   -102927.6909        17.2      -102835.5685       -92.1224 17m48s/Msamples
         380000   -102922.4565        17.3      -102833.5903       -88.8661 17m48s/Msamples
         381000   -102921.2751        17.5      -102824.9851       -96.2899 17m48s/Msamples
         382000   -102924.5132        17.6      -102826.2401       -98.2731 17m48s/Msamples
         383000   -102925.4423        17.7      -102832.2761       -93.1662 17m48s/Msamples
         384000   -102920.2458        17.8      -102823.9138       -96.3320 17m48s/Msamples
         385000   -102921.1655        18.0      -102824.3386       -96.8269 17m47s/Msamples
         386000   -102921.9677        18.1      -102825.5731       -96.3946 17m48s/Msamples
         387000   -102931.0332        18.1      -102825.6948      -105.3383 17m47s/Msamples
         388000   -102926.4811        18.2      -102825.7461      -100.7349 17m47s/Msamples
         389000   -102929.8039        18.5      -102833.5391       -96.2648 17m47s/Msamples
         390000   -102924.4040        18.6      -102832.4249       -91.9790 17m47s/Msamples
         391000   -102917.7037        18.8      -102828.4429       -89.2607 17m47s/Msamples
         392000   -102916.5977        19.0      -102824.6755       -91.9222 17m47s/Msamples
         393000   -102916.5448        19.2      -102823.1864       -93.3584 17m48s/Msamples
         394000   -102916.5959        19.3      -102822.6728       -93.9231 17m47s/Msamples
         395000   -102919.1024        19.4      -102820.9129       -98.1895 17m48s/Msamples
         396000   -102917.5392        19.6      -102825.9770       -91.5622 17m48s/Msamples
         397000   -102917.5603        19.7      -102823.4279       -94.1323 17m47s/Msamples
         398000   -102915.3635        19.7      -102820.2836       -95.0798 17m47s/Msamples
         399000   -102918.1088        19.9      -102823.9079       -94.2009 17m47s/Msamples
         400000   -102899.9809        20.0      -102811.1060       -88.8748 17m47s/Msamples
         401000   -102904.1811        20.1      -102814.5393       -89.6418 17m47s/Msamples
         402000   -102914.2064        20.1      -102817.5009       -96.7054 17m47s/Msamples
         403000   -102902.3122        20.1      -102812.4906       -89.8216 17m47s/Msamples
         404000   -102908.5936        20.1      -102811.5922       -97.0013 17m47s/Msamples
         405000   -102918.9473        20.0      -102819.6710       -99.2763 17m47s/Msamples
         406000   -102913.7720        19.9      -102820.5320       -93.2400 17m47s/Msamples
         407000   -102916.2609        19.9      -102824.8857       -91.3751 17m47s/Msamples
         408000   -102915.0480        19.8      -102827.9819       -87.0661 17m47s/Msamples
         409000   -102919.6949        19.8      -102826.6433       -93.0516 17m47s/Msamples
         410000   -102914.8107        19.7      -102820.8520       -93.9586 17m47s/Msamples
         411000   -102909.1089        19.6      -102818.8709       -90.2379 17m47s/Msamples
         412000   -102919.9041        19.5      -102824.8667       -95.0374 17m47s/Msamples
         413000   -102920.3162        19.5      -102822.3950       -97.9212 17m46s/Msamples
         414000   -102920.1431        19.4      -102826.4470       -93.6961 17m46s/Msamples
         415000   -102913.5374        19.3      -102818.9398       -94.5976 17m46s/Msamples
         416000   -102916.1908        19.3      -102820.2696       -95.9211 17m46s/Msamples
         417000   -102908.4479        19.2      -102817.2478       -91.2000 17m46s/Msamples
         418000   -102910.3422        19.1      -102819.5300       -90.8121 17m46s/Msamples
         419000   -102908.0950        19.1      -102816.2356       -91.8593 17m46s/Msamples
         420000   -102922.1816        19.0      -102820.9797      -101.2018 17m46s/Msamples
         421000   -102899.6816        19.0      -102811.8707       -87.8109 17m46s/Msamples
         422000   -102918.6197        18.9      -102827.3733       -91.2463 17m46s/Msamples
         423000   -102923.8051        18.8      -102827.5110       -96.2940 17m46s/Msamples
         424000   -102914.4640        18.8      -102822.1366       -92.3273 17m46s/Msamples
         425000   -102906.0437        18.7      -102814.8223       -91.2213 17m46s/Msamples
         426000   -102913.0422        18.6      -102813.8260       -99.2162 17m46s/Msamples
         427000   -102913.2475        18.5      -102820.7454       -92.5020 17m46s/Msamples
         428000   -102910.2241        18.4      -102817.2688       -92.9552 17m46s/Msamples
         429000   -102910.8474        18.5      -102817.7988       -93.0486 17m46s/Msamples
         430000   -102924.3591        18.5      -102824.2873      -100.0717 17m46s/Msamples
         431000   -102915.7313        18.5      -102823.4972       -92.2341 17m46s/Msamples
         432000   -102918.9299        18.4      -102824.3726       -94.5572 17m46s/Msamples
         433000   -102926.7300        18.4      -102830.2108       -96.5191 17m46s/Msamples
         434000   -102916.9368        18.3      -102822.6401       -94.2967 17m46s/Msamples
         435000   -102936.5393        18.4      -102835.6788      -100.8605 17m46s/Msamples
         436000   -102917.3759        18.4      -102820.1473       -97.2285 17m46s/Msamples
         437000   -102911.4579        18.3      -102819.5085       -91.9493 17m46s/Msamples
         438000   -102913.7897        18.3      -102823.9926       -89.7971 17m45s/Msamples
         439000   -102915.4617        18.5      -102826.6602       -88.8015 17m45s/Msamples
         440000   -102918.0799        18.4      -102833.2827       -84.7971 17m45s/Msamples
         441000   -102916.2750        18.4      -102823.9617       -92.3132 17m45s/Msamples
         442000   -102924.0206        18.4      -102824.9240       -99.0965 17m45s/Msamples
         443000   -102923.5188        18.4      -102826.1465       -97.3723 17m45s/Msamples
         444000   -102929.8526        18.4      -102832.3906       -97.4620 17m45s/Msamples
         445000   -102918.9016        18.4      -102829.5191       -89.3824 17m46s/Msamples
         446000   -102912.6190        18.2      -102826.5211       -86.0978 17m46s/Msamples
         447000   -102913.9766        18.1      -102821.9910       -91.9855 17m46s/Msamples
         448000   -102936.4597        18.2      -102837.0554       -99.4042 17m46s/Msamples
         449000   -102922.6254        18.6      -102830.4338       -92.1916 17m46s/Msamples
         450000   -102926.2695        18.6      -102829.5081       -96.7614 17m46s/Msamples
         451000   -102932.0941        18.6      -102833.0525       -99.0416 17m46s/Msamples
         452000   -102930.8089        18.7      -102835.5055       -95.3034 17m46s/Msamples
         453000   -102935.3755        18.7      -102837.1524       -98.2230 17m46s/Msamples
         454000   -102933.3288        18.8      -102831.2967      -102.0320 17m46s/Msamples
         455000   -102927.8378        18.8      -102832.5930       -95.2447 17m46s/Msamples
         456000   -102948.8343        19.0      -102834.8119      -114.0223 17m46s/Msamples
         457000   -102949.5611        19.2      -102837.5460      -112.0151 17m46s/Msamples
         458000   -102945.6094        19.4      -102830.2007      -115.4087 17m46s/Msamples
         459000   -102940.4659        19.7      -102829.4170      -111.0489 17m46s/Msamples
         460000   -102942.0649        19.8      -102831.7010      -110.3639 17m46s/Msamples
         461000   -102950.6691        20.0      -102833.4352      -117.2339 17m46s/Msamples
         462000   -102938.8761        20.0      -102831.0648      -107.8113 17m46s/Msamples
         463000   -102942.2465        20.1      -102829.8253      -112.4212 17m46s/Msamples
         464000   -102928.8160        20.2      -102823.4248      -105.3912 17m46s/Msamples
         465000   -102936.0704        20.2      -102830.1849      -105.8855 17m46s/Msamples
         466000   -102930.9254        20.3      -102829.3866      -101.5387 17m46s/Msamples
         467000   -102930.3449        20.3      -102824.3200      -106.0248 17m47s/Msamples
         468000   -102935.3991        20.4      -102827.2378      -108.1612 17m47s/Msamples
         469000   -102926.9512        20.7      -102819.4803      -107.4708 17m47s/Msamples
         470000   -102941.5853        20.8      -102831.5725      -110.0127 17m47s/Msamples
         471000   -102933.3252        20.9      -102829.1531      -104.1721 17m47s/Msamples
         472000   -102931.4562        20.9      -102826.7756      -104.6806 17m47s/Msamples
         473000   -102934.6827        21.0      -102827.2294      -107.4532 17m47s/Msamples
         474000   -102938.4104        21.0      -102830.5523      -107.8580 17m47s/Msamples
         475000   -102929.7107        21.1      -102825.1059      -104.6048 17m47s/Msamples
         476000   -102936.4869        21.1      -102830.7946      -105.6923 17m47s/Msamples
         477000   -102937.9728        21.1      -102831.2240      -106.7487 17m48s/Msamples
         478000   -102928.4447        21.2      -102824.8248      -103.6198 17m47s/Msamples
         479000   -102926.0313        21.6      -102827.3613       -98.6699 17m48s/Msamples
         480000   -102927.5917        21.6      -102822.2070      -105.3846 17m48s/Msamples
         481000   -102934.7360        21.7      -102831.3369      -103.3991 17m48s/Msamples
         482000   -102920.1565        21.8      -102825.2744       -94.8820 17m47s/Msamples
         483000   -102919.6118        21.9      -102827.8514       -91.7603 17m47s/Msamples
         484000   -102920.8162        22.0      -102823.7085       -97.1077 17m47s/Msamples
         485000   -102919.7755        22.1      -102825.7157       -94.0597 17m47s/Msamples
         486000   -102930.7586        22.2      -102826.9230      -103.8355 17m47s/Msamples
         487000   -102907.6328        22.4      -102812.4597       -95.1730 17m47s/Msamples
         488000   -102923.8692        22.5      -102815.1394      -108.7297 17m47s/Msamples
         489000   -102915.7003        22.8      -102818.9040       -96.7962 17m47s/Msamples
         490000   -102917.2529        22.9      -102815.0011      -102.2518 17m47s/Msamples
         491000   -102915.1456        22.9      -102818.7118       -96.4338 17m47s/Msamples
         492000   -102925.8826        23.0      -102825.1934      -100.6892 17m47s/Msamples
         493000   -102918.5808        23.1      -102820.7350       -97.8457 17m47s/Msamples
         494000   -102924.4283        23.1      -102822.5625      -101.8658 17m47s/Msamples
         495000   -102919.2353        23.2      -102818.5900      -100.6452 17m47s/Msamples
         496000   -102925.5593        23.2      -102823.6542      -101.9050 17m47s/Msamples
         497000   -102921.7392        23.2      -102819.3646      -102.3746 17m47s/Msamples
         498000   -102929.8921        23.3      -102815.3260      -114.5661 17m47s/Msamples
         499000   -102929.0563        23.6      -102821.5169      -107.5394 17m47s/Msamples
         500000   -102922.6087        23.7      -102823.5122       -99.0964 17m47s/Msamples
         501000   -102922.9702        23.7      -102814.7110      -108.2591 17m47s/Msamples
         502000   -102923.6040        23.7      -102822.3612      -101.2427 17m47s/Msamples
         503000   -102916.3160        23.8      -102815.8636      -100.4523 17m47s/Msamples
         504000   -102924.2043        23.8      -102824.3984       -99.8058 17m47s/Msamples
         505000   -102917.5949        23.8      -102820.7936       -96.8013 17m47s/Msamples
         506000   -102917.6002        23.8      -102818.1242       -99.4760 17m47s/Msamples
         507000   -102918.0931        23.8      -102818.4656       -99.6274 17m47s/Msamples
         508000   -102918.7112        23.8      -102817.4869      -101.2243 17m47s/Msamples
         509000   -102927.3966        24.2      -102827.5175       -99.8790 17m47s/Msamples
         510000   -102924.7992        24.2      -102822.0753      -102.7239 17m47s/Msamples
         511000   -102928.0391        24.3      -102820.5873      -107.4518 17m47s/Msamples
         512000   -102928.8900        24.3      -102822.0625      -106.8274 17m47s/Msamples
         513000   -102935.0326        24.4      -102827.5510      -107.4816 17m47s/Msamples
         514000   -102920.6739        24.4      -102824.4656       -96.2082 17m47s/Msamples
         515000   -102917.6196        24.4      -102820.0168       -97.6028 17m47s/Msamples
         516000   -102929.7125        24.5      -102821.4490      -108.2634 17m47s/Msamples
         517000   -102924.2683        24.5      -102819.0183      -105.2500 17m47s/Msamples
         518000   -102937.0151        24.6      -102821.6168      -115.3982 17m47s/Msamples
         519000   -102941.9172        25.1      -102821.9501      -119.9671 17m47s/Msamples
         520000   -102941.6839        25.2      -102827.9224      -113.7615 17m47s/Msamples
         521000   -102949.5784        25.5      -102836.8288      -112.7495 17m47s/Msamples
         522000   -102941.2153        25.6      -102827.7029      -113.5123 17m47s/Msamples
         523000   -102925.0119        25.6      -102820.5956      -104.4163 17m47s/Msamples
         524000   -102921.9416        25.7      -102819.6222      -102.3194 17m47s/Msamples
         525000   -102917.5547        25.7      -102816.1521      -101.4025 17m47s/Msamples
         526000   -102914.7708        25.8      -102811.6921      -103.0787 17m47s/Msamples
         527000   -102911.2989        25.9      -102813.7808       -97.5180 17m47s/Msamples
         528000   -102912.1193        26.0      -102816.0489       -96.0704 17m47s/Msamples
         529000   -102913.2204        26.5      -102816.1525       -97.0678 17m47s/Msamples
         530000   -102922.6770        26.6      -102823.6726       -99.0044 17m47s/Msamples
         531000   -102931.1656        26.6      -102828.0174      -103.1482 17m47s/Msamples
         532000   -102926.6786        26.7      -102824.8351      -101.8435 17m47s/Msamples
         533000   -102932.9046        26.8      -102823.4600      -109.4445 17m47s/Msamples
         534000   -102928.2898        26.8      -102822.7695      -105.5202 17m47s/Msamples
         535000   -102929.0329        26.9      -102826.2503      -102.7825 17m47s/Msamples
         536000   -102937.1199        26.9      -102829.4329      -107.6870 17m47s/Msamples
         537000   -102939.9749        27.0      -102832.2590      -107.7158 17m47s/Msamples
         538000   -102941.3999        27.2      -102827.8182      -113.5816 17m46s/Msamples
         539000   -102941.1430        27.7      -102828.4376      -112.7053 17m46s/Msamples
         540000   -102937.6879        27.8      -102826.8341      -110.8537 17m46s/Msamples
         541000   -102933.4493        27.9      -102822.0256      -111.4237 17m46s/Msamples
         542000   -102931.8840        27.9      -102824.2208      -107.6632 17m46s/Msamples
         543000   -102929.0536        28.0      -102823.7529      -105.3006 17m46s/Msamples
         544000   -102930.0714        28.0      -102824.0033      -106.0681 17m46s/Msamples
         545000   -102928.1832        28.1      -102828.9206       -99.2625 17m46s/Msamples
         546000   -102920.7287        28.2      -102822.1545       -98.5742 17m46s/Msamples
         547000   -102921.1846        28.2      -102821.2852       -99.8993 17m46s/Msamples
         548000   -102925.6835        28.3      -102825.6733      -100.0102 17m46s/Msamples
         549000   -102922.0894        28.8      -102819.4674      -102.6220 17m46s/Msamples
         550000   -102918.9817        28.9      -102817.6302      -101.3515 17m46s/Msamples
         551000   -102923.4597        29.0      -102821.6953      -101.7644 17m46s/Msamples
         552000   -102932.2473        29.0      -102832.6048       -99.6425 17m46s/Msamples
         553000   -102927.8375        29.1      -102828.0100       -99.8274 17m46s/Msamples
         554000   -102927.9250        29.2      -102820.7331      -107.1918 17m46s/Msamples
         555000   -102919.9791        29.3      -102817.6877      -102.2914 17m46s/Msamples
         556000   -102923.6989        29.3      -102820.2298      -103.4690 17m46s/Msamples
         557000   -102923.9782        29.4      -102817.7640      -106.2142 17m46s/Msamples
         558000   -102929.2744        29.5      -102825.4095      -103.8648 17m46s/Msamples
         559000   -102921.3350        30.2      -102818.6051      -102.7299 17m46s/Msamples
         560000   -102927.4240        30.2      -102822.0881      -105.3358 17m46s/Msamples
         561000   -102932.6389        30.3      -102820.9024      -111.7365 17m46s/Msamples
         562000   -102929.4997        30.4      -102827.7765      -101.7231 17m46s/Msamples
         563000   -102944.6891        30.5      -102834.4584      -110.2306 17m46s/Msamples
         564000   -102941.4162        30.6      -102829.0806      -112.3355 17m46s/Msamples
         565000   -102934.8863        30.7      -102827.3037      -107.5826 17m46s/Msamples
         566000   -102946.6708        30.9      -102840.3663      -106.3044 17m46s/Msamples
         567000   -102926.6953        30.9      -102825.9228      -100.7725 17m46s/Msamples
         568000   -102922.5121        31.0      -102822.5442       -99.9678 17m46s/Msamples
         569000   -102925.7078        31.7      -102821.2601      -104.4477 17m46s/Msamples
         570000   -102917.6243        31.8      -102817.7135       -99.9108 17m46s/Msamples
         571000   -102925.7410        31.9      -102824.0260      -101.7149 17m46s/Msamples
         572000   -102914.1797        32.0      -102817.9862       -96.1935 17m46s/Msamples
         573000   -102922.5848        32.1      -102820.9259      -101.6588 17m46s/Msamples
         574000   -102920.7018        32.1      -102818.1189      -102.5829 17m46s/Msamples
         575000   -102918.1980        32.2      -102826.1693       -92.0286 17m46s/Msamples
         576000   -102912.6268        32.3      -102820.4718       -92.1549 17m46s/Msamples
         577000   -102911.3939        32.5      -102823.4396       -87.9543 17m46s/Msamples
         578000   -102899.4722        32.7      -102815.6678       -83.8043 17m46s/Msamples
         579000   -102917.9557        33.5      -102823.9832       -93.9725 17m46s/Msamples
         580000   -102907.4854        33.6      -102814.5857       -92.8997 17m45s/Msamples
         581000   -102918.3958        33.6      -102816.4345      -101.9612 17m46s/Msamples
         582000   -102919.5528        33.7      -102821.2958       -98.2569 17m46s/Msamples
         583000   -102920.2582        33.7      -102824.5943       -95.6638 17m46s/Msamples
         584000   -102902.9138        33.8      -102814.5104       -88.4033 17m46s/Msamples
         585000   -102899.2908        34.0      -102816.3047       -82.9861 17m46s/Msamples
         586000   -102909.3903        34.0      -102816.4921       -92.8982 17m46s/Msamples
         587000   -102917.8685        34.0      -102817.8068      -100.0616 17m45s/Msamples
         588000   -102910.9948        33.9      -102811.8603       -99.1345 17m45s/Msamples
         589000   -102927.6747        34.7      -102826.7381      -100.9366 17m45s/Msamples
         590000   -102925.2406        34.7      -102828.1701       -97.0705 17m45s/Msamples
         591000   -102932.4879        34.8      -102830.4476      -102.0403 17m45s/Msamples
         592000   -102930.4283        34.9      -102823.5495      -106.8787 17m45s/Msamples
         593000   -102928.1777        34.9      -102825.9297      -102.2479 17m45s/Msamples
         594000   -102915.1548        34.9      -102820.3367       -94.8180 17m45s/Msamples
         595000   -102916.7959        34.8      -102822.6042       -94.1916 17m45s/Msamples
         596000   -102923.2122        34.8      -102827.3114       -95.9007 17m45s/Msamples
         597000   -102916.4709        34.7      -102823.9610       -92.5099 17m45s/Msamples
         598000   -102926.7241        34.8      -102829.2855       -97.4385 17m45s/Msamples
         599000   -102944.1932        35.9      -102834.3473      -109.8458 17m45s/Msamples
         600000   -102938.3826        36.1      -102834.0361      -104.3465 17m45s/Msamples
         601000   -102936.3286        36.2      -102837.8829       -98.4457 17m45s/Msamples
         602000   -102940.4900        36.4      -102839.5184      -100.9716 17m45s/Msamples
         603000   -102932.8492        36.5      -102829.5228      -103.3263 17m45s/Msamples
         604000   -102939.4236        36.7      -102832.4932      -106.9303 17m45s/Msamples
         605000   -102945.8025        36.9      -102831.3100      -114.4924 17m45s/Msamples
         606000   -102946.5130        37.2      -102831.1559      -115.3570 17m45s/Msamples
         607000   -102948.4223        37.4      -102832.3407      -116.0815 17m45s/Msamples
         608000   -102937.0177        37.5      -102830.3469      -106.6707 17m45s/Msamples
         609000   -102946.0502        38.4      -102831.5402      -114.5099 17m45s/Msamples
         610000   -102938.6751        38.5      -102829.2109      -109.4641 17m45s/Msamples
         611000   -102953.0351        38.6      -102836.2701      -116.7649 17m46s/Msamples
         612000   -102947.6369        38.7      -102838.0520      -109.5848 17m45s/Msamples
         613000   -102932.9955        38.7      -102826.5570      -106.4384 17m45s/Msamples
         614000   -102930.1368        38.8      -102822.2773      -107.8595 17m45s/Msamples
         615000   -102936.6302        38.8      -102820.7429      -115.8873 17m45s/Msamples
         616000   -102947.5562        38.8      -102831.8036      -115.7525 17m45s/Msamples
         617000   -102942.4221        38.8      -102830.4246      -111.9975 17m45s/Msamples
         618000   -102930.9924        38.9      -102825.1899      -105.8025 17m45s/Msamples
         619000   -102942.8014        39.6      -102828.4469      -114.3545 17m45s/Msamples
         620000   -102936.4218        39.6      -102826.9425      -109.4792 17m45s/Msamples
         621000   -102931.5280        39.6      -102825.3345      -106.1934 17m46s/Msamples
         622000   -102928.6784        39.7      -102821.5490      -107.1293 17m45s/Msamples
         623000   -102930.3210        39.8      -102827.5969      -102.7241 17m45s/Msamples
         624000   -102947.1231        39.8      -102832.3078      -114.8153 17m45s/Msamples
         625000   -102935.5727        39.8      -102827.4060      -108.1666 17m45s/Msamples
         626000   -102940.4609        39.7      -102831.5563      -108.9045 17m45s/Msamples
         627000   -102941.1170        39.7      -102826.7312      -114.3858 17m45s/Msamples
         628000   -102942.4631        39.7      -102833.1107      -109.3523 17m45s/Msamples
         629000   -102933.6494        40.5      -102823.1374      -110.5119 17m45s/Msamples
         630000   -102929.8065        40.5      -102824.5496      -105.2569 17m45s/Msamples
         631000   -102933.2256        40.6      -102826.5247      -106.7008 17m45s/Msamples
         632000   -102941.4542        40.6      -102828.0531      -113.4010 17m46s/Msamples
         633000   -102929.1789        40.7      -102824.5486      -104.6302 17m46s/Msamples
         634000   -102924.7788        40.8      -102822.9073      -101.8714 17m45s/Msamples
         635000   -102932.7809        40.8      -102831.2437      -101.5372 17m45s/Msamples
         636000   -102919.3473        41.1      -102824.6899       -94.6574 17m45s/Msamples
         637000   -102939.3683        41.1      -102831.4588      -107.9095 17m45s/Msamples
         638000   -102942.7451        41.1      -102830.7807      -111.9644 17m45s/Msamples
         639000   -102931.1518        41.9      -102826.6121      -104.5396 17m45s/Msamples
         640000   -102935.5625        42.0      -102826.0626      -109.4998 17m46s/Msamples
         641000   -102938.1898        42.0      -102827.6003      -110.5894 17m45s/Msamples
         642000   -102938.5239        42.0      -102824.8801      -113.6438 17m45s/Msamples
         643000   -102931.4234        42.1      -102824.3875      -107.0359 17m45s/Msamples
         644000   -102924.9107        42.2      -102820.6704      -104.2403 17m45s/Msamples
         645000   -102930.8943        42.3      -102826.4142      -104.4800 17m45s/Msamples
         646000   -102939.0334        42.3      -102827.6786      -111.3547 17m45s/Msamples
         647000   -102935.9018        42.4      -102823.5338      -112.3680 17m46s/Msamples
         648000   -102944.6128        42.4      -102835.1594      -109.4534 17m45s/Msamples
         649000   -102960.2627        43.4      -102842.2759      -117.9867 17m45s/Msamples
         650000   -102941.3798        43.4      -102833.4222      -107.9576 17m45s/Msamples
         651000   -102941.5439        43.4      -102836.0013      -105.5426 17m45s/Msamples
         652000   -102939.1870        43.5      -102837.7838      -101.4032 17m45s/Msamples
         653000   -102936.7612        43.5      -102832.0684      -104.6928 17m45s/Msamples
         654000   -102927.2442        43.6      -102832.3129       -94.9312 17m45s/Msamples
         655000   -102934.2836        43.6      -102834.1896      -100.0940 17m45s/Msamples
         656000   -102935.3611        43.7      -102832.1573      -103.2038 17m45s/Msamples
         657000   -102918.3397        43.9      -102816.4888      -101.8508 17m45s/Msamples
         658000   -102932.1580        44.0      -102826.2148      -105.9432 17m45s/Msamples
         659000   -102934.3376        44.8      -102826.1537      -108.1838 17m45s/Msamples
         660000   -102937.1536        44.8      -102826.9910      -110.1625 17m45s/Msamples
         661000   -102931.3542        44.9      -102828.6057      -102.7484 17m45s/Msamples
         662000   -102933.1938        44.9      -102831.5933      -101.6004 17m45s/Msamples
         663000   -102923.0096        45.1      -102828.7551       -94.2544 17m45s/Msamples
         664000   -102918.1891        45.3      -102820.9827       -97.2064 17m45s/Msamples
         665000   -102914.8714        45.6      -102819.5110       -95.3603 17m45s/Msamples
         666000   -102926.7449        45.7      -102827.3780       -99.3669 17m45s/Msamples
         667000   -102936.5634        45.8      -102830.7070      -105.8564 17m45s/Msamples
         668000   -102928.2463        45.9      -102823.1527      -105.0936 17m45s/Msamples
         669000   -102931.1188        46.7      -102824.3181      -106.8007 17m45s/Msamples
         670000   -102942.3012        46.8      -102834.8269      -107.4742 17m45s/Msamples
         671000   -102933.3136        46.9      -102829.6047      -103.7088 17m45s/Msamples
         672000   -102920.3569        47.0      -102824.3858       -95.9710 17m45s/Msamples
         673000   -102924.8549        47.1      -102830.4861       -94.3687 17m45s/Msamples
         674000   -102938.7489        47.2      -102837.3802      -101.3686 17m45s/Msamples
         675000   -102931.1101        47.3      -102837.1746       -93.9354 17m45s/Msamples
         676000   -102916.6432        47.5      -102822.9532       -93.6899 17m45s/Msamples
         677000   -102916.5961        47.6      -102820.3485       -96.2476 17m45s/Msamples
         678000   -102916.8746        47.8      -102817.2239       -99.6506 17m45s/Msamples
         679000   -102911.0728        48.8      -102816.1587       -94.9140 17m45s/Msamples
         680000   -102917.3697        48.9      -102822.9542       -94.4155 17m45s/Msamples
         681000   -102919.6773        49.0      -102820.2963       -99.3809 17m46s/Msamples
         682000   -102911.9924        49.1      -102815.7873       -96.2050 17m46s/Msamples
         683000   -102923.5148        49.1      -102824.1196       -99.3951 17m46s/Msamples
         684000   -102922.1412        49.2      -102822.2832       -99.8580 17m46s/Msamples
         685000   -102922.9571        49.2      -102823.0857       -99.8714 17m46s/Msamples
         686000   -102932.9178        49.3      -102825.6232      -107.2946 17m45s/Msamples
         687000   -102930.2207        49.4      -102824.7085      -105.5121 17m45s/Msamples
         688000   -102933.2798        49.5      -102828.8656      -104.4141 17m45s/Msamples
         689000   -102937.2440        50.5      -102833.9285      -103.3155 17m45s/Msamples
         690000   -102938.7246        50.6      -102832.4010      -106.3236 17m45s/Msamples
         691000   -102941.8163        50.9      -102835.0715      -106.7448 17m45s/Msamples
         692000   -102946.1049        51.2      -102833.7637      -112.3411 17m45s/Msamples
         693000   -102950.0937        51.6      -102841.8384      -108.2553 17m45s/Msamples
         694000   -102948.3780        51.9      -102840.3864      -107.9916 17m45s/Msamples
         695000   -102947.1591        52.2      -102834.9268      -112.2323 17m45s/Msamples
         696000   -102938.8134        52.3      -102836.4036      -102.4097 17m45s/Msamples
         697000   -102939.3806        52.4      -102837.5400      -101.8406 17m46s/Msamples
         698000   -102930.4977        52.5      -102831.4721       -99.0255 17m46s/Msamples
         699000   -102935.4505        53.3      -102833.1617      -102.2888 17m46s/Msamples
         700000   -102912.6453        53.7      -102821.4868       -91.1585 17m46s/Msamples
         701000   -102924.2219        53.8      -102826.1078       -98.1141 17m46s/Msamples
         702000   -102914.2253        54.1      -102816.4437       -97.7815 17m46s/Msamples
         703000   -102914.3898        54.4      -102812.9953      -101.3945 17m46s/Msamples
         704000   -102915.1960        54.7      -102816.2783       -98.9177 17m46s/Msamples
         705000   -102918.6678        54.9      -102818.3017      -100.3661 17m46s/Msamples
         706000   -102923.7073        55.0      -102825.9674       -97.7399 17m46s/Msamples
         707000   -102922.8344        55.2      -102826.6614       -96.1730 17m46s/Msamples
         708000   -102921.4286        55.4      -102825.8957       -95.5328 17m46s/Msamples
         709000   -102925.0187        56.2      -102826.6664       -98.3522 17m46s/Msamples
         710000   -102939.8104        56.3      -102827.1931      -112.6172 17m46s/Msamples
         711000   -102933.1786        56.4      -102829.6899      -103.4887 17m45s/Msamples
         712000   -102935.7692        56.5      -102832.2558      -103.5133 17m45s/Msamples
         713000   -102924.6486        56.6      -102815.7624      -108.8862 17m45s/Msamples
         714000   -102916.1471        56.8      -102817.9532       -98.1938 17m46s/Msamples
         715000   -102927.7512        56.9      -102829.6359       -98.1152 17m46s/Msamples
         716000   -102925.4174        57.0      -102824.1378      -101.2795 17m46s/Msamples
         717000   -102929.6987        57.1      -102830.7048       -98.9938 17m46s/Msamples
         718000   -102928.2199        57.2      -102827.0436      -101.1763 17m46s/Msamples
         719000   -102927.7523        57.8      -102829.5513       -98.2009 17m46s/Msamples
         720000   -102921.4612        57.9      -102825.5276       -95.9336 17m46s/Msamples
         721000   -102920.2386        57.9      -102821.8970       -98.3415 17m46s/Msamples
         722000   -102912.8200        57.9      -102817.9734       -94.8465 17m46s/Msamples
         723000   -102919.3838        57.9      -102822.5947       -96.7890 17m46s/Msamples
         724000   -102923.9893        58.0      -102823.0497      -100.9395 17m46s/Msamples
         725000   -102923.5293        58.0      -102818.7970      -104.7322 17m46s/Msamples
         726000   -102921.1468        58.0      -102822.9936       -98.1532 17m46s/Msamples
         727000   -102914.5905        58.1      -102820.2201       -94.3703 17m46s/Msamples
         728000   -102927.7855        58.2      -102826.7430      -101.0425 17m46s/Msamples
         729000   -102914.3218        58.7      -102819.7327       -94.5890 17m45s/Msamples
         730000   -102930.6241        58.9      -102831.6292       -98.9948 17m45s/Msamples
         731000   -102932.5164        59.0      -102824.9401      -107.5762 17m45s/Msamples
         732000   -102934.4134        59.1      -102823.6989      -110.7144 17m45s/Msamples
         733000   -102929.5185        59.2      -102824.7161      -104.8023 17m45s/Msamples
         734000   -102937.3228        59.5      -102828.0464      -109.2763 17m45s/Msamples
         735000   -102936.7510        59.7      -102827.5263      -109.2246 17m45s/Msamples
         736000   -102952.8460        60.3      -102834.3249      -118.5210 17m46s/Msamples
         737000   -102934.5680        60.4      -102823.3979      -111.1701 17m45s/Msamples
         738000   -102939.9639        60.6      -102832.2426      -107.7213 17m45s/Msamples
         739000   -102942.5894        61.4      -102832.1727      -110.4166 17m45s/Msamples
         740000   -102934.7596        61.6      -102832.0652      -102.6943 17m46s/Msamples
         741000   -102931.2128        61.7      -102832.2162       -98.9965 17m46s/Msamples
         742000   -102932.7163        61.8      -102829.0839      -103.6323 17m45s/Msamples
         743000   -102930.2791        61.9      -102829.9834      -100.2956 17m46s/Msamples
         744000   -102933.0035        61.9      -102831.5210      -101.4824 17m45s/Msamples
         745000   -102936.8843        62.0      -102831.6539      -105.2303 17m45s/Msamples
         746000   -102928.7389        62.1      -102823.6900      -105.0489 17m45s/Msamples
         747000   -102940.5101        62.2      -102834.0417      -106.4683 17m45s/Msamples
         748000   -102937.7941        62.3      -102829.2623      -108.5317 17m45s/Msamples
         749000   -102937.9629        62.7      -102827.1398      -110.8231 17m45s/Msamples
         750000   -102936.5096        62.8      -102826.5113      -109.9983 17m46s/Msamples
         751000   -102941.2985        62.7      -102831.9564      -109.3421 17m46s/Msamples
         752000   -102935.6676        62.7      -102831.6017      -104.0659 17m45s/Msamples
         753000   -102941.5292        62.7      -102834.2593      -107.2698 17m46s/Msamples
         754000   -102933.2881        62.7      -102825.0584      -108.2297 17m46s/Msamples
         755000   -102948.1253        62.6      -102836.6441      -111.4812 17m46s/Msamples
         756000   -102946.0172        62.5      -102843.1189      -102.8982 17m46s/Msamples
         757000   -102938.9479        62.4      -102838.2499      -100.6979 17m46s/Msamples
         758000   -102942.7045        62.3      -102838.6369      -104.0676 17m46s/Msamples
         759000   -102940.2451        62.5      -102834.6892      -105.5559 17m46s/Msamples
         760000   -102934.4363        62.5      -102827.3818      -107.0545 17m46s/Msamples
         761000   -102931.8354        62.5      -102825.8138      -106.0216 17m46s/Msamples
         762000   -102933.5270        62.5      -102834.0988       -99.4282 17m46s/Msamples
         763000   -102932.4310        62.6      -102827.7173      -104.7137 17m46s/Msamples
         764000   -102930.0298        62.7      -102829.6899      -100.3399 17m46s/Msamples
         765000   -102930.7031        62.7      -102837.1673       -93.5358 17m46s/Msamples
         766000   -102934.3865        62.7      -102836.5834       -97.8030 17m46s/Msamples
         767000   -102928.0603        62.9      -102827.8878      -100.1725 17m46s/Msamples
         768000   -102924.4261        63.1      -102831.0461       -93.3799 17m46s/Msamples
         769000   -102930.4968        63.2      -102829.4318      -101.0649 17m46s/Msamples
         770000   -102921.4406        63.5      -102825.4841       -95.9565 17m46s/Msamples
         771000   -102913.4097        64.0      -102819.0527       -94.3570 17m46s/Msamples
         772000   -102915.4093        64.4      -102823.8414       -91.5679 17m46s/Msamples
         773000   -102922.9980        64.6      -102826.9092       -96.0887 17m46s/Msamples
         774000   -102928.9035        64.7      -102833.1193       -95.7841 17m46s/Msamples
         775000   -102931.2928        64.8      -102831.6015       -99.6912 17m46s/Msamples
         776000   -102927.9276        64.9      -102826.7919      -101.1356 17m46s/Msamples
         777000   -102910.3451        65.3      -102820.6771       -89.6680 17m46s/Msamples
         778000   -102920.0188        65.5      -102822.2070       -97.8118 17m46s/Msamples
         779000   -102917.0754        65.7      -102817.3073       -99.7681 17m46s/Msamples
         780000   -102909.4678        65.9      -102810.7056       -98.7621 17m46s/Msamples
         781000   -102918.2242        66.0      -102823.4544       -94.7697 17m46s/Msamples
         782000   -102917.7588        66.1      -102821.9546       -95.8041 17m46s/Msamples
         783000   -102937.1806        66.3      -102834.9960      -102.1845 17m46s/Msamples
         784000   -102924.3453        66.3      -102823.2325      -101.1127 17m46s/Msamples
         785000   -102925.7420        66.4      -102829.9481       -95.7939 17m46s/Msamples
         786000   -102919.7314        66.4      -102823.8585       -95.8728 17m46s/Msamples
         787000   -102934.0045        66.6      -102826.3131      -107.6913 17m46s/Msamples
         788000   -102924.2599        66.6      -102824.0865      -100.1733 17m46s/Msamples
         789000   -102928.1216        66.6      -102826.2986      -101.8229 17m46s/Msamples
         790000   -102929.0430        66.7      -102824.1768      -104.8661 17m46s/Msamples
         791000   -102939.1994        67.1      -102829.1482      -110.0512 17m46s/Msamples
         792000   -102920.9878        67.1      -102818.4327      -102.5551 17m46s/Msamples
         793000   -102915.4951        67.1      -102815.8545       -99.6405 17m46s/Msamples
         794000   -102918.9289        67.1      -102815.2077      -103.7211 17m46s/Msamples
         795000   -102922.8035        67.1      -102814.6646      -108.1388 17m46s/Msamples
         796000   -102921.5597        67.1      -102813.8183      -107.7413 17m46s/Msamples
         797000   -102930.2052        67.2      -102821.7784      -108.4267 17m46s/Msamples
         798000   -102917.1671        67.2      -102815.5163      -101.6508 17m46s/Msamples
         799000   -102925.8189        67.1      -102821.3279      -104.4909 17m46s/Msamples
         800000   -102928.2340        67.1      -102822.4757      -105.7583 17m46s/Msamples
         801000   -102931.2732        67.3      -102821.2530      -110.0202 17m46s/Msamples
         802000   -102944.8492        67.7      -102827.4674      -117.3818 17m46s/Msamples
         803000   -102932.9316        67.9      -102820.3713      -112.5603 17m46s/Msamples
         804000   -102941.4693        68.1      -102822.2584      -119.2108 17m46s/Msamples
         805000   -102934.2736        68.3      -102818.8560      -115.4176 17m46s/Msamples
         806000   -102938.4242        68.5      -102834.0509      -104.3733 17m46s/Msamples
         807000   -102936.7010        68.6      -102834.1964      -102.5046 17m46s/Msamples
         808000   -102932.1514        68.7      -102827.0195      -105.1318 17m46s/Msamples
         809000   -102940.3820        68.5      -102836.2483      -104.1336 17m46s/Msamples
         810000   -102933.2050        68.6      -102826.5275      -106.6774 17m46s/Msamples
         811000   -102939.5017        68.8      -102827.5105      -111.9912 17m46s/Msamples
         812000   -102926.4557        68.9      -102827.4005       -99.0552 17m46s/Msamples
         813000   -102931.5937        69.0      -102830.0679      -101.5258 17m46s/Msamples
         814000   -102924.7895        69.1      -102829.6630       -95.1264 17m46s/Msamples
         815000   -102931.5382        69.2      -102830.0689      -101.4693 17m46s/Msamples
         816000   -102930.5889        69.3      -102830.3994      -100.1895 17m46s/Msamples
         817000   -102935.6567        69.3      -102832.8609      -102.7958 17m46s/Msamples
         818000   -102932.7603        69.4      -102835.8667       -96.8936 17m46s/Msamples
         819000   -102918.0873        69.4      -102829.7986       -88.2886 17m46s/Msamples
         820000   -102927.8888        69.5      -102831.9495       -95.9393 17m46s/Msamples
         821000   -102924.8044        69.7      -102819.8168      -104.9875 17m46s/Msamples
         822000   -102927.2749        69.8      -102822.3451      -104.9297 17m46s/Msamples
         823000   -102941.4094        69.9      -102832.1264      -109.2829 17m46s/Msamples
         824000   -102943.4592        69.9      -102832.8138      -110.6453 17m46s/Msamples
         825000   -102934.8143        70.0      -102829.9060      -104.9082 17m46s/Msamples
         826000   -102927.2408        70.1      -102822.7482      -104.4925 17m46s/Msamples
         827000   -102929.6504        70.2      -102826.8825      -102.7679 17m46s/Msamples
         828000   -102933.8080        70.2      -102829.3817      -104.4262 17m46s/Msamples
         829000   -102920.8344        70.2      -102826.5459       -94.2885 17m46s/Msamples
         830000   -102923.8374        70.4      -102825.1827       -98.6547 17m46s/Msamples
         831000   -102932.1343        70.4      -102831.8928      -100.2414 17m46s/Msamples
         832000   -102913.9974        70.8      -102815.7346       -98.2628 17m46s/Msamples
         833000   -102916.6158        71.0      -102818.2129       -98.4028 17m46s/Msamples
         834000   -102917.4873        71.2      -102822.4180       -95.0693 17m46s/Msamples
         835000   -102927.3354        71.2      -102820.6304      -106.7050 17m46s/Msamples
         836000   -102929.7250        71.3      -102823.6775      -106.0475 17m46s/Msamples
         837000   -102924.1790        71.4      -102825.5911       -98.5879 17m45s/Msamples
         838000   -102925.2747        71.5      -102828.9039       -96.3708 17m45s/Msamples
         839000   -102917.2583        71.3      -102819.8422       -97.4160 17m45s/Msamples
         840000   -102923.0009        71.4      -102825.5210       -97.4798 17m45s/Msamples
         841000   -102929.5860        71.5      -102821.2349      -108.3511 17m45s/Msamples
         842000   -102933.6690        71.7      -102827.0277      -106.6413 17m45s/Msamples
         843000   -102927.8744        71.8      -102817.8964      -109.9780 17m45s/Msamples
         844000   -102928.5196        71.8      -102826.9526      -101.5670 17m45s/Msamples
         845000   -102921.6237        71.9      -102820.5351      -101.0885 17m45s/Msamples
         846000   -102915.3301        72.1      -102818.3551       -96.9749 17m45s/Msamples
         847000   -102923.4227        72.1      -102824.3572       -99.0654 17m45s/Msamples
         848000   -102932.2055        72.3      -102829.1750      -103.0305 17m45s/Msamples
         849000   -102929.0278        71.9      -102824.6182      -104.4096 17m45s/Msamples
         850000   -102932.0789        72.0      -102824.9695      -107.1093 17m45s/Msamples
         851000   -102917.3345        72.0      -102818.8399       -98.4945 17m45s/Msamples
         852000   -102924.3962        72.1      -102818.9963      -105.3999 17m45s/Msamples
         853000   -102934.0316        72.3      -102825.0905      -108.9410 17m45s/Msamples
         854000   -102928.6627        72.4      -102824.0542      -104.6085 17m45s/Msamples
         855000   -102927.7960        72.4      -102824.9388      -102.8572 17m45s/Msamples
         856000   -102944.3150        72.8      -102831.9531      -112.3619 17m45s/Msamples
         857000   -102953.7552        73.5      -102830.4391      -123.3160 17m45s/Msamples
         858000   -102943.1126        73.8      -102833.0404      -110.0721 17m45s/Msamples
         859000   -102948.4182        73.8      -102831.9543      -116.4639 17m45s/Msamples
         860000   -102947.3500        74.0      -102833.3360      -114.0139 17m45s/Msamples
         861000   -102946.0679        74.2      -102830.4778      -115.5901 17m46s/Msamples
         862000   -102949.8686        74.4      -102836.0540      -113.8145 17m45s/Msamples
         863000   -102951.3416        74.5      -102842.3508      -108.9907 17m45s/Msamples
         864000   -102935.9414        74.5      -102831.3368      -104.6046 17m45s/Msamples
         865000   -102939.1563        74.5      -102829.8113      -109.3449 17m45s/Msamples
         866000   -102950.4543        74.5      -102841.2042      -109.2500 17m45s/Msamples
         867000   -102936.4574        74.4      -102823.4617      -112.9957 17m45s/Msamples
         868000   -102937.0103        74.4      -102829.6958      -107.3144 17m45s/Msamples
         869000   -102939.7301        74.0      -102830.7733      -108.9568 17m45s/Msamples
         870000   -102932.8279        74.0      -102829.6811      -103.1468 17m45s/Msamples
         871000   -102926.8125        74.1      -102827.2961       -99.5163 17m45s/Msamples
         872000   -102928.6505        74.2      -102831.6513       -96.9991 17m45s/Msamples
         873000   -102934.6969        74.2      -102825.5150      -109.1818 17m45s/Msamples
         874000   -102934.0024        74.2      -102826.6113      -107.3911 17m45s/Msamples
         875000   -102943.1329        73.9      -102835.6524      -107.4804 17m45s/Msamples
         876000   -102944.0519        73.7      -102836.4362      -107.6157 17m45s/Msamples
         877000   -102938.8764        73.5      -102829.9881      -108.8882 17m45s/Msamples
         878000   -102944.8335        73.1      -102832.7131      -112.1203 17m45s/Msamples
         879000   -102945.0674        72.6      -102832.0424      -113.0249 17m45s/Msamples
         880000   -102937.7036        72.5      -102830.8071      -106.8964 17m45s/Msamples
         881000   -102946.3938        72.2      -102829.1282      -117.2655 17m45s/Msamples
         882000   -102947.9270        71.9      -102833.8819      -114.0450 17m45s/Msamples
         883000   -102949.2472        71.6      -102831.4232      -117.8240 17m45s/Msamples
         884000   -102948.2665        71.3      -102833.7070      -114.5594 17m45s/Msamples
         885000   -102933.5470        71.2      -102829.4266      -104.1203 17m45s/Msamples
         886000   -102935.6594        71.2      -102835.6649       -99.9944 17m45s/Msamples
         887000   -102936.7279        71.1      -102836.3591      -100.3687 17m45s/Msamples
         888000   -102933.6554        71.0      -102829.1436      -104.5117 17m45s/Msamples
         889000   -102928.0291        71.0      -102827.9226      -100.1064 17m45s/Msamples
         890000   -102925.8787        71.2      -102826.1481       -99.7305 17m45s/Msamples
         891000   -102936.5264        71.1      -102831.4835      -105.0429 17m45s/Msamples
         892000   -102921.0327        71.5      -102824.4109       -96.6217 17m45s/Msamples
         893000   -102929.9443        71.5      -102827.8342      -102.1101 17m45s/Msamples
         894000   -102922.5396        71.8      -102823.6416       -98.8979 17m45s/Msamples
         895000   -102925.4931        72.0      -102825.6133       -99.8798 17m45s/Msamples
         896000   -102942.6281        71.9      -102834.2780      -108.3501 17m45s/Msamples
         897000   -102933.5082        71.9      -102833.7576       -99.7505 17m45s/Msamples
         898000   -102938.9951        71.9      -102833.1606      -105.8345 17m45s/Msamples
         899000   -102943.3031        71.8      -102838.6325      -104.6706 17m45s/Msamples
         900000   -102945.7457        71.7      -102842.8650      -102.8807 17m45s/Msamples
         901000   -102945.0598        71.6      -102833.9437      -111.1160 17m45s/Msamples
         902000   -102942.9817        71.6      -102837.5204      -105.4612 17m45s/Msamples
         903000   -102945.1379        71.5      -102838.5133      -106.6245 17m45s/Msamples
         904000   -102949.2624        71.4      -102833.2622      -116.0002 17m45s/Msamples
         905000   -102936.6350        71.4      -102829.8808      -106.7542 17m45s/Msamples
         906000   -102917.5497        71.8      -102818.2359       -99.3138 17m45s/Msamples
         907000   -102922.9425        72.0      -102823.2908       -99.6516 17m45s/Msamples
         908000   -102930.8180        72.1      -102827.3515      -103.4665 17m45s/Msamples
         909000   -102927.7548        72.0      -102828.1641       -99.5906 17m45s/Msamples
         910000   -102941.0795        72.0      -102840.9597      -100.1197 17m45s/Msamples
         911000   -102949.5923        72.1      -102835.9942      -113.5981 17m44s/Msamples
         912000   -102935.2074        72.2      -102830.6618      -104.5456 17m44s/Msamples
         913000   -102924.0222        72.4      -102826.6367       -97.3855 17m45s/Msamples
         914000   -102934.6652        72.4      -102829.7184      -104.9468 17m45s/Msamples
         915000   -102941.5812        72.4      -102836.5728      -105.0083 17m45s/Msamples
         916000   -102947.4771        72.3      -102840.0564      -107.4206 17m45s/Msamples
         917000   -102952.8618        72.3      -102836.0473      -116.8145 17m45s/Msamples
         918000   -102947.2472        72.1      -102833.6443      -113.6028 17m45s/Msamples
         919000   -102941.4519        71.8      -102831.7314      -109.7204 17m45s/Msamples
         920000   -102939.1516        71.7      -102826.0419      -113.1096 17m45s/Msamples
         921000   -102928.9604        71.9      -102823.2888      -105.6715 17m45s/Msamples
         922000   -102930.5943        71.9      -102822.9184      -107.6759 17m45s/Msamples
         923000   -102938.1222        71.9      -102829.6707      -108.4515 17m45s/Msamples
         924000   -102941.7711        71.8      -102839.0641      -102.7070 17m45s/Msamples
         925000   -102940.9862        71.7      -102834.7961      -106.1901 17m45s/Msamples
         926000   -102958.1968        71.8      -102845.3112      -112.8855 17m45s/Msamples
         927000   -102939.3933        71.7      -102834.6943      -104.6990 17m45s/Msamples
         928000   -102932.0016        71.7      -102830.7063      -101.2953 17m45s/Msamples
         929000   -102931.8471        71.5      -102829.2529      -102.5941 17m45s/Msamples
         930000   -102943.4950        71.4      -102835.7729      -107.7221 17m45s/Msamples
         931000   -102935.5902        71.4      -102833.6995      -101.8906 17m45s/Msamples
         932000   -102937.5957        71.3      -102833.7449      -103.8507 17m45s/Msamples
         933000   -102932.2805        71.3      -102826.0536      -106.2269 17m45s/Msamples
         934000   -102929.4067        71.4      -102831.2358       -98.1708 17m45s/Msamples
         935000   -102922.5730        71.7      -102826.1684       -96.4045 17m45s/Msamples
         936000   -102929.0347        71.8      -102826.3544      -102.6803 17m45s/Msamples
         937000   -102925.0453        72.0      -102821.3988      -103.6464 17m45s/Msamples
         938000   -102947.8848        71.9      -102833.9974      -113.8873 17m45s/Msamples
         939000   -102955.8484        71.6      -102837.6966      -118.1518 17m45s/Msamples
         940000   -102948.9672        71.4      -102827.2778      -121.6893 17m45s/Msamples
         941000   -102952.5245        71.3      -102836.4824      -116.0420 17m45s/Msamples
         942000   -102952.1420        71.1      -102833.3835      -118.7584 17m45s/Msamples
         943000   -102940.0819        71.0      -102824.4837      -115.5981 17m45s/Msamples
         944000   -102941.3008        70.9      -102825.1010      -116.1997 17m45s/Msamples
         945000   -102934.5344        70.9      -102818.3248      -116.2095 17m45s/Msamples
         946000   -102931.3471        70.9      -102815.6610      -115.6860 17m45s/Msamples
         947000   -102918.4889        71.4      -102809.7916      -108.6973 17m45s/Msamples
         948000   -102915.9907        71.9      -102813.1398      -102.8509 17m45s/Msamples
         949000   -102916.7599        72.4      -102810.1277      -106.6321 17m45s/Msamples
         950000   -102917.0348        72.8      -102809.5624      -107.4724 17m45s/Msamples
         951000   -102920.9412        73.1      -102814.6957      -106.2455 17m45s/Msamples
         952000   -102920.6252        73.3      -102815.7418      -104.8834 17m45s/Msamples
         953000   -102930.3136        73.4      -102824.4923      -105.8212 17m45s/Msamples
         954000   -102934.1172        73.5      -102820.8929      -113.2242 17m45s/Msamples
         955000   -102934.6514        73.5      -102816.8453      -117.8061 17m45s/Msamples
         956000   -102919.6056        73.8      -102813.4622      -106.1433 17m45s/Msamples
         957000   -102922.4179        73.9      -102818.7180      -103.6998 17m45s/Msamples
         958000   -102916.4338        74.2      -102816.3578      -100.0760 17m45s/Msamples
         959000   -102930.0097        74.3      -102818.9125      -111.0971 17m45s/Msamples
         960000   -102934.1780        74.4      -102827.8405      -106.3375 17m45s/Msamples
         961000   -102933.1332        74.5      -102824.4350      -108.6982 17m45s/Msamples
         962000   -102933.7573        74.5      -102824.8061      -108.9511 17m45s/Msamples
         963000   -102949.5842        74.8      -102840.3696      -109.2145 17m45s/Msamples
         964000   -102926.1715        74.9      -102824.3869      -101.7846 17m45s/Msamples
         965000   -102937.0671        75.0      -102830.8301      -106.2370 17m45s/Msamples
         966000   -102939.0539        75.2      -102828.6661      -110.3877 17m45s/Msamples
         967000   -102954.0036        75.7      -102828.1801      -125.8234 17m45s/Msamples
         968000   -102935.2900        75.8      -102824.0895      -111.2004 17m45s/Msamples
         969000   -102929.1477        75.9      -102823.9467      -105.2010 17m45s/Msamples
         970000   -102929.5473        76.0      -102819.2240      -110.3233 17m46s/Msamples
         971000   -102926.8921        76.1      -102819.6998      -107.1923 17m46s/Msamples
         972000   -102926.1480        76.2      -102821.1560      -104.9920 17m46s/Msamples
         973000   -102930.7349        76.3      -102820.5433      -110.1915 17m46s/Msamples
         974000   -102927.3588        76.4      -102817.0867      -110.2720 17m46s/Msamples
         975000   -102936.8398        76.5      -102820.1589      -116.6809 17m46s/Msamples
         976000   -102936.9473        76.6      -102825.4500      -111.4973 17m46s/Msamples
         977000   -102929.1542        76.6      -102824.4813      -104.6729 17m46s/Msamples
         978000   -102923.4298        76.8      -102817.8923      -105.5374 17m46s/Msamples
         979000   -102930.1376        76.9      -102827.7637      -102.3738 17m46s/Msamples
         980000   -102933.7642        77.0      -102828.0497      -105.7144 17m46s/Msamples
         981000   -102923.5022        77.1      -102825.9506       -97.5515 17m46s/Msamples
         982000   -102925.9152        77.3      -102825.1312      -100.7839 17m46s/Msamples
         983000   -102924.3742        77.4      -102824.3404      -100.0338 17m46s/Msamples
         984000   -102918.7306        77.7      -102823.0244       -95.7061 17m46s/Msamples
         985000   -102919.0056        77.9      -102821.8854       -97.1201 17m46s/Msamples
         986000   -102925.8188        78.0      -102827.9592       -97.8596 17m46s/Msamples
         987000   -102922.1948        78.1      -102827.6123       -94.5825 17m46s/Msamples
         988000   -102918.3252        78.3      -102818.1981      -100.1271 17m45s/Msamples
         989000   -102930.5969        78.4      -102820.4789      -110.1180 17m45s/Msamples
         990000   -102939.6916        78.6      -102830.4989      -109.1926 17m45s/Msamples
         991000   -102940.5961        78.8      -102826.6347      -113.9613 17m45s/Msamples
         992000   -102950.9183        79.3      -102831.0091      -119.9092 17m45s/Msamples
         993000   -102954.2630        79.8      -102832.2990      -121.9640 17m45s/Msamples
         994000   -102951.8174        80.2      -102831.7037      -120.1136 17m45s/Msamples
         995000   -102940.0875        80.3      -102829.9346      -110.1528 17m45s/Msamples
         996000   -102921.1334        80.5      -102815.2749      -105.8585 17m45s/Msamples
         997000   -102919.8926        80.7      -102814.0439      -105.8486 17m45s/Msamples
         998000   -102923.1464        80.8      -102821.6306      -101.5157 17m45s/Msamples
         999000   -102919.4416        81.0      -102822.7608       -96.6808 17m45s/Msamples
        1000000   -102932.0470        81.1      -102821.5927      -110.4543 17m45s/Msamples
        1001000   -102937.2493        81.2      -102825.4524      -111.7968 17m45s/Msamples
        1002000   -102933.5110        81.3      -102822.9252      -110.5858 17m45s/Msamples
        1003000   -102934.0158        81.4      -102825.6899      -108.3258 17m45s/Msamples
        1004000   -102931.2980        81.5      -102825.1705      -106.1274 17m45s/Msamples
        1005000   -102921.9477        81.6      -102820.1456      -101.8020 17m45s/Msamples
        1006000   -102922.2784        81.8      -102822.0970      -100.1813 17m45s/Msamples
        1007000   -102925.0849        81.9      -102820.6700      -104.4149 17m45s/Msamples
        1008000   -102929.0199        82.0      -102822.9915      -106.0284 17m45s/Msamples
        1009000   -102936.7836        82.1      -102829.0117      -107.7718 17m45s/Msamples
        1010000   -102921.6867        82.2      -102813.2059      -108.4808 17m45s/Msamples
        1011000   -102919.4618        82.4      -102812.7876      -106.6742 17m45s/Msamples
        1012000   -102935.1062        82.5      -102816.0800      -119.0261 17m45s/Msamples
        1013000   -102929.8388        82.6      -102818.5672      -111.2716 17m45s/Msamples
        1014000   -102947.1256        82.8      -102830.6988      -116.4267 17m45s/Msamples
        1015000   -102950.1735        83.0      -102832.5414      -117.6320 17m45s/Msamples
        1016000   -102950.2224        83.1      -102834.3754      -115.8469 17m45s/Msamples
        1017000   -102953.9874        83.3      -102835.8195      -118.1679 17m45s/Msamples
        1018000   -102953.7943        83.4      -102835.9865      -117.8077 17m45s/Msamples
        1019000   -102958.6539        83.4      -102842.6015      -116.0524 17m45s/Msamples
        1020000   -102953.4029        83.5      -102836.9571      -116.4458 17m45s/Msamples
        1021000   -102951.9881        83.6      -102837.3974      -114.5907 17m45s/Msamples
        1022000   -102953.2961        83.7      -102841.0574      -112.2386 17m45s/Msamples
        1023000   -102954.1720        83.6      -102844.2247      -109.9473 17m45s/Msamples
        1024000   -102953.1285        83.5      -102846.5946      -106.5339 17m45s/Msamples
        1025000   -102957.0169        83.3      -102848.1487      -108.8681 17m45s/Msamples
        1026000   -102945.8396        83.0      -102843.1694      -102.6701 17m45s/Msamples
        1027000   -102943.9522        82.7      -102836.8096      -107.1426 17m45s/Msamples
        1028000   -102935.9837        82.6      -102834.5890      -101.3947 17m45s/Msamples
        1029000   -102933.7655        82.6      -102833.4775      -100.2880 17m45s/Msamples
        1030000   -102946.5421        82.3      -102837.3103      -109.2318 17m45s/Msamples
        1031000   -102945.1915        81.9      -102837.9011      -107.2904 17m45s/Msamples
        1032000   -102932.2702        82.0      -102827.9894      -104.2808 17m45s/Msamples
        1033000   -102933.5002        81.9      -102836.7159       -96.7842 17m45s/Msamples
        1034000   -102938.4118        81.7      -102836.8291      -101.5827 17m45s/Msamples
        1035000   -102937.1096        81.6      -102835.4948      -101.6148 17m45s/Msamples
        1036000   -102936.1039        81.4      -102834.4740      -101.6299 17m45s/Msamples
        1037000   -102928.6664        81.6      -102829.3242       -99.3422 17m45s/Msamples
        1038000   -102921.8672        82.1      -102826.7229       -95.1443 17m45s/Msamples
        1039000   -102935.9112        81.9      -102838.8388       -97.0723 17m45s/Msamples
        1040000   -102925.4068        82.2      -102832.0777       -93.3290 17m45s/Msamples
        1041000   -102931.1084        82.2      -102835.0783       -96.0300 17m45s/Msamples
        1042000   -102946.2630        81.9      -102844.9705      -101.2925 17m45s/Msamples
        1043000   -102944.2867        81.5      -102839.1938      -105.0928 17m45s/Msamples
        1044000   -102943.6232        81.3      -102832.1306      -111.4925 17m45s/Msamples
        1045000   -102942.1812        81.0      -102837.7969      -104.3842 17m45s/Msamples
        1046000   -102943.0142        80.8      -102838.1265      -104.8877 17m45s/Msamples
        1047000   -102929.6129        80.9      -102832.0883       -97.5246 17m45s/Msamples
        1048000   -102934.9768        80.9      -102829.8119      -105.1649 17m45s/Msamples
        1049000   -102934.9191        80.8      -102829.5250      -105.3941 17m45s/Msamples
        1050000   -102914.9028        81.4      -102824.8309       -90.0719 17m45s/Msamples
        1051000   -102915.6940        81.9      -102824.9892       -90.7047 17m45s/Msamples
        1052000   -102909.2420        82.6      -102818.1406       -91.1013 17m45s/Msamples
        1053000   -102913.2399        83.0      -102822.0012       -91.2386 17m45s/Msamples
        1054000   -102895.3354        84.1      -102813.0327       -82.3027 17m45s/Msamples
        1055000   -102901.4582        84.8      -102820.1548       -81.3034 17m45s/Msamples
        1056000   -102906.3708        85.2      -102822.5236       -83.8471 17m45s/Msamples
        1057000   -102906.0679        85.5      -102818.6043       -87.4635 17m45s/Msamples
        1058000   -102920.8543        85.6      -102821.9334       -98.9209 17m45s/Msamples
        1059000   -102924.8867        85.5      -102826.9481       -97.9385 17m45s/Msamples
        1060000   -102931.1520        85.6      -102826.9160      -104.2359 17m45s/Msamples
        1061000   -102915.0760        85.6      -102821.4586       -93.6174 17m45s/Msamples
        1062000   -102910.2016        85.6      -102820.4262       -89.7754 17m45s/Msamples
        1063000   -102915.5945        85.5      -102824.8348       -90.7596 17m45s/Msamples
        1064000   -102924.8791        85.5      -102826.5199       -98.3591 17m45s/Msamples
        1065000   -102926.9198        85.6      -102826.6477      -100.2720 17m45s/Msamples
        1066000   -102921.6757        85.5      -102821.9308       -99.7449 17m45s/Msamples
        1067000   -102927.4945        85.5      -102821.8395      -105.6550 17m45s/Msamples
        1068000   -102914.6083        85.4      -102819.6141       -94.9941 17m45s/Msamples
        1069000   -102928.2578        85.4      -102826.1587      -102.0991 17m45s/Msamples
        1070000   -102924.9032        85.3      -102825.1856       -99.7176 17m45s/Msamples
        1071000   -102921.7423        85.2      -102824.4744       -97.2678 17m45s/Msamples
        1072000   -102924.5335        85.1      -102828.2547       -96.2788 17m45s/Msamples
        1073000   -102919.5533        84.9      -102825.2033       -94.3500 17m45s/Msamples
        1074000   -102916.0903        84.6      -102821.4116       -94.6787 17m45s/Msamples
        1075000   -102920.8769        84.4      -102825.1697       -95.7072 17m45s/Msamples
        1076000   -102913.5716        84.0      -102824.9675       -88.6041 17m45s/Msamples
        1077000   -102916.8092        83.7      -102825.9412       -90.8680 17m45s/Msamples
        1078000   -102914.5401        83.3      -102824.7796       -89.7605 17m45s/Msamples
        1079000   -102916.7929        82.9      -102825.2075       -91.5854 17m45s/Msamples
        1080000   -102929.2781        83.0      -102829.7335       -99.5446 17m45s/Msamples
        1081000   -102922.4608        82.8      -102830.8123       -91.6484 17m45s/Msamples
        1082000   -102917.9433        82.6      -102823.0785       -94.8647 17m45s/Msamples
        1083000   -102928.6143        82.7      -102831.3057       -97.3086 17m45s/Msamples
        1084000   -102915.7529        82.5      -102820.7551       -94.9978 17m45s/Msamples
        1085000   -102909.0484        82.3      -102821.0659       -87.9825 17m45s/Msamples
        1086000   -102911.0205        82.1      -102822.0654       -88.9551 17m45s/Msamples
        1087000   -102899.9246        81.8      -102811.3993       -88.5253 17m45s/Msamples
        1088000   -102908.5380        81.5      -102819.9345       -88.6034 17m45s/Msamples
        1089000   -102915.2442        81.1      -102817.6920       -97.5521 17m45s/Msamples
        1090000   -102906.3654        80.8      -102813.6239       -92.7415 17m45s/Msamples
        1091000   -102918.8273        80.6      -102824.7640       -94.0633 17m45s/Msamples
        1092000   -102911.8317        80.3      -102817.7528       -94.0788 17m45s/Msamples
        1093000   -102920.7728        80.1      -102820.3480      -100.4247 17m45s/Msamples
        1094000   -102910.9624        79.8      -102821.5260       -89.4364 17m45s/Msamples
        1095000   -102915.2695        79.5      -102818.4240       -96.8455 17m45s/Msamples
        1096000   -102924.6416        79.4      -102817.7762      -106.8653 17m45s/Msamples
        1097000   -102914.6416        79.1      -102816.9824       -97.6592 17m45s/Msamples
        1098000   -102916.9830        78.8      -102819.0173       -97.9657 17m45s/Msamples
        1099000   -102920.5398        78.5      -102826.0042       -94.5355 17m45s/Msamples
        1100000   -102920.7441        78.3      -102827.6539       -93.0902 17m45s/Msamples
        1101000   -102922.9506        78.2      -102825.6754       -97.2752 17m45s/Msamples
        1102000   -102925.3878        78.1      -102824.8664      -100.5214 17m45s/Msamples
        1103000   -102919.6605        77.9      -102827.3948       -92.2657 17m45s/Msamples
        1104000   -102922.9097        77.8      -102823.5341       -99.3756 17m45s/Msamples
        1105000   -102924.4270        77.8      -102827.2665       -97.1605 17m45s/Msamples
        1106000   -102932.5365        77.9      -102832.6019       -99.9346 17m45s/Msamples
        1107000   -102934.5103        78.2      -102832.3772      -102.1331 17m45s/Msamples
        1108000   -102928.9744        78.2      -102825.6448      -103.3296 17m45s/Msamples
        1109000   -102917.0980        77.8      -102823.4376       -93.6603 17m45s/Msamples
        1110000   -102939.9004        78.2      -102839.0252      -100.8751 17m45s/Msamples
        1111000   -102932.3487        78.4      -102832.0083      -100.3404 17m45s/Msamples
        1112000   -102931.0095        78.5      -102832.4453       -98.5642 17m45s/Msamples
        1113000   -102929.6673        78.6      -102830.2191       -99.4481 17m45s/Msamples
        1114000   -102929.4550        78.7      -102829.3997      -100.0553 17m45s/Msamples
        1115000   -102923.8905        78.7      -102832.8070       -91.0835 17m45s/Msamples
        1116000   -102930.9297        78.8      -102833.4489       -97.4807 17m45s/Msamples
        1117000   -102912.7508        78.7      -102820.6768       -92.0740 17m45s/Msamples
        1118000   -102914.1471        78.7      -102822.6683       -91.4788 17m45s/Msamples
        1119000   -102928.9527        78.6      -102832.3816       -96.5711 17m45s/Msamples
        1120000   -102936.2206        78.8      -102829.7862      -106.4343 17m45s/Msamples
        1121000   -102933.7966        78.9      -102828.4335      -105.3631 17m45s/Msamples
        1122000   -102938.0702        79.1      -102833.4318      -104.6383 17m45s/Msamples
        1123000   -102937.3188        79.3      -102833.4720      -103.8467 17m45s/Msamples
        1124000   -102936.0434        79.4      -102828.6701      -107.3732 17m45s/Msamples
        1125000   -102941.0742        79.6      -102845.7873       -95.2868 17m45s/Msamples
        1126000   -102938.3483        79.8      -102842.3394       -96.0089 17m45s/Msamples
        1127000   -102941.8248        79.9      -102837.5935      -104.2313 17m45s/Msamples
        1128000   -102929.5579        80.0      -102832.1085       -97.4493 17m45s/Msamples
        1129000   -102924.8799        79.7      -102828.0580       -96.8218 17m45s/Msamples
        1130000   -102938.2548        79.9      -102835.3069      -102.9479 17m45s/Msamples
        1131000   -102936.1639        79.9      -102827.5377      -108.6262 17m45s/Msamples
        1132000   -102915.9019        80.2      -102822.4463       -93.4555 17m45s/Msamples
        1133000   -102911.8936        80.5      -102826.4073       -85.4862 17m45s/Msamples
        1134000   -102936.9598        80.6      -102834.8047      -102.1550 17m45s/Msamples
        1135000   -102928.7445        80.7      -102827.7963      -100.9481 17m45s/Msamples
        1136000   -102917.3982        80.9      -102819.3240       -98.0742 17m45s/Msamples
        1137000   -102943.2748        81.0      -102849.1532       -94.1216 17m45s/Msamples
        1138000   -102940.6904        81.2      -102839.6245      -101.0658 17m45s/Msamples
        1139000   -102941.4277        81.1      -102833.3442      -108.0834 17m45s/Msamples
        1140000   -102935.8941        81.2      -102834.9407      -100.9534 17m45s/Msamples
        1141000   -102943.8047        81.3      -102838.3679      -105.4368 17m45s/Msamples
        1142000   -102937.5034        81.4      -102838.2981       -99.2052 17m45s/Msamples
        1143000   -102928.3523        81.5      -102840.7464       -87.6059 17m45s/Msamples
        1144000   -102927.9021        81.6      -102840.3838       -87.5183 17m45s/Msamples
        1145000   -102921.9627        81.8      -102838.0064       -83.9563 17m45s/Msamples
        1146000   -102927.5998        81.9      -102832.5943       -95.0054 17m45s/Msamples
        1147000   -102925.7215        82.0      -102832.1609       -93.5605 17m45s/Msamples
        1148000   -102926.5285        82.1      -102831.4481       -95.0804 17m45s/Msamples
        1149000   -102924.6661        82.0      -102831.4583       -93.2078 17m45s/Msamples
        1150000   -102939.2689        82.1      -102844.2737       -94.9951 17m45s/Msamples
        1151000   -102942.1602        82.2      -102841.6623      -100.4979 17m44s/Msamples
        1152000   -102958.7274        82.6      -102850.5418      -108.1855 17m44s/Msamples
        1153000   -102955.6700        82.9      -102841.8310      -113.8389 17m44s/Msamples
        1154000   -102938.3256        82.9      -102831.7436      -106.5820 17m45s/Msamples
        1155000   -102935.7174        83.0      -102827.6365      -108.0809 17m45s/Msamples
        1156000   -102945.5644        83.0      -102831.5290      -114.0354 17m44s/Msamples
        1157000   -102915.2326        83.4      -102826.9118       -88.3208 17m44s/Msamples
        1158000   -102922.2016        83.6      -102828.3964       -93.8052 17m44s/Msamples
        1159000   -102933.5984        83.5      -102831.7968      -101.8015 17m45s/Msamples
        1160000   -102939.2427        83.5      -102829.5146      -109.7280 17m45s/Msamples
        1161000   -102949.1517        83.6      -102831.1843      -117.9674 17m45s/Msamples
        1162000   -102932.9095        83.6      -102832.8198      -100.0896 17m45s/Msamples
        1163000   -102930.0559        83.7      -102831.5357       -98.5201 17m45s/Msamples
        1164000   -102940.3164        83.7      -102832.5104      -107.8060 17m45s/Msamples
        1165000   -102920.0774        84.0      -102829.2516       -90.8257 17m45s/Msamples
        1166000   -102932.8293        84.0      -102837.5673       -95.2620 17m45s/Msamples
        1167000   -102921.2030        84.3      -102832.2711       -88.9319 17m45s/Msamples
        1168000   -102924.5260        84.4      -102828.1915       -96.3344 17m45s/Msamples
        1169000   -102928.1700        84.4      -102835.4706       -92.6994 17m44s/Msamples
        1170000   -102919.5801        84.6      -102826.4727       -93.1073 17m44s/Msamples
        1171000   -102926.3625        84.7      -102832.5172       -93.8452 17m44s/Msamples
        1172000   -102917.4806        85.0      -102827.6219       -89.8586 17m44s/Msamples
        1173000   -102919.7265        85.2      -102827.7242       -92.0023 17m44s/Msamples
        1174000   -102917.5482        85.5      -102829.0664       -88.4817 17m44s/Msamples
        1175000   -102916.7366        85.7      -102827.9135       -88.8230 17m44s/Msamples
        1176000   -102913.1705        86.0      -102822.0310       -91.1395 17m44s/Msamples
        1177000   -102906.5424        86.5      -102826.6232       -79.9191 17m44s/Msamples
        1178000   -102905.1942        86.9      -102820.2070       -84.9872 17m44s/Msamples
        1179000   -102912.9081        86.9      -102823.2105       -89.6975 17m44s/Msamples
        1180000   -102903.6246        87.0      -102825.5160       -78.1086 17m44s/Msamples
        1181000   -102914.0729        87.0      -102829.5222       -84.5507 17m44s/Msamples
        1182000   -102918.2014        87.0      -102830.5272       -87.6742 17m44s/Msamples
        1183000   -102911.6639        86.9      -102822.7063       -88.9576 17m44s/Msamples
        1184000   -102910.8538        86.8      -102820.4901       -90.3636 17m44s/Msamples
        1185000   -102926.9636        86.8      -102827.9860       -98.9776 17m45s/Msamples
        1186000   -102918.6935        86.7      -102824.2090       -94.4845 17m45s/Msamples
        1187000   -102938.1321        87.1      -102834.7010      -103.4310 17m45s/Msamples
        1188000   -102937.7943        87.4      -102838.6202       -99.1740 17m45s/Msamples
        1189000   -102931.4403        87.3      -102834.4969       -96.9433 17m45s/Msamples
        1190000   -102944.0034        87.9      -102835.9682      -108.0352 17m45s/Msamples
        1191000   -102944.1248        88.4      -102837.2266      -106.8981 17m45s/Msamples
        1192000   -102939.7891        88.8      -102836.4622      -103.3268 17m45s/Msamples
        1193000   -102940.1544        89.1      -102834.1329      -106.0214 17m45s/Msamples
        1194000   -102925.5424        89.1      -102832.3358       -93.2066 17m45s/Msamples
        1195000   -102920.5374        89.1      -102829.4940       -91.0433 17m45s/Msamples
        1196000   -102917.9151        89.0      -102830.0477       -87.8673 17m44s/Msamples
        1197000   -102917.7969        88.9      -102830.2705       -87.5263 17m44s/Msamples
        1198000   -102924.6738        88.9      -102832.4310       -92.2427 17m44s/Msamples
        1199000   -102939.9464        89.2      -102843.7134       -96.2329 17m44s/Msamples
        1200000   -102931.9906        89.3      -102839.2329       -92.7577 17m44s/Msamples
        1201000   -102935.0014        89.5      -102834.2592      -100.7421 17m45s/Msamples
        1202000   -102943.0047        89.9      -102837.3038      -105.7008 17m44s/Msamples
        1203000   -102940.8042        90.2      -102838.8847      -101.9195 17m44s/Msamples
        1204000   -102923.5290        90.2      -102830.0436       -93.4854 17m44s/Msamples
        1205000   -102931.0454        90.3      -102831.3936       -99.6517 17m45s/Msamples
        1206000   -102932.9445        90.4      -102835.2868       -97.6577 17m45s/Msamples
        1207000   -102921.7253        90.5      -102829.7585       -91.9668 17m45s/Msamples
        1208000   -102933.6345        90.6      -102833.3790      -100.2554 17m44s/Msamples
        1209000   -102929.1972        90.6      -102834.9098       -94.2874 17m44s/Msamples
        1210000   -102912.8844        90.9      -102822.9969       -89.8875 17m44s/Msamples
        1211000   -102912.1568        91.2      -102820.7586       -91.3982 17m44s/Msamples
        1212000   -102932.1564        91.3      -102825.8371      -106.3193 17m44s/Msamples
        1213000   -102916.2489        91.5      -102824.4225       -91.8264 17m44s/Msamples
        1214000   -102934.3663        91.6      -102829.4621      -104.9041 17m44s/Msamples
        1215000   -102922.0922        91.8      -102823.1239       -98.9683 17m44s/Msamples
        1216000   -102921.1461        91.9      -102824.7406       -96.4055 17m44s/Msamples
        1217000   -102916.1688        92.0      -102824.1178       -92.0509 17m44s/Msamples
        1218000   -102930.5336        92.1      -102835.5003       -95.0332 17m44s/Msamples
        1219000   -102913.2664        92.0      -102822.7724       -90.4939 17m44s/Msamples
        1220000   -102919.1027        92.0      -102823.9850       -95.1177 17m44s/Msamples
        1221000   -102912.5467        92.1      -102823.6583       -88.8884 17m44s/Msamples
        1222000   -102920.6582        92.1      -102821.4158       -99.2423 17m44s/Msamples
        1223000   -102919.6578        92.1      -102821.2498       -98.4080 17m44s/Msamples
        1224000   -102915.7799        92.2      -102818.7438       -97.0361 17m44s/Msamples
        1225000   -102933.2067        92.3      -102828.7401      -104.4666 17m44s/Msamples
        1226000   -102927.3472        92.4      -102826.1738      -101.1733 17m44s/Msamples
        1227000   -102932.2455        92.5      -102833.6669       -98.5786 17m44s/Msamples
        1228000   -102918.1052        92.5      -102825.4552       -92.6500 17m44s/Msamples
        1229000   -102913.9626        92.4      -102822.1386       -91.8239 17m44s/Msamples
        1230000   -102908.8056        92.3      -102820.3193       -88.4863 17m44s/Msamples
        1231000   -102910.6958        92.2      -102819.3328       -91.3629 17m44s/Msamples
        1232000   -102909.8719        92.1      -102817.7413       -92.1306 17m44s/Msamples
        1233000   -102913.0813        91.9      -102818.0497       -95.0316 17m44s/Msamples
        1234000   -102909.0429        91.7      -102821.0635       -87.9793 17m44s/Msamples
        1235000   -102909.7616        91.5      -102818.4231       -91.3384 17m44s/Msamples
        1236000   -102922.0351        91.4      -102828.5666       -93.4684 17m44s/Msamples
        1237000   -102931.8842        91.5      -102826.9036      -104.9806 17m44s/Msamples
        1238000   -102926.3722        91.5      -102823.5932      -102.7790 17m44s/Msamples
        1239000   -102935.2783        91.5      -102825.6573      -109.6209 17m44s/Msamples
        1240000   -102940.3007        91.9      -102828.6000      -111.7006 17m44s/Msamples
        1241000   -102940.0675        92.3      -102831.2401      -108.8273 17m44s/Msamples
        1242000   -102926.3785        92.3      -102835.3404       -91.0381 17m44s/Msamples
        1243000   -102918.6030        92.2      -102826.4044       -92.1985 17m44s/Msamples
        1244000   -102939.6089        92.6      -102838.2326      -101.3763 17m44s/Msamples
        1245000   -102946.1335        93.2      -102838.9577      -107.1758 17m44s/Msamples
        1246000   -102956.7046        94.2      -102834.0519      -122.6527 17m44s/Msamples
        1247000   -102941.8374        94.5      -102830.8232      -111.0142 17m44s/Msamples
        1248000   -102933.0837        94.6      -102834.0476       -99.0361 17m44s/Msamples
        1249000   -102930.0319        94.6      -102833.0924       -96.9394 17m44s/Msamples
        1250000   -102925.1813        94.7      -102825.3654       -99.8158 17m45s/Msamples
        1251000   -102928.6122        94.8      -102830.0254       -98.5868 17m45s/Msamples
        1252000   -102933.2614        94.9      -102830.5731      -102.6882 17m45s/Msamples
        1253000   -102934.4807        95.0      -102832.2878      -102.1929 17m45s/Msamples
        1254000   -102945.6996        95.4      -102835.2452      -110.4543 17m44s/Msamples
        1255000   -102951.9833        95.9      -102838.0608      -113.9225 17m45s/Msamples
        1256000   -102944.7358        96.1      -102835.7865      -108.9492 17m45s/Msamples
        1257000   -102938.9008        96.2      -102832.5370      -106.3638 17m45s/Msamples
        1258000   -102936.2086        96.2      -102833.7398      -102.4688 17m45s/Msamples
        1259000   -102932.7634        96.2      -102836.5686       -96.1948 17m45s/Msamples
        1260000   -102933.0178        96.3      -102837.0036       -96.0141 17m45s/Msamples
        1261000   -102936.0308        96.3      -102838.1785       -97.8522 17m45s/Msamples
        1262000   -102930.6842        96.4      -102831.5453       -99.1388 17m45s/Msamples
        1263000   -102930.0216        96.4      -102834.8149       -95.2066 17m44s/Msamples
        1264000   -102928.4769        96.6      -102837.8531       -90.6238 17m44s/Msamples
        1265000   -102919.0854        96.9      -102827.9323       -91.1531 17m44s/Msamples
        1266000   -102920.9213        97.2      -102827.4584       -93.4629 17m44s/Msamples
        1267000   -102921.6913        97.4      -102823.9953       -97.6959 17m44s/Msamples
        1268000   -102920.6472        97.7      -102824.1679       -96.4792 17m44s/Msamples
        1269000   -102925.1298        97.7      -102826.5774       -98.5524 17m44s/Msamples
        1270000   -102922.1341        97.9      -102830.5886       -91.5454 17m44s/Msamples
        1271000   -102931.4573        98.0      -102831.9287       -99.5285 17m44s/Msamples
        1272000   -102930.2892        98.0      -102831.0987       -99.1904 17m44s/Msamples
        1273000   -102928.0455        98.1      -102831.1408       -96.9047 17m44s/Msamples
        1274000   -102914.8615        98.4      -102835.4994       -79.3621 17m44s/Msamples
        1275000   -102914.8591        98.7      -102826.9506       -87.9085 17m44s/Msamples
        1276000   -102916.8152        98.9      -102827.2341       -89.5811 17m44s/Msamples
        1277000   -102910.6158        99.2      -102821.1470       -89.4688 17m44s/Msamples
        1278000   -102914.5901        99.4      -102821.4360       -93.1541 17m44s/Msamples
        1279000   -102914.3399        99.4      -102821.3638       -92.9760 17m44s/Msamples
        1280000   -102916.4487        99.5      -102824.5978       -91.8508 17m44s/Msamples
        1281000   -102916.4631        99.6      -102828.3286       -88.1345 17m44s/Msamples
        1282000   -102914.7216        99.5      -102826.8436       -87.8780 17m44s/Msamples
        1283000   -102909.3519        99.5      -102827.3529       -81.9989 17m44s/Msamples
        1284000   -102905.7202        99.4      -102823.7109       -82.0092 17m44s/Msamples
        1285000   -102912.4374        99.3      -102827.1556       -85.2817 17m44s/Msamples
        1286000   -102930.3703        99.4      -102834.6862       -95.6841 17m44s/Msamples
        1287000   -102916.3106        99.2      -102824.8029       -91.5077 17m44s/Msamples
        1288000   -102903.2588        99.0      -102821.9343       -81.3244 17m44s/Msamples
        1289000   -102914.3993        98.4      -102821.5651       -92.8341 17m44s/Msamples
        1290000   -102924.0702        98.4      -102832.8749       -91.1952 17m44s/Msamples
        1291000   -102922.2950        98.3      -102824.8326       -97.4624 17m44s/Msamples
        1292000   -102930.6190        98.4      -102825.0982      -105.5208 17m44s/Msamples
        1293000   -102924.8722        98.4      -102823.3953      -101.4769 17m44s/Msamples
        1294000   -102925.4773        98.4      -102823.1295      -102.3478 17m44s/Msamples
        1295000   -102916.1908        98.2      -102824.5170       -91.6738 17m44s/Msamples
        1296000   -102923.3991        98.1      -102834.5602       -88.8389 17m44s/Msamples
        1297000   -102902.4027        97.8      -102820.1019       -82.3007 17m44s/Msamples
        1298000   -102912.7196        97.5      -102821.5156       -91.2040 17m44s/Msamples
        1299000   -102914.0043        96.7      -102825.6265       -88.3777 17m44s/Msamples
        1300000   -102918.7919        96.5      -102824.7084       -94.0835 17m44s/Msamples
        1301000   -102909.4436        96.2      -102818.1441       -91.2995 17m44s/Msamples
        1302000   -102912.0599        95.9      -102818.7282       -93.3316 17m44s/Msamples
        1303000   -102916.5247        95.6      -102821.7766       -94.7480 17m44s/Msamples
        1304000   -102914.9547        95.3      -102818.6736       -96.2810 17m44s/Msamples
        1305000   -102912.3323        95.0      -102823.3921       -88.9401 17m44s/Msamples
        1306000   -102924.9056        94.9      -102834.2209       -90.6846 17m44s/Msamples
        1307000   -102925.1658        94.9      -102829.2466       -95.9191 17m44s/Msamples
        1308000   -102925.5440        94.9      -102828.3540       -97.1899 17m44s/Msamples
        1309000   -102919.2797        94.2      -102824.0091       -95.2705 17m44s/Msamples
        1310000   -102916.8152        94.0      -102825.8431       -90.9721 17m44s/Msamples
        1311000   -102935.8939        94.3      -102838.2676       -97.6262 17m44s/Msamples
        1312000   -102925.7997        94.3      -102835.1049       -90.6947 17m44s/Msamples
        1313000   -102916.7045        94.2      -102825.8634       -90.8411 17m44s/Msamples
        1314000   -102925.5715        94.2      -102834.1576       -91.4138 17m44s/Msamples
        1315000   -102917.7458        94.0      -102825.1938       -92.5520 17m44s/Msamples
        1316000   -102930.5068        94.2      -102835.6587       -94.8481 17m44s/Msamples
        1317000   -102927.5573        94.2      -102834.4636       -93.0937 17m44s/Msamples
        1318000   -102916.8043        94.1      -102822.8240       -93.9803 17m44s/Msamples
        1319000   -102924.5710        93.7      -102829.6789       -94.8921 17m44s/Msamples
        1320000   -102923.4292        93.7      -102828.3807       -95.0485 17m44s/Msamples
        1321000   -102921.2176        93.6      -102827.2634       -93.9542 17m44s/Msamples
        1322000   -102915.6252        93.5      -102823.8529       -91.7722 17m44s/Msamples
        1323000   -102914.2861        93.3      -102821.2914       -92.9946 17m44s/Msamples
        1324000   -102933.0722        93.5      -102828.0997      -104.9725 17m44s/Msamples
        1325000   -102933.2077        93.7      -102822.0650      -111.1426 17m44s/Msamples
        1326000   -102938.9708        94.0      -102827.0009      -111.9699 17m44s/Msamples
        1327000   -102933.0625        94.2      -102824.7688      -108.2936 17m44s/Msamples
        1328000   -102927.7762        94.2      -102822.3183      -105.4579 17m44s/Msamples
        1329000   -102923.2770        94.0      -102821.8853      -101.3917 17m44s/Msamples
        1330000   -102926.1517        94.0      -102826.4748       -99.6768 17m44s/Msamples
        1331000   -102928.9109        94.1      -102825.0944      -103.8164 17m44s/Msamples
        1332000   -102920.8140        94.1      -102822.2196       -98.5944 17m44s/Msamples
        1333000   -102921.5715        94.1      -102820.7907      -100.7808 17m44s/Msamples
        1334000   -102935.2152        94.3      -102831.0037      -104.2114 17m44s/Msamples
        1335000   -102929.1932        94.4      -102826.7572      -102.4360 17m44s/Msamples
        1336000   -102939.6858        94.6      -102836.1596      -103.5262 17m44s/Msamples
        1337000   -102940.2567        94.8      -102839.1708      -101.0858 17m44s/Msamples
        1338000   -102935.1652        95.0      -102834.2325      -100.9326 17m44s/Msamples
        1339000   -102936.9736        94.8      -102833.5232      -103.4504 17m44s/Msamples
        1340000   -102926.9644        94.8      -102825.5373      -101.4271 17m44s/Msamples
        1341000   -102929.8993        94.9      -102830.4807       -99.4186 17m44s/Msamples
        1342000   -102936.8869        95.1      -102829.0797      -107.8072 17m44s/Msamples
        1343000   -102938.2615        95.2      -102825.7545      -112.5069 17m44s/Msamples
        1344000   -102940.2234        95.4      -102833.0826      -107.1407 17m44s/Msamples
        1345000   -102937.2846        95.5      -102834.5667      -102.7179 17m44s/Msamples
        1346000   -102938.0660        95.6      -102834.8441      -103.2219 17m44s/Msamples
        1347000   -102945.9010        95.7      -102839.1708      -106.7301 17m44s/Msamples
        1348000   -102939.3144        95.8      -102829.8323      -109.4821 17m44s/Msamples
        1349000   -102921.1112        95.8      -102820.4766      -100.6346 17m44s/Msamples
        1350000   -102913.3308        96.2      -102815.6584       -97.6723 17m44s/Msamples
        1351000   -102922.0563        96.3      -102819.7532      -102.3031 17m44s/Msamples
        1352000   -102920.6203        96.5      -102819.3446      -101.2756 17m44s/Msamples
        1353000   -102922.7326        96.6      -102820.3719      -102.3606 17m44s/Msamples
        1354000   -102929.4799        96.7      -102829.4631      -100.0167 17m44s/Msamples
        1355000   -102941.6884        96.8      -102826.0336      -115.6547 17m44s/Msamples
        1356000   -102926.8797        96.9      -102823.3527      -103.5270 17m44s/Msamples
        1357000   -102932.5511        97.0      -102828.2290      -104.3220 17m44s/Msamples
        1358000   -102925.4436        97.1      -102826.6731       -98.7704 17m44s/Msamples
        1359000   -102919.0298        97.2      -102822.4370       -96.5928 17m44s/Msamples
        1360000   -102914.1225        97.5      -102817.1475       -96.9750 17m44s/Msamples
        1361000   -102917.0751        97.7      -102819.3965       -97.6786 17m44s/Msamples
        1362000   -102912.0498        98.0      -102817.3229       -94.7268 17m44s/Msamples
        1363000   -102935.8335        98.1      -102834.1437      -101.6898 17m44s/Msamples
        1364000   -102930.1894        98.2      -102824.7925      -105.3968 17m44s/Msamples
        1365000   -102929.8524        98.2      -102828.8640      -100.9884 17m44s/Msamples
        1366000   -102932.3239        98.3      -102824.1173      -108.2065 17m44s/Msamples
        1367000   -102925.9262        98.4      -102823.2722      -102.6539 17m44s/Msamples
        1368000   -102933.7163        98.5      -102828.0193      -105.6969 17m44s/Msamples
        1369000   -102932.6751        98.5      -102828.7818      -103.8932 17m44s/Msamples
        1370000   -102930.2834        98.6      -102827.6122      -102.6712 17m44s/Msamples
        1371000   -102920.8051        98.7      -102823.0709       -97.7342 17m44s/Msamples
        1372000   -102925.4759        98.7      -102826.7290       -98.7469 17m44s/Msamples
        1373000   -102939.1930        98.9      -102836.8310      -102.3620 17m44s/Msamples
        1374000   -102926.3267        99.0      -102826.1088      -100.2178 17m44s/Msamples
        1375000   -102924.7834        99.0      -102824.3310      -100.4523 17m44s/Msamples
        1376000   -102917.3648        99.1      -102819.7640       -97.6008 17m44s/Msamples
        1377000   -102926.8463        99.2      -102827.9615       -98.8848 17m44s/Msamples
        1378000   -102921.6838        99.2      -102819.6554      -102.0283 17m44s/Msamples
        1379000   -102911.4539        99.3      -102814.2688       -97.1850 17m44s/Msamples
        1380000   -102908.0204        99.5      -102815.0002       -93.0201 17m44s/Msamples
        1381000   -102915.2709        99.6      -102820.3441       -94.9267 17m44s/Msamples
        1382000   -102912.3410        99.6      -102819.3492       -92.9917 17m44s/Msamples
        1383000   -102916.5231        99.6      -102813.8362      -102.6868 17m44s/Msamples
        1384000   -102925.9586        99.6      -102816.9440      -109.0146 17m44s/Msamples
        1385000   -102922.4226        99.6      -102816.0542      -106.3684 17m44s/Msamples
        1386000   -102929.5552        99.7      -102820.1875      -109.3676 17m44s/Msamples
        1387000   -102928.1131        99.8      -102820.0653      -108.0478 17m44s/Msamples
        1388000   -102928.2245        99.9      -102823.4287      -104.7957 17m44s/Msamples
        1389000   -102925.8211        99.8      -102823.6140      -102.2070 17m44s/Msamples
        1390000   -102920.5660        99.8      -102819.2759      -101.2901 17m44s/Msamples
        1391000   -102930.2477        99.9      -102823.4444      -106.8033 17m44s/Msamples
        1392000   -102930.4709       100.0      -102829.0772      -101.3936 17m44s/Msamples
        1393000   -102934.2596       100.1      -102828.0801      -106.1794 17m44s/Msamples
        1394000   -102948.4629       100.7      -102837.5193      -110.9436 17m44s/Msamples
        1395000   -102945.6051       101.1      -102835.8629      -109.7421 17m44s/Msamples
        1396000   -102934.4532       101.2      -102824.4214      -110.0318 17m44s/Msamples
        1397000   -102944.1779       101.6      -102831.8048      -112.3730 17m44s/Msamples
        1398000   -102929.8188       101.6      -102831.4833       -98.3355 17m44s/Msamples
        1399000   -102935.1616       101.7      -102836.7338       -98.4277 17m44s/Msamples
        1400000   -102940.3858       101.9      -102840.4039       -99.9819 17m44s/Msamples
        1401000   -102933.2264       102.0      -102830.6472      -102.5791 17m44s/Msamples
        1402000   -102931.1588       102.1      -102830.1786      -100.9801 17m44s/Msamples
        1403000   -102928.2343       102.2      -102825.7741      -102.4602 17m44s/Msamples
        1404000   -102925.7602       102.2      -102827.7682       -97.9919 17m44s/Msamples
        1405000   -102945.5810       102.5      -102840.0266      -105.5543 17m44s/Msamples
        1406000   -102943.3507       102.7      -102836.9184      -106.4322 17m44s/Msamples
        1407000   -102941.0047       102.8      -102833.6674      -107.3372 17m44s/Msamples
        1408000   -102935.8230       102.9      -102837.9148       -97.9081 17m44s/Msamples
        1409000   -102926.6060       102.6      -102829.1357       -97.4702 17m44s/Msamples
        1410000   -102933.7911       102.7      -102827.8385      -105.9525 17m44s/Msamples
        1411000   -102925.6966       102.8      -102820.1745      -105.5220 17m44s/Msamples
        1412000   -102930.4653       102.9      -102826.2528      -104.2125 17m44s/Msamples
        1413000   -102935.2975       102.9      -102827.2007      -108.0968 17m44s/Msamples
        1414000   -102925.2357       103.0      -102824.4206      -100.8151 17m44s/Msamples
        1415000   -102928.7304       103.1      -102826.8254      -101.9049 17m44s/Msamples
        1416000   -102925.9783       103.2      -102820.8886      -105.0897 17m44s/Msamples
        1417000   -102939.0316       103.2      -102829.1992      -109.8323 17m44s/Msamples
        1418000   -102946.3815       103.2      -102826.7486      -119.6328 17m44s/Msamples
        1419000   -102938.1560       103.0      -102826.7959      -111.3600 17m44s/Msamples
        1420000   -102945.2313       103.0      -102831.3221      -113.9092 17m44s/Msamples
        1421000   -102931.2352       103.0      -102821.3391      -109.8960 17m44s/Msamples
        1422000   -102932.6351       103.1      -102822.7689      -109.8661 17m44s/Msamples
        1423000   -102936.1372       103.1      -102830.9380      -105.1992 17m44s/Msamples
        1424000   -102934.6908       103.1      -102828.5597      -106.1310 17m44s/Msamples
        1425000   -102932.0963       103.2      -102823.7708      -108.3255 17m44s/Msamples
        1426000   -102933.8449       103.2      -102827.7306      -106.1143 17m44s/Msamples
        1427000   -102946.9249       103.2      -102839.6371      -107.2877 17m44s/Msamples
        1428000   -102942.9062       103.2      -102837.1978      -105.7083 17m44s/Msamples
        1429000   -102923.1477       103.2      -102822.7001      -100.4476 17m44s/Msamples
        1430000   -102929.1325       103.3      -102821.9640      -107.1685 17m44s/Msamples
        1431000   -102929.2866       103.4      -102833.2614       -96.0251 17m44s/Msamples
        1432000   -102932.3038       103.4      -102826.9965      -105.3073 17m44s/Msamples
        1433000   -102913.6115       103.8      -102819.1514       -94.4601 17m44s/Msamples
        1434000   -102917.6464       104.1      -102818.1252       -99.5211 17m44s/Msamples
        1435000   -102914.6129       104.4      -102816.4626       -98.1502 17m44s/Msamples
        1436000   -102920.8090       104.6      -102823.6400       -97.1690 17m44s/Msamples
        1437000   -102915.7704       104.8      -102815.3471      -100.4232 17m44s/Msamples
        1438000   -102931.1810       104.9      -102818.2652      -112.9158 17m43s/Msamples
        1439000   -102931.6038       104.7      -102820.0535      -111.5503 17m44s/Msamples
        1440000   -102930.9925       104.8      -102822.8319      -108.1606 17m44s/Msamples
        1441000   -102932.1982       104.9      -102820.4307      -111.7675 17m44s/Msamples
        1442000   -102943.3192       105.0      -102820.0172      -123.3020 17m44s/Msamples
        1443000   -102944.1519       105.1      -102822.7101      -121.4417 17m44s/Msamples
        1444000   -102959.2118       105.5      -102829.2618      -129.9500 17m44s/Msamples
        1445000   -102946.8330       105.6      -102828.0717      -118.7613 17m44s/Msamples
        1446000   -102943.8663       105.7      -102828.0495      -115.8168 17m44s/Msamples
        1447000   -102927.7466       105.8      -102826.9746      -100.7719 17m44s/Msamples
        1448000   -102933.8076       105.8      -102826.1599      -107.6476 17m44s/Msamples
        1449000   -102928.2813       105.5      -102825.7047      -102.5765 17m44s/Msamples
        1450000   -102927.7139       105.6      -102826.0675      -101.6464 17m44s/Msamples
        1451000   -102928.4668       105.7      -102825.2476      -103.2192 17m44s/Msamples
        1452000   -102927.0004       105.8      -102824.6710      -102.3293 17m44s/Msamples
        1453000   -102928.9489       105.9      -102826.9299      -102.0189 17m44s/Msamples
        1454000   -102920.2186       106.1      -102823.5722       -96.6464 17m44s/Msamples
        1455000   -102933.5821       106.1      -102823.3392      -110.2429 17m44s/Msamples
        1456000   -102932.7047       106.2      -102825.8621      -106.8426 17m44s/Msamples
        1457000   -102933.1830       106.3      -102827.6989      -105.4841 17m44s/Msamples
        1458000   -102943.1545       106.4      -102829.0114      -114.1431 17m44s/Msamples
        1459000   -102943.9817       106.3      -102837.6947      -106.2870 17m44s/Msamples
        1460000   -102954.5098       106.6      -102841.5554      -112.9543 17m44s/Msamples
        1461000   -102943.5114       106.6      -102836.6244      -106.8870 17m44s/Msamples
        1462000   -102941.4932       106.6      -102830.9532      -110.5400 17m44s/Msamples
        1463000   -102934.6193       106.6      -102834.6245       -99.9947 17m44s/Msamples
        1464000   -102912.5896       107.2      -102822.1357       -90.4539 17m44s/Msamples
        1465000   -102921.2679       107.4      -102832.4603       -88.8075 17m44s/Msamples
        1466000   -102920.4346       107.7      -102829.3468       -91.0878 17m44s/Msamples
        1467000   -102924.9749       107.8      -102827.1165       -97.8583 17m44s/Msamples
        1468000   -102939.9689       107.8      -102834.3324      -105.6364 17m44s/Msamples
        1469000   -102945.0126       107.5      -102834.8425      -110.1701 17m44s/Msamples
        1470000   -102934.9959       107.5      -102836.5097       -98.4862 17m44s/Msamples
        1471000   -102931.6015       107.6      -102831.4501      -100.1514 17m44s/Msamples
        1472000   -102935.8888       107.6      -102842.2643       -93.6245 17m44s/Msamples
        1473000   -102923.9922       107.8      -102835.8375       -88.1547 17m44s/Msamples
        1474000   -102920.7271       108.0      -102834.0165       -86.7106 17m44s/Msamples
        1475000   -102933.9452       108.1      -102840.2687       -93.6764 17m44s/Msamples
        1476000   -102940.1014       108.1      -102841.4182       -98.6832 17m44s/Msamples
        1477000   -102940.5022       108.2      -102837.9581      -102.5440 17m44s/Msamples
        1478000   -102936.0490       108.2      -102835.2517      -100.7972 17m44s/Msamples
        1479000   -102934.5645       107.9      -102837.8649       -96.6996 17m44s/Msamples
        1480000   -102929.2768       108.0      -102833.1717       -96.1051 17m44s/Msamples
        1481000   -102925.9482       108.2      -102831.2203       -94.7279 17m44s/Msamples
        1482000   -102921.2589       108.4      -102830.9773       -90.2815 17m44s/Msamples
        1483000   -102932.1435       108.4      -102837.4535       -94.6900 17m44s/Msamples
        1484000   -102924.4670       108.6      -102830.2241       -94.2428 17m44s/Msamples
        1485000   -102922.6787       108.7      -102828.5945       -94.0841 17m44s/Msamples
        1486000   -102924.1666       108.9      -102824.8832       -99.2834 17m44s/Msamples
        1487000   -102914.5534       109.1      -102823.0471       -91.5062 17m44s/Msamples
        1488000   -102927.2425       109.2      -102825.7511      -101.4913 17m44s/Msamples
        1489000   -102925.2069       109.3      -102826.5450       -98.6618 17m44s/Msamples
        1490000   -102921.4862       109.4      -102824.9234       -96.5627 17m44s/Msamples
        1491000   -102926.6425       109.4      -102829.0383       -97.6041 17m44s/Msamples
        1492000   -102927.2162       109.5      -102826.7813      -100.4349 17m44s/Msamples
        1493000   -102927.4690       109.6      -102825.5951      -101.8739 17m44s/Msamples
        1494000   -102933.0629       109.7      -102832.6394      -100.4235 17m44s/Msamples
        1495000   -102925.1964       109.8      -102826.8563       -98.3401 17m44s/Msamples
        1496000   -102915.4492       110.0      -102823.6817       -91.7674 17m44s/Msamples
        1497000   -102905.9202       110.3      -102816.4700       -89.4501 17m44s/Msamples
        1498000   -102904.2734       110.5      -102814.3421       -89.9313 17m44s/Msamples
        1499000   -102913.6459       110.1      -102816.5752       -97.0706 17m44s/Msamples
        1500000   -102915.8975       110.1      -102818.1187       -97.7787 17m44s/Msamples
        1501000   -102903.8555       110.3      -102811.3785       -92.4770 17m44s/Msamples
        1502000   -102912.5698       110.2      -102813.1164       -99.4534 17m44s/Msamples
        1503000   -102915.6889       110.2      -102816.8681       -98.8207 17m44s/Msamples
        1504000   -102918.8381       110.1      -102821.1277       -97.7104 17m44s/Msamples
        1505000   -102934.7085       110.3      -102829.6194      -105.0890 17m44s/Msamples
        1506000   -102931.3499       110.5      -102826.8340      -104.5158 17m44s/Msamples
        1507000   -102953.4738       111.4      -102838.3967      -115.0771 17m44s/Msamples
        1508000   -102958.7023       112.6      -102841.7183      -116.9839 17m44s/Msamples
        1509000   -102956.1156       113.4      -102840.7532      -115.3623 17m44s/Msamples
        1510000   -102940.3983       113.7      -102835.0057      -105.3925 17m44s/Msamples
        1511000   -102934.5467       113.9      -102833.4804      -101.0663 17m44s/Msamples
        1512000   -102938.0077       114.1      -102836.6876      -101.3201 17m44s/Msamples
        1513000   -102949.4764       114.6      -102834.4586      -115.0178 17m44s/Msamples
        1514000   -102961.4485       115.4      -102845.9567      -115.4917 17m44s/Msamples
        1515000   -102957.0847       116.0      -102851.8109      -105.2738 17m44s/Msamples
        1516000   -102948.9541       116.3      -102840.8598      -108.0942 17m44s/Msamples
        1517000   -102939.0554       116.4      -102839.2072       -99.8482 17m44s/Msamples
        1518000   -102933.7454       116.4      -102837.6508       -96.0945 17m44s/Msamples
        1519000   -102937.9180       116.5      -102839.2504       -98.6676 17m44s/Msamples
        1520000   -102940.1417       116.5      -102832.3377      -107.8040 17m44s/Msamples
        1521000   -102942.5915       116.6      -102837.2916      -105.2999 17m44s/Msamples
        1522000   -102931.8407       116.6      -102827.5020      -104.3387 17m44s/Msamples
        1523000   -102933.8534       116.6      -102834.3312       -99.5221 17m44s/Msamples
        1524000   -102936.0842       116.6      -102826.5288      -109.5553 17m44s/Msamples
        1525000   -102941.6160       116.5      -102839.0415      -102.5745 17m44s/Msamples
        1526000   -102925.1453       116.7      -102824.3689      -100.7763 17m44s/Msamples
        1527000   -102926.0240       116.9      -102825.3298      -100.6942 17m44s/Msamples
        1528000   -102934.0553       116.9      -102833.1641      -100.8911 17m44s/Msamples
        1529000   -102942.6243       116.7      -102841.1368      -101.4875 17m44s/Msamples
        1530000   -102934.6174       116.6      -102832.1863      -102.4310 17m44s/Msamples
        1531000   -102933.8561       116.5      -102831.3056      -102.5504 17m44s/Msamples
        1532000   -102937.4634       116.4      -102829.3458      -108.1176 17m44s/Msamples
        1533000   -102940.7222       116.3      -102833.8337      -106.8884 17m44s/Msamples
        1534000   -102936.7011       116.2      -102825.8974      -110.8036 17m44s/Msamples
        1535000   -102938.5032       116.1      -102826.1716      -112.3315 17m44s/Msamples
        1536000   -102938.8268       115.9      -102831.5193      -107.3075 17m44s/Msamples
        1537000   -102927.8052       116.1      -102827.2623      -100.5429 17m44s/Msamples
        1538000   -102934.5791       116.0      -102830.3414      -104.2376 17m44s/Msamples
        1539000   -102936.2918       115.9      -102834.0808      -102.2110 17m44s/Msamples
        1540000   -102930.4729       116.0      -102829.0630      -101.4098 17m44s/Msamples
        1541000   -102936.3279       116.0      -102833.5707      -102.7571 17m44s/Msamples
        1542000   -102938.1694       115.9      -102830.9973      -107.1721 17m44s/Msamples
        1543000   -102930.6041       116.0      -102823.7018      -106.9023 17m44s/Msamples
        1544000   -102924.1620       116.2      -102825.6497       -98.5122 17m44s/Msamples
        1545000   -102925.0419       116.4      -102821.9360      -103.1059 17m44s/Msamples
        1546000   -102912.2214       116.9      -102817.3925       -94.8288 17m44s/Msamples
        1547000   -102924.9122       117.0      -102826.2807       -98.6314 17m44s/Msamples
        1548000   -102917.9690       117.3      -102828.6169       -89.3520 17m44s/Msamples
        1549000   -102910.1085       117.7      -102823.5575       -86.5509 17m44s/Msamples
        1550000   -102920.4889       117.9      -102829.3918       -91.0971 17m44s/Msamples
        1551000   -102923.9448       118.0      -102835.7593       -88.1854 17m44s/Msamples
        1552000   -102939.7260       118.1      -102844.5089       -95.2170 17m44s/Msamples
        1553000   -102943.3481       118.3      -102838.1502      -105.1979 17m44s/Msamples
        1554000   -102955.7831       118.6      -102843.0438      -112.7393 17m44s/Msamples
        1555000   -102937.7921       118.7      -102835.9464      -101.8456 17m44s/Msamples
        1556000   -102954.7797       119.0      -102844.2150      -110.5647 17m44s/Msamples
        1557000   -102941.4379       119.0      -102836.6988      -104.7390 17m44s/Msamples
        1558000   -102944.3749       119.1      -102832.2547      -112.1201 17m44s/Msamples
        1559000   -102943.1987       119.1      -102831.0069      -112.1918 17m44s/Msamples
        1560000   -102931.1053       119.2      -102827.3069      -103.7983 17m44s/Msamples
        1561000   -102929.5933       119.3      -102824.0016      -105.5916 17m44s/Msamples
        1562000   -102938.7674       119.3      -102826.8926      -111.8748 17m44s/Msamples
        1563000   -102937.3415       119.4      -102824.3703      -112.9712 17m44s/Msamples
        1564000   -102935.3951       119.4      -102829.9278      -105.4673 17m44s/Msamples
        1565000   -102925.8804       119.5      -102823.3339      -102.5464 17m44s/Msamples
        1566000   -102922.0803       119.7      -102820.1703      -101.9099 17m44s/Msamples
        1567000   -102918.6707       120.0      -102816.5898      -102.0809 17m44s/Msamples
        1568000   -102925.1768       120.1      -102826.8305       -98.3462 17m44s/Msamples
        1569000   -102910.7905       120.5      -102818.0509       -92.7395 17m44s/Msamples
        1570000   -102904.0931       121.0      -102812.2813       -91.8117 17m44s/Msamples
        1571000   -102913.5741       121.3      -102822.9385       -90.6356 17m44s/Msamples
        1572000   -102917.4726       121.4      -102818.4944       -98.9782 17m44s/Msamples
        1573000   -102929.3110       121.5      -102821.6611      -107.6498 17m44s/Msamples
        1574000   -102934.2945       121.6      -102822.4301      -111.8643 17m44s/Msamples
        1575000   -102936.1278       121.7      -102823.4849      -112.6428 17m44s/Msamples
        1576000   -102944.0012       121.9      -102826.1332      -117.8679 17m44s/Msamples
        1577000   -102937.5171       121.9      -102829.5816      -107.9354 17m44s/Msamples
        1578000   -102945.0434       122.0      -102833.2598      -111.7836 17m44s/Msamples
        1579000   -102944.6920       121.9      -102830.6208      -114.0711 17m44s/Msamples
        1580000   -102940.6197       121.9      -102832.4667      -108.1529 17m44s/Msamples
        1581000   -102947.8319       122.0      -102835.1674      -112.6644 17m44s/Msamples
        1582000   -102947.2872       122.1      -102835.2729      -112.0142 17m44s/Msamples
        1583000   -102942.4861       122.2      -102829.3893      -113.0967 17m44s/Msamples
        1584000   -102951.3928       122.4      -102832.4225      -118.9702 17m44s/Msamples
        1585000   -102948.5857       122.5      -102829.0683      -119.5174 17m44s/Msamples
        1586000   -102939.2637       122.5      -102824.5175      -114.7461 17m44s/Msamples
        1587000   -102940.1282       122.6      -102826.4505      -113.6777 17m44s/Msamples
        1588000   -102929.1722       122.7      -102822.8229      -106.3493 17m44s/Msamples
        1589000   -102933.2737       122.7      -102824.9211      -108.3526 17m44s/Msamples
        1590000   -102938.0551       122.7      -102831.6297      -106.4253 17m44s/Msamples
        1591000   -102939.5312       122.8      -102828.0974      -111.4338 17m44s/Msamples
        1592000   -102932.5069       122.8      -102827.5771      -104.9298 17m44s/Msamples
        1593000   -102927.2123       122.9      -102829.2662       -97.9460 17m44s/Msamples
        1594000   -102927.9293       123.1      -102831.0050       -96.9242 17m44s/Msamples
        1595000   -102924.7777       123.2      -102829.5376       -95.2400 17m44s/Msamples
        1596000   -102926.8035       123.4      -102827.5438       -99.2596 17m44s/Msamples
        1597000   -102937.6465       123.3      -102832.5898      -105.0567 17m44s/Msamples
        1598000   -102922.3934       123.6      -102826.1299       -96.2634 17m44s/Msamples
        1599000   -102915.9767       124.1      -102828.5144       -87.4623 17m44s/Msamples
        1600000   -102914.0122       124.7      -102818.1221       -95.8901 17m44s/Msamples
        1601000   -102927.9112       124.8      -102823.0706      -104.8405 17m44s/Msamples
        1602000   -102922.3782       125.0      -102824.5221       -97.8561 17m44s/Msamples
        1603000   -102913.4469       125.5      -102820.6895       -92.7574 17m44s/Msamples
        1604000   -102912.1935       126.0      -102821.7385       -90.4549 17m44s/Msamples
        1605000   -102920.7218       126.3      -102823.6404       -97.0813 17m44s/Msamples
        1606000   -102906.8448       126.8      -102818.0288       -88.8159 17m44s/Msamples
        1607000   -102910.7129       127.2      -102818.8300       -91.8829 17m44s/Msamples
        1608000   -102911.9118       127.4      -102814.0171       -97.8947 17m44s/Msamples
        1609000   -102908.4931       127.6      -102811.7855       -96.7076 17m44s/Msamples
        1610000   -102906.4463       127.8      -102813.8506       -92.5957 17m44s/Msamples
        1611000   -102925.2149       127.8      -102832.6368       -92.5780 17m44s/Msamples
        1612000   -102921.3734       127.8      -102825.5805       -95.7928 17m44s/Msamples
        1613000   -102912.7538       127.7      -102818.2954       -94.4584 17m44s/Msamples
        1614000   -102918.4873       127.6      -102826.1582       -92.3290 17m44s/Msamples
        1615000   -102929.0394       127.7      -102824.7381      -104.3013 17m44s/Msamples
        1616000   -102933.7380       127.9      -102826.0718      -107.6661 17m44s/Msamples
        1617000   -102935.8552       128.2      -102825.2313      -110.6238 17m44s/Msamples
        1618000   -102939.5261       128.6      -102829.1011      -110.4249 17m44s/Msamples
        1619000   -102942.8208       129.1      -102830.7203      -112.1005 17m44s/Msamples
        1620000   -102945.5082       129.7      -102837.2791      -108.2291 17m44s/Msamples
        1621000   -102937.6484       130.0      -102833.5323      -104.1160 17m44s/Msamples
        1622000   -102946.2797       130.6      -102832.9356      -113.3441 17m44s/Msamples
        1623000   -102929.1853       130.7      -102826.2793      -102.9059 17m44s/Msamples
        1624000   -102934.3584       130.9      -102827.0424      -107.3160 17m44s/Msamples
        1625000   -102938.5717       131.2      -102827.3020      -111.2697 17m44s/Msamples
        1626000   -102936.0464       131.4      -102833.3326      -102.7138 17m44s/Msamples
        1627000   -102936.7361       131.6      -102827.1251      -109.6109 17m44s/Msamples
        1628000   -102939.1774       131.8      -102826.5773      -112.6000 17m44s/Msamples
        1629000   -102946.3205       132.1      -102836.1857      -110.1348 17m44s/Msamples
        1630000   -102939.1875       132.3      -102830.6682      -108.5193 17m44s/Msamples
        1631000   -102942.7106       132.5      -102826.1783      -116.5322 17m44s/Msamples
        1632000   -102949.4343       132.7      -102833.9041      -115.5301 17m44s/Msamples
        1633000   -102946.0318       132.8      -102827.3988      -118.6329 17m44s/Msamples
        1634000   -102939.1896       132.8      -102827.6657      -111.5238 17m44s/Msamples
        1635000   -102932.4116       132.8      -102825.6459      -106.7657 17m44s/Msamples
        1636000   -102930.8572       132.9      -102817.1623      -113.6949 17m44s/Msamples
        1637000   -102933.1137       132.9      -102820.1496      -112.9640 17m44s/Msamples
        1638000   -102928.0275       133.0      -102817.9250      -110.1025 17m44s/Msamples
        1639000   -102929.2934       133.1      -102818.2038      -111.0895 17m44s/Msamples
        1640000   -102942.0118       132.9      -102822.2666      -119.7452 17m44s/Msamples
        1641000   -102948.6561       132.8      -102825.6443      -123.0117 17m44s/Msamples
        1642000   -102938.5316       132.6      -102821.3382      -117.1933 17m44s/Msamples
        1643000   -102951.2118       132.4      -102829.3643      -121.8474 17m44s/Msamples
        1644000   -102937.2449       132.3      -102821.9991      -115.2457 17m44s/Msamples
        1645000   -102927.3345       132.5      -102821.2550      -106.0794 17m44s/Msamples
        1646000   -102936.8627       132.4      -102828.6818      -108.1808 17m44s/Msamples
        1647000   -102934.2259       132.4      -102832.9726      -101.2532 17m44s/Msamples
        1648000   -102931.4858       132.5      -102822.9416      -108.5442 17m44s/Msamples
        1649000   -102929.3685       132.4      -102821.8155      -107.5529 17m44s/Msamples
        1650000   -102924.1655       132.7      -102816.8795      -107.2860 17m44s/Msamples
        1651000   -102929.0281       132.8      -102823.9653      -105.0627 17m44s/Msamples
        1652000   -102935.6514       132.8      -102831.0263      -104.6250 17m44s/Msamples
        1653000   -102936.2429       132.7      -102828.3560      -107.8869 17m44s/Msamples
        1654000   -102930.9524       132.8      -102827.5939      -103.3584 17m44s/Msamples
        1655000   -102941.8608       132.8      -102829.6163      -112.2444 17m44s/Msamples
        1656000   -102935.2995       132.8      -102829.2504      -106.0490 17m44s/Msamples
        1657000   -102935.2089       132.8      -102823.8842      -111.3247 17m44s/Msamples
        1658000   -102933.8629       132.8      -102827.9272      -105.9356 17m44s/Msamples
        1659000   -102922.8167       132.9      -102820.3122      -102.5044 17m44s/Msamples
        1660000   -102916.3372       133.3      -102818.1468       -98.1904 17m44s/Msamples
        1661000   -102914.8000       133.7      -102816.5525       -98.2475 17m44s/Msamples
        1662000   -102933.7364       133.8      -102821.0293      -112.7071 17m44s/Msamples
        1663000   -102926.0512       133.9      -102819.6323      -106.4188 17m44s/Msamples
        1664000   -102921.9837       134.1      -102814.3227      -107.6610 17m44s/Msamples
        1665000   -102936.3823       134.2      -102826.6175      -109.7647 17m44s/Msamples
        1666000   -102934.8747       134.3      -102832.2628      -102.6119 17m44s/Msamples
        1667000   -102943.8531       134.4      -102839.4669      -104.3862 17m44s/Msamples
        1668000   -102936.6112       134.5      -102832.6620      -103.9491 17m44s/Msamples
        1669000   -102937.3928       134.5      -102836.0761      -101.3167 17m44s/Msamples
        1670000   -102929.6898       134.6      -102826.2076      -103.4822 17m45s/Msamples
        1671000   -102931.3661       134.7      -102826.0864      -105.2796 17m45s/Msamples
        1672000   -102945.3971       134.8      -102829.0617      -116.3354 17m45s/Msamples
        1673000   -102942.6725       134.9      -102832.2801      -110.3924 17m45s/Msamples
        1674000   -102932.6961       135.0      -102822.7528      -109.9432 17m45s/Msamples
        1675000   -102934.9344       135.1      -102824.7746      -110.1597 17m45s/Msamples
        1676000   -102933.1709       135.1      -102823.2052      -109.9657 17m45s/Msamples
        1677000   -102922.9432       135.3      -102821.4673      -101.4759 17m45s/Msamples
        1678000   -102931.1088       135.4      -102822.6104      -108.4983 17m45s/Msamples
        1679000   -102930.2088       135.4      -102831.9768       -98.2319 17m45s/Msamples
        1680000   -102941.2521       135.5      -102832.2458      -109.0063 17m45s/Msamples
        1681000   -102937.2423       135.6      -102831.6084      -105.6339 17m45s/Msamples
        1682000   -102930.5186       135.7      -102828.9723      -101.5463 17m45s/Msamples
        1683000   -102938.8024       135.7      -102833.1072      -105.6951 17m45s/Msamples
        1684000   -102929.2973       135.8      -102828.8452      -100.4521 17m44s/Msamples
        1685000   -102932.2507       135.9      -102829.6336      -102.6170 17m44s/Msamples
        1686000   -102930.3371       136.0      -102828.2945      -102.0426 17m44s/Msamples
        1687000   -102936.5389       136.0      -102826.7637      -109.7751 17m44s/Msamples
        1688000   -102938.2543       136.0      -102829.9348      -108.3194 17m44s/Msamples
        1689000   -102942.2418       135.9      -102831.5392      -110.7026 17m44s/Msamples
        1690000   -102951.2744       135.9      -102834.2537      -117.0206 17m44s/Msamples
        1691000   -102943.6399       135.9      -102827.2360      -116.4038 17m45s/Msamples
        1692000   -102940.2819       135.9      -102825.2671      -115.0147 17m45s/Msamples
        1693000   -102946.9331       135.8      -102833.7441      -113.1890 17m45s/Msamples
        1694000   -102945.0834       135.7      -102834.1585      -110.9248 17m45s/Msamples
        1695000   -102932.0843       135.8      -102823.4574      -108.6269 17m45s/Msamples
        1696000   -102938.2780       135.7      -102825.5570      -112.7209 17m44s/Msamples
        1697000   -102927.2461       135.9      -102820.8943      -106.3518 17m45s/Msamples
        1698000   -102924.1512       136.1      -102820.3516      -103.7996 17m44s/Msamples
        1699000   -102934.5965       136.0      -102829.6113      -104.9851 17m44s/Msamples
        1700000   -102923.5531       136.2      -102821.6531      -101.9000 17m44s/Msamples
        1701000   -102925.8995       136.4      -102818.1454      -107.7540 17m44s/Msamples
        1702000   -102924.5534       136.6      -102820.5031      -104.0502 17m44s/Msamples
        1703000   -102944.7995       136.6      -102829.2115      -115.5880 17m44s/Msamples
        1704000   -102943.9594       136.5      -102829.5869      -114.3724 17m44s/Msamples
        1705000   -102931.2992       136.6      -102821.5547      -109.7445 17m44s/Msamples
        1706000   -102943.9330       136.6      -102822.3077      -121.6253 17m44s/Msamples
        1707000   -102942.6211       136.5      -102827.3878      -115.2332 17m44s/Msamples
        1708000   -102946.4596       136.4      -102830.3802      -116.0794 17m44s/Msamples
        1709000   -102952.2471       136.2      -102836.1921      -116.0549 17m44s/Msamples
        1710000   -102941.3482       136.1      -102829.8174      -111.5308 17m44s/Msamples
        1711000   -102924.1294       136.3      -102824.5823       -99.5470 17m44s/Msamples
        1712000   -102921.5318       136.7      -102819.5650      -101.9667 17m44s/Msamples
        1713000   -102926.5349       136.8      -102826.3045      -100.2303 17m44s/Msamples
        1714000   -102932.8565       136.9      -102824.9362      -107.9203 17m44s/Msamples
        1715000   -102936.5865       136.8      -102829.1193      -107.4671 17m44s/Msamples
        1716000   -102936.9945       136.8      -102831.0354      -105.9591 17m44s/Msamples
        1717000   -102937.1562       136.8      -102829.2167      -107.9394 17m44s/Msamples
        1718000   -102933.5012       136.8      -102834.0485       -99.4527 17m44s/Msamples
        1719000   -102930.9332       136.8      -102832.1480       -98.7851 17m44s/Msamples
        1720000   -102932.1543       136.9      -102832.0420      -100.1122 17m44s/Msamples
        1721000   -102935.9130       136.9      -102833.7209      -102.1921 17m44s/Msamples
        1722000   -102944.5484       136.9      -102837.4279      -107.1205 17m44s/Msamples
        1723000   -102936.9454       136.9      -102834.9350      -102.0104 17m44s/Msamples
        1724000   -102943.2136       136.9      -102833.6828      -109.5307 17m44s/Msamples
        1725000   -102945.1348       136.8      -102833.5132      -111.6215 17m44s/Msamples
        1726000   -102947.2192       136.8      -102834.4427      -112.7764 17m44s/Msamples
        1727000   -102945.6425       136.7      -102835.6393      -110.0032 17m44s/Msamples
        1728000   -102944.6900       136.5      -102836.4620      -108.2279 17m44s/Msamples
        1729000   -102955.5798       136.0      -102837.4529      -118.1268 17m44s/Msamples
        1730000   -102956.7139       135.8      -102842.6105      -114.1034 17m44s/Msamples
        1731000   -102944.0861       135.6      -102835.1253      -108.9608 17m44s/Msamples
        1732000   -102953.3446       135.3      -102836.9647      -116.3799 17m45s/Msamples
        1733000   -102934.0396       135.2      -102833.9715      -100.0681 17m45s/Msamples
        1734000   -102940.5655       135.1      -102838.8463      -101.7192 17m45s/Msamples
        1735000   -102939.8380       134.9      -102837.0391      -102.7988 17m45s/Msamples
        1736000   -102934.8866       134.9      -102837.4921       -97.3945 17m45s/Msamples
        1737000   -102933.7940       134.9      -102838.8152       -94.9788 17m45s/Msamples
        1738000   -102934.9896       134.8      -102833.8672      -101.1223 17m45s/Msamples
        1739000   -102941.1098       134.3      -102838.8842      -102.2255 17m45s/Msamples
        1740000   -102925.7230       134.5      -102832.8943       -92.8286 17m45s/Msamples
        1741000   -102924.7850       134.8      -102831.3127       -93.4723 17m45s/Msamples
        1742000   -102932.7656       134.8      -102832.8892       -99.8764 17m45s/Msamples
        1743000   -102942.5800       134.6      -102831.8470      -110.7329 17m45s/Msamples
        1744000   -102937.8082       134.5      -102836.1947      -101.6134 17m45s/Msamples
        1745000   -102948.3557       134.3      -102833.8784      -114.4772 17m44s/Msamples
        1746000   -102953.3612       134.0      -102833.8110      -119.5501 17m45s/Msamples
        1747000   -102944.3004       133.7      -102831.6477      -112.6527 17m45s/Msamples
        1748000   -102952.0602       133.3      -102832.1860      -119.8741 17m45s/Msamples
        1749000   -102952.3455       132.5      -102831.1646      -121.1809 17m45s/Msamples
        1750000   -102945.8328       132.2      -102830.2679      -115.5648 17m45s/Msamples
        1751000   -102949.0505       131.8      -102830.1867      -118.8638 17m45s/Msamples
        1752000   -102945.4302       131.5      -102828.4187      -117.0115 17m45s/Msamples
        1753000   -102951.8634       131.0      -102831.8826      -119.9807 17m45s/Msamples
        1754000   -102949.1439       130.7      -102833.2312      -115.9126 17m45s/Msamples
        1755000   -102938.5729       130.5      -102828.8073      -109.7655 17m45s/Msamples
        1756000   -102939.7651       130.3      -102831.4182      -108.3468 17m45s/Msamples
        1757000   -102932.6338       130.3      -102830.5160      -102.1177 17m45s/Msamples
        1758000   -102935.7810       130.2      -102826.4739      -109.3070 17m45s/Msamples
        1759000   -102939.4043       129.6      -102827.8040      -111.6002 17m45s/Msamples
        1760000   -102937.7962       129.5      -102826.8166      -110.9795 17m45s/Msamples
        1761000   -102946.8594       129.2      -102826.8150      -120.0444 17m45s/Msamples
        1762000   -102956.5313       128.9      -102826.8970      -129.6342 17m45s/Msamples
        1763000   -102960.5818       128.6      -102827.9103      -132.6715 17m45s/Msamples
        1764000   -102969.2197       128.2      -102830.9445      -138.2752 17m45s/Msamples
        1765000   -102974.9419       127.8      -102835.5665      -139.3754 17m45s/Msamples
        1766000   -102973.3520       127.2      -102840.7062      -132.6457 17m45s/Msamples
        1767000   -102951.2924       126.6      -102829.2400      -122.0523 17m45s/Msamples
        1768000   -102943.7897       126.2      -102830.0136      -113.7760 17m45s/Msamples
        1769000   -102937.1567       125.7      -102828.4773      -108.6793 17m45s/Msamples
        1770000   -102937.0660       125.5      -102828.6401      -108.4259 17m45s/Msamples
        1771000   -102936.7350       125.3      -102827.0972      -109.6378 17m45s/Msamples
        1772000   -102941.4246       125.0      -102826.6190      -114.8056 17m45s/Msamples
        1773000   -102937.3680       124.8      -102828.0985      -109.2694 17m45s/Msamples
        1774000   -102929.8464       124.9      -102829.1451      -100.7013 17m45s/Msamples
        1775000   -102936.1495       124.8      -102830.8431      -105.3064 17m45s/Msamples
        1776000   -102928.5751       124.9      -102825.1292      -103.4458 17m45s/Msamples
        1777000   -102936.6394       124.8      -102823.5569      -113.0825 17m45s/Msamples
        1778000   -102935.6242       124.7      -102823.8221      -111.8020 17m45s/Msamples
        1779000   -102928.8118       124.7      -102828.5173      -100.2944 17m45s/Msamples
        1780000   -102923.7065       125.1      -102822.6969      -101.0095 17m45s/Msamples
        1781000   -102930.6552       125.1      -102825.5154      -105.1397 17m45s/Msamples
        1782000   -102921.2433       125.5      -102825.5708       -95.6725 17m45s/Msamples
        1783000   -102932.8440       125.5      -102835.9044       -96.9395 17m45s/Msamples
        1784000   -102942.7556       125.3      -102847.2732       -95.4824 17m45s/Msamples
        1785000   -102930.0267       125.4      -102833.2733       -96.7533 17m45s/Msamples
        1786000   -102922.3366       125.8      -102832.9323       -89.4043 17m45s/Msamples
        1787000   -102928.1469       125.9      -102831.3973       -96.7495 17m45s/Msamples
        1788000   -102924.0166       126.1      -102828.5912       -95.4253 17m45s/Msamples
        1789000   -102917.5923       126.6      -102825.9696       -91.6226 17m45s/Msamples
        1790000   -102920.0754       126.9      -102828.3871       -91.6883 17m45s/Msamples
        1791000   -102918.0943       127.2      -102828.9633       -89.1309 17m45s/Msamples
        1792000   -102917.3594       127.5      -102829.0174       -88.3420 17m45s/Msamples
        1793000   -102921.9596       127.6      -102829.4124       -92.5471 17m45s/Msamples
        1794000   -102924.2916       127.7      -102830.6307       -93.6608 17m45s/Msamples
        1795000   -102921.6193       127.8      -102828.4457       -93.1736 17m45s/Msamples
        1796000   -102911.0969       128.0      -102825.3960       -85.7009 17m45s/Msamples
        1797000   -102915.2008       128.1      -102830.5173       -84.6835 17m45s/Msamples
        1798000   -102911.6780       128.2      -102828.5207       -83.1572 17m45s/Msamples
        1799000   -102918.0841       128.2      -102839.6286       -78.4555 17m45s/Msamples
        1800000   -102933.3173       128.3      -102838.9729       -94.3443 17m45s/Msamples
        1801000   -102913.8188       128.3      -102826.9728       -86.8459 17m45s/Msamples
        1802000   -102923.3105       128.3      -102833.1652       -90.1453 17m45s/Msamples
        1803000   -102914.6490       128.3      -102833.1144       -81.5346 17m45s/Msamples
        1804000   -102923.2876       128.3      -102834.5669       -88.7207 17m45s/Msamples
        1805000   -102920.8883       128.2      -102833.6052       -87.2831 17m45s/Msamples
        1806000   -102914.4564       128.1      -102831.1073       -83.3490 17m45s/Msamples
        1807000   -102911.4958       128.0      -102826.2262       -85.2696 17m45s/Msamples
        1808000   -102919.8134       127.9      -102828.8303       -90.9831 17m45s/Msamples
        1809000   -102913.1928       127.8      -102823.7798       -89.4130 17m45s/Msamples
        1810000   -102919.4647       127.7      -102826.0513       -93.4134 17m45s/Msamples
        1811000   -102911.9414       127.5      -102821.1426       -90.7987 17m45s/Msamples
        1812000   -102921.2662       127.4      -102830.5878       -90.6783 17m45s/Msamples
        1813000   -102933.9079       127.6      -102836.8259       -97.0819 17m45s/Msamples
        1814000   -102918.2772       127.4      -102832.8284       -85.4487 17m45s/Msamples
        1815000   -102918.9820       127.3      -102827.2005       -91.7815 17m45s/Msamples
        1816000   -102919.8912       127.1      -102831.4434       -88.4477 17m45s/Msamples
        1817000   -102921.3717       127.0      -102829.0468       -92.3249 17m45s/Msamples
        1818000   -102928.1332       127.1      -102827.3353      -100.7978 17m45s/Msamples
        1819000   -102929.6473       127.1      -102825.2427      -104.4045 17m45s/Msamples
        1820000   -102928.6947       127.1      -102827.6322      -101.0625 17m45s/Msamples
        1821000   -102910.9051       126.9      -102821.1193       -89.7858 17m45s/Msamples
        1822000   -102914.5056       126.7      -102828.5347       -85.9708 17m45s/Msamples
        1823000   -102905.7846       126.5      -102821.8441       -83.9405 17m45s/Msamples
        1824000   -102915.8801       126.4      -102829.0158       -86.8643 17m45s/Msamples
        1825000   -102915.4061       126.2      -102822.0294       -93.3767 17m45s/Msamples
        1826000   -102924.0978       126.1      -102828.1222       -95.9755 17m45s/Msamples
        1827000   -102913.7681       125.9      -102825.3186       -88.4494 17m45s/Msamples
        1828000   -102923.9772       125.9      -102829.9404       -94.0368 17m45s/Msamples
        1829000   -102928.5301       125.9      -102828.8334       -99.6966 17m45s/Msamples
        1830000   -102929.9493       126.0      -102835.0279       -94.9214 17m45s/Msamples
        1831000   -102918.7356       125.8      -102826.1527       -92.5829 17m45s/Msamples
        1832000   -102921.6029       125.7      -102822.0848       -99.5181 17m45s/Msamples
        1833000   -102924.5047       125.7      -102827.7356       -96.7691 17m45s/Msamples
        1834000   -102924.4678       125.7      -102827.4509       -97.0169 17m45s/Msamples
        1835000   -102919.9790       125.6      -102828.2412       -91.7377 17m45s/Msamples
        1836000   -102905.4685       125.5      -102818.8278       -86.6406 17m45s/Msamples
        1837000   -102914.8477       125.4      -102825.5355       -89.3121 17m45s/Msamples
        1838000   -102916.5846       125.2      -102826.0230       -90.5615 17m45s/Msamples
        1839000   -102920.7826       125.1      -102830.5402       -90.2423 17m45s/Msamples
        1840000   -102911.1166       124.9      -102819.6548       -91.4618 17m45s/Msamples
        1841000   -102908.0763       124.7      -102825.1759       -82.9004 17m45s/Msamples
        1842000   -102910.5867       124.5      -102824.2770       -86.3097 17m45s/Msamples
        1843000   -102912.6343       124.3      -102824.0738       -88.5604 17m45s/Msamples
        1844000   -102912.3161       124.1      -102822.2904       -90.0256 17m45s/Msamples
        1845000   -102915.5885       123.9      -102824.3433       -91.2451 17m45s/Msamples
        1846000   -102912.4880       123.7      -102825.4303       -87.0577 17m45s/Msamples
        1847000   -102913.5080       123.4      -102821.4000       -92.1079 17m45s/Msamples
        1848000   -102920.0763       123.3      -102823.4077       -96.6685 17m45s/Msamples
        1849000   -102919.6295       122.8      -102823.1413       -96.4882 17m45s/Msamples
        1850000   -102923.8579       122.7      -102828.2856       -95.5723 17m45s/Msamples
        1851000   -102907.7928       122.5      -102819.9632       -87.8295 17m45s/Msamples
        1852000   -102909.6810       122.3      -102820.6142       -89.0667 17m45s/Msamples
        1853000   -102910.8287       122.0      -102821.4944       -89.3343 17m45s/Msamples
        1854000   -102916.7414       121.8      -102820.2742       -96.4671 17m45s/Msamples
        1855000   -102908.5021       121.5      -102817.8715       -90.6305 17m45s/Msamples
        1856000   -102906.9523       121.2      -102818.6091       -88.3431 17m45s/Msamples
        1857000   -102907.5181       120.8      -102820.3131       -87.2050 17m45s/Msamples
        1858000   -102897.8603       120.4      -102814.5119       -83.3483 17m45s/Msamples
        1859000   -102911.0391       119.7      -102824.0582       -86.9808 17m45s/Msamples
        1860000   -102910.5638       119.3      -102824.2906       -86.2731 17m45s/Msamples
        1861000   -102912.1795       119.0      -102822.6237       -89.5558 17m45s/Msamples
        1862000   -102921.3819       118.8      -102836.1853       -85.1965 17m45s/Msamples
        1863000   -102916.7080       118.5      -102829.4782       -87.2297 17m45s/Msamples
        1864000   -102928.4569       118.5      -102839.2428       -89.2141 17m45s/Msamples
        1865000   -102925.3375       118.5      -102830.5163       -94.8211 17m45s/Msamples
        1866000   -102932.9231       118.7      -102835.3648       -97.5582 17m45s/Msamples
        1867000   -102931.7315       118.8      -102836.0769       -95.6546 17m45s/Msamples
        1868000   -102934.2644       119.0      -102835.2850       -98.9793 17m45s/Msamples
        1869000   -102925.4189       118.9      -102828.9675       -96.4514 17m45s/Msamples
        1870000   -102926.9278       118.9      -102829.9456       -96.9822 17m45s/Msamples
        1871000   -102942.0531       119.3      -102834.5396      -107.5134 17m45s/Msamples
        1872000   -102940.9370       119.7      -102838.2451      -102.6918 17m45s/Msamples
        1873000   -102945.3668       120.2      -102841.9973      -103.3695 17m45s/Msamples
        1874000   -102940.2184       120.5      -102839.0794      -101.1389 17m45s/Msamples
        1875000   -102935.2576       120.7      -102832.4342      -102.8233 17m45s/Msamples
        1876000   -102919.8188       120.7      -102822.0686       -97.7501 17m45s/Msamples
        1877000   -102919.2509       120.6      -102824.0389       -95.2119 17m45s/Msamples
        1878000   -102914.8244       120.6      -102823.8541       -90.9703 17m45s/Msamples
        1879000   -102923.0880       120.6      -102834.1226       -88.9654 17m45s/Msamples
        1880000   -102920.0562       120.6      -102829.5189       -90.5373 17m45s/Msamples
        1881000   -102932.6381       120.7      -102839.3049       -93.3332 17m45s/Msamples
        1882000   -102939.5553       120.9      -102840.6674       -98.8879 17m45s/Msamples
        1883000   -102931.5520       121.0      -102836.5898       -94.9622 17m45s/Msamples
        1884000   -102928.3739       121.1      -102831.4513       -96.9225 17m45s/Msamples
        1885000   -102924.3284       121.1      -102834.6001       -89.7282 17m45s/Msamples
        1886000   -102922.4422       121.2      -102825.9059       -96.5363 17m45s/Msamples
        1887000   -102918.7290       121.3      -102821.5750       -97.1540 17m45s/Msamples
        1888000   -102930.3789       121.4      -102830.0914      -100.2875 17m45s/Msamples
        1889000   -102924.7293       121.4      -102825.2993       -99.4299 17m44s/Msamples
        1890000   -102927.1860       121.4      -102823.6514      -103.5346 17m45s/Msamples
        1891000   -102932.2256       121.5      -102827.4210      -104.8046 17m45s/Msamples
        1892000   -102939.8592       121.6      -102832.5554      -107.3038 17m45s/Msamples
        1893000   -102926.2330       121.7      -102830.0483       -96.1846 17m45s/Msamples
        1894000   -102929.6695       121.8      -102829.2775      -100.3919 17m44s/Msamples
        1895000   -102922.1491       121.9      -102826.3897       -95.7594 17m44s/Msamples
        1896000   -102909.0594       122.1      -102821.8543       -87.2051 17m44s/Msamples
        1897000   -102918.0589       122.2      -102831.4986       -86.5602 17m44s/Msamples
        1898000   -102919.2005       122.3      -102825.3140       -93.8865 17m44s/Msamples
        1899000   -102923.3369       122.3      -102828.3733       -94.9635 17m44s/Msamples
        1900000   -102917.7819       122.4      -102822.1210       -95.6609 17m44s/Msamples
        1901000   -102925.8926       122.5      -102827.7051       -98.1875 17m44s/Msamples
        1902000   -102932.5224       122.6      -102828.9675      -103.5549 17m44s/Msamples
        1903000   -102942.7881       122.8      -102832.2965      -110.4915 17m44s/Msamples
        1904000   -102929.1280       122.9      -102830.6236       -98.5044 17m44s/Msamples
        1905000   -102941.7915       123.1      -102835.2432      -106.5483 17m45s/Msamples
        1906000   -102942.9319       123.3      -102836.7995      -106.1323 17m45s/Msamples
        1907000   -102945.0899       123.6      -102844.1857      -100.9041 17m45s/Msamples
        1908000   -102939.4070       123.7      -102839.8017       -99.6052 17m45s/Msamples
        1909000   -102943.6962       123.8      -102839.2913      -104.4048 17m45s/Msamples
        1910000   -102931.0234       123.9      -102833.9630       -97.0603 17m44s/Msamples
        1911000   -102929.7057       124.0      -102828.7960      -100.9097 17m44s/Msamples
        1912000   -102937.6717       124.1      -102833.8965      -103.7752 17m44s/Msamples
        1913000   -102942.4055       124.2      -102834.2183      -108.1872 17m44s/Msamples
        1914000   -102929.2283       124.3      -102829.8274       -99.4008 17m44s/Msamples
        1915000   -102930.2099       124.4      -102828.0574      -102.1525 17m44s/Msamples
        1916000   -102928.2232       124.5      -102825.8518      -102.3714 17m44s/Msamples
        1917000   -102914.7473       124.7      -102821.1596       -93.5877 17m44s/Msamples
        1918000   -102912.8436       124.9      -102819.8480       -92.9956 17m44s/Msamples
        1919000   -102910.3792       125.0      -102817.6045       -92.7747 17m44s/Msamples
        1920000   -102912.1677       125.2      -102822.5719       -89.5958 17m44s/Msamples
        1921000   -102909.4178       125.4      -102825.4307       -83.9871 17m44s/Msamples
        1922000   -102908.9646       125.6      -102824.3687       -84.5959 17m44s/Msamples
        1923000   -102900.5284       125.9      -102817.3212       -83.2071 17m44s/Msamples
        1924000   -102928.0502       126.0      -102833.5083       -94.5418 17m44s/Msamples
        1925000   -102910.2042       126.1      -102821.4908       -88.7133 17m44s/Msamples
        1926000   -102919.2529       126.1      -102825.4667       -93.7861 17m44s/Msamples
        1927000   -102924.1774       126.2      -102828.0812       -96.0962 17m44s/Msamples
        1928000   -102928.9029       126.3      -102829.2400       -99.6629 17m44s/Msamples
        1929000   -102918.7277       126.2      -102824.7430       -93.9847 17m44s/Msamples
        1930000   -102918.1945       126.2      -102822.7441       -95.4503 17m44s/Msamples
        1931000   -102924.6082       126.3      -102826.0197       -98.5885 17m44s/Msamples
        1932000   -102923.7497       126.3      -102828.6933       -95.0564 17m44s/Msamples
        1933000   -102917.9836       126.3      -102825.6679       -92.3156 17m44s/Msamples
        1934000   -102918.1275       126.3      -102828.5386       -89.5888 17m44s/Msamples
        1935000   -102920.4123       126.3      -102828.7093       -91.7030 17m44s/Msamples
        1936000   -102908.5074       126.3      -102822.9695       -85.5378 17m44s/Msamples
        1937000   -102913.8603       126.2      -102819.8251       -94.0352 17m44s/Msamples
        1938000   -102915.1826       126.1      -102825.1957       -89.9869 17m44s/Msamples
        1939000   -102909.5731       125.8      -102825.7924       -83.7806 17m44s/Msamples
        1940000   -102911.6779       125.6      -102825.6133       -86.0646 17m44s/Msamples
        1941000   -102928.4187       125.7      -102829.2006       -99.2181 17m44s/Msamples
        1942000   -102914.9190       125.5      -102827.4922       -87.4267 17m44s/Msamples
        1943000   -102924.3419       125.4      -102830.5781       -93.7638 17m44s/Msamples
        1944000   -102918.7231       125.3      -102829.8010       -88.9220 17m44s/Msamples
        1945000   -102918.3727       125.1      -102826.5691       -91.8036 17m44s/Msamples
        1946000   -102910.4817       124.8      -102828.3279       -82.1537 17m44s/Msamples
        1947000   -102911.4023       124.6      -102830.8158       -80.5865 17m44s/Msamples
        1948000   -102890.0841       124.4      -102816.1655       -73.9185 17m44s/Msamples
        1949000   -102889.9208       123.9      -102812.8336       -77.0871 17m44s/Msamples
        1950000   -102897.1406       123.5      -102818.0686       -79.0719 17m44s/Msamples
        1951000   -102910.5052       123.2      -102822.5978       -87.9073 17m44s/Msamples
        1952000   -102908.2615       122.9      -102821.5194       -86.7420 17m44s/Msamples
        1953000   -102903.7906       122.5      -102816.7927       -86.9978 17m44s/Msamples
        1954000   -102905.6540       122.2      -102818.1168       -87.5371 17m44s/Msamples
        1955000   -102923.9465       122.1      -102827.6296       -96.3168 17m44s/Msamples
        1956000   -102925.0385       122.0      -102830.9568       -94.0817 17m44s/Msamples
        1957000   -102932.1095       122.2      -102828.2993      -103.8101 17m44s/Msamples
        1958000   -102930.9876       122.3      -102831.1642       -99.8233 17m44s/Msamples
        1959000   -102936.8526       122.3      -102833.3050      -103.5475 17m44s/Msamples
        1960000   -102927.8200       122.3      -102830.4171       -97.4028 17m44s/Msamples
        1961000   -102913.0220       122.0      -102826.2765       -86.7454 17m44s/Msamples
        1962000   -102911.8299       121.7      -102828.2073       -83.6225 17m44s/Msamples
        1963000   -102923.8439       121.7      -102831.6745       -92.1694 17m44s/Msamples
        1964000   -102920.7740       121.5      -102832.7508       -88.0232 17m44s/Msamples
        1965000   -102942.6046       122.0      -102836.8653      -105.7392 17m44s/Msamples
        1966000   -102928.2309       122.1      -102827.5586      -100.6722 17m44s/Msamples
        1967000   -102927.5666       122.1      -102830.9297       -96.6369 17m44s/Msamples
        1968000   -102918.5156       122.0      -102827.5201       -90.9955 17m44s/Msamples
        1969000   -102923.1077       121.5      -102829.6709       -93.4368 17m44s/Msamples
        1970000   -102921.0373       121.4      -102829.8248       -91.2124 17m44s/Msamples
        1971000   -102912.2984       121.3      -102827.6944       -84.6039 17m44s/Msamples
        1972000   -102907.2919       121.0      -102819.9064       -87.3855 17m44s/Msamples
        1973000   -102906.2680       120.8      -102824.4383       -81.8297 17m44s/Msamples
        1974000   -102914.2938       120.6      -102821.8180       -92.4758 17m44s/Msamples
        1975000   -102912.5941       120.4      -102821.6940       -90.9001 17m44s/Msamples
        1976000   -102905.9185       120.2      -102813.6233       -92.2951 17m44s/Msamples
        1977000   -102894.7540       119.9      -102819.0130       -75.7410 17m44s/Msamples
        1978000   -102911.4174       119.7      -102826.9422       -84.4752 17m44s/Msamples
        1979000   -102923.4289       119.5      -102840.0630       -83.3659 17m44s/Msamples
        1980000   -102900.3194       119.3      -102826.2625       -74.0568 17m44s/Msamples
        1981000   -102908.8437       101.0      -102824.2366       -84.6071 17m44s/Msamples
        1982000   -102918.5326       100.7      -102829.6957       -88.8368 17m44s/Msamples
        1983000   -102924.1155       100.5      -102835.6293       -88.4862 17m44s/Msamples
        1984000   -102907.6707        99.9      -102829.0714       -78.5993 17m44s/Msamples
        1985000   -102923.1817        99.7      -102834.8198       -88.3619 17m44s/Msamples
        1986000   -102919.4200        99.4      -102834.2017       -85.2183 17m44s/Msamples
        1987000   -102914.1650        99.0      -102828.4597       -85.7053 17m44s/Msamples
        1988000   -102887.1961        98.1      -102815.7335       -71.4626 17m44s/Msamples
        1989000   -102895.8921        97.0      -102821.4462       -74.4458 17m44s/Msamples
        1990000   -102906.0526        96.4      -102820.3333       -85.7193 17m44s/Msamples
        1991000   -102898.8309        95.6      -102818.6725       -80.1584 17m44s/Msamples
        1992000   -102900.3996        94.9      -102824.6127       -75.7868 17m44s/Msamples
        1993000   -102902.1313        94.1      -102823.7830       -78.3483 17m44s/Msamples
        1994000   -102911.7174        93.6      -102827.3249       -84.3925 17m44s/Msamples
        1995000   -102909.4873        93.1      -102827.6131       -81.8742 17m44s/Msamples
        1996000   -102916.5258        92.7      -102833.3119       -83.2138 17m44s/Msamples
        1997000   -102919.9500        92.4      -102835.8537       -84.0962 17m44s/Msamples
        1998000   -102916.2917        92.0      -102833.9622       -82.3295 17m44s/Msamples
        1999000   -102908.6300        91.3      -102827.5430       -81.0869 17m44s/Msamples
        2000000   -102914.2179        90.9      -102831.7283       -82.4896 17m44s/Msamples
        2001000   -102899.5033        90.1      -102825.8080       -73.6953 17m44s/Msamples
        2002000   -102907.7956        89.5      -102831.7704       -76.0251 17m44s/Msamples
        2003000   -102906.4901        88.9      -102825.0967       -81.3933 17m44s/Msamples
        2004000   -102910.3742        88.3      -102828.0528       -82.3213 17m44s/Msamples
        2005000   -102920.7344        88.1      -102827.0707       -93.6636 17m44s/Msamples
        2006000   -102927.3264        88.1      -102828.3504       -98.9759 17m44s/Msamples
        2007000   -102922.2195        87.9      -102831.8062       -90.4133 17m44s/Msamples
        2008000   -102913.2343        87.5      -102829.6606       -83.5737 17m44s/Msamples
        2009000   -102918.6640        87.2      -102826.3068       -92.3572 17m44s/Msamples
        2010000   -102921.8026        87.0      -102833.2372       -88.5654 17m44s/Msamples
        2011000   -102921.6043        86.8      -102833.4899       -88.1143 17m44s/Msamples
        2012000   -102924.3198        86.7      -102830.2349       -94.0848 17m44s/Msamples
        2013000   -102933.0217        86.9      -102838.5214       -94.5002 17m44s/Msamples
        2014000   -102923.9148        86.8      -102831.5461       -92.3686 17m44s/Msamples
        2015000   -102933.0843        87.0      -102840.2038       -92.8805 17m44s/Msamples
        2016000   -102911.5490        86.6      -102827.9400       -83.6090 17m44s/Msamples
        2017000   -102895.1450        85.8      -102825.1736       -69.9713 17m44s/Msamples
        2018000   -102910.0897        63.5      -102829.2498       -80.8399 17m44s/Msamples
        2019000   -102898.1215        62.9      -102826.9776       -71.1438 17m44s/Msamples
        2020000   -102906.2071        62.5      -102824.6866       -81.5205 17m44s/Msamples
        2021000   -102907.1187        62.1      -102832.4080       -74.7107 17m44s/Msamples
        2022000   -102905.8696        61.7      -102825.8799       -79.9897 17m44s/Msamples
        2023000   -102916.4227        61.5      -102834.3234       -82.0992 17m44s/Msamples
        2024000   -102920.6074        61.3      -102832.4471       -88.1602 17m44s/Msamples
        2025000   -102910.4081        61.0      -102829.9465       -80.4615 17m44s/Msamples
        2026000   -102895.5434        60.5      -102821.9299       -73.6134 17m44s/Msamples
        2027000   -102901.0855        60.0      -102822.2521       -78.8333 17m44s/Msamples
        2028000   -102903.1900        59.5      -102822.7495       -80.4405 17m44s/Msamples
        2029000   -102909.6318        59.0      -102827.6154       -82.0164 17m44s/Msamples
        2030000   -102906.6699        58.6      -102826.5587       -80.1112 17m44s/Msamples
        2031000   -102905.3847        58.2      -102826.2769       -79.1077 17m44s/Msamples
        2032000   -102909.4852        57.9      -102824.7801       -84.7050 17m44s/Msamples
        2033000   -102921.1222        57.7      -102833.7040       -87.4182 17m44s/Msamples
        2034000   -102915.2034        57.5      -102827.9007       -87.3027 17m44s/Msamples
        2035000   -102919.6915        57.3      -102827.7853       -91.9061 17m44s/Msamples
        2036000   -102896.2035        56.8      -102827.2722       -68.9312 17m44s/Msamples
        2037000   -102895.3312        56.3      -102824.2190       -71.1121 17m44s/Msamples
        2038000   -102903.3432        55.8      -102829.8687       -73.4744 17m44s/Msamples
        2039000   -102893.6744        55.2      -102826.0469       -67.6275 17m44s/Msamples
        2040000   -102903.1090        54.8      -102824.6393       -78.4697 17m44s/Msamples
        2041000   -102919.5126        54.6      -102832.3013       -87.2113 17m44s/Msamples
        2042000   -102918.7988        54.5      -102829.6386       -89.1602 17m44s/Msamples
        2043000   -102924.6651        54.4      -102834.4384       -90.2267 17m44s/Msamples
        2044000   -102910.8845        54.1      -102826.7699       -84.1146 17m44s/Msamples
        2045000   -102909.0716        53.7      -102828.0890       -80.9826 17m44s/Msamples
        2046000   -102907.6125        53.4      -102828.0309       -79.5815 17m44s/Msamples
        2047000   -102903.5539        53.0      -102826.7989       -76.7550 17m44s/Msamples
        2048000   -102925.7597        52.9      -102835.6892       -90.0705 17m44s/Msamples
        2049000   -102924.0539        52.7      -102829.3611       -94.6928 17m44s/Msamples
        2050000   -102925.2515        52.6      -102828.5691       -96.6823 17m44s/Msamples
        2051000   -102913.3346        52.4      -102824.2906       -89.0440 17m44s/Msamples
        2052000   -102914.3073        52.1      -102830.1929       -84.1144 17m44s/Msamples
        2053000   -102913.5869        51.9      -102827.8104       -85.7764 17m44s/Msamples
        2054000   -102918.7633        51.7      -102831.7036       -87.0597 17m44s/Msamples
        2055000   -102916.0737        51.5      -102828.2607       -87.8130 17m44s/Msamples
        2056000   -102918.7941        51.4      -102827.7782       -91.0159 17m44s/Msamples
        2057000   -102925.7147        51.3      -102833.6806       -92.0341 17m44s/Msamples
        2058000   -102912.6918        51.1      -102832.6033       -80.0884 17m44s/Msamples
        2059000   -102931.9251        51.0      -102834.6643       -97.2608 17m44s/Msamples
        2060000   -102932.0143        51.1      -102836.8806       -95.1337 17m44s/Msamples
        2061000   -102914.9238        50.9      -102826.3560       -88.5677 17m44s/Msamples
        2062000   -102913.5862        50.6      -102826.4536       -87.1326 17m44s/Msamples
        2063000   -102922.6444        50.5      -102829.8516       -92.7928 17m44s/Msamples
        2064000   -102924.4629        50.5      -102832.0273       -92.4355 17m44s/Msamples
        2065000   -102920.3987        50.3      -102831.8924       -88.5062 17m44s/Msamples
        2066000   -102922.7925        50.3      -102828.0497       -94.7428 17m44s/Msamples
        2067000   -102924.8795        50.2      -102831.6914       -93.1881 17m44s/Msamples
        2068000   -102906.2758        49.8      -102824.2070       -82.0687 17m44s/Msamples
        2069000   -102907.0240        49.4      -102827.1747       -79.8493 17m44s/Msamples
        2070000   -102913.5231        49.2      -102824.8050       -88.7180 17m44s/Msamples
        2071000   -102903.3592        48.8      -102823.2448       -80.1144 17m44s/Msamples
        2072000   -102909.2919        48.5      -102832.4533       -76.8386 17m44s/Msamples
        2073000   -102909.8811        48.2      -102827.4362       -82.4449 17m44s/Msamples
        2074000   -102897.3205        47.7      -102824.2571       -73.0634 17m44s/Msamples
        2075000   -102897.1181        47.3      -102823.3004       -73.8176 17m44s/Msamples
        2076000   -102902.1180        46.9      -102827.6240       -74.4939 17m44s/Msamples
        2077000   -102905.6811        46.6      -102827.7077       -77.9734 17m44s/Msamples
        2078000   -102913.3754        46.4      -102830.8691       -82.5062 17m44s/Msamples
        2079000   -102915.5160        46.1      -102828.2814       -87.2346 17m44s/Msamples
        2080000   -102899.2643        45.8      -102821.9459       -77.3183 17m44s/Msamples
        2081000   -102913.9635        45.5      -102824.4064       -89.5570 17m44s/Msamples
        2082000   -102913.5864        45.3      -102827.2805       -86.3059 17m44s/Msamples
        2083000   -102917.5161        45.2      -102828.9089       -88.6072 17m44s/Msamples
        2084000   -102906.2928        44.9      -102827.8054       -78.4873 17m44s/Msamples
        2085000   -102900.8697        44.5      -102822.2085       -78.6612 17m44s/Msamples
        2086000   -102890.1158        44.1      -102816.7381       -73.3777 17m44s/Msamples
        2087000   -102895.0704        43.7      -102821.2653       -73.8051 17m44s/Msamples
        2088000   -102901.2845        43.4      -102826.9271       -74.3574 17m44s/Msamples
        2089000   -102894.9355        42.9      -102824.5794       -70.3560 17m44s/Msamples
        2090000   -102906.5387        42.6      -102830.6889       -75.8497 17m44s/Msamples
        2091000   -102911.1158        42.4      -102832.3666       -78.7492 17m44s/Msamples
        2092000   -102914.6013        42.2      -102832.2767       -82.3245 17m44s/Msamples
        2093000   -102920.8261        42.1      -102833.9573       -86.8687 17m44s/Msamples
        2094000   -102913.5507        41.9      -102843.8103       -69.7404 17m44s/Msamples
        2095000   -102915.5253        41.7      -102839.2852       -76.2400 17m44s/Msamples
        2096000   -102921.3788        41.7      -102838.0623       -83.3165 17m44s/Msamples
        2097000   -102911.8090        41.4      -102831.5934       -80.2156 17m44s/Msamples
        2098000   -102908.3177        41.2      -102835.3980       -72.9196 17m44s/Msamples
        2099000   -102912.3213        41.0      -102834.1690       -78.1523 17m44s/Msamples
        2100000   -102912.2513        40.8      -102833.1323       -79.1189 17m44s/Msamples
        2101000   -102914.0033        40.6      -102834.7949       -79.2084 17m44s/Msamples
        2102000   -102908.8311        40.4      -102830.7012       -78.1298 17m44s/Msamples
        2103000   -102912.8087        40.2      -102828.8614       -83.9472 17m44s/Msamples
        2104000   -102908.1413        40.0      -102830.5053       -77.6360 17m44s/Msamples
        2105000   -102915.8288        39.9      -102840.3670       -75.4618 17m44s/Msamples
        2106000   -102899.1103        39.6      -102826.6817       -72.4286 17m44s/Msamples
        2107000   -102913.2085        38.8      -102832.0824       -81.1261 17m44s/Msamples
        2108000   -102915.5893        38.6      -102832.9475       -82.6418 17m44s/Msamples
        2109000   -102909.9040        38.4      -102832.1944       -77.7095 17m43s/Msamples
        2110000   -102909.3977        38.2      -102829.2243       -80.1734 17m43s/Msamples
        2111000   -102912.4892        38.0      -102831.7648       -80.7244 17m43s/Msamples
        2112000   -102924.6775        38.0      -102836.9771       -87.7004 17m43s/Msamples
        2113000   -102907.0924        37.7      -102831.8083       -75.2841 17m44s/Msamples
        2114000   -102908.7374        37.5      -102829.6143       -79.1230 17m44s/Msamples
        2115000   -102909.9022        37.3      -102836.6936       -73.2085 17m44s/Msamples
        2116000   -102900.0254        37.0      -102835.1200       -64.9053 17m44s/Msamples
        2117000   -102885.6028        36.6      -102823.4693       -62.1335 17m44s/Msamples
        2118000   -102890.2013        36.3      -102825.0564       -65.1448 17m44s/Msamples
        2119000   -102896.3401        35.9      -102833.7984       -62.5416 17m44s/Msamples
        2120000   -102895.8119        35.6      -102831.0749       -64.7370 17m44s/Msamples
        2121000   -102901.3303        35.4      -102823.8030       -77.5273 17m44s/Msamples
        2122000   -102912.6347        35.2      -102830.6061       -82.0286 17m44s/Msamples
        2123000   -102919.5207        35.1      -102833.9964       -85.5243 17m44s/Msamples
        2124000   -102915.1993        35.0      -102837.3759       -77.8233 17m44s/Msamples
        2125000   -102932.9065        35.1      -102852.7773       -80.1291 17m44s/Msamples
        2126000   -102926.4094        35.1      -102845.2147       -81.1947 17m44s/Msamples
        2127000   -102924.1624        35.0      -102842.0085       -82.1538 17m44s/Msamples
        2128000   -102924.8390        35.0      -102840.2697       -84.5693 17m44s/Msamples
        2129000   -102908.1486        34.8      -102828.6936       -79.4550 17m44s/Msamples
        2130000   -102899.5088        34.5      -102821.9430       -77.5657 17m44s/Msamples
        2131000   -102909.4262        34.3      -102825.3710       -84.0552 17m44s/Msamples
        2132000   -102905.2023        34.1      -102826.3168       -78.8855 17m44s/Msamples
        2133000   -102909.0912        33.9      -102825.4230       -83.6681 17m44s/Msamples
        2134000   -102912.3745        33.8      -102827.3441       -85.0304 17m44s/Msamples
        2135000   -102918.9468        33.7      -102831.7769       -87.1699 17m44s/Msamples
        2136000   -102918.2088        33.6      -102830.7802       -87.4285 17m44s/Msamples
        2137000   -102894.5441        33.3      -102824.5659       -69.9781 17m44s/Msamples
        2138000   -102909.0038        33.1      -102827.9686       -81.0352 17m44s/Msamples
        2139000   -102899.4646        32.9      -102832.5599       -66.9047 17m43s/Msamples
        2140000   -102887.2282        32.6      -102827.9400       -59.2882 17m43s/Msamples
        2141000   -102912.3957        32.4      -102830.3214       -82.0743 17m43s/Msamples
        2142000   -102900.5719        32.2      -102828.6677       -71.9041 17m43s/Msamples
        2143000   -102903.6265        32.0      -102832.1755       -71.4509 17m43s/Msamples
        2144000   -102912.6321        31.9      -102838.5063       -74.1257 17m44s/Msamples
        2145000   -102900.8635        31.6      -102835.9977       -64.8657 17m44s/Msamples
        2146000   -102909.8353        31.5      -102830.3318       -79.5035 17m44s/Msamples
        2147000   -102905.5066        31.3      -102831.0903       -74.4162 17m44s/Msamples
        2148000   -102907.5014        31.1      -102829.6299       -77.8715 17m43s/Msamples
        2149000   -102910.7592        31.0      -102829.8920       -80.8671 17m43s/Msamples
        2150000   -102915.2555        30.9      -102834.8599       -80.3956 17m43s/Msamples
        2151000   -102902.1420        30.7      -102826.6236       -75.5184 17m44s/Msamples
        2152000   -102913.8598        30.6      -102828.5575       -85.3023 17m43s/Msamples
        2153000   -102908.6986        30.4      -102831.8930       -76.8056 17m43s/Msamples
        2154000   -102905.3585        30.3      -102829.7044       -75.6541 17m43s/Msamples
        2155000   -102925.8368        30.3      -102835.5972       -90.2396 17m43s/Msamples
        2156000   -102912.1225        30.2      -102827.4202       -84.7022 17m43s/Msamples
        2157000   -102904.8799        30.0      -102825.8475       -79.0324 17m43s/Msamples
        2158000   -102917.1656        29.9      -102839.5224       -77.6431 17m43s/Msamples
        2159000   -102920.8203        29.9      -102836.2748       -84.5454 17m43s/Msamples
        2160000   -102913.4271        29.8      -102836.5474       -76.8796 17m43s/Msamples
        2161000   -102914.7215        29.7      -102835.8675       -78.8539 17m43s/Msamples
        2162000   -102914.7188        29.6      -102831.8943       -82.8245 17m43s/Msamples
        2163000   -102906.7263        29.4      -102826.4766       -80.2497 17m43s/Msamples
        2164000   -102902.1750        29.3      -102823.3391       -78.8359 17m43s/Msamples
        2165000   -102901.2653        29.1      -102821.6751       -79.5901 17m43s/Msamples
        2166000   -102903.6790        28.9      -102827.3840       -76.2950 17m43s/Msamples
        2167000   -102911.7853        28.8      -102830.0027       -81.7825 17m43s/Msamples
        2168000   -102914.5657        28.7      -102832.4750       -82.0906 17m43s/Msamples
        2169000   -102909.7372        28.6      -102831.5001       -78.2371 17m43s/Msamples
        2170000   -102920.9420        28.5      -102832.8294       -88.1125 17m43s/Msamples
        2171000   -102904.6911        28.4      -102824.0083       -80.6828 17m43s/Msamples
        2172000   -102911.2702        28.3      -102819.9888       -91.2813 17m43s/Msamples
        2173000   -102916.7537        28.2      -102826.9823       -89.7714 17m43s/Msamples
        2174000   -102909.8982        28.1      -102824.3280       -85.5701 17m43s/Msamples
        2175000   -102911.3586        28.0      -102819.7308       -91.6277 17m43s/Msamples
        2176000   -102895.1173        27.8      -102816.5605       -78.5567 17m43s/Msamples
        2177000   -102898.3085        27.6      -102821.9546       -76.3538 17m43s/Msamples
        2178000   -102907.6688        27.5      -102826.7545       -80.9142 17m43s/Msamples
        2179000   -102919.0573        27.4      -102835.4329       -83.6243 17m43s/Msamples
        2180000   -102913.9485        27.3      -102823.3852       -90.5632 17m43s/Msamples
        2181000   -102912.5171        27.2      -102822.9314       -89.5856 17m43s/Msamples
        2182000   -102915.3830        27.1      -102825.0627       -90.3203 17m43s/Msamples
        2183000   -102921.2405        27.1      -102824.2360       -97.0044 17m43s/Msamples
        2184000   -102918.1335        27.0      -102826.6562       -91.4772 17m43s/Msamples
        2185000   -102911.7940        27.0      -102821.7211       -90.0729 17m43s/Msamples
        2186000   -102924.6912        26.9      -102830.8277       -93.8635 17m43s/Msamples
        2187000   -102922.5969        26.9      -102827.3651       -95.2318 17m43s/Msamples
        2188000   -102917.6188        26.9      -102826.5996       -91.0191 17m43s/Msamples
        2189000   -102920.9880        26.8      -102829.2507       -91.7373 17m43s/Msamples
        2190000   -102919.1769        26.7      -102828.9592       -90.2176 17m43s/Msamples
        2191000   -102911.9841        26.6      -102822.1007       -89.8834 17m43s/Msamples
        2192000   -102923.5304        26.6      -102827.4600       -96.0703 17m43s/Msamples
        2193000   -102922.2513        26.6      -102831.2228       -91.0285 17m43s/Msamples
        2194000   -102905.5054        26.5      -102818.5406       -86.9648 17m43s/Msamples
        2195000   -102926.1386        26.5      -102833.2112       -92.9274 17m43s/Msamples
        2196000   -102926.6475        26.5      -102831.0487       -95.5987 17m43s/Msamples
        2197000   -102920.4934        26.5      -102827.4267       -93.0667 17m43s/Msamples
        2198000   -102925.1068        26.5      -102828.4197       -96.6870 17m43s/Msamples
        2199000   -102920.7072        26.4      -102827.2910       -93.4162 17m43s/Msamples
        2200000   -102922.2989        26.3      -102824.1335       -98.1654 17m43s/Msamples
        2201000   -102933.6140        26.4      -102830.4062      -103.2078 17m43s/Msamples
        2202000   -102920.8424        26.4      -102824.4419       -96.4005 17m43s/Msamples
        2203000   -102925.7561        26.4      -102829.6764       -96.0797 17m43s/Msamples
        2204000   -102913.0789        26.3      -102822.7021       -90.3767 17m43s/Msamples
        2205000   -102920.0982        26.3      -102826.3750       -93.7232 17m43s/Msamples
        2206000   -102929.4160        26.3      -102833.9626       -95.4533 17m43s/Msamples
        2207000   -102921.2734        26.3      -102827.0148       -94.2586 17m43s/Msamples
        2208000   -102908.8813        26.2      -102821.7790       -87.1022 17m43s/Msamples
        2209000   -102914.8999        26.1      -102825.3409       -89.5589 17m43s/Msamples
        2210000   -102915.4181        26.0      -102823.6926       -91.7255 17m43s/Msamples
        2211000   -102927.9252        26.1      -102831.2256       -96.6995 17m43s/Msamples
        2212000   -102935.6427        26.1      -102833.2420      -102.4006 17m43s/Msamples
        2213000   -102914.9653        26.1      -102830.4365       -84.5287 17m43s/Msamples
        2214000   -102908.5923        26.0      -102828.4569       -80.1354 17m43s/Msamples
        2215000   -102910.2668        24.7      -102825.7832       -84.4836 17m43s/Msamples
        2216000   -102918.8672        24.6      -102827.3940       -91.4732 17m43s/Msamples
        2217000   -102910.4450        24.5      -102823.7110       -86.7340 17m43s/Msamples
        2218000   -102904.3249        24.4      -102825.3141       -79.0108 17m43s/Msamples
        2219000   -102911.2861        24.3      -102822.0559       -89.2302 17m43s/Msamples
        2220000   -102906.3411        24.2      -102822.0307       -84.3103 17m43s/Msamples
        2221000   -102899.2131        24.0      -102818.3771       -80.8360 17m43s/Msamples
        2222000   -102906.4485        23.9      -102825.7658       -80.6826 17m43s/Msamples
        2223000   -102902.5954        23.8      -102819.2013       -83.3941 17m43s/Msamples
        2224000   -102918.5488        23.8      -102829.9545       -88.5942 17m43s/Msamples
        2225000   -102915.9729        23.7      -102817.2086       -98.7642 17m43s/Msamples
        2226000   -102910.5743        23.6      -102821.6744       -88.8998 17m43s/Msamples
        2227000   -102904.7779        23.5      -102823.5438       -81.2340 17m43s/Msamples
        2228000   -102909.5680        23.4      -102827.7288       -81.8392 17m43s/Msamples
        2229000   -102919.9249        23.4      -102830.6147       -89.3101 17m43s/Msamples
        2230000   -102920.7696        23.3      -102832.3019       -88.4677 17m43s/Msamples
        2231000   -102908.4249        23.2      -102825.6846       -82.7403 17m43s/Msamples
        2232000   -102917.2496        23.2      -102823.5616       -93.6879 17m43s/Msamples
        2233000   -102911.6212        23.1      -102819.0935       -92.5277 17m43s/Msamples
        2234000   -102915.6524        23.1      -102821.6313       -94.0211 17m43s/Msamples
        2235000   -102911.4081        23.0      -102822.6782       -88.7299 17m43s/Msamples
        2236000   -102907.7238        22.9      -102825.5252       -82.1986 17m43s/Msamples
        2237000   -102931.6986        22.9      -102837.8095       -93.8891 17m43s/Msamples
        2238000   -102911.5852        22.9      -102826.7784       -84.8068 17m43s/Msamples
        2239000   -102914.5685        22.8      -102824.5134       -90.0550 17m43s/Msamples
        2240000   -102911.0897        22.7      -102826.3758       -84.7138 17m43s/Msamples
        2241000   -102920.2761        22.7      -102825.3718       -94.9043 17m43s/Msamples
        2242000   -102919.2075        22.6      -102824.7331       -94.4744 17m43s/Msamples
        2243000   -102927.5204        22.7      -102823.8399      -103.6805 17m43s/Msamples
        2244000   -102920.0575        22.6      -102828.0630       -91.9944 17m43s/Msamples
        2245000   -102922.7731        22.6      -102822.7797       -99.9933 17m43s/Msamples
        2246000   -102913.2165        22.5      -102822.0582       -91.1583 17m43s/Msamples
        2247000   -102913.3495        22.5      -102818.3185       -95.0309 17m43s/Msamples
        2248000   -102922.4040        22.5      -102823.1820       -99.2220 17m43s/Msamples
        2249000   -102907.9233        22.4      -102817.4126       -90.5106 17m43s/Msamples
        2250000   -102912.1632        22.3      -102818.2429       -93.9203 17m43s/Msamples
        2251000   -102908.0599        22.2      -102822.1646       -85.8953 17m43s/Msamples
        2252000   -102906.2026        22.1      -102819.9790       -86.2236 17m43s/Msamples
        2253000   -102911.0030        22.1      -102821.7760       -89.2270 17m43s/Msamples
        2254000   -102912.0220        22.0      -102820.2177       -91.8043 17m43s/Msamples
        2255000   -102920.5054        22.0      -102824.2605       -96.2448 17m43s/Msamples
        2256000   -102930.5514        22.0      -102830.8646       -99.6867 17m43s/Msamples
        2257000   -102939.1915        22.1      -102834.6528      -104.5387 17m43s/Msamples
        2258000   -102935.7141        22.2      -102832.7843      -102.9298 17m43s/Msamples
        2259000   -102938.6187        22.2      -102835.1869      -103.4317 17m43s/Msamples
        2260000   -102927.2750        22.3      -102829.5754       -97.6995 17m43s/Msamples
        2261000   -102926.8900        22.3      -102829.1775       -97.7124 17m43s/Msamples
        2262000   -102927.2176        22.3      -102829.9255       -97.2921 17m43s/Msamples
        2263000   -102919.8838        22.2      -102827.4896       -92.3941 17m43s/Msamples
        2264000   -102925.4817        22.3      -102831.8976       -93.5841 17m43s/Msamples
        2265000   -102921.3342        22.2      -102831.9121       -89.4221 17m43s/Msamples
        2266000   -102920.7959        22.2      -102839.2265       -81.5694 17m43s/Msamples
        2267000   -102919.2411        22.2      -102831.2012       -88.0398 17m43s/Msamples
        2268000   -102943.3349        22.3      -102837.5076      -105.8272 17m43s/Msamples
        2269000   -102934.2954        22.4      -102834.6342       -99.6611 17m43s/Msamples
        2270000   -102919.0743        22.3      -102828.6118       -90.4624 17m43s/Msamples
        2271000   -102911.7455        22.3      -102825.9344       -85.8111 17m43s/Msamples
        2272000   -102931.9813        22.3      -102847.6477       -84.3336 17m43s/Msamples
        2273000   -102929.5092        22.3      -102842.7169       -86.7922 17m43s/Msamples
        2274000   -102930.8691        22.4      -102840.3025       -90.5666 17m43s/Msamples
        2275000   -102932.7969        22.4      -102843.6029       -89.1940 17m43s/Msamples
        2276000   -102938.0221        22.5      -102835.8737      -102.1483 17m43s/Msamples
        2277000   -102928.5293        22.5      -102841.2323       -87.2970 17m43s/Msamples
        2278000   -102929.5484        22.5      -102833.9313       -95.6170 17m43s/Msamples
        2279000   -102918.7239        22.5      -102827.2703       -91.4535 17m43s/Msamples
        2280000   -102925.9274        22.5      -102830.4487       -95.4787 17m43s/Msamples
        2281000   -102922.1263        22.5      -102833.6424       -88.4838 17m43s/Msamples
        2282000   -102921.1509        22.5      -102830.9124       -90.2385 17m43s/Msamples
        2283000   -102922.6103        22.5      -102827.0413       -95.5690 17m43s/Msamples
        2284000   -102909.7167        22.4      -102820.4415       -89.2752 17m43s/Msamples
        2285000   -102920.1151        22.4      -102836.5424       -83.5727 17m43s/Msamples
        2286000   -102912.3603        22.3      -102826.0130       -86.3473 17m43s/Msamples
        2287000   -102916.2540        22.3      -102828.4509       -87.8030 17m43s/Msamples
        2288000   -102927.3311        22.3      -102834.2078       -93.1232 17m43s/Msamples
        2289000   -102925.6292        22.3      -102833.1299       -92.4993 17m43s/Msamples
        2290000   -102920.7007        22.3      -102828.5549       -92.1458 17m43s/Msamples
        2291000   -102910.4542        21.9      -102828.4753       -81.9789 17m43s/Msamples
        2292000   -102926.2077        21.9      -102833.4715       -92.7361 17m43s/Msamples
        2293000   -102930.4065        22.0      -102833.3263       -97.0801 17m43s/Msamples
        2294000   -102931.7553        22.0      -102837.5698       -94.1855 17m43s/Msamples
        2295000   -102921.8484        22.0      -102832.5219       -89.3265 17m43s/Msamples
        2296000   -102922.6620        22.0      -102829.3040       -93.3580 17m43s/Msamples
        2297000   -102929.9215        22.0      -102834.4816       -95.4399 17m43s/Msamples
        2298000   -102937.9684        22.1      -102830.9740      -106.9943 17m43s/Msamples
        2299000   -102923.4971        22.0      -102825.8133       -97.6838 17m43s/Msamples
        2300000   -102917.4925        22.0      -102823.1645       -94.3279 17m43s/Msamples
        2301000   -102922.9558        22.0      -102826.4307       -96.5251 17m43s/Msamples
        2302000   -102924.9074        22.0      -102823.8711      -101.0363 17m43s/Msamples
        2303000   -102935.7837        22.1      -102822.1845      -113.5991 17m43s/Msamples
        2304000   -102939.0871        22.4      -102828.8898      -110.1972 17m43s/Msamples
        2305000   -102926.4793        22.5      -102824.1091      -102.3702 17m43s/Msamples
        2306000   -102929.3054        22.5      -102821.3911      -107.9142 17m43s/Msamples
        2307000   -102923.1038        22.5      -102825.6342       -97.4695 17m43s/Msamples
        2308000   -102916.9418        22.1      -102822.6739       -94.2679 17m43s/Msamples
        2309000   -102926.2158        22.1      -102835.6792       -90.5366 17m43s/Msamples
        2310000   -102929.4437        22.2      -102843.3508       -86.0928 17m43s/Msamples
        2311000   -102932.0474        22.5      -102837.1298       -94.9175 17m43s/Msamples
        2312000   -102927.6192        22.5      -102834.9570       -92.6622 17m43s/Msamples
        2313000   -102915.5454        22.2      -102826.0977       -89.4476 17m43s/Msamples
        2314000   -102918.0216        22.1      -102831.1929       -86.8287 17m43s/Msamples
        2315000   -102922.8000        22.1      -102830.7016       -92.0984 17m43s/Msamples
        2316000   -102923.8390        22.1      -102829.9533       -93.8857 17m43s/Msamples
        2317000   -102915.0982        22.1      -102823.0538       -92.0444 17m43s/Msamples
        2318000   -102915.2300        22.0      -102820.7147       -94.5152 17m43s/Msamples
        2319000   -102923.1910        22.0      -102820.8571      -102.3339 17m43s/Msamples
        2320000   -102933.4244        22.0      -102830.0803      -103.3441 17m43s/Msamples
        2321000   -102929.6316        22.1      -102823.4472      -106.1844 17m43s/Msamples
        2322000   -102933.2202        22.1      -102824.0218      -109.1983 17m43s/Msamples
        2323000   -102929.3270        22.1      -102827.7509      -101.5761 17m43s/Msamples
        2324000   -102935.8023        22.2      -102825.9308      -109.8714 17m43s/Msamples
        2325000   -102925.2521        22.2      -102825.0443      -100.2077 17m43s/Msamples
        2326000   -102925.8338        22.2      -102823.2287      -102.6051 17m43s/Msamples
        2327000   -102908.7632        22.1      -102826.4319       -82.3312 17m43s/Msamples
        2328000   -102911.9358        22.1      -102827.0483       -84.8874 17m43s/Msamples
        2329000   -102913.4387        22.0      -102829.3966       -84.0421 17m43s/Msamples
        2330000   -102917.1618        22.0      -102828.8065       -88.3552 17m43s/Msamples
        2331000   -102903.1457        21.9      -102824.6631       -78.4826 17m43s/Msamples
        2332000   -102916.2028        21.9      -102827.5385       -88.6642 17m43s/Msamples
        2333000   -102910.6261        21.8      -102820.3997       -90.2263 17m43s/Msamples
        2334000   -102913.2620        21.8      -102828.2919       -84.9701 17m43s/Msamples
        2335000   -102916.4100        21.7      -102825.2482       -91.1618 17m43s/Msamples
        2336000   -102928.7988        21.8      -102829.0210       -99.7778 17m43s/Msamples
        2337000   -102921.3637        21.8      -102828.4937       -92.8699 17m43s/Msamples
        2338000   -102929.2974        21.8      -102823.3050      -105.9924 17m43s/Msamples
        2339000   -102926.8522        21.8      -102829.9123       -96.9398 17m43s/Msamples
        2340000   -102925.9308        21.8      -102831.3594       -94.5713 17m43s/Msamples
        2341000   -102929.5822        21.8      -102829.5297      -100.0524 17m43s/Msamples
        2342000   -102923.7987        21.8      -102829.7838       -94.0148 17m43s/Msamples
        2343000   -102930.7580        21.8      -102837.1128       -93.6451 17m43s/Msamples
        2344000   -102923.3008        21.8      -102830.9618       -92.3390 17m43s/Msamples
        2345000   -102923.7133        21.8      -102833.9200       -89.7932 17m43s/Msamples
        2346000   -102932.2744        21.8      -102831.8915      -100.3829 17m43s/Msamples
        2347000   -102915.0983        21.8      -102824.2459       -90.8523 17m43s/Msamples
        2348000   -102927.5434        21.8      -102831.1383       -96.4051 17m43s/Msamples
        2349000   -102926.3442        21.8      -102830.3546       -95.9896 17m43s/Msamples
        2350000   -102922.1240        21.8      -102826.5813       -95.5426 17m43s/Msamples
        2351000   -102912.3817        21.8      -102826.3783       -86.0033 17m43s/Msamples
        2352000   -102913.2829        21.7      -102827.2264       -86.0564 17m43s/Msamples
        2353000   -102920.7168        21.7      -102836.8575       -83.8592 17m43s/Msamples
        2354000   -102906.3267        21.7      -102827.5557       -78.7709 17m43s/Msamples
        2355000   -102906.5335        21.6      -102822.6431       -83.8903 17m43s/Msamples
        2356000   -102905.4728        21.5      -102822.6216       -82.8512 17m43s/Msamples
        2357000   -102904.7266        21.5      -102821.3113       -83.4153 17m43s/Msamples
        2358000   -102900.7384        21.4      -102819.0249       -81.7134 17m43s/Msamples
        2359000   -102897.1147        21.3      -102825.8762       -71.2384 17m43s/Msamples
        2360000   -102909.8731        21.3      -102819.4101       -90.4630 17m43s/Msamples
        2361000   -102910.1582        21.2      -102820.0867       -90.0714 17m43s/Msamples
        2362000   -102918.5175        21.2      -102822.3923       -96.1252 17m43s/Msamples
        2363000   -102915.1926        21.2      -102821.4956       -93.6970 17m43s/Msamples
        2364000   -102913.4430        21.2      -102824.5881       -88.8549 17m43s/Msamples
        2365000   -102920.9898        21.1      -102838.8784       -82.1113 17m43s/Msamples
        2366000   -102910.5287        21.1      -102822.9663       -87.5623 17m43s/Msamples
        2367000   -102928.5846        21.1      -102826.6672      -101.9173 17m43s/Msamples
        2368000   -102918.1128        21.1      -102823.2197       -94.8930 17m43s/Msamples
        2369000   -102898.2432        21.0      -102817.5301       -80.7131 17m43s/Msamples
        2370000   -102896.0914        20.9      -102813.0160       -83.0754 17m43s/Msamples
        2371000   -102893.4642        20.9      -102817.2931       -76.1711 17m43s/Msamples
        2372000   -102899.7042        20.8      -102822.3859       -77.3182 17m43s/Msamples
        2373000   -102905.3123        20.8      -102821.7729       -83.5393 17m43s/Msamples
        2374000   -102896.0130        20.7      -102816.7659       -79.2471 17m43s/Msamples
        2375000   -102912.5292        20.7      -102820.5494       -91.9797 17m43s/Msamples
        2376000   -102917.6829        20.6      -102824.7271       -92.9558 17m43s/Msamples
        2377000   -102927.6955        20.7      -102827.5628      -100.1327 17m43s/Msamples
        2378000   -102918.3182        20.6      -102825.0962       -93.2219 17m43s/Msamples
        2379000   -102909.2467        20.6      -102821.0298       -88.2168 17m43s/Msamples
        2380000   -102900.2638        20.5      -102816.1761       -84.0877 17m43s/Msamples
        2381000   -102902.9081        20.5      -102814.6179       -88.2901 17m43s/Msamples
        2382000   -102906.9937        20.4      -102816.8318       -90.1619 17m43s/Msamples
        2383000   -102910.9593        20.4      -102820.9823       -89.9769 17m43s/Msamples
        2384000   -102918.3371        20.4      -102825.6604       -92.6766 17m43s/Msamples
        2385000   -102929.0936        20.4      -102829.5373       -99.5562 17m43s/Msamples
        2386000   -102931.5983        20.4      -102826.9393      -104.6590 17m43s/Msamples
        2387000   -102933.3965        20.4      -102833.3510      -100.0454 17m43s/Msamples
        2388000   -102924.3403        20.5      -102831.4794       -92.8609 17m43s/Msamples
        2389000   -102925.1378        20.4      -102832.5845       -92.5532 17m43s/Msamples
        2390000   -102921.2487        20.4      -102830.6628       -90.5858 17m43s/Msamples
        2391000   -102910.0931        20.4      -102828.6409       -81.4522 17m43s/Msamples
        2392000   -102905.3827        20.3      -102827.1060       -78.2767 17m43s/Msamples
        2393000   -102907.9566        20.3      -102825.8530       -82.1035 17m43s/Msamples
        2394000   -102909.5632        20.3      -102832.9518       -76.6114 17m43s/Msamples
        2395000   -102918.0061        20.2      -102836.0108       -81.9953 17m43s/Msamples
        2396000   -102916.1679        20.2      -102833.9426       -82.2252 17m43s/Msamples
        2397000   -102915.9294        20.2      -102829.6180       -86.3114 17m43s/Msamples
        2398000   -102910.5555        20.2      -102824.5672       -85.9883 17m43s/Msamples
        2399000   -102908.4618        20.1      -102824.2770       -84.1848 17m43s/Msamples
        2400000   -102918.7744        20.1      -102829.9424       -88.8320 17m43s/Msamples
        2401000   -102917.0725        20.1      -102827.0247       -90.0478 17m43s/Msamples
        2402000   -102926.8750        20.1      -102833.2585       -93.6164 17m43s/Msamples
        2403000   -102913.6119        20.1      -102831.2674       -82.3445 17m43s/Msamples
        2404000   -102909.0540        20.0      -102837.2187       -71.8353 17m43s/Msamples
        2405000   -102908.0526        20.0      -102831.0809       -76.9716 17m43s/Msamples
        2406000   -102895.9613        19.9      -102820.8129       -75.1484 17m43s/Msamples
        2407000   -102906.0592        19.9      -102825.6067       -80.4524 17m43s/Msamples
        2408000   -102901.2292        19.8      -102819.9509       -81.2782 17m43s/Msamples
        2409000   -102914.0093        19.8      -102827.4447       -86.5646 17m43s/Msamples
        2410000   -102907.5429        19.5      -102822.3654       -85.1774 17m43s/Msamples
        2411000   -102920.4927        19.5      -102826.8046       -93.6881 17m43s/Msamples
        2412000   -102916.3221        19.5      -102830.0079       -86.3141 17m43s/Msamples
        2413000   -102919.9763        19.5      -102828.1377       -91.8386 17m43s/Msamples
        2414000   -102902.9779        19.4      -102822.6264       -80.3515 17m43s/Msamples
        2415000   -102900.2740        19.4      -102821.3783       -78.8957 17m43s/Msamples
        2416000   -102895.0058        19.3      -102824.4904       -70.5154 17m43s/Msamples
        2417000   -102905.3414        19.3      -102828.0756       -77.2658 17m43s/Msamples
        2418000   -102917.8394        19.3      -102833.7620       -84.0773 17m43s/Msamples
        2419000   -102919.7483        19.2      -102828.9624       -90.7858 17m43s/Msamples
        2420000   -102924.9769        19.2      -102832.2302       -92.7467 17m43s/Msamples
        2421000   -102909.3955        19.2      -102831.9155       -77.4799 17m42s/Msamples
        2422000   -102912.0957        19.2      -102828.5353       -83.5603 17m42s/Msamples
        2423000   -102911.7448        19.1      -102828.9516       -82.7931 17m42s/Msamples
        2424000   -102907.0797        19.1      -102829.3602       -77.7194 17m42s/Msamples
        2425000   -102923.5036        19.1      -102838.0969       -85.4066 17m42s/Msamples
        2426000   -102922.1495        19.1      -102834.9290       -87.2204 17m42s/Msamples
        2427000   -102907.3494        19.0      -102823.4902       -83.8592 17m42s/Msamples
        2428000   -102914.9019        19.0      -102825.4497       -89.4521 17m42s/Msamples
        2429000   -102924.5393        19.0      -102829.4461       -95.0931 17m42s/Msamples
        2430000   -102928.5908        19.0      -102833.7771       -94.8137 17m42s/Msamples
        2431000   -102935.6802        19.1      -102839.0801       -96.6000 17m42s/Msamples
        2432000   -102932.4123        19.1      -102830.9350      -101.4773 17m42s/Msamples
        2433000   -102928.3850        19.1      -102827.7131      -100.6718 17m42s/Msamples
        2434000   -102921.3178        19.1      -102823.6045       -97.7132 17m42s/Msamples
        2435000   -102922.6609        19.1      -102819.9031      -102.7578 17m42s/Msamples
        2436000   -102921.9788        19.1      -102822.1797       -99.7990 17m42s/Msamples
        2437000   -102938.6285        19.2      -102833.9307      -104.6978 17m42s/Msamples
        2438000   -102924.2116        19.2      -102826.0358       -98.1758 17m43s/Msamples
        2439000   -102905.8067        19.1      -102824.1877       -81.6189 17m43s/Msamples
        2440000   -102907.6130        19.1      -102825.5931       -82.0199 17m43s/Msamples
        2441000   -102908.3657        19.0      -102827.1802       -81.1854 17m43s/Msamples
        2442000   -102906.0774        19.0      -102829.3712       -76.7062 17m43s/Msamples
        2443000   -102909.6244        19.0      -102827.0818       -82.5426 17m42s/Msamples
        2444000   -102901.5225        18.9      -102823.9245       -77.5979 17m42s/Msamples
        2445000   -102897.7527        18.9      -102823.4307       -74.3220 17m43s/Msamples
        2446000   -102901.9499        18.8      -102819.6678       -82.2820 17m43s/Msamples
        2447000   -102897.6091        18.8      -102821.2651       -76.3440 17m42s/Msamples
        2448000   -102895.6235        18.7      -102818.5453       -77.0782 17m43s/Msamples
        2449000   -102902.8460        18.7      -102822.8216       -80.0244 17m43s/Msamples
        2450000   -102902.9829        18.7      -102823.2614       -79.7214 17m42s/Msamples
        2451000   -102906.2371        18.6      -102830.3508       -75.8862 17m42s/Msamples
        2452000   -102907.1557        18.6      -102827.2911       -79.8646 17m42s/Msamples
        2453000   -102917.5225        18.6      -102831.2582       -86.2643 17m42s/Msamples
        2454000   -102915.8536        18.5      -102828.2120       -87.6416 17m43s/Msamples
        2455000   -102913.5739        18.5      -102828.5106       -85.0633 17m43s/Msamples
        2456000   -102914.4849        18.5      -102829.2169       -85.2680 17m43s/Msamples
        2457000   -102916.3830        18.5      -102828.5174       -87.8655 17m43s/Msamples
        2458000   -102925.5595        18.5      -102827.5258       -98.0337 17m43s/Msamples
        2459000   -102928.4734        18.5      -102829.7533       -98.7201 17m43s/Msamples
        2460000   -102920.1160        18.5      -102819.1896      -100.9263 17m43s/Msamples
        2461000   -102931.9125        18.5      -102830.8468      -101.0657 17m43s/Msamples
        2462000   -102920.0688        18.5      -102830.0963       -89.9724 17m43s/Msamples
        2463000   -102933.5321        18.5      -102837.0761       -96.4559 17m43s/Msamples
        2464000   -102921.8089        18.5      -102825.8941       -95.9147 17m43s/Msamples
        2465000   -102918.0015        18.5      -102828.2852       -89.7163 17m43s/Msamples
        2466000   -102917.9973        18.5      -102828.8403       -89.1569 17m43s/Msamples
        2467000   -102927.0455        18.5      -102832.1587       -94.8867 17m43s/Msamples
        2468000   -102912.2281        18.5      -102824.9242       -87.3039 17m43s/Msamples
        2469000   -102923.3794        18.5      -102826.0462       -97.3331 17m43s/Msamples
        2470000   -102931.5142        18.5      -102834.9163       -96.5978 17m43s/Msamples
        2471000   -102918.3128        18.5      -102825.3471       -92.9656 17m43s/Msamples
        2472000   -102912.0718        18.5      -102827.1119       -84.9598 17m43s/Msamples
        2473000   -102915.8019        18.5      -102829.0004       -86.8014 17m43s/Msamples
        2474000   -102906.0635        18.4      -102828.8073       -77.2562 17m43s/Msamples
        2475000   -102902.4755        18.4      -102827.6487       -74.8268 17m43s/Msamples
        2476000   -102899.8592        18.4      -102825.7170       -74.1422 17m43s/Msamples
        2477000   -102895.3661        18.3      -102824.4548       -70.9113 17m43s/Msamples
        2478000   -102899.4849        18.3      -102822.7327       -76.7522 17m43s/Msamples
        2479000   -102898.6680        18.3      -102823.8941       -74.7739 17m43s/Msamples
        2480000   -102890.3622        18.2      -102821.8897       -68.4725 17m43s/Msamples
        2481000   -102886.5076        18.2      -102821.0300       -65.4775 17m43s/Msamples
        2482000   -102897.6117        18.2      -102826.2973       -71.3143 17m43s/Msamples
        2483000   -102896.4401        18.1      -102824.2942       -72.1458 17m43s/Msamples
        2484000   -102904.5574        18.1      -102827.9025       -76.6548 17m43s/Msamples
        2485000   -102906.0412        18.1      -102827.0969       -78.9443 17m43s/Msamples
        2486000   -102899.8665        18.0      -102820.1734       -79.6931 17m43s/Msamples
        2487000   -102889.0224        18.0      -102824.4374       -64.5849 17m43s/Msamples
        2488000   -102882.0698        18.0      -102821.1442       -60.9256 17m43s/Msamples
        2489000   -102899.7193        17.9      -102836.7057       -63.0135 17m43s/Msamples
        2490000   -102887.8420        17.9      -102829.1093       -58.7326 17m43s/Msamples
        2491000   -102890.7999        17.2      -102824.6072       -66.1926 17m43s/Msamples
        2492000   -102888.1088        17.1      -102823.4858       -64.6229 17m43s/Msamples
        2493000   -102892.4150        17.1      -102825.8472       -66.5677 17m43s/Msamples
        2494000   -102893.6248        17.0      -102826.7831       -66.8417 17m43s/Msamples
        2495000   -102886.5243        16.9      -102824.0198       -62.5045 17m43s/Msamples
        2496000   -102899.4670        16.9      -102829.8088       -69.6582 17m43s/Msamples
        2497000   -102897.0355        16.8      -102828.7048       -68.3307 17m43s/Msamples
        2498000   -102891.0408        16.8      -102822.8011       -68.2396 17m43s/Msamples
        2499000   -102887.8817        16.7      -102825.5486       -62.3331 17m43s/Msamples
        2500000   -102900.3444        16.7      -102827.9427       -72.4016 17m43s/Msamples
        2501000   -102900.6936        16.6      -102825.8167       -74.8769 17m43s/Msamples
        2502000   -102904.4691        16.6      -102824.0650       -80.4041 17m43s/Msamples
        2503000   -102888.8250        16.5      -102820.6538       -68.1711 17m43s/Msamples
        2504000   -102893.4980        16.5      -102824.4092       -69.0888 17m43s/Msamples
        2505000   -102894.1752        16.4      -102820.4591       -73.7161 17m43s/Msamples
        2506000   -102904.9332        16.4      -102823.5703       -81.3628 17m43s/Msamples
        2507000   -102900.0995        16.3      -102820.1416       -79.9578 17m43s/Msamples
        2508000   -102907.4299        16.3      -102825.1919       -82.2380 17m43s/Msamples
        2509000   -102896.9101        16.2      -102821.7036       -75.2064 17m43s/Msamples
        2510000   -102888.3302        16.2      -102819.1767       -69.1534 17m43s/Msamples
        2511000   -102900.3955        16.1      -102819.9375       -80.4579 17m43s/Msamples
        2512000   -102891.6000        16.1      -102818.1277       -73.4722 17m43s/Msamples
        2513000   -102891.2502        16.0      -102818.1358       -73.1143 17m43s/Msamples
        2514000   -102897.0064        16.0      -102823.0525       -73.9538 17m43s/Msamples
        2515000   -102885.7720        15.8      -102824.1397       -61.6322 17m43s/Msamples
        2516000   -102889.0881        15.7      -102823.8319       -65.2561 17m43s/Msamples
        2517000   -102894.6977        15.7      -102823.4382       -71.2595 17m43s/Msamples
        2518000   -102903.4004        15.6      -102838.1127       -65.2877 17m43s/Msamples
        2519000   -102904.8296        15.6      -102837.9986       -66.8309 17m43s/Msamples
        2520000   -102901.6292        15.5      -102834.3654       -67.2637 17m43s/Msamples
        2521000   -102911.5825        15.5      -102843.1056       -68.4769 17m43s/Msamples
        2522000   -102910.3609        15.5      -102829.9695       -80.3913 17m43s/Msamples
        2523000   -102909.7575        15.4      -102832.1006       -77.6569 17m42s/Msamples
        2524000   -102894.0781        15.4      -102828.9374       -65.1406 17m43s/Msamples
        2525000   -102895.5513        15.3      -102823.0408       -72.5104 17m42s/Msamples
        2526000   -102897.9894        15.3      -102826.1482       -71.8411 17m42s/Msamples
        2527000   -102904.1637        15.2      -102829.8815       -74.2821 17m42s/Msamples
        2528000   -102904.6715        15.2      -102833.7402       -70.9312 17m42s/Msamples
        2529000   -102908.4710        15.2      -102836.1394       -72.3316 17m42s/Msamples
        2530000   -102917.5401        15.1      -102831.2768       -86.2633 17m42s/Msamples
        2531000   -102918.0841        15.1      -102834.9770       -83.1071 17m42s/Msamples
        2532000   -102898.8507        15.1      -102826.4465       -72.4041 17m42s/Msamples
        2533000   -102905.0633        15.0      -102830.2857       -74.7776 17m42s/Msamples
        2534000   -102908.1816        15.0      -102830.9989       -77.1826 17m43s/Msamples
        2535000   -102900.6154        15.0      -102832.6910       -67.9244 17m43s/Msamples
        2536000   -102910.3583        14.9      -102829.1456       -81.2126 17m43s/Msamples
        2537000   -102910.1373        14.9      -102831.9524       -78.1849 17m43s/Msamples
        2538000   -102917.0691        14.9      -102831.9601       -85.1090 17m43s/Msamples
        2539000   -102916.6730        14.9      -102833.9253       -82.7476 17m43s/Msamples
        2540000   -102924.3539        14.9      -102839.8824       -84.4714 17m43s/Msamples
        2541000   -102926.8073        14.9      -102831.9883       -94.8189 17m43s/Msamples
        2542000   -102909.5454        14.9      -102829.3232       -80.2222 17m43s/Msamples
        2543000   -102901.0568        14.8      -102821.1054       -79.9513 17m43s/Msamples
        2544000   -102907.5340        14.8      -102829.6086       -77.9254 17m43s/Msamples
        2545000   -102898.8994        14.8      -102826.0094       -72.8899 17m43s/Msamples
        2546000   -102904.4248        14.7      -102828.3240       -76.1008 17m43s/Msamples
        2547000   -102897.8162        14.7      -102827.2238       -70.5924 17m43s/Msamples
        2548000   -102907.5228        14.7      -102828.5863       -78.9364 17m43s/Msamples
        2549000   -102917.0408        14.6      -102832.6853       -84.3554 17m43s/Msamples
        2550000   -102908.9897        14.6      -102830.4506       -78.5390 17m43s/Msamples
        2551000   -102895.4941        14.6      -102818.9830       -76.5111 17m43s/Msamples
        2552000   -102894.8399        14.5      -102820.9194       -73.9205 17m43s/Msamples
        2553000   -102915.1992        14.5      -102831.2884       -83.9108 17m43s/Msamples
        2554000   -102929.7495        14.5      -102836.9416       -92.8079 17m43s/Msamples
        2555000   -102923.9970        14.5      -102828.7016       -95.2954 17m43s/Msamples
        2556000   -102925.5868        14.5      -102829.1132       -96.4735 17m43s/Msamples
        2557000   -102925.0509        14.5      -102831.6301       -93.4208 17m43s/Msamples
        2558000   -102922.0109        14.5      -102824.5313       -97.4796 17m43s/Msamples
        2559000   -102913.4634        14.5      -102822.9490       -90.5144 17m43s/Msamples
        2560000   -102927.1836        14.5      -102831.7191       -95.4645 17m43s/Msamples
        2561000   -102919.1501        14.5      -102819.9995       -99.1506 17m43s/Msamples
        2562000   -102925.2498        14.5      -102833.2122       -92.0376 17m43s/Msamples
        2563000   -102913.7653        14.5      -102828.7248       -85.0404 17m43s/Msamples
        2564000   -102908.2464        14.5      -102822.0458       -86.2005 17m43s/Msamples
        2565000   -102910.6445        14.5      -102820.5224       -90.1221 17m43s/Msamples
        2566000   -102909.5424        14.4      -102824.8787       -84.6637 17m43s/Msamples
        2567000   -102916.8489        14.4      -102824.7054       -92.1435 17m43s/Msamples
        2568000   -102917.6168        14.4      -102824.5944       -93.0224 17m43s/Msamples
        2569000   -102914.5315        14.4      -102827.4141       -87.1173 17m43s/Msamples
        2570000   -102925.7355        14.4      -102832.4846       -93.2509 17m43s/Msamples
        2571000   -102923.1235        14.4      -102829.5568       -93.5666 17m43s/Msamples
        2572000   -102926.0344        14.4      -102833.2088       -92.8256 17m43s/Msamples
        2573000   -102908.1590        14.4      -102821.4983       -86.6607 17m43s/Msamples
        2574000   -102918.5565        14.4      -102827.0403       -91.5162 17m43s/Msamples
        2575000   -102909.1012        14.4      -102825.1735       -83.9276 17m43s/Msamples
        2576000   -102902.5417        14.3      -102822.0109       -80.5307 17m43s/Msamples
        2577000   -102904.3356        14.3      -102825.2137       -79.1218 17m43s/Msamples
        2578000   -102907.6513        14.3      -102826.4984       -81.1529 17m43s/Msamples
        2579000   -102901.0315        14.2      -102821.2826       -79.7488 17m43s/Msamples
        2580000   -102900.2732        14.2      -102821.4022       -78.8710 17m43s/Msamples
        2581000   -102900.6253        14.1      -102820.8212       -79.8040 17m43s/Msamples
        2582000   -102908.6761        14.1      -102823.9336       -84.7424 17m43s/Msamples
        2583000   -102910.6849        14.1      -102824.7290       -85.9558 17m43s/Msamples
        2584000   -102910.8201        14.1      -102827.4918       -83.3282 17m43s/Msamples
        2585000   -102931.9856        14.1      -102833.2809       -98.7046 17m43s/Msamples
        2586000   -102924.1543        14.1      -102838.9919       -85.1624 17m43s/Msamples
        2587000   -102921.5886        14.1      -102828.8542       -92.7344 17m43s/Msamples
        2588000   -102931.3390        14.1      -102835.4653       -95.8737 17m43s/Msamples
        2589000   -102929.0191        14.1      -102835.1548       -93.8642 17m43s/Msamples
        2590000   -102936.2838        14.2      -102834.8699      -101.4139 17m43s/Msamples
        2591000   -102923.4604        14.2      -102834.8329       -88.6275 17m43s/Msamples
        2592000   -102912.6343        14.2      -102833.4689       -79.1654 17m43s/Msamples
        2593000   -102913.4129        14.1      -102835.8303       -77.5826 17m43s/Msamples
        2594000   -102913.8844        14.1      -102834.8250       -79.0593 17m43s/Msamples
        2595000   -102908.7932        14.1      -102831.8189       -76.9742 17m43s/Msamples
        2596000   -102918.8386        14.1      -102836.1798       -82.6587 17m43s/Msamples
        2597000   -102929.6958        14.1      -102845.9496       -83.7461 17m43s/Msamples
        2598000   -102918.1484        14.1      -102838.6957       -79.4527 17m43s/Msamples
        2599000   -102921.5765        14.1      -102838.5573       -83.0192 17m43s/Msamples
        2600000   -102937.2564        14.1      -102844.1424       -93.1140 17m43s/Msamples
        2601000   -102934.7346        14.2      -102846.2687       -88.4658 17m43s/Msamples
        2602000   -102900.7493        14.1      -102818.4508       -82.2985 17m43s/Msamples
        2603000   -102904.7995        14.1      -102825.0509       -79.7486 17m43s/Msamples
        2604000   -102910.6041        14.1      -102823.2772       -87.3269 17m43s/Msamples
        2605000   -102896.3044        14.1      -102820.2100       -76.0943 17m43s/Msamples
        2606000   -102904.5638        14.0      -102825.1976       -79.3661 17m43s/Msamples
        2607000   -102901.9040        14.0      -102824.1640       -77.7400 17m43s/Msamples
        2608000   -102910.1663        14.0      -102830.3602       -79.8060 17m43s/Msamples
        2609000   -102914.8333        14.0      -102830.4516       -84.3816 17m43s/Msamples
        2610000   -102931.5307        14.0      -102834.7322       -96.7985 17m43s/Msamples
        2611000   -102933.7862        14.0      -102836.2814       -97.5047 17m43s/Msamples
        2612000   -102930.1988        14.1      -102833.4753       -96.7235 17m43s/Msamples
        2613000   -102935.9027        14.1      -102834.2980      -101.6046 17m43s/Msamples
        2614000   -102929.8193        14.1      -102834.3238       -95.4954 17m43s/Msamples
        2615000   -102929.6872        14.1      -102834.4166       -95.2706 17m43s/Msamples
        2616000   -102925.5803        14.1      -102835.6276       -89.9527 17m43s/Msamples
        2617000   -102923.7873        14.1      -102833.7519       -90.0354 17m43s/Msamples
        2618000   -102914.7585        14.1      -102830.4508       -84.3076 17m43s/Msamples
        2619000   -102903.3670        14.1      -102823.9914       -79.3756 17m43s/Msamples
        2620000   -102911.3984        14.1      -102825.5125       -85.8858 17m43s/Msamples
        2621000   -102907.9099        14.1      -102823.1074       -84.8024 17m43s/Msamples
        2622000   -102921.0665        14.1      -102832.6413       -88.4252 17m43s/Msamples
        2623000   -102907.6486        14.0      -102824.0321       -83.6164 17m43s/Msamples
        2624000   -102896.9355        12.8      -102822.7935       -74.1420 17m43s/Msamples
        2625000   -102898.8332        12.7      -102826.6647       -72.1685 17m43s/Msamples
        2626000   -102906.2650        12.7      -102832.4576       -73.8074 17m43s/Msamples
        2627000   -102912.0937        12.7      -102831.1298       -80.9639 17m43s/Msamples
        2628000   -102915.3739        12.7      -102828.6158       -86.7580 17m43s/Msamples
        2629000   -102920.1965        12.6      -102826.1556       -94.0408 17m43s/Msamples
        2630000   -102923.5409        12.7      -102829.6984       -93.8424 17m43s/Msamples
        2631000   -102909.6922        12.6      -102823.2031       -86.4891 17m43s/Msamples
        2632000   -102899.3961        12.6      -102822.7394       -76.6566 17m43s/Msamples
        2633000   -102920.8649        12.6      -102828.1425       -92.7224 17m43s/Msamples
        2634000   -102907.0724        12.6      -102828.1022       -78.9702 17m43s/Msamples
        2635000   -102924.5584        12.6      -102831.2114       -93.3470 17m43s/Msamples
        2636000   -102929.6919        12.6      -102833.7927       -95.8992 17m43s/Msamples
        2637000   -102915.1892        12.6      -102826.4714       -88.7178 17m43s/Msamples
        2638000   -102922.0458        12.6      -102823.8614       -98.1843 17m43s/Msamples
        2639000   -102916.1178        12.6      -102830.5271       -85.5906 17m43s/Msamples
        2640000   -102912.8634        12.5      -102822.0712       -90.7921 17m43s/Msamples
        2641000   -102922.3561        12.5      -102830.2220       -92.1341 17m43s/Msamples
        2642000   -102924.7526        12.5      -102830.4426       -94.3099 17m43s/Msamples
        2643000   -102914.8302        12.5      -102823.3756       -91.4545 17m43s/Msamples
        2644000   -102907.1407        12.5      -102824.0446       -83.0960 17m43s/Msamples
        2645000   -102912.2578        12.5      -102826.2253       -86.0324 17m43s/Msamples
        2646000   -102901.6682        12.4      -102821.8820       -79.7861 17m43s/Msamples
        2647000   -102914.8883        12.4      -102825.3612       -89.5270 17m43s/Msamples
        2648000   -102915.2307        12.4      -102823.5029       -91.7278 17m43s/Msamples
        2649000   -102913.8215        12.4      -102827.0440       -86.7775 17m43s/Msamples
        2650000   -102914.0773        12.4      -102827.8537       -86.2235 17m43s/Msamples
        2651000   -102913.4719        12.4      -102823.2803       -90.1915 17m43s/Msamples
        2652000   -102919.5504        12.4      -102830.4084       -89.1420 17m43s/Msamples
        2653000   -102926.4164        12.4      -102837.7496       -88.6668 17m43s/Msamples
        2654000   -102928.1319        12.4      -102837.3551       -90.7768 17m43s/Msamples
        2655000   -102938.2351        12.4      -102847.5766       -90.6584 17m43s/Msamples
        2656000   -102938.2307        12.5      -102840.6774       -97.5533 17m43s/Msamples
        2657000   -102932.4085        12.5      -102835.0384       -97.3700 17m43s/Msamples
        2658000   -102940.5889        12.5      -102831.9355      -108.6533 17m43s/Msamples
        2659000   -102946.6377        12.6      -102838.5629      -108.0748 17m43s/Msamples
        2660000   -102939.1832        12.6      -102833.3752      -105.8080 17m43s/Msamples
        2661000   -102933.3034        12.7      -102836.4266       -96.8767 17m43s/Msamples
        2662000   -102921.0868        12.7      -102831.6323       -89.4544 17m43s/Msamples
        2663000   -102928.7822        12.7      -102835.4563       -93.3258 17m43s/Msamples
        2664000   -102913.3589        12.7      -102832.7119       -80.6470 17m43s/Msamples
        2665000   -102913.0562        12.7      -102834.3340       -78.7222 17m43s/Msamples
        2666000   -102920.0684        12.7      -102833.0498       -87.0185 17m43s/Msamples
        2667000   -102917.8310        12.6      -102830.0192       -87.8117 17m43s/Msamples
        2668000   -102912.2931        12.6      -102828.2057       -84.0873 17m43s/Msamples
        2669000   -102906.7313        12.6      -102822.4759       -84.2554 17m43s/Msamples
        2670000   -102902.0297        12.6      -102823.2855       -78.7441 17m43s/Msamples
        2671000   -102908.0319        12.5      -102820.4467       -87.5852 17m43s/Msamples
        2672000   -102915.1927        12.5      -102821.9646       -93.2281 17m43s/Msamples
        2673000   -102923.1777        12.5      -102828.2786       -94.8990 17m43s/Msamples
        2674000   -102918.5961        12.5      -102830.5354       -88.0606 17m43s/Msamples
        2675000   -102916.3563        12.4      -102829.1464       -87.2099 17m43s/Msamples
        2676000   -102921.8351        12.4      -102831.1528       -90.6823 17m43s/Msamples
        2677000   -102933.8526        12.5      -102828.6785      -105.1740 17m43s/Msamples
        2678000   -102940.2621        12.6      -102826.7922      -113.4698 17m43s/Msamples
        2679000   -102924.6516        12.6      -102828.6451       -96.0065 17m43s/Msamples
        2680000   -102914.8326        12.6      -102823.2176       -91.6149 17m43s/Msamples
        2681000   -102930.8231        12.6      -102828.0220      -102.8011 17m43s/Msamples
        2682000   -102935.9218        12.6      -102828.9058      -107.0160 17m43s/Msamples
        2683000   -102932.5338        12.7      -102826.9978      -105.5360 17m43s/Msamples
        2684000   -102935.1765        12.7      -102830.2720      -104.9045 17m43s/Msamples
        2685000   -102922.1603        12.7      -102827.4613       -94.6990 17m43s/Msamples
        2686000   -102923.6805        12.7      -102830.1348       -93.5457 17m43s/Msamples
        2687000   -102912.4245        12.7      -102827.2734       -85.1510 17m43s/Msamples
        2688000   -102920.4890        12.7      -102825.2939       -95.1951 17m43s/Msamples
        2689000   -102926.9361        12.7      -102824.7123      -102.2237 17m43s/Msamples
        2690000   -102911.5312        12.7      -102814.7574       -96.7737 17m43s/Msamples
        2691000   -102915.7016        12.7      -102821.0618       -94.6398 17m43s/Msamples
        2692000   -102922.1344        12.7      -102824.9057       -97.2286 17m43s/Msamples
        2693000   -102924.8142        12.7      -102831.0770       -93.7372 17m43s/Msamples
        2694000   -102907.6908        12.6      -102820.4258       -87.2649 17m43s/Msamples
        2695000   -102916.5499        12.5      -102825.1761       -91.3737 17m43s/Msamples
        2696000   -102927.8682        12.6      -102835.1312       -92.7370 17m43s/Msamples
        2697000   -102922.9794        12.6      -102829.5807       -93.3986 17m43s/Msamples
        2698000   -102927.4315        12.6      -102831.9221       -95.5093 17m43s/Msamples
        2699000   -102942.0282        12.7      -102832.5459      -109.4823 17m43s/Msamples
        2700000   -102947.3175        12.8      -102833.1306      -114.1868 17m43s/Msamples
        2701000   -102950.1301        12.8      -102834.3202      -115.8099 17m43s/Msamples
        2702000   -102954.7395        12.9      -102839.2706      -115.4688 17m43s/Msamples
        2703000   -102943.2153        13.0      -102835.5003      -107.7149 17m43s/Msamples
        2704000   -102948.9850        13.1      -102841.6948      -107.2902 17m43s/Msamples
        2705000   -102933.6511        13.1      -102834.2694       -99.3816 17m43s/Msamples
        2706000   -102946.2803        13.2      -102840.3916      -105.8887 17m43s/Msamples
        2707000   -102944.2942        13.2      -102839.8567      -104.4375 17m43s/Msamples
        2708000   -102939.2578        13.3      -102840.5563       -98.7014 17m43s/Msamples
        2709000   -102928.7087        13.3      -102835.7658       -92.9428 17m43s/Msamples
        2710000   -102923.3200        13.3      -102831.0518       -92.2681 17m43s/Msamples
        2711000   -102930.5392        13.3      -102836.4764       -94.0628 17m43s/Msamples
        2712000   -102940.7637        13.3      -102836.3781      -104.3856 17m43s/Msamples
        2713000   -102934.6247        13.4      -102834.4059      -100.2187 17m43s/Msamples
        2714000   -102928.8814        13.4      -102832.1934       -96.6880 17m43s/Msamples
        2715000   -102926.3556        13.4      -102829.9738       -96.3818 17m43s/Msamples
        2716000   -102933.3897        13.4      -102834.2845       -99.1051 17m43s/Msamples
        2717000   -102936.9504        13.5      -102830.1113      -106.8390 17m43s/Msamples
        2718000   -102936.4450        13.5      -102839.8687       -96.5763 17m43s/Msamples
        2719000   -102919.7470        13.5      -102829.9157       -89.8312 17m43s/Msamples
        2720000   -102913.1158        13.5      -102825.2625       -87.8532 17m43s/Msamples
        2721000   -102914.5309        13.5      -102826.3015       -88.2293 17m43s/Msamples
        2722000   -102917.9300        13.5      -102826.1106       -91.8193 17m43s/Msamples
        2723000   -102921.4571        13.5      -102827.9359       -93.5211 17m43s/Msamples
        2724000   -102914.3862        13.4      -102824.8083       -89.5779 17m43s/Msamples
        2725000   -102914.4494        13.4      -102822.7166       -91.7327 17m43s/Msamples
        2726000   -102913.4828        13.4      -102823.2988       -90.1840 17m43s/Msamples
        2727000   -102911.2763        13.4      -102819.9735       -91.3027 17m43s/Msamples
        2728000   -102909.7781        13.4      -102822.3936       -87.3844 17m43s/Msamples
        2729000   -102908.0045        13.4      -102820.9922       -87.0123 17m43s/Msamples
        2730000   -102918.3867        13.4      -102824.5089       -93.8778 17m43s/Msamples
        2731000   -102925.2396        13.4      -102829.4511       -95.7885 17m43s/Msamples
        2732000   -102917.2160        13.4      -102825.2812       -91.9348 17m43s/Msamples
        2733000   -102914.3138        13.3      -102827.0790       -87.2348 17m43s/Msamples
        2734000   -102928.5085        13.4      -102832.5272       -95.9813 17m43s/Msamples
        2735000   -102926.1863        13.4      -102834.0588       -92.1274 17m43s/Msamples
        2736000   -102943.8926        13.4      -102843.2476      -100.6449 17m43s/Msamples
        2737000   -102946.0293        13.5      -102837.6793      -108.3500 17m43s/Msamples
        2738000   -102942.9574        13.5      -102833.6913      -109.2660 17m43s/Msamples
        2739000   -102925.9721        13.5      -102836.5744       -89.3976 17m43s/Msamples
        2740000   -102915.8278        13.5      -102831.1981       -84.6296 17m43s/Msamples
        2741000   -102917.2506        13.5      -102834.0402       -83.2103 17m43s/Msamples
        2742000   -102910.4748        13.5      -102822.7876       -87.6872 17m43s/Msamples
        2743000   -102918.9069        13.5      -102829.0021       -89.9048 17m43s/Msamples
        2744000   -102903.6027        13.5      -102822.8272       -80.7754 17m43s/Msamples
        2745000   -102908.0093        13.5      -102825.6235       -82.3857 17m43s/Msamples
        2746000   -102926.8317        13.5      -102834.7299       -92.1017 17m43s/Msamples
        2747000   -102913.6532        13.5      -102819.3490       -94.3041 17m43s/Msamples
        2748000   -102909.1434        13.4      -102824.4648       -84.6785 17m43s/Msamples
        2749000   -102915.6628        13.4      -102826.9553       -88.7075 17m43s/Msamples
        2750000   -102918.0521        13.4      -102827.7190       -90.3331 17m43s/Msamples
        2751000   -102905.0412        13.4      -102814.6717       -90.3695 17m43s/Msamples
        2752000   -102902.8704        13.4      -102818.3559       -84.5144 17m43s/Msamples
        2753000   -102910.5563        13.4      -102821.8477       -88.7085 17m43s/Msamples
        2754000   -102918.7709        13.4      -102823.9699       -94.8010 17m43s/Msamples
        2755000   -102927.1149        13.4      -102831.2546       -95.8603 17m43s/Msamples
        2756000   -102915.7073        13.4      -102828.9558       -86.7514 17m43s/Msamples
        2757000   -102901.9399        13.3      -102817.7634       -84.1765 17m43s/Msamples
        2758000   -102914.8139        13.3      -102825.2760       -89.5378 17m43s/Msamples
        2759000   -102911.3855        13.3      -102826.4634       -84.9220 17m43s/Msamples
        2760000   -102911.3305        13.3      -102829.4003       -81.9302 17m43s/Msamples
        2761000   -102919.3987        13.3      -102828.3253       -91.0734 17m43s/Msamples
        2762000   -102923.2811        13.3      -102831.5433       -91.7377 17m43s/Msamples
        2763000   -102918.2542        13.3      -102838.6711       -79.5830 17m43s/Msamples
        2764000   -102910.9960        13.3      -102827.6594       -83.3366 17m43s/Msamples
        2765000   -102918.9365        13.3      -102833.4380       -85.4985 17m43s/Msamples
        2766000   -102914.0847        13.3      -102836.4953       -77.5894 17m43s/Msamples
        2767000   -102907.7631        13.2      -102833.7213       -74.0418 17m43s/Msamples
        2768000   -102906.7584        13.2      -102828.8133       -77.9450 17m43s/Msamples
        2769000   -102908.1558        13.2      -102829.0560       -79.0998 17m43s/Msamples
        2770000   -102892.9761        13.2      -102822.4516       -70.5244 17m43s/Msamples
        2771000   -102905.4960        13.2      -102827.6001       -77.8959 17m43s/Msamples
        2772000   -102914.8988        13.2      -102826.6218       -88.2770 17m43s/Msamples
        2773000   -102918.4578        13.2      -102829.9199       -88.5378 17m43s/Msamples
        2774000   -102922.5970        13.2      -102837.8736       -84.7233 17m43s/Msamples
        2775000   -102901.7118        13.1      -102821.9145       -79.7972 17m43s/Msamples
        2776000   -102909.6476        13.1      -102825.3114       -84.3362 17m43s/Msamples
        2777000   -102905.9572        13.0      -102829.0743       -76.8829 17m43s/Msamples
        2778000   -102913.6754        13.0      -102833.3433       -80.3320 17m43s/Msamples
        2779000   -102920.6166        13.1      -102830.2345       -90.3820 17m43s/Msamples
        2780000   -102926.1295        13.1      -102836.7780       -89.3514 17m43s/Msamples
        2781000   -102924.2547        13.1      -102827.7236       -96.5310 17m43s/Msamples
        2782000   -102931.2882        13.1      -102829.0898      -102.1984 17m43s/Msamples
        2783000   -102923.6878        13.1      -102826.8146       -96.8732 17m43s/Msamples
        2784000   -102929.6668        13.1      -102832.4070       -97.2597 17m43s/Msamples
        2785000   -102946.4865        13.2      -102831.3090      -115.1774 17m43s/Msamples
        2786000   -102951.8831        13.3      -102840.9318      -110.9512 17m43s/Msamples
        2787000   -102938.3462        13.3      -102836.2524      -102.0937 17m43s/Msamples
        2788000   -102932.1739        13.3      -102834.8266       -97.3472 17m43s/Msamples
        2789000   -102924.7996        13.3      -102828.7735       -96.0260 17m43s/Msamples
        2790000   -102924.2349        13.3      -102829.1285       -95.1063 17m43s/Msamples
        2791000   -102917.5306        13.3      -102827.0596       -90.4710 17m43s/Msamples
        2792000   -102917.8581        13.3      -102829.5079       -88.3501 17m43s/Msamples
        2793000   -102909.1826        13.2      -102821.4529       -87.7296 17m43s/Msamples
        2794000   -102908.0606        13.2      -102826.6514       -81.4092 17m43s/Msamples
        2795000   -102909.8100        13.2      -102825.2468       -84.5631 17m43s/Msamples
        2796000   -102913.1522        13.2      -102824.3748       -88.7774 17m43s/Msamples
        2797000   -102914.8757        13.2      -102829.5442       -85.3315 17m43s/Msamples
        2798000   -102906.2198        13.2      -102825.3808       -80.8390 17m43s/Msamples
        2799000   -102918.1082        13.2      -102835.7153       -82.3928 17m43s/Msamples
        2800000   -102935.9664        13.2      -102841.8029       -94.1635 17m43s/Msamples
        2801000   -102922.1244        13.2      -102827.3165       -94.8079 17m43s/Msamples
        2802000   -102920.4382        13.2      -102828.6368       -91.8013 17m43s/Msamples
        2803000   -102916.1730        13.2      -102831.4033       -84.7696 17m43s/Msamples
        2804000   -102918.1230        13.2      -102829.8341       -88.2888 17m43s/Msamples
        2805000   -102915.0655        13.2      -102834.6372       -80.4282 17m43s/Msamples
        2806000   -102915.9942        13.2      -102832.0172       -83.9770 17m43s/Msamples
        2807000   -102911.6845        13.2      -102831.5394       -80.1450 17m43s/Msamples
        2808000   -102919.1429        13.2      -102837.9182       -81.2246 17m43s/Msamples
        2809000   -102920.8306        13.2      -102837.8907       -82.9399 17m43s/Msamples
        2810000   -102914.6484        13.1      -102834.1345       -80.5139 17m43s/Msamples
        2811000   -102926.6904        13.2      -102851.9336       -74.7567 17m43s/Msamples
        2812000   -102908.2924        13.1      -102830.7460       -77.5464 17m43s/Msamples
        2813000   -102927.3621        13.1      -102842.7217       -84.6404 17m43s/Msamples
        2814000   -102927.8330        13.2      -102839.6737       -88.1593 17m43s/Msamples
        2815000   -102929.7329        13.2      -102837.7548       -91.9780 17m43s/Msamples
        2816000   -102929.0664        13.2      -102831.4003       -97.6661 17m43s/Msamples
        2817000   -102927.9491        13.2      -102835.2262       -92.7228 17m43s/Msamples
        2818000   -102904.0567        13.2      -102826.9103       -77.1464 17m43s/Msamples
        2819000   -102897.8324        13.2      -102829.0620       -68.7703 17m43s/Msamples
        2820000   -102905.3118        13.1      -102822.7564       -82.5554 17m43s/Msamples
        2821000   -102912.3146        13.1      -102830.4468       -81.8678 17m43s/Msamples
        2822000   -102908.1759        13.1      -102828.0793       -80.0966 17m43s/Msamples
        2823000   -102890.7071        13.1      -102819.2015       -71.5056 17m43s/Msamples
        2824000   -102889.2310        13.1      -102821.4804       -67.7505 17m43s/Msamples
        2825000   -102903.2018        13.1      -102820.3706       -82.8311 17m43s/Msamples
        2826000   -102901.7332        13.0      -102815.3115       -86.4217 17m43s/Msamples
        2827000   -102903.7592        13.0      -102822.0166       -81.7426 17m43s/Msamples
        2828000   -102896.7359        13.0      -102818.4636       -78.2722 17m43s/Msamples
        2829000   -102884.3813        13.0      -102818.4089       -65.9724 17m43s/Msamples
        2830000   -102895.7881        13.0      -102822.3188       -73.4693 17m43s/Msamples
        2831000   -102891.0218        12.9      -102822.7809       -68.2408 17m43s/Msamples
        2832000   -102896.8852        12.9      -102822.2315       -74.6537 17m43s/Msamples
        2833000   -102897.1270        12.9      -102825.4072       -71.7197 17m43s/Msamples
        2834000   -102910.8500        12.9      -102833.9148       -76.9351 17m43s/Msamples
        2835000   -102899.8248        12.8      -102824.4029       -75.4218 17m43s/Msamples
        2836000   -102899.4334        12.8      -102826.4900       -72.9434 17m43s/Msamples
        2837000   -102905.6143        12.8      -102821.7363       -83.8780 17m43s/Msamples
        2838000   -102909.8386        12.4      -102820.4123       -89.4263 17m43s/Msamples
        2839000   -102903.1998        12.3      -102822.8369       -80.3628 17m43s/Msamples
        2840000   -102901.6148        12.3      -102821.8284       -79.7863 17m43s/Msamples
        2841000   -102906.2619        12.3      -102827.4054       -78.8564 17m43s/Msamples
        2842000   -102891.4943        12.2      -102812.9351       -78.5592 17m43s/Msamples
        2843000   -102894.2225        12.2      -102818.3211       -75.9013 17m43s/Msamples
        2844000   -102893.2514        12.1      -102820.8626       -72.3888 17m43s/Msamples
        2845000   -102908.4722        12.1      -102828.1814       -80.2907 17m43s/Msamples
        2846000   -102918.4131        12.1      -102835.7848       -82.6282 17m43s/Msamples
        2847000   -102917.7985        12.1      -102828.7239       -89.0746 17m43s/Msamples
        2848000   -102910.8928        12.1      -102823.8768       -87.0160 17m43s/Msamples
        2849000   -102923.6959        12.1      -102832.2195       -91.4764 17m43s/Msamples
        2850000   -102916.7008        12.1      -102828.6706       -88.0301 17m43s/Msamples
        2851000   -102913.4267        12.0      -102832.2364       -81.1902 17m43s/Msamples
        2852000   -102915.1619        12.0      -102829.6934       -85.4684 17m43s/Msamples
        2853000   -102902.4079        12.0      -102823.7475       -78.6603 17m43s/Msamples
        2854000   -102896.4717        12.0      -102814.6598       -81.8118 17m43s/Msamples
        2855000   -102893.6053        11.9      -102816.0137       -77.5915 17m43s/Msamples
        2856000   -102916.8702        11.9      -102825.4101       -91.4601 17m43s/Msamples
        2857000   -102930.1567        11.9      -102835.9354       -94.2213 17m43s/Msamples
        2858000   -102913.2321        11.9      -102826.5198       -86.7123 17m43s/Msamples
        2859000   -102917.5706        11.9      -102832.4682       -85.1023 17m43s/Msamples
        2860000   -102912.6197        11.9      -102826.1463       -86.4733 17m43s/Msamples
        2861000   -102896.1020        11.9      -102822.1606       -73.9413 17m43s/Msamples
        2862000   -102905.9393        11.9      -102829.0917       -76.8475 17m43s/Msamples
        2863000   -102907.9920        11.8      -102826.8616       -81.1303 17m43s/Msamples
        2864000   -102916.0239        11.8      -102822.9197       -93.1042 17m43s/Msamples
        2865000   -102912.1895        11.8      -102823.9173       -88.2721 17m43s/Msamples
        2866000   -102914.7510        11.8      -102831.8225       -82.9284 17m43s/Msamples
        2867000   -102915.5889        11.8      -102827.5899       -87.9989 17m43s/Msamples
        2868000   -102899.9892        11.8      -102818.2780       -81.7111 17m43s/Msamples
        2869000   -102899.1132        11.8      -102821.0684       -78.0447 17m43s/Msamples
        2870000   -102899.7078        11.7      -102822.9444       -76.7633 17m43s/Msamples
        2871000   -102890.0507        11.7      -102818.5883       -71.4623 17m43s/Msamples
        2872000   -102895.0535        11.7      -102822.4887       -72.5648 17m43s/Msamples
        2873000   -102910.9123        11.7      -102821.3824       -89.5298 17m43s/Msamples
        2874000   -102915.7648        11.6      -102823.7659       -91.9988 17m43s/Msamples
        2875000   -102908.1585        11.6      -102818.1570       -90.0015 17m43s/Msamples
        2876000   -102891.9181        11.6      -102811.4670       -80.4511 17m43s/Msamples
        2877000   -102888.8358        11.6      -102812.6940       -76.1418 17m43s/Msamples
        2878000   -102894.1620        11.5      -102817.9045       -76.2575 17m43s/Msamples
        2879000   -102886.9996        11.5      -102811.0528       -75.9467 17m43s/Msamples
        2880000   -102891.8489        11.4      -102819.9209       -71.9280 17m43s/Msamples
        2881000   -102905.9083        11.3      -102827.2623       -78.6460 17m43s/Msamples
        2882000   -102892.8528        11.3      -102822.0270       -70.8258 17m43s/Msamples
        2883000   -102894.5733        11.3      -102825.3761       -69.1971 17m43s/Msamples
        2884000   -102892.2045        11.2      -102816.7860       -75.4184 17m43s/Msamples
        2885000   -102893.8974        11.2      -102818.6399       -75.2574 17m43s/Msamples
        2886000   -102900.4023        11.2      -102823.6694       -76.7329 17m43s/Msamples
        2887000   -102903.1292        11.2      -102824.3386       -78.7905 17m43s/Msamples
        2888000   -102911.6367        11.1      -102826.7589       -84.8778 17m43s/Msamples
        2889000   -102924.7676        11.2      -102829.8932       -94.8743 17m42s/Msamples
        2890000   -102921.6730        11.2      -102831.0482       -90.6247 17m43s/Msamples
        2891000   -102915.4274        11.2      -102831.2534       -84.1739 17m43s/Msamples
        2892000   -102915.7269        11.1      -102835.1253       -80.6015 17m43s/Msamples
        2893000   -102915.2556        11.1      -102827.8942       -87.3613 17m43s/Msamples
        2894000   -102905.1463        11.1      -102822.3820       -82.7642 17m43s/Msamples
        2895000   -102902.2724        11.1      -102824.2168       -78.0555 17m43s/Msamples
        2896000   -102905.6571        11.1      -102823.9993       -81.6578 17m43s/Msamples
        2897000   -102927.0127        11.1      -102825.9975      -101.0152 17m43s/Msamples
        2898000   -102923.2406        11.1      -102827.1693       -96.0712 17m43s/Msamples
        2899000   -102914.1112        11.1      -102826.2284       -87.8827 17m43s/Msamples
        2900000   -102902.8698        11.0      -102819.9811       -82.8887 17m43s/Msamples
        2901000   -102906.4408        11.0      -102821.3979       -85.0428 17m43s/Msamples
        2902000   -102894.8386        11.0      -102817.3444       -77.4942 17m43s/Msamples
        2903000   -102900.7509        11.0      -102822.9740       -77.7768 17m43s/Msamples
        2904000   -102903.6749        11.0      -102825.1299       -78.5450 17m43s/Msamples
        2905000   -102893.7179        10.9      -102817.6503       -76.0676 17m43s/Msamples
        2906000   -102911.0441        10.9      -102821.1608       -89.8832 17m43s/Msamples
        2907000   -102900.5075        10.9      -102818.2770       -82.2304 17m43s/Msamples
        2908000   -102898.3986        10.8      -102816.8084       -81.5902 17m43s/Msamples
        2909000   -102899.1582        10.8      -102815.2791       -83.8790 17m43s/Msamples
        2910000   -102900.8400        10.8      -102817.5065       -83.3334 17m43s/Msamples
        2911000   -102909.1850        10.8      -102822.8915       -86.2935 17m43s/Msamples
        2912000   -102900.2726        10.7      -102823.7028       -76.5698 17m43s/Msamples
        2913000   -102916.7859        10.7      -102828.8821       -87.9037 17m43s/Msamples
        2914000   -102930.0906        10.7      -102836.9502       -93.1404 17m43s/Msamples
        2915000   -102910.1001        10.7      -102832.5836       -77.5164 17m43s/Msamples
        2916000   -102918.5416        10.7      -102833.6718       -84.8698 17m43s/Msamples
        2917000   -102916.2603        10.7      -102837.1431       -79.1171 17m43s/Msamples
        2918000   -102909.2612        10.7      -102830.3703       -78.8908 17m43s/Msamples
        2919000   -102919.2307        10.7      -102832.6766       -86.5541 17m43s/Msamples
        2920000   -102921.0627        10.7      -102832.8244       -88.2383 17m43s/Msamples
        2921000   -102922.9984        10.7      -102837.5207       -85.4776 17m43s/Msamples
        2922000   -102920.0853        10.7      -102836.7765       -83.3087 17m43s/Msamples
        2923000   -102925.1437        10.7      -102834.8725       -90.2712 17m43s/Msamples
        2924000   -102910.2869        10.7      -102830.2649       -80.0219 17m43s/Msamples
        2925000   -102913.9616        10.7      -102829.8063       -84.1553 17m42s/Msamples
        2926000   -102906.5464        10.6      -102825.3050       -81.2414 17m43s/Msamples
        2927000   -102901.5923        10.6      -102822.3015       -79.2908 17m42s/Msamples
        2928000   -102913.1549        10.6      -102831.3514       -81.8035 17m42s/Msamples
        2929000   -102922.1288        10.6      -102832.1667       -89.9621 17m42s/Msamples
        2930000   -102912.8689        10.6      -102825.3214       -87.5475 17m42s/Msamples
        2931000   -102915.7653        10.6      -102825.9571       -89.8082 17m42s/Msamples
        2932000   -102909.7980        10.6      -102821.7741       -88.0239 17m42s/Msamples
        2933000   -102907.5398        10.6      -102827.4761       -80.0636 17m43s/Msamples
        2934000   -102907.1468        10.5      -102827.1355       -80.0113 17m43s/Msamples
        2935000   -102906.0759        10.5      -102830.0302       -76.0457 17m42s/Msamples
        2936000   -102908.7841        10.5      -102833.0021       -75.7820 17m42s/Msamples
        2937000   -102902.7499        10.5      -102830.2572       -72.4926 17m43s/Msamples
        2938000   -102919.2987        10.5      -102835.1681       -84.1306 17m43s/Msamples
        2939000   -102908.2637        10.5      -102826.2142       -82.0494 17m43s/Msamples
        2940000   -102909.5411        10.4      -102829.8601       -79.6810 17m42s/Msamples
        2941000   -102905.1372        10.4      -102827.0173       -78.1199 17m42s/Msamples
        2942000   -102898.7383        10.4      -102827.9062       -70.8321 17m42s/Msamples
        2943000   -102894.1143        10.4      -102828.5491       -65.5651 17m42s/Msamples
        2944000   -102902.1403        10.4      -102831.5082       -70.6321 17m42s/Msamples
        2945000   -102907.7542        10.3      -102833.9936       -73.7606 17m43s/Msamples
        2946000   -102900.7961        10.3      -102829.1472       -71.6488 17m42s/Msamples
        2947000   -102894.4959        10.3      -102827.8451       -66.6507 17m43s/Msamples
        2948000   -102892.1008        10.3      -102825.1347       -66.9661 17m43s/Msamples
        2949000   -102897.6714        10.2      -102831.8283       -65.8431 17m43s/Msamples
        2950000   -102883.8064        10.2      -102819.1719       -64.6345 17m42s/Msamples
        2951000   -102883.3994        10.2      -102820.7016       -62.6978 17m42s/Msamples
        2952000   -102892.0426        10.2      -102823.8338       -68.2087 17m42s/Msamples
        2953000   -102881.9562        10.1      -102816.9887       -64.9675 17m42s/Msamples
        2954000   -102878.2878        10.1      -102819.5052       -58.7825 17m42s/Msamples
        2955000   -102892.4728        10.1      -102824.3095       -68.1632 17m42s/Msamples
        2956000   -102894.8680         9.9      -102822.5919       -72.2760 17m42s/Msamples
        2957000   -102906.5699         9.9      -102828.3139       -78.2560 17m42s/Msamples
        2958000   -102905.2378         9.8      -102828.9627       -76.2750 17m42s/Msamples
        2959000   -102903.6470         9.8      -102830.4623       -73.1847 17m43s/Msamples
        2960000   -102898.1548         9.8      -102832.9368       -65.2180 17m43s/Msamples
        2961000   -102906.6829         9.8      -102832.5575       -74.1253 17m43s/Msamples
        2962000   -102910.6322         9.8      -102826.0630       -84.5692 17m43s/Msamples
        2963000   -102933.8984         9.8      -102842.8585       -91.0399 17m43s/Msamples
        2964000   -102922.0639         9.8      -102834.3834       -87.6804 17m43s/Msamples
        2965000   -102915.1439         9.8      -102843.0575       -72.0863 17m43s/Msamples
        2966000   -102906.0515         9.8      -102830.8441       -75.2073 17m42s/Msamples
        2967000   -102908.7829         9.7      -102831.4983       -77.2845 17m42s/Msamples
        2968000   -102912.3841         9.7      -102832.4189       -79.9651 17m42s/Msamples
        2969000   -102912.1615         9.7      -102834.8813       -77.2802 17m42s/Msamples
        2970000   -102910.4955         9.7      -102831.2393       -79.2561 17m42s/Msamples
        2971000   -102921.5586         9.7      -102831.3301       -90.2285 17m42s/Msamples
        2972000   -102910.3681         9.7      -102826.6560       -83.7120 17m42s/Msamples
        2973000   -102909.4862         9.7      -102825.7196       -83.7665 17m42s/Msamples
        2974000   -102921.9076         9.7      -102829.4885       -92.4190 17m42s/Msamples
        2975000   -102908.5291         9.6      -102826.4127       -82.1163 17m42s/Msamples
        2976000   -102910.7028         9.6      -102826.6127       -84.0900 17m42s/Msamples
        2977000   -102894.3266         9.6      -102825.9131       -68.4134 17m42s/Msamples
        2978000   -102904.3103         9.6      -102832.2957       -72.0145 17m42s/Msamples
        2979000   -102899.8094         9.6      -102824.9914       -74.8179 17m42s/Msamples
        2980000   -102903.3018         9.6      -102822.4988       -80.8030 17m42s/Msamples
        2981000   -102894.2813         9.5      -102821.6674       -72.6139 17m42s/Msamples
        2982000   -102894.2575         9.5      -102823.6401       -70.6173 17m42s/Msamples
        2983000   -102884.3229         9.5      -102823.5006       -60.8222 17m42s/Msamples
        2984000   -102893.3885         9.5      -102821.3218       -72.0666 17m42s/Msamples
        2985000   -102902.1923         9.4      -102830.6379       -71.5544 17m42s/Msamples
        2986000   -102904.7040         9.4      -102829.2798       -75.4242 17m42s/Msamples
        2987000   -102898.0207         9.4      -102824.5539       -73.4668 17m42s/Msamples
        2988000   -102898.9404         9.4      -102832.1794       -66.7610 17m42s/Msamples
        2989000   -102887.3798         9.4      -102822.6751       -64.7047 17m42s/Msamples
        2990000   -102899.1078         9.3      -102828.0789       -71.0289 17m42s/Msamples
        2991000   -102905.0856         9.3      -102828.4264       -76.6591 17m42s/Msamples
        2992000   -102905.4586         9.3      -102827.2456       -78.2129 17m42s/Msamples
        2993000   -102907.9893         9.3      -102827.3000       -80.6893 17m42s/Msamples
        2994000   -102916.1000         9.3      -102831.3948       -84.7051 17m42s/Msamples
        2995000   -102893.9558         9.3      -102822.6660       -71.2897 17m42s/Msamples
        2996000   -102901.1032         9.2      -102823.4813       -77.6218 17m42s/Msamples
        2997000   -102900.7217         9.2      -102820.5120       -80.2097 17m42s/Msamples
        2998000   -102898.4626         9.2      -102821.9731       -76.4895 17m42s/Msamples
        2999000   -102895.0998         9.2      -102822.0449       -73.0548 17m42s/Msamples
        3000000   -102884.0989         9.2      -102819.8498       -64.2490 17m42s/Msamples
        3001000   -102888.5888         9.1      -102822.1233       -66.4655 17m42s/Msamples
        3002000   -102899.4031         9.1      -102823.1763       -76.2267 17m42s/Msamples
        3003000   -102900.5722         9.1      -102820.1773       -80.3948 17m42s/Msamples
        3004000   -102879.8983         9.1      -102824.4440       -55.4543 17m42s/Msamples
        3005000   -102883.8561         9.1      -102824.4838       -59.3722 17m42s/Msamples
        3006000   -102891.2856         9.0      -102821.9452       -69.3403 17m42s/Msamples
        3007000   -102896.5295         9.0      -102823.8128       -72.7167 17m42s/Msamples
        3008000   -102901.1121         9.0      -102827.4100       -73.7021 17m42s/Msamples
        3009000   -102900.3283         9.0      -102820.9155       -79.4127 17m42s/Msamples
        3010000   -102892.6532         9.0      -102825.2305       -67.4226 17m42s/Msamples
        3011000   -102901.4760         9.0      -102825.3827       -76.0933 17m42s/Msamples
        3012000   -102910.0157         8.9      -102825.0453       -84.9704 17m42s/Msamples
        3013000   -102902.3883         8.9      -102818.6881       -83.7002 17m42s/Msamples
        3014000   -102902.8397         8.9      -102822.7386       -80.1010 17m42s/Msamples
        3015000   -102908.0381         8.9      -102830.3248       -77.7132 17m42s/Msamples
        3016000   -102914.6638         8.9      -102830.1485       -84.5152 17m42s/Msamples
        3017000   -102911.0457         8.8      -102831.7909       -79.2548 17m42s/Msamples
        3018000   -102908.8618         8.8      -102832.0012       -76.8605 17m42s/Msamples
        3019000   -102904.6209         8.8      -102825.8615       -78.7594 17m42s/Msamples
        3020000   -102909.4440         8.8      -102830.7894       -78.6545 17m42s/Msamples
        3021000   -102903.4834         8.8      -102824.3317       -79.1517 17m42s/Msamples
        3022000   -102912.2499         8.8      -102836.2636       -75.9862 17m42s/Msamples
        3023000   -102910.6935         8.8      -102830.3757       -80.3178 17m42s/Msamples
        3024000   -102918.6316         8.8      -102827.3450       -91.2866 17m42s/Msamples
        3025000   -102910.0794         8.8      -102827.9928       -82.0865 17m42s/Msamples
        3026000   -102894.7978         8.7      -102821.7343       -73.0635 17m42s/Msamples
        3027000   -102903.0115         8.7      -102823.3754       -79.6360 17m42s/Msamples
        3028000   -102912.2458         8.7      -102826.2974       -85.9484 17m42s/Msamples
        3029000   -102898.0051         8.7      -102822.1096       -75.8954 17m42s/Msamples
        3030000   -102918.1742         8.7      -102837.5929       -80.5812 17m42s/Msamples
        3031000   -102913.6487         8.7      -102825.3359       -88.3127 17m42s/Msamples
        3032000   -102907.6812         8.7      -102828.0287       -79.6524 17m42s/Msamples
        3033000   -102895.7545         8.7      -102821.4382       -74.3162 17m42s/Msamples
        3034000   -102906.4830         8.7      -102825.6179       -80.8651 17m42s/Msamples
        3035000   -102901.5422         8.6      -102825.5435       -75.9986 17m42s/Msamples
        3036000   -102914.3206         8.6      -102831.5386       -82.7820 17m42s/Msamples
        3037000   -102906.8506         8.6      -102828.0449       -78.8056 17m42s/Msamples
        3038000   -102904.5249         8.6      -102829.1782       -75.3467 17m42s/Msamples
        3039000   -102917.8745         8.6      -102833.4911       -84.3834 17m42s/Msamples
        3040000   -102918.7705         8.6      -102830.9845       -87.7859 17m42s/Msamples
        3041000   -102892.0607         8.6      -102822.9553       -69.1054 17m42s/Msamples
        3042000   -102896.5131         8.6      -102828.2899       -68.2232 17m42s/Msamples
        3043000   -102904.3284         8.6      -102832.4335       -71.8948 17m42s/Msamples
        3044000   -102911.6549         8.5      -102829.7986       -81.8562 17m42s/Msamples
        3045000   -102894.4769         8.5      -102816.9514       -77.5254 17m42s/Msamples
        3046000   -102890.2979         8.5      -102820.6982       -69.5997 17m42s/Msamples
        3047000   -102887.0973         8.5      -102824.8977       -62.1995 17m42s/Msamples
        3048000   -102887.8358         8.5      -102827.5093       -60.3265 17m42s/Msamples
        3049000   -102891.4985         8.5      -102820.0710       -71.4275 17m42s/Msamples
        3050000   -102883.3841         8.4      -102819.5551       -63.8290 17m42s/Msamples
        3051000   -102895.8593         8.4      -102826.3232       -69.5361 17m42s/Msamples
        3052000   -102903.9797         8.4      -102827.2904       -76.6892 17m42s/Msamples
        3053000   -102898.8570         8.4      -102821.5009       -77.3560 17m42s/Msamples
        3054000   -102900.0403         8.4      -102821.8974       -78.1428 17m42s/Msamples
        3055000   -102905.0100         8.4      -102821.4593       -83.5507 17m42s/Msamples
        3056000   -102895.0105         8.3      -102819.4612       -75.5492 17m42s/Msamples
        3057000   -102895.5524         8.3      -102825.1093       -70.4430 17m42s/Msamples
        3058000   -102895.1157         8.3      -102824.7036       -70.4121 17m42s/Msamples
        3059000   -102902.5705         8.3      -102827.8942       -74.6762 17m42s/Msamples
        3060000   -102895.4952         8.3      -102825.4626       -70.0325 17m42s/Msamples
        3061000   -102898.6194         8.3      -102823.3597       -75.2597 17m42s/Msamples
        3062000   -102901.8436         8.3      -102823.9289       -77.9147 17m42s/Msamples
        3063000   -102905.9460         8.2      -102824.8084       -81.1375 17m42s/Msamples
        3064000   -102905.4789         8.2      -102823.9225       -81.5563 17m42s/Msamples
        3065000   -102910.2607         8.2      -102829.9132       -80.3474 17m42s/Msamples
        3066000   -102907.6727         8.2      -102826.4053       -81.2673 17m42s/Msamples
        3067000   -102909.5815         8.2      -102825.8054       -83.7760 17m42s/Msamples
        3068000   -102912.3929         8.2      -102825.3130       -87.0798 17m42s/Msamples
        3069000   -102918.6169         8.2      -102831.8666       -86.7502 17m42s/Msamples
        3070000   -102919.0999         8.2      -102834.7458       -84.3541 17m42s/Msamples
        3071000   -102918.8949         8.2      -102840.7555       -78.1393 17m42s/Msamples
        3072000   -102914.1411         8.2      -102838.1983       -75.9428 17m42s/Msamples
        3073000   -102918.7546         8.2      -102834.8543       -83.9002 17m42s/Msamples
        3074000   -102909.0335         8.2      -102833.4519       -75.5815 17m42s/Msamples
        3075000   -102899.0294         8.2      -102828.3969       -70.6325 17m42s/Msamples
        3076000   -102906.3689         8.2      -102831.1175       -75.2513 17m42s/Msamples
        3077000   -102905.0519         8.2      -102832.6491       -72.4028 17m42s/Msamples
        3078000   -102923.0318         8.2      -102838.0944       -84.9374 17m42s/Msamples
        3079000   -102915.4900         8.2      -102832.6666       -82.8234 17m42s/Msamples
        3080000   -102895.3841         8.1      -102822.4911       -72.8929 17m42s/Msamples
        3081000   -102907.1232         8.1      -102824.6355       -82.4877 17m42s/Msamples
        3082000   -102933.6968         8.2      -102827.1726      -106.5242 17m42s/Msamples
        3083000   -102932.9954         8.2      -102830.4557      -102.5397 17m42s/Msamples
        3084000   -102938.3649         8.2      -102831.2369      -107.1279 17m42s/Msamples
        3085000   -102928.1273         8.2      -102826.2516      -101.8757 17m42s/Msamples
        3086000   -102921.2849         8.2      -102825.7787       -95.5062 17m42s/Msamples
        3087000   -102931.0167         8.2      -102832.2928       -98.7239 17m42s/Msamples
        3088000   -102936.9786         8.2      -102832.3593      -104.6192 17m42s/Msamples
        3089000   -102918.9741         8.2      -102825.1362       -93.8378 17m42s/Msamples
        3090000   -102910.7253         8.2      -102825.1102       -85.6150 17m42s/Msamples
        3091000   -102887.6957         8.2      -102814.3094       -73.3863 17m42s/Msamples
        3092000   -102901.1226         8.2      -102810.9560       -90.1666 17m42s/Msamples
        3093000   -102910.9994         8.2      -102821.8811       -89.1182 17m42s/Msamples
        3094000   -102892.4426         8.2      -102813.4345       -79.0081 17m42s/Msamples
        3095000   -102890.3364         8.2      -102816.6334       -73.7030 17m42s/Msamples
        3096000   -102899.1664         8.2      -102823.2587       -75.9077 17m42s/Msamples
        3097000   -102896.1080         8.1      -102818.2981       -77.8099 17m42s/Msamples
        3098000   -102893.2219         8.1      -102813.4708       -79.7511 17m42s/Msamples
        3099000   -102896.3018         8.1      -102810.5311       -85.7706 17m42s/Msamples
        3100000   -102889.0159         8.1      -102808.5197       -80.4961 17m42s/Msamples
        3101000   -102903.2831         8.1      -102816.3510       -86.9320 17m42s/Msamples
        3102000   -102907.2637         8.1      -102812.5765       -94.6871 17m42s/Msamples
        3103000   -102892.0315         8.1      -102812.5702       -79.4612 17m42s/Msamples
        3104000   -102885.9762         8.0      -102811.2809       -74.6952 17m42s/Msamples
        3105000   -102893.7997         8.0      -102820.6572       -73.1425 17m42s/Msamples
        3106000   -102901.7043         8.0      -102820.1648       -81.5395 17m42s/Msamples
        3107000   -102908.1994         8.0      -102817.4991       -90.7002 17m42s/Msamples
        3108000   -102908.2731         7.9      -102826.4069       -81.8661 17m42s/Msamples
        3109000   -102899.5415         7.9      -102824.3374       -75.2041 17m42s/Msamples
        3110000   -102893.3205         7.9      -102822.3376       -70.9828 17m42s/Msamples
        3111000   -102899.0734         7.9      -102822.7676       -76.3057 17m42s/Msamples
        3112000   -102914.7798         7.9      -102828.9935       -85.7863 17m42s/Msamples
        3113000   -102898.8140         7.9      -102817.8770       -80.9369 17m42s/Msamples
        3114000   -102912.8402         7.9      -102829.7216       -83.1186 17m42s/Msamples
        3115000   -102923.9357         7.9      -102832.3046       -91.6311 17m42s/Msamples
        3116000   -102908.7883         7.9      -102819.4406       -89.3476 17m42s/Msamples
        3117000   -102900.8366         7.9      -102820.1134       -80.7231 17m42s/Msamples
        3118000   -102903.7729         7.9      -102825.9779       -77.7949 17m42s/Msamples
        3119000   -102905.4743         7.8      -102825.9130       -79.5612 17m42s/Msamples
        3120000   -102901.2734         7.8      -102822.4880       -78.7853 17m42s/Msamples
        3121000   -102911.6542         7.8      -102825.9149       -85.7392 17m42s/Msamples
        3122000   -102917.0115         7.8      -102830.3810       -86.6305 17m42s/Msamples
        3123000   -102921.3295         7.8      -102835.1239       -86.2056 17m42s/Msamples
        3124000   -102924.5734         7.8      -102833.7162       -90.8572 17m42s/Msamples
        3125000   -102933.0565         7.9      -102834.9430       -98.1135 17m42s/Msamples
        3126000   -102922.5877         7.9      -102830.7735       -91.8141 17m42s/Msamples
        3127000   -102916.3957         7.9      -102829.4858       -86.9099 17m42s/Msamples
        3128000   -102934.2999         7.9      -102841.1702       -93.1297 17m42s/Msamples
        3129000   -102932.5669         7.9      -102833.5495       -99.0174 17m42s/Msamples
        3130000   -102929.2223         7.9      -102834.8862       -94.3361 17m42s/Msamples
        3131000   -102931.5755         7.9      -102830.9835      -100.5920 17m42s/Msamples
        3132000   -102919.1551         7.9      -102826.7982       -92.3569 17m42s/Msamples
        3133000   -102928.4555         7.9      -102830.1911       -98.2644 17m42s/Msamples
        3134000   -102921.6140         7.9      -102828.1033       -93.5106 17m42s/Msamples
        3135000   -102922.5542         7.9      -102830.7269       -91.8273 17m42s/Msamples
        3136000   -102920.7362         7.9      -102828.8484       -91.8877 17m42s/Msamples
        3137000   -102933.3567         7.9      -102833.8903       -99.4664 17m42s/Msamples
        3138000   -102928.5625         8.0      -102826.1171      -102.4453 17m42s/Msamples
        3139000   -102923.8172         8.0      -102826.0725       -97.7447 17m42s/Msamples
        3140000   -102924.3830         8.0      -102829.2034       -95.1795 17m42s/Msamples
        3141000   -102922.8516         8.0      -102827.4276       -95.4239 17m42s/Msamples
        3142000   -102917.7946         8.0      -102830.4275       -87.3671 17m42s/Msamples
        3143000   -102917.6504         8.0      -102827.9408       -89.7095 17m42s/Msamples
        3144000   -102910.2269         8.0      -102830.7494       -79.4775 17m42s/Msamples
        3145000   -102907.3626         8.0      -102830.4865       -76.8760 17m42s/Msamples
        3146000   -102909.7685         7.9      -102824.3351       -85.4334 17m42s/Msamples
        3147000   -102910.1826         7.9      -102827.9170       -82.2655 17m42s/Msamples
        3148000   -102910.2120         7.9      -102827.5900       -82.6220 17m42s/Msamples
        3149000   -102907.3486         7.9      -102818.5436       -88.8049 17m42s/Msamples
        3150000   -102909.5756         7.9      -102821.6818       -87.8938 17m42s/Msamples
        3151000   -102900.7654         7.9      -102819.1478       -81.6176 17m42s/Msamples
        3152000   -102894.9659         7.9      -102819.3797       -75.5862 17m42s/Msamples
        3153000   -102912.7383         7.9      -102820.8211       -91.9172 17m42s/Msamples
        3154000   -102915.5534         7.9      -102825.2677       -90.2857 17m42s/Msamples
        3155000   -102920.3360         7.9      -102835.3716       -84.9643 17m42s/Msamples
        3156000   -102915.4610         7.9      -102830.4846       -84.9763 17m42s/Msamples
        3157000   -102924.8651         7.9      -102829.3230       -95.5420 17m42s/Msamples
        3158000   -102932.8685         7.9      -102829.3010      -103.5675 17m42s/Msamples
        3159000   -102920.8908         7.9      -102827.6862       -93.2046 17m42s/Msamples
        3160000   -102911.9909         7.9      -102823.7021       -88.2888 17m42s/Msamples
        3161000   -102909.2612         7.9      -102821.2127       -88.0484 17m42s/Msamples
        3162000   -102899.6052         7.9      -102820.7582       -78.8469 17m42s/Msamples
        3163000   -102903.0845         7.9      -102823.1294       -79.9550 17m42s/Msamples
        3164000   -102912.4335         7.9      -102828.7249       -83.7085 17m42s/Msamples
        3165000   -102899.5091         7.9      -102819.9810       -79.5281 17m42s/Msamples
        3166000   -102902.5907         7.8      -102822.1950       -80.3956 17m42s/Msamples
        3167000   -102892.8892         7.8      -102811.1932       -81.6960 17m42s/Msamples
        3168000   -102903.0005         7.8      -102823.2791       -79.7214 17m42s/Msamples
        3169000   -102901.0611         7.8      -102822.0951       -78.9659 17m42s/Msamples
        3170000   -102894.2980         7.8      -102819.5597       -74.7382 17m42s/Msamples
        3171000   -102893.7597         7.8      -102822.4749       -71.2847 17m42s/Msamples
        3172000   -102904.5542         7.8      -102821.2220       -83.3321 17m42s/Msamples
        3173000   -102894.1771         7.8      -102815.6570       -78.5201 17m42s/Msamples
        3174000   -102895.2452         7.8      -102815.4896       -79.7555 17m42s/Msamples
        3175000   -102902.4798         7.7      -102818.8198       -83.6599 17m42s/Msamples
        3176000   -102905.8493         7.7      -102815.5786       -90.2707 17m42s/Msamples
        3177000   -102910.9096         7.7      -102818.6005       -92.3091 17m42s/Msamples
        3178000   -102907.8185         7.7      -102828.7329       -79.0856 17m42s/Msamples
        3179000   -102906.4971         7.7      -102820.5224       -85.9746 17m42s/Msamples
        3180000   -102905.9484         7.7      -102826.9892       -78.9591 17m42s/Msamples
        3181000   -102902.5017         7.7      -102821.3556       -81.1461 17m42s/Msamples
        3182000   -102900.6500         7.7      -102825.9930       -74.6570 17m42s/Msamples
        3183000   -102894.9984         7.7      -102821.9177       -73.0807 17m42s/Msamples
        3184000   -102913.2483         7.7      -102828.4534       -84.7948 17m42s/Msamples
        3185000   -102912.5629         7.7      -102828.4093       -84.1536 17m42s/Msamples
        3186000   -102901.9230         7.7      -102822.0605       -79.8624 17m42s/Msamples
        3187000   -102911.3970         7.7      -102825.6648       -85.7322 17m42s/Msamples
        3188000   -102915.4915         7.7      -102826.8443       -88.6471 17m42s/Msamples
        3189000   -102907.1854         7.6      -102823.3445       -83.8409 17m42s/Msamples
        3190000   -102918.8918         7.6      -102833.0703       -85.8215 17m42s/Msamples
        3191000   -102911.1042         7.6      -102828.8175       -82.2866 17m42s/Msamples
        3192000   -102910.3168         7.6      -102836.2746       -74.0422 17m42s/Msamples
        3193000   -102912.9517         7.6      -102833.5349       -79.4168 17m42s/Msamples
        3194000   -102912.4395         7.6      -102832.0981       -80.3413 17m42s/Msamples
        3195000   -102921.1927         7.6      -102834.4833       -86.7093 17m42s/Msamples
        3196000   -102925.1775         7.6      -102834.7658       -90.4116 17m42s/Msamples
        3197000   -102918.5286         7.6      -102836.1391       -82.3894 17m42s/Msamples
        3198000   -102927.0113         7.6      -102839.8368       -87.1744 17m42s/Msamples
        3199000   -102915.2102         7.6      -102831.2049       -84.0053 17m42s/Msamples
        3200000   -102909.5258         7.6      -102825.8055       -83.7203 17m42s/Msamples
        3201000   -102914.3867         7.6      -102829.4880       -84.8987 17m42s/Msamples
        3202000   -102911.8706         7.6      -102830.0029       -81.8677 17m42s/Msamples
        3203000   -102913.4175         7.6      -102825.1458       -88.2716 17m42s/Msamples
        3204000   -102916.1241         7.6      -102831.1367       -84.9874 17m42s/Msamples
        3205000   -102916.9050         7.6      -102830.2305       -86.6744 17m42s/Msamples
        3206000   -102923.9291         7.6      -102830.8313       -93.0977 17m42s/Msamples
        3207000   -102920.4090         7.6      -102834.5762       -85.8328 17m42s/Msamples
        3208000   -102913.2391         7.6      -102824.3903       -88.8487 17m42s/Msamples
        3209000   -102918.5789         7.6      -102826.2806       -92.2983 17m42s/Msamples
        3210000   -102916.8135         7.6      -102830.4983       -86.3152 17m42s/Msamples
        3211000   -102923.9843         7.6      -102837.5173       -86.4669 17m42s/Msamples
        3212000   -102917.9043         7.6      -102834.5653       -83.3390 17m42s/Msamples
        3213000   -102925.2002         7.6      -102837.6407       -87.5594 17m42s/Msamples
        3214000   -102914.0721         7.6      -102836.7152       -77.3569 17m42s/Msamples
        3215000   -102913.3866         7.6      -102832.2790       -81.1075 17m42s/Msamples
        3216000   -102907.4663         7.6      -102828.3906       -79.0756 17m42s/Msamples
        3217000   -102907.0623         7.6      -102825.1822       -81.8800 17m42s/Msamples
        3218000   -102911.9858         7.6      -102826.2703       -85.7154 17m42s/Msamples
        3219000   -102927.0305         7.6      -102833.6728       -93.3576 17m42s/Msamples
        3220000   -102933.1056         7.6      -102832.3614      -100.7441 17m43s/Msamples
        3221000   -102934.0597         7.6      -102833.2455      -100.8141 17m43s/Msamples
        3222000   -102925.5130         7.7      -102832.1177       -93.3953 17m43s/Msamples
        3223000   -102904.0354         7.6      -102831.0174       -73.0180 17m43s/Msamples
        3224000   -102894.2877         7.6      -102825.8899       -68.3977 17m43s/Msamples
        3225000   -102896.6308         7.6      -102828.5819       -68.0489 17m43s/Msamples
        3226000   -102892.4692         7.6      -102825.4506       -67.0186 17m43s/Msamples
        3227000   -102903.2410         7.6      -102826.2370       -77.0039 17m43s/Msamples
        3228000   -102911.1169         7.6      -102825.8368       -85.2800 17m43s/Msamples
        3229000   -102914.2368         7.6      -102827.9457       -86.2911 17m43s/Msamples
        3230000   -102909.9020         7.6      -102826.7058       -83.1961 17m43s/Msamples
        3231000   -102914.6126         7.6      -102830.4520       -84.1605 17m43s/Msamples
        3232000   -102907.7708         7.6      -102831.3956       -76.3751 17m43s/Msamples
        3233000   -102917.7507         7.6      -102829.9930       -87.7577 17m43s/Msamples
        3234000   -102906.8216         7.6      -102824.0826       -82.7390 17m43s/Msamples
        3235000   -102910.2512         7.6      -102827.0867       -83.1644 17m43s/Msamples
        3236000   -102914.1147         7.6      -102825.4883       -88.6264 17m43s/Msamples
        3237000   -102916.7916         7.6      -102825.8798       -90.9117 17m43s/Msamples
        3238000   -102912.9908         7.6      -102833.3643       -79.6265 17m43s/Msamples
        3239000   -102909.3476         7.6      -102827.9251       -81.4224 17m43s/Msamples
        3240000   -102911.3687         7.6      -102826.8338       -84.5348 17m43s/Msamples
        3241000   -102904.8346         7.6      -102826.8391       -77.9955 17m43s/Msamples
        3242000   -102905.9146         7.6      -102825.3891       -80.5255 17m43s/Msamples
        3243000   -102906.8075         7.5      -102827.3873       -79.4201 17m43s/Msamples
        3244000   -102907.1248         7.5      -102828.7646       -78.3601 17m43s/Msamples
        3245000   -102919.5690         7.5      -102822.9411       -96.6278 17m43s/Msamples
        3246000   -102910.5901         7.5      -102825.5697       -85.0203 17m42s/Msamples
        3247000   -102906.9118         7.5      -102822.8008       -84.1109 17m42s/Msamples
        3248000   -102916.5405         7.5      -102828.8789       -87.6615 17m43s/Msamples
        3249000   -102924.7349         7.5      -102828.5652       -96.1697 17m43s/Msamples
        3250000   -102904.1377         7.5      -102817.0945       -87.0431 17m42s/Msamples
        3251000   -102898.3295         7.5      -102816.9690       -81.3605 17m43s/Msamples
        3252000   -102896.5332         7.5      -102818.6411       -77.8921 17m43s/Msamples
        3253000   -102904.2295         7.5      -102820.2956       -83.9339 17m43s/Msamples
        3254000   -102897.6892         7.5      -102814.5686       -83.1205 17m43s/Msamples
        3255000   -102905.9312         7.5      -102822.3246       -83.6066 17m43s/Msamples
        3256000   -102918.5725         7.5      -102823.9325       -94.6399 17m43s/Msamples
        3257000   -102931.1518         7.5      -102828.7682      -102.3836 17m43s/Msamples
        3258000   -102929.6757         7.5      -102826.4369      -103.2388 17m43s/Msamples
        3259000   -102931.9792         7.5      -102831.6630      -100.3161 17m43s/Msamples
        3260000   -102932.8719         7.5      -102826.4763      -106.3955 17m43s/Msamples
        3261000   -102934.8431         7.6      -102826.2903      -108.5528 17m43s/Msamples
        3262000   -102936.2086         7.6      -102833.7465      -102.4621 17m42s/Msamples
        3263000   -102922.1602         7.6      -102828.3115       -93.8487 17m42s/Msamples
        3264000   -102931.5031         7.6      -102833.9693       -97.5338 17m42s/Msamples
        3265000   -102921.6512         7.6      -102831.4007       -90.2504 17m42s/Msamples
        3266000   -102918.6965         7.6      -102835.6670       -83.0295 17m42s/Msamples
        3267000   -102928.3088         7.6      -102833.6381       -94.6706 17m42s/Msamples
        3268000   -102934.1721         7.6      -102839.0039       -95.1682 17m42s/Msamples
        3269000   -102912.1639         7.6      -102828.1631       -84.0007 17m42s/Msamples
        3270000   -102904.5079         7.6      -102825.8739       -78.6339 17m42s/Msamples
        3271000   -102903.6653         7.6      -102823.8088       -79.8564 17m42s/Msamples
        3272000   -102913.2530         7.6      -102828.1308       -85.1221 17m42s/Msamples
        3273000   -102934.8543         7.6      -102834.0828      -100.7714 17m43s/Msamples
        3274000   -102921.4355         7.6      -102835.5354       -85.9001 17m42s/Msamples
        3275000   -102920.6602         7.6      -102836.4661       -84.1940 17m42s/Msamples
        3276000   -102907.1845         7.6      -102827.2417       -79.9428 17m42s/Msamples
        3277000   -102900.8869         7.6      -102833.4265       -67.4603 17m42s/Msamples
        3278000   -102901.2733         7.6      -102834.3526       -66.9207 17m42s/Msamples
        3279000   -102901.7057         7.6      -102829.9687       -71.7369 17m43s/Msamples
        3280000   -102904.8348         7.6      -102828.9258       -75.9090 17m43s/Msamples
        3281000   -102895.1861         7.6      -102826.6258       -68.5603 17m43s/Msamples
        3282000   -102901.0709         7.6      -102828.6738       -72.3971 17m43s/Msamples
        3283000   -102893.0206         7.5      -102826.3273       -66.6933 17m43s/Msamples
        3284000   -102905.4205         7.5      -102837.7410       -67.6794 17m43s/Msamples
        3285000   -102904.5223         7.5      -102829.5820       -74.9403 17m42s/Msamples
        3286000   -102921.8573         7.5      -102837.7093       -84.1480 17m42s/Msamples
        3287000   -102932.3016         7.6      -102839.1956       -93.1059 17m42s/Msamples
        3288000   -102922.1707         7.6      -102838.4384       -83.7322 17m42s/Msamples
        3289000   -102918.4065         7.6      -102831.7673       -86.6392 17m42s/Msamples
        3290000   -102916.5736         7.6      -102836.1577       -80.4159 17m42s/Msamples
        3291000   -102927.3773         7.6      -102840.2923       -87.0849 17m42s/Msamples
        3292000   -102920.0625         7.6      -102837.8325       -82.2299 17m42s/Msamples
        3293000   -102930.9344         7.6      -102835.1409       -95.7935 17m42s/Msamples
        3294000   -102919.6130         7.6      -102831.4759       -88.1371 17m42s/Msamples
        3295000   -102924.3960         7.6      -102836.2972       -88.0987 17m42s/Msamples
        3296000   -102910.5323         7.6      -102828.5083       -82.0239 17m42s/Msamples
        3297000   -102912.1223         7.6      -102834.2593       -77.8630 17m42s/Msamples
        3298000   -102918.7983         7.6      -102835.0247       -83.7735 17m42s/Msamples
        3299000   -102919.9865         7.6      -102839.8555       -80.1310 17m42s/Msamples
        3300000   -102918.3933         7.6      -102831.7077       -86.6855 17m42s/Msamples
        3301000   -102918.1427         7.6      -102834.9609       -83.1817 17m42s/Msamples
        3302000   -102925.5022         7.6      -102834.9121       -90.5901 17m43s/Msamples
        3303000   -102907.2734         7.6      -102838.0703       -69.2031 17m42s/Msamples
        3304000   -102922.4527         7.6      -102842.3697       -80.0830 17m42s/Msamples
        3305000   -102911.4899         7.6      -102837.5927       -73.8972 17m42s/Msamples
        3306000   -102918.3828         7.6      -102836.6839       -81.6988 17m42s/Msamples
        3307000   -102922.2278         7.6      -102837.3124       -84.9154 17m42s/Msamples
        3308000   -102918.3220         7.6      -102827.0431       -91.2789 17m42s/Msamples
        3309000   -102908.4935         7.6      -102825.0610       -83.4325 17m42s/Msamples
        3310000   -102902.5918         7.6      -102823.8509       -78.7408 17m42s/Msamples
        3311000   -102906.1920         7.6      -102825.9649       -80.2271 17m43s/Msamples
        3312000   -102896.7639         7.6      -102823.8662       -72.8976 17m43s/Msamples
        3313000   -102915.3373         7.6      -102829.8465       -85.4908 17m43s/Msamples
        3314000   -102905.6480         7.6      -102830.3432       -75.3048 17m43s/Msamples
        3315000   -102917.0800         7.6      -102834.8300       -82.2499 17m43s/Msamples
        3316000   -102910.7875         7.5      -102835.6730       -75.1144 17m43s/Msamples
        3317000   -102914.6364         7.5      -102834.3790       -80.2573 17m43s/Msamples
        3318000   -102930.4709         7.6      -102840.1732       -90.2976 17m43s/Msamples
        3319000   -102939.4395         7.6      -102831.4943      -107.9451 17m43s/Msamples
        3320000   -102932.9236         7.6      -102832.5274      -100.3962 17m43s/Msamples
        3321000   -102918.0999         7.6      -102830.9301       -87.1697 17m43s/Msamples
        3322000   -102910.9900         7.6      -102828.7931       -82.1969 17m43s/Msamples
        3323000   -102911.2955         7.6      -102827.3494       -83.9461 17m42s/Msamples
        3324000   -102907.2779         7.6      -102838.8742       -68.4037 17m42s/Msamples
        3325000   -102907.7328         7.6      -102828.3209       -79.4118 17m42s/Msamples
        3326000   -102902.2540         7.6      -102823.3420       -78.9119 17m43s/Msamples
        3327000   -102916.6991         7.6      -102829.6190       -87.0800 17m42s/Msamples
        3328000   -102905.3172         7.6      -102822.0245       -83.2927 17m42s/Msamples
        3329000   -102896.8076         7.5      -102822.7212       -74.0863 17m42s/Msamples
        3330000   -102907.4699         7.5      -102823.6988       -83.7711 17m42s/Msamples
        3331000   -102892.1781         7.5      -102821.8372       -70.3408 17m42s/Msamples
        3332000   -102898.8387         7.5      -102824.8345       -74.0042 17m42s/Msamples
        3333000   -102895.1747         7.5      -102825.2045       -69.9702 17m42s/Msamples
        3334000   -102905.3884         7.5      -102825.8287       -79.5596 17m42s/Msamples
        3335000   -102905.6014         7.5      -102827.8596       -77.7418 17m42s/Msamples
        3336000   -102889.6123         7.5      -102816.9525       -72.6597 17m42s/Msamples
        3337000   -102903.1188         7.5      -102824.2657       -78.8530 17m42s/Msamples
        3338000   -102888.7855         7.5      -102824.8774       -63.9080 17m42s/Msamples
        3339000   -102889.9458         7.5      -102822.3430       -67.6028 17m42s/Msamples
        3340000   -102901.6108         7.5      -102824.3196       -77.2912 17m42s/Msamples
        3341000   -102902.1620         7.4      -102835.0935       -67.0685 17m42s/Msamples
        3342000   -102894.3223         7.4      -102825.1881       -69.1342 17m42s/Msamples
        3343000   -102897.0229         7.4      -102828.1510       -68.8718 17m42s/Msamples
        3344000   -102901.2276         7.4      -102830.3423       -70.8853 17m42s/Msamples
        3345000   -102901.8033         7.4      -102826.4679       -75.3354 17m42s/Msamples
        3346000   -102904.2203         7.4      -102826.3323       -77.8880 17m42s/Msamples
        3347000   -102926.4058         7.4      -102833.9621       -92.4436 17m42s/Msamples
        3348000   -102923.0707         7.4      -102834.5103       -88.5604 17m42s/Msamples
        3349000   -102915.6516         7.4      -102839.1355       -76.5160 17m42s/Msamples
        3350000   -102916.6589         7.4      -102835.4366       -81.2223 17m42s/Msamples
        3351000   -102904.6918         7.4      -102830.6245       -74.0672 17m42s/Msamples
        3352000   -102884.5831         7.4      -102819.5544       -65.0287 17m42s/Msamples
        3353000   -102895.3804         7.4      -102825.8632       -69.5172 17m42s/Msamples
        3354000   -102886.2691         7.4      -102823.6627       -62.6063 17m42s/Msamples
        3355000   -102886.1349         7.4      -102819.2941       -66.8408 17m42s/Msamples
        3356000   -102882.7313         7.4      -102820.2189       -62.5124 17m42s/Msamples
        3357000   -102880.0768         7.4      -102813.0202       -67.0565 17m42s/Msamples
        3358000   -102889.2205         7.4      -102813.4074       -75.8130 17m42s/Msamples
        3359000   -102891.2272         7.3      -102824.3157       -66.9115 17m42s/Msamples
        3360000   -102898.6821         7.3      -102824.2883       -74.3938 17m42s/Msamples
        3361000   -102901.2353         7.3      -102830.7064       -70.5289 17m42s/Msamples
        3362000   -102899.5330         7.3      -102833.3544       -66.1786 17m42s/Msamples
        3363000   -102908.3820         7.3      -102829.3574       -79.0246 17m42s/Msamples
        3364000   -102895.4000         7.3      -102827.0014       -68.3986 17m42s/Msamples
        3365000   -102894.4577         7.3      -102825.4848       -68.9728 17m42s/Msamples
        3366000   -102901.7163         7.3      -102823.4691       -78.2471 17m42s/Msamples
        3367000   -102890.0502         7.3      -102820.8279       -69.2223 17m42s/Msamples
        3368000   -102873.7079         7.3      -102815.1391       -58.5687 17m42s/Msamples
        3369000   -102869.8242         7.3      -102817.0464       -52.7778 17m42s/Msamples
        3370000   -102887.5771         7.3      -102822.6247       -64.9524 17m42s/Msamples
        3371000   -102889.1595         7.3      -102817.8337       -71.3258 17m42s/Msamples
        3372000   -102902.2475         7.3      -102827.3768       -74.8706 17m42s/Msamples
        3373000   -102898.4821         7.2      -102826.5051       -71.9769 17m42s/Msamples
        3374000   -102895.7564         7.2      -102819.8198       -75.9365 17m42s/Msamples
        3375000   -102894.8390         7.2      -102817.7828       -77.0561 17m42s/Msamples
        3376000   -102910.6375         7.2      -102820.4120       -90.2255 17m42s/Msamples
        3377000   -102893.6258         7.2      -102816.8534       -76.7724 17m42s/Msamples
        3378000   -102895.9257         7.2      -102820.0417       -75.8840 17m42s/Msamples
        3379000   -102903.8546         7.2      -102827.4998       -76.3548 17m42s/Msamples
        3380000   -102894.2019         7.2      -102827.1090       -67.0929 17m42s/Msamples
        3381000   -102916.7394         7.2      -102827.2284       -89.5110 17m42s/Msamples
        3382000   -102913.4089         7.2      -102827.2208       -86.1880 17m42s/Msamples
        3383000   -102901.0698         7.2      -102821.5383       -79.5315 17m42s/Msamples
        3384000   -102895.8446         7.2      -102820.5686       -75.2760 17m42s/Msamples
        3385000   -102882.6836         7.2      -102815.1154       -67.5681 17m42s/Msamples
        3386000   -102886.8526         7.2      -102823.3150       -63.5375 17m42s/Msamples
        3387000   -102892.3696         7.2      -102823.4169       -68.9526 17m42s/Msamples
        3388000   -102902.6979         7.1      -102822.1175       -80.5803 17m42s/Msamples
        3389000   -102903.3392         7.1      -102829.0592       -74.2800 17m42s/Msamples
        3390000   -102896.0512         7.1      -102831.4616       -64.5895 17m42s/Msamples
        3391000   -102886.5363         7.1      -102825.9739       -60.5623 17m42s/Msamples
        3392000   -102887.1287         7.1      -102829.5569       -57.5717 17m42s/Msamples
        3393000   -102884.4859         7.1      -102824.4581       -60.0278 17m42s/Msamples
        3394000   -102883.5089         7.1      -102819.4266       -64.0823 17m42s/Msamples
        3395000   -102890.2525         7.1      -102821.7219       -68.5306 17m42s/Msamples
        3396000   -102877.2113         7.1      -102819.4038       -57.8074 17m42s/Msamples
        3397000   -102865.4500         7.1      -102814.8784       -50.5716 17m42s/Msamples
        3398000   -102872.7684         7.1      -102820.6029       -52.1654 17m42s/Msamples
        3399000   -102872.6069         7.1      -102822.8743       -49.7326 17m42s/Msamples
        3400000   -102877.2056         7.1      -102823.2454       -53.9602 17m42s/Msamples
        3401000   -102880.3587         7.1      -102817.6593       -62.6993 17m42s/Msamples
        3402000   -102882.1409         7.1      -102829.2147       -52.9261 17m42s/Msamples
        3403000   -102881.5775         7.0      -102820.5472       -61.0302 17m42s/Msamples
        3404000   -102877.4932         7.0      -102815.1995       -62.2936 17m42s/Msamples
        3405000   -102879.9843         7.0      -102820.5489       -59.4354 17m42s/Msamples
        3406000   -102880.4983         7.0      -102820.4601       -60.0381 17m42s/Msamples
        3407000   -102897.3533         7.0      -102826.6319       -70.7214 17m42s/Msamples
        3408000   -102900.6009         7.0      -102828.9475       -71.6534 17m42s/Msamples
        3409000   -102903.9198         7.0      -102833.8652       -70.0546 17m42s/Msamples
        3410000   -102894.7481         7.0      -102833.1282       -61.6199 17m42s/Msamples
        3411000   -102896.8968         7.0      -102841.5341       -55.3626 17m42s/Msamples
        3412000   -102886.9659         7.0      -102828.2114       -58.7544 17m42s/Msamples
        3413000   -102892.8584         7.0      -102829.0637       -63.7946 17m42s/Msamples
        3414000   -102902.3328         7.0      -102825.4142       -76.9186 17m42s/Msamples
        3415000   -102895.0060         7.0      -102827.7283       -67.2776 17m42s/Msamples
        3416000   -102897.8724         7.0      -102824.7076       -73.1647 17m42s/Msamples
        3417000   -102900.6350         6.9      -102829.9234       -70.7115 17m42s/Msamples
        3418000   -102908.8148         6.9      -102828.9073       -79.9075 17m42s/Msamples
        3419000   -102917.0882         6.9      -102829.3261       -87.7621 17m42s/Msamples
        3420000   -102904.5556         6.9      -102828.8438       -75.7118 17m42s/Msamples
        3421000   -102901.1215         6.9      -102825.9229       -75.1986 17m42s/Msamples
        3422000   -102907.2370         6.9      -102829.6914       -77.5455 17m42s/Msamples
        3423000   -102906.6545         6.9      -102831.0614       -75.5931 17m42s/Msamples
        3424000   -102921.7271         6.9      -102836.6064       -85.1207 17m42s/Msamples
        3425000   -102926.2392         6.9      -102834.9124       -91.3268 17m42s/Msamples
        3426000   -102920.2914         6.9      -102833.3636       -86.9277 17m42s/Msamples
        3427000   -102916.1453         6.9      -102836.5551       -79.5902 17m42s/Msamples
        3428000   -102925.9929         6.9      -102838.9559       -87.0370 17m42s/Msamples
        3429000   -102909.6853         6.9      -102836.0995       -73.5858 17m42s/Msamples
        3430000   -102907.5386         6.9      -102832.6418       -74.8968 17m42s/Msamples
        3431000   -102910.4683         6.9      -102833.4974       -76.9708 17m42s/Msamples
        3432000   -102908.0285         6.9      -102835.8033       -72.2252 17m42s/Msamples
        3433000   -102910.5814         6.9      -102842.4930       -68.0884 17m42s/Msamples
        3434000   -102907.7568         6.9      -102837.3918       -70.3649 17m42s/Msamples
        3435000   -102908.2079         6.9      -102836.7243       -71.4835 17m42s/Msamples
        3436000   -102914.8346         6.9      -102838.4432       -76.3913 17m42s/Msamples
        3437000   -102914.2096         6.9      -102836.9907       -77.2189 17m42s/Msamples
        3438000   -102921.4851         6.9      -102840.5494       -80.9356 17m42s/Msamples
        3439000   -102915.7243         6.9      -102841.0436       -74.6806 17m42s/Msamples
        3440000   -102917.2066         6.9      -102838.0587       -79.1478 17m42s/Msamples
        3441000   -102912.4476         6.9      -102831.6531       -80.7945 17m42s/Msamples
        3442000   -102926.1766         6.9      -102836.7528       -89.4237 17m42s/Msamples
        3443000   -102925.7205         6.9      -102840.1347       -85.5858 17m42s/Msamples
        3444000   -102921.3868         6.9      -102837.1754       -84.2114 17m42s/Msamples
        3445000   -102912.0255         6.9      -102830.3859       -81.6396 17m42s/Msamples
        3446000   -102904.4347         6.9      -102826.7891       -77.6456 17m42s/Msamples
        3447000   -102923.8640         6.9      -102835.0418       -88.8221 17m42s/Msamples
        3448000   -102925.2198         6.9      -102831.5550       -93.6648 17m42s/Msamples
        3449000   -102911.6139         6.9      -102826.0742       -85.5396 17m42s/Msamples
        3450000   -102917.8784         6.9      -102835.8230       -82.0554 17m42s/Msamples
        3451000   -102915.6324         6.9      -102832.7982       -82.8342 17m42s/Msamples
        3452000   -102909.4242         6.9      -102842.5581       -66.8661 17m42s/Msamples
        3453000   -102916.8962         6.9      -102833.8037       -83.0925 17m42s/Msamples
        3454000   -102903.6337         6.9      -102825.5976       -78.0361 17m42s/Msamples
        3455000   -102915.7085         6.9      -102827.6933       -88.0152 17m42s/Msamples
        3456000   -102915.2916         6.9      -102831.4358       -83.8557 17m42s/Msamples
        3457000   -102932.2235         6.9      -102842.6011       -89.6223 17m42s/Msamples
        3458000   -102917.2140         6.9      -102839.3646       -77.8494 17m42s/Msamples
        3459000   -102912.5916         6.9      -102828.1472       -84.4443 17m42s/Msamples
        3460000   -102913.7345         6.9      -102827.2440       -86.4905 17m42s/Msamples
        3461000   -102912.1312         6.9      -102828.1617       -83.9695 17m42s/Msamples
        3462000   -102926.0753         6.9      -102831.3425       -94.7327 17m42s/Msamples
        3463000   -102917.2526         6.9      -102834.1631       -83.0895 17m42s/Msamples
        3464000   -102919.5156         6.9      -102828.8300       -90.6856 17m42s/Msamples
        3465000   -102912.5055         6.9      -102831.0513       -81.4542 17m42s/Msamples
        3466000   -102915.5315         6.9      -102833.7046       -81.8268 17m42s/Msamples
        3467000   -102901.1866         6.9      -102826.3038       -74.8827 17m42s/Msamples
        3468000   -102909.9498         6.9      -102836.1438       -73.8060 17m42s/Msamples
        3469000   -102900.7361         6.9      -102830.0249       -70.7111 17m42s/Msamples
        3470000   -102898.3396         6.9      -102826.2967       -72.0428 17m42s/Msamples
        3471000   -102893.4771         6.9      -102826.3226       -67.1544 17m42s/Msamples
        3472000   -102916.9018         6.9      -102835.3525       -81.5492 17m42s/Msamples
        3473000   -102921.6230         6.9      -102834.1665       -87.4564 17m42s/Msamples
        3474000   -102920.4228         6.9      -102836.1868       -84.2360 17m42s/Msamples
        3475000   -102910.2242         6.9      -102827.9101       -82.3140 17m42s/Msamples
        3476000   -102925.2072         6.9      -102840.7116       -84.4956 17m42s/Msamples
        3477000   -102916.2319         6.9      -102833.6720       -82.5598 17m42s/Msamples
        3478000   -102926.7768         6.9      -102840.1896       -86.5872 17m42s/Msamples
        3479000   -102922.1102         6.9      -102839.3421       -82.7680 17m42s/Msamples
        3480000   -102923.3427         6.9      -102840.8610       -82.4816 17m42s/Msamples
        3481000   -102918.3119         6.9      -102837.6845       -80.6274 17m42s/Msamples
        3482000   -102912.2968         6.9      -102832.3045       -79.9922 17m42s/Msamples
        3483000   -102909.2614         6.9      -102833.4254       -75.8359 17m42s/Msamples
        3484000   -102913.1186         6.9      -102830.8161       -82.3024 17m42s/Msamples
        3485000   -102901.0411         6.9      -102827.1081       -73.9329 17m42s/Msamples
        3486000   -102914.2093         6.9      -102830.7762       -83.4331 17m42s/Msamples
        3487000   -102913.2605         6.9      -102831.2837       -81.9767 17m42s/Msamples
        3488000   -102907.7104         6.9      -102829.5672       -78.1431 17m42s/Msamples
        3489000   -102910.0031         6.9      -102833.3979       -76.6051 17m42s/Msamples
        3490000   -102922.5357         6.9      -102838.6889       -83.8467 17m42s/Msamples
        3491000   -102925.4652         6.9      -102835.0057       -90.4595 17m42s/Msamples
        3492000   -102919.5560         6.9      -102829.6174       -89.9386 17m42s/Msamples
        3493000   -102931.9063         6.9      -102836.8979       -95.0084 17m42s/Msamples
        3494000   -102926.0084         6.9      -102834.3150       -91.6933 17m42s/Msamples
        3495000   -102928.9276         6.9      -102834.6187       -94.3089 17m42s/Msamples
        3496000   -102933.9573         6.9      -102836.9674       -96.9898 17m42s/Msamples
        3497000   -102918.7889         6.9      -102834.4244       -84.3644 17m42s/Msamples
        3498000   -102923.1718         6.9      -102832.5391       -90.6326 17m42s/Msamples
        3499000   -102915.0551         6.9      -102829.6728       -85.3823 17m42s/Msamples
        3500000   -102913.7259         6.9      -102831.9108       -81.8150 17m42s/Msamples
        3501000   -102927.9054         6.9      -102833.8454       -94.0600 17m42s/Msamples
        3502000   -102931.7533         6.9      -102845.1885       -86.5647 17m42s/Msamples
        3503000   -102919.5510         6.9      -102832.5844       -86.9665 17m42s/Msamples
        3504000   -102913.8322         6.9      -102830.9491       -82.8831 17m42s/Msamples
        3505000   -102910.7866         6.9      -102834.9227       -75.8638 17m42s/Msamples
        3506000   -102914.8452         6.9      -102837.5076       -77.3375 17m42s/Msamples
        3507000   -102920.1330         6.9      -102836.6437       -83.4892 17m42s/Msamples
        3508000   -102922.0586         6.9      -102836.2139       -85.8447 17m42s/Msamples
        3509000   -102921.0686         6.9      -102839.2213       -81.8472 17m42s/Msamples
        3510000   -102924.0273         6.9      -102842.2026       -81.8246 17m42s/Msamples
        3511000   -102930.1705         6.9      -102835.1203       -95.0501 17m42s/Msamples
        3512000   -102933.4908         7.0      -102839.6329       -93.8578 17m42s/Msamples
        3513000   -102923.5938         7.0      -102835.5520       -88.0418 17m42s/Msamples
        3514000   -102930.9378         7.0      -102834.9446       -95.9931 17m42s/Msamples
        3515000   -102940.4193         7.0      -102836.3676      -104.0516 17m42s/Msamples
        3516000   -102930.5918         7.0      -102834.0418       -96.5499 17m42s/Msamples
        3517000   -102935.3952         7.0      -102846.0693       -89.3258 17m42s/Msamples
        3518000   -102921.3451         7.0      -102834.4430       -86.9021 17m42s/Msamples
        3519000   -102919.1303         7.0      -102844.9060       -74.2242 17m42s/Msamples
        3520000   -102921.8678         7.0      -102839.8294       -82.0384 17m42s/Msamples
        3521000   -102920.7922         7.0      -102840.9458       -79.8464 17m42s/Msamples
        3522000   -102924.5143         7.0      -102841.5619       -82.9524 17m42s/Msamples
        3523000   -102938.6538         7.0      -102839.3725       -99.2812 17m42s/Msamples
        3524000   -102943.1764         7.1      -102845.9422       -97.2342 17m42s/Msamples
        3525000   -102911.5554         7.1      -102831.6401       -79.9153 17m42s/Msamples
        3526000   -102926.4461         7.1      -102832.3258       -94.1203 17m42s/Msamples
        3527000   -102912.3048         7.1      -102828.8651       -83.4396 17m42s/Msamples
        3528000   -102910.7218         7.1      -102831.3059       -79.4159 17m42s/Msamples
        3529000   -102895.3436         7.1      -102822.4335       -72.9100 17m42s/Msamples
        3530000   -102895.4682         7.0      -102821.6848       -73.7833 17m42s/Msamples
        3531000   -102898.0058         7.0      -102824.4112       -73.5945 17m42s/Msamples
        3532000   -102914.7697         7.0      -102824.0840       -90.6857 17m42s/Msamples
        3533000   -102924.1850         7.0      -102826.9914       -97.1935 17m42s/Msamples
        3534000   -102933.1799         7.1      -102840.8107       -92.3692 17m42s/Msamples
        3535000   -102912.1677         7.1      -102834.8092       -77.3584 17m42s/Msamples
        3536000   -102916.8334         7.1      -102833.3575       -83.4759 17m42s/Msamples
        3537000   -102912.4496         7.1      -102828.9126       -83.5370 17m42s/Msamples
        3538000   -102913.4703         7.1      -102831.3126       -82.1576 17m42s/Msamples
        3539000   -102896.3666         7.0      -102825.7403       -70.6263 17m42s/Msamples
        3540000   -102905.7744         7.0      -102828.0839       -77.6905 17m42s/Msamples
        3541000   -102902.0806         7.0      -102825.7955       -76.2851 17m42s/Msamples
        3542000   -102896.1213         7.0      -102819.5453       -76.5759 17m42s/Msamples
        3543000   -102905.6037         7.0      -102826.6636       -78.9401 17m42s/Msamples
        3544000   -102909.6453         7.0      -102829.8894       -79.7559 17m42s/Msamples
        3545000   -102902.6570         7.0      -102827.6939       -74.9630 17m42s/Msamples
        3546000   -102899.0175         7.0      -102817.5038       -81.5137 17m42s/Msamples
        3547000   -102900.5634         7.0      -102818.0354       -82.5280 17m42s/Msamples
        3548000   -102911.8751         7.0      -102820.6560       -91.2191 17m42s/Msamples
        3549000   -102924.4953         7.0      -102828.9359       -95.5593 17m42s/Msamples
        3550000   -102917.5040         7.0      -102825.7553       -91.7487 17m42s/Msamples
        3551000   -102931.8773         7.0      -102833.7085       -98.1688 17m42s/Msamples
        3552000   -102919.2826         7.0      -102823.8305       -95.4521 17m42s/Msamples
        3553000   -102914.2379         7.0      -102822.2685       -91.9693 17m42s/Msamples
        3554000   -102913.5437         7.0      -102831.0671       -82.4766 17m42s/Msamples
        3555000   -102911.0874         7.0      -102832.9520       -78.1354 17m42s/Msamples
        3556000   -102899.6361         7.0      -102822.8638       -76.7722 17m42s/Msamples
        3557000   -102892.1978         7.0      -102821.0508       -71.1469 17m42s/Msamples
        3558000   -102895.1676         7.0      -102825.1153       -70.0523 17m42s/Msamples
        3559000   -102904.4576         7.0      -102824.5880       -79.8696 17m42s/Msamples
        3560000   -102897.8776         7.0      -102823.3333       -74.5442 17m42s/Msamples
        3561000   -102894.5826         7.0      -102820.0116       -74.5710 17m42s/Msamples
        3562000   -102900.0507         7.0      -102822.5153       -77.5354 17m42s/Msamples
        3563000   -102898.2948         7.0      -102822.4357       -75.8590 17m42s/Msamples
        3564000   -102908.7194         7.0      -102831.9763       -76.7430 17m42s/Msamples
        3565000   -102915.9208         7.0      -102831.7424       -84.1783 17m42s/Msamples
        3566000   -102924.1656         7.0      -102831.5993       -92.5662 17m42s/Msamples
        3567000   -102916.4567         7.0      -102823.1880       -93.2687 17m42s/Msamples
        3568000   -102915.2440         7.0      -102830.9245       -84.3194 17m42s/Msamples
        3569000   -102909.2438         7.0      -102826.3830       -82.8607 17m42s/Msamples
        3570000   -102911.9023         7.0      -102830.1777       -81.7246 17m42s/Msamples
        3571000   -102901.5383         7.0      -102827.3247       -74.2135 17m42s/Msamples
        3572000   -102918.5465         7.0      -102834.9132       -83.6332 17m42s/Msamples
        3573000   -102917.3001         7.0      -102827.9532       -89.3468 17m42s/Msamples
        3574000   -102917.5632         7.0      -102830.9669       -86.5962 17m42s/Msamples
        3575000   -102903.9424         7.0      -102824.9477       -78.9946 17m42s/Msamples
        3576000   -102914.7888         7.0      -102826.6647       -88.1240 17m42s/Msamples
        3577000   -102917.8390         7.0      -102832.5359       -85.3031 17m42s/Msamples
        3578000   -102913.6039         7.0      -102831.2566       -82.3473 17m42s/Msamples
        3579000   -102907.3060         7.0      -102825.0751       -82.2309 17m42s/Msamples
        3580000   -102912.4381         7.0      -102832.8878       -79.5503 17m42s/Msamples
        3581000   -102905.0254         7.0      -102825.6623       -79.3630 17m42s/Msamples
        3582000   -102891.2660         6.9      -102820.2005       -71.0655 17m42s/Msamples
        3583000   -102894.3477         6.9      -102824.8538       -69.4939 17m42s/Msamples
        3584000   -102889.3577         6.9      -102813.5513       -75.8063 17m42s/Msamples
        3585000   -102889.1292         6.9      -102811.2742       -77.8550 17m42s/Msamples
        3586000   -102893.8230         6.9      -102819.1248       -74.6981 17m42s/Msamples
        3587000   -102906.6206         6.9      -102825.8903       -80.7303 17m42s/Msamples
        3588000   -102905.6910         6.9      -102814.3143       -91.3767 17m42s/Msamples
        3589000   -102908.2205         6.9      -102822.8093       -85.4111 17m42s/Msamples
        3590000   -102910.4981         6.9      -102825.9176       -84.5804 17m42s/Msamples
        3591000   -102912.6471         6.9      -102823.2040       -89.4431 17m42s/Msamples
        3592000   -102932.6512         6.9      -102831.3142      -101.3370 17m42s/Msamples
        3593000   -102932.7958         6.9      -102829.5336      -103.2621 17m42s/Msamples
        3594000   -102921.2909         6.9      -102827.6977       -93.5931 17m42s/Msamples
        3595000   -102916.5319         6.9      -102825.9990       -90.5328 17m42s/Msamples
        3596000   -102926.7647         6.9      -102831.4543       -95.3103 17m42s/Msamples
        3597000   -102923.3129         6.9      -102832.6715       -90.6413 17m42s/Msamples
        3598000   -102924.2662         7.0      -102832.1921       -92.0741 17m42s/Msamples
        3599000   -102923.7649         7.0      -102839.6293       -84.1355 17m42s/Msamples
        3600000   -102919.5140         7.0      -102833.7596       -85.7543 17m42s/Msamples
        3601000   -102927.7686         7.0      -102835.1903       -92.5783 17m42s/Msamples
        3602000   -102925.4362         7.0      -102829.6637       -95.7725 17m42s/Msamples
        3603000   -102916.4713         7.0      -102834.2801       -82.1911 17m42s/Msamples
        3604000   -102921.3536         7.0      -102832.5781       -88.7754 17m42s/Msamples
        3605000   -102923.4688         7.0      -102837.5985       -85.8702 17m42s/Msamples
        3606000   -102919.8554         7.0      -102833.3295       -86.5259 17m42s/Msamples
        3607000   -102917.2337         7.0      -102827.4682       -89.7655 17m42s/Msamples
        3608000   -102916.7008         7.0      -102824.3642       -92.3365 17m42s/Msamples
        3609000   -102915.3587         7.0      -102823.5620       -91.7967 17m42s/Msamples
        3610000   -102923.5478         7.0      -102834.0870       -89.4607 17m42s/Msamples
        3611000   -102933.3570         7.0      -102838.0074       -95.3496 17m42s/Msamples
        3612000   -102925.1883         7.0      -102834.6285       -90.5597 17m42s/Msamples
        3613000   -102927.6976         7.0      -102835.7450       -91.9525 17m42s/Msamples
        3614000   -102915.0703         7.0      -102828.0059       -87.0643 17m42s/Msamples
        3615000   -102919.4959         7.0      -102829.2227       -90.2732 17m42s/Msamples
        3616000   -102911.8453         7.0      -102820.9726       -90.8726 17m42s/Msamples
        3617000   -102904.1489         7.0      -102818.8768       -85.2720 17m42s/Msamples
        3618000   -102916.8931         7.0      -102823.1747       -93.7184 17m42s/Msamples
        3619000   -102919.9455         7.0      -102829.3641       -90.5813 17m42s/Msamples
        3620000   -102903.1798         7.0      -102822.8091       -80.3706 17m42s/Msamples
        3621000   -102920.3093         7.0      -102824.3832       -95.9261 17m42s/Msamples
        3622000   -102913.1896         7.0      -102823.5189       -89.6706 17m42s/Msamples
        3623000   -102916.5197         7.0      -102827.7452       -88.7744 17m42s/Msamples
        3624000   -102913.0380         7.0      -102821.3980       -91.6400 17m42s/Msamples
        3625000   -102916.1038         7.0      -102826.4132       -89.6906 17m42s/Msamples
        3626000   -102929.0337         7.0      -102830.6290       -98.4047 17m42s/Msamples
        3627000   -102925.6891         7.0      -102829.3028       -96.3863 17m42s/Msamples
        3628000   -102915.8245         7.0      -102828.4453       -87.3792 17m42s/Msamples
        3629000   -102922.1574         7.0      -102828.7691       -93.3882 17m42s/Msamples
        3630000   -102915.4802         7.0      -102829.5233       -85.9568 17m42s/Msamples
        3631000   -102911.2010         7.0      -102827.1016       -84.0994 17m42s/Msamples
        3632000   -102922.5721         7.0      -102829.8084       -92.7637 17m42s/Msamples
        3633000   -102934.9473         7.0      -102831.4619      -103.4854 17m42s/Msamples
        3634000   -102923.9038         7.0      -102824.7851       -99.1187 17m42s/Msamples
        3635000   -102924.6887         7.1      -102827.3125       -97.3761 17m42s/Msamples
        3636000   -102923.7126         7.1      -102829.6515       -94.0610 17m42s/Msamples
        3637000   -102924.3580         7.1      -102825.6120       -98.7460 17m42s/Msamples
        3638000   -102925.2230         7.1      -102827.4712       -97.7517 17m42s/Msamples
        3639000   -102922.5512         7.1      -102827.2159       -95.3352 17m42s/Msamples
        3640000   -102907.6587         7.1      -102822.8039       -84.8547 17m42s/Msamples
        3641000   -102898.7518         7.1      -102818.3390       -80.4127 17m42s/Msamples
        3642000   -102910.8327         7.1      -102825.0266       -85.8060 17m42s/Msamples
        3643000   -102922.7087         7.1      -102832.5694       -90.1393 17m42s/Msamples
        3644000   -102917.1474         7.1      -102830.0795       -87.0678 17m42s/Msamples
        3645000   -102896.6289         7.1      -102818.4394       -78.1894 17m42s/Msamples
        3646000   -102916.5183         7.1      -102828.4137       -88.1045 17m42s/Msamples
        3647000   -102906.4667         7.1      -102823.6617       -82.8050 17m42s/Msamples
        3648000   -102909.2455         7.1      -102821.7721       -87.4733 17m42s/Msamples
        3649000   -102915.4105         7.1      -102829.1656       -86.2448 17m42s/Msamples
        3650000   -102919.0062         7.1      -102826.8806       -92.1255 17m42s/Msamples
        3651000   -102903.6575         7.1      -102824.2425       -79.4149 17m42s/Msamples
        3652000   -102906.1496         7.1      -102821.9041       -84.2455 17m42s/Msamples
        3653000   -102910.5362         7.1      -102820.0381       -90.4980 17m42s/Msamples
        3654000   -102915.0228         7.1      -102820.4190       -94.6038 17m42s/Msamples
        3655000   -102901.8709         7.1      -102822.2355       -79.6353 17m42s/Msamples
        3656000   -102912.1459         7.1      -102829.1071       -83.0388 17m42s/Msamples
        3657000   -102913.4097         7.1      -102821.4914       -91.9183 17m42s/Msamples
        3658000   -102921.7845         7.1      -102821.1054      -100.6791 17m42s/Msamples
        3659000   -102919.6573         7.1      -102824.7552       -94.9020 17m42s/Msamples
        3660000   -102921.4942         7.1      -102823.7440       -97.7502 17m42s/Msamples
        3661000   -102925.0845         7.1      -102828.7018       -96.3827 17m42s/Msamples
        3662000   -102928.0363         7.1      -102824.4971      -103.5391 17m42s/Msamples
        3663000   -102923.4048         7.1      -102827.3940       -96.0108 17m42s/Msamples
        3664000   -102920.9116         7.1      -102822.3973       -98.5142 17m42s/Msamples
        3665000   -102932.3321         7.1      -102830.3753      -101.9567 17m42s/Msamples
        3666000   -102921.8680         7.1      -102827.2854       -94.5825 17m42s/Msamples
        3667000   -102926.4910         7.1      -102833.0034       -93.4876 17m42s/Msamples
        3668000   -102916.8600         7.1      -102823.4664       -93.3935 17m42s/Msamples
        3669000   -102915.3060         7.1      -102824.8778       -90.4281 17m42s/Msamples
        3670000   -102913.9527         7.1      -102824.3001       -89.6526 17m42s/Msamples
        3671000   -102916.1994         7.1      -102823.1503       -93.0491 17m42s/Msamples
        3672000   -102918.1488         7.1      -102825.2712       -92.8775 17m42s/Msamples
        3673000   -102935.6882         7.1      -102836.7604       -98.9278 17m42s/Msamples
        3674000   -102938.5503         7.1      -102837.0861      -101.4642 17m42s/Msamples
        3675000   -102927.6100         7.1      -102826.4294      -101.1806 17m42s/Msamples
        3676000   -102923.5049         7.1      -102831.2816       -92.2233 17m42s/Msamples
        3677000   -102929.5098         7.2      -102829.7589       -99.7509 17m42s/Msamples
        3678000   -102926.4901         7.2      -102831.5954       -94.8946 17m42s/Msamples
        3679000   -102933.4127         7.2      -102827.8513      -105.5613 17m42s/Msamples
        3680000   -102930.4581         7.2      -102825.3993      -105.0588 17m42s/Msamples
        3681000   -102939.3797         7.2      -102829.8957      -109.4839 17m42s/Msamples
        3682000   -102923.6287         7.2      -102826.0848       -97.5439 17m42s/Msamples
        3683000   -102928.2879         7.2      -102831.6206       -96.6673 17m42s/Msamples
        3684000   -102921.0649         7.2      -102824.0024       -97.0625 17m42s/Msamples
        3685000   -102923.9742         7.2      -102832.0352       -91.9390 17m42s/Msamples
        3686000   -102927.2042         7.2      -102833.1681       -94.0361 17m42s/Msamples
        3687000   -102929.3892         7.2      -102833.0106       -96.3786 17m42s/Msamples
        3688000   -102927.5888         7.2      -102826.9415      -100.6472 17m42s/Msamples
        3689000   -102912.3002         7.2      -102820.6586       -91.6415 17m42s/Msamples
        3690000   -102918.8267         7.2      -102825.1757       -93.6509 17m42s/Msamples
        3691000   -102926.3761         7.2      -102829.9562       -96.4199 17m42s/Msamples
        3692000   -102923.3565         7.3      -102826.8760       -96.4804 17m42s/Msamples
        3693000   -102927.4947         7.3      -102830.3804       -97.1142 17m42s/Msamples
        3694000   -102930.2935         7.3      -102833.2049       -97.0885 17m42s/Msamples
        3695000   -102927.9520         7.3      -102826.9614      -100.9905 17m42s/Msamples
        3696000   -102929.1776         7.3      -102820.8524      -108.3252 17m42s/Msamples
        3697000   -102920.0800         7.3      -102822.9092       -97.1707 17m42s/Msamples
        3698000   -102916.4760         7.3      -102826.1564       -90.3195 17m42s/Msamples
        3699000   -102920.9653         7.3      -102823.7013       -97.2639 17m42s/Msamples
        3700000   -102923.2766         7.3      -102828.2775       -94.9991 17m42s/Msamples
        3701000   -102924.6704         7.3      -102829.4851       -95.1852 17m42s/Msamples
        3702000   -102932.0626         7.3      -102830.0334      -102.0292 17m42s/Msamples
        3703000   -102936.3146         7.3      -102833.2861      -103.0285 17m42s/Msamples
        3704000   -102926.5457         7.3      -102833.9954       -92.5502 17m42s/Msamples
        3705000   -102938.1150         7.3      -102832.0646      -106.0503 17m42s/Msamples
        3706000   -102919.7251         7.3      -102826.5324       -93.1927 17m42s/Msamples
        3707000   -102925.2488         7.3      -102825.7899       -99.4589 17m42s/Msamples
        3708000   -102925.9209         7.4      -102826.6393       -99.2815 17m42s/Msamples
        3709000   -102918.1783         7.4      -102821.7967       -96.3816 17m42s/Msamples
        3710000   -102906.0066         7.4      -102824.4700       -81.5366 17m42s/Msamples
        3711000   -102915.4469         7.4      -102827.9280       -87.5188 17m42s/Msamples
        3712000   -102914.5479         7.4      -102825.6570       -88.8908 17m42s/Msamples
        3713000   -102908.4393         7.4      -102821.7371       -86.7022 17m42s/Msamples
        3714000   -102912.2611         7.4      -102829.5445       -82.7165 17m42s/Msamples
        3715000   -102926.5535         7.4      -102833.3820       -93.1714 17m42s/Msamples
        3716000   -102937.0169         7.4      -102834.9642      -102.0526 17m42s/Msamples
        3717000   -102939.5220         7.4      -102838.3771      -101.1449 17m42s/Msamples
        3718000   -102940.6974         7.4      -102836.1120      -104.5853 17m42s/Msamples
        3719000   -102938.7605         7.4      -102838.1073      -100.6531 17m42s/Msamples
        3720000   -102930.9899         7.4      -102834.2721       -96.7177 17m42s/Msamples
        3721000   -102926.6207         7.4      -102832.3751       -94.2456 17m42s/Msamples
        3722000   -102931.3094         7.4      -102831.7651       -99.5442 17m42s/Msamples
        3723000   -102930.6590         7.5      -102835.9111       -94.7479 17m42s/Msamples
        3724000   -102928.1090         7.5      -102833.3420       -94.7670 17m42s/Msamples
        3725000   -102943.8750         7.5      -102842.2206      -101.6544 17m42s/Msamples
        3726000   -102940.9409         7.5      -102840.3931      -100.5478 17m42s/Msamples
        3727000   -102941.0406         7.5      -102836.8795      -104.1611 17m42s/Msamples
        3728000   -102942.0130         7.5      -102833.7722      -108.2408 17m42s/Msamples
        3729000   -102939.3453         7.6      -102829.9693      -109.3759 17m42s/Msamples
        3730000   -102944.5258         7.6      -102829.2632      -115.2625 17m42s/Msamples
        3731000   -102932.8577         7.6      -102826.9635      -105.8941 17m42s/Msamples
        3732000   -102936.0177         7.6      -102832.1565      -103.8611 17m42s/Msamples
        3733000   -102929.5313         7.6      -102828.9536      -100.5776 17m42s/Msamples
        3734000   -102925.4278         7.6      -102825.4717       -99.9560 17m42s/Msamples
        3735000   -102918.0878         7.6      -102822.4078       -95.6800 17m42s/Msamples
        3736000   -102924.5668         7.6      -102831.3780       -93.1887 17m42s/Msamples
        3737000   -102919.0745         7.6      -102827.0789       -91.9956 17m42s/Msamples
        3738000   -102929.7764         7.6      -102830.7977       -98.9786 17m42s/Msamples
        3739000   -102920.7547         7.6      -102820.9338       -99.8208 17m42s/Msamples
        3740000   -102941.3023         7.7      -102832.4089      -108.8934 17m42s/Msamples
        3741000   -102936.9123         7.7      -102827.6652      -109.2470 17m42s/Msamples
        3742000   -102930.1075         7.7      -102828.2594      -101.8480 17m42s/Msamples
        3743000   -102930.3227         7.7      -102827.8118      -102.5109 17m42s/Msamples
        3744000   -102930.8786         7.7      -102823.3131      -107.5654 17m42s/Msamples
        3745000   -102931.6607         7.7      -102829.2545      -102.4062 17m42s/Msamples
        3746000   -102916.9155         7.7      -102828.9710       -87.9444 17m42s/Msamples
        3747000   -102922.8330         7.7      -102834.4785       -88.3544 17m42s/Msamples
        3748000   -102919.7315         7.7      -102832.3207       -87.4108 17m42s/Msamples
        3749000   -102912.5793         7.7      -102827.7509       -84.8283 17m42s/Msamples
        3750000   -102905.2311         7.7      -102821.9347       -83.2963 17m42s/Msamples
        3751000   -102916.6710         7.7      -102827.0897       -89.5812 17m42s/Msamples
        3752000   -102924.4228         7.7      -102828.1908       -96.2320 17m42s/Msamples
        3753000   -102929.7637         7.7      -102829.6699      -100.0938 17m42s/Msamples
        3754000   -102927.5743         7.7      -102832.4642       -95.1101 17m42s/Msamples
        3755000   -102928.7368         7.7      -102826.9205      -101.8163 17m42s/Msamples
        3756000   -102912.9431         7.7      -102826.0485       -86.8946 17m42s/Msamples
        3757000   -102928.7821         7.7      -102829.0541       -99.7280 17m42s/Msamples
        3758000   -102927.1998         7.7      -102827.4952       -99.7046 17m42s/Msamples
        3759000   -102935.5217         7.8      -102832.2374      -103.2842 17m42s/Msamples
        3760000   -102919.9920         7.8      -102822.4129       -97.5791 17m42s/Msamples
        3761000   -102929.3563         7.8      -102829.4110       -99.9453 17m42s/Msamples
        3762000   -102929.1737         7.8      -102832.4063       -96.7673 17m42s/Msamples
        3763000   -102929.2717         7.8      -102835.1290       -94.1426 17m42s/Msamples
        3764000   -102945.1925         7.8      -102839.3269      -105.8655 17m42s/Msamples
        3765000   -102927.8549         7.8      -102828.5115       -99.3434 17m42s/Msamples
        3766000   -102930.7799         7.8      -102833.2984       -97.4814 17m42s/Msamples
        3767000   -102920.9850         7.8      -102825.4525       -95.5324 17m42s/Msamples
        3768000   -102918.8835         7.8      -102830.5094       -88.3740 17m42s/Msamples
        3769000   -102920.5528         7.8      -102830.3627       -90.1900 17m42s/Msamples
        3770000   -102920.4875         7.8      -102826.2032       -94.2842 17m42s/Msamples
        3771000   -102919.0507         7.8      -102825.0480       -94.0026 17m42s/Msamples
        3772000   -102920.3016         7.8      -102824.6884       -95.6131 17m42s/Msamples
        3773000   -102920.2599         7.9      -102825.3144       -94.9455 17m42s/Msamples
        3774000   -102925.4511         7.9      -102828.8465       -96.6045 17m42s/Msamples
        3775000   -102927.0961         7.9      -102831.0515       -96.0445 17m42s/Msamples
        3776000   -102925.7616         7.9      -102832.4510       -93.3105 17m42s/Msamples
        3777000   -102931.7733         7.9      -102832.6258       -99.1474 17m42s/Msamples
        3778000   -102920.1652         7.9      -102831.6856       -88.4796 17m42s/Msamples
        3779000   -102919.4626         7.9      -102831.0581       -88.4045 17m42s/Msamples
        3780000   -102921.3345         7.9      -102832.3879       -88.9466 17m42s/Msamples
        3781000   -102926.5610         7.9      -102833.3272       -93.2337 17m42s/Msamples
        3782000   -102916.0636         7.9      -102833.4550       -82.6085 17m42s/Msamples
        3783000   -102921.9145         7.9      -102831.9893       -89.9252 17m42s/Msamples
        3784000   -102925.1778         7.9      -102833.2308       -91.9470 17m42s/Msamples
        3785000   -102907.3457         7.9      -102828.3764       -78.9692 17m42s/Msamples
        3786000   -102909.4747         7.9      -102830.6487       -78.8259 17m42s/Msamples
        3787000   -102914.5245         7.9      -102827.8547       -86.6698 17m42s/Msamples
        3788000   -102916.6573         7.9      -102830.2958       -86.3614 17m42s/Msamples
        3789000   -102932.4301         7.9      -102842.7332       -89.6968 17m42s/Msamples
        3790000   -102922.9798         7.9      -102830.6585       -92.3212 17m42s/Msamples
        3791000   -102923.1467         7.9      -102835.6243       -87.5223 17m42s/Msamples
        3792000   -102915.2916         7.9      -102828.7373       -86.5543 17m42s/Msamples
        3793000   -102912.3965         7.9      -102824.1117       -88.2847 17m42s/Msamples
        3794000   -102919.1836         7.9      -102823.6429       -95.5407 17m42s/Msamples
        3795000   -102925.7882         7.9      -102832.5823       -93.2058 17m42s/Msamples
        3796000   -102903.2971         7.9      -102818.9915       -84.3055 17m42s/Msamples
        3797000   -102896.7320         7.9      -102817.5798       -79.1522 17m42s/Msamples
        3798000   -102907.3937         7.9      -102820.6443       -86.7494 17m42s/Msamples
        3799000   -102906.9434         7.9      -102817.8255       -89.1179 17m42s/Msamples
        3800000   -102903.7073         7.9      -102816.5487       -87.1586 17m42s/Msamples
        3801000   -102886.4041         7.9      -102809.9562       -76.4478 17m42s/Msamples
        3802000   -102917.9029         7.9      -102821.8051       -96.0977 17m42s/Msamples
        3803000   -102906.0101         7.9      -102822.0048       -84.0052 17m42s/Msamples
        3804000   -102908.0139         7.9      -102816.1124       -91.9014 17m42s/Msamples
        3805000   -102915.1239         7.9      -102824.3420       -90.7818 17m42s/Msamples
        3806000   -102910.9595         7.9      -102822.2876       -88.6719 17m42s/Msamples
        3807000   -102908.5277         7.9      -102814.3300       -94.1977 17m42s/Msamples
        3808000   -102918.9431         7.9      -102823.3590       -95.5840 17m42s/Msamples
        3809000   -102912.6979         7.9      -102819.3392       -93.3586 17m42s/Msamples
        3810000   -102909.9082         7.9      -102825.1371       -84.7711 17m42s/Msamples
        3811000   -102901.9192         7.9      -102817.4661       -84.4530 17m42s/Msamples
        3812000   -102900.5196         7.9      -102821.6108       -78.9087 17m42s/Msamples
        3813000   -102900.3274         7.9      -102822.5889       -77.7384 17m42s/Msamples
        3814000   -102905.2499         7.9      -102828.7614       -76.4885 17m42s/Msamples
        3815000   -102917.5751         7.9      -102828.9514       -88.6237 17m42s/Msamples
        3816000   -102911.7560         7.9      -102822.4555       -89.3005 17m42s/Msamples
        3817000   -102927.9501         7.9      -102834.6558       -93.2943 17m42s/Msamples
        3818000   -102916.4950         7.9      -102827.5007       -88.9942 17m42s/Msamples
        3819000   -102926.7021         7.9      -102829.3184       -97.3837 17m42s/Msamples
        3820000   -102923.8027         7.9      -102833.2613       -90.5414 17m42s/Msamples
        3821000   -102918.7524         7.9      -102829.1793       -89.5731 17m42s/Msamples
        3822000   -102910.7452         7.9      -102828.0597       -82.6855 17m42s/Msamples
        3823000   -102919.7054         7.9      -102835.2898       -84.4156 17m42s/Msamples
        3824000   -102919.8950         7.9      -102834.8799       -85.0151 17m42s/Msamples
        3825000   -102915.9602         7.9      -102833.1453       -82.8148 17m42s/Msamples
        3826000   -102906.8543         7.9      -102827.3547       -79.4996 17m42s/Msamples
        3827000   -102910.7515         7.9      -102835.0196       -75.7318 17m42s/Msamples
        3828000   -102910.7501         7.9      -102824.1598       -86.5903 17m42s/Msamples
        3829000   -102914.7711         7.9      -102827.4512       -87.3199 17m42s/Msamples
        3830000   -102907.1724         7.9      -102824.0509       -83.1214 17m42s/Msamples
        3831000   -102906.1619         7.9      -102822.5744       -83.5875 17m42s/Msamples
        3832000   -102898.7379         7.9      -102822.0626       -76.6752 17m42s/Msamples
        3833000   -102908.7373         7.9      -102824.5923       -84.1449 17m42s/Msamples
        3834000   -102903.8296         7.9      -102818.4379       -85.3916 17m42s/Msamples
        3835000   -102914.1322         7.9      -102825.3627       -88.7694 17m42s/Msamples
        3836000   -102909.5875         7.9      -102826.2245       -83.3630 17m42s/Msamples
        3837000   -102929.5309         7.9      -102829.9151       -99.6157 17m42s/Msamples
        3838000   -102919.1106         7.9      -102825.9919       -93.1186 17m42s/Msamples
        3839000   -102913.0656         7.9      -102825.8580       -87.2075 17m42s/Msamples
        3840000   -102912.6772         7.9      -102829.5604       -83.1167 17m42s/Msamples
        3841000   -102897.0081         7.9      -102818.9669       -78.0412 17m42s/Msamples
        3842000   -102888.0880         7.9      -102818.3318       -69.7561 17m42s/Msamples
        3843000   -102904.8545         7.9      -102821.6960       -83.1585 17m42s/Msamples
        3844000   -102903.1437         7.9      -102823.4463       -79.6973 17m42s/Msamples
        3845000   -102910.7862         7.9      -102832.5553       -78.2308 17m42s/Msamples
        3846000   -102907.0809         7.9      -102826.2615       -80.8194 17m42s/Msamples
        3847000   -102912.4443         7.9      -102828.2088       -84.2355 17m42s/Msamples
        3848000   -102913.0223         7.9      -102828.9082       -84.1140 17m42s/Msamples
        3849000   -102921.2656         7.9      -102831.5677       -89.6978 17m42s/Msamples
        3850000   -102924.0724         7.9      -102827.5266       -96.5458 17m42s/Msamples
        3851000   -102927.6891         7.9      -102832.3716       -95.3175 17m42s/Msamples
        3852000   -102920.8042         7.9      -102831.8159       -88.9882 17m42s/Msamples
        3853000   -102927.1055         7.9      -102832.1330       -94.9724 17m42s/Msamples
        3854000   -102932.8511         7.9      -102833.8103       -99.0408 17m42s/Msamples
        3855000   -102931.5769         7.9      -102835.4385       -96.1383 17m42s/Msamples
        3856000   -102930.6646         7.9      -102833.8005       -96.8641 17m42s/Msamples
        3857000   -102927.5570         7.9      -102836.3536       -91.2034 17m42s/Msamples
        3858000   -102924.1287         7.9      -102829.2451       -94.8835 17m42s/Msamples
        3859000   -102923.1402         7.9      -102820.1221      -103.0181 17m42s/Msamples
        3860000   -102902.7812         7.9      -102815.6273       -87.1539 17m42s/Msamples
        3861000   -102889.3995         7.9      -102812.5608       -76.8387 17m42s/Msamples
        3862000   -102901.7036         7.9      -102813.4639       -88.2397 17m42s/Msamples
        3863000   -102889.7129         7.9      -102812.7705       -76.9424 17m42s/Msamples
        3864000   -102904.2291         7.9      -102823.7125       -80.5165 17m42s/Msamples
        3865000   -102899.7573         7.9      -102820.8443       -78.9130 17m42s/Msamples
        3866000   -102897.3580         7.9      -102822.0270       -75.3309 17m42s/Msamples
        3867000   -102893.1805         7.9      -102814.4618       -78.7187 17m42s/Msamples
        3868000   -102896.3665         7.9      -102809.8538       -86.5127 17m42s/Msamples
        3869000   -102910.7763         7.9      -102822.5753       -88.2010 17m42s/Msamples
        3870000   -102918.4198         7.9      -102829.9069       -88.5128 17m42s/Msamples
        3871000   -102933.7969         7.9      -102832.8326      -100.9643 17m42s/Msamples
        3872000   -102923.5583         7.9      -102826.3133       -97.2449 17m42s/Msamples
        3873000   -102922.6843         7.9      -102828.7745       -93.9098 17m42s/Msamples
        3874000   -102924.3933         7.9      -102828.7216       -95.6717 17m42s/Msamples
        3875000   -102926.0230         7.9      -102828.5633       -97.4597 17m42s/Msamples
        3876000   -102921.7722         7.9      -102827.1038       -94.6684 17m42s/Msamples
        3877000   -102917.5269         7.9      -102824.3087       -93.2182 17m42s/Msamples
        3878000   -102913.3745         7.9      -102824.0470       -89.3275 17m42s/Msamples
        3879000   -102915.7350         7.9      -102825.1158       -90.6192 17m42s/Msamples
        3880000   -102916.7726         7.9      -102823.4026       -93.3699 17m42s/Msamples
        3881000   -102921.2300         7.9      -102831.0444       -90.1856 17m42s/Msamples
        3882000   -102942.5279         8.0      -102842.7785       -99.7494 17m42s/Msamples
        3883000   -102932.9132         8.0      -102828.5605      -104.3526 17m42s/Msamples
        3884000   -102931.3928         8.0      -102830.8423      -100.5504 17m42s/Msamples
        3885000   -102943.3000         8.0      -102828.2889      -115.0110 17m42s/Msamples
        3886000   -102936.9541         8.0      -102831.0528      -105.9013 17m42s/Msamples
        3887000   -102938.4373         8.0      -102826.7524      -111.6848 17m42s/Msamples
        3888000   -102935.4719         8.0      -102824.1414      -111.3305 17m42s/Msamples
        3889000   -102927.8139         8.0      -102823.1706      -104.6433 17m42s/Msamples
        3890000   -102926.6275         8.1      -102821.7861      -104.8413 17m42s/Msamples
        3891000   -102920.5008         8.1      -102824.6907       -95.8101 17m42s/Msamples
        3892000   -102913.1743         8.1      -102819.5923       -93.5819 17m42s/Msamples
        3893000   -102927.3185         8.1      -102831.7379       -95.5806 17m42s/Msamples
        3894000   -102913.5498         8.1      -102822.9539       -90.5959 17m42s/Msamples
        3895000   -102916.0848         8.1      -102822.9265       -93.1582 17m42s/Msamples
        3896000   -102913.6043         8.1      -102820.3343       -93.2700 17m42s/Msamples
        3897000   -102907.7718         8.1      -102823.3683       -84.4035 17m42s/Msamples
        3898000   -102918.6217         8.1      -102827.2055       -91.4161 17m42s/Msamples
        3899000   -102916.4290         8.1      -102826.5502       -89.8788 17m42s/Msamples
        3900000   -102920.0488         8.1      -102829.1430       -90.9057 17m42s/Msamples
        3901000   -102928.0374         8.1      -102836.2258       -91.8115 17m42s/Msamples
        3902000   -102912.3642         8.1      -102824.1364       -88.2278 17m42s/Msamples
        3903000   -102918.8574         8.1      -102828.5646       -90.2928 17m42s/Msamples
        3904000   -102923.3706         8.1      -102830.1403       -93.2302 17m42s/Msamples
        3905000   -102925.8461         8.1      -102834.2588       -91.5873 17m42s/Msamples
        3906000   -102925.7916         8.1      -102833.3941       -92.3975 17m42s/Msamples
        3907000   -102931.2369         8.1      -102836.7133       -94.5235 17m42s/Msamples
        3908000   -102930.5867         8.1      -102834.9425       -95.6441 17m42s/Msamples
        3909000   -102920.7117         8.1      -102831.8399       -88.8718 17m42s/Msamples
        3910000   -102926.6342         8.1      -102833.9094       -92.7248 17m42s/Msamples
        3911000   -102936.3510         8.1      -102835.1902      -101.1608 17m42s/Msamples
        3912000   -102924.9084         8.1      -102826.9680       -97.9404 17m42s/Msamples
        3913000   -102933.6629         8.2      -102825.1972      -108.4657 17m42s/Msamples
        3914000   -102927.0203         8.2      -102827.3444       -99.6759 17m42s/Msamples
        3915000   -102913.2299         8.2      -102830.2848       -82.9450 17m42s/Msamples
        3916000   -102923.0381         8.2      -102831.6587       -91.3794 17m42s/Msamples
        3917000   -102926.9072         8.2      -102829.7679       -97.1392 17m42s/Msamples
        3918000   -102928.3041         8.2      -102830.0773       -98.2267 17m42s/Msamples
        3919000   -102939.2526         8.2      -102832.7828      -106.4697 17m42s/Msamples
        3920000   -102929.5941         8.2      -102827.2054      -102.3887 17m42s/Msamples
        3921000   -102935.8797         8.2      -102830.1478      -105.7319 17m42s/Msamples
        3922000   -102933.3927         8.2      -102834.6578       -98.7349 17m42s/Msamples
        3923000   -102929.0418         8.2      -102832.9267       -96.1150 17m42s/Msamples
        3924000   -102944.9418         8.3      -102839.1618      -105.7800 17m42s/Msamples
        3925000   -102938.2794         8.3      -102840.9671       -97.3122 17m42s/Msamples
        3926000   -102948.2874         8.3      -102839.5620      -108.7254 17m42s/Msamples
        3927000   -102954.9565         8.3      -102833.6929      -121.2635 17m42s/Msamples
        3928000   -102968.8451         8.4      -102837.6181      -131.2270 17m42s/Msamples
        3929000   -102959.3006         8.4      -102838.8004      -120.5002 17m42s/Msamples
        3930000   -102946.9263         8.4      -102833.2251      -113.7011 17m42s/Msamples
        3931000   -102958.9988         8.5      -102836.3559      -122.6428 17m42s/Msamples
        3932000   -102967.8397         8.5      -102844.4548      -123.3849 17m42s/Msamples
        3933000   -102965.7884         8.6      -102841.7133      -124.0750 17m42s/Msamples
        3934000   -102964.4607         8.6      -102840.6749      -123.7857 17m42s/Msamples
        3935000   -102946.4094         8.7      -102831.4945      -114.9148 17m42s/Msamples
        3936000   -102946.5714         8.7      -102831.7072      -114.8642 17m42s/Msamples
        3937000   -102945.4316         8.7      -102832.3966      -113.0350 17m42s/Msamples
        3938000   -102935.3387         8.7      -102828.3082      -107.0305 17m42s/Msamples
        3939000   -102937.6276         8.7      -102825.6448      -111.9828 17m42s/Msamples
        3940000   -102939.9323         8.8      -102819.9385      -119.9938 17m42s/Msamples
        3941000   -102929.9147         8.8      -102821.5463      -108.3684 17m42s/Msamples
        3942000   -102920.4630         8.8      -102818.4237      -102.0393 17m42s/Msamples
        3943000   -102932.9251         8.8      -102823.0360      -109.8890 17m42s/Msamples
        3944000   -102930.5157         8.8      -102827.8001      -102.7156 17m42s/Msamples
        3945000   -102923.3829         8.8      -102825.4369       -97.9460 17m42s/Msamples
        3946000   -102921.1851         8.8      -102827.2640       -93.9210 17m42s/Msamples
        3947000   -102920.2695         8.8      -102822.3528       -97.9167 17m42s/Msamples
        3948000   -102916.3120         8.8      -102818.8070       -97.5050 17m42s/Msamples
        3949000   -102901.7205         8.8      -102813.0147       -88.7057 17m42s/Msamples
        3950000   -102916.1489         8.8      -102821.5693       -94.5795 17m42s/Msamples
        3951000   -102937.6462         8.8      -102829.0983      -108.5479 17m42s/Msamples
        3952000   -102924.0368         8.8      -102821.8388      -102.1979 17m42s/Msamples
        3953000   -102937.8074         8.8      -102821.3672      -116.4401 17m42s/Msamples
        3954000   -102941.6536         8.8      -102824.9617      -116.6918 17m42s/Msamples
        3955000   -102936.1751         8.9      -102827.1678      -109.0073 17m42s/Msamples
        3956000   -102936.6809         8.9      -102830.6807      -106.0002 17m42s/Msamples
        3957000   -102945.9559         8.9      -102837.1625      -108.7933 17m42s/Msamples
        3958000   -102941.1020         8.9      -102830.9578      -110.1442 17m42s/Msamples
        3959000   -102950.6536         9.0      -102831.0889      -119.5646 17m42s/Msamples
        3960000   -102943.6061         9.0      -102826.6396      -116.9664 17m42s/Msamples
        3961000   -102933.4241         9.0      -102831.9305      -101.4936 17m42s/Msamples
        3962000   -102916.6778         9.0      -102823.6752       -93.0026 17m42s/Msamples
        3963000   -102920.0051         9.0      -102826.3935       -93.6116 17m42s/Msamples
        3964000   -102922.3935         9.0      -102821.7581      -100.6354 17m42s/Msamples
        3965000   -102930.1910         9.0      -102826.4467      -103.7443 17m42s/Msamples
        3966000   -102933.5266         9.0      -102825.7402      -107.7864 17m42s/Msamples
        3967000   -102943.1541         9.0      -102829.5932      -113.5609 17m42s/Msamples
        3968000   -102926.0234         9.0      -102820.0071      -106.0163 17m43s/Msamples
        3969000   -102933.7905         9.0      -102829.0256      -104.7649 17m43s/Msamples
        3970000   -102931.7982         9.1      -102831.5332      -100.2650 17m43s/Msamples
        3971000   -102921.3602         9.1      -102829.0953       -92.2648 17m43s/Msamples
        3972000   -102923.6197         9.1      -102826.5657       -97.0539 17m43s/Msamples
        3973000   -102918.5476         9.1      -102827.3921       -91.1554 17m43s/Msamples
        3974000   -102921.9711         9.1      -102823.3798       -98.5913 17m43s/Msamples
        3975000   -102930.6734         9.1      -102832.6774       -97.9959 17m43s/Msamples
        3976000   -102928.7614         9.1      -102825.7163      -103.0450 17m43s/Msamples
        3977000   -102918.2298         9.1      -102823.8621       -94.3676 17m43s/Msamples
        3978000   -102926.3917         9.1      -102824.6690      -101.7227 17m43s/Msamples
        3979000   -102929.0068         9.1      -102826.5487      -102.4581 17m43s/Msamples
        3980000   -102933.2589         9.1      -102828.1654      -105.0934 17m43s/Msamples
        3981000   -102927.6862         9.1      -102822.4721      -105.2141 17m43s/Msamples
        3982000   -102929.2931         9.1      -102821.6334      -107.6597 17m43s/Msamples
        3983000   -102927.7942         9.1      -102834.0009       -93.7932 17m43s/Msamples
        3984000   -102921.5400         9.1      -102826.5210       -95.0189 17m43s/Msamples
        3985000   -102914.1313         9.1      -102827.3474       -86.7838 17m43s/Msamples
        3986000   -102932.1877         9.1      -102832.5460       -99.6417 17m43s/Msamples
        3987000   -102935.4490         9.2      -102832.5362      -102.9127 17m43s/Msamples
        3988000   -102940.1212         9.2      -102835.2407      -104.8805 17m43s/Msamples
        3989000   -102944.3389         9.2      -102834.8858      -109.4530 17m43s/Msamples
        3990000   -102939.2774         9.2      -102826.6564      -112.6209 17m43s/Msamples
        3991000   -102928.2206         9.2      -102821.7464      -106.4742 17m43s/Msamples
        3992000   -102936.6274         9.2      -102831.2922      -105.3352 17m43s/Msamples
        3993000   -102931.9307         9.2      -102823.6580      -108.2727 17m43s/Msamples
        3994000   -102936.9952         9.2      -102829.6162      -107.3789 17m43s/Msamples
        3995000   -102936.1098         9.3      -102824.2794      -111.8304 17m43s/Msamples
        3996000   -102938.7619         9.3      -102829.2267      -109.5352 17m43s/Msamples
        3997000   -102948.8681         9.3      -102835.1370      -113.7311 17m43s/Msamples
        3998000   -102947.4352         9.3      -102828.6110      -118.8241 17m43s/Msamples
        3999000   -102957.5334         9.4      -102832.0414      -125.4919 17m43s/Msamples
        4000000   -102949.7804         9.4      -102825.7878      -123.9925 17m43s/Msamples
        4001000   -102942.9365         9.4      -102820.8032      -122.1333 17m43s/Msamples
        4002000   -102946.5685         9.4      -102821.7469      -124.8215 17m43s/Msamples
        4003000   -102928.8823         9.4      -102817.5075      -111.3747 17m43s/Msamples
        4004000   -102932.4715         9.4      -102818.0277      -114.4438 17m43s/Msamples
        4005000   -102928.1564         9.4      -102815.2473      -112.9090 17m43s/Msamples
        4006000   -102939.6103         9.5      -102822.7293      -116.8810 17m43s/Msamples
        4007000   -102945.1113         9.5      -102823.9568      -121.1545 17m43s/Msamples
        4008000   -102943.6238         9.5      -102827.0496      -116.5741 17m43s/Msamples
        4009000   -102951.9730         9.5      -102831.4996      -120.4733 17m43s/Msamples
        4010000   -102942.3349         9.5      -102823.1960      -119.1389 17m43s/Msamples
        4011000   -102943.6263         9.5      -102825.4997      -118.1266 17m43s/Msamples
        4012000   -102944.4944         9.6      -102829.4603      -115.0340 17m43s/Msamples
        4013000   -102955.1860         9.6      -102839.7367      -115.4492 17m43s/Msamples
        4014000   -102938.7980         9.6      -102822.2885      -116.5094 17m43s/Msamples
        4015000   -102932.7546         9.6      -102822.8913      -109.8632 17m43s/Msamples
        4016000   -102937.8448         9.6      -102826.5967      -111.2480 17m43s/Msamples
        4017000   -102933.8073         9.6      -102827.6847      -106.1225 17m43s/Msamples
        4018000   -102942.9167         9.7      -102831.8996      -111.0171 17m43s/Msamples
        4019000   -102935.8663         9.7      -102829.5827      -106.2835 17m43s/Msamples
        4020000   -102929.5165         9.7      -102823.2527      -106.2637 17m43s/Msamples
        4021000   -102941.7624         9.7      -102824.6362      -117.1261 17m43s/Msamples
        4022000   -102935.2754         9.7      -102831.2027      -104.0726 17m43s/Msamples
        4023000   -102940.4540         9.7      -102828.4316      -112.0223 17m43s/Msamples
        4024000   -102930.9206         9.7      -102823.8222      -107.0984 17m43s/Msamples
        4025000   -102928.9141         9.7      -102824.1880      -104.7261 17m43s/Msamples
        4026000   -102934.6844         9.7      -102820.9037      -113.7807 17m43s/Msamples
        4027000   -102937.1988         9.8      -102820.6911      -116.5076 17m43s/Msamples
        4028000   -102940.4786         9.8      -102821.5044      -118.9742 17m43s/Msamples
        4029000   -102919.9287         9.8      -102813.6463      -106.2824 17m43s/Msamples
        4030000   -102922.3561         9.8      -102815.1858      -107.1702 17m43s/Msamples
        4031000   -102919.7437         9.8      -102817.2891      -102.4545 17m43s/Msamples
        4032000   -102932.6550         9.8      -102828.2326      -104.4224 17m43s/Msamples
        4033000   -102921.1220         9.8      -102817.8054      -103.3165 17m43s/Msamples
        4034000   -102927.2661         9.8      -102829.5795       -97.6866 17m43s/Msamples
        4035000   -102944.8914         9.8      -102840.8077      -104.0836 17m43s/Msamples
        4036000   -102942.2271         9.8      -102840.7841      -101.4429 17m43s/Msamples
        4037000   -102928.9626         9.8      -102830.8177       -98.1448 17m43s/Msamples
        4038000   -102933.9432         9.8      -102830.7273      -103.2158 17m43s/Msamples
        4039000   -102957.3205         9.9      -102843.9367      -113.3838 17m43s/Msamples
        4040000   -102950.2655         9.9      -102844.5008      -105.7647 17m43s/Msamples
        4041000   -102946.4898         9.9      -102841.3657      -105.1241 17m43s/Msamples
        4042000   -102933.5694         9.9      -102826.7939      -106.7754 17m43s/Msamples
        4043000   -102933.8729         9.9      -102825.1987      -108.6742 17m43s/Msamples
        4044000   -102932.1991         9.9      -102825.8360      -106.3631 17m43s/Msamples
        4045000   -102929.8658         9.9      -102825.2689      -104.5969 17m43s/Msamples
        4046000   -102926.2844         9.9      -102827.9632       -98.3211 17m43s/Msamples
        4047000   -102919.2638         9.9      -102816.8432      -102.4206 17m43s/Msamples
        4048000   -102935.6629        10.0      -102833.0496      -102.6132 17m43s/Msamples
        4049000   -102935.6112        10.0      -102829.6342      -105.9770 17m43s/Msamples
        4050000   -102929.0624        10.0      -102826.5607      -102.5016 17m43s/Msamples
        4051000   -102926.3339        10.0      -102821.5370      -104.7968 17m43s/Msamples
        4052000   -102938.2104        10.0      -102822.7546      -115.4558 17m43s/Msamples
        4053000   -102928.5025        10.0      -102825.2271      -103.2753 17m43s/Msamples
        4054000   -102934.5580        10.0      -102827.8284      -106.7295 17m43s/Msamples
        4055000   -102934.5949        10.0      -102826.1404      -108.4544 17m43s/Msamples
        4056000   -102936.4650        10.0      -102828.2643      -108.2006 17m43s/Msamples
        4057000   -102930.9070        10.0      -102826.0006      -104.9063 17m43s/Msamples
        4058000   -102930.8923        10.0      -102823.2993      -107.5929 17m43s/Msamples
        4059000   -102927.6921        10.0      -102821.1918      -106.5002 17m43s/Msamples
        4060000   -102917.5056        10.0      -102815.9982      -101.5073 17m43s/Msamples
        4061000   -102915.6630        10.0      -102815.7581       -99.9049 17m43s/Msamples
        4062000   -102918.5645        10.0      -102820.4073       -98.1571 17m43s/Msamples
        4063000   -102903.2435        10.0      -102815.3216       -87.9218 17m43s/Msamples
        4064000   -102900.1299        10.0      -102815.2853       -84.8446 17m43s/Msamples
        4065000   -102906.7525        10.0      -102822.1473       -84.6052 17m43s/Msamples
        4066000   -102904.5404        10.0      -102816.9539       -87.5864 17m43s/Msamples
        4067000   -102910.9813        10.0      -102817.4178       -93.5635 17m43s/Msamples
        4068000   -102916.7129        10.1      -102816.7485       -99.9643 17m43s/Msamples
        4069000   -102918.3879        10.0      -102823.5815       -94.8063 17m43s/Msamples
        4070000   -102912.8030        10.0      -102821.2524       -91.5505 17m43s/Msamples
        4071000   -102917.1501        10.0      -102828.7423       -88.4078 17m43s/Msamples
        4072000   -102920.7176        10.1      -102826.0884       -94.6292 17m43s/Msamples
        4073000   -102920.3292        10.1      -102832.0369       -88.2923 17m43s/Msamples
        4074000   -102905.9078        10.1      -102815.4581       -90.4497 17m43s/Msamples
        4075000   -102900.5832        10.1      -102815.2382       -85.3450 17m43s/Msamples
        4076000   -102906.7418        10.1      -102818.5243       -88.2174 17m43s/Msamples
        4077000   -102913.4304        10.1      -102817.5368       -95.8935 17m43s/Msamples
        4078000   -102914.2938        10.1      -102819.7784       -94.5153 17m43s/Msamples
        4079000   -102919.2127        10.1      -102825.0660       -94.1466 17m43s/Msamples
        4080000   -102918.2938        10.1      -102821.9808       -96.3130 17m43s/Msamples
        4081000   -102915.3992        10.1      -102812.5666      -102.8325 17m43s/Msamples
        4082000   -102914.3673        10.1      -102815.6981       -98.6691 17m43s/Msamples
        4083000   -102927.8990        10.1      -102824.5251      -103.3739 17m43s/Msamples
        4084000   -102922.7469        10.1      -102824.9943       -97.7526 17m43s/Msamples
        4085000   -102924.4050        10.1      -102830.3680       -94.0369 17m43s/Msamples
        4086000   -102922.4847        10.1      -102828.6211       -93.8635 17m43s/Msamples
        4087000   -102928.8925        10.1      -102831.4247       -97.4678 17m43s/Msamples
        4088000   -102917.9376        10.1      -102819.3163       -98.6213 17m43s/Msamples
        4089000   -102928.0257        10.1      -102821.6416      -106.3841 17m43s/Msamples
        4090000   -102937.6759        10.1      -102832.4090      -105.2669 17m43s/Msamples
        4091000   -102940.7096        10.1      -102827.9109      -112.7987 17m43s/Msamples
        4092000   -102940.2767        10.1      -102825.8975      -114.3792 17m43s/Msamples
        4093000   -102941.8071        10.1      -102823.4555      -118.3516 17m43s/Msamples
        4094000   -102948.2311        10.2      -102825.1116      -123.1194 17m43s/Msamples
        4095000   -102942.1533        10.2      -102819.6855      -122.4678 17m43s/Msamples
        4096000   -102938.0848        10.2      -102816.4514      -121.6334 17m43s/Msamples
        4097000   -102942.5915        10.2      -102819.0288      -123.5626 17m43s/Msamples
        4098000   -102952.6192        10.2      -102829.9402      -122.6789 17m43s/Msamples
        4099000   -102945.0836        10.2      -102825.1359      -119.9476 17m43s/Msamples
        4100000   -102949.7878        10.3      -102832.7570      -117.0308 17m43s/Msamples
        4101000   -102948.4209        10.3      -102827.9827      -120.4381 17m43s/Msamples
        4102000   -102946.3045        10.3      -102825.4859      -120.8185 17m43s/Msamples
        4103000   -102946.0647        10.3      -102824.4783      -121.5864 17m43s/Msamples
        4104000   -102969.3743        10.4      -102833.9313      -135.4429 17m43s/Msamples
        4105000   -102954.7611        10.4      -102822.6239      -132.1371 17m43s/Msamples
        4106000   -102954.2505        10.4      -102825.9712      -128.2792 17m43s/Msamples
        4107000   -102949.6736        10.4      -102834.5859      -115.0876 17m43s/Msamples
        4108000   -102932.3758        10.4      -102817.2201      -115.1556 17m43s/Msamples
        4109000   -102935.1023        10.4      -102815.4290      -119.6732 17m43s/Msamples
        4110000   -102934.0967        10.4      -102817.6397      -116.4570 17m43s/Msamples
        4111000   -102942.5892        10.5      -102821.6128      -120.9764 17m43s/Msamples
        4112000   -102934.8674        10.5      -102822.4135      -112.4538 17m43s/Msamples
        4113000   -102940.4990        10.5      -102827.0225      -113.4765 17m43s/Msamples
        4114000   -102938.9690        10.5      -102820.8869      -118.0821 17m43s/Msamples
        4115000   -102943.2295        10.5      -102828.1120      -115.1175 17m43s/Msamples
        4116000   -102935.8549        10.5      -102823.0086      -112.8463 17m43s/Msamples
        4117000   -102932.7761        10.5      -102819.7299      -113.0462 17m43s/Msamples
        4118000   -102928.0715        10.5      -102817.9274      -110.1440 17m43s/Msamples
        4119000   -102935.2051        10.5      -102822.7252      -112.4799 17m43s/Msamples
        4120000   -102930.8558        10.5      -102821.7537      -109.1021 17m43s/Msamples
        4121000   -102941.5018        10.5      -102825.7532      -115.7485 17m43s/Msamples
        4122000   -102935.5489        10.6      -102820.4705      -115.0783 17m43s/Msamples
        4123000   -102950.3219        10.6      -102826.3186      -124.0033 17m43s/Msamples
        4124000   -102963.4916        10.6      -102831.1849      -132.3066 17m43s/Msamples
        4125000   -102962.4294        10.6      -102835.1428      -127.2865 17m43s/Msamples
        4126000   -102962.8615        10.7      -102834.1688      -128.6926 17m43s/Msamples
        4127000   -102952.4004        10.7      -102831.6736      -120.7268 17m43s/Msamples
        4128000   -102952.7067        10.7      -102826.0458      -126.6608 17m43s/Msamples
        4129000   -102952.4862        10.7      -102830.1461      -122.3400 17m43s/Msamples
        4130000   -102950.0942        10.8      -102830.4954      -119.5987 17m43s/Msamples
        4131000   -102954.3248        10.8      -102833.2980      -121.0267 17m43s/Msamples
        4132000   -102946.4309        10.8      -102826.8323      -119.5985 17m43s/Msamples
        4133000   -102934.9932        10.8      -102819.0301      -115.9630 17m43s/Msamples
        4134000   -102945.6748        10.8      -102826.5417      -119.1331 17m43s/Msamples
        4135000   -102948.2692        10.9      -102827.3144      -120.9547 17m43s/Msamples
        4136000   -102944.9732        10.9      -102824.0441      -120.9290 17m43s/Msamples
        4137000   -102931.8603        10.9      -102819.6590      -112.2013 17m43s/Msamples
        4138000   -102934.2011        10.9      -102817.9413      -116.2597 17m43s/Msamples
        4139000   -102938.4463        10.9      -102827.2274      -111.2188 17m43s/Msamples
        4140000   -102946.4153        10.9      -102830.9143      -115.5010 17m43s/Msamples
        4141000   -102934.9757        10.9      -102817.1643      -117.8113 17m43s/Msamples
        4142000   -102944.8570        10.9      -102825.2791      -119.5778 17m43s/Msamples
        4143000   -102943.5367        10.9      -102827.2124      -116.3242 17m43s/Msamples
        4144000   -102941.2842        11.0      -102823.0119      -118.2722 17m43s/Msamples
        4145000   -102948.2274        11.0      -102830.0232      -118.2042 17m43s/Msamples
        4146000   -102959.4112        11.0      -102838.6140      -120.7972 17m43s/Msamples
        4147000   -102961.9420        11.0      -102839.3467      -122.5952 17m43s/Msamples
        4148000   -102957.3571        11.1      -102836.0341      -121.3229 17m43s/Msamples
        4149000   -102954.2505        11.1      -102835.3421      -118.9084 17m43s/Msamples
        4150000   -102955.6880        11.1      -102841.4182      -114.2697 17m43s/Msamples
        4151000   -102954.6488        11.1      -102828.9701      -125.6787 17m43s/Msamples
        4152000   -102968.9924        11.2      -102844.6545      -124.3378 17m43s/Msamples
        4153000   -102959.2086        11.3      -102843.1291      -116.0794 17m43s/Msamples
        4154000   -102948.6631        11.3      -102838.6517      -110.0114 17m43s/Msamples
        4155000   -102942.0038        11.3      -102825.9333      -116.0704 17m43s/Msamples
        4156000   -102939.3818        11.3      -102822.9922      -116.3896 17m43s/Msamples
        4157000   -102944.6844        12.4      -102828.4011      -116.2832 17m43s/Msamples
        4158000   -102941.0951        12.4      -102820.9816      -120.1135 17m43s/Msamples
        4159000   -102947.2695        12.4      -102819.8772      -127.3923 17m43s/Msamples
        4160000   -102948.4458        12.4      -102821.5376      -126.9082 17m43s/Msamples
        4161000   -102951.1772        12.4      -102825.3148      -125.8624 17m43s/Msamples
        4162000   -102963.1056        12.5      -102833.7275      -129.3780 17m43s/Msamples
        4163000   -102956.6127        12.5      -102830.1783      -126.4344 17m43s/Msamples
        4164000   -102954.5344        12.5      -102829.2539      -125.2804 17m43s/Msamples
        4165000   -102953.3651        12.5      -102828.3386      -125.0264 17m43s/Msamples
        4166000   -102964.6611        12.5      -102833.2323      -131.4287 17m43s/Msamples
        4167000   -102975.1052        12.5      -102834.5431      -140.5621 17m43s/Msamples
        4168000   -102974.9508        12.6      -102839.8470      -135.1038 17m43s/Msamples
        4169000   -102970.8581        12.6      -102846.1240      -124.7340 17m43s/Msamples
        4170000   -102979.0690        12.6      -102846.7564      -132.3125 17m43s/Msamples
        4171000   -102977.5100        12.6      -102841.6140      -135.8960 17m43s/Msamples
        4172000   -102969.1418        12.7      -102842.8778      -126.2639 17m43s/Msamples
        4173000   -102969.3453        12.7      -102839.2495      -130.0957 17m43s/Msamples
        4174000   -102956.1959        12.7      -102835.2415      -120.9544 17m43s/Msamples
        4175000   -102961.1290        12.7      -102838.3601      -122.7689 17m43s/Msamples
        4176000   -102960.8666        12.7      -102835.4972      -125.3694 17m43s/Msamples
        4177000   -102967.8587        12.7      -102839.1061      -128.7526 17m43s/Msamples
        4178000   -102970.5016        12.7      -102838.1319      -132.3697 17m43s/Msamples
        4179000   -102960.3062        12.7      -102836.0958      -124.2104 17m43s/Msamples
        4180000   -102957.5475        12.7      -102835.7085      -121.8390 17m43s/Msamples
        4181000   -102952.7709        12.7      -102833.6856      -119.0852 17m43s/Msamples
        4182000   -102960.5111        12.8      -102842.7506      -117.7605 17m43s/Msamples
        4183000   -102955.5906        12.8      -102834.5015      -121.0891 17m43s/Msamples
        4184000   -102948.9363        12.8      -102829.9200      -119.0162 17m43s/Msamples
        4185000   -102940.1831        12.8      -102823.4634      -116.7197 17m43s/Msamples
        4186000   -102953.4899        12.8      -102834.0317      -119.4582 17m43s/Msamples
        4187000   -102942.8286        12.8      -102820.8087      -122.0199 17m43s/Msamples
        4188000   -102946.6466        12.8      -102829.4327      -117.2138 17m43s/Msamples
        4189000   -102942.2129        12.8      -102825.2497      -116.9631 17m43s/Msamples
        4190000   -102946.2800        12.8      -102831.3640      -114.9159 17m43s/Msamples
        4191000   -102949.4007        12.8      -102834.4271      -114.9736 17m43s/Msamples
        4192000   -102955.7937        12.8      -102832.3778      -123.4158 17m43s/Msamples
        4193000   -102943.2770        12.8      -102828.1342      -115.1427 17m43s/Msamples
        4194000   -102941.7911        12.8      -102828.1430      -113.6481 17m43s/Msamples
        4195000   -102938.3434        12.8      -102820.7151      -117.6283 17m43s/Msamples
        4196000   -102949.0091        12.8      -102824.4085      -124.6006 17m43s/Msamples
        4197000   -102941.1707        12.8      -102817.8203      -123.3503 17m44s/Msamples
        4198000   -102948.0546        12.8      -102821.1559      -126.8987 17m43s/Msamples
        4199000   -102973.7190        12.8      -102836.1666      -137.5523 17m44s/Msamples
        4200000   -102964.4519        12.8      -102828.2193      -136.2325 17m44s/Msamples
        4201000   -102968.6654        12.8      -102834.1783      -134.4871 17m44s/Msamples
        4202000   -102959.3980        12.8      -102829.4443      -129.9536 17m44s/Msamples
        4203000   -102946.0886        12.8      -102822.6080      -123.4805 17m44s/Msamples
        4204000   -102955.8112        12.8      -102822.2761      -133.5351 17m44s/Msamples
        4205000   -102970.9459        12.8      -102827.8092      -143.1366 17m44s/Msamples
        4206000   -102964.5727        12.8      -102823.9960      -140.5766 17m44s/Msamples
        4207000   -102963.9479        12.8      -102824.7877      -139.1602 17m44s/Msamples
        4208000   -102959.2442        12.9      -102825.1233      -134.1208 17m43s/Msamples
        4209000   -102954.9916        12.9      -102823.4917      -131.4999 17m44s/Msamples
        4210000   -102955.8012        12.9      -102825.9018      -129.8993 17m44s/Msamples
        4211000   -102955.9771        12.9      -102825.4777      -130.4993 17m44s/Msamples
        4212000   -102946.7355        12.9      -102825.6821      -121.0533 17m44s/Msamples
        4213000   -102941.5919        12.9      -102824.2290      -117.3629 17m43s/Msamples
        4214000   -102936.1969        12.9      -102824.6252      -111.5716 17m44s/Msamples
        4215000   -102940.1991        12.9      -102823.6029      -116.5962 17m44s/Msamples
        4216000   -102936.7273        12.9      -102823.4108      -113.3165 17m44s/Msamples
        4217000   -102920.8440        12.9      -102812.8717      -107.9722 17m44s/Msamples
        4218000   -102918.9215        12.9      -102811.6642      -107.2573 17m44s/Msamples
        4219000   -102921.8315        12.8      -102819.3599      -102.4716 17m44s/Msamples
        4220000   -102922.1863        12.8      -102817.6751      -104.5112 17m44s/Msamples
        4221000   -102932.6799        12.8      -102824.4853      -108.1945 17m44s/Msamples
        4222000   -102930.6895        12.8      -102817.9164      -112.7731 17m44s/Msamples
        4223000   -102920.7091        12.8      -102814.1005      -106.6085 17m44s/Msamples
        4224000   -102922.6024        12.8      -102813.8601      -108.7422 17m44s/Msamples
        4225000   -102931.5223        12.8      -102819.0359      -112.4863 17m44s/Msamples
        4226000   -102922.4912        12.9      -102812.8413      -109.6499 17m44s/Msamples
        4227000   -102922.8082        12.9      -102817.4675      -105.3407 17m44s/Msamples
        4228000   -102924.7876        12.9      -102818.8166      -105.9709 17m44s/Msamples
        4229000   -102927.2984        12.9      -102821.7782      -105.5201 17m44s/Msamples
        4230000   -102917.9633        12.9      -102815.8713      -102.0920 17m44s/Msamples
        4231000   -102916.2694        12.9      -102813.9034      -102.3659 17m44s/Msamples
        4232000   -102906.8680        12.9      -102802.4039      -104.4641 17m44s/Msamples
        4233000   -102922.3994        12.9      -102817.7275      -104.6718 17m44s/Msamples
        4234000   -102922.1389        12.9      -102812.1082      -110.0307 17m44s/Msamples
        4235000   -102934.3195        12.9      -102815.9707      -118.3487 17m44s/Msamples
        4236000   -102939.4919        12.9      -102825.6259      -113.8659 17m44s/Msamples
        4237000   -102941.0453        12.9      -102820.7529      -120.2924 17m44s/Msamples
        4238000   -102952.5702        12.9      -102828.6753      -123.8949 17m44s/Msamples
        4239000   -102956.2675        12.9      -102829.2970      -126.9705 17m44s/Msamples
        4240000   -102958.1625        12.9      -102831.1293      -127.0331 17m44s/Msamples
        4241000   -102944.0045        12.9      -102825.3276      -118.6769 17m44s/Msamples
        4242000   -102945.6848        12.9      -102826.2323      -119.4525 17m44s/Msamples
        4243000   -102942.7231        12.9      -102826.1669      -116.5562 17m44s/Msamples
        4244000   -102941.9447        12.9      -102829.1598      -112.7848 17m44s/Msamples
        4245000   -102933.1327        12.9      -102819.4476      -113.6851 17m44s/Msamples
        4246000   -102939.0385        12.9      -102819.7859      -119.2525 17m44s/Msamples
        4247000   -102922.9788        12.9      -102812.5453      -110.4334 17m44s/Msamples
        4248000   -102928.3266        12.9      -102816.6952      -111.6314 17m44s/Msamples
        4249000   -102932.5313        12.9      -102821.2884      -111.2429 17m44s/Msamples
        4250000   -102934.3358        12.9      -102822.6004      -111.7353 17m44s/Msamples
        4251000   -102928.4203        12.9      -102813.4235      -114.9968 17m44s/Msamples
        4252000   -102937.5977        12.9      -102822.9245      -114.6732 17m44s/Msamples
        4253000   -102926.9158        12.9      -102808.1500      -118.7657 17m44s/Msamples
        4254000   -102933.1112        12.9      -102817.5320      -115.5792 17m44s/Msamples
        4255000   -102938.8063        12.9      -102817.0196      -121.7867 17m44s/Msamples
        4256000   -102949.4356        12.9      -102824.9938      -124.4417 17m44s/Msamples
        4257000   -102939.7325        12.9      -102822.0652      -117.6673 17m44s/Msamples
        4258000   -102943.2447        12.9      -102822.2474      -120.9972 17m44s/Msamples
        4259000   -102954.2084        12.8      -102821.0934      -133.1150 17m44s/Msamples
        4260000   -102950.1345        12.8      -102823.1107      -127.0237 17m44s/Msamples
        4261000   -102953.2445        12.8      -102834.6420      -118.6024 17m44s/Msamples
        4262000   -102949.4750        12.8      -102826.4943      -122.9807 17m44s/Msamples
        4263000   -102952.8625        12.8      -102829.1590      -123.7035 17m44s/Msamples
        4264000   -102954.3927        12.8      -102825.2237      -129.1690 17m44s/Msamples
        4265000   -102951.1676        12.8      -102825.2301      -125.9374 17m44s/Msamples
        4266000   -102955.4947        12.8      -102832.0447      -123.4499 17m44s/Msamples
        4267000   -102951.3454        12.9      -102825.1047      -126.2407 17m44s/Msamples
        4268000   -102955.4194        12.9      -102832.9880      -122.4314 17m44s/Msamples
        4269000   -102961.4465        12.9      -102832.0523      -129.3942 17m44s/Msamples
        4270000   -102932.0495        12.9      -102818.9349      -113.1146 17m44s/Msamples
        4271000   -102928.4404        12.9      -102820.2501      -108.1903 17m44s/Msamples
        4272000   -102930.7380        12.9      -102818.6831      -112.0548 17m44s/Msamples
        4273000   -102954.6166        12.9      -102829.6556      -124.9610 17m44s/Msamples
        4274000   -102959.3914        12.9      -102836.3076      -123.0838 17m44s/Msamples
        4275000   -102959.7326        12.9      -102832.6204      -127.1122 17m44s/Msamples
        4276000   -102944.7467        12.9      -102822.5896      -122.1570 17m44s/Msamples
        4277000   -102933.1782        12.9      -102815.4028      -117.7753 17m44s/Msamples
        4278000   -102937.9148        12.9      -102823.5256      -114.3891 17m44s/Msamples
        4279000   -102919.7605        12.9      -102812.7520      -107.0085 17m44s/Msamples
        4280000   -102934.8958        12.9      -102823.9140      -110.9818 17m44s/Msamples
        4281000   -102945.0791        12.9      -102825.1447      -119.9343 17m44s/Msamples
        4282000   -102933.4753        12.9      -102815.1405      -118.3347 17m44s/Msamples
        4283000   -102946.0450        12.9      -102828.6747      -117.3703 17m44s/Msamples
        4284000   -102944.7436        12.9      -102827.5053      -117.2382 17m44s/Msamples
        4285000   -102950.9368        12.9      -102831.4153      -119.5215 17m44s/Msamples
        4286000   -102957.8703        12.9      -102833.0537      -124.8166 17m44s/Msamples
        4287000   -102953.4378        12.9      -102832.8030      -120.6348 17m44s/Msamples
        4288000   -102946.7544        12.9      -102829.3986      -117.3557 17m44s/Msamples
        4289000   -102952.7617        12.8      -102836.8063      -115.9554 17m44s/Msamples
        4290000   -102947.3179        12.8      -102835.4477      -111.8701 17m44s/Msamples
        4291000   -102952.3200        12.8      -102837.6998      -114.6202 17m44s/Msamples
        4292000   -102941.1964        12.8      -102833.8142      -107.3821 17m44s/Msamples
        4293000   -102941.6100        12.8      -102837.3308      -104.2791 17m44s/Msamples
        4294000   -102942.8796        12.8      -102836.2424      -106.6371 17m44s/Msamples
        4295000   -102938.6809        12.8      -102828.5234      -110.1575 17m44s/Msamples
        4296000   -102945.3466        12.8      -102836.2866      -109.0599 17m44s/Msamples
        4297000   -102945.0708        12.8      -102831.0840      -113.9867 17m44s/Msamples
        4298000   -102946.1963        12.8      -102830.9595      -115.2367 17m44s/Msamples
        4299000   -102950.5499        12.8      -102831.0468      -119.5030 17m44s/Msamples
        4300000   -102952.9153        12.8      -102837.7806      -115.1347 17m44s/Msamples
        4301000   -102948.2646        12.8      -102834.8691      -113.3955 17m44s/Msamples
        4302000   -102941.0992        12.8      -102834.9382      -106.1610 17m44s/Msamples
        4303000   -102950.9814        12.8      -102834.4526      -116.5287 17m44s/Msamples
        4304000   -102939.7525        12.8      -102831.6851      -108.0674 17m44s/Msamples
        4305000   -102936.4453        12.8      -102826.4815      -109.9637 17m44s/Msamples
        4306000   -102948.8469        12.7      -102832.0699      -116.7770 17m44s/Msamples
        4307000   -102946.6123        12.7      -102824.0421      -122.5701 17m44s/Msamples
        4308000   -102953.9660        12.7      -102825.3303      -128.6357 17m44s/Msamples
        4309000   -102945.2243        12.7      -102824.1350      -121.0892 17m44s/Msamples
        4310000   -102954.0810        12.7      -102825.8662      -128.2148 17m44s/Msamples
        4311000   -102944.0837        12.7      -102825.0199      -119.0638 17m44s/Msamples
        4312000   -102927.8583        12.7      -102821.0143      -106.8439 17m44s/Msamples
        4313000   -102935.3677        12.7      -102826.7179      -108.6498 17m44s/Msamples
        4314000   -102932.0142        12.7      -102825.6532      -106.3609 17m44s/Msamples
        4315000   -102941.3455        12.7      -102830.7689      -110.5766 17m44s/Msamples
        4316000   -102942.7594        12.7      -102825.6271      -117.1323 17m44s/Msamples
        4317000   -102943.0946        12.7      -102830.0143      -113.0802 17m44s/Msamples
        4318000   -102937.1982        12.7      -102826.8611      -110.3370 17m44s/Msamples
        4319000   -102934.3381        12.7      -102826.2198      -108.1183 17m44s/Msamples
        4320000   -102939.2703        12.7      -102828.5628      -110.7075 17m44s/Msamples
        4321000   -102930.8113        12.7      -102815.0523      -115.7589 17m44s/Msamples
        4322000   -102936.3662        12.7      -102819.2908      -117.0753 17m44s/Msamples
        4323000   -102934.1957        12.7      -102824.8517      -109.3439 17m44s/Msamples
        4324000   -102924.0068        12.7      -102824.0815       -99.9253 17m44s/Msamples
        4325000   -102941.5978        12.7      -102828.0722      -113.5256 17m44s/Msamples
        4326000   -102933.3365        12.7      -102830.5142      -102.8223 17m44s/Msamples
        4327000   -102936.6998        12.7      -102825.3208      -111.3789 17m44s/Msamples
        4328000   -102931.8414        12.7      -102828.0736      -103.7677 17m44s/Msamples
        4329000   -102942.7347        12.6      -102824.6473      -118.0873 17m44s/Msamples
        4330000   -102951.8124        12.6      -102831.7120      -120.1004 17m44s/Msamples
        4331000   -102967.1287        12.6      -102837.3583      -129.7703 17m44s/Msamples
        4332000   -102959.2651        12.6      -102835.0778      -124.1872 17m44s/Msamples
        4333000   -102953.4877        12.6      -102831.3153      -122.1723 17m44s/Msamples
        4334000   -102943.4914        12.6      -102827.2148      -116.2765 17m44s/Msamples
        4335000   -102958.0034        12.6      -102836.6087      -121.3946 17m44s/Msamples
        4336000   -102946.5390        12.6      -102830.8997      -115.6393 17m44s/Msamples
        4337000   -102936.9574        12.6      -102825.1211      -111.8363 17m44s/Msamples
        4338000   -102925.4622        12.6      -102824.2929      -101.1693 17m44s/Msamples
        4339000   -102923.5697        12.6      -102824.5906       -98.9791 17m44s/Msamples
        4340000   -102924.4786        12.6      -102823.7307      -100.7478 17m44s/Msamples
        4341000   -102919.1291        12.6      -102811.8145      -107.3145 17m44s/Msamples
        4342000   -102939.0113        12.6      -102824.9121      -114.0991 17m44s/Msamples
        4343000   -102932.3279        12.6      -102821.2196      -111.1082 17m44s/Msamples
        4344000   -102931.4750        12.6      -102822.4238      -109.0512 17m44s/Msamples
        4345000   -102915.9219        12.6      -102816.7347       -99.1871 17m44s/Msamples
        4346000   -102929.3067        12.6      -102820.8675      -108.4392 17m44s/Msamples
        4347000   -102923.2063        12.6      -102821.3371      -101.8691 17m44s/Msamples
        4348000   -102933.9407        12.6      -102830.6177      -103.3230 17m44s/Msamples
        4349000   -102939.0983        12.6      -102829.0286      -110.0696 17m44s/Msamples
        4350000   -102933.6930        12.6      -102825.1586      -108.5344 17m44s/Msamples
        4351000   -102950.8370        12.6      -102835.2970      -115.5400 17m44s/Msamples
        4352000   -102951.9459        12.6      -102833.1395      -118.8064 17m44s/Msamples
        4353000   -102945.1667        12.6      -102832.0003      -113.1663 17m44s/Msamples
        4354000   -102954.4737        12.6      -102832.6128      -121.8608 17m44s/Msamples
        4355000   -102960.4999        12.6      -102835.8629      -124.6369 17m44s/Msamples
        4356000   -102971.4551        12.6      -102841.9870      -129.4681 17m44s/Msamples
        4357000   -102975.5044        12.6      -102839.7373      -135.7670 17m44s/Msamples
        4358000   -102970.5628        12.6      -102831.9830      -138.5797 17m44s/Msamples
        4359000   -102959.4988        12.6      -102833.5056      -125.9932 17m44s/Msamples
        4360000   -102959.8460        12.5      -102833.8898      -125.9562 17m44s/Msamples
        4361000   -102959.9502        12.5      -102835.0134      -124.9368 17m44s/Msamples
        4362000   -102958.6143        12.5      -102837.0219      -121.5923 17m44s/Msamples
        4363000   -102961.0023        12.5      -102834.3085      -126.6937 17m44s/Msamples
        4364000   -102965.2897        12.5      -102835.1873      -130.1023 17m44s/Msamples
        4365000   -102963.5335        12.5      -102836.7019      -126.8316 17m45s/Msamples
        4366000   -102969.3155        12.5      -102836.1551      -133.1603 17m45s/Msamples
        4367000   -102963.6772        12.5      -102825.5021      -138.1750 17m45s/Msamples
        4368000   -102951.1484        12.5      -102831.1588      -119.9895 17m45s/Msamples
        4369000   -102956.8717        12.4      -102833.9487      -122.9229 17m45s/Msamples
        4370000   -102952.6993        12.4      -102836.2638      -116.4354 17m45s/Msamples
        4371000   -102941.0538        12.4      -102827.5736      -113.4802 17m45s/Msamples
        4372000   -102922.1045        12.4      -102823.0398       -99.0646 17m45s/Msamples
        4373000   -102909.9782        12.4      -102820.0547       -89.9234 17m45s/Msamples
        4374000   -102920.0723        12.5      -102823.0372       -97.0350 17m45s/Msamples
        4375000   -102911.9676        12.5      -102822.6146       -89.3529 17m45s/Msamples
        4376000   -102917.6533        12.5      -102828.3149       -89.3383 17m45s/Msamples
        4377000   -102910.8275        12.5      -102821.1795       -89.6479 17m45s/Msamples
        4378000   -102911.5972        12.5      -102816.7372       -94.8600 17m45s/Msamples
        4379000   -102922.1185        12.5      -102821.7467      -100.3718 17m44s/Msamples
        4380000   -102925.3093        12.5      -102826.1770       -99.1322 17m44s/Msamples
        4381000   -102917.6891        12.5      -102821.9829       -95.7062 17m44s/Msamples
        4382000   -102907.2589        12.5      -102810.4459       -96.8129 17m44s/Msamples
        4383000   -102899.0779        12.5      -102815.1905       -83.8873 17m44s/Msamples
        4384000   -102899.0302        12.6      -102812.1287       -86.9015 17m44s/Msamples
        4385000   -102917.1482        12.6      -102828.3941       -88.7540 17m44s/Msamples
        4386000   -102920.8144        12.6      -102826.2419       -94.5725 17m44s/Msamples
        4387000   -102932.1461        12.6      -102834.7660       -97.3801 17m44s/Msamples
        4388000   -102927.7242        12.6      -102827.2056      -100.5186 17m44s/Msamples
        4389000   -102937.3823        12.6      -102835.3275      -102.0547 17m44s/Msamples
        4390000   -102929.8576        12.6      -102825.8401      -104.0175 17m44s/Msamples
        4391000   -102928.3718        12.6      -102825.3884      -102.9833 17m44s/Msamples
        4392000   -102916.1149        12.6      -102824.4760       -91.6388 17m44s/Msamples
        4393000   -102920.3111        12.6      -102827.4472       -92.8638 17m44s/Msamples
        4394000   -102915.5468        12.6      -102822.3007       -93.2460 17m44s/Msamples
        4395000   -102936.7181        12.6      -102827.7656      -108.9525 17m44s/Msamples
        4396000   -102920.4361        12.6      -102823.3106       -97.1255 17m44s/Msamples
        4397000   -102913.9543        12.6      -102820.0450       -93.9092 17m44s/Msamples
        4398000   -102911.8622        12.6      -102822.3915       -89.4706 17m44s/Msamples
        4399000   -102919.0049        12.6      -102828.4891       -90.5158 17m44s/Msamples
        4400000   -102918.1858        12.6      -102824.5479       -93.6378 17m44s/Msamples
        4401000   -102915.8932        12.6      -102824.9643       -90.9288 17m44s/Msamples
        4402000   -102918.5979        12.6      -102822.6868       -95.9111 17m44s/Msamples
        4403000   -102916.7452        12.6      -102828.0752       -88.6700 17m44s/Msamples
        4404000   -102921.4491        12.7      -102829.8011       -91.6479 17m44s/Msamples
        4405000   -102921.0524        12.7      -102824.9131       -96.1393 17m44s/Msamples
        4406000   -102927.8307        12.7      -102826.4775      -101.3532 17m44s/Msamples
        4407000   -102918.0275        12.7      -102826.0765       -91.9509 17m44s/Msamples
        4408000   -102912.7795        12.7      -102822.7003       -90.0791 17m44s/Msamples
        4409000   -102906.9549        12.7      -102816.4810       -90.4738 17m44s/Msamples
        4410000   -102907.1247        12.7      -102814.6178       -92.5069 17m44s/Msamples
        4411000   -102908.7320        12.7      -102814.1017       -94.6303 17m44s/Msamples
        4412000   -102918.0999        12.7      -102817.8888      -100.2111 17m44s/Msamples
        4413000   -102922.4445        12.7      -102821.7796      -100.6649 17m44s/Msamples
        4414000   -102915.5977        12.7      -102817.3702       -98.2274 17m44s/Msamples
        4415000   -102919.6453        12.7      -102823.7710       -95.8743 17m44s/Msamples
        4416000   -102932.5966        12.7      -102832.8840       -99.7126 17m44s/Msamples
        4417000   -102921.9732        12.7      -102823.9076       -98.0655 17m44s/Msamples
        4418000   -102928.3044        12.7      -102828.0778      -100.2265 17m44s/Msamples
        4419000   -102934.1256        12.7      -102829.6317      -104.4938 17m44s/Msamples
        4420000   -102935.0982        12.7      -102831.2732      -103.8249 17m44s/Msamples
        4421000   -102925.1855        12.7      -102826.0972       -99.0882 17m44s/Msamples
        4422000   -102922.7877        12.7      -102823.8568       -98.9308 17m44s/Msamples
        4423000   -102912.5631        12.7      -102818.8038       -93.7593 17m44s/Msamples
        4424000   -102918.1383        12.8      -102823.3558       -94.7825 17m44s/Msamples
        4425000   -102929.2822        12.8      -102831.8366       -97.4456 17m44s/Msamples
        4426000   -102921.9732        12.8      -102821.0462      -100.9270 17m44s/Msamples
        4427000   -102914.2989        12.8      -102817.9649       -96.3340 17m44s/Msamples
        4428000   -102934.6368        12.8      -102826.7452      -107.8915 17m44s/Msamples
        4429000   -102934.8360        12.8      -102824.5048      -110.3311 17m44s/Msamples
        4430000   -102936.9501        12.8      -102828.3338      -108.6163 17m44s/Msamples
        4431000   -102950.0909        12.7      -102831.6866      -118.4043 17m44s/Msamples
        4432000   -102954.7354        12.7      -102828.2412      -126.4942 17m44s/Msamples
        4433000   -102946.3964        12.7      -102826.3074      -120.0890 17m44s/Msamples
        4434000   -102942.1590        12.7      -102827.9877      -114.1712 17m44s/Msamples
        4435000   -102928.6822        12.7      -102816.7198      -111.9623 17m44s/Msamples
        4436000   -102936.3544        12.7      -102823.1852      -113.1691 17m44s/Msamples
        4437000   -102939.0395        12.7      -102814.9362      -124.1033 17m44s/Msamples
        4438000   -102946.3193        12.7      -102826.3905      -119.9288 17m44s/Msamples
        4439000   -102936.6481        12.7      -102821.2569      -115.3912 17m44s/Msamples
        4440000   -102935.3032        12.7      -102824.5065      -110.7967 17m44s/Msamples
        4441000   -102939.6427        12.7      -102835.9025      -103.7401 17m44s/Msamples
        4442000   -102943.1859        12.7      -102837.3779      -105.8079 17m44s/Msamples
        4443000   -102925.8042        12.7      -102828.1332       -97.6709 17m44s/Msamples
        4444000   -102935.2218        12.7      -102830.8095      -104.4122 17m44s/Msamples
        4445000   -102929.3497        12.7      -102825.9034      -103.4463 17m44s/Msamples
        4446000   -102925.2624        12.7      -102822.4411      -102.8213 17m44s/Msamples
        4447000   -102922.7513        12.7      -102822.3817      -100.3695 17m44s/Msamples
        4448000   -102926.5843        12.7      -102829.0880       -97.4962 17m44s/Msamples
        4449000   -102927.6753        12.7      -102831.2915       -96.3837 17m44s/Msamples
        4450000   -102924.4841        12.7      -102832.7059       -91.7781 17m44s/Msamples
        4451000   -102923.9331        12.7      -102829.3328       -94.6003 17m44s/Msamples
        4452000   -102925.3012        12.7      -102826.8576       -98.4435 17m44s/Msamples
        4453000   -102937.6773        12.7      -102834.6374      -103.0398 17m44s/Msamples
        4454000   -102938.3512        12.7      -102835.9314      -102.4198 17m44s/Msamples
        4455000   -102933.3306        12.7      -102825.4406      -107.8899 17m44s/Msamples
        4456000   -102935.7080        12.7      -102829.6292      -106.0787 17m44s/Msamples
        4457000   -102927.4691        12.7      -102830.9992       -96.4698 17m44s/Msamples
        4458000   -102916.2276        12.7      -102821.5314       -94.6962 17m44s/Msamples
        4459000   -102926.0764        12.7      -102826.8553       -99.2210 17m44s/Msamples
        4460000   -102918.5621        12.7      -102821.8962       -96.6658 17m44s/Msamples
        4461000   -102938.0206        12.7      -102835.0743      -102.9462 17m44s/Msamples
        4462000   -102936.3242        12.7      -102831.7992      -104.5250 17m44s/Msamples
        4463000   -102938.2240        12.7      -102830.7998      -107.4242 17m44s/Msamples
        4464000   -102926.1167        12.7      -102824.1284      -101.9882 17m44s/Msamples
        4465000   -102926.5051        12.7      -102825.6574      -100.8477 17m44s/Msamples
        4466000   -102926.9786        12.7      -102826.0310      -100.9475 17m44s/Msamples
        4467000   -102915.5504        12.7      -102814.7801      -100.7702 17m44s/Msamples
        4468000   -102919.9015        12.7      -102818.1845      -101.7170 17m44s/Msamples
        4469000   -102917.1362        12.7      -102816.8516      -100.2846 17m44s/Msamples
        4470000   -102927.0700        12.7      -102823.2743      -103.7956 17m44s/Msamples
        4471000   -102932.3061        12.7      -102825.2000      -107.1061 17m44s/Msamples
        4472000   -102920.6255        12.7      -102820.2003      -100.4251 17m44s/Msamples
        4473000   -102926.3652        12.7      -102826.4535       -99.9117 17m44s/Msamples
        4474000   -102914.5418        12.7      -102822.4494       -92.0923 17m44s/Msamples
        4475000   -102917.6330        12.7      -102823.5877       -94.0453 17m44s/Msamples
        4476000   -102910.7647        12.7      -102819.1428       -91.6219 17m44s/Msamples
        4477000   -102926.3231        12.7      -102827.4381       -98.8849 17m44s/Msamples
        4478000   -102921.3478        12.7      -102823.4205       -97.9273 17m44s/Msamples
        4479000   -102935.5237        12.7      -102830.8023      -104.7214 17m44s/Msamples
        4480000   -102928.7315        12.7      -102829.9771       -98.7544 17m44s/Msamples
        4481000   -102919.5040        12.7      -102823.2295       -96.2745 17m44s/Msamples
        4482000   -102913.1324        12.7      -102819.4971       -93.6352 17m44s/Msamples
        4483000   -102926.2327        12.7      -102826.8703       -99.3623 17m44s/Msamples
        4484000   -102930.5549        12.7      -102824.8427      -105.7122 17m44s/Msamples
        4485000   -102933.3135        12.7      -102829.3064      -104.0070 17m44s/Msamples
        4486000   -102927.0151        12.7      -102828.1823       -98.8327 17m44s/Msamples
        4487000   -102926.5652        12.7      -102821.1175      -105.4476 17m44s/Msamples
        4488000   -102917.7880        12.7      -102820.1464       -97.6415 17m44s/Msamples
        4489000   -102910.7242        12.8      -102811.1500       -99.5742 17m44s/Msamples
        4490000   -102933.2208        12.7      -102822.0341      -111.1867 17m44s/Msamples
        4491000   -102927.1007        12.8      -102819.9939      -107.1067 17m44s/Msamples
        4492000   -102927.3992        12.8      -102822.4283      -104.9709 17m44s/Msamples
        4493000   -102913.8432        12.8      -102818.9543       -94.8888 17m44s/Msamples
        4494000   -102917.1728        12.8      -102821.8321       -95.3406 17m44s/Msamples
        4495000   -102924.6823        12.8      -102827.1643       -97.5180 17m44s/Msamples
        4496000   -102915.9868        12.8      -102822.4856       -93.5011 17m44s/Msamples
        4497000   -102905.4541        12.8      -102817.5053       -87.9487 17m44s/Msamples
        4498000   -102909.3933        12.8      -102815.3735       -94.0198 17m44s/Msamples
        4499000   -102904.4385        12.8      -102812.5761       -91.8623 17m44s/Msamples
        4500000   -102910.0620        12.8      -102814.0167       -96.0452 17m44s/Msamples
        4501000   -102914.1324        12.9      -102816.2081       -97.9242 17m44s/Msamples
        4502000   -102927.8993        12.9      -102825.1057      -102.7935 17m44s/Msamples
        4503000   -102928.0760        12.9      -102828.4935       -99.5825 17m44s/Msamples
        4504000   -102940.3998        12.9      -102831.6042      -108.7956 17m44s/Msamples
        4505000   -102948.7114        12.8      -102832.9468      -115.7645 17m44s/Msamples
        4506000   -102926.4678        12.8      -102826.6074       -99.8604 17m44s/Msamples
        4507000   -102928.9657        12.8      -102825.8335      -103.1321 17m44s/Msamples
        4508000   -102923.1079        12.8      -102826.3410       -96.7669 17m44s/Msamples
        4509000   -102921.1980        12.9      -102821.5495       -99.6485 17m44s/Msamples
        4510000   -102918.3738        12.9      -102818.6681       -99.7057 17m44s/Msamples
        4511000   -102929.0472        12.9      -102823.0440      -106.0032 17m44s/Msamples
        4512000   -102931.0669        12.9      -102824.5029      -106.5640 17m44s/Msamples
        4513000   -102922.1652        12.9      -102821.7180      -100.4472 17m44s/Msamples
        4514000   -102923.3428        12.9      -102821.1991      -102.1437 17m44s/Msamples
        4515000   -102927.3722        12.9      -102824.3026      -103.0695 17m44s/Msamples
        4516000   -102934.0509        12.9      -102828.0500      -106.0009 17m44s/Msamples
        4517000   -102929.5384        12.9      -102822.2604      -107.2779 17m44s/Msamples
        4518000   -102925.6869        12.9      -102820.7942      -104.8927 17m44s/Msamples
        4519000   -102925.6058        12.9      -102825.0466      -100.5591 17m44s/Msamples
        4520000   -102928.4382        12.9      -102825.9191      -102.5190 17m44s/Msamples
        4521000   -102933.8147        12.9      -102829.9486      -103.8660 17m44s/Msamples
        4522000   -102937.2662        12.9      -102823.4221      -113.8440 17m44s/Msamples
        4523000   -102927.9557        12.9      -102825.7308      -102.2249 17m44s/Msamples
        4524000   -102934.1062        12.8      -102826.2215      -107.8846 17m44s/Msamples
        4525000   -102940.3626        12.8      -102826.6274      -113.7351 17m44s/Msamples
        4526000   -102935.6417        12.9      -102823.0463      -112.5953 17m44s/Msamples
        4527000   -102930.9987        12.9      -102825.9271      -105.0715 17m44s/Msamples
        4528000   -102938.5615        12.9      -102828.1112      -110.4502 17m44s/Msamples
        4529000   -102939.1698        12.9      -102831.2233      -107.9464 17m44s/Msamples
        4530000   -102940.2431        12.9      -102825.1146      -115.1284 17m44s/Msamples
        4531000   -102940.5943        12.8      -102827.8978      -112.6965 17m44s/Msamples
        4532000   -102947.0856        12.8      -102827.1134      -119.9722 17m44s/Msamples
        4533000   -102946.2672        12.8      -102834.7515      -111.5157 17m44s/Msamples
        4534000   -102938.1032        12.8      -102828.9449      -109.1583 17m44s/Msamples
        4535000   -102935.1855        12.8      -102824.7848      -110.4006 17m44s/Msamples
        4536000   -102925.8894        12.8      -102817.2814      -108.6080 17m44s/Msamples
        4537000   -102925.8414        12.8      -102818.3461      -107.4953 17m44s/Msamples
        4538000   -102918.1964        12.8      -102816.9344      -101.2619 17m44s/Msamples
        4539000   -102912.5226        12.8      -102817.4306       -95.0919 17m44s/Msamples
        4540000   -102919.5811        12.9      -102824.0093       -95.5717 17m44s/Msamples
        4541000   -102921.3605        12.9      -102821.2396      -100.1209 17m44s/Msamples
        4542000   -102911.9900        12.9      -102817.4361       -94.5539 17m44s/Msamples
        4543000   -102925.3838        12.9      -102821.3152      -104.0685 17m44s/Msamples
        4544000   -102928.6917        12.9      -102820.1250      -108.5667 17m44s/Msamples
        4545000   -102935.3117        12.9      -102825.4864      -109.8252 17m44s/Msamples
        4546000   -102935.3737        12.9      -102827.1279      -108.2457 17m44s/Msamples
        4547000   -102925.9891        12.9      -102827.5875       -98.4016 17m44s/Msamples
        4548000   -102927.6430        12.9      -102829.4772       -98.1657 17m44s/Msamples
        4549000   -102924.5954        12.9      -102827.7155       -96.8799 17m44s/Msamples
        4550000   -102926.3029        12.9      -102826.8024       -99.5004 17m44s/Msamples
        4551000   -102933.7056        12.9      -102825.8808      -107.8247 17m44s/Msamples
        4552000   -102932.8569        12.9      -102826.6421      -106.2147 17m44s/Msamples
        4553000   -102944.3381        12.8      -102834.1691      -110.1689 17m44s/Msamples
        4554000   -102948.8154        12.8      -102834.5266      -114.2887 17m44s/Msamples
        4555000   -102947.9594        12.8      -102837.6508      -110.3086 17m44s/Msamples
        4556000   -102952.1984        12.8      -102841.1790      -111.0193 17m44s/Msamples
        4557000   -102955.2622        12.8      -102846.5379      -108.7242 17m44s/Msamples
        4558000   -102951.6768        12.8      -102838.8315      -112.8452 17m44s/Msamples
        4559000   -102951.7122        12.8      -102840.4681      -111.2440 17m44s/Msamples
        4560000   -102935.1040        12.8      -102831.8158      -103.2882 17m44s/Msamples
        4561000   -102943.3344        12.8      -102837.3252      -106.0092 17m44s/Msamples
        4562000   -102951.5395        12.8      -102836.4724      -115.0671 17m44s/Msamples
        4563000   -102948.1820        12.7      -102835.0703      -113.1116 17m44s/Msamples
        4564000   -102948.3362        12.7      -102839.6320      -108.7041 17m44s/Msamples
        4565000   -102956.8962        12.7      -102844.3056      -112.5906 17m44s/Msamples
        4566000   -102948.6467        12.7      -102842.2500      -106.3967 17m44s/Msamples
        4567000   -102937.1145        12.7      -102837.0844      -100.0300 17m44s/Msamples
        4568000   -102934.9107        12.7      -102835.1823       -99.7283 17m44s/Msamples
        4569000   -102930.0636        12.7      -102830.8703       -99.1932 17m44s/Msamples
        4570000   -102932.3318        12.7      -102831.9628      -100.3690 17m44s/Msamples
        4571000   -102930.6417        12.7      -102823.3895      -107.2521 17m44s/Msamples
        4572000   -102930.0086        12.7      -102830.5996       -99.4090 17m44s/Msamples
        4573000   -102934.7565        12.7      -102837.8874       -96.8690 17m44s/Msamples
        4574000   -102921.2491        12.7      -102827.5837       -93.6653 17m44s/Msamples
        4575000   -102923.1655        12.7      -102828.4528       -94.7127 17m44s/Msamples
        4576000   -102925.2798        12.7      -102824.4991      -100.7806 17m44s/Msamples
        4577000   -102923.3685        12.7      -102820.4701      -102.8983 17m44s/Msamples
        4578000   -102915.3138        12.7      -102817.6095       -97.7042 17m44s/Msamples
        4579000   -102918.0172        12.7      -102816.8008      -101.2163 17m44s/Msamples
        4580000   -102926.3848        12.7      -102822.4275      -103.9572 17m44s/Msamples
        4581000   -102927.3619        12.7      -102829.9853       -97.3765 17m44s/Msamples
        4582000   -102927.3111        12.7      -102822.9957      -104.3153 17m44s/Msamples
        4583000   -102927.3122        12.7      -102825.3540      -101.9582 17m44s/Msamples
        4584000   -102929.0717        12.7      -102824.0942      -104.9775 17m44s/Msamples
        4585000   -102939.5031        12.7      -102831.2267      -108.2763 17m44s/Msamples
        4586000   -102947.7579        12.7      -102838.0796      -109.6783 17m44s/Msamples
        4587000   -102936.2081        12.7      -102834.6902      -101.5178 17m44s/Msamples
        4588000   -102931.7383        12.7      -102831.6963      -100.0419 17m44s/Msamples
        4589000   -102939.3446        12.7      -102829.1415      -110.2031 17m44s/Msamples
        4590000   -102934.4443        12.7      -102831.1166      -103.3277 17m44s/Msamples
        4591000   -102926.4881        12.7      -102827.8397       -98.6483 17m44s/Msamples
        4592000   -102919.2971        12.7      -102820.0644       -99.2326 17m44s/Msamples
        4593000   -102927.2460        12.7      -102823.8722      -103.3737 17m44s/Msamples
        4594000   -102924.1301        12.7      -102828.7465       -95.3835 17m44s/Msamples
        4595000   -102929.2082        12.7      -102834.7463       -94.4619 17m44s/Msamples
        4596000   -102917.2557        12.7      -102832.2678       -84.9879 17m44s/Msamples
        4597000   -102919.1769        12.7      -102828.3634       -90.8134 17m44s/Msamples
        4598000   -102940.8165        12.7      -102835.4346      -105.3818 17m44s/Msamples
        4599000   -102921.8117        12.7      -102829.5372       -92.2744 17m44s/Msamples
        4600000   -102908.2399        12.7      -102819.4571       -88.7828 17m44s/Msamples
        4601000   -102913.3764        12.7      -102821.1127       -92.2636 17m44s/Msamples
        4602000   -102911.5569        12.8      -102827.2552       -84.3017 17m45s/Msamples
        4603000   -102917.9994        12.8      -102834.3585       -83.6408 17m44s/Msamples
        4604000   -102915.1843        12.8      -102829.6244       -85.5598 17m44s/Msamples
        4605000   -102923.4145        12.8      -102829.9077       -93.5067 17m44s/Msamples
        4606000   -102920.5515        12.8      -102825.8528       -94.6987 17m44s/Msamples
        4607000   -102916.5113        12.8      -102827.7659       -88.7454 17m44s/Msamples
        4608000   -102922.7540        12.8      -102834.3162       -88.4378 17m44s/Msamples
        4609000   -102916.9017        12.8      -102824.0018       -92.8999 17m44s/Msamples
        4610000   -102909.2145        12.8      -102820.0169       -89.1976 17m44s/Msamples
        4611000   -102913.9796        12.8      -102822.5912       -91.3883 17m44s/Msamples
        4612000   -102915.5770        12.8      -102821.2738       -94.3031 17m44s/Msamples
        4613000   -102919.7585        12.8      -102823.2547       -96.5038 17m44s/Msamples
        4614000   -102923.6758        12.9      -102825.4516       -98.2242 17m44s/Msamples
        4615000   -102917.4180        12.9      -102824.8624       -92.5555 17m45s/Msamples
        4616000   -102924.9796        12.9      -102820.0431      -104.9364 17m45s/Msamples
        4617000   -102921.8228        12.9      -102823.3785       -98.4442 17m45s/Msamples
        4618000   -102918.9905        12.9      -102824.4833       -94.5072 17m45s/Msamples
        4619000   -102932.9773        12.9      -102828.1865      -104.7907 17m45s/Msamples
        4620000   -102929.7259        12.9      -102830.9463       -98.7795 17m45s/Msamples
        4621000   -102930.5705        12.9      -102830.9654       -99.6050 17m45s/Msamples
        4622000   -102912.4693        12.9      -102825.5766       -86.8927 17m45s/Msamples
        4623000   -102914.8187        12.9      -102824.9285       -89.8901 17m45s/Msamples
        4624000   -102906.3696        12.9      -102823.3302       -83.0393 17m45s/Msamples
        4625000   -102902.9661        12.9      -102821.5534       -81.4126 17m45s/Msamples
        4626000   -102907.8982        13.0      -102820.8813       -87.0168 17m45s/Msamples
        4627000   -102901.1157        13.0      -102817.5111       -83.6045 17m45s/Msamples
        4628000   -102902.0656        13.0      -102817.5012       -84.5644 17m45s/Msamples
        4629000   -102911.6811        13.0      -102822.4832       -89.1978 17m45s/Msamples
        4630000   -102913.9958        13.0      -102821.3711       -92.6247 17m45s/Msamples
        4631000   -102913.7297        13.0      -102819.8438       -93.8858 17m45s/Msamples
        4632000   -102907.8358        13.1      -102815.7583       -92.0775 17m45s/Msamples
        4633000   -102906.7691        13.1      -102820.0160       -86.7530 17m45s/Msamples
        4634000   -102918.1122        13.1      -102821.0791       -97.0330 17m45s/Msamples
        4635000   -102917.3891        13.1      -102819.8473       -97.5417 17m45s/Msamples
        4636000   -102918.7371        13.1      -102822.9082       -95.8288 17m44s/Msamples
        4637000   -102938.1420        13.1      -102826.3181      -111.8238 17m44s/Msamples
        4638000   -102923.3963        13.1      -102828.1555       -95.2407 17m44s/Msamples
        4639000   -102922.6149        13.1      -102823.4381       -99.1767 17m44s/Msamples
        4640000   -102914.3787        13.1      -102821.5270       -92.8516 17m45s/Msamples
        4641000   -102928.0523        13.1      -102832.2328       -95.8195 17m44s/Msamples
        4642000   -102922.7727        13.1      -102830.2136       -92.5590 17m45s/Msamples
        4643000   -102911.1642        13.1      -102830.5283       -80.6359 17m44s/Msamples
        4644000   -102916.4477        13.1      -102829.7142       -86.7334 17m45s/Msamples
        4645000   -102912.8123        13.2      -102826.3772       -86.4350 17m45s/Msamples
        4646000   -102914.0173        13.2      -102833.4064       -80.6109 17m45s/Msamples
        4647000   -102928.3919        13.2      -102840.0002       -88.3916 17m45s/Msamples
        4648000   -102928.6205        13.2      -102836.6631       -91.9573 17m45s/Msamples
        4649000   -102927.9985        13.2      -102836.0028       -91.9957 17m45s/Msamples
        4650000   -102931.2664        13.2      -102836.9726       -94.2938 17m45s/Msamples
        4651000   -102935.7077        13.2      -102843.4500       -92.2576 17m45s/Msamples
        4652000   -102927.3432        13.2      -102835.2102       -92.1330 17m45s/Msamples
        4653000   -102919.1677        13.2      -102828.6025       -90.5652 17m45s/Msamples
        4654000   -102917.4147        13.2      -102833.2040       -84.2107 17m45s/Msamples
        4655000   -102913.8839        13.2      -102823.2362       -90.6477 17m45s/Msamples
        4656000   -102915.6248        13.2      -102824.6973       -90.9274 17m45s/Msamples
        4657000   -102911.5164        13.2      -102825.4741       -86.0423 17m45s/Msamples
        4658000   -102920.9608        13.2      -102827.6890       -93.2718 17m45s/Msamples
        4659000   -102920.1443        13.2      -102826.0909       -94.0534 17m45s/Msamples
        4660000   -102912.9579        13.2      -102824.1479       -88.8099 17m45s/Msamples
        4661000   -102931.9259        13.2      -102833.8577       -98.0682 17m45s/Msamples
        4662000   -102938.8938        13.2      -102827.0854      -111.8084 17m45s/Msamples
        4663000   -102941.7264        13.2      -102830.6419      -111.0845 17m45s/Msamples
        4664000   -102942.4288        13.2      -102827.8179      -114.6109 17m45s/Msamples
        4665000   -102938.2995        13.2      -102832.2967      -106.0027 17m45s/Msamples
        4666000   -102927.7553        13.2      -102826.8753      -100.8799 17m45s/Msamples
        4667000   -102920.3611        13.2      -102828.0227       -92.3384 17m45s/Msamples
        4668000   -102916.3562        13.2      -102823.2378       -93.1184 17m45s/Msamples
        4669000   -102916.2649        13.2      -102827.7258       -88.5390 17m45s/Msamples
        4670000   -102920.2865        13.2      -102823.4369       -96.8496 17m45s/Msamples
        4671000   -102916.4690        13.2      -102823.7008       -92.7681 17m45s/Msamples
        4672000   -102922.3246        13.2      -102825.2733       -97.0513 17m45s/Msamples
        4673000   -102928.0169        13.2      -102824.4135      -103.6033 17m45s/Msamples
        4674000   -102923.6449        13.2      -102826.5116       -97.1332 17m45s/Msamples
        4675000   -102901.5891        13.3      -102819.1616       -82.4275 17m45s/Msamples
        4676000   -102904.6712        13.3      -102818.2303       -86.4409 17m45s/Msamples
        4677000   -102902.8102        13.3      -102817.2722       -85.5380 17m45s/Msamples
        4678000   -102907.4486        13.3      -102811.1144       -96.3342 17m45s/Msamples
        4679000   -102904.0338        13.4      -102813.0652       -90.9685 17m45s/Msamples
        4680000   -102902.9660        13.4      -102818.1007       -84.8653 17m45s/Msamples
        4681000   -102901.5276        13.4      -102817.5527       -83.9748 17m45s/Msamples
        4682000   -102903.9473        13.4      -102820.6809       -83.2664 17m45s/Msamples
        4683000   -102912.2270        13.4      -102820.8733       -91.3537 17m45s/Msamples
        4684000   -102903.3201        13.5      -102817.2441       -86.0760 17m45s/Msamples
        4685000   -102901.0020        13.5      -102819.5568       -81.4452 17m45s/Msamples
        4686000   -102898.6417        13.5      -102815.6151       -83.0266 17m45s/Msamples
        4687000   -102909.2650        13.5      -102823.7243       -85.5406 17m45s/Msamples
        4688000   -102897.6291        13.6      -102813.1334       -84.4957 17m45s/Msamples
        4689000   -102908.3618        13.6      -102825.3292       -83.0326 17m45s/Msamples
        4690000   -102897.3691        13.6      -102820.8875       -76.4816 17m45s/Msamples
        4691000   -102904.0154        13.6      -102815.1801       -88.8353 17m45s/Msamples
        4692000   -102914.5687        13.7      -102815.2308       -99.3379 17m45s/Msamples
        4693000   -102905.8531        13.7      -102814.3463       -91.5067 17m45s/Msamples
        4694000   -102916.5044        13.7      -102824.9681       -91.5363 17m45s/Msamples
        4695000   -102920.7927        13.7      -102829.1360       -91.6566 17m45s/Msamples
        4696000   -102918.1167        13.7      -102823.3762       -94.7405 17m45s/Msamples
        4697000   -102919.9465        13.7      -102828.6576       -91.2888 17m45s/Msamples
        4698000   -102921.9383        13.7      -102831.6895       -90.2488 17m45s/Msamples
        4699000   -102914.8086        13.7      -102829.6110       -85.1976 17m45s/Msamples
        4700000   -102932.4138        13.7      -102836.2869       -96.1269 17m45s/Msamples
        4701000   -102921.6933        13.7      -102831.7501       -89.9432 17m45s/Msamples
        4702000   -102910.6135        13.7      -102826.7493       -83.8641 17m45s/Msamples
        4703000   -102910.0794        13.7      -102825.4461       -84.6332 17m45s/Msamples
        4704000   -102922.4048        13.8      -102832.8706       -89.5341 17m45s/Msamples
        4705000   -102919.4679        13.8      -102836.6743       -82.7936 17m45s/Msamples
        4706000   -102923.8668        13.8      -102838.2720       -85.5947 17m45s/Msamples
        4707000   -102936.7743        13.8      -102836.2290      -100.5452 17m45s/Msamples
        4708000   -102933.7546        13.8      -102840.8824       -92.8721 17m45s/Msamples
        4709000   -102923.5001        13.8      -102843.8419       -79.6582 17m45s/Msamples
        4710000   -102912.6299        13.8      -102824.8049       -87.8250 17m45s/Msamples
        4711000   -102910.7219        13.8      -102822.1661       -88.5558 17m45s/Msamples
        4712000   -102919.2723        13.8      -102825.3839       -93.8883 17m45s/Msamples
        4713000   -102919.0438        13.8      -102823.8580       -95.1857 17m45s/Msamples
        4714000   -102921.7401        13.8      -102826.3405       -95.3995 17m45s/Msamples
        4715000   -102922.7209        13.8      -102825.3821       -97.3387 17m45s/Msamples
        4716000   -102928.5256        13.8      -102829.1113       -99.4142 17m45s/Msamples
        4717000   -102920.1538        13.8      -102825.7755       -94.3783 17m45s/Msamples
        4718000   -102927.9156        13.8      -102827.6428      -100.2727 17m45s/Msamples
        4719000   -102921.3982        13.8      -102826.6855       -94.7126 17m45s/Msamples
        4720000   -102922.5469        13.8      -102830.1958       -92.3511 17m45s/Msamples
        4721000   -102932.4828        13.8      -102830.8827      -101.6001 17m45s/Msamples
        4722000   -102928.1428        13.8      -102831.4958       -96.6470 17m45s/Msamples
        4723000   -102927.9981        13.8      -102833.5494       -94.4486 17m45s/Msamples
        4724000   -102913.3320        13.8      -102821.1707       -92.1613 17m45s/Msamples
        4725000   -102922.8785        13.8      -102827.1204       -95.7580 17m45s/Msamples
        4726000   -102924.7991        13.8      -102831.2076       -93.5915 17m45s/Msamples
        4727000   -102927.3071        13.8      -102832.6759       -94.6312 17m45s/Msamples
        4728000   -102916.3527        13.8      -102825.5927       -90.7600 17m45s/Msamples
        4729000   -102914.7646        13.9      -102829.2748       -85.4898 17m45s/Msamples
        4730000   -102920.9535        13.9      -102824.7717       -96.1817 17m45s/Msamples
        4731000   -102927.8622        13.9      -102826.8815      -100.9806 17m45s/Msamples
        4732000   -102939.6391        13.9      -102826.2744      -113.3646 17m45s/Msamples
        4733000   -102917.3951        13.9      -102819.5241       -97.8710 17m45s/Msamples
        4734000   -102915.1072        13.9      -102819.4461       -95.6610 17m45s/Msamples
        4735000   -102922.4680        13.9      -102821.7738      -100.6941 17m45s/Msamples
        4736000   -102935.8956        13.9      -102826.6749      -109.2207 17m45s/Msamples
        4737000   -102930.0840        13.9      -102826.0136      -104.0703 17m45s/Msamples
        4738000   -102920.9722        13.9      -102824.9140       -96.0582 17m45s/Msamples
        4739000   -102935.0339        13.9      -102833.5554      -101.4785 17m45s/Msamples
        4740000   -102934.8983        13.9      -102836.3967       -98.5015 17m45s/Msamples
        4741000   -102922.8916        13.9      -102828.4391       -94.4525 17m45s/Msamples
        4742000   -102929.0561        13.9      -102832.6531       -96.4029 17m45s/Msamples
        4743000   -102920.4916        13.9      -102824.3197       -96.1719 17m45s/Msamples
        4744000   -102922.8800        13.9      -102826.5373       -96.3427 17m45s/Msamples
        4745000   -102926.9696        13.9      -102827.2914       -99.6782 17m45s/Msamples
        4746000   -102940.7046        13.9      -102830.2397      -110.4649 17m45s/Msamples
        4747000   -102927.5012        13.9      -102830.3083       -97.1928 17m45s/Msamples
        4748000   -102927.5718        13.9      -102827.7973       -99.7745 17m45s/Msamples
        4749000   -102924.6799        13.9      -102822.5751      -102.1047 17m45s/Msamples
        4750000   -102931.4921        13.9      -102826.5521      -104.9399 17m45s/Msamples
        4751000   -102918.8107        13.9      -102823.3777       -95.4330 17m45s/Msamples
        4752000   -102910.4472        13.9      -102817.5163       -92.9308 17m45s/Msamples
        4753000   -102915.5373        13.9      -102815.3395      -100.1978 17m45s/Msamples
        4754000   -102918.6240        13.9      -102814.3627      -104.2613 17m45s/Msamples
        4755000   -102915.5016        13.9      -102815.3607      -100.1408 17m45s/Msamples
        4756000   -102917.1268        13.9      -102818.3311       -98.7957 17m45s/Msamples
        4757000   -102919.9649        13.9      -102818.5385      -101.4263 17m45s/Msamples
        4758000   -102916.5251        13.9      -102824.1041       -92.4210 17m45s/Msamples
        4759000   -102924.3505        13.9      -102829.3826       -94.9679 17m45s/Msamples
        4760000   -102916.3755        14.0      -102823.1567       -93.2187 17m45s/Msamples
        4761000   -102913.5169        14.0      -102822.5076       -91.0093 17m45s/Msamples
        4762000   -102923.2451        14.0      -102829.6439       -93.6012 17m45s/Msamples
        4763000   -102909.2601        14.0      -102818.3145       -90.9455 17m45s/Msamples
        4764000   -102912.3338        14.0      -102817.2799       -95.0539 17m45s/Msamples
        4765000   -102920.2194        14.0      -102822.3740       -97.8453 17m45s/Msamples
        4766000   -102903.0913        14.0      -102811.5392       -91.5521 17m45s/Msamples
        4767000   -102907.1012        14.0      -102816.1004       -91.0007 17m45s/Msamples
        4768000   -102909.5680        14.1      -102819.4611       -90.1068 17m45s/Msamples
        4769000   -102902.9026        14.1      -102817.7821       -85.1204 17m45s/Msamples
        4770000   -102908.4664        14.1      -102824.4896       -83.9768 17m45s/Msamples
        4771000   -102904.2812        14.1      -102815.6462       -88.6350 17m45s/Msamples
        4772000   -102916.6391        14.1      -102822.9252       -93.7139 17m45s/Msamples
        4773000   -102909.5019        14.2      -102822.7089       -86.7929 17m45s/Msamples
        4774000   -102914.7555        14.2      -102820.8309       -93.9245 17m45s/Msamples
        4775000   -102902.7388        14.2      -102816.7775       -85.9613 17m45s/Msamples
        4776000   -102917.0057        14.2      -102821.3654       -95.6403 17m45s/Msamples
        4777000   -102932.1918        14.2      -102829.2596      -102.9321 17m45s/Msamples
        4778000   -102925.0046        14.2      -102824.7596      -100.2450 17m45s/Msamples
        4779000   -102919.5223        14.2      -102825.8030       -93.7193 17m45s/Msamples
        4780000   -102916.2746        14.2      -102825.3858       -90.8887 17m45s/Msamples
        4781000   -102915.9088        14.2      -102819.2169       -96.6919 17m45s/Msamples
        4782000   -102914.8669        14.2      -102817.5699       -97.2969 17m45s/Msamples
        4783000   -102919.2774        14.2      -102820.7649       -98.5125 17m45s/Msamples
        4784000   -102927.1897        14.2      -102827.0025      -100.1871 17m45s/Msamples
        4785000   -102921.2639        14.2      -102823.1426       -98.1213 17m45s/Msamples
        4786000   -102929.0141        14.2      -102833.6598       -95.3542 17m45s/Msamples
        4787000   -102921.1581        14.2      -102827.8483       -93.3098 17m45s/Msamples
        4788000   -102912.5135        14.3      -102825.1379       -87.3756 17m45s/Msamples
        4789000   -102913.2040        14.3      -102828.2046       -84.9994 17m45s/Msamples
        4790000   -102911.3129        14.3      -102822.1481       -89.1647 17m45s/Msamples
        4791000   -102910.9036        14.3      -102820.2745       -90.6291 17m45s/Msamples
        4792000   -102902.3443        14.3      -102816.7979       -85.5463 17m45s/Msamples
        4793000   -102894.6708        14.4      -102812.4421       -82.2286 17m45s/Msamples
        4794000   -102896.1349        14.4      -102812.2985       -83.8363 17m45s/Msamples
        4795000   -102895.5818        14.4      -102806.1552       -89.4266 17m45s/Msamples
        4796000   -102908.0187        14.4      -102817.4630       -90.5557 17m45s/Msamples
        4797000   -102903.4409        14.5      -102812.8999       -90.5410 17m45s/Msamples
        4798000   -102909.6503        14.5      -102814.8352       -94.8150 17m45s/Msamples
        4799000   -102914.5778        14.5      -102820.9673       -93.6105 17m45s/Msamples
        4800000   -102910.0297        14.5      -102818.5643       -91.4654 17m45s/Msamples
        4801000   -102919.7226        14.5      -102820.8938       -98.8287 17m45s/Msamples
        4802000   -102920.2982        14.5      -102823.8033       -96.4948 17m45s/Msamples
        4803000   -102909.5398        14.5      -102818.4855       -91.0543 17m45s/Msamples
        4804000   -102916.0234        14.5      -102821.2125       -94.8109 17m45s/Msamples
        4805000   -102930.8387        14.5      -102831.0027       -99.8359 17m45s/Msamples
        4806000   -102913.4919        14.5      -102813.2552      -100.2366 17m45s/Msamples
        4807000   -102917.7227        14.5      -102817.1145      -100.6081 17m45s/Msamples
        4808000   -102917.8636        14.6      -102816.6268      -101.2368 17m45s/Msamples
        4809000   -102904.9768        14.6      -102814.6621       -90.3147 17m45s/Msamples
        4810000   -102909.2768        14.6      -102815.7991       -93.4776 17m45s/Msamples
        4811000   -102920.1521        14.6      -102821.3085       -98.8436 17m45s/Msamples
        4812000   -102912.9525        14.6      -102815.9662       -96.9863 17m45s/Msamples
        4813000   -102913.2132        14.6      -102817.3781       -95.8350 17m45s/Msamples
        4814000   -102919.4539        14.6      -102820.4334       -99.0205 17m45s/Msamples
        4815000   -102926.9126        14.6      -102823.2376      -103.6749 17m45s/Msamples
        4816000   -102922.7189        14.6      -102820.1223      -102.5965 17m45s/Msamples
        4817000   -102927.6552        14.6      -102825.9109      -101.7443 17m45s/Msamples
        4818000   -102939.0973        14.6      -102831.3860      -107.7113 17m45s/Msamples
        4819000   -102946.3291        14.6      -102831.7334      -114.5957 17m45s/Msamples
        4820000   -102939.1367        14.6      -102831.8292      -107.3074 17m45s/Msamples
        4821000   -102936.6641        14.6      -102819.2026      -117.4615 17m45s/Msamples
        4822000   -102937.1984        14.6      -102827.3956      -109.8027 17m45s/Msamples
        4823000   -102951.4225        14.6      -102831.2095      -120.2129 17m45s/Msamples
        4824000   -102948.0155        14.6      -102833.4202      -114.5953 17m45s/Msamples
        4825000   -102935.8118        14.6      -102826.6368      -109.1750 17m45s/Msamples
        4826000   -102927.8338        14.6      -102825.5230      -102.3107 17m45s/Msamples
        4827000   -102941.4575        14.6      -102834.8617      -106.5958 17m45s/Msamples
        4828000   -102937.8328        14.6      -102829.9616      -107.8711 17m45s/Msamples
        4829000   -102928.8323        14.6      -102824.7258      -104.1065 17m45s/Msamples
        4830000   -102927.1705        14.6      -102828.2937       -98.8768 17m45s/Msamples
        4831000   -102930.2723        14.6      -102826.1747      -104.0975 17m45s/Msamples
        4832000   -102937.4145        14.6      -102824.1449      -113.2696 17m45s/Msamples
        4833000   -102938.5992        14.6      -102828.8301      -109.7690 17m45s/Msamples
        4834000   -102934.1547        14.6      -102826.2411      -107.9135 17m45s/Msamples
        4835000   -102928.3403        14.6      -102821.4114      -106.9288 17m45s/Msamples
        4836000   -102924.4028        14.6      -102811.6944      -112.7083 17m45s/Msamples
        4837000   -102926.4037        14.6      -102813.9160      -112.4877 17m45s/Msamples
        4838000   -102938.6977        14.6      -102829.1821      -109.5155 17m45s/Msamples
        4839000   -102927.2290        14.6      -102819.9423      -107.2867 17m45s/Msamples
        4840000   -102930.0935        14.6      -102821.9786      -108.1148 17m45s/Msamples
        4841000   -102933.4192        14.6      -102821.5858      -111.8333 17m45s/Msamples
        4842000   -102931.0207        14.6      -102822.5745      -108.4462 17m45s/Msamples
        4843000   -102947.9040        14.6      -102834.9535      -112.9504 17m45s/Msamples
        4844000   -102946.1078        14.6      -102831.1883      -114.9194 17m45s/Msamples
        4845000   -102928.3498        14.6      -102823.1469      -105.2029 17m45s/Msamples
        4846000   -102923.2204        14.6      -102825.0293       -98.1911 17m45s/Msamples
        4847000   -102927.5031        14.6      -102827.3132      -100.1899 17m45s/Msamples
        4848000   -102931.0920        14.6      -102828.3076      -102.7844 17m45s/Msamples
        4849000   -102922.7253        14.6      -102826.7151       -96.0102 17m45s/Msamples
        4850000   -102934.4776        14.6      -102837.6046       -96.8730 17m45s/Msamples
        4851000   -102937.1228        14.6      -102833.6395      -103.4833 17m45s/Msamples
        4852000   -102937.4068        14.6      -102834.3210      -103.0858 17m45s/Msamples
        4853000   -102936.6936        14.6      -102832.9604      -103.7332 17m45s/Msamples
        4854000   -102931.2633        14.6      -102827.6347      -103.6286 17m45s/Msamples
        4855000   -102925.7384        14.6      -102821.2339      -104.5044 17m45s/Msamples
        4856000   -102924.3990        14.6      -102824.7328       -99.6661 17m45s/Msamples
        4857000   -102945.1938        14.6      -102829.2990      -115.8947 17m45s/Msamples
        4858000   -102939.7311        14.6      -102830.8661      -108.8649 17m45s/Msamples
        4859000   -102947.3108        14.6      -102832.7719      -114.5389 17m45s/Msamples
        4860000   -102935.4240        14.6      -102827.7952      -107.6287 17m45s/Msamples
        4861000   -102942.1495        14.6      -102826.6288      -115.5206 17m45s/Msamples
        4862000   -102939.3814        14.6      -102829.3299      -110.0515 17m45s/Msamples
        4863000   -102931.6366        14.6      -102827.8307      -103.8058 17m45s/Msamples
        4864000   -102922.4482        14.6      -102825.6520       -96.7962 17m45s/Msamples
        4865000   -102925.0803        14.6      -102826.6586       -98.4216 17m45s/Msamples
        4866000   -102926.8806        14.6      -102826.1400      -100.7406 17m45s/Msamples
        4867000   -102922.2816        14.6      -102820.6230      -101.6586 17m45s/Msamples
        4868000   -102927.5358        14.6      -102822.3695      -105.1662 17m45s/Msamples
        4869000   -102930.0101        14.6      -102827.9392      -102.0708 17m45s/Msamples
        4870000   -102930.6902        14.6      -102829.4073      -101.2829 17m45s/Msamples
        4871000   -102916.8480        14.6      -102819.7933       -97.0546 17m45s/Msamples
        4872000   -102928.1374        14.6      -102827.6225      -100.5148 17m45s/Msamples
        4873000   -102911.1193        14.6      -102813.8231       -97.2961 17m45s/Msamples
        4874000   -102921.2178        14.6      -102823.7124       -97.5053 17m45s/Msamples
        4875000   -102926.6736        14.6      -102824.6052      -102.0684 17m45s/Msamples
        4876000   -102928.3999        14.6      -102820.9366      -107.4632 17m45s/Msamples
        4877000   -102942.0827        14.6      -102829.1794      -112.9032 17m45s/Msamples
        4878000   -102942.0999        14.6      -102826.2249      -115.8750 17m45s/Msamples
        4879000   -102943.8854        14.6      -102823.9234      -119.9619 17m45s/Msamples
        4880000   -102940.5733        14.6      -102830.2056      -110.3676 17m45s/Msamples
        4881000   -102952.6769        14.6      -102829.5319      -123.1450 17m45s/Msamples
        4882000   -102939.0977        14.6      -102822.6754      -116.4222 17m45s/Msamples
        4883000   -102939.4599        14.5      -102823.3816      -116.0783 17m45s/Msamples
        4884000   -102940.7844        14.5      -102826.4240      -114.3603 17m45s/Msamples
        4885000   -102949.4066        14.5      -102831.7638      -117.6427 17m45s/Msamples
        4886000   -102946.6944        14.5      -102829.2016      -117.4927 17m45s/Msamples
        4887000   -102932.9257        14.5      -102824.6425      -108.2831 17m45s/Msamples
        4888000   -102934.7603        14.5      -102831.4534      -103.3069 17m45s/Msamples
        4889000   -102932.9496        14.5      -102827.9517      -104.9978 17m45s/Msamples
        4890000   -102938.8144        14.5      -102835.0013      -103.8131 17m45s/Msamples
        4891000   -102938.2365        14.5      -102835.2825      -102.9540 17m45s/Msamples
        4892000   -102931.0006        14.5      -102837.9131       -93.0875 17m45s/Msamples
        4893000   -102918.7799        14.5      -102833.5075       -85.2724 17m45s/Msamples
        4894000   -102917.7004        14.5      -102831.9300       -85.7704 17m45s/Msamples
        4895000   -102920.7303        14.5      -102831.0627       -89.6675 17m45s/Msamples
        4896000   -102916.7265        14.5      -102827.8373       -88.8891 17m45s/Msamples
        4897000   -102917.5911        14.5      -102827.2876       -90.3034 17m45s/Msamples
        4898000   -102915.9359        14.5      -102823.3798       -92.5561 17m45s/Msamples
        4899000   -102909.7574        14.5      -102824.4937       -85.2637 17m45s/Msamples
        4900000   -102906.0214        14.6      -102815.5399       -90.4814 17m45s/Msamples
        4901000   -102914.6636        14.6      -102817.5028       -97.1608 17m45s/Msamples
        4902000   -102922.4010        14.6      -102822.1143      -100.2866 17m45s/Msamples
        4903000   -102912.7886        14.6      -102819.0860       -93.7026 17m45s/Msamples
        4904000   -102906.6868        14.6      -102812.4045       -94.2822 17m45s/Msamples
        4905000   -102903.4192        14.6      -102812.1534       -91.2657 17m45s/Msamples
        4906000   -102903.1935        14.6      -102822.9139       -80.2795 17m45s/Msamples
        4907000   -102904.0297        14.7      -102818.1206       -85.9091 17m45s/Msamples
        4908000   -102901.7327        14.7      -102815.4456       -86.2870 17m45s/Msamples
        4909000   -102902.8591        14.7      -102814.5171       -88.3420 17m45s/Msamples
        4910000   -102909.9277        14.7      -102821.4891       -88.4385 17m45s/Msamples
        4911000   -102910.7747        14.7      -102819.3310       -91.4437 17m45s/Msamples
        4912000   -102917.7985        14.7      -102825.0420       -92.7564 17m45s/Msamples
        4913000   -102917.7524        14.7      -102822.2125       -95.5399 17m45s/Msamples
        4914000   -102908.6659        14.7      -102823.2127       -85.4531 17m45s/Msamples
        4915000   -102902.8172        14.8      -102819.8224       -82.9948 17m45s/Msamples
        4916000   -102903.8258        14.8      -102819.5782       -84.2475 17m45s/Msamples
        4917000   -102906.3246        14.8      -102818.5048       -87.8198 17m45s/Msamples
        4918000   -102911.7737        14.8      -102820.2860       -91.4877 17m45s/Msamples
        4919000   -102903.0471        14.8      -102815.6993       -87.3477 17m45s/Msamples
        4920000   -102905.0790        14.8      -102819.7832       -85.2957 17m45s/Msamples
        4921000   -102906.5492        14.8      -102820.5935       -85.9557 17m45s/Msamples
        4922000   -102903.2343        14.9      -102813.7086       -89.5256 17m45s/Msamples
        4923000   -102906.8775        14.9      -102818.0467       -88.8308 17m45s/Msamples
        4924000   -102905.4493        14.9      -102823.6869       -81.7623 17m45s/Msamples
        4925000   -102901.6386        14.9      -102816.9907       -84.6479 17m45s/Msamples
        4926000   -102911.0631        14.9      -102819.4413       -91.6217 17m45s/Msamples
        4927000   -102906.2748        14.9      -102816.6773       -89.5974 17m45s/Msamples
        4928000   -102913.7875        14.9      -102818.5331       -95.2543 17m45s/Msamples
        4929000   -102914.9949        15.0      -102827.2233       -87.7716 17m45s/Msamples
        4930000   -102919.3792        15.0      -102823.2557       -96.1234 17m45s/Msamples
        4931000   -102907.1595        15.0      -102818.2930       -88.8664 17m45s/Msamples
        4932000   -102902.1709        15.0      -102815.5423       -86.6286 17m45s/Msamples
        4933000   -102921.2140        15.0      -102824.8564       -96.3576 17m45s/Msamples
        4934000   -102916.8234        15.0      -102824.8984       -91.9250 17m45s/Msamples
        4935000   -102916.9836        15.0      -102829.8199       -87.1636 17m45s/Msamples
        4936000   -102924.1902        15.0      -102828.1775       -96.0126 17m45s/Msamples
        4937000   -102930.7388        15.0      -102832.5677       -98.1711 17m45s/Msamples
        4938000   -102917.9755        15.1      -102824.3271       -93.6484 17m45s/Msamples
        4939000   -102912.7863        15.1      -102829.7470       -83.0392 17m45s/Msamples
        4940000   -102916.7979        15.1      -102829.5294       -87.2685 17m45s/Msamples
        4941000   -102918.9012        15.1      -102831.9983       -86.9029 17m45s/Msamples
        4942000   -102912.4143        15.1      -102831.0274       -81.3868 17m45s/Msamples
        4943000   -102924.8591        15.1      -102838.7089       -86.1501 17m45s/Msamples
        4944000   -102931.4245        15.1      -102843.7170       -87.7075 17m45s/Msamples
        4945000   -102934.3390        15.1      -102837.7256       -96.6134 17m45s/Msamples
        4946000   -102927.9194        15.1      -102827.6999      -100.2194 17m45s/Msamples
        4947000   -102919.4522        15.1      -102822.2849       -97.1673 17m45s/Msamples
        4948000   -102920.5267        15.1      -102820.0210      -100.5057 17m45s/Msamples
        4949000   -102915.7336        15.1      -102817.9479       -97.7856 17m45s/Msamples
        4950000   -102937.0450        15.1      -102829.7065      -107.3385 17m45s/Msamples
        4951000   -102942.6635        15.1      -102834.4685      -108.1949 17m45s/Msamples
        4952000   -102925.2053        15.1      -102822.7130      -102.4922 17m45s/Msamples
        4953000   -102914.7193        15.1      -102825.2821       -89.4371 17m45s/Msamples
        4954000   -102925.2190        15.1      -102822.1564      -103.0626 17m45s/Msamples
        4955000   -102910.9454        15.1      -102820.5750       -90.3704 17m45s/Msamples
        4956000   -102917.0691        15.1      -102820.7566       -96.3124 17m45s/Msamples
        4957000   -102913.0423        15.1      -102821.0740       -91.9683 17m45s/Msamples
        4958000   -102908.3285        15.2      -102819.7551       -88.5733 17m45s/Msamples
        4959000   -102914.3443        15.2      -102825.8235       -88.5207 17m45s/Msamples
        4960000   -102926.8282        15.2      -102823.8591      -102.9690 17m45s/Msamples
        4961000   -102915.2755        15.2      -102821.0275       -94.2479 17m45s/Msamples
        4962000   -102921.2453        15.2      -102823.8786       -97.3666 17m45s/Msamples
        4963000   -102927.7073        15.2      -102828.9486       -98.7586 17m44s/Msamples
        4964000   -102923.2756        15.2      -102824.0805       -99.1951 17m44s/Msamples
        4965000   -102924.8425        15.2      -102828.5767       -96.2657 17m44s/Msamples
        4966000   -102933.2313        15.2      -102834.0376       -99.1937 17m44s/Msamples
        4967000   -102931.3097        15.2      -102828.3901      -102.9195 17m44s/Msamples
        4968000   -102933.0119        15.2      -102832.7308      -100.2811 17m44s/Msamples
        4969000   -102937.8959        15.2      -102831.4797      -106.4161 17m44s/Msamples
        4970000   -102936.8528        15.1      -102830.5247      -106.3281 17m44s/Msamples
        4971000   -102937.8861        15.1      -102834.0885      -103.7976 17m44s/Msamples
        4972000   -102922.6398        15.1      -102824.5165       -98.1232 17m44s/Msamples
        4973000   -102924.3862        15.1      -102827.1496       -97.2365 17m44s/Msamples
        4974000   -102927.9633        15.2      -102826.5207      -101.4426 17m44s/Msamples
        4975000   -102929.9653        15.2      -102826.8255      -103.1398 17m44s/Msamples
        4976000   -102936.0567        15.2      -102829.9305      -106.1261 17m44s/Msamples
        4977000   -102926.5468        15.2      -102822.9394      -103.6074 17m44s/Msamples
        4978000   -102924.1340        15.2      -102824.3946       -99.7393 17m44s/Msamples
        4979000   -102916.8947        15.2      -102819.8503       -97.0443 17m44s/Msamples
        4980000   -102919.4849        15.2      -102817.8844      -101.6005 17m44s/Msamples
        4981000   -102923.0258        15.2      -102827.1385       -95.8872 17m45s/Msamples
        4982000   -102934.7839        15.2      -102833.9237      -100.8601 17m45s/Msamples
        4983000   -102936.0829        15.2      -102830.5398      -105.5431 17m45s/Msamples
        4984000   -102926.7795        15.2      -102826.4425      -100.3369 17m45s/Msamples
        4985000   -102924.5057        15.2      -102826.0666       -98.4391 17m45s/Msamples
        4986000   -102927.5965        15.2      -102822.3151      -105.2813 17m44s/Msamples
        4987000   -102935.0055        15.2      -102827.0142      -107.9912 17m44s/Msamples
        4988000   -102932.9536        15.2      -102825.8312      -107.1223 17m44s/Msamples
        4989000   -102942.9742        15.2      -102834.7916      -108.1825 17m44s/Msamples
        4990000   -102938.3294        15.2      -102836.8793      -101.4501 17m44s/Msamples
        4991000   -102935.7138        15.2      -102835.5472      -100.1665 17m44s/Msamples
        4992000   -102937.5839        15.2      -102838.5205       -99.0633 17m45s/Msamples
        4993000   -102940.2898        15.2      -102831.4281      -108.8617 17m45s/Msamples
        4994000   -102927.6753        15.2      -102823.1498      -104.5254 17m45s/Msamples
        4995000   -102926.2767        15.2      -102824.1485      -102.1281 17m45s/Msamples
        4996000   -102926.6944        15.2      -102822.1987      -104.4957 17m45s/Msamples
        4997000   -102921.3188        15.2      -102826.9169       -94.4019 17m45s/Msamples
        4998000   -102931.8726        15.2      -102825.2782      -106.5943 17m45s/Msamples
        4999000   -102921.2719        15.2      -102818.3009      -102.9710 17m45s/Msamples
        5000000   -102914.3801        15.2      -102817.4027       -96.9774 17m45s/Msamples
        5001000   -102926.0938        15.2      -102833.2963       -92.7975 17m45s/Msamples
        5002000   -102922.8347        15.2      -102825.6180       -97.2167 17m45s/Msamples
        5003000   -102920.6363        15.2      -102823.3893       -97.2469 17m45s/Msamples
        5004000   -102921.1873        15.2      -102828.6057       -92.5816 17m45s/Msamples
        5005000   -102921.9491        15.2      -102822.8995       -99.0495 17m45s/Msamples
        5006000   -102929.4986        15.2      -102827.4331      -102.0655 17m45s/Msamples
        5007000   -102933.2880        15.2      -102828.8413      -104.4466 17m45s/Msamples
        5008000   -102923.0034        15.2      -102824.5596       -98.4438 17m45s/Msamples
        5009000   -102915.6196        15.2      -102822.7605       -92.8590 17m45s/Msamples
        5010000   -102902.8777        15.3      -102818.4487       -84.4290 17m45s/Msamples
        5011000   -102904.1530        15.3      -102817.8969       -86.2561 17m45s/Msamples
        5012000   -102912.2437        15.3      -102815.9947       -96.2489 17m45s/Msamples
        5013000   -102927.8665        15.3      -102823.9381      -103.9284 17m45s/Msamples
        5014000   -102931.4488        15.3      -102828.1682      -103.2806 17m45s/Msamples
        5015000   -102934.5280        15.3      -102834.0068      -100.5211 17m45s/Msamples
        5016000   -102929.5496        15.3      -102833.2478       -96.3018 17m44s/Msamples
        5017000   -102913.2379        15.3      -102820.0043       -93.2335 17m44s/Msamples
        5018000   -102902.5168        15.3      -102818.3255       -84.1912 17m44s/Msamples
        5019000   -102914.5518        15.3      -102822.5443       -92.0075 17m44s/Msamples
        5020000   -102918.6528        15.3      -102823.6152       -95.0375 17m44s/Msamples
        5021000   -102911.0867        15.3      -102824.1078       -86.9789 17m44s/Msamples
        5022000   -102908.5372        15.3      -102825.2867       -83.2505 17m44s/Msamples
        5023000   -102920.2633        15.3      -102830.6724       -89.5909 17m44s/Msamples
        5024000   -102907.1163        15.4      -102818.0418       -89.0744 17m44s/Msamples
        5025000   -102927.1870        15.4      -102829.4875       -97.6994 17m44s/Msamples
        5026000   -102937.1307        15.4      -102839.5787       -97.5520 17m44s/Msamples
        5027000   -102927.0173        15.4      -102823.6448      -103.3724 17m44s/Msamples
        5028000   -102928.9089        15.4      -102825.2970      -103.6118 17m44s/Msamples
        5029000   -102938.1891        15.4      -102834.4858      -103.7033 17m44s/Msamples
        5030000   -102928.1687        15.4      -102839.0726       -89.0961 17m44s/Msamples
        5031000   -102936.2676        15.4      -102837.3689       -98.8987 17m44s/Msamples
        5032000   -102944.2141        15.4      -102838.2475      -105.9665 17m44s/Msamples
        5033000   -102930.4837        15.4      -102831.8248       -98.6589 17m44s/Msamples
        5034000   -102932.2380        15.4      -102833.4034       -98.8346 17m44s/Msamples
        5035000   -102931.4251        15.4      -102835.3764       -96.0487 17m45s/Msamples
        5036000   -102933.1735        15.4      -102838.6191       -94.5543 17m45s/Msamples
        5037000   -102922.4752        15.4      -102828.0802       -94.3949 17m45s/Msamples
        5038000   -102927.3765        15.4      -102830.7009       -96.6755 17m45s/Msamples
        5039000   -102917.8822        15.4      -102827.0476       -90.8346 17m45s/Msamples
        5040000   -102925.3711        15.4      -102836.6212       -88.7499 17m45s/Msamples
        5041000   -102925.4194        15.4      -102829.1280       -96.2914 17m45s/Msamples
        5042000   -102925.8455        15.4      -102830.2899       -95.5556 17m45s/Msamples
        5043000   -102914.1778        15.4      -102830.9946       -83.1831 17m45s/Msamples
        5044000   -102927.4100        15.4      -102830.5712       -96.8388 17m45s/Msamples
        5045000   -102932.5515        15.4      -102834.3106       -98.2409 17m45s/Msamples
        5046000   -102923.1457        15.4      -102831.1997       -91.9460 17m45s/Msamples
        5047000   -102921.2876        15.4      -102827.3842       -93.9034 17m45s/Msamples
        5048000   -102925.7199        15.4      -102827.8556       -97.8642 17m45s/Msamples
        5049000   -102937.9694        15.4      -102836.2691      -101.7003 17m45s/Msamples
        5050000   -102931.3063        15.4      -102828.5858      -102.7204 17m45s/Msamples
        5051000   -102926.5838        15.4      -102833.2853       -93.2985 17m45s/Msamples
        5052000   -102924.4968        15.4      -102827.5658       -96.9310 17m45s/Msamples
        5053000   -102923.7874        15.4      -102830.4454       -93.3420 17m45s/Msamples
        5054000   -102930.3174        15.4      -102837.6485       -92.6688 17m45s/Msamples
        5055000   -102927.3111        15.4      -102832.0922       -95.2189 17m45s/Msamples
        5056000   -102931.9428        15.4      -102838.3141       -93.6287 17m45s/Msamples
        5057000   -102925.7015        15.4      -102828.9787       -96.7227 17m45s/Msamples
        5058000   -102921.8495        15.5      -102827.5994       -94.2501 17m45s/Msamples
        5059000   -102914.3881        15.5      -102823.3122       -91.0759 17m45s/Msamples
        5060000   -102917.8049        15.5      -102827.0322       -90.7727 17m45s/Msamples
        5061000   -102918.0601        15.5      -102827.3354       -90.7246 17m45s/Msamples
        5062000   -102918.8030        15.5      -102821.7672       -97.0357 17m45s/Msamples
        5063000   -102906.7193        15.5      -102815.2711       -91.4481 17m45s/Msamples
        5064000   -102915.8224        15.5      -102821.9077       -93.9146 17m45s/Msamples
        5065000   -102914.9508        15.5      -102820.7695       -94.1812 17m45s/Msamples
        5066000   -102913.1580        15.5      -102822.6610       -90.4969 17m45s/Msamples
        5067000   -102912.8697        15.5      -102820.9261       -91.9436 17m45s/Msamples
        5068000   -102933.3729        15.5      -102844.1641       -89.2087 17m45s/Msamples
        5069000   -102922.2663        15.5      -102830.7437       -91.5225 17m45s/Msamples
        5070000   -102923.2602        15.5      -102823.3026       -99.9575 17m45s/Msamples
        5071000   -102919.7023        15.5      -102822.7310       -96.9713 17m45s/Msamples
        5072000   -102917.4062        15.5      -102822.9086       -94.4976 17m45s/Msamples
        5073000   -102921.0804        15.5      -102825.7321       -95.3483 17m45s/Msamples
        5074000   -102923.8970        15.5      -102824.6557       -99.2412 17m45s/Msamples
        5075000   -102917.6067        15.5      -102822.7646       -94.8421 17m45s/Msamples
        5076000   -102927.6318        15.5      -102826.0854      -101.5463 17m45s/Msamples
        5077000   -102937.5572        15.5      -102832.3374      -105.2198 17m45s/Msamples
        5078000   -102928.6594        15.5      -102827.8875      -100.7719 17m45s/Msamples
        5079000   -102931.5142        15.5      -102826.3380      -105.1762 17m45s/Msamples
        5080000   -102925.8126        15.5      -102830.4910       -95.3216 17m45s/Msamples
        5081000   -102922.1236        15.5      -102829.6615       -92.4620 17m45s/Msamples
        5082000   -102935.0906        15.5      -102827.4208      -107.6697 17m45s/Msamples
        5083000   -102935.6112        15.6      -102830.7541      -104.8570 17m45s/Msamples
        5084000   -102923.0279        15.6      -102824.0672       -98.9606 17m45s/Msamples
        5085000   -102933.1546        15.6      -102827.4646      -105.6900 17m45s/Msamples
        5086000   -102934.8243        15.6      -102828.1987      -106.6256 17m45s/Msamples
        5087000   -102932.3048        15.6      -102822.8073      -109.4974 17m45s/Msamples
        5088000   -102917.7195        15.6      -102826.7917       -90.9277 17m45s/Msamples
        5089000   -102915.7000        15.6      -102822.2449       -93.4550 17m45s/Msamples
        5090000   -102908.9470        15.6      -102821.0877       -87.8593 17m45s/Msamples
        5091000   -102913.1034        15.6      -102819.1633       -93.9400 17m45s/Msamples
        5092000   -102918.7436        15.6      -102821.1917       -97.5519 17m45s/Msamples
        5093000   -102929.4578        15.6      -102825.6075      -103.8502 17m45s/Msamples
        5094000   -102924.6370        15.6      -102821.8129      -102.8241 17m45s/Msamples
        5095000   -102916.3400        15.6      -102820.4582       -95.8818 17m45s/Msamples
        5096000   -102918.6701        15.6      -102819.9448       -98.7252 17m45s/Msamples
        5097000   -102907.2254        15.6      -102820.1480       -87.0774 17m45s/Msamples
        5098000   -102911.5586        15.6      -102822.5302       -89.0284 17m45s/Msamples
        5099000   -102916.2731        15.6      -102828.9743       -87.2988 17m45s/Msamples
        5100000   -102917.4285        15.6      -102829.1578       -88.2706 17m45s/Msamples
        5101000   -102929.2865        15.6      -102836.2696       -93.0169 17m45s/Msamples
        5102000   -102918.1896        15.6      -102826.3315       -91.8580 17m45s/Msamples
        5103000   -102918.7948        15.6      -102827.5354       -91.2593 17m45s/Msamples
        5104000   -102926.8987        15.6      -102831.1938       -95.7049 17m45s/Msamples
        5105000   -102923.3456        15.6      -102833.2539       -90.0917 17m45s/Msamples
        5106000   -102923.9592        15.7      -102828.8441       -95.1151 17m45s/Msamples
        5107000   -102932.9672        15.7      -102832.6205      -100.3466 17m45s/Msamples
        5108000   -102924.6086        15.7      -102834.3496       -90.2590 17m45s/Msamples
        5109000   -102924.2687        15.7      -102826.1554       -98.1132 17m45s/Msamples
        5110000   -102929.4010        15.7      -102834.3097       -95.0913 17m45s/Msamples
        5111000   -102914.0467        15.7      -102820.3276       -93.7191 17m45s/Msamples
        5112000   -102914.3055        15.7      -102822.4171       -91.8884 17m45s/Msamples
        5113000   -102925.0579        15.7      -102824.8679      -100.1900 17m45s/Msamples
        5114000   -102927.9740        15.7      -102826.5264      -101.4475 17m45s/Msamples
        5115000   -102925.3103        15.7      -102824.8503      -100.4599 17m45s/Msamples
        5116000   -102921.4271        15.7      -102823.8423       -97.5847 17m45s/Msamples
        5117000   -102927.9927        15.7      -102824.3598      -103.6328 17m45s/Msamples
        5118000   -102936.0333        15.7      -102827.2848      -108.7484 17m45s/Msamples
        5119000   -102945.5193        15.7      -102835.1888      -110.3304 17m45s/Msamples
        5120000   -102951.8249        15.7      -102838.7263      -113.0985 17m45s/Msamples
        5121000   -102954.9705        15.7      -102838.4902      -116.4802 17m45s/Msamples
        5122000   -102960.7298        15.7      -102849.3714      -111.3584 17m45s/Msamples
        5123000   -102955.3510        15.8      -102843.8015      -111.5494 17m45s/Msamples
        5124000   -102960.3434        15.8      -102851.6714      -108.6719 17m45s/Msamples
        5125000   -102956.9134        15.8      -102848.4431      -108.4702 17m45s/Msamples
        5126000   -102961.4455        15.8      -102849.5721      -111.8734 17m45s/Msamples
        5127000   -102966.0006        15.8      -102848.7726      -117.2279 17m45s/Msamples
        5128000   -102957.6724        15.9      -102850.7700      -106.9023 17m45s/Msamples
        5129000   -102953.6260        15.9      -102846.4346      -107.1913 17m45s/Msamples
        5130000   -102961.6757        15.9      -102855.7402      -105.9354 17m45s/Msamples
        5131000   -102942.3409        15.9      -102850.2235       -92.1173 17m45s/Msamples
        5132000   -102935.3656        15.9      -102841.8711       -93.4944 17m45s/Msamples
        5133000   -102940.4525        15.9      -102842.2304       -98.2221 17m45s/Msamples
        5134000   -102930.2647        15.9      -102833.7440       -96.5206 17m45s/Msamples
        5135000   -102934.8205        15.9      -102837.5168       -97.3037 17m45s/Msamples
        5136000   -102931.9690        15.9      -102840.2084       -91.7606 17m45s/Msamples
        5137000   -102929.4348        15.9      -102841.5293       -87.9054 17m45s/Msamples
        5138000   -102933.7884        15.9      -102840.4100       -93.3783 17m45s/Msamples
        5139000   -102929.2915        15.9      -102840.8856       -88.4058 17m45s/Msamples
        5140000   -102923.8595        15.9      -102841.7641       -82.0954 17m45s/Msamples
        5141000   -102916.3669        15.9      -102835.7148       -80.6520 17m45s/Msamples
        5142000   -102915.8172        15.9      -102829.4803       -86.3369 17m45s/Msamples
        5143000   -102910.7321        15.9      -102827.3014       -83.4306 17m45s/Msamples
        5144000   -102915.6080        15.9      -102826.0056       -89.6023 17m45s/Msamples
        5145000   -102922.3335        15.9      -102828.5392       -93.7942 17m45s/Msamples
        5146000   -102918.9254        16.0      -102827.6533       -91.2720 17m45s/Msamples
        5147000   -102922.9531        16.0      -102826.9495       -96.0035 17m45s/Msamples
        5148000   -102924.9800        16.0      -102826.6293       -98.3506 17m45s/Msamples
        5149000   -102935.5408        16.0      -102833.2011      -102.3397 17m45s/Msamples
        5150000   -102940.8031        16.0      -102832.7687      -108.0344 17m45s/Msamples
        5151000   -102925.8004        16.0      -102829.4952       -96.3051 17m45s/Msamples
        5152000   -102925.8522        16.0      -102828.0195       -97.8327 17m45s/Msamples
        5153000   -102932.7730        16.0      -102830.1532      -102.6198 17m45s/Msamples
        5154000   -102927.3031        16.0      -102829.2112       -98.0919 17m45s/Msamples
        5155000   -102923.4763        16.0      -102823.9960       -99.4802 17m45s/Msamples
        5156000   -102924.7974        16.0      -102826.6763       -98.1210 17m45s/Msamples
        5157000   -102926.3868        16.0      -102827.3545       -99.0322 17m45s/Msamples
        5158000   -102929.3528        16.0      -102830.8884       -98.4643 17m45s/Msamples
        5159000   -102928.8486        16.0      -102832.3654       -96.4832 17m45s/Msamples
        5160000   -102911.3028        16.0      -102824.9358       -86.3670 17m45s/Msamples
        5161000   -102920.2069        16.0      -102830.6709       -89.5359 17m45s/Msamples
        5162000   -102922.1315        16.0      -102825.5193       -96.6122 17m45s/Msamples
        5163000   -102921.1644        16.0      -102830.3690       -90.7954 17m45s/Msamples
        5164000   -102915.5138        16.0      -102828.2979       -87.2158 17m45s/Msamples
        5165000   -102922.9065        16.0      -102832.1706       -90.7359 17m45s/Msamples
        5166000   -102941.4395        16.0      -102843.9639       -97.4755 17m45s/Msamples
        5167000   -102932.7914        16.0      -102837.4538       -95.3375 17m45s/Msamples
        5168000   -102949.3510        16.0      -102847.4145      -101.9364 17m45s/Msamples
        5169000   -102936.7927        16.0      -102834.7480      -102.0446 17m45s/Msamples
        5170000   -102949.9121        16.0      -102837.5184      -112.3936 17m45s/Msamples
        5171000   -102932.6370        16.1      -102838.7156       -93.9214 17m45s/Msamples
        5172000   -102924.5126        16.1      -102836.9076       -87.6050 17m45s/Msamples
        5173000   -102931.6441        16.1      -102833.1156       -98.5285 17m45s/Msamples
        5174000   -102927.5013        16.1      -102832.4251       -95.0762 17m45s/Msamples
        5175000   -102919.6428        16.1      -102827.1533       -92.4895 17m45s/Msamples
        5176000   -102917.5512        16.1      -102820.5038       -97.0473 17m45s/Msamples
        5177000   -102927.5360        16.1      -102831.4699       -96.0661 17m45s/Msamples
        5178000   -102921.4262        16.1      -102826.0279       -95.3983 17m45s/Msamples
        5179000   -102928.2868        16.1      -102829.9276       -98.3591 17m45s/Msamples
        5180000   -102935.9585        16.1      -102831.5581      -104.4004 17m45s/Msamples
        5181000   -102937.4319        16.1      -102836.5406      -100.8913 17m45s/Msamples
        5182000   -102947.0690        16.1      -102840.5651      -106.5039 17m45s/Msamples
        5183000   -102940.2300        16.1      -102834.7310      -105.4989 17m45s/Msamples
        5184000   -102935.0566        16.1      -102830.4319      -104.6247 17m45s/Msamples
        5185000   -102941.1395        16.1      -102834.3821      -106.7574 17m45s/Msamples
        5186000   -102933.7786        16.1      -102835.2189       -98.5596 17m45s/Msamples
        5187000   -102924.9072        16.1      -102829.6898       -95.2173 17m45s/Msamples
        5188000   -102928.2323        16.1      -102829.8767       -98.3555 17m45s/Msamples
        5189000   -102923.7877        16.1      -102827.1147       -96.6729 17m45s/Msamples
        5190000   -102941.4774        16.1      -102831.3795      -110.0979 17m45s/Msamples
        5191000   -102920.9376        16.1      -102820.7773      -100.1602 17m45s/Msamples
        5192000   -102923.4993        16.1      -102822.4876      -101.0117 17m45s/Msamples
        5193000   -102936.8652        16.1      -102831.3095      -105.5556 17m45s/Msamples
        5194000   -102931.0757        16.1      -102827.8660      -103.2097 17m45s/Msamples
        5195000   -102927.8522        16.1      -102827.0479      -100.8042 17m45s/Msamples
        5196000   -102937.0304        16.2      -102834.9712      -102.0592 17m45s/Msamples
        5197000   -102914.2534        16.2      -102815.7123       -98.5410 17m45s/Msamples
        5198000   -102911.4055        16.2      -102819.5384       -91.8670 17m45s/Msamples
        5199000   -102907.3649        16.2      -102813.1056       -94.2592 17m45s/Msamples
        5200000   -102914.1261        16.2      -102818.5877       -95.5383 17m45s/Msamples
        5201000   -102909.3271        16.2      -102813.9186       -95.4084 17m45s/Msamples
        5202000   -102914.2779        16.2      -102817.2990       -96.9789 17m45s/Msamples
        5203000   -102924.1319        16.2      -102827.2375       -96.8943 17m45s/Msamples
        5204000   -102939.8477        16.2      -102830.0653      -109.7823 17m45s/Msamples
        5205000   -102926.7142        16.2      -102828.0395       -98.6746 17m45s/Msamples
        5206000   -102928.7031        16.2      -102830.4882       -98.2149 17m45s/Msamples
        5207000   -102920.4222        16.2      -102827.5890       -92.8332 17m45s/Msamples
        5208000   -102930.9833        16.2      -102835.3918       -95.5914 17m45s/Msamples
        5209000   -102926.1136        16.2      -102829.1500       -96.9636 17m45s/Msamples
        5210000   -102928.3656        16.2      -102829.7103       -98.6553 17m45s/Msamples
        5211000   -102940.1699        16.2      -102840.8066       -99.3633 17m45s/Msamples
        5212000   -102933.4908        16.2      -102832.2722      -101.2185 17m45s/Msamples
        5213000   -102939.1968        16.2      -102837.4919      -101.7049 17m45s/Msamples
        5214000   -102932.8071        16.2      -102833.3430       -99.4641 17m45s/Msamples
        5215000   -102928.5782        16.2      -102828.1825      -100.3957 17m45s/Msamples
        5216000   -102933.3615        16.3      -102828.9163      -104.4452 17m45s/Msamples
        5217000   -102939.5553        16.3      -102830.1901      -109.3651 17m45s/Msamples
        5218000   -102934.1712        16.3      -102831.2687      -102.9025 17m45s/Msamples
        5219000   -102936.8368        16.3      -102829.2295      -107.6073 17m45s/Msamples
        5220000   -102931.0384        16.3      -102824.8542      -106.1842 17m45s/Msamples
        5221000   -102920.8567        16.3      -102822.9977       -97.8590 17m45s/Msamples
        5222000   -102918.1964        16.3      -102823.1568       -95.0396 17m45s/Msamples
        5223000   -102915.6304        16.3      -102817.4736       -98.1567 17m45s/Msamples
        5224000   -102900.5548        16.3      -102813.6393       -86.9154 17m45s/Msamples
        5225000   -102909.3092        16.3      -102813.3117       -95.9975 17m45s/Msamples
        5226000   -102914.1486        16.3      -102821.4413       -92.7073 17m45s/Msamples
        5227000   -102904.3694        16.3      -102814.4047       -89.9646 17m45s/Msamples
        5228000   -102920.7585        16.3      -102823.3542       -97.4043 17m45s/Msamples
        5229000   -102918.7107        16.3      -102822.1344       -96.5763 17m45s/Msamples
        5230000   -102930.0058        16.3      -102828.2807      -101.7251 17m45s/Msamples
        5231000   -102931.7940        16.3      -102826.8475      -104.9464 17m45s/Msamples
        5232000   -102934.9638        16.3      -102823.5523      -111.4115 17m45s/Msamples
        5233000   -102939.8814        16.4      -102824.7663      -115.1151 17m45s/Msamples
        5234000   -102933.5499        16.4      -102821.9897      -111.5602 17m45s/Msamples
        5235000   -102933.8333        16.4      -102829.3318      -104.5015 17m45s/Msamples
        5236000   -102934.8456        16.4      -102831.0768      -103.7687 17m45s/Msamples
        5237000   -102924.5191        16.4      -102820.2092      -104.3098 17m45s/Msamples
        5238000   -102922.1612        16.4      -102820.8370      -101.3242 17m45s/Msamples
        5239000   -102914.3100        16.4      -102817.1242       -97.1857 17m45s/Msamples
        5240000   -102916.4980        16.4      -102823.5371       -92.9608 17m45s/Msamples
        5241000   -102930.0615        16.4      -102830.2239       -99.8376 17m45s/Msamples
        5242000   -102925.4576        16.4      -102823.8225      -101.6350 17m45s/Msamples
        5243000   -102918.4664        16.4      -102822.0789       -96.3874 17m45s/Msamples
        5244000   -102911.3964        16.4      -102815.6338       -95.7625 17m45s/Msamples
        5245000   -102910.1016        16.4      -102819.2212       -90.8804 17m45s/Msamples
        5246000   -102917.7250        16.4      -102819.3880       -98.3369 17m45s/Msamples
        5247000   -102915.2442        16.4      -102816.3998       -98.8444 17m45s/Msamples
        5248000   -102917.8933        16.4      -102825.7712       -92.1221 17m45s/Msamples
        5249000   -102918.7351        16.4      -102823.3681       -95.3669 17m45s/Msamples
        5250000   -102915.8517        16.4      -102822.5839       -93.2678 17m45s/Msamples
        5251000   -102920.4875        16.4      -102825.6765       -94.8109 17m45s/Msamples
        5252000   -102928.8089        16.4      -102827.0965      -101.7124 17m45s/Msamples
        5253000   -102926.2958        16.4      -102830.2762       -96.0195 17m45s/Msamples
        5254000   -102916.6708        16.4      -102827.3905       -89.2803 17m45s/Msamples
        5255000   -102918.6729        16.4      -102827.5871       -91.0858 17m45s/Msamples
        5256000   -102914.7882        16.5      -102824.0802       -90.7079 17m45s/Msamples
        5257000   -102916.7902        16.5      -102822.6335       -94.1566 17m45s/Msamples
        5258000   -102936.3585        16.5      -102833.5310      -102.8275 17m45s/Msamples
        5259000   -102930.3251        16.5      -102829.3872      -100.9378 17m45s/Msamples
        5260000   -102935.2668        16.5      -102833.1186      -102.1482 17m45s/Msamples
        5261000   -102920.5057        16.5      -102824.8224       -95.6832 17m45s/Msamples
        5262000   -102906.8477        16.5      -102816.2328       -90.6148 17m45s/Msamples
        5263000   -102917.4801        16.5      -102820.6489       -96.8311 17m45s/Msamples
        5264000   -102915.8830        16.5      -102817.2235       -98.6595 17m45s/Msamples
        5265000   -102915.1056        16.5      -102822.1517       -92.9539 17m45s/Msamples
        5266000   -102926.0094        16.5      -102826.3501       -99.6592 17m45s/Msamples
        5267000   -102927.0149        16.5      -102827.8173       -99.1975 17m45s/Msamples
        5268000   -102927.1795        16.5      -102823.7280      -103.4514 17m45s/Msamples
        5269000   -102929.0110        16.5      -102828.7002      -100.3107 17m45s/Msamples
        5270000   -102938.3435        16.5      -102831.2862      -107.0572 17m45s/Msamples
        5271000   -102943.6394        16.5      -102829.7411      -113.8983 17m45s/Msamples
        5272000   -102928.8179        16.5      -102821.7037      -107.1141 17m45s/Msamples
        5273000   -102932.4743        16.5      -102825.2863      -107.1879 17m45s/Msamples
        5274000   -102941.0147        16.5      -102833.2611      -107.7536 17m45s/Msamples
        5275000   -102934.7369        16.5      -102826.5712      -108.1657 17m45s/Msamples
        5276000   -102930.5982        16.5      -102826.2380      -104.3601 17m45s/Msamples
        5277000   -102941.7700        16.5      -102832.1746      -109.5954 17m45s/Msamples
        5278000   -102953.8075        16.6      -102838.4771      -115.3303 17m45s/Msamples
        5279000   -102949.2955        16.5      -102838.5326      -110.7629 17m45s/Msamples
        5280000   -102940.1114        16.5      -102828.1439      -111.9674 17m45s/Msamples
        5281000   -102928.8000        16.5      -102822.5805      -106.2194 17m45s/Msamples
        5282000   -102935.8906        16.5      -102828.4139      -107.4766 17m45s/Msamples
        5283000   -102936.4380        16.6      -102829.0261      -107.4119 17m45s/Msamples
        5284000   -102936.6751        16.6      -102833.9008      -102.7742 17m45s/Msamples
        5285000   -102939.4712        16.6      -102837.2550      -102.2162 17m45s/Msamples
        5286000   -102938.0099        16.6      -102833.1914      -104.8185 17m45s/Msamples
        5287000   -102937.1111        16.6      -102825.7240      -111.3870 17m45s/Msamples
        5288000   -102921.3173        16.6      -102822.9299       -98.3873 17m45s/Msamples
        5289000   -102932.8078        16.6      -102832.6325      -100.1753 17m45s/Msamples
        5290000   -102924.5289        16.6      -102829.3569       -95.1719 17m45s/Msamples
        5291000   -102932.3295        16.6      -102831.4023      -100.9272 17m45s/Msamples
        5292000   -102924.7579        16.6      -102821.8383      -102.9195 17m45s/Msamples
        5293000   -102925.8661        16.6      -102820.4387      -105.4273 17m45s/Msamples
        5294000   -102914.3953        16.6      -102813.1286      -101.2667 17m45s/Msamples
        5295000   -102935.2636        16.6      -102832.2629      -103.0006 17m45s/Msamples
        5296000   -102928.9046        16.6      -102820.9258      -107.9788 17m45s/Msamples
        5297000   -102930.0143        16.6      -102825.0726      -104.9417 17m45s/Msamples
        5298000   -102926.3606        16.6      -102818.4236      -107.9369 17m45s/Msamples
        5299000   -102919.9507        16.6      -102818.7452      -101.2055 17m45s/Msamples
        5300000   -102922.1196        16.6      -102821.7548      -100.3647 17m45s/Msamples
        5301000   -102920.1498        16.6      -102816.1955      -103.9543 17m45s/Msamples
        5302000   -102921.2943        16.6      -102813.7145      -107.5797 17m45s/Msamples
        5303000   -102922.6153        16.6      -102820.1731      -102.4422 17m45s/Msamples
        5304000   -102925.0819        16.6      -102821.0884      -103.9935 17m45s/Msamples
        5305000   -102937.5655        16.6      -102827.4307      -110.1348 17m45s/Msamples
        5306000   -102940.8966        16.6      -102827.7664      -113.1301 17m45s/Msamples
        5307000   -102936.3304        16.6      -102827.6296      -108.7008 17m45s/Msamples
        5308000   -102930.0186        16.6      -102822.3777      -107.6409 17m45s/Msamples
        5309000   -102919.1886        16.6      -102817.2471      -101.9414 17m45s/Msamples
        5310000   -102926.6157        16.6      -102826.9849       -99.6307 17m45s/Msamples
        5311000   -102913.6421        16.6      -102815.6912       -97.9508 17m45s/Msamples
        5312000   -102913.6636        16.6      -102813.2199      -100.4437 17m45s/Msamples
        5313000   -102926.0634        16.7      -102819.6623      -106.4011 17m45s/Msamples
        5314000   -102919.9140        16.7      -102817.0258      -102.8882 17m45s/Msamples
        5315000   -102921.1692        16.7      -102815.6932      -105.4759 17m45s/Msamples
        5316000   -102924.5799        16.7      -102813.1659      -111.4140 17m45s/Msamples
        5317000   -102926.2028        16.7      -102812.9296      -113.2731 17m45s/Msamples
        5318000   -102945.4046        16.7      -102825.2626      -120.1420 17m45s/Msamples
        5319000   -102936.6068        16.7      -102823.1958      -113.4109 17m45s/Msamples
        5320000   -102937.2639        16.7      -102829.1878      -108.0761 17m45s/Msamples
        5321000   -102939.2260        16.7      -102830.6168      -108.6091 17m45s/Msamples
        5322000   -102929.4483        16.7      -102824.2865      -105.1618 17m45s/Msamples
        5323000   -102941.7411        16.7      -102826.6281      -115.1129 17m45s/Msamples
        5324000   -102946.7719        16.7      -102828.7067      -118.0651 17m45s/Msamples
        5325000   -102949.6840        16.7      -102830.9595      -118.7245 17m45s/Msamples
        5326000   -102949.0671        16.7      -102826.2637      -122.8033 17m45s/Msamples
        5327000   -102946.1108        16.7      -102824.7593      -121.3514 17m45s/Msamples
        5328000   -102935.0544        16.7      -102821.4859      -113.5684 17m45s/Msamples
        5329000   -102938.0187        16.7      -102833.7939      -104.2247 17m45s/Msamples
        5330000   -102938.7755        16.8      -102827.4851      -111.2903 17m45s/Msamples
        5331000   -102929.5706        16.8      -102826.1355      -103.4350 17m45s/Msamples
        5332000   -102924.0842        16.8      -102822.6292      -101.4550 17m45s/Msamples
        5333000   -102932.1420        16.8      -102828.0277      -104.1143 17m45s/Msamples
        5334000   -102916.6519        16.8      -102822.4807       -94.1711 17m45s/Msamples
        5335000   -102923.6161        16.8      -102825.1019       -98.5141 17m45s/Msamples
        5336000   -102929.5375        16.8      -102832.1591       -97.3784 17m45s/Msamples
        5337000   -102929.6238        16.8      -102834.9815       -94.6422 17m45s/Msamples
        5338000   -102927.0766        16.8      -102829.5997       -97.4768 17m45s/Msamples
        5339000   -102925.5420        16.8      -102828.3293       -97.2127 17m45s/Msamples
        5340000   -102931.5785        16.8      -102835.0046       -96.5739 17m45s/Msamples
        5341000   -102924.0017        16.8      -102830.7194       -93.2822 17m45s/Msamples
        5342000   -102934.0362        16.8      -102837.3776       -96.6585 17m45s/Msamples
        5343000   -102935.4480        16.8      -102832.1416      -103.3064 17m45s/Msamples
        5344000   -102926.2812        16.8      -102835.8937       -90.3875 17m45s/Msamples
        5345000   -102927.2365        16.8      -102833.2589       -93.9776 17m45s/Msamples
        5346000   -102932.9421        16.8      -102834.5579       -98.3841 17m45s/Msamples
        5347000   -102928.9661        16.8      -102831.0725       -97.8935 17m45s/Msamples
        5348000   -102926.2540        16.8      -102832.4879       -93.7660 17m45s/Msamples
        5349000   -102932.5352        16.8      -102829.9480      -102.5872 17m45s/Msamples
        5350000   -102931.1421        16.8      -102834.2226       -96.9195 17m45s/Msamples
        5351000   -102927.9859        16.8      -102827.2424      -100.7434 17m45s/Msamples
        5352000   -102935.5497        16.8      -102829.6734      -105.8763 17m45s/Msamples
        5353000   -102938.6696        16.8      -102828.7189      -109.9506 17m45s/Msamples
        5354000   -102940.5751        16.8      -102833.4892      -107.0859 17m45s/Msamples
        5355000   -102934.8748        16.8      -102831.5497      -103.3251 17m45s/Msamples
        5356000   -102936.8712        16.8      -102830.3639      -106.5072 17m45s/Msamples
        5357000   -102941.2304        16.9      -102838.7345      -102.4959 17m45s/Msamples
        5358000   -102938.0950        16.9      -102835.9138      -102.1811 17m45s/Msamples
        5359000   -102930.7287        16.9      -102836.5534       -94.1753 17m45s/Msamples
        5360000   -102929.3049        16.9      -102837.5935       -91.7113 17m45s/Msamples
        5361000   -102934.7473        16.9      -102839.5919       -95.1554 17m45s/Msamples
        5362000   -102924.2963        16.9      -102833.7549       -90.5413 17m45s/Msamples
        5363000   -102918.5710        16.9      -102836.5086       -82.0623 17m45s/Msamples
        5364000   -102916.7785        16.9      -102828.4773       -88.3012 17m45s/Msamples
        5365000   -102913.8159        16.9      -102827.7433       -86.0725 17m45s/Msamples
        5366000   -102914.5458        16.9      -102829.6294       -84.9163 17m45s/Msamples
        5367000   -102918.5773        16.9      -102827.4275       -91.1498 17m45s/Msamples
        5368000   -102918.3246        16.9      -102829.2835       -89.0411 17m45s/Msamples
        5369000   -102920.9871        16.9      -102825.8617       -95.1254 17m45s/Msamples
        5370000   -102927.4015        16.9      -102833.3424       -94.0590 17m45s/Msamples
        5371000   -102935.5196        16.9      -102838.1280       -97.3915 17m45s/Msamples
        5372000   -102934.9831        16.9      -102829.4177      -105.5653 17m45s/Msamples
        5373000   -102919.8795        16.9      -102822.4185       -97.4610 17m45s/Msamples
        5374000   -102932.2713        16.9      -102832.6253       -99.6459 17m45s/Msamples
        5375000   -102931.7463        16.9      -102828.3140      -103.4322 17m45s/Msamples
        5376000   -102946.4913        16.9      -102837.7869      -108.7043 17m46s/Msamples
        5377000   -102945.3449        16.9      -102838.9829      -106.3619 17m46s/Msamples
        5378000   -102941.7187        16.9      -102835.5046      -106.2140 17m46s/Msamples
        5379000   -102945.8417        17.0      -102840.2200      -105.6217 17m46s/Msamples
        5380000   -102947.2575        17.0      -102841.2470      -106.0104 17m46s/Msamples
        5381000   -102947.9814        17.0      -102840.3278      -107.6536 17m46s/Msamples
        5382000   -102941.6114        17.0      -102837.1458      -104.4656 17m46s/Msamples
        5383000   -102940.5997        17.0      -102833.4004      -107.1993 17m46s/Msamples
        5384000   -102932.1944        17.0      -102828.6821      -103.5122 17m46s/Msamples
        5385000   -102952.0359        17.0      -102839.1093      -112.9266 17m46s/Msamples
        5386000   -102940.7368        17.0      -102843.3515       -97.3853 17m46s/Msamples
        5387000   -102948.8496        17.0      -102839.7351      -109.1144 17m46s/Msamples
        5388000   -102948.7510        17.0      -102832.9362      -115.8148 17m46s/Msamples
        5389000   -102956.3755        17.0      -102837.8952      -118.4802 17m46s/Msamples
        5390000   -102943.0835        17.1      -102831.6688      -111.4147 17m46s/Msamples
        5391000   -102946.8317        17.1      -102832.8811      -113.9506 17m46s/Msamples
        5392000   -102928.6711        17.1      -102831.1223       -97.5487 17m46s/Msamples
        5393000   -102920.0764        17.1      -102824.9103       -95.1660 17m46s/Msamples
        5394000   -102921.5118        17.1      -102825.5975       -95.9143 17m46s/Msamples
        5395000   -102925.0317        17.1      -102830.8519       -94.1798 17m46s/Msamples
        5396000   -102919.9955        17.1      -102819.9927      -100.0028 17m46s/Msamples
        5397000   -102935.7408        17.1      -102827.9582      -107.7826 17m46s/Msamples
        5398000   -102939.8276        17.1      -102829.4348      -110.3928 17m46s/Msamples
        5399000   -102940.8652        17.1      -102824.5811      -116.2841 17m46s/Msamples
        5400000   -102930.9208        17.1      -102829.0325      -101.8883 17m46s/Msamples
        5401000   -102932.7219        17.1      -102825.4340      -107.2879 17m46s/Msamples
        5402000   -102917.6899        17.1      -102818.2928       -99.3971 17m46s/Msamples
        5403000   -102922.7117        17.1      -102823.4099       -99.3018 17m46s/Msamples
        5404000   -102928.0025        17.1      -102830.0996       -97.9029 17m46s/Msamples
        5405000   -102932.5324        17.1      -102832.6310       -99.9014 17m46s/Msamples
        5406000   -102941.3660        17.1      -102835.8858      -105.4802 17m46s/Msamples
        5407000   -102938.8833        17.1      -102833.3352      -105.5481 17m46s/Msamples
        5408000   -102937.1597        17.1      -102832.1462      -105.0135 17m46s/Msamples
        5409000   -102936.5739        17.1      -102837.7747       -98.7992 17m46s/Msamples
        5410000   -102934.6410        17.1      -102834.7095       -99.9315 17m46s/Msamples
        5411000   -102935.2554        17.1      -102830.7284      -104.5270 17m46s/Msamples
        5412000   -102928.0109        17.1      -102826.6700      -101.3408 17m46s/Msamples
        5413000   -102930.1701        17.1      -102832.4335       -97.7366 17m46s/Msamples
        5414000   -102923.0698        17.1      -102830.1092       -92.9605 17m46s/Msamples
        5415000   -102915.8299        17.1      -102826.0566       -89.7733 17m46s/Msamples
        5416000   -102920.3988        17.1      -102826.2702       -94.1285 17m46s/Msamples
        5417000   -102909.6326        17.2      -102827.2119       -82.4206 17m46s/Msamples
        5418000   -102934.0823        17.2      -102836.9290       -97.1533 17m46s/Msamples
        5419000   -102921.8523        17.2      -102833.5247       -88.3276 17m46s/Msamples
        5420000   -102916.7101        17.2      -102831.3967       -85.3134 17m46s/Msamples
        5421000   -102914.1915        17.2      -102826.7011       -87.4903 17m46s/Msamples
        5422000   -102916.7055        17.2      -102832.1309       -84.5746 17m46s/Msamples
        5423000   -102915.0509        17.2      -102829.8083       -85.2425 17m46s/Msamples
        5424000   -102904.8314        17.2      -102825.4146       -79.4168 17m46s/Msamples
        5425000   -102902.7569        17.2      -102825.4567       -77.3002 17m46s/Msamples
        5426000   -102899.5809        17.2      -102822.4377       -77.1432 17m46s/Msamples
        5427000   -102912.6056        17.2      -102830.4887       -82.1169 17m46s/Msamples
        5428000   -102918.5067        17.3      -102827.5135       -90.9931 17m46s/Msamples
        5429000   -102930.3925        17.3      -102835.8696       -94.5229 17m46s/Msamples
        5430000   -102925.0214        17.3      -102836.4077       -88.6137 17m46s/Msamples
        5431000   -102918.1646        17.3      -102827.6283       -90.5363 17m46s/Msamples
        5432000   -102913.2822        17.3      -102825.4625       -87.8197 17m46s/Msamples
        5433000   -102929.2518        17.3      -102832.3213       -96.9304 17m46s/Msamples
        5434000   -102925.7592        17.3      -102828.8588       -96.9004 17m46s/Msamples
        5435000   -102921.9935        17.3      -102827.5986       -94.3948 17m46s/Msamples
        5436000   -102913.7318        17.3      -102824.5286       -89.2031 17m46s/Msamples
        5437000   -102917.9352        17.3      -102830.6251       -87.3101 17m46s/Msamples
        5438000   -102913.0989        17.3      -102828.1318       -84.9671 17m46s/Msamples
        5439000   -102909.3653        17.3      -102826.1606       -83.2047 17m46s/Msamples
        5440000   -102920.3954        17.3      -102828.4269       -91.9684 17m46s/Msamples
        5441000   -102923.0730        17.3      -102828.6600       -94.4130 17m46s/Msamples
        5442000   -102923.7414        17.3      -102830.1199       -93.6214 17m46s/Msamples
        5443000   -102929.1719        17.3      -102833.1202       -96.0516 17m46s/Msamples
        5444000   -102923.6101        17.3      -102834.4445       -89.1656 17m46s/Msamples
        5445000   -102930.1391        17.3      -102838.8029       -91.3361 17m46s/Msamples
        5446000   -102928.8273        17.3      -102830.8669       -97.9603 17m46s/Msamples
        5447000   -102928.8222        17.3      -102828.2131      -100.6090 17m46s/Msamples
        5448000   -102920.7024        17.3      -102828.4060       -92.2964 17m46s/Msamples
        5449000   -102917.2849        17.4      -102825.3111       -91.9737 17m46s/Msamples
        5450000   -102919.5812        17.4      -102828.4843       -91.0969 17m46s/Msamples
        5451000   -102920.0478        17.4      -102830.2664       -89.7813 17m46s/Msamples
        5452000   -102930.4428        17.4      -102834.2264       -96.2163 17m46s/Msamples
        5453000   -102932.0227        17.4      -102830.9656      -101.0571 17m46s/Msamples
        5454000   -102949.6945        17.4      -102842.8645      -106.8300 17m46s/Msamples
        5455000   -102959.4330        17.4      -102850.8690      -108.5640 17m46s/Msamples
        5456000   -102955.2317        17.4      -102844.6000      -110.6316 17m46s/Msamples
        5457000   -102943.9751        17.4      -102840.1817      -103.7933 17m46s/Msamples
        5458000   -102945.5449        17.4      -102841.1103      -104.4345 17m46s/Msamples
        5459000   -102934.0081        17.4      -102838.2275       -95.7806 17m46s/Msamples
        5460000   -102936.6463        17.4      -102838.5348       -98.1114 17m46s/Msamples
        5461000   -102933.4486        17.4      -102837.6726       -95.7759 17m46s/Msamples
        5462000   -102925.1301        17.4      -102837.9848       -87.1453 17m46s/Msamples
        5463000   -102935.9103        17.4      -102838.5604       -97.3499 17m46s/Msamples
        5464000   -102922.1795        17.4      -102832.0733       -90.1061 17m46s/Msamples
        5465000   -102938.6107        17.4      -102838.7694       -99.8412 17m46s/Msamples
        5466000   -102934.0062        17.4      -102835.2911       -98.7151 17m46s/Msamples
        5467000   -102949.5761        17.4      -102848.3715      -101.2045 17m46s/Msamples
        5468000   -102935.6233        17.4      -102841.7177       -93.9055 17m46s/Msamples
        5469000   -102940.7205        17.4      -102845.0870       -95.6334 17m46s/Msamples
        5470000   -102934.4186        17.4      -102840.8120       -93.6065 17m46s/Msamples
        5471000   -102924.8692        17.4      -102835.1829       -89.6862 17m46s/Msamples
        5472000   -102928.4305        17.4      -102840.1983       -88.2321 17m46s/Msamples
        5473000   -102927.3901        17.4      -102830.8230       -96.5671 17m46s/Msamples
        5474000   -102929.4599        17.4      -102828.4740      -100.9859 17m46s/Msamples
        5475000   -102930.9271        17.4      -102834.6876       -96.2394 17m46s/Msamples
        5476000   -102930.1701        17.4      -102835.6974       -94.4727 17m46s/Msamples
        5477000   -102933.8744        17.5      -102834.3073       -99.5670 17m46s/Msamples
        5478000   -102934.7334        17.5      -102835.3167       -99.4167 17m46s/Msamples
        5479000   -102917.1605        17.5      -102830.4012       -86.7592 17m46s/Msamples
        5480000   -102926.3409        17.5      -102835.4848       -90.8560 17m46s/Msamples
        5481000   -102925.5162        17.5      -102832.7914       -92.7247 17m46s/Msamples
        5482000   -102935.9155        17.5      -102834.5108      -101.4047 17m46s/Msamples
        5483000   -102928.9983        17.5      -102828.8090      -100.1893 17m46s/Msamples
        5484000   -102934.4650        17.5      -102833.4455      -101.0195 17m46s/Msamples
        5485000   -102931.1881        17.5      -102835.9545       -95.2335 17m46s/Msamples
        5486000   -102914.4582        17.5      -102824.1380       -90.3202 17m46s/Msamples
        5487000   -102921.4647        17.5      -102829.8445       -91.6202 17m46s/Msamples
        5488000   -102919.7028        17.5      -102829.7982       -89.9046 17m46s/Msamples
        5489000   -102928.8847        17.5      -102833.7687       -95.1160 17m46s/Msamples
        5490000   -102916.8321        17.5      -102829.8380       -86.9941 17m46s/Msamples
        5491000   -102922.4284        17.5      -102829.3343       -93.0940 17m46s/Msamples
        5492000   -102935.5097        17.5      -102839.4054       -96.1043 17m46s/Msamples
        5493000   -102919.0011        17.5      -102829.0724       -89.9286 17m46s/Msamples
        5494000   -102914.7255        17.5      -102832.6031       -82.1224 17m46s/Msamples
        5495000   -102905.4821        17.5      -102823.4457       -82.0363 17m46s/Msamples
        5496000   -102910.0919        17.5      -102829.0624       -81.0294 17m46s/Msamples
        5497000   -102911.6147        17.5      -102826.4983       -85.1164 17m46s/Msamples
        5498000   -102896.7988        17.6      -102820.9875       -75.8112 17m46s/Msamples
        5499000   -102906.4259        17.6      -102824.0055       -82.4204 17m46s/Msamples
        5500000   -102902.0337        17.6      -102823.8180       -78.2157 17m46s/Msamples
        5501000   -102906.3904        17.6      -102826.8501       -79.5403 17m46s/Msamples
        5502000   -102909.9040        17.6      -102826.9052       -82.9987 17m46s/Msamples
        5503000   -102927.8104        17.6      -102835.1379       -92.6724 17m46s/Msamples
        5504000   -102924.7899        17.6      -102837.5871       -87.2027 17m46s/Msamples
        5505000   -102911.8840        17.6      -102827.2221       -84.6618 17m46s/Msamples
        5506000   -102911.4179        17.6      -102826.3453       -85.0725 17m46s/Msamples
        5507000   -102928.7468        17.6      -102837.9028       -90.8440 17m46s/Msamples
        5508000   -102920.8402        17.7      -102837.7328       -83.1074 17m46s/Msamples
        5509000   -102923.5779        17.7      -102838.8964       -84.6814 17m46s/Msamples
        5510000   -102915.0048        17.7      -102832.2013       -82.8034 17m46s/Msamples
        5511000   -102919.6958        17.7      -102837.2676       -82.4282 17m46s/Msamples
        5512000   -102911.9073        17.7      -102829.5134       -82.3939 17m46s/Msamples
        5513000   -102923.3324        17.7      -102834.3755       -88.9569 17m46s/Msamples
        5514000   -102930.4312        17.7      -102840.3191       -90.1120 17m46s/Msamples
        5515000   -102929.5897        17.7      -102837.2446       -92.3451 17m46s/Msamples
        5516000   -102929.1707        17.7      -102827.8479      -101.3227 17m46s/Msamples
        5517000   -102918.9050        17.7      -102825.5004       -93.4045 17m46s/Msamples
        5518000   -102930.0175        17.7      -102829.1813      -100.8362 17m46s/Msamples
        5519000   -102921.2259        17.7      -102828.7103       -92.5155 17m46s/Msamples
        5520000   -102917.5603        17.7      -102831.8518       -85.7084 17m46s/Msamples
        5521000   -102913.4146        17.7      -102824.8117       -88.6029 17m46s/Msamples
        5522000   -102912.2100        17.7      -102829.0579       -83.1520 17m46s/Msamples
        5523000   -102918.9919        17.7      -102832.6783       -86.3135 17m46s/Msamples
        5524000   -102914.8259        17.7      -102826.4295       -88.3964 17m46s/Msamples
        5525000   -102919.9125        17.7      -102832.4282       -87.4842 17m46s/Msamples
        5526000   -102923.4802        17.7      -102832.4970       -90.9831 17m46s/Msamples
        5527000   -102917.1537        17.7      -102829.7428       -87.4109 17m46s/Msamples
        5528000   -102925.3576        17.7      -102838.2295       -87.1281 17m46s/Msamples
        5529000   -102916.9654        17.8      -102830.7154       -86.2499 17m46s/Msamples
        5530000   -102921.9374        17.8      -102834.6953       -87.2420 17m46s/Msamples
        5531000   -102915.7487        17.8      -102832.5733       -83.1754 17m46s/Msamples
        5532000   -102919.3301        17.8      -102833.7839       -85.5461 17m46s/Msamples
        5533000   -102921.4205        17.8      -102829.2796       -92.1408 17m46s/Msamples
        5534000   -102932.4232        17.8      -102838.7390       -93.6842 17m46s/Msamples
        5535000   -102944.3618        17.8      -102841.4214      -102.9404 17m46s/Msamples
        5536000   -102920.7537        17.8      -102832.4634       -88.2902 17m46s/Msamples
        5537000   -102911.7718        17.8      -102829.6763       -82.0955 17m46s/Msamples
        5538000   -102913.3983        17.8      -102829.2015       -84.1968 17m46s/Msamples
        5539000   -102914.7089        17.8      -102825.9982       -88.7107 17m46s/Msamples
        5540000   -102917.4360        17.8      -102827.4427       -89.9933 17m46s/Msamples
        5541000   -102917.4550        17.8      -102829.3114       -88.1436 17m46s/Msamples
        5542000   -102912.0283        17.8      -102826.9445       -85.0837 17m46s/Msamples
        5543000   -102919.6868        17.8      -102831.5573       -88.1294 17m46s/Msamples
        5544000   -102916.9444        17.8      -102828.4876       -88.4568 17m46s/Msamples
        5545000   -102908.4739        17.9      -102826.4747       -81.9991 17m46s/Msamples
        5546000   -102920.7422        17.9      -102832.0796       -88.6626 17m46s/Msamples
        5547000   -102914.1553        17.9      -102828.3121       -85.8432 17m46s/Msamples
        5548000   -102904.3737        17.9      -102822.9576       -81.4160 17m46s/Msamples
        5549000   -102917.2314        17.9      -102827.7547       -89.4767 17m46s/Msamples
        5550000   -102922.1853        17.9      -102828.6549       -93.5304 17m46s/Msamples
        5551000   -102910.2977        17.9      -102819.4187       -90.8790 17m46s/Msamples
        5552000   -102912.6916        17.9      -102827.8069       -84.8846 17m46s/Msamples
        5553000   -102924.5150        17.9      -102829.6790       -94.8359 17m46s/Msamples
        5554000   -102925.5099        17.9      -102833.4752       -92.0347 17m45s/Msamples
        5555000   -102922.9205        17.9      -102829.4669       -93.4536 17m45s/Msamples
        5556000   -102920.1284        17.9      -102832.5724       -87.5560 17m45s/Msamples
        5557000   -102919.7210        17.9      -102831.7315       -87.9895 17m45s/Msamples
        5558000   -102934.3812        17.9      -102831.3848      -102.9963 17m46s/Msamples
        5559000   -102925.8725        17.9      -102830.4297       -95.4428 17m46s/Msamples
        5560000   -102928.8407        17.9      -102834.2909       -94.5498 17m46s/Msamples
        5561000   -102934.5510        17.9      -102833.4513      -101.0997 17m46s/Msamples
        5562000   -102923.2338        17.9      -102833.4296       -89.8042 17m46s/Msamples
        5563000   -102912.9166        18.0      -102830.7895       -82.1271 17m46s/Msamples
        5564000   -102911.3942        18.0      -102828.2536       -83.1405 17m46s/Msamples
        5565000   -102922.6754        18.0      -102833.2243       -89.4510 17m46s/Msamples
        5566000   -102926.2530        18.0      -102840.8815       -85.3714 17m46s/Msamples
        5567000   -102931.4958        18.0      -102842.7312       -88.7646 17m45s/Msamples
        5568000   -102941.9272        18.0      -102846.1453       -95.7818 17m46s/Msamples
        5569000   -102935.6980        18.0      -102843.7974       -91.9006 17m46s/Msamples
        5570000   -102922.9479        18.0      -102833.2072       -89.7407 17m46s/Msamples
        5571000   -102914.4586        18.0      -102827.7656       -86.6930 17m46s/Msamples
        5572000   -102906.8703        18.0      -102821.3681       -85.5021 17m46s/Msamples
        5573000   -102905.9550        18.0      -102818.9859       -86.9691 17m46s/Msamples
        5574000   -102922.6344        18.0      -102823.7801       -98.8543 17m46s/Msamples
        5575000   -102905.2860        18.0      -102821.2028       -84.0832 17m46s/Msamples
        5576000   -102894.1907        18.1      -102814.9285       -79.2622 17m46s/Msamples
        5577000   -102897.5114        18.1      -102817.4974       -80.0139 17m45s/Msamples
        5578000   -102897.3335        18.1      -102814.7585       -82.5750 17m45s/Msamples
        5579000   -102900.8552        18.1      -102813.7470       -87.1082 17m45s/Msamples
        5580000   -102887.9614        18.1      -102812.2197       -75.7416 17m45s/Msamples
        5581000   -102903.1336        18.2      -102819.5181       -83.6154 17m45s/Msamples
        5582000   -102894.7108        18.2      -102814.3570       -80.3537 17m45s/Msamples
        5583000   -102893.9149        18.2      -102813.8988       -80.0160 17m45s/Msamples
        5584000   -102899.7766        18.2      -102815.6955       -84.0810 17m46s/Msamples
        5585000   -102880.5379        18.3      -102807.5596       -72.9782 17m46s/Msamples
        5586000   -102892.3700        18.3      -102812.5170       -79.8529 17m45s/Msamples
        5587000   -102894.0150        18.3      -102813.9774       -80.0375 17m45s/Msamples
        5588000   -102909.1396        18.3      -102826.2644       -82.8752 17m45s/Msamples
        5589000   -102916.6605        18.3      -102827.2920       -89.3684 17m45s/Msamples
        5590000   -102910.6349        18.4      -102828.0465       -82.5884 17m45s/Msamples
        5591000   -102907.2149        18.4      -102828.4408       -78.7740 17m45s/Msamples
        5592000   -102897.5942        18.4      -102828.6918       -68.9023 17m45s/Msamples
        5593000   -102886.0517        18.4      -102821.5510       -64.5006 17m45s/Msamples
        5594000   -102907.8158        18.4      -102838.3705       -69.4452 17m45s/Msamples
        5595000   -102908.2873        18.4      -102830.5543       -77.7330 17m45s/Msamples
        5596000   -102905.9214        18.5      -102832.9249       -72.9965 17m45s/Msamples
        5597000   -102892.3952        18.5      -102830.6012       -61.7940 17m45s/Msamples
        5598000   -102874.8777        18.5      -102820.0847       -54.7929 17m45s/Msamples
        5599000   -102887.8604        18.6      -102825.6840       -62.1763 17m45s/Msamples
        5600000   -102891.7689        18.6      -102833.3528       -58.4160 17m45s/Msamples
        5601000   -102895.3920        18.6      -102828.1888       -67.2031 17m45s/Msamples
        5602000   -102912.3975        18.6      -102833.2592       -79.1382 17m45s/Msamples
        5603000   -102902.0826        18.6      -102826.4927       -75.5898 17m45s/Msamples
        5604000   -102908.2653        18.6      -102831.2840       -76.9813 17m45s/Msamples
        5605000   -102896.9479        18.7      -102832.4518       -64.4961 17m45s/Msamples
        5606000   -102904.7088        18.7      -102841.8373       -62.8715 17m45s/Msamples
        5607000   -102910.0229        18.7      -102843.2811       -66.7418 17m45s/Msamples
        5608000   -102898.2337        18.7      -102828.4785       -69.7551 17m45s/Msamples
        5609000   -102882.1580        18.7      -102820.4522       -61.7058 17m45s/Msamples
        5610000   -102890.2634        18.8      -102825.8058       -64.4576 17m45s/Msamples
        5611000   -102884.7889        18.8      -102820.9196       -63.8692 17m45s/Msamples
        5612000   -102876.8895        18.8      -102817.0415       -59.8479 17m45s/Msamples
        5613000   -102873.5700        18.9      -102812.6526       -60.9173 17m45s/Msamples
        5614000   -102859.8534        19.0      -102812.5323       -47.3211 17m45s/Msamples
        5615000   -102864.0375        19.0      -102811.7730       -52.2644 17m45s/Msamples
        5616000   -102872.5178        19.1      -102819.2189       -53.2988 17m45s/Msamples
        5617000   -102867.9107        19.1      -102815.4688       -52.4419 17m46s/Msamples
        5618000   -102871.1483        19.2      -102819.8946       -51.2537 17m46s/Msamples
        5619000   -102880.7381        19.2      -102819.4879       -61.2501 17m46s/Msamples
        5620000   -102881.1344        19.3      -102819.1592       -61.9752 17m46s/Msamples
        5621000   -102889.3248        19.3      -102824.2082       -65.1165 17m46s/Msamples
        5622000   -102885.4284        19.3      -102829.5049       -55.9234 17m46s/Msamples
        5623000   -102881.4178        19.4      -102826.5436       -54.8741 17m45s/Msamples
        5624000   -102901.2504        19.4      -102832.1923       -69.0581 17m45s/Msamples
        5625000   -102897.6053        19.4      -102831.3789       -66.2264 17m45s/Msamples
        5626000   -102892.9799        19.4      -102825.0526       -67.9273 17m45s/Msamples
        5627000   -102891.2919        19.5      -102828.4966       -62.7952 17m45s/Msamples
        5628000   -102888.1634        19.5      -102823.9605       -64.2029 17m45s/Msamples
        5629000   -102900.9407        19.5      -102833.9401       -67.0005 17m45s/Msamples
        5630000   -102901.3603        19.5      -102834.4348       -66.9255 17m45s/Msamples
        5631000   -102883.4404        19.5      -102832.9515       -50.4888 17m45s/Msamples
        5632000   -102874.0055        19.6      -102823.8283       -50.1771 17m45s/Msamples
        5633000   -102892.4540        19.6      -102833.0210       -59.4329 17m45s/Msamples
        5634000   -102893.5734        19.6      -102839.5694       -54.0040 17m45s/Msamples
        5635000   -102898.6107        19.6      -102835.6681       -62.9426 17m45s/Msamples
        5636000   -102892.6457        19.7      -102825.0080       -67.6376 17m45s/Msamples
        5637000   -102904.1046        19.7      -102836.7265       -67.3780 17m45s/Msamples
        5638000   -102896.1561        19.7      -102830.7618       -65.3942 17m45s/Msamples
        5639000   -102909.7072        19.7      -102839.2284       -70.4787 17m45s/Msamples
        5640000   -102901.5425        19.7      -102829.3328       -72.2096 17m45s/Msamples
        5641000   -102915.1792        19.7      -102835.2826       -79.8965 17m45s/Msamples
        5642000   -102894.2725        19.7      -102821.2888       -72.9837 17m45s/Msamples
        5643000   -102903.0315        19.8      -102831.7074       -71.3241 17m45s/Msamples
        5644000   -102895.5697        19.8      -102830.6593       -64.9103 17m45s/Msamples
        5645000   -102892.1440        19.8      -102830.3313       -61.8127 17m45s/Msamples
        5646000   -102890.5617        19.8      -102826.3698       -64.1919 17m45s/Msamples
        5647000   -102899.3371        19.8      -102834.4839       -64.8532 17m45s/Msamples
        5648000   -102906.2626        19.8      -102832.2781       -73.9845 17m45s/Msamples
        5649000   -102912.0687        19.9      -102839.7550       -72.3137 17m45s/Msamples
        5650000   -102933.9195        19.9      -102840.7183       -93.2011 17m45s/Msamples
        5651000   -102939.6055        19.9      -102842.5991       -97.0063 17m45s/Msamples
        5652000   -102921.2046        19.9      -102837.0542       -84.1503 17m45s/Msamples
        5653000   -102925.5044        19.9      -102845.4636       -80.0408 17m45s/Msamples
        5654000   -102912.6722        19.9      -102837.9571       -74.7150 17m45s/Msamples
        5655000   -102909.7680        19.9      -102832.5334       -77.2345 17m45s/Msamples
        5656000   -102901.3372        19.9      -102833.7966       -67.5405 17m45s/Msamples
        5657000   -102892.3951        19.9      -102824.9015       -67.4936 17m45s/Msamples
        5658000   -102899.7053        19.9      -102828.6450       -71.0603 17m45s/Msamples
        5659000   -102915.4526        20.0      -102833.0535       -82.3991 17m45s/Msamples
        5660000   -102918.7429        20.0      -102829.6666       -89.0763 17m45s/Msamples
        5661000   -102907.8102        20.0      -102826.3532       -81.4569 17m45s/Msamples
        5662000   -102893.1533        20.0      -102828.1020       -65.0512 17m45s/Msamples
        5663000   -102899.9777        20.0      -102827.9453       -72.0323 17m45s/Msamples
        5664000   -102900.1241        20.0      -102823.8026       -76.3214 17m45s/Msamples
        5665000   -102911.2938        20.0      -102836.0025       -75.2912 17m45s/Msamples
        5666000   -102913.1699        20.0      -102834.4987       -78.6712 17m45s/Msamples
        5667000   -102915.4546        20.0      -102833.7544       -81.7002 17m45s/Msamples
        5668000   -102902.2764        20.0      -102834.1841       -68.0923 17m45s/Msamples
        5669000   -102907.1350        20.1      -102835.9869       -71.1480 17m45s/Msamples
        5670000   -102910.9018        20.1      -102837.4052       -73.4965 17m45s/Msamples
        5671000   -102907.5871        20.1      -102837.7517       -69.8354 17m45s/Msamples
        5672000   -102909.3063        20.1      -102836.8291       -72.4771 17m45s/Msamples
        5673000   -102914.6929        20.1      -102844.0616       -70.6313 17m45s/Msamples
        5674000   -102912.6894        20.1      -102838.2355       -74.4539 17m45s/Msamples
        5675000   -102913.5940        20.1      -102838.2479       -75.3461 17m45s/Msamples
        5676000   -102915.5143        20.1      -102832.7706       -82.7436 17m45s/Msamples
        5677000   -102919.2655        20.1      -102836.6144       -82.6510 17m45s/Msamples
        5678000   -102916.2105        20.1      -102836.0686       -80.1418 17m45s/Msamples
        5679000   -102914.3666        20.1      -102840.2296       -74.1370 17m45s/Msamples
        5680000   -102912.3901        20.1      -102836.5206       -75.8694 17m45s/Msamples
        5681000   -102900.7394        20.1      -102834.4498       -66.2895 17m45s/Msamples
        5682000   -102894.8098        20.2      -102831.3925       -63.4172 17m45s/Msamples
        5683000   -102895.9675        20.2      -102835.2099       -60.7576 17m45s/Msamples
        5684000   -102896.5778        20.2      -102835.4275       -61.1502 17m45s/Msamples
        5685000   -102892.0459        20.2      -102829.7558       -62.2901 17m45s/Msamples
        5686000   -102905.0132        20.2      -102834.9544       -70.0587 17m45s/Msamples
        5687000   -102914.2135        20.2      -102834.9228       -79.2906 17m45s/Msamples
        5688000   -102910.8608        20.2      -102834.3587       -76.5021 17m45s/Msamples
        5689000   -102915.0571        20.2      -102833.4660       -81.5911 17m45s/Msamples
        5690000   -102918.8620        20.2      -102832.2953       -86.5667 17m45s/Msamples
        5691000   -102918.9215        20.3      -102841.8012       -77.1203 17m45s/Msamples
        5692000   -102903.3117        20.3      -102835.0090       -68.3026 17m45s/Msamples
        5693000   -102907.1045        20.3      -102837.0847       -70.0197 17m45s/Msamples
        5694000   -102916.9337        20.3      -102840.4417       -76.4920 17m45s/Msamples
        5695000   -102906.9663        20.3      -102835.3026       -71.6637 17m45s/Msamples
        5696000   -102900.5602        20.3      -102829.7347       -70.8254 17m45s/Msamples
        5697000   -102896.4831        20.3      -102828.6141       -67.8690 17m45s/Msamples
        5698000   -102901.6032        20.3      -102832.5117       -69.0915 17m45s/Msamples
        5699000   -102902.9157        20.3      -102828.3144       -74.6013 17m45s/Msamples
        5700000   -102889.6889        20.4      -102828.8638       -60.8250 17m45s/Msamples
        5701000   -102906.8152        20.4      -102830.4018       -76.4134 17m45s/Msamples
        5702000   -102912.8836        20.4      -102837.0721       -75.8115 17m45s/Msamples
        5703000   -102915.0207        20.4      -102837.2501       -77.7705 17m45s/Msamples
        5704000   -102908.3925        20.4      -102843.6405       -64.7519 17m45s/Msamples
        5705000   -102896.7573        20.4      -102838.5981       -58.1591 17m45s/Msamples
        5706000   -102892.6140        20.4      -102840.0769       -52.5371 17m45s/Msamples
        5707000   -102895.6078        20.4      -102843.0713       -52.5365 17m45s/Msamples
        5708000   -102894.4347        20.5      -102838.7090       -55.7256 17m45s/Msamples
        5709000   -102901.0075        20.5      -102837.2162       -63.7912 17m45s/Msamples
        5710000   -102906.9935        20.5      -102834.0375       -72.9560 17m45s/Msamples
        5711000   -102903.3625        20.5      -102831.5589       -71.8036 17m45s/Msamples
        5712000   -102884.9509        20.5      -102825.8068       -59.1440 17m45s/Msamples
        5713000   -102881.1069        20.5      -102826.7113       -54.3956 17m45s/Msamples
        5714000   -102891.6728        20.6      -102833.3751       -58.2977 17m45s/Msamples
        5715000   -102892.8809        20.6      -102836.4976       -56.3833 17m45s/Msamples
        5716000   -102892.1133        20.6      -102830.3228       -61.7905 17m45s/Msamples
        5717000   -102896.6367        20.6      -102835.4252       -61.2115 17m45s/Msamples
        5718000   -102885.4667        20.6      -102834.9240       -50.5427 17m45s/Msamples
        5719000   -102888.8435        20.6      -102828.1369       -60.7065 17m45s/Msamples
        5720000   -102900.4294        20.7      -102828.4953       -71.9340 17m45s/Msamples
        5721000   -102904.0594        20.7      -102830.9569       -73.1024 17m45s/Msamples
        5722000   -102900.5886        20.7      -102831.6382       -68.9503 17m45s/Msamples
        5723000   -102903.5024        20.7      -102832.8220       -70.6804 17m45s/Msamples
        5724000   -102892.8746        20.7      -102832.0781       -60.7965 17m45s/Msamples
        5725000   -102898.6480        20.7      -102838.4379       -60.2101 17m45s/Msamples
        5726000   -102905.1549        20.7      -102844.0219       -61.1329 17m45s/Msamples
        5727000   -102921.2524        20.7      -102844.1820       -77.0704 17m45s/Msamples
        5728000   -102925.1854        20.7      -102838.4641       -86.7213 17m45s/Msamples
        5729000   -102924.0865        20.7      -102836.7597       -87.3268 17m45s/Msamples
        5730000   -102914.1228        20.7      -102836.0407       -78.0820 17m45s/Msamples
        5731000   -102908.6695        20.7      -102836.6758       -71.9937 17m45s/Msamples
        5732000   -102902.8578        20.7      -102837.7390       -65.1187 17m45s/Msamples
        5733000   -102914.3261        20.7      -102845.1286       -69.1975 17m45s/Msamples
        5734000   -102922.1786        20.7      -102842.9639       -79.2146 17m45s/Msamples
        5735000   -102914.6626        20.8      -102840.5029       -74.1596 17m45s/Msamples
        5736000   -102904.1010        20.8      -102838.2461       -65.8549 17m45s/Msamples
        5737000   -102906.4736        20.8      -102839.5300       -66.9436 17m45s/Msamples
        5738000   -102900.2117        20.8      -102832.1665       -68.0452 17m45s/Msamples
        5739000   -102904.4306        20.8      -102836.5523       -67.8783 17m45s/Msamples
        5740000   -102896.9531        20.8      -102828.2014       -68.7517 17m45s/Msamples
        5741000   -102881.0614        20.8      -102821.0044       -60.0569 17m45s/Msamples
        5742000   -102890.5630        20.8      -102826.2019       -64.3611 17m45s/Msamples
        5743000   -102896.8030        20.8      -102829.2308       -67.5722 17m45s/Msamples
        5744000   -102902.7290        20.9      -102834.4782       -68.2508 17m45s/Msamples
        5745000   -102905.9797        20.9      -102834.7203       -71.2594 17m45s/Msamples
        5746000   -102901.4132        20.9      -102838.1993       -63.2138 17m45s/Msamples
        5747000   -102892.3041        20.9      -102838.2110       -54.0931 17m45s/Msamples
        5748000   -102892.0331        20.9      -102837.2899       -54.7432 17m45s/Msamples
        5749000   -102892.1975        20.9      -102827.8168       -64.3807 17m45s/Msamples
        5750000   -102877.5893        20.9      -102823.9887       -53.6006 17m45s/Msamples
        5751000   -102889.0061        21.0      -102826.7762       -62.2298 17m45s/Msamples
        5752000   -102883.2210        21.0      -102826.3359       -56.8851 17m45s/Msamples
        5753000   -102878.5033        21.0      -102825.2704       -53.2328 17m45s/Msamples
        5754000   -102888.5892        21.0      -102828.1583       -60.4309 17m45s/Msamples
        5755000   -102891.1715        21.0      -102828.1618       -63.0096 17m45s/Msamples
        5756000   -102877.6688        21.1      -102826.5072       -51.1615 17m45s/Msamples
        5757000   -102884.1707        21.1      -102835.7547       -48.4160 17m45s/Msamples
        5758000   -102874.3013        21.1      -102824.3785       -49.9228 17m45s/Msamples
        5759000   -102880.4369        21.4      -102832.6246       -47.8122 17m45s/Msamples
        5760000   -102878.9078        21.4      -102822.2803       -56.6275 17m45s/Msamples
        5761000   -102881.1027        21.4      -102829.4138       -51.6889 17m45s/Msamples
        5762000   -102873.5341        21.5      -102821.5359       -51.9982 17m45s/Msamples
        5763000   -102878.3457        21.5      -102825.2977       -53.0479 17m45s/Msamples
        5764000   -102869.9876        21.5      -102817.1273       -52.8602 17m45s/Msamples
        5765000   -102861.8148        21.6      -102815.0509       -46.7639 17m45s/Msamples
        5766000   -102875.5959        21.6      -102822.8706       -52.7253 17m45s/Msamples
        5767000   -102874.4178        21.6      -102820.6129       -53.8049 17m45s/Msamples
        5768000   -102876.7511        21.6      -102826.5133       -50.2378 17m45s/Msamples
        5769000   -102879.8738        21.6      -102826.9474       -52.9264 17m45s/Msamples
        5770000   -102863.9078        21.7      -102816.4140       -47.4938 17m45s/Msamples
        5771000   -102868.4297        21.7      -102820.1458       -48.2838 17m45s/Msamples
        5772000   -102867.1131        21.7      -102821.4289       -45.6842 17m45s/Msamples
        5773000   -102869.5186        21.8      -102816.5751       -52.9434 17m45s/Msamples
        5774000   -102877.4761        21.8      -102822.5756       -54.9004 17m45s/Msamples
        5775000   -102881.2217        21.8      -102825.2612       -55.9604 17m45s/Msamples
        5776000   -102872.0641        21.8      -102821.3090       -50.7550 17m45s/Msamples
        5777000   -102877.6021        21.8      -102821.2212       -56.3809 17m45s/Msamples
        5778000   -102885.9202        21.9      -102825.4617       -60.4585 17m45s/Msamples
        5779000   -102878.6883        21.9      -102816.0195       -62.6688 17m45s/Msamples
        5780000   -102896.7420        21.9      -102818.4482       -78.2938 17m45s/Msamples
        5781000   -102886.8105        21.9      -102823.5389       -63.2715 17m45s/Msamples
        5782000   -102894.2021        21.9      -102827.0436       -67.1584 17m45s/Msamples
        5783000   -102875.9445        21.9      -102823.1487       -52.7958 17m45s/Msamples
        5784000   -102888.4887        21.9      -102833.4413       -55.0474 17m45s/Msamples
        5785000   -102895.9515        21.9      -102843.3897       -52.5618 17m45s/Msamples
        5786000   -102883.8242        21.9      -102832.4585       -51.3656 17m45s/Msamples
        5787000   -102891.9258        21.9      -102833.4235       -58.5022 17m45s/Msamples
        5788000   -102892.1501        21.9      -102830.4266       -61.7235 17m45s/Msamples
        5789000   -102881.6862        21.9      -102828.9391       -52.7470 17m45s/Msamples
        5790000   -102883.4451        21.9      -102820.3259       -63.1192 17m45s/Msamples
        5791000   -102891.1654        21.9      -102831.0236       -60.1417 17m45s/Msamples
        5792000   -102887.7941        21.9      -102827.6988       -60.0952 17m45s/Msamples
        5793000   -102902.7615        21.9      -102831.1927       -71.5687 17m45s/Msamples
        5794000   -102892.2023        21.9      -102827.8074       -64.3949 17m45s/Msamples
        5795000   -102889.7877        21.9      -102826.4797       -63.3080 17m45s/Msamples
        5796000   -102883.6840        21.9      -102829.7175       -53.9665 17m45s/Msamples
        5797000   -102887.1736        21.9      -102828.8256       -58.3479 17m45s/Msamples
        5798000   -102896.4967        21.9      -102828.0215       -68.4751 17m45s/Msamples
        5799000   -102890.5003        21.9      -102824.6635       -65.8368 17m45s/Msamples
        5800000   -102883.6284        21.9      -102829.0219       -54.6065 17m45s/Msamples
        5801000   -102865.5246        22.0      -102819.8985       -45.6260 17m45s/Msamples
        5802000   -102862.9149        22.0      -102816.3010       -46.6138 17m45s/Msamples
        5803000   -102871.2674        22.0      -102826.2322       -45.0352 17m45s/Msamples
        5804000   -102884.2857        22.0      -102828.1408       -56.1448 17m45s/Msamples
        5805000   -102898.9495        22.0      -102836.5219       -62.4276 17m45s/Msamples
        5806000   -102900.1475        22.0      -102830.1836       -69.9638 17m45s/Msamples
        5807000   -102901.9093        22.0      -102830.5569       -71.3524 17m45s/Msamples
        5808000   -102909.4402        22.0      -102831.7831       -77.6571 17m45s/Msamples
        5809000   -102889.2670        22.0      -102829.0511       -60.2158 17m45s/Msamples
        5810000   -102892.4843        22.0      -102830.8082       -61.6761 17m45s/Msamples
        5811000   -102883.5482        22.0      -102831.6110       -51.9372 17m45s/Msamples
        5812000   -102883.8338        22.0      -102825.3856       -58.4481 17m45s/Msamples
        5813000   -102883.7328        22.0      -102827.3549       -56.3778 17m45s/Msamples
        5814000   -102887.9391        22.0      -102822.7888       -65.1502 17m45s/Msamples
        5815000   -102892.0992        22.0      -102823.9642       -68.1349 17m45s/Msamples
        5816000   -102891.5883        22.0      -102825.8770       -65.7112 17m45s/Msamples
        5817000   -102892.6947        22.0      -102820.4712       -72.2235 17m45s/Msamples
        5818000   -102888.1705        22.0      -102829.8165       -58.3540 17m45s/Msamples
        5819000   -102887.6577        22.0      -102824.9855       -62.6721 17m45s/Msamples
        5820000   -102890.3523        22.0      -102825.1621       -65.1901 17m45s/Msamples
        5821000   -102904.4418        22.0      -102833.7846       -70.6572 17m45s/Msamples
        5822000   -102910.8703        22.0      -102831.7724       -79.0978 17m45s/Msamples
        5823000   -102911.7239        22.0      -102830.7167       -81.0071 17m45s/Msamples
        5824000   -102902.7010        22.0      -102832.3210       -70.3799 17m45s/Msamples
        5825000   -102897.5696        22.0      -102827.1463       -70.4233 17m45s/Msamples
        5826000   -102890.6049        22.0      -102828.8717       -61.7331 17m45s/Msamples
        5827000   -102895.3390        22.0      -102826.3427       -68.9963 17m45s/Msamples
        5828000   -102900.1007        22.0      -102830.8467       -69.2539 17m45s/Msamples
        5829000   -102904.2554        22.0      -102830.6039       -73.6514 17m45s/Msamples
        5830000   -102889.8517        22.0      -102829.4427       -60.4089 17m45s/Msamples
        5831000   -102885.3157        22.0      -102831.8843       -53.4314 17m45s/Msamples
        5832000   -102903.4963        22.0      -102838.2309       -65.2654 17m45s/Msamples
        5833000   -102894.4676        22.0      -102837.7198       -56.7478 17m45s/Msamples
        5834000   -102895.9279        22.0      -102837.8872       -58.0406 17m45s/Msamples
        5835000   -102876.1974        22.0      -102821.8583       -54.3391 17m45s/Msamples
        5836000   -102876.7564        22.0      -102820.2943       -56.4621 17m45s/Msamples
        5837000   -102877.2309        22.0      -102820.2901       -56.9408 17m45s/Msamples
        5838000   -102899.6620        22.0      -102832.8262       -66.8357 17m45s/Msamples
        5839000   -102906.3162        22.0      -102840.2242       -66.0920 17m45s/Msamples
        5840000   -102900.6528        22.0      -102832.9039       -67.7488 17m45s/Msamples
        5841000   -102895.8593        22.0      -102836.4009       -59.4584 17m45s/Msamples
        5842000   -102907.2246        22.0      -102835.8505       -71.3740 17m45s/Msamples
        5843000   -102903.6172        22.0      -102836.0046       -67.6125 17m45s/Msamples
        5844000   -102906.7919        21.9      -102833.5364       -73.2554 17m45s/Msamples
        5845000   -102916.3124        21.9      -102841.2861       -75.0263 17m45s/Msamples
        5846000   -102929.1415        22.0      -102848.3495       -80.7919 17m45s/Msamples
        5847000   -102923.5450        22.0      -102844.7069       -78.8381 17m45s/Msamples
        5848000   -102910.9956        22.0      -102841.5319       -69.4636 17m45s/Msamples
        5849000   -102905.6674        21.9      -102841.1386       -64.5287 17m45s/Msamples
        5850000   -102908.9965        21.9      -102835.4856       -73.5109 17m45s/Msamples
        5851000   -102902.9833        21.9      -102831.3018       -71.6814 17m45s/Msamples
        5852000   -102897.1032        21.9      -102827.0865       -70.0166 17m45s/Msamples
        5853000   -102912.2955        21.9      -102835.1776       -77.1179 17m45s/Msamples
        5854000   -102909.5922        21.9      -102833.6621       -75.9301 17m45s/Msamples
        5855000   -102902.0826        21.9      -102838.4315       -63.6511 17m45s/Msamples
        5856000   -102901.6035        21.9      -102835.7717       -65.8318 17m45s/Msamples
        5857000   -102889.7004        21.9      -102827.3809       -62.3194 17m45s/Msamples
        5858000   -102890.4349        22.0      -102830.0605       -60.3744 17m45s/Msamples
        5859000   -102881.1401        21.9      -102824.0767       -57.0634 17m45s/Msamples
        5860000   -102874.1213        21.9      -102819.6784       -54.4428 17m45s/Msamples
        5861000   -102871.1646        21.9      -102819.0739       -52.0906 17m45s/Msamples
        5862000   -102872.0862        21.9      -102816.6827       -55.4034 17m45s/Msamples
        5863000   -102874.3337        21.9      -102815.2918       -59.0418 17m45s/Msamples
        5864000   -102887.8281        21.9      -102818.4984       -69.3297 17m45s/Msamples
        5865000   -102891.2797        21.9      -102822.0849       -69.1947 17m45s/Msamples
        5866000   -102897.5583        21.9      -102824.5248       -73.0335 17m45s/Msamples
        5867000   -102885.9433        21.9      -102821.9564       -63.9868 17m45s/Msamples
        5868000   -102889.5456        21.9      -102820.8327       -68.7129 17m45s/Msamples
        5869000   -102889.8546        21.9      -102820.6406       -69.2140 17m45s/Msamples
        5870000   -102901.0285        21.9      -102825.5165       -75.5120 17m45s/Msamples
        5871000   -102891.0853        21.9      -102819.1344       -71.9508 17m45s/Msamples
        5872000   -102898.7381        21.9      -102821.8151       -76.9229 17m45s/Msamples
        5873000   -102901.2624        21.9      -102818.8465       -82.4159 17m45s/Msamples
        5874000   -102908.4023        21.9      -102825.5024       -82.8998 17m45s/Msamples
        5875000   -102894.9319        21.9      -102826.2557       -68.6761 17m45s/Msamples
        5876000   -102897.9733        21.8      -102820.3317       -77.6415 17m45s/Msamples
        5877000   -102904.7316        21.8      -102822.8908       -81.8407 17m45s/Msamples
        5878000   -102892.1356        21.8      -102821.7575       -70.3781 17m45s/Msamples
        5879000   -102888.5954        21.8      -102817.2524       -71.3430 17m45s/Msamples
        5880000   -102906.8304        21.8      -102826.2485       -80.5819 17m45s/Msamples
        5881000   -102902.4948        21.8      -102827.4509       -75.0439 17m45s/Msamples
        5882000   -102900.9079        21.8      -102823.1339       -77.7739 17m45s/Msamples
        5883000   -102891.3081        21.8      -102823.8625       -67.4456 17m45s/Msamples
        5884000   -102895.5092        21.8      -102824.5579       -70.9513 17m45s/Msamples
        5885000   -102882.7271        21.8      -102822.7550       -59.9720 17m45s/Msamples
        5886000   -102877.6644        21.8      -102821.5925       -56.0719 17m45s/Msamples
        5887000   -102887.0367        21.8      -102827.3337       -59.7029 17m45s/Msamples
        5888000   -102897.9070        21.8      -102838.8991       -59.0079 17m45s/Msamples
        5889000   -102892.2366        21.7      -102830.1421       -62.0945 17m45s/Msamples
        5890000   -102889.2150        21.7      -102828.0400       -61.1749 17m45s/Msamples
        5891000   -102906.8934        21.7      -102838.2659       -68.6275 17m45s/Msamples
        5892000   -102893.4006        21.7      -102826.6967       -66.7038 17m45s/Msamples
        5893000   -102889.1341        21.7      -102823.1524       -65.9816 17m45s/Msamples
        5894000   -102890.8190        21.7      -102821.8771       -68.9418 17m45s/Msamples
        5895000   -102893.6163        21.7      -102830.7900       -62.8263 17m45s/Msamples
        5896000   -102880.1070        21.7      -102821.0034       -59.1036 17m45s/Msamples
        5897000   -102878.8344        21.7      -102821.6636       -57.1708 17m45s/Msamples
        5898000   -102892.9777        21.7      -102834.6667       -58.3109 17m45s/Msamples
        5899000   -102895.8890        21.6      -102827.7125       -68.1764 17m45s/Msamples
        5900000   -102895.1076        21.6      -102828.0483       -67.0593 17m45s/Msamples
        5901000   -102898.9550        21.6      -102827.8770       -71.0779 17m45s/Msamples
        5902000   -102894.6911        21.6      -102826.1021       -68.5890 17m45s/Msamples
        5903000   -102897.1524        21.6      -102825.3529       -71.7995 17m45s/Msamples
        5904000   -102891.9729        21.6      -102828.2771       -63.6957 17m45s/Msamples
        5905000   -102895.2094        21.6      -102833.6193       -61.5900 17m45s/Msamples
        5906000   -102892.9545        21.6      -102826.6807       -66.2737 17m45s/Msamples
        5907000   -102878.3535        21.6      -102822.3759       -55.9776 17m45s/Msamples
        5908000   -102880.2552        21.6      -102831.5932       -48.6619 17m45s/Msamples
        5909000   -102890.8989        21.5      -102832.0144       -58.8845 17m45s/Msamples
        5910000   -102889.9523        21.5      -102828.1447       -61.8075 17m45s/Msamples
        5911000   -102888.5374        21.5      -102831.4528       -57.0845 17m45s/Msamples
        5912000   -102900.7755        21.5      -102836.3319       -64.4435 17m45s/Msamples
        5913000   -102907.4166        21.5      -102835.0632       -72.3534 17m45s/Msamples
        5914000   -102922.6384        21.5      -102837.6792       -84.9592 17m45s/Msamples
        5915000   -102913.1365        21.5      -102835.8550       -77.2814 17m45s/Msamples
        5916000   -102915.0136        21.5      -102835.1380       -79.8755 17m45s/Msamples
        5917000   -102925.3877        21.5      -102841.9008       -83.4869 17m45s/Msamples
        5918000   -102914.8083        21.5      -102841.0351       -73.7732 17m45s/Msamples
        5919000   -102917.0935        21.5      -102840.3679       -76.7256 17m45s/Msamples
        5920000   -102901.5836        21.5      -102838.1832       -63.4003 17m45s/Msamples
        5921000   -102898.2509        21.5      -102839.6348       -58.6160 17m45s/Msamples
        5922000   -102906.9025        21.5      -102837.5339       -69.3686 17m45s/Msamples
        5923000   -102911.0058        21.5      -102838.8296       -72.1762 17m45s/Msamples
        5924000   -102907.5168        21.5      -102835.9032       -71.6136 17m45s/Msamples
        5925000   -102895.0152        21.5      -102831.2897       -63.7254 17m45s/Msamples
        5926000   -102898.7955        21.5      -102832.8969       -65.8986 17m45s/Msamples
        5927000   -102894.7014        21.4      -102830.5705       -64.1308 17m45s/Msamples
        5928000   -102893.8917        21.4      -102833.3660       -60.5257 17m45s/Msamples
        5929000   -102887.0605        21.4      -102827.6697       -59.3907 17m45s/Msamples
        5930000   -102894.1555        21.4      -102831.1075       -63.0479 17m45s/Msamples
        5931000   -102894.8706        21.4      -102836.7068       -58.1638 17m45s/Msamples
        5932000   -102895.0281        21.4      -102833.5093       -61.5187 17m45s/Msamples
        5933000   -102902.5228        21.4      -102834.4173       -68.1055 17m45s/Msamples
        5934000   -102909.7888        21.4      -102838.7143       -71.0744 17m45s/Msamples
        5935000   -102913.5130        21.4      -102840.8490       -72.6639 17m45s/Msamples
        5936000   -102901.2561        21.4      -102833.8482       -67.4078 17m45s/Msamples
        5937000   -102917.6947        21.4      -102845.1180       -72.5766 17m45s/Msamples
        5938000   -102900.5160        21.3      -102837.9820       -62.5339 17m45s/Msamples
        5939000   -102910.6890        21.3      -102837.8811       -72.8078 17m45s/Msamples
        5940000   -102910.4826        21.3      -102837.0366       -73.4459 17m45s/Msamples
        5941000   -102910.9633        21.3      -102832.9505       -78.0128 17m45s/Msamples
        5942000   -102881.0073        21.3      -102824.9975       -56.0097 17m45s/Msamples
        5943000   -102894.2891        21.3      -102832.4006       -61.8885 17m45s/Msamples
        5944000   -102888.6378        21.3      -102831.3151       -57.3227 17m45s/Msamples
        5945000   -102900.8151        21.3      -102839.5067       -61.3083 17m45s/Msamples
        5946000   -102901.7008        21.3      -102836.9512       -64.7495 17m45s/Msamples
        5947000   -102900.9351        21.2      -102838.8078       -62.1272 17m45s/Msamples
        5948000   -102907.0698        21.2      -102835.2561       -71.8136 17m45s/Msamples
        5949000   -102896.6841        21.2      -102827.7797       -68.9044 17m45s/Msamples
        5950000   -102914.7937        21.2      -102834.6110       -80.1826 17m45s/Msamples
        5951000   -102893.5426        21.2      -102831.2731       -62.2694 17m45s/Msamples
        5952000   -102893.3979        21.2      -102831.9336       -61.4642 17m45s/Msamples
        5953000   -102894.4669        21.2      -102830.0907       -64.3761 17m45s/Msamples
        5954000   -102894.2706        21.2      -102830.5066       -63.7639 17m45s/Msamples
        5955000   -102900.7833        21.2      -102826.7702       -74.0131 17m45s/Msamples
        5956000   -102891.3244        21.1      -102828.4883       -62.8361 17m45s/Msamples
        5957000   -102906.7147        21.1      -102832.9024       -73.8122 17m45s/Msamples
        5958000   -102889.9781        21.1      -102826.9898       -62.9883 17m45s/Msamples
        5959000   -102899.4007        21.1      -102834.5323       -64.8683 17m45s/Msamples
        5960000   -102919.1527        21.1      -102833.6912       -85.4614 17m45s/Msamples
        5961000   -102912.0445        21.1      -102833.4788       -78.5656 17m45s/Msamples
        5962000   -102905.3991        21.1      -102831.1888       -74.2102 17m45s/Msamples
        5963000   -102905.4808        21.1      -102829.3744       -76.1064 17m45s/Msamples
        5964000   -102898.9046        21.1      -102831.8043       -67.1002 17m45s/Msamples
        5965000   -102894.6183        21.0      -102829.2468       -65.3714 17m45s/Msamples
        5966000   -102904.0904        21.0      -102831.0324       -73.0579 17m45s/Msamples
        5967000   -102890.9302        21.0      -102832.2286       -58.7015 17m45s/Msamples
        5968000   -102895.5868        21.0      -102833.2836       -62.3032 17m45s/Msamples
        5969000   -102881.0652        21.0      -102830.8072       -50.2579 17m45s/Msamples
        5970000   -102892.8855        21.0      -102830.3938       -62.4917 17m45s/Msamples
        5971000   -102904.7952        21.0      -102831.9147       -72.8805 17m45s/Msamples
        5972000   -102912.5869        21.0      -102830.4184       -82.1684 17m45s/Msamples
        5973000   -102901.8644        20.9      -102829.2134       -72.6510 17m45s/Msamples
        5974000   -102885.0268        20.9      -102825.6478       -59.3789 17m45s/Msamples
        5975000   -102889.5962        20.9      -102824.7239       -64.8722 17m45s/Msamples
        5976000   -102888.0738        20.9      -102826.1995       -61.8743 17m45s/Msamples
        5977000   -102879.7072        20.9      -102821.7302       -57.9769 17m45s/Msamples
        5978000   -102896.5496        20.9      -102828.3583       -68.1912 17m45s/Msamples
        5979000   -102898.2592        20.8      -102827.2582       -71.0009 17m45s/Msamples
        5980000   -102907.8952        20.8      -102829.5207       -78.3745 17m45s/Msamples
        5981000   -102907.9209        20.8      -102827.1160       -80.8049 17m45s/Msamples
        5982000   -102907.9421        20.8      -102827.9589       -79.9831 17m45s/Msamples
        5983000   -102906.6607        20.8      -102828.6915       -77.9691 17m45s/Msamples
        5984000   -102914.4851        20.8      -102826.6534       -87.8317 17m45s/Msamples
        5985000   -102908.5410        20.8      -102825.3568       -83.1842 17m45s/Msamples
        5986000   -102900.8207        20.8      -102826.9403       -73.8803 17m45s/Msamples
        5987000   -102901.2560        20.8      -102824.5028       -76.7532 17m45s/Msamples
        5988000   -102911.0232        20.8      -102832.2440       -78.7791 17m45s/Msamples
        5989000   -102920.4736        20.8      -102839.5718       -80.9018 17m45s/Msamples
        5990000   -102913.1843        20.8      -102834.9217       -78.2625 17m45s/Msamples
        5991000   -102916.1979        20.8      -102830.1916       -86.0063 17m45s/Msamples
        5992000   -102914.6406        20.7      -102831.2474       -83.3932 17m45s/Msamples
        5993000   -102910.1282        20.7      -102832.7715       -77.3567 17m45s/Msamples
        5994000   -102914.5111        20.7      -102839.4086       -75.1024 17m45s/Msamples
        5995000   -102911.6522        20.7      -102829.3674       -82.2847 17m45s/Msamples
        5996000   -102907.0402        20.7      -102831.0752       -75.9650 17m45s/Msamples
        5997000   -102909.4968        20.7      -102830.8994       -78.5973 17m45s/Msamples
        5998000   -102923.1918        20.7      -102837.6411       -85.5506 17m45s/Msamples
        5999000   -102904.4502        20.7      -102825.7336       -78.7165 17m45s/Msamples
        6000000   -102907.4592        20.7      -102829.8985       -77.5607 17m45s/Msamples
        6001000   -102895.8279        20.7      -102820.7567       -75.0711 17m45s/Msamples
        6002000   -102910.8255        20.7      -102825.3724       -85.4531 17m45s/Msamples
        6003000   -102908.8672        20.7      -102828.0018       -80.8654 17m45s/Msamples
        6004000   -102916.9423        20.7      -102827.4401       -89.5021 17m45s/Msamples
        6005000   -102905.1290        20.7      -102829.8093       -75.3197 17m45s/Msamples
        6006000   -102898.3423        20.6      -102823.6096       -74.7327 17m45s/Msamples
        6007000   -102893.9269        20.6      -102822.9757       -70.9512 17m45s/Msamples
        6008000   -102884.1531        20.6      -102821.2812       -62.8719 17m45s/Msamples
        6009000   -102893.2710        20.6      -102826.4453       -66.8256 17m45s/Msamples
        6010000   -102900.4739        20.6      -102830.2797       -70.1942 17m45s/Msamples
        6011000   -102902.9663        20.6      -102832.1014       -70.8649 17m45s/Msamples
        6012000   -102889.0248        20.6      -102821.1556       -67.8692 17m45s/Msamples
        6013000   -102890.0592        20.5      -102827.9356       -62.1236 17m45s/Msamples
        6014000   -102899.3997        20.5      -102833.4373       -65.9623 17m45s/Msamples
        6015000   -102883.0265        20.5      -102825.1416       -57.8849 17m45s/Msamples
        6016000   -102897.0047        20.5      -102837.1915       -59.8132 17m45s/Msamples
        6017000   -102890.9023        20.5      -102829.1010       -61.8013 17m45s/Msamples
        6018000   -102873.5859        20.4      -102821.9077       -51.6781 17m45s/Msamples
        6019000   -102886.1718        20.4      -102822.7898       -63.3819 17m45s/Msamples
        6020000   -102881.3433        20.4      -102817.3183       -64.0250 17m45s/Msamples
        6021000   -102899.1047        20.4      -102823.2266       -75.8781 17m45s/Msamples
        6022000   -102886.6236        20.4      -102813.2438       -73.3797 17m45s/Msamples
        6023000   -102894.3778        20.4      -102821.6621       -72.7157 17m45s/Msamples
        6024000   -102912.1728        20.4      -102828.0536       -84.1192 17m45s/Msamples
        6025000   -102908.1715        20.3      -102830.5274       -77.6440 17m45s/Msamples
        6026000   -102911.1398        20.3      -102837.2768       -73.8629 17m45s/Msamples
        6027000   -102898.3004        20.3      -102827.1340       -71.1663 17m45s/Msamples
        6028000   -102912.3278        20.3      -102833.8399       -78.4879 17m45s/Msamples
        6029000   -102900.5184        20.3      -102835.5908       -64.9276 17m45s/Msamples
        6030000   -102907.3107        20.3      -102831.1950       -76.1157 17m45s/Msamples
        6031000   -102905.5408        20.3      -102837.5117       -68.0290 17m45s/Msamples
        6032000   -102904.8658        20.3      -102838.1696       -66.6962 17m45s/Msamples
        6033000   -102910.2926        20.3      -102836.3041       -73.9884 17m45s/Msamples
        6034000   -102915.2966        20.3      -102846.3679       -68.9286 17m45s/Msamples
        6035000   -102907.0965        20.3      -102835.2411       -71.8553 17m45s/Msamples
        6036000   -102913.5280        20.3      -102842.3569       -71.1710 17m45s/Msamples
        6037000   -102900.4339        20.2      -102827.0957       -73.3381 17m45s/Msamples
        6038000   -102907.5081        20.2      -102834.9607       -72.5474 17m45s/Msamples
        6039000   -102912.8838        20.2      -102834.9845       -77.8992 17m45s/Msamples
        6040000   -102931.7147        20.2      -102836.0575       -95.6571 17m45s/Msamples
        6041000   -102935.6999        20.3      -102835.0266      -100.6733 17m45s/Msamples
        6042000   -102910.2218        20.3      -102832.4058       -77.8159 17m45s/Msamples
        6043000   -102922.2930        20.3      -102830.3706       -91.9223 17m45s/Msamples
        6044000   -102910.1403        20.3      -102832.0147       -78.1256 17m45s/Msamples
        6045000   -102913.4034        20.3      -102830.7986       -82.6048 17m45s/Msamples
        6046000   -102924.4374        20.3      -102833.9446       -90.4928 17m45s/Msamples
        6047000   -102920.2295        20.3      -102834.7954       -85.4340 17m45s/Msamples
        6048000   -102911.5730        20.3      -102835.7429       -75.8301 17m45s/Msamples
        6049000   -102902.0408        20.3      -102826.2169       -75.8239 17m45s/Msamples
        6050000   -102907.4951        20.2      -102835.0019       -72.4931 17m45s/Msamples
        6051000   -102915.4986        20.2      -102840.9342       -74.5644 17m45s/Msamples
        6052000   -102902.6903        20.2      -102835.6751       -67.0152 17m45s/Msamples
        6053000   -102898.2802        20.2      -102836.2943       -61.9858 17m45s/Msamples
        6054000   -102893.1911        20.2      -102822.6803       -70.5107 17m45s/Msamples
        6055000   -102899.4825        20.2      -102825.7749       -73.7075 17m45s/Msamples
        6056000   -102891.8591        20.2      -102829.0683       -62.7908 17m45s/Msamples
        6057000   -102890.8369        20.1      -102820.9822       -69.8547 17m45s/Msamples
        6058000   -102907.0346        20.1      -102826.3630       -80.6715 17m45s/Msamples
        6059000   -102897.3675        20.1      -102823.3256       -74.0419 17m45s/Msamples
        6060000   -102900.0607        20.1      -102827.2436       -72.8171 17m45s/Msamples
        6061000   -102912.5056        20.1      -102832.1350       -80.3706 17m45s/Msamples
        6062000   -102916.8490        20.1      -102830.0381       -86.8108 17m45s/Msamples
        6063000   -102922.2489        20.1      -102835.3637       -86.8851 17m45s/Msamples
        6064000   -102917.9960        20.1      -102834.3573       -83.6386 17m45s/Msamples
        6065000   -102926.5182        20.1      -102836.3562       -90.1619 17m45s/Msamples
        6066000   -102932.8252        20.1      -102839.5876       -93.2376 17m45s/Msamples
        6067000   -102929.7536        20.1      -102837.1408       -92.6127 17m45s/Msamples
        6068000   -102929.3006        20.2      -102833.2001       -96.1004 17m45s/Msamples
        6069000   -102924.3365        20.2      -102831.1325       -93.2040 17m45s/Msamples
        6070000   -102931.4290        20.2      -102833.1294       -98.2995 17m45s/Msamples
        6071000   -102927.9716        20.2      -102839.4188       -88.5528 17m45s/Msamples
        6072000   -102912.9031        20.2      -102831.7068       -81.1962 17m45s/Msamples
        6073000   -102910.8197        20.2      -102828.9090       -81.9106 17m45s/Msamples
        6074000   -102926.4188        20.2      -102839.0636       -87.3552 17m45s/Msamples
        6075000   -102918.1149        20.2      -102833.7929       -84.3220 17m45s/Msamples
        6076000   -102910.5051        20.2      -102831.4892       -79.0158 17m45s/Msamples
        6077000   -102914.7664        20.2      -102831.0810       -83.6853 17m45s/Msamples
        6078000   -102906.7096        20.2      -102830.3480       -76.3615 17m45s/Msamples
        6079000   -102905.2861        20.2      -102830.5294       -74.7567 17m45s/Msamples
        6080000   -102896.0486        20.1      -102824.4976       -71.5509 17m45s/Msamples
        6081000   -102894.8328        20.1      -102820.8335       -73.9993 17m45s/Msamples
        6082000   -102900.4796        20.1      -102819.4307       -81.0489 17m45s/Msamples
        6083000   -102902.3262        20.1      -102824.0758       -78.2503 17m45s/Msamples
        6084000   -102901.6622        20.1      -102825.9747       -75.6874 17m45s/Msamples
        6085000   -102917.3218        20.1      -102826.3393       -90.9825 17m45s/Msamples
        6086000   -102908.0091        20.1      -102828.9903       -79.0187 17m45s/Msamples
        6087000   -102894.2038        20.1      -102821.5626       -72.6411 17m45s/Msamples
        6088000   -102898.5118        20.0      -102822.7007       -75.8110 17m45s/Msamples
        6089000   -102889.8286        20.0      -102822.4016       -67.4269 17m45s/Msamples
        6090000   -102891.8313        20.0      -102818.5406       -73.2906 17m45s/Msamples
        6091000   -102885.8161        20.0      -102823.7480       -62.0680 17m45s/Msamples
        6092000   -102888.3993        20.0      -102819.9813       -68.4180 17m45s/Msamples
        6093000   -102880.9929        19.9      -102820.0910       -60.9018 17m45s/Msamples
        6094000   -102904.7307        19.9      -102829.1484       -75.5822 17m45s/Msamples
        6095000   -102906.4620        19.9      -102830.0707       -76.3912 17m45s/Msamples
        6096000   -102899.9312        19.9      -102824.9859       -74.9452 17m45s/Msamples
        6097000   -102902.1455        19.9      -102828.5426       -73.6028 17m45s/Msamples
        6098000   -102896.8368        19.9      -102821.8643       -74.9724 17m45s/Msamples
        6099000   -102901.3502        19.9      -102825.3998       -75.9504 17m45s/Msamples
        6100000   -102908.4856        19.9      -102822.0078       -86.4778 17m45s/Msamples
        6101000   -102911.8649        19.8      -102838.5820       -73.2829 17m45s/Msamples
        6102000   -102920.2941        19.8      -102842.5314       -77.7626 17m45s/Msamples
        6103000   -102919.7034        19.9      -102834.4728       -85.2305 17m45s/Msamples
        6104000   -102912.4869        19.8      -102834.6812       -77.8056 17m45s/Msamples
        6105000   -102925.6740        19.9      -102832.0531       -93.6209 17m45s/Msamples
        6106000   -102919.6912        19.9      -102833.0542       -86.6369 17m45s/Msamples
        6107000   -102899.3458        19.8      -102826.0326       -73.3132 17m45s/Msamples
        6108000   -102913.2484        19.8      -102833.4967       -79.7516 17m45s/Msamples
        6109000   -102911.7030        19.8      -102836.4742       -75.2287 17m45s/Msamples
        6110000   -102915.5762        19.8      -102834.4444       -81.1317 17m45s/Msamples
        6111000   -102899.9310        19.8      -102824.6219       -75.3091 17m45s/Msamples
        6112000   -102913.6108        19.8      -102829.6161       -83.9946 17m45s/Msamples
        6113000   -102912.6107        19.8      -102829.5823       -83.0284 17m45s/Msamples
        6114000   -102908.6967        19.8      -102833.2721       -75.4246 17m45s/Msamples
        6115000   -102904.4424        19.8      -102830.8534       -73.5889 17m45s/Msamples
        6116000   -102912.1042        19.8      -102835.9766       -76.1276 17m45s/Msamples
        6117000   -102913.8008        19.8      -102830.2981       -83.5027 17m45s/Msamples
        6118000   -102901.4974        19.8      -102829.3067       -72.1907 17m45s/Msamples
        6119000   -102904.3376        19.8      -102829.4159       -74.9216 17m45s/Msamples
        6120000   -102905.5576        19.7      -102827.1413       -78.4162 17m45s/Msamples
        6121000   -102910.3459        19.7      -102829.9490       -80.3968 17m45s/Msamples
        6122000   -102908.6856        19.7      -102823.5123       -85.1732 17m45s/Msamples
        6123000   -102900.6351        19.7      -102824.7342       -75.9008 17m45s/Msamples
        6124000   -102896.5354        19.7      -102822.3069       -74.2285 17m45s/Msamples
        6125000   -102910.1721        19.7      -102834.4584       -75.7137 17m45s/Msamples
        6126000   -102899.9477        19.7      -102830.5449       -69.4027 17m45s/Msamples
        6127000   -102887.0889        19.6      -102821.8075       -65.2813 17m45s/Msamples
        6128000   -102877.1102        19.6      -102814.2459       -62.8642 17m45s/Msamples
        6129000   -102892.1977        19.6      -102818.5771       -73.6206 17m45s/Msamples
        6130000   -102895.2272        19.6      -102823.1164       -72.1108 17m45s/Msamples
        6131000   -102895.5888        19.6      -102821.9054       -73.6834 17m45s/Msamples
        6132000   -102905.6758        19.6      -102829.8782       -75.7975 17m45s/Msamples
        6133000   -102909.1354        19.6      -102831.7668       -77.3685 17m45s/Msamples
        6134000   -102923.1758        19.6      -102832.2796       -90.8962 17m45s/Msamples
        6135000   -102905.1223        19.5      -102833.7531       -71.3691 17m45s/Msamples
        6136000   -102895.8753        19.5      -102827.6701       -68.2051 17m45s/Msamples
        6137000   -102899.3926        19.5      -102833.9789       -65.4137 17m45s/Msamples
        6138000   -102896.8571        19.5      -102825.5490       -71.3081 17m45s/Msamples
        6139000   -102901.8205        19.5      -102823.8101       -78.0103 17m45s/Msamples
        6140000   -102904.4919        19.5      -102827.2223       -77.2696 17m45s/Msamples
        6141000   -102897.1985        19.5      -102823.5633       -73.6351 17m45s/Msamples
        6142000   -102898.0199        19.4      -102819.7167       -78.3031 17m45s/Msamples
        6143000   -102908.1995        19.4      -102824.6870       -83.5124 17m45s/Msamples
        6144000   -102901.1707        19.4      -102819.7737       -81.3970 17m45s/Msamples
        6145000   -102900.2415        19.4      -102823.5075       -76.7339 17m45s/Msamples
        6146000   -102909.6290        19.4      -102829.2962       -80.3328 17m45s/Msamples
        6147000   -102901.6458        19.4      -102828.4028       -73.2430 17m45s/Msamples
        6148000   -102896.5304        19.4      -102822.2233       -74.3071 17m45s/Msamples
        6149000   -102888.7184        19.3      -102825.8692       -62.8492 17m45s/Msamples
        6150000   -102892.3692        19.3      -102826.8186       -65.5506 17m45s/Msamples
        6151000   -102905.0551        19.3      -102827.3482       -77.7069 17m45s/Msamples
        6152000   -102901.9804        19.3      -102824.2112       -77.7692 17m45s/Msamples
        6153000   -102904.7310        19.3      -102827.2331       -77.4978 17m45s/Msamples
        6154000   -102902.9768        19.3      -102828.0527       -74.9240 17m45s/Msamples
        6155000   -102895.4225        19.3      -102817.9871       -77.4353 17m45s/Msamples
        6156000   -102883.2451        19.2      -102824.5411       -58.7039 17m45s/Msamples
        6157000   -102881.8572        19.2      -102815.0595       -66.7977 17m45s/Msamples
        6158000   -102878.8915        19.2      -102813.2128       -65.6787 17m45s/Msamples
        6159000   -102888.4454        19.2      -102821.5613       -66.8841 17m45s/Msamples
        6160000   -102905.5610        19.2      -102826.6429       -78.9180 17m45s/Msamples
        6161000   -102909.5220        19.1      -102831.6071       -77.9149 17m45s/Msamples
        6162000   -102910.1599        19.1      -102832.5320       -77.6278 17m45s/Msamples
        6163000   -102908.8428        19.1      -102833.4957       -75.3471 17m45s/Msamples
        6164000   -102920.5809        19.1      -102840.8820       -79.6988 17m45s/Msamples
        6165000   -102908.4011        19.1      -102842.8139       -65.5871 17m45s/Msamples
        6166000   -102912.3817        19.1      -102838.2654       -74.1162 17m45s/Msamples
        6167000   -102902.8381        19.1      -102835.8754       -66.9626 17m45s/Msamples
        6168000   -102901.0597        19.1      -102829.0243       -72.0354 17m45s/Msamples
        6169000   -102901.0353        19.1      -102827.3669       -73.6684 17m45s/Msamples
        6170000   -102901.2469        19.1      -102828.9068       -72.3401 17m45s/Msamples
        6171000   -102909.2627        19.1      -102834.8617       -74.4009 17m45s/Msamples
        6172000   -102908.1899        19.1      -102826.5884       -81.6014 17m45s/Msamples
        6173000   -102907.3631        19.0      -102831.9400       -75.4230 17m45s/Msamples
        6174000   -102889.8764        19.0      -102823.0041       -66.8723 17m45s/Msamples
        6175000   -102892.3579        19.0      -102827.9481       -64.4098 17m45s/Msamples
        6176000   -102889.4823        19.0      -102823.8163       -65.6660 17m45s/Msamples
        6177000   -102900.2196        19.0      -102825.1281       -75.0914 17m45s/Msamples
        6178000   -102894.0658        19.0      -102827.6168       -66.4490 17m45s/Msamples
        6179000   -102891.7708        18.9      -102825.3823       -66.3884 17m45s/Msamples
        6180000   -102875.4680        18.9      -102817.1201       -58.3478 17m45s/Msamples
        6181000   -102879.7334        18.9      -102817.1300       -62.6033 17m45s/Msamples
        6182000   -102895.6491        18.9      -102821.7856       -73.8635 17m45s/Msamples
        6183000   -102886.4130        18.9      -102819.3129       -67.1000 17m45s/Msamples
        6184000   -102898.2496        18.8      -102830.0699       -68.1796 17m45s/Msamples
        6185000   -102891.1920        18.8      -102825.3488       -65.8432 17m45s/Msamples
        6186000   -102874.0166        18.8      -102820.7962       -53.2203 17m45s/Msamples
        6187000   -102884.2763        18.8      -102825.2447       -59.0315 17m45s/Msamples
        6188000   -102892.4069        18.8      -102822.7787       -69.6281 17m45s/Msamples
        6189000   -102901.1857        18.8      -102821.0008       -80.1848 17m45s/Msamples
        6190000   -102905.5145        18.7      -102831.4962       -74.0182 17m45s/Msamples
        6191000   -102909.3094        18.7      -102832.0773       -77.2320 17m45s/Msamples
        6192000   -102905.7466        18.7      -102836.2647       -69.4818 17m45s/Msamples
        6193000   -102910.3618        18.7      -102835.5886       -74.7731 17m45s/Msamples
        6194000   -102908.4089        18.7      -102830.6113       -77.7976 17m45s/Msamples
        6195000   -102913.3120        18.7      -102841.3904       -71.9215 17m45s/Msamples
        6196000   -102906.6957        18.7      -102835.6958       -70.9998 17m45s/Msamples
        6197000   -102895.0794        18.7      -102828.5162       -66.5631 17m45s/Msamples
        6198000   -102897.6650        18.7      -102825.0620       -72.6030 17m45s/Msamples
        6199000   -102899.8153        18.7      -102826.2281       -73.5871 17m45s/Msamples
        6200000   -102903.4942        18.7      -102826.9369       -76.5572 17m45s/Msamples
        6201000   -102903.2543        18.6      -102829.1115       -74.1428 17m45s/Msamples
        6202000   -102898.9872        18.6      -102836.5591       -62.4281 17m45s/Msamples
        6203000   -102892.5770        18.6      -102826.9795       -65.5974 17m45s/Msamples
        6204000   -102885.7082        18.6      -102825.4890       -60.2191 17m45s/Msamples
        6205000   -102904.2126        18.6      -102828.2831       -75.9295 17m45s/Msamples
        6206000   -102886.6537        18.6      -102819.3344       -67.3193 17m45s/Msamples
        6207000   -102896.6191        18.5      -102827.0349       -69.5841 17m45s/Msamples
        6208000   -102907.2814        18.5      -102827.7316       -79.5497 17m45s/Msamples
        6209000   -102898.5333        18.5      -102828.1366       -70.3967 17m45s/Msamples
        6210000   -102892.2039        18.5      -102831.8628       -60.3411 17m45s/Msamples
        6211000   -102878.3990        18.5      -102823.2171       -55.1818 17m45s/Msamples
        6212000   -102879.8403        18.5      -102816.2031       -63.6372 17m45s/Msamples
        6213000   -102892.2806        18.4      -102823.0569       -69.2237 17m45s/Msamples
        6214000   -102884.2981        18.4      -102815.6484       -68.6497 17m45s/Msamples
        6215000   -102886.9099        18.4      -102821.9300       -64.9798 17m45s/Msamples
        6216000   -102899.3406        18.4      -102834.4429       -64.8976 17m45s/Msamples
        6217000   -102884.5632        18.4      -102821.3296       -63.2336 17m45s/Msamples
        6218000   -102864.1830        18.3      -102813.0156       -51.1673 17m45s/Msamples
        6219000   -102872.4600        18.3      -102821.5552       -50.9048 17m45s/Msamples
        6220000   -102879.4787        18.3      -102822.2643       -57.2143 17m45s/Msamples
        6221000   -102877.8596        18.3      -102815.4129       -62.4466 17m45s/Msamples
        6222000   -102882.5540        18.3      -102820.3660       -62.1880 17m45s/Msamples
        6223000   -102879.6929        18.2      -102816.7487       -62.9442 17m45s/Msamples
        6224000   -102882.3547        18.2      -102822.7861       -59.5686 17m45s/Msamples
        6225000   -102871.9182        18.2      -102817.2914       -54.6267 17m45s/Msamples
        6226000   -102881.0044        18.2      -102826.3960       -54.6083 17m45s/Msamples
        6227000   -102882.0743        18.2      -102820.1289       -61.9454 17m45s/Msamples
        6228000   -102885.7464        18.1      -102831.9072       -53.8391 17m45s/Msamples
        6229000   -102878.3060        18.1      -102820.4310       -57.8750 17m45s/Msamples
        6230000   -102887.9737        18.1      -102825.4655       -62.5082 17m45s/Msamples
        6231000   -102886.2589        18.1      -102834.9156       -51.3433 17m45s/Msamples
        6232000   -102903.3529        18.1      -102836.2108       -67.1421 17m45s/Msamples
        6233000   -102902.7348        18.1      -102830.4462       -72.2885 17m45s/Msamples
        6234000   -102908.7718        18.1      -102831.7040       -77.0677 17m45s/Msamples
        6235000   -102912.8721        18.0      -102836.5810       -76.2911 17m45s/Msamples
        6236000   -102913.9288        18.0      -102831.9246       -82.0041 17m45s/Msamples
        6237000   -102903.2032        18.0      -102827.9001       -75.3031 17m45s/Msamples
        6238000   -102900.3343        18.0      -102830.6325       -69.7018 17m45s/Msamples
        6239000   -102904.0717        18.0      -102831.1369       -72.9347 17m45s/Msamples
        6240000   -102914.2166        18.0      -102839.1633       -75.0533 17m45s/Msamples
        6241000   -102910.4469        18.0      -102836.6881       -73.7588 17m45s/Msamples
        6242000   -102909.7905        18.0      -102826.7675       -83.0230 17m45s/Msamples
        6243000   -102893.7216        18.0      -102823.6835       -70.0380 17m45s/Msamples
        6244000   -102894.6482        18.0      -102824.5415       -70.1067 17m45s/Msamples
        6245000   -102898.7117        18.0      -102827.9245       -70.7872 17m45s/Msamples
        6246000   -102897.5811        17.9      -102823.5414       -74.0397 17m45s/Msamples
        6247000   -102898.8922        17.9      -102834.3036       -64.5886 17m45s/Msamples
        6248000   -102897.1472        17.9      -102835.1332       -62.0139 17m45s/Msamples
        6249000   -102900.5754        17.9      -102830.7455       -69.8298 17m45s/Msamples
        6250000   -102889.6891        17.9      -102829.4238       -60.2652 17m45s/Msamples
        6251000   -102880.2436        17.9      -102825.4845       -54.7590 17m45s/Msamples
        6252000   -102890.4413        17.8      -102825.8548       -64.5864 17m45s/Msamples
        6253000   -102892.5632        17.8      -102819.7171       -72.8461 17m45s/Msamples
        6254000   -102902.0708        17.8      -102833.9852       -68.0855 17m45s/Msamples
        6255000   -102891.8835        17.8      -102831.1111       -60.7723 17m45s/Msamples
        6256000   -102887.9947        17.8      -102827.2686       -60.7261 17m45s/Msamples
        6257000   -102886.2403        17.8      -102823.8418       -62.3985 17m45s/Msamples
        6258000   -102881.1892        17.8      -102827.4787       -53.7104 17m45s/Msamples
        6259000   -102890.6022        17.7      -102840.7097       -49.8924 17m45s/Msamples
        6260000   -102884.3431        17.7      -102832.0780       -52.2650 17m45s/Msamples
        6261000   -102874.7588        17.7      -102823.6561       -51.1026 17m45s/Msamples
        6262000   -102881.4103        17.7      -102828.6032       -52.8070 17m45s/Msamples
        6263000   -102886.6722        17.7      -102831.7570       -54.9151 17m45s/Msamples
        6264000   -102889.8940        17.7      -102829.9331       -59.9608 17m45s/Msamples
        6265000   -102881.4565        17.6      -102820.6501       -60.8063 17m45s/Msamples
        6266000   -102885.9369        17.6      -102820.9110       -65.0258 17m45s/Msamples
        6267000   -102885.9725        17.6      -102817.1199       -68.8526 17m45s/Msamples
        6268000   -102890.4236        17.6      -102828.3253       -62.0983 17m45s/Msamples
        6269000   -102898.3018        17.6      -102835.8771       -62.4247 17m45s/Msamples
        6270000   -102888.2601        17.6      -102827.6277       -60.6323 17m45s/Msamples
        6271000   -102898.8985        17.5      -102833.9872       -64.9113 17m45s/Msamples
        6272000   -102891.2970        17.5      -102840.4858       -50.8111 17m45s/Msamples
        6273000   -102892.1341        17.5      -102827.8467       -64.2873 17m45s/Msamples
        6274000   -102885.5918        17.5      -102820.8394       -64.7524 17m45s/Msamples
        6275000   -102897.6087        17.5      -102829.2878       -68.3209 17m45s/Msamples
        6276000   -102899.7408        17.5      -102828.2821       -71.4587 17m45s/Msamples
        6277000   -102896.6415        17.5      -102824.7528       -71.8887 17m45s/Msamples
        6278000   -102893.7707        17.4      -102826.4752       -67.2955 17m45s/Msamples
        6279000   -102899.9435        17.4      -102825.4927       -74.4508 17m45s/Msamples
        6280000   -102908.9660        17.4      -102829.4417       -79.5242 17m45s/Msamples
        6281000   -102908.4580        17.4      -102829.3609       -79.0970 17m45s/Msamples
        6282000   -102916.0548        17.4      -102834.5929       -81.4619 17m45s/Msamples
        6283000   -102903.7364        17.4      -102831.7372       -71.9991 17m45s/Msamples
        6284000   -102906.4561        17.4      -102835.7909       -70.6651 17m45s/Msamples
        6285000   -102909.2988        17.4      -102842.1211       -67.1776 17m45s/Msamples
        6286000   -102910.5634        17.4      -102838.9763       -71.5870 17m45s/Msamples
        6287000   -102898.5499        17.4      -102825.6948       -72.8551 17m45s/Msamples
        6288000   -102897.1676        17.4      -102828.5730       -68.5946 17m45s/Msamples
        6289000   -102901.8322        17.4      -102831.7414       -70.0907 17m45s/Msamples
        6290000   -102906.5843        17.4      -102831.4945       -75.0897 17m45s/Msamples
        6291000   -102904.6265        17.3      -102831.1217       -73.5047 17m45s/Msamples
        6292000   -102888.7939        17.3      -102826.4627       -62.3311 17m45s/Msamples
        6293000   -102897.5638        17.3      -102829.4478       -68.1159 17m45s/Msamples
        6294000   -102916.7145        17.3      -102836.5465       -80.1679 17m45s/Msamples
        6295000   -102910.7215        17.3      -102839.8784       -70.8430 17m45s/Msamples
        6296000   -102910.1702        17.3      -102831.3016       -78.8686 17m45s/Msamples
        6297000   -102907.5594        17.3      -102834.0088       -73.5506 17m45s/Msamples
        6298000   -102915.0241        17.3      -102832.6488       -82.3753 17m45s/Msamples
        6299000   -102899.6771        17.3      -102833.2646       -66.4125 17m45s/Msamples
        6300000   -102901.8561        17.3      -102830.2817       -71.5744 17m45s/Msamples
        6301000   -102907.0300        17.3      -102829.7006       -77.3293 17m45s/Msamples
        6302000   -102924.7821        17.3      -102837.1779       -87.6042 17m45s/Msamples
        6303000   -102934.4004        17.3      -102840.0696       -94.3308 17m45s/Msamples
        6304000   -102938.1279        17.3      -102836.9876      -101.1403 17m45s/Msamples
        6305000   -102929.9239        17.3      -102834.3507       -95.5731 17m45s/Msamples
        6306000   -102924.6697        17.3      -102833.8334       -90.8362 17m45s/Msamples
        6307000   -102918.4051        17.3      -102837.4453       -80.9597 17m45s/Msamples
        6308000   -102915.4963        17.3      -102833.8521       -81.6442 17m45s/Msamples
        6309000   -102901.8697        17.3      -102830.4217       -71.4480 17m45s/Msamples
        6310000   -102902.4836        17.3      -102832.8021       -69.6814 17m45s/Msamples
        6311000   -102912.0394        17.3      -102837.0681       -74.9713 17m45s/Msamples
        6312000   -102908.9209        17.3      -102829.4853       -79.4355 17m45s/Msamples
        6313000   -102901.7304        17.3      -102834.3717       -67.3587 17m45s/Msamples
        6314000   -102902.7026        17.3      -102831.5660       -71.1366 17m45s/Msamples
        6315000   -102911.2075        17.3      -102839.8982       -71.3092 17m45s/Msamples
        6316000   -102911.2308        17.3      -102834.1421       -77.0886 17m45s/Msamples
        6317000   -102921.1727        17.3      -102839.6756       -81.4971 17m45s/Msamples
        6318000   -102911.1438        17.3      -102834.6247       -76.5190 17m45s/Msamples
        6319000   -102908.5204        17.3      -102832.4638       -76.0566 17m45s/Msamples
        6320000   -102925.3348        17.3      -102827.1586       -98.1762 17m45s/Msamples
        6321000   -102906.2961        17.3      -102829.0113       -77.2847 17m45s/Msamples
        6322000   -102909.5706        17.3      -102830.6913       -78.8792 17m45s/Msamples
        6323000   -102901.0586        17.3      -102828.8815       -72.1770 17m45s/Msamples
        6324000   -102906.4323        17.3      -102830.6580       -75.7742 17m45s/Msamples
        6325000   -102906.8371        17.2      -102835.6355       -71.2015 17m45s/Msamples
        6326000   -102910.8055        17.2      -102839.0132       -71.7922 17m45s/Msamples
        6327000   -102904.9740        17.2      -102836.0756       -68.8983 17m45s/Msamples
        6328000   -102896.5717        17.2      -102830.1937       -66.3779 17m45s/Msamples
        6329000   -102903.8125        17.2      -102830.2313       -73.5811 17m45s/Msamples
        6330000   -102906.5263        17.2      -102827.7882       -78.7380 17m45s/Msamples
        6331000   -102918.7359        17.2      -102833.8510       -84.8848 17m45s/Msamples
        6332000   -102911.3218        17.2      -102830.2089       -81.1128 17m45s/Msamples
        6333000   -102922.4760        17.2      -102840.7018       -81.7742 17m45s/Msamples
        6334000   -102920.7103        17.2      -102831.2685       -89.4417 17m45s/Msamples
        6335000   -102932.9201        17.2      -102836.4903       -96.4297 17m45s/Msamples
        6336000   -102918.1843        17.2      -102833.7704       -84.4138 17m45s/Msamples
        6337000   -102899.6120        17.2      -102827.4567       -72.1553 17m45s/Msamples
        6338000   -102906.7258        17.2      -102832.3310       -74.3947 17m45s/Msamples
        6339000   -102919.6795        17.2      -102829.8895       -89.7899 17m45s/Msamples
        6340000   -102913.6986        17.2      -102829.2980       -84.4005 17m45s/Msamples
        6341000   -102903.4017        17.2      -102826.8836       -76.5180 17m45s/Msamples
        6342000   -102895.9279        17.2      -102825.7834       -70.1445 17m45s/Msamples
        6343000   -102913.8803        17.2      -102830.3504       -83.5299 17m45s/Msamples
        6344000   -102915.4715        17.2      -102829.1028       -86.3687 17m45s/Msamples
        6345000   -102927.4881        17.2      -102831.1100       -96.3781 17m45s/Msamples
        6346000   -102925.6399        17.2      -102832.8577       -92.7822 17m45s/Msamples
        6347000   -102916.7944        17.2      -102830.4111       -86.3832 17m45s/Msamples
        6348000   -102914.4397        17.2      -102833.1254       -81.3143 17m45s/Msamples
        6349000   -102911.2243        17.2      -102834.7492       -76.4750 17m45s/Msamples
        6350000   -102909.9186        17.2      -102831.0576       -78.8610 17m45s/Msamples
        6351000   -102898.0159        17.2      -102831.5532       -66.4627 17m45s/Msamples
        6352000   -102897.4026        17.2      -102833.0519       -64.3507 17m45s/Msamples
        6353000   -102897.8252        17.2      -102829.5201       -68.3050 17m45s/Msamples
        6354000   -102890.5164        17.1      -102824.6290       -65.8873 17m45s/Msamples
        6355000   -102895.9376        17.1      -102828.2834       -67.6542 17m45s/Msamples
        6356000   -102898.4184        17.1      -102834.0087       -64.4096 17m45s/Msamples
        6357000   -102901.7994        17.1      -102833.7393       -68.0600 17m45s/Msamples
        6358000   -102898.3298        17.1      -102832.9146       -65.4152 17m45s/Msamples
        6359000   -102915.0367        17.1      -102842.2884       -72.7482 17m45s/Msamples
        6360000   -102912.4948        17.1      -102837.8736       -74.6212 17m45s/Msamples
        6361000   -102904.3514        17.1      -102836.6050       -67.7464 17m45s/Msamples
        6362000   -102903.6078        17.1      -102834.6630       -68.9448 17m45s/Msamples
        6363000   -102903.5114        17.1      -102833.4497       -70.0616 17m45s/Msamples
        6364000   -102899.7989        17.1      -102838.3476       -61.4513 17m45s/Msamples
        6365000   -102906.2805        17.1      -102839.8491       -66.4314 17m45s/Msamples
        6366000   -102906.7909        17.1      -102833.9638       -72.8270 17m45s/Msamples
        6367000   -102910.4362        17.1      -102831.8348       -78.6014 17m45s/Msamples
        6368000   -102914.9440        17.0      -102836.8821       -78.0618 17m45s/Msamples
        6369000   -102910.4598        17.0      -102835.9287       -74.5311 17m45s/Msamples
        6370000   -102916.0254        17.0      -102838.6828       -77.3425 17m45s/Msamples
        6371000   -102915.4754        17.0      -102843.1900       -72.2854 17m45s/Msamples
        6372000   -102924.7540        17.0      -102848.5485       -76.2054 17m45s/Msamples
        6373000   -102921.6794        17.1      -102839.3180       -82.3613 17m45s/Msamples
        6374000   -102921.7424        17.1      -102840.6254       -81.1170 17m45s/Msamples
        6375000   -102916.6895        17.1      -102837.0341       -79.6553 17m45s/Msamples
        6376000   -102895.7971        17.0      -102827.9792       -67.8179 17m45s/Msamples
        6377000   -102901.3584        17.0      -102831.0531       -70.3053 17m45s/Msamples
        6378000   -102892.2807        17.0      -102828.3842       -63.8964 17m45s/Msamples
        6379000   -102875.3732        17.0      -102821.2331       -54.1401 17m45s/Msamples
        6380000   -102880.5998        17.0      -102822.4849       -58.1148 17m45s/Msamples
        6381000   -102877.4816        17.0      -102826.2557       -51.2259 17m45s/Msamples
        6382000   -102890.2751        16.9      -102834.1766       -56.0984 17m45s/Msamples
        6383000   -102890.7968        16.9      -102830.6537       -60.1430 17m45s/Msamples
        6384000   -102888.1283        16.9      -102830.5793       -57.5489 17m45s/Msamples
        6385000   -102879.9241        16.9      -102829.2729       -50.6512 17m45s/Msamples
        6386000   -102870.6813        16.9      -102825.5463       -45.1349 17m45s/Msamples
        6387000   -102888.6261        16.8      -102831.2163       -57.4098 17m45s/Msamples
        6388000   -102888.9295        16.8      -102828.4528       -60.4766 17m45s/Msamples
        6389000   -102883.1668        16.8      -102827.3565       -55.8103 17m45s/Msamples
        6390000   -102889.4049        16.8      -102826.6793       -62.7256 17m45s/Msamples
        6391000   -102894.3584        16.8      -102829.5802       -64.7781 17m45s/Msamples
        6392000   -102884.1707        16.8      -102821.9908       -62.1798 17m45s/Msamples
        6393000   -102876.6199        16.7      -102822.1508       -54.4691 17m45s/Msamples
        6394000   -102888.4839        16.7      -102830.7094       -57.7744 17m45s/Msamples
        6395000   -102891.3345        16.7      -102828.2935       -63.0409 17m45s/Msamples
        6396000   -102883.3889        16.7      -102823.8557       -59.5332 17m45s/Msamples
        6397000   -102879.6668        16.7      -102821.6022       -58.0646 17m45s/Msamples
        6398000   -102882.3731        16.7      -102821.7122       -60.6608 17m45s/Msamples
        6399000   -102883.5519        16.6      -102823.7917       -59.7602 17m45s/Msamples
        6400000   -102873.7544        16.6      -102818.9752       -54.7791 17m45s/Msamples
        6401000   -102869.7757        16.6      -102816.8142       -52.9615 17m45s/Msamples
        6402000   -102865.3811        16.6      -102819.3110       -46.0700 17m45s/Msamples
        6403000   -102866.2646        16.6      -102812.1766       -54.0880 17m45s/Msamples
        6404000   -102877.5007        16.6      -102828.2143       -49.2863 17m45s/Msamples
        6405000   -102868.8488        16.5      -102823.3243       -45.5244 17m45s/Msamples
        6406000   -102886.2298        16.5      -102822.8975       -63.3323 17m45s/Msamples
        6407000   -102885.4661        16.5      -102822.4186       -63.0474 17m45s/Msamples
        6408000   -102865.8536        16.5      -102817.6432       -48.2103 17m45s/Msamples
        6409000   -102870.4940        16.5      -102820.1799       -50.3141 17m45s/Msamples
        6410000   -102877.4677        16.5      -102831.4439       -46.0237 17m45s/Msamples
        6411000   -102864.9531        16.5      -102822.0147       -42.9383 17m45s/Msamples
        6412000   -102872.0773        16.4      -102818.3807       -53.6965 17m45s/Msamples
        6413000   -102874.7050        16.4      -102823.4255       -51.2794 17m45s/Msamples
        6414000   -102861.6814        16.4      -102809.7363       -51.9450 17m45s/Msamples
        6415000   -102858.6131        16.4      -102814.3185       -44.2946 17m45s/Msamples
        6416000   -102870.3277        16.4      -102819.6995       -50.6282 17m45s/Msamples
        6417000   -102864.6110        16.3      -102820.5887       -44.0223 17m45s/Msamples
        6418000   -102870.3434        16.3      -102822.1317       -48.2117 17m45s/Msamples
        6419000   -102884.6129        16.3      -102826.2976       -58.3153 17m45s/Msamples
        6420000   -102869.0729        16.3      -102819.3101       -49.7627 17m45s/Msamples
        6421000   -102872.6653        16.3      -102818.2378       -54.4275 17m45s/Msamples
        6422000   -102870.5535        16.3      -102815.3626       -55.1909 17m45s/Msamples
        6423000   -102878.5169        16.2      -102821.8556       -56.6612 17m45s/Msamples
        6424000   -102885.6470        16.2      -102823.8315       -61.8154 17m45s/Msamples
        6425000   -102873.9912        16.2      -102821.4341       -52.5571 17m45s/Msamples
        6426000   -102859.6562        16.2      -102809.9623       -49.6939 17m45s/Msamples
        6427000   -102883.0791        16.2      -102816.0162       -67.0628 17m45s/Msamples
        6428000   -102876.3417        16.2      -102816.8921       -59.4496 17m45s/Msamples
        6429000   -102879.5156        16.1      -102814.6410       -64.8745 17m45s/Msamples
        6430000   -102871.8293        16.1      -102814.8255       -57.0038 17m45s/Msamples
        6431000   -102879.8589        16.1      -102818.8881       -60.9707 17m45s/Msamples
        6432000   -102888.8739        16.1      -102825.1765       -63.6973 17m45s/Msamples
        6433000   -102886.2122        16.1      -102825.2144       -60.9977 17m45s/Msamples
        6434000   -102906.0870        16.1      -102832.8335       -73.2534 17m45s/Msamples
        6435000   -102897.7977        16.1      -102832.0255       -65.7721 17m45s/Msamples
        6436000   -102902.6948        16.1      -102829.0247       -73.6700 17m45s/Msamples
        6437000   -102904.2943        16.1      -102832.7644       -71.5298 17m45s/Msamples
        6438000   -102898.5440        16.0      -102831.7448       -66.7991 17m45s/Msamples
        6439000   -102891.3568        16.0      -102823.0685       -68.2882 17m45s/Msamples
        6440000   -102893.1996        16.0      -102819.8493       -73.3502 17m45s/Msamples
        6441000   -102919.8179        16.0      -102841.4607       -78.3572 17m45s/Msamples
        6442000   -102912.0633        16.0      -102839.6676       -72.3956 17m45s/Msamples
        6443000   -102902.7237        16.0      -102829.4944       -73.2293 17m45s/Msamples
        6444000   -102906.0507        16.0      -102829.2701       -76.7806 17m45s/Msamples
        6445000   -102907.2612        16.0      -102829.9966       -77.2646 17m45s/Msamples
        6446000   -102914.1754        16.0      -102834.5725       -79.6028 17m45s/Msamples
        6447000   -102924.1713        16.0      -102831.9587       -92.2126 17m45s/Msamples
        6448000   -102927.9422        16.0      -102839.4900       -88.4521 17m45s/Msamples
        6449000   -102920.0294        16.0      -102846.2001       -73.8293 17m45s/Msamples
        6450000   -102922.5943        16.0      -102838.9421       -83.6521 17m45s/Msamples
        6451000   -102916.3672        16.0      -102839.3973       -76.9698 17m45s/Msamples
        6452000   -102911.7207        16.0      -102838.3731       -73.3475 17m45s/Msamples
        6453000   -102911.7715        16.0      -102834.1323       -77.6391 17m45s/Msamples
        6454000   -102919.8697        16.0      -102842.9244       -76.9453 17m45s/Msamples
        6455000   -102904.6160        16.0      -102844.7151       -59.9009 17m45s/Msamples
        6456000   -102902.9289        16.0      -102842.6738       -60.2550 17m45s/Msamples
        6457000   -102910.8906        16.0      -102844.9057       -65.9848 17m45s/Msamples
        6458000   -102907.4384        16.0      -102844.2336       -63.2048 17m45s/Msamples
        6459000   -102902.9379        16.0      -102839.3954       -63.5425 17m45s/Msamples
        6460000   -102900.8747        16.0      -102836.3713       -64.5034 17m45s/Msamples
        6461000   -102897.5715        16.0      -102840.4309       -57.1406 17m45s/Msamples
        6462000   -102903.3915        16.0      -102834.4203       -68.9711 17m45s/Msamples
        6463000   -102904.8849        15.9      -102838.6094       -66.2754 17m45s/Msamples
        6464000   -102895.3620        15.9      -102832.3027       -63.0593 17m45s/Msamples
        6465000   -102878.0699        15.9      -102827.5121       -50.5578 17m45s/Msamples
        6466000   -102886.3741        15.9      -102827.7596       -58.6144 17m45s/Msamples
        6467000   -102883.4687        15.9      -102821.1048       -62.3638 17m45s/Msamples
        6468000   -102897.6287        15.9      -102827.0473       -70.5814 17m45s/Msamples
        6469000   -102905.2974        15.9      -102827.1397       -78.1576 17m45s/Msamples
        6470000   -102908.5328        15.9      -102829.7452       -78.7876 17m45s/Msamples
        6471000   -102907.6024        15.9      -102836.7752       -70.8272 17m45s/Msamples
        6472000   -102913.8305        15.9      -102837.9200       -75.9105 17m45s/Msamples
        6473000   -102908.3962        15.9      -102827.9200       -80.4762 17m45s/Msamples
        6474000   -102906.2958        15.8      -102825.5966       -80.6992 17m45s/Msamples
        6475000   -102888.7870        15.8      -102819.7436       -69.0434 17m45s/Msamples
        6476000   -102892.0189        15.8      -102821.3727       -70.6462 17m45s/Msamples
        6477000   -102896.8386        15.8      -102822.4453       -74.3933 17m45s/Msamples
        6478000   -102902.2222        15.8      -102827.6793       -74.5428 17m45s/Msamples
        6479000   -102905.8450        15.8      -102827.3133       -78.5317 17m45s/Msamples
        6480000   -102904.3866        15.8      -102826.8487       -77.5379 17m45s/Msamples
        6481000   -102924.7827        15.8      -102828.4127       -96.3700 17m45s/Msamples
        6482000   -102924.2645        15.8      -102829.5960       -94.6685 17m45s/Msamples
        6483000   -102911.2891        15.8      -102831.9346       -79.3544 17m45s/Msamples
        6484000   -102907.5786        15.8      -102826.7326       -80.8459 17m45s/Msamples
        6485000   -102895.5891        15.8      -102822.0684       -73.5207 17m45s/Msamples
        6486000   -102898.9060        15.8      -102820.6235       -78.2825 17m45s/Msamples
        6487000   -102886.9292        15.8      -102817.5712       -69.3579 17m45s/Msamples
        6488000   -102905.2157        15.8      -102825.5323       -79.6833 17m45s/Msamples
        6489000   -102911.8864        15.8      -102829.9215       -81.9649 17m45s/Msamples
        6490000   -102917.2203        15.8      -102828.3659       -88.8544 17m45s/Msamples
        6491000   -102907.5372        15.7      -102822.7191       -84.8180 17m45s/Msamples
        6492000   -102917.3317        15.7      -102835.1795       -82.1522 17m45s/Msamples
        6493000   -102922.1320        15.8      -102834.1257       -88.0063 17m45s/Msamples
        6494000   -102906.1786        15.7      -102817.5624       -88.6162 17m45s/Msamples
        6495000   -102898.4507        15.7      -102816.5091       -81.9416 17m45s/Msamples
        6496000   -102893.8812        15.7      -102816.7112       -77.1700 17m45s/Msamples
        6497000   -102912.6932        15.7      -102824.3600       -88.3332 17m45s/Msamples
        6498000   -102910.9432        15.7      -102825.1914       -85.7517 17m45s/Msamples
        6499000   -102907.0481        15.7      -102822.6103       -84.4378 17m45s/Msamples
        6500000   -102915.2988        15.7      -102826.8340       -88.4648 17m45s/Msamples
        6501000   -102926.9147        15.7      -102829.6925       -97.2221 17m45s/Msamples
        6502000   -102914.8450        15.7      -102820.4319       -94.4130 17m45s/Msamples
        6503000   -102917.6210        15.7      -102825.6638       -91.9572 17m45s/Msamples
        6504000   -102906.7245        15.7      -102823.6290       -83.0955 17m45s/Msamples
        6505000   -102913.6988        15.7      -102818.7192       -94.9795 17m45s/Msamples
        6506000   -102918.5548        15.7      -102829.4793       -89.0755 17m45s/Msamples
        6507000   -102913.9545        15.7      -102826.5484       -87.4060 17m45s/Msamples
        6508000   -102915.0160        15.7      -102829.3109       -85.7050 17m45s/Msamples
        6509000   -102912.7190        15.7      -102829.9585       -82.7605 17m45s/Msamples
        6510000   -102925.2323        15.7      -102835.6951       -89.5372 17m45s/Msamples
        6511000   -102911.3831        15.7      -102826.9866       -84.3964 17m45s/Msamples
        6512000   -102920.5229        15.7      -102833.9248       -86.5981 17m45s/Msamples
        6513000   -102924.3299        15.7      -102834.6564       -89.6734 17m45s/Msamples
        6514000   -102921.5421        15.7      -102831.6700       -89.8721 17m45s/Msamples
        6515000   -102929.9881        15.8      -102840.7000       -89.2880 17m45s/Msamples
        6516000   -102936.5150        15.8      -102838.7036       -97.8114 17m45s/Msamples
        6517000   -102918.7552        15.8      -102832.7694       -85.9858 17m45s/Msamples
        6518000   -102916.8920        15.8      -102831.1628       -85.7292 17m45s/Msamples
        6519000   -102915.5420        15.8      -102831.0114       -84.5305 17m45s/Msamples
        6520000   -102929.7700        15.8      -102835.4210       -94.3490 17m45s/Msamples
        6521000   -102935.4522        15.8      -102844.8156       -90.6366 17m45s/Msamples
        6522000   -102930.7601        15.8      -102839.4980       -91.2620 17m45s/Msamples
        6523000   -102935.3756        15.8      -102844.3839       -90.9917 17m45s/Msamples
        6524000   -102937.4147        15.8      -102841.3023       -96.1123 17m45s/Msamples
        6525000   -102941.3096        15.9      -102844.1427       -97.1669 17m45s/Msamples
        6526000   -102930.2454        15.9      -102842.6659       -87.5795 17m45s/Msamples
        6527000   -102932.2204        15.9      -102841.1140       -91.1064 17m45s/Msamples
        6528000   -102929.2929        15.9      -102836.3293       -92.9636 17m45s/Msamples
        6529000   -102928.0316        15.9      -102837.0968       -90.9347 17m45s/Msamples
        6530000   -102914.1871        15.9      -102830.8950       -83.2921 17m45s/Msamples
        6531000   -102922.5916        15.9      -102828.2299       -94.3617 17m45s/Msamples
        6532000   -102924.6037        15.9      -102832.8259       -91.7778 17m45s/Msamples
        6533000   -102902.7645        15.9      -102824.1387       -78.6258 17m45s/Msamples
        6534000   -102915.3877        15.9      -102835.4514       -79.9363 17m45s/Msamples
        6535000   -102913.6446        15.9      -102835.2151       -78.4295 17m45s/Msamples
        6536000   -102916.0115        15.9      -102834.6199       -81.3916 17m45s/Msamples
        6537000   -102917.2026        15.9      -102825.5158       -91.6867 17m45s/Msamples
        6538000   -102935.0365        15.9      -102832.5087      -102.5278 17m45s/Msamples
        6539000   -102931.0626        16.0      -102830.4123      -100.6503 17m45s/Msamples
        6540000   -102932.4317        16.0      -102835.1875       -97.2441 17m45s/Msamples
        6541000   -102936.2730        16.0      -102837.5030       -98.7699 17m45s/Msamples
        6542000   -102938.9777        16.0      -102839.5814       -99.3962 17m45s/Msamples
        6543000   -102945.4237        16.0      -102834.3445      -111.0791 17m45s/Msamples
        6544000   -102932.9020        16.0      -102829.9478      -102.9542 17m45s/Msamples
        6545000   -102932.9425        16.1      -102834.2584       -98.6840 17m45s/Msamples
        6546000   -102932.5210        16.1      -102834.2972       -98.2237 17m45s/Msamples
        6547000   -102923.4602        16.1      -102829.2288       -94.2313 17m45s/Msamples
        6548000   -102916.5535        16.1      -102829.5340       -87.0195 17m45s/Msamples
        6549000   -102924.2241        16.1      -102838.4226       -85.8014 17m45s/Msamples
        6550000   -102928.0861        16.1      -102837.2563       -90.8297 17m45s/Msamples
        6551000   -102929.9434        16.1      -102844.8906       -85.0528 17m45s/Msamples
        6552000   -102921.5775        16.1      -102836.3962       -85.1812 17m45s/Msamples
        6553000   -102928.7147        16.1      -102833.6880       -95.0267 17m45s/Msamples
        6554000   -102916.8404        16.1      -102835.3276       -81.5128 17m45s/Msamples
        6555000   -102916.4666        16.1      -102835.8313       -80.6353 17m45s/Msamples
        6556000   -102920.3324        16.1      -102841.1194       -79.2129 17m45s/Msamples
        6557000   -102923.1002        16.1      -102837.9833       -85.1169 17m45s/Msamples
        6558000   -102908.8187        16.1      -102827.3074       -81.5112 17m45s/Msamples
        6559000   -102921.8454        16.1      -102841.3994       -80.4460 17m45s/Msamples
        6560000   -102906.0779        16.1      -102831.8323       -74.2456 17m45s/Msamples
        6561000   -102911.7794        16.1      -102830.9038       -80.8756 17m45s/Msamples
        6562000   -102911.8197        16.1      -102826.7156       -85.1040 17m45s/Msamples
        6563000   -102912.7409        16.1      -102826.6436       -86.0972 17m45s/Msamples
        6564000   -102912.3568        16.1      -102832.6401       -79.7167 17m45s/Msamples
        6565000   -102900.7595        16.1      -102823.5038       -77.2557 17m45s/Msamples
        6566000   -102914.9223        16.1      -102824.9942       -89.9280 17m45s/Msamples
        6567000   -102898.3140        16.1      -102818.4905       -79.8234 17m45s/Msamples
        6568000   -102891.0079        16.1      -102821.5018       -69.5061 17m45s/Msamples
        6569000   -102887.8665        16.1      -102815.2229       -72.6436 17m45s/Msamples
        6570000   -102891.5336        16.1      -102819.0570       -72.4766 17m45s/Msamples
        6571000   -102892.2885        16.1      -102816.7332       -75.5552 17m45s/Msamples
        6572000   -102897.2007        16.1      -102815.1532       -82.0474 17m45s/Msamples
        6573000   -102890.2885        16.1      -102812.1556       -78.1329 17m45s/Msamples
        6574000   -102892.2424        16.1      -102818.7867       -73.4556 17m45s/Msamples
        6575000   -102901.1535        16.0      -102818.2785       -82.8750 17m45s/Msamples
        6576000   -102898.1172        16.0      -102814.1968       -83.9203 17m45s/Msamples
        6577000   -102898.5537        16.0      -102819.7340       -78.8196 17m45s/Msamples
        6578000   -102898.4382        16.0      -102823.5780       -74.8601 17m45s/Msamples
        6579000   -102897.9923        16.0      -102827.9030       -70.0892 17m45s/Msamples
        6580000   -102903.1800        16.0      -102829.8465       -73.3335 17m45s/Msamples
        6581000   -102894.2235        16.0      -102823.0390       -71.1844 17m45s/Msamples
        6582000   -102893.3470        16.0      -102823.2154       -70.1316 17m45s/Msamples
        6583000   -102893.8490        16.0      -102820.9720       -72.8770 17m45s/Msamples
        6584000   -102906.5344        16.0      -102828.9593       -77.5750 17m45s/Msamples
        6585000   -102907.2298        16.0      -102824.7303       -82.4995 17m45s/Msamples
        6586000   -102920.0926        16.0      -102830.0726       -90.0199 17m45s/Msamples
        6587000   -102911.4651        16.0      -102832.3119       -79.1532 17m45s/Msamples
        6588000   -102917.4345        16.0      -102836.8278       -80.6067 17m45s/Msamples
        6589000   -102913.7194        16.0      -102835.3960       -78.3233 17m45s/Msamples
        6590000   -102921.1550        16.0      -102832.7965       -88.3584 17m45s/Msamples
        6591000   -102918.6124        16.0      -102828.8663       -89.7460 17m45s/Msamples
        6592000   -102913.2204        16.0      -102830.4447       -82.7756 17m45s/Msamples
        6593000   -102905.1292        16.0      -102821.5061       -83.6230 17m45s/Msamples
        6594000   -102889.1603        16.0      -102820.8185       -68.3417 17m45s/Msamples
        6595000   -102906.3888        16.0      -102823.3732       -83.0156 17m45s/Msamples
        6596000   -102906.6880        16.0      -102822.4972       -84.1908 17m45s/Msamples
        6597000   -102905.5108        16.0      -102820.3212       -85.1895 17m45s/Msamples
        6598000   -102913.6226        16.0      -102824.9219       -88.7006 17m45s/Msamples
        6599000   -102915.8793        16.0      -102826.9807       -88.8986 17m45s/Msamples
        6600000   -102916.9598        16.0      -102825.5279       -91.4319 17m45s/Msamples
        6601000   -102906.9474        16.0      -102820.1891       -86.7583 17m45s/Msamples
        6602000   -102906.1508        16.0      -102817.8435       -88.3072 17m45s/Msamples
        6603000   -102907.1316        16.0      -102817.9833       -89.1482 17m45s/Msamples
        6604000   -102891.4230        15.9      -102811.5175       -79.9055 17m45s/Msamples
        6605000   -102896.0405        15.9      -102816.8170       -79.2234 17m45s/Msamples
        6606000   -102909.3117        15.9      -102822.1084       -87.2033 17m45s/Msamples
        6607000   -102913.6861        15.9      -102827.5907       -86.0954 17m45s/Msamples
        6608000   -102916.2550        15.9      -102823.1708       -93.0841 17m45s/Msamples
        6609000   -102916.1465        15.9      -102826.0149       -90.1315 17m45s/Msamples
        6610000   -102922.8222        15.9      -102823.7789       -99.0432 17m45s/Msamples
        6611000   -102932.5940        16.0      -102829.3370      -103.2569 17m45s/Msamples
        6612000   -102924.6828        16.0      -102826.0282       -98.6545 17m45s/Msamples
        6613000   -102908.8268        16.0      -102822.6091       -86.2176 17m45s/Msamples
        6614000   -102899.6018        16.0      -102816.5130       -83.0887 17m45s/Msamples
        6615000   -102922.9689        16.0      -102830.7211       -92.2478 17m45s/Msamples
        6616000   -102923.2966        16.0      -102832.0768       -91.2198 17m45s/Msamples
        6617000   -102931.7064        16.0      -102836.3575       -95.3488 17m45s/Msamples
        6618000   -102932.8464        16.0      -102837.8722       -94.9741 17m45s/Msamples
        6619000   -102930.7933        16.0      -102833.7133       -97.0800 17m45s/Msamples
        6620000   -102923.4356        16.0      -102832.5929       -90.8427 17m45s/Msamples
        6621000   -102912.4060        16.0      -102828.1322       -84.2737 17m45s/Msamples
        6622000   -102915.5121        16.0      -102827.0571       -88.4549 17m45s/Msamples
        6623000   -102923.4193        16.0      -102830.1320       -93.2873 17m45s/Msamples
        6624000   -102930.1360        16.0      -102825.4212      -104.7148 17m45s/Msamples
        6625000   -102916.7784        16.0      -102820.6303       -96.1480 17m45s/Msamples
        6626000   -102930.0277        16.0      -102829.3238      -100.7038 17m45s/Msamples
        6627000   -102916.4466        16.0      -102825.2969       -91.1496 17m45s/Msamples
        6628000   -102927.6659        16.0      -102832.7668       -94.8990 17m45s/Msamples
        6629000   -102929.4267        16.1      -102831.4941       -97.9325 17m45s/Msamples
        6630000   -102926.4101        16.1      -102827.6125       -98.7975 17m45s/Msamples
        6631000   -102930.8245        16.1      -102833.3521       -97.4724 17m45s/Msamples
        6632000   -102928.3222        16.1      -102835.4574       -92.8647 17m45s/Msamples
        6633000   -102930.4691        16.1      -102823.4474      -107.0217 17m45s/Msamples
        6634000   -102927.2499        16.1      -102832.5566       -94.6932 17m45s/Msamples
        6635000   -102923.6963        16.1      -102832.1895       -91.5067 17m45s/Msamples
        6636000   -102938.3854        16.1      -102839.2617       -99.1236 17m45s/Msamples
        6637000   -102929.5222        16.1      -102834.1394       -95.3827 17m45s/Msamples
        6638000   -102924.1430        16.1      -102833.3825       -90.7604 17m45s/Msamples
        6639000   -102924.3363        16.1      -102835.7423       -88.5939 17m45s/Msamples
        6640000   -102918.0954        16.1      -102831.1655       -86.9298 17m45s/Msamples
        6641000   -102916.1468        16.1      -102826.0229       -90.1239 17m45s/Msamples
        6642000   -102941.3171        16.2      -102831.7810      -109.5360 17m45s/Msamples
        6643000   -102939.6873        16.2      -102830.8977      -108.7896 17m45s/Msamples
        6644000   -102936.2020        16.2      -102833.1731      -103.0288 17m45s/Msamples
        6645000   -102934.0610        16.2      -102828.5367      -105.5242 17m45s/Msamples
        6646000   -102935.4124        16.2      -102828.7153      -106.6971 17m45s/Msamples
        6647000   -102920.9414        16.2      -102829.6756       -91.2658 17m45s/Msamples
        6648000   -102915.5060        16.2      -102834.1649       -81.3411 17m45s/Msamples
        6649000   -102908.9820        16.2      -102838.4747       -70.5072 17m45s/Msamples
        6650000   -102897.1323        16.2      -102827.4413       -69.6910 17m45s/Msamples
        6651000   -102896.6259        16.2      -102823.4632       -73.1626 17m45s/Msamples
        6652000   -102898.5598        16.2      -102829.0719       -69.4878 17m45s/Msamples
        6653000   -102906.5594        16.2      -102829.7473       -76.8120 17m45s/Msamples
        6654000   -102920.1354        16.2      -102831.2237       -88.9116 17m45s/Msamples
        6655000   -102915.1156        16.2      -102833.0227       -82.0928 17m45s/Msamples
        6656000   -102914.9164        16.2      -102833.0889       -81.8274 17m45s/Msamples
        6657000   -102909.2448        16.2      -102828.4437       -80.8011 17m45s/Msamples
        6658000   -102922.9991        16.2      -102835.1674       -87.8317 17m45s/Msamples
        6659000   -102937.2690        16.2      -102841.9412       -95.3278 17m45s/Msamples
        6660000   -102922.9246        16.2      -102841.3938       -81.5307 17m45s/Msamples
        6661000   -102921.6820        16.2      -102834.5017       -87.1802 17m45s/Msamples
        6662000   -102923.1084        16.2      -102836.3680       -86.7403 17m45s/Msamples
        6663000   -102911.6758        16.2      -102832.3384       -79.3373 17m45s/Msamples
        6664000   -102903.7650        16.2      -102832.7291       -71.0359 17m45s/Msamples
        6665000   -102913.4341        16.2      -102829.7278       -83.7063 17m45s/Msamples
        6666000   -102901.8275        16.2      -102828.7463       -73.0812 17m45s/Msamples
        6667000   -102900.8855        16.2      -102827.9960       -72.8894 17m45s/Msamples
        6668000   -102908.8702        16.2      -102828.9918       -79.8784 17m45s/Msamples
        6669000   -102909.6693        16.2      -102832.6410       -77.0283 17m45s/Msamples
        6670000   -102929.8889        16.2      -102831.4124       -98.4764 17m45s/Msamples
        6671000   -102925.2486        16.2      -102832.6035       -92.6451 17m45s/Msamples
        6672000   -102916.1751        16.2      -102826.5047       -89.6704 17m45s/Msamples
        6673000   -102915.5356        16.2      -102828.7169       -86.8187 17m45s/Msamples
        6674000   -102904.0736        16.2      -102824.4417       -79.6319 17m45s/Msamples
        6675000   -102912.9708        16.2      -102833.1621       -79.8086 17m45s/Msamples
        6676000   -102912.4754        16.2      -102831.3395       -81.1358 17m45s/Msamples
        6677000   -102912.5237        16.2      -102833.7506       -78.7731 17m45s/Msamples
        6678000   -102903.9192        16.2      -102823.1307       -80.7884 17m45s/Msamples
        6679000   -102895.9346        16.2      -102829.2041       -66.7304 17m45s/Msamples
        6680000   -102897.8049        16.2      -102825.8447       -71.9602 17m45s/Msamples
        6681000   -102907.9010        16.2      -102831.4283       -76.4727 17m45s/Msamples
        6682000   -102920.6046        16.2      -102832.1619       -88.4426 17m45s/Msamples
        6683000   -102921.0827        16.2      -102837.4423       -83.6404 17m45s/Msamples
        6684000   -102928.6709        16.2      -102838.1911       -90.4798 17m45s/Msamples
        6685000   -102925.9647        16.2      -102834.3093       -91.6553 17m45s/Msamples
        6686000   -102915.7030        16.3      -102832.8405       -82.8624 17m45s/Msamples
        6687000   -102906.1660        16.2      -102825.7275       -80.4384 17m45s/Msamples
        6688000   -102910.2936        16.2      -102829.1657       -81.1279 17m45s/Msamples
        6689000   -102911.2968        16.2      -102831.9660       -79.3308 17m45s/Msamples
        6690000   -102895.2248        16.2      -102824.3008       -70.9240 17m45s/Msamples
        6691000   -102894.1001        16.2      -102826.4364       -67.6637 17m45s/Msamples
        6692000   -102891.3524        16.2      -102828.7195       -62.6328 17m45s/Msamples
        6693000   -102897.5307        16.2      -102827.6408       -69.8898 17m45s/Msamples
        6694000   -102899.8534        16.2      -102824.4421       -75.4113 17m45s/Msamples
        6695000   -102887.5275        16.2      -102821.0909       -66.4366 17m45s/Msamples
        6696000   -102908.7444        16.2      -102835.7533       -72.9911 17m45s/Msamples
        6697000   -102913.6916        16.2      -102830.1689       -83.5227 17m45s/Msamples
        6698000   -102895.0222        16.2      -102825.0998       -69.9224 17m45s/Msamples
        6699000   -102902.7313        16.2      -102829.4122       -73.3190 17m45s/Msamples
        6700000   -102913.0773        16.2      -102829.3741       -83.7031 17m45s/Msamples
        6701000   -102900.5159        16.2      -102825.8451       -74.6707 17m45s/Msamples
        6702000   -102907.8660        16.2      -102830.0249       -77.8410 17m45s/Msamples
        6703000   -102914.1764        16.2      -102831.9883       -82.1880 17m45s/Msamples
        6704000   -102906.8254        16.2      -102833.5844       -73.2410 17m45s/Msamples
        6705000   -102913.8111        16.2      -102837.3926       -76.4185 17m45s/Msamples
        6706000   -102902.7563        16.2      -102828.7075       -74.0488 17m45s/Msamples
        6707000   -102905.0227        16.2      -102831.4167       -73.6059 17m45s/Msamples
        6708000   -102901.9056        16.2      -102830.9478       -70.9577 17m45s/Msamples
        6709000   -102900.7762        16.2      -102829.0088       -71.7674 17m45s/Msamples
        6710000   -102901.9498        16.2      -102824.9735       -76.9763 17m45s/Msamples
        6711000   -102897.5095        16.2      -102824.7541       -72.7553 17m45s/Msamples
        6712000   -102890.0181        16.2      -102822.8388       -67.1793 17m45s/Msamples
        6713000   -102887.0644        16.2      -102820.3511       -66.7132 17m45s/Msamples
        6714000   -102892.7332        16.2      -102821.7747       -70.9584 17m45s/Msamples
        6715000   -102888.3105        16.2      -102820.6546       -67.6559 17m45s/Msamples
        6716000   -102890.0921        16.1      -102822.7317       -67.3603 17m45s/Msamples
        6717000   -102899.3729        16.1      -102826.9391       -72.4338 17m45s/Msamples
        6718000   -102898.3617        16.1      -102826.2856       -72.0761 17m45s/Msamples
        6719000   -102896.9491        16.1      -102830.7413       -66.2077 17m45s/Msamples
        6720000   -102889.2802        16.1      -102823.2003       -66.0799 17m45s/Msamples
        6721000   -102903.7048        16.1      -102823.2029       -80.5018 17m45s/Msamples
        6722000   -102915.5628        16.1      -102832.9746       -82.5881 17m45s/Msamples
        6723000   -102901.7003        16.1      -102822.5956       -79.1046 17m45s/Msamples
        6724000   -102898.4813        16.1      -102826.5205       -71.9608 17m45s/Msamples
        6725000   -102895.3319        16.1      -102824.1501       -71.1818 17m45s/Msamples
        6726000   -102885.5864        16.1      -102820.0798       -65.5065 17m45s/Msamples
        6727000   -102887.1134        16.1      -102819.6707       -67.4426 17m45s/Msamples
        6728000   -102905.9349        16.1      -102822.0498       -83.8851 17m45s/Msamples
        6729000   -102912.8702        16.1      -102827.8859       -84.9843 17m45s/Msamples
        6730000   -102907.4315        16.1      -102825.6438       -81.7876 17m45s/Msamples
        6731000   -102910.4297        16.1      -102829.1923       -81.2374 17m45s/Msamples
        6732000   -102917.2301        16.1      -102830.8699       -86.3602 17m45s/Msamples
        6733000   -102924.7173        16.1      -102840.9046       -83.8127 17m45s/Msamples
        6734000   -102919.3859        16.1      -102832.1090       -87.2768 17m45s/Msamples
        6735000   -102919.4172        16.1      -102829.5768       -89.8403 17m45s/Msamples
        6736000   -102910.6433        16.1      -102829.2271       -81.4161 17m45s/Msamples
        6737000   -102916.9951        16.1      -102832.4245       -84.5706 17m45s/Msamples
        6738000   -102911.9349        16.1      -102836.0550       -75.8799 17m45s/Msamples
        6739000   -102907.0676        16.1      -102828.6473       -78.4203 17m45s/Msamples
        6740000   -102909.8272        16.1      -102831.8423       -77.9849 17m45s/Msamples
        6741000   -102911.6712        16.1      -102834.5479       -77.1232 17m45s/Msamples
        6742000   -102914.0853        16.1      -102835.2128       -78.8724 17m45s/Msamples
        6743000   -102912.5930        16.1      -102830.2792       -82.3138 17m45s/Msamples
        6744000   -102904.3801        16.1      -102825.7323       -78.6478 17m45s/Msamples
        6745000   -102904.6402        16.1      -102827.6383       -77.0019 17m45s/Msamples
        6746000   -102898.6079        16.1      -102820.7919       -77.8160 17m45s/Msamples
        6747000   -102907.3275        16.1      -102823.2872       -84.0403 17m45s/Msamples
        6748000   -102906.3872        16.1      -102823.3314       -83.0557 17m45s/Msamples
        6749000   -102906.7297        16.1      -102822.7921       -83.9375 17m45s/Msamples
        6750000   -102903.9625        16.1      -102822.5776       -81.3848 17m45s/Msamples
        6751000   -102918.5342        16.1      -102828.6779       -89.8562 17m45s/Msamples
        6752000   -102924.5282        16.1      -102826.1531       -98.3751 17m45s/Msamples
        6753000   -102915.8337        16.1      -102827.0573       -88.7763 17m45s/Msamples
        6754000   -102915.6362        16.1      -102818.5552       -97.0809 17m45s/Msamples
        6755000   -102911.1500        16.1      -102822.9591       -88.1909 17m45s/Msamples
        6756000   -102925.7541        16.1      -102830.5165       -95.2375 17m45s/Msamples
        6757000   -102926.9734        16.1      -102829.9097       -97.0637 17m45s/Msamples
        6758000   -102938.4681        16.1      -102827.1491      -111.3190 17m45s/Msamples
        6759000   -102929.8287        16.1      -102832.2217       -97.6069 17m45s/Msamples
        6760000   -102916.6376        16.1      -102824.9404       -91.6971 17m45s/Msamples
        6761000   -102920.7857        16.1      -102828.1402       -92.6454 17m45s/Msamples
        6762000   -102908.8323        16.1      -102823.4086       -85.4236 17m45s/Msamples
        6763000   -102906.7227        16.1      -102823.2312       -83.4915 17m45s/Msamples
        6764000   -102918.0604        16.1      -102824.6773       -93.3831 17m45s/Msamples
        6765000   -102913.7548        16.1      -102826.6359       -87.1188 17m45s/Msamples
        6766000   -102911.2240        16.1      -102824.8760       -86.3479 17m45s/Msamples
        6767000   -102909.6546        16.1      -102836.0899       -73.5647 17m45s/Msamples
        6768000   -102913.6700        16.1      -102830.7599       -82.9101 17m45s/Msamples
        6769000   -102892.3541        16.1      -102820.6062       -71.7479 17m45s/Msamples
        6770000   -102923.4164        16.1      -102830.4220       -92.9944 17m45s/Msamples
        6771000   -102911.9255        16.1      -102828.8590       -83.0664 17m45s/Msamples
        6772000   -102930.3610        16.1      -102831.6658       -98.6952 17m45s/Msamples
        6773000   -102924.9352        16.2      -102830.7064       -94.2288 17m45s/Msamples
        6774000   -102932.7582        16.2      -102828.3677      -104.3905 17m45s/Msamples
        6775000   -102918.4521        16.2      -102826.4432       -92.0088 17m45s/Msamples
        6776000   -102917.1824        16.2      -102829.0541       -88.1282 17m45s/Msamples
        6777000   -102931.1543        16.2      -102831.3924       -99.7619 17m45s/Msamples
        6778000   -102928.0790        16.2      -102832.8070       -95.2719 17m45s/Msamples
        6779000   -102924.0025        16.2      -102830.4578       -93.5447 17m45s/Msamples
        6780000   -102918.3065        16.2      -102832.6486       -85.6578 17m45s/Msamples
        6781000   -102915.9262        16.2      -102832.9405       -82.9857 17m45s/Msamples
        6782000   -102904.0290        16.2      -102823.5787       -80.4503 17m45s/Msamples
        6783000   -102917.0066        16.2      -102823.9698       -93.0367 17m45s/Msamples
        6784000   -102906.5023        16.2      -102822.6180       -83.8843 17m45s/Msamples
        6785000   -102906.4935        16.2      -102822.7226       -83.7709 17m45s/Msamples
        6786000   -102903.8901        16.2      -102826.6368       -77.2532 17m45s/Msamples
        6787000   -102909.3304        16.2      -102829.7079       -79.6225 17m45s/Msamples
        6788000   -102892.6687        16.2      -102815.6816       -76.9870 17m45s/Msamples
        6789000   -102898.1821        16.2      -102813.8940       -84.2880 17m45s/Msamples
        6790000   -102901.9094        16.2      -102819.7393       -82.1701 17m45s/Msamples
        6791000   -102906.9178        16.2      -102817.1935       -89.7242 17m45s/Msamples
        6792000   -102897.6273        16.2      -102811.1028       -86.5244 17m45s/Msamples
        6793000   -102908.2611        16.2      -102817.9467       -90.3143 17m45s/Msamples
        6794000   -102910.1560        16.2      -102820.2371       -89.9189 17m45s/Msamples
        6795000   -102903.4026        16.2      -102815.5185       -87.8841 17m45s/Msamples
        6796000   -102898.1959        16.2      -102815.9456       -82.2503 17m45s/Msamples
        6797000   -102911.6201        16.2      -102823.4745       -88.1455 17m45s/Msamples
        6798000   -102920.6375        16.2      -102829.5869       -91.0505 17m45s/Msamples
        6799000   -102923.9816        16.2      -102828.9381       -95.0434 17m45s/Msamples
        6800000   -102904.7834        16.2      -102819.3568       -85.4266 17m45s/Msamples
        6801000   -102910.9054        16.2      -102822.9164       -87.9889 17m45s/Msamples
        6802000   -102919.8850        16.2      -102830.1626       -89.7224 17m45s/Msamples
        6803000   -102927.2503        16.2      -102835.6997       -91.5506 17m45s/Msamples
        6804000   -102912.4626        16.2      -102823.1093       -89.3532 17m45s/Msamples
        6805000   -102916.5976        16.2      -102825.9457       -90.6518 17m45s/Msamples
        6806000   -102923.5264        16.2      -102832.8213       -90.7051 17m45s/Msamples
        6807000   -102926.5758        16.2      -102830.0820       -96.4937 17m45s/Msamples
        6808000   -102943.5675        16.2      -102839.8347      -103.7327 17m45s/Msamples
        6809000   -102930.7603        16.2      -102832.8909       -97.8694 17m45s/Msamples
        6810000   -102928.7393        16.2      -102830.8738       -97.8655 17m45s/Msamples
        6811000   -102921.9994        16.2      -102827.3082       -94.6911 17m45s/Msamples
        6812000   -102924.6341        16.2      -102831.5127       -93.1214 17m45s/Msamples
        6813000   -102914.6181        16.2      -102828.0970       -86.5211 17m45s/Msamples
        6814000   -102928.2059        16.2      -102827.9542      -100.2517 17m45s/Msamples
        6815000   -102927.7896        16.2      -102826.7299      -101.0597 17m45s/Msamples
        6816000   -102928.1877        16.3      -102830.8735       -97.3142 17m45s/Msamples
        6817000   -102930.2613        16.3      -102835.6849       -94.5763 17m45s/Msamples
        6818000   -102919.7674        16.3      -102828.8087       -90.9587 17m45s/Msamples
        6819000   -102928.4004        16.3      -102825.9674      -102.4330 17m45s/Msamples
        6820000   -102930.3261        16.3      -102828.5291      -101.7970 17m45s/Msamples
        6821000   -102936.4536        16.3      -102833.8238      -102.6298 17m45s/Msamples
        6822000   -102922.0208        16.3      -102822.7124       -99.3084 17m45s/Msamples
        6823000   -102931.5314        16.3      -102826.0189      -105.5124 17m45s/Msamples
        6824000   -102929.4534        16.3      -102828.7885      -100.6649 17m45s/Msamples
        6825000   -102926.1231        16.3      -102830.5359       -95.5871 17m45s/Msamples
        6826000   -102940.3771        16.3      -102831.8634      -108.5136 17m45s/Msamples
        6827000   -102926.3909        16.3      -102822.3580      -104.0328 17m45s/Msamples
        6828000   -102933.7891        16.4      -102826.4146      -107.3744 17m45s/Msamples
        6829000   -102911.7107        16.4      -102818.8215       -92.8892 17m45s/Msamples
        6830000   -102916.5345        16.4      -102820.8492       -95.6853 17m45s/Msamples
        6831000   -102936.3974        16.4      -102835.7102      -100.6872 17m45s/Msamples
        6832000   -102923.9968        16.4      -102826.7990       -97.1978 17m45s/Msamples
        6833000   -102937.9528        16.4      -102831.6226      -106.3301 17m45s/Msamples
        6834000   -102929.2507        16.4      -102825.0684      -104.1823 17m45s/Msamples
        6835000   -102929.4768        16.4      -102833.4700       -96.0067 17m45s/Msamples
        6836000   -102918.6630        16.4      -102824.9376       -93.7253 17m45s/Msamples
        6837000   -102912.8062        16.4      -102823.0353       -89.7709 17m45s/Msamples
        6838000   -102921.4428        16.4      -102830.0584       -91.3844 17m45s/Msamples
        6839000   -102909.8895        16.4      -102822.6045       -87.2849 17m45s/Msamples
        6840000   -102903.5285        16.4      -102821.9703       -81.5581 17m45s/Msamples
        6841000   -102897.1946        16.4      -102818.6036       -78.5909 17m45s/Msamples
        6842000   -102902.0755        16.4      -102818.2389       -83.8366 17m45s/Msamples
        6843000   -102904.0863        16.4      -102817.1037       -86.9825 17m45s/Msamples
        6844000   -102909.6898        16.4      -102828.7920       -80.8977 17m45s/Msamples
        6845000   -102894.8670        16.4      -102815.0035       -79.8634 17m45s/Msamples
        6846000   -102902.3009        16.4      -102819.9087       -82.3921 17m45s/Msamples
        6847000   -102912.6347        16.4      -102824.0230       -88.6116 17m45s/Msamples
        6848000   -102909.2560        16.4      -102826.2634       -82.9925 17m45s/Msamples
        6849000   -102925.0779        16.4      -102837.9491       -87.1288 17m45s/Msamples
        6850000   -102906.2879        16.4      -102827.5051       -78.7828 17m45s/Msamples
        6851000   -102907.3212        16.4      -102828.6915       -78.6296 17m45s/Msamples
        6852000   -102912.6294        16.4      -102834.6898       -77.9395 17m45s/Msamples
        6853000   -102934.4886        16.4      -102849.0915       -85.3970 17m45s/Msamples
        6854000   -102915.0667        16.4      -102838.3943       -76.6723 17m45s/Msamples
        6855000   -102916.1662        16.4      -102836.1917       -79.9744 17m45s/Msamples
        6856000   -102921.1833        16.4      -102839.7213       -81.4620 17m45s/Msamples
        6857000   -102924.8142        16.4      -102840.5003       -84.3138 17m45s/Msamples
        6858000   -102931.3884        16.4      -102840.2189       -91.1694 17m45s/Msamples
        6859000   -102942.5351        16.4      -102836.6391      -105.8960 17m45s/Msamples
        6860000   -102934.4564        16.5      -102839.8779       -94.5785 17m45s/Msamples
        6861000   -102927.5403        16.5      -102833.4981       -94.0421 17m45s/Msamples
        6862000   -102925.0818        16.5      -102834.7779       -90.3039 17m45s/Msamples
        6863000   -102924.8439        16.5      -102832.8751       -91.9688 17m45s/Msamples
        6864000   -102925.5582        16.5      -102843.3888       -82.1694 17m45s/Msamples
        6865000   -102922.8559        16.5      -102832.0735       -90.7824 17m45s/Msamples
        6866000   -102929.8327        16.5      -102834.1076       -95.7251 17m45s/Msamples
        6867000   -102922.9916        16.5      -102836.1502       -86.8414 17m45s/Msamples
        6868000   -102931.0682        16.5      -102834.0229       -97.0453 17m45s/Msamples
        6869000   -102929.6232        16.5      -102838.4407       -91.1825 17m45s/Msamples
        6870000   -102912.7891        16.5      -102833.4752       -79.3139 17m45s/Msamples
        6871000   -102903.5711        16.5      -102827.4791       -76.0919 17m45s/Msamples
        6872000   -102902.3099        16.5      -102829.3834       -72.9264 17m45s/Msamples
        6873000   -102913.0727        16.5      -102835.1580       -77.9146 17m45s/Msamples
        6874000   -102902.4181        16.5      -102826.2424       -76.1757 17m45s/Msamples
        6875000   -102909.5075        16.5      -102826.2227       -83.2848 17m45s/Msamples
        6876000   -102898.8983        16.5      -102823.1015       -75.7967 17m45s/Msamples
        6877000   -102899.8847        16.5      -102822.7859       -77.0988 17m45s/Msamples
        6878000   -102895.9366        16.5      -102822.5366       -73.4000 17m45s/Msamples
        6879000   -102891.8693        16.5      -102819.1950       -72.6742 17m45s/Msamples
        6880000   -102890.0212        16.5      -102819.1864       -70.8347 17m45s/Msamples
        6881000   -102884.8564        16.5      -102817.7460       -67.1104 17m45s/Msamples
        6882000   -102879.8321        16.5      -102813.9997       -65.8324 17m45s/Msamples
        6883000   -102895.5727        16.5      -102821.2573       -74.3153 17m45s/Msamples
        6884000   -102902.8973        16.5      -102823.3763       -79.5209 17m45s/Msamples
        6885000   -102899.2572        16.5      -102821.3133       -77.9439 17m45s/Msamples
        6886000   -102901.2812        16.5      -102823.4208       -77.8604 17m45s/Msamples
        6887000   -102892.0715        16.5      -102815.1215       -76.9499 17m45s/Msamples
        6888000   -102898.3140        16.5      -102822.3729       -75.9410 17m45s/Msamples
        6889000   -102893.1050        16.5      -102815.3036       -77.8014 17m45s/Msamples
        6890000   -102904.3779        16.5      -102819.6436       -84.7343 17m45s/Msamples
        6891000   -102903.4112        16.5      -102814.6155       -88.7956 17m45s/Msamples
        6892000   -102908.0675        16.5      -102825.6292       -82.4383 17m45s/Msamples
        6893000   -102908.7850        16.5      -102824.0949       -84.6900 17m45s/Msamples
        6894000   -102916.0272        16.5      -102823.6444       -92.3827 17m45s/Msamples
        6895000   -102910.9815        16.5      -102829.6042       -81.3772 17m45s/Msamples
        6896000   -102893.0620        16.5      -102819.5929       -73.4690 17m45s/Msamples
        6897000   -102903.4268        16.5      -102822.3451       -81.0817 17m45s/Msamples
        6898000   -102897.3772        16.5      -102818.9060       -78.4711 17m45s/Msamples
        6899000   -102899.5580        16.5      -102818.4507       -81.1072 17m45s/Msamples
        6900000   -102890.3033        16.5      -102814.2797       -76.0235 17m45s/Msamples
        6901000   -102910.9653        16.5      -102823.3930       -87.5723 17m45s/Msamples
        6902000   -102902.8255        16.5      -102816.6354       -86.1900 17m45s/Msamples
        6903000   -102910.8595        16.5      -102822.1392       -88.7202 17m45s/Msamples
        6904000   -102912.7065        16.5      -102819.7271       -92.9793 17m45s/Msamples
        6905000   -102907.7942        16.5      -102817.8121       -89.9820 17m45s/Msamples
        6906000   -102918.7761        16.5      -102829.1159       -89.6601 17m45s/Msamples
        6907000   -102923.9390        16.5      -102823.2838      -100.6551 17m45s/Msamples
        6908000   -102910.8391        16.5      -102827.9370       -82.9020 17m45s/Msamples
        6909000   -102902.3505        16.5      -102827.4974       -74.8531 17m45s/Msamples
        6910000   -102911.1453        16.5      -102832.1054       -79.0398 17m45s/Msamples
        6911000   -102923.1926        16.5      -102837.6281       -85.5644 17m45s/Msamples
        6912000   -102903.1202        16.5      -102827.1703       -75.9498 17m45s/Msamples
        6913000   -102910.5789        16.5      -102829.5885       -80.9904 17m45s/Msamples
        6914000   -102932.8177        16.5      -102835.1046       -97.7131 17m45s/Msamples
        6915000   -102911.5569        16.5      -102828.0799       -83.4769 17m45s/Msamples
        6916000   -102922.0426        16.5      -102836.5306       -85.5119 17m45s/Msamples
        6917000   -102905.6681        16.5      -102835.7349       -69.9332 17m45s/Msamples
        6918000   -102902.0655        16.5      -102834.6568       -67.4087 17m45s/Msamples
        6919000   -102923.6830        16.5      -102841.4340       -82.2489 17m45s/Msamples
        6920000   -102921.1963        16.5      -102841.8950       -79.3013 17m45s/Msamples
        6921000   -102917.0001        16.5      -102831.1687       -85.8313 17m45s/Msamples
        6922000   -102914.2366        16.5      -102837.2064       -77.0301 17m45s/Msamples
        6923000   -102913.7377        16.5      -102833.3247       -80.4129 17m45s/Msamples
        6924000   -102915.3738        16.5      -102835.0430       -80.3307 17m45s/Msamples
        6925000   -102900.9153        16.5      -102830.4538       -70.4614 17m45s/Msamples
        6926000   -102906.4632        16.5      -102828.9225       -77.5407 17m45s/Msamples
        6927000   -102901.1280        16.5      -102828.3464       -72.7816 17m45s/Msamples
        6928000   -102889.9970        16.5      -102823.7484       -66.2486 17m45s/Msamples
        6929000   -102885.3408        16.5      -102827.1928       -58.1479 17m45s/Msamples
        6930000   -102881.3974        16.5      -102824.1825       -57.2149 17m45s/Msamples
        6931000   -102890.7284        16.5      -102821.1794       -69.5489 17m45s/Msamples
        6932000   -102895.2669        16.5      -102824.9444       -70.3225 17m45s/Msamples
        6933000   -102886.6077        16.5      -102818.2248       -68.3829 17m45s/Msamples
        6934000   -102878.3468        16.5      -102817.1488       -61.1979 17m45s/Msamples
        6935000   -102887.8254        16.5      -102821.3359       -66.4894 17m45s/Msamples
        6936000   -102890.4998        16.5      -102820.7894       -69.7103 17m45s/Msamples
        6937000   -102882.8155        16.5      -102814.2985       -68.5170 17m45s/Msamples
        6938000   -102906.4585        16.5      -102830.1744       -76.2841 17m45s/Msamples
        6939000   -102893.3302        16.5      -102824.2657       -69.0644 17m45s/Msamples
        6940000   -102902.6244        16.5      -102823.6618       -78.9626 17m45s/Msamples
        6941000   -102905.0198        16.5      -102821.0165       -84.0032 17m45s/Msamples
        6942000   -102907.9244        16.5      -102829.6840       -78.2403 17m45s/Msamples
        6943000   -102911.1879        16.5      -102830.2670       -80.9209 17m45s/Msamples
        6944000   -102906.3034        16.5      -102824.8225       -81.4808 17m45s/Msamples
        6945000   -102893.8936        16.5      -102824.9630       -68.9306 17m45s/Msamples
        6946000   -102891.6126        16.5      -102824.8147       -66.7978 17m45s/Msamples
        6947000   -102900.4651        16.5      -102830.0531       -70.4119 17m45s/Msamples
        6948000   -102903.0110        16.5      -102827.8033       -75.2076 17m45s/Msamples
        6949000   -102900.7015        16.5      -102827.9658       -72.7357 17m45s/Msamples
        6950000   -102893.4692        16.5      -102822.0071       -71.4620 17m45s/Msamples
        6951000   -102898.2094        16.5      -102822.8235       -75.3858 17m45s/Msamples
        6952000   -102902.0319        16.5      -102821.4073       -80.6246 17m45s/Msamples
        6953000   -102906.5213        16.5      -102825.4273       -81.0940 17m45s/Msamples
        6954000   -102894.4023        16.5      -102825.5153       -68.8869 17m45s/Msamples
        6955000   -102890.7810        16.5      -102821.7715       -69.0094 17m45s/Msamples
        6956000   -102894.2171        16.5      -102820.4567       -73.7603 17m45s/Msamples
        6957000   -102893.4945        16.4      -102818.4395       -75.0550 17m45s/Msamples
        6958000   -102882.6018        16.4      -102815.4347       -67.1671 17m45s/Msamples
        6959000   -102890.8404        16.4      -102819.2701       -71.5703 17m45s/Msamples
        6960000   -102902.5461        16.4      -102824.9354       -77.6107 17m45s/Msamples
        6961000   -102894.8878        16.4      -102824.5296       -70.3582 17m45s/Msamples
        6962000   -102913.6736        16.4      -102831.8055       -81.8681 17m45s/Msamples
        6963000   -102912.2285        16.4      -102824.1456       -88.0828 17m45s/Msamples
        6964000   -102915.6153        16.4      -102826.7635       -88.8518 17m45s/Msamples
        6965000   -102912.6312        16.4      -102831.2047       -81.4264 17m45s/Msamples
        6966000   -102924.8265        16.4      -102829.8706       -94.9559 17m45s/Msamples
        6967000   -102922.4154        16.5      -102831.2225       -91.1929 17m45s/Msamples
        6968000   -102922.8142        16.5      -102835.9569       -86.8572 17m45s/Msamples
        6969000   -102918.2303        16.5      -102829.7358       -88.4944 17m45s/Msamples
        6970000   -102922.5833        16.5      -102837.4493       -85.1340 17m45s/Msamples
        6971000   -102917.1025        16.5      -102827.2661       -89.8364 17m45s/Msamples
        6972000   -102902.7932        16.5      -102823.7619       -79.0313 17m45s/Msamples
        6973000   -102907.5108        16.5      -102823.9467       -83.5641 17m45s/Msamples
        6974000   -102919.1313        16.5      -102830.0432       -89.0880 17m45s/Msamples
        6975000   -102919.2629        16.5      -102833.4848       -85.7781 17m45s/Msamples
        6976000   -102916.8306        16.5      -102831.6528       -85.1778 17m45s/Msamples
        6977000   -102912.0880        16.5      -102828.2896       -83.7984 17m45s/Msamples
        6978000   -102906.2469        16.5      -102833.0797       -73.1672 17m45s/Msamples
        6979000   -102912.0361        16.5      -102830.1077       -81.9283 17m45s/Msamples
        6980000   -102908.6157        16.5      -102830.5969       -78.0187 17m45s/Msamples
        6981000   -102907.1432        16.5      -102828.9573       -78.1859 17m45s/Msamples
        6982000   -102907.8422        16.5      -102834.7555       -73.0867 17m45s/Msamples
        6983000   -102920.9193        16.5      -102840.8953       -80.0240 17m45s/Msamples
        6984000   -102915.3439        16.5      -102837.8581       -77.4857 17m45s/Msamples
        6985000   -102919.3590        16.5      -102838.5053       -80.8537 17m45s/Msamples
        6986000   -102921.9772        16.5      -102844.4298       -77.5473 17m45s/Msamples
        6987000   -102919.9175        16.5      -102847.2868       -72.6306 17m45s/Msamples
        6988000   -102907.5338        16.5      -102838.1581       -69.3757 17m45s/Msamples
        6989000   -102914.7734        16.5      -102848.9877       -65.7856 17m45s/Msamples
        6990000   -102918.8164        16.5      -102847.8504       -70.9660 17m45s/Msamples
        6991000   -102928.5784        16.5      -102842.4751       -86.1033 17m45s/Msamples
        6992000   -102930.0825        16.5      -102849.1788       -80.9037 17m45s/Msamples
        6993000   -102914.2155        16.5      -102840.5584       -73.6570 17m45s/Msamples
        6994000   -102918.5705        16.5      -102835.1645       -83.4060 17m45s/Msamples
        6995000   -102936.7970        16.5      -102841.5690       -95.2279 17m45s/Msamples
        6996000   -102920.8567        16.5      -102838.8217       -82.0350 17m45s/Msamples
        6997000   -102920.1857        16.5      -102833.1827       -87.0029 17m45s/Msamples
        6998000   -102904.7326        16.5      -102834.6668       -70.0657 17m45s/Msamples
        6999000   -102907.3196        16.5      -102835.1219       -72.1976 17m45s/Msamples
        7000000   -102900.4350        16.5      -102841.6942       -58.7408 17m45s/Msamples
        7001000   -102910.1777        16.5      -102836.8930       -73.2846 17m45s/Msamples
        7002000   -102905.2543        16.5      -102833.7328       -71.5214 17m45s/Msamples
        7003000   -102921.0107        16.5      -102837.4398       -83.5709 17m45s/Msamples
        7004000   -102926.2145        16.5      -102842.3687       -83.8457 17m45s/Msamples
        7005000   -102929.1786        16.6      -102839.9187       -89.2598 17m45s/Msamples
        7006000   -102915.3003        16.6      -102830.3567       -84.9436 17m45s/Msamples
        7007000   -102920.1319        16.6      -102836.4135       -83.7183 17m45s/Msamples
        7008000   -102917.7316        16.6      -102836.2672       -81.4644 17m45s/Msamples
        7009000   -102914.1574        16.6      -102829.9106       -84.2467 17m45s/Msamples
        7010000   -102926.2189        16.6      -102830.7192       -95.4997 17m45s/Msamples
        7011000   -102917.0807        16.6      -102830.4652       -86.6155 17m45s/Msamples
        7012000   -102916.6248        16.6      -102830.5331       -86.0916 17m45s/Msamples
        7013000   -102908.1025        16.6      -102827.6762       -80.4263 17m45s/Msamples
        7014000   -102904.3912        16.6      -102827.1546       -77.2365 17m45s/Msamples
        7015000   -102903.6573        16.6      -102827.2712       -76.3861 17m45s/Msamples
        7016000   -102895.7273        16.6      -102820.7125       -75.0148 17m45s/Msamples
        7017000   -102898.7686        16.6      -102824.8177       -73.9509 17m45s/Msamples
        7018000   -102905.5128        16.6      -102824.2526       -81.2602 17m45s/Msamples
        7019000   -102923.5857        16.6      -102834.1545       -89.4311 17m45s/Msamples
        7020000   -102914.2284        16.6      -102828.4689       -85.7594 17m45s/Msamples
        7021000   -102913.3689        16.6      -102830.1161       -83.2527 17m45s/Msamples
        7022000   -102911.2528        16.6      -102824.3227       -86.9300 17m45s/Msamples
        7023000   -102910.5682        16.6      -102829.4324       -81.1358 17m45s/Msamples
        7024000   -102918.6049        16.6      -102829.3370       -89.2678 17m45s/Msamples
        7025000   -102919.9961        16.6      -102832.2198       -87.7763 17m45s/Msamples
        7026000   -102926.1293        16.6      -102834.0438       -92.0854 17m45s/Msamples
        7027000   -102920.8458        16.6      -102829.2200       -91.6258 17m45s/Msamples
        7028000   -102922.1796        16.6      -102831.6977       -90.4818 17m45s/Msamples
        7029000   -102920.1483        16.6      -102829.0850       -91.0632 17m45s/Msamples
        7030000   -102917.5605        16.6      -102834.3395       -83.2210 17m45s/Msamples
        7031000   -102910.5663        16.6      -102829.6069       -80.9593 17m45s/Msamples
        7032000   -102919.1979        16.6      -102829.5760       -89.6218 17m45s/Msamples
        7033000   -102920.4398        16.6      -102829.7534       -90.6863 17m45s/Msamples
        7034000   -102933.0863        16.6      -102834.8532       -98.2330 17m45s/Msamples
        7035000   -102927.0835        16.6      -102838.5196       -88.5638 17m45s/Msamples
        7036000   -102923.4045        16.6      -102831.3650       -92.0395 17m45s/Msamples
        7037000   -102926.7838        16.6      -102835.5749       -91.2088 17m45s/Msamples
        7038000   -102929.2992        16.6      -102842.5151       -86.7840 17m45s/Msamples
        7039000   -102917.9375        16.6      -102835.4214       -82.5161 17m45s/Msamples
        7040000   -102925.9818        16.6      -102832.0316       -93.9502 17m45s/Msamples
        7041000   -102925.3877        16.6      -102833.7062       -91.6814 17m45s/Msamples
        7042000   -102934.1035        16.6      -102838.1770       -95.9265 17m45s/Msamples
        7043000   -102929.9138        16.7      -102840.9429       -88.9708 17m45s/Msamples
        7044000   -102939.1014        16.7      -102844.1228       -94.9785 17m45s/Msamples
        7045000   -102939.6504        16.7      -102843.1187       -96.5317 17m45s/Msamples
        7046000   -102939.4490        16.7      -102844.1809       -95.2680 17m45s/Msamples
        7047000   -102936.0951        16.7      -102837.2817       -98.8133 17m45s/Msamples
        7048000   -102922.5510        16.7      -102833.2218       -89.3292 17m45s/Msamples
        7049000   -102927.5848        16.7      -102837.6417       -89.9430 17m45s/Msamples
        7050000   -102926.4641        16.7      -102836.7583       -89.7057 17m45s/Msamples
        7051000   -102910.3171        16.7      -102829.0601       -81.2570 17m45s/Msamples
        7052000   -102913.9036        16.7      -102827.1481       -86.7554 17m45s/Msamples
        7053000   -102902.6828        16.7      -102825.4070       -77.2758 17m45s/Msamples
        7054000   -102911.2226        16.7      -102828.5806       -82.6419 17m45s/Msamples
        7055000   -102915.0010        16.7      -102834.1501       -80.8509 17m45s/Msamples
        7056000   -102914.9749        16.7      -102833.7393       -81.2355 17m45s/Msamples
        7057000   -102913.4001        16.7      -102835.2747       -78.1253 17m45s/Msamples
        7058000   -102914.5581        16.7      -102831.9493       -82.6088 17m45s/Msamples
        7059000   -102910.3510        16.7      -102826.4583       -83.8927 17m45s/Msamples
        7060000   -102918.2625        16.7      -102829.0989       -89.1635 17m45s/Msamples
        7061000   -102921.3690        16.7      -102838.0292       -83.3397 17m45s/Msamples
        7062000   -102930.0481        16.7      -102836.0759       -93.9722 17m45s/Msamples
        7063000   -102917.1564        16.7      -102840.5602       -76.5961 17m45s/Msamples
        7064000   -102921.3677        16.7      -102835.5109       -85.8568 17m45s/Msamples
        7065000   -102922.1123        16.8      -102835.1915       -86.9208 17m45s/Msamples
        7066000   -102925.2229        16.8      -102837.2774       -87.9454 17m45s/Msamples
        7067000   -102901.1031        16.8      -102830.2944       -70.8087 17m45s/Msamples
        7068000   -102909.1739        16.8      -102830.3547       -78.8192 17m45s/Msamples
        7069000   -102908.4933        16.8      -102831.9516       -76.5417 17m45s/Msamples
        7070000   -102911.0240        16.8      -102824.5191       -86.5048 17m45s/Msamples
        7071000   -102911.8959        16.8      -102828.0695       -83.8264 17m45s/Msamples
        7072000   -102910.7707        16.8      -102823.1069       -87.6637 17m45s/Msamples
        7073000   -102904.1301        16.8      -102820.9640       -83.1661 17m45s/Msamples
        7074000   -102907.2512        16.8      -102823.4880       -83.7632 17m45s/Msamples
        7075000   -102912.9318        16.8      -102828.8580       -84.0737 17m45s/Msamples
        7076000   -102910.8579        16.8      -102823.3878       -87.4701 17m45s/Msamples
        7077000   -102897.6997        16.8      -102820.4402       -77.2595 17m45s/Msamples
        7078000   -102887.3689        16.8      -102818.2529       -69.1159 17m45s/Msamples
        7079000   -102883.7595        16.8      -102822.3173       -61.4421 17m45s/Msamples
        7080000   -102900.8718        16.8      -102830.5890       -70.2827 17m45s/Msamples
        7081000   -102904.4122        16.8      -102829.6201       -74.7920 17m45s/Msamples
        7082000   -102894.2400        16.8      -102822.8239       -71.4160 17m45s/Msamples
        7083000   -102892.0416        16.8      -102821.3623       -70.6792 17m45s/Msamples
        7084000   -102892.6212        16.8      -102819.8579       -72.7633 17m45s/Msamples
        7085000   -102892.0678        16.8      -102825.7250       -66.3428 17m45s/Msamples
        7086000   -102891.5455        16.8      -102822.6765       -68.8689 17m45s/Msamples
        7087000   -102889.5781        16.8      -102822.4818       -67.0963 17m45s/Msamples
        7088000   -102896.3685        16.8      -102826.4808       -69.8876 17m45s/Msamples
        7089000   -102883.5937        16.8      -102826.9307       -56.6629 17m45s/Msamples
        7090000   -102892.2840        16.8      -102823.8953       -68.3886 17m45s/Msamples
        7091000   -102887.1760        16.8      -102824.7893       -62.3867 17m45s/Msamples
        7092000   -102880.7494        16.8      -102820.0503       -60.6990 17m45s/Msamples
        7093000   -102879.7288        16.8      -102822.5153       -57.2134 17m45s/Msamples
        7094000   -102890.6115        16.8      -102830.5746       -60.0369 17m45s/Msamples
        7095000   -102888.8398        16.8      -102824.1977       -64.6421 17m45s/Msamples
        7096000   -102890.6224        16.8      -102826.6432       -63.9791 17m45s/Msamples
        7097000   -102897.9034        16.8      -102838.7998       -59.1035 17m45s/Msamples
        7098000   -102893.7247        16.8      -102833.5580       -60.1667 17m45s/Msamples
        7099000   -102895.8447        16.8      -102837.5353       -58.3094 17m45s/Msamples
        7100000   -102905.5060        16.8      -102840.6211       -64.8848 17m45s/Msamples
        7101000   -102905.1118        16.8      -102835.2883       -69.8234 17m45s/Msamples
        7102000   -102909.2791        16.8      -102843.0701       -66.2089 17m45s/Msamples
        7103000   -102899.6791        16.8      -102834.9363       -64.7427 17m45s/Msamples
        7104000   -102913.1456        16.8      -102838.0754       -75.0702 17m45s/Msamples
        7105000   -102896.9343        16.8      -102833.1035       -63.8308 17m45s/Msamples
        7106000   -102899.3711        16.8      -102836.3271       -63.0440 17m45s/Msamples
        7107000   -102889.6703        16.8      -102828.6165       -61.0537 17m45s/Msamples
        7108000   -102905.3276        16.8      -102833.8006       -71.5270 17m45s/Msamples
        7109000   -102914.9282        16.8      -102840.2276       -74.7005 17m45s/Msamples
        7110000   -102913.0995        16.8      -102840.8889       -72.2105 17m45s/Msamples
        7111000   -102916.2822        16.8      -102837.6630       -78.6191 17m45s/Msamples
        7112000   -102915.0912        16.8      -102835.1758       -79.9154 17m45s/Msamples
        7113000   -102912.5750        16.8      -102833.3820       -79.1930 17m45s/Msamples
        7114000   -102906.0302        16.8      -102837.7818       -68.2483 17m45s/Msamples
        7115000   -102919.5638        16.8      -102842.6916       -76.8721 17m45s/Msamples
        7116000   -102908.7753        16.8      -102835.9548       -72.8204 17m45s/Msamples
        7117000   -102906.4699        16.8      -102833.9878       -72.4820 17m45s/Msamples
        7118000   -102903.2569        16.8      -102833.1777       -70.0792 17m45s/Msamples
        7119000   -102916.8989        16.8      -102835.3567       -81.5421 17m45s/Msamples
        7120000   -102900.8321        16.8      -102836.1909       -64.6411 17m45s/Msamples
        7121000   -102901.4170        16.8      -102830.4712       -70.9458 17m45s/Msamples
        7122000   -102896.8868        16.8      -102828.5373       -68.3494 17m45s/Msamples
        7123000   -102903.6961        16.8      -102828.9375       -74.7585 17m45s/Msamples
        7124000   -102915.3753        16.8      -102838.0096       -77.3657 17m45s/Msamples
        7125000   -102905.2608        16.8      -102835.0354       -70.2253 17m45s/Msamples
        7126000   -102901.0567        16.8      -102833.9793       -67.0773 17m45s/Msamples
        7127000   -102907.7382        16.8      -102831.3084       -76.4297 17m45s/Msamples
        7128000   -102910.8464        16.8      -102834.9441       -75.9022 17m45s/Msamples
        7129000   -102914.1634        16.8      -102833.1112       -81.0522 17m45s/Msamples
        7130000   -102906.4453        16.8      -102836.8202       -69.6251 17m45s/Msamples
        7131000   -102901.3253        16.8      -102824.3492       -76.9760 17m45s/Msamples
        7132000   -102903.6770        16.8      -102826.9016       -76.7753 17m45s/Msamples
        7133000   -102906.9469        16.8      -102819.9591       -86.9877 17m45s/Msamples
        7134000   -102918.6225        16.8      -102824.9152       -93.7072 17m45s/Msamples
        7135000   -102906.9099        16.8      -102825.1421       -81.7677 17m45s/Msamples
        7136000   -102896.6334        16.8      -102826.9299       -69.7035 17m45s/Msamples
        7137000   -102883.2166        16.8      -102821.1494       -62.0671 17m45s/Msamples
        7138000   -102899.2599        16.8      -102826.3764       -72.8834 17m45s/Msamples
        7139000   -102905.7694        16.8      -102829.2191       -76.5502 17m45s/Msamples
        7140000   -102902.7420        16.8      -102828.8868       -73.8551 17m45s/Msamples
        7141000   -102891.6773        16.8      -102820.8640       -70.8132 17m45s/Msamples
        7142000   -102900.1355        16.8      -102828.2137       -71.9218 17m45s/Msamples
        7143000   -102896.9442        16.8      -102826.8817       -70.0625 17m45s/Msamples
        7144000   -102888.3095        16.8      -102824.5074       -63.8020 17m45s/Msamples
        7145000   -102888.6140        16.8      -102829.8408       -58.7732 17m45s/Msamples
        7146000   -102904.3695        16.8      -102831.1492       -73.2203 17m45s/Msamples
        7147000   -102888.1985        16.8      -102828.5942       -59.6042 17m45s/Msamples
        7148000   -102881.1311        16.8      -102823.7484       -57.3826 17m45s/Msamples
        7149000   -102887.7092        16.8      -102830.4340       -57.2751 17m45s/Msamples
        7150000   -102894.4051        16.8      -102838.7287       -55.6763 17m45s/Msamples
        7151000   -102898.7894        16.8      -102835.1076       -63.6818 17m45s/Msamples
        7152000   -102897.8273        16.8      -102838.5413       -59.2860 17m45s/Msamples
        7153000   -102904.6621        16.8      -102836.4666       -68.1955 17m45s/Msamples
        7154000   -102897.1397        16.8      -102833.9860       -63.1536 17m45s/Msamples
        7155000   -102884.8787        16.8      -102830.3283       -54.5504 17m45s/Msamples
        7156000   -102894.4024        16.8      -102831.0549       -63.3475 17m45s/Msamples
        7157000   -102882.4049        16.8      -102829.1485       -53.2563 17m45s/Msamples
        7158000   -102884.6229        16.8      -102826.6078       -58.0150 17m45s/Msamples
        7159000   -102888.6489        16.8      -102824.4604       -64.1885 17m45s/Msamples
        7160000   -102874.9955        16.8      -102825.2361       -49.7594 17m45s/Msamples
        7161000   -102883.3640        16.8      -102822.8204       -60.5436 17m45s/Msamples
        7162000   -102895.6863        16.8      -102825.1029       -70.5834 17m45s/Msamples
        7163000   -102887.3054        16.8      -102826.5418       -60.7635 17m45s/Msamples
        7164000   -102893.9660        16.8      -102823.5313       -70.4347 17m45s/Msamples
        7165000   -102902.4158        16.8      -102828.1471       -74.2687 17m45s/Msamples
        7166000   -102896.6202        16.8      -102824.3357       -72.2844 17m45s/Msamples
        7167000   -102901.2507        16.8      -102831.9855       -69.2651 17m45s/Msamples
        7168000   -102903.0920        16.8      -102832.2895       -70.8025 17m45s/Msamples
        7169000   -102909.7499        16.8      -102831.0999       -78.6500 17m45s/Msamples
        7170000   -102897.2095        16.8      -102825.3159       -71.8935 17m45s/Msamples
        7171000   -102906.6998        16.8      -102829.5960       -77.1038 17m45s/Msamples
        7172000   -102910.1513        16.8      -102829.5944       -80.5569 17m45s/Msamples
        7173000   -102896.1190        16.8      -102821.9880       -74.1309 17m45s/Msamples
        7174000   -102904.5490        16.8      -102829.3706       -75.1784 17m45s/Msamples
        7175000   -102905.1113        16.8      -102829.3159       -75.7954 17m45s/Msamples
        7176000   -102906.4260        16.8      -102828.6291       -77.7968 17m45s/Msamples
        7177000   -102902.7913        16.3      -102830.5697       -72.2215 17m45s/Msamples
        7178000   -102916.8882        16.3      -102839.3492       -77.5390 17m45s/Msamples
        7179000   -102917.2368        16.3      -102828.6599       -88.5768 17m45s/Msamples
        7180000   -102907.6195        16.3      -102831.3638       -76.2557 17m45s/Msamples
        7181000   -102904.4922        16.3      -102827.6949       -76.7973 17m45s/Msamples
        7182000   -102898.5673        16.3      -102824.3762       -74.1911 17m45s/Msamples
        7183000   -102899.0113        16.2      -102824.2187       -74.7925 17m45s/Msamples
        7184000   -102902.4309        16.2      -102826.4100       -76.0209 17m45s/Msamples
        7185000   -102897.7154        16.2      -102822.7194       -74.9960 17m45s/Msamples
        7186000   -102914.0619        16.2      -102825.4091       -88.6528 17m45s/Msamples
        7187000   -102901.5106        16.2      -102822.1131       -79.3975 17m45s/Msamples
        7188000   -102891.6283        16.2      -102820.6186       -71.0097 17m45s/Msamples
        7189000   -102897.0503        16.2      -102825.0925       -71.9577 17m45s/Msamples
        7190000   -102899.8605        16.2      -102823.9818       -75.8787 17m45s/Msamples
        7191000   -102900.5318        16.2      -102828.3098       -72.2219 17m45s/Msamples
        7192000   -102896.2398        16.2      -102819.7387       -76.5010 17m45s/Msamples
        7193000   -102911.1131        16.2      -102826.4206       -84.6925 17m45s/Msamples
        7194000   -102908.0774        16.2      -102828.6643       -79.4130 17m45s/Msamples
        7195000   -102908.7918        16.2      -102830.4383       -78.3534 17m45s/Msamples
        7196000   -102921.8234        16.2      -102840.1652       -81.6582 17m45s/Msamples
        7197000   -102938.0717        16.2      -102834.6671      -103.4046 17m45s/Msamples
        7198000   -102927.8365        16.2      -102837.3311       -90.5054 17m45s/Msamples
        7199000   -102926.2129        16.2      -102842.8317       -83.3811 17m45s/Msamples
        7200000   -102928.6009        16.2      -102840.1535       -88.4474 17m45s/Msamples
        7201000   -102922.0097        16.2      -102834.1597       -87.8500 17m45s/Msamples
        7202000   -102918.6061        16.2      -102827.3191       -91.2870 17m45s/Msamples
        7203000   -102934.5896        16.3      -102839.8199       -94.7697 17m45s/Msamples
        7204000   -102912.2694        16.3      -102827.9374       -84.3320 17m45s/Msamples
        7205000   -102913.4885        16.3      -102824.1668       -89.3217 17m45s/Msamples
        7206000   -102900.3535        16.3      -102819.0016       -81.3519 17m45s/Msamples
        7207000   -102908.3744        16.3      -102829.9483       -78.4260 17m45s/Msamples
        7208000   -102904.0762        16.2      -102825.2807       -78.7955 17m45s/Msamples
        7209000   -102906.5923        16.2      -102820.2991       -86.2931 17m45s/Msamples
        7210000   -102907.0272        16.2      -102819.1210       -87.9061 17m45s/Msamples
        7211000   -102900.5306        16.2      -102813.8290       -86.7015 17m45s/Msamples
        7212000   -102902.2461        16.2      -102819.5989       -82.6471 17m45s/Msamples
        7213000   -102899.0178        16.2      -102818.8294       -80.1884 17m45s/Msamples
        7214000   -102913.9731        16.2      -102824.2114       -89.7616 17m45s/Msamples
        7215000   -102912.8355        16.2      -102830.8448       -81.9906 17m45s/Msamples
        7216000   -102909.3637        16.2      -102825.0898       -84.2739 17m45s/Msamples
        7217000   -102923.6156        16.2      -102833.8843       -89.7313 17m45s/Msamples
        7218000   -102917.7402        16.2      -102827.4267       -90.3135 17m45s/Msamples
        7219000   -102922.1983        16.2      -102826.7200       -95.4783 17m45s/Msamples
        7220000   -102920.4340        16.3      -102829.1086       -91.3254 17m45s/Msamples
        7221000   -102924.5244        16.3      -102829.1657       -95.3586 17m45s/Msamples
        7222000   -102917.6003        16.3      -102825.6396       -91.9606 17m45s/Msamples
        7223000   -102921.6944        16.3      -102824.2076       -97.4868 17m45s/Msamples
        7224000   -102923.1820        16.3      -102829.9244       -93.2576 17m45s/Msamples
        7225000   -102938.9952        16.3      -102835.2880      -103.7072 17m45s/Msamples
        7226000   -102939.6052        16.3      -102839.7074       -99.8978 17m45s/Msamples
        7227000   -102942.3265        16.3      -102840.9698      -101.3566 17m45s/Msamples
        7228000   -102930.0171        16.3      -102833.9244       -96.0926 17m45s/Msamples
        7229000   -102933.6884        16.3      -102839.9930       -93.6953 17m45s/Msamples
        7230000   -102933.0764        16.3      -102840.0569       -93.0195 17m45s/Msamples
        7231000   -102936.3410        16.4      -102834.7236      -101.6174 17m45s/Msamples
        7232000   -102927.3721        16.4      -102826.9616      -100.4105 17m45s/Msamples
        7233000   -102917.3173        16.4      -102823.9088       -93.4085 17m45s/Msamples
        7234000   -102922.4040        16.4      -102827.6859       -94.7181 17m45s/Msamples
        7235000   -102923.9623        16.4      -102828.6622       -95.3001 17m45s/Msamples
        7236000   -102921.5339        16.4      -102825.7711       -95.7627 17m45s/Msamples
        7237000   -102910.4266        16.4      -102824.5671       -85.8594 17m45s/Msamples
        7238000   -102930.7632        16.4      -102838.1516       -92.6116 17m45s/Msamples
        7239000   -102925.9614        16.4      -102827.0654       -98.8959 17m45s/Msamples
        7240000   -102924.0016        16.4      -102829.3765       -94.6251 17m45s/Msamples
        7241000   -102919.8064        16.4      -102829.9460       -89.8604 17m45s/Msamples
        7242000   -102917.4160        16.4      -102824.6625       -92.7535 17m45s/Msamples
        7243000   -102909.7799        16.4      -102819.7135       -90.0664 17m45s/Msamples
        7244000   -102904.3775        16.4      -102817.5701       -86.8074 17m45s/Msamples
        7245000   -102899.7069        16.4      -102814.6962       -85.0106 17m45s/Msamples
        7246000   -102908.2585        16.4      -102819.4359       -88.8225 17m45s/Msamples
        7247000   -102917.3615        16.4      -102814.9202      -102.4412 17m45s/Msamples
        7248000   -102920.7266        16.4      -102819.0463      -101.6802 17m45s/Msamples
        7249000   -102930.8997        16.4      -102830.1171      -100.7825 17m45s/Msamples
        7250000   -102925.0180        16.4      -102829.6825       -95.3354 17m45s/Msamples
        7251000   -102921.2751        16.4      -102829.3069       -91.9682 17m45s/Msamples
        7252000   -102921.6935        16.4      -102828.1547       -93.5388 17m45s/Msamples
        7253000   -102927.4221        16.4      -102837.0791       -90.3429 17m45s/Msamples
        7254000   -102922.4441        16.4      -102830.9933       -91.4508 17m45s/Msamples
        7255000   -102923.9401        16.4      -102830.1995       -93.7406 17m45s/Msamples
        7256000   -102916.8019        16.4      -102827.6728       -89.1290 17m45s/Msamples
        7257000   -102912.7344        16.4      -102824.8378       -87.8966 17m45s/Msamples
        7258000   -102910.6544        16.4      -102829.8925       -80.7619 17m45s/Msamples
        7259000   -102898.6593        16.4      -102821.5744       -77.0849 17m45s/Msamples
        7260000   -102916.3658        16.4      -102832.8196       -83.5461 17m45s/Msamples
        7261000   -102904.3032        16.4      -102819.0528       -85.2503 17m45s/Msamples
        7262000   -102895.3691        16.4      -102815.1800       -80.1891 17m45s/Msamples
        7263000   -102900.9954        16.4      -102823.4643       -77.5310 17m45s/Msamples
        7264000   -102904.2248        16.4      -102827.3880       -76.8367 17m45s/Msamples
        7265000   -102909.5172        16.4      -102824.9822       -84.5349 17m45s/Msamples
        7266000   -102913.5545        16.4      -102828.7468       -84.8076 17m45s/Msamples
        7267000   -102909.5947        16.4      -102822.9037       -86.6909 17m45s/Msamples
        7268000   -102920.0262        16.4      -102827.3988       -92.6273 17m45s/Msamples
        7269000   -102922.7948        16.5      -102830.3189       -92.4759 17m45s/Msamples
        7270000   -102924.9434        16.5      -102827.1366       -97.8067 17m45s/Msamples
        7271000   -102926.8381        16.5      -102834.7934       -92.0446 17m45s/Msamples
        7272000   -102917.5528        16.5      -102833.0664       -84.4863 17m45s/Msamples
        7273000   -102909.7202        16.5      -102825.4494       -84.2707 17m45s/Msamples
        7274000   -102919.4947        16.5      -102831.6968       -87.7979 17m45s/Msamples
        7275000   -102929.4681        16.5      -102830.4053       -99.0627 17m45s/Msamples
        7276000   -102935.5264        16.5      -102836.5029       -99.0234 17m45s/Msamples
        7277000   -102946.9601        16.5      -102843.6747      -103.2854 17m45s/Msamples
        7278000   -102945.8805        16.5      -102841.9072      -103.9733 17m45s/Msamples
        7279000   -102931.6717        16.5      -102833.4687       -98.2029 17m45s/Msamples
        7280000   -102943.6706        16.6      -102833.5685      -110.1020 17m45s/Msamples
        7281000   -102947.0216        16.6      -102841.4003      -105.6213 17m45s/Msamples
        7282000   -102936.5227        16.6      -102833.7615      -102.7612 17m45s/Msamples
        7283000   -102936.5802        16.6      -102835.5214      -101.0587 17m45s/Msamples
        7284000   -102939.8688        16.6      -102837.2050      -102.6637 17m45s/Msamples
        7285000   -102923.1210        16.6      -102827.1632       -95.9577 17m45s/Msamples
        7286000   -102929.4732        16.6      -102826.7359      -102.7373 17m45s/Msamples
        7287000   -102916.0814        16.6      -102822.2111       -93.8703 17m45s/Msamples
        7288000   -102925.0187        16.6      -102832.3471       -92.6716 17m45s/Msamples
        7289000   -102933.4332        16.6      -102836.9364       -96.4967 17m45s/Msamples
        7290000   -102953.2619        16.7      -102840.5408      -112.7210 17m45s/Msamples
        7291000   -102950.9242        16.7      -102836.7616      -114.1626 17m45s/Msamples
        7292000   -102955.0536        16.8      -102841.4224      -113.6312 17m45s/Msamples
        7293000   -102938.2483        16.8      -102837.2469      -101.0013 17m45s/Msamples
        7294000   -102932.0156        16.8      -102836.7659       -95.2496 17m45s/Msamples
        7295000   -102920.0737        16.8      -102832.7814       -87.2923 17m45s/Msamples
        7296000   -102921.7583        16.8      -102832.1566       -89.6016 17m45s/Msamples
        7297000   -102937.6604        16.8      -102836.2275      -101.4329 17m45s/Msamples
        7298000   -102931.8638        16.8      -102839.4557       -92.4080 17m45s/Msamples
        7299000   -102929.0754        16.8      -102835.3839       -93.6914 17m45s/Msamples
        7300000   -102931.1149        16.8      -102834.9087       -96.2061 17m45s/Msamples
        7301000   -102928.2111        16.8      -102834.7954       -93.4156 17m45s/Msamples
        7302000   -102937.6024        16.9      -102836.0935      -101.5088 17m45s/Msamples
        7303000   -102943.9580        16.9      -102841.2160      -102.7419 17m45s/Msamples
        7304000   -102948.0385        16.9      -102839.2743      -108.7641 17m45s/Msamples
        7305000   -102931.4206        16.9      -102831.1961      -100.2244 17m45s/Msamples
        7306000   -102930.1119        16.9      -102830.2906       -99.8212 17m45s/Msamples
        7307000   -102931.3848        16.9      -102834.1897       -97.1951 17m45s/Msamples
        7308000   -102928.8928        16.9      -102830.4720       -98.4208 17m45s/Msamples
        7309000   -102932.4961        17.0      -102828.3690      -104.1271 17m45s/Msamples
        7310000   -102935.5287        17.0      -102834.5306      -100.9980 17m45s/Msamples
        7311000   -102938.0214        17.0      -102835.4463      -102.5750 17m45s/Msamples
        7312000   -102917.6859        17.0      -102828.4210       -89.2649 17m45s/Msamples
        7313000   -102916.5095        17.0      -102824.7843       -91.7252 17m45s/Msamples
        7314000   -102915.9296        17.0      -102829.6196       -86.3100 17m45s/Msamples
        7315000   -102916.7451        17.0      -102827.2050       -89.5400 17m45s/Msamples
        7316000   -102908.4947        17.0      -102820.6576       -87.8371 17m45s/Msamples
        7317000   -102903.1110        17.0      -102819.9338       -83.1772 17m45s/Msamples
        7318000   -102913.0246        17.0      -102820.1963       -92.8283 17m45s/Msamples
        7319000   -102912.1590        17.0      -102818.2034       -93.9555 17m45s/Msamples
        7320000   -102912.9507        17.0      -102823.7421       -89.2086 17m45s/Msamples
        7321000   -102910.2371        17.0      -102820.3944       -89.8427 17m45s/Msamples
        7322000   -102906.4840        17.0      -102823.2570       -83.2270 17m45s/Msamples
        7323000   -102923.1858        17.0      -102825.2767       -97.9091 17m45s/Msamples
        7324000   -102926.1195        17.0      -102839.5893       -86.5301 17m45s/Msamples
        7325000   -102912.9562        17.0      -102830.7694       -82.1868 17m45s/Msamples
        7326000   -102915.2327        17.0      -102830.0298       -85.2028 17m45s/Msamples
        7327000   -102915.6064        17.0      -102831.7079       -83.8984 17m45s/Msamples
        7328000   -102927.2434        17.0      -102840.7467       -86.4966 17m45s/Msamples
        7329000   -102907.4073        17.0      -102824.4205       -82.9868 17m45s/Msamples
        7330000   -102914.0694        17.0      -102829.0551       -85.0142 17m45s/Msamples
        7331000   -102916.6859        17.0      -102827.1059       -89.5799 17m45s/Msamples
        7332000   -102913.5892        17.0      -102821.6565       -91.9327 17m45s/Msamples
        7333000   -102915.5772        17.0      -102824.8641       -90.7130 17m45s/Msamples
        7334000   -102901.7149        17.0      -102818.8664       -82.8485 17m45s/Msamples
        7335000   -102911.4988        17.0      -102820.9364       -90.5623 17m45s/Msamples
        7336000   -102906.7736        17.0      -102818.5957       -88.1779 17m45s/Msamples
        7337000   -102901.8380        17.0      -102816.0236       -85.8143 17m45s/Msamples
        7338000   -102914.0335        17.0      -102825.3381       -88.6954 17m45s/Msamples
        7339000   -102927.5005        17.0      -102832.0068       -95.4936 17m45s/Msamples
        7340000   -102909.7615        17.1      -102824.4987       -85.2627 17m45s/Msamples
        7341000   -102914.8647        17.1      -102828.5758       -86.2888 17m45s/Msamples
        7342000   -102905.6457        17.1      -102819.4940       -86.1517 17m45s/Msamples
        7343000   -102896.4366        17.1      -102815.4240       -81.0125 17m45s/Msamples
        7344000   -102904.2503        17.1      -102826.5002       -77.7501 17m45s/Msamples
        7345000   -102895.0808        17.1      -102819.5927       -75.4881 17m45s/Msamples
        7346000   -102916.3187        17.1      -102831.0210       -85.2977 17m45s/Msamples
        7347000   -102919.8304        17.1      -102827.6956       -92.1348 17m45s/Msamples
        7348000   -102914.3952        17.1      -102831.4688       -82.9264 17m45s/Msamples
        7349000   -102906.4207        17.1      -102816.4191       -90.0015 17m45s/Msamples
        7350000   -102895.4269        17.1      -102814.3893       -81.0376 17m45s/Msamples
        7351000   -102907.9643        17.1      -102819.3940       -88.5703 17m45s/Msamples
        7352000   -102910.8730        17.1      -102825.3148       -85.5582 17m45s/Msamples
        7353000   -102919.6977        17.1      -102825.4340       -94.2637 17m45s/Msamples
        7354000   -102924.2872        17.1      -102825.7426       -98.5446 17m45s/Msamples
        7355000   -102905.2715        17.1      -102818.9948       -86.2766 17m45s/Msamples
        7356000   -102905.8895        17.1      -102821.3383       -84.5512 17m45s/Msamples
        7357000   -102905.2109        17.1      -102818.8604       -86.3504 17m45s/Msamples
        7358000   -102913.1931        17.1      -102823.8574       -89.3356 17m45s/Msamples
        7359000   -102909.7013        17.1      -102821.7956       -87.9056 17m45s/Msamples
        7360000   -102917.2449        17.1      -102822.2563       -94.9885 17m45s/Msamples
        7361000   -102919.0467        17.1      -102825.4445       -93.6021 17m45s/Msamples
        7362000   -102917.7997        17.1      -102824.0815       -93.7181 17m45s/Msamples
        7363000   -102908.1204        17.1      -102818.8901       -89.2303 17m45s/Msamples
        7364000   -102911.0079        17.1      -102818.3633       -92.6445 17m45s/Msamples
        7365000   -102909.9194        17.1      -102820.1377       -89.7816 17m45s/Msamples
        7366000   -102910.5419        17.1      -102819.0338       -91.5080 17m45s/Msamples
        7367000   -102901.0360        17.1      -102815.3290       -85.7069 17m45s/Msamples
        7368000   -102904.0800        17.1      -102818.3738       -85.7061 17m45s/Msamples
        7369000   -102922.4776        17.1      -102829.7476       -92.7299 17m45s/Msamples
        7370000   -102919.5918        17.1      -102829.2333       -90.3585 17m45s/Msamples
        7371000   -102931.4610        17.1      -102835.7101       -95.7509 17m45s/Msamples
        7372000   -102925.9214        17.1      -102829.3948       -96.5266 17m45s/Msamples
        7373000   -102926.4766        17.1      -102828.2134       -98.2632 17m45s/Msamples
        7374000   -102937.2746        17.1      -102830.2756      -106.9989 17m45s/Msamples
        7375000   -102932.6097        17.2      -102829.4093      -103.2003 17m45s/Msamples
        7376000   -102930.7096        17.2      -102827.1959      -103.5136 17m45s/Msamples
        7377000   -102920.0130        17.2      -102827.1278       -92.8851 17m45s/Msamples
        7378000   -102924.1809        17.2      -102835.6420       -88.5389 17m45s/Msamples
        7379000   -102908.0450        17.2      -102826.0681       -81.9769 17m45s/Msamples
        7380000   -102909.4582        17.2      -102828.3814       -81.0768 17m45s/Msamples
        7381000   -102910.6120        17.2      -102825.7407       -84.8713 17m45s/Msamples
        7382000   -102902.7877        17.2      -102822.2449       -80.5427 17m45s/Msamples
        7383000   -102910.6906        17.2      -102827.0067       -83.6838 17m45s/Msamples
        7384000   -102918.9961        17.2      -102827.9907       -91.0053 17m45s/Msamples
        7385000   -102903.1182        17.2      -102823.1714       -79.9468 17m45s/Msamples
        7386000   -102904.6051        17.2      -102821.9145       -82.6906 17m45s/Msamples
        7387000   -102905.9571        17.2      -102827.2491       -78.7079 17m45s/Msamples
        7388000   -102910.4877        17.2      -102823.8793       -86.6084 17m45s/Msamples
        7389000   -102904.0751        17.2      -102826.8139       -77.2612 17m45s/Msamples
        7390000   -102911.2383        17.2      -102826.9404       -84.2979 17m45s/Msamples
        7391000   -102917.6345        17.2      -102827.7607       -89.8737 17m45s/Msamples
        7392000   -102924.9186        17.2      -102834.6399       -90.2787 17m45s/Msamples
        7393000   -102934.5179        17.2      -102840.4369       -94.0809 17m45s/Msamples
        7394000   -102949.4121        17.2      -102845.6945      -103.7175 17m45s/Msamples
        7395000   -102952.9719        17.3      -102841.6534      -111.3184 17m45s/Msamples
        7396000   -102949.9958        17.3      -102835.4617      -114.5341 17m45s/Msamples
        7397000   -102938.4357        17.3      -102833.1095      -105.3261 17m45s/Msamples
        7398000   -102934.1097        17.3      -102833.9856      -100.1241 17m45s/Msamples
        7399000   -102927.2894        17.3      -102832.0181       -95.2712 17m45s/Msamples
        7400000   -102930.2118        17.3      -102841.8979       -88.3139 17m45s/Msamples
        7401000   -102914.2750        17.3      -102826.9596       -87.3153 17m45s/Msamples
        7402000   -102922.6643        17.3      -102836.0431       -86.6211 17m45s/Msamples
        7403000   -102917.5801        17.3      -102826.5913       -90.9888 17m45s/Msamples
        7404000   -102923.8779        17.3      -102827.9147       -95.9631 17m45s/Msamples
        7405000   -102934.0715        17.3      -102831.5406      -102.5309 17m45s/Msamples
        7406000   -102920.6192        17.3      -102827.2642       -93.3550 17m45s/Msamples
        7407000   -102920.3016        17.3      -102831.3100       -88.9916 17m45s/Msamples
        7408000   -102928.5697        17.3      -102836.1988       -92.3708 17m45s/Msamples
        7409000   -102915.2279        17.3      -102832.9591       -82.2687 17m45s/Msamples
        7410000   -102930.0096        17.4      -102835.5899       -94.4197 17m45s/Msamples
        7411000   -102912.7668        17.4      -102824.5695       -88.1972 17m45s/Msamples
        7412000   -102903.6471        17.4      -102824.2025       -79.4445 17m45s/Msamples
        7413000   -102906.3364        17.4      -102819.9197       -86.4166 17m45s/Msamples
        7414000   -102909.8687        17.4      -102823.9306       -85.9380 17m45s/Msamples
        7415000   -102919.9929        17.4      -102823.8357       -96.1572 17m45s/Msamples
        7416000   -102915.1203        17.4      -102823.1228       -91.9974 17m45s/Msamples
        7417000   -102930.9417        17.4      -102833.4185       -97.5232 17m45s/Msamples
        7418000   -102934.4057        17.4      -102835.5642       -98.8414 17m45s/Msamples
        7419000   -102921.0419        17.4      -102830.7319       -90.3099 17m45s/Msamples
        7420000   -102912.5291        17.4      -102824.8100       -87.7191 17m45s/Msamples
        7421000   -102913.8294        17.4      -102829.5763       -84.2531 17m45s/Msamples
        7422000   -102909.5345        17.4      -102825.1158       -84.4186 17m45s/Msamples
        7423000   -102898.5728        17.4      -102818.5685       -80.0043 17m45s/Msamples
        7424000   -102897.4048        17.4      -102820.3544       -77.0504 17m45s/Msamples
        7425000   -102917.6921        17.4      -102828.3193       -89.3727 17m45s/Msamples
        7426000   -102906.6115        17.4      -102826.3706       -80.2408 17m45s/Msamples
        7427000   -102920.3784        17.4      -102829.2409       -91.1374 17m45s/Msamples
        7428000   -102898.3640        17.4      -102820.8535       -77.5104 17m45s/Msamples
        7429000   -102907.5171        17.4      -102831.8519       -75.6651 17m45s/Msamples
        7430000   -102907.1307        17.4      -102821.5519       -85.5787 17m45s/Msamples
        7431000   -102902.3858        17.4      -102827.6101       -74.7757 17m45s/Msamples
        7432000   -102902.6626        17.4      -102820.6047       -82.0578 17m45s/Msamples
        7433000   -102924.6478        17.4      -102825.4380       -99.2098 17m45s/Msamples
        7434000   -102923.8179        17.4      -102827.8277       -95.9901 17m45s/Msamples
        7435000   -102917.4118        17.4      -102832.4939       -84.9179 17m45s/Msamples
        7436000   -102914.1159        17.4      -102823.5377       -90.5781 17m45s/Msamples
        7437000   -102915.7221        17.4      -102826.5206       -89.2015 17m45s/Msamples
        7438000   -102920.0510        17.4      -102829.0546       -90.9964 17m45s/Msamples
        7439000   -102933.0520        17.4      -102833.4487       -99.6033 17m45s/Msamples
        7440000   -102913.4243        17.4      -102825.9165       -87.5077 17m45s/Msamples
        7441000   -102919.7884        17.4      -102826.3549       -93.4335 17m45s/Msamples
        7442000   -102931.5078        17.5      -102838.3721       -93.1356 17m45s/Msamples
        7443000   -102903.8561        17.5      -102820.4497       -83.4063 17m45s/Msamples
        7444000   -102911.3272        17.5      -102827.7990       -83.5281 17m45s/Msamples
        7445000   -102912.4314        17.5      -102828.1946       -84.2367 17m45s/Msamples
        7446000   -102909.6932        17.5      -102824.7578       -84.9354 17m45s/Msamples
        7447000   -102920.9668        17.5      -102828.5887       -92.3780 17m45s/Msamples
        7448000   -102925.4947        17.5      -102829.7791       -95.7156 17m45s/Msamples
        7449000   -102919.3269        17.5      -102827.6356       -91.6913 17m45s/Msamples
        7450000   -102900.7550        17.5      -102817.7455       -83.0095 17m45s/Msamples
        7451000   -102914.3130        17.5      -102824.2154       -90.0976 17m45s/Msamples
        7452000   -102912.9095        17.5      -102827.0005       -85.9089 17m45s/Msamples
        7453000   -102906.5202        17.5      -102820.5559       -85.9642 17m45s/Msamples
        7454000   -102912.8450        17.5      -102828.2435       -84.6015 17m45s/Msamples
        7455000   -102914.2955        17.5      -102835.1440       -79.1514 17m45s/Msamples
        7456000   -102909.2295        17.5      -102821.7508       -87.4787 17m45s/Msamples
        7457000   -102908.1879        17.5      -102824.1504       -84.0375 17m45s/Msamples
        7458000   -102917.3267        17.5      -102825.2257       -92.1009 17m45s/Msamples
        7459000   -102914.1982        17.5      -102823.8593       -90.3389 17m45s/Msamples
        7460000   -102925.1024        17.5      -102824.4829      -100.6194 17m45s/Msamples
        7461000   -102925.1755        17.5      -102832.2617       -92.9138 17m45s/Msamples
        7462000   -102923.7518        17.5      -102825.6207       -98.1310 17m45s/Msamples
        7463000   -102929.2115        17.5      -102836.9998       -92.2116 17m45s/Msamples
        7464000   -102931.5633        17.5      -102833.2092       -98.3541 17m45s/Msamples
        7465000   -102934.8674        17.5      -102837.5120       -97.3554 17m45s/Msamples
        7466000   -102923.8595        17.5      -102830.0699       -93.7896 17m45s/Msamples
        7467000   -102920.8043        17.5      -102828.7532       -92.0510 17m45s/Msamples
        7468000   -102931.4594        17.5      -102830.9105      -100.5489 17m45s/Msamples
        7469000   -102923.4978        17.6      -102830.1967       -93.3010 17m45s/Msamples
        7470000   -102934.0671        17.6      -102832.5081      -101.5590 17m45s/Msamples
        7471000   -102927.5834        17.6      -102832.1102       -95.4731 17m45s/Msamples
        7472000   -102920.9085        17.6      -102829.2118       -91.6967 17m45s/Msamples
        7473000   -102914.4111        17.6      -102824.1417       -90.2694 17m45s/Msamples
        7474000   -102921.8185        17.6      -102835.3871       -86.4314 17m45s/Msamples
        7475000   -102916.3278        17.6      -102827.9956       -88.3322 17m45s/Msamples
        7476000   -102907.0482        17.6      -102818.8538       -88.1943 17m45s/Msamples
        7477000   -102901.9628        17.6      -102815.8236       -86.1392 17m45s/Msamples
        7478000   -102914.6551        17.6      -102817.1157       -97.5394 17m45s/Msamples
        7479000   -102920.1243        17.6      -102827.2066       -92.9177 17m45s/Msamples
        7480000   -102923.4577        17.6      -102829.7849       -93.6727 17m45s/Msamples
        7481000   -102917.1372        17.6      -102819.6404       -97.4967 17m45s/Msamples
        7482000   -102923.4369        17.6      -102825.6516       -97.7852 17m45s/Msamples
        7483000   -102909.6601        17.6      -102818.9067       -90.7534 17m45s/Msamples
        7484000   -102926.0499        17.6      -102829.3954       -96.6545 17m45s/Msamples
        7485000   -102929.9073        17.6      -102832.9466       -96.9606 17m45s/Msamples
        7486000   -102934.8005        17.6      -102834.5192      -100.2812 17m45s/Msamples
        7487000   -102924.9749        17.6      -102831.3496       -93.6252 17m45s/Msamples
        7488000   -102914.0388        17.6      -102828.9516       -85.0871 17m45s/Msamples
        7489000   -102904.9976        17.6      -102822.9194       -82.0782 17m45s/Msamples
        7490000   -102933.3869        17.6      -102835.9435       -97.4434 17m45s/Msamples
        7491000   -102925.7550        17.6      -102826.0762       -99.6787 17m45s/Msamples
        7492000   -102935.4598        17.7      -102834.0176      -101.4422 17m45s/Msamples
        7493000   -102936.6872        17.7      -102827.9262      -108.7610 17m45s/Msamples
        7494000   -102931.9079        17.7      -102832.6956       -99.2122 17m45s/Msamples
        7495000   -102926.9352        17.7      -102828.9133       -98.0219 17m45s/Msamples
        7496000   -102932.9168        17.7      -102833.1355       -99.7812 17m45s/Msamples
        7497000   -102935.5814        17.7      -102838.4949       -97.0865 17m45s/Msamples
        7498000   -102916.1501        17.7      -102824.9264       -91.2237 17m45s/Msamples
        7499000   -102917.5336        17.7      -102824.0578       -93.4757 17m45s/Msamples
        7500000   -102917.2372        17.7      -102821.8354       -95.4018 17m45s/Msamples
        7501000   -102922.9683        17.7      -102828.0172       -94.9510 17m45s/Msamples
        7502000   -102929.4474        17.7      -102828.8301      -100.6173 17m45s/Msamples
        7503000   -102930.3078        17.7      -102830.3409       -99.9669 17m45s/Msamples
        7504000   -102931.8593        17.7      -102829.0722      -102.7870 17m45s/Msamples
        7505000   -102926.3399        17.7      -102831.5100       -94.8298 17m45s/Msamples
        7506000   -102931.1821        17.7      -102832.6432       -98.5389 17m45s/Msamples
        7507000   -102931.8653        17.7      -102830.0325      -101.8328 17m45s/Msamples
        7508000   -102937.9348        17.8      -102835.5556      -102.3791 17m45s/Msamples
        7509000   -102927.1966        17.8      -102834.3387       -92.8578 17m45s/Msamples
        7510000   -102935.5928        17.8      -102835.6182       -99.9745 17m45s/Msamples
        7511000   -102938.1872        17.8      -102835.8388      -102.3483 17m45s/Msamples
        7512000   -102930.5189        17.8      -102837.5411       -92.9777 17m45s/Msamples
        7513000   -102909.9077        17.8      -102822.4383       -87.4693 17m45s/Msamples
        7514000   -102925.3828        17.8      -102832.3977       -92.9850 17m45s/Msamples
        7515000   -102904.9766        17.8      -102818.2327       -86.7438 17m45s/Msamples
        7516000   -102912.6013        17.8      -102821.7300       -90.8712 17m45s/Msamples
        7517000   -102921.9883        17.8      -102827.0949       -94.8933 17m45s/Msamples
        7518000   -102927.3708        17.8      -102826.0623      -101.3085 17m45s/Msamples
        7519000   -102915.4567        17.8      -102819.1493       -96.3073 17m45s/Msamples
        7520000   -102916.7265        17.8      -102823.0327       -93.6938 17m45s/Msamples
        7521000   -102914.2549        17.8      -102826.6585       -87.5964 17m45s/Msamples
        7522000   -102911.1976        17.8      -102821.9800       -89.2176 17m45s/Msamples
        7523000   -102917.7948        17.8      -102828.6235       -89.1712 17m45s/Msamples
        7524000   -102917.7351        17.8      -102823.8887       -93.8464 17m45s/Msamples
        7525000   -102931.7201        17.8      -102833.6804       -98.0397 17m45s/Msamples
        7526000   -102921.3310        17.8      -102827.6820       -93.6490 17m45s/Msamples
        7527000   -102937.9670        17.9      -102838.7382       -99.2288 17m45s/Msamples
        7528000   -102932.0719        17.9      -102831.9043      -100.1676 17m45s/Msamples
        7529000   -102915.9472        17.9      -102825.2436       -90.7035 17m45s/Msamples
        7530000   -102927.6064        17.9      -102823.0225      -104.5838 17m45s/Msamples
        7531000   -102921.8338        17.9      -102821.4248      -100.4090 17m45s/Msamples
        7532000   -102924.4616        17.9      -102817.4385      -107.0230 17m45s/Msamples
        7533000   -102925.0806        17.9      -102819.5236      -105.5569 17m45s/Msamples
        7534000   -102916.5516        17.9      -102813.1919      -103.3596 17m45s/Msamples
        7535000   -102926.4161        17.9      -102817.0528      -109.3633 17m45s/Msamples
        7536000   -102941.2871        17.9      -102822.5771      -118.7099 17m45s/Msamples
        7537000   -102960.1464        17.9      -102828.4386      -131.7077 17m45s/Msamples
        7538000   -102951.1252        17.9      -102824.4586      -126.6665 17m45s/Msamples
        7539000   -102951.7340        18.0      -102825.8718      -125.8621 17m45s/Msamples
        7540000   -102955.3672        18.0      -102834.1346      -121.2326 17m45s/Msamples
        7541000   -102941.7652        18.0      -102826.3405      -115.4247 17m45s/Msamples
        7542000   -102939.1638        18.0      -102824.5507      -114.6130 17m45s/Msamples
        7543000   -102933.7295        18.0      -102821.2122      -112.5173 17m45s/Msamples
        7544000   -102933.8706        18.0      -102823.9313      -109.9392 17m45s/Msamples
        7545000   -102929.6269        18.0      -102826.1755      -103.4513 17m45s/Msamples
        7546000   -102922.8659        18.0      -102824.7743       -98.0915 17m45s/Msamples
        7547000   -102909.9507        18.0      -102816.2784       -93.6723 17m45s/Msamples
        7548000   -102910.7163        18.0      -102814.9189       -95.7973 17m45s/Msamples
        7549000   -102914.6847        18.1      -102818.6305       -96.0542 17m45s/Msamples
        7550000   -102924.2960        18.1      -102826.4443       -97.8517 17m45s/Msamples
        7551000   -102921.2503        18.1      -102825.6503       -95.6000 17m45s/Msamples
        7552000   -102914.9815        18.1      -102823.7005       -91.2810 17m45s/Msamples
        7553000   -102912.6769        18.1      -102818.1869       -94.4900 17m45s/Msamples
        7554000   -102910.6261        18.1      -102817.4035       -93.2226 17m45s/Msamples
        7555000   -102913.5658        18.1      -102821.0865       -92.4793 17m45s/Msamples
        7556000   -102915.2779        18.1      -102821.4840       -93.7939 17m45s/Msamples
        7557000   -102920.4463        18.1      -102820.9001       -99.5461 17m45s/Msamples
        7558000   -102925.0390        18.1      -102823.8264      -101.2125 17m45s/Msamples
        7559000   -102921.3814        18.1      -102825.7107       -95.6706 17m45s/Msamples
        7560000   -102916.4547        18.1      -102822.8378       -93.6168 17m45s/Msamples
        7561000   -102919.2665        18.1      -102824.7141       -94.5524 17m45s/Msamples
        7562000   -102929.7364        18.1      -102824.8884      -104.8479 17m45s/Msamples
        7563000   -102932.5651        18.1      -102832.6335       -99.9315 17m45s/Msamples
        7564000   -102950.5185        18.1      -102832.4492      -118.0693 17m45s/Msamples
        7565000   -102926.9633        18.1      -102825.6061      -101.3571 17m45s/Msamples
        7566000   -102934.3984        18.1      -102829.8142      -104.5842 17m45s/Msamples
        7567000   -102932.3115        18.1      -102835.4049       -96.9066 17m45s/Msamples
        7568000   -102944.4324        18.2      -102845.6371       -98.7952 17m45s/Msamples
        7569000   -102916.0367        18.2      -102833.9312       -82.1055 17m45s/Msamples
        7570000   -102913.3586        18.2      -102826.2224       -87.1362 17m45s/Msamples
        7571000   -102919.2589        18.2      -102828.6894       -90.5694 17m45s/Msamples
        7572000   -102925.8452        18.2      -102822.6738      -103.1713 17m45s/Msamples
        7573000   -102932.1194        18.2      -102832.7515       -99.3679 17m45s/Msamples
        7574000   -102931.8390        18.2      -102831.9260       -99.9129 17m45s/Msamples
        7575000   -102930.1509        18.2      -102833.9451       -96.2058 17m45s/Msamples
        7576000   -102931.9045        18.2      -102833.9049       -97.9996 17m45s/Msamples
        7577000   -102930.7917        18.2      -102833.4873       -97.3044 17m45s/Msamples
        7578000   -102926.2027        18.2      -102831.6934       -94.5092 17m45s/Msamples
        7579000   -102919.7792        18.2      -102821.5382       -98.2409 17m45s/Msamples
        7580000   -102918.5230        18.2      -102826.1278       -92.3952 17m45s/Msamples
        7581000   -102909.4642        18.2      -102823.0853       -86.3789 17m45s/Msamples
        7582000   -102907.6075        18.2      -102817.5110       -90.0964 17m45s/Msamples
        7583000   -102907.0718        18.2      -102816.4042       -90.6675 17m45s/Msamples
        7584000   -102909.0656        18.2      -102821.4864       -87.5792 17m45s/Msamples
        7585000   -102925.5317        18.2      -102832.1410       -93.3907 17m45s/Msamples
        7586000   -102921.1661        18.2      -102825.0403       -96.1258 17m45s/Msamples
        7587000   -102920.5070        18.2      -102826.3178       -94.1891 17m45s/Msamples
        7588000   -102929.4799        18.3      -102829.5436       -99.9362 17m45s/Msamples
        7589000   -102920.4430        18.3      -102825.5244       -94.9185 17m45s/Msamples
        7590000   -102931.9921        18.3      -102835.3121       -96.6799 17m45s/Msamples
        7591000   -102922.7593        18.3      -102829.8748       -92.8844 17m45s/Msamples
        7592000   -102928.7758        18.3      -102833.0112       -95.7646 17m45s/Msamples
        7593000   -102934.7851        18.3      -102835.4535       -99.3315 17m45s/Msamples
        7594000   -102930.3656        18.3      -102831.2610       -99.1046 17m45s/Msamples
        7595000   -102951.2775        18.3      -102843.3648      -107.9127 17m45s/Msamples
        7596000   -102947.2811        18.3      -102834.3071      -112.9740 17m45s/Msamples
        7597000   -102934.4278        18.3      -102825.9695      -108.4582 17m45s/Msamples
        7598000   -102933.3982        18.3      -102826.4217      -106.9764 17m45s/Msamples
        7599000   -102925.0863        18.3      -102825.0474      -100.0389 17m45s/Msamples
        7600000   -102912.9542        18.4      -102828.8609       -84.0933 17m45s/Msamples
        7601000   -102924.3023        18.4      -102831.9875       -92.3148 17m45s/Msamples
        7602000   -102912.1324        18.4      -102833.1995       -78.9328 17m45s/Msamples
        7603000   -102926.0808        18.4      -102834.8553       -91.2254 17m45s/Msamples
        7604000   -102917.1603        18.4      -102832.6745       -84.4858 17m45s/Msamples
        7605000   -102918.7968        18.4      -102833.4267       -85.3701 17m45s/Msamples
        7606000   -102920.3185        18.4      -102825.4198       -94.8986 17m45s/Msamples
        7607000   -102917.7617        18.4      -102826.8358       -90.9259 17m45s/Msamples
        7608000   -102925.2388        18.4      -102824.5404      -100.6983 17m45s/Msamples
        7609000   -102920.1508        18.4      -102824.9423       -95.2085 17m45s/Msamples
        7610000   -102923.4219        18.4      -102830.6308       -92.7911 17m45s/Msamples
        7611000   -102926.1103        18.4      -102830.4233       -95.6869 17m45s/Msamples
        7612000   -102935.0638        18.4      -102831.4159      -103.6478 17m45s/Msamples
        7613000   -102929.8891        18.4      -102827.6728      -102.2163 17m45s/Msamples
        7614000   -102925.1179        18.4      -102827.4804       -97.6375 17m45s/Msamples
        7615000   -102903.0468        18.4      -102817.2512       -85.7955 17m45s/Msamples
        7616000   -102916.0184        18.4      -102827.9994       -88.0190 17m45s/Msamples
        7617000   -102920.0292        18.4      -102829.8370       -90.1922 17m45s/Msamples
        7618000   -102918.3799        18.4      -102827.8334       -90.5464 17m45s/Msamples
        7619000   -102926.1240        18.4      -102832.2442       -93.8797 17m45s/Msamples
        7620000   -102927.7291        18.4      -102828.8797       -98.8494 17m45s/Msamples
        7621000   -102926.0047        18.4      -102839.6779       -86.3267 17m45s/Msamples
        7622000   -102910.5387        18.4      -102820.2546       -90.2840 17m45s/Msamples
        7623000   -102916.4158        18.4      -102821.8289       -94.5869 17m45s/Msamples
        7624000   -102917.3375        18.4      -102823.1988       -94.1386 17m45s/Msamples
        7625000   -102918.0853        18.4      -102830.7609       -87.3243 17m45s/Msamples
        7626000   -102910.1306        18.5      -102828.2680       -81.8625 17m45s/Msamples
        7627000   -102904.9735        18.5      -102829.2065       -75.7669 17m45s/Msamples
        7628000   -102909.6739        18.5      -102831.9783       -77.6956 17m45s/Msamples
        7629000   -102915.6262        18.5      -102825.3703       -90.2558 17m45s/Msamples
        7630000   -102915.7001        18.5      -102830.9492       -84.7508 17m45s/Msamples
        7631000   -102914.5029        18.5      -102819.3866       -95.1162 17m45s/Msamples
        7632000   -102918.6204        18.5      -102818.1709      -100.4494 17m45s/Msamples
        7633000   -102921.1136        18.5      -102823.1570       -97.9565 17m45s/Msamples
        7634000   -102919.3701        18.5      -102821.9417       -97.4284 17m45s/Msamples
        7635000   -102915.9811        18.5      -102823.3987       -92.5824 17m45s/Msamples
        7636000   -102907.4838        18.5      -102821.7848       -85.6989 17m45s/Msamples
        7637000   -102909.3365        18.5      -102821.6932       -87.6432 17m45s/Msamples
        7638000   -102908.2091        18.5      -102826.1442       -82.0648 17m45s/Msamples
        7639000   -102910.7005        18.9      -102830.0826       -80.6178 17m45s/Msamples
        7640000   -102914.0886        18.9      -102827.6982       -86.3903 17m45s/Msamples
        7641000   -102903.4576        18.9      -102816.4151       -87.0424 17m45s/Msamples
        7642000   -102914.6375        18.9      -102830.1065       -84.5310 17m45s/Msamples
        7643000   -102904.2649        18.9      -102823.3550       -80.9099 17m45s/Msamples
        7644000   -102917.2510        18.9      -102833.8209       -83.4301 17m45s/Msamples
        7645000   -102898.3389        18.9      -102828.1143       -70.2246 17m45s/Msamples
        7646000   -102890.7576        18.5      -102826.3922       -64.3654 17m45s/Msamples
        7647000   -102892.1317        18.5      -102818.7944       -73.3373 17m45s/Msamples
        7648000   -102896.9468        18.5      -102823.4002       -73.5466 17m45s/Msamples
        7649000   -102905.4990        18.5      -102823.8115       -81.6874 17m45s/Msamples
        7650000   -102903.5082        18.5      -102827.9105       -75.5977 17m45s/Msamples
        7651000   -102893.6781        18.5      -102821.1126       -72.5654 17m45s/Msamples
        7652000   -102913.8678        18.5      -102834.1533       -79.7144 17m45s/Msamples
        7653000   -102914.7501        18.5      -102833.1287       -81.6214 17m45s/Msamples
        7654000   -102920.3833        18.6      -102834.9742       -85.4090 17m45s/Msamples
        7655000   -102923.6080        18.6      -102835.9243       -87.6837 17m45s/Msamples
        7656000   -102924.4111        18.6      -102832.1362       -92.2748 17m45s/Msamples
        7657000   -102911.1328        18.6      -102832.4216       -78.7111 17m45s/Msamples
        7658000   -102925.8405        18.6      -102832.3444       -93.4961 17m45s/Msamples
        7659000   -102930.4362        18.6      -102837.9798       -92.4563 17m45s/Msamples
        7660000   -102930.6956        18.6      -102835.7592       -94.9364 17m45s/Msamples
        7661000   -102931.0278        18.6      -102834.5554       -96.4724 17m45s/Msamples
        7662000   -102928.4367        19.0      -102832.6922       -95.7444 17m45s/Msamples
        7663000   -102926.1566        19.0      -102839.5671       -86.5895 17m45s/Msamples
        7664000   -102927.2186        19.0      -102840.0466       -87.1719 17m45s/Msamples
        7665000   -102922.4631        19.0      -102839.4898       -82.9732 17m45s/Msamples
        7666000   -102933.1653        19.0      -102844.4690       -88.6962 17m45s/Msamples
        7667000   -102937.0317        19.0      -102845.2403       -91.7913 17m45s/Msamples
        7668000   -102933.0395        19.0      -102844.7124       -88.3270 17m45s/Msamples
        7669000   -102929.7992        19.0      -102843.4089       -86.3903 17m45s/Msamples
        7670000   -102933.5085        19.0      -102844.1497       -89.3587 17m45s/Msamples
        7671000   -102937.6798        19.0      -102843.4640       -94.2158 17m45s/Msamples
        7672000   -102939.1627        19.1      -102840.2260       -98.9367 17m45s/Msamples
        7673000   -102932.9849        19.1      -102838.0760       -94.9088 17m45s/Msamples
        7674000   -102927.8990        19.1      -102836.3571       -91.5419 17m45s/Msamples
        7675000   -102921.1473        19.1      -102829.2256       -91.9217 17m45s/Msamples
        7676000   -102914.2534        19.1      -102828.6877       -85.5657 17m45s/Msamples
        7677000   -102911.1050        19.1      -102822.3833       -88.7217 17m45s/Msamples
        7678000   -102917.3535        19.1      -102829.3430       -88.0104 17m45s/Msamples
        7679000   -102906.6213        19.1      -102829.4252       -77.1960 17m45s/Msamples
        7680000   -102903.3850        19.1      -102824.8689       -78.5160 17m45s/Msamples
        7681000   -102910.0245        19.1      -102831.5165       -78.5079 17m45s/Msamples
        7682000   -102909.0753        19.1      -102825.9164       -83.1589 17m45s/Msamples
        7683000   -102895.4111        19.1      -102820.0577       -75.3534 17m45s/Msamples
        7684000   -102889.2680        19.1      -102817.4639       -71.8041 17m45s/Msamples
        7685000   -102896.8933        19.1      -102820.6181       -76.2752 17m45s/Msamples
        7686000   -102914.4676        19.1      -102830.2828       -84.1848 17m45s/Msamples
        7687000   -102908.9260        19.1      -102824.4389       -84.4870 17m45s/Msamples
        7688000   -102903.4312        19.1      -102824.0639       -79.3673 17m45s/Msamples
        7689000   -102907.5255        19.1      -102822.4225       -85.1030 17m45s/Msamples
        7690000   -102913.8856        19.1      -102824.7035       -89.1821 17m45s/Msamples
        7691000   -102918.1046        19.1      -102828.0778       -90.0267 17m45s/Msamples
        7692000   -102914.8288        19.1      -102826.1038       -88.7249 17m45s/Msamples
        7693000   -102909.1954        19.1      -102825.2501       -83.9452 17m45s/Msamples
        7694000   -102910.5930        19.1      -102830.8847       -79.7082 17m45s/Msamples
        7695000   -102915.5833        19.1      -102826.8085       -88.7747 17m45s/Msamples
        7696000   -102894.0704        19.1      -102820.9905       -73.0799 17m45s/Msamples
        7697000   -102898.7440        19.1      -102827.3131       -71.4308 17m45s/Msamples
        7698000   -102896.4653        19.2      -102821.7938       -74.6714 17m45s/Msamples
        7699000   -102910.0048        19.2      -102822.4917       -87.5130 17m45s/Msamples
        7700000   -102891.0009        19.2      -102821.5450       -69.4558 17m45s/Msamples
        7701000   -102897.8235        19.2      -102827.3051       -70.5184 17m45s/Msamples
        7702000   -102906.1001        19.2      -102826.1177       -79.9824 17m45s/Msamples
        7703000   -102909.4132        19.2      -102824.0525       -85.3607 17m45s/Msamples
        7704000   -102899.6449        19.2      -102824.0464       -75.5984 17m45s/Msamples
        7705000   -102913.0950        19.2      -102827.9489       -85.1460 17m45s/Msamples
        7706000   -102919.1689        19.2      -102830.3755       -88.7934 17m45s/Msamples
        7707000   -102912.7215        18.8      -102829.0972       -83.6242 17m45s/Msamples
        7708000   -102910.5545        18.8      -102827.4100       -83.1445 17m45s/Msamples
        7709000   -102904.5141        18.8      -102827.4463       -77.0677 17m45s/Msamples
        7710000   -102909.5850        18.8      -102828.3726       -81.2123 17m45s/Msamples
        7711000   -102912.0746        18.8      -102826.4223       -85.6523 17m45s/Msamples
        7712000   -102920.7113        18.8      -102831.3488       -89.3625 17m45s/Msamples
        7713000   -102919.7820        18.8      -102827.8665       -91.9155 17m45s/Msamples
        7714000   -102915.2162        18.8      -102827.5895       -87.6266 17m45s/Msamples
        7715000   -102911.1228        18.8      -102829.7072       -81.4156 17m45s/Msamples
        7716000   -102899.5878        18.8      -102825.6762       -73.9115 17m45s/Msamples
        7717000   -102899.6459        18.8      -102828.6058       -71.0401 17m45s/Msamples
        7718000   -102900.6383        18.8      -102829.2292       -71.4090 17m45s/Msamples
        7719000   -102902.6873        18.8      -102823.2423       -79.4449 17m45s/Msamples
        7720000   -102899.9627        18.8      -102827.3993       -72.5633 17m45s/Msamples
        7721000   -102905.5085        18.8      -102827.5111       -77.9973 17m45s/Msamples
        7722000   -102903.8378        18.8      -102826.8313       -77.0064 17m45s/Msamples
        7723000   -102901.9253        18.8      -102826.0274       -75.8979 17m45s/Msamples
        7724000   -102915.1494        18.8      -102823.6624       -91.4869 17m45s/Msamples
        7725000   -102909.2993        18.8      -102826.7691       -82.5301 17m45s/Msamples
        7726000   -102908.9917        18.8      -102823.1705       -85.8211 17m45s/Msamples
        7727000   -102900.9749        18.8      -102817.7419       -83.2330 17m45s/Msamples
        7728000   -102909.5497        18.8      -102824.7875       -84.7622 17m45s/Msamples
        7729000   -102892.3680        18.8      -102817.9297       -74.4382 17m45s/Msamples
        7730000   -102883.0462        18.8      -102811.9612       -71.0850 17m45s/Msamples
        7731000   -102900.3316        18.9      -102817.0173       -83.3142 17m45s/Msamples
        7732000   -102910.2297        18.9      -102820.6783       -89.5513 17m45s/Msamples
        7733000   -102910.3016        18.9      -102818.2300       -92.0715 17m45s/Msamples
        7734000   -102900.0612        18.9      -102818.9852       -81.0760 17m45s/Msamples
        7735000   -102905.0888        18.9      -102822.4037       -82.6850 17m45s/Msamples
        7736000   -102894.9877        18.9      -102822.4574       -72.5303 17m45s/Msamples
        7737000   -102904.6875        18.9      -102825.1613       -79.5261 17m45s/Msamples
        7738000   -102913.5742        18.9      -102825.3691       -88.2051 17m45s/Msamples
        7739000   -102924.4419        18.9      -102829.6001       -94.8418 17m45s/Msamples
        7740000   -102917.5920        18.9      -102830.0856       -87.5064 17m45s/Msamples
        7741000   -102927.0776        18.9      -102827.8300       -99.2475 17m45s/Msamples
        7742000   -102931.2496        18.9      -102830.8732      -100.3764 17m45s/Msamples
        7743000   -102924.7378        18.9      -102829.7319       -95.0058 17m45s/Msamples
        7744000   -102915.0935        18.9      -102825.3736       -89.7198 17m45s/Msamples
        7745000   -102904.8647        18.9      -102825.0329       -79.8317 17m45s/Msamples
        7746000   -102905.7211        18.9      -102818.8754       -86.8457 17m45s/Msamples
        7747000   -102901.3089        18.9      -102816.8982       -84.4106 17m45s/Msamples
        7748000   -102917.3857        18.9      -102827.5960       -89.7896 17m45s/Msamples
        7749000   -102909.0815        18.9      -102824.5586       -84.5229 17m45s/Msamples
        7750000   -102905.3359        18.9      -102822.4882       -82.8477 17m45s/Msamples
        7751000   -102911.4728        18.9      -102825.7907       -85.6821 17m45s/Msamples
        7752000   -102906.9261        18.9      -102827.9815       -78.9446 17m45s/Msamples
        7753000   -102912.7643        18.9      -102826.8857       -85.8786 17m45s/Msamples
        7754000   -102902.0793        18.9      -102820.0359       -82.0434 17m45s/Msamples
        7755000   -102906.8121        18.9      -102822.7904       -84.0216 17m45s/Msamples
        7756000   -102916.5205        18.9      -102827.6271       -88.8934 17m45s/Msamples
        7757000   -102911.1795        18.9      -102833.7962       -77.3833 17m45s/Msamples
        7758000   -102906.2204        18.9      -102832.0836       -74.1368 17m45s/Msamples
        7759000   -102917.6982        18.9      -102832.0687       -85.6295 17m45s/Msamples
        7760000   -102918.4462        18.9      -102832.3503       -86.0958 17m45s/Msamples
        7761000   -102906.7914        18.9      -102827.2397       -79.5517 17m45s/Msamples
        7762000   -102908.3088        18.9      -102829.7606       -78.5482 17m45s/Msamples
        7763000   -102919.1518        18.9      -102829.0875       -90.0643 17m45s/Msamples
        7764000   -102904.7097        19.0      -102827.7762       -76.9334 17m45s/Msamples
        7765000   -102891.2253        19.0      -102826.9375       -64.2878 17m45s/Msamples
        7766000   -102886.9044        19.0      -102817.3650       -69.5394 17m45s/Msamples
        7767000   -102903.2055        19.0      -102821.7552       -81.4503 17m45s/Msamples
        7768000   -102907.1855        19.0      -102828.6416       -78.5438 17m45s/Msamples
        7769000   -102910.4660        19.0      -102824.8110       -85.6550 17m45s/Msamples
        7770000   -102915.9107        19.0      -102830.8467       -85.0639 17m45s/Msamples
        7771000   -102909.9129        19.0      -102830.2388       -79.6740 17m45s/Msamples
        7772000   -102919.9362        19.0      -102835.7263       -84.2099 17m45s/Msamples
        7773000   -102921.8940        19.0      -102838.8982       -82.9957 17m45s/Msamples
        7774000   -102909.5759        19.0      -102833.7254       -75.8504 17m45s/Msamples
        7775000   -102902.3895        19.0      -102829.4075       -72.9820 17m45s/Msamples
        7776000   -102897.2682        19.0      -102828.2732       -68.9949 17m45s/Msamples
        7777000   -102895.7036        19.0      -102826.1331       -69.5704 17m45s/Msamples
        7778000   -102885.7166        19.0      -102816.9890       -68.7275 17m45s/Msamples
        7779000   -102875.9572        19.0      -102814.5283       -61.4289 17m45s/Msamples
        7780000   -102880.9874        19.0      -102813.7160       -67.2714 17m45s/Msamples
        7781000   -102889.1489        19.0      -102816.9563       -72.1926 17m45s/Msamples
        7782000   -102895.7635        19.0      -102820.9207       -74.8428 17m45s/Msamples
        7783000   -102903.7467        19.0      -102823.7826       -79.9641 17m45s/Msamples
        7784000   -102900.0315        19.0      -102816.8091       -83.2224 17m45s/Msamples
        7785000   -102896.2511        19.0      -102814.9642       -81.2868 17m45s/Msamples
        7786000   -102893.5614        19.0      -102813.0336       -80.5278 17m45s/Msamples
        7787000   -102907.5733        19.0      -102818.6026       -88.9707 17m45s/Msamples
        7788000   -102892.9054        19.0      -102814.4664       -78.4389 17m45s/Msamples
        7789000   -102899.5134        19.1      -102821.5490       -77.9643 17m45s/Msamples
        7790000   -102891.6406        19.1      -102817.2787       -74.3618 17m45s/Msamples
        7791000   -102913.6649        19.1      -102826.4077       -87.2571 17m45s/Msamples
        7792000   -102906.1042        19.1      -102820.5104       -85.5937 17m45s/Msamples
        7793000   -102912.5649        19.1      -102821.5839       -90.9809 17m45s/Msamples
        7794000   -102907.6919        19.1      -102815.7719       -91.9199 17m45s/Msamples
        7795000   -102904.1451        19.1      -102824.1450       -80.0001 17m45s/Msamples
        7796000   -102907.2380        19.1      -102830.2122       -77.0257 17m45s/Msamples
        7797000   -102910.4454        19.1      -102827.6175       -82.8279 17m45s/Msamples
        7798000   -102901.3008        19.1      -102822.2624       -79.0384 17m45s/Msamples
        7799000   -102897.7448        19.1      -102823.2120       -74.5328 17m45s/Msamples
        7800000   -102904.6114        19.1      -102823.2052       -81.4062 17m45s/Msamples
        7801000   -102899.0233        19.1      -102813.8278       -85.1954 17m45s/Msamples
        7802000   -102897.2967        19.1      -102815.7565       -81.5402 17m45s/Msamples
        7803000   -102893.7087        19.1      -102814.2083       -79.5004 17m45s/Msamples
        7804000   -102911.9602        19.1      -102824.8866       -87.0735 17m45s/Msamples
        7805000   -102913.6464        19.1      -102829.9669       -83.6794 17m45s/Msamples
        7806000   -102913.4814        19.1      -102821.8877       -91.5937 17m45s/Msamples
        7807000   -102906.6295        19.1      -102820.1231       -86.5064 17m45s/Msamples
        7808000   -102916.1646        19.1      -102825.9804       -90.1841 17m45s/Msamples
        7809000   -102922.9934        19.1      -102830.2064       -92.7870 17m45s/Msamples
        7810000   -102911.3935        19.1      -102827.2980       -84.0954 17m45s/Msamples
        7811000   -102912.3522        19.1      -102829.4214       -82.9307 17m45s/Msamples
        7812000   -102919.2341        19.1      -102825.9162       -93.3178 17m45s/Msamples
        7813000   -102911.0503        19.1      -102827.6233       -83.4270 17m45s/Msamples
        7814000   -102908.7619        19.1      -102827.0683       -81.6936 17m45s/Msamples
        7815000   -102908.7779        19.1      -102823.8135       -84.9644 17m45s/Msamples
        7816000   -102914.9430        19.1      -102823.0070       -91.9360 17m45s/Msamples
        7817000   -102908.0538        19.1      -102820.5190       -87.5348 17m45s/Msamples
        7818000   -102926.6896        19.1      -102830.9335       -95.7560 17m45s/Msamples
        7819000   -102933.0752        19.1      -102833.8219       -99.2533 17m45s/Msamples
        7820000   -102919.1176        19.1      -102824.8888       -94.2288 17m45s/Msamples
        7821000   -102911.2179        19.1      -102821.3615       -89.8563 17m45s/Msamples
        7822000   -102915.7646        19.1      -102822.6647       -93.0998 17m45s/Msamples
        7823000   -102913.9332        19.1      -102825.0693       -88.8639 17m45s/Msamples
        7824000   -102917.8201        19.1      -102816.5293      -101.2908 17m45s/Msamples
        7825000   -102928.3333        19.1      -102824.3264      -104.0069 17m45s/Msamples
        7826000   -102924.1633        19.1      -102823.5343      -100.6289 17m45s/Msamples
        7827000   -102921.7309        19.1      -102821.3833      -100.3476 17m45s/Msamples
        7828000   -102924.8834        19.2      -102825.3813       -99.5020 17m45s/Msamples
        7829000   -102921.7752        19.2      -102830.1779       -91.5973 17m45s/Msamples
        7830000   -102918.6239        19.2      -102820.5884       -98.0354 17m45s/Msamples
        7831000   -102938.8800        19.2      -102833.3157      -105.5643 17m45s/Msamples
        7832000   -102934.5290        19.2      -102826.2592      -108.2697 17m45s/Msamples
        7833000   -102942.0573        19.2      -102829.7561      -112.3011 17m45s/Msamples
        7834000   -102948.7240        19.2      -102833.3042      -115.4197 17m45s/Msamples
        7835000   -102942.2957        19.2      -102832.1384      -110.1573 17m45s/Msamples
        7836000   -102954.3040        19.2      -102842.9257      -111.3782 17m45s/Msamples
        7837000   -102938.5906        19.2      -102828.8768      -109.7137 17m45s/Msamples
        7838000   -102932.9724        19.2      -102825.7634      -107.2090 17m45s/Msamples
        7839000   -102929.6608        19.3      -102823.6468      -106.0139 17m45s/Msamples
        7840000   -102926.4837        19.3      -102825.5215      -100.9622 17m45s/Msamples
        7841000   -102916.2132        19.3      -102820.7921       -95.4211 17m45s/Msamples
        7842000   -102922.1930        19.3      -102822.0870      -100.1059 17m45s/Msamples
        7843000   -102934.8180        19.3      -102825.6266      -109.1914 17m45s/Msamples
        7844000   -102928.8634        19.3      -102823.3906      -105.4728 17m45s/Msamples
        7845000   -102926.2905        19.3      -102822.2364      -104.0541 17m45s/Msamples
        7846000   -102930.3160        19.3      -102826.6523      -103.6636 17m45s/Msamples
        7847000   -102934.2972        19.3      -102832.2736      -102.0235 17m45s/Msamples
        7848000   -102938.6048        19.3      -102832.5795      -106.0253 17m45s/Msamples
        7849000   -102937.1220        19.3      -102831.0782      -106.0438 17m45s/Msamples
        7850000   -102937.7525        19.3      -102831.4465      -106.3060 17m45s/Msamples
        7851000   -102942.8353        19.3      -102829.8613      -112.9739 17m45s/Msamples
        7852000   -102939.6733        19.3      -102831.3302      -108.3431 17m45s/Msamples
        7853000   -102942.5089        19.4      -102833.6897      -108.8192 17m45s/Msamples
        7854000   -102936.8118        19.4      -102834.6282      -102.1835 17m45s/Msamples
        7855000   -102956.7030        19.4      -102840.9076      -115.7954 17m45s/Msamples
        7856000   -102945.9304        19.4      -102834.9041      -111.0263 17m45s/Msamples
        7857000   -102953.5243        19.4      -102833.9337      -119.5906 17m45s/Msamples
        7858000   -102945.6874        19.4      -102830.6897      -114.9977 17m45s/Msamples
        7859000   -102945.2720        19.4      -102831.1668      -114.1052 17m45s/Msamples
        7860000   -102940.9303        19.5      -102824.5904      -116.3399 17m45s/Msamples
        7861000   -102930.5237        19.9      -102827.9601      -102.5635 17m45s/Msamples
        7862000   -102925.7859        20.0      -102819.2578      -106.5281 17m45s/Msamples
        7863000   -102922.5341        20.0      -102821.3729      -101.1611 17m45s/Msamples
        7864000   -102923.4580        20.0      -102820.6348      -102.8231 17m45s/Msamples
        7865000   -102922.7825        20.0      -102818.0941      -104.6883 17m45s/Msamples
        7866000   -102938.0008        20.0      -102829.6704      -108.3303 17m45s/Msamples
        7867000   -102936.1625        20.0      -102824.6838      -111.4787 17m45s/Msamples
        7868000   -102932.8590        20.0      -102821.3892      -111.4698 17m45s/Msamples
        7869000   -102931.3332        20.0      -102819.3652      -111.9680 17m45s/Msamples
        7870000   -102930.5933        20.0      -102823.5062      -107.0870 17m45s/Msamples
        7871000   -102938.4553        20.0      -102825.8493      -112.6060 17m45s/Msamples
        7872000   -102930.5807        20.0      -102819.1230      -111.4576 17m45s/Msamples
        7873000   -102923.7617        20.0      -102814.9293      -108.8323 17m45s/Msamples
        7874000   -102921.6769        20.0      -102815.8792      -105.7976 17m45s/Msamples
        7875000   -102925.1369        20.0      -102817.7674      -107.3695 17m45s/Msamples
        7876000   -102939.0932        20.0      -102822.3660      -116.7271 17m45s/Msamples
        7877000   -102930.4669        20.0      -102820.2404      -110.2265 17m45s/Msamples
        7878000   -102940.3625        20.0      -102821.3996      -118.9629 17m45s/Msamples
        7879000   -102943.4115        20.1      -102823.3695      -120.0420 17m45s/Msamples
        7880000   -102940.9424        20.1      -102820.7644      -120.1779 17m45s/Msamples
        7881000   -102929.5426        20.1      -102820.5144      -109.0282 17m45s/Msamples
        7882000   -102928.6707        20.1      -102817.6441      -111.0266 17m45s/Msamples
        7883000   -102916.6266        20.1      -102813.4845      -103.1420 17m45s/Msamples
        7884000   -102913.7728        20.1      -102814.3810       -99.3918 17m45s/Msamples
        7885000   -102926.0407        20.1      -102819.2020      -106.8387 17m45s/Msamples
        7886000   -102923.2496        20.1      -102822.9000      -100.3496 17m45s/Msamples
        7887000   -102916.1952        20.1      -102814.7302      -101.4649 17m45s/Msamples
        7888000   -102917.7920        20.1      -102818.9140       -98.8779 17m45s/Msamples
        7889000   -102925.1296        20.1      -102821.5696      -103.5599 17m45s/Msamples
        7890000   -102911.5029        20.1      -102810.1396      -101.3632 17m45s/Msamples
        7891000   -102917.1311        20.1      -102814.2803      -102.8507 17m45s/Msamples
        7892000   -102917.9341        20.1      -102820.5432       -97.3909 17m45s/Msamples
        7893000   -102917.1191        20.1      -102823.3642       -93.7549 17m45s/Msamples
        7894000   -102908.9120        20.1      -102813.3769       -95.5350 17m45s/Msamples
        7895000   -102917.0315        20.1      -102824.8717       -92.1597 17m45s/Msamples
        7896000   -102910.9621        20.1      -102814.3569       -96.6051 17m45s/Msamples
        7897000   -102908.3251        20.1      -102813.8319       -94.4932 17m45s/Msamples
        7898000   -102934.0318        20.1      -102829.5191      -104.5127 17m45s/Msamples
        7899000   -102940.9444        20.1      -102837.1498      -103.7946 17m45s/Msamples
        7900000   -102939.4129        20.1      -102828.9692      -110.4437 17m45s/Msamples
        7901000   -102940.1662        20.1      -102830.9956      -109.1705 17m45s/Msamples
        7902000   -102938.8715        20.2      -102834.9185      -103.9530 17m45s/Msamples
        7903000   -102935.6910        20.2      -102830.8585      -104.8325 17m45s/Msamples
        7904000   -102933.4060        20.2      -102833.0228      -100.3832 17m45s/Msamples
        7905000   -102931.4252        20.2      -102834.2850       -97.1401 17m45s/Msamples
        7906000   -102925.0851        20.2      -102827.2426       -97.8424 17m45s/Msamples
        7907000   -102926.5930        20.2      -102826.5498      -100.0431 17m45s/Msamples
        7908000   -102926.8404        20.2      -102827.3925       -99.4478 17m45s/Msamples
        7909000   -102917.2056        20.2      -102827.3768       -89.8288 17m45s/Msamples
        7910000   -102920.2569        20.2      -102824.3015       -95.9553 17m45s/Msamples
        7911000   -102925.1385        20.2      -102826.9067       -98.2317 17m45s/Msamples
        7912000   -102922.4660        20.2      -102826.2570       -96.2090 17m45s/Msamples
        7913000   -102927.0963        20.2      -102831.1549       -95.9413 17m45s/Msamples
        7914000   -102936.9089        20.2      -102829.1945      -107.7143 17m45s/Msamples
        7915000   -102933.4256        20.2      -102827.1505      -106.2750 17m45s/Msamples
        7916000   -102933.1641        20.2      -102830.8978      -102.2663 17m45s/Msamples
        7917000   -102945.7837        20.2      -102840.5284      -105.2553 17m45s/Msamples
        7918000   -102939.9204        20.2      -102834.2243      -105.6960 17m45s/Msamples
        7919000   -102937.0380        20.2      -102833.5102      -103.5277 17m45s/Msamples
        7920000   -102933.1323        20.2      -102826.5353      -106.5970 17m45s/Msamples
        7921000   -102936.1458        20.3      -102832.0828      -104.0630 17m45s/Msamples
        7922000   -102940.0814        20.3      -102834.0997      -105.9817 17m45s/Msamples
        7923000   -102937.1599        20.3      -102827.0153      -110.1446 17m45s/Msamples
        7924000   -102936.9879        20.3      -102832.5077      -104.4801 17m45s/Msamples
        7925000   -102930.4641        20.3      -102826.2217      -104.2423 17m45s/Msamples
        7926000   -102923.2567        20.3      -102824.8506       -98.4061 17m45s/Msamples
        7927000   -102927.2422        20.3      -102831.3033       -95.9389 17m45s/Msamples
        7928000   -102933.3400        20.3      -102830.5067      -102.8333 17m45s/Msamples
        7929000   -102942.8323        20.3      -102835.9715      -106.8608 17m45s/Msamples
        7930000   -102935.2656        20.3      -102826.1147      -109.1508 17m45s/Msamples
        7931000   -102931.5119        20.3      -102831.9655       -99.5464 17m45s/Msamples
        7932000   -102937.8738        20.3      -102831.8482      -106.0256 17m45s/Msamples
        7933000   -102933.1163        20.3      -102827.2986      -105.8176 17m45s/Msamples
        7934000   -102927.4294        20.3      -102826.6401      -100.7893 17m45s/Msamples
        7935000   -102918.6594        20.3      -102824.1728       -94.4865 17m45s/Msamples
        7936000   -102925.1872        20.3      -102826.4176       -98.7696 17m45s/Msamples
        7937000   -102915.7441        20.3      -102824.7934       -90.9507 17m45s/Msamples
        7938000   -102924.4818        20.3      -102829.6051       -94.8766 17m45s/Msamples
        7939000   -102931.4007        20.3      -102828.9193      -102.4813 17m45s/Msamples
        7940000   -102926.1372        20.3      -102830.8054       -95.3317 17m45s/Msamples
        7941000   -102921.3857        20.3      -102823.3288       -98.0569 17m45s/Msamples
        7942000   -102917.7167        20.3      -102830.0680       -87.6487 17m45s/Msamples
        7943000   -102915.2954        20.3      -102827.0720       -88.2234 17m45s/Msamples
        7944000   -102915.1301        20.3      -102819.2475       -95.8826 17m45s/Msamples
        7945000   -102933.4916        20.3      -102824.3577      -109.1338 17m45s/Msamples
        7946000   -102919.4702        20.4      -102820.2429       -99.2272 17m45s/Msamples
        7947000   -102918.3661        20.4      -102823.7922       -94.5738 17m45s/Msamples
        7948000   -102915.3973        20.4      -102823.5876       -91.8096 17m45s/Msamples
        7949000   -102915.2638        20.4      -102823.1738       -92.0899 17m45s/Msamples
        7950000   -102909.6171        20.4      -102820.7077       -88.9094 17m45s/Msamples
        7951000   -102923.4257        20.4      -102831.7843       -91.6413 17m45s/Msamples
        7952000   -102925.5023        20.4      -102833.7486       -91.7536 17m45s/Msamples
        7953000   -102915.7602        20.4      -102826.3445       -89.4156 17m45s/Msamples
        7954000   -102914.3075        20.4      -102826.3477       -87.9598 17m45s/Msamples
        7955000   -102915.2384        20.4      -102823.9442       -91.2942 17m45s/Msamples
        7956000   -102919.6669        20.4      -102825.3473       -94.3196 17m45s/Msamples
        7957000   -102908.8947        20.4      -102818.6433       -90.2514 17m45s/Msamples
        7958000   -102913.6161        20.4      -102819.5554       -94.0606 17m45s/Msamples
        7959000   -102923.3463        20.4      -102824.5925       -98.7538 17m45s/Msamples
        7960000   -102918.0023        20.4      -102828.3047       -89.6976 17m45s/Msamples
        7961000   -102914.6439        20.4      -102823.1961       -91.4478 17m45s/Msamples
        7962000   -102915.1532        20.4      -102821.5047       -93.6484 17m45s/Msamples
        7963000   -102918.5410        20.4      -102826.2968       -92.2441 17m45s/Msamples
        7964000   -102906.7683        20.4      -102814.6334       -92.1348 17m45s/Msamples
        7965000   -102904.1229        20.4      -102814.0947       -90.0281 17m45s/Msamples
        7966000   -102919.0335        20.4      -102826.7524       -92.2811 17m45s/Msamples
        7967000   -102915.7797        20.4      -102822.7887       -92.9910 17m45s/Msamples
        7968000   -102925.4536        20.4      -102829.4819       -95.9716 17m45s/Msamples
        7969000   -102910.1718        20.4      -102821.9168       -88.2549 17m45s/Msamples
        7970000   -102918.5720        20.4      -102825.6597       -92.9122 17m45s/Msamples
        7971000   -102927.5188        20.4      -102831.6828       -95.8360 17m45s/Msamples
        7972000   -102929.6159        20.4      -102833.9470       -95.6688 17m45s/Msamples
        7973000   -102932.2403        20.4      -102832.7007       -99.5395 17m45s/Msamples
        7974000   -102927.6904        20.4      -102833.5755       -94.1149 17m45s/Msamples
        7975000   -102926.0292        20.4      -102832.8394       -93.1898 17m45s/Msamples
        7976000   -102923.6741        20.4      -102826.4171       -97.2569 17m45s/Msamples
        7977000   -102929.0693        20.5      -102828.3328      -100.7364 17m45s/Msamples
        7978000   -102920.6488        20.5      -102825.9730       -94.6758 17m45s/Msamples
        7979000   -102927.0542        20.5      -102829.3474       -97.7067 17m45s/Msamples
        7980000   -102932.3804        20.5      -102831.2699      -101.1105 17m45s/Msamples
        7981000   -102939.2841        20.5      -102834.7919      -104.4922 17m45s/Msamples
        7982000   -102931.0328        20.5      -102831.0452       -99.9876 17m45s/Msamples
        7983000   -102934.1260        20.5      -102836.7543       -97.3717 17m45s/Msamples
        7984000   -102952.3441        20.5      -102845.0317      -107.3123 17m45s/Msamples
        7985000   -102950.0805        20.5      -102836.3506      -113.7299 17m45s/Msamples
        7986000   -102936.9111        20.5      -102826.3795      -110.5315 17m45s/Msamples
        7987000   -102945.2032        20.5      -102828.7028      -116.5003 17m45s/Msamples
        7988000   -102935.1483        20.5      -102829.8656      -105.2826 17m45s/Msamples
        7989000   -102931.2546        20.5      -102825.5297      -105.7249 17m45s/Msamples
        7990000   -102925.7508        20.5      -102824.7852      -100.9655 17m45s/Msamples
        7991000   -102921.8710        20.5      -102823.1230       -98.7480 17m45s/Msamples
        7992000   -102919.5925        20.5      -102825.0400       -94.5525 17m45s/Msamples
        7993000   -102937.5116        20.5      -102829.5295      -107.9821 17m45s/Msamples
        7994000   -102948.1444        20.5      -102838.1505      -109.9939 17m45s/Msamples
        7995000   -102945.2307        20.5      -102832.7560      -112.4747 17m45s/Msamples
        7996000   -102936.4865        20.5      -102835.8329      -100.6536 17m45s/Msamples
        7997000   -102942.1520        20.5      -102829.9483      -112.2037 17m45s/Msamples
        7998000   -102933.3321        20.6      -102831.5034      -101.8286 17m45s/Msamples
        7999000   -102945.1137        20.6      -102836.0942      -109.0194 17m45s/Msamples
        8000000   -102941.9935        20.6      -102836.8427      -105.1507 17m45s/Msamples
        8001000   -102933.3545        20.6      -102835.8660       -97.4885 17m45s/Msamples
        8002000   -102927.1133        20.6      -102831.3590       -95.7543 17m45s/Msamples
        8003000   -102938.6520        20.6      -102835.5966      -103.0554 17m45s/Msamples
        8004000   -102934.6975        20.6      -102832.9682      -101.7292 17m45s/Msamples
        8005000   -102939.1685        20.6      -102834.8925      -104.2760 17m45s/Msamples
        8006000   -102938.7502        20.6      -102832.4863      -106.2639 17m45s/Msamples
        8007000   -102934.3581        20.6      -102829.6497      -104.7084 17m45s/Msamples
        8008000   -102933.6243        20.6      -102828.3275      -105.2967 17m45s/Msamples
        8009000   -102929.5441        20.6      -102830.6717       -98.8724 17m45s/Msamples
        8010000   -102918.8901        20.6      -102823.4493       -95.4408 17m45s/Msamples
        8011000   -102923.9680        20.6      -102822.9581      -101.0099 17m45s/Msamples
        8012000   -102929.4432        20.6      -102821.6538      -107.7894 17m45s/Msamples
        8013000   -102927.1895        20.6      -102823.6398      -103.5497 17m45s/Msamples
        8014000   -102945.0488        20.6      -102835.1226      -109.9262 17m45s/Msamples
        8015000   -102940.7078        20.6      -102833.3863      -107.3215 17m45s/Msamples
        8016000   -102927.9229        20.6      -102829.9323       -97.9905 17m45s/Msamples
        8017000   -102933.6820        20.6      -102836.6352       -97.0467 17m45s/Msamples
        8018000   -102918.6033        20.6      -102823.2869       -95.3163 17m45s/Msamples
        8019000   -102928.9705        20.6      -102831.0256       -97.9448 17m45s/Msamples
        8020000   -102933.4675        20.6      -102829.2834      -104.1840 17m45s/Msamples
        8021000   -102928.4693        20.6      -102827.3702      -101.0991 17m45s/Msamples
        8022000   -102937.3317        20.6      -102828.5998      -108.7318 17m45s/Msamples
        8023000   -102939.8222        20.7      -102829.2448      -110.5773 17m45s/Msamples
        8024000   -102933.8117        20.7      -102830.4296      -103.3820 17m45s/Msamples
        8025000   -102940.8572        20.7      -102836.8226      -104.0346 17m45s/Msamples
        8026000   -102928.0981        20.7      -102830.7842       -97.3139 17m45s/Msamples
        8027000   -102936.7413        20.7      -102834.4381      -102.3031 17m45s/Msamples
        8028000   -102944.9480        20.7      -102834.2318      -110.7161 17m45s/Msamples
        8029000   -102950.7405        20.7      -102826.9128      -123.8276 17m45s/Msamples
        8030000   -102951.9216        20.7      -102834.5613      -117.3602 17m45s/Msamples
        8031000   -102940.6639        20.7      -102827.2493      -113.4146 17m45s/Msamples
        8032000   -102938.8491        20.7      -102829.0980      -109.7510 17m45s/Msamples
        8033000   -102943.5223        20.7      -102832.3015      -111.2208 17m45s/Msamples
        8034000   -102942.7512        20.7      -102833.6850      -109.0661 17m45s/Msamples
        8035000   -102939.2470        20.7      -102840.6238       -98.6231 17m45s/Msamples
        8036000   -102929.1227        20.7      -102834.1937       -94.9290 17m45s/Msamples
        8037000   -102936.8374        20.7      -102832.6704      -104.1669 17m45s/Msamples
        8038000   -102928.8138        20.7      -102829.6716       -99.1422 17m45s/Msamples
        8039000   -102937.4612        20.7      -102828.6612      -108.7999 17m45s/Msamples
        8040000   -102934.3329        20.7      -102824.9190      -109.4139 17m45s/Msamples
        8041000   -102939.3162        20.7      -102824.2692      -115.0470 17m45s/Msamples
        8042000   -102937.5393        20.7      -102828.0423      -109.4970 17m45s/Msamples
        8043000   -102938.4189        20.7      -102820.9224      -117.4964 17m45s/Msamples
        8044000   -102942.0496        20.8      -102833.0696      -108.9800 17m45s/Msamples
        8045000   -102933.8013        20.8      -102828.3975      -105.4038 17m45s/Msamples
        8046000   -102943.2103        20.8      -102830.9028      -112.3075 17m45s/Msamples
        8047000   -102929.2366        20.8      -102827.9142      -101.3224 17m45s/Msamples
        8048000   -102930.5273        20.8      -102825.9751      -104.5521 17m45s/Msamples
        8049000   -102926.7023        20.8      -102825.5788      -101.1234 17m45s/Msamples
        8050000   -102917.4243        20.8      -102828.8462       -88.5781 17m45s/Msamples
        8051000   -102924.2678        20.8      -102826.3738       -97.8939 17m45s/Msamples
        8052000   -102925.6386        20.8      -102832.1040       -93.5346 17m45s/Msamples
        8053000   -102928.8486        20.8      -102828.9698       -99.8787 17m45s/Msamples
        8054000   -102924.0153        20.8      -102824.8517       -99.1635 17m45s/Msamples
        8055000   -102938.5160        20.8      -102828.3955      -110.1204 17m45s/Msamples
        8056000   -102941.0015        20.8      -102830.2057      -110.7958 17m45s/Msamples
        8057000   -102931.6808        20.8      -102831.9060       -99.7747 17m45s/Msamples
        8058000   -102944.7337        20.8      -102832.9182      -111.8154 17m45s/Msamples
        8059000   -102958.8125        20.8      -102841.6223      -117.1902 17m45s/Msamples
        8060000   -102948.0315        20.8      -102837.4804      -110.5510 17m45s/Msamples
        8061000   -102935.8151        20.8      -102832.5916      -103.2234 17m45s/Msamples
        8062000   -102934.8088        20.8      -102835.6981       -99.1107 17m45s/Msamples
        8063000   -102934.7264        20.8      -102835.5094       -99.2170 17m45s/Msamples
        8064000   -102939.6230        20.8      -102838.8672      -100.7557 17m45s/Msamples
        8065000   -102935.9699        20.8      -102837.3586       -98.6112 17m45s/Msamples
        8066000   -102936.4616        20.8      -102833.5982      -102.8633 17m45s/Msamples
        8067000   -102942.5898        20.9      -102841.8326      -100.7571 17m45s/Msamples
        8068000   -102937.9745        20.9      -102827.6043      -110.3702 17m45s/Msamples
        8069000   -102936.9804        20.9      -102836.5025      -100.4779 17m45s/Msamples
        8070000   -102935.3666        20.9      -102831.8446      -103.5219 17m45s/Msamples
        8071000   -102935.3197        20.9      -102827.2696      -108.0501 17m45s/Msamples
        8072000   -102929.6399        20.9      -102833.0253       -96.6145 17m45s/Msamples
        8073000   -102926.1597        20.9      -102831.8763       -94.2834 17m45s/Msamples
        8074000   -102918.0331        20.9      -102820.3822       -97.6508 17m45s/Msamples
        8075000   -102919.1542        20.9      -102820.7991       -98.3551 17m45s/Msamples
        8076000   -102918.3906        20.9      -102825.9105       -92.4800 17m45s/Msamples
        8077000   -102915.1061        20.9      -102824.1907       -90.9153 17m45s/Msamples
        8078000   -102933.6081        20.9      -102834.3397       -99.2683 17m45s/Msamples
        8079000   -102917.0928        20.9      -102832.8534       -84.2393 17m45s/Msamples
        8080000   -102920.7362        20.9      -102830.6231       -90.1131 17m45s/Msamples
        8081000   -102930.1033        20.9      -102829.3196      -100.7837 17m45s/Msamples
        8082000   -102942.9316        20.9      -102829.8362      -113.0953 17m45s/Msamples
        8083000   -102941.7016        20.9      -102830.2047      -111.4968 17m45s/Msamples
        8084000   -102931.0070        20.9      -102822.3223      -108.6847 17m45s/Msamples
        8085000   -102944.9265        20.9      -102835.7613      -109.1652 17m45s/Msamples
        8086000   -102932.3736        20.9      -102829.1952      -103.1784 17m45s/Msamples
        8087000   -102939.6088        20.9      -102833.1238      -106.4850 17m45s/Msamples
        8088000   -102932.1520        20.9      -102824.5538      -107.5981 17m45s/Msamples
        8089000   -102925.1513        20.9      -102819.8903      -105.2609 17m45s/Msamples
        8090000   -102932.6358        20.9      -102827.6397      -104.9961 17m45s/Msamples
        8091000   -102945.2501        20.9      -102833.4570      -111.7930 17m45s/Msamples
        8092000   -102957.3187        21.0      -102836.5192      -120.7995 17m45s/Msamples
        8093000   -102945.2837        21.0      -102834.5353      -110.7483 17m45s/Msamples
        8094000   -102936.1003        21.0      -102829.5789      -106.5214 17m45s/Msamples
        8095000   -102932.7628        21.0      -102831.9364      -100.8263 17m45s/Msamples
        8096000   -102929.9739        21.0      -102830.1293       -99.8445 17m45s/Msamples
        8097000   -102911.6323        21.0      -102818.6605       -92.9718 17m45s/Msamples
        8098000   -102932.0425        21.0      -102838.5625       -93.4799 17m45s/Msamples
        8099000   -102927.9612        21.0      -102825.0151      -102.9461 17m45s/Msamples
        8100000   -102921.6120        21.0      -102819.5318      -102.0801 17m45s/Msamples
        8101000   -102925.1815        21.0      -102828.4345       -96.7469 17m45s/Msamples
        8102000   -102929.6279        21.0      -102828.7571      -100.8707 17m45s/Msamples
        8103000   -102934.9748        21.0      -102825.8675      -109.1073 17m45s/Msamples
        8104000   -102927.0853        21.0      -102825.1251      -101.9601 17m45s/Msamples
        8105000   -102928.0505        21.0      -102825.9184      -102.1320 17m45s/Msamples
        8106000   -102925.5116        21.0      -102820.7666      -104.7449 17m45s/Msamples
        8107000   -102933.2492        21.0      -102830.9941      -102.2551 17m45s/Msamples
        8108000   -102934.0025        21.0      -102824.7217      -109.2808 17m45s/Msamples
        8109000   -102925.1942        21.0      -102822.4484      -102.7457 17m45s/Msamples
        8110000   -102932.0039        21.0      -102823.9295      -108.0743 17m45s/Msamples
        8111000   -102942.2746        21.0      -102830.2693      -112.0053 17m45s/Msamples
        8112000   -102942.8863        21.0      -102831.2746      -111.6116 17m45s/Msamples
        8113000   -102945.4240        21.0      -102833.9629      -111.4610 17m45s/Msamples
        8114000   -102951.5672        21.0      -102837.7544      -113.8127 17m45s/Msamples
        8115000   -102942.8080        21.0      -102824.8902      -117.9178 17m45s/Msamples
        8116000   -102941.3884        21.0      -102828.8116      -112.5768 17m45s/Msamples
        8117000   -102937.5085        21.0      -102824.6095      -112.8989 17m45s/Msamples
        8118000   -102952.1088        21.0      -102832.0010      -120.1077 17m45s/Msamples
        8119000   -102948.3848        21.1      -102830.4579      -117.9269 17m45s/Msamples
        8120000   -102949.0119        21.1      -102830.0303      -118.9816 17m45s/Msamples
        8121000   -102950.3517        21.1      -102835.6002      -114.7514 17m45s/Msamples
        8122000   -102945.0024        21.1      -102829.9013      -115.1011 17m45s/Msamples
        8123000   -102940.4414        21.1      -102833.1634      -107.2779 17m45s/Msamples
        8124000   -102954.0080        21.1      -102832.1691      -121.8389 17m45s/Msamples
        8125000   -102955.7896        21.1      -102834.6411      -121.1484 17m45s/Msamples
        8126000   -102948.3191        21.1      -102831.3847      -116.9344 17m45s/Msamples
        8127000   -102955.4663        21.1      -102837.6147      -117.8515 17m45s/Msamples
        8128000   -102963.0077        21.1      -102837.0806      -125.9270 17m45s/Msamples
        8129000   -102967.5274        21.1      -102839.2842      -128.2431 17m45s/Msamples
        8130000   -102942.8864        21.1      -102824.4377      -118.4487 17m45s/Msamples
        8131000   -102956.7544        21.1      -102839.5584      -117.1959 17m45s/Msamples
        8132000   -102954.6672        21.2      -102830.4085      -124.2586 17m45s/Msamples
        8133000   -102961.1429        21.2      -102836.5411      -124.6017 17m45s/Msamples
        8134000   -102956.7983        21.2      -102825.4834      -131.3148 17m45s/Msamples
        8135000   -102937.9852        21.2      -102814.3637      -123.6214 17m45s/Msamples
        8136000   -102941.3728        21.2      -102818.6175      -122.7553 17m45s/Msamples
        8137000   -102930.9979        21.2      -102819.9182      -111.0797 17m45s/Msamples
        8138000   -102929.1040        21.2      -102812.2973      -116.8066 17m45s/Msamples
        8139000   -102925.4533        21.2      -102808.6403      -116.8129 17m45s/Msamples
        8140000   -102933.6478        21.2      -102817.5713      -116.0764 17m45s/Msamples
        8141000   -102932.4262        21.2      -102820.0340      -112.3922 17m45s/Msamples
        8142000   -102936.7187        21.2      -102820.7778      -115.9409 17m45s/Msamples
        8143000   -102929.0561        21.2      -102818.4852      -110.5709 17m45s/Msamples
        8144000   -102927.5526        21.2      -102814.0718      -113.4808 17m45s/Msamples
        8145000   -102925.9559        21.2      -102818.4018      -107.5540 17m45s/Msamples
        8146000   -102929.4003        21.2      -102816.5941      -112.8062 17m45s/Msamples
        8147000   -102928.3586        21.2      -102816.5503      -111.8083 17m45s/Msamples
        8148000   -102933.8665        21.2      -102820.4581      -113.4083 17m45s/Msamples
        8149000   -102943.8888        21.2      -102831.3916      -112.4972 17m45s/Msamples
        8150000   -102941.3805        21.2      -102826.2195      -115.1610 17m45s/Msamples
        8151000   -102937.9676        21.2      -102824.8153      -113.1522 17m45s/Msamples
        8152000   -102937.8473        21.2      -102824.9061      -112.9412 17m45s/Msamples
        8153000   -102940.2280        21.2      -102823.9422      -116.2857 17m45s/Msamples
        8154000   -102944.5451        21.2      -102825.3722      -119.1728 17m45s/Msamples
        8155000   -102953.0641        21.2      -102824.5638      -128.5003 17m45s/Msamples
        8156000   -102954.3690        21.2      -102824.8086      -129.5603 17m45s/Msamples
        8157000   -102955.6664        21.2      -102832.5757      -123.0906 17m45s/Msamples
        8158000   -102953.6544        21.2      -102832.2640      -121.3904 17m45s/Msamples
        8159000   -102945.5043        21.2      -102829.3816      -116.1227 17m45s/Msamples
        8160000   -102935.8092        21.2      -102821.5420      -114.2671 17m45s/Msamples
        8161000   -102941.0497        21.2      -102826.1548      -114.8948 17m45s/Msamples
        8162000   -102955.4501        21.3      -102836.8171      -118.6329 17m45s/Msamples
        8163000   -102948.7858        21.3      -102833.0695      -115.7162 17m45s/Msamples
        8164000   -102947.2424        21.3      -102833.4084      -113.8339 17m45s/Msamples
        8165000   -102947.3081        21.3      -102827.1307      -120.1774 17m45s/Msamples
        8166000   -102947.5973        21.3      -102825.3136      -122.2836 17m45s/Msamples
        8167000   -102945.8536        21.3      -102821.4093      -124.4442 17m45s/Msamples
        8168000   -102948.9998        21.3      -102829.8811      -119.1187 17m45s/Msamples
        8169000   -102947.6768        21.3      -102827.8434      -119.8333 17m45s/Msamples
        8170000   -102947.5467        21.3      -102825.5378      -122.0088 17m45s/Msamples
        8171000   -102941.2547        21.3      -102831.9069      -109.3478 17m45s/Msamples
        8172000   -102936.3775        21.3      -102826.5831      -109.7943 17m45s/Msamples
        8173000   -102924.6052        21.3      -102815.9712      -108.6339 17m45s/Msamples
        8174000   -102929.9496        21.3      -102817.2952      -112.6544 17m45s/Msamples
        8175000   -102934.8789        21.3      -102821.6752      -113.2037 17m45s/Msamples
        8176000   -102924.0554        21.3      -102816.0230      -108.0323 17m45s/Msamples
        8177000   -102934.6663        21.3      -102823.6979      -110.9684 17m45s/Msamples
        8178000   -102925.0635        21.3      -102814.0478      -111.0157 17m45s/Msamples
        8179000   -102940.5867        21.3      -102821.9539      -118.6327 17m45s/Msamples
        8180000   -102926.2774        21.3      -102812.4503      -113.8271 17m45s/Msamples
        8181000   -102927.8056        21.3      -102816.6349      -111.1706 17m45s/Msamples
        8182000   -102924.6485        21.3      -102811.9607      -112.6877 17m45s/Msamples
        8183000   -102932.3182        21.3      -102814.2820      -118.0361 17m45s/Msamples
        8184000   -102947.4333        21.3      -102826.8712      -120.5620 17m45s/Msamples
        8185000   -102940.8613        21.3      -102822.7738      -118.0875 17m45s/Msamples
        8186000   -102947.7681        21.3      -102817.1226      -130.6454 17m46s/Msamples
        8187000   -102945.5214        21.3      -102820.0001      -125.5212 17m46s/Msamples
        8188000   -102944.8177        21.3      -102820.8203      -123.9974 17m46s/Msamples
        8189000   -102946.5567        21.3      -102820.4805      -126.0761 17m46s/Msamples
        8190000   -102945.1496        21.3      -102819.2425      -125.9070 17m46s/Msamples
        8191000   -102940.8664        21.3      -102816.8952      -123.9712 17m46s/Msamples
        8192000   -102934.0854        21.3      -102814.4854      -119.5999 17m45s/Msamples
        8193000   -102933.5007        21.3      -102816.5707      -116.9300 17m46s/Msamples
        8194000   -102950.7988        21.3      -102829.4317      -121.3671 17m46s/Msamples
        8195000   -102946.0451        21.3      -102818.5483      -127.4968 17m46s/Msamples
        8196000   -102948.4311        21.3      -102826.5534      -121.8776 17m46s/Msamples
        8197000   -102954.8060        21.3      -102829.1032      -125.7027 17m46s/Msamples
        8198000   -102943.6578        21.3      -102824.2335      -119.4243 17m46s/Msamples
        8199000   -102938.4319        21.3      -102825.2114      -113.2205 17m46s/Msamples
        8200000   -102941.3073        21.3      -102829.4154      -111.8918 17m46s/Msamples
        8201000   -102936.2873        21.3      -102823.5345      -112.7527 17m46s/Msamples
        8202000   -102939.0463        21.3      -102824.7844      -114.2619 17m46s/Msamples
        8203000   -102937.5569        21.3      -102822.6023      -114.9545 17m46s/Msamples
        8204000   -102953.9809        21.3      -102836.4069      -117.5739 17m46s/Msamples
        8205000   -102944.2723        21.3      -102828.0001      -116.2721 17m46s/Msamples
        8206000   -102935.1040        21.3      -102823.7613      -111.3426 17m46s/Msamples
        8207000   -102939.9668        21.3      -102830.3986      -109.5681 17m46s/Msamples
        8208000   -102944.3344        21.3      -102827.6856      -116.6488 17m46s/Msamples
        8209000   -102946.6972        21.3      -102826.0949      -120.6023 17m46s/Msamples
        8210000   -102944.6903        21.3      -102831.0443      -113.6459 17m46s/Msamples
        8211000   -102944.1436        21.3      -102826.6887      -117.4549 17m46s/Msamples
        8212000   -102942.6004        21.3      -102826.8797      -115.7206 17m46s/Msamples
        8213000   -102947.6401        21.3      -102832.3144      -115.3256 17m46s/Msamples
        8214000   -102949.4223        21.3      -102831.4350      -117.9873 17m46s/Msamples
        8215000   -102955.2373        21.4      -102833.9390      -121.2983 17m46s/Msamples
        8216000   -102941.2474        21.4      -102823.3842      -117.8631 17m46s/Msamples
        8217000   -102951.0129        21.4      -102829.8036      -121.2092 17m46s/Msamples
        8218000   -102942.4589        21.4      -102825.6488      -116.8101 17m46s/Msamples
        8219000   -102934.6921        21.4      -102818.6391      -116.0529 17m46s/Msamples
        8220000   -102930.5961        21.4      -102819.2686      -111.3275 17m46s/Msamples
        8221000   -102939.2173        21.4      -102824.1541      -115.0632 17m46s/Msamples
        8222000   -102943.4552        21.4      -102826.3025      -117.1527 17m46s/Msamples
        8223000   -102940.6652        21.4      -102827.2248      -113.4403 17m46s/Msamples
        8224000   -102930.3895        21.4      -102814.9059      -115.4836 17m46s/Msamples
        8225000   -102936.8137        21.4      -102822.2203      -114.5934 17m46s/Msamples
        8226000   -102945.1142        21.4      -102833.1035      -112.0107 17m46s/Msamples
        8227000   -102945.9732        21.4      -102830.4746      -115.4985 17m46s/Msamples
        8228000   -102940.4803        21.4      -102828.6778      -111.8025 17m46s/Msamples
        8229000   -102947.1222        21.4      -102832.9398      -114.1823 17m46s/Msamples
        8230000   -102944.7084        21.4      -102828.3339      -116.3745 17m46s/Msamples
        8231000   -102947.4859        21.4      -102830.6004      -116.8854 17m46s/Msamples
        8232000   -102948.4498        21.4      -102831.8666      -116.5832 17m46s/Msamples
        8233000   -102948.7657        21.4      -102835.1138      -113.6519 17m46s/Msamples
        8234000   -102946.9281        21.4      -102829.4713      -117.4567 17m46s/Msamples
        8235000   -102939.1736        21.4      -102824.5593      -114.6143 17m46s/Msamples
        8236000   -102949.1067        21.4      -102827.0377      -122.0689 17m46s/Msamples
        8237000   -102951.0061        21.4      -102830.7080      -120.2980 17m46s/Msamples
        8238000   -102933.3589        21.4      -102822.9534      -110.4054 17m46s/Msamples
        8239000   -102926.9445        21.4      -102820.6239      -106.3205 17m46s/Msamples
        8240000   -102934.2652        21.4      -102824.7572      -109.5080 17m46s/Msamples
        8241000   -102931.3637        21.4      -102822.7778      -108.5858 17m46s/Msamples
        8242000   -102934.4119        21.4      -102825.8303      -108.5816 17m46s/Msamples
        8243000   -102950.9182        21.4      -102835.9439      -114.9742 17m46s/Msamples
        8244000   -102948.8961        21.4      -102834.7667      -114.1294 17m46s/Msamples
        8245000   -102949.3169        21.4      -102832.6484      -116.6685 17m46s/Msamples
        8246000   -102937.5752        21.4      -102823.7517      -113.8234 17m46s/Msamples
        8247000   -102929.1446        21.4      -102823.2303      -105.9142 17m46s/Msamples
        8248000   -102952.5105        21.4      -102834.1975      -118.3130 17m46s/Msamples
        8249000   -102948.3989        21.4      -102831.2452      -117.1537 17m46s/Msamples
        8250000   -102935.8747        21.4      -102821.4320      -114.4427 17m46s/Msamples
        8251000   -102931.2744        21.4      -102820.1021      -111.1723 17m46s/Msamples
        8252000   -102921.1952        21.4      -102820.5748      -100.6204 17m46s/Msamples
        8253000   -102939.4593        21.4      -102831.4891      -107.9701 17m46s/Msamples
        8254000   -102925.7977        21.4      -102820.2670      -105.5307 17m46s/Msamples
        8255000   -102929.4721        21.4      -102823.3116      -106.1605 17m46s/Msamples
        8256000   -102941.3471        21.4      -102835.8381      -105.5089 17m46s/Msamples
        8257000   -102935.1249        21.4      -102832.4382      -102.6867 17m46s/Msamples
        8258000   -102930.4606        21.4      -102824.8019      -105.6587 17m46s/Msamples
        8259000   -102925.9883        21.4      -102818.6703      -107.3180 17m46s/Msamples
        8260000   -102923.1352        21.4      -102824.0928       -99.0423 17m46s/Msamples
        8261000   -102922.7260        21.4      -102823.5602       -99.1657 17m46s/Msamples
        8262000   -102937.6970        21.4      -102829.9677      -107.7292 17m46s/Msamples
        8263000   -102925.8142        21.4      -102822.8432      -102.9710 17m46s/Msamples
        8264000   -102924.4024        21.4      -102819.4640      -104.9384 17m46s/Msamples
        8265000   -102916.4082        21.4      -102814.4208      -101.9874 17m46s/Msamples
        8266000   -102917.8662        21.4      -102818.7676       -99.0986 17m46s/Msamples
        8267000   -102929.5414        21.4      -102818.0638      -111.4776 17m46s/Msamples
        8268000   -102929.9859        21.4      -102814.9652      -115.0207 17m46s/Msamples
        8269000   -102933.9488        21.4      -102827.4092      -106.5396 17m46s/Msamples
        8270000   -102939.0390        21.4      -102832.9571      -106.0819 17m46s/Msamples
        8271000   -102935.5635        21.4      -102829.1014      -106.4620 17m46s/Msamples
        8272000   -102943.3426        21.4      -102831.7226      -111.6200 17m46s/Msamples
        8273000   -102934.4983        21.4      -102830.6085      -103.8898 17m46s/Msamples
        8274000   -102921.6598        21.4      -102818.5261      -103.1337 17m46s/Msamples
        8275000   -102926.0203        21.4      -102822.5062      -103.5140 17m46s/Msamples
        8276000   -102938.7960        21.4      -102824.5948      -114.2012 17m46s/Msamples
        8277000   -102934.6793        21.4      -102826.9589      -107.7203 17m46s/Msamples
        8278000   -102937.4945        21.4      -102826.8357      -110.6587 17m46s/Msamples
        8279000   -102930.5869        21.4      -102825.7120      -104.8749 17m46s/Msamples
        8280000   -102942.8414        21.4      -102828.7437      -114.0976 17m46s/Msamples
        8281000   -102939.3905        21.4      -102829.0096      -110.3808 17m46s/Msamples
        8282000   -102934.2426        21.4      -102823.6574      -110.5851 17m46s/Msamples
        8283000   -102933.7870        21.4      -102827.6913      -106.0956 17m46s/Msamples
        8284000   -102933.7841        21.4      -102822.1377      -111.6464 17m46s/Msamples
        8285000   -102936.0457        21.4      -102825.9627      -110.0830 17m46s/Msamples
        8286000   -102928.7353        21.4      -102828.5249      -100.2104 17m46s/Msamples
        8287000   -102925.0721        21.4      -102822.5761      -102.4959 17m46s/Msamples
        8288000   -102936.5803        21.4      -102827.9783      -108.6020 17m46s/Msamples
        8289000   -102938.0748        21.4      -102829.7337      -108.3411 17m46s/Msamples
        8290000   -102931.8544        21.4      -102821.7893      -110.0651 17m46s/Msamples
        8291000   -102926.2264        21.4      -102818.5980      -107.6283 17m46s/Msamples
        8292000   -102930.0752        21.4      -102823.8167      -106.2584 17m46s/Msamples
        8293000   -102935.6572        21.4      -102834.2317      -101.4255 17m46s/Msamples
        8294000   -102929.0418        21.4      -102827.0080      -102.0338 17m46s/Msamples
        8295000   -102932.0698        21.4      -102829.0636      -103.0062 17m46s/Msamples
        8296000   -102933.9564        21.4      -102827.9625      -105.9938 17m46s/Msamples
        8297000   -102920.3369        21.4      -102821.4144       -98.9224 17m46s/Msamples
        8298000   -102937.7425        21.4      -102835.6847      -102.0577 17m46s/Msamples
        8299000   -102925.1133        21.4      -102822.2804      -102.8329 17m46s/Msamples
        8300000   -102922.3929        21.4      -102819.1770      -103.2158 17m46s/Msamples
        8301000   -102925.7531        21.4      -102824.3618      -101.3913 17m46s/Msamples
        8302000   -102946.7861        21.4      -102830.1593      -116.6267 17m46s/Msamples
        8303000   -102935.2242        21.4      -102823.5257      -111.6985 17m46s/Msamples
        8304000   -102937.6672        21.4      -102827.4179      -110.2493 17m46s/Msamples
        8305000   -102935.9576        21.4      -102828.3309      -107.6267 17m46s/Msamples
        8306000   -102922.6362        21.4      -102827.5156       -95.1205 17m46s/Msamples
        8307000   -102934.2605        21.4      -102827.7249      -106.5356 17m46s/Msamples
        8308000   -102939.8937        21.4      -102832.3195      -107.5741 17m46s/Msamples
        8309000   -102931.5015        21.4      -102827.3088      -104.1926 17m46s/Msamples
        8310000   -102920.5978        21.4      -102825.2379       -95.3598 17m46s/Msamples
        8311000   -102930.6476        21.4      -102829.3183      -101.3292 17m46s/Msamples
        8312000   -102934.2020        21.4      -102838.8542       -95.3478 17m46s/Msamples
        8313000   -102930.0018        21.4      -102830.9737       -99.0281 17m46s/Msamples
        8314000   -102940.7996        21.4      -102830.7346      -110.0650 17m46s/Msamples
        8315000   -102939.6853        21.4      -102833.7314      -105.9539 17m46s/Msamples
        8316000   -102945.0628        21.4      -102839.0275      -106.0353 17m46s/Msamples
        8317000   -102938.4494        21.4      -102835.4717      -102.9776 17m46s/Msamples
        8318000   -102946.9542        21.4      -102835.2964      -111.6578 17m46s/Msamples
        8319000   -102940.7341        21.4      -102833.3142      -107.4198 17m46s/Msamples
        8320000   -102928.2752        21.4      -102821.7179      -106.5572 17m46s/Msamples
        8321000   -102926.2584        21.4      -102823.5239      -102.7344 17m46s/Msamples
        8322000   -102922.5723        21.4      -102824.3629       -98.2094 17m46s/Msamples
        8323000   -102925.8389        21.4      -102826.1537       -99.6852 17m46s/Msamples
        8324000   -102912.9895        21.4      -102825.2315       -87.7579 17m46s/Msamples
        8325000   -102911.1185        21.4      -102820.3720       -90.7465 17m46s/Msamples
        8326000   -102903.7319        21.4      -102816.3172       -87.4146 17m46s/Msamples
        8327000   -102913.9027        21.4      -102823.9610       -89.9417 17m46s/Msamples
        8328000   -102920.0913        21.4      -102825.1775       -94.9137 17m46s/Msamples
        8329000   -102931.4106        21.4      -102831.5604       -99.8502 17m46s/Msamples
        8330000   -102920.8505        21.4      -102822.5913       -98.2592 17m46s/Msamples
        8331000   -102918.2990        21.4      -102819.5965       -98.7025 17m46s/Msamples
        8332000   -102906.7628        21.4      -102814.4278       -92.3350 17m46s/Msamples
        8333000   -102912.7352        21.4      -102821.2944       -91.4408 17m46s/Msamples
        8334000   -102919.3027        21.4      -102819.7618       -99.5408 17m46s/Msamples
        8335000   -102919.7094        21.4      -102818.1349      -101.5745 17m46s/Msamples
        8336000   -102922.0845        21.4      -102822.5196       -99.5649 17m46s/Msamples
        8337000   -102924.7781        21.4      -102825.6892       -99.0889 17m46s/Msamples
        8338000   -102929.6472        21.4      -102832.4968       -97.1504 17m46s/Msamples
        8339000   -102920.4648        21.4      -102818.2594      -102.2053 17m46s/Msamples
        8340000   -102921.4214        21.4      -102818.9836      -102.4378 17m46s/Msamples
        8341000   -102928.8169        21.4      -102819.4005      -109.4163 17m46s/Msamples
        8342000   -102911.8278        21.4      -102813.1175       -98.7102 17m46s/Msamples
        8343000   -102924.6707        21.4      -102818.8927      -105.7780 17m46s/Msamples
        8344000   -102919.1588        21.4      -102820.4010       -98.7577 17m46s/Msamples
        8345000   -102921.8163        21.4      -102822.4504       -99.3659 17m46s/Msamples
        8346000   -102931.9446        21.4      -102828.0912      -103.8534 17m46s/Msamples
        8347000   -102926.6611        21.4      -102828.5926       -98.0684 17m46s/Msamples
        8348000   -102940.2255        21.4      -102833.2894      -106.9361 17m46s/Msamples
        8349000   -102932.7277        21.4      -102830.2860      -102.4416 17m46s/Msamples
        8350000   -102924.6908        21.4      -102826.5908       -98.1000 17m46s/Msamples
        8351000   -102918.1875        21.4      -102823.1083       -95.0792 17m46s/Msamples
        8352000   -102922.7086        21.4      -102830.2899       -92.4187 17m46s/Msamples
        8353000   -102917.1262        21.5      -102826.0844       -91.0417 17m46s/Msamples
        8354000   -102929.9583        21.5      -102829.9444      -100.0138 17m46s/Msamples
        8355000   -102924.1578        21.5      -102831.5071       -92.6506 17m46s/Msamples
        8356000   -102928.8914        21.5      -102830.2652       -98.6261 17m46s/Msamples
        8357000   -102932.9115        21.5      -102837.1345       -95.7770 17m46s/Msamples
        8358000   -102925.2642        21.5      -102830.5087       -94.7555 17m46s/Msamples
        8359000   -102917.6700        21.5      -102825.0390       -92.6309 17m46s/Msamples
        8360000   -102930.8348        21.5      -102833.5602       -97.2746 17m46s/Msamples
        8361000   -102921.0380        21.5      -102827.9617       -93.0762 17m46s/Msamples
        8362000   -102927.8953        21.5      -102826.9958      -100.8995 17m46s/Msamples
        8363000   -102939.0371        21.5      -102829.7712      -109.2658 17m46s/Msamples
        8364000   -102937.4387        21.5      -102829.5239      -107.9147 17m46s/Msamples
        8365000   -102939.7050        21.5      -102837.4792      -102.2257 17m46s/Msamples
        8366000   -102922.7905        21.5      -102826.5796       -96.2108 17m46s/Msamples
        8367000   -102924.2094        21.5      -102830.1752       -94.0341 17m46s/Msamples
        8368000   -102914.3317        21.5      -102827.4921       -86.8396 17m46s/Msamples
        8369000   -102920.0902        21.5      -102829.0870       -91.0032 17m46s/Msamples
        8370000   -102915.2139        21.5      -102823.6509       -91.5629 17m46s/Msamples
        8371000   -102913.0881        21.5      -102830.2058       -82.8822 17m46s/Msamples
        8372000   -102919.0908        21.5      -102832.3893       -86.7014 17m46s/Msamples
        8373000   -102914.4391        21.5      -102823.2398       -91.1993 17m46s/Msamples
        8374000   -102926.7683        21.5      -102828.8388       -97.9294 17m46s/Msamples
        8375000   -102926.1606        21.5      -102830.4701       -95.6904 17m46s/Msamples
        8376000   -102931.0167        21.5      -102830.9757      -100.0409 17m46s/Msamples
        8377000   -102920.7371        21.5      -102822.8469       -97.8901 17m46s/Msamples
        8378000   -102918.1951        21.5      -102822.7285       -95.4666 17m46s/Msamples
        8379000   -102925.8681        21.5      -102830.6224       -95.2457 17m46s/Msamples
        8380000   -102933.4086        21.5      -102829.7724      -103.6361 17m46s/Msamples
        8381000   -102941.8592        21.5      -102833.3698      -108.4894 17m46s/Msamples
        8382000   -102932.7903        21.5      -102829.8319      -102.9583 17m46s/Msamples
        8383000   -102939.9923        21.5      -102831.1026      -108.8897 17m46s/Msamples
        8384000   -102919.0308        21.5      -102825.5686       -93.4621 17m46s/Msamples
        8385000   -102920.7734        21.5      -102829.4041       -91.3693 17m46s/Msamples
        8386000   -102919.7694        21.5      -102830.8033       -88.9661 17m46s/Msamples
        8387000   -102916.9446        21.5      -102833.0205       -83.9240 17m46s/Msamples
        8388000   -102929.0868        21.5      -102837.5953       -91.4914 17m46s/Msamples
        8389000   -102935.0164        21.5      -102839.7083       -95.3080 17m46s/Msamples
        8390000   -102919.5155        21.5      -102832.2472       -87.2683 17m46s/Msamples
        8391000   -102909.7966        21.5      -102831.0548       -78.7417 17m46s/Msamples
        8392000   -102907.2480        21.5      -102833.2059       -74.0420 17m46s/Msamples
        8393000   -102921.2026        21.5      -102844.9355       -76.2670 17m46s/Msamples
        8394000   -102907.9384        21.5      -102833.4133       -74.5251 17m46s/Msamples
        8395000   -102904.3807        21.5      -102829.9503       -74.4304 17m46s/Msamples
        8396000   -102909.2226        21.6      -102825.5969       -83.6256 17m46s/Msamples
        8397000   -102915.0245        21.6      -102827.2600       -87.7645 17m46s/Msamples
        8398000   -102908.9180        21.6      -102817.9708       -90.9471 17m46s/Msamples
        8399000   -102908.6454        21.6      -102814.0708       -94.5745 17m46s/Msamples
        8400000   -102920.2837        21.6      -102818.7655      -101.5182 17m46s/Msamples
        8401000   -102913.8733        21.6      -102816.6906       -97.1827 17m46s/Msamples
        8402000   -102922.9562        21.6      -102825.3821       -97.5740 17m46s/Msamples
        8403000   -102913.8852        21.6      -102821.0639       -92.8212 17m46s/Msamples
        8404000   -102907.6401        21.6      -102826.7364       -80.9037 17m46s/Msamples
        8405000   -102915.9146        21.6      -102821.9650       -93.9496 17m46s/Msamples
        8406000   -102912.3187        21.6      -102818.9186       -93.4001 17m46s/Msamples
        8407000   -102900.8279        21.6      -102823.5104       -77.3174 17m46s/Msamples
        8408000   -102907.1745        21.6      -102826.3641       -80.8103 17m46s/Msamples
        8409000   -102898.5227        21.6      -102822.2925       -76.2301 17m46s/Msamples
        8410000   -102900.8947        21.7      -102820.6629       -80.2318 17m46s/Msamples
        8411000   -102906.8458        21.7      -102819.7680       -87.0777 17m46s/Msamples
        8412000   -102902.6773        21.7      -102821.9330       -80.7442 17m46s/Msamples
        8413000   -102898.6324        21.7      -102818.9469       -79.6855 17m46s/Msamples
        8414000   -102906.1737        21.7      -102826.1017       -80.0720 17m46s/Msamples
        8415000   -102887.4960        21.7      -102819.5361       -67.9599 17m46s/Msamples
        8416000   -102903.4604        21.7      -102822.2854       -81.1749 17m46s/Msamples
        8417000   -102915.4247        21.7      -102826.4276       -88.9971 17m46s/Msamples
        8418000   -102907.5066        21.7      -102822.2011       -85.3055 17m46s/Msamples
        8419000   -102903.4930        21.8      -102826.5310       -76.9620 17m46s/Msamples
        8420000   -102903.4854        21.8      -102819.9568       -83.5285 17m46s/Msamples
        8421000   -102898.1706        21.8      -102826.4504       -71.7202 17m46s/Msamples
        8422000   -102897.9731        21.8      -102827.0535       -70.9195 17m46s/Msamples
        8423000   -102903.3134        21.8      -102821.8882       -81.4251 17m46s/Msamples
        8424000   -102910.8363        21.8      -102828.6162       -82.2201 17m46s/Msamples
        8425000   -102905.0432        21.8      -102829.9088       -75.1344 17m46s/Msamples
        8426000   -102893.2917        21.9      -102821.1716       -72.1200 17m46s/Msamples
        8427000   -102899.7683        21.9      -102828.4191       -71.3492 17m46s/Msamples
        8428000   -102911.6043        21.9      -102837.2046       -74.3996 17m46s/Msamples
        8429000   -102902.5183        21.9      -102824.3009       -78.2173 17m46s/Msamples
        8430000   -102911.1280        21.9      -102828.7136       -82.4143 17m46s/Msamples
        8431000   -102914.3207        21.9      -102828.9499       -85.3707 17m46s/Msamples
        8432000   -102918.7565        21.9      -102834.6174       -84.1391 17m46s/Msamples
        8433000   -102914.1930        21.9      -102831.3703       -82.8227 17m46s/Msamples
        8434000   -102906.8302        21.9      -102820.1119       -86.7182 17m46s/Msamples
        8435000   -102917.9787        21.9      -102836.0791       -81.8995 17m46s/Msamples
        8436000   -102905.7761        21.9      -102818.1464       -87.6296 17m46s/Msamples
        8437000   -102913.8169        21.9      -102824.4290       -89.3879 17m46s/Msamples
        8438000   -102907.9958        21.9      -102826.1378       -81.8580 17m46s/Msamples
        8439000   -102907.6726        22.0      -102827.0211       -80.6515 17m46s/Msamples
        8440000   -102927.9832        22.0      -102831.1735       -96.8097 17m46s/Msamples
        8441000   -102922.4572        22.0      -102835.9052       -86.5519 17m46s/Msamples
        8442000   -102925.3361        22.0      -102836.3488       -88.9873 17m46s/Msamples
        8443000   -102919.0828        22.0      -102833.3916       -85.6911 17m46s/Msamples
        8444000   -102914.3719        22.0      -102828.3220       -86.0499 17m46s/Msamples
        8445000   -102909.4520        22.0      -102824.8989       -84.5531 17m46s/Msamples
        8446000   -102919.9194        22.0      -102828.7361       -91.1832 17m46s/Msamples
        8447000   -102920.7128        22.0      -102832.4635       -88.2492 17m46s/Msamples
        8448000   -102912.7087        22.0      -102824.3216       -88.3871 17m46s/Msamples
        8449000   -102906.9874        22.0      -102826.3904       -80.5969 17m46s/Msamples
        8450000   -102901.9694        22.0      -102821.1216       -80.8478 17m46s/Msamples
        8451000   -102905.9184        22.0      -102825.3629       -80.5554 17m46s/Msamples
        8452000   -102906.4030        22.0      -102822.0553       -84.3476 17m46s/Msamples
        8453000   -102914.2225        22.0      -102824.8938       -89.3287 17m46s/Msamples
        8454000   -102907.9347        22.0      -102818.3042       -89.6304 17m46s/Msamples
        8455000   -102898.6233        22.1      -102821.2016       -77.4217 17m46s/Msamples
        8456000   -102904.5496        22.1      -102823.4612       -81.0883 17m46s/Msamples
        8457000   -102898.0157        22.1      -102820.2303       -77.7853 17m46s/Msamples
        8458000   -102900.3183        22.1      -102825.7604       -74.5578 17m46s/Msamples
        8459000   -102904.6918        22.1      -102824.0031       -80.6887 17m46s/Msamples
        8460000   -102905.4654        22.1      -102830.2054       -75.2600 17m46s/Msamples
        8461000   -102904.9651        22.1      -102825.5294       -79.4356 17m46s/Msamples
        8462000   -102904.1568        22.1      -102824.8017       -79.3550 17m46s/Msamples
        8463000   -102902.1622        22.2      -102822.2484       -79.9138 17m46s/Msamples
        8464000   -102901.5385        22.2      -102819.2605       -82.2780 17m46s/Msamples
        8465000   -102897.7129        22.2      -102821.0096       -76.7032 17m46s/Msamples
        8466000   -102909.4584        22.2      -102821.6901       -87.7683 17m46s/Msamples
        8467000   -102910.9209        22.2      -102825.6380       -85.2828 17m46s/Msamples
        8468000   -102913.8955        22.2      -102824.0519       -89.8436 17m46s/Msamples
        8469000   -102915.7445        22.2      -102824.6690       -91.0754 17m46s/Msamples
        8470000   -102918.2685        22.2      -102828.3038       -89.9647 17m46s/Msamples
        8471000   -102902.3410        22.2      -102819.4670       -82.8740 17m46s/Msamples
        8472000   -102907.3745        22.2      -102824.2492       -83.1253 17m46s/Msamples
        8473000   -102907.9602        22.2      -102819.9595       -88.0006 17m46s/Msamples
        8474000   -102918.3340        22.2      -102827.6294       -90.7046 17m46s/Msamples
        8475000   -102924.2916        22.2      -102829.1335       -95.1581 17m46s/Msamples
        8476000   -102924.8955        22.2      -102829.1626       -95.7328 17m46s/Msamples
        8477000   -102920.4974        22.2      -102827.1211       -93.3762 17m46s/Msamples
        8478000   -102913.7402        22.2      -102822.6574       -91.0827 17m46s/Msamples
        8479000   -102912.6809        22.3      -102819.7718       -92.9090 17m46s/Msamples
        8480000   -102910.0507        22.3      -102817.8871       -92.1636 17m46s/Msamples
        8481000   -102921.6964        22.3      -102823.0598       -98.6366 17m46s/Msamples
        8482000   -102914.9483        22.3      -102823.1335       -91.8148 17m46s/Msamples
        8483000   -102921.6375        22.3      -102821.7256       -99.9119 17m46s/Msamples
        8484000   -102914.8529        22.3      -102831.4344       -83.4184 17m46s/Msamples
        8485000   -102904.0070        22.3      -102828.1351       -75.8718 17m46s/Msamples
        8486000   -102907.6281        22.3      -102830.0962       -77.5319 17m46s/Msamples
        8487000   -102910.7007        22.3      -102824.1973       -86.5033 17m46s/Msamples
        8488000   -102902.3765        22.3      -102823.7897       -78.5867 17m46s/Msamples
        8489000   -102911.1449        22.3      -102823.6852       -87.4596 17m46s/Msamples
        8490000   -102906.6353        22.3      -102821.8444       -84.7908 17m46s/Msamples
        8491000   -102908.5772        22.3      -102822.2543       -86.3228 17m46s/Msamples
        8492000   -102913.7284        22.3      -102829.4991       -84.2293 17m46s/Msamples
        8493000   -102917.2109        22.3      -102828.9457       -88.2651 17m46s/Msamples
        8494000   -102918.9694        22.4      -102828.4798       -90.4895 17m46s/Msamples
        8495000   -102924.1302        22.4      -102832.3177       -91.8124 17m46s/Msamples
        8496000   -102917.8617        22.4      -102826.1652       -91.6964 17m46s/Msamples
        8497000   -102910.8958        22.4      -102823.8770       -87.0187 17m46s/Msamples
        8498000   -102898.5957        22.4      -102823.7461       -74.8496 17m46s/Msamples
        8499000   -102912.9519        22.4      -102825.6382       -87.3136 17m46s/Msamples
        8500000   -102919.4278        22.4      -102831.2036       -88.2241 17m46s/Msamples
        8501000   -102912.9544        22.4      -102828.0024       -84.9519 17m46s/Msamples
        8502000   -102899.4470        22.4      -102820.1283       -79.3187 17m46s/Msamples
        8503000   -102902.3976        22.4      -102827.6712       -74.7264 17m46s/Msamples
        8504000   -102901.8890        22.4      -102825.5462       -76.3427 17m46s/Msamples
        8505000   -102903.1476        22.4      -102825.4544       -77.6932 17m46s/Msamples
        8506000   -102910.1717        22.5      -102828.1836       -81.9880 17m46s/Msamples
        8507000   -102937.4520        22.5      -102831.0355      -106.4164 17m46s/Msamples
        8508000   -102928.9712        22.5      -102826.0978      -102.8734 17m46s/Msamples
        8509000   -102923.0640        22.5      -102832.0431       -91.0209 17m46s/Msamples
        8510000   -102910.0373        22.5      -102825.8528       -84.1845 17m46s/Msamples
        8511000   -102909.0679        22.5      -102831.9548       -77.1131 17m46s/Msamples
        8512000   -102912.3990        22.5      -102827.5708       -84.8282 17m46s/Msamples
        8513000   -102901.5240        22.5      -102823.2517       -78.2722 17m46s/Msamples
        8514000   -102896.8466        22.5      -102821.0660       -75.7806 17m46s/Msamples
        8515000   -102901.1315        22.5      -102827.3900       -73.7414 17m46s/Msamples
        8516000   -102907.9357        22.5      -102824.4631       -83.4725 17m46s/Msamples
        8517000   -102890.1040        22.6      -102818.5167       -71.5872 17m46s/Msamples
        8518000   -102902.1479        22.6      -102822.2322       -79.9157 17m46s/Msamples
        8519000   -102898.9859        22.6      -102829.7010       -69.2849 17m46s/Msamples
        8520000   -102903.5944        22.6      -102830.2690       -73.3253 17m46s/Msamples
        8521000   -102898.6889        22.6      -102821.8920       -76.7968 17m46s/Msamples
        8522000   -102905.8457        22.6      -102829.5674       -76.2783 17m46s/Msamples
        8523000   -102903.3042        22.6      -102833.2988       -70.0054 17m46s/Msamples
        8524000   -102909.2512        22.6      -102831.5214       -77.7298 17m46s/Msamples
        8525000   -102922.9517        22.6      -102831.1125       -91.8392 17m46s/Msamples
        8526000   -102910.8065        22.6      -102828.7830       -82.0235 17m46s/Msamples
        8527000   -102919.1230        22.7      -102838.8344       -80.2886 17m46s/Msamples
        8528000   -102915.3166        22.7      -102837.0111       -78.3054 17m46s/Msamples
        8529000   -102924.0268        22.7      -102842.0173       -82.0095 17m46s/Msamples
        8530000   -102917.2604        22.7      -102840.4582       -76.8021 17m46s/Msamples
        8531000   -102911.3109        22.7      -102836.4866       -74.8242 17m46s/Msamples
        8532000   -102910.6288        22.7      -102835.5546       -75.0741 17m46s/Msamples
        8533000   -102919.5034        22.7      -102839.5220       -79.9813 17m46s/Msamples
        8534000   -102912.8003        22.7      -102836.5070       -76.2932 17m46s/Msamples
        8535000   -102908.1591        22.7      -102827.1407       -81.0183 17m46s/Msamples
        8536000   -102906.0697        22.7      -102831.3291       -74.7405 17m46s/Msamples
        8537000   -102912.1170        22.7      -102829.6696       -82.4473 17m46s/Msamples
        8538000   -102915.1679        22.7      -102827.9761       -87.1917 17m46s/Msamples
        8539000   -102913.4571        22.7      -102832.5399       -80.9172 17m46s/Msamples
        8540000   -102902.6557        22.7      -102827.9942       -74.6615 17m46s/Msamples
        8541000   -102902.6650        22.7      -102823.7806       -78.8844 17m46s/Msamples
        8542000   -102916.9395        22.8      -102827.7093       -89.2301 17m46s/Msamples
        8543000   -102926.3046        22.8      -102830.7681       -95.5365 17m46s/Msamples
        8544000   -102935.0356        22.8      -102832.9754      -102.0602 17m46s/Msamples
        8545000   -102937.1427        22.7      -102836.1408      -101.0019 17m46s/Msamples
        8546000   -102940.8088        22.7      -102840.5645      -100.2442 17m46s/Msamples
        8547000   -102940.1289        22.7      -102845.8921       -94.2368 17m46s/Msamples
        8548000   -102933.5720        22.7      -102840.7614       -92.8105 17m46s/Msamples
        8549000   -102920.8928        22.7      -102834.2112       -86.6815 17m46s/Msamples
        8550000   -102939.1091        22.7      -102841.6256       -97.4834 17m46s/Msamples
        8551000   -102938.0733        22.7      -102841.9815       -96.0918 17m46s/Msamples
        8552000   -102942.7553        22.7      -102841.6539      -101.1014 17m46s/Msamples
        8553000   -102936.8721        22.7      -102840.2335       -96.6385 17m46s/Msamples
        8554000   -102938.5313        22.7      -102834.9206      -103.6106 17m46s/Msamples
        8555000   -102936.8561        22.7      -102839.8158       -97.0402 17m46s/Msamples
        8556000   -102938.2904        22.7      -102836.8538      -101.4365 17m46s/Msamples
        8557000   -102934.8756        22.7      -102835.9014       -98.9741 17m46s/Msamples
        8558000   -102943.1115        22.7      -102836.8726      -106.2389 17m46s/Msamples
        8559000   -102930.7986        22.7      -102835.5707       -95.2278 17m46s/Msamples
        8560000   -102940.6237        22.7      -102841.7542       -98.8694 17m46s/Msamples
        8561000   -102932.2884        22.7      -102837.4059       -94.8825 17m46s/Msamples
        8562000   -102926.8415        22.7      -102829.0007       -97.8408 17m46s/Msamples
        8563000   -102926.3540        22.7      -102828.6681       -97.6858 17m46s/Msamples
        8564000   -102941.0936        22.7      -102839.1098      -101.9838 17m46s/Msamples
        8565000   -102934.1323        22.7      -102834.8208       -99.3114 17m46s/Msamples
        8566000   -102921.5551        22.7      -102826.1628       -95.3922 17m46s/Msamples
        8567000   -102930.7167        22.7      -102828.5417      -102.1750 17m46s/Msamples
        8568000   -102932.6916        22.7      -102828.9391      -103.7524 17m46s/Msamples
        8569000   -102925.2951        22.7      -102822.6258      -102.6692 17m46s/Msamples
        8570000   -102925.5321        22.7      -102826.4314       -99.1007 17m46s/Msamples
        8571000   -102909.6287        22.7      -102821.4716       -88.1570 17m46s/Msamples
        8572000   -102900.3269        22.8      -102817.7397       -82.5872 17m46s/Msamples
        8573000   -102908.7533        22.8      -102819.4152       -89.3381 17m46s/Msamples
        8574000   -102909.0721        22.8      -102820.7072       -88.3648 17m46s/Msamples
        8575000   -102904.3989        22.8      -102817.9725       -86.4263 17m46s/Msamples
        8576000   -102914.5852        22.8      -102820.6637       -93.9215 17m46s/Msamples
        8577000   -102920.0462        22.8      -102824.3430       -95.7032 17m46s/Msamples
        8578000   -102922.3630        22.8      -102824.1681       -98.1948 17m46s/Msamples
        8579000   -102930.7051        22.8      -102827.0887      -103.6164 17m46s/Msamples
        8580000   -102929.2401        22.8      -102828.9131      -100.3269 17m46s/Msamples
        8581000   -102926.4138        22.8      -102831.9665       -94.4473 17m46s/Msamples
        8582000   -102927.9008        22.8      -102831.3703       -96.5304 17m46s/Msamples
        8583000   -102917.9097        22.8      -102825.4942       -92.4155 17m46s/Msamples
        8584000   -102913.5858        22.8      -102822.4698       -91.1159 17m46s/Msamples
        8585000   -102923.1360        22.8      -102826.8010       -96.3350 17m46s/Msamples
        8586000   -102924.4095        22.8      -102827.9440       -96.4654 17m46s/Msamples
        8587000   -102927.0980        22.8      -102828.4329       -98.6651 17m46s/Msamples
        8588000   -102922.3878        22.8      -102825.2878       -97.0999 17m46s/Msamples
        8589000   -102935.4781        22.8      -102829.9116      -105.5664 17m46s/Msamples
        8590000   -102935.0083        22.8      -102829.4423      -105.5660 17m46s/Msamples
        8591000   -102918.8594        22.8      -102821.0136       -97.8458 17m46s/Msamples
        8592000   -102928.2976        22.8      -102829.3091       -98.9884 17m46s/Msamples
        8593000   -102916.8074        22.8      -102825.0171       -91.7902 17m46s/Msamples
        8594000   -102918.8292        22.8      -102820.6917       -98.1375 17m46s/Msamples
        8595000   -102923.7120        22.8      -102820.5140      -103.1979 17m46s/Msamples
        8596000   -102916.7163        22.8      -102819.1648       -97.5515 17m46s/Msamples
        8597000   -102924.2578        22.8      -102826.5458       -97.7119 17m46s/Msamples
        8598000   -102919.3269        22.8      -102826.0690       -93.2579 17m46s/Msamples
        8599000   -102928.3737        22.8      -102834.3073       -94.0663 17m46s/Msamples
        8600000   -102926.7674        22.8      -102835.9167       -90.8506 17m46s/Msamples
        8601000   -102936.2355        22.8      -102845.0643       -91.1711 17m46s/Msamples
        8602000   -102929.3960        22.8      -102841.0795       -88.3164 17m46s/Msamples
        8603000   -102918.8601        22.8      -102830.9399       -87.9201 17m46s/Msamples
        8604000   -102935.1004        22.8      -102839.9020       -95.1983 17m46s/Msamples
        8605000   -102922.8563        22.8      -102827.0209       -95.8353 17m46s/Msamples
        8606000   -102919.8956        22.8      -102824.8145       -95.0810 17m46s/Msamples
        8607000   -102911.4698        22.8      -102823.3360       -88.1337 17m46s/Msamples
        8608000   -102916.5796        22.8      -102819.6131       -96.9665 17m46s/Msamples
        8609000   -102900.8091        22.9      -102817.1203       -83.6888 17m46s/Msamples
        8610000   -102903.9132        22.9      -102823.5279       -80.3852 17m46s/Msamples
        8611000   -102905.9374        22.9      -102824.6534       -81.2840 17m46s/Msamples
        8612000   -102918.0490        22.9      -102827.1345       -90.9144 17m46s/Msamples
        8613000   -102908.6039        22.9      -102821.1161       -87.4878 17m46s/Msamples
        8614000   -102918.6040        22.9      -102824.9084       -93.6956 17m46s/Msamples
        8615000   -102901.1271        22.9      -102816.4016       -84.7254 17m46s/Msamples
        8616000   -102916.6361        22.9      -102826.0181       -90.6179 17m46s/Msamples
        8617000   -102924.7254        22.9      -102827.9198       -96.8055 17m46s/Msamples
        8618000   -102916.5927        22.9      -102825.0196       -91.5730 17m46s/Msamples
        8619000   -102921.3952        22.9      -102828.7413       -92.6539 17m46s/Msamples
        8620000   -102918.9456        22.9      -102823.8484       -95.0971 17m46s/Msamples
        8621000   -102928.8941        22.9      -102833.1051       -95.7889 17m46s/Msamples
        8622000   -102929.1791        22.9      -102832.2996       -96.8795 17m46s/Msamples
        8623000   -102923.3844        22.9      -102832.1721       -91.2122 17m46s/Msamples
        8624000   -102927.8911        22.9      -102831.6481       -96.2430 17m46s/Msamples
        8625000   -102936.0488        22.9      -102832.9993      -103.0495 17m46s/Msamples
        8626000   -102946.9977        22.9      -102844.7895      -102.2081 17m46s/Msamples
        8627000   -102934.1293        22.9      -102836.7848       -97.3445 17m46s/Msamples
        8628000   -102937.7366        22.9      -102845.3312       -92.4054 17m46s/Msamples
        8629000   -102932.8579        22.9      -102843.9026       -88.9552 17m46s/Msamples
        8630000   -102924.7243        22.9      -102840.9724       -83.7518 17m46s/Msamples
        8631000   -102933.3161        22.9      -102846.9148       -86.4012 17m46s/Msamples
        8632000   -102920.7336        22.9      -102838.9189       -81.8147 17m46s/Msamples
        8633000   -102918.8133        22.9      -102834.9086       -83.9046 17m46s/Msamples
        8634000   -102921.0572        22.9      -102835.2904       -85.7667 17m46s/Msamples
        8635000   -102928.0368        22.9      -102839.8980       -88.1387 17m46s/Msamples
        8636000   -102919.3332        22.9      -102832.9682       -86.3650 17m46s/Msamples
        8637000   -102930.7717        22.9      -102839.0072       -91.7645 17m46s/Msamples
        8638000   -102931.0346        22.9      -102839.7551       -91.2794 17m46s/Msamples
        8639000   -102918.1739        23.0      -102835.3825       -82.7913 17m46s/Msamples
        8640000   -102905.6988        23.0      -102829.8612       -75.8376 17m46s/Msamples
        8641000   -102899.6423        23.0      -102827.7227       -71.9195 17m46s/Msamples
        8642000   -102914.6400        23.0      -102833.4481       -81.1919 17m46s/Msamples
        8643000   -102916.0101        23.0      -102832.0693       -83.9408 17m46s/Msamples
        8644000   -102914.9300        23.0      -102832.4038       -82.5262 17m46s/Msamples
        8645000   -102927.6248        23.0      -102837.1800       -90.4448 17m46s/Msamples
        8646000   -102919.6554        23.0      -102836.5659       -83.0894 17m46s/Msamples
        8647000   -102920.1253        23.0      -102833.0342       -87.0910 17m46s/Msamples
        8648000   -102903.7293        23.0      -102828.4654       -75.2639 17m46s/Msamples
        8649000   -102901.4460        23.0      -102828.9920       -72.4540 17m46s/Msamples
        8650000   -102909.3380        23.0      -102834.7480       -74.5900 17m46s/Msamples
        8651000   -102909.8804        23.0      -102830.1285       -79.7518 17m46s/Msamples
        8652000   -102914.6001        23.1      -102831.4224       -83.1776 17m46s/Msamples
        8653000   -102910.7766        23.1      -102830.4127       -80.3639 17m46s/Msamples
        8654000   -102906.7973        23.1      -102826.5915       -80.2057 17m46s/Msamples
        8655000   -102908.3974        23.1      -102824.6611       -83.7362 17m46s/Msamples
        8656000   -102907.1762        23.1      -102826.9557       -80.2204 17m46s/Msamples
        8657000   -102914.4850        23.1      -102826.5468       -87.9382 17m46s/Msamples
        8658000   -102906.5195        23.1      -102821.9044       -84.6150 17m46s/Msamples
        8659000   -102906.1453        23.1      -102822.2485       -83.8967 17m46s/Msamples
        8660000   -102921.0145        23.1      -102830.8854       -90.1290 17m46s/Msamples
        8661000   -102924.2479        23.1      -102836.7234       -87.5245 17m46s/Msamples
        8662000   -102915.5080        23.1      -102829.8386       -85.6693 17m46s/Msamples
        8663000   -102914.0614        23.1      -102828.8888       -85.1726 17m46s/Msamples
        8664000   -102914.9612        23.1      -102827.5497       -87.4114 17m46s/Msamples
        8665000   -102916.3382        23.1      -102829.1640       -87.1741 17m46s/Msamples
        8666000   -102921.9016        23.1      -102832.5531       -89.3485 17m46s/Msamples
        8667000   -102917.7894        23.1      -102835.0871       -82.7023 17m46s/Msamples
        8668000   -102913.1144        23.2      -102826.6919       -86.4224 17m46s/Msamples
        8669000   -102901.9872        23.2      -102827.9492       -74.0379 17m46s/Msamples
        8670000   -102895.4500        23.2      -102822.7069       -72.7431 17m46s/Msamples
        8671000   -102912.8955        23.2      -102832.9297       -79.9658 17m46s/Msamples
        8672000   -102917.5108        23.2      -102828.9669       -88.5439 17m46s/Msamples
        8673000   -102918.8453        23.2      -102826.9260       -91.9193 17m46s/Msamples
        8674000   -102927.8979        23.2      -102832.5354       -95.3625 17m46s/Msamples
        8675000   -102923.8191        23.2      -102833.1246       -90.6944 17m46s/Msamples
        8676000   -102921.2135        23.2      -102833.4994       -87.7140 17m46s/Msamples
        8677000   -102924.5662        23.2      -102834.5388       -90.0273 17m46s/Msamples
        8678000   -102913.9127        23.2      -102830.9486       -82.9640 17m46s/Msamples
        8679000   -102923.8526        23.2      -102828.6794       -95.1732 17m46s/Msamples
        8680000   -102903.5794        23.2      -102826.7154       -76.8640 17m46s/Msamples
        8681000   -102908.4103        23.2      -102829.8167       -78.5936 17m46s/Msamples
        8682000   -102909.7260        23.2      -102823.5618       -86.1642 17m46s/Msamples
        8683000   -102902.4962        23.3      -102815.4225       -87.0737 17m46s/Msamples
        8684000   -102898.4493        23.3      -102814.7921       -83.6571 17m46s/Msamples
        8685000   -102902.4734        23.3      -102819.7309       -82.7425 17m46s/Msamples
        8686000   -102910.8392        23.3      -102820.5642       -90.2749 17m46s/Msamples
        8687000   -102915.2057        23.3      -102819.5662       -95.6395 17m46s/Msamples
        8688000   -102909.9632        23.3      -102824.5125       -85.4507 17m46s/Msamples
        8689000   -102909.6423        23.3      -102816.3067       -93.3355 17m46s/Msamples
        8690000   -102902.9267        23.3      -102813.4917       -89.4349 17m46s/Msamples
        8691000   -102901.4403        23.3      -102814.7230       -86.7173 17m46s/Msamples
        8692000   -102898.9125        23.4      -102815.1259       -83.7866 17m46s/Msamples
        8693000   -102893.3521        23.4      -102813.9516       -79.4004 17m46s/Msamples
        8694000   -102892.4703        23.4      -102809.8401       -82.6301 17m46s/Msamples
        8695000   -102891.4122        23.4      -102809.4892       -81.9230 17m46s/Msamples
        8696000   -102883.9736        23.5      -102807.1003       -76.8732 17m46s/Msamples
        8697000   -102888.5446        23.5      -102808.5949       -79.9497 17m46s/Msamples
        8698000   -102901.6099        23.5      -102813.6809       -87.9289 17m46s/Msamples
        8699000   -102909.2161        23.5      -102825.3139       -83.9022 17m46s/Msamples
        8700000   -102913.9678        23.5      -102830.0353       -83.9325 17m46s/Msamples
        8701000   -102905.2023        23.5      -102822.5165       -82.6857 17m46s/Msamples
        8702000   -102915.0149        23.5      -102828.1469       -86.8680 17m46s/Msamples
        8703000   -102908.5545        23.5      -102820.8619       -87.6925 17m46s/Msamples
        8704000   -102911.0561        23.5      -102824.6545       -86.4015 17m46s/Msamples
        8705000   -102905.4046        23.6      -102821.7155       -83.6891 17m46s/Msamples
        8706000   -102908.9239        23.6      -102818.5960       -90.3278 17m46s/Msamples
        8707000   -102916.3384        23.6      -102821.3061       -95.0323 17m46s/Msamples
        8708000   -102913.9729        23.6      -102823.0839       -90.8890 17m46s/Msamples
        8709000   -102922.4913        23.6      -102829.8725       -92.6187 17m46s/Msamples
        8710000   -102911.3251        23.6      -102830.3051       -81.0199 17m46s/Msamples
        8711000   -102917.4310        23.6      -102828.0163       -89.4146 17m46s/Msamples
        8712000   -102909.8522        23.6      -102832.4623       -77.3899 17m46s/Msamples
        8713000   -102903.9418        23.6      -102826.9727       -76.9690 17m46s/Msamples
        8714000   -102888.9787        23.6      -102816.7740       -72.2046 17m46s/Msamples
        8715000   -102896.6888        23.7      -102823.7471       -72.9417 17m46s/Msamples
        8716000   -102886.8708        23.7      -102815.4801       -71.3907 17m46s/Msamples
        8717000   -102892.5986        23.7      -102816.6357       -75.9629 17m46s/Msamples
        8718000   -102897.7067        23.7      -102818.1576       -79.5490 17m46s/Msamples
        8719000   -102903.5350        23.7      -102819.5811       -83.9538 17m46s/Msamples
        8720000   -102900.3056        23.7      -102824.0888       -76.2167 17m46s/Msamples
        8721000   -102903.6776        23.8      -102826.7615       -76.9161 17m46s/Msamples
        8722000   -102915.5763        23.8      -102828.7865       -86.7898 17m46s/Msamples
        8723000   -102908.3998        23.8      -102823.3571       -85.0427 17m46s/Msamples
        8724000   -102921.2742        23.8      -102832.6193       -88.6549 17m46s/Msamples
        8725000   -102921.4617        23.8      -102829.7987       -91.6630 17m46s/Msamples
        8726000   -102916.1199        23.8      -102823.7679       -92.3519 17m46s/Msamples
        8727000   -102918.6821        23.8      -102834.3031       -84.3789 17m46s/Msamples
        8728000   -102921.8258        23.8      -102840.6415       -81.1842 17m46s/Msamples
        8729000   -102914.3576        23.8      -102835.8254       -78.5321 17m46s/Msamples
        8730000   -102913.2460        23.8      -102830.1319       -83.1140 17m46s/Msamples
        8731000   -102933.6176        23.8      -102838.0192       -95.5983 17m46s/Msamples
        8732000   -102928.0260        23.8      -102841.0471       -86.9788 17m46s/Msamples
        8733000   -102926.8517        23.8      -102838.5827       -88.2690 17m46s/Msamples
        8734000   -102928.3092        23.8      -102834.6677       -93.6415 17m46s/Msamples
        8735000   -102925.5901        23.8      -102837.8250       -87.7650 17m46s/Msamples
        8736000   -102927.4117        23.8      -102841.9762       -85.4355 17m46s/Msamples
        8737000   -102925.3614        23.8      -102838.2114       -87.1500 17m46s/Msamples
        8738000   -102935.0637        23.8      -102841.7849       -93.2787 17m46s/Msamples
        8739000   -102930.7039        23.8      -102843.4214       -87.2824 17m46s/Msamples
        8740000   -102929.2974        23.8      -102840.6370       -88.6603 17m46s/Msamples
        8741000   -102924.0905        23.8      -102838.9637       -85.1268 17m46s/Msamples
        8742000   -102932.8727        23.8      -102839.6539       -93.2188 17m46s/Msamples
        8743000   -102930.5822        23.8      -102841.0066       -89.5756 17m46s/Msamples
        8744000   -102911.7082        23.8      -102828.6863       -83.0218 17m46s/Msamples
        8745000   -102919.4242        23.8      -102831.8030       -87.6212 17m46s/Msamples
        8746000   -102907.4162        23.8      -102831.8903       -75.5259 17m46s/Msamples
        8747000   -102899.9034        23.8      -102822.7499       -77.1534 17m46s/Msamples
        8748000   -102905.0481        23.8      -102828.3568       -76.6912 17m46s/Msamples
        8749000   -102900.1730        23.9      -102822.2521       -77.9208 17m46s/Msamples
        8750000   -102917.2574        23.9      -102827.7380       -89.5194 17m46s/Msamples
        8751000   -102910.8812        23.9      -102827.8714       -83.0097 17m46s/Msamples
        8752000   -102906.0077        23.9      -102827.1165       -78.8912 17m46s/Msamples
        8753000   -102909.5680        23.9      -102828.7292       -80.8388 17m46s/Msamples
        8754000   -102908.9194        23.9      -102829.5061       -79.4133 17m46s/Msamples
        8755000   -102903.6733        23.9      -102826.4943       -77.1790 17m46s/Msamples
        8756000   -102915.1085        23.9      -102828.3226       -86.7859 17m46s/Msamples
        8757000   -102901.1921        23.9      -102824.7258       -76.4663 17m46s/Msamples
        8758000   -102915.1604        23.9      -102824.3935       -90.7668 17m46s/Msamples
        8759000   -102915.3352        23.9      -102825.2825       -90.0526 17m46s/Msamples
        8760000   -102913.8451        23.9      -102826.1203       -87.7248 17m46s/Msamples
        8761000   -102918.2144        24.0      -102828.6674       -89.5469 17m46s/Msamples
        8762000   -102913.6350        24.0      -102827.2743       -86.3606 17m46s/Msamples
        8763000   -102913.5612        24.0      -102827.6842       -85.8770 17m46s/Msamples
        8764000   -102908.4211        24.0      -102830.7869       -77.6341 17m46s/Msamples
        8765000   -102906.7604        24.0      -102827.5846       -79.1758 17m46s/Msamples
        8766000   -102910.3160        24.0      -102828.9166       -81.3994 17m46s/Msamples
        8767000   -102912.7485        24.0      -102826.4494       -86.2991 17m46s/Msamples
        8768000   -102915.9499        24.0      -102833.6829       -82.2669 17m46s/Msamples
        8769000   -102908.0652        24.0      -102819.3634       -88.7017 17m46s/Msamples
        8770000   -102928.4177        24.0      -102818.4680      -109.9497 17m46s/Msamples
        8771000   -102905.7904        24.0      -102815.3855       -90.4048 17m46s/Msamples
        8772000   -102905.1131        24.0      -102810.4232       -94.6899 17m46s/Msamples
        8773000   -102900.4365        24.0      -102813.5259       -86.9106 17m46s/Msamples
        8774000   -102903.4626        24.1      -102813.1880       -90.2745 17m46s/Msamples
        8775000   -102908.6727        24.1      -102814.9104       -93.7622 17m46s/Msamples
        8776000   -102914.5010        24.1      -102817.5638       -96.9372 17m46s/Msamples
        8777000   -102907.9585        24.1      -102818.2153       -89.7432 17m46s/Msamples
        8778000   -102900.1647        24.1      -102811.0052       -89.1594 17m46s/Msamples
        8779000   -102897.1596        24.1      -102813.7143       -83.4453 17m46s/Msamples
        8780000   -102908.5149        24.1      -102820.7566       -87.7582 17m46s/Msamples
        8781000   -102914.1594        24.1      -102825.2341       -88.9252 17m46s/Msamples
        8782000   -102923.7563        24.1      -102824.6606       -99.0956 17m46s/Msamples
        8783000   -102922.3541        24.1      -102826.6980       -95.6560 17m46s/Msamples
        8784000   -102922.7179        24.1      -102827.8201       -94.8978 17m46s/Msamples
        8785000   -102933.4000        24.1      -102834.0148       -99.3852 17m46s/Msamples
        8786000   -102933.0610        24.1      -102826.2592      -106.8018 17m46s/Msamples
        8787000   -102929.1771        24.1      -102827.2775      -101.8995 17m46s/Msamples
        8788000   -102933.1406        24.1      -102831.4008      -101.7397 17m46s/Msamples
        8789000   -102936.7950        24.1      -102827.3572      -109.4378 17m46s/Msamples
        8790000   -102939.0228        24.1      -102830.4550      -108.5678 17m46s/Msamples
        8791000   -102941.8305        24.1      -102832.9672      -108.8632 17m46s/Msamples
        8792000   -102941.3589        24.1      -102828.0445      -113.3143 17m46s/Msamples
        8793000   -102928.0673        24.1      -102832.0010       -96.0663 17m46s/Msamples
        8794000   -102925.3367        24.1      -102831.8414       -93.4952 17m46s/Msamples
        8795000   -102917.5363        24.1      -102823.3156       -94.2207 17m46s/Msamples
        8796000   -102920.7387        24.1      -102826.8683       -93.8703 17m46s/Msamples
        8797000   -102909.8668        24.2      -102820.3990       -89.4677 17m46s/Msamples
        8798000   -102903.6881        24.2      -102820.6394       -83.0487 17m46s/Msamples
        8799000   -102898.6694        24.2      -102819.1420       -79.5274 17m46s/Msamples
        8800000   -102908.0143        24.2      -102821.8897       -86.1246 17m46s/Msamples
        8801000   -102908.9394        24.2      -102822.2281       -86.7112 17m46s/Msamples
        8802000   -102898.6658        24.2      -102814.4812       -84.1845 17m46s/Msamples
        8803000   -102898.8668        24.2      -102819.3588       -79.5080 17m46s/Msamples
        8804000   -102905.1792        24.2      -102826.9192       -78.2599 17m46s/Msamples
        8805000   -102905.0810        24.2      -102818.1590       -86.9220 17m46s/Msamples
        8806000   -102914.9176        24.3      -102827.8224       -87.0952 17m46s/Msamples
        8807000   -102915.8631        24.3      -102830.4357       -85.4274 17m46s/Msamples
        8808000   -102906.8705        24.3      -102824.5101       -82.3604 17m46s/Msamples
        8809000   -102910.2329        24.3      -102820.7665       -89.4664 17m46s/Msamples
        8810000   -102913.8522        24.3      -102825.4140       -88.4381 17m46s/Msamples
        8811000   -102928.1713        24.3      -102826.8274      -101.3439 17m46s/Msamples
        8812000   -102916.7368        24.3      -102824.7698       -91.9670 17m46s/Msamples
        8813000   -102925.3161        24.3      -102821.7356      -103.5804 17m46s/Msamples
        8814000   -102934.9911        24.3      -102822.6014      -112.3896 17m46s/Msamples
        8815000   -102937.0262        24.3      -102822.2529      -114.7732 17m46s/Msamples
        8816000   -102926.7927        24.3      -102821.3371      -105.4556 17m46s/Msamples
        8817000   -102925.1050        24.3      -102819.1364      -105.9685 17m46s/Msamples
        8818000   -102928.4038        24.3      -102822.9954      -105.4083 17m46s/Msamples
        8819000   -102919.4794        24.3      -102821.7436       -97.7357 17m46s/Msamples
        8820000   -102912.7193        24.3      -102819.4044       -93.3149 17m46s/Msamples
        8821000   -102927.3836        24.3      -102824.2759      -103.1076 17m46s/Msamples
        8822000   -102942.2155        24.3      -102832.0359      -110.1795 17m46s/Msamples
        8823000   -102921.6465        24.3      -102822.6591       -98.9874 17m46s/Msamples
        8824000   -102931.2220        24.3      -102830.2564      -100.9655 17m46s/Msamples
        8825000   -102922.2673        24.3      -102826.3631       -95.9041 17m46s/Msamples
        8826000   -102912.4690        24.3      -102824.3490       -88.1200 17m46s/Msamples
        8827000   -102898.1679        24.3      -102821.4233       -76.7445 17m46s/Msamples
        8828000   -102908.1984        24.3      -102818.1676       -90.0308 17m46s/Msamples
        8829000   -102900.6651        24.4      -102813.3695       -87.2955 17m46s/Msamples
        8830000   -102906.9077        24.4      -102818.1734       -88.7343 17m46s/Msamples
        8831000   -102912.4630        24.4      -102818.4577       -94.0052 17m46s/Msamples
        8832000   -102914.8528        24.4      -102823.8349       -91.0178 17m46s/Msamples
        8833000   -102925.6707        24.4      -102829.3226       -96.3481 17m46s/Msamples
        8834000   -102920.3005        24.4      -102825.8404       -94.4600 17m46s/Msamples
        8835000   -102924.4478        24.4      -102832.8004       -91.6473 17m46s/Msamples
        8836000   -102921.0661        24.4      -102822.6530       -98.4130 17m46s/Msamples
        8837000   -102942.6019        24.4      -102836.9133      -105.6885 17m46s/Msamples
        8838000   -102947.9643        24.4      -102842.5155      -105.4487 17m46s/Msamples
        8839000   -102950.7935        24.4      -102841.2872      -109.5062 17m46s/Msamples
        8840000   -102947.4709        24.4      -102838.0624      -109.4084 17m46s/Msamples
        8841000   -102952.8687        24.4      -102837.8362      -115.0325 17m46s/Msamples
        8842000   -102958.1308        24.4      -102834.4214      -123.7093 17m46s/Msamples
        8843000   -102959.1618        24.4      -102836.1951      -122.9667 17m46s/Msamples
        8844000   -102957.5118        24.4      -102837.5220      -119.9897 17m46s/Msamples
        8845000   -102965.6611        24.5      -102834.0375      -131.6236 17m46s/Msamples
        8846000   -102952.7217        24.5      -102834.5409      -118.1808 17m46s/Msamples
        8847000   -102954.5701        24.5      -102832.6033      -121.9668 17m46s/Msamples
        8848000   -102956.3468        24.5      -102837.8008      -118.5460 17m46s/Msamples
        8849000   -102947.4942        24.5      -102831.5439      -115.9502 17m46s/Msamples
        8850000   -102947.2986        24.5      -102834.7435      -112.5550 17m46s/Msamples
        8851000   -102944.5157        24.5      -102836.4094      -108.1063 17m46s/Msamples
        8852000   -102943.0140        24.5      -102838.2319      -104.7821 17m46s/Msamples
        8853000   -102936.3948        24.5      -102832.7316      -103.6631 17m46s/Msamples
        8854000   -102933.9356        24.5      -102835.0135       -98.9220 17m46s/Msamples
        8855000   -102943.0564        24.5      -102839.9580      -103.0984 17m46s/Msamples
        8856000   -102944.9714        24.5      -102841.6334      -103.3380 17m46s/Msamples
        8857000   -102942.0620        24.5      -102842.9463       -99.1157 17m46s/Msamples
        8858000   -102950.3084        24.5      -102845.8389      -104.4694 17m46s/Msamples
        8859000   -102937.6836        24.5      -102836.8152      -100.8684 17m46s/Msamples
        8860000   -102939.0005        24.5      -102838.4011      -100.5994 17m46s/Msamples
        8861000   -102947.7699        24.5      -102844.0574      -103.7125 17m46s/Msamples
        8862000   -102954.9688        24.5      -102847.7088      -107.2599 17m46s/Msamples
        8863000   -102956.4140        24.5      -102844.7377      -111.6762 17m46s/Msamples
        8864000   -102955.1426        24.5      -102840.4611      -114.6814 17m46s/Msamples
        8865000   -102961.9692        24.5      -102842.5052      -119.4640 17m46s/Msamples
        8866000   -102952.0578        24.5      -102843.6589      -108.3989 17m46s/Msamples
        8867000   -102951.5706        24.6      -102839.5949      -111.9757 17m46s/Msamples
        8868000   -102945.7783        24.6      -102841.3066      -104.4716 17m46s/Msamples
        8869000   -102945.7069        24.6      -102836.3800      -109.3269 17m46s/Msamples
        8870000   -102949.6873        24.6      -102838.2583      -111.4290 17m46s/Msamples
        8871000   -102949.3448        24.6      -102845.6087      -103.7360 17m46s/Msamples
        8872000   -102940.6236        24.6      -102839.6716      -100.9519 17m46s/Msamples
        8873000   -102937.4022        24.6      -102833.9617      -103.4404 17m46s/Msamples
        8874000   -102937.5135        24.6      -102834.8305      -102.6829 17m46s/Msamples
        8875000   -102942.1934        24.6      -102841.4545      -100.7388 17m46s/Msamples
        8876000   -102939.0631        24.6      -102841.6113       -97.4517 17m46s/Msamples
        8877000   -102934.3660        24.6      -102833.4139      -100.9520 17m46s/Msamples
        8878000   -102940.8864        24.6      -102833.5736      -107.3127 17m46s/Msamples
        8879000   -102945.7807        24.6      -102834.0369      -111.7437 17m46s/Msamples
        8880000   -102944.7413        24.6      -102841.2851      -103.4561 17m46s/Msamples
        8881000   -102942.4620        24.6      -102842.4380      -100.0239 17m46s/Msamples
        8882000   -102938.7676        24.6      -102833.2226      -105.5449 17m46s/Msamples
        8883000   -102947.1135        24.6      -102837.7946      -109.3189 17m46s/Msamples
        8884000   -102935.5985        24.6      -102833.5469      -102.0516 17m46s/Msamples
        8885000   -102929.3726        24.6      -102832.3121       -97.0605 17m46s/Msamples
        8886000   -102925.3471        24.6      -102824.1721      -101.1750 17m46s/Msamples
        8887000   -102919.9771        24.6      -102821.6586       -98.3185 17m46s/Msamples
        8888000   -102921.2504        24.6      -102823.7564       -97.4940 17m46s/Msamples
        8889000   -102931.0271        24.6      -102831.0178      -100.0093 17m46s/Msamples
        8890000   -102931.1790        24.6      -102826.3166      -104.8624 17m46s/Msamples
        8891000   -102921.5963        24.6      -102821.9400       -99.6562 17m46s/Msamples
        8892000   -102915.4173        24.6      -102817.6204       -97.7968 17m46s/Msamples
        8893000   -102905.9041        24.6      -102816.7522       -89.1519 17m46s/Msamples
        8894000   -102914.3358        24.6      -102819.8783       -94.4575 17m46s/Msamples
        8895000   -102911.8554        24.6      -102821.5169       -90.3384 17m46s/Msamples
        8896000   -102913.4594        24.6      -102826.7513       -86.7080 17m46s/Msamples
        8897000   -102906.8979        24.6      -102819.5125       -87.3853 17m46s/Msamples
        8898000   -102916.0993        24.6      -102820.1978       -95.9015 17m46s/Msamples
        8899000   -102920.1091        24.7      -102822.5452       -97.5638 17m46s/Msamples
        8900000   -102914.0686        24.7      -102819.3982       -94.6703 17m46s/Msamples
        8901000   -102916.7722        24.7      -102819.7919       -96.9803 17m46s/Msamples
        8902000   -102934.8910        24.7      -102828.0364      -106.8545 17m46s/Msamples
        8903000   -102945.6848        24.7      -102826.5588      -119.1260 17m46s/Msamples
        8904000   -102944.5408        24.7      -102826.5945      -117.9462 17m46s/Msamples
        8905000   -102930.8174        24.7      -102824.2144      -106.6030 17m46s/Msamples
        8906000   -102922.6158        24.7      -102821.2064      -101.4094 17m46s/Msamples
        8907000   -102923.1767        24.7      -102819.0334      -104.1432 17m46s/Msamples
        8908000   -102927.6647        24.7      -102827.6095      -100.0552 17m46s/Msamples
        8909000   -102922.0588        24.7      -102818.7581      -103.3007 17m46s/Msamples
        8910000   -102917.7022        24.7      -102817.4305      -100.2716 17m46s/Msamples
        8911000   -102911.4181        24.7      -102815.8911       -95.5270 17m46s/Msamples
        8912000   -102916.1802        24.7      -102825.8783       -90.3018 17m46s/Msamples
        8913000   -102916.7387        24.7      -102821.8270       -94.9116 17m46s/Msamples
        8914000   -102915.1379        24.7      -102824.8219       -90.3159 17m46s/Msamples
        8915000   -102920.2450        24.7      -102823.6034       -96.6415 17m46s/Msamples
        8916000   -102924.7726        24.7      -102832.8462       -91.9264 17m46s/Msamples
        8917000   -102930.8219        24.7      -102831.6591       -99.1628 17m46s/Msamples
        8918000   -102925.9423        24.7      -102831.6040       -94.3383 17m46s/Msamples
        8919000   -102920.9830        24.7      -102825.3681       -95.6148 17m46s/Msamples
        8920000   -102917.5286        24.7      -102824.3143       -93.2142 17m46s/Msamples
        8921000   -102917.1693        24.7      -102827.7801       -89.3892 17m46s/Msamples
        8922000   -102912.0706        24.7      -102821.5103       -90.5602 17m46s/Msamples
        8923000   -102917.7206        24.7      -102824.8047       -92.9159 17m46s/Msamples
        8924000   -102913.8201        24.7      -102826.5954       -87.2246 17m46s/Msamples
        8925000   -102922.1856        24.7      -102834.2994       -87.8862 17m46s/Msamples
        8926000   -102909.0321        24.7      -102825.0494       -83.9826 17m46s/Msamples
        8927000   -102912.2846        24.8      -102827.7646       -84.5199 17m46s/Msamples
        8928000   -102913.9602        24.8      -102824.0007       -89.9594 17m46s/Msamples
        8929000   -102918.9750        24.8      -102829.0497       -89.9253 17m46s/Msamples
        8930000   -102919.0909        24.8      -102831.9107       -87.1801 17m46s/Msamples
        8931000   -102908.8648        24.8      -102826.1872       -82.6775 17m46s/Msamples
        8932000   -102920.5499        24.8      -102826.8896       -93.6602 17m46s/Msamples
        8933000   -102924.7494        24.8      -102833.3915       -91.3578 17m46s/Msamples
        8934000   -102921.4640        24.8      -102829.5490       -91.9150 17m46s/Msamples
        8935000   -102923.7581        24.8      -102825.9559       -97.8021 17m46s/Msamples
        8936000   -102928.6695        24.8      -102828.7889       -99.8806 17m46s/Msamples
        8937000   -102936.9151        24.8      -102838.1493       -98.7658 17m46s/Msamples
        8938000   -102932.6474        24.8      -102835.2286       -97.4187 17m46s/Msamples
        8939000   -102932.6927        24.8      -102830.0436      -102.6491 17m46s/Msamples
        8940000   -102924.1075        24.8      -102828.1799       -95.9275 17m46s/Msamples
        8941000   -102939.8440        24.8      -102833.0343      -106.8096 17m46s/Msamples
        8942000   -102934.8220        24.8      -102829.5444      -105.2775 17m46s/Msamples
        8943000   -102935.6101        24.8      -102827.2429      -108.3672 17m46s/Msamples
        8944000   -102926.0297        24.8      -102825.5913      -100.4383 17m46s/Msamples
        8945000   -102923.7388        24.8      -102826.9896       -96.7492 17m46s/Msamples
        8946000   -102918.4992        24.8      -102822.3121       -96.1871 17m46s/Msamples
        8947000   -102917.2109        24.8      -102820.6206       -96.5903 17m46s/Msamples
        8948000   -102918.4348        24.8      -102820.7758       -97.6590 17m46s/Msamples
        8949000   -102920.5680        24.8      -102817.3853      -103.1826 17m46s/Msamples
        8950000   -102918.1841        24.8      -102814.0904      -104.0936 17m46s/Msamples
        8951000   -102917.9315        24.8      -102820.3558       -97.5757 17m46s/Msamples
        8952000   -102932.3273        24.8      -102827.7706      -104.5566 17m46s/Msamples
        8953000   -102924.3700        24.8      -102823.4637      -100.9063 17m46s/Msamples
        8954000   -102931.8002        24.8      -102826.4435      -105.3566 17m46s/Msamples
        8955000   -102935.3435        24.8      -102828.3905      -106.9530 17m46s/Msamples
        8956000   -102945.2291        24.8      -102832.9938      -112.2352 17m46s/Msamples
        8957000   -102955.8797        24.8      -102827.1837      -128.6960 17m46s/Msamples
        8958000   -102940.5584        24.8      -102828.2225      -112.3359 17m46s/Msamples
        8959000   -102942.4297        24.9      -102833.9639      -108.4657 17m46s/Msamples
        8960000   -102936.2530        24.9      -102824.9711      -111.2819 17m46s/Msamples
        8961000   -102936.4922        24.9      -102827.8461      -108.6460 17m46s/Msamples
        8962000   -102934.3015        24.9      -102821.5781      -112.7233 17m46s/Msamples
        8963000   -102934.0726        24.9      -102828.8547      -105.2178 17m46s/Msamples
        8964000   -102925.3266        24.9      -102820.9592      -104.3673 17m46s/Msamples
        8965000   -102916.1350        24.9      -102818.9734       -97.1616 17m46s/Msamples
        8966000   -102916.8393        24.9      -102815.2964      -101.5429 17m46s/Msamples
        8967000   -102915.3220        24.9      -102811.7140      -103.6080 17m46s/Msamples
        8968000   -102916.0135        24.9      -102814.4044      -101.6091 17m46s/Msamples
        8969000   -102933.5358        24.9      -102826.1830      -107.3528 17m46s/Msamples
        8970000   -102929.9259        24.9      -102823.6957      -106.2301 17m46s/Msamples
        8971000   -102926.2377        24.9      -102820.9399      -105.2978 17m46s/Msamples
        8972000   -102926.1860        24.9      -102820.8789      -105.3070 17m46s/Msamples
        8973000   -102929.6874        24.9      -102823.2781      -106.4093 17m46s/Msamples
        8974000   -102927.4996        24.9      -102822.3556      -105.1440 17m46s/Msamples
        8975000   -102927.9561        24.9      -102822.1792      -105.7768 17m46s/Msamples
        8976000   -102926.2186        24.9      -102826.2669       -99.9517 17m46s/Msamples
        8977000   -102924.6977        24.9      -102824.0117      -100.6859 17m46s/Msamples
        8978000   -102928.6116        24.9      -102826.6706      -101.9410 17m46s/Msamples
        8979000   -102932.2516        24.9      -102830.1216      -102.1300 17m46s/Msamples
        8980000   -102934.1227        24.9      -102824.5116      -109.6110 17m46s/Msamples
        8981000   -102918.5562        24.9      -102820.5949       -97.9613 17m46s/Msamples
        8982000   -102933.6461        24.9      -102827.3654      -106.2807 17m46s/Msamples
        8983000   -102933.4268        24.9      -102823.4094      -110.0173 17m46s/Msamples
        8984000   -102930.3944        24.9      -102819.7236      -110.6708 17m46s/Msamples
        8985000   -102918.9496        24.9      -102816.3689      -102.5806 17m46s/Msamples
        8986000   -102928.0171        24.9      -102822.4697      -105.5473 17m46s/Msamples
        8987000   -102916.4682        24.9      -102814.0154      -102.4528 17m46s/Msamples
        8988000   -102913.9003        24.9      -102814.7389       -99.1614 17m46s/Msamples
        8989000   -102903.6910        25.0      -102814.7399       -88.9511 17m46s/Msamples
        8990000   -102905.0783        25.0      -102816.1901       -88.8882 17m46s/Msamples
        8991000   -102914.3351        25.0      -102814.7734       -99.5617 17m46s/Msamples
        8992000   -102940.8575        25.0      -102827.7729      -113.0845 17m46s/Msamples
        8993000   -102935.1076        25.0      -102826.5971      -108.5104 17m46s/Msamples
        8994000   -102933.0641        25.0      -102829.6233      -103.4408 17m46s/Msamples
        8995000   -102934.8758        25.0      -102831.9556      -102.9201 17m46s/Msamples
        8996000   -102938.5884        25.0      -102834.1035      -104.4848 17m46s/Msamples
        8997000   -102945.1050        24.5      -102830.3815      -114.7234 17m46s/Msamples
        8998000   -102939.9487        24.5      -102830.1513      -109.7973 17m46s/Msamples
        8999000   -102942.4694        24.5      -102829.0466      -113.4228 17m46s/Msamples
        9000000   -102942.7144        24.5      -102841.0758      -101.6386 17m46s/Msamples
        9001000   -102939.7730        24.5      -102832.6370      -107.1360 17m46s/Msamples
        9002000   -102917.9495        24.5      -102823.3449       -94.6045 17m46s/Msamples
        9003000   -102925.4017        24.5      -102824.4912      -100.9105 17m46s/Msamples
        9004000   -102932.1184        24.5      -102830.8800      -101.2384 17m46s/Msamples
        9005000   -102933.5416        24.5      -102828.7268      -104.8147 17m46s/Msamples
        9006000   -102933.2103        24.5      -102827.6301      -105.5801 17m46s/Msamples
        9007000   -102940.8257        24.5      -102831.2824      -109.5433 17m46s/Msamples
        9008000   -102933.5028        24.5      -102826.9889      -106.5139 17m46s/Msamples
        9009000   -102948.3742        24.5      -102831.1215      -117.2526 17m46s/Msamples
        9010000   -102939.5438        24.5      -102832.4331      -107.1107 17m46s/Msamples
        9011000   -102945.9002        24.5      -102833.3895      -112.5106 17m46s/Msamples
        9012000   -102943.2361        24.5      -102836.3130      -106.9231 17m46s/Msamples
        9013000   -102949.2521        24.5      -102833.9373      -115.3148 17m46s/Msamples
        9014000   -102938.6550        24.5      -102829.8953      -108.7596 17m46s/Msamples
        9015000   -102924.5433        24.5      -102824.1918      -100.3514 17m46s/Msamples
        9016000   -102925.4288        24.5      -102829.8671       -95.5617 17m46s/Msamples
        9017000   -102918.1434        24.5      -102822.7399       -95.4035 17m46s/Msamples
        9018000   -102933.2652        24.5      -102828.1938      -105.0713 17m46s/Msamples
        9019000   -102936.6776        24.5      -102835.9518      -100.7258 17m46s/Msamples
        9020000   -102934.6472        24.5      -102829.9638      -104.6834 17m46s/Msamples
        9021000   -102945.1064        24.5      -102836.7004      -108.4059 17m46s/Msamples
        9022000   -102944.6092        24.5      -102832.1186      -112.4905 17m46s/Msamples
        9023000   -102938.0297        24.5      -102829.1523      -108.8773 17m46s/Msamples
        9024000   -102942.8965        24.5      -102831.2628      -111.6336 17m46s/Msamples
        9025000   -102946.3467        24.6      -102829.9740      -116.3727 17m46s/Msamples
        9026000   -102948.6758        24.6      -102831.8222      -116.8536 17m46s/Msamples
        9027000   -102939.4317        24.6      -102828.3237      -111.1079 17m46s/Msamples
        9028000   -102942.7320        24.6      -102830.7456      -111.9863 17m46s/Msamples
        9029000   -102936.6007        24.6      -102833.9656      -102.6350 17m46s/Msamples
        9030000   -102934.3217        24.6      -102829.3332      -104.9885 17m46s/Msamples
        9031000   -102928.8339        24.6      -102828.6196      -100.2143 17m46s/Msamples
        9032000   -102933.7634        24.6      -102824.3269      -109.4365 17m46s/Msamples
        9033000   -102931.2148        24.6      -102825.3922      -105.8226 17m46s/Msamples
        9034000   -102933.8517        24.6      -102824.9080      -108.9437 17m46s/Msamples
        9035000   -102945.8647        24.6      -102828.3706      -117.4940 17m46s/Msamples
        9036000   -102922.8837        24.6      -102825.8860       -96.9977 17m46s/Msamples
        9037000   -102917.7453        24.6      -102826.5049       -91.2404 17m46s/Msamples
        9038000   -102914.5312        24.6      -102825.1810       -89.3502 17m46s/Msamples
        9039000   -102931.5796        24.6      -102834.1308       -97.4487 17m46s/Msamples
        9040000   -102929.0335        24.6      -102829.2387       -99.7948 17m46s/Msamples
        9041000   -102938.6586        24.6      -102828.6624      -109.9961 17m46s/Msamples
        9042000   -102935.3683        24.6      -102825.8538      -109.5145 17m46s/Msamples
        9043000   -102941.2902        24.6      -102833.4613      -107.8289 17m46s/Msamples
        9044000   -102926.4170        24.6      -102830.4016       -96.0153 17m46s/Msamples
        9045000   -102920.5204        24.6      -102830.0218       -90.4986 17m46s/Msamples
        9046000   -102918.2540        24.6      -102831.0868       -87.1672 17m46s/Msamples
        9047000   -102928.3721        24.6      -102834.3085       -94.0636 17m46s/Msamples
        9048000   -102915.6455        24.6      -102830.6844       -84.9611 17m46s/Msamples
        9049000   -102919.5262        24.6      -102831.9855       -87.5407 17m46s/Msamples
        9050000   -102913.8045        24.6      -102828.9257       -84.8787 17m46s/Msamples
        9051000   -102915.4841        24.6      -102826.7250       -88.7590 17m46s/Msamples
        9052000   -102926.4061        24.6      -102832.2173       -94.1887 17m46s/Msamples
        9053000   -102925.1484        24.6      -102834.4442       -90.7041 17m46s/Msamples
        9054000   -102916.1438        24.6      -102828.8029       -87.3408 17m46s/Msamples
        9055000   -102924.6501        24.6      -102828.5765       -96.0735 17m46s/Msamples
        9056000   -102913.7919        24.6      -102826.2053       -87.5866 17m46s/Msamples
        9057000   -102925.5585        24.6      -102831.9170       -93.6415 17m46s/Msamples
        9058000   -102914.1748        24.6      -102820.4770       -93.6978 17m46s/Msamples
        9059000   -102907.5761        24.7      -102821.1128       -86.4632 17m46s/Msamples
        9060000   -102902.1464        24.7      -102823.9886       -78.1577 17m46s/Msamples
        9061000   -102893.2956        24.7      -102816.5341       -76.7615 17m46s/Msamples
        9062000   -102905.0394        24.7      -102821.3714       -83.6679 17m46s/Msamples
        9063000   -102896.7980        24.7      -102819.4380       -77.3600 17m46s/Msamples
        9064000   -102899.0811        24.7      -102814.4236       -84.6574 17m46s/Msamples
        9065000   -102897.6879        24.7      -102815.8812       -81.8067 17m46s/Msamples
        9066000   -102901.8446        24.8      -102816.2824       -85.5621 17m46s/Msamples
        9067000   -102906.1964        24.8      -102816.8728       -89.3235 17m46s/Msamples
        9068000   -102902.1305        24.8      -102814.4365       -87.6940 17m46s/Msamples
        9069000   -102921.5734        24.8      -102820.4584      -101.1149 17m46s/Msamples
        9070000   -102917.4120        24.8      -102827.3272       -90.0847 17m46s/Msamples
        9071000   -102914.1110        24.8      -102825.9017       -88.2093 17m46s/Msamples
        9072000   -102915.3918        24.8      -102824.6467       -90.7450 17m46s/Msamples
        9073000   -102922.9552        24.8      -102829.5366       -93.4186 17m46s/Msamples
        9074000   -102906.5512        24.8      -102825.2904       -81.2607 17m46s/Msamples
        9075000   -102904.7691        24.8      -102820.3446       -84.4245 17m46s/Msamples
        9076000   -102900.5893        24.8      -102820.2312       -80.3580 17m46s/Msamples
        9077000   -102896.1487        24.8      -102819.0861       -77.0625 17m46s/Msamples
        9078000   -102903.2353        24.8      -102826.0427       -77.1925 17m46s/Msamples
        9079000   -102899.5532        24.9      -102816.9650       -82.5881 17m46s/Msamples
        9080000   -102906.0396        24.9      -102818.0944       -87.9452 17m46s/Msamples
        9081000   -102901.5359        24.9      -102821.3877       -80.1481 17m46s/Msamples
        9082000   -102896.9737        24.9      -102816.4200       -80.5536 17m46s/Msamples
        9083000   -102892.5045        24.9      -102811.9454       -80.5591 17m46s/Msamples
        9084000   -102889.8124        24.9      -102813.1255       -76.6869 17m46s/Msamples
        9085000   -102901.0379        24.9      -102818.4399       -82.5979 17m46s/Msamples
        9086000   -102901.8910        24.9      -102813.2941       -88.5968 17m46s/Msamples
        9087000   -102909.4478        25.0      -102812.3985       -97.0493 17m46s/Msamples
        9088000   -102927.7200        25.0      -102823.8425      -103.8774 17m46s/Msamples
        9089000   -102920.8085        25.0      -102822.7888       -98.0196 17m46s/Msamples
        9090000   -102925.4896        25.0      -102831.3165       -94.1731 17m46s/Msamples
        9091000   -102927.6249        25.0      -102829.9006       -97.7243 17m46s/Msamples
        9092000   -102920.6594        25.0      -102830.6653       -89.9941 17m46s/Msamples
        9093000   -102917.8352        25.0      -102829.1535       -88.6817 17m46s/Msamples
        9094000   -102927.1648        25.0      -102826.7062      -100.4586 17m46s/Msamples
        9095000   -102928.1182        25.0      -102829.8493       -98.2689 17m46s/Msamples
        9096000   -102916.5892        25.0      -102823.1844       -93.4048 17m46s/Msamples
        9097000   -102922.7513        25.0      -102829.0041       -93.7471 17m46s/Msamples
        9098000   -102922.2700        25.0      -102823.6378       -98.6322 17m46s/Msamples
        9099000   -102930.4094        25.0      -102835.0878       -95.3216 17m46s/Msamples
        9100000   -102931.9634        25.0      -102833.5423       -98.4211 17m46s/Msamples
        9101000   -102935.9184        25.0      -102832.0794      -103.8390 17m46s/Msamples
        9102000   -102926.2250        25.0      -102828.2908       -97.9341 17m46s/Msamples
        9103000   -102925.0088        25.0      -102830.4842       -94.5245 17m46s/Msamples
        9104000   -102925.3650        25.0      -102833.0277       -92.3373 17m46s/Msamples
        9105000   -102923.8162        25.0      -102838.7407       -85.0755 17m46s/Msamples
        9106000   -102924.8880        25.0      -102833.6195       -91.2685 17m46s/Msamples
        9107000   -102925.3128        25.0      -102831.5579       -93.7549 17m46s/Msamples
        9108000   -102937.7041        25.0      -102832.7398      -104.9642 17m46s/Msamples
        9109000   -102940.7987        25.0      -102834.1351      -106.6636 17m46s/Msamples
        9110000   -102930.0744        25.0      -102838.8210       -91.2534 17m46s/Msamples
        9111000   -102922.6935        25.0      -102829.2142       -93.4792 17m46s/Msamples
        9112000   -102927.8335        25.0      -102832.9121       -94.9213 17m46s/Msamples
        9113000   -102916.9543        25.0      -102828.6006       -88.3537 17m46s/Msamples
        9114000   -102925.4704        25.0      -102830.0853       -95.3850 17m46s/Msamples
        9115000   -102923.9846        25.0      -102826.1234       -97.8611 17m46s/Msamples
        9116000   -102932.4585        25.0      -102829.1578      -103.3007 17m46s/Msamples
        9117000   -102927.6802        25.0      -102833.3838       -94.2963 17m46s/Msamples
        9118000   -102931.9342        25.0      -102843.6596       -88.2746 17m46s/Msamples
        9119000   -102922.1857        25.1      -102832.7453       -89.4404 17m46s/Msamples
        9120000   -102927.5294        25.1      -102836.9244       -90.6050 17m46s/Msamples
        9121000   -102920.6096        25.1      -102835.3258       -85.2838 17m46s/Msamples
        9122000   -102927.2307        25.1      -102838.2993       -88.9313 17m46s/Msamples
        9123000   -102931.8072        25.1      -102837.9069       -93.9003 17m46s/Msamples
        9124000   -102935.7330        25.1      -102832.0739      -103.6591 17m46s/Msamples
        9125000   -102944.0040        25.1      -102841.3549      -102.6491 17m46s/Msamples
        9126000   -102948.0903        25.1      -102843.2246      -104.8656 17m46s/Msamples
        9127000   -102942.9812        25.1      -102844.5710       -98.4101 17m46s/Msamples
        9128000   -102940.8530        25.1      -102843.3147       -97.5383 17m46s/Msamples
        9129000   -102928.6836        25.1      -102830.8018       -97.8817 17m46s/Msamples
        9130000   -102921.2298        25.1      -102833.2426       -87.9871 17m46s/Msamples
        9131000   -102925.6134        25.1      -102829.3831       -96.2302 17m46s/Msamples
        9132000   -102926.2810        25.1      -102832.7163       -93.5647 17m46s/Msamples
        9133000   -102919.9850        25.1      -102826.2237       -93.7612 17m46s/Msamples
        9134000   -102914.5348        25.1      -102823.4007       -91.1340 17m46s/Msamples
        9135000   -102922.1737        25.1      -102827.8775       -94.2962 17m46s/Msamples
        9136000   -102934.0048        25.1      -102833.4397      -100.5651 17m46s/Msamples
        9137000   -102921.5405        25.1      -102825.7773       -95.7632 17m46s/Msamples
        9138000   -102927.9108        25.1      -102827.6967      -100.2141 17m46s/Msamples
        9139000   -102927.7498        25.1      -102822.5472      -105.2025 17m46s/Msamples
        9140000   -102929.1120        25.1      -102823.2303      -105.8817 17m46s/Msamples
        9141000   -102921.9265        25.1      -102824.6595       -97.2670 17m46s/Msamples
        9142000   -102917.4620        25.1      -102825.3635       -92.0984 17m46s/Msamples
        9143000   -102920.4064        25.1      -102828.0528       -92.3535 17m46s/Msamples
        9144000   -102937.2586        25.1      -102837.4651       -99.7934 17m46s/Msamples
        9145000   -102937.6564        25.1      -102837.2179      -100.4385 17m46s/Msamples
        9146000   -102943.2552        25.1      -102839.5049      -103.7503 17m46s/Msamples
        9147000   -102944.7846        25.2      -102841.8839      -102.9006 17m46s/Msamples
        9148000   -102937.6121        25.2      -102834.2830      -103.3291 17m46s/Msamples
        9149000   -102922.8409        25.2      -102833.7803       -89.0606 17m46s/Msamples
        9150000   -102937.1055        25.2      -102846.0385       -91.0670 17m46s/Msamples
        9151000   -102917.8492        25.2      -102831.1554       -86.6938 17m46s/Msamples
        9152000   -102896.0891        25.2      -102817.1360       -78.9531 17m46s/Msamples
        9153000   -102915.8624        25.2      -102831.7615       -84.1009 17m46s/Msamples
        9154000   -102913.3827        25.2      -102828.1495       -85.2332 17m46s/Msamples
        9155000   -102912.9945        25.2      -102818.4123       -94.5821 17m46s/Msamples
        9156000   -102915.9700        25.2      -102829.9837       -85.9863 17m46s/Msamples
        9157000   -102918.1642        25.2      -102827.3696       -90.7945 17m46s/Msamples
        9158000   -102917.1127        25.2      -102826.5528       -90.5599 17m46s/Msamples
        9159000   -102924.9475        25.2      -102831.1507       -93.7967 17m46s/Msamples
        9160000   -102920.7903        25.2      -102835.0413       -85.7489 17m46s/Msamples
        9161000   -102927.9038        25.2      -102827.9947       -99.9091 17m46s/Msamples
        9162000   -102934.7088        25.2      -102830.6816      -104.0272 17m46s/Msamples
        9163000   -102926.1826        25.2      -102833.6506       -92.5320 17m46s/Msamples
        9164000   -102936.1041        25.2      -102841.3826       -94.7214 17m46s/Msamples
        9165000   -102931.7240        25.2      -102833.6049       -98.1190 17m46s/Msamples
        9166000   -102933.4983        25.2      -102827.7015      -105.7968 17m46s/Msamples
        9167000   -102925.4418        25.2      -102829.5239       -95.9178 17m46s/Msamples
        9168000   -102912.1890        25.2      -102827.7949       -84.3940 17m46s/Msamples
        9169000   -102905.4595        25.3      -102821.0386       -84.4209 17m46s/Msamples
        9170000   -102909.5361        25.3      -102826.1406       -83.3954 17m46s/Msamples
        9171000   -102922.4029        25.3      -102831.1202       -91.2826 17m46s/Msamples
        9172000   -102917.4624        25.3      -102828.2572       -89.2051 17m46s/Msamples
        9173000   -102920.4798        25.3      -102832.6699       -87.8099 17m46s/Msamples
        9174000   -102927.8791        25.3      -102834.2984       -93.5806 17m46s/Msamples
        9175000   -102927.7466        25.3      -102828.1833       -99.5633 17m46s/Msamples
        9176000   -102916.4344        25.3      -102822.6871       -93.7473 17m46s/Msamples
        9177000   -102918.6622        25.3      -102828.2142       -90.4480 17m46s/Msamples
        9178000   -102911.2086        25.3      -102822.3372       -88.8713 17m46s/Msamples
        9179000   -102924.1697        25.3      -102833.1707       -90.9990 17m46s/Msamples
        9180000   -102909.0043        25.3      -102826.0141       -82.9902 17m46s/Msamples
        9181000   -102908.7602        25.3      -102824.5978       -84.1624 17m46s/Msamples
        9182000   -102908.6524        25.3      -102823.7689       -84.8834 17m46s/Msamples
        9183000   -102909.0158        25.3      -102822.6641       -86.3517 17m46s/Msamples
        9184000   -102909.4243        25.3      -102820.3310       -89.0932 17m46s/Msamples
        9185000   -102907.3966        25.3      -102817.4396       -89.9570 17m46s/Msamples
        9186000   -102907.5073        25.4      -102822.7987       -84.7085 17m46s/Msamples
        9187000   -102904.0655        25.4      -102822.3510       -81.7144 17m46s/Msamples
        9188000   -102897.8596        25.4      -102821.8244       -76.0352 17m46s/Msamples
        9189000   -102897.5246        25.4      -102818.5148       -79.0097 17m46s/Msamples
        9190000   -102906.2369        25.4      -102823.9251       -82.3118 17m46s/Msamples
        9191000   -102909.1254        25.4      -102826.1104       -83.0150 17m46s/Msamples
        9192000   -102905.2736        25.4      -102822.0496       -83.2239 17m46s/Msamples
        9193000   -102915.4830        25.4      -102829.3079       -86.1750 17m46s/Msamples
        9194000   -102914.8777        25.4      -102829.9430       -84.9346 17m46s/Msamples
        9195000   -102912.6435        25.4      -102832.3600       -80.2835 17m46s/Msamples
        9196000   -102919.1294        25.4      -102832.6956       -86.4337 17m46s/Msamples
        9197000   -102917.1978        25.4      -102832.8887       -84.3091 17m46s/Msamples
        9198000   -102910.8252        25.4      -102831.4890       -79.3361 17m46s/Msamples
        9199000   -102902.5195        25.5      -102828.7016       -73.8178 17m46s/Msamples
        9200000   -102904.9628        25.5      -102827.0187       -77.9440 17m46s/Msamples
        9201000   -102906.7052        25.5      -102828.6644       -78.0407 17m46s/Msamples
        9202000   -102907.1405        25.5      -102823.9352       -83.2052 17m46s/Msamples
        9203000   -102907.8750        25.5      -102828.0014       -79.8735 17m46s/Msamples
        9204000   -102897.2649        25.5      -102825.3712       -71.8937 17m46s/Msamples
        9205000   -102913.1067        25.5      -102830.5272       -82.5794 17m46s/Msamples
        9206000   -102910.9444        25.5      -102825.4700       -85.4744 17m46s/Msamples
        9207000   -102911.8188        25.5      -102824.3162       -87.5025 17m46s/Msamples
        9208000   -102920.2807        25.5      -102827.0783       -93.2024 17m46s/Msamples
        9209000   -102922.0450        25.5      -102829.6591       -92.3858 17m46s/Msamples
        9210000   -102902.2508        25.5      -102821.6801       -80.5707 17m46s/Msamples
        9211000   -102911.0514        25.5      -102823.1535       -87.8978 17m46s/Msamples
        9212000   -102904.2625        25.5      -102824.3341       -79.9284 17m46s/Msamples
        9213000   -102902.7339        25.5      -102827.4663       -75.2676 17m46s/Msamples
        9214000   -102927.0394        25.6      -102838.1210       -88.9183 17m46s/Msamples
        9215000   -102924.8162        25.6      -102832.0676       -92.7486 17m46s/Msamples
        9216000   -102905.3080        25.6      -102823.2694       -82.0386 17m46s/Msamples
        9217000   -102921.3490        25.6      -102835.1416       -86.2074 17m46s/Msamples
        9218000   -102930.3516        25.6      -102832.9122       -97.4394 17m46s/Msamples
        9219000   -102943.1481        25.6      -102839.4933      -103.6547 17m46s/Msamples
        9220000   -102935.7199        25.6      -102838.0172       -97.7027 17m46s/Msamples
        9221000   -102924.0941        25.6      -102833.3886       -90.7055 17m46s/Msamples
        9222000   -102919.8152        25.6      -102826.6323       -93.1828 17m46s/Msamples
        9223000   -102927.7458        25.6      -102829.9726       -97.7731 17m46s/Msamples
        9224000   -102913.0404        25.6      -102828.2434       -84.7969 17m46s/Msamples
        9225000   -102920.6125        25.6      -102829.3212       -91.2913 17m46s/Msamples
        9226000   -102931.1153        25.6      -102830.4753      -100.6400 17m46s/Msamples
        9227000   -102924.3667        25.6      -102832.9582       -91.4084 17m46s/Msamples
        9228000   -102905.6500        25.6      -102820.0060       -85.6439 17m46s/Msamples
        9229000   -102893.8669        25.6      -102819.4336       -74.4332 17m46s/Msamples
        9230000   -102899.5434        25.6      -102823.2356       -76.3077 17m46s/Msamples
        9231000   -102890.5257        25.7      -102820.5584       -69.9672 17m46s/Msamples
        9232000   -102892.7393        25.7      -102817.9032       -74.8360 17m46s/Msamples
        9233000   -102903.7186        25.7      -102823.3090       -80.4095 17m46s/Msamples
        9234000   -102914.8665        25.7      -102821.8792       -92.9872 17m46s/Msamples
        9235000   -102911.3880        25.7      -102824.2011       -87.1869 17m46s/Msamples
        9236000   -102907.0631        25.7      -102826.3476       -80.7155 17m46s/Msamples
        9237000   -102919.9578        25.7      -102828.1261       -91.8317 17m46s/Msamples
        9238000   -102933.1949        25.7      -102823.3435      -109.8513 17m46s/Msamples
        9239000   -102934.5117        25.7      -102833.6883      -100.8233 17m46s/Msamples
        9240000   -102915.6299        25.7      -102824.6058       -91.0240 17m46s/Msamples
        9241000   -102919.5001        25.7      -102825.0246       -94.4755 17m46s/Msamples
        9242000   -102935.5907        25.7      -102825.7471      -109.8436 17m46s/Msamples
        9243000   -102923.4923        25.7      -102824.7051       -98.7871 17m46s/Msamples
        9244000   -102923.3349        25.7      -102826.1584       -97.1764 17m46s/Msamples
        9245000   -102925.8140        25.7      -102823.9015      -101.9124 17m46s/Msamples
        9246000   -102925.8083        25.7      -102824.9025      -100.9057 17m46s/Msamples
        9247000   -102904.0511        25.7      -102834.1800       -69.8710 17m46s/Msamples
        9248000   -102914.9894        25.7      -102835.1326       -79.8568 17m46s/Msamples
        9249000   -102906.3525        25.8      -102832.7455       -73.6070 17m46s/Msamples
        9250000   -102888.7677        25.8      -102821.0724       -67.6953 17m46s/Msamples
        9251000   -102894.3531        25.8      -102822.2315       -72.1216 17m46s/Msamples
        9252000   -102901.3371        25.8      -102823.2003       -78.1368 17m46s/Msamples
        9253000   -102893.3896        25.8      -102820.8270       -72.5626 17m46s/Msamples
        9254000   -102894.0497        25.8      -102817.7042       -76.3455 17m46s/Msamples
        9255000   -102903.8096        25.8      -102824.9019       -78.9076 17m46s/Msamples
        9256000   -102902.5925        25.8      -102825.4393       -77.1531 17m46s/Msamples
        9257000   -102904.4207        25.8      -102823.1231       -81.2976 17m46s/Msamples
        9258000   -102892.0905        25.9      -102822.7160       -69.3745 17m46s/Msamples
        9259000   -102890.2078        25.9      -102820.2955       -69.9122 17m46s/Msamples
        9260000   -102882.9275        25.9      -102819.8238       -63.1036 17m46s/Msamples
        9261000   -102889.8133        25.9      -102828.6593       -61.1540 17m46s/Msamples
        9262000   -102893.4236        25.9      -102833.8237       -59.5999 17m46s/Msamples
        9263000   -102904.7283        25.9      -102831.1201       -73.6082 17m46s/Msamples
        9264000   -102894.3230        25.9      -102827.0401       -67.2829 17m46s/Msamples
        9265000   -102888.2234        26.0      -102821.8838       -66.3396 17m46s/Msamples
        9266000   -102888.6920        26.0      -102817.5854       -71.1065 17m46s/Msamples
        9267000   -102885.3586        26.0      -102822.4377       -62.9208 17m46s/Msamples
        9268000   -102892.6747        26.0      -102821.9326       -70.7420 17m46s/Msamples
        9269000   -102888.0020        26.0      -102819.0331       -68.9688 17m46s/Msamples
        9270000   -102895.4650        26.0      -102829.1595       -66.3054 17m46s/Msamples
        9271000   -102892.5961        26.1      -102819.4330       -73.1630 17m46s/Msamples
        9272000   -102892.6434        26.1      -102818.8683       -73.7750 17m46s/Msamples
        9273000   -102885.9795        26.1      -102822.2734       -63.7060 17m46s/Msamples
        9274000   -102888.1584        26.1      -102815.2720       -72.8864 17m46s/Msamples
        9275000   -102881.6433        26.1      -102815.2512       -66.3920 17m46s/Msamples
        9276000   -102890.1507        26.1      -102818.8012       -71.3494 17m46s/Msamples
        9277000   -102900.3639        26.1      -102822.9579       -77.4060 17m46s/Msamples
        9278000   -102912.9259        26.1      -102828.7257       -84.2002 17m46s/Msamples
        9279000   -102894.4929        26.2      -102824.2491       -70.2438 17m46s/Msamples
        9280000   -102897.7674        26.2      -102826.7389       -71.0284 17m46s/Msamples
        9281000   -102898.4892        26.2      -102830.6906       -67.7985 17m46s/Msamples
        9282000   -102894.6541        26.2      -102821.4422       -73.2118 17m46s/Msamples
        9283000   -102910.0312        26.2      -102831.0982       -78.9329 17m46s/Msamples
        9284000   -102908.1370        26.2      -102830.5857       -77.5512 17m46s/Msamples
        9285000   -102904.2841        26.2      -102824.5160       -79.7680 17m46s/Msamples
        9286000   -102897.7747        26.2      -102821.5601       -76.2146 17m46s/Msamples
        9287000   -102892.8782        26.2      -102822.0689       -70.8093 17m46s/Msamples
        9288000   -102908.2267        26.2      -102829.0866       -79.1401 17m46s/Msamples
        9289000   -102901.8362        26.2      -102824.1141       -77.7221 17m46s/Msamples
        9290000   -102916.0499        26.3      -102832.6122       -83.4376 17m46s/Msamples
        9291000   -102908.8635        26.3      -102839.1137       -69.7497 17m46s/Msamples
        9292000   -102906.7808        26.3      -102833.8706       -72.9102 17m46s/Msamples
        9293000   -102903.0393        26.3      -102834.4866       -68.5526 17m46s/Msamples
        9294000   -102919.7899        26.3      -102842.3318       -77.4580 17m46s/Msamples
        9295000   -102923.1761        26.3      -102844.8875       -78.2885 17m46s/Msamples
        9296000   -102924.2440        26.3      -102842.4047       -81.8392 17m46s/Msamples
        9297000   -102919.8407        26.3      -102840.3448       -79.4958 17m46s/Msamples
        9298000   -102937.0649        26.3      -102841.3487       -95.7162 17m46s/Msamples
        9299000   -102924.9404        26.3      -102843.0212       -81.9191 17m46s/Msamples
        9300000   -102917.1051        26.3      -102840.6701       -76.4349 17m46s/Msamples
        9301000   -102920.5171        26.3      -102837.7434       -82.7737 17m46s/Msamples
        9302000   -102918.5880        26.3      -102843.1520       -75.4359 17m46s/Msamples
        9303000   -102916.5114        26.3      -102836.7703       -79.7411 17m46s/Msamples
        9304000   -102916.5061        26.3      -102832.6734       -83.8326 17m46s/Msamples
        9305000   -102917.2370        26.3      -102835.9928       -81.2441 17m46s/Msamples
        9306000   -102929.7271        26.3      -102839.7141       -90.0130 17m46s/Msamples
        9307000   -102928.2637        26.3      -102837.5944       -90.6693 17m46s/Msamples
        9308000   -102923.8319        26.3      -102842.2168       -81.6150 17m46s/Msamples
        9309000   -102909.0943        26.3      -102832.8800       -76.2142 17m46s/Msamples
        9310000   -102917.2813        26.3      -102827.7676       -89.5136 17m46s/Msamples
        9311000   -102914.3405        26.3      -102830.5010       -83.8394 17m46s/Msamples
        9312000   -102911.9870        26.4      -102829.5917       -82.3953 17m46s/Msamples
        9313000   -102914.9653        26.4      -102829.4557       -85.5096 17m46s/Msamples
        9314000   -102908.9514        26.4      -102831.3788       -77.5726 17m46s/Msamples
        9315000   -102917.3055        26.4      -102839.3895       -77.9160 17m46s/Msamples
        9316000   -102910.4776        26.4      -102824.0402       -86.4373 17m46s/Msamples
        9317000   -102899.9677        26.4      -102827.2383       -72.7294 17m46s/Msamples
        9318000   -102902.3178        26.4      -102832.7183       -69.5995 17m46s/Msamples
        9319000   -102893.5175        26.4      -102828.0143       -65.5032 17m46s/Msamples
        9320000   -102894.2290        26.4      -102827.1005       -67.1284 17m46s/Msamples
        9321000   -102903.1024        26.4      -102833.3331       -69.7692 17m46s/Msamples
        9322000   -102896.1771        26.4      -102827.8388       -68.3382 17m46s/Msamples
        9323000   -102888.9160        26.4      -102822.5456       -66.3703 17m46s/Msamples
        9324000   -102890.7431        26.5      -102821.6501       -69.0929 17m46s/Msamples
        9325000   -102892.9029        26.5      -102832.6696       -60.2332 17m46s/Msamples
        9326000   -102883.6851        26.5      -102826.2310       -57.4540 17m46s/Msamples
        9327000   -102891.1404        26.5      -102827.0554       -64.0850 17m46s/Msamples
        9328000   -102892.9924        26.5      -102829.3409       -63.6514 17m46s/Msamples
        9329000   -102895.5913        26.5      -102825.3091       -70.2821 17m46s/Msamples
        9330000   -102910.9312        26.5      -102833.1837       -77.7474 17m46s/Msamples
        9331000   -102909.9817        26.5      -102826.8394       -83.1423 17m46s/Msamples
        9332000   -102892.2676        26.6      -102820.5340       -71.7335 17m46s/Msamples
        9333000   -102895.2152        26.6      -102821.7639       -73.4513 17m46s/Msamples
        9334000   -102891.8859        26.6      -102814.4446       -77.4412 17m46s/Msamples
        9335000   -102892.9571        26.6      -102821.5997       -71.3574 17m46s/Msamples
        9336000   -102905.6561        26.6      -102828.2061       -77.4500 17m46s/Msamples
        9337000   -102880.8818        26.6      -102816.5785       -64.3032 17m46s/Msamples
        9338000   -102896.4469        26.6      -102820.4932       -75.9536 17m46s/Msamples
        9339000   -102887.3285        26.7      -102808.5088       -78.8197 17m46s/Msamples
        9340000   -102892.8523        26.7      -102815.3036       -77.5487 17m46s/Msamples
        9341000   -102896.9618        26.7      -102813.6814       -83.2803 17m46s/Msamples
        9342000   -102896.7105        26.7      -102813.7023       -83.0082 17m46s/Msamples
        9343000   -102895.9751        26.7      -102815.9786       -79.9965 17m46s/Msamples
        9344000   -102895.6227        26.7      -102813.5957       -82.0270 17m46s/Msamples
        9345000   -102903.0761        26.7      -102815.4913       -87.5847 17m46s/Msamples
        9346000   -102903.2859        26.7      -102819.4146       -83.8712 17m46s/Msamples
        9347000   -102895.8376        26.7      -102815.3030       -80.5345 17m46s/Msamples
        9348000   -102910.4647        26.7      -102824.3261       -86.1386 17m46s/Msamples
        9349000   -102903.2753        26.7      -102819.7664       -83.5088 17m46s/Msamples
        9350000   -102915.6175        26.7      -102822.3048       -93.3127 17m46s/Msamples
        9351000   -102910.5050        26.7      -102816.6854       -93.8195 17m46s/Msamples
        9352000   -102898.7652        26.8      -102814.9449       -83.8202 17m46s/Msamples
        9353000   -102901.0332        26.8      -102821.6977       -79.3355 17m46s/Msamples
        9354000   -102904.7418        26.8      -102820.7821       -83.9597 17m46s/Msamples
        9355000   -102888.6911        26.8      -102816.6274       -72.0636 17m46s/Msamples
        9356000   -102903.6306        26.8      -102821.7575       -81.8730 17m46s/Msamples
        9357000   -102914.2263        26.8      -102828.8887       -85.3376 17m46s/Msamples
        9358000   -102925.2538        26.8      -102834.0624       -91.1914 17m46s/Msamples
        9359000   -102922.3034        26.8      -102829.8830       -92.4203 17m46s/Msamples
        9360000   -102910.9011        26.8      -102827.2657       -83.6353 17m46s/Msamples
        9361000   -102914.3978        26.8      -102831.0291       -83.3686 17m46s/Msamples
        9362000   -102909.3197        26.8      -102827.9303       -81.3894 17m46s/Msamples
        9363000   -102894.1884        27.5      -102822.0126       -72.1758 17m46s/Msamples
        9364000   -102887.6674        27.5      -102821.3147       -66.3527 17m46s/Msamples
        9365000   -102898.6002        27.5      -102821.1016       -77.4985 17m46s/Msamples
        9366000   -102906.4977        27.5      -102828.1808       -78.3168 17m46s/Msamples
        9367000   -102904.3865        27.5      -102833.2094       -71.1770 17m46s/Msamples
        9368000   -102903.8292        27.5      -102826.8465       -76.9826 17m46s/Msamples
        9369000   -102897.0882        27.5      -102831.1592       -65.9290 17m46s/Msamples
        9370000   -102893.4987        27.6      -102826.3683       -67.1304 17m46s/Msamples
        9371000   -102896.9363        27.6      -102824.1969       -72.7393 17m46s/Msamples
        9372000   -102895.2270        27.6      -102818.9465       -76.2804 17m46s/Msamples
        9373000   -102904.9080        27.6      -102822.4507       -82.4572 17m46s/Msamples
        9374000   -102903.4587        27.6      -102819.9117       -83.5470 17m46s/Msamples
        9375000   -102897.2319        27.6      -102819.9215       -77.3104 17m46s/Msamples
        9376000   -102901.5224        27.6      -102821.5643       -79.9580 17m46s/Msamples
        9377000   -102910.4774        27.6      -102821.0478       -89.4295 17m46s/Msamples
        9378000   -102909.3738        27.6      -102818.9968       -90.3770 17m46s/Msamples
        9379000   -102916.0070        27.6      -102824.9735       -91.0334 17m46s/Msamples
        9380000   -102910.6954        27.6      -102822.5209       -88.1744 17m46s/Msamples
        9381000   -102926.1809        27.6      -102830.2911       -95.8897 17m46s/Msamples
        9382000   -102910.2292        27.6      -102818.8914       -91.3378 17m46s/Msamples
        9383000   -102915.1351        27.6      -102819.2412       -95.8939 17m46s/Msamples
        9384000   -102906.0802        27.6      -102821.7931       -84.2871 17m46s/Msamples
        9385000   -102902.4609        27.6      -102818.1059       -84.3550 17m46s/Msamples
        9386000   -102904.3662        27.6      -102820.0530       -84.3131 17m46s/Msamples
        9387000   -102908.7459        27.7      -102824.7588       -83.9870 17m46s/Msamples
        9388000   -102914.8818        27.7      -102826.4008       -88.4809 17m46s/Msamples
        9389000   -102917.9392        27.7      -102825.5243       -92.4149 17m46s/Msamples
        9390000   -102916.2801        27.7      -102823.5407       -92.7394 17m46s/Msamples
        9391000   -102926.8508        27.7      -102833.5391       -93.3116 17m46s/Msamples
        9392000   -102925.4208        27.7      -102832.2265       -93.1943 17m46s/Msamples
        9393000   -102915.7452        27.7      -102823.2808       -92.4644 17m46s/Msamples
        9394000   -102918.8654        27.7      -102829.4248       -89.4406 17m46s/Msamples
        9395000   -102918.3495        27.7      -102827.2880       -91.0614 17m46s/Msamples
        9396000   -102904.0854        27.7      -102818.6051       -85.4803 17m46s/Msamples
        9397000   -102910.4518        27.7      -102823.9519       -86.4999 17m46s/Msamples
        9398000   -102907.3063        27.7      -102824.1000       -83.2062 17m46s/Msamples
        9399000   -102908.9308        27.7      -102817.6074       -91.3234 17m46s/Msamples
        9400000   -102927.1784        27.7      -102828.2971       -98.8813 17m46s/Msamples
        9401000   -102925.3138        27.7      -102823.9963      -101.3175 17m46s/Msamples
        9402000   -102919.8307        27.7      -102825.0302       -94.8005 17m46s/Msamples
        9403000   -102920.2169        27.7      -102829.0765       -91.1404 17m46s/Msamples
        9404000   -102913.9727        27.7      -102822.5678       -91.4048 17m46s/Msamples
        9405000   -102909.4534        27.7      -102818.8698       -90.5836 17m46s/Msamples
        9406000   -102911.5430        27.7      -102824.3582       -87.1847 17m46s/Msamples
        9407000   -102911.1375        27.7      -102821.6463       -89.4911 17m46s/Msamples
        9408000   -102910.7943        27.7      -102817.0924       -93.7018 17m46s/Msamples
        9409000   -102924.4591        27.8      -102833.7951       -90.6640 17m46s/Msamples
        9410000   -102932.9400        27.8      -102833.4074       -99.5326 17m46s/Msamples
        9411000   -102930.7019        27.8      -102830.4965      -100.2053 17m46s/Msamples
        9412000   -102937.3377        27.8      -102826.3732      -110.9645 17m46s/Msamples
        9413000   -102935.4512        27.8      -102824.6037      -110.8475 17m46s/Msamples
        9414000   -102945.2707        27.8      -102832.0965      -113.1741 17m46s/Msamples
        9415000   -102939.1283        27.8      -102838.3412      -100.7870 17m46s/Msamples
        9416000   -102922.7998        27.8      -102827.0327       -95.7671 17m46s/Msamples
        9417000   -102928.4322        27.8      -102826.2116      -102.2205 17m46s/Msamples
        9418000   -102921.2473        27.8      -102827.4216       -93.8256 17m46s/Msamples
        9419000   -102918.7066        27.8      -102828.4027       -90.3039 17m46s/Msamples
        9420000   -102915.6016        27.8      -102834.5378       -81.0638 17m46s/Msamples
        9421000   -102915.5136        27.8      -102825.6348       -89.8787 17m46s/Msamples
        9422000   -102895.6308        27.8      -102821.5652       -74.0655 17m46s/Msamples
        9423000   -102902.2949        27.9      -102823.6525       -78.6423 17m46s/Msamples
        9424000   -102910.4803        27.9      -102826.5919       -83.8884 17m46s/Msamples
        9425000   -102912.3234        27.9      -102826.8620       -85.4614 17m46s/Msamples
        9426000   -102914.7832        27.9      -102826.2037       -88.5794 17m46s/Msamples
        9427000   -102918.5127        27.9      -102828.9964       -89.5163 17m46s/Msamples
        9428000   -102898.6582        27.9      -102820.6915       -77.9666 17m46s/Msamples
        9429000   -102891.9196        27.9      -102820.0596       -71.8600 17m46s/Msamples
        9430000   -102894.9910        27.9      -102817.0225       -77.9684 17m46s/Msamples
        9431000   -102895.6228        27.9      -102820.6863       -74.9364 17m46s/Msamples
        9432000   -102895.0409        27.9      -102820.7534       -74.2874 17m46s/Msamples
        9433000   -102897.5357        27.9      -102820.3895       -77.1461 17m46s/Msamples
        9434000   -102905.0646        27.9      -102823.2248       -81.8398 17m46s/Msamples
        9435000   -102899.4790        27.9      -102823.8072       -75.6718 17m46s/Msamples
        9436000   -102903.8254        27.9      -102817.6213       -86.2040 17m46s/Msamples
        9437000   -102900.0878        28.0      -102819.3008       -80.7870 17m46s/Msamples
        9438000   -102903.5418        28.0      -102818.0200       -85.5218 17m46s/Msamples
        9439000   -102898.4408        28.0      -102814.0287       -84.4120 17m46s/Msamples
        9440000   -102911.2803        28.0      -102816.0025       -95.2778 17m46s/Msamples
        9441000   -102915.3293        28.0      -102821.9703       -93.3590 17m46s/Msamples
        9442000   -102894.5908        28.0      -102817.6001       -76.9906 17m46s/Msamples
        9443000   -102886.9533        28.0      -102813.5848       -73.3685 17m46s/Msamples
        9444000   -102887.1247        28.0      -102815.8107       -71.3140 17m46s/Msamples
        9445000   -102890.8987        28.0      -102819.9343       -70.9643 17m46s/Msamples
        9446000   -102902.5681        28.0      -102823.9912       -78.5769 17m46s/Msamples
        9447000   -102906.0012        28.0      -102823.6342       -82.3670 17m46s/Msamples
        9448000   -102909.9548        28.0      -102829.8347       -80.1200 17m46s/Msamples
        9449000   -102910.8376        28.1      -102833.0112       -77.8263 17m46s/Msamples
        9450000   -102926.8198        28.1      -102841.1034       -85.7164 17m46s/Msamples
        9451000   -102920.3078        28.1      -102840.9183       -79.3894 17m46s/Msamples
        9452000   -102928.0765        28.1      -102838.0348       -90.0417 17m46s/Msamples
        9453000   -102946.5665        28.1      -102845.5983      -100.9681 17m46s/Msamples
        9454000   -102927.7341        28.1      -102842.4297       -85.3044 17m46s/Msamples
        9455000   -102921.2851        28.1      -102838.0782       -83.2069 17m46s/Msamples
        9456000   -102927.5919        28.1      -102841.8958       -85.6961 17m46s/Msamples
        9457000   -102924.0397        28.1      -102835.6726       -88.3671 17m46s/Msamples
        9458000   -102929.7533        28.1      -102840.5451       -89.2082 17m46s/Msamples
        9459000   -102926.0074        28.1      -102838.5071       -87.5002 17m46s/Msamples
        9460000   -102919.5035        28.1      -102833.2711       -86.2324 17m46s/Msamples
        9461000   -102917.7897        28.1      -102831.0239       -86.7657 17m46s/Msamples
        9462000   -102923.9939        28.1      -102833.3466       -90.6473 17m46s/Msamples
        9463000   -102921.9225        28.1      -102830.8069       -91.1156 17m46s/Msamples
        9464000   -102932.2200        28.1      -102835.5001       -96.7198 17m46s/Msamples
        9465000   -102924.4913        28.1      -102832.1711       -92.3201 17m46s/Msamples
        9466000   -102933.6521        28.1      -102828.9060      -104.7460 17m46s/Msamples
        9467000   -102919.3054        28.1      -102823.9478       -95.3575 17m46s/Msamples
        9468000   -102915.3319        28.2      -102824.8817       -90.4502 17m46s/Msamples
        9469000   -102909.3213        28.2      -102824.7857       -84.5356 17m46s/Msamples
        9470000   -102926.6758        28.2      -102829.9252       -96.7505 17m46s/Msamples
        9471000   -102933.8216        28.2      -102830.1361      -103.6854 17m46s/Msamples
        9472000   -102928.1377        28.2      -102826.7052      -101.4325 17m46s/Msamples
        9473000   -102928.7573        28.2      -102835.5657       -93.1916 17m46s/Msamples
        9474000   -102920.6261        28.2      -102834.9620       -85.6641 17m46s/Msamples
        9475000   -102910.1908        28.2      -102828.6701       -81.5206 17m46s/Msamples
        9476000   -102903.9463        28.2      -102823.3577       -80.5885 17m46s/Msamples
        9477000   -102903.5316        28.2      -102825.7205       -77.8111 17m46s/Msamples
        9478000   -102909.7706        28.2      -102835.3610       -74.4095 17m46s/Msamples
        9479000   -102914.6213        28.2      -102834.8360       -79.7853 17m46s/Msamples
        9480000   -102913.8796        28.2      -102829.1800       -84.6995 17m46s/Msamples
        9481000   -102917.5285        28.2      -102828.1836       -89.3449 17m46s/Msamples
        9482000   -102918.3298        28.2      -102834.2879       -84.0419 17m46s/Msamples
        9483000   -102917.6973        28.2      -102831.5223       -86.1750 17m46s/Msamples
        9484000   -102918.7268        28.2      -102835.7881       -82.9386 17m46s/Msamples
        9485000   -102910.0054        28.2      -102827.4828       -82.5226 17m46s/Msamples
        9486000   -102910.0448        28.2      -102823.6655       -86.3792 17m46s/Msamples
        9487000   -102919.2894        28.2      -102836.2645       -83.0248 17m46s/Msamples
        9488000   -102912.0994        28.2      -102822.6365       -89.4628 17m46s/Msamples
        9489000   -102916.6123        28.2      -102825.7925       -90.8198 17m46s/Msamples
        9490000   -102916.9465        28.2      -102824.3418       -92.6046 17m46s/Msamples
        9491000   -102915.3487        28.2      -102823.9625       -91.3861 17m46s/Msamples
        9492000   -102916.4594        28.2      -102823.3347       -93.1246 17m46s/Msamples
        9493000   -102919.9632        28.3      -102825.4736       -94.4896 17m46s/Msamples
        9494000   -102921.3448        28.3      -102830.5465       -90.7983 17m46s/Msamples
        9495000   -102922.4781        28.3      -102823.6712       -98.8069 17m46s/Msamples
        9496000   -102916.8126        28.3      -102827.3138       -89.4987 17m46s/Msamples
        9497000   -102910.2253        28.3      -102824.3563       -85.8689 17m46s/Msamples
        9498000   -102922.1409        28.3      -102832.9878       -89.1531 17m46s/Msamples
        9499000   -102918.9200        28.3      -102834.7493       -84.1707 17m46s/Msamples
        9500000   -102906.9915        28.3      -102825.4610       -81.5305 17m46s/Msamples
        9501000   -102920.4048        28.3      -102836.7082       -83.6966 17m46s/Msamples
        9502000   -102909.5852        28.3      -102830.6097       -78.9754 17m46s/Msamples
        9503000   -102905.2804        28.3      -102823.7118       -81.5686 17m46s/Msamples
        9504000   -102899.4392        28.3      -102820.3266       -79.1126 17m46s/Msamples
        9505000   -102903.6082        28.3      -102824.9296       -78.6786 17m46s/Msamples
        9506000   -102909.1915        28.3      -102833.2279       -75.9635 17m46s/Msamples
        9507000   -102894.7538        28.3      -102814.5724       -80.1814 17m46s/Msamples
        9508000   -102895.0670        28.3      -102815.6970       -79.3699 17m46s/Msamples
        9509000   -102903.1826        28.3      -102818.9313       -84.2513 17m46s/Msamples
        9510000   -102903.1795        28.3      -102821.2320       -81.9475 17m46s/Msamples
        9511000   -102892.7528        28.3      -102813.4083       -79.3444 17m46s/Msamples
        9512000   -102903.2363        28.4      -102814.2581       -88.9782 17m46s/Msamples
        9513000   -102898.6471        28.4      -102815.3534       -83.2936 17m46s/Msamples
        9514000   -102898.0330        28.4      -102810.8206       -87.2124 17m46s/Msamples
        9515000   -102906.0166        28.4      -102817.3298       -88.6867 17m46s/Msamples
        9516000   -102907.7797        28.4      -102819.8826       -87.8970 17m46s/Msamples
        9517000   -102911.4494        28.4      -102820.3316       -91.1177 17m46s/Msamples
        9518000   -102911.1833        28.4      -102825.8369       -85.3463 17m46s/Msamples
        9519000   -102906.5800        28.4      -102821.9698       -84.6101 17m46s/Msamples
        9520000   -102922.2109        28.4      -102829.8199       -92.3910 17m46s/Msamples
        9521000   -102918.6273        28.4      -102830.5359       -88.0913 17m46s/Msamples
        9522000   -102925.2257        28.4      -102828.8917       -96.3339 17m46s/Msamples
        9523000   -102926.1085        28.4      -102830.1818       -95.9267 17m46s/Msamples
        9524000   -102935.9281        28.4      -102832.3191      -103.6089 17m46s/Msamples
        9525000   -102935.4854        28.4      -102832.7884      -102.6969 17m46s/Msamples
        9526000   -102924.8589        28.4      -102832.0037       -92.8551 17m46s/Msamples
        9527000   -102917.8766        28.4      -102828.8958       -88.9808 17m46s/Msamples
        9528000   -102911.2879        28.4      -102823.9855       -87.3024 17m46s/Msamples
        9529000   -102917.1435        28.4      -102824.1886       -92.9549 17m46s/Msamples
        9530000   -102906.5981        28.4      -102819.1486       -87.4495 17m46s/Msamples
        9531000   -102900.9164        28.4      -102822.0410       -78.8754 17m46s/Msamples
        9532000   -102897.0838        28.5      -102822.3164       -74.7674 17m46s/Msamples
        9533000   -102902.1497        28.5      -102823.8808       -78.2688 17m46s/Msamples
        9534000   -102918.3392        28.5      -102827.0705       -91.2687 17m46s/Msamples
        9535000   -102915.9875        28.5      -102827.5148       -88.4727 17m46s/Msamples
        9536000   -102910.7381        28.5      -102825.0156       -85.7224 17m46s/Msamples
        9537000   -102907.9404        28.5      -102821.0733       -86.8670 17m46s/Msamples
        9538000   -102923.2919        28.5      -102832.6290       -90.6628 17m46s/Msamples
        9539000   -102910.7678        28.5      -102826.7374       -84.0304 17m46s/Msamples
        9540000   -102906.1782        28.5      -102825.2651       -80.9131 17m46s/Msamples
        9541000   -102909.5575        28.5      -102823.0069       -86.5506 17m46s/Msamples
        9542000   -102920.5194        28.5      -102826.0561       -94.4632 17m46s/Msamples
        9543000   -102917.6311        28.5      -102841.2519       -76.3792 17m46s/Msamples
        9544000   -102918.2387        28.5      -102833.0586       -85.1801 17m46s/Msamples
        9545000   -102932.8154        28.5      -102835.3596       -97.4558 17m46s/Msamples
        9546000   -102924.7148        28.5      -102834.3238       -90.3910 17m46s/Msamples
        9547000   -102925.6516        28.5      -102833.5309       -92.1207 17m46s/Msamples
        9548000   -102931.1876        28.5      -102837.0377       -94.1499 17m46s/Msamples
        9549000   -102935.5208        28.5      -102842.4758       -93.0450 17m46s/Msamples
        9550000   -102951.6675        28.6      -102843.3160      -108.3515 17m46s/Msamples
        9551000   -102947.1284        28.6      -102840.5511      -106.5772 17m46s/Msamples
        9552000   -102958.5724        28.6      -102842.7686      -115.8038 17m46s/Msamples
        9553000   -102951.1230        28.6      -102836.4887      -114.6343 17m46s/Msamples
        9554000   -102947.5642        28.6      -102837.4184      -110.1457 17m46s/Msamples
        9555000   -102936.5738        28.6      -102836.4885      -100.0852 17m46s/Msamples
        9556000   -102934.1725        28.6      -102836.7108       -97.4617 17m46s/Msamples
        9557000   -102936.8628        28.6      -102838.9772       -97.8856 17m46s/Msamples
        9558000   -102941.2809        28.6      -102842.8524       -98.4284 17m46s/Msamples
        9559000   -102941.6307        28.7      -102839.2992      -102.3315 17m46s/Msamples
        9560000   -102935.2374        28.7      -102835.5094       -99.7280 17m46s/Msamples
        9561000   -102944.7453        28.7      -102840.9846      -103.7606 17m46s/Msamples
        9562000   -102957.1201        28.7      -102845.3682      -111.7519 17m46s/Msamples
        9563000   -102952.3123        28.7      -102843.7354      -108.5768 17m46s/Msamples
        9564000   -102940.8817        28.7      -102823.3492      -117.5325 17m46s/Msamples
        9565000   -102926.5053        28.7      -102823.2172      -103.2881 17m46s/Msamples
        9566000   -102920.8918        28.7      -102824.7134       -96.1784 17m46s/Msamples
        9567000   -102924.4869        28.7      -102827.2005       -97.2863 17m46s/Msamples
        9568000   -102919.7699        28.7      -102821.6592       -98.1107 17m46s/Msamples
        9569000   -102912.9285        28.7      -102821.4550       -91.4734 17m46s/Msamples
        9570000   -102916.8479        28.7      -102825.1893       -91.6586 17m46s/Msamples
        9571000   -102899.8809        28.7      -102810.1489       -89.7319 17m46s/Msamples
        9572000   -102912.0497        28.7      -102822.5312       -89.5185 17m46s/Msamples
        9573000   -102911.4594        28.8      -102814.0836       -97.3757 17m46s/Msamples
        9574000   -102914.4028        28.8      -102817.2970       -97.1057 17m46s/Msamples
        9575000   -102903.6904        28.8      -102812.4155       -91.2748 17m46s/Msamples
        9576000   -102909.7611        28.8      -102814.2226       -95.5384 17m46s/Msamples
        9577000   -102923.4722        28.8      -102816.8303      -106.6418 17m46s/Msamples
        9578000   -102915.8285        28.8      -102817.6340       -98.1945 17m46s/Msamples
        9579000   -102909.4844        28.8      -102816.3740       -93.1103 17m46s/Msamples
        9580000   -102915.9351        28.8      -102817.6829       -98.2521 17m46s/Msamples
        9581000   -102919.8518        28.8      -102814.4493      -105.4024 17m46s/Msamples
        9582000   -102919.6140        28.8      -102815.8969      -103.7171 17m46s/Msamples
        9583000   -102926.3811        28.8      -102819.4322      -106.9489 17m46s/Msamples
        9584000   -102919.4444        28.8      -102825.8239       -93.6205 17m46s/Msamples
        9585000   -102909.2942        28.8      -102817.9552       -91.3390 17m46s/Msamples
        9586000   -102919.2585        28.8      -102824.3568       -94.9017 17m46s/Msamples
        9587000   -102907.2253        28.8      -102815.6588       -91.5665 17m46s/Msamples
        9588000   -102907.2385        28.8      -102814.7414       -92.4970 17m46s/Msamples
        9589000   -102933.8437        28.8      -102824.2759      -109.5677 17m46s/Msamples
        9590000   -102912.1755        28.8      -102818.1803       -93.9952 17m46s/Msamples
        9591000   -102920.9553        28.8      -102824.3523       -96.6030 17m46s/Msamples
        9592000   -102919.0496        28.8      -102823.7210       -95.3285 17m46s/Msamples
        9593000   -102903.9948        28.8      -102816.8483       -87.1465 17m46s/Msamples
        9594000   -102900.7434        28.8      -102812.7041       -88.0393 17m46s/Msamples
        9595000   -102910.2774        28.8      -102821.2490       -89.0284 17m46s/Msamples
        9596000   -102908.6942        28.9      -102816.9551       -91.7390 17m46s/Msamples
        9597000   -102908.3217        28.9      -102820.2967       -88.0249 17m46s/Msamples
        9598000   -102905.5182        28.9      -102818.6630       -86.8552 17m46s/Msamples
        9599000   -102919.5237        28.9      -102815.3424      -104.1812 17m46s/Msamples
        9600000   -102915.3911        28.9      -102819.1977       -96.1933 17m46s/Msamples
        9601000   -102914.7510        28.9      -102820.4423       -94.3086 17m46s/Msamples
        9602000   -102923.5013        28.9      -102832.2511       -91.2502 17m46s/Msamples
        9603000   -102932.0703        28.9      -102832.1764       -99.8938 17m46s/Msamples
        9604000   -102928.3993        28.9      -102831.8573       -96.5419 17m46s/Msamples
        9605000   -102935.3146        28.9      -102831.4065      -103.9081 17m46s/Msamples
        9606000   -102946.2561        28.9      -102831.6866      -114.5694 17m46s/Msamples
        9607000   -102953.7567        28.9      -102834.7388      -119.0179 17m46s/Msamples
        9608000   -102941.3256        28.9      -102824.2821      -117.0435 17m46s/Msamples
        9609000   -102942.7140        28.9      -102827.0845      -115.6295 17m46s/Msamples
        9610000   -102928.6813        29.0      -102825.2554      -103.4258 17m46s/Msamples
        9611000   -102922.5906        29.0      -102831.9740       -90.6165 17m46s/Msamples
        9612000   -102928.6598        29.0      -102831.2599       -97.3999 17m46s/Msamples
        9613000   -102925.3453        29.0      -102830.7484       -94.5968 17m46s/Msamples
        9614000   -102924.5697        29.0      -102832.9620       -91.6076 17m46s/Msamples
        9615000   -102928.5256        29.0      -102832.7611       -95.7645 17m46s/Msamples
        9616000   -102916.5074        29.0      -102828.0128       -88.4946 17m46s/Msamples
        9617000   -102905.2239        29.0      -102821.1561       -84.0678 17m46s/Msamples
        9618000   -102897.7518        29.0      -102816.7893       -80.9624 17m46s/Msamples
        9619000   -102894.0087        29.0      -102820.0328       -73.9758 17m46s/Msamples
        9620000   -102902.2722        29.0      -102822.8317       -79.4405 17m46s/Msamples
        9621000   -102923.1401        29.0      -102831.7313       -91.4087 17m46s/Msamples
        9622000   -102910.3880        29.0      -102830.7182       -79.6698 17m46s/Msamples
        9623000   -102910.4468        29.0      -102824.3059       -86.1408 17m46s/Msamples
        9624000   -102902.5966        29.0      -102819.9662       -82.6303 17m46s/Msamples
        9625000   -102907.7213        29.0      -102823.7301       -83.9911 17m46s/Msamples
        9626000   -102903.8611        29.0      -102825.2669       -78.5941 17m46s/Msamples
        9627000   -102921.1322        29.0      -102833.9966       -87.1355 17m46s/Msamples
        9628000   -102914.4702        29.0      -102827.4272       -87.0430 17m46s/Msamples
        9629000   -102930.7037        29.1      -102834.6588       -96.0449 17m46s/Msamples
        9630000   -102922.1744        29.1      -102830.3764       -91.7980 17m46s/Msamples
        9631000   -102921.2917        29.1      -102830.8932       -90.3985 17m46s/Msamples
        9632000   -102919.0068        29.1      -102826.6947       -92.3121 17m46s/Msamples
        9633000   -102911.4929        29.1      -102830.2349       -81.2579 17m46s/Msamples
        9634000   -102896.1753        29.1      -102818.2704       -77.9049 17m46s/Msamples
        9635000   -102900.2976        29.1      -102818.1556       -82.1420 17m46s/Msamples
        9636000   -102904.9499        29.1      -102816.5241       -88.4257 17m46s/Msamples
        9637000   -102913.5311        29.1      -102824.0192       -89.5119 17m46s/Msamples
        9638000   -102912.4316        29.1      -102822.0769       -90.3547 17m46s/Msamples
        9639000   -102919.7392        29.1      -102832.6425       -87.0967 17m46s/Msamples
        9640000   -102907.2407        29.1      -102827.1153       -80.1254 17m46s/Msamples
        9641000   -102909.9184        29.1      -102827.0489       -82.8695 17m46s/Msamples
        9642000   -102924.2000        29.1      -102828.9953       -95.2047 17m46s/Msamples
        9643000   -102922.7759        29.1      -102833.9602       -88.8157 17m46s/Msamples
        9644000   -102920.6597        29.1      -102835.2728       -85.3868 17m46s/Msamples
        9645000   -102914.9839        29.1      -102832.9322       -82.0517 17m46s/Msamples
        9646000   -102916.7857        29.1      -102823.1760       -93.6097 17m46s/Msamples
        9647000   -102918.0716        29.1      -102826.1761       -91.8954 17m46s/Msamples
        9648000   -102932.1359        29.2      -102832.9408       -99.1950 17m46s/Msamples
        9649000   -102936.3049        29.2      -102833.1235      -103.1814 17m46s/Msamples
        9650000   -102925.9819        29.2      -102826.1404       -99.8414 17m46s/Msamples
        9651000   -102928.5835        29.2      -102833.1098       -95.4736 17m46s/Msamples
        9652000   -102934.2945        29.2      -102835.7347       -98.5597 17m46s/Msamples
        9653000   -102940.2464        29.2      -102835.1868      -105.0596 17m46s/Msamples
        9654000   -102934.6416        29.2      -102832.2756      -102.3660 17m46s/Msamples
        9655000   -102939.8902        29.2      -102829.4139      -110.4763 17m46s/Msamples
        9656000   -102919.4173        29.2      -102829.5597       -89.8576 17m46s/Msamples
        9657000   -102916.9573        29.2      -102830.0761       -86.8812 17m46s/Msamples
        9658000   -102927.2684        29.2      -102829.7507       -97.5176 17m46s/Msamples
        9659000   -102916.9049        29.2      -102827.5817       -89.3232 17m46s/Msamples
        9660000   -102918.6257        29.2      -102829.7383       -88.8873 17m46s/Msamples
        9661000   -102908.3677        29.2      -102819.6179       -88.7497 17m46s/Msamples
        9662000   -102909.3799        29.2      -102821.2073       -88.1726 17m46s/Msamples
        9663000   -102902.8901        29.2      -102815.8287       -87.0614 17m46s/Msamples
        9664000   -102906.0907        29.2      -102818.4887       -87.6020 17m46s/Msamples
        9665000   -102923.1415        29.3      -102824.0334       -99.1081 17m46s/Msamples
        9666000   -102912.2070        29.3      -102820.9546       -91.2523 17m46s/Msamples
        9667000   -102911.4207        29.3      -102820.8912       -90.5294 17m46s/Msamples
        9668000   -102913.9709        29.3      -102820.4786       -93.4922 17m46s/Msamples
        9669000   -102908.7290        29.3      -102818.2337       -90.4953 17m46s/Msamples
        9670000   -102907.2825        29.3      -102816.0451       -91.2373 17m46s/Msamples
        9671000   -102921.7145        29.3      -102825.5370       -96.1774 17m46s/Msamples
        9672000   -102921.8877        29.3      -102831.7708       -90.1169 17m46s/Msamples
        9673000   -102922.4512        29.3      -102822.3317      -100.1195 17m46s/Msamples
        9674000   -102916.0588        29.3      -102821.1230       -94.9358 17m46s/Msamples
        9675000   -102910.2615        29.3      -102819.1719       -91.0895 17m46s/Msamples
        9676000   -102915.6419        29.3      -102820.2596       -95.3822 17m46s/Msamples
        9677000   -102917.3873        29.3      -102822.9668       -94.4205 17m46s/Msamples
        9678000   -102924.0322        29.3      -102827.8423       -96.1898 17m46s/Msamples
        9679000   -102924.2743        29.3      -102829.0827       -95.1916 17m46s/Msamples
        9680000   -102918.1419        29.3      -102830.0741       -88.0677 17m46s/Msamples
        9681000   -102906.9341        29.3      -102824.0349       -82.8991 17m46s/Msamples
        9682000   -102910.1105        29.3      -102822.9043       -87.2062 17m46s/Msamples
        9683000   -102910.1079        29.3      -102824.2331       -85.8748 17m46s/Msamples
        9684000   -102925.5713        29.3      -102823.2167      -102.3545 17m46s/Msamples
        9685000   -102925.0750        29.3      -102827.8204       -97.2545 17m46s/Msamples
        9686000   -102940.9305        29.4      -102835.1852      -105.7453 17m46s/Msamples
        9687000   -102935.6136        29.4      -102831.1697      -104.4438 17m46s/Msamples
        9688000   -102924.5140        29.4      -102830.2546       -94.2593 17m46s/Msamples
        9689000   -102918.0628        29.4      -102831.7530       -86.3098 17m46s/Msamples
        9690000   -102927.2185        29.4      -102830.9152       -96.3032 17m46s/Msamples
        9691000   -102931.9402        29.4      -102831.6791      -100.2611 17m46s/Msamples
        9692000   -102934.0531        29.4      -102832.7453      -101.3077 17m46s/Msamples
        9693000   -102938.1284        29.4      -102833.0576      -105.0707 17m46s/Msamples
        9694000   -102932.1510        29.4      -102833.3469       -98.8040 17m46s/Msamples
        9695000   -102927.9873        29.4      -102826.2364      -101.7509 17m46s/Msamples
        9696000   -102928.4373        29.4      -102827.5464      -100.8909 17m46s/Msamples
        9697000   -102931.2398        29.4      -102833.1944       -98.0454 17m46s/Msamples
        9698000   -102917.5294        29.4      -102826.7114       -90.8180 17m46s/Msamples
        9699000   -102922.5605        29.4      -102835.8150       -86.7454 17m46s/Msamples
        9700000   -102918.4527        29.4      -102828.6635       -89.7892 17m46s/Msamples
        9701000   -102915.8872        29.4      -102829.0538       -86.8333 17m46s/Msamples
        9702000   -102922.6017        29.5      -102828.4408       -94.1609 17m46s/Msamples
        9703000   -102937.5357        29.5      -102830.7480      -106.7877 17m46s/Msamples
        9704000   -102930.3371        29.5      -102836.0831       -94.2539 17m46s/Msamples
        9705000   -102923.6268        29.5      -102833.3519       -90.2749 17m46s/Msamples
        9706000   -102908.4175        29.5      -102829.6697       -78.7478 17m46s/Msamples
        9707000   -102912.9275        29.5      -102828.8793       -84.0481 17m46s/Msamples
        9708000   -102916.3324        29.5      -102826.0052       -90.3272 17m46s/Msamples
        9709000   -102914.9482        29.5      -102825.4317       -89.5165 17m46s/Msamples
        9710000   -102918.6789        29.5      -102826.5335       -92.1453 17m46s/Msamples
        9711000   -102927.9270        29.5      -102832.1005       -95.8264 17m46s/Msamples
        9712000   -102917.5937        29.5      -102826.1451       -91.4486 17m46s/Msamples
        9713000   -102911.4858        29.5      -102825.5479       -85.9379 17m46s/Msamples
        9714000   -102913.0860        29.5      -102830.5390       -82.5469 17m46s/Msamples
        9715000   -102914.1350        29.5      -102829.6858       -84.4491 17m46s/Msamples
        9716000   -102920.1493        29.5      -102827.9007       -92.2485 17m46s/Msamples
        9717000   -102919.9969        29.5      -102831.9270       -88.0698 17m46s/Msamples
        9718000   -102924.5710        29.5      -102829.6262       -94.9447 17m46s/Msamples
        9719000   -102927.0046        29.5      -102828.9520       -98.0526 17m46s/Msamples
        9720000   -102939.8374        29.5      -102824.3840      -115.4534 17m46s/Msamples
        9721000   -102933.3771        29.5      -102830.2683      -103.1087 17m46s/Msamples
        9722000   -102924.6275        29.6      -102828.2850       -96.3425 17m46s/Msamples
        9723000   -102924.2240        29.6      -102831.7490       -92.4749 17m46s/Msamples
        9724000   -102922.7694        29.6      -102827.9328       -94.8365 17m46s/Msamples
        9725000   -102925.5988        29.6      -102824.3525      -101.2463 17m46s/Msamples
        9726000   -102922.5960        29.6      -102821.4148      -101.1811 17m46s/Msamples
        9727000   -102926.2698        29.6      -102823.2612      -103.0086 17m46s/Msamples
        9728000   -102929.3890        29.6      -102822.0100      -107.3789 17m46s/Msamples
        9729000   -102932.7621        29.6      -102823.4091      -109.3529 17m46s/Msamples
        9730000   -102931.0225        29.6      -102823.3850      -107.6375 17m46s/Msamples
        9731000   -102922.3114        29.6      -102820.0582      -102.2532 17m46s/Msamples
        9732000   -102932.6940        29.6      -102823.6284      -109.0655 17m46s/Msamples
        9733000   -102916.1523        29.6      -102817.4789       -98.6734 17m46s/Msamples
        9734000   -102916.6023        29.6      -102817.7790       -98.8232 17m46s/Msamples
        9735000   -102927.1878        29.6      -102822.4297      -104.7581 17m46s/Msamples
        9736000   -102928.3849        29.6      -102824.3435      -104.0413 17m46s/Msamples
        9737000   -102915.1076        29.6      -102820.9074       -94.2001 17m46s/Msamples
        9738000   -102906.9021        29.6      -102816.9231       -89.9790 17m46s/Msamples
        9739000   -102927.5984        29.6      -102821.4329      -106.1654 17m46s/Msamples
        9740000   -102925.9029        29.6      -102826.8754       -99.0274 17m46s/Msamples
        9741000   -102915.7708        29.6      -102820.7171       -95.0536 17m46s/Msamples
        9742000   -102915.5185        29.7      -102820.5061       -95.0124 17m46s/Msamples
        9743000   -102921.0977        29.7      -102825.2195       -95.8781 17m46s/Msamples
        9744000   -102912.3521        29.7      -102817.0831       -95.2689 17m46s/Msamples
        9745000   -102909.5289        29.7      -102825.1549       -84.3739 17m46s/Msamples
        9746000   -102912.2918        29.7      -102822.9028       -89.3889 17m46s/Msamples
        9747000   -102932.6927        29.7      -102833.9783       -98.7144 17m46s/Msamples
        9748000   -102917.0307        29.7      -102822.0693       -94.9614 17m46s/Msamples
        9749000   -102915.3116        29.7      -102830.2747       -85.0369 17m46s/Msamples
        9750000   -102918.8826        29.7      -102829.8950       -88.9875 17m46s/Msamples
        9751000   -102918.6700        29.7      -102828.2532       -90.4168 17m46s/Msamples
        9752000   -102920.3126        29.7      -102824.4359       -95.8767 17m46s/Msamples
        9753000   -102906.9440        29.7      -102820.4013       -86.5426 17m46s/Msamples
        9754000   -102910.4942        29.7      -102820.6876       -89.8066 17m46s/Msamples
        9755000   -102911.4534        29.7      -102815.9638       -95.4896 17m46s/Msamples
        9756000   -102934.3617        29.7      -102833.6875      -100.6742 17m46s/Msamples
        9757000   -102942.7632        29.7      -102849.8527       -92.9105 17m46s/Msamples
        9758000   -102942.0505        29.7      -102837.2814      -104.7691 17m46s/Msamples
        9759000   -102942.4099        29.8      -102835.6328      -106.7771 17m46s/Msamples
        9760000   -102932.2778        29.8      -102826.1797      -106.0981 17m46s/Msamples
        9761000   -102933.7268        29.8      -102827.9997      -105.7271 17m46s/Msamples
        9762000   -102935.9172        29.8      -102835.3929      -100.5242 17m46s/Msamples
        9763000   -102938.8278        29.8      -102831.1063      -107.7214 17m46s/Msamples
        9764000   -102934.4398        29.8      -102835.0851       -99.3547 17m46s/Msamples
        9765000   -102930.8580        29.8      -102829.6664      -101.1916 17m46s/Msamples
        9766000   -102929.5382        29.8      -102829.6978       -99.8403 17m46s/Msamples
        9767000   -102923.1577        29.8      -102826.9960       -96.1616 17m46s/Msamples
        9768000   -102927.5214        29.8      -102827.6981       -99.8232 17m46s/Msamples
        9769000   -102928.4487        29.8      -102829.1140       -99.3346 17m46s/Msamples
        9770000   -102931.2587        29.8      -102830.5203      -100.7384 17m46s/Msamples
        9771000   -102923.0913        29.8      -102827.7857       -95.3056 17m46s/Msamples
        9772000   -102935.8750        29.9      -102832.7564      -103.1186 17m46s/Msamples
        9773000   -102937.9443        29.9      -102835.5851      -102.3592 17m46s/Msamples
        9774000   -102947.3473        29.9      -102835.0994      -112.2478 17m46s/Msamples
        9775000   -102946.8671        29.9      -102837.8241      -109.0430 17m46s/Msamples
        9776000   -102951.0948        29.9      -102835.1734      -115.9214 17m46s/Msamples
        9777000   -102945.0172        29.9      -102833.5860      -111.4312 17m46s/Msamples
        9778000   -102935.0011        29.9      -102825.4714      -109.5297 17m46s/Msamples
        9779000   -102938.9109        30.0      -102824.9565      -113.9544 17m46s/Msamples
        9780000   -102932.8251        30.0      -102825.5092      -107.3158 17m46s/Msamples
        9781000   -102932.9283        30.0      -102826.5702      -106.3580 17m46s/Msamples
        9782000   -102938.3131        30.0      -102829.9080      -108.4051 17m46s/Msamples
        9783000   -102921.2622        30.0      -102815.6600      -105.6021 17m46s/Msamples
        9784000   -102944.7727        30.0      -102827.6309      -117.1418 17m46s/Msamples
        9785000   -102934.9627        30.0      -102820.9202      -114.0425 17m46s/Msamples
        9786000   -102930.3562        30.0      -102814.7179      -115.6383 17m46s/Msamples
        9787000   -102925.9249        30.0      -102815.3706      -110.5543 17m46s/Msamples
        9788000   -102926.2319        30.0      -102815.5965      -110.6354 17m46s/Msamples
        9789000   -102929.2203        30.0      -102827.4478      -101.7725 17m46s/Msamples
        9790000   -102924.9018        30.0      -102821.4711      -103.4307 17m46s/Msamples
        9791000   -102927.1958        30.0      -102820.5153      -106.6804 17m46s/Msamples
        9792000   -102934.6970        30.0      -102824.2504      -110.4465 17m46s/Msamples
        9793000   -102927.7777        30.0      -102818.9148      -108.8629 17m46s/Msamples
        9794000   -102937.3514        30.1      -102823.8347      -113.5167 17m46s/Msamples
        9795000   -102938.4964        30.1      -102826.4725      -112.0239 17m46s/Msamples
        9796000   -102938.4164        30.1      -102830.9544      -107.4620 17m46s/Msamples
        9797000   -102930.6077        30.1      -102824.6530      -105.9546 17m46s/Msamples
        9798000   -102934.4536        30.1      -102826.6369      -107.8167 17m46s/Msamples
        9799000   -102937.1510        30.1      -102824.6976      -112.4533 17m46s/Msamples
        9800000   -102936.4143        30.1      -102827.1681      -109.2462 17m46s/Msamples
        9801000   -102923.4346        30.1      -102822.0934      -101.3411 17m46s/Msamples
        9802000   -102924.9155        30.1      -102821.9861      -102.9293 17m46s/Msamples
        9803000   -102935.2485        30.1      -102826.0498      -109.1987 17m46s/Msamples
        9804000   -102935.2981        30.1      -102823.4463      -111.8517 17m46s/Msamples
        9805000   -102920.5932        30.1      -102816.5519      -104.0413 17m46s/Msamples
        9806000   -102920.2837        30.1      -102816.3480      -103.9356 17m46s/Msamples
        9807000   -102925.4858        30.2      -102821.0484      -104.4374 17m46s/Msamples
        9808000   -102923.1109        30.2      -102825.7293       -97.3815 17m46s/Msamples
        9809000   -102927.9606        30.2      -102822.6149      -105.3456 17m46s/Msamples
        9810000   -102916.6791        30.2      -102818.3302       -98.3488 17m46s/Msamples
        9811000   -102918.8952        30.2      -102823.3466       -95.5485 17m46s/Msamples
        9812000   -102918.1451        30.2      -102821.8725       -96.2725 17m46s/Msamples
        9813000   -102923.1747        30.2      -102827.3799       -95.7948 17m46s/Msamples
        9814000   -102915.4636        30.2      -102822.6645       -92.7990 17m46s/Msamples
        9815000   -102919.3809        30.2      -102822.5358       -96.8451 17m46s/Msamples
        9816000   -102921.0760        30.2      -102826.8165       -94.2595 17m46s/Msamples
        9817000   -102933.1011        30.2      -102830.1625      -102.9385 17m46s/Msamples
        9818000   -102919.7721        30.2      -102824.7055       -95.0666 17m46s/Msamples
        9819000   -102930.8109        30.2      -102830.4938      -100.3170 17m46s/Msamples
        9820000   -102932.2310        30.2      -102830.9481      -101.2828 17m46s/Msamples
        9821000   -102937.5974        30.2      -102830.6533      -106.9440 17m46s/Msamples
        9822000   -102930.9093        30.2      -102825.6014      -105.3078 17m46s/Msamples
        9823000   -102931.5990        30.2      -102823.9076      -107.6914 17m46s/Msamples
        9824000   -102942.4611        30.3      -102831.0414      -111.4197 17m46s/Msamples
        9825000   -102928.3777        30.3      -102827.4679      -100.9097 17m46s/Msamples
        9826000   -102928.7042        30.3      -102830.5897       -98.1145 17m46s/Msamples
        9827000   -102922.1987        30.3      -102828.2436       -93.9550 17m46s/Msamples
        9828000   -102927.7740        30.3      -102827.4799      -100.2940 17m46s/Msamples
        9829000   -102929.5327        30.3      -102824.5212      -105.0114 17m46s/Msamples
        9830000   -102926.5882        30.3      -102827.7185       -98.8697 17m46s/Msamples
        9831000   -102930.5214        30.3      -102828.4641      -102.0572 17m46s/Msamples
        9832000   -102922.8818        30.3      -102827.8118       -95.0700 17m46s/Msamples
        9833000   -102913.4847        30.3      -102820.3823       -93.1023 17m46s/Msamples
        9834000   -102918.2011        30.3      -102822.1677       -96.0333 17m46s/Msamples
        9835000   -102916.9051        30.3      -102824.8204       -92.0846 17m46s/Msamples
        9836000   -102926.1525        30.3      -102832.0480       -94.1045 17m46s/Msamples
        9837000   -102920.4722        30.3      -102831.7834       -88.6888 17m46s/Msamples
        9838000   -102912.3158        30.3      -102822.1467       -90.1690 17m46s/Msamples
        9839000   -102919.5143        30.3      -102827.9331       -91.5811 17m46s/Msamples
        9840000   -102929.6945        30.3      -102831.9777       -97.7168 17m46s/Msamples
        9841000   -102922.8195        30.3      -102822.0690      -100.7504 17m46s/Msamples
        9842000   -102918.1573        30.3      -102823.1597       -94.9976 17m46s/Msamples
        9843000   -102909.8134        30.3      -102818.3908       -91.4226 17m46s/Msamples
        9844000   -102917.5466        30.4      -102817.1001      -100.4464 17m46s/Msamples
        9845000   -102921.8302        30.4      -102824.0941       -97.7360 17m46s/Msamples
        9846000   -102923.2871        30.4      -102824.9893       -98.2978 17m46s/Msamples
        9847000   -102931.8898        30.4      -102828.1862      -103.7035 17m46s/Msamples
        9848000   -102943.5809        30.4      -102827.0470      -116.5339 17m46s/Msamples
        9849000   -102935.6961        30.4      -102827.8875      -107.8085 17m46s/Msamples
        9850000   -102941.4309        30.4      -102833.8639      -107.5670 17m46s/Msamples
        9851000   -102933.5181        30.4      -102825.8645      -107.6535 17m46s/Msamples
        9852000   -102932.0863        30.4      -102827.4101      -104.6761 17m46s/Msamples
        9853000   -102932.6957        30.4      -102827.2893      -105.4064 17m46s/Msamples
        9854000   -102927.3321        30.4      -102829.6895       -97.6426 17m46s/Msamples
        9855000   -102928.8267        30.4      -102824.7640      -104.0626 17m46s/Msamples
        9856000   -102928.3411        30.4      -102824.1799      -104.1612 17m46s/Msamples
        9857000   -102930.5688        30.4      -102835.9224       -94.6464 17m46s/Msamples
        9858000   -102927.7075        30.4      -102836.3644       -91.3430 17m46s/Msamples
        9859000   -102936.6731        30.4      -102831.2506      -105.4225 17m46s/Msamples
        9860000   -102945.2490        30.5      -102833.0419      -112.2071 17m46s/Msamples
        9861000   -102945.2307        30.5      -102830.9090      -114.3217 17m46s/Msamples
        9862000   -102953.6166        30.5      -102830.6586      -122.9580 17m46s/Msamples
        9863000   -102940.4886        30.5      -102826.8887      -113.5999 17m46s/Msamples
        9864000   -102940.2891        30.5      -102829.0418      -111.2473 17m46s/Msamples
        9865000   -102940.0699        30.5      -102832.5754      -107.4944 17m46s/Msamples
        9866000   -102926.9339        30.5      -102820.4369      -106.4969 17m46s/Msamples
        9867000   -102926.3335        30.5      -102821.7862      -104.5472 17m46s/Msamples
        9868000   -102924.7610        30.5      -102818.7743      -105.9866 17m46s/Msamples
        9869000   -102931.2208        30.5      -102820.9878      -110.2330 17m46s/Msamples
        9870000   -102927.4241        30.6      -102823.2238      -104.2002 17m46s/Msamples
        9871000   -102924.8140        30.6      -102818.0424      -106.7715 17m46s/Msamples
        9872000   -102941.4422        30.6      -102828.6086      -112.8336 17m46s/Msamples
        9873000   -102917.7313        30.6      -102817.9985       -99.7327 17m46s/Msamples
        9874000   -102929.5073        30.6      -102823.2521      -106.2551 17m46s/Msamples
        9875000   -102926.9659        30.6      -102824.1745      -102.7913 17m46s/Msamples
        9876000   -102927.8553        30.6      -102823.8854      -103.9699 17m46s/Msamples
        9877000   -102922.7668        30.6      -102823.2281       -99.5386 17m46s/Msamples
        9878000   -102917.2100        30.6      -102821.6794       -95.5306 17m46s/Msamples
        9879000   -102926.4522        30.6      -102827.3979       -99.0543 17m46s/Msamples
        9880000   -102920.7477        30.6      -102827.7489       -92.9988 17m46s/Msamples
        9881000   -102934.8052        30.6      -102833.3048      -101.5003 17m46s/Msamples
        9882000   -102933.5039        30.6      -102831.3023      -102.2015 17m46s/Msamples
        9883000   -102927.3881        30.6      -102831.8382       -95.5499 17m46s/Msamples
        9884000   -102917.6462        30.6      -102831.2995       -86.3466 17m46s/Msamples
        9885000   -102936.0975        30.6      -102832.4406      -103.6568 17m46s/Msamples
        9886000   -102936.4304        30.6      -102828.9433      -107.4870 17m46s/Msamples
        9887000   -102937.6451        30.7      -102834.8462      -102.7988 17m46s/Msamples
        9888000   -102933.5168        30.7      -102830.2558      -103.2610 17m46s/Msamples
        9889000   -102931.3104        30.7      -102836.2444       -95.0660 17m46s/Msamples
        9890000   -102932.6938        30.7      -102837.5359       -95.1578 17m46s/Msamples
        9891000   -102932.7517        30.7      -102835.0845       -97.6671 17m46s/Msamples
        9892000   -102939.5684        30.7      -102843.1594       -96.4089 17m46s/Msamples
        9893000   -102943.5834        30.7      -102841.9137      -101.6696 17m46s/Msamples
        9894000   -102942.9426        30.7      -102836.0858      -106.8568 17m46s/Msamples
        9895000   -102937.2816        30.7      -102846.8515       -90.4300 17m46s/Msamples
        9896000   -102936.7688        30.7      -102843.5227       -93.2460 17m46s/Msamples
        9897000   -102934.3045        30.7      -102840.4300       -93.8745 17m46s/Msamples
        9898000   -102943.2244        30.7      -102844.6439       -98.5805 17m46s/Msamples
        9899000   -102936.5804        30.8      -102839.0788       -97.5016 17m46s/Msamples
        9900000   -102921.2999        30.8      -102833.0572       -88.2426 17m46s/Msamples
        9901000   -102919.1930        30.8      -102829.3732       -89.8197 17m46s/Msamples
        9902000   -102911.9746        30.8      -102826.2246       -85.7500 17m46s/Msamples
        9903000   -102913.3364        30.8      -102826.6733       -86.6630 17m46s/Msamples
        9904000   -102911.0367        30.8      -102822.1553       -88.8814 17m46s/Msamples
        9905000   -102921.8725        30.8      -102828.8850       -92.9874 17m46s/Msamples
        9906000   -102933.2742        30.8      -102833.1521      -100.1221 17m46s/Msamples
        9907000   -102928.5894        30.8      -102830.6277       -97.9617 17m46s/Msamples
        9908000   -102925.1202        30.8      -102826.2620       -98.8582 17m46s/Msamples
        9909000   -102914.1634        30.8      -102826.2582       -87.9052 17m46s/Msamples
        9910000   -102923.2593        30.8      -102829.7034       -93.5558 17m46s/Msamples
        9911000   -102927.7282        30.8      -102830.6493       -97.0789 17m46s/Msamples
        9912000   -102938.4373        30.8      -102828.5074      -109.9298 17m46s/Msamples
        9913000   -102963.8129        30.9      -102842.3217      -121.4911 17m46s/Msamples
        9914000   -102950.1199        30.9      -102838.4679      -111.6519 17m46s/Msamples
        9915000   -102930.9820        30.9      -102836.7351       -94.2468 17m46s/Msamples
        9916000   -102940.1796        30.9      -102839.2675      -100.9121 17m46s/Msamples
        9917000   -102937.6056        30.9      -102838.9125       -98.6931 17m46s/Msamples
        9918000   -102937.7855        30.9      -102837.9516       -99.8339 17m46s/Msamples
        9919000   -102926.4863        30.9      -102831.4651       -95.0212 17m46s/Msamples
        9920000   -102935.9857        30.9      -102839.2348       -96.7508 17m46s/Msamples
        9921000   -102932.1308        30.9      -102837.1966       -94.9341 17m46s/Msamples
        9922000   -102924.8913        30.9      -102831.6944       -93.1969 17m46s/Msamples
        9923000   -102928.0718        30.9      -102838.0811       -89.9906 17m46s/Msamples
        9924000   -102940.4368        31.0      -102843.3857       -97.0510 17m46s/Msamples
        9925000   -102928.0214        31.0      -102838.3979       -89.6235 17m46s/Msamples
        9926000   -102930.1793        31.0      -102834.1616       -96.0176 17m46s/Msamples
        9927000   -102941.4614        31.0      -102837.1760      -104.2853 17m46s/Msamples
        9928000   -102939.9501        31.0      -102842.3984       -97.5516 17m46s/Msamples
        9929000   -102924.9668        31.0      -102835.0683       -89.8985 17m46s/Msamples
        9930000   -102919.7116        31.0      -102826.3841       -93.3274 17m46s/Msamples
        9931000   -102916.0973        31.0      -102825.4563       -90.6409 17m46s/Msamples
        9932000   -102923.5869        31.0      -102828.5707       -95.0161 17m46s/Msamples
        9933000   -102936.0491        31.0      -102841.4835       -94.5655 17m46s/Msamples
        9934000   -102931.9943        31.0      -102838.0617       -93.9326 17m46s/Msamples
        9935000   -102937.9360        31.0      -102831.4554      -106.4805 17m46s/Msamples
        9936000   -102930.5086        31.0      -102828.3430      -102.1656 17m46s/Msamples
        9937000   -102926.6867        31.0      -102827.7371       -98.9495 17m46s/Msamples
        9938000   -102925.8605        31.0      -102829.5248       -96.3357 17m46s/Msamples
        9939000   -102932.2913        31.1      -102827.9550      -104.3362 17m46s/Msamples
        9940000   -102922.7299        31.1      -102835.1893       -87.5405 17m46s/Msamples
        9941000   -102932.1442        31.1      -102832.6380       -99.5062 17m46s/Msamples
        9942000   -102938.5521        31.1      -102833.1879      -105.3641 17m46s/Msamples
        9943000   -102931.9937        31.1      -102832.3504       -99.6433 17m46s/Msamples
        9944000   -102933.3542        31.1      -102833.4533       -99.9009 17m46s/Msamples
        9945000   -102935.3072        31.1      -102829.2561      -106.0511 17m46s/Msamples
        9946000   -102942.9407        31.1      -102833.3278      -109.6128 17m46s/Msamples
        9947000   -102932.1217        31.1      -102831.5000      -100.6217 17m46s/Msamples
        9948000   -102919.5621        31.1      -102823.7562       -95.8059 17m46s/Msamples
        9949000   -102911.9694        31.1      -102819.3162       -92.6531 17m46s/Msamples
        9950000   -102909.6966        31.1      -102822.6803       -87.0163 17m46s/Msamples
        9951000   -102922.4447        31.1      -102828.0187       -94.4259 17m46s/Msamples
        9952000   -102923.3762        31.2      -102832.8947       -90.4815 17m46s/Msamples
        9953000   -102919.8763        31.2      -102825.0065       -94.8698 17m46s/Msamples
        9954000   -102917.8929        31.2      -102823.8899       -94.0029 17m46s/Msamples
        9955000   -102928.1289        31.2      -102826.6828      -101.4460 17m46s/Msamples
        9956000   -102918.7608        31.2      -102826.4891       -92.2717 17m46s/Msamples
        9957000   -102910.6358        31.2      -102821.1989       -89.4368 17m46s/Msamples
        9958000   -102926.3552        31.2      -102824.6252      -101.7300 17m46s/Msamples
        9959000   -102933.1893        31.2      -102829.3988      -103.7905 17m46s/Msamples
        9960000   -102943.2376        31.2      -102836.1379      -107.0997 17m46s/Msamples
        9961000   -102928.4038        31.2      -102826.5101      -101.8937 17m46s/Msamples
        9962000   -102916.8043        31.2      -102825.9065       -90.8977 17m46s/Msamples
        9963000   -102920.3171        31.2      -102822.9528       -97.3643 17m46s/Msamples
        9964000   -102929.6396        31.2      -102831.1300       -98.5096 17m46s/Msamples
        9965000   -102926.0823        31.2      -102826.7119       -99.3703 17m46s/Msamples
        9966000   -102943.8728        31.2      -102835.6535      -108.2192 17m46s/Msamples
        9967000   -102931.3802        31.2      -102826.9460      -104.4342 17m46s/Msamples
        9968000   -102945.1454        31.3      -102831.4899      -113.6555 17m46s/Msamples
        9969000   -102930.6543        31.3      -102836.2318       -94.4225 17m46s/Msamples
        9970000   -102915.4263        31.3      -102821.8381       -93.5881 17m46s/Msamples
        9971000   -102910.3238        31.3      -102818.2545       -92.0693 17m46s/Msamples
        9972000   -102906.8563        31.3      -102819.2410       -87.6152 17m46s/Msamples
        9973000   -102907.8159        31.3      -102816.8777       -90.9382 17m46s/Msamples
        9974000   -102910.4503        31.3      -102817.0845       -93.3657 17m46s/Msamples
        9975000   -102911.5495        31.3      -102816.7440       -94.8055 17m46s/Msamples
        9976000   -102922.4249        31.3      -102828.3666       -94.0582 17m46s/Msamples
        9977000   -102927.8242        31.3      -102828.1321       -99.6921 17m46s/Msamples
        9978000   -102925.1048        31.3      -102819.2893      -105.8154 17m46s/Msamples
        9979000   -102928.6599        31.3      -102821.7083      -106.9515 17m46s/Msamples
        9980000   -102920.0356        31.3      -102819.7362      -100.2994 17m46s/Msamples
        9981000   -102924.9423        31.3      -102826.2147       -98.7276 17m46s/Msamples
        9982000   -102912.1090        31.3      -102820.5018       -91.6072 17m46s/Msamples
        9983000   -102912.2867        31.3      -102822.2245       -90.0622 17m46s/Msamples
        9984000   -102916.1011        31.3      -102822.0604       -94.0406 17m46s/Msamples
        9985000   -102936.5784        31.3      -102830.7548      -105.8235 17m46s/Msamples
        9986000   -102918.3672        31.3      -102829.1176       -89.2495 17m46s/Msamples
        9987000   -102926.9548        31.3      -102825.1789      -101.7759 17m46s/Msamples
        9988000   -102934.2766        31.3      -102829.6781      -104.5985 17m46s/Msamples
        9989000   -102924.5472        31.3      -102824.5673       -99.9799 17m46s/Msamples
        9990000   -102931.1769        31.3      -102826.8401      -104.3368 17m46s/Msamples
        9991000   -102935.1214        31.4      -102830.0544      -105.0669 17m46s/Msamples
        9992000   -102946.8152        31.4      -102833.1458      -113.6693 17m46s/Msamples
        9993000   -102942.8817        31.4      -102833.1322      -109.7494 17m46s/Msamples
        9994000   -102935.5713        31.4      -102833.3639      -102.2073 17m46s/Msamples
        9995000   -102942.5968        31.4      -102830.8179      -111.7789 17m46s/Msamples
        9996000   -102946.3655        31.4      -102839.0390      -107.3264 17m46s/Msamples
        9997000   -102944.9912        31.4      -102831.8064      -113.1847 17m46s/Msamples
        9998000   -102936.4504        31.4      -102822.7387      -113.7117 17m46s/Msamples
        9999000   -102923.4495        31.4      -102827.7270       -95.7225 17m46s/Msamples
       10000000   -102923.3521        31.4      -102822.6268      -100.7253 17m46s/Msamples

Operator                                                            Tuning    #accept    #reject      Pr(m)  Pr(acc|m)
ScaleOperator(gammaShapeScaler.s:SequenceSimulator)                0.73972       1180      10408    0.00116    0.10183 
DeltaExchangeOperator(FrequenciesExchanger.s:SequenceSimulator)    0.00872       2925       8837    0.00116    0.24868 
DeltaExchangeOperator(FixMeanMutationRatesOperator)             6976.67057     232214          0    0.02320    1.00000 Try setting delta to about 13953.341
ScaleOperator(BirthDeathTreeScaler.t:tree)                         0.85272      47365     299338    0.03480    0.13662 
ScaleOperator(BirthDeathTreeRootScaler.t:tree)                     0.52351      29849     318884    0.03480    0.08559 Try setting scaleFactor to about 0.724
Uniform(BirthDeathUniformOperator.t:tree)                                -    1734879    1744663    0.34803    0.49859 
SubtreeSlide(BirthDeathSubtreeSlide.t:tree)                        4.93866     215689    1524935    0.17401    0.12391 
Exchange(BirthDeathNarrow.t:tree)                                        -    1050906     688690    0.17401    0.60411 
Exchange(BirthDeathWide.t:tree)                                          -      43218     305497    0.03480    0.12394 
WilsonBalding(BirthDeathWilsonBalding.t:tree)                            -      61126     286811    0.03480    0.17568 
ScaleOperator(BirthRateScaler.t:tree)                              0.40804      94363     253671    0.03480    0.27113 
ScaleOperator(DeathRateScaler.t:tree)                              0.09497      41510     306806    0.03480    0.11917 
ScaleOperator(StrictClockRateScaler.c:clock)                       0.81657      74628     274191    0.03480    0.21394 
UpDownOperator(strictClockUpDownOperator.c:clock)                  0.86273      75044     272374    0.03480    0.21600 
TipDatesRandomWalker(allTipDatesRandomWalker.t:tree)               1.00000          0          0    0.00000        NaN 

     Tuning: The value of the operator's tuning parameter, or '-' if the operator can't be optimized.
    #accept: The total number of times a proposal by this operator has been accepted.
    #reject: The total number of times a proposal by this operator has been rejected.
      Pr(m): The probability this operator is chosen in a step of the MCMC (i.e. the normalized weight).
  Pr(acc|m): The acceptance probability (#accept as a fraction of the total proposals for this operator).


Total calculation time: 10668.463 seconds
End likelihood: -102923.35219308894
