trait,sens,mean_value,cognate_id,max_value,ratio_value_max,n_traits,mean_outgroup,root_form
2,ant,6.591,5007,6.591,1,23,0.125,*moru̯i-
3,ant,4.77,6094,6.591,0.724,23,0.125,NA
4,ant,3.484,5281,6.591,0.529,23,0.125,NA
5,ant,2.023,6779,6.591,0.307,23,0.125,NA
6,ant,2.776,6364,6.591,0.421,23,0.125,NA
7,ant,2.858,5434,6.591,0.434,23,0.125,NA
8,ant,0.441,9854,6.591,0.067,23,0.125,NA
10,ant,1.667,6209,6.591,0.253,23,0.125,*melit-
25,ash,4.958,178,6.294,0.788,31,0.077,*h₂eh₁s-
26,ash,5.521,1105,6.294,0.877,31,0.077,?*pel(h₁)-
27,ash,5.004,850,6.294,0.795,31,0.077,*(s)ken(H)-
28,ash,5.219,968,6.294,0.829,31,0.077,*leh₃u̯- 
29,ash,6.294,3389,6.294,1,31,0.077,*h₂eh₁-
30,ash,3.532,3414,6.294,0.561,31,0.077,*su̯er-
31,ash,2.603,2182,6.294,0.414,31,0.077,?*(s)k̑ed-
32,ash,1.505,1592,6.294,0.239,31,0.077,*h₂leks-
33,ash,3.168,1448,6.294,0.503,31,0.077,*steh₂⁽g̑⁾-
34,ash,2.606,568,6.294,0.414,31,0.077,NA
35,ash,1.127,9109,6.294,0.179,31,0.077,NA
36,ash,0.757,3190,6.294,0.12,31,0.077,?*pē(n)s-
37,ash,2.778,2179,6.294,0.441,31,0.077,*dʰegʷʰ-
56,back,6.865,6354,6.865,1,41,0,NA
57,back,3.112,1580,6.865,0.453,41,0,*pleth₂-
58,back,2.327,7617,6.865,0.339,41,0,NA
59,back,4.349,2183,6.865,0.633,41,0,NA
60,back,2.745,1196,6.865,0.4,41,0,NA
61,back,2.957,969,6.865,0.431,41,0,NA
62,back,3.384,2551,6.865,0.493,41,0,NA
63,back,2.407,180,6.865,0.351,41,0,NA
64,back,3.172,5826,6.865,0.462,41,0,NA
65,back,1.002,4989,6.865,0.146,41,0,NA
66,back,2.776,1683,6.865,0.404,41,0,NA
67,back,3.241,851,6.865,0.472,41,0,*u̯ert-
68,back,1.365,2552,6.865,0.199,41,0,NA
69,back,1.2,2186,6.865,0.175,41,0,NA
70,back,0.98,2059,6.865,0.143,41,0,NA
71,back,2.858,1846,6.865,0.416,41,0,NA
72,back,0.757,7111,6.865,0.11,41,0,*h₃ems-
73,back,0.302,6524,6.865,0.044,41,0,NA
74,back,2.455,6350,6.865,0.358,41,0,NA
75,back,2.606,5887,6.865,0.38,41,0,NA
76,back,0.759,5295,6.865,0.111,41,0,NA
77,back,2.778,4976,6.865,0.405,41,0,NA
78,back,4.37,1637,6.865,0.637,41,0,NA
97,bad,4.651,852,5.423,0.858,75,0.043,NA
98,bad,5.304,7332,5.423,0.978,75,0.043,NA
99,bad,4.413,2190,5.423,0.814,75,0.043,NA
100,bad,3.613,2195,5.423,0.666,75,0.043,NA
101,bad,5.181,2137,5.423,0.955,75,0.043,NA
102,bad,2.52,2038,5.423,0.465,75,0.043,NA
103,bad,2.603,1197,5.423,0.48,75,0.043,*g̑ʰu̯el-
104,bad,1.115,181,5.423,0.206,75,0.043,*slei̯g̑-
105,bad,1.407,1106,5.423,0.259,75,0.043,NA
106,bad,0.774,4823,5.423,0.143,75,0.043,NA
107,bad,0.441,3853,5.423,0.081,75,0.043,NA
108,bad,2.183,2192,5.423,0.403,75,0.043,NA
111,bad,3.757,7088,5.423,0.693,75,0.043,NA
112,bad,1.835,7086,5.423,0.338,75,0.043,NA
114,bad,0.759,6597,5.423,0.14,75,0.043,NA
117,bad,0.474,4895,5.423,0.087,75,0.043,*(s)leb-
118,bad,2.606,4889,5.423,0.481,75,0.043,NA
119,bad,1.505,4813,5.423,0.278,75,0.043,NA
120,bad,5.423,3299,5.423,1,75,0.043,NA
121,bad,2.328,3192,5.423,0.429,75,0.043,NA
122,bad,0.799,2196,5.423,0.147,75,0.043,*keh₂p-
123,bad,2.583,2191,5.423,0.476,75,0.043,*u̯endʰ-
124,bad,0.81,970,5.423,0.149,75,0.043,NA
172,bark,2.745,7796,5.476,0.501,43,0,*(s)ker-
173,bark,5.004,182,5.476,0.914,43,0,*(s)kert-
174,bark,5.219,971,5.476,0.953,43,0,*reu̯H-
175,bark,3.852,5,5.476,0.703,43,0,NA
176,bark,2.611,1305,5.476,0.477,43,0,NA
177,bark,5.304,1574,5.476,0.969,43,0,NA
178,bark,2.311,750,5.476,0.422,43,0,NA
179,bark,3.475,1438,5.476,0.635,43,0,NA
180,bark,5.476,1798,5.476,1,43,0,NA
181,bark,0.756,2465,5.476,0.138,43,0,NA
182,bark,2.606,570,5.476,0.476,43,0,NA
183,bark,1.764,9120,5.476,0.322,43,0,NA
184,bark,2.455,6796,5.476,0.448,43,0,NA
185,bark,0.759,6445,5.476,0.139,43,0,NA
187,bark,1.029,5309,5.476,0.188,43,0,NA
188,bark,0.757,3230,5.476,0.138,43,0,NA
215,belly,7.75,854,7.75,1,45,0.043,?*(H)u̯ed-
216,belly,2.906,1218,7.75,0.375,45,0.043,*bʰreu̯s-
217,belly,2.478,2238,7.75,0.32,45,0.043,*gʷi̯eh₃-
218,belly,4.313,9624,7.75,0.556,45,0.043,NA
219,belly,4.26,752,7.75,0.55,45,0.043,NA
220,belly,3.065,8346,7.75,0.395,45,0.043,*bʰelg̑ʰ-
221,belly,2.957,3404,7.75,0.382,45,0.043,NA
222,belly,1.665,3167,7.75,0.215,45,0.043,NA
223,belly,2.462,1980,7.75,0.318,45,0.043,NA
224,belly,3.055,1454,7.75,0.394,45,0.043,*k̑eu̯H-
225,belly,1.472,9121,7.75,0.19,45,0.043,NA
226,belly,0.929,4985,7.75,0.12,45,0.043,NA
227,belly,2.606,3344,7.75,0.336,45,0.043,NA
228,belly,0.176,2199,7.75,0.023,45,0.043,NA
229,belly,1.506,1198,7.75,0.194,45,0.043,*terh₁-
231,belly,2.455,6095,7.75,0.317,45,0.043,NA
232,belly,0.937,5921,7.75,0.121,45,0.043,NA
233,belly,3.259,5285,7.75,0.42,45,0.043,NA
234,belly,2.778,4121,7.75,0.358,45,0.043,NA
237,belly,0.757,3269,7.75,0.098,45,0.043,NA
239,belly,2.664,2200,7.75,0.344,45,0.043,NA
240,belly,1.171,973,7.75,0.151,45,0.043,NA
241,belly,2.752,359,7.75,0.355,45,0.043,*bʰer-
260,big,6.3,360,6.3,1,47,0,*meg̑-
261,big,2.611,7106,6.3,0.414,47,0,*steh₂-
262,big,2.745,1219,6.3,0.436,47,0,*u̯elH-
263,big,2.987,855,6.3,0.474,47,0,NA
264,big,2.283,185,6.3,0.362,47,0,*gʰreu̯d-
265,big,5.219,1686,6.3,0.828,47,0,*meh₁-
266,big,2.785,753,6.3,0.442,47,0,NA
267,big,1.977,4355,6.3,0.314,47,0,NA
268,big,2.256,9124,6.3,0.358,47,0,NA
269,big,1.002,1108,6.3,0.159,47,0,*gelH-
270,big,0.441,9853,6.3,0.07,47,0,NA
271,big,2.091,9126,6.3,0.332,47,0,NA
272,big,2.67,7611,6.3,0.424,47,0,NA
273,big,2.553,6697,6.3,0.405,47,0,NA
274,big,3.331,1981,6.3,0.529,47,0,NA
276,big,4.37,3769,6.3,0.694,47,0,NA
278,big,2.898,3302,6.3,0.46,47,0,NA
279,big,0.86,2469,6.3,0.137,47,0,NA
307,bird,5.219,8378,6.235,0.837,29,0.062,*pet-
308,bird,4.747,856,6.235,0.761,29,0.062,*h₂eu̯-i-
309,bird,4.704,1109,6.235,0.754,29,0.062,NA
310,bird,5.58,7,6.235,0.895,29,0.062,NA
311,bird,4.349,186,6.235,0.697,29,0.062,?*pleu̯k-
312,bird,3.697,2204,6.235,0.593,29,0.062,NA
313,bird,3.17,1455,6.235,0.508,29,0.062,NA
314,bird,6.235,754,6.235,1,29,0.062,NA
315,bird,2.945,1831,6.235,0.472,29,0.062,NA
316,bird,4.308,4903,6.235,0.691,29,0.062,*h₃er-
317,bird,1.993,9127,6.235,0.32,29,0.062,*bʰeh₂g̑ʰu-
318,bird,1.51,8376,6.235,0.242,29,0.062,NA
319,bird,0.225,7749,6.235,0.036,29,0.062,NA
320,bird,0.757,6795,6.235,0.121,29,0.062,NA
321,bird,2.664,2470,6.235,0.427,29,0.062,NA
322,bird,2.752,361,6.235,0.441,29,0.062,*g̑ʰu̯eh₂gʰV- 
336,bite,5.489,6014,5.489,1,44,0.05,NA
337,bite,5.304,1456,5.489,0.966,44,0.05,*denk̑-
339,bite,4.349,187,5.489,0.792,44,0.05,*bʰei̯d-
340,bite,5.004,8401,5.489,0.912,44,0.05,*h₂merd-
341,bite,2.502,2028,5.489,0.456,44,0.05,*gʷreu̯Hg̑ʰ-
342,bite,4.372,3753,5.489,0.796,44,0.05,NA
343,bite,1.992,1594,5.489,0.363,44,0.05,*(s)kert-
344,bite,4.399,2106,5.489,0.801,44,0.05,NA
345,bite,1.977,4968,5.489,0.36,44,0.05,*Hd-ónt-
346,bite,2.606,5942,5.489,0.475,44,0.05,NA
347,bite,1.182,975,5.489,0.215,44,0.05,NA
348,bite,3.639,8710,5.489,0.663,44,0.05,NA
349,bite,0.225,7750,5.489,0.041,44,0.05,NA
350,bite,1.835,7544,5.489,0.334,44,0.05,NA
351,bite,2.664,7228,5.489,0.485,44,0.05,*dʰei̯h₂gʷ-
352,bite,0.938,5904,5.489,0.171,44,0.05,NA
353,bite,1.136,4357,5.489,0.207,44,0.05,*bʰresdʰ-
354,bite,2.531,4092,5.489,0.461,44,0.05,*gʰrebh₂-
355,bite,0.757,1661,5.489,0.138,44,0.05,NA
357,bite,0.759,362,5.489,0.138,44,0.05,NA
380,bitter,7.071,8319,7.071,1,29,0,*(s)tei̯g-
381,bitter,2.745,6086,7.071,0.388,29,0,*gʷʰer-
382,bitter,4.349,5262,7.071,0.615,29,0,*bʰei̯d-
383,bitter,5.004,5172,7.071,0.708,29,0,?*h₂em-
384,bitter,5.219,6371,7.071,0.738,29,0,NA
385,bitter,5.304,5056,7.071,0.75,29,0,*pei̯k̑-
386,bitter,5.426,6790,7.071,0.767,29,0,NA
387,bitter,0.441,9855,7.071,0.062,29,0,NA
388,bitter,1.356,6443,7.071,0.192,29,0,NA
389,bitter,2.752,6439,7.071,0.389,29,0,*h₂ei̯dʰ-
391,bitter,0.757,6792,7.071,0.107,29,0,NA
392,bitter,4.396,6293,7.071,0.622,29,0,*(s)kert-
393,bitter,2.606,5893,7.071,0.369,29,0,NA
394,bitter,0.86,5435,7.071,0.122,29,0,*(h₁)reu̯g̑-
409,black,4.494,1111,6.493,0.692,28,0.118,*k⁽ʷ⁾ers-
410,black,6.493,573,6.493,1,28,0.118,*k̑i̯eh₁-
411,black,2.778,1575,6.493,0.428,28,0.118,*melh₂-
412,black,4.349,188,6.493,0.67,28,0.118,*su̯ord-o-
413,black,5.004,858,6.493,0.771,28,0.118,NA
414,black,5.219,976,6.493,0.804,28,0.118,*dʰeu̯b-
415,black,5.341,756,6.493,0.823,28,0.118,NA
416,black,3.17,1457,6.493,0.488,28,0.118,NA
417,black,4.483,6740,6.493,0.691,28,0.118,NA
418,black,2.606,4891,6.493,0.401,28,0.118,NA
419,black,3.44,3752,6.493,0.53,28,0.118,*(s)re⁽g̑⁾-
420,black,2.752,363,6.493,0.424,28,0.118,NA
421,black,2.174,8021,6.493,0.335,28,0.118,*dʰeu̯s-
422,black,5.423,4380,6.493,0.835,28,0.118,*dʰengʷ-
423,black,0.302,2473,6.493,0.047,28,0.118,*pe⁽k̑⁾tu-
424,black,2.664,2222,6.493,0.41,28,0.118,NA
425,black,2.294,1343,6.493,0.353,28,0.118,NA
437,blood,6.531,859,6.531,1,14,0.091,"*h₁ésh₂-r̥, *h₁sh₂-én-"
438,blood,5.521,1112,6.531,0.845,14,0.091,*kreu̯h₂-
439,blood,2.872,2239,6.531,0.44,14,0.091,*(h₁)reu̯dʰ-
440,blood,6.236,687,6.531,0.955,14,0.091,NA
441,blood,4.349,189,6.531,0.666,14,0.091,NA
442,blood,5.304,1458,6.531,0.812,14,0.091,NA
443,blood,2.957,977,6.531,0.453,14,0.091,NA
444,blood,2.776,1687,6.531,0.425,14,0.091,*u̯elh₂-
445,blood,4.575,6611,6.531,0.7,14,0.091,*(s)re⁽g̑⁾-
446,blood,2.752,364,6.531,0.421,14,0.091,*sokʷo-
447,blood,0.757,3276,6.531,0.116,14,0.091,NA
451,bone,8.008,519,8.008,1,21,0.1,*h₂ost-
452,bone,2.745,1114,8.008,0.343,21,0.1,NA
453,bone,4.349,191,8.008,0.543,21,0.1,NA
454,bone,4.908,11,8.008,0.613,21,0.1,NA
455,bone,2.762,9857,8.008,0.345,21,0.1,NA
456,bone,4.483,1847,8.008,0.56,21,0.1,*keh₂u̯l(o)-
457,bone,2.776,1688,8.008,0.347,21,0.1,*konh₂m-
458,bone,1.696,1459,8.008,0.212,21,0.1,NA
459,bone,0.225,7751,8.008,0.028,21,0.1,NA
460,bone,0.432,1440,8.008,0.054,21,0.1,NA
472,breathe,6.322,860,6.322,1,33,0.067,*h₂enh₁-
473,breathe,2.744,1115,6.322,0.434,33,0.067,*dʰu̯es-
474,breathe,5.725,8502,6.322,0.906,33,0.067,*k̑u̯es-
475,breathe,4.809,2571,6.322,0.761,33,0.067,NA
476,breathe,1.775,192,6.322,0.281,33,0.067,*(h₁)eh₁t-
477,breathe,2.762,9858,6.322,0.437,33,0.067,NA
478,breathe,2.581,7540,6.322,0.408,33,0.067,*bʰleh₁-
479,breathe,2.317,5820,6.322,0.367,33,0.067,*Hi̯eh₁-
480,breathe,2.606,8679,6.322,0.412,33,0.067,NA
481,breathe,4.107,3738,6.322,0.65,33,0.067,*dʰmeH-
482,breathe,2.805,1460,6.322,0.444,33,0.067,?*pneu̯-
483,breathe,1.782,8418,6.322,0.282,33,0.067,NA
484,breathe,0.117,4185,6.322,0.019,33,0.067,NA
485,breathe,0.757,1848,6.322,0.12,33,0.067,NA
486,breathe,0.759,367,6.322,0.12,33,0.067,NA
505,burn,5.564,368,6.388,0.871,23,0.067,*dʰegʷʰ-
506,burn,4.342,8388,6.388,0.68,23,0.067,*deh₂u̯-
507,burn,4.349,193,6.388,0.681,23,0.067,NA
508,burn,6.388,12,6.388,1,23,0.067,NA
509,burn,2.745,2243,6.388,0.43,23,0.067,*gʷʰer-
510,burn,5.219,979,6.388,0.817,23,0.067,*leh₂p-
511,burn,5.004,1389,6.388,0.783,23,0.067,*h₂eh₁s-
512,burn,5.304,1461,6.388,0.83,23,0.067,*k̑eh₂u̯-
513,burn,4.26,758,6.388,0.667,23,0.067,*g̑u̯elH-
514,burn,3.296,9343,6.388,0.516,23,0.067,NA
515,burn,1.544,9342,6.388,0.242,23,0.067,*h₁eu̯s-
516,burn,2.177,2242,6.388,0.341,23,0.067,NA
517,burn,0.811,2241,6.388,0.127,23,0.067,?*pel-
518,burn,2.606,5901,6.388,0.408,23,0.067,NA
519,burn,1.835,2478,6.388,0.287,23,0.067,NA
528,carry,7.47,5036,7.47,1,34,0.077,*bʰer-
529,carry,3.201,7015,7.47,0.428,34,0.077,*gʰrebh₂-
530,carry,5.521,5130,7.47,0.739,34,0.077,*h₁nek̑-
531,carry,2.957,6380,7.47,0.396,34,0.077,*deu̯k-
532,carry,5.004,5343,7.47,0.67,34,0.077,*per-
533,carry,2.283,5330,7.47,0.306,34,0.077,*dʰre⁽g̑⁾ʰ-
534,carry,2.143,5825,7.47,0.287,34,0.077,NA
535,carry,0.888,7422,7.47,0.119,34,0.077,*lembʰ-
536,carry,2.125,6787,7.47,0.284,34,0.077,NA
537,carry,1.581,6363,7.47,0.212,34,0.077,*h₁legʰ-
538,carry,0.225,7752,7.47,0.03,34,0.077,NA
539,carry,1.108,6004,7.47,0.148,34,0.077,NA
540,carry,0.757,5230,7.47,0.101,34,0.077,*kʷels-
562,chest,6.743,2211,6.743,1,37,0.062,*bʰreu̯s-
563,chest,5.004,4015,6.743,0.742,37,0.062,*pe⁽k̑⁾tu-
564,chest,2.664,2217,6.743,0.395,37,0.062,*pstḗn
566,chest,2.499,2213,6.743,0.371,37,0.062,NA
567,chest,5.287,8545,6.743,0.784,37,0.062,NA
568,chest,4.26,3907,6.743,0.632,37,0.062,NA
569,chest,3.578,3740,6.743,0.531,37,0.062,*k̑eh₃(i̯)-
570,chest,1.771,2212,6.743,0.263,37,0.062,NA
571,chest,5.174,3747,6.743,0.767,37,0.062,*peh₂g̑-
572,chest,2.108,9876,6.743,0.313,37,0.062,NA
573,chest,5.104,5924,6.743,0.757,37,0.062,*h₁u̯erH-
574,chest,2.606,4893,6.743,0.386,37,0.062,NA
575,chest,1.835,7199,6.743,0.272,37,0.062,NA
576,chest,0.757,6786,6.743,0.112,37,0.062,NA
577,chest,0.759,6436,6.743,0.113,37,0.062,NA
578,chest,2.885,2215,6.743,0.428,37,0.062,*kreu̯H-
599,claw,5.5,5097,5.5,1,35,0.062,*h₃neg⁽ʷ⁾ʰ-
600,claw,4.349,5228,5.5,0.791,35,0.062,NA
601,claw,3.588,6725,5.5,0.652,35,0.062,*penkʷe
602,claw,4.467,6403,5.5,0.812,35,0.062,NA
603,claw,2.358,5175,5.5,0.429,35,0.062,NA
604,claw,2.32,9134,5.5,0.422,35,0.062,NA
605,claw,3.124,6390,5.5,0.568,35,0.062,NA
606,claw,1.518,6847,5.5,0.276,35,0.062,NA
607,claw,1.588,6517,5.5,0.289,35,0.062,NA
608,claw,2.606,5945,5.5,0.474,35,0.062,NA
609,claw,0.849,5370,5.5,0.154,35,0.062,NA
610,claw,2.664,7103,5.5,0.484,35,0.062,NA
611,claw,0.745,6383,5.5,0.135,35,0.062,NA
612,claw,1.407,5216,5.5,0.256,35,0.062,NA
613,claw,1.104,5205,5.5,0.201,35,0.062,NA
614,claw,0.478,5202,5.5,0.087,35,0.062,NA
634,cloud,6.195,579,6.195,1,40,0.067,*nebʰ-
635,cloud,6.172,760,6.195,0.996,40,0.067,*h₃mei̯gʰ-
636,cloud,5.004,862,6.195,0.808,40,0.067,*(s)neu̯dʰ-
637,cloud,2.31,1117,6.195,0.373,40,0.067,*h₂u̯elk-
638,cloud,3.037,195,6.195,0.49,40,0.067,*u̯elg-
639,cloud,2.56,1308,6.195,0.413,40,0.067,NA
640,cloud,2.83,1596,6.195,0.457,40,0.067,NA
641,cloud,1.789,1222,6.195,0.289,40,0.067,NA
642,cloud,1.626,8503,6.195,0.262,40,0.067,NA
643,cloud,1.447,981,6.195,0.234,40,0.067,NA
644,cloud,1.398,7995,6.195,0.226,40,0.067,NA
645,cloud,0.759,5484,6.195,0.123,40,0.067,?*h₃rei̯H-
646,cloud,0.86,2481,6.195,0.139,40,0.067,NA
647,cloud,0.77,2480,6.195,0.124,40,0.067,*merHk-
648,cloud,2.664,2479,6.195,0.43,40,0.067,NA
674,cold,5.263,982,5.868,0.897,26,0.111,*i̯eg̑-
675,cold,5.868,14,5.868,1,26,0.111,*k̑elH-
676,cold,5.219,1690,5.868,0.889,26,0.111,*h₃eu̯g̑-
677,cold,2.199,2245,5.868,0.375,26,0.111,"?*g̑ʰéi̯-om, *g̑ʰ(i)i̯-ém-, *g̑ʰi-m-"
678,cold,4.349,196,5.868,0.741,26,0.111,*⁽g̑⁾el-
679,cold,4.495,863,5.868,0.766,26,0.111,*srei̯Hg̑-
680,cold,2.739,1118,5.868,0.467,26,0.111,NA
681,cold,4.26,761,5.868,0.726,26,0.111,*stembʰH-
682,cold,2.739,2485,5.868,0.467,26,0.111,?*steu̯d-
683,cold,4.777,5081,5.868,0.814,26,0.111,NA
684,cold,3.172,1463,5.868,0.541,26,0.111,NA
685,cold,5.191,2484,5.868,0.885,26,0.111,NA
686,cold,1.252,8137,5.868,0.213,26,0.111,NA
687,cold,2.606,5078,5.868,0.444,26,0.111,NA
688,cold,2.664,8386,5.868,0.454,26,0.111,NA
689,cold,0.757,8384,5.868,0.129,26,0.111,NA
690,cold,2.553,6541,5.868,0.435,26,0.111,*ken-
691,cold,0.759,371,5.868,0.129,26,0.111,*teh₂-
700,come,6.195,7318,6.195,1,19,0.2,*h₁ei̯-
701,come,5.153,7319,6.195,0.832,19,0.2,*gʷem-
702,come,5.304,1464,6.195,0.856,19,0.2,*h₁er-
703,come,2.957,9635,6.195,0.477,19,0.2,*h₂eg̑- 
704,come,2.776,8321,6.195,0.448,19,0.2,*stei̯gʰ-
705,come,2.606,580,6.195,0.421,19,0.2,NA
706,come,2.752,372,6.195,0.444,19,0.2,NA
708,come,0.757,3240,6.195,0.122,19,0.2,*kʷi̯eu̯-
709,come,1.835,2486,6.195,0.296,19,0.2,*sed-
710,come,1.578,983,6.195,0.255,19,0.2,*bʰu̯eh₂-
719,count,3.17,7321,6.193,0.512,30,0,*meh₁-
720,count,3.648,1692,6.193,0.589,30,0,*h₂rei̯-
721,count,5.521,1199,6.193,0.891,30,0,*(s)kʷei̯t-
722,count,5.563,2274,6.193,0.898,30,0,*(s)mer-
723,count,3.355,864,6.193,0.542,30,0,*pi̯eh₂-
724,count,4.349,198,6.193,0.702,30,0,NA
725,count,6.193,690,6.193,1,30,0,NA
726,count,2.016,1223,6.193,0.325,30,0,NA
727,count,1.407,1120,6.193,0.227,30,0,*bʰrei̯H-
728,count,4.869,2224,6.193,0.786,30,0,*nem-
729,count,1.168,984,6.193,0.189,30,0,NA
730,count,1.797,6412,6.193,0.29,30,0,NA
732,count,0.759,5490,6.193,0.123,30,0,NA
733,count,1.574,5487,6.193,0.254,30,0,NA
734,count,1.108,3338,6.193,0.179,30,0,NA
749,cry,6.542,6062,6.542,1,44,0,*reu̯dH-
750,cry,3.589,6484,6.542,0.549,44,0,*pleh₂g-
751,cry,5.69,5042,6.542,0.87,44,0,?*kleh₂u̯-
752,cry,2.713,5946,6.542,0.415,44,0,*leh₂-
753,cry,4.24,5220,6.542,0.648,44,0,NA
754,cry,2.19,8443,6.542,0.335,44,0,NA
755,cry,4.194,6339,6.542,0.641,44,0,NA
756,cry,1.955,5240,6.542,0.299,44,0,*bʰrem-
757,cry,1.898,5331,6.542,0.29,44,0,NA
758,cry,0.756,7027,6.542,0.116,44,0,NA
759,cry,3.087,6453,6.542,0.472,44,0,NA
760,cry,1.168,6416,6.542,0.179,44,0,NA
761,cry,0.8,5200,6.542,0.122,44,0,NA
762,cry,0.441,9862,6.542,0.067,44,0,NA
763,cry,2.628,9631,6.542,0.402,44,0,NA
764,cry,4.37,9363,6.542,0.668,44,0,*neu̯(H)-
765,cry,1.835,7322,6.542,0.281,44,0,NA
767,cry,0.757,7128,6.542,0.116,44,0,NA
793,day,6.097,375,6.097,1,17,0.182,*dei̯-
794,day,4.331,8124,6.097,0.71,17,0.182,*(h₂)eg̑ʰ-
795,day,5.567,1467,6.097,0.913,17,0.182,*Heh₂m-
796,day,4.349,200,6.097,0.713,17,0.182,*dʰegʷʰ-
797,day,4.422,691,6.097,0.725,17,0.182,*leu̯k-
798,day,1.941,3850,6.097,0.318,17,0.182,*gʷʰer-
799,day,4.053,3709,6.097,0.665,17,0.182,NA
800,day,2.776,1694,6.097,0.455,17,0.182,*leh₁t-
801,day,2.752,8280,6.097,0.451,17,0.182,*deh₂(i̯)-
802,day,0.757,3218,6.097,0.124,17,0.182,*bʰeh₂-
803,day,2.664,2234,6.097,0.437,17,0.182,*k̑eh₂u̯-
810,die,7.202,18,7.202,1,15,0,*mer-
811,die,2.283,2250,7.202,0.317,15,0,*(s)dʰerbʰ-
812,die,2.611,201,7.202,0.362,15,0,*dʰeu̯-
813,die,5.304,1468,7.202,0.736,15,0,*dʰenh₂-
814,die,2.752,5258,7.202,0.382,15,0,NA
815,die,2.773,3158,7.202,0.385,15,0,*gʷeh₂-
816,die,3.248,6456,7.202,0.451,15,0,NA
825,dig,6.137,7327,6.137,1,36,0.05,?*k⁽ʷ⁾eh₂-
828,dig,4.349,2587,6.137,0.709,36,0.05,*gʰrebʰ-
829,dig,2.565,7700,6.137,0.418,36,0.05,*(s)kep-
830,dig,3.098,865,6.137,0.505,36,0.05,*k̑eu̯H-
831,dig,5.304,202,6.137,0.864,36,0.05,*skabʰ-
832,dig,1.319,763,6.137,0.215,36,0.05,NA
833,dig,2.762,9863,6.137,0.45,36,0.05,NA
834,dig,2.125,2588,6.137,0.346,36,0.05,*reu̯H-
835,dig,2.501,986,6.137,0.408,36,0.05,*kelh₂-
836,dig,2.606,583,6.137,0.425,36,0.05,NA
837,dig,1.398,9548,6.137,0.228,36,0.05,NA
838,dig,2.553,6531,6.137,0.416,36,0.05,NA
839,dig,0.755,6530,6.137,0.123,36,0.05,NA
840,dig,1.797,6434,6.137,0.293,36,0.05,NA
841,dig,0.81,6431,6.137,0.132,36,0.05,*teu̯k-
842,dig,2.778,5271,6.137,0.453,36,0.05,*h₃reu̯k-
843,dig,0.757,3224,6.137,0.123,36,0.05,NA
844,dig,2.664,2593,6.137,0.434,36,0.05,?*drep-
845,dig,0.864,2590,6.137,0.141,36,0.05,NA
846,dig,0.759,377,6.137,0.124,36,0.05,NA
861,dirty,6.584,692,6.584,1,80,0,*melh₂-
862,dirty,2.977,9424,6.584,0.452,80,0,*selH-
863,dirty,1.992,2252,6.584,0.302,80,0,NA
864,dirty,2.176,2601,6.584,0.33,80,0,*sū̆-
865,dirty,3.223,9141,6.584,0.49,80,0,NA
866,dirty,2.654,4859,6.584,0.403,80,0,NA
867,dirty,5.945,3698,6.584,0.903,80,0,*h₃rei̯H-
868,dirty,1.133,1932,6.584,0.172,80,0,*mag̑-
869,dirty,2.611,1309,6.584,0.397,80,0,NA
870,dirty,1.602,1224,6.584,0.243,80,0,NA
871,dirty,1.849,866,6.584,0.281,80,0,NA
872,dirty,0.233,5232,6.584,0.035,80,0,NA
873,dirty,4.978,4896,6.584,0.756,80,0,NA
874,dirty,1.51,2599,6.584,0.229,80,0,NA
875,dirty,1.202,1281,6.584,0.183,80,0,NA
876,dirty,1.168,987,6.584,0.177,80,0,NA
877,dirty,2.606,9492,6.584,0.396,80,0,NA
878,dirty,1.366,8027,6.584,0.208,80,0,NA
879,dirty,1.136,6437,6.584,0.173,80,0,*gʷeu̯-dʰ-
880,dirty,2.421,6175,6.584,0.368,80,0,NA
882,dirty,0.864,2596,6.584,0.131,80,0,NA
883,dirty,0.578,203,6.584,0.088,80,0,NA
941,do,5.021,5125,7.188,0.699,25,0.118,*dʰeh₁-
942,do,7.188,5037,7.188,1,25,0.118,*kʷer-
943,do,1.439,6096,7.188,0.2,25,0.118,*kʷei̯-
944,do,2.611,6463,7.188,0.363,25,0.118,NA
945,do,2.957,6441,7.188,0.411,25,0.118,*u̯erg̑-
946,do,2.534,5177,7.188,0.353,25,0.118,*h₃erbʰ-
947,do,2.776,6440,7.188,0.386,25,0.118,*g̑enh₁-
948,do,1.002,5215,7.188,0.139,25,0.118,"*pr̥-, *pró, *prí"
949,do,2.858,6329,7.188,0.398,25,0.118,*dʰer-
950,do,2.752,6301,7.188,0.383,25,0.118,*bʰeh₂-
951,do,3.172,6177,7.188,0.441,25,0.118,NA
952,do,2.606,5896,7.188,0.363,25,0.118,*h₂er-
953,do,0.849,5438,7.188,0.118,25,0.118,*mag̑-
954,do,3.112,5312,7.188,0.433,25,0.118,*k̑emh₂-
955,do,2.664,7207,7.188,0.371,25,0.118,NA
956,do,5.423,6270,7.188,0.754,25,0.118,?*Hi̯eh₁-
957,do,2.778,5073,7.188,0.386,25,0.118,NA
966,dog,7.605,21,7.605,1,24,0.083,*k̑u̯ón-
967,dog,2.745,1123,7.605,0.361,24,0.083,NA
968,dog,4.857,3186,7.605,0.639,24,0.083,NA
969,dog,3.17,1470,7.605,0.417,24,0.083,NA
970,dog,3.907,1599,7.605,0.514,24,0.083,NA
971,dog,3.624,764,7.605,0.477,24,0.083,NA
972,dog,2.108,9864,7.605,0.277,24,0.083,NA
973,dog,1.002,2489,7.605,0.132,24,0.083,NA
974,dog,0.999,5506,7.605,0.131,24,0.083,NA
975,dog,2.455,7341,7.605,0.323,24,0.083,NA
976,dog,1.295,6373,7.605,0.17,24,0.083,NA
977,dog,2.575,1697,7.605,0.339,24,0.083,NA
990,drink,7.487,380,7.487,1,14,0.143,*peh₃(i̯)-
991,drink,6.932,2490,7.487,0.926,14,0.143,*h₁egʷʰ-
993,drink,4.349,204,7.487,0.581,14,0.143,NA
994,drink,5.024,3691,7.487,0.671,14,0.143,NA
995,drink,2.858,1851,7.487,0.382,14,0.143,*gʷerh₃-
996,drink,0.757,1955,7.487,0.101,14,0.143,*u̯eg̑ʰ-
997,drink,1.108,584,7.487,0.148,14,0.143,NA
1004,dry,6.685,7551,6.685,1,20,0.083,*h₂seu̯s-
1005,dry,4.591,867,6.685,0.687,20,0.083,*sek-
1006,dry,4.988,520,6.685,0.746,20,0.083,*ters-
1007,dry,2.713,2493,6.685,0.406,20,0.083,*seu̯k̑-
1008,dry,3.353,205,6.685,0.502,20,0.083,NA
1009,dry,2.957,4358,6.685,0.442,20,0.083,NA
1010,dry,5.306,1471,6.685,0.794,20,0.083,NA
1011,dry,2.435,5827,6.685,0.364,20,0.083,*(s)teg-
1012,dry,2.752,8281,6.685,0.412,20,0.083,*k̑eh₂u̯-
1013,dry,2.606,5006,6.685,0.39,20,0.083,NA
1014,dry,2.762,3849,6.685,0.413,20,0.083,NA
1015,dry,2.664,2492,6.685,0.399,20,0.083,*h₂eh₁s-
1024,dust,5.237,3679,5.748,0.911,45,0.091,?*pē(n)s-
1025,dust,4.505,869,5.748,0.784,45,0.091,*pelh₁-
1026,dust,2.745,1125,5.748,0.478,45,0.091,*pres-
1027,dust,5.748,4150,5.748,1,45,0.091,NA
1028,dust,2.796,207,5.748,0.487,45,0.091,NA
1029,dust,4.048,24,5.748,0.704,45,0.091,NA
1030,dust,5.304,6166,5.748,0.923,45,0.091,*(s)ken(H)-
1031,dust,4.284,2464,5.748,0.745,45,0.091,*dʰu̯ens-
1032,dust,2.762,8432,5.748,0.48,45,0.091,NA
1033,dust,0.974,6100,5.748,0.169,45,0.091,*peu̯H-
1034,dust,1.356,9687,5.748,0.236,45,0.091,NA
1035,dust,1.216,6472,5.748,0.211,45,0.091,NA
1036,dust,2.606,586,5.748,0.453,45,0.091,NA
1037,dust,0.759,8125,5.748,0.132,45,0.091,NA
1038,dust,2.664,7105,5.748,0.463,45,0.091,NA
1039,dust,2.553,6545,5.748,0.444,45,0.091,NA
1040,dust,2.53,6474,5.748,0.44,45,0.091,NA
1041,dust,1.179,6026,5.748,0.205,45,0.091,NA
1042,dust,2.664,5284,5.748,0.463,45,0.091,NA
1043,dust,4.12,4393,5.748,0.717,45,0.091,*h₃rei̯H-
1044,dust,0.757,3277,5.748,0.132,45,0.091,NA
1045,dust,1.574,2103,5.748,0.274,45,0.091,NA
1069,ear,6.861,208,6.861,1,8,0.286,*h₂eu̯s-
1070,ear,6.574,768,6.861,0.958,8,0.286,NA
1071,ear,6.489,25,6.861,0.946,8,0.286,NA
1072,ear,2.776,2255,6.861,0.405,8,0.286,*k̑leu̯s-
1073,ear,2.528,991,6.861,0.368,8,0.286,NA
1074,ear,2.664,5442,6.861,0.388,8,0.286,*k̑leu̯-
1075,ear,5.423,3304,6.861,0.79,8,0.286,*steh₃-
1077,earth,6.88,384,6.88,1,30,0.077,"*dʰég̑ʰ-om-, *dʰg̑ʰ-ém-, *dʰg̑ʰ-m-"
1078,earth,3.232,2497,6.88,0.47,30,0.077,*bʰu̯eh₂-
1079,earth,4.999,870,6.88,0.726,30,0.077,*ters-
1080,earth,4.349,209,6.88,0.632,30,0.077,*h₁er-
1081,earth,3.17,1474,6.88,0.461,30,0.077,*g̑ʰeu̯-
1082,earth,3.54,992,6.88,0.514,30,0.077,NA
1083,earth,4.213,1367,6.88,0.612,30,0.077,*melh₂-
1084,earth,2.348,2513,6.88,0.341,30,0.077,NA
1085,earth,2.253,695,6.88,0.327,30,0.077,*meld-
1086,earth,2.678,6684,6.88,0.389,30,0.077,*h₂eh₁s- 
1087,earth,2.606,5892,6.88,0.379,30,0.077,*pleh₂-
1089,earth,0.757,5054,6.88,0.11,30,0.077,NA
1091,earth,2.778,2496,6.88,0.404,30,0.077,NA
1107,eat,6.492,210,6.492,1,16,0.167,*h₁ed-
1108,eat,5.675,6717,6.492,0.874,16,0.167,*i̯eu̯-
1109,eat,6.484,27,6.492,0.999,16,0.167,NA
1110,eat,4.978,1261,6.492,0.767,16,0.167,?*meth₂-
1111,eat,5.728,385,6.492,0.882,16,0.167,NA
1112,eat,3.17,1475,6.492,0.488,16,0.167,*treh₃⁽g̑⁾-
1113,eat,4.171,993,6.492,0.642,16,0.167,NA
1114,eat,2.752,7947,6.492,0.424,16,0.167,*h₂eu̯-
1115,eat,2.664,3161,6.492,0.41,16,0.167,*g̑i̯eu̯H-
1116,eat,1.136,2144,6.492,0.175,16,0.167,*gʷi̯eh₃-
1117,eat,4.398,1896,6.492,0.677,16,0.167,*u̯elg-
1118,eat,1.359,1311,6.492,0.209,16,0.167,NA
1123,egg,7.935,28,7.935,1,20,0,*h₂ōu̯ió-
1124,egg,6.194,769,7.935,0.781,20,0,NA
1125,egg,0.205,7868,7.935,0.026,20,0,NA
1126,egg,2.762,6069,7.935,0.348,20,0,NA
1128,egg,2.105,8147,7.935,0.265,20,0,NA
1130,egg,0.86,2500,7.935,0.108,20,0,*u̯elH-
1143,eye,8.168,211,8.168,1,15,0.333,*h₃ekʷ-
1144,eye,6.489,696,8.168,0.794,15,0.333,*kʷek̑-
1145,eye,2.957,994,8.168,0.362,15,0.333,*leu̯k-
1146,eye,4.42,7477,8.168,0.541,15,0.333,NA
1147,eye,2.776,1700,8.168,0.34,15,0.333,*seh₂-u̯l̥-
1148,eye,5.423,3305,8.168,0.664,15,0.333,?*sekʷ-
1158,fall,2.744,1126,6.516,0.421,42,0.062,*ped-
1159,fall,6.516,7561,6.516,1,42,0.062,*pet-
1160,fall,4.349,212,6.516,0.667,42,0.062,*h₃elh₁-
1161,fall,5.004,872,6.516,0.768,42,0.062,*k̑ad-
1162,fall,4.267,697,6.516,0.655,42,0.062,*(s)kep-
1163,fall,2.931,2619,6.516,0.45,42,0.062,NA
1164,fall,1.977,995,6.516,0.303,42,0.062,NA
1165,fall,2.776,1701,6.516,0.426,42,0.062,*(s)teu̯d-
1166,fall,2.514,1392,6.516,0.386,42,0.062,NA
1167,fall,2.858,2621,6.516,0.439,42,0.062,*kret-
1168,fall,2.752,388,6.516,0.422,42,0.062,*bʰerH-
1170,fall,2.664,7202,6.516,0.409,42,0.062,NA
1171,fall,1.136,6477,6.516,0.174,42,0.062,NA
1172,fall,2.606,3348,6.516,0.4,42,0.062,*sengʷ- ‎ 
1173,fall,0.757,3216,6.516,0.116,42,0.062,NA
1174,fall,1.51,2066,6.516,0.232,42,0.062,*h₃reu̯-
1200,far,7.171,771,7.171,1,23,0.133,*du̯eh₂-
1201,far,3.473,6505,7.171,0.484,23,0.133,?*delh₁-
1202,far,4.22,7345,7.171,0.589,23,0.133,*per-
1203,far,2.957,996,7.171,0.412,23,0.133,NA
1204,far,2.776,2256,7.171,0.387,23,0.133,NA
1205,far,3.172,1477,7.171,0.442,23,0.133,*meh₂k̑-
1206,far,2.858,1853,7.171,0.399,23,0.133,*teh₂li-
1207,far,0.849,1442,7.171,0.118,23,0.133,NA
1208,far,2.752,389,7.171,0.384,23,0.133,NA
1209,far,2.553,6803,7.171,0.356,23,0.133,*perh₃-
1210,far,0.935,6167,7.171,0.13,23,0.133,NA
1211,far,2.778,5973,7.171,0.387,23,0.133,NA
1212,far,0.757,3212,7.171,0.106,23,0.133,*terh₂-
1213,far,2.664,2623,7.171,0.371,23,0.133,NA
1214,far,1.295,2258,7.171,0.181,23,0.133,*sle⁽g̑⁾-
1223,fear,6.317,699,6.489,0.973,38,0.111,*bʰei̯h₂-
1224,fear,3.058,2259,6.489,0.471,38,0.111,*der-
1225,fear,3.685,1312,6.489,0.568,38,0.111,*preK-
1226,fear,2.176,8513,6.489,0.335,38,0.111,*trem-
1227,fear,2.173,3912,6.489,0.335,38,0.111,*du̯ei̯-
1229,fear,6.489,5059,6.489,1,38,0.111,*tres-
1230,fear,5.304,1479,6.489,0.817,38,0.111,*bʰegʷ-
1231,fear,2.957,2146,6.489,0.456,38,0.111,NA
1232,fear,4.931,874,6.489,0.76,38,0.111,NA
1233,fear,2.125,6379,6.489,0.327,38,0.111,*peu̯-
1234,fear,2.587,1368,6.489,0.399,38,0.111,NA
1235,fear,1.229,6875,6.489,0.189,38,0.111,*h₂emg̑ʰ-
1236,fear,1.407,4921,6.489,0.217,38,0.111,NA
1237,fear,1.573,6378,6.489,0.242,38,0.111,NA
1238,fear,0.225,5542,6.489,0.035,38,0.111,NA
1239,fear,2.773,2627,6.489,0.427,38,0.111,*gelH-
1240,fear,2.553,6699,6.489,0.393,38,0.111,NA
1241,fear,1.108,6003,6.489,0.171,38,0.111,NA
1261,feather,5.334,7563,5.334,1,22,0.2,*pet-
1262,feather,5.125,700,5.334,0.961,22,0.2,*(s)per-
1263,feather,4.808,999,5.334,0.901,22,0.2,*pleu̯-
1264,feather,2.957,5546,5.334,0.554,22,0.2,NA
1265,feather,4.26,1643,5.334,0.799,22,0.2,NA
1266,feather,2.606,9625,5.334,0.489,22,0.2,NA
1267,feather,2.752,7938,5.334,0.516,22,0.2,NA
1269,feather,0.864,6688,5.334,0.162,22,0.2,NA
1270,feather,0.757,3254,5.334,0.142,22,0.2,NA
1271,feather,2.27,1703,5.334,0.426,22,0.2,NA
1283,fight,4.335,2632,4.335,1,62,0,*Hi̯eu̯dʰ-
1284,fight,2.744,1201,4.335,0.633,62,0,*bʰerH-
1286,fight,2.839,2638,4.335,0.655,62,0,NA
1287,fight,3.362,218,4.335,0.776,62,0,*pek̑-
1288,fight,2.611,2267,4.335,0.602,62,0,?*slak-
1289,fight,3.297,2637,4.335,0.761,62,0,*leu̯⁽g̑⁾-
1290,fight,3.844,773,4.335,0.887,62,0,NA
1291,fight,3.402,4490,4.335,0.785,62,0,NA
1292,fight,1.696,1481,4.335,0.391,62,0,*pelh₂-
1293,fight,2.752,6303,4.335,0.635,62,0,NA
1294,fight,0.958,4994,4.335,0.221,62,0,NA
1295,fight,1.202,1130,4.335,0.277,62,0,*bʰei̯H-
1296,fight,1.168,1091,4.335,0.269,62,0,*(s)kend-
1297,fight,3.757,9639,4.335,0.867,62,0,NA
1300,fight,0.444,7017,4.335,0.102,62,0,NA
1301,fight,0.77,4996,4.335,0.178,62,0,*u̯ei̯h₁-
1302,fight,2.778,4897,4.335,0.641,62,0,NA
1303,fight,1.108,3350,4.335,0.255,62,0,NA
1304,fight,0.757,3253,4.335,0.175,62,0,NA
1305,fight,0.86,2636,4.335,0.198,62,0,NA
1306,fight,4.113,2634,4.335,0.949,62,0,?*pert-
1307,fight,2.845,2148,4.335,0.656,62,0,NA
1308,fight,0.432,1313,4.335,0.1,62,0,NA
1345,fire,7.034,219,7.034,1,23,0.091,"*péh₂-u̯r̥, *ph₂-u̯én-"
1346,fire,5.726,774,7.034,0.814,23,0.091,*h₁n̥gni-
1347,fire,6.591,6119,7.034,0.937,23,0.091,*Hengl-
1348,fire,4.568,877,7.034,0.649,23,0.091,NA
1349,fire,6.489,1957,7.034,0.923,23,0.091,*h₂eh₁-
1350,fire,5.219,1001,7.034,0.742,23,0.091,*tep-
1351,fire,2.909,5556,7.034,0.414,23,0.091,NA
1352,fire,2.611,1314,7.034,0.371,23,0.091,NA
1353,fire,1.967,1482,7.034,0.28,23,0.091,*bʰeh₂-
1354,fire,2.752,396,7.034,0.391,23,0.091,*gʷʰer-
1355,fire,1.108,5348,7.034,0.157,23,0.091,NA
1368,fish,6.9,220,7.133,0.967,13,0,*pisk-
1369,fish,7.133,703,7.133,1,13,0,NA
1370,fish,4.505,589,7.133,0.632,13,0,*dʰg̑ʰuH-
1371,fish,2.745,1131,7.133,0.385,13,0,NA
1372,fish,3.17,7525,7.133,0.444,13,0,*h₁ep-
1373,fish,1.977,4362,7.133,0.277,13,0,NA
1374,fish,2.752,5293,7.133,0.386,13,0,NA
1375,fish,3.916,38,7.133,0.549,13,0,NA
1376,fish,1.136,9641,7.133,0.159,13,0,NA
1377,fish,0.757,3225,7.133,0.106,13,0,NA
1383,flower,6.989,223,6.989,1,27,0.067,*bʰleh₃-
1384,flower,6.591,2642,6.989,0.943,27,0.067,NA
1385,flower,2.745,1133,6.989,0.393,27,0.067,*k̑u̯ei̯t-
1386,flower,5.46,41,6.989,0.781,27,0.067,NA
1387,flower,4.26,704,6.989,0.61,27,0.067,NA
1388,flower,3.161,5307,6.989,0.452,27,0.067,NA
1389,flower,5.188,3396,6.989,0.742,27,0.067,*sp⁽ʰ⁾erh₂g-
1390,flower,5.304,2644,6.989,0.759,27,0.067,*h₂endʰ-
1391,flower,2.606,3351,6.989,0.373,27,0.067,NA
1392,flower,2.752,399,6.989,0.394,27,0.067,NA
1393,flower,0.225,7753,6.989,0.032,27,0.067,NA
1394,flower,0.864,6351,6.989,0.124,27,0.067,NA
1395,flower,0.757,3231,6.989,0.108,27,0.067,NA
1396,flower,0.864,2643,6.989,0.124,27,0.067,NA
1397,flower,2.664,2641,6.989,0.381,27,0.067,NA
1410,fly,6.101,5031,7.17,0.851,45,0.042,*mus-
1411,fly,7.17,5038,7.17,1,45,0.042,NA
1412,fly,4.349,5414,7.17,0.607,45,0.042,?*pleu̯k-
1413,fly,5.219,6532,7.17,0.728,45,0.042,*⁽k̑⁾u(H)-
1414,fly,3.214,8164,7.17,0.448,45,0.042,NA
1415,fly,2.321,7032,7.17,0.324,45,0.042,?*muH-
1416,fly,0.444,6665,7.17,0.062,45,0.042,*tu̯er-
1417,fly,2.606,5958,7.17,0.363,45,0.042,NA
1418,fly,0.757,7161,7.17,0.106,45,0.042,NA
1419,fly,1.136,6533,7.17,0.158,45,0.042,*kʷr̥mi-
1420,fly,2.455,6117,7.17,0.342,45,0.042,NA
1427,fly,6.406,1486,7.17,0.893,45,0.042,*pet-
1429,fly,2.745,1134,7.17,0.383,45,0.042,NA
1430,fly,4.349,224,7.17,0.607,45,0.042,?*pleu̯k-
1431,fly,5.004,880,7.17,0.698,45,0.042,NA
1432,fly,5.729,776,7.17,0.799,45,0.042,NA
1433,fly,2.962,9162,7.17,0.413,45,0.042,*(s)per-
1434,fly,5.727,1993,7.17,0.799,45,0.042,*u̯eg̑ʰ-
1435,fly,1.977,1005,7.17,0.276,45,0.042,*(s)neh₂-
1436,fly,2.268,9158,7.17,0.316,45,0.042,NA
1437,fly,2.153,6759,7.17,0.3,45,0.042,*dreh₂-
1438,fly,1.462,9159,7.17,0.204,45,0.042,*bʰeh₂g̑ʰu-
1439,fly,0.757,3259,7.17,0.106,45,0.042,*tekʷ-
1440,fly,0.759,400,7.17,0.106,45,0.042,NA
1455,fog,6.282,42,6.282,1,41,0,*h₃mei̯gʰ-
1456,fog,4.871,2150,6.282,0.775,41,0,*nebʰ-
1457,fog,2.055,1604,6.282,0.327,41,0,*dʰu̯eh₂-
1458,fog,3.605,1663,6.282,0.574,41,0,NA
1459,fog,2.597,1315,6.282,0.413,41,0,NA
1460,fog,2.776,1707,6.282,0.442,41,0,NA
1461,fog,2.957,9626,6.282,0.471,41,0,NA
1462,fog,2.752,8286,6.282,0.438,41,0,NA
1463,fog,1.182,4967,6.282,0.188,41,0,NA
1464,fog,2.176,1394,6.282,0.346,41,0,NA
1465,fog,1.152,6710,6.282,0.183,41,0,NA
1466,fog,0.935,6190,6.282,0.149,41,0,NA
1467,fog,0.77,4828,6.282,0.123,41,0,*kerH-
1468,fog,1.574,2278,6.282,0.251,41,0,NA
1496,foot,8.174,225,8.174,1,17,0.125,*ped-
1497,foot,5.227,1252,8.174,0.64,17,0.125,*h₃neg⁽ʷ⁾ʰ-
1498,foot,4.165,1007,8.174,0.51,17,0.125,NA
1499,foot,2.762,9866,8.174,0.338,17,0.125,NA
1500,foot,5.198,2789,8.174,0.636,17,0.125,*kok̑s-
1501,foot,2.858,1856,8.174,0.35,17,0.125,NA
1502,foot,2.752,402,8.174,0.337,17,0.125,NA
1503,foot,0.757,3217,8.174,0.093,17,0.125,NA
1514,forest,2.745,1250,5.857,0.469,43,0.05,NA
1515,forest,3.355,347,5.857,0.573,43,0.05,NA
1516,forest,3.465,3130,5.857,0.592,43,0.05,*u̯elH-
1517,forest,2.611,1338,5.857,0.446,43,0.05,NA
1518,forest,2.957,1087,5.857,0.505,43,0.05,NA
1519,forest,4.118,171,5.857,0.703,43,0.05,NA
1520,forest,5.857,3135,5.857,1,43,0.05,NA
1521,forest,2.776,6535,5.857,0.474,43,0.05,NA
1522,forest,0.817,5795,5.857,0.139,43,0.05,NA
1523,forest,4.304,4622,5.857,0.735,43,0.05,NA
1524,forest,1.703,3137,5.857,0.291,43,0.05,NA
1525,forest,3.107,1569,5.857,0.53,43,0.05,NA
1526,forest,4.462,1194,5.857,0.762,43,0.05,*medʰ-
1527,forest,2.606,672,5.857,0.445,43,0.05,NA
1528,forest,0.302,9644,5.857,0.052,43,0.05,NA
1529,forest,1.767,8171,5.857,0.302,43,0.05,NA
1531,forest,2.778,4912,5.857,0.474,43,0.05,NA
1532,forest,0.757,3197,5.857,0.129,43,0.05,NA
1534,forest,2.664,3132,5.857,0.455,43,0.05,NA
1535,forest,0.759,514,5.857,0.13,43,0.05,NA
1556,four,7.747,44,7.747,1,5,1,"*kʷetu̯or-, *kʷ(e)tu̯r̥-, *kʷ(e)tur-"
1557,four,5.423,3309,7.747,0.7,5,1,?*meh₁-
1561,freeze,6.644,226,6.644,1,32,0,*preu̯s-
1562,freeze,2.745,403,6.644,0.413,32,0,*merg̑⁽ʰ⁾-
1563,freeze,5.126,1857,6.644,0.772,32,0,*k̑elH-
1565,freeze,4.684,881,6.644,0.705,32,0,*⁽g̑⁾el-
1566,freeze,5.954,45,6.644,0.896,32,0,NA
1567,freeze,5.304,2667,6.644,0.798,32,0,*peh₂g̑-
1568,freeze,2.818,777,6.644,0.424,32,0,NA
1569,freeze,2.553,3170,6.644,0.384,32,0,NA
1570,freeze,4.388,7587,6.644,0.66,32,0,NA
1571,freeze,2.606,592,6.644,0.392,32,0,*k̑ers-
1572,freeze,0.441,9867,6.644,0.066,32,0,NA
1574,freeze,0.77,6536,6.644,0.116,32,0,NA
1575,freeze,1.835,4485,6.644,0.276,32,0,NA
1576,freeze,2.274,4344,6.644,0.342,32,0,NA
1593,fruit,0.86,9645,5.341,0.161,39,0,*h₂eu̯g-
1594,fruit,5.004,227,5.341,0.937,39,0,*bʰreu̯H⁽g̑⁾-
1595,fruit,5.341,778,5.341,1,39,0,NA
1596,fruit,3.375,46,5.341,0.632,39,0,NA
1597,fruit,2.55,6879,5.341,0.477,39,0,NA
1598,fruit,2.697,5137,5.341,0.505,39,0,*sed-
1599,fruit,2.957,4364,5.341,0.554,39,0,NA
1600,fruit,5.27,2654,5.341,0.987,39,0,*(s)kerp-
1601,fruit,4.798,3612,5.341,0.898,39,0,*bʰer-
1602,fruit,3.45,1136,5.341,0.646,39,0,*h₁ed-
1603,fruit,0.45,6764,5.341,0.084,39,0,NA
1604,fruit,3.093,5301,5.341,0.579,39,0,NA
1605,fruit,1.797,6538,5.341,0.336,39,0,*med-
1606,fruit,2.752,5573,5.341,0.515,39,0,NA
1607,fruit,2.606,3948,5.341,0.488,39,0,NA
1609,fruit,4.391,1900,5.341,0.822,39,0,*u̯ei̯s-
1610,fruit,2.268,1708,5.341,0.425,39,0,*ret-
1632,full,7.152,2235,7.152,1,14,0.2,*pleh₁-
1633,full,4.357,7361,7.152,0.609,14,0.2,*bʰer-
1634,full,3.17,4123,7.152,0.443,14,0.2,*gem-
1635,full,0.757,7164,7.152,0.106,14,0.2,NA
1636,full,2.664,5459,7.152,0.372,14,0.2,NA
1646,give,6.901,405,6.901,1,14,0.25,*deh₃-
1647,give,4.349,228,6.901,0.63,14,0.25,*gʰebʰ-
1648,give,2.957,1010,6.901,0.429,14,0.25,NA
1649,give,4.243,1709,6.901,0.615,14,0.25,*bʰer-
1650,give,2.776,9784,6.901,0.402,14,0.25,*bʰer-
1651,give,2.664,7599,6.901,0.386,14,0.25,?*h₂ei̯-
1652,give,5.423,7598,6.901,0.786,14,0.25,?*h₁ai̯-
1653,give,0.759,3824,6.901,0.11,14,0.25,*h₁ep-
1660,go,6.719,7567,6.719,1,28,0.071,*h₁ei̯-
1661,go,3.269,5152,6.719,0.486,28,0.071,*h₂eg̑-
1663,go,6.489,5021,6.719,0.966,28,0.071,*kʷi̯eu̯-
1664,go,3.355,6492,6.719,0.499,28,0.071,*u̯eh₂dʰ-
1665,go,4.172,5432,6.719,0.621,28,0.071,*⁽g̑⁾ʰeh₁-
1666,go,5.341,6655,6.719,0.795,28,0.071,*(H)i̯eh₂-
1667,go,2.597,6659,6.719,0.386,28,0.071,NA
1668,go,1.557,6903,6.719,0.232,28,0.071,*per-
1669,go,2.125,6550,6.719,0.316,28,0.071,*menH-
1670,go,1.054,5213,6.719,0.157,28,0.071,*sed-
1672,go,2.455,8743,6.719,0.365,28,0.071,NA
1674,go,2.26,6551,6.719,0.336,28,0.071,*stei̯gʰ-
1675,go,2.606,5947,6.719,0.388,28,0.071,NA
1676,go,2.778,5151,6.719,0.413,28,0.071,*h₁er-
1688,good,3.812,3312,5.219,0.73,48,0.095,*h₁u̯es-
1689,good,5.004,883,5.219,0.959,48,0.095,NA
1690,good,4.349,229,5.219,0.833,48,0.095,?*gʰedʰ-
1691,good,2.745,1137,5.219,0.526,48,0.095,*dʰeHbʰ-
1692,good,5.219,1011,5.219,1,48,0.095,*meh₂-
1693,good,3.154,1959,5.219,0.604,48,0.095,NA
1694,good,3.17,1489,5.219,0.607,48,0.095,NA
1695,good,3.249,1994,5.219,0.623,48,0.095,NA
1696,good,4.185,2151,5.219,0.802,48,0.095,NA
1697,good,3.527,3602,5.219,0.676,48,0.095,NA
1698,good,1.835,3946,5.219,0.352,48,0.095,NA
1699,good,4.183,3391,5.219,0.801,48,0.095,*k̑rei̯H-
1700,good,4.462,678,5.219,0.855,48,0.095,NA
1701,good,2.752,406,5.219,0.527,48,0.095,NA
1702,good,2.606,8081,5.219,0.499,48,0.095,NA
1703,good,0.225,7755,5.219,0.043,48,0.095,NA
1704,good,1.032,4807,5.219,0.198,48,0.095,NA
1706,good,2.778,4118,5.219,0.532,48,0.095,NA
1707,good,0.441,3818,5.219,0.085,48,0.095,NA
1708,good,2.664,3164,5.219,0.51,48,0.095,NA
1709,good,1.029,2283,5.219,0.197,48,0.095,NA
1736,grass,2.861,1576,6.24,0.458,27,0.062,*g̑elh₃-
1737,grass,4.349,230,6.24,0.697,27,0.062,NA
1738,grass,2.744,1138,6.24,0.44,27,0.062,*treu̯H-
1739,grass,4.978,884,6.24,0.798,27,0.062,NA
1740,grass,6.24,6322,6.24,1,27,0.062,NA
1741,grass,2.957,1092,6.24,0.474,27,0.062,NA
1742,grass,6.221,48,6.24,0.997,27,0.062,NA
1743,grass,4.312,5221,6.24,0.691,27,0.062,NA
1744,grass,5.304,1490,6.24,0.85,27,0.062,*gʰer-
1745,grass,5.372,6650,6.24,0.861,27,0.062,*i̯eu̯-
1746,grass,2.776,1710,6.24,0.445,27,0.062,NA
1747,grass,4.977,4396,6.24,0.798,27,0.062,*tr̥no-
1748,grass,2.606,593,6.24,0.418,27,0.062,NA
1749,grass,2.752,407,6.24,0.441,27,0.062,?*bʰar(s)-
1751,grass,0.757,3263,6.24,0.121,27,0.062,*(s)kert-
1752,grass,2.664,2670,6.24,0.427,27,0.062,NA
1763,green,7.391,6332,7.391,1,26,0.091,*g̑ʰelh₃-
1765,green,5.004,885,7.391,0.677,26,0.091,NA
1766,green,4.349,231,7.391,0.588,26,0.091,NA
1767,green,3.296,705,7.391,0.446,26,0.091,NA
1768,green,3.17,1491,7.391,0.429,26,0.091,NA
1769,green,2.375,4931,7.391,0.321,26,0.091,NA
1770,green,2.762,4506,7.391,0.374,26,0.091,NA
1771,green,4.631,4505,7.391,0.627,26,0.091,NA
1772,green,2.606,594,7.391,0.353,26,0.091,NA
1773,green,5.423,3313,7.391,0.734,26,0.091,NA
1774,green,0.757,3284,7.391,0.102,26,0.091,NA
1789,grind,7.246,5112,7.459,0.972,21,0.143,*melh₂-
1790,grind,7.459,5032,7.459,1,21,0.143,*h₂leh₁-
1791,grind,6.591,6111,7.459,0.884,21,0.143,*pei̯s-
1792,grind,4.918,6385,7.459,0.659,21,0.143,NA
1793,grind,0.757,7152,7.459,0.102,21,0.143,NA
1795,grind,0.759,6305,7.459,0.102,21,0.143,NA
1796,grind,2.294,5229,7.459,0.308,21,0.143,NA
1810,hair,5.437,1202,5.794,0.938,42,0,*u̯elk̑-
1811,hair,3.696,7233,5.794,0.638,42,0,NA
1812,hair,4.029,9647,5.794,0.695,42,0,NA
1813,hair,4.658,887,5.794,0.804,42,0,NA
1814,hair,2.964,1997,5.794,0.512,42,0,NA
1815,hair,5.219,8242,5.794,0.901,42,0,NA
1816,hair,2.776,3153,5.794,0.479,42,0,NA
1817,hair,5.794,2290,5.794,1,42,0,NA
1818,hair,3.17,1492,5.794,0.547,42,0,NA
1819,hair,2.811,1013,5.794,0.485,42,0,NA
1820,hair,2.465,781,5.794,0.425,42,0,NA
1821,hair,1.407,8240,5.794,0.243,42,0,*kes-
1822,hair,0.444,9868,5.794,0.077,42,0,NA
1823,hair,2.091,9239,5.794,0.361,42,0,NA
1824,hair,2.778,4119,5.794,0.479,42,0,NA
1825,hair,2.606,596,5.794,0.45,42,0,NA
1826,hair,2.333,9347,5.794,0.403,42,0,*pek̑- 
1827,hair,1.835,7367,5.794,0.317,42,0,*kseu̯-
1828,hair,0.757,7147,5.794,0.131,42,0,NA
1829,hair,0.759,3825,5.794,0.131,42,0,NA
1830,hair,0.86,2289,5.794,0.148,42,0,*meh₁-
1852,hand,8.138,411,8.138,1,11,0.143,*g̑ʰes-
1853,hand,5.521,1141,8.138,0.678,11,0.143,NA
1854,hand,5.004,888,8.138,0.615,11,0.143,*men-
1855,hand,4.349,234,8.138,0.534,11,0.143,NA
1856,hand,5.219,1712,8.138,0.641,11,0.143,*pleh₂-
1857,hand,2.523,1014,8.138,0.31,11,0.143,NA
1858,hand,0.757,3273,8.138,0.093,11,0.143,NA
1863,hard,4.569,5040,4.569,1,40,0,*du̯eh₂-
1864,hard,4.238,6615,4.569,0.928,40,0,*stembʰH-
1866,hard,4.349,5449,4.569,0.952,40,0,*(s)kert-
1867,hard,2.745,5139,4.569,0.601,40,0,*tu̯erH-
1868,hard,2.957,7235,4.569,0.647,40,0,*k̑elH-
1869,hard,3.368,5030,4.569,0.737,40,0,*(s)kelh₁-
1870,hard,2.023,6397,4.569,0.443,40,0,NA
1871,hard,2.776,6673,4.569,0.608,40,0,NA
1872,hard,0.441,9869,4.569,0.097,40,0,NA
1873,hard,3.475,7569,4.569,0.761,40,0,NA
1874,hard,2.858,6337,4.569,0.626,40,0,NA
1877,hard,0.225,7770,4.569,0.049,40,0,*i̯o-
1879,hard,0.757,7166,4.569,0.166,40,0,NA
1881,hard,0.759,6306,4.569,0.166,40,0,NA
1882,hard,4.12,6061,4.569,0.902,40,0,*steh₂-
1883,hard,2.606,5949,4.569,0.57,40,0,NA
1884,hard,3.31,5903,4.569,0.724,40,0,NA
1903,head,6.429,53,6.429,1,28,0,*k̑er-
1904,head,6.179,6432,6.429,0.961,28,0,*kap-
1905,head,5.521,1142,6.429,0.859,28,0,*golH-u̯eh₂-
1907,head,5.219,1015,6.429,0.812,28,0,NA
1908,head,5.203,1494,6.429,0.809,28,0,*gʰebʰh₂l-
1909,head,2.14,3582,6.429,0.333,28,0,NA
1910,head,1.55,3171,6.429,0.241,28,0,NA
1911,head,2.606,8243,6.429,0.405,28,0,NA
1912,head,0.849,3857,6.429,0.132,28,0,NA
1913,head,3.653,2292,6.429,0.568,28,0,NA
1915,head,1.51,2069,6.429,0.235,28,0,NA
1931,hear,5.742,598,5.742,1,26,0.125,*k̑leu̯-
1932,hear,5.334,237,5.742,0.929,26,0.125,*h₂keu̯s-
1933,hear,5.374,8278,5.742,0.936,26,0.125,*k̑leu̯s-
1934,hear,5.652,7236,5.742,0.984,26,0.125,NA
1935,hear,4.699,708,5.742,0.818,26,0.125,*ksneu̯-
1936,hear,2.739,4958,5.742,0.477,26,0.125,*(s)keu̯h₁-
1937,hear,5.004,890,5.742,0.871,26,0.125,?*h₂u̯ei̯s-
1938,hear,4.249,3393,5.742,0.74,26,0.125,NA
1939,hear,1.918,8244,5.742,0.334,26,0.125,*sent-
1940,hear,1.524,2296,5.742,0.265,26,0.125,NA
1941,hear,2.858,1859,5.742,0.498,26,0.125,*g⁽ʷ⁾erdʰ-
1942,hear,0.441,9870,5.742,0.077,26,0.125,NA
1943,hear,1.723,8188,5.742,0.3,26,0.125,NA
1944,hear,3.311,4508,5.742,0.577,26,0.125,*bʰeu̯dʰ-
1945,hear,5.423,4381,5.742,0.944,26,0.125,*steh₃-
1946,hear,0.759,414,5.742,0.132,26,0.125,NA
1957,heart,6.99,6458,6.99,1,12,0.333,*k̑erd-
1958,heart,2.957,1016,6.99,0.423,12,0.333,NA
1959,heart,2.752,415,6.99,0.394,12,0.333,NA
1960,heart,2.553,6700,6.99,0.365,12,0.333,*h₂enh₁-
1961,heart,2.664,2298,6.99,0.381,12,0.333,NA
1962,heart,0.77,1933,6.99,0.11,12,0.333,*h₁enter-
1969,heavy,5.412,6470,5.412,1,35,0.059,*gʷerh₂-
1970,heavy,2.831,1143,5.412,0.523,35,0.059,*tengʰ-
1972,heavy,2.283,238,5.412,0.422,35,0.059,*su̯er(H)-
1973,heavy,3.403,782,5.412,0.629,35,0.059,?*(s)pend-
1974,heavy,3.645,4519,5.412,0.673,35,0.059,*bʰer-
1975,heavy,3.263,3580,5.412,0.603,35,0.059,*h₂ek̑-
1976,heavy,5.219,1713,5.412,0.964,35,0.059,*treu̯d-
1977,heavy,2.174,2688,5.412,0.402,35,0.059,NA
1978,heavy,1.168,1017,5.412,0.216,35,0.059,NA
1979,heavy,2.606,599,5.412,0.482,35,0.059,NA
1980,heavy,1.531,8193,5.412,0.283,35,0.059,NA
1982,heavy,1.152,6848,5.412,0.213,35,0.059,*bʰaski-
1983,heavy,1.365,4389,5.412,0.252,35,0.059,NA
1984,heavy,2.762,3847,5.412,0.51,35,0.059,NA
1985,heavy,0.757,1961,5.412,0.14,35,0.059,NA
1986,heavy,2.294,1348,5.412,0.424,35,0.059,*keh₂p-
1987,heavy,0.759,416,5.412,0.14,35,0.059,NA
2004,hide,3.582,6675,6.113,0.586,57,0.042,*k̑el-
2005,hide,6.113,8393,6.113,1,57,0.042,NA
2006,hide,5.004,5431,6.113,0.819,57,0.042,*dʰeh₁-
2007,hide,2.745,5275,6.113,0.449,57,0.042,*kreu̯H-
2008,hide,2.732,5182,6.113,0.447,57,0.042,*(s)keu̯h₁-
2009,hide,5.304,5028,6.113,0.868,57,0.042,NA
2010,hide,2.957,8434,6.113,0.484,57,0.042,*keu̯dʰ-
2011,hide,2.611,8390,6.113,0.427,57,0.042,NA
2012,hide,1.773,6526,6.113,0.29,57,0.042,*h₂eg̑- 
2013,hide,2.035,6134,6.113,0.333,57,0.042,NA
2014,hide,3.651,7376,6.113,0.597,57,0.042,NA
2015,hide,1.759,6909,6.113,0.288,57,0.042,NA
2016,hide,4.189,8391,6.113,0.685,57,0.042,?*gʰeu̯dʰ-
2017,hide,2.773,6674,6.113,0.454,57,0.042,NA
2018,hide,0.414,5454,6.113,0.068,57,0.042,*(s)tei̯g-
2019,hide,3.757,8758,6.113,0.615,57,0.042,NA
2020,hide,0.441,7192,6.113,0.072,57,0.042,NA
2021,hide,2.664,7116,6.113,0.436,57,0.042,NA
2023,hide,1.09,6937,6.113,0.178,57,0.042,?*bʰergʰ-
2024,hide,1.152,6711,6.113,0.188,57,0.042,NA
2025,hide,2.885,6338,6.113,0.472,57,0.042,NA
2026,hide,0.759,6311,6.113,0.124,57,0.042,?*(s)kep-
2027,hide,2.606,5959,6.113,0.426,57,0.042,*pteh₂k-
2028,hide,1.491,5208,6.113,0.244,57,0.042,NA
2061,hit,6.423,1998,6.423,1,53,0.1,*gʷʰen-
2062,hit,2.778,7794,6.423,0.433,53,0.1,*(s)teu̯p-
2064,hit,2.744,1144,6.423,0.427,53,0.1,*der-
2065,hit,4.349,2707,6.423,0.677,53,0.1,?*slak-
2066,hit,5.934,8395,6.423,0.924,53,0.1,NA
2067,hit,4.26,712,6.423,0.663,53,0.1,*mer-
2068,hit,3.399,892,6.423,0.529,53,0.1,NA
2069,hit,0.307,2710,6.423,0.048,53,0.1,NA
2070,hit,4.914,2709,6.423,0.765,53,0.1,*bʰerH-
2071,hit,2.892,1019,6.423,0.45,53,0.1,NA
2072,hit,2.762,2712,6.423,0.43,53,0.1,NA
2073,hit,2.773,1715,6.423,0.432,53,0.1,NA
2074,hit,3.107,1577,6.423,0.484,53,0.1,NA
2075,hit,1.366,9555,6.423,0.213,53,0.1,NA
2076,hit,1.403,6527,6.423,0.218,53,0.1,NA
2077,hit,0.757,3210,6.423,0.118,53,0.1,NA
2078,hit,0.86,2706,6.423,0.134,53,0.1,NA
2079,hit,1.027,2703,6.423,0.16,53,0.1,NA
2080,hit,2.664,2701,6.423,0.415,53,0.1,?*kreu̯- 
2081,hit,1.136,2152,6.423,0.177,53,0.1,*terh₁-
2114,horn,8.154,2457,8.154,1,14,0.111,*k̑er-
2115,horn,5.521,2458,8.154,0.677,14,0.111,*(H)regʰ-
2116,horn,3.563,3379,8.154,0.437,14,0.111,NA
2117,horn,2.762,9871,8.154,0.339,14,0.111,NA
2118,horn,2.776,2459,8.154,0.34,14,0.111,NA
2119,horn,2.752,3872,8.154,0.338,14,0.111,*h₃bʰreu̯H-
2120,horn,2.606,3355,8.154,0.32,14,0.111,NA
2121,horn,0.302,6520,8.154,0.037,14,0.111,NA
2122,horn,1.152,6519,8.154,0.141,14,0.111,NA
2128,hot,5.513,333,5.513,1,23,0.1,*gʷʰer-
2129,hot,5.292,6178,5.513,0.96,23,0.1,*tep-
2130,hot,1.136,7276,5.513,0.206,23,0.1,*pekʷ-
2131,hot,5.004,1274,5.513,0.908,23,0.1,*k̑el-
2132,hot,2.558,2385,5.513,0.464,23,0.1,NA
2133,hot,2.858,5902,5.513,0.518,23,0.1,NA
2134,hot,3.172,1561,5.513,0.575,23,0.1,*i̯es-
2135,hot,4.12,6183,5.513,0.747,23,0.1,*h₁eu̯s-
2136,hot,2.664,5463,5.513,0.483,23,0.1,NA
2137,hot,1.108,3374,5.513,0.201,23,0.1,NA
2151,house,3.433,5141,5.785,0.594,38,0.105,*dem-
2152,house,4.083,5022,5.785,0.706,38,0.105,*u̯ei̯k̑-
2153,house,5.341,7578,5.785,0.923,38,0.105,*gʰerdʰ-
2154,house,4.349,5204,5.785,0.752,38,0.105,NA
2155,house,3.642,6340,5.785,0.63,38,0.105,NA
2156,house,5.219,6724,5.785,0.902,38,0.105,*(s)teg-
2157,house,5.785,5223,5.785,1,38,0.105,NA
2158,house,1.574,5224,5.785,0.272,38,0.105,NA
2159,house,3.17,5170,5.785,0.548,38,0.105,NA
2160,house,2.762,9872,5.785,0.477,38,0.105,NA
2161,house,1.407,5211,5.785,0.243,38,0.105,NA
2162,house,2.174,6407,5.785,0.376,38,0.105,*men-
2163,house,0.8,5196,5.785,0.138,38,0.105,NA
2164,house,2.752,6312,5.785,0.476,38,0.105,NA
2165,house,0.757,7137,5.785,0.131,38,0.105,NA
2166,house,2.664,7112,5.785,0.46,38,0.105,*u̯ā̆stu-
2167,house,5.423,5270,5.785,0.937,38,0.105,NA
2168,house,2.185,5189,5.785,0.378,38,0.105,NA
2170,house,2.111,5142,5.785,0.365,38,0.105,*u̯eg̑ʰ-
2189,hunt,4.566,1369,5.563,0.821,39,0,*u̯ei̯h₁-
2190,hunt,0.77,1298,5.563,0.138,39,0,*gʷʰen-
2191,hunt,4.716,894,5.563,0.848,39,0,*keh₂p-
2192,hunt,2.347,1145,5.563,0.422,39,0,*leh₂u̯-
2193,hunt,1.775,243,5.563,0.319,39,0,NA
2194,hunt,5.219,1716,5.563,0.938,39,0,*selg̑-
2195,hunt,5.563,60,5.563,1,39,0,NA
2196,hunt,1.319,4527,5.563,0.237,39,0,*pleh₂-
2197,hunt,2.143,1498,5.563,0.385,39,0,*h₂eg̑-
2198,hunt,1.941,6773,5.563,0.349,39,0,NA
2199,hunt,1.941,2062,5.563,0.349,39,0,NA
2200,hunt,2.858,1860,5.563,0.514,39,0,*medʰ-
2201,hunt,2.606,603,5.563,0.468,39,0,NA
2202,hunt,0.117,9973,5.563,0.021,39,0,NA
2203,hunt,1.812,9188,5.563,0.326,39,0,NA
2205,hunt,3.802,8990,5.563,0.683,39,0,NA
2206,hunt,0.77,4937,5.563,0.138,39,0,NA
2207,hunt,2.778,4900,5.563,0.499,39,0,*g̑ʰu̯eh₁r-
2208,hunt,4.12,4524,5.563,0.741,39,0,NA
2209,hunt,0.757,3220,5.563,0.136,39,0,*kʷi̯eu̯-
2210,hunt,4.059,2722,5.563,0.73,39,0,*u̯enH-
2211,hunt,2.294,1349,5.563,0.412,39,0,NA
2212,hunt,0.759,420,5.563,0.136,39,0,NA
2228,ice,5.219,2741,6.489,0.804,31,0.067,*i̯eg̑-
2229,ice,5.521,1146,6.489,0.851,31,0.067,NA
2230,ice,4.349,245,6.489,0.67,31,0.067,NA
2231,ice,6.489,5932,6.489,1,31,0.067,NA
2232,ice,5.004,895,6.489,0.771,31,0.067,NA
2233,ice,3.17,1500,6.489,0.489,31,0.067,*peh₂g̑-
2234,ice,2.176,6560,6.489,0.335,31,0.067,*⁽g̑⁾el-
2235,ice,0.444,9873,6.489,0.068,31,0.067,NA
2236,ice,5.781,4547,6.489,0.891,31,0.067,NA
2237,ice,1.168,1021,6.489,0.18,31,0.067,NA
2238,ice,2.606,605,6.489,0.402,31,0.067,*k̑ers-
2239,ice,1.391,7953,6.489,0.214,31,0.067,NA
2240,ice,2.753,7310,6.489,0.424,31,0.067,NA
2242,ice,2.778,4901,6.489,0.428,31,0.067,NA
2243,ice,0.759,422,6.489,0.117,31,0.067,NA
2259,kill,7.578,3551,7.578,1,34,0.1,*gʷʰen-
2260,kill,6.26,788,7.578,0.826,34,0.1,*mer-
2261,kill,3.6,9446,7.578,0.475,34,0.1,*keh₂u̯-
2262,kill,2.474,2302,7.578,0.327,34,0.1,*gʷelH-
2263,kill,2.778,4902,7.578,0.367,34,0.1,*t⁽k̑⁾en-
2264,kill,2.745,1147,7.578,0.362,34,0.1,*bʰei̯H-
2265,kill,4.349,2305,7.578,0.574,34,0.1,*dʰeu̯-
2266,kill,2.957,1023,7.578,0.39,34,0.1,NA
2267,kill,4.804,2300,7.578,0.634,34,0.1,?*kh₂ei̯d-
2268,kill,3.161,1502,7.578,0.417,34,0.1,*s⁽k̑⁾eh₃-
2269,kill,2.176,897,7.578,0.287,34,0.1,NA
2270,kill,2.609,248,7.578,0.344,34,0.1,NA
2271,kill,1.544,1395,7.578,0.204,34,0.1,NA
2272,kill,2.606,606,7.578,0.344,34,0.1,NA
2273,kill,2.752,425,7.578,0.363,34,0.1,*reu̯H-
2274,kill,2.954,8206,7.578,0.39,34,0.1,NA
2275,kill,0.225,7756,7.578,0.03,34,0.1,*kelh₂-
2276,kill,2.094,4018,7.578,0.276,34,0.1,NA
2277,kill,4.522,3503,7.578,0.597,34,0.1,*h₃erg-
2278,kill,0.799,2301,7.578,0.105,34,0.1,NA
2293,knee,7.886,2456,7.886,1,17,0.2,*g̑enu-
2294,knee,5.487,2786,7.886,0.696,17,0.2,NA
2295,knee,0.757,7169,7.886,0.096,17,0.2,NA
2296,knee,2.036,4558,7.886,0.258,17,0.2,NA
2297,knee,1.835,2791,7.886,0.233,17,0.2,*h₂ost-
2310,know,6.88,2307,6.88,1,21,0.333,*u̯ei̯d-
2311,know,6.43,249,6.88,0.935,21,0.333,*g̑neh₃-
2312,know,5.004,2047,6.88,0.727,21,0.333,*sekH-
2313,know,2.948,898,6.88,0.429,21,0.333,*seh₁p-
2314,know,3.17,2524,6.88,0.461,21,0.333,*u̯reh₁-
2315,know,2.752,426,6.88,0.4,21,0.333,*dʰei̯H-
2316,know,2.753,6774,6.88,0.4,21,0.333,*gʷeh₂-
2317,know,2.664,5113,6.88,0.387,21,0.333,*kers-
2318,know,2.965,3547,6.88,0.431,21,0.333,*gʰrebh₂-
2331,lake,5.397,8246,5.521,0.978,36,0.067,*lek-
2332,lake,5.521,1148,5.521,1,36,0.067,*h₁eg̑ʰ-
2333,lake,5.339,7382,5.521,0.967,36,0.067,*sel-
2334,lake,4.485,1503,5.521,0.812,36,0.067,*lei̯-
2335,lake,0.757,3204,5.521,0.137,36,0.067,NA
2336,lake,4.349,1317,5.521,0.788,36,0.067,NA
2337,lake,2.963,4367,5.521,0.537,36,0.067,NA
2338,lake,1.551,2771,5.521,0.281,36,0.067,NA
2339,lake,2.035,2769,5.521,0.369,36,0.067,NA
2340,lake,1.057,250,5.521,0.192,36,0.067,*mor-i-
2341,lake,1.977,1370,5.521,0.358,36,0.067,*u̯ed-
2342,lake,3.802,2770,5.521,0.689,36,0.067,NA
2343,lake,2.606,607,5.521,0.472,36,0.067,NA
2344,lake,0.225,7757,5.521,0.041,36,0.067,NA
2345,lake,4.267,4030,5.521,0.773,36,0.067,NA
2367,laugh,6.606,68,6.807,0.97,17,0.1,NA
2368,laugh,5.301,1149,6.807,0.779,17,0.1,*smei̯-
2369,laugh,6.807,680,6.807,1,17,0.1,*g̑elh₂-
2370,laugh,5.004,900,6.807,0.735,17,0.1,NA
2371,laugh,4.349,251,6.807,0.639,17,0.1,NA
2372,laugh,6.26,789,6.807,0.92,17,0.1,NA
2373,laugh,2.957,1024,6.807,0.434,17,0.1,*su̯er-
2374,laugh,2.773,1718,6.807,0.407,17,0.1,*g̑ar-
2375,laugh,2.752,428,6.807,0.404,17,0.1,NA
2376,laugh,2.664,2778,6.807,0.391,17,0.1,*gʰer-
2384,leaf,5.327,252,5.39,0.988,23,0.071,*bʰleh₃-
2385,leaf,4.687,7386,5.39,0.87,23,0.071,*(s)per-
2386,leaf,3.494,790,5.39,0.648,23,0.071,*pet-
2387,leaf,2.858,5979,5.39,0.53,23,0.071,NA
2388,leaf,4.495,8247,5.39,0.834,23,0.071,NA
2389,leaf,2.745,1150,5.39,0.509,23,0.071,NA
2390,leaf,5.39,2001,5.39,1,23,0.071,NA
2391,leaf,5.219,1025,5.39,0.968,23,0.071,*dʰalh₁-
2392,leaf,4.349,1861,5.39,0.807,23,0.071,NA
2393,leaf,3.746,7383,5.39,0.695,23,0.071,NA
2394,leaf,2.606,608,5.39,0.484,23,0.071,NA
2395,leaf,1.749,9213,5.39,0.324,23,0.071,NA
2396,leaf,2.553,6565,5.39,0.474,23,0.071,NA
2397,leaf,0.759,3390,5.39,0.141,23,0.071,*gu̯osd- 
2407,left,5.302,2779,5.345,0.992,40,0.048,*(H)seu̯-
2408,left,4.642,1786,5.345,0.869,40,0.048,NA
2409,left,2.745,1151,5.345,0.514,40,0.048,*leh₂-
2410,left,4.349,1318,5.345,0.814,40,0.048,*u̯enH-
2411,left,5.345,7594,5.345,1,40,0.048,NA
2412,left,2.074,717,5.345,0.388,40,0.048,NA
2413,left,5.199,1026,5.345,0.973,40,0.048,*k̑lei̯-
2414,left,1.868,253,5.345,0.35,40,0.048,NA
2415,left,4.843,902,5.345,0.906,40,0.048,NA
2416,left,3.088,2782,5.345,0.578,40,0.048,NA
2417,left,3.172,2780,5.345,0.594,40,0.048,NA
2418,left,2.858,6679,5.345,0.535,40,0.048,NA
2419,left,2.805,1504,5.345,0.525,40,0.048,NA
2420,left,1.24,1396,5.345,0.232,40,0.048,NA
2421,left,2.606,609,5.345,0.488,40,0.048,NA
2422,left,2.141,7628,5.345,0.4,40,0.048,NA
2425,left,2.898,3315,5.345,0.542,40,0.048,*(h₁)ner-
2426,left,0.757,3287,5.345,0.142,40,0.048,NA
2427,left,1.51,2071,5.345,0.282,40,0.048,NA
2428,left,1.136,1907,5.345,0.213,40,0.048,NA
2429,left,0.759,430,5.345,0.142,40,0.048,NA
2447,leg,5.788,2783,5.788,1,34,0,*ped-
2448,leg,5.095,2156,5.788,0.88,34,0,*kok̑s-
2449,leg,2.606,6120,5.788,0.45,34,0,*k̑reu̯H-
2450,leg,2.745,1231,5.788,0.474,34,0,*h₃neg⁽ʷ⁾ʰ-
2451,leg,3.355,1264,5.788,0.58,34,0,NA
2452,leg,4.349,71,5.788,0.751,34,0,NA
2453,leg,1.977,1027,5.788,0.342,34,0,NA
2454,leg,5.737,1649,5.788,0.991,34,0,*g̑ʰengʰ-
2455,leg,1.573,903,5.788,0.272,34,0,*persneh₂-
2456,leg,4.044,2785,5.788,0.699,34,0,*skel-
2457,leg,2.858,1862,5.788,0.494,34,0,NA
2458,leg,0.759,5617,5.788,0.131,34,0,NA
2459,leg,1.808,4586,5.788,0.312,34,0,NA
2460,leg,5,3539,5.788,0.864,34,0,*steh₂-
2461,leg,0.757,3236,5.788,0.131,34,0,NA
2463,leg,1.027,1667,5.788,0.177,34,0,NA
2481,live,7.203,72,7.203,1,19,0.167,*gʷi̯eh₃-
2482,live,4.349,255,7.203,0.604,19,0.167,*lei̯p-
2483,live,2.611,4137,7.203,0.362,19,0.167,*bʰu̯eh₂-
2484,live,1.835,7390,7.203,0.255,19,0.167,NA
2485,live,0.757,3185,7.203,0.105,19,0.167,*kʷelh₁-
2487,live,1.108,611,7.203,0.154,19,0.167,NA
2500,liver,6.328,718,6.328,1,25,0,*(H)i̯ekʷ-r/n-
2501,liver,2.745,1232,6.328,0.434,25,0,*h₁enter-
2502,liver,1.496,1254,6.328,0.236,25,0,*pekʷ-
2503,liver,3.381,905,6.328,0.534,25,0,NA
2504,liver,4.349,256,6.328,0.687,25,0,NA
2505,liver,5.219,1029,6.328,0.825,25,0,NA
2506,liver,4.26,7393,6.328,0.673,25,0,NA
2507,liver,3.172,1505,6.328,0.501,25,0,NA
2508,liver,1.054,7789,6.328,0.167,25,0,*k⁽ʷ⁾ers-
2509,liver,1.011,1153,6.328,0.16,25,0,*dʰrebʰ-
2510,liver,0.759,433,6.328,0.12,25,0,NA
2525,long,6.841,257,6.841,1,15,0.222,?*delh₁-
2526,long,3.528,3381,6.841,0.516,15,0.222,*bʰerg̑ʰ-
2527,long,4.165,1030,6.841,0.609,15,0.222,*seh₁-
2528,long,5.304,1506,6.841,0.775,15,0.222,*meh₂k̑-
2529,long,4.26,793,6.841,0.623,15,0.222,*lembH-
2530,long,2.776,1720,6.841,0.406,15,0.222,NA
2531,long,2.606,613,6.841,0.381,15,0.222,*du̯eh₂-
2532,long,0.302,6414,6.841,0.044,15,0.222,*pleh₁-
2533,long,0.86,2313,6.841,0.126,15,0.222,NA
2540,louse,4.378,8267,6.489,0.675,20,0,?*lū̆-
2541,louse,6.262,7396,6.489,0.965,20,0,NA
2542,louse,5.004,906,6.489,0.771,20,0,*pesd-
2543,louse,2.745,8265,6.489,0.423,20,0,NA
2544,louse,6.489,7522,6.489,1,20,0,NA
2545,louse,5.304,1507,6.489,0.817,20,0,*gʷg̑ʰer-
2546,louse,2.776,1721,6.489,0.428,20,0,*meh₁-
2547,louse,2.858,8266,6.489,0.44,20,0,NA
2548,louse,2.606,614,6.489,0.402,20,0,NA
2549,louse,2.752,435,6.489,0.424,20,0,NA
2560,man,6.022,2316,7.228,0.833,23,0.091,*h₂ner-
2561,man,7.228,1094,7.228,1,23,0.091,*u̯iH-ró-
2562,man,6.856,907,7.228,0.949,23,0.091,"*dʰég̑ʰ-om-, *dʰg̑ʰ-ém-, *dʰg̑ʰ-m-"
2563,man,6.446,76,7.228,0.892,23,0.091,*men-
2564,man,5.242,2322,7.228,0.725,23,0.091,*mer-
2565,man,4.312,8248,7.228,0.597,23,0.091,NA
2566,man,2.09,9214,7.228,0.289,23,0.091,NA
2567,man,2.264,5819,7.228,0.313,23,0.091,NA
2568,man,2.553,6423,7.228,0.353,23,0.091,*bʰarsdʰó-
2570,man,2.664,2327,7.228,0.369,23,0.091,*nek̑-
2572,man,0.757,1964,7.228,0.105,23,0.091,NA
2583,meat,5.898,437,5.898,1,25,0.071,*mē(m)s-
2584,meat,2.762,6775,5.898,0.468,25,0.071,*h₁ed-
2585,meat,5.004,909,5.898,0.848,25,0.071,*(s)kerH-
2586,meat,3.582,78,5.898,0.607,25,0.071,*gʷou̯-
2587,meat,3.423,260,5.898,0.58,25,0.071,NA
2588,meat,5.304,1508,5.898,0.899,25,0.071,*kreu̯h₂-
2589,meat,2.611,1319,5.898,0.443,25,0.071,NA
2590,meat,4.165,1032,5.898,0.706,25,0.071,NA
2591,meat,5.771,3219,5.898,0.978,25,0.071,*pitu-
2592,meat,2.776,1723,5.898,0.471,25,0.071,NA
2593,meat,1.541,2198,5.898,0.261,25,0.071,*gʷi̯eh₃-
2594,meat,2.965,8227,5.898,0.503,25,0.071,NA
2595,meat,0.86,2334,5.898,0.146,25,0.071,NA
2596,meat,1.51,2073,5.898,0.256,25,0.071,NA
2608,moon,7.419,2232,7.419,1,18,0.154,*meh₁-
2609,moon,5.004,2336,7.419,0.674,18,0.154,*leu̯k-
2610,moon,2.957,4969,7.419,0.399,18,0.154,*leu̯⁽g̑⁾-
2611,moon,5.388,2338,7.419,0.726,18,0.154,*(s)kend-
2612,moon,3.17,4126,7.419,0.427,18,0.154,NA
2613,moon,2.752,9780,7.419,0.371,18,0.154,*(s)kend-
2614,moon,4.579,7404,7.419,0.617,18,0.154,*dei̯-
2615,moon,1.28,3296,7.419,0.173,18,0.154,NA
2616,moon,1.384,3295,7.419,0.187,18,0.154,NA
2618,moon,2.778,4127,7.419,0.374,18,0.154,NA
2619,moon,2.776,3294,7.419,0.374,18,0.154,NA
2620,moon,2.69,2337,7.419,0.363,18,0.154,*g̑ʰelh₃-
2621,moon,5.423,2335,7.419,0.731,18,0.154,NA
2626,mountain,6.134,80,6.134,1,33,0.056,*gʷerH-
2627,mountain,5.004,910,6.134,0.816,33,0.056,*men-
2628,mountain,4.481,261,6.134,0.73,33,0.056,*bʰerg̑ʰ-
2629,mountain,2.762,4142,6.134,0.45,33,0.056,NA
2630,mountain,4.33,1965,6.134,0.706,33,0.056,NA
2631,mountain,2.818,2802,6.134,0.459,33,0.056,NA
2632,mountain,2.061,2805,6.134,0.336,33,0.056,*pel-
2633,mountain,3.17,2801,6.134,0.517,33,0.056,NA
2634,mountain,2.455,8250,6.134,0.4,33,0.056,NA
2635,mountain,1.407,2804,6.134,0.229,33,0.056,*pleh₂-
2636,mountain,2.858,1866,6.134,0.466,33,0.056,*kelH-
2637,mountain,2.776,1724,6.134,0.453,33,0.056,NA
2638,mountain,4.044,1509,6.134,0.659,33,0.056,*h₃er-
2639,mountain,2.606,616,6.134,0.425,33,0.056,NA
2640,mountain,2.752,439,6.134,0.449,33,0.056,NA
2641,mountain,1.529,9902,6.134,0.249,33,0.056,NA
2642,mountain,0.757,7171,6.134,0.123,33,0.056,NA
2643,mountain,2.664,2800,6.134,0.434,33,0.056,NA
2659,mouth,6.219,796,6.219,1,36,0.111,*h₃eh₁-
2660,mouth,5.476,8251,6.219,0.88,36,0.111,NA
2661,mouth,2.606,8488,6.219,0.419,36,0.111,?*bʰerH-
2663,mouth,4.349,262,6.219,0.699,36,0.111,NA
2664,mouth,3.355,911,6.219,0.539,36,0.111,NA
2665,mouth,3.496,6016,6.219,0.562,36,0.111,NA
2666,mouth,5.304,1510,6.219,0.853,36,0.111,*steh₃-
2667,mouth,5.079,1034,6.219,0.817,36,0.111,*g̑enu-
2668,mouth,1.932,1233,6.219,0.311,36,0.111,*reu̯H-
2669,mouth,1.924,2004,6.219,0.309,36,0.111,NA
2670,mouth,3.247,6204,6.219,0.522,36,0.111,NA
2671,mouth,0.77,4830,6.219,0.124,36,0.111,?*gʰeu̯bʰ-
2672,mouth,2.773,1725,6.219,0.446,36,0.111,NA
2674,mouth,0.757,7173,6.219,0.122,36,0.111,NA
2675,mouth,2.553,6572,6.219,0.411,36,0.111,NA
2677,mouth,0.759,5636,6.219,0.122,36,0.111,NA
2678,mouth,2.664,2346,6.219,0.428,36,0.111,*g̑ʰeh₁i̯-
2679,mouth,0.86,2340,6.219,0.138,36,0.111,NA
2695,nail,7.886,2268,7.886,1,6,0.333,*h₃neg⁽ʷ⁾ʰ-
2696,nail,2.752,5456,7.886,0.349,6,0.333,NA
2697,nail,4.649,3385,7.886,0.59,6,0.333,*k̑er-
2701,name,7.185,82,7.185,1,5,0.5,*Hneh₃-mn̥
2702,name,2.858,1867,7.185,0.398,5,0.5,*u̯erdʰ-
2706,narrow,7.107,263,7.107,1,31,0,*h₂emg̑ʰ-
2707,narrow,4.954,2807,7.107,0.697,31,0,NA
2708,narrow,3.279,2811,7.107,0.461,31,0,NA
2709,narrow,5.304,1511,7.107,0.746,31,0,NA
2710,narrow,2.611,2814,7.107,0.367,31,0,*trenk-
2711,narrow,0.804,2809,7.107,0.113,31,0,NA
2712,narrow,0.757,3247,7.107,0.107,31,0,*(h₁)ner-
2713,narrow,0.441,9874,7.107,0.062,31,0,NA
2714,narrow,2.606,6121,7.107,0.367,31,0,NA
2715,narrow,2.752,5643,7.107,0.387,31,0,NA
2716,narrow,1.86,4064,7.107,0.262,31,0,*pet-
2717,narrow,2.294,2810,7.107,0.323,31,0,NA
2718,narrow,2.858,2808,7.107,0.402,31,0,NA
2719,narrow,1.672,2806,7.107,0.235,31,0,NA
2720,narrow,4.012,83,7.107,0.565,31,0,*temk-
2722,narrow,1.171,5642,7.107,0.165,31,0,NA
2723,narrow,1.136,1726,7.107,0.16,31,0,NA
2724,narrow,2.783,797,7.107,0.392,31,0,NA
2737,navel,6.082,5026,6.082,1,24,0,*h₃nebʰ-
2739,navel,2.745,5145,6.082,0.451,24,0,NA
2740,navel,2.957,7244,6.082,0.486,24,0,NA
2741,navel,1.93,7411,6.082,0.317,24,0,NA
2742,navel,2.606,5991,6.082,0.429,24,0,NA
2743,navel,0.759,6313,6.082,0.125,24,0,NA
2761,near,2.853,3318,6.075,0.47,41,0,*ned⁽ʰ⁾-
2762,near,2.745,1157,6.075,0.452,41,0,*bʰlei̯g̑-
2763,near,4.349,264,6.075,0.716,41,0,NA
2764,near,6.075,84,6.075,1,41,0,NA
2765,near,5.219,2158,6.075,0.859,41,0,NA
2766,near,3.17,1512,6.075,0.522,41,0,*k̑ent-
2767,near,2.18,1398,6.075,0.359,41,0,NA
2768,near,2.56,1266,6.075,0.421,41,0,"*pr̥-, *pró, *prí"
2769,near,0.995,8259,6.075,0.164,41,0,*sed-
2770,near,3.752,4160,6.075,0.618,41,0,NA
2771,near,2.762,3830,6.075,0.455,41,0,*to-
2772,near,2.028,2822,6.075,0.334,41,0,*u̯ei̯k̑-
2773,near,0.756,2821,6.075,0.124,41,0,NA
2774,near,1.168,1035,6.075,0.192,41,0,NA
2775,near,2.606,618,6.075,0.429,41,0,?*meHd-
2776,near,2.752,442,6.075,0.453,41,0,NA
2777,near,0.302,6521,6.075,0.05,41,0,*pe⁽k̑⁾tu-
2778,near,1.296,6498,6.075,0.213,41,0,NA
2779,near,4.117,4397,6.075,0.678,41,0,*h₂ent-
2780,near,0.864,2820,6.075,0.142,41,0,NA
2781,near,2.778,2816,6.075,0.457,41,0,NA
2782,near,1.465,1610,6.075,0.241,41,0,NA
2802,neck,5.262,1728,5.621,0.936,40,0,*men-
2803,neck,5.621,265,5.621,1,40,0,*kólso-
2804,neck,4.094,4144,5.621,0.728,40,0,*gʷriH-u̯eh₂-
2805,neck,4.355,5034,5.621,0.775,40,0,NA
2806,neck,2.745,1203,5.621,0.488,40,0,*si̯eu̯H-
2807,neck,2.736,8396,5.621,0.487,40,0,*u̯ert-
2808,neck,1.55,1036,5.621,0.276,40,0,NA
2809,neck,2.09,8693,5.621,0.372,40,0,NA
2810,neck,3.71,7596,5.621,0.66,40,0,NA
2811,neck,2.108,4143,5.621,0.375,40,0,NA
2812,neck,0.117,2348,5.621,0.021,40,0,NA
2813,neck,1.696,1513,5.621,0.302,40,0,NA
2814,neck,2.858,1868,5.621,0.509,40,0,NA
2815,neck,2.752,443,5.621,0.49,40,0,NA
2816,neck,1.364,9549,5.621,0.243,40,0,NA
2817,neck,1.51,8051,5.621,0.269,40,0,NA
2818,neck,3.266,6065,5.621,0.581,40,0,NA
2820,neck,2.778,4128,5.621,0.494,40,0,NA
2821,neck,0.757,3280,5.621,0.135,40,0,*bʰerg̑ʰ-
2822,neck,1.108,2525,5.621,0.197,40,0,NA
2823,neck,0.615,2350,5.621,0.109,40,0,NA
2824,neck,0.302,912,5.621,0.054,40,0,NA
2842,new,7.719,86,7.719,1,9,0.2,*neu̯-
2843,new,3.17,1514,7.719,0.411,9,0.2,*ken-
2844,new,2.178,2352,7.719,0.282,9,0.2,NA
2845,new,2.752,444,7.719,0.357,9,0.2,*h₃er-
2846,new,0.86,2351,7.719,0.111,9,0.2,"*h₂ei̯-u-, *h₂oi̯-u-, *h₂i̯-eu̯-"
2851,night,7.173,266,7.173,1,9,0.333,*negʷ-
2852,night,6.432,87,7.173,0.897,9,0.333,*k⁽ʷ⁾sep-
2853,night,6.371,799,7.173,0.888,9,0.333,*h₁reh₁-
2854,night,2.606,619,7.173,0.363,9,0.333,?*u̯e-k⁽ʷ⁾sp-ero-
2855,night,2.776,1729,7.173,0.387,9,0.333,NA
2857,night,2.664,5083,7.173,0.371,9,0.333,*h₂u̯es-
2860,nose,6.93,267,6.93,1,24,0.083,*(H)nā̆s-
2861,nose,5.219,1037,6.93,0.753,24,0.083,NA
2862,nose,3.17,1515,6.93,0.457,24,0.083,*meu̯k-
2863,nose,2.166,2005,6.93,0.313,24,0.083,NA
2864,nose,2.091,9216,6.93,0.302,24,0.083,NA
2865,nose,1.346,2355,6.93,0.194,24,0.083,NA
2866,nose,2.606,620,6.93,0.376,24,0.083,NA
2867,nose,2.752,445,6.93,0.397,24,0.083,NA
2870,nose,2.664,3319,6.93,0.384,24,0.083,NA
2871,nose,0.86,2354,6.93,0.124,24,0.083,NA
2872,nose,1.136,2159,6.93,0.164,24,0.083,NA
2873,nose,0.757,722,6.93,0.109,24,0.083,NA
2884,old,5.219,622,6.3,0.828,27,0.077,*sen-
2885,old,5.004,913,6.3,0.794,27,0.077,*u̯et-
2886,old,0.905,2825,6.3,0.144,27,0.077,*g̑erh₂-
2887,old,2.745,1158,6.3,0.436,27,0.077,*steh₂-
2888,old,4.351,5064,6.3,0.691,27,0.077,*(s)kep-
2889,old,3.452,268,6.3,0.548,27,0.077,*h₂el-
2890,old,6.3,2826,6.3,1,27,0.077,*perh₂-
2891,old,5.304,1517,6.3,0.842,27,0.077,*pelh₂-
2892,old,2.611,1322,6.3,0.414,27,0.077,NA
2893,old,1.977,1038,6.3,0.314,27,0.077,NA
2894,old,2.752,5649,6.3,0.437,27,0.077,NA
2895,old,0.441,6601,6.3,0.07,27,0.077,NA
2896,old,2.664,2824,6.3,0.423,27,0.077,NA
2911,one,7.644,91,7.644,1,7,0.333,*Hoi̯-
2912,one,7.464,6066,7.644,0.977,7,0.333,*sem-
2913,one,2.752,447,7.644,0.36,7,0.333,NA
2918,play,5.372,6784,5.372,1,39,0,*mers-
2919,play,2.745,1161,5.372,0.511,39,0,NA
2920,play,4.978,916,5.372,0.927,39,0,*i̯ek-
2921,play,4.26,802,5.372,0.793,39,0,NA
2922,play,3.236,94,5.372,0.602,39,0,NA
2923,play,5.304,1519,5.372,0.987,39,0,*peh₂u̯-
2924,play,1.775,270,5.372,0.33,39,0,NA
2925,play,2.957,1040,5.372,0.551,39,0,*rei̯⁽g̑⁾-
2926,play,2.611,2833,5.372,0.486,39,0,*lei̯⁽g̑⁾-
2927,play,2.091,9237,5.372,0.389,39,0,NA
2928,play,2.752,5658,5.372,0.512,39,0,NA
2929,play,2.606,626,5.372,0.485,39,0,NA
2930,play,4.37,9387,5.372,0.814,39,0,?*stei̯g-
2931,play,4.12,4398,5.372,0.767,39,0,NA
2932,play,1.797,4351,5.372,0.334,39,0,NA
2933,play,0.757,3271,5.372,0.141,39,0,NA
2934,play,2.27,1730,5.372,0.423,39,0,*bʰer-
2935,play,2.294,1354,5.372,0.427,39,0,NA
2957,pull,6.594,95,6.594,1,38,0.091,*kʷels-
2958,pull,2.831,2837,6.594,0.429,38,0.091,*tengʰ-
2959,pull,3.697,1372,6.594,0.561,38,0.091,*deu̯k-
2960,pull,2.058,5274,6.594,0.312,38,0.091,*(h₂)u̯elk-
2961,pull,3.415,4163,6.594,0.518,38,0.091,*ten-
2962,pull,2.778,451,6.594,0.421,38,0.091,*selk-
2963,pull,3.355,1267,6.594,0.509,38,0.091,NA
2964,pull,2.611,2839,6.594,0.396,38,0.091,*dʰre⁽g̑⁾ʰ-
2965,pull,3.17,2834,6.594,0.481,38,0.091,*tau̯ro-
2966,pull,2.957,1041,6.594,0.449,38,0.091,NA
2967,pull,1.992,803,6.594,0.302,38,0.091,NA
2968,pull,5.004,8237,6.594,0.759,38,0.091,NA
2969,pull,2.776,1731,6.594,0.421,38,0.091,NA
2970,pull,3.746,7050,6.594,0.568,38,0.091,NA
2971,pull,2.606,627,6.594,0.395,38,0.091,NA
2972,pull,1.08,271,6.594,0.164,38,0.091,NA
2973,pull,0.759,8288,6.594,0.115,38,0.091,NA
2974,pull,4.813,7429,6.594,0.73,38,0.091,NA
2975,pull,2.915,6013,6.594,0.442,38,0.091,*tu̯er-
2976,pull,0.757,3260,6.594,0.115,38,0.091,*h₂nek̑-
2977,pull,0.811,1095,6.594,0.123,38,0.091,NA
2978,pull,0.302,917,6.594,0.046,38,0.091,*pelh₂-
2995,push,2.706,804,5.285,0.512,72,0.033,NA
2996,push,4.349,1339,5.285,0.823,72,0.033,?*skeu̯bʰ-
2997,push,2.73,1205,5.285,0.517,72,0.033,?*telk-
2998,push,3.536,7961,5.285,0.669,72,0.033,NA
2999,push,3.766,6703,5.285,0.713,72,0.033,*peh₂g̑-
3000,push,5.285,2846,5.285,1,72,0.033,NA
3001,push,2.979,1399,5.285,0.564,72,0.033,*pelh₂-
3002,push,1.758,1237,5.285,0.333,72,0.033,*pei̯s-
3003,push,5.254,2843,5.285,0.994,72,0.033,*u̯edʰ(h₁)-
3004,push,2.062,9197,5.285,0.39,72,0.033,NA
3005,push,2.65,5830,5.285,0.501,72,0.033,*h₂ek̑-
3006,push,0.757,3285,5.285,0.143,72,0.033,NA
3007,push,1.128,9195,5.285,0.213,72,0.033,NA
3008,push,0.578,8253,5.285,0.109,72,0.033,*tu̯enk-
3009,push,0.225,7759,5.285,0.043,72,0.033,*teu̯k-
3010,push,0.475,7419,5.285,0.09,72,0.033,NA
3011,push,0.849,7013,5.285,0.161,72,0.033,NA
3012,push,2.664,5812,5.285,0.504,72,0.033,NA
3013,push,4.122,5811,5.285,0.78,72,0.033,NA
3014,push,1.179,5665,5.285,0.223,72,0.033,NA
3015,push,1.768,4867,5.285,0.335,72,0.033,*h₃rei̯H-
3016,push,0.117,4207,5.285,0.022,72,0.033,NA
3017,push,1.91,2849,5.285,0.361,72,0.033,NA
3018,push,0.759,2842,5.285,0.144,72,0.033,*(s)teu̯d-
3019,push,0.864,2841,5.285,0.163,72,0.033,*gʰreu̯d-
3020,push,1.136,2161,5.285,0.215,72,0.033,NA
3021,push,1.152,1268,5.285,0.218,72,0.033,*pei̯g-
3022,push,2.265,1042,5.285,0.429,72,0.033,NA
3023,push,0.302,918,5.285,0.057,72,0.033,NA
3024,push,1.108,628,5.285,0.21,72,0.033,*per-
3067,rain,3.369,2236,6.566,0.513,31,0.077,*sh₂eu̯-
3069,rain,6.566,7433,6.566,1,31,0.077,*h₂u̯ers-
3070,rain,6.241,5084,6.566,0.951,31,0.077,*u̯eh₁-
3071,rain,4.349,273,6.566,0.662,31,0.077,NA
3072,rain,2.745,1206,6.566,0.418,31,0.077,*dei̯-
3073,rain,5.004,919,6.566,0.762,31,0.077,*pleu̯-
3074,rain,2.957,1043,6.566,0.45,31,0.077,NA
3075,rain,3.161,1522,6.566,0.481,31,0.077,NA
3076,rain,0.444,3833,6.566,0.068,31,0.077,NA
3077,rain,2.858,1870,6.566,0.435,31,0.077,*lei̯H-
3078,rain,2.606,629,6.566,0.397,31,0.077,NA
3079,rain,0.757,7008,6.566,0.115,31,0.077,NA
3080,rain,2.535,5912,6.566,0.386,31,0.077,*neu̯-
3098,red,6.562,6592,6.562,1,31,0.083,*(h₁)reu̯dʰ-
3101,red,2.745,1163,6.562,0.418,31,0.083,*kʷr̥mi-
3102,red,6.483,98,6.562,0.988,31,0.083,NA
3103,red,2.176,8254,6.562,0.332,31,0.083,*u̯r̥mi-
3104,red,2.141,1523,6.562,0.326,31,0.083,NA
3105,red,2.776,1734,6.562,0.423,31,0.083,*dʰerg-
3106,red,1.58,4370,6.562,0.241,31,0.083,NA
3107,red,0.444,3832,6.562,0.068,31,0.083,*g̑ʰelh₃-
3108,red,2.606,630,6.562,0.397,31,0.083,NA
3109,red,2.752,454,6.562,0.419,31,0.083,NA
3110,red,3.141,6206,6.562,0.479,31,0.083,NA
3111,red,0.86,1871,6.562,0.131,31,0.083,?*ser-
3129,right,5.942,6595,5.942,1,28,0.1,*dek̑s-
3130,right,3.47,276,5.942,0.584,28,0.1,*h₃reg̑-
3131,right,2.729,1238,5.942,0.459,28,0.1,"*pr̥-, *pró, *prí"
3132,right,2.611,1323,5.942,0.439,28,0.1,NA
3133,right,4.024,8717,5.942,0.677,28,0.1,NA
3134,right,2.606,3359,5.942,0.439,28,0.1,*seh₁dʰ-
3135,right,0.757,1968,5.942,0.127,28,0.1,NA
3136,right,2.664,7115,5.942,0.448,28,0.1,*g̑i̯eu̯H- 
3137,right,2.873,7014,5.942,0.484,28,0.1,NA
3138,right,0.86,2863,5.942,0.145,28,0.1,NA
3157,river,5.646,1735,5.646,1,36,0.062,*h₂ebʰ-
3158,river,2.974,6197,5.646,0.527,36,0.062,*h₃rei̯H-
3159,river,5.093,2647,5.646,0.902,36,0.062,*sreu̯-
3160,river,4.486,7856,5.646,0.795,36,0.062,*h₂ep-
3161,river,4.338,2649,5.646,0.768,36,0.062,*h₂ekʷ-
3162,river,5.594,808,5.646,0.991,36,0.062,NA
3163,river,2.606,631,5.646,0.462,36,0.062,*u̯ed-
3165,river,5.304,1525,5.646,0.939,36,0.062,*pet-
3166,river,4.925,2651,5.646,0.872,36,0.062,*bʰleu̯H-
3167,river,1.809,2652,5.646,0.32,36,0.062,*pleh₃-
3168,river,1.489,9470,5.646,0.264,36,0.062,*h₁rei̯p-
3169,river,2.611,2039,5.646,0.462,36,0.062,NA
3170,river,1.055,9691,5.646,0.187,36,0.062,NA
3171,river,0.757,2648,5.646,0.134,36,0.062,NA
3172,river,2.752,457,5.646,0.487,36,0.062,NA
3176,river,1.171,1045,5.646,0.207,36,0.062,NA
3193,root,7.018,8233,7.018,1,29,0,?*u̯reh₂d-
3194,root,2.745,1165,7.018,0.391,29,0,NA
3195,root,4.243,5098,7.018,0.605,29,0,NA
3196,root,5.772,1613,7.018,0.823,29,0,NA
3197,root,4.799,3264,7.018,0.684,29,0,*u̯ei̯(H)-
3198,root,2.024,2393,7.018,0.288,29,0,NA
3199,root,2.762,9836,7.018,0.394,29,0,NA
3200,root,4.483,1873,7.018,0.639,29,0,*k̑ek-
3201,root,2.606,633,7.018,0.371,29,0,NA
3203,root,3.757,8786,7.018,0.535,29,0,NA
3222,rotten,7.065,2877,7.065,1,33,0,*peu̯H-
3223,rotten,2.745,1166,7.065,0.389,33,0,*g̑ʰnei̯H-
3224,rotten,5.304,3819,7.065,0.751,33,0,?*Ki̯eh₂p-
3225,rotten,1.979,281,7.065,0.28,33,0,NA
3226,rotten,4.168,1672,7.065,0.59,33,0,*k̑ad-
3227,rotten,2.09,8793,7.065,0.296,33,0,NA
3228,rotten,2.776,2881,7.065,0.393,33,0,NA
3229,rotten,2.943,1048,7.065,0.417,33,0,*bʰreHg-
3230,rotten,2.243,6574,7.065,0.318,33,0,NA
3231,rotten,2.606,5967,7.065,0.369,33,0,NA
3232,rotten,1.835,2878,7.065,0.26,33,0,*pekʷ-
3233,rotten,2.102,2162,7.065,0.298,33,0,NA
3234,rotten,2.752,460,7.065,0.39,33,0,NA
3235,rotten,1.51,8054,7.065,0.214,33,0,*h₁u̯eh₂-
3236,rotten,2.47,4337,7.065,0.35,33,0,NA
3237,rotten,1.567,4209,7.065,0.222,33,0,NA
3238,rotten,0.814,3174,7.065,0.115,33,0,NA
3255,round,5.004,2443,5.219,0.959,43,0,*ret-
3256,round,2.619,2444,5.219,0.502,43,0,?*krengʰ-
3257,round,4.26,6649,5.219,0.816,43,0,NA
3258,round,4.319,8398,5.219,0.828,43,0,NA
3259,round,5.219,5922,5.219,1,43,0,NA
3260,round,2.677,4130,5.219,0.513,43,0,NA
3261,round,1.669,9689,5.219,0.32,43,0,NA
3262,round,1.055,9688,5.219,0.202,43,0,NA
3263,round,3.672,6651,5.219,0.704,43,0,NA
3264,round,2.858,2448,5.219,0.548,43,0,*u̯elH-
3266,round,1.366,9606,5.219,0.262,43,0,?*greng̑ʰ-
3267,round,0.757,6997,5.219,0.145,43,0,NA
3268,round,1.108,5008,5.219,0.212,43,0,NA
3269,round,2.778,4906,5.219,0.532,43,0,*kʷelh₁-
3270,round,0.77,4831,5.219,0.148,43,0,NA
3271,round,0.745,3871,5.219,0.143,43,0,NA
3272,round,3.191,2447,5.219,0.611,43,0,*kʷelp-
3298,run,5.521,5148,6.295,0.877,44,0.05,*bʰegʷ-
3299,run,6.295,5225,6.295,1,44,0.05,*dʰeu̯-
3301,run,4.495,5110,6.295,0.714,44,0.05,*⁽k̑⁾ers-
3302,run,4.332,6948,6.295,0.688,44,0.05,NA
3303,run,5.219,5094,6.295,0.829,44,0.05,*ret-
3304,run,3.492,6654,6.295,0.555,44,0.05,*dreu̯-
3305,run,4.349,6947,6.295,0.691,44,0.05,*h₃rei̯H-
3306,run,5.304,5027,6.295,0.843,44,0.05,*dʰre⁽g̑⁾ʰ-
3307,run,0.808,5199,6.295,0.128,44,0.05,*tekʷ-
3308,run,1.407,5214,6.295,0.223,44,0.05,*terkʷ-
3309,run,1.365,9556,6.295,0.217,44,0.05,NA
3310,run,1.768,9203,6.295,0.281,44,0.05,NA
3314,run,0.441,6991,6.295,0.07,44,0.05,NA
3316,run,3.757,6658,6.295,0.597,44,0.05,*dreh₂-
3317,run,2.553,6576,6.295,0.406,44,0.05,NA
3318,run,0.759,6450,6.295,0.121,44,0.05,NA
3319,run,0.86,6359,6.295,0.137,44,0.05,?*(s)k⁽ʷ⁾rei̯-
3320,run,5.423,6291,6.295,0.862,44,0.05,*h₂u̯eh₁-
3321,run,1.108,5969,6.295,0.176,44,0.05,NA
3322,run,0.937,5832,6.295,0.149,44,0.05,*drem-
3342,salt,7.994,283,7.994,1,12,0.143,*sal-
3343,salt,6.307,2009,7.994,0.789,12,0.143,NA
3344,salt,6.197,811,7.994,0.775,12,0.143,*leu̯H-
3345,salt,3.583,3501,7.994,0.448,12,0.143,*su̯eh₂d-
3346,salt,2.752,462,7.994,0.344,12,0.143,NA
3347,salt,2.753,3845,7.994,0.344,12,0.143,*leu̯k-
3348,salt,0.757,3286,7.994,0.095,12,0.143,NA
3354,sand,7.172,108,7.172,1,36,0.053,NA
3355,sand,5.341,2398,7.172,0.745,36,0.053,NA
3356,sand,2.745,1168,7.172,0.383,36,0.053,?*pē(n)s-
3357,sand,4.349,284,7.172,0.606,36,0.053,NA
3358,sand,3.08,8263,7.172,0.429,36,0.053,NA
3359,sand,5.004,6087,7.172,0.698,36,0.053,NA
3360,sand,5.304,8262,7.172,0.74,36,0.053,NA
3361,sand,3.262,3500,7.172,0.455,36,0.053,NA
3362,sand,3.527,8648,7.172,0.492,36,0.053,NA
3363,sand,2.776,1739,7.172,0.387,36,0.053,NA
3364,sand,2.858,8442,7.172,0.399,36,0.053,?*(s)melH-
3365,sand,2.606,8261,7.172,0.363,36,0.053,NA
3366,sand,2.002,1050,7.172,0.279,36,0.053,NA
3367,sand,0.843,7286,7.172,0.118,36,0.053,NA
3368,sand,0.759,6309,7.172,0.106,36,0.053,NA
3369,sand,2.664,5814,7.172,0.371,36,0.053,NA
3370,sand,0.757,3233,7.172,0.106,36,0.053,*mei̯k̑-
3371,sand,1.136,2164,7.172,0.158,36,0.053,NA
3372,sand,0.716,812,7.172,0.1,36,0.053,NA
3390,say,4.351,285,5.304,0.82,44,0,*sekʷ-
3391,say,1.417,9653,5.304,0.267,44,0,*kʷek̑-
3392,say,2.67,2415,5.304,0.503,44,0,*u̯ekʷ-
3393,say,0.441,6922,5.304,0.083,44,0,"*gʰe-, gʰo-"
3396,say,5.004,927,5.304,0.943,44,0,*dei̯k̑-
3397,say,2.745,1169,5.304,0.518,44,0,*rek-
3398,say,4.307,2010,5.304,0.812,44,0,NA
3399,say,4.171,1051,5.304,0.786,44,0,NA
3400,say,4.538,1614,5.304,0.856,44,0,*kʷó-
3401,say,5.304,1529,5.304,1,44,0,*leg̑-
3402,say,2.643,2409,5.304,0.498,44,0,*u̯ei̯d-
3403,say,2.752,8260,5.304,0.519,44,0,*k̑eHs-
3404,say,2.455,6841,5.304,0.463,44,0,*men-
3406,say,1.445,4132,5.304,0.272,44,0,NA
3407,say,1.58,2416,5.304,0.298,44,0,*u̯eth₂-
3408,say,2.776,2404,5.304,0.523,44,0,*bʰer-
3409,say,2.606,636,5.304,0.491,44,0,*h₂eg̑-
3411,say,3.419,8441,5.304,0.644,44,0,NA
3412,say,0.757,3265,5.304,0.143,44,0,NA
3413,say,1.51,2076,5.304,0.285,44,0,*g̑neh₃-
3434,sea,6.29,287,6.29,1,22,0,*mor-i-
3435,sea,2.253,2774,6.29,0.358,22,0,*keh₂p-
3436,sea,3.736,2773,6.29,0.594,22,0,NA
3437,sea,4.477,2011,6.29,0.712,22,0,NA
3438,sea,5.304,4907,6.29,0.843,22,0,NA
3439,sea,4.483,1875,6.29,0.713,22,0,*i̯uHr-
3440,sea,2.606,3361,6.29,0.414,22,0,NA
3441,sea,4.977,730,6.29,0.791,22,0,*u̯ed-
3442,sea,2.752,466,6.29,0.438,22,0,*dʰeu̯b-
3456,see,5.09,929,6.494,0.784,26,0.067,*u̯ei̯d-
3457,see,6.494,1969,6.494,1,26,0.067,*u̯ei̯h₁-
3459,see,4.349,288,6.494,0.67,26,0.067,?*sekʷ-
3460,see,6.157,814,6.494,0.948,26,0.067,*derk̑-
3461,see,2.957,1053,6.494,0.455,26,0.067,*u̯el-
3462,see,4.514,8257,6.494,0.695,26,0.067,NA
3463,see,5.198,3504,6.494,0.8,26,0.067,*kʷei̯s-
3464,see,3.526,2231,6.494,0.543,26,0.067,*spek̑-
3465,see,3.321,1531,6.494,0.511,26,0.067,NA
3466,see,2.752,8258,6.494,0.424,26,0.067,NA
3467,see,2.606,3362,6.494,0.401,26,0.067,NA
3469,see,2.664,2420,6.494,0.41,26,0.067,NA
3470,see,0.86,2418,6.494,0.132,26,0.067,NA
3471,see,4.782,2012,6.494,0.736,26,0.067,*dʰei̯H-
3472,see,0.547,1240,6.494,0.084,26,0.067,NA
3482,seed,7.248,289,7.248,1,23,0.083,*seh₁-
3483,seed,6.591,731,7.248,0.909,23,0.083,NA
3484,seed,5.623,1532,7.248,0.776,23,0.083,*sper-
3485,seed,5.434,2013,7.248,0.75,23,0.083,NA
3486,seed,2.611,1376,7.248,0.36,23,0.083,NA
3487,seed,3.454,8640,7.248,0.477,23,0.083,NA
3488,seed,3.037,6444,7.248,0.419,23,0.083,*g̑erh₂-
3489,seed,2.606,8332,7.248,0.36,23,0.083,NA
3490,seed,0.757,6980,7.248,0.104,23,0.083,NA
3491,seed,2.664,5816,7.248,0.368,23,0.083,*(s)kedh₂-
3492,seed,4.37,5713,7.248,0.603,23,0.083,NA
3493,seed,1.152,1270,7.248,0.159,23,0.083,NA
3505,sew,7.21,815,7.21,1,21,0,*si̯eu̯H-
3506,sew,5.304,1533,7.21,0.736,21,0,NA
3507,sew,2.92,732,7.21,0.405,21,0,NA
3508,sew,1.822,290,7.21,0.253,21,0,*(s)neh₁-
3509,sew,2.957,1054,7.21,0.41,21,0,NA
3510,sew,4.929,114,7.21,0.684,21,0,?*derbʰ-
3511,sew,2.776,1742,7.21,0.385,21,0,NA
3512,sew,2.606,639,7.21,0.361,21,0,NA
3513,sew,2.752,467,7.21,0.382,21,0,NA
3514,sew,3.625,6979,7.21,0.503,21,0,NA
3526,shadow,6.968,5058,6.968,1,18,0.1,*s⁽k̑⁾eH-
3527,shadow,6.397,8269,6.968,0.918,18,0.1,*s⁽k̑⁾eh₃-
3528,shadow,5.004,5169,6.968,0.718,18,0.1,NA
3529,shadow,2.611,7022,6.968,0.375,18,0.1,NA
3530,shadow,1.514,5149,6.968,0.217,18,0.1,NA
3531,shadow,2.75,5209,6.968,0.395,18,0.1,NA
3532,shadow,1.771,9917,6.968,0.254,18,0.1,NA
3533,shadow,2.707,9651,6.968,0.389,18,0.1,*skek-
3534,shadow,0.757,6975,6.968,0.109,18,0.1,NA
3535,shadow,2.606,5972,6.968,0.374,18,0.1,NA
3544,sharp,5.529,468,6.488,0.852,32,0.083,*h₂ek̑-
3545,sharp,6.488,115,6.488,1,32,0.083,*(s)tei̯g-
3546,sharp,2.958,640,6.488,0.456,32,0.083,*k̑eh₃(i̯)-
3547,sharp,3.91,291,6.488,0.603,32,0.083,*(s)kerbʰ-
3548,sharp,3.367,6495,6.488,0.519,32,0.083,*gʷʰei̯H-
3549,sharp,2.957,5421,6.488,0.456,32,0.083,*(s)lei̯-
3550,sharp,2.677,1582,6.488,0.413,32,0.083,*(s)kep-
3551,sharp,2.548,1377,6.488,0.393,32,0.083,NA
3552,sharp,2.776,1743,6.488,0.428,32,0.083,NA
3553,sharp,2.778,5339,6.488,0.428,32,0.083,NA
3554,sharp,2.164,1400,6.488,0.334,32,0.083,*trei̯-
3555,sharp,1.835,816,6.488,0.283,32,0.083,NA
3576,short,5.14,2895,5.423,0.948,41,0.045,*mreg̑ʰ-
3577,short,4.078,9437,5.423,0.752,41,0.045,?*g̑ʰers- 
3578,short,2.745,8276,5.423,0.506,41,0.045,*(s)kert-
3579,short,4.978,641,5.423,0.918,41,0.045,NA
3580,short,2.283,292,5.423,0.421,41,0.045,NA
3581,short,2.84,2014,5.423,0.524,41,0.045,NA
3582,short,2.818,1676,5.423,0.52,41,0.045,NA
3583,short,3.17,1534,5.423,0.585,41,0.045,*k̑ent-
3584,short,2.957,1056,5.423,0.545,41,0.045,NA
3585,short,2.09,8636,5.423,0.385,41,0.045,NA
3586,short,2.143,5719,5.423,0.395,41,0.045,NA
3587,short,0.441,9882,5.423,0.081,41,0.045,NA
3588,short,2.606,8275,5.423,0.481,41,0.045,NA
3589,short,3.746,7440,5.423,0.691,41,0.045,NA
3590,short,2.752,5720,5.423,0.507,41,0.045,NA
3591,short,4.445,2896,5.423,0.82,41,0.045,NA
3592,short,2.596,1378,5.423,0.479,41,0.045,NA
3593,short,2.294,8277,5.423,0.423,41,0.045,NA
3594,short,0.969,4987,5.423,0.179,41,0.045,NA
3595,short,2.203,3325,5.423,0.406,41,0.045,NA
3596,short,5.423,3324,5.423,1,41,0.045,NA
3597,short,0.757,3279,5.423,0.14,41,0.045,NA
3617,sing,6.274,565,6.274,1,33,0.077,*⁽k̑⁾an-
3618,sing,2.745,1170,6.274,0.438,33,0.077,?*pei̯H-
3619,sing,5.834,818,6.274,0.93,33,0.077,*g⁽ʷ⁾eH(i̯)-
3620,sing,2.606,642,6.274,0.415,33,0.077,*h₁erkʷ-
3621,sing,4.349,293,6.274,0.693,33,0.077,*sengʷʰ-
3622,sing,4.28,3480,6.274,0.682,33,0.077,NA
3623,sing,3.17,1535,6.274,0.505,33,0.077,NA
3624,sing,0.45,6959,6.274,0.072,33,0.077,NA
3625,sing,2.752,5721,6.274,0.439,33,0.077,NA
3626,sing,4.348,5236,6.274,0.693,33,0.077,*k̑leu̯-
3627,sing,2.455,6958,6.274,0.391,33,0.077,NA
3628,sing,2.778,2900,6.274,0.443,33,0.077,?*h₂u̯ei̯d-
3629,sing,0.757,2898,6.274,0.121,33,0.077,*g̑ar-
3650,sit,7.116,294,7.116,1,9,0.4,*sed-
3651,sit,6.001,1536,7.116,0.843,9,0.4,*h₁eh₁s-
3652,sit,5.731,7441,7.116,0.805,9,0.4,*u̯ei̯k̑-
3653,sit,3.417,7443,7.116,0.48,9,0.4,*h₂u̯es-
3655,sit,0.759,471,7.116,0.107,9,0.4,NA
3659,skin,7.159,5086,7.159,1,26,0.071,*(s)ker-
3660,skin,4.349,820,7.159,0.607,26,0.071,*(s)keu̯H-
3661,skin,3.381,295,7.159,0.472,26,0.071,*pel-
3662,skin,2.745,1171,7.159,0.383,26,0.071,NA
3663,skin,3.76,5866,7.159,0.525,26,0.071,NA
3664,skin,5.219,1057,7.159,0.729,26,0.071,NA
3665,skin,5.304,1537,7.159,0.741,26,0.071,*der-
3666,skin,2.427,119,7.159,0.339,26,0.071,NA
3667,skin,2.858,5871,7.159,0.399,26,0.071,NA
3668,skin,2.59,2424,7.159,0.362,26,0.071,NA
3669,skin,2.752,472,7.159,0.384,26,0.071,NA
3670,skin,2.861,7044,7.159,0.4,26,0.071,NA
3671,skin,2.664,1876,7.159,0.372,26,0.071,NA
3672,skin,2.606,644,7.159,0.364,26,0.071,NA
3685,sky,5.5,1172,5.692,0.966,23,0.071,*nebʰ-
3686,sky,2.762,5975,5.692,0.485,23,0.071,*dei̯-
3687,sky,5.692,7058,5.692,1,23,0.071,*h₂ek̑-
3688,sky,5.004,930,5.692,0.879,23,0.071,NA
3689,sky,4.349,8296,5.692,0.764,23,0.071,NA
3690,sky,5.304,1538,5.692,0.932,23,0.071,*h₂u̯ers-
3691,sky,1.508,8695,5.692,0.265,23,0.071,NA
3692,sky,2.752,5730,5.692,0.483,23,0.071,NA
3693,sky,2.606,3363,5.692,0.458,23,0.071,NA
3694,sky,0.805,2903,5.692,0.141,23,0.071,NA
3695,sky,1.797,9978,5.692,0.316,23,0.071,NA
3696,sky,0.615,4848,5.692,0.108,23,0.071,*legʰ-
3697,sky,4.398,1917,5.692,0.773,23,0.071,*dʰengʰ-
3698,sky,1.136,1096,5.692,0.2,23,0.071,NA
3708,sleep,6.484,7523,6.484,1,24,0.231,*su̯ep-
3709,sleep,3.747,3822,6.484,0.578,24,0.231,*ses-
3710,sleep,5.004,931,6.484,0.772,24,0.231,*drem-
3711,sleep,3.452,5089,6.484,0.532,24,0.231,NA
3712,sleep,2.957,1058,6.484,0.456,24,0.231,NA
3713,sleep,3.17,1539,6.484,0.489,24,0.231,*k̑ei̯-
3714,sleep,3.446,4136,6.484,0.532,24,0.231,NA
3715,sleep,2.776,1746,6.484,0.428,24,0.231,*telH-
3716,sleep,2.752,474,6.484,0.424,24,0.231,NA
3717,sleep,5.692,8795,6.484,0.878,24,0.231,NA
3718,sleep,2.664,2286,6.484,0.411,24,0.231,*klemH-
3719,sleep,0.86,2281,6.484,0.133,24,0.231,NA
3720,sleep,4.391,1918,6.484,0.677,24,0.231,*mei̯gʰ-
3733,small,2.745,1173,5.304,0.518,49,0.048,*meh₁-
3734,small,4.349,6707,5.304,0.82,49,0.048,NA
3735,small,5.219,1059,5.304,0.984,49,0.048,NA
3736,small,5.304,5318,5.304,1,49,0.048,NA
3737,small,4.26,823,5.304,0.803,49,0.048,NA
3738,small,1.781,298,5.304,0.336,49,0.048,NA
3739,small,2.21,1272,5.304,0.417,49,0.048,NA
3740,small,2.243,1773,5.304,0.423,49,0.048,NA
3741,small,1.573,932,5.304,0.297,49,0.048,NA
3742,small,2.858,1877,5.304,0.539,49,0.048,NA
3743,small,2.752,475,5.304,0.519,49,0.048,NA
3745,small,4.37,6944,5.304,0.824,49,0.048,NA
3746,small,2.553,6704,5.304,0.481,49,0.048,NA
3747,small,3.545,6141,5.304,0.668,49,0.048,NA
3748,small,0.869,5287,5.304,0.164,49,0.048,*peh₂u̯-
3749,small,4.651,4784,5.304,0.877,49,0.048,NA
3750,small,4.581,4402,5.304,0.864,49,0.048,*k⁽ʷ⁾seu̯d-
3751,small,0.322,3835,5.304,0.061,49,0.048,NA
3752,small,2.606,3342,5.304,0.491,49,0.048,NA
3753,small,2.664,2905,5.304,0.502,49,0.048,*h₃lei̯g̑-
3754,small,2.787,1540,5.304,0.525,49,0.048,NA
3781,smell,3.123,646,6.367,0.491,41,0.053,*h₃ed-
3782,smell,5.54,6163,6.367,0.87,41,0.053,*gʷʰreh₁-
3783,smell,1.941,2912,6.367,0.305,41,0.053,NA
3784,smell,6.367,8299,6.367,1,41,0.053,NA
3785,smell,2.744,2916,6.367,0.431,41,0.053,*(s)keu̯h₁-
3786,smell,3.551,1678,6.367,0.558,41,0.053,NA
3787,smell,3.225,2910,6.367,0.507,41,0.053,*sent-
3788,smell,1.775,299,6.367,0.279,41,0.053,NA
3789,smell,3.17,5319,6.367,0.498,41,0.053,NA
3790,smell,2.611,1327,6.367,0.41,41,0.053,NA
3791,smell,1.832,4849,6.367,0.288,41,0.053,?*i̯eu̯t-
3792,smell,1.517,933,6.367,0.238,41,0.053,NA
3793,smell,2.942,1060,6.367,0.462,41,0.053,*k̑leu̯-
3795,smell,0.759,6418,6.367,0.119,41,0.053,NA
3796,smell,1.179,5732,6.367,0.185,41,0.053,NA
3797,smell,1.407,4946,6.367,0.221,41,0.053,NA
3798,smell,2.27,2919,6.367,0.357,41,0.053,NA
3799,smell,2.664,2913,6.367,0.418,41,0.053,*u̯er-
3800,smell,1.368,1379,6.367,0.215,41,0.053,NA
3822,smoke,7.583,123,7.583,1,18,0.111,*dʰu̯eh₂-
3823,smoke,4.349,300,7.583,0.574,18,0.111,NA
3824,smoke,5.304,1583,7.583,0.7,18,0.111,?*kʷu̯ap-
3825,smoke,2.957,8304,7.583,0.39,18,0.111,NA
3826,smoke,1.057,4964,7.583,0.139,18,0.111,NA
3827,smoke,2.606,3365,7.583,0.344,18,0.111,NA
3828,smoke,2.822,3245,7.583,0.372,18,0.111,NA
3830,smoke,2.294,647,7.583,0.303,18,0.111,NA
3831,smoke,0.759,477,7.583,0.1,18,0.111,NA
3840,smooth,5.492,301,5.692,0.965,47,0.056,*gleh₂dʰ-
3841,smooth,3.402,8405,5.692,0.598,47,0.056,*(s)lei̯-
3842,smooth,4.078,6146,5.692,0.716,47,0.056,*(s)legh₂-
3843,smooth,5.423,2930,5.692,0.953,47,0.056,*mei̯H-
3844,smooth,3.355,532,5.692,0.589,47,0.056,NA
3845,smooth,4.536,6935,5.692,0.797,47,0.056,NA
3846,smooth,3.462,8680,5.692,0.608,47,0.056,*(s)lei̯g̑-
3847,smooth,2.023,1679,5.692,0.355,47,0.056,NA
3848,smooth,3.112,1584,5.692,0.547,47,0.056,*sem-
3849,smooth,4.315,8231,5.692,0.758,47,0.056,*k̑eh₃(i̯)-
3850,smooth,1.356,5736,5.692,0.238,47,0.056,NA
3851,smooth,5.692,9532,5.692,1,47,0.056,NA
3852,smooth,0.77,7298,5.692,0.135,47,0.056,NA
3853,smooth,0.759,6307,5.692,0.133,47,0.056,NA
3854,smooth,3.75,6147,5.692,0.659,47,0.056,NA
3855,smooth,2.606,5983,5.692,0.458,47,0.056,NA
3856,smooth,2.294,2927,5.692,0.403,47,0.056,NA
3857,smooth,2.912,2924,5.692,0.512,47,0.056,NA
3887,snake,6.002,648,6.49,0.925,34,0.062,*He(n)gʷʰi-
3888,snake,5.057,825,6.49,0.779,34,0.062,*serp-
3889,snake,6.49,1062,6.49,1,34,0.062,*(s)neh₁-
3891,snake,4.306,125,6.49,0.663,34,0.062,NA
3892,snake,2.739,1175,6.49,0.422,34,0.062,"*dʰég̑ʰ-om-, *dʰg̑ʰ-ém-, *dʰg̑ʰ-m-"
3893,snake,1.534,302,6.49,0.236,34,0.062,*slenkʷ-
3894,snake,4.285,1380,6.49,0.66,34,0.062,*u̯r̥mi-
3895,snake,2.73,1290,6.49,0.421,34,0.062,*gʷeh₁dʰ-
3896,snake,0.8,4914,6.49,0.123,34,0.062,NA
3897,snake,0.444,3836,6.49,0.068,34,0.062,NA
3898,snake,2.753,9890,6.49,0.424,34,0.062,NA
3900,snake,0.225,7762,6.49,0.035,34,0.062,*(s)meu̯k-
3901,snake,3.757,7444,6.49,0.579,34,0.062,*g̑enh₁-
3903,snake,4.37,6553,6.49,0.673,34,0.062,NA
3904,snake,0.86,2933,6.49,0.133,34,0.062,NA
3905,snake,2.664,2931,6.49,0.41,34,0.062,NA
3921,snow,7.179,303,7.179,1,11,0.167,*snei̯gʷʰ-
3922,snow,7.094,649,7.179,0.988,11,0.167,"?*g̑ʰéi̯-om, *g̑ʰ(i)i̯-ém-, *g̑ʰi-m-"
3923,snow,5.647,126,7.179,0.787,11,0.167,NA
3924,snow,2.957,1063,7.179,0.412,11,0.167,*h₂erg̑- 
3925,snow,2.752,480,7.179,0.383,11,0.167,*bʰerH-
3926,snow,0.757,3268,7.179,0.105,11,0.167,NA
3932,stand,6.86,309,6.86,1,24,0.2,*steh₂-
3933,stand,3.449,6813,6.86,0.503,24,0.2,*ped-
3934,stand,1.59,7447,6.86,0.232,24,0.2,NA
3935,stand,2.752,485,6.86,0.401,24,0.2,NA
3936,stand,4.37,9256,6.86,0.637,24,0.2,NA
3937,stand,2.884,4693,6.86,0.42,24,0.2,NA
3938,stand,1.108,3368,6.86,0.161,24,0.2,NA
3939,stand,0.757,3244,6.86,0.11,24,0.2,NA
3940,stand,2.664,2288,6.86,0.388,24,0.2,*k̑lei̯- 
3941,stand,0.753,1403,6.86,0.11,24,0.2,NA
3956,star,8.17,131,8.17,1,10,0.2,*h₂ster-
3957,star,5.521,1177,8.17,0.676,10,0.2,?*g̑ʰu̯oi̯-
3958,star,2.776,8697,8.17,0.34,10,0.2,NA
3959,star,2.752,486,8.17,0.337,10,0.2,NA
3960,star,0.548,1243,8.17,0.067,10,0.2,?*g̑⁽ʰ⁾er-
3966,stick,3.749,310,6.049,0.62,60,0,NA
3967,stick,4.264,1404,6.049,0.705,60,0,NA
3968,stick,4.345,4686,6.049,0.718,60,0,NA
3969,stick,1.741,1213,6.049,0.288,60,0,NA
3970,stick,5.304,3545,6.049,0.877,60,0,*u̯erb-
3971,stick,2.176,2036,6.049,0.36,60,0,*peh₂g̑- 
3972,stick,6.049,1680,6.049,1,60,0,NA
3973,stick,5.387,6098,6.049,0.89,60,0,NA
3974,stick,1.038,1244,6.049,0.172,60,0,*keh₂u̯-
3975,stick,2.569,6756,6.049,0.425,60,0,NA
3976,stick,1.58,7271,6.049,0.261,60,0,*sph₂en-
3977,stick,0.177,4196,6.049,0.029,60,0,NA
3979,stick,2.752,487,6.049,0.455,60,0,?*skeh₂p-
3980,stick,3.942,9063,6.049,0.652,60,0,NA
3981,stick,0.225,7763,6.049,0.037,60,0,NA
3982,stick,1.399,6869,6.049,0.231,60,0,*(s)kep-
3983,stick,1.797,6755,6.049,0.297,60,0,NA
3984,stick,1.67,6256,6.049,0.276,60,0,NA
3985,stick,2.484,5743,6.049,0.411,60,0,NA
3986,stick,2.606,3369,6.049,0.431,60,0,*bʰerH-
3987,stick,0.757,3255,6.049,0.125,60,0,NA
3989,stick,1.364,2980,6.049,0.226,60,0,NA
4026,stone,5.642,1179,5.642,1,33,0,*h₂ek̑-
4027,stone,4.406,488,5.642,0.781,33,0,*gʷerH-
4028,stone,3.748,1656,5.642,0.664,33,0,*u̯ert-
4029,stone,4.349,311,5.642,0.771,33,0,*sti̯eH-
4030,stone,4.091,938,5.642,0.725,33,0,NA
4031,stone,3.492,831,5.642,0.619,33,0,*sterh₃-
4032,stone,2.957,1067,5.642,0.524,33,0,NA
4033,stone,5.304,4134,5.642,0.94,33,0,NA
4034,stone,2.776,1750,5.642,0.492,33,0,NA
4035,stone,1.637,6457,5.642,0.29,33,0,NA
4036,stone,2.961,2168,5.642,0.525,33,0,NA
4037,stone,1.977,1546,5.642,0.35,33,0,NA
4038,stone,2.606,651,5.642,0.462,33,0,NA
4039,stone,1.46,8607,5.642,0.259,33,0,NA
4040,stone,3.737,3327,5.642,0.662,33,0,NA
4041,stone,0.757,3241,5.642,0.134,33,0,NA
4059,straight,7.409,312,7.409,1,34,0,*h₃reg̑-
4060,straight,2.818,1617,7.409,0.38,34,0,*seh₁dʰ-
4061,straight,2.533,1180,7.409,0.342,34,0,"*pr̥-, *pró, *prí"
4062,straight,2.393,1300,7.409,0.323,34,0,*reu̯h₁-
4063,straight,2.143,5273,7.409,0.289,34,0,NA
4064,straight,2.469,1245,7.409,0.333,34,0,*steh₂-
4065,straight,4.334,6919,7.409,0.585,34,0,NA
4066,straight,2.606,4927,7.409,0.352,34,0,NA
4067,straight,1.557,2984,7.409,0.21,34,0,NA
4068,straight,2.858,1880,7.409,0.386,34,0,NA
4069,straight,0.999,1292,7.409,0.135,34,0,*per-
4070,straight,1.168,1068,7.409,0.158,34,0,NA
4071,straight,3.675,832,7.409,0.496,34,0,*ćau̯dʰ-
4072,straight,2.752,489,7.409,0.371,34,0,NA
4073,straight,1.396,9551,7.409,0.188,34,0,NA
4074,straight,2.185,7374,7.409,0.295,34,0,NA
4075,straight,2.455,6920,7.409,0.331,34,0,NA
4076,straight,3.149,6152,7.409,0.425,34,0,NA
4077,straight,1.136,2985,7.409,0.153,34,0,NA
4078,straight,2.778,1547,7.409,0.375,34,0,NA
4079,straight,0.435,1445,7.409,0.059,34,0,NA
4093,sun,6.376,314,6.376,1,15,0.143,*seh₂-u̯l̥-
4094,sun,3.432,7688,6.376,0.538,15,0.143,*tep-
4095,sun,2.776,2299,6.376,0.435,15,0.143,*gʷʰer-
4096,sun,2.606,653,6.376,0.409,15,0.143,*h₂reu̯-
4097,sun,2.752,491,6.376,0.432,15,0.143,NA
4098,sun,4.145,6590,6.376,0.65,15,0.143,NA
4099,sun,2.664,5455,6.376,0.418,15,0.143,*k̑eh₂u̯-
4108,sweet,4.442,5109,5.706,0.778,26,0.111,*su̯eh₂d-
4109,sweet,5.624,6297,5.706,0.986,26,0.111,*melit-
4110,sweet,5.521,5157,5.706,0.968,26,0.111,*sal-
4111,sweet,2.762,6562,5.706,0.484,26,0.111,*medʰu-
4113,sweet,5.004,7772,5.706,0.877,26,0.111,NA
4114,sweet,4.243,5226,5.706,0.744,26,0.111,NA
4115,sweet,5.706,6561,5.706,1,26,0.111,NA
4116,sweet,5.304,5055,5.706,0.93,26,0.111,NA
4117,sweet,4.379,5068,5.706,0.767,26,0.111,NA
4118,sweet,2.15,7983,5.706,0.377,26,0.111,NA
4119,sweet,3.304,7458,5.706,0.579,26,0.111,NA
4120,sweet,0.811,7282,5.706,0.142,26,0.111,NA
4121,sweet,0.811,7281,5.706,0.142,26,0.111,NA
4122,sweet,0.757,6914,5.706,0.133,26,0.111,NA
4123,sweet,1.407,6528,5.706,0.247,26,0.111,NA
4124,sweet,1.108,5988,5.706,0.194,26,0.111,NA
4125,sweet,3.584,5248,5.706,0.628,26,0.111,NA
4126,sweet,0.225,5212,5.706,0.039,26,0.111,NA
4134,swell,1.944,9905,5.293,0.367,44,0,*dʰmeH-
4135,swell,2.231,2993,5.293,0.421,44,0,*k̑eu̯h₁-
4136,swell,2.492,2994,5.293,0.471,44,0,*h₂ei̯d-
4137,swell,4.978,3000,5.293,0.941,44,0,*bʰleh₁-
4138,swell,4.349,315,5.293,0.822,44,0,NA
4139,swell,2.733,7585,5.293,0.516,44,0,*peu̯s-
4140,swell,2.748,1881,5.293,0.519,44,0,*tekʷ-
4141,swell,5.293,1549,5.293,1,44,0,*preh₁-
4142,swell,2.957,1069,5.293,0.559,44,0,*su̯ei̯d-
4143,swell,3.706,8440,5.293,0.7,44,0,NA
4144,swell,3.469,3436,5.293,0.655,44,0,*h₂u̯eh₁-
4145,swell,2.776,1752,5.293,0.525,44,0,NA
4146,swell,0.45,8094,5.293,0.085,44,0,*preu̯s-
4147,swell,3.741,7991,5.293,0.707,44,0,NA
4148,swell,0.117,4187,5.293,0.022,44,0,*keh₂p-
4149,swell,1.143,3435,5.293,0.216,44,0,NA
4150,swell,1.462,8605,5.293,0.276,44,0,NA
4151,swell,0.759,8292,5.293,0.143,44,0,NA
4152,swell,1.108,654,5.293,0.209,44,0,NA
4178,swim,5.464,535,5.464,1,27,0.091,*(s)neh₂-
4179,swim,4.97,1181,5.464,0.91,27,0.091,*pleu̯-
4180,swim,4.349,316,5.464,0.796,27,0.091,NA
4181,swim,4.922,1550,5.464,0.901,27,0.091,NA
4182,swim,0.874,7465,5.464,0.16,27,0.091,*terh₂-
4183,swim,3.035,9976,5.464,0.555,27,0.091,*terh₂-
4184,swim,2.606,655,5.464,0.477,27,0.091,NA
4185,swim,1.835,9975,5.464,0.336,27,0.091,*terh₂-
4186,swim,4.915,9686,5.464,0.899,27,0.091,*h₂ep-
4188,swim,0.441,7197,5.464,0.081,27,0.091,NA
4189,swim,0.759,5754,5.464,0.139,27,0.091,NA
4205,tail,6.231,7466,6.231,1,40,0,NA
4206,tail,5.304,1551,6.231,0.851,40,0,*h₁ers-
4207,tail,5.004,940,6.231,0.803,40,0,*keh₂u̯-
4208,tail,4.078,1620,6.231,0.654,40,0,NA
4209,tail,4.171,1070,6.231,0.669,40,0,*leu̯H-
4210,tail,4.663,8505,6.231,0.748,40,0,NA
4211,tail,2.603,1330,6.231,0.418,40,0,NA
4212,tail,1.491,1246,6.231,0.239,40,0,NA
4213,tail,1.239,317,6.231,0.199,40,0,NA
4214,tail,1.253,2329,6.231,0.201,40,0,NA
4215,tail,0.961,1935,6.231,0.154,40,0,*gʷʰen-
4216,tail,3.418,1359,6.231,0.549,40,0,NA
4217,tail,2.04,1182,6.231,0.327,40,0,NA
4218,tail,0.849,1446,6.231,0.136,40,0,NA
4219,tail,2.752,494,6.231,0.442,40,0,NA
4220,tail,1.835,9935,6.231,0.295,40,0,NA
4221,tail,0.302,8323,6.231,0.048,40,0,NA
4222,tail,1.364,8322,6.231,0.219,40,0,NA
4223,tail,1.531,8220,6.231,0.246,40,0,NA
4224,tail,2.121,6563,6.231,0.34,40,0,*peu̯s-
4225,tail,0.757,3206,6.231,0.122,40,0,NA
4226,tail,0.864,2343,6.231,0.139,40,0,NA
4227,tail,4.535,2342,6.231,0.728,40,0,NA
4228,tail,1.136,2169,6.231,0.182,40,0,*sph₂en-
4229,tail,1.205,1293,6.231,0.193,40,0,NA
4230,tail,1.108,656,6.231,0.178,40,0,NA
4245,take,7.176,5227,7.176,1,37,0.105,*gʰrebh₂-
4246,take,5.521,5158,7.176,0.769,37,0.105,*h₁em-
4247,take,3.518,8515,7.176,0.49,37,0.105,*nem-
4248,take,2.776,5345,7.176,0.387,37,0.105,?*⁽g̑⁾ʰeHb-
4249,take,2.611,5341,7.176,0.364,37,0.105,*teh₂⁽g̑⁾-
4250,take,3.502,6587,7.176,0.488,37,0.105,*lembʰ-
4251,take,2.389,6460,7.176,0.333,37,0.105,*gʰed-
4252,take,2.957,7246,7.176,0.412,37,0.105,*bʰer-
4253,take,3.947,6461,7.176,0.55,37,0.105,*h₁legʰ-
4254,take,3.17,5916,7.176,0.442,37,0.105,*h₂u̯er-
4255,take,2.606,8293,7.176,0.363,37,0.105,*h₂er-
4256,take,2.752,5986,7.176,0.384,37,0.105,NA
4258,take,1.46,8599,7.176,0.204,37,0.105,NA
4260,take,2.664,7157,7.176,0.371,37,0.105,*h₁nek̑-
4261,take,0.757,6890,7.176,0.106,37,0.105,NA
4263,take,1.152,6713,7.176,0.161,37,0.105,*per-
4264,take,3.974,6564,7.176,0.554,37,0.105,*h₂nek̑-
4265,take,5.423,6299,7.176,0.756,37,0.105,*deh₃-
4267,take,2.778,5076,7.176,0.387,37,0.105,*ser-
4282,thick,5.581,1585,6.659,0.838,37,0.062,*bʰeng̑ʰ-
4283,thick,3.075,8343,6.659,0.462,37,0.062,*steh₂-
4284,thick,6.659,320,6.659,1,37,0.062,*tegu-
4285,thick,4.988,944,6.659,0.749,37,0.062,NA
4286,thick,2.729,1247,6.659,0.41,37,0.062,*teu̯(h₂)k-
4287,thick,2.075,4664,6.659,0.312,37,0.062,NA
4288,thick,1.959,1183,6.659,0.294,37,0.062,NA
4289,thick,2.59,836,6.659,0.389,37,0.062,NA
4290,thick,1.834,3004,6.659,0.275,37,0.062,?*spei̯d-
4291,thick,3.028,3001,6.659,0.455,37,0.062,NA
4292,thick,2.683,2998,6.659,0.403,37,0.062,*gʰreu̯(m)bʰ-
4293,thick,2.762,6883,6.659,0.415,37,0.062,NA
4294,thick,2.091,8597,6.659,0.314,37,0.062,NA
4295,thick,2.752,496,6.659,0.413,37,0.062,NA
4296,thick,2.664,7133,6.659,0.4,37,0.062,NA
4297,thick,1.108,5996,6.659,0.166,37,0.062,*past-
4319,thigh,1.433,6360,5.304,0.27,51,0,*k̑lou̯ni-
4320,thigh,2.757,6317,5.304,0.52,51,0,NA
4321,thigh,4.211,5048,5.304,0.794,51,0,NA
4322,thigh,4.98,6464,5.304,0.939,51,0,*kok̑s-
4323,thigh,4.441,5237,5.304,0.837,51,0,NA
4324,thigh,2.745,5160,5.304,0.518,51,0,*stei̯gʰ-
4325,thigh,2.611,6955,5.304,0.492,51,0,NA
4326,thigh,3.164,6956,5.304,0.597,51,0,*teu̯(h₂)k-
4327,thigh,2.343,9429,5.304,0.442,51,0,*(s)ken⁽g̑⁾-
4328,thigh,2.023,6315,5.304,0.381,51,0,*g̑ʰengʰ-
4329,thigh,5.304,5107,5.304,1,51,0,*mē(m)s-
4330,thigh,1.977,6733,5.304,0.373,51,0,NA
4331,thigh,2.776,6731,5.304,0.523,51,0,NA
4332,thigh,3.451,6318,5.304,0.651,51,0,NA
4333,thigh,1.057,5218,5.304,0.199,51,0,NA
4334,thigh,1.357,5207,5.304,0.256,51,0,*bʰedʰ-
4335,thigh,0.958,5185,5.304,0.181,51,0,NA
4336,thigh,0.759,6308,5.304,0.143,51,0,NA
4337,thigh,2.606,5955,5.304,0.491,51,0,NA
4370,think,6.086,3036,6.086,1,46,0.045,*men-
4371,think,1.291,5954,6.086,0.212,46,0.045,*med-
4372,think,2.745,1184,6.086,0.451,46,0.045,NA
4373,think,3.355,946,6.086,0.551,46,0.045,?*(s)pend-
4374,think,3.452,322,6.086,0.567,46,0.045,*ten⁽g̑⁾-
4375,think,4.708,1622,6.086,0.774,46,0.045,NA
4376,think,1.932,3037,6.086,0.317,46,0.045,NA
4377,think,2.907,3039,6.086,0.478,46,0.045,NA
4378,think,1.696,1554,6.086,0.279,46,0.045,*spek̑-
4379,think,1.977,1385,6.086,0.325,46,0.045,NA
4380,think,1.168,5762,6.086,0.192,46,0.045,NA
4381,think,2.773,1754,6.086,0.456,46,0.045,NA
4382,think,0.444,7818,6.086,0.073,46,0.045,NA
4383,think,0.225,7766,6.086,0.037,46,0.045,*h₁eu̯-
4385,think,0.864,7163,6.086,0.142,46,0.045,NA
4386,think,3.417,6876,6.086,0.561,46,0.045,*dei̯k̑-
4388,think,2.778,5061,6.086,0.456,46,0.045,NA
4389,think,0.757,3248,6.086,0.124,46,0.045,*gʰeh₂u̯-
4390,think,4.525,3035,6.086,0.744,46,0.045,*kʷei̯t-
4391,think,1.835,3033,6.086,0.302,46,0.045,NA
4392,think,0.759,3030,6.086,0.125,46,0.045,NA
4393,think,2.664,3029,6.086,0.438,46,0.045,NA
4416,three,7.281,146,7.281,1,2,1,*trei̯-
4418,throw,4.301,325,5.304,0.811,71,0.042,*u̯ergʷ-
4419,throw,2.553,1215,5.304,0.481,71,0.042,NA
4420,throw,0.798,9604,5.304,0.15,71,0.042,*(s)keu̯d-
4421,throw,1.797,9445,5.304,0.339,71,0.042,*lei̯kʷ-
4423,throw,2.611,1331,5.304,0.492,71,0.042,NA
4424,throw,4.26,838,5.304,0.803,71,0.042,NA
4425,throw,5.304,8234,5.304,1,71,0.042,NA
4426,throw,3.141,3049,5.304,0.592,71,0.042,NA
4427,throw,2.957,1073,5.304,0.558,71,0.042,NA
4428,throw,2.09,8590,5.304,0.394,71,0.042,NA
4429,throw,4.908,1407,5.304,0.925,71,0.042,*Hi̯eh₁-
4430,throw,2.597,3050,5.304,0.49,71,0.042,NA
4431,throw,1.002,1943,5.304,0.189,71,0.042,NA
4432,throw,3.164,6249,5.304,0.597,71,0.042,*tu̯er-
4433,throw,0.97,4837,5.304,0.183,71,0.042,NA
4434,throw,2.11,3052,5.304,0.398,71,0.042,NA
4438,throw,3.406,7978,5.304,0.642,71,0.042,NA
4439,throw,0.441,6966,5.304,0.083,71,0.042,NA
4440,throw,2.559,6730,5.304,0.482,71,0.042,NA
4441,throw,2.664,5876,5.304,0.502,71,0.042,*sel-
4442,throw,0.958,4819,5.304,0.181,71,0.042,*reu̯H-
4443,throw,1.108,3371,5.304,0.209,71,0.042,*ned-
4444,throw,0.615,1295,5.304,0.116,71,0.042,?*gʰedʰ-
4445,throw,4.12,147,5.304,0.777,71,0.042,?*k⁽ʷ⁾su̯ei̯bʰ-
4489,tie,6.708,326,6.708,1,27,0.071,*bʰendʰ-
4490,tie,4.654,3057,6.708,0.694,27,0.071,NA
4491,tie,5.04,500,6.708,0.751,27,0.071,*lei̯g̑-
4492,tie,5.423,3055,6.708,0.808,27,0.071,*seh₂(i̯)-
4493,tie,2.745,1248,6.708,0.409,27,0.071,*h₂emg̑ʰ-
4494,tie,5.304,1555,6.708,0.791,27,0.071,*deh₁-
4495,tie,2.957,1099,6.708,0.441,27,0.071,NA
4496,tie,2.776,1755,6.708,0.414,27,0.071,NA
4497,tie,1.002,1185,6.708,0.149,27,0.071,*u̯erg̑ʰ-
4498,tie,1.583,3060,6.708,0.236,27,0.071,*h₁ep-
4499,tie,2.606,658,6.708,0.389,27,0.071,NA
4500,tie,1.589,6838,6.708,0.237,27,0.071,?*neh₃d-
4501,tie,0.755,6468,6.708,0.112,27,0.071,NA
4502,tie,4.398,3059,6.708,0.656,27,0.071,*u̯reik̑-
4516,tongue,7.579,327,7.579,1,8,0.4,*dn̥g̑ʰu̯éh₂-
4517,tongue,5.304,1556,7.579,0.7,8,0.4,NA
4518,tongue,2.752,501,7.579,0.363,8,0.4,NA
4519,tongue,5.423,3329,7.579,0.716,8,0.4,NA
4520,tongue,0.86,2347,7.579,0.113,8,0.4,NA
4524,tooth,7.372,328,7.372,1,7,0.333,*Hd-ónt-
4525,tooth,3.147,502,7.372,0.427,7,0.333,*g̑ombʰ-o-
4526,tooth,2.773,1756,7.372,0.376,7,0.333,NA
4531,tree,5.321,503,5.609,0.949,39,0.133,*déru- ~ *dóru- ~ *dru-
4532,tree,2.664,2359,5.609,0.475,39,0.133,*steh₂-
4533,tree,5.609,2360,5.609,1,39,0.133,NA
4534,tree,5.004,948,5.609,0.892,39,0.133,NA
4535,tree,3.057,329,5.609,0.545,39,0.133,NA
4536,tree,2.957,1074,5.609,0.527,39,0.133,*u̯idʰh₁ú-
4537,tree,4.256,151,5.609,0.759,39,0.133,*dregʰ-
4538,tree,5.219,1757,5.609,0.931,39,0.133,*kʷres-
4539,tree,1.835,839,5.609,0.327,39,0.133,NA
4540,tree,2.606,6101,5.609,0.465,39,0.133,NA
4541,tree,1.918,4766,5.609,0.342,39,0.133,NA
4543,tree,1.202,1296,5.609,0.214,39,0.133,*ster(H)-
4544,tree,3.757,7504,5.609,0.67,39,0.133,NA
4546,tree,0.757,3261,5.609,0.135,39,0.133,NA
4547,tree,0.86,2358,5.609,0.153,39,0.133,?*keu̯k-
4570,turn,5.638,1186,5.638,1,53,0,*u̯ert-
4571,turn,4.349,3068,5.638,0.771,53,0,*u̯endʰ-
4572,turn,2.401,3063,5.638,0.426,53,0,NA
4573,turn,2.957,1100,5.638,0.525,53,0,NA
4574,turn,3.17,5321,5.638,0.562,53,0,NA
4575,turn,3.746,4114,5.638,0.664,53,0,NA
4576,turn,3.5,9344,5.638,0.621,53,0,NA
4577,turn,1.242,330,5.638,0.22,53,0,?*treh₁-
4578,turn,2.762,6865,5.638,0.49,53,0,NA
4579,turn,4.37,3062,5.638,0.775,53,0,NA
4580,turn,1.455,1682,5.638,0.258,53,0,NA
4581,turn,2.215,1273,5.638,0.393,53,0,NA
4582,turn,2.776,4353,5.638,0.492,53,0,*seu̯h₁-
4583,turn,0.117,1332,5.638,0.021,53,0,*sneu̯H-
4584,turn,2.606,660,5.638,0.462,53,0,*dʰerg̑ʰ-
4585,turn,1.385,8035,5.638,0.246,53,0,NA
4586,turn,1.213,3429,5.638,0.215,53,0,NA
4587,turn,0.757,3243,5.638,0.134,53,0,*tek-
4588,turn,0.86,3067,5.638,0.153,53,0,?*greng̑ʰ-
4589,turn,0.615,3066,5.638,0.109,53,0,*tekʷ-
4590,turn,0.759,504,5.638,0.135,53,0,NA
4625,vomit,6.872,840,6.872,1,47,0,*u̯emh₁-
4626,vomit,2.606,5982,6.872,0.379,47,0,*(h₁)reu̯g-
4627,vomit,4.349,3074,6.872,0.633,47,0,NA
4628,vomit,2.745,1187,6.872,0.4,47,0,*bʰleu̯H-
4629,vomit,5.219,1075,6.872,0.76,47,0,*sk̑ʰei̯-
4630,vomit,2.615,537,6.872,0.381,47,0,*u̯ert-
4631,vomit,3.019,1559,6.872,0.439,47,0,*h₁reh₁-
4632,vomit,2.263,8566,6.872,0.329,47,0,NA
4633,vomit,1.31,1625,6.872,0.191,47,0,NA
4634,vomit,1.374,1333,6.872,0.2,47,0,NA
4635,vomit,0.951,7227,6.872,0.138,47,0,*gʰebʰ-
4636,vomit,3.746,3070,6.872,0.545,47,0,NA
4639,vomit,0.441,7214,6.872,0.064,47,0,NA
4640,vomit,0.759,6078,6.872,0.111,47,0,*u̯elH-
4672,wash,5.004,8364,6.469,0.774,27,0.133,*leh₃u̯-
4673,wash,4.034,3080,6.469,0.623,27,0.133,*nei̯gʷ-
4674,wash,4.25,744,6.469,0.657,27,0.133,?*k⁽ʷ⁾seu̯d-
4675,wash,6.469,3079,6.469,1,27,0.133,*(s)neh₂-
4676,wash,3.645,662,6.469,0.563,27,0.133,*pleu̯-
4677,wash,2.745,1188,6.469,0.424,27,0.133,*meu̯H-
4678,wash,5.735,841,6.469,0.887,27,0.133,*dʰeu̯H-
4679,wash,3.353,334,6.469,0.518,27,0.133,NA
4680,wash,2.957,1078,6.469,0.457,27,0.133,*u̯elg-
4681,wash,4.285,1386,6.469,0.662,27,0.133,NA
4682,wash,2.108,6854,6.469,0.326,27,0.133,NA
4683,wash,2.858,3083,6.469,0.442,27,0.133,*mesg-
4684,wash,1.548,3082,6.469,0.239,27,0.133,*per-
4685,wash,1.51,8060,6.469,0.233,27,0.133,NA
4686,wash,2.664,3077,6.469,0.412,27,0.133,*u̯lei̯kʷ-
4699,water,5.537,335,7.198,0.769,15,0.125,*u̯ed-
4700,water,7.198,157,7.198,1,15,0.125,*h₂ep-
4701,water,5.004,953,7.198,0.695,15,0.125,*h₂ekʷ-
4702,water,4.165,1079,7.198,0.579,15,0.125,*dʰeu̯b-
4703,water,4.26,842,7.198,0.592,15,0.125,*peh₃(i̯)-
4704,water,3.17,1563,7.198,0.44,15,0.125,*neu̯-
4705,water,2.606,663,7.198,0.362,15,0.125,*i̯uHr-
4706,water,0.757,6485,7.198,0.105,15,0.125,NA
4714,wet,4.332,1335,5.767,0.751,40,0.056,*u̯ed-
4715,wet,2.745,1189,5.767,0.476,40,0.056,NA
4716,wet,3.582,745,5.767,0.621,40,0.056,NA
4717,wet,5.219,1080,5.767,0.905,40,0.056,*u̯elg-
4718,wet,3.092,954,5.767,0.536,40,0.056,*meld-
4719,wet,1.775,336,5.767,0.308,40,0.056,NA
4720,wet,3.592,6683,5.767,0.623,40,0.056,*h₂engʷ-
4721,wet,5.767,9438,5.767,1,40,0.056,*Herd-
4722,wet,5.304,5276,5.767,0.92,40,0.056,*u̯egʷ-
4723,wet,4.353,3840,5.767,0.755,40,0.056,NA
4724,wet,1.363,3182,5.767,0.236,40,0.056,NA
4725,wet,0.889,4649,5.767,0.154,40,0.056,NA
4726,wet,5.498,3395,5.767,0.953,40,0.056,*nebʰ-
4727,wet,1.51,2078,5.767,0.262,40,0.056,*g̑ʰeu̯d-
4728,wet,2.858,1882,5.767,0.496,40,0.056,NA
4729,wet,2.752,507,5.767,0.477,40,0.056,NA
4732,wet,1.108,3341,5.767,0.192,40,0.056,*teh₂-
4733,wet,0.757,159,5.767,0.131,40,0.056,NA
4754,white,5.88,338,6.401,0.919,25,0.067,*k̑u̯ei̯t-
4755,white,5.487,1190,6.401,0.857,25,0.067,*bʰelH-
4756,white,6.401,2395,6.401,1,25,0.067,*h₂erg̑-
4757,white,3.355,7519,6.401,0.524,25,0.067,NA
4758,white,4.165,1082,6.401,0.651,25,0.067,NA
4759,white,3.17,1565,6.401,0.495,25,0.067,NA
4760,white,5.004,955,6.401,0.782,25,0.067,*h₂elbʰ-
4761,white,2.09,8201,6.401,0.326,25,0.067,NA
4762,white,4.073,2401,6.401,0.636,25,0.067,*leu̯k-
4763,white,2.02,4646,6.401,0.316,25,0.067,*g̑u̯elH-
4764,white,2.455,4088,6.401,0.384,25,0.067,NA
4766,white,2.776,1763,6.401,0.434,25,0.067,*bʰeh₂-
4767,white,2.752,508,6.401,0.43,25,0.067,*bʰerh₁g̑-
4768,white,0.757,3239,6.401,0.118,25,0.067,NA
4769,white,2.606,666,6.401,0.407,25,0.067,NA
4779,wide,5.401,667,6.3,0.857,29,0.077,*pleth₂-
4780,wide,4.166,3090,6.3,0.661,29,0.077,*h₁u̯erH-
4781,wide,5.372,6840,6.3,0.853,29,0.077,*sterh₃-
4782,wide,2.745,1191,6.3,0.436,29,0.077,NA
4783,wide,4.767,956,6.3,0.757,29,0.077,NA
4784,wide,6.3,165,6.3,1,29,0.077,*peth₂-
4785,wide,3.842,3094,6.3,0.61,29,0.077,NA
4786,wide,4.349,340,6.3,0.69,29,0.077,NA
4787,wide,3.571,844,6.3,0.567,29,0.077,"*kʷetu̯or-, *kʷ(e)tu̯r̥-, *kʷ(e)tur-"
4788,wide,2.176,1275,6.3,0.345,29,0.077,NA
4789,wide,3.967,3095,6.3,0.63,29,0.077,NA
4790,wide,2.664,8359,6.3,0.423,29,0.077,NA
4792,wide,0.759,509,6.3,0.121,29,0.077,*seh₁-
4808,wind,7.089,342,7.089,1,24,0.143,*h₂u̯eh₁-
4809,wind,1.997,3113,7.089,0.282,24,0.143,*dʰmeH-
4810,wind,2.665,3111,7.089,0.376,24,0.143,*h₂eu̯s-
4811,wind,2.776,1764,7.089,0.392,24,0.143,NA
4812,wind,5.254,1566,7.089,0.741,24,0.143,*h₂enh₁-
4813,wind,2.752,511,7.089,0.388,24,0.143,NA
4814,wind,0.849,7234,7.089,0.12,24,0.143,NA
4832,wing,6.871,1567,6.871,1,32,0.154,*pet-
4833,wing,4.647,5101,6.871,0.676,32,0.154,*(s)per-
4834,wing,5.004,958,6.871,0.728,32,0.154,*h₂ek̑s-
4835,wing,2.745,1192,6.871,0.4,32,0.154,?*(s)k⁽ʷ⁾rei̯-
4836,wing,4.866,3114,6.871,0.708,32,0.154,*bʰeh₂g̑ʰu-
4837,wing,5.778,845,6.871,0.841,32,0.154,NA
4838,wing,2.611,1336,6.871,0.38,32,0.154,NA
4839,wing,1.619,343,6.871,0.236,32,0.154,?*pleu̯k-
4840,wing,2.957,4387,6.871,0.43,32,0.154,NA
4841,wing,2.549,8196,6.871,0.371,32,0.154,NA
4842,wing,1.835,3115,6.871,0.267,32,0.154,NA
4844,wing,1.797,4388,6.871,0.262,32,0.154,NA
4845,wing,2.752,539,6.871,0.401,32,0.154,NA
4864,woman,6.734,671,6.734,1,31,0.071,*gʷen-
4865,woman,6.582,2422,6.734,0.977,31,0.071,NA
4866,woman,4.936,1277,6.734,0.733,31,0.071,*dʰeh₁(i̯)-
4867,woman,4.985,961,6.734,0.74,31,0.071,NA
4868,woman,3.518,1365,6.734,0.522,31,0.071,NA
4869,woman,1.109,346,6.734,0.165,31,0.071,NA
4870,woman,2.701,4079,6.734,0.401,31,0.071,NA
4871,woman,0.444,3843,6.734,0.066,31,0.071,*dʰugh₂tér-
4872,woman,0.815,2419,6.734,0.121,31,0.071,*dem-
4873,woman,2.752,513,6.734,0.409,31,0.071,*g̑erh₂-
4874,woman,2.965,9907,6.734,0.44,31,0.071,NA
4875,woman,0.794,7299,6.734,0.118,31,0.071,NA
4876,woman,0.757,3209,6.734,0.112,31,0.071,NA
4877,woman,0.86,2430,6.734,0.128,31,0.071,*k̑ei̯-u̯o-
4895,worm,7.996,172,7.996,1,29,0.077,*kʷr̥mi-
4896,worm,5.545,348,7.996,0.694,29,0.077,*u̯r̥mi-
4897,worm,5.304,1570,7.996,0.663,29,0.077,NA
4898,worm,4.237,1633,7.996,0.53,29,0.077,NA
4899,worm,2.611,3139,7.996,0.326,29,0.077,NA
4900,worm,2.606,673,7.996,0.326,29,0.077,NA
4902,worm,1.152,6478,7.996,0.144,29,0.077,NA
4903,worm,2.544,4350,7.996,0.318,29,0.077,NA
4905,worm,0.86,3145,7.996,0.108,29,0.077,NA
4906,worm,1.835,3143,7.996,0.23,29,0.077,NA
4907,worm,0.523,3142,7.996,0.065,29,0.077,NA
4908,worm,2.664,3141,7.996,0.333,29,0.077,*u̯el-
4909,worm,1.295,3140,7.996,0.162,29,0.077,NA
4924,year,5.796,515,5.796,1,18,0.133,*u̯et-
4925,year,4.349,350,5.796,0.75,18,0.133,*i̯eh₁-r/n-
4926,year,2.453,6127,5.796,0.423,18,0.133,NA
4927,year,5.004,963,5.796,0.863,18,0.133,*h₂et-no-
4928,year,4.766,747,5.796,0.822,18,0.133,NA
4929,year,5.219,1088,5.796,0.9,18,0.133,NA
4930,year,2.72,1195,5.796,0.469,18,0.133,?*gʰedʰ- 
4931,year,1.998,1297,5.796,0.345,18,0.133,*rek-
4932,year,2.168,1936,5.796,0.374,18,0.133,*leh₁t-
4933,year,3.17,1572,5.796,0.547,18,0.133,NA
4934,year,0.86,5863,5.796,0.148,18,0.133,NA
4935,year,0.757,3293,5.796,0.131,18,0.133,*h₂ek̑-
4936,year,4.398,3148,5.796,0.759,18,0.133,NA
4937,year,2.664,3147,5.796,0.46,18,0.133,NA
4938,year,1.108,675,5.796,0.191,18,0.133,NA
4942,yellow,6.101,7535,6.101,1,32,0.083,*g̑ʰelh₃-
4943,yellow,5.705,1635,6.101,0.935,32,0.083,NA
4944,yellow,4.165,1089,6.101,0.683,32,0.083,*melit-
4945,yellow,2.69,1409,6.101,0.441,32,0.083,NA
4946,yellow,2.677,1573,6.101,0.439,32,0.083,NA
4947,yellow,1.818,8289,6.101,0.298,32,0.083,NA
4948,yellow,2.776,1768,6.101,0.455,32,0.083,NA
4949,yellow,1.557,1278,6.101,0.255,32,0.083,NA
4950,yellow,1.573,964,6.101,0.258,32,0.083,?*h₂em-
4951,yellow,2.606,3378,6.101,0.427,32,0.083,*dʰalh₁-
4952,yellow,5.423,3333,6.101,0.889,32,0.083,NA
4953,yellow,0.757,3195,6.101,0.124,32,0.083,NA
4974,yesterday,6.915,5015,6.915,1,18,0,*g̑ʰes-
4975,yesterday,5.521,5163,6.915,0.798,18,0,?*u̯e-k⁽ʷ⁾sp-ero-
4976,yesterday,5.149,5238,6.915,0.745,18,0,NA
4977,yesterday,4.26,6487,6.915,0.616,18,0,*kʷelh₁-
4978,yesterday,3.172,6259,6.915,0.459,18,0,*h₁ep-
4979,yesterday,2.606,5337,6.915,0.377,18,0,*h₁regʷ-
4980,yesterday,0.302,6523,6.915,0.044,18,0,*negʷ-
4981,yesterday,3.72,6489,6.915,0.538,18,0,NA
1,NA,NA,NA,NA,NA,NA,0.063,NA
9,NA,NA,NA,NA,NA,NA,0.063,NA
11,NA,NA,NA,NA,NA,NA,0.063,NA
12,NA,NA,NA,NA,NA,NA,0.063,NA
13,NA,NA,NA,NA,NA,NA,0.063,NA
14,NA,NA,NA,NA,NA,NA,0.063,NA
15,NA,NA,NA,NA,NA,NA,0.063,NA
16,NA,NA,NA,NA,NA,NA,0.063,NA
17,NA,NA,NA,NA,NA,NA,0.063,NA
18,NA,NA,NA,NA,NA,NA,0.063,NA
19,NA,NA,NA,NA,NA,NA,0.063,NA
20,NA,NA,NA,NA,NA,NA,0.063,NA
21,NA,NA,NA,NA,NA,NA,0.063,NA
22,NA,NA,NA,NA,NA,NA,0.063,NA
23,NA,NA,NA,NA,NA,NA,0.063,NA
24,NA,NA,NA,NA,NA,NA,0.063,NA
38,NA,NA,NA,NA,NA,NA,0.063,NA
39,NA,NA,NA,NA,NA,NA,0.063,NA
40,NA,NA,NA,NA,NA,NA,0.063,NA
41,NA,NA,NA,NA,NA,NA,0.063,NA
42,NA,NA,NA,NA,NA,NA,0.063,NA
43,NA,NA,NA,NA,NA,NA,0.063,NA
44,NA,NA,NA,NA,NA,NA,0.063,NA
45,NA,NA,NA,NA,NA,NA,0.063,NA
46,NA,NA,NA,NA,NA,NA,0.063,NA
47,NA,NA,NA,NA,NA,NA,0.063,NA
48,NA,NA,NA,NA,NA,NA,0.063,NA
49,NA,NA,NA,NA,NA,NA,0.063,NA
50,NA,NA,NA,NA,NA,NA,0.063,NA
51,NA,NA,NA,NA,NA,NA,0.063,NA
52,NA,NA,NA,NA,NA,NA,0.063,NA
53,NA,NA,NA,NA,NA,NA,0.063,NA
54,NA,NA,NA,NA,NA,NA,0.063,NA
55,NA,NA,NA,NA,NA,NA,0.063,NA
79,NA,NA,NA,NA,NA,NA,0.063,NA
80,NA,NA,NA,NA,NA,NA,0.063,NA
81,NA,NA,NA,NA,NA,NA,0.063,NA
82,NA,NA,NA,NA,NA,NA,0.063,NA
83,NA,NA,NA,NA,NA,NA,0.063,NA
84,NA,NA,NA,NA,NA,NA,0.063,NA
85,NA,NA,NA,NA,NA,NA,0.063,NA
86,NA,NA,NA,NA,NA,NA,0.063,NA
87,NA,NA,NA,NA,NA,NA,0.063,NA
88,NA,NA,NA,NA,NA,NA,0.063,NA
89,NA,NA,NA,NA,NA,NA,0.063,NA
90,NA,NA,NA,NA,NA,NA,0.063,NA
91,NA,NA,NA,NA,NA,NA,0.063,NA
92,NA,NA,NA,NA,NA,NA,0.063,NA
93,NA,NA,NA,NA,NA,NA,0.063,NA
94,NA,NA,NA,NA,NA,NA,0.063,NA
95,NA,NA,NA,NA,NA,NA,0.063,NA
96,NA,NA,NA,NA,NA,NA,0.063,NA
109,NA,NA,NA,NA,NA,NA,0.063,NA
110,NA,NA,NA,NA,NA,NA,0.063,NA
113,NA,NA,NA,NA,NA,NA,0.063,NA
115,NA,NA,NA,NA,NA,NA,0.063,NA
116,NA,NA,NA,NA,NA,NA,0.063,NA
125,NA,NA,NA,NA,NA,NA,0.063,NA
126,NA,NA,NA,NA,NA,NA,0.063,NA
127,NA,NA,NA,NA,NA,NA,0.063,NA
128,NA,NA,NA,NA,NA,NA,0.063,NA
129,NA,NA,NA,NA,NA,NA,0.063,NA
130,NA,NA,NA,NA,NA,NA,0.063,NA
131,NA,NA,NA,NA,NA,NA,0.063,NA
132,NA,NA,NA,NA,NA,NA,0.063,NA
133,NA,NA,NA,NA,NA,NA,0.063,NA
134,NA,NA,NA,NA,NA,NA,0.063,NA
135,NA,NA,NA,NA,NA,NA,0.063,NA
136,NA,NA,NA,NA,NA,NA,0.063,NA
137,NA,NA,NA,NA,NA,NA,0.063,NA
138,NA,NA,NA,NA,NA,NA,0.063,NA
139,NA,NA,NA,NA,NA,NA,0.063,NA
140,NA,NA,NA,NA,NA,NA,0.063,NA
141,NA,NA,NA,NA,NA,NA,0.063,NA
142,NA,NA,NA,NA,NA,NA,0.063,NA
143,NA,NA,NA,NA,NA,NA,0.063,NA
144,NA,NA,NA,NA,NA,NA,0.063,NA
145,NA,NA,NA,NA,NA,NA,0.063,NA
146,NA,NA,NA,NA,NA,NA,0.063,NA
147,NA,NA,NA,NA,NA,NA,0.063,NA
148,NA,NA,NA,NA,NA,NA,0.063,NA
149,NA,NA,NA,NA,NA,NA,0.063,NA
150,NA,NA,NA,NA,NA,NA,0.063,NA
151,NA,NA,NA,NA,NA,NA,0.063,NA
152,NA,NA,NA,NA,NA,NA,0.063,NA
153,NA,NA,NA,NA,NA,NA,0.063,NA
154,NA,NA,NA,NA,NA,NA,0.063,NA
155,NA,NA,NA,NA,NA,NA,0.063,NA
156,NA,NA,NA,NA,NA,NA,0.063,NA
157,NA,NA,NA,NA,NA,NA,0.063,NA
158,NA,NA,NA,NA,NA,NA,0.063,NA
159,NA,NA,NA,NA,NA,NA,0.063,NA
160,NA,NA,NA,NA,NA,NA,0.063,NA
161,NA,NA,NA,NA,NA,NA,0.063,NA
162,NA,NA,NA,NA,NA,NA,0.063,NA
163,NA,NA,NA,NA,NA,NA,0.063,NA
164,NA,NA,NA,NA,NA,NA,0.063,NA
165,NA,NA,NA,NA,NA,NA,0.063,NA
166,NA,NA,NA,NA,NA,NA,0.063,NA
167,NA,NA,NA,NA,NA,NA,0.063,NA
168,NA,NA,NA,NA,NA,NA,0.063,NA
169,NA,NA,NA,NA,NA,NA,0.063,NA
170,NA,NA,NA,NA,NA,NA,0.063,NA
171,NA,NA,NA,NA,NA,NA,0.063,NA
186,NA,NA,NA,NA,NA,NA,0.063,NA
189,NA,NA,NA,NA,NA,NA,0.063,NA
190,NA,NA,NA,NA,NA,NA,0.063,NA
191,NA,NA,NA,NA,NA,NA,0.063,NA
192,NA,NA,NA,NA,NA,NA,0.063,NA
193,NA,NA,NA,NA,NA,NA,0.063,NA
194,NA,NA,NA,NA,NA,NA,0.063,NA
195,NA,NA,NA,NA,NA,NA,0.063,NA
196,NA,NA,NA,NA,NA,NA,0.063,NA
197,NA,NA,NA,NA,NA,NA,0.063,NA
198,NA,NA,NA,NA,NA,NA,0.063,NA
199,NA,NA,NA,NA,NA,NA,0.063,NA
200,NA,NA,NA,NA,NA,NA,0.063,NA
201,NA,NA,NA,NA,NA,NA,0.063,NA
202,NA,NA,NA,NA,NA,NA,0.063,NA
203,NA,NA,NA,NA,NA,NA,0.063,NA
204,NA,NA,NA,NA,NA,NA,0.063,NA
205,NA,NA,NA,NA,NA,NA,0.063,NA
206,NA,NA,NA,NA,NA,NA,0.063,NA
207,NA,NA,NA,NA,NA,NA,0.063,NA
208,NA,NA,NA,NA,NA,NA,0.063,NA
209,NA,NA,NA,NA,NA,NA,0.063,NA
210,NA,NA,NA,NA,NA,NA,0.063,NA
211,NA,NA,NA,NA,NA,NA,0.063,NA
212,NA,NA,NA,NA,NA,NA,0.063,NA
213,NA,NA,NA,NA,NA,NA,0.063,NA
214,NA,NA,NA,NA,NA,NA,0.063,NA
230,NA,NA,NA,NA,NA,NA,0.063,NA
235,NA,NA,NA,NA,NA,NA,0.063,NA
236,NA,NA,NA,NA,NA,NA,0.063,NA
238,NA,NA,NA,NA,NA,NA,0.063,NA
242,NA,NA,NA,NA,NA,NA,0.063,NA
243,NA,NA,NA,NA,NA,NA,0.063,NA
244,NA,NA,NA,NA,NA,NA,0.063,NA
245,NA,NA,NA,NA,NA,NA,0.063,NA
246,NA,NA,NA,NA,NA,NA,0.063,NA
247,NA,NA,NA,NA,NA,NA,0.063,NA
248,NA,NA,NA,NA,NA,NA,0.063,NA
249,NA,NA,NA,NA,NA,NA,0.063,NA
250,NA,NA,NA,NA,NA,NA,0.063,NA
251,NA,NA,NA,NA,NA,NA,0.063,NA
252,NA,NA,NA,NA,NA,NA,0.063,NA
253,NA,NA,NA,NA,NA,NA,0.063,NA
254,NA,NA,NA,NA,NA,NA,0.063,NA
255,NA,NA,NA,NA,NA,NA,0.063,NA
256,NA,NA,NA,NA,NA,NA,0.063,NA
257,NA,NA,NA,NA,NA,NA,0.063,NA
258,NA,NA,NA,NA,NA,NA,0.063,NA
259,NA,NA,NA,NA,NA,NA,0.063,NA
275,NA,NA,NA,NA,NA,NA,0.063,NA
277,NA,NA,NA,NA,NA,NA,0.063,NA
280,NA,NA,NA,NA,NA,NA,0.063,NA
281,NA,NA,NA,NA,NA,NA,0.063,NA
282,NA,NA,NA,NA,NA,NA,0.063,NA
283,NA,NA,NA,NA,NA,NA,0.063,NA
284,NA,NA,NA,NA,NA,NA,0.063,NA
285,NA,NA,NA,NA,NA,NA,0.063,NA
286,NA,NA,NA,NA,NA,NA,0.063,NA
287,NA,NA,NA,NA,NA,NA,0.063,NA
288,NA,NA,NA,NA,NA,NA,0.063,NA
289,NA,NA,NA,NA,NA,NA,0.063,NA
290,NA,NA,NA,NA,NA,NA,0.063,NA
291,NA,NA,NA,NA,NA,NA,0.063,NA
292,NA,NA,NA,NA,NA,NA,0.063,NA
293,NA,NA,NA,NA,NA,NA,0.063,NA
294,NA,NA,NA,NA,NA,NA,0.063,NA
295,NA,NA,NA,NA,NA,NA,0.063,NA
296,NA,NA,NA,NA,NA,NA,0.063,NA
297,NA,NA,NA,NA,NA,NA,0.063,NA
298,NA,NA,NA,NA,NA,NA,0.063,NA
299,NA,NA,NA,NA,NA,NA,0.063,NA
300,NA,NA,NA,NA,NA,NA,0.063,NA
301,NA,NA,NA,NA,NA,NA,0.063,NA
302,NA,NA,NA,NA,NA,NA,0.063,NA
303,NA,NA,NA,NA,NA,NA,0.063,NA
304,NA,NA,NA,NA,NA,NA,0.063,NA
305,NA,NA,NA,NA,NA,NA,0.063,NA
306,NA,NA,NA,NA,NA,NA,0.063,NA
323,NA,NA,NA,NA,NA,NA,0.063,NA
324,NA,NA,NA,NA,NA,NA,0.063,NA
325,NA,NA,NA,NA,NA,NA,0.063,NA
326,NA,NA,NA,NA,NA,NA,0.063,NA
327,NA,NA,NA,NA,NA,NA,0.063,NA
328,NA,NA,NA,NA,NA,NA,0.063,NA
329,NA,NA,NA,NA,NA,NA,0.063,NA
330,NA,NA,NA,NA,NA,NA,0.063,NA
331,NA,NA,NA,NA,NA,NA,0.063,NA
332,NA,NA,NA,NA,NA,NA,0.063,NA
333,NA,NA,NA,NA,NA,NA,0.063,NA
334,NA,NA,NA,NA,NA,NA,0.063,NA
335,NA,NA,NA,NA,NA,NA,0.063,NA
338,NA,NA,NA,NA,NA,NA,0.063,NA
356,NA,NA,NA,NA,NA,NA,0.063,NA
358,NA,NA,NA,NA,NA,NA,0.063,NA
359,NA,NA,NA,NA,NA,NA,0.063,NA
360,NA,NA,NA,NA,NA,NA,0.063,NA
361,NA,NA,NA,NA,NA,NA,0.063,NA
362,NA,NA,NA,NA,NA,NA,0.063,NA
363,NA,NA,NA,NA,NA,NA,0.063,NA
364,NA,NA,NA,NA,NA,NA,0.063,NA
365,NA,NA,NA,NA,NA,NA,0.063,NA
366,NA,NA,NA,NA,NA,NA,0.063,NA
367,NA,NA,NA,NA,NA,NA,0.063,NA
368,NA,NA,NA,NA,NA,NA,0.063,NA
369,NA,NA,NA,NA,NA,NA,0.063,NA
370,NA,NA,NA,NA,NA,NA,0.063,NA
371,NA,NA,NA,NA,NA,NA,0.063,NA
372,NA,NA,NA,NA,NA,NA,0.063,NA
373,NA,NA,NA,NA,NA,NA,0.063,NA
374,NA,NA,NA,NA,NA,NA,0.063,NA
375,NA,NA,NA,NA,NA,NA,0.063,NA
376,NA,NA,NA,NA,NA,NA,0.063,NA
377,NA,NA,NA,NA,NA,NA,0.063,NA
378,NA,NA,NA,NA,NA,NA,0.063,NA
379,NA,NA,NA,NA,NA,NA,0.063,NA
390,NA,NA,NA,NA,NA,NA,0.063,NA
395,NA,NA,NA,NA,NA,NA,0.063,NA
396,NA,NA,NA,NA,NA,NA,0.063,NA
397,NA,NA,NA,NA,NA,NA,0.063,NA
398,NA,NA,NA,NA,NA,NA,0.063,NA
399,NA,NA,NA,NA,NA,NA,0.063,NA
400,NA,NA,NA,NA,NA,NA,0.063,NA
401,NA,NA,NA,NA,NA,NA,0.063,NA
402,NA,NA,NA,NA,NA,NA,0.063,NA
403,NA,NA,NA,NA,NA,NA,0.063,NA
404,NA,NA,NA,NA,NA,NA,0.063,NA
405,NA,NA,NA,NA,NA,NA,0.063,NA
406,NA,NA,NA,NA,NA,NA,0.063,NA
407,NA,NA,NA,NA,NA,NA,0.063,NA
408,NA,NA,NA,NA,NA,NA,0.063,NA
426,NA,NA,NA,NA,NA,NA,0.063,NA
427,NA,NA,NA,NA,NA,NA,0.063,NA
428,NA,NA,NA,NA,NA,NA,0.063,NA
429,NA,NA,NA,NA,NA,NA,0.063,NA
430,NA,NA,NA,NA,NA,NA,0.063,NA
431,NA,NA,NA,NA,NA,NA,0.063,NA
432,NA,NA,NA,NA,NA,NA,0.063,NA
433,NA,NA,NA,NA,NA,NA,0.063,NA
434,NA,NA,NA,NA,NA,NA,0.063,NA
435,NA,NA,NA,NA,NA,NA,0.063,NA
436,NA,NA,NA,NA,NA,NA,0.063,NA
448,NA,NA,NA,NA,NA,NA,0.063,NA
449,NA,NA,NA,NA,NA,NA,0.063,NA
450,NA,NA,NA,NA,NA,NA,0.063,NA
461,NA,NA,NA,NA,NA,NA,0.063,NA
462,NA,NA,NA,NA,NA,NA,0.063,NA
463,NA,NA,NA,NA,NA,NA,0.063,NA
464,NA,NA,NA,NA,NA,NA,0.063,NA
465,NA,NA,NA,NA,NA,NA,0.063,NA
466,NA,NA,NA,NA,NA,NA,0.063,NA
467,NA,NA,NA,NA,NA,NA,0.063,NA
468,NA,NA,NA,NA,NA,NA,0.063,NA
469,NA,NA,NA,NA,NA,NA,0.063,NA
470,NA,NA,NA,NA,NA,NA,0.063,NA
471,NA,NA,NA,NA,NA,NA,0.063,NA
487,NA,NA,NA,NA,NA,NA,0.063,NA
488,NA,NA,NA,NA,NA,NA,0.063,NA
489,NA,NA,NA,NA,NA,NA,0.063,NA
490,NA,NA,NA,NA,NA,NA,0.063,NA
491,NA,NA,NA,NA,NA,NA,0.063,NA
492,NA,NA,NA,NA,NA,NA,0.063,NA
493,NA,NA,NA,NA,NA,NA,0.063,NA
494,NA,NA,NA,NA,NA,NA,0.063,NA
495,NA,NA,NA,NA,NA,NA,0.063,NA
496,NA,NA,NA,NA,NA,NA,0.063,NA
497,NA,NA,NA,NA,NA,NA,0.063,NA
498,NA,NA,NA,NA,NA,NA,0.063,NA
499,NA,NA,NA,NA,NA,NA,0.063,NA
500,NA,NA,NA,NA,NA,NA,0.063,NA
501,NA,NA,NA,NA,NA,NA,0.063,NA
502,NA,NA,NA,NA,NA,NA,0.063,NA
503,NA,NA,NA,NA,NA,NA,0.063,NA
504,NA,NA,NA,NA,NA,NA,0.063,NA
520,NA,NA,NA,NA,NA,NA,0.063,NA
521,NA,NA,NA,NA,NA,NA,0.063,NA
522,NA,NA,NA,NA,NA,NA,0.063,NA
523,NA,NA,NA,NA,NA,NA,0.063,NA
524,NA,NA,NA,NA,NA,NA,0.063,NA
525,NA,NA,NA,NA,NA,NA,0.063,NA
526,NA,NA,NA,NA,NA,NA,0.063,NA
527,NA,NA,NA,NA,NA,NA,0.063,NA
541,NA,NA,NA,NA,NA,NA,0.063,NA
542,NA,NA,NA,NA,NA,NA,0.063,NA
543,NA,NA,NA,NA,NA,NA,0.063,NA
544,NA,NA,NA,NA,NA,NA,0.063,NA
545,NA,NA,NA,NA,NA,NA,0.063,NA
546,NA,NA,NA,NA,NA,NA,0.063,NA
547,NA,NA,NA,NA,NA,NA,0.063,NA
548,NA,NA,NA,NA,NA,NA,0.063,NA
549,NA,NA,NA,NA,NA,NA,0.063,NA
550,NA,NA,NA,NA,NA,NA,0.063,NA
551,NA,NA,NA,NA,NA,NA,0.063,NA
552,NA,NA,NA,NA,NA,NA,0.063,NA
553,NA,NA,NA,NA,NA,NA,0.063,NA
554,NA,NA,NA,NA,NA,NA,0.063,NA
555,NA,NA,NA,NA,NA,NA,0.063,NA
556,NA,NA,NA,NA,NA,NA,0.063,NA
557,NA,NA,NA,NA,NA,NA,0.063,NA
558,NA,NA,NA,NA,NA,NA,0.063,NA
559,NA,NA,NA,NA,NA,NA,0.063,NA
560,NA,NA,NA,NA,NA,NA,0.063,NA
561,NA,NA,NA,NA,NA,NA,0.063,NA
565,NA,NA,NA,NA,NA,NA,0.063,NA
579,NA,NA,NA,NA,NA,NA,0.063,NA
580,NA,NA,NA,NA,NA,NA,0.063,NA
581,NA,NA,NA,NA,NA,NA,0.063,NA
582,NA,NA,NA,NA,NA,NA,0.063,NA
583,NA,NA,NA,NA,NA,NA,0.063,NA
584,NA,NA,NA,NA,NA,NA,0.063,NA
585,NA,NA,NA,NA,NA,NA,0.063,NA
586,NA,NA,NA,NA,NA,NA,0.063,NA
587,NA,NA,NA,NA,NA,NA,0.063,NA
588,NA,NA,NA,NA,NA,NA,0.063,NA
589,NA,NA,NA,NA,NA,NA,0.063,NA
590,NA,NA,NA,NA,NA,NA,0.063,NA
591,NA,NA,NA,NA,NA,NA,0.063,NA
592,NA,NA,NA,NA,NA,NA,0.063,NA
593,NA,NA,NA,NA,NA,NA,0.063,NA
594,NA,NA,NA,NA,NA,NA,0.063,NA
595,NA,NA,NA,NA,NA,NA,0.063,NA
596,NA,NA,NA,NA,NA,NA,0.063,NA
597,NA,NA,NA,NA,NA,NA,0.063,NA
598,NA,NA,NA,NA,NA,NA,0.063,NA
615,NA,NA,NA,NA,NA,NA,0.063,NA
616,NA,NA,NA,NA,NA,NA,0.063,NA
617,NA,NA,NA,NA,NA,NA,0.063,NA
618,NA,NA,NA,NA,NA,NA,0.063,NA
619,NA,NA,NA,NA,NA,NA,0.063,NA
620,NA,NA,NA,NA,NA,NA,0.063,NA
621,NA,NA,NA,NA,NA,NA,0.063,NA
622,NA,NA,NA,NA,NA,NA,0.063,NA
623,NA,NA,NA,NA,NA,NA,0.063,NA
624,NA,NA,NA,NA,NA,NA,0.063,NA
625,NA,NA,NA,NA,NA,NA,0.063,NA
626,NA,NA,NA,NA,NA,NA,0.063,NA
627,NA,NA,NA,NA,NA,NA,0.063,NA
628,NA,NA,NA,NA,NA,NA,0.063,NA
629,NA,NA,NA,NA,NA,NA,0.063,NA
630,NA,NA,NA,NA,NA,NA,0.063,NA
631,NA,NA,NA,NA,NA,NA,0.063,NA
632,NA,NA,NA,NA,NA,NA,0.063,NA
633,NA,NA,NA,NA,NA,NA,0.063,NA
649,NA,NA,NA,NA,NA,NA,0.063,NA
650,NA,NA,NA,NA,NA,NA,0.063,NA
651,NA,NA,NA,NA,NA,NA,0.063,NA
652,NA,NA,NA,NA,NA,NA,0.063,NA
653,NA,NA,NA,NA,NA,NA,0.063,NA
654,NA,NA,NA,NA,NA,NA,0.063,NA
655,NA,NA,NA,NA,NA,NA,0.063,NA
656,NA,NA,NA,NA,NA,NA,0.063,NA
657,NA,NA,NA,NA,NA,NA,0.063,NA
658,NA,NA,NA,NA,NA,NA,0.063,NA
659,NA,NA,NA,NA,NA,NA,0.063,NA
660,NA,NA,NA,NA,NA,NA,0.063,NA
661,NA,NA,NA,NA,NA,NA,0.063,NA
662,NA,NA,NA,NA,NA,NA,0.063,NA
663,NA,NA,NA,NA,NA,NA,0.063,NA
664,NA,NA,NA,NA,NA,NA,0.063,NA
665,NA,NA,NA,NA,NA,NA,0.063,NA
666,NA,NA,NA,NA,NA,NA,0.063,NA
667,NA,NA,NA,NA,NA,NA,0.063,NA
668,NA,NA,NA,NA,NA,NA,0.063,NA
669,NA,NA,NA,NA,NA,NA,0.063,NA
670,NA,NA,NA,NA,NA,NA,0.063,NA
671,NA,NA,NA,NA,NA,NA,0.063,NA
672,NA,NA,NA,NA,NA,NA,0.063,NA
673,NA,NA,NA,NA,NA,NA,0.063,NA
692,NA,NA,NA,NA,NA,NA,0.063,NA
693,NA,NA,NA,NA,NA,NA,0.063,NA
694,NA,NA,NA,NA,NA,NA,0.063,NA
695,NA,NA,NA,NA,NA,NA,0.063,NA
696,NA,NA,NA,NA,NA,NA,0.063,NA
697,NA,NA,NA,NA,NA,NA,0.063,NA
698,NA,NA,NA,NA,NA,NA,0.063,NA
699,NA,NA,NA,NA,NA,NA,0.063,NA
707,NA,NA,NA,NA,NA,NA,0.063,NA
711,NA,NA,NA,NA,NA,NA,0.063,NA
712,NA,NA,NA,NA,NA,NA,0.063,NA
713,NA,NA,NA,NA,NA,NA,0.063,NA
714,NA,NA,NA,NA,NA,NA,0.063,NA
715,NA,NA,NA,NA,NA,NA,0.063,NA
716,NA,NA,NA,NA,NA,NA,0.063,NA
717,NA,NA,NA,NA,NA,NA,0.063,NA
718,NA,NA,NA,NA,NA,NA,0.063,NA
731,NA,NA,NA,NA,NA,NA,0.063,NA
735,NA,NA,NA,NA,NA,NA,0.063,NA
736,NA,NA,NA,NA,NA,NA,0.063,NA
737,NA,NA,NA,NA,NA,NA,0.063,NA
738,NA,NA,NA,NA,NA,NA,0.063,NA
739,NA,NA,NA,NA,NA,NA,0.063,NA
740,NA,NA,NA,NA,NA,NA,0.063,NA
741,NA,NA,NA,NA,NA,NA,0.063,NA
742,NA,NA,NA,NA,NA,NA,0.063,NA
743,NA,NA,NA,NA,NA,NA,0.063,NA
744,NA,NA,NA,NA,NA,NA,0.063,NA
745,NA,NA,NA,NA,NA,NA,0.063,NA
746,NA,NA,NA,NA,NA,NA,0.063,NA
747,NA,NA,NA,NA,NA,NA,0.063,NA
748,NA,NA,NA,NA,NA,NA,0.063,NA
766,NA,NA,NA,NA,NA,NA,0.063,NA
768,NA,NA,NA,NA,NA,NA,0.063,NA
769,NA,NA,NA,NA,NA,NA,0.063,NA
770,NA,NA,NA,NA,NA,NA,0.063,NA
771,NA,NA,NA,NA,NA,NA,0.063,NA
772,NA,NA,NA,NA,NA,NA,0.063,NA
773,NA,NA,NA,NA,NA,NA,0.063,NA
774,NA,NA,NA,NA,NA,NA,0.063,NA
775,NA,NA,NA,NA,NA,NA,0.063,NA
776,NA,NA,NA,NA,NA,NA,0.063,NA
777,NA,NA,NA,NA,NA,NA,0.063,NA
778,NA,NA,NA,NA,NA,NA,0.063,NA
779,NA,NA,NA,NA,NA,NA,0.063,NA
780,NA,NA,NA,NA,NA,NA,0.063,NA
781,NA,NA,NA,NA,NA,NA,0.063,NA
782,NA,NA,NA,NA,NA,NA,0.063,NA
783,NA,NA,NA,NA,NA,NA,0.063,NA
784,NA,NA,NA,NA,NA,NA,0.063,NA
785,NA,NA,NA,NA,NA,NA,0.063,NA
786,NA,NA,NA,NA,NA,NA,0.063,NA
787,NA,NA,NA,NA,NA,NA,0.063,NA
788,NA,NA,NA,NA,NA,NA,0.063,NA
789,NA,NA,NA,NA,NA,NA,0.063,NA
790,NA,NA,NA,NA,NA,NA,0.063,NA
791,NA,NA,NA,NA,NA,NA,0.063,NA
792,NA,NA,NA,NA,NA,NA,0.063,NA
804,NA,NA,NA,NA,NA,NA,0.063,NA
805,NA,NA,NA,NA,NA,NA,0.063,NA
806,NA,NA,NA,NA,NA,NA,0.063,NA
807,NA,NA,NA,NA,NA,NA,0.063,NA
808,NA,NA,NA,NA,NA,NA,0.063,NA
809,NA,NA,NA,NA,NA,NA,0.063,NA
817,NA,NA,NA,NA,NA,NA,0.063,NA
818,NA,NA,NA,NA,NA,NA,0.063,NA
819,NA,NA,NA,NA,NA,NA,0.063,NA
820,NA,NA,NA,NA,NA,NA,0.063,NA
821,NA,NA,NA,NA,NA,NA,0.063,NA
822,NA,NA,NA,NA,NA,NA,0.063,NA
823,NA,NA,NA,NA,NA,NA,0.063,NA
824,NA,NA,NA,NA,NA,NA,0.063,NA
826,NA,NA,NA,NA,NA,NA,0.063,NA
827,NA,NA,NA,NA,NA,NA,0.063,NA
847,NA,NA,NA,NA,NA,NA,0.063,NA
848,NA,NA,NA,NA,NA,NA,0.063,NA
849,NA,NA,NA,NA,NA,NA,0.063,NA
850,NA,NA,NA,NA,NA,NA,0.063,NA
851,NA,NA,NA,NA,NA,NA,0.063,NA
852,NA,NA,NA,NA,NA,NA,0.063,NA
853,NA,NA,NA,NA,NA,NA,0.063,NA
854,NA,NA,NA,NA,NA,NA,0.063,NA
855,NA,NA,NA,NA,NA,NA,0.063,NA
856,NA,NA,NA,NA,NA,NA,0.063,NA
857,NA,NA,NA,NA,NA,NA,0.063,NA
858,NA,NA,NA,NA,NA,NA,0.063,NA
859,NA,NA,NA,NA,NA,NA,0.063,NA
860,NA,NA,NA,NA,NA,NA,0.063,NA
881,NA,NA,NA,NA,NA,NA,0.063,NA
884,NA,NA,NA,NA,NA,NA,0.063,NA
885,NA,NA,NA,NA,NA,NA,0.063,NA
886,NA,NA,NA,NA,NA,NA,0.063,NA
887,NA,NA,NA,NA,NA,NA,0.063,NA
888,NA,NA,NA,NA,NA,NA,0.063,NA
889,NA,NA,NA,NA,NA,NA,0.063,NA
890,NA,NA,NA,NA,NA,NA,0.063,NA
891,NA,NA,NA,NA,NA,NA,0.063,NA
892,NA,NA,NA,NA,NA,NA,0.063,NA
893,NA,NA,NA,NA,NA,NA,0.063,NA
894,NA,NA,NA,NA,NA,NA,0.063,NA
895,NA,NA,NA,NA,NA,NA,0.063,NA
896,NA,NA,NA,NA,NA,NA,0.063,NA
897,NA,NA,NA,NA,NA,NA,0.063,NA
898,NA,NA,NA,NA,NA,NA,0.063,NA
899,NA,NA,NA,NA,NA,NA,0.063,NA
900,NA,NA,NA,NA,NA,NA,0.063,NA
901,NA,NA,NA,NA,NA,NA,0.063,NA
902,NA,NA,NA,NA,NA,NA,0.063,NA
903,NA,NA,NA,NA,NA,NA,0.063,NA
904,NA,NA,NA,NA,NA,NA,0.063,NA
905,NA,NA,NA,NA,NA,NA,0.063,NA
906,NA,NA,NA,NA,NA,NA,0.063,NA
907,NA,NA,NA,NA,NA,NA,0.063,NA
908,NA,NA,NA,NA,NA,NA,0.063,NA
909,NA,NA,NA,NA,NA,NA,0.063,NA
910,NA,NA,NA,NA,NA,NA,0.063,NA
911,NA,NA,NA,NA,NA,NA,0.063,NA
912,NA,NA,NA,NA,NA,NA,0.063,NA
913,NA,NA,NA,NA,NA,NA,0.063,NA
914,NA,NA,NA,NA,NA,NA,0.063,NA
915,NA,NA,NA,NA,NA,NA,0.063,NA
916,NA,NA,NA,NA,NA,NA,0.063,NA
917,NA,NA,NA,NA,NA,NA,0.063,NA
918,NA,NA,NA,NA,NA,NA,0.063,NA
919,NA,NA,NA,NA,NA,NA,0.063,NA
920,NA,NA,NA,NA,NA,NA,0.063,NA
921,NA,NA,NA,NA,NA,NA,0.063,NA
922,NA,NA,NA,NA,NA,NA,0.063,NA
923,NA,NA,NA,NA,NA,NA,0.063,NA
924,NA,NA,NA,NA,NA,NA,0.063,NA
925,NA,NA,NA,NA,NA,NA,0.063,NA
926,NA,NA,NA,NA,NA,NA,0.063,NA
927,NA,NA,NA,NA,NA,NA,0.063,NA
928,NA,NA,NA,NA,NA,NA,0.063,NA
929,NA,NA,NA,NA,NA,NA,0.063,NA
930,NA,NA,NA,NA,NA,NA,0.063,NA
931,NA,NA,NA,NA,NA,NA,0.063,NA
932,NA,NA,NA,NA,NA,NA,0.063,NA
933,NA,NA,NA,NA,NA,NA,0.063,NA
934,NA,NA,NA,NA,NA,NA,0.063,NA
935,NA,NA,NA,NA,NA,NA,0.063,NA
936,NA,NA,NA,NA,NA,NA,0.063,NA
937,NA,NA,NA,NA,NA,NA,0.063,NA
938,NA,NA,NA,NA,NA,NA,0.063,NA
939,NA,NA,NA,NA,NA,NA,0.063,NA
940,NA,NA,NA,NA,NA,NA,0.063,NA
958,NA,NA,NA,NA,NA,NA,0.063,NA
959,NA,NA,NA,NA,NA,NA,0.063,NA
960,NA,NA,NA,NA,NA,NA,0.063,NA
961,NA,NA,NA,NA,NA,NA,0.063,NA
962,NA,NA,NA,NA,NA,NA,0.063,NA
963,NA,NA,NA,NA,NA,NA,0.063,NA
964,NA,NA,NA,NA,NA,NA,0.063,NA
965,NA,NA,NA,NA,NA,NA,0.063,NA
978,NA,NA,NA,NA,NA,NA,0.063,NA
979,NA,NA,NA,NA,NA,NA,0.063,NA
980,NA,NA,NA,NA,NA,NA,0.063,NA
981,NA,NA,NA,NA,NA,NA,0.063,NA
982,NA,NA,NA,NA,NA,NA,0.063,NA
983,NA,NA,NA,NA,NA,NA,0.063,NA
984,NA,NA,NA,NA,NA,NA,0.063,NA
985,NA,NA,NA,NA,NA,NA,0.063,NA
986,NA,NA,NA,NA,NA,NA,0.063,NA
987,NA,NA,NA,NA,NA,NA,0.063,NA
988,NA,NA,NA,NA,NA,NA,0.063,NA
989,NA,NA,NA,NA,NA,NA,0.063,NA
992,NA,NA,NA,NA,NA,NA,0.063,NA
998,NA,NA,NA,NA,NA,NA,0.063,NA
999,NA,NA,NA,NA,NA,NA,0.063,NA
1000,NA,NA,NA,NA,NA,NA,0.063,NA
1001,NA,NA,NA,NA,NA,NA,0.063,NA
1002,NA,NA,NA,NA,NA,NA,0.063,NA
1003,NA,NA,NA,NA,NA,NA,0.063,NA
1016,NA,NA,NA,NA,NA,NA,0.063,NA
1017,NA,NA,NA,NA,NA,NA,0.063,NA
1018,NA,NA,NA,NA,NA,NA,0.063,NA
1019,NA,NA,NA,NA,NA,NA,0.063,NA
1020,NA,NA,NA,NA,NA,NA,0.063,NA
1021,NA,NA,NA,NA,NA,NA,0.063,NA
1022,NA,NA,NA,NA,NA,NA,0.063,NA
1023,NA,NA,NA,NA,NA,NA,0.063,NA
1046,NA,NA,NA,NA,NA,NA,0.063,NA
1047,NA,NA,NA,NA,NA,NA,0.063,NA
1048,NA,NA,NA,NA,NA,NA,0.063,NA
1049,NA,NA,NA,NA,NA,NA,0.063,NA
1050,NA,NA,NA,NA,NA,NA,0.063,NA
1051,NA,NA,NA,NA,NA,NA,0.063,NA
1052,NA,NA,NA,NA,NA,NA,0.063,NA
1053,NA,NA,NA,NA,NA,NA,0.063,NA
1054,NA,NA,NA,NA,NA,NA,0.063,NA
1055,NA,NA,NA,NA,NA,NA,0.063,NA
1056,NA,NA,NA,NA,NA,NA,0.063,NA
1057,NA,NA,NA,NA,NA,NA,0.063,NA
1058,NA,NA,NA,NA,NA,NA,0.063,NA
1059,NA,NA,NA,NA,NA,NA,0.063,NA
1060,NA,NA,NA,NA,NA,NA,0.063,NA
1061,NA,NA,NA,NA,NA,NA,0.063,NA
1062,NA,NA,NA,NA,NA,NA,0.063,NA
1063,NA,NA,NA,NA,NA,NA,0.063,NA
1064,NA,NA,NA,NA,NA,NA,0.063,NA
1065,NA,NA,NA,NA,NA,NA,0.063,NA
1066,NA,NA,NA,NA,NA,NA,0.063,NA
1067,NA,NA,NA,NA,NA,NA,0.063,NA
1068,NA,NA,NA,NA,NA,NA,0.063,NA
1076,NA,NA,NA,NA,NA,NA,0.063,NA
1088,NA,NA,NA,NA,NA,NA,0.063,NA
1090,NA,NA,NA,NA,NA,NA,0.063,NA
1092,NA,NA,NA,NA,NA,NA,0.063,NA
1093,NA,NA,NA,NA,NA,NA,0.063,NA
1094,NA,NA,NA,NA,NA,NA,0.063,NA
1095,NA,NA,NA,NA,NA,NA,0.063,NA
1096,NA,NA,NA,NA,NA,NA,0.063,NA
1097,NA,NA,NA,NA,NA,NA,0.063,NA
1098,NA,NA,NA,NA,NA,NA,0.063,NA
1099,NA,NA,NA,NA,NA,NA,0.063,NA
1100,NA,NA,NA,NA,NA,NA,0.063,NA
1101,NA,NA,NA,NA,NA,NA,0.063,NA
1102,NA,NA,NA,NA,NA,NA,0.063,NA
1103,NA,NA,NA,NA,NA,NA,0.063,NA
1104,NA,NA,NA,NA,NA,NA,0.063,NA
1105,NA,NA,NA,NA,NA,NA,0.063,NA
1106,NA,NA,NA,NA,NA,NA,0.063,NA
1119,NA,NA,NA,NA,NA,NA,0.063,NA
1120,NA,NA,NA,NA,NA,NA,0.063,NA
1121,NA,NA,NA,NA,NA,NA,0.063,NA
1122,NA,NA,NA,NA,NA,NA,0.063,NA
1127,NA,NA,NA,NA,NA,NA,0.063,NA
1129,NA,NA,NA,NA,NA,NA,0.063,NA
1131,NA,NA,NA,NA,NA,NA,0.063,NA
1132,NA,NA,NA,NA,NA,NA,0.063,NA
1133,NA,NA,NA,NA,NA,NA,0.063,NA
1134,NA,NA,NA,NA,NA,NA,0.063,NA
1135,NA,NA,NA,NA,NA,NA,0.063,NA
1136,NA,NA,NA,NA,NA,NA,0.063,NA
1137,NA,NA,NA,NA,NA,NA,0.063,NA
1138,NA,NA,NA,NA,NA,NA,0.063,NA
1139,NA,NA,NA,NA,NA,NA,0.063,NA
1140,NA,NA,NA,NA,NA,NA,0.063,NA
1141,NA,NA,NA,NA,NA,NA,0.063,NA
1142,NA,NA,NA,NA,NA,NA,0.063,NA
1149,NA,NA,NA,NA,NA,NA,0.063,NA
1150,NA,NA,NA,NA,NA,NA,0.063,NA
1151,NA,NA,NA,NA,NA,NA,0.063,NA
1152,NA,NA,NA,NA,NA,NA,0.063,NA
1153,NA,NA,NA,NA,NA,NA,0.063,NA
1154,NA,NA,NA,NA,NA,NA,0.063,NA
1155,NA,NA,NA,NA,NA,NA,0.063,NA
1156,NA,NA,NA,NA,NA,NA,0.063,NA
1157,NA,NA,NA,NA,NA,NA,0.063,NA
1169,NA,NA,NA,NA,NA,NA,0.063,NA
1175,NA,NA,NA,NA,NA,NA,0.063,NA
1176,NA,NA,NA,NA,NA,NA,0.063,NA
1177,NA,NA,NA,NA,NA,NA,0.063,NA
1178,NA,NA,NA,NA,NA,NA,0.063,NA
1179,NA,NA,NA,NA,NA,NA,0.063,NA
1180,NA,NA,NA,NA,NA,NA,0.063,NA
1181,NA,NA,NA,NA,NA,NA,0.063,NA
1182,NA,NA,NA,NA,NA,NA,0.063,NA
1183,NA,NA,NA,NA,NA,NA,0.063,NA
1184,NA,NA,NA,NA,NA,NA,0.063,NA
1185,NA,NA,NA,NA,NA,NA,0.063,NA
1186,NA,NA,NA,NA,NA,NA,0.063,NA
1187,NA,NA,NA,NA,NA,NA,0.063,NA
1188,NA,NA,NA,NA,NA,NA,0.063,NA
1189,NA,NA,NA,NA,NA,NA,0.063,NA
1190,NA,NA,NA,NA,NA,NA,0.063,NA
1191,NA,NA,NA,NA,NA,NA,0.063,NA
1192,NA,NA,NA,NA,NA,NA,0.063,NA
1193,NA,NA,NA,NA,NA,NA,0.063,NA
1194,NA,NA,NA,NA,NA,NA,0.063,NA
1195,NA,NA,NA,NA,NA,NA,0.063,NA
1196,NA,NA,NA,NA,NA,NA,0.063,NA
1197,NA,NA,NA,NA,NA,NA,0.063,NA
1198,NA,NA,NA,NA,NA,NA,0.063,NA
1199,NA,NA,NA,NA,NA,NA,0.063,NA
1215,NA,NA,NA,NA,NA,NA,0.063,NA
1216,NA,NA,NA,NA,NA,NA,0.063,NA
1217,NA,NA,NA,NA,NA,NA,0.063,NA
1218,NA,NA,NA,NA,NA,NA,0.063,NA
1219,NA,NA,NA,NA,NA,NA,0.063,NA
1220,NA,NA,NA,NA,NA,NA,0.063,NA
1221,NA,NA,NA,NA,NA,NA,0.063,NA
1222,NA,NA,NA,NA,NA,NA,0.063,NA
1228,NA,NA,NA,NA,NA,NA,0.063,NA
1242,NA,NA,NA,NA,NA,NA,0.063,NA
1243,NA,NA,NA,NA,NA,NA,0.063,NA
1244,NA,NA,NA,NA,NA,NA,0.063,NA
1245,NA,NA,NA,NA,NA,NA,0.063,NA
1246,NA,NA,NA,NA,NA,NA,0.063,NA
1247,NA,NA,NA,NA,NA,NA,0.063,NA
1248,NA,NA,NA,NA,NA,NA,0.063,NA
1249,NA,NA,NA,NA,NA,NA,0.063,NA
1250,NA,NA,NA,NA,NA,NA,0.063,NA
1251,NA,NA,NA,NA,NA,NA,0.063,NA
1252,NA,NA,NA,NA,NA,NA,0.063,NA
1253,NA,NA,NA,NA,NA,NA,0.063,NA
1254,NA,NA,NA,NA,NA,NA,0.063,NA
1255,NA,NA,NA,NA,NA,NA,0.063,NA
1256,NA,NA,NA,NA,NA,NA,0.063,NA
1257,NA,NA,NA,NA,NA,NA,0.063,NA
1258,NA,NA,NA,NA,NA,NA,0.063,NA
1259,NA,NA,NA,NA,NA,NA,0.063,NA
1260,NA,NA,NA,NA,NA,NA,0.063,NA
1268,NA,NA,NA,NA,NA,NA,0.063,NA
1272,NA,NA,NA,NA,NA,NA,0.063,NA
1273,NA,NA,NA,NA,NA,NA,0.063,NA
1274,NA,NA,NA,NA,NA,NA,0.063,NA
1275,NA,NA,NA,NA,NA,NA,0.063,NA
1276,NA,NA,NA,NA,NA,NA,0.063,NA
1277,NA,NA,NA,NA,NA,NA,0.063,NA
1278,NA,NA,NA,NA,NA,NA,0.063,NA
1279,NA,NA,NA,NA,NA,NA,0.063,NA
1280,NA,NA,NA,NA,NA,NA,0.063,NA
1281,NA,NA,NA,NA,NA,NA,0.063,NA
1282,NA,NA,NA,NA,NA,NA,0.063,NA
1285,NA,NA,NA,NA,NA,NA,0.063,NA
1298,NA,NA,NA,NA,NA,NA,0.063,NA
1299,NA,NA,NA,NA,NA,NA,0.063,NA
1309,NA,NA,NA,NA,NA,NA,0.063,NA
1310,NA,NA,NA,NA,NA,NA,0.063,NA
1311,NA,NA,NA,NA,NA,NA,0.063,NA
1312,NA,NA,NA,NA,NA,NA,0.063,NA
1313,NA,NA,NA,NA,NA,NA,0.063,NA
1314,NA,NA,NA,NA,NA,NA,0.063,NA
1315,NA,NA,NA,NA,NA,NA,0.063,NA
1316,NA,NA,NA,NA,NA,NA,0.063,NA
1317,NA,NA,NA,NA,NA,NA,0.063,NA
1318,NA,NA,NA,NA,NA,NA,0.063,NA
1319,NA,NA,NA,NA,NA,NA,0.063,NA
1320,NA,NA,NA,NA,NA,NA,0.063,NA
1321,NA,NA,NA,NA,NA,NA,0.063,NA
1322,NA,NA,NA,NA,NA,NA,0.063,NA
1323,NA,NA,NA,NA,NA,NA,0.063,NA
1324,NA,NA,NA,NA,NA,NA,0.063,NA
1325,NA,NA,NA,NA,NA,NA,0.063,NA
1326,NA,NA,NA,NA,NA,NA,0.063,NA
1327,NA,NA,NA,NA,NA,NA,0.063,NA
1328,NA,NA,NA,NA,NA,NA,0.063,NA
1329,NA,NA,NA,NA,NA,NA,0.063,NA
1330,NA,NA,NA,NA,NA,NA,0.063,NA
1331,NA,NA,NA,NA,NA,NA,0.063,NA
1332,NA,NA,NA,NA,NA,NA,0.063,NA
1333,NA,NA,NA,NA,NA,NA,0.063,NA
1334,NA,NA,NA,NA,NA,NA,0.063,NA
1335,NA,NA,NA,NA,NA,NA,0.063,NA
1336,NA,NA,NA,NA,NA,NA,0.063,NA
1337,NA,NA,NA,NA,NA,NA,0.063,NA
1338,NA,NA,NA,NA,NA,NA,0.063,NA
1339,NA,NA,NA,NA,NA,NA,0.063,NA
1340,NA,NA,NA,NA,NA,NA,0.063,NA
1341,NA,NA,NA,NA,NA,NA,0.063,NA
1342,NA,NA,NA,NA,NA,NA,0.063,NA
1343,NA,NA,NA,NA,NA,NA,0.063,NA
1344,NA,NA,NA,NA,NA,NA,0.063,NA
1356,NA,NA,NA,NA,NA,NA,0.063,NA
1357,NA,NA,NA,NA,NA,NA,0.063,NA
1358,NA,NA,NA,NA,NA,NA,0.063,NA
1359,NA,NA,NA,NA,NA,NA,0.063,NA
1360,NA,NA,NA,NA,NA,NA,0.063,NA
1361,NA,NA,NA,NA,NA,NA,0.063,NA
1362,NA,NA,NA,NA,NA,NA,0.063,NA
1363,NA,NA,NA,NA,NA,NA,0.063,NA
1364,NA,NA,NA,NA,NA,NA,0.063,NA
1365,NA,NA,NA,NA,NA,NA,0.063,NA
1366,NA,NA,NA,NA,NA,NA,0.063,NA
1367,NA,NA,NA,NA,NA,NA,0.063,NA
1378,NA,NA,NA,NA,NA,NA,0.063,NA
1379,NA,NA,NA,NA,NA,NA,0.063,NA
1380,NA,NA,NA,NA,NA,NA,0.063,NA
1381,NA,NA,NA,NA,NA,NA,0.063,NA
1382,NA,NA,NA,NA,NA,NA,0.063,NA
1398,NA,NA,NA,NA,NA,NA,0.063,NA
1399,NA,NA,NA,NA,NA,NA,0.063,NA
1400,NA,NA,NA,NA,NA,NA,0.063,NA
1401,NA,NA,NA,NA,NA,NA,0.063,NA
1402,NA,NA,NA,NA,NA,NA,0.063,NA
1403,NA,NA,NA,NA,NA,NA,0.063,NA
1404,NA,NA,NA,NA,NA,NA,0.063,NA
1405,NA,NA,NA,NA,NA,NA,0.063,NA
1406,NA,NA,NA,NA,NA,NA,0.063,NA
1407,NA,NA,NA,NA,NA,NA,0.063,NA
1408,NA,NA,NA,NA,NA,NA,0.063,NA
1409,NA,NA,NA,NA,NA,NA,0.063,NA
1421,NA,NA,NA,NA,NA,NA,0.063,NA
1422,NA,NA,NA,NA,NA,NA,0.063,NA
1423,NA,NA,NA,NA,NA,NA,0.063,NA
1424,NA,NA,NA,NA,NA,NA,0.063,NA
1425,NA,NA,NA,NA,NA,NA,0.063,NA
1426,NA,NA,NA,NA,NA,NA,0.063,NA
1428,NA,NA,NA,NA,NA,NA,0.063,NA
1441,NA,NA,NA,NA,NA,NA,0.063,NA
1442,NA,NA,NA,NA,NA,NA,0.063,NA
1443,NA,NA,NA,NA,NA,NA,0.063,NA
1444,NA,NA,NA,NA,NA,NA,0.063,NA
1445,NA,NA,NA,NA,NA,NA,0.063,NA
1446,NA,NA,NA,NA,NA,NA,0.063,NA
1447,NA,NA,NA,NA,NA,NA,0.063,NA
1448,NA,NA,NA,NA,NA,NA,0.063,NA
1449,NA,NA,NA,NA,NA,NA,0.063,NA
1450,NA,NA,NA,NA,NA,NA,0.063,NA
1451,NA,NA,NA,NA,NA,NA,0.063,NA
1452,NA,NA,NA,NA,NA,NA,0.063,NA
1453,NA,NA,NA,NA,NA,NA,0.063,NA
1454,NA,NA,NA,NA,NA,NA,0.063,NA
1469,NA,NA,NA,NA,NA,NA,0.063,NA
1470,NA,NA,NA,NA,NA,NA,0.063,NA
1471,NA,NA,NA,NA,NA,NA,0.063,NA
1472,NA,NA,NA,NA,NA,NA,0.063,NA
1473,NA,NA,NA,NA,NA,NA,0.063,NA
1474,NA,NA,NA,NA,NA,NA,0.063,NA
1475,NA,NA,NA,NA,NA,NA,0.063,NA
1476,NA,NA,NA,NA,NA,NA,0.063,NA
1477,NA,NA,NA,NA,NA,NA,0.063,NA
1478,NA,NA,NA,NA,NA,NA,0.063,NA
1479,NA,NA,NA,NA,NA,NA,0.063,NA
1480,NA,NA,NA,NA,NA,NA,0.063,NA
1481,NA,NA,NA,NA,NA,NA,0.063,NA
1482,NA,NA,NA,NA,NA,NA,0.063,NA
1483,NA,NA,NA,NA,NA,NA,0.063,NA
1484,NA,NA,NA,NA,NA,NA,0.063,NA
1485,NA,NA,NA,NA,NA,NA,0.063,NA
1486,NA,NA,NA,NA,NA,NA,0.063,NA
1487,NA,NA,NA,NA,NA,NA,0.063,NA
1488,NA,NA,NA,NA,NA,NA,0.063,NA
1489,NA,NA,NA,NA,NA,NA,0.063,NA
1490,NA,NA,NA,NA,NA,NA,0.063,NA
1491,NA,NA,NA,NA,NA,NA,0.063,NA
1492,NA,NA,NA,NA,NA,NA,0.063,NA
1493,NA,NA,NA,NA,NA,NA,0.063,NA
1494,NA,NA,NA,NA,NA,NA,0.063,NA
1495,NA,NA,NA,NA,NA,NA,0.063,NA
1504,NA,NA,NA,NA,NA,NA,0.063,NA
1505,NA,NA,NA,NA,NA,NA,0.063,NA
1506,NA,NA,NA,NA,NA,NA,0.063,NA
1507,NA,NA,NA,NA,NA,NA,0.063,NA
1508,NA,NA,NA,NA,NA,NA,0.063,NA
1509,NA,NA,NA,NA,NA,NA,0.063,NA
1510,NA,NA,NA,NA,NA,NA,0.063,NA
1511,NA,NA,NA,NA,NA,NA,0.063,NA
1512,NA,NA,NA,NA,NA,NA,0.063,NA
1513,NA,NA,NA,NA,NA,NA,0.063,NA
1530,NA,NA,NA,NA,NA,NA,0.063,NA
1533,NA,NA,NA,NA,NA,NA,0.063,NA
1536,NA,NA,NA,NA,NA,NA,0.063,NA
1537,NA,NA,NA,NA,NA,NA,0.063,NA
1538,NA,NA,NA,NA,NA,NA,0.063,NA
1539,NA,NA,NA,NA,NA,NA,0.063,NA
1540,NA,NA,NA,NA,NA,NA,0.063,NA
1541,NA,NA,NA,NA,NA,NA,0.063,NA
1542,NA,NA,NA,NA,NA,NA,0.063,NA
1543,NA,NA,NA,NA,NA,NA,0.063,NA
1544,NA,NA,NA,NA,NA,NA,0.063,NA
1545,NA,NA,NA,NA,NA,NA,0.063,NA
1546,NA,NA,NA,NA,NA,NA,0.063,NA
1547,NA,NA,NA,NA,NA,NA,0.063,NA
1548,NA,NA,NA,NA,NA,NA,0.063,NA
1549,NA,NA,NA,NA,NA,NA,0.063,NA
1550,NA,NA,NA,NA,NA,NA,0.063,NA
1551,NA,NA,NA,NA,NA,NA,0.063,NA
1552,NA,NA,NA,NA,NA,NA,0.063,NA
1553,NA,NA,NA,NA,NA,NA,0.063,NA
1554,NA,NA,NA,NA,NA,NA,0.063,NA
1555,NA,NA,NA,NA,NA,NA,0.063,NA
1558,NA,NA,NA,NA,NA,NA,0.063,NA
1559,NA,NA,NA,NA,NA,NA,0.063,NA
1560,NA,NA,NA,NA,NA,NA,0.063,NA
1564,NA,NA,NA,NA,NA,NA,0.063,NA
1573,NA,NA,NA,NA,NA,NA,0.063,NA
1577,NA,NA,NA,NA,NA,NA,0.063,NA
1578,NA,NA,NA,NA,NA,NA,0.063,NA
1579,NA,NA,NA,NA,NA,NA,0.063,NA
1580,NA,NA,NA,NA,NA,NA,0.063,NA
1581,NA,NA,NA,NA,NA,NA,0.063,NA
1582,NA,NA,NA,NA,NA,NA,0.063,NA
1583,NA,NA,NA,NA,NA,NA,0.063,NA
1584,NA,NA,NA,NA,NA,NA,0.063,NA
1585,NA,NA,NA,NA,NA,NA,0.063,NA
1586,NA,NA,NA,NA,NA,NA,0.063,NA
1587,NA,NA,NA,NA,NA,NA,0.063,NA
1588,NA,NA,NA,NA,NA,NA,0.063,NA
1589,NA,NA,NA,NA,NA,NA,0.063,NA
1590,NA,NA,NA,NA,NA,NA,0.063,NA
1591,NA,NA,NA,NA,NA,NA,0.063,NA
1592,NA,NA,NA,NA,NA,NA,0.063,NA
1608,NA,NA,NA,NA,NA,NA,0.063,NA
1611,NA,NA,NA,NA,NA,NA,0.063,NA
1612,NA,NA,NA,NA,NA,NA,0.063,NA
1613,NA,NA,NA,NA,NA,NA,0.063,NA
1614,NA,NA,NA,NA,NA,NA,0.063,NA
1615,NA,NA,NA,NA,NA,NA,0.063,NA
1616,NA,NA,NA,NA,NA,NA,0.063,NA
1617,NA,NA,NA,NA,NA,NA,0.063,NA
1618,NA,NA,NA,NA,NA,NA,0.063,NA
1619,NA,NA,NA,NA,NA,NA,0.063,NA
1620,NA,NA,NA,NA,NA,NA,0.063,NA
1621,NA,NA,NA,NA,NA,NA,0.063,NA
1622,NA,NA,NA,NA,NA,NA,0.063,NA
1623,NA,NA,NA,NA,NA,NA,0.063,NA
1624,NA,NA,NA,NA,NA,NA,0.063,NA
1625,NA,NA,NA,NA,NA,NA,0.063,NA
1626,NA,NA,NA,NA,NA,NA,0.063,NA
1627,NA,NA,NA,NA,NA,NA,0.063,NA
1628,NA,NA,NA,NA,NA,NA,0.063,NA
1629,NA,NA,NA,NA,NA,NA,0.063,NA
1630,NA,NA,NA,NA,NA,NA,0.063,NA
1631,NA,NA,NA,NA,NA,NA,0.063,NA
1637,NA,NA,NA,NA,NA,NA,0.063,NA
1638,NA,NA,NA,NA,NA,NA,0.063,NA
1639,NA,NA,NA,NA,NA,NA,0.063,NA
1640,NA,NA,NA,NA,NA,NA,0.063,NA
1641,NA,NA,NA,NA,NA,NA,0.063,NA
1642,NA,NA,NA,NA,NA,NA,0.063,NA
1643,NA,NA,NA,NA,NA,NA,0.063,NA
1644,NA,NA,NA,NA,NA,NA,0.063,NA
1645,NA,NA,NA,NA,NA,NA,0.063,NA
1654,NA,NA,NA,NA,NA,NA,0.063,NA
1655,NA,NA,NA,NA,NA,NA,0.063,NA
1656,NA,NA,NA,NA,NA,NA,0.063,NA
1657,NA,NA,NA,NA,NA,NA,0.063,NA
1658,NA,NA,NA,NA,NA,NA,0.063,NA
1659,NA,NA,NA,NA,NA,NA,0.063,NA
1662,NA,NA,NA,NA,NA,NA,0.063,NA
1671,NA,NA,NA,NA,NA,NA,0.063,NA
1673,NA,NA,NA,NA,NA,NA,0.063,NA
1677,NA,NA,NA,NA,NA,NA,0.063,NA
1678,NA,NA,NA,NA,NA,NA,0.063,NA
1679,NA,NA,NA,NA,NA,NA,0.063,NA
1680,NA,NA,NA,NA,NA,NA,0.063,NA
1681,NA,NA,NA,NA,NA,NA,0.063,NA
1682,NA,NA,NA,NA,NA,NA,0.063,NA
1683,NA,NA,NA,NA,NA,NA,0.063,NA
1684,NA,NA,NA,NA,NA,NA,0.063,NA
1685,NA,NA,NA,NA,NA,NA,0.063,NA
1686,NA,NA,NA,NA,NA,NA,0.063,NA
1687,NA,NA,NA,NA,NA,NA,0.063,NA
1705,NA,NA,NA,NA,NA,NA,0.063,NA
1710,NA,NA,NA,NA,NA,NA,0.063,NA
1711,NA,NA,NA,NA,NA,NA,0.063,NA
1712,NA,NA,NA,NA,NA,NA,0.063,NA
1713,NA,NA,NA,NA,NA,NA,0.063,NA
1714,NA,NA,NA,NA,NA,NA,0.063,NA
1715,NA,NA,NA,NA,NA,NA,0.063,NA
1716,NA,NA,NA,NA,NA,NA,0.063,NA
1717,NA,NA,NA,NA,NA,NA,0.063,NA
1718,NA,NA,NA,NA,NA,NA,0.063,NA
1719,NA,NA,NA,NA,NA,NA,0.063,NA
1720,NA,NA,NA,NA,NA,NA,0.063,NA
1721,NA,NA,NA,NA,NA,NA,0.063,NA
1722,NA,NA,NA,NA,NA,NA,0.063,NA
1723,NA,NA,NA,NA,NA,NA,0.063,NA
1724,NA,NA,NA,NA,NA,NA,0.063,NA
1725,NA,NA,NA,NA,NA,NA,0.063,NA
1726,NA,NA,NA,NA,NA,NA,0.063,NA
1727,NA,NA,NA,NA,NA,NA,0.063,NA
1728,NA,NA,NA,NA,NA,NA,0.063,NA
1729,NA,NA,NA,NA,NA,NA,0.063,NA
1730,NA,NA,NA,NA,NA,NA,0.063,NA
1731,NA,NA,NA,NA,NA,NA,0.063,NA
1732,NA,NA,NA,NA,NA,NA,0.063,NA
1733,NA,NA,NA,NA,NA,NA,0.063,NA
1734,NA,NA,NA,NA,NA,NA,0.063,NA
1735,NA,NA,NA,NA,NA,NA,0.063,NA
1750,NA,NA,NA,NA,NA,NA,0.063,NA
1753,NA,NA,NA,NA,NA,NA,0.063,NA
1754,NA,NA,NA,NA,NA,NA,0.063,NA
1755,NA,NA,NA,NA,NA,NA,0.063,NA
1756,NA,NA,NA,NA,NA,NA,0.063,NA
1757,NA,NA,NA,NA,NA,NA,0.063,NA
1758,NA,NA,NA,NA,NA,NA,0.063,NA
1759,NA,NA,NA,NA,NA,NA,0.063,NA
1760,NA,NA,NA,NA,NA,NA,0.063,NA
1761,NA,NA,NA,NA,NA,NA,0.063,NA
1762,NA,NA,NA,NA,NA,NA,0.063,NA
1764,NA,NA,NA,NA,NA,NA,0.063,NA
1775,NA,NA,NA,NA,NA,NA,0.063,NA
1776,NA,NA,NA,NA,NA,NA,0.063,NA
1777,NA,NA,NA,NA,NA,NA,0.063,NA
1778,NA,NA,NA,NA,NA,NA,0.063,NA
1779,NA,NA,NA,NA,NA,NA,0.063,NA
1780,NA,NA,NA,NA,NA,NA,0.063,NA
1781,NA,NA,NA,NA,NA,NA,0.063,NA
1782,NA,NA,NA,NA,NA,NA,0.063,NA
1783,NA,NA,NA,NA,NA,NA,0.063,NA
1784,NA,NA,NA,NA,NA,NA,0.063,NA
1785,NA,NA,NA,NA,NA,NA,0.063,NA
1786,NA,NA,NA,NA,NA,NA,0.063,NA
1787,NA,NA,NA,NA,NA,NA,0.063,NA
1788,NA,NA,NA,NA,NA,NA,0.063,NA
1794,NA,NA,NA,NA,NA,NA,0.063,NA
1797,NA,NA,NA,NA,NA,NA,0.063,NA
1798,NA,NA,NA,NA,NA,NA,0.063,NA
1799,NA,NA,NA,NA,NA,NA,0.063,NA
1800,NA,NA,NA,NA,NA,NA,0.063,NA
1801,NA,NA,NA,NA,NA,NA,0.063,NA
1802,NA,NA,NA,NA,NA,NA,0.063,NA
1803,NA,NA,NA,NA,NA,NA,0.063,NA
1804,NA,NA,NA,NA,NA,NA,0.063,NA
1805,NA,NA,NA,NA,NA,NA,0.063,NA
1806,NA,NA,NA,NA,NA,NA,0.063,NA
1807,NA,NA,NA,NA,NA,NA,0.063,NA
1808,NA,NA,NA,NA,NA,NA,0.063,NA
1809,NA,NA,NA,NA,NA,NA,0.063,NA
1831,NA,NA,NA,NA,NA,NA,0.063,NA
1832,NA,NA,NA,NA,NA,NA,0.063,NA
1833,NA,NA,NA,NA,NA,NA,0.063,NA
1834,NA,NA,NA,NA,NA,NA,0.063,NA
1835,NA,NA,NA,NA,NA,NA,0.063,NA
1836,NA,NA,NA,NA,NA,NA,0.063,NA
1837,NA,NA,NA,NA,NA,NA,0.063,NA
1838,NA,NA,NA,NA,NA,NA,0.063,NA
1839,NA,NA,NA,NA,NA,NA,0.063,NA
1840,NA,NA,NA,NA,NA,NA,0.063,NA
1841,NA,NA,NA,NA,NA,NA,0.063,NA
1842,NA,NA,NA,NA,NA,NA,0.063,NA
1843,NA,NA,NA,NA,NA,NA,0.063,NA
1844,NA,NA,NA,NA,NA,NA,0.063,NA
1845,NA,NA,NA,NA,NA,NA,0.063,NA
1846,NA,NA,NA,NA,NA,NA,0.063,NA
1847,NA,NA,NA,NA,NA,NA,0.063,NA
1848,NA,NA,NA,NA,NA,NA,0.063,NA
1849,NA,NA,NA,NA,NA,NA,0.063,NA
1850,NA,NA,NA,NA,NA,NA,0.063,NA
1851,NA,NA,NA,NA,NA,NA,0.063,NA
1859,NA,NA,NA,NA,NA,NA,0.063,NA
1860,NA,NA,NA,NA,NA,NA,0.063,NA
1861,NA,NA,NA,NA,NA,NA,0.063,NA
1862,NA,NA,NA,NA,NA,NA,0.063,NA
1865,NA,NA,NA,NA,NA,NA,0.063,NA
1875,NA,NA,NA,NA,NA,NA,0.063,NA
1876,NA,NA,NA,NA,NA,NA,0.063,NA
1878,NA,NA,NA,NA,NA,NA,0.063,NA
1880,NA,NA,NA,NA,NA,NA,0.063,NA
1885,NA,NA,NA,NA,NA,NA,0.063,NA
1886,NA,NA,NA,NA,NA,NA,0.063,NA
1887,NA,NA,NA,NA,NA,NA,0.063,NA
1888,NA,NA,NA,NA,NA,NA,0.063,NA
1889,NA,NA,NA,NA,NA,NA,0.063,NA
1890,NA,NA,NA,NA,NA,NA,0.063,NA
1891,NA,NA,NA,NA,NA,NA,0.063,NA
1892,NA,NA,NA,NA,NA,NA,0.063,NA
1893,NA,NA,NA,NA,NA,NA,0.063,NA
1894,NA,NA,NA,NA,NA,NA,0.063,NA
1895,NA,NA,NA,NA,NA,NA,0.063,NA
1896,NA,NA,NA,NA,NA,NA,0.063,NA
1897,NA,NA,NA,NA,NA,NA,0.063,NA
1898,NA,NA,NA,NA,NA,NA,0.063,NA
1899,NA,NA,NA,NA,NA,NA,0.063,NA
1900,NA,NA,NA,NA,NA,NA,0.063,NA
1901,NA,NA,NA,NA,NA,NA,0.063,NA
1902,NA,NA,NA,NA,NA,NA,0.063,NA
1906,NA,NA,NA,NA,NA,NA,0.063,NA
1914,NA,NA,NA,NA,NA,NA,0.063,NA
1916,NA,NA,NA,NA,NA,NA,0.063,NA
1917,NA,NA,NA,NA,NA,NA,0.063,NA
1918,NA,NA,NA,NA,NA,NA,0.063,NA
1919,NA,NA,NA,NA,NA,NA,0.063,NA
1920,NA,NA,NA,NA,NA,NA,0.063,NA
1921,NA,NA,NA,NA,NA,NA,0.063,NA
1922,NA,NA,NA,NA,NA,NA,0.063,NA
1923,NA,NA,NA,NA,NA,NA,0.063,NA
1924,NA,NA,NA,NA,NA,NA,0.063,NA
1925,NA,NA,NA,NA,NA,NA,0.063,NA
1926,NA,NA,NA,NA,NA,NA,0.063,NA
1927,NA,NA,NA,NA,NA,NA,0.063,NA
1928,NA,NA,NA,NA,NA,NA,0.063,NA
1929,NA,NA,NA,NA,NA,NA,0.063,NA
1930,NA,NA,NA,NA,NA,NA,0.063,NA
1947,NA,NA,NA,NA,NA,NA,0.063,NA
1948,NA,NA,NA,NA,NA,NA,0.063,NA
1949,NA,NA,NA,NA,NA,NA,0.063,NA
1950,NA,NA,NA,NA,NA,NA,0.063,NA
1951,NA,NA,NA,NA,NA,NA,0.063,NA
1952,NA,NA,NA,NA,NA,NA,0.063,NA
1953,NA,NA,NA,NA,NA,NA,0.063,NA
1954,NA,NA,NA,NA,NA,NA,0.063,NA
1955,NA,NA,NA,NA,NA,NA,0.063,NA
1956,NA,NA,NA,NA,NA,NA,0.063,NA
1963,NA,NA,NA,NA,NA,NA,0.063,NA
1964,NA,NA,NA,NA,NA,NA,0.063,NA
1965,NA,NA,NA,NA,NA,NA,0.063,NA
1966,NA,NA,NA,NA,NA,NA,0.063,NA
1967,NA,NA,NA,NA,NA,NA,0.063,NA
1968,NA,NA,NA,NA,NA,NA,0.063,NA
1971,NA,NA,NA,NA,NA,NA,0.063,NA
1981,NA,NA,NA,NA,NA,NA,0.063,NA
1988,NA,NA,NA,NA,NA,NA,0.063,NA
1989,NA,NA,NA,NA,NA,NA,0.063,NA
1990,NA,NA,NA,NA,NA,NA,0.063,NA
1991,NA,NA,NA,NA,NA,NA,0.063,NA
1992,NA,NA,NA,NA,NA,NA,0.063,NA
1993,NA,NA,NA,NA,NA,NA,0.063,NA
1994,NA,NA,NA,NA,NA,NA,0.063,NA
1995,NA,NA,NA,NA,NA,NA,0.063,NA
1996,NA,NA,NA,NA,NA,NA,0.063,NA
1997,NA,NA,NA,NA,NA,NA,0.063,NA
1998,NA,NA,NA,NA,NA,NA,0.063,NA
1999,NA,NA,NA,NA,NA,NA,0.063,NA
2000,NA,NA,NA,NA,NA,NA,0.063,NA
2001,NA,NA,NA,NA,NA,NA,0.063,NA
2002,NA,NA,NA,NA,NA,NA,0.063,NA
2003,NA,NA,NA,NA,NA,NA,0.063,NA
2022,NA,NA,NA,NA,NA,NA,0.063,NA
2029,NA,NA,NA,NA,NA,NA,0.063,NA
2030,NA,NA,NA,NA,NA,NA,0.063,NA
2031,NA,NA,NA,NA,NA,NA,0.063,NA
2032,NA,NA,NA,NA,NA,NA,0.063,NA
2033,NA,NA,NA,NA,NA,NA,0.063,NA
2034,NA,NA,NA,NA,NA,NA,0.063,NA
2035,NA,NA,NA,NA,NA,NA,0.063,NA
2036,NA,NA,NA,NA,NA,NA,0.063,NA
2037,NA,NA,NA,NA,NA,NA,0.063,NA
2038,NA,NA,NA,NA,NA,NA,0.063,NA
2039,NA,NA,NA,NA,NA,NA,0.063,NA
2040,NA,NA,NA,NA,NA,NA,0.063,NA
2041,NA,NA,NA,NA,NA,NA,0.063,NA
2042,NA,NA,NA,NA,NA,NA,0.063,NA
2043,NA,NA,NA,NA,NA,NA,0.063,NA
2044,NA,NA,NA,NA,NA,NA,0.063,NA
2045,NA,NA,NA,NA,NA,NA,0.063,NA
2046,NA,NA,NA,NA,NA,NA,0.063,NA
2047,NA,NA,NA,NA,NA,NA,0.063,NA
2048,NA,NA,NA,NA,NA,NA,0.063,NA
2049,NA,NA,NA,NA,NA,NA,0.063,NA
2050,NA,NA,NA,NA,NA,NA,0.063,NA
2051,NA,NA,NA,NA,NA,NA,0.063,NA
2052,NA,NA,NA,NA,NA,NA,0.063,NA
2053,NA,NA,NA,NA,NA,NA,0.063,NA
2054,NA,NA,NA,NA,NA,NA,0.063,NA
2055,NA,NA,NA,NA,NA,NA,0.063,NA
2056,NA,NA,NA,NA,NA,NA,0.063,NA
2057,NA,NA,NA,NA,NA,NA,0.063,NA
2058,NA,NA,NA,NA,NA,NA,0.063,NA
2059,NA,NA,NA,NA,NA,NA,0.063,NA
2060,NA,NA,NA,NA,NA,NA,0.063,NA
2063,NA,NA,NA,NA,NA,NA,0.063,NA
2082,NA,NA,NA,NA,NA,NA,0.063,NA
2083,NA,NA,NA,NA,NA,NA,0.063,NA
2084,NA,NA,NA,NA,NA,NA,0.063,NA
2085,NA,NA,NA,NA,NA,NA,0.063,NA
2086,NA,NA,NA,NA,NA,NA,0.063,NA
2087,NA,NA,NA,NA,NA,NA,0.063,NA
2088,NA,NA,NA,NA,NA,NA,0.063,NA
2089,NA,NA,NA,NA,NA,NA,0.063,NA
2090,NA,NA,NA,NA,NA,NA,0.063,NA
2091,NA,NA,NA,NA,NA,NA,0.063,NA
2092,NA,NA,NA,NA,NA,NA,0.063,NA
2093,NA,NA,NA,NA,NA,NA,0.063,NA
2094,NA,NA,NA,NA,NA,NA,0.063,NA
2095,NA,NA,NA,NA,NA,NA,0.063,NA
2096,NA,NA,NA,NA,NA,NA,0.063,NA
2097,NA,NA,NA,NA,NA,NA,0.063,NA
2098,NA,NA,NA,NA,NA,NA,0.063,NA
2099,NA,NA,NA,NA,NA,NA,0.063,NA
2100,NA,NA,NA,NA,NA,NA,0.063,NA
2101,NA,NA,NA,NA,NA,NA,0.063,NA
2102,NA,NA,NA,NA,NA,NA,0.063,NA
2103,NA,NA,NA,NA,NA,NA,0.063,NA
2104,NA,NA,NA,NA,NA,NA,0.063,NA
2105,NA,NA,NA,NA,NA,NA,0.063,NA
2106,NA,NA,NA,NA,NA,NA,0.063,NA
2107,NA,NA,NA,NA,NA,NA,0.063,NA
2108,NA,NA,NA,NA,NA,NA,0.063,NA
2109,NA,NA,NA,NA,NA,NA,0.063,NA
2110,NA,NA,NA,NA,NA,NA,0.063,NA
2111,NA,NA,NA,NA,NA,NA,0.063,NA
2112,NA,NA,NA,NA,NA,NA,0.063,NA
2113,NA,NA,NA,NA,NA,NA,0.063,NA
2123,NA,NA,NA,NA,NA,NA,0.063,NA
2124,NA,NA,NA,NA,NA,NA,0.063,NA
2125,NA,NA,NA,NA,NA,NA,0.063,NA
2126,NA,NA,NA,NA,NA,NA,0.063,NA
2127,NA,NA,NA,NA,NA,NA,0.063,NA
2138,NA,NA,NA,NA,NA,NA,0.063,NA
2139,NA,NA,NA,NA,NA,NA,0.063,NA
2140,NA,NA,NA,NA,NA,NA,0.063,NA
2141,NA,NA,NA,NA,NA,NA,0.063,NA
2142,NA,NA,NA,NA,NA,NA,0.063,NA
2143,NA,NA,NA,NA,NA,NA,0.063,NA
2144,NA,NA,NA,NA,NA,NA,0.063,NA
2145,NA,NA,NA,NA,NA,NA,0.063,NA
2146,NA,NA,NA,NA,NA,NA,0.063,NA
2147,NA,NA,NA,NA,NA,NA,0.063,NA
2148,NA,NA,NA,NA,NA,NA,0.063,NA
2149,NA,NA,NA,NA,NA,NA,0.063,NA
2150,NA,NA,NA,NA,NA,NA,0.063,NA
2169,NA,NA,NA,NA,NA,NA,0.063,NA
2171,NA,NA,NA,NA,NA,NA,0.063,NA
2172,NA,NA,NA,NA,NA,NA,0.063,NA
2173,NA,NA,NA,NA,NA,NA,0.063,NA
2174,NA,NA,NA,NA,NA,NA,0.063,NA
2175,NA,NA,NA,NA,NA,NA,0.063,NA
2176,NA,NA,NA,NA,NA,NA,0.063,NA
2177,NA,NA,NA,NA,NA,NA,0.063,NA
2178,NA,NA,NA,NA,NA,NA,0.063,NA
2179,NA,NA,NA,NA,NA,NA,0.063,NA
2180,NA,NA,NA,NA,NA,NA,0.063,NA
2181,NA,NA,NA,NA,NA,NA,0.063,NA
2182,NA,NA,NA,NA,NA,NA,0.063,NA
2183,NA,NA,NA,NA,NA,NA,0.063,NA
2184,NA,NA,NA,NA,NA,NA,0.063,NA
2185,NA,NA,NA,NA,NA,NA,0.063,NA
2186,NA,NA,NA,NA,NA,NA,0.063,NA
2187,NA,NA,NA,NA,NA,NA,0.063,NA
2188,NA,NA,NA,NA,NA,NA,0.063,NA
2204,NA,NA,NA,NA,NA,NA,0.063,NA
2213,NA,NA,NA,NA,NA,NA,0.063,NA
2214,NA,NA,NA,NA,NA,NA,0.063,NA
2215,NA,NA,NA,NA,NA,NA,0.063,NA
2216,NA,NA,NA,NA,NA,NA,0.063,NA
2217,NA,NA,NA,NA,NA,NA,0.063,NA
2218,NA,NA,NA,NA,NA,NA,0.063,NA
2219,NA,NA,NA,NA,NA,NA,0.063,NA
2220,NA,NA,NA,NA,NA,NA,0.063,NA
2221,NA,NA,NA,NA,NA,NA,0.063,NA
2222,NA,NA,NA,NA,NA,NA,0.063,NA
2223,NA,NA,NA,NA,NA,NA,0.063,NA
2224,NA,NA,NA,NA,NA,NA,0.063,NA
2225,NA,NA,NA,NA,NA,NA,0.063,NA
2226,NA,NA,NA,NA,NA,NA,0.063,NA
2227,NA,NA,NA,NA,NA,NA,0.063,NA
2241,NA,NA,NA,NA,NA,NA,0.063,NA
2244,NA,NA,NA,NA,NA,NA,0.063,NA
2245,NA,NA,NA,NA,NA,NA,0.063,NA
2246,NA,NA,NA,NA,NA,NA,0.063,NA
2247,NA,NA,NA,NA,NA,NA,0.063,NA
2248,NA,NA,NA,NA,NA,NA,0.063,NA
2249,NA,NA,NA,NA,NA,NA,0.063,NA
2250,NA,NA,NA,NA,NA,NA,0.063,NA
2251,NA,NA,NA,NA,NA,NA,0.063,NA
2252,NA,NA,NA,NA,NA,NA,0.063,NA
2253,NA,NA,NA,NA,NA,NA,0.063,NA
2254,NA,NA,NA,NA,NA,NA,0.063,NA
2255,NA,NA,NA,NA,NA,NA,0.063,NA
2256,NA,NA,NA,NA,NA,NA,0.063,NA
2257,NA,NA,NA,NA,NA,NA,0.063,NA
2258,NA,NA,NA,NA,NA,NA,0.063,NA
2279,NA,NA,NA,NA,NA,NA,0.063,NA
2280,NA,NA,NA,NA,NA,NA,0.063,NA
2281,NA,NA,NA,NA,NA,NA,0.063,NA
2282,NA,NA,NA,NA,NA,NA,0.063,NA
2283,NA,NA,NA,NA,NA,NA,0.063,NA
2284,NA,NA,NA,NA,NA,NA,0.063,NA
2285,NA,NA,NA,NA,NA,NA,0.063,NA
2286,NA,NA,NA,NA,NA,NA,0.063,NA
2287,NA,NA,NA,NA,NA,NA,0.063,NA
2288,NA,NA,NA,NA,NA,NA,0.063,NA
2289,NA,NA,NA,NA,NA,NA,0.063,NA
2290,NA,NA,NA,NA,NA,NA,0.063,NA
2291,NA,NA,NA,NA,NA,NA,0.063,NA
2292,NA,NA,NA,NA,NA,NA,0.063,NA
2298,NA,NA,NA,NA,NA,NA,0.063,NA
2299,NA,NA,NA,NA,NA,NA,0.063,NA
2300,NA,NA,NA,NA,NA,NA,0.063,NA
2301,NA,NA,NA,NA,NA,NA,0.063,NA
2302,NA,NA,NA,NA,NA,NA,0.063,NA
2303,NA,NA,NA,NA,NA,NA,0.063,NA
2304,NA,NA,NA,NA,NA,NA,0.063,NA
2305,NA,NA,NA,NA,NA,NA,0.063,NA
2306,NA,NA,NA,NA,NA,NA,0.063,NA
2307,NA,NA,NA,NA,NA,NA,0.063,NA
2308,NA,NA,NA,NA,NA,NA,0.063,NA
2309,NA,NA,NA,NA,NA,NA,0.063,NA
2319,NA,NA,NA,NA,NA,NA,0.063,NA
2320,NA,NA,NA,NA,NA,NA,0.063,NA
2321,NA,NA,NA,NA,NA,NA,0.063,NA
2322,NA,NA,NA,NA,NA,NA,0.063,NA
2323,NA,NA,NA,NA,NA,NA,0.063,NA
2324,NA,NA,NA,NA,NA,NA,0.063,NA
2325,NA,NA,NA,NA,NA,NA,0.063,NA
2326,NA,NA,NA,NA,NA,NA,0.063,NA
2327,NA,NA,NA,NA,NA,NA,0.063,NA
2328,NA,NA,NA,NA,NA,NA,0.063,NA
2329,NA,NA,NA,NA,NA,NA,0.063,NA
2330,NA,NA,NA,NA,NA,NA,0.063,NA
2346,NA,NA,NA,NA,NA,NA,0.063,NA
2347,NA,NA,NA,NA,NA,NA,0.063,NA
2348,NA,NA,NA,NA,NA,NA,0.063,NA
2349,NA,NA,NA,NA,NA,NA,0.063,NA
2350,NA,NA,NA,NA,NA,NA,0.063,NA
2351,NA,NA,NA,NA,NA,NA,0.063,NA
2352,NA,NA,NA,NA,NA,NA,0.063,NA
2353,NA,NA,NA,NA,NA,NA,0.063,NA
2354,NA,NA,NA,NA,NA,NA,0.063,NA
2355,NA,NA,NA,NA,NA,NA,0.063,NA
2356,NA,NA,NA,NA,NA,NA,0.063,NA
2357,NA,NA,NA,NA,NA,NA,0.063,NA
2358,NA,NA,NA,NA,NA,NA,0.063,NA
2359,NA,NA,NA,NA,NA,NA,0.063,NA
2360,NA,NA,NA,NA,NA,NA,0.063,NA
2361,NA,NA,NA,NA,NA,NA,0.063,NA
2362,NA,NA,NA,NA,NA,NA,0.063,NA
2363,NA,NA,NA,NA,NA,NA,0.063,NA
2364,NA,NA,NA,NA,NA,NA,0.063,NA
2365,NA,NA,NA,NA,NA,NA,0.063,NA
2366,NA,NA,NA,NA,NA,NA,0.063,NA
2377,NA,NA,NA,NA,NA,NA,0.063,NA
2378,NA,NA,NA,NA,NA,NA,0.063,NA
2379,NA,NA,NA,NA,NA,NA,0.063,NA
2380,NA,NA,NA,NA,NA,NA,0.063,NA
2381,NA,NA,NA,NA,NA,NA,0.063,NA
2382,NA,NA,NA,NA,NA,NA,0.063,NA
2383,NA,NA,NA,NA,NA,NA,0.063,NA
2398,NA,NA,NA,NA,NA,NA,0.063,NA
2399,NA,NA,NA,NA,NA,NA,0.063,NA
2400,NA,NA,NA,NA,NA,NA,0.063,NA
2401,NA,NA,NA,NA,NA,NA,0.063,NA
2402,NA,NA,NA,NA,NA,NA,0.063,NA
2403,NA,NA,NA,NA,NA,NA,0.063,NA
2404,NA,NA,NA,NA,NA,NA,0.063,NA
2405,NA,NA,NA,NA,NA,NA,0.063,NA
2406,NA,NA,NA,NA,NA,NA,0.063,NA
2423,NA,NA,NA,NA,NA,NA,0.063,NA
2424,NA,NA,NA,NA,NA,NA,0.063,NA
2430,NA,NA,NA,NA,NA,NA,0.063,NA
2431,NA,NA,NA,NA,NA,NA,0.063,NA
2432,NA,NA,NA,NA,NA,NA,0.063,NA
2433,NA,NA,NA,NA,NA,NA,0.063,NA
2434,NA,NA,NA,NA,NA,NA,0.063,NA
2435,NA,NA,NA,NA,NA,NA,0.063,NA
2436,NA,NA,NA,NA,NA,NA,0.063,NA
2437,NA,NA,NA,NA,NA,NA,0.063,NA
2438,NA,NA,NA,NA,NA,NA,0.063,NA
2439,NA,NA,NA,NA,NA,NA,0.063,NA
2440,NA,NA,NA,NA,NA,NA,0.063,NA
2441,NA,NA,NA,NA,NA,NA,0.063,NA
2442,NA,NA,NA,NA,NA,NA,0.063,NA
2443,NA,NA,NA,NA,NA,NA,0.063,NA
2444,NA,NA,NA,NA,NA,NA,0.063,NA
2445,NA,NA,NA,NA,NA,NA,0.063,NA
2446,NA,NA,NA,NA,NA,NA,0.063,NA
2462,NA,NA,NA,NA,NA,NA,0.063,NA
2464,NA,NA,NA,NA,NA,NA,0.063,NA
2465,NA,NA,NA,NA,NA,NA,0.063,NA
2466,NA,NA,NA,NA,NA,NA,0.063,NA
2467,NA,NA,NA,NA,NA,NA,0.063,NA
2468,NA,NA,NA,NA,NA,NA,0.063,NA
2469,NA,NA,NA,NA,NA,NA,0.063,NA
2470,NA,NA,NA,NA,NA,NA,0.063,NA
2471,NA,NA,NA,NA,NA,NA,0.063,NA
2472,NA,NA,NA,NA,NA,NA,0.063,NA
2473,NA,NA,NA,NA,NA,NA,0.063,NA
2474,NA,NA,NA,NA,NA,NA,0.063,NA
2475,NA,NA,NA,NA,NA,NA,0.063,NA
2476,NA,NA,NA,NA,NA,NA,0.063,NA
2477,NA,NA,NA,NA,NA,NA,0.063,NA
2478,NA,NA,NA,NA,NA,NA,0.063,NA
2479,NA,NA,NA,NA,NA,NA,0.063,NA
2480,NA,NA,NA,NA,NA,NA,0.063,NA
2486,NA,NA,NA,NA,NA,NA,0.063,NA
2488,NA,NA,NA,NA,NA,NA,0.063,NA
2489,NA,NA,NA,NA,NA,NA,0.063,NA
2490,NA,NA,NA,NA,NA,NA,0.063,NA
2491,NA,NA,NA,NA,NA,NA,0.063,NA
2492,NA,NA,NA,NA,NA,NA,0.063,NA
2493,NA,NA,NA,NA,NA,NA,0.063,NA
2494,NA,NA,NA,NA,NA,NA,0.063,NA
2495,NA,NA,NA,NA,NA,NA,0.063,NA
2496,NA,NA,NA,NA,NA,NA,0.063,NA
2497,NA,NA,NA,NA,NA,NA,0.063,NA
2498,NA,NA,NA,NA,NA,NA,0.063,NA
2499,NA,NA,NA,NA,NA,NA,0.063,NA
2511,NA,NA,NA,NA,NA,NA,0.063,NA
2512,NA,NA,NA,NA,NA,NA,0.063,NA
2513,NA,NA,NA,NA,NA,NA,0.063,NA
2514,NA,NA,NA,NA,NA,NA,0.063,NA
2515,NA,NA,NA,NA,NA,NA,0.063,NA
2516,NA,NA,NA,NA,NA,NA,0.063,NA
2517,NA,NA,NA,NA,NA,NA,0.063,NA
2518,NA,NA,NA,NA,NA,NA,0.063,NA
2519,NA,NA,NA,NA,NA,NA,0.063,NA
2520,NA,NA,NA,NA,NA,NA,0.063,NA
2521,NA,NA,NA,NA,NA,NA,0.063,NA
2522,NA,NA,NA,NA,NA,NA,0.063,NA
2523,NA,NA,NA,NA,NA,NA,0.063,NA
2524,NA,NA,NA,NA,NA,NA,0.063,NA
2534,NA,NA,NA,NA,NA,NA,0.063,NA
2535,NA,NA,NA,NA,NA,NA,0.063,NA
2536,NA,NA,NA,NA,NA,NA,0.063,NA
2537,NA,NA,NA,NA,NA,NA,0.063,NA
2538,NA,NA,NA,NA,NA,NA,0.063,NA
2539,NA,NA,NA,NA,NA,NA,0.063,NA
2550,NA,NA,NA,NA,NA,NA,0.063,NA
2551,NA,NA,NA,NA,NA,NA,0.063,NA
2552,NA,NA,NA,NA,NA,NA,0.063,NA
2553,NA,NA,NA,NA,NA,NA,0.063,NA
2554,NA,NA,NA,NA,NA,NA,0.063,NA
2555,NA,NA,NA,NA,NA,NA,0.063,NA
2556,NA,NA,NA,NA,NA,NA,0.063,NA
2557,NA,NA,NA,NA,NA,NA,0.063,NA
2558,NA,NA,NA,NA,NA,NA,0.063,NA
2559,NA,NA,NA,NA,NA,NA,0.063,NA
2569,NA,NA,NA,NA,NA,NA,0.063,NA
2571,NA,NA,NA,NA,NA,NA,0.063,NA
2573,NA,NA,NA,NA,NA,NA,0.063,NA
2574,NA,NA,NA,NA,NA,NA,0.063,NA
2575,NA,NA,NA,NA,NA,NA,0.063,NA
2576,NA,NA,NA,NA,NA,NA,0.063,NA
2577,NA,NA,NA,NA,NA,NA,0.063,NA
2578,NA,NA,NA,NA,NA,NA,0.063,NA
2579,NA,NA,NA,NA,NA,NA,0.063,NA
2580,NA,NA,NA,NA,NA,NA,0.063,NA
2581,NA,NA,NA,NA,NA,NA,0.063,NA
2582,NA,NA,NA,NA,NA,NA,0.063,NA
2597,NA,NA,NA,NA,NA,NA,0.063,NA
2598,NA,NA,NA,NA,NA,NA,0.063,NA
2599,NA,NA,NA,NA,NA,NA,0.063,NA
2600,NA,NA,NA,NA,NA,NA,0.063,NA
2601,NA,NA,NA,NA,NA,NA,0.063,NA
2602,NA,NA,NA,NA,NA,NA,0.063,NA
2603,NA,NA,NA,NA,NA,NA,0.063,NA
2604,NA,NA,NA,NA,NA,NA,0.063,NA
2605,NA,NA,NA,NA,NA,NA,0.063,NA
2606,NA,NA,NA,NA,NA,NA,0.063,NA
2607,NA,NA,NA,NA,NA,NA,0.063,NA
2617,NA,NA,NA,NA,NA,NA,0.063,NA
2622,NA,NA,NA,NA,NA,NA,0.063,NA
2623,NA,NA,NA,NA,NA,NA,0.063,NA
2624,NA,NA,NA,NA,NA,NA,0.063,NA
2625,NA,NA,NA,NA,NA,NA,0.063,NA
2644,NA,NA,NA,NA,NA,NA,0.063,NA
2645,NA,NA,NA,NA,NA,NA,0.063,NA
2646,NA,NA,NA,NA,NA,NA,0.063,NA
2647,NA,NA,NA,NA,NA,NA,0.063,NA
2648,NA,NA,NA,NA,NA,NA,0.063,NA
2649,NA,NA,NA,NA,NA,NA,0.063,NA
2650,NA,NA,NA,NA,NA,NA,0.063,NA
2651,NA,NA,NA,NA,NA,NA,0.063,NA
2652,NA,NA,NA,NA,NA,NA,0.063,NA
2653,NA,NA,NA,NA,NA,NA,0.063,NA
2654,NA,NA,NA,NA,NA,NA,0.063,NA
2655,NA,NA,NA,NA,NA,NA,0.063,NA
2656,NA,NA,NA,NA,NA,NA,0.063,NA
2657,NA,NA,NA,NA,NA,NA,0.063,NA
2658,NA,NA,NA,NA,NA,NA,0.063,NA
2662,NA,NA,NA,NA,NA,NA,0.063,NA
2673,NA,NA,NA,NA,NA,NA,0.063,NA
2676,NA,NA,NA,NA,NA,NA,0.063,NA
2680,NA,NA,NA,NA,NA,NA,0.063,NA
2681,NA,NA,NA,NA,NA,NA,0.063,NA
2682,NA,NA,NA,NA,NA,NA,0.063,NA
2683,NA,NA,NA,NA,NA,NA,0.063,NA
2684,NA,NA,NA,NA,NA,NA,0.063,NA
2685,NA,NA,NA,NA,NA,NA,0.063,NA
2686,NA,NA,NA,NA,NA,NA,0.063,NA
2687,NA,NA,NA,NA,NA,NA,0.063,NA
2688,NA,NA,NA,NA,NA,NA,0.063,NA
2689,NA,NA,NA,NA,NA,NA,0.063,NA
2690,NA,NA,NA,NA,NA,NA,0.063,NA
2691,NA,NA,NA,NA,NA,NA,0.063,NA
2692,NA,NA,NA,NA,NA,NA,0.063,NA
2693,NA,NA,NA,NA,NA,NA,0.063,NA
2694,NA,NA,NA,NA,NA,NA,0.063,NA
2698,NA,NA,NA,NA,NA,NA,0.063,NA
2699,NA,NA,NA,NA,NA,NA,0.063,NA
2700,NA,NA,NA,NA,NA,NA,0.063,NA
2703,NA,NA,NA,NA,NA,NA,0.063,NA
2704,NA,NA,NA,NA,NA,NA,0.063,NA
2705,NA,NA,NA,NA,NA,NA,0.063,NA
2721,NA,NA,NA,NA,NA,NA,0.063,NA
2725,NA,NA,NA,NA,NA,NA,0.063,NA
2726,NA,NA,NA,NA,NA,NA,0.063,NA
2727,NA,NA,NA,NA,NA,NA,0.063,NA
2728,NA,NA,NA,NA,NA,NA,0.063,NA
2729,NA,NA,NA,NA,NA,NA,0.063,NA
2730,NA,NA,NA,NA,NA,NA,0.063,NA
2731,NA,NA,NA,NA,NA,NA,0.063,NA
2732,NA,NA,NA,NA,NA,NA,0.063,NA
2733,NA,NA,NA,NA,NA,NA,0.063,NA
2734,NA,NA,NA,NA,NA,NA,0.063,NA
2735,NA,NA,NA,NA,NA,NA,0.063,NA
2736,NA,NA,NA,NA,NA,NA,0.063,NA
2738,NA,NA,NA,NA,NA,NA,0.063,NA
2744,NA,NA,NA,NA,NA,NA,0.063,NA
2745,NA,NA,NA,NA,NA,NA,0.063,NA
2746,NA,NA,NA,NA,NA,NA,0.063,NA
2747,NA,NA,NA,NA,NA,NA,0.063,NA
2748,NA,NA,NA,NA,NA,NA,0.063,NA
2749,NA,NA,NA,NA,NA,NA,0.063,NA
2750,NA,NA,NA,NA,NA,NA,0.063,NA
2751,NA,NA,NA,NA,NA,NA,0.063,NA
2752,NA,NA,NA,NA,NA,NA,0.063,NA
2753,NA,NA,NA,NA,NA,NA,0.063,NA
2754,NA,NA,NA,NA,NA,NA,0.063,NA
2755,NA,NA,NA,NA,NA,NA,0.063,NA
2756,NA,NA,NA,NA,NA,NA,0.063,NA
2757,NA,NA,NA,NA,NA,NA,0.063,NA
2758,NA,NA,NA,NA,NA,NA,0.063,NA
2759,NA,NA,NA,NA,NA,NA,0.063,NA
2760,NA,NA,NA,NA,NA,NA,0.063,NA
2783,NA,NA,NA,NA,NA,NA,0.063,NA
2784,NA,NA,NA,NA,NA,NA,0.063,NA
2785,NA,NA,NA,NA,NA,NA,0.063,NA
2786,NA,NA,NA,NA,NA,NA,0.063,NA
2787,NA,NA,NA,NA,NA,NA,0.063,NA
2788,NA,NA,NA,NA,NA,NA,0.063,NA
2789,NA,NA,NA,NA,NA,NA,0.063,NA
2790,NA,NA,NA,NA,NA,NA,0.063,NA
2791,NA,NA,NA,NA,NA,NA,0.063,NA
2792,NA,NA,NA,NA,NA,NA,0.063,NA
2793,NA,NA,NA,NA,NA,NA,0.063,NA
2794,NA,NA,NA,NA,NA,NA,0.063,NA
2795,NA,NA,NA,NA,NA,NA,0.063,NA
2796,NA,NA,NA,NA,NA,NA,0.063,NA
2797,NA,NA,NA,NA,NA,NA,0.063,NA
2798,NA,NA,NA,NA,NA,NA,0.063,NA
2799,NA,NA,NA,NA,NA,NA,0.063,NA
2800,NA,NA,NA,NA,NA,NA,0.063,NA
2801,NA,NA,NA,NA,NA,NA,0.063,NA
2819,NA,NA,NA,NA,NA,NA,0.063,NA
2825,NA,NA,NA,NA,NA,NA,0.063,NA
2826,NA,NA,NA,NA,NA,NA,0.063,NA
2827,NA,NA,NA,NA,NA,NA,0.063,NA
2828,NA,NA,NA,NA,NA,NA,0.063,NA
2829,NA,NA,NA,NA,NA,NA,0.063,NA
2830,NA,NA,NA,NA,NA,NA,0.063,NA
2831,NA,NA,NA,NA,NA,NA,0.063,NA
2832,NA,NA,NA,NA,NA,NA,0.063,NA
2833,NA,NA,NA,NA,NA,NA,0.063,NA
2834,NA,NA,NA,NA,NA,NA,0.063,NA
2835,NA,NA,NA,NA,NA,NA,0.063,NA
2836,NA,NA,NA,NA,NA,NA,0.063,NA
2837,NA,NA,NA,NA,NA,NA,0.063,NA
2838,NA,NA,NA,NA,NA,NA,0.063,NA
2839,NA,NA,NA,NA,NA,NA,0.063,NA
2840,NA,NA,NA,NA,NA,NA,0.063,NA
2841,NA,NA,NA,NA,NA,NA,0.063,NA
2847,NA,NA,NA,NA,NA,NA,0.063,NA
2848,NA,NA,NA,NA,NA,NA,0.063,NA
2849,NA,NA,NA,NA,NA,NA,0.063,NA
2850,NA,NA,NA,NA,NA,NA,0.063,NA
2856,NA,NA,NA,NA,NA,NA,0.063,NA
2858,NA,NA,NA,NA,NA,NA,0.063,NA
2859,NA,NA,NA,NA,NA,NA,0.063,NA
2868,NA,NA,NA,NA,NA,NA,0.063,NA
2869,NA,NA,NA,NA,NA,NA,0.063,NA
2874,NA,NA,NA,NA,NA,NA,0.063,NA
2875,NA,NA,NA,NA,NA,NA,0.063,NA
2876,NA,NA,NA,NA,NA,NA,0.063,NA
2877,NA,NA,NA,NA,NA,NA,0.063,NA
2878,NA,NA,NA,NA,NA,NA,0.063,NA
2879,NA,NA,NA,NA,NA,NA,0.063,NA
2880,NA,NA,NA,NA,NA,NA,0.063,NA
2881,NA,NA,NA,NA,NA,NA,0.063,NA
2882,NA,NA,NA,NA,NA,NA,0.063,NA
2883,NA,NA,NA,NA,NA,NA,0.063,NA
2897,NA,NA,NA,NA,NA,NA,0.063,NA
2898,NA,NA,NA,NA,NA,NA,0.063,NA
2899,NA,NA,NA,NA,NA,NA,0.063,NA
2900,NA,NA,NA,NA,NA,NA,0.063,NA
2901,NA,NA,NA,NA,NA,NA,0.063,NA
2902,NA,NA,NA,NA,NA,NA,0.063,NA
2903,NA,NA,NA,NA,NA,NA,0.063,NA
2904,NA,NA,NA,NA,NA,NA,0.063,NA
2905,NA,NA,NA,NA,NA,NA,0.063,NA
2906,NA,NA,NA,NA,NA,NA,0.063,NA
2907,NA,NA,NA,NA,NA,NA,0.063,NA
2908,NA,NA,NA,NA,NA,NA,0.063,NA
2909,NA,NA,NA,NA,NA,NA,0.063,NA
2910,NA,NA,NA,NA,NA,NA,0.063,NA
2914,NA,NA,NA,NA,NA,NA,0.063,NA
2915,NA,NA,NA,NA,NA,NA,0.063,NA
2916,NA,NA,NA,NA,NA,NA,0.063,NA
2917,NA,NA,NA,NA,NA,NA,0.063,NA
2936,NA,NA,NA,NA,NA,NA,0.063,NA
2937,NA,NA,NA,NA,NA,NA,0.063,NA
2938,NA,NA,NA,NA,NA,NA,0.063,NA
2939,NA,NA,NA,NA,NA,NA,0.063,NA
2940,NA,NA,NA,NA,NA,NA,0.063,NA
2941,NA,NA,NA,NA,NA,NA,0.063,NA
2942,NA,NA,NA,NA,NA,NA,0.063,NA
2943,NA,NA,NA,NA,NA,NA,0.063,NA
2944,NA,NA,NA,NA,NA,NA,0.063,NA
2945,NA,NA,NA,NA,NA,NA,0.063,NA
2946,NA,NA,NA,NA,NA,NA,0.063,NA
2947,NA,NA,NA,NA,NA,NA,0.063,NA
2948,NA,NA,NA,NA,NA,NA,0.063,NA
2949,NA,NA,NA,NA,NA,NA,0.063,NA
2950,NA,NA,NA,NA,NA,NA,0.063,NA
2951,NA,NA,NA,NA,NA,NA,0.063,NA
2952,NA,NA,NA,NA,NA,NA,0.063,NA
2953,NA,NA,NA,NA,NA,NA,0.063,NA
2954,NA,NA,NA,NA,NA,NA,0.063,NA
2955,NA,NA,NA,NA,NA,NA,0.063,NA
2956,NA,NA,NA,NA,NA,NA,0.063,NA
2979,NA,NA,NA,NA,NA,NA,0.063,NA
2980,NA,NA,NA,NA,NA,NA,0.063,NA
2981,NA,NA,NA,NA,NA,NA,0.063,NA
2982,NA,NA,NA,NA,NA,NA,0.063,NA
2983,NA,NA,NA,NA,NA,NA,0.063,NA
2984,NA,NA,NA,NA,NA,NA,0.063,NA
2985,NA,NA,NA,NA,NA,NA,0.063,NA
2986,NA,NA,NA,NA,NA,NA,0.063,NA
2987,NA,NA,NA,NA,NA,NA,0.063,NA
2988,NA,NA,NA,NA,NA,NA,0.063,NA
2989,NA,NA,NA,NA,NA,NA,0.063,NA
2990,NA,NA,NA,NA,NA,NA,0.063,NA
2991,NA,NA,NA,NA,NA,NA,0.063,NA
2992,NA,NA,NA,NA,NA,NA,0.063,NA
2993,NA,NA,NA,NA,NA,NA,0.063,NA
2994,NA,NA,NA,NA,NA,NA,0.063,NA
3025,NA,NA,NA,NA,NA,NA,0.063,NA
3026,NA,NA,NA,NA,NA,NA,0.063,NA
3027,NA,NA,NA,NA,NA,NA,0.063,NA
3028,NA,NA,NA,NA,NA,NA,0.063,NA
3029,NA,NA,NA,NA,NA,NA,0.063,NA
3030,NA,NA,NA,NA,NA,NA,0.063,NA
3031,NA,NA,NA,NA,NA,NA,0.063,NA
3032,NA,NA,NA,NA,NA,NA,0.063,NA
3033,NA,NA,NA,NA,NA,NA,0.063,NA
3034,NA,NA,NA,NA,NA,NA,0.063,NA
3035,NA,NA,NA,NA,NA,NA,0.063,NA
3036,NA,NA,NA,NA,NA,NA,0.063,NA
3037,NA,NA,NA,NA,NA,NA,0.063,NA
3038,NA,NA,NA,NA,NA,NA,0.063,NA
3039,NA,NA,NA,NA,NA,NA,0.063,NA
3040,NA,NA,NA,NA,NA,NA,0.063,NA
3041,NA,NA,NA,NA,NA,NA,0.063,NA
3042,NA,NA,NA,NA,NA,NA,0.063,NA
3043,NA,NA,NA,NA,NA,NA,0.063,NA
3044,NA,NA,NA,NA,NA,NA,0.063,NA
3045,NA,NA,NA,NA,NA,NA,0.063,NA
3046,NA,NA,NA,NA,NA,NA,0.063,NA
3047,NA,NA,NA,NA,NA,NA,0.063,NA
3048,NA,NA,NA,NA,NA,NA,0.063,NA
3049,NA,NA,NA,NA,NA,NA,0.063,NA
3050,NA,NA,NA,NA,NA,NA,0.063,NA
3051,NA,NA,NA,NA,NA,NA,0.063,NA
3052,NA,NA,NA,NA,NA,NA,0.063,NA
3053,NA,NA,NA,NA,NA,NA,0.063,NA
3054,NA,NA,NA,NA,NA,NA,0.063,NA
3055,NA,NA,NA,NA,NA,NA,0.063,NA
3056,NA,NA,NA,NA,NA,NA,0.063,NA
3057,NA,NA,NA,NA,NA,NA,0.063,NA
3058,NA,NA,NA,NA,NA,NA,0.063,NA
3059,NA,NA,NA,NA,NA,NA,0.063,NA
3060,NA,NA,NA,NA,NA,NA,0.063,NA
3061,NA,NA,NA,NA,NA,NA,0.063,NA
3062,NA,NA,NA,NA,NA,NA,0.063,NA
3063,NA,NA,NA,NA,NA,NA,0.063,NA
3064,NA,NA,NA,NA,NA,NA,0.063,NA
3065,NA,NA,NA,NA,NA,NA,0.063,NA
3066,NA,NA,NA,NA,NA,NA,0.063,NA
3068,NA,NA,NA,NA,NA,NA,0.063,NA
3081,NA,NA,NA,NA,NA,NA,0.063,NA
3082,NA,NA,NA,NA,NA,NA,0.063,NA
3083,NA,NA,NA,NA,NA,NA,0.063,NA
3084,NA,NA,NA,NA,NA,NA,0.063,NA
3085,NA,NA,NA,NA,NA,NA,0.063,NA
3086,NA,NA,NA,NA,NA,NA,0.063,NA
3087,NA,NA,NA,NA,NA,NA,0.063,NA
3088,NA,NA,NA,NA,NA,NA,0.063,NA
3089,NA,NA,NA,NA,NA,NA,0.063,NA
3090,NA,NA,NA,NA,NA,NA,0.063,NA
3091,NA,NA,NA,NA,NA,NA,0.063,NA
3092,NA,NA,NA,NA,NA,NA,0.063,NA
3093,NA,NA,NA,NA,NA,NA,0.063,NA
3094,NA,NA,NA,NA,NA,NA,0.063,NA
3095,NA,NA,NA,NA,NA,NA,0.063,NA
3096,NA,NA,NA,NA,NA,NA,0.063,NA
3097,NA,NA,NA,NA,NA,NA,0.063,NA
3099,NA,NA,NA,NA,NA,NA,0.063,NA
3100,NA,NA,NA,NA,NA,NA,0.063,NA
3112,NA,NA,NA,NA,NA,NA,0.063,NA
3113,NA,NA,NA,NA,NA,NA,0.063,NA
3114,NA,NA,NA,NA,NA,NA,0.063,NA
3115,NA,NA,NA,NA,NA,NA,0.063,NA
3116,NA,NA,NA,NA,NA,NA,0.063,NA
3117,NA,NA,NA,NA,NA,NA,0.063,NA
3118,NA,NA,NA,NA,NA,NA,0.063,NA
3119,NA,NA,NA,NA,NA,NA,0.063,NA
3120,NA,NA,NA,NA,NA,NA,0.063,NA
3121,NA,NA,NA,NA,NA,NA,0.063,NA
3122,NA,NA,NA,NA,NA,NA,0.063,NA
3123,NA,NA,NA,NA,NA,NA,0.063,NA
3124,NA,NA,NA,NA,NA,NA,0.063,NA
3125,NA,NA,NA,NA,NA,NA,0.063,NA
3126,NA,NA,NA,NA,NA,NA,0.063,NA
3127,NA,NA,NA,NA,NA,NA,0.063,NA
3128,NA,NA,NA,NA,NA,NA,0.063,NA
3139,NA,NA,NA,NA,NA,NA,0.063,NA
3140,NA,NA,NA,NA,NA,NA,0.063,NA
3141,NA,NA,NA,NA,NA,NA,0.063,NA
3142,NA,NA,NA,NA,NA,NA,0.063,NA
3143,NA,NA,NA,NA,NA,NA,0.063,NA
3144,NA,NA,NA,NA,NA,NA,0.063,NA
3145,NA,NA,NA,NA,NA,NA,0.063,NA
3146,NA,NA,NA,NA,NA,NA,0.063,NA
3147,NA,NA,NA,NA,NA,NA,0.063,NA
3148,NA,NA,NA,NA,NA,NA,0.063,NA
3149,NA,NA,NA,NA,NA,NA,0.063,NA
3150,NA,NA,NA,NA,NA,NA,0.063,NA
3151,NA,NA,NA,NA,NA,NA,0.063,NA
3152,NA,NA,NA,NA,NA,NA,0.063,NA
3153,NA,NA,NA,NA,NA,NA,0.063,NA
3154,NA,NA,NA,NA,NA,NA,0.063,NA
3155,NA,NA,NA,NA,NA,NA,0.063,NA
3156,NA,NA,NA,NA,NA,NA,0.063,NA
3164,NA,NA,NA,NA,NA,NA,0.063,NA
3173,NA,NA,NA,NA,NA,NA,0.063,NA
3174,NA,NA,NA,NA,NA,NA,0.063,NA
3175,NA,NA,NA,NA,NA,NA,0.063,NA
3177,NA,NA,NA,NA,NA,NA,0.063,NA
3178,NA,NA,NA,NA,NA,NA,0.063,NA
3179,NA,NA,NA,NA,NA,NA,0.063,NA
3180,NA,NA,NA,NA,NA,NA,0.063,NA
3181,NA,NA,NA,NA,NA,NA,0.063,NA
3182,NA,NA,NA,NA,NA,NA,0.063,NA
3183,NA,NA,NA,NA,NA,NA,0.063,NA
3184,NA,NA,NA,NA,NA,NA,0.063,NA
3185,NA,NA,NA,NA,NA,NA,0.063,NA
3186,NA,NA,NA,NA,NA,NA,0.063,NA
3187,NA,NA,NA,NA,NA,NA,0.063,NA
3188,NA,NA,NA,NA,NA,NA,0.063,NA
3189,NA,NA,NA,NA,NA,NA,0.063,NA
3190,NA,NA,NA,NA,NA,NA,0.063,NA
3191,NA,NA,NA,NA,NA,NA,0.063,NA
3192,NA,NA,NA,NA,NA,NA,0.063,NA
3202,NA,NA,NA,NA,NA,NA,0.063,NA
3204,NA,NA,NA,NA,NA,NA,0.063,NA
3205,NA,NA,NA,NA,NA,NA,0.063,NA
3206,NA,NA,NA,NA,NA,NA,0.063,NA
3207,NA,NA,NA,NA,NA,NA,0.063,NA
3208,NA,NA,NA,NA,NA,NA,0.063,NA
3209,NA,NA,NA,NA,NA,NA,0.063,NA
3210,NA,NA,NA,NA,NA,NA,0.063,NA
3211,NA,NA,NA,NA,NA,NA,0.063,NA
3212,NA,NA,NA,NA,NA,NA,0.063,NA
3213,NA,NA,NA,NA,NA,NA,0.063,NA
3214,NA,NA,NA,NA,NA,NA,0.063,NA
3215,NA,NA,NA,NA,NA,NA,0.063,NA
3216,NA,NA,NA,NA,NA,NA,0.063,NA
3217,NA,NA,NA,NA,NA,NA,0.063,NA
3218,NA,NA,NA,NA,NA,NA,0.063,NA
3219,NA,NA,NA,NA,NA,NA,0.063,NA
3220,NA,NA,NA,NA,NA,NA,0.063,NA
3221,NA,NA,NA,NA,NA,NA,0.063,NA
3239,NA,NA,NA,NA,NA,NA,0.063,NA
3240,NA,NA,NA,NA,NA,NA,0.063,NA
3241,NA,NA,NA,NA,NA,NA,0.063,NA
3242,NA,NA,NA,NA,NA,NA,0.063,NA
3243,NA,NA,NA,NA,NA,NA,0.063,NA
3244,NA,NA,NA,NA,NA,NA,0.063,NA
3245,NA,NA,NA,NA,NA,NA,0.063,NA
3246,NA,NA,NA,NA,NA,NA,0.063,NA
3247,NA,NA,NA,NA,NA,NA,0.063,NA
3248,NA,NA,NA,NA,NA,NA,0.063,NA
3249,NA,NA,NA,NA,NA,NA,0.063,NA
3250,NA,NA,NA,NA,NA,NA,0.063,NA
3251,NA,NA,NA,NA,NA,NA,0.063,NA
3252,NA,NA,NA,NA,NA,NA,0.063,NA
3253,NA,NA,NA,NA,NA,NA,0.063,NA
3254,NA,NA,NA,NA,NA,NA,0.063,NA
3265,NA,NA,NA,NA,NA,NA,0.063,NA
3273,NA,NA,NA,NA,NA,NA,0.063,NA
3274,NA,NA,NA,NA,NA,NA,0.063,NA
3275,NA,NA,NA,NA,NA,NA,0.063,NA
3276,NA,NA,NA,NA,NA,NA,0.063,NA
3277,NA,NA,NA,NA,NA,NA,0.063,NA
3278,NA,NA,NA,NA,NA,NA,0.063,NA
3279,NA,NA,NA,NA,NA,NA,0.063,NA
3280,NA,NA,NA,NA,NA,NA,0.063,NA
3281,NA,NA,NA,NA,NA,NA,0.063,NA
3282,NA,NA,NA,NA,NA,NA,0.063,NA
3283,NA,NA,NA,NA,NA,NA,0.063,NA
3284,NA,NA,NA,NA,NA,NA,0.063,NA
3285,NA,NA,NA,NA,NA,NA,0.063,NA
3286,NA,NA,NA,NA,NA,NA,0.063,NA
3287,NA,NA,NA,NA,NA,NA,0.063,NA
3288,NA,NA,NA,NA,NA,NA,0.063,NA
3289,NA,NA,NA,NA,NA,NA,0.063,NA
3290,NA,NA,NA,NA,NA,NA,0.063,NA
3291,NA,NA,NA,NA,NA,NA,0.063,NA
3292,NA,NA,NA,NA,NA,NA,0.063,NA
3293,NA,NA,NA,NA,NA,NA,0.063,NA
3294,NA,NA,NA,NA,NA,NA,0.063,NA
3295,NA,NA,NA,NA,NA,NA,0.063,NA
3296,NA,NA,NA,NA,NA,NA,0.063,NA
3297,NA,NA,NA,NA,NA,NA,0.063,NA
3300,NA,NA,NA,NA,NA,NA,0.063,NA
3311,NA,NA,NA,NA,NA,NA,0.063,NA
3312,NA,NA,NA,NA,NA,NA,0.063,NA
3313,NA,NA,NA,NA,NA,NA,0.063,NA
3315,NA,NA,NA,NA,NA,NA,0.063,NA
3323,NA,NA,NA,NA,NA,NA,0.063,NA
3324,NA,NA,NA,NA,NA,NA,0.063,NA
3325,NA,NA,NA,NA,NA,NA,0.063,NA
3326,NA,NA,NA,NA,NA,NA,0.063,NA
3327,NA,NA,NA,NA,NA,NA,0.063,NA
3328,NA,NA,NA,NA,NA,NA,0.063,NA
3329,NA,NA,NA,NA,NA,NA,0.063,NA
3330,NA,NA,NA,NA,NA,NA,0.063,NA
3331,NA,NA,NA,NA,NA,NA,0.063,NA
3332,NA,NA,NA,NA,NA,NA,0.063,NA
3333,NA,NA,NA,NA,NA,NA,0.063,NA
3334,NA,NA,NA,NA,NA,NA,0.063,NA
3335,NA,NA,NA,NA,NA,NA,0.063,NA
3336,NA,NA,NA,NA,NA,NA,0.063,NA
3337,NA,NA,NA,NA,NA,NA,0.063,NA
3338,NA,NA,NA,NA,NA,NA,0.063,NA
3339,NA,NA,NA,NA,NA,NA,0.063,NA
3340,NA,NA,NA,NA,NA,NA,0.063,NA
3341,NA,NA,NA,NA,NA,NA,0.063,NA
3349,NA,NA,NA,NA,NA,NA,0.063,NA
3350,NA,NA,NA,NA,NA,NA,0.063,NA
3351,NA,NA,NA,NA,NA,NA,0.063,NA
3352,NA,NA,NA,NA,NA,NA,0.063,NA
3353,NA,NA,NA,NA,NA,NA,0.063,NA
3373,NA,NA,NA,NA,NA,NA,0.063,NA
3374,NA,NA,NA,NA,NA,NA,0.063,NA
3375,NA,NA,NA,NA,NA,NA,0.063,NA
3376,NA,NA,NA,NA,NA,NA,0.063,NA
3377,NA,NA,NA,NA,NA,NA,0.063,NA
3378,NA,NA,NA,NA,NA,NA,0.063,NA
3379,NA,NA,NA,NA,NA,NA,0.063,NA
3380,NA,NA,NA,NA,NA,NA,0.063,NA
3381,NA,NA,NA,NA,NA,NA,0.063,NA
3382,NA,NA,NA,NA,NA,NA,0.063,NA
3383,NA,NA,NA,NA,NA,NA,0.063,NA
3384,NA,NA,NA,NA,NA,NA,0.063,NA
3385,NA,NA,NA,NA,NA,NA,0.063,NA
3386,NA,NA,NA,NA,NA,NA,0.063,NA
3387,NA,NA,NA,NA,NA,NA,0.063,NA
3388,NA,NA,NA,NA,NA,NA,0.063,NA
3389,NA,NA,NA,NA,NA,NA,0.063,NA
3394,NA,NA,NA,NA,NA,NA,0.063,NA
3395,NA,NA,NA,NA,NA,NA,0.063,NA
3405,NA,NA,NA,NA,NA,NA,0.063,NA
3410,NA,NA,NA,NA,NA,NA,0.063,NA
3414,NA,NA,NA,NA,NA,NA,0.063,NA
3415,NA,NA,NA,NA,NA,NA,0.063,NA
3416,NA,NA,NA,NA,NA,NA,0.063,NA
3417,NA,NA,NA,NA,NA,NA,0.063,NA
3418,NA,NA,NA,NA,NA,NA,0.063,NA
3419,NA,NA,NA,NA,NA,NA,0.063,NA
3420,NA,NA,NA,NA,NA,NA,0.063,NA
3421,NA,NA,NA,NA,NA,NA,0.063,NA
3422,NA,NA,NA,NA,NA,NA,0.063,NA
3423,NA,NA,NA,NA,NA,NA,0.063,NA
3424,NA,NA,NA,NA,NA,NA,0.063,NA
3425,NA,NA,NA,NA,NA,NA,0.063,NA
3426,NA,NA,NA,NA,NA,NA,0.063,NA
3427,NA,NA,NA,NA,NA,NA,0.063,NA
3428,NA,NA,NA,NA,NA,NA,0.063,NA
3429,NA,NA,NA,NA,NA,NA,0.063,NA
3430,NA,NA,NA,NA,NA,NA,0.063,NA
3431,NA,NA,NA,NA,NA,NA,0.063,NA
3432,NA,NA,NA,NA,NA,NA,0.063,NA
3433,NA,NA,NA,NA,NA,NA,0.063,NA
3443,NA,NA,NA,NA,NA,NA,0.063,NA
3444,NA,NA,NA,NA,NA,NA,0.063,NA
3445,NA,NA,NA,NA,NA,NA,0.063,NA
3446,NA,NA,NA,NA,NA,NA,0.063,NA
3447,NA,NA,NA,NA,NA,NA,0.063,NA
3448,NA,NA,NA,NA,NA,NA,0.063,NA
3449,NA,NA,NA,NA,NA,NA,0.063,NA
3450,NA,NA,NA,NA,NA,NA,0.063,NA
3451,NA,NA,NA,NA,NA,NA,0.063,NA
3452,NA,NA,NA,NA,NA,NA,0.063,NA
3453,NA,NA,NA,NA,NA,NA,0.063,NA
3454,NA,NA,NA,NA,NA,NA,0.063,NA
3455,NA,NA,NA,NA,NA,NA,0.063,NA
3458,NA,NA,NA,NA,NA,NA,0.063,NA
3468,NA,NA,NA,NA,NA,NA,0.063,NA
3473,NA,NA,NA,NA,NA,NA,0.063,NA
3474,NA,NA,NA,NA,NA,NA,0.063,NA
3475,NA,NA,NA,NA,NA,NA,0.063,NA
3476,NA,NA,NA,NA,NA,NA,0.063,NA
3477,NA,NA,NA,NA,NA,NA,0.063,NA
3478,NA,NA,NA,NA,NA,NA,0.063,NA
3479,NA,NA,NA,NA,NA,NA,0.063,NA
3480,NA,NA,NA,NA,NA,NA,0.063,NA
3481,NA,NA,NA,NA,NA,NA,0.063,NA
3494,NA,NA,NA,NA,NA,NA,0.063,NA
3495,NA,NA,NA,NA,NA,NA,0.063,NA
3496,NA,NA,NA,NA,NA,NA,0.063,NA
3497,NA,NA,NA,NA,NA,NA,0.063,NA
3498,NA,NA,NA,NA,NA,NA,0.063,NA
3499,NA,NA,NA,NA,NA,NA,0.063,NA
3500,NA,NA,NA,NA,NA,NA,0.063,NA
3501,NA,NA,NA,NA,NA,NA,0.063,NA
3502,NA,NA,NA,NA,NA,NA,0.063,NA
3503,NA,NA,NA,NA,NA,NA,0.063,NA
3504,NA,NA,NA,NA,NA,NA,0.063,NA
3515,NA,NA,NA,NA,NA,NA,0.063,NA
3516,NA,NA,NA,NA,NA,NA,0.063,NA
3517,NA,NA,NA,NA,NA,NA,0.063,NA
3518,NA,NA,NA,NA,NA,NA,0.063,NA
3519,NA,NA,NA,NA,NA,NA,0.063,NA
3520,NA,NA,NA,NA,NA,NA,0.063,NA
3521,NA,NA,NA,NA,NA,NA,0.063,NA
3522,NA,NA,NA,NA,NA,NA,0.063,NA
3523,NA,NA,NA,NA,NA,NA,0.063,NA
3524,NA,NA,NA,NA,NA,NA,0.063,NA
3525,NA,NA,NA,NA,NA,NA,0.063,NA
3536,NA,NA,NA,NA,NA,NA,0.063,NA
3537,NA,NA,NA,NA,NA,NA,0.063,NA
3538,NA,NA,NA,NA,NA,NA,0.063,NA
3539,NA,NA,NA,NA,NA,NA,0.063,NA
3540,NA,NA,NA,NA,NA,NA,0.063,NA
3541,NA,NA,NA,NA,NA,NA,0.063,NA
3542,NA,NA,NA,NA,NA,NA,0.063,NA
3543,NA,NA,NA,NA,NA,NA,0.063,NA
3556,NA,NA,NA,NA,NA,NA,0.063,NA
3557,NA,NA,NA,NA,NA,NA,0.063,NA
3558,NA,NA,NA,NA,NA,NA,0.063,NA
3559,NA,NA,NA,NA,NA,NA,0.063,NA
3560,NA,NA,NA,NA,NA,NA,0.063,NA
3561,NA,NA,NA,NA,NA,NA,0.063,NA
3562,NA,NA,NA,NA,NA,NA,0.063,NA
3563,NA,NA,NA,NA,NA,NA,0.063,NA
3564,NA,NA,NA,NA,NA,NA,0.063,NA
3565,NA,NA,NA,NA,NA,NA,0.063,NA
3566,NA,NA,NA,NA,NA,NA,0.063,NA
3567,NA,NA,NA,NA,NA,NA,0.063,NA
3568,NA,NA,NA,NA,NA,NA,0.063,NA
3569,NA,NA,NA,NA,NA,NA,0.063,NA
3570,NA,NA,NA,NA,NA,NA,0.063,NA
3571,NA,NA,NA,NA,NA,NA,0.063,NA
3572,NA,NA,NA,NA,NA,NA,0.063,NA
3573,NA,NA,NA,NA,NA,NA,0.063,NA
3574,NA,NA,NA,NA,NA,NA,0.063,NA
3575,NA,NA,NA,NA,NA,NA,0.063,NA
3598,NA,NA,NA,NA,NA,NA,0.063,NA
3599,NA,NA,NA,NA,NA,NA,0.063,NA
3600,NA,NA,NA,NA,NA,NA,0.063,NA
3601,NA,NA,NA,NA,NA,NA,0.063,NA
3602,NA,NA,NA,NA,NA,NA,0.063,NA
3603,NA,NA,NA,NA,NA,NA,0.063,NA
3604,NA,NA,NA,NA,NA,NA,0.063,NA
3605,NA,NA,NA,NA,NA,NA,0.063,NA
3606,NA,NA,NA,NA,NA,NA,0.063,NA
3607,NA,NA,NA,NA,NA,NA,0.063,NA
3608,NA,NA,NA,NA,NA,NA,0.063,NA
3609,NA,NA,NA,NA,NA,NA,0.063,NA
3610,NA,NA,NA,NA,NA,NA,0.063,NA
3611,NA,NA,NA,NA,NA,NA,0.063,NA
3612,NA,NA,NA,NA,NA,NA,0.063,NA
3613,NA,NA,NA,NA,NA,NA,0.063,NA
3614,NA,NA,NA,NA,NA,NA,0.063,NA
3615,NA,NA,NA,NA,NA,NA,0.063,NA
3616,NA,NA,NA,NA,NA,NA,0.063,NA
3630,NA,NA,NA,NA,NA,NA,0.063,NA
3631,NA,NA,NA,NA,NA,NA,0.063,NA
3632,NA,NA,NA,NA,NA,NA,0.063,NA
3633,NA,NA,NA,NA,NA,NA,0.063,NA
3634,NA,NA,NA,NA,NA,NA,0.063,NA
3635,NA,NA,NA,NA,NA,NA,0.063,NA
3636,NA,NA,NA,NA,NA,NA,0.063,NA
3637,NA,NA,NA,NA,NA,NA,0.063,NA
3638,NA,NA,NA,NA,NA,NA,0.063,NA
3639,NA,NA,NA,NA,NA,NA,0.063,NA
3640,NA,NA,NA,NA,NA,NA,0.063,NA
3641,NA,NA,NA,NA,NA,NA,0.063,NA
3642,NA,NA,NA,NA,NA,NA,0.063,NA
3643,NA,NA,NA,NA,NA,NA,0.063,NA
3644,NA,NA,NA,NA,NA,NA,0.063,NA
3645,NA,NA,NA,NA,NA,NA,0.063,NA
3646,NA,NA,NA,NA,NA,NA,0.063,NA
3647,NA,NA,NA,NA,NA,NA,0.063,NA
3648,NA,NA,NA,NA,NA,NA,0.063,NA
3649,NA,NA,NA,NA,NA,NA,0.063,NA
3654,NA,NA,NA,NA,NA,NA,0.063,NA
3656,NA,NA,NA,NA,NA,NA,0.063,NA
3657,NA,NA,NA,NA,NA,NA,0.063,NA
3658,NA,NA,NA,NA,NA,NA,0.063,NA
3673,NA,NA,NA,NA,NA,NA,0.063,NA
3674,NA,NA,NA,NA,NA,NA,0.063,NA
3675,NA,NA,NA,NA,NA,NA,0.063,NA
3676,NA,NA,NA,NA,NA,NA,0.063,NA
3677,NA,NA,NA,NA,NA,NA,0.063,NA
3678,NA,NA,NA,NA,NA,NA,0.063,NA
3679,NA,NA,NA,NA,NA,NA,0.063,NA
3680,NA,NA,NA,NA,NA,NA,0.063,NA
3681,NA,NA,NA,NA,NA,NA,0.063,NA
3682,NA,NA,NA,NA,NA,NA,0.063,NA
3683,NA,NA,NA,NA,NA,NA,0.063,NA
3684,NA,NA,NA,NA,NA,NA,0.063,NA
3699,NA,NA,NA,NA,NA,NA,0.063,NA
3700,NA,NA,NA,NA,NA,NA,0.063,NA
3701,NA,NA,NA,NA,NA,NA,0.063,NA
3702,NA,NA,NA,NA,NA,NA,0.063,NA
3703,NA,NA,NA,NA,NA,NA,0.063,NA
3704,NA,NA,NA,NA,NA,NA,0.063,NA
3705,NA,NA,NA,NA,NA,NA,0.063,NA
3706,NA,NA,NA,NA,NA,NA,0.063,NA
3707,NA,NA,NA,NA,NA,NA,0.063,NA
3721,NA,NA,NA,NA,NA,NA,0.063,NA
3722,NA,NA,NA,NA,NA,NA,0.063,NA
3723,NA,NA,NA,NA,NA,NA,0.063,NA
3724,NA,NA,NA,NA,NA,NA,0.063,NA
3725,NA,NA,NA,NA,NA,NA,0.063,NA
3726,NA,NA,NA,NA,NA,NA,0.063,NA
3727,NA,NA,NA,NA,NA,NA,0.063,NA
3728,NA,NA,NA,NA,NA,NA,0.063,NA
3729,NA,NA,NA,NA,NA,NA,0.063,NA
3730,NA,NA,NA,NA,NA,NA,0.063,NA
3731,NA,NA,NA,NA,NA,NA,0.063,NA
3732,NA,NA,NA,NA,NA,NA,0.063,NA
3744,NA,NA,NA,NA,NA,NA,0.063,NA
3755,NA,NA,NA,NA,NA,NA,0.063,NA
3756,NA,NA,NA,NA,NA,NA,0.063,NA
3757,NA,NA,NA,NA,NA,NA,0.063,NA
3758,NA,NA,NA,NA,NA,NA,0.063,NA
3759,NA,NA,NA,NA,NA,NA,0.063,NA
3760,NA,NA,NA,NA,NA,NA,0.063,NA
3761,NA,NA,NA,NA,NA,NA,0.063,NA
3762,NA,NA,NA,NA,NA,NA,0.063,NA
3763,NA,NA,NA,NA,NA,NA,0.063,NA
3764,NA,NA,NA,NA,NA,NA,0.063,NA
3765,NA,NA,NA,NA,NA,NA,0.063,NA
3766,NA,NA,NA,NA,NA,NA,0.063,NA
3767,NA,NA,NA,NA,NA,NA,0.063,NA
3768,NA,NA,NA,NA,NA,NA,0.063,NA
3769,NA,NA,NA,NA,NA,NA,0.063,NA
3770,NA,NA,NA,NA,NA,NA,0.063,NA
3771,NA,NA,NA,NA,NA,NA,0.063,NA
3772,NA,NA,NA,NA,NA,NA,0.063,NA
3773,NA,NA,NA,NA,NA,NA,0.063,NA
3774,NA,NA,NA,NA,NA,NA,0.063,NA
3775,NA,NA,NA,NA,NA,NA,0.063,NA
3776,NA,NA,NA,NA,NA,NA,0.063,NA
3777,NA,NA,NA,NA,NA,NA,0.063,NA
3778,NA,NA,NA,NA,NA,NA,0.063,NA
3779,NA,NA,NA,NA,NA,NA,0.063,NA
3780,NA,NA,NA,NA,NA,NA,0.063,NA
3794,NA,NA,NA,NA,NA,NA,0.063,NA
3801,NA,NA,NA,NA,NA,NA,0.063,NA
3802,NA,NA,NA,NA,NA,NA,0.063,NA
3803,NA,NA,NA,NA,NA,NA,0.063,NA
3804,NA,NA,NA,NA,NA,NA,0.063,NA
3805,NA,NA,NA,NA,NA,NA,0.063,NA
3806,NA,NA,NA,NA,NA,NA,0.063,NA
3807,NA,NA,NA,NA,NA,NA,0.063,NA
3808,NA,NA,NA,NA,NA,NA,0.063,NA
3809,NA,NA,NA,NA,NA,NA,0.063,NA
3810,NA,NA,NA,NA,NA,NA,0.063,NA
3811,NA,NA,NA,NA,NA,NA,0.063,NA
3812,NA,NA,NA,NA,NA,NA,0.063,NA
3813,NA,NA,NA,NA,NA,NA,0.063,NA
3814,NA,NA,NA,NA,NA,NA,0.063,NA
3815,NA,NA,NA,NA,NA,NA,0.063,NA
3816,NA,NA,NA,NA,NA,NA,0.063,NA
3817,NA,NA,NA,NA,NA,NA,0.063,NA
3818,NA,NA,NA,NA,NA,NA,0.063,NA
3819,NA,NA,NA,NA,NA,NA,0.063,NA
3820,NA,NA,NA,NA,NA,NA,0.063,NA
3821,NA,NA,NA,NA,NA,NA,0.063,NA
3829,NA,NA,NA,NA,NA,NA,0.063,NA
3832,NA,NA,NA,NA,NA,NA,0.063,NA
3833,NA,NA,NA,NA,NA,NA,0.063,NA
3834,NA,NA,NA,NA,NA,NA,0.063,NA
3835,NA,NA,NA,NA,NA,NA,0.063,NA
3836,NA,NA,NA,NA,NA,NA,0.063,NA
3837,NA,NA,NA,NA,NA,NA,0.063,NA
3838,NA,NA,NA,NA,NA,NA,0.063,NA
3839,NA,NA,NA,NA,NA,NA,0.063,NA
3858,NA,NA,NA,NA,NA,NA,0.063,NA
3859,NA,NA,NA,NA,NA,NA,0.063,NA
3860,NA,NA,NA,NA,NA,NA,0.063,NA
3861,NA,NA,NA,NA,NA,NA,0.063,NA
3862,NA,NA,NA,NA,NA,NA,0.063,NA
3863,NA,NA,NA,NA,NA,NA,0.063,NA
3864,NA,NA,NA,NA,NA,NA,0.063,NA
3865,NA,NA,NA,NA,NA,NA,0.063,NA
3866,NA,NA,NA,NA,NA,NA,0.063,NA
3867,NA,NA,NA,NA,NA,NA,0.063,NA
3868,NA,NA,NA,NA,NA,NA,0.063,NA
3869,NA,NA,NA,NA,NA,NA,0.063,NA
3870,NA,NA,NA,NA,NA,NA,0.063,NA
3871,NA,NA,NA,NA,NA,NA,0.063,NA
3872,NA,NA,NA,NA,NA,NA,0.063,NA
3873,NA,NA,NA,NA,NA,NA,0.063,NA
3874,NA,NA,NA,NA,NA,NA,0.063,NA
3875,NA,NA,NA,NA,NA,NA,0.063,NA
3876,NA,NA,NA,NA,NA,NA,0.063,NA
3877,NA,NA,NA,NA,NA,NA,0.063,NA
3878,NA,NA,NA,NA,NA,NA,0.063,NA
3879,NA,NA,NA,NA,NA,NA,0.063,NA
3880,NA,NA,NA,NA,NA,NA,0.063,NA
3881,NA,NA,NA,NA,NA,NA,0.063,NA
3882,NA,NA,NA,NA,NA,NA,0.063,NA
3883,NA,NA,NA,NA,NA,NA,0.063,NA
3884,NA,NA,NA,NA,NA,NA,0.063,NA
3885,NA,NA,NA,NA,NA,NA,0.063,NA
3886,NA,NA,NA,NA,NA,NA,0.063,NA
3890,NA,NA,NA,NA,NA,NA,0.063,NA
3899,NA,NA,NA,NA,NA,NA,0.063,NA
3902,NA,NA,NA,NA,NA,NA,0.063,NA
3906,NA,NA,NA,NA,NA,NA,0.063,NA
3907,NA,NA,NA,NA,NA,NA,0.063,NA
3908,NA,NA,NA,NA,NA,NA,0.063,NA
3909,NA,NA,NA,NA,NA,NA,0.063,NA
3910,NA,NA,NA,NA,NA,NA,0.063,NA
3911,NA,NA,NA,NA,NA,NA,0.063,NA
3912,NA,NA,NA,NA,NA,NA,0.063,NA
3913,NA,NA,NA,NA,NA,NA,0.063,NA
3914,NA,NA,NA,NA,NA,NA,0.063,NA
3915,NA,NA,NA,NA,NA,NA,0.063,NA
3916,NA,NA,NA,NA,NA,NA,0.063,NA
3917,NA,NA,NA,NA,NA,NA,0.063,NA
3918,NA,NA,NA,NA,NA,NA,0.063,NA
3919,NA,NA,NA,NA,NA,NA,0.063,NA
3920,NA,NA,NA,NA,NA,NA,0.063,NA
3927,NA,NA,NA,NA,NA,NA,0.063,NA
3928,NA,NA,NA,NA,NA,NA,0.063,NA
3929,NA,NA,NA,NA,NA,NA,0.063,NA
3930,NA,NA,NA,NA,NA,NA,0.063,NA
3931,NA,NA,NA,NA,NA,NA,0.063,NA
3942,NA,NA,NA,NA,NA,NA,0.063,NA
3943,NA,NA,NA,NA,NA,NA,0.063,NA
3944,NA,NA,NA,NA,NA,NA,0.063,NA
3945,NA,NA,NA,NA,NA,NA,0.063,NA
3946,NA,NA,NA,NA,NA,NA,0.063,NA
3947,NA,NA,NA,NA,NA,NA,0.063,NA
3948,NA,NA,NA,NA,NA,NA,0.063,NA
3949,NA,NA,NA,NA,NA,NA,0.063,NA
3950,NA,NA,NA,NA,NA,NA,0.063,NA
3951,NA,NA,NA,NA,NA,NA,0.063,NA
3952,NA,NA,NA,NA,NA,NA,0.063,NA
3953,NA,NA,NA,NA,NA,NA,0.063,NA
3954,NA,NA,NA,NA,NA,NA,0.063,NA
3955,NA,NA,NA,NA,NA,NA,0.063,NA
3961,NA,NA,NA,NA,NA,NA,0.063,NA
3962,NA,NA,NA,NA,NA,NA,0.063,NA
3963,NA,NA,NA,NA,NA,NA,0.063,NA
3964,NA,NA,NA,NA,NA,NA,0.063,NA
3965,NA,NA,NA,NA,NA,NA,0.063,NA
3978,NA,NA,NA,NA,NA,NA,0.063,NA
3988,NA,NA,NA,NA,NA,NA,0.063,NA
3990,NA,NA,NA,NA,NA,NA,0.063,NA
3991,NA,NA,NA,NA,NA,NA,0.063,NA
3992,NA,NA,NA,NA,NA,NA,0.063,NA
3993,NA,NA,NA,NA,NA,NA,0.063,NA
3994,NA,NA,NA,NA,NA,NA,0.063,NA
3995,NA,NA,NA,NA,NA,NA,0.063,NA
3996,NA,NA,NA,NA,NA,NA,0.063,NA
3997,NA,NA,NA,NA,NA,NA,0.063,NA
3998,NA,NA,NA,NA,NA,NA,0.063,NA
3999,NA,NA,NA,NA,NA,NA,0.063,NA
4000,NA,NA,NA,NA,NA,NA,0.063,NA
4001,NA,NA,NA,NA,NA,NA,0.063,NA
4002,NA,NA,NA,NA,NA,NA,0.063,NA
4003,NA,NA,NA,NA,NA,NA,0.063,NA
4004,NA,NA,NA,NA,NA,NA,0.063,NA
4005,NA,NA,NA,NA,NA,NA,0.063,NA
4006,NA,NA,NA,NA,NA,NA,0.063,NA
4007,NA,NA,NA,NA,NA,NA,0.063,NA
4008,NA,NA,NA,NA,NA,NA,0.063,NA
4009,NA,NA,NA,NA,NA,NA,0.063,NA
4010,NA,NA,NA,NA,NA,NA,0.063,NA
4011,NA,NA,NA,NA,NA,NA,0.063,NA
4012,NA,NA,NA,NA,NA,NA,0.063,NA
4013,NA,NA,NA,NA,NA,NA,0.063,NA
4014,NA,NA,NA,NA,NA,NA,0.063,NA
4015,NA,NA,NA,NA,NA,NA,0.063,NA
4016,NA,NA,NA,NA,NA,NA,0.063,NA
4017,NA,NA,NA,NA,NA,NA,0.063,NA
4018,NA,NA,NA,NA,NA,NA,0.063,NA
4019,NA,NA,NA,NA,NA,NA,0.063,NA
4020,NA,NA,NA,NA,NA,NA,0.063,NA
4021,NA,NA,NA,NA,NA,NA,0.063,NA
4022,NA,NA,NA,NA,NA,NA,0.063,NA
4023,NA,NA,NA,NA,NA,NA,0.063,NA
4024,NA,NA,NA,NA,NA,NA,0.063,NA
4025,NA,NA,NA,NA,NA,NA,0.063,NA
4042,NA,NA,NA,NA,NA,NA,0.063,NA
4043,NA,NA,NA,NA,NA,NA,0.063,NA
4044,NA,NA,NA,NA,NA,NA,0.063,NA
4045,NA,NA,NA,NA,NA,NA,0.063,NA
4046,NA,NA,NA,NA,NA,NA,0.063,NA
4047,NA,NA,NA,NA,NA,NA,0.063,NA
4048,NA,NA,NA,NA,NA,NA,0.063,NA
4049,NA,NA,NA,NA,NA,NA,0.063,NA
4050,NA,NA,NA,NA,NA,NA,0.063,NA
4051,NA,NA,NA,NA,NA,NA,0.063,NA
4052,NA,NA,NA,NA,NA,NA,0.063,NA
4053,NA,NA,NA,NA,NA,NA,0.063,NA
4054,NA,NA,NA,NA,NA,NA,0.063,NA
4055,NA,NA,NA,NA,NA,NA,0.063,NA
4056,NA,NA,NA,NA,NA,NA,0.063,NA
4057,NA,NA,NA,NA,NA,NA,0.063,NA
4058,NA,NA,NA,NA,NA,NA,0.063,NA
4080,NA,NA,NA,NA,NA,NA,0.063,NA
4081,NA,NA,NA,NA,NA,NA,0.063,NA
4082,NA,NA,NA,NA,NA,NA,0.063,NA
4083,NA,NA,NA,NA,NA,NA,0.063,NA
4084,NA,NA,NA,NA,NA,NA,0.063,NA
4085,NA,NA,NA,NA,NA,NA,0.063,NA
4086,NA,NA,NA,NA,NA,NA,0.063,NA
4087,NA,NA,NA,NA,NA,NA,0.063,NA
4088,NA,NA,NA,NA,NA,NA,0.063,NA
4089,NA,NA,NA,NA,NA,NA,0.063,NA
4090,NA,NA,NA,NA,NA,NA,0.063,NA
4091,NA,NA,NA,NA,NA,NA,0.063,NA
4092,NA,NA,NA,NA,NA,NA,0.063,NA
4100,NA,NA,NA,NA,NA,NA,0.063,NA
4101,NA,NA,NA,NA,NA,NA,0.063,NA
4102,NA,NA,NA,NA,NA,NA,0.063,NA
4103,NA,NA,NA,NA,NA,NA,0.063,NA
4104,NA,NA,NA,NA,NA,NA,0.063,NA
4105,NA,NA,NA,NA,NA,NA,0.063,NA
4106,NA,NA,NA,NA,NA,NA,0.063,NA
4107,NA,NA,NA,NA,NA,NA,0.063,NA
4112,NA,NA,NA,NA,NA,NA,0.063,NA
4127,NA,NA,NA,NA,NA,NA,0.063,NA
4128,NA,NA,NA,NA,NA,NA,0.063,NA
4129,NA,NA,NA,NA,NA,NA,0.063,NA
4130,NA,NA,NA,NA,NA,NA,0.063,NA
4131,NA,NA,NA,NA,NA,NA,0.063,NA
4132,NA,NA,NA,NA,NA,NA,0.063,NA
4133,NA,NA,NA,NA,NA,NA,0.063,NA
4153,NA,NA,NA,NA,NA,NA,0.063,NA
4154,NA,NA,NA,NA,NA,NA,0.063,NA
4155,NA,NA,NA,NA,NA,NA,0.063,NA
4156,NA,NA,NA,NA,NA,NA,0.063,NA
4157,NA,NA,NA,NA,NA,NA,0.063,NA
4158,NA,NA,NA,NA,NA,NA,0.063,NA
4159,NA,NA,NA,NA,NA,NA,0.063,NA
4160,NA,NA,NA,NA,NA,NA,0.063,NA
4161,NA,NA,NA,NA,NA,NA,0.063,NA
4162,NA,NA,NA,NA,NA,NA,0.063,NA
4163,NA,NA,NA,NA,NA,NA,0.063,NA
4164,NA,NA,NA,NA,NA,NA,0.063,NA
4165,NA,NA,NA,NA,NA,NA,0.063,NA
4166,NA,NA,NA,NA,NA,NA,0.063,NA
4167,NA,NA,NA,NA,NA,NA,0.063,NA
4168,NA,NA,NA,NA,NA,NA,0.063,NA
4169,NA,NA,NA,NA,NA,NA,0.063,NA
4170,NA,NA,NA,NA,NA,NA,0.063,NA
4171,NA,NA,NA,NA,NA,NA,0.063,NA
4172,NA,NA,NA,NA,NA,NA,0.063,NA
4173,NA,NA,NA,NA,NA,NA,0.063,NA
4174,NA,NA,NA,NA,NA,NA,0.063,NA
4175,NA,NA,NA,NA,NA,NA,0.063,NA
4176,NA,NA,NA,NA,NA,NA,0.063,NA
4177,NA,NA,NA,NA,NA,NA,0.063,NA
4187,NA,NA,NA,NA,NA,NA,0.063,NA
4190,NA,NA,NA,NA,NA,NA,0.063,NA
4191,NA,NA,NA,NA,NA,NA,0.063,NA
4192,NA,NA,NA,NA,NA,NA,0.063,NA
4193,NA,NA,NA,NA,NA,NA,0.063,NA
4194,NA,NA,NA,NA,NA,NA,0.063,NA
4195,NA,NA,NA,NA,NA,NA,0.063,NA
4196,NA,NA,NA,NA,NA,NA,0.063,NA
4197,NA,NA,NA,NA,NA,NA,0.063,NA
4198,NA,NA,NA,NA,NA,NA,0.063,NA
4199,NA,NA,NA,NA,NA,NA,0.063,NA
4200,NA,NA,NA,NA,NA,NA,0.063,NA
4201,NA,NA,NA,NA,NA,NA,0.063,NA
4202,NA,NA,NA,NA,NA,NA,0.063,NA
4203,NA,NA,NA,NA,NA,NA,0.063,NA
4204,NA,NA,NA,NA,NA,NA,0.063,NA
4231,NA,NA,NA,NA,NA,NA,0.063,NA
4232,NA,NA,NA,NA,NA,NA,0.063,NA
4233,NA,NA,NA,NA,NA,NA,0.063,NA
4234,NA,NA,NA,NA,NA,NA,0.063,NA
4235,NA,NA,NA,NA,NA,NA,0.063,NA
4236,NA,NA,NA,NA,NA,NA,0.063,NA
4237,NA,NA,NA,NA,NA,NA,0.063,NA
4238,NA,NA,NA,NA,NA,NA,0.063,NA
4239,NA,NA,NA,NA,NA,NA,0.063,NA
4240,NA,NA,NA,NA,NA,NA,0.063,NA
4241,NA,NA,NA,NA,NA,NA,0.063,NA
4242,NA,NA,NA,NA,NA,NA,0.063,NA
4243,NA,NA,NA,NA,NA,NA,0.063,NA
4244,NA,NA,NA,NA,NA,NA,0.063,NA
4257,NA,NA,NA,NA,NA,NA,0.063,NA
4259,NA,NA,NA,NA,NA,NA,0.063,NA
4262,NA,NA,NA,NA,NA,NA,0.063,NA
4266,NA,NA,NA,NA,NA,NA,0.063,NA
4268,NA,NA,NA,NA,NA,NA,0.063,NA
4269,NA,NA,NA,NA,NA,NA,0.063,NA
4270,NA,NA,NA,NA,NA,NA,0.063,NA
4271,NA,NA,NA,NA,NA,NA,0.063,NA
4272,NA,NA,NA,NA,NA,NA,0.063,NA
4273,NA,NA,NA,NA,NA,NA,0.063,NA
4274,NA,NA,NA,NA,NA,NA,0.063,NA
4275,NA,NA,NA,NA,NA,NA,0.063,NA
4276,NA,NA,NA,NA,NA,NA,0.063,NA
4277,NA,NA,NA,NA,NA,NA,0.063,NA
4278,NA,NA,NA,NA,NA,NA,0.063,NA
4279,NA,NA,NA,NA,NA,NA,0.063,NA
4280,NA,NA,NA,NA,NA,NA,0.063,NA
4281,NA,NA,NA,NA,NA,NA,0.063,NA
4298,NA,NA,NA,NA,NA,NA,0.063,NA
4299,NA,NA,NA,NA,NA,NA,0.063,NA
4300,NA,NA,NA,NA,NA,NA,0.063,NA
4301,NA,NA,NA,NA,NA,NA,0.063,NA
4302,NA,NA,NA,NA,NA,NA,0.063,NA
4303,NA,NA,NA,NA,NA,NA,0.063,NA
4304,NA,NA,NA,NA,NA,NA,0.063,NA
4305,NA,NA,NA,NA,NA,NA,0.063,NA
4306,NA,NA,NA,NA,NA,NA,0.063,NA
4307,NA,NA,NA,NA,NA,NA,0.063,NA
4308,NA,NA,NA,NA,NA,NA,0.063,NA
4309,NA,NA,NA,NA,NA,NA,0.063,NA
4310,NA,NA,NA,NA,NA,NA,0.063,NA
4311,NA,NA,NA,NA,NA,NA,0.063,NA
4312,NA,NA,NA,NA,NA,NA,0.063,NA
4313,NA,NA,NA,NA,NA,NA,0.063,NA
4314,NA,NA,NA,NA,NA,NA,0.063,NA
4315,NA,NA,NA,NA,NA,NA,0.063,NA
4316,NA,NA,NA,NA,NA,NA,0.063,NA
4317,NA,NA,NA,NA,NA,NA,0.063,NA
4318,NA,NA,NA,NA,NA,NA,0.063,NA
4338,NA,NA,NA,NA,NA,NA,0.063,NA
4339,NA,NA,NA,NA,NA,NA,0.063,NA
4340,NA,NA,NA,NA,NA,NA,0.063,NA
4341,NA,NA,NA,NA,NA,NA,0.063,NA
4342,NA,NA,NA,NA,NA,NA,0.063,NA
4343,NA,NA,NA,NA,NA,NA,0.063,NA
4344,NA,NA,NA,NA,NA,NA,0.063,NA
4345,NA,NA,NA,NA,NA,NA,0.063,NA
4346,NA,NA,NA,NA,NA,NA,0.063,NA
4347,NA,NA,NA,NA,NA,NA,0.063,NA
4348,NA,NA,NA,NA,NA,NA,0.063,NA
4349,NA,NA,NA,NA,NA,NA,0.063,NA
4350,NA,NA,NA,NA,NA,NA,0.063,NA
4351,NA,NA,NA,NA,NA,NA,0.063,NA
4352,NA,NA,NA,NA,NA,NA,0.063,NA
4353,NA,NA,NA,NA,NA,NA,0.063,NA
4354,NA,NA,NA,NA,NA,NA,0.063,NA
4355,NA,NA,NA,NA,NA,NA,0.063,NA
4356,NA,NA,NA,NA,NA,NA,0.063,NA
4357,NA,NA,NA,NA,NA,NA,0.063,NA
4358,NA,NA,NA,NA,NA,NA,0.063,NA
4359,NA,NA,NA,NA,NA,NA,0.063,NA
4360,NA,NA,NA,NA,NA,NA,0.063,NA
4361,NA,NA,NA,NA,NA,NA,0.063,NA
4362,NA,NA,NA,NA,NA,NA,0.063,NA
4363,NA,NA,NA,NA,NA,NA,0.063,NA
4364,NA,NA,NA,NA,NA,NA,0.063,NA
4365,NA,NA,NA,NA,NA,NA,0.063,NA
4366,NA,NA,NA,NA,NA,NA,0.063,NA
4367,NA,NA,NA,NA,NA,NA,0.063,NA
4368,NA,NA,NA,NA,NA,NA,0.063,NA
4369,NA,NA,NA,NA,NA,NA,0.063,NA
4384,NA,NA,NA,NA,NA,NA,0.063,NA
4387,NA,NA,NA,NA,NA,NA,0.063,NA
4394,NA,NA,NA,NA,NA,NA,0.063,NA
4395,NA,NA,NA,NA,NA,NA,0.063,NA
4396,NA,NA,NA,NA,NA,NA,0.063,NA
4397,NA,NA,NA,NA,NA,NA,0.063,NA
4398,NA,NA,NA,NA,NA,NA,0.063,NA
4399,NA,NA,NA,NA,NA,NA,0.063,NA
4400,NA,NA,NA,NA,NA,NA,0.063,NA
4401,NA,NA,NA,NA,NA,NA,0.063,NA
4402,NA,NA,NA,NA,NA,NA,0.063,NA
4403,NA,NA,NA,NA,NA,NA,0.063,NA
4404,NA,NA,NA,NA,NA,NA,0.063,NA
4405,NA,NA,NA,NA,NA,NA,0.063,NA
4406,NA,NA,NA,NA,NA,NA,0.063,NA
4407,NA,NA,NA,NA,NA,NA,0.063,NA
4408,NA,NA,NA,NA,NA,NA,0.063,NA
4409,NA,NA,NA,NA,NA,NA,0.063,NA
4410,NA,NA,NA,NA,NA,NA,0.063,NA
4411,NA,NA,NA,NA,NA,NA,0.063,NA
4412,NA,NA,NA,NA,NA,NA,0.063,NA
4413,NA,NA,NA,NA,NA,NA,0.063,NA
4414,NA,NA,NA,NA,NA,NA,0.063,NA
4415,NA,NA,NA,NA,NA,NA,0.063,NA
4417,NA,NA,NA,NA,NA,NA,0.063,NA
4422,NA,NA,NA,NA,NA,NA,0.063,NA
4435,NA,NA,NA,NA,NA,NA,0.063,NA
4436,NA,NA,NA,NA,NA,NA,0.063,NA
4437,NA,NA,NA,NA,NA,NA,0.063,NA
4446,NA,NA,NA,NA,NA,NA,0.063,NA
4447,NA,NA,NA,NA,NA,NA,0.063,NA
4448,NA,NA,NA,NA,NA,NA,0.063,NA
4449,NA,NA,NA,NA,NA,NA,0.063,NA
4450,NA,NA,NA,NA,NA,NA,0.063,NA
4451,NA,NA,NA,NA,NA,NA,0.063,NA
4452,NA,NA,NA,NA,NA,NA,0.063,NA
4453,NA,NA,NA,NA,NA,NA,0.063,NA
4454,NA,NA,NA,NA,NA,NA,0.063,NA
4455,NA,NA,NA,NA,NA,NA,0.063,NA
4456,NA,NA,NA,NA,NA,NA,0.063,NA
4457,NA,NA,NA,NA,NA,NA,0.063,NA
4458,NA,NA,NA,NA,NA,NA,0.063,NA
4459,NA,NA,NA,NA,NA,NA,0.063,NA
4460,NA,NA,NA,NA,NA,NA,0.063,NA
4461,NA,NA,NA,NA,NA,NA,0.063,NA
4462,NA,NA,NA,NA,NA,NA,0.063,NA
4463,NA,NA,NA,NA,NA,NA,0.063,NA
4464,NA,NA,NA,NA,NA,NA,0.063,NA
4465,NA,NA,NA,NA,NA,NA,0.063,NA
4466,NA,NA,NA,NA,NA,NA,0.063,NA
4467,NA,NA,NA,NA,NA,NA,0.063,NA
4468,NA,NA,NA,NA,NA,NA,0.063,NA
4469,NA,NA,NA,NA,NA,NA,0.063,NA
4470,NA,NA,NA,NA,NA,NA,0.063,NA
4471,NA,NA,NA,NA,NA,NA,0.063,NA
4472,NA,NA,NA,NA,NA,NA,0.063,NA
4473,NA,NA,NA,NA,NA,NA,0.063,NA
4474,NA,NA,NA,NA,NA,NA,0.063,NA
4475,NA,NA,NA,NA,NA,NA,0.063,NA
4476,NA,NA,NA,NA,NA,NA,0.063,NA
4477,NA,NA,NA,NA,NA,NA,0.063,NA
4478,NA,NA,NA,NA,NA,NA,0.063,NA
4479,NA,NA,NA,NA,NA,NA,0.063,NA
4480,NA,NA,NA,NA,NA,NA,0.063,NA
4481,NA,NA,NA,NA,NA,NA,0.063,NA
4482,NA,NA,NA,NA,NA,NA,0.063,NA
4483,NA,NA,NA,NA,NA,NA,0.063,NA
4484,NA,NA,NA,NA,NA,NA,0.063,NA
4485,NA,NA,NA,NA,NA,NA,0.063,NA
4486,NA,NA,NA,NA,NA,NA,0.063,NA
4487,NA,NA,NA,NA,NA,NA,0.063,NA
4488,NA,NA,NA,NA,NA,NA,0.063,NA
4503,NA,NA,NA,NA,NA,NA,0.063,NA
4504,NA,NA,NA,NA,NA,NA,0.063,NA
4505,NA,NA,NA,NA,NA,NA,0.063,NA
4506,NA,NA,NA,NA,NA,NA,0.063,NA
4507,NA,NA,NA,NA,NA,NA,0.063,NA
4508,NA,NA,NA,NA,NA,NA,0.063,NA
4509,NA,NA,NA,NA,NA,NA,0.063,NA
4510,NA,NA,NA,NA,NA,NA,0.063,NA
4511,NA,NA,NA,NA,NA,NA,0.063,NA
4512,NA,NA,NA,NA,NA,NA,0.063,NA
4513,NA,NA,NA,NA,NA,NA,0.063,NA
4514,NA,NA,NA,NA,NA,NA,0.063,NA
4515,NA,NA,NA,NA,NA,NA,0.063,NA
4521,NA,NA,NA,NA,NA,NA,0.063,NA
4522,NA,NA,NA,NA,NA,NA,0.063,NA
4523,NA,NA,NA,NA,NA,NA,0.063,NA
4527,NA,NA,NA,NA,NA,NA,0.063,NA
4528,NA,NA,NA,NA,NA,NA,0.063,NA
4529,NA,NA,NA,NA,NA,NA,0.063,NA
4530,NA,NA,NA,NA,NA,NA,0.063,NA
4542,NA,NA,NA,NA,NA,NA,0.063,NA
4545,NA,NA,NA,NA,NA,NA,0.063,NA
4548,NA,NA,NA,NA,NA,NA,0.063,NA
4549,NA,NA,NA,NA,NA,NA,0.063,NA
4550,NA,NA,NA,NA,NA,NA,0.063,NA
4551,NA,NA,NA,NA,NA,NA,0.063,NA
4552,NA,NA,NA,NA,NA,NA,0.063,NA
4553,NA,NA,NA,NA,NA,NA,0.063,NA
4554,NA,NA,NA,NA,NA,NA,0.063,NA
4555,NA,NA,NA,NA,NA,NA,0.063,NA
4556,NA,NA,NA,NA,NA,NA,0.063,NA
4557,NA,NA,NA,NA,NA,NA,0.063,NA
4558,NA,NA,NA,NA,NA,NA,0.063,NA
4559,NA,NA,NA,NA,NA,NA,0.063,NA
4560,NA,NA,NA,NA,NA,NA,0.063,NA
4561,NA,NA,NA,NA,NA,NA,0.063,NA
4562,NA,NA,NA,NA,NA,NA,0.063,NA
4563,NA,NA,NA,NA,NA,NA,0.063,NA
4564,NA,NA,NA,NA,NA,NA,0.063,NA
4565,NA,NA,NA,NA,NA,NA,0.063,NA
4566,NA,NA,NA,NA,NA,NA,0.063,NA
4567,NA,NA,NA,NA,NA,NA,0.063,NA
4568,NA,NA,NA,NA,NA,NA,0.063,NA
4569,NA,NA,NA,NA,NA,NA,0.063,NA
4591,NA,NA,NA,NA,NA,NA,0.063,NA
4592,NA,NA,NA,NA,NA,NA,0.063,NA
4593,NA,NA,NA,NA,NA,NA,0.063,NA
4594,NA,NA,NA,NA,NA,NA,0.063,NA
4595,NA,NA,NA,NA,NA,NA,0.063,NA
4596,NA,NA,NA,NA,NA,NA,0.063,NA
4597,NA,NA,NA,NA,NA,NA,0.063,NA
4598,NA,NA,NA,NA,NA,NA,0.063,NA
4599,NA,NA,NA,NA,NA,NA,0.063,NA
4600,NA,NA,NA,NA,NA,NA,0.063,NA
4601,NA,NA,NA,NA,NA,NA,0.063,NA
4602,NA,NA,NA,NA,NA,NA,0.063,NA
4603,NA,NA,NA,NA,NA,NA,0.063,NA
4604,NA,NA,NA,NA,NA,NA,0.063,NA
4605,NA,NA,NA,NA,NA,NA,0.063,NA
4606,NA,NA,NA,NA,NA,NA,0.063,NA
4607,NA,NA,NA,NA,NA,NA,0.063,NA
4608,NA,NA,NA,NA,NA,NA,0.063,NA
4609,NA,NA,NA,NA,NA,NA,0.063,NA
4610,NA,NA,NA,NA,NA,NA,0.063,NA
4611,NA,NA,NA,NA,NA,NA,0.063,NA
4612,NA,NA,NA,NA,NA,NA,0.063,NA
4613,NA,NA,NA,NA,NA,NA,0.063,NA
4614,NA,NA,NA,NA,NA,NA,0.063,NA
4615,NA,NA,NA,NA,NA,NA,0.063,NA
4616,NA,NA,NA,NA,NA,NA,0.063,NA
4617,NA,NA,NA,NA,NA,NA,0.063,NA
4618,NA,NA,NA,NA,NA,NA,0.063,NA
4619,NA,NA,NA,NA,NA,NA,0.063,NA
4620,NA,NA,NA,NA,NA,NA,0.063,NA
4621,NA,NA,NA,NA,NA,NA,0.063,NA
4622,NA,NA,NA,NA,NA,NA,0.063,NA
4623,NA,NA,NA,NA,NA,NA,0.063,NA
4624,NA,NA,NA,NA,NA,NA,0.063,NA
4637,NA,NA,NA,NA,NA,NA,0.063,NA
4638,NA,NA,NA,NA,NA,NA,0.063,NA
4641,NA,NA,NA,NA,NA,NA,0.063,NA
4642,NA,NA,NA,NA,NA,NA,0.063,NA
4643,NA,NA,NA,NA,NA,NA,0.063,NA
4644,NA,NA,NA,NA,NA,NA,0.063,NA
4645,NA,NA,NA,NA,NA,NA,0.063,NA
4646,NA,NA,NA,NA,NA,NA,0.063,NA
4647,NA,NA,NA,NA,NA,NA,0.063,NA
4648,NA,NA,NA,NA,NA,NA,0.063,NA
4649,NA,NA,NA,NA,NA,NA,0.063,NA
4650,NA,NA,NA,NA,NA,NA,0.063,NA
4651,NA,NA,NA,NA,NA,NA,0.063,NA
4652,NA,NA,NA,NA,NA,NA,0.063,NA
4653,NA,NA,NA,NA,NA,NA,0.063,NA
4654,NA,NA,NA,NA,NA,NA,0.063,NA
4655,NA,NA,NA,NA,NA,NA,0.063,NA
4656,NA,NA,NA,NA,NA,NA,0.063,NA
4657,NA,NA,NA,NA,NA,NA,0.063,NA
4658,NA,NA,NA,NA,NA,NA,0.063,NA
4659,NA,NA,NA,NA,NA,NA,0.063,NA
4660,NA,NA,NA,NA,NA,NA,0.063,NA
4661,NA,NA,NA,NA,NA,NA,0.063,NA
4662,NA,NA,NA,NA,NA,NA,0.063,NA
4663,NA,NA,NA,NA,NA,NA,0.063,NA
4664,NA,NA,NA,NA,NA,NA,0.063,NA
4665,NA,NA,NA,NA,NA,NA,0.063,NA
4666,NA,NA,NA,NA,NA,NA,0.063,NA
4667,NA,NA,NA,NA,NA,NA,0.063,NA
4668,NA,NA,NA,NA,NA,NA,0.063,NA
4669,NA,NA,NA,NA,NA,NA,0.063,NA
4670,NA,NA,NA,NA,NA,NA,0.063,NA
4671,NA,NA,NA,NA,NA,NA,0.063,NA
4687,NA,NA,NA,NA,NA,NA,0.063,NA
4688,NA,NA,NA,NA,NA,NA,0.063,NA
4689,NA,NA,NA,NA,NA,NA,0.063,NA
4690,NA,NA,NA,NA,NA,NA,0.063,NA
4691,NA,NA,NA,NA,NA,NA,0.063,NA
4692,NA,NA,NA,NA,NA,NA,0.063,NA
4693,NA,NA,NA,NA,NA,NA,0.063,NA
4694,NA,NA,NA,NA,NA,NA,0.063,NA
4695,NA,NA,NA,NA,NA,NA,0.063,NA
4696,NA,NA,NA,NA,NA,NA,0.063,NA
4697,NA,NA,NA,NA,NA,NA,0.063,NA
4698,NA,NA,NA,NA,NA,NA,0.063,NA
4707,NA,NA,NA,NA,NA,NA,0.063,NA
4708,NA,NA,NA,NA,NA,NA,0.063,NA
4709,NA,NA,NA,NA,NA,NA,0.063,NA
4710,NA,NA,NA,NA,NA,NA,0.063,NA
4711,NA,NA,NA,NA,NA,NA,0.063,NA
4712,NA,NA,NA,NA,NA,NA,0.063,NA
4713,NA,NA,NA,NA,NA,NA,0.063,NA
4730,NA,NA,NA,NA,NA,NA,0.063,NA
4731,NA,NA,NA,NA,NA,NA,0.063,NA
4734,NA,NA,NA,NA,NA,NA,0.063,NA
4735,NA,NA,NA,NA,NA,NA,0.063,NA
4736,NA,NA,NA,NA,NA,NA,0.063,NA
4737,NA,NA,NA,NA,NA,NA,0.063,NA
4738,NA,NA,NA,NA,NA,NA,0.063,NA
4739,NA,NA,NA,NA,NA,NA,0.063,NA
4740,NA,NA,NA,NA,NA,NA,0.063,NA
4741,NA,NA,NA,NA,NA,NA,0.063,NA
4742,NA,NA,NA,NA,NA,NA,0.063,NA
4743,NA,NA,NA,NA,NA,NA,0.063,NA
4744,NA,NA,NA,NA,NA,NA,0.063,NA
4745,NA,NA,NA,NA,NA,NA,0.063,NA
4746,NA,NA,NA,NA,NA,NA,0.063,NA
4747,NA,NA,NA,NA,NA,NA,0.063,NA
4748,NA,NA,NA,NA,NA,NA,0.063,NA
4749,NA,NA,NA,NA,NA,NA,0.063,NA
4750,NA,NA,NA,NA,NA,NA,0.063,NA
4751,NA,NA,NA,NA,NA,NA,0.063,NA
4752,NA,NA,NA,NA,NA,NA,0.063,NA
4753,NA,NA,NA,NA,NA,NA,0.063,NA
4765,NA,NA,NA,NA,NA,NA,0.063,NA
4770,NA,NA,NA,NA,NA,NA,0.063,NA
4771,NA,NA,NA,NA,NA,NA,0.063,NA
4772,NA,NA,NA,NA,NA,NA,0.063,NA
4773,NA,NA,NA,NA,NA,NA,0.063,NA
4774,NA,NA,NA,NA,NA,NA,0.063,NA
4775,NA,NA,NA,NA,NA,NA,0.063,NA
4776,NA,NA,NA,NA,NA,NA,0.063,NA
4777,NA,NA,NA,NA,NA,NA,0.063,NA
4778,NA,NA,NA,NA,NA,NA,0.063,NA
4791,NA,NA,NA,NA,NA,NA,0.063,NA
4793,NA,NA,NA,NA,NA,NA,0.063,NA
4794,NA,NA,NA,NA,NA,NA,0.063,NA
4795,NA,NA,NA,NA,NA,NA,0.063,NA
4796,NA,NA,NA,NA,NA,NA,0.063,NA
4797,NA,NA,NA,NA,NA,NA,0.063,NA
4798,NA,NA,NA,NA,NA,NA,0.063,NA
4799,NA,NA,NA,NA,NA,NA,0.063,NA
4800,NA,NA,NA,NA,NA,NA,0.063,NA
4801,NA,NA,NA,NA,NA,NA,0.063,NA
4802,NA,NA,NA,NA,NA,NA,0.063,NA
4803,NA,NA,NA,NA,NA,NA,0.063,NA
4804,NA,NA,NA,NA,NA,NA,0.063,NA
4805,NA,NA,NA,NA,NA,NA,0.063,NA
4806,NA,NA,NA,NA,NA,NA,0.063,NA
4807,NA,NA,NA,NA,NA,NA,0.063,NA
4815,NA,NA,NA,NA,NA,NA,0.063,NA
4816,NA,NA,NA,NA,NA,NA,0.063,NA
4817,NA,NA,NA,NA,NA,NA,0.063,NA
4818,NA,NA,NA,NA,NA,NA,0.063,NA
4819,NA,NA,NA,NA,NA,NA,0.063,NA
4820,NA,NA,NA,NA,NA,NA,0.063,NA
4821,NA,NA,NA,NA,NA,NA,0.063,NA
4822,NA,NA,NA,NA,NA,NA,0.063,NA
4823,NA,NA,NA,NA,NA,NA,0.063,NA
4824,NA,NA,NA,NA,NA,NA,0.063,NA
4825,NA,NA,NA,NA,NA,NA,0.063,NA
4826,NA,NA,NA,NA,NA,NA,0.063,NA
4827,NA,NA,NA,NA,NA,NA,0.063,NA
4828,NA,NA,NA,NA,NA,NA,0.063,NA
4829,NA,NA,NA,NA,NA,NA,0.063,NA
4830,NA,NA,NA,NA,NA,NA,0.063,NA
4831,NA,NA,NA,NA,NA,NA,0.063,NA
4843,NA,NA,NA,NA,NA,NA,0.063,NA
4846,NA,NA,NA,NA,NA,NA,0.063,NA
4847,NA,NA,NA,NA,NA,NA,0.063,NA
4848,NA,NA,NA,NA,NA,NA,0.063,NA
4849,NA,NA,NA,NA,NA,NA,0.063,NA
4850,NA,NA,NA,NA,NA,NA,0.063,NA
4851,NA,NA,NA,NA,NA,NA,0.063,NA
4852,NA,NA,NA,NA,NA,NA,0.063,NA
4853,NA,NA,NA,NA,NA,NA,0.063,NA
4854,NA,NA,NA,NA,NA,NA,0.063,NA
4855,NA,NA,NA,NA,NA,NA,0.063,NA
4856,NA,NA,NA,NA,NA,NA,0.063,NA
4857,NA,NA,NA,NA,NA,NA,0.063,NA
4858,NA,NA,NA,NA,NA,NA,0.063,NA
4859,NA,NA,NA,NA,NA,NA,0.063,NA
4860,NA,NA,NA,NA,NA,NA,0.063,NA
4861,NA,NA,NA,NA,NA,NA,0.063,NA
4862,NA,NA,NA,NA,NA,NA,0.063,NA
4863,NA,NA,NA,NA,NA,NA,0.063,NA
4878,NA,NA,NA,NA,NA,NA,0.063,NA
4879,NA,NA,NA,NA,NA,NA,0.063,NA
4880,NA,NA,NA,NA,NA,NA,0.063,NA
4881,NA,NA,NA,NA,NA,NA,0.063,NA
4882,NA,NA,NA,NA,NA,NA,0.063,NA
4883,NA,NA,NA,NA,NA,NA,0.063,NA
4884,NA,NA,NA,NA,NA,NA,0.063,NA
4885,NA,NA,NA,NA,NA,NA,0.063,NA
4886,NA,NA,NA,NA,NA,NA,0.063,NA
4887,NA,NA,NA,NA,NA,NA,0.063,NA
4888,NA,NA,NA,NA,NA,NA,0.063,NA
4889,NA,NA,NA,NA,NA,NA,0.063,NA
4890,NA,NA,NA,NA,NA,NA,0.063,NA
4891,NA,NA,NA,NA,NA,NA,0.063,NA
4892,NA,NA,NA,NA,NA,NA,0.063,NA
4893,NA,NA,NA,NA,NA,NA,0.063,NA
4894,NA,NA,NA,NA,NA,NA,0.063,NA
4901,NA,NA,NA,NA,NA,NA,0.063,NA
4904,NA,NA,NA,NA,NA,NA,0.063,NA
4910,NA,NA,NA,NA,NA,NA,0.063,NA
4911,NA,NA,NA,NA,NA,NA,0.063,NA
4912,NA,NA,NA,NA,NA,NA,0.063,NA
4913,NA,NA,NA,NA,NA,NA,0.063,NA
4914,NA,NA,NA,NA,NA,NA,0.063,NA
4915,NA,NA,NA,NA,NA,NA,0.063,NA
4916,NA,NA,NA,NA,NA,NA,0.063,NA
4917,NA,NA,NA,NA,NA,NA,0.063,NA
4918,NA,NA,NA,NA,NA,NA,0.063,NA
4919,NA,NA,NA,NA,NA,NA,0.063,NA
4920,NA,NA,NA,NA,NA,NA,0.063,NA
4921,NA,NA,NA,NA,NA,NA,0.063,NA
4922,NA,NA,NA,NA,NA,NA,0.063,NA
4923,NA,NA,NA,NA,NA,NA,0.063,NA
4939,NA,NA,NA,NA,NA,NA,0.063,NA
4940,NA,NA,NA,NA,NA,NA,0.063,NA
4941,NA,NA,NA,NA,NA,NA,0.063,NA
4954,NA,NA,NA,NA,NA,NA,0.063,NA
4955,NA,NA,NA,NA,NA,NA,0.063,NA
4956,NA,NA,NA,NA,NA,NA,0.063,NA
4957,NA,NA,NA,NA,NA,NA,0.063,NA
4958,NA,NA,NA,NA,NA,NA,0.063,NA
4959,NA,NA,NA,NA,NA,NA,0.063,NA
4960,NA,NA,NA,NA,NA,NA,0.063,NA
4961,NA,NA,NA,NA,NA,NA,0.063,NA
4962,NA,NA,NA,NA,NA,NA,0.063,NA
4963,NA,NA,NA,NA,NA,NA,0.063,NA
4964,NA,NA,NA,NA,NA,NA,0.063,NA
4965,NA,NA,NA,NA,NA,NA,0.063,NA
4966,NA,NA,NA,NA,NA,NA,0.063,NA
4967,NA,NA,NA,NA,NA,NA,0.063,NA
4968,NA,NA,NA,NA,NA,NA,0.063,NA
4969,NA,NA,NA,NA,NA,NA,0.063,NA
4970,NA,NA,NA,NA,NA,NA,0.063,NA
4971,NA,NA,NA,NA,NA,NA,0.063,NA
4972,NA,NA,NA,NA,NA,NA,0.063,NA
4973,NA,NA,NA,NA,NA,NA,0.063,NA
4982,NA,NA,NA,NA,NA,NA,0.063,NA
4983,NA,NA,NA,NA,NA,NA,0.063,NA
4984,NA,NA,NA,NA,NA,NA,0.063,NA
4985,NA,NA,NA,NA,NA,NA,0.063,NA
4986,NA,NA,NA,NA,NA,NA,0.063,NA
4987,NA,NA,NA,NA,NA,NA,0.063,NA
4988,NA,NA,NA,NA,NA,NA,0.063,NA
4989,NA,NA,NA,NA,NA,NA,0.063,NA
4990,NA,NA,NA,NA,NA,NA,0.063,NA
