"node","p_node","sens","depth_node","node_parent","p_parent","tree","trait"
"52",0.001,"the_root",3.279725,51,0.035,1,2117
"53",0,"the_root",2.166195,52,0.001,1,2117
"54",0,"the_root",1.965,53,0,1,2117
"55",0,"the_root",1.493977,54,0,1,2117
"56",0,"the_root",0.896802,55,0,1,2117
"57",0,"the_root",0.381275,53,0,1,2117
"58",0.038,"the_root",8.305155,51,0.035,1,2117
"59",0.006,"the_root",2.431602,58,0.038,1,2117
"60",0.045,"the_root",7.315413,58,0.038,1,2117
"61",0.039,"the_root",7.214878,60,0.045,1,2117
"62",0.015,"the_root",5.06648,61,0.039,1,2117
"63",0.013,"the_root",4.467516,62,0.015,1,2117
"64",0.028,"the_root",6.728141,61,0.039,1,2117
"65",0.021,"the_root",5.787808,64,0.028,1,2117
"66",0.005,"the_root",2.368009,65,0.021,1,2117
"67",0.028,"the_root",6.577912,64,0.028,1,2117
"68",0.028,"the_root",6.465184,67,0.028,1,2117
"69",0.036,"the_root",5.950671,68,0.028,1,2117
"70",0.066,"the_root",4.894872,69,0.036,1,2117
"71",0.261,"the_root",2.056105,70,0.066,1,2117
"72",0.026,"the_root",6.41214,67,0.028,1,2117
"73",0.026,"the_root",6.269234,72,0.026,1,2117
"74",0.028,"the_root",5.663665,73,0.026,1,2117
"75",0.035,"the_root",5.24078,74,0.028,1,2117
"76",0.094,"the_root",4.301748,75,0.035,1,2117
"77",0.221,"the_root",3.424605,76,0.094,1,2117
"78",0.227,"the_root",3.407502,77,0.221,1,2117
"79",0.961,"the_root",2.77946,78,0.227,1,2117
"80",0.998,"the_root",1.913947,79,0.961,1,2117
"81",0.007,"the_root",3.530233,75,0.035,1,2117
"82",0.002,"the_root",2.771304,81,0.007,1,2117
"83",0,"the_root",1.722371,82,0.002,1,2117
"84",0,"the_root",0.583405,83,0,1,2117
"85",0,"the_root",0.987005,83,0,1,2117
"86",0,"the_root",0.43329,85,0,1,2117
"87",0,"the_root",0.822305,85,0,1,2117
"88",0,"the_root",0.875838,82,0.002,1,2117
"89",0,"the_root",1.497592,74,0.028,1,2117
"90",0,"the_root",0.949298,89,0,1,2117
"91",0,"the_root",0.538336,90,0,1,2117
"92",0,"the_root",0.760638,90,0,1,2117
"93",0.1,"the_root",6.800008,60,0.045,1,2117
"94",0.441,"the_root",4.984671,93,0.1,1,2117
"95",0.639,"the_root",4.495648,94,0.441,1,2117
"96",0.659,"the_root",3.436623,95,0.639,1,2117
"97",0.686,"the_root",3.575666,95,0.639,1,2117
"98",0.976,"the_root",2.469634,97,0.686,1,2117
"99",0.234,"the_root",2.421463,97,0.686,1,2117
"BodicTshangla",0,"the_root",0,93,0.1,1,2117
"BurmishAchang",0,"the_root",0,84,0,1,2117
"BurmishAtsi",0,"the_root",0,87,0,1,2117
"BurmishBola",0,"the_root",0,86,0,1,2117
"BurmishLashi",0,"the_root",0,87,0,1,2117
"BurmishMaru",0,"the_root",0,86,0,1,2117
"BurmishOldBurmese",0,"the_root",0.743435,88,0,1,2117
"BurmishRangoon",0,"the_root",0,88,0,1,2117
"BurmishXiandao",0,"the_root",0,84,0,1,2117
"ChepangChepang",0,"the_root",0,72,0.026,1,2117
"ChinHakha",1,"the_root",0,71,0.261,1,2117
"DengDarangTaraon",0,"the_root",0,59,0.006,1,2117
"DengYidu",0,"the_root",0,59,0.006,1,2117
"GaroGaro",0,"the_root",0,66,0.005,1,2117
"JingphoJingpho",0,"the_root",0,65,0.021,1,2117
"Karbi",0,"the_root",0,69,0.036,1,2117
"KhroskyabsWobzi",1,"the_root",0,79,0.961,1,2117
"KirantiBahing",0,"the_root",0,99,0.234,1,2117
"KirantiBantawa",0,"the_root",0,96,0.659,1,2117
"KirantiHayu",0,"the_root",0,94,0.441,1,2117
"KirantiKhaling",1,"the_root",0,98,0.976,1,2117
"KirantiKulung",1,"the_root",0,98,0.976,1,2117
"KirantiLimbu",1,"the_root",0,96,0.659,1,2117
"KirantiThulung",0,"the_root",0,99,0.234,1,2117
"LoloishLisu",0,"the_root",0,81,0.007,1,2117
"MizoLushai",0,"the_root",0,71,0.261,1,2117
"NagaUkhrul",0,"the_root",0,70,0.066,1,2117
"NungicDulong",0,"the_root",0,73,0.026,1,2117
"QiangicZhaba",0,"the_root",0,76,0.094,1,2117
"Rabha",0,"the_root",0,66,0.005,1,2117
"SiniticBeijing",0,"the_root",0,54,0,1,2117
"SiniticChaozhou",0,"the_root",0,57,0,1,2117
"SiniticGuangzhou",0,"the_root",0,55,0,1,2117
"SiniticJieyang",0,"the_root",0,57,0,1,2117
"SiniticLonggang",0,"the_root",0,56,0,1,2117
"SiniticOldChinese",0,"the_root",2.676254,52,0.001,1,2117
"SiniticXingning",0,"the_root",0,56,0,1,2117
"Tangut",0,"the_root",0.899079,78,0.227,1,2117
"TaniBokar",0,"the_root",0,68,0.028,1,2117
"TibetanAlike",0,"the_root",0,91,0,1,2117
"TibetanBatang",0,"the_root",0,92,0,1,2117
"TibetanLhasa",0,"the_root",0,92,0,1,2117
"TibetanOldTibetan",0,"the_root",1.389444,89,0,1,2117
"TibetanXiahe",0,"the_root",0,91,0,1,2117
"TibetoKinauriBunan",0,"the_root",0,63,0.013,1,2117
"TibetoKinauriByangsi",0,"the_root",0,63,0.013,1,2117
"TibetoKinauriRongpo",0,"the_root",0,62,0.015,1,2117
"rGyalrongDaofu",0,"the_root",0,77,0.221,1,2117
"rGyalrongJaphug",1,"the_root",0,80,0.998,1,2117
"rGyalrongMaerkang",1,"the_root",0,80,0.998,1,2117
"52",0.001,"the_root",3.279725,51,0.016,1,2118
"53",0,"the_root",2.166195,52,0.001,1,2118
"54",0,"the_root",1.965,53,0,1,2118
"55",0,"the_root",1.493977,54,0,1,2118
"56",0,"the_root",0.896802,55,0,1,2118
"57",0,"the_root",0.381275,53,0,1,2118
"58",0.009,"the_root",8.305155,51,0.016,1,2118
"59",0.004,"the_root",2.431602,58,0.009,1,2118
"60",0.007,"the_root",7.315413,58,0.009,1,2118
"61",0.005,"the_root",7.214878,60,0.007,1,2118
"62",0.005,"the_root",5.06648,61,0.005,1,2118
"63",0.005,"the_root",4.467516,62,0.005,1,2118
"64",0.003,"the_root",6.728141,61,0.005,1,2118
"65",0.004,"the_root",5.787808,64,0.003,1,2118
"66",0.003,"the_root",2.368009,65,0.004,1,2118
"67",0.003,"the_root",6.577912,64,0.003,1,2118
"68",0.003,"the_root",6.465184,67,0.003,1,2118
"69",0.003,"the_root",5.950671,68,0.003,1,2118
"70",0.004,"the_root",4.894872,69,0.003,1,2118
"71",0.002,"the_root",2.056105,70,0.004,1,2118
"72",0.004,"the_root",6.41214,67,0.003,1,2118
"73",0.006,"the_root",6.269234,72,0.004,1,2118
"74",0.017,"the_root",5.663665,73,0.006,1,2118
"75",0.008,"the_root",5.24078,74,0.017,1,2118
"76",0.003,"the_root",4.301748,75,0.008,1,2118
"77",0.001,"the_root",3.424605,76,0.003,1,2118
"78",0.001,"the_root",3.407502,77,0.001,1,2118
"79",0.001,"the_root",2.77946,78,0.001,1,2118
"80",0.001,"the_root",1.913947,79,0.001,1,2118
"81",0.002,"the_root",3.530233,75,0.008,1,2118
"82",0.001,"the_root",2.771304,81,0.002,1,2118
"83",0,"the_root",1.722371,82,0.001,1,2118
"84",0,"the_root",0.583405,83,0,1,2118
"85",0,"the_root",0.987005,83,0,1,2118
"86",0,"the_root",0.43329,85,0,1,2118
"87",0,"the_root",0.822305,85,0,1,2118
"88",0,"the_root",0.875838,82,0.001,1,2118
"89",1,"the_root",1.497592,74,0.017,1,2118
"90",1,"the_root",0.949298,89,1,1,2118
"91",1,"the_root",0.538336,90,1,1,2118
"92",0.998,"the_root",0.760638,90,1,1,2118
"93",0.02,"the_root",6.800008,60,0.007,1,2118
"94",0.005,"the_root",4.984671,93,0.02,1,2118
"95",0.002,"the_root",4.495648,94,0.005,1,2118
"96",0.003,"the_root",3.436623,95,0.002,1,2118
"97",0.001,"the_root",3.575666,95,0.002,1,2118
"98",0.001,"the_root",2.469634,97,0.001,1,2118
"99",0.001,"the_root",2.421463,97,0.001,1,2118
"BodicTshangla",1,"the_root",0,93,0.02,1,2118
"BurmishAchang",0,"the_root",0,84,0,1,2118
"BurmishAtsi",0,"the_root",0,87,0,1,2118
"BurmishBola",0,"the_root",0,86,0,1,2118
"BurmishLashi",0,"the_root",0,87,0,1,2118
"BurmishMaru",0,"the_root",0,86,0,1,2118
"BurmishOldBurmese",0,"the_root",0.743435,88,0,1,2118
"BurmishRangoon",0,"the_root",0,88,0,1,2118
"BurmishXiandao",0,"the_root",0,84,0,1,2118
"ChepangChepang",0,"the_root",0,72,0.004,1,2118
"ChinHakha",0,"the_root",0,71,0.002,1,2118
"DengDarangTaraon",0,"the_root",0,59,0.004,1,2118
"DengYidu",0,"the_root",0,59,0.004,1,2118
"GaroGaro",0,"the_root",0,66,0.003,1,2118
"JingphoJingpho",0,"the_root",0,65,0.004,1,2118
"Karbi",0,"the_root",0,69,0.003,1,2118
"KhroskyabsWobzi",0,"the_root",0,79,0.001,1,2118
"KirantiBahing",0,"the_root",0,99,0.001,1,2118
"KirantiBantawa",0,"the_root",0,96,0.003,1,2118
"KirantiHayu",0,"the_root",0,94,0.005,1,2118
"KirantiKhaling",0,"the_root",0,98,0.001,1,2118
"KirantiKulung",0,"the_root",0,98,0.001,1,2118
"KirantiLimbu",0,"the_root",0,96,0.003,1,2118
"KirantiThulung",0,"the_root",0,99,0.001,1,2118
"LoloishLisu",0,"the_root",0,81,0.002,1,2118
"MizoLushai",0,"the_root",0,71,0.002,1,2118
"NagaUkhrul",0,"the_root",0,70,0.004,1,2118
"NungicDulong",0,"the_root",0,73,0.006,1,2118
"QiangicZhaba",0,"the_root",0,76,0.003,1,2118
"Rabha",0,"the_root",0,66,0.003,1,2118
"SiniticBeijing",0,"the_root",0,54,0,1,2118
"SiniticChaozhou",0,"the_root",0,57,0,1,2118
"SiniticGuangzhou",0,"the_root",0,55,0,1,2118
"SiniticJieyang",0,"the_root",0,57,0,1,2118
"SiniticLonggang",0,"the_root",0,56,0,1,2118
"SiniticOldChinese",0,"the_root",2.676254,52,0.001,1,2118
"SiniticXingning",0,"the_root",0,56,0,1,2118
"Tangut",0,"the_root",0.899079,78,0.001,1,2118
"TaniBokar",0,"the_root",0,68,0.003,1,2118
"TibetanAlike",1,"the_root",0,91,1,1,2118
"TibetanBatang",0,"the_root",0,92,0.998,1,2118
"TibetanLhasa",1,"the_root",0,92,0.998,1,2118
"TibetanOldTibetan",1,"the_root",1.389444,89,1,1,2118
"TibetanXiahe",1,"the_root",0,91,1,1,2118
"TibetoKinauriBunan",0,"the_root",0,63,0.005,1,2118
"TibetoKinauriByangsi",0,"the_root",0,63,0.005,1,2118
"TibetoKinauriRongpo",0,"the_root",0,62,0.005,1,2118
"rGyalrongDaofu",0,"the_root",0,77,0.001,1,2118
"rGyalrongJaphug",0,"the_root",0,80,0.001,1,2118
"rGyalrongMaerkang",0,"the_root",0,80,0.001,1,2118
"52",0.001,"the_root",3.279725,51,0.013,1,2120
"53",0,"the_root",2.166195,52,0.001,1,2120
"54",0,"the_root",1.965,53,0,1,2120
"55",0,"the_root",1.493977,54,0,1,2120
"56",0,"the_root",0.896802,55,0,1,2120
"57",0,"the_root",0.381275,53,0,1,2120
"58",0.005,"the_root",8.305155,51,0.013,1,2120
"59",0.004,"the_root",2.431602,58,0.005,1,2120
"60",0.001,"the_root",7.315413,58,0.005,1,2120
"61",0.001,"the_root",7.214878,60,0.001,1,2120
"62",0.003,"the_root",5.06648,61,0.001,1,2120
"63",0.004,"the_root",4.467516,62,0.003,1,2120
"64",0.001,"the_root",6.728141,61,0.001,1,2120
"65",0.003,"the_root",5.787808,64,0.001,1,2120
"66",0.003,"the_root",2.368009,65,0.003,1,2120
"67",0.001,"the_root",6.577912,64,0.001,1,2120
"68",0.001,"the_root",6.465184,67,0.001,1,2120
"69",0.002,"the_root",5.950671,68,0.001,1,2120
"70",0.003,"the_root",4.894872,69,0.002,1,2120
"71",0.002,"the_root",2.056105,70,0.003,1,2120
"72",0.002,"the_root",6.41214,67,0.001,1,2120
"73",0.003,"the_root",6.269234,72,0.002,1,2120
"74",0.013,"the_root",5.663665,73,0.003,1,2120
"75",0.028,"the_root",5.24078,74,0.013,1,2120
"76",0.01,"the_root",4.301748,75,0.028,1,2120
"77",0.001,"the_root",3.424605,76,0.01,1,2120
"78",0.001,"the_root",3.407502,77,0.001,1,2120
"79",0.001,"the_root",2.77946,78,0.001,1,2120
"80",0.001,"the_root",1.913947,79,0.001,1,2120
"81",0.385,"the_root",3.530233,75,0.028,1,2120
"82",0.825,"the_root",2.771304,81,0.385,1,2120
"83",0.824,"the_root",1.722371,82,0.825,1,2120
"84",0.999,"the_root",0.583405,83,0.824,1,2120
"85",0.023,"the_root",0.987005,83,0.824,1,2120
"86",0.001,"the_root",0.43329,85,0.023,1,2120
"87",0.008,"the_root",0.822305,85,0.023,1,2120
"88",1,"the_root",0.875838,82,0.825,1,2120
"89",0,"the_root",1.497592,74,0.013,1,2120
"90",0,"the_root",0.949298,89,0,1,2120
"91",0,"the_root",0.538336,90,0,1,2120
"92",0,"the_root",0.760638,90,0,1,2120
"93",0.001,"the_root",6.800008,60,0.001,1,2120
"94",0.001,"the_root",4.984671,93,0.001,1,2120
"95",0.001,"the_root",4.495648,94,0.001,1,2120
"96",0.002,"the_root",3.436623,95,0.001,1,2120
"97",0.001,"the_root",3.575666,95,0.001,1,2120
"98",0.001,"the_root",2.469634,97,0.001,1,2120
"99",0.001,"the_root",2.421463,97,0.001,1,2120
"BodicTshangla",0,"the_root",0,93,0.001,1,2120
"BurmishAchang",1,"the_root",0,84,0.999,1,2120
"BurmishAtsi",0,"the_root",0,87,0.008,1,2120
"BurmishBola",0,"the_root",0,86,0.001,1,2120
"BurmishLashi",0,"the_root",0,87,0.008,1,2120
"BurmishMaru",0,"the_root",0,86,0.001,1,2120
"BurmishOldBurmese",1,"the_root",0.743435,88,1,1,2120
"BurmishRangoon",1,"the_root",0,88,1,1,2120
"BurmishXiandao",1,"the_root",0,84,0.999,1,2120
"ChepangChepang",0,"the_root",0,72,0.002,1,2120
"ChinHakha",0,"the_root",0,71,0.002,1,2120
"DengDarangTaraon",0,"the_root",0,59,0.004,1,2120
"DengYidu",0,"the_root",0,59,0.004,1,2120
"GaroGaro",0,"the_root",0,66,0.003,1,2120
"JingphoJingpho",0,"the_root",0,65,0.003,1,2120
"Karbi",0,"the_root",0,69,0.002,1,2120
"KhroskyabsWobzi",0,"the_root",0,79,0.001,1,2120
"KirantiBahing",0,"the_root",0,99,0.001,1,2120
"KirantiBantawa",0,"the_root",0,96,0.002,1,2120
"KirantiHayu",0,"the_root",0,94,0.001,1,2120
"KirantiKhaling",0,"the_root",0,98,0.001,1,2120
"KirantiKulung",0,"the_root",0,98,0.001,1,2120
"KirantiLimbu",0,"the_root",0,96,0.002,1,2120
"KirantiThulung",0,"the_root",0,99,0.001,1,2120
"LoloishLisu",0,"the_root",0,81,0.385,1,2120
"MizoLushai",0,"the_root",0,71,0.002,1,2120
"NagaUkhrul",0,"the_root",0,70,0.003,1,2120
"NungicDulong",0,"the_root",0,73,0.003,1,2120
"QiangicZhaba",0,"the_root",0,76,0.01,1,2120
"Rabha",0,"the_root",0,66,0.003,1,2120
"SiniticBeijing",0,"the_root",0,54,0,1,2120
"SiniticChaozhou",0,"the_root",0,57,0,1,2120
"SiniticGuangzhou",0,"the_root",0,55,0,1,2120
"SiniticJieyang",0,"the_root",0,57,0,1,2120
"SiniticLonggang",0,"the_root",0,56,0,1,2120
"SiniticOldChinese",0,"the_root",2.676254,52,0.001,1,2120
"SiniticXingning",0,"the_root",0,56,0,1,2120
"Tangut",0,"the_root",0.899079,78,0.001,1,2120
"TaniBokar",0,"the_root",0,68,0.001,1,2120
"TibetanAlike",0,"the_root",0,91,0,1,2120
"TibetanBatang",0,"the_root",0,92,0,1,2120
"TibetanLhasa",0,"the_root",0,92,0,1,2120
"TibetanOldTibetan",0,"the_root",1.389444,89,0,1,2120
"TibetanXiahe",0,"the_root",0,91,0,1,2120
"TibetoKinauriBunan",0,"the_root",0,63,0.004,1,2120
"TibetoKinauriByangsi",0,"the_root",0,63,0.004,1,2120
"TibetoKinauriRongpo",0,"the_root",0,62,0.003,1,2120
"rGyalrongDaofu",0,"the_root",0,77,0.001,1,2120
"rGyalrongJaphug",0,"the_root",0,80,0.001,1,2120
"rGyalrongMaerkang",0,"the_root",0,80,0.001,1,2120
"52",0.001,"the_root",3.279725,51,0.013,1,2121
"53",0,"the_root",2.166195,52,0.001,1,2121
"54",0,"the_root",1.965,53,0,1,2121
"55",0,"the_root",1.493977,54,0,1,2121
"56",0,"the_root",0.896802,55,0,1,2121
"57",0,"the_root",0.381275,53,0,1,2121
"58",0.005,"the_root",8.305155,51,0.013,1,2121
"59",0.004,"the_root",2.431602,58,0.005,1,2121
"60",0,"the_root",7.315413,58,0.005,1,2121
"61",0,"the_root",7.214878,60,0,1,2121
"62",0.003,"the_root",5.06648,61,0,1,2121
"63",0.004,"the_root",4.467516,62,0.003,1,2121
"64",0,"the_root",6.728141,61,0,1,2121
"65",0.003,"the_root",5.787808,64,0,1,2121
"66",0.003,"the_root",2.368009,65,0.003,1,2121
"67",0,"the_root",6.577912,64,0,1,2121
"68",0,"the_root",6.465184,67,0,1,2121
"69",0.001,"the_root",5.950671,68,0,1,2121
"70",0.003,"the_root",4.894872,69,0.001,1,2121
"71",0.002,"the_root",2.056105,70,0.003,1,2121
"72",0,"the_root",6.41214,67,0,1,2121
"73",0,"the_root",6.269234,72,0,1,2121
"74",0.001,"the_root",5.663665,73,0,1,2121
"75",0.002,"the_root",5.24078,74,0.001,1,2121
"76",0.001,"the_root",4.301748,75,0.002,1,2121
"77",0,"the_root",3.424605,76,0.001,1,2121
"78",0,"the_root",3.407502,77,0,1,2121
"79",0.001,"the_root",2.77946,78,0,1,2121
"80",0.001,"the_root",1.913947,79,0.001,1,2121
"81",0.025,"the_root",3.530233,75,0.002,1,2121
"82",0.052,"the_root",2.771304,81,0.025,1,2121
"83",0.217,"the_root",1.722371,82,0.052,1,2121
"84",0.008,"the_root",0.583405,83,0.217,1,2121
"85",0.986,"the_root",0.987005,83,0.217,1,2121
"86",0.981,"the_root",0.43329,85,0.986,1,2121
"87",0.999,"the_root",0.822305,85,0.986,1,2121
"88",0,"the_root",0.875838,82,0.052,1,2121
"89",0,"the_root",1.497592,74,0.001,1,2121
"90",0,"the_root",0.949298,89,0,1,2121
"91",0,"the_root",0.538336,90,0,1,2121
"92",0,"the_root",0.760638,90,0,1,2121
"93",0.001,"the_root",6.800008,60,0,1,2121
"94",0.001,"the_root",4.984671,93,0.001,1,2121
"95",0.001,"the_root",4.495648,94,0.001,1,2121
"96",0.002,"the_root",3.436623,95,0.001,1,2121
"97",0.001,"the_root",3.575666,95,0.001,1,2121
"98",0.001,"the_root",2.469634,97,0.001,1,2121
"99",0.001,"the_root",2.421463,97,0.001,1,2121
"BodicTshangla",0,"the_root",0,93,0.001,1,2121
"BurmishAchang",0,"the_root",0,84,0.008,1,2121
"BurmishAtsi",1,"the_root",0,87,0.999,1,2121
"BurmishBola",0,"the_root",0,86,0.981,1,2121
"BurmishLashi",1,"the_root",0,87,0.999,1,2121
"BurmishMaru",1,"the_root",0,86,0.981,1,2121
"BurmishOldBurmese",0,"the_root",0.743435,88,0,1,2121
"BurmishRangoon",0,"the_root",0,88,0,1,2121
"BurmishXiandao",0,"the_root",0,84,0.008,1,2121
"ChepangChepang",0,"the_root",0,72,0,1,2121
"ChinHakha",0,"the_root",0,71,0.002,1,2121
"DengDarangTaraon",0,"the_root",0,59,0.004,1,2121
"DengYidu",0,"the_root",0,59,0.004,1,2121
"GaroGaro",0,"the_root",0,66,0.003,1,2121
"JingphoJingpho",0,"the_root",0,65,0.003,1,2121
"Karbi",0,"the_root",0,69,0.001,1,2121
"KhroskyabsWobzi",0,"the_root",0,79,0.001,1,2121
"KirantiBahing",0,"the_root",0,99,0.001,1,2121
"KirantiBantawa",0,"the_root",0,96,0.002,1,2121
"KirantiHayu",0,"the_root",0,94,0.001,1,2121
"KirantiKhaling",0,"the_root",0,98,0.001,1,2121
"KirantiKulung",0,"the_root",0,98,0.001,1,2121
"KirantiLimbu",0,"the_root",0,96,0.002,1,2121
"KirantiThulung",0,"the_root",0,99,0.001,1,2121
"LoloishLisu",0,"the_root",0,81,0.025,1,2121
"MizoLushai",0,"the_root",0,71,0.002,1,2121
"NagaUkhrul",0,"the_root",0,70,0.003,1,2121
"NungicDulong",0,"the_root",0,73,0,1,2121
"QiangicZhaba",0,"the_root",0,76,0.001,1,2121
"Rabha",0,"the_root",0,66,0.003,1,2121
"SiniticBeijing",0,"the_root",0,54,0,1,2121
"SiniticChaozhou",0,"the_root",0,57,0,1,2121
"SiniticGuangzhou",0,"the_root",0,55,0,1,2121
"SiniticJieyang",0,"the_root",0,57,0,1,2121
"SiniticLonggang",0,"the_root",0,56,0,1,2121
"SiniticOldChinese",0,"the_root",2.676254,52,0.001,1,2121
"SiniticXingning",0,"the_root",0,56,0,1,2121
"Tangut",0,"the_root",0.899079,78,0,1,2121
"TaniBokar",0,"the_root",0,68,0,1,2121
"TibetanAlike",0,"the_root",0,91,0,1,2121
"TibetanBatang",0,"the_root",0,92,0,1,2121
"TibetanLhasa",0,"the_root",0,92,0,1,2121
"TibetanOldTibetan",0,"the_root",1.389444,89,0,1,2121
"TibetanXiahe",0,"the_root",0,91,0,1,2121
"TibetoKinauriBunan",0,"the_root",0,63,0.004,1,2121
"TibetoKinauriByangsi",0,"the_root",0,63,0.004,1,2121
"TibetoKinauriRongpo",0,"the_root",0,62,0.003,1,2121
"rGyalrongDaofu",0,"the_root",0,77,0,1,2121
"rGyalrongJaphug",0,"the_root",0,80,0.001,1,2121
"rGyalrongMaerkang",0,"the_root",0,80,0.001,1,2121
"52",0.001,"the_root",3.279725,51,0.014,1,2124
"53",0,"the_root",2.166195,52,0.001,1,2124
"54",0,"the_root",1.965,53,0,1,2124
"55",0,"the_root",1.493977,54,0,1,2124
"56",0,"the_root",0.896802,55,0,1,2124
"57",0,"the_root",0.381275,53,0,1,2124
"58",0.006,"the_root",8.305155,51,0.014,1,2124
"59",0.004,"the_root",2.431602,58,0.006,1,2124
"60",0.003,"the_root",7.315413,58,0.006,1,2124
"61",0.003,"the_root",7.214878,60,0.003,1,2124
"62",0.004,"the_root",5.06648,61,0.003,1,2124
"63",0.004,"the_root",4.467516,62,0.004,1,2124
"64",0.006,"the_root",6.728141,61,0.003,1,2124
"65",0.006,"the_root",5.787808,64,0.006,1,2124
"66",0.003,"the_root",2.368009,65,0.006,1,2124
"67",0.008,"the_root",6.577912,64,0.006,1,2124
"68",0.027,"the_root",6.465184,67,0.008,1,2124
"69",0.035,"the_root",5.950671,68,0.027,1,2124
"70",0.065,"the_root",4.894872,69,0.035,1,2124
"71",0.26,"the_root",2.056105,70,0.065,1,2124
"72",0.006,"the_root",6.41214,67,0.008,1,2124
"73",0.005,"the_root",6.269234,72,0.006,1,2124
"74",0.002,"the_root",5.663665,73,0.005,1,2124
"75",0.001,"the_root",5.24078,74,0.002,1,2124
"76",0.001,"the_root",4.301748,75,0.001,1,2124
"77",0,"the_root",3.424605,76,0.001,1,2124
"78",0,"the_root",3.407502,77,0,1,2124
"79",0.001,"the_root",2.77946,78,0,1,2124
"80",0.001,"the_root",1.913947,79,0.001,1,2124
"81",0.001,"the_root",3.530233,75,0.001,1,2124
"82",0.001,"the_root",2.771304,81,0.001,1,2124
"83",0,"the_root",1.722371,82,0.001,1,2124
"84",0,"the_root",0.583405,83,0,1,2124
"85",0,"the_root",0.987005,83,0,1,2124
"86",0,"the_root",0.43329,85,0,1,2124
"87",0,"the_root",0.822305,85,0,1,2124
"88",0,"the_root",0.875838,82,0.001,1,2124
"89",0,"the_root",1.497592,74,0.002,1,2124
"90",0,"the_root",0.949298,89,0,1,2124
"91",0,"the_root",0.538336,90,0,1,2124
"92",0,"the_root",0.760638,90,0,1,2124
"93",0.003,"the_root",6.800008,60,0.003,1,2124
"94",0.002,"the_root",4.984671,93,0.003,1,2124
"95",0.001,"the_root",4.495648,94,0.002,1,2124
"96",0.002,"the_root",3.436623,95,0.001,1,2124
"97",0.001,"the_root",3.575666,95,0.001,1,2124
"98",0.001,"the_root",2.469634,97,0.001,1,2124
"99",0.001,"the_root",2.421463,97,0.001,1,2124
"BodicTshangla",0,"the_root",0,93,0.003,1,2124
"BurmishAchang",0,"the_root",0,84,0,1,2124
"BurmishAtsi",0,"the_root",0,87,0,1,2124
"BurmishBola",0,"the_root",0,86,0,1,2124
"BurmishLashi",0,"the_root",0,87,0,1,2124
"BurmishMaru",0,"the_root",0,86,0,1,2124
"BurmishOldBurmese",0,"the_root",0.743435,88,0,1,2124
"BurmishRangoon",0,"the_root",0,88,0,1,2124
"BurmishXiandao",0,"the_root",0,84,0,1,2124
"ChepangChepang",0,"the_root",0,72,0.006,1,2124
"ChinHakha",0,"the_root",0,71,0.26,1,2124
"DengDarangTaraon",0,"the_root",0,59,0.004,1,2124
"DengYidu",0,"the_root",0,59,0.004,1,2124
"GaroGaro",0,"the_root",0,66,0.003,1,2124
"JingphoJingpho",0,"the_root",0,65,0.006,1,2124
"Karbi",0,"the_root",0,69,0.035,1,2124
"KhroskyabsWobzi",0,"the_root",0,79,0.001,1,2124
"KirantiBahing",0,"the_root",0,99,0.001,1,2124
"KirantiBantawa",0,"the_root",0,96,0.002,1,2124
"KirantiHayu",0,"the_root",0,94,0.002,1,2124
"KirantiKhaling",0,"the_root",0,98,0.001,1,2124
"KirantiKulung",0,"the_root",0,98,0.001,1,2124
"KirantiLimbu",0,"the_root",0,96,0.002,1,2124
"KirantiThulung",0,"the_root",0,99,0.001,1,2124
"LoloishLisu",0,"the_root",0,81,0.001,1,2124
"MizoLushai",1,"the_root",0,71,0.26,1,2124
"NagaUkhrul",0,"the_root",0,70,0.065,1,2124
"NungicDulong",0,"the_root",0,73,0.005,1,2124
"QiangicZhaba",0,"the_root",0,76,0.001,1,2124
"Rabha",0,"the_root",0,66,0.003,1,2124
"SiniticBeijing",0,"the_root",0,54,0,1,2124
"SiniticChaozhou",0,"the_root",0,57,0,1,2124
"SiniticGuangzhou",0,"the_root",0,55,0,1,2124
"SiniticJieyang",0,"the_root",0,57,0,1,2124
"SiniticLonggang",0,"the_root",0,56,0,1,2124
"SiniticOldChinese",0,"the_root",2.676254,52,0.001,1,2124
"SiniticXingning",0,"the_root",0,56,0,1,2124
"Tangut",0,"the_root",0.899079,78,0,1,2124
"TaniBokar",1,"the_root",0,68,0.027,1,2124
"TibetanAlike",0,"the_root",0,91,0,1,2124
"TibetanBatang",0,"the_root",0,92,0,1,2124
"TibetanLhasa",0,"the_root",0,92,0,1,2124
"TibetanOldTibetan",0,"the_root",1.389444,89,0,1,2124
"TibetanXiahe",0,"the_root",0,91,0,1,2124
"TibetoKinauriBunan",0,"the_root",0,63,0.004,1,2124
"TibetoKinauriByangsi",0,"the_root",0,63,0.004,1,2124
"TibetoKinauriRongpo",0,"the_root",0,62,0.004,1,2124
"rGyalrongDaofu",0,"the_root",0,77,0,1,2124
"rGyalrongJaphug",0,"the_root",0,80,0.001,1,2124
"rGyalrongMaerkang",0,"the_root",0,80,0.001,1,2124
"52",0.999,"the_root",3.279725,51,0.154,1,2126
"53",1,"the_root",2.166195,52,0.999,1,2126
"54",1,"the_root",1.965,53,1,1,2126
"55",1,"the_root",1.493977,54,1,1,2126
"56",1,"the_root",0.896802,55,1,1,2126
"57",1,"the_root",0.381275,53,1,1,2126
"58",0.039,"the_root",8.305155,51,0.154,1,2126
"59",0.006,"the_root",2.431602,58,0.039,1,2126
"60",0.003,"the_root",7.315413,58,0.039,1,2126
"61",0.002,"the_root",7.214878,60,0.003,1,2126
"62",0.004,"the_root",5.06648,61,0.002,1,2126
"63",0.004,"the_root",4.467516,62,0.004,1,2126
"64",0,"the_root",6.728141,61,0.002,1,2126
"65",0.003,"the_root",5.787808,64,0,1,2126
"66",0.003,"the_root",2.368009,65,0.003,1,2126
"67",0,"the_root",6.577912,64,0,1,2126
"68",0,"the_root",6.465184,67,0,1,2126
"69",0.001,"the_root",5.950671,68,0,1,2126
"70",0.003,"the_root",4.894872,69,0.001,1,2126
"71",0.002,"the_root",2.056105,70,0.003,1,2126
"72",0,"the_root",6.41214,67,0,1,2126
"73",0,"the_root",6.269234,72,0,1,2126
"74",0,"the_root",5.663665,73,0,1,2126
"75",0,"the_root",5.24078,74,0,1,2126
"76",0.001,"the_root",4.301748,75,0,1,2126
"77",0,"the_root",3.424605,76,0.001,1,2126
"78",0,"the_root",3.407502,77,0,1,2126
"79",0,"the_root",2.77946,78,0,1,2126
"80",0.001,"the_root",1.913947,79,0,1,2126
"81",0.001,"the_root",3.530233,75,0,1,2126
"82",0.001,"the_root",2.771304,81,0.001,1,2126
"83",0,"the_root",1.722371,82,0.001,1,2126
"84",0,"the_root",0.583405,83,0,1,2126
"85",0,"the_root",0.987005,83,0,1,2126
"86",0,"the_root",0.43329,85,0,1,2126
"87",0,"the_root",0.822305,85,0,1,2126
"88",0,"the_root",0.875838,82,0.001,1,2126
"89",0,"the_root",1.497592,74,0,1,2126
"90",0,"the_root",0.949298,89,0,1,2126
"91",0,"the_root",0.538336,90,0,1,2126
"92",0,"the_root",0.760638,90,0,1,2126
"93",0.003,"the_root",6.800008,60,0.003,1,2126
"94",0.002,"the_root",4.984671,93,0.003,1,2126
"95",0.001,"the_root",4.495648,94,0.002,1,2126
"96",0.002,"the_root",3.436623,95,0.001,1,2126
"97",0.001,"the_root",3.575666,95,0.001,1,2126
"98",0.001,"the_root",2.469634,97,0.001,1,2126
"99",0.001,"the_root",2.421463,97,0.001,1,2126
"BodicTshangla",0,"the_root",0,93,0.003,1,2126
"BurmishAchang",0,"the_root",0,84,0,1,2126
"BurmishAtsi",0,"the_root",0,87,0,1,2126
"BurmishBola",0,"the_root",0,86,0,1,2126
"BurmishLashi",0,"the_root",0,87,0,1,2126
"BurmishMaru",0,"the_root",0,86,0,1,2126
"BurmishOldBurmese",0,"the_root",0.743435,88,0,1,2126
"BurmishRangoon",0,"the_root",0,88,0,1,2126
"BurmishXiandao",0,"the_root",0,84,0,1,2126
"ChepangChepang",0,"the_root",0,72,0,1,2126
"ChinHakha",0,"the_root",0,71,0.002,1,2126
"DengDarangTaraon",0,"the_root",0,59,0.006,1,2126
"DengYidu",0,"the_root",0,59,0.006,1,2126
"GaroGaro",0,"the_root",0,66,0.003,1,2126
"JingphoJingpho",0,"the_root",0,65,0.003,1,2126
"Karbi",0,"the_root",0,69,0.001,1,2126
"KhroskyabsWobzi",0,"the_root",0,79,0,1,2126
"KirantiBahing",0,"the_root",0,99,0.001,1,2126
"KirantiBantawa",0,"the_root",0,96,0.002,1,2126
"KirantiHayu",0,"the_root",0,94,0.002,1,2126
"KirantiKhaling",0,"the_root",0,98,0.001,1,2126
"KirantiKulung",0,"the_root",0,98,0.001,1,2126
"KirantiLimbu",0,"the_root",0,96,0.002,1,2126
"KirantiThulung",0,"the_root",0,99,0.001,1,2126
"LoloishLisu",0,"the_root",0,81,0.001,1,2126
"MizoLushai",0,"the_root",0,71,0.002,1,2126
"NagaUkhrul",0,"the_root",0,70,0.003,1,2126
"NungicDulong",0,"the_root",0,73,0,1,2126
"QiangicZhaba",0,"the_root",0,76,0.001,1,2126
"Rabha",0,"the_root",0,66,0.003,1,2126
"SiniticBeijing",1,"the_root",0,54,1,1,2126
"SiniticChaozhou",1,"the_root",0,57,1,1,2126
"SiniticGuangzhou",1,"the_root",0,55,1,1,2126
"SiniticJieyang",1,"the_root",0,57,1,1,2126
"SiniticLonggang",1,"the_root",0,56,1,1,2126
"SiniticOldChinese",1,"the_root",2.676254,52,0.999,1,2126
"SiniticXingning",1,"the_root",0,56,1,1,2126
"Tangut",0,"the_root",0.899079,78,0,1,2126
"TaniBokar",0,"the_root",0,68,0,1,2126
"TibetanAlike",0,"the_root",0,91,0,1,2126
"TibetanBatang",0,"the_root",0,92,0,1,2126
"TibetanLhasa",0,"the_root",0,92,0,1,2126
"TibetanOldTibetan",0,"the_root",1.389444,89,0,1,2126
"TibetanXiahe",0,"the_root",0,91,0,1,2126
"TibetoKinauriBunan",0,"the_root",0,63,0.004,1,2126
"TibetoKinauriByangsi",0,"the_root",0,63,0.004,1,2126
"TibetoKinauriRongpo",0,"the_root",0,62,0.004,1,2126
"rGyalrongDaofu",0,"the_root",0,77,0,1,2126
"rGyalrongJaphug",0,"the_root",0,80,0.001,1,2126
"rGyalrongMaerkang",0,"the_root",0,80,0.001,1,2126
"52",0.001,"the_root",3.279725,51,0.06,1,2128
"53",0,"the_root",2.166195,52,0.001,1,2128
"54",0,"the_root",1.965,53,0,1,2128
"55",0,"the_root",1.493977,54,0,1,2128
"56",0,"the_root",0.896802,55,0,1,2128
"57",0,"the_root",0.381275,53,0,1,2128
"58",0.075,"the_root",8.305155,51,0.06,1,2128
"59",0.981,"the_root",2.431602,58,0.075,1,2128
"60",0.006,"the_root",7.315413,58,0.075,1,2128
"61",0.004,"the_root",7.214878,60,0.006,1,2128
"62",0.005,"the_root",5.06648,61,0.004,1,2128
"63",0.005,"the_root",4.467516,62,0.005,1,2128
"64",0.001,"the_root",6.728141,61,0.004,1,2128
"65",0.003,"the_root",5.787808,64,0.001,1,2128
"66",0.003,"the_root",2.368009,65,0.003,1,2128
"67",0,"the_root",6.577912,64,0.001,1,2128
"68",0.001,"the_root",6.465184,67,0,1,2128
"69",0.001,"the_root",5.950671,68,0.001,1,2128
"70",0.003,"the_root",4.894872,69,0.001,1,2128
"71",0.002,"the_root",2.056105,70,0.003,1,2128
"72",0,"the_root",6.41214,67,0,1,2128
"73",0,"the_root",6.269234,72,0,1,2128
"74",0,"the_root",5.663665,73,0,1,2128
"75",0,"the_root",5.24078,74,0,1,2128
"76",0.001,"the_root",4.301748,75,0,1,2128
"77",0,"the_root",3.424605,76,0.001,1,2128
"78",0,"the_root",3.407502,77,0,1,2128
"79",0,"the_root",2.77946,78,0,1,2128
"80",0.001,"the_root",1.913947,79,0,1,2128
"81",0.001,"the_root",3.530233,75,0,1,2128
"82",0.001,"the_root",2.771304,81,0.001,1,2128
"83",0,"the_root",1.722371,82,0.001,1,2128
"84",0,"the_root",0.583405,83,0,1,2128
"85",0,"the_root",0.987005,83,0,1,2128
"86",0,"the_root",0.43329,85,0,1,2128
"87",0,"the_root",0.822305,85,0,1,2128
"88",0,"the_root",0.875838,82,0.001,1,2128
"89",0,"the_root",1.497592,74,0,1,2128
"90",0,"the_root",0.949298,89,0,1,2128
"91",0,"the_root",0.538336,90,0,1,2128
"92",0,"the_root",0.760638,90,0,1,2128
"93",0.005,"the_root",6.800008,60,0.006,1,2128
"94",0.002,"the_root",4.984671,93,0.005,1,2128
"95",0.001,"the_root",4.495648,94,0.002,1,2128
"96",0.002,"the_root",3.436623,95,0.001,1,2128
"97",0.001,"the_root",3.575666,95,0.001,1,2128
"98",0.001,"the_root",2.469634,97,0.001,1,2128
"99",0.001,"the_root",2.421463,97,0.001,1,2128
"BodicTshangla",0,"the_root",0,93,0.005,1,2128
"BurmishAchang",0,"the_root",0,84,0,1,2128
"BurmishAtsi",0,"the_root",0,87,0,1,2128
"BurmishBola",0,"the_root",0,86,0,1,2128
"BurmishLashi",0,"the_root",0,87,0,1,2128
"BurmishMaru",0,"the_root",0,86,0,1,2128
"BurmishOldBurmese",0,"the_root",0.743435,88,0,1,2128
"BurmishRangoon",0,"the_root",0,88,0,1,2128
"BurmishXiandao",0,"the_root",0,84,0,1,2128
"ChepangChepang",0,"the_root",0,72,0,1,2128
"ChinHakha",0,"the_root",0,71,0.002,1,2128
"DengDarangTaraon",1,"the_root",0,59,0.981,1,2128
"DengYidu",1,"the_root",0,59,0.981,1,2128
"GaroGaro",0,"the_root",0,66,0.003,1,2128
"JingphoJingpho",0,"the_root",0,65,0.003,1,2128
"Karbi",0,"the_root",0,69,0.001,1,2128
"KhroskyabsWobzi",0,"the_root",0,79,0,1,2128
"KirantiBahing",0,"the_root",0,99,0.001,1,2128
"KirantiBantawa",0,"the_root",0,96,0.002,1,2128
"KirantiHayu",0,"the_root",0,94,0.002,1,2128
"KirantiKhaling",0,"the_root",0,98,0.001,1,2128
"KirantiKulung",0,"the_root",0,98,0.001,1,2128
"KirantiLimbu",0,"the_root",0,96,0.002,1,2128
"KirantiThulung",0,"the_root",0,99,0.001,1,2128
"LoloishLisu",0,"the_root",0,81,0.001,1,2128
"MizoLushai",0,"the_root",0,71,0.002,1,2128
"NagaUkhrul",0,"the_root",0,70,0.003,1,2128
"NungicDulong",0,"the_root",0,73,0,1,2128
"QiangicZhaba",0,"the_root",0,76,0.001,1,2128
"Rabha",0,"the_root",0,66,0.003,1,2128
"SiniticBeijing",0,"the_root",0,54,0,1,2128
"SiniticChaozhou",0,"the_root",0,57,0,1,2128
"SiniticGuangzhou",0,"the_root",0,55,0,1,2128
"SiniticJieyang",0,"the_root",0,57,0,1,2128
"SiniticLonggang",0,"the_root",0,56,0,1,2128
"SiniticOldChinese",0,"the_root",2.676254,52,0.001,1,2128
"SiniticXingning",0,"the_root",0,56,0,1,2128
"Tangut",0,"the_root",0.899079,78,0,1,2128
"TaniBokar",0,"the_root",0,68,0.001,1,2128
"TibetanAlike",0,"the_root",0,91,0,1,2128
"TibetanBatang",0,"the_root",0,92,0,1,2128
"TibetanLhasa",0,"the_root",0,92,0,1,2128
"TibetanOldTibetan",0,"the_root",1.389444,89,0,1,2128
"TibetanXiahe",0,"the_root",0,91,0,1,2128
"TibetoKinauriBunan",0,"the_root",0,63,0.005,1,2128
"TibetoKinauriByangsi",0,"the_root",0,63,0.005,1,2128
"TibetoKinauriRongpo",0,"the_root",0,62,0.005,1,2128
"rGyalrongDaofu",0,"the_root",0,77,0,1,2128
"rGyalrongJaphug",0,"the_root",0,80,0.001,1,2128
"rGyalrongMaerkang",0,"the_root",0,80,0.001,1,2128
"51",0.001,"inside",3.279725,50,0.015,1,441
"52",0,"inside",2.166195,51,0.001,1,441
"53",0,"inside",1.965,52,0,1,441
"54",0,"inside",1.493977,53,0,1,441
"55",0,"inside",0.896802,54,0,1,441
"56",0,"inside",0.381275,52,0,1,441
"57",0.008,"inside",8.305155,50,0.015,1,441
"58",0.004,"inside",2.431602,57,0.008,1,441
"59",0.004,"inside",7.315413,57,0.008,1,441
"60",0.005,"inside",7.214878,59,0.004,1,441
"61",0.073,"inside",5.06648,60,0.005,1,441
"62",0.114,"inside",4.467516,61,0.073,1,441
"63",0.003,"inside",6.728141,60,0.005,1,441
"64",0.004,"inside",5.787808,63,0.003,1,441
"65",0.003,"inside",2.368009,64,0.004,1,441
"66",0.002,"inside",6.577912,63,0.003,1,441
"67",0.002,"inside",6.465184,66,0.002,1,441
"68",0.003,"inside",5.950671,67,0.002,1,441
"69",0.004,"inside",4.894872,68,0.003,1,441
"70",0.002,"inside",2.056105,69,0.004,1,441
"71",0.004,"inside",6.41214,66,0.002,1,441
"72",0.005,"inside",6.269234,71,0.004,1,441
"73",0.017,"inside",5.663665,72,0.005,1,441
"74",0.008,"inside",5.24078,73,0.017,1,441
"75",0.003,"inside",4.301748,74,0.008,1,441
"76",0.001,"inside",3.424605,75,0.003,1,441
"77",0.001,"inside",3.407502,76,0.001,1,441
"78",0.001,"inside",2.77946,77,0.001,1,441
"79",0.001,"inside",1.913947,78,0.001,1,441
"80",0.002,"inside",3.530233,74,0.008,1,441
"81",0.001,"inside",2.771304,80,0.002,1,441
"82",0,"inside",1.722371,81,0.001,1,441
"83",0,"inside",0.583405,82,0,1,441
"84",0,"inside",0.987005,82,0,1,441
"85",0,"inside",0.43329,84,0,1,441
"86",0,"inside",0.822305,84,0,1,441
"87",0,"inside",0.875838,81,0.001,1,441
"88",1,"inside",1.497592,73,0.017,1,441
"89",1,"inside",0.949298,88,1,1,441
"90",1,"inside",0.538336,89,1,1,441
"91",1,"inside",0.760638,89,1,1,441
"92",0.004,"inside",6.800008,59,0.004,1,441
"93",0.002,"inside",4.984671,92,0.004,1,441
"94",0.002,"inside",4.495648,93,0.002,1,441
"95",0.001,"inside",3.575666,94,0.002,1,441
"96",0.001,"inside",2.469634,95,0.001,1,441
"97",0.001,"inside",2.421463,95,0.001,1,441
"BodicTshangla",0,"inside",0,92,0.004,1,441
"BurmishAchang",0,"inside",0,83,0,1,441
"BurmishAtsi",0,"inside",0,86,0,1,441
"BurmishBola",0,"inside",0,85,0,1,441
"BurmishLashi",0,"inside",0,86,0,1,441
"BurmishMaru",0,"inside",0,85,0,1,441
"BurmishOldBurmese",0,"inside",0.743435,87,0,1,441
"BurmishRangoon",0,"inside",0,87,0,1,441
"BurmishXiandao",0,"inside",0,83,0,1,441
"ChepangChepang",0,"inside",0,71,0.004,1,441
"ChinHakha",0,"inside",0,70,0.002,1,441
"DengDarangTaraon",0,"inside",0,58,0.004,1,441
"DengYidu",0,"inside",0,58,0.004,1,441
"GaroGaro",0,"inside",0,65,0.003,1,441
"JingphoJingpho",0,"inside",0,64,0.004,1,441
"Karbi",0,"inside",0,68,0.003,1,441
"KhroskyabsWobzi",0,"inside",0,78,0.001,1,441
"KirantiBahing",0,"inside",0,97,0.001,1,441
"KirantiBantawa",0,"inside",0,94,0.002,1,441
"KirantiHayu",0,"inside",0,93,0.002,1,441
"KirantiKhaling",0,"inside",0,96,0.001,1,441
"KirantiKulung",0,"inside",0,96,0.001,1,441
"KirantiThulung",0,"inside",0,97,0.001,1,441
"LoloishLisu",0,"inside",0,80,0.002,1,441
"MizoLushai",0,"inside",0,70,0.002,1,441
"NagaUkhrul",0,"inside",0,69,0.004,1,441
"NungicDulong",0,"inside",0,72,0.005,1,441
"QiangicZhaba",0,"inside",0,75,0.003,1,441
"Rabha",0,"inside",0,65,0.003,1,441
"SiniticBeijing",0,"inside",0,53,0,1,441
"SiniticChaozhou",0,"inside",0,56,0,1,441
"SiniticGuangzhou",0,"inside",0,54,0,1,441
"SiniticJieyang",0,"inside",0,56,0,1,441
"SiniticLonggang",0,"inside",0,55,0,1,441
"SiniticOldChinese",0,"inside",2.676254,51,0.001,1,441
"SiniticXingning",0,"inside",0,55,0,1,441
"Tangut",0,"inside",0.899079,77,0.001,1,441
"TaniBokar",0,"inside",0,67,0.002,1,441
"TibetanAlike",1,"inside",0,90,1,1,441
"TibetanBatang",1,"inside",0,91,1,1,441
"TibetanLhasa",1,"inside",0,91,1,1,441
"TibetanOldTibetan",1,"inside",1.389444,88,1,1,441
"TibetanXiahe",1,"inside",0,90,1,1,441
"TibetoKinauriBunan",1,"inside",0,62,0.114,1,441
"TibetoKinauriByangsi",0,"inside",0,62,0.114,1,441
"TibetoKinauriRongpo",0,"inside",0,61,0.073,1,441
"rGyalrongDaofu",0,"inside",0,76,0.001,1,441
"rGyalrongJaphug",0,"inside",0,79,0.001,1,441
"rGyalrongMaerkang",0,"inside",0,79,0.001,1,441
"51",0.001,"inside",3.279725,50,0.021,1,445
"52",0,"inside",2.166195,51,0.001,1,445
"53",0,"inside",1.965,52,0,1,445
"54",0,"inside",1.493977,53,0,1,445
"55",0,"inside",0.896802,54,0,1,445
"56",0,"inside",0.381275,52,0,1,445
"57",0.016,"inside",8.305155,50,0.021,1,445
"58",0.005,"inside",2.431602,57,0.016,1,445
"59",0.016,"inside",7.315413,57,0.016,1,445
"60",0.012,"inside",7.214878,59,0.016,1,445
"61",0.007,"inside",5.06648,60,0.012,1,445
"62",0.006,"inside",4.467516,61,0.007,1,445
"63",0.004,"inside",6.728141,60,0.012,1,445
"64",0.005,"inside",5.787808,63,0.004,1,445
"65",0.003,"inside",2.368009,64,0.005,1,445
"66",0.003,"inside",6.577912,63,0.004,1,445
"67",0.003,"inside",6.465184,66,0.003,1,445
"68",0.003,"inside",5.950671,67,0.003,1,445
"69",0.004,"inside",4.894872,68,0.003,1,445
"70",0.002,"inside",2.056105,69,0.004,1,445
"71",0.004,"inside",6.41214,66,0.003,1,445
"72",0.004,"inside",6.269234,71,0.004,1,445
"73",0.009,"inside",5.663665,72,0.004,1,445
"74",0.016,"inside",5.24078,73,0.009,1,445
"75",0.077,"inside",4.301748,74,0.016,1,445
"76",0.206,"inside",3.424605,75,0.077,1,445
"77",0.212,"inside",3.407502,76,0.206,1,445
"78",0.96,"inside",2.77946,77,0.212,1,445
"79",0.998,"inside",1.913947,78,0.96,1,445
"80",0.004,"inside",3.530233,74,0.016,1,445
"81",0.001,"inside",2.771304,80,0.004,1,445
"82",0,"inside",1.722371,81,0.001,1,445
"83",0,"inside",0.583405,82,0,1,445
"84",0,"inside",0.987005,82,0,1,445
"85",0,"inside",0.43329,84,0,1,445
"86",0,"inside",0.822305,84,0,1,445
"87",0,"inside",0.875838,81,0.001,1,445
"88",0,"inside",1.497592,73,0.009,1,445
"89",0,"inside",0.949298,88,0,1,445
"90",0,"inside",0.538336,89,0,1,445
"91",0,"inside",0.760638,89,0,1,445
"92",0.054,"inside",6.800008,59,0.016,1,445
"93",0.292,"inside",4.984671,92,0.054,1,445
"94",0.429,"inside",4.495648,93,0.292,1,445
"95",0.989,"inside",3.575666,94,0.429,1,445
"96",0.999,"inside",2.469634,95,0.989,1,445
"97",0.999,"inside",2.421463,95,0.989,1,445
"BodicTshangla",0,"inside",0,92,0.054,1,445
"BurmishAchang",0,"inside",0,83,0,1,445
"BurmishAtsi",0,"inside",0,86,0,1,445
"BurmishBola",0,"inside",0,85,0,1,445
"BurmishLashi",0,"inside",0,86,0,1,445
"BurmishMaru",0,"inside",0,85,0,1,445
"BurmishOldBurmese",0,"inside",0.743435,87,0,1,445
"BurmishRangoon",0,"inside",0,87,0,1,445
"BurmishXiandao",0,"inside",0,83,0,1,445
"ChepangChepang",0,"inside",0,71,0.004,1,445
"ChinHakha",0,"inside",0,70,0.002,1,445
"DengDarangTaraon",0,"inside",0,58,0.005,1,445
"DengYidu",0,"inside",0,58,0.005,1,445
"GaroGaro",0,"inside",0,65,0.003,1,445
"JingphoJingpho",0,"inside",0,64,0.005,1,445
"Karbi",0,"inside",0,68,0.003,1,445
"KhroskyabsWobzi",1,"inside",0,78,0.96,1,445
"KirantiBahing",1,"inside",0,97,0.999,1,445
"KirantiBantawa",0,"inside",0,94,0.429,1,445
"KirantiHayu",0,"inside",0,93,0.292,1,445
"KirantiKhaling",1,"inside",0,96,0.999,1,445
"KirantiKulung",1,"inside",0,96,0.999,1,445
"KirantiThulung",1,"inside",0,97,0.999,1,445
"LoloishLisu",0,"inside",0,80,0.004,1,445
"MizoLushai",0,"inside",0,70,0.002,1,445
"NagaUkhrul",0,"inside",0,69,0.004,1,445
"NungicDulong",0,"inside",0,72,0.004,1,445
"QiangicZhaba",0,"inside",0,75,0.077,1,445
"Rabha",0,"inside",0,65,0.003,1,445
"SiniticBeijing",0,"inside",0,53,0,1,445
"SiniticChaozhou",0,"inside",0,56,0,1,445
"SiniticGuangzhou",0,"inside",0,54,0,1,445
"SiniticJieyang",0,"inside",0,56,0,1,445
"SiniticLonggang",0,"inside",0,55,0,1,445
"SiniticOldChinese",0,"inside",2.676254,51,0.001,1,445
"SiniticXingning",0,"inside",0,55,0,1,445
"Tangut",0,"inside",0.899079,77,0.212,1,445
"TaniBokar",0,"inside",0,67,0.003,1,445
"TibetanAlike",0,"inside",0,90,0,1,445
"TibetanBatang",0,"inside",0,91,0,1,445
"TibetanLhasa",0,"inside",0,91,0,1,445
"TibetanOldTibetan",0,"inside",1.389444,88,0,1,445
"TibetanXiahe",0,"inside",0,90,0,1,445
"TibetoKinauriBunan",0,"inside",0,62,0.006,1,445
"TibetoKinauriByangsi",0,"inside",0,62,0.006,1,445
"TibetoKinauriRongpo",0,"inside",0,61,0.007,1,445
"rGyalrongDaofu",0,"inside",0,76,0.206,1,445
"rGyalrongJaphug",1,"inside",0,79,0.998,1,445
"rGyalrongMaerkang",1,"inside",0,79,0.998,1,445
"51",0.001,"inside",3.279725,50,0.013,1,447
"52",0,"inside",2.166195,51,0.001,1,447
"53",0,"inside",1.965,52,0,1,447
"54",0,"inside",1.493977,53,0,1,447
"55",0,"inside",0.896802,54,0,1,447
"56",0,"inside",0.381275,52,0,1,447
"57",0.005,"inside",8.305155,50,0.013,1,447
"58",0.004,"inside",2.431602,57,0.005,1,447
"59",0.001,"inside",7.315413,57,0.005,1,447
"60",0,"inside",7.214878,59,0.001,1,447
"61",0.003,"inside",5.06648,60,0,1,447
"62",0.004,"inside",4.467516,61,0.003,1,447
"63",0,"inside",6.728141,60,0,1,447
"64",0.003,"inside",5.787808,63,0,1,447
"65",0.003,"inside",2.368009,64,0.003,1,447
"66",0,"inside",6.577912,63,0,1,447
"67",0,"inside",6.465184,66,0,1,447
"68",0.001,"inside",5.950671,67,0,1,447
"69",0.003,"inside",4.894872,68,0.001,1,447
"70",0.002,"inside",2.056105,69,0.003,1,447
"71",0.001,"inside",6.41214,66,0,1,447
"72",0.001,"inside",6.269234,71,0.001,1,447
"73",0.004,"inside",5.663665,72,0.001,1,447
"74",0.008,"inside",5.24078,73,0.004,1,447
"75",0.003,"inside",4.301748,74,0.008,1,447
"76",0.001,"inside",3.424605,75,0.003,1,447
"77",0.001,"inside",3.407502,76,0.001,1,447
"78",0.001,"inside",2.77946,77,0.001,1,447
"79",0.001,"inside",1.913947,78,0.001,1,447
"80",0.111,"inside",3.530233,74,0.008,1,447
"81",0.236,"inside",2.771304,80,0.111,1,447
"82",0.993,"inside",1.722371,81,0.236,1,447
"83",1,"inside",0.583405,82,0.993,1,447
"84",1,"inside",0.987005,82,0.993,1,447
"85",1,"inside",0.43329,84,1,1,447
"86",1,"inside",0.822305,84,1,1,447
"87",0.002,"inside",0.875838,81,0.236,1,447
"88",0,"inside",1.497592,73,0.004,1,447
"89",0,"inside",0.949298,88,0,1,447
"90",0,"inside",0.538336,89,0,1,447
"91",0,"inside",0.760638,89,0,1,447
"92",0.001,"inside",6.800008,59,0.001,1,447
"93",0.002,"inside",4.984671,92,0.001,1,447
"94",0.001,"inside",4.495648,93,0.002,1,447
"95",0.001,"inside",3.575666,94,0.001,1,447
"96",0.001,"inside",2.469634,95,0.001,1,447
"97",0.001,"inside",2.421463,95,0.001,1,447
"BodicTshangla",0,"inside",0,92,0.001,1,447
"BurmishAchang",1,"inside",0,83,1,1,447
"BurmishAtsi",1,"inside",0,86,1,1,447
"BurmishBola",1,"inside",0,85,1,1,447
"BurmishLashi",1,"inside",0,86,1,1,447
"BurmishMaru",1,"inside",0,85,1,1,447
"BurmishOldBurmese",0,"inside",0.743435,87,0.002,1,447
"BurmishRangoon",0,"inside",0,87,0.002,1,447
"BurmishXiandao",1,"inside",0,83,1,1,447
"ChepangChepang",0,"inside",0,71,0.001,1,447
"ChinHakha",0,"inside",0,70,0.002,1,447
"DengDarangTaraon",0,"inside",0,58,0.004,1,447
"DengYidu",0,"inside",0,58,0.004,1,447
"GaroGaro",0,"inside",0,65,0.003,1,447
"JingphoJingpho",0,"inside",0,64,0.003,1,447
"Karbi",0,"inside",0,68,0.001,1,447
"KhroskyabsWobzi",0,"inside",0,78,0.001,1,447
"KirantiBahing",0,"inside",0,97,0.001,1,447
"KirantiBantawa",0,"inside",0,94,0.001,1,447
"KirantiHayu",0,"inside",0,93,0.002,1,447
"KirantiKhaling",0,"inside",0,96,0.001,1,447
"KirantiKulung",0,"inside",0,96,0.001,1,447
"KirantiThulung",0,"inside",0,97,0.001,1,447
"LoloishLisu",0,"inside",0,80,0.111,1,447
"MizoLushai",0,"inside",0,70,0.002,1,447
"NagaUkhrul",0,"inside",0,69,0.003,1,447
"NungicDulong",0,"inside",0,72,0.001,1,447
"QiangicZhaba",0,"inside",0,75,0.003,1,447
"Rabha",0,"inside",0,65,0.003,1,447
"SiniticBeijing",0,"inside",0,53,0,1,447
"SiniticChaozhou",0,"inside",0,56,0,1,447
"SiniticGuangzhou",0,"inside",0,54,0,1,447
"SiniticJieyang",0,"inside",0,56,0,1,447
"SiniticLonggang",0,"inside",0,55,0,1,447
"SiniticOldChinese",0,"inside",2.676254,51,0.001,1,447
"SiniticXingning",0,"inside",0,55,0,1,447
"Tangut",0,"inside",0.899079,77,0.001,1,447
"TaniBokar",0,"inside",0,67,0,1,447
"TibetanAlike",0,"inside",0,90,0,1,447
"TibetanBatang",0,"inside",0,91,0,1,447
"TibetanLhasa",0,"inside",0,91,0,1,447
"TibetanOldTibetan",0,"inside",1.389444,88,0,1,447
"TibetanXiahe",0,"inside",0,90,0,1,447
"TibetoKinauriBunan",0,"inside",0,62,0.004,1,447
"TibetoKinauriByangsi",0,"inside",0,62,0.004,1,447
"TibetoKinauriRongpo",0,"inside",0,61,0.003,1,447
"rGyalrongDaofu",0,"inside",0,76,0.001,1,447
"rGyalrongJaphug",0,"inside",0,79,0.001,1,447
"rGyalrongMaerkang",0,"inside",0,79,0.001,1,447
"51",0.001,"inside",3.279725,50,0.013,1,449
"52",0,"inside",2.166195,51,0.001,1,449
"53",0,"inside",1.965,52,0,1,449
"54",0,"inside",1.493977,53,0,1,449
"55",0,"inside",0.896802,54,0,1,449
"56",0,"inside",0.381275,52,0,1,449
"57",0.005,"inside",8.305155,50,0.013,1,449
"58",0.004,"inside",2.431602,57,0.005,1,449
"59",0.001,"inside",7.315413,57,0.005,1,449
"60",0.001,"inside",7.214878,59,0.001,1,449
"61",0.004,"inside",5.06648,60,0.001,1,449
"62",0.004,"inside",4.467516,61,0.004,1,449
"63",0.001,"inside",6.728141,60,0.001,1,449
"64",0.003,"inside",5.787808,63,0.001,1,449
"65",0.003,"inside",2.368009,64,0.003,1,449
"66",0.002,"inside",6.577912,63,0.001,1,449
"67",0.007,"inside",6.465184,66,0.002,1,449
"68",0.04,"inside",5.950671,67,0.007,1,449
"69",0.163,"inside",4.894872,68,0.04,1,449
"70",0.981,"inside",2.056105,69,0.163,1,449
"71",0.002,"inside",6.41214,66,0.002,1,449
"72",0.001,"inside",6.269234,71,0.002,1,449
"73",0.001,"inside",5.663665,72,0.001,1,449
"74",0.001,"inside",5.24078,73,0.001,1,449
"75",0.001,"inside",4.301748,74,0.001,1,449
"76",0,"inside",3.424605,75,0.001,1,449
"77",0,"inside",3.407502,76,0,1,449
"78",0,"inside",2.77946,77,0,1,449
"79",0.001,"inside",1.913947,78,0,1,449
"80",0.001,"inside",3.530233,74,0.001,1,449
"81",0.001,"inside",2.771304,80,0.001,1,449
"82",0,"inside",1.722371,81,0.001,1,449
"83",0,"inside",0.583405,82,0,1,449
"84",0,"inside",0.987005,82,0,1,449
"85",0,"inside",0.43329,84,0,1,449
"86",0,"inside",0.822305,84,0,1,449
"87",0,"inside",0.875838,81,0.001,1,449
"88",0,"inside",1.497592,73,0.001,1,449
"89",0,"inside",0.949298,88,0,1,449
"90",0,"inside",0.538336,89,0,1,449
"91",0,"inside",0.760638,89,0,1,449
"92",0.002,"inside",6.800008,59,0.001,1,449
"93",0.002,"inside",4.984671,92,0.002,1,449
"94",0.001,"inside",4.495648,93,0.002,1,449
"95",0.001,"inside",3.575666,94,0.001,1,449
"96",0.001,"inside",2.469634,95,0.001,1,449
"97",0.001,"inside",2.421463,95,0.001,1,449
"BodicTshangla",0,"inside",0,92,0.002,1,449
"BurmishAchang",0,"inside",0,83,0,1,449
"BurmishAtsi",0,"inside",0,86,0,1,449
"BurmishBola",0,"inside",0,85,0,1,449
"BurmishLashi",0,"inside",0,86,0,1,449
"BurmishMaru",0,"inside",0,85,0,1,449
"BurmishOldBurmese",0,"inside",0.743435,87,0,1,449
"BurmishRangoon",0,"inside",0,87,0,1,449
"BurmishXiandao",0,"inside",0,83,0,1,449
"ChepangChepang",0,"inside",0,71,0.002,1,449
"ChinHakha",1,"inside",0,70,0.981,1,449
"DengDarangTaraon",0,"inside",0,58,0.004,1,449
"DengYidu",0,"inside",0,58,0.004,1,449
"GaroGaro",0,"inside",0,65,0.003,1,449
"JingphoJingpho",0,"inside",0,64,0.003,1,449
"Karbi",0,"inside",0,68,0.04,1,449
"KhroskyabsWobzi",0,"inside",0,78,0,1,449
"KirantiBahing",0,"inside",0,97,0.001,1,449
"KirantiBantawa",0,"inside",0,94,0.001,1,449
"KirantiHayu",0,"inside",0,93,0.002,1,449
"KirantiKhaling",0,"inside",0,96,0.001,1,449
"KirantiKulung",0,"inside",0,96,0.001,1,449
"KirantiThulung",0,"inside",0,97,0.001,1,449
"LoloishLisu",0,"inside",0,80,0.001,1,449
"MizoLushai",1,"inside",0,70,0.981,1,449
"NagaUkhrul",0,"inside",0,69,0.163,1,449
"NungicDulong",0,"inside",0,72,0.001,1,449
"QiangicZhaba",0,"inside",0,75,0.001,1,449
"Rabha",0,"inside",0,65,0.003,1,449
"SiniticBeijing",0,"inside",0,53,0,1,449
"SiniticChaozhou",0,"inside",0,56,0,1,449
"SiniticGuangzhou",0,"inside",0,54,0,1,449
"SiniticJieyang",0,"inside",0,56,0,1,449
"SiniticLonggang",0,"inside",0,55,0,1,449
"SiniticOldChinese",0,"inside",2.676254,51,0.001,1,449
"SiniticXingning",0,"inside",0,55,0,1,449
"Tangut",0,"inside",0.899079,77,0,1,449
"TaniBokar",0,"inside",0,67,0.007,1,449
"TibetanAlike",0,"inside",0,90,0,1,449
"TibetanBatang",0,"inside",0,91,0,1,449
"TibetanLhasa",0,"inside",0,91,0,1,449
"TibetanOldTibetan",0,"inside",1.389444,88,0,1,449
"TibetanXiahe",0,"inside",0,90,0,1,449
"TibetoKinauriBunan",0,"inside",0,62,0.004,1,449
"TibetoKinauriByangsi",0,"inside",0,62,0.004,1,449
"TibetoKinauriRongpo",0,"inside",0,61,0.004,1,449
"rGyalrongDaofu",0,"inside",0,76,0,1,449
"rGyalrongJaphug",0,"inside",0,79,0.001,1,449
"rGyalrongMaerkang",0,"inside",0,79,0.001,1,449
"51",0.201,"inside",3.279725,50,0.041,1,451
"52",0.741,"inside",2.166195,51,0.201,1,451
"53",0.737,"inside",1.965,52,0.741,1,451
"54",0.167,"inside",1.493977,53,0.737,1,451
"55",0.025,"inside",0.896802,54,0.167,1,451
"56",1,"inside",0.381275,52,0.741,1,451
"57",0.012,"inside",8.305155,50,0.041,1,451
"58",0.005,"inside",2.431602,57,0.012,1,451
"59",0.001,"inside",7.315413,57,0.012,1,451
"60",0.001,"inside",7.214878,59,0.001,1,451
"61",0.003,"inside",5.06648,60,0.001,1,451
"62",0.004,"inside",4.467516,61,0.003,1,451
"63",0,"inside",6.728141,60,0.001,1,451
"64",0.003,"inside",5.787808,63,0,1,451
"65",0.003,"inside",2.368009,64,0.003,1,451
"66",0,"inside",6.577912,63,0,1,451
"67",0,"inside",6.465184,66,0,1,451
"68",0.001,"inside",5.950671,67,0,1,451
"69",0.003,"inside",4.894872,68,0.001,1,451
"70",0.002,"inside",2.056105,69,0.003,1,451
"71",0,"inside",6.41214,66,0,1,451
"72",0,"inside",6.269234,71,0,1,451
"73",0,"inside",5.663665,72,0,1,451
"74",0,"inside",5.24078,73,0,1,451
"75",0.001,"inside",4.301748,74,0,1,451
"76",0,"inside",3.424605,75,0.001,1,451
"77",0,"inside",3.407502,76,0,1,451
"78",0,"inside",2.77946,77,0,1,451
"79",0.001,"inside",1.913947,78,0,1,451
"80",0.001,"inside",3.530233,74,0,1,451
"81",0.001,"inside",2.771304,80,0.001,1,451
"82",0,"inside",1.722371,81,0.001,1,451
"83",0,"inside",0.583405,82,0,1,451
"84",0,"inside",0.987005,82,0,1,451
"85",0,"inside",0.43329,84,0,1,451
"86",0,"inside",0.822305,84,0,1,451
"87",0,"inside",0.875838,81,0.001,1,451
"88",0,"inside",1.497592,73,0,1,451
"89",0,"inside",0.949298,88,0,1,451
"90",0,"inside",0.538336,89,0,1,451
"91",0,"inside",0.760638,89,0,1,451
"92",0.002,"inside",6.800008,59,0.001,1,451
"93",0.002,"inside",4.984671,92,0.002,1,451
"94",0.001,"inside",4.495648,93,0.002,1,451
"95",0.001,"inside",3.575666,94,0.001,1,451
"96",0.001,"inside",2.469634,95,0.001,1,451
"97",0.001,"inside",2.421463,95,0.001,1,451
"BodicTshangla",0,"inside",0,92,0.002,1,451
"BurmishAchang",0,"inside",0,83,0,1,451
"BurmishAtsi",0,"inside",0,86,0,1,451
"BurmishBola",0,"inside",0,85,0,1,451
"BurmishLashi",0,"inside",0,86,0,1,451
"BurmishMaru",0,"inside",0,85,0,1,451
"BurmishOldBurmese",0,"inside",0.743435,87,0,1,451
"BurmishRangoon",0,"inside",0,87,0,1,451
"BurmishXiandao",0,"inside",0,83,0,1,451
"ChepangChepang",0,"inside",0,71,0,1,451
"ChinHakha",0,"inside",0,70,0.002,1,451
"DengDarangTaraon",0,"inside",0,58,0.005,1,451
"DengYidu",0,"inside",0,58,0.005,1,451
"GaroGaro",0,"inside",0,65,0.003,1,451
"JingphoJingpho",0,"inside",0,64,0.003,1,451
"Karbi",0,"inside",0,68,0.001,1,451
"KhroskyabsWobzi",0,"inside",0,78,0,1,451
"KirantiBahing",0,"inside",0,97,0.001,1,451
"KirantiBantawa",0,"inside",0,94,0.001,1,451
"KirantiHayu",0,"inside",0,93,0.002,1,451
"KirantiKhaling",0,"inside",0,96,0.001,1,451
"KirantiKulung",0,"inside",0,96,0.001,1,451
"KirantiThulung",0,"inside",0,97,0.001,1,451
"LoloishLisu",0,"inside",0,80,0.001,1,451
"MizoLushai",0,"inside",0,70,0.002,1,451
"NagaUkhrul",0,"inside",0,69,0.003,1,451
"NungicDulong",0,"inside",0,72,0,1,451
"QiangicZhaba",0,"inside",0,75,0.001,1,451
"Rabha",0,"inside",0,65,0.003,1,451
"SiniticBeijing",1,"inside",0,53,0.737,1,451
"SiniticChaozhou",1,"inside",0,56,1,1,451
"SiniticGuangzhou",0,"inside",0,54,0.167,1,451
"SiniticJieyang",1,"inside",0,56,1,1,451
"SiniticLonggang",0,"inside",0,55,0.025,1,451
"SiniticOldChinese",0,"inside",2.676254,51,0.201,1,451
"SiniticXingning",0,"inside",0,55,0.025,1,451
"Tangut",0,"inside",0.899079,77,0,1,451
"TaniBokar",0,"inside",0,67,0,1,451
"TibetanAlike",0,"inside",0,90,0,1,451
"TibetanBatang",0,"inside",0,91,0,1,451
"TibetanLhasa",0,"inside",0,91,0,1,451
"TibetanOldTibetan",0,"inside",1.389444,88,0,1,451
"TibetanXiahe",0,"inside",0,90,0,1,451
"TibetoKinauriBunan",0,"inside",0,62,0.004,1,451
"TibetoKinauriByangsi",0,"inside",0,62,0.004,1,451
"TibetoKinauriRongpo",0,"inside",0,61,0.003,1,451
"rGyalrongDaofu",0,"inside",0,76,0,1,451
"rGyalrongJaphug",0,"inside",0,79,0.001,1,451
"rGyalrongMaerkang",0,"inside",0,79,0.001,1,451
"51",0.001,"inside",3.279725,50,0.013,1,459
"52",0,"inside",2.166195,51,0.001,1,459
"53",0,"inside",1.965,52,0,1,459
"54",0,"inside",1.493977,53,0,1,459
"55",0,"inside",0.896802,54,0,1,459
"56",0,"inside",0.381275,52,0,1,459
"57",0.005,"inside",8.305155,50,0.013,1,459
"58",0.004,"inside",2.431602,57,0.005,1,459
"59",0.001,"inside",7.315413,57,0.005,1,459
"60",0.001,"inside",7.214878,59,0.001,1,459
"61",0.003,"inside",5.06648,60,0.001,1,459
"62",0.004,"inside",4.467516,61,0.003,1,459
"63",0.001,"inside",6.728141,60,0.001,1,459
"64",0.003,"inside",5.787808,63,0.001,1,459
"65",0.003,"inside",2.368009,64,0.003,1,459
"66",0.002,"inside",6.577912,63,0.001,1,459
"67",0.002,"inside",6.465184,66,0.002,1,459
"68",0.002,"inside",5.950671,67,0.002,1,459
"69",0.003,"inside",4.894872,68,0.002,1,459
"70",0.002,"inside",2.056105,69,0.003,1,459
"71",0.004,"inside",6.41214,66,0.002,1,459
"72",0.008,"inside",6.269234,71,0.004,1,459
"73",0.006,"inside",5.663665,72,0.008,1,459
"74",0.007,"inside",5.24078,73,0.006,1,459
"75",0.003,"inside",4.301748,74,0.007,1,459
"76",0.001,"inside",3.424605,75,0.003,1,459
"77",0.001,"inside",3.407502,76,0.001,1,459
"78",0.001,"inside",2.77946,77,0.001,1,459
"79",0.001,"inside",1.913947,78,0.001,1,459
"80",0.032,"inside",3.530233,74,0.007,1,459
"81",0.064,"inside",2.771304,80,0.032,1,459
"82",0.006,"inside",1.722371,81,0.064,1,459
"83",0,"inside",0.583405,82,0.006,1,459
"84",0,"inside",0.987005,82,0.006,1,459
"85",0,"inside",0.43329,84,0,1,459
"86",0,"inside",0.822305,84,0,1,459
"87",0.64,"inside",0.875838,81,0.064,1,459
"88",0,"inside",1.497592,73,0.006,1,459
"89",0,"inside",0.949298,88,0,1,459
"90",0,"inside",0.538336,89,0,1,459
"91",0,"inside",0.760638,89,0,1,459
"92",0.002,"inside",6.800008,59,0.001,1,459
"93",0.002,"inside",4.984671,92,0.002,1,459
"94",0.001,"inside",4.495648,93,0.002,1,459
"95",0.001,"inside",3.575666,94,0.001,1,459
"96",0.001,"inside",2.469634,95,0.001,1,459
"97",0.001,"inside",2.421463,95,0.001,1,459
"BodicTshangla",0,"inside",0,92,0.002,1,459
"BurmishAchang",0,"inside",0,83,0,1,459
"BurmishAtsi",0,"inside",0,86,0,1,459
"BurmishBola",0,"inside",0,85,0,1,459
"BurmishLashi",0,"inside",0,86,0,1,459
"BurmishMaru",0,"inside",0,85,0,1,459
"BurmishOldBurmese",1,"inside",0.743435,87,0.64,1,459
"BurmishRangoon",0,"inside",0,87,0.64,1,459
"BurmishXiandao",0,"inside",0,83,0,1,459
"ChepangChepang",0,"inside",0,71,0.004,1,459
"ChinHakha",0,"inside",0,70,0.002,1,459
"DengDarangTaraon",0,"inside",0,58,0.004,1,459
"DengYidu",0,"inside",0,58,0.004,1,459
"GaroGaro",0,"inside",0,65,0.003,1,459
"JingphoJingpho",0,"inside",0,64,0.003,1,459
"Karbi",0,"inside",0,68,0.002,1,459
"KhroskyabsWobzi",0,"inside",0,78,0.001,1,459
"KirantiBahing",0,"inside",0,97,0.001,1,459
"KirantiBantawa",0,"inside",0,94,0.001,1,459
"KirantiHayu",0,"inside",0,93,0.002,1,459
"KirantiKhaling",0,"inside",0,96,0.001,1,459
"KirantiKulung",0,"inside",0,96,0.001,1,459
"KirantiThulung",0,"inside",0,97,0.001,1,459
"LoloishLisu",0,"inside",0,80,0.032,1,459
"MizoLushai",0,"inside",0,70,0.002,1,459
"NagaUkhrul",0,"inside",0,69,0.003,1,459
"NungicDulong",1,"inside",0,72,0.008,1,459
"QiangicZhaba",0,"inside",0,75,0.003,1,459
"Rabha",0,"inside",0,65,0.003,1,459
"SiniticBeijing",0,"inside",0,53,0,1,459
"SiniticChaozhou",0,"inside",0,56,0,1,459
"SiniticGuangzhou",0,"inside",0,54,0,1,459
"SiniticJieyang",0,"inside",0,56,0,1,459
"SiniticLonggang",0,"inside",0,55,0,1,459
"SiniticOldChinese",0,"inside",2.676254,51,0.001,1,459
"SiniticXingning",0,"inside",0,55,0,1,459
"Tangut",0,"inside",0.899079,77,0.001,1,459
"TaniBokar",0,"inside",0,67,0.002,1,459
"TibetanAlike",0,"inside",0,90,0,1,459
"TibetanBatang",0,"inside",0,91,0,1,459
"TibetanLhasa",0,"inside",0,91,0,1,459
"TibetanOldTibetan",0,"inside",1.389444,88,0,1,459
"TibetanXiahe",0,"inside",0,90,0,1,459
"TibetoKinauriBunan",0,"inside",0,62,0.004,1,459
"TibetoKinauriByangsi",0,"inside",0,62,0.004,1,459
"TibetoKinauriRongpo",0,"inside",0,61,0.003,1,459
"rGyalrongDaofu",0,"inside",0,76,0.001,1,459
"rGyalrongJaphug",0,"inside",0,79,0.001,1,459
"rGyalrongMaerkang",0,"inside",0,79,0.001,1,459
"51",0.001,"inside",3.279725,50,0.06,1,461
"52",0,"inside",2.166195,51,0.001,1,461
"53",0,"inside",1.965,52,0,1,461
"54",0,"inside",1.493977,53,0,1,461
"55",0,"inside",0.896802,54,0,1,461
"56",0,"inside",0.381275,52,0,1,461
"57",0.075,"inside",8.305155,50,0.06,1,461
"58",0.981,"inside",2.431602,57,0.075,1,461
"59",0.006,"inside",7.315413,57,0.075,1,461
"60",0.004,"inside",7.214878,59,0.006,1,461
"61",0.005,"inside",5.06648,60,0.004,1,461
"62",0.005,"inside",4.467516,61,0.005,1,461
"63",0.001,"inside",6.728141,60,0.004,1,461
"64",0.003,"inside",5.787808,63,0.001,1,461
"65",0.003,"inside",2.368009,64,0.003,1,461
"66",0,"inside",6.577912,63,0.001,1,461
"67",0.001,"inside",6.465184,66,0,1,461
"68",0.001,"inside",5.950671,67,0.001,1,461
"69",0.003,"inside",4.894872,68,0.001,1,461
"70",0.002,"inside",2.056105,69,0.003,1,461
"71",0,"inside",6.41214,66,0,1,461
"72",0,"inside",6.269234,71,0,1,461
"73",0,"inside",5.663665,72,0,1,461
"74",0,"inside",5.24078,73,0,1,461
"75",0.001,"inside",4.301748,74,0,1,461
"76",0,"inside",3.424605,75,0.001,1,461
"77",0,"inside",3.407502,76,0,1,461
"78",0,"inside",2.77946,77,0,1,461
"79",0.001,"inside",1.913947,78,0,1,461
"80",0.001,"inside",3.530233,74,0,1,461
"81",0.001,"inside",2.771304,80,0.001,1,461
"82",0,"inside",1.722371,81,0.001,1,461
"83",0,"inside",0.583405,82,0,1,461
"84",0,"inside",0.987005,82,0,1,461
"85",0,"inside",0.43329,84,0,1,461
"86",0,"inside",0.822305,84,0,1,461
"87",0,"inside",0.875838,81,0.001,1,461
"88",0,"inside",1.497592,73,0,1,461
"89",0,"inside",0.949298,88,0,1,461
"90",0,"inside",0.538336,89,0,1,461
"91",0,"inside",0.760638,89,0,1,461
"92",0.005,"inside",6.800008,59,0.006,1,461
"93",0.003,"inside",4.984671,92,0.005,1,461
"94",0.002,"inside",4.495648,93,0.003,1,461
"95",0.001,"inside",3.575666,94,0.002,1,461
"96",0.001,"inside",2.469634,95,0.001,1,461
"97",0.001,"inside",2.421463,95,0.001,1,461
"BodicTshangla",0,"inside",0,92,0.005,1,461
"BurmishAchang",0,"inside",0,83,0,1,461
"BurmishAtsi",0,"inside",0,86,0,1,461
"BurmishBola",0,"inside",0,85,0,1,461
"BurmishLashi",0,"inside",0,86,0,1,461
"BurmishMaru",0,"inside",0,85,0,1,461
"BurmishOldBurmese",0,"inside",0.743435,87,0,1,461
"BurmishRangoon",0,"inside",0,87,0,1,461
"BurmishXiandao",0,"inside",0,83,0,1,461
"ChepangChepang",0,"inside",0,71,0,1,461
"ChinHakha",0,"inside",0,70,0.002,1,461
"DengDarangTaraon",1,"inside",0,58,0.981,1,461
"DengYidu",1,"inside",0,58,0.981,1,461
"GaroGaro",0,"inside",0,65,0.003,1,461
"JingphoJingpho",0,"inside",0,64,0.003,1,461
"Karbi",0,"inside",0,68,0.001,1,461
"KhroskyabsWobzi",0,"inside",0,78,0,1,461
"KirantiBahing",0,"inside",0,97,0.001,1,461
"KirantiBantawa",0,"inside",0,94,0.002,1,461
"KirantiHayu",0,"inside",0,93,0.003,1,461
"KirantiKhaling",0,"inside",0,96,0.001,1,461
"KirantiKulung",0,"inside",0,96,0.001,1,461
"KirantiThulung",0,"inside",0,97,0.001,1,461
"LoloishLisu",0,"inside",0,80,0.001,1,461
"MizoLushai",0,"inside",0,70,0.002,1,461
"NagaUkhrul",0,"inside",0,69,0.003,1,461
"NungicDulong",0,"inside",0,72,0,1,461
"QiangicZhaba",0,"inside",0,75,0.001,1,461
"Rabha",0,"inside",0,65,0.003,1,461
"SiniticBeijing",0,"inside",0,53,0,1,461
"SiniticChaozhou",0,"inside",0,56,0,1,461
"SiniticGuangzhou",0,"inside",0,54,0,1,461
"SiniticJieyang",0,"inside",0,56,0,1,461
"SiniticLonggang",0,"inside",0,55,0,1,461
"SiniticOldChinese",0,"inside",2.676254,51,0.001,1,461
"SiniticXingning",0,"inside",0,55,0,1,461
"Tangut",0,"inside",0.899079,77,0,1,461
"TaniBokar",0,"inside",0,67,0.001,1,461
"TibetanAlike",0,"inside",0,90,0,1,461
"TibetanBatang",0,"inside",0,91,0,1,461
"TibetanLhasa",0,"inside",0,91,0,1,461
"TibetanOldTibetan",0,"inside",1.389444,88,0,1,461
"TibetanXiahe",0,"inside",0,90,0,1,461
"TibetoKinauriBunan",0,"inside",0,62,0.005,1,461
"TibetoKinauriByangsi",0,"inside",0,62,0.005,1,461
"TibetoKinauriRongpo",0,"inside",0,61,0.005,1,461
"rGyalrongDaofu",0,"inside",0,76,0,1,461
"rGyalrongJaphug",0,"inside",0,79,0.001,1,461
"rGyalrongMaerkang",0,"inside",0,79,0.001,1,461
"51",0.001,"high_tall",3.279725,50,0.013,1,386
"52",0,"high_tall",2.166195,51,0.001,1,386
"53",0,"high_tall",1.965,52,0,1,386
"54",0,"high_tall",1.493977,53,0,1,386
"55",0,"high_tall",0.896802,54,0,1,386
"56",0,"high_tall",0.381275,52,0,1,386
"57",0.005,"high_tall",8.305155,50,0.013,1,386
"58",0.004,"high_tall",2.431602,57,0.005,1,386
"59",0.001,"high_tall",7.315413,57,0.005,1,386
"60",0.001,"high_tall",7.214878,59,0.001,1,386
"61",0.003,"high_tall",5.06648,60,0.001,1,386
"62",0.004,"high_tall",4.467516,61,0.003,1,386
"63",0.001,"high_tall",6.728141,60,0.001,1,386
"64",0.003,"high_tall",5.787808,63,0.001,1,386
"65",0.003,"high_tall",2.368009,64,0.003,1,386
"66",0.001,"high_tall",6.577912,63,0.001,1,386
"67",0.001,"high_tall",6.465184,66,0.001,1,386
"68",0.002,"high_tall",5.950671,67,0.001,1,386
"69",0.003,"high_tall",4.894872,68,0.002,1,386
"70",0.002,"high_tall",2.056105,69,0.003,1,386
"71",0.002,"high_tall",6.41214,66,0.001,1,386
"72",0.004,"high_tall",6.269234,71,0.002,1,386
"73",0.016,"high_tall",5.663665,72,0.004,1,386
"74",0.007,"high_tall",5.24078,73,0.016,1,386
"75",0.003,"high_tall",4.301748,74,0.007,1,386
"76",0.001,"high_tall",3.424605,75,0.003,1,386
"77",0.001,"high_tall",3.407502,76,0.001,1,386
"78",0.001,"high_tall",2.77946,77,0.001,1,386
"79",0.001,"high_tall",1.913947,78,0.001,1,386
"80",0.002,"high_tall",3.530233,74,0.007,1,386
"81",0.001,"high_tall",2.771304,80,0.002,1,386
"82",0,"high_tall",1.722371,81,0.001,1,386
"83",0,"high_tall",0.583405,82,0,1,386
"84",0,"high_tall",0.987005,82,0,1,386
"85",0,"high_tall",0.43329,84,0,1,386
"86",0,"high_tall",0.822305,84,0,1,386
"87",0,"high_tall",0.875838,81,0.001,1,386
"88",1,"high_tall",1.497592,73,0.016,1,386
"89",1,"high_tall",0.949298,88,1,1,386
"90",1,"high_tall",0.538336,89,1,1,386
"91",1,"high_tall",0.760638,89,1,1,386
"92",0.001,"high_tall",6.800008,59,0.001,1,386
"93",0.001,"high_tall",4.984671,92,0.001,1,386
"94",0.001,"high_tall",4.495648,93,0.001,1,386
"95",0.002,"high_tall",3.436623,94,0.001,1,386
"96",0.001,"high_tall",3.575666,94,0.001,1,386
"97",0.002,"high_tall",2.469634,96,0.001,1,386
"BodicTshangla",0,"high_tall",0,92,0.001,1,386
"BurmishAchang",0,"high_tall",0,83,0,1,386
"BurmishAtsi",0,"high_tall",0,86,0,1,386
"BurmishBola",0,"high_tall",0,85,0,1,386
"BurmishLashi",0,"high_tall",0,86,0,1,386
"BurmishMaru",0,"high_tall",0,85,0,1,386
"BurmishOldBurmese",0,"high_tall",0.743435,87,0,1,386
"BurmishRangoon",0,"high_tall",0,87,0,1,386
"BurmishXiandao",0,"high_tall",0,83,0,1,386
"ChepangChepang",0,"high_tall",0,71,0.002,1,386
"ChinHakha",0,"high_tall",0,70,0.002,1,386
"DengDarangTaraon",0,"high_tall",0,58,0.004,1,386
"DengYidu",0,"high_tall",0,58,0.004,1,386
"GaroGaro",0,"high_tall",0,65,0.003,1,386
"JingphoJingpho",0,"high_tall",0,64,0.003,1,386
"Karbi",0,"high_tall",0,68,0.002,1,386
"KhroskyabsWobzi",0,"high_tall",0,78,0.001,1,386
"KirantiBantawa",0,"high_tall",0,95,0.002,1,386
"KirantiHayu",0,"high_tall",0,93,0.001,1,386
"KirantiKhaling",0,"high_tall",0,97,0.002,1,386
"KirantiKulung",0,"high_tall",0,97,0.002,1,386
"KirantiLimbu",0,"high_tall",0,95,0.002,1,386
"KirantiThulung",0,"high_tall",0,96,0.001,1,386
"LoloishLisu",0,"high_tall",0,80,0.002,1,386
"MizoLushai",0,"high_tall",0,70,0.002,1,386
"NagaUkhrul",0,"high_tall",0,69,0.003,1,386
"NungicDulong",0,"high_tall",0,72,0.004,1,386
"QiangicZhaba",0,"high_tall",0,75,0.003,1,386
"Rabha",0,"high_tall",0,65,0.003,1,386
"SiniticBeijing",0,"high_tall",0,53,0,1,386
"SiniticChaozhou",0,"high_tall",0,56,0,1,386
"SiniticGuangzhou",0,"high_tall",0,54,0,1,386
"SiniticJieyang",0,"high_tall",0,56,0,1,386
"SiniticLonggang",0,"high_tall",0,55,0,1,386
"SiniticOldChinese",0,"high_tall",2.676254,51,0.001,1,386
"SiniticXingning",0,"high_tall",0,55,0,1,386
"Tangut",0,"high_tall",0.899079,77,0.001,1,386
"TaniBokar",0,"high_tall",0,67,0.001,1,386
"TibetanAlike",1,"high_tall",0,90,1,1,386
"TibetanBatang",1,"high_tall",0,91,1,1,386
"TibetanLhasa",1,"high_tall",0,91,1,1,386
"TibetanOldTibetan",1,"high_tall",1.389444,88,1,1,386
"TibetanXiahe",1,"high_tall",0,90,1,1,386
"TibetoKinauriBunan",0,"high_tall",0,62,0.004,1,386
"TibetoKinauriByangsi",0,"high_tall",0,62,0.004,1,386
"TibetoKinauriRongpo",0,"high_tall",0,61,0.003,1,386
"rGyalrongDaofu",0,"high_tall",0,76,0.001,1,386
"rGyalrongJaphug",0,"high_tall",0,79,0.001,1,386
"rGyalrongMaerkang",0,"high_tall",0,79,0.001,1,386
"51",0.001,"high_tall",3.279725,50,0.016,1,390
"52",0,"high_tall",2.166195,51,0.001,1,390
"53",0,"high_tall",1.965,52,0,1,390
"54",0,"high_tall",1.493977,53,0,1,390
"55",0,"high_tall",0.896802,54,0,1,390
"56",0,"high_tall",0.381275,52,0,1,390
"57",0.01,"high_tall",8.305155,50,0.016,1,390
"58",0.004,"high_tall",2.431602,57,0.01,1,390
"59",0.007,"high_tall",7.315413,57,0.01,1,390
"60",0.005,"high_tall",7.214878,59,0.007,1,390
"61",0.005,"high_tall",5.06648,60,0.005,1,390
"62",0.005,"high_tall",4.467516,61,0.005,1,390
"63",0.001,"high_tall",6.728141,60,0.005,1,390
"64",0.003,"high_tall",5.787808,63,0.001,1,390
"65",0.003,"high_tall",2.368009,64,0.003,1,390
"66",0,"high_tall",6.577912,63,0.001,1,390
"67",0.001,"high_tall",6.465184,66,0,1,390
"68",0.001,"high_tall",5.950671,67,0.001,1,390
"69",0.003,"high_tall",4.894872,68,0.001,1,390
"70",0.002,"high_tall",2.056105,69,0.003,1,390
"71",0,"high_tall",6.41214,66,0,1,390
"72",0,"high_tall",6.269234,71,0,1,390
"73",0.001,"high_tall",5.663665,72,0,1,390
"74",0,"high_tall",5.24078,73,0.001,1,390
"75",0.001,"high_tall",4.301748,74,0,1,390
"76",0,"high_tall",3.424605,75,0.001,1,390
"77",0,"high_tall",3.407502,76,0,1,390
"78",0,"high_tall",2.77946,77,0,1,390
"79",0.001,"high_tall",1.913947,78,0,1,390
"80",0.001,"high_tall",3.530233,74,0,1,390
"81",0.001,"high_tall",2.771304,80,0.001,1,390
"82",0,"high_tall",1.722371,81,0.001,1,390
"83",0,"high_tall",0.583405,82,0,1,390
"84",0,"high_tall",0.987005,82,0,1,390
"85",0,"high_tall",0.43329,84,0,1,390
"86",0,"high_tall",0.822305,84,0,1,390
"87",0,"high_tall",0.875838,81,0.001,1,390
"88",0,"high_tall",1.497592,73,0.001,1,390
"89",0,"high_tall",0.949298,88,0,1,390
"90",0,"high_tall",0.538336,89,0,1,390
"91",0,"high_tall",0.760638,89,0,1,390
"92",0.028,"high_tall",6.800008,59,0.007,1,390
"93",0.15,"high_tall",4.984671,92,0.028,1,390
"94",0.221,"high_tall",4.495648,93,0.15,1,390
"95",0.111,"high_tall",3.436623,94,0.221,1,390
"96",0.704,"high_tall",3.575666,94,0.221,1,390
"97",0.723,"high_tall",2.469634,96,0.704,1,390
"BodicTshangla",0,"high_tall",0,92,0.028,1,390
"BurmishAchang",0,"high_tall",0,83,0,1,390
"BurmishAtsi",0,"high_tall",0,86,0,1,390
"BurmishBola",0,"high_tall",0,85,0,1,390
"BurmishLashi",0,"high_tall",0,86,0,1,390
"BurmishMaru",0,"high_tall",0,85,0,1,390
"BurmishOldBurmese",0,"high_tall",0.743435,87,0,1,390
"BurmishRangoon",0,"high_tall",0,87,0,1,390
"BurmishXiandao",0,"high_tall",0,83,0,1,390
"ChepangChepang",0,"high_tall",0,71,0,1,390
"ChinHakha",0,"high_tall",0,70,0.002,1,390
"DengDarangTaraon",0,"high_tall",0,58,0.004,1,390
"DengYidu",0,"high_tall",0,58,0.004,1,390
"GaroGaro",0,"high_tall",0,65,0.003,1,390
"JingphoJingpho",0,"high_tall",0,64,0.003,1,390
"Karbi",0,"high_tall",0,68,0.001,1,390
"KhroskyabsWobzi",0,"high_tall",0,78,0,1,390
"KirantiBantawa",0,"high_tall",0,95,0.111,1,390
"KirantiHayu",0,"high_tall",0,93,0.15,1,390
"KirantiKhaling",0,"high_tall",0,97,0.723,1,390
"KirantiKulung",1,"high_tall",0,97,0.723,1,390
"KirantiLimbu",0,"high_tall",0,95,0.111,1,390
"KirantiThulung",1,"high_tall",0,96,0.704,1,390
"LoloishLisu",0,"high_tall",0,80,0.001,1,390
"MizoLushai",0,"high_tall",0,70,0.002,1,390
"NagaUkhrul",0,"high_tall",0,69,0.003,1,390
"NungicDulong",0,"high_tall",0,72,0,1,390
"QiangicZhaba",0,"high_tall",0,75,0.001,1,390
"Rabha",0,"high_tall",0,65,0.003,1,390
"SiniticBeijing",0,"high_tall",0,53,0,1,390
"SiniticChaozhou",0,"high_tall",0,56,0,1,390
"SiniticGuangzhou",0,"high_tall",0,54,0,1,390
"SiniticJieyang",0,"high_tall",0,56,0,1,390
"SiniticLonggang",0,"high_tall",0,55,0,1,390
"SiniticOldChinese",0,"high_tall",2.676254,51,0.001,1,390
"SiniticXingning",0,"high_tall",0,55,0,1,390
"Tangut",0,"high_tall",0.899079,77,0,1,390
"TaniBokar",0,"high_tall",0,67,0.001,1,390
"TibetanAlike",0,"high_tall",0,90,0,1,390
"TibetanBatang",0,"high_tall",0,91,0,1,390
"TibetanLhasa",0,"high_tall",0,91,0,1,390
"TibetanOldTibetan",0,"high_tall",1.389444,88,0,1,390
"TibetanXiahe",0,"high_tall",0,90,0,1,390
"TibetoKinauriBunan",0,"high_tall",0,62,0.005,1,390
"TibetoKinauriByangsi",0,"high_tall",0,62,0.005,1,390
"TibetoKinauriRongpo",0,"high_tall",0,61,0.005,1,390
"rGyalrongDaofu",0,"high_tall",0,76,0,1,390
"rGyalrongJaphug",0,"high_tall",0,79,0.001,1,390
"rGyalrongMaerkang",0,"high_tall",0,79,0.001,1,390
"51",0.001,"high_tall",3.279725,50,0.02,1,392
"52",0,"high_tall",2.166195,51,0.001,1,392
"53",0,"high_tall",1.965,52,0,1,392
"54",0,"high_tall",1.493977,53,0,1,392
"55",0,"high_tall",0.896802,54,0,1,392
"56",0,"high_tall",0.381275,52,0,1,392
"57",0.016,"high_tall",8.305155,50,0.02,1,392
"58",0.005,"high_tall",2.431602,57,0.016,1,392
"59",0.015,"high_tall",7.315413,57,0.016,1,392
"60",0.011,"high_tall",7.214878,59,0.015,1,392
"61",0.007,"high_tall",5.06648,60,0.011,1,392
"62",0.006,"high_tall",4.467516,61,0.007,1,392
"63",0.002,"high_tall",6.728141,60,0.011,1,392
"64",0.004,"high_tall",5.787808,63,0.002,1,392
"65",0.003,"high_tall",2.368009,64,0.004,1,392
"66",0.001,"high_tall",6.577912,63,0.002,1,392
"67",0.001,"high_tall",6.465184,66,0.001,1,392
"68",0.002,"high_tall",5.950671,67,0.001,1,392
"69",0.003,"high_tall",4.894872,68,0.002,1,392
"70",0.002,"high_tall",2.056105,69,0.003,1,392
"71",0.001,"high_tall",6.41214,66,0.001,1,392
"72",0.001,"high_tall",6.269234,71,0.001,1,392
"73",0.001,"high_tall",5.663665,72,0.001,1,392
"74",0.001,"high_tall",5.24078,73,0.001,1,392
"75",0.001,"high_tall",4.301748,74,0.001,1,392
"76",0,"high_tall",3.424605,75,0.001,1,392
"77",0,"high_tall",3.407502,76,0,1,392
"78",0,"high_tall",2.77946,77,0,1,392
"79",0.001,"high_tall",1.913947,78,0,1,392
"80",0.001,"high_tall",3.530233,74,0.001,1,392
"81",0.001,"high_tall",2.771304,80,0.001,1,392
"82",0,"high_tall",1.722371,81,0.001,1,392
"83",0,"high_tall",0.583405,82,0,1,392
"84",0,"high_tall",0.987005,82,0,1,392
"85",0,"high_tall",0.43329,84,0,1,392
"86",0,"high_tall",0.822305,84,0,1,392
"87",0,"high_tall",0.875838,81,0.001,1,392
"88",0,"high_tall",1.497592,73,0.001,1,392
"89",0,"high_tall",0.949298,88,0,1,392
"90",0,"high_tall",0.538336,89,0,1,392
"91",0,"high_tall",0.760638,89,0,1,392
"92",0.058,"high_tall",6.800008,59,0.015,1,392
"93",0.32,"high_tall",4.984671,92,0.058,1,392
"94",0.312,"high_tall",4.495648,93,0.32,1,392
"95",0.365,"high_tall",3.436623,94,0.312,1,392
"96",0.129,"high_tall",3.575666,94,0.312,1,392
"97",0.047,"high_tall",2.469634,96,0.129,1,392
"BodicTshangla",0,"high_tall",0,92,0.058,1,392
"BurmishAchang",0,"high_tall",0,83,0,1,392
"BurmishAtsi",0,"high_tall",0,86,0,1,392
"BurmishBola",0,"high_tall",0,85,0,1,392
"BurmishLashi",0,"high_tall",0,86,0,1,392
"BurmishMaru",0,"high_tall",0,85,0,1,392
"BurmishOldBurmese",0,"high_tall",0.743435,87,0,1,392
"BurmishRangoon",0,"high_tall",0,87,0,1,392
"BurmishXiandao",0,"high_tall",0,83,0,1,392
"ChepangChepang",0,"high_tall",0,71,0.001,1,392
"ChinHakha",0,"high_tall",0,70,0.002,1,392
"DengDarangTaraon",0,"high_tall",0,58,0.005,1,392
"DengYidu",0,"high_tall",0,58,0.005,1,392
"GaroGaro",0,"high_tall",0,65,0.003,1,392
"JingphoJingpho",0,"high_tall",0,64,0.004,1,392
"Karbi",0,"high_tall",0,68,0.002,1,392
"KhroskyabsWobzi",0,"high_tall",0,78,0,1,392
"KirantiBantawa",1,"high_tall",0,95,0.365,1,392
"KirantiHayu",1,"high_tall",0,93,0.32,1,392
"KirantiKhaling",0,"high_tall",0,97,0.047,1,392
"KirantiKulung",0,"high_tall",0,97,0.047,1,392
"KirantiLimbu",0,"high_tall",0,95,0.365,1,392
"KirantiThulung",0,"high_tall",0,96,0.129,1,392
"LoloishLisu",0,"high_tall",0,80,0.001,1,392
"MizoLushai",0,"high_tall",0,70,0.002,1,392
"NagaUkhrul",0,"high_tall",0,69,0.003,1,392
"NungicDulong",0,"high_tall",0,72,0.001,1,392
"QiangicZhaba",0,"high_tall",0,75,0.001,1,392
"Rabha",0,"high_tall",0,65,0.003,1,392
"SiniticBeijing",0,"high_tall",0,53,0,1,392
"SiniticChaozhou",0,"high_tall",0,56,0,1,392
"SiniticGuangzhou",0,"high_tall",0,54,0,1,392
"SiniticJieyang",0,"high_tall",0,56,0,1,392
"SiniticLonggang",0,"high_tall",0,55,0,1,392
"SiniticOldChinese",0,"high_tall",2.676254,51,0.001,1,392
"SiniticXingning",0,"high_tall",0,55,0,1,392
"Tangut",0,"high_tall",0.899079,77,0,1,392
"TaniBokar",0,"high_tall",0,67,0.001,1,392
"TibetanAlike",0,"high_tall",0,90,0,1,392
"TibetanBatang",0,"high_tall",0,91,0,1,392
"TibetanLhasa",0,"high_tall",0,91,0,1,392
"TibetanOldTibetan",0,"high_tall",1.389444,88,0,1,392
"TibetanXiahe",0,"high_tall",0,90,0,1,392
"TibetoKinauriBunan",0,"high_tall",0,62,0.006,1,392
"TibetoKinauriByangsi",0,"high_tall",0,62,0.006,1,392
"TibetoKinauriRongpo",0,"high_tall",0,61,0.007,1,392
"rGyalrongDaofu",0,"high_tall",0,76,0,1,392
"rGyalrongJaphug",0,"high_tall",0,79,0.001,1,392
"rGyalrongMaerkang",0,"high_tall",0,79,0.001,1,392
"51",0.001,"high_tall",3.279725,50,0.032,1,393
"52",0,"high_tall",2.166195,51,0.001,1,393
"53",0,"high_tall",1.965,52,0,1,393
"54",0,"high_tall",1.493977,53,0,1,393
"55",0,"high_tall",0.896802,54,0,1,393
"56",0,"high_tall",0.381275,52,0,1,393
"57",0.032,"high_tall",8.305155,50,0.032,1,393
"58",0.006,"high_tall",2.431602,57,0.032,1,393
"59",0.038,"high_tall",7.315413,57,0.032,1,393
"60",0.042,"high_tall",7.214878,59,0.038,1,393
"61",0.016,"high_tall",5.06648,60,0.042,1,393
"62",0.013,"high_tall",4.467516,61,0.016,1,393
"63",0.088,"high_tall",6.728141,60,0.042,1,393
"64",0.059,"high_tall",5.787808,63,0.088,1,393
"65",0.01,"high_tall",2.368009,64,0.059,1,393
"66",0.126,"high_tall",6.577912,63,0.088,1,393
"67",0.115,"high_tall",6.465184,66,0.126,1,393
"68",0.083,"high_tall",5.950671,67,0.115,1,393
"69",0.048,"high_tall",4.894872,68,0.083,1,393
"70",0.008,"high_tall",2.056105,69,0.048,1,393
"71",0.35,"high_tall",6.41214,66,0.126,1,393
"72",0.656,"high_tall",6.269234,71,0.35,1,393
"73",0.787,"high_tall",5.663665,72,0.656,1,393
"74",0.99,"high_tall",5.24078,73,0.787,1,393
"75",0.999,"high_tall",4.301748,74,0.99,1,393
"76",1,"high_tall",3.424605,75,0.999,1,393
"77",1,"high_tall",3.407502,76,1,1,393
"78",1,"high_tall",2.77946,77,1,1,393
"79",1,"high_tall",1.913947,78,1,1,393
"80",1,"high_tall",3.530233,74,0.99,1,393
"81",1,"high_tall",2.771304,80,1,1,393
"82",1,"high_tall",1.722371,81,1,1,393
"83",1,"high_tall",0.583405,82,1,1,393
"84",1,"high_tall",0.987005,82,1,1,393
"85",1,"high_tall",0.43329,84,1,1,393
"86",1,"high_tall",0.822305,84,1,1,393
"87",1,"high_tall",0.875838,81,1,1,393
"88",0.001,"high_tall",1.497592,73,0.787,1,393
"89",0,"high_tall",0.949298,88,0.001,1,393
"90",0,"high_tall",0.538336,89,0,1,393
"91",0,"high_tall",0.760638,89,0,1,393
"92",0.028,"high_tall",6.800008,59,0.038,1,393
"93",0.006,"high_tall",4.984671,92,0.028,1,393
"94",0.003,"high_tall",4.495648,93,0.006,1,393
"95",0.003,"high_tall",3.436623,94,0.003,1,393
"96",0.002,"high_tall",3.575666,94,0.003,1,393
"97",0.002,"high_tall",2.469634,96,0.002,1,393
"BodicTshangla",0,"high_tall",0,92,0.028,1,393
"BurmishAchang",1,"high_tall",0,83,1,1,393
"BurmishAtsi",1,"high_tall",0,86,1,1,393
"BurmishBola",1,"high_tall",0,85,1,1,393
"BurmishLashi",1,"high_tall",0,86,1,1,393
"BurmishMaru",1,"high_tall",0,85,1,1,393
"BurmishOldBurmese",1,"high_tall",0.743435,87,1,1,393
"BurmishRangoon",1,"high_tall",0,87,1,1,393
"BurmishXiandao",1,"high_tall",0,83,1,1,393
"ChepangChepang",0,"high_tall",0,71,0.35,1,393
"ChinHakha",0,"high_tall",0,70,0.008,1,393
"DengDarangTaraon",0,"high_tall",0,58,0.006,1,393
"DengYidu",0,"high_tall",0,58,0.006,1,393
"GaroGaro",0,"high_tall",0,65,0.01,1,393
"JingphoJingpho",0,"high_tall",0,64,0.059,1,393
"Karbi",0,"high_tall",0,68,0.083,1,393
"KhroskyabsWobzi",1,"high_tall",0,78,1,1,393
"KirantiBantawa",0,"high_tall",0,95,0.003,1,393
"KirantiHayu",0,"high_tall",0,93,0.006,1,393
"KirantiKhaling",0,"high_tall",0,97,0.002,1,393
"KirantiKulung",0,"high_tall",0,97,0.002,1,393
"KirantiLimbu",0,"high_tall",0,95,0.003,1,393
"KirantiThulung",0,"high_tall",0,96,0.002,1,393
"LoloishLisu",1,"high_tall",0,80,1,1,393
"MizoLushai",0,"high_tall",0,70,0.008,1,393
"NagaUkhrul",0,"high_tall",0,69,0.048,1,393
"NungicDulong",1,"high_tall",0,72,0.656,1,393
"QiangicZhaba",1,"high_tall",0,75,0.999,1,393
"Rabha",0,"high_tall",0,65,0.01,1,393
"SiniticBeijing",0,"high_tall",0,53,0,1,393
"SiniticChaozhou",0,"high_tall",0,56,0,1,393
"SiniticGuangzhou",0,"high_tall",0,54,0,1,393
"SiniticJieyang",0,"high_tall",0,56,0,1,393
"SiniticLonggang",0,"high_tall",0,55,0,1,393
"SiniticOldChinese",0,"high_tall",2.676254,51,0.001,1,393
"SiniticXingning",0,"high_tall",0,55,0,1,393
"Tangut",1,"high_tall",0.899079,77,1,1,393
"TaniBokar",0,"high_tall",0,67,0.115,1,393
"TibetanAlike",0,"high_tall",0,90,0,1,393
"TibetanBatang",0,"high_tall",0,91,0,1,393
"TibetanLhasa",0,"high_tall",0,91,0,1,393
"TibetanOldTibetan",0,"high_tall",1.389444,88,0.001,1,393
"TibetanXiahe",0,"high_tall",0,90,0,1,393
"TibetoKinauriBunan",0,"high_tall",0,62,0.013,1,393
"TibetoKinauriByangsi",0,"high_tall",0,62,0.013,1,393
"TibetoKinauriRongpo",0,"high_tall",0,61,0.016,1,393
"rGyalrongDaofu",0,"high_tall",0,76,1,1,393
"rGyalrongJaphug",1,"high_tall",0,79,1,1,393
"rGyalrongMaerkang",1,"high_tall",0,79,1,1,393
"51",0.001,"high_tall",3.279725,50,0.022,1,394
"52",0,"high_tall",2.166195,51,0.001,1,394
"53",0,"high_tall",1.965,52,0,1,394
"54",0,"high_tall",1.493977,53,0,1,394
"55",0,"high_tall",0.896802,54,0,1,394
"56",0,"high_tall",0.381275,52,0,1,394
"57",0.018,"high_tall",8.305155,50,0.022,1,394
"58",0.005,"high_tall",2.431602,57,0.018,1,394
"59",0.019,"high_tall",7.315413,57,0.018,1,394
"60",0.016,"high_tall",7.214878,59,0.019,1,394
"61",0.008,"high_tall",5.06648,60,0.016,1,394
"62",0.007,"high_tall",4.467516,61,0.008,1,394
"63",0.012,"high_tall",6.728141,60,0.016,1,394
"64",0.01,"high_tall",5.787808,63,0.012,1,394
"65",0.004,"high_tall",2.368009,64,0.01,1,394
"66",0.012,"high_tall",6.577912,63,0.012,1,394
"67",0.016,"high_tall",6.465184,66,0.012,1,394
"68",0.049,"high_tall",5.950671,67,0.016,1,394
"69",0.171,"high_tall",4.894872,68,0.049,1,394
"70",0.981,"high_tall",2.056105,69,0.171,1,394
"71",0.009,"high_tall",6.41214,66,0.012,1,394
"72",0.007,"high_tall",6.269234,71,0.009,1,394
"73",0.003,"high_tall",5.663665,72,0.007,1,394
"74",0.002,"high_tall",5.24078,73,0.003,1,394
"75",0.001,"high_tall",4.301748,74,0.002,1,394
"76",0,"high_tall",3.424605,75,0.001,1,394
"77",0,"high_tall",3.407502,76,0,1,394
"78",0.001,"high_tall",2.77946,77,0,1,394
"79",0.001,"high_tall",1.913947,78,0.001,1,394
"80",0.001,"high_tall",3.530233,74,0.002,1,394
"81",0.001,"high_tall",2.771304,80,0.001,1,394
"82",0,"high_tall",1.722371,81,0.001,1,394
"83",0,"high_tall",0.583405,82,0,1,394
"84",0,"high_tall",0.987005,82,0,1,394
"85",0,"high_tall",0.43329,84,0,1,394
"86",0,"high_tall",0.822305,84,0,1,394
"87",0,"high_tall",0.875838,81,0.001,1,394
"88",0,"high_tall",1.497592,73,0.003,1,394
"89",0,"high_tall",0.949298,88,0,1,394
"90",0,"high_tall",0.538336,89,0,1,394
"91",0,"high_tall",0.760638,89,0,1,394
"92",0.043,"high_tall",6.800008,59,0.019,1,394
"93",0.194,"high_tall",4.984671,92,0.043,1,394
"94",0.281,"high_tall",4.495648,93,0.194,1,394
"95",0.338,"high_tall",3.436623,94,0.281,1,394
"96",0.293,"high_tall",3.575666,94,0.281,1,394
"97",0.359,"high_tall",2.469634,96,0.293,1,394
"BodicTshangla",0,"high_tall",0,92,0.043,1,394
"BurmishAchang",0,"high_tall",0,83,0,1,394
"BurmishAtsi",0,"high_tall",0,86,0,1,394
"BurmishBola",0,"high_tall",0,85,0,1,394
"BurmishLashi",0,"high_tall",0,86,0,1,394
"BurmishMaru",0,"high_tall",0,85,0,1,394
"BurmishOldBurmese",0,"high_tall",0.743435,87,0,1,394
"BurmishRangoon",0,"high_tall",0,87,0,1,394
"BurmishXiandao",0,"high_tall",0,83,0,1,394
"ChepangChepang",0,"high_tall",0,71,0.009,1,394
"ChinHakha",1,"high_tall",0,70,0.981,1,394
"DengDarangTaraon",0,"high_tall",0,58,0.005,1,394
"DengYidu",0,"high_tall",0,58,0.005,1,394
"GaroGaro",0,"high_tall",0,65,0.004,1,394
"JingphoJingpho",0,"high_tall",0,64,0.01,1,394
"Karbi",0,"high_tall",0,68,0.049,1,394
"KhroskyabsWobzi",0,"high_tall",0,78,0.001,1,394
"KirantiBantawa",0,"high_tall",0,95,0.338,1,394
"KirantiHayu",0,"high_tall",0,93,0.194,1,394
"KirantiKhaling",1,"high_tall",0,97,0.359,1,394
"KirantiKulung",0,"high_tall",0,97,0.359,1,394
"KirantiLimbu",1,"high_tall",0,95,0.338,1,394
"KirantiThulung",0,"high_tall",0,96,0.293,1,394
"LoloishLisu",0,"high_tall",0,80,0.001,1,394
"MizoLushai",1,"high_tall",0,70,0.981,1,394
"NagaUkhrul",0,"high_tall",0,69,0.171,1,394
"NungicDulong",0,"high_tall",0,72,0.007,1,394
"QiangicZhaba",0,"high_tall",0,75,0.001,1,394
"Rabha",0,"high_tall",0,65,0.004,1,394
"SiniticBeijing",0,"high_tall",0,53,0,1,394
"SiniticChaozhou",0,"high_tall",0,56,0,1,394
"SiniticGuangzhou",0,"high_tall",0,54,0,1,394
"SiniticJieyang",0,"high_tall",0,56,0,1,394
"SiniticLonggang",0,"high_tall",0,55,0,1,394
"SiniticOldChinese",0,"high_tall",2.676254,51,0.001,1,394
"SiniticXingning",0,"high_tall",0,55,0,1,394
"Tangut",0,"high_tall",0.899079,77,0,1,394
"TaniBokar",0,"high_tall",0,67,0.016,1,394
"TibetanAlike",0,"high_tall",0,90,0,1,394
"TibetanBatang",0,"high_tall",0,91,0,1,394
"TibetanLhasa",0,"high_tall",0,91,0,1,394
"TibetanOldTibetan",0,"high_tall",1.389444,88,0,1,394
"TibetanXiahe",0,"high_tall",0,90,0,1,394
"TibetoKinauriBunan",0,"high_tall",0,62,0.007,1,394
"TibetoKinauriByangsi",0,"high_tall",0,62,0.007,1,394
"TibetoKinauriRongpo",0,"high_tall",0,61,0.008,1,394
"rGyalrongDaofu",0,"high_tall",0,76,0,1,394
"rGyalrongJaphug",0,"high_tall",0,79,0.001,1,394
"rGyalrongMaerkang",0,"high_tall",0,79,0.001,1,394
"51",0.997,"high_tall",3.279725,50,0.154,1,395
"52",0.997,"high_tall",2.166195,51,0.997,1,395
"53",1,"high_tall",1.965,52,0.997,1,395
"54",1,"high_tall",1.493977,53,1,1,395
"55",1,"high_tall",0.896802,54,1,1,395
"56",0.011,"high_tall",0.381275,52,0.997,1,395
"57",0.039,"high_tall",8.305155,50,0.154,1,395
"58",0.006,"high_tall",2.431602,57,0.039,1,395
"59",0.003,"high_tall",7.315413,57,0.039,1,395
"60",0.002,"high_tall",7.214878,59,0.003,1,395
"61",0.004,"high_tall",5.06648,60,0.002,1,395
"62",0.004,"high_tall",4.467516,61,0.004,1,395
"63",0,"high_tall",6.728141,60,0.002,1,395
"64",0.003,"high_tall",5.787808,63,0,1,395
"65",0.003,"high_tall",2.368009,64,0.003,1,395
"66",0,"high_tall",6.577912,63,0,1,395
"67",0,"high_tall",6.465184,66,0,1,395
"68",0.001,"high_tall",5.950671,67,0,1,395
"69",0.003,"high_tall",4.894872,68,0.001,1,395
"70",0.002,"high_tall",2.056105,69,0.003,1,395
"71",0,"high_tall",6.41214,66,0,1,395
"72",0,"high_tall",6.269234,71,0,1,395
"73",0,"high_tall",5.663665,72,0,1,395
"74",0,"high_tall",5.24078,73,0,1,395
"75",0.001,"high_tall",4.301748,74,0,1,395
"76",0,"high_tall",3.424605,75,0.001,1,395
"77",0,"high_tall",3.407502,76,0,1,395
"78",0,"high_tall",2.77946,77,0,1,395
"79",0.001,"high_tall",1.913947,78,0,1,395
"80",0.001,"high_tall",3.530233,74,0,1,395
"81",0.001,"high_tall",2.771304,80,0.001,1,395
"82",0,"high_tall",1.722371,81,0.001,1,395
"83",0,"high_tall",0.583405,82,0,1,395
"84",0,"high_tall",0.987005,82,0,1,395
"85",0,"high_tall",0.43329,84,0,1,395
"86",0,"high_tall",0.822305,84,0,1,395
"87",0,"high_tall",0.875838,81,0.001,1,395
"88",0,"high_tall",1.497592,73,0,1,395
"89",0,"high_tall",0.949298,88,0,1,395
"90",0,"high_tall",0.538336,89,0,1,395
"91",0,"high_tall",0.760638,89,0,1,395
"92",0.003,"high_tall",6.800008,59,0.003,1,395
"93",0.002,"high_tall",4.984671,92,0.003,1,395
"94",0.001,"high_tall",4.495648,93,0.002,1,395
"95",0.002,"high_tall",3.436623,94,0.001,1,395
"96",0.001,"high_tall",3.575666,94,0.001,1,395
"97",0.002,"high_tall",2.469634,96,0.001,1,395
"BodicTshangla",0,"high_tall",0,92,0.003,1,395
"BurmishAchang",0,"high_tall",0,83,0,1,395
"BurmishAtsi",0,"high_tall",0,86,0,1,395
"BurmishBola",0,"high_tall",0,85,0,1,395
"BurmishLashi",0,"high_tall",0,86,0,1,395
"BurmishMaru",0,"high_tall",0,85,0,1,395
"BurmishOldBurmese",0,"high_tall",0.743435,87,0,1,395
"BurmishRangoon",0,"high_tall",0,87,0,1,395
"BurmishXiandao",0,"high_tall",0,83,0,1,395
"ChepangChepang",0,"high_tall",0,71,0,1,395
"ChinHakha",0,"high_tall",0,70,0.002,1,395
"DengDarangTaraon",0,"high_tall",0,58,0.006,1,395
"DengYidu",0,"high_tall",0,58,0.006,1,395
"GaroGaro",0,"high_tall",0,65,0.003,1,395
"JingphoJingpho",0,"high_tall",0,64,0.003,1,395
"Karbi",0,"high_tall",0,68,0.001,1,395
"KhroskyabsWobzi",0,"high_tall",0,78,0,1,395
"KirantiBantawa",0,"high_tall",0,95,0.002,1,395
"KirantiHayu",0,"high_tall",0,93,0.002,1,395
"KirantiKhaling",0,"high_tall",0,97,0.002,1,395
"KirantiKulung",0,"high_tall",0,97,0.002,1,395
"KirantiLimbu",0,"high_tall",0,95,0.002,1,395
"KirantiThulung",0,"high_tall",0,96,0.001,1,395
"LoloishLisu",0,"high_tall",0,80,0.001,1,395
"MizoLushai",0,"high_tall",0,70,0.002,1,395
"NagaUkhrul",0,"high_tall",0,69,0.003,1,395
"NungicDulong",0,"high_tall",0,72,0,1,395
"QiangicZhaba",0,"high_tall",0,75,0.001,1,395
"Rabha",0,"high_tall",0,65,0.003,1,395
"SiniticBeijing",1,"high_tall",0,53,1,1,395
"SiniticChaozhou",0,"high_tall",0,56,0.011,1,395
"SiniticGuangzhou",1,"high_tall",0,54,1,1,395
"SiniticJieyang",0,"high_tall",0,56,0.011,1,395
"SiniticLonggang",1,"high_tall",0,55,1,1,395
"SiniticOldChinese",1,"high_tall",2.676254,51,0.997,1,395
"SiniticXingning",1,"high_tall",0,55,1,1,395
"Tangut",0,"high_tall",0.899079,77,0,1,395
"TaniBokar",0,"high_tall",0,67,0,1,395
"TibetanAlike",0,"high_tall",0,90,0,1,395
"TibetanBatang",0,"high_tall",0,91,0,1,395
"TibetanLhasa",0,"high_tall",0,91,0,1,395
"TibetanOldTibetan",0,"high_tall",1.389444,88,0,1,395
"TibetanXiahe",0,"high_tall",0,90,0,1,395
"TibetoKinauriBunan",0,"high_tall",0,62,0.004,1,395
"TibetoKinauriByangsi",0,"high_tall",0,62,0.004,1,395
"TibetoKinauriRongpo",0,"high_tall",0,61,0.004,1,395
"rGyalrongDaofu",0,"high_tall",0,76,0,1,395
"rGyalrongJaphug",0,"high_tall",0,79,0.001,1,395
"rGyalrongMaerkang",0,"high_tall",0,79,0.001,1,395
"51",0.011,"high_tall",3.279725,50,0.014,1,396
"52",0.037,"high_tall",2.166195,51,0.011,1,396
"53",0.016,"high_tall",1.965,52,0.037,1,396
"54",0.004,"high_tall",1.493977,53,0.016,1,396
"55",0.001,"high_tall",0.896802,54,0.004,1,396
"56",0.999,"high_tall",0.381275,52,0.037,1,396
"57",0.005,"high_tall",8.305155,50,0.014,1,396
"58",0.004,"high_tall",2.431602,57,0.005,1,396
"59",0.001,"high_tall",7.315413,57,0.005,1,396
"60",0,"high_tall",7.214878,59,0.001,1,396
"61",0.003,"high_tall",5.06648,60,0,1,396
"62",0.004,"high_tall",4.467516,61,0.003,1,396
"63",0,"high_tall",6.728141,60,0,1,396
"64",0.003,"high_tall",5.787808,63,0,1,396
"65",0.003,"high_tall",2.368009,64,0.003,1,396
"66",0,"high_tall",6.577912,63,0,1,396
"67",0,"high_tall",6.465184,66,0,1,396
"68",0.001,"high_tall",5.950671,67,0,1,396
"69",0.003,"high_tall",4.894872,68,0.001,1,396
"70",0.002,"high_tall",2.056105,69,0.003,1,396
"71",0,"high_tall",6.41214,66,0,1,396
"72",0,"high_tall",6.269234,71,0,1,396
"73",0,"high_tall",5.663665,72,0,1,396
"74",0,"high_tall",5.24078,73,0,1,396
"75",0.001,"high_tall",4.301748,74,0,1,396
"76",0,"high_tall",3.424605,75,0.001,1,396
"77",0,"high_tall",3.407502,76,0,1,396
"78",0,"high_tall",2.77946,77,0,1,396
"79",0.001,"high_tall",1.913947,78,0,1,396
"80",0.001,"high_tall",3.530233,74,0,1,396
"81",0.001,"high_tall",2.771304,80,0.001,1,396
"82",0,"high_tall",1.722371,81,0.001,1,396
"83",0,"high_tall",0.583405,82,0,1,396
"84",0,"high_tall",0.987005,82,0,1,396
"85",0,"high_tall",0.43329,84,0,1,396
"86",0,"high_tall",0.822305,84,0,1,396
"87",0,"high_tall",0.875838,81,0.001,1,396
"88",0,"high_tall",1.497592,73,0,1,396
"89",0,"high_tall",0.949298,88,0,1,396
"90",0,"high_tall",0.538336,89,0,1,396
"91",0,"high_tall",0.760638,89,0,1,396
"92",0.001,"high_tall",6.800008,59,0.001,1,396
"93",0.001,"high_tall",4.984671,92,0.001,1,396
"94",0.001,"high_tall",4.495648,93,0.001,1,396
"95",0.002,"high_tall",3.436623,94,0.001,1,396
"96",0.001,"high_tall",3.575666,94,0.001,1,396
"97",0.001,"high_tall",2.469634,96,0.001,1,396
"BodicTshangla",0,"high_tall",0,92,0.001,1,396
"BurmishAchang",0,"high_tall",0,83,0,1,396
"BurmishAtsi",0,"high_tall",0,86,0,1,396
"BurmishBola",0,"high_tall",0,85,0,1,396
"BurmishLashi",0,"high_tall",0,86,0,1,396
"BurmishMaru",0,"high_tall",0,85,0,1,396
"BurmishOldBurmese",0,"high_tall",0.743435,87,0,1,396
"BurmishRangoon",0,"high_tall",0,87,0,1,396
"BurmishXiandao",0,"high_tall",0,83,0,1,396
"ChepangChepang",0,"high_tall",0,71,0,1,396
"ChinHakha",0,"high_tall",0,70,0.002,1,396
"DengDarangTaraon",0,"high_tall",0,58,0.004,1,396
"DengYidu",0,"high_tall",0,58,0.004,1,396
"GaroGaro",0,"high_tall",0,65,0.003,1,396
"JingphoJingpho",0,"high_tall",0,64,0.003,1,396
"Karbi",0,"high_tall",0,68,0.001,1,396
"KhroskyabsWobzi",0,"high_tall",0,78,0,1,396
"KirantiBantawa",0,"high_tall",0,95,0.002,1,396
"KirantiHayu",0,"high_tall",0,93,0.001,1,396
"KirantiKhaling",0,"high_tall",0,97,0.001,1,396
"KirantiKulung",0,"high_tall",0,97,0.001,1,396
"KirantiLimbu",0,"high_tall",0,95,0.002,1,396
"KirantiThulung",0,"high_tall",0,96,0.001,1,396
"LoloishLisu",0,"high_tall",0,80,0.001,1,396
"MizoLushai",0,"high_tall",0,70,0.002,1,396
"NagaUkhrul",0,"high_tall",0,69,0.003,1,396
"NungicDulong",0,"high_tall",0,72,0,1,396
"QiangicZhaba",0,"high_tall",0,75,0.001,1,396
"Rabha",0,"high_tall",0,65,0.003,1,396
"SiniticBeijing",0,"high_tall",0,53,0.016,1,396
"SiniticChaozhou",1,"high_tall",0,56,0.999,1,396
"SiniticGuangzhou",0,"high_tall",0,54,0.004,1,396
"SiniticJieyang",1,"high_tall",0,56,0.999,1,396
"SiniticLonggang",0,"high_tall",0,55,0.001,1,396
"SiniticOldChinese",0,"high_tall",2.676254,51,0.011,1,396
"SiniticXingning",0,"high_tall",0,55,0.001,1,396
"Tangut",0,"high_tall",0.899079,77,0,1,396
"TaniBokar",0,"high_tall",0,67,0,1,396
"TibetanAlike",0,"high_tall",0,90,0,1,396
"TibetanBatang",0,"high_tall",0,91,0,1,396
"TibetanLhasa",0,"high_tall",0,91,0,1,396
"TibetanOldTibetan",0,"high_tall",1.389444,88,0,1,396
"TibetanXiahe",0,"high_tall",0,90,0,1,396
"TibetoKinauriBunan",0,"high_tall",0,62,0.004,1,396
"TibetoKinauriByangsi",0,"high_tall",0,62,0.004,1,396
"TibetoKinauriRongpo",0,"high_tall",0,61,0.003,1,396
"rGyalrongDaofu",0,"high_tall",0,76,0,1,396
"rGyalrongJaphug",0,"high_tall",0,79,0.001,1,396
"rGyalrongMaerkang",0,"high_tall",0,79,0.001,1,396
"51",0.001,"high_tall",3.279725,50,0.015,1,397
"52",0,"high_tall",2.166195,51,0.001,1,397
"53",0,"high_tall",1.965,52,0,1,397
"54",0,"high_tall",1.493977,53,0,1,397
"55",0,"high_tall",0.896802,54,0,1,397
"56",0,"high_tall",0.381275,52,0,1,397
"57",0.007,"high_tall",8.305155,50,0.015,1,397
"58",0.004,"high_tall",2.431602,57,0.007,1,397
"59",0.004,"high_tall",7.315413,57,0.007,1,397
"60",0.004,"high_tall",7.214878,59,0.004,1,397
"61",0.005,"high_tall",5.06648,60,0.004,1,397
"62",0.005,"high_tall",4.467516,61,0.005,1,397
"63",0.008,"high_tall",6.728141,60,0.004,1,397
"64",0.008,"high_tall",5.787808,63,0.008,1,397
"65",0.003,"high_tall",2.368009,64,0.008,1,397
"66",0.012,"high_tall",6.577912,63,0.008,1,397
"67",0.04,"high_tall",6.465184,66,0.012,1,397
"68",0.245,"high_tall",5.950671,67,0.04,1,397
"69",0.279,"high_tall",4.894872,68,0.245,1,397
"70",0.036,"high_tall",2.056105,69,0.279,1,397
"71",0.009,"high_tall",6.41214,66,0.012,1,397
"72",0.007,"high_tall",6.269234,71,0.009,1,397
"73",0.003,"high_tall",5.663665,72,0.007,1,397
"74",0.002,"high_tall",5.24078,73,0.003,1,397
"75",0.001,"high_tall",4.301748,74,0.002,1,397
"76",0,"high_tall",3.424605,75,0.001,1,397
"77",0,"high_tall",3.407502,76,0,1,397
"78",0.001,"high_tall",2.77946,77,0,1,397
"79",0.001,"high_tall",1.913947,78,0.001,1,397
"80",0.001,"high_tall",3.530233,74,0.002,1,397
"81",0.001,"high_tall",2.771304,80,0.001,1,397
"82",0,"high_tall",1.722371,81,0.001,1,397
"83",0,"high_tall",0.583405,82,0,1,397
"84",0,"high_tall",0.987005,82,0,1,397
"85",0,"high_tall",0.43329,84,0,1,397
"86",0,"high_tall",0.822305,84,0,1,397
"87",0,"high_tall",0.875838,81,0.001,1,397
"88",0,"high_tall",1.497592,73,0.003,1,397
"89",0,"high_tall",0.949298,88,0,1,397
"90",0,"high_tall",0.538336,89,0,1,397
"91",0,"high_tall",0.760638,89,0,1,397
"92",0.004,"high_tall",6.800008,59,0.004,1,397
"93",0.002,"high_tall",4.984671,92,0.004,1,397
"94",0.001,"high_tall",4.495648,93,0.002,1,397
"95",0.002,"high_tall",3.436623,94,0.001,1,397
"96",0.001,"high_tall",3.575666,94,0.001,1,397
"97",0.002,"high_tall",2.469634,96,0.001,1,397
"BodicTshangla",0,"high_tall",0,92,0.004,1,397
"BurmishAchang",0,"high_tall",0,83,0,1,397
"BurmishAtsi",0,"high_tall",0,86,0,1,397
"BurmishBola",0,"high_tall",0,85,0,1,397
"BurmishLashi",0,"high_tall",0,86,0,1,397
"BurmishMaru",0,"high_tall",0,85,0,1,397
"BurmishOldBurmese",0,"high_tall",0.743435,87,0,1,397
"BurmishRangoon",0,"high_tall",0,87,0,1,397
"BurmishXiandao",0,"high_tall",0,83,0,1,397
"ChepangChepang",0,"high_tall",0,71,0.009,1,397
"ChinHakha",0,"high_tall",0,70,0.036,1,397
"DengDarangTaraon",0,"high_tall",0,58,0.004,1,397
"DengYidu",0,"high_tall",0,58,0.004,1,397
"GaroGaro",0,"high_tall",0,65,0.003,1,397
"JingphoJingpho",0,"high_tall",0,64,0.008,1,397
"Karbi",1,"high_tall",0,68,0.245,1,397
"KhroskyabsWobzi",0,"high_tall",0,78,0.001,1,397
"KirantiBantawa",0,"high_tall",0,95,0.002,1,397
"KirantiHayu",0,"high_tall",0,93,0.002,1,397
"KirantiKhaling",0,"high_tall",0,97,0.002,1,397
"KirantiKulung",0,"high_tall",0,97,0.002,1,397
"KirantiLimbu",0,"high_tall",0,95,0.002,1,397
"KirantiThulung",0,"high_tall",0,96,0.001,1,397
"LoloishLisu",0,"high_tall",0,80,0.001,1,397
"MizoLushai",0,"high_tall",0,70,0.036,1,397
"NagaUkhrul",1,"high_tall",0,69,0.279,1,397
"NungicDulong",0,"high_tall",0,72,0.007,1,397
"QiangicZhaba",0,"high_tall",0,75,0.001,1,397
"Rabha",0,"high_tall",0,65,0.003,1,397
"SiniticBeijing",0,"high_tall",0,53,0,1,397
"SiniticChaozhou",0,"high_tall",0,56,0,1,397
"SiniticGuangzhou",0,"high_tall",0,54,0,1,397
"SiniticJieyang",0,"high_tall",0,56,0,1,397
"SiniticLonggang",0,"high_tall",0,55,0,1,397
"SiniticOldChinese",0,"high_tall",2.676254,51,0.001,1,397
"SiniticXingning",0,"high_tall",0,55,0,1,397
"Tangut",0,"high_tall",0.899079,77,0,1,397
"TaniBokar",0,"high_tall",0,67,0.04,1,397
"TibetanAlike",0,"high_tall",0,90,0,1,397
"TibetanBatang",0,"high_tall",0,91,0,1,397
"TibetanLhasa",0,"high_tall",0,91,0,1,397
"TibetanOldTibetan",0,"high_tall",1.389444,88,0,1,397
"TibetanXiahe",0,"high_tall",0,90,0,1,397
"TibetoKinauriBunan",0,"high_tall",0,62,0.005,1,397
"TibetoKinauriByangsi",0,"high_tall",0,62,0.005,1,397
"TibetoKinauriRongpo",0,"high_tall",0,61,0.005,1,397
"rGyalrongDaofu",0,"high_tall",0,76,0,1,397
"rGyalrongJaphug",0,"high_tall",0,79,0.001,1,397
"rGyalrongMaerkang",0,"high_tall",0,79,0.001,1,397
"51",0.001,"high_tall",3.279725,50,0.06,1,398
"52",0,"high_tall",2.166195,51,0.001,1,398
"53",0,"high_tall",1.965,52,0,1,398
"54",0,"high_tall",1.493977,53,0,1,398
"55",0,"high_tall",0.896802,54,0,1,398
"56",0,"high_tall",0.381275,52,0,1,398
"57",0.075,"high_tall",8.305155,50,0.06,1,398
"58",0.981,"high_tall",2.431602,57,0.075,1,398
"59",0.006,"high_tall",7.315413,57,0.075,1,398
"60",0.004,"high_tall",7.214878,59,0.006,1,398
"61",0.005,"high_tall",5.06648,60,0.004,1,398
"62",0.005,"high_tall",4.467516,61,0.005,1,398
"63",0.001,"high_tall",6.728141,60,0.004,1,398
"64",0.003,"high_tall",5.787808,63,0.001,1,398
"65",0.003,"high_tall",2.368009,64,0.003,1,398
"66",0,"high_tall",6.577912,63,0.001,1,398
"67",0.001,"high_tall",6.465184,66,0,1,398
"68",0.001,"high_tall",5.950671,67,0.001,1,398
"69",0.003,"high_tall",4.894872,68,0.001,1,398
"70",0.002,"high_tall",2.056105,69,0.003,1,398
"71",0,"high_tall",6.41214,66,0,1,398
"72",0,"high_tall",6.269234,71,0,1,398
"73",0,"high_tall",5.663665,72,0,1,398
"74",0,"high_tall",5.24078,73,0,1,398
"75",0.001,"high_tall",4.301748,74,0,1,398
"76",0,"high_tall",3.424605,75,0.001,1,398
"77",0,"high_tall",3.407502,76,0,1,398
"78",0,"high_tall",2.77946,77,0,1,398
"79",0.001,"high_tall",1.913947,78,0,1,398
"80",0.001,"high_tall",3.530233,74,0,1,398
"81",0.001,"high_tall",2.771304,80,0.001,1,398
"82",0,"high_tall",1.722371,81,0.001,1,398
"83",0,"high_tall",0.583405,82,0,1,398
"84",0,"high_tall",0.987005,82,0,1,398
"85",0,"high_tall",0.43329,84,0,1,398
"86",0,"high_tall",0.822305,84,0,1,398
"87",0,"high_tall",0.875838,81,0.001,1,398
"88",0,"high_tall",1.497592,73,0,1,398
"89",0,"high_tall",0.949298,88,0,1,398
"90",0,"high_tall",0.538336,89,0,1,398
"91",0,"high_tall",0.760638,89,0,1,398
"92",0.005,"high_tall",6.800008,59,0.006,1,398
"93",0.002,"high_tall",4.984671,92,0.005,1,398
"94",0.001,"high_tall",4.495648,93,0.002,1,398
"95",0.002,"high_tall",3.436623,94,0.001,1,398
"96",0.001,"high_tall",3.575666,94,0.001,1,398
"97",0.002,"high_tall",2.469634,96,0.001,1,398
"BodicTshangla",0,"high_tall",0,92,0.005,1,398
"BurmishAchang",0,"high_tall",0,83,0,1,398
"BurmishAtsi",0,"high_tall",0,86,0,1,398
"BurmishBola",0,"high_tall",0,85,0,1,398
"BurmishLashi",0,"high_tall",0,86,0,1,398
"BurmishMaru",0,"high_tall",0,85,0,1,398
"BurmishOldBurmese",0,"high_tall",0.743435,87,0,1,398
"BurmishRangoon",0,"high_tall",0,87,0,1,398
"BurmishXiandao",0,"high_tall",0,83,0,1,398
"ChepangChepang",0,"high_tall",0,71,0,1,398
"ChinHakha",0,"high_tall",0,70,0.002,1,398
"DengDarangTaraon",1,"high_tall",0,58,0.981,1,398
"DengYidu",1,"high_tall",0,58,0.981,1,398
"GaroGaro",0,"high_tall",0,65,0.003,1,398
"JingphoJingpho",0,"high_tall",0,64,0.003,1,398
"Karbi",0,"high_tall",0,68,0.001,1,398
"KhroskyabsWobzi",0,"high_tall",0,78,0,1,398
"KirantiBantawa",0,"high_tall",0,95,0.002,1,398
"KirantiHayu",0,"high_tall",0,93,0.002,1,398
"KirantiKhaling",0,"high_tall",0,97,0.002,1,398
"KirantiKulung",0,"high_tall",0,97,0.002,1,398
"KirantiLimbu",0,"high_tall",0,95,0.002,1,398
"KirantiThulung",0,"high_tall",0,96,0.001,1,398
"LoloishLisu",0,"high_tall",0,80,0.001,1,398
"MizoLushai",0,"high_tall",0,70,0.002,1,398
"NagaUkhrul",0,"high_tall",0,69,0.003,1,398
"NungicDulong",0,"high_tall",0,72,0,1,398
"QiangicZhaba",0,"high_tall",0,75,0.001,1,398
"Rabha",0,"high_tall",0,65,0.003,1,398
"SiniticBeijing",0,"high_tall",0,53,0,1,398
"SiniticChaozhou",0,"high_tall",0,56,0,1,398
"SiniticGuangzhou",0,"high_tall",0,54,0,1,398
"SiniticJieyang",0,"high_tall",0,56,0,1,398
"SiniticLonggang",0,"high_tall",0,55,0,1,398
"SiniticOldChinese",0,"high_tall",2.676254,51,0.001,1,398
"SiniticXingning",0,"high_tall",0,55,0,1,398
"Tangut",0,"high_tall",0.899079,77,0,1,398
"TaniBokar",0,"high_tall",0,67,0.001,1,398
"TibetanAlike",0,"high_tall",0,90,0,1,398
"TibetanBatang",0,"high_tall",0,91,0,1,398
"TibetanLhasa",0,"high_tall",0,91,0,1,398
"TibetanOldTibetan",0,"high_tall",1.389444,88,0,1,398
"TibetanXiahe",0,"high_tall",0,90,0,1,398
"TibetoKinauriBunan",0,"high_tall",0,62,0.005,1,398
"TibetoKinauriByangsi",0,"high_tall",0,62,0.005,1,398
"TibetoKinauriRongpo",0,"high_tall",0,61,0.005,1,398
"rGyalrongDaofu",0,"high_tall",0,76,0,1,398
"rGyalrongJaphug",0,"high_tall",0,79,0.001,1,398
"rGyalrongMaerkang",0,"high_tall",0,79,0.001,1,398
"51",0.001,"high_tall",3.279725,50,0.014,1,401
"52",0,"high_tall",2.166195,51,0.001,1,401
"53",0,"high_tall",1.965,52,0,1,401
"54",0,"high_tall",1.493977,53,0,1,401
"55",0,"high_tall",0.896802,54,0,1,401
"56",0,"high_tall",0.381275,52,0,1,401
"57",0.006,"high_tall",8.305155,50,0.014,1,401
"58",0.004,"high_tall",2.431602,57,0.006,1,401
"59",0.002,"high_tall",7.315413,57,0.006,1,401
"60",0.002,"high_tall",7.214878,59,0.002,1,401
"61",0.004,"high_tall",5.06648,60,0.002,1,401
"62",0.004,"high_tall",4.467516,61,0.004,1,401
"63",0.004,"high_tall",6.728141,60,0.002,1,401
"64",0.108,"high_tall",5.787808,63,0.004,1,401
"65",0.975,"high_tall",2.368009,64,0.108,1,401
"66",0.002,"high_tall",6.577912,63,0.004,1,401
"67",0.002,"high_tall",6.465184,66,0.002,1,401
"68",0.002,"high_tall",5.950671,67,0.002,1,401
"69",0.003,"high_tall",4.894872,68,0.002,1,401
"70",0.002,"high_tall",2.056105,69,0.003,1,401
"71",0.001,"high_tall",6.41214,66,0.002,1,401
"72",0.001,"high_tall",6.269234,71,0.001,1,401
"73",0.001,"high_tall",5.663665,72,0.001,1,401
"74",0.001,"high_tall",5.24078,73,0.001,1,401
"75",0.001,"high_tall",4.301748,74,0.001,1,401
"76",0,"high_tall",3.424605,75,0.001,1,401
"77",0,"high_tall",3.407502,76,0,1,401
"78",0,"high_tall",2.77946,77,0,1,401
"79",0.001,"high_tall",1.913947,78,0,1,401
"80",0.001,"high_tall",3.530233,74,0.001,1,401
"81",0.001,"high_tall",2.771304,80,0.001,1,401
"82",0,"high_tall",1.722371,81,0.001,1,401
"83",0,"high_tall",0.583405,82,0,1,401
"84",0,"high_tall",0.987005,82,0,1,401
"85",0,"high_tall",0.43329,84,0,1,401
"86",0,"high_tall",0.822305,84,0,1,401
"87",0,"high_tall",0.875838,81,0.001,1,401
"88",0,"high_tall",1.497592,73,0.001,1,401
"89",0,"high_tall",0.949298,88,0,1,401
"90",0,"high_tall",0.538336,89,0,1,401
"91",0,"high_tall",0.760638,89,0,1,401
"92",0.002,"high_tall",6.800008,59,0.002,1,401
"93",0.002,"high_tall",4.984671,92,0.002,1,401
"94",0.001,"high_tall",4.495648,93,0.002,1,401
"95",0.002,"high_tall",3.436623,94,0.001,1,401
"96",0.001,"high_tall",3.575666,94,0.001,1,401
"97",0.002,"high_tall",2.469634,96,0.001,1,401
"BodicTshangla",0,"high_tall",0,92,0.002,1,401
"BurmishAchang",0,"high_tall",0,83,0,1,401
"BurmishAtsi",0,"high_tall",0,86,0,1,401
"BurmishBola",0,"high_tall",0,85,0,1,401
"BurmishLashi",0,"high_tall",0,86,0,1,401
"BurmishMaru",0,"high_tall",0,85,0,1,401
"BurmishOldBurmese",0,"high_tall",0.743435,87,0,1,401
"BurmishRangoon",0,"high_tall",0,87,0,1,401
"BurmishXiandao",0,"high_tall",0,83,0,1,401
"ChepangChepang",0,"high_tall",0,71,0.001,1,401
"ChinHakha",0,"high_tall",0,70,0.002,1,401
"DengDarangTaraon",0,"high_tall",0,58,0.004,1,401
"DengYidu",0,"high_tall",0,58,0.004,1,401
"GaroGaro",1,"high_tall",0,65,0.975,1,401
"JingphoJingpho",0,"high_tall",0,64,0.108,1,401
"Karbi",0,"high_tall",0,68,0.002,1,401
"KhroskyabsWobzi",0,"high_tall",0,78,0,1,401
"KirantiBantawa",0,"high_tall",0,95,0.002,1,401
"KirantiHayu",0,"high_tall",0,93,0.002,1,401
"KirantiKhaling",0,"high_tall",0,97,0.002,1,401
"KirantiKulung",0,"high_tall",0,97,0.002,1,401
"KirantiLimbu",0,"high_tall",0,95,0.002,1,401
"KirantiThulung",0,"high_tall",0,96,0.001,1,401
"LoloishLisu",0,"high_tall",0,80,0.001,1,401
"MizoLushai",0,"high_tall",0,70,0.002,1,401
"NagaUkhrul",0,"high_tall",0,69,0.003,1,401
"NungicDulong",0,"high_tall",0,72,0.001,1,401
"QiangicZhaba",0,"high_tall",0,75,0.001,1,401
"Rabha",1,"high_tall",0,65,0.975,1,401
"SiniticBeijing",0,"high_tall",0,53,0,1,401
"SiniticChaozhou",0,"high_tall",0,56,0,1,401
"SiniticGuangzhou",0,"high_tall",0,54,0,1,401
"SiniticJieyang",0,"high_tall",0,56,0,1,401
"SiniticLonggang",0,"high_tall",0,55,0,1,401
"SiniticOldChinese",0,"high_tall",2.676254,51,0.001,1,401
"SiniticXingning",0,"high_tall",0,55,0,1,401
"Tangut",0,"high_tall",0.899079,77,0,1,401
"TaniBokar",0,"high_tall",0,67,0.002,1,401
"TibetanAlike",0,"high_tall",0,90,0,1,401
"TibetanBatang",0,"high_tall",0,91,0,1,401
"TibetanLhasa",0,"high_tall",0,91,0,1,401
"TibetanOldTibetan",0,"high_tall",1.389444,88,0,1,401
"TibetanXiahe",0,"high_tall",0,90,0,1,401
"TibetoKinauriBunan",0,"high_tall",0,62,0.004,1,401
"TibetoKinauriByangsi",0,"high_tall",0,62,0.004,1,401
"TibetoKinauriRongpo",0,"high_tall",0,61,0.004,1,401
"rGyalrongDaofu",0,"high_tall",0,76,0,1,401
"rGyalrongJaphug",0,"high_tall",0,79,0.001,1,401
"rGyalrongMaerkang",0,"high_tall",0,79,0.001,1,401
