trait,sens,mean_value,trait_num,max_value,ratio_value_max,n_traits,mean_outgroup
3,I_first_person_singular,5.408,3,5.408,1,15,0.2
4,I_first_person_singular,3.917,4,5.408,0.724,15,0.2
8,I_first_person_singular,2.599,8,5.408,0.481,15,0.2
11,I_first_person_singular,2.068,11,5.408,0.382,15,0.2
12,I_first_person_singular,2.88,12,5.408,0.533,15,0.2
18,big,1.324,18,3.156,0.42,35,0.2
24,big,2.287,24,3.156,0.725,35,0.2
27,big,2.068,27,3.156,0.655,35,0.2
28,big,3.156,28,3.156,1,35,0.2
42,big,1.641,42,3.156,0.52,35,0.2
52,black,3.576,52,5.45,0.656,19,0.4
56,black,5.45,56,5.45,1,19,0.4
57,black,3.156,57,5.45,0.579,19,0.4
60,black,2.075,60,5.45,0.381,19,0.4
65,black,3.709,65,5.45,0.68,19,0.4
72,cold_of_temperature,4.654,72,4.654,1,32,0.2
73,cold_of_temperature,3.923,73,4.654,0.843,32,0.2
78,cold_of_temperature,3.156,78,4.654,0.678,32,0.2
79,cold_of_temperature,1.595,79,4.654,0.343,32,0.2
81,cold_of_temperature,2.94,81,4.654,0.632,32,0.2
83,cold_of_temperature,0.81,83,4.654,0.174,32,0.2
84,cold_of_temperature,2.58,84,4.654,0.554,32,0.2
88,cold_of_temperature,0.289,88,4.654,0.062,32,0.2
90,cold_of_temperature,2.632,90,4.654,0.566,32,0.2
96,cold_of_temperature,0.738,96,4.654,0.159,32,0.2
106,dirty,1.324,106,3.156,0.42,38,0.375
108,dirty,0.491,108,3.156,0.155,38,0.375
110,dirty,0.398,110,3.156,0.126,38,0.375
113,dirty,2.22,113,3.156,0.703,38,0.375
114,dirty,0.738,114,3.156,0.234,38,0.375
117,dirty,0.289,117,3.156,0.092,38,0.375
118,dirty,0.289,118,3.156,0.092,38,0.375
119,dirty,3.156,119,3.156,1,38,0.375
141,dry,2.15,141,3.156,0.681,29,0.167
147,dry,2.832,147,3.156,0.897,29,0.167
149,dry,2.932,149,3.156,0.929,29,0.167
150,dry,0.732,150,3.156,0.232,29,0.167
152,dry,1.364,152,3.156,0.432,29,0.167
153,dry,2.22,153,3.156,0.703,29,0.167
154,dry,2.068,154,3.156,0.655,29,0.167
155,dry,2.174,155,3.156,0.689,29,0.167
158,dry,3.156,158,3.156,1,29,0.167
159,dry,0.289,159,3.156,0.092,29,0.167
161,dry,1.953,161,3.156,0.619,29,0.167
166,dry,2.599,166,3.156,0.823,29,0.167
170,early,1.324,170,3.156,0.42,24,0.25
174,early,2.892,174,3.156,0.916,24,0.25
175,early,3.095,175,3.156,0.981,24,0.25
179,early,3.156,179,3.156,1,24,0.25
194,eight,5.709,194,5.709,1,8,0.5
196,eight,1.953,196,5.709,0.342,8,0.5
202,far,3.938,202,3.938,1,29,0.143
203,far,1.324,203,3.938,0.336,29,0.143
206,far,1.583,206,3.938,0.402,29,0.143
207,far,3.101,207,3.938,0.788,29,0.143
211,far,3.156,211,3.938,0.802,29,0.143
218,far,2.068,218,3.938,0.525,29,0.143
221,far,2.599,221,3.938,0.66,29,0.143
232,five,6.964,232,6.964,1,3,1
236,full,3.289,236,3.335,0.986,17,0.333
240,full,1.324,240,3.335,0.397,17,0.333
241,full,2.932,241,3.335,0.879,17,0.333
242,full,2.068,242,3.335,0.62,17,0.333
244,full,3.335,244,3.335,1,17,0.333
245,full,2.075,245,3.335,0.622,17,0.333
256,good,1.953,256,4.973,0.393,36,0.25
257,good,4.973,257,4.973,1,36,0.25
259,good,0.738,259,4.973,0.148,36,0.25
260,good,1.574,260,4.973,0.317,36,0.25
261,good,0.81,261,4.973,0.163,36,0.25
266,good,3.156,266,4.973,0.635,36,0.25
267,good,2.953,267,4.973,0.594,36,0.25
283,good,2.599,283,4.973,0.523,36,0.25
289,green,3.936,289,5.282,0.745,23,0.143
291,green,0.81,291,5.282,0.153,23,0.143
292,green,4.872,292,5.282,0.922,23,0.143
293,green,0.738,293,5.282,0.14,23,0.143
294,green,5.282,294,5.282,1,23,0.143
295,green,1.953,295,5.282,0.37,23,0.143
297,green,3.156,297,5.282,0.597,23,0.143
312,hard,1.94,312,5.329,0.364,27,0.125
313,hard,2.928,313,5.329,0.549,27,0.125
316,hard,5.329,316,5.329,1,27,0.125
318,hard,3.769,318,5.329,0.707,27,0.125
319,hard,0.398,319,5.329,0.075,27,0.125
321,hard,0.738,321,5.329,0.138,27,0.125
322,hard,0.802,322,5.329,0.151,27,0.125
323,hard,2.075,323,5.329,0.389,27,0.125
343,he_or_she_third_person_singular,2.88,343,2.88,1,32,0.25
345,he_or_she_third_person_singular,1.593,345,2.88,0.553,32,0.25
346,he_or_she_third_person_singular,1.555,346,2.88,0.54,32,0.25
347,he_or_she_third_person_singular,0.738,347,2.88,0.256,32,0.25
352,he_or_she_third_person_singular,2.804,352,2.88,0.973,32,0.25
353,he_or_she_third_person_singular,2.068,353,2.88,0.718,32,0.25
356,he_or_she_third_person_singular,1.678,356,2.88,0.582,32,0.25
368,he_or_she_third_person_singular,0.289,368,2.88,0.1,32,0.25
371,heavy,3.156,371,6.556,0.481,15,0.5
378,heavy,6.556,378,6.556,1,15,0.5
386,high_tall,1.324,386,4.964,0.267,21,0.25
390,high_tall,2.974,390,4.964,0.599,21,0.25
393,high_tall,4.964,393,4.964,1,21,0.25
394,high_tall,2.068,394,4.964,0.416,21,0.25
395,high_tall,3.156,395,4.964,0.636,21,0.25
396,high_tall,0.289,396,4.964,0.058,21,0.25
398,high_tall,1.953,398,4.964,0.393,21,0.25
401,high_tall,2.599,401,4.964,0.523,21,0.25
411,hot,2.183,411,3.156,0.692,34,0.111
412,hot,0.732,412,3.156,0.232,34,0.111
414,hot,1.953,414,3.156,0.619,34,0.111
416,hot,0.491,416,3.156,0.155,34,0.111
417,hot,0.398,417,3.156,0.126,34,0.111
422,hot,3.156,422,3.156,1,34,0.111
434,hot,2.599,434,3.156,0.823,34,0.111
435,hot,2.549,435,3.156,0.808,34,0.111
437,hot,2.902,437,3.156,0.919,34,0.111
441,inside,1.324,441,2.975,0.445,29,0.143
445,inside,2.975,445,2.975,1,29,0.143
447,inside,1.555,447,2.975,0.523,29,0.143
449,inside,2.068,449,2.975,0.695,29,0.143
451,inside,2.065,451,2.975,0.694,29,0.143
459,inside,0.736,459,2.975,0.247,29,0.143
461,inside,1.953,461,2.975,0.657,29,0.143
470,late,1.324,470,3.864,0.343,37,0.111
473,late,3.864,473,3.864,1,37,0.111
477,late,0.731,477,3.864,0.189,37,0.111
478,late,0.738,478,3.864,0.191,37,0.111
483,late,3.156,483,3.864,0.817,37,0.111
487,late,0.707,487,3.864,0.183,37,0.111
489,late,1.953,489,3.864,0.505,37,0.111
490,late,1.625,490,3.864,0.421,37,0.111
497,late,2.068,497,3.864,0.535,37,0.111
507,left,1.324,507,3.918,0.338,28,0.2
510,left,3.038,510,3.918,0.775,28,0.2
512,left,3.918,512,3.918,1,28,0.2
515,left,0.398,515,3.918,0.102,28,0.2
517,left,3.156,517,3.918,0.806,28,0.2
535,light_of_weight,2.568,535,4.011,0.64,13,0.2
536,light_of_weight,0.738,536,4.011,0.184,13,0.2
537,light_of_weight,0.732,537,4.011,0.182,13,0.2
538,light_of_weight,3.156,538,4.011,0.787,13,0.2
545,light_of_weight,4.011,545,4.011,1,13,0.2
551,long,5.271,551,5.271,1,30,0.25
561,long,3.156,561,5.271,0.599,30,0.25
568,long,1.953,568,5.271,0.371,30,0.25
570,long,2.599,570,5.271,0.493,30,0.25
578,many,2.068,578,3.156,0.655,38,0.333
584,many,1.586,584,3.156,0.503,38,0.333
585,many,3.101,585,3.156,0.983,38,0.333
590,many,1.324,590,3.156,0.42,38,0.333
591,many,3.156,591,3.156,1,38,0.333
592,many,0.289,592,3.156,0.092,38,0.333
616,middle,2.068,616,3.156,0.655,31,0.143
617,middle,1.324,617,3.156,0.42,31,0.143
621,middle,1.324,621,3.156,0.42,31,0.143
622,middle,3.139,622,3.156,0.995,31,0.143
623,middle,1.555,623,3.156,0.493,31,0.143
625,middle,0.733,625,3.156,0.232,31,0.143
628,middle,3.156,628,3.156,1,31,0.143
648,morning,3.101,648,3.509,0.884,30,0.333
654,morning,2.576,654,3.509,0.734,30,0.333
655,morning,1.324,655,3.509,0.377,30,0.333
656,morning,1.592,656,3.509,0.454,30,0.333
661,morning,2.026,661,3.509,0.577,30,0.333
662,morning,0.289,662,3.509,0.082,30,0.333
664,morning,3.509,664,3.509,1,30,0.333
670,morning,3.144,670,3.509,0.896,30,0.333
673,morning,1.953,673,3.509,0.557,30,0.333
682,narrow,3.793,682,3.793,1,31,0.286
683,narrow,1.324,683,3.793,0.349,31,0.286
684,narrow,0.491,684,3.793,0.129,31,0.286
685,narrow,0.732,685,3.793,0.193,31,0.286
686,narrow,0.738,686,3.793,0.195,31,0.286
690,narrow,1.711,690,3.793,0.451,31,0.286
691,narrow,3.156,691,3.793,0.832,31,0.286
708,near,4.279,708,4.279,1,27,0.4
714,near,0.732,714,4.279,0.171,27,0.4
715,near,1.584,715,4.279,0.37,27,0.4
721,near,2.075,721,4.279,0.485,27,0.4
727,near,2.911,727,4.279,0.68,27,0.4
735,new,4.112,735,4.714,0.872,19,0.2
736,new,4.714,736,4.714,1,19,0.2
738,new,4.487,738,4.714,0.952,19,0.2
740,new,3.156,740,4.714,0.669,19,0.2
744,new,1.953,744,4.714,0.414,19,0.2
754,nine,5.237,754,5.237,1,6,0.5
755,nine,3.012,755,5.237,0.575,6,0.5
760,old_of_person,3.936,760,4.197,0.938,33,0.167
763,old_of_person,1.324,763,4.197,0.316,33,0.167
766,old_of_person,0.738,766,4.197,0.176,33,0.167
767,old_of_person,3.101,767,4.197,0.739,33,0.167
771,old_of_person,3.156,771,4.197,0.752,33,0.167
772,old_of_person,4.197,772,4.197,1,33,0.167
795,one,5.427,795,5.427,1,15,0.333
798,one,2.244,798,5.427,0.413,15,0.333
799,one,3.156,799,5.427,0.581,15,0.333
800,one,0.289,800,5.427,0.053,15,0.333
802,one,3.139,802,5.427,0.578,15,0.333
805,one,2.599,805,5.427,0.479,15,0.333
809,outside,1.324,809,3.156,0.42,35,0.143
813,outside,3.026,813,3.156,0.959,35,0.143
816,outside,0.491,816,3.156,0.155,35,0.143
817,outside,0.537,817,3.156,0.17,35,0.143
818,outside,0.738,818,3.156,0.234,35,0.143
821,outside,3.156,821,3.156,1,35,0.143
828,outside,1.953,828,3.156,0.619,35,0.143
843,red,2.068,843,4.714,0.439,20,0.125
844,red,4.714,844,4.714,1,20,0.125
846,red,2.975,846,4.714,0.631,20,0.125
848,red,1.324,848,4.714,0.281,20,0.125
849,red,4.485,849,4.714,0.951,20,0.125
851,red,2.075,851,4.714,0.44,20,0.125
854,red,1.953,854,4.714,0.414,20,0.125
861,red,2.599,861,4.714,0.551,20,0.125
867,right,3.931,867,3.931,1,23,0.2
868,right,2.9,868,3.931,0.738,23,0.2
873,right,3.156,873,3.931,0.803,23,0.2
878,right,1.953,878,3.931,0.497,23,0.2
882,right,3.332,882,3.931,0.848,23,0.2
886,round,1.324,886,3.156,0.42,31,0.167
888,round,1.357,888,3.156,0.43,31,0.167
890,round,2.974,890,3.156,0.942,31,0.167
895,round,0.732,895,3.156,0.232,31,0.167
899,round,3.156,899,3.156,1,31,0.167
908,round,2.22,908,3.156,0.703,31,0.167
917,seven,4.946,917,4.946,1,10,0.25
918,seven,3.895,918,4.946,0.787,10,0.25
920,seven,1.324,920,4.946,0.268,10,0.25
921,seven,1.953,921,4.946,0.395,10,0.25
927,sharp,2.195,927,4.714,0.466,25,0.143
928,sharp,4.714,928,4.714,1,25,0.143
929,sharp,2.986,929,4.714,0.633,25,0.143
934,sharp,1.586,934,4.714,0.336,25,0.143
941,sharp,3.156,941,4.714,0.669,25,0.143
942,sharp,1.324,942,4.714,0.281,25,0.143
944,sharp,1.953,944,4.714,0.414,25,0.143
952,short,0.738,952,4.714,0.157,26,0.125
954,short,2.224,954,4.714,0.472,26,0.125
955,short,0.467,955,4.714,0.099,26,0.125
956,short,0.398,956,4.714,0.084,26,0.125
964,short,1.324,964,4.714,0.281,26,0.125
965,short,3.139,965,4.714,0.666,26,0.125
969,short,4.714,969,4.714,1,26,0.125
971,short,3.156,971,4.714,0.669,26,0.125
978,six,6.034,978,6.034,1,5,1
983,small,3.149,983,3.793,0.83,30,0.333
985,small,3.793,985,3.793,1,30,0.333
987,small,2.355,987,3.793,0.621,30,0.333
990,small,1.324,990,3.793,0.349,30,0.333
997,small,3.156,997,3.793,0.832,30,0.333
1004,small,2.83,1004,3.793,0.746,30,0.333
1013,soft,2.068,1013,3.148,0.657,35,0.222
1018,soft,1.324,1018,3.148,0.421,35,0.222
1020,soft,0.491,1020,3.148,0.156,35,0.222
1021,soft,1.324,1021,3.148,0.421,35,0.222
1022,soft,0.738,1022,3.148,0.234,35,0.222
1026,soft,2.075,1026,3.148,0.659,35,0.222
1030,soft,3.148,1030,3.148,1,35,0.222
1033,soft,2.486,1033,3.148,0.79,35,0.222
1035,soft,2.83,1035,3.148,0.899,35,0.222
1054,straight,1.518,1054,3.156,0.481,34,0.143
1055,straight,0.731,1055,3.156,0.232,34,0.143
1057,straight,2.9,1057,3.156,0.919,34,0.143
1059,straight,0.738,1059,3.156,0.234,34,0.143
1062,straight,1.324,1062,3.156,0.42,34,0.143
1064,straight,3.156,1064,3.156,1,34,0.143
1075,straight,2.599,1075,3.156,0.823,34,0.143
1082,ten,4.219,1082,4.219,1,15,0.167
1083,ten,1.324,1083,4.219,0.314,15,0.167
1084,ten,3.17,1084,4.219,0.751,15,0.167
1087,ten,3.571,1087,4.219,0.846,15,0.167
1088,ten,2.972,1088,4.219,0.704,15,0.167
1090,ten,3.139,1090,4.219,0.744,15,0.167
1098,the_ant,4.654,1098,5.648,0.824,24,0.4
1099,the_ant,2.978,1099,5.648,0.527,24,0.4
1106,the_ant,3.156,1106,5.648,0.559,24,0.4
1107,the_ant,3.359,1107,5.648,0.595,24,0.4
1109,the_ant,5.648,1109,5.648,1,24,0.4
1123,the_bamboo,4.38,1123,4.38,1,22,0.2
1124,the_bamboo,2.928,1124,4.38,0.669,22,0.2
1125,the_bamboo,1.324,1125,4.38,0.302,22,0.2
1128,the_bamboo,3.156,1128,4.38,0.721,22,0.2
1131,the_bamboo,1.953,1131,4.38,0.446,22,0.2
1143,the_belly,3.917,1143,3.917,1,19,0.25
1144,the_belly,2.22,1144,3.917,0.567,19,0.25
1145,the_belly,0.707,1145,3.917,0.181,19,0.25
1146,the_belly,1.555,1146,3.917,0.397,19,0.25
1148,the_belly,1.324,1148,3.917,0.338,19,0.25
1151,the_belly,2.075,1151,3.917,0.53,19,0.25
1155,the_belly,2.025,1155,3.917,0.517,19,0.25
1159,the_belly,3.618,1159,3.917,0.924,19,0.25
1162,the_bird,1.324,1162,5.1,0.26,22,0.222
1165,the_bird,2.94,1165,5.1,0.576,22,0.222
1169,the_bird,3.101,1169,5.1,0.608,22,0.222
1172,the_bird,2.239,1172,5.1,0.439,22,0.222
1175,the_bird,1.953,1175,5.1,0.383,22,0.222
1177,the_bird,2.897,1177,5.1,0.568,22,0.222
1178,the_bird,3.202,1178,5.1,0.628,22,0.222
1179,the_bird,0.289,1179,5.1,0.057,22,0.222
1180,the_bird,5.1,1180,5.1,1,22,0.222
1184,the_blood,1.324,1184,6.612,0.2,6,0.25
1185,the_blood,3.156,1185,6.612,0.477,6,0.25
1186,the_blood,1.953,1186,6.612,0.295,6,0.25
1187,the_blood,6.612,1187,6.612,1,6,0.25
1190,the_bone,5.422,1190,5.422,1,15,0.5
1194,the_bone,3.156,1194,5.422,0.582,15,0.5
1205,the_branch,3.101,1205,3.156,0.983,27,0.143
1207,the_branch,2.911,1207,3.156,0.923,27,0.143
1208,the_branch,2.974,1208,3.156,0.942,27,0.143
1212,the_branch,1.953,1212,3.156,0.619,27,0.143
1213,the_branch,0.519,1213,3.156,0.164,27,0.143
1217,the_branch,3.156,1217,3.156,1,27,0.143
1224,the_branch,1.324,1224,3.156,0.42,27,0.143
1239,the_breast_female,0.289,1239,5.507,0.052,16,0.75
1241,the_breast_female,3.29,1241,5.507,0.597,16,0.75
1242,the_breast_female,1.414,1242,5.507,0.257,16,0.75
1244,the_breast_female,5.507,1244,5.507,1,16,0.75
1248,the_cloud,2.587,1248,3.793,0.682,19,0.167
1251,the_cloud,1.324,1251,3.793,0.349,19,0.167
1252,the_cloud,3.793,1252,3.793,1,19,0.167
1253,the_cloud,0.491,1253,3.793,0.129,19,0.167
1254,the_cloud,0.716,1254,3.793,0.189,19,0.167
1256,the_cloud,3.156,1256,3.793,0.832,19,0.167
1268,the_dew,1.324,1268,3.156,0.42,25,0.2
1271,the_dew,2.343,1271,3.156,0.742,25,0.2
1272,the_dew,0.491,1272,3.156,0.155,25,0.2
1274,the_dew,3.156,1274,3.156,1,25,0.2
1284,the_dew,2.935,1284,3.156,0.93,25,0.2
1293,the_dog,2.975,1293,8.235,0.361,11,0.5
1294,the_dog,2.88,1294,8.235,0.35,11,0.5
1296,the_dog,2.075,1296,8.235,0.252,11,0.5
1297,the_dog,8.235,1297,8.235,1,11,0.5
1303,the_dream,6.428,1303,6.428,1,6,0.5
1304,the_dream,1.324,1304,6.428,0.206,6,0.5
1309,the_dust,2.966,1309,5.558,0.534,21,0.25
1310,the_dust,0.81,1310,5.558,0.146,21,0.25
1312,the_dust,2.912,1312,5.558,0.524,21,0.25
1324,the_dust,5.558,1324,5.558,1,21,0.25
1330,the_ear,7.444,1330,7.444,1,6,0.5
1331,the_ear,3.938,1331,7.444,0.529,6,0.5
1336,the_earth_soil,1.324,1336,4.752,0.279,27,0.25
1338,the_earth_soil,3.864,1338,4.752,0.813,27,0.25
1339,the_earth_soil,2.88,1339,4.752,0.606,27,0.25
1341,the_earth_soil,2.287,1341,4.752,0.481,27,0.25
1342,the_earth_soil,3.156,1342,4.752,0.664,27,0.25
1343,the_earth_soil,0.289,1343,4.752,0.061,27,0.25
1347,the_earth_soil,4.71,1347,4.752,0.991,27,0.25
1349,the_earth_soil,4.752,1349,4.752,1,27,0.25
1363,the_egg,3.938,1363,5.307,0.742,20,0.333
1365,the_egg,1.324,1365,5.307,0.25,20,0.333
1366,the_egg,1.583,1366,5.307,0.298,20,0.333
1367,the_egg,3.101,1367,5.307,0.584,20,0.333
1369,the_egg,3.156,1369,5.307,0.595,20,0.333
1375,the_egg,5.307,1375,5.307,1,20,0.333
1383,the_eye,6.559,1383,6.559,1,6,1
1384,the_eye,1.758,1384,6.559,0.268,6,1
1389,the_feather,4.675,1389,4.675,1,19,0.143
1391,the_feather,2.975,1391,4.675,0.636,19,0.143
1392,the_feather,2.88,1392,4.675,0.616,19,0.143
1393,the_feather,1.324,1393,4.675,0.283,19,0.143
1394,the_feather,0.81,1394,4.675,0.173,19,0.143
1395,the_feather,1.629,1395,4.675,0.349,19,0.143
1396,the_feather,3.156,1396,4.675,0.675,19,0.143
1409,the_fire,0.491,1409,6.889,0.071,9,0.25
1410,the_fire,6.889,1410,6.889,1,9,0.25
1413,the_fire,4.721,1413,6.889,0.685,9,0.25
1415,the_fire,3.156,1415,6.889,0.458,9,0.25
1417,the_fish,4.21,1417,4.21,1,8,0.5
1418,the_fish,3.793,1418,4.21,0.901,8,0.5
1426,the_flea,3.917,1426,6.027,0.65,13,0.4
1427,the_flea,3.924,1427,6.027,0.651,13,0.4
1428,the_flea,6.027,1428,6.027,1,13,0.4
1429,the_flea,1.713,1429,6.027,0.284,13,0.4
1435,the_flea,3.281,1435,6.027,0.544,13,0.4
1438,the_flower,5.015,1438,5.015,1,21,0.143
1439,the_flower,1.324,1439,5.015,0.264,21,0.143
1441,the_flower,0.491,1441,5.015,0.098,21,0.143
1442,the_flower,3.156,1442,5.015,0.629,21,0.143
1445,the_flower,1.953,1445,5.015,0.389,21,0.143
1446,the_flower,0.732,1446,5.015,0.146,21,0.143
1448,the_flower,2.068,1448,5.015,0.412,21,0.143
1459,the_foot,4.36,1459,4.36,1,21,0.333
1462,the_foot,1.583,1462,4.36,0.363,21,0.333
1463,the_foot,1.324,1463,4.36,0.304,21,0.333
1464,the_foot,3.101,1464,4.36,0.711,21,0.333
1467,the_foot,3.156,1467,4.36,0.724,21,0.333
1468,the_foot,0.289,1468,4.36,0.066,21,0.333
1480,the_forest,3.974,1480,3.974,1,24,0.286
1482,the_forest,2.3,1482,3.974,0.579,24,0.286
1483,the_forest,1.324,1483,3.974,0.333,24,0.286
1484,the_forest,2.426,1484,3.974,0.611,24,0.286
1485,the_forest,3.156,1485,3.974,0.794,24,0.286
1497,the_forest,0.289,1497,3.974,0.073,24,0.286
1498,the_forest,2.814,1498,3.974,0.708,24,0.286
1504,the_frog,4.841,1504,5.281,0.917,19,0.4
1506,the_frog,5.281,1506,5.281,1,19,0.4
1511,the_frog,0.289,1511,5.281,0.055,19,0.4
1514,the_frog,2.832,1514,5.281,0.536,19,0.4
1516,the_frog,3.156,1516,5.281,0.598,19,0.4
1523,the_front_front_side,2.08,1523,4.433,0.469,20,0.167
1528,the_front_front_side,0.491,1528,4.433,0.111,20,0.167
1529,the_front_front_side,2.17,1529,4.433,0.49,20,0.167
1530,the_front_front_side,2.075,1530,4.433,0.468,20,0.167
1534,the_front_front_side,1.324,1534,4.433,0.299,20,0.167
1539,the_front_front_side,4.433,1539,4.433,1,20,0.167
1543,the_fruit,1.99,1543,5.865,0.339,17,0.2
1545,the_fruit,1.324,1545,5.865,0.226,17,0.2
1546,the_fruit,2.075,1546,5.865,0.354,17,0.2
1549,the_fruit,5.865,1549,5.865,1,17,0.2
1553,the_fruit,2.486,1553,5.865,0.424,17,0.2
1561,the_goat,3.917,1561,4.485,0.873,23,0.125
1562,the_goat,0.81,1562,4.485,0.181,23,0.125
1563,the_goat,3.94,1563,4.485,0.879,23,0.125
1564,the_goat,4.485,1564,4.485,1,23,0.125
1565,the_goat,0.491,1565,4.485,0.109,23,0.125
1568,the_goat,3.156,1568,4.485,0.704,23,0.125
1569,the_goat,3.654,1569,4.485,0.815,23,0.125
1570,the_goat,1.953,1570,4.485,0.436,23,0.125
1584,the_grass,4.721,1584,4.721,1,26,0.143
1587,the_grass,3.156,1587,4.721,0.668,26,0.143
1588,the_grass,3.087,1588,4.721,0.654,26,0.143
1589,the_grass,0.491,1589,4.721,0.104,26,0.143
1591,the_grass,0.732,1591,4.721,0.155,26,0.143
1592,the_grass,3.171,1592,4.721,0.672,26,0.143
1601,the_grass,2.599,1601,4.721,0.55,26,0.143
1609,the_hail,2.905,1609,3.156,0.92,26,0.286
1612,the_hail,1.555,1612,3.156,0.493,26,0.286
1613,the_hail,2.932,1613,3.156,0.929,26,0.286
1614,the_hail,0.738,1614,3.156,0.234,26,0.286
1616,the_hail,3.156,1616,3.156,1,26,0.286
1618,the_hail,1.953,1618,3.156,0.619,26,0.286
1624,the_hail,2.777,1624,3.156,0.88,26,0.286
1635,the_hair_of_the_head,1.324,1635,3.236,0.409,18,0.333
1636,the_hair_of_the_head,3.236,1636,3.236,1,18,0.333
1637,the_hair_of_the_head,2.075,1637,3.236,0.641,18,0.333
1641,the_hair_of_the_head,3.024,1641,3.236,0.935,18,0.333
1642,the_hair_of_the_head,1.953,1642,3.236,0.604,18,0.333
1645,the_hair_of_the_head,3.156,1645,3.236,0.975,18,0.333
1654,the_hand,4.989,1654,4.989,1,11,0.2
1655,the_hand,2.88,1655,4.989,0.577,11,0.2
1657,the_hand,2.068,1657,4.989,0.414,11,0.2
1658,the_hand,3.156,1658,4.989,0.633,11,0.2
1660,the_hand,1.953,1660,4.989,0.392,11,0.2
1664,the_head,4.714,1664,4.714,1,21,0.286
1666,the_head,2.358,1666,4.714,0.5,21,0.286
1667,the_head,3.856,1667,4.714,0.818,21,0.286
1668,the_head,1.52,1668,4.714,0.322,21,0.286
1672,the_head,3.79,1672,4.714,0.804,21,0.286
1673,the_head,2.074,1673,4.714,0.44,21,0.286
1682,the_head,3.081,1682,4.714,0.654,21,0.286
1687,the_heart,4.714,1687,5.271,0.894,18,0.167
1688,the_heart,5.271,1688,5.271,1,18,0.167
1689,the_heart,3.856,1689,5.271,0.732,18,0.167
1691,the_heart,4.356,1691,5.271,0.827,18,0.167
1692,the_heart,3.156,1692,5.271,0.599,18,0.167
1696,the_heart,2.58,1696,5.271,0.49,18,0.167
1703,the_horn_keratinized_skin,4.973,1703,4.973,1,12,0.25
1704,the_horn_keratinized_skin,3.156,1704,4.973,0.635,12,0.25
1705,the_horn_keratinized_skin,2.068,1705,4.973,0.416,12,0.25
1709,the_horn_keratinized_skin,4.792,1709,4.973,0.964,12,0.25
1716,the_house,6.633,1716,6.633,1,13,0.333
1719,the_house,1.953,1719,6.633,0.294,13,0.333
1720,the_house,0.81,1720,6.633,0.122,13,0.333
1722,the_house,3.156,1722,6.633,0.476,13,0.333
1723,the_house,0.289,1723,6.633,0.044,13,0.333
1725,the_house,2.599,1725,6.633,0.392,13,0.333
1728,the_knee,3.273,1728,5.291,0.619,20,0.25
1730,the_knee,3.934,1730,5.291,0.743,20,0.25
1731,the_knee,0.738,1731,5.291,0.139,20,0.25
1732,the_knee,2.932,1732,5.291,0.554,20,0.25
1733,the_knee,3.156,1733,5.291,0.596,20,0.25
1736,the_knee,0.289,1736,5.291,0.055,20,0.25
1737,the_knee,5.291,1737,5.291,1,20,0.25
1739,the_knee,4.197,1739,5.291,0.793,20,0.25
1748,the_leaf,3.156,1748,4.485,0.704,23,0.222
1750,the_leaf,4.485,1750,4.485,1,23,0.222
1752,the_leaf,0.732,1752,4.485,0.163,23,0.222
1753,the_leaf,1.324,1753,4.485,0.295,23,0.222
1754,the_leaf,1.953,1754,4.485,0.436,23,0.222
1755,the_leaf,2.83,1755,4.485,0.631,23,0.222
1761,the_leaf,2.599,1761,4.485,0.579,23,0.222
1763,the_leaf,4.21,1763,4.485,0.939,23,0.222
1764,the_leaf,0.289,1764,4.485,0.064,23,0.222
1777,the_lip_the_lips,2.482,1777,4.814,0.515,23,0.333
1780,the_lip_the_lips,4.197,1780,4.814,0.872,23,0.333
1789,the_lip_the_lips,4.814,1789,4.814,1,23,0.333
1794,the_liver,3.934,1794,5.667,0.694,11,0.2
1795,the_liver,3.156,1795,5.667,0.557,11,0.2
1796,the_liver,5.667,1796,5.667,1,11,0.2
1799,the_liver,2.599,1799,5.667,0.459,11,0.2
1800,the_liver,2.239,1800,5.667,0.395,11,0.2
1807,the_louse,3.101,1807,6.058,0.512,6,0.333
1808,the_louse,6.058,1808,6.058,1,6,0.333
1809,the_louse,1.953,1809,6.058,0.322,6,0.333
1811,the_lung,3.156,1811,4.485,0.704,23,0.167
1812,the_lung,1.324,1812,4.485,0.295,23,0.167
1814,the_lung,4.485,1814,4.485,1,23,0.167
1815,the_lung,1.953,1815,4.485,0.436,23,0.167
1817,the_lung,2.068,1817,4.485,0.461,23,0.167
1820,the_lung,2.88,1820,4.485,0.642,23,0.167
1837,the_man_male_human,2.691,1837,3.156,0.853,31,0.333
1839,the_man_male_human,2.287,1839,3.156,0.725,31,0.333
1849,the_man_male_human,1.324,1849,3.156,0.42,31,0.333
1859,the_man_male_human,3.156,1859,3.156,1,31,0.333
1860,the_man_male_human,0.289,1860,3.156,0.092,31,0.333
1862,the_man_male_human,2.599,1862,3.156,0.823,31,0.333
1866,the_meat,3.156,1866,4.763,0.663,14,0.25
1868,the_meat,1.953,1868,4.763,0.41,14,0.25
1873,the_meat,2.897,1873,4.763,0.608,14,0.25
1875,the_meat,4.763,1875,4.763,1,14,0.25
1880,the_moon,3.156,1880,7.02,0.45,7,0.5
1881,the_moon,7.02,1881,7.02,1,7,0.5
1886,the_mountain,2.068,1886,3.156,0.655,38,0.143
1887,the_mountain,1.324,1887,3.156,0.42,38,0.143
1889,the_mountain,2.22,1889,3.156,0.703,38,0.143
1892,the_mountain,0.738,1892,3.156,0.234,38,0.143
1895,the_mountain,3.156,1895,3.156,1,38,0.143
1898,the_mountain,1.32,1898,3.156,0.418,38,0.143
1901,the_mountain,1.953,1901,3.156,0.619,38,0.143
1925,the_mouse_or_rat,4.65,1925,4.771,0.975,19,0.2
1927,the_mouse_or_rat,3.101,1927,4.771,0.65,19,0.2
1932,the_mouse_or_rat,1.953,1932,4.771,0.409,19,0.2
1939,the_mouse_or_rat,3.156,1939,4.771,0.661,19,0.2
1940,the_mouse_or_rat,4.771,1940,4.771,1,19,0.2
1945,the_mouth,3.917,1945,3.917,1,30,0.429
1947,the_mouth,0.738,1947,3.917,0.188,30,0.429
1949,the_mouth,3.604,1949,3.917,0.92,30,0.429
1952,the_mouth,1.757,1952,3.917,0.449,30,0.429
1965,the_mouth,3.064,1965,3.917,0.782,30,0.429
1967,the_mouth,0.289,1967,3.917,0.074,30,0.429
1968,the_mouth,2.068,1968,3.917,0.528,30,0.429
1979,the_mud,0.738,1979,3.743,0.197,33,0.333
1981,the_mud,0.491,1981,3.743,0.131,33,0.333
1983,the_mud,1.324,1983,3.743,0.354,33,0.333
1985,the_mud,3.156,1985,3.743,0.843,33,0.333
1986,the_mud,0.289,1986,3.743,0.077,33,0.333
1987,the_mud,3.743,1987,3.743,1,33,0.333
2006,the_nail_fingernail_or_claw,3.102,2006,3.793,0.818,18,0.4
2008,the_nail_fingernail_or_claw,1.321,2008,3.793,0.348,18,0.4
2009,the_nail_fingernail_or_claw,3.793,2009,3.793,1,18,0.4
2011,the_nail_fingernail_or_claw,2.075,2011,3.793,0.547,18,0.4
2020,the_nail_fingernail_or_claw,2.599,2020,3.793,0.685,18,0.4
2026,the_neck,2.068,2026,5,0.414,25,0.5
2027,the_neck,5,2027,5,1,25,0.5
2030,the_neck,2.221,2030,5,0.444,25,0.5
2035,the_neck,1.41,2035,5,0.282,25,0.5
2036,the_neck,0.289,2036,5,0.058,25,0.5
2042,the_neck,4.906,2042,5,0.981,25,0.5
2051,the_needle_for_sewing,2.88,2051,5.325,0.541,12,0.25
2057,the_needle_for_sewing,4.69,2057,5.325,0.881,12,0.25
2059,the_needle_for_sewing,5.325,2059,5.325,1,12,0.25
2061,the_needle_for_sewing,4.428,2061,5.325,0.832,12,0.25
2065,the_nose,4.65,2065,6.058,0.768,11,0.25
2066,the_nose,3.156,2066,6.058,0.521,11,0.25
2067,the_nose,6.058,2067,6.058,1,11,0.25
2068,the_nose,5.506,2068,6.058,0.909,11,0.25
2074,the_pig,2.075,2074,6.151,0.337,10,0.667
2075,the_pig,6.151,2075,6.151,1,10,0.667
2077,the_pig,3.529,2077,6.151,0.574,10,0.667
2085,the_rain,4.485,2085,4.485,1,15,0.333
2086,the_rain,1.324,2086,4.485,0.295,15,0.333
2096,the_rain,4.37,2096,4.485,0.974,15,0.333
2099,the_road,0.732,2099,5.079,0.144,17,0.143
2100,the_road,4.71,2100,5.079,0.927,17,0.143
2101,the_road,2.959,2101,5.079,0.583,17,0.143
2102,the_road,0.491,2102,5.079,0.097,17,0.143
2104,the_road,3.156,2104,5.079,0.621,17,0.143
2107,the_road,5.079,2107,5.079,1,17,0.143
2108,the_road,1.583,2108,5.079,0.312,17,0.143
2117,the_root,3.069,2117,3.156,0.973,29,0.167
2118,the_root,1.324,2118,3.156,0.42,29,0.167
2120,the_root,2.358,2120,3.156,0.747,29,0.167
2121,the_root,0.732,2121,3.156,0.232,29,0.167
2126,the_root,3.156,2126,3.156,1,29,0.167
2128,the_root,1.953,2128,3.156,0.619,29,0.167
2145,the_rope,2.068,2145,5.412,0.382,26,0.25
2146,the_rope,2.978,2146,5.412,0.55,26,0.25
2148,the_rope,1.324,2148,5.412,0.245,26,0.25
2150,the_rope,0.738,2150,5.412,0.136,26,0.25
2151,the_rope,1.555,2151,5.412,0.287,26,0.25
2153,the_rope,1.033,2153,5.412,0.191,26,0.25
2162,the_rope,3.198,2162,5.412,0.591,26,0.25
2163,the_rope,5.412,2163,5.412,1,26,0.25
2171,the_salt,3.926,2171,5.18,0.758,17,0.4
2172,the_salt,2.192,2172,5.18,0.423,17,0.4
2173,the_salt,3.139,2173,5.18,0.606,17,0.4
2175,the_salt,5.18,2175,5.18,1,17,0.4
2176,the_salt,4.818,2176,5.18,0.93,17,0.4
2188,the_sand,1.324,2188,3.191,0.415,18,0.2
2189,the_sand,3.191,2189,3.191,1,18,0.2
2192,the_sand,2.94,2192,3.191,0.921,18,0.2
2195,the_sand,2.599,2195,3.191,0.814,18,0.2
2198,the_sand,1.953,2198,3.191,0.612,18,0.2
2206,the_seed,2.068,2206,5.233,0.395,19,0.125
2207,the_seed,2.311,2207,5.233,0.442,19,0.125
2210,the_seed,1.324,2210,5.233,0.253,19,0.125
2212,the_seed,3.156,2212,5.233,0.603,19,0.125
2217,the_seed,5.233,2217,5.233,1,19,0.125
2218,the_seed,3.793,2218,5.233,0.725,19,0.125
2219,the_seed,1.953,2219,5.233,0.373,19,0.125
2220,the_seed,4.643,2220,5.233,0.887,19,0.125
2225,the_shit,1.324,2225,4.638,0.286,15,0.25
2226,the_shit,4.638,2226,4.638,1,15,0.25
2231,the_shit,3.421,2231,4.638,0.738,15,0.25
2232,the_shit,3.918,2232,4.638,0.845,15,0.25
2240,the_shoulder,4.85,2240,4.85,1,23,0.333
2241,the_shoulder,1.953,2241,4.85,0.403,23,0.333
2243,the_shoulder,3.156,2243,4.85,0.651,23,0.333
2244,the_shoulder,1.574,2244,4.85,0.325,23,0.333
2253,the_shoulder,0.738,2253,4.85,0.152,23,0.333
2255,the_shoulder,1.324,2255,4.85,0.273,23,0.333
2264,the_skin,4.873,2264,4.885,0.997,19,0.25
2266,the_skin,3.938,2266,4.885,0.806,19,0.25
2268,the_skin,4.885,2268,4.885,1,19,0.25
2269,the_skin,2.316,2269,4.885,0.474,19,0.25
2271,the_skin,0.805,2271,4.885,0.165,19,0.25
2272,the_skin,3.793,2272,4.885,0.776,19,0.25
2273,the_skin,2.392,2273,4.885,0.49,19,0.25
2275,the_skin,3.156,2275,4.885,0.646,19,0.25
2282,the_sky,2.068,2282,4.718,0.438,20,0.2
2283,the_sky,1.324,2283,4.718,0.281,20,0.2
2284,the_sky,2.912,2284,4.718,0.617,20,0.2
2285,the_sky,4.718,2285,4.718,1,20,0.2
2286,the_sky,3.156,2286,4.718,0.669,20,0.2
2302,the_smoke,7.069,2302,7.069,1,9,0.4
2304,the_smoke,1.324,2304,7.069,0.187,9,0.4
2305,the_smoke,3.156,2305,7.069,0.446,9,0.4
2306,the_smoke,0.289,2306,7.069,0.041,9,0.4
2307,the_smoke,2.523,2307,7.069,0.357,9,0.4
2311,the_snake,5.076,2311,5.076,1,8,0.333
2312,the_snake,3.156,2312,5.076,0.622,8,0.333
2316,the_snake,4.004,2316,5.076,0.789,8,0.333
2321,the_snow,2.227,2321,3.156,0.706,25,0.167
2322,the_snow,1.324,2322,3.156,0.42,25,0.167
2326,the_snow,2.181,2326,3.156,0.691,25,0.167
2328,the_snow,3.156,2328,3.156,1,25,0.167
2332,the_snow,3.064,2332,3.156,0.971,25,0.167
2334,the_snow,1.324,2334,3.156,0.42,25,0.167
2344,the_son,4.563,2344,4.65,0.981,21,0.429
2345,the_son,4.65,2345,4.65,1,21,0.429
2346,the_son,1.324,2346,4.65,0.285,21,0.429
2348,the_son,1.028,2348,4.65,0.221,21,0.429
2349,the_son,0.289,2349,4.65,0.062,21,0.429
2352,the_son,1.953,2352,4.65,0.42,21,0.429
2354,the_son,0.44,2354,4.65,0.095,21,0.429
2365,the_spider,2.068,2365,3.156,0.655,37,0.143
2367,the_spider,1.572,2367,3.156,0.498,37,0.143
2370,the_spider,2.224,2370,3.156,0.705,37,0.143
2371,the_spider,3.156,2371,3.156,1,37,0.143
2377,the_spider,1.324,2377,3.156,0.42,37,0.143
2390,the_spider,2.808,2390,3.156,0.89,37,0.143
2392,the_spider,0.738,2392,3.156,0.234,37,0.143
2402,the_star,2.281,2402,4.485,0.509,24,0.2
2403,the_star,4.485,2403,4.485,1,24,0.2
2405,the_star,2.192,2405,4.485,0.489,24,0.2
2406,the_star,3.156,2406,4.485,0.704,24,0.2
2415,the_star,3.856,2415,4.485,0.86,24,0.2
2429,the_stick,0.491,2429,3.598,0.136,34,0.222
2431,the_stick,0.732,2431,3.598,0.203,34,0.222
2432,the_stick,0.738,2432,3.598,0.205,34,0.222
2433,the_stick,3.137,2433,3.598,0.872,34,0.222
2434,the_stick,3.598,2434,3.598,1,34,0.222
2435,the_stick,1.324,2435,3.598,0.368,34,0.222
2436,the_stick,1.784,2436,3.598,0.496,34,0.222
2439,the_stick,0.44,2439,3.598,0.122,34,0.222
2440,the_stick,1.953,2440,3.598,0.543,34,0.222
2460,the_stone_a_piece_of,6.2,2460,6.2,1,16,0.143
2462,the_stone_a_piece_of,1.574,2462,6.2,0.254,16,0.143
2463,the_stone_a_piece_of,0.738,2463,6.2,0.119,16,0.143
2464,the_stone_a_piece_of,3.156,2464,6.2,0.509,16,0.143
2465,the_stone_a_piece_of,1.324,2465,6.2,0.214,16,0.143
2468,the_stone_a_piece_of,2.58,2468,6.2,0.416,16,0.143
2471,the_stone_a_piece_of,1.953,2471,6.2,0.315,16,0.143
2476,the_sun,4.545,2476,4.721,0.963,14,0.333
2477,the_sun,3.993,2477,4.721,0.846,14,0.333
2478,the_sun,0.732,2478,4.721,0.155,14,0.333
2479,the_sun,2.009,2479,4.721,0.425,14,0.333
2482,the_sun,2.985,2482,4.721,0.632,14,0.333
2487,the_sun,4.721,2487,4.721,1,14,0.333
2490,the_tail,5.454,2490,5.454,1,15,0.2
2492,the_tail,1.324,2492,5.454,0.243,15,0.2
2493,the_tail,3.92,2493,5.454,0.719,15,0.2
2496,the_tail,1.324,2496,5.454,0.243,15,0.2
2498,the_tail,1.953,2498,5.454,0.358,15,0.2
2511,the_thigh,1.324,2511,2.532,0.523,35,0
2513,the_thigh,1.572,2513,2.532,0.621,35,0
2518,the_thigh,2.532,2518,2.532,1,35,0
2525,the_thigh,0.738,2525,2.532,0.291,35,0
2540,the_thunder,4.935,2540,4.935,1,31,0.125
2541,the_thunder,1.324,2541,4.935,0.268,31,0.125
2543,the_thunder,1.953,2543,4.935,0.396,31,0.125
2546,the_thunder,0.491,2546,4.935,0.099,31,0.125
2547,the_thunder,0.732,2547,4.935,0.148,31,0.125
2550,the_thunder,0.734,2550,4.935,0.149,31,0.125
2552,the_thunder,3.156,2552,4.935,0.639,31,0.125
2566,the_thunder,2.978,2566,4.935,0.603,31,0.125
2572,the_tongue,3.156,2572,5.67,0.557,14,0.2
2575,the_tongue,1.953,2575,5.67,0.344,14,0.2
2578,the_tongue,3.92,2578,5.67,0.691,14,0.2
2580,the_tongue,2.22,2580,5.67,0.391,14,0.2
2582,the_tongue,5.67,2582,5.67,1,14,0.2
2585,the_tooth_front,1.555,2585,6.661,0.234,16,0.25
2586,the_tooth_front,2.075,2586,6.661,0.312,16,0.25
2597,the_tooth_front,4.429,2597,6.661,0.665,16,0.25
2599,the_tooth_front,6.661,2599,6.661,1,16,0.25
2601,the_tree,1.324,2601,6.819,0.194,11,0.167
2603,the_tree,2.192,2603,6.819,0.322,11,0.167
2605,the_tree,2.075,2605,6.819,0.304,11,0.167
2606,the_tree,4.71,2606,6.819,0.691,11,0.167
2607,the_tree,6.819,2607,6.819,1,11,0.167
2609,the_tree,2.91,2609,6.819,0.427,11,0.167
2612,the_water,2.975,2612,4.886,0.609,15,0.2
2616,the_water,4.886,2616,4.886,1,15,0.2
2617,the_water,2.88,2617,4.886,0.589,15,0.2
2618,the_water,1.953,2618,4.886,0.4,15,0.2
2621,the_water,1.583,2621,4.886,0.324,15,0.2
2628,the_wind,3.938,2628,4.489,0.877,26,0.125
2630,the_wind,4.489,2630,4.489,1,26,0.125
2631,the_wind,1.324,2631,4.489,0.295,26,0.125
2632,the_wind,3.156,2632,4.489,0.703,26,0.125
2636,the_wind,1.953,2636,4.489,0.435,26,0.125
2638,the_wind,2.58,2638,4.489,0.575,26,0.125
2641,the_wind,2.599,2641,4.489,0.579,26,0.125
2645,the_wind,4.429,2645,4.489,0.987,26,0.125
2653,the_wing,2.068,2653,4.063,0.509,23,0.333
2654,the_wing,4.063,2654,4.063,1,23,0.333
2657,the_wing,1.324,2657,4.063,0.326,23,0.333
2658,the_wing,3.101,2658,4.063,0.763,23,0.333
2659,the_wing,0.738,2659,4.063,0.182,23,0.333
2660,the_wing,3.156,2660,4.063,0.777,23,0.333
2662,the_wing,1.953,2662,4.063,0.481,23,0.333
2669,the_wing,1.411,2669,4.063,0.347,23,0.333
2670,the_wing,0.289,2670,4.063,0.071,23,0.333
2680,the_woman,0.491,2680,4.485,0.109,35,0.333
2683,the_woman,3.156,2683,4.485,0.704,35,0.333
2684,the_woman,0.493,2684,4.485,0.11,35,0.333
2689,the_woman,1.324,2689,4.485,0.295,35,0.333
2702,the_woman,4.485,2702,4.485,1,35,0.333
2703,the_woman,3.935,2703,4.485,0.877,35,0.333
2714,the_year,1.324,2714,4.983,0.266,16,0.143
2716,the_year,3.262,2716,4.983,0.655,16,0.143
2717,the_year,4.983,2717,4.983,1,16,0.143
2718,the_year,3.9,2718,4.983,0.783,16,0.143
2719,the_year,2.599,2719,4.983,0.522,16,0.143
2720,the_year,4.21,2720,4.983,0.845,16,0.143
2721,the_year,0.732,2721,4.983,0.147,16,0.143
2729,thick,0.491,2729,5.115,0.096,22,0.2
2730,thick,0.771,2730,5.115,0.151,22,0.2
2731,thick,2.928,2731,5.115,0.572,22,0.2
2732,thick,2.886,2732,5.115,0.564,22,0.2
2733,thick,2.068,2733,5.115,0.404,22,0.2
2735,thick,3.156,2735,5.115,0.617,22,0.2
2736,thick,1.028,2736,5.115,0.201,22,0.2
2737,thick,1.324,2737,5.115,0.259,22,0.2
2740,thick,1.903,2740,5.115,0.372,22,0.2
2742,thick,5.115,2742,5.115,1,22,0.2
2749,thin_object,1.061,2749,5.758,0.184,23,0.25
2755,thin_object,2.075,2755,5.758,0.36,23,0.25
2757,thin_object,1.324,2757,5.758,0.23,23,0.25
2758,thin_object,5.758,2758,5.758,1,23,0.25
2772,thou_second_person_singular,4.714,2772,5.848,0.806,12,0.333
2774,thou_second_person_singular,3.156,2774,5.848,0.54,12,0.333
2775,thou_second_person_singular,3.156,2775,5.848,0.54,12,0.333
2776,thou_second_person_singular,1.324,2776,5.848,0.226,12,0.333
2777,thou_second_person_singular,3.862,2777,5.848,0.66,12,0.333
2781,thou_second_person_singular,5.848,2781,5.848,1,12,0.333
2784,three,7.053,2784,7.053,1,3,1
2787,to_be_alive,3.872,2787,5.89,0.657,24,0.333
2790,to_be_alive,0.732,2790,5.89,0.124,24,0.333
2792,to_be_alive,2.068,2792,5.89,0.351,24,0.333
2793,to_be_alive,2.056,2793,5.89,0.349,24,0.333
2794,to_be_alive,5.89,2794,5.89,1,24,0.333
2796,to_be_alive,2.88,2796,5.89,0.489,24,0.333
2813,to_bite,3.087,2813,3.087,1,34,0.25
2814,to_bite,2.495,2814,3.087,0.808,34,0.25
2815,to_bite,2.068,2815,3.087,0.67,34,0.25
2816,to_bite,1.724,2816,3.087,0.558,34,0.25
2817,to_bite,1.028,2817,3.087,0.333,34,0.25
2819,to_bite,2.526,2819,3.087,0.818,34,0.25
2823,to_bite,1.575,2823,3.087,0.51,34,0.25
2824,to_bite,1.32,2824,3.087,0.428,34,0.25
2826,to_bite,0.786,2826,3.087,0.255,34,0.25
2829,to_bite,1.574,2829,3.087,0.51,34,0.25
2830,to_bite,0.732,2830,3.087,0.237,34,0.25
2840,to_bite,0.289,2840,3.087,0.094,34,0.25
2848,to_burn_intransitive,1.579,2848,3.117,0.507,35,0.222
2849,to_burn_intransitive,0.738,2849,3.117,0.237,35,0.222
2855,to_burn_intransitive,1.324,2855,3.117,0.425,35,0.222
2856,to_burn_intransitive,0.576,2856,3.117,0.185,35,0.222
2861,to_burn_intransitive,2.94,2861,3.117,0.943,35,0.222
2866,to_burn_intransitive,2.068,2866,3.117,0.663,35,0.222
2870,to_burn_intransitive,3.117,2870,3.117,1,35,0.222
2872,to_burn_intransitive,2.599,2872,3.117,0.834,35,0.222
2874,to_burn_intransitive,2.026,2874,3.117,0.65,35,0.222
2880,to_buy,4.568,2880,4.568,1,23,0.2
2882,to_buy,3.101,2882,4.568,0.679,23,0.2
2885,to_buy,1.324,2885,4.568,0.29,23,0.2
2886,to_buy,2.932,2886,4.568,0.642,23,0.2
2887,to_buy,3.666,2887,4.568,0.803,23,0.2
2904,to_chew,3.94,2904,3.94,1,27,0.2
2905,to_chew,0.491,2905,3.94,0.125,27,0.2
2906,to_chew,1.469,2906,3.94,0.373,27,0.2
2907,to_chew,0.732,2907,3.94,0.186,27,0.2
2908,to_chew,3.627,2908,3.94,0.921,27,0.2
2909,to_chew,3.156,2909,3.94,0.801,27,0.2
2910,to_chew,0.289,2910,3.94,0.073,27,0.2
2914,to_chew,0.81,2914,3.94,0.206,27,0.2
2916,to_chew,1.324,2916,3.94,0.336,27,0.2
2917,to_chew,0.44,2917,3.94,0.112,27,0.2
2932,to_come,3.058,2932,3.17,0.965,22,0.143
2933,to_come,3.101,2933,3.17,0.978,22,0.143
2937,to_come,1.361,2937,3.17,0.429,22,0.143
2940,to_come,0.81,2940,3.17,0.256,22,0.143
2944,to_come,3.17,2944,3.17,1,22,0.143
2947,to_come,2.599,2947,3.17,0.82,22,0.143
2948,to_come,2.911,2948,3.17,0.918,22,0.143
2955,to_count,0.491,2955,3.156,0.155,38,0.143
2956,to_count,0.732,2956,3.156,0.232,38,0.143
2957,to_count,1.324,2957,3.156,0.42,38,0.143
2958,to_count,0.738,2958,3.156,0.234,38,0.143
2960,to_count,3.156,2960,3.156,1,38,0.143
2963,to_count,2.944,2963,3.156,0.933,38,0.143
2976,to_count,2.22,2976,3.156,0.703,38,0.143
2990,to_cry_weep,3.936,2990,5.448,0.723,18,0.5
2992,to_cry_weep,5.448,2992,5.448,1,18,0.5
2994,to_cry_weep,0.289,2994,5.448,0.053,18,0.5
3000,to_cry_weep,1.028,3000,5.448,0.189,18,0.5
3003,to_cry_weep,4.917,3003,5.448,0.903,18,0.5
3006,to_cry_weep,2.858,3006,5.448,0.525,18,0.5
3008,to_die,5.354,3008,5.354,1,8,1
3017,to_dig,3.742,3017,3.742,1,25,0.143
3021,to_dig,2.068,3021,3.742,0.553,25,0.143
3022,to_dig,2.04,3022,3.742,0.545,25,0.143
3024,to_dig,1.953,3024,3.742,0.522,25,0.143
3026,to_dig,1.324,3026,3.742,0.354,25,0.143
3031,to_dig,0.731,3031,3.742,0.195,25,0.143
3032,to_dig,2.224,3032,3.742,0.594,25,0.143
3041,to_drink,2.287,3041,5.137,0.445,19,0.2
3043,to_drink,3.156,3043,5.137,0.614,19,0.2
3046,to_drink,5.137,3046,5.137,1,19,0.2
3048,to_drink,3.793,3048,5.137,0.738,19,0.2
3053,to_drink,2.599,3053,5.137,0.506,19,0.2
3061,to_eat,2.068,3061,6.608,0.313,12,0.5
3062,to_eat,3.156,3062,6.608,0.478,12,0.5
3063,to_eat,1.726,3063,6.608,0.261,12,0.5
3066,to_eat,6.608,3066,6.608,1,12,0.5
3073,to_fight,2.523,3073,2.523,1,37,0.286
3075,to_fight,2.343,3075,2.523,0.928,37,0.286
3076,to_fight,0.491,3076,2.523,0.194,37,0.286
3077,to_fight,0.81,3077,2.523,0.321,37,0.286
3078,to_fight,1.578,3078,2.523,0.626,37,0.286
3080,to_fight,1.41,3080,2.523,0.559,37,0.286
3081,to_fight,0.289,3081,2.523,0.115,37,0.286
3109,to_fly_move_through_air,1.324,3109,3.963,0.334,29,0.167
3110,to_fly_move_through_air,0.732,3110,3.963,0.185,29,0.167
3117,to_fly_move_through_air,0.491,3117,3.963,0.124,29,0.167
3122,to_fly_move_through_air,2.928,3122,3.963,0.739,29,0.167
3123,to_fly_move_through_air,3.963,3123,3.963,1,29,0.167
3125,to_fly_move_through_air,3.156,3125,3.963,0.796,29,0.167
3139,to_forget,1.324,3139,4.419,0.3,23,0.5
3140,to_forget,4.419,3140,4.419,1,23,0.5
3141,to_forget,3.156,3141,4.419,0.714,23,0.5
3143,to_forget,1.074,3143,4.419,0.243,23,0.5
3161,to_give,4.714,3161,4.714,1,21,0.375
3162,to_give,0.81,3162,4.714,0.172,21,0.375
3163,to_give,0.491,3163,4.714,0.104,21,0.375
3168,to_give,3.275,3168,4.714,0.695,21,0.375
3169,to_give,0.289,3169,4.714,0.061,21,0.375
3170,to_give,1.028,3170,4.714,0.218,21,0.375
3171,to_give,3.794,3171,4.714,0.805,21,0.375
3174,to_give,1.953,3174,4.714,0.414,21,0.375
3182,to_hear,3.101,3182,3.29,0.943,27,0.125
3183,to_hear,2.82,3183,3.29,0.857,27,0.125
3184,to_hear,2.075,3184,3.29,0.631,27,0.125
3189,to_hear,0.81,3189,3.29,0.246,27,0.125
3194,to_hear,3.29,3194,3.29,1,27,0.125
3195,to_hear,1.324,3195,3.29,0.402,27,0.125
3198,to_hear,1.584,3198,3.29,0.481,27,0.125
3204,to_hear,2.899,3204,3.29,0.881,27,0.125
3212,to_hide_conceal,0.738,3212,1.953,0.378,42,0.333
3213,to_hide_conceal,0.491,3213,1.953,0.251,42,0.333
3215,to_hide_conceal,0.732,3215,1.953,0.375,42,0.333
3218,to_hide_conceal,0.289,3218,1.953,0.148,42,0.333
3219,to_hide_conceal,1.41,3219,1.953,0.722,42,0.333
3231,to_hide_conceal,1.953,3231,1.953,1,42,0.333
3257,to_hold,0.738,3257,1.758,0.42,42,0.2
3259,to_hold,0.732,3259,1.758,0.416,42,0.2
3263,to_hold,1.758,3263,1.758,1,42,0.2
3267,to_hold,1.324,3267,1.758,0.753,42,0.2
3279,to_hold,0.751,3279,1.758,0.427,42,0.2
3293,to_hunt,3.15,3293,3.156,0.998,34,0.286
3296,to_hunt,1.572,3296,3.156,0.498,34,0.286
3297,to_hunt,0.738,3297,3.156,0.234,34,0.286
3299,to_hunt,2.9,3299,3.156,0.919,34,0.286
3301,to_hunt,3.156,3301,3.156,1,34,0.286
3305,to_hunt,1.324,3305,3.156,0.42,34,0.286
3308,to_hunt,0.81,3308,3.156,0.257,34,0.286
3329,to_kill,0.289,3329,6.81,0.042,12,0.667
3335,to_kill,6.81,3335,6.81,1,12,0.667
3336,to_kill,2.599,3336,6.81,0.382,12,0.667
3340,to_laugh,4.951,3340,4.951,1,16,0.167
3343,to_laugh,3.156,3343,4.951,0.637,16,0.167
3344,to_laugh,4.829,3344,4.951,0.975,16,0.167
3346,to_laugh,1.324,3346,4.951,0.267,16,0.167
3348,to_laugh,2.58,3348,4.951,0.521,16,0.167
3349,to_laugh,1.953,3349,4.951,0.395,16,0.167
3355,to_lick,6.194,3355,6.194,1,18,0.75
3357,to_lick,0.289,3357,6.194,0.047,18,0.75
3366,to_lick,1.583,3366,6.194,0.255,18,0.75
3367,to_lick,1.726,3367,6.194,0.279,18,0.75
3375,to_play,0.738,3375,3.156,0.234,39,0.286
3377,to_play,1.324,3377,3.156,0.42,39,0.286
3378,to_play,3.156,3378,3.156,1,39,0.286
3379,to_play,0.289,3379,3.156,0.092,39,0.286
3404,to_play,2.599,3404,3.156,0.823,39,0.286
3406,to_play,2.899,3406,3.156,0.918,39,0.286
3407,to_play,0.491,3407,3.156,0.155,39,0.286
3412,to_push,4.21,3412,4.21,1,37,0.286
3414,to_push,2.522,3414,4.21,0.599,37,0.286
3416,to_push,0.732,3416,4.21,0.174,37,0.286
3417,to_push,2.593,3417,4.21,0.616,37,0.286
3420,to_push,3.156,3420,4.21,0.75,37,0.286
3422,to_push,0.289,3422,4.21,0.069,37,0.286
3430,to_push,0.751,3430,4.21,0.178,37,0.286
3454,to_reside_live,2.638,3454,2.886,0.914,34,0.333
3457,to_reside_live,1.716,3457,2.886,0.594,34,0.333
3458,to_reside_live,0.289,3458,2.886,0.1,34,0.333
3459,to_reside_live,1.324,3459,2.886,0.459,34,0.333
3464,to_reside_live,0.77,3464,2.886,0.267,34,0.333
3473,to_reside_live,2.886,3473,2.886,1,34,0.333
3483,to_scratch,1.324,3483,4.804,0.276,36,0
3489,to_scratch,2.068,3489,4.804,0.43,36,0
3490,to_scratch,1.555,3490,4.804,0.324,36,0
3496,to_scratch,3.571,3496,4.804,0.743,36,0
3497,to_scratch,4.804,3497,4.804,1,36,0
3509,to_scratch,2.827,3509,4.804,0.589,36,0
3519,to_see,2.068,3519,3.36,0.615,32,0.167
3521,to_see,3.155,3521,3.36,0.939,32,0.167
3523,to_see,2.287,3523,3.36,0.681,32,0.167
3527,to_see,3.36,3527,3.36,1,32,0.167
3530,to_see,0.802,3530,3.36,0.239,32,0.167
3538,to_see,2.599,3538,3.36,0.774,32,0.167
3552,to_shoot_an_arrow,6.453,3552,6.453,1,17,0.143
3554,to_shoot_an_arrow,3.101,3554,6.453,0.481,17,0.143
3556,to_shoot_an_arrow,3.156,3556,6.453,0.489,17,0.143
3559,to_shoot_an_arrow,0.707,3559,6.453,0.11,17,0.143
3560,to_shoot_an_arrow,2.223,3560,6.453,0.344,17,0.143
3562,to_shoot_an_arrow,1.324,3562,6.453,0.205,17,0.143
3565,to_shoot_an_arrow,2.599,3565,6.453,0.403,17,0.143
3568,to_sing,2.068,3568,2.599,0.796,36,0.125
3572,to_sing,0.491,3572,2.599,0.189,36,0.125
3573,to_sing,0.732,3573,2.599,0.282,36,0.125
3574,to_sing,2.075,3574,2.599,0.799,36,0.125
3577,to_sing,1.324,3577,2.599,0.51,36,0.125
3584,to_sing,1.324,3584,2.599,0.51,36,0.125
3590,to_sing,0.738,3590,2.599,0.284,36,0.125
3593,to_sing,2.599,3593,2.599,1,36,0.125
3611,to_sleep,4.904,3611,4.904,1,24,0
3613,to_sleep,1.324,3613,4.904,0.27,24,0
3628,to_smell_perceive_odor_transitive,5.366,3628,5.366,1,11,0.5
3630,to_smell_perceive_odor_transitive,1.71,3630,5.366,0.319,11,0.5
3631,to_smell_perceive_odor_transitive,2.075,3631,5.366,0.387,11,0.5
3636,to_smell_perceive_odor_transitive,0.731,3636,5.366,0.136,11,0.5
3642,to_spit,0.732,3642,3.14,0.233,36,0.286
3643,to_spit,0.491,3643,3.14,0.156,36,0.286
3645,to_spit,3.087,3645,3.14,0.983,36,0.286
3648,to_spit,2.065,3648,3.14,0.658,36,0.286
3650,to_spit,1.953,3650,3.14,0.622,36,0.286
3656,to_spit,0.81,3656,3.14,0.258,36,0.286
3670,to_spit,3.14,3670,3.14,1,36,0.286
3677,to_stand,2.074,3677,5.17,0.401,16,0.5
3678,to_stand,5.17,3678,5.17,1,16,0.5
3679,to_stand,1.324,3679,5.17,0.256,16,0.5
3682,to_stand,2.602,3682,5.17,0.503,16,0.5
3694,to_steal,2.056,3694,6.811,0.302,16,0.5
3702,to_steal,6.811,3702,6.811,1,16,0.5
3709,to_think_reflect,2.974,3709,3.156,0.942,30,0.222
3710,to_think_reflect,0.738,3710,3.156,0.234,30,0.222
3713,to_think_reflect,2.526,3713,3.156,0.801,30,0.222
3714,to_think_reflect,3.156,3714,3.156,1,30,0.222
3715,to_think_reflect,1.476,3715,3.156,0.468,30,0.222
3716,to_think_reflect,1.953,3716,3.156,0.619,30,0.222
3718,to_think_reflect,1.324,3718,3.156,0.42,30,0.222
3719,to_think_reflect,0.732,3719,3.156,0.232,30,0.222
3732,to_think_reflect,2.94,3732,3.156,0.932,30,0.222
3739,to_throw,1.324,3739,5.086,0.26,39,0.286
3741,to_throw,1.356,3741,5.086,0.267,39,0.286
3745,to_throw,0.289,3745,5.086,0.057,39,0.286
3756,to_throw,1.953,3756,5.086,0.384,39,0.286
3768,to_throw,3.935,3768,5.086,0.774,39,0.286
3773,to_throw,2.599,3773,5.086,0.511,39,0.286
3774,to_throw,5.086,3774,5.086,1,39,0.286
3776,to_vomit,2.068,3776,4.489,0.461,15,0.143
3777,to_vomit,4.489,3777,4.489,1,15,0.143
3778,to_vomit,0.398,3778,4.489,0.089,15,0.143
3780,to_vomit,2.067,3780,4.489,0.46,15,0.143
3784,to_vomit,0.738,3784,4.489,0.164,15,0.143
3785,to_vomit,3.917,3785,4.489,0.873,15,0.143
3789,to_vomit,3.156,3789,4.489,0.703,15,0.143
3793,to_walk,2.287,3793,3.156,0.725,33,0.143
3794,to_walk,2.068,3794,3.156,0.655,33,0.143
3796,to_walk,3.156,3796,3.156,1,33,0.143
3801,to_walk,2.978,3801,3.156,0.943,33,0.143
3809,to_walk,1.324,3809,3.156,0.42,33,0.143
3817,to_walk,2.22,3817,3.156,0.703,33,0.143
3818,to_walk,2.599,3818,3.156,0.823,33,0.143
3824,to_wipe,2.068,3824,4.652,0.444,33,0.333
3826,to_wipe,4.652,3826,4.652,1,33,0.333
3829,to_wipe,3.101,3829,4.652,0.667,33,0.333
3830,to_wipe,2.176,3830,4.652,0.468,33,0.333
3832,to_wipe,3.156,3832,4.652,0.678,33,0.333
3833,to_wipe,1.028,3833,4.652,0.221,33,0.333
3834,to_wipe,1.54,3834,4.652,0.331,33,0.333
3837,to_wipe,1.324,3837,4.652,0.285,33,0.333
3845,to_wipe,2.912,3845,4.652,0.626,33,0.333
3857,two,6.712,3857,6.712,1,9,0.5
3858,two,0.732,3858,6.712,0.109,9,0.5
3859,two,0.537,3859,6.712,0.08,9,0.5
3864,two,0.289,3864,6.712,0.043,9,0.5
3866,wet,2.975,3866,4.65,0.64,30,0.25
3868,wet,4.65,3868,4.65,1,30,0.25
3869,wet,0.738,3869,4.65,0.159,30,0.25
3871,wet,1.574,3871,4.65,0.339,30,0.25
3873,wet,3.156,3873,4.65,0.679,30,0.25
3878,wet,1.953,3878,4.65,0.42,30,0.25
3879,wet,1.328,3879,4.65,0.286,30,0.25
3888,wet,0.289,3888,4.65,0.062,30,0.25
3896,white,3.101,3896,4.714,0.658,21,0.125
3902,white,1.953,3902,4.714,0.414,21,0.125
3903,white,1.324,3903,4.714,0.281,21,0.125
3904,white,4.714,3904,4.714,1,21,0.125
3907,white,2.899,3907,4.714,0.615,21,0.125
3912,white,3.156,3912,4.714,0.669,21,0.125
3913,white,2.928,3913,4.714,0.621,21,0.125
3915,white,2.599,3915,4.714,0.551,21,0.125
3919,who,1.162,3919,3.893,0.298,25,0.4
3922,who,0.289,3922,3.893,0.074,25,0.4
3925,who,3.893,3925,3.893,1,25,0.4
3933,who,0.398,3933,3.893,0.102,25,0.4
3934,who,3.156,3934,3.893,0.811,25,0.4
3943,yellow,1.324,3943,4.714,0.281,23,0.111
3944,yellow,0.491,3944,4.714,0.104,23,0.111
3946,yellow,1.7,3946,4.714,0.361,23,0.111
3947,yellow,2.915,3947,4.714,0.618,23,0.111
3948,yellow,3.156,3948,4.714,0.669,23,0.111
3950,yellow,4.714,3950,4.714,1,23,0.111
3951,yellow,1.953,3951,4.714,0.414,23,0.111
3953,yellow,2.989,3953,4.714,0.634,23,0.111
3956,yellow,0.738,3956,4.714,0.157,23,0.111
1,NA,NA,NA,NA,NA,NA,0.069
2,NA,NA,NA,NA,NA,NA,0.069
5,NA,NA,NA,NA,NA,NA,0.069
6,NA,NA,NA,NA,NA,NA,0.069
7,NA,NA,NA,NA,NA,NA,0.069
9,NA,NA,NA,NA,NA,NA,0.069
10,NA,NA,NA,NA,NA,NA,0.069
13,NA,NA,NA,NA,NA,NA,0.069
14,NA,NA,NA,NA,NA,NA,0.069
15,NA,NA,NA,NA,NA,NA,0.069
16,NA,NA,NA,NA,NA,NA,0.069
17,NA,NA,NA,NA,NA,NA,0.069
19,NA,NA,NA,NA,NA,NA,0.069
20,NA,NA,NA,NA,NA,NA,0.069
21,NA,NA,NA,NA,NA,NA,0.069
22,NA,NA,NA,NA,NA,NA,0.069
23,NA,NA,NA,NA,NA,NA,0.069
25,NA,NA,NA,NA,NA,NA,0.069
26,NA,NA,NA,NA,NA,NA,0.069
29,NA,NA,NA,NA,NA,NA,0.069
30,NA,NA,NA,NA,NA,NA,0.069
31,NA,NA,NA,NA,NA,NA,0.069
32,NA,NA,NA,NA,NA,NA,0.069
33,NA,NA,NA,NA,NA,NA,0.069
34,NA,NA,NA,NA,NA,NA,0.069
35,NA,NA,NA,NA,NA,NA,0.069
36,NA,NA,NA,NA,NA,NA,0.069
37,NA,NA,NA,NA,NA,NA,0.069
38,NA,NA,NA,NA,NA,NA,0.069
39,NA,NA,NA,NA,NA,NA,0.069
40,NA,NA,NA,NA,NA,NA,0.069
41,NA,NA,NA,NA,NA,NA,0.069
43,NA,NA,NA,NA,NA,NA,0.069
44,NA,NA,NA,NA,NA,NA,0.069
45,NA,NA,NA,NA,NA,NA,0.069
46,NA,NA,NA,NA,NA,NA,0.069
47,NA,NA,NA,NA,NA,NA,0.069
48,NA,NA,NA,NA,NA,NA,0.069
49,NA,NA,NA,NA,NA,NA,0.069
50,NA,NA,NA,NA,NA,NA,0.069
51,NA,NA,NA,NA,NA,NA,0.069
53,NA,NA,NA,NA,NA,NA,0.069
54,NA,NA,NA,NA,NA,NA,0.069
55,NA,NA,NA,NA,NA,NA,0.069
58,NA,NA,NA,NA,NA,NA,0.069
59,NA,NA,NA,NA,NA,NA,0.069
61,NA,NA,NA,NA,NA,NA,0.069
62,NA,NA,NA,NA,NA,NA,0.069
63,NA,NA,NA,NA,NA,NA,0.069
64,NA,NA,NA,NA,NA,NA,0.069
66,NA,NA,NA,NA,NA,NA,0.069
67,NA,NA,NA,NA,NA,NA,0.069
68,NA,NA,NA,NA,NA,NA,0.069
69,NA,NA,NA,NA,NA,NA,0.069
70,NA,NA,NA,NA,NA,NA,0.069
71,NA,NA,NA,NA,NA,NA,0.069
74,NA,NA,NA,NA,NA,NA,0.069
75,NA,NA,NA,NA,NA,NA,0.069
76,NA,NA,NA,NA,NA,NA,0.069
77,NA,NA,NA,NA,NA,NA,0.069
80,NA,NA,NA,NA,NA,NA,0.069
82,NA,NA,NA,NA,NA,NA,0.069
85,NA,NA,NA,NA,NA,NA,0.069
86,NA,NA,NA,NA,NA,NA,0.069
87,NA,NA,NA,NA,NA,NA,0.069
89,NA,NA,NA,NA,NA,NA,0.069
91,NA,NA,NA,NA,NA,NA,0.069
92,NA,NA,NA,NA,NA,NA,0.069
93,NA,NA,NA,NA,NA,NA,0.069
94,NA,NA,NA,NA,NA,NA,0.069
95,NA,NA,NA,NA,NA,NA,0.069
97,NA,NA,NA,NA,NA,NA,0.069
98,NA,NA,NA,NA,NA,NA,0.069
99,NA,NA,NA,NA,NA,NA,0.069
100,NA,NA,NA,NA,NA,NA,0.069
101,NA,NA,NA,NA,NA,NA,0.069
102,NA,NA,NA,NA,NA,NA,0.069
103,NA,NA,NA,NA,NA,NA,0.069
104,NA,NA,NA,NA,NA,NA,0.069
105,NA,NA,NA,NA,NA,NA,0.069
107,NA,NA,NA,NA,NA,NA,0.069
109,NA,NA,NA,NA,NA,NA,0.069
111,NA,NA,NA,NA,NA,NA,0.069
112,NA,NA,NA,NA,NA,NA,0.069
115,NA,NA,NA,NA,NA,NA,0.069
116,NA,NA,NA,NA,NA,NA,0.069
120,NA,NA,NA,NA,NA,NA,0.069
121,NA,NA,NA,NA,NA,NA,0.069
122,NA,NA,NA,NA,NA,NA,0.069
123,NA,NA,NA,NA,NA,NA,0.069
124,NA,NA,NA,NA,NA,NA,0.069
125,NA,NA,NA,NA,NA,NA,0.069
126,NA,NA,NA,NA,NA,NA,0.069
127,NA,NA,NA,NA,NA,NA,0.069
128,NA,NA,NA,NA,NA,NA,0.069
129,NA,NA,NA,NA,NA,NA,0.069
130,NA,NA,NA,NA,NA,NA,0.069
131,NA,NA,NA,NA,NA,NA,0.069
132,NA,NA,NA,NA,NA,NA,0.069
133,NA,NA,NA,NA,NA,NA,0.069
134,NA,NA,NA,NA,NA,NA,0.069
135,NA,NA,NA,NA,NA,NA,0.069
136,NA,NA,NA,NA,NA,NA,0.069
137,NA,NA,NA,NA,NA,NA,0.069
138,NA,NA,NA,NA,NA,NA,0.069
139,NA,NA,NA,NA,NA,NA,0.069
140,NA,NA,NA,NA,NA,NA,0.069
142,NA,NA,NA,NA,NA,NA,0.069
143,NA,NA,NA,NA,NA,NA,0.069
144,NA,NA,NA,NA,NA,NA,0.069
145,NA,NA,NA,NA,NA,NA,0.069
146,NA,NA,NA,NA,NA,NA,0.069
148,NA,NA,NA,NA,NA,NA,0.069
151,NA,NA,NA,NA,NA,NA,0.069
156,NA,NA,NA,NA,NA,NA,0.069
157,NA,NA,NA,NA,NA,NA,0.069
160,NA,NA,NA,NA,NA,NA,0.069
162,NA,NA,NA,NA,NA,NA,0.069
163,NA,NA,NA,NA,NA,NA,0.069
164,NA,NA,NA,NA,NA,NA,0.069
165,NA,NA,NA,NA,NA,NA,0.069
167,NA,NA,NA,NA,NA,NA,0.069
168,NA,NA,NA,NA,NA,NA,0.069
169,NA,NA,NA,NA,NA,NA,0.069
171,NA,NA,NA,NA,NA,NA,0.069
172,NA,NA,NA,NA,NA,NA,0.069
173,NA,NA,NA,NA,NA,NA,0.069
176,NA,NA,NA,NA,NA,NA,0.069
177,NA,NA,NA,NA,NA,NA,0.069
178,NA,NA,NA,NA,NA,NA,0.069
180,NA,NA,NA,NA,NA,NA,0.069
181,NA,NA,NA,NA,NA,NA,0.069
182,NA,NA,NA,NA,NA,NA,0.069
183,NA,NA,NA,NA,NA,NA,0.069
184,NA,NA,NA,NA,NA,NA,0.069
185,NA,NA,NA,NA,NA,NA,0.069
186,NA,NA,NA,NA,NA,NA,0.069
187,NA,NA,NA,NA,NA,NA,0.069
188,NA,NA,NA,NA,NA,NA,0.069
189,NA,NA,NA,NA,NA,NA,0.069
190,NA,NA,NA,NA,NA,NA,0.069
191,NA,NA,NA,NA,NA,NA,0.069
192,NA,NA,NA,NA,NA,NA,0.069
193,NA,NA,NA,NA,NA,NA,0.069
195,NA,NA,NA,NA,NA,NA,0.069
197,NA,NA,NA,NA,NA,NA,0.069
198,NA,NA,NA,NA,NA,NA,0.069
199,NA,NA,NA,NA,NA,NA,0.069
200,NA,NA,NA,NA,NA,NA,0.069
201,NA,NA,NA,NA,NA,NA,0.069
204,NA,NA,NA,NA,NA,NA,0.069
205,NA,NA,NA,NA,NA,NA,0.069
208,NA,NA,NA,NA,NA,NA,0.069
209,NA,NA,NA,NA,NA,NA,0.069
210,NA,NA,NA,NA,NA,NA,0.069
212,NA,NA,NA,NA,NA,NA,0.069
213,NA,NA,NA,NA,NA,NA,0.069
214,NA,NA,NA,NA,NA,NA,0.069
215,NA,NA,NA,NA,NA,NA,0.069
216,NA,NA,NA,NA,NA,NA,0.069
217,NA,NA,NA,NA,NA,NA,0.069
219,NA,NA,NA,NA,NA,NA,0.069
220,NA,NA,NA,NA,NA,NA,0.069
222,NA,NA,NA,NA,NA,NA,0.069
223,NA,NA,NA,NA,NA,NA,0.069
224,NA,NA,NA,NA,NA,NA,0.069
225,NA,NA,NA,NA,NA,NA,0.069
226,NA,NA,NA,NA,NA,NA,0.069
227,NA,NA,NA,NA,NA,NA,0.069
228,NA,NA,NA,NA,NA,NA,0.069
229,NA,NA,NA,NA,NA,NA,0.069
230,NA,NA,NA,NA,NA,NA,0.069
231,NA,NA,NA,NA,NA,NA,0.069
233,NA,NA,NA,NA,NA,NA,0.069
234,NA,NA,NA,NA,NA,NA,0.069
235,NA,NA,NA,NA,NA,NA,0.069
237,NA,NA,NA,NA,NA,NA,0.069
238,NA,NA,NA,NA,NA,NA,0.069
239,NA,NA,NA,NA,NA,NA,0.069
243,NA,NA,NA,NA,NA,NA,0.069
246,NA,NA,NA,NA,NA,NA,0.069
247,NA,NA,NA,NA,NA,NA,0.069
248,NA,NA,NA,NA,NA,NA,0.069
249,NA,NA,NA,NA,NA,NA,0.069
250,NA,NA,NA,NA,NA,NA,0.069
251,NA,NA,NA,NA,NA,NA,0.069
252,NA,NA,NA,NA,NA,NA,0.069
253,NA,NA,NA,NA,NA,NA,0.069
254,NA,NA,NA,NA,NA,NA,0.069
255,NA,NA,NA,NA,NA,NA,0.069
258,NA,NA,NA,NA,NA,NA,0.069
262,NA,NA,NA,NA,NA,NA,0.069
263,NA,NA,NA,NA,NA,NA,0.069
264,NA,NA,NA,NA,NA,NA,0.069
265,NA,NA,NA,NA,NA,NA,0.069
268,NA,NA,NA,NA,NA,NA,0.069
269,NA,NA,NA,NA,NA,NA,0.069
270,NA,NA,NA,NA,NA,NA,0.069
271,NA,NA,NA,NA,NA,NA,0.069
272,NA,NA,NA,NA,NA,NA,0.069
273,NA,NA,NA,NA,NA,NA,0.069
274,NA,NA,NA,NA,NA,NA,0.069
275,NA,NA,NA,NA,NA,NA,0.069
276,NA,NA,NA,NA,NA,NA,0.069
277,NA,NA,NA,NA,NA,NA,0.069
278,NA,NA,NA,NA,NA,NA,0.069
279,NA,NA,NA,NA,NA,NA,0.069
280,NA,NA,NA,NA,NA,NA,0.069
281,NA,NA,NA,NA,NA,NA,0.069
282,NA,NA,NA,NA,NA,NA,0.069
284,NA,NA,NA,NA,NA,NA,0.069
285,NA,NA,NA,NA,NA,NA,0.069
286,NA,NA,NA,NA,NA,NA,0.069
287,NA,NA,NA,NA,NA,NA,0.069
288,NA,NA,NA,NA,NA,NA,0.069
290,NA,NA,NA,NA,NA,NA,0.069
296,NA,NA,NA,NA,NA,NA,0.069
298,NA,NA,NA,NA,NA,NA,0.069
299,NA,NA,NA,NA,NA,NA,0.069
300,NA,NA,NA,NA,NA,NA,0.069
301,NA,NA,NA,NA,NA,NA,0.069
302,NA,NA,NA,NA,NA,NA,0.069
303,NA,NA,NA,NA,NA,NA,0.069
304,NA,NA,NA,NA,NA,NA,0.069
305,NA,NA,NA,NA,NA,NA,0.069
306,NA,NA,NA,NA,NA,NA,0.069
307,NA,NA,NA,NA,NA,NA,0.069
308,NA,NA,NA,NA,NA,NA,0.069
309,NA,NA,NA,NA,NA,NA,0.069
310,NA,NA,NA,NA,NA,NA,0.069
311,NA,NA,NA,NA,NA,NA,0.069
314,NA,NA,NA,NA,NA,NA,0.069
315,NA,NA,NA,NA,NA,NA,0.069
317,NA,NA,NA,NA,NA,NA,0.069
320,NA,NA,NA,NA,NA,NA,0.069
324,NA,NA,NA,NA,NA,NA,0.069
325,NA,NA,NA,NA,NA,NA,0.069
326,NA,NA,NA,NA,NA,NA,0.069
327,NA,NA,NA,NA,NA,NA,0.069
328,NA,NA,NA,NA,NA,NA,0.069
329,NA,NA,NA,NA,NA,NA,0.069
330,NA,NA,NA,NA,NA,NA,0.069
331,NA,NA,NA,NA,NA,NA,0.069
332,NA,NA,NA,NA,NA,NA,0.069
333,NA,NA,NA,NA,NA,NA,0.069
334,NA,NA,NA,NA,NA,NA,0.069
335,NA,NA,NA,NA,NA,NA,0.069
336,NA,NA,NA,NA,NA,NA,0.069
337,NA,NA,NA,NA,NA,NA,0.069
338,NA,NA,NA,NA,NA,NA,0.069
339,NA,NA,NA,NA,NA,NA,0.069
340,NA,NA,NA,NA,NA,NA,0.069
341,NA,NA,NA,NA,NA,NA,0.069
342,NA,NA,NA,NA,NA,NA,0.069
344,NA,NA,NA,NA,NA,NA,0.069
348,NA,NA,NA,NA,NA,NA,0.069
349,NA,NA,NA,NA,NA,NA,0.069
350,NA,NA,NA,NA,NA,NA,0.069
351,NA,NA,NA,NA,NA,NA,0.069
354,NA,NA,NA,NA,NA,NA,0.069
355,NA,NA,NA,NA,NA,NA,0.069
357,NA,NA,NA,NA,NA,NA,0.069
358,NA,NA,NA,NA,NA,NA,0.069
359,NA,NA,NA,NA,NA,NA,0.069
360,NA,NA,NA,NA,NA,NA,0.069
361,NA,NA,NA,NA,NA,NA,0.069
362,NA,NA,NA,NA,NA,NA,0.069
363,NA,NA,NA,NA,NA,NA,0.069
364,NA,NA,NA,NA,NA,NA,0.069
365,NA,NA,NA,NA,NA,NA,0.069
366,NA,NA,NA,NA,NA,NA,0.069
367,NA,NA,NA,NA,NA,NA,0.069
369,NA,NA,NA,NA,NA,NA,0.069
370,NA,NA,NA,NA,NA,NA,0.069
372,NA,NA,NA,NA,NA,NA,0.069
373,NA,NA,NA,NA,NA,NA,0.069
374,NA,NA,NA,NA,NA,NA,0.069
375,NA,NA,NA,NA,NA,NA,0.069
376,NA,NA,NA,NA,NA,NA,0.069
377,NA,NA,NA,NA,NA,NA,0.069
379,NA,NA,NA,NA,NA,NA,0.069
380,NA,NA,NA,NA,NA,NA,0.069
381,NA,NA,NA,NA,NA,NA,0.069
382,NA,NA,NA,NA,NA,NA,0.069
383,NA,NA,NA,NA,NA,NA,0.069
384,NA,NA,NA,NA,NA,NA,0.069
385,NA,NA,NA,NA,NA,NA,0.069
387,NA,NA,NA,NA,NA,NA,0.069
388,NA,NA,NA,NA,NA,NA,0.069
389,NA,NA,NA,NA,NA,NA,0.069
391,NA,NA,NA,NA,NA,NA,0.069
392,NA,NA,NA,NA,NA,NA,0.069
397,NA,NA,NA,NA,NA,NA,0.069
399,NA,NA,NA,NA,NA,NA,0.069
400,NA,NA,NA,NA,NA,NA,0.069
402,NA,NA,NA,NA,NA,NA,0.069
403,NA,NA,NA,NA,NA,NA,0.069
404,NA,NA,NA,NA,NA,NA,0.069
405,NA,NA,NA,NA,NA,NA,0.069
406,NA,NA,NA,NA,NA,NA,0.069
407,NA,NA,NA,NA,NA,NA,0.069
408,NA,NA,NA,NA,NA,NA,0.069
409,NA,NA,NA,NA,NA,NA,0.069
410,NA,NA,NA,NA,NA,NA,0.069
413,NA,NA,NA,NA,NA,NA,0.069
415,NA,NA,NA,NA,NA,NA,0.069
418,NA,NA,NA,NA,NA,NA,0.069
419,NA,NA,NA,NA,NA,NA,0.069
420,NA,NA,NA,NA,NA,NA,0.069
421,NA,NA,NA,NA,NA,NA,0.069
423,NA,NA,NA,NA,NA,NA,0.069
424,NA,NA,NA,NA,NA,NA,0.069
425,NA,NA,NA,NA,NA,NA,0.069
426,NA,NA,NA,NA,NA,NA,0.069
427,NA,NA,NA,NA,NA,NA,0.069
428,NA,NA,NA,NA,NA,NA,0.069
429,NA,NA,NA,NA,NA,NA,0.069
430,NA,NA,NA,NA,NA,NA,0.069
431,NA,NA,NA,NA,NA,NA,0.069
432,NA,NA,NA,NA,NA,NA,0.069
433,NA,NA,NA,NA,NA,NA,0.069
436,NA,NA,NA,NA,NA,NA,0.069
438,NA,NA,NA,NA,NA,NA,0.069
439,NA,NA,NA,NA,NA,NA,0.069
440,NA,NA,NA,NA,NA,NA,0.069
442,NA,NA,NA,NA,NA,NA,0.069
443,NA,NA,NA,NA,NA,NA,0.069
444,NA,NA,NA,NA,NA,NA,0.069
446,NA,NA,NA,NA,NA,NA,0.069
448,NA,NA,NA,NA,NA,NA,0.069
450,NA,NA,NA,NA,NA,NA,0.069
452,NA,NA,NA,NA,NA,NA,0.069
453,NA,NA,NA,NA,NA,NA,0.069
454,NA,NA,NA,NA,NA,NA,0.069
455,NA,NA,NA,NA,NA,NA,0.069
456,NA,NA,NA,NA,NA,NA,0.069
457,NA,NA,NA,NA,NA,NA,0.069
458,NA,NA,NA,NA,NA,NA,0.069
460,NA,NA,NA,NA,NA,NA,0.069
462,NA,NA,NA,NA,NA,NA,0.069
463,NA,NA,NA,NA,NA,NA,0.069
464,NA,NA,NA,NA,NA,NA,0.069
465,NA,NA,NA,NA,NA,NA,0.069
466,NA,NA,NA,NA,NA,NA,0.069
467,NA,NA,NA,NA,NA,NA,0.069
468,NA,NA,NA,NA,NA,NA,0.069
469,NA,NA,NA,NA,NA,NA,0.069
471,NA,NA,NA,NA,NA,NA,0.069
472,NA,NA,NA,NA,NA,NA,0.069
474,NA,NA,NA,NA,NA,NA,0.069
475,NA,NA,NA,NA,NA,NA,0.069
476,NA,NA,NA,NA,NA,NA,0.069
479,NA,NA,NA,NA,NA,NA,0.069
480,NA,NA,NA,NA,NA,NA,0.069
481,NA,NA,NA,NA,NA,NA,0.069
482,NA,NA,NA,NA,NA,NA,0.069
484,NA,NA,NA,NA,NA,NA,0.069
485,NA,NA,NA,NA,NA,NA,0.069
486,NA,NA,NA,NA,NA,NA,0.069
488,NA,NA,NA,NA,NA,NA,0.069
491,NA,NA,NA,NA,NA,NA,0.069
492,NA,NA,NA,NA,NA,NA,0.069
493,NA,NA,NA,NA,NA,NA,0.069
494,NA,NA,NA,NA,NA,NA,0.069
495,NA,NA,NA,NA,NA,NA,0.069
496,NA,NA,NA,NA,NA,NA,0.069
498,NA,NA,NA,NA,NA,NA,0.069
499,NA,NA,NA,NA,NA,NA,0.069
500,NA,NA,NA,NA,NA,NA,0.069
501,NA,NA,NA,NA,NA,NA,0.069
502,NA,NA,NA,NA,NA,NA,0.069
503,NA,NA,NA,NA,NA,NA,0.069
504,NA,NA,NA,NA,NA,NA,0.069
505,NA,NA,NA,NA,NA,NA,0.069
506,NA,NA,NA,NA,NA,NA,0.069
508,NA,NA,NA,NA,NA,NA,0.069
509,NA,NA,NA,NA,NA,NA,0.069
511,NA,NA,NA,NA,NA,NA,0.069
513,NA,NA,NA,NA,NA,NA,0.069
514,NA,NA,NA,NA,NA,NA,0.069
516,NA,NA,NA,NA,NA,NA,0.069
518,NA,NA,NA,NA,NA,NA,0.069
519,NA,NA,NA,NA,NA,NA,0.069
520,NA,NA,NA,NA,NA,NA,0.069
521,NA,NA,NA,NA,NA,NA,0.069
522,NA,NA,NA,NA,NA,NA,0.069
523,NA,NA,NA,NA,NA,NA,0.069
524,NA,NA,NA,NA,NA,NA,0.069
525,NA,NA,NA,NA,NA,NA,0.069
526,NA,NA,NA,NA,NA,NA,0.069
527,NA,NA,NA,NA,NA,NA,0.069
528,NA,NA,NA,NA,NA,NA,0.069
529,NA,NA,NA,NA,NA,NA,0.069
530,NA,NA,NA,NA,NA,NA,0.069
531,NA,NA,NA,NA,NA,NA,0.069
532,NA,NA,NA,NA,NA,NA,0.069
533,NA,NA,NA,NA,NA,NA,0.069
534,NA,NA,NA,NA,NA,NA,0.069
539,NA,NA,NA,NA,NA,NA,0.069
540,NA,NA,NA,NA,NA,NA,0.069
541,NA,NA,NA,NA,NA,NA,0.069
542,NA,NA,NA,NA,NA,NA,0.069
543,NA,NA,NA,NA,NA,NA,0.069
544,NA,NA,NA,NA,NA,NA,0.069
546,NA,NA,NA,NA,NA,NA,0.069
547,NA,NA,NA,NA,NA,NA,0.069
548,NA,NA,NA,NA,NA,NA,0.069
549,NA,NA,NA,NA,NA,NA,0.069
550,NA,NA,NA,NA,NA,NA,0.069
552,NA,NA,NA,NA,NA,NA,0.069
553,NA,NA,NA,NA,NA,NA,0.069
554,NA,NA,NA,NA,NA,NA,0.069
555,NA,NA,NA,NA,NA,NA,0.069
556,NA,NA,NA,NA,NA,NA,0.069
557,NA,NA,NA,NA,NA,NA,0.069
558,NA,NA,NA,NA,NA,NA,0.069
559,NA,NA,NA,NA,NA,NA,0.069
560,NA,NA,NA,NA,NA,NA,0.069
562,NA,NA,NA,NA,NA,NA,0.069
563,NA,NA,NA,NA,NA,NA,0.069
564,NA,NA,NA,NA,NA,NA,0.069
565,NA,NA,NA,NA,NA,NA,0.069
566,NA,NA,NA,NA,NA,NA,0.069
567,NA,NA,NA,NA,NA,NA,0.069
569,NA,NA,NA,NA,NA,NA,0.069
571,NA,NA,NA,NA,NA,NA,0.069
572,NA,NA,NA,NA,NA,NA,0.069
573,NA,NA,NA,NA,NA,NA,0.069
574,NA,NA,NA,NA,NA,NA,0.069
575,NA,NA,NA,NA,NA,NA,0.069
576,NA,NA,NA,NA,NA,NA,0.069
577,NA,NA,NA,NA,NA,NA,0.069
579,NA,NA,NA,NA,NA,NA,0.069
580,NA,NA,NA,NA,NA,NA,0.069
581,NA,NA,NA,NA,NA,NA,0.069
582,NA,NA,NA,NA,NA,NA,0.069
583,NA,NA,NA,NA,NA,NA,0.069
586,NA,NA,NA,NA,NA,NA,0.069
587,NA,NA,NA,NA,NA,NA,0.069
588,NA,NA,NA,NA,NA,NA,0.069
589,NA,NA,NA,NA,NA,NA,0.069
593,NA,NA,NA,NA,NA,NA,0.069
594,NA,NA,NA,NA,NA,NA,0.069
595,NA,NA,NA,NA,NA,NA,0.069
596,NA,NA,NA,NA,NA,NA,0.069
597,NA,NA,NA,NA,NA,NA,0.069
598,NA,NA,NA,NA,NA,NA,0.069
599,NA,NA,NA,NA,NA,NA,0.069
600,NA,NA,NA,NA,NA,NA,0.069
601,NA,NA,NA,NA,NA,NA,0.069
602,NA,NA,NA,NA,NA,NA,0.069
603,NA,NA,NA,NA,NA,NA,0.069
604,NA,NA,NA,NA,NA,NA,0.069
605,NA,NA,NA,NA,NA,NA,0.069
606,NA,NA,NA,NA,NA,NA,0.069
607,NA,NA,NA,NA,NA,NA,0.069
608,NA,NA,NA,NA,NA,NA,0.069
609,NA,NA,NA,NA,NA,NA,0.069
610,NA,NA,NA,NA,NA,NA,0.069
611,NA,NA,NA,NA,NA,NA,0.069
612,NA,NA,NA,NA,NA,NA,0.069
613,NA,NA,NA,NA,NA,NA,0.069
614,NA,NA,NA,NA,NA,NA,0.069
615,NA,NA,NA,NA,NA,NA,0.069
618,NA,NA,NA,NA,NA,NA,0.069
619,NA,NA,NA,NA,NA,NA,0.069
620,NA,NA,NA,NA,NA,NA,0.069
624,NA,NA,NA,NA,NA,NA,0.069
626,NA,NA,NA,NA,NA,NA,0.069
627,NA,NA,NA,NA,NA,NA,0.069
629,NA,NA,NA,NA,NA,NA,0.069
630,NA,NA,NA,NA,NA,NA,0.069
631,NA,NA,NA,NA,NA,NA,0.069
632,NA,NA,NA,NA,NA,NA,0.069
633,NA,NA,NA,NA,NA,NA,0.069
634,NA,NA,NA,NA,NA,NA,0.069
635,NA,NA,NA,NA,NA,NA,0.069
636,NA,NA,NA,NA,NA,NA,0.069
637,NA,NA,NA,NA,NA,NA,0.069
638,NA,NA,NA,NA,NA,NA,0.069
639,NA,NA,NA,NA,NA,NA,0.069
640,NA,NA,NA,NA,NA,NA,0.069
641,NA,NA,NA,NA,NA,NA,0.069
642,NA,NA,NA,NA,NA,NA,0.069
643,NA,NA,NA,NA,NA,NA,0.069
644,NA,NA,NA,NA,NA,NA,0.069
645,NA,NA,NA,NA,NA,NA,0.069
646,NA,NA,NA,NA,NA,NA,0.069
647,NA,NA,NA,NA,NA,NA,0.069
649,NA,NA,NA,NA,NA,NA,0.069
650,NA,NA,NA,NA,NA,NA,0.069
651,NA,NA,NA,NA,NA,NA,0.069
652,NA,NA,NA,NA,NA,NA,0.069
653,NA,NA,NA,NA,NA,NA,0.069
657,NA,NA,NA,NA,NA,NA,0.069
658,NA,NA,NA,NA,NA,NA,0.069
659,NA,NA,NA,NA,NA,NA,0.069
660,NA,NA,NA,NA,NA,NA,0.069
663,NA,NA,NA,NA,NA,NA,0.069
665,NA,NA,NA,NA,NA,NA,0.069
666,NA,NA,NA,NA,NA,NA,0.069
667,NA,NA,NA,NA,NA,NA,0.069
668,NA,NA,NA,NA,NA,NA,0.069
669,NA,NA,NA,NA,NA,NA,0.069
671,NA,NA,NA,NA,NA,NA,0.069
672,NA,NA,NA,NA,NA,NA,0.069
674,NA,NA,NA,NA,NA,NA,0.069
675,NA,NA,NA,NA,NA,NA,0.069
676,NA,NA,NA,NA,NA,NA,0.069
677,NA,NA,NA,NA,NA,NA,0.069
678,NA,NA,NA,NA,NA,NA,0.069
679,NA,NA,NA,NA,NA,NA,0.069
680,NA,NA,NA,NA,NA,NA,0.069
681,NA,NA,NA,NA,NA,NA,0.069
687,NA,NA,NA,NA,NA,NA,0.069
688,NA,NA,NA,NA,NA,NA,0.069
689,NA,NA,NA,NA,NA,NA,0.069
692,NA,NA,NA,NA,NA,NA,0.069
693,NA,NA,NA,NA,NA,NA,0.069
694,NA,NA,NA,NA,NA,NA,0.069
695,NA,NA,NA,NA,NA,NA,0.069
696,NA,NA,NA,NA,NA,NA,0.069
697,NA,NA,NA,NA,NA,NA,0.069
698,NA,NA,NA,NA,NA,NA,0.069
699,NA,NA,NA,NA,NA,NA,0.069
700,NA,NA,NA,NA,NA,NA,0.069
701,NA,NA,NA,NA,NA,NA,0.069
702,NA,NA,NA,NA,NA,NA,0.069
703,NA,NA,NA,NA,NA,NA,0.069
704,NA,NA,NA,NA,NA,NA,0.069
705,NA,NA,NA,NA,NA,NA,0.069
706,NA,NA,NA,NA,NA,NA,0.069
707,NA,NA,NA,NA,NA,NA,0.069
709,NA,NA,NA,NA,NA,NA,0.069
710,NA,NA,NA,NA,NA,NA,0.069
711,NA,NA,NA,NA,NA,NA,0.069
712,NA,NA,NA,NA,NA,NA,0.069
713,NA,NA,NA,NA,NA,NA,0.069
716,NA,NA,NA,NA,NA,NA,0.069
717,NA,NA,NA,NA,NA,NA,0.069
718,NA,NA,NA,NA,NA,NA,0.069
719,NA,NA,NA,NA,NA,NA,0.069
720,NA,NA,NA,NA,NA,NA,0.069
722,NA,NA,NA,NA,NA,NA,0.069
723,NA,NA,NA,NA,NA,NA,0.069
724,NA,NA,NA,NA,NA,NA,0.069
725,NA,NA,NA,NA,NA,NA,0.069
726,NA,NA,NA,NA,NA,NA,0.069
728,NA,NA,NA,NA,NA,NA,0.069
729,NA,NA,NA,NA,NA,NA,0.069
730,NA,NA,NA,NA,NA,NA,0.069
731,NA,NA,NA,NA,NA,NA,0.069
732,NA,NA,NA,NA,NA,NA,0.069
733,NA,NA,NA,NA,NA,NA,0.069
734,NA,NA,NA,NA,NA,NA,0.069
737,NA,NA,NA,NA,NA,NA,0.069
739,NA,NA,NA,NA,NA,NA,0.069
741,NA,NA,NA,NA,NA,NA,0.069
742,NA,NA,NA,NA,NA,NA,0.069
743,NA,NA,NA,NA,NA,NA,0.069
745,NA,NA,NA,NA,NA,NA,0.069
746,NA,NA,NA,NA,NA,NA,0.069
747,NA,NA,NA,NA,NA,NA,0.069
748,NA,NA,NA,NA,NA,NA,0.069
749,NA,NA,NA,NA,NA,NA,0.069
750,NA,NA,NA,NA,NA,NA,0.069
751,NA,NA,NA,NA,NA,NA,0.069
752,NA,NA,NA,NA,NA,NA,0.069
753,NA,NA,NA,NA,NA,NA,0.069
756,NA,NA,NA,NA,NA,NA,0.069
757,NA,NA,NA,NA,NA,NA,0.069
758,NA,NA,NA,NA,NA,NA,0.069
759,NA,NA,NA,NA,NA,NA,0.069
761,NA,NA,NA,NA,NA,NA,0.069
762,NA,NA,NA,NA,NA,NA,0.069
764,NA,NA,NA,NA,NA,NA,0.069
765,NA,NA,NA,NA,NA,NA,0.069
768,NA,NA,NA,NA,NA,NA,0.069
769,NA,NA,NA,NA,NA,NA,0.069
770,NA,NA,NA,NA,NA,NA,0.069
773,NA,NA,NA,NA,NA,NA,0.069
774,NA,NA,NA,NA,NA,NA,0.069
775,NA,NA,NA,NA,NA,NA,0.069
776,NA,NA,NA,NA,NA,NA,0.069
777,NA,NA,NA,NA,NA,NA,0.069
778,NA,NA,NA,NA,NA,NA,0.069
779,NA,NA,NA,NA,NA,NA,0.069
780,NA,NA,NA,NA,NA,NA,0.069
781,NA,NA,NA,NA,NA,NA,0.069
782,NA,NA,NA,NA,NA,NA,0.069
783,NA,NA,NA,NA,NA,NA,0.069
784,NA,NA,NA,NA,NA,NA,0.069
785,NA,NA,NA,NA,NA,NA,0.069
786,NA,NA,NA,NA,NA,NA,0.069
787,NA,NA,NA,NA,NA,NA,0.069
788,NA,NA,NA,NA,NA,NA,0.069
789,NA,NA,NA,NA,NA,NA,0.069
790,NA,NA,NA,NA,NA,NA,0.069
791,NA,NA,NA,NA,NA,NA,0.069
792,NA,NA,NA,NA,NA,NA,0.069
793,NA,NA,NA,NA,NA,NA,0.069
794,NA,NA,NA,NA,NA,NA,0.069
796,NA,NA,NA,NA,NA,NA,0.069
797,NA,NA,NA,NA,NA,NA,0.069
801,NA,NA,NA,NA,NA,NA,0.069
803,NA,NA,NA,NA,NA,NA,0.069
804,NA,NA,NA,NA,NA,NA,0.069
806,NA,NA,NA,NA,NA,NA,0.069
807,NA,NA,NA,NA,NA,NA,0.069
808,NA,NA,NA,NA,NA,NA,0.069
810,NA,NA,NA,NA,NA,NA,0.069
811,NA,NA,NA,NA,NA,NA,0.069
812,NA,NA,NA,NA,NA,NA,0.069
814,NA,NA,NA,NA,NA,NA,0.069
815,NA,NA,NA,NA,NA,NA,0.069
819,NA,NA,NA,NA,NA,NA,0.069
820,NA,NA,NA,NA,NA,NA,0.069
822,NA,NA,NA,NA,NA,NA,0.069
823,NA,NA,NA,NA,NA,NA,0.069
824,NA,NA,NA,NA,NA,NA,0.069
825,NA,NA,NA,NA,NA,NA,0.069
826,NA,NA,NA,NA,NA,NA,0.069
827,NA,NA,NA,NA,NA,NA,0.069
829,NA,NA,NA,NA,NA,NA,0.069
830,NA,NA,NA,NA,NA,NA,0.069
831,NA,NA,NA,NA,NA,NA,0.069
832,NA,NA,NA,NA,NA,NA,0.069
833,NA,NA,NA,NA,NA,NA,0.069
834,NA,NA,NA,NA,NA,NA,0.069
835,NA,NA,NA,NA,NA,NA,0.069
836,NA,NA,NA,NA,NA,NA,0.069
837,NA,NA,NA,NA,NA,NA,0.069
838,NA,NA,NA,NA,NA,NA,0.069
839,NA,NA,NA,NA,NA,NA,0.069
840,NA,NA,NA,NA,NA,NA,0.069
841,NA,NA,NA,NA,NA,NA,0.069
842,NA,NA,NA,NA,NA,NA,0.069
845,NA,NA,NA,NA,NA,NA,0.069
847,NA,NA,NA,NA,NA,NA,0.069
850,NA,NA,NA,NA,NA,NA,0.069
852,NA,NA,NA,NA,NA,NA,0.069
853,NA,NA,NA,NA,NA,NA,0.069
855,NA,NA,NA,NA,NA,NA,0.069
856,NA,NA,NA,NA,NA,NA,0.069
857,NA,NA,NA,NA,NA,NA,0.069
858,NA,NA,NA,NA,NA,NA,0.069
859,NA,NA,NA,NA,NA,NA,0.069
860,NA,NA,NA,NA,NA,NA,0.069
862,NA,NA,NA,NA,NA,NA,0.069
863,NA,NA,NA,NA,NA,NA,0.069
864,NA,NA,NA,NA,NA,NA,0.069
865,NA,NA,NA,NA,NA,NA,0.069
866,NA,NA,NA,NA,NA,NA,0.069
869,NA,NA,NA,NA,NA,NA,0.069
870,NA,NA,NA,NA,NA,NA,0.069
871,NA,NA,NA,NA,NA,NA,0.069
872,NA,NA,NA,NA,NA,NA,0.069
874,NA,NA,NA,NA,NA,NA,0.069
875,NA,NA,NA,NA,NA,NA,0.069
876,NA,NA,NA,NA,NA,NA,0.069
877,NA,NA,NA,NA,NA,NA,0.069
879,NA,NA,NA,NA,NA,NA,0.069
880,NA,NA,NA,NA,NA,NA,0.069
881,NA,NA,NA,NA,NA,NA,0.069
883,NA,NA,NA,NA,NA,NA,0.069
884,NA,NA,NA,NA,NA,NA,0.069
885,NA,NA,NA,NA,NA,NA,0.069
887,NA,NA,NA,NA,NA,NA,0.069
889,NA,NA,NA,NA,NA,NA,0.069
891,NA,NA,NA,NA,NA,NA,0.069
892,NA,NA,NA,NA,NA,NA,0.069
893,NA,NA,NA,NA,NA,NA,0.069
894,NA,NA,NA,NA,NA,NA,0.069
896,NA,NA,NA,NA,NA,NA,0.069
897,NA,NA,NA,NA,NA,NA,0.069
898,NA,NA,NA,NA,NA,NA,0.069
900,NA,NA,NA,NA,NA,NA,0.069
901,NA,NA,NA,NA,NA,NA,0.069
902,NA,NA,NA,NA,NA,NA,0.069
903,NA,NA,NA,NA,NA,NA,0.069
904,NA,NA,NA,NA,NA,NA,0.069
905,NA,NA,NA,NA,NA,NA,0.069
906,NA,NA,NA,NA,NA,NA,0.069
907,NA,NA,NA,NA,NA,NA,0.069
909,NA,NA,NA,NA,NA,NA,0.069
910,NA,NA,NA,NA,NA,NA,0.069
911,NA,NA,NA,NA,NA,NA,0.069
912,NA,NA,NA,NA,NA,NA,0.069
913,NA,NA,NA,NA,NA,NA,0.069
914,NA,NA,NA,NA,NA,NA,0.069
915,NA,NA,NA,NA,NA,NA,0.069
916,NA,NA,NA,NA,NA,NA,0.069
919,NA,NA,NA,NA,NA,NA,0.069
922,NA,NA,NA,NA,NA,NA,0.069
923,NA,NA,NA,NA,NA,NA,0.069
924,NA,NA,NA,NA,NA,NA,0.069
925,NA,NA,NA,NA,NA,NA,0.069
926,NA,NA,NA,NA,NA,NA,0.069
930,NA,NA,NA,NA,NA,NA,0.069
931,NA,NA,NA,NA,NA,NA,0.069
932,NA,NA,NA,NA,NA,NA,0.069
933,NA,NA,NA,NA,NA,NA,0.069
935,NA,NA,NA,NA,NA,NA,0.069
936,NA,NA,NA,NA,NA,NA,0.069
937,NA,NA,NA,NA,NA,NA,0.069
938,NA,NA,NA,NA,NA,NA,0.069
939,NA,NA,NA,NA,NA,NA,0.069
940,NA,NA,NA,NA,NA,NA,0.069
943,NA,NA,NA,NA,NA,NA,0.069
945,NA,NA,NA,NA,NA,NA,0.069
946,NA,NA,NA,NA,NA,NA,0.069
947,NA,NA,NA,NA,NA,NA,0.069
948,NA,NA,NA,NA,NA,NA,0.069
949,NA,NA,NA,NA,NA,NA,0.069
950,NA,NA,NA,NA,NA,NA,0.069
951,NA,NA,NA,NA,NA,NA,0.069
953,NA,NA,NA,NA,NA,NA,0.069
957,NA,NA,NA,NA,NA,NA,0.069
958,NA,NA,NA,NA,NA,NA,0.069
959,NA,NA,NA,NA,NA,NA,0.069
960,NA,NA,NA,NA,NA,NA,0.069
961,NA,NA,NA,NA,NA,NA,0.069
962,NA,NA,NA,NA,NA,NA,0.069
963,NA,NA,NA,NA,NA,NA,0.069
966,NA,NA,NA,NA,NA,NA,0.069
967,NA,NA,NA,NA,NA,NA,0.069
968,NA,NA,NA,NA,NA,NA,0.069
970,NA,NA,NA,NA,NA,NA,0.069
972,NA,NA,NA,NA,NA,NA,0.069
973,NA,NA,NA,NA,NA,NA,0.069
974,NA,NA,NA,NA,NA,NA,0.069
975,NA,NA,NA,NA,NA,NA,0.069
976,NA,NA,NA,NA,NA,NA,0.069
977,NA,NA,NA,NA,NA,NA,0.069
979,NA,NA,NA,NA,NA,NA,0.069
980,NA,NA,NA,NA,NA,NA,0.069
981,NA,NA,NA,NA,NA,NA,0.069
982,NA,NA,NA,NA,NA,NA,0.069
984,NA,NA,NA,NA,NA,NA,0.069
986,NA,NA,NA,NA,NA,NA,0.069
988,NA,NA,NA,NA,NA,NA,0.069
989,NA,NA,NA,NA,NA,NA,0.069
991,NA,NA,NA,NA,NA,NA,0.069
992,NA,NA,NA,NA,NA,NA,0.069
993,NA,NA,NA,NA,NA,NA,0.069
994,NA,NA,NA,NA,NA,NA,0.069
995,NA,NA,NA,NA,NA,NA,0.069
996,NA,NA,NA,NA,NA,NA,0.069
998,NA,NA,NA,NA,NA,NA,0.069
999,NA,NA,NA,NA,NA,NA,0.069
1000,NA,NA,NA,NA,NA,NA,0.069
1001,NA,NA,NA,NA,NA,NA,0.069
1002,NA,NA,NA,NA,NA,NA,0.069
1003,NA,NA,NA,NA,NA,NA,0.069
1005,NA,NA,NA,NA,NA,NA,0.069
1006,NA,NA,NA,NA,NA,NA,0.069
1007,NA,NA,NA,NA,NA,NA,0.069
1008,NA,NA,NA,NA,NA,NA,0.069
1009,NA,NA,NA,NA,NA,NA,0.069
1010,NA,NA,NA,NA,NA,NA,0.069
1011,NA,NA,NA,NA,NA,NA,0.069
1012,NA,NA,NA,NA,NA,NA,0.069
1014,NA,NA,NA,NA,NA,NA,0.069
1015,NA,NA,NA,NA,NA,NA,0.069
1016,NA,NA,NA,NA,NA,NA,0.069
1017,NA,NA,NA,NA,NA,NA,0.069
1019,NA,NA,NA,NA,NA,NA,0.069
1023,NA,NA,NA,NA,NA,NA,0.069
1024,NA,NA,NA,NA,NA,NA,0.069
1025,NA,NA,NA,NA,NA,NA,0.069
1027,NA,NA,NA,NA,NA,NA,0.069
1028,NA,NA,NA,NA,NA,NA,0.069
1029,NA,NA,NA,NA,NA,NA,0.069
1031,NA,NA,NA,NA,NA,NA,0.069
1032,NA,NA,NA,NA,NA,NA,0.069
1034,NA,NA,NA,NA,NA,NA,0.069
1036,NA,NA,NA,NA,NA,NA,0.069
1037,NA,NA,NA,NA,NA,NA,0.069
1038,NA,NA,NA,NA,NA,NA,0.069
1039,NA,NA,NA,NA,NA,NA,0.069
1040,NA,NA,NA,NA,NA,NA,0.069
1041,NA,NA,NA,NA,NA,NA,0.069
1042,NA,NA,NA,NA,NA,NA,0.069
1043,NA,NA,NA,NA,NA,NA,0.069
1044,NA,NA,NA,NA,NA,NA,0.069
1045,NA,NA,NA,NA,NA,NA,0.069
1046,NA,NA,NA,NA,NA,NA,0.069
1047,NA,NA,NA,NA,NA,NA,0.069
1048,NA,NA,NA,NA,NA,NA,0.069
1049,NA,NA,NA,NA,NA,NA,0.069
1050,NA,NA,NA,NA,NA,NA,0.069
1051,NA,NA,NA,NA,NA,NA,0.069
1052,NA,NA,NA,NA,NA,NA,0.069
1053,NA,NA,NA,NA,NA,NA,0.069
1056,NA,NA,NA,NA,NA,NA,0.069
1058,NA,NA,NA,NA,NA,NA,0.069
1060,NA,NA,NA,NA,NA,NA,0.069
1061,NA,NA,NA,NA,NA,NA,0.069
1063,NA,NA,NA,NA,NA,NA,0.069
1065,NA,NA,NA,NA,NA,NA,0.069
1066,NA,NA,NA,NA,NA,NA,0.069
1067,NA,NA,NA,NA,NA,NA,0.069
1068,NA,NA,NA,NA,NA,NA,0.069
1069,NA,NA,NA,NA,NA,NA,0.069
1070,NA,NA,NA,NA,NA,NA,0.069
1071,NA,NA,NA,NA,NA,NA,0.069
1072,NA,NA,NA,NA,NA,NA,0.069
1073,NA,NA,NA,NA,NA,NA,0.069
1074,NA,NA,NA,NA,NA,NA,0.069
1076,NA,NA,NA,NA,NA,NA,0.069
1077,NA,NA,NA,NA,NA,NA,0.069
1078,NA,NA,NA,NA,NA,NA,0.069
1079,NA,NA,NA,NA,NA,NA,0.069
1080,NA,NA,NA,NA,NA,NA,0.069
1081,NA,NA,NA,NA,NA,NA,0.069
1085,NA,NA,NA,NA,NA,NA,0.069
1086,NA,NA,NA,NA,NA,NA,0.069
1089,NA,NA,NA,NA,NA,NA,0.069
1091,NA,NA,NA,NA,NA,NA,0.069
1092,NA,NA,NA,NA,NA,NA,0.069
1093,NA,NA,NA,NA,NA,NA,0.069
1094,NA,NA,NA,NA,NA,NA,0.069
1095,NA,NA,NA,NA,NA,NA,0.069
1096,NA,NA,NA,NA,NA,NA,0.069
1097,NA,NA,NA,NA,NA,NA,0.069
1100,NA,NA,NA,NA,NA,NA,0.069
1101,NA,NA,NA,NA,NA,NA,0.069
1102,NA,NA,NA,NA,NA,NA,0.069
1103,NA,NA,NA,NA,NA,NA,0.069
1104,NA,NA,NA,NA,NA,NA,0.069
1105,NA,NA,NA,NA,NA,NA,0.069
1108,NA,NA,NA,NA,NA,NA,0.069
1110,NA,NA,NA,NA,NA,NA,0.069
1111,NA,NA,NA,NA,NA,NA,0.069
1112,NA,NA,NA,NA,NA,NA,0.069
1113,NA,NA,NA,NA,NA,NA,0.069
1114,NA,NA,NA,NA,NA,NA,0.069
1115,NA,NA,NA,NA,NA,NA,0.069
1116,NA,NA,NA,NA,NA,NA,0.069
1117,NA,NA,NA,NA,NA,NA,0.069
1118,NA,NA,NA,NA,NA,NA,0.069
1119,NA,NA,NA,NA,NA,NA,0.069
1120,NA,NA,NA,NA,NA,NA,0.069
1121,NA,NA,NA,NA,NA,NA,0.069
1122,NA,NA,NA,NA,NA,NA,0.069
1126,NA,NA,NA,NA,NA,NA,0.069
1127,NA,NA,NA,NA,NA,NA,0.069
1129,NA,NA,NA,NA,NA,NA,0.069
1130,NA,NA,NA,NA,NA,NA,0.069
1132,NA,NA,NA,NA,NA,NA,0.069
1133,NA,NA,NA,NA,NA,NA,0.069
1134,NA,NA,NA,NA,NA,NA,0.069
1135,NA,NA,NA,NA,NA,NA,0.069
1136,NA,NA,NA,NA,NA,NA,0.069
1137,NA,NA,NA,NA,NA,NA,0.069
1138,NA,NA,NA,NA,NA,NA,0.069
1139,NA,NA,NA,NA,NA,NA,0.069
1140,NA,NA,NA,NA,NA,NA,0.069
1141,NA,NA,NA,NA,NA,NA,0.069
1142,NA,NA,NA,NA,NA,NA,0.069
1147,NA,NA,NA,NA,NA,NA,0.069
1149,NA,NA,NA,NA,NA,NA,0.069
1150,NA,NA,NA,NA,NA,NA,0.069
1152,NA,NA,NA,NA,NA,NA,0.069
1153,NA,NA,NA,NA,NA,NA,0.069
1154,NA,NA,NA,NA,NA,NA,0.069
1156,NA,NA,NA,NA,NA,NA,0.069
1157,NA,NA,NA,NA,NA,NA,0.069
1158,NA,NA,NA,NA,NA,NA,0.069
1160,NA,NA,NA,NA,NA,NA,0.069
1161,NA,NA,NA,NA,NA,NA,0.069
1163,NA,NA,NA,NA,NA,NA,0.069
1164,NA,NA,NA,NA,NA,NA,0.069
1166,NA,NA,NA,NA,NA,NA,0.069
1167,NA,NA,NA,NA,NA,NA,0.069
1168,NA,NA,NA,NA,NA,NA,0.069
1170,NA,NA,NA,NA,NA,NA,0.069
1171,NA,NA,NA,NA,NA,NA,0.069
1173,NA,NA,NA,NA,NA,NA,0.069
1174,NA,NA,NA,NA,NA,NA,0.069
1176,NA,NA,NA,NA,NA,NA,0.069
1181,NA,NA,NA,NA,NA,NA,0.069
1182,NA,NA,NA,NA,NA,NA,0.069
1183,NA,NA,NA,NA,NA,NA,0.069
1188,NA,NA,NA,NA,NA,NA,0.069
1189,NA,NA,NA,NA,NA,NA,0.069
1191,NA,NA,NA,NA,NA,NA,0.069
1192,NA,NA,NA,NA,NA,NA,0.069
1193,NA,NA,NA,NA,NA,NA,0.069
1195,NA,NA,NA,NA,NA,NA,0.069
1196,NA,NA,NA,NA,NA,NA,0.069
1197,NA,NA,NA,NA,NA,NA,0.069
1198,NA,NA,NA,NA,NA,NA,0.069
1199,NA,NA,NA,NA,NA,NA,0.069
1200,NA,NA,NA,NA,NA,NA,0.069
1201,NA,NA,NA,NA,NA,NA,0.069
1202,NA,NA,NA,NA,NA,NA,0.069
1203,NA,NA,NA,NA,NA,NA,0.069
1204,NA,NA,NA,NA,NA,NA,0.069
1206,NA,NA,NA,NA,NA,NA,0.069
1209,NA,NA,NA,NA,NA,NA,0.069
1210,NA,NA,NA,NA,NA,NA,0.069
1211,NA,NA,NA,NA,NA,NA,0.069
1214,NA,NA,NA,NA,NA,NA,0.069
1215,NA,NA,NA,NA,NA,NA,0.069
1216,NA,NA,NA,NA,NA,NA,0.069
1218,NA,NA,NA,NA,NA,NA,0.069
1219,NA,NA,NA,NA,NA,NA,0.069
1220,NA,NA,NA,NA,NA,NA,0.069
1221,NA,NA,NA,NA,NA,NA,0.069
1222,NA,NA,NA,NA,NA,NA,0.069
1223,NA,NA,NA,NA,NA,NA,0.069
1225,NA,NA,NA,NA,NA,NA,0.069
1226,NA,NA,NA,NA,NA,NA,0.069
1227,NA,NA,NA,NA,NA,NA,0.069
1228,NA,NA,NA,NA,NA,NA,0.069
1229,NA,NA,NA,NA,NA,NA,0.069
1230,NA,NA,NA,NA,NA,NA,0.069
1231,NA,NA,NA,NA,NA,NA,0.069
1232,NA,NA,NA,NA,NA,NA,0.069
1233,NA,NA,NA,NA,NA,NA,0.069
1234,NA,NA,NA,NA,NA,NA,0.069
1235,NA,NA,NA,NA,NA,NA,0.069
1236,NA,NA,NA,NA,NA,NA,0.069
1237,NA,NA,NA,NA,NA,NA,0.069
1238,NA,NA,NA,NA,NA,NA,0.069
1240,NA,NA,NA,NA,NA,NA,0.069
1243,NA,NA,NA,NA,NA,NA,0.069
1245,NA,NA,NA,NA,NA,NA,0.069
1246,NA,NA,NA,NA,NA,NA,0.069
1247,NA,NA,NA,NA,NA,NA,0.069
1249,NA,NA,NA,NA,NA,NA,0.069
1250,NA,NA,NA,NA,NA,NA,0.069
1255,NA,NA,NA,NA,NA,NA,0.069
1257,NA,NA,NA,NA,NA,NA,0.069
1258,NA,NA,NA,NA,NA,NA,0.069
1259,NA,NA,NA,NA,NA,NA,0.069
1260,NA,NA,NA,NA,NA,NA,0.069
1261,NA,NA,NA,NA,NA,NA,0.069
1262,NA,NA,NA,NA,NA,NA,0.069
1263,NA,NA,NA,NA,NA,NA,0.069
1264,NA,NA,NA,NA,NA,NA,0.069
1265,NA,NA,NA,NA,NA,NA,0.069
1266,NA,NA,NA,NA,NA,NA,0.069
1267,NA,NA,NA,NA,NA,NA,0.069
1269,NA,NA,NA,NA,NA,NA,0.069
1270,NA,NA,NA,NA,NA,NA,0.069
1273,NA,NA,NA,NA,NA,NA,0.069
1275,NA,NA,NA,NA,NA,NA,0.069
1276,NA,NA,NA,NA,NA,NA,0.069
1277,NA,NA,NA,NA,NA,NA,0.069
1278,NA,NA,NA,NA,NA,NA,0.069
1279,NA,NA,NA,NA,NA,NA,0.069
1280,NA,NA,NA,NA,NA,NA,0.069
1281,NA,NA,NA,NA,NA,NA,0.069
1282,NA,NA,NA,NA,NA,NA,0.069
1283,NA,NA,NA,NA,NA,NA,0.069
1285,NA,NA,NA,NA,NA,NA,0.069
1286,NA,NA,NA,NA,NA,NA,0.069
1287,NA,NA,NA,NA,NA,NA,0.069
1288,NA,NA,NA,NA,NA,NA,0.069
1289,NA,NA,NA,NA,NA,NA,0.069
1290,NA,NA,NA,NA,NA,NA,0.069
1291,NA,NA,NA,NA,NA,NA,0.069
1292,NA,NA,NA,NA,NA,NA,0.069
1295,NA,NA,NA,NA,NA,NA,0.069
1298,NA,NA,NA,NA,NA,NA,0.069
1299,NA,NA,NA,NA,NA,NA,0.069
1300,NA,NA,NA,NA,NA,NA,0.069
1301,NA,NA,NA,NA,NA,NA,0.069
1302,NA,NA,NA,NA,NA,NA,0.069
1305,NA,NA,NA,NA,NA,NA,0.069
1306,NA,NA,NA,NA,NA,NA,0.069
1307,NA,NA,NA,NA,NA,NA,0.069
1308,NA,NA,NA,NA,NA,NA,0.069
1311,NA,NA,NA,NA,NA,NA,0.069
1313,NA,NA,NA,NA,NA,NA,0.069
1314,NA,NA,NA,NA,NA,NA,0.069
1315,NA,NA,NA,NA,NA,NA,0.069
1316,NA,NA,NA,NA,NA,NA,0.069
1317,NA,NA,NA,NA,NA,NA,0.069
1318,NA,NA,NA,NA,NA,NA,0.069
1319,NA,NA,NA,NA,NA,NA,0.069
1320,NA,NA,NA,NA,NA,NA,0.069
1321,NA,NA,NA,NA,NA,NA,0.069
1322,NA,NA,NA,NA,NA,NA,0.069
1323,NA,NA,NA,NA,NA,NA,0.069
1325,NA,NA,NA,NA,NA,NA,0.069
1326,NA,NA,NA,NA,NA,NA,0.069
1327,NA,NA,NA,NA,NA,NA,0.069
1328,NA,NA,NA,NA,NA,NA,0.069
1329,NA,NA,NA,NA,NA,NA,0.069
1332,NA,NA,NA,NA,NA,NA,0.069
1333,NA,NA,NA,NA,NA,NA,0.069
1334,NA,NA,NA,NA,NA,NA,0.069
1335,NA,NA,NA,NA,NA,NA,0.069
1337,NA,NA,NA,NA,NA,NA,0.069
1340,NA,NA,NA,NA,NA,NA,0.069
1344,NA,NA,NA,NA,NA,NA,0.069
1345,NA,NA,NA,NA,NA,NA,0.069
1346,NA,NA,NA,NA,NA,NA,0.069
1348,NA,NA,NA,NA,NA,NA,0.069
1350,NA,NA,NA,NA,NA,NA,0.069
1351,NA,NA,NA,NA,NA,NA,0.069
1352,NA,NA,NA,NA,NA,NA,0.069
1353,NA,NA,NA,NA,NA,NA,0.069
1354,NA,NA,NA,NA,NA,NA,0.069
1355,NA,NA,NA,NA,NA,NA,0.069
1356,NA,NA,NA,NA,NA,NA,0.069
1357,NA,NA,NA,NA,NA,NA,0.069
1358,NA,NA,NA,NA,NA,NA,0.069
1359,NA,NA,NA,NA,NA,NA,0.069
1360,NA,NA,NA,NA,NA,NA,0.069
1361,NA,NA,NA,NA,NA,NA,0.069
1362,NA,NA,NA,NA,NA,NA,0.069
1364,NA,NA,NA,NA,NA,NA,0.069
1368,NA,NA,NA,NA,NA,NA,0.069
1370,NA,NA,NA,NA,NA,NA,0.069
1371,NA,NA,NA,NA,NA,NA,0.069
1372,NA,NA,NA,NA,NA,NA,0.069
1373,NA,NA,NA,NA,NA,NA,0.069
1374,NA,NA,NA,NA,NA,NA,0.069
1376,NA,NA,NA,NA,NA,NA,0.069
1377,NA,NA,NA,NA,NA,NA,0.069
1378,NA,NA,NA,NA,NA,NA,0.069
1379,NA,NA,NA,NA,NA,NA,0.069
1380,NA,NA,NA,NA,NA,NA,0.069
1381,NA,NA,NA,NA,NA,NA,0.069
1382,NA,NA,NA,NA,NA,NA,0.069
1385,NA,NA,NA,NA,NA,NA,0.069
1386,NA,NA,NA,NA,NA,NA,0.069
1387,NA,NA,NA,NA,NA,NA,0.069
1388,NA,NA,NA,NA,NA,NA,0.069
1390,NA,NA,NA,NA,NA,NA,0.069
1397,NA,NA,NA,NA,NA,NA,0.069
1398,NA,NA,NA,NA,NA,NA,0.069
1399,NA,NA,NA,NA,NA,NA,0.069
1400,NA,NA,NA,NA,NA,NA,0.069
1401,NA,NA,NA,NA,NA,NA,0.069
1402,NA,NA,NA,NA,NA,NA,0.069
1403,NA,NA,NA,NA,NA,NA,0.069
1404,NA,NA,NA,NA,NA,NA,0.069
1405,NA,NA,NA,NA,NA,NA,0.069
1406,NA,NA,NA,NA,NA,NA,0.069
1407,NA,NA,NA,NA,NA,NA,0.069
1408,NA,NA,NA,NA,NA,NA,0.069
1411,NA,NA,NA,NA,NA,NA,0.069
1412,NA,NA,NA,NA,NA,NA,0.069
1414,NA,NA,NA,NA,NA,NA,0.069
1416,NA,NA,NA,NA,NA,NA,0.069
1419,NA,NA,NA,NA,NA,NA,0.069
1420,NA,NA,NA,NA,NA,NA,0.069
1421,NA,NA,NA,NA,NA,NA,0.069
1422,NA,NA,NA,NA,NA,NA,0.069
1423,NA,NA,NA,NA,NA,NA,0.069
1424,NA,NA,NA,NA,NA,NA,0.069
1425,NA,NA,NA,NA,NA,NA,0.069
1430,NA,NA,NA,NA,NA,NA,0.069
1431,NA,NA,NA,NA,NA,NA,0.069
1432,NA,NA,NA,NA,NA,NA,0.069
1433,NA,NA,NA,NA,NA,NA,0.069
1434,NA,NA,NA,NA,NA,NA,0.069
1436,NA,NA,NA,NA,NA,NA,0.069
1437,NA,NA,NA,NA,NA,NA,0.069
1440,NA,NA,NA,NA,NA,NA,0.069
1443,NA,NA,NA,NA,NA,NA,0.069
1444,NA,NA,NA,NA,NA,NA,0.069
1447,NA,NA,NA,NA,NA,NA,0.069
1449,NA,NA,NA,NA,NA,NA,0.069
1450,NA,NA,NA,NA,NA,NA,0.069
1451,NA,NA,NA,NA,NA,NA,0.069
1452,NA,NA,NA,NA,NA,NA,0.069
1453,NA,NA,NA,NA,NA,NA,0.069
1454,NA,NA,NA,NA,NA,NA,0.069
1455,NA,NA,NA,NA,NA,NA,0.069
1456,NA,NA,NA,NA,NA,NA,0.069
1457,NA,NA,NA,NA,NA,NA,0.069
1458,NA,NA,NA,NA,NA,NA,0.069
1460,NA,NA,NA,NA,NA,NA,0.069
1461,NA,NA,NA,NA,NA,NA,0.069
1465,NA,NA,NA,NA,NA,NA,0.069
1466,NA,NA,NA,NA,NA,NA,0.069
1469,NA,NA,NA,NA,NA,NA,0.069
1470,NA,NA,NA,NA,NA,NA,0.069
1471,NA,NA,NA,NA,NA,NA,0.069
1472,NA,NA,NA,NA,NA,NA,0.069
1473,NA,NA,NA,NA,NA,NA,0.069
1474,NA,NA,NA,NA,NA,NA,0.069
1475,NA,NA,NA,NA,NA,NA,0.069
1476,NA,NA,NA,NA,NA,NA,0.069
1477,NA,NA,NA,NA,NA,NA,0.069
1478,NA,NA,NA,NA,NA,NA,0.069
1479,NA,NA,NA,NA,NA,NA,0.069
1481,NA,NA,NA,NA,NA,NA,0.069
1486,NA,NA,NA,NA,NA,NA,0.069
1487,NA,NA,NA,NA,NA,NA,0.069
1488,NA,NA,NA,NA,NA,NA,0.069
1489,NA,NA,NA,NA,NA,NA,0.069
1490,NA,NA,NA,NA,NA,NA,0.069
1491,NA,NA,NA,NA,NA,NA,0.069
1492,NA,NA,NA,NA,NA,NA,0.069
1493,NA,NA,NA,NA,NA,NA,0.069
1494,NA,NA,NA,NA,NA,NA,0.069
1495,NA,NA,NA,NA,NA,NA,0.069
1496,NA,NA,NA,NA,NA,NA,0.069
1499,NA,NA,NA,NA,NA,NA,0.069
1500,NA,NA,NA,NA,NA,NA,0.069
1501,NA,NA,NA,NA,NA,NA,0.069
1502,NA,NA,NA,NA,NA,NA,0.069
1503,NA,NA,NA,NA,NA,NA,0.069
1505,NA,NA,NA,NA,NA,NA,0.069
1507,NA,NA,NA,NA,NA,NA,0.069
1508,NA,NA,NA,NA,NA,NA,0.069
1509,NA,NA,NA,NA,NA,NA,0.069
1510,NA,NA,NA,NA,NA,NA,0.069
1512,NA,NA,NA,NA,NA,NA,0.069
1513,NA,NA,NA,NA,NA,NA,0.069
1515,NA,NA,NA,NA,NA,NA,0.069
1517,NA,NA,NA,NA,NA,NA,0.069
1518,NA,NA,NA,NA,NA,NA,0.069
1519,NA,NA,NA,NA,NA,NA,0.069
1520,NA,NA,NA,NA,NA,NA,0.069
1521,NA,NA,NA,NA,NA,NA,0.069
1522,NA,NA,NA,NA,NA,NA,0.069
1524,NA,NA,NA,NA,NA,NA,0.069
1525,NA,NA,NA,NA,NA,NA,0.069
1526,NA,NA,NA,NA,NA,NA,0.069
1527,NA,NA,NA,NA,NA,NA,0.069
1531,NA,NA,NA,NA,NA,NA,0.069
1532,NA,NA,NA,NA,NA,NA,0.069
1533,NA,NA,NA,NA,NA,NA,0.069
1535,NA,NA,NA,NA,NA,NA,0.069
1536,NA,NA,NA,NA,NA,NA,0.069
1537,NA,NA,NA,NA,NA,NA,0.069
1538,NA,NA,NA,NA,NA,NA,0.069
1540,NA,NA,NA,NA,NA,NA,0.069
1541,NA,NA,NA,NA,NA,NA,0.069
1542,NA,NA,NA,NA,NA,NA,0.069
1544,NA,NA,NA,NA,NA,NA,0.069
1547,NA,NA,NA,NA,NA,NA,0.069
1548,NA,NA,NA,NA,NA,NA,0.069
1550,NA,NA,NA,NA,NA,NA,0.069
1551,NA,NA,NA,NA,NA,NA,0.069
1552,NA,NA,NA,NA,NA,NA,0.069
1554,NA,NA,NA,NA,NA,NA,0.069
1555,NA,NA,NA,NA,NA,NA,0.069
1556,NA,NA,NA,NA,NA,NA,0.069
1557,NA,NA,NA,NA,NA,NA,0.069
1558,NA,NA,NA,NA,NA,NA,0.069
1559,NA,NA,NA,NA,NA,NA,0.069
1560,NA,NA,NA,NA,NA,NA,0.069
1566,NA,NA,NA,NA,NA,NA,0.069
1567,NA,NA,NA,NA,NA,NA,0.069
1571,NA,NA,NA,NA,NA,NA,0.069
1572,NA,NA,NA,NA,NA,NA,0.069
1573,NA,NA,NA,NA,NA,NA,0.069
1574,NA,NA,NA,NA,NA,NA,0.069
1575,NA,NA,NA,NA,NA,NA,0.069
1576,NA,NA,NA,NA,NA,NA,0.069
1577,NA,NA,NA,NA,NA,NA,0.069
1578,NA,NA,NA,NA,NA,NA,0.069
1579,NA,NA,NA,NA,NA,NA,0.069
1580,NA,NA,NA,NA,NA,NA,0.069
1581,NA,NA,NA,NA,NA,NA,0.069
1582,NA,NA,NA,NA,NA,NA,0.069
1583,NA,NA,NA,NA,NA,NA,0.069
1585,NA,NA,NA,NA,NA,NA,0.069
1586,NA,NA,NA,NA,NA,NA,0.069
1590,NA,NA,NA,NA,NA,NA,0.069
1593,NA,NA,NA,NA,NA,NA,0.069
1594,NA,NA,NA,NA,NA,NA,0.069
1595,NA,NA,NA,NA,NA,NA,0.069
1596,NA,NA,NA,NA,NA,NA,0.069
1597,NA,NA,NA,NA,NA,NA,0.069
1598,NA,NA,NA,NA,NA,NA,0.069
1599,NA,NA,NA,NA,NA,NA,0.069
1600,NA,NA,NA,NA,NA,NA,0.069
1602,NA,NA,NA,NA,NA,NA,0.069
1603,NA,NA,NA,NA,NA,NA,0.069
1604,NA,NA,NA,NA,NA,NA,0.069
1605,NA,NA,NA,NA,NA,NA,0.069
1606,NA,NA,NA,NA,NA,NA,0.069
1607,NA,NA,NA,NA,NA,NA,0.069
1608,NA,NA,NA,NA,NA,NA,0.069
1610,NA,NA,NA,NA,NA,NA,0.069
1611,NA,NA,NA,NA,NA,NA,0.069
1615,NA,NA,NA,NA,NA,NA,0.069
1617,NA,NA,NA,NA,NA,NA,0.069
1619,NA,NA,NA,NA,NA,NA,0.069
1620,NA,NA,NA,NA,NA,NA,0.069
1621,NA,NA,NA,NA,NA,NA,0.069
1622,NA,NA,NA,NA,NA,NA,0.069
1623,NA,NA,NA,NA,NA,NA,0.069
1625,NA,NA,NA,NA,NA,NA,0.069
1626,NA,NA,NA,NA,NA,NA,0.069
1627,NA,NA,NA,NA,NA,NA,0.069
1628,NA,NA,NA,NA,NA,NA,0.069
1629,NA,NA,NA,NA,NA,NA,0.069
1630,NA,NA,NA,NA,NA,NA,0.069
1631,NA,NA,NA,NA,NA,NA,0.069
1632,NA,NA,NA,NA,NA,NA,0.069
1633,NA,NA,NA,NA,NA,NA,0.069
1634,NA,NA,NA,NA,NA,NA,0.069
1638,NA,NA,NA,NA,NA,NA,0.069
1639,NA,NA,NA,NA,NA,NA,0.069
1640,NA,NA,NA,NA,NA,NA,0.069
1643,NA,NA,NA,NA,NA,NA,0.069
1644,NA,NA,NA,NA,NA,NA,0.069
1646,NA,NA,NA,NA,NA,NA,0.069
1647,NA,NA,NA,NA,NA,NA,0.069
1648,NA,NA,NA,NA,NA,NA,0.069
1649,NA,NA,NA,NA,NA,NA,0.069
1650,NA,NA,NA,NA,NA,NA,0.069
1651,NA,NA,NA,NA,NA,NA,0.069
1652,NA,NA,NA,NA,NA,NA,0.069
1653,NA,NA,NA,NA,NA,NA,0.069
1656,NA,NA,NA,NA,NA,NA,0.069
1659,NA,NA,NA,NA,NA,NA,0.069
1661,NA,NA,NA,NA,NA,NA,0.069
1662,NA,NA,NA,NA,NA,NA,0.069
1663,NA,NA,NA,NA,NA,NA,0.069
1665,NA,NA,NA,NA,NA,NA,0.069
1669,NA,NA,NA,NA,NA,NA,0.069
1670,NA,NA,NA,NA,NA,NA,0.069
1671,NA,NA,NA,NA,NA,NA,0.069
1674,NA,NA,NA,NA,NA,NA,0.069
1675,NA,NA,NA,NA,NA,NA,0.069
1676,NA,NA,NA,NA,NA,NA,0.069
1677,NA,NA,NA,NA,NA,NA,0.069
1678,NA,NA,NA,NA,NA,NA,0.069
1679,NA,NA,NA,NA,NA,NA,0.069
1680,NA,NA,NA,NA,NA,NA,0.069
1681,NA,NA,NA,NA,NA,NA,0.069
1683,NA,NA,NA,NA,NA,NA,0.069
1684,NA,NA,NA,NA,NA,NA,0.069
1685,NA,NA,NA,NA,NA,NA,0.069
1686,NA,NA,NA,NA,NA,NA,0.069
1690,NA,NA,NA,NA,NA,NA,0.069
1693,NA,NA,NA,NA,NA,NA,0.069
1694,NA,NA,NA,NA,NA,NA,0.069
1695,NA,NA,NA,NA,NA,NA,0.069
1697,NA,NA,NA,NA,NA,NA,0.069
1698,NA,NA,NA,NA,NA,NA,0.069
1699,NA,NA,NA,NA,NA,NA,0.069
1700,NA,NA,NA,NA,NA,NA,0.069
1701,NA,NA,NA,NA,NA,NA,0.069
1702,NA,NA,NA,NA,NA,NA,0.069
1706,NA,NA,NA,NA,NA,NA,0.069
1707,NA,NA,NA,NA,NA,NA,0.069
1708,NA,NA,NA,NA,NA,NA,0.069
1710,NA,NA,NA,NA,NA,NA,0.069
1711,NA,NA,NA,NA,NA,NA,0.069
1712,NA,NA,NA,NA,NA,NA,0.069
1713,NA,NA,NA,NA,NA,NA,0.069
1714,NA,NA,NA,NA,NA,NA,0.069
1715,NA,NA,NA,NA,NA,NA,0.069
1717,NA,NA,NA,NA,NA,NA,0.069
1718,NA,NA,NA,NA,NA,NA,0.069
1721,NA,NA,NA,NA,NA,NA,0.069
1724,NA,NA,NA,NA,NA,NA,0.069
1726,NA,NA,NA,NA,NA,NA,0.069
1727,NA,NA,NA,NA,NA,NA,0.069
1729,NA,NA,NA,NA,NA,NA,0.069
1734,NA,NA,NA,NA,NA,NA,0.069
1735,NA,NA,NA,NA,NA,NA,0.069
1738,NA,NA,NA,NA,NA,NA,0.069
1740,NA,NA,NA,NA,NA,NA,0.069
1741,NA,NA,NA,NA,NA,NA,0.069
1742,NA,NA,NA,NA,NA,NA,0.069
1743,NA,NA,NA,NA,NA,NA,0.069
1744,NA,NA,NA,NA,NA,NA,0.069
1745,NA,NA,NA,NA,NA,NA,0.069
1746,NA,NA,NA,NA,NA,NA,0.069
1747,NA,NA,NA,NA,NA,NA,0.069
1749,NA,NA,NA,NA,NA,NA,0.069
1751,NA,NA,NA,NA,NA,NA,0.069
1756,NA,NA,NA,NA,NA,NA,0.069
1757,NA,NA,NA,NA,NA,NA,0.069
1758,NA,NA,NA,NA,NA,NA,0.069
1759,NA,NA,NA,NA,NA,NA,0.069
1760,NA,NA,NA,NA,NA,NA,0.069
1762,NA,NA,NA,NA,NA,NA,0.069
1765,NA,NA,NA,NA,NA,NA,0.069
1766,NA,NA,NA,NA,NA,NA,0.069
1767,NA,NA,NA,NA,NA,NA,0.069
1768,NA,NA,NA,NA,NA,NA,0.069
1769,NA,NA,NA,NA,NA,NA,0.069
1770,NA,NA,NA,NA,NA,NA,0.069
1771,NA,NA,NA,NA,NA,NA,0.069
1772,NA,NA,NA,NA,NA,NA,0.069
1773,NA,NA,NA,NA,NA,NA,0.069
1774,NA,NA,NA,NA,NA,NA,0.069
1775,NA,NA,NA,NA,NA,NA,0.069
1776,NA,NA,NA,NA,NA,NA,0.069
1778,NA,NA,NA,NA,NA,NA,0.069
1779,NA,NA,NA,NA,NA,NA,0.069
1781,NA,NA,NA,NA,NA,NA,0.069
1782,NA,NA,NA,NA,NA,NA,0.069
1783,NA,NA,NA,NA,NA,NA,0.069
1784,NA,NA,NA,NA,NA,NA,0.069
1785,NA,NA,NA,NA,NA,NA,0.069
1786,NA,NA,NA,NA,NA,NA,0.069
1787,NA,NA,NA,NA,NA,NA,0.069
1788,NA,NA,NA,NA,NA,NA,0.069
1790,NA,NA,NA,NA,NA,NA,0.069
1791,NA,NA,NA,NA,NA,NA,0.069
1792,NA,NA,NA,NA,NA,NA,0.069
1793,NA,NA,NA,NA,NA,NA,0.069
1797,NA,NA,NA,NA,NA,NA,0.069
1798,NA,NA,NA,NA,NA,NA,0.069
1801,NA,NA,NA,NA,NA,NA,0.069
1802,NA,NA,NA,NA,NA,NA,0.069
1803,NA,NA,NA,NA,NA,NA,0.069
1804,NA,NA,NA,NA,NA,NA,0.069
1805,NA,NA,NA,NA,NA,NA,0.069
1806,NA,NA,NA,NA,NA,NA,0.069
1810,NA,NA,NA,NA,NA,NA,0.069
1813,NA,NA,NA,NA,NA,NA,0.069
1816,NA,NA,NA,NA,NA,NA,0.069
1818,NA,NA,NA,NA,NA,NA,0.069
1819,NA,NA,NA,NA,NA,NA,0.069
1821,NA,NA,NA,NA,NA,NA,0.069
1822,NA,NA,NA,NA,NA,NA,0.069
1823,NA,NA,NA,NA,NA,NA,0.069
1824,NA,NA,NA,NA,NA,NA,0.069
1825,NA,NA,NA,NA,NA,NA,0.069
1826,NA,NA,NA,NA,NA,NA,0.069
1827,NA,NA,NA,NA,NA,NA,0.069
1828,NA,NA,NA,NA,NA,NA,0.069
1829,NA,NA,NA,NA,NA,NA,0.069
1830,NA,NA,NA,NA,NA,NA,0.069
1831,NA,NA,NA,NA,NA,NA,0.069
1832,NA,NA,NA,NA,NA,NA,0.069
1833,NA,NA,NA,NA,NA,NA,0.069
1834,NA,NA,NA,NA,NA,NA,0.069
1835,NA,NA,NA,NA,NA,NA,0.069
1836,NA,NA,NA,NA,NA,NA,0.069
1838,NA,NA,NA,NA,NA,NA,0.069
1840,NA,NA,NA,NA,NA,NA,0.069
1841,NA,NA,NA,NA,NA,NA,0.069
1842,NA,NA,NA,NA,NA,NA,0.069
1843,NA,NA,NA,NA,NA,NA,0.069
1844,NA,NA,NA,NA,NA,NA,0.069
1845,NA,NA,NA,NA,NA,NA,0.069
1846,NA,NA,NA,NA,NA,NA,0.069
1847,NA,NA,NA,NA,NA,NA,0.069
1848,NA,NA,NA,NA,NA,NA,0.069
1850,NA,NA,NA,NA,NA,NA,0.069
1851,NA,NA,NA,NA,NA,NA,0.069
1852,NA,NA,NA,NA,NA,NA,0.069
1853,NA,NA,NA,NA,NA,NA,0.069
1854,NA,NA,NA,NA,NA,NA,0.069
1855,NA,NA,NA,NA,NA,NA,0.069
1856,NA,NA,NA,NA,NA,NA,0.069
1857,NA,NA,NA,NA,NA,NA,0.069
1858,NA,NA,NA,NA,NA,NA,0.069
1861,NA,NA,NA,NA,NA,NA,0.069
1863,NA,NA,NA,NA,NA,NA,0.069
1864,NA,NA,NA,NA,NA,NA,0.069
1865,NA,NA,NA,NA,NA,NA,0.069
1867,NA,NA,NA,NA,NA,NA,0.069
1869,NA,NA,NA,NA,NA,NA,0.069
1870,NA,NA,NA,NA,NA,NA,0.069
1871,NA,NA,NA,NA,NA,NA,0.069
1872,NA,NA,NA,NA,NA,NA,0.069
1874,NA,NA,NA,NA,NA,NA,0.069
1876,NA,NA,NA,NA,NA,NA,0.069
1877,NA,NA,NA,NA,NA,NA,0.069
1878,NA,NA,NA,NA,NA,NA,0.069
1879,NA,NA,NA,NA,NA,NA,0.069
1882,NA,NA,NA,NA,NA,NA,0.069
1883,NA,NA,NA,NA,NA,NA,0.069
1884,NA,NA,NA,NA,NA,NA,0.069
1885,NA,NA,NA,NA,NA,NA,0.069
1888,NA,NA,NA,NA,NA,NA,0.069
1890,NA,NA,NA,NA,NA,NA,0.069
1891,NA,NA,NA,NA,NA,NA,0.069
1893,NA,NA,NA,NA,NA,NA,0.069
1894,NA,NA,NA,NA,NA,NA,0.069
1896,NA,NA,NA,NA,NA,NA,0.069
1897,NA,NA,NA,NA,NA,NA,0.069
1899,NA,NA,NA,NA,NA,NA,0.069
1900,NA,NA,NA,NA,NA,NA,0.069
1902,NA,NA,NA,NA,NA,NA,0.069
1903,NA,NA,NA,NA,NA,NA,0.069
1904,NA,NA,NA,NA,NA,NA,0.069
1905,NA,NA,NA,NA,NA,NA,0.069
1906,NA,NA,NA,NA,NA,NA,0.069
1907,NA,NA,NA,NA,NA,NA,0.069
1908,NA,NA,NA,NA,NA,NA,0.069
1909,NA,NA,NA,NA,NA,NA,0.069
1910,NA,NA,NA,NA,NA,NA,0.069
1911,NA,NA,NA,NA,NA,NA,0.069
1912,NA,NA,NA,NA,NA,NA,0.069
1913,NA,NA,NA,NA,NA,NA,0.069
1914,NA,NA,NA,NA,NA,NA,0.069
1915,NA,NA,NA,NA,NA,NA,0.069
1916,NA,NA,NA,NA,NA,NA,0.069
1917,NA,NA,NA,NA,NA,NA,0.069
1918,NA,NA,NA,NA,NA,NA,0.069
1919,NA,NA,NA,NA,NA,NA,0.069
1920,NA,NA,NA,NA,NA,NA,0.069
1921,NA,NA,NA,NA,NA,NA,0.069
1922,NA,NA,NA,NA,NA,NA,0.069
1923,NA,NA,NA,NA,NA,NA,0.069
1924,NA,NA,NA,NA,NA,NA,0.069
1926,NA,NA,NA,NA,NA,NA,0.069
1928,NA,NA,NA,NA,NA,NA,0.069
1929,NA,NA,NA,NA,NA,NA,0.069
1930,NA,NA,NA,NA,NA,NA,0.069
1931,NA,NA,NA,NA,NA,NA,0.069
1933,NA,NA,NA,NA,NA,NA,0.069
1934,NA,NA,NA,NA,NA,NA,0.069
1935,NA,NA,NA,NA,NA,NA,0.069
1936,NA,NA,NA,NA,NA,NA,0.069
1937,NA,NA,NA,NA,NA,NA,0.069
1938,NA,NA,NA,NA,NA,NA,0.069
1941,NA,NA,NA,NA,NA,NA,0.069
1942,NA,NA,NA,NA,NA,NA,0.069
1943,NA,NA,NA,NA,NA,NA,0.069
1944,NA,NA,NA,NA,NA,NA,0.069
1946,NA,NA,NA,NA,NA,NA,0.069
1948,NA,NA,NA,NA,NA,NA,0.069
1950,NA,NA,NA,NA,NA,NA,0.069
1951,NA,NA,NA,NA,NA,NA,0.069
1953,NA,NA,NA,NA,NA,NA,0.069
1954,NA,NA,NA,NA,NA,NA,0.069
1955,NA,NA,NA,NA,NA,NA,0.069
1956,NA,NA,NA,NA,NA,NA,0.069
1957,NA,NA,NA,NA,NA,NA,0.069
1958,NA,NA,NA,NA,NA,NA,0.069
1959,NA,NA,NA,NA,NA,NA,0.069
1960,NA,NA,NA,NA,NA,NA,0.069
1961,NA,NA,NA,NA,NA,NA,0.069
1962,NA,NA,NA,NA,NA,NA,0.069
1963,NA,NA,NA,NA,NA,NA,0.069
1964,NA,NA,NA,NA,NA,NA,0.069
1966,NA,NA,NA,NA,NA,NA,0.069
1969,NA,NA,NA,NA,NA,NA,0.069
1970,NA,NA,NA,NA,NA,NA,0.069
1971,NA,NA,NA,NA,NA,NA,0.069
1972,NA,NA,NA,NA,NA,NA,0.069
1973,NA,NA,NA,NA,NA,NA,0.069
1974,NA,NA,NA,NA,NA,NA,0.069
1975,NA,NA,NA,NA,NA,NA,0.069
1976,NA,NA,NA,NA,NA,NA,0.069
1977,NA,NA,NA,NA,NA,NA,0.069
1978,NA,NA,NA,NA,NA,NA,0.069
1980,NA,NA,NA,NA,NA,NA,0.069
1982,NA,NA,NA,NA,NA,NA,0.069
1984,NA,NA,NA,NA,NA,NA,0.069
1988,NA,NA,NA,NA,NA,NA,0.069
1989,NA,NA,NA,NA,NA,NA,0.069
1990,NA,NA,NA,NA,NA,NA,0.069
1991,NA,NA,NA,NA,NA,NA,0.069
1992,NA,NA,NA,NA,NA,NA,0.069
1993,NA,NA,NA,NA,NA,NA,0.069
1994,NA,NA,NA,NA,NA,NA,0.069
1995,NA,NA,NA,NA,NA,NA,0.069
1996,NA,NA,NA,NA,NA,NA,0.069
1997,NA,NA,NA,NA,NA,NA,0.069
1998,NA,NA,NA,NA,NA,NA,0.069
1999,NA,NA,NA,NA,NA,NA,0.069
2000,NA,NA,NA,NA,NA,NA,0.069
2001,NA,NA,NA,NA,NA,NA,0.069
2002,NA,NA,NA,NA,NA,NA,0.069
2003,NA,NA,NA,NA,NA,NA,0.069
2004,NA,NA,NA,NA,NA,NA,0.069
2005,NA,NA,NA,NA,NA,NA,0.069
2007,NA,NA,NA,NA,NA,NA,0.069
2010,NA,NA,NA,NA,NA,NA,0.069
2012,NA,NA,NA,NA,NA,NA,0.069
2013,NA,NA,NA,NA,NA,NA,0.069
2014,NA,NA,NA,NA,NA,NA,0.069
2015,NA,NA,NA,NA,NA,NA,0.069
2016,NA,NA,NA,NA,NA,NA,0.069
2017,NA,NA,NA,NA,NA,NA,0.069
2018,NA,NA,NA,NA,NA,NA,0.069
2019,NA,NA,NA,NA,NA,NA,0.069
2021,NA,NA,NA,NA,NA,NA,0.069
2022,NA,NA,NA,NA,NA,NA,0.069
2023,NA,NA,NA,NA,NA,NA,0.069
2024,NA,NA,NA,NA,NA,NA,0.069
2025,NA,NA,NA,NA,NA,NA,0.069
2028,NA,NA,NA,NA,NA,NA,0.069
2029,NA,NA,NA,NA,NA,NA,0.069
2031,NA,NA,NA,NA,NA,NA,0.069
2032,NA,NA,NA,NA,NA,NA,0.069
2033,NA,NA,NA,NA,NA,NA,0.069
2034,NA,NA,NA,NA,NA,NA,0.069
2037,NA,NA,NA,NA,NA,NA,0.069
2038,NA,NA,NA,NA,NA,NA,0.069
2039,NA,NA,NA,NA,NA,NA,0.069
2040,NA,NA,NA,NA,NA,NA,0.069
2041,NA,NA,NA,NA,NA,NA,0.069
2043,NA,NA,NA,NA,NA,NA,0.069
2044,NA,NA,NA,NA,NA,NA,0.069
2045,NA,NA,NA,NA,NA,NA,0.069
2046,NA,NA,NA,NA,NA,NA,0.069
2047,NA,NA,NA,NA,NA,NA,0.069
2048,NA,NA,NA,NA,NA,NA,0.069
2049,NA,NA,NA,NA,NA,NA,0.069
2050,NA,NA,NA,NA,NA,NA,0.069
2052,NA,NA,NA,NA,NA,NA,0.069
2053,NA,NA,NA,NA,NA,NA,0.069
2054,NA,NA,NA,NA,NA,NA,0.069
2055,NA,NA,NA,NA,NA,NA,0.069
2056,NA,NA,NA,NA,NA,NA,0.069
2058,NA,NA,NA,NA,NA,NA,0.069
2060,NA,NA,NA,NA,NA,NA,0.069
2062,NA,NA,NA,NA,NA,NA,0.069
2063,NA,NA,NA,NA,NA,NA,0.069
2064,NA,NA,NA,NA,NA,NA,0.069
2069,NA,NA,NA,NA,NA,NA,0.069
2070,NA,NA,NA,NA,NA,NA,0.069
2071,NA,NA,NA,NA,NA,NA,0.069
2072,NA,NA,NA,NA,NA,NA,0.069
2073,NA,NA,NA,NA,NA,NA,0.069
2076,NA,NA,NA,NA,NA,NA,0.069
2078,NA,NA,NA,NA,NA,NA,0.069
2079,NA,NA,NA,NA,NA,NA,0.069
2080,NA,NA,NA,NA,NA,NA,0.069
2081,NA,NA,NA,NA,NA,NA,0.069
2082,NA,NA,NA,NA,NA,NA,0.069
2083,NA,NA,NA,NA,NA,NA,0.069
2084,NA,NA,NA,NA,NA,NA,0.069
2087,NA,NA,NA,NA,NA,NA,0.069
2088,NA,NA,NA,NA,NA,NA,0.069
2089,NA,NA,NA,NA,NA,NA,0.069
2090,NA,NA,NA,NA,NA,NA,0.069
2091,NA,NA,NA,NA,NA,NA,0.069
2092,NA,NA,NA,NA,NA,NA,0.069
2093,NA,NA,NA,NA,NA,NA,0.069
2094,NA,NA,NA,NA,NA,NA,0.069
2095,NA,NA,NA,NA,NA,NA,0.069
2097,NA,NA,NA,NA,NA,NA,0.069
2098,NA,NA,NA,NA,NA,NA,0.069
2103,NA,NA,NA,NA,NA,NA,0.069
2105,NA,NA,NA,NA,NA,NA,0.069
2106,NA,NA,NA,NA,NA,NA,0.069
2109,NA,NA,NA,NA,NA,NA,0.069
2110,NA,NA,NA,NA,NA,NA,0.069
2111,NA,NA,NA,NA,NA,NA,0.069
2112,NA,NA,NA,NA,NA,NA,0.069
2113,NA,NA,NA,NA,NA,NA,0.069
2114,NA,NA,NA,NA,NA,NA,0.069
2115,NA,NA,NA,NA,NA,NA,0.069
2116,NA,NA,NA,NA,NA,NA,0.069
2119,NA,NA,NA,NA,NA,NA,0.069
2122,NA,NA,NA,NA,NA,NA,0.069
2123,NA,NA,NA,NA,NA,NA,0.069
2124,NA,NA,NA,NA,NA,NA,0.069
2125,NA,NA,NA,NA,NA,NA,0.069
2127,NA,NA,NA,NA,NA,NA,0.069
2129,NA,NA,NA,NA,NA,NA,0.069
2130,NA,NA,NA,NA,NA,NA,0.069
2131,NA,NA,NA,NA,NA,NA,0.069
2132,NA,NA,NA,NA,NA,NA,0.069
2133,NA,NA,NA,NA,NA,NA,0.069
2134,NA,NA,NA,NA,NA,NA,0.069
2135,NA,NA,NA,NA,NA,NA,0.069
2136,NA,NA,NA,NA,NA,NA,0.069
2137,NA,NA,NA,NA,NA,NA,0.069
2138,NA,NA,NA,NA,NA,NA,0.069
2139,NA,NA,NA,NA,NA,NA,0.069
2140,NA,NA,NA,NA,NA,NA,0.069
2141,NA,NA,NA,NA,NA,NA,0.069
2142,NA,NA,NA,NA,NA,NA,0.069
2143,NA,NA,NA,NA,NA,NA,0.069
2144,NA,NA,NA,NA,NA,NA,0.069
2147,NA,NA,NA,NA,NA,NA,0.069
2149,NA,NA,NA,NA,NA,NA,0.069
2152,NA,NA,NA,NA,NA,NA,0.069
2154,NA,NA,NA,NA,NA,NA,0.069
2155,NA,NA,NA,NA,NA,NA,0.069
2156,NA,NA,NA,NA,NA,NA,0.069
2157,NA,NA,NA,NA,NA,NA,0.069
2158,NA,NA,NA,NA,NA,NA,0.069
2159,NA,NA,NA,NA,NA,NA,0.069
2160,NA,NA,NA,NA,NA,NA,0.069
2161,NA,NA,NA,NA,NA,NA,0.069
2164,NA,NA,NA,NA,NA,NA,0.069
2165,NA,NA,NA,NA,NA,NA,0.069
2166,NA,NA,NA,NA,NA,NA,0.069
2167,NA,NA,NA,NA,NA,NA,0.069
2168,NA,NA,NA,NA,NA,NA,0.069
2169,NA,NA,NA,NA,NA,NA,0.069
2170,NA,NA,NA,NA,NA,NA,0.069
2174,NA,NA,NA,NA,NA,NA,0.069
2177,NA,NA,NA,NA,NA,NA,0.069
2178,NA,NA,NA,NA,NA,NA,0.069
2179,NA,NA,NA,NA,NA,NA,0.069
2180,NA,NA,NA,NA,NA,NA,0.069
2181,NA,NA,NA,NA,NA,NA,0.069
2182,NA,NA,NA,NA,NA,NA,0.069
2183,NA,NA,NA,NA,NA,NA,0.069
2184,NA,NA,NA,NA,NA,NA,0.069
2185,NA,NA,NA,NA,NA,NA,0.069
2186,NA,NA,NA,NA,NA,NA,0.069
2187,NA,NA,NA,NA,NA,NA,0.069
2190,NA,NA,NA,NA,NA,NA,0.069
2191,NA,NA,NA,NA,NA,NA,0.069
2193,NA,NA,NA,NA,NA,NA,0.069
2194,NA,NA,NA,NA,NA,NA,0.069
2196,NA,NA,NA,NA,NA,NA,0.069
2197,NA,NA,NA,NA,NA,NA,0.069
2199,NA,NA,NA,NA,NA,NA,0.069
2200,NA,NA,NA,NA,NA,NA,0.069
2201,NA,NA,NA,NA,NA,NA,0.069
2202,NA,NA,NA,NA,NA,NA,0.069
2203,NA,NA,NA,NA,NA,NA,0.069
2204,NA,NA,NA,NA,NA,NA,0.069
2205,NA,NA,NA,NA,NA,NA,0.069
2208,NA,NA,NA,NA,NA,NA,0.069
2209,NA,NA,NA,NA,NA,NA,0.069
2211,NA,NA,NA,NA,NA,NA,0.069
2213,NA,NA,NA,NA,NA,NA,0.069
2214,NA,NA,NA,NA,NA,NA,0.069
2215,NA,NA,NA,NA,NA,NA,0.069
2216,NA,NA,NA,NA,NA,NA,0.069
2221,NA,NA,NA,NA,NA,NA,0.069
2222,NA,NA,NA,NA,NA,NA,0.069
2223,NA,NA,NA,NA,NA,NA,0.069
2224,NA,NA,NA,NA,NA,NA,0.069
2227,NA,NA,NA,NA,NA,NA,0.069
2228,NA,NA,NA,NA,NA,NA,0.069
2229,NA,NA,NA,NA,NA,NA,0.069
2230,NA,NA,NA,NA,NA,NA,0.069
2233,NA,NA,NA,NA,NA,NA,0.069
2234,NA,NA,NA,NA,NA,NA,0.069
2235,NA,NA,NA,NA,NA,NA,0.069
2236,NA,NA,NA,NA,NA,NA,0.069
2237,NA,NA,NA,NA,NA,NA,0.069
2238,NA,NA,NA,NA,NA,NA,0.069
2239,NA,NA,NA,NA,NA,NA,0.069
2242,NA,NA,NA,NA,NA,NA,0.069
2245,NA,NA,NA,NA,NA,NA,0.069
2246,NA,NA,NA,NA,NA,NA,0.069
2247,NA,NA,NA,NA,NA,NA,0.069
2248,NA,NA,NA,NA,NA,NA,0.069
2249,NA,NA,NA,NA,NA,NA,0.069
2250,NA,NA,NA,NA,NA,NA,0.069
2251,NA,NA,NA,NA,NA,NA,0.069
2252,NA,NA,NA,NA,NA,NA,0.069
2254,NA,NA,NA,NA,NA,NA,0.069
2256,NA,NA,NA,NA,NA,NA,0.069
2257,NA,NA,NA,NA,NA,NA,0.069
2258,NA,NA,NA,NA,NA,NA,0.069
2259,NA,NA,NA,NA,NA,NA,0.069
2260,NA,NA,NA,NA,NA,NA,0.069
2261,NA,NA,NA,NA,NA,NA,0.069
2262,NA,NA,NA,NA,NA,NA,0.069
2263,NA,NA,NA,NA,NA,NA,0.069
2265,NA,NA,NA,NA,NA,NA,0.069
2267,NA,NA,NA,NA,NA,NA,0.069
2270,NA,NA,NA,NA,NA,NA,0.069
2274,NA,NA,NA,NA,NA,NA,0.069
2276,NA,NA,NA,NA,NA,NA,0.069
2277,NA,NA,NA,NA,NA,NA,0.069
2278,NA,NA,NA,NA,NA,NA,0.069
2279,NA,NA,NA,NA,NA,NA,0.069
2280,NA,NA,NA,NA,NA,NA,0.069
2281,NA,NA,NA,NA,NA,NA,0.069
2287,NA,NA,NA,NA,NA,NA,0.069
2288,NA,NA,NA,NA,NA,NA,0.069
2289,NA,NA,NA,NA,NA,NA,0.069
2290,NA,NA,NA,NA,NA,NA,0.069
2291,NA,NA,NA,NA,NA,NA,0.069
2292,NA,NA,NA,NA,NA,NA,0.069
2293,NA,NA,NA,NA,NA,NA,0.069
2294,NA,NA,NA,NA,NA,NA,0.069
2295,NA,NA,NA,NA,NA,NA,0.069
2296,NA,NA,NA,NA,NA,NA,0.069
2297,NA,NA,NA,NA,NA,NA,0.069
2298,NA,NA,NA,NA,NA,NA,0.069
2299,NA,NA,NA,NA,NA,NA,0.069
2300,NA,NA,NA,NA,NA,NA,0.069
2301,NA,NA,NA,NA,NA,NA,0.069
2303,NA,NA,NA,NA,NA,NA,0.069
2308,NA,NA,NA,NA,NA,NA,0.069
2309,NA,NA,NA,NA,NA,NA,0.069
2310,NA,NA,NA,NA,NA,NA,0.069
2313,NA,NA,NA,NA,NA,NA,0.069
2314,NA,NA,NA,NA,NA,NA,0.069
2315,NA,NA,NA,NA,NA,NA,0.069
2317,NA,NA,NA,NA,NA,NA,0.069
2318,NA,NA,NA,NA,NA,NA,0.069
2319,NA,NA,NA,NA,NA,NA,0.069
2320,NA,NA,NA,NA,NA,NA,0.069
2323,NA,NA,NA,NA,NA,NA,0.069
2324,NA,NA,NA,NA,NA,NA,0.069
2325,NA,NA,NA,NA,NA,NA,0.069
2327,NA,NA,NA,NA,NA,NA,0.069
2329,NA,NA,NA,NA,NA,NA,0.069
2330,NA,NA,NA,NA,NA,NA,0.069
2331,NA,NA,NA,NA,NA,NA,0.069
2333,NA,NA,NA,NA,NA,NA,0.069
2335,NA,NA,NA,NA,NA,NA,0.069
2336,NA,NA,NA,NA,NA,NA,0.069
2337,NA,NA,NA,NA,NA,NA,0.069
2338,NA,NA,NA,NA,NA,NA,0.069
2339,NA,NA,NA,NA,NA,NA,0.069
2340,NA,NA,NA,NA,NA,NA,0.069
2341,NA,NA,NA,NA,NA,NA,0.069
2342,NA,NA,NA,NA,NA,NA,0.069
2343,NA,NA,NA,NA,NA,NA,0.069
2347,NA,NA,NA,NA,NA,NA,0.069
2350,NA,NA,NA,NA,NA,NA,0.069
2351,NA,NA,NA,NA,NA,NA,0.069
2353,NA,NA,NA,NA,NA,NA,0.069
2355,NA,NA,NA,NA,NA,NA,0.069
2356,NA,NA,NA,NA,NA,NA,0.069
2357,NA,NA,NA,NA,NA,NA,0.069
2358,NA,NA,NA,NA,NA,NA,0.069
2359,NA,NA,NA,NA,NA,NA,0.069
2360,NA,NA,NA,NA,NA,NA,0.069
2361,NA,NA,NA,NA,NA,NA,0.069
2362,NA,NA,NA,NA,NA,NA,0.069
2363,NA,NA,NA,NA,NA,NA,0.069
2364,NA,NA,NA,NA,NA,NA,0.069
2366,NA,NA,NA,NA,NA,NA,0.069
2368,NA,NA,NA,NA,NA,NA,0.069
2369,NA,NA,NA,NA,NA,NA,0.069
2372,NA,NA,NA,NA,NA,NA,0.069
2373,NA,NA,NA,NA,NA,NA,0.069
2374,NA,NA,NA,NA,NA,NA,0.069
2375,NA,NA,NA,NA,NA,NA,0.069
2376,NA,NA,NA,NA,NA,NA,0.069
2378,NA,NA,NA,NA,NA,NA,0.069
2379,NA,NA,NA,NA,NA,NA,0.069
2380,NA,NA,NA,NA,NA,NA,0.069
2381,NA,NA,NA,NA,NA,NA,0.069
2382,NA,NA,NA,NA,NA,NA,0.069
2383,NA,NA,NA,NA,NA,NA,0.069
2384,NA,NA,NA,NA,NA,NA,0.069
2385,NA,NA,NA,NA,NA,NA,0.069
2386,NA,NA,NA,NA,NA,NA,0.069
2387,NA,NA,NA,NA,NA,NA,0.069
2388,NA,NA,NA,NA,NA,NA,0.069
2389,NA,NA,NA,NA,NA,NA,0.069
2391,NA,NA,NA,NA,NA,NA,0.069
2393,NA,NA,NA,NA,NA,NA,0.069
2394,NA,NA,NA,NA,NA,NA,0.069
2395,NA,NA,NA,NA,NA,NA,0.069
2396,NA,NA,NA,NA,NA,NA,0.069
2397,NA,NA,NA,NA,NA,NA,0.069
2398,NA,NA,NA,NA,NA,NA,0.069
2399,NA,NA,NA,NA,NA,NA,0.069
2400,NA,NA,NA,NA,NA,NA,0.069
2401,NA,NA,NA,NA,NA,NA,0.069
2404,NA,NA,NA,NA,NA,NA,0.069
2407,NA,NA,NA,NA,NA,NA,0.069
2408,NA,NA,NA,NA,NA,NA,0.069
2409,NA,NA,NA,NA,NA,NA,0.069
2410,NA,NA,NA,NA,NA,NA,0.069
2411,NA,NA,NA,NA,NA,NA,0.069
2412,NA,NA,NA,NA,NA,NA,0.069
2413,NA,NA,NA,NA,NA,NA,0.069
2414,NA,NA,NA,NA,NA,NA,0.069
2416,NA,NA,NA,NA,NA,NA,0.069
2417,NA,NA,NA,NA,NA,NA,0.069
2418,NA,NA,NA,NA,NA,NA,0.069
2419,NA,NA,NA,NA,NA,NA,0.069
2420,NA,NA,NA,NA,NA,NA,0.069
2421,NA,NA,NA,NA,NA,NA,0.069
2422,NA,NA,NA,NA,NA,NA,0.069
2423,NA,NA,NA,NA,NA,NA,0.069
2424,NA,NA,NA,NA,NA,NA,0.069
2425,NA,NA,NA,NA,NA,NA,0.069
2426,NA,NA,NA,NA,NA,NA,0.069
2427,NA,NA,NA,NA,NA,NA,0.069
2428,NA,NA,NA,NA,NA,NA,0.069
2430,NA,NA,NA,NA,NA,NA,0.069
2437,NA,NA,NA,NA,NA,NA,0.069
2438,NA,NA,NA,NA,NA,NA,0.069
2441,NA,NA,NA,NA,NA,NA,0.069
2442,NA,NA,NA,NA,NA,NA,0.069
2443,NA,NA,NA,NA,NA,NA,0.069
2444,NA,NA,NA,NA,NA,NA,0.069
2445,NA,NA,NA,NA,NA,NA,0.069
2446,NA,NA,NA,NA,NA,NA,0.069
2447,NA,NA,NA,NA,NA,NA,0.069
2448,NA,NA,NA,NA,NA,NA,0.069
2449,NA,NA,NA,NA,NA,NA,0.069
2450,NA,NA,NA,NA,NA,NA,0.069
2451,NA,NA,NA,NA,NA,NA,0.069
2452,NA,NA,NA,NA,NA,NA,0.069
2453,NA,NA,NA,NA,NA,NA,0.069
2454,NA,NA,NA,NA,NA,NA,0.069
2455,NA,NA,NA,NA,NA,NA,0.069
2456,NA,NA,NA,NA,NA,NA,0.069
2457,NA,NA,NA,NA,NA,NA,0.069
2458,NA,NA,NA,NA,NA,NA,0.069
2459,NA,NA,NA,NA,NA,NA,0.069
2461,NA,NA,NA,NA,NA,NA,0.069
2466,NA,NA,NA,NA,NA,NA,0.069
2467,NA,NA,NA,NA,NA,NA,0.069
2469,NA,NA,NA,NA,NA,NA,0.069
2470,NA,NA,NA,NA,NA,NA,0.069
2472,NA,NA,NA,NA,NA,NA,0.069
2473,NA,NA,NA,NA,NA,NA,0.069
2474,NA,NA,NA,NA,NA,NA,0.069
2475,NA,NA,NA,NA,NA,NA,0.069
2480,NA,NA,NA,NA,NA,NA,0.069
2481,NA,NA,NA,NA,NA,NA,0.069
2483,NA,NA,NA,NA,NA,NA,0.069
2484,NA,NA,NA,NA,NA,NA,0.069
2485,NA,NA,NA,NA,NA,NA,0.069
2486,NA,NA,NA,NA,NA,NA,0.069
2488,NA,NA,NA,NA,NA,NA,0.069
2489,NA,NA,NA,NA,NA,NA,0.069
2491,NA,NA,NA,NA,NA,NA,0.069
2494,NA,NA,NA,NA,NA,NA,0.069
2495,NA,NA,NA,NA,NA,NA,0.069
2497,NA,NA,NA,NA,NA,NA,0.069
2499,NA,NA,NA,NA,NA,NA,0.069
2500,NA,NA,NA,NA,NA,NA,0.069
2501,NA,NA,NA,NA,NA,NA,0.069
2502,NA,NA,NA,NA,NA,NA,0.069
2503,NA,NA,NA,NA,NA,NA,0.069
2504,NA,NA,NA,NA,NA,NA,0.069
2505,NA,NA,NA,NA,NA,NA,0.069
2506,NA,NA,NA,NA,NA,NA,0.069
2507,NA,NA,NA,NA,NA,NA,0.069
2508,NA,NA,NA,NA,NA,NA,0.069
2509,NA,NA,NA,NA,NA,NA,0.069
2510,NA,NA,NA,NA,NA,NA,0.069
2512,NA,NA,NA,NA,NA,NA,0.069
2514,NA,NA,NA,NA,NA,NA,0.069
2515,NA,NA,NA,NA,NA,NA,0.069
2516,NA,NA,NA,NA,NA,NA,0.069
2517,NA,NA,NA,NA,NA,NA,0.069
2519,NA,NA,NA,NA,NA,NA,0.069
2520,NA,NA,NA,NA,NA,NA,0.069
2521,NA,NA,NA,NA,NA,NA,0.069
2522,NA,NA,NA,NA,NA,NA,0.069
2523,NA,NA,NA,NA,NA,NA,0.069
2524,NA,NA,NA,NA,NA,NA,0.069
2526,NA,NA,NA,NA,NA,NA,0.069
2527,NA,NA,NA,NA,NA,NA,0.069
2528,NA,NA,NA,NA,NA,NA,0.069
2529,NA,NA,NA,NA,NA,NA,0.069
2530,NA,NA,NA,NA,NA,NA,0.069
2531,NA,NA,NA,NA,NA,NA,0.069
2532,NA,NA,NA,NA,NA,NA,0.069
2533,NA,NA,NA,NA,NA,NA,0.069
2534,NA,NA,NA,NA,NA,NA,0.069
2535,NA,NA,NA,NA,NA,NA,0.069
2536,NA,NA,NA,NA,NA,NA,0.069
2537,NA,NA,NA,NA,NA,NA,0.069
2538,NA,NA,NA,NA,NA,NA,0.069
2539,NA,NA,NA,NA,NA,NA,0.069
2542,NA,NA,NA,NA,NA,NA,0.069
2544,NA,NA,NA,NA,NA,NA,0.069
2545,NA,NA,NA,NA,NA,NA,0.069
2548,NA,NA,NA,NA,NA,NA,0.069
2549,NA,NA,NA,NA,NA,NA,0.069
2551,NA,NA,NA,NA,NA,NA,0.069
2553,NA,NA,NA,NA,NA,NA,0.069
2554,NA,NA,NA,NA,NA,NA,0.069
2555,NA,NA,NA,NA,NA,NA,0.069
2556,NA,NA,NA,NA,NA,NA,0.069
2557,NA,NA,NA,NA,NA,NA,0.069
2558,NA,NA,NA,NA,NA,NA,0.069
2559,NA,NA,NA,NA,NA,NA,0.069
2560,NA,NA,NA,NA,NA,NA,0.069
2561,NA,NA,NA,NA,NA,NA,0.069
2562,NA,NA,NA,NA,NA,NA,0.069
2563,NA,NA,NA,NA,NA,NA,0.069
2564,NA,NA,NA,NA,NA,NA,0.069
2565,NA,NA,NA,NA,NA,NA,0.069
2567,NA,NA,NA,NA,NA,NA,0.069
2568,NA,NA,NA,NA,NA,NA,0.069
2569,NA,NA,NA,NA,NA,NA,0.069
2570,NA,NA,NA,NA,NA,NA,0.069
2571,NA,NA,NA,NA,NA,NA,0.069
2573,NA,NA,NA,NA,NA,NA,0.069
2574,NA,NA,NA,NA,NA,NA,0.069
2576,NA,NA,NA,NA,NA,NA,0.069
2577,NA,NA,NA,NA,NA,NA,0.069
2579,NA,NA,NA,NA,NA,NA,0.069
2581,NA,NA,NA,NA,NA,NA,0.069
2583,NA,NA,NA,NA,NA,NA,0.069
2584,NA,NA,NA,NA,NA,NA,0.069
2587,NA,NA,NA,NA,NA,NA,0.069
2588,NA,NA,NA,NA,NA,NA,0.069
2589,NA,NA,NA,NA,NA,NA,0.069
2590,NA,NA,NA,NA,NA,NA,0.069
2591,NA,NA,NA,NA,NA,NA,0.069
2592,NA,NA,NA,NA,NA,NA,0.069
2593,NA,NA,NA,NA,NA,NA,0.069
2594,NA,NA,NA,NA,NA,NA,0.069
2595,NA,NA,NA,NA,NA,NA,0.069
2596,NA,NA,NA,NA,NA,NA,0.069
2598,NA,NA,NA,NA,NA,NA,0.069
2600,NA,NA,NA,NA,NA,NA,0.069
2602,NA,NA,NA,NA,NA,NA,0.069
2604,NA,NA,NA,NA,NA,NA,0.069
2608,NA,NA,NA,NA,NA,NA,0.069
2610,NA,NA,NA,NA,NA,NA,0.069
2611,NA,NA,NA,NA,NA,NA,0.069
2613,NA,NA,NA,NA,NA,NA,0.069
2614,NA,NA,NA,NA,NA,NA,0.069
2615,NA,NA,NA,NA,NA,NA,0.069
2619,NA,NA,NA,NA,NA,NA,0.069
2620,NA,NA,NA,NA,NA,NA,0.069
2622,NA,NA,NA,NA,NA,NA,0.069
2623,NA,NA,NA,NA,NA,NA,0.069
2624,NA,NA,NA,NA,NA,NA,0.069
2625,NA,NA,NA,NA,NA,NA,0.069
2626,NA,NA,NA,NA,NA,NA,0.069
2627,NA,NA,NA,NA,NA,NA,0.069
2629,NA,NA,NA,NA,NA,NA,0.069
2633,NA,NA,NA,NA,NA,NA,0.069
2634,NA,NA,NA,NA,NA,NA,0.069
2635,NA,NA,NA,NA,NA,NA,0.069
2637,NA,NA,NA,NA,NA,NA,0.069
2639,NA,NA,NA,NA,NA,NA,0.069
2640,NA,NA,NA,NA,NA,NA,0.069
2642,NA,NA,NA,NA,NA,NA,0.069
2643,NA,NA,NA,NA,NA,NA,0.069
2644,NA,NA,NA,NA,NA,NA,0.069
2646,NA,NA,NA,NA,NA,NA,0.069
2647,NA,NA,NA,NA,NA,NA,0.069
2648,NA,NA,NA,NA,NA,NA,0.069
2649,NA,NA,NA,NA,NA,NA,0.069
2650,NA,NA,NA,NA,NA,NA,0.069
2651,NA,NA,NA,NA,NA,NA,0.069
2652,NA,NA,NA,NA,NA,NA,0.069
2655,NA,NA,NA,NA,NA,NA,0.069
2656,NA,NA,NA,NA,NA,NA,0.069
2661,NA,NA,NA,NA,NA,NA,0.069
2663,NA,NA,NA,NA,NA,NA,0.069
2664,NA,NA,NA,NA,NA,NA,0.069
2665,NA,NA,NA,NA,NA,NA,0.069
2666,NA,NA,NA,NA,NA,NA,0.069
2667,NA,NA,NA,NA,NA,NA,0.069
2668,NA,NA,NA,NA,NA,NA,0.069
2671,NA,NA,NA,NA,NA,NA,0.069
2672,NA,NA,NA,NA,NA,NA,0.069
2673,NA,NA,NA,NA,NA,NA,0.069
2674,NA,NA,NA,NA,NA,NA,0.069
2675,NA,NA,NA,NA,NA,NA,0.069
2676,NA,NA,NA,NA,NA,NA,0.069
2677,NA,NA,NA,NA,NA,NA,0.069
2678,NA,NA,NA,NA,NA,NA,0.069
2679,NA,NA,NA,NA,NA,NA,0.069
2681,NA,NA,NA,NA,NA,NA,0.069
2682,NA,NA,NA,NA,NA,NA,0.069
2685,NA,NA,NA,NA,NA,NA,0.069
2686,NA,NA,NA,NA,NA,NA,0.069
2687,NA,NA,NA,NA,NA,NA,0.069
2688,NA,NA,NA,NA,NA,NA,0.069
2690,NA,NA,NA,NA,NA,NA,0.069
2691,NA,NA,NA,NA,NA,NA,0.069
2692,NA,NA,NA,NA,NA,NA,0.069
2693,NA,NA,NA,NA,NA,NA,0.069
2694,NA,NA,NA,NA,NA,NA,0.069
2695,NA,NA,NA,NA,NA,NA,0.069
2696,NA,NA,NA,NA,NA,NA,0.069
2697,NA,NA,NA,NA,NA,NA,0.069
2698,NA,NA,NA,NA,NA,NA,0.069
2699,NA,NA,NA,NA,NA,NA,0.069
2700,NA,NA,NA,NA,NA,NA,0.069
2701,NA,NA,NA,NA,NA,NA,0.069
2704,NA,NA,NA,NA,NA,NA,0.069
2705,NA,NA,NA,NA,NA,NA,0.069
2706,NA,NA,NA,NA,NA,NA,0.069
2707,NA,NA,NA,NA,NA,NA,0.069
2708,NA,NA,NA,NA,NA,NA,0.069
2709,NA,NA,NA,NA,NA,NA,0.069
2710,NA,NA,NA,NA,NA,NA,0.069
2711,NA,NA,NA,NA,NA,NA,0.069
2712,NA,NA,NA,NA,NA,NA,0.069
2713,NA,NA,NA,NA,NA,NA,0.069
2715,NA,NA,NA,NA,NA,NA,0.069
2722,NA,NA,NA,NA,NA,NA,0.069
2723,NA,NA,NA,NA,NA,NA,0.069
2724,NA,NA,NA,NA,NA,NA,0.069
2725,NA,NA,NA,NA,NA,NA,0.069
2726,NA,NA,NA,NA,NA,NA,0.069
2727,NA,NA,NA,NA,NA,NA,0.069
2728,NA,NA,NA,NA,NA,NA,0.069
2734,NA,NA,NA,NA,NA,NA,0.069
2738,NA,NA,NA,NA,NA,NA,0.069
2739,NA,NA,NA,NA,NA,NA,0.069
2741,NA,NA,NA,NA,NA,NA,0.069
2743,NA,NA,NA,NA,NA,NA,0.069
2744,NA,NA,NA,NA,NA,NA,0.069
2745,NA,NA,NA,NA,NA,NA,0.069
2746,NA,NA,NA,NA,NA,NA,0.069
2747,NA,NA,NA,NA,NA,NA,0.069
2748,NA,NA,NA,NA,NA,NA,0.069
2750,NA,NA,NA,NA,NA,NA,0.069
2751,NA,NA,NA,NA,NA,NA,0.069
2752,NA,NA,NA,NA,NA,NA,0.069
2753,NA,NA,NA,NA,NA,NA,0.069
2754,NA,NA,NA,NA,NA,NA,0.069
2756,NA,NA,NA,NA,NA,NA,0.069
2759,NA,NA,NA,NA,NA,NA,0.069
2760,NA,NA,NA,NA,NA,NA,0.069
2761,NA,NA,NA,NA,NA,NA,0.069
2762,NA,NA,NA,NA,NA,NA,0.069
2763,NA,NA,NA,NA,NA,NA,0.069
2764,NA,NA,NA,NA,NA,NA,0.069
2765,NA,NA,NA,NA,NA,NA,0.069
2766,NA,NA,NA,NA,NA,NA,0.069
2767,NA,NA,NA,NA,NA,NA,0.069
2768,NA,NA,NA,NA,NA,NA,0.069
2769,NA,NA,NA,NA,NA,NA,0.069
2770,NA,NA,NA,NA,NA,NA,0.069
2771,NA,NA,NA,NA,NA,NA,0.069
2773,NA,NA,NA,NA,NA,NA,0.069
2778,NA,NA,NA,NA,NA,NA,0.069
2779,NA,NA,NA,NA,NA,NA,0.069
2780,NA,NA,NA,NA,NA,NA,0.069
2782,NA,NA,NA,NA,NA,NA,0.069
2783,NA,NA,NA,NA,NA,NA,0.069
2785,NA,NA,NA,NA,NA,NA,0.069
2786,NA,NA,NA,NA,NA,NA,0.069
2788,NA,NA,NA,NA,NA,NA,0.069
2789,NA,NA,NA,NA,NA,NA,0.069
2791,NA,NA,NA,NA,NA,NA,0.069
2795,NA,NA,NA,NA,NA,NA,0.069
2797,NA,NA,NA,NA,NA,NA,0.069
2798,NA,NA,NA,NA,NA,NA,0.069
2799,NA,NA,NA,NA,NA,NA,0.069
2800,NA,NA,NA,NA,NA,NA,0.069
2801,NA,NA,NA,NA,NA,NA,0.069
2802,NA,NA,NA,NA,NA,NA,0.069
2803,NA,NA,NA,NA,NA,NA,0.069
2804,NA,NA,NA,NA,NA,NA,0.069
2805,NA,NA,NA,NA,NA,NA,0.069
2806,NA,NA,NA,NA,NA,NA,0.069
2807,NA,NA,NA,NA,NA,NA,0.069
2808,NA,NA,NA,NA,NA,NA,0.069
2809,NA,NA,NA,NA,NA,NA,0.069
2810,NA,NA,NA,NA,NA,NA,0.069
2811,NA,NA,NA,NA,NA,NA,0.069
2812,NA,NA,NA,NA,NA,NA,0.069
2818,NA,NA,NA,NA,NA,NA,0.069
2820,NA,NA,NA,NA,NA,NA,0.069
2821,NA,NA,NA,NA,NA,NA,0.069
2822,NA,NA,NA,NA,NA,NA,0.069
2825,NA,NA,NA,NA,NA,NA,0.069
2827,NA,NA,NA,NA,NA,NA,0.069
2828,NA,NA,NA,NA,NA,NA,0.069
2831,NA,NA,NA,NA,NA,NA,0.069
2832,NA,NA,NA,NA,NA,NA,0.069
2833,NA,NA,NA,NA,NA,NA,0.069
2834,NA,NA,NA,NA,NA,NA,0.069
2835,NA,NA,NA,NA,NA,NA,0.069
2836,NA,NA,NA,NA,NA,NA,0.069
2837,NA,NA,NA,NA,NA,NA,0.069
2838,NA,NA,NA,NA,NA,NA,0.069
2839,NA,NA,NA,NA,NA,NA,0.069
2841,NA,NA,NA,NA,NA,NA,0.069
2842,NA,NA,NA,NA,NA,NA,0.069
2843,NA,NA,NA,NA,NA,NA,0.069
2844,NA,NA,NA,NA,NA,NA,0.069
2845,NA,NA,NA,NA,NA,NA,0.069
2846,NA,NA,NA,NA,NA,NA,0.069
2847,NA,NA,NA,NA,NA,NA,0.069
2850,NA,NA,NA,NA,NA,NA,0.069
2851,NA,NA,NA,NA,NA,NA,0.069
2852,NA,NA,NA,NA,NA,NA,0.069
2853,NA,NA,NA,NA,NA,NA,0.069
2854,NA,NA,NA,NA,NA,NA,0.069
2857,NA,NA,NA,NA,NA,NA,0.069
2858,NA,NA,NA,NA,NA,NA,0.069
2859,NA,NA,NA,NA,NA,NA,0.069
2860,NA,NA,NA,NA,NA,NA,0.069
2862,NA,NA,NA,NA,NA,NA,0.069
2863,NA,NA,NA,NA,NA,NA,0.069
2864,NA,NA,NA,NA,NA,NA,0.069
2865,NA,NA,NA,NA,NA,NA,0.069
2867,NA,NA,NA,NA,NA,NA,0.069
2868,NA,NA,NA,NA,NA,NA,0.069
2869,NA,NA,NA,NA,NA,NA,0.069
2871,NA,NA,NA,NA,NA,NA,0.069
2873,NA,NA,NA,NA,NA,NA,0.069
2875,NA,NA,NA,NA,NA,NA,0.069
2876,NA,NA,NA,NA,NA,NA,0.069
2877,NA,NA,NA,NA,NA,NA,0.069
2878,NA,NA,NA,NA,NA,NA,0.069
2879,NA,NA,NA,NA,NA,NA,0.069
2881,NA,NA,NA,NA,NA,NA,0.069
2883,NA,NA,NA,NA,NA,NA,0.069
2884,NA,NA,NA,NA,NA,NA,0.069
2888,NA,NA,NA,NA,NA,NA,0.069
2889,NA,NA,NA,NA,NA,NA,0.069
2890,NA,NA,NA,NA,NA,NA,0.069
2891,NA,NA,NA,NA,NA,NA,0.069
2892,NA,NA,NA,NA,NA,NA,0.069
2893,NA,NA,NA,NA,NA,NA,0.069
2894,NA,NA,NA,NA,NA,NA,0.069
2895,NA,NA,NA,NA,NA,NA,0.069
2896,NA,NA,NA,NA,NA,NA,0.069
2897,NA,NA,NA,NA,NA,NA,0.069
2898,NA,NA,NA,NA,NA,NA,0.069
2899,NA,NA,NA,NA,NA,NA,0.069
2900,NA,NA,NA,NA,NA,NA,0.069
2901,NA,NA,NA,NA,NA,NA,0.069
2902,NA,NA,NA,NA,NA,NA,0.069
2903,NA,NA,NA,NA,NA,NA,0.069
2911,NA,NA,NA,NA,NA,NA,0.069
2912,NA,NA,NA,NA,NA,NA,0.069
2913,NA,NA,NA,NA,NA,NA,0.069
2915,NA,NA,NA,NA,NA,NA,0.069
2918,NA,NA,NA,NA,NA,NA,0.069
2919,NA,NA,NA,NA,NA,NA,0.069
2920,NA,NA,NA,NA,NA,NA,0.069
2921,NA,NA,NA,NA,NA,NA,0.069
2922,NA,NA,NA,NA,NA,NA,0.069
2923,NA,NA,NA,NA,NA,NA,0.069
2924,NA,NA,NA,NA,NA,NA,0.069
2925,NA,NA,NA,NA,NA,NA,0.069
2926,NA,NA,NA,NA,NA,NA,0.069
2927,NA,NA,NA,NA,NA,NA,0.069
2928,NA,NA,NA,NA,NA,NA,0.069
2929,NA,NA,NA,NA,NA,NA,0.069
2930,NA,NA,NA,NA,NA,NA,0.069
2931,NA,NA,NA,NA,NA,NA,0.069
2934,NA,NA,NA,NA,NA,NA,0.069
2935,NA,NA,NA,NA,NA,NA,0.069
2936,NA,NA,NA,NA,NA,NA,0.069
2938,NA,NA,NA,NA,NA,NA,0.069
2939,NA,NA,NA,NA,NA,NA,0.069
2941,NA,NA,NA,NA,NA,NA,0.069
2942,NA,NA,NA,NA,NA,NA,0.069
2943,NA,NA,NA,NA,NA,NA,0.069
2945,NA,NA,NA,NA,NA,NA,0.069
2946,NA,NA,NA,NA,NA,NA,0.069
2949,NA,NA,NA,NA,NA,NA,0.069
2950,NA,NA,NA,NA,NA,NA,0.069
2951,NA,NA,NA,NA,NA,NA,0.069
2952,NA,NA,NA,NA,NA,NA,0.069
2953,NA,NA,NA,NA,NA,NA,0.069
2954,NA,NA,NA,NA,NA,NA,0.069
2959,NA,NA,NA,NA,NA,NA,0.069
2961,NA,NA,NA,NA,NA,NA,0.069
2962,NA,NA,NA,NA,NA,NA,0.069
2964,NA,NA,NA,NA,NA,NA,0.069
2965,NA,NA,NA,NA,NA,NA,0.069
2966,NA,NA,NA,NA,NA,NA,0.069
2967,NA,NA,NA,NA,NA,NA,0.069
2968,NA,NA,NA,NA,NA,NA,0.069
2969,NA,NA,NA,NA,NA,NA,0.069
2970,NA,NA,NA,NA,NA,NA,0.069
2971,NA,NA,NA,NA,NA,NA,0.069
2972,NA,NA,NA,NA,NA,NA,0.069
2973,NA,NA,NA,NA,NA,NA,0.069
2974,NA,NA,NA,NA,NA,NA,0.069
2975,NA,NA,NA,NA,NA,NA,0.069
2977,NA,NA,NA,NA,NA,NA,0.069
2978,NA,NA,NA,NA,NA,NA,0.069
2979,NA,NA,NA,NA,NA,NA,0.069
2980,NA,NA,NA,NA,NA,NA,0.069
2981,NA,NA,NA,NA,NA,NA,0.069
2982,NA,NA,NA,NA,NA,NA,0.069
2983,NA,NA,NA,NA,NA,NA,0.069
2984,NA,NA,NA,NA,NA,NA,0.069
2985,NA,NA,NA,NA,NA,NA,0.069
2986,NA,NA,NA,NA,NA,NA,0.069
2987,NA,NA,NA,NA,NA,NA,0.069
2988,NA,NA,NA,NA,NA,NA,0.069
2989,NA,NA,NA,NA,NA,NA,0.069
2991,NA,NA,NA,NA,NA,NA,0.069
2993,NA,NA,NA,NA,NA,NA,0.069
2995,NA,NA,NA,NA,NA,NA,0.069
2996,NA,NA,NA,NA,NA,NA,0.069
2997,NA,NA,NA,NA,NA,NA,0.069
2998,NA,NA,NA,NA,NA,NA,0.069
2999,NA,NA,NA,NA,NA,NA,0.069
3001,NA,NA,NA,NA,NA,NA,0.069
3002,NA,NA,NA,NA,NA,NA,0.069
3004,NA,NA,NA,NA,NA,NA,0.069
3005,NA,NA,NA,NA,NA,NA,0.069
3007,NA,NA,NA,NA,NA,NA,0.069
3009,NA,NA,NA,NA,NA,NA,0.069
3010,NA,NA,NA,NA,NA,NA,0.069
3011,NA,NA,NA,NA,NA,NA,0.069
3012,NA,NA,NA,NA,NA,NA,0.069
3013,NA,NA,NA,NA,NA,NA,0.069
3014,NA,NA,NA,NA,NA,NA,0.069
3015,NA,NA,NA,NA,NA,NA,0.069
3016,NA,NA,NA,NA,NA,NA,0.069
3018,NA,NA,NA,NA,NA,NA,0.069
3019,NA,NA,NA,NA,NA,NA,0.069
3020,NA,NA,NA,NA,NA,NA,0.069
3023,NA,NA,NA,NA,NA,NA,0.069
3025,NA,NA,NA,NA,NA,NA,0.069
3027,NA,NA,NA,NA,NA,NA,0.069
3028,NA,NA,NA,NA,NA,NA,0.069
3029,NA,NA,NA,NA,NA,NA,0.069
3030,NA,NA,NA,NA,NA,NA,0.069
3033,NA,NA,NA,NA,NA,NA,0.069
3034,NA,NA,NA,NA,NA,NA,0.069
3035,NA,NA,NA,NA,NA,NA,0.069
3036,NA,NA,NA,NA,NA,NA,0.069
3037,NA,NA,NA,NA,NA,NA,0.069
3038,NA,NA,NA,NA,NA,NA,0.069
3039,NA,NA,NA,NA,NA,NA,0.069
3040,NA,NA,NA,NA,NA,NA,0.069
3042,NA,NA,NA,NA,NA,NA,0.069
3044,NA,NA,NA,NA,NA,NA,0.069
3045,NA,NA,NA,NA,NA,NA,0.069
3047,NA,NA,NA,NA,NA,NA,0.069
3049,NA,NA,NA,NA,NA,NA,0.069
3050,NA,NA,NA,NA,NA,NA,0.069
3051,NA,NA,NA,NA,NA,NA,0.069
3052,NA,NA,NA,NA,NA,NA,0.069
3054,NA,NA,NA,NA,NA,NA,0.069
3055,NA,NA,NA,NA,NA,NA,0.069
3056,NA,NA,NA,NA,NA,NA,0.069
3057,NA,NA,NA,NA,NA,NA,0.069
3058,NA,NA,NA,NA,NA,NA,0.069
3059,NA,NA,NA,NA,NA,NA,0.069
3060,NA,NA,NA,NA,NA,NA,0.069
3064,NA,NA,NA,NA,NA,NA,0.069
3065,NA,NA,NA,NA,NA,NA,0.069
3067,NA,NA,NA,NA,NA,NA,0.069
3068,NA,NA,NA,NA,NA,NA,0.069
3069,NA,NA,NA,NA,NA,NA,0.069
3070,NA,NA,NA,NA,NA,NA,0.069
3071,NA,NA,NA,NA,NA,NA,0.069
3072,NA,NA,NA,NA,NA,NA,0.069
3074,NA,NA,NA,NA,NA,NA,0.069
3079,NA,NA,NA,NA,NA,NA,0.069
3082,NA,NA,NA,NA,NA,NA,0.069
3083,NA,NA,NA,NA,NA,NA,0.069
3084,NA,NA,NA,NA,NA,NA,0.069
3085,NA,NA,NA,NA,NA,NA,0.069
3086,NA,NA,NA,NA,NA,NA,0.069
3087,NA,NA,NA,NA,NA,NA,0.069
3088,NA,NA,NA,NA,NA,NA,0.069
3089,NA,NA,NA,NA,NA,NA,0.069
3090,NA,NA,NA,NA,NA,NA,0.069
3091,NA,NA,NA,NA,NA,NA,0.069
3092,NA,NA,NA,NA,NA,NA,0.069
3093,NA,NA,NA,NA,NA,NA,0.069
3094,NA,NA,NA,NA,NA,NA,0.069
3095,NA,NA,NA,NA,NA,NA,0.069
3096,NA,NA,NA,NA,NA,NA,0.069
3097,NA,NA,NA,NA,NA,NA,0.069
3098,NA,NA,NA,NA,NA,NA,0.069
3099,NA,NA,NA,NA,NA,NA,0.069
3100,NA,NA,NA,NA,NA,NA,0.069
3101,NA,NA,NA,NA,NA,NA,0.069
3102,NA,NA,NA,NA,NA,NA,0.069
3103,NA,NA,NA,NA,NA,NA,0.069
3104,NA,NA,NA,NA,NA,NA,0.069
3105,NA,NA,NA,NA,NA,NA,0.069
3106,NA,NA,NA,NA,NA,NA,0.069
3107,NA,NA,NA,NA,NA,NA,0.069
3108,NA,NA,NA,NA,NA,NA,0.069
3111,NA,NA,NA,NA,NA,NA,0.069
3112,NA,NA,NA,NA,NA,NA,0.069
3113,NA,NA,NA,NA,NA,NA,0.069
3114,NA,NA,NA,NA,NA,NA,0.069
3115,NA,NA,NA,NA,NA,NA,0.069
3116,NA,NA,NA,NA,NA,NA,0.069
3118,NA,NA,NA,NA,NA,NA,0.069
3119,NA,NA,NA,NA,NA,NA,0.069
3120,NA,NA,NA,NA,NA,NA,0.069
3121,NA,NA,NA,NA,NA,NA,0.069
3124,NA,NA,NA,NA,NA,NA,0.069
3126,NA,NA,NA,NA,NA,NA,0.069
3127,NA,NA,NA,NA,NA,NA,0.069
3128,NA,NA,NA,NA,NA,NA,0.069
3129,NA,NA,NA,NA,NA,NA,0.069
3130,NA,NA,NA,NA,NA,NA,0.069
3131,NA,NA,NA,NA,NA,NA,0.069
3132,NA,NA,NA,NA,NA,NA,0.069
3133,NA,NA,NA,NA,NA,NA,0.069
3134,NA,NA,NA,NA,NA,NA,0.069
3135,NA,NA,NA,NA,NA,NA,0.069
3136,NA,NA,NA,NA,NA,NA,0.069
3137,NA,NA,NA,NA,NA,NA,0.069
3138,NA,NA,NA,NA,NA,NA,0.069
3142,NA,NA,NA,NA,NA,NA,0.069
3144,NA,NA,NA,NA,NA,NA,0.069
3145,NA,NA,NA,NA,NA,NA,0.069
3146,NA,NA,NA,NA,NA,NA,0.069
3147,NA,NA,NA,NA,NA,NA,0.069
3148,NA,NA,NA,NA,NA,NA,0.069
3149,NA,NA,NA,NA,NA,NA,0.069
3150,NA,NA,NA,NA,NA,NA,0.069
3151,NA,NA,NA,NA,NA,NA,0.069
3152,NA,NA,NA,NA,NA,NA,0.069
3153,NA,NA,NA,NA,NA,NA,0.069
3154,NA,NA,NA,NA,NA,NA,0.069
3155,NA,NA,NA,NA,NA,NA,0.069
3156,NA,NA,NA,NA,NA,NA,0.069
3157,NA,NA,NA,NA,NA,NA,0.069
3158,NA,NA,NA,NA,NA,NA,0.069
3159,NA,NA,NA,NA,NA,NA,0.069
3160,NA,NA,NA,NA,NA,NA,0.069
3164,NA,NA,NA,NA,NA,NA,0.069
3165,NA,NA,NA,NA,NA,NA,0.069
3166,NA,NA,NA,NA,NA,NA,0.069
3167,NA,NA,NA,NA,NA,NA,0.069
3172,NA,NA,NA,NA,NA,NA,0.069
3173,NA,NA,NA,NA,NA,NA,0.069
3175,NA,NA,NA,NA,NA,NA,0.069
3176,NA,NA,NA,NA,NA,NA,0.069
3177,NA,NA,NA,NA,NA,NA,0.069
3178,NA,NA,NA,NA,NA,NA,0.069
3179,NA,NA,NA,NA,NA,NA,0.069
3180,NA,NA,NA,NA,NA,NA,0.069
3181,NA,NA,NA,NA,NA,NA,0.069
3185,NA,NA,NA,NA,NA,NA,0.069
3186,NA,NA,NA,NA,NA,NA,0.069
3187,NA,NA,NA,NA,NA,NA,0.069
3188,NA,NA,NA,NA,NA,NA,0.069
3190,NA,NA,NA,NA,NA,NA,0.069
3191,NA,NA,NA,NA,NA,NA,0.069
3192,NA,NA,NA,NA,NA,NA,0.069
3193,NA,NA,NA,NA,NA,NA,0.069
3196,NA,NA,NA,NA,NA,NA,0.069
3197,NA,NA,NA,NA,NA,NA,0.069
3199,NA,NA,NA,NA,NA,NA,0.069
3200,NA,NA,NA,NA,NA,NA,0.069
3201,NA,NA,NA,NA,NA,NA,0.069
3202,NA,NA,NA,NA,NA,NA,0.069
3203,NA,NA,NA,NA,NA,NA,0.069
3205,NA,NA,NA,NA,NA,NA,0.069
3206,NA,NA,NA,NA,NA,NA,0.069
3207,NA,NA,NA,NA,NA,NA,0.069
3208,NA,NA,NA,NA,NA,NA,0.069
3209,NA,NA,NA,NA,NA,NA,0.069
3210,NA,NA,NA,NA,NA,NA,0.069
3211,NA,NA,NA,NA,NA,NA,0.069
3214,NA,NA,NA,NA,NA,NA,0.069
3216,NA,NA,NA,NA,NA,NA,0.069
3217,NA,NA,NA,NA,NA,NA,0.069
3220,NA,NA,NA,NA,NA,NA,0.069
3221,NA,NA,NA,NA,NA,NA,0.069
3222,NA,NA,NA,NA,NA,NA,0.069
3223,NA,NA,NA,NA,NA,NA,0.069
3224,NA,NA,NA,NA,NA,NA,0.069
3225,NA,NA,NA,NA,NA,NA,0.069
3226,NA,NA,NA,NA,NA,NA,0.069
3227,NA,NA,NA,NA,NA,NA,0.069
3228,NA,NA,NA,NA,NA,NA,0.069
3229,NA,NA,NA,NA,NA,NA,0.069
3230,NA,NA,NA,NA,NA,NA,0.069
3232,NA,NA,NA,NA,NA,NA,0.069
3233,NA,NA,NA,NA,NA,NA,0.069
3234,NA,NA,NA,NA,NA,NA,0.069
3235,NA,NA,NA,NA,NA,NA,0.069
3236,NA,NA,NA,NA,NA,NA,0.069
3237,NA,NA,NA,NA,NA,NA,0.069
3238,NA,NA,NA,NA,NA,NA,0.069
3239,NA,NA,NA,NA,NA,NA,0.069
3240,NA,NA,NA,NA,NA,NA,0.069
3241,NA,NA,NA,NA,NA,NA,0.069
3242,NA,NA,NA,NA,NA,NA,0.069
3243,NA,NA,NA,NA,NA,NA,0.069
3244,NA,NA,NA,NA,NA,NA,0.069
3245,NA,NA,NA,NA,NA,NA,0.069
3246,NA,NA,NA,NA,NA,NA,0.069
3247,NA,NA,NA,NA,NA,NA,0.069
3248,NA,NA,NA,NA,NA,NA,0.069
3249,NA,NA,NA,NA,NA,NA,0.069
3250,NA,NA,NA,NA,NA,NA,0.069
3251,NA,NA,NA,NA,NA,NA,0.069
3252,NA,NA,NA,NA,NA,NA,0.069
3253,NA,NA,NA,NA,NA,NA,0.069
3254,NA,NA,NA,NA,NA,NA,0.069
3255,NA,NA,NA,NA,NA,NA,0.069
3256,NA,NA,NA,NA,NA,NA,0.069
3258,NA,NA,NA,NA,NA,NA,0.069
3260,NA,NA,NA,NA,NA,NA,0.069
3261,NA,NA,NA,NA,NA,NA,0.069
3262,NA,NA,NA,NA,NA,NA,0.069
3264,NA,NA,NA,NA,NA,NA,0.069
3265,NA,NA,NA,NA,NA,NA,0.069
3266,NA,NA,NA,NA,NA,NA,0.069
3268,NA,NA,NA,NA,NA,NA,0.069
3269,NA,NA,NA,NA,NA,NA,0.069
3270,NA,NA,NA,NA,NA,NA,0.069
3271,NA,NA,NA,NA,NA,NA,0.069
3272,NA,NA,NA,NA,NA,NA,0.069
3273,NA,NA,NA,NA,NA,NA,0.069
3274,NA,NA,NA,NA,NA,NA,0.069
3275,NA,NA,NA,NA,NA,NA,0.069
3276,NA,NA,NA,NA,NA,NA,0.069
3277,NA,NA,NA,NA,NA,NA,0.069
3278,NA,NA,NA,NA,NA,NA,0.069
3280,NA,NA,NA,NA,NA,NA,0.069
3281,NA,NA,NA,NA,NA,NA,0.069
3282,NA,NA,NA,NA,NA,NA,0.069
3283,NA,NA,NA,NA,NA,NA,0.069
3284,NA,NA,NA,NA,NA,NA,0.069
3285,NA,NA,NA,NA,NA,NA,0.069
3286,NA,NA,NA,NA,NA,NA,0.069
3287,NA,NA,NA,NA,NA,NA,0.069
3288,NA,NA,NA,NA,NA,NA,0.069
3289,NA,NA,NA,NA,NA,NA,0.069
3290,NA,NA,NA,NA,NA,NA,0.069
3291,NA,NA,NA,NA,NA,NA,0.069
3292,NA,NA,NA,NA,NA,NA,0.069
3294,NA,NA,NA,NA,NA,NA,0.069
3295,NA,NA,NA,NA,NA,NA,0.069
3298,NA,NA,NA,NA,NA,NA,0.069
3300,NA,NA,NA,NA,NA,NA,0.069
3302,NA,NA,NA,NA,NA,NA,0.069
3303,NA,NA,NA,NA,NA,NA,0.069
3304,NA,NA,NA,NA,NA,NA,0.069
3306,NA,NA,NA,NA,NA,NA,0.069
3307,NA,NA,NA,NA,NA,NA,0.069
3309,NA,NA,NA,NA,NA,NA,0.069
3310,NA,NA,NA,NA,NA,NA,0.069
3311,NA,NA,NA,NA,NA,NA,0.069
3312,NA,NA,NA,NA,NA,NA,0.069
3313,NA,NA,NA,NA,NA,NA,0.069
3314,NA,NA,NA,NA,NA,NA,0.069
3315,NA,NA,NA,NA,NA,NA,0.069
3316,NA,NA,NA,NA,NA,NA,0.069
3317,NA,NA,NA,NA,NA,NA,0.069
3318,NA,NA,NA,NA,NA,NA,0.069
3319,NA,NA,NA,NA,NA,NA,0.069
3320,NA,NA,NA,NA,NA,NA,0.069
3321,NA,NA,NA,NA,NA,NA,0.069
3322,NA,NA,NA,NA,NA,NA,0.069
3323,NA,NA,NA,NA,NA,NA,0.069
3324,NA,NA,NA,NA,NA,NA,0.069
3325,NA,NA,NA,NA,NA,NA,0.069
3326,NA,NA,NA,NA,NA,NA,0.069
3327,NA,NA,NA,NA,NA,NA,0.069
3328,NA,NA,NA,NA,NA,NA,0.069
3330,NA,NA,NA,NA,NA,NA,0.069
3331,NA,NA,NA,NA,NA,NA,0.069
3332,NA,NA,NA,NA,NA,NA,0.069
3333,NA,NA,NA,NA,NA,NA,0.069
3334,NA,NA,NA,NA,NA,NA,0.069
3337,NA,NA,NA,NA,NA,NA,0.069
3338,NA,NA,NA,NA,NA,NA,0.069
3339,NA,NA,NA,NA,NA,NA,0.069
3341,NA,NA,NA,NA,NA,NA,0.069
3342,NA,NA,NA,NA,NA,NA,0.069
3345,NA,NA,NA,NA,NA,NA,0.069
3347,NA,NA,NA,NA,NA,NA,0.069
3350,NA,NA,NA,NA,NA,NA,0.069
3351,NA,NA,NA,NA,NA,NA,0.069
3352,NA,NA,NA,NA,NA,NA,0.069
3353,NA,NA,NA,NA,NA,NA,0.069
3354,NA,NA,NA,NA,NA,NA,0.069
3356,NA,NA,NA,NA,NA,NA,0.069
3358,NA,NA,NA,NA,NA,NA,0.069
3359,NA,NA,NA,NA,NA,NA,0.069
3360,NA,NA,NA,NA,NA,NA,0.069
3361,NA,NA,NA,NA,NA,NA,0.069
3362,NA,NA,NA,NA,NA,NA,0.069
3363,NA,NA,NA,NA,NA,NA,0.069
3364,NA,NA,NA,NA,NA,NA,0.069
3365,NA,NA,NA,NA,NA,NA,0.069
3368,NA,NA,NA,NA,NA,NA,0.069
3369,NA,NA,NA,NA,NA,NA,0.069
3370,NA,NA,NA,NA,NA,NA,0.069
3371,NA,NA,NA,NA,NA,NA,0.069
3372,NA,NA,NA,NA,NA,NA,0.069
3373,NA,NA,NA,NA,NA,NA,0.069
3374,NA,NA,NA,NA,NA,NA,0.069
3376,NA,NA,NA,NA,NA,NA,0.069
3380,NA,NA,NA,NA,NA,NA,0.069
3381,NA,NA,NA,NA,NA,NA,0.069
3382,NA,NA,NA,NA,NA,NA,0.069
3383,NA,NA,NA,NA,NA,NA,0.069
3384,NA,NA,NA,NA,NA,NA,0.069
3385,NA,NA,NA,NA,NA,NA,0.069
3386,NA,NA,NA,NA,NA,NA,0.069
3387,NA,NA,NA,NA,NA,NA,0.069
3388,NA,NA,NA,NA,NA,NA,0.069
3389,NA,NA,NA,NA,NA,NA,0.069
3390,NA,NA,NA,NA,NA,NA,0.069
3391,NA,NA,NA,NA,NA,NA,0.069
3392,NA,NA,NA,NA,NA,NA,0.069
3393,NA,NA,NA,NA,NA,NA,0.069
3394,NA,NA,NA,NA,NA,NA,0.069
3395,NA,NA,NA,NA,NA,NA,0.069
3396,NA,NA,NA,NA,NA,NA,0.069
3397,NA,NA,NA,NA,NA,NA,0.069
3398,NA,NA,NA,NA,NA,NA,0.069
3399,NA,NA,NA,NA,NA,NA,0.069
3400,NA,NA,NA,NA,NA,NA,0.069
3401,NA,NA,NA,NA,NA,NA,0.069
3402,NA,NA,NA,NA,NA,NA,0.069
3403,NA,NA,NA,NA,NA,NA,0.069
3405,NA,NA,NA,NA,NA,NA,0.069
3408,NA,NA,NA,NA,NA,NA,0.069
3409,NA,NA,NA,NA,NA,NA,0.069
3410,NA,NA,NA,NA,NA,NA,0.069
3411,NA,NA,NA,NA,NA,NA,0.069
3413,NA,NA,NA,NA,NA,NA,0.069
3415,NA,NA,NA,NA,NA,NA,0.069
3418,NA,NA,NA,NA,NA,NA,0.069
3419,NA,NA,NA,NA,NA,NA,0.069
3421,NA,NA,NA,NA,NA,NA,0.069
3423,NA,NA,NA,NA,NA,NA,0.069
3424,NA,NA,NA,NA,NA,NA,0.069
3425,NA,NA,NA,NA,NA,NA,0.069
3426,NA,NA,NA,NA,NA,NA,0.069
3427,NA,NA,NA,NA,NA,NA,0.069
3428,NA,NA,NA,NA,NA,NA,0.069
3429,NA,NA,NA,NA,NA,NA,0.069
3431,NA,NA,NA,NA,NA,NA,0.069
3432,NA,NA,NA,NA,NA,NA,0.069
3433,NA,NA,NA,NA,NA,NA,0.069
3434,NA,NA,NA,NA,NA,NA,0.069
3435,NA,NA,NA,NA,NA,NA,0.069
3436,NA,NA,NA,NA,NA,NA,0.069
3437,NA,NA,NA,NA,NA,NA,0.069
3438,NA,NA,NA,NA,NA,NA,0.069
3439,NA,NA,NA,NA,NA,NA,0.069
3440,NA,NA,NA,NA,NA,NA,0.069
3441,NA,NA,NA,NA,NA,NA,0.069
3442,NA,NA,NA,NA,NA,NA,0.069
3443,NA,NA,NA,NA,NA,NA,0.069
3444,NA,NA,NA,NA,NA,NA,0.069
3445,NA,NA,NA,NA,NA,NA,0.069
3446,NA,NA,NA,NA,NA,NA,0.069
3447,NA,NA,NA,NA,NA,NA,0.069
3448,NA,NA,NA,NA,NA,NA,0.069
3449,NA,NA,NA,NA,NA,NA,0.069
3450,NA,NA,NA,NA,NA,NA,0.069
3451,NA,NA,NA,NA,NA,NA,0.069
3452,NA,NA,NA,NA,NA,NA,0.069
3453,NA,NA,NA,NA,NA,NA,0.069
3455,NA,NA,NA,NA,NA,NA,0.069
3456,NA,NA,NA,NA,NA,NA,0.069
3460,NA,NA,NA,NA,NA,NA,0.069
3461,NA,NA,NA,NA,NA,NA,0.069
3462,NA,NA,NA,NA,NA,NA,0.069
3463,NA,NA,NA,NA,NA,NA,0.069
3465,NA,NA,NA,NA,NA,NA,0.069
3466,NA,NA,NA,NA,NA,NA,0.069
3467,NA,NA,NA,NA,NA,NA,0.069
3468,NA,NA,NA,NA,NA,NA,0.069
3469,NA,NA,NA,NA,NA,NA,0.069
3470,NA,NA,NA,NA,NA,NA,0.069
3471,NA,NA,NA,NA,NA,NA,0.069
3472,NA,NA,NA,NA,NA,NA,0.069
3474,NA,NA,NA,NA,NA,NA,0.069
3475,NA,NA,NA,NA,NA,NA,0.069
3476,NA,NA,NA,NA,NA,NA,0.069
3477,NA,NA,NA,NA,NA,NA,0.069
3478,NA,NA,NA,NA,NA,NA,0.069
3479,NA,NA,NA,NA,NA,NA,0.069
3480,NA,NA,NA,NA,NA,NA,0.069
3481,NA,NA,NA,NA,NA,NA,0.069
3482,NA,NA,NA,NA,NA,NA,0.069
3484,NA,NA,NA,NA,NA,NA,0.069
3485,NA,NA,NA,NA,NA,NA,0.069
3486,NA,NA,NA,NA,NA,NA,0.069
3487,NA,NA,NA,NA,NA,NA,0.069
3488,NA,NA,NA,NA,NA,NA,0.069
3491,NA,NA,NA,NA,NA,NA,0.069
3492,NA,NA,NA,NA,NA,NA,0.069
3493,NA,NA,NA,NA,NA,NA,0.069
3494,NA,NA,NA,NA,NA,NA,0.069
3495,NA,NA,NA,NA,NA,NA,0.069
3498,NA,NA,NA,NA,NA,NA,0.069
3499,NA,NA,NA,NA,NA,NA,0.069
3500,NA,NA,NA,NA,NA,NA,0.069
3501,NA,NA,NA,NA,NA,NA,0.069
3502,NA,NA,NA,NA,NA,NA,0.069
3503,NA,NA,NA,NA,NA,NA,0.069
3504,NA,NA,NA,NA,NA,NA,0.069
3505,NA,NA,NA,NA,NA,NA,0.069
3506,NA,NA,NA,NA,NA,NA,0.069
3507,NA,NA,NA,NA,NA,NA,0.069
3508,NA,NA,NA,NA,NA,NA,0.069
3510,NA,NA,NA,NA,NA,NA,0.069
3511,NA,NA,NA,NA,NA,NA,0.069
3512,NA,NA,NA,NA,NA,NA,0.069
3513,NA,NA,NA,NA,NA,NA,0.069
3514,NA,NA,NA,NA,NA,NA,0.069
3515,NA,NA,NA,NA,NA,NA,0.069
3516,NA,NA,NA,NA,NA,NA,0.069
3517,NA,NA,NA,NA,NA,NA,0.069
3518,NA,NA,NA,NA,NA,NA,0.069
3520,NA,NA,NA,NA,NA,NA,0.069
3522,NA,NA,NA,NA,NA,NA,0.069
3524,NA,NA,NA,NA,NA,NA,0.069
3525,NA,NA,NA,NA,NA,NA,0.069
3526,NA,NA,NA,NA,NA,NA,0.069
3528,NA,NA,NA,NA,NA,NA,0.069
3529,NA,NA,NA,NA,NA,NA,0.069
3531,NA,NA,NA,NA,NA,NA,0.069
3532,NA,NA,NA,NA,NA,NA,0.069
3533,NA,NA,NA,NA,NA,NA,0.069
3534,NA,NA,NA,NA,NA,NA,0.069
3535,NA,NA,NA,NA,NA,NA,0.069
3536,NA,NA,NA,NA,NA,NA,0.069
3537,NA,NA,NA,NA,NA,NA,0.069
3539,NA,NA,NA,NA,NA,NA,0.069
3540,NA,NA,NA,NA,NA,NA,0.069
3541,NA,NA,NA,NA,NA,NA,0.069
3542,NA,NA,NA,NA,NA,NA,0.069
3543,NA,NA,NA,NA,NA,NA,0.069
3544,NA,NA,NA,NA,NA,NA,0.069
3545,NA,NA,NA,NA,NA,NA,0.069
3546,NA,NA,NA,NA,NA,NA,0.069
3547,NA,NA,NA,NA,NA,NA,0.069
3548,NA,NA,NA,NA,NA,NA,0.069
3549,NA,NA,NA,NA,NA,NA,0.069
3550,NA,NA,NA,NA,NA,NA,0.069
3551,NA,NA,NA,NA,NA,NA,0.069
3553,NA,NA,NA,NA,NA,NA,0.069
3555,NA,NA,NA,NA,NA,NA,0.069
3557,NA,NA,NA,NA,NA,NA,0.069
3558,NA,NA,NA,NA,NA,NA,0.069
3561,NA,NA,NA,NA,NA,NA,0.069
3563,NA,NA,NA,NA,NA,NA,0.069
3564,NA,NA,NA,NA,NA,NA,0.069
3566,NA,NA,NA,NA,NA,NA,0.069
3567,NA,NA,NA,NA,NA,NA,0.069
3569,NA,NA,NA,NA,NA,NA,0.069
3570,NA,NA,NA,NA,NA,NA,0.069
3571,NA,NA,NA,NA,NA,NA,0.069
3575,NA,NA,NA,NA,NA,NA,0.069
3576,NA,NA,NA,NA,NA,NA,0.069
3578,NA,NA,NA,NA,NA,NA,0.069
3579,NA,NA,NA,NA,NA,NA,0.069
3580,NA,NA,NA,NA,NA,NA,0.069
3581,NA,NA,NA,NA,NA,NA,0.069
3582,NA,NA,NA,NA,NA,NA,0.069
3583,NA,NA,NA,NA,NA,NA,0.069
3585,NA,NA,NA,NA,NA,NA,0.069
3586,NA,NA,NA,NA,NA,NA,0.069
3587,NA,NA,NA,NA,NA,NA,0.069
3588,NA,NA,NA,NA,NA,NA,0.069
3589,NA,NA,NA,NA,NA,NA,0.069
3591,NA,NA,NA,NA,NA,NA,0.069
3592,NA,NA,NA,NA,NA,NA,0.069
3594,NA,NA,NA,NA,NA,NA,0.069
3595,NA,NA,NA,NA,NA,NA,0.069
3596,NA,NA,NA,NA,NA,NA,0.069
3597,NA,NA,NA,NA,NA,NA,0.069
3598,NA,NA,NA,NA,NA,NA,0.069
3599,NA,NA,NA,NA,NA,NA,0.069
3600,NA,NA,NA,NA,NA,NA,0.069
3601,NA,NA,NA,NA,NA,NA,0.069
3602,NA,NA,NA,NA,NA,NA,0.069
3603,NA,NA,NA,NA,NA,NA,0.069
3604,NA,NA,NA,NA,NA,NA,0.069
3605,NA,NA,NA,NA,NA,NA,0.069
3606,NA,NA,NA,NA,NA,NA,0.069
3607,NA,NA,NA,NA,NA,NA,0.069
3608,NA,NA,NA,NA,NA,NA,0.069
3609,NA,NA,NA,NA,NA,NA,0.069
3610,NA,NA,NA,NA,NA,NA,0.069
3612,NA,NA,NA,NA,NA,NA,0.069
3614,NA,NA,NA,NA,NA,NA,0.069
3615,NA,NA,NA,NA,NA,NA,0.069
3616,NA,NA,NA,NA,NA,NA,0.069
3617,NA,NA,NA,NA,NA,NA,0.069
3618,NA,NA,NA,NA,NA,NA,0.069
3619,NA,NA,NA,NA,NA,NA,0.069
3620,NA,NA,NA,NA,NA,NA,0.069
3621,NA,NA,NA,NA,NA,NA,0.069
3622,NA,NA,NA,NA,NA,NA,0.069
3623,NA,NA,NA,NA,NA,NA,0.069
3624,NA,NA,NA,NA,NA,NA,0.069
3625,NA,NA,NA,NA,NA,NA,0.069
3626,NA,NA,NA,NA,NA,NA,0.069
3627,NA,NA,NA,NA,NA,NA,0.069
3629,NA,NA,NA,NA,NA,NA,0.069
3632,NA,NA,NA,NA,NA,NA,0.069
3633,NA,NA,NA,NA,NA,NA,0.069
3634,NA,NA,NA,NA,NA,NA,0.069
3635,NA,NA,NA,NA,NA,NA,0.069
3637,NA,NA,NA,NA,NA,NA,0.069
3638,NA,NA,NA,NA,NA,NA,0.069
3639,NA,NA,NA,NA,NA,NA,0.069
3640,NA,NA,NA,NA,NA,NA,0.069
3641,NA,NA,NA,NA,NA,NA,0.069
3644,NA,NA,NA,NA,NA,NA,0.069
3646,NA,NA,NA,NA,NA,NA,0.069
3647,NA,NA,NA,NA,NA,NA,0.069
3649,NA,NA,NA,NA,NA,NA,0.069
3651,NA,NA,NA,NA,NA,NA,0.069
3652,NA,NA,NA,NA,NA,NA,0.069
3653,NA,NA,NA,NA,NA,NA,0.069
3654,NA,NA,NA,NA,NA,NA,0.069
3655,NA,NA,NA,NA,NA,NA,0.069
3657,NA,NA,NA,NA,NA,NA,0.069
3658,NA,NA,NA,NA,NA,NA,0.069
3659,NA,NA,NA,NA,NA,NA,0.069
3660,NA,NA,NA,NA,NA,NA,0.069
3661,NA,NA,NA,NA,NA,NA,0.069
3662,NA,NA,NA,NA,NA,NA,0.069
3663,NA,NA,NA,NA,NA,NA,0.069
3664,NA,NA,NA,NA,NA,NA,0.069
3665,NA,NA,NA,NA,NA,NA,0.069
3666,NA,NA,NA,NA,NA,NA,0.069
3667,NA,NA,NA,NA,NA,NA,0.069
3668,NA,NA,NA,NA,NA,NA,0.069
3669,NA,NA,NA,NA,NA,NA,0.069
3671,NA,NA,NA,NA,NA,NA,0.069
3672,NA,NA,NA,NA,NA,NA,0.069
3673,NA,NA,NA,NA,NA,NA,0.069
3674,NA,NA,NA,NA,NA,NA,0.069
3675,NA,NA,NA,NA,NA,NA,0.069
3676,NA,NA,NA,NA,NA,NA,0.069
3680,NA,NA,NA,NA,NA,NA,0.069
3681,NA,NA,NA,NA,NA,NA,0.069
3683,NA,NA,NA,NA,NA,NA,0.069
3684,NA,NA,NA,NA,NA,NA,0.069
3685,NA,NA,NA,NA,NA,NA,0.069
3686,NA,NA,NA,NA,NA,NA,0.069
3687,NA,NA,NA,NA,NA,NA,0.069
3688,NA,NA,NA,NA,NA,NA,0.069
3689,NA,NA,NA,NA,NA,NA,0.069
3690,NA,NA,NA,NA,NA,NA,0.069
3691,NA,NA,NA,NA,NA,NA,0.069
3692,NA,NA,NA,NA,NA,NA,0.069
3693,NA,NA,NA,NA,NA,NA,0.069
3695,NA,NA,NA,NA,NA,NA,0.069
3696,NA,NA,NA,NA,NA,NA,0.069
3697,NA,NA,NA,NA,NA,NA,0.069
3698,NA,NA,NA,NA,NA,NA,0.069
3699,NA,NA,NA,NA,NA,NA,0.069
3700,NA,NA,NA,NA,NA,NA,0.069
3701,NA,NA,NA,NA,NA,NA,0.069
3703,NA,NA,NA,NA,NA,NA,0.069
3704,NA,NA,NA,NA,NA,NA,0.069
3705,NA,NA,NA,NA,NA,NA,0.069
3706,NA,NA,NA,NA,NA,NA,0.069
3707,NA,NA,NA,NA,NA,NA,0.069
3708,NA,NA,NA,NA,NA,NA,0.069
3711,NA,NA,NA,NA,NA,NA,0.069
3712,NA,NA,NA,NA,NA,NA,0.069
3717,NA,NA,NA,NA,NA,NA,0.069
3720,NA,NA,NA,NA,NA,NA,0.069
3721,NA,NA,NA,NA,NA,NA,0.069
3722,NA,NA,NA,NA,NA,NA,0.069
3723,NA,NA,NA,NA,NA,NA,0.069
3724,NA,NA,NA,NA,NA,NA,0.069
3725,NA,NA,NA,NA,NA,NA,0.069
3726,NA,NA,NA,NA,NA,NA,0.069
3727,NA,NA,NA,NA,NA,NA,0.069
3728,NA,NA,NA,NA,NA,NA,0.069
3729,NA,NA,NA,NA,NA,NA,0.069
3730,NA,NA,NA,NA,NA,NA,0.069
3731,NA,NA,NA,NA,NA,NA,0.069
3733,NA,NA,NA,NA,NA,NA,0.069
3734,NA,NA,NA,NA,NA,NA,0.069
3735,NA,NA,NA,NA,NA,NA,0.069
3736,NA,NA,NA,NA,NA,NA,0.069
3737,NA,NA,NA,NA,NA,NA,0.069
3738,NA,NA,NA,NA,NA,NA,0.069
3740,NA,NA,NA,NA,NA,NA,0.069
3742,NA,NA,NA,NA,NA,NA,0.069
3743,NA,NA,NA,NA,NA,NA,0.069
3744,NA,NA,NA,NA,NA,NA,0.069
3746,NA,NA,NA,NA,NA,NA,0.069
3747,NA,NA,NA,NA,NA,NA,0.069
3748,NA,NA,NA,NA,NA,NA,0.069
3749,NA,NA,NA,NA,NA,NA,0.069
3750,NA,NA,NA,NA,NA,NA,0.069
3751,NA,NA,NA,NA,NA,NA,0.069
3752,NA,NA,NA,NA,NA,NA,0.069
3753,NA,NA,NA,NA,NA,NA,0.069
3754,NA,NA,NA,NA,NA,NA,0.069
3755,NA,NA,NA,NA,NA,NA,0.069
3757,NA,NA,NA,NA,NA,NA,0.069
3758,NA,NA,NA,NA,NA,NA,0.069
3759,NA,NA,NA,NA,NA,NA,0.069
3760,NA,NA,NA,NA,NA,NA,0.069
3761,NA,NA,NA,NA,NA,NA,0.069
3762,NA,NA,NA,NA,NA,NA,0.069
3763,NA,NA,NA,NA,NA,NA,0.069
3764,NA,NA,NA,NA,NA,NA,0.069
3765,NA,NA,NA,NA,NA,NA,0.069
3766,NA,NA,NA,NA,NA,NA,0.069
3767,NA,NA,NA,NA,NA,NA,0.069
3769,NA,NA,NA,NA,NA,NA,0.069
3770,NA,NA,NA,NA,NA,NA,0.069
3771,NA,NA,NA,NA,NA,NA,0.069
3772,NA,NA,NA,NA,NA,NA,0.069
3775,NA,NA,NA,NA,NA,NA,0.069
3779,NA,NA,NA,NA,NA,NA,0.069
3781,NA,NA,NA,NA,NA,NA,0.069
3782,NA,NA,NA,NA,NA,NA,0.069
3783,NA,NA,NA,NA,NA,NA,0.069
3786,NA,NA,NA,NA,NA,NA,0.069
3787,NA,NA,NA,NA,NA,NA,0.069
3788,NA,NA,NA,NA,NA,NA,0.069
3790,NA,NA,NA,NA,NA,NA,0.069
3791,NA,NA,NA,NA,NA,NA,0.069
3792,NA,NA,NA,NA,NA,NA,0.069
3795,NA,NA,NA,NA,NA,NA,0.069
3797,NA,NA,NA,NA,NA,NA,0.069
3798,NA,NA,NA,NA,NA,NA,0.069
3799,NA,NA,NA,NA,NA,NA,0.069
3800,NA,NA,NA,NA,NA,NA,0.069
3802,NA,NA,NA,NA,NA,NA,0.069
3803,NA,NA,NA,NA,NA,NA,0.069
3804,NA,NA,NA,NA,NA,NA,0.069
3805,NA,NA,NA,NA,NA,NA,0.069
3806,NA,NA,NA,NA,NA,NA,0.069
3807,NA,NA,NA,NA,NA,NA,0.069
3808,NA,NA,NA,NA,NA,NA,0.069
3810,NA,NA,NA,NA,NA,NA,0.069
3811,NA,NA,NA,NA,NA,NA,0.069
3812,NA,NA,NA,NA,NA,NA,0.069
3813,NA,NA,NA,NA,NA,NA,0.069
3814,NA,NA,NA,NA,NA,NA,0.069
3815,NA,NA,NA,NA,NA,NA,0.069
3816,NA,NA,NA,NA,NA,NA,0.069
3819,NA,NA,NA,NA,NA,NA,0.069
3820,NA,NA,NA,NA,NA,NA,0.069
3821,NA,NA,NA,NA,NA,NA,0.069
3822,NA,NA,NA,NA,NA,NA,0.069
3823,NA,NA,NA,NA,NA,NA,0.069
3825,NA,NA,NA,NA,NA,NA,0.069
3827,NA,NA,NA,NA,NA,NA,0.069
3828,NA,NA,NA,NA,NA,NA,0.069
3831,NA,NA,NA,NA,NA,NA,0.069
3835,NA,NA,NA,NA,NA,NA,0.069
3836,NA,NA,NA,NA,NA,NA,0.069
3838,NA,NA,NA,NA,NA,NA,0.069
3839,NA,NA,NA,NA,NA,NA,0.069
3840,NA,NA,NA,NA,NA,NA,0.069
3841,NA,NA,NA,NA,NA,NA,0.069
3842,NA,NA,NA,NA,NA,NA,0.069
3843,NA,NA,NA,NA,NA,NA,0.069
3844,NA,NA,NA,NA,NA,NA,0.069
3846,NA,NA,NA,NA,NA,NA,0.069
3847,NA,NA,NA,NA,NA,NA,0.069
3848,NA,NA,NA,NA,NA,NA,0.069
3849,NA,NA,NA,NA,NA,NA,0.069
3850,NA,NA,NA,NA,NA,NA,0.069
3851,NA,NA,NA,NA,NA,NA,0.069
3852,NA,NA,NA,NA,NA,NA,0.069
3853,NA,NA,NA,NA,NA,NA,0.069
3854,NA,NA,NA,NA,NA,NA,0.069
3855,NA,NA,NA,NA,NA,NA,0.069
3856,NA,NA,NA,NA,NA,NA,0.069
3860,NA,NA,NA,NA,NA,NA,0.069
3861,NA,NA,NA,NA,NA,NA,0.069
3862,NA,NA,NA,NA,NA,NA,0.069
3863,NA,NA,NA,NA,NA,NA,0.069
3865,NA,NA,NA,NA,NA,NA,0.069
3867,NA,NA,NA,NA,NA,NA,0.069
3870,NA,NA,NA,NA,NA,NA,0.069
3872,NA,NA,NA,NA,NA,NA,0.069
3874,NA,NA,NA,NA,NA,NA,0.069
3875,NA,NA,NA,NA,NA,NA,0.069
3876,NA,NA,NA,NA,NA,NA,0.069
3877,NA,NA,NA,NA,NA,NA,0.069
3880,NA,NA,NA,NA,NA,NA,0.069
3881,NA,NA,NA,NA,NA,NA,0.069
3882,NA,NA,NA,NA,NA,NA,0.069
3883,NA,NA,NA,NA,NA,NA,0.069
3884,NA,NA,NA,NA,NA,NA,0.069
3885,NA,NA,NA,NA,NA,NA,0.069
3886,NA,NA,NA,NA,NA,NA,0.069
3887,NA,NA,NA,NA,NA,NA,0.069
3889,NA,NA,NA,NA,NA,NA,0.069
3890,NA,NA,NA,NA,NA,NA,0.069
3891,NA,NA,NA,NA,NA,NA,0.069
3892,NA,NA,NA,NA,NA,NA,0.069
3893,NA,NA,NA,NA,NA,NA,0.069
3894,NA,NA,NA,NA,NA,NA,0.069
3895,NA,NA,NA,NA,NA,NA,0.069
3897,NA,NA,NA,NA,NA,NA,0.069
3898,NA,NA,NA,NA,NA,NA,0.069
3899,NA,NA,NA,NA,NA,NA,0.069
3900,NA,NA,NA,NA,NA,NA,0.069
3901,NA,NA,NA,NA,NA,NA,0.069
3905,NA,NA,NA,NA,NA,NA,0.069
3906,NA,NA,NA,NA,NA,NA,0.069
3908,NA,NA,NA,NA,NA,NA,0.069
3909,NA,NA,NA,NA,NA,NA,0.069
3910,NA,NA,NA,NA,NA,NA,0.069
3911,NA,NA,NA,NA,NA,NA,0.069
3914,NA,NA,NA,NA,NA,NA,0.069
3916,NA,NA,NA,NA,NA,NA,0.069
3917,NA,NA,NA,NA,NA,NA,0.069
3918,NA,NA,NA,NA,NA,NA,0.069
3920,NA,NA,NA,NA,NA,NA,0.069
3921,NA,NA,NA,NA,NA,NA,0.069
3923,NA,NA,NA,NA,NA,NA,0.069
3924,NA,NA,NA,NA,NA,NA,0.069
3926,NA,NA,NA,NA,NA,NA,0.069
3927,NA,NA,NA,NA,NA,NA,0.069
3928,NA,NA,NA,NA,NA,NA,0.069
3929,NA,NA,NA,NA,NA,NA,0.069
3930,NA,NA,NA,NA,NA,NA,0.069
3931,NA,NA,NA,NA,NA,NA,0.069
3932,NA,NA,NA,NA,NA,NA,0.069
3935,NA,NA,NA,NA,NA,NA,0.069
3936,NA,NA,NA,NA,NA,NA,0.069
3937,NA,NA,NA,NA,NA,NA,0.069
3938,NA,NA,NA,NA,NA,NA,0.069
3939,NA,NA,NA,NA,NA,NA,0.069
3940,NA,NA,NA,NA,NA,NA,0.069
3941,NA,NA,NA,NA,NA,NA,0.069
3942,NA,NA,NA,NA,NA,NA,0.069
3945,NA,NA,NA,NA,NA,NA,0.069
3949,NA,NA,NA,NA,NA,NA,0.069
3952,NA,NA,NA,NA,NA,NA,0.069
3954,NA,NA,NA,NA,NA,NA,0.069
3955,NA,NA,NA,NA,NA,NA,0.069
3957,NA,NA,NA,NA,NA,NA,0.069
3958,NA,NA,NA,NA,NA,NA,0.069
3959,NA,NA,NA,NA,NA,NA,0.069
3960,NA,NA,NA,NA,NA,NA,0.069
3961,NA,NA,NA,NA,NA,NA,0.069
3962,NA,NA,NA,NA,NA,NA,0.069
3963,NA,NA,NA,NA,NA,NA,0.069
