trait,sens,mean_value,cognate_id,max_value,ratio_value_max,n_traits,mean_outgroup,root_form,mean_root_age
2,ant,8.176,5007,8.176,1,23,0.125,*moru̯i-,8.213838621645293
3,ant,6.387,6094,8.176,0.781,23,0.125,NA,8.213838621645293
4,ant,3.423,5281,8.176,0.419,23,0.125,NA,8.213838621645293
5,ant,2.033,6779,8.176,0.249,23,0.125,NA,8.213838621645293
6,ant,2.776,6364,8.176,0.34,23,0.125,NA,8.213838621645293
7,ant,2.916,5434,8.176,0.357,23,0.125,NA,8.213838621645293
8,ant,0.441,9854,8.176,0.054,23,0.125,NA,8.213838621645293
10,ant,1.423,6209,8.176,0.174,23,0.125,*melit-,8.213838621645293
25,ash,8.193,178,8.193,1,31,0.077,*h₂eh₁s-,8.213838621645293
26,ash,5.526,1105,8.193,0.674,31,0.077,?*pel(h₁)-,8.213838621645293
27,ash,5.436,850,8.193,0.664,31,0.077,*(s)ken(H)-,8.213838621645293
28,ash,5.219,968,8.193,0.637,31,0.077,*leh₃u̯- ,8.213838621645293
29,ash,6.379,3389,8.193,0.779,31,0.077,*h₂eh₁-,8.213838621645293
30,ash,3.419,3414,8.193,0.417,31,0.077,*su̯er-,8.213838621645293
31,ash,5.776,2182,8.193,0.705,31,0.077,?*(s)k̑ed-,8.213838621645293
32,ash,4.256,1592,8.193,0.519,31,0.077,*h₂leks-,8.213838621645293
33,ash,3.177,1448,8.193,0.388,31,0.077,*steh₂⁽g̑⁾-,8.213838621645293
34,ash,2.606,568,8.193,0.318,31,0.077,NA,8.213838621645293
35,ash,1.099,9109,8.193,0.134,31,0.077,NA,8.213838621645293
36,ash,0.757,3190,8.193,0.092,31,0.077,?*pē(n)s-,8.213838621645293
37,ash,2.778,2179,8.193,0.339,31,0.077,*dʰegʷʰ-,8.213838621645293
56,back,7.213,6354,7.213,1,41,0,NA,8.213838621645293
57,back,3.094,1580,7.213,0.429,41,0,*pleth₂-,8.213838621645293
58,back,2.873,7617,7.213,0.398,41,0,NA,8.213838621645293
59,back,4.349,2183,7.213,0.603,41,0,NA,8.213838621645293
60,back,2.745,1196,7.213,0.381,41,0,NA,8.213838621645293
61,back,2.957,969,7.213,0.41,41,0,NA,8.213838621645293
62,back,3.38,2551,7.213,0.469,41,0,NA,8.213838621645293
63,back,4.349,180,7.213,0.603,41,0,NA,8.213838621645293
64,back,3.177,5826,7.213,0.44,41,0,NA,8.213838621645293
65,back,1.004,4989,7.213,0.139,41,0,NA,8.213838621645293
66,back,2.776,1683,7.213,0.385,41,0,NA,8.213838621645293
67,back,3.067,851,7.213,0.425,41,0,*u̯ert-,8.213838621645293
68,back,1.249,2552,7.213,0.173,41,0,NA,8.213838621645293
69,back,1.213,2186,7.213,0.168,41,0,NA,8.213838621645293
70,back,0.976,2059,7.213,0.135,41,0,NA,8.213838621645293
71,back,2.916,1846,7.213,0.404,41,0,NA,8.213838621645293
72,back,0.757,7111,7.213,0.105,41,0,*h₃ems-,8.213838621645293
73,back,0.302,6524,7.213,0.042,41,0,NA,8.213838621645293
74,back,2.505,6350,7.213,0.347,41,0,NA,8.213838621645293
75,back,2.606,5887,7.213,0.361,41,0,NA,8.213838621645293
76,back,0.77,5295,7.213,0.107,41,0,NA,8.213838621645293
77,back,2.778,4976,7.213,0.385,41,0,NA,8.213838621645293
78,back,4.37,1637,7.213,0.606,41,0,NA,8.213838621645293
97,bad,4.876,852,5.423,0.899,75,0.042,NA,8.213838621645293
98,bad,5.306,7332,5.423,0.978,75,0.042,NA,8.213838621645293
99,bad,4.317,2190,5.423,0.796,75,0.042,NA,8.213838621645293
100,bad,3.539,2195,5.423,0.653,75,0.042,NA,8.213838621645293
101,bad,5.219,2137,5.423,0.962,75,0.042,NA,8.213838621645293
102,bad,2.523,2038,5.423,0.465,75,0.042,NA,8.213838621645293
103,bad,2.311,1197,5.423,0.426,75,0.042,*g̑ʰu̯el-,8.213838621645293
104,bad,1.128,181,5.423,0.208,75,0.042,*slei̯g̑-,8.213838621645293
105,bad,1.407,1106,5.423,0.259,75,0.042,NA,8.213838621645293
106,bad,0.773,4823,5.423,0.143,75,0.042,NA,8.213838621645293
107,bad,0.441,3853,5.423,0.081,75,0.042,NA,8.213838621645293
108,bad,1.986,2192,5.423,0.366,75,0.042,NA,8.213838621645293
110,bad,1.293,7542,5.423,0.238,75,0.042,NA,8.213838621645293
111,bad,3.854,7088,5.423,0.711,75,0.042,NA,8.213838621645293
112,bad,1.835,7086,5.423,0.338,75,0.042,NA,8.213838621645293
114,bad,0.77,6597,5.423,0.142,75,0.042,NA,8.213838621645293
117,bad,0.445,4895,5.423,0.082,75,0.042,*(s)leb-,8.213838621645293
118,bad,2.606,4889,5.423,0.481,75,0.042,NA,8.213838621645293
119,bad,1.493,4813,5.423,0.275,75,0.042,NA,8.213838621645293
120,bad,5.423,3299,5.423,1,75,0.042,NA,8.213838621645293
121,bad,2.773,3192,5.423,0.511,75,0.042,NA,8.213838621645293
122,bad,0.779,2196,5.423,0.144,75,0.042,*keh₂p-,8.213838621645293
123,bad,1.977,2191,5.423,0.365,75,0.042,*u̯endʰ-,8.213838621645293
124,bad,0.772,970,5.423,0.142,75,0.042,NA,8.213838621645293
172,bark,2.745,7796,5.397,0.509,43,0,*(s)ker-,8.213838621645293
173,bark,5.004,182,5.397,0.927,43,0,*(s)kert-,8.213838621645293
174,bark,5.219,971,5.397,0.967,43,0,*reu̯H-,8.213838621645293
175,bark,4.36,5,5.397,0.808,43,0,NA,8.213838621645293
176,bark,2.611,1305,5.397,0.484,43,0,NA,8.213838621645293
177,bark,5.306,1574,5.397,0.983,43,0,NA,8.213838621645293
178,bark,4.26,750,5.397,0.789,43,0,NA,8.213838621645293
179,bark,3.42,1438,5.397,0.634,43,0,NA,8.213838621645293
180,bark,5.397,1798,5.397,1,43,0,NA,8.213838621645293
181,bark,0.756,2465,5.397,0.14,43,0,NA,8.213838621645293
182,bark,2.606,570,5.397,0.483,43,0,NA,8.213838621645293
183,bark,2.09,9120,5.397,0.387,43,0,NA,8.213838621645293
184,bark,2.505,6796,5.397,0.464,43,0,NA,8.213838621645293
185,bark,0.775,6445,5.397,0.144,43,0,NA,8.213838621645293
186,bark,3.661,5413,5.397,0.678,43,0,NA,8.213838621645293
187,bark,1.054,5309,5.397,0.195,43,0,NA,8.213838621645293
188,bark,0.757,3230,5.397,0.14,43,0,NA,8.213838621645293
215,belly,8.069,854,8.069,1,45,0.042,?*(H)u̯ed-,8.213838621645293
216,belly,3.472,1218,8.069,0.43,45,0.042,*bʰreu̯s-,8.213838621645293
217,belly,2.736,2238,8.069,0.339,45,0.042,*gʷi̯eh₃-,8.213838621645293
218,belly,4.349,9624,8.069,0.539,45,0.042,NA,8.213838621645293
219,belly,4.26,752,8.069,0.528,45,0.042,NA,8.213838621645293
220,belly,5.219,8346,8.069,0.647,45,0.042,*bʰelg̑ʰ-,8.213838621645293
221,belly,2.957,3404,8.069,0.367,45,0.042,NA,8.213838621645293
222,belly,1.905,3167,8.069,0.236,45,0.042,NA,8.213838621645293
223,belly,4.205,1980,8.069,0.521,45,0.042,NA,8.213838621645293
224,belly,3.089,1454,8.069,0.383,45,0.042,*k̑eu̯H-,8.213838621645293
225,belly,1.472,9121,8.069,0.182,45,0.042,NA,8.213838621645293
226,belly,0.845,4985,8.069,0.105,45,0.042,NA,8.213838621645293
227,belly,2.606,3344,8.069,0.323,45,0.042,NA,8.213838621645293
228,belly,2.519,2199,8.069,0.312,45,0.042,NA,8.213838621645293
229,belly,1.883,1198,8.069,0.233,45,0.042,*terh₁-,8.213838621645293
231,belly,2.505,6095,8.069,0.31,45,0.042,NA,8.213838621645293
232,belly,0.889,5921,8.069,0.11,45,0.042,NA,8.213838621645293
233,belly,3.128,5285,8.069,0.388,45,0.042,NA,8.213838621645293
234,belly,2.778,4121,8.069,0.344,45,0.042,NA,8.213838621645293
235,belly,2.758,3772,8.069,0.342,45,0.042,NA,8.213838621645293
237,belly,0.757,3269,8.069,0.094,45,0.042,NA,8.213838621645293
239,belly,2.664,2200,8.069,0.33,45,0.042,NA,8.213838621645293
240,belly,1.168,973,8.069,0.145,45,0.042,NA,8.213838621645293
241,belly,2.752,359,8.069,0.341,45,0.042,*bʰer-,8.213838621645293
260,big,8.214,360,8.214,1,47,0,*meg̑-,8.213838621645293
261,big,2.611,7106,8.214,0.318,47,0,*steh₂-,8.213838621645293
262,big,2.745,1219,8.214,0.334,47,0,*u̯elH-,8.213838621645293
263,big,3.112,855,8.214,0.379,47,0,NA,8.213838621645293
264,big,2.285,185,8.214,0.278,47,0,*gʰreu̯d-,8.213838621645293
265,big,5.219,1686,8.214,0.635,47,0,*meh₁-,8.213838621645293
266,big,5.582,753,8.214,0.68,47,0,NA,8.213838621645293
267,big,1.98,4355,8.214,0.241,47,0,NA,8.213838621645293
268,big,2.103,9124,8.214,0.256,47,0,NA,8.213838621645293
269,big,1.004,1108,8.214,0.122,47,0,*gelH-,8.213838621645293
270,big,0.441,9853,8.214,0.054,47,0,NA,8.213838621645293
271,big,2.09,9126,8.214,0.254,47,0,NA,8.213838621645293
272,big,3.256,7611,8.214,0.396,47,0,NA,8.213838621645293
273,big,2.553,6697,8.214,0.311,47,0,NA,8.213838621645293
274,big,3.227,1981,8.214,0.393,47,0,NA,8.213838621645293
275,big,2.424,6172,8.214,0.295,47,0,*seh₂-,8.213838621645293
276,big,4.37,3769,8.214,0.532,47,0,NA,8.213838621645293
278,big,2.854,3302,8.214,0.347,47,0,NA,8.213838621645293
279,big,0.86,2469,8.214,0.105,47,0,NA,8.213838621645293
307,bird,8.203,8378,8.203,1,29,0.062,*pet-,8.213838621645293
308,bird,7.956,856,8.203,0.97,29,0.062,*h₂eu̯-i-,8.213838621645293
309,bird,5.521,1109,8.203,0.673,29,0.062,NA,8.213838621645293
310,bird,7.201,7,8.203,0.878,29,0.062,NA,8.213838621645293
311,bird,4.349,186,8.203,0.53,29,0.062,?*pleu̯k-,8.213838621645293
312,bird,5.027,2204,8.203,0.613,29,0.062,NA,8.213838621645293
313,bird,3.17,1455,8.203,0.386,29,0.062,NA,8.213838621645293
314,bird,6.325,754,8.203,0.771,29,0.062,NA,8.213838621645293
315,bird,3.272,1831,8.203,0.399,29,0.062,NA,8.213838621645293
316,bird,5.288,4903,8.203,0.645,29,0.062,*h₃er-,8.213838621645293
317,bird,1.639,9127,8.203,0.2,29,0.062,*bʰeh₂g̑ʰu-,8.213838621645293
318,bird,1.51,8376,8.203,0.184,29,0.062,NA,8.213838621645293
319,bird,0.225,7749,8.203,0.027,29,0.062,NA,8.213838621645293
320,bird,0.757,6795,8.203,0.092,29,0.062,NA,8.213838621645293
321,bird,2.664,2470,8.203,0.325,29,0.062,NA,8.213838621645293
322,bird,2.752,361,8.203,0.336,29,0.062,*g̑ʰu̯eh₂gʰV- ,8.213838621645293
336,bite,5.521,6014,5.521,1,44,0.048,NA,8.213838621645293
337,bite,5.337,1456,5.521,0.967,44,0.048,*denk̑-,8.213838621645293
339,bite,4.349,187,5.521,0.788,44,0.048,*bʰei̯d-,8.213838621645293
340,bite,5.004,8401,5.521,0.906,44,0.048,*h₂merd-,8.213838621645293
341,bite,2.329,2028,5.521,0.422,44,0.048,*gʷreu̯Hg̑ʰ-,8.213838621645293
342,bite,5.272,3753,5.521,0.955,44,0.048,NA,8.213838621645293
343,bite,2.033,1594,5.521,0.368,44,0.048,*(s)kert-,8.213838621645293
344,bite,4.318,2106,5.521,0.782,44,0.048,NA,8.213838621645293
345,bite,2.024,4968,5.521,0.367,44,0.048,*Hd-ónt-,8.213838621645293
346,bite,2.606,5942,5.521,0.472,44,0.048,NA,8.213838621645293
347,bite,1.183,975,5.521,0.214,44,0.048,NA,8.213838621645293
348,bite,3.676,8710,5.521,0.666,44,0.048,NA,8.213838621645293
349,bite,0.225,7750,5.521,0.041,44,0.048,NA,8.213838621645293
350,bite,1.835,7544,5.521,0.332,44,0.048,NA,8.213838621645293
351,bite,2.664,7228,5.521,0.483,44,0.048,*dʰei̯h₂gʷ-,8.213838621645293
352,bite,0.889,5904,5.521,0.161,44,0.048,NA,8.213838621645293
353,bite,1.136,4357,5.521,0.206,44,0.048,*bʰresdʰ-,8.213838621645293
354,bite,2.773,4092,5.521,0.502,44,0.048,*gʰrebh₂-,8.213838621645293
355,bite,0.757,1661,5.521,0.137,44,0.048,NA,8.213838621645293
356,bite,1.85,1110,5.521,0.335,44,0.048,NA,8.213838621645293
357,bite,0.77,362,5.521,0.139,44,0.048,NA,8.213838621645293
380,bitter,7.25,8319,7.25,1,29,0,*(s)tei̯g-,8.213838621645293
381,bitter,2.745,6086,7.25,0.379,29,0,*gʷʰer-,8.213838621645293
382,bitter,4.349,5262,7.25,0.6,29,0,*bʰei̯d-,8.213838621645293
383,bitter,5.004,5172,7.25,0.69,29,0,?*h₂em-,8.213838621645293
384,bitter,5.219,6371,7.25,0.72,29,0,NA,8.213838621645293
385,bitter,5.306,5056,7.25,0.732,29,0,*pei̯k̑-,8.213838621645293
386,bitter,5.42,6790,7.25,0.748,29,0,NA,8.213838621645293
387,bitter,0.441,9855,7.25,0.061,29,0,NA,8.213838621645293
388,bitter,1.356,6443,7.25,0.187,29,0,NA,8.213838621645293
389,bitter,2.752,6439,7.25,0.38,29,0,*h₂ei̯dʰ-,8.213838621645293
391,bitter,0.757,6792,7.25,0.104,29,0,NA,8.213838621645293
392,bitter,4.523,6293,7.25,0.624,29,0,*(s)kert-,8.213838621645293
393,bitter,2.606,5893,7.25,0.359,29,0,NA,8.213838621645293
394,bitter,0.86,5435,7.25,0.119,29,0,*(h₁)reu̯g̑-,8.213838621645293
409,black,7.743,1111,7.743,1,28,0.111,*k⁽ʷ⁾ers-,8.213838621645293
410,black,7.116,573,7.743,0.919,28,0.111,*k̑i̯eh₁-,8.213838621645293
411,black,2.778,1575,7.743,0.359,28,0.111,*melh₂-,8.213838621645293
412,black,4.349,188,7.743,0.562,28,0.111,*su̯ord-o-,8.213838621645293
413,black,5.004,858,7.743,0.646,28,0.111,NA,8.213838621645293
414,black,5.219,976,7.743,0.674,28,0.111,*dʰeu̯b-,8.213838621645293
415,black,5.417,756,7.743,0.7,28,0.111,NA,8.213838621645293
416,black,3.177,1457,7.743,0.41,28,0.111,NA,8.213838621645293
417,black,5.372,6740,7.743,0.694,28,0.111,NA,8.213838621645293
418,black,2.606,4891,7.743,0.337,28,0.111,NA,8.213838621645293
419,black,3.508,3752,7.743,0.453,28,0.111,*(s)re⁽g̑⁾-,8.213838621645293
420,black,2.752,363,7.743,0.355,28,0.111,NA,8.213838621645293
421,black,2.239,8021,7.743,0.289,28,0.111,*dʰeu̯s-,8.213838621645293
422,black,5.423,4380,7.743,0.7,28,0.111,*dʰengʷ-,8.213838621645293
423,black,0.302,2473,7.743,0.039,28,0.111,*pe⁽k̑⁾tu-,8.213838621645293
424,black,2.664,2222,7.743,0.344,28,0.111,NA,8.213838621645293
425,black,2.294,1343,7.743,0.296,28,0.111,NA,8.213838621645293
426,black,4.132,9,7.743,0.534,28,0.111,*temH-,8.213838621645293
437,blood,8.214,859,8.214,1,14,0.091,"*h₁ésh₂-r̥, *h₁sh₂-én-",8.213838621645293
438,blood,5.521,1112,8.214,0.672,14,0.091,*kreu̯h₂-,8.213838621645293
439,blood,6.593,2239,8.214,0.803,14,0.091,*(h₁)reu̯dʰ-,8.213838621645293
440,blood,6.379,687,8.214,0.777,14,0.091,NA,8.213838621645293
441,blood,4.349,189,8.214,0.529,14,0.091,NA,8.213838621645293
442,blood,5.306,1458,8.214,0.646,14,0.091,NA,8.213838621645293
443,blood,2.957,977,8.214,0.36,14,0.091,NA,8.213838621645293
444,blood,2.776,1687,8.214,0.338,14,0.091,*u̯elh₂-,8.213838621645293
445,blood,4.631,6611,8.214,0.564,14,0.091,*(s)re⁽g̑⁾-,8.213838621645293
446,blood,2.752,364,8.214,0.335,14,0.091,*sokʷo-,8.213838621645293
447,blood,0.757,3276,8.214,0.092,14,0.091,NA,8.213838621645293
451,bone,8.214,519,8.214,1,21,0.1,*h₂ost-,8.213838621645293
452,bone,2.745,1114,8.214,0.334,21,0.1,NA,8.213838621645293
453,bone,4.349,191,8.214,0.529,21,0.1,NA,8.213838621645293
454,bone,5.86,11,8.214,0.713,21,0.1,NA,8.213838621645293
455,bone,2.766,9857,8.214,0.337,21,0.1,NA,8.213838621645293
456,bone,4.56,1847,8.214,0.555,21,0.1,*keh₂u̯l(o)-,8.213838621645293
457,bone,2.776,1688,8.214,0.338,21,0.1,*konh₂m-,8.213838621645293
458,bone,1.789,1459,8.214,0.218,21,0.1,NA,8.213838621645293
459,bone,0.225,7751,8.214,0.027,21,0.1,NA,8.213838621645293
460,bone,0.415,1440,8.214,0.05,21,0.1,NA,8.213838621645293
472,breathe,8.176,860,8.176,1,33,0.067,*h₂enh₁-,8.213838621645293
473,breathe,5.521,1115,8.176,0.675,33,0.067,*dʰu̯es-,8.213838621645293
474,breathe,5.865,8502,8.176,0.717,33,0.067,*k̑u̯es-,8.213838621645293
475,breathe,4.876,2571,8.176,0.596,33,0.067,NA,8.213838621645293
476,breathe,1.775,192,8.176,0.217,33,0.067,*(h₁)eh₁t-,8.213838621645293
477,breathe,2.766,9858,8.176,0.338,33,0.067,NA,8.213838621645293
478,breathe,4.784,7540,8.176,0.585,33,0.067,*bʰleh₁-,8.213838621645293
479,breathe,3.172,5820,8.176,0.388,33,0.067,*Hi̯eh₁-,8.213838621645293
480,breathe,2.606,8679,8.176,0.319,33,0.067,NA,8.213838621645293
481,breathe,5.19,3738,8.176,0.635,33,0.067,*dʰmeH-,8.213838621645293
482,breathe,4.438,1460,8.176,0.543,33,0.067,?*pneu̯-,8.213838621645293
483,breathe,2.09,8418,8.176,0.256,33,0.067,NA,8.213838621645293
484,breathe,0.117,4185,8.176,0.014,33,0.067,NA,8.213838621645293
485,breathe,0.757,1848,8.176,0.093,33,0.067,NA,8.213838621645293
486,breathe,0.775,367,8.176,0.095,33,0.067,NA,8.213838621645293
505,burn,8.214,368,8.214,1,23,0.067,*dʰegʷʰ-,8.213838621645293
506,burn,6.119,8388,8.214,0.745,23,0.067,*deh₂u̯-,8.213838621645293
507,burn,4.349,193,8.214,0.529,23,0.067,NA,8.213838621645293
508,burn,6.458,12,8.214,0.786,23,0.067,NA,8.213838621645293
509,burn,2.745,2243,8.214,0.334,23,0.067,*gʷʰer-,8.213838621645293
510,burn,5.219,979,8.214,0.635,23,0.067,*leh₂p-,8.213838621645293
511,burn,5.004,1389,8.214,0.609,23,0.067,*h₂eh₁s-,8.213838621645293
512,burn,5.306,1461,8.214,0.646,23,0.067,*k̑eh₂u̯-,8.213838621645293
513,burn,4.26,758,8.214,0.519,23,0.067,*g̑u̯elH-,8.213838621645293
514,burn,3.356,9343,8.214,0.409,23,0.067,NA,8.213838621645293
515,burn,1.546,9342,8.214,0.188,23,0.067,*h₁eu̯s-,8.213838621645293
516,burn,2.176,2242,8.214,0.265,23,0.067,NA,8.213838621645293
517,burn,0.82,2241,8.214,0.1,23,0.067,?*pel-,8.213838621645293
518,burn,2.606,5901,8.214,0.317,23,0.067,NA,8.213838621645293
519,burn,1.837,2478,8.214,0.224,23,0.067,NA,8.213838621645293
528,carry,8.214,5036,8.214,1,34,0.077,*bʰer-,8.213838621645293
529,carry,6.595,7015,8.214,0.803,34,0.077,*gʰrebh₂-,8.213838621645293
530,carry,5.521,5130,8.214,0.672,34,0.077,*h₁nek̑-,8.213838621645293
531,carry,2.957,6380,8.214,0.36,34,0.077,*deu̯k-,8.213838621645293
532,carry,5.004,5343,8.214,0.609,34,0.077,*per-,8.213838621645293
533,carry,2.285,5330,8.214,0.278,34,0.077,*dʰre⁽g̑⁾ʰ-,8.213838621645293
534,carry,2.432,5825,8.214,0.296,34,0.077,NA,8.213838621645293
535,carry,0.86,7422,8.214,0.105,34,0.077,*lembʰ-,8.213838621645293
536,carry,2.033,6787,8.214,0.248,34,0.077,NA,8.213838621645293
537,carry,1.573,6363,8.214,0.191,34,0.077,*h₁legʰ-,8.213838621645293
538,carry,0.225,7752,8.214,0.027,34,0.077,NA,8.213838621645293
539,carry,1.108,6004,8.214,0.135,34,0.077,NA,8.213838621645293
540,carry,0.757,5230,8.214,0.092,34,0.077,*kʷels-,8.213838621645293
562,chest,6.813,2211,6.927,0.983,37,0.062,*bʰreu̯s-,8.213838621645293
563,chest,6.927,4015,6.927,1,37,0.062,*pe⁽k̑⁾tu-,8.213838621645293
564,chest,2.664,2217,6.927,0.385,37,0.062,*pstḗn,8.213838621645293
566,chest,2.72,2213,6.927,0.393,37,0.062,NA,8.213838621645293
567,chest,5.306,8545,6.927,0.766,37,0.062,NA,8.213838621645293
568,chest,4.26,3907,6.927,0.615,37,0.062,NA,8.213838621645293
569,chest,3.578,3740,6.927,0.517,37,0.062,*k̑eh₃(i̯)-,8.213838621645293
570,chest,2.309,2212,6.927,0.333,37,0.062,NA,8.213838621645293
571,chest,6.379,3747,6.927,0.921,37,0.062,*peh₂g̑-,8.213838621645293
572,chest,2.343,9876,6.927,0.338,37,0.062,NA,8.213838621645293
573,chest,5.058,5924,6.927,0.73,37,0.062,*h₁u̯erH-,8.213838621645293
574,chest,2.606,4893,6.927,0.376,37,0.062,NA,8.213838621645293
575,chest,1.835,7199,6.927,0.265,37,0.062,NA,8.213838621645293
576,chest,0.757,6786,6.927,0.109,37,0.062,NA,8.213838621645293
577,chest,0.77,6436,6.927,0.111,37,0.062,NA,8.213838621645293
578,chest,2.894,2215,6.927,0.418,37,0.062,*kreu̯H-,8.213838621645293
599,claw,8.214,5097,8.214,1,35,0.062,*h₃neg⁽ʷ⁾ʰ-,8.213838621645293
600,claw,4.349,5228,8.214,0.529,35,0.062,NA,8.213838621645293
601,claw,3.585,6725,8.214,0.436,35,0.062,*penkʷe,8.213838621645293
602,claw,5.219,6403,8.214,0.635,35,0.062,NA,8.213838621645293
603,claw,2.719,5175,8.214,0.331,35,0.062,NA,8.213838621645293
604,claw,2.474,9134,8.214,0.301,35,0.062,NA,8.213838621645293
605,claw,3.007,6390,8.214,0.366,35,0.062,NA,8.213838621645293
606,claw,1.154,6847,8.214,0.141,35,0.062,NA,8.213838621645293
607,claw,1.573,6517,8.214,0.191,35,0.062,NA,8.213838621645293
608,claw,2.606,5945,8.214,0.317,35,0.062,NA,8.213838621645293
609,claw,0.849,5370,8.214,0.103,35,0.062,NA,8.213838621645293
610,claw,2.664,7103,8.214,0.324,35,0.062,NA,8.213838621645293
611,claw,0.745,6383,8.214,0.091,35,0.062,NA,8.213838621645293
612,claw,1.407,5216,8.214,0.171,35,0.062,NA,8.213838621645293
613,claw,0.99,5205,8.214,0.121,35,0.062,NA,8.213838621645293
614,claw,0.445,5202,8.214,0.054,35,0.062,NA,8.213838621645293
634,cloud,8.214,579,8.214,1,40,0.067,*nebʰ-,8.213838621645293
635,cloud,7.187,760,8.214,0.875,40,0.067,*h₃mei̯gʰ-,8.213838621645293
636,cloud,5.004,862,8.214,0.609,40,0.067,*(s)neu̯dʰ-,8.213838621645293
637,cloud,2.326,1117,8.214,0.283,40,0.067,*h₂u̯elk-,8.213838621645293
638,cloud,3.438,195,8.214,0.419,40,0.067,*u̯elg-,8.213838621645293
639,cloud,2.593,1308,8.214,0.316,40,0.067,NA,8.213838621645293
640,cloud,2.89,1596,8.214,0.352,40,0.067,NA,8.213838621645293
641,cloud,1.833,1222,8.214,0.223,40,0.067,NA,8.213838621645293
642,cloud,3.208,8503,8.214,0.391,40,0.067,NA,8.213838621645293
643,cloud,2.933,981,8.214,0.357,40,0.067,NA,8.213838621645293
644,cloud,1.365,7995,8.214,0.166,40,0.067,NA,8.213838621645293
645,cloud,0.77,5484,8.214,0.094,40,0.067,?*h₃rei̯H-,8.213838621645293
646,cloud,0.86,2481,8.214,0.105,40,0.067,NA,8.213838621645293
647,cloud,0.77,2480,8.214,0.094,40,0.067,*merHk-,8.213838621645293
648,cloud,2.664,2479,8.214,0.324,40,0.067,NA,8.213838621645293
674,cold,7.87,982,7.87,1,26,0.111,*i̯eg̑-,8.213838621645293
675,cold,7.741,14,7.87,0.984,26,0.111,*k̑elH-,8.213838621645293
676,cold,5.242,1690,7.87,0.666,26,0.111,*h₃eu̯g̑-,8.213838621645293
677,cold,2.729,2245,7.87,0.347,26,0.111,"?*g̑ʰéi̯-om, *g̑ʰ(i)i̯-ém-, *g̑ʰi-m-",8.213838621645293
678,cold,4.349,196,7.87,0.553,26,0.111,*⁽g̑⁾el-,8.213838621645293
679,cold,4.872,863,7.87,0.619,26,0.111,*srei̯Hg̑-,8.213838621645293
680,cold,2.713,1118,7.87,0.345,26,0.111,NA,8.213838621645293
681,cold,4.26,761,7.87,0.541,26,0.111,*stembʰH-,8.213838621645293
682,cold,2.72,2485,7.87,0.346,26,0.111,?*steu̯d-,8.213838621645293
683,cold,6.325,5081,7.87,0.804,26,0.111,NA,8.213838621645293
684,cold,3.177,1463,7.87,0.404,26,0.111,NA,8.213838621645293
685,cold,5.306,2484,7.87,0.674,26,0.111,NA,8.213838621645293
686,cold,1.26,8137,7.87,0.16,26,0.111,NA,8.213838621645293
687,cold,2.606,5078,7.87,0.331,26,0.111,NA,8.213838621645293
688,cold,2.664,8386,7.87,0.338,26,0.111,NA,8.213838621645293
689,cold,0.757,8384,7.87,0.096,26,0.111,NA,8.213838621645293
690,cold,2.553,6541,7.87,0.324,26,0.111,*ken-,8.213838621645293
691,cold,0.77,371,7.87,0.098,26,0.111,*teh₂-,8.213838621645293
700,come,8.214,7318,8.214,1,19,0.2,*h₁ei̯-,8.213838621645293
701,come,8.214,7319,8.214,1,19,0.2,*gʷem-,8.213838621645293
702,come,5.306,1464,8.214,0.646,19,0.2,*h₁er-,8.213838621645293
703,come,2.957,9635,8.214,0.36,19,0.2,*h₂eg̑- ,8.213838621645293
704,come,2.776,8321,8.214,0.338,19,0.2,*stei̯gʰ-,8.213838621645293
705,come,2.606,580,8.214,0.317,19,0.2,NA,8.213838621645293
706,come,2.752,372,8.214,0.335,19,0.2,NA,8.213838621645293
708,come,0.757,3240,8.214,0.092,19,0.2,*kʷi̯eu̯-,8.213838621645293
709,come,1.835,2486,8.214,0.223,19,0.2,*sed-,8.213838621645293
710,come,1.573,983,8.214,0.192,19,0.2,*bʰu̯eh₂-,8.213838621645293
719,count,3.199,7321,7.925,0.404,30,0,*meh₁-,8.213838621645293
720,count,7.925,1692,7.925,1,30,0,*h₂rei̯-,8.213838621645293
721,count,5.521,1199,7.925,0.697,30,0,*(s)kʷei̯t-,8.213838621645293
722,count,5.698,2274,7.925,0.719,30,0,*(s)mer-,8.213838621645293
723,count,3.385,864,7.925,0.427,30,0,*pi̯eh₂-,8.213838621645293
724,count,4.349,198,7.925,0.549,30,0,NA,8.213838621645293
725,count,6.325,690,7.925,0.798,30,0,NA,8.213838621645293
726,count,2.728,1223,7.925,0.344,30,0,NA,8.213838621645293
727,count,1.407,1120,7.925,0.178,30,0,*bʰrei̯H-,8.213838621645293
728,count,5.004,2224,7.925,0.631,30,0,*nem-,8.213838621645293
729,count,1.168,984,7.925,0.147,30,0,NA,8.213838621645293
730,count,1.813,6412,7.925,0.229,30,0,NA,8.213838621645293
731,count,1.492,6106,7.925,0.188,30,0,NA,8.213838621645293
732,count,0.77,5490,7.925,0.097,30,0,NA,8.213838621645293
733,count,1.573,5487,7.925,0.198,30,0,NA,8.213838621645293
734,count,1.108,3338,7.925,0.14,30,0,NA,8.213838621645293
749,cry,8.032,6062,8.032,1,44,0,*reu̯dH-,8.213838621645293
750,cry,7.251,6484,8.032,0.903,44,0,*pleh₂g-,8.213838621645293
751,cry,7.845,5042,8.032,0.977,44,0,?*kleh₂u̯-,8.213838621645293
752,cry,3.472,5946,8.032,0.432,44,0,*leh₂-,8.213838621645293
753,cry,4.303,5220,8.032,0.536,44,0,NA,8.213838621645293
754,cry,3.142,8443,8.032,0.391,44,0,NA,8.213838621645293
755,cry,4.349,6339,8.032,0.541,44,0,NA,8.213838621645293
756,cry,5.187,5240,8.032,0.646,44,0,*bʰrem-,8.213838621645293
757,cry,1.779,5331,8.032,0.221,44,0,NA,8.213838621645293
758,cry,0.756,7027,8.032,0.094,44,0,NA,8.213838621645293
759,cry,3.393,6453,8.032,0.422,44,0,NA,8.213838621645293
760,cry,1.168,6416,8.032,0.145,44,0,NA,8.213838621645293
761,cry,0.8,5200,8.032,0.1,44,0,NA,8.213838621645293
762,cry,0.441,9862,8.032,0.055,44,0,NA,8.213838621645293
763,cry,2.773,9631,8.032,0.345,44,0,NA,8.213838621645293
764,cry,4.37,9363,8.032,0.544,44,0,*neu̯(H)-,8.213838621645293
765,cry,1.835,7322,8.032,0.229,44,0,NA,8.213838621645293
767,cry,0.757,7128,8.032,0.094,44,0,NA,8.213838621645293
768,cry,1.977,6421,8.032,0.246,44,0,*g̑eh₂r-,8.213838621645293
793,day,8.214,375,8.214,1,17,0.182,*dei̯-,8.213838621645293
794,day,7.013,8124,8.214,0.854,17,0.182,*(h₂)eg̑ʰ-,8.213838621645293
795,day,7.238,1467,8.214,0.881,17,0.182,*Heh₂m-,8.213838621645293
796,day,4.349,200,8.214,0.529,17,0.182,*dʰegʷʰ-,8.213838621645293
797,day,5.612,691,8.214,0.683,17,0.182,*leu̯k-,8.213838621645293
798,day,1.941,3850,8.214,0.236,17,0.182,*gʷʰer-,8.213838621645293
799,day,5.629,3709,8.214,0.685,17,0.182,NA,8.213838621645293
800,day,2.776,1694,8.214,0.338,17,0.182,*leh₁t-,8.213838621645293
801,day,2.752,8280,8.214,0.335,17,0.182,*deh₂(i̯)-,8.213838621645293
802,day,0.757,3218,8.214,0.092,17,0.182,*bʰeh₂-,8.213838621645293
803,day,2.664,2234,8.214,0.324,17,0.182,*k̑eh₂u̯-,8.213838621645293
810,die,8.211,18,8.211,1,15,0,*mer-,8.213838621645293
811,die,2.285,2250,8.211,0.278,15,0,*(s)dʰerbʰ-,8.213838621645293
812,die,2.611,201,8.211,0.318,15,0,*dʰeu̯-,8.213838621645293
813,die,5.306,1468,8.211,0.646,15,0,*dʰenh₂-,8.213838621645293
814,die,2.752,5258,8.211,0.335,15,0,NA,8.213838621645293
815,die,2.773,3158,8.211,0.338,15,0,*gʷeh₂-,8.213838621645293
816,die,3.507,6456,8.211,0.427,15,0,NA,8.213838621645293
825,dig,7.21,7327,7.21,1,36,0.095,?*k⁽ʷ⁾eh₂-,8.213838621645293
826,dig,4.476,1412,7.21,0.621,36,0.095,*bʰedʰh₂-,8.213838621645293
828,dig,4.349,2587,7.21,0.603,36,0.095,*gʰrebʰ-,8.213838621645293
829,dig,2.723,7700,7.21,0.378,36,0.095,*(s)kep-,8.213838621645293
830,dig,3.382,865,7.21,0.469,36,0.095,*k̑eu̯H-,8.213838621645293
831,dig,5.306,202,7.21,0.736,36,0.095,*skabʰ-,8.213838621645293
832,dig,5.954,763,7.21,0.826,36,0.095,NA,8.213838621645293
833,dig,2.766,9863,7.21,0.384,36,0.095,NA,8.213838621645293
834,dig,2.129,2588,7.21,0.295,36,0.095,*reu̯H-,8.213838621645293
835,dig,5.219,986,7.21,0.724,36,0.095,*kelh₂-,8.213838621645293
836,dig,2.606,583,7.21,0.361,36,0.095,NA,8.213838621645293
837,dig,1.365,9548,7.21,0.189,36,0.095,NA,8.213838621645293
838,dig,2.553,6531,7.21,0.354,36,0.095,NA,8.213838621645293
839,dig,0.731,6530,7.21,0.101,36,0.095,NA,8.213838621645293
840,dig,1.813,6434,7.21,0.251,36,0.095,NA,8.213838621645293
841,dig,0.772,6431,7.21,0.107,36,0.095,*teu̯k-,8.213838621645293
842,dig,2.778,5271,7.21,0.385,36,0.095,*h₃reu̯k-,8.213838621645293
843,dig,0.757,3224,7.21,0.105,36,0.095,NA,8.213838621645293
844,dig,2.664,2593,7.21,0.369,36,0.095,?*drep-,8.213838621645293
845,dig,0.868,2590,7.21,0.12,36,0.095,NA,8.213838621645293
846,dig,0.77,377,7.21,0.107,36,0.095,NA,8.213838621645293
861,dirty,6.593,692,6.593,1,80,0,*melh₂-,8.213838621645293
862,dirty,5.291,9424,6.593,0.803,80,0,*selH-,8.213838621645293
863,dirty,2.036,2252,6.593,0.309,80,0,NA,8.213838621645293
864,dirty,2.176,2601,6.593,0.33,80,0,*sū̆-,8.213838621645293
865,dirty,3.374,9141,6.593,0.512,80,0,NA,8.213838621645293
866,dirty,2.329,4859,6.593,0.353,80,0,NA,8.213838621645293
867,dirty,6.372,3698,6.593,0.967,80,0,*h₃rei̯H-,8.213838621645293
868,dirty,2.745,1932,6.593,0.416,80,0,*mag̑-,8.213838621645293
869,dirty,2.593,1309,6.593,0.393,80,0,NA,8.213838621645293
870,dirty,1.163,1224,6.593,0.176,80,0,NA,8.213838621645293
871,dirty,1.84,866,6.593,0.279,80,0,NA,8.213838621645293
872,dirty,1.039,5232,6.593,0.158,80,0,NA,8.213838621645293
873,dirty,5.304,4896,6.593,0.805,80,0,NA,8.213838621645293
874,dirty,1.517,2599,6.593,0.23,80,0,NA,8.213838621645293
875,dirty,1.202,1281,6.593,0.182,80,0,NA,8.213838621645293
876,dirty,1.168,987,6.593,0.177,80,0,NA,8.213838621645293
877,dirty,2.606,9492,6.593,0.395,80,0,NA,8.213838621645293
878,dirty,1.361,8027,6.593,0.206,80,0,NA,8.213838621645293
879,dirty,1.136,6437,6.593,0.172,80,0,*gʷeu̯-dʰ-,8.213838621645293
880,dirty,2.202,6175,6.593,0.334,80,0,NA,8.213838621645293
882,dirty,0.868,2596,6.593,0.132,80,0,NA,8.213838621645293
883,dirty,0.566,203,6.593,0.086,80,0,NA,8.213838621645293
941,do,7.701,5125,7.701,1,25,0.118,*dʰeh₁-,8.213838621645293
942,do,7.207,5037,7.701,0.936,25,0.118,*kʷer-,8.213838621645293
943,do,2.778,6096,7.701,0.361,25,0.118,*kʷei̯-,8.213838621645293
944,do,2.611,6463,7.701,0.339,25,0.118,NA,8.213838621645293
945,do,2.957,6441,7.701,0.384,25,0.118,*u̯erg̑-,8.213838621645293
946,do,2.678,5177,7.701,0.348,25,0.118,*h₃erbʰ-,8.213838621645293
947,do,2.776,6440,7.701,0.36,25,0.118,*g̑enh₁-,8.213838621645293
948,do,1.004,5215,7.701,0.13,25,0.118,"*pr̥-, *pró, *prí",8.213838621645293
949,do,2.916,6329,7.701,0.379,25,0.118,*dʰer-,8.213838621645293
950,do,2.752,6301,7.701,0.357,25,0.118,*bʰeh₂-,8.213838621645293
951,do,3.177,6177,7.701,0.412,25,0.118,NA,8.213838621645293
952,do,2.606,5896,7.701,0.338,25,0.118,*h₂er-,8.213838621645293
953,do,0.849,5438,7.701,0.11,25,0.118,*mag̑-,8.213838621645293
954,do,3.089,5312,7.701,0.401,25,0.118,*k̑emh₂-,8.213838621645293
955,do,2.664,7207,7.701,0.346,25,0.118,NA,8.213838621645293
956,do,5.423,6270,7.701,0.704,25,0.118,?*Hi̯eh₁-,8.213838621645293
957,do,2.778,5073,7.701,0.361,25,0.118,NA,8.213838621645293
966,dog,8.214,21,8.214,1,24,0.083,*k̑u̯ón-,8.213838621645293
967,dog,2.745,1123,8.214,0.334,24,0.083,NA,8.213838621645293
968,dog,6.489,3186,8.214,0.79,24,0.083,NA,8.213838621645293
969,dog,3.17,1470,8.214,0.386,24,0.083,NA,8.213838621645293
970,dog,4.26,1599,8.214,0.519,24,0.083,NA,8.213838621645293
971,dog,3.664,764,8.214,0.446,24,0.083,NA,8.213838621645293
972,dog,2.343,9864,8.214,0.285,24,0.083,NA,8.213838621645293
973,dog,1.004,2489,8.214,0.122,24,0.083,NA,8.213838621645293
974,dog,0.991,5506,8.214,0.121,24,0.083,NA,8.213838621645293
975,dog,2.505,7341,8.214,0.305,24,0.083,NA,8.213838621645293
976,dog,1.21,6373,8.214,0.147,24,0.083,NA,8.213838621645293
977,dog,2.773,1697,8.214,0.338,24,0.083,NA,8.213838621645293
990,drink,8.214,380,8.214,1,14,0.125,*peh₃(i̯)-,8.213838621645293
991,drink,7.404,2490,8.214,0.901,14,0.125,*h₁egʷʰ-,8.213838621645293
993,drink,4.349,204,8.214,0.529,14,0.125,NA,8.213838621645293
994,drink,5.388,3691,8.214,0.656,14,0.125,NA,8.213838621645293
995,drink,2.916,1851,8.214,0.355,14,0.125,*gʷerh₃-,8.213838621645293
996,drink,0.757,1955,8.214,0.092,14,0.125,*u̯eg̑ʰ-,8.213838621645293
997,drink,1.108,584,8.214,0.135,14,0.125,NA,8.213838621645293
998,drink,2.581,22,8.214,0.314,14,0.125,NA,8.213838621645293
1004,dry,8.064,7551,8.064,1,20,0.083,*h₂seu̯s-,8.213838621645293
1005,dry,4.906,867,8.064,0.608,20,0.083,*sek-,8.213838621645293
1006,dry,6.791,520,8.064,0.842,20,0.083,*ters-,8.213838621645293
1007,dry,4.756,2493,8.064,0.59,20,0.083,*seu̯k̑-,8.213838621645293
1008,dry,3.423,205,8.064,0.425,20,0.083,NA,8.213838621645293
1009,dry,2.961,4358,8.064,0.367,20,0.083,NA,8.213838621645293
1010,dry,5.306,1471,8.064,0.658,20,0.083,NA,8.213838621645293
1011,dry,2.432,5827,8.064,0.302,20,0.083,*(s)teg-,8.213838621645293
1012,dry,2.752,8281,8.064,0.341,20,0.083,*k̑eh₂u̯-,8.213838621645293
1013,dry,2.606,5006,8.064,0.323,20,0.083,NA,8.213838621645293
1014,dry,2.766,3849,8.064,0.343,20,0.083,NA,8.213838621645293
1015,dry,2.664,2492,8.064,0.33,20,0.083,*h₂eh₁s-,8.213838621645293
1024,dust,5.459,3679,5.863,0.931,45,0.091,?*pē(n)s-,8.213838621645293
1025,dust,4.876,869,5.863,0.832,45,0.091,*pelh₁-,8.213838621645293
1026,dust,2.745,1125,5.863,0.468,45,0.091,*pres-,8.213838621645293
1027,dust,5.863,4150,5.863,1,45,0.091,NA,8.213838621645293
1028,dust,3.14,207,5.863,0.536,45,0.091,NA,8.213838621645293
1029,dust,4.288,24,5.863,0.731,45,0.091,NA,8.213838621645293
1030,dust,5.306,6166,5.863,0.905,45,0.091,*(s)ken(H)-,8.213838621645293
1031,dust,4.349,2464,5.863,0.742,45,0.091,*dʰu̯ens-,8.213838621645293
1032,dust,2.766,8432,5.863,0.472,45,0.091,NA,8.213838621645293
1033,dust,0.996,6100,5.863,0.17,45,0.091,*peu̯H-,8.213838621645293
1034,dust,1.356,9687,5.863,0.231,45,0.091,NA,8.213838621645293
1035,dust,5.219,6472,5.863,0.89,45,0.091,NA,8.213838621645293
1036,dust,2.606,586,5.863,0.445,45,0.091,NA,8.213838621645293
1037,dust,0.77,8125,5.863,0.131,45,0.091,NA,8.213838621645293
1038,dust,2.664,7105,5.863,0.454,45,0.091,NA,8.213838621645293
1039,dust,2.553,6545,5.863,0.436,45,0.091,NA,8.213838621645293
1040,dust,2.773,6474,5.863,0.473,45,0.091,NA,8.213838621645293
1041,dust,1.168,6026,5.863,0.199,45,0.091,NA,8.213838621645293
1042,dust,2.664,5284,5.863,0.454,45,0.091,NA,8.213838621645293
1043,dust,4.081,4393,5.863,0.696,45,0.091,*h₃rei̯H-,8.213838621645293
1044,dust,0.757,3277,5.863,0.129,45,0.091,NA,8.213838621645293
1045,dust,1.573,2103,5.863,0.268,45,0.091,NA,8.213838621645293
1069,ear,8.214,208,8.214,1,8,0.286,*h₂eu̯s-,8.213838621645293
1070,ear,6.593,768,8.214,0.803,8,0.286,NA,8.213838621645293
1071,ear,6.489,25,8.214,0.79,8,0.286,NA,8.213838621645293
1072,ear,5.219,2255,8.214,0.635,8,0.286,*k̑leu̯s-,8.213838621645293
1073,ear,2.691,991,8.214,0.328,8,0.286,NA,8.213838621645293
1074,ear,2.664,5442,8.214,0.324,8,0.286,*k̑leu̯-,8.213838621645293
1075,ear,5.423,3304,8.214,0.66,8,0.286,*steh₃-,8.213838621645293
1077,earth,8.214,384,8.214,1,30,0.071,"*dʰég̑ʰ-om-, *dʰg̑ʰ-ém-, *dʰg̑ʰ-m-",8.213838621645293
1078,earth,7.195,2497,8.214,0.876,30,0.071,*bʰu̯eh₂-,8.213838621645293
1079,earth,5.014,870,8.214,0.61,30,0.071,*ters-,8.213838621645293
1080,earth,4.349,209,8.214,0.529,30,0.071,*h₁er-,8.213838621645293
1081,earth,3.177,1474,8.214,0.387,30,0.071,*g̑ʰeu̯-,8.213838621645293
1082,earth,4.209,992,8.214,0.512,30,0.071,NA,8.213838621645293
1083,earth,4.349,1367,8.214,0.529,30,0.071,*melh₂-,8.213838621645293
1084,earth,5.129,2513,8.214,0.624,30,0.071,NA,8.213838621645293
1085,earth,3.649,695,8.214,0.444,30,0.071,*meld-,8.213838621645293
1086,earth,2.528,6684,8.214,0.308,30,0.071,*h₂eh₁s- ,8.213838621645293
1087,earth,2.606,5892,8.214,0.317,30,0.071,*pleh₂-,8.213838621645293
1089,earth,0.757,5054,8.214,0.092,30,0.071,NA,8.213838621645293
1090,earth,4.865,2512,8.214,0.592,30,0.071,*telh₂-,8.213838621645293
1091,earth,2.778,2496,8.214,0.338,30,0.071,NA,8.213838621645293
1107,eat,8.214,210,8.214,1,16,0.167,*h₁ed-,8.213838621645293
1108,eat,7.198,6717,8.214,0.876,16,0.167,*i̯eu̯-,8.213838621645293
1109,eat,6.489,27,8.214,0.79,16,0.167,NA,8.213838621645293
1110,eat,4.982,1261,8.214,0.607,16,0.167,?*meth₂-,8.213838621645293
1111,eat,5.861,385,8.214,0.714,16,0.167,NA,8.213838621645293
1112,eat,3.177,1475,8.214,0.387,16,0.167,*treh₃⁽g̑⁾-,8.213838621645293
1113,eat,4.225,993,8.214,0.514,16,0.167,NA,8.213838621645293
1114,eat,2.752,7947,8.214,0.335,16,0.167,*h₂eu̯-,8.213838621645293
1115,eat,2.664,3161,8.214,0.324,16,0.167,*g̑i̯eu̯H-,8.213838621645293
1116,eat,1.136,2144,8.214,0.138,16,0.167,*gʷi̯eh₃-,8.213838621645293
1117,eat,4.521,1896,8.214,0.55,16,0.167,*u̯elg-,8.213838621645293
1118,eat,1.356,1311,8.214,0.165,16,0.167,NA,8.213838621645293
1123,egg,8.077,28,8.077,1,20,0,*h₂ōu̯ió-,8.213838621645293
1124,egg,6.326,769,8.077,0.783,20,0,NA,8.213838621645293
1125,egg,3.848,7868,8.077,0.476,20,0,NA,8.213838621645293
1126,egg,2.766,6069,8.077,0.342,20,0,NA,8.213838621645293
1128,egg,1.871,8147,8.077,0.232,20,0,NA,8.213838621645293
1130,egg,0.86,2500,8.077,0.106,20,0,*u̯elH-,8.213838621645293
1143,eye,8.214,211,8.214,1,15,0.333,*h₃ekʷ-,8.213838621645293
1144,eye,6.611,696,8.214,0.805,15,0.333,*kʷek̑-,8.213838621645293
1145,eye,2.961,994,8.214,0.36,15,0.333,*leu̯k-,8.213838621645293
1146,eye,5.306,7477,8.214,0.646,15,0.333,NA,8.213838621645293
1147,eye,2.776,1700,8.214,0.338,15,0.333,*seh₂-u̯l̥-,8.213838621645293
1148,eye,5.423,3305,8.214,0.66,15,0.333,?*sekʷ-,8.213838621645293
1158,fall,7.925,1126,8.19,0.968,42,0.062,*ped-,8.213838621645293
1159,fall,8.19,7561,8.19,1,42,0.062,*pet-,8.213838621645293
1160,fall,4.349,212,8.19,0.531,42,0.062,*h₃elh₁-,8.213838621645293
1161,fall,5.004,872,8.19,0.611,42,0.062,*k̑ad-,8.213838621645293
1162,fall,4.316,697,8.19,0.527,42,0.062,*(s)kep-,8.213838621645293
1163,fall,2.89,2619,8.19,0.353,42,0.062,NA,8.213838621645293
1164,fall,2.027,995,8.19,0.247,42,0.062,NA,8.213838621645293
1165,fall,2.776,1701,8.19,0.339,42,0.062,*(s)teu̯d-,8.213838621645293
1166,fall,2.635,1392,8.19,0.322,42,0.062,NA,8.213838621645293
1167,fall,2.916,2621,8.19,0.356,42,0.062,*kret-,8.213838621645293
1168,fall,2.752,388,8.19,0.336,42,0.062,*bʰerH-,8.213838621645293
1170,fall,2.664,7202,8.19,0.325,42,0.062,NA,8.213838621645293
1171,fall,1.136,6477,8.19,0.139,42,0.062,NA,8.213838621645293
1172,fall,2.606,3348,8.19,0.318,42,0.062,*sengʷ- ‎ ,8.213838621645293
1173,fall,0.757,3216,8.19,0.092,42,0.062,NA,8.213838621645293
1174,fall,1.51,2066,8.19,0.184,42,0.062,*h₃reu̯-,8.213838621645293
1200,far,8.187,771,8.187,1,23,0.133,*du̯eh₂-,8.213838621645293
1201,far,7.267,6505,8.187,0.888,23,0.133,?*delh₁-,8.213838621645293
1202,far,4.36,7345,8.187,0.533,23,0.133,*per-,8.213838621645293
1203,far,2.957,996,8.187,0.361,23,0.133,NA,8.213838621645293
1204,far,2.776,2256,8.187,0.339,23,0.133,NA,8.213838621645293
1205,far,3.177,1477,8.187,0.388,23,0.133,*meh₂k̑-,8.213838621645293
1206,far,2.858,1853,8.187,0.349,23,0.133,*teh₂li-,8.213838621645293
1207,far,0.849,1442,8.187,0.104,23,0.133,NA,8.213838621645293
1208,far,2.752,389,8.187,0.336,23,0.133,NA,8.213838621645293
1209,far,2.553,6803,8.187,0.312,23,0.133,*perh₃-,8.213838621645293
1210,far,0.889,6167,8.187,0.109,23,0.133,NA,8.213838621645293
1211,far,2.778,5973,8.187,0.339,23,0.133,NA,8.213838621645293
1212,far,0.757,3212,8.187,0.093,23,0.133,*terh₂-,8.213838621645293
1213,far,2.664,2623,8.187,0.325,23,0.133,NA,8.213838621645293
1214,far,1.21,2258,8.187,0.148,23,0.133,*sle⁽g̑⁾-,8.213838621645293
1223,fear,7.911,699,7.911,1,38,0.105,*bʰei̯h₂-,8.213838621645293
1224,fear,6.592,2259,7.911,0.833,38,0.105,*der-,8.213838621645293
1225,fear,4.283,1312,7.911,0.541,38,0.105,*preK-,8.213838621645293
1226,fear,2.174,8513,7.911,0.275,38,0.105,*trem-,8.213838621645293
1227,fear,2.926,3912,7.911,0.37,38,0.105,*du̯ei̯-,8.213838621645293
1228,fear,1.702,2628,7.911,0.215,38,0.105,*h₂egʰ-,8.213838621645293
1229,fear,6.489,5059,7.911,0.82,38,0.105,*tres-,8.213838621645293
1230,fear,5.306,1479,7.911,0.671,38,0.105,*bʰegʷ-,8.213838621645293
1231,fear,2.957,2146,7.911,0.374,38,0.105,NA,8.213838621645293
1232,fear,4.872,874,7.911,0.616,38,0.105,NA,8.213838621645293
1233,fear,2.765,6379,7.911,0.35,38,0.105,*peu̯-,8.213838621645293
1234,fear,2.558,1368,7.911,0.323,38,0.105,NA,8.213838621645293
1235,fear,1.329,6875,7.911,0.168,38,0.105,*h₂emg̑ʰ-,8.213838621645293
1236,fear,1.407,4921,7.911,0.178,38,0.105,NA,8.213838621645293
1237,fear,1.573,6378,7.911,0.199,38,0.105,NA,8.213838621645293
1238,fear,2.582,5542,7.911,0.326,38,0.105,NA,8.213838621645293
1239,fear,2.773,2627,7.911,0.351,38,0.105,*gelH-,8.213838621645293
1240,fear,2.553,6699,7.911,0.323,38,0.105,NA,8.213838621645293
1241,fear,1.108,6003,7.911,0.14,38,0.105,NA,8.213838621645293
1261,feather,8.214,7563,8.214,1,22,0.2,*pet-,8.213838621645293
1262,feather,8.214,700,8.214,1,22,0.2,*(s)per-,8.213838621645293
1263,feather,4.876,999,8.214,0.594,22,0.2,*pleu̯-,8.213838621645293
1264,feather,2.957,5546,8.214,0.36,22,0.2,NA,8.213838621645293
1265,feather,4.26,1643,8.214,0.519,22,0.2,NA,8.213838621645293
1266,feather,2.606,9625,8.214,0.317,22,0.2,NA,8.213838621645293
1267,feather,2.752,7938,8.214,0.335,22,0.2,NA,8.213838621645293
1269,feather,0.868,6688,8.214,0.106,22,0.2,NA,8.213838621645293
1270,feather,0.757,3254,8.214,0.092,22,0.2,NA,8.213838621645293
1271,feather,2.312,1703,8.214,0.281,22,0.2,NA,8.213838621645293
1283,fight,7.181,2632,7.181,1,62,0,*Hi̯eu̯dʰ-,8.213838621645293
1284,fight,2.744,1201,7.181,0.382,62,0,*bʰerH-,8.213838621645293
1286,fight,4.988,2638,7.181,0.695,62,0,NA,8.213838621645293
1287,fight,3.423,218,7.181,0.477,62,0,*pek̑-,8.213838621645293
1288,fight,2.611,2267,7.181,0.364,62,0,?*slak-,8.213838621645293
1289,fight,3.147,2637,7.181,0.438,62,0,*leu̯⁽g̑⁾-,8.213838621645293
1290,fight,4.26,773,7.181,0.593,62,0,NA,8.213838621645293
1291,fight,3.327,4490,7.181,0.463,62,0,NA,8.213838621645293
1292,fight,1.79,1481,7.181,0.249,62,0,*pelh₂-,8.213838621645293
1293,fight,2.752,6303,7.181,0.383,62,0,NA,8.213838621645293
1294,fight,0.958,4994,7.181,0.133,62,0,NA,8.213838621645293
1295,fight,1.202,1130,7.181,0.167,62,0,*bʰei̯H-,8.213838621645293
1296,fight,1.168,1091,7.181,0.163,62,0,*(s)kend-,8.213838621645293
1297,fight,3.851,9639,7.181,0.536,62,0,NA,8.213838621645293
1299,fight,2.437,8156,7.181,0.339,62,0,NA,8.213838621645293
1300,fight,0.441,7017,7.181,0.061,62,0,NA,8.213838621645293
1301,fight,0.77,4996,7.181,0.107,62,0,*u̯ei̯h₁-,8.213838621645293
1302,fight,2.778,4897,7.181,0.387,62,0,NA,8.213838621645293
1303,fight,1.108,3350,7.181,0.154,62,0,NA,8.213838621645293
1304,fight,0.757,3253,7.181,0.105,62,0,NA,8.213838621645293
1305,fight,0.86,2636,7.181,0.12,62,0,NA,8.213838621645293
1306,fight,4.399,2634,7.181,0.613,62,0,?*pert-,8.213838621645293
1307,fight,2.957,2148,7.181,0.412,62,0,NA,8.213838621645293
1308,fight,0.415,1313,7.181,0.058,62,0,NA,8.213838621645293
1345,fire,8.203,219,8.203,1,23,0.091,"*péh₂-u̯r̥, *ph₂-u̯én-",8.213838621645293
1346,fire,7.918,774,8.203,0.965,23,0.091,*h₁n̥gni-,8.213838621645293
1347,fire,6.593,6119,8.203,0.804,23,0.091,*Hengl-,8.213838621645293
1348,fire,4.982,877,8.203,0.607,23,0.091,NA,8.213838621645293
1349,fire,6.489,1957,8.203,0.791,23,0.091,*h₂eh₁-,8.213838621645293
1350,fire,5.219,1001,8.203,0.636,23,0.091,*tep-,8.213838621645293
1351,fire,2.943,5556,8.203,0.359,23,0.091,NA,8.213838621645293
1352,fire,2.611,1314,8.203,0.318,23,0.091,NA,8.213838621645293
1353,fire,1.778,1482,8.203,0.217,23,0.091,*bʰeh₂-,8.213838621645293
1354,fire,2.752,396,8.203,0.336,23,0.091,*gʷʰer-,8.213838621645293
1355,fire,1.108,5348,8.203,0.135,23,0.091,NA,8.213838621645293
1368,fish,7.078,220,8.156,0.868,13,0,*pisk-,8.213838621645293
1369,fish,7.23,703,8.156,0.887,13,0,NA,8.213838621645293
1370,fish,8.156,589,8.156,1,13,0,*dʰg̑ʰuH-,8.213838621645293
1371,fish,2.745,1131,8.156,0.337,13,0,NA,8.213838621645293
1372,fish,3.177,7525,8.156,0.39,13,0,*h₁ep-,8.213838621645293
1373,fish,2.027,4362,8.156,0.249,13,0,NA,8.213838621645293
1374,fish,2.752,5293,8.156,0.337,13,0,NA,8.213838621645293
1375,fish,5.441,38,8.156,0.667,13,0,NA,8.213838621645293
1376,fish,1.136,9641,8.156,0.139,13,0,NA,8.213838621645293
1377,fish,0.757,3225,8.156,0.093,13,0,NA,8.213838621645293
1383,flower,7.083,223,7.083,1,27,0.067,*bʰleh₃-,8.213838621645293
1384,flower,6.593,2642,7.083,0.931,27,0.067,NA,8.213838621645293
1385,flower,2.745,1133,7.083,0.388,27,0.067,*k̑u̯ei̯t-,8.213838621645293
1386,flower,5.745,41,7.083,0.811,27,0.067,NA,8.213838621645293
1387,flower,5.675,704,7.083,0.801,27,0.067,NA,8.213838621645293
1388,flower,3.177,5307,7.083,0.449,27,0.067,NA,8.213838621645293
1389,flower,6.372,3396,7.083,0.9,27,0.067,*sp⁽ʰ⁾erh₂g-,8.213838621645293
1390,flower,5.306,2644,7.083,0.749,27,0.067,*h₂endʰ-,8.213838621645293
1391,flower,2.606,3351,7.083,0.368,27,0.067,NA,8.213838621645293
1392,flower,2.752,399,7.083,0.389,27,0.067,NA,8.213838621645293
1393,flower,0.225,7753,7.083,0.032,27,0.067,NA,8.213838621645293
1394,flower,0.868,6351,7.083,0.123,27,0.067,NA,8.213838621645293
1395,flower,0.757,3231,7.083,0.107,27,0.067,NA,8.213838621645293
1396,flower,0.868,2643,7.083,0.123,27,0.067,NA,8.213838621645293
1397,flower,2.664,2641,7.083,0.376,27,0.067,NA,8.213838621645293
1410,fly_N,8.066,5031,8.066,1,NA,0,*mus-,8.213838621645293
1411,fly_N,7.256,5038,8.066,0.9,NA,0,NA,8.213838621645293
1412,fly_N,4.349,5414,8.066,0.539,NA,0,?*pleu̯k-,8.213838621645293
1413,fly_N,5.219,6532,8.066,0.647,NA,0,*⁽k̑⁾u(H)-,8.213838621645293
1414,fly_N,3.367,8164,8.066,0.417,NA,0,NA,8.213838621645293
1415,fly_N,2.289,7032,8.066,0.284,NA,0,?*muH-,8.213838621645293
1416,fly_N,0.441,6665,8.066,0.055,NA,0,*tu̯er-,8.213838621645293
1417,fly_N,2.606,5958,8.066,0.323,NA,0,NA,8.213838621645293
1418,fly_N,0.757,7161,8.066,0.094,NA,0,NA,8.213838621645293
1419,fly_N,1.136,6533,8.066,0.141,NA,0,*kʷr̥mi-,8.213838621645293
1420,fly_N,2.505,6117,8.066,0.311,NA,0,NA,8.213838621645293
1427,fly_V,8.214,1486,8.214,1,NA,0.143,*pet-,8.213838621645293
1428,fly_V,2.664,2504,8.214,0.324,NA,0.143,*pleu̯-,8.213838621645293
1429,fly_V,2.745,1134,8.214,0.334,NA,0.143,NA,8.213838621645293
1430,fly_V,4.349,224,8.214,0.529,NA,0.143,?*pleu̯k-,8.213838621645293
1431,fly_V,5.004,880,8.214,0.609,NA,0.143,NA,8.213838621645293
1432,fly_V,5.889,776,8.214,0.717,NA,0.143,NA,8.213838621645293
1433,fly_V,2.94,9162,8.214,0.358,NA,0.143,*(s)per-,8.213838621645293
1434,fly_V,6.379,1993,8.214,0.777,NA,0.143,*u̯eg̑ʰ-,8.213838621645293
1435,fly_V,2.027,1005,8.214,0.247,NA,0.143,*(s)neh₂-,8.213838621645293
1436,fly_V,3.536,9158,8.214,0.431,NA,0.143,NA,8.213838621645293
1437,fly_V,2.399,6759,8.214,0.292,NA,0.143,*dreh₂-,8.213838621645293
1438,fly_V,1.459,9159,8.214,0.178,NA,0.143,*bʰeh₂g̑ʰu-,8.213838621645293
1439,fly_V,0.757,3259,8.214,0.092,NA,0.143,*tekʷ-,8.213838621645293
1440,fly_V,0.77,400,8.214,0.094,NA,0.143,NA,8.213838621645293
1455,fog,8.193,42,8.193,1,41,0,*h₃mei̯gʰ-,8.213838621645293
1456,fog,8.121,2150,8.193,0.991,41,0,*nebʰ-,8.213838621645293
1457,fog,6.776,1604,8.193,0.827,41,0,*dʰu̯eh₂-,8.213838621645293
1458,fog,3.664,1663,8.193,0.447,41,0,NA,8.213838621645293
1459,fog,2.597,1315,8.193,0.317,41,0,NA,8.213838621645293
1460,fog,2.776,1707,8.193,0.339,41,0,NA,8.213838621645293
1461,fog,2.957,9626,8.193,0.361,41,0,NA,8.213838621645293
1462,fog,2.752,8286,8.193,0.336,41,0,NA,8.213838621645293
1463,fog,1.183,4967,8.193,0.144,41,0,NA,8.213838621645293
1464,fog,2.174,1394,8.193,0.265,41,0,NA,8.213838621645293
1465,fog,1.152,6710,8.193,0.141,41,0,NA,8.213838621645293
1466,fog,0.889,6190,8.193,0.109,41,0,NA,8.213838621645293
1467,fog,0.77,4828,8.193,0.094,41,0,*kerH-,8.213838621645293
1468,fog,1.573,2278,8.193,0.192,41,0,NA,8.213838621645293
1496,foot,8.214,225,8.214,1,17,0.125,*ped-,8.213838621645293
1497,foot,5.521,1252,8.214,0.672,17,0.125,*h₃neg⁽ʷ⁾ʰ-,8.213838621645293
1498,foot,4.225,1007,8.214,0.514,17,0.125,NA,8.213838621645293
1499,foot,2.766,9866,8.214,0.337,17,0.125,NA,8.213838621645293
1500,foot,5.219,2789,8.214,0.635,17,0.125,*kok̑s-,8.213838621645293
1501,foot,2.916,1856,8.214,0.355,17,0.125,NA,8.213838621645293
1502,foot,2.752,402,8.214,0.335,17,0.125,NA,8.213838621645293
1503,foot,0.757,3217,8.214,0.092,17,0.125,NA,8.213838621645293
1514,forest,2.745,1250,5.856,0.469,43,0.05,NA,8.213838621645293
1515,forest,3.385,347,5.856,0.578,43,0.05,NA,8.213838621645293
1516,forest,3.42,3130,5.856,0.584,43,0.05,*u̯elH-,8.213838621645293
1517,forest,2.611,1338,5.856,0.446,43,0.05,NA,8.213838621645293
1518,forest,2.961,1087,5.856,0.506,43,0.05,NA,8.213838621645293
1519,forest,4.26,171,5.856,0.728,43,0.05,NA,8.213838621645293
1520,forest,5.856,3135,5.856,1,43,0.05,NA,8.213838621645293
1521,forest,2.776,6535,5.856,0.474,43,0.05,NA,8.213838621645293
1522,forest,0.729,5795,5.856,0.125,43,0.05,NA,8.213838621645293
1523,forest,5.107,4622,5.856,0.872,43,0.05,NA,8.213838621645293
1524,forest,1.736,3137,5.856,0.297,43,0.05,NA,8.213838621645293
1525,forest,3.089,1569,5.856,0.527,43,0.05,NA,8.213838621645293
1526,forest,4.541,1194,5.856,0.775,43,0.05,*medʰ-,8.213838621645293
1527,forest,2.606,672,5.856,0.445,43,0.05,NA,8.213838621645293
1528,forest,0.302,9644,5.856,0.052,43,0.05,NA,8.213838621645293
1529,forest,2.09,8171,5.856,0.357,43,0.05,NA,8.213838621645293
1531,forest,2.778,4912,5.856,0.474,43,0.05,NA,8.213838621645293
1532,forest,0.757,3197,5.856,0.129,43,0.05,NA,8.213838621645293
1534,forest,2.664,3132,5.856,0.455,43,0.05,NA,8.213838621645293
1535,forest,0.77,514,5.856,0.131,43,0.05,NA,8.213838621645293
1556,four,8.214,44,8.214,1,5,1,"*kʷetu̯or-, *kʷ(e)tu̯r̥-, *kʷ(e)tur-",8.213838621645293
1557,four,5.423,3309,8.214,0.66,5,1,?*meh₁-,8.213838621645293
1561,freeze,6.822,226,7.734,0.882,32,0,*preu̯s-,8.213838621645293
1562,freeze,2.745,403,7.734,0.355,32,0,*merg̑⁽ʰ⁾-,8.213838621645293
1563,freeze,7.734,1857,7.734,1,32,0,*k̑elH-,8.213838621645293
1565,freeze,4.872,881,7.734,0.63,32,0,*⁽g̑⁾el-,8.213838621645293
1566,freeze,6.379,45,7.734,0.825,32,0,NA,8.213838621645293
1567,freeze,5.306,2667,7.734,0.686,32,0,*peh₂g̑-,8.213838621645293
1568,freeze,2.897,777,7.734,0.375,32,0,NA,8.213838621645293
1569,freeze,4.615,3170,7.734,0.597,32,0,NA,8.213838621645293
1570,freeze,5.769,7587,7.734,0.746,32,0,NA,8.213838621645293
1571,freeze,2.606,592,7.734,0.337,32,0,*k̑ers-,8.213838621645293
1572,freeze,0.441,9867,7.734,0.057,32,0,NA,8.213838621645293
1574,freeze,0.77,6536,7.734,0.1,32,0,NA,8.213838621645293
1575,freeze,1.835,4485,7.734,0.237,32,0,NA,8.213838621645293
1576,freeze,2.316,4344,7.734,0.299,32,0,NA,8.213838621645293
1593,fruit,0.86,9645,5.857,0.147,39,0,*h₂eu̯g-,8.213838621645293
1594,fruit,5.004,227,5.857,0.854,39,0,*bʰreu̯H⁽g̑⁾-,8.213838621645293
1595,fruit,5.857,778,5.857,1,39,0,NA,8.213838621645293
1596,fruit,4.36,46,5.857,0.744,39,0,NA,8.213838621645293
1597,fruit,2.326,6879,5.857,0.397,39,0,NA,8.213838621645293
1598,fruit,2.745,5137,5.857,0.469,39,0,*sed-,8.213838621645293
1599,fruit,2.957,4364,5.857,0.505,39,0,NA,8.213838621645293
1600,fruit,5.306,2654,5.857,0.906,39,0,*(s)kerp-,8.213838621645293
1601,fruit,5.213,3612,5.857,0.89,39,0,*bʰer-,8.213838621645293
1602,fruit,3.42,1136,5.857,0.584,39,0,*h₁ed-,8.213838621645293
1603,fruit,0.444,6764,5.857,0.076,39,0,NA,8.213838621645293
1604,fruit,3.066,5301,5.857,0.523,39,0,NA,8.213838621645293
1605,fruit,1.813,6538,5.857,0.309,39,0,*med-,8.213838621645293
1606,fruit,2.752,5573,5.857,0.47,39,0,NA,8.213838621645293
1607,fruit,2.606,3948,5.857,0.445,39,0,NA,8.213838621645293
1609,fruit,4.521,1900,5.857,0.772,39,0,*u̯ei̯s-,8.213838621645293
1610,fruit,2.312,1708,5.857,0.395,39,0,*ret-,8.213838621645293
1632,full,8.214,2235,8.214,1,14,0.2,*pleh₁-,8.213838621645293
1633,full,5.773,7361,8.214,0.703,14,0.2,*bʰer-,8.213838621645293
1634,full,3.177,4123,8.214,0.387,14,0.2,*gem-,8.213838621645293
1635,full,0.757,7164,8.214,0.092,14,0.2,NA,8.213838621645293
1636,full,2.664,5459,8.214,0.324,14,0.2,NA,8.213838621645293
1646,give,8.214,405,8.214,1,14,0.25,*deh₃-,8.213838621645293
1647,give,4.349,228,8.214,0.529,14,0.25,*gʰebʰ-,8.213838621645293
1648,give,2.961,1010,8.214,0.36,14,0.25,NA,8.213838621645293
1649,give,4.827,1709,8.214,0.588,14,0.25,*bʰer-,8.213838621645293
1650,give,2.776,9784,8.214,0.338,14,0.25,*bʰer-,8.213838621645293
1651,give,2.664,7599,8.214,0.324,14,0.25,?*h₂ei̯-,8.213838621645293
1652,give,5.423,7598,8.214,0.66,14,0.25,?*h₁ai̯-,8.213838621645293
1653,give,0.77,3824,8.214,0.094,14,0.25,*h₁ep-,8.213838621645293
1660,go,8.214,7567,8.214,1,28,0.062,*h₁ei̯-,8.213838621645293
1661,go,3.277,5152,8.214,0.399,28,0.062,*h₂eg̑-,8.213838621645293
1663,go,6.489,5021,8.214,0.79,28,0.062,*kʷi̯eu̯-,8.213838621645293
1664,go,3.358,6492,8.214,0.409,28,0.062,*u̯eh₂dʰ-,8.213838621645293
1665,go,4.349,5432,8.214,0.529,28,0.062,*⁽g̑⁾ʰeh₁-,8.213838621645293
1666,go,5.417,6655,8.214,0.66,28,0.062,*(H)i̯eh₂-,8.213838621645293
1667,go,2.801,6659,8.214,0.341,28,0.062,NA,8.213838621645293
1668,go,1.557,6903,8.214,0.19,28,0.062,*per-,8.213838621645293
1669,go,2.841,6550,8.214,0.346,28,0.062,*menH-,8.213838621645293
1670,go,0.997,5213,8.214,0.121,28,0.062,*sed-,8.213838621645293
1671,go,4.327,8833,8.214,0.527,28,0.062,*tekʷ- ,8.213838621645293
1672,go,2.505,8743,8.214,0.305,28,0.062,NA,8.213838621645293
1673,go,3.882,8326,8.214,0.473,28,0.062,*g̑ʰengʰ-,8.213838621645293
1674,go,2.312,6551,8.214,0.281,28,0.062,*stei̯gʰ-,8.213838621645293
1675,go,2.606,5947,8.214,0.317,28,0.062,NA,8.213838621645293
1676,go,2.778,5151,8.214,0.338,28,0.062,*h₁er-,8.213838621645293
1688,good,4.374,3312,5.573,0.785,48,0.095,*h₁u̯es-,8.213838621645293
1689,good,5.004,883,5.573,0.898,48,0.095,NA,8.213838621645293
1690,good,4.349,229,5.573,0.78,48,0.095,?*gʰedʰ-,8.213838621645293
1691,good,2.745,1137,5.573,0.493,48,0.095,*dʰeHbʰ-,8.213838621645293
1692,good,5.219,1011,5.573,0.937,48,0.095,*meh₂-,8.213838621645293
1693,good,3.499,1959,5.573,0.628,48,0.095,NA,8.213838621645293
1694,good,3.177,1489,5.573,0.57,48,0.095,NA,8.213838621645293
1695,good,3.627,1994,5.573,0.651,48,0.095,NA,8.213838621645293
1696,good,4.225,2151,5.573,0.758,48,0.095,NA,8.213838621645293
1697,good,3.523,3602,5.573,0.632,48,0.095,NA,8.213838621645293
1698,good,4.149,3946,5.573,0.744,48,0.095,NA,8.213838621645293
1699,good,5.573,3391,5.573,1,48,0.095,*k̑rei̯H-,8.213838621645293
1700,good,4.541,678,5.573,0.815,48,0.095,NA,8.213838621645293
1701,good,2.752,406,5.573,0.494,48,0.095,NA,8.213838621645293
1702,good,2.606,8081,5.573,0.468,48,0.095,NA,8.213838621645293
1703,good,0.225,7755,5.573,0.04,48,0.095,NA,8.213838621645293
1704,good,0.976,4807,5.573,0.175,48,0.095,NA,8.213838621645293
1706,good,2.778,4118,5.573,0.499,48,0.095,NA,8.213838621645293
1707,good,0.441,3818,5.573,0.079,48,0.095,NA,8.213838621645293
1708,good,2.664,3164,5.573,0.478,48,0.095,NA,8.213838621645293
1709,good,0.86,2283,5.573,0.154,48,0.095,NA,8.213838621645293
1736,grass,4.235,1576,6.379,0.664,27,0.062,*g̑elh₃-,8.213838621645293
1737,grass,4.349,230,6.379,0.682,27,0.062,NA,8.213838621645293
1738,grass,2.745,1138,6.379,0.43,27,0.062,*treu̯H-,8.213838621645293
1739,grass,4.988,884,6.379,0.782,27,0.062,NA,8.213838621645293
1740,grass,6.371,6322,6.379,0.999,27,0.062,NA,8.213838621645293
1741,grass,2.957,1092,6.379,0.464,27,0.062,NA,8.213838621645293
1742,grass,6.379,48,6.379,1,27,0.062,NA,8.213838621645293
1743,grass,4.313,5221,6.379,0.676,27,0.062,NA,8.213838621645293
1744,grass,5.304,1490,6.379,0.832,27,0.062,*gʰer-,8.213838621645293
1745,grass,5.372,6650,6.379,0.842,27,0.062,*i̯eu̯-,8.213838621645293
1746,grass,2.776,1710,6.379,0.435,27,0.062,NA,8.213838621645293
1747,grass,5.003,4396,6.379,0.784,27,0.062,*tr̥no-,8.213838621645293
1748,grass,2.606,593,6.379,0.409,27,0.062,NA,8.213838621645293
1749,grass,2.752,407,6.379,0.431,27,0.062,?*bʰar(s)-,8.213838621645293
1751,grass,0.757,3263,6.379,0.119,27,0.062,*(s)kert-,8.213838621645293
1752,grass,2.664,2670,6.379,0.418,27,0.062,NA,8.213838621645293
1763,green,8.212,6332,8.212,1,26,0.091,*g̑ʰelh₃-,8.213838621645293
1765,green,5.004,885,8.212,0.609,26,0.091,NA,8.213838621645293
1766,green,4.349,231,8.212,0.53,26,0.091,NA,8.213838621645293
1767,green,3.589,705,8.212,0.437,26,0.091,NA,8.213838621645293
1768,green,3.177,1491,8.212,0.387,26,0.091,NA,8.213838621645293
1769,green,2.957,4931,8.212,0.36,26,0.091,NA,8.213838621645293
1770,green,2.766,4506,8.212,0.337,26,0.091,NA,8.213838621645293
1771,green,4.631,4505,8.212,0.564,26,0.091,NA,8.213838621645293
1772,green,2.606,594,8.212,0.317,26,0.091,NA,8.213838621645293
1773,green,5.423,3313,8.212,0.66,26,0.091,NA,8.213838621645293
1774,green,0.757,3284,8.212,0.092,26,0.091,NA,8.213838621645293
1789,grind,8.203,5112,8.203,1,21,0.143,*melh₂-,8.213838621645293
1790,grind,8.191,5032,8.203,0.999,21,0.143,*h₂leh₁-,8.213838621645293
1791,grind,6.593,6111,8.203,0.804,21,0.143,*pei̯s-,8.213838621645293
1792,grind,4.982,6385,8.203,0.607,21,0.143,NA,8.213838621645293
1793,grind,1.066,7152,8.203,0.13,21,0.143,NA,8.213838621645293
1795,grind,0.77,6305,8.203,0.094,21,0.143,NA,8.213838621645293
1796,grind,2.294,5229,8.203,0.28,21,0.143,NA,8.213838621645293
1810,hair,6.126,1202,6.126,1,42,0,*u̯elk̑-,8.213838621645293
1811,hair,4.428,7233,6.126,0.723,42,0,NA,8.213838621645293
1812,hair,4.349,9647,6.126,0.71,42,0,NA,8.213838621645293
1813,hair,4.869,887,6.126,0.795,42,0,NA,8.213838621645293
1814,hair,4.299,1997,6.126,0.702,42,0,NA,8.213838621645293
1815,hair,5.219,8242,6.126,0.852,42,0,NA,8.213838621645293
1816,hair,4.988,3153,6.126,0.814,42,0,NA,8.213838621645293
1817,hair,5.854,2290,6.126,0.956,42,0,NA,8.213838621645293
1818,hair,3.177,1492,6.126,0.519,42,0,NA,8.213838621645293
1819,hair,2.961,1013,6.126,0.483,42,0,NA,8.213838621645293
1820,hair,2.734,781,6.126,0.446,42,0,NA,8.213838621645293
1821,hair,1.407,8240,6.126,0.23,42,0,*kes-,8.213838621645293
1822,hair,0.441,9868,6.126,0.072,42,0,NA,8.213838621645293
1823,hair,2.09,9239,6.126,0.341,42,0,NA,8.213838621645293
1824,hair,2.884,4119,6.126,0.471,42,0,NA,8.213838621645293
1825,hair,2.606,596,6.126,0.425,42,0,NA,8.213838621645293
1826,hair,2.285,9347,6.126,0.373,42,0,*pek̑- ,8.213838621645293
1827,hair,1.835,7367,6.126,0.3,42,0,*kseu̯-,8.213838621645293
1828,hair,0.757,7147,6.126,0.124,42,0,NA,8.213838621645293
1829,hair,0.77,3825,6.126,0.126,42,0,NA,8.213838621645293
1830,hair,0.86,2289,6.126,0.14,42,0,*meh₁-,8.213838621645293
1852,hand,8.186,411,8.186,1,11,0.143,*g̑ʰes-,8.213838621645293
1853,hand,5.521,1141,8.186,0.674,11,0.143,NA,8.213838621645293
1854,hand,5.004,888,8.186,0.611,11,0.143,*men-,8.213838621645293
1855,hand,4.349,234,8.186,0.531,11,0.143,NA,8.213838621645293
1856,hand,5.219,1712,8.186,0.638,11,0.143,*pleh₂-,8.213838621645293
1857,hand,2.627,1014,8.186,0.321,11,0.143,NA,8.213838621645293
1858,hand,0.757,3273,8.186,0.093,11,0.143,NA,8.213838621645293
1863,hard,4.876,5040,6.275,0.777,40,0,*du̯eh₂-,8.213838621645293
1864,hard,4.306,6615,6.275,0.686,40,0,*stembʰH-,8.213838621645293
1866,hard,4.349,5449,6.275,0.693,40,0,*(s)kert-,8.213838621645293
1867,hard,2.745,5139,6.275,0.438,40,0,*tu̯erH-,8.213838621645293
1868,hard,2.957,7235,6.275,0.471,40,0,*k̑elH-,8.213838621645293
1869,hard,5.306,5030,6.275,0.846,40,0,*(s)kelh₁-,8.213838621645293
1870,hard,2.033,6397,6.275,0.324,40,0,NA,8.213838621645293
1871,hard,2.776,6673,6.275,0.442,40,0,NA,8.213838621645293
1872,hard,0.441,9869,6.275,0.07,40,0,NA,8.213838621645293
1873,hard,6.275,7569,6.275,1,40,0,NA,8.213838621645293
1874,hard,2.858,6337,6.275,0.456,40,0,NA,8.213838621645293
1877,hard,0.225,7770,6.275,0.036,40,0,*i̯o-,8.213838621645293
1878,hard,4.191,7579,6.275,0.668,40,0,NA,8.213838621645293
1879,hard,0.757,7166,6.275,0.121,40,0,NA,8.213838621645293
1881,hard,0.775,6306,6.275,0.123,40,0,NA,8.213838621645293
1882,hard,4.081,6061,6.275,0.65,40,0,*steh₂-,8.213838621645293
1883,hard,2.606,5949,6.275,0.415,40,0,NA,8.213838621645293
1884,hard,3.17,5903,6.275,0.505,40,0,NA,8.213838621645293
1903,head,8.188,53,8.188,1,28,0,*k̑er-,8.213838621645293
1904,head,7.025,6432,8.188,0.858,28,0,*kap-,8.213838621645293
1905,head,5.521,1142,8.188,0.674,28,0,*golH-u̯eh₂-,8.213838621645293
1907,head,5.219,1015,8.188,0.637,28,0,NA,8.213838621645293
1908,head,5.306,1494,8.188,0.648,28,0,*gʰebʰh₂l-,8.213838621645293
1909,head,2.107,3582,8.188,0.257,28,0,NA,8.213838621645293
1910,head,1.553,3171,8.188,0.19,28,0,NA,8.213838621645293
1911,head,2.606,8243,8.188,0.318,28,0,NA,8.213838621645293
1912,head,0.849,3857,8.188,0.104,28,0,NA,8.213838621645293
1913,head,3.646,2292,8.188,0.445,28,0,NA,8.213838621645293
1915,head,1.51,2069,8.188,0.184,28,0,NA,8.213838621645293
1931,hear,8.211,598,8.211,1,26,0.125,*k̑leu̯-,8.213838621645293
1932,hear,6.2,237,8.211,0.755,26,0.125,*h₂keu̯s-,8.213838621645293
1933,hear,2.912,8278,8.211,0.355,26,0.125,*k̑leu̯s-,8.213838621645293
1934,hear,6.577,7236,8.211,0.801,26,0.125,NA,8.213838621645293
1935,hear,6.107,708,8.211,0.744,26,0.125,*ksneu̯-,8.213838621645293
1936,hear,2.72,4958,8.211,0.331,26,0.125,*(s)keu̯h₁-,8.213838621645293
1937,hear,5.004,890,8.211,0.609,26,0.125,?*h₂u̯ei̯s-,8.213838621645293
1938,hear,6.458,3393,8.211,0.787,26,0.125,NA,8.213838621645293
1939,hear,2.875,8244,8.211,0.35,26,0.125,*sent-,8.213838621645293
1940,hear,1.725,2296,8.211,0.21,26,0.125,NA,8.213838621645293
1941,hear,2.916,1859,8.211,0.355,26,0.125,*g⁽ʷ⁾erdʰ-,8.213838621645293
1942,hear,0.441,9870,8.211,0.054,26,0.125,NA,8.213838621645293
1943,hear,1.847,8188,8.211,0.225,26,0.125,NA,8.213838621645293
1944,hear,4.631,4508,8.211,0.564,26,0.125,*bʰeu̯dʰ-,8.213838621645293
1945,hear,5.423,4381,8.211,0.66,26,0.125,*steh₃-,8.213838621645293
1946,hear,0.77,414,8.211,0.094,26,0.125,NA,8.213838621645293
1957,heart,8.214,6458,8.214,1,12,0.333,*k̑erd-,8.213838621645293
1958,heart,2.961,1016,8.214,0.36,12,0.333,NA,8.213838621645293
1959,heart,2.752,415,8.214,0.335,12,0.333,NA,8.213838621645293
1960,heart,2.553,6700,8.214,0.311,12,0.333,*h₂enh₁-,8.213838621645293
1961,heart,2.664,2298,8.214,0.324,12,0.333,NA,8.213838621645293
1962,heart,0.77,1933,8.214,0.094,12,0.333,*h₁enter-,8.213838621645293
1969,heavy,8.214,6470,8.214,1,35,0.056,*gʷerh₂-,8.213838621645293
1970,heavy,3.273,1143,8.214,0.398,35,0.056,*tengʰ-,8.213838621645293
1972,heavy,2.285,238,8.214,0.278,35,0.056,*su̯er(H)-,8.213838621645293
1973,heavy,3.382,782,8.214,0.412,35,0.056,?*(s)pend-,8.213838621645293
1974,heavy,5.364,4519,8.214,0.653,35,0.056,*bʰer-,8.213838621645293
1975,heavy,3.391,3580,8.214,0.413,35,0.056,*h₂ek̑-,8.213838621645293
1976,heavy,5.219,1713,8.214,0.635,35,0.056,*treu̯d-,8.213838621645293
1977,heavy,2.174,2688,8.214,0.265,35,0.056,NA,8.213838621645293
1978,heavy,1.168,1017,8.214,0.142,35,0.056,NA,8.213838621645293
1979,heavy,2.606,599,8.214,0.317,35,0.056,NA,8.213838621645293
1980,heavy,1.527,8193,8.214,0.186,35,0.056,NA,8.213838621645293
1981,heavy,1.492,7663,8.214,0.182,35,0.056,NA,8.213838621645293
1982,heavy,1.152,6848,8.214,0.14,35,0.056,*bʰaski-,8.213838621645293
1983,heavy,1.361,4389,8.214,0.166,35,0.056,NA,8.213838621645293
1984,heavy,2.766,3847,8.214,0.337,35,0.056,NA,8.213838621645293
1985,heavy,0.757,1961,8.214,0.092,35,0.056,NA,8.213838621645293
1986,heavy,2.294,1348,8.214,0.279,35,0.056,*keh₂p-,8.213838621645293
1987,heavy,0.77,416,8.214,0.094,35,0.056,NA,8.213838621645293
2004,hide,6.764,6675,6.794,0.995,57,0.042,*k̑el-,8.213838621645293
2005,hide,6.794,8393,6.794,1,57,0.042,NA,8.213838621645293
2006,hide,5.004,5431,6.794,0.736,57,0.042,*dʰeh₁-,8.213838621645293
2007,hide,2.745,5275,6.794,0.404,57,0.042,*kreu̯H-,8.213838621645293
2008,hide,2.729,5182,6.794,0.402,57,0.042,*(s)keu̯h₁-,8.213838621645293
2009,hide,5.306,5028,6.794,0.781,57,0.042,NA,8.213838621645293
2010,hide,2.957,8434,6.794,0.435,57,0.042,*keu̯dʰ-,8.213838621645293
2011,hide,2.611,8390,6.794,0.384,57,0.042,NA,8.213838621645293
2012,hide,3.037,6526,6.794,0.447,57,0.042,*h₂eg̑- ,8.213838621645293
2013,hide,2.033,6134,6.794,0.299,57,0.042,NA,8.213838621645293
2014,hide,3.664,7376,6.794,0.539,57,0.042,NA,8.213838621645293
2015,hide,3.11,6909,6.794,0.458,57,0.042,NA,8.213838621645293
2016,hide,4.61,8391,6.794,0.678,57,0.042,?*gʰeu̯dʰ-,8.213838621645293
2017,hide,2.773,6674,6.794,0.408,57,0.042,NA,8.213838621645293
2018,hide,0.415,5454,6.794,0.061,57,0.042,*(s)tei̯g-,8.213838621645293
2019,hide,3.854,8758,6.794,0.567,57,0.042,NA,8.213838621645293
2020,hide,0.441,7192,6.794,0.065,57,0.042,NA,8.213838621645293
2021,hide,2.664,7116,6.794,0.392,57,0.042,NA,8.213838621645293
2023,hide,1.054,6937,6.794,0.155,57,0.042,?*bʰergʰ-,8.213838621645293
2024,hide,1.152,6711,6.794,0.17,57,0.042,NA,8.213838621645293
2025,hide,2.894,6338,6.794,0.426,57,0.042,NA,8.213838621645293
2026,hide,0.77,6311,6.794,0.113,57,0.042,?*(s)kep-,8.213838621645293
2027,hide,2.606,5959,6.794,0.384,57,0.042,*pteh₂k-,8.213838621645293
2028,hide,1.491,5208,6.794,0.219,57,0.042,NA,8.213838621645293
2061,hit,7.201,1998,7.201,1,53,0.095,*gʷʰen-,8.213838621645293
2062,hit,4.283,7794,7.201,0.595,53,0.095,*(s)teu̯p-,8.213838621645293
2063,hit,2.475,6060,7.201,0.344,53,0.095,*deh₃-,8.213838621645293
2064,hit,2.744,1144,7.201,0.381,53,0.095,*der-,8.213838621645293
2065,hit,4.349,2707,7.201,0.604,53,0.095,?*slak-,8.213838621645293
2066,hit,6.379,8395,7.201,0.886,53,0.095,NA,8.213838621645293
2067,hit,4.26,712,7.201,0.592,53,0.095,*mer-,8.213838621645293
2068,hit,3.38,892,7.201,0.469,53,0.095,NA,8.213838621645293
2069,hit,1.188,2710,7.201,0.165,53,0.095,NA,8.213838621645293
2070,hit,4.872,2709,7.201,0.677,53,0.095,*bʰerH-,8.213838621645293
2071,hit,2.835,1019,7.201,0.394,53,0.095,NA,8.213838621645293
2072,hit,2.766,2712,7.201,0.384,53,0.095,NA,8.213838621645293
2073,hit,2.773,1715,7.201,0.385,53,0.095,NA,8.213838621645293
2074,hit,3.089,1577,7.201,0.429,53,0.095,NA,8.213838621645293
2075,hit,1.361,9555,7.201,0.189,53,0.095,NA,8.213838621645293
2076,hit,1.525,6527,7.201,0.212,53,0.095,NA,8.213838621645293
2077,hit,0.757,3210,7.201,0.105,53,0.095,NA,8.213838621645293
2078,hit,0.86,2706,7.201,0.119,53,0.095,NA,8.213838621645293
2079,hit,0.86,2703,7.201,0.119,53,0.095,NA,8.213838621645293
2080,hit,2.664,2701,7.201,0.37,53,0.095,?*kreu̯- ,8.213838621645293
2081,hit,1.136,2152,7.201,0.158,53,0.095,*terh₁-,8.213838621645293
2114,horn,8.214,2457,8.214,1,14,0.111,*k̑er-,8.213838621645293
2115,horn,5.521,2458,8.214,0.672,14,0.111,*(H)regʰ-,8.213838621645293
2116,horn,3.593,3379,8.214,0.437,14,0.111,NA,8.213838621645293
2117,horn,2.766,9871,8.214,0.337,14,0.111,NA,8.213838621645293
2118,horn,2.776,2459,8.214,0.338,14,0.111,NA,8.213838621645293
2119,horn,2.752,3872,8.214,0.335,14,0.111,*h₃bʰreu̯H-,8.213838621645293
2120,horn,2.606,3355,8.214,0.317,14,0.111,NA,8.213838621645293
2121,horn,0.302,6520,8.214,0.037,14,0.111,NA,8.213838621645293
2122,horn,1.152,6519,8.214,0.14,14,0.111,NA,8.213838621645293
2128,hot,8.214,333,8.214,1,23,0.1,*gʷʰer-,8.213838621645293
2129,hot,8.069,6178,8.214,0.982,23,0.1,*tep-,8.213838621645293
2130,hot,1.136,7276,8.214,0.138,23,0.1,*pekʷ-,8.213838621645293
2131,hot,5.004,1274,8.214,0.609,23,0.1,*k̑el-,8.213838621645293
2132,hot,4.349,2385,8.214,0.529,23,0.1,NA,8.213838621645293
2133,hot,2.858,5902,8.214,0.348,23,0.1,NA,8.213838621645293
2134,hot,3.177,1561,8.214,0.387,23,0.1,*i̯es-,8.213838621645293
2135,hot,4.081,6183,8.214,0.497,23,0.1,*h₁eu̯s-,8.213838621645293
2136,hot,2.664,5463,8.214,0.324,23,0.1,NA,8.213838621645293
2137,hot,1.108,3374,8.214,0.135,23,0.1,NA,8.213838621645293
2151,house,8.211,5141,8.211,1,38,0.111,*dem-,8.213838621645293
2152,house,7.92,5022,8.211,0.965,38,0.111,*u̯ei̯k̑-,8.213838621645293
2153,house,5.419,7578,8.211,0.66,38,0.111,*gʰerdʰ-,8.213838621645293
2154,house,4.349,5204,8.211,0.53,38,0.111,NA,8.213838621645293
2155,house,4.981,6340,8.211,0.607,38,0.111,NA,8.213838621645293
2156,house,5.219,6724,8.211,0.636,38,0.111,*(s)teg-,8.213838621645293
2157,house,6.369,5223,8.211,0.776,38,0.111,NA,8.213838621645293
2158,house,3.008,5224,8.211,0.366,38,0.111,NA,8.213838621645293
2159,house,3.17,5170,8.211,0.386,38,0.111,NA,8.213838621645293
2160,house,2.766,9872,8.211,0.337,38,0.111,NA,8.213838621645293
2161,house,1.407,5211,8.211,0.171,38,0.111,NA,8.213838621645293
2162,house,2.174,6407,8.211,0.265,38,0.111,*men-,8.213838621645293
2163,house,0.8,5196,8.211,0.097,38,0.111,NA,8.213838621645293
2164,house,2.752,6312,8.211,0.335,38,0.111,NA,8.213838621645293
2165,house,0.757,7137,8.211,0.092,38,0.111,NA,8.213838621645293
2166,house,2.664,7112,8.211,0.324,38,0.111,*u̯ā̆stu-,8.213838621645293
2167,house,5.423,5270,8.211,0.66,38,0.111,NA,8.213838621645293
2170,house,2.128,5142,8.211,0.259,38,0.111,*u̯eg̑ʰ-,8.213838621645293
2189,hunt,5.167,1369,5.642,0.916,39,0,*u̯ei̯h₁-,8.213838621645293
2190,hunt,0.77,1298,5.642,0.137,39,0,*gʷʰen-,8.213838621645293
2191,hunt,4.988,894,5.642,0.884,39,0,*keh₂p-,8.213838621645293
2192,hunt,2.346,1145,5.642,0.416,39,0,*leh₂u̯-,8.213838621645293
2193,hunt,1.775,243,5.642,0.315,39,0,NA,8.213838621645293
2194,hunt,5.219,1716,5.642,0.925,39,0,*selg̑-,8.213838621645293
2195,hunt,5.642,60,5.642,1,39,0,NA,8.213838621645293
2196,hunt,2.173,4527,5.642,0.385,39,0,*pleh₂-,8.213838621645293
2197,hunt,2.432,1498,5.642,0.431,39,0,*h₂eg̑-,8.213838621645293
2198,hunt,1.941,6773,5.642,0.344,39,0,NA,8.213838621645293
2199,hunt,1.932,2062,5.642,0.342,39,0,NA,8.213838621645293
2200,hunt,2.858,1860,5.642,0.507,39,0,*medʰ-,8.213838621645293
2201,hunt,2.606,603,5.642,0.462,39,0,NA,8.213838621645293
2202,hunt,0.117,9973,5.642,0.021,39,0,NA,8.213838621645293
2203,hunt,2.09,9188,5.642,0.37,39,0,NA,8.213838621645293
2205,hunt,4.156,8990,5.642,0.737,39,0,NA,8.213838621645293
2206,hunt,0.77,4937,5.642,0.137,39,0,NA,8.213838621645293
2207,hunt,2.778,4900,5.642,0.492,39,0,*g̑ʰu̯eh₁r-,8.213838621645293
2208,hunt,4.081,4524,5.642,0.723,39,0,NA,8.213838621645293
2209,hunt,0.757,3220,5.642,0.134,39,0,*kʷi̯eu̯-,8.213838621645293
2210,hunt,5.004,2722,5.642,0.887,39,0,*u̯enH-,8.213838621645293
2211,hunt,2.299,1349,5.642,0.408,39,0,NA,8.213838621645293
2212,hunt,0.77,420,5.642,0.136,39,0,NA,8.213838621645293
2228,ice,8.193,2741,8.193,1,31,0.067,*i̯eg̑-,8.213838621645293
2229,ice,5.521,1146,8.193,0.674,31,0.067,NA,8.213838621645293
2230,ice,4.349,245,8.193,0.531,31,0.067,NA,8.213838621645293
2231,ice,6.49,5932,8.193,0.792,31,0.067,NA,8.213838621645293
2232,ice,5.004,895,8.193,0.611,31,0.067,NA,8.213838621645293
2233,ice,3.177,1500,8.193,0.388,31,0.067,*peh₂g̑-,8.213838621645293
2234,ice,2.176,6560,8.193,0.266,31,0.067,*⁽g̑⁾el-,8.213838621645293
2235,ice,0.441,9873,8.193,0.054,31,0.067,NA,8.213838621645293
2236,ice,5.838,4547,8.193,0.713,31,0.067,NA,8.213838621645293
2237,ice,1.168,1021,8.193,0.143,31,0.067,NA,8.213838621645293
2238,ice,2.606,605,8.193,0.318,31,0.067,*k̑ers-,8.213838621645293
2239,ice,1.364,7953,8.193,0.166,31,0.067,NA,8.213838621645293
2240,ice,2.761,7310,8.193,0.337,31,0.067,NA,8.213838621645293
2242,ice,2.778,4901,8.193,0.339,31,0.067,NA,8.213838621645293
2243,ice,0.775,422,8.193,0.095,31,0.067,NA,8.213838621645293
2259,kill,8.181,3551,8.181,1,34,0.1,*gʷʰen-,8.213838621645293
2260,kill,7.941,788,8.181,0.971,34,0.1,*mer-,8.213838621645293
2261,kill,3.6,9446,8.181,0.44,34,0.1,*keh₂u̯-,8.213838621645293
2262,kill,6.32,2302,8.181,0.772,34,0.1,*gʷelH-,8.213838621645293
2263,kill,2.778,4902,8.181,0.34,34,0.1,*t⁽k̑⁾en-,8.213838621645293
2264,kill,2.745,1147,8.181,0.336,34,0.1,*bʰei̯H-,8.213838621645293
2265,kill,4.349,2305,8.181,0.532,34,0.1,*dʰeu̯-,8.213838621645293
2266,kill,2.961,1023,8.181,0.362,34,0.1,NA,8.213838621645293
2267,kill,4.988,2300,8.181,0.61,34,0.1,?*kh₂ei̯d-,8.213838621645293
2268,kill,3.177,1502,8.181,0.388,34,0.1,*s⁽k̑⁾eh₃-,8.213838621645293
2269,kill,2.176,897,8.181,0.266,34,0.1,NA,8.213838621645293
2270,kill,2.593,248,8.181,0.317,34,0.1,NA,8.213838621645293
2271,kill,1.546,1395,8.181,0.189,34,0.1,NA,8.213838621645293
2272,kill,2.606,606,8.181,0.319,34,0.1,NA,8.213838621645293
2273,kill,2.752,425,8.181,0.336,34,0.1,*reu̯H-,8.213838621645293
2274,kill,3.682,8206,8.181,0.45,34,0.1,NA,8.213838621645293
2275,kill,0.225,7756,8.181,0.027,34,0.1,*kelh₂-,8.213838621645293
2276,kill,2.216,4018,8.181,0.271,34,0.1,NA,8.213838621645293
2277,kill,5.219,3503,8.181,0.638,34,0.1,*h₃erg-,8.213838621645293
2278,kill,0.779,2301,8.181,0.095,34,0.1,NA,8.213838621645293
2293,knee,8.214,2456,8.214,1,17,0.2,*g̑enu-,8.213838621645293
2294,knee,5.521,2786,8.214,0.672,17,0.2,NA,8.213838621645293
2295,knee,0.757,7169,8.214,0.092,17,0.2,NA,8.213838621645293
2296,knee,2.013,4558,8.214,0.245,17,0.2,NA,8.213838621645293
2297,knee,1.835,2791,8.214,0.223,17,0.2,*h₂ost-,8.213838621645293
2310,know,8.211,2307,8.214,1,21,0.333,*u̯ei̯d-,8.213838621645293
2311,know,8.214,249,8.214,1,21,0.333,*g̑neh₃-,8.213838621645293
2312,know,5.014,2047,8.214,0.61,21,0.333,*sekH-,8.213838621645293
2313,know,3.147,898,8.214,0.383,21,0.333,*seh₁p-,8.213838621645293
2314,know,3.177,2524,8.214,0.387,21,0.333,*u̯reh₁-,8.213838621645293
2315,know,2.752,426,8.214,0.335,21,0.333,*dʰei̯H-,8.213838621645293
2316,know,2.761,6774,8.214,0.336,21,0.333,*gʷeh₂-,8.213838621645293
2317,know,2.664,5113,8.214,0.324,21,0.333,*kers-,8.213838621645293
2318,know,3.682,3547,8.214,0.448,21,0.333,*gʰrebh₂-,8.213838621645293
2331,lake,8.13,8246,8.13,1,36,0.067,*lek-,8.213838621645293
2332,lake,5.521,1148,8.13,0.679,36,0.067,*h₁eg̑ʰ-,8.213838621645293
2333,lake,6.593,7382,8.13,0.811,36,0.067,*sel-,8.213838621645293
2334,lake,7.949,1503,8.13,0.978,36,0.067,*lei̯-,8.213838621645293
2335,lake,1.591,3204,8.13,0.196,36,0.067,NA,8.213838621645293
2336,lake,4.349,1317,8.13,0.535,36,0.067,NA,8.213838621645293
2337,lake,2.961,4367,8.13,0.364,36,0.067,NA,8.213838621645293
2338,lake,4.957,2771,8.13,0.61,36,0.067,NA,8.213838621645293
2339,lake,2.033,2769,8.13,0.25,36,0.067,NA,8.213838621645293
2340,lake,1.072,250,8.13,0.132,36,0.067,*mor-i-,8.213838621645293
2341,lake,1.986,1370,8.13,0.244,36,0.067,*u̯ed-,8.213838621645293
2342,lake,4.26,2770,8.13,0.524,36,0.067,NA,8.213838621645293
2343,lake,2.606,607,8.13,0.321,36,0.067,NA,8.213838621645293
2344,lake,0.225,7757,8.13,0.028,36,0.067,NA,8.213838621645293
2345,lake,4.732,4030,8.13,0.582,36,0.067,NA,8.213838621645293
2367,laugh,7.211,68,7.407,0.974,17,0.1,NA,8.213838621645293
2368,laugh,5.521,1149,7.407,0.745,17,0.1,*smei̯-,8.213838621645293
2369,laugh,7.407,680,7.407,1,17,0.1,*g̑elh₂-,8.213838621645293
2370,laugh,5.004,900,7.407,0.676,17,0.1,NA,8.213838621645293
2371,laugh,4.349,251,7.407,0.587,17,0.1,NA,8.213838621645293
2372,laugh,6.39,789,7.407,0.863,17,0.1,NA,8.213838621645293
2373,laugh,2.957,1024,7.407,0.399,17,0.1,*su̯er-,8.213838621645293
2374,laugh,2.773,1718,7.407,0.374,17,0.1,*g̑ar-,8.213838621645293
2375,laugh,2.752,428,7.407,0.372,17,0.1,NA,8.213838621645293
2376,laugh,2.664,2778,7.407,0.36,17,0.1,*gʰer-,8.213838621645293
2384,leaf,8.203,252,8.203,1,23,0.071,*bʰleh₃-,8.213838621645293
2385,leaf,7.214,7386,8.203,0.879,23,0.071,*(s)per-,8.213838621645293
2386,leaf,6.592,790,8.203,0.804,23,0.071,*pet-,8.213838621645293
2387,leaf,4.995,5979,8.203,0.609,23,0.071,NA,8.213838621645293
2388,leaf,4.872,8247,8.203,0.594,23,0.071,NA,8.213838621645293
2389,leaf,2.745,1150,8.203,0.335,23,0.071,NA,8.213838621645293
2390,leaf,5.394,2001,8.203,0.658,23,0.071,NA,8.213838621645293
2391,leaf,5.219,1025,8.203,0.636,23,0.071,*dʰalh₁-,8.213838621645293
2392,leaf,4.349,1861,8.203,0.53,23,0.071,NA,8.213838621645293
2393,leaf,3.881,7383,8.203,0.473,23,0.071,NA,8.213838621645293
2394,leaf,2.606,608,8.203,0.318,23,0.071,NA,8.213838621645293
2395,leaf,2.09,9213,8.203,0.255,23,0.071,NA,8.213838621645293
2396,leaf,2.553,6565,8.203,0.311,23,0.071,NA,8.213838621645293
2397,leaf,0.77,3390,8.203,0.094,23,0.071,*gu̯osd- ,8.213838621645293
2407,left,7.145,2779,7.145,1,40,0.045,*(H)seu̯-,8.213838621645293
2408,left,6.558,1786,7.145,0.918,40,0.045,NA,8.213838621645293
2409,left,2.745,1151,7.145,0.384,40,0.045,*leh₂-,8.213838621645293
2410,left,4.349,1318,7.145,0.609,40,0.045,*u̯enH-,8.213838621645293
2411,left,5.417,7594,7.145,0.758,40,0.045,NA,8.213838621645293
2412,left,4.12,717,7.145,0.577,40,0.045,NA,8.213838621645293
2413,left,5.219,1026,7.145,0.73,40,0.045,*k̑lei̯-,8.213838621645293
2414,left,1.795,253,7.145,0.251,40,0.045,NA,8.213838621645293
2415,left,4.846,902,7.145,0.678,40,0.045,NA,8.213838621645293
2416,left,2.979,2782,7.145,0.417,40,0.045,NA,8.213838621645293
2417,left,3.177,2780,7.145,0.445,40,0.045,NA,8.213838621645293
2418,left,2.858,6679,7.145,0.4,40,0.045,NA,8.213838621645293
2419,left,4.348,1504,7.145,0.608,40,0.045,NA,8.213838621645293
2420,left,1.241,1396,7.145,0.174,40,0.045,NA,8.213838621645293
2421,left,2.606,609,7.145,0.365,40,0.045,NA,8.213838621645293
2422,left,2.204,7628,7.145,0.308,40,0.045,NA,8.213838621645293
2424,left,1.402,6763,7.145,0.196,40,0.045,NA,8.213838621645293
2425,left,2.854,3315,7.145,0.399,40,0.045,*(h₁)ner-,8.213838621645293
2426,left,0.757,3287,7.145,0.106,40,0.045,NA,8.213838621645293
2427,left,1.51,2071,7.145,0.211,40,0.045,NA,8.213838621645293
2428,left,1.136,1907,7.145,0.159,40,0.045,NA,8.213838621645293
2429,left,0.77,430,7.145,0.108,40,0.045,NA,8.213838621645293
2447,leg,8.212,2783,8.212,1,34,0,*ped-,8.213838621645293
2448,leg,5.219,2156,8.212,0.636,34,0,*kok̑s-,8.213838621645293
2449,leg,2.606,6120,8.212,0.317,34,0,*k̑reu̯H-,8.213838621645293
2450,leg,2.745,1231,8.212,0.334,34,0,*h₃neg⁽ʷ⁾ʰ-,8.213838621645293
2451,leg,3.385,1264,8.212,0.412,34,0,NA,8.213838621645293
2452,leg,4.349,71,8.212,0.53,34,0,NA,8.213838621645293
2453,leg,2.027,1027,8.212,0.247,34,0,NA,8.213838621645293
2454,leg,5.875,1649,8.212,0.716,34,0,*g̑ʰengʰ-,8.213838621645293
2455,leg,1.573,903,8.212,0.192,34,0,*persneh₂-,8.213838621645293
2456,leg,4.08,2785,8.212,0.497,34,0,*skel-,8.213838621645293
2457,leg,2.858,1862,8.212,0.348,34,0,NA,8.213838621645293
2458,leg,0.77,5617,8.212,0.094,34,0,NA,8.213838621645293
2459,leg,1.696,4586,8.212,0.207,34,0,NA,8.213838621645293
2460,leg,4.962,3539,8.212,0.604,34,0,*steh₂-,8.213838621645293
2461,leg,0.757,3236,8.212,0.092,34,0,NA,8.213838621645293
2463,leg,0.86,1667,8.212,0.105,34,0,NA,8.213838621645293
2481,live,8.214,72,8.214,1,19,0.167,*gʷi̯eh₃-,8.213838621645293
2482,live,4.349,255,8.214,0.529,19,0.167,*lei̯p-,8.213838621645293
2483,live,2.611,4137,8.214,0.318,19,0.167,*bʰu̯eh₂-,8.213838621645293
2484,live,1.835,7390,8.214,0.223,19,0.167,NA,8.213838621645293
2485,live,0.757,3185,8.214,0.092,19,0.167,*kʷelh₁-,8.213838621645293
2487,live,1.108,611,8.214,0.135,19,0.167,NA,8.213838621645293
2500,liver,8.214,718,8.214,1,25,0,*(H)i̯ekʷ-r/n-,8.213838621645293
2501,liver,2.745,1232,8.214,0.334,25,0,*h₁enter-,8.213838621645293
2502,liver,3.714,1254,8.214,0.452,25,0,*pekʷ-,8.213838621645293
2503,liver,4.988,905,8.214,0.607,25,0,NA,8.213838621645293
2504,liver,4.349,256,8.214,0.529,25,0,NA,8.213838621645293
2505,liver,5.219,1029,8.214,0.635,25,0,NA,8.213838621645293
2506,liver,4.26,7393,8.214,0.519,25,0,NA,8.213838621645293
2507,liver,3.181,1505,8.214,0.387,25,0,NA,8.213838621645293
2508,liver,1.014,7789,8.214,0.123,25,0,*k⁽ʷ⁾ers-,8.213838621645293
2509,liver,1.002,1153,8.214,0.122,25,0,*dʰrebʰ-,8.213838621645293
2510,liver,0.77,433,8.214,0.094,25,0,NA,8.213838621645293
2525,long,8.214,257,8.214,1,15,0.2,?*delh₁-,8.213838621645293
2526,long,7.468,3381,8.214,0.909,15,0.2,*bʰerg̑ʰ-,8.213838621645293
2527,long,4.225,1030,8.214,0.514,15,0.2,*seh₁-,8.213838621645293
2528,long,5.306,1506,8.214,0.646,15,0.2,*meh₂k̑-,8.213838621645293
2529,long,4.26,793,8.214,0.519,15,0.2,*lembH-,8.213838621645293
2530,long,2.776,1720,8.214,0.338,15,0.2,NA,8.213838621645293
2531,long,2.606,613,8.214,0.317,15,0.2,*du̯eh₂-,8.213838621645293
2532,long,0.302,6414,8.214,0.037,15,0.2,*pleh₁-,8.213838621645293
2533,long,0.86,2313,8.214,0.105,15,0.2,NA,8.213838621645293
2534,long,1.731,1265,8.214,0.211,15,0.2,NA,8.213838621645293
2540,louse,6.806,8267,6.806,1,20,0,?*lū̆-,8.213838621645293
2541,louse,6.586,7396,6.806,0.968,20,0,NA,8.213838621645293
2542,louse,5.004,906,6.806,0.735,20,0,*pesd-,8.213838621645293
2543,louse,2.745,8265,6.806,0.403,20,0,NA,8.213838621645293
2544,louse,6.49,7522,6.806,0.954,20,0,NA,8.213838621645293
2545,louse,5.306,1507,6.806,0.78,20,0,*gʷg̑ʰer-,8.213838621645293
2546,louse,2.776,1721,6.806,0.408,20,0,*meh₁-,8.213838621645293
2547,louse,2.858,8266,6.806,0.42,20,0,NA,8.213838621645293
2548,louse,2.606,614,6.806,0.383,20,0,NA,8.213838621645293
2549,louse,2.752,435,6.806,0.404,20,0,NA,8.213838621645293
2560,man,8.214,2316,8.214,1,23,0.083,*h₂ner-,8.213838621645293
2561,man,7.995,1094,8.214,0.973,23,0.083,*u̯iH-ró-,8.213838621645293
2562,man,7.055,907,8.214,0.859,23,0.083,"*dʰég̑ʰ-om-, *dʰg̑ʰ-ém-, *dʰg̑ʰ-m-",8.213838621645293
2563,man,7.644,76,8.214,0.931,23,0.083,*men-,8.213838621645293
2564,man,8.002,2322,8.214,0.974,23,0.083,*mer-,8.213838621645293
2565,man,4.349,8248,8.214,0.529,23,0.083,NA,8.213838621645293
2566,man,2.103,9214,8.214,0.256,23,0.083,NA,8.213838621645293
2567,man,3.172,5819,8.214,0.386,23,0.083,NA,8.213838621645293
2568,man,2.553,6423,8.214,0.311,23,0.083,*bʰarsdʰó-,8.213838621645293
2570,man,2.664,2327,8.214,0.324,23,0.083,*nek̑-,8.213838621645293
2571,man,1.492,2317,8.214,0.182,23,0.083,NA,8.213838621645293
2572,man,0.757,1964,8.214,0.092,23,0.083,NA,8.213838621645293
2583,meat,8.176,437,8.176,1,25,0.071,*mē(m)s-,8.213838621645293
2584,meat,2.808,6775,8.176,0.343,25,0.071,*h₁ed-,8.213838621645293
2585,meat,5.004,909,8.176,0.612,25,0.071,*(s)kerH-,8.213838621645293
2586,meat,6.379,78,8.176,0.78,25,0.071,*gʷou̯-,8.213838621645293
2587,meat,3.438,260,8.176,0.42,25,0.071,NA,8.213838621645293
2588,meat,5.306,1508,8.176,0.649,25,0.071,*kreu̯h₂-,8.213838621645293
2589,meat,2.611,1319,8.176,0.319,25,0.071,NA,8.213838621645293
2590,meat,4.225,1032,8.176,0.517,25,0.071,NA,8.213838621645293
2591,meat,6.441,3219,8.176,0.788,25,0.071,*pitu-,8.213838621645293
2592,meat,2.776,1723,8.176,0.34,25,0.071,NA,8.213838621645293
2593,meat,1.526,2198,8.176,0.187,25,0.071,*gʷi̯eh₃-,8.213838621645293
2594,meat,3.688,8227,8.176,0.451,25,0.071,NA,8.213838621645293
2595,meat,0.86,2334,8.176,0.105,25,0.071,NA,8.213838621645293
2596,meat,1.51,2073,8.176,0.185,25,0.071,NA,8.213838621645293
2608,moon,8.214,2232,8.214,1,18,0.143,*meh₁-,8.213838621645293
2609,moon,8.191,2336,8.214,0.997,18,0.143,*leu̯k-,8.213838621645293
2610,moon,2.957,4969,8.214,0.36,18,0.143,*leu̯⁽g̑⁾-,8.213838621645293
2611,moon,5.417,2338,8.214,0.66,18,0.143,*(s)kend-,8.213838621645293
2612,moon,3.177,4126,8.214,0.387,18,0.143,NA,8.213838621645293
2613,moon,2.752,9780,8.214,0.335,18,0.143,*(s)kend-,8.213838621645293
2614,moon,4.631,7404,8.214,0.564,18,0.143,*dei̯-,8.213838621645293
2615,moon,1.373,3296,8.214,0.167,18,0.143,NA,8.213838621645293
2616,moon,2.538,3295,8.214,0.309,18,0.143,NA,8.213838621645293
2617,moon,3.079,7712,8.214,0.375,18,0.143,NA,8.213838621645293
2618,moon,2.778,4127,8.214,0.338,18,0.143,NA,8.213838621645293
2619,moon,2.776,3294,8.214,0.338,18,0.143,NA,8.213838621645293
2620,moon,2.773,2337,8.214,0.338,18,0.143,*g̑ʰelh₃-,8.213838621645293
2621,moon,5.423,2335,8.214,0.66,18,0.143,NA,8.213838621645293
2626,mountain,7.953,80,7.953,1,33,0.056,*gʷerH-,8.213838621645293
2627,mountain,7.004,910,7.953,0.881,33,0.056,*men-,8.213838621645293
2628,mountain,6.649,261,7.953,0.836,33,0.056,*bʰerg̑ʰ-,8.213838621645293
2629,mountain,4.164,4142,7.953,0.524,33,0.056,NA,8.213838621645293
2630,mountain,4.338,1965,7.953,0.545,33,0.056,NA,8.213838621645293
2631,mountain,4.202,2802,7.953,0.528,33,0.056,NA,8.213838621645293
2632,mountain,2.593,2805,7.953,0.326,33,0.056,*pel-,8.213838621645293
2633,mountain,3.17,2801,7.953,0.399,33,0.056,NA,8.213838621645293
2634,mountain,3.708,8250,7.953,0.466,33,0.056,NA,8.213838621645293
2635,mountain,1.407,2804,7.953,0.177,33,0.056,*pleh₂-,8.213838621645293
2636,mountain,2.916,1866,7.953,0.367,33,0.056,*kelH-,8.213838621645293
2637,mountain,2.776,1724,7.953,0.349,33,0.056,NA,8.213838621645293
2638,mountain,4.08,1509,7.953,0.513,33,0.056,*h₃er-,8.213838621645293
2639,mountain,2.606,616,7.953,0.328,33,0.056,NA,8.213838621645293
2640,mountain,2.752,439,7.953,0.346,33,0.056,NA,8.213838621645293
2641,mountain,1.527,9902,7.953,0.192,33,0.056,NA,8.213838621645293
2642,mountain,0.757,7171,7.953,0.095,33,0.056,NA,8.213838621645293
2643,mountain,2.664,2800,7.953,0.335,33,0.056,NA,8.213838621645293
2659,mouth,8.214,796,8.214,1,36,0.111,*h₃eh₁-,8.213838621645293
2660,mouth,5.521,8251,8.214,0.672,36,0.111,NA,8.213838621645293
2661,mouth,2.606,8488,8.214,0.317,36,0.111,?*bʰerH-,8.213838621645293
2663,mouth,4.349,262,8.214,0.529,36,0.111,NA,8.213838621645293
2664,mouth,3.385,911,8.214,0.412,36,0.111,NA,8.213838621645293
2665,mouth,5.376,6016,8.214,0.654,36,0.111,NA,8.213838621645293
2666,mouth,5.306,1510,8.214,0.646,36,0.111,*steh₃-,8.213838621645293
2667,mouth,5.219,1034,8.214,0.635,36,0.111,*g̑enu-,8.213838621645293
2668,mouth,1.932,1233,8.214,0.235,36,0.111,*reu̯H-,8.213838621645293
2669,mouth,1.591,2004,8.214,0.194,36,0.111,NA,8.213838621645293
2670,mouth,4.154,6204,8.214,0.506,36,0.111,NA,8.213838621645293
2671,mouth,0.77,4830,8.214,0.094,36,0.111,?*gʰeu̯bʰ-,8.213838621645293
2672,mouth,2.773,1725,8.214,0.338,36,0.111,NA,8.213838621645293
2674,mouth,0.757,7173,8.214,0.092,36,0.111,NA,8.213838621645293
2675,mouth,2.553,6572,8.214,0.311,36,0.111,NA,8.213838621645293
2677,mouth,0.77,5636,8.214,0.094,36,0.111,NA,8.213838621645293
2678,mouth,2.664,2346,8.214,0.324,36,0.111,*g̑ʰeh₁i̯-,8.213838621645293
2679,mouth,0.86,2340,8.214,0.105,36,0.111,NA,8.213838621645293
2695,nail,8.214,2268,8.214,1,6,0.333,*h₃neg⁽ʷ⁾ʰ-,8.213838621645293
2696,nail,2.752,5456,8.214,0.335,6,0.333,NA,8.213838621645293
2697,nail,4.782,3385,8.214,0.582,6,0.333,*k̑er-,8.213838621645293
2701,name,8.214,82,8.214,1,5,0.5,*Hneh₃-mn̥,8.213838621645293
2702,name,2.916,1867,8.214,0.355,5,0.5,*u̯erdʰ-,8.213838621645293
2706,narrow,7.732,263,7.732,1,31,0,*h₂emg̑ʰ-,8.213838621645293
2707,narrow,4.988,2807,7.732,0.645,31,0,NA,8.213838621645293
2708,narrow,3.41,2811,7.732,0.441,31,0,NA,8.213838621645293
2709,narrow,5.306,1511,7.732,0.686,31,0,NA,8.213838621645293
2710,narrow,2.611,2814,7.732,0.338,31,0,*trenk-,8.213838621645293
2711,narrow,2.871,2809,7.732,0.371,31,0,NA,8.213838621645293
2712,narrow,0.869,3247,7.732,0.112,31,0,*(h₁)ner-,8.213838621645293
2713,narrow,0.441,9874,7.732,0.057,31,0,NA,8.213838621645293
2714,narrow,2.606,6121,7.732,0.337,31,0,NA,8.213838621645293
2715,narrow,2.752,5643,7.732,0.356,31,0,NA,8.213838621645293
2716,narrow,1.976,4064,7.732,0.256,31,0,*pet-,8.213838621645293
2717,narrow,2.294,2810,7.732,0.297,31,0,NA,8.213838621645293
2718,narrow,2.858,2808,7.732,0.37,31,0,NA,8.213838621645293
2719,narrow,1.965,2806,7.732,0.254,31,0,NA,8.213838621645293
2720,narrow,4.315,83,7.732,0.558,31,0,*temk-,8.213838621645293
2722,narrow,1.168,5642,7.732,0.151,31,0,NA,8.213838621645293
2723,narrow,1.136,1726,7.732,0.147,31,0,NA,8.213838621645293
2724,narrow,2.847,797,7.732,0.368,31,0,NA,8.213838621645293
2737,navel,8.176,5026,8.176,1,24,0,*h₃nebʰ-,8.213838621645293
2739,navel,2.745,5145,8.176,0.336,24,0,NA,8.213838621645293
2740,navel,2.957,7244,8.176,0.362,24,0,NA,8.213838621645293
2741,navel,1.72,7411,8.176,0.21,24,0,NA,8.213838621645293
2742,navel,2.606,5991,8.176,0.319,24,0,NA,8.213838621645293
2743,navel,0.775,6313,8.176,0.095,24,0,NA,8.213838621645293
2761,near,2.857,3318,6.447,0.443,41,0,*ned⁽ʰ⁾-,8.213838621645293
2762,near,2.745,1157,6.447,0.426,41,0,*bʰlei̯g̑-,8.213838621645293
2763,near,4.349,264,6.447,0.675,41,0,NA,8.213838621645293
2764,near,6.379,84,6.447,0.989,41,0,NA,8.213838621645293
2765,near,5.219,2158,6.447,0.81,41,0,NA,8.213838621645293
2766,near,3.177,1512,6.447,0.493,41,0,*k̑ent-,8.213838621645293
2767,near,3.355,1398,6.447,0.52,41,0,NA,8.213838621645293
2768,near,5.004,1266,6.447,0.776,41,0,"*pr̥-, *pró, *prí",8.213838621645293
2769,near,6.447,8259,6.447,1,41,0,*sed-,8.213838621645293
2770,near,3.881,4160,6.447,0.602,41,0,NA,8.213838621645293
2771,near,2.766,3830,6.447,0.429,41,0,*to-,8.213838621645293
2772,near,2.51,2822,6.447,0.389,41,0,*u̯ei̯k̑-,8.213838621645293
2773,near,0.756,2821,6.447,0.117,41,0,NA,8.213838621645293
2774,near,1.168,1035,6.447,0.181,41,0,NA,8.213838621645293
2775,near,2.606,618,6.447,0.404,41,0,?*meHd-,8.213838621645293
2776,near,2.752,442,6.447,0.427,41,0,NA,8.213838621645293
2777,near,0.302,6521,6.447,0.047,41,0,*pe⁽k̑⁾tu-,8.213838621645293
2778,near,1.21,6498,6.447,0.188,41,0,NA,8.213838621645293
2779,near,4.081,4397,6.447,0.633,41,0,*h₂ent-,8.213838621645293
2780,near,0.868,2820,6.447,0.135,41,0,NA,8.213838621645293
2781,near,2.778,2816,6.447,0.431,41,0,NA,8.213838621645293
2782,near,1.306,1610,6.447,0.203,41,0,NA,8.213838621645293
2802,neck,8.134,1728,8.134,1,40,0,*men-,8.213838621645293
2803,neck,7.024,265,8.134,0.863,40,0,*kólso-,8.213838621645293
2804,neck,4.081,4144,8.134,0.502,40,0,*gʷriH-u̯eh₂-,8.213838621645293
2805,neck,5.293,5034,8.134,0.651,40,0,NA,8.213838621645293
2806,neck,2.745,1203,8.134,0.338,40,0,*si̯eu̯H-,8.213838621645293
2807,neck,2.703,8396,8.134,0.332,40,0,*u̯ert-,8.213838621645293
2808,neck,2.961,1036,8.134,0.364,40,0,NA,8.213838621645293
2809,neck,2.09,8693,8.134,0.257,40,0,NA,8.213838621645293
2810,neck,3.664,7596,8.134,0.45,40,0,NA,8.213838621645293
2811,neck,2.343,4143,8.134,0.288,40,0,NA,8.213838621645293
2812,neck,0.122,2348,8.134,0.015,40,0,NA,8.213838621645293
2813,neck,1.792,1513,8.134,0.22,40,0,NA,8.213838621645293
2814,neck,2.916,1868,8.134,0.359,40,0,NA,8.213838621645293
2815,neck,2.752,443,8.134,0.338,40,0,NA,8.213838621645293
2816,neck,1.361,9549,8.134,0.167,40,0,NA,8.213838621645293
2817,neck,1.51,8051,8.134,0.186,40,0,NA,8.213838621645293
2818,neck,3.17,6065,8.134,0.39,40,0,NA,8.213838621645293
2820,neck,2.778,4128,8.134,0.342,40,0,NA,8.213838621645293
2821,neck,0.757,3280,8.134,0.093,40,0,*bʰerg̑ʰ-,8.213838621645293
2822,neck,1.108,2525,8.134,0.136,40,0,NA,8.213838621645293
2823,neck,0.613,2350,8.134,0.075,40,0,NA,8.213838621645293
2824,neck,0.302,912,8.134,0.037,40,0,NA,8.213838621645293
2842,new,8.214,86,8.214,1,9,0.2,*neu̯-,8.213838621645293
2843,new,3.17,1514,8.214,0.386,9,0.2,*ken-,8.213838621645293
2844,new,2.203,2352,8.214,0.268,9,0.2,NA,8.213838621645293
2845,new,2.752,444,8.214,0.335,9,0.2,*h₃er-,8.213838621645293
2846,new,0.86,2351,8.214,0.105,9,0.2,"*h₂ei̯-u-, *h₂oi̯-u-, *h₂i̯-eu̯-",8.213838621645293
2851,night,8.214,266,8.214,1,9,0.333,*negʷ-,8.213838621645293
2852,night,8.181,87,8.214,0.996,9,0.333,*k⁽ʷ⁾sep-,8.213838621645293
2853,night,6.593,799,8.214,0.803,9,0.333,*h₁reh₁-,8.213838621645293
2854,night,2.606,619,8.214,0.317,9,0.333,?*u̯e-k⁽ʷ⁾sp-ero-,8.213838621645293
2855,night,2.776,1729,8.214,0.338,9,0.333,NA,8.213838621645293
2857,night,2.664,5083,8.214,0.324,9,0.333,*h₂u̯es-,8.213838621645293
2860,nose,8.07,267,8.07,1,24,0.083,*(H)nā̆s-,8.213838621645293
2861,nose,5.219,1037,8.07,0.647,24,0.083,NA,8.213838621645293
2862,nose,3.181,1515,8.07,0.394,24,0.083,*meu̯k-,8.213838621645293
2863,nose,2.103,2005,8.07,0.261,24,0.083,NA,8.213838621645293
2864,nose,2.09,9216,8.07,0.259,24,0.083,NA,8.213838621645293
2865,nose,2.543,2355,8.07,0.315,24,0.083,NA,8.213838621645293
2866,nose,2.606,620,8.07,0.323,24,0.083,NA,8.213838621645293
2867,nose,2.752,445,8.07,0.341,24,0.083,NA,8.213838621645293
2870,nose,2.664,3319,8.07,0.33,24,0.083,NA,8.213838621645293
2871,nose,0.86,2354,8.07,0.107,24,0.083,NA,8.213838621645293
2872,nose,1.136,2159,8.07,0.141,24,0.083,NA,8.213838621645293
2873,nose,0.757,722,8.07,0.094,24,0.083,NA,8.213838621645293
2884,old,8.201,622,8.201,1,27,0.077,*sen-,8.213838621645293
2885,old,7.241,913,8.201,0.883,27,0.077,*u̯et-,8.213838621645293
2886,old,7.974,2825,8.201,0.972,27,0.077,*g̑erh₂-,8.213838621645293
2887,old,2.745,1158,8.201,0.335,27,0.077,*steh₂-,8.213838621645293
2888,old,4.382,5064,8.201,0.534,27,0.077,*(s)kep-,8.213838621645293
2889,old,3.537,268,8.201,0.431,27,0.077,*h₂el-,8.213838621645293
2890,old,6.373,2826,8.201,0.777,27,0.077,*perh₂-,8.213838621645293
2891,old,5.306,1517,8.201,0.647,27,0.077,*pelh₂-,8.213838621645293
2892,old,2.611,1322,8.201,0.318,27,0.077,NA,8.213838621645293
2893,old,1.98,1038,8.201,0.241,27,0.077,NA,8.213838621645293
2894,old,2.752,5649,8.201,0.336,27,0.077,NA,8.213838621645293
2895,old,0.441,6601,8.201,0.054,27,0.077,NA,8.213838621645293
2896,old,2.664,2824,8.201,0.325,27,0.077,NA,8.213838621645293
2911,one,8.054,91,8.054,1,7,0.333,*Hoi̯-,8.213838621645293
2912,one,7.991,6066,8.054,0.992,7,0.333,*sem-,8.213838621645293
2913,one,2.752,447,8.054,0.342,7,0.333,NA,8.213838621645293
2918,play,5.794,6784,6.113,0.948,39,0,*mers-,8.213838621645293
2919,play,2.745,1161,6.113,0.449,39,0,NA,8.213838621645293
2920,play,4.988,916,6.113,0.816,39,0,*i̯ek-,8.213838621645293
2921,play,6.113,802,6.113,1,39,0,NA,8.213838621645293
2922,play,4.321,94,6.113,0.707,39,0,NA,8.213838621645293
2923,play,5.306,1519,6.113,0.868,39,0,*peh₂u̯-,8.213838621645293
2924,play,1.775,270,6.113,0.29,39,0,NA,8.213838621645293
2925,play,2.957,1040,6.113,0.484,39,0,*rei̯⁽g̑⁾-,8.213838621645293
2926,play,2.611,2833,6.113,0.427,39,0,*lei̯⁽g̑⁾-,8.213838621645293
2927,play,2.09,9237,6.113,0.342,39,0,NA,8.213838621645293
2928,play,2.752,5658,6.113,0.45,39,0,NA,8.213838621645293
2929,play,2.606,626,6.113,0.426,39,0,NA,8.213838621645293
2930,play,4.37,9387,6.113,0.715,39,0,?*stei̯g-,8.213838621645293
2931,play,4.081,4398,6.113,0.667,39,0,NA,8.213838621645293
2932,play,1.813,4351,6.113,0.297,39,0,NA,8.213838621645293
2933,play,0.757,3271,6.113,0.124,39,0,NA,8.213838621645293
2934,play,2.312,1730,6.113,0.378,39,0,*bʰer-,8.213838621645293
2935,play,2.299,1354,6.113,0.376,39,0,NA,8.213838621645293
2957,pull,7.211,95,7.211,1,38,0.091,*kʷels-,8.213838621645293
2958,pull,5.225,2837,7.211,0.725,38,0.091,*tengʰ-,8.213838621645293
2959,pull,3.56,1372,7.211,0.494,38,0.091,*deu̯k-,8.213838621645293
2960,pull,2.742,5274,7.211,0.38,38,0.091,*(h₂)u̯elk-,8.213838621645293
2961,pull,3.666,4163,7.211,0.508,38,0.091,*ten-,8.213838621645293
2962,pull,2.923,451,7.211,0.405,38,0.091,*selk-,8.213838621645293
2963,pull,3.382,1267,7.211,0.469,38,0.091,NA,8.213838621645293
2964,pull,2.611,2839,7.211,0.362,38,0.091,*dʰre⁽g̑⁾ʰ-,8.213838621645293
2965,pull,3.177,2834,7.211,0.441,38,0.091,*tau̯ro-,8.213838621645293
2966,pull,2.957,1041,7.211,0.41,38,0.091,NA,8.213838621645293
2967,pull,2.036,803,7.211,0.282,38,0.091,NA,8.213838621645293
2968,pull,5.004,8237,7.211,0.694,38,0.091,NA,8.213838621645293
2969,pull,2.776,1731,7.211,0.385,38,0.091,NA,8.213838621645293
2970,pull,3.881,7050,7.211,0.538,38,0.091,NA,8.213838621645293
2971,pull,2.606,627,7.211,0.361,38,0.091,NA,8.213838621645293
2972,pull,1.054,271,7.211,0.146,38,0.091,NA,8.213838621645293
2973,pull,0.77,8288,7.211,0.107,38,0.091,NA,8.213838621645293
2974,pull,5.347,7429,7.211,0.742,38,0.091,NA,8.213838621645293
2975,pull,3.074,6013,7.211,0.426,38,0.091,*tu̯er-,8.213838621645293
2976,pull,0.757,3260,7.211,0.105,38,0.091,*h₂nek̑-,8.213838621645293
2977,pull,0.772,1095,7.211,0.107,38,0.091,NA,8.213838621645293
2978,pull,0.302,917,7.211,0.042,38,0.091,*pelh₂-,8.213838621645293
2995,push,5.848,804,5.873,0.996,72,0.033,NA,8.213838621645293
2996,push,4.349,1339,5.873,0.741,72,0.033,?*skeu̯bʰ-,8.213838621645293
2997,push,2.728,1205,5.873,0.464,72,0.033,?*telk-,8.213838621645293
2998,push,3.517,7961,5.873,0.599,72,0.033,NA,8.213838621645293
2999,push,4.988,6703,5.873,0.849,72,0.033,*peh₂g̑-,8.213838621645293
3000,push,5.873,2846,5.873,1,72,0.033,NA,8.213838621645293
3001,push,2.93,1399,5.873,0.499,72,0.033,*pelh₂-,8.213838621645293
3002,push,1.984,1237,5.873,0.338,72,0.033,*pei̯s-,8.213838621645293
3003,push,5.306,2843,5.873,0.904,72,0.033,*u̯edʰ(h₁)-,8.213838621645293
3004,push,3.506,9197,5.873,0.597,72,0.033,NA,8.213838621645293
3005,push,2.428,5830,5.873,0.413,72,0.033,*h₂ek̑-,8.213838621645293
3006,push,5.658,3285,5.873,0.963,72,0.033,NA,8.213838621645293
3007,push,1.099,9195,5.873,0.187,72,0.033,NA,8.213838621645293
3008,push,0.566,8253,5.873,0.096,72,0.033,*tu̯enk-,8.213838621645293
3009,push,0.225,7759,5.873,0.038,72,0.033,*teu̯k-,8.213838621645293
3010,push,0.445,7419,5.873,0.076,72,0.033,NA,8.213838621645293
3011,push,0.849,7013,5.873,0.145,72,0.033,NA,8.213838621645293
3012,push,2.664,5812,5.873,0.454,72,0.033,NA,8.213838621645293
3013,push,4.081,5811,5.873,0.695,72,0.033,NA,8.213838621645293
3014,push,1.168,5665,5.873,0.199,72,0.033,NA,8.213838621645293
3015,push,1.67,4867,5.873,0.284,72,0.033,*h₃rei̯H-,8.213838621645293
3016,push,0.117,4207,5.873,0.02,72,0.033,NA,8.213838621645293
3017,push,2.122,2849,5.873,0.361,72,0.033,NA,8.213838621645293
3018,push,0.77,2842,5.873,0.131,72,0.033,*(s)teu̯d-,8.213838621645293
3019,push,0.868,2841,5.873,0.148,72,0.033,*gʰreu̯d-,8.213838621645293
3020,push,1.136,2161,5.873,0.193,72,0.033,NA,8.213838621645293
3021,push,1.152,1268,5.873,0.196,72,0.033,*pei̯g-,8.213838621645293
3022,push,2.174,1042,5.873,0.37,72,0.033,NA,8.213838621645293
3023,push,0.302,918,5.873,0.051,72,0.033,NA,8.213838621645293
3024,push,1.108,628,5.873,0.189,72,0.033,*per-,8.213838621645293
3067,rain,8.004,2236,8.004,1,31,0.077,*sh₂eu̯-,8.213838621645293
3069,rain,6.592,7433,8.004,0.824,31,0.077,*h₂u̯ers-,8.213838621645293
3070,rain,6.379,5084,8.004,0.797,31,0.077,*u̯eh₁-,8.213838621645293
3071,rain,4.349,273,8.004,0.543,31,0.077,NA,8.213838621645293
3072,rain,2.745,1206,8.004,0.343,31,0.077,*dei̯-,8.213838621645293
3073,rain,5.004,919,8.004,0.625,31,0.077,*pleu̯-,8.213838621645293
3074,rain,2.957,1043,8.004,0.369,31,0.077,NA,8.213838621645293
3075,rain,3.177,1522,8.004,0.397,31,0.077,NA,8.213838621645293
3076,rain,0.441,3833,8.004,0.055,31,0.077,NA,8.213838621645293
3077,rain,2.916,1870,8.004,0.364,31,0.077,*lei̯H-,8.213838621645293
3078,rain,2.606,629,8.004,0.326,31,0.077,NA,8.213838621645293
3079,rain,0.757,7008,8.004,0.095,31,0.077,NA,8.213838621645293
3080,rain,2.826,5912,8.004,0.353,31,0.077,*neu̯-,8.213838621645293
3098,red,8.214,6592,8.214,1,31,0.083,*(h₁)reu̯dʰ-,8.213838621645293
3101,red,2.745,1163,8.214,0.334,31,0.083,*kʷr̥mi-,8.213838621645293
3102,red,6.489,98,8.214,0.79,31,0.083,NA,8.213838621645293
3103,red,2.176,8254,8.214,0.265,31,0.083,*u̯r̥mi-,8.213838621645293
3104,red,2.387,1523,8.214,0.291,31,0.083,NA,8.213838621645293
3105,red,2.776,1734,8.214,0.338,31,0.083,*dʰerg-,8.213838621645293
3106,red,1.58,4370,8.214,0.192,31,0.083,NA,8.213838621645293
3107,red,0.441,3832,8.214,0.054,31,0.083,*g̑ʰelh₃-,8.213838621645293
3108,red,2.606,630,8.214,0.317,31,0.083,NA,8.213838621645293
3109,red,2.752,454,8.214,0.335,31,0.083,NA,8.213838621645293
3110,red,3.17,6206,8.214,0.386,31,0.083,NA,8.213838621645293
3111,red,0.86,1871,8.214,0.105,31,0.083,?*ser-,8.213838621645293
3129,right,8.214,6595,8.214,1,28,0.1,*dek̑s-,8.213838621645293
3130,right,7.927,276,8.214,0.965,28,0.1,*h₃reg̑-,8.213838621645293
3131,right,2.745,1238,8.214,0.334,28,0.1,"*pr̥-, *pró, *prí",8.213838621645293
3132,right,2.611,1323,8.214,0.318,28,0.1,NA,8.213838621645293
3133,right,4.025,8717,8.214,0.49,28,0.1,NA,8.213838621645293
3134,right,2.606,3359,8.214,0.317,28,0.1,*seh₁dʰ-,8.213838621645293
3135,right,2.585,1968,8.214,0.315,28,0.1,NA,8.213838621645293
3136,right,2.664,7115,8.214,0.324,28,0.1,*g̑i̯eu̯H- ,8.213838621645293
3137,right,3.37,7014,8.214,0.41,28,0.1,NA,8.213838621645293
3138,right,0.86,2863,8.214,0.105,28,0.1,NA,8.213838621645293
3157,river,7.991,1735,7.991,1,36,0.105,*h₂ebʰ-,8.213838621645293
3158,river,7.148,6197,7.991,0.895,36,0.105,*h₃rei̯H-,8.213838621645293
3159,river,5.288,2647,7.991,0.662,36,0.105,*sreu̯-,8.213838621645293
3160,river,4.64,7856,7.991,0.581,36,0.105,*h₂ep-,8.213838621645293
3161,river,4.349,2649,7.991,0.544,36,0.105,*h₂ekʷ-,8.213838621645293
3162,river,6.455,808,7.991,0.808,36,0.105,NA,8.213838621645293
3163,river,2.606,631,7.991,0.326,36,0.105,*u̯ed-,8.213838621645293
3164,river,5.074,5249,7.991,0.635,36,0.105,*tekʷ-,8.213838621645293
3165,river,5.306,1525,7.991,0.664,36,0.105,*pet-,8.213838621645293
3166,river,4.866,2651,7.991,0.609,36,0.105,*bʰleu̯H-,8.213838621645293
3167,river,1.779,2652,7.991,0.223,36,0.105,*pleh₃-,8.213838621645293
3168,river,1.858,9470,7.991,0.232,36,0.105,*h₁rei̯p-,8.213838621645293
3169,river,2.611,2039,7.991,0.327,36,0.105,NA,8.213838621645293
3170,river,1.054,9691,7.991,0.132,36,0.105,NA,8.213838621645293
3171,river,1.25,2648,7.991,0.156,36,0.105,NA,8.213838621645293
3172,river,2.752,457,7.991,0.344,36,0.105,NA,8.213838621645293
3174,river,2.407,7985,7.991,0.301,36,0.105,NA,8.213838621645293
3175,river,2.51,5677,7.991,0.314,36,0.105,NA,8.213838621645293
3176,river,1.168,1045,7.991,0.146,36,0.105,NA,8.213838621645293
3193,root,8.196,8233,8.196,1,29,0,?*u̯reh₂d-,8.213838621645293
3194,root,2.745,1165,8.196,0.335,29,0,NA,8.213838621645293
3195,root,4.309,5098,8.196,0.526,29,0,NA,8.213838621645293
3196,root,5.856,1613,8.196,0.714,29,0,NA,8.213838621645293
3197,root,6.489,3264,8.196,0.792,29,0,*u̯ei̯(H)-,8.213838621645293
3198,root,2.033,2393,8.196,0.248,29,0,NA,8.213838621645293
3199,root,2.766,9836,8.196,0.338,29,0,NA,8.213838621645293
3200,root,4.56,1873,8.196,0.556,29,0,*k̑ek-,8.213838621645293
3201,root,2.606,633,8.196,0.318,29,0,NA,8.213838621645293
3203,root,3.851,8786,8.196,0.47,29,0,NA,8.213838621645293
3222,rotten,8.152,2877,8.152,1,33,0,*peu̯H-,8.213838621645293
3223,rotten,2.745,1166,8.152,0.337,33,0,*g̑ʰnei̯H-,8.213838621645293
3224,rotten,5.306,3819,8.152,0.651,33,0,?*Ki̯eh₂p-,8.213838621645293
3225,rotten,2.61,281,8.152,0.32,33,0,NA,8.213838621645293
3226,rotten,4.26,1672,8.152,0.523,33,0,*k̑ad-,8.213838621645293
3227,rotten,2.128,8793,8.152,0.261,33,0,NA,8.213838621645293
3228,rotten,2.776,2881,8.152,0.341,33,0,NA,8.213838621645293
3229,rotten,2.957,1048,8.152,0.363,33,0,*bʰreHg-,8.213838621645293
3230,rotten,2.243,6574,8.152,0.275,33,0,NA,8.213838621645293
3231,rotten,2.606,5967,8.152,0.32,33,0,NA,8.213838621645293
3232,rotten,1.842,2878,8.152,0.226,33,0,*pekʷ-,8.213838621645293
3233,rotten,2.957,2162,8.152,0.363,33,0,NA,8.213838621645293
3234,rotten,2.752,460,8.152,0.338,33,0,NA,8.213838621645293
3235,rotten,1.51,8054,8.152,0.185,33,0,*h₁u̯eh₂-,8.213838621645293
3236,rotten,2.579,4337,8.152,0.316,33,0,NA,8.213838621645293
3237,rotten,1.557,4209,8.152,0.191,33,0,NA,8.213838621645293
3238,rotten,0.779,3174,8.152,0.096,33,0,NA,8.213838621645293
3255,round,5.004,2443,5.868,0.853,43,0,*ret-,8.213838621645293
3256,round,2.723,2444,5.868,0.464,43,0,?*krengʰ-,8.213838621645293
3257,round,5.868,6649,5.868,1,43,0,NA,8.213838621645293
3258,round,4.342,8398,5.868,0.74,43,0,NA,8.213838621645293
3259,round,5.219,5922,5.868,0.889,43,0,NA,8.213838621645293
3260,round,3.094,4130,5.868,0.527,43,0,NA,8.213838621645293
3261,round,1.561,9689,5.868,0.266,43,0,NA,8.213838621645293
3262,round,1.054,9688,5.868,0.18,43,0,NA,8.213838621645293
3263,round,5.803,6651,5.868,0.989,43,0,NA,8.213838621645293
3264,round,2.858,2448,5.868,0.487,43,0,*u̯elH-,8.213838621645293
3266,round,1.211,9606,5.868,0.206,43,0,?*greng̑ʰ-,8.213838621645293
3267,round,0.757,6997,5.868,0.129,43,0,NA,8.213838621645293
3268,round,1.108,5008,5.868,0.189,43,0,NA,8.213838621645293
3269,round,2.778,4906,5.868,0.473,43,0,*kʷelh₁-,8.213838621645293
3270,round,0.77,4831,5.868,0.131,43,0,NA,8.213838621645293
3271,round,0.745,3871,5.868,0.127,43,0,NA,8.213838621645293
3272,round,3.392,2447,5.868,0.578,43,0,*kʷelp-,8.213838621645293
3298,run,5.521,5148,7.207,0.766,44,0.045,*bʰegʷ-,8.213838621645293
3299,run,7.207,5225,7.207,1,44,0.045,*dʰeu̯-,8.213838621645293
3301,run,4.872,5110,7.207,0.676,44,0.045,*⁽k̑⁾ers-,8.213838621645293
3302,run,4.349,6948,7.207,0.603,44,0.045,NA,8.213838621645293
3303,run,5.219,5094,7.207,0.724,44,0.045,*ret-,8.213838621645293
3304,run,5.622,6654,7.207,0.78,44,0.045,*dreu̯-,8.213838621645293
3305,run,4.349,6947,7.207,0.603,44,0.045,*h₃rei̯H-,8.213838621645293
3306,run,5.306,5027,7.207,0.736,44,0.045,*dʰre⁽g̑⁾ʰ-,8.213838621645293
3307,run,0.8,5199,7.207,0.111,44,0.045,*tekʷ-,8.213838621645293
3308,run,1.407,5214,7.207,0.195,44,0.045,*terkʷ-,8.213838621645293
3309,run,1.361,9556,7.207,0.189,44,0.045,NA,8.213838621645293
3310,run,2.09,9203,7.207,0.29,44,0.045,NA,8.213838621645293
3311,run,2.108,9199,7.207,0.292,44,0.045,NA,8.213838621645293
3314,run,0.441,6991,7.207,0.061,44,0.045,NA,8.213838621645293
3315,run,1.172,6950,7.207,0.163,44,0.045,*(s)prengʰ-,8.213838621645293
3316,run,3.854,6658,7.207,0.535,44,0.045,*dreh₂-,8.213838621645293
3317,run,2.553,6576,7.207,0.354,44,0.045,NA,8.213838621645293
3318,run,0.77,6450,7.207,0.107,44,0.045,NA,8.213838621645293
3319,run,0.86,6359,7.207,0.119,44,0.045,?*(s)k⁽ʷ⁾rei̯-,8.213838621645293
3320,run,5.423,6291,7.207,0.753,44,0.045,*h₂u̯eh₁-,8.213838621645293
3321,run,1.108,5969,7.207,0.154,44,0.045,NA,8.213838621645293
3322,run,0.889,5832,7.207,0.123,44,0.045,*drem-,8.213838621645293
3342,salt,8.165,283,8.165,1,12,0.143,*sal-,8.213838621645293
3343,salt,6.379,2009,8.165,0.781,12,0.143,NA,8.213838621645293
3344,salt,6.325,811,8.165,0.775,12,0.143,*leu̯H-,8.213838621645293
3345,salt,3.584,3501,8.165,0.439,12,0.143,*su̯eh₂d-,8.213838621645293
3346,salt,2.752,462,8.165,0.337,12,0.143,NA,8.213838621645293
3347,salt,2.761,3845,8.165,0.338,12,0.143,*leu̯k-,8.213838621645293
3348,salt,0.757,3286,8.165,0.093,12,0.143,NA,8.213838621645293
3354,sand,7.225,108,7.225,1,36,0.053,NA,8.213838621645293
3355,sand,5.417,2398,7.225,0.75,36,0.053,NA,8.213838621645293
3356,sand,2.745,1168,7.225,0.38,36,0.053,?*pē(n)s-,8.213838621645293
3357,sand,4.349,284,7.225,0.602,36,0.053,NA,8.213838621645293
3358,sand,3.141,8263,7.225,0.435,36,0.053,NA,8.213838621645293
3359,sand,5.004,6087,7.225,0.693,36,0.053,NA,8.213838621645293
3360,sand,5.306,8262,7.225,0.734,36,0.053,NA,8.213838621645293
3361,sand,3.289,3500,7.225,0.455,36,0.053,NA,8.213838621645293
3362,sand,3.389,8648,7.225,0.469,36,0.053,NA,8.213838621645293
3363,sand,2.776,1739,7.225,0.384,36,0.053,NA,8.213838621645293
3364,sand,2.916,8442,7.225,0.404,36,0.053,?*(s)melH-,8.213838621645293
3365,sand,2.606,8261,7.225,0.361,36,0.053,NA,8.213838621645293
3366,sand,1.98,1050,7.225,0.274,36,0.053,NA,8.213838621645293
3367,sand,0.773,7286,7.225,0.107,36,0.053,NA,8.213838621645293
3368,sand,0.775,6309,7.225,0.107,36,0.053,NA,8.213838621645293
3369,sand,2.664,5814,7.225,0.369,36,0.053,NA,8.213838621645293
3370,sand,0.757,3233,7.225,0.105,36,0.053,*mei̯k̑-,8.213838621645293
3371,sand,1.136,2164,7.225,0.157,36,0.053,NA,8.213838621645293
3372,sand,0.581,812,7.225,0.08,36,0.053,NA,8.213838621645293
3390,say,6.435,285,6.435,1,44,0,*sekʷ-,8.213838621645293
3391,say,1.754,9653,6.435,0.273,44,0,*kʷek̑-,8.213838621645293
3392,say,5.27,2415,6.435,0.819,44,0,*u̯ekʷ-,8.213838621645293
3393,say,0.441,6922,6.435,0.069,44,0,"*gʰe-, gʰo-",8.213838621645293
3396,say,5.004,927,6.435,0.778,44,0,*dei̯k̑-,8.213838621645293
3397,say,2.745,1169,6.435,0.427,44,0,*rek-,8.213838621645293
3398,say,4.342,2010,6.435,0.675,44,0,NA,8.213838621645293
3399,say,4.225,1051,6.435,0.657,44,0,NA,8.213838621645293
3400,say,5.364,1614,6.435,0.834,44,0,*kʷó-,8.213838621645293
3401,say,5.306,1529,6.435,0.825,44,0,*leg̑-,8.213838621645293
3402,say,2.469,2409,6.435,0.384,44,0,*u̯ei̯d-,8.213838621645293
3403,say,2.752,8260,6.435,0.428,44,0,*k̑eHs-,8.213838621645293
3404,say,3.885,6841,6.435,0.604,44,0,*men-,8.213838621645293
3405,say,6.236,4735,6.435,0.969,44,0,*su̯enh₂-,8.213838621645293
3406,say,1.428,4132,6.435,0.222,44,0,NA,8.213838621645293
3407,say,1.58,2416,6.435,0.245,44,0,*u̯eth₂-,8.213838621645293
3408,say,2.776,2404,6.435,0.431,44,0,*bʰer-,8.213838621645293
3409,say,2.606,636,6.435,0.405,44,0,*h₂eg̑-,8.213838621645293
3411,say,4.244,8441,6.435,0.66,44,0,NA,8.213838621645293
3412,say,0.757,3265,6.435,0.118,44,0,NA,8.213838621645293
3413,say,1.51,2076,6.435,0.235,44,0,*g̑neh₃-,8.213838621645293
3434,sea,7.268,287,7.268,1,22,0,*mor-i-,8.213838621645293
3435,sea,2.871,2774,7.268,0.395,22,0,*keh₂p-,8.213838621645293
3436,sea,4.349,2773,7.268,0.598,22,0,NA,8.213838621645293
3437,sea,5.114,2011,7.268,0.704,22,0,NA,8.213838621645293
3438,sea,5.306,4907,7.268,0.73,22,0,NA,8.213838621645293
3439,sea,4.56,1875,7.268,0.627,22,0,*i̯uHr-,8.213838621645293
3440,sea,2.606,3361,7.268,0.359,22,0,NA,8.213838621645293
3441,sea,5.004,730,7.268,0.688,22,0,*u̯ed-,8.213838621645293
3442,sea,2.752,466,7.268,0.379,22,0,*dʰeu̯b-,8.213838621645293
3456,see,8.168,929,8.168,1,26,0.067,*u̯ei̯d-,8.213838621645293
3457,see,7.199,1969,8.168,0.881,26,0.067,*u̯ei̯h₁-,8.213838621645293
3459,see,4.349,288,8.168,0.532,26,0.067,?*sekʷ-,8.213838621645293
3460,see,6.315,814,8.168,0.773,26,0.067,*derk̑-,8.213838621645293
3461,see,2.961,1053,8.168,0.363,26,0.067,*u̯el-,8.213838621645293
3462,see,5.306,8257,8.168,0.65,26,0.067,NA,8.213838621645293
3463,see,5.219,3504,8.168,0.639,26,0.067,*kʷei̯s-,8.213838621645293
3464,see,6.366,2231,8.168,0.779,26,0.067,*spek̑-,8.213838621645293
3465,see,5.133,1531,8.168,0.628,26,0.067,NA,8.213838621645293
3466,see,2.752,8258,8.168,0.337,26,0.067,NA,8.213838621645293
3467,see,2.606,3362,8.168,0.319,26,0.067,NA,8.213838621645293
3469,see,2.664,2420,8.168,0.326,26,0.067,NA,8.213838621645293
3470,see,0.86,2418,8.168,0.105,26,0.067,NA,8.213838621645293
3471,see,5.022,2012,8.168,0.615,26,0.067,*dʰei̯H-,8.213838621645293
3472,see,0.509,1240,8.168,0.062,26,0.067,NA,8.213838621645293
3482,seed,7.268,289,7.808,0.931,23,0.083,*seh₁-,8.213838621645293
3483,seed,6.593,731,7.808,0.844,23,0.083,NA,8.213838621645293
3484,seed,7.808,1532,7.808,1,23,0.083,*sper-,8.213838621645293
3485,seed,5.517,2013,7.808,0.707,23,0.083,NA,8.213838621645293
3486,seed,2.611,1376,7.808,0.334,23,0.083,NA,8.213838621645293
3487,seed,3.355,8640,7.808,0.43,23,0.083,NA,8.213838621645293
3488,seed,2.963,6444,7.808,0.379,23,0.083,*g̑erh₂-,8.213838621645293
3489,seed,2.606,8332,7.808,0.334,23,0.083,NA,8.213838621645293
3490,seed,0.757,6980,7.808,0.097,23,0.083,NA,8.213838621645293
3491,seed,2.664,5816,7.808,0.341,23,0.083,*(s)kedh₂-,8.213838621645293
3492,seed,4.37,5713,7.808,0.56,23,0.083,NA,8.213838621645293
3493,seed,1.152,1270,7.808,0.148,23,0.083,NA,8.213838621645293
3505,sew,8.114,815,8.114,1,21,0,*si̯eu̯H-,8.213838621645293
3506,sew,5.306,1533,8.114,0.654,21,0,NA,8.213838621645293
3507,sew,2.953,732,8.114,0.364,21,0,NA,8.213838621645293
3508,sew,1.779,290,8.114,0.219,21,0,*(s)neh₁-,8.213838621645293
3509,sew,2.957,1054,8.114,0.364,21,0,NA,8.213838621645293
3510,sew,6.269,114,8.114,0.773,21,0,?*derbʰ-,8.213838621645293
3511,sew,2.776,1742,8.114,0.342,21,0,NA,8.213838621645293
3512,sew,2.606,639,8.114,0.321,21,0,NA,8.213838621645293
3513,sew,2.752,467,8.114,0.339,21,0,NA,8.213838621645293
3514,sew,4.741,6979,8.114,0.584,21,0,NA,8.213838621645293
3526,shadow,8.176,5058,8.176,1,18,0.1,*s⁽k̑⁾eH-,8.213838621645293
3527,shadow,6.817,8269,8.176,0.834,18,0.1,*s⁽k̑⁾eh₃-,8.213838621645293
3528,shadow,5.004,5169,8.176,0.612,18,0.1,NA,8.213838621645293
3529,shadow,2.611,7022,8.176,0.319,18,0.1,NA,8.213838621645293
3530,shadow,2.702,5149,8.176,0.331,18,0.1,NA,8.213838621645293
3531,shadow,2.745,5209,8.176,0.336,18,0.1,NA,8.213838621645293
3532,shadow,2.09,9917,8.176,0.256,18,0.1,NA,8.213838621645293
3533,shadow,2.773,9651,8.176,0.339,18,0.1,*skek-,8.213838621645293
3534,shadow,0.757,6975,8.176,0.093,18,0.1,NA,8.213838621645293
3535,shadow,2.606,5972,8.176,0.319,18,0.1,NA,8.213838621645293
3544,sharp,8.203,468,8.203,1,32,0.083,*h₂ek̑-,8.213838621645293
3545,sharp,7.214,115,8.203,0.88,32,0.083,*(s)tei̯g-,8.213838621645293
3546,sharp,2.962,640,8.203,0.361,32,0.083,*k̑eh₃(i̯)-,8.213838621645293
3547,sharp,4.349,291,8.203,0.53,32,0.083,*(s)kerbʰ-,8.213838621645293
3548,sharp,3.358,6495,8.203,0.409,32,0.083,*gʷʰei̯H-,8.213838621645293
3549,sharp,2.957,5421,8.203,0.361,32,0.083,*(s)lei̯-,8.213838621645293
3550,sharp,3.089,1582,8.203,0.377,32,0.083,*(s)kep-,8.213838621645293
3551,sharp,2.56,1377,8.203,0.312,32,0.083,NA,8.213838621645293
3552,sharp,2.776,1743,8.203,0.338,32,0.083,NA,8.213838621645293
3553,sharp,2.778,5339,8.203,0.339,32,0.083,NA,8.213838621645293
3554,sharp,2.174,1400,8.203,0.265,32,0.083,*trei̯-,8.213838621645293
3555,sharp,1.835,816,8.203,0.224,32,0.083,NA,8.213838621645293
3576,short,7.952,2895,7.952,1,41,0.045,*mreg̑ʰ-,8.213838621645293
3577,short,4.084,9437,7.952,0.514,41,0.045,?*g̑ʰers- ,8.213838621645293
3578,short,2.745,8276,7.952,0.345,41,0.045,*(s)kert-,8.213838621645293
3579,short,4.988,641,7.952,0.627,41,0.045,NA,8.213838621645293
3580,short,2.288,292,7.952,0.288,41,0.045,NA,8.213838621645293
3581,short,2.94,2014,7.952,0.37,41,0.045,NA,8.213838621645293
3582,short,4.223,1676,7.952,0.531,41,0.045,NA,8.213838621645293
3583,short,3.177,1534,7.952,0.399,41,0.045,*k̑ent-,8.213838621645293
3584,short,2.957,1056,7.952,0.372,41,0.045,NA,8.213838621645293
3585,short,2.09,8636,7.952,0.263,41,0.045,NA,8.213838621645293
3586,short,2.523,5719,7.952,0.317,41,0.045,NA,8.213838621645293
3587,short,0.441,9882,7.952,0.055,41,0.045,NA,8.213838621645293
3588,short,2.606,8275,7.952,0.328,41,0.045,NA,8.213838621645293
3589,short,3.881,7440,7.952,0.488,41,0.045,NA,8.213838621645293
3590,short,2.752,5720,7.952,0.346,41,0.045,NA,8.213838621645293
3591,short,4.544,2896,7.952,0.571,41,0.045,NA,8.213838621645293
3592,short,2.558,1378,7.952,0.322,41,0.045,NA,8.213838621645293
3593,short,2.294,8277,7.952,0.288,41,0.045,NA,8.213838621645293
3594,short,0.843,4987,7.952,0.106,41,0.045,NA,8.213838621645293
3595,short,1.983,3325,7.952,0.249,41,0.045,NA,8.213838621645293
3596,short,5.423,3324,7.952,0.682,41,0.045,NA,8.213838621645293
3597,short,0.757,3279,7.952,0.095,41,0.045,NA,8.213838621645293
3617,sing,7.046,565,7.046,1,33,0.077,*⁽k̑⁾an-,8.213838621645293
3618,sing,2.745,1170,7.046,0.39,33,0.077,?*pei̯H-,8.213838621645293
3619,sing,6.443,818,7.046,0.914,33,0.077,*g⁽ʷ⁾eH(i̯)-,8.213838621645293
3620,sing,2.606,642,7.046,0.37,33,0.077,*h₁erkʷ-,8.213838621645293
3621,sing,4.349,293,7.046,0.617,33,0.077,*sengʷʰ-,8.213838621645293
3622,sing,4.312,3480,7.046,0.612,33,0.077,NA,8.213838621645293
3623,sing,3.177,1535,7.046,0.451,33,0.077,NA,8.213838621645293
3624,sing,0.444,6959,7.046,0.063,33,0.077,NA,8.213838621645293
3625,sing,2.752,5721,7.046,0.391,33,0.077,NA,8.213838621645293
3626,sing,5.197,5236,7.046,0.738,33,0.077,*k̑leu̯-,8.213838621645293
3627,sing,2.505,6958,7.046,0.355,33,0.077,NA,8.213838621645293
3628,sing,2.778,2900,7.046,0.394,33,0.077,?*h₂u̯ei̯d-,8.213838621645293
3629,sing,0.757,2898,7.046,0.107,33,0.077,*g̑ar-,8.213838621645293
3650,sit,8.214,294,8.214,1,9,0.4,*sed-,8.213838621645293
3651,sit,8.188,1536,8.214,0.997,9,0.4,*h₁eh₁s-,8.213838621645293
3652,sit,5.86,7441,8.214,0.713,9,0.4,*u̯ei̯k̑-,8.213838621645293
3653,sit,3.636,7443,8.214,0.443,9,0.4,*h₂u̯es-,8.213838621645293
3655,sit,0.77,471,8.214,0.094,9,0.4,NA,8.213838621645293
3659,skin,7.214,5086,7.501,0.962,26,0.071,*(s)ker-,8.213838621645293
3660,skin,7.501,820,7.501,1,26,0.071,*(s)keu̯H-,8.213838621645293
3661,skin,4.988,295,7.501,0.665,26,0.071,*pel-,8.213838621645293
3662,skin,2.745,1171,7.501,0.366,26,0.071,NA,8.213838621645293
3663,skin,6.376,5866,7.501,0.85,26,0.071,NA,8.213838621645293
3664,skin,5.219,1057,7.501,0.696,26,0.071,NA,8.213838621645293
3665,skin,5.306,1537,7.501,0.707,26,0.071,*der-,8.213838621645293
3666,skin,2.385,119,7.501,0.318,26,0.071,NA,8.213838621645293
3667,skin,2.916,5871,7.501,0.389,26,0.071,NA,8.213838621645293
3668,skin,2.56,2424,7.501,0.341,26,0.071,NA,8.213838621645293
3669,skin,2.752,472,7.501,0.367,26,0.071,NA,8.213838621645293
3670,skin,3.537,7044,7.501,0.472,26,0.071,NA,8.213838621645293
3671,skin,2.664,1876,7.501,0.355,26,0.071,NA,8.213838621645293
3672,skin,2.606,644,7.501,0.347,26,0.071,NA,8.213838621645293
3685,sky,8.214,1172,8.214,1,23,0.071,*nebʰ-,8.213838621645293
3686,sky,4.488,5975,8.214,0.546,23,0.071,*dei̯-,8.213838621645293
3687,sky,6.379,7058,8.214,0.777,23,0.071,*h₂ek̑-,8.213838621645293
3688,sky,5.004,930,8.214,0.609,23,0.071,NA,8.213838621645293
3689,sky,4.349,8296,8.214,0.529,23,0.071,NA,8.213838621645293
3690,sky,5.306,1538,8.214,0.646,23,0.071,*h₂u̯ers-,8.213838621645293
3691,sky,1.987,8695,8.214,0.242,23,0.071,NA,8.213838621645293
3692,sky,2.752,5730,8.214,0.335,23,0.071,NA,8.213838621645293
3693,sky,2.606,3363,8.214,0.317,23,0.071,NA,8.213838621645293
3694,sky,0.702,2903,8.214,0.085,23,0.071,NA,8.213838621645293
3695,sky,1.813,9978,8.214,0.221,23,0.071,NA,8.213838621645293
3696,sky,0.613,4848,8.214,0.075,23,0.071,*legʰ-,8.213838621645293
3697,sky,4.521,1917,8.214,0.55,23,0.071,*dʰengʰ-,8.213838621645293
3698,sky,1.136,1096,8.214,0.138,23,0.071,NA,8.213838621645293
3708,sleep,8.214,7523,8.214,1,24,0.167,*su̯ep-,8.213838621645293
3710,sleep,5.004,931,8.214,0.609,24,0.167,*drem-,8.213838621645293
3711,sleep,3.539,5089,8.214,0.431,24,0.167,NA,8.213838621645293
3712,sleep,2.957,1058,8.214,0.36,24,0.167,NA,8.213838621645293
3713,sleep,3.177,1539,8.214,0.387,24,0.167,*k̑ei̯-,8.213838621645293
3714,sleep,5.126,4136,8.214,0.624,24,0.167,NA,8.213838621645293
3715,sleep,2.776,1746,8.214,0.338,24,0.167,*telH-,8.213838621645293
3716,sleep,2.752,474,8.214,0.335,24,0.167,NA,8.213838621645293
3717,sleep,5.755,8795,8.214,0.701,24,0.167,NA,8.213838621645293
3718,sleep,2.664,2286,8.214,0.324,24,0.167,*klemH-,8.213838621645293
3719,sleep,0.86,2281,8.214,0.105,24,0.167,NA,8.213838621645293
3720,sleep,4.521,1918,8.214,0.55,24,0.167,*mei̯gʰ-,8.213838621645293
3732,small,2.628,9488,5.306,0.495,49,0.043,NA,8.213838621645293
3733,small,2.745,1173,5.306,0.517,49,0.043,*meh₁-,8.213838621645293
3734,small,4.349,6707,5.306,0.82,49,0.043,NA,8.213838621645293
3735,small,5.219,1059,5.306,0.984,49,0.043,NA,8.213838621645293
3736,small,5.306,5318,5.306,1,49,0.043,NA,8.213838621645293
3737,small,4.26,823,5.306,0.803,49,0.043,NA,8.213838621645293
3738,small,1.779,298,5.306,0.335,49,0.043,NA,8.213838621645293
3739,small,3.358,1272,5.306,0.633,49,0.043,NA,8.213838621645293
3740,small,2.243,1773,5.306,0.423,49,0.043,NA,8.213838621645293
3741,small,1.573,932,5.306,0.296,49,0.043,NA,8.213838621645293
3742,small,2.916,1877,5.306,0.55,49,0.043,NA,8.213838621645293
3743,small,2.752,475,5.306,0.519,49,0.043,NA,8.213838621645293
3744,small,3.868,7573,5.306,0.729,49,0.043,*mei̯H-,8.213838621645293
3745,small,4.37,6944,5.306,0.824,49,0.043,NA,8.213838621645293
3746,small,2.553,6704,5.306,0.481,49,0.043,NA,8.213838621645293
3747,small,4.631,6141,5.306,0.873,49,0.043,NA,8.213838621645293
3748,small,0.963,5287,5.306,0.181,49,0.043,*peh₂u̯-,8.213838621645293
3749,small,4.833,4784,5.306,0.911,49,0.043,NA,8.213838621645293
3750,small,4.978,4402,5.306,0.938,49,0.043,*k⁽ʷ⁾seu̯d-,8.213838621645293
3751,small,0.261,3835,5.306,0.049,49,0.043,NA,8.213838621645293
3752,small,2.606,3342,5.306,0.491,49,0.043,NA,8.213838621645293
3753,small,2.664,2905,5.306,0.502,49,0.043,*h₃lei̯g̑-,8.213838621645293
3754,small,2.525,1540,5.306,0.476,49,0.043,NA,8.213838621645293
3781,smell,8.165,646,8.165,1,41,0.053,*h₃ed-,8.213838621645293
3782,smell,7.121,6163,8.165,0.872,41,0.053,*gʷʰreh₁-,8.213838621645293
3783,smell,2.647,2912,8.165,0.324,41,0.053,NA,8.213838621645293
3784,smell,6.459,8299,8.165,0.791,41,0.053,NA,8.213838621645293
3785,smell,2.744,2916,8.165,0.336,41,0.053,*(s)keu̯h₁-,8.213838621645293
3786,smell,6.377,1678,8.165,0.781,41,0.053,NA,8.213838621645293
3787,smell,3.147,2910,8.165,0.385,41,0.053,*sent-,8.213838621645293
3788,smell,1.775,299,8.165,0.217,41,0.053,NA,8.213838621645293
3789,smell,3.177,5319,8.165,0.389,41,0.053,NA,8.213838621645293
3790,smell,2.611,1327,8.165,0.32,41,0.053,NA,8.213838621645293
3791,smell,2.329,4849,8.165,0.285,41,0.053,?*i̯eu̯t-,8.213838621645293
3792,smell,2.751,933,8.165,0.337,41,0.053,NA,8.213838621645293
3793,smell,2.957,1060,8.165,0.362,41,0.053,*k̑leu̯-,8.213838621645293
3795,smell,0.775,6418,8.165,0.095,41,0.053,NA,8.213838621645293
3796,smell,1.168,5732,8.165,0.143,41,0.053,NA,8.213838621645293
3797,smell,1.407,4946,8.165,0.172,41,0.053,NA,8.213838621645293
3798,smell,2.316,2919,8.165,0.284,41,0.053,NA,8.213838621645293
3799,smell,2.664,2913,8.165,0.326,41,0.053,*u̯er-,8.213838621645293
3800,smell,1.211,1379,8.165,0.148,41,0.053,NA,8.213838621645293
3822,smoke,8.193,123,8.193,1,18,0.111,*dʰu̯eh₂-,8.213838621645293
3823,smoke,4.349,300,8.193,0.531,18,0.111,NA,8.213838621645293
3824,smoke,5.306,1583,8.193,0.648,18,0.111,?*kʷu̯ap-,8.213838621645293
3825,smoke,2.957,8304,8.193,0.361,18,0.111,NA,8.213838621645293
3826,smoke,0.997,4964,8.193,0.122,18,0.111,NA,8.213838621645293
3827,smoke,2.606,3365,8.193,0.318,18,0.111,NA,8.213838621645293
3828,smoke,5.291,3245,8.193,0.646,18,0.111,NA,8.213838621645293
3830,smoke,2.294,647,8.193,0.28,18,0.111,NA,8.213838621645293
3831,smoke,0.775,477,8.193,0.095,18,0.111,NA,8.213838621645293
3840,smooth,5.561,301,8.191,0.679,47,0.056,*gleh₂dʰ-,8.213838621645293
3841,smooth,8.191,8405,8.191,1,47,0.056,*(s)lei̯-,8.213838621645293
3842,smooth,6.143,6146,8.191,0.75,47,0.056,*(s)legh₂-,8.213838621645293
3843,smooth,5.506,2930,8.191,0.672,47,0.056,*mei̯H-,8.213838621645293
3844,smooth,3.385,532,8.191,0.413,47,0.056,NA,8.213838621645293
3845,smooth,5.073,6935,8.191,0.619,47,0.056,NA,8.213838621645293
3846,smooth,4.349,8680,8.191,0.531,47,0.056,*(s)lei̯g̑-,8.213838621645293
3847,smooth,2.036,1679,8.191,0.249,47,0.056,NA,8.213838621645293
3848,smooth,3.089,1584,8.191,0.377,47,0.056,*sem-,8.213838621645293
3849,smooth,6.361,8231,8.191,0.777,47,0.056,*k̑eh₃(i̯)-,8.213838621645293
3850,smooth,1.356,5736,8.191,0.166,47,0.056,NA,8.213838621645293
3851,smooth,5.764,9532,8.191,0.704,47,0.056,NA,8.213838621645293
3852,smooth,0.77,7298,8.191,0.094,47,0.056,NA,8.213838621645293
3853,smooth,0.77,6307,8.191,0.094,47,0.056,NA,8.213838621645293
3854,smooth,3.854,6147,8.191,0.47,47,0.056,NA,8.213838621645293
3855,smooth,2.606,5983,8.191,0.318,47,0.056,NA,8.213838621645293
3856,smooth,2.294,2927,8.191,0.28,47,0.056,NA,8.213838621645293
3857,smooth,3.163,2924,8.191,0.386,47,0.056,NA,8.213838621645293
3887,snake,8.214,648,8.214,1,34,0.059,*He(n)gʷʰi-,8.213838621645293
3888,snake,8.214,825,8.214,1,34,0.059,*serp-,8.213838621645293
3889,snake,6.808,1062,8.214,0.829,34,0.059,*(s)neh₁-,8.213838621645293
3891,snake,5.612,125,8.214,0.683,34,0.059,NA,8.213838621645293
3892,snake,2.72,1175,8.214,0.331,34,0.059,"*dʰég̑ʰ-om-, *dʰg̑ʰ-ém-, *dʰg̑ʰ-m-",8.213838621645293
3893,snake,1.537,302,8.214,0.187,34,0.059,*slenkʷ-,8.213838621645293
3894,snake,4.349,1380,8.214,0.529,34,0.059,*u̯r̥mi-,8.213838621645293
3895,snake,2.727,1290,8.214,0.332,34,0.059,*gʷeh₁dʰ-,8.213838621645293
3896,snake,0.8,4914,8.214,0.097,34,0.059,NA,8.213838621645293
3897,snake,0.441,3836,8.214,0.054,34,0.059,NA,8.213838621645293
3898,snake,2.761,9890,8.214,0.336,34,0.059,NA,8.213838621645293
3899,snake,1.594,8018,8.214,0.194,34,0.059,NA,8.213838621645293
3900,snake,0.225,7762,8.214,0.027,34,0.059,*(s)meu̯k-,8.213838621645293
3901,snake,3.851,7444,8.214,0.469,34,0.059,*g̑enh₁-,8.213838621645293
3903,snake,4.37,6553,8.214,0.532,34,0.059,NA,8.213838621645293
3904,snake,0.86,2933,8.214,0.105,34,0.059,NA,8.213838621645293
3905,snake,2.664,2931,8.214,0.324,34,0.059,NA,8.213838621645293
3921,snow,8.165,303,8.165,1,11,0.167,*snei̯gʷʰ-,8.213838621645293
3922,snow,8.152,649,8.165,0.998,11,0.167,"?*g̑ʰéi̯-om, *g̑ʰ(i)i̯-ém-, *g̑ʰi-m-",8.213838621645293
3923,snow,5.807,126,8.165,0.711,11,0.167,NA,8.213838621645293
3924,snow,2.957,1063,8.165,0.362,11,0.167,*h₂erg̑- ,8.213838621645293
3925,snow,2.752,480,8.165,0.337,11,0.167,*bʰerH-,8.213838621645293
3926,snow,0.757,3268,8.165,0.093,11,0.167,NA,8.213838621645293
3932,stand,8.214,309,8.214,1,24,0.2,*steh₂-,8.213838621645293
3933,stand,4.978,6813,8.214,0.606,24,0.2,*ped-,8.213838621645293
3934,stand,1.822,7447,8.214,0.222,24,0.2,NA,8.213838621645293
3935,stand,2.752,485,8.214,0.335,24,0.2,NA,8.213838621645293
3936,stand,4.37,9256,8.214,0.532,24,0.2,NA,8.213838621645293
3937,stand,4.244,4693,8.214,0.517,24,0.2,NA,8.213838621645293
3938,stand,1.108,3368,8.214,0.135,24,0.2,NA,8.213838621645293
3939,stand,0.757,3244,8.214,0.092,24,0.2,NA,8.213838621645293
3940,stand,2.664,2288,8.214,0.324,24,0.2,*k̑lei̯- ,8.213838621645293
3941,stand,0.731,1403,8.214,0.089,24,0.2,NA,8.213838621645293
3956,star,8.214,131,8.214,1,10,0.2,*h₂ster-,8.213838621645293
3957,star,5.521,1177,8.214,0.672,10,0.2,?*g̑ʰu̯oi̯-,8.213838621645293
3958,star,2.776,8697,8.214,0.338,10,0.2,NA,8.213838621645293
3959,star,2.752,486,8.214,0.335,10,0.2,NA,8.213838621645293
3960,star,0.509,1243,8.214,0.062,10,0.2,?*g̑⁽ʰ⁾er-,8.213838621645293
3966,stick,4.349,310,6.172,0.705,60,0,NA,8.213838621645293
3967,stick,4.988,1404,6.172,0.808,60,0,NA,8.213838621645293
3968,stick,4.326,4686,6.172,0.701,60,0,NA,8.213838621645293
3969,stick,2.723,1213,6.172,0.441,60,0,NA,8.213838621645293
3970,stick,5.306,3545,6.172,0.86,60,0,*u̯erb-,8.213838621645293
3971,stick,2.176,2036,6.172,0.352,60,0,*peh₂g̑- ,8.213838621645293
3972,stick,5.861,1680,6.172,0.95,60,0,NA,8.213838621645293
3973,stick,5.375,6098,6.172,0.871,60,0,NA,8.213838621645293
3974,stick,2.071,1244,6.172,0.336,60,0,*keh₂u̯-,8.213838621645293
3975,stick,2.742,6756,6.172,0.444,60,0,NA,8.213838621645293
3976,stick,1.58,7271,6.172,0.256,60,0,*sph₂en-,8.213838621645293
3977,stick,2.519,4196,6.172,0.408,60,0,NA,8.213838621645293
3978,stick,6.172,2978,6.172,1,60,0,NA,8.213838621645293
3979,stick,2.752,487,6.172,0.446,60,0,?*skeh₂p-,8.213838621645293
3980,stick,3.976,9063,6.172,0.644,60,0,NA,8.213838621645293
3981,stick,0.225,7763,6.172,0.036,60,0,NA,8.213838621645293
3982,stick,1.407,6869,6.172,0.228,60,0,*(s)kep-,8.213838621645293
3983,stick,1.813,6755,6.172,0.294,60,0,NA,8.213838621645293
3984,stick,1.422,6256,6.172,0.23,60,0,NA,8.213838621645293
3985,stick,2.773,5743,6.172,0.449,60,0,NA,8.213838621645293
3986,stick,2.606,3369,6.172,0.422,60,0,*bʰerH-,8.213838621645293
3987,stick,0.757,3255,6.172,0.123,60,0,NA,8.213838621645293
3988,stick,4.513,2983,6.172,0.731,60,0,?*bak-,8.213838621645293
3989,stick,1.211,2980,6.172,0.196,60,0,NA,8.213838621645293
4026,stone,8.054,1179,8.176,0.985,33,0,*h₂ek̑-,8.213838621645293
4027,stone,8.176,488,8.176,1,33,0,*gʷerH-,8.213838621645293
4028,stone,6.976,1656,8.176,0.853,33,0,*u̯ert-,8.213838621645293
4029,stone,4.349,311,8.176,0.532,33,0,*sti̯eH-,8.213838621645293
4030,stone,4.981,938,8.176,0.609,33,0,NA,8.213838621645293
4031,stone,3.664,831,8.176,0.448,33,0,*sterh₃-,8.213838621645293
4032,stone,2.961,1067,8.176,0.362,33,0,NA,8.213838621645293
4033,stone,5.306,4134,8.176,0.649,33,0,NA,8.213838621645293
4034,stone,2.776,1750,8.176,0.34,33,0,NA,8.213838621645293
4035,stone,2.243,6457,8.176,0.274,33,0,NA,8.213838621645293
4036,stone,2.961,2168,8.176,0.362,33,0,NA,8.213838621645293
4037,stone,1.774,1546,8.176,0.217,33,0,NA,8.213838621645293
4038,stone,2.606,651,8.176,0.319,33,0,NA,8.213838621645293
4039,stone,1.459,8607,8.176,0.178,33,0,NA,8.213838621645293
4040,stone,3.742,3327,8.176,0.458,33,0,NA,8.213838621645293
4041,stone,0.757,3241,8.176,0.093,33,0,NA,8.213838621645293
4059,straight,8.076,312,8.076,1,34,0,*h₃reg̑-,8.213838621645293
4060,straight,5.069,1617,8.076,0.628,34,0,*seh₁dʰ-,8.213838621645293
4061,straight,2.325,1180,8.076,0.288,34,0,"*pr̥-, *pró, *prí",8.213838621645293
4062,straight,2.745,1300,8.076,0.34,34,0,*reu̯h₁-,8.213838621645293
4063,straight,2.443,5273,8.076,0.302,34,0,NA,8.213838621645293
4064,straight,2.729,1245,8.076,0.338,34,0,*steh₂-,8.213838621645293
4065,straight,5.372,6919,8.076,0.665,34,0,NA,8.213838621645293
4066,straight,2.606,4927,8.076,0.323,34,0,NA,8.213838621645293
4067,straight,1.557,2984,8.076,0.193,34,0,NA,8.213838621645293
4068,straight,2.858,1880,8.076,0.354,34,0,NA,8.213838621645293
4069,straight,0.991,1292,8.076,0.123,34,0,*per-,8.213838621645293
4070,straight,1.168,1068,8.076,0.145,34,0,NA,8.213838621645293
4071,straight,3.661,832,8.076,0.453,34,0,*ćau̯dʰ-,8.213838621645293
4072,straight,2.752,489,8.076,0.341,34,0,NA,8.213838621645293
4073,straight,1.365,9551,8.076,0.169,34,0,NA,8.213838621645293
4074,straight,1.96,7374,8.076,0.243,34,0,NA,8.213838621645293
4075,straight,2.505,6920,8.076,0.31,34,0,NA,8.213838621645293
4076,straight,3.172,6152,8.076,0.393,34,0,NA,8.213838621645293
4077,straight,1.136,2985,8.076,0.141,34,0,NA,8.213838621645293
4078,straight,2.778,1547,8.076,0.344,34,0,NA,8.213838621645293
4079,straight,0.415,1445,8.076,0.051,34,0,NA,8.213838621645293
4093,sun,8.211,314,8.211,1,15,0.143,*seh₂-u̯l̥-,8.213838621645293
4094,sun,3.584,7688,8.211,0.437,15,0.143,*tep-,8.213838621645293
4095,sun,2.776,2299,8.211,0.338,15,0.143,*gʷʰer-,8.213838621645293
4096,sun,2.606,653,8.211,0.317,15,0.143,*h₂reu̯-,8.213838621645293
4097,sun,2.752,491,8.211,0.335,15,0.143,NA,8.213838621645293
4098,sun,4.158,6590,8.211,0.506,15,0.143,NA,8.213838621645293
4099,sun,2.664,5455,8.211,0.324,15,0.143,*k̑eh₂u̯-,8.213838621645293
4108,sweet,8.049,5109,8.203,0.981,26,0.111,*su̯eh₂d-,8.213838621645293
4109,sweet,8.203,6297,8.203,1,26,0.111,*melit-,8.213838621645293
4110,sweet,5.521,5157,8.203,0.673,26,0.111,*sal-,8.213838621645293
4111,sweet,5.656,6562,8.203,0.689,26,0.111,*medʰu-,8.213838621645293
4113,sweet,5.004,7772,8.203,0.61,26,0.111,NA,8.213838621645293
4114,sweet,4.32,5226,8.203,0.527,26,0.111,NA,8.213838621645293
4115,sweet,5.86,6561,8.203,0.714,26,0.111,NA,8.213838621645293
4116,sweet,5.306,5055,8.203,0.647,26,0.111,NA,8.213838621645293
4117,sweet,6.379,5068,8.203,0.778,26,0.111,NA,8.213838621645293
4118,sweet,2.024,7983,8.203,0.247,26,0.111,NA,8.213838621645293
4119,sweet,4.244,7458,8.203,0.517,26,0.111,NA,8.213838621645293
4120,sweet,0.772,7282,8.203,0.094,26,0.111,NA,8.213838621645293
4121,sweet,0.772,7281,8.203,0.094,26,0.111,NA,8.213838621645293
4122,sweet,0.757,6914,8.203,0.092,26,0.111,NA,8.213838621645293
4123,sweet,1.525,6528,8.203,0.186,26,0.111,NA,8.213838621645293
4124,sweet,1.108,5988,8.203,0.135,26,0.111,NA,8.213838621645293
4125,sweet,4.053,5248,8.203,0.494,26,0.111,NA,8.213838621645293
4126,sweet,0.225,5212,8.203,0.027,26,0.111,NA,8.213838621645293
4134,swell,6.732,9905,7.218,0.933,44,0,*dʰmeH-,8.213838621645293
4135,swell,7.218,2993,7.218,1,44,0,*k̑eu̯h₁-,8.213838621645293
4136,swell,5.531,2994,7.218,0.766,44,0,*h₂ei̯d-,8.213838621645293
4137,swell,4.988,3000,7.218,0.691,44,0,*bʰleh₁-,8.213838621645293
4138,swell,4.349,315,7.218,0.603,44,0,NA,8.213838621645293
4139,swell,2.744,7585,7.218,0.38,44,0,*peu̯s-,8.213838621645293
4140,swell,2.744,1881,7.218,0.38,44,0,*tekʷ-,8.213838621645293
4141,swell,5.306,1549,7.218,0.735,44,0,*preh₁-,8.213838621645293
4142,swell,2.957,1069,7.218,0.41,44,0,*su̯ei̯d-,8.213838621645293
4143,swell,3.664,8440,7.218,0.508,44,0,NA,8.213838621645293
4144,swell,3.376,3436,7.218,0.468,44,0,*h₂u̯eh₁-,8.213838621645293
4145,swell,2.776,1752,7.218,0.385,44,0,NA,8.213838621645293
4146,swell,0.444,8094,7.218,0.061,44,0,*preu̯s-,8.213838621645293
4147,swell,5.873,7991,7.218,0.814,44,0,NA,8.213838621645293
4148,swell,0.593,4187,7.218,0.082,44,0,*keh₂p-,8.213838621645293
4149,swell,1.157,3435,7.218,0.16,44,0,NA,8.213838621645293
4150,swell,1.459,8605,7.218,0.202,44,0,NA,8.213838621645293
4151,swell,0.77,8292,7.218,0.107,44,0,NA,8.213838621645293
4152,swell,1.108,654,7.218,0.153,44,0,NA,8.213838621645293
4178,swim,8.176,535,8.176,1,27,0.083,*(s)neh₂-,8.213838621645293
4179,swim,8.175,1181,8.176,1,27,0.083,*pleu̯-,8.213838621645293
4180,swim,4.349,316,8.176,0.532,27,0.083,NA,8.213838621645293
4181,swim,5.304,1550,8.176,0.649,27,0.083,NA,8.213838621645293
4182,swim,0.86,7465,8.176,0.105,27,0.083,*terh₂-,8.213838621645293
4183,swim,2.89,9976,8.176,0.353,27,0.083,*terh₂-,8.213838621645293
4184,swim,2.606,655,8.176,0.319,27,0.083,NA,8.213838621645293
4185,swim,1.835,9975,8.176,0.224,27,0.083,*terh₂-,8.213838621645293
4186,swim,5.372,9686,8.176,0.657,27,0.083,*h₂ep-,8.213838621645293
4187,swim,4.972,7464,8.176,0.608,27,0.083,*u̯eg̑ʰ-,8.213838621645293
4188,swim,0.441,7197,8.176,0.054,27,0.083,NA,8.213838621645293
4189,swim,0.775,5754,8.176,0.095,27,0.083,NA,8.213838621645293
4205,tail,7.218,7466,7.218,1,40,0,NA,8.213838621645293
4206,tail,5.415,1551,7.218,0.75,40,0,*h₁ers-,8.213838621645293
4207,tail,5.004,940,7.218,0.693,40,0,*keh₂u̯-,8.213838621645293
4208,tail,5.411,1620,7.218,0.75,40,0,NA,8.213838621645293
4209,tail,4.225,1070,7.218,0.585,40,0,*leu̯H-,8.213838621645293
4210,tail,6.376,8505,7.218,0.883,40,0,NA,8.213838621645293
4211,tail,2.597,1330,7.218,0.36,40,0,NA,8.213838621645293
4212,tail,1.511,1246,7.218,0.209,40,0,NA,8.213838621645293
4213,tail,1.239,317,7.218,0.172,40,0,NA,8.213838621645293
4214,tail,1.896,2329,7.218,0.263,40,0,NA,8.213838621645293
4215,tail,0.959,1935,7.218,0.133,40,0,*gʷʰen-,8.213838621645293
4216,tail,3.423,1359,7.218,0.474,40,0,NA,8.213838621645293
4217,tail,1.965,1182,7.218,0.272,40,0,NA,8.213838621645293
4218,tail,0.849,1446,7.218,0.118,40,0,NA,8.213838621645293
4219,tail,2.752,494,7.218,0.381,40,0,NA,8.213838621645293
4220,tail,1.835,9935,7.218,0.254,40,0,NA,8.213838621645293
4221,tail,0.302,8323,7.218,0.042,40,0,NA,8.213838621645293
4222,tail,1.211,8322,7.218,0.168,40,0,NA,8.213838621645293
4223,tail,1.527,8220,7.218,0.212,40,0,NA,8.213838621645293
4224,tail,2.128,6563,7.218,0.295,40,0,*peu̯s-,8.213838621645293
4225,tail,0.757,3206,7.218,0.105,40,0,NA,8.213838621645293
4226,tail,0.868,2343,7.218,0.12,40,0,NA,8.213838621645293
4227,tail,4.978,2342,7.218,0.69,40,0,NA,8.213838621645293
4228,tail,1.136,2169,7.218,0.157,40,0,*sph₂en-,8.213838621645293
4229,tail,1.202,1293,7.218,0.166,40,0,NA,8.213838621645293
4230,tail,1.108,656,7.218,0.153,40,0,NA,8.213838621645293
4245,take,7.208,5227,7.208,1,37,0.1,*gʰrebh₂-,8.213838621645293
4246,take,5.521,5158,7.208,0.766,37,0.1,*h₁em-,8.213838621645293
4247,take,3.618,8515,7.208,0.502,37,0.1,*nem-,8.213838621645293
4248,take,2.837,5345,7.208,0.394,37,0.1,?*⁽g̑⁾ʰeHb-,8.213838621645293
4249,take,2.611,5341,7.208,0.362,37,0.1,*teh₂⁽g̑⁾-,8.213838621645293
4250,take,3.664,6587,7.208,0.508,37,0.1,*lembʰ-,8.213838621645293
4251,take,3.114,6460,7.208,0.432,37,0.1,*gʰed-,8.213838621645293
4252,take,2.957,7246,7.208,0.41,37,0.1,*bʰer-,8.213838621645293
4253,take,4.982,6461,7.208,0.691,37,0.1,*h₁legʰ-,8.213838621645293
4254,take,3.177,5916,7.208,0.441,37,0.1,*h₂u̯er-,8.213838621645293
4255,take,2.606,8293,7.208,0.362,37,0.1,*h₂er-,8.213838621645293
4256,take,2.752,5986,7.208,0.382,37,0.1,NA,8.213838621645293
4258,take,1.459,8599,7.208,0.202,37,0.1,NA,8.213838621645293
4260,take,2.664,7157,7.208,0.37,37,0.1,*h₁nek̑-,8.213838621645293
4261,take,0.757,6890,7.208,0.105,37,0.1,NA,8.213838621645293
4262,take,1.076,6798,7.208,0.149,37,0.1,NA,8.213838621645293
4263,take,1.152,6713,7.208,0.16,37,0.1,*per-,8.213838621645293
4264,take,4.352,6564,7.208,0.604,37,0.1,*h₂nek̑-,8.213838621645293
4265,take,5.423,6299,7.208,0.752,37,0.1,*deh₃-,8.213838621645293
4267,take,2.778,5076,7.208,0.385,37,0.1,*ser-,8.213838621645293
4282,thick,8.176,1585,8.176,1,37,0.062,*bʰeng̑ʰ-,8.213838621645293
4283,thick,8.175,8343,8.176,1,37,0.062,*steh₂-,8.213838621645293
4284,thick,6.823,320,8.176,0.835,37,0.062,*tegu-,8.213838621645293
4285,thick,4.988,944,8.176,0.61,37,0.062,NA,8.213838621645293
4286,thick,2.728,1247,8.176,0.334,37,0.062,*teu̯(h₂)k-,8.213838621645293
4287,thick,3.474,4664,8.176,0.425,37,0.062,NA,8.213838621645293
4288,thick,1.961,1183,8.176,0.24,37,0.062,NA,8.213838621645293
4289,thick,5.612,836,8.176,0.686,37,0.062,NA,8.213838621645293
4290,thick,1.902,3004,8.176,0.233,37,0.062,?*spei̯d-,8.213838621645293
4291,thick,3.094,3001,8.176,0.378,37,0.062,NA,8.213838621645293
4292,thick,2.681,2998,8.176,0.328,37,0.062,*gʰreu̯(m)bʰ-,8.213838621645293
4293,thick,2.766,6883,8.176,0.338,37,0.062,NA,8.213838621645293
4294,thick,2.09,8597,8.176,0.256,37,0.062,NA,8.213838621645293
4295,thick,2.752,496,8.176,0.337,37,0.062,NA,8.213838621645293
4296,thick,2.664,7133,8.176,0.326,37,0.062,NA,8.213838621645293
4297,thick,1.108,5996,8.176,0.135,37,0.062,*past-,8.213838621645293
4319,thigh,8.096,6360,8.096,1,51,0,*k̑lou̯ni-,8.213838621645293
4320,thigh,3.514,6317,8.096,0.434,51,0,NA,8.213838621645293
4321,thigh,5.422,5048,8.096,0.67,51,0,NA,8.213838621645293
4322,thigh,4.988,6464,8.096,0.616,51,0,*kok̑s-,8.213838621645293
4323,thigh,5.612,5237,8.096,0.693,51,0,NA,8.213838621645293
4324,thigh,2.745,5160,8.096,0.339,51,0,*stei̯gʰ-,8.213838621645293
4325,thigh,2.611,6955,8.096,0.322,51,0,NA,8.213838621645293
4326,thigh,3.226,6956,8.096,0.398,51,0,*teu̯(h₂)k-,8.213838621645293
4327,thigh,2.288,9429,8.096,0.283,51,0,*(s)ken⁽g̑⁾-,8.213838621645293
4328,thigh,2.033,6315,8.096,0.251,51,0,*g̑ʰengʰ-,8.213838621645293
4329,thigh,5.306,5107,8.096,0.655,51,0,*mē(m)s-,8.213838621645293
4330,thigh,2.024,6733,8.096,0.25,51,0,NA,8.213838621645293
4331,thigh,2.776,6731,8.096,0.343,51,0,NA,8.213838621645293
4332,thigh,5.748,6318,8.096,0.71,51,0,NA,8.213838621645293
4333,thigh,0.997,5218,8.096,0.123,51,0,NA,8.213838621645293
4334,thigh,1.409,5207,8.096,0.174,51,0,*bʰedʰ-,8.213838621645293
4335,thigh,0.958,5185,8.096,0.118,51,0,NA,8.213838621645293
4336,thigh,0.77,6308,8.096,0.095,51,0,NA,8.213838621645293
4337,thigh,2.606,5955,8.096,0.322,51,0,NA,8.213838621645293
4338,thigh,2.756,5917,8.096,0.34,51,0,NA,8.213838621645293
4370,think,5.594,3036,5.837,0.958,46,0.043,*men-,8.213838621645293
4371,think,1.291,5954,5.837,0.221,46,0.043,*med-,8.213838621645293
4372,think,2.745,1184,5.837,0.47,46,0.043,NA,8.213838621645293
4373,think,3.385,946,5.837,0.58,46,0.043,?*(s)pend-,8.213838621645293
4374,think,3.539,322,5.837,0.606,46,0.043,*ten⁽g̑⁾-,8.213838621645293
4375,think,5.837,1622,5.837,1,46,0.043,NA,8.213838621645293
4376,think,1.932,3037,5.837,0.331,46,0.043,NA,8.213838621645293
4377,think,2.839,3039,5.837,0.486,46,0.043,NA,8.213838621645293
4378,think,1.79,1554,5.837,0.307,46,0.043,*spek̑-,8.213838621645293
4379,think,1.986,1385,5.837,0.34,46,0.043,NA,8.213838621645293
4380,think,1.168,5762,5.837,0.2,46,0.043,NA,8.213838621645293
4381,think,2.773,1754,5.837,0.475,46,0.043,NA,8.213838621645293
4382,think,0.441,7818,5.837,0.076,46,0.043,NA,8.213838621645293
4383,think,0.225,7766,5.837,0.039,46,0.043,*h₁eu̯-,8.213838621645293
4385,think,0.868,7163,5.837,0.149,46,0.043,NA,8.213838621645293
4386,think,3.406,6876,5.837,0.584,46,0.043,*dei̯k̑-,8.213838621645293
4387,think,4.375,5291,5.837,0.75,46,0.043,*h₂eg̑-,8.213838621645293
4388,think,2.778,5061,5.837,0.476,46,0.043,NA,8.213838621645293
4389,think,0.757,3248,5.837,0.13,46,0.043,*gʰeh₂u̯-,8.213838621645293
4390,think,4.977,3035,5.837,0.853,46,0.043,*kʷei̯t-,8.213838621645293
4391,think,1.835,3033,5.837,0.314,46,0.043,NA,8.213838621645293
4392,think,0.77,3030,5.837,0.132,46,0.043,NA,8.213838621645293
4393,think,2.664,3029,5.837,0.456,46,0.043,NA,8.213838621645293
4416,three,8.214,146,8.214,1,2,1,*trei̯-,8.213838621645293
4418,throw,7.011,325,7.011,1,71,0.04,*u̯ergʷ-,8.213838621645293
4419,throw,3.563,1215,7.011,0.508,71,0.04,NA,8.213838621645293
4420,throw,0.792,9604,7.011,0.113,71,0.04,*(s)keu̯d-,8.213838621645293
4421,throw,1.813,9445,7.011,0.259,71,0.04,*lei̯kʷ-,8.213838621645293
4423,throw,2.611,1331,7.011,0.372,71,0.04,NA,8.213838621645293
4424,throw,4.26,838,7.011,0.608,71,0.04,NA,8.213838621645293
4425,throw,5.306,8234,7.011,0.757,71,0.04,NA,8.213838621645293
4426,throw,2.913,3049,7.011,0.416,71,0.04,NA,8.213838621645293
4427,throw,2.957,1073,7.011,0.422,71,0.04,NA,8.213838621645293
4428,throw,2.223,8590,7.011,0.317,71,0.04,NA,8.213838621645293
4429,throw,4.866,1407,7.011,0.694,71,0.04,*Hi̯eh₁-,8.213838621645293
4430,throw,2.546,3050,7.011,0.363,71,0.04,NA,8.213838621645293
4431,throw,1.004,1943,7.011,0.143,71,0.04,NA,8.213838621645293
4432,throw,3.177,6249,7.011,0.453,71,0.04,*tu̯er-,8.213838621645293
4433,throw,0.958,4837,7.011,0.137,71,0.04,NA,8.213838621645293
4434,throw,2.774,3052,7.011,0.396,71,0.04,NA,8.213838621645293
4435,throw,5.506,9264,7.011,0.785,71,0.04,*u̯i̯edʰ-,8.213838621645293
4438,throw,3.405,7978,7.011,0.486,71,0.04,NA,8.213838621645293
4439,throw,0.441,6966,7.011,0.063,71,0.04,NA,8.213838621645293
4440,throw,2.773,6730,7.011,0.396,71,0.04,NA,8.213838621645293
4441,throw,2.664,5876,7.011,0.38,71,0.04,*sel-,8.213838621645293
4442,throw,0.958,4819,7.011,0.137,71,0.04,*reu̯H-,8.213838621645293
4443,throw,1.108,3371,7.011,0.158,71,0.04,*ned-,8.213838621645293
4444,throw,0.613,1295,7.011,0.087,71,0.04,?*gʰedʰ-,8.213838621645293
4445,throw,4.081,147,7.011,0.582,71,0.04,?*k⁽ʷ⁾su̯ei̯bʰ-,8.213838621645293
4489,tie,7.945,326,7.945,1,27,0.071,*bʰendʰ-,8.213838621645293
4490,tie,7.113,3057,7.945,0.895,27,0.071,NA,8.213838621645293
4491,tie,5.038,500,7.945,0.634,27,0.071,*lei̯g̑-,8.213838621645293
4492,tie,5.433,3055,7.945,0.684,27,0.071,*seh₂(i̯)-,8.213838621645293
4493,tie,2.745,1248,7.945,0.346,27,0.071,*h₂emg̑ʰ-,8.213838621645293
4494,tie,5.306,1555,7.945,0.668,27,0.071,*deh₁-,8.213838621645293
4495,tie,2.957,1099,7.945,0.372,27,0.071,NA,8.213838621645293
4496,tie,2.776,1755,7.945,0.349,27,0.071,NA,8.213838621645293
4497,tie,1.004,1185,7.945,0.126,27,0.071,*u̯erg̑ʰ-,8.213838621645293
4498,tie,1.573,3060,7.945,0.198,27,0.071,*h₁ep-,8.213838621645293
4499,tie,2.606,658,7.945,0.328,27,0.071,NA,8.213838621645293
4500,tie,1.546,6838,7.945,0.195,27,0.071,?*neh₃d-,8.213838621645293
4501,tie,0.731,6468,7.945,0.092,27,0.071,NA,8.213838621645293
4502,tie,4.521,3059,7.945,0.569,27,0.071,*u̯reik̑-,8.213838621645293
4516,tongue,8.214,327,8.214,1,8,0.4,*dn̥g̑ʰu̯éh₂-,8.213838621645293
4517,tongue,5.306,1556,8.214,0.646,8,0.4,NA,8.213838621645293
4518,tongue,2.752,501,8.214,0.335,8,0.4,NA,8.213838621645293
4519,tongue,5.423,3329,8.214,0.66,8,0.4,NA,8.213838621645293
4520,tongue,0.86,2347,8.214,0.105,8,0.4,NA,8.213838621645293
4524,tooth,8.214,328,8.214,1,7,0.333,*Hd-ónt-,8.213838621645293
4525,tooth,8.202,502,8.214,0.999,7,0.333,*g̑ombʰ-o-,8.213838621645293
4526,tooth,2.773,1756,8.214,0.338,7,0.333,NA,8.213838621645293
4531,tree,8.214,503,8.214,1,39,0.125,*déru- ~ *dóru- ~ *dru-,8.213838621645293
4532,tree,2.664,2359,8.214,0.324,39,0.125,*steh₂-,8.213838621645293
4533,tree,6.211,2360,8.214,0.756,39,0.125,NA,8.213838621645293
4534,tree,5.004,948,8.214,0.609,39,0.125,NA,8.213838621645293
4535,tree,3.142,329,8.214,0.383,39,0.125,NA,8.213838621645293
4536,tree,2.961,1074,8.214,0.36,39,0.125,*u̯idʰh₁ú-,8.213838621645293
4537,tree,4.299,151,8.214,0.523,39,0.125,*dregʰ-,8.213838621645293
4538,tree,5.219,1757,8.214,0.635,39,0.125,*kʷres-,8.213838621645293
4539,tree,5.361,839,8.214,0.653,39,0.125,NA,8.213838621645293
4540,tree,2.606,6101,8.214,0.317,39,0.125,NA,8.213838621645293
4541,tree,1.72,4766,8.214,0.209,39,0.125,NA,8.213838621645293
4542,tree,4.201,2368,8.214,0.511,39,0.125,NA,8.213838621645293
4543,tree,1.202,1296,8.214,0.146,39,0.125,*ster(H)-,8.213838621645293
4544,tree,3.851,7504,8.214,0.469,39,0.125,NA,8.213838621645293
4546,tree,0.757,3261,8.214,0.092,39,0.125,NA,8.213838621645293
4547,tree,0.86,2358,8.214,0.105,39,0.125,?*keu̯k-,8.213838621645293
4570,turn,7.977,1186,7.977,1,53,0,*u̯ert-,8.213838621645293
4571,turn,4.349,3068,7.977,0.545,53,0,*u̯endʰ-,8.213838621645293
4572,turn,3.358,3063,7.977,0.421,53,0,NA,8.213838621645293
4573,turn,2.957,1100,7.977,0.371,53,0,NA,8.213838621645293
4574,turn,3.17,5321,7.977,0.397,53,0,NA,8.213838621645293
4575,turn,5.027,4114,7.977,0.63,53,0,NA,8.213838621645293
4576,turn,3.388,9344,7.977,0.425,53,0,NA,8.213838621645293
4577,turn,1.424,330,7.977,0.178,53,0,?*treh₁-,8.213838621645293
4578,turn,2.766,6865,7.977,0.347,53,0,NA,8.213838621645293
4579,turn,5.801,3062,7.977,0.727,53,0,NA,8.213838621645293
4580,turn,2.842,1682,7.977,0.356,53,0,NA,8.213838621645293
4581,turn,2.463,1273,7.977,0.309,53,0,NA,8.213838621645293
4582,turn,2.776,4353,7.977,0.348,53,0,*seu̯h₁-,8.213838621645293
4583,turn,0.126,1332,7.977,0.016,53,0,*sneu̯H-,8.213838621645293
4584,turn,2.606,660,7.977,0.327,53,0,*dʰerg̑ʰ-,8.213838621645293
4585,turn,1.525,8035,7.977,0.191,53,0,NA,8.213838621645293
4586,turn,1.549,3429,7.977,0.194,53,0,NA,8.213838621645293
4587,turn,0.757,3243,7.977,0.095,53,0,*tek-,8.213838621645293
4588,turn,0.86,3067,7.977,0.108,53,0,?*greng̑ʰ-,8.213838621645293
4589,turn,0.613,3066,7.977,0.077,53,0,*tekʷ-,8.213838621645293
4590,turn,0.77,504,7.977,0.096,53,0,NA,8.213838621645293
4625,vomit,8.176,840,8.176,1,47,0,*u̯emh₁-,8.213838621645293
4626,vomit,2.606,5982,8.176,0.319,47,0,*(h₁)reu̯g-,8.213838621645293
4627,vomit,4.349,3074,8.176,0.532,47,0,NA,8.213838621645293
4628,vomit,2.745,1187,8.176,0.336,47,0,*bʰleu̯H-,8.213838621645293
4629,vomit,5.219,1075,8.176,0.638,47,0,*sk̑ʰei̯-,8.213838621645293
4630,vomit,2.325,537,8.176,0.284,47,0,*u̯ert-,8.213838621645293
4631,vomit,3.094,1559,8.176,0.378,47,0,*h₁reh₁-,8.213838621645293
4632,vomit,2.104,8566,8.176,0.257,47,0,NA,8.213838621645293
4633,vomit,1.318,1625,8.176,0.161,47,0,NA,8.213838621645293
4634,vomit,1.998,1333,8.176,0.244,47,0,NA,8.213838621645293
4635,vomit,0.872,7227,8.176,0.107,47,0,*gʰebʰ-,8.213838621645293
4636,vomit,3.881,3070,8.176,0.475,47,0,NA,8.213838621645293
4639,vomit,0.441,7214,8.176,0.054,47,0,NA,8.213838621645293
4640,vomit,0.775,6078,8.176,0.095,47,0,*u̯elH-,8.213838621645293
4672,wash,8.203,8364,8.203,1,27,0.133,*leh₃u̯-,8.213838621645293
4673,wash,5.687,3080,8.203,0.693,27,0.133,*nei̯gʷ-,8.213838621645293
4674,wash,4.33,744,8.203,0.528,27,0.133,?*k⁽ʷ⁾seu̯d-,8.213838621645293
4675,wash,7.101,3079,8.203,0.866,27,0.133,*(s)neh₂-,8.213838621645293
4676,wash,6.909,662,8.203,0.842,27,0.133,*pleu̯-,8.213838621645293
4677,wash,2.745,1188,8.203,0.335,27,0.133,*meu̯H-,8.213838621645293
4678,wash,5.861,841,8.203,0.715,27,0.133,*dʰeu̯H-,8.213838621645293
4679,wash,3.445,334,8.203,0.42,27,0.133,NA,8.213838621645293
4680,wash,2.957,1078,8.203,0.361,27,0.133,*u̯elg-,8.213838621645293
4681,wash,4.349,1386,8.203,0.53,27,0.133,NA,8.213838621645293
4682,wash,2.343,6854,8.203,0.286,27,0.133,NA,8.213838621645293
4683,wash,2.858,3083,8.203,0.348,27,0.133,*mesg-,8.213838621645293
4684,wash,1.888,3082,8.203,0.23,27,0.133,*per-,8.213838621645293
4685,wash,1.51,8060,8.203,0.184,27,0.133,NA,8.213838621645293
4686,wash,2.664,3077,8.203,0.325,27,0.133,*u̯lei̯kʷ-,8.213838621645293
4699,water,8.214,335,8.214,1,15,0.125,*u̯ed-,8.213838621645293
4700,water,7.203,157,8.214,0.877,15,0.125,*h₂ep-,8.213838621645293
4701,water,5.004,953,8.214,0.609,15,0.125,*h₂ekʷ-,8.213838621645293
4702,water,4.225,1079,8.214,0.514,15,0.125,*dʰeu̯b-,8.213838621645293
4703,water,4.26,842,8.214,0.519,15,0.125,*peh₃(i̯)-,8.213838621645293
4704,water,3.17,1563,8.214,0.386,15,0.125,*neu̯-,8.213838621645293
4705,water,2.606,663,8.214,0.317,15,0.125,*i̯uHr-,8.213838621645293
4706,water,0.757,6485,8.214,0.092,15,0.125,NA,8.213838621645293
4714,wet,4.427,1335,5.867,0.754,40,0.056,*u̯ed-,8.213838621645293
4715,wet,2.745,1189,5.867,0.468,40,0.056,NA,8.213838621645293
4716,wet,3.6,745,5.867,0.614,40,0.056,NA,8.213838621645293
4717,wet,5.219,1080,5.867,0.89,40,0.056,*u̯elg-,8.213838621645293
4718,wet,3.147,954,5.867,0.536,40,0.056,*meld-,8.213838621645293
4719,wet,1.775,336,5.867,0.303,40,0.056,NA,8.213838621645293
4720,wet,3.664,6683,5.867,0.624,40,0.056,*h₂engʷ-,8.213838621645293
4721,wet,5.867,9438,5.867,1,40,0.056,*Herd-,8.213838621645293
4722,wet,5.306,5276,5.867,0.904,40,0.056,*u̯egʷ-,8.213838621645293
4723,wet,5.372,3840,5.867,0.916,40,0.056,NA,8.213838621645293
4724,wet,1.358,3182,5.867,0.232,40,0.056,NA,8.213838621645293
4725,wet,0.86,4649,5.867,0.147,40,0.056,NA,8.213838621645293
4726,wet,5.693,3395,5.867,0.97,40,0.056,*nebʰ-,8.213838621645293
4727,wet,1.515,2078,5.867,0.258,40,0.056,*g̑ʰeu̯d-,8.213838621645293
4728,wet,2.858,1882,5.867,0.487,40,0.056,NA,8.213838621645293
4729,wet,2.752,507,5.867,0.469,40,0.056,NA,8.213838621645293
4732,wet,1.108,3341,5.867,0.189,40,0.056,*teh₂-,8.213838621645293
4733,wet,0.757,159,5.867,0.129,40,0.056,NA,8.213838621645293
4754,white,8.031,338,8.031,1,25,0.062,*k̑u̯ei̯t-,8.213838621645293
4755,white,5.521,1190,8.031,0.687,25,0.062,*bʰelH-,8.213838621645293
4756,white,7.388,2395,8.031,0.92,25,0.062,*h₂erg̑-,8.213838621645293
4757,white,3.358,7519,8.031,0.418,25,0.062,NA,8.213838621645293
4758,white,4.225,1082,8.031,0.526,25,0.062,NA,8.213838621645293
4759,white,3.17,1565,8.031,0.395,25,0.062,NA,8.213838621645293
4760,white,5.004,955,8.031,0.623,25,0.062,*h₂elbʰ-,8.213838621645293
4761,white,2.09,8201,8.031,0.26,25,0.062,NA,8.213838621645293
4762,white,4.7,2401,8.031,0.585,25,0.062,*leu̯k-,8.213838621645293
4763,white,2.149,4646,8.031,0.268,25,0.062,*g̑u̯elH-,8.213838621645293
4764,white,3.28,4088,8.031,0.408,25,0.062,NA,8.213838621645293
4765,white,5.775,1797,8.031,0.719,25,0.062,NA,8.213838621645293
4766,white,2.776,1763,8.031,0.346,25,0.062,*bʰeh₂-,8.213838621645293
4767,white,2.752,508,8.031,0.343,25,0.062,*bʰerh₁g̑-,8.213838621645293
4768,white,0.757,3239,8.031,0.094,25,0.062,NA,8.213838621645293
4769,white,2.606,666,8.031,0.325,25,0.062,NA,8.213838621645293
4779,wide,8.214,667,8.214,1,29,0.071,*pleth₂-,8.213838621645293
4780,wide,8.141,3090,8.214,0.991,29,0.071,*h₁u̯erH-,8.213838621645293
4781,wide,6.463,6840,8.214,0.787,29,0.071,*sterh₃-,8.213838621645293
4782,wide,2.745,1191,8.214,0.334,29,0.071,NA,8.213838621645293
4783,wide,4.981,956,8.214,0.606,29,0.071,NA,8.213838621645293
4784,wide,6.379,165,8.214,0.777,29,0.071,*peth₂-,8.213838621645293
4785,wide,4.275,3094,8.214,0.521,29,0.071,NA,8.213838621645293
4786,wide,4.349,340,8.214,0.529,29,0.071,NA,8.213838621645293
4787,wide,3.664,844,8.214,0.446,29,0.071,"*kʷetu̯or-, *kʷ(e)tu̯r̥-, *kʷ(e)tur-",8.213838621645293
4788,wide,2.176,1275,8.214,0.265,29,0.071,NA,8.213838621645293
4789,wide,5.004,3095,8.214,0.609,29,0.071,NA,8.213838621645293
4790,wide,2.664,8359,8.214,0.324,29,0.071,NA,8.213838621645293
4791,wide,1.755,3091,8.214,0.214,29,0.071,NA,8.213838621645293
4792,wide,0.77,509,8.214,0.094,29,0.071,*seh₁-,8.213838621645293
4808,wind,8.214,342,8.214,1,24,0.143,*h₂u̯eh₁-,8.213838621645293
4809,wind,2.433,3113,8.214,0.296,24,0.143,*dʰmeH-,8.213838621645293
4810,wind,3.066,3111,8.214,0.373,24,0.143,*h₂eu̯s-,8.213838621645293
4811,wind,2.776,1764,8.214,0.338,24,0.143,NA,8.213838621645293
4812,wind,5.306,1566,8.214,0.646,24,0.143,*h₂enh₁-,8.213838621645293
4813,wind,2.752,511,8.214,0.335,24,0.143,NA,8.213838621645293
4814,wind,0.849,7234,8.214,0.103,24,0.143,NA,8.213838621645293
4832,wing,8.193,1567,8.193,1,32,0.154,*pet-,8.213838621645293
4833,wing,8.193,5101,8.193,1,32,0.154,*(s)per-,8.213838621645293
4834,wing,5.004,958,8.193,0.611,32,0.154,*h₂ek̑s-,8.213838621645293
4835,wing,2.745,1192,8.193,0.335,32,0.154,?*(s)k⁽ʷ⁾rei̯-,8.213838621645293
4836,wing,6.363,3114,8.193,0.777,32,0.154,*bʰeh₂g̑ʰu-,8.213838621645293
4837,wing,5.861,845,8.193,0.715,32,0.154,NA,8.213838621645293
4838,wing,2.611,1336,8.193,0.319,32,0.154,NA,8.213838621645293
4839,wing,1.591,343,8.193,0.194,32,0.154,?*pleu̯k-,8.213838621645293
4840,wing,2.957,4387,8.193,0.361,32,0.154,NA,8.213838621645293
4841,wing,2.527,8196,8.193,0.308,32,0.154,NA,8.213838621645293
4842,wing,1.845,3115,8.193,0.225,32,0.154,NA,8.213838621645293
4844,wing,1.813,4388,8.193,0.221,32,0.154,NA,8.213838621645293
4845,wing,2.752,539,8.193,0.336,32,0.154,NA,8.213838621645293
4864,woman,8.214,671,8.214,1,31,0.071,*gʷen-,8.213838621645293
4865,woman,6.734,2422,8.214,0.82,31,0.071,NA,8.213838621645293
4866,woman,4.988,1277,8.214,0.607,31,0.071,*dʰeh₁(i̯)-,8.213838621645293
4867,woman,5.004,961,8.214,0.609,31,0.071,NA,8.213838621645293
4868,woman,3.445,1365,8.214,0.419,31,0.071,NA,8.213838621645293
4869,woman,1.128,346,8.214,0.137,31,0.071,NA,8.213838621645293
4870,woman,2.957,4079,8.214,0.36,31,0.071,NA,8.213838621645293
4871,woman,0.441,3843,8.214,0.054,31,0.071,*dʰugh₂tér-,8.213838621645293
4872,woman,0.779,2419,8.214,0.095,31,0.071,*dem-,8.213838621645293
4873,woman,2.752,513,8.214,0.335,31,0.071,*g̑erh₂-,8.213838621645293
4874,woman,3.682,9907,8.214,0.448,31,0.071,NA,8.213838621645293
4875,woman,0.771,7299,8.214,0.094,31,0.071,NA,8.213838621645293
4876,woman,0.757,3209,8.214,0.092,31,0.071,NA,8.213838621645293
4877,woman,0.86,2430,8.214,0.105,31,0.071,*k̑ei̯-u̯o-,8.213838621645293
4895,worm,8.176,172,8.176,1,29,0.077,*kʷr̥mi-,8.213838621645293
4896,worm,7.031,348,8.176,0.86,29,0.077,*u̯r̥mi-,8.213838621645293
4897,worm,5.306,1570,8.176,0.649,29,0.077,NA,8.213838621645293
4898,worm,4.26,1633,8.176,0.521,29,0.077,NA,8.213838621645293
4899,worm,2.611,3139,8.176,0.319,29,0.077,NA,8.213838621645293
4900,worm,2.606,673,8.176,0.319,29,0.077,NA,8.213838621645293
4902,worm,1.152,6478,8.176,0.141,29,0.077,NA,8.213838621645293
4903,worm,2.773,4350,8.176,0.339,29,0.077,NA,8.213838621645293
4905,worm,0.86,3145,8.176,0.105,29,0.077,NA,8.213838621645293
4906,worm,1.835,3143,8.176,0.224,29,0.077,NA,8.213838621645293
4907,worm,0.523,3142,8.176,0.064,29,0.077,NA,8.213838621645293
4908,worm,2.664,3141,8.176,0.326,29,0.077,*u̯el-,8.213838621645293
4909,worm,1.21,3140,8.176,0.148,29,0.077,NA,8.213838621645293
4924,year,8.19,515,8.19,1,18,0.133,*u̯et-,8.213838621645293
4925,year,4.349,350,8.19,0.531,18,0.133,*i̯eh₁-r/n-,8.213838621645293
4926,year,2.505,6127,8.19,0.306,18,0.133,NA,8.213838621645293
4927,year,5.004,963,8.19,0.611,18,0.133,*h₂et-no-,8.213838621645293
4928,year,5.29,747,8.19,0.646,18,0.133,NA,8.213838621645293
4929,year,5.219,1088,8.19,0.637,18,0.133,NA,8.213838621645293
4930,year,2.698,1195,8.19,0.329,18,0.133,?*gʰedʰ- ,8.213838621645293
4931,year,2.694,1297,8.19,0.329,18,0.133,*rek-,8.213838621645293
4932,year,2.745,1936,8.19,0.335,18,0.133,*leh₁t-,8.213838621645293
4933,year,3.17,1572,8.19,0.387,18,0.133,NA,8.213838621645293
4934,year,0.86,5863,8.19,0.105,18,0.133,NA,8.213838621645293
4935,year,0.757,3293,8.19,0.092,18,0.133,*h₂ek̑-,8.213838621645293
4936,year,4.521,3148,8.19,0.552,18,0.133,NA,8.213838621645293
4937,year,2.664,3147,8.19,0.325,18,0.133,NA,8.213838621645293
4938,year,1.108,675,8.19,0.135,18,0.133,NA,8.213838621645293
4942,yellow,8.211,7535,8.211,1,32,0.083,*g̑ʰelh₃-,8.213838621645293
4943,yellow,5.854,1635,8.211,0.713,32,0.083,NA,8.213838621645293
4944,yellow,4.225,1089,8.211,0.515,32,0.083,*melit-,8.213838621645293
4945,yellow,4.769,1409,8.211,0.581,32,0.083,NA,8.213838621645293
4946,yellow,3.098,1573,8.211,0.377,32,0.083,NA,8.213838621645293
4947,yellow,1.84,8289,8.211,0.224,32,0.083,NA,8.213838621645293
4948,yellow,2.776,1768,8.211,0.338,32,0.083,NA,8.213838621645293
4949,yellow,3.087,1278,8.211,0.376,32,0.083,NA,8.213838621645293
4950,yellow,1.573,964,8.211,0.192,32,0.083,?*h₂em-,8.213838621645293
4951,yellow,2.606,3378,8.211,0.317,32,0.083,*dʰalh₁-,8.213838621645293
4952,yellow,5.423,3333,8.211,0.66,32,0.083,NA,8.213838621645293
4953,yellow,0.757,3195,8.211,0.092,32,0.083,NA,8.213838621645293
4974,yesterday,8.077,5015,8.077,1,18,0,*g̑ʰes-,8.213838621645293
4975,yesterday,5.521,5163,8.077,0.683,18,0,?*u̯e-k⁽ʷ⁾sp-ero-,8.213838621645293
4976,yesterday,7.245,5238,8.077,0.897,18,0,NA,8.213838621645293
4977,yesterday,4.26,6487,8.077,0.527,18,0,*kʷelh₁-,8.213838621645293
4978,yesterday,3.177,6259,8.077,0.393,18,0,*h₁ep-,8.213838621645293
4979,yesterday,2.606,5337,8.077,0.323,18,0,*h₁regʷ-,8.213838621645293
4980,yesterday,0.302,6523,8.077,0.037,18,0,*negʷ-,8.213838621645293
4981,yesterday,4.388,6489,8.077,0.543,18,0,NA,8.213838621645293
1,NA,NA,NA,NA,NA,NA,0.063,NA,8.213838621645293
9,NA,NA,NA,NA,NA,NA,0.063,NA,8.213838621645293
11,NA,NA,NA,NA,NA,NA,0.063,NA,8.213838621645293
12,NA,NA,NA,NA,NA,NA,0.063,NA,8.213838621645293
13,NA,NA,NA,NA,NA,NA,0.063,NA,8.213838621645293
14,NA,NA,NA,NA,NA,NA,0.063,NA,8.213838621645293
15,NA,NA,NA,NA,NA,NA,0.063,NA,8.213838621645293
16,NA,NA,NA,NA,NA,NA,0.063,NA,8.213838621645293
17,NA,NA,NA,NA,NA,NA,0.063,NA,8.213838621645293
18,NA,NA,NA,NA,NA,NA,0.063,NA,8.213838621645293
19,NA,NA,NA,NA,NA,NA,0.063,NA,8.213838621645293
20,NA,NA,NA,NA,NA,NA,0.063,NA,8.213838621645293
21,NA,NA,NA,NA,NA,NA,0.063,NA,8.213838621645293
22,NA,NA,NA,NA,NA,NA,0.063,NA,8.213838621645293
23,NA,NA,NA,NA,NA,NA,0.063,NA,8.213838621645293
24,NA,NA,NA,NA,NA,NA,0.063,NA,8.213838621645293
38,NA,NA,NA,NA,NA,NA,0.063,NA,8.213838621645293
39,NA,NA,NA,NA,NA,NA,0.063,NA,8.213838621645293
40,NA,NA,NA,NA,NA,NA,0.063,NA,8.213838621645293
41,NA,NA,NA,NA,NA,NA,0.063,NA,8.213838621645293
42,NA,NA,NA,NA,NA,NA,0.063,NA,8.213838621645293
43,NA,NA,NA,NA,NA,NA,0.063,NA,8.213838621645293
44,NA,NA,NA,NA,NA,NA,0.063,NA,8.213838621645293
45,NA,NA,NA,NA,NA,NA,0.063,NA,8.213838621645293
46,NA,NA,NA,NA,NA,NA,0.063,NA,8.213838621645293
47,NA,NA,NA,NA,NA,NA,0.063,NA,8.213838621645293
48,NA,NA,NA,NA,NA,NA,0.063,NA,8.213838621645293
49,NA,NA,NA,NA,NA,NA,0.063,NA,8.213838621645293
50,NA,NA,NA,NA,NA,NA,0.063,NA,8.213838621645293
51,NA,NA,NA,NA,NA,NA,0.063,NA,8.213838621645293
52,NA,NA,NA,NA,NA,NA,0.063,NA,8.213838621645293
53,NA,NA,NA,NA,NA,NA,0.063,NA,8.213838621645293
54,NA,NA,NA,NA,NA,NA,0.063,NA,8.213838621645293
55,NA,NA,NA,NA,NA,NA,0.063,NA,8.213838621645293
79,NA,NA,NA,NA,NA,NA,0.063,NA,8.213838621645293
80,NA,NA,NA,NA,NA,NA,0.063,NA,8.213838621645293
81,NA,NA,NA,NA,NA,NA,0.063,NA,8.213838621645293
82,NA,NA,NA,NA,NA,NA,0.063,NA,8.213838621645293
83,NA,NA,NA,NA,NA,NA,0.063,NA,8.213838621645293
84,NA,NA,NA,NA,NA,NA,0.063,NA,8.213838621645293
85,NA,NA,NA,NA,NA,NA,0.063,NA,8.213838621645293
86,NA,NA,NA,NA,NA,NA,0.063,NA,8.213838621645293
87,NA,NA,NA,NA,NA,NA,0.063,NA,8.213838621645293
88,NA,NA,NA,NA,NA,NA,0.063,NA,8.213838621645293
89,NA,NA,NA,NA,NA,NA,0.063,NA,8.213838621645293
90,NA,NA,NA,NA,NA,NA,0.063,NA,8.213838621645293
91,NA,NA,NA,NA,NA,NA,0.063,NA,8.213838621645293
92,NA,NA,NA,NA,NA,NA,0.063,NA,8.213838621645293
93,NA,NA,NA,NA,NA,NA,0.063,NA,8.213838621645293
94,NA,NA,NA,NA,NA,NA,0.063,NA,8.213838621645293
95,NA,NA,NA,NA,NA,NA,0.063,NA,8.213838621645293
96,NA,NA,NA,NA,NA,NA,0.063,NA,8.213838621645293
109,NA,NA,NA,NA,NA,NA,0.063,NA,8.213838621645293
113,NA,NA,NA,NA,NA,NA,0.063,NA,8.213838621645293
115,NA,NA,NA,NA,NA,NA,0.063,NA,8.213838621645293
116,NA,NA,NA,NA,NA,NA,0.063,NA,8.213838621645293
125,NA,NA,NA,NA,NA,NA,0.063,NA,8.213838621645293
126,NA,NA,NA,NA,NA,NA,0.063,NA,8.213838621645293
127,NA,NA,NA,NA,NA,NA,0.063,NA,8.213838621645293
128,NA,NA,NA,NA,NA,NA,0.063,NA,8.213838621645293
129,NA,NA,NA,NA,NA,NA,0.063,NA,8.213838621645293
130,NA,NA,NA,NA,NA,NA,0.063,NA,8.213838621645293
131,NA,NA,NA,NA,NA,NA,0.063,NA,8.213838621645293
132,NA,NA,NA,NA,NA,NA,0.063,NA,8.213838621645293
133,NA,NA,NA,NA,NA,NA,0.063,NA,8.213838621645293
134,NA,NA,NA,NA,NA,NA,0.063,NA,8.213838621645293
135,NA,NA,NA,NA,NA,NA,0.063,NA,8.213838621645293
136,NA,NA,NA,NA,NA,NA,0.063,NA,8.213838621645293
137,NA,NA,NA,NA,NA,NA,0.063,NA,8.213838621645293
138,NA,NA,NA,NA,NA,NA,0.063,NA,8.213838621645293
139,NA,NA,NA,NA,NA,NA,0.063,NA,8.213838621645293
140,NA,NA,NA,NA,NA,NA,0.063,NA,8.213838621645293
141,NA,NA,NA,NA,NA,NA,0.063,NA,8.213838621645293
142,NA,NA,NA,NA,NA,NA,0.063,NA,8.213838621645293
143,NA,NA,NA,NA,NA,NA,0.063,NA,8.213838621645293
144,NA,NA,NA,NA,NA,NA,0.063,NA,8.213838621645293
145,NA,NA,NA,NA,NA,NA,0.063,NA,8.213838621645293
146,NA,NA,NA,NA,NA,NA,0.063,NA,8.213838621645293
147,NA,NA,NA,NA,NA,NA,0.063,NA,8.213838621645293
148,NA,NA,NA,NA,NA,NA,0.063,NA,8.213838621645293
149,NA,NA,NA,NA,NA,NA,0.063,NA,8.213838621645293
150,NA,NA,NA,NA,NA,NA,0.063,NA,8.213838621645293
151,NA,NA,NA,NA,NA,NA,0.063,NA,8.213838621645293
152,NA,NA,NA,NA,NA,NA,0.063,NA,8.213838621645293
153,NA,NA,NA,NA,NA,NA,0.063,NA,8.213838621645293
154,NA,NA,NA,NA,NA,NA,0.063,NA,8.213838621645293
155,NA,NA,NA,NA,NA,NA,0.063,NA,8.213838621645293
156,NA,NA,NA,NA,NA,NA,0.063,NA,8.213838621645293
157,NA,NA,NA,NA,NA,NA,0.063,NA,8.213838621645293
158,NA,NA,NA,NA,NA,NA,0.063,NA,8.213838621645293
159,NA,NA,NA,NA,NA,NA,0.063,NA,8.213838621645293
160,NA,NA,NA,NA,NA,NA,0.063,NA,8.213838621645293
161,NA,NA,NA,NA,NA,NA,0.063,NA,8.213838621645293
162,NA,NA,NA,NA,NA,NA,0.063,NA,8.213838621645293
163,NA,NA,NA,NA,NA,NA,0.063,NA,8.213838621645293
164,NA,NA,NA,NA,NA,NA,0.063,NA,8.213838621645293
165,NA,NA,NA,NA,NA,NA,0.063,NA,8.213838621645293
166,NA,NA,NA,NA,NA,NA,0.063,NA,8.213838621645293
167,NA,NA,NA,NA,NA,NA,0.063,NA,8.213838621645293
168,NA,NA,NA,NA,NA,NA,0.063,NA,8.213838621645293
169,NA,NA,NA,NA,NA,NA,0.063,NA,8.213838621645293
170,NA,NA,NA,NA,NA,NA,0.063,NA,8.213838621645293
171,NA,NA,NA,NA,NA,NA,0.063,NA,8.213838621645293
189,NA,NA,NA,NA,NA,NA,0.063,NA,8.213838621645293
190,NA,NA,NA,NA,NA,NA,0.063,NA,8.213838621645293
191,NA,NA,NA,NA,NA,NA,0.063,NA,8.213838621645293
192,NA,NA,NA,NA,NA,NA,0.063,NA,8.213838621645293
193,NA,NA,NA,NA,NA,NA,0.063,NA,8.213838621645293
194,NA,NA,NA,NA,NA,NA,0.063,NA,8.213838621645293
195,NA,NA,NA,NA,NA,NA,0.063,NA,8.213838621645293
196,NA,NA,NA,NA,NA,NA,0.063,NA,8.213838621645293
197,NA,NA,NA,NA,NA,NA,0.063,NA,8.213838621645293
198,NA,NA,NA,NA,NA,NA,0.063,NA,8.213838621645293
199,NA,NA,NA,NA,NA,NA,0.063,NA,8.213838621645293
200,NA,NA,NA,NA,NA,NA,0.063,NA,8.213838621645293
201,NA,NA,NA,NA,NA,NA,0.063,NA,8.213838621645293
202,NA,NA,NA,NA,NA,NA,0.063,NA,8.213838621645293
203,NA,NA,NA,NA,NA,NA,0.063,NA,8.213838621645293
204,NA,NA,NA,NA,NA,NA,0.063,NA,8.213838621645293
205,NA,NA,NA,NA,NA,NA,0.063,NA,8.213838621645293
206,NA,NA,NA,NA,NA,NA,0.063,NA,8.213838621645293
207,NA,NA,NA,NA,NA,NA,0.063,NA,8.213838621645293
208,NA,NA,NA,NA,NA,NA,0.063,NA,8.213838621645293
209,NA,NA,NA,NA,NA,NA,0.063,NA,8.213838621645293
210,NA,NA,NA,NA,NA,NA,0.063,NA,8.213838621645293
211,NA,NA,NA,NA,NA,NA,0.063,NA,8.213838621645293
212,NA,NA,NA,NA,NA,NA,0.063,NA,8.213838621645293
213,NA,NA,NA,NA,NA,NA,0.063,NA,8.213838621645293
214,NA,NA,NA,NA,NA,NA,0.063,NA,8.213838621645293
230,NA,NA,NA,NA,NA,NA,0.063,NA,8.213838621645293
236,NA,NA,NA,NA,NA,NA,0.063,NA,8.213838621645293
238,NA,NA,NA,NA,NA,NA,0.063,NA,8.213838621645293
242,NA,NA,NA,NA,NA,NA,0.063,NA,8.213838621645293
243,NA,NA,NA,NA,NA,NA,0.063,NA,8.213838621645293
244,NA,NA,NA,NA,NA,NA,0.063,NA,8.213838621645293
245,NA,NA,NA,NA,NA,NA,0.063,NA,8.213838621645293
246,NA,NA,NA,NA,NA,NA,0.063,NA,8.213838621645293
247,NA,NA,NA,NA,NA,NA,0.063,NA,8.213838621645293
248,NA,NA,NA,NA,NA,NA,0.063,NA,8.213838621645293
249,NA,NA,NA,NA,NA,NA,0.063,NA,8.213838621645293
250,NA,NA,NA,NA,NA,NA,0.063,NA,8.213838621645293
251,NA,NA,NA,NA,NA,NA,0.063,NA,8.213838621645293
252,NA,NA,NA,NA,NA,NA,0.063,NA,8.213838621645293
253,NA,NA,NA,NA,NA,NA,0.063,NA,8.213838621645293
254,NA,NA,NA,NA,NA,NA,0.063,NA,8.213838621645293
255,NA,NA,NA,NA,NA,NA,0.063,NA,8.213838621645293
256,NA,NA,NA,NA,NA,NA,0.063,NA,8.213838621645293
257,NA,NA,NA,NA,NA,NA,0.063,NA,8.213838621645293
258,NA,NA,NA,NA,NA,NA,0.063,NA,8.213838621645293
259,NA,NA,NA,NA,NA,NA,0.063,NA,8.213838621645293
277,NA,NA,NA,NA,NA,NA,0.063,NA,8.213838621645293
280,NA,NA,NA,NA,NA,NA,0.063,NA,8.213838621645293
281,NA,NA,NA,NA,NA,NA,0.063,NA,8.213838621645293
282,NA,NA,NA,NA,NA,NA,0.063,NA,8.213838621645293
283,NA,NA,NA,NA,NA,NA,0.063,NA,8.213838621645293
284,NA,NA,NA,NA,NA,NA,0.063,NA,8.213838621645293
285,NA,NA,NA,NA,NA,NA,0.063,NA,8.213838621645293
286,NA,NA,NA,NA,NA,NA,0.063,NA,8.213838621645293
287,NA,NA,NA,NA,NA,NA,0.063,NA,8.213838621645293
288,NA,NA,NA,NA,NA,NA,0.063,NA,8.213838621645293
289,NA,NA,NA,NA,NA,NA,0.063,NA,8.213838621645293
290,NA,NA,NA,NA,NA,NA,0.063,NA,8.213838621645293
291,NA,NA,NA,NA,NA,NA,0.063,NA,8.213838621645293
292,NA,NA,NA,NA,NA,NA,0.063,NA,8.213838621645293
293,NA,NA,NA,NA,NA,NA,0.063,NA,8.213838621645293
294,NA,NA,NA,NA,NA,NA,0.063,NA,8.213838621645293
295,NA,NA,NA,NA,NA,NA,0.063,NA,8.213838621645293
296,NA,NA,NA,NA,NA,NA,0.063,NA,8.213838621645293
297,NA,NA,NA,NA,NA,NA,0.063,NA,8.213838621645293
298,NA,NA,NA,NA,NA,NA,0.063,NA,8.213838621645293
299,NA,NA,NA,NA,NA,NA,0.063,NA,8.213838621645293
300,NA,NA,NA,NA,NA,NA,0.063,NA,8.213838621645293
301,NA,NA,NA,NA,NA,NA,0.063,NA,8.213838621645293
302,NA,NA,NA,NA,NA,NA,0.063,NA,8.213838621645293
303,NA,NA,NA,NA,NA,NA,0.063,NA,8.213838621645293
304,NA,NA,NA,NA,NA,NA,0.063,NA,8.213838621645293
305,NA,NA,NA,NA,NA,NA,0.063,NA,8.213838621645293
306,NA,NA,NA,NA,NA,NA,0.063,NA,8.213838621645293
323,NA,NA,NA,NA,NA,NA,0.063,NA,8.213838621645293
324,NA,NA,NA,NA,NA,NA,0.063,NA,8.213838621645293
325,NA,NA,NA,NA,NA,NA,0.063,NA,8.213838621645293
326,NA,NA,NA,NA,NA,NA,0.063,NA,8.213838621645293
327,NA,NA,NA,NA,NA,NA,0.063,NA,8.213838621645293
328,NA,NA,NA,NA,NA,NA,0.063,NA,8.213838621645293
329,NA,NA,NA,NA,NA,NA,0.063,NA,8.213838621645293
330,NA,NA,NA,NA,NA,NA,0.063,NA,8.213838621645293
331,NA,NA,NA,NA,NA,NA,0.063,NA,8.213838621645293
332,NA,NA,NA,NA,NA,NA,0.063,NA,8.213838621645293
333,NA,NA,NA,NA,NA,NA,0.063,NA,8.213838621645293
334,NA,NA,NA,NA,NA,NA,0.063,NA,8.213838621645293
335,NA,NA,NA,NA,NA,NA,0.063,NA,8.213838621645293
338,NA,NA,NA,NA,NA,NA,0.063,NA,8.213838621645293
358,NA,NA,NA,NA,NA,NA,0.063,NA,8.213838621645293
359,NA,NA,NA,NA,NA,NA,0.063,NA,8.213838621645293
360,NA,NA,NA,NA,NA,NA,0.063,NA,8.213838621645293
361,NA,NA,NA,NA,NA,NA,0.063,NA,8.213838621645293
362,NA,NA,NA,NA,NA,NA,0.063,NA,8.213838621645293
363,NA,NA,NA,NA,NA,NA,0.063,NA,8.213838621645293
364,NA,NA,NA,NA,NA,NA,0.063,NA,8.213838621645293
365,NA,NA,NA,NA,NA,NA,0.063,NA,8.213838621645293
366,NA,NA,NA,NA,NA,NA,0.063,NA,8.213838621645293
367,NA,NA,NA,NA,NA,NA,0.063,NA,8.213838621645293
368,NA,NA,NA,NA,NA,NA,0.063,NA,8.213838621645293
369,NA,NA,NA,NA,NA,NA,0.063,NA,8.213838621645293
370,NA,NA,NA,NA,NA,NA,0.063,NA,8.213838621645293
371,NA,NA,NA,NA,NA,NA,0.063,NA,8.213838621645293
372,NA,NA,NA,NA,NA,NA,0.063,NA,8.213838621645293
373,NA,NA,NA,NA,NA,NA,0.063,NA,8.213838621645293
374,NA,NA,NA,NA,NA,NA,0.063,NA,8.213838621645293
375,NA,NA,NA,NA,NA,NA,0.063,NA,8.213838621645293
376,NA,NA,NA,NA,NA,NA,0.063,NA,8.213838621645293
377,NA,NA,NA,NA,NA,NA,0.063,NA,8.213838621645293
378,NA,NA,NA,NA,NA,NA,0.063,NA,8.213838621645293
379,NA,NA,NA,NA,NA,NA,0.063,NA,8.213838621645293
390,NA,NA,NA,NA,NA,NA,0.063,NA,8.213838621645293
395,NA,NA,NA,NA,NA,NA,0.063,NA,8.213838621645293
396,NA,NA,NA,NA,NA,NA,0.063,NA,8.213838621645293
397,NA,NA,NA,NA,NA,NA,0.063,NA,8.213838621645293
398,NA,NA,NA,NA,NA,NA,0.063,NA,8.213838621645293
399,NA,NA,NA,NA,NA,NA,0.063,NA,8.213838621645293
400,NA,NA,NA,NA,NA,NA,0.063,NA,8.213838621645293
401,NA,NA,NA,NA,NA,NA,0.063,NA,8.213838621645293
402,NA,NA,NA,NA,NA,NA,0.063,NA,8.213838621645293
403,NA,NA,NA,NA,NA,NA,0.063,NA,8.213838621645293
404,NA,NA,NA,NA,NA,NA,0.063,NA,8.213838621645293
405,NA,NA,NA,NA,NA,NA,0.063,NA,8.213838621645293
406,NA,NA,NA,NA,NA,NA,0.063,NA,8.213838621645293
407,NA,NA,NA,NA,NA,NA,0.063,NA,8.213838621645293
408,NA,NA,NA,NA,NA,NA,0.063,NA,8.213838621645293
427,NA,NA,NA,NA,NA,NA,0.063,NA,8.213838621645293
428,NA,NA,NA,NA,NA,NA,0.063,NA,8.213838621645293
429,NA,NA,NA,NA,NA,NA,0.063,NA,8.213838621645293
430,NA,NA,NA,NA,NA,NA,0.063,NA,8.213838621645293
431,NA,NA,NA,NA,NA,NA,0.063,NA,8.213838621645293
432,NA,NA,NA,NA,NA,NA,0.063,NA,8.213838621645293
433,NA,NA,NA,NA,NA,NA,0.063,NA,8.213838621645293
434,NA,NA,NA,NA,NA,NA,0.063,NA,8.213838621645293
435,NA,NA,NA,NA,NA,NA,0.063,NA,8.213838621645293
436,NA,NA,NA,NA,NA,NA,0.063,NA,8.213838621645293
448,NA,NA,NA,NA,NA,NA,0.063,NA,8.213838621645293
449,NA,NA,NA,NA,NA,NA,0.063,NA,8.213838621645293
450,NA,NA,NA,NA,NA,NA,0.063,NA,8.213838621645293
461,NA,NA,NA,NA,NA,NA,0.063,NA,8.213838621645293
462,NA,NA,NA,NA,NA,NA,0.063,NA,8.213838621645293
463,NA,NA,NA,NA,NA,NA,0.063,NA,8.213838621645293
464,NA,NA,NA,NA,NA,NA,0.063,NA,8.213838621645293
465,NA,NA,NA,NA,NA,NA,0.063,NA,8.213838621645293
466,NA,NA,NA,NA,NA,NA,0.063,NA,8.213838621645293
467,NA,NA,NA,NA,NA,NA,0.063,NA,8.213838621645293
468,NA,NA,NA,NA,NA,NA,0.063,NA,8.213838621645293
469,NA,NA,NA,NA,NA,NA,0.063,NA,8.213838621645293
470,NA,NA,NA,NA,NA,NA,0.063,NA,8.213838621645293
471,NA,NA,NA,NA,NA,NA,0.063,NA,8.213838621645293
487,NA,NA,NA,NA,NA,NA,0.063,NA,8.213838621645293
488,NA,NA,NA,NA,NA,NA,0.063,NA,8.213838621645293
489,NA,NA,NA,NA,NA,NA,0.063,NA,8.213838621645293
490,NA,NA,NA,NA,NA,NA,0.063,NA,8.213838621645293
491,NA,NA,NA,NA,NA,NA,0.063,NA,8.213838621645293
492,NA,NA,NA,NA,NA,NA,0.063,NA,8.213838621645293
493,NA,NA,NA,NA,NA,NA,0.063,NA,8.213838621645293
494,NA,NA,NA,NA,NA,NA,0.063,NA,8.213838621645293
495,NA,NA,NA,NA,NA,NA,0.063,NA,8.213838621645293
496,NA,NA,NA,NA,NA,NA,0.063,NA,8.213838621645293
497,NA,NA,NA,NA,NA,NA,0.063,NA,8.213838621645293
498,NA,NA,NA,NA,NA,NA,0.063,NA,8.213838621645293
499,NA,NA,NA,NA,NA,NA,0.063,NA,8.213838621645293
500,NA,NA,NA,NA,NA,NA,0.063,NA,8.213838621645293
501,NA,NA,NA,NA,NA,NA,0.063,NA,8.213838621645293
502,NA,NA,NA,NA,NA,NA,0.063,NA,8.213838621645293
503,NA,NA,NA,NA,NA,NA,0.063,NA,8.213838621645293
504,NA,NA,NA,NA,NA,NA,0.063,NA,8.213838621645293
520,NA,NA,NA,NA,NA,NA,0.063,NA,8.213838621645293
521,NA,NA,NA,NA,NA,NA,0.063,NA,8.213838621645293
522,NA,NA,NA,NA,NA,NA,0.063,NA,8.213838621645293
523,NA,NA,NA,NA,NA,NA,0.063,NA,8.213838621645293
524,NA,NA,NA,NA,NA,NA,0.063,NA,8.213838621645293
525,NA,NA,NA,NA,NA,NA,0.063,NA,8.213838621645293
526,NA,NA,NA,NA,NA,NA,0.063,NA,8.213838621645293
527,NA,NA,NA,NA,NA,NA,0.063,NA,8.213838621645293
541,NA,NA,NA,NA,NA,NA,0.063,NA,8.213838621645293
542,NA,NA,NA,NA,NA,NA,0.063,NA,8.213838621645293
543,NA,NA,NA,NA,NA,NA,0.063,NA,8.213838621645293
544,NA,NA,NA,NA,NA,NA,0.063,NA,8.213838621645293
545,NA,NA,NA,NA,NA,NA,0.063,NA,8.213838621645293
546,NA,NA,NA,NA,NA,NA,0.063,NA,8.213838621645293
547,NA,NA,NA,NA,NA,NA,0.063,NA,8.213838621645293
548,NA,NA,NA,NA,NA,NA,0.063,NA,8.213838621645293
549,NA,NA,NA,NA,NA,NA,0.063,NA,8.213838621645293
550,NA,NA,NA,NA,NA,NA,0.063,NA,8.213838621645293
551,NA,NA,NA,NA,NA,NA,0.063,NA,8.213838621645293
552,NA,NA,NA,NA,NA,NA,0.063,NA,8.213838621645293
553,NA,NA,NA,NA,NA,NA,0.063,NA,8.213838621645293
554,NA,NA,NA,NA,NA,NA,0.063,NA,8.213838621645293
555,NA,NA,NA,NA,NA,NA,0.063,NA,8.213838621645293
556,NA,NA,NA,NA,NA,NA,0.063,NA,8.213838621645293
557,NA,NA,NA,NA,NA,NA,0.063,NA,8.213838621645293
558,NA,NA,NA,NA,NA,NA,0.063,NA,8.213838621645293
559,NA,NA,NA,NA,NA,NA,0.063,NA,8.213838621645293
560,NA,NA,NA,NA,NA,NA,0.063,NA,8.213838621645293
561,NA,NA,NA,NA,NA,NA,0.063,NA,8.213838621645293
565,NA,NA,NA,NA,NA,NA,0.063,NA,8.213838621645293
579,NA,NA,NA,NA,NA,NA,0.063,NA,8.213838621645293
580,NA,NA,NA,NA,NA,NA,0.063,NA,8.213838621645293
581,NA,NA,NA,NA,NA,NA,0.063,NA,8.213838621645293
582,NA,NA,NA,NA,NA,NA,0.063,NA,8.213838621645293
583,NA,NA,NA,NA,NA,NA,0.063,NA,8.213838621645293
584,NA,NA,NA,NA,NA,NA,0.063,NA,8.213838621645293
585,NA,NA,NA,NA,NA,NA,0.063,NA,8.213838621645293
586,NA,NA,NA,NA,NA,NA,0.063,NA,8.213838621645293
587,NA,NA,NA,NA,NA,NA,0.063,NA,8.213838621645293
588,NA,NA,NA,NA,NA,NA,0.063,NA,8.213838621645293
589,NA,NA,NA,NA,NA,NA,0.063,NA,8.213838621645293
590,NA,NA,NA,NA,NA,NA,0.063,NA,8.213838621645293
591,NA,NA,NA,NA,NA,NA,0.063,NA,8.213838621645293
592,NA,NA,NA,NA,NA,NA,0.063,NA,8.213838621645293
593,NA,NA,NA,NA,NA,NA,0.063,NA,8.213838621645293
594,NA,NA,NA,NA,NA,NA,0.063,NA,8.213838621645293
595,NA,NA,NA,NA,NA,NA,0.063,NA,8.213838621645293
596,NA,NA,NA,NA,NA,NA,0.063,NA,8.213838621645293
597,NA,NA,NA,NA,NA,NA,0.063,NA,8.213838621645293
598,NA,NA,NA,NA,NA,NA,0.063,NA,8.213838621645293
615,NA,NA,NA,NA,NA,NA,0.063,NA,8.213838621645293
616,NA,NA,NA,NA,NA,NA,0.063,NA,8.213838621645293
617,NA,NA,NA,NA,NA,NA,0.063,NA,8.213838621645293
618,NA,NA,NA,NA,NA,NA,0.063,NA,8.213838621645293
619,NA,NA,NA,NA,NA,NA,0.063,NA,8.213838621645293
620,NA,NA,NA,NA,NA,NA,0.063,NA,8.213838621645293
621,NA,NA,NA,NA,NA,NA,0.063,NA,8.213838621645293
622,NA,NA,NA,NA,NA,NA,0.063,NA,8.213838621645293
623,NA,NA,NA,NA,NA,NA,0.063,NA,8.213838621645293
624,NA,NA,NA,NA,NA,NA,0.063,NA,8.213838621645293
625,NA,NA,NA,NA,NA,NA,0.063,NA,8.213838621645293
626,NA,NA,NA,NA,NA,NA,0.063,NA,8.213838621645293
627,NA,NA,NA,NA,NA,NA,0.063,NA,8.213838621645293
628,NA,NA,NA,NA,NA,NA,0.063,NA,8.213838621645293
629,NA,NA,NA,NA,NA,NA,0.063,NA,8.213838621645293
630,NA,NA,NA,NA,NA,NA,0.063,NA,8.213838621645293
631,NA,NA,NA,NA,NA,NA,0.063,NA,8.213838621645293
632,NA,NA,NA,NA,NA,NA,0.063,NA,8.213838621645293
633,NA,NA,NA,NA,NA,NA,0.063,NA,8.213838621645293
649,NA,NA,NA,NA,NA,NA,0.063,NA,8.213838621645293
650,NA,NA,NA,NA,NA,NA,0.063,NA,8.213838621645293
651,NA,NA,NA,NA,NA,NA,0.063,NA,8.213838621645293
652,NA,NA,NA,NA,NA,NA,0.063,NA,8.213838621645293
653,NA,NA,NA,NA,NA,NA,0.063,NA,8.213838621645293
654,NA,NA,NA,NA,NA,NA,0.063,NA,8.213838621645293
655,NA,NA,NA,NA,NA,NA,0.063,NA,8.213838621645293
656,NA,NA,NA,NA,NA,NA,0.063,NA,8.213838621645293
657,NA,NA,NA,NA,NA,NA,0.063,NA,8.213838621645293
658,NA,NA,NA,NA,NA,NA,0.063,NA,8.213838621645293
659,NA,NA,NA,NA,NA,NA,0.063,NA,8.213838621645293
660,NA,NA,NA,NA,NA,NA,0.063,NA,8.213838621645293
661,NA,NA,NA,NA,NA,NA,0.063,NA,8.213838621645293
662,NA,NA,NA,NA,NA,NA,0.063,NA,8.213838621645293
663,NA,NA,NA,NA,NA,NA,0.063,NA,8.213838621645293
664,NA,NA,NA,NA,NA,NA,0.063,NA,8.213838621645293
665,NA,NA,NA,NA,NA,NA,0.063,NA,8.213838621645293
666,NA,NA,NA,NA,NA,NA,0.063,NA,8.213838621645293
667,NA,NA,NA,NA,NA,NA,0.063,NA,8.213838621645293
668,NA,NA,NA,NA,NA,NA,0.063,NA,8.213838621645293
669,NA,NA,NA,NA,NA,NA,0.063,NA,8.213838621645293
670,NA,NA,NA,NA,NA,NA,0.063,NA,8.213838621645293
671,NA,NA,NA,NA,NA,NA,0.063,NA,8.213838621645293
672,NA,NA,NA,NA,NA,NA,0.063,NA,8.213838621645293
673,NA,NA,NA,NA,NA,NA,0.063,NA,8.213838621645293
692,NA,NA,NA,NA,NA,NA,0.063,NA,8.213838621645293
693,NA,NA,NA,NA,NA,NA,0.063,NA,8.213838621645293
694,NA,NA,NA,NA,NA,NA,0.063,NA,8.213838621645293
695,NA,NA,NA,NA,NA,NA,0.063,NA,8.213838621645293
696,NA,NA,NA,NA,NA,NA,0.063,NA,8.213838621645293
697,NA,NA,NA,NA,NA,NA,0.063,NA,8.213838621645293
698,NA,NA,NA,NA,NA,NA,0.063,NA,8.213838621645293
699,NA,NA,NA,NA,NA,NA,0.063,NA,8.213838621645293
707,NA,NA,NA,NA,NA,NA,0.063,NA,8.213838621645293
711,NA,NA,NA,NA,NA,NA,0.063,NA,8.213838621645293
712,NA,NA,NA,NA,NA,NA,0.063,NA,8.213838621645293
713,NA,NA,NA,NA,NA,NA,0.063,NA,8.213838621645293
714,NA,NA,NA,NA,NA,NA,0.063,NA,8.213838621645293
715,NA,NA,NA,NA,NA,NA,0.063,NA,8.213838621645293
716,NA,NA,NA,NA,NA,NA,0.063,NA,8.213838621645293
717,NA,NA,NA,NA,NA,NA,0.063,NA,8.213838621645293
718,NA,NA,NA,NA,NA,NA,0.063,NA,8.213838621645293
735,NA,NA,NA,NA,NA,NA,0.063,NA,8.213838621645293
736,NA,NA,NA,NA,NA,NA,0.063,NA,8.213838621645293
737,NA,NA,NA,NA,NA,NA,0.063,NA,8.213838621645293
738,NA,NA,NA,NA,NA,NA,0.063,NA,8.213838621645293
739,NA,NA,NA,NA,NA,NA,0.063,NA,8.213838621645293
740,NA,NA,NA,NA,NA,NA,0.063,NA,8.213838621645293
741,NA,NA,NA,NA,NA,NA,0.063,NA,8.213838621645293
742,NA,NA,NA,NA,NA,NA,0.063,NA,8.213838621645293
743,NA,NA,NA,NA,NA,NA,0.063,NA,8.213838621645293
744,NA,NA,NA,NA,NA,NA,0.063,NA,8.213838621645293
745,NA,NA,NA,NA,NA,NA,0.063,NA,8.213838621645293
746,NA,NA,NA,NA,NA,NA,0.063,NA,8.213838621645293
747,NA,NA,NA,NA,NA,NA,0.063,NA,8.213838621645293
748,NA,NA,NA,NA,NA,NA,0.063,NA,8.213838621645293
766,NA,NA,NA,NA,NA,NA,0.063,NA,8.213838621645293
769,NA,NA,NA,NA,NA,NA,0.063,NA,8.213838621645293
770,NA,NA,NA,NA,NA,NA,0.063,NA,8.213838621645293
771,NA,NA,NA,NA,NA,NA,0.063,NA,8.213838621645293
772,NA,NA,NA,NA,NA,NA,0.063,NA,8.213838621645293
773,NA,NA,NA,NA,NA,NA,0.063,NA,8.213838621645293
774,NA,NA,NA,NA,NA,NA,0.063,NA,8.213838621645293
775,NA,NA,NA,NA,NA,NA,0.063,NA,8.213838621645293
776,NA,NA,NA,NA,NA,NA,0.063,NA,8.213838621645293
777,NA,NA,NA,NA,NA,NA,0.063,NA,8.213838621645293
778,NA,NA,NA,NA,NA,NA,0.063,NA,8.213838621645293
779,NA,NA,NA,NA,NA,NA,0.063,NA,8.213838621645293
780,NA,NA,NA,NA,NA,NA,0.063,NA,8.213838621645293
781,NA,NA,NA,NA,NA,NA,0.063,NA,8.213838621645293
782,NA,NA,NA,NA,NA,NA,0.063,NA,8.213838621645293
783,NA,NA,NA,NA,NA,NA,0.063,NA,8.213838621645293
784,NA,NA,NA,NA,NA,NA,0.063,NA,8.213838621645293
785,NA,NA,NA,NA,NA,NA,0.063,NA,8.213838621645293
786,NA,NA,NA,NA,NA,NA,0.063,NA,8.213838621645293
787,NA,NA,NA,NA,NA,NA,0.063,NA,8.213838621645293
788,NA,NA,NA,NA,NA,NA,0.063,NA,8.213838621645293
789,NA,NA,NA,NA,NA,NA,0.063,NA,8.213838621645293
790,NA,NA,NA,NA,NA,NA,0.063,NA,8.213838621645293
791,NA,NA,NA,NA,NA,NA,0.063,NA,8.213838621645293
792,NA,NA,NA,NA,NA,NA,0.063,NA,8.213838621645293
804,NA,NA,NA,NA,NA,NA,0.063,NA,8.213838621645293
805,NA,NA,NA,NA,NA,NA,0.063,NA,8.213838621645293
806,NA,NA,NA,NA,NA,NA,0.063,NA,8.213838621645293
807,NA,NA,NA,NA,NA,NA,0.063,NA,8.213838621645293
808,NA,NA,NA,NA,NA,NA,0.063,NA,8.213838621645293
809,NA,NA,NA,NA,NA,NA,0.063,NA,8.213838621645293
817,NA,NA,NA,NA,NA,NA,0.063,NA,8.213838621645293
818,NA,NA,NA,NA,NA,NA,0.063,NA,8.213838621645293
819,NA,NA,NA,NA,NA,NA,0.063,NA,8.213838621645293
820,NA,NA,NA,NA,NA,NA,0.063,NA,8.213838621645293
821,NA,NA,NA,NA,NA,NA,0.063,NA,8.213838621645293
822,NA,NA,NA,NA,NA,NA,0.063,NA,8.213838621645293
823,NA,NA,NA,NA,NA,NA,0.063,NA,8.213838621645293
824,NA,NA,NA,NA,NA,NA,0.063,NA,8.213838621645293
827,NA,NA,NA,NA,NA,NA,0.063,NA,8.213838621645293
847,NA,NA,NA,NA,NA,NA,0.063,NA,8.213838621645293
848,NA,NA,NA,NA,NA,NA,0.063,NA,8.213838621645293
849,NA,NA,NA,NA,NA,NA,0.063,NA,8.213838621645293
850,NA,NA,NA,NA,NA,NA,0.063,NA,8.213838621645293
851,NA,NA,NA,NA,NA,NA,0.063,NA,8.213838621645293
852,NA,NA,NA,NA,NA,NA,0.063,NA,8.213838621645293
853,NA,NA,NA,NA,NA,NA,0.063,NA,8.213838621645293
854,NA,NA,NA,NA,NA,NA,0.063,NA,8.213838621645293
855,NA,NA,NA,NA,NA,NA,0.063,NA,8.213838621645293
856,NA,NA,NA,NA,NA,NA,0.063,NA,8.213838621645293
857,NA,NA,NA,NA,NA,NA,0.063,NA,8.213838621645293
858,NA,NA,NA,NA,NA,NA,0.063,NA,8.213838621645293
859,NA,NA,NA,NA,NA,NA,0.063,NA,8.213838621645293
860,NA,NA,NA,NA,NA,NA,0.063,NA,8.213838621645293
881,NA,NA,NA,NA,NA,NA,0.063,NA,8.213838621645293
884,NA,NA,NA,NA,NA,NA,0.063,NA,8.213838621645293
885,NA,NA,NA,NA,NA,NA,0.063,NA,8.213838621645293
886,NA,NA,NA,NA,NA,NA,0.063,NA,8.213838621645293
887,NA,NA,NA,NA,NA,NA,0.063,NA,8.213838621645293
888,NA,NA,NA,NA,NA,NA,0.063,NA,8.213838621645293
889,NA,NA,NA,NA,NA,NA,0.063,NA,8.213838621645293
890,NA,NA,NA,NA,NA,NA,0.063,NA,8.213838621645293
891,NA,NA,NA,NA,NA,NA,0.063,NA,8.213838621645293
892,NA,NA,NA,NA,NA,NA,0.063,NA,8.213838621645293
893,NA,NA,NA,NA,NA,NA,0.063,NA,8.213838621645293
894,NA,NA,NA,NA,NA,NA,0.063,NA,8.213838621645293
895,NA,NA,NA,NA,NA,NA,0.063,NA,8.213838621645293
896,NA,NA,NA,NA,NA,NA,0.063,NA,8.213838621645293
897,NA,NA,NA,NA,NA,NA,0.063,NA,8.213838621645293
898,NA,NA,NA,NA,NA,NA,0.063,NA,8.213838621645293
899,NA,NA,NA,NA,NA,NA,0.063,NA,8.213838621645293
900,NA,NA,NA,NA,NA,NA,0.063,NA,8.213838621645293
901,NA,NA,NA,NA,NA,NA,0.063,NA,8.213838621645293
902,NA,NA,NA,NA,NA,NA,0.063,NA,8.213838621645293
903,NA,NA,NA,NA,NA,NA,0.063,NA,8.213838621645293
904,NA,NA,NA,NA,NA,NA,0.063,NA,8.213838621645293
905,NA,NA,NA,NA,NA,NA,0.063,NA,8.213838621645293
906,NA,NA,NA,NA,NA,NA,0.063,NA,8.213838621645293
907,NA,NA,NA,NA,NA,NA,0.063,NA,8.213838621645293
908,NA,NA,NA,NA,NA,NA,0.063,NA,8.213838621645293
909,NA,NA,NA,NA,NA,NA,0.063,NA,8.213838621645293
910,NA,NA,NA,NA,NA,NA,0.063,NA,8.213838621645293
911,NA,NA,NA,NA,NA,NA,0.063,NA,8.213838621645293
912,NA,NA,NA,NA,NA,NA,0.063,NA,8.213838621645293
913,NA,NA,NA,NA,NA,NA,0.063,NA,8.213838621645293
914,NA,NA,NA,NA,NA,NA,0.063,NA,8.213838621645293
915,NA,NA,NA,NA,NA,NA,0.063,NA,8.213838621645293
916,NA,NA,NA,NA,NA,NA,0.063,NA,8.213838621645293
917,NA,NA,NA,NA,NA,NA,0.063,NA,8.213838621645293
918,NA,NA,NA,NA,NA,NA,0.063,NA,8.213838621645293
919,NA,NA,NA,NA,NA,NA,0.063,NA,8.213838621645293
920,NA,NA,NA,NA,NA,NA,0.063,NA,8.213838621645293
921,NA,NA,NA,NA,NA,NA,0.063,NA,8.213838621645293
922,NA,NA,NA,NA,NA,NA,0.063,NA,8.213838621645293
923,NA,NA,NA,NA,NA,NA,0.063,NA,8.213838621645293
924,NA,NA,NA,NA,NA,NA,0.063,NA,8.213838621645293
925,NA,NA,NA,NA,NA,NA,0.063,NA,8.213838621645293
926,NA,NA,NA,NA,NA,NA,0.063,NA,8.213838621645293
927,NA,NA,NA,NA,NA,NA,0.063,NA,8.213838621645293
928,NA,NA,NA,NA,NA,NA,0.063,NA,8.213838621645293
929,NA,NA,NA,NA,NA,NA,0.063,NA,8.213838621645293
930,NA,NA,NA,NA,NA,NA,0.063,NA,8.213838621645293
931,NA,NA,NA,NA,NA,NA,0.063,NA,8.213838621645293
932,NA,NA,NA,NA,NA,NA,0.063,NA,8.213838621645293
933,NA,NA,NA,NA,NA,NA,0.063,NA,8.213838621645293
934,NA,NA,NA,NA,NA,NA,0.063,NA,8.213838621645293
935,NA,NA,NA,NA,NA,NA,0.063,NA,8.213838621645293
936,NA,NA,NA,NA,NA,NA,0.063,NA,8.213838621645293
937,NA,NA,NA,NA,NA,NA,0.063,NA,8.213838621645293
938,NA,NA,NA,NA,NA,NA,0.063,NA,8.213838621645293
939,NA,NA,NA,NA,NA,NA,0.063,NA,8.213838621645293
940,NA,NA,NA,NA,NA,NA,0.063,NA,8.213838621645293
958,NA,NA,NA,NA,NA,NA,0.063,NA,8.213838621645293
959,NA,NA,NA,NA,NA,NA,0.063,NA,8.213838621645293
960,NA,NA,NA,NA,NA,NA,0.063,NA,8.213838621645293
961,NA,NA,NA,NA,NA,NA,0.063,NA,8.213838621645293
962,NA,NA,NA,NA,NA,NA,0.063,NA,8.213838621645293
963,NA,NA,NA,NA,NA,NA,0.063,NA,8.213838621645293
964,NA,NA,NA,NA,NA,NA,0.063,NA,8.213838621645293
965,NA,NA,NA,NA,NA,NA,0.063,NA,8.213838621645293
978,NA,NA,NA,NA,NA,NA,0.063,NA,8.213838621645293
979,NA,NA,NA,NA,NA,NA,0.063,NA,8.213838621645293
980,NA,NA,NA,NA,NA,NA,0.063,NA,8.213838621645293
981,NA,NA,NA,NA,NA,NA,0.063,NA,8.213838621645293
982,NA,NA,NA,NA,NA,NA,0.063,NA,8.213838621645293
983,NA,NA,NA,NA,NA,NA,0.063,NA,8.213838621645293
984,NA,NA,NA,NA,NA,NA,0.063,NA,8.213838621645293
985,NA,NA,NA,NA,NA,NA,0.063,NA,8.213838621645293
986,NA,NA,NA,NA,NA,NA,0.063,NA,8.213838621645293
987,NA,NA,NA,NA,NA,NA,0.063,NA,8.213838621645293
988,NA,NA,NA,NA,NA,NA,0.063,NA,8.213838621645293
989,NA,NA,NA,NA,NA,NA,0.063,NA,8.213838621645293
992,NA,NA,NA,NA,NA,NA,0.063,NA,8.213838621645293
999,NA,NA,NA,NA,NA,NA,0.063,NA,8.213838621645293
1000,NA,NA,NA,NA,NA,NA,0.063,NA,8.213838621645293
1001,NA,NA,NA,NA,NA,NA,0.063,NA,8.213838621645293
1002,NA,NA,NA,NA,NA,NA,0.063,NA,8.213838621645293
1003,NA,NA,NA,NA,NA,NA,0.063,NA,8.213838621645293
1016,NA,NA,NA,NA,NA,NA,0.063,NA,8.213838621645293
1017,NA,NA,NA,NA,NA,NA,0.063,NA,8.213838621645293
1018,NA,NA,NA,NA,NA,NA,0.063,NA,8.213838621645293
1019,NA,NA,NA,NA,NA,NA,0.063,NA,8.213838621645293
1020,NA,NA,NA,NA,NA,NA,0.063,NA,8.213838621645293
1021,NA,NA,NA,NA,NA,NA,0.063,NA,8.213838621645293
1022,NA,NA,NA,NA,NA,NA,0.063,NA,8.213838621645293
1023,NA,NA,NA,NA,NA,NA,0.063,NA,8.213838621645293
1046,NA,NA,NA,NA,NA,NA,0.063,NA,8.213838621645293
1047,NA,NA,NA,NA,NA,NA,0.063,NA,8.213838621645293
1048,NA,NA,NA,NA,NA,NA,0.063,NA,8.213838621645293
1049,NA,NA,NA,NA,NA,NA,0.063,NA,8.213838621645293
1050,NA,NA,NA,NA,NA,NA,0.063,NA,8.213838621645293
1051,NA,NA,NA,NA,NA,NA,0.063,NA,8.213838621645293
1052,NA,NA,NA,NA,NA,NA,0.063,NA,8.213838621645293
1053,NA,NA,NA,NA,NA,NA,0.063,NA,8.213838621645293
1054,NA,NA,NA,NA,NA,NA,0.063,NA,8.213838621645293
1055,NA,NA,NA,NA,NA,NA,0.063,NA,8.213838621645293
1056,NA,NA,NA,NA,NA,NA,0.063,NA,8.213838621645293
1057,NA,NA,NA,NA,NA,NA,0.063,NA,8.213838621645293
1058,NA,NA,NA,NA,NA,NA,0.063,NA,8.213838621645293
1059,NA,NA,NA,NA,NA,NA,0.063,NA,8.213838621645293
1060,NA,NA,NA,NA,NA,NA,0.063,NA,8.213838621645293
1061,NA,NA,NA,NA,NA,NA,0.063,NA,8.213838621645293
1062,NA,NA,NA,NA,NA,NA,0.063,NA,8.213838621645293
1063,NA,NA,NA,NA,NA,NA,0.063,NA,8.213838621645293
1064,NA,NA,NA,NA,NA,NA,0.063,NA,8.213838621645293
1065,NA,NA,NA,NA,NA,NA,0.063,NA,8.213838621645293
1066,NA,NA,NA,NA,NA,NA,0.063,NA,8.213838621645293
1067,NA,NA,NA,NA,NA,NA,0.063,NA,8.213838621645293
1068,NA,NA,NA,NA,NA,NA,0.063,NA,8.213838621645293
1076,NA,NA,NA,NA,NA,NA,0.063,NA,8.213838621645293
1088,NA,NA,NA,NA,NA,NA,0.063,NA,8.213838621645293
1092,NA,NA,NA,NA,NA,NA,0.063,NA,8.213838621645293
1093,NA,NA,NA,NA,NA,NA,0.063,NA,8.213838621645293
1094,NA,NA,NA,NA,NA,NA,0.063,NA,8.213838621645293
1095,NA,NA,NA,NA,NA,NA,0.063,NA,8.213838621645293
1096,NA,NA,NA,NA,NA,NA,0.063,NA,8.213838621645293
1097,NA,NA,NA,NA,NA,NA,0.063,NA,8.213838621645293
1098,NA,NA,NA,NA,NA,NA,0.063,NA,8.213838621645293
1099,NA,NA,NA,NA,NA,NA,0.063,NA,8.213838621645293
1100,NA,NA,NA,NA,NA,NA,0.063,NA,8.213838621645293
1101,NA,NA,NA,NA,NA,NA,0.063,NA,8.213838621645293
1102,NA,NA,NA,NA,NA,NA,0.063,NA,8.213838621645293
1103,NA,NA,NA,NA,NA,NA,0.063,NA,8.213838621645293
1104,NA,NA,NA,NA,NA,NA,0.063,NA,8.213838621645293
1105,NA,NA,NA,NA,NA,NA,0.063,NA,8.213838621645293
1106,NA,NA,NA,NA,NA,NA,0.063,NA,8.213838621645293
1119,NA,NA,NA,NA,NA,NA,0.063,NA,8.213838621645293
1120,NA,NA,NA,NA,NA,NA,0.063,NA,8.213838621645293
1121,NA,NA,NA,NA,NA,NA,0.063,NA,8.213838621645293
1122,NA,NA,NA,NA,NA,NA,0.063,NA,8.213838621645293
1127,NA,NA,NA,NA,NA,NA,0.063,NA,8.213838621645293
1129,NA,NA,NA,NA,NA,NA,0.063,NA,8.213838621645293
1131,NA,NA,NA,NA,NA,NA,0.063,NA,8.213838621645293
1132,NA,NA,NA,NA,NA,NA,0.063,NA,8.213838621645293
1133,NA,NA,NA,NA,NA,NA,0.063,NA,8.213838621645293
1134,NA,NA,NA,NA,NA,NA,0.063,NA,8.213838621645293
1135,NA,NA,NA,NA,NA,NA,0.063,NA,8.213838621645293
1136,NA,NA,NA,NA,NA,NA,0.063,NA,8.213838621645293
1137,NA,NA,NA,NA,NA,NA,0.063,NA,8.213838621645293
1138,NA,NA,NA,NA,NA,NA,0.063,NA,8.213838621645293
1139,NA,NA,NA,NA,NA,NA,0.063,NA,8.213838621645293
1140,NA,NA,NA,NA,NA,NA,0.063,NA,8.213838621645293
1141,NA,NA,NA,NA,NA,NA,0.063,NA,8.213838621645293
1142,NA,NA,NA,NA,NA,NA,0.063,NA,8.213838621645293
1149,NA,NA,NA,NA,NA,NA,0.063,NA,8.213838621645293
1150,NA,NA,NA,NA,NA,NA,0.063,NA,8.213838621645293
1151,NA,NA,NA,NA,NA,NA,0.063,NA,8.213838621645293
1152,NA,NA,NA,NA,NA,NA,0.063,NA,8.213838621645293
1153,NA,NA,NA,NA,NA,NA,0.063,NA,8.213838621645293
1154,NA,NA,NA,NA,NA,NA,0.063,NA,8.213838621645293
1155,NA,NA,NA,NA,NA,NA,0.063,NA,8.213838621645293
1156,NA,NA,NA,NA,NA,NA,0.063,NA,8.213838621645293
1157,NA,NA,NA,NA,NA,NA,0.063,NA,8.213838621645293
1169,NA,NA,NA,NA,NA,NA,0.063,NA,8.213838621645293
1175,NA,NA,NA,NA,NA,NA,0.063,NA,8.213838621645293
1176,NA,NA,NA,NA,NA,NA,0.063,NA,8.213838621645293
1177,NA,NA,NA,NA,NA,NA,0.063,NA,8.213838621645293
1178,NA,NA,NA,NA,NA,NA,0.063,NA,8.213838621645293
1179,NA,NA,NA,NA,NA,NA,0.063,NA,8.213838621645293
1180,NA,NA,NA,NA,NA,NA,0.063,NA,8.213838621645293
1181,NA,NA,NA,NA,NA,NA,0.063,NA,8.213838621645293
1182,NA,NA,NA,NA,NA,NA,0.063,NA,8.213838621645293
1183,NA,NA,NA,NA,NA,NA,0.063,NA,8.213838621645293
1184,NA,NA,NA,NA,NA,NA,0.063,NA,8.213838621645293
1185,NA,NA,NA,NA,NA,NA,0.063,NA,8.213838621645293
1186,NA,NA,NA,NA,NA,NA,0.063,NA,8.213838621645293
1187,NA,NA,NA,NA,NA,NA,0.063,NA,8.213838621645293
1188,NA,NA,NA,NA,NA,NA,0.063,NA,8.213838621645293
1189,NA,NA,NA,NA,NA,NA,0.063,NA,8.213838621645293
1190,NA,NA,NA,NA,NA,NA,0.063,NA,8.213838621645293
1191,NA,NA,NA,NA,NA,NA,0.063,NA,8.213838621645293
1192,NA,NA,NA,NA,NA,NA,0.063,NA,8.213838621645293
1193,NA,NA,NA,NA,NA,NA,0.063,NA,8.213838621645293
1194,NA,NA,NA,NA,NA,NA,0.063,NA,8.213838621645293
1195,NA,NA,NA,NA,NA,NA,0.063,NA,8.213838621645293
1196,NA,NA,NA,NA,NA,NA,0.063,NA,8.213838621645293
1197,NA,NA,NA,NA,NA,NA,0.063,NA,8.213838621645293
1198,NA,NA,NA,NA,NA,NA,0.063,NA,8.213838621645293
1199,NA,NA,NA,NA,NA,NA,0.063,NA,8.213838621645293
1215,NA,NA,NA,NA,NA,NA,0.063,NA,8.213838621645293
1216,NA,NA,NA,NA,NA,NA,0.063,NA,8.213838621645293
1217,NA,NA,NA,NA,NA,NA,0.063,NA,8.213838621645293
1218,NA,NA,NA,NA,NA,NA,0.063,NA,8.213838621645293
1219,NA,NA,NA,NA,NA,NA,0.063,NA,8.213838621645293
1220,NA,NA,NA,NA,NA,NA,0.063,NA,8.213838621645293
1221,NA,NA,NA,NA,NA,NA,0.063,NA,8.213838621645293
1222,NA,NA,NA,NA,NA,NA,0.063,NA,8.213838621645293
1242,NA,NA,NA,NA,NA,NA,0.063,NA,8.213838621645293
1243,NA,NA,NA,NA,NA,NA,0.063,NA,8.213838621645293
1244,NA,NA,NA,NA,NA,NA,0.063,NA,8.213838621645293
1245,NA,NA,NA,NA,NA,NA,0.063,NA,8.213838621645293
1246,NA,NA,NA,NA,NA,NA,0.063,NA,8.213838621645293
1247,NA,NA,NA,NA,NA,NA,0.063,NA,8.213838621645293
1248,NA,NA,NA,NA,NA,NA,0.063,NA,8.213838621645293
1249,NA,NA,NA,NA,NA,NA,0.063,NA,8.213838621645293
1250,NA,NA,NA,NA,NA,NA,0.063,NA,8.213838621645293
1251,NA,NA,NA,NA,NA,NA,0.063,NA,8.213838621645293
1252,NA,NA,NA,NA,NA,NA,0.063,NA,8.213838621645293
1253,NA,NA,NA,NA,NA,NA,0.063,NA,8.213838621645293
1254,NA,NA,NA,NA,NA,NA,0.063,NA,8.213838621645293
1255,NA,NA,NA,NA,NA,NA,0.063,NA,8.213838621645293
1256,NA,NA,NA,NA,NA,NA,0.063,NA,8.213838621645293
1257,NA,NA,NA,NA,NA,NA,0.063,NA,8.213838621645293
1258,NA,NA,NA,NA,NA,NA,0.063,NA,8.213838621645293
1259,NA,NA,NA,NA,NA,NA,0.063,NA,8.213838621645293
1260,NA,NA,NA,NA,NA,NA,0.063,NA,8.213838621645293
1268,NA,NA,NA,NA,NA,NA,0.063,NA,8.213838621645293
1272,NA,NA,NA,NA,NA,NA,0.063,NA,8.213838621645293
1273,NA,NA,NA,NA,NA,NA,0.063,NA,8.213838621645293
1274,NA,NA,NA,NA,NA,NA,0.063,NA,8.213838621645293
1275,NA,NA,NA,NA,NA,NA,0.063,NA,8.213838621645293
1276,NA,NA,NA,NA,NA,NA,0.063,NA,8.213838621645293
1277,NA,NA,NA,NA,NA,NA,0.063,NA,8.213838621645293
1278,NA,NA,NA,NA,NA,NA,0.063,NA,8.213838621645293
1279,NA,NA,NA,NA,NA,NA,0.063,NA,8.213838621645293
1280,NA,NA,NA,NA,NA,NA,0.063,NA,8.213838621645293
1281,NA,NA,NA,NA,NA,NA,0.063,NA,8.213838621645293
1282,NA,NA,NA,NA,NA,NA,0.063,NA,8.213838621645293
1285,NA,NA,NA,NA,NA,NA,0.063,NA,8.213838621645293
1298,NA,NA,NA,NA,NA,NA,0.063,NA,8.213838621645293
1309,NA,NA,NA,NA,NA,NA,0.063,NA,8.213838621645293
1310,NA,NA,NA,NA,NA,NA,0.063,NA,8.213838621645293
1311,NA,NA,NA,NA,NA,NA,0.063,NA,8.213838621645293
1312,NA,NA,NA,NA,NA,NA,0.063,NA,8.213838621645293
1313,NA,NA,NA,NA,NA,NA,0.063,NA,8.213838621645293
1314,NA,NA,NA,NA,NA,NA,0.063,NA,8.213838621645293
1315,NA,NA,NA,NA,NA,NA,0.063,NA,8.213838621645293
1316,NA,NA,NA,NA,NA,NA,0.063,NA,8.213838621645293
1317,NA,NA,NA,NA,NA,NA,0.063,NA,8.213838621645293
1318,NA,NA,NA,NA,NA,NA,0.063,NA,8.213838621645293
1319,NA,NA,NA,NA,NA,NA,0.063,NA,8.213838621645293
1320,NA,NA,NA,NA,NA,NA,0.063,NA,8.213838621645293
1321,NA,NA,NA,NA,NA,NA,0.063,NA,8.213838621645293
1322,NA,NA,NA,NA,NA,NA,0.063,NA,8.213838621645293
1323,NA,NA,NA,NA,NA,NA,0.063,NA,8.213838621645293
1324,NA,NA,NA,NA,NA,NA,0.063,NA,8.213838621645293
1325,NA,NA,NA,NA,NA,NA,0.063,NA,8.213838621645293
1326,NA,NA,NA,NA,NA,NA,0.063,NA,8.213838621645293
1327,NA,NA,NA,NA,NA,NA,0.063,NA,8.213838621645293
1328,NA,NA,NA,NA,NA,NA,0.063,NA,8.213838621645293
1329,NA,NA,NA,NA,NA,NA,0.063,NA,8.213838621645293
1330,NA,NA,NA,NA,NA,NA,0.063,NA,8.213838621645293
1331,NA,NA,NA,NA,NA,NA,0.063,NA,8.213838621645293
1332,NA,NA,NA,NA,NA,NA,0.063,NA,8.213838621645293
1333,NA,NA,NA,NA,NA,NA,0.063,NA,8.213838621645293
1334,NA,NA,NA,NA,NA,NA,0.063,NA,8.213838621645293
1335,NA,NA,NA,NA,NA,NA,0.063,NA,8.213838621645293
1336,NA,NA,NA,NA,NA,NA,0.063,NA,8.213838621645293
1337,NA,NA,NA,NA,NA,NA,0.063,NA,8.213838621645293
1338,NA,NA,NA,NA,NA,NA,0.063,NA,8.213838621645293
1339,NA,NA,NA,NA,NA,NA,0.063,NA,8.213838621645293
1340,NA,NA,NA,NA,NA,NA,0.063,NA,8.213838621645293
1341,NA,NA,NA,NA,NA,NA,0.063,NA,8.213838621645293
1342,NA,NA,NA,NA,NA,NA,0.063,NA,8.213838621645293
1343,NA,NA,NA,NA,NA,NA,0.063,NA,8.213838621645293
1344,NA,NA,NA,NA,NA,NA,0.063,NA,8.213838621645293
1356,NA,NA,NA,NA,NA,NA,0.063,NA,8.213838621645293
1357,NA,NA,NA,NA,NA,NA,0.063,NA,8.213838621645293
1358,NA,NA,NA,NA,NA,NA,0.063,NA,8.213838621645293
1359,NA,NA,NA,NA,NA,NA,0.063,NA,8.213838621645293
1360,NA,NA,NA,NA,NA,NA,0.063,NA,8.213838621645293
1361,NA,NA,NA,NA,NA,NA,0.063,NA,8.213838621645293
1362,NA,NA,NA,NA,NA,NA,0.063,NA,8.213838621645293
1363,NA,NA,NA,NA,NA,NA,0.063,NA,8.213838621645293
1364,NA,NA,NA,NA,NA,NA,0.063,NA,8.213838621645293
1365,NA,NA,NA,NA,NA,NA,0.063,NA,8.213838621645293
1366,NA,NA,NA,NA,NA,NA,0.063,NA,8.213838621645293
1367,NA,NA,NA,NA,NA,NA,0.063,NA,8.213838621645293
1378,NA,NA,NA,NA,NA,NA,0.063,NA,8.213838621645293
1379,NA,NA,NA,NA,NA,NA,0.063,NA,8.213838621645293
1380,NA,NA,NA,NA,NA,NA,0.063,NA,8.213838621645293
1381,NA,NA,NA,NA,NA,NA,0.063,NA,8.213838621645293
1382,NA,NA,NA,NA,NA,NA,0.063,NA,8.213838621645293
1398,NA,NA,NA,NA,NA,NA,0.063,NA,8.213838621645293
1399,NA,NA,NA,NA,NA,NA,0.063,NA,8.213838621645293
1400,NA,NA,NA,NA,NA,NA,0.063,NA,8.213838621645293
1401,NA,NA,NA,NA,NA,NA,0.063,NA,8.213838621645293
1402,NA,NA,NA,NA,NA,NA,0.063,NA,8.213838621645293
1403,NA,NA,NA,NA,NA,NA,0.063,NA,8.213838621645293
1404,NA,NA,NA,NA,NA,NA,0.063,NA,8.213838621645293
1405,NA,NA,NA,NA,NA,NA,0.063,NA,8.213838621645293
1406,NA,NA,NA,NA,NA,NA,0.063,NA,8.213838621645293
1407,NA,NA,NA,NA,NA,NA,0.063,NA,8.213838621645293
1408,NA,NA,NA,NA,NA,NA,0.063,NA,8.213838621645293
1409,NA,NA,NA,NA,NA,NA,0.063,NA,8.213838621645293
1421,NA,NA,NA,NA,NA,NA,0.063,NA,8.213838621645293
1422,NA,NA,NA,NA,NA,NA,0.063,NA,8.213838621645293
1423,NA,NA,NA,NA,NA,NA,0.063,NA,8.213838621645293
1424,NA,NA,NA,NA,NA,NA,0.063,NA,8.213838621645293
1425,NA,NA,NA,NA,NA,NA,0.063,NA,8.213838621645293
1426,NA,NA,NA,NA,NA,NA,0.063,NA,8.213838621645293
1441,NA,NA,NA,NA,NA,NA,0.063,NA,8.213838621645293
1442,NA,NA,NA,NA,NA,NA,0.063,NA,8.213838621645293
1443,NA,NA,NA,NA,NA,NA,0.063,NA,8.213838621645293
1444,NA,NA,NA,NA,NA,NA,0.063,NA,8.213838621645293
1445,NA,NA,NA,NA,NA,NA,0.063,NA,8.213838621645293
1446,NA,NA,NA,NA,NA,NA,0.063,NA,8.213838621645293
1447,NA,NA,NA,NA,NA,NA,0.063,NA,8.213838621645293
1448,NA,NA,NA,NA,NA,NA,0.063,NA,8.213838621645293
1449,NA,NA,NA,NA,NA,NA,0.063,NA,8.213838621645293
1450,NA,NA,NA,NA,NA,NA,0.063,NA,8.213838621645293
1451,NA,NA,NA,NA,NA,NA,0.063,NA,8.213838621645293
1452,NA,NA,NA,NA,NA,NA,0.063,NA,8.213838621645293
1453,NA,NA,NA,NA,NA,NA,0.063,NA,8.213838621645293
1454,NA,NA,NA,NA,NA,NA,0.063,NA,8.213838621645293
1469,NA,NA,NA,NA,NA,NA,0.063,NA,8.213838621645293
1470,NA,NA,NA,NA,NA,NA,0.063,NA,8.213838621645293
1471,NA,NA,NA,NA,NA,NA,0.063,NA,8.213838621645293
1472,NA,NA,NA,NA,NA,NA,0.063,NA,8.213838621645293
1473,NA,NA,NA,NA,NA,NA,0.063,NA,8.213838621645293
1474,NA,NA,NA,NA,NA,NA,0.063,NA,8.213838621645293
1475,NA,NA,NA,NA,NA,NA,0.063,NA,8.213838621645293
1476,NA,NA,NA,NA,NA,NA,0.063,NA,8.213838621645293
1477,NA,NA,NA,NA,NA,NA,0.063,NA,8.213838621645293
1478,NA,NA,NA,NA,NA,NA,0.063,NA,8.213838621645293
1479,NA,NA,NA,NA,NA,NA,0.063,NA,8.213838621645293
1480,NA,NA,NA,NA,NA,NA,0.063,NA,8.213838621645293
1481,NA,NA,NA,NA,NA,NA,0.063,NA,8.213838621645293
1482,NA,NA,NA,NA,NA,NA,0.063,NA,8.213838621645293
1483,NA,NA,NA,NA,NA,NA,0.063,NA,8.213838621645293
1484,NA,NA,NA,NA,NA,NA,0.063,NA,8.213838621645293
1485,NA,NA,NA,NA,NA,NA,0.063,NA,8.213838621645293
1486,NA,NA,NA,NA,NA,NA,0.063,NA,8.213838621645293
1487,NA,NA,NA,NA,NA,NA,0.063,NA,8.213838621645293
1488,NA,NA,NA,NA,NA,NA,0.063,NA,8.213838621645293
1489,NA,NA,NA,NA,NA,NA,0.063,NA,8.213838621645293
1490,NA,NA,NA,NA,NA,NA,0.063,NA,8.213838621645293
1491,NA,NA,NA,NA,NA,NA,0.063,NA,8.213838621645293
1492,NA,NA,NA,NA,NA,NA,0.063,NA,8.213838621645293
1493,NA,NA,NA,NA,NA,NA,0.063,NA,8.213838621645293
1494,NA,NA,NA,NA,NA,NA,0.063,NA,8.213838621645293
1495,NA,NA,NA,NA,NA,NA,0.063,NA,8.213838621645293
1504,NA,NA,NA,NA,NA,NA,0.063,NA,8.213838621645293
1505,NA,NA,NA,NA,NA,NA,0.063,NA,8.213838621645293
1506,NA,NA,NA,NA,NA,NA,0.063,NA,8.213838621645293
1507,NA,NA,NA,NA,NA,NA,0.063,NA,8.213838621645293
1508,NA,NA,NA,NA,NA,NA,0.063,NA,8.213838621645293
1509,NA,NA,NA,NA,NA,NA,0.063,NA,8.213838621645293
1510,NA,NA,NA,NA,NA,NA,0.063,NA,8.213838621645293
1511,NA,NA,NA,NA,NA,NA,0.063,NA,8.213838621645293
1512,NA,NA,NA,NA,NA,NA,0.063,NA,8.213838621645293
1513,NA,NA,NA,NA,NA,NA,0.063,NA,8.213838621645293
1530,NA,NA,NA,NA,NA,NA,0.063,NA,8.213838621645293
1533,NA,NA,NA,NA,NA,NA,0.063,NA,8.213838621645293
1536,NA,NA,NA,NA,NA,NA,0.063,NA,8.213838621645293
1537,NA,NA,NA,NA,NA,NA,0.063,NA,8.213838621645293
1538,NA,NA,NA,NA,NA,NA,0.063,NA,8.213838621645293
1539,NA,NA,NA,NA,NA,NA,0.063,NA,8.213838621645293
1540,NA,NA,NA,NA,NA,NA,0.063,NA,8.213838621645293
1541,NA,NA,NA,NA,NA,NA,0.063,NA,8.213838621645293
1542,NA,NA,NA,NA,NA,NA,0.063,NA,8.213838621645293
1543,NA,NA,NA,NA,NA,NA,0.063,NA,8.213838621645293
1544,NA,NA,NA,NA,NA,NA,0.063,NA,8.213838621645293
1545,NA,NA,NA,NA,NA,NA,0.063,NA,8.213838621645293
1546,NA,NA,NA,NA,NA,NA,0.063,NA,8.213838621645293
1547,NA,NA,NA,NA,NA,NA,0.063,NA,8.213838621645293
1548,NA,NA,NA,NA,NA,NA,0.063,NA,8.213838621645293
1549,NA,NA,NA,NA,NA,NA,0.063,NA,8.213838621645293
1550,NA,NA,NA,NA,NA,NA,0.063,NA,8.213838621645293
1551,NA,NA,NA,NA,NA,NA,0.063,NA,8.213838621645293
1552,NA,NA,NA,NA,NA,NA,0.063,NA,8.213838621645293
1553,NA,NA,NA,NA,NA,NA,0.063,NA,8.213838621645293
1554,NA,NA,NA,NA,NA,NA,0.063,NA,8.213838621645293
1555,NA,NA,NA,NA,NA,NA,0.063,NA,8.213838621645293
1558,NA,NA,NA,NA,NA,NA,0.063,NA,8.213838621645293
1559,NA,NA,NA,NA,NA,NA,0.063,NA,8.213838621645293
1560,NA,NA,NA,NA,NA,NA,0.063,NA,8.213838621645293
1564,NA,NA,NA,NA,NA,NA,0.063,NA,8.213838621645293
1573,NA,NA,NA,NA,NA,NA,0.063,NA,8.213838621645293
1577,NA,NA,NA,NA,NA,NA,0.063,NA,8.213838621645293
1578,NA,NA,NA,NA,NA,NA,0.063,NA,8.213838621645293
1579,NA,NA,NA,NA,NA,NA,0.063,NA,8.213838621645293
1580,NA,NA,NA,NA,NA,NA,0.063,NA,8.213838621645293
1581,NA,NA,NA,NA,NA,NA,0.063,NA,8.213838621645293
1582,NA,NA,NA,NA,NA,NA,0.063,NA,8.213838621645293
1583,NA,NA,NA,NA,NA,NA,0.063,NA,8.213838621645293
1584,NA,NA,NA,NA,NA,NA,0.063,NA,8.213838621645293
1585,NA,NA,NA,NA,NA,NA,0.063,NA,8.213838621645293
1586,NA,NA,NA,NA,NA,NA,0.063,NA,8.213838621645293
1587,NA,NA,NA,NA,NA,NA,0.063,NA,8.213838621645293
1588,NA,NA,NA,NA,NA,NA,0.063,NA,8.213838621645293
1589,NA,NA,NA,NA,NA,NA,0.063,NA,8.213838621645293
1590,NA,NA,NA,NA,NA,NA,0.063,NA,8.213838621645293
1591,NA,NA,NA,NA,NA,NA,0.063,NA,8.213838621645293
1592,NA,NA,NA,NA,NA,NA,0.063,NA,8.213838621645293
1608,NA,NA,NA,NA,NA,NA,0.063,NA,8.213838621645293
1611,NA,NA,NA,NA,NA,NA,0.063,NA,8.213838621645293
1612,NA,NA,NA,NA,NA,NA,0.063,NA,8.213838621645293
1613,NA,NA,NA,NA,NA,NA,0.063,NA,8.213838621645293
1614,NA,NA,NA,NA,NA,NA,0.063,NA,8.213838621645293
1615,NA,NA,NA,NA,NA,NA,0.063,NA,8.213838621645293
1616,NA,NA,NA,NA,NA,NA,0.063,NA,8.213838621645293
1617,NA,NA,NA,NA,NA,NA,0.063,NA,8.213838621645293
1618,NA,NA,NA,NA,NA,NA,0.063,NA,8.213838621645293
1619,NA,NA,NA,NA,NA,NA,0.063,NA,8.213838621645293
1620,NA,NA,NA,NA,NA,NA,0.063,NA,8.213838621645293
1621,NA,NA,NA,NA,NA,NA,0.063,NA,8.213838621645293
1622,NA,NA,NA,NA,NA,NA,0.063,NA,8.213838621645293
1623,NA,NA,NA,NA,NA,NA,0.063,NA,8.213838621645293
1624,NA,NA,NA,NA,NA,NA,0.063,NA,8.213838621645293
1625,NA,NA,NA,NA,NA,NA,0.063,NA,8.213838621645293
1626,NA,NA,NA,NA,NA,NA,0.063,NA,8.213838621645293
1627,NA,NA,NA,NA,NA,NA,0.063,NA,8.213838621645293
1628,NA,NA,NA,NA,NA,NA,0.063,NA,8.213838621645293
1629,NA,NA,NA,NA,NA,NA,0.063,NA,8.213838621645293
1630,NA,NA,NA,NA,NA,NA,0.063,NA,8.213838621645293
1631,NA,NA,NA,NA,NA,NA,0.063,NA,8.213838621645293
1637,NA,NA,NA,NA,NA,NA,0.063,NA,8.213838621645293
1638,NA,NA,NA,NA,NA,NA,0.063,NA,8.213838621645293
1639,NA,NA,NA,NA,NA,NA,0.063,NA,8.213838621645293
1640,NA,NA,NA,NA,NA,NA,0.063,NA,8.213838621645293
1641,NA,NA,NA,NA,NA,NA,0.063,NA,8.213838621645293
1642,NA,NA,NA,NA,NA,NA,0.063,NA,8.213838621645293
1643,NA,NA,NA,NA,NA,NA,0.063,NA,8.213838621645293
1644,NA,NA,NA,NA,NA,NA,0.063,NA,8.213838621645293
1645,NA,NA,NA,NA,NA,NA,0.063,NA,8.213838621645293
1654,NA,NA,NA,NA,NA,NA,0.063,NA,8.213838621645293
1655,NA,NA,NA,NA,NA,NA,0.063,NA,8.213838621645293
1656,NA,NA,NA,NA,NA,NA,0.063,NA,8.213838621645293
1657,NA,NA,NA,NA,NA,NA,0.063,NA,8.213838621645293
1658,NA,NA,NA,NA,NA,NA,0.063,NA,8.213838621645293
1659,NA,NA,NA,NA,NA,NA,0.063,NA,8.213838621645293
1662,NA,NA,NA,NA,NA,NA,0.063,NA,8.213838621645293
1677,NA,NA,NA,NA,NA,NA,0.063,NA,8.213838621645293
1678,NA,NA,NA,NA,NA,NA,0.063,NA,8.213838621645293
1679,NA,NA,NA,NA,NA,NA,0.063,NA,8.213838621645293
1680,NA,NA,NA,NA,NA,NA,0.063,NA,8.213838621645293
1681,NA,NA,NA,NA,NA,NA,0.063,NA,8.213838621645293
1682,NA,NA,NA,NA,NA,NA,0.063,NA,8.213838621645293
1683,NA,NA,NA,NA,NA,NA,0.063,NA,8.213838621645293
1684,NA,NA,NA,NA,NA,NA,0.063,NA,8.213838621645293
1685,NA,NA,NA,NA,NA,NA,0.063,NA,8.213838621645293
1686,NA,NA,NA,NA,NA,NA,0.063,NA,8.213838621645293
1687,NA,NA,NA,NA,NA,NA,0.063,NA,8.213838621645293
1705,NA,NA,NA,NA,NA,NA,0.063,NA,8.213838621645293
1710,NA,NA,NA,NA,NA,NA,0.063,NA,8.213838621645293
1711,NA,NA,NA,NA,NA,NA,0.063,NA,8.213838621645293
1712,NA,NA,NA,NA,NA,NA,0.063,NA,8.213838621645293
1713,NA,NA,NA,NA,NA,NA,0.063,NA,8.213838621645293
1714,NA,NA,NA,NA,NA,NA,0.063,NA,8.213838621645293
1715,NA,NA,NA,NA,NA,NA,0.063,NA,8.213838621645293
1716,NA,NA,NA,NA,NA,NA,0.063,NA,8.213838621645293
1717,NA,NA,NA,NA,NA,NA,0.063,NA,8.213838621645293
1718,NA,NA,NA,NA,NA,NA,0.063,NA,8.213838621645293
1719,NA,NA,NA,NA,NA,NA,0.063,NA,8.213838621645293
1720,NA,NA,NA,NA,NA,NA,0.063,NA,8.213838621645293
1721,NA,NA,NA,NA,NA,NA,0.063,NA,8.213838621645293
1722,NA,NA,NA,NA,NA,NA,0.063,NA,8.213838621645293
1723,NA,NA,NA,NA,NA,NA,0.063,NA,8.213838621645293
1724,NA,NA,NA,NA,NA,NA,0.063,NA,8.213838621645293
1725,NA,NA,NA,NA,NA,NA,0.063,NA,8.213838621645293
1726,NA,NA,NA,NA,NA,NA,0.063,NA,8.213838621645293
1727,NA,NA,NA,NA,NA,NA,0.063,NA,8.213838621645293
1728,NA,NA,NA,NA,NA,NA,0.063,NA,8.213838621645293
1729,NA,NA,NA,NA,NA,NA,0.063,NA,8.213838621645293
1730,NA,NA,NA,NA,NA,NA,0.063,NA,8.213838621645293
1731,NA,NA,NA,NA,NA,NA,0.063,NA,8.213838621645293
1732,NA,NA,NA,NA,NA,NA,0.063,NA,8.213838621645293
1733,NA,NA,NA,NA,NA,NA,0.063,NA,8.213838621645293
1734,NA,NA,NA,NA,NA,NA,0.063,NA,8.213838621645293
1735,NA,NA,NA,NA,NA,NA,0.063,NA,8.213838621645293
1750,NA,NA,NA,NA,NA,NA,0.063,NA,8.213838621645293
1753,NA,NA,NA,NA,NA,NA,0.063,NA,8.213838621645293
1754,NA,NA,NA,NA,NA,NA,0.063,NA,8.213838621645293
1755,NA,NA,NA,NA,NA,NA,0.063,NA,8.213838621645293
1756,NA,NA,NA,NA,NA,NA,0.063,NA,8.213838621645293
1757,NA,NA,NA,NA,NA,NA,0.063,NA,8.213838621645293
1758,NA,NA,NA,NA,NA,NA,0.063,NA,8.213838621645293
1759,NA,NA,NA,NA,NA,NA,0.063,NA,8.213838621645293
1760,NA,NA,NA,NA,NA,NA,0.063,NA,8.213838621645293
1761,NA,NA,NA,NA,NA,NA,0.063,NA,8.213838621645293
1762,NA,NA,NA,NA,NA,NA,0.063,NA,8.213838621645293
1764,NA,NA,NA,NA,NA,NA,0.063,NA,8.213838621645293
1775,NA,NA,NA,NA,NA,NA,0.063,NA,8.213838621645293
1776,NA,NA,NA,NA,NA,NA,0.063,NA,8.213838621645293
1777,NA,NA,NA,NA,NA,NA,0.063,NA,8.213838621645293
1778,NA,NA,NA,NA,NA,NA,0.063,NA,8.213838621645293
1779,NA,NA,NA,NA,NA,NA,0.063,NA,8.213838621645293
1780,NA,NA,NA,NA,NA,NA,0.063,NA,8.213838621645293
1781,NA,NA,NA,NA,NA,NA,0.063,NA,8.213838621645293
1782,NA,NA,NA,NA,NA,NA,0.063,NA,8.213838621645293
1783,NA,NA,NA,NA,NA,NA,0.063,NA,8.213838621645293
1784,NA,NA,NA,NA,NA,NA,0.063,NA,8.213838621645293
1785,NA,NA,NA,NA,NA,NA,0.063,NA,8.213838621645293
1786,NA,NA,NA,NA,NA,NA,0.063,NA,8.213838621645293
1787,NA,NA,NA,NA,NA,NA,0.063,NA,8.213838621645293
1788,NA,NA,NA,NA,NA,NA,0.063,NA,8.213838621645293
1794,NA,NA,NA,NA,NA,NA,0.063,NA,8.213838621645293
1797,NA,NA,NA,NA,NA,NA,0.063,NA,8.213838621645293
1798,NA,NA,NA,NA,NA,NA,0.063,NA,8.213838621645293
1799,NA,NA,NA,NA,NA,NA,0.063,NA,8.213838621645293
1800,NA,NA,NA,NA,NA,NA,0.063,NA,8.213838621645293
1801,NA,NA,NA,NA,NA,NA,0.063,NA,8.213838621645293
1802,NA,NA,NA,NA,NA,NA,0.063,NA,8.213838621645293
1803,NA,NA,NA,NA,NA,NA,0.063,NA,8.213838621645293
1804,NA,NA,NA,NA,NA,NA,0.063,NA,8.213838621645293
1805,NA,NA,NA,NA,NA,NA,0.063,NA,8.213838621645293
1806,NA,NA,NA,NA,NA,NA,0.063,NA,8.213838621645293
1807,NA,NA,NA,NA,NA,NA,0.063,NA,8.213838621645293
1808,NA,NA,NA,NA,NA,NA,0.063,NA,8.213838621645293
1809,NA,NA,NA,NA,NA,NA,0.063,NA,8.213838621645293
1831,NA,NA,NA,NA,NA,NA,0.063,NA,8.213838621645293
1832,NA,NA,NA,NA,NA,NA,0.063,NA,8.213838621645293
1833,NA,NA,NA,NA,NA,NA,0.063,NA,8.213838621645293
1834,NA,NA,NA,NA,NA,NA,0.063,NA,8.213838621645293
1835,NA,NA,NA,NA,NA,NA,0.063,NA,8.213838621645293
1836,NA,NA,NA,NA,NA,NA,0.063,NA,8.213838621645293
1837,NA,NA,NA,NA,NA,NA,0.063,NA,8.213838621645293
1838,NA,NA,NA,NA,NA,NA,0.063,NA,8.213838621645293
1839,NA,NA,NA,NA,NA,NA,0.063,NA,8.213838621645293
1840,NA,NA,NA,NA,NA,NA,0.063,NA,8.213838621645293
1841,NA,NA,NA,NA,NA,NA,0.063,NA,8.213838621645293
1842,NA,NA,NA,NA,NA,NA,0.063,NA,8.213838621645293
1843,NA,NA,NA,NA,NA,NA,0.063,NA,8.213838621645293
1844,NA,NA,NA,NA,NA,NA,0.063,NA,8.213838621645293
1845,NA,NA,NA,NA,NA,NA,0.063,NA,8.213838621645293
1846,NA,NA,NA,NA,NA,NA,0.063,NA,8.213838621645293
1847,NA,NA,NA,NA,NA,NA,0.063,NA,8.213838621645293
1848,NA,NA,NA,NA,NA,NA,0.063,NA,8.213838621645293
1849,NA,NA,NA,NA,NA,NA,0.063,NA,8.213838621645293
1850,NA,NA,NA,NA,NA,NA,0.063,NA,8.213838621645293
1851,NA,NA,NA,NA,NA,NA,0.063,NA,8.213838621645293
1859,NA,NA,NA,NA,NA,NA,0.063,NA,8.213838621645293
1860,NA,NA,NA,NA,NA,NA,0.063,NA,8.213838621645293
1861,NA,NA,NA,NA,NA,NA,0.063,NA,8.213838621645293
1862,NA,NA,NA,NA,NA,NA,0.063,NA,8.213838621645293
1865,NA,NA,NA,NA,NA,NA,0.063,NA,8.213838621645293
1875,NA,NA,NA,NA,NA,NA,0.063,NA,8.213838621645293
1876,NA,NA,NA,NA,NA,NA,0.063,NA,8.213838621645293
1880,NA,NA,NA,NA,NA,NA,0.063,NA,8.213838621645293
1885,NA,NA,NA,NA,NA,NA,0.063,NA,8.213838621645293
1886,NA,NA,NA,NA,NA,NA,0.063,NA,8.213838621645293
1887,NA,NA,NA,NA,NA,NA,0.063,NA,8.213838621645293
1888,NA,NA,NA,NA,NA,NA,0.063,NA,8.213838621645293
1889,NA,NA,NA,NA,NA,NA,0.063,NA,8.213838621645293
1890,NA,NA,NA,NA,NA,NA,0.063,NA,8.213838621645293
1891,NA,NA,NA,NA,NA,NA,0.063,NA,8.213838621645293
1892,NA,NA,NA,NA,NA,NA,0.063,NA,8.213838621645293
1893,NA,NA,NA,NA,NA,NA,0.063,NA,8.213838621645293
1894,NA,NA,NA,NA,NA,NA,0.063,NA,8.213838621645293
1895,NA,NA,NA,NA,NA,NA,0.063,NA,8.213838621645293
1896,NA,NA,NA,NA,NA,NA,0.063,NA,8.213838621645293
1897,NA,NA,NA,NA,NA,NA,0.063,NA,8.213838621645293
1898,NA,NA,NA,NA,NA,NA,0.063,NA,8.213838621645293
1899,NA,NA,NA,NA,NA,NA,0.063,NA,8.213838621645293
1900,NA,NA,NA,NA,NA,NA,0.063,NA,8.213838621645293
1901,NA,NA,NA,NA,NA,NA,0.063,NA,8.213838621645293
1902,NA,NA,NA,NA,NA,NA,0.063,NA,8.213838621645293
1906,NA,NA,NA,NA,NA,NA,0.063,NA,8.213838621645293
1914,NA,NA,NA,NA,NA,NA,0.063,NA,8.213838621645293
1916,NA,NA,NA,NA,NA,NA,0.063,NA,8.213838621645293
1917,NA,NA,NA,NA,NA,NA,0.063,NA,8.213838621645293
1918,NA,NA,NA,NA,NA,NA,0.063,NA,8.213838621645293
1919,NA,NA,NA,NA,NA,NA,0.063,NA,8.213838621645293
1920,NA,NA,NA,NA,NA,NA,0.063,NA,8.213838621645293
1921,NA,NA,NA,NA,NA,NA,0.063,NA,8.213838621645293
1922,NA,NA,NA,NA,NA,NA,0.063,NA,8.213838621645293
1923,NA,NA,NA,NA,NA,NA,0.063,NA,8.213838621645293
1924,NA,NA,NA,NA,NA,NA,0.063,NA,8.213838621645293
1925,NA,NA,NA,NA,NA,NA,0.063,NA,8.213838621645293
1926,NA,NA,NA,NA,NA,NA,0.063,NA,8.213838621645293
1927,NA,NA,NA,NA,NA,NA,0.063,NA,8.213838621645293
1928,NA,NA,NA,NA,NA,NA,0.063,NA,8.213838621645293
1929,NA,NA,NA,NA,NA,NA,0.063,NA,8.213838621645293
1930,NA,NA,NA,NA,NA,NA,0.063,NA,8.213838621645293
1947,NA,NA,NA,NA,NA,NA,0.063,NA,8.213838621645293
1948,NA,NA,NA,NA,NA,NA,0.063,NA,8.213838621645293
1949,NA,NA,NA,NA,NA,NA,0.063,NA,8.213838621645293
1950,NA,NA,NA,NA,NA,NA,0.063,NA,8.213838621645293
1951,NA,NA,NA,NA,NA,NA,0.063,NA,8.213838621645293
1952,NA,NA,NA,NA,NA,NA,0.063,NA,8.213838621645293
1953,NA,NA,NA,NA,NA,NA,0.063,NA,8.213838621645293
1954,NA,NA,NA,NA,NA,NA,0.063,NA,8.213838621645293
1955,NA,NA,NA,NA,NA,NA,0.063,NA,8.213838621645293
1956,NA,NA,NA,NA,NA,NA,0.063,NA,8.213838621645293
1963,NA,NA,NA,NA,NA,NA,0.063,NA,8.213838621645293
1964,NA,NA,NA,NA,NA,NA,0.063,NA,8.213838621645293
1965,NA,NA,NA,NA,NA,NA,0.063,NA,8.213838621645293
1966,NA,NA,NA,NA,NA,NA,0.063,NA,8.213838621645293
1967,NA,NA,NA,NA,NA,NA,0.063,NA,8.213838621645293
1968,NA,NA,NA,NA,NA,NA,0.063,NA,8.213838621645293
1971,NA,NA,NA,NA,NA,NA,0.063,NA,8.213838621645293
1988,NA,NA,NA,NA,NA,NA,0.063,NA,8.213838621645293
1989,NA,NA,NA,NA,NA,NA,0.063,NA,8.213838621645293
1990,NA,NA,NA,NA,NA,NA,0.063,NA,8.213838621645293
1991,NA,NA,NA,NA,NA,NA,0.063,NA,8.213838621645293
1992,NA,NA,NA,NA,NA,NA,0.063,NA,8.213838621645293
1993,NA,NA,NA,NA,NA,NA,0.063,NA,8.213838621645293
1994,NA,NA,NA,NA,NA,NA,0.063,NA,8.213838621645293
1995,NA,NA,NA,NA,NA,NA,0.063,NA,8.213838621645293
1996,NA,NA,NA,NA,NA,NA,0.063,NA,8.213838621645293
1997,NA,NA,NA,NA,NA,NA,0.063,NA,8.213838621645293
1998,NA,NA,NA,NA,NA,NA,0.063,NA,8.213838621645293
1999,NA,NA,NA,NA,NA,NA,0.063,NA,8.213838621645293
2000,NA,NA,NA,NA,NA,NA,0.063,NA,8.213838621645293
2001,NA,NA,NA,NA,NA,NA,0.063,NA,8.213838621645293
2002,NA,NA,NA,NA,NA,NA,0.063,NA,8.213838621645293
2003,NA,NA,NA,NA,NA,NA,0.063,NA,8.213838621645293
2022,NA,NA,NA,NA,NA,NA,0.063,NA,8.213838621645293
2029,NA,NA,NA,NA,NA,NA,0.063,NA,8.213838621645293
2030,NA,NA,NA,NA,NA,NA,0.063,NA,8.213838621645293
2031,NA,NA,NA,NA,NA,NA,0.063,NA,8.213838621645293
2032,NA,NA,NA,NA,NA,NA,0.063,NA,8.213838621645293
2033,NA,NA,NA,NA,NA,NA,0.063,NA,8.213838621645293
2034,NA,NA,NA,NA,NA,NA,0.063,NA,8.213838621645293
2035,NA,NA,NA,NA,NA,NA,0.063,NA,8.213838621645293
2036,NA,NA,NA,NA,NA,NA,0.063,NA,8.213838621645293
2037,NA,NA,NA,NA,NA,NA,0.063,NA,8.213838621645293
2038,NA,NA,NA,NA,NA,NA,0.063,NA,8.213838621645293
2039,NA,NA,NA,NA,NA,NA,0.063,NA,8.213838621645293
2040,NA,NA,NA,NA,NA,NA,0.063,NA,8.213838621645293
2041,NA,NA,NA,NA,NA,NA,0.063,NA,8.213838621645293
2042,NA,NA,NA,NA,NA,NA,0.063,NA,8.213838621645293
2043,NA,NA,NA,NA,NA,NA,0.063,NA,8.213838621645293
2044,NA,NA,NA,NA,NA,NA,0.063,NA,8.213838621645293
2045,NA,NA,NA,NA,NA,NA,0.063,NA,8.213838621645293
2046,NA,NA,NA,NA,NA,NA,0.063,NA,8.213838621645293
2047,NA,NA,NA,NA,NA,NA,0.063,NA,8.213838621645293
2048,NA,NA,NA,NA,NA,NA,0.063,NA,8.213838621645293
2049,NA,NA,NA,NA,NA,NA,0.063,NA,8.213838621645293
2050,NA,NA,NA,NA,NA,NA,0.063,NA,8.213838621645293
2051,NA,NA,NA,NA,NA,NA,0.063,NA,8.213838621645293
2052,NA,NA,NA,NA,NA,NA,0.063,NA,8.213838621645293
2053,NA,NA,NA,NA,NA,NA,0.063,NA,8.213838621645293
2054,NA,NA,NA,NA,NA,NA,0.063,NA,8.213838621645293
2055,NA,NA,NA,NA,NA,NA,0.063,NA,8.213838621645293
2056,NA,NA,NA,NA,NA,NA,0.063,NA,8.213838621645293
2057,NA,NA,NA,NA,NA,NA,0.063,NA,8.213838621645293
2058,NA,NA,NA,NA,NA,NA,0.063,NA,8.213838621645293
2059,NA,NA,NA,NA,NA,NA,0.063,NA,8.213838621645293
2060,NA,NA,NA,NA,NA,NA,0.063,NA,8.213838621645293
2082,NA,NA,NA,NA,NA,NA,0.063,NA,8.213838621645293
2083,NA,NA,NA,NA,NA,NA,0.063,NA,8.213838621645293
2084,NA,NA,NA,NA,NA,NA,0.063,NA,8.213838621645293
2085,NA,NA,NA,NA,NA,NA,0.063,NA,8.213838621645293
2086,NA,NA,NA,NA,NA,NA,0.063,NA,8.213838621645293
2087,NA,NA,NA,NA,NA,NA,0.063,NA,8.213838621645293
2088,NA,NA,NA,NA,NA,NA,0.063,NA,8.213838621645293
2089,NA,NA,NA,NA,NA,NA,0.063,NA,8.213838621645293
2090,NA,NA,NA,NA,NA,NA,0.063,NA,8.213838621645293
2091,NA,NA,NA,NA,NA,NA,0.063,NA,8.213838621645293
2092,NA,NA,NA,NA,NA,NA,0.063,NA,8.213838621645293
2093,NA,NA,NA,NA,NA,NA,0.063,NA,8.213838621645293
2094,NA,NA,NA,NA,NA,NA,0.063,NA,8.213838621645293
2095,NA,NA,NA,NA,NA,NA,0.063,NA,8.213838621645293
2096,NA,NA,NA,NA,NA,NA,0.063,NA,8.213838621645293
2097,NA,NA,NA,NA,NA,NA,0.063,NA,8.213838621645293
2098,NA,NA,NA,NA,NA,NA,0.063,NA,8.213838621645293
2099,NA,NA,NA,NA,NA,NA,0.063,NA,8.213838621645293
2100,NA,NA,NA,NA,NA,NA,0.063,NA,8.213838621645293
2101,NA,NA,NA,NA,NA,NA,0.063,NA,8.213838621645293
2102,NA,NA,NA,NA,NA,NA,0.063,NA,8.213838621645293
2103,NA,NA,NA,NA,NA,NA,0.063,NA,8.213838621645293
2104,NA,NA,NA,NA,NA,NA,0.063,NA,8.213838621645293
2105,NA,NA,NA,NA,NA,NA,0.063,NA,8.213838621645293
2106,NA,NA,NA,NA,NA,NA,0.063,NA,8.213838621645293
2107,NA,NA,NA,NA,NA,NA,0.063,NA,8.213838621645293
2108,NA,NA,NA,NA,NA,NA,0.063,NA,8.213838621645293
2109,NA,NA,NA,NA,NA,NA,0.063,NA,8.213838621645293
2110,NA,NA,NA,NA,NA,NA,0.063,NA,8.213838621645293
2111,NA,NA,NA,NA,NA,NA,0.063,NA,8.213838621645293
2112,NA,NA,NA,NA,NA,NA,0.063,NA,8.213838621645293
2113,NA,NA,NA,NA,NA,NA,0.063,NA,8.213838621645293
2123,NA,NA,NA,NA,NA,NA,0.063,NA,8.213838621645293
2124,NA,NA,NA,NA,NA,NA,0.063,NA,8.213838621645293
2125,NA,NA,NA,NA,NA,NA,0.063,NA,8.213838621645293
2126,NA,NA,NA,NA,NA,NA,0.063,NA,8.213838621645293
2127,NA,NA,NA,NA,NA,NA,0.063,NA,8.213838621645293
2138,NA,NA,NA,NA,NA,NA,0.063,NA,8.213838621645293
2139,NA,NA,NA,NA,NA,NA,0.063,NA,8.213838621645293
2140,NA,NA,NA,NA,NA,NA,0.063,NA,8.213838621645293
2141,NA,NA,NA,NA,NA,NA,0.063,NA,8.213838621645293
2142,NA,NA,NA,NA,NA,NA,0.063,NA,8.213838621645293
2143,NA,NA,NA,NA,NA,NA,0.063,NA,8.213838621645293
2144,NA,NA,NA,NA,NA,NA,0.063,NA,8.213838621645293
2145,NA,NA,NA,NA,NA,NA,0.063,NA,8.213838621645293
2146,NA,NA,NA,NA,NA,NA,0.063,NA,8.213838621645293
2147,NA,NA,NA,NA,NA,NA,0.063,NA,8.213838621645293
2148,NA,NA,NA,NA,NA,NA,0.063,NA,8.213838621645293
2149,NA,NA,NA,NA,NA,NA,0.063,NA,8.213838621645293
2150,NA,NA,NA,NA,NA,NA,0.063,NA,8.213838621645293
2168,NA,NA,NA,NA,NA,NA,0.063,NA,8.213838621645293
2169,NA,NA,NA,NA,NA,NA,0.063,NA,8.213838621645293
2171,NA,NA,NA,NA,NA,NA,0.063,NA,8.213838621645293
2172,NA,NA,NA,NA,NA,NA,0.063,NA,8.213838621645293
2173,NA,NA,NA,NA,NA,NA,0.063,NA,8.213838621645293
2174,NA,NA,NA,NA,NA,NA,0.063,NA,8.213838621645293
2175,NA,NA,NA,NA,NA,NA,0.063,NA,8.213838621645293
2176,NA,NA,NA,NA,NA,NA,0.063,NA,8.213838621645293
2177,NA,NA,NA,NA,NA,NA,0.063,NA,8.213838621645293
2178,NA,NA,NA,NA,NA,NA,0.063,NA,8.213838621645293
2179,NA,NA,NA,NA,NA,NA,0.063,NA,8.213838621645293
2180,NA,NA,NA,NA,NA,NA,0.063,NA,8.213838621645293
2181,NA,NA,NA,NA,NA,NA,0.063,NA,8.213838621645293
2182,NA,NA,NA,NA,NA,NA,0.063,NA,8.213838621645293
2183,NA,NA,NA,NA,NA,NA,0.063,NA,8.213838621645293
2184,NA,NA,NA,NA,NA,NA,0.063,NA,8.213838621645293
2185,NA,NA,NA,NA,NA,NA,0.063,NA,8.213838621645293
2186,NA,NA,NA,NA,NA,NA,0.063,NA,8.213838621645293
2187,NA,NA,NA,NA,NA,NA,0.063,NA,8.213838621645293
2188,NA,NA,NA,NA,NA,NA,0.063,NA,8.213838621645293
2204,NA,NA,NA,NA,NA,NA,0.063,NA,8.213838621645293
2213,NA,NA,NA,NA,NA,NA,0.063,NA,8.213838621645293
2214,NA,NA,NA,NA,NA,NA,0.063,NA,8.213838621645293
2215,NA,NA,NA,NA,NA,NA,0.063,NA,8.213838621645293
2216,NA,NA,NA,NA,NA,NA,0.063,NA,8.213838621645293
2217,NA,NA,NA,NA,NA,NA,0.063,NA,8.213838621645293
2218,NA,NA,NA,NA,NA,NA,0.063,NA,8.213838621645293
2219,NA,NA,NA,NA,NA,NA,0.063,NA,8.213838621645293
2220,NA,NA,NA,NA,NA,NA,0.063,NA,8.213838621645293
2221,NA,NA,NA,NA,NA,NA,0.063,NA,8.213838621645293
2222,NA,NA,NA,NA,NA,NA,0.063,NA,8.213838621645293
2223,NA,NA,NA,NA,NA,NA,0.063,NA,8.213838621645293
2224,NA,NA,NA,NA,NA,NA,0.063,NA,8.213838621645293
2225,NA,NA,NA,NA,NA,NA,0.063,NA,8.213838621645293
2226,NA,NA,NA,NA,NA,NA,0.063,NA,8.213838621645293
2227,NA,NA,NA,NA,NA,NA,0.063,NA,8.213838621645293
2241,NA,NA,NA,NA,NA,NA,0.063,NA,8.213838621645293
2244,NA,NA,NA,NA,NA,NA,0.063,NA,8.213838621645293
2245,NA,NA,NA,NA,NA,NA,0.063,NA,8.213838621645293
2246,NA,NA,NA,NA,NA,NA,0.063,NA,8.213838621645293
2247,NA,NA,NA,NA,NA,NA,0.063,NA,8.213838621645293
2248,NA,NA,NA,NA,NA,NA,0.063,NA,8.213838621645293
2249,NA,NA,NA,NA,NA,NA,0.063,NA,8.213838621645293
2250,NA,NA,NA,NA,NA,NA,0.063,NA,8.213838621645293
2251,NA,NA,NA,NA,NA,NA,0.063,NA,8.213838621645293
2252,NA,NA,NA,NA,NA,NA,0.063,NA,8.213838621645293
2253,NA,NA,NA,NA,NA,NA,0.063,NA,8.213838621645293
2254,NA,NA,NA,NA,NA,NA,0.063,NA,8.213838621645293
2255,NA,NA,NA,NA,NA,NA,0.063,NA,8.213838621645293
2256,NA,NA,NA,NA,NA,NA,0.063,NA,8.213838621645293
2257,NA,NA,NA,NA,NA,NA,0.063,NA,8.213838621645293
2258,NA,NA,NA,NA,NA,NA,0.063,NA,8.213838621645293
2279,NA,NA,NA,NA,NA,NA,0.063,NA,8.213838621645293
2280,NA,NA,NA,NA,NA,NA,0.063,NA,8.213838621645293
2281,NA,NA,NA,NA,NA,NA,0.063,NA,8.213838621645293
2282,NA,NA,NA,NA,NA,NA,0.063,NA,8.213838621645293
2283,NA,NA,NA,NA,NA,NA,0.063,NA,8.213838621645293
2284,NA,NA,NA,NA,NA,NA,0.063,NA,8.213838621645293
2285,NA,NA,NA,NA,NA,NA,0.063,NA,8.213838621645293
2286,NA,NA,NA,NA,NA,NA,0.063,NA,8.213838621645293
2287,NA,NA,NA,NA,NA,NA,0.063,NA,8.213838621645293
2288,NA,NA,NA,NA,NA,NA,0.063,NA,8.213838621645293
2289,NA,NA,NA,NA,NA,NA,0.063,NA,8.213838621645293
2290,NA,NA,NA,NA,NA,NA,0.063,NA,8.213838621645293
2291,NA,NA,NA,NA,NA,NA,0.063,NA,8.213838621645293
2292,NA,NA,NA,NA,NA,NA,0.063,NA,8.213838621645293
2298,NA,NA,NA,NA,NA,NA,0.063,NA,8.213838621645293
2299,NA,NA,NA,NA,NA,NA,0.063,NA,8.213838621645293
2300,NA,NA,NA,NA,NA,NA,0.063,NA,8.213838621645293
2301,NA,NA,NA,NA,NA,NA,0.063,NA,8.213838621645293
2302,NA,NA,NA,NA,NA,NA,0.063,NA,8.213838621645293
2303,NA,NA,NA,NA,NA,NA,0.063,NA,8.213838621645293
2304,NA,NA,NA,NA,NA,NA,0.063,NA,8.213838621645293
2305,NA,NA,NA,NA,NA,NA,0.063,NA,8.213838621645293
2306,NA,NA,NA,NA,NA,NA,0.063,NA,8.213838621645293
2307,NA,NA,NA,NA,NA,NA,0.063,NA,8.213838621645293
2308,NA,NA,NA,NA,NA,NA,0.063,NA,8.213838621645293
2309,NA,NA,NA,NA,NA,NA,0.063,NA,8.213838621645293
2319,NA,NA,NA,NA,NA,NA,0.063,NA,8.213838621645293
2320,NA,NA,NA,NA,NA,NA,0.063,NA,8.213838621645293
2321,NA,NA,NA,NA,NA,NA,0.063,NA,8.213838621645293
2322,NA,NA,NA,NA,NA,NA,0.063,NA,8.213838621645293
2323,NA,NA,NA,NA,NA,NA,0.063,NA,8.213838621645293
2324,NA,NA,NA,NA,NA,NA,0.063,NA,8.213838621645293
2325,NA,NA,NA,NA,NA,NA,0.063,NA,8.213838621645293
2326,NA,NA,NA,NA,NA,NA,0.063,NA,8.213838621645293
2327,NA,NA,NA,NA,NA,NA,0.063,NA,8.213838621645293
2328,NA,NA,NA,NA,NA,NA,0.063,NA,8.213838621645293
2329,NA,NA,NA,NA,NA,NA,0.063,NA,8.213838621645293
2330,NA,NA,NA,NA,NA,NA,0.063,NA,8.213838621645293
2346,NA,NA,NA,NA,NA,NA,0.063,NA,8.213838621645293
2347,NA,NA,NA,NA,NA,NA,0.063,NA,8.213838621645293
2348,NA,NA,NA,NA,NA,NA,0.063,NA,8.213838621645293
2349,NA,NA,NA,NA,NA,NA,0.063,NA,8.213838621645293
2350,NA,NA,NA,NA,NA,NA,0.063,NA,8.213838621645293
2351,NA,NA,NA,NA,NA,NA,0.063,NA,8.213838621645293
2352,NA,NA,NA,NA,NA,NA,0.063,NA,8.213838621645293
2353,NA,NA,NA,NA,NA,NA,0.063,NA,8.213838621645293
2354,NA,NA,NA,NA,NA,NA,0.063,NA,8.213838621645293
2355,NA,NA,NA,NA,NA,NA,0.063,NA,8.213838621645293
2356,NA,NA,NA,NA,NA,NA,0.063,NA,8.213838621645293
2357,NA,NA,NA,NA,NA,NA,0.063,NA,8.213838621645293
2358,NA,NA,NA,NA,NA,NA,0.063,NA,8.213838621645293
2359,NA,NA,NA,NA,NA,NA,0.063,NA,8.213838621645293
2360,NA,NA,NA,NA,NA,NA,0.063,NA,8.213838621645293
2361,NA,NA,NA,NA,NA,NA,0.063,NA,8.213838621645293
2362,NA,NA,NA,NA,NA,NA,0.063,NA,8.213838621645293
2363,NA,NA,NA,NA,NA,NA,0.063,NA,8.213838621645293
2364,NA,NA,NA,NA,NA,NA,0.063,NA,8.213838621645293
2365,NA,NA,NA,NA,NA,NA,0.063,NA,8.213838621645293
2366,NA,NA,NA,NA,NA,NA,0.063,NA,8.213838621645293
2377,NA,NA,NA,NA,NA,NA,0.063,NA,8.213838621645293
2378,NA,NA,NA,NA,NA,NA,0.063,NA,8.213838621645293
2379,NA,NA,NA,NA,NA,NA,0.063,NA,8.213838621645293
2380,NA,NA,NA,NA,NA,NA,0.063,NA,8.213838621645293
2381,NA,NA,NA,NA,NA,NA,0.063,NA,8.213838621645293
2382,NA,NA,NA,NA,NA,NA,0.063,NA,8.213838621645293
2383,NA,NA,NA,NA,NA,NA,0.063,NA,8.213838621645293
2398,NA,NA,NA,NA,NA,NA,0.063,NA,8.213838621645293
2399,NA,NA,NA,NA,NA,NA,0.063,NA,8.213838621645293
2400,NA,NA,NA,NA,NA,NA,0.063,NA,8.213838621645293
2401,NA,NA,NA,NA,NA,NA,0.063,NA,8.213838621645293
2402,NA,NA,NA,NA,NA,NA,0.063,NA,8.213838621645293
2403,NA,NA,NA,NA,NA,NA,0.063,NA,8.213838621645293
2404,NA,NA,NA,NA,NA,NA,0.063,NA,8.213838621645293
2405,NA,NA,NA,NA,NA,NA,0.063,NA,8.213838621645293
2406,NA,NA,NA,NA,NA,NA,0.063,NA,8.213838621645293
2423,NA,NA,NA,NA,NA,NA,0.063,NA,8.213838621645293
2430,NA,NA,NA,NA,NA,NA,0.063,NA,8.213838621645293
2431,NA,NA,NA,NA,NA,NA,0.063,NA,8.213838621645293
2432,NA,NA,NA,NA,NA,NA,0.063,NA,8.213838621645293
2433,NA,NA,NA,NA,NA,NA,0.063,NA,8.213838621645293
2434,NA,NA,NA,NA,NA,NA,0.063,NA,8.213838621645293
2435,NA,NA,NA,NA,NA,NA,0.063,NA,8.213838621645293
2436,NA,NA,NA,NA,NA,NA,0.063,NA,8.213838621645293
2437,NA,NA,NA,NA,NA,NA,0.063,NA,8.213838621645293
2438,NA,NA,NA,NA,NA,NA,0.063,NA,8.213838621645293
2439,NA,NA,NA,NA,NA,NA,0.063,NA,8.213838621645293
2440,NA,NA,NA,NA,NA,NA,0.063,NA,8.213838621645293
2441,NA,NA,NA,NA,NA,NA,0.063,NA,8.213838621645293
2442,NA,NA,NA,NA,NA,NA,0.063,NA,8.213838621645293
2443,NA,NA,NA,NA,NA,NA,0.063,NA,8.213838621645293
2444,NA,NA,NA,NA,NA,NA,0.063,NA,8.213838621645293
2445,NA,NA,NA,NA,NA,NA,0.063,NA,8.213838621645293
2446,NA,NA,NA,NA,NA,NA,0.063,NA,8.213838621645293
2462,NA,NA,NA,NA,NA,NA,0.063,NA,8.213838621645293
2464,NA,NA,NA,NA,NA,NA,0.063,NA,8.213838621645293
2465,NA,NA,NA,NA,NA,NA,0.063,NA,8.213838621645293
2466,NA,NA,NA,NA,NA,NA,0.063,NA,8.213838621645293
2467,NA,NA,NA,NA,NA,NA,0.063,NA,8.213838621645293
2468,NA,NA,NA,NA,NA,NA,0.063,NA,8.213838621645293
2469,NA,NA,NA,NA,NA,NA,0.063,NA,8.213838621645293
2470,NA,NA,NA,NA,NA,NA,0.063,NA,8.213838621645293
2471,NA,NA,NA,NA,NA,NA,0.063,NA,8.213838621645293
2472,NA,NA,NA,NA,NA,NA,0.063,NA,8.213838621645293
2473,NA,NA,NA,NA,NA,NA,0.063,NA,8.213838621645293
2474,NA,NA,NA,NA,NA,NA,0.063,NA,8.213838621645293
2475,NA,NA,NA,NA,NA,NA,0.063,NA,8.213838621645293
2476,NA,NA,NA,NA,NA,NA,0.063,NA,8.213838621645293
2477,NA,NA,NA,NA,NA,NA,0.063,NA,8.213838621645293
2478,NA,NA,NA,NA,NA,NA,0.063,NA,8.213838621645293
2479,NA,NA,NA,NA,NA,NA,0.063,NA,8.213838621645293
2480,NA,NA,NA,NA,NA,NA,0.063,NA,8.213838621645293
2486,NA,NA,NA,NA,NA,NA,0.063,NA,8.213838621645293
2488,NA,NA,NA,NA,NA,NA,0.063,NA,8.213838621645293
2489,NA,NA,NA,NA,NA,NA,0.063,NA,8.213838621645293
2490,NA,NA,NA,NA,NA,NA,0.063,NA,8.213838621645293
2491,NA,NA,NA,NA,NA,NA,0.063,NA,8.213838621645293
2492,NA,NA,NA,NA,NA,NA,0.063,NA,8.213838621645293
2493,NA,NA,NA,NA,NA,NA,0.063,NA,8.213838621645293
2494,NA,NA,NA,NA,NA,NA,0.063,NA,8.213838621645293
2495,NA,NA,NA,NA,NA,NA,0.063,NA,8.213838621645293
2496,NA,NA,NA,NA,NA,NA,0.063,NA,8.213838621645293
2497,NA,NA,NA,NA,NA,NA,0.063,NA,8.213838621645293
2498,NA,NA,NA,NA,NA,NA,0.063,NA,8.213838621645293
2499,NA,NA,NA,NA,NA,NA,0.063,NA,8.213838621645293
2511,NA,NA,NA,NA,NA,NA,0.063,NA,8.213838621645293
2512,NA,NA,NA,NA,NA,NA,0.063,NA,8.213838621645293
2513,NA,NA,NA,NA,NA,NA,0.063,NA,8.213838621645293
2514,NA,NA,NA,NA,NA,NA,0.063,NA,8.213838621645293
2515,NA,NA,NA,NA,NA,NA,0.063,NA,8.213838621645293
2516,NA,NA,NA,NA,NA,NA,0.063,NA,8.213838621645293
2517,NA,NA,NA,NA,NA,NA,0.063,NA,8.213838621645293
2518,NA,NA,NA,NA,NA,NA,0.063,NA,8.213838621645293
2519,NA,NA,NA,NA,NA,NA,0.063,NA,8.213838621645293
2520,NA,NA,NA,NA,NA,NA,0.063,NA,8.213838621645293
2521,NA,NA,NA,NA,NA,NA,0.063,NA,8.213838621645293
2522,NA,NA,NA,NA,NA,NA,0.063,NA,8.213838621645293
2523,NA,NA,NA,NA,NA,NA,0.063,NA,8.213838621645293
2524,NA,NA,NA,NA,NA,NA,0.063,NA,8.213838621645293
2535,NA,NA,NA,NA,NA,NA,0.063,NA,8.213838621645293
2536,NA,NA,NA,NA,NA,NA,0.063,NA,8.213838621645293
2537,NA,NA,NA,NA,NA,NA,0.063,NA,8.213838621645293
2538,NA,NA,NA,NA,NA,NA,0.063,NA,8.213838621645293
2539,NA,NA,NA,NA,NA,NA,0.063,NA,8.213838621645293
2550,NA,NA,NA,NA,NA,NA,0.063,NA,8.213838621645293
2551,NA,NA,NA,NA,NA,NA,0.063,NA,8.213838621645293
2552,NA,NA,NA,NA,NA,NA,0.063,NA,8.213838621645293
2553,NA,NA,NA,NA,NA,NA,0.063,NA,8.213838621645293
2554,NA,NA,NA,NA,NA,NA,0.063,NA,8.213838621645293
2555,NA,NA,NA,NA,NA,NA,0.063,NA,8.213838621645293
2556,NA,NA,NA,NA,NA,NA,0.063,NA,8.213838621645293
2557,NA,NA,NA,NA,NA,NA,0.063,NA,8.213838621645293
2558,NA,NA,NA,NA,NA,NA,0.063,NA,8.213838621645293
2559,NA,NA,NA,NA,NA,NA,0.063,NA,8.213838621645293
2569,NA,NA,NA,NA,NA,NA,0.063,NA,8.213838621645293
2573,NA,NA,NA,NA,NA,NA,0.063,NA,8.213838621645293
2574,NA,NA,NA,NA,NA,NA,0.063,NA,8.213838621645293
2575,NA,NA,NA,NA,NA,NA,0.063,NA,8.213838621645293
2576,NA,NA,NA,NA,NA,NA,0.063,NA,8.213838621645293
2577,NA,NA,NA,NA,NA,NA,0.063,NA,8.213838621645293
2578,NA,NA,NA,NA,NA,NA,0.063,NA,8.213838621645293
2579,NA,NA,NA,NA,NA,NA,0.063,NA,8.213838621645293
2580,NA,NA,NA,NA,NA,NA,0.063,NA,8.213838621645293
2581,NA,NA,NA,NA,NA,NA,0.063,NA,8.213838621645293
2582,NA,NA,NA,NA,NA,NA,0.063,NA,8.213838621645293
2597,NA,NA,NA,NA,NA,NA,0.063,NA,8.213838621645293
2598,NA,NA,NA,NA,NA,NA,0.063,NA,8.213838621645293
2599,NA,NA,NA,NA,NA,NA,0.063,NA,8.213838621645293
2600,NA,NA,NA,NA,NA,NA,0.063,NA,8.213838621645293
2601,NA,NA,NA,NA,NA,NA,0.063,NA,8.213838621645293
2602,NA,NA,NA,NA,NA,NA,0.063,NA,8.213838621645293
2603,NA,NA,NA,NA,NA,NA,0.063,NA,8.213838621645293
2604,NA,NA,NA,NA,NA,NA,0.063,NA,8.213838621645293
2605,NA,NA,NA,NA,NA,NA,0.063,NA,8.213838621645293
2606,NA,NA,NA,NA,NA,NA,0.063,NA,8.213838621645293
2607,NA,NA,NA,NA,NA,NA,0.063,NA,8.213838621645293
2622,NA,NA,NA,NA,NA,NA,0.063,NA,8.213838621645293
2623,NA,NA,NA,NA,NA,NA,0.063,NA,8.213838621645293
2624,NA,NA,NA,NA,NA,NA,0.063,NA,8.213838621645293
2625,NA,NA,NA,NA,NA,NA,0.063,NA,8.213838621645293
2644,NA,NA,NA,NA,NA,NA,0.063,NA,8.213838621645293
2645,NA,NA,NA,NA,NA,NA,0.063,NA,8.213838621645293
2646,NA,NA,NA,NA,NA,NA,0.063,NA,8.213838621645293
2647,NA,NA,NA,NA,NA,NA,0.063,NA,8.213838621645293
2648,NA,NA,NA,NA,NA,NA,0.063,NA,8.213838621645293
2649,NA,NA,NA,NA,NA,NA,0.063,NA,8.213838621645293
2650,NA,NA,NA,NA,NA,NA,0.063,NA,8.213838621645293
2651,NA,NA,NA,NA,NA,NA,0.063,NA,8.213838621645293
2652,NA,NA,NA,NA,NA,NA,0.063,NA,8.213838621645293
2653,NA,NA,NA,NA,NA,NA,0.063,NA,8.213838621645293
2654,NA,NA,NA,NA,NA,NA,0.063,NA,8.213838621645293
2655,NA,NA,NA,NA,NA,NA,0.063,NA,8.213838621645293
2656,NA,NA,NA,NA,NA,NA,0.063,NA,8.213838621645293
2657,NA,NA,NA,NA,NA,NA,0.063,NA,8.213838621645293
2658,NA,NA,NA,NA,NA,NA,0.063,NA,8.213838621645293
2662,NA,NA,NA,NA,NA,NA,0.063,NA,8.213838621645293
2673,NA,NA,NA,NA,NA,NA,0.063,NA,8.213838621645293
2676,NA,NA,NA,NA,NA,NA,0.063,NA,8.213838621645293
2680,NA,NA,NA,NA,NA,NA,0.063,NA,8.213838621645293
2681,NA,NA,NA,NA,NA,NA,0.063,NA,8.213838621645293
2682,NA,NA,NA,NA,NA,NA,0.063,NA,8.213838621645293
2683,NA,NA,NA,NA,NA,NA,0.063,NA,8.213838621645293
2684,NA,NA,NA,NA,NA,NA,0.063,NA,8.213838621645293
2685,NA,NA,NA,NA,NA,NA,0.063,NA,8.213838621645293
2686,NA,NA,NA,NA,NA,NA,0.063,NA,8.213838621645293
2687,NA,NA,NA,NA,NA,NA,0.063,NA,8.213838621645293
2688,NA,NA,NA,NA,NA,NA,0.063,NA,8.213838621645293
2689,NA,NA,NA,NA,NA,NA,0.063,NA,8.213838621645293
2690,NA,NA,NA,NA,NA,NA,0.063,NA,8.213838621645293
2691,NA,NA,NA,NA,NA,NA,0.063,NA,8.213838621645293
2692,NA,NA,NA,NA,NA,NA,0.063,NA,8.213838621645293
2693,NA,NA,NA,NA,NA,NA,0.063,NA,8.213838621645293
2694,NA,NA,NA,NA,NA,NA,0.063,NA,8.213838621645293
2698,NA,NA,NA,NA,NA,NA,0.063,NA,8.213838621645293
2699,NA,NA,NA,NA,NA,NA,0.063,NA,8.213838621645293
2700,NA,NA,NA,NA,NA,NA,0.063,NA,8.213838621645293
2703,NA,NA,NA,NA,NA,NA,0.063,NA,8.213838621645293
2704,NA,NA,NA,NA,NA,NA,0.063,NA,8.213838621645293
2705,NA,NA,NA,NA,NA,NA,0.063,NA,8.213838621645293
2721,NA,NA,NA,NA,NA,NA,0.063,NA,8.213838621645293
2725,NA,NA,NA,NA,NA,NA,0.063,NA,8.213838621645293
2726,NA,NA,NA,NA,NA,NA,0.063,NA,8.213838621645293
2727,NA,NA,NA,NA,NA,NA,0.063,NA,8.213838621645293
2728,NA,NA,NA,NA,NA,NA,0.063,NA,8.213838621645293
2729,NA,NA,NA,NA,NA,NA,0.063,NA,8.213838621645293
2730,NA,NA,NA,NA,NA,NA,0.063,NA,8.213838621645293
2731,NA,NA,NA,NA,NA,NA,0.063,NA,8.213838621645293
2732,NA,NA,NA,NA,NA,NA,0.063,NA,8.213838621645293
2733,NA,NA,NA,NA,NA,NA,0.063,NA,8.213838621645293
2734,NA,NA,NA,NA,NA,NA,0.063,NA,8.213838621645293
2735,NA,NA,NA,NA,NA,NA,0.063,NA,8.213838621645293
2736,NA,NA,NA,NA,NA,NA,0.063,NA,8.213838621645293
2738,NA,NA,NA,NA,NA,NA,0.063,NA,8.213838621645293
2744,NA,NA,NA,NA,NA,NA,0.063,NA,8.213838621645293
2745,NA,NA,NA,NA,NA,NA,0.063,NA,8.213838621645293
2746,NA,NA,NA,NA,NA,NA,0.063,NA,8.213838621645293
2747,NA,NA,NA,NA,NA,NA,0.063,NA,8.213838621645293
2748,NA,NA,NA,NA,NA,NA,0.063,NA,8.213838621645293
2749,NA,NA,NA,NA,NA,NA,0.063,NA,8.213838621645293
2750,NA,NA,NA,NA,NA,NA,0.063,NA,8.213838621645293
2751,NA,NA,NA,NA,NA,NA,0.063,NA,8.213838621645293
2752,NA,NA,NA,NA,NA,NA,0.063,NA,8.213838621645293
2753,NA,NA,NA,NA,NA,NA,0.063,NA,8.213838621645293
2754,NA,NA,NA,NA,NA,NA,0.063,NA,8.213838621645293
2755,NA,NA,NA,NA,NA,NA,0.063,NA,8.213838621645293
2756,NA,NA,NA,NA,NA,NA,0.063,NA,8.213838621645293
2757,NA,NA,NA,NA,NA,NA,0.063,NA,8.213838621645293
2758,NA,NA,NA,NA,NA,NA,0.063,NA,8.213838621645293
2759,NA,NA,NA,NA,NA,NA,0.063,NA,8.213838621645293
2760,NA,NA,NA,NA,NA,NA,0.063,NA,8.213838621645293
2783,NA,NA,NA,NA,NA,NA,0.063,NA,8.213838621645293
2784,NA,NA,NA,NA,NA,NA,0.063,NA,8.213838621645293
2785,NA,NA,NA,NA,NA,NA,0.063,NA,8.213838621645293
2786,NA,NA,NA,NA,NA,NA,0.063,NA,8.213838621645293
2787,NA,NA,NA,NA,NA,NA,0.063,NA,8.213838621645293
2788,NA,NA,NA,NA,NA,NA,0.063,NA,8.213838621645293
2789,NA,NA,NA,NA,NA,NA,0.063,NA,8.213838621645293
2790,NA,NA,NA,NA,NA,NA,0.063,NA,8.213838621645293
2791,NA,NA,NA,NA,NA,NA,0.063,NA,8.213838621645293
2792,NA,NA,NA,NA,NA,NA,0.063,NA,8.213838621645293
2793,NA,NA,NA,NA,NA,NA,0.063,NA,8.213838621645293
2794,NA,NA,NA,NA,NA,NA,0.063,NA,8.213838621645293
2795,NA,NA,NA,NA,NA,NA,0.063,NA,8.213838621645293
2796,NA,NA,NA,NA,NA,NA,0.063,NA,8.213838621645293
2797,NA,NA,NA,NA,NA,NA,0.063,NA,8.213838621645293
2798,NA,NA,NA,NA,NA,NA,0.063,NA,8.213838621645293
2799,NA,NA,NA,NA,NA,NA,0.063,NA,8.213838621645293
2800,NA,NA,NA,NA,NA,NA,0.063,NA,8.213838621645293
2801,NA,NA,NA,NA,NA,NA,0.063,NA,8.213838621645293
2819,NA,NA,NA,NA,NA,NA,0.063,NA,8.213838621645293
2825,NA,NA,NA,NA,NA,NA,0.063,NA,8.213838621645293
2826,NA,NA,NA,NA,NA,NA,0.063,NA,8.213838621645293
2827,NA,NA,NA,NA,NA,NA,0.063,NA,8.213838621645293
2828,NA,NA,NA,NA,NA,NA,0.063,NA,8.213838621645293
2829,NA,NA,NA,NA,NA,NA,0.063,NA,8.213838621645293
2830,NA,NA,NA,NA,NA,NA,0.063,NA,8.213838621645293
2831,NA,NA,NA,NA,NA,NA,0.063,NA,8.213838621645293
2832,NA,NA,NA,NA,NA,NA,0.063,NA,8.213838621645293
2833,NA,NA,NA,NA,NA,NA,0.063,NA,8.213838621645293
2834,NA,NA,NA,NA,NA,NA,0.063,NA,8.213838621645293
2835,NA,NA,NA,NA,NA,NA,0.063,NA,8.213838621645293
2836,NA,NA,NA,NA,NA,NA,0.063,NA,8.213838621645293
2837,NA,NA,NA,NA,NA,NA,0.063,NA,8.213838621645293
2838,NA,NA,NA,NA,NA,NA,0.063,NA,8.213838621645293
2839,NA,NA,NA,NA,NA,NA,0.063,NA,8.213838621645293
2840,NA,NA,NA,NA,NA,NA,0.063,NA,8.213838621645293
2841,NA,NA,NA,NA,NA,NA,0.063,NA,8.213838621645293
2847,NA,NA,NA,NA,NA,NA,0.063,NA,8.213838621645293
2848,NA,NA,NA,NA,NA,NA,0.063,NA,8.213838621645293
2849,NA,NA,NA,NA,NA,NA,0.063,NA,8.213838621645293
2850,NA,NA,NA,NA,NA,NA,0.063,NA,8.213838621645293
2856,NA,NA,NA,NA,NA,NA,0.063,NA,8.213838621645293
2858,NA,NA,NA,NA,NA,NA,0.063,NA,8.213838621645293
2859,NA,NA,NA,NA,NA,NA,0.063,NA,8.213838621645293
2868,NA,NA,NA,NA,NA,NA,0.063,NA,8.213838621645293
2869,NA,NA,NA,NA,NA,NA,0.063,NA,8.213838621645293
2874,NA,NA,NA,NA,NA,NA,0.063,NA,8.213838621645293
2875,NA,NA,NA,NA,NA,NA,0.063,NA,8.213838621645293
2876,NA,NA,NA,NA,NA,NA,0.063,NA,8.213838621645293
2877,NA,NA,NA,NA,NA,NA,0.063,NA,8.213838621645293
2878,NA,NA,NA,NA,NA,NA,0.063,NA,8.213838621645293
2879,NA,NA,NA,NA,NA,NA,0.063,NA,8.213838621645293
2880,NA,NA,NA,NA,NA,NA,0.063,NA,8.213838621645293
2881,NA,NA,NA,NA,NA,NA,0.063,NA,8.213838621645293
2882,NA,NA,NA,NA,NA,NA,0.063,NA,8.213838621645293
2883,NA,NA,NA,NA,NA,NA,0.063,NA,8.213838621645293
2897,NA,NA,NA,NA,NA,NA,0.063,NA,8.213838621645293
2898,NA,NA,NA,NA,NA,NA,0.063,NA,8.213838621645293
2899,NA,NA,NA,NA,NA,NA,0.063,NA,8.213838621645293
2900,NA,NA,NA,NA,NA,NA,0.063,NA,8.213838621645293
2901,NA,NA,NA,NA,NA,NA,0.063,NA,8.213838621645293
2902,NA,NA,NA,NA,NA,NA,0.063,NA,8.213838621645293
2903,NA,NA,NA,NA,NA,NA,0.063,NA,8.213838621645293
2904,NA,NA,NA,NA,NA,NA,0.063,NA,8.213838621645293
2905,NA,NA,NA,NA,NA,NA,0.063,NA,8.213838621645293
2906,NA,NA,NA,NA,NA,NA,0.063,NA,8.213838621645293
2907,NA,NA,NA,NA,NA,NA,0.063,NA,8.213838621645293
2908,NA,NA,NA,NA,NA,NA,0.063,NA,8.213838621645293
2909,NA,NA,NA,NA,NA,NA,0.063,NA,8.213838621645293
2910,NA,NA,NA,NA,NA,NA,0.063,NA,8.213838621645293
2914,NA,NA,NA,NA,NA,NA,0.063,NA,8.213838621645293
2915,NA,NA,NA,NA,NA,NA,0.063,NA,8.213838621645293
2916,NA,NA,NA,NA,NA,NA,0.063,NA,8.213838621645293
2917,NA,NA,NA,NA,NA,NA,0.063,NA,8.213838621645293
2936,NA,NA,NA,NA,NA,NA,0.063,NA,8.213838621645293
2937,NA,NA,NA,NA,NA,NA,0.063,NA,8.213838621645293
2938,NA,NA,NA,NA,NA,NA,0.063,NA,8.213838621645293
2939,NA,NA,NA,NA,NA,NA,0.063,NA,8.213838621645293
2940,NA,NA,NA,NA,NA,NA,0.063,NA,8.213838621645293
2941,NA,NA,NA,NA,NA,NA,0.063,NA,8.213838621645293
2942,NA,NA,NA,NA,NA,NA,0.063,NA,8.213838621645293
2943,NA,NA,NA,NA,NA,NA,0.063,NA,8.213838621645293
2944,NA,NA,NA,NA,NA,NA,0.063,NA,8.213838621645293
2945,NA,NA,NA,NA,NA,NA,0.063,NA,8.213838621645293
2946,NA,NA,NA,NA,NA,NA,0.063,NA,8.213838621645293
2947,NA,NA,NA,NA,NA,NA,0.063,NA,8.213838621645293
2948,NA,NA,NA,NA,NA,NA,0.063,NA,8.213838621645293
2949,NA,NA,NA,NA,NA,NA,0.063,NA,8.213838621645293
2950,NA,NA,NA,NA,NA,NA,0.063,NA,8.213838621645293
2951,NA,NA,NA,NA,NA,NA,0.063,NA,8.213838621645293
2952,NA,NA,NA,NA,NA,NA,0.063,NA,8.213838621645293
2953,NA,NA,NA,NA,NA,NA,0.063,NA,8.213838621645293
2954,NA,NA,NA,NA,NA,NA,0.063,NA,8.213838621645293
2955,NA,NA,NA,NA,NA,NA,0.063,NA,8.213838621645293
2956,NA,NA,NA,NA,NA,NA,0.063,NA,8.213838621645293
2979,NA,NA,NA,NA,NA,NA,0.063,NA,8.213838621645293
2980,NA,NA,NA,NA,NA,NA,0.063,NA,8.213838621645293
2981,NA,NA,NA,NA,NA,NA,0.063,NA,8.213838621645293
2982,NA,NA,NA,NA,NA,NA,0.063,NA,8.213838621645293
2983,NA,NA,NA,NA,NA,NA,0.063,NA,8.213838621645293
2984,NA,NA,NA,NA,NA,NA,0.063,NA,8.213838621645293
2985,NA,NA,NA,NA,NA,NA,0.063,NA,8.213838621645293
2986,NA,NA,NA,NA,NA,NA,0.063,NA,8.213838621645293
2987,NA,NA,NA,NA,NA,NA,0.063,NA,8.213838621645293
2988,NA,NA,NA,NA,NA,NA,0.063,NA,8.213838621645293
2989,NA,NA,NA,NA,NA,NA,0.063,NA,8.213838621645293
2990,NA,NA,NA,NA,NA,NA,0.063,NA,8.213838621645293
2991,NA,NA,NA,NA,NA,NA,0.063,NA,8.213838621645293
2992,NA,NA,NA,NA,NA,NA,0.063,NA,8.213838621645293
2993,NA,NA,NA,NA,NA,NA,0.063,NA,8.213838621645293
2994,NA,NA,NA,NA,NA,NA,0.063,NA,8.213838621645293
3025,NA,NA,NA,NA,NA,NA,0.063,NA,8.213838621645293
3026,NA,NA,NA,NA,NA,NA,0.063,NA,8.213838621645293
3027,NA,NA,NA,NA,NA,NA,0.063,NA,8.213838621645293
3028,NA,NA,NA,NA,NA,NA,0.063,NA,8.213838621645293
3029,NA,NA,NA,NA,NA,NA,0.063,NA,8.213838621645293
3030,NA,NA,NA,NA,NA,NA,0.063,NA,8.213838621645293
3031,NA,NA,NA,NA,NA,NA,0.063,NA,8.213838621645293
3032,NA,NA,NA,NA,NA,NA,0.063,NA,8.213838621645293
3033,NA,NA,NA,NA,NA,NA,0.063,NA,8.213838621645293
3034,NA,NA,NA,NA,NA,NA,0.063,NA,8.213838621645293
3035,NA,NA,NA,NA,NA,NA,0.063,NA,8.213838621645293
3036,NA,NA,NA,NA,NA,NA,0.063,NA,8.213838621645293
3037,NA,NA,NA,NA,NA,NA,0.063,NA,8.213838621645293
3038,NA,NA,NA,NA,NA,NA,0.063,NA,8.213838621645293
3039,NA,NA,NA,NA,NA,NA,0.063,NA,8.213838621645293
3040,NA,NA,NA,NA,NA,NA,0.063,NA,8.213838621645293
3041,NA,NA,NA,NA,NA,NA,0.063,NA,8.213838621645293
3042,NA,NA,NA,NA,NA,NA,0.063,NA,8.213838621645293
3043,NA,NA,NA,NA,NA,NA,0.063,NA,8.213838621645293
3044,NA,NA,NA,NA,NA,NA,0.063,NA,8.213838621645293
3045,NA,NA,NA,NA,NA,NA,0.063,NA,8.213838621645293
3046,NA,NA,NA,NA,NA,NA,0.063,NA,8.213838621645293
3047,NA,NA,NA,NA,NA,NA,0.063,NA,8.213838621645293
3048,NA,NA,NA,NA,NA,NA,0.063,NA,8.213838621645293
3049,NA,NA,NA,NA,NA,NA,0.063,NA,8.213838621645293
3050,NA,NA,NA,NA,NA,NA,0.063,NA,8.213838621645293
3051,NA,NA,NA,NA,NA,NA,0.063,NA,8.213838621645293
3052,NA,NA,NA,NA,NA,NA,0.063,NA,8.213838621645293
3053,NA,NA,NA,NA,NA,NA,0.063,NA,8.213838621645293
3054,NA,NA,NA,NA,NA,NA,0.063,NA,8.213838621645293
3055,NA,NA,NA,NA,NA,NA,0.063,NA,8.213838621645293
3056,NA,NA,NA,NA,NA,NA,0.063,NA,8.213838621645293
3057,NA,NA,NA,NA,NA,NA,0.063,NA,8.213838621645293
3058,NA,NA,NA,NA,NA,NA,0.063,NA,8.213838621645293
3059,NA,NA,NA,NA,NA,NA,0.063,NA,8.213838621645293
3060,NA,NA,NA,NA,NA,NA,0.063,NA,8.213838621645293
3061,NA,NA,NA,NA,NA,NA,0.063,NA,8.213838621645293
3062,NA,NA,NA,NA,NA,NA,0.063,NA,8.213838621645293
3063,NA,NA,NA,NA,NA,NA,0.063,NA,8.213838621645293
3064,NA,NA,NA,NA,NA,NA,0.063,NA,8.213838621645293
3065,NA,NA,NA,NA,NA,NA,0.063,NA,8.213838621645293
3066,NA,NA,NA,NA,NA,NA,0.063,NA,8.213838621645293
3068,NA,NA,NA,NA,NA,NA,0.063,NA,8.213838621645293
3081,NA,NA,NA,NA,NA,NA,0.063,NA,8.213838621645293
3082,NA,NA,NA,NA,NA,NA,0.063,NA,8.213838621645293
3083,NA,NA,NA,NA,NA,NA,0.063,NA,8.213838621645293
3084,NA,NA,NA,NA,NA,NA,0.063,NA,8.213838621645293
3085,NA,NA,NA,NA,NA,NA,0.063,NA,8.213838621645293
3086,NA,NA,NA,NA,NA,NA,0.063,NA,8.213838621645293
3087,NA,NA,NA,NA,NA,NA,0.063,NA,8.213838621645293
3088,NA,NA,NA,NA,NA,NA,0.063,NA,8.213838621645293
3089,NA,NA,NA,NA,NA,NA,0.063,NA,8.213838621645293
3090,NA,NA,NA,NA,NA,NA,0.063,NA,8.213838621645293
3091,NA,NA,NA,NA,NA,NA,0.063,NA,8.213838621645293
3092,NA,NA,NA,NA,NA,NA,0.063,NA,8.213838621645293
3093,NA,NA,NA,NA,NA,NA,0.063,NA,8.213838621645293
3094,NA,NA,NA,NA,NA,NA,0.063,NA,8.213838621645293
3095,NA,NA,NA,NA,NA,NA,0.063,NA,8.213838621645293
3096,NA,NA,NA,NA,NA,NA,0.063,NA,8.213838621645293
3097,NA,NA,NA,NA,NA,NA,0.063,NA,8.213838621645293
3099,NA,NA,NA,NA,NA,NA,0.063,NA,8.213838621645293
3100,NA,NA,NA,NA,NA,NA,0.063,NA,8.213838621645293
3112,NA,NA,NA,NA,NA,NA,0.063,NA,8.213838621645293
3113,NA,NA,NA,NA,NA,NA,0.063,NA,8.213838621645293
3114,NA,NA,NA,NA,NA,NA,0.063,NA,8.213838621645293
3115,NA,NA,NA,NA,NA,NA,0.063,NA,8.213838621645293
3116,NA,NA,NA,NA,NA,NA,0.063,NA,8.213838621645293
3117,NA,NA,NA,NA,NA,NA,0.063,NA,8.213838621645293
3118,NA,NA,NA,NA,NA,NA,0.063,NA,8.213838621645293
3119,NA,NA,NA,NA,NA,NA,0.063,NA,8.213838621645293
3120,NA,NA,NA,NA,NA,NA,0.063,NA,8.213838621645293
3121,NA,NA,NA,NA,NA,NA,0.063,NA,8.213838621645293
3122,NA,NA,NA,NA,NA,NA,0.063,NA,8.213838621645293
3123,NA,NA,NA,NA,NA,NA,0.063,NA,8.213838621645293
3124,NA,NA,NA,NA,NA,NA,0.063,NA,8.213838621645293
3125,NA,NA,NA,NA,NA,NA,0.063,NA,8.213838621645293
3126,NA,NA,NA,NA,NA,NA,0.063,NA,8.213838621645293
3127,NA,NA,NA,NA,NA,NA,0.063,NA,8.213838621645293
3128,NA,NA,NA,NA,NA,NA,0.063,NA,8.213838621645293
3139,NA,NA,NA,NA,NA,NA,0.063,NA,8.213838621645293
3140,NA,NA,NA,NA,NA,NA,0.063,NA,8.213838621645293
3141,NA,NA,NA,NA,NA,NA,0.063,NA,8.213838621645293
3142,NA,NA,NA,NA,NA,NA,0.063,NA,8.213838621645293
3143,NA,NA,NA,NA,NA,NA,0.063,NA,8.213838621645293
3144,NA,NA,NA,NA,NA,NA,0.063,NA,8.213838621645293
3145,NA,NA,NA,NA,NA,NA,0.063,NA,8.213838621645293
3146,NA,NA,NA,NA,NA,NA,0.063,NA,8.213838621645293
3147,NA,NA,NA,NA,NA,NA,0.063,NA,8.213838621645293
3148,NA,NA,NA,NA,NA,NA,0.063,NA,8.213838621645293
3149,NA,NA,NA,NA,NA,NA,0.063,NA,8.213838621645293
3150,NA,NA,NA,NA,NA,NA,0.063,NA,8.213838621645293
3151,NA,NA,NA,NA,NA,NA,0.063,NA,8.213838621645293
3152,NA,NA,NA,NA,NA,NA,0.063,NA,8.213838621645293
3153,NA,NA,NA,NA,NA,NA,0.063,NA,8.213838621645293
3154,NA,NA,NA,NA,NA,NA,0.063,NA,8.213838621645293
3155,NA,NA,NA,NA,NA,NA,0.063,NA,8.213838621645293
3156,NA,NA,NA,NA,NA,NA,0.063,NA,8.213838621645293
3173,NA,NA,NA,NA,NA,NA,0.063,NA,8.213838621645293
3177,NA,NA,NA,NA,NA,NA,0.063,NA,8.213838621645293
3178,NA,NA,NA,NA,NA,NA,0.063,NA,8.213838621645293
3179,NA,NA,NA,NA,NA,NA,0.063,NA,8.213838621645293
3180,NA,NA,NA,NA,NA,NA,0.063,NA,8.213838621645293
3181,NA,NA,NA,NA,NA,NA,0.063,NA,8.213838621645293
3182,NA,NA,NA,NA,NA,NA,0.063,NA,8.213838621645293
3183,NA,NA,NA,NA,NA,NA,0.063,NA,8.213838621645293
3184,NA,NA,NA,NA,NA,NA,0.063,NA,8.213838621645293
3185,NA,NA,NA,NA,NA,NA,0.063,NA,8.213838621645293
3186,NA,NA,NA,NA,NA,NA,0.063,NA,8.213838621645293
3187,NA,NA,NA,NA,NA,NA,0.063,NA,8.213838621645293
3188,NA,NA,NA,NA,NA,NA,0.063,NA,8.213838621645293
3189,NA,NA,NA,NA,NA,NA,0.063,NA,8.213838621645293
3190,NA,NA,NA,NA,NA,NA,0.063,NA,8.213838621645293
3191,NA,NA,NA,NA,NA,NA,0.063,NA,8.213838621645293
3192,NA,NA,NA,NA,NA,NA,0.063,NA,8.213838621645293
3202,NA,NA,NA,NA,NA,NA,0.063,NA,8.213838621645293
3204,NA,NA,NA,NA,NA,NA,0.063,NA,8.213838621645293
3205,NA,NA,NA,NA,NA,NA,0.063,NA,8.213838621645293
3206,NA,NA,NA,NA,NA,NA,0.063,NA,8.213838621645293
3207,NA,NA,NA,NA,NA,NA,0.063,NA,8.213838621645293
3208,NA,NA,NA,NA,NA,NA,0.063,NA,8.213838621645293
3209,NA,NA,NA,NA,NA,NA,0.063,NA,8.213838621645293
3210,NA,NA,NA,NA,NA,NA,0.063,NA,8.213838621645293
3211,NA,NA,NA,NA,NA,NA,0.063,NA,8.213838621645293
3212,NA,NA,NA,NA,NA,NA,0.063,NA,8.213838621645293
3213,NA,NA,NA,NA,NA,NA,0.063,NA,8.213838621645293
3214,NA,NA,NA,NA,NA,NA,0.063,NA,8.213838621645293
3215,NA,NA,NA,NA,NA,NA,0.063,NA,8.213838621645293
3216,NA,NA,NA,NA,NA,NA,0.063,NA,8.213838621645293
3217,NA,NA,NA,NA,NA,NA,0.063,NA,8.213838621645293
3218,NA,NA,NA,NA,NA,NA,0.063,NA,8.213838621645293
3219,NA,NA,NA,NA,NA,NA,0.063,NA,8.213838621645293
3220,NA,NA,NA,NA,NA,NA,0.063,NA,8.213838621645293
3221,NA,NA,NA,NA,NA,NA,0.063,NA,8.213838621645293
3239,NA,NA,NA,NA,NA,NA,0.063,NA,8.213838621645293
3240,NA,NA,NA,NA,NA,NA,0.063,NA,8.213838621645293
3241,NA,NA,NA,NA,NA,NA,0.063,NA,8.213838621645293
3242,NA,NA,NA,NA,NA,NA,0.063,NA,8.213838621645293
3243,NA,NA,NA,NA,NA,NA,0.063,NA,8.213838621645293
3244,NA,NA,NA,NA,NA,NA,0.063,NA,8.213838621645293
3245,NA,NA,NA,NA,NA,NA,0.063,NA,8.213838621645293
3246,NA,NA,NA,NA,NA,NA,0.063,NA,8.213838621645293
3247,NA,NA,NA,NA,NA,NA,0.063,NA,8.213838621645293
3248,NA,NA,NA,NA,NA,NA,0.063,NA,8.213838621645293
3249,NA,NA,NA,NA,NA,NA,0.063,NA,8.213838621645293
3250,NA,NA,NA,NA,NA,NA,0.063,NA,8.213838621645293
3251,NA,NA,NA,NA,NA,NA,0.063,NA,8.213838621645293
3252,NA,NA,NA,NA,NA,NA,0.063,NA,8.213838621645293
3253,NA,NA,NA,NA,NA,NA,0.063,NA,8.213838621645293
3254,NA,NA,NA,NA,NA,NA,0.063,NA,8.213838621645293
3265,NA,NA,NA,NA,NA,NA,0.063,NA,8.213838621645293
3273,NA,NA,NA,NA,NA,NA,0.063,NA,8.213838621645293
3274,NA,NA,NA,NA,NA,NA,0.063,NA,8.213838621645293
3275,NA,NA,NA,NA,NA,NA,0.063,NA,8.213838621645293
3276,NA,NA,NA,NA,NA,NA,0.063,NA,8.213838621645293
3277,NA,NA,NA,NA,NA,NA,0.063,NA,8.213838621645293
3278,NA,NA,NA,NA,NA,NA,0.063,NA,8.213838621645293
3279,NA,NA,NA,NA,NA,NA,0.063,NA,8.213838621645293
3280,NA,NA,NA,NA,NA,NA,0.063,NA,8.213838621645293
3281,NA,NA,NA,NA,NA,NA,0.063,NA,8.213838621645293
3282,NA,NA,NA,NA,NA,NA,0.063,NA,8.213838621645293
3283,NA,NA,NA,NA,NA,NA,0.063,NA,8.213838621645293
3284,NA,NA,NA,NA,NA,NA,0.063,NA,8.213838621645293
3285,NA,NA,NA,NA,NA,NA,0.063,NA,8.213838621645293
3286,NA,NA,NA,NA,NA,NA,0.063,NA,8.213838621645293
3287,NA,NA,NA,NA,NA,NA,0.063,NA,8.213838621645293
3288,NA,NA,NA,NA,NA,NA,0.063,NA,8.213838621645293
3289,NA,NA,NA,NA,NA,NA,0.063,NA,8.213838621645293
3290,NA,NA,NA,NA,NA,NA,0.063,NA,8.213838621645293
3291,NA,NA,NA,NA,NA,NA,0.063,NA,8.213838621645293
3292,NA,NA,NA,NA,NA,NA,0.063,NA,8.213838621645293
3293,NA,NA,NA,NA,NA,NA,0.063,NA,8.213838621645293
3294,NA,NA,NA,NA,NA,NA,0.063,NA,8.213838621645293
3295,NA,NA,NA,NA,NA,NA,0.063,NA,8.213838621645293
3296,NA,NA,NA,NA,NA,NA,0.063,NA,8.213838621645293
3297,NA,NA,NA,NA,NA,NA,0.063,NA,8.213838621645293
3300,NA,NA,NA,NA,NA,NA,0.063,NA,8.213838621645293
3312,NA,NA,NA,NA,NA,NA,0.063,NA,8.213838621645293
3313,NA,NA,NA,NA,NA,NA,0.063,NA,8.213838621645293
3323,NA,NA,NA,NA,NA,NA,0.063,NA,8.213838621645293
3324,NA,NA,NA,NA,NA,NA,0.063,NA,8.213838621645293
3325,NA,NA,NA,NA,NA,NA,0.063,NA,8.213838621645293
3326,NA,NA,NA,NA,NA,NA,0.063,NA,8.213838621645293
3327,NA,NA,NA,NA,NA,NA,0.063,NA,8.213838621645293
3328,NA,NA,NA,NA,NA,NA,0.063,NA,8.213838621645293
3329,NA,NA,NA,NA,NA,NA,0.063,NA,8.213838621645293
3330,NA,NA,NA,NA,NA,NA,0.063,NA,8.213838621645293
3331,NA,NA,NA,NA,NA,NA,0.063,NA,8.213838621645293
3332,NA,NA,NA,NA,NA,NA,0.063,NA,8.213838621645293
3333,NA,NA,NA,NA,NA,NA,0.063,NA,8.213838621645293
3334,NA,NA,NA,NA,NA,NA,0.063,NA,8.213838621645293
3335,NA,NA,NA,NA,NA,NA,0.063,NA,8.213838621645293
3336,NA,NA,NA,NA,NA,NA,0.063,NA,8.213838621645293
3337,NA,NA,NA,NA,NA,NA,0.063,NA,8.213838621645293
3338,NA,NA,NA,NA,NA,NA,0.063,NA,8.213838621645293
3339,NA,NA,NA,NA,NA,NA,0.063,NA,8.213838621645293
3340,NA,NA,NA,NA,NA,NA,0.063,NA,8.213838621645293
3341,NA,NA,NA,NA,NA,NA,0.063,NA,8.213838621645293
3349,NA,NA,NA,NA,NA,NA,0.063,NA,8.213838621645293
3350,NA,NA,NA,NA,NA,NA,0.063,NA,8.213838621645293
3351,NA,NA,NA,NA,NA,NA,0.063,NA,8.213838621645293
3352,NA,NA,NA,NA,NA,NA,0.063,NA,8.213838621645293
3353,NA,NA,NA,NA,NA,NA,0.063,NA,8.213838621645293
3373,NA,NA,NA,NA,NA,NA,0.063,NA,8.213838621645293
3374,NA,NA,NA,NA,NA,NA,0.063,NA,8.213838621645293
3375,NA,NA,NA,NA,NA,NA,0.063,NA,8.213838621645293
3376,NA,NA,NA,NA,NA,NA,0.063,NA,8.213838621645293
3377,NA,NA,NA,NA,NA,NA,0.063,NA,8.213838621645293
3378,NA,NA,NA,NA,NA,NA,0.063,NA,8.213838621645293
3379,NA,NA,NA,NA,NA,NA,0.063,NA,8.213838621645293
3380,NA,NA,NA,NA,NA,NA,0.063,NA,8.213838621645293
3381,NA,NA,NA,NA,NA,NA,0.063,NA,8.213838621645293
3382,NA,NA,NA,NA,NA,NA,0.063,NA,8.213838621645293
3383,NA,NA,NA,NA,NA,NA,0.063,NA,8.213838621645293
3384,NA,NA,NA,NA,NA,NA,0.063,NA,8.213838621645293
3385,NA,NA,NA,NA,NA,NA,0.063,NA,8.213838621645293
3386,NA,NA,NA,NA,NA,NA,0.063,NA,8.213838621645293
3387,NA,NA,NA,NA,NA,NA,0.063,NA,8.213838621645293
3388,NA,NA,NA,NA,NA,NA,0.063,NA,8.213838621645293
3389,NA,NA,NA,NA,NA,NA,0.063,NA,8.213838621645293
3394,NA,NA,NA,NA,NA,NA,0.063,NA,8.213838621645293
3395,NA,NA,NA,NA,NA,NA,0.063,NA,8.213838621645293
3410,NA,NA,NA,NA,NA,NA,0.063,NA,8.213838621645293
3414,NA,NA,NA,NA,NA,NA,0.063,NA,8.213838621645293
3415,NA,NA,NA,NA,NA,NA,0.063,NA,8.213838621645293
3416,NA,NA,NA,NA,NA,NA,0.063,NA,8.213838621645293
3417,NA,NA,NA,NA,NA,NA,0.063,NA,8.213838621645293
3418,NA,NA,NA,NA,NA,NA,0.063,NA,8.213838621645293
3419,NA,NA,NA,NA,NA,NA,0.063,NA,8.213838621645293
3420,NA,NA,NA,NA,NA,NA,0.063,NA,8.213838621645293
3421,NA,NA,NA,NA,NA,NA,0.063,NA,8.213838621645293
3422,NA,NA,NA,NA,NA,NA,0.063,NA,8.213838621645293
3423,NA,NA,NA,NA,NA,NA,0.063,NA,8.213838621645293
3424,NA,NA,NA,NA,NA,NA,0.063,NA,8.213838621645293
3425,NA,NA,NA,NA,NA,NA,0.063,NA,8.213838621645293
3426,NA,NA,NA,NA,NA,NA,0.063,NA,8.213838621645293
3427,NA,NA,NA,NA,NA,NA,0.063,NA,8.213838621645293
3428,NA,NA,NA,NA,NA,NA,0.063,NA,8.213838621645293
3429,NA,NA,NA,NA,NA,NA,0.063,NA,8.213838621645293
3430,NA,NA,NA,NA,NA,NA,0.063,NA,8.213838621645293
3431,NA,NA,NA,NA,NA,NA,0.063,NA,8.213838621645293
3432,NA,NA,NA,NA,NA,NA,0.063,NA,8.213838621645293
3433,NA,NA,NA,NA,NA,NA,0.063,NA,8.213838621645293
3443,NA,NA,NA,NA,NA,NA,0.063,NA,8.213838621645293
3444,NA,NA,NA,NA,NA,NA,0.063,NA,8.213838621645293
3445,NA,NA,NA,NA,NA,NA,0.063,NA,8.213838621645293
3446,NA,NA,NA,NA,NA,NA,0.063,NA,8.213838621645293
3447,NA,NA,NA,NA,NA,NA,0.063,NA,8.213838621645293
3448,NA,NA,NA,NA,NA,NA,0.063,NA,8.213838621645293
3449,NA,NA,NA,NA,NA,NA,0.063,NA,8.213838621645293
3450,NA,NA,NA,NA,NA,NA,0.063,NA,8.213838621645293
3451,NA,NA,NA,NA,NA,NA,0.063,NA,8.213838621645293
3452,NA,NA,NA,NA,NA,NA,0.063,NA,8.213838621645293
3453,NA,NA,NA,NA,NA,NA,0.063,NA,8.213838621645293
3454,NA,NA,NA,NA,NA,NA,0.063,NA,8.213838621645293
3455,NA,NA,NA,NA,NA,NA,0.063,NA,8.213838621645293
3458,NA,NA,NA,NA,NA,NA,0.063,NA,8.213838621645293
3468,NA,NA,NA,NA,NA,NA,0.063,NA,8.213838621645293
3473,NA,NA,NA,NA,NA,NA,0.063,NA,8.213838621645293
3474,NA,NA,NA,NA,NA,NA,0.063,NA,8.213838621645293
3475,NA,NA,NA,NA,NA,NA,0.063,NA,8.213838621645293
3476,NA,NA,NA,NA,NA,NA,0.063,NA,8.213838621645293
3477,NA,NA,NA,NA,NA,NA,0.063,NA,8.213838621645293
3478,NA,NA,NA,NA,NA,NA,0.063,NA,8.213838621645293
3479,NA,NA,NA,NA,NA,NA,0.063,NA,8.213838621645293
3480,NA,NA,NA,NA,NA,NA,0.063,NA,8.213838621645293
3481,NA,NA,NA,NA,NA,NA,0.063,NA,8.213838621645293
3494,NA,NA,NA,NA,NA,NA,0.063,NA,8.213838621645293
3495,NA,NA,NA,NA,NA,NA,0.063,NA,8.213838621645293
3496,NA,NA,NA,NA,NA,NA,0.063,NA,8.213838621645293
3497,NA,NA,NA,NA,NA,NA,0.063,NA,8.213838621645293
3498,NA,NA,NA,NA,NA,NA,0.063,NA,8.213838621645293
3499,NA,NA,NA,NA,NA,NA,0.063,NA,8.213838621645293
3500,NA,NA,NA,NA,NA,NA,0.063,NA,8.213838621645293
3501,NA,NA,NA,NA,NA,NA,0.063,NA,8.213838621645293
3502,NA,NA,NA,NA,NA,NA,0.063,NA,8.213838621645293
3503,NA,NA,NA,NA,NA,NA,0.063,NA,8.213838621645293
3504,NA,NA,NA,NA,NA,NA,0.063,NA,8.213838621645293
3515,NA,NA,NA,NA,NA,NA,0.063,NA,8.213838621645293
3516,NA,NA,NA,NA,NA,NA,0.063,NA,8.213838621645293
3517,NA,NA,NA,NA,NA,NA,0.063,NA,8.213838621645293
3518,NA,NA,NA,NA,NA,NA,0.063,NA,8.213838621645293
3519,NA,NA,NA,NA,NA,NA,0.063,NA,8.213838621645293
3520,NA,NA,NA,NA,NA,NA,0.063,NA,8.213838621645293
3521,NA,NA,NA,NA,NA,NA,0.063,NA,8.213838621645293
3522,NA,NA,NA,NA,NA,NA,0.063,NA,8.213838621645293
3523,NA,NA,NA,NA,NA,NA,0.063,NA,8.213838621645293
3524,NA,NA,NA,NA,NA,NA,0.063,NA,8.213838621645293
3525,NA,NA,NA,NA,NA,NA,0.063,NA,8.213838621645293
3536,NA,NA,NA,NA,NA,NA,0.063,NA,8.213838621645293
3537,NA,NA,NA,NA,NA,NA,0.063,NA,8.213838621645293
3538,NA,NA,NA,NA,NA,NA,0.063,NA,8.213838621645293
3539,NA,NA,NA,NA,NA,NA,0.063,NA,8.213838621645293
3540,NA,NA,NA,NA,NA,NA,0.063,NA,8.213838621645293
3541,NA,NA,NA,NA,NA,NA,0.063,NA,8.213838621645293
3542,NA,NA,NA,NA,NA,NA,0.063,NA,8.213838621645293
3543,NA,NA,NA,NA,NA,NA,0.063,NA,8.213838621645293
3556,NA,NA,NA,NA,NA,NA,0.063,NA,8.213838621645293
3557,NA,NA,NA,NA,NA,NA,0.063,NA,8.213838621645293
3558,NA,NA,NA,NA,NA,NA,0.063,NA,8.213838621645293
3559,NA,NA,NA,NA,NA,NA,0.063,NA,8.213838621645293
3560,NA,NA,NA,NA,NA,NA,0.063,NA,8.213838621645293
3561,NA,NA,NA,NA,NA,NA,0.063,NA,8.213838621645293
3562,NA,NA,NA,NA,NA,NA,0.063,NA,8.213838621645293
3563,NA,NA,NA,NA,NA,NA,0.063,NA,8.213838621645293
3564,NA,NA,NA,NA,NA,NA,0.063,NA,8.213838621645293
3565,NA,NA,NA,NA,NA,NA,0.063,NA,8.213838621645293
3566,NA,NA,NA,NA,NA,NA,0.063,NA,8.213838621645293
3567,NA,NA,NA,NA,NA,NA,0.063,NA,8.213838621645293
3568,NA,NA,NA,NA,NA,NA,0.063,NA,8.213838621645293
3569,NA,NA,NA,NA,NA,NA,0.063,NA,8.213838621645293
3570,NA,NA,NA,NA,NA,NA,0.063,NA,8.213838621645293
3571,NA,NA,NA,NA,NA,NA,0.063,NA,8.213838621645293
3572,NA,NA,NA,NA,NA,NA,0.063,NA,8.213838621645293
3573,NA,NA,NA,NA,NA,NA,0.063,NA,8.213838621645293
3574,NA,NA,NA,NA,NA,NA,0.063,NA,8.213838621645293
3575,NA,NA,NA,NA,NA,NA,0.063,NA,8.213838621645293
3598,NA,NA,NA,NA,NA,NA,0.063,NA,8.213838621645293
3599,NA,NA,NA,NA,NA,NA,0.063,NA,8.213838621645293
3600,NA,NA,NA,NA,NA,NA,0.063,NA,8.213838621645293
3601,NA,NA,NA,NA,NA,NA,0.063,NA,8.213838621645293
3602,NA,NA,NA,NA,NA,NA,0.063,NA,8.213838621645293
3603,NA,NA,NA,NA,NA,NA,0.063,NA,8.213838621645293
3604,NA,NA,NA,NA,NA,NA,0.063,NA,8.213838621645293
3605,NA,NA,NA,NA,NA,NA,0.063,NA,8.213838621645293
3606,NA,NA,NA,NA,NA,NA,0.063,NA,8.213838621645293
3607,NA,NA,NA,NA,NA,NA,0.063,NA,8.213838621645293
3608,NA,NA,NA,NA,NA,NA,0.063,NA,8.213838621645293
3609,NA,NA,NA,NA,NA,NA,0.063,NA,8.213838621645293
3610,NA,NA,NA,NA,NA,NA,0.063,NA,8.213838621645293
3611,NA,NA,NA,NA,NA,NA,0.063,NA,8.213838621645293
3612,NA,NA,NA,NA,NA,NA,0.063,NA,8.213838621645293
3613,NA,NA,NA,NA,NA,NA,0.063,NA,8.213838621645293
3614,NA,NA,NA,NA,NA,NA,0.063,NA,8.213838621645293
3615,NA,NA,NA,NA,NA,NA,0.063,NA,8.213838621645293
3616,NA,NA,NA,NA,NA,NA,0.063,NA,8.213838621645293
3630,NA,NA,NA,NA,NA,NA,0.063,NA,8.213838621645293
3631,NA,NA,NA,NA,NA,NA,0.063,NA,8.213838621645293
3632,NA,NA,NA,NA,NA,NA,0.063,NA,8.213838621645293
3633,NA,NA,NA,NA,NA,NA,0.063,NA,8.213838621645293
3634,NA,NA,NA,NA,NA,NA,0.063,NA,8.213838621645293
3635,NA,NA,NA,NA,NA,NA,0.063,NA,8.213838621645293
3636,NA,NA,NA,NA,NA,NA,0.063,NA,8.213838621645293
3637,NA,NA,NA,NA,NA,NA,0.063,NA,8.213838621645293
3638,NA,NA,NA,NA,NA,NA,0.063,NA,8.213838621645293
3639,NA,NA,NA,NA,NA,NA,0.063,NA,8.213838621645293
3640,NA,NA,NA,NA,NA,NA,0.063,NA,8.213838621645293
3641,NA,NA,NA,NA,NA,NA,0.063,NA,8.213838621645293
3642,NA,NA,NA,NA,NA,NA,0.063,NA,8.213838621645293
3643,NA,NA,NA,NA,NA,NA,0.063,NA,8.213838621645293
3644,NA,NA,NA,NA,NA,NA,0.063,NA,8.213838621645293
3645,NA,NA,NA,NA,NA,NA,0.063,NA,8.213838621645293
3646,NA,NA,NA,NA,NA,NA,0.063,NA,8.213838621645293
3647,NA,NA,NA,NA,NA,NA,0.063,NA,8.213838621645293
3648,NA,NA,NA,NA,NA,NA,0.063,NA,8.213838621645293
3649,NA,NA,NA,NA,NA,NA,0.063,NA,8.213838621645293
3654,NA,NA,NA,NA,NA,NA,0.063,NA,8.213838621645293
3656,NA,NA,NA,NA,NA,NA,0.063,NA,8.213838621645293
3657,NA,NA,NA,NA,NA,NA,0.063,NA,8.213838621645293
3658,NA,NA,NA,NA,NA,NA,0.063,NA,8.213838621645293
3673,NA,NA,NA,NA,NA,NA,0.063,NA,8.213838621645293
3674,NA,NA,NA,NA,NA,NA,0.063,NA,8.213838621645293
3675,NA,NA,NA,NA,NA,NA,0.063,NA,8.213838621645293
3676,NA,NA,NA,NA,NA,NA,0.063,NA,8.213838621645293
3677,NA,NA,NA,NA,NA,NA,0.063,NA,8.213838621645293
3678,NA,NA,NA,NA,NA,NA,0.063,NA,8.213838621645293
3679,NA,NA,NA,NA,NA,NA,0.063,NA,8.213838621645293
3680,NA,NA,NA,NA,NA,NA,0.063,NA,8.213838621645293
3681,NA,NA,NA,NA,NA,NA,0.063,NA,8.213838621645293
3682,NA,NA,NA,NA,NA,NA,0.063,NA,8.213838621645293
3683,NA,NA,NA,NA,NA,NA,0.063,NA,8.213838621645293
3684,NA,NA,NA,NA,NA,NA,0.063,NA,8.213838621645293
3699,NA,NA,NA,NA,NA,NA,0.063,NA,8.213838621645293
3700,NA,NA,NA,NA,NA,NA,0.063,NA,8.213838621645293
3701,NA,NA,NA,NA,NA,NA,0.063,NA,8.213838621645293
3702,NA,NA,NA,NA,NA,NA,0.063,NA,8.213838621645293
3703,NA,NA,NA,NA,NA,NA,0.063,NA,8.213838621645293
3704,NA,NA,NA,NA,NA,NA,0.063,NA,8.213838621645293
3705,NA,NA,NA,NA,NA,NA,0.063,NA,8.213838621645293
3706,NA,NA,NA,NA,NA,NA,0.063,NA,8.213838621645293
3707,NA,NA,NA,NA,NA,NA,0.063,NA,8.213838621645293
3709,NA,NA,NA,NA,NA,NA,0.063,NA,8.213838621645293
3721,NA,NA,NA,NA,NA,NA,0.063,NA,8.213838621645293
3722,NA,NA,NA,NA,NA,NA,0.063,NA,8.213838621645293
3723,NA,NA,NA,NA,NA,NA,0.063,NA,8.213838621645293
3724,NA,NA,NA,NA,NA,NA,0.063,NA,8.213838621645293
3725,NA,NA,NA,NA,NA,NA,0.063,NA,8.213838621645293
3726,NA,NA,NA,NA,NA,NA,0.063,NA,8.213838621645293
3727,NA,NA,NA,NA,NA,NA,0.063,NA,8.213838621645293
3728,NA,NA,NA,NA,NA,NA,0.063,NA,8.213838621645293
3729,NA,NA,NA,NA,NA,NA,0.063,NA,8.213838621645293
3730,NA,NA,NA,NA,NA,NA,0.063,NA,8.213838621645293
3731,NA,NA,NA,NA,NA,NA,0.063,NA,8.213838621645293
3755,NA,NA,NA,NA,NA,NA,0.063,NA,8.213838621645293
3756,NA,NA,NA,NA,NA,NA,0.063,NA,8.213838621645293
3757,NA,NA,NA,NA,NA,NA,0.063,NA,8.213838621645293
3758,NA,NA,NA,NA,NA,NA,0.063,NA,8.213838621645293
3759,NA,NA,NA,NA,NA,NA,0.063,NA,8.213838621645293
3760,NA,NA,NA,NA,NA,NA,0.063,NA,8.213838621645293
3761,NA,NA,NA,NA,NA,NA,0.063,NA,8.213838621645293
3762,NA,NA,NA,NA,NA,NA,0.063,NA,8.213838621645293
3763,NA,NA,NA,NA,NA,NA,0.063,NA,8.213838621645293
3764,NA,NA,NA,NA,NA,NA,0.063,NA,8.213838621645293
3765,NA,NA,NA,NA,NA,NA,0.063,NA,8.213838621645293
3766,NA,NA,NA,NA,NA,NA,0.063,NA,8.213838621645293
3767,NA,NA,NA,NA,NA,NA,0.063,NA,8.213838621645293
3768,NA,NA,NA,NA,NA,NA,0.063,NA,8.213838621645293
3769,NA,NA,NA,NA,NA,NA,0.063,NA,8.213838621645293
3770,NA,NA,NA,NA,NA,NA,0.063,NA,8.213838621645293
3771,NA,NA,NA,NA,NA,NA,0.063,NA,8.213838621645293
3772,NA,NA,NA,NA,NA,NA,0.063,NA,8.213838621645293
3773,NA,NA,NA,NA,NA,NA,0.063,NA,8.213838621645293
3774,NA,NA,NA,NA,NA,NA,0.063,NA,8.213838621645293
3775,NA,NA,NA,NA,NA,NA,0.063,NA,8.213838621645293
3776,NA,NA,NA,NA,NA,NA,0.063,NA,8.213838621645293
3777,NA,NA,NA,NA,NA,NA,0.063,NA,8.213838621645293
3778,NA,NA,NA,NA,NA,NA,0.063,NA,8.213838621645293
3779,NA,NA,NA,NA,NA,NA,0.063,NA,8.213838621645293
3780,NA,NA,NA,NA,NA,NA,0.063,NA,8.213838621645293
3794,NA,NA,NA,NA,NA,NA,0.063,NA,8.213838621645293
3801,NA,NA,NA,NA,NA,NA,0.063,NA,8.213838621645293
3802,NA,NA,NA,NA,NA,NA,0.063,NA,8.213838621645293
3803,NA,NA,NA,NA,NA,NA,0.063,NA,8.213838621645293
3804,NA,NA,NA,NA,NA,NA,0.063,NA,8.213838621645293
3805,NA,NA,NA,NA,NA,NA,0.063,NA,8.213838621645293
3806,NA,NA,NA,NA,NA,NA,0.063,NA,8.213838621645293
3807,NA,NA,NA,NA,NA,NA,0.063,NA,8.213838621645293
3808,NA,NA,NA,NA,NA,NA,0.063,NA,8.213838621645293
3809,NA,NA,NA,NA,NA,NA,0.063,NA,8.213838621645293
3810,NA,NA,NA,NA,NA,NA,0.063,NA,8.213838621645293
3811,NA,NA,NA,NA,NA,NA,0.063,NA,8.213838621645293
3812,NA,NA,NA,NA,NA,NA,0.063,NA,8.213838621645293
3813,NA,NA,NA,NA,NA,NA,0.063,NA,8.213838621645293
3814,NA,NA,NA,NA,NA,NA,0.063,NA,8.213838621645293
3815,NA,NA,NA,NA,NA,NA,0.063,NA,8.213838621645293
3816,NA,NA,NA,NA,NA,NA,0.063,NA,8.213838621645293
3817,NA,NA,NA,NA,NA,NA,0.063,NA,8.213838621645293
3818,NA,NA,NA,NA,NA,NA,0.063,NA,8.213838621645293
3819,NA,NA,NA,NA,NA,NA,0.063,NA,8.213838621645293
3820,NA,NA,NA,NA,NA,NA,0.063,NA,8.213838621645293
3821,NA,NA,NA,NA,NA,NA,0.063,NA,8.213838621645293
3829,NA,NA,NA,NA,NA,NA,0.063,NA,8.213838621645293
3832,NA,NA,NA,NA,NA,NA,0.063,NA,8.213838621645293
3833,NA,NA,NA,NA,NA,NA,0.063,NA,8.213838621645293
3834,NA,NA,NA,NA,NA,NA,0.063,NA,8.213838621645293
3835,NA,NA,NA,NA,NA,NA,0.063,NA,8.213838621645293
3836,NA,NA,NA,NA,NA,NA,0.063,NA,8.213838621645293
3837,NA,NA,NA,NA,NA,NA,0.063,NA,8.213838621645293
3838,NA,NA,NA,NA,NA,NA,0.063,NA,8.213838621645293
3839,NA,NA,NA,NA,NA,NA,0.063,NA,8.213838621645293
3858,NA,NA,NA,NA,NA,NA,0.063,NA,8.213838621645293
3859,NA,NA,NA,NA,NA,NA,0.063,NA,8.213838621645293
3860,NA,NA,NA,NA,NA,NA,0.063,NA,8.213838621645293
3861,NA,NA,NA,NA,NA,NA,0.063,NA,8.213838621645293
3862,NA,NA,NA,NA,NA,NA,0.063,NA,8.213838621645293
3863,NA,NA,NA,NA,NA,NA,0.063,NA,8.213838621645293
3864,NA,NA,NA,NA,NA,NA,0.063,NA,8.213838621645293
3865,NA,NA,NA,NA,NA,NA,0.063,NA,8.213838621645293
3866,NA,NA,NA,NA,NA,NA,0.063,NA,8.213838621645293
3867,NA,NA,NA,NA,NA,NA,0.063,NA,8.213838621645293
3868,NA,NA,NA,NA,NA,NA,0.063,NA,8.213838621645293
3869,NA,NA,NA,NA,NA,NA,0.063,NA,8.213838621645293
3870,NA,NA,NA,NA,NA,NA,0.063,NA,8.213838621645293
3871,NA,NA,NA,NA,NA,NA,0.063,NA,8.213838621645293
3872,NA,NA,NA,NA,NA,NA,0.063,NA,8.213838621645293
3873,NA,NA,NA,NA,NA,NA,0.063,NA,8.213838621645293
3874,NA,NA,NA,NA,NA,NA,0.063,NA,8.213838621645293
3875,NA,NA,NA,NA,NA,NA,0.063,NA,8.213838621645293
3876,NA,NA,NA,NA,NA,NA,0.063,NA,8.213838621645293
3877,NA,NA,NA,NA,NA,NA,0.063,NA,8.213838621645293
3878,NA,NA,NA,NA,NA,NA,0.063,NA,8.213838621645293
3879,NA,NA,NA,NA,NA,NA,0.063,NA,8.213838621645293
3880,NA,NA,NA,NA,NA,NA,0.063,NA,8.213838621645293
3881,NA,NA,NA,NA,NA,NA,0.063,NA,8.213838621645293
3882,NA,NA,NA,NA,NA,NA,0.063,NA,8.213838621645293
3883,NA,NA,NA,NA,NA,NA,0.063,NA,8.213838621645293
3884,NA,NA,NA,NA,NA,NA,0.063,NA,8.213838621645293
3885,NA,NA,NA,NA,NA,NA,0.063,NA,8.213838621645293
3886,NA,NA,NA,NA,NA,NA,0.063,NA,8.213838621645293
3890,NA,NA,NA,NA,NA,NA,0.063,NA,8.213838621645293
3902,NA,NA,NA,NA,NA,NA,0.063,NA,8.213838621645293
3906,NA,NA,NA,NA,NA,NA,0.063,NA,8.213838621645293
3907,NA,NA,NA,NA,NA,NA,0.063,NA,8.213838621645293
3908,NA,NA,NA,NA,NA,NA,0.063,NA,8.213838621645293
3909,NA,NA,NA,NA,NA,NA,0.063,NA,8.213838621645293
3910,NA,NA,NA,NA,NA,NA,0.063,NA,8.213838621645293
3911,NA,NA,NA,NA,NA,NA,0.063,NA,8.213838621645293
3912,NA,NA,NA,NA,NA,NA,0.063,NA,8.213838621645293
3913,NA,NA,NA,NA,NA,NA,0.063,NA,8.213838621645293
3914,NA,NA,NA,NA,NA,NA,0.063,NA,8.213838621645293
3915,NA,NA,NA,NA,NA,NA,0.063,NA,8.213838621645293
3916,NA,NA,NA,NA,NA,NA,0.063,NA,8.213838621645293
3917,NA,NA,NA,NA,NA,NA,0.063,NA,8.213838621645293
3918,NA,NA,NA,NA,NA,NA,0.063,NA,8.213838621645293
3919,NA,NA,NA,NA,NA,NA,0.063,NA,8.213838621645293
3920,NA,NA,NA,NA,NA,NA,0.063,NA,8.213838621645293
3927,NA,NA,NA,NA,NA,NA,0.063,NA,8.213838621645293
3928,NA,NA,NA,NA,NA,NA,0.063,NA,8.213838621645293
3929,NA,NA,NA,NA,NA,NA,0.063,NA,8.213838621645293
3930,NA,NA,NA,NA,NA,NA,0.063,NA,8.213838621645293
3931,NA,NA,NA,NA,NA,NA,0.063,NA,8.213838621645293
3942,NA,NA,NA,NA,NA,NA,0.063,NA,8.213838621645293
3943,NA,NA,NA,NA,NA,NA,0.063,NA,8.213838621645293
3944,NA,NA,NA,NA,NA,NA,0.063,NA,8.213838621645293
3945,NA,NA,NA,NA,NA,NA,0.063,NA,8.213838621645293
3946,NA,NA,NA,NA,NA,NA,0.063,NA,8.213838621645293
3947,NA,NA,NA,NA,NA,NA,0.063,NA,8.213838621645293
3948,NA,NA,NA,NA,NA,NA,0.063,NA,8.213838621645293
3949,NA,NA,NA,NA,NA,NA,0.063,NA,8.213838621645293
3950,NA,NA,NA,NA,NA,NA,0.063,NA,8.213838621645293
3951,NA,NA,NA,NA,NA,NA,0.063,NA,8.213838621645293
3952,NA,NA,NA,NA,NA,NA,0.063,NA,8.213838621645293
3953,NA,NA,NA,NA,NA,NA,0.063,NA,8.213838621645293
3954,NA,NA,NA,NA,NA,NA,0.063,NA,8.213838621645293
3955,NA,NA,NA,NA,NA,NA,0.063,NA,8.213838621645293
3961,NA,NA,NA,NA,NA,NA,0.063,NA,8.213838621645293
3962,NA,NA,NA,NA,NA,NA,0.063,NA,8.213838621645293
3963,NA,NA,NA,NA,NA,NA,0.063,NA,8.213838621645293
3964,NA,NA,NA,NA,NA,NA,0.063,NA,8.213838621645293
3965,NA,NA,NA,NA,NA,NA,0.063,NA,8.213838621645293
3990,NA,NA,NA,NA,NA,NA,0.063,NA,8.213838621645293
3991,NA,NA,NA,NA,NA,NA,0.063,NA,8.213838621645293
3992,NA,NA,NA,NA,NA,NA,0.063,NA,8.213838621645293
3993,NA,NA,NA,NA,NA,NA,0.063,NA,8.213838621645293
3994,NA,NA,NA,NA,NA,NA,0.063,NA,8.213838621645293
3995,NA,NA,NA,NA,NA,NA,0.063,NA,8.213838621645293
3996,NA,NA,NA,NA,NA,NA,0.063,NA,8.213838621645293
3997,NA,NA,NA,NA,NA,NA,0.063,NA,8.213838621645293
3998,NA,NA,NA,NA,NA,NA,0.063,NA,8.213838621645293
3999,NA,NA,NA,NA,NA,NA,0.063,NA,8.213838621645293
4000,NA,NA,NA,NA,NA,NA,0.063,NA,8.213838621645293
4001,NA,NA,NA,NA,NA,NA,0.063,NA,8.213838621645293
4002,NA,NA,NA,NA,NA,NA,0.063,NA,8.213838621645293
4003,NA,NA,NA,NA,NA,NA,0.063,NA,8.213838621645293
4004,NA,NA,NA,NA,NA,NA,0.063,NA,8.213838621645293
4005,NA,NA,NA,NA,NA,NA,0.063,NA,8.213838621645293
4006,NA,NA,NA,NA,NA,NA,0.063,NA,8.213838621645293
4007,NA,NA,NA,NA,NA,NA,0.063,NA,8.213838621645293
4008,NA,NA,NA,NA,NA,NA,0.063,NA,8.213838621645293
4009,NA,NA,NA,NA,NA,NA,0.063,NA,8.213838621645293
4010,NA,NA,NA,NA,NA,NA,0.063,NA,8.213838621645293
4011,NA,NA,NA,NA,NA,NA,0.063,NA,8.213838621645293
4012,NA,NA,NA,NA,NA,NA,0.063,NA,8.213838621645293
4013,NA,NA,NA,NA,NA,NA,0.063,NA,8.213838621645293
4014,NA,NA,NA,NA,NA,NA,0.063,NA,8.213838621645293
4015,NA,NA,NA,NA,NA,NA,0.063,NA,8.213838621645293
4016,NA,NA,NA,NA,NA,NA,0.063,NA,8.213838621645293
4017,NA,NA,NA,NA,NA,NA,0.063,NA,8.213838621645293
4018,NA,NA,NA,NA,NA,NA,0.063,NA,8.213838621645293
4019,NA,NA,NA,NA,NA,NA,0.063,NA,8.213838621645293
4020,NA,NA,NA,NA,NA,NA,0.063,NA,8.213838621645293
4021,NA,NA,NA,NA,NA,NA,0.063,NA,8.213838621645293
4022,NA,NA,NA,NA,NA,NA,0.063,NA,8.213838621645293
4023,NA,NA,NA,NA,NA,NA,0.063,NA,8.213838621645293
4024,NA,NA,NA,NA,NA,NA,0.063,NA,8.213838621645293
4025,NA,NA,NA,NA,NA,NA,0.063,NA,8.213838621645293
4042,NA,NA,NA,NA,NA,NA,0.063,NA,8.213838621645293
4043,NA,NA,NA,NA,NA,NA,0.063,NA,8.213838621645293
4044,NA,NA,NA,NA,NA,NA,0.063,NA,8.213838621645293
4045,NA,NA,NA,NA,NA,NA,0.063,NA,8.213838621645293
4046,NA,NA,NA,NA,NA,NA,0.063,NA,8.213838621645293
4047,NA,NA,NA,NA,NA,NA,0.063,NA,8.213838621645293
4048,NA,NA,NA,NA,NA,NA,0.063,NA,8.213838621645293
4049,NA,NA,NA,NA,NA,NA,0.063,NA,8.213838621645293
4050,NA,NA,NA,NA,NA,NA,0.063,NA,8.213838621645293
4051,NA,NA,NA,NA,NA,NA,0.063,NA,8.213838621645293
4052,NA,NA,NA,NA,NA,NA,0.063,NA,8.213838621645293
4053,NA,NA,NA,NA,NA,NA,0.063,NA,8.213838621645293
4054,NA,NA,NA,NA,NA,NA,0.063,NA,8.213838621645293
4055,NA,NA,NA,NA,NA,NA,0.063,NA,8.213838621645293
4056,NA,NA,NA,NA,NA,NA,0.063,NA,8.213838621645293
4057,NA,NA,NA,NA,NA,NA,0.063,NA,8.213838621645293
4058,NA,NA,NA,NA,NA,NA,0.063,NA,8.213838621645293
4080,NA,NA,NA,NA,NA,NA,0.063,NA,8.213838621645293
4081,NA,NA,NA,NA,NA,NA,0.063,NA,8.213838621645293
4082,NA,NA,NA,NA,NA,NA,0.063,NA,8.213838621645293
4083,NA,NA,NA,NA,NA,NA,0.063,NA,8.213838621645293
4084,NA,NA,NA,NA,NA,NA,0.063,NA,8.213838621645293
4085,NA,NA,NA,NA,NA,NA,0.063,NA,8.213838621645293
4086,NA,NA,NA,NA,NA,NA,0.063,NA,8.213838621645293
4087,NA,NA,NA,NA,NA,NA,0.063,NA,8.213838621645293
4088,NA,NA,NA,NA,NA,NA,0.063,NA,8.213838621645293
4089,NA,NA,NA,NA,NA,NA,0.063,NA,8.213838621645293
4090,NA,NA,NA,NA,NA,NA,0.063,NA,8.213838621645293
4091,NA,NA,NA,NA,NA,NA,0.063,NA,8.213838621645293
4092,NA,NA,NA,NA,NA,NA,0.063,NA,8.213838621645293
4100,NA,NA,NA,NA,NA,NA,0.063,NA,8.213838621645293
4101,NA,NA,NA,NA,NA,NA,0.063,NA,8.213838621645293
4102,NA,NA,NA,NA,NA,NA,0.063,NA,8.213838621645293
4103,NA,NA,NA,NA,NA,NA,0.063,NA,8.213838621645293
4104,NA,NA,NA,NA,NA,NA,0.063,NA,8.213838621645293
4105,NA,NA,NA,NA,NA,NA,0.063,NA,8.213838621645293
4106,NA,NA,NA,NA,NA,NA,0.063,NA,8.213838621645293
4107,NA,NA,NA,NA,NA,NA,0.063,NA,8.213838621645293
4112,NA,NA,NA,NA,NA,NA,0.063,NA,8.213838621645293
4127,NA,NA,NA,NA,NA,NA,0.063,NA,8.213838621645293
4128,NA,NA,NA,NA,NA,NA,0.063,NA,8.213838621645293
4129,NA,NA,NA,NA,NA,NA,0.063,NA,8.213838621645293
4130,NA,NA,NA,NA,NA,NA,0.063,NA,8.213838621645293
4131,NA,NA,NA,NA,NA,NA,0.063,NA,8.213838621645293
4132,NA,NA,NA,NA,NA,NA,0.063,NA,8.213838621645293
4133,NA,NA,NA,NA,NA,NA,0.063,NA,8.213838621645293
4153,NA,NA,NA,NA,NA,NA,0.063,NA,8.213838621645293
4154,NA,NA,NA,NA,NA,NA,0.063,NA,8.213838621645293
4155,NA,NA,NA,NA,NA,NA,0.063,NA,8.213838621645293
4156,NA,NA,NA,NA,NA,NA,0.063,NA,8.213838621645293
4157,NA,NA,NA,NA,NA,NA,0.063,NA,8.213838621645293
4158,NA,NA,NA,NA,NA,NA,0.063,NA,8.213838621645293
4159,NA,NA,NA,NA,NA,NA,0.063,NA,8.213838621645293
4160,NA,NA,NA,NA,NA,NA,0.063,NA,8.213838621645293
4161,NA,NA,NA,NA,NA,NA,0.063,NA,8.213838621645293
4162,NA,NA,NA,NA,NA,NA,0.063,NA,8.213838621645293
4163,NA,NA,NA,NA,NA,NA,0.063,NA,8.213838621645293
4164,NA,NA,NA,NA,NA,NA,0.063,NA,8.213838621645293
4165,NA,NA,NA,NA,NA,NA,0.063,NA,8.213838621645293
4166,NA,NA,NA,NA,NA,NA,0.063,NA,8.213838621645293
4167,NA,NA,NA,NA,NA,NA,0.063,NA,8.213838621645293
4168,NA,NA,NA,NA,NA,NA,0.063,NA,8.213838621645293
4169,NA,NA,NA,NA,NA,NA,0.063,NA,8.213838621645293
4170,NA,NA,NA,NA,NA,NA,0.063,NA,8.213838621645293
4171,NA,NA,NA,NA,NA,NA,0.063,NA,8.213838621645293
4172,NA,NA,NA,NA,NA,NA,0.063,NA,8.213838621645293
4173,NA,NA,NA,NA,NA,NA,0.063,NA,8.213838621645293
4174,NA,NA,NA,NA,NA,NA,0.063,NA,8.213838621645293
4175,NA,NA,NA,NA,NA,NA,0.063,NA,8.213838621645293
4176,NA,NA,NA,NA,NA,NA,0.063,NA,8.213838621645293
4177,NA,NA,NA,NA,NA,NA,0.063,NA,8.213838621645293
4190,NA,NA,NA,NA,NA,NA,0.063,NA,8.213838621645293
4191,NA,NA,NA,NA,NA,NA,0.063,NA,8.213838621645293
4192,NA,NA,NA,NA,NA,NA,0.063,NA,8.213838621645293
4193,NA,NA,NA,NA,NA,NA,0.063,NA,8.213838621645293
4194,NA,NA,NA,NA,NA,NA,0.063,NA,8.213838621645293
4195,NA,NA,NA,NA,NA,NA,0.063,NA,8.213838621645293
4196,NA,NA,NA,NA,NA,NA,0.063,NA,8.213838621645293
4197,NA,NA,NA,NA,NA,NA,0.063,NA,8.213838621645293
4198,NA,NA,NA,NA,NA,NA,0.063,NA,8.213838621645293
4199,NA,NA,NA,NA,NA,NA,0.063,NA,8.213838621645293
4200,NA,NA,NA,NA,NA,NA,0.063,NA,8.213838621645293
4201,NA,NA,NA,NA,NA,NA,0.063,NA,8.213838621645293
4202,NA,NA,NA,NA,NA,NA,0.063,NA,8.213838621645293
4203,NA,NA,NA,NA,NA,NA,0.063,NA,8.213838621645293
4204,NA,NA,NA,NA,NA,NA,0.063,NA,8.213838621645293
4231,NA,NA,NA,NA,NA,NA,0.063,NA,8.213838621645293
4232,NA,NA,NA,NA,NA,NA,0.063,NA,8.213838621645293
4233,NA,NA,NA,NA,NA,NA,0.063,NA,8.213838621645293
4234,NA,NA,NA,NA,NA,NA,0.063,NA,8.213838621645293
4235,NA,NA,NA,NA,NA,NA,0.063,NA,8.213838621645293
4236,NA,NA,NA,NA,NA,NA,0.063,NA,8.213838621645293
4237,NA,NA,NA,NA,NA,NA,0.063,NA,8.213838621645293
4238,NA,NA,NA,NA,NA,NA,0.063,NA,8.213838621645293
4239,NA,NA,NA,NA,NA,NA,0.063,NA,8.213838621645293
4240,NA,NA,NA,NA,NA,NA,0.063,NA,8.213838621645293
4241,NA,NA,NA,NA,NA,NA,0.063,NA,8.213838621645293
4242,NA,NA,NA,NA,NA,NA,0.063,NA,8.213838621645293
4243,NA,NA,NA,NA,NA,NA,0.063,NA,8.213838621645293
4244,NA,NA,NA,NA,NA,NA,0.063,NA,8.213838621645293
4257,NA,NA,NA,NA,NA,NA,0.063,NA,8.213838621645293
4259,NA,NA,NA,NA,NA,NA,0.063,NA,8.213838621645293
4266,NA,NA,NA,NA,NA,NA,0.063,NA,8.213838621645293
4268,NA,NA,NA,NA,NA,NA,0.063,NA,8.213838621645293
4269,NA,NA,NA,NA,NA,NA,0.063,NA,8.213838621645293
4270,NA,NA,NA,NA,NA,NA,0.063,NA,8.213838621645293
4271,NA,NA,NA,NA,NA,NA,0.063,NA,8.213838621645293
4272,NA,NA,NA,NA,NA,NA,0.063,NA,8.213838621645293
4273,NA,NA,NA,NA,NA,NA,0.063,NA,8.213838621645293
4274,NA,NA,NA,NA,NA,NA,0.063,NA,8.213838621645293
4275,NA,NA,NA,NA,NA,NA,0.063,NA,8.213838621645293
4276,NA,NA,NA,NA,NA,NA,0.063,NA,8.213838621645293
4277,NA,NA,NA,NA,NA,NA,0.063,NA,8.213838621645293
4278,NA,NA,NA,NA,NA,NA,0.063,NA,8.213838621645293
4279,NA,NA,NA,NA,NA,NA,0.063,NA,8.213838621645293
4280,NA,NA,NA,NA,NA,NA,0.063,NA,8.213838621645293
4281,NA,NA,NA,NA,NA,NA,0.063,NA,8.213838621645293
4298,NA,NA,NA,NA,NA,NA,0.063,NA,8.213838621645293
4299,NA,NA,NA,NA,NA,NA,0.063,NA,8.213838621645293
4300,NA,NA,NA,NA,NA,NA,0.063,NA,8.213838621645293
4301,NA,NA,NA,NA,NA,NA,0.063,NA,8.213838621645293
4302,NA,NA,NA,NA,NA,NA,0.063,NA,8.213838621645293
4303,NA,NA,NA,NA,NA,NA,0.063,NA,8.213838621645293
4304,NA,NA,NA,NA,NA,NA,0.063,NA,8.213838621645293
4305,NA,NA,NA,NA,NA,NA,0.063,NA,8.213838621645293
4306,NA,NA,NA,NA,NA,NA,0.063,NA,8.213838621645293
4307,NA,NA,NA,NA,NA,NA,0.063,NA,8.213838621645293
4308,NA,NA,NA,NA,NA,NA,0.063,NA,8.213838621645293
4309,NA,NA,NA,NA,NA,NA,0.063,NA,8.213838621645293
4310,NA,NA,NA,NA,NA,NA,0.063,NA,8.213838621645293
4311,NA,NA,NA,NA,NA,NA,0.063,NA,8.213838621645293
4312,NA,NA,NA,NA,NA,NA,0.063,NA,8.213838621645293
4313,NA,NA,NA,NA,NA,NA,0.063,NA,8.213838621645293
4314,NA,NA,NA,NA,NA,NA,0.063,NA,8.213838621645293
4315,NA,NA,NA,NA,NA,NA,0.063,NA,8.213838621645293
4316,NA,NA,NA,NA,NA,NA,0.063,NA,8.213838621645293
4317,NA,NA,NA,NA,NA,NA,0.063,NA,8.213838621645293
4318,NA,NA,NA,NA,NA,NA,0.063,NA,8.213838621645293
4339,NA,NA,NA,NA,NA,NA,0.063,NA,8.213838621645293
4340,NA,NA,NA,NA,NA,NA,0.063,NA,8.213838621645293
4341,NA,NA,NA,NA,NA,NA,0.063,NA,8.213838621645293
4342,NA,NA,NA,NA,NA,NA,0.063,NA,8.213838621645293
4343,NA,NA,NA,NA,NA,NA,0.063,NA,8.213838621645293
4344,NA,NA,NA,NA,NA,NA,0.063,NA,8.213838621645293
4345,NA,NA,NA,NA,NA,NA,0.063,NA,8.213838621645293
4346,NA,NA,NA,NA,NA,NA,0.063,NA,8.213838621645293
4347,NA,NA,NA,NA,NA,NA,0.063,NA,8.213838621645293
4348,NA,NA,NA,NA,NA,NA,0.063,NA,8.213838621645293
4349,NA,NA,NA,NA,NA,NA,0.063,NA,8.213838621645293
4350,NA,NA,NA,NA,NA,NA,0.063,NA,8.213838621645293
4351,NA,NA,NA,NA,NA,NA,0.063,NA,8.213838621645293
4352,NA,NA,NA,NA,NA,NA,0.063,NA,8.213838621645293
4353,NA,NA,NA,NA,NA,NA,0.063,NA,8.213838621645293
4354,NA,NA,NA,NA,NA,NA,0.063,NA,8.213838621645293
4355,NA,NA,NA,NA,NA,NA,0.063,NA,8.213838621645293
4356,NA,NA,NA,NA,NA,NA,0.063,NA,8.213838621645293
4357,NA,NA,NA,NA,NA,NA,0.063,NA,8.213838621645293
4358,NA,NA,NA,NA,NA,NA,0.063,NA,8.213838621645293
4359,NA,NA,NA,NA,NA,NA,0.063,NA,8.213838621645293
4360,NA,NA,NA,NA,NA,NA,0.063,NA,8.213838621645293
4361,NA,NA,NA,NA,NA,NA,0.063,NA,8.213838621645293
4362,NA,NA,NA,NA,NA,NA,0.063,NA,8.213838621645293
4363,NA,NA,NA,NA,NA,NA,0.063,NA,8.213838621645293
4364,NA,NA,NA,NA,NA,NA,0.063,NA,8.213838621645293
4365,NA,NA,NA,NA,NA,NA,0.063,NA,8.213838621645293
4366,NA,NA,NA,NA,NA,NA,0.063,NA,8.213838621645293
4367,NA,NA,NA,NA,NA,NA,0.063,NA,8.213838621645293
4368,NA,NA,NA,NA,NA,NA,0.063,NA,8.213838621645293
4369,NA,NA,NA,NA,NA,NA,0.063,NA,8.213838621645293
4384,NA,NA,NA,NA,NA,NA,0.063,NA,8.213838621645293
4394,NA,NA,NA,NA,NA,NA,0.063,NA,8.213838621645293
4395,NA,NA,NA,NA,NA,NA,0.063,NA,8.213838621645293
4396,NA,NA,NA,NA,NA,NA,0.063,NA,8.213838621645293
4397,NA,NA,NA,NA,NA,NA,0.063,NA,8.213838621645293
4398,NA,NA,NA,NA,NA,NA,0.063,NA,8.213838621645293
4399,NA,NA,NA,NA,NA,NA,0.063,NA,8.213838621645293
4400,NA,NA,NA,NA,NA,NA,0.063,NA,8.213838621645293
4401,NA,NA,NA,NA,NA,NA,0.063,NA,8.213838621645293
4402,NA,NA,NA,NA,NA,NA,0.063,NA,8.213838621645293
4403,NA,NA,NA,NA,NA,NA,0.063,NA,8.213838621645293
4404,NA,NA,NA,NA,NA,NA,0.063,NA,8.213838621645293
4405,NA,NA,NA,NA,NA,NA,0.063,NA,8.213838621645293
4406,NA,NA,NA,NA,NA,NA,0.063,NA,8.213838621645293
4407,NA,NA,NA,NA,NA,NA,0.063,NA,8.213838621645293
4408,NA,NA,NA,NA,NA,NA,0.063,NA,8.213838621645293
4409,NA,NA,NA,NA,NA,NA,0.063,NA,8.213838621645293
4410,NA,NA,NA,NA,NA,NA,0.063,NA,8.213838621645293
4411,NA,NA,NA,NA,NA,NA,0.063,NA,8.213838621645293
4412,NA,NA,NA,NA,NA,NA,0.063,NA,8.213838621645293
4413,NA,NA,NA,NA,NA,NA,0.063,NA,8.213838621645293
4414,NA,NA,NA,NA,NA,NA,0.063,NA,8.213838621645293
4415,NA,NA,NA,NA,NA,NA,0.063,NA,8.213838621645293
4417,NA,NA,NA,NA,NA,NA,0.063,NA,8.213838621645293
4422,NA,NA,NA,NA,NA,NA,0.063,NA,8.213838621645293
4436,NA,NA,NA,NA,NA,NA,0.063,NA,8.213838621645293
4437,NA,NA,NA,NA,NA,NA,0.063,NA,8.213838621645293
4446,NA,NA,NA,NA,NA,NA,0.063,NA,8.213838621645293
4447,NA,NA,NA,NA,NA,NA,0.063,NA,8.213838621645293
4448,NA,NA,NA,NA,NA,NA,0.063,NA,8.213838621645293
4449,NA,NA,NA,NA,NA,NA,0.063,NA,8.213838621645293
4450,NA,NA,NA,NA,NA,NA,0.063,NA,8.213838621645293
4451,NA,NA,NA,NA,NA,NA,0.063,NA,8.213838621645293
4452,NA,NA,NA,NA,NA,NA,0.063,NA,8.213838621645293
4453,NA,NA,NA,NA,NA,NA,0.063,NA,8.213838621645293
4454,NA,NA,NA,NA,NA,NA,0.063,NA,8.213838621645293
4455,NA,NA,NA,NA,NA,NA,0.063,NA,8.213838621645293
4456,NA,NA,NA,NA,NA,NA,0.063,NA,8.213838621645293
4457,NA,NA,NA,NA,NA,NA,0.063,NA,8.213838621645293
4458,NA,NA,NA,NA,NA,NA,0.063,NA,8.213838621645293
4459,NA,NA,NA,NA,NA,NA,0.063,NA,8.213838621645293
4460,NA,NA,NA,NA,NA,NA,0.063,NA,8.213838621645293
4461,NA,NA,NA,NA,NA,NA,0.063,NA,8.213838621645293
4462,NA,NA,NA,NA,NA,NA,0.063,NA,8.213838621645293
4463,NA,NA,NA,NA,NA,NA,0.063,NA,8.213838621645293
4464,NA,NA,NA,NA,NA,NA,0.063,NA,8.213838621645293
4465,NA,NA,NA,NA,NA,NA,0.063,NA,8.213838621645293
4466,NA,NA,NA,NA,NA,NA,0.063,NA,8.213838621645293
4467,NA,NA,NA,NA,NA,NA,0.063,NA,8.213838621645293
4468,NA,NA,NA,NA,NA,NA,0.063,NA,8.213838621645293
4469,NA,NA,NA,NA,NA,NA,0.063,NA,8.213838621645293
4470,NA,NA,NA,NA,NA,NA,0.063,NA,8.213838621645293
4471,NA,NA,NA,NA,NA,NA,0.063,NA,8.213838621645293
4472,NA,NA,NA,NA,NA,NA,0.063,NA,8.213838621645293
4473,NA,NA,NA,NA,NA,NA,0.063,NA,8.213838621645293
4474,NA,NA,NA,NA,NA,NA,0.063,NA,8.213838621645293
4475,NA,NA,NA,NA,NA,NA,0.063,NA,8.213838621645293
4476,NA,NA,NA,NA,NA,NA,0.063,NA,8.213838621645293
4477,NA,NA,NA,NA,NA,NA,0.063,NA,8.213838621645293
4478,NA,NA,NA,NA,NA,NA,0.063,NA,8.213838621645293
4479,NA,NA,NA,NA,NA,NA,0.063,NA,8.213838621645293
4480,NA,NA,NA,NA,NA,NA,0.063,NA,8.213838621645293
4481,NA,NA,NA,NA,NA,NA,0.063,NA,8.213838621645293
4482,NA,NA,NA,NA,NA,NA,0.063,NA,8.213838621645293
4483,NA,NA,NA,NA,NA,NA,0.063,NA,8.213838621645293
4484,NA,NA,NA,NA,NA,NA,0.063,NA,8.213838621645293
4485,NA,NA,NA,NA,NA,NA,0.063,NA,8.213838621645293
4486,NA,NA,NA,NA,NA,NA,0.063,NA,8.213838621645293
4487,NA,NA,NA,NA,NA,NA,0.063,NA,8.213838621645293
4488,NA,NA,NA,NA,NA,NA,0.063,NA,8.213838621645293
4503,NA,NA,NA,NA,NA,NA,0.063,NA,8.213838621645293
4504,NA,NA,NA,NA,NA,NA,0.063,NA,8.213838621645293
4505,NA,NA,NA,NA,NA,NA,0.063,NA,8.213838621645293
4506,NA,NA,NA,NA,NA,NA,0.063,NA,8.213838621645293
4507,NA,NA,NA,NA,NA,NA,0.063,NA,8.213838621645293
4508,NA,NA,NA,NA,NA,NA,0.063,NA,8.213838621645293
4509,NA,NA,NA,NA,NA,NA,0.063,NA,8.213838621645293
4510,NA,NA,NA,NA,NA,NA,0.063,NA,8.213838621645293
4511,NA,NA,NA,NA,NA,NA,0.063,NA,8.213838621645293
4512,NA,NA,NA,NA,NA,NA,0.063,NA,8.213838621645293
4513,NA,NA,NA,NA,NA,NA,0.063,NA,8.213838621645293
4514,NA,NA,NA,NA,NA,NA,0.063,NA,8.213838621645293
4515,NA,NA,NA,NA,NA,NA,0.063,NA,8.213838621645293
4521,NA,NA,NA,NA,NA,NA,0.063,NA,8.213838621645293
4522,NA,NA,NA,NA,NA,NA,0.063,NA,8.213838621645293
4523,NA,NA,NA,NA,NA,NA,0.063,NA,8.213838621645293
4527,NA,NA,NA,NA,NA,NA,0.063,NA,8.213838621645293
4528,NA,NA,NA,NA,NA,NA,0.063,NA,8.213838621645293
4529,NA,NA,NA,NA,NA,NA,0.063,NA,8.213838621645293
4530,NA,NA,NA,NA,NA,NA,0.063,NA,8.213838621645293
4545,NA,NA,NA,NA,NA,NA,0.063,NA,8.213838621645293
4548,NA,NA,NA,NA,NA,NA,0.063,NA,8.213838621645293
4549,NA,NA,NA,NA,NA,NA,0.063,NA,8.213838621645293
4550,NA,NA,NA,NA,NA,NA,0.063,NA,8.213838621645293
4551,NA,NA,NA,NA,NA,NA,0.063,NA,8.213838621645293
4552,NA,NA,NA,NA,NA,NA,0.063,NA,8.213838621645293
4553,NA,NA,NA,NA,NA,NA,0.063,NA,8.213838621645293
4554,NA,NA,NA,NA,NA,NA,0.063,NA,8.213838621645293
4555,NA,NA,NA,NA,NA,NA,0.063,NA,8.213838621645293
4556,NA,NA,NA,NA,NA,NA,0.063,NA,8.213838621645293
4557,NA,NA,NA,NA,NA,NA,0.063,NA,8.213838621645293
4558,NA,NA,NA,NA,NA,NA,0.063,NA,8.213838621645293
4559,NA,NA,NA,NA,NA,NA,0.063,NA,8.213838621645293
4560,NA,NA,NA,NA,NA,NA,0.063,NA,8.213838621645293
4561,NA,NA,NA,NA,NA,NA,0.063,NA,8.213838621645293
4562,NA,NA,NA,NA,NA,NA,0.063,NA,8.213838621645293
4563,NA,NA,NA,NA,NA,NA,0.063,NA,8.213838621645293
4564,NA,NA,NA,NA,NA,NA,0.063,NA,8.213838621645293
4565,NA,NA,NA,NA,NA,NA,0.063,NA,8.213838621645293
4566,NA,NA,NA,NA,NA,NA,0.063,NA,8.213838621645293
4567,NA,NA,NA,NA,NA,NA,0.063,NA,8.213838621645293
4568,NA,NA,NA,NA,NA,NA,0.063,NA,8.213838621645293
4569,NA,NA,NA,NA,NA,NA,0.063,NA,8.213838621645293
4591,NA,NA,NA,NA,NA,NA,0.063,NA,8.213838621645293
4592,NA,NA,NA,NA,NA,NA,0.063,NA,8.213838621645293
4593,NA,NA,NA,NA,NA,NA,0.063,NA,8.213838621645293
4594,NA,NA,NA,NA,NA,NA,0.063,NA,8.213838621645293
4595,NA,NA,NA,NA,NA,NA,0.063,NA,8.213838621645293
4596,NA,NA,NA,NA,NA,NA,0.063,NA,8.213838621645293
4597,NA,NA,NA,NA,NA,NA,0.063,NA,8.213838621645293
4598,NA,NA,NA,NA,NA,NA,0.063,NA,8.213838621645293
4599,NA,NA,NA,NA,NA,NA,0.063,NA,8.213838621645293
4600,NA,NA,NA,NA,NA,NA,0.063,NA,8.213838621645293
4601,NA,NA,NA,NA,NA,NA,0.063,NA,8.213838621645293
4602,NA,NA,NA,NA,NA,NA,0.063,NA,8.213838621645293
4603,NA,NA,NA,NA,NA,NA,0.063,NA,8.213838621645293
4604,NA,NA,NA,NA,NA,NA,0.063,NA,8.213838621645293
4605,NA,NA,NA,NA,NA,NA,0.063,NA,8.213838621645293
4606,NA,NA,NA,NA,NA,NA,0.063,NA,8.213838621645293
4607,NA,NA,NA,NA,NA,NA,0.063,NA,8.213838621645293
4608,NA,NA,NA,NA,NA,NA,0.063,NA,8.213838621645293
4609,NA,NA,NA,NA,NA,NA,0.063,NA,8.213838621645293
4610,NA,NA,NA,NA,NA,NA,0.063,NA,8.213838621645293
4611,NA,NA,NA,NA,NA,NA,0.063,NA,8.213838621645293
4612,NA,NA,NA,NA,NA,NA,0.063,NA,8.213838621645293
4613,NA,NA,NA,NA,NA,NA,0.063,NA,8.213838621645293
4614,NA,NA,NA,NA,NA,NA,0.063,NA,8.213838621645293
4615,NA,NA,NA,NA,NA,NA,0.063,NA,8.213838621645293
4616,NA,NA,NA,NA,NA,NA,0.063,NA,8.213838621645293
4617,NA,NA,NA,NA,NA,NA,0.063,NA,8.213838621645293
4618,NA,NA,NA,NA,NA,NA,0.063,NA,8.213838621645293
4619,NA,NA,NA,NA,NA,NA,0.063,NA,8.213838621645293
4620,NA,NA,NA,NA,NA,NA,0.063,NA,8.213838621645293
4621,NA,NA,NA,NA,NA,NA,0.063,NA,8.213838621645293
4622,NA,NA,NA,NA,NA,NA,0.063,NA,8.213838621645293
4623,NA,NA,NA,NA,NA,NA,0.063,NA,8.213838621645293
4624,NA,NA,NA,NA,NA,NA,0.063,NA,8.213838621645293
4637,NA,NA,NA,NA,NA,NA,0.063,NA,8.213838621645293
4638,NA,NA,NA,NA,NA,NA,0.063,NA,8.213838621645293
4641,NA,NA,NA,NA,NA,NA,0.063,NA,8.213838621645293
4642,NA,NA,NA,NA,NA,NA,0.063,NA,8.213838621645293
4643,NA,NA,NA,NA,NA,NA,0.063,NA,8.213838621645293
4644,NA,NA,NA,NA,NA,NA,0.063,NA,8.213838621645293
4645,NA,NA,NA,NA,NA,NA,0.063,NA,8.213838621645293
4646,NA,NA,NA,NA,NA,NA,0.063,NA,8.213838621645293
4647,NA,NA,NA,NA,NA,NA,0.063,NA,8.213838621645293
4648,NA,NA,NA,NA,NA,NA,0.063,NA,8.213838621645293
4649,NA,NA,NA,NA,NA,NA,0.063,NA,8.213838621645293
4650,NA,NA,NA,NA,NA,NA,0.063,NA,8.213838621645293
4651,NA,NA,NA,NA,NA,NA,0.063,NA,8.213838621645293
4652,NA,NA,NA,NA,NA,NA,0.063,NA,8.213838621645293
4653,NA,NA,NA,NA,NA,NA,0.063,NA,8.213838621645293
4654,NA,NA,NA,NA,NA,NA,0.063,NA,8.213838621645293
4655,NA,NA,NA,NA,NA,NA,0.063,NA,8.213838621645293
4656,NA,NA,NA,NA,NA,NA,0.063,NA,8.213838621645293
4657,NA,NA,NA,NA,NA,NA,0.063,NA,8.213838621645293
4658,NA,NA,NA,NA,NA,NA,0.063,NA,8.213838621645293
4659,NA,NA,NA,NA,NA,NA,0.063,NA,8.213838621645293
4660,NA,NA,NA,NA,NA,NA,0.063,NA,8.213838621645293
4661,NA,NA,NA,NA,NA,NA,0.063,NA,8.213838621645293
4662,NA,NA,NA,NA,NA,NA,0.063,NA,8.213838621645293
4663,NA,NA,NA,NA,NA,NA,0.063,NA,8.213838621645293
4664,NA,NA,NA,NA,NA,NA,0.063,NA,8.213838621645293
4665,NA,NA,NA,NA,NA,NA,0.063,NA,8.213838621645293
4666,NA,NA,NA,NA,NA,NA,0.063,NA,8.213838621645293
4667,NA,NA,NA,NA,NA,NA,0.063,NA,8.213838621645293
4668,NA,NA,NA,NA,NA,NA,0.063,NA,8.213838621645293
4669,NA,NA,NA,NA,NA,NA,0.063,NA,8.213838621645293
4670,NA,NA,NA,NA,NA,NA,0.063,NA,8.213838621645293
4671,NA,NA,NA,NA,NA,NA,0.063,NA,8.213838621645293
4687,NA,NA,NA,NA,NA,NA,0.063,NA,8.213838621645293
4688,NA,NA,NA,NA,NA,NA,0.063,NA,8.213838621645293
4689,NA,NA,NA,NA,NA,NA,0.063,NA,8.213838621645293
4690,NA,NA,NA,NA,NA,NA,0.063,NA,8.213838621645293
4691,NA,NA,NA,NA,NA,NA,0.063,NA,8.213838621645293
4692,NA,NA,NA,NA,NA,NA,0.063,NA,8.213838621645293
4693,NA,NA,NA,NA,NA,NA,0.063,NA,8.213838621645293
4694,NA,NA,NA,NA,NA,NA,0.063,NA,8.213838621645293
4695,NA,NA,NA,NA,NA,NA,0.063,NA,8.213838621645293
4696,NA,NA,NA,NA,NA,NA,0.063,NA,8.213838621645293
4697,NA,NA,NA,NA,NA,NA,0.063,NA,8.213838621645293
4698,NA,NA,NA,NA,NA,NA,0.063,NA,8.213838621645293
4707,NA,NA,NA,NA,NA,NA,0.063,NA,8.213838621645293
4708,NA,NA,NA,NA,NA,NA,0.063,NA,8.213838621645293
4709,NA,NA,NA,NA,NA,NA,0.063,NA,8.213838621645293
4710,NA,NA,NA,NA,NA,NA,0.063,NA,8.213838621645293
4711,NA,NA,NA,NA,NA,NA,0.063,NA,8.213838621645293
4712,NA,NA,NA,NA,NA,NA,0.063,NA,8.213838621645293
4713,NA,NA,NA,NA,NA,NA,0.063,NA,8.213838621645293
4730,NA,NA,NA,NA,NA,NA,0.063,NA,8.213838621645293
4731,NA,NA,NA,NA,NA,NA,0.063,NA,8.213838621645293
4734,NA,NA,NA,NA,NA,NA,0.063,NA,8.213838621645293
4735,NA,NA,NA,NA,NA,NA,0.063,NA,8.213838621645293
4736,NA,NA,NA,NA,NA,NA,0.063,NA,8.213838621645293
4737,NA,NA,NA,NA,NA,NA,0.063,NA,8.213838621645293
4738,NA,NA,NA,NA,NA,NA,0.063,NA,8.213838621645293
4739,NA,NA,NA,NA,NA,NA,0.063,NA,8.213838621645293
4740,NA,NA,NA,NA,NA,NA,0.063,NA,8.213838621645293
4741,NA,NA,NA,NA,NA,NA,0.063,NA,8.213838621645293
4742,NA,NA,NA,NA,NA,NA,0.063,NA,8.213838621645293
4743,NA,NA,NA,NA,NA,NA,0.063,NA,8.213838621645293
4744,NA,NA,NA,NA,NA,NA,0.063,NA,8.213838621645293
4745,NA,NA,NA,NA,NA,NA,0.063,NA,8.213838621645293
4746,NA,NA,NA,NA,NA,NA,0.063,NA,8.213838621645293
4747,NA,NA,NA,NA,NA,NA,0.063,NA,8.213838621645293
4748,NA,NA,NA,NA,NA,NA,0.063,NA,8.213838621645293
4749,NA,NA,NA,NA,NA,NA,0.063,NA,8.213838621645293
4750,NA,NA,NA,NA,NA,NA,0.063,NA,8.213838621645293
4751,NA,NA,NA,NA,NA,NA,0.063,NA,8.213838621645293
4752,NA,NA,NA,NA,NA,NA,0.063,NA,8.213838621645293
4753,NA,NA,NA,NA,NA,NA,0.063,NA,8.213838621645293
4770,NA,NA,NA,NA,NA,NA,0.063,NA,8.213838621645293
4771,NA,NA,NA,NA,NA,NA,0.063,NA,8.213838621645293
4772,NA,NA,NA,NA,NA,NA,0.063,NA,8.213838621645293
4773,NA,NA,NA,NA,NA,NA,0.063,NA,8.213838621645293
4774,NA,NA,NA,NA,NA,NA,0.063,NA,8.213838621645293
4775,NA,NA,NA,NA,NA,NA,0.063,NA,8.213838621645293
4776,NA,NA,NA,NA,NA,NA,0.063,NA,8.213838621645293
4777,NA,NA,NA,NA,NA,NA,0.063,NA,8.213838621645293
4778,NA,NA,NA,NA,NA,NA,0.063,NA,8.213838621645293
4793,NA,NA,NA,NA,NA,NA,0.063,NA,8.213838621645293
4794,NA,NA,NA,NA,NA,NA,0.063,NA,8.213838621645293
4795,NA,NA,NA,NA,NA,NA,0.063,NA,8.213838621645293
4796,NA,NA,NA,NA,NA,NA,0.063,NA,8.213838621645293
4797,NA,NA,NA,NA,NA,NA,0.063,NA,8.213838621645293
4798,NA,NA,NA,NA,NA,NA,0.063,NA,8.213838621645293
4799,NA,NA,NA,NA,NA,NA,0.063,NA,8.213838621645293
4800,NA,NA,NA,NA,NA,NA,0.063,NA,8.213838621645293
4801,NA,NA,NA,NA,NA,NA,0.063,NA,8.213838621645293
4802,NA,NA,NA,NA,NA,NA,0.063,NA,8.213838621645293
4803,NA,NA,NA,NA,NA,NA,0.063,NA,8.213838621645293
4804,NA,NA,NA,NA,NA,NA,0.063,NA,8.213838621645293
4805,NA,NA,NA,NA,NA,NA,0.063,NA,8.213838621645293
4806,NA,NA,NA,NA,NA,NA,0.063,NA,8.213838621645293
4807,NA,NA,NA,NA,NA,NA,0.063,NA,8.213838621645293
4815,NA,NA,NA,NA,NA,NA,0.063,NA,8.213838621645293
4816,NA,NA,NA,NA,NA,NA,0.063,NA,8.213838621645293
4817,NA,NA,NA,NA,NA,NA,0.063,NA,8.213838621645293
4818,NA,NA,NA,NA,NA,NA,0.063,NA,8.213838621645293
4819,NA,NA,NA,NA,NA,NA,0.063,NA,8.213838621645293
4820,NA,NA,NA,NA,NA,NA,0.063,NA,8.213838621645293
4821,NA,NA,NA,NA,NA,NA,0.063,NA,8.213838621645293
4822,NA,NA,NA,NA,NA,NA,0.063,NA,8.213838621645293
4823,NA,NA,NA,NA,NA,NA,0.063,NA,8.213838621645293
4824,NA,NA,NA,NA,NA,NA,0.063,NA,8.213838621645293
4825,NA,NA,NA,NA,NA,NA,0.063,NA,8.213838621645293
4826,NA,NA,NA,NA,NA,NA,0.063,NA,8.213838621645293
4827,NA,NA,NA,NA,NA,NA,0.063,NA,8.213838621645293
4828,NA,NA,NA,NA,NA,NA,0.063,NA,8.213838621645293
4829,NA,NA,NA,NA,NA,NA,0.063,NA,8.213838621645293
4830,NA,NA,NA,NA,NA,NA,0.063,NA,8.213838621645293
4831,NA,NA,NA,NA,NA,NA,0.063,NA,8.213838621645293
4843,NA,NA,NA,NA,NA,NA,0.063,NA,8.213838621645293
4846,NA,NA,NA,NA,NA,NA,0.063,NA,8.213838621645293
4847,NA,NA,NA,NA,NA,NA,0.063,NA,8.213838621645293
4848,NA,NA,NA,NA,NA,NA,0.063,NA,8.213838621645293
4849,NA,NA,NA,NA,NA,NA,0.063,NA,8.213838621645293
4850,NA,NA,NA,NA,NA,NA,0.063,NA,8.213838621645293
4851,NA,NA,NA,NA,NA,NA,0.063,NA,8.213838621645293
4852,NA,NA,NA,NA,NA,NA,0.063,NA,8.213838621645293
4853,NA,NA,NA,NA,NA,NA,0.063,NA,8.213838621645293
4854,NA,NA,NA,NA,NA,NA,0.063,NA,8.213838621645293
4855,NA,NA,NA,NA,NA,NA,0.063,NA,8.213838621645293
4856,NA,NA,NA,NA,NA,NA,0.063,NA,8.213838621645293
4857,NA,NA,NA,NA,NA,NA,0.063,NA,8.213838621645293
4858,NA,NA,NA,NA,NA,NA,0.063,NA,8.213838621645293
4859,NA,NA,NA,NA,NA,NA,0.063,NA,8.213838621645293
4860,NA,NA,NA,NA,NA,NA,0.063,NA,8.213838621645293
4861,NA,NA,NA,NA,NA,NA,0.063,NA,8.213838621645293
4862,NA,NA,NA,NA,NA,NA,0.063,NA,8.213838621645293
4863,NA,NA,NA,NA,NA,NA,0.063,NA,8.213838621645293
4878,NA,NA,NA,NA,NA,NA,0.063,NA,8.213838621645293
4879,NA,NA,NA,NA,NA,NA,0.063,NA,8.213838621645293
4880,NA,NA,NA,NA,NA,NA,0.063,NA,8.213838621645293
4881,NA,NA,NA,NA,NA,NA,0.063,NA,8.213838621645293
4882,NA,NA,NA,NA,NA,NA,0.063,NA,8.213838621645293
4883,NA,NA,NA,NA,NA,NA,0.063,NA,8.213838621645293
4884,NA,NA,NA,NA,NA,NA,0.063,NA,8.213838621645293
4885,NA,NA,NA,NA,NA,NA,0.063,NA,8.213838621645293
4886,NA,NA,NA,NA,NA,NA,0.063,NA,8.213838621645293
4887,NA,NA,NA,NA,NA,NA,0.063,NA,8.213838621645293
4888,NA,NA,NA,NA,NA,NA,0.063,NA,8.213838621645293
4889,NA,NA,NA,NA,NA,NA,0.063,NA,8.213838621645293
4890,NA,NA,NA,NA,NA,NA,0.063,NA,8.213838621645293
4891,NA,NA,NA,NA,NA,NA,0.063,NA,8.213838621645293
4892,NA,NA,NA,NA,NA,NA,0.063,NA,8.213838621645293
4893,NA,NA,NA,NA,NA,NA,0.063,NA,8.213838621645293
4894,NA,NA,NA,NA,NA,NA,0.063,NA,8.213838621645293
4901,NA,NA,NA,NA,NA,NA,0.063,NA,8.213838621645293
4904,NA,NA,NA,NA,NA,NA,0.063,NA,8.213838621645293
4910,NA,NA,NA,NA,NA,NA,0.063,NA,8.213838621645293
4911,NA,NA,NA,NA,NA,NA,0.063,NA,8.213838621645293
4912,NA,NA,NA,NA,NA,NA,0.063,NA,8.213838621645293
4913,NA,NA,NA,NA,NA,NA,0.063,NA,8.213838621645293
4914,NA,NA,NA,NA,NA,NA,0.063,NA,8.213838621645293
4915,NA,NA,NA,NA,NA,NA,0.063,NA,8.213838621645293
4916,NA,NA,NA,NA,NA,NA,0.063,NA,8.213838621645293
4917,NA,NA,NA,NA,NA,NA,0.063,NA,8.213838621645293
4918,NA,NA,NA,NA,NA,NA,0.063,NA,8.213838621645293
4919,NA,NA,NA,NA,NA,NA,0.063,NA,8.213838621645293
4920,NA,NA,NA,NA,NA,NA,0.063,NA,8.213838621645293
4921,NA,NA,NA,NA,NA,NA,0.063,NA,8.213838621645293
4922,NA,NA,NA,NA,NA,NA,0.063,NA,8.213838621645293
4923,NA,NA,NA,NA,NA,NA,0.063,NA,8.213838621645293
4939,NA,NA,NA,NA,NA,NA,0.063,NA,8.213838621645293
4940,NA,NA,NA,NA,NA,NA,0.063,NA,8.213838621645293
4941,NA,NA,NA,NA,NA,NA,0.063,NA,8.213838621645293
4954,NA,NA,NA,NA,NA,NA,0.063,NA,8.213838621645293
4955,NA,NA,NA,NA,NA,NA,0.063,NA,8.213838621645293
4956,NA,NA,NA,NA,NA,NA,0.063,NA,8.213838621645293
4957,NA,NA,NA,NA,NA,NA,0.063,NA,8.213838621645293
4958,NA,NA,NA,NA,NA,NA,0.063,NA,8.213838621645293
4959,NA,NA,NA,NA,NA,NA,0.063,NA,8.213838621645293
4960,NA,NA,NA,NA,NA,NA,0.063,NA,8.213838621645293
4961,NA,NA,NA,NA,NA,NA,0.063,NA,8.213838621645293
4962,NA,NA,NA,NA,NA,NA,0.063,NA,8.213838621645293
4963,NA,NA,NA,NA,NA,NA,0.063,NA,8.213838621645293
4964,NA,NA,NA,NA,NA,NA,0.063,NA,8.213838621645293
4965,NA,NA,NA,NA,NA,NA,0.063,NA,8.213838621645293
4966,NA,NA,NA,NA,NA,NA,0.063,NA,8.213838621645293
4967,NA,NA,NA,NA,NA,NA,0.063,NA,8.213838621645293
4968,NA,NA,NA,NA,NA,NA,0.063,NA,8.213838621645293
4969,NA,NA,NA,NA,NA,NA,0.063,NA,8.213838621645293
4970,NA,NA,NA,NA,NA,NA,0.063,NA,8.213838621645293
4971,NA,NA,NA,NA,NA,NA,0.063,NA,8.213838621645293
4972,NA,NA,NA,NA,NA,NA,0.063,NA,8.213838621645293
4973,NA,NA,NA,NA,NA,NA,0.063,NA,8.213838621645293
4982,NA,NA,NA,NA,NA,NA,0.063,NA,8.213838621645293
4983,NA,NA,NA,NA,NA,NA,0.063,NA,8.213838621645293
4984,NA,NA,NA,NA,NA,NA,0.063,NA,8.213838621645293
4985,NA,NA,NA,NA,NA,NA,0.063,NA,8.213838621645293
4986,NA,NA,NA,NA,NA,NA,0.063,NA,8.213838621645293
4987,NA,NA,NA,NA,NA,NA,0.063,NA,8.213838621645293
4988,NA,NA,NA,NA,NA,NA,0.063,NA,8.213838621645293
4989,NA,NA,NA,NA,NA,NA,0.063,NA,8.213838621645293
4990,NA,NA,NA,NA,NA,NA,0.063,NA,8.213838621645293
