family,n_trees,N,k,pi0,pi1,mu,q,clock_rate,t_R,ub_DS,ub_DT,t
TEA,2001,98,3421,0.9553517780079477,0.044648221992052074,0.8354638885085143,1.0000000000000002,0.0029304257034523653,14.672535752791617,105.24370859155128,981902.047841088,0
TEA,2001,98,3421,0.9553517780079477,0.044648221992052074,0.8354638885085143,1.0000000000000002,0.0029304257034523653,14.672535752791617,89.1959316426395,830808.0472173557,0.2
TEA,2001,98,3421,0.9553517780079477,0.044648221992052074,0.8354638885085143,1.0000000000000002,0.0029304257034523653,14.672535752791617,75.617568853378,702964.2242204867,0.4
TEA,2001,98,3421,0.9553517780079477,0.044648221992052074,0.8354638885085143,1.0000000000000002,0.0029304257034523653,14.672535752791617,64.12862950534556,594792.8672441314,0.6000000000000001
TEA,2001,98,3421,0.9553517780079477,0.044648221992052074,0.8354638885085143,1.0000000000000002,0.0029304257034523653,14.672535752791617,54.40759543140252,503266.79898511036,0.8
TEA,2001,98,3421,0.9553517780079477,0.044648221992052074,0.8354638885085143,1.0000000000000002,0.0029304257034523653,14.672535752791617,46.18242332420178,425824.66083400813,1
TEA,2001,98,3421,0.9553517780079477,0.044648221992052074,0.8354638885085143,1.0000000000000002,0.0029304257034523653,14.672535752791617,39.22293159950775,360299.2332100233,1.2000000000000002
TEA,2001,98,3421,0.9553517780079477,0.044648221992052074,0.8354638885085143,1.0000000000000002,0.0029304257034523653,14.672535752791617,33.33435876056596,304856.7858833667,1.4000000000000001
TEA,2001,98,3421,0.9553517780079477,0.044648221992052074,0.8354638885085143,1.0000000000000002,0.0029304257034523653,14.672535752791617,28.35191299423408,257945.76100294513,1.6
TEA,2001,98,3421,0.9553517780079477,0.044648221992052074,0.8354638885085143,1.0000000000000002,0.0029304257034523653,14.672535752791617,24.136160469230184,218253.35272295366,1.8
TEA,2001,98,3421,0.9553517780079477,0.044648221992052074,0.8354638885085143,1.0000000000000002,0.0029304257034523653,14.672535752791617,20.56912327794302,184668.76830849054,2
TEA,2001,98,3421,0.9553517780079477,0.044648221992052074,0.8354638885085143,1.0000000000000002,0.0029304257034523653,14.672535752791617,17.550977822639386,156252.14258158035,2.2
TEA,2001,98,3421,0.9553517780079477,0.044648221992052074,0.8354638885085143,1.0000000000000002,0.0029304257034523653,14.672535752791617,14.99726125034789,132208.23577785242,2.4000000000000004
TEA,2001,98,3421,0.9553517780079477,0.044648221992052074,0.8354638885085143,1.0000000000000002,0.0029304257034523653,14.672535752791617,12.836507758452214,111864.17874792535,2.6
TEA,2001,98,3421,0.9553517780079477,0.044648221992052074,0.8354638885085143,1.0000000000000002,0.0029304257034523653,14.672535752791617,11.008248622964162,94650.64270257868,2.8000000000000003
TEA,2001,98,3421,0.9553517780079477,0.044648221992052074,0.8354638885085143,1.0000000000000002,0.0029304257034523653,14.672535752791617,9.461319980232647,80085.90653670141,3
TEA,2001,98,3421,0.9553517780079477,0.044648221992052074,0.8354638885085143,1.0000000000000002,0.0029304257034523653,14.672535752791617,8.15243100533117,67762.3758558011,3.2
TEA,2001,98,3421,0.9553517780079477,0.044648221992052074,0.8354638885085143,1.0000000000000002,0.0029304257034523653,14.672535752791617,7.044952417570627,57335.17643979686,3.4000000000000004
TEA,2001,98,3421,0.9553517780079477,0.044648221992052074,0.8354638885085143,1.0000000000000002,0.0029304257034523653,14.672535752791617,6.107891409443194,48512.50293198227,3.6
TEA,2001,98,3421,0.9553517780079477,0.044648221992052074,0.8354638885085143,1.0000000000000002,0.0029304257034523653,14.672535752791617,5.315024312366033,41047.45266105132,3.8000000000000003
TEA,2001,98,3421,0.9553517780079477,0.044648221992052074,0.8354638885085143,1.0000000000000002,0.0029304257034523653,14.672535752791617,4.64416272686075,34731.11606555501,4
TEA,2001,98,3421,0.9553517780079477,0.044648221992052074,0.8354638885085143,1.0000000000000002,0.0029304257034523653,14.672535752791617,4.0765325798086405,29386.730356196396,4.2
TEA,2001,98,3421,0.9553517780079477,0.044648221992052074,0.8354638885085143,1.0000000000000002,0.0029304257034523653,14.672535752791617,3.59624873168862,24864.732806103508,4.4
TEA,2001,98,3421,0.9553517780079477,0.044648221992052074,0.8354638885085143,1.0000000000000002,0.0029304257034523653,14.672535752791617,3.189870430671758,21038.57523532069,4.6000000000000005
TEA,2001,98,3421,0.9553517780079477,0.044648221992052074,0.8354638885085143,1.0000000000000002,0.0029304257034523653,14.672535752791617,2.8460251729480737,17801.18255779526,4.800000000000001
TEA,2001,98,3421,0.9553517780079477,0.044648221992052074,0.8354638885085143,1.0000000000000002,0.0029304257034523653,14.672535752791617,2.555090443009934,15061.956283235171,5
TEA,2001,98,3421,0.9553517780079477,0.044648221992052074,0.8354638885085143,1.0000000000000002,0.0029304257034523653,14.672535752791617,2.308924427388447,12744.239116785115,5.2
TEA,2001,98,3421,0.9553517780079477,0.044648221992052074,0.8354638885085143,1.0000000000000002,0.0029304257034523653,14.672535752791617,2.100638165862223,10783.169703298998,5.4
TEA,2001,98,3421,0.9553517780079477,0.044648221992052074,0.8354638885085143,1.0000000000000002,0.0029304257034523653,14.672535752791617,1.9244027637859369,9123.86748119003,5.6000000000000005
TEA,2001,98,3421,0.9553517780079477,0.044648221992052074,0.8354638885085143,1.0000000000000002,0.0029304257034523653,14.672535752791617,1.7752862703724677,7719.896848961671,5.800000000000001
TEA,2001,98,3421,0.9553517780079477,0.044648221992052074,0.8354638885085143,1.0000000000000002,0.0029304257034523653,14.672535752791617,1.649115657964502,6531.9676640935995,6
TEA,2001,98,3421,0.9553517780079477,0.044648221992052074,0.8354638885085143,1.0000000000000002,0.0029304257034523653,14.672535752791617,1.5423600397830823,5526.835707721023,6.2
TEA,2001,98,3421,0.9553517780079477,0.044648221992052074,0.8354638885085143,1.0000000000000002,0.0029304257034523653,14.672535752791617,1.4520318579997793,4676.372344592547,6.4
TEA,2001,98,3421,0.9553517780079477,0.044648221992052074,0.8354638885085143,1.0000000000000002,0.0029304257034523653,14.672535752791617,1.375603276879001,3956.7773427242787,6.6000000000000005
TEA,2001,98,3421,0.9553517780079477,0.044648221992052074,0.8354638885085143,1.0000000000000002,0.0029304257034523653,14.672535752791617,1.3109354412510383,3347.912823494446,6.800000000000001
TEA,2001,98,3421,0.9553517780079477,0.044648221992052074,0.8354638885085143,1.0000000000000002,0.0029304257034523653,14.672535752791617,1.2562186206130024,2832.7397027605784,7
TEA,2001,98,3421,0.9553517780079477,0.044648221992052074,0.8354638885085143,1.0000000000000002,0.0029304257034523653,14.672535752791617,1.2099215637892806,2396.840851793881,7.2
TEA,2001,98,3421,0.9553517780079477,0.044648221992052074,0.8354638885085143,1.0000000000000002,0.0029304257034523653,14.672535752791617,1.1707486468407933,2028.0176336814552,7.4
TEA,2001,98,3421,0.9553517780079477,0.044648221992052074,0.8354638885085143,1.0000000000000002,0.0029304257034523653,14.672535752791617,1.1376036150065725,1715.9485242604774,7.6000000000000005
TEA,2001,98,3421,0.9553517780079477,0.044648221992052074,0.8354638885085143,1.0000000000000002,0.0029304257034523653,14.672535752791617,1.1095589039952318,1451.9002640852775,7.800000000000001
TEA,2001,98,3421,0.9553517780079477,0.044648221992052074,0.8354638885085143,1.0000000000000002,0.0029304257034523653,14.672535752791617,1.085829682082175,1228.4834580101353,8
TEA,2001,98,3421,0.9553517780079477,0.044648221992052074,0.8354638885085143,1.0000000000000002,0.0029304257034523653,14.672535752791617,1.065751886580148,1039.4457828378063,8.200000000000001
TEA,2001,98,3421,0.9553517780079477,0.044648221992052074,0.8354638885085143,1.0000000000000002,0.0029304257034523653,14.672535752791617,1.0487636400334135,879.4970159462965,8.4
TEA,2001,98,3421,0.9553517780079477,0.044648221992052074,0.8354638885085143,1.0000000000000002,0.0029304257034523653,14.672535752791617,1.0343895260673899,744.1609883169231,8.6
TEA,2001,98,3421,0.9553517780079477,0.044648221992052074,0.8354638885085143,1.0000000000000002,0.0029304257034523653,14.672535752791617,1.022227284853158,629.6503188666126,8.8
TEA,2001,98,3421,0.9553517780079477,0.044648221992052074,0.8354638885085143,1.0000000000000002,0.0029304257034523653,14.672535752791617,1.0119365558591618,532.7604245225258,9
TEA,2001,98,3421,0.9553517780079477,0.044648221992052074,0.8354638885085143,1.0000000000000002,0.0029304257034523653,14.672535752791617,1.0032293528558243,450.77983990912685,9.200000000000001
TEA,2001,98,3421,0.9553517780079477,0.044648221992052074,0.8354638885085143,1.0000000000000002,0.0029304257034523653,14.672535752791617,0.9958620046159126,381.4143369425641,9.4
TEA,2001,98,3421,0.9553517780079477,0.044648221992052074,0.8354638885085143,1.0000000000000002,0.0029304257034523653,14.672535752791617,0.9896283357710116,322.7227208179103,9.600000000000001
TEA,2001,98,3421,0.9553517780079477,0.044648221992052074,0.8354638885085143,1.0000000000000002,0.0029304257034523653,14.672535752791617,0.9843538969902607,273.06250563884464,9.8
TEA,2001,98,3421,0.9553517780079477,0.044648221992052074,0.8354638885085143,1.0000000000000002,0.0029304257034523653,14.672535752791617,0.9798910830127994,231.04394942132004,10
TEA,2001,98,3421,0.9553517780079477,0.044648221992052074,0.8354638885085143,1.0000000000000002,0.0029304257034523653,14.672535752791617,0.9761150019119795,195.49116214001234,10.200000000000001
TEA,2001,98,3421,0.9553517780079477,0.044648221992052074,0.8354638885085143,1.0000000000000002,0.0029304257034523653,14.672535752791617,0.97291997999263,165.40919842554493,10.4
TEA,2001,98,3421,0.9553517780079477,0.044648221992052074,0.8354638885085143,1.0000000000000002,0.0029304257034523653,14.672535752791617,0.970216604510862,139.9562140010486,10.600000000000001
TEA,2001,98,3421,0.9553517780079477,0.044648221992052074,0.8354638885085143,1.0000000000000002,0.0029304257034523653,14.672535752791617,0.9679292214568789,118.41990665545899,10.8
TEA,2001,98,3421,0.9553517780079477,0.044648221992052074,0.8354638885085143,1.0000000000000002,0.0029304257034523653,14.672535752791617,0.9659938183761987,100.19758245377045,11
TEA,2001,98,3421,0.9553517780079477,0.044648221992052074,0.8354638885085143,1.0000000000000002,0.0029304257034523653,14.672535752791617,0.964356232980004,84.77928933680094,11.200000000000001
TEA,2001,98,3421,0.9553517780079477,0.044648221992052074,0.8354638885085143,1.0000000000000002,0.0029304257034523653,14.672535752791617,0.9629706374125483,71.73354610396153,11.4
TEA,2001,98,3421,0.9553517780079477,0.044648221992052074,0.8354638885085143,1.0000000000000002,0.0029304257034523653,14.672535752791617,0.9617982557578182,60.695267404364984,11.600000000000001
TEA,2001,98,3421,0.9553517780079477,0.044648221992052074,0.8354638885085143,1.0000000000000002,0.0029304257034523653,14.672535752791617,0.9608062788948496,51.355546816943566,11.8
TEA,2001,98,3421,0.9553517780079477,0.044648221992052074,0.8354638885085143,1.0000000000000002,0.0029304257034523653,14.672535752791617,0.9599669463339086,43.453012098890774,12
TEA,2001,98,3421,0.9553517780079477,0.044648221992052074,0.8354638885085143,1.0000000000000002,0.0029304257034523653,14.672535752791617,0.9592567693387036,36.76651067890855,12.200000000000001
TEA,2001,98,3421,0.9553517780079477,0.044648221992052074,0.8354638885085143,1.0000000000000002,0.0029304257034523653,14.672535752791617,0.9586558735936931,31.108920698659876,12.4
TEA,2001,98,3421,0.9553517780079477,0.044648221992052074,0.8354638885085143,1.0000000000000002,0.0029304257034523653,14.672535752791617,0.9581474430210192,26.321914404313375,12.600000000000001
TEA,2001,98,3421,0.9553517780079477,0.044648221992052074,0.8354638885085143,1.0000000000000002,0.0029304257034523653,14.672535752791617,0.9577172491822779,22.27152734160427,12.8
TEA,2001,98,3421,0.9553517780079477,0.044648221992052074,0.8354638885085143,1.0000000000000002,0.0029304257034523653,14.672535752791617,0.9573532530954222,18.844409358254893,13
TEA,2001,98,3421,0.9553517780079477,0.044648221992052074,0.8354638885085143,1.0000000000000002,0.0029304257034523653,14.672535752791617,0.9570452683236416,15.944652497995374,13.200000000000001
TEA,2001,98,3421,0.9553517780079477,0.044648221992052074,0.8354638885085143,1.0000000000000002,0.0029304257034523653,14.672535752791617,0.9567846759077501,13.491107014742465,13.4
TEA,2001,98,3421,0.9553517780079477,0.044648221992052074,0.8354638885085143,1.0000000000000002,0.0029304257034523653,14.672535752791617,0.9565641831644642,11.415110395545844,13.600000000000001
TEA,2001,98,3421,0.9553517780079477,0.044648221992052074,0.8354638885085143,1.0000000000000002,0.0029304257034523653,14.672535752791617,0.9563776196005347,9.658565838971395,13.8
TEA,2001,98,3421,0.9553517780079477,0.044648221992052074,0.8354638885085143,1.0000000000000002,0.0029304257034523653,14.672535752791617,0.9562197642313857,8.172316415104136,14
TEA,2001,98,3421,0.9553517780079477,0.044648221992052074,0.8354638885085143,1.0000000000000002,0.0029304257034523653,14.672535752791617,0.9560861994717704,6.914769408011102,14.200000000000001
TEA,2001,98,3421,0.9553517780079477,0.044648221992052074,0.8354638885085143,1.0000000000000002,0.0029304257034523653,14.672535752791617,0.9559731875095723,5.850732342863765,14.4
TEA,2001,98,3421,0.9553517780079477,0.044648221992052074,0.8354638885085143,1.0000000000000002,0.0029304257034523653,14.672535752791617,0.9558775657030667,4.95042812391889,14.600000000000001
TEA,2001,98,3421,0.9553517780079477,0.044648221992052074,0.8354638885085143,1.0000000000000002,0.0029304257034523653,14.672535752791617,0.9557966580743384,4.188661721977144,14.8
TEA,2001,98,3421,0.9553517780079477,0.044648221992052074,0.8354638885085143,1.0000000000000002,0.0029304257034523653,14.672535752791617,0.9557282004219927,3.5441150910534853,15
TEA,2001,98,3421,0.9553517780079477,0.044648221992052074,0.8354638885085143,1.0000000000000002,0.0029304257034523653,14.672535752791617,0.9556702769574398,2.9987505824901213,15.200000000000001
TEA,2001,98,3421,0.9553517780079477,0.044648221992052074,0.8354638885085143,1.0000000000000002,0.0029304257034523653,14.672535752791617,0.9556212666915187,2.537306161045647,15.4
TEA,2001,98,3421,0.9553517780079477,0.044648221992052074,0.8354638885085143,1.0000000000000002,0.0029304257034523653,14.672535752791617,0.9555797980710864,2.1468682965737753,15.600000000000001
TEA,2001,98,3421,0.9553517780079477,0.044648221992052074,0.8354638885085143,1.0000000000000002,0.0029304257034523653,14.672535752791617,0.9555447105960803,1.8165105786580236,15.8
TEA,2001,98,3421,0.9553517780079477,0.044648221992052074,0.8354638885085143,1.0000000000000002,0.0029304257034523653,14.672535752791617,0.955515022342903,1.536987940826444,16
TEA,2001,98,3421,0.9553517780079477,0.044648221992052074,0.8354638885085143,1.0000000000000002,0.0029304257034523653,14.672535752791617,0.9554899024852738,1.3004779372059148,16.2
TEA,2001,98,3421,0.9553517780079477,0.044648221992052074,0.8354638885085143,1.0000000000000002,0.0029304257034523653,14.672535752791617,0.9554686480435408,1.1003618312385481,16.400000000000002
TEA,2001,98,3421,0.9553517780079477,0.044648221992052074,0.8354638885085143,1.0000000000000002,0.0029304257034523653,14.672535752791617,0.9554506642117833,0.9310393702241938,16.6
TEA,2001,98,3421,0.9553517780079477,0.044648221992052074,0.8354638885085143,1.0000000000000002,0.0029304257034523653,14.672535752791617,0.955435447712157,0.7877720621513833,16.8
TEA,2001,98,3421,0.9553517780079477,0.044648221992052074,0.8354638885085143,1.0000000000000002,0.0029304257034523653,14.672535752791617,0.9554225727106558,0.6665505689161209,17
TEA,2001,98,3421,0.9553517780079477,0.044648221992052074,0.8354638885085143,1.0000000000000002,0.0029304257034523653,14.672535752791617,0.9554116789001391,0.5639825049254238,17.2
TEA,2001,98,3421,0.9553517780079477,0.044648221992052074,0.8354638885085143,1.0000000000000002,0.0029304257034523653,14.672535752791617,0.9554024614171305,0.47719750112760334,17.400000000000002
TEA,2001,98,3421,0.9553517780079477,0.044648221992052074,0.8354638885085143,1.0000000000000002,0.0029304257034523653,14.672535752791617,0.9553946623102078,0.40376687768451336,17.6
TEA,2001,98,3421,0.9553517780079477,0.044648221992052074,0.8354638885085143,1.0000000000000002,0.0029304257034523653,14.672535752791617,0.9553880633212285,0.3416356773241095,17.8
TEA,2001,98,3421,0.9553517780079477,0.044648221992052074,0.8354638885085143,1.0000000000000002,0.0029304257034523653,14.672535752791617,0.9553824797773715,0.2890651573255078,18
TEA,2001,98,3421,0.9553517780079477,0.044648221992052074,0.8354638885085143,1.0000000000000002,0.0029304257034523653,14.672535752791617,0.9553777554230648,0.24458413077375557,18.2
TEA,2001,98,3421,0.9553517780079477,0.044648221992052074,0.8354638885085143,1.0000000000000002,0.0029304257034523653,14.672535752791617,0.9553737580471712,0.20694779536846877,18.400000000000002
TEA,2001,98,3421,0.9553517780079477,0.044648221992052074,0.8354638885085143,1.0000000000000002,0.0029304257034523653,14.672535752791617,0.955370375783057,0.17510289760984435,18.6
TEA,2001,98,3421,0.9553517780079477,0.044648221992052074,0.8354638885085143,1.0000000000000002,0.0029304257034523653,14.672535752791617,0.955367513978002,0.14815825748117775,18.8
TEA,2001,98,3421,0.9553517780079477,0.044648221992052074,0.8354638885085143,1.0000000000000002,0.0029304257034523653,14.672535752791617,0.9553650925443422,0.1253598287606228,19
TEA,2001,98,3421,0.9553517780079477,0.044648221992052074,0.8354638885085143,1.0000000000000002,0.0029304257034523653,14.672535752791617,0.9553630437182147,0.10606959702458071,19.200000000000003
TEA,2001,98,3421,0.9553517780079477,0.044648221992052074,0.8354638885085143,1.0000000000000002,0.0029304257034523653,14.672535752791617,0.9553613101631846,0.08974772480297948,19.400000000000002
TEA,2001,98,3421,0.9553517780079477,0.044648221992052074,0.8354638885085143,1.0000000000000002,0.0029304257034523653,14.672535752791617,0.9553598433656842,0.07593744421829689,19.6
TEA,2001,98,3421,0.9553517780079477,0.044648221992052074,0.8354638885085143,1.0000000000000002,0.0029304257034523653,14.672535752791617,0.9553586022773602,0.0642522743285801,19.8
TEA,2001,98,3421,0.9553517780079477,0.044648221992052074,0.8354638885085143,1.0000000000000002,0.0029304257034523653,14.672535752791617,0.9553575521663343,0.0543652054515736,20
Bantu,57120,424,3859,0.9853209788324372,0.01467902116756328,1,1.0000000000000004,1,6.170512598152728,424.9853209788324,111589397.53004493,0
Bantu,57120,424,3859,0.9853209788324372,0.01467902116756328,1,1.0000000000000004,1,6.170512598152728,348.12716028389747,91361671.47529216,0.2
Bantu,57120,424,3859,0.9853209788324372,0.01467902116756328,1,1.0000000000000004,1,6.170512598152728,285.201020497943,74800610.0894289,0.4
Bantu,57120,424,3859,0.9853209788324372,0.01467902116756328,1,1.0000000000000004,1,6.170512598152728,233.68145468270077,61241559.8292098,0.6000000000000001
Bantu,57120,424,3859,0.9853209788324372,0.01467902116756328,1,1.0000000000000004,1,6.170512598152728,191.5008017645362,50140348.39863958,0.8
Bantu,57120,424,3859,0.9853209788324372,0.01467902116756328,1,1.0000000000000004,1,6.170512598152728,156.96620403552407,41051445.204010755,1
Bantu,57120,424,3859,0.9853209788324372,0.01467902116756328,1,1.0000000000000004,1,6.170512598152728,128.69166682960662,33610080.64681941,1.2000000000000002
Bantu,57120,424,3859,0.9853209788324372,0.01467902116756328,1,1.0000000000000004,1,6.170512598152728,105.54243369007452,27517606.638981827,1.4000000000000001
Bantu,57120,424,3859,0.9853209788324372,0.01467902116756328,1,1.0000000000000004,1,6.170512598152728,86.58944460856608,22529510.806437418,1.6
Bantu,57120,424,3859,0.9853209788324372,0.01467902116756328,1,1.0000000000000004,1,6.170512598152728,71.07204958478466,18445603.34903314,1.8
Bantu,57120,424,3859,0.9853209788324372,0.01467902116756328,1,1.0000000000000004,1,6.170512598152728,58.36748107115663,15101982.720931677,2
Bantu,57120,424,3859,0.9853209788324372,0.01467902116756328,1,1.0000000000000004,1,6.170512598152728,47.9658601244624,12364457.686078915,2.2
Bantu,57120,424,3859,0.9853209788324372,0.01467902116756328,1,1.0000000000000004,1,6.170512598152728,39.44973317354346,10123161.752724223,2.4000000000000004
Bantu,57120,424,3859,0.9853209788324372,0.01467902116756328,1,1.0000000000000004,1,6.170512598152728,32.477318141710136,8288143.84533816,2.6
Bantu,57120,424,3859,0.9853209788324372,0.01467902116756328,1,1.0000000000000004,1,6.170512598152728,26.768787531924865,6785758.252112382,2.8000000000000003
Bantu,57120,424,3859,0.9853209788324372,0.01467902116756328,1,1.0000000000000004,1,6.170512598152728,22.09503796680669,5555708.963957045,3
Bantu,57120,424,3859,0.9853209788324372,0.01467902116756328,1,1.0000000000000004,1,6.170512598152728,18.2684954656596,4548629.78394265,3.2
Bantu,57120,424,3859,0.9853209788324372,0.01467902116756328,1,1.0000000000000004,1,6.170512598152728,15.135587442010566,3724103.0884803305,3.4000000000000004
Bantu,57120,424,3859,0.9853209788324372,0.01467902116756328,1,1.0000000000000004,1,6.170512598152728,12.570579296484382,3049037.7261715117,3.6
Bantu,57120,424,3859,0.9853209788324372,0.01467902116756328,1,1.0000000000000004,1,6.170512598152728,10.470528245846559,2496340.9537115875,3.8000000000000003
Bantu,57120,424,3859,0.9853209788324372,0.01467902116756328,1,1.0000000000000004,1,6.170512598152728,8.751151867655741,2043831.1089716987,4
Bantu,57120,424,3859,0.9853209788324372,0.01467902116756328,1,1.0000000000000004,1,6.170512598152728,7.3434455507149154,1673347.38301261,4.2
Bantu,57120,424,3859,0.9853209788324372,0.01467902116756328,1,1.0000000000000004,1,6.170512598152728,6.190913097733459,1370020.9630549902,4.4
Bantu,57120,424,3859,0.9853209788324372,0.01467902116756328,1,1.0000000000000004,1,6.170512598152728,5.247299334557093,1121678.2948146246,4.6000000000000005
Bantu,57120,424,3859,0.9853209788324372,0.01467902116756328,1,1.0000000000000004,1,6.170512598152728,4.4747337276169254,918352.5150248104,4.800000000000001
Bantu,57120,424,3859,0.9853209788324372,0.01467902116756328,1,1.0000000000000004,1,6.170512598152728,3.8422105064446757,751883.4462173203,5
Bantu,57120,424,3859,0.9853209788324372,0.01467902116756328,1,1.0000000000000004,1,6.170512598152728,3.3243442932349865,615590.1001483707,5.2
Bantu,57120,424,3859,0.9853209788324372,0.01467902116756328,1,1.0000000000000004,1,6.170512598152728,2.9003512985002,504002.54628182115,5.4
Bantu,57120,424,3859,0.9853209788324372,0.01467902116756328,1,1.0000000000000004,1,6.170512598152728,2.553215194621186,412642.3842705423,5.6000000000000005
Bantu,57120,424,3859,0.9853209788324372,0.01467902116756328,1,1.0000000000000004,1,6.170512598152728,2.269004190871764,337843.0100257136,5.800000000000001
Bantu,57120,424,3859,0.9853209788324372,0.01467902116756328,1,1.0000000000000004,1,6.170512598152728,2.036311901738976,276602.46202048205,6
Bantu,57120,424,3859,0.9853209788324372,0.01467902116756328,1,1.0000000000000004,1,6.170512598152728,1.8457995686218192,226462.9420332575,6.2
Bantu,57120,424,3859,0.9853209788324372,0.01467902116756328,1,1.0000000000000004,1,6.170512598152728,1.689821262658185,185412.17507514267,6.4
Bantu,57120,424,3859,0.9853209788324372,0.01467902116756328,1,1.0000000000000004,1,6.170512598152728,1.5621170267527462,151802.64972909837,6.6000000000000005
Bantu,57120,424,3859,0.9853209788324372,0.01467902116756328,1,1.0000000000000004,1,6.170512598152728,1.4575616415186279,124285.4977319361,6.800000000000001
Bantu,57120,424,3859,0.9853209788324372,0.01467902116756328,1,1.0000000000000004,1,6.170512598152728,1.3719589322275516,101756.35915474102,7
Bantu,57120,424,3859,0.9853209788324372,0.01467902116756328,1,1.0000000000000004,1,6.170512598152728,1.3018733615841453,83311.06056123458,7.2
Bantu,57120,424,3859,0.9853209788324372,0.01467902116756328,1,1.0000000000000004,1,6.170512598152728,1.244492149551377,68209.3273530254,7.4
Bantu,57120,424,3859,0.9853209788324372,0.01467902116756328,1,1.0000000000000004,1,6.170512598152728,1.1975123866112531,55845.073950684884,7.6000000000000005
Bantu,57120,424,3859,0.9853209788324372,0.01467902116756328,1,1.0000000000000004,1,6.170512598152728,1.1590486099198651,45722.07945133965,7.800000000000001
Bantu,57120,424,3859,0.9853209788324372,0.01467902116756328,1,1.0000000000000004,1,6.170512598152728,1.127557133063103,37434.07254148672,8
Bantu,57120,424,3859,0.9853209788324372,0.01467902116756328,1,1.0000000000000004,1,6.170512598152728,1.1017740925006243,30648.426402667254,8.200000000000001
Bantu,57120,424,3859,0.9853209788324372,0.01467902116756328,1,1.0000000000000004,1,6.170512598152728,1.0806647242842693,25092.80922931072,8.4
Bantu,57120,424,3859,0.9853209788324372,0.01467902116756328,1,1.0000000000000004,1,6.170512598152728,1.0633818353474909,20544.25459715577,8.6
Bantu,57120,424,3859,0.9853209788324372,0.01467902116756328,1,1.0000000000000004,1,6.170512598152728,1.0492318026729193,16820.213037755042,8.8
Bantu,57120,424,3859,0.9853209788324372,0.01467902116756328,1,1.0000000000000004,1,6.170512598152728,1.037646735765189,13771.225687333312,9
Bantu,57120,424,3859,0.9853209788324372,0.01467902116756328,1,1.0000000000000004,1,6.170512598152728,1.0281616852113646,11274.925977797244,9.200000000000001
Bantu,57120,424,3859,0.9853209788324372,0.01467902116756328,1,1.0000000000000004,1,6.170512598152728,1.0203959826284492,9231.128636700398,9.4
Bantu,57120,424,3859,0.9853209788324372,0.01467902116756328,1,1.0000000000000004,1,6.170512598152728,1.0140379631045593,7557.808900485424,9.600000000000001
Bantu,57120,424,3859,0.9853209788324372,0.01467902116756328,1,1.0000000000000004,1,6.170512598152728,1.00883245699168,6187.810572713965,9.8
Bantu,57120,424,3859,0.9853209788324372,0.01467902116756328,1,1.0000000000000004,1,6.170512598152728,1.0045705490517307,5066.150810101955,10
Bantu,57120,424,3859,0.9853209788324372,0.01467902116756328,1,1.0000000000000004,1,6.170512598152728,1.001081193954507,4147.8134679614595,10.200000000000001
Bantu,57120,424,3859,0.9853209788324372,0.01467902116756328,1,1.0000000000000004,1,6.170512598152728,0.9982243516280002,3395.9424442510563,10.4
Bantu,57120,424,3859,0.9853209788324372,0.01467902116756328,1,1.0000000000000004,1,6.170512598152728,0.9958853669585945,2780.36251479116,10.600000000000001
Bantu,57120,424,3859,0.9853209788324372,0.01467902116756328,1,1.0000000000000004,1,6.170512598152728,0.993970368278774,2276.368295564751,10.8
Bantu,57120,424,3859,0.9853209788324372,0.01467902116756328,1,1.0000000000000004,1,6.170512598152728,0.9924024999675013,1863.7327289105738,11
Bantu,57120,424,3859,0.9853209788324372,0.01467902116756328,1,1.0000000000000004,1,6.170512598152728,0.9911188379642859,1525.8953006770307,11.200000000000001
Bantu,57120,424,3859,0.9853209788324372,0.01467902116756328,1,1.0000000000000004,1,6.170512598152728,0.9900678644056957,1249.2974086414542,11.4
Bantu,57120,424,3859,0.9853209788324372,0.01467902116756328,1,1.0000000000000004,1,6.170512598152728,0.9892074000326062,1022.8382081954026,11.600000000000001
Bantu,57120,424,3859,0.9853209788324372,0.01467902116756328,1,1.0000000000000004,1,6.170512598152728,0.9885029113884297,837.4290964727464,11.8
Bantu,57120,424,3859,0.9853209788324372,0.01467902116756328,1,1.0000000000000004,1,6.170512598152728,0.9879261248702483,685.628954804546,12
Bantu,57120,424,3859,0.9853209788324372,0.01467902116756328,1,1.0000000000000004,1,6.170512598152728,0.9874538920098525,561.345510499195,12.200000000000001
Bantu,57120,424,3859,0.9853209788324372,0.01467902116756328,1,1.0000000000000004,1,6.170512598152728,0.9870672604444323,459.59083254794945,12.4
Bantu,57120,424,3859,0.9853209788324372,0.01467902116756328,1,1.0000000000000004,1,6.170512598152728,0.9867507132917122,376.2811484397207,12.600000000000001
Bantu,57120,424,3859,0.9853209788324372,0.01467902116756328,1,1.0000000000000004,1,6.170512598152728,0.986491546402981,308.072948031101,12.8
Bantu,57120,424,3859,0.9853209788324372,0.01467902116756328,1,1.0000000000000004,1,6.170512598152728,0.9862793585009971,252.22879674445903,13
Bantu,57120,424,3859,0.9853209788324372,0.01467902116756328,1,1.0000000000000004,1,6.170512598152728,0.9861056337402119,206.5074727065424,13.200000000000001
Bantu,57120,424,3859,0.9853209788324372,0.01467902116756328,1,1.0000000000000004,1,6.170512598152728,0.9859633999359859,169.07401864525795,13.4
Bantu,57120,424,3859,0.9853209788324372,0.01467902116756328,1,1.0000000000000004,1,6.170512598152728,0.9858469487463388,138.42609861135355,13.600000000000001
Bantu,57120,424,3859,0.9853209788324372,0.01467902116756328,1,1.0000000000000004,1,6.170512598152728,0.9857516065761422,113.33370396171946,13.8
Bantu,57120,424,3859,0.9853209788324372,0.01467902116756328,1,1.0000000000000004,1,6.170512598152728,0.9856735470093371,92.78978879369649,14
Bantu,57120,424,3859,0.9853209788324372,0.01467902116756328,1,1.0000000000000004,1,6.170512598152728,0.9856096372414218,75.9698536570101,14.200000000000001
Bantu,57120,424,3859,0.9853209788324372,0.01467902116756328,1,1.0000000000000004,1,6.170512598152728,0.9855573123490075,62.198855495827274,14.4
Bantu,57120,424,3859,0.9853209788324372,0.01467902116756328,1,1.0000000000000004,1,6.170512598152728,0.9855144723504363,50.92411580068723,14.600000000000001
Bantu,57120,424,3859,0.9853209788324372,0.01467902116756328,1,1.0000000000000004,1,6.170512598152728,0.9854793979261444,41.693139679327004,14.8
Bantu,57120,424,3859,0.9853209788324372,0.01467902116756328,1,1.0000000000000004,1,6.170512598152728,0.98545068141633,34.13545564784144,15
Bantu,57120,424,3859,0.9853209788324372,0.01467902116756328,1,1.0000000000000004,1,6.170512598152728,0.9854271703266239,27.947747309216908,15.200000000000001
Bantu,57120,424,3859,0.9853209788324372,0.01467902116756328,1,1.0000000000000004,1,6.170512598152728,0.9854079210744431,22.88168020130841,15.4
Bantu,57120,424,3859,0.9853209788324372,0.01467902116756328,1,1.0000000000000004,1,6.170512598152728,0.985392161119709,18.733935262906602,15.600000000000001
Bantu,57120,424,3859,0.9853209788324372,0.01467902116756328,1,1.0000000000000004,1,6.170512598152728,0.9853792579601011,15.338048925913746,15.8
Bantu,57120,424,3859,0.9853209788324372,0.01467902116756328,1,1.0000000000000004,1,6.170512598152728,0.9853686937465181,12.55773234786028,16
Bantu,57120,424,3859,0.9853209788324372,0.01467902116756328,1,1.0000000000000004,1,6.170512598152728,0.9853600444999757,10.281401662115423,16.2
Bantu,57120,424,3859,0.9853209788324372,0.01467902116756328,1,1.0000000000000004,1,6.170512598152728,0.9853529630958405,8.417699725521025,16.400000000000002
Bantu,57120,424,3859,0.9853209788324372,0.01467902116756328,1,1.0000000000000004,1,6.170512598152728,0.9853471653325,6.891829635460161,16.6
Bantu,57120,424,3859,0.9853209788324372,0.01467902116756328,1,1.0000000000000004,1,6.170512598152728,0.9853424185253541,5.6425528675254455,16.8
Bantu,57120,424,3859,0.9853209788324372,0.01467902116756328,1,1.0000000000000004,1,6.170512598152728,0.9853385321683649,4.6197315585114165,17
Bantu,57120,424,3859,0.9853209788324372,0.01467902116756328,1,1.0000000000000004,1,6.170512598152728,0.9853353502883803,3.7823162979181175,17.2
Bantu,57120,424,3859,0.9853209788324372,0.01467902116756328,1,1.0000000000000004,1,6.170512598152728,0.9853327451853843,3.096698670973644,17.400000000000002
Bantu,57120,424,3859,0.9853209788324372,0.01467902116756328,1,1.0000000000000004,1,6.170512598152728,0.9853306123074466,2.535362434941839,17.6
Bantu,57120,424,3859,0.9853209788324372,0.01467902116756328,1,1.0000000000000004,1,6.170512598152728,0.9853288660546864,2.075779195685577,17.8
Bantu,57120,424,3859,0.9853209788324372,0.01467902116756328,1,1.0000000000000004,1,6.170512598152728,0.9853274363438489,1.69950426410725,18
Bantu,57120,424,3859,0.9853209788324372,0.01467902116756328,1,1.0000000000000004,1,6.170512598152728,0.9853262657956183,1.3914364060117839,18.2
Bantu,57120,424,3859,0.9853209788324372,0.01467902116756328,1,1.0000000000000004,1,6.170512598152728,0.985325307431784,1.1392117765541327,18.400000000000002
Bantu,57120,424,3859,0.9853209788324372,0.01467902116756328,1,1.0000000000000004,1,6.170512598152728,0.9853245227898402,0.93270771573348,18.6
Bantu,57120,424,3859,0.9853209788324372,0.01467902116756328,1,1.0000000000000004,1,6.170512598152728,0.9853238803793506,0.7636364905041108,18.8
Bantu,57120,424,3859,0.9853209788324372,0.01467902116756328,1,1.0000000000000004,1,6.170512598152728,0.9853233544181267,0.6252126789482567,19
Bantu,57120,424,3859,0.9853209788324372,0.01467902116756328,1,1.0000000000000004,1,6.170512598152728,0.9853229237974978,0.5118808474692069,19.200000000000003
Bantu,57120,424,3859,0.9853209788324372,0.01467902116756328,1,1.0000000000000004,1,6.170512598152728,0.985322571235146,0.41909259173465774,19.400000000000002
Bantu,57120,424,3859,0.9853209788324372,0.01467902116756328,1,1.0000000000000004,1,6.170512598152728,0.9853222825815061,0.34312399324032195,19.6
Bantu,57120,424,3859,0.9853209788324372,0.01467902116756328,1,1.0000000000000004,1,6.170512598152728,0.9853220462518942,0.2809261653847751,19.8
Bantu,57120,424,3859,0.9853209788324372,0.01467902116756328,1,1.0000000000000004,1,6.170512598152728,0.9853218527615731,0.2300028909447877,20
Bantu_subset,10001,107,3859,0.9804812262851408,0.01951877371486157,1,1.0000000000000024,0.01190750001402787,5.197030583434324,107.98048122628514,48293342.88879932,0
Bantu_subset,10001,107,3859,0.9804812262851408,0.01951877371486157,1,1.0000000000000024,0.01190750001402787,5.197030583434324,88.58467180562921,39539244.99199989,0.2
Bantu_subset,10001,107,3859,0.9804812262851408,0.01951877371486157,1,1.0000000000000024,0.01190750001402787,5.197030583434324,72.7047261520986,32371995.82843487,0.4
Bantu_subset,10001,107,3859,0.9804812262851408,0.01951877371486157,1,1.0000000000000024,0.01190750001402787,5.197030583434324,59.70332628834576,26503948.523251764,0.6000000000000001
Bantu_subset,10001,107,3859,0.9804812262851408,0.01951877371486157,1,1.0000000000000024,0.01190750001402787,5.197030583434324,49.058680386827795,21699597.73398196,0.8
Bantu_subset,10001,107,3859,0.9804812262851408,0.01951877371486157,1,1.0000000000000024,0.01190750001402787,5.197030583434324,40.343581431629374,17766127.9942323,1
Bantu_subset,10001,107,3859,0.9804812262851408,0.01951877371486157,1,1.0000000000000024,0.01190750001402787,5.197030583434324,33.20826190089061,14545675.35199762,1.2000000000000002
Bantu_subset,10001,107,3859,0.9804812262851408,0.01951877371486157,1,1.0000000000000024,0.01190750001402787,5.197030583434324,27.366356368036964,11908991.734968849,1.4000000000000001
Bantu_subset,10001,107,3859,0.9804812262851408,0.01951877371486157,1,1.0000000000000024,0.01190750001402787,5.197030583434324,22.5834086517132,9750257.771570513,1.6
Bantu_subset,10001,107,3859,0.9804812262851408,0.01951877371486157,1,1.0000000000000024,0.01190750001402787,5.197030583434324,18.66746226599479,7982835.88802236,1.8
Bantu_subset,10001,107,3859,0.9804812262851408,0.01951877371486157,1,1.0000000000000024,0.01190750001402787,5.197030583434324,15.461356532602652,6535793.238298485,2
Bantu_subset,10001,107,3859,0.9804812262851408,0.01951877371486157,1,1.0000000000000024,0.01190750001402787,5.197030583434324,12.836419171054828,5351054.9199541,2.2
Bantu_subset,10001,107,3859,0.9804812262851408,0.01951877371486157,1,1.0000000000000024,0.01190750001402787,5.197030583434324,10.687302228252198,4381073.224375652,2.4000000000000004
Bantu_subset,10001,107,3859,0.9804812262851408,0.01951877371486157,1,1.0000000000000024,0.01190750001402787,5.197030583434324,8.927754095218804,3586919.3802828575,2.6
Bantu_subset,10001,107,3859,0.9804812262851408,0.01951877371486157,1,1.0000000000000024,0.01190750001402787,5.197030583434324,7.487157927183431,2936721.205448992,2.8000000000000003
Bantu_subset,10001,107,3859,0.9804812262851408,0.01951877371486157,1,1.0000000000000024,0.01190750001402787,5.197030583434324,6.307697541646547,2404383.9641173305,3
Bantu_subset,10001,107,3859,0.9804812262851408,0.01951877371486157,1,1.0000000000000024,0.01190750001402787,5.197030583434324,5.3420370519702836,1968543.0936304075,3.2
Bantu_subset,10001,107,3859,0.9804812262851408,0.01951877371486157,1,1.0000000000000024,0.01190750001402787,5.197030583434324,4.551421112039996,1611706.769514482,3.4000000000000004
Bantu_subset,10001,107,3859,0.9804812262851408,0.01951877371486157,1,1.0000000000000024,0.01190750001402787,5.197030583434324,3.9041195281454186,1319553.8971454715,3.6
Bantu_subset,10001,107,3859,0.9804812262851408,0.01951877371486157,1,1.0000000000000024,0.01190750001402787,5.197030583434324,3.3741538148948367,1080359.355936897,3.8000000000000003
Bantu_subset,10001,107,3859,0.9804812262851408,0.01951877371486157,1,1.0000000000000024,0.01190750001402787,5.197030583434324,2.9402545873796786,884523.4290810595,4
Bantu_subset,10001,107,3859,0.9804812262851408,0.01951877371486157,1,1.0000000000000024,0.01190750001402787,5.197030583434324,2.585007946076236,724186.5332066539,4.2
Bantu_subset,10001,107,3859,0.9804812262851408,0.01951877371486157,1,1.0000000000000024,0.01190750001402787,5.197030583434324,2.2941565959134484,592913.7857012165,4.4
Bantu_subset,10001,107,3859,0.9804812262851408,0.01951877371486157,1,1.0000000000000024,0.01190750001402787,5.197030583434324,2.05602765096092,485436.750277474,4.6000000000000005
Bantu_subset,10001,107,3859,0.9804812262851408,0.01951877371486157,1,1.0000000000000024,0.01190750001402787,5.197030583434324,1.8610641605302716,397441.9961264038,4.800000000000001
Bantu_subset,10001,107,3859,0.9804812262851408,0.01951877371486157,1,1.0000000000000024,0.01190750001402787,5.197030583434324,1.7014415551872757,325397.9847933876,5
Bantu_subset,10001,107,3859,0.9804812262851408,0.01951877371486157,1,1.0000000000000024,0.01190750001402787,5.197030583434324,1.5707536193065352,266413.337139947,5.2
Bantu_subset,10001,107,3859,0.9804812262851408,0.01951877371486157,1,1.0000000000000024,0.01190750001402787,5.197030583434324,1.4637553871446891,218120.79214660748,5.4
Bantu_subset,10001,107,3859,0.9804812262851408,0.01951877371486157,1,1.0000000000000024,0.01190750001402787,5.197030583434324,1.3761526439488092,178582.20041615743,5.6000000000000005
Bantu_subset,10001,107,3859,0.9804812262851408,0.01951877371486157,1,1.0000000000000024,0.01190750001402787,5.197030583434324,1.3044295840403477,146210.7394330438,5.800000000000001
Bantu_subset,10001,107,3859,0.9804812262851408,0.01951877371486157,1,1.0000000000000024,0.01190750001402787,5.197030583434324,1.2457077091884372,119707.22880410458,6
Bantu_subset,10001,107,3859,0.9804812262851408,0.01951877371486157,1,1.0000000000000024,0.01190750001402787,5.197030583434324,1.1976303043687815,98007.98958766265,6.2
Bantu_subset,10001,107,3859,0.9804812262851408,0.01951877371486157,1,1.0000000000000024,0.01190750001402787,5.197030583434324,1.158267854514749,80242.15512276605,6.4
Bantu_subset,10001,107,3859,0.9804812262851408,0.01951877371486157,1,1.0000000000000024,0.01190750001402787,5.197030583434324,1.126040606302763,65696.72009226229,6.6000000000000005
Bantu_subset,10001,107,3859,0.9804812262851408,0.01951877371486157,1,1.0000000000000024,0.01190750001402787,5.197030583434324,1.099655167104533,53787.92511589134,6.800000000000001
Bantu_subset,10001,107,3859,0.9804812262851408,0.01951877371486157,1,1.0000000000000024,0.01190750001402787,5.197030583434324,1.0780525965994723,44037.82843663581,7
Bantu_subset,10001,107,3859,0.9804812262851408,0.01951877371486157,1,1.0000000000000024,0.01190750001402787,5.197030583434324,1.060365907781444,36055.12443984579,7.2
Bantu_subset,10001,107,3859,0.9804812262851408,0.01951877371486157,1,1.0000000000000024,0.01190750001402787,5.197030583434324,1.0458852717260039,29519.439184955263,7.4
Bantu_subset,10001,107,3859,0.9804812262851408,0.01951877371486157,1,1.0000000000000024,0.01190750001402787,5.197030583434324,1.034029529663285,24168.4726743381,7.6000000000000005
Bantu_subset,10001,107,3859,0.9804812262851408,0.01951877371486157,1,1.0000000000000024,0.01190750001402787,5.197030583434324,1.0243228690359771,19787.47183340546,7.800000000000001
Bantu_subset,10001,107,3859,0.9804812262851408,0.01951877371486157,1,1.0000000000000024,0.01190750001402787,5.197030583434324,1.0163757274707088,16200.611715673404,8
Bantu_subset,10001,107,3859,0.9804812262851408,0.01951877371486157,1,1.0000000000000024,0.01190750001402787,5.197030583434324,1.0098691582721593,13263.939030297237,8.200000000000001
Bantu_subset,10001,107,3859,0.9804812262851408,0.01951877371486157,1,1.0000000000000024,0.01190750001402787,5.197030583434324,1.0045420299722772,10859.594791055699,8.4
Bantu_subset,10001,107,3859,0.9804812262851408,0.01951877371486157,1,1.0000000000000024,0.01190750001402787,5.197030583434324,1.0001805462075712,8891.084221402762,8.6
Bantu_subset,10001,107,3859,0.9804812262851408,0.01951877371486157,1,1.0000000000000024,0.01190750001402787,5.197030583434324,0.9966096653203564,7279.40408026884,8.8
Bantu_subset,10001,107,3859,0.9804812262851408,0.01951877371486157,1,1.0000000000000024,0.01190750001402787,5.197030583434324,0.9936860753224153,5959.871984597439,9
Bantu_subset,10001,107,3859,0.9804812262851408,0.01951877371486157,1,1.0000000000000024,0.01190750001402787,5.197030583434324,0.9912924422817095,4879.5304781978175,9.200000000000001
Bantu_subset,10001,107,3859,0.9804812262851408,0.01951877371486157,1,1.0000000000000024,0.01190750001402787,5.197030583434324,0.9893327012997002,3995.021663081864,9.4
Bantu_subset,10001,107,3859,0.9804812262851408,0.01951877371486157,1,1.0000000000000024,0.01190750001402787,5.197030583434324,0.987728201089662,3270.8470947778596,9.600000000000001
Bantu_subset,10001,107,3859,0.9804812262851408,0.01951877371486157,1,1.0000000000000024,0.01190750001402787,5.197030583434324,0.9864145474243836,2677.9431051104066,9.8
Bantu_subset,10001,107,3859,0.9804812262851408,0.01951877371486157,1,1.0000000000000024,0.01190750001402787,5.197030583434324,0.9853390187697265,2192.5143751470364,10
Bantu_subset,10001,107,3859,0.9804812262851408,0.01951877371486157,1,1.0000000000000024,0.01190750001402787,5.197030583434324,0.9844584503843422,1795.078945498427,10.200000000000001
Bantu_subset,10001,107,3859,0.9804812262851408,0.01951877371486157,1,1.0000000000000024,0.01190750001402787,5.197030583434324,0.9837375019670399,1469.6863368823583,10.4
Bantu_subset,10001,107,3859,0.9804812262851408,0.01951877371486157,1,1.0000000000000024,0.01190750001402787,5.197030583434324,0.9831472393264116,1203.2774013841129,10.600000000000001
Bantu_subset,10001,107,3859,0.9804812262851408,0.01951877371486157,1,1.0000000000000024,0.01190750001402787,5.197030583434324,0.9826639731501361,985.1602129969323,10.8
Bantu_subset,10001,107,3859,0.9804812262851408,0.01951877371486157,1,1.0000000000000024,0.01190750001402787,5.197030583434324,0.982268308269697,806.5809630894428,11
Bantu_subset,10001,107,3859,0.9804812262851408,0.01951877371486157,1,1.0000000000000024,0.01190750001402787,5.197030583434324,0.9819443652641686,660.3726393285822,11.200000000000001
Bantu_subset,10001,107,3859,0.9804812262851408,0.01951877371486157,1,1.0000000000000024,0.01190750001402787,5.197030583434324,0.981679143163298,540.6673883095841,11.4
Bantu_subset,10001,107,3859,0.9804812262851408,0.01951877371486157,1,1.0000000000000024,0.01190750001402787,5.197030583434324,0.9814619976729192,442.66101799541127,11.600000000000001
Bantu_subset,10001,107,3859,0.9804812262851408,0.01951877371486157,1,1.0000000000000024,0.01190750001402787,5.197030583434324,0.981284213982054,362.42018862164923,11.8
Bantu_subset,10001,107,3859,0.9804812262851408,0.01951877371486157,1,1.0000000000000024,0.01190750001402787,5.197030583434324,0.9811386570069469,296.72455396086747,12
Bantu_subset,10001,107,3859,0.9804812262851408,0.01951877371486157,1,1.0000000000000024,0.01190750001402787,5.197030583434324,0.9810194850351017,242.93751752110848,12.200000000000001
Bantu_subset,10001,107,3859,0.9804812262851408,0.01951877371486157,1,1.0000000000000024,0.01190750001402787,5.197030583434324,0.9809219152768471,198.90041667095264,12.4
Bantu_subset,10001,107,3859,0.9804812262851408,0.01951877371486157,1,1.0000000000000024,0.01190750001402787,5.197030583434324,0.9808420319151937,162.8458879285335,12.600000000000001
Bantu_subset,10001,107,3859,0.9804812262851408,0.01951877371486157,1,1.0000000000000024,0.01190750001402787,5.197030583434324,0.9807766289503488,133.3269364593808,12.8
Bantu_subset,10001,107,3859,0.9804812262851408,0.01951877371486157,1,1.0000000000000024,0.01190750001402787,5.197030583434324,0.9807230815316877,109.15886309296896,13
Bantu_subset,10001,107,3859,0.9804812262851408,0.01951877371486157,1,1.0000000000000024,0.01190750001402787,5.197030583434324,0.980679240613282,89.37171818524281,13.200000000000001
Bantu_subset,10001,107,3859,0.9804812262851408,0.01951877371486157,1,1.0000000000000024,0.01190750001402787,5.197030583434324,0.9806433467051401,73.17137413367699,13.4
Bantu_subset,10001,107,3859,0.9804812262851408,0.01951877371486157,1,1.0000000000000024,0.01190750001402787,5.197030583434324,0.9806139592586961,59.90765424821594,13.600000000000001
Bantu_subset,10001,107,3859,0.9804812262851408,0.01951877371486157,1,1.0000000000000024,0.01190750001402787,5.197030583434324,0.980589898852538,49.048238877777266,13.8
Bantu_subset,10001,107,3859,0.9804812262851408,0.01951877371486157,1,1.0000000000000024,0.01190750001402787,5.197030583434324,0.9805701998580849,40.15730155355136,14
Bantu_subset,10001,107,3859,0.9804812262851408,0.01951877371486157,1,1.0000000000000024,0.01190750001402787,5.197030583434324,0.9805540716855213,32.87801774251867,14.200000000000001
Bantu_subset,10001,107,3859,0.9804812262851408,0.01951877371486157,1,1.0000000000000024,0.01190750001402787,5.197030583434324,0.9805408670546526,26.91824422604356,14.4
Bantu_subset,10001,107,3859,0.9804812262851408,0.01951877371486157,1,1.0000000000000024,0.01190750001402787,5.197030583434324,0.9805300560172774,22.038794366725643,14.600000000000001
Bantu_subset,10001,107,3859,0.9804812262851408,0.01951877371486157,1,1.0000000000000024,0.01190750001402787,5.197030583434324,0.9805212046885056,18.043838708800074,14.8
Bantu_subset,10001,107,3859,0.9804812262851408,0.01951877371486157,1,1.0000000000000024,0.01190750001402787,5.197030583434324,0.9805139578334344,14.77304565447353,15
Bantu_subset,10001,107,3859,0.9804812262851408,0.01951877371486157,1,1.0000000000000024,0.01190750001402787,5.197030583434324,0.9805080246103247,12.09514679394251,15.200000000000001
Bantu_subset,10001,107,3859,0.9804812262851408,0.01951877371486157,1,1.0000000000000024,0.01190750001402787,5.197030583434324,0.9805031668980998,9.902668643193278,15.4
Bantu_subset,10001,107,3859,0.9804812262851408,0.01951877371486157,1,1.0000000000000024,0.01190750001402787,5.197030583434324,0.9804991897397117,8.107619355723335,15.600000000000001
Bantu_subset,10001,107,3859,0.9804812262851408,0.01951877371486157,1,1.0000000000000024,0.01190750001402787,5.197030583434324,0.9804959335178295,6.637957300780989,15.8
Bantu_subset,10001,107,3859,0.9804812262851408,0.01951877371486157,1,1.0000000000000024,0.01190750001402787,5.197030583434324,0.9804932675488357,5.43469977976791,16
Bantu_subset,10001,107,3859,0.9804812262851408,0.01951877371486157,1,1.0000000000000024,0.01190750001402787,5.197030583434324,0.9804910848380338,4.4495558434421305,16.2
Bantu_subset,10001,107,3859,0.9804812262851408,0.01951877371486157,1,1.0000000000000024,0.01190750001402787,5.197030583434324,0.9804892977855751,3.642988206563893,16.400000000000002
Bantu_subset,10001,107,3859,0.9804812262851408,0.01951877371486157,1,1.0000000000000024,0.01190750001402787,5.197030583434324,0.9804878346707698,2.982626477814265,16.6
Bantu_subset,10001,107,3859,0.9804812262851408,0.01951877371486157,1,1.0000000000000024,0.01190750001402787,5.197030583434324,0.9804866367736835,2.441968022331203,16.8
Bantu_subset,10001,107,3859,0.9804812262851408,0.01951877371486157,1,1.0000000000000024,0.01190750001402787,5.197030583434324,0.9804856560184999,1.9993143179155746,17
Bantu_subset,10001,107,3859,0.9804812262851408,0.01951877371486157,1,1.0000000000000024,0.01190750001402787,5.197030583434324,0.9804848530440698,1.6369001171466127,17.2
Bantu_subset,10001,107,3859,0.9804812262851408,0.01951877371486157,1,1.0000000000000024,0.01190750001402787,5.197030583434324,0.98048419562421,1.3401804656248766,17.400000000000002
Bantu_subset,10001,107,3859,0.9804812262851408,0.01951877371486157,1,1.0000000000000024,0.01190750001402787,5.197030583434324,0.9804836573743531,1.0972469618814569,17.6
Bantu_subset,10001,107,3859,0.9804812262851408,0.01951877371486157,1,1.0000000000000024,0.01190750001402787,5.197030583434324,0.9804832166926424,0.8983498314137325,17.8
Bantu_subset,10001,107,3859,0.9804812262851408,0.01951877371486157,1,1.0000000000000024,0.01190750001402787,5.197030583434324,0.9804828558929735,0.7355066340008438,18
Bantu_subset,10001,107,3859,0.9804812262851408,0.01951877371486157,1,1.0000000000000024,0.01190750001402787,5.197030583434324,0.9804825604951889,0.6021819003493627,18.2
Bantu_subset,10001,107,3859,0.9804812262851408,0.01951877371486157,1,1.0000000000000024,0.01190750001402787,5.197030583434324,0.9804823186439382,0.4930248407629614,18.400000000000002
Bantu_subset,10001,107,3859,0.9804812262851408,0.01951877371486157,1,1.0000000000000024,0.01190750001402787,5.197030583434324,0.9804821206328816,0.4036545991640123,18.6
Bantu_subset,10001,107,3859,0.9804812262851408,0.01951877371486157,1,1.0000000000000024,0.01190750001402787,5.197030583434324,0.9804819585151402,0.330484433956943,18.8
Bantu_subset,10001,107,3859,0.9804812262851408,0.01951877371486157,1,1.0000000000000024,0.01190750001402787,5.197030583434324,0.9804818257843596,0.27057776949411816,19
Bantu_subset,10001,107,3859,0.9804812262851408,0.01951877371486157,1,1.0000000000000024,0.01190750001402787,5.197030583434324,0.9804817171135877,0.22153034098407937,19.200000000000003
Bantu_subset,10001,107,3859,0.9804812262851408,0.01951877371486157,1,1.0000000000000024,0.01190750001402787,5.197030583434324,0.9804816281414848,0.1813737029035172,19.400000000000002
Bantu_subset,10001,107,3859,0.9804812262851408,0.01951877371486157,1,1.0000000000000024,0.01190750001402787,5.197030583434324,0.9804815552972879,0.14849622836673887,19.6
Bantu_subset,10001,107,3859,0.9804812262851408,0.01951877371486157,1,1.0000000000000024,0.01190750001402787,5.197030583434324,0.9804814956575038,0.12157842887994008,19.8
Bantu_subset,10001,107,3859,0.9804812262851408,0.01951877371486157,1,1.0000000000000024,0.01190750001402787,5.197030583434324,0.9804814468285784,0.0995399986349112,20
Bantu_subset2,10001,52,3859,0.9775994586743864,0.02240054132561545,1,1.0000000000000018,0.00981035056979024,6.063551227707761,52.97759945867438,32776159.006594624,0
Bantu_subset2,10001,52,3859,0.9775994586743864,0.02240054132561545,1,1.0000000000000018,0.00981035056979024,6.063551227707761,43.55159861872941,26834849.346472893,0.2
Bantu_subset2,10001,52,3859,0.9775994586743864,0.02240054132561545,1,1.0000000000000018,0.00981035056979024,6.063551227707761,35.8342418525276,21970516.41417192,0.4
Bantu_subset2,10001,52,3859,0.9775994586743864,0.02240054132561545,1,1.0000000000000018,0.00981035056979024,6.063551227707761,29.51580453556374,17987937.449287143,0.6000000000000001
Bantu_subset2,10001,52,3859,0.9775994586743864,0.02240054132561545,1,1.0000000000000018,0.00981035056979024,6.063551227707761,24.34270559276988,14727277.574174484,0.8
Bantu_subset2,10001,52,3859,0.9775994586743864,0.02240054132561545,1,1.0000000000000018,0.00981035056979024,6.063551227707761,20.10733039958935,12057675.059092341,1
Bantu_subset2,10001,52,3859,0.9775994586743864,0.02240054132561545,1,1.0000000000000018,0.00981035056979024,6.063551227707761,16.639698478108876,9871989.381500274,1.2000000000000002
Bantu_subset2,10001,52,3859,0.9775994586743864,0.02240054132561545,1,1.0000000000000018,0.00981035056979024,6.063551227707761,13.800641583637892,8082501.300693553,1.4000000000000001
Bantu_subset2,10001,52,3859,0.9775994586743864,0.02240054132561545,1,1.0000000000000018,0.00981035056979024,6.063551227707761,11.476218394396437,6617392.376670604,1.6
Bantu_subset2,10001,52,3859,0.9775994586743864,0.02240054132561545,1,1.0000000000000018,0.00981035056979024,6.063551227707761,9.573141646196856,5417862.643964016,1.8
Bantu_subset2,10001,52,3859,0.9775994586743864,0.02240054132561545,1,1.0000000000000018,0.00981035056979024,6.063551227707761,8.015034186978227,4435770.762565722,2
Bantu_subset2,10001,52,3859,0.9775994586743864,0.02240054132561545,1,1.0000000000000018,0.00981035056979024,6.063551227707761,6.739363693515725,3631701.936916727,2.2
Bantu_subset2,10001,52,3859,0.9775994586743864,0.02240054132561545,1,1.0000000000000018,0.00981035056979024,6.063551227707761,5.694933029723814,2973386.061766593,2.4000000000000004
Bantu_subset2,10001,52,3859,0.9775994586743864,0.02240054132561545,1,1.0000000000000018,0.00981035056979024,6.063551227707761,4.839825525819731,2434402.609541739,2.6
Bantu_subset2,10001,52,3859,0.9775994586743864,0.02240054132561545,1,1.0000000000000018,0.00981035056979024,6.063551227707761,4.139722715185703,1993120.28180511,2.8000000000000003
Bantu_subset2,10001,52,3859,0.9775994586743864,0.02240054132561545,1,1.0000000000000018,0.00981035056979024,6.063551227707761,3.566527013803296,1631828.869297297,3
Bantu_subset2,10001,52,3859,0.9775994586743864,0.02240054132561545,1,1.0000000000000018,0.00981035056979024,6.063551227707761,3.097234065549417,1336028.4790541679,3.2
Bantu_subset2,10001,52,3859,0.9775994586743864,0.02240054132561545,1,1.0000000000000018,0.00981035056979024,6.063551227707761,2.7130094966113285,1093847.6027896483,3.4000000000000004
Bantu_subset2,10001,52,3859,0.9775994586743864,0.02240054132561545,1,1.0000000000000018,0.00981035056979024,6.063551227707761,2.398433025933591,895566.6715845137,3.6
Bantu_subset2,10001,52,3859,0.9775994586743864,0.02240054132561545,1,1.0000000000000018,0.00981035056979024,6.063551227707761,2.140879595194989,733227.9754579305,3.8000000000000003
Bantu_subset2,10001,52,3859,0.9775994586743864,0.02240054132561545,1,1.0000000000000018,0.00981035056979024,6.063551227707761,1.9300126808885558,600316.2925245154,4
Bantu_subset2,10001,52,3859,0.9775994586743864,0.02240054132561545,1,1.0000000000000018,0.00981035056979024,6.063551227707761,1.757369453339221,491497.4102635784,4.2
Bantu_subset2,10001,52,3859,0.9775994586743864,0.02240054132561545,1,1.0000000000000018,0.00981035056979024,6.063551227707761,1.6160211336339398,402404.044840977,4.4
Bantu_subset2,10001,52,3859,0.9775994586743864,0.02240054132561545,1,1.0000000000000018,0.00981035056979024,6.063551227707761,1.500294917395328,329460.5666742788,4.6000000000000005
Bantu_subset2,10001,52,3859,0.9775994586743864,0.02240054132561545,1,1.0000000000000018,0.00981035056979024,6.063551227707761,1.4055463052234243,269739.4978627309,4.800000000000001
Bantu_subset2,10001,52,3859,0.9775994586743864,0.02240054132561545,1,1.0000000000000018,0.00981035056979024,6.063551227707761,1.327972702626828,220844.0222200304,5
Bantu_subset2,10001,52,3859,0.9775994586743864,0.02240054132561545,1,1.0000000000000018,0.00981035056979024,6.063551227707761,1.264460808553944,180811.79262497596,5.2
Bantu_subset2,10001,52,3859,0.9775994586743864,0.02240054132561545,1,1.0000000000000018,0.00981035056979024,6.063551227707761,1.2124616676902427,148036.17514122638,5.4
Bantu_subset2,10001,52,3859,0.9775994586743864,0.02240054132561545,1,1.0000000000000018,0.00981035056979024,6.063551227707761,1.169888371931497,121201.7691561602,5.6000000000000005
Bantu_subset2,10001,52,3859,0.9775994586743864,0.02240054132561545,1,1.0000000000000018,0.00981035056979024,6.063551227707761,1.1350323054339269,99231.61573560668,5.800000000000001
Bantu_subset2,10001,52,3859,0.9775994586743864,0.02240054132561545,1,1.0000000000000018,0.00981035056979024,6.063551227707761,1.1064945718610357,81243.97548035823,6
Bantu_subset2,10001,52,3859,0.9775994586743864,0.02240054132561545,1,1.0000000000000018,0.00981035056979024,6.063551227707761,1.0831298517617634,66516.94122808274,6.2
Bantu_subset2,10001,52,3859,0.9775994586743864,0.02240054132561545,1,1.0000000000000018,0.00981035056979024,6.063551227707761,1.0640004368794298,54459.465384112045,6.4
Bantu_subset2,10001,52,3859,0.9775994586743864,0.02240054132561545,1,1.0000000000000018,0.00981035056979024,6.063551227707761,1.048338596626876,44587.6391061583,6.6000000000000005
Bantu_subset2,10001,52,3859,0.9775994586743864,0.02240054132561545,1,1.0000000000000018,0.00981035056979024,6.063551227707761,1.0355157663623153,36505.27134335424,6.800000000000001
Bantu_subset2,10001,52,3859,0.9775994586743864,0.02240054132561545,1,1.0000000000000018,0.00981035056979024,6.063551227707761,1.0250173208832207,29887.98829826049,7
Bantu_subset2,10001,52,3859,0.9775994586743864,0.02240054132561545,1,1.0000000000000018,0.00981035056979024,6.063551227707761,1.0164219207099732,24470.215167420716,7.2
Bantu_subset2,10001,52,3859,0.9775994586743864,0.02240054132561545,1,1.0000000000000018,0.00981035056979024,6.063551227707761,1.0093846022531237,20034.517692002595,7.4
Bantu_subset2,10001,52,3859,0.9775994586743864,0.02240054132561545,1,1.0000000000000018,0.00981035056979024,6.063551227707761,1.0036229332132978,16402.87575752743,7.6000000000000005
Bantu_subset2,10001,52,3859,0.9775994586743864,0.02240054132561545,1,1.0000000000000018,0.00981035056979024,6.063551227707761,0.998905677581335,13429.538821605,7.800000000000001
Bantu_subset2,10001,52,3859,0.9775994586743864,0.02240054132561545,1,1.0000000000000018,0.00981035056979024,6.063551227707761,0.9950435153253168,10995.176432902665,8
Bantu_subset2,10001,52,3859,0.9775994586743864,0.02240054132561545,1,1.0000000000000018,0.00981035056979024,6.063551227707761,0.9918814443129376,9002.089081135658,8.200000000000001
Bantu_subset2,10001,52,3859,0.9775994586743864,0.02240054132561545,1,1.0000000000000018,0.00981035056979024,6.063551227707761,0.9892925595316863,7370.287172673281,8.4
Bantu_subset2,10001,52,3859,0.9775994586743864,0.02240054132561545,1,1.0000000000000018,0.00981035056979024,6.063551227707761,0.9871729599451003,6034.280767283786,8.6
Bantu_subset2,10001,52,3859,0.9775994586743864,0.02240054132561545,1,1.0000000000000018,0.00981035056979024,6.063551227707761,0.985437578579351,4940.451236882226,8.8
Bantu_subset2,10001,52,3859,0.9775994586743864,0.02240054132561545,1,1.0000000000000018,0.00981035056979024,6.063551227707761,0.9840167684868936,4044.8993617176375,9
Bantu_subset2,10001,52,3859,0.9775994586743864,0.02240054132561545,1,1.0000000000000018,0.00981035056979024,6.063551227707761,0.9828535075699151,3311.683500543724,9.200000000000001
Bantu_subset2,10001,52,3859,0.9775994586743864,0.02240054132561545,1,1.0000000000000018,0.00981035056979024,6.063551227707761,0.9819011100833311,2711.37712635609,9.4
Bantu_subset2,10001,52,3859,0.9775994586743864,0.02240054132561545,1,1.0000000000000018,0.00981035056979024,6.063551227707761,0.9811213529719107,2219.887836539933,9.600000000000001
Bantu_subset2,10001,52,3859,0.9775994586743864,0.02240054132561545,1,1.0000000000000018,0.00981035056979024,6.063551227707761,0.9804829418448595,1817.4904401589927,9.8
Bantu_subset2,10001,52,3859,0.9775994586743864,0.02240054132561545,1,1.0000000000000018,0.00981035056979024,6.063551227707761,0.9799602550220355,1488.0353167834053,10
Bantu_subset2,10001,52,3859,0.9775994586743864,0.02240054132561545,1,1.0000000000000018,0.00981035056979024,6.063551227707761,0.979532315245961,1218.3002755167088,10.200000000000001
Bantu_subset2,10001,52,3859,0.9775994586743864,0.02240054132561545,1,1.0000000000000018,0.00981035056979024,6.063551227707761,0.9791819477908233,997.4599020489076,10.4
Bantu_subset2,10001,52,3859,0.9775994586743864,0.02240054132561545,1,1.0000000000000018,0.00981035056979024,6.063551227707761,0.9788950911804245,816.6510967695909,10.600000000000001
Bantu_subset2,10001,52,3859,0.9775994586743864,0.02240054132561545,1,1.0000000000000018,0.00981035056979024,6.063551227707761,0.9786602328517673,668.6173674601274,10.8
Bantu_subset2,10001,52,3859,0.9775994586743864,0.02240054132561545,1,1.0000000000000018,0.00981035056979024,6.063551227707761,0.9784679471154791,547.4176007816479,11
Bantu_subset2,10001,52,3859,0.9775994586743864,0.02240054132561545,1,1.0000000000000018,0.00981035056979024,6.063551227707761,0.9783105168698017,448.1876245361005,11.200000000000001
Bantu_subset2,10001,52,3859,0.9775994586743864,0.02240054132561545,1,1.0000000000000018,0.00981035056979024,6.063551227707761,0.9781816238862011,366.9449913566733,11.4
Bantu_subset2,10001,52,3859,0.9775994586743864,0.02240054132561545,1,1.0000000000000018,0.00981035056979024,6.063551227707761,0.9780760952366713,300.4291491116421,11.600000000000001
Bantu_subset2,10001,52,3859,0.9775994586743864,0.02240054132561545,1,1.0000000000000018,0.00981035056979024,6.063551227707761,0.9779896956859704,245.9705834987521,11.8
Bantu_subset2,10001,52,3859,0.9775994586743864,0.02240054132561545,1,1.0000000000000018,0.00981035056979024,6.063551227707761,0.9779189577167594,201.38368106296403,12
Bantu_subset2,10001,52,3859,0.9775994586743864,0.02240054132561545,1,1.0000000000000018,0.00981035056979024,6.063551227707761,0.9778610423659562,164.8790128542965,12.200000000000001
Bantu_subset2,10001,52,3859,0.9775994586743864,0.02240054132561545,1,1.0000000000000018,0.00981035056979024,6.063551227707761,0.9778136252871782,134.99151836095237,12.4
Bantu_subset2,10001,52,3859,0.9775994586743864,0.02240054132561545,1,1.0000000000000018,0.00981035056979024,6.063551227707761,0.9777748034665615,110.52170748680265,12.600000000000001
Bantu_subset2,10001,52,3859,0.9775994586743864,0.02240054132561545,1,1.0000000000000018,0.00981035056979024,6.063551227707761,0.9777430188481323,90.48752080213441,12.8
Bantu_subset2,10001,52,3859,0.9775994586743864,0.02240054132561545,1,1.0000000000000018,0.00981035056979024,6.063551227707761,0.9777169958035493,74.08491605049106,13
Bantu_subset2,10001,52,3859,0.9775994586743864,0.02240054132561545,1,1.0000000000000018,0.00981035056979024,6.063551227707761,0.9776956899366606,60.65559910973755,13.200000000000001
Bantu_subset2,10001,52,3859,0.9775994586743864,0.02240054132561545,1,1.0000000000000018,0.00981035056979024,6.063551227707761,0.9776782461682179,49.660604337511565,13.4
Bantu_subset2,10001,52,3859,0.9775994586743864,0.02240054132561545,1,1.0000000000000018,0.00981035056979024,6.063551227707761,0.9776639644185441,40.65866398755852,13.600000000000001
Bantu_subset2,10001,52,3859,0.9775994586743864,0.02240054132561545,1,1.0000000000000018,0.00981035056979024,6.063551227707761,0.9776522715108785,33.28849858567841,13.8
Bantu_subset2,10001,52,3859,0.9775994586743864,0.02240054132561545,1,1.0000000000000018,0.00981035056979024,6.063551227707761,0.9776426981677797,27.254317515887806,14
Bantu_subset2,10001,52,3859,0.9775994586743864,0.02240054132561545,1,1.0000000000000018,0.00981035056979024,6.063551227707761,0.977634860177375,22.313947904409233,14.200000000000001
Bantu_subset2,10001,52,3859,0.9775994586743864,0.02240054132561545,1,1.0000000000000018,0.00981035056979024,6.063551227707761,0.9776284429735884,18.26911537191984,14.4
Bantu_subset2,10001,52,3859,0.9775994586743864,0.02240054132561545,1,1.0000000000000018,0.00981035056979024,6.063551227707761,0.9776231890114995,14.957486586520444,14.600000000000001
Bantu_subset2,10001,52,3859,0.9775994586743864,0.02240054132561545,1,1.0000000000000018,0.00981035056979024,6.063551227707761,0.9776188874311618,12.246154257135696,14.8
Bantu_subset2,10001,52,3859,0.9775994586743864,0.02240054132561545,1,1.0000000000000018,0.00981035056979024,6.063551227707761,0.9776153655950525,10.026303097253844,15
Bantu_subset2,10001,52,3859,0.9775994586743864,0.02240054132561545,1,1.0000000000000018,0.00981035056979024,6.063551227707761,0.9776124821595225,8.208842685402729,15.200000000000001
Bantu_subset2,10001,52,3859,0.9775994586743864,0.02240054132561545,1,1.0000000000000018,0.00981035056979024,6.063551227707761,0.9776101214021795,6.720831953718465,15.4
Bantu_subset2,10001,52,3859,0.9775994586743864,0.02240054132561545,1,1.0000000000000018,0.00981035056979024,6.063551227707761,0.9776081885775423,5.5025518067784756,15.600000000000001
Bantu_subset2,10001,52,3859,0.9775994586743864,0.02240054132561545,1,1.0000000000000018,0.00981035056979024,6.063551227707761,0.9776066061145715,4.505108384614351,15.8
Bantu_subset2,10001,52,3859,0.9775994586743864,0.02240054132561545,1,1.0000000000000018,0.00981035056979024,6.063551227707761,0.9776053105034718,3.688470780433239,16
Bantu_subset2,10001,52,3859,0.9775994586743864,0.02240054132561545,1,1.0000000000000018,0.00981035056979024,6.063551227707761,0.9776042497468204,3.019864459770239,16.2
Bantu_subset2,10001,52,3859,0.9775994586743864,0.02240054132561545,1,1.0000000000000018,0.00981035056979024,6.063551227707761,0.9776033812727283,2.4724559033411135,16.400000000000002
Bantu_subset2,10001,52,3859,0.9775994586743864,0.02240054132561545,1,1.0000000000000018,0.00981035056979024,6.063551227707761,0.9776026702262809,2.024275683694571,16.6
Bantu_subset2,10001,52,3859,0.9775994586743864,0.02240054132561545,1,1.0000000000000018,0.00981035056979024,6.063551227707761,0.9776020880706875,1.6573367549487033,16.8
Bantu_subset2,10001,52,3859,0.9775994586743864,0.02240054132561545,1,1.0000000000000018,0.00981035056979024,6.063551227707761,0.9776016114420001,1.3569125694829713,17
Bantu_subset2,10001,52,3859,0.9775994586743864,0.02240054132561545,1,1.0000000000000018,0.00981035056979024,6.063551227707761,0.977601221211436,1.110946049873773,17.2
Bantu_subset2,10001,52,3859,0.9775994586743864,0.02240054132561545,1,1.0000000000000018,0.00981035056979024,6.063551227707761,0.9776009017176723,0.9095656960421606,17.400000000000002
Bantu_subset2,10001,52,3859,0.9775994586743864,0.02240054132561545,1,1.0000000000000018,0.00981035056979024,6.063551227707761,0.9776006401383026,0.7446894072944967,17.6
Bantu_subset2,10001,52,3859,0.9775994586743864,0.02240054132561545,1,1.0000000000000018,0.00981035056979024,6.063551227707761,0.9776004259752282,0.6097001192434197,17.8
Bantu_subset2,10001,52,3859,0.9775994586743864,0.02240054132561545,1,1.0000000000000018,0.00981035056979024,6.063551227707761,0.9776002506333331,0.4991802377799004,18
Bantu_subset2,10001,52,3859,0.9775994586743864,0.02240054132561545,1,1.0000000000000018,0.00981035056979024,6.063551227707761,0.9776001070755312,0.4086942119991843,18.2
Bantu_subset2,10001,52,3859,0.9775994586743864,0.02240054132561545,1,1.0000000000000018,0.00981035056979024,6.063551227707761,0.977599989540344,0.3346105199687036,18.400000000000002
Bantu_subset2,10001,52,3859,0.9775994586743864,0.02240054132561545,1,1.0000000000000018,0.00981035056979024,6.063551227707761,0.9775998933106717,0.2739559230017916,18.6
Bantu_subset2,10001,52,3859,0.9775994586743864,0.02240054132561545,1,1.0000000000000018,0.00981035056979024,6.063551227707761,0.9775998145244795,0.2242961391494307,18.8
Bantu_subset2,10001,52,3859,0.9775994586743864,0.02240054132561545,1,1.0000000000000018,0.00981035056979024,6.063551227707761,0.9775997500198012,0.18363814691829708,19
Bantu_subset2,10001,52,3859,0.9775994586743864,0.02240054132561545,1,1.0000000000000018,0.00981035056979024,6.063551227707761,0.9775996972078372,0.15035019832026206,19.200000000000003
Bantu_subset2,10001,52,3859,0.9775994586743864,0.02240054132561545,1,1.0000000000000018,0.00981035056979024,6.063551227707761,0.9775996539690582,0.1230963310961722,19.400000000000002
Bantu_subset2,10001,52,3859,0.9775994586743864,0.02240054132561545,1,1.0000000000000018,0.00981035056979024,6.063551227707761,0.9775996185681401,0.10078275185950557,19.6
Bantu_subset2,10001,52,3859,0.9775994586743864,0.02240054132561545,1,1.0000000000000018,0.00981035056979024,6.063551227707761,0.9775995895843198,0.08251393832720445,19.8
Bantu_subset2,10001,52,3859,0.9775994586743864,0.02240054132561545,1,1.0000000000000018,0.00981035056979024,6.063551227707761,0.9775995658543747,0.06755669886606225,20
IE,10001,161,4990,0.9961437305805048,0.0038562694194942,1,0.999999999999999,0.00165344176091879,9.36333491900055,452.29690102201715,32594003.16727777,0
IE,10001,161,4990,0.9961437305805048,0.0038562694194942,1,0.999999999999999,0.00165344176091879,9.36333491900055,370.48995261246245,26685712.758971434,0.2
IE,10001,161,4990,0.9961437305805048,0.0038562694194942,1,0.999999999999999,0.00165344176091879,9.36333491900055,303.51208813409505,21848413.703575417,0.4
IE,10001,161,4990,0.9961437305805048,0.0038562694194942,1,0.999999999999999,0.00165344176091879,9.36333491900055,248.67525071016726,17887968.20508757,0.6000000000000001
IE,10001,161,4990,0.9961437305805048,0.0038562694194942,1,0.999999999999999,0.00165344176091879,9.36333491900055,203.77864550965992,14645429.679586388,0.8
IE,10001,161,4990,0.9961437305805048,0.0038562694194942,1,0.999999999999999,0.00165344176091879,9.36333491900055,167.0204141232033,11990663.67071838,1
IE,10001,161,4990,0.9961437305805048,0.0038562694194942,1,0.999999999999999,0.00165344176091879,9.36333491900055,136.925319658355,9817125.09703205,1.2000000000000002
IE,10001,161,4990,0.9961437305805048,0.0038562694194942,1,0.999999999999999,0.00165344176091879,9.36333491900055,112.28554030319691,8037582.223753798,1.4000000000000001
IE,10001,161,4990,0.9961437305805048,0.0038562694194942,1,0.999999999999999,0.00165344176091879,9.36333491900055,92.1121951960727,6580615.746980165,1.6
IE,10001,161,4990,0.9961437305805048,0.0038562694194942,1,0.999999999999999,0.00165344176091879,9.36333491900055,75.595657164415,5387752.486241904,1.8
IE,10001,161,4990,0.9961437305805048,0.0038562694194942,1,0.999999999999999,0.00165344176091879,9.36333491900055,62.073059543515036,4411118.650458589,2
IE,10001,161,4990,0.9961437305805048,0.0038562694194942,1,0.999999999999999,0.00165344176091879,9.36333491900055,51.00169300978493,3611518.494606306,2.2
IE,10001,161,4990,0.9961437305805048,0.0038562694194942,1,0.999999999999999,0.00165344176091879,9.36333491900055,41.937224750021656,2956861.2568440745,2.4000000000000004
IE,10001,161,4990,0.9961437305805048,0.0038562694194942,1,0.999999999999999,0.00165344176091879,9.36333491900055,34.51586582545426,2420873.243563056,2.6
IE,10001,161,4990,0.9961437305805048,0.0038562694194942,1,0.999999999999999,0.00165344176091879,9.36333491900055,28.43977104428117,1982043.373808715,2.8000000000000003
IE,10001,161,4990,0.9961437305805048,0.0038562694194942,1,0.999999999999999,0.00165344176091879,9.36333491900055,23.46508538831807,1622759.8640716372,3
IE,10001,161,4990,0.9961437305805048,0.0038562694194942,1,0.999999999999999,0.00165344176091879,9.36333491900055,19.39215725488523,1328603.405576097,3.2
IE,10001,161,4990,0.9961437305805048,0.0038562694194942,1,0.999999999999999,0.00165344176091879,9.36333491900055,16.057525736967232,1087768.4667892866,3.4000000000000004
IE,10001,161,4990,0.9961437305805048,0.0038562694194942,1,0.999999999999999,0.00165344176091879,9.36333491900055,13.327360363064704,890589.4959888778,3.6
IE,10001,161,4990,0.9961437305805048,0.0038562694194942,1,0.999999999999999,0.00165344176091879,9.36333491900055,11.092090010462025,729153.0087343114,3.8000000000000003
IE,10001,161,4990,0.9961437305805048,0.0038562694194942,1,0.999999999999999,0.00165344176091879,9.36333491900055,9.2620054313427609,596979.9919501209,4
IE,10001,161,4990,0.9961437305805048,0.0038562694194942,1,0.999999999999999,0.00165344176091879,9.36333491900055,7.763658905684024,488765.8783818098,4.2
IE,10001,161,4990,0.9961437305805048,0.0038562694194942,1,0.999999999999999,0.00165344176091879,9.36333491900055,6.536916526359682,400167.6556863609,4.4
IE,10001,161,4990,0.9961437305805048,0.0038562694194942,1,0.999999999999999,0.00165344176091879,9.36333491900055,5.53254481430279,327629.56609754416,4.6000000000000005
IE,10001,161,4990,0.9961437305805048,0.0038562694194942,1,0.999999999999999,0.00165344176091879,9.36333491900055,4.71023480612022,268240.4013816553,4.800000000000001
IE,10001,161,4990,0.9961437305805048,0.0038562694194942,1,0.999999999999999,0.00165344176091879,9.36333491900055,4.036984313857357,219616.6658291428,5
IE,10001,161,4990,0.9961437305805048,0.0038562694194942,1,0.999999999999999,0.00165344176091879,9.36333491900055,3.4857734313168516,179806.91820276895,5.2
IE,10001,161,4990,0.9961437305805048,0.0038562694194942,1,0.999999999999999,0.00165344176091879,9.36333491900055,3.0344801303496807,147213.45354878466,5.4
IE,10001,161,4990,0.9961437305805048,0.0038562694194942,1,0.999999999999999,0.00165344176091879,9.36333491900055,2.664992426189782,120528.18168720652,5.6000000000000005
IE,10001,161,4990,0.9961437305805048,0.0038562694194942,1,0.999999999999999,0.00165344176091879,9.36333491900055,2.3624814799098957,98680.12895988682,5.800000000000001
IE,10001,161,4990,0.9961437305805048,0.0038562694194942,1,0.999999999999999,0.00165344176091879,9.36333491900055,2.1148064650478355,80792.45629716037,6
IE,10001,161,4990,0.9961437305805048,0.0038562694194942,1,0.999999999999999,0.00165344176091879,9.36333491900055,1.9120273136112185,66147.26858719396,6.2
IE,10001,161,4990,0.9961437305805048,0.0038562694194942,1,0.999999999999999,0.00165344176091879,9.36333491900055,1.746005786247001,54156.80302444487,6.4
IE,10001,161,4990,0.9961437305805048,0.0038562694194942,1,0.999999999999999,0.00165344176091879,9.36333491900055,1.6100788561209387,44339.840124499766,6.6000000000000005
IE,10001,161,4990,0.9961437305805048,0.0038562694194942,1,0.999999999999999,0.00165344176091879,9.36333491900055,1.4987912982552496,36302.390696488954,6.800000000000001
IE,10001,161,4990,0.9961437305805048,0.0038562694194942,1,0.999999999999999,0.00165344176091879,9.36333491900055,1.407676752195665,29721.883673467557,7
IE,10001,161,4990,0.9961437305805048,0.0038562694194942,1,0.999999999999999,0.00165344176091879,9.36333491900055,1.3330784712839412,24334.22020287431,7.2
IE,10001,161,4990,0.9961437305805048,0.0038562694194942,1,0.999999999999999,0.00165344176091879,9.36333491900055,1.2720025645747646,19923.174432264685,7.4
IE,10001,161,4990,0.9961437305805048,0.0038562694194942,1,0.999999999999999,0.00165344176091879,9.36333491900055,1.2219978414798385,16311.715606632066,7.6000000000000005
IE,10001,161,4990,0.9961437305805048,0.0038562694194942,1,0.999999999999999,0.00165344176091879,9.36333491900055,1.1810574368828743,13354.903202611742,7.800000000000001
IE,10001,161,4990,0.9961437305805048,0.0038562694194942,1,0.999999999999999,0.00165344176091879,9.36333491900055,1.147538268595885,10934.069956357853,8
IE,10001,161,4990,0.9961437305805048,0.0038562694194942,1,0.999999999999999,0.00165344176091879,9.36333491900055,1.1200950947017299,8952.059329576232,8.200000000000001
IE,10001,161,4990,0.9961437305805048,0.0038562694194942,1,0.999999999999999,0.00165344176091879,9.36333491900055,1.0976265242725187,7329.326276502725,8.4
IE,10001,161,4990,0.9961437305805048,0.0038562694194942,1,0.999999999999999,0.00165344176091879,9.36333491900055,1.079230814684425,6000.744821915308,8.6
IE,10001,161,4990,0.9961437305805048,0.0038562694194942,1,0.999999999999999,0.00165344176091879,9.36333491900055,1.0641696815199608,4912.994327075526,8.8
IE,10001,161,4990,0.9961437305805048,0.0038562694194942,1,0.999999999999999,0.00165344176091879,9.36333491900055,1.0518386686220116,4022.4195452743934,9
IE,10001,161,4990,0.9961437305805048,0.0038562694194942,1,0.999999999999999,0.00165344176091879,9.36333491900055,1.041742889145859,3293.2785834980964,9.200000000000001
IE,10001,161,4990,0.9961437305805048,0.0038562694194942,1,0.999999999999999,0.00165344176091879,9.36333491900055,1.0334771640124396,2696.3084547629933,9.4
IE,10001,161,4990,0.9961437305805048,0.0038562694194942,1,0.999999999999999,0.00165344176091879,9.36333491900055,1.0267097606492195,2207.5506516986316,9.600000000000001
IE,10001,161,4990,0.9961437305805048,0.0038562694194942,1,0.999999999999999,0.00165344176091879,9.36333491900055,1.0211690793972679,1807.3896075230086,9.8
IE,10001,161,4990,0.9961437305805048,0.0038562694194942,1,0.999999999999999,0.00165344176091879,9.36333491900055,1.0166327532632924,1479.765454472636,10
IE,10001,161,4990,0.9961437305805048,0.0038562694194942,1,0.999999999999999,0.00165344176091879,9.36333491900055,1.0129187235514154,1211.529484919162,10.200000000000001
IE,10001,161,4990,0.9961437305805048,0.0038562694194942,1,0.999999999999999,0.00165344176091879,9.36333491900055,1.0098779332084562,991.9164475640457,10.4
IE,10001,161,4990,0.9961437305805048,0.0038562694194942,1,0.999999999999999,0.00165344176091879,9.36333491900055,1.007388344641013,812.1125001045463,10.600000000000001
IE,10001,161,4990,0.9961437305805048,0.0038562694194942,1,0.999999999999999,0.00165344176091879,9.36333491900055,1.005350041918336,664.9014787946394,10.8
IE,10001,161,4990,0.9961437305805048,0.0038562694194942,1,0.999999999999999,0.00165344176091879,9.36333491900055,1.0036812207951977,544.3752884561973,11
IE,10001,161,4990,0.9961437305805048,0.0038562694194942,1,0.999999999999999,0.00165344176091879,9.36333491900055,1.0023149056202982,445.69678987478744,11.200000000000001
IE,10001,161,4990,0.9961437305805048,0.0038562694194942,1,0.999999999999999,0.00165344176091879,9.36333491900055,1.0011962613682108,364.9056684186229,11.4
IE,10001,161,4990,0.9961437305805048,0.0038562694194942,1,0.999999999999999,0.00165344176091879,9.36333491900055,1.000280392917273,298.7594927068033,11.600000000000001
IE,10001,161,4990,0.9961437305805048,0.0038562694194942,1,0.999999999999999,0.00165344176091879,9.36333491900055,0.9995305432507164,244.60358445303675,11.8
IE,10001,161,4990,0.9961437305805048,0.0038562694194942,1,0.999999999999999,0.00165344176091879,9.36333491900055,0.9989166182685212,200.26447690480953,12
IE,10001,161,4990,0.9961437305805048,0.0038562694194942,1,0.999999999999999,0.00165344176091879,9.36333491900055,0.9984139790055151,163.96268599104206,12.200000000000001
IE,10001,161,4990,0.9961437305805048,0.0038562694194942,1,0.999999999999999,0.00165344176091879,9.36333491900055,0.9980024527831876,134.24129337813463,12.4
IE,10001,161,4990,0.9961437305805048,0.0038562694194942,1,0.999999999999999,0.00165344176091879,9.36333491900055,0.9976655236092701,109.90747522164234,12.600000000000001
IE,10001,161,4990,0.9961437305805048,0.0038562694194942,1,0.999999999999999,0.00165344176091879,9.36333491900055,0.9973896693329746,89.98462995711502,12.8
IE,10001,161,4990,0.9961437305805048,0.0038562694194942,1,0.999999999999999,0.00165344176091879,9.36333491900055,0.9971638189536034,73.67318385023255,13
IE,10001,161,4990,0.9961437305805048,0.0038562694194942,1,0.999999999999999,0.00165344176091879,9.36333491900055,0.996978908302418,60.318501295353514,13.200000000000001
IE,10001,161,4990,0.9961437305805048,0.0038562694194942,1,0.999999999999999,0.00165344176091879,9.36333491900055,0.9968275162657206,49.3846119900799,13.4
IE,10001,161,4990,0.9961437305805048,0.0038562694194942,1,0.999999999999999,0.00165344176091879,9.36333491900055,0.9967035669495056,40.43270056510203,13.600000000000001
IE,10001,161,4990,0.9961437305805048,0.0038562694194942,1,0.999999999999999,0.00165344176091879,9.36333491900055,0.9966020858324972,33.10349538264256,13.8
IE,10001,161,4990,0.9961437305805048,0.0038562694194942,1,0.999999999999999,0.00165344176091879,9.36333491900055,0.9965190001211458,27.10284970414449,14
IE,10001,161,4990,0.9961437305805048,0.0038562694194942,1,0.999999999999999,0.00165344176091879,9.36333491900055,0.996450975294121,22.189936548833586,14.200000000000001
IE,10001,161,4990,0.9961437305805048,0.0038562694194942,1,0.999999999999999,0.00165344176091879,9.36333491900055,0.996395281276263,18.167583461379138,14.4
IE,10001,161,4990,0.9961437305805048,0.0038562694194942,1,0.999999999999999,0.00165344176091879,9.36333491900055,0.9963496828710802,14.874359288942001,14.600000000000001
IE,10001,161,4990,0.9961437305805048,0.0038562694194942,1,0.999999999999999,0.00165344176091879,9.36333491900055,0.9963123500544657,12.178095382188,14.8
IE,10001,161,4990,0.9961437305805048,0.0038562694194942,1,0.999999999999999,0.00165344176091879,9.36333491900055,0.9962817845294044,9.97058120331429,15
IE,10001,161,4990,0.9961437305805048,0.0038562694194942,1,0.999999999999999,0.00165344176091879,9.36333491900055,0.9962567595940528,8.16322145721467,15.200000000000001
IE,10001,161,4990,0.9961437305805048,0.0038562694194942,1,0.999999999999999,0.00165344176091879,9.36333491900055,0.9962362709098866,6.683480451207703,15.4
IE,10001,161,4990,0.9961437305805048,0.0038562694194942,1,0.999999999999999,0.00165344176091879,9.36333491900055,0.9962194961940697,5.47197098299924,15.600000000000001
IE,10001,161,4990,0.9961437305805048,0.0038562694194942,1,0.999999999999999,0.00165344176091879,9.36333491900055,0.9962057622183561,4.4800709237318355,15.8
IE,10001,161,4990,0.9961437305805048,0.0038562694194942,1,0.999999999999999,0.00165344176091879,9.36333491900055,0.9961945177900775,3.667971841229738,16
IE,10001,161,4990,0.9961437305805048,0.0038562694194942,1,0.999999999999999,0.00165344176091879,9.36333491900055,0.996185311630845,3.003081347838867,16.2
IE,10001,161,4990,0.9961437305805048,0.0038562694194942,1,0.999999999999999,0.00165344176091879,9.36333491900055,0.9961777742651635,2.45871505347055,16.400000000000002
IE,10001,161,4990,0.9961437305805048,0.0038562694194942,1,0.999999999999999,0.00165344176091879,9.36333491900055,0.996171603192083,2.013025627332115,16.6
IE,10001,161,4990,0.9961437305805048,0.0038562694194942,1,0.999999999999999,0.00165344176091879,9.36333491900055,0.9961665507447724,1.648125987830897,16.8
IE,10001,161,4990,0.9961437305805048,0.0038562694194942,1,0.999999999999999,0.00165344176091879,9.36333491900055,0.996162414150781,1.349371431184188,17
IE,10001,161,4990,0.9961437305805048,0.0038562694194942,1,0.999999999999999,0.00165344176091879,9.36333491900055,0.9961590273940673,1.1047718880353457,17.2
IE,10001,161,4990,0.9961437305805048,0.0038562694194942,1,0.999999999999999,0.00165344176091879,9.36333491900055,0.9961562545521925,0.9045107198705573,17.400000000000002
IE,10001,161,4990,0.9961437305805048,0.0038562694194942,1,0.999999999999999,0.00165344176091879,9.36333491900055,0.9961539843412761,0.7405507428467314,17.6
IE,10001,161,4990,0.9961437305805048,0.0038562694194942,1,0.999999999999999,0.00165344176091879,9.36333491900055,0.9961521256497831,0.6063116673833635,17.8
IE,10001,161,4990,0.9961437305805048,0.0038562694194942,1,0.999999999999999,0.00165344176091879,9.36333491900055,0.9961506038818971,0.49640600803674795,18
IE,10001,161,4990,0.9961437305805048,0.0038562694194942,1,0.999999999999999,0.00165344176091879,9.36333491900055,0.9961493579637298,0.40642286479236156,18.2
IE,10001,161,4990,0.9961437305805048,0.0038562694194942,1,0.999999999999999,0.00165344176091879,9.36333491900055,0.9961483378922105,0.3327508981595601,18.400000000000002
IE,10001,161,4990,0.9961437305805048,0.0038562694194942,1,0.999999999999999,0.00165344176091879,9.36333491900055,0.9961475027282872,0.27243339343755185,18.6
IE,10001,161,4990,0.9961437305805048,0.0038562694194942,1,0.999999999999999,0.00165344176091879,9.36333491900055,0.9961468189538994,0.22304959737271693,18.8
IE,10001,161,4990,0.9961437305805048,0.0038562694194942,1,0.999999999999999,0.00165344176091879,9.36333491900055,0.99614625912678,0.18261756483070538,19
IE,10001,161,4990,0.9961437305805048,0.0038562694194942,1,0.999999999999999,0.00165344176091879,9.36333491900055,0.9961458007791009,0.1495146163791105,19.200000000000003
IE,10001,161,4990,0.9961437305805048,0.0038562694194942,1,0.999999999999999,0.00165344176091879,9.36333491900055,0.9961454255157604,0.12241221446423453,19.400000000000002
IE,10001,161,4990,0.9961437305805048,0.0038562694194942,1,0.999999999999999,0.00165344176091879,9.36333491900055,0.996145118276123,0.10022264453424647,19.6
IE,10001,161,4990,0.9961437305805048,0.0038562694194942,1,0.999999999999999,0.00165344176091879,9.36333491900055,0.9961448667295834,0.08205536123499059,19.8
IE,10001,161,4990,0.9961437305805048,0.0038562694194942,1,0.999999999999999,0.00165344176091879,9.36333491900055,0.9961446607806954,0.06718124769800968,20
ST,100001,50,3963,0.9430549662360987,0.05694503376389233,1,0.9999999999999912,0.01827502124064219,8.450482658082908,68.6840395136996,1183078.5456401396,0
ST,100001,50,3963,0.9430549662360987,0.05694503376389233,1,0.9999999999999912,0.01827502124064219,8.450482658082908,56.40468225902494,968622.7886223563,0.2
ST,100001,50,3963,0.9430549662360987,0.05694503376389233,1,0.9999999999999912,0.01827502124064219,8.450482658082908,46.35119484659151,793041.2651772783,0.4
ST,100001,50,3963,0.9430549662360987,0.05694503376389233,1,0.9999999999999912,0.01827502124064219,8.450482658082908,38.12009552634991,649287.27226051,0.6000000000000001
ST,100001,50,3963,0.9430549662360987,0.05694503376389233,1,0.9999999999999912,0.01827502124064219,8.450482658082908,31.3810413812288,531591.4573817971,0.8
ST,100001,50,3963,0.9430549662360987,0.05694503376389233,1,0.9999999999999912,0.01827502124064219,8.450482658082908,25.863570505960517,435230.27423202095,1
ST,100001,50,3963,0.9430549662360987,0.05694503376389233,1,0.9999999999999912,0.01827502124064219,8.450482658082908,21.34624742116623,356336.4101843198,1.2000000000000002
ST,100001,50,3963,0.9430549662360987,0.05694503376389233,1,0.9999999999999912,0.01827502124064219,8.450482658082908,17.647776090056077,291743.5774593135,1.4000000000000001
ST,100001,50,3963,0.9430549662360987,0.05694503376389233,1,0.9999999999999912,0.01827502124064219,8.450482658082908,14.619723871898934,238859.43887892846,1.6
ST,100001,50,3963,0.9430549662360987,0.05694503376389233,1,0.9999999999999912,0.01827502124064219,8.450482658082908,12.140564398967667,195561.5682731299,1.8
ST,100001,50,3963,0.9430549662360987,0.05694503376389233,1,0.9999999999999912,0.01827502124064219,8.450482658082908,10.110800296694244,160112.27006537092,2
ST,100001,50,3963,0.9430549662360987,0.05694503376389233,1,0.9999999999999912,0.01827502124064219,8.450482658082908,8.448970004669254,131088.83944764666,2.2
ST,100001,50,3963,0.9430549662360987,0.05694503376389233,1,0.9999999999999912,0.01827502124064219,8.450482658082908,7.08837843819183,107326.46424109048,2.4000000000000004
ST,100001,50,3963,0.9430549662360987,0.05694503376389233,1,0.9999999999999912,0.01827502124064219,8.450482658082908,5.974420280338229,87871.47689330527,2.6
ST,100001,50,3963,0.9430549662360987,0.05694503376389233,1,0.9999999999999912,0.01827502124064219,8.450482658082908,5.062388478861376,71943.08045093043,2.8000000000000003
ST,100001,50,3963,0.9430549662360987,0.05694503376389233,1,0.9999999999999912,0.01827502124064219,8.450482658082908,4.3156799952071685,58902.012436340214,3
ST,100001,50,3963,0.9430549662360987,0.05694503376389233,1,0.9999999999999912,0.01827502124064219,8.450482658082908,3.7043267960552377,48224.88899981358,3.2
ST,100001,50,3963,0.9430549662360987,0.05694503376389233,1,0.9999999999999912,0.01827502124064219,8.450482658082908,3.2037931309169427,39483.19968791951,3.4000000000000004
ST,100001,50,3963,0.9430549662360987,0.05694503376389233,1,0.9999999999999912,0.01827502124064219,8.450482658082908,2.7939908263173847,32326.109814418756,3.6
ST,100001,50,3963,0.9430549662360987,0.05694503376389233,1,0.9999999999999912,0.01827502124064219,8.450482658082908,2.4584730768594936,26466.380232440628,3.8000000000000003
ST,100001,50,3963,0.9430549662360987,0.05694503376389233,1,0.9999999999999912,0.01827502124064219,8.450482658082908,2.1837743771748066,21668.839418954394,4
ST,100001,50,3963,0.9430549662360987,0.05694503376389233,1,0.9999999999999912,0.01827502124064219,8.450482658082908,1.958870103912418,17740.945215806416,4.2
ST,100001,50,3963,0.9430549662360987,0.05694503376389233,1,0.9999999999999912,0.01827502124064219,8.450482658082908,1.7747340588938463,14525.057436852421,4.4
ST,100001,50,3963,0.9430549662360987,0.05694503376389233,1,0.9999999999999912,0.01827502124064219,8.450482658082908,1.6239762160869904,11892.111213775152,4.6000000000000005
ST,100001,50,3963,0.9430549662360987,0.05694503376389233,1,0.9999999999999912,0.01827502124064219,8.450482658082908,1.5005461339133204,9736.437169741255,4.800000000000001
ST,100001,50,3963,0.9430549662360987,0.05694503376389233,1,0.9999999999999912,0.01827502124064219,8.450482658082908,1.399490129782795,7971.520536278729,5
ST,100001,50,3963,0.9430549662360987,0.05694503376389233,1,0.9999999999999912,0.01827502124064219,8.450482658082908,1.3167524714179581,6526.529011844095,5.2
ST,100001,50,3963,0.9430549662360987,0.05694503376389233,1,0.9999999999999912,0.01827502124064219,8.450482658082908,1.249012606077006,5343.470012852417,5.4
ST,100001,50,3963,0.9430549662360987,0.05694503376389233,1,0.9999999999999912,0.01827502124064219,8.450482658082908,1.193551895113007,4374.863227672278,5.6000000000000005
ST,100001,50,3963,0.9430549662360987,0.05694503376389233,1,0.9999999999999912,0.01827502124064219,8.450482658082908,1.148144505459212,3581.835065005303,5.800000000000001
ST,100001,50,3963,0.9430549662360987,0.05694503376389233,1,0.9999999999999912,0.01827502124064219,8.450482658082908,1.1109680791326548,2932.5585201729205,6
ST,100001,50,3963,0.9430549662360987,0.05694503376389233,1,0.9999999999999912,0.01827502124064219,8.450482658082908,1.0805305956095645,2400.9758456664285,6.2
ST,100001,50,3963,0.9430549662360987,0.05694503376389233,1,0.9999999999999912,0.01827502124064219,8.450482658082908,1.0556104918029061,1965.7527622445248,6.4
ST,100001,50,3963,0.9430549662360987,0.05694503376389233,1,0.9999999999999912,0.01827502124064219,8.450482658082908,1.035207636446499,1609.4222393975851,6.6000000000000005
ST,100001,50,3963,0.9430549662360987,0.05694503376389233,1,0.9999999999999912,0.01827502124064219,8.450482658082908,1.0185031913156068,1317.6834820824402,6.800000000000001
ST,100001,50,3963,0.9430549662360987,0.05694503376389233,1,0.9999999999999912,0.01827502124064219,8.450482658082908,1.0048267483738416,1078.8279896037761,7
ST,100001,50,3963,0.9430549662360987,0.05694503376389233,1,0.9999999999999912,0.01827502124064219,8.450482658082908,0.9936294239447021,883.2696523699055,7.2
ST,100001,50,3963,0.9430549662360987,0.05694503376389233,1,0.9999999999999912,0.01827502124064219,8.450482658082908,0.9844618300823742,723.1600276557413,7.4
ST,100001,50,3963,0.9430549662360987,0.05694503376389233,1,0.9999999999999912,0.01827502124064219,8.450482658082908,0.9769560390555574,592.0733540384807,7.6000000000000005
ST,100001,50,3963,0.9430549662360987,0.05694503376389233,1,0.9999999999999912,0.01827502124064219,8.450482658082908,0.9708108171157257,484.7486630293321,7.800000000000001
ST,100001,50,3963,0.9430549662360987,0.05694503376389233,1,0.9999999999999912,0.01827502124064219,8.450482658082908,0.9657795349290959,396.8786379355509,8
ST,100001,50,3963,0.9430549662360987,0.05694503376389233,1,0.9999999999999912,0.01827502124064219,8.450482658082908,0.9616602694754887,324.9367461175377,8.200000000000001
ST,100001,50,3963,0.9430549662360987,0.05694503376389233,1,0.9999999999999912,0.01827502124064219,8.450482658082908,0.9582877001685287,266.0357068515213,8.4
ST,100001,50,3963,0.9430549662360987,0.05694503376389233,1,0.9999999999999912,0.01827502124064219,8.450482658082908,0.9555264739600337,217.81161461617972,8.6
ST,100001,50,3963,0.9430549662360987,0.05694503376389233,1,0.9999999999999912,0.01827502124064219,8.450482658082908,0.9532657731469338,178.32906726383592,8.8
ST,100001,50,3963,0.9430549662360987,0.05694503376389233,1,0.9999999999999912,0.01827502124064219,8.450482658082908,0.9514148678677407,146.00349153661503,9
ST,100001,50,3963,0.9430549662360987,0.05694503376389233,1,0.9999999999999912,0.01827502124064219,8.450482658082908,0.9498994747946308,119.53754857778762,9.200000000000001
ST,100001,50,3963,0.9430549662360987,0.05694503376389233,1,0.9999999999999912,0.01827502124064219,8.450482658082908,0.9486587758826744,97.86906716818812,9.4
ST,100001,50,3963,0.9430549662360987,0.05694503376389233,1,0.9999999999999912,0.01827502124064219,8.450482658082908,0.9476429775281453,80.12841506565036,9.600000000000001
ST,100001,50,3963,0.9430549662360987,0.05694503376389233,1,0.9999999999999912,0.01827502124064219,8.450482658082908,0.9468113121763663,65.60359760964518,9.8
ST,100001,50,3963,0.9430549662360987,0.05694503376389233,1,0.9999999999999912,0.01827502124064219,8.450482658082908,0.9461304021765954,53.71168287556979,10
ST,100001,50,3963,0.9430549662360987,0.05694503376389233,1,0.9999999999999912,0.01827502124064219,8.450482658082908,0.9455729202197047,43.97540656980106,10.200000000000001
ST,100001,50,3963,0.9430549662360987,0.05694503376389233,1,0.9999999999999912,0.01827502124064219,8.450482658082908,0.9451164925973121,36.004017737803714,10.4
ST,100001,50,3963,0.9430549662360987,0.05694503376389233,1,0.9999999999999912,0.01827502124064219,8.450482658082908,0.944742801266305,29.47759655630507,10.600000000000001
ST,100001,50,3963,0.9430549662360987,0.05694503376389233,1,0.9999999999999912,0.01827502124064219,8.450482658082908,0.944436848681451,24.13421482747265,10.8
ST,100001,50,3963,0.9430549662360987,0.05694503376389233,1,0.9999999999999912,0.01827502124064219,8.450482658082908,0.9441863558912472,19.75942388064252,11
ST,100001,50,3963,0.9430549662360987,0.05694503376389233,1,0.9999999999999912,0.01827502124064219,8.450482658082908,0.9439812697404831,16.1776479941855,11.200000000000001
ST,100001,50,3963,0.9430549662360987,0.05694503376389233,1,0.9999999999999912,0.01827502124064219,8.450482658082908,0.9438133594018221,13.24513792531004,11.4
ST,100001,50,3963,0.9430549662360987,0.05694503376389233,1,0.9999999999999912,0.01827502124064219,8.450482658082908,0.9436758860438007,10.844201748210844,11.600000000000001
ST,100001,50,3963,0.9430549662360987,0.05694503376389233,1,0.9999999999999912,0.01827502124064219,8.450482658082908,0.9435633323778596,8.878481463842252,11.8
ST,100001,50,3963,0.9430549662360987,0.05694503376389233,1,0.9999999999999912,0.01827502124064219,8.450482658082908,0.9434711812301819,7.269085815080494,12
ST,100001,50,3963,0.9430549662360987,0.05694503376389233,1,0.9999999999999912,0.01827502124064219,8.450482658082908,0.9433957342516468,5.951424103569324,12.200000000000001
ST,100001,50,3963,0.9430549662360987,0.05694503376389233,1,0.9999999999999912,0.01827502124064219,8.450482658082908,0.9433339634900934,4.872613938201773,12.4
ST,100001,50,3963,0.9430549662360987,0.05694503376389233,1,0.9999999999999912,0.01827502124064219,8.450482658082908,0.9432833898679684,3.989358879082221,12.600000000000001
ST,100001,50,3963,0.9430549662360987,0.05694503376389233,1,0.9999999999999912,0.01827502124064219,8.450482658082908,0.9432419836882402,3.2662107993693246,12.8
ST,100001,50,3963,0.9430549662360987,0.05694503376389233,1,0.9999999999999912,0.01827502124064219,8.450482658082908,0.9432080831755293,2.674147227479093,13
ST,100001,50,3963,0.9430549662360987,0.05694503376389233,1,0.9999999999999912,0.01827502124064219,8.450482658082908,0.9431803277832277,2.1894065733953543,13.200000000000001
ST,100001,50,3963,0.9430549662360987,0.05694503376389233,1,0.9999999999999912,0.01827502124064219,8.450482658082908,0.9431576035899867,1.792534492629867,13.4
ST,100001,50,3963,0.9430549662360987,0.05694503376389233,1,0.9999999999999912,0.01827502124064219,8.450482658082908,0.9431389985941413,1.467603115069111,13.600000000000001
ST,100001,50,3963,0.9430549662360987,0.05694503376389233,1,0.9999999999999912,0.01827502124064219,8.450482658082908,0.9431237661118819,1.201571803620128,13.8
ST,100001,50,3963,0.9430549662360987,0.05694503376389233,1,0.9999999999999912,0.01827502124064219,8.450482658082908,0.9431112948102103,0.9837637876551795,14
ST,100001,50,3963,0.9430549662360987,0.05694503376389233,1,0.9999999999999912,0.01827502124064219,8.450482658082908,0.9431010841720009,0.8054376667177721,14.200000000000001
ST,100001,50,3963,0.9430549662360987,0.05694503376389233,1,0.9999999999999912,0.01827502124064219,8.450482658082908,0.9430927244084903,0.659436587429216,14.4
ST,100001,50,3963,0.9430549662360987,0.05694503376389233,1,0.9999999999999912,0.01827502124064219,8.450482658082908,0.9430858800130157,0.5399010138330973,14.600000000000001
ST,100001,50,3963,0.9430549662360987,0.05694503376389233,1,0.9999999999999912,0.01827502124064219,8.450482658082908,0.9430802762959545,0.44203356364313895,14.8
ST,100001,50,3963,0.9430549662360987,0.05694503376389233,1,0.9999999999999912,0.01827502124064219,8.450482658082908,0.9430756883604648,0.3619064724472919,15
ST,100001,50,3963,0.9430549662360987,0.05694503376389233,1,0.9999999999999912,0.01827502124064219,8.450482658082908,0.9430719320765865,0.29630395873056736,15.200000000000001
ST,100001,50,3963,0.9430549662360987,0.05694503376389233,1,0.9999999999999912,0.01827502124064219,8.450482658082908,0.9430688566914578,0.24259316327146505,15.4
ST,100001,50,3963,0.9430549662360987,0.05694503376389233,1,0.9999999999999912,0.01827502124064219,8.450482658082908,0.9430663387790755,0.1986184832568169,15.600000000000001
ST,100001,50,3963,0.9430549662360987,0.05694503376389233,1,0.9999999999999912,0.01827502124064219,8.450482658082908,0.9430642772867744,0.1626150603720604,15.8
ST,100001,50,3963,0.9430549662360987,0.05694503376389233,1,0.9999999999999912,0.01827502124064219,8.450482658082908,0.9430625894796304,0.13313795084023888,16
ST,100001,50,3963,0.9430549662360987,0.05694503376389233,1,0.9999999999999912,0.01827502124064219,8.450482658082908,0.9430612076200163,0.10900413475468841,16.2
ST,100001,50,3963,0.9430549662360987,0.05694503376389233,1,0.9999999999999912,0.01827502124064219,8.450482658082908,0.9430600762490539,0.0892450373363197,16.400000000000002
ST,100001,50,3963,0.9430549662360987,0.05694503376389233,1,0.9999999999999912,0.01827502124064219,8.450482658082908,0.9430591499608537,0.07306765662683788,16.6
ST,100001,50,3963,0.9430549662360987,0.05694503376389233,1,0.9999999999999912,0.01827502124064219,8.450482658082908,0.9430583915802181,0.05982273753573448,16.8
ST,100001,50,3963,0.9430549662360987,0.05694503376389233,1,0.9999999999999912,0.01827502124064219,8.450482658082908,0.9430577706706691,0.04897871495381848,17
ST,100001,50,3963,0.9430549662360987,0.05694503376389233,1,0.9999999999999912,0.01827502124064219,8.450482658082908,0.9430572623129265,0.04010038017893169,17.2
ST,100001,50,3963,0.9430549662360987,0.05694503376389233,1,0.9999999999999912,0.01827502124064219,8.450482658082908,0.943056846104809,0.032831414462610106,17.400000000000002
ST,100001,50,3963,0.9430549662360987,0.05694503376389233,1,0.9999999999999912,0.01827502124064219,8.450482658082908,0.9430565053424236,0.026880088687588188,17.6
ST,100001,50,3963,0.9430549662360987,0.05694503376389233,1,0.9999999999999912,0.01827502124064219,8.450482658082908,0.9430562263497791,0.022007555253992072,17.8
ST,100001,50,3963,0.9430549662360987,0.05694503376389233,1,0.9999999999999912,0.01827502124064219,8.450482658082908,0.9430559979299213,0.01801826228650625,18
ST,100001,50,3963,0.9430549662360987,0.05694503376389233,1,0.9999999999999912,0.01827502124064219,8.450482658082908,0.943055810915559,0.014752105450987906,18.2
ST,100001,50,3963,0.9430549662360987,0.05694503376389233,1,0.9999999999999912,0.01827502124064219,8.450482658082908,0.9430556578011494,0.012078002405373123,18.400000000000002
ST,100001,50,3963,0.9430549662360987,0.05694503376389233,1,0.9999999999999912,0.01827502124064219,8.450482658082908,0.9430555324416734,0.009888632005028847,18.6
ST,100001,50,3963,0.9430549662360987,0.05694503376389233,1,0.9999999999999912,0.01827502124064219,8.450482658082908,0.9430554298060153,0.008096127128388307,18.8
ST,100001,50,3963,0.9430549662360987,0.05694503376389233,1,0.9999999999999912,0.01827502124064219,8.450482658082908,0.9430553457750457,0.006628548260840463,19
ST,100001,50,3963,0.9430549662360987,0.05694503376389233,1,0.9999999999999912,0.01827502124064219,8.450482658082908,0.9430552769763065,0.005426996309411646,19.200000000000003
ST,100001,50,3963,0.9430549662360987,0.05694503376389233,1,0.9999999999999912,0.01827502124064219,8.450482658082908,0.9430552206486631,0.0044432487753560375,19.400000000000002
ST,100001,50,3963,0.9430549662360987,0.05694503376389233,1,0.9999999999999912,0.01827502124064219,8.450482658082908,0.9430551745314891,0.0036378244159600785,19.6
ST,100001,50,3963,0.9430549662360987,0.05694503376389233,1,0.9999999999999912,0.01827502124064219,8.450482658082908,0.9430551367739406,0.0029783987236444726,19.8
ST,100001,50,3963,0.9430549662360987,0.05694503376389233,1,0.9999999999999912,0.01827502124064219,8.450482658082908,0.9430551058606744,0.002438506629975946,20
ST_by_sens,10001,50,3963,0.9707329600446694,0.02926703995533012,10.263152328592732,0.9999999999999999,0.0077919287652610855,10.354036868019481,795802610585.979,2509773517589485e12,0
ST_by_sens,10001,50,3963,0.9707329600446694,0.02926703995533012,10.263152328592732,0.9999999999999999,0.0077919287652610855,10.354036868019481,102178441647.27026,32224667713005854e10,0.2
ST_by_sens,10001,50,3963,0.9707329600446694,0.02926703995533012,10.263152328592732,0.9999999999999999,0.0077919287652610855,10.354036868019481,13119376336.757505,4137541502991883e10,0.4
ST_by_sens,10001,50,3963,0.9707329600446694,0.02926703995533012,10.263152328592732,0.9999999999999999,0.0077919287652610855,10.354036868019481,1684484836.1946313,5312467405853575e9,0.6000000000000001
ST_by_sens,10001,50,3963,0.9707329600446694,0.02926703995533012,10.263152328592732,0.9999999999999999,0.0077919287652610855,10.354036868019481,216282321.6752047,6821033678537964e8,0.8
ST_by_sens,10001,50,3963,0.9707329600446694,0.02926703995533012,10.263152328592732,0.9999999999999999,0.0077919287652610855,10.354036868019481,27769940.64080081,8757983228750535e7,1
ST_by_sens,10001,50,3963,0.9707329600446694,0.02926703995533012,10.263152328592732,0.9999999999999999,0.0077919287652610855,10.354036868019481,3565570.023105644,11244962838464636e6,1.2000000000000002
ST_by_sens,10001,50,3963,0.9707329600446694,0.02926703995533012,10.263152328592732,0.9999999999999999,0.0077919287652610855,10.354036868019481,457808.3271148324,14438162980644512e5,1.4000000000000001
ST_by_sens,10001,50,3963,0.9707329600446694,0.02926703995533012,10.263152328592732,0.9999999999999999,0.0077919287652610855,10.354036868019481,58781.93177419701,18538127093011936e4,1.6
ST_by_sens,10001,50,3963,0.9707329600446694,0.02926703995533012,10.263152328592732,0.9999999999999999,0.0077919287652610855,10.354036868019481,7548.253083856372,2380234636340988e4,1.8
ST_by_sens,10001,50,3963,0.9707329600446694,0.02926703995533012,10.263152328592732,0.9999999999999999,0.0077919287652610855,10.354036868019481,970.0170002402066,3056143102057451e3,2
ST_by_sens,10001,50,3963,0.9707329600446694,0.02926703995533012,10.263152328592732,0.9999999999999999,0.0077919287652610855,10.354036868019481,125.3930911639999,392398737403944400,2.2
ST_by_sens,10001,50,3963,0.9707329600446694,0.02926703995533012,10.263152328592732,0.9999999999999999,0.0077919287652610855,10.354036868019481,16.946155128981875,50382709177639184,2.4000000000000004
ST_by_sens,10001,50,3963,0.9707329600446694,0.02926703995533012,10.263152328592732,0.9999999999999999,0.0077919287652610855,10.354036868019481,3.0219247004987455,6468974392915744,2.6
ST_by_sens,10001,50,3963,0.9707329600446694,0.02926703995533012,10.263152328592732,0.9999999999999999,0.0077919287652610855,10.354036868019481,1.2340992430520692,830595066824478.25,2.8000000000000003
ST_by_sens,10001,50,3963,0.9707329600446694,0.02926703995533012,10.263152328592732,0.9999999999999999,0.0077919287652610855,10.354036868019481,1.004548325842593,106645678763030.36,3
ST_by_sens,10001,50,3963,0.9707329600446694,0.02926703995533012,10.263152328592732,0.9999999999999999,0.0077919287652610855,10.354036868019481,0.9750747419576382,13692954910399.004,3.2
ST_by_sens,10001,50,3963,0.9707329600446694,0.02926703995533012,10.263152328592732,0.9999999999999999,0.0077919287652610855,10.354036868019481,0.9712904305831351,1758130440473.289,3.4000000000000004
ST_by_sens,10001,50,3963,0.9707329600446694,0.02926703995533012,10.263152328592732,0.9999999999999999,0.0077919287652610855,10.354036868019481,0.970804537430979,225738174553.6438,3.6
ST_by_sens,10001,50,3963,0.9707329600446694,0.02926703995533012,10.263152328592732,0.9999999999999999,0.0077919287652610855,10.354036868019481,0.9707421503459991,28984040249.64913,3.8000000000000003
ST_by_sens,10001,50,3963,0.9707329600446694,0.02926703995533012,10.263152328592732,0.9999999999999999,0.0077919287652610855,10.354036868019481,0.9707341400491776,3721455579.475559,4
ST_by_sens,10001,50,3963,0.9707329600446694,0.02926703995533012,10.263152328592732,0.9999999999999999,0.0077919287652610855,10.354036868019481,0.9707331115533728,477822674.50368065,4.2
ST_by_sens,10001,50,3963,0.9707329600446694,0.02926703995533012,10.263152328592732,0.9999999999999999,0.0077919287652610855,10.354036868019481,0.9707329794978893,61350862.15432552,4.4
ST_by_sens,10001,50,3963,0.9707329600446694,0.02926703995533012,10.263152328592732,0.9999999999999999,0.0077919287652610855,10.354036868019481,0.9707329625423989,7877249.213819082,4.6000000000000005
ST_by_sens,10001,50,3963,0.9707329600446694,0.02926703995533012,10.263152328592732,0.9999999999999999,0.0077919287652610855,10.354036868019481,0.9707329603653696,1011412.9288114406,4.800000000000001
ST_by_sens,10001,50,3963,0.9707329600446694,0.02926703995533012,10.263152328592732,0.9999999999999999,0.0077919287652610855,10.354036868019481,0.9707329600858462,129862.09840516032,5
ST_by_sens,10001,50,3963,0.9707329600446694,0.02926703995533012,10.263152328592732,0.9999999999999999,0.0077919287652610855,10.354036868019481,0.9707329600499564,16673.866945728365,5.2
ST_by_sens,10001,50,3963,0.9707329600446694,0.02926703995533012,10.263152328592732,0.9999999999999999,0.0077919287652610855,10.354036868019481,0.9707329600453481,2140.8697559811285,5.4
ST_by_sens,10001,50,3963,0.9707329600446694,0.02926703995533012,10.263152328592732,0.9999999999999999,0.0077919287652610855,10.354036868019481,0.9707329600447565,274.8806456830271,5.6000000000000005
ST_by_sens,10001,50,3963,0.9707329600446694,0.02926703995533012,10.263152328592732,0.9999999999999999,0.0077919287652610855,10.354036868019481,0.9707329600446806,35.29377215032411,5.800000000000001
ST_by_sens,10001,50,3963,0.9707329600446694,0.02926703995533012,10.263152328592732,0.9999999999999999,0.0077919287652610855,10.354036868019481,0.9707329600446708,4.531604433276106,6
ST_by_sens,10001,50,3963,0.9707329600446694,0.02926703995533012,10.263152328592732,0.9999999999999999,0.0077919287652610855,10.354036868019481,0.9707329600446696,0.5818431266633227,6.2
ST_by_sens,10001,50,3963,0.9707329600446694,0.02926703995533012,10.263152328592732,0.9999999999999999,0.0077919287652610855,10.354036868019481,0.9707329600446694,0.07470674659054574,6.4
ST_by_sens,10001,50,3963,0.9707329600446694,0.02926703995533012,10.263152328592732,0.9999999999999999,0.0077919287652610855,10.354036868019481,0.9707329600446694,0.009592100912405293,6.6000000000000005
ST_by_sens,10001,50,3963,0.9707329600446694,0.02926703995533012,10.263152328592732,0.9999999999999999,0.0077919287652610855,10.354036868019481,0.9707329600446694,0.0012315942550416247,6.800000000000001
ST_by_sens,10001,50,3963,0.9707329600446694,0.02926703995533012,10.263152328592732,0.9999999999999999,0.0077919287652610855,10.354036868019481,0.9707329600446694,1.5813265757972435e-4,7
ST_by_sens,10001,50,3963,0.9707329600446694,0.02926703995533012,10.263152328592732,0.9999999999999999,0.0077919287652610855,10.354036868019481,0.9707329600446694,2.030371389835771e-5,7.2
ST_by_sens,10001,50,3963,0.9707329600446694,0.02926703995533012,10.263152328592732,0.9999999999999999,0.0077919287652610855,10.354036868019481,0.9707329600446694,2.606930183656254e-6,7.4
ST_by_sens,10001,50,3963,0.9707329600446694,0.02926703995533012,10.263152328592732,0.9999999999999999,0.0077919287652610855,10.354036868019481,0.9707329600446694,3.347212739738106e-7,7.6000000000000005
ST_by_sens,10001,50,3963,0.9707329600446694,0.02926703995533012,10.263152328592732,0.9999999999999999,0.0077919287652610855,10.354036868019481,0.9707329600446694,4.297711229593249e-8,7.800000000000001
ST_by_sens,10001,50,3963,0.9707329600446694,0.02926703995533012,10.263152328592732,0.9999999999999999,0.0077919287652610855,10.354036868019481,0.9707329600446694,5.518120074560071e-9,8
ST_by_sens,10001,50,3963,0.9707329600446694,0.02926703995533012,10.263152328592732,0.9999999999999999,0.0077919287652610855,10.354036868019481,0.9707329600446694,7.08508495116929e-10,8.200000000000001
ST_by_sens,10001,50,3963,0.9707329600446694,0.02926703995533012,10.263152328592732,0.9999999999999999,0.0077919287652610855,10.354036868019481,0.9707329600446694,9.097016390910688e-11,8.4
ST_by_sens,10001,50,3963,0.9707329600446694,0.02926703995533012,10.263152328592732,0.9999999999999999,0.0077919287652610855,10.354036868019481,0.9707329600446694,1.168027028424551e-11,8.6
ST_by_sens,10001,50,3963,0.9707329600446694,0.02926703995533012,10.263152328592732,0.9999999999999999,0.0077919287652610855,10.354036868019481,0.9707329600446694,1.49970834447808e-12,8.8
ST_by_sens,10001,50,3963,0.9707329600446694,0.02926703995533012,10.263152328592732,0.9999999999999999,0.0077919287652610855,10.354036868019481,0.9707329600446694,1.925576261305253e-13,9
ST_by_sens,10001,50,3963,0.9707329600446694,0.02926703995533012,10.263152328592732,0.9999999999999999,0.0077919287652610855,10.354036868019481,0.9707329600446694,2.472376680275537e-14,9.200000000000001
ST_by_sens,10001,50,3963,0.9707329600446694,0.02926703995533012,10.263152328592732,0.9999999999999999,0.0077919287652610855,10.354036868019481,0.9707329600446694,3.174450460366059e-15,9.4
ST_by_sens,10001,50,3963,0.9707329600446694,0.02926703995533012,10.263152328592732,0.9999999999999999,0.0077919287652610855,10.354036868019481,0.9707329600446694,4.075890136690259e-16,9.600000000000001
ST_by_sens,10001,50,3963,0.9707329600446694,0.02926703995533012,10.263152328592732,0.9999999999999999,0.0077919287652610855,10.354036868019481,0.9707329600446694,5.2333090762592906e-17,9.8
ST_by_sens,10001,50,3963,0.9707329600446694,0.02926703995533012,10.263152328592732,0.9999999999999999,0.0077919287652610855,10.354036868019481,0.9707329600446694,6.719396983034861e-18,10
ST_by_sens,10001,50,3963,0.9707329600446694,0.02926703995533012,10.263152328592732,0.9999999999999999,0.0077919287652610855,10.354036868019481,0.9707329600446694,8.627485049648529e-19,10.200000000000001
ST_by_sens,10001,50,3963,0.9707329600446694,0.02926703995533012,10.263152328592732,0.9999999999999999,0.0077919287652610855,10.354036868019481,0.9707329600446694,1.1077407462282747e-19,10.4
ST_by_sens,10001,50,3963,0.9707329600446694,0.02926703995533012,10.263152328592732,0.9999999999999999,0.0077919287652610855,10.354036868019481,0.9707329600446694,1.4223027380433856e-20,10.600000000000001
ST_by_sens,10001,50,3963,0.9707329600446694,0.02926703995533012,10.263152328592732,0.9999999999999999,0.0077919287652610855,10.354036868019481,0.9707329600446694,1.826190004776517e-21,10.8
ST_by_sens,10001,50,3963,0.9707329600446694,0.02926703995533012,10.263152328592732,0.9999999999999999,0.0077919287652610855,10.354036868019481,0.9707329600446694,2.3447679909084883e-22,11
ST_by_sens,10001,50,3963,0.9707329600446694,0.02926703995533012,10.263152328592732,0.9999999999999999,0.0077919287652610855,10.354036868019481,0.9707329600446694,3.0106050941078327e-23,11.200000000000001
ST_by_sens,10001,50,3963,0.9707329600446694,0.02926703995533012,10.263152328592732,0.9999999999999999,0.0077919287652610855,10.354036868019481,0.9707329600446694,3.8655180673787346e-24,11.4
ST_by_sens,10001,50,3963,0.9707329600446694,0.02926703995533012,10.263152328592732,0.9999999999999999,0.0077919287652610855,10.354036868019481,0.9707329600446694,4.963198248244285e-25,11.600000000000001
ST_by_sens,10001,50,3963,0.9707329600446694,0.02926703995533012,10.263152328592732,0.9999999999999999,0.0077919287652610855,10.354036868019481,0.9707329600446694,6.372583550768235e-26,11.8
ST_by_sens,10001,50,3963,0.9707329600446694,0.02926703995533012,10.263152328592732,0.9999999999999999,0.0077919287652610855,10.354036868019481,0.9707329600446694,8.182187992568716e-27,12
ST_by_sens,10001,50,3963,0.9707329600446694,0.02926703995533012,10.263152328592732,0.9999999999999999,0.0077919287652610855,10.354036868019481,0.9707329600446694,1.050566066531429e-27,12.200000000000001
ST_by_sens,10001,50,3963,0.9707329600446694,0.02926703995533012,10.263152328592732,0.9999999999999999,0.0077919287652610855,10.354036868019481,0.9707329600446694,1.3488923270276054e-28,12.4
ST_by_sens,10001,50,3963,0.9707329600446694,0.02926703995533012,10.263152328592732,0.9999999999999999,0.0077919287652610855,10.354036868019481,0.9707329600446694,1.7319334479565191e-29,12.600000000000001
ST_by_sens,10001,50,3963,0.9707329600446694,0.02926703995533012,10.263152328592732,0.9999999999999999,0.0077919287652610855,10.354036868019481,0.9707329600446694,2.2237456674992684e-30,12.8
ST_by_sens,10001,50,3963,0.9707329600446694,0.02926703995533012,10.263152328592732,0.9999999999999999,0.0077919287652610855,10.354036868019481,0.9707329600446694,2.855216405431944e-31,13
ST_by_sens,10001,50,3963,0.9707329600446694,0.02926703995533012,10.263152328592732,0.9999999999999999,0.0077919287652610855,10.354036868019481,0.9707329600446694,3.6660040943509915e-32,13.200000000000001
ST_by_sens,10001,50,3963,0.9707329600446694,0.02926703995533012,10.263152328592732,0.9999999999999999,0.0077919287652610855,10.354036868019481,0.9707329600446694,4.7070288592591145e-33,13.4
ST_by_sens,10001,50,3963,0.9707329600446694,0.02926703995533012,10.263152328592732,0.9999999999999999,0.0077919287652610855,10.354036868019481,0.9707329600446694,6.043670468355152e-34,13.600000000000001
ST_by_sens,10001,50,3963,0.9707329600446694,0.02926703995533012,10.263152328592732,0.9999999999999999,0.0077919287652610855,10.354036868019481,0.9707329600446694,7.759874396822346e-35,13.8
ST_by_sens,10001,50,3963,0.9707329600446694,0.02926703995533012,10.263152328592732,0.9999999999999999,0.0077919287652610855,10.354036868019481,0.9707329600446694,9.963423877881828e-36,14
ST_by_sens,10001,50,3963,0.9707329600446694,0.02926703995533012,10.263152328592732,0.9999999999999999,0.0077919287652610855,10.354036868019481,0.9707329600446694,1.2792709043202267e-36,14.200000000000001
ST_by_sens,10001,50,3963,0.9707329600446694,0.02926703995533012,10.263152328592732,0.9999999999999999,0.0077919287652610855,10.354036868019481,0.9707329600446694,1.6425418276877078e-37,14.4
ST_by_sens,10001,50,3963,0.9707329600446694,0.02926703995533012,10.263152328592732,0.9999999999999999,0.0077919287652610855,10.354036868019481,0.9707329600446694,2.1089697628488306e-38,14.600000000000001
ST_by_sens,10001,50,3963,0.9707329600446694,0.02926703995533012,10.263152328592732,0.9999999999999999,0.0077919287652610855,10.354036868019481,0.9707329600446694,2.707847913299102e-39,14.8
ST_by_sens,10001,50,3963,0.9707329600446694,0.02926703995533012,10.263152328592732,0.9999999999999999,0.0077919287652610855,10.354036868019481,0.9707329600446694,3.476787790287531e-40,15
ST_by_sens,10001,50,3963,0.9707329600446694,0.02926703995533012,10.263152328592732,0.9999999999999999,0.0077919287652610855,10.354036868019481,0.9707329600446694,4.4640813390309e-41,15.200000000000001
ST_by_sens,10001,50,3963,0.9707329600446694,0.02926703995533012,10.263152328592732,0.9999999999999999,0.0077919287652610855,10.354036868019481,0.9707329600446694,5.731733831197142e-42,15.4
ST_by_sens,10001,50,3963,0.9707329600446694,0.02926703995533012,10.263152328592732,0.9999999999999999,0.0077919287652610855,10.354036868019481,0.9707329600446694,7.359357999247586e-43,15.600000000000001
ST_by_sens,10001,50,3963,0.9707329600446694,0.02926703995533012,10.263152328592732,0.9999999999999999,0.0077919287652610855,10.354036868019481,0.9707329600446694,9.44917397704404e-44,15.8
ST_by_sens,10001,50,3963,0.9707329600446694,0.02926703995533012,10.263152328592732,0.9999999999999999,0.0077919287652610855,10.354036868019481,0.9707329600446694,1.2132429059379215e-44,16
ST_by_sens,10001,50,3963,0.9707329600446694,0.02926703995533012,10.263152328592732,0.9999999999999999,0.0077919287652610855,10.354036868019481,0.9707329600446694,1.5577640462379984e-45,16.2
ST_by_sens,10001,50,3963,0.9707329600446694,0.02926703995533012,10.263152328592732,0.9999999999999999,0.0077919287652610855,10.354036868019481,0.9707329600446694,2.000117875715682e-46,16.400000000000002
ST_by_sens,10001,50,3963,0.9707329600446694,0.02926703995533012,10.263152328592732,0.9999999999999999,0.0077919287652610855,10.354036868019481,0.9707329600446694,2.568085665103599e-47,16.6
ST_by_sens,10001,50,3963,0.9707329600446694,0.02926703995533012,10.263152328592732,0.9999999999999999,0.0077919287652610855,10.354036868019481,0.9707329600446694,3.297337653637414e-48,16.8
ST_by_sens,10001,50,3963,0.9707329600446694,0.02926703995533012,10.263152328592732,0.9999999999999999,0.0077919287652610855,10.354036868019481,0.9707329600446694,4.2336732570236615e-49,17
ST_by_sens,10001,50,3963,0.9707329600446694,0.02926703995533012,10.263152328592732,0.9999999999999999,0.0077919287652610855,10.354036868019481,0.9707329600446694,5.435897420898035e-50,17.2
ST_by_sens,10001,50,3963,0.9707329600446694,0.02926703995533012,10.263152328592732,0.9999999999999999,0.0077919287652610855,10.354036868019481,0.9707329600446694,6.979513764200702e-51,17.400000000000002
ST_by_sens,10001,50,3963,0.9707329600446694,0.02926703995533012,10.263152328592732,0.9999999999999999,0.0077919287652610855,10.354036868019481,0.9707329600446694,8.961466453982503e-52,17.6
ST_by_sens,10001,50,3963,0.9707329600446694,0.02926703995533012,10.263152328592732,0.9999999999999999,0.0077919287652610855,10.354036868019481,0.9707329600446694,1.1506228616923115e-52,17.8
ST_by_sens,10001,50,3963,0.9707329600446694,0.02926703995533012,10.263152328592732,0.9999999999999999,0.0077919287652610855,10.354036868019481,0.9707329600446694,1.4773619659767225e-53,18
ST_by_sens,10001,50,3963,0.9707329600446694,0.02926703995533012,10.263152328592732,0.9999999999999999,0.0077919287652610855,10.354036868019481,0.9707329600446694,1.8968842452030346e-54,18.2
ST_by_sens,10001,50,3963,0.9707329600446694,0.02926703995533012,10.263152328592732,0.9999999999999999,0.0077919287652610855,10.354036868019481,0.9707329600446694,2.4355370738955248e-55,18.400000000000002
ST_by_sens,10001,50,3963,0.9707329600446694,0.02926703995533012,10.263152328592732,0.9999999999999999,0.0077919287652610855,10.354036868019481,0.9707329600446694,3.1271496156501915e-56,18.6
ST_by_sens,10001,50,3963,0.9707329600446694,0.02926703995533012,10.263152328592732,0.9999999999999999,0.0077919287652610855,10.354036868019481,0.9707329600446694,4.0151574055163115e-57,18.8
ST_by_sens,10001,50,3963,0.9707329600446694,0.02926703995533012,10.263152328592732,0.9999999999999999,0.0077919287652610855,10.354036868019481,0.9707329600446694,5.155330243999528e-58,19
ST_by_sens,10001,50,3963,0.9707329600446694,0.02926703995533012,10.263152328592732,0.9999999999999999,0.0077919287652610855,10.354036868019481,0.9707329600446694,6.619274723372364e-59,19.200000000000003
ST_by_sens,10001,50,3963,0.9707329600446694,0.02926703995533012,10.263152328592732,0.9999999999999999,0.0077919287652610855,10.354036868019481,0.9707329600446694,8.498931356429131e-60,19.400000000000002
ST_by_sens,10001,50,3963,0.9707329600446694,0.02926703995533012,10.263152328592732,0.9999999999999999,0.0077919287652610855,10.354036868019481,0.9707329600446694,1.0912348742113849e-60,19.6
ST_by_sens,10001,50,3963,0.9707329600446694,0.02926703995533012,10.263152328592732,0.9999999999999999,0.0077919287652610855,10.354036868019481,0.9707329600446694,1.4011097404549709e-61,19.8
ST_by_sens,10001,50,3963,0.9707329600446694,0.02926703995533012,10.263152328592732,0.9999999999999999,0.0077919287652610855,10.354036868019481,0.9707329600446694,1.7989788918875542e-62,20
