"node";"tree_age";"tree_simulation_number";"prob"
51;2;20;1
52;2;20;1
53;2;20;0,18
54;2;20;0,455
55;2;20;1
56;2;20;0,645
57;2;20;1
58;2;20;1
59;2;20;0,62
60;2;20;0,375
61;2;20;1
62;2;20;0,315
63;2;20;0,075
64;2;20;0,085
65;2;20;1
66;2;20;0,34
67;2;20;1
68;2;20;1
69;2;20;1
70;2;20;0,84
71;2;20;1
72;2;20;0,025
73;2;20;0,275
74;2;20;0,05
75;2;20;1
76;2;20;0,65
77;2;20;1
78;2;20;1
79;2;20;1
80;2;20;0,94
81;2;20;0,995
82;2;20;1
83;2;20;1
84;2;20;1
85;2;20;1
86;2;20;1
87;2;20;0,995
88;2;20;1
89;2;20;0,89
90;2;20;1
91;2;20;1
92;2;20;1
93;2;20;1
94;2;20;1
95;2;20;1
96;2;20;0,995
97;2;20;1
98;2;20;1
99;2;20;1
51;3;20;1
52;3;20;1
53;3;20;0,16
54;3;20;0,17
55;3;20;1
56;3;20;0,325
57;3;20;0,435
58;3;20;1
59;3;20;0,845
60;3;20;0,675
61;3;20;1
62;3;20;0,51
63;3;20;0,13
64;3;20;0,29
65;3;20;1
66;3;20;0,165
67;3;20;1
68;3;20;0,195
69;3;20;1
70;3;20;0,605
71;3;20;1
72;3;20;0,2
73;3;20;0,78
74;3;20;0,315
75;3;20;1
76;3;20;0,97
77;3;20;1
78;3;20;1
79;3;20;1
80;3;20;0,955
81;3;20;0,98
82;3;20;1
83;3;20;1
84;3;20;1
85;3;20;1
86;3;20;1
87;3;20;0,905
88;3;20;1
89;3;20;0,985
90;3;20;1
91;3;20;1
92;3;20;1
93;3;20;1
94;3;20;0,99
95;3;20;0,985
96;3;20;0,115
97;3;20;1
98;3;20;1
99;3;20;1
51;4;20;1
52;4;20;1
53;4;20;0,03
54;4;20;0,005
55;4;20;1
56;4;20;0,275
57;4;20;0,17
58;4;20;1
59;4;20;0,21
60;4;20;0,615
61;4;20;1
62;4;20;0,975
63;4;20;0,005
64;4;20;0,035
65;4;20;1
66;4;20;0,975
67;4;20;0,915
68;4;20;1
69;4;20;0,95
70;4;20;0,22
71;4;20;1
72;4;20;0,015
73;4;20;0,015
74;4;20;0,025
75;4;20;0,905
76;4;20;1
77;4;20;1
78;4;20;1
79;4;20;1
80;4;20;0,63
81;4;20;0,32
82;4;20;1
83;4;20;1
84;4;20;1
85;4;20;1
86;4;20;1
87;4;20;0,13
88;4;20;1
89;4;20;0,32
90;4;20;1
91;4;20;1
92;4;20;1
93;4;20;1
94;4;20;0,995
95;4;20;0,89
96;4;20;0,195
97;4;20;1
98;4;20;1
99;4;20;1
51;5;20;1
52;5;20;0,985
53;5;20;0,02
54;5;20;0,01
55;5;20;1
56;5;20;0,465
57;5;20;0,35
58;5;20;1
59;5;20;0,965
60;5;20;0,835
61;5;20;0,355
62;5;20;0,1
63;5;20;0
64;5;20;0
65;5;20;0,99
66;5;20;0,05
67;5;20;1
68;5;20;1
69;5;20;0,36
70;5;20;0,995
71;5;20;1
72;5;20;0,005
73;5;20;0
74;5;20;0,01
75;5;20;0,015
76;5;20;0,585
77;5;20;1
78;5;20;1
79;5;20;0,94
80;5;20;0,95
81;5;20;0,39
82;5;20;0,995
83;5;20;1
84;5;20;1
85;5;20;1
86;5;20;1
87;5;20;0,455
88;5;20;1
89;5;20;0,83
90;5;20;1
91;5;20;1
92;5;20;1
93;5;20;0,765
94;5;20;0,02
95;5;20;0,945
96;5;20;0,955
97;5;20;0,935
98;5;20;1
99;5;20;1
51;6;20;1
52;6;20;0,915
53;6;20;0
54;6;20;0,005
55;6;20;0,235
56;6;20;0,045
57;6;20;0,89
58;6;20;1
59;6;20;0,465
60;6;20;0,885
61;6;20;0,11
62;6;20;0,115
63;6;20;0,05
64;6;20;0,06
65;6;20;0,985
66;6;20;0,05
67;6;20;1
68;6;20;0,095
69;6;20;0,66
70;6;20;0,795
71;6;20;1
72;6;20;0
73;6;20;0,005
74;6;20;0,025
75;6;20;0,625
76;6;20;0,12
77;6;20;1
78;6;20;1
79;6;20;1
80;6;20;0,715
81;6;20;0,72
82;6;20;0,73
83;6;20;1
84;6;20;1
85;6;20;1
86;6;20;1
87;6;20;0,165
88;6;20;1
89;6;20;0,82
90;6;20;1
91;6;20;1
92;6;20;1
93;6;20;0,985
94;6;20;0,11
95;6;20;0,995
96;6;20;0,155
97;6;20;0,97
98;6;20;1
99;6;20;1
51;7;20;1
52;7;20;0,76
53;7;20;0,05
54;7;20;0
55;7;20;0,01
56;7;20;0
57;7;20;0
58;7;20;1
59;7;20;0,9
60;7;20;0,025
61;7;20;0,97
62;7;20;0,26
63;7;20;0
64;7;20;0
65;7;20;0,925
66;7;20;0,25
67;7;20;0,98
68;7;20;0,695
69;7;20;0,575
70;7;20;0,685
71;7;20;1
72;7;20;0
73;7;20;0
74;7;20;0,005
75;7;20;0
76;7;20;0,07
77;7;20;1
78;7;20;1
79;7;20;1
80;7;20;0,27
81;7;20;0,81
82;7;20;0,88
83;7;20;1
84;7;20;1
85;7;20;0,82
86;7;20;1
87;7;20;0,005
88;7;20;0,95
89;7;20;0,89
90;7;20;1
91;7;20;1
92;7;20;1
93;7;20;1
94;7;20;0,025
95;7;20;0,99
96;7;20;0,275
97;7;20;0,5
98;7;20;1
99;7;20;1
51;8;20;1
52;8;20;0,395
53;8;20;0,035
54;8;20;0
55;8;20;0,03
56;8;20;0
57;8;20;0,015
58;8;20;0,995
59;8;20;0,965
60;8;20;0,02
61;8;20;0,355
62;8;20;0,05
63;8;20;0
64;8;20;0,005
65;8;20;0,03
66;8;20;0,57
67;8;20;0,22
68;8;20;0,955
69;8;20;0,96
70;8;20;0,585
71;8;20;1
72;8;20;0
73;8;20;0
74;8;20;0
75;8;20;0,015
76;8;20;0,105
77;8;20;0,515
78;8;20;1
79;8;20;1
80;8;20;0,285
81;8;20;0,14
82;8;20;1
83;8;20;1
84;8;20;1
85;8;20;0,005
86;8;20;1
87;8;20;0,39
88;8;20;0,685
89;8;20;0,095
90;8;20;1
91;8;20;1
92;8;20;1
93;8;20;1
94;8;20;0,01
95;8;20;0,065
96;8;20;0,485
97;8;20;0,84
98;8;20;1
99;8;20;1
51;9;20;1
52;9;20;0
53;9;20;0
54;9;20;0
55;9;20;0
56;9;20;0
57;9;20;0,09
58;9;20;0,96
59;9;20;0,105
60;9;20;0
61;9;20;0,045
62;9;20;0,25
63;9;20;0
64;9;20;0
65;9;20;0,025
66;9;20;0,005
67;9;20;0,785
68;9;20;0,51
69;9;20;0,46
70;9;20;0,105
71;9;20;1
72;9;20;0
73;9;20;0
74;9;20;0
75;9;20;0
76;9;20;0,055
77;9;20;0,855
78;9;20;1
79;9;20;0,995
80;9;20;0,405
81;9;20;0,445
82;9;20;1
83;9;20;1
84;9;20;1
85;9;20;0,01
86;9;20;1
87;9;20;0
88;9;20;0,025
89;9;20;0,215
90;9;20;1
91;9;20;1
92;9;20;1
93;9;20;0,995
94;9;20;0
95;9;20;0
96;9;20;0,045
97;9;20;0,875
98;9;20;1
99;9;20;0,835
51;1;21;1
52;1;21;1
53;1;21;1
54;1;21;1
55;1;21;1
56;1;21;1
57;1;21;1
58;1;21;1
59;1;21;0,58
60;1;21;1
61;1;21;1
62;1;21;1
63;1;21;1
64;1;21;1
65;1;21;1
66;1;21;0,07
67;1;21;1
68;1;21;1
69;1;21;0,205
70;1;21;1
71;1;21;0,765
72;1;21;1
73;1;21;1
74;1;21;1
75;1;21;1
76;1;21;0,975
77;1;21;0,515
78;1;21;1
79;1;21;1
80;1;21;1
81;1;21;1
82;1;21;1
83;1;21;1
84;1;21;1
85;1;21;1
86;1;21;1
87;1;21;0,12
88;1;21;1
89;1;21;1
90;1;21;1
91;1;21;1
92;1;21;1
93;1;21;1
94;1;21;0,105
95;1;21;0,965
96;1;21;1
97;1;21;1
98;1;21;1
99;1;21;1
51;10;21;1
52;10;21;0
53;10;21;0
54;10;21;0,015
55;10;21;0
56;10;21;0,73
57;10;21;1
58;10;21;1
59;10;21;0,59
60;10;21;0,475
61;10;21;1
62;10;21;0,99
63;10;21;1
64;10;21;1
65;10;21;1
66;10;21;0
67;10;21;0,005
68;10;21;0,05
69;10;21;0
70;10;21;0
71;10;21;0
72;10;21;0,005
73;10;21;1
74;10;21;1
75;10;21;1
76;10;21;0
77;10;21;0
78;10;21;0,005
79;10;21;0,225
80;10;21;0,015
81;10;21;1
82;10;21;0,045
83;10;21;0,97
84;10;21;1
85;10;21;1
86;10;21;1
87;10;21;0
88;10;21;0,025
89;10;21;1
90;10;21;0
91;10;21;0
92;10;21;0,07
93;10;21;0,35
94;10;21;0,35
95;10;21;0,025
96;10;21;0,76
97;10;21;1
98;10;21;1
99;10;21;1
51;11;21;1
52;11;21;0
53;11;21;0
54;11;21;0,01
55;11;21;0,01
56;11;21;0,105
57;11;21;1
58;11;21;1
59;11;21;0,95
60;11;21;0,075
61;11;21;1
62;11;21;1
63;11;21;1
64;11;21;1
65;11;21;1
66;11;21;0
67;11;21;0,005
68;11;21;0,02
69;11;21;0
70;11;21;0
71;11;21;0
72;11;21;0
73;11;21;0,04
74;11;21;1
75;11;21;1
76;11;21;0
77;11;21;0,03
78;11;21;0,025
79;11;21;0,895
80;11;21;0,005
81;11;21;1
82;11;21;0,48
83;11;21;0,525
84;11;21;1
85;11;21;1
86;11;21;1
87;11;21;0
88;11;21;0,015
89;11;21;1
90;11;21;0
91;11;21;0
92;11;21;0,01
93;11;21;0,145
94;11;21;0,045
95;11;21;0,005
96;11;21;0,01
97;11;21;1
98;11;21;1
99;11;21;0,995
51;12;21;1
52;12;21;0
53;12;21;0
54;12;21;0,02
55;12;21;0
56;12;21;0,025
57;12;21;1
58;12;21;1
59;12;21;0,14
60;12;21;0,06
61;12;21;1
62;12;21;0,995
63;12;21;1
64;12;21;1
65;12;21;1
66;12;21;0
67;12;21;0
68;12;21;0,12
69;12;21;0
70;12;21;0
71;12;21;0
72;12;21;0
73;12;21;0,035
74;12;21;1
75;12;21;1
76;12;21;0
77;12;21;0
78;12;21;0
79;12;21;0,145
80;12;21;0,01
81;12;21;1
82;12;21;0,005
83;12;21;0,52
84;12;21;1
85;12;21;1
86;12;21;1
87;12;21;0
88;12;21;0,155
89;12;21;1
90;12;21;0
91;12;21;0
92;12;21;0,005
93;12;21;0,03
94;12;21;0,01
95;12;21;0
96;12;21;0
97;12;21;1
98;12;21;1
99;12;21;1
51;13;21;1
52;13;21;0
53;13;21;0,005
54;13;21;0,065
55;13;21;0,005
56;13;21;0,03
57;13;21;1
58;13;21;1
59;13;21;0,38
60;13;21;0,005
61;13;21;1
62;13;21;1
63;13;21;0,79
64;13;21;1
65;13;21;1
66;13;21;0
67;13;21;0
68;13;21;0,015
69;13;21;0
70;13;21;0
71;13;21;0
72;13;21;0
73;13;21;0,115
74;13;21;1
75;13;21;1
76;13;21;0
77;13;21;0
78;13;21;0,005
79;13;21;0,08
80;13;21;0,025
81;13;21;1
82;13;21;0,005
83;13;21;0,22
84;13;21;1
85;13;21;1
86;13;21;0,98
87;13;21;0
88;13;21;0,01
89;13;21;1
90;13;21;0
91;13;21;0
92;13;21;0
93;13;21;0,005
94;13;21;0,03
95;13;21;0,01
96;13;21;0,03
97;13;21;1
98;13;21;1
99;13;21;1
51;14;21;1
52;14;21;0
53;14;21;0,005
54;14;21;0,055
55;14;21;0
56;14;21;0,025
57;14;21;1
58;14;21;1
59;14;21;1
60;14;21;0,285
61;14;21;1
62;14;21;0,445
63;14;21;1
64;14;21;1
65;14;21;1
66;14;21;0
67;14;21;0
68;14;21;0,03
69;14;21;0
70;14;21;0
71;14;21;0
72;14;21;0
73;14;21;0,02
74;14;21;1
75;14;21;1
76;14;21;0
77;14;21;0
78;14;21;0,005
79;14;21;0,155
80;14;21;0,01
81;14;21;1
82;14;21;0,025
83;14;21;0,7
84;14;21;1
85;14;21;1
86;14;21;1
87;14;21;0
88;14;21;0,05
89;14;21;1
90;14;21;0
91;14;21;0
92;14;21;0
93;14;21;0
94;14;21;0,01
95;14;21;0
96;14;21;0,005
97;14;21;1
98;14;21;1
99;14;21;1
51;15;21;1
52;15;21;0
53;15;21;0
54;15;21;0,005
55;15;21;0
56;15;21;0,015
57;15;21;1
58;15;21;1
59;15;21;0,255
60;15;21;0,015
61;15;21;1
62;15;21;0,165
63;15;21;1
64;15;21;1
65;15;21;1
66;15;21;0
67;15;21;0
68;15;21;0,01
69;15;21;0
70;15;21;0
71;15;21;0
72;15;21;0
73;15;21;0,08
74;15;21;1
75;15;21;1
76;15;21;0
77;15;21;0
78;15;21;0,005
79;15;21;0,035
80;15;21;0,01
81;15;21;1
82;15;21;0
83;15;21;0,22
84;15;21;1
85;15;21;0,365
86;15;21;1
87;15;21;0
88;15;21;0,01
89;15;21;1
90;15;21;0
91;15;21;0
92;15;21;0
93;15;21;0,015
94;15;21;0,025
95;15;21;0,015
96;15;21;0,475
97;15;21;1
98;15;21;1
99;15;21;0,965
51;16;21;1
52;16;21;0
53;16;21;0
54;16;21;0,015
55;16;21;0
56;16;21;0,015
57;16;21;1
58;16;21;1
59;16;21;0,915
60;16;21;0,005
61;16;21;1
62;16;21;0,025
63;16;21;0,985
64;16;21;1
65;16;21;1
66;16;21;0
67;16;21;0
68;16;21;0,02
69;16;21;0
70;16;21;0
71;16;21;0
72;16;21;0
73;16;21;0,025
74;16;21;1
75;16;21;1
76;16;21;0
77;16;21;0
78;16;21;0,005
79;16;21;0,055
80;16;21;0,015
81;16;21;1
82;16;21;0
83;16;21;0,03
84;16;21;1
85;16;21;1
86;16;21;0,985
87;16;21;0
88;16;21;0,01
89;16;21;1
90;16;21;0
91;16;21;0
92;16;21;0
93;16;21;0
94;16;21;0,025
95;16;21;0
96;16;21;0,19
97;16;21;1
98;16;21;1
99;16;21;0,995
51;17;21;1
52;17;21;0
53;17;21;0
54;17;21;0,045
55;17;21;0
56;17;21;0,01
57;17;21;1
58;17;21;1
59;17;21;0,135
60;17;21;0
61;17;21;1
62;17;21;0,475
63;17;21;1
64;17;21;1
65;17;21;1
66;17;21;0
67;17;21;0
68;17;21;0,015
69;17;21;0
70;17;21;0
71;17;21;0
72;17;21;0
73;17;21;0,03
74;17;21;1
75;17;21;1
76;17;21;0
77;17;21;0
78;17;21;0
79;17;21;0,045
80;17;21;0,025
81;17;21;0,91
82;17;21;0
83;17;21;0,12
84;17;21;1
85;17;21;0,43
86;17;21;1
87;17;21;0
88;17;21;0,025
89;17;21;1
90;17;21;0
91;17;21;0
92;17;21;0
93;17;21;0
94;17;21;0,01
95;17;21;0,005
96;17;21;0,025
97;17;21;1
98;17;21;1
99;17;21;0,99
51;2;21;1
52;2;21;1
53;2;21;1
54;2;21;0,845
55;2;21;1
56;2;21;1
57;2;21;1
58;2;21;1
59;2;21;0,94
60;2;21;1
61;2;21;1
62;2;21;1
63;2;21;1
64;2;21;1
65;2;21;1
66;2;21;0,38
67;2;21;1
68;2;21;1
69;2;21;1
70;2;21;1
71;2;21;0,395
72;2;21;0,51
73;2;21;1
74;2;21;1
75;2;21;1
76;2;21;0,49
77;2;21;0,245
78;2;21;1
79;2;21;1
80;2;21;1
81;2;21;1
82;2;21;1
83;2;21;1
84;2;21;1
85;2;21;1
86;2;21;1
87;2;21;0,04
88;2;21;1
89;2;21;1
90;2;21;0,785
91;2;21;0,985
92;2;21;0,995
93;2;21;1
94;2;21;0,16
95;2;21;0,915
96;2;21;1
97;2;21;1
98;2;21;1
99;2;21;1
51;3;21;1
52;3;21;1
53;3;21;1
54;3;21;0,685
55;3;21;1
56;3;21;1
57;3;21;1
58;3;21;1
59;3;21;0,125
60;3;21;1
61;3;21;1
62;3;21;1
63;3;21;1
64;3;21;1
65;3;21;1
66;3;21;0,1
67;3;21;1
68;3;21;1
69;3;21;0,065
70;3;21;1
71;3;21;0,1
72;3;21;0,895
73;3;21;1
74;3;21;1
75;3;21;1
76;3;21;0,775
77;3;21;0,605
78;3;21;1
79;3;21;1
80;3;21;1
81;3;21;1
82;3;21;1
83;3;21;1
84;3;21;1
85;3;21;1
86;3;21;1
87;3;21;0,18
88;3;21;1
89;3;21;1
90;3;21;0,955
91;3;21;0,905
92;3;21;1
93;3;21;1
94;3;21;0,19
95;3;21;0,71
96;3;21;1
97;3;21;1
98;3;21;1
99;3;21;1
51;4;21;1
52;4;21;1
53;4;21;0,965
54;4;21;0,965
55;4;21;1
56;4;21;0,995
57;4;21;1
58;4;21;1
59;4;21;0,97
60;4;21;0,995
61;4;21;1
62;4;21;1
63;4;21;1
64;4;21;1
65;4;21;1
66;4;21;0,57
67;4;21;1
68;4;21;0,86
69;4;21;0,065
70;4;21;0,855
71;4;21;0,275
72;4;21;0,02
73;4;21;1
74;4;21;1
75;4;21;1
76;4;21;0,01
77;4;21;0,285
78;4;21;1
79;4;21;1
80;4;21;1
81;4;21;1
82;4;21;0,995
83;4;21;1
84;4;21;1
85;4;21;1
86;4;21;1
87;4;21;0,01
88;4;21;1
89;4;21;1
90;4;21;0,035
91;4;21;1
92;4;21;1
93;4;21;1
94;4;21;0,545
95;4;21;0,37
96;4;21;1
97;4;21;1
98;4;21;1
99;4;21;1
51;5;21;1
52;5;21;0,61
53;5;21;0,985
54;5;21;0,64
55;5;21;1
56;5;21;0,94
57;5;21;1
58;5;21;1
59;5;21;0,625
60;5;21;0,895
61;5;21;1
62;5;21;1
63;5;21;1
64;5;21;1
65;5;21;1
66;5;21;0,03
67;5;21;1
68;5;21;0,505
69;5;21;0
70;5;21;0,2
71;5;21;0,86
72;5;21;0,41
73;5;21;1
74;5;21;1
75;5;21;1
76;5;21;0,21
77;5;21;0,95
78;5;21;0,995
79;5;21;1
80;5;21;1
81;5;21;1
82;5;21;0,995
83;5;21;1
84;5;21;1
85;5;21;1
86;5;21;1
87;5;21;0,08
88;5;21;1
89;5;21;1
90;5;21;0,075
91;5;21;0,785
92;5;21;0,95
93;5;21;1
94;5;21;0,44
95;5;21;0,31
96;5;21;1
97;5;21;1
98;5;21;1
99;5;21;1
51;6;21;1
52;6;21;0,075
53;6;21;0,26
54;6;21;0,465
55;6;21;0,76
56;6;21;0,995
57;6;21;1
58;6;21;1
59;6;21;0,455
60;6;21;1
61;6;21;1
62;6;21;1
63;6;21;1
64;6;21;1
65;6;21;1
66;6;21;0,01
67;6;21;0,085
68;6;21;0,985
69;6;21;0
70;6;21;0
71;6;21;0
72;6;21;0
73;6;21;1
74;6;21;1
75;6;21;1
76;6;21;0
77;6;21;0,345
78;6;21;0,92
79;6;21;0,975
80;6;21;0,995
81;6;21;1
82;6;21;0,125
83;6;21;1
84;6;21;1
85;6;21;1
86;6;21;1
87;6;21;0
88;6;21;0,345
89;6;21;1
90;6;21;0
91;6;21;0,065
92;6;21;0,87
93;6;21;0,93
94;6;21;0,075
95;6;21;0,99
96;6;21;0,74
97;6;21;1
98;6;21;1
99;6;21;1
51;7;21;1
52;7;21;0,045
53;7;21;0,795
54;7;21;0,175
55;7;21;0,555
56;7;21;0,785
57;7;21;1
58;7;21;1
59;7;21;0,08
60;7;21;0,67
61;7;21;1
62;7;21;1
63;7;21;1
64;7;21;1
65;7;21;1
66;7;21;0
67;7;21;0,645
68;7;21;0,99
69;7;21;0
70;7;21;0
71;7;21;0
72;7;21;0
73;7;21;1
74;7;21;1
75;7;21;1
76;7;21;0
77;7;21;0,02
78;7;21;0,975
79;7;21;0,99
80;7;21;0,145
81;7;21;1
82;7;21;0,315
83;7;21;1
84;7;21;1
85;7;21;1
86;7;21;1
87;7;21;0
88;7;21;0,705
89;7;21;1
90;7;21;0
91;7;21;0
92;7;21;0,81
93;7;21;0,97
94;7;21;0,065
95;7;21;0,025
96;7;21;1
97;7;21;1
98;7;21;1
99;7;21;1
51;8;21;1
52;8;21;0
53;8;21;0,025
54;8;21;0,625
55;8;21;0,07
56;8;21;0,675
57;8;21;1
58;8;21;1
59;8;21;0,59
60;8;21;0,955
61;8;21;1
62;8;21;1
63;8;21;0,995
64;8;21;1
65;8;21;1
66;8;21;0
67;8;21;0,075
68;8;21;1
69;8;21;0
70;8;21;0
71;8;21;0
72;8;21;0
73;8;21;0,95
74;8;21;1
75;8;21;1
76;8;21;0,075
77;8;21;0,425
78;8;21;0,805
79;8;21;0,74
80;8;21;0,04
81;8;21;1
82;8;21;0,025
83;8;21;1
84;8;21;1
85;8;21;1
86;8;21;1
87;8;21;0
88;8;21;0,66
89;8;21;1
90;8;21;0
91;8;21;0
92;8;21;0,03
93;8;21;1
94;8;21;0,115
95;8;21;0,025
96;8;21;0,99
97;8;21;1
98;8;21;1
99;8;21;1
51;9;21;1
52;9;21;0
53;9;21;0,035
54;9;21;0,92
55;9;21;0,015
56;9;21;0,14
57;9;21;1
58;9;21;1
59;9;21;0,725
60;9;21;0,275
61;9;21;1
62;9;21;1
63;9;21;1
64;9;21;1
65;9;21;1
66;9;21;0
67;9;21;0,06
68;9;21;0,02
69;9;21;0
70;9;21;0
71;9;21;0
72;9;21;0
73;9;21;0,02
74;9;21;1
75;9;21;1
76;9;21;0
77;9;21;0
78;9;21;0,275
79;9;21;1
80;9;21;0,04
81;9;21;1
82;9;21;0,06
83;9;21;1
84;9;21;1
85;9;21;1
86;9;21;1
87;9;21;0
88;9;21;0,015
89;9;21;1
90;9;21;0
91;9;21;0,01
92;9;21;0,805
93;9;21;0,83
94;9;21;0,395
95;9;21;0,015
96;9;21;0,05
97;9;21;1
98;9;21;1
99;9;21;1
51;1;22;1
52;1;22;0,225
53;1;22;1
54;1;22;1
55;1;22;1
56;1;22;1
57;1;22;1
58;1;22;1
59;1;22;0,935
60;1;22;1
61;1;22;1
62;1;22;1
63;1;22;1
64;1;22;0,925
65;1;22;1
66;1;22;0,025
67;1;22;0,09
68;1;22;1
69;1;22;1
70;1;22;1
71;1;22;0,04
72;1;22;1
73;1;22;1
74;1;22;0,755
75;1;22;1
76;1;22;0,915
77;1;22;1
78;1;22;1
79;1;22;1
80;1;22;1
81;1;22;1
82;1;22;1
83;1;22;1
84;1;22;0,98
85;1;22;1
86;1;22;1
87;1;22;1
88;1;22;1
89;1;22;0,215
90;1;22;1
91;1;22;1
92;1;22;1
93;1;22;1
94;1;22;0,155
95;1;22;0,45
96;1;22;0,185
97;1;22;1
98;1;22;1
99;1;22;1
51;10;22;1
52;10;22;0,005
53;10;22;0
54;10;22;0,015
55;10;22;1
56;10;22;0,525
57;10;22;0,005
58;10;22;0,995
59;10;22;0,61
60;10;22;0,025
61;10;22;0,14
62;10;22;0,77
63;10;22;1
64;10;22;0,075
65;10;22;0,045
66;10;22;0
67;10;22;0,025
68;10;22;0,78
69;10;22;1
70;10;22;1
71;10;22;0
72;10;22;0
73;10;22;0
74;10;22;0,01
75;10;22;1
76;10;22;0
77;10;22;0
78;10;22;0,025
79;10;22;0,075
80;10;22;0
81;10;22;0
82;10;22;0,04
83;10;22;0,02
84;10;22;0
85;10;22;0,155
86;10;22;1
87;10;22;1
88;10;22;0,07
89;10;22;0,005
90;10;22;1
91;10;22;1
92;10;22;1
93;10;22;0,005
94;10;22;0
95;10;22;0
96;10;22;0,005
97;10;22;0,15
98;10;22;1
99;10;22;1
51;11;22;1
52;11;22;0
53;11;22;0
54;11;22;0
55;11;22;0,94
56;11;22;1
57;11;22;0
58;11;22;0,045
59;11;22;0,435
60;11;22;0
61;11;22;0,165
62;11;22;0,095
63;11;22;1
64;11;22;0,015
65;11;22;0,03
66;11;22;0
67;11;22;0,04
68;11;22;0,825
69;11;22;1
70;11;22;1
71;11;22;0
72;11;22;0
73;11;22;0
74;11;22;0,005
75;11;22;0,95
76;11;22;0
77;11;22;0
78;11;22;0,03
79;11;22;0,015
80;11;22;0
81;11;22;0
82;11;22;0
83;11;22;0,665
84;11;22;0
85;11;22;0,015
86;11;22;1
87;11;22;1
88;11;22;0,315
89;11;22;0,4
90;11;22;1
91;11;22;1
92;11;22;1
93;11;22;0,075
94;11;22;0
95;11;22;0
96;11;22;0,015
97;11;22;0,025
98;11;22;1
99;11;22;1
51;12;22;1
52;12;22;0
53;12;22;0
54;12;22;0
55;12;22;0,94
56;12;22;0,8
57;12;22;0
58;12;22;0,53
59;12;22;0,985
60;12;22;0
61;12;22;0,015
62;12;22;0,045
63;12;22;1
64;12;22;0,005
65;12;22;0,04
66;12;22;0
67;12;22;0,005
68;12;22;0,75
69;12;22;1
70;12;22;1
71;12;22;0
72;12;22;0
73;12;22;0
74;12;22;0,025
75;12;22;0,695
76;12;22;0
77;12;22;0,02
78;12;22;0,04
79;12;22;0,2
80;12;22;0
81;12;22;0
82;12;22;0
83;12;22;0,05
84;12;22;0
85;12;22;0,075
86;12;22;1
87;12;22;1
88;12;22;0
89;12;22;0,04
90;12;22;1
91;12;22;1
92;12;22;1
93;12;22;0,01
94;12;22;0
95;12;22;0
96;12;22;0,01
97;12;22;0,01
98;12;22;1
99;12;22;1
51;13;22;1
52;13;22;0
53;13;22;0
54;13;22;0,01
55;13;22;0,995
56;13;22;0,37
57;13;22;0
58;13;22;0,03
59;13;22;0,835
60;13;22;0
61;13;22;0
62;13;22;0,085
63;13;22;1
64;13;22;0
65;13;22;0,005
66;13;22;0
67;13;22;0,02
68;13;22;0,985
69;13;22;1
70;13;22;1
71;13;22;0
72;13;22;0
73;13;22;0
74;13;22;0,015
75;13;22;0,11
76;13;22;0
77;13;22;0,015
78;13;22;0,065
79;13;22;0,16
80;13;22;0
81;13;22;0
82;13;22;0
83;13;22;0,075
84;13;22;0
85;13;22;0,025
86;13;22;1
87;13;22;1
88;13;22;0
89;13;22;0,025
90;13;22;1
91;13;22;1
92;13;22;1
93;13;22;0,02
94;13;22;0
95;13;22;0
96;13;22;0,025
97;13;22;0,015
98;13;22;0,94
99;13;22;1
51;14;22;1
52;14;22;0
53;14;22;0
54;14;22;0,005
55;14;22;0,38
56;14;22;0,745
57;14;22;0
58;14;22;0
59;14;22;0,01
60;14;22;0
61;14;22;0,01
62;14;22;0,125
63;14;22;1
64;14;22;0,005
65;14;22;0,02
66;14;22;0
67;14;22;0,01
68;14;22;0,345
69;14;22;1
70;14;22;1
71;14;22;0
72;14;22;0
73;14;22;0
74;14;22;0,01
75;14;22;0,72
76;14;22;0
77;14;22;0
78;14;22;0,03
79;14;22;0,025
80;14;22;0
81;14;22;0
82;14;22;0
83;14;22;0,015
84;14;22;0
85;14;22;0,015
86;14;22;1
87;14;22;1
88;14;22;0
89;14;22;0,035
90;14;22;1
91;14;22;1
92;14;22;1
93;14;22;0,085
94;14;22;0
95;14;22;0
96;14;22;0
97;14;22;0,035
98;14;22;0,15
99;14;22;1
51;15;22;1
52;15;22;0
53;15;22;0
54;15;22;0,01
55;15;22;0,07
56;15;22;0
57;15;22;0
58;15;22;0
59;15;22;0,045
60;15;22;0
61;15;22;0,01
62;15;22;0,435
63;15;22;1
64;15;22;0,005
65;15;22;0,015
66;15;22;0
67;15;22;0
68;15;22;0,725
69;15;22;0,995
70;15;22;1
71;15;22;0
72;15;22;0
73;15;22;0
74;15;22;0
75;15;22;0,07
76;15;22;0
77;15;22;0
78;15;22;0,01
79;15;22;0,04
80;15;22;0
81;15;22;0
82;15;22;0
83;15;22;0,055
84;15;22;0
85;15;22;0
86;15;22;1
87;15;22;1
88;15;22;0
89;15;22;0,03
90;15;22;1
91;15;22;1
92;15;22;1
93;15;22;0,005
94;15;22;0
95;15;22;0
96;15;22;0,015
97;15;22;0,02
98;15;22;0,66
99;15;22;1
51;16;22;1
52;16;22;0
53;16;22;0
54;16;22;0
55;16;22;0,115
56;16;22;0,275
57;16;22;0
58;16;22;0
59;16;22;0,015
60;16;22;0
61;16;22;0
62;16;22;0,015
63;16;22;1
64;16;22;0
65;16;22;0,01
66;16;22;0
67;16;22;0,005
68;16;22;0,04
69;16;22;1
70;16;22;1
71;16;22;0
72;16;22;0
73;16;22;0
74;16;22;0,01
75;16;22;0,05
76;16;22;0
77;16;22;0
78;16;22;0,035
79;16;22;0,045
80;16;22;0
81;16;22;0
82;16;22;0
83;16;22;0
84;16;22;0
85;16;22;0,015
86;16;22;0,95
87;16;22;1
88;16;22;0
89;16;22;0,005
90;16;22;1
91;16;22;1
92;16;22;1
93;16;22;0,07
94;16;22;0
95;16;22;0
96;16;22;0,025
97;16;22;0,075
98;16;22;0,83
99;16;22;1
51;17;22;1
52;17;22;0
53;17;22;0
54;17;22;0
55;17;22;0
56;17;22;0,06
57;17;22;0
58;17;22;0,765
59;17;22;0,815
60;17;22;0
61;17;22;0
62;17;22;0,01
63;17;22;1
64;17;22;0
65;17;22;0,005
66;17;22;0
67;17;22;0
68;17;22;0,01
69;17;22;1
70;17;22;1
71;17;22;0
72;17;22;0
73;17;22;0
74;17;22;0
75;17;22;0,015
76;17;22;0
77;17;22;0
78;17;22;0,015
79;17;22;0,02
80;17;22;0
81;17;22;0
82;17;22;0
83;17;22;0,01
84;17;22;0
85;17;22;0,02
86;17;22;1
87;17;22;1
88;17;22;0
89;17;22;0,015
90;17;22;1
91;17;22;1
92;17;22;0,995
93;17;22;0,015
94;17;22;0
95;17;22;0,005
96;17;22;0,025
97;17;22;0,025
98;17;22;0,025
99;17;22;1
51;2;22;1
52;2;22;0,06
53;2;22;1
54;2;22;1
55;2;22;1
56;2;22;1
57;2;22;1
58;2;22;1
59;2;22;0,925
60;2;22;0,55
61;2;22;1
62;2;22;1
63;2;22;1
64;2;22;0,055
65;2;22;1
66;2;22;0,015
67;2;22;0,315
68;2;22;1
69;2;22;1
70;2;22;1
71;2;22;0,04
72;2;22;0,99
73;2;22;1
74;2;22;0,2
75;2;22;1
76;2;22;1
77;2;22;1
78;2;22;0,89
79;2;22;1
80;2;22;1
81;2;22;1
82;2;22;0,08
83;2;22;1
84;2;22;0,995
85;2;22;1
86;2;22;1
87;2;22;1
88;2;22;1
89;2;22;1
90;2;22;1
91;2;22;1
92;2;22;1
93;2;22;0,84
94;2;22;0,28
95;2;22;0,09
96;2;22;0,29
97;2;22;1
98;2;22;1
99;2;22;1
51;3;22;1
52;3;22;0,12
53;3;22;0,995
54;3;22;0,985
55;3;22;1
56;3;22;0,995
57;3;22;1
58;3;22;1
59;3;22;0,985
60;3;22;0,815
61;3;22;1
62;3;22;0,975
63;3;22;1
64;3;22;0,02
65;3;22;1
66;3;22;0,03
67;3;22;0,055
68;3;22;1
69;3;22;1
70;3;22;1
71;3;22;0,03
72;3;22;0,97
73;3;22;1
74;3;22;0,955
75;3;22;1
76;3;22;0,625
77;3;22;1
78;3;22;0,67
79;3;22;1
80;3;22;0,96
81;3;22;0,99
82;3;22;0,99
83;3;22;1
84;3;22;0,875
85;3;22;1
86;3;22;1
87;3;22;1
88;3;22;1
89;3;22;0,84
90;3;22;1
91;3;22;1
92;3;22;1
93;3;22;0,995
94;3;22;0,295
95;3;22;0,82
96;3;22;0,76
97;3;22;1
98;3;22;1
99;3;22;1
51;4;22;1
52;4;22;0,065
53;4;22;0,75
54;4;22;0,985
55;4;22;1
56;4;22;0,975
57;4;22;1
58;4;22;1
59;4;22;0,515
60;4;22;0,14
61;4;22;1
62;4;22;0,59
63;4;22;1
64;4;22;0,89
65;4;22;0,55
66;4;22;0,01
67;4;22;0,215
68;4;22;1
69;4;22;1
70;4;22;1
71;4;22;0,005
72;4;22;1
73;4;22;1
74;4;22;0,41
75;4;22;1
76;4;22;0,8
77;4;22;0,995
78;4;22;0,72
79;4;22;1
80;4;22;0,99
81;4;22;0,675
82;4;22;0,19
83;4;22;0,975
84;4;22;0,97
85;4;22;0,99
86;4;22;1
87;4;22;1
88;4;22;1
89;4;22;0,065
90;4;22;1
91;4;22;1
92;4;22;1
93;4;22;0,54
94;4;22;0,265
95;4;22;0,195
96;4;22;0,07
97;4;22;1
98;4;22;1
99;4;22;1
51;5;22;1
52;5;22;0,04
53;5;22;0,33
54;5;22;0,165
55;5;22;1
56;5;22;0,95
57;5;22;0,995
58;5;22;1
59;5;22;0,7
60;5;22;0,585
61;5;22;1
62;5;22;0,745
63;5;22;1
64;5;22;0,515
65;5;22;0,825
66;5;22;0,02
67;5;22;0,5
68;5;22;1
69;5;22;1
70;5;22;1
71;5;22;0,405
72;5;22;0,08
73;5;22;1
74;5;22;0,95
75;5;22;1
76;5;22;0,83
77;5;22;1
78;5;22;0,77
79;5;22;1
80;5;22;0,715
81;5;22;0,23
82;5;22;0,63
83;5;22;0,995
84;5;22;0,765
85;5;22;0,995
86;5;22;1
87;5;22;1
88;5;22;1
89;5;22;0,075
90;5;22;1
91;5;22;1
92;5;22;1
93;5;22;0,665
94;5;22;0,125
95;5;22;0,005
96;5;22;0,275
97;5;22;0,93
98;5;22;1
99;5;22;1
51;6;22;1
52;6;22;0,055
53;6;22;0,17
54;6;22;0,36
55;6;22;1
56;6;22;0,955
57;6;22;0,995
58;6;22;1
59;6;22;0,5
60;6;22;0,19
61;6;22;0,965
62;6;22;0,965
63;6;22;1
64;6;22;0,35
65;6;22;0,96
66;6;22;0,05
67;6;22;0,005
68;6;22;1
69;6;22;1
70;6;22;1
71;6;22;0,02
72;6;22;0,255
73;6;22;1
74;6;22;0,655
75;6;22;1
76;6;22;0,31
77;6;22;0,97
78;6;22;0,175
79;6;22;1
80;6;22;0,185
81;6;22;0,76
82;6;22;0,09
83;6;22;0,985
84;6;22;0,58
85;6;22;0,99
86;6;22;1
87;6;22;1
88;6;22;1
89;6;22;0,54
90;6;22;1
91;6;22;1
92;6;22;1
93;6;22;0,495
94;6;22;0,05
95;6;22;0,11
96;6;22;0,135
97;6;22;0,995
98;6;22;1
99;6;22;1
51;7;22;1
52;7;22;0,005
53;7;22;0,015
54;7;22;0,005
55;7;22;1
56;7;22;0,36
57;7;22;0,07
58;7;22;1
59;7;22;0,52
60;7;22;0,08
61;7;22;0,9
62;7;22;0,835
63;7;22;1
64;7;22;0,175
65;7;22;0,9
66;7;22;0
67;7;22;0,095
68;7;22;1
69;7;22;1
70;7;22;1
71;7;22;0
72;7;22;0,08
73;7;22;0,995
74;7;22;0
75;7;22;1
76;7;22;0,105
77;7;22;0,865
78;7;22;0,79
79;7;22;1
80;7;22;0
81;7;22;0,65
82;7;22;0,055
83;7;22;0,325
84;7;22;0,49
85;7;22;0,975
86;7;22;1
87;7;22;1
88;7;22;0,965
89;7;22;0,055
90;7;22;1
91;7;22;1
92;7;22;1
93;7;22;0,05
94;7;22;0,005
95;7;22;0,01
96;7;22;0
97;7;22;0,15
98;7;22;1
99;7;22;1
51;8;22;1
52;8;22;0,045
53;8;22;0
54;8;22;0,68
55;8;22;1
56;8;22;0,305
57;8;22;0,485
58;8;22;1
59;8;22;0,315
60;8;22;0,555
61;8;22;0,335
62;8;22;0,98
63;8;22;1
64;8;22;0,1
65;8;22;0,675
66;8;22;0
67;8;22;0
68;8;22;1
69;8;22;1
70;8;22;1
71;8;22;0
72;8;22;0,33
73;8;22;0,29
74;8;22;0,23
75;8;22;1
76;8;22;0,295
77;8;22;0,745
78;8;22;0,28
79;8;22;1
80;8;22;0
81;8;22;0
82;8;22;0,075
83;8;22;0,955
84;8;22;0,13
85;8;22;0,995
86;8;22;1
87;8;22;1
88;8;22;0,68
89;8;22;0,46
90;8;22;1
91;8;22;1
92;8;22;1
93;8;22;0,01
94;8;22;0
95;8;22;0,005
96;8;22;0,005
97;8;22;0,99
98;8;22;1
99;8;22;1
51;9;22;1
52;9;22;0
53;9;22;0
54;9;22;0,035
55;9;22;1
56;9;22;0,875
57;9;22;0,27
58;9;22;1
59;9;22;0,795
60;9;22;0,045
61;9;22;0,53
62;9;22;0,665
63;9;22;1
64;9;22;0,045
65;9;22;0,855
66;9;22;0
67;9;22;0,02
68;9;22;0,95
69;9;22;1
70;9;22;1
71;9;22;0
72;9;22;0
73;9;22;0
74;9;22;0,115
75;9;22;1
76;9;22;0,005
77;9;22;0,02
78;9;22;0,275
79;9;22;0,87
80;9;22;0
81;9;22;0
82;9;22;0,015
83;9;22;0,02
84;9;22;0,01
85;9;22;0,59
86;9;22;1
87;9;22;1
88;9;22;0,12
89;9;22;0,135
90;9;22;1
91;9;22;1
92;9;22;1
93;9;22;0,08
94;9;22;0
95;9;22;0
96;9;22;0,85
97;9;22;0,12
98;9;22;1
99;9;22;1
51;1;23;1
52;1;23;1
53;1;23;0,92
54;1;23;0,835
55;1;23;1
56;1;23;0,825
57;1;23;1
58;1;23;1
59;1;23;1
60;1;23;1
61;1;23;0,995
62;1;23;1
63;1;23;0,905
64;1;23;0,655
65;1;23;0,68
66;1;23;0,03
67;1;23;1
68;1;23;0,995
69;1;23;1
70;1;23;1
71;1;23;1
72;1;23;0,08
73;1;23;1
74;1;23;0,995
75;1;23;1
76;1;23;1
77;1;23;1
78;1;23;0,615
79;1;23;1
80;1;23;0,26
81;1;23;1
82;1;23;1
83;1;23;1
84;1;23;1
85;1;23;1
86;1;23;1
87;1;23;1
88;1;23;0,66
89;1;23;1
90;1;23;1
91;1;23;1
92;1;23;0,27
93;1;23;1
94;1;23;1
95;1;23;1
96;1;23;0,93
97;1;23;0,005
98;1;23;1
99;1;23;1
51;10;23;1
52;10;23;0
53;10;23;0
54;10;23;0
55;10;23;0
56;10;23;0,005
57;10;23;1
58;10;23;1
59;10;23;1
60;10;23;0,115
61;10;23;0,135
62;10;23;0,96
63;10;23;0
64;10;23;0
65;10;23;0
66;10;23;0
67;10;23;0,045
68;10;23;0
69;10;23;0,035
70;10;23;0,875
71;10;23;1
72;10;23;0
73;10;23;0,005
74;10;23;0,02
75;10;23;1
76;10;23;1
77;10;23;0,77
78;10;23;0
79;10;23;0
80;10;23;0
81;10;23;0,005
82;10;23;1
83;10;23;0
84;10;23;0
85;10;23;0,015
86;10;23;1
87;10;23;0,005
88;10;23;0
89;10;23;0,155
90;10;23;1
91;10;23;0,455
92;10;23;0
93;10;23;0,01
94;10;23;0,165
95;10;23;0,22
96;10;23;0,93
97;10;23;0,79
98;10;23;0,825
99;10;23;1
51;11;23;1
52;11;23;0
53;11;23;0
54;11;23;0
55;11;23;0,005
56;11;23;0,015
57;11;23;1
58;11;23;1
59;11;23;0,345
60;11;23;0
61;11;23;0,065
62;11;23;1
63;11;23;0
64;11;23;0
65;11;23;0
66;11;23;0,005
67;11;23;0,08
68;11;23;0
69;11;23;0,02
70;11;23;0,99
71;11;23;1
72;11;23;0
73;11;23;0
74;11;23;0,005
75;11;23;1
76;11;23;0,315
77;11;23;0,365
78;11;23;0
79;11;23;0
80;11;23;0,005
81;11;23;0,025
82;11;23;1
83;11;23;0
84;11;23;0
85;11;23;0,005
86;11;23;1
87;11;23;0
88;11;23;0
89;11;23;0,885
90;11;23;1
91;11;23;0,5
92;11;23;0,005
93;11;23;0,01
94;11;23;0,01
95;11;23;0,085
96;11;23;0,005
97;11;23;0,08
98;11;23;0,54
99;11;23;1
51;12;23;1
52;12;23;0
53;12;23;0
54;12;23;0
55;12;23;0
56;12;23;0
57;12;23;0,01
58;12;23;0,015
59;12;23;0,02
60;12;23;0
61;12;23;0,01
62;12;23;0,015
63;12;23;0
64;12;23;0
65;12;23;0
66;12;23;0
67;12;23;0,01
68;12;23;0
69;12;23;0
70;12;23;0
71;12;23;0,005
72;12;23;0
73;12;23;0
74;12;23;0
75;12;23;0,01
76;12;23;0,03
77;12;23;0,005
78;12;23;0
79;12;23;0
80;12;23;0
81;12;23;0,01
82;12;23;0,1
83;12;23;0
84;12;23;0
85;12;23;0
86;12;23;0,005
87;12;23;0,01
88;12;23;0
89;12;23;0
90;12;23;0,015
91;12;23;0,015
92;12;23;0
93;12;23;0
94;12;23;0,03
95;12;23;0
96;12;23;0
97;12;23;0
98;12;23;0,025
99;12;23;0,01
51;13;23;1
52;13;23;0
53;13;23;0
54;13;23;0
55;13;23;0
56;13;23;0,005
57;13;23;1
58;13;23;1
59;13;23;0,045
60;13;23;0
61;13;23;0,01
62;13;23;0,785
63;13;23;0
64;13;23;0
65;13;23;0
66;13;23;0
67;13;23;0,025
68;13;23;0
69;13;23;0
70;13;23;0,15
71;13;23;1
72;13;23;0
73;13;23;0
74;13;23;0,025
75;13;23;1
76;13;23;0,985
77;13;23;0,01
78;13;23;0
79;13;23;0
80;13;23;0
81;13;23;0,04
82;13;23;1
83;13;23;0
84;13;23;0
85;13;23;0
86;13;23;1
87;13;23;0,005
88;13;23;0,015
89;13;23;0,03
90;13;23;1
91;13;23;0,51
92;13;23;0
93;13;23;0
94;13;23;0,06
95;13;23;0
96;13;23;0,025
97;13;23;0
98;13;23;0,065
99;13;23;1
51;14;23;1
52;14;23;0
53;14;23;0
54;14;23;0
55;14;23;0
56;14;23;0
57;14;23;0,025
58;14;23;0
59;14;23;0,035
60;14;23;0
61;14;23;0,005
62;14;23;0,015
63;14;23;0
64;14;23;0
65;14;23;0
66;14;23;0
67;14;23;0,015
68;14;23;0
69;14;23;0
70;14;23;0,015
71;14;23;0,015
72;14;23;0
73;14;23;0
74;14;23;0
75;14;23;0,01
76;14;23;0,02
77;14;23;0,02
78;14;23;0
79;14;23;0
80;14;23;0
81;14;23;0
82;14;23;0,01
83;14;23;0
84;14;23;0
85;14;23;0
86;14;23;0
87;14;23;0,015
88;14;23;0
89;14;23;0
90;14;23;0,025
91;14;23;0,015
92;14;23;0
93;14;23;0
94;14;23;0,01
95;14;23;0
96;14;23;0,025
97;14;23;0
98;14;23;0,03
99;14;23;0,02
51;15;23;1
52;15;23;0
53;15;23;0
54;15;23;0
55;15;23;0
56;15;23;0,005
57;15;23;1
58;15;23;1
59;15;23;0,77
60;15;23;0
61;15;23;0,045
62;15;23;0,98
63;15;23;0
64;15;23;0
65;15;23;0
66;15;23;0
67;15;23;0,01
68;15;23;0
69;15;23;0
70;15;23;0,02
71;15;23;1
72;15;23;0
73;15;23;0
74;15;23;0,01
75;15;23;1
76;15;23;0,025
77;15;23;0,015
78;15;23;0
79;15;23;0
80;15;23;0
81;15;23;0
82;15;23;1
83;15;23;0
84;15;23;0
85;15;23;0,005
86;15;23;1
87;15;23;0,02
88;15;23;0
89;15;23;0,03
90;15;23;1
91;15;23;0,12
92;15;23;0
93;15;23;0
94;15;23;0,03
95;15;23;0
96;15;23;0,02
97;15;23;0,005
98;15;23;0,09
99;15;23;1
51;16;23;1
52;16;23;0
53;16;23;0
54;16;23;0
55;16;23;0
56;16;23;0,005
57;16;23;1
58;16;23;1
59;16;23;0,105
60;16;23;0
61;16;23;0,15
62;16;23;0,855
63;16;23;0
64;16;23;0
65;16;23;0
66;16;23;0,005
67;16;23;0,01
68;16;23;0
69;16;23;0,005
70;16;23;0,015
71;16;23;1
72;16;23;0
73;16;23;0
74;16;23;0,005
75;16;23;1
76;16;23;0,285
77;16;23;0,015
78;16;23;0
79;16;23;0
80;16;23;0
81;16;23;0
82;16;23;0,99
83;16;23;0
84;16;23;0
85;16;23;0,035
86;16;23;0,95
87;16;23;0,01
88;16;23;0
89;16;23;0,015
90;16;23;1
91;16;23;0,31
92;16;23;0
93;16;23;0
94;16;23;0,01
95;16;23;0
96;16;23;0,04
97;16;23;0
98;16;23;0,085
99;16;23;1
51;17;23;1
52;17;23;0
53;17;23;0
54;17;23;0
55;17;23;0
56;17;23;0,005
57;17;23;1
58;17;23;1
59;17;23;0,275
60;17;23;0
61;17;23;0,005
62;17;23;0,035
63;17;23;0
64;17;23;0
65;17;23;0
66;17;23;0
67;17;23;0,01
68;17;23;0
69;17;23;0
70;17;23;0,045
71;17;23;1
72;17;23;0
73;17;23;0
74;17;23;0
75;17;23;1
76;17;23;0,025
77;17;23;0,005
78;17;23;0
79;17;23;0
80;17;23;0
81;17;23;0
82;17;23;0,965
83;17;23;0
84;17;23;0
85;17;23;0,02
86;17;23;1
87;17;23;0,075
88;17;23;0
89;17;23;0
90;17;23;1
91;17;23;0,155
92;17;23;0
93;17;23;0
94;17;23;0,03
95;17;23;0
96;17;23;0,01
97;17;23;0
98;17;23;0,025
99;17;23;1
51;2;23;1
52;2;23;1
53;2;23;0,575
54;2;23;0,335
55;2;23;1
56;2;23;0,44
57;2;23;1
58;2;23;1
59;2;23;1
60;2;23;1
61;2;23;0,955
62;2;23;1
63;2;23;1
64;2;23;0,4
65;2;23;1
66;2;23;0,97
67;2;23;0,995
68;2;23;1
69;2;23;1
70;2;23;1
71;2;23;1
72;2;23;0,07
73;2;23;1
74;2;23;0,49
75;2;23;1
76;2;23;1
77;2;23;1
78;2;23;0,29
79;2;23;1
80;2;23;0,555
81;2;23;1
82;2;23;1
83;2;23;1
84;2;23;0,865
85;2;23;1
86;2;23;1
87;2;23;1
88;2;23;0,86
89;2;23;1
90;2;23;1
91;2;23;0,815
92;2;23;1
93;2;23;1
94;2;23;1
95;2;23;1
96;2;23;0,865
97;2;23;0,75
98;2;23;1
99;2;23;1
51;3;23;1
52;3;23;1
53;3;23;0,4
54;3;23;0,58
55;3;23;0,99
56;3;23;0,355
57;3;23;1
58;3;23;1
59;3;23;1
60;3;23;1
61;3;23;0,99
62;3;23;1
63;3;23;0,925
64;3;23;0,845
65;3;23;0,87
66;3;23;0,86
67;3;23;1
68;3;23;0,78
69;3;23;1
70;3;23;1
71;3;23;1
72;3;23;0,045
73;3;23;1
74;3;23;0,235
75;3;23;1
76;3;23;1
77;3;23;1
78;3;23;0,62
79;3;23;1
80;3;23;0,525
81;3;23;1
82;3;23;1
83;3;23;0,835
84;3;23;0,51
85;3;23;0,285
86;3;23;1
87;3;23;0,19
88;3;23;0,03
89;3;23;1
90;3;23;1
91;3;23;1
92;3;23;0,76
93;3;23;1
94;3;23;1
95;3;23;1
96;3;23;0,975
97;3;23;0,685
98;3;23;1
99;3;23;1
51;4;23;1
52;4;23;0,78
53;4;23;0,07
54;4;23;0,185
55;4;23;0,995
56;4;23;0,215
57;4;23;1
58;4;23;1
59;4;23;1
60;4;23;1
61;4;23;1
62;4;23;1
63;4;23;0,2
64;4;23;0,475
65;4;23;0,99
66;4;23;0,025
67;4;23;1
68;4;23;0,015
69;4;23;1
70;4;23;1
71;4;23;1
72;4;23;0
73;4;23;1
74;4;23;0,94
75;4;23;1
76;4;23;1
77;4;23;0,98
78;4;23;0
79;4;23;0,57
80;4;23;0,01
81;4;23;1
82;4;23;1
83;4;23;0,075
84;4;23;0,055
85;4;23;0,22
86;4;23;1
87;4;23;0,99
88;4;23;0,16
89;4;23;1
90;4;23;1
91;4;23;0,835
92;4;23;0,125
93;4;23;1
94;4;23;0,99
95;4;23;1
96;4;23;0,285
97;4;23;0,12
98;4;23;1
99;4;23;1
51;5;23;1
52;5;23;0,48
53;5;23;0,09
54;5;23;0,7
55;5;23;0,48
56;5;23;0,645
57;5;23;1
58;5;23;1
59;5;23;1
60;5;23;1
61;5;23;0,33
62;5;23;1
63;5;23;0,815
64;5;23;0,005
65;5;23;0,005
66;5;23;0,05
67;5;23;0,985
68;5;23;0,94
69;5;23;0,805
70;5;23;1
71;5;23;1
72;5;23;0,04
73;5;23;0,17
74;5;23;0,06
75;5;23;1
76;5;23;1
77;5;23;1
78;5;23;0,01
79;5;23;0,54
80;5;23;0,785
81;5;23;0,985
82;5;23;1
83;5;23;0,11
84;5;23;0,02
85;5;23;0,68
86;5;23;1
87;5;23;0,75
88;5;23;0,005
89;5;23;1
90;5;23;1
91;5;23;0,68
92;5;23;0
93;5;23;1
94;5;23;1
95;5;23;1
96;5;23;0,255
97;5;23;0,11
98;5;23;1
99;5;23;1
51;6;23;1
52;6;23;0,485
53;6;23;0,255
54;6;23;0,675
55;6;23;0,525
56;6;23;0,885
57;6;23;1
58;6;23;1
59;6;23;1
60;6;23;0,995
61;6;23;0,115
62;6;23;1
63;6;23;0,29
64;6;23;0,015
65;6;23;0,165
66;6;23;0,44
67;6;23;0,79
68;6;23;0
69;6;23;0,81
70;6;23;1
71;6;23;1
72;6;23;0
73;6;23;0,745
74;6;23;0,91
75;6;23;1
76;6;23;1
77;6;23;0,99
78;6;23;0,005
79;6;23;0,01
80;6;23;0,005
81;6;23;0,59
82;6;23;1
83;6;23;0,015
84;6;23;0,085
85;6;23;0,7
86;6;23;1
87;6;23;0,63
88;6;23;0,01
89;6;23;1
90;6;23;1
91;6;23;1
92;6;23;0,045
93;6;23;1
94;6;23;0,975
95;6;23;0,875
96;6;23;0,215
97;6;23;0,22
98;6;23;1
99;6;23;1
51;7;23;1
52;7;23;0,01
53;7;23;0,01
54;7;23;0,015
55;7;23;0,085
56;7;23;0,07
57;7;23;1
58;7;23;1
59;7;23;1
60;7;23;0,96
61;7;23;0,225
62;7;23;1
63;7;23;0,06
64;7;23;0,005
65;7;23;0,02
66;7;23;0,53
67;7;23;0,65
68;7;23;0
69;7;23;0,035
70;7;23;1
71;7;23;1
72;7;23;0
73;7;23;0,49
74;7;23;0,225
75;7;23;1
76;7;23;1
77;7;23;0,03
78;7;23;0
79;7;23;0,025
80;7;23;0
81;7;23;0,045
82;7;23;1
83;7;23;0
84;7;23;0
85;7;23;0,025
86;7;23;1
87;7;23;0
88;7;23;0
89;7;23;0,895
90;7;23;1
91;7;23;0,98
92;7;23;0,125
93;7;23;0,975
94;7;23;0,95
95;7;23;0,99
96;7;23;0,565
97;7;23;0,19
98;7;23;0,795
99;7;23;1
51;8;23;1
52;8;23;0
53;8;23;0
54;8;23;0
55;8;23;0,005
56;8;23;0,005
57;8;23;1
58;8;23;1
59;8;23;1
60;8;23;0,25
61;8;23;0,055
62;8;23;1
63;8;23;0
64;8;23;0
65;8;23;0
66;8;23;0,01
67;8;23;0,73
68;8;23;0
69;8;23;0,045
70;8;23;1
71;8;23;1
72;8;23;0
73;8;23;0,16
74;8;23;0,15
75;8;23;1
76;8;23;1
77;8;23;0,955
78;8;23;0
79;8;23;0,015
80;8;23;0,32
81;8;23;0,765
82;8;23;1
83;8;23;0
84;8;23;0
85;8;23;0,655
86;8;23;1
87;8;23;0,07
88;8;23;0,01
89;8;23;0,99
90;8;23;1
91;8;23;0,45
92;8;23;0
93;8;23;0,1
94;8;23;0,475
95;8;23;0,92
96;8;23;0,595
97;8;23;0,435
98;8;23;1
99;8;23;1
51;9;23;1
52;9;23;0
53;9;23;0
54;9;23;0
55;9;23;0
56;9;23;0,055
57;9;23;1
58;9;23;1
59;9;23;1
60;9;23;0,76
61;9;23;0,995
62;9;23;1
63;9;23;0
64;9;23;0
65;9;23;0
66;9;23;0
67;9;23;0
68;9;23;0
69;9;23;0,8
70;9;23;0,565
71;9;23;1
72;9;23;0
73;9;23;0
74;9;23;0,035
75;9;23;1
76;9;23;1
77;9;23;0,115
78;9;23;0
79;9;23;0,005
80;9;23;0,43
81;9;23;0,105
82;9;23;1
83;9;23;0
84;9;23;0,005
85;9;23;0,01
86;9;23;1
87;9;23;0,4
88;9;23;0,005
89;9;23;0,99
90;9;23;1
91;9;23;0,18
92;9;23;0
93;9;23;0,025
94;9;23;0,855
95;9;23;0,065
96;9;23;0
97;9;23;0,025
98;9;23;0,775
99;9;23;1
51;1;24;1
52;1;24;0,23
53;1;24;0,995
54;1;24;0,135
55;1;24;0,98
56;1;24;1
57;1;24;1
58;1;24;0,52
59;1;24;1
60;1;24;1
61;1;24;0,97
62;1;24;1
63;1;24;1
64;1;24;0,645
65;1;24;1
66;1;24;1
67;1;24;0,685
68;1;24;1
69;1;24;0,16
70;1;24;0,395
71;1;24;1
72;1;24;1
73;1;24;1
74;1;24;0,705
75;1;24;0,84
76;1;24;0,84
77;1;24;1
78;1;24;1
79;1;24;1
80;1;24;0,935
81;1;24;1
82;1;24;1
83;1;24;1
84;1;24;1
85;1;24;0,94
86;1;24;1
87;1;24;1
88;1;24;1
89;1;24;1
90;1;24;1
91;1;24;1
92;1;24;1
93;1;24;0,715
94;1;24;1
95;1;24;0,92
96;1;24;1
97;1;24;0,96
98;1;24;0,97
99;1;24;1
51;10;24;1
52;10;24;0
53;10;24;0
54;10;24;0
55;10;24;0
56;10;24;1
57;10;24;1
58;10;24;0
59;10;24;0,095
60;10;24;0
61;10;24;0
62;10;24;0,07
63;10;24;1
64;10;24;0
65;10;24;0
66;10;24;0,15
67;10;24;0,27
68;10;24;0
69;10;24;0,015
70;10;24;0
71;10;24;0,01
72;10;24;0,515
73;10;24;0,995
74;10;24;0
75;10;24;0
76;10;24;0
77;10;24;0,545
78;10;24;1
79;10;24;0
80;10;24;0,06
81;10;24;1
82;10;24;0,065
83;10;24;0,135
84;10;24;0,235
85;10;24;0,07
86;10;24;0,995
87;10;24;1
88;10;24;0,24
89;10;24;0,99
90;10;24;0,855
91;10;24;0,145
92;10;24;0,385
93;10;24;0
94;10;24;1
95;10;24;0,005
96;10;24;0
97;10;24;0,02
98;10;24;0
99;10;24;0,04
51;11;24;1
52;11;24;0
53;11;24;0
54;11;24;0
55;11;24;0
56;11;24;0,915
57;11;24;1
58;11;24;0
59;11;24;0,065
60;11;24;0
61;11;24;0
62;11;24;0,04
63;11;24;1
64;11;24;0
65;11;24;0
66;11;24;0
67;11;24;0,015
68;11;24;0
69;11;24;0
70;11;24;0
71;11;24;0
72;11;24;0,04
73;11;24;0,95
74;11;24;0
75;11;24;0
76;11;24;0
77;11;24;0,035
78;11;24;1
79;11;24;0
80;11;24;0,04
81;11;24;1
82;11;24;0,02
83;11;24;0
84;11;24;0,375
85;11;24;0,275
86;11;24;0,87
87;11;24;1
88;11;24;0,045
89;11;24;0,915
90;11;24;0,345
91;11;24;0,985
92;11;24;0,095
93;11;24;0
94;11;24;1
95;11;24;0,015
96;11;24;0
97;11;24;0,085
98;11;24;0
99;11;24;0,01
51;12;24;1
52;12;24;0
53;12;24;0
54;12;24;0
55;12;24;0
56;12;24;0,245
57;12;24;1
58;12;24;0
59;12;24;0,6
60;12;24;0
61;12;24;0
62;12;24;0,045
63;12;24;1
64;12;24;0
65;12;24;0
66;12;24;0,01
67;12;24;0,19
68;12;24;0
69;12;24;0,01
70;12;24;0
71;12;24;0
72;12;24;0,135
73;12;24;0,775
74;12;24;0
75;12;24;0
76;12;24;0
77;12;24;0,02
78;12;24;1
79;12;24;0
80;12;24;0,025
81;12;24;1
82;12;24;0,04
83;12;24;0
84;12;24;0,05
85;12;24;0,495
86;12;24;0,91
87;12;24;1
88;12;24;0,8
89;12;24;0,17
90;12;24;0,53
91;12;24;0,99
92;12;24;0,11
93;12;24;0
94;12;24;1
95;12;24;0
96;12;24;0
97;12;24;0,035
98;12;24;0
99;12;24;0,01
51;13;24;1
52;13;24;0
53;13;24;0
54;13;24;0
55;13;24;0
56;13;24;0,235
57;13;24;1
58;13;24;0
59;13;24;0,43
60;13;24;0
61;13;24;0
62;13;24;0,02
63;13;24;0,99
64;13;24;0
65;13;24;0
66;13;24;0
67;13;24;0,005
68;13;24;0
69;13;24;0,005
70;13;24;0
71;13;24;0
72;13;24;0,185
73;13;24;0,14
74;13;24;0
75;13;24;0
76;13;24;0
77;13;24;0,035
78;13;24;1
79;13;24;0
80;13;24;0,01
81;13;24;1
82;13;24;0,01
83;13;24;0
84;13;24;0
85;13;24;0,005
86;13;24;0,075
87;13;24;1
88;13;24;0,005
89;13;24;0,53
90;13;24;0,07
91;13;24;1
92;13;24;0,145
93;13;24;0
94;13;24;1
95;13;24;0,025
96;13;24;0
97;13;24;0,02
98;13;24;0
99;13;24;0,01
51;14;24;1
52;14;24;0
53;14;24;0
54;14;24;0
55;14;24;0
56;14;24;0,02
57;14;24;1
58;14;24;0
59;14;24;0
60;14;24;0
61;14;24;0
62;14;24;0,065
63;14;24;0,7
64;14;24;0
65;14;24;0
66;14;24;0
67;14;24;0,01
68;14;24;0
69;14;24;0,03
70;14;24;0
71;14;24;0,005
72;14;24;0,065
73;14;24;0,83
74;14;24;0
75;14;24;0
76;14;24;0
77;14;24;0,07
78;14;24;1
79;14;24;0
80;14;24;0
81;14;24;1
82;14;24;0,005
83;14;24;0
84;14;24;0,005
85;14;24;0,085
86;14;24;0,475
87;14;24;0,92
88;14;24;0
89;14;24;0,01
90;14;24;0,055
91;14;24;0,725
92;14;24;0,01
93;14;24;0
94;14;24;1
95;14;24;0
96;14;24;0
97;14;24;0,005
98;14;24;0
99;14;24;0,035
51;15;24;1
52;15;24;0
53;15;24;0
54;15;24;0
55;15;24;0
56;15;24;0,175
57;15;24;1
58;15;24;0
59;15;24;0,06
60;15;24;0
61;15;24;0
62;15;24;0,02
63;15;24;0,98
64;15;24;0
65;15;24;0
66;15;24;0
67;15;24;0,01
68;15;24;0
69;15;24;0,015
70;15;24;0,005
71;15;24;0
72;15;24;0,035
73;15;24;0,27
74;15;24;0
75;15;24;0
76;15;24;0
77;15;24;0,13
78;15;24;0,785
79;15;24;0
80;15;24;0,01
81;15;24;1
82;15;24;0,01
83;15;24;0
84;15;24;0
85;15;24;0,04
86;15;24;0,38
87;15;24;0,94
88;15;24;0
89;15;24;0,005
90;15;24;0,07
91;15;24;0,145
92;15;24;0,005
93;15;24;0
94;15;24;1
95;15;24;0,01
96;15;24;0
97;15;24;0,04
98;15;24;0
99;15;24;0,025
51;16;24;1
52;16;24;0
53;16;24;0
54;16;24;0
55;16;24;0
56;16;24;0,025
57;16;24;1
58;16;24;0
59;16;24;0,015
60;16;24;0
61;16;24;0
62;16;24;0
63;16;24;0,015
64;16;24;0
65;16;24;0
66;16;24;0
67;16;24;0,025
68;16;24;0
69;16;24;0,015
70;16;24;0
71;16;24;0
72;16;24;0,025
73;16;24;0,99
74;16;24;0
75;16;24;0
76;16;24;0
77;16;24;0,025
78;16;24;0,93
79;16;24;0
80;16;24;0,005
81;16;24;1
82;16;24;0,02
83;16;24;0
84;16;24;0
85;16;24;0
86;16;24;0,03
87;16;24;0,545
88;16;24;0
89;16;24;0
90;16;24;0
91;16;24;0,025
92;16;24;0,005
93;16;24;0
94;16;24;1
95;16;24;0,01
96;16;24;0
97;16;24;0,02
98;16;24;0
99;16;24;0,005
51;17;24;1
52;17;24;0
53;17;24;0
54;17;24;0
55;17;24;0
56;17;24;0,04
57;17;24;1
58;17;24;0
59;17;24;0,015
60;17;24;0
61;17;24;0
62;17;24;0
63;17;24;0,055
64;17;24;0
65;17;24;0
66;17;24;0
67;17;24;0,02
68;17;24;0
69;17;24;0,025
70;17;24;0
71;17;24;0
72;17;24;0,025
73;17;24;0,12
74;17;24;0
75;17;24;0
76;17;24;0
77;17;24;0,035
78;17;24;0,985
79;17;24;0
80;17;24;0,005
81;17;24;1
82;17;24;0,015
83;17;24;0
84;17;24;0
85;17;24;0
86;17;24;0,035
87;17;24;0,99
88;17;24;0
89;17;24;0
90;17;24;0,015
91;17;24;0,025
92;17;24;0,03
93;17;24;0,01
94;17;24;1
95;17;24;0,02
96;17;24;0
97;17;24;0,02
98;17;24;0
99;17;24;0,02
51;2;24;1
52;2;24;0,12
53;2;24;0,875
54;2;24;0,225
55;2;24;0,55
56;2;24;1
57;2;24;1
58;2;24;1
59;2;24;1
60;2;24;0,985
61;2;24;1
62;2;24;1
63;2;24;1
64;2;24;0,235
65;2;24;1
66;2;24;1
67;2;24;0,125
68;2;24;1
69;2;24;0,645
70;2;24;0,415
71;2;24;1
72;2;24;1
73;2;24;1
74;2;24;0,425
75;2;24;0,295
76;2;24;0,71
77;2;24;1
78;2;24;1
79;2;24;1
80;2;24;0,92
81;2;24;1
82;2;24;1
83;2;24;1
84;2;24;1
85;2;24;0,815
86;2;24;1
87;2;24;1
88;2;24;1
89;2;24;1
90;2;24;1
91;2;24;1
92;2;24;1
93;2;24;0,015
94;2;24;1
95;2;24;0,27
96;2;24;1
97;2;24;0,675
98;2;24;0,275
99;2;24;1
51;3;24;1
52;3;24;0,395
53;3;24;0,82
54;3;24;0,025
55;3;24;0,43
56;3;24;1
57;3;24;1
58;3;24;0,99
59;3;24;1
60;3;24;0,965
61;3;24;0,67
62;3;24;1
63;3;24;1
64;3;24;0,55
65;3;24;1
66;3;24;1
67;3;24;0,965
68;3;24;1
69;3;24;0,91
70;3;24;0,09
71;3;24;0,98
72;3;24;1
73;3;24;1
74;3;24;0,275
75;3;24;0,21
76;3;24;0,605
77;3;24;1
78;3;24;1
79;3;24;1
80;3;24;1
81;3;24;1
82;3;24;1
83;3;24;1
84;3;24;1
85;3;24;0,99
86;3;24;1
87;3;24;1
88;3;24;1
89;3;24;1
90;3;24;0,965
91;3;24;0,775
92;3;24;1
93;3;24;0,055
94;3;24;1
95;3;24;0,18
96;3;24;0,99
97;3;24;0,655
98;3;24;0,48
99;3;24;1
51;4;24;1
52;4;24;0
53;4;24;0,04
54;4;24;0
55;4;24;0
56;4;24;1
57;4;24;1
58;4;24;0,265
59;4;24;1
60;4;24;0,495
61;4;24;0,905
62;4;24;1
63;4;24;1
64;4;24;0,06
65;4;24;1
66;4;24;0,97
67;4;24;0,2
68;4;24;0,665
69;4;24;0,13
70;4;24;0,04
71;4;24;0,04
72;4;24;1
73;4;24;1
74;4;24;0,01
75;4;24;0,12
76;4;24;0,165
77;4;24;1
78;4;24;1
79;4;24;1
80;4;24;0,81
81;4;24;1
82;4;24;1
83;4;24;0,99
84;4;24;1
85;4;24;0,975
86;4;24;0,99
87;4;24;1
88;4;24;1
89;4;24;1
90;4;24;1
91;4;24;0,675
92;4;24;0,99
93;4;24;0
94;4;24;1
95;4;24;0,04
96;4;24;0,045
97;4;24;0,12
98;4;24;0,03
99;4;24;0,68
51;5;24;1
52;5;24;0
53;5;24;0
54;5;24;0
55;5;24;0,005
56;5;24;1
57;5;24;1
58;5;24;0,015
59;5;24;1
60;5;24;0,98
61;5;24;0,125
62;5;24;0,995
63;5;24;1
64;5;24;0,13
65;5;24;0,99
66;5;24;0,98
67;5;24;0,945
68;5;24;0,295
69;5;24;0,025
70;5;24;0,005
71;5;24;0,47
72;5;24;1
73;5;24;1
74;5;24;0,01
75;5;24;0,045
76;5;24;0,13
77;5;24;1
78;5;24;1
79;5;24;1
80;5;24;0,945
81;5;24;1
82;5;24;1
83;5;24;1
84;5;24;1
85;5;24;0,95
86;5;24;0,77
87;5;24;1
88;5;24;1
89;5;24;0,725
90;5;24;0,99
91;5;24;0,97
92;5;24;0,925
93;5;24;0,03
94;5;24;1
95;5;24;0,11
96;5;24;0,005
97;5;24;0,98
98;5;24;0,02
99;5;24;0,805
51;6;24;1
52;6;24;0
53;6;24;0
54;6;24;0
55;6;24;0,005
56;6;24;1
57;6;24;1
58;6;24;0,32
59;6;24;1
60;6;24;0,305
61;6;24;0,45
62;6;24;1
63;6;24;1
64;6;24;0,095
65;6;24;0,995
66;6;24;0,04
67;6;24;0,18
68;6;24;0
69;6;24;0,03
70;6;24;0,04
71;6;24;0,38
72;6;24;1
73;6;24;1
74;6;24;0
75;6;24;0,115
76;6;24;0,25
77;6;24;1
78;6;24;1
79;6;24;0,995
80;6;24;0,84
81;6;24;1
82;6;24;1
83;6;24;0,96
84;6;24;1
85;6;24;0,6
86;6;24;0,99
87;6;24;1
88;6;24;1
89;6;24;1
90;6;24;0,375
91;6;24;0,54
92;6;24;0,995
93;6;24;0,005
94;6;24;1
95;6;24;0,015
96;6;24;0
97;6;24;0,005
98;6;24;0,04
99;6;24;0,19
51;7;24;1
52;7;24;0
53;7;24;0
54;7;24;0
55;7;24;0
56;7;24;1
57;7;24;1
58;7;24;0,09
59;7;24;1
60;7;24;0,15
61;7;24;0,435
62;7;24;0,89
63;7;24;1
64;7;24;0,17
65;7;24;0,84
66;7;24;0,36
67;7;24;0,35
68;7;24;0,02
69;7;24;0,195
70;7;24;0,005
71;7;24;0,01
72;7;24;1
73;7;24;1
74;7;24;0
75;7;24;0,005
76;7;24;0,03
77;7;24;1
78;7;24;1
79;7;24;0,07
80;7;24;0,02
81;7;24;1
82;7;24;0,785
83;7;24;0,84
84;7;24;1
85;7;24;0,915
86;7;24;0,98
87;7;24;1
88;7;24;1
89;7;24;1
90;7;24;0,06
91;7;24;0,07
92;7;24;1
93;7;24;0
94;7;24;1
95;7;24;0,03
96;7;24;0
97;7;24;0,065
98;7;24;0
99;7;24;0,105
51;8;24;1
52;8;24;0
53;8;24;0
54;8;24;0
55;8;24;0
56;8;24;1
57;8;24;1
58;8;24;0
59;8;24;0,465
60;8;24;0,025
61;8;24;0,025
62;8;24;0,985
63;8;24;1
64;8;24;0,015
65;8;24;0,685
66;8;24;0,57
67;8;24;0,08
68;8;24;0
69;8;24;0,005
70;8;24;0,035
71;8;24;0,05
72;8;24;1
73;8;24;1
74;8;24;0
75;8;24;0,03
76;8;24;0,01
77;8;24;0,95
78;8;24;1
79;8;24;0,945
80;8;24;1
81;8;24;1
82;8;24;0,96
83;8;24;0,1
84;8;24;1
85;8;24;0,735
86;8;24;0,285
87;8;24;1
88;8;24;1
89;8;24;1
90;8;24;0,93
91;8;24;0,68
92;8;24;1
93;8;24;0
94;8;24;1
95;8;24;0,015
96;8;24;0
97;8;24;0,03
98;8;24;0
99;8;24;0,075
51;9;24;1
52;9;24;0
53;9;24;0
54;9;24;0
55;9;24;0
56;9;24;0,99
57;9;24;1
58;9;24;0,02
59;9;24;0,075
60;9;24;0,025
61;9;24;0
62;9;24;0,94
63;9;24;1
64;9;24;0,03
65;9;24;0,065
66;9;24;0,525
67;9;24;0,31
68;9;24;0
69;9;24;0,01
70;9;24;0
71;9;24;0,01
72;9;24;0,09
73;9;24;1
74;9;24;0
75;9;24;0
76;9;24;0
77;9;24;0,95
78;9;24;1
79;9;24;0,005
80;9;24;0,05
81;9;24;1
82;9;24;0,445
83;9;24;0,1
84;9;24;0,965
85;9;24;1
86;9;24;0,24
87;9;24;1
88;9;24;0,905
89;9;24;0,955
90;9;24;1
91;9;24;0,385
92;9;24;0,54
93;9;24;0,02
94;9;24;1
95;9;24;0,405
96;9;24;0
97;9;24;0,025
98;9;24;0
99;9;24;0,015
51;1;25;1
52;1;25;1
53;1;25;0,495
54;1;25;0,43
55;1;25;0,79
56;1;25;1
57;1;25;1
58;1;25;0,94
59;1;25;0,045
60;1;25;1
61;1;25;1
62;1;25;1
63;1;25;0,97
64;1;25;1
65;1;25;0,3
66;1;25;1
67;1;25;1
68;1;25;1
69;1;25;1
70;1;25;1
71;1;25;1
72;1;25;1
73;1;25;0,91
74;1;25;1
75;1;25;1
76;1;25;1
77;1;25;1
78;1;25;1
79;1;25;1
80;1;25;1
81;1;25;1
82;1;25;0,385
83;1;25;1
84;1;25;1
85;1;25;1
86;1;25;1
87;1;25;0,365
88;1;25;1
89;1;25;1
90;1;25;1
91;1;25;1
92;1;25;0,8
93;1;25;1
94;1;25;1
95;1;25;0,485
96;1;25;1
97;1;25;0,335
98;1;25;1
99;1;25;1
51;10;25;1
52;10;25;0,01
53;10;25;0
54;10;25;0
55;10;25;0
56;10;25;0
57;10;25;0
58;10;25;0,12
59;10;25;0
60;10;25;0,025
61;10;25;0,955
62;10;25;1
63;10;25;0,015
64;10;25;0,955
65;10;25;0,045
66;10;25;0,995
67;10;25;0
68;10;25;0,08
69;10;25;0,995
70;10;25;1
71;10;25;1
72;10;25;0
73;10;25;0
74;10;25;0,03
75;10;25;0
76;10;25;0,04
77;10;25;1
78;10;25;1
79;10;25;1
80;10;25;0,095
81;10;25;0,86
82;10;25;0,71
83;10;25;1
84;10;25;0
85;10;25;0,03
86;10;25;0,015
87;10;25;0,05
88;10;25;0,995
89;10;25;0,995
90;10;25;1
91;10;25;0,665
92;10;25;0
93;10;25;0
94;10;25;0,59
95;10;25;0,01
96;10;25;1
97;10;25;0,335
98;10;25;0,29
99;10;25;0,965
51;11;25;1
52;11;25;0,08
53;11;25;0
54;11;25;0
55;11;25;0
56;11;25;0
57;11;25;0
58;11;25;0,01
59;11;25;0
60;11;25;0,01
61;11;25;0,18
62;11;25;0,99
63;11;25;0
64;11;25;0,955
65;11;25;0,02
66;11;25;1
67;11;25;0
68;11;25;0,01
69;11;25;0,435
70;11;25;1
71;11;25;1
72;11;25;0
73;11;25;0
74;11;25;0,005
75;11;25;0
76;11;25;0,04
77;11;25;1
78;11;25;1
79;11;25;1
80;11;25;0,005
81;11;25;0,885
82;11;25;0
83;11;25;1
84;11;25;0
85;11;25;0
86;11;25;0,005
87;11;25;0,035
88;11;25;0,945
89;11;25;0,95
90;11;25;1
91;11;25;0,07
92;11;25;0
93;11;25;0
94;11;25;0,08
95;11;25;0,085
96;11;25;0,985
97;11;25;0,335
98;11;25;0,3
99;11;25;1
51;12;25;1
52;12;25;0,02
53;12;25;0
54;12;25;0
55;12;25;0
56;12;25;0
57;12;25;0,005
58;12;25;0,01
59;12;25;0
60;12;25;0,01
61;12;25;0,19
62;12;25;0,995
63;12;25;0
64;12;25;0,44
65;12;25;0,03
66;12;25;1
67;12;25;0
68;12;25;0,015
69;12;25;0,335
70;12;25;1
71;12;25;1
72;12;25;0
73;12;25;0
74;12;25;0,015
75;12;25;0
76;12;25;0
77;12;25;1
78;12;25;1
79;12;25;1
80;12;25;0
81;12;25;0,275
82;12;25;0
83;12;25;0,745
84;12;25;0
85;12;25;0
86;12;25;0
87;12;25;0
88;12;25;0,305
89;12;25;0,99
90;12;25;1
91;12;25;0,025
92;12;25;0
93;12;25;0
94;12;25;0,225
95;12;25;0,01
96;12;25;0,915
97;12;25;0,615
98;12;25;0,945
99;12;25;0,97
51;13;25;1
52;13;25;0,04
53;13;25;0
54;13;25;0
55;13;25;0
56;13;25;0
57;13;25;0
58;13;25;0,13
59;13;25;0
60;13;25;0,005
61;13;25;0,06
62;13;25;0,955
63;13;25;0
64;13;25;0,03
65;13;25;0,005
66;13;25;0,995
67;13;25;0,005
68;13;25;0,155
69;13;25;0,875
70;13;25;1
71;13;25;1
72;13;25;0
73;13;25;0
74;13;25;0,045
75;13;25;0
76;13;25;0,015
77;13;25;1
78;13;25;1
79;13;25;1
80;13;25;0
81;13;25;0,41
82;13;25;0,025
83;13;25;1
84;13;25;0
85;13;25;0
86;13;25;0,01
87;13;25;0,01
88;13;25;0,995
89;13;25;0,305
90;13;25;1
91;13;25;0,055
92;13;25;0
93;13;25;0
94;13;25;0,19
95;13;25;0,03
96;13;25;0,965
97;13;25;0,295
98;13;25;0,875
99;13;25;0,59
51;14;25;1
52;14;25;0,005
53;14;25;0
54;14;25;0
55;14;25;0
56;14;25;0
57;14;25;0,015
58;14;25;0,01
59;14;25;0,005
60;14;25;0,015
61;14;25;0,89
62;14;25;0,22
63;14;25;0
64;14;25;0,065
65;14;25;0,015
66;14;25;0,75
67;14;25;0
68;14;25;0
69;14;25;0,05
70;14;25;1
71;14;25;1
72;14;25;0
73;14;25;0
74;14;25;0,005
75;14;25;0
76;14;25;0,015
77;14;25;1
78;14;25;1
79;14;25;1
80;14;25;0
81;14;25;0,015
82;14;25;0,005
83;14;25;1
84;14;25;0
85;14;25;0
86;14;25;0
87;14;25;0
88;14;25;0,015
89;14;25;0,46
90;14;25;1
91;14;25;0,01
92;14;25;0
93;14;25;0
94;14;25;0,025
95;14;25;0,005
96;14;25;0,465
97;14;25;0,925
98;14;25;0,485
99;14;25;1
51;15;25;1
52;15;25;0,005
53;15;25;0
54;15;25;0
55;15;25;0
56;15;25;0
57;15;25;0
58;15;25;0,02
59;15;25;0
60;15;25;0
61;15;25;0,04
62;15;25;0,06
63;15;25;0
64;15;25;0,075
65;15;25;0,03
66;15;25;0,375
67;15;25;0
68;15;25;0,005
69;15;25;0,045
70;15;25;1
71;15;25;1
72;15;25;0
73;15;25;0
74;15;25;0,01
75;15;25;0
76;15;25;0,015
77;15;25;1
78;15;25;1
79;15;25;1
80;15;25;0
81;15;25;0,01
82;15;25;0,01
83;15;25;0,635
84;15;25;0
85;15;25;0
86;15;25;0
87;15;25;0
88;15;25;0,035
89;15;25;0,84
90;15;25;1
91;15;25;0,02
92;15;25;0
93;15;25;0
94;15;25;0,02
95;15;25;0,005
96;15;25;0,455
97;15;25;0,03
98;15;25;0,065
99;15;25;0,995
51;16;25;1
52;16;25;0,02
53;16;25;0
54;16;25;0
55;16;25;0
56;16;25;0
57;16;25;0
58;16;25;0,015
59;16;25;0
60;16;25;0
61;16;25;0,015
62;16;25;0,395
63;16;25;0
64;16;25;0,015
65;16;25;0,005
66;16;25;0,625
67;16;25;0
68;16;25;0,01
69;16;25;0,015
70;16;25;1
71;16;25;1
72;16;25;0
73;16;25;0
74;16;25;0,025
75;16;25;0
76;16;25;0,02
77;16;25;1
78;16;25;1
79;16;25;1
80;16;25;0
81;16;25;0,015
82;16;25;0,01
83;16;25;0,775
84;16;25;0
85;16;25;0
86;16;25;0
87;16;25;0
88;16;25;0,005
89;16;25;0,035
90;16;25;1
91;16;25;0,03
92;16;25;0
93;16;25;0
94;16;25;0,085
95;16;25;0
96;16;25;0,01
97;16;25;0,355
98;16;25;0,34
99;16;25;0,975
51;17;25;1
52;17;25;0,01
53;17;25;0
54;17;25;0
55;17;25;0
56;17;25;0
57;17;25;0
58;17;25;0,02
59;17;25;0
60;17;25;0
61;17;25;0,11
62;17;25;0,405
63;17;25;0
64;17;25;0,015
65;17;25;0
66;17;25;0,115
67;17;25;0
68;17;25;0,005
69;17;25;0,225
70;17;25;1
71;17;25;1
72;17;25;0
73;17;25;0
74;17;25;0
75;17;25;0
76;17;25;0,015
77;17;25;1
78;17;25;1
79;17;25;1
80;17;25;0
81;17;25;0,02
82;17;25;0
83;17;25;0,045
84;17;25;0
85;17;25;0
86;17;25;0
87;17;25;0
88;17;25;0,01
89;17;25;0,595
90;17;25;1
91;17;25;0,01
92;17;25;0
93;17;25;0
94;17;25;0,07
95;17;25;0
96;17;25;0
97;17;25;0,005
98;17;25;0,135
99;17;25;0,155
51;2;25;1
52;2;25;1
53;2;25;0,355
54;2;25;0,215
55;2;25;0,02
56;2;25;1
57;2;25;1
58;2;25;0,9
59;2;25;0,615
60;2;25;0,965
61;2;25;1
62;2;25;1
63;2;25;0,01
64;2;25;1
65;2;25;0,055
66;2;25;1
67;2;25;1
68;2;25;1
69;2;25;1
70;2;25;1
71;2;25;1
72;2;25;1
73;2;25;0,47
74;2;25;0,78
75;2;25;1
76;2;25;1
77;2;25;1
78;2;25;1
79;2;25;1
80;2;25;1
81;2;25;1
82;2;25;0,615
83;2;25;1
84;2;25;1
85;2;25;1
86;2;25;1
87;2;25;0,235
88;2;25;1
89;2;25;1
90;2;25;1
91;2;25;1
92;2;25;0,39
93;2;25;1
94;2;25;1
95;2;25;0,81
96;2;25;1
97;2;25;0,95
98;2;25;0,995
99;2;25;1
51;3;25;1
52;3;25;1
53;3;25;0,255
54;3;25;0,17
55;3;25;0,48
56;3;25;1
57;3;25;1
58;3;25;0,805
59;3;25;0,36
60;3;25;1
61;3;25;1
62;3;25;1
63;3;25;0,995
64;3;25;1
65;3;25;0,47
66;3;25;1
67;3;25;1
68;3;25;1
69;3;25;1
70;3;25;1
71;3;25;1
72;3;25;0,495
73;3;25;0,065
74;3;25;0,165
75;3;25;0,99
76;3;25;1
77;3;25;1
78;3;25;1
79;3;25;1
80;3;25;1
81;3;25;1
82;3;25;0,695
83;3;25;1
84;3;25;1
85;3;25;1
86;3;25;0,93
87;3;25;0,985
88;3;25;1
89;3;25;1
90;3;25;1
91;3;25;1
92;3;25;0,44
93;3;25;0,995
94;3;25;1
95;3;25;0,405
96;3;25;1
97;3;25;0,165
98;3;25;1
99;3;25;0,99
51;4;25;1
52;4;25;1
53;4;25;0,22
54;4;25;0,11
55;4;25;0,33
56;4;25;0,66
57;4;25;1
58;4;25;0,46
59;4;25;0,125
60;4;25;0,825
61;4;25;1
62;4;25;1
63;4;25;0,38
64;4;25;1
65;4;25;0,8
66;4;25;1
67;4;25;0,96
68;4;25;1
69;4;25;1
70;4;25;1
71;4;25;1
72;4;25;0,765
73;4;25;0,03
74;4;25;0,125
75;4;25;0,93
76;4;25;0,995
77;4;25;1
78;4;25;1
79;4;25;1
80;4;25;1
81;4;25;1
82;4;25;0,105
83;4;25;1
84;4;25;0,995
85;4;25;0,99
86;4;25;0,585
87;4;25;0,95
88;4;25;1
89;4;25;1
90;4;25;1
91;4;25;1
92;4;25;0,16
93;4;25;1
94;4;25;1
95;4;25;0,65
96;4;25;1
97;4;25;0,465
98;4;25;1
99;4;25;0,995
51;5;25;1
52;5;25;1
53;5;25;0,055
54;5;25;0
55;5;25;0,025
56;5;25;0,09
57;5;25;1
58;5;25;0,895
59;5;25;0,355
60;5;25;0,92
61;5;25;1
62;5;25;1
63;5;25;0,32
64;5;25;1
65;5;25;0,16
66;5;25;1
67;5;25;0,915
68;5;25;0,865
69;5;25;1
70;5;25;1
71;5;25;1
72;5;25;0,49
73;5;25;0
74;5;25;0,01
75;5;25;0,96
76;5;25;0,735
77;5;25;1
78;5;25;1
79;5;25;1
80;5;25;0,61
81;5;25;1
82;5;25;0,615
83;5;25;1
84;5;25;0,125
85;5;25;0,935
86;5;25;0,965
87;5;25;0,36
88;5;25;0,99
89;5;25;1
90;5;25;1
91;5;25;1
92;5;25;0,21
93;5;25;0,835
94;5;25;1
95;5;25;0,775
96;5;25;1
97;5;25;0,375
98;5;25;0,985
99;5;25;1
51;6;25;1
52;6;25;0,8
53;6;25;0,01
54;6;25;0,11
55;6;25;0,005
56;6;25;0,18
57;6;25;0,99
58;6;25;0,81
59;6;25;0,06
60;6;25;0,99
61;6;25;1
62;6;25;1
63;6;25;0,025
64;6;25;1
65;6;25;0,21
66;6;25;1
67;6;25;0,89
68;6;25;0,82
69;6;25;1
70;6;25;1
71;6;25;1
72;6;25;0,065
73;6;25;0,03
74;6;25;0,115
75;6;25;0,23
76;6;25;0,96
77;6;25;1
78;6;25;1
79;6;25;1
80;6;25;0,7
81;6;25;1
82;6;25;0,665
83;6;25;1
84;6;25;0,905
85;6;25;0,81
86;6;25;0,975
87;6;25;0,54
88;6;25;1
89;6;25;0,985
90;6;25;1
91;6;25;0,99
92;6;25;0,185
93;6;25;0,32
94;6;25;1
95;6;25;0,815
96;6;25;1
97;6;25;0,9
98;6;25;0,985
99;6;25;0,425
51;7;25;1
52;7;25;1
53;7;25;0,065
54;7;25;0
55;7;25;0,005
56;7;25;0,065
57;7;25;0,39
58;7;25;0,995
59;7;25;0,17
60;7;25;0,145
61;7;25;1
62;7;25;1
63;7;25;0,01
64;7;25;1
65;7;25;0,01
66;7;25;1
67;7;25;0,67
68;7;25;0,955
69;7;25;1
70;7;25;1
71;7;25;1
72;7;25;0,015
73;7;25;0
74;7;25;0,285
75;7;25;0,015
76;7;25;0,82
77;7;25;1
78;7;25;1
79;7;25;1
80;7;25;0,895
81;7;25;1
82;7;25;0,49
83;7;25;1
84;7;25;0,03
85;7;25;0,36
86;7;25;0,735
87;7;25;0,095
88;7;25;1
89;7;25;1
90;7;25;1
91;7;25;0,84
92;7;25;0,005
93;7;25;0,045
94;7;25;0,995
95;7;25;0,055
96;7;25;1
97;7;25;0,855
98;7;25;0,935
99;7;25;0,69
51;8;25;1
52;8;25;0,015
53;8;25;0
54;8;25;0
55;8;25;0
56;8;25;0
57;8;25;0,96
58;8;25;0,775
59;8;25;0,005
60;8;25;0,21
61;8;25;1
62;8;25;1
63;8;25;0,005
64;8;25;1
65;8;25;0,015
66;8;25;1
67;8;25;0,06
68;8;25;1
69;8;25;0,765
70;8;25;1
71;8;25;1
72;8;25;0
73;8;25;0
74;8;25;0,005
75;8;25;0
76;8;25;0,185
77;8;25;1
78;8;25;1
79;8;25;1
80;8;25;0
81;8;25;0,785
82;8;25;0,005
83;8;25;1
84;8;25;0
85;8;25;0,275
86;8;25;0,775
87;8;25;0,2
88;8;25;1
89;8;25;0,91
90;8;25;1
91;8;25;0,32
92;8;25;0
93;8;25;0
94;8;25;1
95;8;25;0
96;8;25;1
97;8;25;0,75
98;8;25;1
99;8;25;0,525
51;9;25;1
52;9;25;0,81
53;9;25;0
54;9;25;0
55;9;25;0
56;9;25;0
57;9;25;0,01
58;9;25;0,025
59;9;25;0
60;9;25;0,02
61;9;25;1
62;9;25;1
63;9;25;0
64;9;25;1
65;9;25;0,045
66;9;25;1
67;9;25;0,065
68;9;25;0,99
69;9;25;0,99
70;9;25;1
71;9;25;1
72;9;25;0
73;9;25;0
74;9;25;0,01
75;9;25;0
76;9;25;0,015
77;9;25;1
78;9;25;1
79;9;25;1
80;9;25;0
81;9;25;0,96
82;9;25;0,005
83;9;25;1
84;9;25;0
85;9;25;0,06
86;9;25;0,39
87;9;25;0,425
88;9;25;1
89;9;25;0,84
90;9;25;1
91;9;25;0,785
92;9;25;0
93;9;25;0
94;9;25;0,845
95;9;25;0
96;9;25;0,99
97;9;25;0,875
98;9;25;0,58
99;9;25;0,695
51;1;26;1
52;1;26;0,045
53;1;26;1
54;1;26;1
55;1;26;1
56;1;26;0,01
57;1;26;0,04
58;1;26;1
59;1;26;1
60;1;26;0,38
61;1;26;1
62;1;26;0,775
63;1;26;0,92
64;1;26;1
65;1;26;1
66;1;26;1
67;1;26;0,665
68;1;26;1
69;1;26;1
70;1;26;1
71;1;26;1
72;1;26;0,22
73;1;26;0,91
74;1;26;1
75;1;26;1
76;1;26;1
77;1;26;1
78;1;26;1
79;1;26;0,285
80;1;26;1
81;1;26;0,005
82;1;26;1
83;1;26;1
84;1;26;1
85;1;26;0,97
86;1;26;0,965
87;1;26;0,925
88;1;26;1
89;1;26;0,865
90;1;26;1
91;1;26;1
92;1;26;1
93;1;26;1
94;1;26;1
95;1;26;1
96;1;26;1
97;1;26;1
98;1;26;1
99;1;26;1
51;10;26;1
52;10;26;0
53;10;26;0,085
54;10;26;0,285
55;10;26;0,02
56;10;26;0
57;10;26;0
58;10;26;0
59;10;26;0
60;10;26;0
61;10;26;0,01
62;10;26;0,005
63;10;26;0,005
64;10;26;1
65;10;26;0,025
66;10;26;0
67;10;26;0
68;10;26;0,005
69;10;26;0,22
70;10;26;0,97
71;10;26;1
72;10;26;0
73;10;26;0
74;10;26;0
75;10;26;0,07
76;10;26;0
77;10;26;0,155
78;10;26;0,045
79;10;26;0
80;10;26;0
81;10;26;0
82;10;26;0,44
83;10;26;0,045
84;10;26;1
85;10;26;0
86;10;26;0
87;10;26;0
88;10;26;0,005
89;10;26;0
90;10;26;0
91;10;26;0,035
92;10;26;0,06
93;10;26;0,005
94;10;26;0,175
95;10;26;1
96;10;26;0,64
97;10;26;1
98;10;26;1
99;10;26;1
51;11;26;1
52;11;26;0
53;11;26;0
54;11;26;0,02
55;11;26;0,045
56;11;26;0
57;11;26;0
58;11;26;0
59;11;26;0
60;11;26;0
61;11;26;0
62;11;26;0,055
63;11;26;0,005
64;11;26;0,65
65;11;26;0
66;11;26;0
67;11;26;0
68;11;26;0,01
69;11;26;0,34
70;11;26;0,84
71;11;26;1
72;11;26;0
73;11;26;0
74;11;26;0
75;11;26;0,025
76;11;26;0
77;11;26;0,07
78;11;26;0,265
79;11;26;0
80;11;26;0
81;11;26;0
82;11;26;0,41
83;11;26;0,035
84;11;26;1
85;11;26;0
86;11;26;0
87;11;26;0
88;11;26;0
89;11;26;0
90;11;26;0
91;11;26;0
92;11;26;0,05
93;11;26;0,105
94;11;26;0,04
95;11;26;1
96;11;26;1
97;11;26;0,835
98;11;26;1
99;11;26;1
51;12;26;1
52;12;26;0
53;12;26;0,005
54;12;26;0,16
55;12;26;0,1
56;12;26;0
57;12;26;0
58;12;26;0
59;12;26;0
60;12;26;0
61;12;26;0
62;12;26;0,01
63;12;26;0,01
64;12;26;1
65;12;26;0,015
66;12;26;0
67;12;26;0
68;12;26;0
69;12;26;0,025
70;12;26;0,485
71;12;26;1
72;12;26;0
73;12;26;0
74;12;26;0
75;12;26;0
76;12;26;0
77;12;26;0,065
78;12;26;0
79;12;26;0
80;12;26;0
81;12;26;0
82;12;26;0,065
83;12;26;0,015
84;12;26;1
85;12;26;0
86;12;26;0
87;12;26;0
88;12;26;0,005
89;12;26;0
90;12;26;0
91;12;26;0
92;12;26;0,01
93;12;26;0,005
94;12;26;0,03
95;12;26;1
96;12;26;0,725
97;12;26;0,295
98;12;26;1
99;12;26;1
51;13;26;1
52;13;26;0
53;13;26;0
54;13;26;0,01
55;13;26;0,015
56;13;26;0
57;13;26;0
58;13;26;0
59;13;26;0
60;13;26;0
61;13;26;0,005
62;13;26;0,02
63;13;26;0
64;13;26;0,215
65;13;26;0
66;13;26;0
67;13;26;0
68;13;26;0
69;13;26;0,005
70;13;26;0,025
71;13;26;1
72;13;26;0
73;13;26;0
74;13;26;0
75;13;26;0,255
76;13;26;0
77;13;26;0,07
78;13;26;0
79;13;26;0
80;13;26;0
81;13;26;0
82;13;26;0,005
83;13;26;0
84;13;26;1
85;13;26;0
86;13;26;0
87;13;26;0
88;13;26;0,015
89;13;26;0
90;13;26;0
91;13;26;0
92;13;26;0
93;13;26;0,005
94;13;26;0,01
95;13;26;0,78
96;13;26;0,6
97;13;26;0,76
98;13;26;1
99;13;26;1
51;14;26;1
52;14;26;0
53;14;26;0
54;14;26;0,02
55;14;26;0,015
56;14;26;0
57;14;26;0
58;14;26;0
59;14;26;0
60;14;26;0
61;14;26;0,005
62;14;26;0,02
63;14;26;0,01
64;14;26;0,3
65;14;26;0,01
66;14;26;0
67;14;26;0
68;14;26;0
69;14;26;0
70;14;26;0,015
71;14;26;1
72;14;26;0
73;14;26;0
74;14;26;0
75;14;26;0,015
76;14;26;0
77;14;26;0,02
78;14;26;0,01
79;14;26;0
80;14;26;0
81;14;26;0
82;14;26;0,04
83;14;26;0,01
84;14;26;1
85;14;26;0
86;14;26;0
87;14;26;0
88;14;26;0,03
89;14;26;0
90;14;26;0
91;14;26;0
92;14;26;0,01
93;14;26;0
94;14;26;0
95;14;26;0,53
96;14;26;0,03
97;14;26;0,86
98;14;26;1
99;14;26;1
51;15;26;1
52;15;26;0
53;15;26;0,005
54;15;26;0,18
55;15;26;0,015
56;15;26;0
57;15;26;0
58;15;26;0
59;15;26;0
60;15;26;0
61;15;26;0
62;15;26;0,015
63;15;26;0,015
64;15;26;0,995
65;15;26;0,01
66;15;26;0
67;15;26;0
68;15;26;0,005
69;15;26;0,025
70;15;26;0,005
71;15;26;1
72;15;26;0
73;15;26;0
74;15;26;0
75;15;26;0
76;15;26;0
77;15;26;0,01
78;15;26;0
79;15;26;0
80;15;26;0
81;15;26;0
82;15;26;0,495
83;15;26;0,01
84;15;26;1
85;15;26;0
86;15;26;0
87;15;26;0
88;15;26;0
89;15;26;0
90;15;26;0
91;15;26;0
92;15;26;0,015
93;15;26;0
94;15;26;0,375
95;15;26;0,45
96;15;26;0,885
97;15;26;0,52
98;15;26;0,96
99;15;26;1
51;16;26;1
52;16;26;0
53;16;26;0
54;16;26;0,05
55;16;26;0,015
56;16;26;0
57;16;26;0
58;16;26;0
59;16;26;0
60;16;26;0
61;16;26;0
62;16;26;0,015
63;16;26;0
64;16;26;0,035
65;16;26;0,025
66;16;26;0
67;16;26;0
68;16;26;0
69;16;26;0,025
70;16;26;0,04
71;16;26;1
72;16;26;0
73;16;26;0
74;16;26;0
75;16;26;0,015
76;16;26;0
77;16;26;0,015
78;16;26;0,01
79;16;26;0
80;16;26;0
81;16;26;0
82;16;26;0,01
83;16;26;0,015
84;16;26;0,985
85;16;26;0
86;16;26;0
87;16;26;0
88;16;26;0,01
89;16;26;0
90;16;26;0
91;16;26;0
92;16;26;0,02
93;16;26;0
94;16;26;0
95;16;26;0,005
96;16;26;0,02
97;16;26;0,04
98;16;26;1
99;16;26;1
51;17;26;1
52;17;26;0
53;17;26;0
54;17;26;0,01
55;17;26;0,01
56;17;26;0
57;17;26;0
58;17;26;0
59;17;26;0
60;17;26;0
61;17;26;0
62;17;26;0,005
63;17;26;0
64;17;26;0
65;17;26;0,025
66;17;26;0
67;17;26;0
68;17;26;0,005
69;17;26;0,025
70;17;26;0,035
71;17;26;1
72;17;26;0
73;17;26;0
74;17;26;0
75;17;26;0
76;17;26;0
77;17;26;0
78;17;26;0,035
79;17;26;0
80;17;26;0
81;17;26;0
82;17;26;0,01
83;17;26;0,01
84;17;26;1
85;17;26;0
86;17;26;0
87;17;26;0
88;17;26;0,005
89;17;26;0
90;17;26;0
91;17;26;0
92;17;26;0,015
93;17;26;0
94;17;26;0
95;17;26;0,01
96;17;26;0,96
97;17;26;0,02
98;17;26;0,88
99;17;26;1
51;2;26;1
52;2;26;0,03
53;2;26;1
54;2;26;1
55;2;26;1
56;2;26;0
57;2;26;0,15
58;2;26;1
59;2;26;0,995
60;2;26;0,455
61;2;26;0,965
62;2;26;0,715
63;2;26;0,885
64;2;26;1
65;2;26;1
66;2;26;1
67;2;26;0,365
68;2;26;0,175
69;2;26;1
70;2;26;1
71;2;26;1
72;2;26;0
73;2;26;0,33
74;2;26;1
75;2;26;1
76;2;26;1
77;2;26;1
78;2;26;0,995
79;2;26;0,32
80;2;26;1
81;2;26;0,485
82;2;26;1
83;2;26;1
84;2;26;1
85;2;26;1
86;2;26;0,75
87;2;26;0,755
88;2;26;0,995
89;2;26;0,12
90;2;26;1
91;2;26;1
92;2;26;1
93;2;26;1
94;2;26;1
95;2;26;1
96;2;26;1
97;2;26;1
98;2;26;1
99;2;26;1
51;3;26;1
52;3;26;0,115
53;3;26;1
54;3;26;0,995
55;3;26;1
56;3;26;0,005
57;3;26;0,7
58;3;26;0,63
59;3;26;0,41
60;3;26;0,67
61;3;26;1
62;3;26;0,395
63;3;26;0,805
64;3;26;1
65;3;26;1
66;3;26;1
67;3;26;0,77
68;3;26;0,905
69;3;26;1
70;3;26;1
71;3;26;1
72;3;26;0
73;3;26;0,005
74;3;26;1
75;3;26;0,99
76;3;26;1
77;3;26;1
78;3;26;0,99
79;3;26;0,455
80;3;26;1
81;3;26;0,535
82;3;26;1
83;3;26;1
84;3;26;1
85;3;26;0,705
86;3;26;0,98
87;3;26;0,41
88;3;26;0,8
89;3;26;0,96
90;3;26;0,995
91;3;26;0,995
92;3;26;1
93;3;26;1
94;3;26;1
95;3;26;1
96;3;26;1
97;3;26;1
98;3;26;1
99;3;26;1
51;4;26;1
52;4;26;0,61
53;4;26;1
54;4;26;0,985
55;4;26;1
56;4;26;0,015
57;4;26;0,04
58;4;26;0,375
59;4;26;0,15
60;4;26;0,015
61;4;26;0,15
62;4;26;0,885
63;4;26;0,78
64;4;26;1
65;4;26;0,51
66;4;26;0,99
67;4;26;0,69
68;4;26;0,48
69;4;26;0,995
70;4;26;1
71;4;26;1
72;4;26;0
73;4;26;0,025
74;4;26;1
75;4;26;0,99
76;4;26;1
77;4;26;0,955
78;4;26;1
79;4;26;0,015
80;4;26;1
81;4;26;0,4
82;4;26;1
83;4;26;0,765
84;4;26;1
85;4;26;0,035
86;4;26;0,08
87;4;26;0,5
88;4;26;0,935
89;4;26;0,19
90;4;26;1
91;4;26;0,7
92;4;26;1
93;4;26;1
94;4;26;1
95;4;26;1
96;4;26;1
97;4;26;1
98;4;26;1
99;4;26;1
51;5;26;1
52;5;26;0,055
53;5;26;1
54;5;26;1
55;5;26;1
56;5;26;0,025
57;5;26;0,105
58;5;26;0,82
59;5;26;0,015
60;5;26;0,005
61;5;26;0,885
62;5;26;0,985
63;5;26;0,085
64;5;26;1
65;5;26;0,275
66;5;26;0,57
67;5;26;0,43
68;5;26;0,06
69;5;26;1
70;5;26;1
71;5;26;1
72;5;26;0,115
73;5;26;0,005
74;5;26;1
75;5;26;0,88
76;5;26;0,96
77;5;26;0,815
78;5;26;0,995
79;5;26;0,005
80;5;26;0,99
81;5;26;0,36
82;5;26;1
83;5;26;1
84;5;26;1
85;5;26;0
86;5;26;0,1
87;5;26;0,14
88;5;26;0,29
89;5;26;0,2
90;5;26;0,975
91;5;26;0,61
92;5;26;0,98
93;5;26;1
94;5;26;1
95;5;26;1
96;5;26;1
97;5;26;1
98;5;26;1
99;5;26;1
51;6;26;1
52;6;26;0,01
53;6;26;0,975
54;6;26;1
55;6;26;1
56;6;26;0,005
57;6;26;0,13
58;6;26;0,315
59;6;26;0,03
60;6;26;0,185
61;6;26;0,485
62;6;26;0,09
63;6;26;0,045
64;6;26;1
65;6;26;0,715
66;6;26;0,06
67;6;26;0,315
68;6;26;0,29
69;6;26;1
70;6;26;1
71;6;26;1
72;6;26;0,005
73;6;26;0,03
74;6;26;0,915
75;6;26;0,99
76;6;26;0,71
77;6;26;0,995
78;6;26;1
79;6;26;0
80;6;26;0,915
81;6;26;0,21
82;6;26;1
83;6;26;1
84;6;26;1
85;6;26;0,015
86;6;26;0,04
87;6;26;0,01
88;6;26;0,76
89;6;26;0
90;6;26;0,085
91;6;26;0,55
92;6;26;1
93;6;26;0,635
94;6;26;1
95;6;26;1
96;6;26;1
97;6;26;1
98;6;26;1
99;6;26;1
51;7;26;1
52;7;26;0,005
53;7;26;0,77
54;7;26;0,98
55;7;26;0,155
56;7;26;0
57;7;26;0
58;7;26;0
59;7;26;0
60;7;26;0
61;7;26;0,14
62;7;26;0,02
63;7;26;0
64;7;26;1
65;7;26;0,075
66;7;26;0
67;7;26;0
68;7;26;0,14
69;7;26;0,99
70;7;26;1
71;7;26;1
72;7;26;0
73;7;26;0,035
74;7;26;0,735
75;7;26;0,77
76;7;26;0,28
77;7;26;0,25
78;7;26;0,88
79;7;26;0
80;7;26;0
81;7;26;0,025
82;7;26;0,995
83;7;26;0,78
84;7;26;1
85;7;26;0
86;7;26;0
87;7;26;0
88;7;26;0,155
89;7;26;0
90;7;26;0,05
91;7;26;0,065
92;7;26;1
93;7;26;0,015
94;7;26;0,985
95;7;26;1
96;7;26;1
97;7;26;1
98;7;26;1
99;7;26;1
51;8;26;1
52;8;26;0,01
53;8;26;0,955
54;8;26;0,825
55;8;26;1
56;8;26;0
57;8;26;0
58;8;26;0
59;8;26;0
60;8;26;0
61;8;26;0,03
62;8;26;0,095
63;8;26;0
64;8;26;1
65;8;26;0,17
66;8;26;0,025
67;8;26;0,03
68;8;26;0,12
69;8;26;0,625
70;8;26;1
71;8;26;1
72;8;26;0
73;8;26;0
74;8;26;0
75;8;26;0,16
76;8;26;0,14
77;8;26;1
78;8;26;0,865
79;8;26;0
80;8;26;0,12
81;8;26;0,01
82;8;26;0,985
83;8;26;0,255
84;8;26;1
85;8;26;0
86;8;26;0
87;8;26;0
88;8;26;0,015
89;8;26;0
90;8;26;0,005
91;8;26;0,015
92;8;26;0,345
93;8;26;0,635
94;8;26;0,96
95;8;26;1
96;8;26;1
97;8;26;1
98;8;26;1
99;8;26;1
51;9;26;1
52;9;26;0
53;9;26;0,015
54;9;26;0,3
55;9;26;0,08
56;9;26;0
57;9;26;0
58;9;26;0
59;9;26;0
60;9;26;0
61;9;26;0
62;9;26;0
63;9;26;0,005
64;9;26;1
65;9;26;0,01
66;9;26;0
67;9;26;0
68;9;26;0,005
69;9;26;0,4
70;9;26;1
71;9;26;1
72;9;26;0
73;9;26;0
74;9;26;0
75;9;26;0,145
76;9;26;0
77;9;26;0,08
78;9;26;0,005
79;9;26;0
80;9;26;0
81;9;26;0
82;9;26;0,97
83;9;26;0,03
84;9;26;1
85;9;26;0
86;9;26;0
87;9;26;0
88;9;26;0,02
89;9;26;0
90;9;26;0
91;9;26;0,015
92;9;26;0,3
93;9;26;0,85
94;9;26;0,96
95;9;26;1
96;9;26;1
97;9;26;1
98;9;26;1
99;9;26;1
51;1;27;1
52;1;27;0,105
53;1;27;0,155
54;1;27;0,855
55;1;27;1
56;1;27;1
57;1;27;1
58;1;27;1
59;1;27;1
60;1;27;1
61;1;27;1
62;1;27;1
63;1;27;1
64;1;27;0,23
65;1;27;0,345
66;1;27;1
67;1;27;1
68;1;27;1
69;1;27;1
70;1;27;0,72
71;1;27;1
72;1;27;0,995
73;1;27;1
74;1;27;0,98
75;1;27;1
76;1;27;1
77;1;27;0,685
78;1;27;1
79;1;27;1
80;1;27;1
81;1;27;1
82;1;27;0,885
83;1;27;0,95
84;1;27;1
85;1;27;1
86;1;27;1
87;1;27;1
88;1;27;1
89;1;27;0,965
90;1;27;1
91;1;27;0,75
92;1;27;1
93;1;27;0,975
94;1;27;0,66
95;1;27;1
96;1;27;1
97;1;27;0,975
98;1;27;1
99;1;27;0,795
51;10;27;1
52;10;27;0
53;10;27;0
54;10;27;0
55;10;27;0,005
56;10;27;1
57;10;27;0,015
58;10;27;0,01
59;10;27;1
60;10;27;0,91
61;10;27;0,35
62;10;27;0,35
63;10;27;1
64;10;27;0
65;10;27;0
66;10;27;0,33
67;10;27;0,98
68;10;27;1
69;10;27;0
70;10;27;0,01
71;10;27;0,06
72;10;27;0
73;10;27;0
74;10;27;0,005
75;10;27;0,025
76;10;27;1
77;10;27;0,43
78;10;27;1
79;10;27;0,97
80;10;27;1
81;10;27;0
82;10;27;0
83;10;27;0,025
84;10;27;0,025
85;10;27;0,015
86;10;27;0,55
87;10;27;0,93
88;10;27;1
89;10;27;0,05
90;10;27;0,135
91;10;27;0
92;10;27;0
93;10;27;0,005
94;10;27;0,045
95;10;27;0,18
96;10;27;1
97;10;27;0,375
98;10;27;0,71
99;10;27;0,215
51;11;27;1
52;11;27;0
53;11;27;0
54;11;27;0
55;11;27;0,01
56;11;27;0,96
57;11;27;0,035
58;11;27;0,01
59;11;27;1
60;11;27;1
61;11;27;0,825
62;11;27;0,915
63;11;27;1
64;11;27;0
65;11;27;0
66;11;27;0,025
67;11;27;0,935
68;11;27;1
69;11;27;0
70;11;27;0,01
71;11;27;0,03
72;11;27;0
73;11;27;0
74;11;27;0
75;11;27;0,055
76;11;27;0,99
77;11;27;0,29
78;11;27;1
79;11;27;0,995
80;11;27;1
81;11;27;0
82;11;27;0
83;11;27;0,065
84;11;27;0,07
85;11;27;0
86;11;27;0,13
87;11;27;0,995
88;11;27;1
89;11;27;0,055
90;11;27;0,94
91;11;27;0
92;11;27;0
93;11;27;0
94;11;27;0
95;11;27;0,015
96;11;27;0,935
97;11;27;0,675
98;11;27;0,82
99;11;27;0,205
51;12;27;1
52;12;27;0
53;12;27;0
54;12;27;0
55;12;27;0
56;12;27;0,545
57;12;27;0,035
58;12;27;0,025
59;12;27;1
60;12;27;0,56
61;12;27;0,015
62;12;27;0,8
63;12;27;1
64;12;27;0
65;12;27;0
66;12;27;0,005
67;12;27;0,985
68;12;27;0,995
69;12;27;0
70;12;27;0,005
71;12;27;0,01
72;12;27;0
73;12;27;0
74;12;27;0
75;12;27;0,115
76;12;27;1
77;12;27;0,48
78;12;27;0,785
79;12;27;1
80;12;27;1
81;12;27;0
82;12;27;0
83;12;27;0,01
84;12;27;0,025
85;12;27;0
86;12;27;0,82
87;12;27;0,1
88;12;27;0,18
89;12;27;0
90;12;27;0,07
91;12;27;0
92;12;27;0
93;12;27;0
94;12;27;0
95;12;27;0,03
96;12;27;0,245
97;12;27;0,975
98;12;27;0,68
99;12;27;0,85
51;13;27;1
52;13;27;0
53;13;27;0
54;13;27;0
55;13;27;0
56;13;27;0,62
57;13;27;0,005
58;13;27;0
59;13;27;0,34
60;13;27;1
61;13;27;0,96
62;13;27;0,995
63;13;27;1
64;13;27;0
65;13;27;0
66;13;27;0,005
67;13;27;0,13
68;13;27;1
69;13;27;0
70;13;27;0,015
71;13;27;0,005
72;13;27;0
73;13;27;0
74;13;27;0
75;13;27;0
76;13;27;0,535
77;13;27;0,06
78;13;27;0,88
79;13;27;0,87
80;13;27;1
81;13;27;0
82;13;27;0
83;13;27;0,005
84;13;27;0,02
85;13;27;0
86;13;27;0
87;13;27;0,085
88;13;27;0,655
89;13;27;0,01
90;13;27;0,605
91;13;27;0
92;13;27;0
93;13;27;0
94;13;27;0,005
95;13;27;0,01
96;13;27;0,895
97;13;27;0,095
98;13;27;0,13
99;13;27;0,075
51;14;27;1
52;14;27;0
53;14;27;0
54;14;27;0
55;14;27;0
56;14;27;0,2
57;14;27;0,005
58;14;27;0,025
59;14;27;0,97
60;14;27;0,775
61;14;27;0,2
62;14;27;0,66
63;14;27;1
64;14;27;0
65;14;27;0
66;14;27;0
67;14;27;0,075
68;14;27;1
69;14;27;0
70;14;27;0,015
71;14;27;0,005
72;14;27;0
73;14;27;0
74;14;27;0
75;14;27;0
76;14;27;0,045
77;14;27;0,09
78;14;27;1
79;14;27;0,285
80;14;27;1
81;14;27;0
82;14;27;0
83;14;27;0,045
84;14;27;0
85;14;27;0
86;14;27;0
87;14;27;0,29
88;14;27;0,015
89;14;27;0,005
90;14;27;0,01
91;14;27;0
92;14;27;0
93;14;27;0
94;14;27;0
95;14;27;0,015
96;14;27;0,555
97;14;27;0,52
98;14;27;0,395
99;14;27;0,085
51;15;27;1
52;15;27;0
53;15;27;0
54;15;27;0
55;15;27;0
56;15;27;0,545
57;15;27;0,05
58;15;27;0
59;15;27;0,4
60;15;27;0,99
61;15;27;0,575
62;15;27;0,84
63;15;27;1
64;15;27;0
65;15;27;0
66;15;27;0,005
67;15;27;0,03
68;15;27;0,995
69;15;27;0,005
70;15;27;0,475
71;15;27;0,015
72;15;27;0
73;15;27;0
74;15;27;0
75;15;27;0
76;15;27;0
77;15;27;0,04
78;15;27;0,6
79;15;27;0,685
80;15;27;1
81;15;27;0
82;15;27;0
83;15;27;0,005
84;15;27;0,005
85;15;27;0
86;15;27;0
87;15;27;0,2
88;15;27;0,075
89;15;27;0
90;15;27;0,105
91;15;27;0
92;15;27;0
93;15;27;0
94;15;27;0
95;15;27;0,04
96;15;27;0,075
97;15;27;0,805
98;15;27;0,505
99;15;27;0,635
51;16;27;1
52;16;27;0
53;16;27;0
54;16;27;0
55;16;27;0
56;16;27;0,075
57;16;27;0,015
58;16;27;0
59;16;27;0
60;16;27;0
61;16;27;0,69
62;16;27;0
63;16;27;1
64;16;27;0
65;16;27;0
66;16;27;0
67;16;27;0,035
68;16;27;0,96
69;16;27;0
70;16;27;0,01
71;16;27;0,015
72;16;27;0
73;16;27;0
74;16;27;0
75;16;27;0
76;16;27;0
77;16;27;0,02
78;16;27;0,995
79;16;27;0,905
80;16;27;1
81;16;27;0
82;16;27;0
83;16;27;0
84;16;27;0,01
85;16;27;0
86;16;27;0
87;16;27;0,03
88;16;27;0,19
89;16;27;0
90;16;27;0,025
91;16;27;0
92;16;27;0
93;16;27;0
94;16;27;0
95;16;27;0,005
96;16;27;0,01
97;16;27;0,095
98;16;27;0,935
99;16;27;0,43
51;17;27;1
52;17;27;0
53;17;27;0
54;17;27;0
55;17;27;0
56;17;27;0,025
57;17;27;0,015
58;17;27;0,02
59;17;27;0,975
60;17;27;0,085
61;17;27;0,3
62;17;27;0,235
63;17;27;0,995
64;17;27;0
65;17;27;0
66;17;27;0
67;17;27;0,01
68;17;27;0,99
69;17;27;0
70;17;27;0,005
71;17;27;0
72;17;27;0
73;17;27;0
74;17;27;0
75;17;27;0,01
76;17;27;0,325
77;17;27;0,795
78;17;27;0,975
79;17;27;0,44
80;17;27;1
81;17;27;0
82;17;27;0
83;17;27;0,03
84;17;27;0,005
85;17;27;0
86;17;27;0
87;17;27;0,045
88;17;27;0,025
89;17;27;0
90;17;27;0,045
91;17;27;0
92;17;27;0
93;17;27;0
94;17;27;0
95;17;27;0,005
96;17;27;0,005
97;17;27;0,17
98;17;27;0,64
99;17;27;0,15
51;2;27;1
52;2;27;0,02
53;2;27;0,04
54;2;27;0,075
55;2;27;0,685
56;2;27;1
57;2;27;1
58;2;27;1
59;2;27;1
60;2;27;1
61;2;27;0,995
62;2;27;1
63;2;27;1
64;2;27;0,025
65;2;27;0
66;2;27;1
67;2;27;1
68;2;27;1
69;2;27;0,18
70;2;27;0,415
71;2;27;1
72;2;27;0,195
73;2;27;1
74;2;27;0,89
75;2;27;0,965
76;2;27;1
77;2;27;0,945
78;2;27;1
79;2;27;1
80;2;27;1
81;2;27;1
82;2;27;1
83;2;27;0,99
84;2;27;1
85;2;27;1
86;2;27;1
87;2;27;1
88;2;27;1
89;2;27;0,765
90;2;27;1
91;2;27;0,285
92;2;27;1
93;2;27;0,08
94;2;27;0,01
95;2;27;1
96;2;27;1
97;2;27;0,925
98;2;27;1
99;2;27;0,665
51;3;27;1
52;3;27;0,025
53;3;27;0,02
54;3;27;0,4
55;3;27;1
56;3;27;1
57;3;27;1
58;3;27;1
59;3;27;1
60;3;27;1
61;3;27;0,985
62;3;27;1
63;3;27;1
64;3;27;0,13
65;3;27;0,14
66;3;27;1
67;3;27;1
68;3;27;1
69;3;27;0,23
70;3;27;0,995
71;3;27;0,995
72;3;27;0,295
73;3;27;0,99
74;3;27;0,96
75;3;27;0,705
76;3;27;1
77;3;27;0,87
78;3;27;1
79;3;27;1
80;3;27;1
81;3;27;1
82;3;27;0,985
83;3;27;0,73
84;3;27;0,835
85;3;27;1
86;3;27;1
87;3;27;1
88;3;27;1
89;3;27;0,965
90;3;27;1
91;3;27;0,105
92;3;27;1
93;3;27;0,525
94;3;27;0,015
95;3;27;1
96;3;27;1
97;3;27;1
98;3;27;1
99;3;27;0,41
51;4;27;1
52;4;27;0,005
53;4;27;0
54;4;27;0,035
55;4;27;0,24
56;4;27;1
57;4;27;1
58;4;27;1
59;4;27;1
60;4;27;1
61;4;27;0,385
62;4;27;1
63;4;27;1
64;4;27;0
65;4;27;0,01
66;4;27;1
67;4;27;1
68;4;27;1
69;4;27;0,01
70;4;27;0,155
71;4;27;0,04
72;4;27;0,01
73;4;27;0,22
74;4;27;0,16
75;4;27;0,965
76;4;27;1
77;4;27;0,97
78;4;27;1
79;4;27;1
80;4;27;1
81;4;27;0,985
82;4;27;0,555
83;4;27;0,98
84;4;27;1
85;4;27;1
86;4;27;1
87;4;27;1
88;4;27;1
89;4;27;0,22
90;4;27;1
91;4;27;0,025
92;4;27;0,955
93;4;27;0,74
94;4;27;0,42
95;4;27;1
96;4;27;1
97;4;27;0,535
98;4;27;1
99;4;27;0,82
51;5;27;1
52;5;27;0,005
53;5;27;0
54;5;27;0,02
55;5;27;0,075
56;5;27;1
57;5;27;0,975
58;5;27;1
59;5;27;1
60;5;27;1
61;5;27;0,755
62;5;27;0,92
63;5;27;1
64;5;27;0
65;5;27;0
66;5;27;0,995
67;5;27;1
68;5;27;1
69;5;27;0
70;5;27;0,005
71;5;27;0,305
72;5;27;0,01
73;5;27;0
74;5;27;0,065
75;5;27;0,985
76;5;27;1
77;5;27;0,225
78;5;27;1
79;5;27;1
80;5;27;1
81;5;27;1
82;5;27;0,565
83;5;27;0,7
84;5;27;0,685
85;5;27;0,82
86;5;27;1
87;5;27;1
88;5;27;1
89;5;27;0,18
90;5;27;1
91;5;27;0,025
92;5;27;0,14
93;5;27;0,85
94;5;27;0,46
95;5;27;1
96;5;27;1
97;5;27;0,74
98;5;27;1
99;5;27;0,58
51;6;27;1
52;6;27;0
53;6;27;0,005
54;6;27;0
55;6;27;0,01
56;6;27;1
57;6;27;0,94
58;6;27;0,99
59;6;27;1
60;6;27;1
61;6;27;0,94
62;6;27;0,955
63;6;27;1
64;6;27;0
65;6;27;0
66;6;27;0,9
67;6;27;1
68;6;27;1
69;6;27;0,065
70;6;27;0,105
71;6;27;0,09
72;6;27;0
73;6;27;0,11
74;6;27;0,14
75;6;27;0,935
76;6;27;1
77;6;27;0,955
78;6;27;1
79;6;27;0,995
80;6;27;1
81;6;27;0,34
82;6;27;0,165
83;6;27;0,42
84;6;27;0,75
85;6;27;1
86;6;27;0,935
87;6;27;1
88;6;27;1
89;6;27;0,55
90;6;27;1
91;6;27;0,005
92;6;27;0,34
93;6;27;0,175
94;6;27;0,025
95;6;27;0,815
96;6;27;1
97;6;27;1
98;6;27;0,37
99;6;27;0,22
51;7;27;1
52;7;27;0,005
53;7;27;0
54;7;27;0
55;7;27;0,06
56;7;27;1
57;7;27;1
58;7;27;0,07
59;7;27;1
60;7;27;1
61;7;27;0,99
62;7;27;0,97
63;7;27;1
64;7;27;0
65;7;27;0
66;7;27;0,13
67;7;27;1
68;7;27;1
69;7;27;0,005
70;7;27;0,01
71;7;27;0
72;7;27;0
73;7;27;0,005
74;7;27;0,035
75;7;27;0,125
76;7;27;1
77;7;27;0,725
78;7;27;1
79;7;27;0,975
80;7;27;1
81;7;27;0,025
82;7;27;0,03
83;7;27;0,055
84;7;27;0,355
85;7;27;0,53
86;7;27;1
87;7;27;1
88;7;27;1
89;7;27;0,48
90;7;27;1
91;7;27;0,005
92;7;27;0,02
93;7;27;0,075
94;7;27;0,025
95;7;27;0,14
96;7;27;1
97;7;27;0,43
98;7;27;0,96
99;7;27;0,98
51;8;27;1
52;8;27;0
53;8;27;0
54;8;27;0
55;8;27;0,005
56;8;27;1
57;8;27;0,095
58;8;27;0,81
59;8;27;1
60;8;27;0,915
61;8;27;1
62;8;27;1
63;8;27;1
64;8;27;0
65;8;27;0
66;8;27;0,17
67;8;27;1
68;8;27;1
69;8;27;0,005
70;8;27;0,105
71;8;27;0,005
72;8;27;0
73;8;27;0
74;8;27;0
75;8;27;0,095
76;8;27;1
77;8;27;0,475
78;8;27;1
79;8;27;1
80;8;27;1
81;8;27;0
82;8;27;0,005
83;8;27;0,115
84;8;27;0,065
85;8;27;0,685
86;8;27;0,96
87;8;27;0,985
88;8;27;1
89;8;27;0,65
90;8;27;1
91;8;27;0
92;8;27;0
93;8;27;0
94;8;27;0
95;8;27;0,005
96;8;27;1
97;8;27;0,965
98;8;27;0,775
99;8;27;0,39
51;9;27;1
52;9;27;0
53;9;27;0
54;9;27;0
55;9;27;0
56;9;27;1
57;9;27;0,045
58;9;27;0,06
59;9;27;1
60;9;27;0,985
61;9;27;0,98
62;9;27;1
63;9;27;1
64;9;27;0
65;9;27;0
66;9;27;0,035
67;9;27;1
68;9;27;1
69;9;27;0
70;9;27;0,075
71;9;27;0,01
72;9;27;0
73;9;27;0
74;9;27;0
75;9;27;0,01
76;9;27;1
77;9;27;0,72
78;9;27;1
79;9;27;1
80;9;27;1
81;9;27;0
82;9;27;0,005
83;9;27;0,055
84;9;27;0,115
85;9;27;0,005
86;9;27;0,835
87;9;27;1
88;9;27;1
89;9;27;0,065
90;9;27;0,99
91;9;27;0
92;9;27;0
93;9;27;0
94;9;27;0,025
95;9;27;0,23
96;9;27;1
97;9;27;0,81
98;9;27;0,92
99;9;27;0,265
51;1;28;1
52;1;28;0,03
53;1;28;0,115
54;1;28;1
55;1;28;0,79
56;1;28;1
57;1;28;0,585
58;1;28;1
59;1;28;0,16
60;1;28;0,86
61;1;28;1
62;1;28;1
63;1;28;1
64;1;28;1
65;1;28;0,96
66;1;28;0,685
67;1;28;1
68;1;28;1
69;1;28;1
70;1;28;1
71;1;28;1
72;1;28;1
73;1;28;1
74;1;28;1
75;1;28;0,46
76;1;28;1
77;1;28;1
78;1;28;1
79;1;28;1
80;1;28;1
81;1;28;1
82;1;28;0,63
83;1;28;1
84;1;28;0,25
85;1;28;1
86;1;28;0,98
87;1;28;1
88;1;28;1
89;1;28;1
90;1;28;1
91;1;28;1
92;1;28;0,98
93;1;28;1
94;1;28;0,445
95;1;28;1
96;1;28;1
97;1;28;1
98;1;28;1
99;1;28;1
51;10;28;1
52;10;28;0
53;10;28;0
54;10;28;0
55;10;28;0
56;10;28;0
57;10;28;0,005
58;10;28;1
59;10;28;0,34
60;10;28;0
61;10;28;0,29
62;10;28;1
63;10;28;1
64;10;28;0
65;10;28;0,005
66;10;28;0,105
67;10;28;1
68;10;28;1
69;10;28;0
70;10;28;0,115
71;10;28;0
72;10;28;0,01
73;10;28;0,995
74;10;28;1
75;10;28;0,015
76;10;28;0,005
77;10;28;1
78;10;28;0,92
79;10;28;1
80;10;28;1
81;10;28;0
82;10;28;0
83;10;28;0,005
84;10;28;0,045
85;10;28;1
86;10;28;0
87;10;28;0,025
88;10;28;0,175
89;10;28;0,975
90;10;28;0,01
91;10;28;1
92;10;28;0,005
93;10;28;0,545
94;10;28;0,015
95;10;28;1
96;10;28;1
97;10;28;1
98;10;28;0,75
99;10;28;1
51;11;28;1
52;11;28;0
53;11;28;0
54;11;28;0
55;11;28;0
56;11;28;0
57;11;28;0
58;11;28;1
59;11;28;0,445
60;11;28;0
61;11;28;0,085
62;11;28;1
63;11;28;1
64;11;28;0
65;11;28;0,01
66;11;28;0,07
67;11;28;1
68;11;28;1
69;11;28;0,015
70;11;28;0,03
71;11;28;0
72;11;28;0
73;11;28;1
74;11;28;1
75;11;28;0,73
76;11;28;0,37
77;11;28;1
78;11;28;1
79;11;28;1
80;11;28;1
81;11;28;0
82;11;28;0
83;11;28;0
84;11;28;0,005
85;11;28;0,985
86;11;28;0
87;11;28;0,035
88;11;28;0,475
89;11;28;0,31
90;11;28;0,03
91;11;28;1
92;11;28;0
93;11;28;0
94;11;28;0,025
95;11;28;1
96;11;28;1
97;11;28;1
98;11;28;0,085
99;11;28;1
51;12;28;1
52;12;28;0
53;12;28;0
54;12;28;0
55;12;28;0
56;12;28;0
57;12;28;0
58;12;28;1
59;12;28;0,29
60;12;28;0,005
61;12;28;0,12
62;12;28;1
63;12;28;1
64;12;28;0
65;12;28;0,005
66;12;28;0,03
67;12;28;1
68;12;28;1
69;12;28;0
70;12;28;0,03
71;12;28;0
72;12;28;0
73;12;28;0,035
74;12;28;1
75;12;28;0,01
76;12;28;0,09
77;12;28;1
78;12;28;1
79;12;28;1
80;12;28;1
81;12;28;0
82;12;28;0
83;12;28;0
84;12;28;0,005
85;12;28;0,475
86;12;28;0
87;12;28;0,005
88;12;28;0,045
89;12;28;0,955
90;12;28;0,015
91;12;28;1
92;12;28;0
93;12;28;0
94;12;28;0,005
95;12;28;1
96;12;28;1
97;12;28;1
98;12;28;0,965
99;12;28;1
51;13;28;1
52;13;28;0
53;13;28;0
54;13;28;0
55;13;28;0
56;13;28;0
57;13;28;0
58;13;28;1
59;13;28;0,255
60;13;28;0
61;13;28;0,06
62;13;28;1
63;13;28;0,725
64;13;28;0
65;13;28;0
66;13;28;0
67;13;28;1
68;13;28;1
69;13;28;0,005
70;13;28;0,08
71;13;28;0
72;13;28;0
73;13;28;0,62
74;13;28;0,925
75;13;28;0,025
76;13;28;0,175
77;13;28;0,99
78;13;28;0,195
79;13;28;1
80;13;28;1
81;13;28;0
82;13;28;0
83;13;28;0
84;13;28;0
85;13;28;0,035
86;13;28;0
87;13;28;0
88;13;28;0
89;13;28;0,11
90;13;28;0,01
91;13;28;1
92;13;28;0
93;13;28;0
94;13;28;0,035
95;13;28;1
96;13;28;1
97;13;28;1
98;13;28;0,375
99;13;28;1
51;14;28;1
52;14;28;0
53;14;28;0
54;14;28;0
55;14;28;0
56;14;28;0
57;14;28;0
58;14;28;0,73
59;14;28;0,775
60;14;28;0
61;14;28;0,015
62;14;28;1
63;14;28;1
64;14;28;0
65;14;28;0,005
66;14;28;0,01
67;14;28;1
68;14;28;1
69;14;28;0
70;14;28;0,01
71;14;28;0
72;14;28;0
73;14;28;0,735
74;14;28;0,935
75;14;28;0,05
76;14;28;0,115
77;14;28;1
78;14;28;0,745
79;14;28;0,74
80;14;28;1
81;14;28;0
82;14;28;0
83;14;28;0
84;14;28;0
85;14;28;0,075
86;14;28;0
87;14;28;0,005
88;14;28;0,085
89;14;28;0,18
90;14;28;0,02
91;14;28;1
92;14;28;0
93;14;28;0
94;14;28;0,005
95;14;28;1
96;14;28;1
97;14;28;1
98;14;28;0,045
99;14;28;1
51;15;28;1
52;15;28;0
53;15;28;0
54;15;28;0
55;15;28;0
56;15;28;0
57;15;28;0
58;15;28;0,98
59;15;28;0,87
60;15;28;0
61;15;28;0,015
62;15;28;1
63;15;28;1
64;15;28;0
65;15;28;0,005
66;15;28;0,015
67;15;28;0,995
68;15;28;1
69;15;28;0
70;15;28;0,02
71;15;28;0
72;15;28;0
73;15;28;0
74;15;28;0,975
75;15;28;0
76;15;28;0,01
77;15;28;1
78;15;28;0,195
79;15;28;0,325
80;15;28;1
81;15;28;0
82;15;28;0
83;15;28;0
84;15;28;0
85;15;28;0,03
86;15;28;0
87;15;28;0
88;15;28;0,075
89;15;28;0,03
90;15;28;0,075
91;15;28;1
92;15;28;0
93;15;28;0
94;15;28;0,005
95;15;28;1
96;15;28;1
97;15;28;1
98;15;28;0,04
99;15;28;1
51;16;28;1
52;16;28;0
53;16;28;0
54;16;28;0
55;16;28;0
56;16;28;0
57;16;28;0
58;16;28;0,07
59;16;28;0,87
60;16;28;0
61;16;28;0,015
62;16;28;1
63;16;28;0,97
64;16;28;0
65;16;28;0
66;16;28;0,275
67;16;28;1
68;16;28;1
69;16;28;0
70;16;28;0,005
71;16;28;0
72;16;28;0
73;16;28;0,01
74;16;28;0,87
75;16;28;0,005
76;16;28;0,01
77;16;28;0,98
78;16;28;0,01
79;16;28;1
80;16;28;1
81;16;28;0
82;16;28;0
83;16;28;0
84;16;28;0,01
85;16;28;0,15
86;16;28;0
87;16;28;0
88;16;28;0,025
89;16;28;0,05
90;16;28;0,015
91;16;28;1
92;16;28;0
93;16;28;0
94;16;28;0,03
95;16;28;1
96;16;28;1
97;16;28;1
98;16;28;0,1
99;16;28;1
51;17;28;1
52;17;28;0
53;17;28;0
54;17;28;0
55;17;28;0
56;17;28;0
57;17;28;0
58;17;28;0,035
59;17;28;0,045
60;17;28;0
61;17;28;0,015
62;17;28;0,39
63;17;28;1
64;17;28;0
65;17;28;0
66;17;28;0,025
67;17;28;1
68;17;28;1
69;17;28;0
70;17;28;0,015
71;17;28;0
72;17;28;0
73;17;28;0,005
74;17;28;0,755
75;17;28;0,015
76;17;28;0,02
77;17;28;1
78;17;28;0,065
79;17;28;0,95
80;17;28;1
81;17;28;0
82;17;28;0
83;17;28;0
84;17;28;0,005
85;17;28;0,045
86;17;28;0
87;17;28;0
88;17;28;0,055
89;17;28;0,085
90;17;28;0,025
91;17;28;1
92;17;28;0
93;17;28;0,01
94;17;28;0,315
95;17;28;1
96;17;28;1
97;17;28;1
98;17;28;0,02
99;17;28;1
51;2;28;1
52;2;28;0,115
53;2;28;0,045
54;2;28;1
55;2;28;0,305
56;2;28;1
57;2;28;0,225
58;2;28;1
59;2;28;0,35
60;2;28;0,455
61;2;28;1
62;2;28;1
63;2;28;1
64;2;28;1
65;2;28;0,89
66;2;28;1
67;2;28;1
68;2;28;1
69;2;28;1
70;2;28;1
71;2;28;1
72;2;28;1
73;2;28;1
74;2;28;1
75;2;28;0,315
76;2;28;0,85
77;2;28;1
78;2;28;1
79;2;28;1
80;2;28;1
81;2;28;0,995
82;2;28;0,3
83;2;28;1
84;2;28;0,54
85;2;28;1
86;2;28;0,575
87;2;28;1
88;2;28;1
89;2;28;1
90;2;28;1
91;2;28;1
92;2;28;0,735
93;2;28;1
94;2;28;0,1
95;2;28;1
96;2;28;1
97;2;28;1
98;2;28;1
99;2;28;1
51;3;28;1
52;3;28;0,145
53;3;28;0,865
54;3;28;0,115
55;3;28;0,045
56;3;28;0,85
57;3;28;0,435
58;3;28;1
59;3;28;0,415
60;3;28;0,885
61;3;28;1
62;3;28;1
63;3;28;1
64;3;28;0,695
65;3;28;0,96
66;3;28;0,92
67;3;28;1
68;3;28;1
69;3;28;1
70;3;28;0,86
71;3;28;1
72;3;28;1
73;3;28;1
74;3;28;1
75;3;28;0,455
76;3;28;0,16
77;3;28;1
78;3;28;1
79;3;28;1
80;3;28;1
81;3;28;0,885
82;3;28;0,295
83;3;28;0,975
84;3;28;0,025
85;3;28;1
86;3;28;0,99
87;3;28;0,99
88;3;28;1
89;3;28;1
90;3;28;1
91;3;28;1
92;3;28;0,995
93;3;28;1
94;3;28;0,4
95;3;28;1
96;3;28;1
97;3;28;1
98;3;28;1
99;3;28;1
51;4;28;1
52;4;28;0,035
53;4;28;0,035
54;4;28;0,69
55;4;28;0,095
56;4;28;0,265
57;4;28;0,15
58;4;28;1
59;4;28;0,76
60;4;28;0,335
61;4;28;1
62;4;28;1
63;4;28;1
64;4;28;0,715
65;4;28;0,205
66;4;28;0,815
67;4;28;1
68;4;28;1
69;4;28;1
70;4;28;0,615
71;4;28;0,99
72;4;28;1
73;4;28;1
74;4;28;1
75;4;28;0,47
76;4;28;0,12
77;4;28;1
78;4;28;1
79;4;28;1
80;4;28;1
81;4;28;0,805
82;4;28;0,045
83;4;28;0,955
84;4;28;0,685
85;4;28;1
86;4;28;0,105
87;4;28;0,885
88;4;28;1
89;4;28;1
90;4;28;1
91;4;28;1
92;4;28;0,065
93;4;28;1
94;4;28;0,57
95;4;28;1
96;4;28;1
97;4;28;1
98;4;28;1
99;4;28;1
51;5;28;1
52;5;28;0
53;5;28;0
54;5;28;0
55;5;28;0
56;5;28;0,005
57;5;28;0,07
58;5;28;1
59;5;28;0,195
60;5;28;0,17
61;5;28;1
62;5;28;1
63;5;28;1
64;5;28;0,115
65;5;28;0,445
66;5;28;0,125
67;5;28;1
68;5;28;1
69;5;28;0,86
70;5;28;0,89
71;5;28;0,995
72;5;28;1
73;5;28;1
74;5;28;1
75;5;28;0,245
76;5;28;0,11
77;5;28;1
78;5;28;1
79;5;28;1
80;5;28;1
81;5;28;0,065
82;5;28;0,275
83;5;28;0,845
84;5;28;0,245
85;5;28;1
86;5;28;0,06
87;5;28;1
88;5;28;1
89;5;28;1
90;5;28;0,975
91;5;28;1
92;5;28;0
93;5;28;1
94;5;28;0,085
95;5;28;1
96;5;28;1
97;5;28;1
98;5;28;1
99;5;28;1
51;6;28;1
52;6;28;0,005
53;6;28;0
54;6;28;0
55;6;28;0
56;6;28;0,01
57;6;28;0,02
58;6;28;1
59;6;28;0,07
60;6;28;0,16
61;6;28;1
62;6;28;1
63;6;28;1
64;6;28;0
65;6;28;0,01
66;6;28;0,735
67;6;28;1
68;6;28;1
69;6;28;0,185
70;6;28;0,56
71;6;28;0,455
72;6;28;0,995
73;6;28;1
74;6;28;1
75;6;28;0,205
76;6;28;0,555
77;6;28;1
78;6;28;1
79;6;28;1
80;6;28;1
81;6;28;0,19
82;6;28;0,065
83;6;28;0,43
84;6;28;0,705
85;6;28;1
86;6;28;0,005
87;6;28;0,505
88;6;28;1
89;6;28;1
90;6;28;0,29
91;6;28;1
92;6;28;0,02
93;6;28;0,915
94;6;28;0,07
95;6;28;1
96;6;28;1
97;6;28;1
98;6;28;1
99;6;28;1
51;7;28;1
52;7;28;0,005
53;7;28;0,005
54;7;28;0
55;7;28;0
56;7;28;0,02
57;7;28;0,025
58;7;28;1
59;7;28;0,08
60;7;28;0,04
61;7;28;1
62;7;28;1
63;7;28;1
64;7;28;0
65;7;28;0,035
66;7;28;0,73
67;7;28;1
68;7;28;1
69;7;28;0,06
70;7;28;0,46
71;7;28;0,31
72;7;28;0,99
73;7;28;1
74;7;28;1
75;7;28;0,525
76;7;28;0,45
77;7;28;1
78;7;28;1
79;7;28;1
80;7;28;1
81;7;28;0,295
82;7;28;0,315
83;7;28;0,295
84;7;28;0,005
85;7;28;0,965
86;7;28;0,015
87;7;28;0,615
88;7;28;1
89;7;28;1
90;7;28;0,325
91;7;28;1
92;7;28;0,135
93;7;28;0,98
94;7;28;0,92
95;7;28;1
96;7;28;1
97;7;28;1
98;7;28;1
99;7;28;1
51;8;28;1
52;8;28;0
53;8;28;0
54;8;28;0,005
55;8;28;0
56;8;28;0
57;8;28;0,005
58;8;28;1
59;8;28;0,29
60;8;28;0,005
61;8;28;0,855
62;8;28;1
63;8;28;1
64;8;28;0,015
65;8;28;0
66;8;28;0,005
67;8;28;1
68;8;28;1
69;8;28;0,055
70;8;28;0,23
71;8;28;0,01
72;8;28;0,695
73;8;28;1
74;8;28;1
75;8;28;0,09
76;8;28;0,805
77;8;28;1
78;8;28;1
79;8;28;1
80;8;28;1
81;8;28;0,085
82;8;28;0,01
83;8;28;0
84;8;28;0
85;8;28;1
86;8;28;0,005
87;8;28;0,045
88;8;28;0,98
89;8;28;1
90;8;28;0,02
91;8;28;1
92;8;28;0
93;8;28;0,115
94;8;28;0,05
95;8;28;1
96;8;28;1
97;8;28;1
98;8;28;1
99;8;28;1
51;9;28;1
52;9;28;0
53;9;28;0
54;9;28;0
55;9;28;0
56;9;28;0
57;9;28;0
58;9;28;1
59;9;28;0,485
60;9;28;0,005
61;9;28;0,175
62;9;28;1
63;9;28;1
64;9;28;0
65;9;28;0
66;9;28;0,02
67;9;28;1
68;9;28;1
69;9;28;0,02
70;9;28;0,555
71;9;28;0
72;9;28;0
73;9;28;1
74;9;28;1
75;9;28;0,845
76;9;28;0,83
77;9;28;1
78;9;28;1
79;9;28;1
80;9;28;1
81;9;28;0
82;9;28;0,065
83;9;28;0,53
84;9;28;0,04
85;9;28;1
86;9;28;0
87;9;28;0,03
88;9;28;1
89;9;28;1
90;9;28;0,01
91;9;28;1
92;9;28;0,175
93;9;28;0,91
94;9;28;0,875
95;9;28;1
96;9;28;1
97;9;28;1
98;9;28;1
99;9;28;1
51;1;29;1
52;1;29;0,87
53;1;29;1
54;1;29;0,745
55;1;29;1
56;1;29;0,115
57;1;29;0,705
58;1;29;0,975
59;1;29;1
60;1;29;1
61;1;29;0,865
62;1;29;1
63;1;29;1
64;1;29;0,885
65;1;29;1
66;1;29;1
67;1;29;0,96
68;1;29;1
69;1;29;1
70;1;29;0,03
71;1;29;1
72;1;29;0,405
73;1;29;1
74;1;29;1
75;1;29;0,655
76;1;29;1
77;1;29;1
78;1;29;1
79;1;29;0,205
80;1;29;1
81;1;29;0,615
82;1;29;0,81
83;1;29;0,96
84;1;29;1
85;1;29;1
86;1;29;1
87;1;29;0,87
88;1;29;0,985
89;1;29;1
90;1;29;0,905
91;1;29;0,88
92;1;29;1
93;1;29;1
94;1;29;1
95;1;29;1
96;1;29;1
97;1;29;1
98;1;29;0,415
99;1;29;1
51;10;29;1
52;10;29;0,02
53;10;29;1
54;10;29;0,73
55;10;29;1
56;10;29;0
57;10;29;0
58;10;29;0
59;10;29;0,005
60;10;29;1
61;10;29;0,04
62;10;29;1
63;10;29;0,5
64;10;29;0
65;10;29;0
66;10;29;0
67;10;29;0,025
68;10;29;1
69;10;29;0,085
70;10;29;0
71;10;29;0,06
72;10;29;0,045
73;10;29;0,85
74;10;29;1
75;10;29;0
76;10;29;0
77;10;29;0,625
78;10;29;0,02
79;10;29;0
80;10;29;0,245
81;10;29;0
82;10;29;0
83;10;29;0
84;10;29;1
85;10;29;0
86;10;29;1
87;10;29;0,02
88;10;29;0
89;10;29;0,665
90;10;29;0
91;10;29;0,01
92;10;29;1
93;10;29;0,23
94;10;29;1
95;10;29;1
96;10;29;0
97;10;29;0,81
98;10;29;0,03
99;10;29;1
51;11;29;1
52;11;29;0
53;11;29;1
54;11;29;0,945
55;11;29;1
56;11;29;0
57;11;29;0
58;11;29;0
59;11;29;0,02
60;11;29;1
61;11;29;0,005
62;11;29;1
63;11;29;0,855
64;11;29;0
65;11;29;0
66;11;29;0
67;11;29;0,01
68;11;29;1
69;11;29;0,02
70;11;29;0
71;11;29;0,015
72;11;29;0,09
73;11;29;1
74;11;29;0,775
75;11;29;0
76;11;29;0
77;11;29;0,015
78;11;29;0,02
79;11;29;0
80;11;29;0,63
81;11;29;0
82;11;29;0
83;11;29;0
84;11;29;1
85;11;29;0
86;11;29;1
87;11;29;0,025
88;11;29;0
89;11;29;0,95
90;11;29;0
91;11;29;0
92;11;29;1
93;11;29;0,01
94;11;29;1
95;11;29;1
96;11;29;0,025
97;11;29;0,855
98;11;29;0,025
99;11;29;1
51;12;29;1
52;12;29;0
53;12;29;1
54;12;29;0,22
55;12;29;0,995
56;12;29;0
57;12;29;0
58;12;29;0
59;12;29;0,02
60;12;29;1
61;12;29;0,005
62;12;29;1
63;12;29;0,99
64;12;29;0
65;12;29;0
66;12;29;0
67;12;29;0
68;12;29;1
69;12;29;0,005
70;12;29;0
71;12;29;0,005
72;12;29;0
73;12;29;0,88
74;12;29;0,545
75;12;29;0
76;12;29;0
77;12;29;0,025
78;12;29;0,01
79;12;29;0
80;12;29;0,025
81;12;29;0
82;12;29;0
83;12;29;0
84;12;29;1
85;12;29;0
86;12;29;1
87;12;29;0,015
88;12;29;0
89;12;29;0,065
90;12;29;0
91;12;29;0
92;12;29;1
93;12;29;0,015
94;12;29;1
95;12;29;1
96;12;29;0
97;12;29;0,05
98;12;29;0,04
99;12;29;1
51;13;29;1
52;13;29;0,015
53;13;29;1
54;13;29;0,445
55;13;29;1
56;13;29;0
57;13;29;0
58;13;29;0
59;13;29;0,09
60;13;29;1
61;13;29;0,015
62;13;29;1
63;13;29;0,215
64;13;29;0
65;13;29;0
66;13;29;0
67;13;29;0,015
68;13;29;1
69;13;29;0,03
70;13;29;0
71;13;29;0
72;13;29;0,05
73;13;29;0,83
74;13;29;0,97
75;13;29;0
76;13;29;0
77;13;29;0,04
78;13;29;0,01
79;13;29;0
80;13;29;0,015
81;13;29;0
82;13;29;0
83;13;29;0
84;13;29;1
85;13;29;0
86;13;29;1
87;13;29;0,015
88;13;29;0
89;13;29;0,095
90;13;29;0
91;13;29;0,005
92;13;29;0,995
93;13;29;0,02
94;13;29;1
95;13;29;1
96;13;29;0
97;13;29;0,495
98;13;29;0,01
99;13;29;0,745
51;14;29;1
52;14;29;0
53;14;29;1
54;14;29;0,735
55;14;29;0,43
56;14;29;0
57;14;29;0
58;14;29;0
59;14;29;0,02
60;14;29;1
61;14;29;0,005
62;14;29;1
63;14;29;0,915
64;14;29;0
65;14;29;0
66;14;29;0
67;14;29;0,01
68;14;29;0,995
69;14;29;0,015
70;14;29;0
71;14;29;0
72;14;29;0,015
73;14;29;0,045
74;14;29;0,695
75;14;29;0
76;14;29;0
77;14;29;0,005
78;14;29;0,025
79;14;29;0
80;14;29;0,01
81;14;29;0
82;14;29;0
83;14;29;0
84;14;29;1
85;14;29;0
86;14;29;1
87;14;29;0,005
88;14;29;0
89;14;29;0,09
90;14;29;0
91;14;29;0
92;14;29;0,5
93;14;29;0,01
94;14;29;1
95;14;29;1
96;14;29;0
97;14;29;0,025
98;14;29;0,005
99;14;29;0,235
51;15;29;1
52;15;29;0,01
53;15;29;1
54;15;29;0,66
55;15;29;0,975
56;15;29;0
57;15;29;0
58;15;29;0
59;15;29;0
60;15;29;1
61;15;29;0,015
62;15;29;1
63;15;29;0,64
64;15;29;0
65;15;29;0
66;15;29;0,005
67;15;29;0,025
68;15;29;1
69;15;29;0,02
70;15;29;0
71;15;29;0
72;15;29;0,005
73;15;29;0,035
74;15;29;0,02
75;15;29;0
76;15;29;0
77;15;29;0,035
78;15;29;0,01
79;15;29;0
80;15;29;0,015
81;15;29;0
82;15;29;0
83;15;29;0
84;15;29;1
85;15;29;0
86;15;29;1
87;15;29;0,02
88;15;29;0
89;15;29;0,045
90;15;29;0
91;15;29;0
92;15;29;1
93;15;29;0,03
94;15;29;1
95;15;29;1
96;15;29;0
97;15;29;0,44
98;15;29;0,015
99;15;29;0,96
51;16;29;1
52;16;29;0,01
53;16;29;1
54;16;29;0,335
55;16;29;0,94
56;16;29;0
57;16;29;0
58;16;29;0
59;16;29;0,005
60;16;29;0,99
61;16;29;0,025
62;16;29;1
63;16;29;0,745
64;16;29;0
65;16;29;0
66;16;29;0
67;16;29;0,025
68;16;29;1
69;16;29;0,015
70;16;29;0
71;16;29;0
72;16;29;0,015
73;16;29;0,02
74;16;29;0,235
75;16;29;0
76;16;29;0
77;16;29;0,01
78;16;29;0,025
79;16;29;0
80;16;29;0,015
81;16;29;0
82;16;29;0
83;16;29;0
84;16;29;0,995
85;16;29;0
86;16;29;0,99
87;16;29;0,015
88;16;29;0
89;16;29;0,07
90;16;29;0
91;16;29;0
92;16;29;0,08
93;16;29;0,015
94;16;29;1
95;16;29;1
96;16;29;0
97;16;29;0,3
98;16;29;0
99;16;29;0,48
51;17;29;1
52;17;29;0,01
53;17;29;1
54;17;29;0,285
55;17;29;0,53
56;17;29;0
57;17;29;0
58;17;29;0
59;17;29;0
60;17;29;1
61;17;29;0,05
62;17;29;0,995
63;17;29;0,87
64;17;29;0
65;17;29;0
66;17;29;0
67;17;29;0,005
68;17;29;0,85
69;17;29;0,02
70;17;29;0
71;17;29;0
72;17;29;0,01
73;17;29;0,035
74;17;29;0,63
75;17;29;0
76;17;29;0
77;17;29;0,04
78;17;29;0,015
79;17;29;0
80;17;29;0,06
81;17;29;0
82;17;29;0
83;17;29;0
84;17;29;1
85;17;29;0
86;17;29;0,31
87;17;29;0,03
88;17;29;0
89;17;29;0,08
90;17;29;0
91;17;29;0
92;17;29;0,345
93;17;29;0,02
94;17;29;1
95;17;29;1
96;17;29;0
97;17;29;0,41
98;17;29;0,01
99;17;29;0,175
51;2;29;1
52;2;29;0,22
53;2;29;1
54;2;29;1
55;2;29;1
56;2;29;0,015
57;2;29;0,07
58;2;29;0,985
59;2;29;1
60;2;29;1
61;2;29;0,965
62;2;29;1
63;2;29;1
64;2;29;1
65;2;29;0,62
66;2;29;1
67;2;29;0,115
68;2;29;1
69;2;29;1
70;2;29;0,05
71;2;29;1
72;2;29;0,515
73;2;29;1
74;2;29;1
75;2;29;0,4
76;2;29;1
77;2;29;1
78;2;29;1
79;2;29;0,055
80;2;29;1
81;2;29;0,265
82;2;29;0,8
83;2;29;0,96
84;2;29;1
85;2;29;1
86;2;29;1
87;2;29;0,775
88;2;29;1
89;2;29;1
90;2;29;0,275
91;2;29;0,205
92;2;29;1
93;2;29;1
94;2;29;1
95;2;29;1
96;2;29;1
97;2;29;1
98;2;29;0,72
99;2;29;1
51;3;29;1
52;3;29;0,365
53;3;29;1
54;3;29;1
55;3;29;1
56;3;29;0,09
57;3;29;0,075
58;3;29;0
59;3;29;1
60;3;29;1
61;3;29;0,895
62;3;29;1
63;3;29;1
64;3;29;0,075
65;3;29;0,595
66;3;29;1
67;3;29;0,42
68;3;29;1
69;3;29;1
70;3;29;0,025
71;3;29;1
72;3;29;0,91
73;3;29;1
74;3;29;1
75;3;29;0,005
76;3;29;1
77;3;29;1
78;3;29;0,975
79;3;29;0
80;3;29;1
81;3;29;0
82;3;29;0,035
83;3;29;0,325
84;3;29;1
85;3;29;1
86;3;29;1
87;3;29;0,9
88;3;29;0,01
89;3;29;1
90;3;29;0,18
91;3;29;0,48
92;3;29;1
93;3;29;1
94;3;29;1
95;3;29;1
96;3;29;0,815
97;3;29;1
98;3;29;0,41
99;3;29;1
51;4;29;1
52;4;29;0,27
53;4;29;1
54;4;29;0,9
55;4;29;1
56;4;29;0,04
57;4;29;0,005
58;4;29;0
59;4;29;0,395
60;4;29;1
61;4;29;0,035
62;4;29;1
63;4;29;1
64;4;29;0,2
65;4;29;0,73
66;4;29;1
67;4;29;0,3
68;4;29;1
69;4;29;1
70;4;29;0
71;4;29;1
72;4;29;0,765
73;4;29;1
74;4;29;0,985
75;4;29;0
76;4;29;0,06
77;4;29;1
78;4;29;0,18
79;4;29;0
80;4;29;1
81;4;29;0
82;4;29;0,04
83;4;29;0,23
84;4;29;1
85;4;29;1
86;4;29;1
87;4;29;0,595
88;4;29;0,04
89;4;29;1
90;4;29;0
91;4;29;0,48
92;4;29;1
93;4;29;1
94;4;29;1
95;4;29;1
96;4;29;0,7
97;4;29;1
98;4;29;0,85
99;4;29;1
51;5;29;1
52;5;29;0,4
53;5;29;1
54;5;29;0,95
55;5;29;1
56;5;29;0,025
57;5;29;0
58;5;29;0
59;5;29;0,38
60;5;29;1
61;5;29;0,055
62;5;29;1
63;5;29;0,97
64;5;29;0
65;5;29;0,02
66;5;29;0,2
67;5;29;0,93
68;5;29;1
69;5;29;0,995
70;5;29;0
71;5;29;1
72;5;29;0,15
73;5;29;1
74;5;29;0,99
75;5;29;0
76;5;29;0,05
77;5;29;1
78;5;29;0,68
79;5;29;0
80;5;29;0,995
81;5;29;0
82;5;29;0
83;5;29;0,02
84;5;29;1
85;5;29;0,64
86;5;29;1
87;5;29;0,705
88;5;29;0
89;5;29;1
90;5;29;0,065
91;5;29;0,15
92;5;29;1
93;5;29;1
94;5;29;1
95;5;29;1
96;5;29;0,005
97;5;29;1
98;5;29;0,06
99;5;29;1
51;6;29;1
52;6;29;0,025
53;6;29;1
54;6;29;0,98
55;6;29;1
56;6;29;0,01
57;6;29;0
58;6;29;0
59;6;29;0,555
60;6;29;1
61;6;29;0,01
62;6;29;1
63;6;29;0,995
64;6;29;0,01
65;6;29;0,06
66;6;29;0,015
67;6;29;0,055
68;6;29;1
69;6;29;0,175
70;6;29;0
71;6;29;1
72;6;29;0,49
73;6;29;1
74;6;29;0,95
75;6;29;0
76;6;29;0,315
77;6;29;1
78;6;29;0,885
79;6;29;0
80;6;29;0,9
81;6;29;0
82;6;29;0
83;6;29;0
84;6;29;1
85;6;29;0,025
86;6;29;1
87;6;29;0,075
88;6;29;0,005
89;6;29;1
90;6;29;0,07
91;6;29;0,03
92;6;29;1
93;6;29;1
94;6;29;1
95;6;29;1
96;6;29;0
97;6;29;1
98;6;29;0,055
99;6;29;1
51;7;29;1
52;7;29;0,01
53;7;29;1
54;7;29;0,865
55;7;29;1
56;7;29;0
57;7;29;0
58;7;29;0
59;7;29;0,02
60;7;29;1
61;7;29;0,015
62;7;29;1
63;7;29;0,93
64;7;29;0,015
65;7;29;0
66;7;29;0,055
67;7;29;0,165
68;7;29;1
69;7;29;0,965
70;7;29;0
71;7;29;1
72;7;29;0,175
73;7;29;0,955
74;7;29;1
75;7;29;0
76;7;29;0
77;7;29;0,355
78;7;29;0,005
79;7;29;0
80;7;29;0,12
81;7;29;0
82;7;29;0
83;7;29;0
84;7;29;1
85;7;29;0,035
86;7;29;1
87;7;29;0,06
88;7;29;0
89;7;29;1
90;7;29;0
91;7;29;0,01
92;7;29;1
93;7;29;0,995
94;7;29;1
95;7;29;1
96;7;29;0
97;7;29;1
98;7;29;0,005
99;7;29;1
51;8;29;1
52;8;29;0,01
53;8;29;1
54;8;29;0,99
55;8;29;1
56;8;29;0
57;8;29;0
58;8;29;0
59;8;29;0,005
60;8;29;1
61;8;29;0,035
62;8;29;1
63;8;29;0,495
64;8;29;0,02
65;8;29;0,02
66;8;29;0,105
67;8;29;0,635
68;8;29;1
69;8;29;0,83
70;8;29;0
71;8;29;0,8
72;8;29;0,08
73;8;29;0,875
74;8;29;0,995
75;8;29;0
76;8;29;0
77;8;29;0,985
78;8;29;0
79;8;29;0
80;8;29;0,215
81;8;29;0
82;8;29;0
83;8;29;0
84;8;29;1
85;8;29;0
86;8;29;1
87;8;29;0,02
88;8;29;0
89;8;29;0,935
90;8;29;0
91;8;29;0,035
92;8;29;1
93;8;29;0,92
94;8;29;1
95;8;29;1
96;8;29;0,02
97;8;29;1
98;8;29;0,045
99;8;29;1
51;9;29;1
52;9;29;0,015
53;9;29;1
54;9;29;0,545
55;9;29;1
56;9;29;0
57;9;29;0
58;9;29;0
59;9;29;0,2
60;9;29;1
61;9;29;0,035
62;9;29;1
63;9;29;0,69
64;9;29;0
65;9;29;0
66;9;29;0
67;9;29;0,04
68;9;29;1
69;9;29;0,205
70;9;29;0
71;9;29;0,74
72;9;29;0,255
73;9;29;0,915
74;9;29;1
75;9;29;0
76;9;29;0
77;9;29;0,225
78;9;29;0,035
79;9;29;0
80;9;29;0,005
81;9;29;0
82;9;29;0
83;9;29;0
84;9;29;1
85;9;29;0,105
86;9;29;1
87;9;29;0,055
88;9;29;0
89;9;29;0,48
90;9;29;0,01
91;9;29;0,015
92;9;29;1
93;9;29;0,345
94;9;29;1
95;9;29;1
96;9;29;0,03
97;9;29;1
98;9;29;0,155
99;9;29;1
51;1;3;1
52;1;3;1
53;1;3;1
54;1;3;0,935
55;1;3;1
56;1;3;1
57;1;3;1
58;1;3;1
59;1;3;1
60;1;3;1
61;1;3;0,16
62;1;3;0,905
63;1;3;1
64;1;3;0,975
65;1;3;1
66;1;3;0,78
67;1;3;1
68;1;3;1
69;1;3;1
70;1;3;1
71;1;3;1
72;1;3;1
73;1;3;0,585
74;1;3;0,605
75;1;3;1
76;1;3;1
77;1;3;1
78;1;3;1
79;1;3;1
80;1;3;0,94
81;1;3;1
82;1;3;0,46
83;1;3;0,49
84;1;3;0,87
85;1;3;1
86;1;3;1
87;1;3;0,96
88;1;3;1
89;1;3;1
90;1;3;1
91;1;3;1
92;1;3;1
93;1;3;1
94;1;3;1
95;1;3;1
96;1;3;1
97;1;3;1
98;1;3;1
99;1;3;0,665
51;10;3;1
52;10;3;0
53;10;3;0
54;10;3;0,085
55;10;3;0,6
56;10;3;0,99
57;10;3;1
58;10;3;1
59;10;3;1
60;10;3;1
61;10;3;0,005
62;10;3;0
63;10;3;0
64;10;3;0,015
65;10;3;0,51
66;10;3;0,135
67;10;3;0,32
68;10;3;1
69;10;3;1
70;10;3;1
71;10;3;1
72;10;3;1
73;10;3;0
74;10;3;0
75;10;3;0,03
76;10;3;1
77;10;3;0,01
78;10;3;1
79;10;3;1
80;10;3;0,125
81;10;3;0
82;10;3;0
83;10;3;0
84;10;3;0
85;10;3;1
86;10;3;0,03
87;10;3;0,345
88;10;3;1
89;10;3;0,12
90;10;3;0,94
91;10;3;1
92;10;3;0
93;10;3;0
94;10;3;0,98
95;10;3;0
96;10;3;0
97;10;3;0,02
98;10;3;1
99;10;3;0,26
51;11;3;1
52;11;3;0
53;11;3;0
54;11;3;0
55;11;3;0,04
56;11;3;0,755
57;11;3;1
58;11;3;1
59;11;3;1
60;11;3;1
61;11;3;0,08
62;11;3;0,15
63;11;3;0
64;11;3;0,025
65;11;3;0,04
66;11;3;0,015
67;11;3;0,205
68;11;3;1
69;11;3;0,995
70;11;3;0,955
71;11;3;1
72;11;3;1
73;11;3;0
74;11;3;0
75;11;3;0,05
76;11;3;1
77;11;3;0,01
78;11;3;1
79;11;3;1
80;11;3;0,04
81;11;3;0
82;11;3;0
83;11;3;0
84;11;3;0
85;11;3;1
86;11;3;0,54
87;11;3;0,695
88;11;3;1
89;11;3;0
90;11;3;0,03
91;11;3;1
92;11;3;0
93;11;3;0,03
94;11;3;0,67
95;11;3;0
96;11;3;0
97;11;3;0,07
98;11;3;1
99;11;3;0,265
51;12;3;1
52;12;3;0
53;12;3;0
54;12;3;0
55;12;3;0,115
56;12;3;0,285
57;12;3;1
58;12;3;1
59;12;3;1
60;12;3;1
61;12;3;0
62;12;3;0,005
63;12;3;0
64;12;3;0,035
65;12;3;0
66;12;3;0
67;12;3;0,025
68;12;3;1
69;12;3;1
70;12;3;0,47
71;12;3;1
72;12;3;1
73;12;3;0
74;12;3;0
75;12;3;0,015
76;12;3;1
77;12;3;0
78;12;3;1
79;12;3;1
80;12;3;0,07
81;12;3;0
82;12;3;0
83;12;3;0
84;12;3;0
85;12;3;1
86;12;3;0,795
87;12;3;0,71
88;12;3;1
89;12;3;0,01
90;12;3;0,06
91;12;3;1
92;12;3;0
93;12;3;0,01
94;12;3;0,93
95;12;3;0
96;12;3;0,005
97;12;3;0,03
98;12;3;1
99;12;3;0,07
51;13;3;1
52;13;3;0
53;13;3;0
54;13;3;0
55;13;3;0
56;13;3;0,17
57;13;3;1
58;13;3;1
59;13;3;1
60;13;3;1
61;13;3;0
62;13;3;0
63;13;3;0
64;13;3;0,015
65;13;3;0,005
66;13;3;0,04
67;13;3;0,625
68;13;3;0,915
69;13;3;0,53
70;13;3;0,955
71;13;3;1
72;13;3;0,915
73;13;3;0
74;13;3;0
75;13;3;0,005
76;13;3;0,795
77;13;3;0
78;13;3;0,015
79;13;3;1
80;13;3;0
81;13;3;0
82;13;3;0
83;13;3;0
84;13;3;0,01
85;13;3;0,91
86;13;3;0,955
87;13;3;0,145
88;13;3;1
89;13;3;0
90;13;3;0
91;13;3;0,195
92;13;3;0
93;13;3;0,03
94;13;3;0,875
95;13;3;0
96;13;3;0,005
97;13;3;0,065
98;13;3;1
99;13;3;0,025
51;14;3;1
52;14;3;0
53;14;3;0
54;14;3;0
55;14;3;0,025
56;14;3;0,3
57;14;3;1
58;14;3;1
59;14;3;1
60;14;3;1
61;14;3;0
62;14;3;0,005
63;14;3;0
64;14;3;0,015
65;14;3;0
66;14;3;0,005
67;14;3;0,045
68;14;3;1
69;14;3;0,7
70;14;3;0,98
71;14;3;1
72;14;3;0,19
73;14;3;0
74;14;3;0
75;14;3;0,01
76;14;3;0,345
77;14;3;0,005
78;14;3;0,545
79;14;3;1
80;14;3;0,015
81;14;3;0
82;14;3;0
83;14;3;0
84;14;3;0,01
85;14;3;1
86;14;3;0,325
87;14;3;0,105
88;14;3;1
89;14;3;0
90;14;3;0,005
91;14;3;0,99
92;14;3;0
93;14;3;0
94;14;3;0,15
95;14;3;0
96;14;3;0
97;14;3;0,025
98;14;3;1
99;14;3;0,29
51;15;3;1
52;15;3;0
53;15;3;0
54;15;3;0
55;15;3;0,04
56;15;3;0,025
57;15;3;1
58;15;3;1
59;15;3;1
60;15;3;1
61;15;3;0
62;15;3;0,04
63;15;3;0
64;15;3;0,02
65;15;3;0
66;15;3;0
67;15;3;0,01
68;15;3;0,835
69;15;3;0,905
70;15;3;0,955
71;15;3;1
72;15;3;0,05
73;15;3;0
74;15;3;0
75;15;3;0,01
76;15;3;0,715
77;15;3;0,005
78;15;3;0,995
79;15;3;1
80;15;3;0,01
81;15;3;0
82;15;3;0
83;15;3;0
84;15;3;0,01
85;15;3;0,95
86;15;3;0,99
87;15;3;0,84
88;15;3;1
89;15;3;0
90;15;3;0,02
91;15;3;0,935
92;15;3;0
93;15;3;0
94;15;3;0,115
95;15;3;0
96;15;3;0
97;15;3;0
98;15;3;1
99;15;3;0,13
51;16;3;1
52;16;3;0
53;16;3;0
54;16;3;0
55;16;3;0,02
56;16;3;0,24
57;16;3;1
58;16;3;1
59;16;3;1
60;16;3;1
61;16;3;0
62;16;3;0,045
63;16;3;0
64;16;3;0,01
65;16;3;0,005
66;16;3;0,005
67;16;3;0,05
68;16;3;0,995
69;16;3;0,93
70;16;3;0,97
71;16;3;1
72;16;3;0,755
73;16;3;0
74;16;3;0
75;16;3;0,01
76;16;3;0,91
77;16;3;0
78;16;3;0,47
79;16;3;1
80;16;3;0,01
81;16;3;0
82;16;3;0
83;16;3;0
84;16;3;0,005
85;16;3;1
86;16;3;0,795
87;16;3;0,08
88;16;3;1
89;16;3;0
90;16;3;0
91;16;3;0,215
92;16;3;0
93;16;3;0,005
94;16;3;0,115
95;16;3;0
96;16;3;0
97;16;3;0
98;16;3;1
99;16;3;0,04
51;17;3;1
52;17;3;0
53;17;3;0
54;17;3;0
55;17;3;0,045
56;17;3;0,015
57;17;3;1
58;17;3;1
59;17;3;1
60;17;3;1
61;17;3;0
62;17;3;0,01
63;17;3;0
64;17;3;0,005
65;17;3;0
66;17;3;0
67;17;3;0,005
68;17;3;1
69;17;3;0,72
70;17;3;0,725
71;17;3;1
72;17;3;0,315
73;17;3;0
74;17;3;0
75;17;3;0,01
76;17;3;0,62
77;17;3;0
78;17;3;0,01
79;17;3;1
80;17;3;0,01
81;17;3;0
82;17;3;0
83;17;3;0
84;17;3;0,015
85;17;3;0,94
86;17;3;0,725
87;17;3;0,26
88;17;3;1
89;17;3;0
90;17;3;0,01
91;17;3;0,46
92;17;3;0
93;17;3;0
94;17;3;0
95;17;3;0
96;17;3;0,01
97;17;3;0,025
98;17;3;1
99;17;3;0,9
51;2;3;1
52;2;3;1
53;2;3;1
54;2;3;0,325
55;2;3;1
56;2;3;1
57;2;3;1
58;2;3;1
59;2;3;1
60;2;3;1
61;2;3;0,295
62;2;3;0,42
63;2;3;1
64;2;3;0,375
65;2;3;1
66;2;3;0,575
67;2;3;1
68;2;3;1
69;2;3;1
70;2;3;1
71;2;3;1
72;2;3;1
73;2;3;0,56
74;2;3;0,82
75;2;3;1
76;2;3;1
77;2;3;1
78;2;3;1
79;2;3;1
80;2;3;1
81;2;3;0,965
82;2;3;0,265
83;2;3;0,56
84;2;3;0,955
85;2;3;1
86;2;3;1
87;2;3;0,845
88;2;3;1
89;2;3;1
90;2;3;1
91;2;3;1
92;2;3;1
93;2;3;0,97
94;2;3;1
95;2;3;1
96;2;3;0,995
97;2;3;1
98;2;3;1
99;2;3;0,15
51;3;3;1
52;3;3;1
53;3;3;0,985
54;3;3;0,895
55;3;3;1
56;3;3;1
57;3;3;1
58;3;3;1
59;3;3;1
60;3;3;1
61;3;3;0,225
62;3;3;0,685
63;3;3;1
64;3;3;0,335
65;3;3;1
66;3;3;0,995
67;3;3;0,98
68;3;3;1
69;3;3;1
70;3;3;0,995
71;3;3;1
72;3;3;1
73;3;3;0,785
74;3;3;0,82
75;3;3;0,875
76;3;3;1
77;3;3;1
78;3;3;1
79;3;3;1
80;3;3;0,915
81;3;3;0,36
82;3;3;0,24
83;3;3;0,705
84;3;3;0,88
85;3;3;1
86;3;3;0,965
87;3;3;0,98
88;3;3;1
89;3;3;0,995
90;3;3;1
91;3;3;1
92;3;3;1
93;3;3;0,705
94;3;3;1
95;3;3;0,975
96;3;3;0,89
97;3;3;1
98;3;3;1
99;3;3;0,26
51;4;3;1
52;4;3;0,835
53;4;3;0,11
54;4;3;0,815
55;4;3;1
56;4;3;1
57;4;3;1
58;4;3;1
59;4;3;1
60;4;3;1
61;4;3;0,255
62;4;3;0,13
63;4;3;0,99
64;4;3;0,095
65;4;3;0,745
66;4;3;0,765
67;4;3;1
68;4;3;1
69;4;3;1
70;4;3;0,92
71;4;3;1
72;4;3;1
73;4;3;0,075
74;4;3;0,235
75;4;3;0,945
76;4;3;1
77;4;3;0,735
78;4;3;1
79;4;3;1
80;4;3;0,06
81;4;3;0,82
82;4;3;0,255
83;4;3;0,09
84;4;3;0,245
85;4;3;1
86;4;3;0,955
87;4;3;1
88;4;3;1
89;4;3;0,995
90;4;3;1
91;4;3;1
92;4;3;0,94
93;4;3;0,555
94;4;3;1
95;4;3;0,975
96;4;3;0,785
97;4;3;1
98;4;3;1
99;4;3;0,03
51;5;3;1
52;5;3;0,09
53;5;3;0,105
54;5;3;0,01
55;5;3;1
56;5;3;1
57;5;3;1
58;5;3;1
59;5;3;1
60;5;3;1
61;5;3;0
62;5;3;0,47
63;5;3;1
64;5;3;0,575
65;5;3;0,825
66;5;3;0,98
67;5;3;0,98
68;5;3;1
69;5;3;1
70;5;3;0,985
71;5;3;1
72;5;3;1
73;5;3;0,05
74;5;3;0,1
75;5;3;0,665
76;5;3;1
77;5;3;0,98
78;5;3;1
79;5;3;1
80;5;3;0,325
81;5;3;0,04
82;5;3;0,005
83;5;3;0,1
84;5;3;0,065
85;5;3;1
86;5;3;1
87;5;3;0,335
88;5;3;1
89;5;3;0,05
90;5;3;1
91;5;3;1
92;5;3;0,345
93;5;3;1
94;5;3;1
95;5;3;0,655
96;5;3;0,3
97;5;3;1
98;5;3;1
99;5;3;0,17
51;6;3;1
52;6;3;0,02
53;6;3;0,025
54;6;3;0,01
55;6;3;0,995
56;6;3;1
57;6;3;1
58;6;3;1
59;6;3;1
60;6;3;1
61;6;3;0
62;6;3;0,16
63;6;3;0,915
64;6;3;0,375
65;6;3;0,755
66;6;3;1
67;6;3;0,985
68;6;3;1
69;6;3;1
70;6;3;0,965
71;6;3;1
72;6;3;1
73;6;3;0,005
74;6;3;0
75;6;3;0,055
76;6;3;1
77;6;3;0,01
78;6;3;1
79;6;3;1
80;6;3;0,295
81;6;3;0
82;6;3;0
83;6;3;0,005
84;6;3;0,035
85;6;3;1
86;6;3;1
87;6;3;0,695
88;6;3;1
89;6;3;0,035
90;6;3;1
91;6;3;1
92;6;3;0,065
93;6;3;0,155
94;6;3;1
95;6;3;0,035
96;6;3;0,725
97;6;3;0,975
98;6;3;1
99;6;3;0,785
51;7;3;1
52;7;3;0
53;7;3;0,01
54;7;3;0,035
55;7;3;0,85
56;7;3;0,97
57;7;3;1
58;7;3;1
59;7;3;1
60;7;3;1
61;7;3;0,065
62;7;3;0,33
63;7;3;0,65
64;7;3;0,29
65;7;3;0,695
66;7;3;0,415
67;7;3;0,985
68;7;3;1
69;7;3;1
70;7;3;0,855
71;7;3;1
72;7;3;1
73;7;3;0
74;7;3;0,005
75;7;3;0,52
76;7;3;1
77;7;3;0,005
78;7;3;1
79;7;3;1
80;7;3;0,015
81;7;3;0
82;7;3;0
83;7;3;0,03
84;7;3;0,02
85;7;3;1
86;7;3;0,66
87;7;3;0,365
88;7;3;1
89;7;3;0,85
90;7;3;0,525
91;7;3;1
92;7;3;0,06
93;7;3;0,21
94;7;3;1
95;7;3;0,015
96;7;3;0,445
97;7;3;0,895
98;7;3;1
99;7;3;0,315
51;8;3;1
52;8;3;0
53;8;3;0,01
54;8;3;0,09
55;8;3;0,97
56;8;3;1
57;8;3;1
58;8;3;1
59;8;3;1
60;8;3;1
61;8;3;0
62;8;3;0,055
63;8;3;0,26
64;8;3;0,605
65;8;3;0,96
66;8;3;0,145
67;8;3;0,6
68;8;3;1
69;8;3;1
70;8;3;0,98
71;8;3;1
72;8;3;1
73;8;3;0
74;8;3;0
75;8;3;0,015
76;8;3;1
77;8;3;0,015
78;8;3;1
79;8;3;1
80;8;3;0,075
81;8;3;0
82;8;3;0
83;8;3;0
84;8;3;0,045
85;8;3;1
86;8;3;1
87;8;3;0,735
88;8;3;1
89;8;3;0,83
90;8;3;0,31
91;8;3;1
92;8;3;0,235
93;8;3;0,185
94;8;3;1
95;8;3;0,04
96;8;3;0,015
97;8;3;0,365
98;8;3;1
99;8;3;0,44
51;9;3;1
52;9;3;0
53;9;3;0
54;9;3;0,005
55;9;3;0,625
56;9;3;1
57;9;3;1
58;9;3;1
59;9;3;1
60;9;3;1
61;9;3;0
62;9;3;0,01
63;9;3;0,005
64;9;3;0,015
65;9;3;0,45
66;9;3;0,43
67;9;3;0,475
68;9;3;1
69;9;3;1
70;9;3;0,945
71;9;3;1
72;9;3;1
73;9;3;0
74;9;3;0
75;9;3;0,005
76;9;3;1
77;9;3;0,005
78;9;3;1
79;9;3;1
80;9;3;0,06
81;9;3;0
82;9;3;0
83;9;3;0
84;9;3;0,005
85;9;3;1
86;9;3;0,97
87;9;3;1
88;9;3;1
89;9;3;0,01
90;9;3;0,2
91;9;3;1
92;9;3;0,005
93;9;3;0,04
94;9;3;0,985
95;9;3;0
96;9;3;0
97;9;3;0,18
98;9;3;1
99;9;3;0,995
51;1;30;1
52;1;30;0,925
53;1;30;0,745
54;1;30;1
55;1;30;0,435
56;1;30;0,995
57;1;30;0,55
58;1;30;1
59;1;30;0,66
60;1;30;1
61;1;30;1
62;1;30;1
63;1;30;1
64;1;30;1
65;1;30;1
66;1;30;1
67;1;30;1
68;1;30;0,565
69;1;30;1
70;1;30;0,46
71;1;30;1
72;1;30;1
73;1;30;1
74;1;30;1
75;1;30;1
76;1;30;0,91
77;1;30;0,245
78;1;30;0,575
79;1;30;1
80;1;30;0,68
81;1;30;1
82;1;30;0,885
83;1;30;1
84;1;30;0,985
85;1;30;1
86;1;30;1
87;1;30;1
88;1;30;1
89;1;30;1
90;1;30;0,865
91;1;30;1
92;1;30;0,445
93;1;30;1
94;1;30;1
95;1;30;1
96;1;30;0,89
97;1;30;0,575
98;1;30;0,555
99;1;30;1
51;10;30;1
52;10;30;0
53;10;30;0
54;10;30;0
55;10;30;0
56;10;30;0
57;10;30;0
58;10;30;0
59;10;30;0
60;10;30;0
61;10;30;1
62;10;30;1
63;10;30;0
64;10;30;0,005
65;10;30;0,07
66;10;30;1
67;10;30;0
68;10;30;0
69;10;30;0,085
70;10;30;0,01
71;10;30;0
72;10;30;0,01
73;10;30;1
74;10;30;1
75;10;30;1
76;10;30;0
77;10;30;0
78;10;30;0
79;10;30;0
80;10;30;0
81;10;30;0
82;10;30;0,015
83;10;30;1
84;10;30;0,08
85;10;30;0,01
86;10;30;0,07
87;10;30;1
88;10;30;1
89;10;30;1
90;10;30;0
91;10;30;0,62
92;10;30;0,945
93;10;30;1
94;10;30;0,045
95;10;30;1
96;10;30;0
97;10;30;0,005
98;10;30;0,045
99;10;30;1
51;11;30;1
52;11;30;0
53;11;30;0
54;11;30;0
55;11;30;0
56;11;30;0
57;11;30;0
58;11;30;0
59;11;30;0
60;11;30;0
61;11;30;1
62;11;30;1
63;11;30;0
64;11;30;0
65;11;30;0,065
66;11;30;1
67;11;30;0
68;11;30;0
69;11;30;0,045
70;11;30;0,01
71;11;30;0
72;11;30;0,005
73;11;30;1
74;11;30;1
75;11;30;0,995
76;11;30;0
77;11;30;0
78;11;30;0
79;11;30;0
80;11;30;0
81;11;30;0
82;11;30;0,07
83;11;30;1
84;11;30;0,025
85;11;30;0
86;11;30;0,02
87;11;30;1
88;11;30;1
89;11;30;1
90;11;30;0,005
91;11;30;0,06
92;11;30;0,995
93;11;30;1
94;11;30;0,005
95;11;30;0,18
96;11;30;0
97;11;30;0,005
98;11;30;0,005
99;11;30;1
51;12;30;1
52;12;30;0
53;12;30;0
54;12;30;0
55;12;30;0
56;12;30;0
57;12;30;0
58;12;30;0
59;12;30;0
60;12;30;0,13
61;12;30;1
62;12;30;1
63;12;30;0
64;12;30;0
65;12;30;0,18
66;12;30;1
67;12;30;0
68;12;30;0
69;12;30;0,005
70;12;30;0,005
71;12;30;0,01
72;12;30;0,035
73;12;30;1
74;12;30;1
75;12;30;1
76;12;30;0
77;12;30;0
78;12;30;0
79;12;30;0
80;12;30;0
81;12;30;0
82;12;30;0,02
83;12;30;1
84;12;30;0,025
85;12;30;0
86;12;30;0,06
87;12;30;1
88;12;30;1
89;12;30;1
90;12;30;0
91;12;30;0,135
92;12;30;0,665
93;12;30;1
94;12;30;0,005
95;12;30;0,02
96;12;30;0
97;12;30;0,015
98;12;30;0,105
99;12;30;1
51;13;30;1
52;13;30;0
53;13;30;0
54;13;30;0
55;13;30;0
56;13;30;0
57;13;30;0
58;13;30;0
59;13;30;0,01
60;13;30;0,19
61;13;30;1
62;13;30;1
63;13;30;0
64;13;30;0
65;13;30;0,045
66;13;30;1
67;13;30;0
68;13;30;0,005
69;13;30;0,275
70;13;30;0,015
71;13;30;0
72;13;30;0,015
73;13;30;1
74;13;30;1
75;13;30;0,485
76;13;30;0
77;13;30;0
78;13;30;0
79;13;30;0
80;13;30;0
81;13;30;0
82;13;30;0,01
83;13;30;1
84;13;30;0,005
85;13;30;0
86;13;30;0,035
87;13;30;1
88;13;30;1
89;13;30;1
90;13;30;0
91;13;30;0,095
92;13;30;0,34
93;13;30;1
94;13;30;0
95;13;30;0,045
96;13;30;0
97;13;30;0,015
98;13;30;0,01
99;13;30;1
51;14;30;1
52;14;30;0
53;14;30;0
54;14;30;0
55;14;30;0
56;14;30;0
57;14;30;0
58;14;30;0
59;14;30;0
60;14;30;0
61;14;30;1
62;14;30;1
63;14;30;0
64;14;30;0
65;14;30;0,015
66;14;30;1
67;14;30;0
68;14;30;0
69;14;30;0,025
70;14;30;0,01
71;14;30;0
72;14;30;0,055
73;14;30;1
74;14;30;1
75;14;30;0,965
76;14;30;0
77;14;30;0
78;14;30;0
79;14;30;0
80;14;30;0
81;14;30;0
82;14;30;0,015
83;14;30;1
84;14;30;0,085
85;14;30;0
86;14;30;0,05
87;14;30;1
88;14;30;1
89;14;30;1
90;14;30;0
91;14;30;0
92;14;30;0,02
93;14;30;1
94;14;30;0,005
95;14;30;0,02
96;14;30;0
97;14;30;0,035
98;14;30;0,005
99;14;30;1
51;15;30;1
52;15;30;0
53;15;30;0
54;15;30;0
55;15;30;0
56;15;30;0
57;15;30;0
58;15;30;0
59;15;30;0
60;15;30;0,09
61;15;30;1
62;15;30;1
63;15;30;0
64;15;30;0
65;15;30;0,055
66;15;30;1
67;15;30;0
68;15;30;0,005
69;15;30;0,03
70;15;30;0,01
71;15;30;0
72;15;30;0,025
73;15;30;1
74;15;30;1
75;15;30;0,05
76;15;30;0
77;15;30;0
78;15;30;0
79;15;30;0
80;15;30;0
81;15;30;0
82;15;30;0
83;15;30;1
84;15;30;0,01
85;15;30;0
86;15;30;0,015
87;15;30;1
88;15;30;0,58
89;15;30;1
90;15;30;0
91;15;30;0,005
92;15;30;0,435
93;15;30;0,99
94;15;30;0
95;15;30;0,02
96;15;30;0
97;15;30;0,025
98;15;30;0
99;15;30;1
51;16;30;1
52;16;30;0
53;16;30;0
54;16;30;0
55;16;30;0
56;16;30;0
57;16;30;0
58;16;30;0
59;16;30;0
60;16;30;0
61;16;30;0,91
62;16;30;1
63;16;30;0
64;16;30;0
65;16;30;0,06
66;16;30;1
67;16;30;0
68;16;30;0
69;16;30;0,02
70;16;30;0,025
71;16;30;0
72;16;30;0,03
73;16;30;1
74;16;30;1
75;16;30;0,985
76;16;30;0
77;16;30;0
78;16;30;0
79;16;30;0
80;16;30;0
81;16;30;0
82;16;30;0,02
83;16;30;1
84;16;30;0,01
85;16;30;0
86;16;30;0,04
87;16;30;1
88;16;30;1
89;16;30;1
90;16;30;0
91;16;30;0,005
92;16;30;0,815
93;16;30;0,975
94;16;30;0
95;16;30;0,015
96;16;30;0
97;16;30;0,01
98;16;30;0,005
99;16;30;1
51;17;30;1
52;17;30;0
53;17;30;0
54;17;30;0
55;17;30;0
56;17;30;0
57;17;30;0
58;17;30;0
59;17;30;0
60;17;30;0,12
61;17;30;0,995
62;17;30;1
63;17;30;0
64;17;30;0
65;17;30;0,04
66;17;30;1
67;17;30;0
68;17;30;0
69;17;30;0,025
70;17;30;0,005
71;17;30;0
72;17;30;0,015
73;17;30;1
74;17;30;1
75;17;30;0,29
76;17;30;0
77;17;30;0
78;17;30;0
79;17;30;0
80;17;30;0
81;17;30;0
82;17;30;0,01
83;17;30;1
84;17;30;0,015
85;17;30;0
86;17;30;0,005
87;17;30;1
88;17;30;0,995
89;17;30;1
90;17;30;0
91;17;30;0,005
92;17;30;0,105
93;17;30;1
94;17;30;0,005
95;17;30;0,015
96;17;30;0
97;17;30;0,045
98;17;30;0,05
99;17;30;1
51;2;30;1
52;2;30;0,79
53;2;30;0,04
54;2;30;0,485
55;2;30;0
56;2;30;0,69
57;2;30;0,435
58;2;30;1
59;2;30;0,08
60;2;30;1
61;2;30;1
62;2;30;1
63;2;30;0,74
64;2;30;1
65;2;30;1
66;2;30;1
67;2;30;1
68;2;30;0,02
69;2;30;1
70;2;30;0,265
71;2;30;1
72;2;30;0,99
73;2;30;1
74;2;30;1
75;2;30;1
76;2;30;0,06
77;2;30;0,895
78;2;30;0,295
79;2;30;1
80;2;30;0,97
81;2;30;0,515
82;2;30;1
83;2;30;1
84;2;30;1
85;2;30;1
86;2;30;0,995
87;2;30;1
88;2;30;1
89;2;30;1
90;2;30;0,065
91;2;30;1
92;2;30;0,52
93;2;30;1
94;2;30;1
95;2;30;1
96;2;30;0,62
97;2;30;0,65
98;2;30;0,22
99;2;30;1
51;3;30;1
52;3;30;0,28
53;3;30;0,12
54;3;30;0,895
55;3;30;0,13
56;3;30;0,48
57;3;30;0,02
58;3;30;1
59;3;30;0,055
60;3;30;1
61;3;30;1
62;3;30;1
63;3;30;0,88
64;3;30;0,65
65;3;30;1
66;3;30;1
67;3;30;1
68;3;30;0,145
69;3;30;1
70;3;30;0,175
71;3;30;0,995
72;3;30;0,97
73;3;30;1
74;3;30;1
75;3;30;1
76;3;30;0,16
77;3;30;0,11
78;3;30;0,12
79;3;30;0,85
80;3;30;0,115
81;3;30;1
82;3;30;0,725
83;3;30;1
84;3;30;0,525
85;3;30;1
86;3;30;0,99
87;3;30;1
88;3;30;1
89;3;30;1
90;3;30;0,08
91;3;30;1
92;3;30;0,9
93;3;30;1
94;3;30;1
95;3;30;1
96;3;30;0,275
97;3;30;0,19
98;3;30;0,75
99;3;30;1
51;4;30;1
52;4;30;0,02
53;4;30;0,01
54;4;30;0,175
55;4;30;0,04
56;4;30;0,125
57;4;30;0,105
58;4;30;0,975
59;4;30;0,15
60;4;30;1
61;4;30;1
62;4;30;1
63;4;30;0,02
64;4;30;0,945
65;4;30;1
66;4;30;1
67;4;30;1
68;4;30;0,905
69;4;30;1
70;4;30;0,8
71;4;30;0,765
72;4;30;1
73;4;30;1
74;4;30;1
75;4;30;1
76;4;30;0,12
77;4;30;0,02
78;4;30;0,01
79;4;30;0,91
80;4;30;0,2
81;4;30;1
82;4;30;0,755
83;4;30;1
84;4;30;0,845
85;4;30;1
86;4;30;0,475
87;4;30;1
88;4;30;1
89;4;30;1
90;4;30;0,055
91;4;30;1
92;4;30;0,985
93;4;30;1
94;4;30;1
95;4;30;1
96;4;30;0,005
97;4;30;0,29
98;4;30;0,195
99;4;30;1
51;5;30;1
52;5;30;0
53;5;30;0,005
54;5;30;0
55;5;30;0
56;5;30;0
57;5;30;0
58;5;30;0,03
59;5;30;0,005
60;5;30;0,955
61;5;30;1
62;5;30;1
63;5;30;0,005
64;5;30;0,56
65;5;30;1
66;5;30;1
67;5;30;0,99
68;5;30;0,105
69;5;30;0,975
70;5;30;0,24
71;5;30;0,32
72;5;30;0,465
73;5;30;1
74;5;30;1
75;5;30;1
76;5;30;0
77;5;30;0
78;5;30;0,02
79;5;30;0,17
80;5;30;0,07
81;5;30;0,955
82;5;30;0,275
83;5;30;1
84;5;30;0,675
85;5;30;1
86;5;30;0,13
87;5;30;1
88;5;30;1
89;5;30;1
90;5;30;0,225
91;5;30;1
92;5;30;0,94
93;5;30;1
94;5;30;0,805
95;5;30;1
96;5;30;0,01
97;5;30;0
98;5;30;0,02
99;5;30;1
51;6;30;1
52;6;30;0,01
53;6;30;0
54;6;30;0
55;6;30;0
56;6;30;0,04
57;6;30;0
58;6;30;0,1
59;6;30;0,205
60;6;30;0,945
61;6;30;1
62;6;30;1
63;6;30;0,005
64;6;30;0,015
65;6;30;1
66;6;30;1
67;6;30;0,965
68;6;30;0,15
69;6;30;0,535
70;6;30;0,19
71;6;30;0,57
72;6;30;0,565
73;6;30;1
74;6;30;1
75;6;30;1
76;6;30;0
77;6;30;0
78;6;30;0
79;6;30;0,11
80;6;30;0,11
81;6;30;0,955
82;6;30;0,045
83;6;30;1
84;6;30;0,14
85;6;30;0,365
86;6;30;1
87;6;30;1
88;6;30;1
89;6;30;1
90;6;30;0,05
91;6;30;1
92;6;30;0,635
93;6;30;1
94;6;30;0,495
95;6;30;1
96;6;30;0
97;6;30;0,01
98;6;30;0,925
99;6;30;1
51;7;30;1
52;7;30;0
53;7;30;0
54;7;30;0
55;7;30;0
56;7;30;0
57;7;30;0
58;7;30;0,245
59;7;30;0,065
60;7;30;0,215
61;7;30;1
62;7;30;1
63;7;30;0
64;7;30;0,045
65;7;30;0,86
66;7;30;1
67;7;30;0,005
68;7;30;0,26
69;7;30;0,975
70;7;30;0,04
71;7;30;0,005
72;7;30;0,27
73;7;30;1
74;7;30;1
75;7;30;1
76;7;30;0
77;7;30;0
78;7;30;0
79;7;30;0
80;7;30;0,005
81;7;30;0
82;7;30;0,535
83;7;30;1
84;7;30;0,06
85;7;30;0,88
86;7;30;0,225
87;7;30;1
88;7;30;1
89;7;30;1
90;7;30;0,045
91;7;30;1
92;7;30;0,96
93;7;30;1
94;7;30;0,05
95;7;30;1
96;7;30;0
97;7;30;0,01
98;7;30;0
99;7;30;1
51;8;30;1
52;8;30;0
53;8;30;0
54;8;30;0
55;8;30;0
56;8;30;0
57;8;30;0
58;8;30;0,02
59;8;30;0,145
60;8;30;1
61;8;30;1
62;8;30;1
63;8;30;0
64;8;30;0,02
65;8;30;0,785
66;8;30;1
67;8;30;0,005
68;8;30;0,45
69;8;30;0,55
70;8;30;0,025
71;8;30;0,07
72;8;30;0,015
73;8;30;1
74;8;30;1
75;8;30;1
76;8;30;0
77;8;30;0
78;8;30;0
79;8;30;0
80;8;30;0
81;8;30;0
82;8;30;0,05
83;8;30;1
84;8;30;0,025
85;8;30;0,37
86;8;30;0,18
87;8;30;1
88;8;30;1
89;8;30;1
90;8;30;0,005
91;8;30;1
92;8;30;0,385
93;8;30;1
94;8;30;0,08
95;8;30;0,995
96;8;30;0
97;8;30;0,045
98;8;30;0
99;8;30;1
51;9;30;1
52;9;30;0
53;9;30;0
54;9;30;0
55;9;30;0
56;9;30;0
57;9;30;0
58;9;30;0
59;9;30;0,005
60;9;30;0,825
61;9;30;1
62;9;30;1
63;9;30;0
64;9;30;0,005
65;9;30;0,85
66;9;30;1
67;9;30;0,005
68;9;30;0,01
69;9;30;0,14
70;9;30;0,36
71;9;30;0
72;9;30;0,055
73;9;30;1
74;9;30;1
75;9;30;1
76;9;30;0
77;9;30;0
78;9;30;0
79;9;30;0
80;9;30;0,005
81;9;30;0,005
82;9;30;0,085
83;9;30;1
84;9;30;0,015
85;9;30;0,015
86;9;30;0,06
87;9;30;1
88;9;30;1
89;9;30;1
90;9;30;0,01
91;9;30;0,695
92;9;30;0,985
93;9;30;1
94;9;30;0,01
95;9;30;0,905
96;9;30;0
97;9;30;0,005
98;9;30;0,015
99;9;30;1
51;1;31;1
52;1;31;1
53;1;31;0,995
54;1;31;1
55;1;31;0,555
56;1;31;0,48
57;1;31;1
58;1;31;1
59;1;31;1
60;1;31;0,775
61;1;31;1
62;1;31;0,51
63;1;31;0,4
64;1;31;0,63
65;1;31;1
66;1;31;1
67;1;31;1
68;1;31;1
69;1;31;1
70;1;31;1
71;1;31;0,91
72;1;31;0,21
73;1;31;0,995
74;1;31;0,125
75;1;31;1
76;1;31;1
77;1;31;1
78;1;31;1
79;1;31;1
80;1;31;1
81;1;31;1
82;1;31;0,875
83;1;31;1
84;1;31;1
85;1;31;1
86;1;31;1
87;1;31;1
88;1;31;1
89;1;31;1
90;1;31;1
91;1;31;0,99
92;1;31;1
93;1;31;1
94;1;31;0,4
95;1;31;1
96;1;31;1
97;1;31;1
98;1;31;0,705
99;1;31;1
51;10;31;1
52;10;31;0
53;10;31;0,1
54;10;31;0,01
55;10;31;0
56;10;31;0
57;10;31;0
58;10;31;0
59;10;31;1
60;10;31;0
61;10;31;0
62;10;31;0
63;10;31;0
64;10;31;0
65;10;31;0,63
66;10;31;1
67;10;31;1
68;10;31;0,445
69;10;31;1
70;10;31;1
71;10;31;0
72;10;31;0
73;10;31;0
74;10;31;0,005
75;10;31;0,035
76;10;31;0,46
77;10;31;0,005
78;10;31;1
79;10;31;1
80;10;31;1
81;10;31;0,05
82;10;31;0
83;10;31;0
84;10;31;1
85;10;31;0,005
86;10;31;0,08
87;10;31;0,295
88;10;31;0
89;10;31;0
90;10;31;1
91;10;31;0
92;10;31;1
93;10;31;0,955
94;10;31;0
95;10;31;0,795
96;10;31;0
97;10;31;0,905
98;10;31;0
99;10;31;0,105
51;11;31;1
52;11;31;0,005
53;11;31;0,02
54;11;31;0,105
55;11;31;0
56;11;31;0
57;11;31;0
58;11;31;0
59;11;31;1
60;11;31;0
61;11;31;0
62;11;31;0
63;11;31;0,01
64;11;31;0
65;11;31;0,035
66;11;31;1
67;11;31;1
68;11;31;0,995
69;11;31;1
70;11;31;1
71;11;31;0
72;11;31;0
73;11;31;0
74;11;31;0
75;11;31;0,01
76;11;31;0,11
77;11;31;0,04
78;11;31;1
79;11;31;1
80;11;31;1
81;11;31;0,275
82;11;31;0
83;11;31;0
84;11;31;1
85;11;31;0,005
86;11;31;0,02
87;11;31;0,935
88;11;31;0
89;11;31;0
90;11;31;1
91;11;31;0
92;11;31;1
93;11;31;0,805
94;11;31;0
95;11;31;0,035
96;11;31;0
97;11;31;0,235
98;11;31;0
99;11;31;0,16
51;12;31;1
52;12;31;0
53;12;31;0,025
54;12;31;0,075
55;12;31;0
56;12;31;0
57;12;31;0
58;12;31;0
59;12;31;1
60;12;31;0
61;12;31;0
62;12;31;0
63;12;31;0,005
64;12;31;0
65;12;31;0,015
66;12;31;1
67;12;31;1
68;12;31;0,08
69;12;31;1
70;12;31;1
71;12;31;0
72;12;31;0
73;12;31;0
74;12;31;0
75;12;31;0
76;12;31;0,025
77;12;31;0,04
78;12;31;1
79;12;31;0,905
80;12;31;1
81;12;31;0,05
82;12;31;0
83;12;31;0
84;12;31;1
85;12;31;0
86;12;31;0,005
87;12;31;0,49
88;12;31;0
89;12;31;0
90;12;31;1
91;12;31;0
92;12;31;1
93;12;31;0,985
94;12;31;0
95;12;31;0,025
96;12;31;0
97;12;31;0,015
98;12;31;0
99;12;31;0,06
51;13;31;1
52;13;31;0
53;13;31;0
54;13;31;0,025
55;13;31;0
56;13;31;0
57;13;31;0
58;13;31;0
59;13;31;1
60;13;31;0
61;13;31;0
62;13;31;0
63;13;31;0,02
64;13;31;0
65;13;31;0,03
66;13;31;1
67;13;31;1
68;13;31;0,805
69;13;31;1
70;13;31;0,995
71;13;31;0
72;13;31;0
73;13;31;0
74;13;31;0
75;13;31;0,005
76;13;31;0,14
77;13;31;0,01
78;13;31;1
79;13;31;0,645
80;13;31;1
81;13;31;0,005
82;13;31;0
83;13;31;0
84;13;31;1
85;13;31;0
86;13;31;0,025
87;13;31;0,02
88;13;31;0
89;13;31;0
90;13;31;1
91;13;31;0
92;13;31;1
93;13;31;0,985
94;13;31;0,005
95;13;31;0,015
96;13;31;0
97;13;31;0,115
98;13;31;0
99;13;31;0,02
51;14;31;1
52;14;31;0
53;14;31;0
54;14;31;0,02
55;14;31;0
56;14;31;0
57;14;31;0
58;14;31;0
59;14;31;1
60;14;31;0
61;14;31;0
62;14;31;0
63;14;31;0,015
64;14;31;0
65;14;31;0,01
66;14;31;1
67;14;31;1
68;14;31;0,04
69;14;31;1
70;14;31;1
71;14;31;0
72;14;31;0
73;14;31;0
74;14;31;0
75;14;31;0
76;14;31;0,025
77;14;31;0,015
78;14;31;1
79;14;31;0,975
80;14;31;1
81;14;31;0,015
82;14;31;0
83;14;31;0
84;14;31;1
85;14;31;0
86;14;31;0,035
87;14;31;0,285
88;14;31;0
89;14;31;0
90;14;31;1
91;14;31;0
92;14;31;1
93;14;31;0,93
94;14;31;0
95;14;31;0,01
96;14;31;0
97;14;31;0,025
98;14;31;0
99;14;31;0
51;15;31;1
52;15;31;0
53;15;31;0,005
54;15;31;0,005
55;15;31;0
56;15;31;0
57;15;31;0
58;15;31;0
59;15;31;0,44
60;15;31;0
61;15;31;0
62;15;31;0
63;15;31;0,015
64;15;31;0
65;15;31;0,01
66;15;31;1
67;15;31;1
68;15;31;0,07
69;15;31;0,99
70;15;31;0,98
71;15;31;0
72;15;31;0
73;15;31;0
74;15;31;0
75;15;31;0
76;15;31;0,035
77;15;31;0
78;15;31;1
79;15;31;0,03
80;15;31;1
81;15;31;0,005
82;15;31;0
83;15;31;0
84;15;31;1
85;15;31;0
86;15;31;0,01
87;15;31;0,035
88;15;31;0
89;15;31;0
90;15;31;1
91;15;31;0
92;15;31;1
93;15;31;0,485
94;15;31;0
95;15;31;0,01
96;15;31;0
97;15;31;0,045
98;15;31;0
99;15;31;0,05
51;16;31;1
52;16;31;0
53;16;31;0,025
54;16;31;0
55;16;31;0
56;16;31;0
57;16;31;0
58;16;31;0
59;16;31;0,525
60;16;31;0
61;16;31;0
62;16;31;0
63;16;31;0,005
64;16;31;0
65;16;31;0,02
66;16;31;1
67;16;31;0,915
68;16;31;0,16
69;16;31;0,955
70;16;31;1
71;16;31;0
72;16;31;0
73;16;31;0
74;16;31;0
75;16;31;0,005
76;16;31;0,01
77;16;31;0,005
78;16;31;1
79;16;31;0,33
80;16;31;1
81;16;31;0,005
82;16;31;0
83;16;31;0
84;16;31;1
85;16;31;0
86;16;31;0,05
87;16;31;0,025
88;16;31;0
89;16;31;0
90;16;31;1
91;16;31;0
92;16;31;1
93;16;31;0,565
94;16;31;0
95;16;31;0,005
96;16;31;0
97;16;31;0,03
98;16;31;0
99;16;31;0,005
51;17;31;1
52;17;31;0
53;17;31;0,02
54;17;31;0,03
55;17;31;0
56;17;31;0
57;17;31;0
58;17;31;0
59;17;31;0,88
60;17;31;0
61;17;31;0
62;17;31;0
63;17;31;0,02
64;17;31;0
65;17;31;0
66;17;31;0,94
67;17;31;1
68;17;31;0,095
69;17;31;0,88
70;17;31;0,995
71;17;31;0
72;17;31;0
73;17;31;0
74;17;31;0
75;17;31;0
76;17;31;0,035
77;17;31;0,06
78;17;31;1
79;17;31;0,885
80;17;31;0,99
81;17;31;0,125
82;17;31;0
83;17;31;0
84;17;31;1
85;17;31;0
86;17;31;0,06
87;17;31;0,02
88;17;31;0
89;17;31;0
90;17;31;1
91;17;31;0,005
92;17;31;1
93;17;31;0,985
94;17;31;0,005
95;17;31;0,355
96;17;31;0
97;17;31;0,055
98;17;31;0
99;17;31;0,02
51;2;31;1
52;2;31;1
53;2;31;0,68
54;2;31;0,6
55;2;31;0,11
56;2;31;0,43
57;2;31;1
58;2;31;1
59;2;31;1
60;2;31;0,35
61;2;31;1
62;2;31;0,635
63;2;31;0,2
64;2;31;0,32
65;2;31;1
66;2;31;1
67;2;31;1
68;2;31;1
69;2;31;1
70;2;31;1
71;2;31;0,155
72;2;31;0,905
73;2;31;0,91
74;2;31;0,77
75;2;31;1
76;2;31;1
77;2;31;1
78;2;31;1
79;2;31;1
80;2;31;1
81;2;31;1
82;2;31;0,18
83;2;31;1
84;2;31;1
85;2;31;1
86;2;31;1
87;2;31;1
88;2;31;0,855
89;2;31;1
90;2;31;1
91;2;31;0,285
92;2;31;1
93;2;31;1
94;2;31;0,18
95;2;31;1
96;2;31;1
97;2;31;1
98;2;31;0,065
99;2;31;1
51;3;31;1
52;3;31;1
53;3;31;0,985
54;3;31;0,74
55;3;31;0,255
56;3;31;0,03
57;3;31;0,99
58;3;31;1
59;3;31;1
60;3;31;0,87
61;3;31;0,85
62;3;31;0,14
63;3;31;0,13
64;3;31;0,915
65;3;31;1
66;3;31;1
67;3;31;1
68;3;31;1
69;3;31;1
70;3;31;1
71;3;31;0
72;3;31;0,015
73;3;31;0,18
74;3;31;0
75;3;31;1
76;3;31;1
77;3;31;1
78;3;31;1
79;3;31;1
80;3;31;1
81;3;31;1
82;3;31;0,26
83;3;31;0,495
84;3;31;1
85;3;31;0,98
86;3;31;1
87;3;31;1
88;3;31;0,22
89;3;31;0,98
90;3;31;1
91;3;31;0,595
92;3;31;1
93;3;31;1
94;3;31;0,19
95;3;31;1
96;3;31;1
97;3;31;1
98;3;31;0,475
99;3;31;1
51;4;31;1
52;4;31;1
53;4;31;0,47
54;4;31;0,83
55;4;31;0,09
56;4;31;0,725
57;4;31;0,29
58;4;31;0,72
59;4;31;1
60;4;31;0,22
61;4;31;0,23
62;4;31;0,045
63;4;31;0,195
64;4;31;0,125
65;4;31;1
66;4;31;1
67;4;31;1
68;4;31;1
69;4;31;1
70;4;31;1
71;4;31;0,07
72;4;31;0
73;4;31;0,02
74;4;31;0,02
75;4;31;1
76;4;31;1
77;4;31;0,875
78;4;31;1
79;4;31;1
80;4;31;1
81;4;31;1
82;4;31;0,065
83;4;31;0,035
84;4;31;1
85;4;31;0,705
86;4;31;1
87;4;31;1
88;4;31;0,01
89;4;31;0,54
90;4;31;1
91;4;31;0,675
92;4;31;1
93;4;31;1
94;4;31;0,295
95;4;31;1
96;4;31;0,01
97;4;31;1
98;4;31;0,025
99;4;31;1
51;5;31;1
52;5;31;1
53;5;31;0,98
54;5;31;0,755
55;5;31;0,03
56;5;31;0,005
57;5;31;0,005
58;5;31;0,28
59;5;31;1
60;5;31;0,27
61;5;31;0,995
62;5;31;0,045
63;5;31;0,76
64;5;31;0,005
65;5;31;1
66;5;31;1
67;5;31;1
68;5;31;1
69;5;31;1
70;5;31;1
71;5;31;0
72;5;31;0
73;5;31;0,16
74;5;31;0,775
75;5;31;0,915
76;5;31;1
77;5;31;0,585
78;5;31;1
79;5;31;1
80;5;31;1
81;5;31;1
82;5;31;0
83;5;31;0,015
84;5;31;1
85;5;31;0,13
86;5;31;1
87;5;31;1
88;5;31;0,02
89;5;31;0,11
90;5;31;1
91;5;31;0,285
92;5;31;1
93;5;31;0,92
94;5;31;0,07
95;5;31;1
96;5;31;0,05
97;5;31;1
98;5;31;0,305
99;5;31;1
51;6;31;1
52;6;31;0,99
53;6;31;0,05
54;6;31;0,57
55;6;31;0,19
56;6;31;0,005
57;6;31;0,045
58;6;31;0,705
59;6;31;1
60;6;31;0,61
61;6;31;0,025
62;6;31;0,035
63;6;31;0,105
64;6;31;0,235
65;6;31;0,865
66;6;31;1
67;6;31;1
68;6;31;1
69;6;31;1
70;6;31;1
71;6;31;0,01
72;6;31;0,005
73;6;31;0,03
74;6;31;0,03
75;6;31;1
76;6;31;0,995
77;6;31;0,9
78;6;31;1
79;6;31;1
80;6;31;1
81;6;31;0,99
82;6;31;0
83;6;31;0,15
84;6;31;1
85;6;31;0,135
86;6;31;1
87;6;31;1
88;6;31;0
89;6;31;0,005
90;6;31;1
91;6;31;0,005
92;6;31;1
93;6;31;0,96
94;6;31;0,03
95;6;31;1
96;6;31;0,48
97;6;31;1
98;6;31;0,75
99;6;31;0,95
51;7;31;1
52;7;31;0,79
53;7;31;0,145
54;7;31;0,49
55;7;31;0
56;7;31;0
57;7;31;0
58;7;31;0
59;7;31;1
60;7;31;0,095
61;7;31;0,035
62;7;31;0,03
63;7;31;0,06
64;7;31;0,07
65;7;31;0,865
66;7;31;1
67;7;31;1
68;7;31;1
69;7;31;1
70;7;31;1
71;7;31;0
72;7;31;0
73;7;31;0,005
74;7;31;0,015
75;7;31;0,75
76;7;31;0,985
77;7;31;0,025
78;7;31;1
79;7;31;1
80;7;31;1
81;7;31;0,41
82;7;31;0
83;7;31;0,005
84;7;31;1
85;7;31;0,025
86;7;31;1
87;7;31;1
88;7;31;0
89;7;31;0
90;7;31;1
91;7;31;0,005
92;7;31;1
93;7;31;0,94
94;7;31;0,005
95;7;31;0,98
96;7;31;0
97;7;31;1
98;7;31;0,04
99;7;31;1
51;8;31;1
52;8;31;0,87
53;8;31;0,605
54;8;31;0,63
55;8;31;0
56;8;31;0
57;8;31;0
58;8;31;0
59;8;31;1
60;8;31;0
61;8;31;0
62;8;31;0
63;8;31;0,025
64;8;31;0
65;8;31;0,24
66;8;31;1
67;8;31;1
68;8;31;1
69;8;31;1
70;8;31;1
71;8;31;0
72;8;31;0
73;8;31;0
74;8;31;0,005
75;8;31;0,73
76;8;31;0,99
77;8;31;0,03
78;8;31;1
79;8;31;1
80;8;31;1
81;8;31;0,425
82;8;31;0
83;8;31;0,005
84;8;31;1
85;8;31;0,195
86;8;31;1
87;8;31;0,965
88;8;31;0
89;8;31;0
90;8;31;1
91;8;31;0
92;8;31;1
93;8;31;0,935
94;8;31;0,07
95;8;31;0,86
96;8;31;0
97;8;31;0,945
98;8;31;0,025
99;8;31;1
51;9;31;1
52;9;31;0
53;9;31;0,005
54;9;31;0,02
55;9;31;0
56;9;31;0
57;9;31;0
58;9;31;0
59;9;31;1
60;9;31;0
61;9;31;0
62;9;31;0,01
63;9;31;0,005
64;9;31;0
65;9;31;0,595
66;9;31;1
67;9;31;1
68;9;31;1
69;9;31;1
70;9;31;1
71;9;31;0
72;9;31;0
73;9;31;0
74;9;31;0,02
75;9;31;0,055
76;9;31;0,835
77;9;31;0,035
78;9;31;1
79;9;31;1
80;9;31;1
81;9;31;0,015
82;9;31;0
83;9;31;0,005
84;9;31;1
85;9;31;0,01
86;9;31;0,04
87;9;31;1
88;9;31;0
89;9;31;0
90;9;31;1
91;9;31;0
92;9;31;1
93;9;31;0,24
94;9;31;0,01
95;9;31;0,98
96;9;31;0
97;9;31;0,785
98;9;31;0,005
99;9;31;0,335
51;1;32;1
52;1;32;0,98
53;1;32;1
54;1;32;0,075
55;1;32;1
56;1;32;0,385
57;1;32;1
58;1;32;0,155
59;1;32;1
60;1;32;1
61;1;32;1
62;1;32;1
63;1;32;1
64;1;32;0,645
65;1;32;1
66;1;32;1
67;1;32;1
68;1;32;1
69;1;32;1
70;1;32;1
71;1;32;1
72;1;32;1
73;1;32;0,375
74;1;32;0,98
75;1;32;0,92
76;1;32;1
77;1;32;1
78;1;32;1
79;1;32;1
80;1;32;1
81;1;32;1
82;1;32;0,67
83;1;32;1
84;1;32;1
85;1;32;1
86;1;32;1
87;1;32;1
88;1;32;1
89;1;32;1
90;1;32;1
91;1;32;0,65
92;1;32;1
93;1;32;1
94;1;32;1
95;1;32;1
96;1;32;1
97;1;32;0,49
98;1;32;1
99;1;32;1
