"age","simulation","node_summary","prob","model"
1,1,51,1,CS
1,1,52,0.52,CS
1,1,53,0.995,CS
1,1,54,1,CS
1,1,55,0.995,CS
1,1,56,1,CS
1,1,57,1,CS
1,1,58,1,CS
1,1,59,1,CS
1,1,60,1,CS
1,1,61,1,CS
1,1,62,1,CS
1,1,63,0.805,CS
1,1,64,1,CS
1,1,65,1,CS
1,1,66,0.895,CS
1,1,67,1,CS
1,1,68,1,CS
1,1,69,1,CS
1,1,70,1,CS
1,1,71,1,CS
1,1,72,0.81,CS
1,1,73,0.825,CS
1,1,74,1,CS
1,1,75,1,CS
1,1,76,1,CS
1,1,77,1,CS
1,1,78,1,CS
1,1,79,1,CS
1,1,80,0.51,CS
1,1,81,0.865,CS
1,1,82,1,CS
1,1,83,1,CS
1,1,84,1,CS
1,1,85,1,CS
1,1,86,1,CS
1,1,87,1,CS
1,1,88,0.825,CS
1,1,89,0.815,CS
1,1,90,0.95,CS
1,1,91,1,CS
1,1,92,1,CS
1,1,93,0.645,CS
1,1,94,1,CS
1,1,95,1,CS
1,1,96,1,CS
1,23,51,1,CS
1,23,52,0.905,CS
1,23,53,0.655,CS
1,23,54,0.68,CS
1,23,55,0.97,CS
1,23,56,0.995,CS
1,23,57,0.705,CS
1,23,58,0.615,CS
1,23,59,1,CS
1,23,60,0.66,CS
1,23,61,1,CS
1,23,62,1,CS
1,23,63,1,CS
1,23,64,1,CS
1,23,65,1,CS
1,23,66,1,CS
1,23,67,1,CS
1,23,68,1,CS
1,23,69,0.67,CS
1,23,70,1,CS
1,23,71,1,CS
1,23,72,1,CS
1,23,73,1,CS
1,23,74,1,CS
1,23,75,1,CS
1,23,76,0.995,CS
1,23,77,1,CS
1,23,78,1,CS
1,23,79,1,CS
1,23,80,1,CS
1,23,81,1,CS
1,23,82,1,CS
1,23,83,0.955,CS
1,23,84,0.93,CS
1,23,85,1,CS
1,23,86,1,CS
1,23,87,1,CS
1,23,88,1,CS
1,23,89,0.92,CS
1,23,90,0.835,CS
1,23,91,1,CS
1,23,92,0.825,CS
1,23,93,1,CS
1,23,94,1,CS
1,23,95,1,CS
1,23,96,1,CS
1,23,97,0.995,CS
1,23,98,1,CS
1,1,51,NA,MCC
1,1,52,0.5,MCC
1,1,53,1,MCC
1,1,54,1,MCC
1,1,55,0.825,MCC
1,1,56,1,MCC
1,1,57,1,MCC
1,1,58,1,MCC
1,1,59,1,MCC
1,1,60,1,MCC
1,1,61,0.51,MCC
1,1,62,0.865,MCC
1,1,63,1,MCC
1,1,64,1,MCC
1,1,65,1,MCC
1,1,66,0.52,MCC
1,1,67,0.995,MCC
1,1,68,1,MCC
1,1,69,0.895,MCC
1,1,70,1,MCC
1,1,71,1,MCC
1,1,72,1,MCC
1,1,73,1,MCC
1,1,74,1,MCC
1,1,75,1,MCC
1,1,76,0.995,MCC
1,1,77,1,MCC
1,1,78,1,MCC
1,1,79,1,MCC
1,1,80,1,MCC
1,1,81,1,MCC
1,1,82,1,MCC
1,1,83,1,MCC
1,1,84,0.805,MCC
1,1,85,1,MCC
1,1,86,0.81,MCC
1,1,87,0.39,MCC
1,1,88,1,MCC
1,1,89,0.825,MCC
1,1,90,1,MCC
1,1,91,0.5,MCC
1,1,92,0.815,MCC
1,1,93,0.95,MCC
1,1,94,1,MCC
1,1,95,1,MCC
1,1,96,0.645,MCC
1,1,97,1,MCC
1,1,98,1,MCC
1,1,99,1,MCC
1,23,51,NA,MCC
1,23,52,1,MCC
1,23,53,0.92,MCC
1,23,54,0.835,MCC
1,23,55,1,MCC
1,23,56,1,MCC
1,23,57,1,MCC
1,23,58,0.825,MCC
1,23,59,1,MCC
1,23,60,1,MCC
1,23,61,0.995,MCC
1,23,62,1,MCC
1,23,63,0.905,MCC
1,23,64,0.27,MCC
1,23,65,1,MCC
1,23,66,1,MCC
1,23,67,1,MCC
1,23,68,0.955,MCC
1,23,69,0.93,MCC
1,23,70,1,MCC
1,23,71,1,MCC
1,23,72,0.655,MCC
1,23,73,0.68,MCC
1,23,74,0.97,MCC
1,23,75,1,MCC
1,23,76,0.995,MCC
1,23,77,0.705,MCC
1,23,78,1,MCC
1,23,79,1,MCC
1,23,80,1,MCC
1,23,81,0.615,MCC
1,23,82,1,MCC
1,23,83,0.66,MCC
1,23,84,1,MCC
1,23,85,1,MCC
1,23,86,1,MCC
1,23,87,1,MCC
1,23,88,1,MCC
1,23,89,1,MCC
1,23,90,1,MCC
1,23,91,1,MCC
1,23,92,0.67,MCC
1,23,93,1,MCC
1,23,94,1,MCC
1,23,95,1,MCC
1,23,96,0.995,MCC
1,23,97,1,MCC
1,23,98,1,MCC
1,23,99,1,MCC
1,32,51,1,CS
1,32,52,0.98,CS
1,32,53,1,CS
1,32,54,1,CS
1,32,55,1,CS
1,32,56,0.555,CS
1,32,57,1,CS
1,32,58,1,CS
1,32,59,1,CS
1,32,60,1,CS
1,32,61,1,CS
1,32,62,0.645,CS
1,32,63,1,CS
1,32,64,1,CS
1,32,65,1,CS
1,32,66,1,CS
1,32,67,1,CS
1,32,68,1,CS
1,32,69,1,CS
1,32,70,1,CS
1,32,71,0.98,CS
1,32,72,0.92,CS
1,32,73,1,CS
1,32,74,1,CS
1,32,75,1,CS
1,32,76,1,CS
1,32,77,1,CS
1,32,78,1,CS
1,32,79,0.67,CS
1,32,80,1,CS
1,32,81,1,CS
1,32,82,1,CS
1,32,83,1,CS
1,32,84,1,CS
1,32,85,1,CS
1,32,86,0.65,CS
1,32,87,1,CS
1,32,88,1,CS
1,32,89,1,CS
1,32,90,1,CS
1,32,91,1,CS
1,32,92,1,CS
1,32,93,1,CS
1,32,94,1,CS
1,32,95,1,CS
1,32,51,NA,MCC
1,32,52,0.395,MCC
1,32,53,0.98,MCC
1,32,54,0.92,MCC
1,32,55,1,MCC
1,32,56,0.67,MCC
1,32,57,1,MCC
1,32,58,1,MCC
1,32,59,1,MCC
1,32,60,1,MCC
1,32,61,1,MCC
1,32,62,1,MCC
1,32,63,1,MCC
1,32,64,1,MCC
1,32,65,1,MCC
1,32,66,1,MCC
1,32,67,1,MCC
1,32,68,1,MCC
1,32,69,0.65,MCC
1,32,70,1,MCC
1,32,71,0.98,MCC
1,32,72,0.645,MCC
1,32,73,1,MCC
1,32,74,1,MCC
1,32,75,1,MCC
1,32,76,1,MCC
1,32,77,1,MCC
1,32,78,1,MCC
1,32,79,1,MCC
1,32,80,1,MCC
1,32,81,1,MCC
1,32,82,0.47,MCC
1,32,83,0.555,MCC
1,32,84,1,MCC
1,32,85,1,MCC
1,32,86,1,MCC
1,32,87,1,MCC
1,32,88,1,MCC
1,32,89,1,MCC
1,32,90,0.405,MCC
1,32,91,1,MCC
1,32,92,1,MCC
1,32,93,1,MCC
1,32,94,0.49,MCC
1,32,95,1,MCC
1,32,96,1,MCC
1,32,97,1,MCC
1,32,98,1,MCC
1,32,99,1,MCC
1,14,51,1,CS
1,14,52,0.57,CS
1,14,53,0.99,CS
1,14,54,1,CS
1,14,55,1,CS
1,14,56,0.785,CS
1,14,57,1,CS
1,14,58,0.99,CS
1,14,59,1,CS
1,14,60,1,CS
1,14,61,1,CS
1,14,62,1,CS
1,14,63,1,CS
1,14,64,1,CS
1,14,65,1,CS
1,14,66,1,CS
1,14,67,0.58,CS
1,14,68,0.995,CS
1,14,69,1,CS
1,14,70,1,CS
1,14,71,1,CS
1,14,72,1,CS
1,14,73,0.995,CS
1,14,74,0.745,CS
1,14,75,1,CS
1,14,76,1,CS
1,14,77,1,CS
1,14,78,1,CS
1,14,79,1,CS
1,14,80,1,CS
1,14,81,1,CS
1,14,82,1,CS
1,14,83,1,CS
1,14,84,0.99,CS
1,14,85,0.995,CS
1,14,86,1,CS
1,14,87,1,CS
1,14,88,1,CS
1,14,89,1,CS
1,14,90,0.545,CS
1,14,91,1,CS
1,14,92,1,CS
1,14,93,1,CS
1,14,94,1,CS
1,14,95,0.705,CS
1,14,96,1,CS
1,14,51,NA,MCC
1,14,52,0.57,MCC
1,14,53,0.425,MCC
1,14,54,0.99,MCC
1,14,55,1,MCC
1,14,56,1,MCC
1,14,57,0.58,MCC
1,14,58,1,MCC
1,14,59,0.995,MCC
1,14,60,1,MCC
1,14,61,1,MCC
1,14,62,0.785,MCC
1,14,63,1,MCC
1,14,64,1,MCC
1,14,65,0.99,MCC
1,14,66,1,MCC
1,14,67,1,MCC
1,14,68,1,MCC
1,14,69,1,MCC
1,14,70,1,MCC
1,14,71,1,MCC
1,14,72,1,MCC
1,14,73,1,MCC
1,14,74,1,MCC
1,14,75,1,MCC
1,14,76,1,MCC
1,14,77,0.995,MCC
1,14,78,0.745,MCC
1,14,79,1,MCC
1,14,80,0.365,MCC
1,14,81,1,MCC
1,14,82,1,MCC
1,14,83,1,MCC
1,14,84,0.395,MCC
1,14,85,1,MCC
1,14,86,1,MCC
1,14,87,0.545,MCC
1,14,88,1,MCC
1,14,89,1,MCC
1,14,90,1,MCC
1,14,91,1,MCC
1,14,92,0.99,MCC
1,14,93,0.995,MCC
1,14,94,1,MCC
1,14,95,1,MCC
1,14,96,1,MCC
1,14,97,1,MCC
1,14,98,0.705,MCC
1,14,99,1,MCC
1,46,51,1,CS
1,46,52,0.99,CS
1,46,53,0.625,CS
1,46,54,1,CS
1,46,55,0.655,CS
1,46,56,1,CS
1,46,57,0.97,CS
1,46,58,0.54,CS
1,46,59,1,CS
1,46,60,1,CS
1,46,61,1,CS
1,46,62,1,CS
1,46,63,0.555,CS
1,46,64,1,CS
1,46,65,1,CS
1,46,66,1,CS
1,46,67,1,CS
1,46,68,1,CS
1,46,69,1,CS
1,46,70,0.635,CS
1,46,71,1,CS
1,46,72,1,CS
1,46,73,1,CS
1,46,74,1,CS
1,46,75,1,CS
1,46,76,1,CS
1,46,77,1,CS
1,46,78,0.515,CS
1,46,79,0.905,CS
1,46,80,1,CS
1,46,81,0.875,CS
1,46,82,1,CS
1,46,83,1,CS
1,46,84,1,CS
1,46,85,1,CS
1,46,86,1,CS
1,46,87,1,CS
1,46,88,1,CS
1,46,89,1,CS
1,46,90,1,CS
1,46,91,0.615,CS
1,46,92,1,CS
1,46,93,1,CS
1,46,94,1,CS
1,46,95,1,CS
1,50,51,1,CS
1,50,52,0.92,CS
1,50,53,0.625,CS
1,50,54,1,CS
1,50,55,0.905,CS
1,50,56,0.995,CS
1,50,57,0.72,CS
1,50,58,1,CS
1,50,59,0.845,CS
1,50,60,0.985,CS
1,50,61,0.97,CS
1,50,62,1,CS
1,50,63,1,CS
1,50,64,0.89,CS
1,50,65,1,CS
1,50,66,1,CS
1,50,67,1,CS
1,50,68,1,CS
1,50,69,0.99,CS
1,50,70,1,CS
1,50,71,1,CS
1,50,72,1,CS
1,50,73,0.995,CS
1,50,74,1,CS
1,50,75,1,CS
1,50,76,1,CS
1,50,77,1,CS
1,50,78,1,CS
1,50,79,1,CS
1,50,80,1,CS
1,50,81,1,CS
1,50,82,1,CS
1,50,83,1,CS
1,50,84,1,CS
1,50,85,0.99,CS
1,50,86,1,CS
1,50,87,1,CS
1,50,88,0.965,CS
1,50,89,0.745,CS
1,50,90,1,CS
1,50,91,1,CS
1,50,92,0.965,CS
1,50,93,0.575,CS
1,50,94,1,CS
1,50,95,1,CS
1,50,96,1,CS
1,50,51,NA,MCC
1,50,52,0.92,MCC
1,50,53,0.625,MCC
1,50,54,1,MCC
1,50,55,0.905,MCC
1,50,56,1,MCC
1,50,57,1,MCC
1,50,58,1,MCC
1,50,59,1,MCC
1,50,60,1,MCC
1,50,61,1,MCC
1,50,62,0.995,MCC
1,50,63,0.72,MCC
1,50,64,1,MCC
1,50,65,1,MCC
1,50,66,1,MCC
1,50,67,0.995,MCC
1,50,68,1,MCC
1,50,69,0.845,MCC
1,50,70,0.985,MCC
1,50,71,1,MCC
1,50,72,1,MCC
1,50,73,0.97,MCC
1,50,74,1,MCC
1,50,75,1,MCC
1,50,76,0.89,MCC
1,50,77,1,MCC
1,50,78,1,MCC
1,50,79,0.99,MCC
1,50,80,1,MCC
1,50,81,1,MCC
1,50,82,1,MCC
1,50,83,1,MCC
1,50,84,1,MCC
1,50,85,0.99,MCC
1,50,86,1,MCC
1,50,87,0.43,MCC
1,50,88,1,MCC
1,50,89,0.965,MCC
1,50,90,0.745,MCC
1,50,91,1,MCC
1,50,92,1,MCC
1,50,93,0.965,MCC
1,50,94,0.575,MCC
1,50,95,0.4,MCC
1,50,96,1,MCC
1,50,97,0.395,MCC
1,50,98,1,MCC
1,50,99,1,MCC
1,41,51,1,CS
1,41,52,0.795,CS
1,41,53,1,CS
1,41,54,1,CS
1,41,55,0.85,CS
1,41,56,1,CS
1,41,57,1,CS
1,41,58,0.945,CS
1,41,59,1,CS
1,41,60,1,CS
1,41,61,1,CS
1,41,62,1,CS
1,41,63,1,CS
1,41,64,1,CS
1,41,65,1,CS
1,41,66,0.985,CS
1,41,67,1,CS
1,41,68,0.755,CS
1,41,69,1,CS
1,41,70,1,CS
1,41,71,1,CS
1,41,72,1,CS
1,41,73,1,CS
1,41,74,1,CS
1,41,75,0.935,CS
1,41,76,1,CS
1,41,77,0.605,CS
1,41,78,1,CS
1,41,79,0.59,CS
1,41,80,1,CS
1,41,81,0.68,CS
1,41,82,1,CS
1,41,83,0.76,CS
1,41,84,0.805,CS
1,41,85,1,CS
1,41,86,1,CS
1,41,87,0.635,CS
1,41,88,1,CS
1,41,89,1,CS
1,41,90,1,CS
1,41,91,0.815,CS
1,41,92,1,CS
1,41,93,0.995,CS
1,41,94,1,CS
1,41,95,1,CS
1,41,96,1,CS
1,41,51,NA,MCC
1,41,52,0.59,MCC
1,41,53,1,MCC
1,41,54,0.815,MCC
1,41,55,1,MCC
1,41,56,0.995,MCC
1,41,57,0.465,MCC
1,41,58,1,MCC
1,41,59,1,MCC
1,41,60,1,MCC
1,41,61,1,MCC
1,41,62,0.68,MCC
1,41,63,1,MCC
1,41,64,1,MCC
1,41,65,1,MCC
1,41,66,0.76,MCC
1,41,67,0.805,MCC
1,41,68,0.635,MCC
1,41,69,1,MCC
1,41,70,1,MCC
1,41,71,0.795,MCC
1,41,72,0.605,MCC
1,41,73,1,MCC
1,41,74,0.275,MCC
1,41,75,1,MCC
1,41,76,1,MCC
1,41,77,1,MCC
1,41,78,0.935,MCC
1,41,79,1,MCC
1,41,80,1,MCC
1,41,81,1,MCC
1,41,82,1,MCC
1,41,83,1,MCC
1,41,84,0.985,MCC
1,41,85,1,MCC
1,41,86,0.755,MCC
1,41,87,1,MCC
1,41,88,1,MCC
1,41,89,1,MCC
1,41,90,0.85,MCC
1,41,91,1,MCC
1,41,92,0.385,MCC
1,41,93,1,MCC
1,41,94,1,MCC
1,41,95,1,MCC
1,41,96,1,MCC
1,41,97,1,MCC
1,41,98,0.945,MCC
1,41,99,1,MCC
1,19,51,1,CS
1,19,52,0.93,CS
1,19,53,0.895,CS
1,19,54,1,CS
1,19,55,0.9,CS
1,19,56,0.995,CS
1,19,57,1,CS
1,19,58,1,CS
1,19,59,1,CS
1,19,60,1,CS
1,19,61,1,CS
1,19,62,1,CS
1,19,63,0.51,CS
1,19,64,0.98,CS
1,19,65,1,CS
1,19,66,1,CS
1,19,67,1,CS
1,19,68,1,CS
1,19,69,1,CS
1,19,70,0.705,CS
1,19,71,1,CS
1,19,72,1,CS
1,19,73,0.555,CS
1,19,74,1,CS
1,19,75,1,CS
1,19,76,1,CS
1,19,77,0.99,CS
1,19,78,1,CS
1,19,79,0.615,CS
1,19,80,1,CS
1,19,81,1,CS
1,19,82,1,CS
1,19,83,1,CS
1,19,84,1,CS
1,19,85,1,CS
1,19,86,1,CS
1,19,87,0.69,CS
1,19,88,1,CS
1,19,89,0.84,CS
1,19,90,1,CS
1,19,91,1,CS
1,19,92,1,CS
1,19,93,0.86,CS
1,19,94,0.975,CS
1,46,51,NA,MCC
1,46,52,0.515,MCC
1,46,53,0.905,MCC
1,46,54,1,MCC
1,46,55,1,MCC
1,46,56,1,MCC
1,46,57,1,MCC
1,46,58,1,MCC
1,46,59,0.875,MCC
1,46,60,0.32,MCC
1,46,61,0.37,MCC
1,46,62,1,MCC
1,46,63,1,MCC
1,46,64,1,MCC
1,46,65,1,MCC
1,46,66,1,MCC
1,46,67,0.615,MCC
1,46,68,1,MCC
1,46,69,1,MCC
1,46,70,1,MCC
1,46,71,1,MCC
1,46,72,0.99,MCC
1,46,73,0.635,MCC
1,46,74,1,MCC
1,46,75,1,MCC
1,46,76,1,MCC
1,46,77,1,MCC
1,46,78,1,MCC
1,46,79,1,MCC
1,46,80,1,MCC
1,46,81,0.625,MCC
1,46,82,1,MCC
1,46,83,1,MCC
1,46,84,1,MCC
1,46,85,1,MCC
1,46,86,1,MCC
1,46,87,1,MCC
1,46,88,0.5,MCC
1,46,89,0.655,MCC
1,46,90,1,MCC
1,46,91,1,MCC
1,46,92,0.295,MCC
1,46,93,1,MCC
1,46,94,1,MCC
1,46,95,0.97,MCC
1,46,96,0.54,MCC
1,46,97,1,MCC
1,46,98,1,MCC
1,46,99,0.555,MCC
1,19,51,NA,MCC
1,19,52,0.93,MCC
1,19,53,0.32,MCC
1,19,54,1,MCC
1,19,55,0.39,MCC
1,19,56,0.69,MCC
1,19,57,1,MCC
1,19,58,1,MCC
1,19,59,1,MCC
1,19,60,1,MCC
1,19,61,1,MCC
1,19,62,0.895,MCC
1,19,63,1,MCC
1,19,64,0.99,MCC
1,19,65,1,MCC
1,19,66,1,MCC
1,19,67,0.615,MCC
1,19,68,1,MCC
1,19,69,1,MCC
1,19,70,1,MCC
1,19,71,0.555,MCC
1,19,72,0.29,MCC
1,19,73,0.36,MCC
1,19,74,1,MCC
1,19,75,1,MCC
1,19,76,1,MCC
1,19,77,0.9,MCC
1,19,78,1,MCC
1,19,79,0.51,MCC
1,19,80,0.995,MCC
1,19,81,1,MCC
1,19,82,1,MCC
1,19,83,1,MCC
1,19,84,1,MCC
1,19,85,1,MCC
1,19,86,0.98,MCC
1,19,87,1,MCC
1,19,88,0.705,MCC
1,19,89,1,MCC
1,19,90,1,MCC
1,19,91,1,MCC
1,19,92,1,MCC
1,19,93,0.84,MCC
1,19,94,0.445,MCC
1,19,95,1,MCC
1,19,96,1,MCC
1,19,97,1,MCC
1,19,98,0.86,MCC
1,19,99,0.975,MCC
1,28,51,1,CS
1,28,52,0.65,CS
1,28,53,1,CS
1,28,54,0.79,CS
1,28,55,1,CS
1,28,56,0.585,CS
1,28,57,0.86,CS
1,28,58,1,CS
1,28,59,1,CS
1,28,60,0.74,CS
1,28,61,1,CS
1,28,62,1,CS
1,28,63,1,CS
1,28,64,0.96,CS
1,28,65,0.685,CS
1,28,66,1,CS
1,28,67,1,CS
1,28,68,1,CS
1,28,69,1,CS
1,28,70,1,CS
1,28,71,1,CS
1,28,72,1,CS
1,28,73,1,CS
1,28,74,1,CS
1,28,75,1,CS
1,28,76,1,CS
1,28,77,1,CS
1,28,78,1,CS
1,28,79,1,CS
1,28,80,0.63,CS
1,28,81,1,CS
1,28,82,1,CS
1,28,83,0.65,CS
1,28,84,0.98,CS
1,28,85,1,CS
1,28,86,1,CS
1,28,87,1,CS
1,28,88,1,CS
1,28,89,1,CS
1,28,90,1,CS
1,28,91,0.98,CS
1,28,92,1,CS
1,28,93,1,CS
1,28,94,1,CS
1,28,95,1,CS
1,28,96,1,CS
1,37,51,1,CS
1,37,52,0.86,CS
1,37,53,0.965,CS
1,37,54,0.96,CS
1,37,55,0.995,CS
1,37,56,1,CS
1,37,57,0.975,CS
1,37,58,0.685,CS
1,37,59,1,CS
1,37,60,1,CS
1,37,61,1,CS
1,37,62,1,CS
1,37,63,0.95,CS
1,37,64,1,CS
1,37,65,1,CS
1,37,66,0.79,CS
1,37,67,1,CS
1,37,68,0.985,CS
1,37,69,1,CS
1,37,70,1,CS
1,37,71,1,CS
1,37,72,1,CS
1,37,73,1,CS
1,37,74,1,CS
1,37,75,0.92,CS
1,37,76,1,CS
1,37,77,1,CS
1,37,78,1,CS
1,37,79,1,CS
1,37,80,0.805,CS
1,37,81,1,CS
1,37,82,1,CS
1,37,83,1,CS
1,37,84,1,CS
1,37,85,0.99,CS
1,37,86,0.615,CS
1,37,87,1,CS
1,37,88,0.76,CS
1,37,89,1,CS
1,37,90,1,CS
1,37,91,0.52,CS
1,37,92,1,CS
1,37,93,1,CS
1,37,94,1,CS
1,37,95,1,CS
1,37,96,1,CS
1,37,97,1,CS
1,28,51,NA,MCC
1,28,52,NA,MCC
1,28,53,0.65,MCC
1,28,54,0.98,MCC
1,28,55,1,MCC
1,28,56,1,MCC
1,28,57,1,MCC
1,28,58,1,MCC
1,28,59,1,MCC
1,28,60,0.98,MCC
1,28,61,1,MCC
1,28,62,1,MCC
1,28,63,1,MCC
1,28,64,0.445,MCC
1,28,65,1,MCC
1,28,66,1,MCC
1,28,67,1,MCC
1,28,68,1,MCC
1,28,69,0.79,MCC
1,28,70,1,MCC
1,28,71,0.96,MCC
1,28,72,0.685,MCC
1,28,73,1,MCC
1,28,74,1,MCC
1,28,75,1,MCC
1,28,76,1,MCC
1,28,77,1,MCC
1,28,78,0.585,MCC
1,28,79,0.86,MCC
1,28,80,1,MCC
1,28,81,1,MCC
1,28,82,0.74,MCC
1,28,83,1,MCC
1,28,84,1,MCC
1,28,85,1,MCC
1,28,86,1,MCC
1,28,87,1,MCC
1,28,88,1,MCC
1,28,89,1,MCC
1,28,90,1,MCC
1,28,91,0.46,MCC
1,28,92,1,MCC
1,28,93,1,MCC
1,28,94,1,MCC
1,28,95,1,MCC
1,28,96,0.63,MCC
1,28,97,1,MCC
1,28,98,0.5,MCC
1,28,99,1,MCC
1,37,51,NA,MCC
1,37,52,0.86,MCC
1,37,53,0.965,MCC
1,37,54,0.96,MCC
1,37,55,0.405,MCC
1,37,56,0.995,MCC
1,37,57,1,MCC
1,37,58,1,MCC
1,37,59,0.79,MCC
1,37,60,1,MCC
1,37,61,0.985,MCC
1,37,62,0.975,MCC
1,37,63,0.685,MCC
1,37,64,1,MCC
1,37,65,1,MCC
1,37,66,1,MCC
1,37,67,1,MCC
1,37,68,0.95,MCC
1,37,69,1,MCC
1,37,70,1,MCC
1,37,71,1,MCC
1,37,72,1,MCC
1,37,73,1,MCC
1,37,74,1,MCC
1,37,75,1,MCC
1,37,76,0.805,MCC
1,37,77,1,MCC
1,37,78,0.92,MCC
1,37,79,1,MCC
1,37,80,1,MCC
1,37,81,1,MCC
1,37,82,1,MCC
1,37,83,1,MCC
1,37,84,1,MCC
1,37,85,1,MCC
1,37,86,0.99,MCC
1,37,87,0.615,MCC
1,37,88,0.45,MCC
1,37,89,1,MCC
1,37,90,0.76,MCC
1,37,91,1,MCC
1,37,92,1,MCC
1,37,93,0.52,MCC
1,37,94,1,MCC
1,37,95,1,MCC
1,37,96,1,MCC
1,37,97,1,MCC
1,37,98,1,MCC
1,37,99,1,MCC
10,1,51,1,CS
10,1,52,0.765,CS
10,1,53,0.705,CS
10,1,54,1,CS
10,1,55,1,CS
10,1,56,1,CS
10,1,57,1,CS
10,1,58,1,CS
10,1,59,0.995,CS
10,1,60,1,CS
10,1,61,1,CS
10,1,62,0.515,CS
10,1,63,0.875,CS
10,1,64,1,CS
10,1,65,0.555,CS
10,1,66,1,CS
10,1,67,1,CS
10,1,68,1,CS
10,1,69,0.905,CS
10,1,70,1,CS
10,1,71,0.565,CS
10,1,72,1,CS
10,1,73,1,CS
10,1,74,1,CS
10,1,75,0.65,CS
10,1,76,1,CS
10,1,77,0.52,CS
10,1,51,NA,MCC
10,1,52,0.005,MCC
10,1,53,0.005,MCC
10,1,54,0.01,MCC
10,1,55,0.045,MCC
10,1,56,1,MCC
10,1,57,0.565,MCC
10,1,58,1,MCC
10,1,59,0.17,MCC
10,1,60,0.995,MCC
10,1,61,1,MCC
10,1,62,1,MCC
10,1,63,0.005,MCC
10,1,64,0.515,MCC
10,1,65,0.875,MCC
10,1,66,1,MCC
10,1,67,0.005,MCC
10,1,68,0.01,MCC
10,1,69,0.045,MCC
10,1,70,1,MCC
10,1,71,0.385,MCC
10,1,72,1,MCC
10,1,73,0.905,MCC
10,1,74,0.17,MCC
10,1,75,0.52,MCC
10,1,76,0.22,MCC
10,1,77,0.555,MCC
10,1,78,1,MCC
10,1,79,1,MCC
10,1,80,0.025,MCC
10,1,81,0.115,MCC
10,1,82,0.765,MCC
10,1,83,0.075,MCC
10,1,84,0.105,MCC
10,1,85,0.705,MCC
10,1,86,1,MCC
10,1,87,1,MCC
10,1,88,1,MCC
10,1,89,1,MCC
10,1,90,0.12,MCC
10,1,91,0.175,MCC
10,1,92,1,MCC
10,1,93,0.335,MCC
10,1,94,0.65,MCC
10,1,95,0.125,MCC
10,1,96,0.485,MCC
10,1,97,1,MCC
10,1,98,0.07,MCC
10,1,99,1,MCC
10,19,51,1,CS
10,19,52,1,CS
10,19,53,1,CS
10,19,54,0.98,CS
10,19,55,0.88,CS
10,19,56,1,CS
10,19,57,0.96,CS
10,19,58,0.57,CS
10,19,59,1,CS
10,19,60,0.94,CS
10,19,61,0.645,CS
10,19,62,0.82,CS
10,19,63,1,CS
10,19,64,0.995,CS
10,19,65,1,CS
10,19,66,1,CS
10,19,67,1,CS
10,50,51,1,CS
10,50,52,0.53,CS
10,50,53,0.995,CS
10,50,54,0.775,CS
10,50,55,1,CS
10,50,56,0.915,CS
10,50,57,1,CS
10,50,58,0.99,CS
10,50,59,0.985,CS
10,50,60,1,CS
10,50,61,0.995,CS
10,50,62,0.985,CS
10,50,63,1,CS
10,50,64,1,CS
10,50,65,1,CS
10,50,66,0.915,CS
10,50,67,0.985,CS
10,50,68,1,CS
10,50,69,1,CS
10,50,70,1,CS
10,37,51,1,CS
10,37,52,0.905,CS
10,37,53,1,CS
10,37,54,0.84,CS
10,37,55,1,CS
10,37,56,1,CS
10,37,57,0.545,CS
10,37,58,0.995,CS
10,37,59,1,CS
10,37,60,0.99,CS
10,37,61,1,CS
10,37,62,1,CS
10,37,63,1,CS
10,37,64,0.58,CS
10,37,65,1,CS
10,37,66,1,CS
10,37,67,1,CS
10,37,68,0.52,CS
10,50,51,NA,MCC
10,50,52,0.005,MCC
10,50,53,0.005,MCC
10,50,54,0.015,MCC
10,50,55,0.03,MCC
10,50,56,1,MCC
10,50,57,0.03,MCC
10,50,58,0.225,MCC
10,50,59,0.045,MCC
10,50,60,0.25,MCC
10,50,61,0.235,MCC
10,50,62,1,MCC
10,50,63,0.395,MCC
10,50,64,0.995,MCC
10,50,65,0.005,MCC
10,50,66,0.005,MCC
10,50,67,0.005,MCC
10,50,68,0.01,MCC
10,50,69,0.075,MCC
10,50,70,0.06,MCC
10,50,71,1,MCC
10,50,72,0.005,MCC
10,50,73,0.02,MCC
10,50,74,0.985,MCC
10,50,75,0.99,MCC
10,50,76,0.985,MCC
10,50,77,0.215,MCC
10,50,78,0.04,MCC
10,50,79,0.005,MCC
10,50,80,0.015,MCC
10,50,81,0.01,MCC
10,50,82,0.53,MCC
10,50,83,0.205,MCC
10,50,84,0.115,MCC
10,50,85,0.075,MCC
10,50,86,1,MCC
10,50,87,0.075,MCC
10,50,88,0.295,MCC
10,50,89,0.995,MCC
10,50,90,0.775,MCC
10,50,91,0.25,MCC
10,50,92,0.915,MCC
10,50,93,1,MCC
10,50,94,1,MCC
10,50,95,0.985,MCC
10,50,96,1,MCC
10,50,97,1,MCC
10,50,98,1,MCC
10,50,99,0.915,MCC
10,32,51,1,CS
10,32,52,0.78,CS
10,32,53,0.97,CS
10,32,54,0.945,CS
10,32,55,1,CS
10,32,56,0.815,CS
10,32,57,1,CS
10,32,58,0.925,CS
10,32,59,1,CS
10,32,60,1,CS
10,32,61,1,CS
10,32,62,0.89,CS
10,32,63,1,CS
10,32,64,1,CS
10,32,65,1,CS
10,32,66,1,CS
10,32,67,1,CS
10,32,68,1,CS
10,32,69,1,CS
10,32,70,1,CS
10,32,71,0.83,CS
10,32,72,0.85,CS
10,32,73,1,CS
10,32,74,1,CS
10,32,75,1,CS
10,32,76,0.84,CS
10,19,51,NA,MCC
10,19,52,0.005,MCC
10,19,53,0.005,MCC
10,19,54,0.005,MCC
10,19,55,0.005,MCC
10,19,56,0.005,MCC
10,19,57,0.01,MCC
10,19,58,0.035,MCC
10,19,59,1,MCC
10,19,60,0.05,MCC
10,19,61,1,MCC
10,19,62,1,MCC
10,19,63,0.36,MCC
10,19,64,0.98,MCC
10,19,65,0.04,MCC
10,19,66,1,MCC
10,19,67,0.96,MCC
10,19,68,0.57,MCC
10,19,69,0.005,MCC
10,19,70,0.15,MCC
10,19,71,0.005,MCC
10,19,72,0.02,MCC
10,19,73,0.035,MCC
10,19,74,1,MCC
10,19,75,0.005,MCC
10,19,76,0.005,MCC
10,19,77,0.005,MCC
10,19,78,0.045,MCC
10,19,79,0.02,MCC
10,19,80,0.995,MCC
10,19,81,0.88,MCC
10,19,82,1,MCC
10,19,83,0.005,MCC
10,19,84,0.005,MCC
10,19,85,0.005,MCC
10,19,86,0.07,MCC
10,19,87,1,MCC
10,19,88,1,MCC
10,19,89,0.005,MCC
10,19,90,0.005,MCC
10,19,91,0.06,MCC
10,19,92,0.94,MCC
10,19,93,0.645,MCC
10,19,94,0.02,MCC
10,19,95,0.09,MCC
10,19,96,0.03,MCC
10,19,97,0.82,MCC
10,19,98,0.15,MCC
10,19,99,0.33,MCC
10,37,51,NA,MCC
10,37,52,0.005,MCC
10,37,53,0.005,MCC
10,37,54,0.01,MCC
10,37,55,0.005,MCC
10,37,56,0.1,MCC
10,37,57,0.52,MCC
10,37,58,0.025,MCC
10,37,59,0.425,MCC
10,37,60,0.905,MCC
10,37,61,0.47,MCC
10,37,62,1,MCC
10,37,63,0.84,MCC
10,37,64,1,MCC
10,37,65,0.005,MCC
10,37,66,0.005,MCC
10,37,67,0.005,MCC
10,37,68,0.05,MCC
10,37,69,1,MCC
10,37,70,0.005,MCC
10,37,71,0.02,MCC
10,37,72,1,MCC
10,37,73,0.045,MCC
10,37,74,0.005,MCC
10,37,75,0.005,MCC
10,37,76,0.025,MCC
10,37,77,0.06,MCC
10,37,78,0.33,MCC
10,37,79,1,MCC
10,37,80,0.435,MCC
10,37,81,0.005,MCC
10,37,82,0.005,MCC
10,37,83,0.02,MCC
10,37,84,1,MCC
10,37,85,0.005,MCC
10,37,86,0.01,MCC
10,37,87,0.185,MCC
10,37,88,0.58,MCC
10,37,89,1,MCC
10,37,90,1,MCC
10,37,91,0.545,MCC
10,37,92,0.995,MCC
10,37,93,0.03,MCC
10,37,94,0.055,MCC
10,37,95,1,MCC
10,37,96,0.12,MCC
10,37,97,0.365,MCC
10,37,98,1,MCC
10,37,99,0.99,MCC
10,32,51,NA,MCC
10,32,52,0.005,MCC
10,32,53,0.005,MCC
10,32,54,0.005,MCC
10,32,55,0.005,MCC
10,32,56,0.78,MCC
10,32,57,0.97,MCC
10,32,58,0.945,MCC
10,32,59,0.35,MCC
10,32,60,1,MCC
10,32,61,0.02,MCC
10,32,62,0.07,MCC
10,32,63,1,MCC
10,32,64,0.89,MCC
10,32,65,1,MCC
10,32,66,0.12,MCC
10,32,67,1,MCC
10,32,68,1,MCC
10,32,69,1,MCC
10,32,70,0.455,MCC
10,32,71,1,MCC
10,32,72,1,MCC
10,32,73,0.84,MCC
10,32,74,0.015,MCC
10,32,75,0.015,MCC
10,32,76,0.3,MCC
10,32,77,1,MCC
10,32,78,0.025,MCC
10,32,79,0.16,MCC
10,32,80,1,MCC
10,32,81,0.04,MCC
10,32,82,0.3,MCC
10,32,83,1,MCC
10,32,84,1,MCC
10,32,85,0.815,MCC
10,32,86,1,MCC
10,32,87,0.925,MCC
10,32,88,0.16,MCC
10,32,89,0.42,MCC
10,32,90,0.005,MCC
10,32,91,1,MCC
10,32,92,0.005,MCC
10,32,93,0.045,MCC
10,32,94,0.83,MCC
10,32,95,0.015,MCC
10,32,96,0.035,MCC
10,32,97,1,MCC
10,32,98,0.85,MCC
10,32,99,1,MCC
10,14,51,1,CS
10,14,52,0.84,CS
10,14,53,1,CS
10,14,54,1,CS
10,14,55,0.78,CS
10,14,56,0.67,CS
10,14,57,1,CS
10,14,58,1,CS
10,14,59,0.745,CS
10,14,60,1,CS
10,14,61,1,CS
10,14,62,1,CS
10,14,63,1,CS
10,14,64,1,CS
10,14,65,1,CS
10,14,66,1,CS
10,14,67,0.66,CS
10,14,68,0.51,CS
10,28,51,1,CS
10,28,52,0.995,CS
10,28,53,0.915,CS
10,28,54,0.68,CS
10,28,55,1,CS
10,28,56,1,CS
10,28,57,0.545,CS
10,28,58,0.93,CS
10,28,59,1,CS
10,28,60,1,CS
10,28,61,1,CS
10,28,62,0.92,CS
10,28,63,1,CS
10,28,64,1,CS
10,28,65,1,CS
10,28,66,0.635,CS
10,28,67,1,CS
10,28,68,1,CS
10,28,69,1,CS
10,28,70,1,CS
10,28,71,0.75,CS
10,28,72,1,CS
10,28,73,0.535,CS
10,28,74,0.975,CS
10,28,75,1,CS
10,28,76,1,CS
10,14,51,NA,MCC
10,14,52,0.005,MCC
10,14,53,0.005,MCC
10,14,54,0.005,MCC
10,14,55,0.005,MCC
10,14,56,0.005,MCC
10,14,57,0.05,MCC
10,14,58,0.3,MCC
10,14,59,0.475,MCC
10,14,60,1,MCC
10,14,61,0.02,MCC
10,14,62,0.05,MCC
10,14,63,0.005,MCC
10,14,64,0.005,MCC
10,14,65,0.015,MCC
10,14,66,0.025,MCC
10,14,67,0.21,MCC
10,14,68,0.745,MCC
10,14,69,0.3,MCC
10,14,70,1,MCC
10,14,71,1,MCC
10,14,72,0.66,MCC
10,14,73,0.275,MCC
10,14,74,0.34,MCC
10,14,75,0.025,MCC
10,14,76,0.205,MCC
10,14,77,1,MCC
10,14,78,0.84,MCC
10,14,79,0.78,MCC
10,14,80,1,MCC
10,14,81,1,MCC
10,14,82,0.67,MCC
10,14,83,1,MCC
10,14,84,0.005,MCC
10,14,85,0.015,MCC
10,14,86,0.2,MCC
10,14,87,0.16,MCC
10,14,88,0.275,MCC
10,14,89,1,MCC
10,14,90,1,MCC
10,14,91,0.12,MCC
10,14,92,0.11,MCC
10,14,93,1,MCC
10,14,94,0.005,MCC
10,14,95,0.005,MCC
10,14,96,0.455,MCC
10,14,97,0.51,MCC
10,14,98,0.05,MCC
10,14,99,1,MCC
10,41,51,1,CS
10,41,52,0.915,CS
10,41,53,0.74,CS
10,41,54,0.565,CS
10,41,55,1,CS
10,41,56,1,CS
10,41,57,1,CS
10,41,58,0.51,CS
10,41,59,1,CS
10,41,60,0.86,CS
10,41,61,0.65,CS
10,41,62,1,CS
10,41,63,1,CS
10,41,64,1,CS
10,41,65,0.89,CS
10,41,66,0.875,CS
10,41,67,1,CS
10,41,68,1,CS
10,41,69,1,CS
10,41,70,0.7,CS
10,41,71,1,CS
10,23,51,1,CS
10,23,52,0.79,CS
10,23,53,1,CS
10,23,54,0.825,CS
10,23,55,1,CS
10,23,56,1,CS
10,23,57,1,CS
10,23,58,0.96,CS
10,23,59,1,CS
10,23,60,0.875,CS
10,23,61,1,CS
10,23,62,0.77,CS
10,23,63,0.93,CS
10,23,64,1,CS
10,23,65,1,CS
10,23,66,1,CS
10,23,67,1,CS
10,28,51,NA,MCC
10,28,52,0.005,MCC
10,28,53,0.005,MCC
10,28,54,0.005,MCC
10,28,55,0.005,MCC
10,28,56,0.105,MCC
10,28,57,0.04,MCC
10,28,58,1,MCC
10,28,59,1,MCC
10,28,60,0.635,MCC
10,28,61,0.005,MCC
10,28,62,0.005,MCC
10,28,63,0.01,MCC
10,28,64,0.535,MCC
10,28,65,0.095,MCC
10,28,66,0.235,MCC
10,28,67,1,MCC
10,28,68,1,MCC
10,28,69,0.975,MCC
10,28,70,0.75,MCC
10,28,71,1,MCC
10,28,72,0.005,MCC
10,28,73,0.01,MCC
10,28,74,0.155,MCC
10,28,75,1,MCC
10,28,76,1,MCC
10,28,77,0.005,MCC
10,28,78,0.03,MCC
10,28,79,0.03,MCC
10,28,80,0.995,MCC
10,28,81,0.915,MCC
10,28,82,0.68,MCC
10,28,83,1,MCC
10,28,84,1,MCC
10,28,85,0.92,MCC
10,28,86,1,MCC
10,28,87,1,MCC
10,28,88,0.005,MCC
10,28,89,0.005,MCC
10,28,90,0.545,MCC
10,28,91,0.93,MCC
10,28,92,1,MCC
10,28,93,1,MCC
10,28,94,1,MCC
10,28,95,0.01,MCC
10,28,96,0.29,MCC
10,28,97,0.045,MCC
10,28,98,0.095,MCC
10,28,99,1,MCC
10,23,51,NA,MCC
10,23,52,0.005,MCC
10,23,53,0.005,MCC
10,23,54,0.005,MCC
10,23,55,0.005,MCC
10,23,56,0.08,MCC
10,23,57,0.295,MCC
10,23,58,1,MCC
10,23,59,0.005,MCC
10,23,60,0.005,MCC
10,23,61,0.045,MCC
10,23,62,0.04,MCC
10,23,63,0.875,MCC
10,23,64,1,MCC
10,23,65,0.205,MCC
10,23,66,1,MCC
10,23,67,0.015,MCC
10,23,68,0.135,MCC
10,23,69,0.455,MCC
10,23,70,1,MCC
10,23,71,0.005,MCC
10,23,72,0.005,MCC
10,23,73,0.005,MCC
10,23,74,0.01,MCC
10,23,75,1,MCC
10,23,76,0.005,MCC
10,23,77,0.005,MCC
10,23,78,1,MCC
10,23,79,0.1,MCC
10,23,80,0.5,MCC
10,23,81,1,MCC
10,23,82,0.16,MCC
10,23,83,0.96,MCC
10,23,84,0.03,MCC
10,23,85,0.005,MCC
10,23,86,0.045,MCC
10,23,87,0.79,MCC
10,23,88,1,MCC
10,23,89,0.825,MCC
10,23,90,0.01,MCC
10,23,91,0.035,MCC
10,23,92,0.77,MCC
10,23,93,0.235,MCC
10,23,94,0.41,MCC
10,23,95,1,MCC
10,23,96,0.005,MCC
10,23,97,0.015,MCC
10,23,98,1,MCC
10,23,99,0.93,MCC
10,41,51,NA,MCC
10,41,52,0.005,MCC
10,41,53,0.005,MCC
10,41,54,0.005,MCC
10,41,55,0.005,MCC
10,41,56,0.005,MCC
10,41,57,0.03,MCC
10,41,58,1,MCC
10,41,59,0.105,MCC
10,41,60,1,MCC
10,41,61,0.005,MCC
10,41,62,0.055,MCC
10,41,63,1,MCC
10,41,64,0.005,MCC
10,41,65,0.005,MCC
10,41,66,0.035,MCC
10,41,67,0.075,MCC
10,41,68,1,MCC
10,41,69,0.005,MCC
10,41,70,0.005,MCC
10,41,71,0.05,MCC
10,41,72,0.7,MCC
10,41,73,0.005,MCC
10,41,74,0.195,MCC
10,41,75,1,MCC
10,41,76,0.47,MCC
10,41,77,0.875,MCC
10,41,78,0.89,MCC
10,41,79,0.005,MCC
10,41,80,0.01,MCC
10,41,81,0.01,MCC
10,41,82,0.47,MCC
10,41,83,1,MCC
10,41,84,0.04,MCC
10,41,85,0.005,MCC
10,41,86,0.03,MCC
10,41,87,0.915,MCC
10,41,88,0.74,MCC
10,41,89,0.565,MCC
10,41,90,1,MCC
10,41,91,1,MCC
10,41,92,1,MCC
10,41,93,0.035,MCC
10,41,94,0.02,MCC
10,41,95,1,MCC
10,41,96,0.51,MCC
10,41,97,1,MCC
10,41,98,0.86,MCC
10,41,99,0.65,MCC
11,37,51,1,CS
11,37,52,1,CS
11,37,53,0.895,CS
11,37,54,1,CS
11,37,55,1,CS
11,37,56,0.74,CS
11,37,57,1,CS
11,37,58,1,CS
11,37,59,1,CS
11,37,60,1,CS
11,37,61,1,CS
11,37,62,1,CS
11,37,63,1,CS
11,37,64,1,CS
11,37,65,1,CS
11,14,51,1,CS
11,14,52,0.57,CS
11,14,53,1,CS
11,14,54,0.93,CS
11,14,55,1,CS
11,14,56,1,CS
11,14,57,0.565,CS
11,14,58,0.7,CS
11,14,59,1,CS
11,14,60,0.995,CS
11,14,61,1,CS
11,14,62,1,CS
11,14,63,1,CS
11,14,64,1,CS
11,14,65,1,CS
11,14,66,1,CS
11,37,51,NA,MCC
11,37,52,0.005,MCC
11,37,53,0.005,MCC
11,37,54,0.005,MCC
11,37,55,0.01,MCC
11,37,56,0.01,MCC
11,37,57,0.085,MCC
11,37,58,1,MCC
11,37,59,0.005,MCC
11,37,60,0.03,MCC
11,37,61,0.25,MCC
11,37,62,0.005,MCC
11,37,63,0.005,MCC
11,37,64,0.005,MCC
11,37,65,0.005,MCC
11,37,66,0.02,MCC
11,37,67,0.005,MCC
11,37,68,0.005,MCC
11,37,69,0.085,MCC
11,37,70,1,MCC
11,37,71,0.23,MCC
11,37,72,1,MCC
11,37,73,0.005,MCC
11,37,74,0.045,MCC
11,37,75,0.385,MCC
11,37,76,0.74,MCC
11,37,77,1,MCC
11,37,78,1,MCC
11,37,79,0.005,MCC
11,37,80,0.08,MCC
11,37,81,0.205,MCC
11,37,82,1,MCC
11,37,83,1,MCC
11,37,84,0.295,MCC
11,37,85,0.35,MCC
11,37,86,0.39,MCC
11,37,87,0.27,MCC
11,37,88,1,MCC
11,37,89,1,MCC
11,37,90,0.415,MCC
11,37,91,0.075,MCC
11,37,92,0.005,MCC
11,37,93,0.065,MCC
11,37,94,1,MCC
11,37,95,0.895,MCC
11,37,96,1,MCC
11,37,97,0.04,MCC
11,37,98,1,MCC
11,37,99,0.015,MCC
11,14,51,NA,MCC
11,14,52,0.005,MCC
11,14,53,0.005,MCC
11,14,54,0.005,MCC
11,14,55,0.005,MCC
11,14,56,0.005,MCC
11,14,57,0.02,MCC
11,14,58,0.01,MCC
11,14,59,0.005,MCC
11,14,60,0.025,MCC
11,14,61,0.36,MCC
11,14,62,0.995,MCC
11,14,63,1,MCC
11,14,64,0.015,MCC
11,14,65,0.005,MCC
11,14,66,0.12,MCC
11,14,67,0.475,MCC
11,14,68,0.09,MCC
11,14,69,0.36,MCC
11,14,70,0.57,MCC
11,14,71,1,MCC
11,14,72,0.93,MCC
11,14,73,1,MCC
11,14,74,1,MCC
11,14,75,0.005,MCC
11,14,76,0.005,MCC
11,14,77,0.005,MCC
11,14,78,0.005,MCC
11,14,79,0.005,MCC
11,14,80,0.02,MCC
11,14,81,0.235,MCC
11,14,82,0.22,MCC
11,14,83,1,MCC
11,14,84,1,MCC
11,14,85,1,MCC
11,14,86,0.01,MCC
11,14,87,0.565,MCC
11,14,88,0.7,MCC
11,14,89,0.155,MCC
11,14,90,0.215,MCC
11,14,91,1,MCC
11,14,92,0.045,MCC
11,14,93,0.075,MCC
11,14,94,0.065,MCC
11,14,95,1,MCC
11,14,96,1,MCC
11,14,97,0.19,MCC
11,14,98,0.035,MCC
11,14,99,0.115,MCC
11,1,51,1,CS
11,1,52,0.71,CS
11,1,53,0.56,CS
11,1,54,1,CS
11,1,55,1,CS
11,1,56,1,CS
11,1,57,1,CS
11,1,58,1,CS
11,1,59,0.815,CS
11,1,60,1,CS
11,1,61,0.78,CS
11,1,62,1,CS
11,1,63,1,CS
11,1,64,1,CS
11,1,65,0.97,CS
11,1,66,1,CS
11,1,67,1,CS
11,1,68,1,CS
11,1,69,0.895,CS
11,1,51,NA,MCC
11,1,52,0.005,MCC
11,1,53,0.005,MCC
11,1,54,0.895,MCC
11,1,55,0.005,MCC
11,1,56,1,MCC
11,1,57,0.815,MCC
11,1,58,0.005,MCC
11,1,59,0.005,MCC
11,1,60,0.005,MCC
11,1,61,0.05,MCC
11,1,62,0.4,MCC
11,1,63,1,MCC
11,1,64,0.22,MCC
11,1,65,1,MCC
11,1,66,0.005,MCC
11,1,67,0.005,MCC
11,1,68,0.005,MCC
11,1,69,0.08,MCC
11,1,70,0.71,MCC
11,1,71,0.085,MCC
11,1,72,0.105,MCC
11,1,73,1,MCC
11,1,74,0.22,MCC
11,1,75,0.1,MCC
11,1,76,0.13,MCC
11,1,77,0.125,MCC
11,1,78,1,MCC
11,1,79,0.56,MCC
11,1,80,1,MCC
11,1,81,1,MCC
11,1,82,0.005,MCC
11,1,83,0.01,MCC
11,1,84,0.05,MCC
11,1,85,1,MCC
11,1,86,1,MCC
11,1,87,0.97,MCC
11,1,88,0.005,MCC
11,1,89,0.055,MCC
11,1,90,0.19,MCC
11,1,91,0.21,MCC
11,1,92,0.3,MCC
11,1,93,0.49,MCC
11,1,94,0.78,MCC
11,1,95,1,MCC
11,1,96,0.02,MCC
11,1,97,1,MCC
11,1,98,0.02,MCC
11,1,99,1,MCC
11,23,51,1,CS
11,23,52,0.885,CS
11,23,53,1,CS
11,23,54,0.525,CS
11,23,55,0.54,CS
11,23,56,0.675,CS
11,23,57,1,CS
11,23,58,1,CS
11,23,59,1,CS
11,23,60,1,CS
11,23,61,0.99,CS
11,23,62,1,CS
11,23,63,1,CS
11,23,64,1,CS
11,23,65,1,CS
11,23,51,NA,MCC
11,23,52,0.005,MCC
11,23,53,0.005,MCC
11,23,54,0.01,MCC
11,23,55,0.54,MCC
11,23,56,0.01,MCC
11,23,57,0.13,MCC
11,23,58,0.005,MCC
11,23,59,0.005,MCC
11,23,60,0.23,MCC
11,23,61,1,MCC
11,23,62,0.885,MCC
11,23,63,0.5,MCC
11,23,64,1,MCC
11,23,65,0.005,MCC
11,23,66,0.005,MCC
11,23,67,0.015,MCC
11,23,68,0.17,MCC
11,23,69,0.675,MCC
11,23,70,0.365,MCC
11,23,71,0.99,MCC
11,23,72,0.315,MCC
11,23,73,0.01,MCC
11,23,74,0.145,MCC
11,23,75,1,MCC
11,23,76,0.005,MCC
11,23,77,0.005,MCC
11,23,78,0.315,MCC
11,23,79,1,MCC
11,23,80,0.05,MCC
11,23,81,1,MCC
11,23,82,1,MCC
11,23,83,0.005,MCC
11,23,84,0.005,MCC
11,23,85,0.075,MCC
11,23,86,0.295,MCC
11,23,87,0.01,MCC
11,23,88,0.055,MCC
11,23,89,0.345,MCC
11,23,90,0.005,MCC
11,23,91,0.005,MCC
11,23,92,0.005,MCC
11,23,93,0.035,MCC
11,23,94,0.04,MCC
11,23,95,1,MCC
11,23,96,1,MCC
11,23,97,0.125,MCC
11,23,98,0.065,MCC
11,23,99,1,MCC
11,28,51,1,CS
11,28,52,1,CS
11,28,53,0.73,CS
11,28,54,1,CS
11,28,55,1,CS
11,28,56,1,CS
11,28,57,1,CS
11,28,58,1,CS
11,28,59,1,CS
11,28,60,1,CS
11,28,61,1,CS
11,28,62,1,CS
11,28,63,1,CS
11,28,64,1,CS
11,28,65,1,CS
11,28,66,1,CS
11,28,67,1,CS
11,28,68,0.985,CS
11,28,69,1,CS
10,46,51,1,CS
10,46,52,1,CS
10,46,53,0.965,CS
10,46,54,1,CS
10,46,55,0.58,CS
10,46,56,1,CS
10,46,57,1,CS
10,46,58,1,CS
10,46,59,1,CS
10,46,60,1,CS
10,46,61,1,CS
10,46,62,1,CS
10,46,63,0.89,CS
10,46,64,1,CS
10,46,65,1,CS
10,46,51,NA,MCC
10,46,52,0.005,MCC
10,46,53,0.005,MCC
10,46,54,0.005,MCC
10,46,55,0.005,MCC
10,46,56,0.05,MCC
10,46,57,1,MCC
10,46,58,0.005,MCC
10,46,59,0.04,MCC
10,46,60,1,MCC
10,46,61,0.965,MCC
10,46,62,1,MCC
10,46,63,0.02,MCC
10,46,64,0.89,MCC
10,46,65,0.01,MCC
10,46,66,0.015,MCC
10,46,67,0.11,MCC
10,46,68,1,MCC
10,46,69,1,MCC
10,46,70,1,MCC
10,46,71,1,MCC
10,46,72,0.005,MCC
10,46,73,0.005,MCC
10,46,74,0.03,MCC
10,46,75,0.015,MCC
10,46,76,0.005,MCC
10,46,77,0.005,MCC
10,46,78,0.005,MCC
10,46,79,0.015,MCC
10,46,80,0.015,MCC
10,46,81,0.17,MCC
10,46,82,0.01,MCC
10,46,83,0.025,MCC
10,46,84,0.09,MCC
10,46,85,0.005,MCC
10,46,86,0.005,MCC
10,46,87,0.005,MCC
10,46,88,0.02,MCC
10,46,89,0.025,MCC
10,46,90,0.06,MCC
10,46,91,0.285,MCC
10,46,92,1,MCC
10,46,93,1,MCC
10,46,94,0.025,MCC
10,46,95,0.015,MCC
10,46,96,0.58,MCC
10,46,97,1,MCC
10,46,98,1,MCC
10,46,99,0.355,MCC
11,28,51,NA,MCC
11,28,52,NA,MCC
11,28,53,0.005,MCC
11,28,54,0.005,MCC
11,28,55,0.005,MCC
11,28,56,0.015,MCC
11,28,57,0.005,MCC
11,28,58,0.01,MCC
11,28,59,0.075,MCC
11,28,60,0.475,MCC
11,28,61,0.145,MCC
11,28,62,1,MCC
11,28,63,0.005,MCC
11,28,64,0.16,MCC
11,28,65,0.985,MCC
11,28,66,0.005,MCC
11,28,67,0.025,MCC
11,28,68,0.055,MCC
11,28,69,1,MCC
11,28,70,1,MCC
11,28,71,1,MCC
11,28,72,0.005,MCC
11,28,73,0.005,MCC
11,28,74,0.005,MCC
11,28,75,0.06,MCC
11,28,76,1,MCC
11,28,77,1,MCC
11,28,78,0.005,MCC
11,28,79,0.085,MCC
11,28,80,1,MCC
11,28,81,0.05,MCC
11,28,82,1,MCC
11,28,83,1,MCC
11,28,84,0.01,MCC
11,28,85,0.31,MCC
11,28,86,0.005,MCC
11,28,87,0.005,MCC
11,28,88,0.135,MCC
11,28,89,1,MCC
11,28,90,0.73,MCC
11,28,91,0.375,MCC
11,28,92,1,MCC
11,28,93,1,MCC
11,28,94,1,MCC
11,28,95,0.445,MCC
11,28,96,0.025,MCC
11,28,97,1,MCC
11,28,98,1,MCC
11,28,99,1,MCC
11,32,51,1,CS
11,32,52,0.545,CS
11,32,51,NA,MCC
11,32,52,0.005,MCC
11,32,53,0.005,MCC
11,32,54,0.005,MCC
11,32,55,0.005,MCC
11,32,56,0.005,MCC
11,32,57,0.015,MCC
11,32,58,0.02,MCC
11,32,59,0.005,MCC
11,32,60,0.005,MCC
11,32,61,0.015,MCC
11,32,62,0.005,MCC
11,32,63,0.005,MCC
11,32,64,0.005,MCC
11,32,65,0.005,MCC
11,32,66,0.005,MCC
11,32,67,0.015,MCC
11,32,68,0.545,MCC
11,32,69,0.005,MCC
11,32,70,0.005,MCC
11,32,71,0.005,MCC
11,32,72,0.02,MCC
11,32,73,0.005,MCC
11,32,74,0.005,MCC
11,32,75,0.005,MCC
11,32,76,0.025,MCC
11,32,77,0.02,MCC
11,32,78,0.025,MCC
11,32,79,0.03,MCC
11,32,80,0.005,MCC
11,32,81,0.005,MCC
11,32,82,0.005,MCC
11,32,83,0.02,MCC
11,32,84,0.005,MCC
11,32,85,0.005,MCC
11,32,86,0.02,MCC
11,32,87,0.035,MCC
11,32,88,0.005,MCC
11,32,89,0.01,MCC
11,32,90,0.04,MCC
11,32,91,0.005,MCC
11,32,92,0.015,MCC
11,32,93,0.005,MCC
11,32,94,0.005,MCC
11,32,95,0.025,MCC
11,32,96,0.005,MCC
11,32,97,0.015,MCC
11,32,98,0.005,MCC
11,32,99,0.025,MCC
11,19,51,1,CS
11,19,52,1,CS
11,19,53,1,CS
11,19,54,0.505,CS
11,19,55,1,CS
11,19,56,0.85,CS
11,19,57,1,CS
11,19,58,1,CS
11,19,59,1,CS
11,19,60,0.79,CS
11,19,61,0.745,CS
11,19,62,1,CS
11,19,63,1,CS
11,19,64,0.85,CS
11,19,51,NA,MCC
11,19,52,0.005,MCC
11,19,53,0.005,MCC
11,19,54,0.12,MCC
11,19,55,1,MCC
11,19,56,0.005,MCC
11,19,57,0.005,MCC
11,19,58,0.005,MCC
11,19,59,0.01,MCC
11,19,60,0.065,MCC
11,19,61,0.85,MCC
11,19,62,0.035,MCC
11,19,63,0.005,MCC
11,19,64,0.005,MCC
11,19,65,0.015,MCC
11,19,66,0.025,MCC
11,19,67,0.05,MCC
11,19,68,0.79,MCC
11,19,69,0.005,MCC
11,19,70,0.005,MCC
11,19,71,0.02,MCC
11,19,72,0.315,MCC
11,19,73,0.005,MCC
11,19,74,0.01,MCC
11,19,75,1,MCC
11,19,76,1,MCC
11,19,77,0.505,MCC
11,19,78,1,MCC
11,19,79,0.08,MCC
11,19,80,0.005,MCC
11,19,81,0.015,MCC
11,19,82,0.105,MCC
11,19,83,0.745,MCC
11,19,84,0.005,MCC
11,19,85,0.045,MCC
11,19,86,0.85,MCC
11,19,87,1,MCC
11,19,88,1,MCC
11,19,89,0.005,MCC
11,19,90,0.005,MCC
11,19,91,0.02,MCC
11,19,92,0.005,MCC
11,19,93,0.005,MCC
11,19,94,0.035,MCC
11,19,95,0.085,MCC
11,19,96,1,MCC
11,19,97,0.005,MCC
11,19,98,0.025,MCC
11,19,99,1,MCC
11,41,51,1,CS
11,41,52,0.875,CS
11,41,53,0.68,CS
11,41,54,1,CS
11,41,55,1,CS
11,41,56,1,CS
11,41,57,0.97,CS
11,41,58,1,CS
11,41,59,0.94,CS
11,41,60,0.84,CS
11,41,61,0.665,CS
11,41,62,1,CS
11,41,63,1,CS
11,41,64,1,CS
11,41,65,1,CS
11,41,66,1,CS
11,41,67,0.985,CS
11,41,68,1,CS
11,41,69,1,CS
11,41,51,NA,MCC
11,41,52,0.055,MCC
11,41,53,0.135,MCC
11,41,54,1,MCC
11,41,55,0.11,MCC
11,41,56,0.01,MCC
11,41,57,0.005,MCC
11,41,58,0.005,MCC
11,41,59,0.005,MCC
11,41,60,0.065,MCC
11,41,61,1,MCC
11,41,62,0.005,MCC
11,41,63,0.085,MCC
11,41,64,0.665,MCC
11,41,65,1,MCC
11,41,66,1,MCC
11,41,67,0.055,MCC
11,41,68,0.005,MCC
11,41,69,0.005,MCC
11,41,70,0.005,MCC
11,41,71,0.02,MCC
11,41,72,0.02,MCC
11,41,73,1,MCC
11,41,74,0.005,MCC
11,41,75,0.005,MCC
11,41,76,0.015,MCC
11,41,77,0.11,MCC
11,41,78,0.97,MCC
11,41,79,0.84,MCC
11,41,80,1,MCC
11,41,81,0.94,MCC
11,41,82,0.875,MCC
11,41,83,0.11,MCC
11,41,84,1,MCC
11,41,85,1,MCC
11,41,86,1,MCC
11,41,87,0.04,MCC
11,41,88,0.985,MCC
11,41,89,0.135,MCC
11,41,90,0.17,MCC
11,41,91,1,MCC
11,41,92,0.435,MCC
11,41,93,0.005,MCC
11,41,94,0.005,MCC
11,41,95,0.015,MCC
11,41,96,1,MCC
11,41,97,0.115,MCC
11,41,98,0.005,MCC
11,41,99,0.035,MCC
12,1,51,1,CS
12,1,52,0.58,CS
12,1,53,1,CS
12,1,54,0.775,CS
12,1,55,0.945,CS
12,1,56,1,CS
12,1,57,0.885,CS
12,1,58,1,CS
12,1,59,0.93,CS
12,1,60,1,CS
12,1,61,0.785,CS
12,1,62,1,CS
12,1,63,0.8,CS
12,1,64,1,CS
12,1,65,1,CS
12,1,66,1,CS
12,1,67,1,CS
12,1,68,1,CS
12,1,69,0.945,CS
12,1,70,1,CS
11,50,51,1,CS
11,50,52,0.995,CS
11,50,53,0.66,CS
11,50,54,0.76,CS
11,50,55,1,CS
11,50,56,0.985,CS
11,50,57,0.545,CS
11,50,58,0.955,CS
11,50,59,1,CS
11,50,60,1,CS
11,50,61,0.86,CS
11,50,62,0.985,CS
11,50,63,0.655,CS
11,50,64,0.95,CS
11,50,65,1,CS
11,50,66,1,CS
11,50,67,1,CS
11,50,68,1,CS
12,1,51,NA,MCC
12,1,52,0.005,MCC
12,1,53,0.005,MCC
12,1,54,0.005,MCC
12,1,55,0.005,MCC
12,1,56,0.005,MCC
12,1,57,0.945,MCC
12,1,58,0.155,MCC
12,1,59,1,MCC
12,1,60,0.125,MCC
12,1,61,0.8,MCC
12,1,62,0.005,MCC
12,1,63,0.175,MCC
12,1,64,1,MCC
12,1,65,0.065,MCC
12,1,66,0.45,MCC
12,1,67,0.93,MCC
12,1,68,1,MCC
12,1,69,0.005,MCC
12,1,70,0.005,MCC
12,1,71,0.005,MCC
12,1,72,0.005,MCC
12,1,73,0.005,MCC
12,1,74,0.005,MCC
12,1,75,1,MCC
12,1,76,0.095,MCC
12,1,77,0.41,MCC
12,1,78,1,MCC
12,1,79,0.785,MCC
12,1,80,1,MCC
12,1,81,0.135,MCC
12,1,82,0.14,MCC
12,1,83,0.11,MCC
12,1,84,1,MCC
12,1,85,0.885,MCC
12,1,86,0.03,MCC
12,1,87,0.305,MCC
12,1,88,1,MCC
12,1,89,1,MCC
12,1,90,1,MCC
12,1,91,0.495,MCC
12,1,92,0.045,MCC
12,1,93,0.055,MCC
12,1,94,0.005,MCC
12,1,95,0.005,MCC
12,1,96,0.005,MCC
12,1,97,0.095,MCC
12,1,98,1,MCC
12,1,99,0.945,MCC
12,28,51,1,CS
12,28,52,1,CS
12,28,53,1,CS
12,28,54,1,CS
12,28,55,1,CS
12,28,56,0.965,CS
12,28,57,1,CS
12,28,58,1,CS
12,28,59,1,CS
12,28,60,1,CS
12,28,61,1,CS
12,28,62,1,CS
12,28,63,1,CS
12,28,64,1,CS
12,28,65,1,CS
12,28,66,0.955,CS
12,28,67,1,CS
12,28,68,1,CS
12,28,51,NA,MCC
12,28,52,0.005,MCC
12,28,53,0.005,MCC
12,28,54,0.005,MCC
12,28,55,0.11,MCC
12,28,56,0.965,MCC
12,28,57,1,MCC
12,28,58,0.005,MCC
12,28,59,0.005,MCC
12,28,60,0.06,MCC
12,28,61,1,MCC
12,28,62,0.29,MCC
12,28,63,0.15,MCC
12,28,64,1,MCC
12,28,65,1,MCC
12,28,66,0.005,MCC
12,28,67,0.01,MCC
12,28,68,0.03,MCC
12,28,69,0.215,MCC
12,28,70,1,MCC
12,28,71,1,MCC
12,28,72,0.005,MCC
12,28,73,0.005,MCC
12,28,74,0.005,MCC
12,28,75,0.015,MCC
12,28,76,0.475,MCC
12,28,77,1,MCC
12,28,78,1,MCC
12,28,79,1,MCC
12,28,80,0.015,MCC
12,28,81,0.955,MCC
12,28,82,0.17,MCC
12,28,83,0.005,MCC
12,28,84,0.06,MCC
12,28,85,1,MCC
12,28,86,0.005,MCC
12,28,87,0.005,MCC
12,28,88,0.475,MCC
12,28,89,0.01,MCC
12,28,90,0.065,MCC
12,28,91,1,MCC
12,28,92,1,MCC
12,28,93,0.005,MCC
12,28,94,0.005,MCC
12,28,95,1,MCC
12,28,96,0.185,MCC
12,28,97,0.12,MCC
12,28,98,1,MCC
12,28,99,1,MCC
11,50,51,NA,MCC
11,50,52,0.005,MCC
11,50,53,0.005,MCC
11,50,54,0.065,MCC
11,50,55,0.045,MCC
11,50,56,0.005,MCC
11,50,57,0.02,MCC
11,50,58,0.08,MCC
11,50,59,0.995,MCC
11,50,60,0.485,MCC
11,50,61,0.66,MCC
11,50,62,0.76,MCC
11,50,63,1,MCC
11,50,64,0.005,MCC
11,50,65,0.005,MCC
11,50,66,0.005,MCC
11,50,67,0.005,MCC
11,50,68,0.025,MCC
11,50,69,0.04,MCC
11,50,70,0.985,MCC
11,50,71,0.395,MCC
11,50,72,0.545,MCC
11,50,73,0.955,MCC
11,50,74,1,MCC
11,50,75,1,MCC
11,50,76,0.005,MCC
11,50,77,0.035,MCC
11,50,78,0.86,MCC
11,50,79,0.985,MCC
11,50,80,0.005,MCC
11,50,81,0.01,MCC
11,50,82,0.065,MCC
11,50,83,1,MCC
11,50,84,0.145,MCC
11,50,85,1,MCC
11,50,86,0.005,MCC
11,50,87,0.01,MCC
11,50,88,0.055,MCC
11,50,89,0.035,MCC
11,50,90,1,MCC
11,50,91,0.005,MCC
11,50,92,0.005,MCC
11,50,93,0.005,MCC
11,50,94,0.04,MCC
11,50,95,0.655,MCC
11,50,96,0.95,MCC
11,50,97,0.005,MCC
11,50,98,0.015,MCC
11,50,99,1,MCC
12,32,51,1,CS
12,32,52,0.58,CS
12,32,53,0.945,CS
12,32,54,0.505,CS
12,32,55,1,CS
12,32,56,1,CS
12,32,57,0.75,CS
12,32,58,1,CS
12,32,59,1,CS
12,32,60,0.88,CS
12,32,61,0.975,CS
12,32,62,1,CS
12,32,63,1,CS
12,32,64,1,CS
12,32,65,1,CS
12,32,66,1,CS
12,32,67,1,CS
12,32,68,1,CS
12,32,69,1,CS
12,32,51,NA,MCC
12,32,52,0.025,MCC
12,32,53,0.975,MCC
12,32,54,1,MCC
12,32,55,0.005,MCC
12,32,56,0.005,MCC
12,32,57,0.005,MCC
12,32,58,0.005,MCC
12,32,59,0.005,MCC
12,32,60,0.025,MCC
12,32,61,1,MCC
12,32,62,0.01,MCC
12,32,63,0.58,MCC
12,32,64,0.945,MCC
12,32,65,0.33,MCC
12,32,66,0.025,MCC
12,32,67,0.005,MCC
12,32,68,0.005,MCC
12,32,69,0.75,MCC
12,32,70,1,MCC
12,32,71,0.02,MCC
12,32,72,0.215,MCC
12,32,73,1,MCC
12,32,74,0.005,MCC
12,32,75,0.025,MCC
12,32,76,1,MCC
12,32,77,0.005,MCC
12,32,78,0.005,MCC
12,32,79,0.005,MCC
12,32,80,0.04,MCC
12,32,81,0.505,MCC
12,32,82,1,MCC
12,32,83,1,MCC
12,32,84,0.005,MCC
12,32,85,0.005,MCC
12,32,86,0.045,MCC
12,32,87,1,MCC
12,32,88,0.12,MCC
12,32,89,1,MCC
12,32,90,1,MCC
12,32,91,1,MCC
12,32,92,0.005,MCC
12,32,93,0.005,MCC
12,32,94,0.26,MCC
12,32,95,0.005,MCC
12,32,96,0.035,MCC
12,32,97,1,MCC
12,32,98,0.88,MCC
12,32,99,0.1,MCC
12,37,51,1,CS
12,37,52,1,CS
12,37,53,0.665,CS
12,37,54,1,CS
12,37,55,0.81,CS
12,37,56,1,CS
12,37,57,0.975,CS
12,37,58,0.955,CS
12,37,59,1,CS
12,37,60,1,CS
12,37,61,0.545,CS
12,37,62,1,CS
12,37,63,1,CS
12,37,64,1,CS
12,37,65,1,CS
12,37,51,NA,MCC
12,37,52,0.005,MCC
12,37,53,0.005,MCC
12,37,54,0.02,MCC
12,37,55,1,MCC
12,37,56,0.665,MCC
12,37,57,1,MCC
12,37,58,0.02,MCC
12,37,59,0.005,MCC
12,37,60,0.015,MCC
12,37,61,0.005,MCC
12,37,62,0.545,MCC
12,37,63,0.095,MCC
12,37,64,0.005,MCC
12,37,65,0.005,MCC
12,37,66,0.02,MCC
12,37,67,0.005,MCC
12,37,68,0.01,MCC
12,37,69,0.065,MCC
12,37,70,1,MCC
12,37,71,0.005,MCC
12,37,72,0.035,MCC
12,37,73,0.005,MCC
12,37,74,0.01,MCC
12,37,75,0.075,MCC
12,37,76,1,MCC
12,37,77,1,MCC
12,37,78,0.045,MCC
12,37,79,0.005,MCC
12,37,80,0.005,MCC
12,37,81,0.005,MCC
12,37,82,0.005,MCC
12,37,83,0.375,MCC
12,37,84,0.005,MCC
12,37,85,0.005,MCC
12,37,86,0.025,MCC
12,37,87,0.005,MCC
12,37,88,0.16,MCC
12,37,89,0.81,MCC
12,37,90,1,MCC
12,37,91,0.485,MCC
12,37,92,1,MCC
12,37,93,0.975,MCC
12,37,94,0.955,MCC
12,37,95,1,MCC
12,37,96,0.005,MCC
12,37,97,0.005,MCC
12,37,98,0.21,MCC
12,37,99,1,MCC
12,14,51,1,CS
12,14,52,0.865,CS
12,14,53,1,CS
12,14,54,1,CS
12,14,55,0.54,CS
12,14,56,1,CS
12,14,57,1,CS
12,14,58,1,CS
12,14,59,1,CS
12,14,60,1,CS
12,14,61,1,CS
12,14,62,0.88,CS
12,14,63,0.98,CS
12,14,51,NA,MCC
12,14,52,0.005,MCC
12,14,53,0.005,MCC
12,14,54,0.005,MCC
12,14,55,0.015,MCC
12,14,56,0.105,MCC
12,14,57,1,MCC
12,14,58,0.005,MCC
12,14,59,0.005,MCC
12,14,60,0.005,MCC
12,14,61,1,MCC
12,14,62,0.005,MCC
12,14,63,0.005,MCC
12,14,64,0.005,MCC
12,14,65,0.005,MCC
12,14,66,0.05,MCC
12,14,67,0.005,MCC
12,14,68,0.005,MCC
12,14,69,0.365,MCC
12,14,70,1,MCC
12,14,71,0.1,MCC
12,14,72,0.865,MCC
12,14,73,1,MCC
12,14,74,1,MCC
12,14,75,0.18,MCC
12,14,76,1,MCC
12,14,77,0.02,MCC
12,14,78,0.04,MCC
12,14,79,0.54,MCC
12,14,80,0.005,MCC
12,14,81,0.005,MCC
12,14,82,0.005,MCC
12,14,83,0.005,MCC
12,14,84,0.185,MCC
12,14,85,1,MCC
12,14,86,0.19,MCC
12,14,87,0.98,MCC
12,14,88,0.005,MCC
12,14,89,0.005,MCC
12,14,90,0.055,MCC
12,14,91,0.015,MCC
12,14,92,0.015,MCC
12,14,93,1,MCC
12,14,94,0.005,MCC
12,14,95,0.005,MCC
12,14,96,0.035,MCC
12,14,97,0.075,MCC
12,14,98,0.03,MCC
12,14,99,0.88,MCC
12,23,51,1,CS
12,23,51,NA,MCC
12,23,52,0.005,MCC
12,23,53,0.005,MCC
12,23,54,0.03,MCC
12,23,55,0.005,MCC
12,23,56,0.005,MCC
12,23,57,0.005,MCC
12,23,58,0.015,MCC
12,23,59,0.015,MCC
12,23,60,0.005,MCC
12,23,61,0.005,MCC
12,23,62,0.005,MCC
12,23,63,0.01,MCC
12,23,64,0.015,MCC
12,23,65,0.005,MCC
12,23,66,0.01,MCC
12,23,67,0.03,MCC
12,23,68,0.005,MCC
12,23,69,0.02,MCC
12,23,70,0.005,MCC
12,23,71,0.005,MCC
12,23,72,0.005,MCC
12,23,73,0.005,MCC
12,23,74,0.015,MCC
12,23,75,0.005,MCC
12,23,76,0.005,MCC
12,23,77,0.005,MCC
12,23,78,0.005,MCC
12,23,79,0.015,MCC
12,23,80,0.035,MCC
12,23,81,0.025,MCC
12,23,82,0.015,MCC
12,23,83,0.005,MCC
12,23,84,0.025,MCC
12,23,85,0.005,MCC
12,23,86,0.005,MCC
12,23,87,0.005,MCC
12,23,88,0.005,MCC
12,23,89,0.005,MCC
12,23,90,0.005,MCC
12,23,91,0.02,MCC
12,23,92,0.03,MCC
12,23,93,0.015,MCC
12,23,94,0.005,MCC
12,23,95,0.025,MCC
12,23,96,0.02,MCC
12,23,97,0.005,MCC
12,23,98,0.015,MCC
12,23,99,0.025,MCC
11,46,51,1,CS
11,46,52,1,CS
11,46,53,0.965,CS
11,46,54,1,CS
11,46,55,1,CS
11,46,56,1,CS
11,46,57,1,CS
11,46,58,0.57,CS
11,46,59,1,CS
11,46,60,1,CS
11,46,61,1,CS
11,46,62,1,CS
11,46,63,1,CS
11,46,64,0.935,CS
11,46,65,1,CS
11,46,66,1,CS
11,46,51,NA,MCC
11,46,52,0.005,MCC
11,46,53,0.27,MCC
11,46,54,0.005,MCC
11,46,55,0.005,MCC
11,46,56,0.005,MCC
11,46,57,0.005,MCC
11,46,58,0.005,MCC
11,46,59,0.015,MCC
11,46,60,0.025,MCC
11,46,61,0.295,MCC
11,46,62,0.02,MCC
11,46,63,1,MCC
11,46,64,0.005,MCC
11,46,65,0.01,MCC
11,46,66,0.24,MCC
11,46,67,0.325,MCC
11,46,68,0.005,MCC
11,46,69,0.005,MCC
11,46,70,0.005,MCC
11,46,71,0.005,MCC
11,46,72,0.005,MCC
11,46,73,0.005,MCC
11,46,74,0.025,MCC
11,46,75,0.1,MCC
11,46,76,0.165,MCC
11,46,77,0.57,MCC
11,46,78,1,MCC
11,46,79,1,MCC
11,46,80,1,MCC
11,46,81,0.015,MCC
11,46,82,0.935,MCC
11,46,83,0.245,MCC
11,46,84,1,MCC
11,46,85,1,MCC
11,46,86,0.005,MCC
11,46,87,0.03,MCC
11,46,88,0.01,MCC
11,46,89,1,MCC
11,46,90,0.965,MCC
11,46,91,1,MCC
11,46,92,0.25,MCC
11,46,93,1,MCC
11,46,94,0.01,MCC
11,46,95,0.005,MCC
11,46,96,0.05,MCC
11,46,97,1,MCC
11,46,98,1,MCC
11,46,99,1,MCC
12,19,51,1,CS
12,19,52,0.995,CS
12,19,53,1,CS
12,19,54,0.705,CS
12,19,55,1,CS
12,19,56,0.545,CS
12,19,57,1,CS
12,19,58,0.73,CS
12,19,59,1,CS
12,19,60,1,CS
12,19,61,0.995,CS
12,19,62,1,CS
12,19,63,1,CS
12,19,64,0.825,CS
12,19,51,NA,MCC
12,19,52,0.005,MCC
12,19,53,0.005,MCC
12,19,54,0.005,MCC
12,19,55,0.005,MCC
12,19,56,0.03,MCC
12,19,57,0.09,MCC
12,19,58,1,MCC
12,19,59,0.995,MCC
12,19,60,1,MCC
12,19,61,0.705,MCC
12,19,62,1,MCC
12,19,63,0.025,MCC
12,19,64,0.065,MCC
12,19,65,0.025,MCC
12,19,66,0.085,MCC
12,19,67,0.005,MCC
12,19,68,0.005,MCC
12,19,69,0.005,MCC
12,19,70,0.005,MCC
12,19,71,0.255,MCC
12,19,72,0.005,MCC
12,19,73,0.005,MCC
12,19,74,0.005,MCC
12,19,75,0.005,MCC
12,19,76,0.005,MCC
12,19,77,0.015,MCC
12,19,78,0.27,MCC
12,19,79,1,MCC
12,19,80,0.005,MCC
12,19,81,0.02,MCC
12,19,82,0.105,MCC
12,19,83,0.545,MCC
12,19,84,1,MCC
12,19,85,0.02,MCC
12,19,86,0.825,MCC
12,19,87,0.005,MCC
12,19,88,0.015,MCC
12,19,89,1,MCC
12,19,90,0.425,MCC
12,19,91,0.005,MCC
12,19,92,0.035,MCC
12,19,93,0.005,MCC
12,19,94,0.005,MCC
12,19,95,0.005,MCC
12,19,96,0.08,MCC
12,19,97,0.995,MCC
12,19,98,0.195,MCC
12,19,99,1,MCC
13,1,51,1,CS
13,1,52,0.53,CS
13,1,53,1,CS
13,1,54,1,CS
13,1,55,0.975,CS
13,1,56,0.65,CS
13,1,57,1,CS
13,1,58,1,CS
13,1,59,1,CS
13,1,60,1,CS
13,1,61,0.65,CS
13,1,62,1,CS
13,1,63,0.72,CS
13,1,64,1,CS
13,1,65,0.95,CS
13,1,66,1,CS
13,1,67,1,CS
13,1,68,1,CS
13,1,69,0.945,CS
13,1,70,1,CS
13,23,51,1,CS
13,23,52,0.785,CS
13,23,53,1,CS
13,23,54,1,CS
13,23,55,1,CS
13,23,56,1,CS
13,23,57,1,CS
13,23,58,1,CS
13,23,59,1,CS
13,23,60,1,CS
13,23,61,0.985,CS
13,23,62,0.51,CS
13,1,51,NA,MCC
13,1,52,0.005,MCC
13,1,53,0.005,MCC
13,1,54,0.47,MCC
13,1,55,1,MCC
13,1,56,0.975,MCC
13,1,57,0.005,MCC
13,1,58,0.005,MCC
13,1,59,0.005,MCC
13,1,60,0.14,MCC
13,1,61,0.01,MCC
13,1,62,0.14,MCC
13,1,63,0.005,MCC
13,1,64,0.005,MCC
13,1,65,0.17,MCC
13,1,66,1,MCC
13,1,67,0.01,MCC
13,1,68,0.285,MCC
13,1,69,1,MCC
13,1,70,0.29,MCC
13,1,71,0.005,MCC
13,1,72,0.005,MCC
13,1,73,0.02,MCC
13,1,74,0.38,MCC
13,1,75,0.06,MCC
13,1,76,0.65,MCC
13,1,77,1,MCC
13,1,78,0.02,MCC
13,1,79,1,MCC
13,1,80,1,MCC
13,1,81,0.95,MCC
13,1,82,1,MCC
13,1,83,0.14,MCC
13,1,84,0.17,MCC
13,1,85,1,MCC
13,1,86,0.005,MCC
13,1,87,0.005,MCC
13,1,88,0.005,MCC
13,1,89,0.02,MCC
13,1,90,1,MCC
13,1,91,0.53,MCC
13,1,92,0.265,MCC
13,1,93,1,MCC
13,1,94,0.005,MCC
13,1,95,0.035,MCC
13,1,96,1,MCC
13,1,97,0.08,MCC
13,1,98,0.945,MCC
13,1,99,1,MCC
13,37,51,1,CS
13,37,52,0.99,CS
13,37,53,1,CS
13,37,54,1,CS
13,37,55,1,CS
13,37,56,0.635,CS
13,37,57,1,CS
13,37,58,0.99,CS
13,37,59,1,CS
13,37,60,1,CS
13,37,61,1,CS
13,37,62,1,CS
13,37,63,1,CS
13,37,64,0.615,CS
13,23,51,NA,MCC
13,23,52,0.005,MCC
13,23,53,0.005,MCC
13,23,54,0.005,MCC
13,23,55,0.005,MCC
13,23,56,0.04,MCC
13,23,57,0.245,MCC
13,23,58,1,MCC
13,23,59,0.005,MCC
13,23,60,0.045,MCC
13,23,61,0.005,MCC
13,23,62,0.005,MCC
13,23,63,0.005,MCC
13,23,64,0.035,MCC
13,23,65,0.12,MCC
13,23,66,0.005,MCC
13,23,67,0.005,MCC
13,23,68,0.005,MCC
13,23,69,0.005,MCC
13,23,70,0.1,MCC
13,23,71,0.005,MCC
13,23,72,0.005,MCC
13,23,73,0.065,MCC
13,23,74,1,MCC
13,23,75,0.005,MCC
13,23,76,0.06,MCC
13,23,77,0.005,MCC
13,23,78,0.005,MCC
13,23,79,0.005,MCC
13,23,80,0.005,MCC
13,23,81,0.005,MCC
13,23,82,0.03,MCC
13,23,83,1,MCC
13,23,84,0.21,MCC
13,23,85,0.385,MCC
13,23,86,1,MCC
13,23,87,1,MCC
13,23,88,0.01,MCC
13,23,89,0.005,MCC
13,23,90,0.01,MCC
13,23,91,1,MCC
13,23,92,0.095,MCC
13,23,93,1,MCC
13,23,94,0.01,MCC
13,23,95,0.025,MCC
13,23,96,0.045,MCC
13,23,97,0.985,MCC
13,23,98,0.785,MCC
13,23,99,1,MCC
13,14,51,1,CS
13,14,52,1,CS
13,14,53,1,CS
13,14,54,0.605,CS
13,14,55,1,CS
13,14,56,0.51,CS
13,14,57,1,CS
13,14,58,1,CS
13,14,59,1,CS
13,14,60,0.91,CS
13,14,61,0.99,CS
13,14,62,1,CS
13,14,63,1,CS
13,37,51,NA,MCC
13,37,52,0.005,MCC
13,37,53,0.005,MCC
13,37,54,0.005,MCC
13,37,55,0.005,MCC
13,37,56,0.03,MCC
13,37,57,0.075,MCC
13,37,58,1,MCC
13,37,59,1,MCC
13,37,60,0.22,MCC
13,37,61,1,MCC
13,37,62,0.005,MCC
13,37,63,0.025,MCC
13,37,64,1,MCC
13,37,65,0.005,MCC
13,37,66,0.005,MCC
13,37,67,0.005,MCC
13,37,68,0.005,MCC
13,37,69,0.01,MCC
13,37,70,0.35,MCC
13,37,71,0.99,MCC
13,37,72,1,MCC
13,37,73,1,MCC
13,37,74,0.005,MCC
13,37,75,0.065,MCC
13,37,76,0.01,MCC
13,37,77,0.015,MCC
13,37,78,0.615,MCC
13,37,79,0.005,MCC
13,37,80,0.005,MCC
13,37,81,0.005,MCC
13,37,82,0.025,MCC
13,37,83,0.005,MCC
13,37,84,0.01,MCC
13,37,85,0.02,MCC
13,37,86,0.06,MCC
13,37,87,1,MCC
13,37,88,0.005,MCC
13,37,89,0.025,MCC
13,37,90,0.99,MCC
13,37,91,0.005,MCC
13,37,92,0.015,MCC
13,37,93,0.255,MCC
13,37,94,1,MCC
13,37,95,1,MCC
13,37,96,0.635,MCC
13,37,97,0.005,MCC
13,37,98,0.01,MCC
13,37,99,0.04,MCC
13,28,51,1,CS
13,28,52,0.62,CS
13,28,53,0.55,CS
13,28,54,0.72,CS
13,28,55,0.99,CS
13,28,56,0.925,CS
13,28,57,1,CS
13,28,58,1,CS
13,28,59,1,CS
13,28,60,1,CS
13,28,61,0.725,CS
13,28,62,1,CS
13,28,63,1,CS
13,28,64,1,CS
13,28,65,1,CS
13,28,66,1,CS
13,28,67,1,CS
13,28,68,1,CS
13,14,51,NA,MCC
13,14,52,0.005,MCC
13,14,53,0.005,MCC
13,14,54,0.005,MCC
13,14,55,0.015,MCC
13,14,56,0.035,MCC
13,14,57,0.04,MCC
13,14,58,0.405,MCC
13,14,59,1,MCC
13,14,60,0.605,MCC
13,14,61,1,MCC
13,14,62,0.005,MCC
13,14,63,0.005,MCC
13,14,64,0.025,MCC
13,14,65,0.135,MCC
13,14,66,0.005,MCC
13,14,67,0.005,MCC
13,14,68,0.005,MCC
13,14,69,0.01,MCC
13,14,70,0.32,MCC
13,14,71,1,MCC
13,14,72,1,MCC
13,14,73,1,MCC
13,14,74,0.065,MCC
13,14,75,0.005,MCC
13,14,76,0.005,MCC
13,14,77,0.005,MCC
13,14,78,0.005,MCC
13,14,79,0.06,MCC
13,14,80,0.11,MCC
13,14,81,0.91,MCC
13,14,82,0.035,MCC
13,14,83,0.115,MCC
13,14,84,0.51,MCC
13,14,85,1,MCC
13,14,86,1,MCC
13,14,87,0.02,MCC
13,14,88,0.005,MCC
13,14,89,0.005,MCC
13,14,90,0.005,MCC
13,14,91,0.21,MCC
13,14,92,0.045,MCC
13,14,93,0.005,MCC
13,14,94,0.01,MCC
13,14,95,0.01,MCC
13,14,96,0.295,MCC
13,14,97,0.99,MCC
13,14,98,0.09,MCC
13,14,99,1,MCC
13,28,51,NA,MCC
13,28,52,0.005,MCC
13,28,53,0.005,MCC
13,28,54,0.005,MCC
13,28,55,0.005,MCC
13,28,56,0.06,MCC
13,28,57,0.095,MCC
13,28,58,1,MCC
13,28,59,0.01,MCC
13,28,60,0.375,MCC
13,28,61,1,MCC
13,28,62,0.005,MCC
13,28,63,0.005,MCC
13,28,64,0.005,MCC
13,28,65,1,MCC
13,28,66,1,MCC
13,28,67,0.005,MCC
13,28,68,0.11,MCC
13,28,69,1,MCC
13,28,70,0.445,MCC
13,28,71,0.005,MCC
13,28,72,1,MCC
13,28,73,0.62,MCC
13,28,74,0.55,MCC
13,28,75,0.72,MCC
13,28,76,0.99,MCC
13,28,77,0.925,MCC
13,28,78,0.005,MCC
13,28,79,0.005,MCC
13,28,80,1,MCC
13,28,81,1,MCC
13,28,82,0.725,MCC
13,28,83,0.005,MCC
13,28,84,0.005,MCC
13,28,85,0.005,MCC
13,28,86,0.005,MCC
13,28,87,0.005,MCC
13,28,88,0.095,MCC
13,28,89,0.265,MCC
13,28,90,0.395,MCC
13,28,91,1,MCC
13,28,92,0.01,MCC
13,28,93,0.075,MCC
13,28,94,0.4,MCC
13,28,95,1,MCC
13,28,96,1,MCC
13,28,97,0.005,MCC
13,28,98,0.025,MCC
13,28,99,0.02,MCC
12,41,51,1,CS
12,41,52,1,CS
12,41,53,1,CS
12,41,54,1,CS
12,41,55,1,CS
12,41,56,0.755,CS
12,41,57,1,CS
12,41,58,1,CS
12,41,59,1,CS
12,41,60,1,CS
12,41,61,1,CS
12,41,62,1,CS
12,41,63,0.87,CS
12,41,64,0.72,CS
13,32,51,1,CS
13,32,52,0.93,CS
13,32,53,0.975,CS
13,32,54,1,CS
13,32,55,0.74,CS
13,32,56,1,CS
13,32,57,1,CS
13,32,58,1,CS
13,32,59,1,CS
13,32,60,1,CS
13,32,61,1,CS
13,32,62,1,CS
13,32,63,1,CS
13,32,64,1,CS
12,41,51,NA,MCC
12,41,52,0.005,MCC
12,41,53,0.005,MCC
12,41,54,0.005,MCC
12,41,55,0.005,MCC
12,41,56,0.005,MCC
12,41,57,0.005,MCC
12,41,58,0.01,MCC
12,41,59,0.155,MCC
12,41,60,0.055,MCC
12,41,61,0.015,MCC
12,41,62,0.17,MCC
12,41,63,1,MCC
12,41,64,0.075,MCC
12,41,65,0.04,MCC
12,41,66,0.005,MCC
12,41,67,0.02,MCC
12,41,68,0.005,MCC
12,41,69,0.005,MCC
12,41,70,0.005,MCC
12,41,71,0.17,MCC
12,41,72,0.01,MCC
12,41,73,0.005,MCC
12,41,74,0.02,MCC
12,41,75,0.415,MCC
12,41,76,0.295,MCC
12,41,77,0.87,MCC
12,41,78,1,MCC
12,41,79,1,MCC
12,41,80,1,MCC
12,41,81,0.02,MCC
12,41,82,1,MCC
12,41,83,0.005,MCC
12,41,84,0.005,MCC
12,41,85,0.005,MCC
12,41,86,0.01,MCC
12,41,87,0.72,MCC
12,41,88,0.015,MCC
12,41,89,0.1,MCC
12,41,90,1,MCC
12,41,91,1,MCC
12,41,92,0.03,MCC
12,41,93,0.035,MCC
12,41,94,0.005,MCC
12,41,95,0.03,MCC
12,41,96,1,MCC
12,41,97,1,MCC
12,41,98,0.02,MCC
12,41,99,1,MCC
13,32,51,NA,MCC
13,32,52,0.005,MCC
13,32,53,0.005,MCC
13,32,54,0.005,MCC
13,32,55,0.005,MCC
13,32,56,0.005,MCC
13,32,57,0.005,MCC
13,32,58,0.35,MCC
13,32,59,1,MCC
13,32,60,0.005,MCC
13,32,61,0.005,MCC
13,32,62,0.045,MCC
13,32,63,0.27,MCC
13,32,64,1,MCC
13,32,65,0.05,MCC
13,32,66,1,MCC
13,32,67,0.03,MCC
13,32,68,0.93,MCC
13,32,69,0.975,MCC
13,32,70,1,MCC
13,32,71,0.005,MCC
13,32,72,0.005,MCC
13,32,73,0.005,MCC
13,32,74,0.01,MCC
13,32,75,0.325,MCC
13,32,76,0.015,MCC
13,32,77,1,MCC
13,32,78,0.03,MCC
13,32,79,0.04,MCC
13,32,80,0.425,MCC
13,32,81,0.005,MCC
13,32,82,0.005,MCC
13,32,83,0.005,MCC
13,32,84,0.005,MCC
13,32,85,0.195,MCC
13,32,86,1,MCC
13,32,87,0.01,MCC
13,32,88,0.74,MCC
13,32,89,1,MCC
13,32,90,1,MCC
13,32,91,0.005,MCC
13,32,92,0.005,MCC
13,32,93,0.005,MCC
13,32,94,0.03,MCC
13,32,95,1,MCC
13,32,96,1,MCC
13,32,97,0.005,MCC
13,32,98,0.03,MCC
13,32,99,0.44,MCC
12,46,51,1,CS
12,46,52,1,CS
12,46,53,0.84,CS
12,46,54,1,CS
12,46,55,1,CS
12,46,56,1,CS
12,46,57,0.695,CS
12,46,58,1,CS
12,46,59,0.91,CS
12,46,60,1,CS
12,46,61,1,CS
12,46,62,0.905,CS
12,46,63,1,CS
12,46,64,1,CS
12,50,51,1,CS
12,50,52,0.995,CS
12,50,53,0.57,CS
12,50,54,1,CS
12,50,55,1,CS
12,50,56,0.975,CS
12,50,57,0.9,CS
12,50,58,0.555,CS
12,50,59,0.505,CS
12,50,60,1,CS
12,50,61,1,CS
12,50,62,0.995,CS
12,50,63,1,CS
12,50,64,1,CS
12,50,65,1,CS
12,50,66,1,CS
12,46,51,NA,MCC
12,46,52,0.005,MCC
12,46,53,0.005,MCC
12,46,54,0.04,MCC
12,46,55,1,MCC
12,46,56,0.005,MCC
12,46,57,0.005,MCC
12,46,58,0.025,MCC
12,46,59,0.06,MCC
12,46,60,0.075,MCC
12,46,61,0.91,MCC
12,46,62,0.005,MCC
12,46,63,0.005,MCC
12,46,64,0.005,MCC
12,46,65,1,MCC
12,46,66,0.005,MCC
12,46,67,0.01,MCC
12,46,68,0.02,MCC
12,46,69,0.16,MCC
12,46,70,0.005,MCC
12,46,71,0.005,MCC
12,46,72,0.035,MCC
12,46,73,0.005,MCC
12,46,74,0.005,MCC
12,46,75,0.025,MCC
12,46,76,1,MCC
12,46,77,0.905,MCC
12,46,78,0.695,MCC
12,46,79,1,MCC
12,46,80,0.005,MCC
12,46,81,0.005,MCC
12,46,82,0.005,MCC
12,46,83,0.03,MCC
12,46,84,0.04,MCC
12,46,85,1,MCC
12,46,86,0.84,MCC
12,46,87,1,MCC
12,46,88,0.005,MCC
12,46,89,0.04,MCC
12,46,90,0.325,MCC
12,46,91,0.01,MCC
12,46,92,1,MCC
12,46,93,0.005,MCC
12,46,94,0.005,MCC
12,46,95,0.05,MCC
12,46,96,0.34,MCC
12,46,97,0.26,MCC
12,46,98,1,MCC
12,46,99,1,MCC
12,50,51,NA,MCC
12,50,52,0.005,MCC
12,50,53,0.005,MCC
12,50,54,0.155,MCC
12,50,55,0.975,MCC
12,50,56,0.225,MCC
12,50,57,0.9,MCC
12,50,58,0.005,MCC
12,50,59,0.005,MCC
12,50,60,0.005,MCC
12,50,61,0.005,MCC
12,50,62,0.005,MCC
12,50,63,0.005,MCC
12,50,64,0.01,MCC
12,50,65,0.12,MCC
12,50,66,0.055,MCC
12,50,67,0.105,MCC
12,50,68,1,MCC
12,50,69,0.02,MCC
12,50,70,1,MCC
12,50,71,0.05,MCC
12,50,72,1,MCC
12,50,73,0.015,MCC
12,50,74,0.335,MCC
12,50,75,0.005,MCC
12,50,76,0.005,MCC
12,50,77,0.095,MCC
12,50,78,0.995,MCC
12,50,79,0.325,MCC
12,50,80,0.57,MCC
12,50,81,1,MCC
12,50,82,1,MCC
12,50,83,0.005,MCC
12,50,84,0.23,MCC
12,50,85,0.095,MCC
12,50,86,0.995,MCC
12,50,87,0.005,MCC
12,50,88,0.005,MCC
12,50,89,1,MCC
12,50,90,0.02,MCC
12,50,91,0.05,MCC
12,50,92,0.21,MCC
12,50,93,1,MCC
12,50,94,0.01,MCC
12,50,95,1,MCC
12,50,96,0.06,MCC
12,50,97,0.555,MCC
12,50,98,0.155,MCC
12,50,99,0.14,MCC
13,19,51,1,CS
13,19,52,0.965,CS
13,19,53,1,CS
13,19,54,0.705,CS
13,19,55,1,CS
13,19,56,0.54,CS
13,19,57,1,CS
13,19,58,1,CS
13,19,59,0.9,CS
13,19,60,0.66,CS
13,19,61,1,CS
13,19,62,1,CS
13,19,63,1,CS
13,19,64,0.85,CS
13,19,51,NA,MCC
13,19,52,0.005,MCC
13,19,53,0.005,MCC
13,19,54,0.005,MCC
13,19,55,0.9,MCC
13,19,56,0.21,MCC
13,19,57,0.02,MCC
13,19,58,0.11,MCC
13,19,59,0.005,MCC
13,19,60,0.005,MCC
13,19,61,0.005,MCC
13,19,62,0.005,MCC
13,19,63,0.04,MCC
13,19,64,0.035,MCC
13,19,65,0.025,MCC
13,19,66,0.04,MCC
13,19,67,0.005,MCC
13,19,68,0.005,MCC
13,19,69,0.005,MCC
13,19,70,0.045,MCC
13,19,71,0.235,MCC
13,19,72,1,MCC
13,19,73,0.03,MCC
13,19,74,0.54,MCC
13,19,75,1,MCC
13,19,76,1,MCC
13,19,77,0.195,MCC
13,19,78,0.85,MCC
13,19,79,0.005,MCC
13,19,80,0.005,MCC
13,19,81,0.005,MCC
13,19,82,0.045,MCC
13,19,83,1,MCC
13,19,84,0.005,MCC
13,19,85,0.045,MCC
13,19,86,0.335,MCC
13,19,87,0.065,MCC
13,19,88,0.005,MCC
13,19,89,0.005,MCC
13,19,90,0.005,MCC
13,19,91,0.035,MCC
13,19,92,0.015,MCC
13,19,93,0.04,MCC
13,19,94,1,MCC
13,19,95,0.045,MCC
13,19,96,0.965,MCC
13,19,97,1,MCC
13,19,98,0.705,MCC
13,19,99,1,MCC
14,14,51,1,CS
14,14,52,1,CS
14,14,53,1,CS
14,14,54,0.505,CS
14,14,55,1,CS
14,14,56,1,CS
14,14,57,1,CS
14,14,58,1,CS
14,14,59,0.995,CS
14,14,60,1,CS
14,14,61,1,CS
14,14,62,0.815,CS
14,28,51,1,CS
14,28,52,0.735,CS
14,28,53,0.935,CS
14,28,54,1,CS
14,28,55,0.745,CS
14,28,56,0.74,CS
14,28,57,1,CS
14,28,58,1,CS
14,28,59,1,CS
14,28,60,1,CS
14,28,61,1,CS
14,28,62,0.73,CS
14,28,63,0.775,CS
14,28,64,1,CS
14,28,65,1,CS
14,28,66,1,CS
14,28,67,1,CS
14,28,68,1,CS
14,14,51,NA,MCC
14,14,52,0.005,MCC
14,14,53,0.005,MCC
14,14,54,0.005,MCC
14,14,55,0.01,MCC
14,14,56,0.465,MCC
14,14,57,0.005,MCC
14,14,58,0.005,MCC
14,14,59,0.065,MCC
14,14,60,1,MCC
14,14,61,0.005,MCC
14,14,62,0.02,MCC
14,14,63,1,MCC
14,14,64,0.005,MCC
14,14,65,0.005,MCC
14,14,66,0.03,MCC
14,14,67,1,MCC
14,14,68,0.09,MCC
14,14,69,0.03,MCC
14,14,70,0.005,MCC
14,14,71,0.005,MCC
14,14,72,0.045,MCC
14,14,73,0.815,MCC
14,14,74,0.005,MCC
14,14,75,0.005,MCC
14,14,76,0.005,MCC
14,14,77,0.015,MCC
14,14,78,0.305,MCC
14,14,79,0.41,MCC
14,14,80,0.005,MCC
14,14,81,0.005,MCC
14,14,82,0.005,MCC
14,14,83,0.015,MCC
14,14,84,0.995,MCC
14,14,85,0.025,MCC
14,14,86,1,MCC
14,14,87,0.505,MCC
14,14,88,1,MCC
14,14,89,0.005,MCC
14,14,90,0.015,MCC
14,14,91,1,MCC
14,14,92,0.19,MCC
14,14,93,0.005,MCC
14,14,94,0.01,MCC
14,14,95,0.005,MCC
14,14,96,1,MCC
14,14,97,1,MCC
14,14,98,0.03,MCC
14,14,99,0.005,MCC
14,37,51,1,CS
14,37,52,0.995,CS
14,37,53,0.965,CS
14,37,54,1,CS
14,37,55,1,CS
14,37,56,1,CS
14,37,57,1,CS
14,37,58,0.995,CS
14,37,59,1,CS
14,37,60,1,CS
14,28,51,NA,MCC
14,28,52,0.005,MCC
14,28,53,0.005,MCC
14,28,54,0.005,MCC
14,28,55,0.01,MCC
14,28,56,0.06,MCC
14,28,57,1,MCC
14,28,58,1,MCC
14,28,59,0.005,MCC
14,28,60,0.03,MCC
14,28,61,0.005,MCC
14,28,62,0.005,MCC
14,28,63,0.045,MCC
14,28,64,0.735,MCC
14,28,65,0.41,MCC
14,28,66,0.415,MCC
14,28,67,0.935,MCC
14,28,68,1,MCC
14,28,69,0.005,MCC
14,28,70,0.005,MCC
14,28,71,0.03,MCC
14,28,72,0.18,MCC
14,28,73,0.01,MCC
14,28,74,0.13,MCC
14,28,75,0.12,MCC
14,28,76,1,MCC
14,28,77,1,MCC
14,28,78,0.005,MCC
14,28,79,0.005,MCC
14,28,80,0.015,MCC
14,28,81,1,MCC
14,28,82,1,MCC
14,28,83,0.165,MCC
14,28,84,0.01,MCC
14,28,85,0.745,MCC
14,28,86,0.74,MCC
14,28,87,1,MCC
14,28,88,1,MCC
14,28,89,0.005,MCC
14,28,90,0.005,MCC
14,28,91,0.025,MCC
14,28,92,1,MCC
14,28,93,1,MCC
14,28,94,0.005,MCC
14,28,95,0.005,MCC
14,28,96,0.055,MCC
14,28,97,0.73,MCC
14,28,98,0.09,MCC
14,28,99,0.065,MCC
14,37,51,NA,MCC
14,37,52,0.005,MCC
14,37,53,0.005,MCC
14,37,54,0.015,MCC
14,37,55,0.065,MCC
14,37,56,1,MCC
14,37,57,1,MCC
14,37,58,0.025,MCC
14,37,59,0.36,MCC
14,37,60,0.005,MCC
14,37,61,0.005,MCC
14,37,62,0.005,MCC
14,37,63,0.005,MCC
14,37,64,0.005,MCC
14,37,65,0.275,MCC
14,37,66,0.005,MCC
14,37,67,0.1,MCC
14,37,68,0.005,MCC
14,37,69,0.03,MCC
14,37,70,0.995,MCC
14,37,71,0.965,MCC
14,37,72,0.005,MCC
14,37,73,0.005,MCC
14,37,74,0.015,MCC
14,37,75,0.13,MCC
14,37,76,0.005,MCC
14,37,77,0.005,MCC
14,37,78,0.02,MCC
14,37,79,1,MCC
14,37,80,0.005,MCC
14,37,81,0.005,MCC
14,37,82,0.005,MCC
14,37,83,0.035,MCC
14,37,84,1,MCC
14,37,85,1,MCC
14,37,86,0.015,MCC
14,37,87,0.005,MCC
14,37,88,0.03,MCC
14,37,89,0.01,MCC
14,37,90,0.005,MCC
14,37,91,0.005,MCC
14,37,92,0.065,MCC
14,37,93,1,MCC
14,37,94,0.005,MCC
14,37,95,0.02,MCC
14,37,96,0.185,MCC
14,37,97,0.44,MCC
14,37,98,0.995,MCC
14,37,99,0.01,MCC
13,41,51,1,CS
13,41,52,0.55,CS
13,41,53,1,CS
13,41,54,1,CS
13,41,55,1,CS
13,41,56,0.775,CS
13,41,57,0.925,CS
13,41,58,0.55,CS
13,41,59,0.955,CS
13,41,60,0.505,CS
13,41,61,0.66,CS
13,41,62,1,CS
13,41,63,0.995,CS
13,41,64,1,CS
13,41,65,1,CS
13,41,66,1,CS
13,41,67,1,CS
13,41,68,1,CS
13,46,51,1,CS
14,23,51,1,CS
13,41,51,NA,MCC
13,41,52,0.005,MCC
13,41,53,0.005,MCC
13,41,54,0.005,MCC
13,41,55,0.005,MCC
13,41,56,0.005,MCC
13,41,57,0.005,MCC
13,41,58,0.005,MCC
13,41,59,0.045,MCC
13,41,60,0.14,MCC
13,41,61,1,MCC
13,41,62,0.045,MCC
13,41,63,1,MCC
13,41,64,0.005,MCC
13,41,65,0.03,MCC
13,41,66,1,MCC
13,41,67,0.075,MCC
13,41,68,0.475,MCC
13,41,69,0.55,MCC
13,41,70,1,MCC
13,41,71,1,MCC
13,41,72,1,MCC
13,41,73,0.775,MCC
13,41,74,0.995,MCC
13,41,75,0.005,MCC
13,41,76,0.02,MCC
13,41,77,0.505,MCC
13,41,78,0.66,MCC
13,41,79,1,MCC
13,41,80,0.005,MCC
13,41,81,0.005,MCC
13,41,82,0.065,MCC
13,41,83,0.035,MCC
13,41,84,0.005,MCC
13,41,85,0.005,MCC
13,41,86,0.03,MCC
13,41,87,1,MCC
13,41,88,0.005,MCC
13,41,89,0.005,MCC
13,41,90,0.005,MCC
13,41,91,0.04,MCC
13,41,92,0.015,MCC
13,41,93,0.335,MCC
13,41,94,1,MCC
13,41,95,0.005,MCC
13,41,96,0.925,MCC
13,41,97,0.55,MCC
13,41,98,0.955,MCC
13,41,99,0.03,MCC
13,46,51,NA,MCC
13,46,52,0.005,MCC
13,46,53,0.005,MCC
13,46,54,0.005,MCC
13,46,55,0.005,MCC
13,46,56,0.005,MCC
13,46,57,0.005,MCC
13,46,58,0.005,MCC
13,46,59,0.005,MCC
13,46,60,0.03,MCC
13,46,61,0.005,MCC
13,46,62,0.01,MCC
13,46,63,0.015,MCC
13,46,64,0.035,MCC
13,46,65,0.005,MCC
13,46,66,0.005,MCC
13,46,67,0.025,MCC
13,46,68,0.005,MCC
13,46,69,0.005,MCC
13,46,70,0.005,MCC
13,46,71,0.03,MCC
13,46,72,0.005,MCC
13,46,73,0.015,MCC
13,46,74,0.005,MCC
13,46,75,0.005,MCC
13,46,76,0.015,MCC
13,46,77,0.01,MCC
13,46,78,0.025,MCC
13,46,79,0.02,MCC
13,46,80,0.03,MCC
13,46,81,0.005,MCC
13,46,82,0.005,MCC
13,46,83,0.005,MCC
13,46,84,0.025,MCC
13,46,85,0.025,MCC
13,46,86,0.005,MCC
13,46,87,0.015,MCC
13,46,88,0.005,MCC
13,46,89,0.03,MCC
13,46,90,0.005,MCC
13,46,91,0.005,MCC
13,46,92,0.005,MCC
13,46,93,0.005,MCC
13,46,94,0.005,MCC
13,46,95,0.02,MCC
13,46,96,0.005,MCC
13,46,97,0.005,MCC
13,46,98,0.015,MCC
13,46,99,0.035,MCC
14,23,51,NA,MCC
14,23,52,0.005,MCC
14,23,53,0.005,MCC
14,23,54,0.005,MCC
14,23,55,0.005,MCC
14,23,56,0.005,MCC
14,23,57,0.005,MCC
14,23,58,0.01,MCC
14,23,59,0.005,MCC
14,23,60,0.015,MCC
14,23,61,0.015,MCC
14,23,62,0.005,MCC
14,23,63,0.005,MCC
14,23,64,0.005,MCC
14,23,65,0.025,MCC
14,23,66,0.025,MCC
14,23,67,0.025,MCC
14,23,68,0.005,MCC
14,23,69,0.015,MCC
14,23,70,0.005,MCC
14,23,71,0.005,MCC
14,23,72,0.005,MCC
14,23,73,0.005,MCC
14,23,74,0.005,MCC
14,23,75,0.005,MCC
14,23,76,0.005,MCC
14,23,77,0.005,MCC
14,23,78,0.02,MCC
14,23,79,0.015,MCC
14,23,80,0.005,MCC
14,23,81,0.03,MCC
14,23,82,0.005,MCC
14,23,83,0.005,MCC
14,23,84,0.015,MCC
14,23,85,0.02,MCC
14,23,86,0.005,MCC
14,23,87,0.025,MCC
14,23,88,0.03,MCC
14,23,89,0.005,MCC
14,23,90,0.005,MCC
14,23,91,0.005,MCC
14,23,92,0.005,MCC
14,23,93,0.005,MCC
14,23,94,0.015,MCC
14,23,95,0.005,MCC
14,23,96,0.03,MCC
14,23,97,0.01,MCC
14,23,98,0.025,MCC
14,23,99,0.03,MCC
14,1,51,1,CS
14,1,52,0.87,CS
14,1,53,1,CS
14,1,54,0.95,CS
14,1,55,1,CS
14,1,56,0.55,CS
14,1,57,0.91,CS
14,1,58,1,CS
14,1,59,1,CS
14,1,60,0.72,CS
14,1,61,1,CS
14,1,62,1,CS
14,1,63,0.595,CS
14,1,64,1,CS
14,1,65,1,CS
14,1,66,1,CS
14,1,67,1,CS
14,1,68,1,CS
14,1,69,0.62,CS
14,1,51,NA,MCC
14,1,52,0.005,MCC
14,1,53,0.02,MCC
14,1,54,0.62,MCC
14,1,55,1,MCC
14,1,56,0.005,MCC
14,1,57,0.005,MCC
14,1,58,0.005,MCC
14,1,59,1,MCC
14,1,60,0.295,MCC
14,1,61,0.025,MCC
14,1,62,0.01,MCC
14,1,63,0.87,MCC
14,1,64,1,MCC
14,1,65,0.95,MCC
14,1,66,0.005,MCC
14,1,67,0.005,MCC
14,1,68,0.005,MCC
14,1,69,0.025,MCC
14,1,70,0.005,MCC
14,1,71,0.005,MCC
14,1,72,0.005,MCC
14,1,73,0.005,MCC
14,1,74,0.01,MCC
14,1,75,0.02,MCC
14,1,76,0.02,MCC
14,1,77,1,MCC
14,1,78,1,MCC
14,1,79,0.1,MCC
14,1,80,0.005,MCC
14,1,81,0.005,MCC
14,1,82,0.035,MCC
14,1,83,1,MCC
14,1,84,0.91,MCC
14,1,85,1,MCC
14,1,86,0.05,MCC
14,1,87,0.3,MCC
14,1,88,1,MCC
14,1,89,0.055,MCC
14,1,90,1,MCC
14,1,91,0.005,MCC
14,1,92,0.02,MCC
14,1,93,1,MCC
14,1,94,0.55,MCC
14,1,95,0.595,MCC
14,1,96,0.005,MCC
14,1,97,0.055,MCC
14,1,98,1,MCC
14,1,99,0.72,MCC
13,50,51,1,CS
13,50,52,1,CS
13,50,53,0.99,CS
13,50,54,0.875,CS
13,50,55,1,CS
13,50,56,0.95,CS
13,50,57,0.745,CS
13,50,58,0.555,CS
13,50,59,0.885,CS
13,50,60,1,CS
13,50,61,0.91,CS
13,50,62,1,CS
13,50,63,0.83,CS
13,50,64,1,CS
13,50,65,1,CS
13,50,66,0.96,CS
13,50,67,1,CS
13,50,51,NA,MCC
13,50,52,0.005,MCC
13,50,53,0.025,MCC
13,50,54,0.005,MCC
13,50,55,0.005,MCC
13,50,56,0.025,MCC
13,50,57,0.21,MCC
13,50,58,0.005,MCC
13,50,59,0.005,MCC
13,50,60,0.04,MCC
13,50,61,1,MCC
13,50,62,0.005,MCC
13,50,63,0.01,MCC
13,50,64,0.005,MCC
13,50,65,0.025,MCC
13,50,66,0.125,MCC
13,50,67,0.405,MCC
13,50,68,0.555,MCC
13,50,69,0.885,MCC
13,50,70,0.005,MCC
13,50,71,1,MCC
13,50,72,0.045,MCC
13,50,73,0.005,MCC
13,50,74,0.005,MCC
13,50,75,0.005,MCC
13,50,76,0.005,MCC
13,50,77,0.005,MCC
13,50,78,0.005,MCC
13,50,79,0.03,MCC
13,50,80,0.245,MCC
13,50,81,1,MCC
13,50,82,0.005,MCC
13,50,83,0.045,MCC
13,50,84,0.83,MCC
13,50,85,0.005,MCC
13,50,86,1,MCC
13,50,87,0.41,MCC
13,50,88,1,MCC
13,50,89,0.99,MCC
13,50,90,0.875,MCC
13,50,91,0.04,MCC
13,50,92,0.05,MCC
13,50,93,0.375,MCC
13,50,94,1,MCC
13,50,95,0.95,MCC
13,50,96,0.745,MCC
13,50,97,0.96,MCC
13,50,98,0.91,MCC
13,50,99,1,MCC
15,28,51,1,CS
15,28,52,0.98,CS
15,28,53,0.87,CS
15,28,54,1,CS
15,28,55,1,CS
15,28,56,0.995,CS
15,28,57,1,CS
15,28,58,1,CS
15,28,59,1,CS
15,28,60,1,CS
15,28,61,1,CS
15,28,62,1,CS
15,28,63,1,CS
15,28,64,1,CS
15,28,65,0.975,CS
15,28,51,NA,MCC
15,28,52,0.005,MCC
15,28,53,0.005,MCC
15,28,54,0.005,MCC
15,28,55,0.005,MCC
15,28,56,0.005,MCC
15,28,57,0.005,MCC
15,28,58,0.015,MCC
15,28,59,0.1,MCC
15,28,60,0.045,MCC
15,28,61,0.995,MCC
15,28,62,1,MCC
15,28,63,0.005,MCC
15,28,64,0.1,MCC
15,28,65,0.325,MCC
15,28,66,0.005,MCC
15,28,67,0.005,MCC
15,28,68,0.01,MCC
15,28,69,0.035,MCC
15,28,70,1,MCC
15,28,71,1,MCC
15,28,72,0.035,MCC
15,28,73,0.175,MCC
15,28,74,1,MCC
15,28,75,1,MCC
15,28,76,0.005,MCC
15,28,77,0.005,MCC
15,28,78,0.005,MCC
15,28,79,0.02,MCC
15,28,80,1,MCC
15,28,81,1,MCC
15,28,82,0.005,MCC
15,28,83,0.01,MCC
15,28,84,0.025,MCC
15,28,85,0.125,MCC
15,28,86,0.98,MCC
15,28,87,0.87,MCC
15,28,88,1,MCC
15,28,89,0.23,MCC
15,28,90,1,MCC
15,28,91,0.005,MCC
15,28,92,0.005,MCC
15,28,93,0.245,MCC
15,28,94,0.005,MCC
15,28,95,0.19,MCC
15,28,96,0.975,MCC
15,28,97,1,MCC
15,28,98,0.015,MCC
15,28,99,0.045,MCC
14,46,51,1,CS
14,46,52,1,CS
14,46,53,0.995,CS
14,46,54,1,CS
14,46,55,1,CS
14,46,56,1,CS
14,46,57,1,CS
14,46,58,1,CS
14,46,59,1,CS
14,46,60,1,CS
14,46,61,1,CS
14,46,62,1,CS
14,41,51,1,CS
14,41,52,1,CS
14,41,53,1,CS
14,41,54,1,CS
14,41,55,0.585,CS
14,41,56,0.925,CS
14,41,57,0.585,CS
14,41,58,0.605,CS
14,41,59,1,CS
14,41,60,1,CS
14,41,61,0.975,CS
14,41,62,1,CS
14,41,63,1,CS
14,41,64,0.98,CS
14,46,51,NA,MCC
14,46,52,0.005,MCC
14,46,53,0.005,MCC
14,46,54,0.005,MCC
14,46,55,0.005,MCC
14,46,56,0.005,MCC
14,46,57,0.005,MCC
14,46,58,0.05,MCC
14,46,59,0.045,MCC
14,46,60,1,MCC
14,46,61,0.995,MCC
14,46,62,1,MCC
14,46,63,1,MCC
14,46,64,0.005,MCC
14,46,65,0.005,MCC
14,46,66,0.01,MCC
14,46,67,0.005,MCC
14,46,68,0.015,MCC
14,46,69,0.14,MCC
14,46,70,0.005,MCC
14,46,71,0.01,MCC
14,46,72,0.205,MCC
14,46,73,1,MCC
14,46,74,0.12,MCC
14,46,75,1,MCC
14,46,76,0.005,MCC
14,46,77,0.005,MCC
14,46,78,0.01,MCC
14,46,79,0.035,MCC
14,46,80,1,MCC
14,46,81,0.125,MCC
14,46,82,0.01,MCC
14,46,83,0.005,MCC
14,46,84,0.005,MCC
14,46,85,0.02,MCC
14,46,86,0.005,MCC
14,46,87,0.005,MCC
14,46,88,0.095,MCC
14,46,89,0.005,MCC
14,46,90,0.02,MCC
14,46,91,0.19,MCC
14,46,92,1,MCC
14,46,93,0.325,MCC
14,46,94,1,MCC
14,46,95,1,MCC
14,46,96,0.005,MCC
14,46,97,0.01,MCC
14,46,98,0.045,MCC
14,46,99,1,MCC
14,32,51,1,CS
14,32,52,0.995,CS
14,32,53,1,CS
14,32,54,0.9,CS
14,32,55,1,CS
14,32,56,1,CS
14,32,57,1,CS
14,32,58,1,CS
14,32,59,1,CS
14,32,60,1,CS
14,32,61,1,CS
14,32,62,1,CS
14,32,63,1,CS
14,41,51,NA,MCC
14,41,52,0.005,MCC
14,41,53,0.005,MCC
14,41,54,0.005,MCC
14,41,55,0.005,MCC
14,41,56,0.005,MCC
14,41,57,0.005,MCC
14,41,58,0.025,MCC
14,41,59,0.205,MCC
14,41,60,0.02,MCC
14,41,61,0.085,MCC
14,41,62,1,MCC
14,41,63,1,MCC
14,41,64,1,MCC
14,41,65,0.005,MCC
14,41,66,0.025,MCC
14,41,67,1,MCC
14,41,68,0.005,MCC
14,41,69,0.605,MCC
14,41,70,1,MCC
14,41,71,0.04,MCC
14,41,72,0.005,MCC
14,41,73,0.005,MCC
14,41,74,0.005,MCC
14,41,75,0.035,MCC
14,41,76,0.01,MCC
14,41,77,0.04,MCC
14,41,78,1,MCC
14,41,79,0.005,MCC
14,41,80,0.07,MCC
14,41,81,1,MCC
14,41,82,0.005,MCC
14,41,83,0.035,MCC
14,41,84,0.02,MCC
14,41,85,0.005,MCC
14,41,86,0.045,MCC
14,41,87,0.005,MCC
14,41,88,0.005,MCC
14,41,89,0.01,MCC
14,41,90,0.03,MCC
14,41,91,0.98,MCC
14,41,92,0.585,MCC
14,41,93,0.925,MCC
14,41,94,0.585,MCC
14,41,95,0.025,MCC
14,41,96,0.01,MCC
14,41,97,0.01,MCC
14,41,98,0.975,MCC
14,41,99,0.02,MCC
14,32,51,NA,MCC
14,32,52,0.005,MCC
14,32,53,0.005,MCC
14,32,54,0.005,MCC
14,32,55,0.01,MCC
14,32,56,0.09,MCC
14,32,57,0.39,MCC
14,32,58,0.03,MCC
14,32,59,1,MCC
14,32,60,1,MCC
14,32,61,0.175,MCC
14,32,62,0.3,MCC
14,32,63,0.995,MCC
14,32,64,1,MCC
14,32,65,0.005,MCC
14,32,66,0.005,MCC
14,32,67,0.005,MCC
14,32,68,0.005,MCC
14,32,69,0.04,MCC
14,32,70,0.02,MCC
14,32,71,0.005,MCC
14,32,72,0.005,MCC
14,32,73,0.045,MCC
14,32,74,1,MCC
14,32,75,0.005,MCC
14,32,76,0.01,MCC
14,32,77,0.17,MCC
14,32,78,1,MCC
14,32,79,0.005,MCC
14,32,80,0.02,MCC
14,32,81,1,MCC
14,32,82,0.015,MCC
14,32,83,0.145,MCC
14,32,84,0.9,MCC
14,32,85,1,MCC
14,32,86,1,MCC
14,32,87,0.245,MCC
14,32,88,1,MCC
14,32,89,0.005,MCC
14,32,90,0.005,MCC
14,32,91,0.045,MCC
14,32,92,0.055,MCC
14,32,93,1,MCC
14,32,94,0.005,MCC
14,32,95,0.01,MCC
14,32,96,0.005,MCC
14,32,97,0.115,MCC
14,32,98,0.22,MCC
14,32,99,0.42,MCC
14,19,51,1,CS
14,19,52,0.955,CS
14,19,53,0.995,CS
14,19,54,0.65,CS
14,19,55,1,CS
14,19,56,1,CS
14,19,57,1,CS
14,19,58,1,CS
14,19,59,0.99,CS
14,19,60,1,CS
14,19,61,1,CS
14,19,62,0.53,CS
14,19,51,NA,MCC
14,19,52,0.005,MCC
14,19,53,0.005,MCC
14,19,54,0.005,MCC
14,19,55,0.005,MCC
14,19,56,0.005,MCC
14,19,57,0.005,MCC
14,19,58,0.12,MCC
14,19,59,0.21,MCC
14,19,60,0.53,MCC
14,19,61,0.005,MCC
14,19,62,0.005,MCC
14,19,63,0.06,MCC
14,19,64,1,MCC
14,19,65,0.005,MCC
14,19,66,0.005,MCC
14,19,67,0.045,MCC
14,19,68,0.005,MCC
14,19,69,0.005,MCC
14,19,70,0.005,MCC
14,19,71,0.035,MCC
14,19,72,0.145,MCC
14,19,73,1,MCC
14,19,74,0.955,MCC
14,19,75,0.995,MCC
14,19,76,0.65,MCC
14,19,77,1,MCC
14,19,78,0.22,MCC
14,19,79,1,MCC
14,19,80,0.005,MCC
14,19,81,0.01,MCC
14,19,82,0.05,MCC
14,19,83,0.305,MCC
14,19,84,1,MCC
14,19,85,0.005,MCC
14,19,86,0.005,MCC
14,19,87,0.01,MCC
14,19,88,0.99,MCC
14,19,89,0.49,MCC
14,19,90,0.005,MCC
14,19,91,0.005,MCC
14,19,92,0.005,MCC
14,19,93,0.005,MCC
14,19,94,0.04,MCC
14,19,95,0.01,MCC
14,19,96,0.04,MCC
14,19,97,0.115,MCC
14,19,98,0.01,MCC
14,19,99,1,MCC
15,14,51,1,CS
15,14,51,NA,MCC
15,14,52,0.005,MCC
15,14,53,0.005,MCC
15,14,54,0.005,MCC
15,14,55,0.005,MCC
15,14,56,0.025,MCC
15,14,57,0.005,MCC
15,14,58,0.03,MCC
15,14,59,0.03,MCC
15,14,60,0.02,MCC
15,14,61,0.005,MCC
15,14,62,0.005,MCC
15,14,63,0.045,MCC
15,14,64,0.005,MCC
15,14,65,0.005,MCC
15,14,66,0.005,MCC
15,14,67,0.005,MCC
15,14,68,0.02,MCC
15,14,69,0.005,MCC
15,14,70,0.01,MCC
15,14,71,0.02,MCC
15,14,72,0.005,MCC
15,14,73,0.025,MCC
15,14,74,0.005,MCC
15,14,75,0.025,MCC
15,14,76,0.03,MCC
15,14,77,0.005,MCC
15,14,78,0.005,MCC
15,14,79,0.005,MCC
15,14,80,0.005,MCC
15,14,81,0.005,MCC
15,14,82,0.005,MCC
15,14,83,0.005,MCC
15,14,84,0.02,MCC
15,14,85,0.005,MCC
15,14,86,0.005,MCC
15,14,87,0.02,MCC
15,14,88,0.03,MCC
15,14,89,0.01,MCC
15,14,90,0.04,MCC
15,14,91,0.005,MCC
15,14,92,0.005,MCC
15,14,93,0.02,MCC
15,14,94,0.005,MCC
15,14,95,0.005,MCC
15,14,96,0.01,MCC
15,14,97,0.01,MCC
15,14,98,0.005,MCC
15,14,99,0.025,MCC
15,1,51,1,CS
15,1,52,0.745,CS
15,1,53,1,CS
15,1,54,1,CS
15,1,55,0.53,CS
15,1,56,1,CS
15,1,57,0.875,CS
15,1,58,1,CS
15,1,59,0.98,CS
15,1,60,1,CS
15,1,61,1,CS
15,1,62,1,CS
15,1,63,0.58,CS
15,1,64,1,CS
15,1,65,1,CS
15,1,66,1,CS
15,1,67,1,CS
15,1,51,NA,MCC
15,1,52,0.005,MCC
15,1,53,0.005,MCC
15,1,54,0.005,MCC
15,1,55,0.005,MCC
15,1,56,0.005,MCC
15,1,57,0.005,MCC
15,1,58,0.005,MCC
15,1,59,0.015,MCC
15,1,60,0.09,MCC
15,1,61,1,MCC
15,1,62,1,MCC
15,1,63,0.98,MCC
15,1,64,0.005,MCC
15,1,65,0.015,MCC
15,1,66,0.21,MCC
15,1,67,1,MCC
15,1,68,0.05,MCC
15,1,69,0.58,MCC
15,1,70,0.03,MCC
15,1,71,1,MCC
15,1,72,0.745,MCC
15,1,73,1,MCC
15,1,74,0.075,MCC
15,1,75,0.005,MCC
15,1,76,0.025,MCC
15,1,77,1,MCC
15,1,78,0.53,MCC
15,1,79,0.005,MCC
15,1,80,0.03,MCC
15,1,81,1,MCC
15,1,82,0.005,MCC
15,1,83,0.005,MCC
15,1,84,0.005,MCC
15,1,85,0.005,MCC
15,1,86,0.295,MCC
15,1,87,1,MCC
15,1,88,0.225,MCC
15,1,89,1,MCC
15,1,90,0.005,MCC
15,1,91,0.015,MCC
15,1,92,0.005,MCC
15,1,93,0.01,MCC
15,1,94,0.06,MCC
15,1,95,0.005,MCC
15,1,96,0.015,MCC
15,1,97,1,MCC
15,1,98,0.875,MCC
15,1,99,1,MCC
15,23,51,1,CS
15,23,52,1,CS
15,23,53,0.98,CS
15,23,54,1,CS
15,23,55,1,CS
15,23,56,1,CS
15,23,57,1,CS
15,23,58,0.77,CS
15,23,59,1,CS
15,23,60,1,CS
15,23,61,1,CS
15,23,51,NA,MCC
15,23,52,0.005,MCC
15,23,53,0.005,MCC
15,23,54,0.005,MCC
15,23,55,0.07,MCC
15,23,56,1,MCC
15,23,57,0.05,MCC
15,23,58,0.005,MCC
15,23,59,0.005,MCC
15,23,60,0.02,MCC
15,23,61,0.77,MCC
15,23,62,0.005,MCC
15,23,63,0.005,MCC
15,23,64,0.01,MCC
15,23,65,0.015,MCC
15,23,66,0.005,MCC
15,23,67,0.01,MCC
15,23,68,0.035,MCC
15,23,69,1,MCC
15,23,70,0.01,MCC
15,23,71,0.015,MCC
15,23,72,0.12,MCC
15,23,73,0.005,MCC
15,23,74,0.005,MCC
15,23,75,1,MCC
15,23,76,0.005,MCC
15,23,77,0.005,MCC
15,23,78,0.005,MCC
15,23,79,0.015,MCC
15,23,80,0.045,MCC
15,23,81,1,MCC
15,23,82,0.015,MCC
15,23,83,0.36,MCC
15,23,84,0.005,MCC
15,23,85,0.005,MCC
15,23,86,0.03,MCC
15,23,87,0.98,MCC
15,23,88,0.025,MCC
15,23,89,0.005,MCC
15,23,90,0.005,MCC
15,23,91,0.025,MCC
15,23,92,1,MCC
15,23,93,0.005,MCC
15,23,94,0.03,MCC
15,23,95,1,MCC
15,23,96,0.01,MCC
15,23,97,1,MCC
15,23,98,1,MCC
15,23,99,0.025,MCC
15,37,51,1,CS
15,37,52,0.945,CS
15,37,53,0.675,CS
15,37,54,0.945,CS
15,37,55,1,CS
15,37,56,0.74,CS
15,37,57,1,CS
15,37,58,1,CS
15,37,59,1,CS
15,37,60,1,CS
15,37,61,1,CS
15,37,62,1,CS
15,37,51,NA,MCC
15,37,52,0.005,MCC
15,37,53,0.005,MCC
15,37,54,0.005,MCC
15,37,55,0.005,MCC
15,37,56,0.005,MCC
15,37,57,0.095,MCC
15,37,58,0.005,MCC
15,37,59,0.005,MCC
15,37,60,0.005,MCC
15,37,61,0.07,MCC
15,37,62,0.035,MCC
15,37,63,1,MCC
15,37,64,1,MCC
15,37,65,0.035,MCC
15,37,66,0.01,MCC
15,37,67,0.015,MCC
15,37,68,1,MCC
15,37,69,0.005,MCC
15,37,70,0.005,MCC
15,37,71,0.025,MCC
15,37,72,1,MCC
15,37,73,0.005,MCC
15,37,74,0.01,MCC
15,37,75,0.245,MCC
15,37,76,1,MCC
15,37,77,0.02,MCC
15,37,78,0.005,MCC
15,37,79,0.005,MCC
15,37,80,0.015,MCC
15,37,81,0.345,MCC
15,37,82,0.945,MCC
15,37,83,0.675,MCC
15,37,84,0.945,MCC
15,37,85,0.005,MCC
15,37,86,0.005,MCC
15,37,87,0.005,MCC
15,37,88,0.01,MCC
15,37,89,0.065,MCC
15,37,90,0.21,MCC
15,37,91,1,MCC
15,37,92,0.74,MCC
15,37,93,0.005,MCC
15,37,94,0.005,MCC
15,37,95,0.01,MCC
15,37,96,1,MCC
15,37,97,0.005,MCC
15,37,98,0.05,MCC
15,37,99,0.335,MCC
15,46,51,1,CS
15,46,52,1,CS
15,46,53,1,CS
15,46,54,1,CS
15,46,55,1,CS
15,46,56,1,CS
15,46,57,1,CS
15,46,58,1,CS
15,46,59,1,CS
15,46,60,1,CS
15,46,61,1,CS
15,46,62,1,CS
15,46,51,NA,MCC
15,46,52,0.005,MCC
15,46,53,0.005,MCC
15,46,54,0.005,MCC
15,46,55,0.005,MCC
15,46,56,0.005,MCC
15,46,57,0.005,MCC
15,46,58,0.005,MCC
15,46,59,0.005,MCC
15,46,60,0.015,MCC
15,46,61,0.05,MCC
15,46,62,1,MCC
15,46,63,0.005,MCC
15,46,64,0.025,MCC
15,46,65,1,MCC
15,46,66,0.035,MCC
15,46,67,0.005,MCC
15,46,68,0.005,MCC
15,46,69,0.03,MCC
15,46,70,1,MCC
15,46,71,0.005,MCC
15,46,72,0.03,MCC
15,46,73,1,MCC
15,46,74,0.005,MCC
15,46,75,0.005,MCC
15,46,76,0.005,MCC
15,46,77,0.01,MCC
15,46,78,0.195,MCC
15,46,79,1,MCC
15,46,80,0.005,MCC
15,46,81,0.005,MCC
15,46,82,0.025,MCC
15,46,83,1,MCC
15,46,84,1,MCC
15,46,85,0.025,MCC
15,46,86,0.07,MCC
15,46,87,0.005,MCC
15,46,88,0.005,MCC
15,46,89,0.07,MCC
15,46,90,1,MCC
15,46,91,0.005,MCC
15,46,92,0.005,MCC
15,46,93,0.005,MCC
15,46,94,0.04,MCC
15,46,95,0.1,MCC
15,46,96,1,MCC
15,46,97,1,MCC
15,46,98,1,MCC
15,46,99,0.015,MCC
15,19,51,1,CS
15,19,52,1,CS
15,19,53,0.705,CS
15,19,54,0.54,CS
15,19,55,1,CS
15,19,56,1,CS
15,19,57,0.865,CS
15,19,58,1,CS
15,19,59,1,CS
15,32,51,1,CS
15,32,52,0.855,CS
15,32,53,0.93,CS
15,32,54,1,CS
15,32,55,0.76,CS
15,32,56,1,CS
15,32,57,1,CS
15,32,58,1,CS
15,32,59,1,CS
15,32,60,1,CS
15,32,61,0.86,CS
15,32,62,1,CS
15,32,63,1,CS
15,32,64,1,CS
15,32,51,NA,MCC
15,32,52,0.005,MCC
15,32,53,0.005,MCC
15,32,54,0.005,MCC
15,32,55,1,MCC
15,32,56,1,MCC
15,32,57,0.01,MCC
15,32,58,0.03,MCC
15,32,59,1,MCC
15,32,60,0.005,MCC
15,32,61,0.005,MCC
15,32,62,0.005,MCC
15,32,63,0.005,MCC
15,32,64,0.005,MCC
15,32,65,0.11,MCC
15,32,66,1,MCC
15,32,67,0.005,MCC
15,32,68,0.035,MCC
15,32,69,1,MCC
15,32,70,0.02,MCC
15,32,71,0.01,MCC
15,32,72,0.03,MCC
15,32,73,0.005,MCC
15,32,74,0.005,MCC
15,32,75,0.035,MCC
15,32,76,0.125,MCC
15,32,77,0.445,MCC
15,32,78,0.005,MCC
15,32,79,0.45,MCC
15,32,80,0.115,MCC
15,32,81,0.005,MCC
15,32,82,0.005,MCC
15,32,83,0.005,MCC
15,32,84,0.76,MCC
15,32,85,1,MCC
15,32,86,0.01,MCC
15,32,87,0.25,MCC
15,32,88,0.86,MCC
15,32,89,1,MCC
15,32,90,0.005,MCC
15,32,91,0.02,MCC
15,32,92,0.005,MCC
15,32,93,0.005,MCC
15,32,94,0.01,MCC
15,32,95,0.195,MCC
15,32,96,1,MCC
15,32,97,0.855,MCC
15,32,98,0.93,MCC
15,32,99,1,MCC
15,19,51,NA,MCC
15,19,52,0.005,MCC
15,19,53,0.005,MCC
15,19,54,0.005,MCC
15,19,55,0.005,MCC
15,19,56,0.005,MCC
15,19,57,0.005,MCC
15,19,58,0.005,MCC
15,19,59,1,MCC
15,19,60,0.04,MCC
15,19,61,0.155,MCC
15,19,62,0.04,MCC
15,19,63,0.005,MCC
15,19,64,0.005,MCC
15,19,65,0.005,MCC
15,19,66,0.03,MCC
15,19,67,0.005,MCC
15,19,68,0.085,MCC
15,19,69,0.025,MCC
15,19,70,0.005,MCC
15,19,71,0.005,MCC
15,19,72,0.005,MCC
15,19,73,0.005,MCC
15,19,74,0.02,MCC
15,19,75,0.31,MCC
15,19,76,1,MCC
15,19,77,0.705,MCC
15,19,78,0.54,MCC
15,19,79,1,MCC
15,19,80,0.005,MCC
15,19,81,0.005,MCC
15,19,82,0.005,MCC
15,19,83,0.01,MCC
15,19,84,0.135,MCC
15,19,85,1,MCC
15,19,86,0.005,MCC
15,19,87,0.025,MCC
15,19,88,0.005,MCC
15,19,89,0.005,MCC
15,19,90,1,MCC
15,19,91,0.005,MCC
15,19,92,0.03,MCC
15,19,93,0.025,MCC
15,19,94,0.005,MCC
15,19,95,0.005,MCC
15,19,96,0.11,MCC
15,19,97,0.285,MCC
15,19,98,0.865,MCC
15,19,99,0.07,MCC
15,41,51,1,CS
15,41,52,1,CS
15,41,53,1,CS
15,41,54,1,CS
15,41,55,0.805,CS
15,41,56,1,CS
15,41,57,1,CS
15,41,58,0.63,CS
15,41,59,1,CS
15,41,60,0.845,CS
15,41,61,1,CS
15,41,62,0.705,CS
15,41,51,NA,MCC
15,41,52,0.005,MCC
15,41,53,0.005,MCC
15,41,54,0.005,MCC
15,41,55,0.005,MCC
15,41,56,0.005,MCC
15,41,57,0.005,MCC
15,41,58,0.02,MCC
15,41,59,0.005,MCC
15,41,60,0.005,MCC
15,41,61,0.015,MCC
15,41,62,1,MCC
15,41,63,0.01,MCC
15,41,64,0.16,MCC
15,41,65,1,MCC
15,41,66,1,MCC
15,41,67,1,MCC
15,41,68,0.005,MCC
15,41,69,0.005,MCC
15,41,70,0.005,MCC
15,41,71,0.03,MCC
15,41,72,1,MCC
15,41,73,0.1,MCC
15,41,74,0.005,MCC
15,41,75,0.005,MCC
15,41,76,0.035,MCC
15,41,77,0.705,MCC
15,41,78,1,MCC
15,41,79,0.02,MCC
15,41,80,0.005,MCC
15,41,81,0.04,MCC
15,41,82,0.015,MCC
15,41,83,1,MCC
15,41,84,0.005,MCC
15,41,85,0.025,MCC
15,41,86,0.035,MCC
15,41,87,0.845,MCC
15,41,88,0.23,MCC
15,41,89,0.26,MCC
15,41,90,0.63,MCC
15,41,91,0.005,MCC
15,41,92,0.005,MCC
15,41,93,0.005,MCC
15,41,94,0.015,MCC
15,41,95,0.805,MCC
15,41,96,0.025,MCC
15,41,97,0.005,MCC
15,41,98,0.025,MCC
15,41,99,0.015,MCC
16,28,51,1,CS
16,28,52,1,CS
16,28,53,1,CS
16,28,54,1,CS
16,28,55,0.97,CS
16,28,56,1,CS
16,28,57,1,CS
16,28,58,1,CS
16,28,59,1,CS
16,28,60,1,CS
16,28,61,0.87,CS
16,28,62,1,CS
16,28,63,1,CS
16,28,64,0.98,CS
16,28,65,0.87,CS
14,50,51,1,CS
14,50,52,0.95,CS
14,50,53,1,CS
14,50,54,0.63,CS
14,50,55,0.995,CS
14,50,56,0.585,CS
14,50,57,0.885,CS
14,50,58,0.735,CS
14,50,59,1,CS
14,50,60,0.695,CS
14,50,61,1,CS
14,50,62,0.995,CS
14,50,63,1,CS
14,50,64,1,CS
14,50,65,0.54,CS
16,28,51,NA,MCC
16,28,52,0.005,MCC
16,28,53,0.205,MCC
16,28,54,0.87,MCC
16,28,55,0.98,MCC
16,28,56,0.005,MCC
16,28,57,0.005,MCC
16,28,58,0.005,MCC
16,28,59,0.005,MCC
16,28,60,0.005,MCC
16,28,61,0.025,MCC
16,28,62,1,MCC
16,28,63,1,MCC
16,28,64,0.05,MCC
16,28,65,1,MCC
16,28,66,0.005,MCC
16,28,67,0.005,MCC
16,28,68,0.03,MCC
16,28,69,0.005,MCC
16,28,70,0.005,MCC
16,28,71,0.005,MCC
16,28,72,0.005,MCC
16,28,73,0.05,MCC
16,28,74,1,MCC
16,28,75,0.005,MCC
16,28,76,0.005,MCC
16,28,77,0.18,MCC
16,28,78,1,MCC
16,28,79,0.97,MCC
16,28,80,0.005,MCC
16,28,81,0.075,MCC
16,28,82,1,MCC
16,28,83,0.03,MCC
16,28,84,0.01,MCC
16,28,85,0.05,MCC
16,28,86,0.005,MCC
16,28,87,0.025,MCC
16,28,88,0.275,MCC
16,28,89,1,MCC
16,28,90,1,MCC
16,28,91,0.035,MCC
16,28,92,0.39,MCC
16,28,93,0.005,MCC
16,28,94,0.01,MCC
16,28,95,0.025,MCC
16,28,96,0.87,MCC
16,28,97,1,MCC
16,28,98,0.015,MCC
16,28,99,1,MCC
14,50,51,NA,MCC
14,50,52,0.005,MCC
14,50,53,0.005,MCC
14,50,54,0.005,MCC
14,50,55,0.005,MCC
14,50,56,0.04,MCC
14,50,57,1,MCC
14,50,58,0.005,MCC
14,50,59,0.005,MCC
14,50,60,0.015,MCC
14,50,61,0.285,MCC
14,50,62,0.54,MCC
14,50,63,1,MCC
14,50,64,0.995,MCC
14,50,65,0.24,MCC
14,50,66,0.005,MCC
14,50,67,0.005,MCC
14,50,68,0.005,MCC
14,50,69,0.005,MCC
14,50,70,0.015,MCC
14,50,71,0.045,MCC
14,50,72,0.335,MCC
14,50,73,0.02,MCC
14,50,74,0.33,MCC
14,50,75,0.005,MCC
14,50,76,0.005,MCC
14,50,77,0.035,MCC
14,50,78,0.005,MCC
14,50,79,0.005,MCC
14,50,80,0.055,MCC
14,50,81,0.695,MCC
14,50,82,0.005,MCC
14,50,83,0.03,MCC
14,50,84,0.885,MCC
14,50,85,0.735,MCC
14,50,86,0.005,MCC
14,50,87,0.045,MCC
14,50,88,1,MCC
14,50,89,0.95,MCC
14,50,90,0.47,MCC
14,50,91,0.63,MCC
14,50,92,0.475,MCC
14,50,93,1,MCC
14,50,94,0.005,MCC
14,50,95,0.03,MCC
14,50,96,0.005,MCC
14,50,97,0.02,MCC
14,50,98,1,MCC
14,50,99,0.995,MCC
16,1,51,1,CS
16,1,52,1,CS
16,1,53,0.935,CS
16,1,54,1,CS
16,1,55,0.98,CS
16,1,56,1,CS
16,1,57,0.965,CS
16,1,58,1,CS
16,1,59,1,CS
16,1,60,1,CS
16,1,61,1,CS
16,1,62,1,CS
16,1,63,1,CS
16,1,64,1,CS
16,1,65,1,CS
16,1,51,NA,MCC
16,1,52,0.005,MCC
16,1,53,0.005,MCC
16,1,54,0.005,MCC
16,1,55,0.005,MCC
16,1,56,0.025,MCC
16,1,57,1,MCC
16,1,58,0.005,MCC
16,1,59,0.02,MCC
16,1,60,1,MCC
16,1,61,0.935,MCC
16,1,62,1,MCC
16,1,63,1,MCC
16,1,64,0.045,MCC
16,1,65,1,MCC
16,1,66,0.01,MCC
16,1,67,0.025,MCC
16,1,68,0.005,MCC
16,1,69,0.005,MCC
16,1,70,0.005,MCC
16,1,71,0.09,MCC
16,1,72,0.965,MCC
16,1,73,1,MCC
16,1,74,0.355,MCC
16,1,75,0.005,MCC
16,1,76,0.005,MCC
16,1,77,0.03,MCC
16,1,78,0.42,MCC
16,1,79,1,MCC
16,1,80,0.015,MCC
16,1,81,0.13,MCC
16,1,82,1,MCC
16,1,83,0.005,MCC
16,1,84,0.005,MCC
16,1,85,0.005,MCC
16,1,86,0.02,MCC
16,1,87,0.315,MCC
16,1,88,0.005,MCC
16,1,89,0.035,MCC
16,1,90,0.455,MCC
16,1,91,1,MCC
16,1,92,0.425,MCC
16,1,93,0.295,MCC
16,1,94,0.005,MCC
16,1,95,0.03,MCC
16,1,96,1,MCC
16,1,97,0.98,MCC
16,1,98,1,MCC
16,1,99,0.08,MCC
16,14,51,1,CS
16,14,52,1,CS
16,14,53,1,CS
16,14,54,0.865,CS
16,14,55,1,CS
16,14,56,1,CS
16,14,57,0.505,CS
16,14,58,0.95,CS
16,14,59,1,CS
16,14,60,1,CS
16,37,51,1,CS
16,37,52,0.625,CS
16,37,53,0.695,CS
16,37,54,0.84,CS
16,37,55,0.95,CS
16,37,56,0.81,CS
16,37,57,1,CS
16,37,58,1,CS
16,37,59,1,CS
16,37,60,1,CS
16,37,61,1,CS
16,37,62,1,CS
16,37,51,NA,MCC
16,37,52,0.005,MCC
16,37,53,0.005,MCC
16,37,54,0.005,MCC
16,37,55,0.005,MCC
16,37,56,0.005,MCC
16,37,57,0.005,MCC
16,37,58,1,MCC
16,37,59,0.025,MCC
16,37,60,0.085,MCC
16,37,61,1,MCC
16,37,62,1,MCC
16,37,63,0.14,MCC
16,37,64,0.01,MCC
16,37,65,1,MCC
16,37,66,0.035,MCC
16,37,67,0.125,MCC
16,37,68,0.625,MCC
16,37,69,0.695,MCC
16,37,70,0.84,MCC
16,37,71,0.01,MCC
16,37,72,0.015,MCC
16,37,73,0.005,MCC
16,37,74,0.005,MCC
16,37,75,0.005,MCC
16,37,76,0.005,MCC
16,37,77,0.015,MCC
16,37,78,0.025,MCC
16,37,79,1,MCC
16,37,80,0.035,MCC
16,37,81,0.005,MCC
16,37,82,0.005,MCC
16,37,83,0.005,MCC
16,37,84,0.295,MCC
16,37,85,0.005,MCC
16,37,86,0.005,MCC
16,37,87,0.14,MCC
16,37,88,0.135,MCC
16,37,89,0.005,MCC
16,37,90,0.005,MCC
16,37,91,0.005,MCC
16,37,92,0.005,MCC
16,37,93,0.005,MCC
16,37,94,0.015,MCC
16,37,95,0.03,MCC
16,37,96,1,MCC
16,37,97,0.04,MCC
16,37,98,0.95,MCC
16,37,99,0.81,MCC
16,14,51,NA,MCC
16,14,52,0.005,MCC
16,14,53,0.005,MCC
16,14,54,0.005,MCC
16,14,55,0.005,MCC
16,14,56,0.005,MCC
16,14,57,0.005,MCC
16,14,58,0.005,MCC
16,14,59,0.005,MCC
16,14,60,0.01,MCC
16,14,61,1,MCC
16,14,62,0.015,MCC
16,14,63,0.865,MCC
16,14,64,0.005,MCC
16,14,65,0.005,MCC
16,14,66,0.075,MCC
16,14,67,1,MCC
16,14,68,0.005,MCC
16,14,69,0.005,MCC
16,14,70,0.005,MCC
16,14,71,0.305,MCC
16,14,72,0.005,MCC
16,14,73,0.005,MCC
16,14,74,0.005,MCC
16,14,75,0.02,MCC
16,14,76,0.505,MCC
16,14,77,0.015,MCC
16,14,78,0.025,MCC
16,14,79,0.005,MCC
16,14,80,0.035,MCC
16,14,81,0.43,MCC
16,14,82,0.035,MCC
16,14,83,1,MCC
16,14,84,1,MCC
16,14,85,0.005,MCC
16,14,86,0.05,MCC
16,14,87,1,MCC
16,14,88,0.005,MCC
16,14,89,0.005,MCC
16,14,90,0.01,MCC
16,14,91,0.02,MCC
16,14,92,0.155,MCC
16,14,93,0.005,MCC
16,14,94,0.005,MCC
16,14,95,0.06,MCC
16,14,96,0.95,MCC
16,14,97,1,MCC
16,14,98,0.005,MCC
16,14,99,0.02,MCC
16,23,51,1,CS
16,23,52,1,CS
16,23,53,0.95,CS
16,23,54,0.855,CS
16,23,55,1,CS
16,23,56,1,CS
16,23,57,0.99,CS
16,23,58,1,CS
16,23,59,1,CS
16,23,60,1,CS
16,23,51,NA,MCC
16,23,52,0.005,MCC
16,23,53,0.005,MCC
16,23,54,0.005,MCC
16,23,55,0.01,MCC
16,23,56,1,MCC
16,23,57,1,MCC
16,23,58,0.005,MCC
16,23,59,0.01,MCC
16,23,60,0.15,MCC
16,23,61,0.005,MCC
16,23,62,0.005,MCC
16,23,63,0.005,MCC
16,23,64,0.005,MCC
16,23,65,0.005,MCC
16,23,66,0.005,MCC
16,23,67,0.085,MCC
16,23,68,0.025,MCC
16,23,69,0.005,MCC
16,23,70,0.005,MCC
16,23,71,0.005,MCC
16,23,72,0.06,MCC
16,23,73,0.015,MCC
16,23,74,0.105,MCC
16,23,75,0.005,MCC
16,23,76,0.015,MCC
16,23,77,1,MCC
16,23,78,0.005,MCC
16,23,79,0.005,MCC
16,23,80,0.005,MCC
16,23,81,0.005,MCC
16,23,82,0.025,MCC
16,23,83,0.99,MCC
16,23,84,0.005,MCC
16,23,85,0.03,MCC
16,23,86,0.95,MCC
16,23,87,0.02,MCC
16,23,88,1,MCC
16,23,89,0.005,MCC
16,23,90,0.005,MCC
16,23,91,0.31,MCC
16,23,92,0.03,MCC
16,23,93,0.855,MCC
16,23,94,0.285,MCC
16,23,95,0.005,MCC
16,23,96,0.175,MCC
16,23,97,1,MCC
16,23,98,0.01,MCC
16,23,99,1,MCC
16,32,51,1,CS
16,32,52,1,CS
16,32,53,1,CS
16,32,54,1,CS
16,32,55,0.815,CS
16,32,56,1,CS
16,32,57,0.98,CS
16,32,58,0.65,CS
16,32,59,1,CS
16,32,60,0.995,CS
16,32,61,1,CS
16,32,62,1,CS
16,32,63,1,CS
16,46,51,1,CS
16,32,51,NA,MCC
16,32,52,0.005,MCC
16,32,53,0.015,MCC
16,32,54,0.005,MCC
16,32,55,0.005,MCC
16,32,56,0.005,MCC
16,32,57,0.025,MCC
16,32,58,0.25,MCC
16,32,59,1,MCC
16,32,60,0.01,MCC
16,32,61,0.335,MCC
16,32,62,0.98,MCC
16,32,63,0.095,MCC
16,32,64,0.65,MCC
16,32,65,0.815,MCC
16,32,66,0.005,MCC
16,32,67,0.035,MCC
16,32,68,1,MCC
16,32,69,0.02,MCC
16,32,70,1,MCC
16,32,71,1,MCC
16,32,72,0.005,MCC
16,32,73,0.005,MCC
16,32,74,0.005,MCC
16,32,75,0.005,MCC
16,32,76,0.005,MCC
16,32,77,0.005,MCC
16,32,78,0.03,MCC
16,32,79,0.995,MCC
16,32,80,0.07,MCC
16,32,81,0.08,MCC
16,32,82,0.31,MCC
16,32,83,0.165,MCC
16,32,84,0.015,MCC
16,32,85,1,MCC
16,32,86,1,MCC
16,32,87,0.005,MCC
16,32,88,0.005,MCC
16,32,89,0.005,MCC
16,32,90,0.005,MCC
16,32,91,0.01,MCC
16,32,92,1,MCC
16,32,93,0.055,MCC
16,32,94,0.005,MCC
16,32,95,0.005,MCC
16,32,96,0.01,MCC
16,32,97,0.03,MCC
16,32,98,1,MCC
16,32,99,0.005,MCC
16,46,51,NA,MCC
16,46,52,0.01,MCC
16,46,53,0.005,MCC
16,46,54,0.005,MCC
16,46,55,0.005,MCC
16,46,56,0.02,MCC
16,46,57,0.005,MCC
16,46,58,0.005,MCC
16,46,59,0.03,MCC
16,46,60,0.02,MCC
16,46,61,0.005,MCC
16,46,62,0.005,MCC
16,46,63,0.01,MCC
16,46,64,0.025,MCC
16,46,65,0.005,MCC
16,46,66,0.005,MCC
16,46,67,0.025,MCC
16,46,68,0.005,MCC
16,46,69,0.005,MCC
16,46,70,0.02,MCC
16,46,71,0.005,MCC
16,46,72,0.005,MCC
16,46,73,0.005,MCC
16,46,74,0.005,MCC
16,46,75,0.01,MCC
16,46,76,0.01,MCC
16,46,77,0.015,MCC
16,46,78,0.005,MCC
16,46,79,0.005,MCC
16,46,80,0.005,MCC
16,46,81,0.005,MCC
16,46,82,0.005,MCC
16,46,83,0.005,MCC
16,46,84,0.005,MCC
16,46,85,0.025,MCC
16,46,86,0.03,MCC
16,46,87,0.03,MCC
16,46,88,0.005,MCC
16,46,89,0.005,MCC
16,46,90,0.01,MCC
16,46,91,0.03,MCC
16,46,92,0.005,MCC
16,46,93,0.005,MCC
16,46,94,0.005,MCC
16,46,95,0.02,MCC
16,46,96,0.025,MCC
16,46,97,0.01,MCC
16,46,98,0.04,MCC
16,46,99,0.03,MCC
16,19,51,1,CS
16,19,52,1,CS
16,19,53,0.8,CS
16,19,54,0.945,CS
16,19,55,0.875,CS
16,19,56,1,CS
16,19,57,1,CS
16,19,58,0.73,CS
16,19,59,1,CS
16,19,60,1,CS
16,19,61,1,CS
16,19,62,0.765,CS
16,19,51,NA,MCC
16,19,52,0.025,MCC
16,19,53,1,MCC
16,19,54,0.005,MCC
16,19,55,0.005,MCC
16,19,56,0.005,MCC
16,19,57,0.005,MCC
16,19,58,0.035,MCC
16,19,59,0.005,MCC
16,19,60,0.005,MCC
16,19,61,0.875,MCC
16,19,62,1,MCC
16,19,63,0.04,MCC
16,19,64,0.005,MCC
16,19,65,0.005,MCC
16,19,66,0.01,MCC
16,19,67,0.015,MCC
16,19,68,1,MCC
16,19,69,0.8,MCC
16,19,70,0.945,MCC
16,19,71,0.005,MCC
16,19,72,0.005,MCC
16,19,73,0.055,MCC
16,19,74,0.025,MCC
16,19,75,1,MCC
16,19,76,0.005,MCC
16,19,77,0.025,MCC
16,19,78,0.005,MCC
16,19,79,0.005,MCC
16,19,80,0.045,MCC
16,19,81,0.73,MCC
16,19,82,1,MCC
16,19,83,0.005,MCC
16,19,84,0.005,MCC
16,19,85,0.005,MCC
16,19,86,0.045,MCC
16,19,87,0.005,MCC
16,19,88,0.03,MCC
16,19,89,0.005,MCC
16,19,90,0.05,MCC
16,19,91,0.01,MCC
16,19,92,0.025,MCC
16,19,93,0.005,MCC
16,19,94,0.005,MCC
16,19,95,0.03,MCC
16,19,96,0.765,MCC
16,19,97,0.01,MCC
16,19,98,0.265,MCC
16,19,99,1,MCC
16,41,51,1,CS
16,41,52,1,CS
16,41,53,1,CS
16,41,54,1,CS
16,41,55,0.95,CS
16,41,56,1,CS
16,41,57,1,CS
16,41,58,0.86,CS
16,41,59,1,CS
16,41,51,NA,MCC
16,41,52,0.005,MCC
16,41,53,0.005,MCC
16,41,54,0.005,MCC
16,41,55,0.005,MCC
16,41,56,0.005,MCC
16,41,57,0.005,MCC
16,41,58,0.005,MCC
16,41,59,0.345,MCC
16,41,60,0.95,MCC
16,41,61,0.86,MCC
16,41,62,0.18,MCC
16,41,63,0.005,MCC
16,41,64,0.03,MCC
16,41,65,0.08,MCC
16,41,66,0.015,MCC
16,41,67,0.065,MCC
16,41,68,0.005,MCC
16,41,69,0.01,MCC
16,41,70,0.04,MCC
16,41,71,1,MCC
16,41,72,0.03,MCC
16,41,73,0.005,MCC
16,41,74,0.005,MCC
16,41,75,0.005,MCC
16,41,76,0.045,MCC
16,41,77,0.025,MCC
16,41,78,0.005,MCC
16,41,79,0.035,MCC
16,41,80,0.005,MCC
16,41,81,0.005,MCC
16,41,82,0.025,MCC
16,41,83,0.025,MCC
16,41,84,0.005,MCC
16,41,85,0.005,MCC
16,41,86,0.005,MCC
16,41,87,0.005,MCC
16,41,88,0.005,MCC
16,41,89,0.005,MCC
16,41,90,0.005,MCC
16,41,91,0.025,MCC
16,41,92,0.005,MCC
16,41,93,0.005,MCC
16,41,94,0.035,MCC
16,41,95,1,MCC
16,41,96,1,MCC
16,41,97,1,MCC
16,41,98,1,MCC
16,41,99,1,MCC
17,14,51,1,CS
17,14,52,1,CS
17,14,53,1,CS
17,14,54,0.955,CS
17,14,55,1,CS
17,14,56,0.96,CS
17,14,57,0.745,CS
17,14,58,1,CS
17,14,59,1,CS
17,14,60,1,CS
17,37,51,1,CS
17,37,52,0.995,CS
17,37,53,0.545,CS
17,37,54,1,CS
17,37,55,1,CS
17,37,56,1,CS
17,37,57,0.99,CS
17,37,58,0.965,CS
17,37,59,0.98,CS
17,14,51,NA,MCC
17,14,52,0.005,MCC
17,14,53,0.005,MCC
17,14,54,0.005,MCC
17,14,55,0.01,MCC
17,14,56,0.045,MCC
17,14,57,0.005,MCC
17,14,58,0.01,MCC
17,14,59,0.005,MCC
17,14,60,1,MCC
17,14,61,0.005,MCC
17,14,62,0.03,MCC
17,14,63,0.005,MCC
17,14,64,0.005,MCC
17,14,65,0.005,MCC
17,14,66,0.005,MCC
17,14,67,0.005,MCC
17,14,68,0.025,MCC
17,14,69,0.055,MCC
17,14,70,0.955,MCC
17,14,71,0.005,MCC
17,14,72,0.005,MCC
17,14,73,0.005,MCC
17,14,74,0.02,MCC
17,14,75,0.745,MCC
17,14,76,0.02,MCC
17,14,77,0.105,MCC
17,14,78,0.225,MCC
17,14,79,1,MCC
17,14,80,0.005,MCC
17,14,81,0.005,MCC
17,14,82,0.005,MCC
17,14,83,0.005,MCC
17,14,84,0.005,MCC
17,14,85,0.015,MCC
17,14,86,1,MCC
17,14,87,0.025,MCC
17,14,88,0.01,MCC
17,14,89,0.14,MCC
17,14,90,1,MCC
17,14,91,1,MCC
17,14,92,0.005,MCC
17,14,93,0.01,MCC
17,14,94,1,MCC
17,14,95,0.015,MCC
17,14,96,0.96,MCC
17,14,97,0.005,MCC
17,14,98,0.015,MCC
17,14,99,0.115,MCC
17,37,51,NA,MCC
17,37,52,0.005,MCC
17,37,53,0.075,MCC
17,37,54,0.005,MCC
17,37,55,0.005,MCC
17,37,56,0.01,MCC
17,37,57,0.055,MCC
17,37,58,0.005,MCC
17,37,59,0.01,MCC
17,37,60,0.06,MCC
17,37,61,0.005,MCC
17,37,62,0.02,MCC
17,37,63,0.995,MCC
17,37,64,0.275,MCC
17,37,65,0.005,MCC
17,37,66,0.005,MCC
17,37,67,0.015,MCC
17,37,68,1,MCC
17,37,69,0.025,MCC
17,37,70,0.005,MCC
17,37,71,0.005,MCC
17,37,72,0.005,MCC
17,37,73,0.005,MCC
17,37,74,0.005,MCC
17,37,75,0.005,MCC
17,37,76,0.005,MCC
17,37,77,0.005,MCC
17,37,78,0.055,MCC
17,37,79,0.98,MCC
17,37,80,0.005,MCC
17,37,81,0.01,MCC
17,37,82,0.065,MCC
17,37,83,0.99,MCC
17,37,84,0.005,MCC
17,37,85,0.01,MCC
17,37,86,0.39,MCC
17,37,87,0.965,MCC
17,37,88,0.005,MCC
17,37,89,0.005,MCC
17,37,90,0.09,MCC
17,37,91,0.095,MCC
17,37,92,1,MCC
17,37,93,0.005,MCC
17,37,94,0.005,MCC
17,37,95,0.025,MCC
17,37,96,0.035,MCC
17,37,97,0.01,MCC
17,37,98,1,MCC
17,37,99,0.05,MCC
17,1,51,1,CS
17,1,52,0.84,CS
17,1,53,0.81,CS
17,1,54,1,CS
17,1,55,0.99,CS
17,1,56,0.995,CS
17,1,57,0.81,CS
17,1,58,1,CS
17,1,59,1,CS
17,1,60,1,CS
17,1,61,1,CS
17,1,62,1,CS
17,1,63,1,CS
17,1,64,1,CS
17,1,65,1,CS
17,1,51,NA,MCC
17,1,52,0.005,MCC
17,1,53,0.07,MCC
17,1,54,1,MCC
17,1,55,1,MCC
17,1,56,0.005,MCC
17,1,57,0.005,MCC
17,1,58,0.005,MCC
17,1,59,0.005,MCC
17,1,60,0.005,MCC
17,1,61,0.135,MCC
17,1,62,0.015,MCC
17,1,63,0.005,MCC
17,1,64,0.005,MCC
17,1,65,0.015,MCC
17,1,66,0.01,MCC
17,1,67,0.125,MCC
17,1,68,1,MCC
17,1,69,1,MCC
17,1,70,0.005,MCC
17,1,71,0.005,MCC
17,1,72,0.02,MCC
17,1,73,1,MCC
17,1,74,0.005,MCC
17,1,75,0.01,MCC
17,1,76,0.02,MCC
17,1,77,0.285,MCC
17,1,78,0.015,MCC
17,1,79,0.1,MCC
17,1,80,0.02,MCC
17,1,81,1,MCC
17,1,82,1,MCC
17,1,83,0.01,MCC
17,1,84,0.025,MCC
17,1,85,0.84,MCC
17,1,86,0.81,MCC
17,1,87,0.005,MCC
17,1,88,0.005,MCC
17,1,89,0.015,MCC
17,1,90,0.995,MCC
17,1,91,0.81,MCC
17,1,92,0.005,MCC
17,1,93,0.005,MCC
17,1,94,0.015,MCC
17,1,95,0.315,MCC
17,1,96,0.12,MCC
17,1,97,1,MCC
17,1,98,0.99,MCC
17,1,99,1,MCC
17,23,51,1,CS
17,23,52,0.965,CS
17,23,53,1,CS
17,23,54,1,CS
17,23,55,1,CS
17,23,56,1,CS
17,23,57,1,CS
17,23,58,1,CS
17,23,59,1,CS
17,19,51,1,CS
17,19,52,1,CS
17,19,53,0.715,CS
17,19,54,0.995,CS
17,19,55,0.845,CS
17,19,56,1,CS
17,19,57,1,CS
17,19,58,0.875,CS
17,19,59,1,CS
17,19,60,1,CS
17,19,61,0.55,CS
17,23,51,NA,MCC
17,23,52,0.005,MCC
17,23,53,0.005,MCC
17,23,54,0.015,MCC
17,23,55,1,MCC
17,23,56,0.005,MCC
17,23,57,0.005,MCC
17,23,58,0.005,MCC
17,23,59,0.175,MCC
17,23,60,0.325,MCC
17,23,61,1,MCC
17,23,62,0.05,MCC
17,23,63,0.065,MCC
17,23,64,1,MCC
17,23,65,0.005,MCC
17,23,66,0.005,MCC
17,23,67,0.005,MCC
17,23,68,0.155,MCC
17,23,69,0.015,MCC
17,23,70,1,MCC
17,23,71,0.005,MCC
17,23,72,0.025,MCC
17,23,73,0.005,MCC
17,23,74,0.005,MCC
17,23,75,0.005,MCC
17,23,76,0.005,MCC
17,23,77,0.025,MCC
17,23,78,0.015,MCC
17,23,79,1,MCC
17,23,80,0.01,MCC
17,23,81,0.025,MCC
17,23,82,0.005,MCC
17,23,83,0.005,MCC
17,23,84,0.01,MCC
17,23,85,0.02,MCC
17,23,86,0.14,MCC
17,23,87,0.025,MCC
17,23,88,1,MCC
17,23,89,0.005,MCC
17,23,90,0.035,MCC
17,23,91,0.005,MCC
17,23,92,0.005,MCC
17,23,93,0.965,MCC
17,23,94,0.005,MCC
17,23,95,0.01,MCC
17,23,96,0.005,MCC
17,23,97,0.02,MCC
17,23,98,1,MCC
17,23,99,0.03,MCC
17,19,51,NA,MCC
17,19,52,0.005,MCC
17,19,53,0.005,MCC
17,19,54,0.005,MCC
17,19,55,0.005,MCC
17,19,56,0.01,MCC
17,19,57,0.005,MCC
17,19,58,0.04,MCC
17,19,59,0.01,MCC
17,19,60,1,MCC
17,19,61,0.005,MCC
17,19,62,0.005,MCC
17,19,63,0.01,MCC
17,19,64,0.875,MCC
17,19,65,0.05,MCC
17,19,66,0.005,MCC
17,19,67,0.005,MCC
17,19,68,0.035,MCC
17,19,69,0.01,MCC
17,19,70,0.005,MCC
17,19,71,0.005,MCC
17,19,72,0.005,MCC
17,19,73,0.01,MCC
17,19,74,1,MCC
17,19,75,0.715,MCC
17,19,76,0.995,MCC
17,19,77,0.005,MCC
17,19,78,0.005,MCC
17,19,79,0.005,MCC
17,19,80,0.005,MCC
17,19,81,0.015,MCC
17,19,82,0.55,MCC
17,19,83,1,MCC
17,19,84,0.005,MCC
17,19,85,0.005,MCC
17,19,86,0.045,MCC
17,19,87,0.845,MCC
17,19,88,0.015,MCC
17,19,89,0.13,MCC
17,19,90,1,MCC
17,19,91,0.035,MCC
17,19,92,0.005,MCC
17,19,93,0.05,MCC
17,19,94,0.025,MCC
17,19,95,0.005,MCC
17,19,96,0.005,MCC
17,19,97,0.045,MCC
17,19,98,1,MCC
17,19,99,0.03,MCC
15,50,51,1,CS
17,28,51,1,CS
17,28,52,1,CS
17,28,53,1,CS
17,28,54,1,CS
17,28,55,1,CS
17,28,56,0.95,CS
17,28,57,1,CS
17,28,58,1,CS
17,28,59,1,CS
17,28,60,0.755,CS
17,28,61,1,CS
17,28,62,1,CS
17,28,63,1,CS
17,28,51,NA,MCC
17,28,52,0.005,MCC
17,28,53,0.005,MCC
17,28,54,0.39,MCC
17,28,55,1,MCC
17,28,56,0.95,MCC
17,28,57,0.005,MCC
17,28,58,0.005,MCC
17,28,59,0.005,MCC
17,28,60,0.06,MCC
17,28,61,1,MCC
17,28,62,1,MCC
17,28,63,0.02,MCC
17,28,64,0.005,MCC
17,28,65,0.005,MCC
17,28,66,0.02,MCC
17,28,67,0.005,MCC
17,28,68,0.005,MCC
17,28,69,0.015,MCC
17,28,70,1,MCC
17,28,71,1,MCC
17,28,72,0.005,MCC
17,28,73,0.005,MCC
17,28,74,0.005,MCC
17,28,75,0.035,MCC
17,28,76,1,MCC
17,28,77,0.09,MCC
17,28,78,0.09,MCC
17,28,79,0.755,MCC
17,28,80,1,MCC
17,28,81,0.005,MCC
17,28,82,0.005,MCC
17,28,83,0.005,MCC
17,28,84,0.035,MCC
17,28,85,0.045,MCC
17,28,86,0.005,MCC
17,28,87,0.005,MCC
17,28,88,0.015,MCC
17,28,89,1,MCC
17,28,90,1,MCC
17,28,91,0.005,MCC
17,28,92,0.005,MCC
17,28,93,0.005,MCC
17,28,94,0.01,MCC
17,28,95,0.315,MCC
17,28,96,1,MCC
17,28,97,0.005,MCC
17,28,98,0.005,MCC
17,28,99,0.16,MCC
15,50,51,NA,MCC
15,50,52,0.005,MCC
15,50,53,0.005,MCC
15,50,54,0.005,MCC
15,50,55,0.005,MCC
15,50,56,0.005,MCC
15,50,57,0.02,MCC
15,50,58,0.02,MCC
15,50,59,0.01,MCC
15,50,60,0.03,MCC
15,50,61,0.005,MCC
15,50,62,0.035,MCC
15,50,63,0.005,MCC
15,50,64,0.025,MCC
15,50,65,0.005,MCC
15,50,66,0.005,MCC
15,50,67,0.025,MCC
15,50,68,0.005,MCC
15,50,69,0.005,MCC
15,50,70,0.005,MCC
15,50,71,0.005,MCC
15,50,72,0.005,MCC
15,50,73,0.005,MCC
15,50,74,0.005,MCC
15,50,75,0.025,MCC
15,50,76,0.015,MCC
15,50,77,0.005,MCC
15,50,78,0.005,MCC
15,50,79,0.005,MCC
15,50,80,0.005,MCC
15,50,81,0.035,MCC
15,50,82,0.02,MCC
15,50,83,0.025,MCC
15,50,84,0.035,MCC
15,50,85,0.025,MCC
15,50,86,0.005,MCC
15,50,87,0.01,MCC
15,50,88,0.005,MCC
15,50,89,0.02,MCC
15,50,90,0.02,MCC
15,50,91,0.005,MCC
15,50,92,0.005,MCC
15,50,93,0.005,MCC
15,50,94,0.01,MCC
15,50,95,0.025,MCC
15,50,96,0.04,MCC
15,50,97,0.01,MCC
15,50,98,0.025,MCC
15,50,99,0.02,MCC
17,46,51,1,CS
17,46,52,0.835,CS
17,46,53,1,CS
17,46,54,1,CS
17,46,55,1,CS
17,46,56,1,CS
17,46,57,1,CS
17,46,58,1,CS
17,46,59,1,CS
17,46,60,0.64,CS
17,46,61,1,CS
17,46,62,1,CS
17,46,63,0.53,CS
17,46,51,NA,MCC
17,46,52,0.005,MCC
17,46,53,0.105,MCC
17,46,54,0.005,MCC
17,46,55,0.01,MCC
17,46,56,0.005,MCC
17,46,57,0.005,MCC
17,46,58,0.025,MCC
17,46,59,0.005,MCC
17,46,60,0.005,MCC
17,46,61,0.01,MCC
17,46,62,0.53,MCC
17,46,63,0.64,MCC
17,46,64,0.005,MCC
17,46,65,0.005,MCC
17,46,66,0.01,MCC
17,46,67,0.15,MCC
17,46,68,1,MCC
17,46,69,1,MCC
17,46,70,0.025,MCC
17,46,71,0.005,MCC
17,46,72,0.005,MCC
17,46,73,0.005,MCC
17,46,74,0.02,MCC
17,46,75,0.455,MCC
17,46,76,0.835,MCC
17,46,77,1,MCC
17,46,78,1,MCC
17,46,79,1,MCC
17,46,80,1,MCC
17,46,81,0.01,MCC
17,46,82,0.02,MCC
17,46,83,0.005,MCC
17,46,84,0.02,MCC
17,46,85,0.01,MCC
17,46,86,0.265,MCC
17,46,87,0.005,MCC
17,46,88,0.085,MCC
17,46,89,0.005,MCC
17,46,90,0.005,MCC
17,46,91,0.005,MCC
17,46,92,0.005,MCC
17,46,93,0.03,MCC
17,46,94,1,MCC
17,46,95,0.01,MCC
17,46,96,1,MCC
17,46,97,0.025,MCC
17,46,98,1,MCC
17,46,99,0.015,MCC
17,32,51,1,CS
17,32,51,NA,MCC
17,32,52,0.005,MCC
17,32,53,0.005,MCC
17,32,54,0.005,MCC
17,32,55,0.025,MCC
17,32,56,0.005,MCC
17,32,57,0.005,MCC
17,32,58,0.025,MCC
17,32,59,0.035,MCC
17,32,60,0.01,MCC
17,32,61,0.005,MCC
17,32,62,0.035,MCC
17,32,63,0.005,MCC
17,32,64,0.005,MCC
17,32,65,0.02,MCC
17,32,66,0.01,MCC
17,32,67,0.02,MCC
17,32,68,0.18,MCC
17,32,69,0.005,MCC
17,32,70,0.005,MCC
17,32,71,0.005,MCC
17,32,72,0.005,MCC
17,32,73,0.015,MCC
17,32,74,0.005,MCC
17,32,75,0.005,MCC
17,32,76,0.005,MCC
17,32,77,0.01,MCC
17,32,78,0.035,MCC
17,32,79,0.005,MCC
17,32,80,0.005,MCC
17,32,81,0.005,MCC
17,32,82,0.005,MCC
17,32,83,0.01,MCC
17,32,84,0.005,MCC
17,32,85,0.035,MCC
17,32,86,0.03,MCC
17,32,87,0.005,MCC
17,32,88,0.005,MCC
17,32,89,0.005,MCC
17,32,90,0.005,MCC
17,32,91,0.005,MCC
17,32,92,0.01,MCC
17,32,93,0.005,MCC
17,32,94,0.005,MCC
17,32,95,0.02,MCC
17,32,96,0.005,MCC
17,32,97,0.03,MCC
17,32,98,0.005,MCC
17,32,99,0.015,MCC
2,14,51,1,CS
2,14,52,0.68,CS
2,14,53,0.985,CS
2,14,54,1,CS
2,14,55,0.86,CS
2,14,56,0.825,CS
2,14,57,1,CS
2,14,58,0.765,CS
2,14,59,1,CS
2,14,60,0.995,CS
2,14,61,1,CS
2,14,62,1,CS
2,14,63,1,CS
2,14,64,1,CS
2,14,65,1,CS
2,14,66,0.995,CS
2,14,67,0.96,CS
2,14,68,1,CS
2,14,69,1,CS
2,14,70,1,CS
2,14,71,0.99,CS
2,14,72,0.63,CS
2,14,73,1,CS
2,14,74,0.725,CS
2,14,75,1,CS
2,14,76,1,CS
2,14,77,1,CS
2,14,78,1,CS
2,14,79,1,CS
2,14,80,1,CS
2,14,81,1,CS
2,14,82,1,CS
2,14,83,0.95,CS
2,14,84,0.985,CS
2,14,85,0.745,CS
2,14,86,1,CS
2,14,87,1,CS
2,14,88,0.97,CS
2,14,89,1,CS
2,14,90,0.945,CS
2,14,91,1,CS
2,14,92,1,CS
2,14,93,1,CS
2,14,94,0.83,CS
2,14,95,0.685,CS
2,14,96,1,CS
2,23,51,1,CS
2,23,52,1,CS
2,23,53,1,CS
2,23,54,1,CS
2,23,55,1,CS
2,23,56,0.86,CS
2,23,57,1,CS
2,23,58,1,CS
2,23,59,0.815,CS
2,23,60,0.865,CS
2,23,61,1,CS
2,23,62,1,CS
2,23,63,1,CS
2,23,64,1,CS
2,23,65,1,CS
2,23,66,1,CS
2,23,67,1,CS
2,23,68,1,CS
2,23,69,0.555,CS
2,23,70,1,CS
2,23,71,1,CS
2,23,72,1,CS
2,23,73,1,CS
2,23,74,1,CS
2,23,75,0.97,CS
2,23,76,0.995,CS
2,23,77,1,CS
2,23,78,1,CS
2,23,79,1,CS
2,23,80,0.75,CS
2,23,81,1,CS
2,23,82,1,CS
2,23,83,0.865,CS
2,23,84,1,CS
2,23,85,1,CS
2,23,86,0.575,CS
2,23,87,1,CS
2,23,88,1,CS
2,23,89,1,CS
2,23,90,1,CS
2,23,91,1,CS
2,23,92,0.955,CS
2,23,93,1,CS
2,19,51,1,CS
2,19,52,0.585,CS
2,19,53,1,CS
2,19,54,0.965,CS
2,19,55,1,CS
2,19,56,0.555,CS
2,19,57,1,CS
2,19,58,1,CS
2,19,59,0.795,CS
2,19,60,1,CS
2,19,61,1,CS
2,19,62,1,CS
2,19,63,1,CS
2,19,64,1,CS
2,19,65,1,CS
2,19,66,1,CS
2,19,67,1,CS
2,19,68,0.665,CS
2,19,69,0.995,CS
2,19,70,0.875,CS
2,19,71,0.705,CS
2,19,72,1,CS
2,19,73,1,CS
2,19,74,1,CS
2,19,75,0.8,CS
2,19,76,1,CS
2,19,77,0.965,CS
2,19,78,1,CS
2,19,79,1,CS
2,19,80,0.815,CS
2,19,81,0.985,CS
2,19,82,1,CS
2,19,83,1,CS
2,19,84,1,CS
2,19,85,0.605,CS
2,19,86,1,CS
2,19,87,1,CS
2,19,88,1,CS
2,19,89,1,CS
2,19,90,1,CS
2,19,91,0.99,CS
2,19,92,1,CS
2,23,51,NA,MCC
2,23,52,1,MCC
2,23,53,1,MCC
2,23,54,0.955,MCC
2,23,55,1,MCC
2,23,56,0.575,MCC
2,23,57,0.445,MCC
2,23,58,1,MCC
2,23,59,0.395,MCC
2,23,60,1,MCC
2,23,61,1,MCC
2,23,62,1,MCC
2,23,63,1,MCC
2,23,64,0.4,MCC
2,23,65,1,MCC
2,23,66,0.97,MCC
2,23,67,0.995,MCC
2,23,68,1,MCC
2,23,69,1,MCC
2,23,70,0.49,MCC
2,23,71,1,MCC
2,23,72,1,MCC
2,23,73,1,MCC
2,23,74,0.32,MCC
2,23,75,0.39,MCC
2,23,76,1,MCC
2,23,77,1,MCC
2,23,78,1,MCC
2,23,79,1,MCC
2,23,80,0.86,MCC
2,23,81,1,MCC
2,23,82,0.815,MCC
2,23,83,1,MCC
2,23,84,0.865,MCC
2,23,85,1,MCC
2,23,86,1,MCC
2,23,87,1,MCC
2,23,88,1,MCC
2,23,89,0.555,MCC
2,23,90,1,MCC
2,23,91,1,MCC
2,23,92,1,MCC
2,23,93,1,MCC
2,23,94,1,MCC
2,23,95,1,MCC
2,23,96,0.865,MCC
2,23,97,0.75,MCC
2,23,98,1,MCC
2,23,99,1,MCC
2,19,51,NA,MCC
2,19,52,0.815,MCC
2,19,53,0.44,MCC
2,19,54,1,MCC
2,19,55,1,MCC
2,19,56,0.99,MCC
2,19,57,0.42,MCC
2,19,58,1,MCC
2,19,59,1,MCC
2,19,60,1,MCC
2,19,61,1,MCC
2,19,62,0.985,MCC
2,19,63,0.605,MCC
2,19,64,0.395,MCC
2,19,65,0.295,MCC
2,19,66,1,MCC
2,19,67,1,MCC
2,19,68,1,MCC
2,19,69,0.585,MCC
2,19,70,1,MCC
2,19,71,0.45,MCC
2,19,72,1,MCC
2,19,73,1,MCC
2,19,74,1,MCC
2,19,75,1,MCC
2,19,76,1,MCC
2,19,77,1,MCC
2,19,78,0.965,MCC
2,19,79,1,MCC
2,19,80,0.305,MCC
2,19,81,1,MCC
2,19,82,1,MCC
2,19,83,0.795,MCC
2,19,84,1,MCC
2,19,85,1,MCC
2,19,86,0.665,MCC
2,19,87,0.995,MCC
2,19,88,0.8,MCC
2,19,89,1,MCC
2,19,90,1,MCC
2,19,91,0.965,MCC
2,19,92,1,MCC
2,19,93,0.875,MCC
2,19,94,0.705,MCC
2,19,95,0.46,MCC
2,19,96,1,MCC
2,19,97,0.475,MCC
2,19,98,1,MCC
2,19,99,1,MCC
2,28,51,1,CS
2,28,52,1,CS
2,28,53,1,CS
2,28,54,1,CS
2,28,55,1,CS
2,28,56,0.85,CS
2,28,57,1,CS
2,28,58,1,CS
2,28,59,1,CS
2,28,60,1,CS
2,28,61,1,CS
2,28,62,0.995,CS
2,28,63,1,CS
2,28,64,0.54,CS
2,28,65,1,CS
2,28,66,1,CS
2,28,67,1,CS
2,28,68,1,CS
2,28,69,1,CS
2,28,70,1,CS
2,28,71,1,CS
2,28,72,0.89,CS
2,28,73,1,CS
2,28,74,1,CS
2,28,75,1,CS
2,28,76,1,CS
2,28,77,1,CS
2,28,78,0.655,CS
2,28,79,0.735,CS
2,28,80,1,CS
2,28,81,0.785,CS
2,28,82,1,CS
2,28,83,1,CS
2,28,84,1,CS
2,28,85,1,CS
2,28,86,1,CS
2,28,87,0.575,CS
2,28,88,1,CS
2,28,89,1,CS
2,28,90,1,CS
2,28,91,1,CS
2,28,92,1,CS
2,28,51,NA,MCC
2,28,52,0.26,MCC
2,28,53,0.575,MCC
2,28,54,1,MCC
2,28,55,1,MCC
2,28,56,1,MCC
2,28,57,1,MCC
2,28,58,1,MCC
2,28,59,1,MCC
2,28,60,0.305,MCC
2,28,61,1,MCC
2,28,62,0.43,MCC
2,28,63,1,MCC
2,28,64,0.405,MCC
2,28,65,1,MCC
2,28,66,1,MCC
2,28,67,0.455,MCC
2,28,68,1,MCC
2,28,69,1,MCC
2,28,70,0.89,MCC
2,28,71,1,MCC
2,28,72,1,MCC
2,28,73,1,MCC
2,28,74,1,MCC
2,28,75,1,MCC
2,28,76,1,MCC
2,28,77,1,MCC
2,28,78,1,MCC
2,28,79,1,MCC
2,28,80,1,MCC
2,28,81,1,MCC
2,28,82,1,MCC
2,28,83,0.445,MCC
2,28,84,0.85,MCC
2,28,85,1,MCC
2,28,86,0.995,MCC
2,28,87,0.295,MCC
2,28,88,1,MCC
2,28,89,0.54,MCC
2,28,90,1,MCC
2,28,91,0.655,MCC
2,28,92,0.735,MCC
2,28,93,1,MCC
2,28,94,1,MCC
2,28,95,0.785,MCC
2,28,96,1,MCC
2,28,97,1,MCC
2,28,98,1,MCC
2,28,99,1,MCC
2,14,51,NA,MCC
2,14,52,0.83,MCC
2,14,53,0.685,MCC
2,14,54,0.31,MCC
2,14,55,1,MCC
2,14,56,0.68,MCC
2,14,57,0.26,MCC
2,14,58,0.985,MCC
2,14,59,1,MCC
2,14,60,0.86,MCC
2,14,61,0.825,MCC
2,14,62,1,MCC
2,14,63,0.765,MCC
2,14,64,1,MCC
2,14,65,1,MCC
2,14,66,1,MCC
2,14,67,1,MCC
2,14,68,0.995,MCC
2,14,69,1,MCC
2,14,70,1,MCC
2,14,71,0.995,MCC
2,14,72,0.96,MCC
2,14,73,1,MCC
2,14,74,1,MCC
2,14,75,1,MCC
2,14,76,0.95,MCC
2,14,77,0.945,MCC
2,14,78,1,MCC
2,14,79,1,MCC
2,14,80,0.985,MCC
2,14,81,0.745,MCC
2,14,82,1,MCC
2,14,83,1,MCC
2,14,84,0.97,MCC
2,14,85,1,MCC
2,14,86,0.425,MCC
2,14,87,1,MCC
2,14,88,0.99,MCC
2,14,89,0.63,MCC
2,14,90,1,MCC
2,14,91,0.725,MCC
2,14,92,1,MCC
2,14,93,1,MCC
2,14,94,1,MCC
2,14,95,1,MCC
2,14,96,1,MCC
2,14,97,1,MCC
2,14,98,1,MCC
2,14,99,1,MCC
17,41,51,1,CS
17,41,52,1,CS
17,41,53,1,CS
17,41,54,1,CS
17,41,55,1,CS
17,41,56,1,CS
17,41,57,0.76,CS
17,41,58,0.745,CS
17,41,59,1,CS
17,41,60,0.74,CS
17,41,51,NA,MCC
17,41,52,0.005,MCC
17,41,53,0.005,MCC
17,41,54,0.005,MCC
17,41,55,0.005,MCC
17,41,56,0.005,MCC
17,41,57,0.005,MCC
17,41,58,0.46,MCC
17,41,59,0.76,MCC
17,41,60,0.005,MCC
17,41,61,0.005,MCC
17,41,62,0.005,MCC
17,41,63,0.155,MCC
17,41,64,0.005,MCC
17,41,65,0.015,MCC
17,41,66,0.74,MCC
17,41,67,0.03,MCC
17,41,68,0.005,MCC
17,41,69,0.005,MCC
17,41,70,0.015,MCC
17,41,71,0.005,MCC
17,41,72,0.025,MCC
17,41,73,1,MCC
17,41,74,1,MCC
17,41,75,0.005,MCC
17,41,76,0.02,MCC
17,41,77,0.745,MCC
17,41,78,0.045,MCC
17,41,79,0.26,MCC
17,41,80,0.005,MCC
17,41,81,0.025,MCC
17,41,82,1,MCC
17,41,83,0.005,MCC
17,41,84,0.025,MCC
17,41,85,1,MCC
17,41,86,1,MCC
17,41,87,1,MCC
17,41,88,0.005,MCC
17,41,89,0.005,MCC
17,41,90,0.005,MCC
17,41,91,0.005,MCC
17,41,92,0.05,MCC
17,41,93,0.025,MCC
17,41,94,0.005,MCC
17,41,95,0.005,MCC
17,41,96,0.025,MCC
17,41,97,0.005,MCC
17,41,98,0.04,MCC
17,41,99,0.03,MCC
2,32,51,1,CS
2,32,52,0.95,CS
2,32,53,0.97,CS
2,32,54,0.655,CS
2,32,55,1,CS
2,32,56,1,CS
2,32,57,1,CS
2,32,58,1,CS
2,32,59,1,CS
2,32,60,1,CS
2,32,61,1,CS
2,32,62,1,CS
2,32,63,1,CS
2,32,64,1,CS
2,32,65,1,CS
2,32,66,1,CS
2,32,67,0.8,CS
2,32,68,1,CS
2,32,69,1,CS
2,32,70,1,CS
2,32,71,1,CS
2,32,72,0.505,CS
2,32,73,1,CS
2,32,74,1,CS
2,32,75,1,CS
2,32,76,1,CS
2,32,77,1,CS
2,32,78,1,CS
2,32,79,0.85,CS
2,32,80,1,CS
2,32,81,0.995,CS
2,32,82,1,CS
2,32,83,1,CS
2,32,84,1,CS
2,32,85,0.76,CS
2,32,86,1,CS
2,32,87,0.92,CS
2,32,88,1,CS
2,32,89,0.99,CS
2,32,90,0.775,CS
2,32,91,0.995,CS
2,32,92,1,CS
2,32,93,1,CS
2,32,94,1,CS
2,32,95,1,CS
2,32,96,1,CS
2,32,97,1,CS
2,1,51,1,CS
2,1,52,0.98,CS
2,1,53,1,CS
2,1,54,0.975,CS
2,1,55,1,CS
2,1,56,1,CS
2,1,57,1,CS
2,1,58,1,CS
2,1,59,0.735,CS
2,1,60,1,CS
2,1,61,1,CS
2,1,62,0.8,CS
2,1,63,1,CS
2,1,64,1,CS
2,1,65,0.915,CS
2,1,66,1,CS
2,1,67,1,CS
2,1,68,0.995,CS
2,1,69,1,CS
2,1,70,1,CS
2,1,71,0.55,CS
2,1,72,1,CS
2,1,73,1,CS
2,1,74,0.95,CS
2,1,75,0.985,CS
2,1,76,1,CS
2,1,77,0.545,CS
2,1,78,0.875,CS
2,1,79,1,CS
2,1,80,1,CS
2,1,81,1,CS
2,1,82,1,CS
2,1,83,1,CS
2,1,84,1,CS
2,1,85,1,CS
2,1,86,1,CS
2,1,87,1,CS
2,1,88,0.515,CS
2,1,89,0.955,CS
2,1,90,0.55,CS
2,1,91,1,CS
2,1,92,0.675,CS
2,1,93,1,CS
2,1,94,1,CS
2,1,95,1,CS
2,1,96,1,CS
2,1,51,NA,MCC
2,1,52,0.225,MCC
2,1,53,0.955,MCC
2,1,54,0.55,MCC
2,1,55,1,MCC
2,1,56,0.675,MCC
2,1,57,0.18,MCC
2,1,58,1,MCC
2,1,59,0.55,MCC
2,1,60,1,MCC
2,1,61,1,MCC
2,1,62,1,MCC
2,1,63,0.515,MCC
2,1,64,1,MCC
2,1,65,1,MCC
2,1,66,0.95,MCC
2,1,67,0.985,MCC
2,1,68,1,MCC
2,1,69,1,MCC
2,1,70,1,MCC
2,1,71,1,MCC
2,1,72,0.545,MCC
2,1,73,0.875,MCC
2,1,74,1,MCC
2,1,75,1,MCC
2,1,76,1,MCC
2,1,77,0.365,MCC
2,1,78,1,MCC
2,1,79,1,MCC
2,1,80,1,MCC
2,1,81,0.98,MCC
2,1,82,1,MCC
2,1,83,0.915,MCC
2,1,84,1,MCC
2,1,85,1,MCC
2,1,86,0.995,MCC
2,1,87,1,MCC
2,1,88,1,MCC
2,1,89,1,MCC
2,1,90,0.8,MCC
2,1,91,1,MCC
2,1,92,0.975,MCC
2,1,93,1,MCC
2,1,94,0.735,MCC
2,1,95,1,MCC
2,1,96,1,MCC
2,1,97,1,MCC
2,1,98,1,MCC
2,1,99,1,MCC
2,32,51,NA,MCC
2,32,52,0.445,MCC
2,32,53,0.95,MCC
2,32,54,0.97,MCC
2,32,55,0.655,MCC
2,32,56,1,MCC
2,32,57,0.44,MCC
2,32,58,1,MCC
2,32,59,1,MCC
2,32,60,1,MCC
2,32,61,1,MCC
2,32,62,1,MCC
2,32,63,1,MCC
2,32,64,1,MCC
2,32,65,1,MCC
2,32,66,1,MCC
2,32,67,1,MCC
2,32,68,1,MCC
2,32,69,1,MCC
2,32,70,1,MCC
2,32,71,0.8,MCC
2,32,72,1,MCC
2,32,73,1,MCC
2,32,74,0.505,MCC
2,32,75,1,MCC
2,32,76,1,MCC
2,32,77,1,MCC
2,32,78,1,MCC
2,32,79,1,MCC
2,32,80,1,MCC
2,32,81,0.85,MCC
2,32,82,1,MCC
2,32,83,0.995,MCC
2,32,84,1,MCC
2,32,85,1,MCC
2,32,86,1,MCC
2,32,87,0.76,MCC
2,32,88,1,MCC
2,32,89,0.92,MCC
2,32,90,1,MCC
2,32,91,0.99,MCC
2,32,92,1,MCC
2,32,93,1,MCC
2,32,94,0.775,MCC
2,32,95,1,MCC
2,32,96,1,MCC
2,32,97,0.995,MCC
2,32,98,1,MCC
2,32,99,1,MCC
2,37,51,1,CS
2,37,52,0.55,CS
2,37,53,0.52,CS
2,37,54,0.695,CS
2,37,55,0.595,CS
2,37,56,0.785,CS
2,37,57,1,CS
2,37,58,0.91,CS
2,37,59,1,CS
2,37,60,0.755,CS
2,37,61,0.895,CS
2,37,62,0.89,CS
2,37,63,1,CS
2,37,64,1,CS
2,37,65,1,CS
2,37,66,1,CS
2,37,67,1,CS
2,37,68,1,CS
2,37,69,1,CS
2,37,70,0.53,CS
2,37,71,1,CS
2,37,72,1,CS
2,37,73,1,CS
2,37,74,1,CS
2,37,75,1,CS
2,37,76,1,CS
2,37,77,1,CS
2,37,78,1,CS
2,37,79,1,CS
2,37,80,0.95,CS
2,37,81,1,CS
2,37,82,0.98,CS
2,37,83,0.695,CS
2,37,84,1,CS
2,37,85,0.575,CS
2,37,86,1,CS
2,37,87,0.99,CS
2,37,88,0.89,CS
2,37,89,1,CS
2,37,90,1,CS
2,37,91,1,CS
2,37,92,0.89,CS
2,37,93,1,CS
2,37,94,1,CS
2,37,95,1,CS
2,37,51,NA,MCC
2,37,52,0.55,MCC
2,37,53,0.315,MCC
2,37,54,0.695,MCC
2,37,55,0.595,MCC
2,37,56,0.245,MCC
2,37,57,1,MCC
2,37,58,0.35,MCC
2,37,59,1,MCC
2,37,60,1,MCC
2,37,61,1,MCC
2,37,62,1,MCC
2,37,63,0.785,MCC
2,37,64,1,MCC
2,37,65,1,MCC
2,37,66,1,MCC
2,37,67,1,MCC
2,37,68,0.32,MCC
2,37,69,1,MCC
2,37,70,1,MCC
2,37,71,0.91,MCC
2,37,72,0.325,MCC
2,37,73,1,MCC
2,37,74,1,MCC
2,37,75,1,MCC
2,37,76,1,MCC
2,37,77,0.755,MCC
2,37,78,0.895,MCC
2,37,79,0.89,MCC
2,37,80,1,MCC
2,37,81,0.5,MCC
2,37,82,1,MCC
2,37,83,1,MCC
2,37,84,0.95,MCC
2,37,85,1,MCC
2,37,86,0.98,MCC
2,37,87,0.695,MCC
2,37,88,1,MCC
2,37,89,0.575,MCC
2,37,90,1,MCC
2,37,91,0.99,MCC
2,37,92,0.89,MCC
2,37,93,1,MCC
2,37,94,1,MCC
2,37,95,1,MCC
2,37,96,0.89,MCC
2,37,97,1,MCC
2,37,98,1,MCC
2,37,99,1,MCC
2,46,51,1,CS
2,46,52,0.995,CS
2,46,53,0.9,CS
2,46,54,0.58,CS
2,46,55,1,CS
2,46,56,0.855,CS
2,46,57,0.58,CS
2,46,58,0.785,CS
2,46,59,1,CS
2,46,60,1,CS
2,46,61,0.935,CS
2,46,62,1,CS
2,46,63,1,CS
2,46,64,1,CS
2,46,65,1,CS
2,46,66,0.68,CS
2,46,67,1,CS
2,46,68,1,CS
2,46,69,1,CS
2,46,70,1,CS
2,46,71,1,CS
2,46,72,1,CS
2,46,73,1,CS
2,46,74,1,CS
2,46,75,1,CS
2,46,76,1,CS
2,46,77,1,CS
2,46,78,0.845,CS
2,46,79,1,CS
2,46,80,0.955,CS
2,46,81,0.99,CS
2,46,82,1,CS
2,46,83,1,CS
2,46,84,1,CS
2,46,85,1,CS
2,46,86,0.995,CS
2,46,87,0.83,CS
2,46,88,0.905,CS
2,46,89,1,CS
2,46,90,1,CS
2,46,91,1,CS
2,46,92,1,CS
2,46,93,1,CS
16,50,51,1,CS
16,50,52,0.55,CS
16,50,53,1,CS
16,50,54,1,CS
16,50,55,1,CS
16,50,56,0.67,CS
16,50,57,1,CS
16,50,58,0.995,CS
16,50,59,0.555,CS
16,50,60,1,CS
16,50,61,1,CS
2,46,51,NA,MCC
2,46,52,0.395,MCC
2,46,53,0.315,MCC
2,46,54,1,MCC
2,46,55,0.845,MCC
2,46,56,1,MCC
2,46,57,1,MCC
2,46,58,1,MCC
2,46,59,1,MCC
2,46,60,0.955,MCC
2,46,61,0.99,MCC
2,46,62,1,MCC
2,46,63,0.995,MCC
2,46,64,0.905,MCC
2,46,65,0.83,MCC
2,46,66,1,MCC
2,46,67,0.495,MCC
2,46,68,1,MCC
2,46,69,1,MCC
2,46,70,1,MCC
2,46,71,1,MCC
2,46,72,0.995,MCC
2,46,73,1,MCC
2,46,74,0.68,MCC
2,46,75,1,MCC
2,46,76,1,MCC
2,46,77,1,MCC
2,46,78,1,MCC
2,46,79,0.47,MCC
2,46,80,0.41,MCC
2,46,81,1,MCC
2,46,82,0.9,MCC
2,46,83,0.58,MCC
2,46,84,1,MCC
2,46,85,0.39,MCC
2,46,86,1,MCC
2,46,87,1,MCC
2,46,88,1,MCC
2,46,89,0.855,MCC
2,46,90,0.3,MCC
2,46,91,1,MCC
2,46,92,0.935,MCC
2,46,93,0.785,MCC
2,46,94,1,MCC
2,46,95,1,MCC
2,46,96,1,MCC
2,46,97,1,MCC
2,46,98,1,MCC
2,46,99,1,MCC
3,19,51,1,CS
3,19,52,0.83,CS
3,19,53,0.985,CS
3,19,54,0.785,CS
3,19,55,0.64,CS
3,19,56,0.72,CS
3,19,57,1,CS
3,19,58,1,CS
3,19,59,1,CS
3,19,60,1,CS
3,19,61,1,CS
3,19,62,1,CS
3,19,63,0.57,CS
3,19,64,1,CS
3,19,65,0.765,CS
3,19,66,1,CS
3,19,67,1,CS
3,19,68,1,CS
3,19,69,0.505,CS
3,19,70,0.68,CS
3,19,71,0.56,CS
3,19,72,1,CS
3,19,73,0.995,CS
3,19,74,1,CS
3,19,75,1,CS
3,19,76,0.69,CS
3,19,77,1,CS
3,19,78,1,CS
3,19,79,1,CS
3,19,80,1,CS
3,19,81,0.98,CS
3,19,82,0.98,CS
3,19,83,0.955,CS
3,19,84,1,CS
3,19,85,0.735,CS
3,19,86,1,CS
3,19,87,0.575,CS
3,19,88,0.825,CS
3,19,89,0.575,CS
3,19,90,1,CS
3,19,91,0.56,CS
3,19,92,1,CS
3,19,93,1,CS
3,23,51,1,CS
3,23,52,0.925,CS
3,23,53,0.845,CS
3,23,54,0.87,CS
3,23,55,0.78,CS
3,23,56,0.62,CS
3,23,57,0.835,CS
3,23,58,0.84,CS
3,23,59,0.51,CS
3,23,60,1,CS
3,23,61,1,CS
3,23,62,1,CS
3,23,63,1,CS
3,23,64,1,CS
3,23,65,0.525,CS
3,23,66,1,CS
3,23,67,1,CS
3,23,68,0.73,CS
3,23,69,1,CS
3,23,70,0.71,CS
3,23,71,1,CS
3,23,72,1,CS
3,23,73,1,CS
3,23,74,1,CS
3,23,75,1,CS
3,23,76,1,CS
3,23,77,0.86,CS
3,23,78,1,CS
3,23,79,0.76,CS
3,23,80,1,CS
3,23,81,1,CS
3,23,82,0.685,CS
3,23,83,1,CS
3,23,84,1,CS
3,23,85,0.975,CS
3,23,86,1,CS
3,23,87,1,CS
3,23,88,0.58,CS
3,23,89,0.99,CS
3,23,90,1,CS
3,23,91,1,CS
3,23,92,1,CS
3,23,93,1,CS
3,23,94,0.99,CS
3,23,95,1,CS
3,19,51,NA,MCC
3,19,52,0.83,MCC
3,19,53,0.68,MCC
3,19,54,0.345,MCC
3,19,55,1,MCC
3,19,56,0.21,MCC
3,19,57,0.225,MCC
3,19,58,0.98,MCC
3,19,59,0.355,MCC
3,19,60,0.38,MCC
3,19,61,0.69,MCC
3,19,62,1,MCC
3,19,63,1,MCC
3,19,64,1,MCC
3,19,65,0.56,MCC
3,19,66,1,MCC
3,19,67,0.995,MCC
3,19,68,1,MCC
3,19,69,1,MCC
3,19,70,0.985,MCC
3,19,71,0.785,MCC
3,19,72,0.64,MCC
3,19,73,0.72,MCC
3,19,74,1,MCC
3,19,75,1,MCC
3,19,76,1,MCC
3,19,77,1,MCC
3,19,78,1,MCC
3,19,79,1,MCC
3,19,80,0.57,MCC
3,19,81,1,MCC
3,19,82,0.765,MCC
3,19,83,1,MCC
3,19,84,1,MCC
3,19,85,0.245,MCC
3,19,86,1,MCC
3,19,87,0.98,MCC
3,19,88,0.435,MCC
3,19,89,0.56,MCC
3,19,90,1,MCC
3,19,91,1,MCC
3,19,92,0.825,MCC
3,19,93,0.3,MCC
3,19,94,1,MCC
3,19,95,0.955,MCC
3,19,96,0.575,MCC
3,19,97,1,MCC
3,19,98,0.735,MCC
3,19,99,1,MCC
3,23,51,NA,MCC
3,23,52,0.925,MCC
3,23,53,0.845,MCC
3,23,54,0.87,MCC
3,23,55,0.78,MCC
3,23,56,0.73,MCC
3,23,57,1,MCC
3,23,58,1,MCC
3,23,59,1,MCC
3,23,60,1,MCC
3,23,61,0.71,MCC
3,23,62,1,MCC
3,23,63,1,MCC
3,23,64,1,MCC
3,23,65,0.62,MCC
3,23,66,0.835,MCC
3,23,67,0.84,MCC
3,23,68,1,MCC
3,23,69,1,MCC
3,23,70,1,MCC
3,23,71,0.51,MCC
3,23,72,0.495,MCC
3,23,73,0.32,MCC
3,23,74,1,MCC
3,23,75,1,MCC
3,23,76,0.525,MCC
3,23,77,1,MCC
3,23,78,1,MCC
3,23,79,0.86,MCC
3,23,80,1,MCC
3,23,81,0.76,MCC
3,23,82,1,MCC
3,23,83,1,MCC
3,23,84,1,MCC
3,23,85,0.685,MCC
3,23,86,1,MCC
3,23,87,1,MCC
3,23,88,0.975,MCC
3,23,89,1,MCC
3,23,90,0.4,MCC
3,23,91,0.58,MCC
3,23,92,0.99,MCC
3,23,93,0.455,MCC
3,23,94,1,MCC
3,23,95,1,MCC
3,23,96,1,MCC
3,23,97,1,MCC
3,23,98,0.99,MCC
3,23,99,1,MCC
16,50,51,NA,MCC
16,50,52,0.005,MCC
16,50,53,0.005,MCC
16,50,54,0.005,MCC
16,50,55,1,MCC
16,50,56,0.01,MCC
16,50,57,0.335,MCC
16,50,58,0.555,MCC
16,50,59,0.255,MCC
16,50,60,0.035,MCC
16,50,61,0.005,MCC
16,50,62,0.005,MCC
16,50,63,0.005,MCC
16,50,64,0.005,MCC
16,50,65,0.005,MCC
16,50,66,0.02,MCC
16,50,67,0.005,MCC
16,50,68,0.035,MCC
16,50,69,0.245,MCC
16,50,70,0.005,MCC
16,50,71,0.005,MCC
16,50,72,0.01,MCC
16,50,73,0.09,MCC
16,50,74,0.995,MCC
16,50,75,1,MCC
16,50,76,0.005,MCC
16,50,77,0.015,MCC
16,50,78,1,MCC
16,50,79,0.11,MCC
16,50,80,0.005,MCC
16,50,81,0.005,MCC
16,50,82,0.005,MCC
16,50,83,0.01,MCC
16,50,84,0.02,MCC
16,50,85,1,MCC
16,50,86,0.005,MCC
16,50,87,0.005,MCC
16,50,88,0.055,MCC
16,50,89,0.005,MCC
16,50,90,0.05,MCC
16,50,91,1,MCC
16,50,92,0.005,MCC
16,50,93,0.08,MCC
16,50,94,0.005,MCC
16,50,95,0.55,MCC
16,50,96,1,MCC
16,50,97,0.005,MCC
16,50,98,0.12,MCC
16,50,99,0.23,MCC
3,14,51,1,CS
3,14,52,0.985,CS
3,14,53,1,CS
3,14,54,0.97,CS
3,14,55,1,CS
3,14,56,0.84,CS
3,14,57,1,CS
3,14,58,1,CS
3,14,59,1,CS
3,14,60,1,CS
3,14,61,1,CS
3,14,62,1,CS
3,14,63,1,CS
3,14,64,1,CS
3,14,65,1,CS
3,14,66,1,CS
3,14,67,0.55,CS
3,14,68,0.81,CS
3,14,69,1,CS
3,14,70,0.75,CS
3,14,71,1,CS
3,14,72,1,CS
3,14,73,1,CS
3,14,74,1,CS
3,14,75,1,CS
3,14,76,0.715,CS
3,14,77,1,CS
3,14,78,1,CS
3,14,79,0.71,CS
3,14,80,0.995,CS
3,14,81,0.655,CS
3,14,82,1,CS
3,14,83,1,CS
3,14,84,1,CS
3,14,85,1,CS
3,14,86,1,CS
3,14,87,0.585,CS
3,14,88,1,CS
3,14,89,1,CS
3,14,51,NA,MCC
3,14,52,0.35,MCC
3,14,53,0.115,MCC
3,14,54,0.71,MCC
3,14,55,0.36,MCC
3,14,56,0.3,MCC
3,14,57,0.995,MCC
3,14,58,0.655,MCC
3,14,59,1,MCC
3,14,60,1,MCC
3,14,61,1,MCC
3,14,62,0.34,MCC
3,14,63,1,MCC
3,14,64,1,MCC
3,14,65,0.55,MCC
3,14,66,0.81,MCC
3,14,67,1,MCC
3,14,68,0.75,MCC
3,14,69,1,MCC
3,14,70,1,MCC
3,14,71,1,MCC
3,14,72,1,MCC
3,14,73,1,MCC
3,14,74,0.715,MCC
3,14,75,1,MCC
3,14,76,1,MCC
3,14,77,0.235,MCC
3,14,78,0.585,MCC
3,14,79,1,MCC
3,14,80,0.355,MCC
3,14,81,1,MCC
3,14,82,0.985,MCC
3,14,83,1,MCC
3,14,84,0.295,MCC
3,14,85,0.385,MCC
3,14,86,1,MCC
3,14,87,1,MCC
3,14,88,0.97,MCC
3,14,89,1,MCC
3,14,90,1,MCC
3,14,91,0.5,MCC
3,14,92,0.84,MCC
3,14,93,1,MCC
3,14,94,1,MCC
3,14,95,1,MCC
3,14,96,1,MCC
3,14,97,1,MCC
3,14,98,1,MCC
3,14,99,1,MCC
3,37,51,1,CS
3,37,52,0.795,CS
3,37,53,0.835,CS
3,37,54,0.86,CS
3,37,55,1,CS
3,37,56,0.87,CS
3,37,57,1,CS
3,37,58,0.965,CS
3,37,59,0.67,CS
3,37,60,0.705,CS
3,37,61,1,CS
3,37,62,1,CS
3,37,63,1,CS
3,37,64,0.96,CS
3,37,65,0.53,CS
3,37,66,1,CS
3,37,67,1,CS
3,37,68,1,CS
3,37,69,0.71,CS
3,37,70,1,CS
3,37,71,1,CS
3,37,72,1,CS
3,37,73,0.995,CS
3,37,74,1,CS
3,37,75,0.93,CS
3,37,76,1,CS
3,37,77,1,CS
3,37,78,0.97,CS
3,37,79,0.865,CS
3,37,80,1,CS
3,37,81,0.54,CS
3,37,82,1,CS
3,37,83,0.895,CS
3,37,84,0.52,CS
3,37,85,1,CS
3,37,86,0.68,CS
3,37,87,0.99,CS
3,37,88,1,CS
3,37,89,0.855,CS
3,37,90,1,CS
3,37,91,0.995,CS
3,37,92,1,CS
3,37,93,1,CS
3,37,94,1,CS
3,37,95,1,CS
3,37,51,NA,MCC
3,37,52,0.315,MCC
3,37,53,0.895,MCC
3,37,54,0.27,MCC
3,37,55,0.52,MCC
3,37,56,1,MCC
3,37,57,0.68,MCC
3,37,58,0.99,MCC
3,37,59,1,MCC
3,37,60,0.855,MCC
3,37,61,1,MCC
3,37,62,0.995,MCC
3,37,63,1,MCC
3,37,64,1,MCC
3,37,65,1,MCC
3,37,66,1,MCC
3,37,67,0.795,MCC
3,37,68,0.375,MCC
3,37,69,0.54,MCC
3,37,70,1,MCC
3,37,71,0.835,MCC
3,37,72,0.86,MCC
3,37,73,1,MCC
3,37,74,1,MCC
3,37,75,1,MCC
3,37,76,1,MCC
3,37,77,0.71,MCC
3,37,78,1,MCC
3,37,79,1,MCC
3,37,80,0.87,MCC
3,37,81,0.705,MCC
3,37,82,1,MCC
3,37,83,1,MCC
3,37,84,1,MCC
3,37,85,1,MCC
3,37,86,0.965,MCC
3,37,87,0.37,MCC
3,37,88,0.67,MCC
3,37,89,0.96,MCC
3,37,90,0.53,MCC
3,37,91,1,MCC
3,37,92,0.995,MCC
3,37,93,1,MCC
3,37,94,0.93,MCC
3,37,95,1,MCC
3,37,96,1,MCC
3,37,97,0.97,MCC
3,37,98,0.865,MCC
3,37,99,1,MCC
2,41,51,1,CS
2,41,52,0.825,CS
2,41,53,0.825,CS
2,41,54,0.575,CS
2,41,55,0.895,CS
2,41,56,0.985,CS
2,41,57,0.92,CS
2,41,58,1,CS
2,41,59,1,CS
2,41,60,1,CS
2,41,61,0.955,CS
2,41,62,0.6,CS
2,41,63,1,CS
2,41,64,0.865,CS
2,41,65,1,CS
2,41,66,1,CS
2,41,67,1,CS
2,41,68,0.625,CS
2,41,69,0.99,CS
2,41,70,0.645,CS
2,41,71,1,CS
2,41,72,1,CS
2,41,73,0.895,CS
2,41,74,0.915,CS
2,41,75,1,CS
2,41,76,1,CS
2,41,77,0.82,CS
2,41,78,0.65,CS
2,41,79,1,CS
2,41,80,1,CS
2,41,81,1,CS
2,41,82,1,CS
2,41,83,1,CS
2,41,84,1,CS
2,41,85,1,CS
2,41,86,1,CS
2,41,87,1,CS
2,41,88,0.665,CS
2,41,89,1,CS
2,41,90,0.935,CS
2,41,91,0.98,CS
2,41,92,1,CS
2,41,93,0.82,CS
2,41,94,0.79,CS
2,41,95,0.92,CS
2,41,96,1,CS
2,41,51,NA,MCC
2,41,52,1,MCC
2,41,53,0.665,MCC
2,41,54,1,MCC
2,41,55,0.79,MCC
2,41,56,0.935,MCC
2,41,57,0.82,MCC
2,41,58,0.98,MCC
2,41,59,1,MCC
2,41,60,0.92,MCC
2,41,61,1,MCC
2,41,62,0.825,MCC
2,41,63,0.825,MCC
2,41,64,1,MCC
2,41,65,0.575,MCC
2,41,66,0.895,MCC
2,41,67,0.985,MCC
2,41,68,0.92,MCC
2,41,69,1,MCC
2,41,70,0.865,MCC
2,41,71,1,MCC
2,41,72,1,MCC
2,41,73,1,MCC
2,41,74,1,MCC
2,41,75,0.955,MCC
2,41,76,0.6,MCC
2,41,77,1,MCC
2,41,78,1,MCC
2,41,79,0.625,MCC
2,41,80,0.99,MCC
2,41,81,0.355,MCC
2,41,82,1,MCC
2,41,83,0.645,MCC
2,41,84,1,MCC
2,41,85,0.895,MCC
2,41,86,0.915,MCC
2,41,87,1,MCC
2,41,88,1,MCC
2,41,89,0.65,MCC
2,41,90,1,MCC
2,41,91,0.82,MCC
2,41,92,1,MCC
2,41,93,0.23,MCC
2,41,94,1,MCC
2,41,95,1,MCC
2,41,96,0.475,MCC
2,41,97,1,MCC
2,41,98,1,MCC
2,41,99,1,MCC
3,28,51,1,CS
3,28,52,0.77,CS
3,28,53,0.865,CS
3,28,54,1,CS
3,28,55,1,CS
3,28,56,1,CS
3,28,57,0.56,CS
3,28,58,1,CS
3,28,59,1,CS
3,28,60,1,CS
3,28,61,1,CS
3,28,62,1,CS
3,28,63,0.885,CS
3,28,64,0.975,CS
3,28,65,0.965,CS
3,28,66,1,CS
3,28,67,0.85,CS
3,28,68,0.885,CS
3,28,69,1,CS
3,28,70,1,CS
3,28,71,1,CS
3,28,72,1,CS
3,28,73,0.695,CS
3,28,74,0.96,CS
3,28,75,0.92,CS
3,28,76,1,CS
3,28,77,1,CS
3,28,78,1,CS
3,28,79,0.86,CS
3,28,80,0.995,CS
3,28,81,1,CS
3,28,82,1,CS
3,28,83,1,CS
3,28,84,1,CS
3,28,85,1,CS
3,28,86,1,CS
3,28,87,0.99,CS
3,28,88,0.99,CS
3,28,89,1,CS
3,28,90,1,CS
3,28,91,1,CS
3,28,92,1,CS
3,1,51,1,CS
3,1,52,0.975,CS
3,1,53,1,CS
3,1,54,0.545,CS
3,1,55,0.78,CS
3,1,56,0.995,CS
3,1,57,0.565,CS
3,1,58,0.975,CS
3,1,59,1,CS
3,1,60,1,CS
3,1,61,1,CS
3,1,62,1,CS
3,1,63,1,CS
3,1,64,1,CS
3,1,65,0.64,CS
3,1,66,0.87,CS
3,1,67,0.905,CS
3,1,68,1,CS
3,1,69,0.77,CS
3,1,70,1,CS
3,1,71,1,CS
3,1,72,0.975,CS
3,1,73,1,CS
3,1,74,1,CS
3,1,75,1,CS
3,1,76,1,CS
3,1,77,0.705,CS
3,1,78,1,CS
3,1,79,1,CS
3,1,80,1,CS
3,1,81,1,CS
3,1,82,1,CS
3,1,83,1,CS
3,1,84,1,CS
3,1,85,1,CS
3,1,86,1,CS
3,1,87,1,CS
3,1,88,0.88,CS
3,1,89,0.88,CS
3,1,90,1,CS
3,1,91,0.585,CS
3,1,92,1,CS
3,28,51,NA,MCC
3,28,52,0.99,MCC
3,28,53,1,MCC
3,28,54,1,MCC
3,28,55,0.99,MCC
3,28,56,1,MCC
3,28,57,1,MCC
3,28,58,0.77,MCC
3,28,59,0.865,MCC
3,28,60,0.26,MCC
3,28,61,0.435,MCC
3,28,62,0.85,MCC
3,28,63,0.435,MCC
3,28,64,1,MCC
3,28,65,0.415,MCC
3,28,66,0.885,MCC
3,28,67,1,MCC
3,28,68,1,MCC
3,28,69,1,MCC
3,28,70,1,MCC
3,28,71,1,MCC
3,28,72,1,MCC
3,28,73,1,MCC
3,28,74,1,MCC
3,28,75,1,MCC
3,28,76,0.455,MCC
3,28,77,0.56,MCC
3,28,78,1,MCC
3,28,79,1,MCC
3,28,80,0.885,MCC
3,28,81,0.295,MCC
3,28,82,0.975,MCC
3,28,83,0.965,MCC
3,28,84,1,MCC
3,28,85,0.695,MCC
3,28,86,1,MCC
3,28,87,0.86,MCC
3,28,88,0.96,MCC
3,28,89,0.92,MCC
3,28,90,1,MCC
3,28,91,1,MCC
3,28,92,0.995,MCC
3,28,93,1,MCC
3,28,94,1,MCC
3,28,95,1,MCC
3,28,96,0.36,MCC
3,28,97,1,MCC
3,28,98,1,MCC
3,28,99,1,MCC
3,32,51,1,CS
3,32,52,0.665,CS
3,32,53,0.645,CS
3,32,54,0.53,CS
3,32,55,0.965,CS
3,32,56,1,CS
3,32,57,1,CS
3,32,58,1,CS
3,32,59,1,CS
3,32,60,1,CS
3,32,61,0.765,CS
3,32,62,1,CS
3,32,63,1,CS
3,32,64,1,CS
3,32,65,0.985,CS
3,32,66,0.8,CS
3,32,67,1,CS
3,32,68,1,CS
3,32,69,1,CS
3,32,70,1,CS
3,32,71,1,CS
3,32,72,0.99,CS
3,32,73,1,CS
3,32,74,1,CS
3,32,75,1,CS
3,32,76,1,CS
3,32,77,1,CS
3,32,78,1,CS
3,32,79,1,CS
3,32,80,0.56,CS
3,32,81,1,CS
3,32,82,0.555,CS
3,32,83,1,CS
3,32,84,0.995,CS
3,32,85,1,CS
3,32,86,0.55,CS
3,32,87,1,CS
3,32,88,1,CS
3,32,89,1,CS
3,32,90,0.66,CS
3,32,91,0.94,CS
3,32,92,0.65,CS
3,32,93,1,CS
3,32,94,1,CS
3,32,95,1,CS
3,1,51,NA,MCC
3,1,52,0.18,MCC
3,1,53,0.355,MCC
3,1,54,1,MCC
3,1,55,1,MCC
3,1,56,0.88,MCC
3,1,57,0.42,MCC
3,1,58,0.975,MCC
3,1,59,1,MCC
3,1,60,0.545,MCC
3,1,61,0.78,MCC
3,1,62,1,MCC
3,1,63,1,MCC
3,1,64,1,MCC
3,1,65,0.995,MCC
3,1,66,0.25,MCC
3,1,67,0.975,MCC
3,1,68,1,MCC
3,1,69,1,MCC
3,1,70,1,MCC
3,1,71,0.37,MCC
3,1,72,0.355,MCC
3,1,73,0.205,MCC
3,1,74,0.64,MCC
3,1,75,1,MCC
3,1,76,0.87,MCC
3,1,77,0.905,MCC
3,1,78,1,MCC
3,1,79,0.77,MCC
3,1,80,1,MCC
3,1,81,1,MCC
3,1,82,0.975,MCC
3,1,83,1,MCC
3,1,84,1,MCC
3,1,85,0.29,MCC
3,1,86,1,MCC
3,1,87,1,MCC
3,1,88,0.705,MCC
3,1,89,1,MCC
3,1,90,1,MCC
3,1,91,1,MCC
3,1,92,1,MCC
3,1,93,1,MCC
3,1,94,0.88,MCC
3,1,95,1,MCC
3,1,96,0.585,MCC
3,1,97,1,MCC
3,1,98,1,MCC
3,1,99,1,MCC
3,32,51,NA,MCC
3,32,52,0.56,MCC
3,32,53,1,MCC
3,32,54,0.555,MCC
3,32,55,0.38,MCC
3,32,56,1,MCC
3,32,57,0.55,MCC
3,32,58,1,MCC
3,32,59,1,MCC
3,32,60,0.275,MCC
3,32,61,0.995,MCC
3,32,62,1,MCC
3,32,63,1,MCC
3,32,64,0.66,MCC
3,32,65,0.94,MCC
3,32,66,0.65,MCC
3,32,67,1,MCC
3,32,68,1,MCC
3,32,69,1,MCC
3,32,70,0.665,MCC
3,32,71,0.645,MCC
3,32,72,0.335,MCC
3,32,73,1,MCC
3,32,74,0.985,MCC
3,32,75,0.8,MCC
3,32,76,1,MCC
3,32,77,1,MCC
3,32,78,1,MCC
3,32,79,1,MCC
3,32,80,1,MCC
3,32,81,0.99,MCC
3,32,82,1,MCC
3,32,83,1,MCC
3,32,84,1,MCC
3,32,85,0.325,MCC
3,32,86,1,MCC
3,32,87,1,MCC
3,32,88,0.53,MCC
3,32,89,0.965,MCC
3,32,90,0.765,MCC
3,32,91,1,MCC
3,32,92,1,MCC
3,32,93,1,MCC
3,32,94,1,MCC
3,32,95,1,MCC
3,32,96,1,MCC
3,32,97,1,MCC
3,32,98,1,MCC
3,32,99,1,MCC
3,41,51,1,CS
3,41,52,0.81,CS
3,41,53,0.885,CS
3,41,54,0.7,CS
3,41,55,0.99,CS
3,41,56,0.68,CS
3,41,57,0.535,CS
3,41,58,0.74,CS
3,41,59,1,CS
3,41,60,1,CS
3,41,61,1,CS
3,41,62,1,CS
3,41,63,1,CS
3,41,64,1,CS
3,41,65,0.86,CS
3,41,66,0.9,CS
3,41,67,0.805,CS
3,41,68,0.55,CS
3,41,69,1,CS
3,41,70,1,CS
3,41,71,1,CS
3,41,72,1,CS
3,41,73,1,CS
3,41,74,0.895,CS
3,41,75,1,CS
3,41,76,1,CS
3,41,77,1,CS
3,41,78,0.995,CS
3,41,79,1,CS
3,41,80,0.85,CS
3,41,81,1,CS
3,41,82,0.915,CS
3,41,83,1,CS
3,41,84,1,CS
3,41,85,1,CS
3,41,86,0.865,CS
3,41,87,1,CS
3,41,88,0.92,CS
3,41,89,0.97,CS
3,41,90,0.655,CS
3,41,91,0.66,CS
3,41,92,0.595,CS
3,41,93,0.99,CS
3,41,94,1,CS
3,41,51,NA,MCC
3,41,52,0.81,MCC
3,41,53,0.175,MCC
3,41,54,0.36,MCC
3,41,55,0.995,MCC
3,41,56,1,MCC
3,41,57,1,MCC
3,41,58,0.85,MCC
3,41,59,1,MCC
3,41,60,0.915,MCC
3,41,61,0.885,MCC
3,41,62,0.7,MCC
3,41,63,1,MCC
3,41,64,0.99,MCC
3,41,65,0.68,MCC
3,41,66,0.535,MCC
3,41,67,0.74,MCC
3,41,68,1,MCC
3,41,69,1,MCC
3,41,70,1,MCC
3,41,71,0.46,MCC
3,41,72,1,MCC
3,41,73,1,MCC
3,41,74,0.86,MCC
3,41,75,0.9,MCC
3,41,76,0.805,MCC
3,41,77,0.55,MCC
3,41,78,1,MCC
3,41,79,1,MCC
3,41,80,0.465,MCC
3,41,81,1,MCC
3,41,82,1,MCC
3,41,83,1,MCC
3,41,84,1,MCC
3,41,85,0.895,MCC
3,41,86,1,MCC
3,41,87,1,MCC
3,41,88,1,MCC
3,41,89,0.375,MCC
3,41,90,1,MCC
3,41,91,0.865,MCC
3,41,92,1,MCC
3,41,93,0.92,MCC
3,41,94,0.655,MCC
3,41,95,0.97,MCC
3,41,96,0.66,MCC
3,41,97,0.595,MCC
3,41,98,0.99,MCC
3,41,99,1,MCC
4,19,51,1,CS
4,19,52,0.975,CS
4,19,53,0.925,CS
4,19,54,1,CS
4,19,55,1,CS
4,19,56,1,CS
4,19,57,0.785,CS
4,19,58,0.865,CS
4,19,59,1,CS
4,19,60,1,CS
4,19,61,1,CS
4,19,62,1,CS
4,19,63,1,CS
4,19,64,0.945,CS
4,19,65,1,CS
4,19,66,1,CS
4,19,67,1,CS
4,19,68,0.865,CS
4,19,69,1,CS
4,19,70,0.915,CS
4,19,71,1,CS
4,19,72,1,CS
4,19,73,1,CS
4,19,74,1,CS
4,19,75,1,CS
4,19,76,0.675,CS
4,19,77,1,CS
4,19,78,1,CS
4,19,79,0.87,CS
4,19,80,1,CS
4,19,51,NA,MCC
4,19,52,0.035,MCC
4,19,53,0.04,MCC
4,19,54,1,MCC
4,19,55,0.675,MCC
4,19,56,0.945,MCC
4,19,57,1,MCC
4,19,58,0.46,MCC
4,19,59,1,MCC
4,19,60,0.355,MCC
4,19,61,0.305,MCC
4,19,62,0.05,MCC
4,19,63,0.04,MCC
4,19,64,0.125,MCC
4,19,65,1,MCC
4,19,66,0.87,MCC
4,19,67,1,MCC
4,19,68,0.235,MCC
4,19,69,1,MCC
4,19,70,1,MCC
4,19,71,0.915,MCC
4,19,72,1,MCC
4,19,73,0.07,MCC
4,19,74,1,MCC
4,19,75,0.46,MCC
4,19,76,0.865,MCC
4,19,77,0.335,MCC
4,19,78,0.065,MCC
4,19,79,0.17,MCC
4,19,80,0.865,MCC
4,19,81,1,MCC
4,19,82,1,MCC
4,19,83,1,MCC
4,19,84,1,MCC
4,19,85,1,MCC
4,19,86,0.455,MCC
4,19,87,0.975,MCC
4,19,88,0.925,MCC
4,19,89,1,MCC
4,19,90,1,MCC
4,19,91,0.785,MCC
4,19,92,1,MCC
4,19,93,0.225,MCC
4,19,94,0.25,MCC
4,19,95,0.32,MCC
4,19,96,1,MCC
4,19,97,1,MCC
4,19,98,1,MCC
4,19,99,0.24,MCC
17,50,51,1,CS
17,50,52,0.535,CS
17,50,53,0.9,CS
17,50,54,0.695,CS
17,50,55,1,CS
17,50,56,1,CS
17,50,57,0.565,CS
17,50,58,0.955,CS
17,50,59,1,CS
17,50,60,1,CS
17,50,61,1,CS
17,50,51,NA,MCC
17,50,52,0.005,MCC
17,50,53,0.005,MCC
17,50,54,0.005,MCC
17,50,55,0.025,MCC
17,50,56,1,MCC
17,50,57,0.42,MCC
17,50,58,0.31,MCC
17,50,59,0.03,MCC
17,50,60,1,MCC
17,50,61,0.435,MCC
17,50,62,0.205,MCC
17,50,63,0.005,MCC
17,50,64,0.005,MCC
17,50,65,0.005,MCC
17,50,66,0.005,MCC
17,50,67,0.005,MCC
17,50,68,0.005,MCC
17,50,69,0.01,MCC
17,50,70,0.115,MCC
17,50,71,0.005,MCC
17,50,72,0.02,MCC
17,50,73,0.005,MCC
17,50,74,0.155,MCC
17,50,75,0.565,MCC
17,50,76,0.005,MCC
17,50,77,0.035,MCC
17,50,78,0.1,MCC
17,50,79,0.455,MCC
17,50,80,0.005,MCC
17,50,81,0.005,MCC
17,50,82,0.005,MCC
17,50,83,0.025,MCC
17,50,84,1,MCC
17,50,85,0.955,MCC
17,50,86,0.005,MCC
17,50,87,0.005,MCC
17,50,88,0.005,MCC
17,50,89,0.025,MCC
17,50,90,0.695,MCC
17,50,91,1,MCC
17,50,92,0.01,MCC
17,50,93,0.23,MCC
17,50,94,1,MCC
17,50,95,0.005,MCC
17,50,96,0.005,MCC
17,50,97,0.005,MCC
17,50,98,0.025,MCC
17,50,99,0.9,MCC
3,46,51,1,CS
3,46,52,0.985,CS
3,46,53,0.995,CS
3,46,54,0.555,CS
3,46,55,0.99,CS
3,46,56,1,CS
3,46,57,0.72,CS
3,46,58,0.985,CS
3,46,59,0.535,CS
3,46,60,1,CS
3,46,61,1,CS
3,46,62,1,CS
3,46,63,1,CS
3,46,64,1,CS
3,46,65,1,CS
3,46,66,1,CS
3,46,67,1,CS
3,46,68,1,CS
3,46,69,1,CS
3,46,70,1,CS
3,46,71,1,CS
3,46,72,1,CS
3,46,73,0.99,CS
3,46,74,1,CS
3,46,75,0.73,CS
3,46,76,0.93,CS
3,46,77,1,CS
3,46,78,1,CS
3,46,79,1,CS
3,46,80,1,CS
3,46,81,1,CS
3,46,82,0.805,CS
3,46,83,1,CS
3,46,84,0.55,CS
3,46,85,1,CS
3,46,86,1,CS
3,46,87,0.995,CS
3,46,88,1,CS
3,46,51,NA,MCC
3,46,52,NA,MCC
3,46,53,0.475,MCC
3,46,54,1,MCC
3,46,55,0.22,MCC
3,46,56,0.995,MCC
3,46,57,1,MCC
3,46,58,1,MCC
3,46,59,1,MCC
3,46,60,1,MCC
3,46,61,0.29,MCC
3,46,62,0.805,MCC
3,46,63,0.405,MCC
3,46,64,0.395,MCC
3,46,65,0.73,MCC
3,46,66,0.93,MCC
3,46,67,1,MCC
3,46,68,1,MCC
3,46,69,1,MCC
3,46,70,1,MCC
3,46,71,1,MCC
3,46,72,0.985,MCC
3,46,73,1,MCC
3,46,74,1,MCC
3,46,75,1,MCC
3,46,76,1,MCC
3,46,77,1,MCC
3,46,78,0.175,MCC
3,46,79,1,MCC
3,46,80,0.16,MCC
3,46,81,0.465,MCC
3,46,82,0.25,MCC
3,46,83,0.465,MCC
3,46,84,0.99,MCC
3,46,85,0.995,MCC
3,46,86,0.555,MCC
3,46,87,0.985,MCC
3,46,88,0.535,MCC
3,46,89,0.99,MCC
3,46,90,0.72,MCC
3,46,91,1,MCC
3,46,92,1,MCC
3,46,93,1,MCC
3,46,94,0.48,MCC
3,46,95,1,MCC
3,46,96,1,MCC
3,46,97,1,MCC
3,46,98,1,MCC
3,46,99,1,MCC
4,14,51,1,CS
4,14,52,0.975,CS
4,14,53,0.995,CS
4,14,54,0.925,CS
4,14,55,0.94,CS
4,14,56,0.965,CS
4,14,57,0.965,CS
4,14,58,1,CS
4,14,59,1,CS
4,14,60,1,CS
4,14,61,1,CS
4,14,62,1,CS
4,14,63,1,CS
4,14,64,0.6,CS
4,14,65,0.96,CS
4,14,66,1,CS
4,14,67,1,CS
4,14,68,1,CS
4,14,69,0.535,CS
4,14,70,1,CS
4,14,71,0.84,CS
4,14,72,0.91,CS
4,14,73,1,CS
4,14,74,1,CS
4,14,75,1,CS
4,14,76,1,CS
4,14,77,0.95,CS
4,14,78,1,CS
4,14,79,1,CS
4,14,80,0.66,CS
4,14,81,0.945,CS
4,14,82,1,CS
4,14,83,0.93,CS
4,14,84,0.65,CS
4,14,85,1,CS
4,14,86,1,CS
4,14,87,1,CS
4,14,88,1,CS
4,1,51,1,CS
4,1,52,0.99,CS
4,1,53,1,CS
4,1,54,0.775,CS
4,1,55,0.735,CS
4,1,56,0.93,CS
4,1,57,0.635,CS
4,1,58,0.985,CS
4,1,59,1,CS
4,1,60,1,CS
4,1,61,1,CS
4,1,62,1,CS
4,1,63,1,CS
4,1,64,0.61,CS
4,1,65,0.88,CS
4,1,66,1,CS
4,1,67,0.99,CS
4,1,68,1,CS
4,1,69,1,CS
4,1,70,0.925,CS
4,1,71,1,CS
4,1,72,1,CS
4,1,73,1,CS
4,1,74,0.995,CS
4,1,75,1,CS
4,1,76,1,CS
4,1,77,0.505,CS
4,1,78,1,CS
4,1,79,1,CS
4,1,80,0.91,CS
4,1,81,1,CS
4,1,82,1,CS
4,1,83,0.965,CS
4,1,84,1,CS
4,1,85,1,CS
4,1,86,1,CS
4,1,87,1,CS
4,1,88,1,CS
4,23,51,1,CS
4,23,52,0.53,CS
4,23,53,0.99,CS
4,23,54,0.625,CS
4,23,55,1,CS
4,23,56,0.835,CS
4,23,57,1,CS
4,23,58,1,CS
4,23,59,1,CS
4,23,60,1,CS
4,23,61,1,CS
4,23,62,0.99,CS
4,23,63,0.61,CS
4,23,64,1,CS
4,23,65,0.94,CS
4,23,66,1,CS
4,23,67,1,CS
4,23,68,0.98,CS
4,23,69,0.57,CS
4,23,70,0.66,CS
4,23,71,1,CS
4,23,72,1,CS
4,23,73,1,CS
4,23,74,1,CS
4,23,75,1,CS
4,23,76,1,CS
4,23,77,1,CS
4,23,78,0.99,CS
4,23,79,0.78,CS
4,23,80,0.995,CS
4,23,81,0.755,CS
4,23,82,1,CS
4,23,83,1,CS
4,23,84,1,CS
4,23,85,1,CS
4,23,86,1,CS
4,23,87,1,CS
4,1,51,NA,MCC
4,1,52,0.125,MCC
4,1,53,0.055,MCC
4,1,54,0.22,MCC
4,1,55,0.4,MCC
4,1,56,0.88,MCC
4,1,57,1,MCC
4,1,58,1,MCC
4,1,59,0.99,MCC
4,1,60,1,MCC
4,1,61,1,MCC
4,1,62,0.925,MCC
4,1,63,1,MCC
4,1,64,1,MCC
4,1,65,0.995,MCC
4,1,66,1,MCC
4,1,67,1,MCC
4,1,68,0.505,MCC
4,1,69,1,MCC
4,1,70,1,MCC
4,1,71,0.04,MCC
4,1,72,0.99,MCC
4,1,73,1,MCC
4,1,74,0.295,MCC
4,1,75,0.775,MCC
4,1,76,0.735,MCC
4,1,77,0.93,MCC
4,1,78,0.635,MCC
4,1,79,0.985,MCC
4,1,80,1,MCC
4,1,81,1,MCC
4,1,82,1,MCC
4,1,83,1,MCC
4,1,84,1,MCC
4,1,85,0.105,MCC
4,1,86,0.965,MCC
4,1,87,1,MCC
4,1,88,1,MCC
4,1,89,0.09,MCC
4,1,90,0.135,MCC
4,1,91,1,MCC
4,1,92,0.49,MCC
4,1,93,0.91,MCC
4,1,94,1,MCC
4,1,95,1,MCC
4,1,96,0.46,MCC
4,1,97,0.48,MCC
4,1,98,1,MCC
4,1,99,1,MCC
4,23,51,NA,MCC
4,23,52,0.385,MCC
4,23,53,0.78,MCC
4,23,54,0.35,MCC
4,23,55,0.295,MCC
4,23,56,1,MCC
4,23,57,1,MCC
4,23,58,1,MCC
4,23,59,0.995,MCC
4,23,60,0.755,MCC
4,23,61,1,MCC
4,23,62,1,MCC
4,23,63,1,MCC
4,23,64,0.53,MCC
4,23,65,1,MCC
4,23,66,0.99,MCC
4,23,67,1,MCC
4,23,68,0.245,MCC
4,23,69,0.175,MCC
4,23,70,1,MCC
4,23,71,1,MCC
4,23,72,0.475,MCC
4,23,73,0.99,MCC
4,23,74,0.075,MCC
4,23,75,0.365,MCC
4,23,76,1,MCC
4,23,77,1,MCC
4,23,78,0.94,MCC
4,23,79,1,MCC
4,23,80,1,MCC
4,23,81,0.98,MCC
4,23,82,0.625,MCC
4,23,83,0.21,MCC
4,23,84,1,MCC
4,23,85,1,MCC
4,23,86,1,MCC
4,23,87,0.275,MCC
4,23,88,0.26,MCC
4,23,89,1,MCC
4,23,90,0.99,MCC
4,23,91,0.12,MCC
4,23,92,0.61,MCC
4,23,93,1,MCC
4,23,94,0.835,MCC
4,23,95,1,MCC
4,23,96,0.57,MCC
4,23,97,0.66,MCC
4,23,98,1,MCC
4,23,99,1,MCC
4,28,51,1,CS
4,28,52,0.69,CS
4,28,53,0.99,CS
4,28,54,1,CS
4,28,55,1,CS
4,28,56,0.64,CS
4,28,57,1,CS
4,28,58,1,CS
4,28,59,1,CS
4,28,60,1,CS
4,28,61,1,CS
4,28,62,0.805,CS
4,28,63,0.92,CS
4,28,64,0.955,CS
4,28,65,0.685,CS
4,28,66,1,CS
4,28,67,0.715,CS
4,28,68,0.655,CS
4,28,69,0.815,CS
4,28,70,1,CS
4,28,71,1,CS
4,28,72,1,CS
4,28,73,0.615,CS
4,28,74,1,CS
4,28,75,0.76,CS
4,28,76,1,CS
4,28,77,1,CS
4,28,78,1,CS
4,28,79,1,CS
4,28,80,0.57,CS
4,28,81,1,CS
4,28,82,1,CS
4,28,83,1,CS
4,28,84,0.705,CS
4,28,85,0.885,CS
4,28,86,1,CS
4,28,87,1,CS
4,28,88,1,CS
4,28,89,1,CS
4,28,90,1,CS
4,28,91,1,CS
4,28,51,NA,MCC
4,28,52,1,MCC
4,28,53,1,MCC
4,28,54,0.465,MCC
4,28,55,1,MCC
4,28,56,1,MCC
4,28,57,0.25,MCC
4,28,58,0.38,MCC
4,28,59,1,MCC
4,28,60,0.57,MCC
4,28,61,1,MCC
4,28,62,1,MCC
4,28,63,1,MCC
4,28,64,0.705,MCC
4,28,65,0.09,MCC
4,28,66,1,MCC
4,28,67,1,MCC
4,28,68,0.69,MCC
4,28,69,0.715,MCC
4,28,70,0.655,MCC
4,28,71,0.815,MCC
4,28,72,1,MCC
4,28,73,1,MCC
4,28,74,1,MCC
4,28,75,0.615,MCC
4,28,76,0.24,MCC
4,28,77,1,MCC
4,28,78,1,MCC
4,28,79,0.13,MCC
4,28,80,0.99,MCC
4,28,81,1,MCC
4,28,82,1,MCC
4,28,83,1,MCC
4,28,84,1,MCC
4,28,85,1,MCC
4,28,86,0.47,MCC
4,28,87,0.64,MCC
4,28,88,1,MCC
4,28,89,1,MCC
4,28,90,0.805,MCC
4,28,91,0.92,MCC
4,28,92,0.955,MCC
4,28,93,0.685,MCC
4,28,94,1,MCC
4,28,95,0.15,MCC
4,28,96,0.335,MCC
4,28,97,1,MCC
4,28,98,1,MCC
4,28,99,0.76,MCC
4,14,51,NA,MCC
4,14,52,0.1,MCC
4,14,53,0.535,MCC
4,14,54,0.95,MCC
4,14,55,1,MCC
4,14,56,1,MCC
4,14,57,1,MCC
4,14,58,0.84,MCC
4,14,59,0.91,MCC
4,14,60,1,MCC
4,14,61,1,MCC
4,14,62,1,MCC
4,14,63,1,MCC
4,14,64,1,MCC
4,14,65,0.105,MCC
4,14,66,0.095,MCC
4,14,67,0.03,MCC
4,14,68,0.285,MCC
4,14,69,0.35,MCC
4,14,70,0.66,MCC
4,14,71,0.315,MCC
4,14,72,0.945,MCC
4,14,73,1,MCC
4,14,74,0.93,MCC
4,14,75,0.13,MCC
4,14,76,0.095,MCC
4,14,77,0.65,MCC
4,14,78,1,MCC
4,14,79,1,MCC
4,14,80,0.34,MCC
4,14,81,1,MCC
4,14,82,0.455,MCC
4,14,83,0.975,MCC
4,14,84,0.6,MCC
4,14,85,0.96,MCC
4,14,86,1,MCC
4,14,87,1,MCC
4,14,88,1,MCC
4,14,89,0.995,MCC
4,14,90,0.925,MCC
4,14,91,0.94,MCC
4,14,92,1,MCC
4,14,93,1,MCC
4,14,94,1,MCC
4,14,95,0.965,MCC
4,14,96,0.965,MCC
4,14,97,1,MCC
4,14,98,1,MCC
4,14,99,1,MCC
4,37,51,1,CS
4,37,52,0.625,CS
4,37,53,0.62,CS
4,37,54,0.77,CS
4,37,55,0.98,CS
4,37,56,0.885,CS
4,37,57,0.995,CS
4,37,58,0.945,CS
4,37,59,1,CS
4,37,60,1,CS
4,37,61,1,CS
4,37,62,0.995,CS
4,37,63,0.97,CS
4,37,64,1,CS
4,37,65,0.87,CS
4,37,66,1,CS
4,37,67,0.715,CS
4,37,68,1,CS
4,37,69,1,CS
4,37,70,1,CS
4,37,71,1,CS
4,37,72,0.795,CS
4,37,73,1,CS
4,37,74,0.91,CS
4,37,75,1,CS
4,37,76,1,CS
4,37,77,0.845,CS
4,37,78,1,CS
4,37,79,1,CS
4,37,80,1,CS
4,37,81,1,CS
4,37,82,1,CS
4,37,83,1,CS
4,37,84,0.99,CS
4,37,85,1,CS
4,37,86,1,CS
4,37,87,1,CS
4,37,88,1,CS
4,37,51,NA,MCC
4,37,52,NA,MCC
4,37,53,0.02,MCC
4,37,54,0.065,MCC
4,37,55,0.135,MCC
4,37,56,0.125,MCC
4,37,57,0.115,MCC
4,37,58,0.625,MCC
4,37,59,0.62,MCC
4,37,60,0.375,MCC
4,37,61,0.77,MCC
4,37,62,0.98,MCC
4,37,63,0.885,MCC
4,37,64,0.995,MCC
4,37,65,0.945,MCC
4,37,66,1,MCC
4,37,67,1,MCC
4,37,68,1,MCC
4,37,69,0.995,MCC
4,37,70,0.97,MCC
4,37,71,1,MCC
4,37,72,0.87,MCC
4,37,73,1,MCC
4,37,74,1,MCC
4,37,75,1,MCC
4,37,76,0.715,MCC
4,37,77,1,MCC
4,37,78,1,MCC
4,37,79,0.06,MCC
4,37,80,0.115,MCC
4,37,81,0.34,MCC
4,37,82,1,MCC
4,37,83,1,MCC
4,37,84,1,MCC
4,37,85,1,MCC
4,37,86,1,MCC
4,37,87,1,MCC
4,37,88,0.4,MCC
4,37,89,0.99,MCC
4,37,90,1,MCC
4,37,91,1,MCC
4,37,92,0.795,MCC
4,37,93,1,MCC
4,37,94,0.91,MCC
4,37,95,1,MCC
4,37,96,1,MCC
4,37,97,1,MCC
4,37,98,0.105,MCC
4,37,99,1,MCC
4,32,51,1,CS
4,32,52,0.995,CS
4,32,53,0.785,CS
4,32,54,1,CS
4,32,55,1,CS
4,32,56,0.765,CS
4,32,57,0.85,CS
4,32,58,1,CS
4,32,59,1,CS
4,32,60,0.51,CS
4,32,61,1,CS
4,32,62,0.925,CS
4,32,63,0.995,CS
4,32,64,1,CS
4,32,65,1,CS
4,32,66,1,CS
4,32,67,1,CS
4,32,68,1,CS
4,32,69,1,CS
4,32,70,1,CS
4,32,71,0.93,CS
4,32,72,0.51,CS
4,32,73,1,CS
4,32,74,1,CS
4,32,75,1,CS
4,32,76,1,CS
4,32,77,1,CS
4,32,78,1,CS
4,32,79,0.995,CS
4,32,80,1,CS
4,32,81,1,CS
4,32,82,0.555,CS
4,32,83,1,CS
4,32,84,1,CS
4,32,85,0.745,CS
4,32,86,1,CS
4,32,87,1,CS
4,32,88,1,CS
4,32,89,1,CS
4,32,90,1,CS
4,32,91,1,CS
4,32,51,NA,MCC
4,32,52,0.285,MCC
4,32,53,0.745,MCC
4,32,54,0.415,MCC
4,32,55,1,MCC
4,32,56,1,MCC
4,32,57,1,MCC
4,32,58,1,MCC
4,32,59,0.34,MCC
4,32,60,0.325,MCC
4,32,61,0.195,MCC
4,32,62,0.265,MCC
4,32,63,0.925,MCC
4,32,64,1,MCC
4,32,65,0.46,MCC
4,32,66,0.995,MCC
4,32,67,1,MCC
4,32,68,1,MCC
4,32,69,1,MCC
4,32,70,1,MCC
4,32,71,1,MCC
4,32,72,1,MCC
4,32,73,1,MCC
4,32,74,0.995,MCC
4,32,75,1,MCC
4,32,76,1,MCC
4,32,77,0.28,MCC
4,32,78,1,MCC
4,32,79,1,MCC
4,32,80,0.93,MCC
4,32,81,0.51,MCC
4,32,82,1,MCC
4,32,83,1,MCC
4,32,84,1,MCC
4,32,85,1,MCC
4,32,86,1,MCC
4,32,87,0.995,MCC
4,32,88,1,MCC
4,32,89,0.51,MCC
4,32,90,1,MCC
4,32,91,0.785,MCC
4,32,92,1,MCC
4,32,93,0.37,MCC
4,32,94,1,MCC
4,32,95,0.765,MCC
4,32,96,0.85,MCC
4,32,97,1,MCC
4,32,98,1,MCC
4,32,99,1,MCC
4,46,51,1,CS
4,46,52,1,CS
4,46,53,1,CS
4,46,54,0.705,CS
4,46,55,0.99,CS
4,46,56,1,CS
4,46,57,1,CS
4,46,58,1,CS
4,46,59,1,CS
4,46,60,0.545,CS
4,46,61,0.82,CS
4,46,62,1,CS
4,46,63,1,CS
4,46,64,0.735,CS
4,46,65,0.84,CS
4,46,66,0.985,CS
4,46,67,0.655,CS
4,46,68,0.595,CS
4,46,69,0.61,CS
4,46,70,1,CS
4,46,71,1,CS
4,46,72,1,CS
4,46,73,0.96,CS
4,46,74,0.575,CS
4,46,75,0.915,CS
4,46,76,1,CS
4,46,77,1,CS
4,46,78,1,CS
4,46,79,1,CS
4,46,80,1,CS
4,46,81,1,CS
4,46,82,1,CS
4,46,83,1,CS
4,46,84,1,CS
4,46,85,1,CS
4,46,86,0.835,CS
4,46,51,NA,MCC
4,46,52,0.41,MCC
4,46,53,0.215,MCC
4,46,54,0.285,MCC
4,46,55,0.345,MCC
4,46,56,0.49,MCC
4,46,57,1,MCC
4,46,58,0.82,MCC
4,46,59,1,MCC
4,46,60,1,MCC
4,46,61,0.41,MCC
4,46,62,0.24,MCC
4,46,63,0.44,MCC
4,46,64,0.985,MCC
4,46,65,0.735,MCC
4,46,66,0.84,MCC
4,46,67,1,MCC
4,46,68,1,MCC
4,46,69,1,MCC
4,46,70,1,MCC
4,46,71,1,MCC
4,46,72,0.575,MCC
4,46,73,0.06,MCC
4,46,74,1,MCC
4,46,75,1,MCC
4,46,76,1,MCC
4,46,77,1,MCC
4,46,78,0.255,MCC
4,46,79,0.3,MCC
4,46,80,0.835,MCC
4,46,81,1,MCC
4,46,82,0.235,MCC
4,46,83,0.44,MCC
4,46,84,1,MCC
4,46,85,0.705,MCC
4,46,86,0.99,MCC
4,46,87,1,MCC
4,46,88,0.37,MCC
4,46,89,1,MCC
4,46,90,1,MCC
4,46,91,1,MCC
4,46,92,0.545,MCC
4,46,93,0.655,MCC
4,46,94,0.595,MCC
4,46,95,0.24,MCC
4,46,96,1,MCC
4,46,97,1,MCC
4,46,98,1,MCC
4,46,99,0.96,MCC
5,23,51,1,CS
5,23,52,0.815,CS
5,23,53,0.87,CS
5,23,54,0.94,CS
5,23,55,0.735,CS
5,23,56,0.79,CS
5,23,57,1,CS
5,23,58,0.68,CS
5,23,59,1,CS
5,23,60,0.68,CS
5,23,61,1,CS
5,23,62,0.75,CS
5,23,63,0.54,CS
5,23,64,0.785,CS
5,23,65,0.985,CS
5,23,66,1,CS
5,23,67,0.805,CS
5,23,68,1,CS
5,23,69,1,CS
5,23,70,1,CS
5,23,71,1,CS
5,23,72,1,CS
5,23,73,0.725,CS
5,23,74,0.985,CS
5,23,75,1,CS
5,23,76,1,CS
5,23,77,1,CS
5,23,78,1,CS
5,23,79,1,CS
5,23,80,0.7,CS
5,23,81,0.645,CS
5,23,82,1,CS
5,23,83,1,CS
5,23,84,1,CS
5,23,85,1,CS
5,23,86,1,CS
5,23,51,NA,MCC
5,23,52,NA,MCC
5,23,53,0.25,MCC
5,23,54,1,MCC
5,23,55,0.485,MCC
5,23,56,1,MCC
5,23,57,0.7,MCC
5,23,58,0.48,MCC
5,23,59,0.645,MCC
5,23,60,1,MCC
5,23,61,1,MCC
5,23,62,1,MCC
5,23,63,0.815,MCC
5,23,64,0.87,MCC
5,23,65,0.94,MCC
5,23,66,0.145,MCC
5,23,67,0.11,MCC
5,23,68,0.735,MCC
5,23,69,0.79,MCC
5,23,70,0.68,MCC
5,23,71,1,MCC
5,23,72,1,MCC
5,23,73,1,MCC
5,23,74,0.68,MCC
5,23,75,0.75,MCC
5,23,76,0.045,MCC
5,23,77,0.155,MCC
5,23,78,1,MCC
5,23,79,1,MCC
5,23,80,0.03,MCC
5,23,81,1,MCC
5,23,82,0.805,MCC
5,23,83,1,MCC
5,23,84,1,MCC
5,23,85,0.54,MCC
5,23,86,0.785,MCC
5,23,87,0.985,MCC
5,23,88,1,MCC
5,23,89,0.34,MCC
5,23,90,0.725,MCC
5,23,91,0.985,MCC
5,23,92,0.415,MCC
5,23,93,1,MCC
5,23,94,1,MCC
5,23,95,1,MCC
5,23,96,0.37,MCC
5,23,97,1,MCC
5,23,98,0.445,MCC
5,23,99,1,MCC
5,28,51,1,CS
5,28,52,0.995,CS
5,28,53,1,CS
5,28,54,1,CS
5,28,55,0.605,CS
5,28,56,1,CS
5,28,57,1,CS
5,28,58,1,CS
5,28,59,1,CS
5,28,60,1,CS
5,28,61,0.845,CS
5,28,62,0.74,CS
5,28,63,1,CS
5,28,64,0.615,CS
5,28,65,1,CS
5,28,66,0.67,CS
5,28,67,1,CS
5,28,68,1,CS
5,28,69,1,CS
5,28,70,1,CS
5,28,71,0.77,CS
5,28,72,1,CS
5,28,73,1,CS
5,28,74,1,CS
5,28,75,1,CS
5,28,76,0.975,CS
5,28,77,1,CS
5,28,78,1,CS
5,28,79,1,CS
5,28,80,1,CS
5,28,81,1,CS
5,28,82,1,CS
5,28,83,1,CS
5,28,84,0.86,CS
5,28,85,0.89,CS
5,28,86,0.515,CS
5,28,51,NA,MCC
5,28,52,1,MCC
5,28,53,1,MCC
5,28,54,1,MCC
5,28,55,0.095,MCC
5,28,56,0.065,MCC
5,28,57,0.14,MCC
5,28,58,1,MCC
5,28,59,1,MCC
5,28,60,0.3,MCC
5,28,61,0.995,MCC
5,28,62,0.275,MCC
5,28,63,0.845,MCC
5,28,64,0.245,MCC
5,28,65,1,MCC
5,28,66,0.4,MCC
5,28,67,1,MCC
5,28,68,1,MCC
5,28,69,1,MCC
5,28,70,1,MCC
5,28,71,1,MCC
5,28,72,0.245,MCC
5,28,73,0.605,MCC
5,28,74,1,MCC
5,28,75,1,MCC
5,28,76,0.615,MCC
5,28,77,0.435,MCC
5,28,78,0.435,MCC
5,28,79,1,MCC
5,28,80,0.77,MCC
5,28,81,1,MCC
5,28,82,1,MCC
5,28,83,0.67,MCC
5,28,84,1,MCC
5,28,85,1,MCC
5,28,86,1,MCC
5,28,87,0.005,MCC
5,28,88,0.04,MCC
5,28,89,1,MCC
5,28,90,1,MCC
5,28,91,0.115,MCC
5,28,92,0.86,MCC
5,28,93,0.89,MCC
5,28,94,0.445,MCC
5,28,95,0.515,MCC
5,28,96,1,MCC
5,28,97,1,MCC
5,28,98,0.975,MCC
5,28,99,1,MCC
2,50,51,1,CS
2,50,52,0.94,CS
2,50,53,1,CS
2,50,54,0.7,CS
2,50,55,0.915,CS
2,50,56,1,CS
2,50,57,0.97,CS
2,50,58,0.51,CS
2,50,59,0.64,CS
2,50,60,1,CS
2,50,61,0.91,CS
2,50,62,0.83,CS
2,50,63,1,CS
2,50,64,1,CS
2,50,65,1,CS
2,50,66,1,CS
2,50,67,0.95,CS
2,50,68,1,CS
2,50,69,1,CS
2,50,70,1,CS
2,50,71,1,CS
2,50,72,1,CS
2,50,73,0.95,CS
2,50,74,1,CS
2,50,75,1,CS
2,50,76,1,CS
2,50,77,1,CS
2,50,78,1,CS
2,50,79,0.99,CS
2,50,80,1,CS
2,50,81,1,CS
2,50,82,1,CS
2,50,83,0.725,CS
2,50,84,1,CS
2,50,85,0.915,CS
2,50,86,1,CS
2,50,87,1,CS
2,50,88,1,CS
2,50,89,0.83,CS
2,50,90,0.585,CS
2,50,91,1,CS
2,50,92,1,CS
2,50,93,0.79,CS
2,50,94,1,CS
2,50,95,1,CS
4,41,51,1,CS
4,41,52,0.57,CS
4,41,53,0.64,CS
4,41,54,1,CS
4,41,55,0.815,CS
4,41,56,0.66,CS
4,41,57,1,CS
4,41,58,1,CS
4,41,59,1,CS
4,41,60,1,CS
4,41,61,1,CS
4,41,62,0.52,CS
4,41,63,0.645,CS
4,41,64,0.63,CS
4,41,65,0.99,CS
4,41,66,1,CS
4,41,67,1,CS
4,41,68,0.81,CS
4,41,69,1,CS
4,41,70,1,CS
4,41,71,1,CS
4,41,72,1,CS
4,41,73,0.995,CS
4,41,74,0.955,CS
4,41,75,0.575,CS
4,41,76,0.7,CS
4,41,77,0.9,CS
4,41,78,0.545,CS
4,41,79,0.755,CS
4,41,80,0.95,CS
4,41,81,1,CS
4,41,82,0.54,CS
4,41,83,0.825,CS
4,41,84,1,CS
4,41,85,1,CS
4,41,86,0.505,CS
4,41,87,1,CS
4,41,88,1,CS
4,41,89,1,CS
4,41,90,0.675,CS
4,41,91,0.595,CS
4,41,92,1,CS
4,41,93,1,CS
4,41,51,NA,MCC
4,41,52,0.34,MCC
4,41,53,0.455,MCC
4,41,54,0.595,MCC
4,41,55,1,MCC
4,41,56,1,MCC
4,41,57,0.57,MCC
4,41,58,0.645,MCC
4,41,59,0.63,MCC
4,41,60,0.99,MCC
4,41,61,0.25,MCC
4,41,62,1,MCC
4,41,63,1,MCC
4,41,64,0.81,MCC
4,41,65,1,MCC
4,41,66,0.47,MCC
4,41,67,1,MCC
4,41,68,1,MCC
4,41,69,0.64,MCC
4,41,70,1,MCC
4,41,71,0.52,MCC
4,41,72,1,MCC
4,41,73,1,MCC
4,41,74,1,MCC
4,41,75,0.815,MCC
4,41,76,0.66,MCC
4,41,77,0.33,MCC
4,41,78,1,MCC
4,41,79,0.38,MCC
4,41,80,1,MCC
4,41,81,0.54,MCC
4,41,82,0.05,MCC
4,41,83,1,MCC
4,41,84,1,MCC
4,41,85,0.505,MCC
4,41,86,1,MCC
4,41,87,1,MCC
4,41,88,1,MCC
4,41,89,0.675,MCC
4,41,90,1,MCC
4,41,91,0.755,MCC
4,41,92,0.95,MCC
4,41,93,1,MCC
4,41,94,0.995,MCC
4,41,95,0.545,MCC
4,41,96,0.955,MCC
4,41,97,0.575,MCC
4,41,98,0.7,MCC
4,41,99,0.9,MCC
2,50,51,NA,MCC
2,50,52,0.46,MCC
2,50,53,0.365,MCC
2,50,54,1,MCC
2,50,55,0.94,MCC
2,50,56,1,MCC
2,50,57,0.99,MCC
2,50,58,1,MCC
2,50,59,1,MCC
2,50,60,1,MCC
2,50,61,1,MCC
2,50,62,0.7,MCC
2,50,63,0.915,MCC
2,50,64,1,MCC
2,50,65,0.97,MCC
2,50,66,0.51,MCC
2,50,67,0.64,MCC
2,50,68,1,MCC
2,50,69,0.91,MCC
2,50,70,0.83,MCC
2,50,71,1,MCC
2,50,72,1,MCC
2,50,73,1,MCC
2,50,74,1,MCC
2,50,75,0.95,MCC
2,50,76,1,MCC
2,50,77,1,MCC
2,50,78,1,MCC
2,50,79,1,MCC
2,50,80,1,MCC
2,50,81,0.95,MCC
2,50,82,1,MCC
2,50,83,1,MCC
2,50,84,1,MCC
2,50,85,1,MCC
2,50,86,1,MCC
2,50,87,0.83,MCC
2,50,88,0.585,MCC
2,50,89,1,MCC
2,50,90,1,MCC
2,50,91,0.79,MCC
2,50,92,1,MCC
2,50,93,0.725,MCC
2,50,94,0.26,MCC
2,50,95,0.38,MCC
2,50,96,1,MCC
2,50,97,1,MCC
2,50,98,0.915,MCC
2,50,99,1,MCC
5,1,51,1,CS
5,1,52,1,CS
5,1,53,1,CS
5,1,54,0.945,CS
5,1,55,0.595,CS
5,1,56,1,CS
5,1,57,1,CS
5,1,58,1,CS
5,1,59,0.815,CS
5,1,60,1,CS
5,1,61,1,CS
5,1,62,0.69,CS
5,1,63,0.515,CS
5,1,64,1,CS
5,1,65,1,CS
5,1,66,1,CS
5,1,67,0.525,CS
5,1,68,1,CS
5,1,69,1,CS
5,1,70,0.995,CS
5,1,71,0.87,CS
5,1,72,1,CS
5,1,73,1,CS
5,1,74,1,CS
5,1,75,1,CS
5,1,76,1,CS
5,1,77,0.925,CS
5,1,78,1,CS
5,1,79,0.855,CS
5,1,80,1,CS
5,1,81,1,CS
5,1,82,1,CS
5,1,83,0.855,CS
5,1,84,1,CS
5,1,85,1,CS
5,1,86,1,CS
5,19,51,1,CS
5,19,52,0.54,CS
5,19,53,0.755,CS
5,19,54,0.76,CS
5,19,55,0.985,CS
5,19,56,1,CS
5,19,57,1,CS
5,19,58,0.96,CS
5,19,59,1,CS
5,19,60,1,CS
5,19,61,0.61,CS
5,19,62,0.8,CS
5,19,63,0.99,CS
5,19,64,1,CS
5,19,65,1,CS
5,19,66,1,CS
5,19,67,1,CS
5,19,68,0.72,CS
5,19,69,0.98,CS
5,19,70,1,CS
5,19,71,1,CS
5,19,72,0.62,CS
5,19,73,0.995,CS
5,19,74,0.975,CS
5,19,75,0.615,CS
5,19,76,1,CS
5,19,77,0.95,CS
5,19,78,1,CS
5,19,79,1,CS
5,19,80,0.78,CS
5,19,81,1,CS
5,19,82,1,CS
5,19,83,1,CS
5,19,84,1,CS
5,1,51,NA,MCC
5,1,52,1,MCC
5,1,53,1,MCC
5,1,54,1,MCC
5,1,55,0.3,MCC
5,1,56,0.135,MCC
5,1,57,0.425,MCC
5,1,58,0.925,MCC
5,1,59,1,MCC
5,1,60,0.855,MCC
5,1,61,0.07,MCC
5,1,62,0.28,MCC
5,1,63,0.855,MCC
5,1,64,1,MCC
5,1,65,0.435,MCC
5,1,66,1,MCC
5,1,67,0.415,MCC
5,1,68,1,MCC
5,1,69,0.145,MCC
5,1,70,1,MCC
5,1,71,0.485,MCC
5,1,72,0.945,MCC
5,1,73,0.33,MCC
5,1,74,1,MCC
5,1,75,1,MCC
5,1,76,1,MCC
5,1,77,0.815,MCC
5,1,78,1,MCC
5,1,79,1,MCC
5,1,80,0.335,MCC
5,1,81,0.36,MCC
5,1,82,0.225,MCC
5,1,83,0.235,MCC
5,1,84,1,MCC
5,1,85,0.35,MCC
5,1,86,0.525,MCC
5,1,87,1,MCC
5,1,88,1,MCC
5,1,89,1,MCC
5,1,90,0.155,MCC
5,1,91,1,MCC
5,1,92,1,MCC
5,1,93,0.995,MCC
5,1,94,0.87,MCC
5,1,95,1,MCC
5,1,96,1,MCC
5,1,97,1,MCC
5,1,98,1,MCC
5,1,99,1,MCC
5,19,51,NA,MCC
5,19,52,0.2,MCC
5,19,53,0.72,MCC
5,19,54,0.62,MCC
5,19,55,0.98,MCC
5,19,56,1,MCC
5,19,57,1,MCC
5,19,58,0.995,MCC
5,19,59,0.285,MCC
5,19,60,0.41,MCC
5,19,61,0.975,MCC
5,19,62,0.025,MCC
5,19,63,0.105,MCC
5,19,64,0.385,MCC
5,19,65,0.54,MCC
5,19,66,0.045,MCC
5,19,67,1,MCC
5,19,68,0.61,MCC
5,19,69,0.76,MCC
5,19,70,0.985,MCC
5,19,71,1,MCC
5,19,72,1,MCC
5,19,73,0.96,MCC
5,19,74,1,MCC
5,19,75,0.8,MCC
5,19,76,0.99,MCC
5,19,77,1,MCC
5,19,78,1,MCC
5,19,79,1,MCC
5,19,80,1,MCC
5,19,81,0.615,MCC
5,19,82,1,MCC
5,19,83,0.95,MCC
5,19,84,1,MCC
5,19,85,0.04,MCC
5,19,86,0.12,MCC
5,19,87,0.105,MCC
5,19,88,0.07,MCC
5,19,89,0.115,MCC
5,19,90,0.115,MCC
5,19,91,1,MCC
5,19,92,0.165,MCC
5,19,93,1,MCC
5,19,94,0.36,MCC
5,19,95,0.12,MCC
5,19,96,1,MCC
5,19,97,0.78,MCC
5,19,98,1,MCC
5,19,99,1,MCC
5,14,51,1,CS
5,14,52,0.99,CS
5,14,53,0.97,CS
5,14,54,0.55,CS
5,14,55,1,CS
5,14,56,1,CS
5,14,57,0.81,CS
5,14,58,1,CS
5,14,59,0.975,CS
5,14,60,1,CS
5,14,61,1,CS
5,14,62,1,CS
5,14,63,0.9,CS
5,14,64,1,CS
5,14,65,1,CS
5,14,66,0.995,CS
5,14,67,1,CS
5,14,68,1,CS
5,14,69,1,CS
5,14,70,0.99,CS
5,14,71,0.51,CS
5,14,72,0.975,CS
5,14,73,1,CS
5,14,74,1,CS
5,14,75,1,CS
5,14,76,1,CS
5,14,77,1,CS
5,14,78,1,CS
5,14,79,1,CS
5,14,80,1,CS
5,14,51,NA,MCC
5,14,52,0.015,MCC
5,14,53,0.005,MCC
5,14,54,0.09,MCC
5,14,55,0.105,MCC
5,14,56,1,MCC
5,14,57,0.035,MCC
5,14,58,0.32,MCC
5,14,59,0.995,MCC
5,14,60,0.375,MCC
5,14,61,1,MCC
5,14,62,0.435,MCC
5,14,63,0.99,MCC
5,14,64,1,MCC
5,14,65,1,MCC
5,14,66,1,MCC
5,14,67,1,MCC
5,14,68,0.01,MCC
5,14,69,0.01,MCC
5,14,70,0.99,MCC
5,14,71,0.345,MCC
5,14,72,0.46,MCC
5,14,73,1,MCC
5,14,74,0.215,MCC
5,14,75,0.9,MCC
5,14,76,0.97,MCC
5,14,77,0.55,MCC
5,14,78,0.81,MCC
5,14,79,1,MCC
5,14,80,1,MCC
5,14,81,1,MCC
5,14,82,0.975,MCC
5,14,83,1,MCC
5,14,84,1,MCC
5,14,85,1,MCC
5,14,86,1,MCC
5,14,87,0.35,MCC
5,14,88,1,MCC
5,14,89,1,MCC
5,14,90,0.15,MCC
5,14,91,0.12,MCC
5,14,92,1,MCC
5,14,93,0.04,MCC
5,14,94,0.975,MCC
5,14,95,1,MCC
5,14,96,0.05,MCC
5,14,97,0.14,MCC
5,14,98,1,MCC
5,14,99,0.085,MCC
5,37,51,1,CS
5,37,52,0.64,CS
5,37,53,1,CS
5,37,54,0.535,CS
5,37,55,0.79,CS
5,37,56,1,CS
5,37,57,0.895,CS
5,37,58,1,CS
5,37,59,0.99,CS
5,37,60,1,CS
5,37,61,1,CS
5,37,62,1,CS
5,37,63,1,CS
5,37,64,0.635,CS
5,37,65,0.975,CS
5,37,66,0.76,CS
5,37,67,1,CS
5,37,68,1,CS
5,37,69,1,CS
5,37,70,1,CS
5,37,71,1,CS
5,37,72,1,CS
5,37,73,0.73,CS
5,37,74,1,CS
5,37,75,0.99,CS
5,37,76,0.82,CS
5,37,77,1,CS
5,37,78,1,CS
5,37,79,0.84,CS
5,37,80,1,CS
5,37,81,0.555,CS
5,37,82,1,CS
5,37,83,1,CS
5,37,84,0.95,CS
5,37,51,NA,MCC
5,37,52,0.73,MCC
5,37,53,0.44,MCC
5,37,54,0.95,MCC
5,37,55,1,MCC
5,37,56,1,MCC
5,37,57,1,MCC
5,37,58,0.555,MCC
5,37,59,0.99,MCC
5,37,60,0.82,MCC
5,37,61,1,MCC
5,37,62,1,MCC
5,37,63,1,MCC
5,37,64,0.84,MCC
5,37,65,0.64,MCC
5,37,66,0.215,MCC
5,37,67,0.29,MCC
5,37,68,0.26,MCC
5,37,69,0.4,MCC
5,37,70,1,MCC
5,37,71,1,MCC
5,37,72,0.015,MCC
5,37,73,0.365,MCC
5,37,74,0.28,MCC
5,37,75,0.025,MCC
5,37,76,0.145,MCC
5,37,77,0.06,MCC
5,37,78,1,MCC
5,37,79,1,MCC
5,37,80,1,MCC
5,37,81,0.635,MCC
5,37,82,0.975,MCC
5,37,83,0.76,MCC
5,37,84,1,MCC
5,37,85,0.205,MCC
5,37,86,0.19,MCC
5,37,87,0.27,MCC
5,37,88,0.99,MCC
5,37,89,1,MCC
5,37,90,1,MCC
5,37,91,1,MCC
5,37,92,0.09,MCC
5,37,93,0.79,MCC
5,37,94,0.375,MCC
5,37,95,1,MCC
5,37,96,1,MCC
5,37,97,1,MCC
5,37,98,0.895,MCC
5,37,99,1,MCC
5,32,51,1,CS
5,32,52,0.69,CS
5,32,53,0.59,CS
5,32,54,0.985,CS
5,32,55,1,CS
5,32,56,1,CS
5,32,57,1,CS
5,32,58,0.735,CS
5,32,59,1,CS
5,32,60,1,CS
5,32,61,1,CS
5,32,62,0.605,CS
5,32,63,0.51,CS
5,32,64,1,CS
5,32,65,1,CS
5,32,66,0.635,CS
5,32,67,1,CS
5,32,68,1,CS
5,32,69,0.8,CS
5,32,70,1,CS
5,32,71,0.93,CS
5,32,72,0.92,CS
5,32,73,1,CS
5,32,74,1,CS
5,32,75,1,CS
5,32,76,1,CS
5,32,77,1,CS
5,32,78,0.59,CS
5,32,79,0.875,CS
5,32,80,1,CS
5,32,81,0.98,CS
5,32,82,1,CS
5,32,83,0.955,CS
5,32,84,1,CS
5,32,85,1,CS
5,32,86,0.945,CS
5,32,87,0.98,CS
5,32,88,1,CS
5,32,89,1,CS
5,32,90,1,CS
5,32,91,0.995,CS
5,32,51,NA,MCC
5,32,52,0.135,MCC
5,32,53,0.17,MCC
5,32,54,0.93,MCC
5,32,55,0.92,MCC
5,32,56,1,MCC
5,32,57,1,MCC
5,32,58,1,MCC
5,32,59,1,MCC
5,32,60,1,MCC
5,32,61,0.415,MCC
5,32,62,0.315,MCC
5,32,63,0.28,MCC
5,32,64,1,MCC
5,32,65,0.945,MCC
5,32,66,0.98,MCC
5,32,67,1,MCC
5,32,68,0.955,MCC
5,32,69,1,MCC
5,32,70,1,MCC
5,32,71,1,MCC
5,32,72,0.59,MCC
5,32,73,0.875,MCC
5,32,74,0.98,MCC
5,32,75,1,MCC
5,32,76,0.175,MCC
5,32,77,0.69,MCC
5,32,78,0.59,MCC
5,32,79,0.985,MCC
5,32,80,0.735,MCC
5,32,81,1,MCC
5,32,82,1,MCC
5,32,83,1,MCC
5,32,84,1,MCC
5,32,85,1,MCC
5,32,86,1,MCC
5,32,87,0.155,MCC
5,32,88,0.605,MCC
5,32,89,0.51,MCC
5,32,90,0.37,MCC
5,32,91,1,MCC
5,32,92,1,MCC
5,32,93,1,MCC
5,32,94,0.635,MCC
5,32,95,1,MCC
5,32,96,0.8,MCC
5,32,97,1,MCC
5,32,98,1,MCC
5,32,99,0.995,MCC
5,46,51,1,CS
5,46,52,0.535,CS
5,46,53,1,CS
5,46,54,1,CS
5,46,55,1,CS
5,46,56,1,CS
5,46,57,1,CS
5,46,58,1,CS
5,46,59,1,CS
5,46,60,1,CS
5,46,61,0.735,CS
5,46,62,0.57,CS
5,46,63,1,CS
5,46,64,1,CS
5,46,65,1,CS
5,46,66,0.985,CS
5,46,67,0.885,CS
5,46,68,0.97,CS
5,46,69,0.57,CS
5,46,70,0.84,CS
5,46,71,1,CS
5,46,72,1,CS
5,46,73,1,CS
5,46,74,0.65,CS
5,46,75,0.785,CS
5,46,76,1,CS
5,46,77,0.71,CS
5,46,78,0.96,CS
5,46,79,1,CS
5,46,80,0.995,CS
5,46,81,1,CS
5,46,82,1,CS
5,46,83,0.98,CS
6,14,51,1,CS
6,14,52,0.92,CS
6,14,53,0.73,CS
6,14,54,0.515,CS
6,14,55,0.99,CS
6,14,56,1,CS
6,14,57,1,CS
6,14,58,1,CS
6,14,59,1,CS
6,14,60,1,CS
6,14,61,0.915,CS
6,14,62,1,CS
6,14,63,1,CS
6,14,64,1,CS
6,14,65,1,CS
6,14,66,1,CS
6,14,67,0.92,CS
6,14,68,0.87,CS
6,14,69,0.875,CS
6,14,70,1,CS
6,14,71,1,CS
6,14,72,1,CS
6,14,73,1,CS
6,14,74,1,CS
6,14,75,0.835,CS
6,14,76,1,CS
6,14,77,1,CS
6,14,78,1,CS
6,23,51,1,CS
6,23,52,0.77,CS
6,23,53,0.745,CS
6,23,54,0.91,CS
6,23,55,1,CS
6,23,56,1,CS
6,23,57,0.99,CS
6,23,58,1,CS
6,23,59,1,CS
6,23,60,1,CS
6,23,61,0.81,CS
6,23,62,1,CS
6,23,63,1,CS
6,23,64,0.59,CS
6,23,65,1,CS
6,23,66,0.7,CS
6,23,67,1,CS
6,23,68,0.79,CS
6,23,69,0.63,CS
6,23,70,1,CS
6,23,71,0.875,CS
6,23,72,1,CS
6,23,73,1,CS
6,23,74,0.975,CS
6,23,75,0.675,CS
6,23,76,0.525,CS
6,23,77,0.885,CS
6,23,78,1,CS
6,23,79,1,CS
6,23,80,1,CS
6,23,81,0.995,CS
6,23,82,0.705,CS
6,23,83,1,CS
5,41,51,1,CS
5,41,52,0.635,CS
5,41,53,0.59,CS
5,41,54,1,CS
5,41,55,0.65,CS
5,41,56,0.98,CS
5,41,57,1,CS
5,41,58,1,CS
5,41,59,1,CS
5,41,60,1,CS
5,41,61,1,CS
5,41,62,1,CS
5,41,63,0.865,CS
5,41,64,1,CS
5,41,65,1,CS
5,41,66,0.855,CS
5,41,67,1,CS
5,41,68,1,CS
5,41,69,0.905,CS
5,41,70,0.565,CS
5,41,71,1,CS
5,41,72,0.92,CS
5,41,73,0.985,CS
5,41,74,0.74,CS
5,41,75,0.54,CS
5,41,76,0.965,CS
5,41,77,1,CS
5,41,78,0.615,CS
5,41,79,0.895,CS
5,41,80,0.66,CS
5,41,81,1,CS
5,41,82,1,CS
5,41,83,1,CS
5,41,84,1,CS
5,41,85,1,CS
5,46,51,NA,MCC
5,46,52,0.43,MCC
5,46,53,0.535,MCC
5,46,54,0.29,MCC
5,46,55,0.13,MCC
5,46,56,0.1,MCC
5,46,57,0.1,MCC
5,46,58,0.04,MCC
5,46,59,1,MCC
5,46,60,1,MCC
5,46,61,0.985,MCC
5,46,62,0.33,MCC
5,46,63,0.14,MCC
5,46,64,0.455,MCC
5,46,65,0.385,MCC
5,46,66,0.185,MCC
5,46,67,1,MCC
5,46,68,0.735,MCC
5,46,69,0.36,MCC
5,46,70,0.57,MCC
5,46,71,0.11,MCC
5,46,72,0.885,MCC
5,46,73,1,MCC
5,46,74,1,MCC
5,46,75,1,MCC
5,46,76,1,MCC
5,46,77,1,MCC
5,46,78,1,MCC
5,46,79,1,MCC
5,46,80,1,MCC
5,46,81,0.97,MCC
5,46,82,0.57,MCC
5,46,83,0.84,MCC
5,46,84,0.27,MCC
5,46,85,0.65,MCC
5,46,86,0.785,MCC
5,46,87,1,MCC
5,46,88,1,MCC
5,46,89,1,MCC
5,46,90,1,MCC
5,46,91,0.71,MCC
5,46,92,0.96,MCC
5,46,93,1,MCC
5,46,94,0.995,MCC
5,46,95,0.285,MCC
5,46,96,1,MCC
5,46,97,1,MCC
5,46,98,0.21,MCC
5,46,99,0.98,MCC
6,14,51,NA,MCC
6,14,52,NA,MCC
6,14,53,0.07,MCC
6,14,54,0.085,MCC
6,14,55,0.92,MCC
6,14,56,1,MCC
6,14,57,0.415,MCC
6,14,58,0.195,MCC
6,14,59,1,MCC
6,14,60,0.915,MCC
6,14,61,0.06,MCC
6,14,62,0.73,MCC
6,14,63,0.515,MCC
6,14,64,0.33,MCC
6,14,65,0.99,MCC
6,14,66,1,MCC
6,14,67,1,MCC
6,14,68,1,MCC
6,14,69,1,MCC
6,14,70,0.215,MCC
6,14,71,1,MCC
6,14,72,0.01,MCC
6,14,73,0.02,MCC
6,14,74,0.02,MCC
6,14,75,0.01,MCC
6,14,76,0.03,MCC
6,14,77,0.175,MCC
6,14,78,0.145,MCC
6,14,79,1,MCC
6,14,80,0.87,MCC
6,14,81,0.875,MCC
6,14,82,1,MCC
6,14,83,0.03,MCC
6,14,84,0.015,MCC
6,14,85,0.205,MCC
6,14,86,0.38,MCC
6,14,87,1,MCC
6,14,88,0.92,MCC
6,14,89,1,MCC
6,14,90,1,MCC
6,14,91,1,MCC
6,14,92,0.835,MCC
6,14,93,0.5,MCC
6,14,94,1,MCC
6,14,95,1,MCC
6,14,96,0.085,MCC
6,14,97,1,MCC
6,14,98,1,MCC
6,14,99,1,MCC
5,41,51,NA,MCC
5,41,52,0.48,MCC
5,41,53,0.635,MCC
5,41,54,0.59,MCC
5,41,55,0.13,MCC
5,41,56,1,MCC
5,41,57,1,MCC
5,41,58,0.055,MCC
5,41,59,1,MCC
5,41,60,0.65,MCC
5,41,61,0.335,MCC
5,41,62,0.98,MCC
5,41,63,1,MCC
5,41,64,0.46,MCC
5,41,65,1,MCC
5,41,66,0.41,MCC
5,41,67,0.185,MCC
5,41,68,1,MCC
5,41,69,0.38,MCC
5,41,70,1,MCC
5,41,71,0.255,MCC
5,41,72,1,MCC
5,41,73,1,MCC
5,41,74,0.865,MCC
5,41,75,0.855,MCC
5,41,76,1,MCC
5,41,77,1,MCC
5,41,78,0.25,MCC
5,41,79,1,MCC
5,41,80,0.905,MCC
5,41,81,0.255,MCC
5,41,82,0.895,MCC
5,41,83,0.66,MCC
5,41,84,1,MCC
5,41,85,1,MCC
5,41,86,0.395,MCC
5,41,87,1,MCC
5,41,88,1,MCC
5,41,89,1,MCC
5,41,90,0.92,MCC
5,41,91,0.17,MCC
5,41,92,0.965,MCC
5,41,93,1,MCC
5,41,94,0.42,MCC
5,41,95,0.985,MCC
5,41,96,0.34,MCC
5,41,97,0.34,MCC
5,41,98,0.74,MCC
5,41,99,0.615,MCC
6,23,51,NA,MCC
6,23,52,0.165,MCC
6,23,53,0.175,MCC
6,23,54,0.485,MCC
6,23,55,0.28,MCC
6,23,56,0.995,MCC
6,23,57,0.115,MCC
6,23,58,1,MCC
6,23,59,0.675,MCC
6,23,60,1,MCC
6,23,61,0.525,MCC
6,23,62,1,MCC
6,23,63,0.885,MCC
6,23,64,1,MCC
6,23,65,1,MCC
6,23,66,0.975,MCC
6,23,67,0.875,MCC
6,23,68,0.22,MCC
6,23,69,1,MCC
6,23,70,1,MCC
6,23,71,0.215,MCC
6,23,72,0.77,MCC
6,23,73,0.015,MCC
6,23,74,0.115,MCC
6,23,75,0.44,MCC
6,23,76,0.79,MCC
6,23,77,0.59,MCC
6,23,78,1,MCC
6,23,79,0.14,MCC
6,23,80,0.81,MCC
6,23,81,1,MCC
6,23,82,1,MCC
6,23,83,0.405,MCC
6,23,84,0.745,MCC
6,23,85,0.91,MCC
6,23,86,1,MCC
6,23,87,1,MCC
6,23,88,0.99,MCC
6,23,89,0.035,MCC
6,23,90,1,MCC
6,23,91,1,MCC
6,23,92,1,MCC
6,23,93,0.01,MCC
6,23,94,0.06,MCC
6,23,95,0.02,MCC
6,23,96,0.7,MCC
6,23,97,1,MCC
6,23,98,0.035,MCC
6,23,99,0.63,MCC
6,1,51,1,CS
6,1,52,1,CS
6,1,53,0.69,CS
6,1,54,0.695,CS
6,1,55,0.725,CS
6,1,56,0.995,CS
6,1,57,1,CS
6,1,58,1,CS
6,1,59,0.565,CS
6,1,60,1,CS
6,1,61,1,CS
6,1,62,0.99,CS
6,1,63,0.96,CS
6,1,64,1,CS
6,1,65,1,CS
6,1,66,0.52,CS
6,1,67,0.97,CS
6,1,68,1,CS
6,1,69,1,CS
6,1,70,0.99,CS
6,1,71,1,CS
6,1,72,1,CS
6,1,73,0.735,CS
6,1,74,0.95,CS
6,1,75,1,CS
6,1,76,1,CS
6,1,77,0.59,CS
6,1,78,1,CS
6,1,79,1,CS
6,1,80,0.815,CS
6,1,81,1,CS
6,1,82,1,CS
6,1,83,1,CS
6,1,84,1,CS
6,28,51,1,CS
6,28,52,0.995,CS
6,28,53,1,CS
6,28,54,0.52,CS
6,28,55,1,CS
6,28,56,1,CS
6,28,57,0.555,CS
6,28,58,1,CS
6,28,59,1,CS
6,28,60,1,CS
6,28,61,0.915,CS
6,28,62,0.705,CS
6,28,63,1,CS
6,28,64,1,CS
6,28,65,1,CS
6,28,66,0.515,CS
6,28,67,0.705,CS
6,28,68,1,CS
6,28,69,0.505,CS
6,28,70,1,CS
6,28,71,1,CS
6,28,72,0.735,CS
6,28,73,1,CS
6,28,74,1,CS
6,28,75,1,CS
6,28,76,1,CS
6,28,77,1,CS
6,28,78,1,CS
6,28,79,1,CS
6,28,80,0.71,CS
6,28,81,1,CS
6,28,82,1,CS
6,28,83,0.56,CS
6,1,51,NA,MCC
6,1,52,0.03,MCC
6,1,53,0.01,MCC
6,1,54,0.375,MCC
6,1,55,1,MCC
6,1,56,0.815,MCC
6,1,57,0.99,MCC
6,1,58,0.27,MCC
6,1,59,0.96,MCC
6,1,60,1,MCC
6,1,61,1,MCC
6,1,62,0.97,MCC
6,1,63,1,MCC
6,1,64,0.045,MCC
6,1,65,1,MCC
6,1,66,0.735,MCC
6,1,67,0.95,MCC
6,1,68,0.99,MCC
6,1,69,1,MCC
6,1,70,1,MCC
6,1,71,0.245,MCC
6,1,72,1,MCC
6,1,73,1,MCC
6,1,74,1,MCC
6,1,75,0.37,MCC
6,1,76,0.035,MCC
6,1,77,0.02,MCC
6,1,78,0.205,MCC
6,1,79,1,MCC
6,1,80,1,MCC
6,1,81,1,MCC
6,1,82,0.015,MCC
6,1,83,0.16,MCC
6,1,84,1,MCC
6,1,85,0.38,MCC
6,1,86,0.405,MCC
6,1,87,0.24,MCC
6,1,88,1,MCC
6,1,89,0.69,MCC
6,1,90,0.565,MCC
6,1,91,1,MCC
6,1,92,1,MCC
6,1,93,0.695,MCC
6,1,94,0.39,MCC
6,1,95,0.725,MCC
6,1,96,0.995,MCC
6,1,97,1,MCC
6,1,98,1,MCC
6,1,99,0.305,MCC
6,28,51,NA,MCC
6,28,52,0.185,MCC
6,28,53,0.015,MCC
6,28,54,0.01,MCC
6,28,55,0.075,MCC
6,28,56,0.455,MCC
6,28,57,0.215,MCC
6,28,58,0.995,MCC
6,28,59,1,MCC
6,28,60,1,MCC
6,28,61,1,MCC
6,28,62,1,MCC
6,28,63,0.555,MCC
6,28,64,0.52,MCC
6,28,65,1,MCC
6,28,66,1,MCC
6,28,67,0.515,MCC
6,28,68,0.24,MCC
6,28,69,0.705,MCC
6,28,70,1,MCC
6,28,71,0.07,MCC
6,28,72,0.41,MCC
6,28,73,0.915,MCC
6,28,74,0.215,MCC
6,28,75,1,MCC
6,28,76,1,MCC
6,28,77,1,MCC
6,28,78,0.17,MCC
6,28,79,0.085,MCC
6,28,80,1,MCC
6,28,81,1,MCC
6,28,82,0.015,MCC
6,28,83,0.065,MCC
6,28,84,0.04,MCC
6,28,85,1,MCC
6,28,86,1,MCC
6,28,87,0.56,MCC
6,28,88,1,MCC
6,28,89,1,MCC
6,28,90,0.71,MCC
6,28,91,0.005,MCC
6,28,92,0.015,MCC
6,28,93,0.29,MCC
6,28,94,1,MCC
6,28,95,1,MCC
6,28,96,1,MCC
6,28,97,0.505,MCC
6,28,98,1,MCC
6,28,99,1,MCC
3,50,51,1,CS
3,50,52,0.54,CS
3,50,53,0.92,CS
3,50,54,1,CS
3,50,55,1,CS
3,50,56,0.98,CS
3,50,57,1,CS
3,50,58,0.94,CS
3,50,59,0.945,CS
3,50,60,1,CS
3,50,61,1,CS
3,50,62,0.54,CS
3,50,63,1,CS
3,50,64,1,CS
3,50,65,1,CS
3,50,66,1,CS
3,50,67,1,CS
3,50,68,0.725,CS
3,50,69,1,CS
3,50,70,1,CS
3,50,71,1,CS
3,50,72,1,CS
3,50,73,0.985,CS
3,50,74,1,CS
3,50,75,0.73,CS
3,50,76,1,CS
3,50,77,1,CS
3,50,78,1,CS
3,50,79,1,CS
3,50,80,1,CS
3,50,81,0.585,CS
3,50,82,0.745,CS
3,50,83,1,CS
3,50,84,0.66,CS
3,50,85,0.995,CS
3,50,86,1,CS
3,50,87,0.735,CS
3,50,88,0.7,CS
3,50,89,1,CS
3,50,90,0.775,CS
3,50,91,1,CS
3,50,51,NA,MCC
3,50,52,0.54,MCC
3,50,53,0.28,MCC
3,50,54,0.405,MCC
3,50,55,1,MCC
3,50,56,0.27,MCC
3,50,57,1,MCC
3,50,58,0.585,MCC
3,50,59,0.745,MCC
3,50,60,1,MCC
3,50,61,0.66,MCC
3,50,62,0.995,MCC
3,50,63,1,MCC
3,50,64,0.92,MCC
3,50,65,1,MCC
3,50,66,0.73,MCC
3,50,67,1,MCC
3,50,68,1,MCC
3,50,69,1,MCC
3,50,70,1,MCC
3,50,71,0.47,MCC
3,50,72,1,MCC
3,50,73,0.98,MCC
3,50,74,0.395,MCC
3,50,75,0.54,MCC
3,50,76,0.375,MCC
3,50,77,1,MCC
3,50,78,0.94,MCC
3,50,79,1,MCC
3,50,80,0.945,MCC
3,50,81,1,MCC
3,50,82,1,MCC
3,50,83,1,MCC
3,50,84,0.375,MCC
3,50,85,1,MCC
3,50,86,1,MCC
3,50,87,1,MCC
3,50,88,0.985,MCC
3,50,89,1,MCC
3,50,90,0.445,MCC
3,50,91,1,MCC
3,50,92,1,MCC
3,50,93,0.725,MCC
3,50,94,1,MCC
3,50,95,0.735,MCC
3,50,96,0.7,MCC
3,50,97,1,MCC
3,50,98,0.775,MCC
3,50,99,1,MCC
6,19,51,1,CS
6,19,52,0.905,CS
6,19,53,0.675,CS
6,19,54,1,CS
6,19,55,1,CS
6,19,56,1,CS
6,19,57,0.89,CS
6,19,58,1,CS
6,19,59,0.625,CS
6,19,60,1,CS
6,19,61,1,CS
6,19,62,1,CS
6,19,63,0.58,CS
6,19,64,1,CS
6,19,65,0.72,CS
6,19,66,0.65,CS
6,19,67,1,CS
6,19,68,0.975,CS
6,19,69,0.755,CS
6,19,70,1,CS
6,19,71,1,CS
6,19,72,0.765,CS
6,19,73,0.595,CS
6,19,74,1,CS
6,19,75,1,CS
6,19,76,0.525,CS
6,19,77,1,CS
6,19,51,NA,MCC
6,19,52,NA,MCC
6,19,53,0.01,MCC
6,19,54,0.01,MCC
6,19,55,0.01,MCC
6,19,56,0.075,MCC
6,19,57,1,MCC
6,19,58,0.72,MCC
6,19,59,0.15,MCC
6,19,60,0.12,MCC
6,19,61,0.205,MCC
6,19,62,0.185,MCC
6,19,63,0.275,MCC
6,19,64,0.65,MCC
6,19,65,0.975,MCC
6,19,66,1,MCC
6,19,67,0.765,MCC
6,19,68,0.595,MCC
6,19,69,1,MCC
6,19,70,0.045,MCC
6,19,71,0.1,MCC
6,19,72,0.28,MCC
6,19,73,0.905,MCC
6,19,74,0.06,MCC
6,19,75,1,MCC
6,19,76,1,MCC
6,19,77,1,MCC
6,19,78,0.205,MCC
6,19,79,0.025,MCC
6,19,80,0.455,MCC
6,19,81,0.47,MCC
6,19,82,1,MCC
6,19,83,1,MCC
6,19,84,0.58,MCC
6,19,85,1,MCC
6,19,86,0.065,MCC
6,19,87,0.005,MCC
6,19,88,0.055,MCC
6,19,89,0.755,MCC
6,19,90,1,MCC
6,19,91,1,MCC
6,19,92,1,MCC
6,19,93,0.265,MCC
6,19,94,0.055,MCC
6,19,95,0.07,MCC
6,19,96,0.89,MCC
6,19,97,1,MCC
6,19,98,0.215,MCC
6,19,99,1,MCC
6,37,51,1,CS
6,37,52,0.62,CS
6,37,53,0.945,CS
6,37,54,0.745,CS
6,37,55,0.64,CS
6,37,56,0.87,CS
6,37,57,0.635,CS
6,37,58,1,CS
6,37,59,1,CS
6,37,60,0.585,CS
6,37,61,0.995,CS
6,37,62,1,CS
6,37,63,1,CS
6,37,64,0.79,CS
6,37,65,1,CS
6,37,66,0.945,CS
6,37,67,1,CS
6,37,68,0.875,CS
6,37,69,1,CS
6,37,70,1,CS
6,37,71,0.68,CS
6,37,72,1,CS
6,37,73,1,CS
6,37,74,1,CS
6,37,75,0.735,CS
6,37,76,0.615,CS
6,37,77,1,CS
6,37,78,0.84,CS
6,37,79,1,CS
6,37,80,0.95,CS
6,37,81,0.715,CS
6,37,82,0.96,CS
6,37,83,1,CS
6,37,84,0.63,CS
6,37,85,1,CS
6,37,86,0.73,CS
6,37,51,NA,MCC
6,37,52,1,MCC
6,37,53,0.73,MCC
6,37,54,0.95,MCC
6,37,55,0.715,MCC
6,37,56,0.96,MCC
6,37,57,1,MCC
6,37,58,0.19,MCC
6,37,59,1,MCC
6,37,60,0.62,MCC
6,37,61,0.275,MCC
6,37,62,0.14,MCC
6,37,63,0.26,MCC
6,37,64,0.01,MCC
6,37,65,0.07,MCC
6,37,66,0.15,MCC
6,37,67,0.635,MCC
6,37,68,0.44,MCC
6,37,69,1,MCC
6,37,70,1,MCC
6,37,71,0.945,MCC
6,37,72,0.745,MCC
6,37,73,0.115,MCC
6,37,74,0.87,MCC
6,37,75,0.84,MCC
6,37,76,0.17,MCC
6,37,77,0.425,MCC
6,37,78,1,MCC
6,37,79,0.005,MCC
6,37,80,0.49,MCC
6,37,81,0.79,MCC
6,37,82,0.945,MCC
6,37,83,1,MCC
6,37,84,1,MCC
6,37,85,0.68,MCC
6,37,86,1,MCC
6,37,87,0.055,MCC
6,37,88,0.115,MCC
6,37,89,1,MCC
6,37,90,1,MCC
6,37,91,1,MCC
6,37,92,0.875,MCC
6,37,93,1,MCC
6,37,94,0.735,MCC
6,37,95,0.145,MCC
6,37,96,0.585,MCC
6,37,97,0.995,MCC
6,37,98,1,MCC
6,37,99,1,MCC
6,46,51,1,CS
6,46,52,0.695,CS
6,46,53,0.59,CS
6,46,54,1,CS
6,46,55,1,CS
6,46,56,1,CS
6,46,57,0.83,CS
6,46,58,0.905,CS
6,46,59,0.7,CS
6,46,60,0.995,CS
6,46,61,1,CS
6,46,62,1,CS
6,46,63,1,CS
6,46,64,1,CS
6,46,65,1,CS
6,46,66,1,CS
6,46,67,1,CS
6,46,68,0.995,CS
6,46,69,1,CS
6,46,70,0.8,CS
6,46,71,1,CS
6,46,72,0.885,CS
6,46,73,1,CS
6,46,74,1,CS
6,46,75,1,CS
6,46,76,1,CS
6,46,51,NA,MCC
6,46,52,0.12,MCC
6,46,53,0.065,MCC
6,46,54,0.04,MCC
6,46,55,0.355,MCC
6,46,56,1,MCC
6,46,57,0.995,MCC
6,46,58,1,MCC
6,46,59,0.695,MCC
6,46,60,0.045,MCC
6,46,61,0.905,MCC
6,46,62,0.7,MCC
6,46,63,0.995,MCC
6,46,64,1,MCC
6,46,65,0.425,MCC
6,46,66,0.3,MCC
6,46,67,0.83,MCC
6,46,68,1,MCC
6,46,69,1,MCC
6,46,70,1,MCC
6,46,71,0.3,MCC
6,46,72,0.21,MCC
6,46,73,0.125,MCC
6,46,74,0.035,MCC
6,46,75,0.02,MCC
6,46,76,0.025,MCC
6,46,77,0.03,MCC
6,46,78,0.885,MCC
6,46,79,0.45,MCC
6,46,80,0.295,MCC
6,46,81,0.8,MCC
6,46,82,1,MCC
6,46,83,0.36,MCC
6,46,84,0.39,MCC
6,46,85,0.23,MCC
6,46,86,1,MCC
6,46,87,0.33,MCC
6,46,88,1,MCC
6,46,89,1,MCC
6,46,90,1,MCC
6,46,91,1,MCC
6,46,92,1,MCC
6,46,93,1,MCC
6,46,94,1,MCC
6,46,95,0.315,MCC
6,46,96,1,MCC
6,46,97,0.235,MCC
6,46,98,0.09,MCC
6,46,99,0.26,MCC
7,1,51,1,CS
7,1,52,0.615,CS
7,1,53,0.97,CS
7,1,54,0.62,CS
7,1,55,0.6,CS
7,1,56,0.64,CS
7,1,57,0.955,CS
7,1,58,1,CS
7,1,59,1,CS
7,1,60,0.99,CS
7,1,61,1,CS
7,1,62,1,CS
7,1,63,0.625,CS
7,1,64,0.765,CS
7,1,65,1,CS
7,1,66,0.735,CS
7,1,67,0.99,CS
7,1,68,1,CS
7,1,69,0.545,CS
7,1,70,1,CS
7,1,71,1,CS
7,1,72,0.98,CS
7,1,73,0.97,CS
7,1,74,1,CS
7,1,75,1,CS
7,1,76,1,CS
7,1,77,1,CS
7,1,78,1,CS
7,1,79,0.59,CS
7,1,80,1,CS
7,1,81,1,CS
7,1,82,1,CS
7,1,83,0.875,CS
7,1,84,1,CS
7,1,85,1,CS
7,1,86,1,CS
7,1,51,NA,MCC
7,1,52,0.165,MCC
7,1,53,0.005,MCC
7,1,54,0.005,MCC
7,1,55,1,MCC
7,1,56,1,MCC
7,1,57,1,MCC
7,1,58,0.035,MCC
7,1,59,0.16,MCC
7,1,60,0.765,MCC
7,1,61,1,MCC
7,1,62,0.145,MCC
7,1,63,0.735,MCC
7,1,64,0.99,MCC
7,1,65,1,MCC
7,1,66,1,MCC
7,1,67,1,MCC
7,1,68,0.98,MCC
7,1,69,0.355,MCC
7,1,70,1,MCC
7,1,71,0.16,MCC
7,1,72,0.315,MCC
7,1,73,0.59,MCC
7,1,74,1,MCC
7,1,75,1,MCC
7,1,76,0.195,MCC
7,1,77,1,MCC
7,1,78,0.035,MCC
7,1,79,0.19,MCC
7,1,80,0.615,MCC
7,1,81,0.97,MCC
7,1,82,0.185,MCC
7,1,83,0.62,MCC
7,1,84,0.6,MCC
7,1,85,0.64,MCC
7,1,86,0.955,MCC
7,1,87,1,MCC
7,1,88,1,MCC
7,1,89,0.99,MCC
7,1,90,1,MCC
7,1,91,1,MCC
7,1,92,0.625,MCC
7,1,93,0.27,MCC
7,1,94,1,MCC
7,1,95,0.875,MCC
7,1,96,1,MCC
7,1,97,0.97,MCC
7,1,98,1,MCC
7,1,99,1,MCC
7,28,51,1,CS
7,28,52,0.99,CS
7,28,53,1,CS
7,28,54,0.525,CS
7,28,55,1,CS
7,28,56,1,CS
7,28,57,1,CS
7,28,58,1,CS
7,28,59,1,CS
7,28,60,0.98,CS
7,28,61,1,CS
7,28,62,1,CS
7,28,63,0.92,CS
7,28,64,1,CS
7,28,65,0.73,CS
7,28,66,1,CS
7,28,67,1,CS
7,28,68,0.615,CS
7,28,69,1,CS
7,28,70,1,CS
7,28,71,0.93,CS
7,28,72,0.965,CS
7,28,73,1,CS
7,28,74,1,CS
7,28,75,1,CS
7,28,76,1,CS
7,28,77,1,CS
7,28,78,1,CS
7,28,79,1,CS
7,28,51,NA,MCC
7,28,52,0.085,MCC
7,28,53,0.02,MCC
7,28,54,0.015,MCC
7,28,55,1,MCC
7,28,56,0.5,MCC
7,28,57,0.015,MCC
7,28,58,0.035,MCC
7,28,59,1,MCC
7,28,60,1,MCC
7,28,61,0.035,MCC
7,28,62,0.73,MCC
7,28,63,1,MCC
7,28,64,1,MCC
7,28,65,0.045,MCC
7,28,66,0.1,MCC
7,28,67,1,MCC
7,28,68,0.275,MCC
7,28,69,0.145,MCC
7,28,70,0.31,MCC
7,28,71,0.99,MCC
7,28,72,1,MCC
7,28,73,1,MCC
7,28,74,1,MCC
7,28,75,1,MCC
7,28,76,0.525,MCC
7,28,77,0.255,MCC
7,28,78,1,MCC
7,28,79,1,MCC
7,28,80,0.295,MCC
7,28,81,0.295,MCC
7,28,82,0.93,MCC
7,28,83,0.965,MCC
7,28,84,0.235,MCC
7,28,85,0.075,MCC
7,28,86,0.325,MCC
7,28,87,1,MCC
7,28,88,0.135,MCC
7,28,89,0.98,MCC
7,28,90,0.92,MCC
7,28,91,1,MCC
7,28,92,1,MCC
7,28,93,1,MCC
7,28,94,1,MCC
7,28,95,1,MCC
7,28,96,0.19,MCC
7,28,97,0.615,MCC
7,28,98,1,MCC
7,28,99,1,MCC
4,50,51,1,CS
4,50,52,0.915,CS
4,50,53,0.555,CS
4,50,54,0.99,CS
4,50,55,0.995,CS
4,50,56,0.9,CS
4,50,57,1,CS
4,50,58,0.945,CS
4,50,59,0.6,CS
4,50,60,1,CS
4,50,61,1,CS
4,50,62,1,CS
4,50,63,1,CS
4,50,64,0.635,CS
4,50,65,1,CS
4,50,66,1,CS
4,50,67,0.93,CS
4,50,68,1,CS
4,50,69,0.85,CS
4,50,70,0.74,CS
4,50,71,1,CS
4,50,72,1,CS
4,50,73,1,CS
4,50,74,0.92,CS
4,50,75,1,CS
4,50,76,1,CS
4,50,77,1,CS
4,50,78,1,CS
4,50,79,0.615,CS
4,50,80,1,CS
4,50,81,0.545,CS
4,50,82,1,CS
4,50,83,0.78,CS
4,50,84,1,CS
4,50,85,0.98,CS
4,50,86,1,CS
4,50,87,1,CS
4,50,51,NA,MCC
4,50,52,0.98,MCC
4,50,53,0.125,MCC
4,50,54,0.1,MCC
4,50,55,0.055,MCC
4,50,56,0.39,MCC
4,50,57,0.07,MCC
4,50,58,1,MCC
4,50,59,1,MCC
4,50,60,0.78,MCC
4,50,61,0.195,MCC
4,50,62,0.915,MCC
4,50,63,1,MCC
4,50,64,0.85,MCC
4,50,65,0.74,MCC
4,50,66,1,MCC
4,50,67,1,MCC
4,50,68,1,MCC
4,50,69,0.555,MCC
4,50,70,0.99,MCC
4,50,71,0.995,MCC
4,50,72,0.9,MCC
4,50,73,1,MCC
4,50,74,0.945,MCC
4,50,75,0.6,MCC
4,50,76,1,MCC
4,50,77,1,MCC
4,50,78,1,MCC
4,50,79,1,MCC
4,50,80,0.355,MCC
4,50,81,0.155,MCC
4,50,82,0.3,MCC
4,50,83,0.11,MCC
4,50,84,1,MCC
4,50,85,1,MCC
4,50,86,0.93,MCC
4,50,87,1,MCC
4,50,88,1,MCC
4,50,89,0.275,MCC
4,50,90,1,MCC
4,50,91,0.14,MCC
4,50,92,0.425,MCC
4,50,93,0.92,MCC
4,50,94,1,MCC
4,50,95,1,MCC
4,50,96,1,MCC
4,50,97,0.23,MCC
4,50,98,0.225,MCC
4,50,99,1,MCC
6,32,51,1,CS
6,32,52,0.99,CS
6,32,53,0.525,CS
6,32,54,0.72,CS
6,32,55,1,CS
6,32,56,1,CS
6,32,57,1,CS
6,32,58,1,CS
6,32,59,0.98,CS
6,32,60,1,CS
6,32,61,1,CS
6,32,62,0.965,CS
6,32,63,1,CS
6,32,64,0.995,CS
6,32,65,1,CS
6,32,66,1,CS
6,32,67,1,CS
6,32,68,1,CS
6,32,69,0.885,CS
6,32,70,0.55,CS
6,32,71,1,CS
6,32,72,0.51,CS
6,32,73,1,CS
6,32,74,1,CS
6,32,75,1,CS
6,32,76,0.925,CS
6,32,77,1,CS
6,32,78,1,CS
6,32,79,0.98,CS
6,32,80,1,CS
6,32,81,1,CS
6,32,82,1,CS
6,32,83,1,CS
6,32,84,1,CS
6,32,85,1,CS
6,32,51,NA,MCC
6,32,52,0.075,MCC
6,32,53,0.255,MCC
6,32,54,0.385,MCC
6,32,55,0.98,MCC
6,32,56,1,MCC
6,32,57,1,MCC
6,32,58,1,MCC
6,32,59,0.965,MCC
6,32,60,1,MCC
6,32,61,0.035,MCC
6,32,62,0.015,MCC
6,32,63,0.05,MCC
6,32,64,0.26,MCC
6,32,65,0.995,MCC
6,32,66,1,MCC
6,32,67,1,MCC
6,32,68,1,MCC
6,32,69,1,MCC
6,32,70,1,MCC
6,32,71,0.16,MCC
6,32,72,1,MCC
6,32,73,1,MCC
6,32,74,1,MCC
6,32,75,0.055,MCC
6,32,76,1,MCC
6,32,77,0.885,MCC
6,32,78,0.55,MCC
6,32,79,1,MCC
6,32,80,1,MCC
6,32,81,0.07,MCC
6,32,82,0.315,MCC
6,32,83,0.37,MCC
6,32,84,0.98,MCC
6,32,85,1,MCC
6,32,86,1,MCC
6,32,87,0.285,MCC
6,32,88,0.925,MCC
6,32,89,0.51,MCC
6,32,90,1,MCC
6,32,91,1,MCC
6,32,92,0.99,MCC
6,32,93,0.525,MCC
6,32,94,0.43,MCC
6,32,95,0.155,MCC
6,32,96,1,MCC
6,32,97,1,MCC
6,32,98,1,MCC
6,32,99,1,MCC
7,23,51,1,CS
7,23,52,0.975,CS
7,23,53,0.99,CS
7,23,54,1,CS
7,23,55,0.565,CS
7,23,56,0.795,CS
7,23,57,0.95,CS
7,23,58,0.95,CS
7,23,59,1,CS
7,23,60,1,CS
7,23,61,0.96,CS
7,23,62,1,CS
7,23,63,0.895,CS
7,23,64,1,CS
7,23,65,0.98,CS
7,23,66,0.525,CS
7,23,67,0.53,CS
7,23,68,0.65,CS
7,23,69,0.575,CS
7,23,70,1,CS
7,23,71,0.775,CS
7,23,72,1,CS
7,23,73,1,CS
7,23,74,1,CS
7,23,75,0.95,CS
7,23,76,1,CS
7,23,77,1,CS
7,23,78,1,CS
7,23,51,NA,MCC
7,23,52,NA,MCC
7,23,53,0.075,MCC
7,23,54,1,MCC
7,23,55,0.005,MCC
7,23,56,0.025,MCC
7,23,57,0.1,MCC
7,23,58,0.11,MCC
7,23,59,0.4,MCC
7,23,60,1,MCC
7,23,61,1,MCC
7,23,62,0.25,MCC
7,23,63,1,MCC
7,23,64,0.96,MCC
7,23,65,0.41,MCC
7,23,66,1,MCC
7,23,67,0.02,MCC
7,23,68,0.03,MCC
7,23,69,0.025,MCC
7,23,70,0.135,MCC
7,23,71,0.095,MCC
7,23,72,0.525,MCC
7,23,73,0.53,MCC
7,23,74,0.65,MCC
7,23,75,1,MCC
7,23,76,0.145,MCC
7,23,77,0.49,MCC
7,23,78,0.95,MCC
7,23,79,0.26,MCC
7,23,80,1,MCC
7,23,81,1,MCC
7,23,82,0.47,MCC
7,23,83,0.145,MCC
7,23,84,0.255,MCC
7,23,85,0.895,MCC
7,23,86,1,MCC
7,23,87,0.98,MCC
7,23,88,1,MCC
7,23,89,0.775,MCC
7,23,90,1,MCC
7,23,91,0.11,MCC
7,23,92,0.975,MCC
7,23,93,0.95,MCC
7,23,94,0.99,MCC
7,23,95,0.565,MCC
7,23,96,0.19,MCC
7,23,97,1,MCC
7,23,98,0.795,MCC
7,23,99,0.95,MCC
7,46,51,1,CS
7,46,52,0.955,CS
7,46,53,0.885,CS
7,46,54,0.58,CS
7,46,55,0.895,CS
7,46,56,1,CS
7,46,57,0.82,CS
7,46,58,0.815,CS
7,46,59,1,CS
7,46,60,1,CS
7,46,61,0.63,CS
7,46,62,0.915,CS
7,46,63,1,CS
7,46,64,0.995,CS
7,46,65,1,CS
7,46,66,1,CS
7,46,67,0.99,CS
7,46,68,1,CS
7,46,69,1,CS
7,46,70,1,CS
7,46,71,1,CS
7,46,72,1,CS
7,46,73,0.585,CS
7,46,74,0.835,CS
7,46,75,1,CS
7,46,76,1,CS
7,46,77,1,CS
6,41,51,1,CS
6,41,52,0.645,CS
6,41,53,0.99,CS
6,41,54,0.68,CS
6,41,55,0.645,CS
6,41,56,1,CS
6,41,57,1,CS
6,41,58,0.63,CS
6,41,59,0.985,CS
6,41,60,0.91,CS
6,41,61,1,CS
6,41,62,0.995,CS
6,41,63,1,CS
6,41,64,0.625,CS
6,41,65,1,CS
6,41,66,0.59,CS
6,41,67,0.765,CS
6,41,68,1,CS
6,41,69,1,CS
6,41,70,0.665,CS
6,41,71,0.69,CS
6,41,72,1,CS
6,41,73,1,CS
6,41,74,1,CS
6,41,75,1,CS
6,41,76,1,CS
6,41,77,1,CS
6,41,78,1,CS
7,46,51,NA,MCC
7,46,52,NA,MCC
7,46,53,0.955,MCC
7,46,54,0.435,MCC
7,46,55,0.63,MCC
7,46,56,0.915,MCC
7,46,57,0.885,MCC
7,46,58,0.58,MCC
7,46,59,0.895,MCC
7,46,60,1,MCC
7,46,61,0.82,MCC
7,46,62,0.815,MCC
7,46,63,1,MCC
7,46,64,1,MCC
7,46,65,0.015,MCC
7,46,66,1,MCC
7,46,67,0.035,MCC
7,46,68,0.37,MCC
7,46,69,0.01,MCC
7,46,70,0.005,MCC
7,46,71,0.005,MCC
7,46,72,0.03,MCC
7,46,73,0.235,MCC
7,46,74,1,MCC
7,46,75,0.11,MCC
7,46,76,1,MCC
7,46,77,0.99,MCC
7,46,78,0.995,MCC
7,46,79,1,MCC
7,46,80,1,MCC
7,46,81,0.585,MCC
7,46,82,0.835,MCC
7,46,83,0.015,MCC
7,46,84,0.15,MCC
7,46,85,0.02,MCC
7,46,86,0.12,MCC
7,46,87,0.115,MCC
7,46,88,0.085,MCC
7,46,89,0.21,MCC
7,46,90,1,MCC
7,46,91,0.09,MCC
7,46,92,0.49,MCC
7,46,93,0.435,MCC
7,46,94,0.25,MCC
7,46,95,1,MCC
7,46,96,1,MCC
7,46,97,1,MCC
7,46,98,1,MCC
7,46,99,1,MCC
6,41,51,NA,MCC
6,41,52,0.05,MCC
6,41,53,0.165,MCC
6,41,54,1,MCC
6,41,55,0.625,MCC
6,41,56,0.075,MCC
6,41,57,0.135,MCC
6,41,58,0.285,MCC
6,41,59,0.59,MCC
6,41,60,0.4,MCC
6,41,61,0.35,MCC
6,41,62,0.235,MCC
6,41,63,0.295,MCC
6,41,64,1,MCC
6,41,65,0.095,MCC
6,41,66,0.055,MCC
6,41,67,0.33,MCC
6,41,68,0.33,MCC
6,41,69,0.295,MCC
6,41,70,1,MCC
6,41,71,0.295,MCC
6,41,72,0.2,MCC
6,41,73,1,MCC
6,41,74,1,MCC
6,41,75,1,MCC
6,41,76,0.07,MCC
6,41,77,0.045,MCC
6,41,78,0.075,MCC
6,41,79,1,MCC
6,41,80,0.765,MCC
6,41,81,0.69,MCC
6,41,82,1,MCC
6,41,83,1,MCC
6,41,84,0.29,MCC
6,41,85,1,MCC
6,41,86,0.665,MCC
6,41,87,0.645,MCC
6,41,88,0.63,MCC
6,41,89,0.995,MCC
6,41,90,1,MCC
6,41,91,0.985,MCC
6,41,92,0.91,MCC
6,41,93,1,MCC
6,41,94,0.99,MCC
6,41,95,0.68,MCC
6,41,96,0.125,MCC
6,41,97,0.275,MCC
6,41,98,1,MCC
6,41,99,1,MCC
7,14,51,1,CS
7,14,52,0.695,CS
7,14,53,0.97,CS
7,14,54,0.845,CS
7,14,55,1,CS
7,14,56,0.945,CS
7,14,57,0.845,CS
7,14,58,1,CS
7,14,59,1,CS
7,14,60,0.94,CS
7,14,61,0.6,CS
7,14,62,0.585,CS
7,14,63,0.945,CS
7,14,64,1,CS
7,14,65,1,CS
7,14,66,1,CS
7,14,67,0.545,CS
7,14,68,1,CS
7,14,69,1,CS
7,14,70,1,CS
7,14,71,0.99,CS
7,14,72,1,CS
7,14,73,1,CS
7,14,74,1,CS
7,14,75,0.995,CS
7,14,76,0.73,CS
7,14,77,0.965,CS
7,14,51,NA,MCC
7,14,52,0.015,MCC
7,14,53,0.02,MCC
7,14,54,0.12,MCC
7,14,55,0.075,MCC
7,14,56,0.03,MCC
7,14,57,0.05,MCC
7,14,58,0.085,MCC
7,14,59,1,MCC
7,14,60,0.21,MCC
7,14,61,0.44,MCC
7,14,62,0.845,MCC
7,14,63,1,MCC
7,14,64,1,MCC
7,14,65,0.97,MCC
7,14,66,0.845,MCC
7,14,67,1,MCC
7,14,68,0.945,MCC
7,14,69,0.04,MCC
7,14,70,0.4,MCC
7,14,71,1,MCC
7,14,72,0.99,MCC
7,14,73,0.105,MCC
7,14,74,0.965,MCC
7,14,75,0.08,MCC
7,14,76,0.94,MCC
7,14,77,0.6,MCC
7,14,78,0.21,MCC
7,14,79,1,MCC
7,14,80,0.945,MCC
7,14,81,1,MCC
7,14,82,1,MCC
7,14,83,1,MCC
7,14,84,0.005,MCC
7,14,85,0.005,MCC
7,14,86,0.025,MCC
7,14,87,0.545,MCC
7,14,88,1,MCC
7,14,89,0.995,MCC
7,14,90,0.125,MCC
7,14,91,0.73,MCC
7,14,92,0.055,MCC
7,14,93,0.015,MCC
7,14,94,0.025,MCC
7,14,95,0.435,MCC
7,14,96,1,MCC
7,14,97,0.15,MCC
7,14,98,0.435,MCC
7,14,99,1,MCC
7,37,51,1,CS
7,37,52,0.96,CS
7,37,53,0.975,CS
7,37,54,0.9,CS
7,37,55,1,CS
7,37,56,0.81,CS
7,37,57,1,CS
7,37,58,0.55,CS
7,37,59,0.76,CS
7,37,60,1,CS
7,37,61,1,CS
7,37,62,0.665,CS
7,37,63,1,CS
7,37,64,1,CS
7,37,65,0.665,CS
7,37,66,0.515,CS
7,37,67,0.755,CS
7,37,68,0.82,CS
7,37,69,1,CS
7,37,70,0.925,CS
7,37,71,0.97,CS
7,37,72,1,CS
7,37,73,1,CS
7,37,74,1,CS
7,37,75,1,CS
7,37,76,1,CS
7,37,77,1,CS
7,37,78,1,CS
7,37,79,1,CS
7,32,51,1,CS
7,32,52,0.98,CS
7,32,53,0.955,CS
7,32,54,0.665,CS
7,32,55,1,CS
7,32,56,0.995,CS
7,32,57,1,CS
7,32,58,1,CS
7,32,59,0.985,CS
7,32,60,1,CS
7,32,61,1,CS
7,32,62,1,CS
7,32,63,1,CS
7,32,64,0.82,CS
7,32,65,0.96,CS
7,32,66,1,CS
7,32,67,1,CS
7,32,68,0.81,CS
7,32,69,1,CS
7,32,70,0.96,CS
7,32,71,1,CS
7,32,72,0.995,CS
7,32,73,0.785,CS
7,32,74,0.93,CS
7,32,75,0.605,CS
7,32,76,1,CS
7,32,77,1,CS
7,32,78,0.95,CS
7,32,79,1,CS
7,32,80,1,CS
7,32,81,1,CS
7,32,82,1,CS
7,32,83,1,CS
7,32,84,0.565,CS
7,32,51,NA,MCC
7,32,52,0.03,MCC
7,32,53,0.015,MCC
7,32,54,0.035,MCC
7,32,55,1,MCC
7,32,56,0.82,MCC
7,32,57,1,MCC
7,32,58,0.96,MCC
7,32,59,0.465,MCC
7,32,60,1,MCC
7,32,61,0.08,MCC
7,32,62,0.19,MCC
7,32,63,0.27,MCC
7,32,64,0.985,MCC
7,32,65,1,MCC
7,32,66,1,MCC
7,32,67,1,MCC
7,32,68,1,MCC
7,32,69,1,MCC
7,32,70,0.18,MCC
7,32,71,1,MCC
7,32,72,0.01,MCC
7,32,73,0.025,MCC
7,32,74,0.035,MCC
7,32,75,0.605,MCC
7,32,76,1,MCC
7,32,77,1,MCC
7,32,78,0.95,MCC
7,32,79,0.08,MCC
7,32,80,0.565,MCC
7,32,81,0.995,MCC
7,32,82,0.785,MCC
7,32,83,0.93,MCC
7,32,84,1,MCC
7,32,85,1,MCC
7,32,86,0.08,MCC
7,32,87,0.435,MCC
7,32,88,0.81,MCC
7,32,89,1,MCC
7,32,90,0.96,MCC
7,32,91,0.33,MCC
7,32,92,1,MCC
7,32,93,0.98,MCC
7,32,94,1,MCC
7,32,95,1,MCC
7,32,96,0.955,MCC
7,32,97,0.665,MCC
7,32,98,1,MCC
7,32,99,0.995,MCC
8,23,51,1,CS
8,23,52,0.68,CS
8,23,53,0.99,CS
8,23,54,1,CS
8,23,55,0.73,CS
8,23,56,0.92,CS
8,23,57,1,CS
8,23,58,0.595,CS
8,23,59,1,CS
8,23,60,0.505,CS
8,23,61,0.58,CS
8,23,62,1,CS
8,23,63,1,CS
8,23,64,0.62,CS
8,23,65,0.88,CS
8,23,66,1,CS
8,23,67,1,CS
8,23,68,0.655,CS
8,23,69,1,CS
8,23,70,0.765,CS
8,23,71,1,CS
8,23,72,1,CS
8,23,73,1,CS
8,23,74,1,CS
8,23,75,0.955,CS
8,23,76,0.66,CS
8,23,77,1,CS
8,23,51,NA,MCC
8,23,52,0.02,MCC
8,23,53,0.015,MCC
8,23,54,0.195,MCC
8,23,55,0.02,MCC
8,23,56,0.58,MCC
8,23,57,1,MCC
8,23,58,0.145,MCC
8,23,59,1,MCC
8,23,60,1,MCC
8,23,61,0.015,MCC
8,23,62,0.07,MCC
8,23,63,0.62,MCC
8,23,64,0.88,MCC
8,23,65,1,MCC
8,23,66,1,MCC
8,23,67,1,MCC
8,23,68,0.14,MCC
8,23,69,0.365,MCC
8,23,70,0.655,MCC
8,23,71,1,MCC
8,23,72,1,MCC
8,23,73,0.025,MCC
8,23,74,0.03,MCC
8,23,75,0.22,MCC
8,23,76,0.205,MCC
8,23,77,0.32,MCC
8,23,78,0.765,MCC
8,23,79,1,MCC
8,23,80,0.66,MCC
8,23,81,0.485,MCC
8,23,82,0.955,MCC
8,23,83,1,MCC
8,23,84,0.68,MCC
8,23,85,0.73,MCC
8,23,86,0.99,MCC
8,23,87,0.45,MCC
8,23,88,1,MCC
8,23,89,0.01,MCC
8,23,90,0.045,MCC
8,23,91,0.35,MCC
8,23,92,0.3,MCC
8,23,93,0.475,MCC
8,23,94,0.92,MCC
8,23,95,0.435,MCC
8,23,96,1,MCC
8,23,97,1,MCC
8,23,98,0.595,MCC
8,23,99,0.46,MCC
7,37,51,NA,MCC
7,37,52,0.96,MCC
7,37,53,0.425,MCC
7,37,54,0.975,MCC
7,37,55,0.55,MCC
7,37,56,0.9,MCC
7,37,57,1,MCC
7,37,58,1,MCC
7,37,59,0.81,MCC
7,37,60,0.08,MCC
7,37,61,0.075,MCC
7,37,62,0.005,MCC
7,37,63,0.01,MCC
7,37,64,0.125,MCC
7,37,65,0.76,MCC
7,37,66,1,MCC
7,37,67,1,MCC
7,37,68,1,MCC
7,37,69,0.665,MCC
7,37,70,1,MCC
7,37,71,0.145,MCC
7,37,72,0.395,MCC
7,37,73,1,MCC
7,37,74,1,MCC
7,37,75,0.015,MCC
7,37,76,0.075,MCC
7,37,77,0.06,MCC
7,37,78,0.665,MCC
7,37,79,0.515,MCC
7,37,80,0.075,MCC
7,37,81,0.82,MCC
7,37,82,0.115,MCC
7,37,83,0.36,MCC
7,37,84,1,MCC
7,37,85,1,MCC
7,37,86,0.005,MCC
7,37,87,0.025,MCC
7,37,88,0.315,MCC
7,37,89,1,MCC
7,37,90,1,MCC
7,37,91,0.005,MCC
7,37,92,0.01,MCC
7,37,93,1,MCC
7,37,94,0.02,MCC
7,37,95,1,MCC
7,37,96,0.97,MCC
7,37,97,0.925,MCC
7,37,98,0.235,MCC
7,37,99,1,MCC
7,19,51,1,CS
7,19,52,0.525,CS
7,19,53,0.52,CS
7,19,54,1,CS
7,19,55,1,CS
7,19,56,0.585,CS
7,19,57,1,CS
7,19,58,0.94,CS
7,19,59,0.99,CS
7,19,60,1,CS
7,19,61,1,CS
7,19,62,1,CS
7,19,63,1,CS
7,19,64,1,CS
7,19,65,0.565,CS
7,19,66,1,CS
7,19,67,0.565,CS
7,19,68,1,CS
7,19,69,1,CS
7,19,70,0.985,CS
7,19,71,1,CS
7,19,72,1,CS
7,19,73,1,CS
7,19,51,NA,MCC
7,19,52,NA,MCC
7,19,53,0.005,MCC
7,19,54,0.05,MCC
7,19,55,1,MCC
7,19,56,0.005,MCC
7,19,57,0.02,MCC
7,19,58,0.03,MCC
7,19,59,0.045,MCC
7,19,60,0.05,MCC
7,19,61,0.33,MCC
7,19,62,1,MCC
7,19,63,1,MCC
7,19,64,0.94,MCC
7,19,65,1,MCC
7,19,66,0.99,MCC
7,19,67,1,MCC
7,19,68,1,MCC
7,19,69,0.01,MCC
7,19,70,0.025,MCC
7,19,71,1,MCC
7,19,72,0.565,MCC
7,19,73,0.05,MCC
7,19,74,1,MCC
7,19,75,0.525,MCC
7,19,76,0.52,MCC
7,19,77,1,MCC
7,19,78,1,MCC
7,19,79,0.365,MCC
7,19,80,1,MCC
7,19,81,0.005,MCC
7,19,82,0.005,MCC
7,19,83,0.005,MCC
7,19,84,0.155,MCC
7,19,85,0.045,MCC
7,19,86,0.335,MCC
7,19,87,0.025,MCC
7,19,88,0.035,MCC
7,19,89,0.215,MCC
7,19,90,0.1,MCC
7,19,91,0.39,MCC
7,19,92,0.01,MCC
7,19,93,0.405,MCC
7,19,94,1,MCC
7,19,95,0.565,MCC
7,19,96,1,MCC
7,19,97,0.47,MCC
7,19,98,1,MCC
7,19,99,0.985,MCC
8,28,51,1,CS
8,28,52,0.63,CS
8,28,53,0.695,CS
8,28,54,1,CS
8,28,55,0.67,CS
8,28,56,0.805,CS
8,28,57,1,CS
8,28,58,1,CS
8,28,59,1,CS
8,28,60,1,CS
8,28,61,1,CS
8,28,62,0.855,CS
8,28,63,0.665,CS
8,28,64,1,CS
8,28,65,1,CS
8,28,66,0.895,CS
8,28,67,1,CS
8,28,68,1,CS
8,28,69,1,CS
8,28,70,0.565,CS
8,28,71,1,CS
8,28,72,1,CS
8,28,73,1,CS
8,28,74,1,CS
8,28,75,0.89,CS
8,28,76,1,CS
8,28,77,1,CS
8,28,78,1,CS
8,28,79,0.98,CS
8,28,80,0.805,CS
8,28,81,1,CS
8,28,51,NA,MCC
8,28,52,0.05,MCC
8,28,53,1,MCC
8,28,54,0.29,MCC
8,28,55,0.02,MCC
8,28,56,0.01,MCC
8,28,57,0.19,MCC
8,28,58,1,MCC
8,28,59,1,MCC
8,28,60,0.41,MCC
8,28,61,0.665,MCC
8,28,62,1,MCC
8,28,63,1,MCC
8,28,64,0.08,MCC
8,28,65,0.07,MCC
8,28,66,0.085,MCC
8,28,67,0.695,MCC
8,28,68,1,MCC
8,28,69,1,MCC
8,28,70,1,MCC
8,28,71,1,MCC
8,28,72,0.67,MCC
8,28,73,1,MCC
8,28,74,0.805,MCC
8,28,75,1,MCC
8,28,76,0.165,MCC
8,28,77,0.855,MCC
8,28,78,0.15,MCC
8,28,79,0.89,MCC
8,28,80,1,MCC
8,28,81,0.805,MCC
8,28,82,0.005,MCC
8,28,83,0.21,MCC
8,28,84,0.19,MCC
8,28,85,1,MCC
8,28,86,0.98,MCC
8,28,87,0.005,MCC
8,28,88,0.005,MCC
8,28,89,0.1,MCC
8,28,90,0.175,MCC
8,28,91,0.12,MCC
8,28,92,0.41,MCC
8,28,93,0.02,MCC
8,28,94,1,MCC
8,28,95,1,MCC
8,28,96,1,MCC
8,28,97,1,MCC
8,28,98,1,MCC
8,28,99,1,MCC
8,1,51,1,CS
8,1,52,1,CS
8,1,53,1,CS
8,1,54,1,CS
8,1,55,1,CS
8,1,56,1,CS
8,1,57,1,CS
8,1,58,0.68,CS
8,1,59,0.615,CS
8,1,60,0.825,CS
8,1,61,1,CS
8,1,62,1,CS
8,1,63,1,CS
8,1,64,0.745,CS
8,1,65,0.99,CS
8,1,66,1,CS
8,1,67,1,CS
8,1,68,0.85,CS
8,1,69,0.89,CS
8,1,70,0.64,CS
8,1,71,1,CS
8,1,72,1,CS
8,1,73,0.93,CS
8,1,74,1,CS
8,1,75,0.92,CS
8,1,76,1,CS
8,1,77,1,CS
8,1,78,1,CS
8,1,79,1,CS
8,14,51,1,CS
8,14,52,0.51,CS
8,14,53,0.52,CS
8,14,54,1,CS
8,14,55,1,CS
8,14,56,0.915,CS
8,14,57,1,CS
8,14,58,0.99,CS
8,14,59,0.74,CS
8,14,60,1,CS
8,14,61,1,CS
8,14,62,1,CS
8,14,63,0.995,CS
8,14,64,1,CS
8,14,65,1,CS
8,14,66,1,CS
8,14,67,0.63,CS
8,14,68,1,CS
8,14,69,0.985,CS
8,14,70,1,CS
8,14,71,1,CS
8,14,72,1,CS
8,1,51,NA,MCC
8,1,52,0.05,MCC
8,1,53,1,MCC
8,1,54,0.275,MCC
8,1,55,0.615,MCC
8,1,56,0.28,MCC
8,1,57,0.825,MCC
8,1,58,1,MCC
8,1,59,0.445,MCC
8,1,60,1,MCC
8,1,61,1,MCC
8,1,62,0.045,MCC
8,1,63,0.025,MCC
8,1,64,0.2,MCC
8,1,65,1,MCC
8,1,66,1,MCC
8,1,67,1,MCC
8,1,68,0.92,MCC
8,1,69,0.005,MCC
8,1,70,0.005,MCC
8,1,71,0.03,MCC
8,1,72,1,MCC
8,1,73,0.255,MCC
8,1,74,0.3,MCC
8,1,75,0.075,MCC
8,1,76,0.075,MCC
8,1,77,1,MCC
8,1,78,1,MCC
8,1,79,1,MCC
8,1,80,0.445,MCC
8,1,81,1,MCC
8,1,82,1,MCC
8,1,83,0.68,MCC
8,1,84,0.095,MCC
8,1,85,0.64,MCC
8,1,86,1,MCC
8,1,87,1,MCC
8,1,88,0.93,MCC
8,1,89,0.02,MCC
8,1,90,0.15,MCC
8,1,91,0.39,MCC
8,1,92,1,MCC
8,1,93,0.745,MCC
8,1,94,0.99,MCC
8,1,95,1,MCC
8,1,96,1,MCC
8,1,97,0.85,MCC
8,1,98,0.89,MCC
8,1,99,0.11,MCC
8,14,51,NA,MCC
8,14,52,0.005,MCC
8,14,53,0.02,MCC
8,14,54,0.63,MCC
8,14,55,0.005,MCC
8,14,56,0.005,MCC
8,14,57,0.005,MCC
8,14,58,0.005,MCC
8,14,59,0.11,MCC
8,14,60,1,MCC
8,14,61,0.12,MCC
8,14,62,0.09,MCC
8,14,63,1,MCC
8,14,64,0.005,MCC
8,14,65,0.005,MCC
8,14,66,0.205,MCC
8,14,67,0.51,MCC
8,14,68,0.405,MCC
8,14,69,0.165,MCC
8,14,70,0.06,MCC
8,14,71,0.015,MCC
8,14,72,1,MCC
8,14,73,0.145,MCC
8,14,74,1,MCC
8,14,75,0.915,MCC
8,14,76,1,MCC
8,14,77,0.99,MCC
8,14,78,0.165,MCC
8,14,79,0.195,MCC
8,14,80,1,MCC
8,14,81,1,MCC
8,14,82,0.985,MCC
8,14,83,0.15,MCC
8,14,84,0.28,MCC
8,14,85,0.74,MCC
8,14,86,0.065,MCC
8,14,87,0.995,MCC
8,14,88,1,MCC
8,14,89,1,MCC
8,14,90,1,MCC
8,14,91,0.03,MCC
8,14,92,0.07,MCC
8,14,93,0.135,MCC
8,14,94,1,MCC
8,14,95,0.495,MCC
8,14,96,1,MCC
8,14,97,0.01,MCC
8,14,98,1,MCC
8,14,99,0.105,MCC
8,32,51,1,CS
8,32,52,0.58,CS
8,32,53,1,CS
8,32,54,1,CS
8,32,55,1,CS
8,32,56,1,CS
8,32,57,0.595,CS
8,32,58,1,CS
8,32,59,0.945,CS
8,32,60,0.78,CS
8,32,61,1,CS
8,32,62,0.97,CS
8,32,63,1,CS
8,32,64,0.92,CS
8,32,65,1,CS
8,32,66,1,CS
8,32,67,0.98,CS
8,32,68,0.625,CS
8,32,69,0.87,CS
8,32,70,0.735,CS
8,32,71,1,CS
8,32,72,1,CS
8,32,73,0.995,CS
8,32,74,1,CS
8,32,75,1,CS
8,32,76,1,CS
8,32,77,1,CS
8,32,78,1,CS
8,32,79,1,CS
8,32,80,1,CS
8,32,81,0.575,CS
8,37,51,1,CS
8,37,52,0.605,CS
8,37,53,0.985,CS
8,37,54,0.965,CS
8,37,55,1,CS
8,37,56,0.61,CS
8,37,57,1,CS
8,37,58,1,CS
8,37,59,0.715,CS
8,37,60,1,CS
8,37,61,0.79,CS
8,37,62,1,CS
8,37,63,1,CS
8,37,64,0.545,CS
8,37,65,0.865,CS
8,37,66,0.725,CS
8,37,67,0.995,CS
8,37,68,1,CS
8,37,69,0.975,CS
8,37,70,1,CS
8,37,71,1,CS
8,37,72,1,CS
8,37,73,0.665,CS
8,37,74,1,CS
8,37,75,1,CS
8,37,76,1,CS
8,37,77,1,CS
8,32,51,NA,MCC
8,32,52,0.02,MCC
8,32,53,0.005,MCC
8,32,54,0.01,MCC
8,32,55,0.4,MCC
8,32,56,0.03,MCC
8,32,57,0.025,MCC
8,32,58,0.09,MCC
8,32,59,0.995,MCC
8,32,60,1,MCC
8,32,61,1,MCC
8,32,62,0.02,MCC
8,32,63,0.1,MCC
8,32,64,0.085,MCC
8,32,65,1,MCC
8,32,66,1,MCC
8,32,67,0.575,MCC
8,32,68,0.23,MCC
8,32,69,0.33,MCC
8,32,70,0.92,MCC
8,32,71,1,MCC
8,32,72,1,MCC
8,32,73,0.735,MCC
8,32,74,1,MCC
8,32,75,1,MCC
8,32,76,0.11,MCC
8,32,77,0.97,MCC
8,32,78,0.325,MCC
8,32,79,1,MCC
8,32,80,0.98,MCC
8,32,81,0.14,MCC
8,32,82,0.87,MCC
8,32,83,0.11,MCC
8,32,84,0.21,MCC
8,32,85,0.095,MCC
8,32,86,0.175,MCC
8,32,87,1,MCC
8,32,88,0.58,MCC
8,32,89,1,MCC
8,32,90,1,MCC
8,32,91,1,MCC
8,32,92,1,MCC
8,32,93,1,MCC
8,32,94,0.595,MCC
8,32,95,1,MCC
8,32,96,0.945,MCC
8,32,97,0.78,MCC
8,32,98,1,MCC
8,32,99,1,MCC
8,37,51,NA,MCC
8,37,52,NA,MCC
8,37,53,0.005,MCC
8,37,54,0.005,MCC
8,37,55,0.005,MCC
8,37,56,0.005,MCC
8,37,57,0.005,MCC
8,37,58,0.01,MCC
8,37,59,0.455,MCC
8,37,60,1,MCC
8,37,61,1,MCC
8,37,62,0.07,MCC
8,37,63,0.105,MCC
8,37,64,0.605,MCC
8,37,65,0.365,MCC
8,37,66,0.045,MCC
8,37,67,0.985,MCC
8,37,68,1,MCC
8,37,69,0.965,MCC
8,37,70,1,MCC
8,37,71,0.61,MCC
8,37,72,0.01,MCC
8,37,73,0.09,MCC
8,37,74,0.125,MCC
8,37,75,0.18,MCC
8,37,76,0.545,MCC
8,37,77,0.37,MCC
8,37,78,0.865,MCC
8,37,79,0.175,MCC
8,37,80,0.665,MCC
8,37,81,1,MCC
8,37,82,0.79,MCC
8,37,83,1,MCC
8,37,84,1,MCC
8,37,85,0.03,MCC
8,37,86,0.08,MCC
8,37,87,0.725,MCC
8,37,88,0.995,MCC
8,37,89,1,MCC
8,37,90,1,MCC
8,37,91,1,MCC
8,37,92,1,MCC
8,37,93,1,MCC
8,37,94,0.215,MCC
8,37,95,1,MCC
8,37,96,0.18,MCC
8,37,97,0.975,MCC
8,37,98,1,MCC
8,37,99,0.035,MCC
9,23,51,1,CS
9,23,52,0.55,CS
9,23,53,0.505,CS
9,23,54,0.89,CS
9,23,55,0.775,CS
9,23,56,1,CS
9,23,57,0.76,CS
9,23,58,1,CS
9,23,59,0.995,CS
9,23,60,0.99,CS
9,23,61,0.705,CS
9,23,62,1,CS
9,23,63,0.8,CS
9,23,64,1,CS
9,23,65,0.565,CS
9,23,66,0.53,CS
9,23,67,1,CS
9,23,68,0.58,CS
9,23,69,1,CS
9,23,70,1,CS
9,23,71,1,CS
9,23,72,1,CS
9,23,73,1,CS
9,23,74,1,CS
9,23,75,0.855,CS
9,23,51,NA,MCC
9,23,52,0.005,MCC
9,23,53,0.005,MCC
9,23,54,0.005,MCC
9,23,55,0.015,MCC
9,23,56,0.03,MCC
9,23,57,0.165,MCC
9,23,58,1,MCC
9,23,59,1,MCC
9,23,60,0.05,MCC
9,23,61,0.07,MCC
9,23,62,0.99,MCC
9,23,63,0.705,MCC
9,23,64,1,MCC
9,23,65,0.58,MCC
9,23,66,1,MCC
9,23,67,0.125,MCC
9,23,68,0.135,MCC
9,23,69,0.01,MCC
9,23,70,0.855,MCC
9,23,71,0.505,MCC
9,23,72,0.89,MCC
9,23,73,0.775,MCC
9,23,74,1,MCC
9,23,75,0.005,MCC
9,23,76,0.27,MCC
9,23,77,0.76,MCC
9,23,78,1,MCC
9,23,79,0.995,MCC
9,23,80,0.005,MCC
9,23,81,0.01,MCC
9,23,82,0.005,MCC
9,23,83,0.02,MCC
9,23,84,0.035,MCC
9,23,85,1,MCC
9,23,86,0.3,MCC
9,23,87,0.8,MCC
9,23,88,0.27,MCC
9,23,89,1,MCC
9,23,90,1,MCC
9,23,91,0.04,MCC
9,23,92,1,MCC
9,23,93,0.005,MCC
9,23,94,0.055,MCC
9,23,95,0.43,MCC
9,23,96,0.53,MCC
9,23,97,1,MCC
9,23,98,0.02,MCC
9,23,99,0.12,MCC
5,50,51,1,CS
5,50,52,0.98,CS
5,50,53,1,CS
5,50,54,0.845,CS
5,50,55,1,CS
5,50,56,1,CS
5,50,57,0.525,CS
5,50,58,1,CS
5,50,59,1,CS
5,50,60,0.845,CS
5,50,61,0.615,CS
5,50,62,0.945,CS
5,50,63,0.955,CS
5,50,64,1,CS
5,50,65,1,CS
5,50,66,1,CS
5,50,67,0.865,CS
5,50,68,1,CS
5,50,69,1,CS
5,50,70,1,CS
5,50,71,1,CS
5,50,72,1,CS
5,50,73,1,CS
5,50,74,0.56,CS
5,50,75,1,CS
5,50,76,0.96,CS
5,50,77,1,CS
5,50,78,0.715,CS
5,50,79,1,CS
5,50,80,1,CS
8,46,51,1,CS
8,46,52,0.92,CS
8,46,53,0.955,CS
8,46,54,1,CS
8,46,55,1,CS
8,46,56,0.995,CS
8,46,57,0.985,CS
8,46,58,1,CS
8,46,59,1,CS
8,46,60,1,CS
8,46,61,1,CS
8,46,62,1,CS
8,46,63,1,CS
8,46,64,1,CS
8,46,65,0.735,CS
8,46,66,0.71,CS
8,46,67,1,CS
8,46,68,1,CS
8,46,69,1,CS
8,46,70,0.685,CS
8,46,71,0.555,CS
5,50,51,NA,MCC
5,50,52,NA,MCC
5,50,53,0.025,MCC
5,50,54,0.35,MCC
5,50,55,1,MCC
5,50,56,0.865,MCC
5,50,57,1,MCC
5,50,58,0.23,MCC
5,50,59,0.715,MCC
5,50,60,1,MCC
5,50,61,0.35,MCC
5,50,62,1,MCC
5,50,63,0.04,MCC
5,50,64,0.01,MCC
5,50,65,0.12,MCC
5,50,66,0.96,MCC
5,50,67,1,MCC
5,50,68,0.08,MCC
5,50,69,0.105,MCC
5,50,70,1,MCC
5,50,71,1,MCC
5,50,72,0.405,MCC
5,50,73,0.035,MCC
5,50,74,0.015,MCC
5,50,75,0.38,MCC
5,50,76,1,MCC
5,50,77,1,MCC
5,50,78,1,MCC
5,50,79,0.195,MCC
5,50,80,0.98,MCC
5,50,81,0.275,MCC
5,50,82,0.3,MCC
5,50,83,0.48,MCC
5,50,84,1,MCC
5,50,85,0.845,MCC
5,50,86,0.33,MCC
5,50,87,1,MCC
5,50,88,1,MCC
5,50,89,0.525,MCC
5,50,90,1,MCC
5,50,91,1,MCC
5,50,92,0.845,MCC
5,50,93,0.615,MCC
5,50,94,0.945,MCC
5,50,95,0.955,MCC
5,50,96,1,MCC
5,50,97,1,MCC
5,50,98,0.56,MCC
5,50,99,1,MCC
8,46,51,NA,MCC
8,46,52,0.005,MCC
8,46,53,0.005,MCC
8,46,54,0.01,MCC
8,46,55,0.085,MCC
8,46,56,1,MCC
8,46,57,1,MCC
8,46,58,0.735,MCC
8,46,59,0.01,MCC
8,46,60,0.185,MCC
8,46,61,0.075,MCC
8,46,62,0.04,MCC
8,46,63,0.09,MCC
8,46,64,0.035,MCC
8,46,65,1,MCC
8,46,66,0.685,MCC
8,46,67,0.25,MCC
8,46,68,0.145,MCC
8,46,69,0.985,MCC
8,46,70,1,MCC
8,46,71,1,MCC
8,46,72,0.005,MCC
8,46,73,0.005,MCC
8,46,74,0.215,MCC
8,46,75,1,MCC
8,46,76,0.005,MCC
8,46,77,0.005,MCC
8,46,78,0.155,MCC
8,46,79,0.225,MCC
8,46,80,0.185,MCC
8,46,81,0.06,MCC
8,46,82,0.065,MCC
8,46,83,0.03,MCC
8,46,84,0.71,MCC
8,46,85,0.005,MCC
8,46,86,0.22,MCC
8,46,87,0.92,MCC
8,46,88,0.995,MCC
8,46,89,0.955,MCC
8,46,90,1,MCC
8,46,91,1,MCC
8,46,92,0.005,MCC
8,46,93,0.015,MCC
8,46,94,0.215,MCC
8,46,95,1,MCC
8,46,96,0.2,MCC
8,46,97,1,MCC
8,46,98,1,MCC
8,46,99,1,MCC
7,41,51,1,CS
7,41,52,0.595,CS
7,41,53,0.8,CS
7,41,54,0.66,CS
7,41,55,1,CS
7,41,56,0.75,CS
7,41,57,1,CS
7,41,58,0.92,CS
7,41,59,1,CS
7,41,60,1,CS
7,41,61,1,CS
7,41,62,0.9,CS
7,41,63,0.55,CS
7,41,64,1,CS
7,41,65,1,CS
7,41,66,0.52,CS
7,41,67,0.53,CS
7,41,68,1,CS
7,41,69,0.785,CS
7,41,70,1,CS
7,41,71,1,CS
7,41,72,0.955,CS
7,41,73,1,CS
7,41,74,0.985,CS
7,41,75,1,CS
7,41,76,1,CS
7,41,77,1,CS
7,41,51,NA,MCC
7,41,52,0.07,MCC
7,41,53,0.295,MCC
7,41,54,0.595,MCC
7,41,55,0.405,MCC
7,41,56,0.09,MCC
7,41,57,0.34,MCC
7,41,58,0.275,MCC
7,41,59,0.8,MCC
7,41,60,0.46,MCC
7,41,61,0.465,MCC
7,41,62,0.66,MCC
7,41,63,1,MCC
7,41,64,0.75,MCC
7,41,65,1,MCC
7,41,66,0.92,MCC
7,41,67,0.9,MCC
7,41,68,1,MCC
7,41,69,1,MCC
7,41,70,1,MCC
7,41,71,0.315,MCC
7,41,72,0.065,MCC
7,41,73,1,MCC
7,41,74,0.115,MCC
7,41,75,0.115,MCC
7,41,76,0.215,MCC
7,41,77,0.955,MCC
7,41,78,0.465,MCC
7,41,79,1,MCC
7,41,80,0.985,MCC
7,41,81,1,MCC
7,41,82,0.415,MCC
7,41,83,0.475,MCC
7,41,84,0.065,MCC
7,41,85,0.18,MCC
7,41,86,0.16,MCC
7,41,87,0.23,MCC
7,41,88,0.785,MCC
7,41,89,0.185,MCC
7,41,90,1,MCC
7,41,91,1,MCC
7,41,92,0.115,MCC
7,41,93,1,MCC
7,41,94,0.55,MCC
7,41,95,1,MCC
7,41,96,1,MCC
7,41,97,0.53,MCC
7,41,98,1,MCC
7,41,99,0.33,MCC
8,19,51,1,CS
8,19,52,0.65,CS
8,19,53,0.635,CS
8,19,54,0.655,CS
8,19,55,1,CS
8,19,56,1,CS
8,19,57,0.86,CS
8,19,58,1,CS
8,19,59,1,CS
8,19,60,0.915,CS
8,19,61,1,CS
8,19,62,0.56,CS
8,19,63,0.955,CS
8,19,64,0.88,CS
8,19,65,1,CS
8,19,66,1,CS
8,19,67,1,CS
8,19,68,1,CS
8,19,69,0.96,CS
8,19,70,1,CS
8,19,71,1,CS
8,19,72,0.695,CS
8,19,73,0.975,CS
8,19,51,NA,MCC
8,19,52,0.01,MCC
8,19,53,0.01,MCC
8,19,54,0.04,MCC
8,19,55,0.025,MCC
8,19,56,0.125,MCC
8,19,57,0.175,MCC
8,19,58,0.65,MCC
8,19,59,0.635,MCC
8,19,60,0.655,MCC
8,19,61,1,MCC
8,19,62,1,MCC
8,19,63,0.86,MCC
8,19,64,0.425,MCC
8,19,65,0.56,MCC
8,19,66,0.955,MCC
8,19,67,0.495,MCC
8,19,68,1,MCC
8,19,69,1,MCC
8,19,70,0.915,MCC
8,19,71,1,MCC
8,19,72,0.045,MCC
8,19,73,0.05,MCC
8,19,74,0.01,MCC
8,19,75,0.17,MCC
8,19,76,1,MCC
8,19,77,0.005,MCC
8,19,78,0.005,MCC
8,19,79,0.02,MCC
8,19,80,0.155,MCC
8,19,81,0.275,MCC
8,19,82,0.88,MCC
8,19,83,1,MCC
8,19,84,0.16,MCC
8,19,85,1,MCC
8,19,86,1,MCC
8,19,87,0.96,MCC
8,19,88,0.015,MCC
8,19,89,0.03,MCC
8,19,90,1,MCC
8,19,91,0.435,MCC
8,19,92,0.055,MCC
8,19,93,0.06,MCC
8,19,94,0.975,MCC
8,19,95,0.125,MCC
8,19,96,0.35,MCC
8,19,97,0.695,MCC
8,19,98,0.08,MCC
8,19,99,1,MCC
9,14,51,1,CS
9,14,52,0.52,CS
9,14,53,0.61,CS
9,14,54,0.575,CS
9,14,55,1,CS
9,14,56,0.97,CS
9,14,57,1,CS
9,14,58,1,CS
9,14,59,1,CS
9,14,60,1,CS
9,14,61,1,CS
9,14,62,1,CS
9,14,63,1,CS
9,14,64,0.555,CS
9,14,65,0.54,CS
9,14,66,0.825,CS
9,14,67,0.565,CS
9,14,68,1,CS
9,14,69,1,CS
9,14,70,0.71,CS
9,14,71,1,CS
9,14,72,1,CS
9,14,73,1,CS
9,14,51,NA,MCC
9,14,52,0.005,MCC
9,14,53,0.005,MCC
9,14,54,0.025,MCC
9,14,55,1,MCC
9,14,56,0.005,MCC
9,14,57,0.005,MCC
9,14,58,0.01,MCC
9,14,59,0.165,MCC
9,14,60,0.13,MCC
9,14,61,0.825,MCC
9,14,62,1,MCC
9,14,63,0.565,MCC
9,14,64,0.02,MCC
9,14,65,0.295,MCC
9,14,66,0.555,MCC
9,14,67,0.54,MCC
9,14,68,0.11,MCC
9,14,69,0.065,MCC
9,14,70,0.215,MCC
9,14,71,1,MCC
9,14,72,0.2,MCC
9,14,73,0.71,MCC
9,14,74,1,MCC
9,14,75,0.415,MCC
9,14,76,0.28,MCC
9,14,77,0.04,MCC
9,14,78,0.215,MCC
9,14,79,0.26,MCC
9,14,80,1,MCC
9,14,81,1,MCC
9,14,82,1,MCC
9,14,83,0.005,MCC
9,14,84,0.03,MCC
9,14,85,0.03,MCC
9,14,86,0.61,MCC
9,14,87,0.18,MCC
9,14,88,1,MCC
9,14,89,0.575,MCC
9,14,90,1,MCC
9,14,91,0.04,MCC
9,14,92,0.395,MCC
9,14,93,1,MCC
9,14,94,0.97,MCC
9,14,95,0.38,MCC
9,14,96,1,MCC
9,14,97,0.22,MCC
9,14,98,1,MCC
9,14,99,1,MCC
9,37,51,1,CS
9,37,52,0.62,CS
9,37,53,0.815,CS
9,37,54,0.625,CS
9,37,55,1,CS
9,37,56,0.955,CS
9,37,57,1,CS
9,37,58,1,CS
9,37,59,0.9,CS
9,37,60,1,CS
9,37,61,0.66,CS
9,37,62,0.68,CS
9,37,63,1,CS
9,37,64,0.995,CS
9,37,65,1,CS
9,37,66,0.99,CS
9,37,67,1,CS
9,37,68,1,CS
9,37,69,1,CS
9,37,70,1,CS
9,37,71,0.915,CS
9,37,72,0.935,CS
9,37,73,0.845,CS
9,37,74,1,CS
9,37,75,1,CS
9,37,51,NA,MCC
9,37,52,0.01,MCC
9,37,53,0.01,MCC
9,37,54,0.005,MCC
9,37,55,0.005,MCC
9,37,56,0.005,MCC
9,37,57,0.12,MCC
9,37,58,1,MCC
9,37,59,0.03,MCC
9,37,60,0.05,MCC
9,37,61,1,MCC
9,37,62,0.62,MCC
9,37,63,0.22,MCC
9,37,64,0.815,MCC
9,37,65,0.425,MCC
9,37,66,0.135,MCC
9,37,67,1,MCC
9,37,68,0.955,MCC
9,37,69,1,MCC
9,37,70,0.005,MCC
9,37,71,0.33,MCC
9,37,72,0.935,MCC
9,37,73,0.99,MCC
9,37,74,1,MCC
9,37,75,0.005,MCC
9,37,76,0.005,MCC
9,37,77,0.005,MCC
9,37,78,0.005,MCC
9,37,79,1,MCC
9,37,80,0.11,MCC
9,37,81,0.085,MCC
9,37,82,0.225,MCC
9,37,83,0.66,MCC
9,37,84,0.68,MCC
9,37,85,1,MCC
9,37,86,1,MCC
9,37,87,0.9,MCC
9,37,88,1,MCC
9,37,89,0.095,MCC
9,37,90,0.115,MCC
9,37,91,1,MCC
9,37,92,1,MCC
9,37,93,0.27,MCC
9,37,94,0.285,MCC
9,37,95,0.845,MCC
9,37,96,0.995,MCC
9,37,97,1,MCC
9,37,98,0.115,MCC
9,37,99,0.915,MCC
6,50,51,1,CS
6,50,52,0.745,CS
6,50,53,0.535,CS
6,50,54,0.82,CS
6,50,55,0.56,CS
6,50,56,1,CS
6,50,57,0.655,CS
6,50,58,0.515,CS
6,50,59,1,CS
6,50,60,1,CS
6,50,61,1,CS
6,50,62,1,CS
6,50,63,0.65,CS
6,50,64,1,CS
6,50,65,1,CS
6,50,66,0.97,CS
6,50,67,1,CS
6,50,68,1,CS
6,50,69,1,CS
6,50,70,0.995,CS
6,50,71,1,CS
6,50,72,0.79,CS
6,50,73,0.98,CS
6,50,74,1,CS
6,50,75,1,CS
6,50,76,1,CS
6,50,77,1,CS
6,50,78,1,CS
6,50,79,1,CS
6,50,80,1,CS
6,50,51,NA,MCC
6,50,52,0.14,MCC
6,50,53,0.005,MCC
6,50,54,0.095,MCC
6,50,55,0.02,MCC
6,50,56,0.195,MCC
6,50,57,0.06,MCC
6,50,58,0.97,MCC
6,50,59,1,MCC
6,50,60,1,MCC
6,50,61,1,MCC
6,50,62,0.03,MCC
6,50,63,0.225,MCC
6,50,64,1,MCC
6,50,65,1,MCC
6,50,66,0.995,MCC
6,50,67,0.31,MCC
6,50,68,0.745,MCC
6,50,69,0.235,MCC
6,50,70,1,MCC
6,50,71,1,MCC
6,50,72,0.82,MCC
6,50,73,0.56,MCC
6,50,74,1,MCC
6,50,75,0.655,MCC
6,50,76,0.515,MCC
6,50,77,1,MCC
6,50,78,1,MCC
6,50,79,0.015,MCC
6,50,80,0.085,MCC
6,50,81,0.17,MCC
6,50,82,1,MCC
6,50,83,1,MCC
6,50,84,0.005,MCC
6,50,85,0.23,MCC
6,50,86,1,MCC
6,50,87,0.005,MCC
6,50,88,0.025,MCC
6,50,89,0.205,MCC
6,50,90,1,MCC
6,50,91,0.09,MCC
6,50,92,1,MCC
6,50,93,0.79,MCC
6,50,94,0.98,MCC
6,50,95,0.415,MCC
6,50,96,0.135,MCC
6,50,97,1,MCC
6,50,98,1,MCC
6,50,99,1,MCC
9,28,51,1,CS
9,28,52,0.91,CS
9,28,53,0.875,CS
9,28,54,1,CS
9,28,55,1,CS
9,28,56,1,CS
9,28,57,1,CS
9,28,58,0.845,CS
9,28,59,0.83,CS
9,28,60,1,CS
9,28,61,1,CS
9,28,62,1,CS
9,28,63,1,CS
9,28,64,1,CS
9,28,65,0.53,CS
9,28,66,1,CS
9,28,67,0.7,CS
9,28,68,1,CS
9,28,69,1,CS
9,28,70,1,CS
9,28,71,1,CS
9,28,72,1,CS
9,28,73,1,CS
9,28,74,1,CS
9,28,75,0.555,CS
9,28,76,1,CS
9,28,77,1,CS
9,28,78,1,CS
9,1,51,1,CS
9,1,52,0.83,CS
9,1,53,0.78,CS
9,1,54,0.545,CS
9,1,55,1,CS
9,1,56,0.815,CS
9,1,57,1,CS
9,1,58,1,CS
9,1,59,1,CS
9,1,60,0.535,CS
9,1,61,0.91,CS
9,1,62,0.635,CS
9,1,63,1,CS
9,1,64,1,CS
9,1,65,0.945,CS
9,1,66,0.975,CS
9,1,67,1,CS
9,1,68,0.995,CS
9,1,69,1,CS
9,1,70,1,CS
9,1,71,1,CS
9,1,72,1,CS
9,1,73,1,CS
9,1,74,0.99,CS
9,1,75,0.85,CS
9,1,76,1,CS
9,1,77,1,CS
9,1,78,1,CS
9,28,51,NA,MCC
9,28,52,0.005,MCC
9,28,53,0.02,MCC
9,28,54,1,MCC
9,28,55,0.275,MCC
9,28,56,0.555,MCC
9,28,57,0.005,MCC
9,28,58,0.005,MCC
9,28,59,0.005,MCC
9,28,60,0.005,MCC
9,28,61,0.03,MCC
9,28,62,0.14,MCC
9,28,63,1,MCC
9,28,64,1,MCC
9,28,65,1,MCC
9,28,66,0.845,MCC
9,28,67,0.83,MCC
9,28,68,1,MCC
9,28,69,1,MCC
9,28,70,0.53,MCC
9,28,71,0.7,MCC
9,28,72,1,MCC
9,28,73,0.91,MCC
9,28,74,0.875,MCC
9,28,75,1,MCC
9,28,76,1,MCC
9,28,77,1,MCC
9,28,78,0.005,MCC
9,28,79,0.07,MCC
9,28,80,1,MCC
9,28,81,0.025,MCC
9,28,82,0.37,MCC
9,28,83,1,MCC
9,28,84,0.01,MCC
9,28,85,0.005,MCC
9,28,86,0.02,MCC
9,28,87,0.24,MCC
9,28,88,1,MCC
9,28,89,1,MCC
9,28,90,1,MCC
9,28,91,0.385,MCC
9,28,92,1,MCC
9,28,93,1,MCC
9,28,94,1,MCC
9,28,95,0.005,MCC
9,28,96,0.015,MCC
9,28,97,0.02,MCC
9,28,98,1,MCC
9,28,99,1,MCC
8,41,51,1,CS
8,41,52,0.965,CS
8,41,53,0.89,CS
8,41,54,1,CS
8,41,55,1,CS
8,41,56,1,CS
8,41,57,1,CS
8,41,58,0.645,CS
8,41,59,1,CS
8,41,60,0.52,CS
8,41,61,0.995,CS
8,41,62,0.74,CS
8,41,63,1,CS
8,41,64,0.88,CS
8,41,65,1,CS
8,41,66,1,CS
8,41,67,1,CS
8,41,68,1,CS
8,41,69,1,CS
8,41,70,1,CS
8,41,71,0.995,CS
8,41,72,1,CS
9,1,51,NA,MCC
9,1,52,0.005,MCC
9,1,53,0.005,MCC
9,1,54,0.07,MCC
9,1,55,1,MCC
9,1,56,0.475,MCC
9,1,57,0.09,MCC
9,1,58,0.535,MCC
9,1,59,0.91,MCC
9,1,60,0.635,MCC
9,1,61,1,MCC
9,1,62,1,MCC
9,1,63,0.945,MCC
9,1,64,1,MCC
9,1,65,0.005,MCC
9,1,66,0.005,MCC
9,1,67,0.01,MCC
9,1,68,0.005,MCC
9,1,69,0.17,MCC
9,1,70,1,MCC
9,1,71,1,MCC
9,1,72,0.29,MCC
9,1,73,0.975,MCC
9,1,74,1,MCC
9,1,75,0.995,MCC
9,1,76,0.24,MCC
9,1,77,1,MCC
9,1,78,1,MCC
9,1,79,0.075,MCC
9,1,80,0.125,MCC
9,1,81,0.99,MCC
9,1,82,0.85,MCC
9,1,83,1,MCC
9,1,84,0.83,MCC
9,1,85,0.13,MCC
9,1,86,0.48,MCC
9,1,87,0.815,MCC
9,1,88,1,MCC
9,1,89,1,MCC
9,1,90,0.415,MCC
9,1,91,0.305,MCC
9,1,92,0.78,MCC
9,1,93,0.35,MCC
9,1,94,1,MCC
9,1,95,1,MCC
9,1,96,0.005,MCC
9,1,97,0.02,MCC
9,1,98,0.115,MCC
9,1,99,1,MCC
8,41,51,NA,MCC
8,41,52,0.05,MCC
8,41,53,0.01,MCC
8,41,54,0.005,MCC
8,41,55,0.015,MCC
8,41,56,1,MCC
8,41,57,0.225,MCC
8,41,58,1,MCC
8,41,59,0.005,MCC
8,41,60,0.005,MCC
8,41,61,0.175,MCC
8,41,62,0.085,MCC
8,41,63,0.105,MCC
8,41,64,0.275,MCC
8,41,65,1,MCC
8,41,66,0.435,MCC
8,41,67,1,MCC
8,41,68,0.06,MCC
8,41,69,0.07,MCC
8,41,70,0.17,MCC
8,41,71,0.235,MCC
8,41,72,0.965,MCC
8,41,73,0.89,MCC
8,41,74,1,MCC
8,41,75,1,MCC
8,41,76,1,MCC
8,41,77,0.34,MCC
8,41,78,0.34,MCC
8,41,79,1,MCC
8,41,80,0.645,MCC
8,41,81,1,MCC
8,41,82,0.36,MCC
8,41,83,0.415,MCC
8,41,84,0.88,MCC
8,41,85,1,MCC
8,41,86,0.005,MCC
8,41,87,0.325,MCC
8,41,88,0.005,MCC
8,41,89,0.03,MCC
8,41,90,0.995,MCC
8,41,91,0.74,MCC
8,41,92,1,MCC
8,41,93,1,MCC
8,41,94,0.03,MCC
8,41,95,0.23,MCC
8,41,96,0.995,MCC
8,41,97,0.01,MCC
8,41,98,0.165,MCC
8,41,99,1,MCC
9,19,51,1,CS
9,19,52,1,CS
9,19,53,1,CS
9,19,54,0.995,CS
9,19,55,0.69,CS
9,19,56,1,CS
9,19,57,0.575,CS
9,19,58,1,CS
9,19,59,1,CS
9,19,60,1,CS
9,19,61,1,CS
9,19,62,1,CS
9,19,63,1,CS
9,19,64,0.935,CS
9,19,65,0.68,CS
9,19,66,0.59,CS
9,19,67,0.525,CS
9,19,68,0.965,CS
9,19,69,0.57,CS
9,32,51,1,CS
9,19,51,NA,MCC
9,19,52,0.05,MCC
9,19,53,0.01,MCC
9,19,54,0.525,MCC
9,19,55,0.09,MCC
9,19,56,0.005,MCC
9,19,57,0.01,MCC
9,19,58,0.42,MCC
9,19,59,0.135,MCC
9,19,60,1,MCC
9,19,61,0.965,MCC
9,19,62,0.365,MCC
9,19,63,1,MCC
9,19,64,0.005,MCC
9,19,65,0.005,MCC
9,19,66,0.005,MCC
9,19,67,0.005,MCC
9,19,68,0.01,MCC
9,19,69,0.035,MCC
9,19,70,0.19,MCC
9,19,71,0.115,MCC
9,19,72,1,MCC
9,19,73,1,MCC
9,19,74,0.445,MCC
9,19,75,0.995,MCC
9,19,76,0.15,MCC
9,19,77,0.435,MCC
9,19,78,0.57,MCC
9,19,79,1,MCC
9,19,80,1,MCC
9,19,81,0.015,MCC
9,19,82,0.59,MCC
9,19,83,0.005,MCC
9,19,84,0.01,MCC
9,19,85,0.345,MCC
9,19,86,1,MCC
9,19,87,0.255,MCC
9,19,88,0.035,MCC
9,19,89,0.41,MCC
9,19,90,0.115,MCC
9,19,91,0.935,MCC
9,19,92,1,MCC
9,19,93,0.075,MCC
9,19,94,0.01,MCC
9,19,95,0.015,MCC
9,19,96,0.035,MCC
9,19,97,0.69,MCC
9,19,98,0.465,MCC
9,19,99,1,MCC
1,15,51,1,CS
1,15,52,0.745,CS
1,15,53,0.94,CS
1,15,54,0.975,CS
1,15,55,1,CS
1,15,56,1,CS
1,15,57,1,CS
1,15,58,1,CS
1,15,59,1,CS
1,15,60,1,CS
1,15,61,1,CS
1,15,62,1,CS
1,15,63,0.99,CS
1,15,64,1,CS
1,15,65,1,CS
1,15,66,1,CS
1,15,67,0.64,CS
1,15,68,1,CS
1,15,69,1,CS
1,15,70,1,CS
1,15,71,0.645,CS
1,15,72,1,CS
1,15,73,1,CS
1,15,74,0.94,CS
1,15,75,0.655,CS
1,15,76,1,CS
1,15,77,0.56,CS
1,15,78,1,CS
1,15,79,1,CS
1,15,80,1,CS
1,15,81,1,CS
1,15,82,1,CS
1,15,83,1,CS
1,15,84,1,CS
1,15,85,1,CS
1,15,86,1,CS
1,15,87,1,CS
1,15,88,1,CS
1,15,89,1,CS
1,15,90,0.625,CS
1,15,91,1,CS
1,15,92,1,CS
1,15,93,1,CS
1,15,94,1,CS
1,15,95,1,CS
1,15,96,1,CS
1,15,51,NA,MCC
1,15,52,1,MCC
1,15,53,0.745,MCC
1,15,54,1,MCC
1,15,55,1,MCC
1,15,56,1,MCC
1,15,57,1,MCC
1,15,58,1,MCC
1,15,59,1,MCC
1,15,60,1,MCC
1,15,61,1,MCC
1,15,62,1,MCC
1,15,63,0.625,MCC
1,15,64,0.94,MCC
1,15,65,0.35,MCC
1,15,66,1,MCC
1,15,67,0.4,MCC
1,15,68,0.56,MCC
1,15,69,0.375,MCC
1,15,70,1,MCC
1,15,71,1,MCC
1,15,72,1,MCC
1,15,73,1,MCC
1,15,74,1,MCC
1,15,75,1,MCC
1,15,76,1,MCC
1,15,77,0.975,MCC
1,15,78,1,MCC
1,15,79,0.655,MCC
1,15,80,1,MCC
1,15,81,1,MCC
1,15,82,0.94,MCC
1,15,83,1,MCC
1,15,84,0.645,MCC
1,15,85,1,MCC
1,15,86,1,MCC
1,15,87,0.64,MCC
1,15,88,1,MCC
1,15,89,1,MCC
1,15,90,1,MCC
1,15,91,1,MCC
1,15,92,1,MCC
1,15,93,1,MCC
1,15,94,1,MCC
1,15,95,0.99,MCC
1,15,96,1,MCC
1,15,97,1,MCC
1,15,98,1,MCC
1,15,99,1,MCC
9,32,51,NA,MCC
9,32,52,0.005,MCC
9,32,53,0.005,MCC
9,32,54,0.005,MCC
9,32,55,0.005,MCC
9,32,56,0.005,MCC
9,32,57,0.005,MCC
9,32,58,0.005,MCC
9,32,59,0.005,MCC
9,32,60,0.01,MCC
9,32,61,0.03,MCC
9,32,62,0.005,MCC
9,32,63,0.005,MCC
9,32,64,0.005,MCC
9,32,65,0.025,MCC
9,32,66,0.005,MCC
9,32,67,0.025,MCC
9,32,68,0.005,MCC
9,32,69,0.005,MCC
9,32,70,0.005,MCC
9,32,71,0.005,MCC
9,32,72,0.015,MCC
9,32,73,0.025,MCC
9,32,74,0.02,MCC
9,32,75,0.005,MCC
9,32,76,0.035,MCC
9,32,77,0.005,MCC
9,32,78,0.005,MCC
9,32,79,0.005,MCC
9,32,80,0.005,MCC
9,32,81,0.02,MCC
9,32,82,0.005,MCC
9,32,83,0.005,MCC
9,32,84,0.035,MCC
9,32,85,0.005,MCC
9,32,86,0.005,MCC
9,32,87,0.005,MCC
9,32,88,0.02,MCC
9,32,89,0.015,MCC
9,32,90,0.025,MCC
9,32,91,0.005,MCC
9,32,92,0.005,MCC
9,32,93,0.035,MCC
9,32,94,0.02,MCC
9,32,95,0.005,MCC
9,32,96,0.045,MCC
9,32,97,0.01,MCC
9,32,98,0.04,MCC
9,32,99,0.015,MCC
1,38,51,1,CS
1,38,52,0.94,CS
1,38,53,1,CS
1,38,54,1,CS
1,38,55,0.905,CS
1,38,56,1,CS
1,38,57,1,CS
1,38,58,1,CS
1,38,59,1,CS
1,38,60,1,CS
1,38,61,1,CS
1,38,62,1,CS
1,38,63,1,CS
1,38,64,1,CS
1,38,65,1,CS
1,38,66,1,CS
1,38,67,1,CS
1,38,68,1,CS
1,38,69,1,CS
1,38,70,1,CS
1,38,71,1,CS
1,38,72,1,CS
1,38,73,1,CS
1,38,74,1,CS
1,38,75,0.985,CS
1,38,76,0.81,CS
1,38,77,1,CS
1,38,78,1,CS
1,38,79,0.93,CS
1,38,80,1,CS
1,38,81,1,CS
1,38,82,0.99,CS
1,38,83,1,CS
1,38,84,1,CS
1,38,85,1,CS
1,38,86,1,CS
1,38,87,1,CS
1,38,88,0.995,CS
1,38,89,1,CS
1,38,90,1,CS
1,38,91,1,CS
1,38,92,1,CS
1,38,93,1,CS
1,38,94,1,CS
1,38,95,0.635,CS
1,38,96,1,CS
1,38,97,0.87,CS
1,38,98,1,CS
1,38,99,1,CS
1,24,51,1,CS
1,24,52,0.675,CS
1,24,53,0.995,CS
1,24,54,0.98,CS
1,24,55,0.52,CS
1,24,56,1,CS
1,24,57,0.97,CS
1,24,58,0.645,CS
1,24,59,1,CS
1,24,60,1,CS
1,24,61,0.685,CS
1,24,62,1,CS
1,24,63,1,CS
1,24,64,1,CS
1,24,65,1,CS
1,24,66,1,CS
1,24,67,0.55,CS
1,24,68,0.515,CS
1,24,69,1,CS
1,24,70,1,CS
1,24,71,1,CS
1,24,72,0.735,CS
1,24,73,1,CS
1,24,74,1,CS
1,24,75,0.97,CS
1,24,76,1,CS
1,24,77,0.96,CS
1,24,78,0.705,CS
1,24,79,0.84,CS
1,24,80,1,CS
1,24,81,1,CS
1,24,82,1,CS
1,24,83,1,CS
1,24,84,1,CS
1,24,85,1,CS
1,24,86,1,CS
1,24,87,0.94,CS
1,24,88,1,CS
1,24,89,1,CS
1,24,90,0.84,CS
1,24,91,1,CS
1,24,92,0.935,CS
1,24,93,1,CS
1,24,94,1,CS
1,24,95,1,CS
1,24,96,1,CS
1,24,97,0.715,CS
1,24,98,1,CS
1,24,99,0.92,CS
1,38,51,NA,MCC
1,38,52,0.99,MCC
1,38,53,1,MCC
1,38,54,1,MCC
1,38,55,1,MCC
1,38,56,1,MCC
1,38,57,1,MCC
1,38,58,1,MCC
1,38,59,1,MCC
1,38,60,1,MCC
1,38,61,1,MCC
1,38,62,1,MCC
1,38,63,0.995,MCC
1,38,64,1,MCC
1,38,65,0.635,MCC
1,38,66,1,MCC
1,38,67,0.87,MCC
1,38,68,1,MCC
1,38,69,1,MCC
1,38,70,0.94,MCC
1,38,71,1,MCC
1,38,72,1,MCC
1,38,73,1,MCC
1,38,74,1,MCC
1,38,75,1,MCC
1,38,76,1,MCC
1,38,77,0.905,MCC
1,38,78,1,MCC
1,38,79,1,MCC
1,38,80,1,MCC
1,38,81,1,MCC
1,38,82,1,MCC
1,38,83,1,MCC
1,38,84,1,MCC
1,38,85,1,MCC
1,38,86,1,MCC
1,38,87,1,MCC
1,38,88,1,MCC
1,38,89,1,MCC
1,38,90,1,MCC
1,38,91,1,MCC
1,38,92,1,MCC
1,38,93,0.985,MCC
1,38,94,0.81,MCC
1,38,95,1,MCC
1,38,96,1,MCC
1,38,97,0.93,MCC
1,38,98,1,MCC
1,38,99,1,MCC
1,24,51,NA,MCC
1,24,52,0.705,MCC
1,24,53,0.715,MCC
1,24,54,0.92,MCC
1,24,55,1,MCC
1,24,56,0.84,MCC
1,24,57,0.84,MCC
1,24,58,1,MCC
1,24,59,1,MCC
1,24,60,1,MCC
1,24,61,0.935,MCC
1,24,62,1,MCC
1,24,63,1,MCC
1,24,64,1,MCC
1,24,65,1,MCC
1,24,66,1,MCC
1,24,67,1,MCC
1,24,68,1,MCC
1,24,69,1,MCC
1,24,70,1,MCC
1,24,71,1,MCC
1,24,72,0.94,MCC
1,24,73,1,MCC
1,24,74,0.675,MCC
1,24,75,1,MCC
1,24,76,0.97,MCC
1,24,77,1,MCC
1,24,78,0.96,MCC
1,24,79,0.995,MCC
1,24,80,0.55,MCC
1,24,81,0.515,MCC
1,24,82,1,MCC
1,24,83,1,MCC
1,24,84,1,MCC
1,24,85,0.735,MCC
1,24,86,1,MCC
1,24,87,0.98,MCC
1,24,88,0.52,MCC
1,24,89,1,MCC
1,24,90,1,MCC
1,24,91,0.97,MCC
1,24,92,0.645,MCC
1,24,93,1,MCC
1,24,94,1,MCC
1,24,95,0.685,MCC
1,24,96,1,MCC
1,24,97,1,MCC
1,24,98,1,MCC
1,24,99,1,MCC
9,46,51,1,CS
9,46,52,1,CS
9,46,53,1,CS
9,46,54,1,CS
9,46,55,1,CS
9,46,56,0.98,CS
9,46,57,1,CS
9,46,58,0.99,CS
9,46,59,1,CS
9,46,60,1,CS
9,46,61,0.56,CS
9,46,62,1,CS
9,46,63,1,CS
9,46,64,0.735,CS
9,46,65,1,CS
9,46,66,0.935,CS
9,46,67,1,CS
9,46,68,0.955,CS
9,46,69,1,CS
9,46,70,0.58,CS
9,46,51,NA,MCC
9,46,52,0.005,MCC
9,46,53,0.03,MCC
9,46,54,0.07,MCC
9,46,55,1,MCC
9,46,56,0.025,MCC
9,46,57,0.015,MCC
9,46,58,0.065,MCC
9,46,59,0.185,MCC
9,46,60,0.005,MCC
9,46,61,0.01,MCC
9,46,62,0.04,MCC
9,46,63,0.09,MCC
9,46,64,1,MCC
9,46,65,1,MCC
9,46,66,1,MCC
9,46,67,0.28,MCC
9,46,68,0.955,MCC
9,46,69,0.735,MCC
9,46,70,1,MCC
9,46,71,0.005,MCC
9,46,72,0.005,MCC
9,46,73,0.005,MCC
9,46,74,0.005,MCC
9,46,75,0.26,MCC
9,46,76,0.12,MCC
9,46,77,0.065,MCC
9,46,78,0.99,MCC
9,46,79,1,MCC
9,46,80,1,MCC
9,46,81,0.58,MCC
9,46,82,0.935,MCC
9,46,83,1,MCC
9,46,84,0.005,MCC
9,46,85,0.005,MCC
9,46,86,0.005,MCC
9,46,87,0.005,MCC
9,46,88,0.04,MCC
9,46,89,0.055,MCC
9,46,90,1,MCC
9,46,91,0.98,MCC
9,46,92,1,MCC
9,46,93,0.41,MCC
9,46,94,0.05,MCC
9,46,95,0.09,MCC
9,46,96,0.56,MCC
9,46,97,1,MCC
9,46,98,1,MCC
9,46,99,0.055,MCC
9,41,51,1,CS
9,41,52,0.99,CS
9,41,53,0.65,CS
9,41,54,0.88,CS
9,41,55,1,CS
9,41,56,1,CS
9,41,57,1,CS
9,41,58,0.96,CS
9,41,59,0.74,CS
9,41,60,1,CS
9,41,61,0.55,CS
9,41,62,0.63,CS
9,41,63,1,CS
9,41,64,0.915,CS
9,41,65,1,CS
9,41,66,0.775,CS
9,41,67,0.53,CS
9,41,68,1,CS
9,41,69,1,CS
9,41,70,0.835,CS
9,41,71,1,CS
9,41,72,1,CS
9,41,73,1,CS
9,41,74,0.66,CS
9,41,51,NA,MCC
9,41,52,0.005,MCC
9,41,53,0.005,MCC
9,41,54,0.005,MCC
9,41,55,0.005,MCC
9,41,56,0.005,MCC
9,41,57,0.18,MCC
9,41,58,1,MCC
9,41,59,0.045,MCC
9,41,60,0.255,MCC
9,41,61,1,MCC
9,41,62,0.775,MCC
9,41,63,0.53,MCC
9,41,64,0.205,MCC
9,41,65,0.125,MCC
9,41,66,0.005,MCC
9,41,67,0.015,MCC
9,41,68,0.095,MCC
9,41,69,0.99,MCC
9,41,70,0.65,MCC
9,41,71,0.88,MCC
9,41,72,1,MCC
9,41,73,1,MCC
9,41,74,1,MCC
9,41,75,0.005,MCC
9,41,76,0.135,MCC
9,41,77,0.915,MCC
9,41,78,0.425,MCC
9,41,79,1,MCC
9,41,80,0.005,MCC
9,41,81,0.02,MCC
9,41,82,1,MCC
9,41,83,0.005,MCC
9,41,84,0.075,MCC
9,41,85,0.215,MCC
9,41,86,0.96,MCC
9,41,87,0.2,MCC
9,41,88,1,MCC
9,41,89,0.55,MCC
9,41,90,1,MCC
9,41,91,0.175,MCC
9,41,92,0.045,MCC
9,41,93,0.095,MCC
9,41,94,1,MCC
9,41,95,0.835,MCC
9,41,96,0.63,MCC
9,41,97,0.48,MCC
9,41,98,1,MCC
9,41,99,0.66,MCC
1,2,51,1,CS
1,2,52,0.615,CS
1,2,53,0.685,CS
1,2,54,1,CS
1,2,55,0.745,CS
1,2,56,0.995,CS
1,2,57,1,CS
1,2,58,1,CS
1,2,59,1,CS
1,2,60,1,CS
1,2,61,1,CS
1,2,62,1,CS
1,2,63,0.99,CS
1,2,64,1,CS
1,2,65,1,CS
1,2,66,1,CS
1,2,67,1,CS
1,2,68,1,CS
1,2,69,1,CS
1,2,70,1,CS
1,2,71,1,CS
1,2,72,1,CS
1,2,73,1,CS
1,2,74,1,CS
1,2,75,0.58,CS
1,2,76,0.985,CS
1,2,77,1,CS
1,2,78,1,CS
1,2,79,1,CS
1,2,80,0.99,CS
1,2,81,1,CS
1,2,82,1,CS
1,2,83,0.995,CS
1,2,84,1,CS
1,2,85,1,CS
1,2,86,1,CS
1,2,87,1,CS
1,2,88,1,CS
1,2,89,0.925,CS
1,2,90,1,CS
1,2,91,0.655,CS
1,2,92,1,CS
1,2,93,1,CS
1,2,94,1,CS
1,2,51,NA,MCC
1,2,52,0.925,MCC
1,2,53,1,MCC
1,2,54,1,MCC
1,2,55,0.655,MCC
1,2,56,1,MCC
1,2,57,1,MCC
1,2,58,0.615,MCC
1,2,59,0.28,MCC
1,2,60,0.685,MCC
1,2,61,1,MCC
1,2,62,0.375,MCC
1,2,63,0.48,MCC
1,2,64,0.745,MCC
1,2,65,1,MCC
1,2,66,1,MCC
1,2,67,1,MCC
1,2,68,0.995,MCC
1,2,69,0.475,MCC
1,2,70,1,MCC
1,2,71,1,MCC
1,2,72,1,MCC
1,2,73,1,MCC
1,2,74,1,MCC
1,2,75,0.99,MCC
1,2,76,1,MCC
1,2,77,1,MCC
1,2,78,1,MCC
1,2,79,1,MCC
1,2,80,1,MCC
1,2,81,0.395,MCC
1,2,82,1,MCC
1,2,83,1,MCC
1,2,84,1,MCC
1,2,85,1,MCC
1,2,86,1,MCC
1,2,87,0.58,MCC
1,2,88,0.985,MCC
1,2,89,1,MCC
1,2,90,1,MCC
1,2,91,0.99,MCC
1,2,92,1,MCC
1,2,93,1,MCC
1,2,94,1,MCC
1,2,95,0.995,MCC
1,2,96,1,MCC
1,2,97,1,MCC
1,2,98,1,MCC
1,2,99,1,MCC
1,10,51,1,CS
1,10,52,0.985,CS
1,10,53,0.985,CS
1,10,54,1,CS
1,10,55,0.995,CS
1,10,56,1,CS
1,10,57,0.88,CS
1,10,58,1,CS
1,10,59,1,CS
1,10,60,1,CS
1,10,61,1,CS
1,10,62,1,CS
1,10,63,1,CS
1,10,64,1,CS
1,10,65,1,CS
1,10,66,1,CS
1,10,67,1,CS
1,10,68,0.51,CS
1,10,69,1,CS
1,10,70,1,CS
1,10,71,1,CS
1,10,72,0.755,CS
1,10,73,1,CS
1,10,74,0.77,CS
1,10,75,1,CS
1,10,76,1,CS
1,10,77,1,CS
1,10,78,1,CS
1,10,79,1,CS
1,10,80,1,CS
1,10,81,1,CS
1,10,82,1,CS
1,10,83,1,CS
1,10,84,1,CS
1,10,85,1,CS
1,10,86,1,CS
1,10,87,1,CS
1,10,88,1,CS
1,10,89,1,CS
1,10,90,1,CS
1,10,91,0.69,CS
1,10,92,1,CS
1,10,93,1,CS
1,10,94,1,CS
10,15,51,1,CS
10,15,52,0.945,CS
10,15,53,0.835,CS
10,15,54,0.635,CS
10,15,55,1,CS
10,15,56,0.57,CS
10,15,57,0.92,CS
10,15,58,0.705,CS
10,15,59,0.52,CS
10,15,60,1,CS
10,15,61,1,CS
10,15,62,1,CS
10,15,63,1,CS
10,15,64,0.98,CS
10,15,65,1,CS
10,15,66,1,CS
10,15,67,1,CS
10,15,68,1,CS
10,15,69,0.81,CS
10,15,70,1,CS
10,15,71,1,CS
10,15,72,1,CS
10,15,73,1,CS
10,15,74,0.925,CS
10,15,75,1,CS
10,15,51,NA,MCC
10,15,52,0.005,MCC
10,15,53,0.005,MCC
10,15,54,0.175,MCC
10,15,55,1,MCC
10,15,56,1,MCC
10,15,57,0.025,MCC
10,15,58,0.425,MCC
10,15,59,0.005,MCC
10,15,60,0.035,MCC
10,15,61,0.365,MCC
10,15,62,0.235,MCC
10,15,63,1,MCC
10,15,64,0.005,MCC
10,15,65,0.005,MCC
10,15,66,0.075,MCC
10,15,67,0.115,MCC
10,15,68,0.135,MCC
10,15,69,1,MCC
10,15,70,0.98,MCC
10,15,71,1,MCC
10,15,72,1,MCC
10,15,73,0.705,MCC
10,15,74,1,MCC
10,15,75,0.52,MCC
10,15,76,0.235,MCC
10,15,77,1,MCC
10,15,78,1,MCC
10,15,79,0.005,MCC
10,15,80,0.945,MCC
10,15,81,0.92,MCC
10,15,82,0.835,MCC
10,15,83,0.635,MCC
10,15,84,1,MCC
10,15,85,0.26,MCC
10,15,86,0.005,MCC
10,15,87,0.02,MCC
10,15,88,0.425,MCC
10,15,89,1,MCC
10,15,90,0.81,MCC
10,15,91,1,MCC
10,15,92,0.01,MCC
10,15,93,0.925,MCC
10,15,94,1,MCC
10,15,95,0.005,MCC
10,15,96,0.02,MCC
10,15,97,0.18,MCC
10,15,98,1,MCC
10,15,99,0.04,MCC
1,10,51,NA,MCC
1,10,52,0.985,MCC
1,10,53,0.385,MCC
1,10,54,1,MCC
1,10,55,0.385,MCC
1,10,56,0.375,MCC
1,10,57,1,MCC
1,10,58,1,MCC
1,10,59,0.755,MCC
1,10,60,1,MCC
1,10,61,0.77,MCC
1,10,62,1,MCC
1,10,63,1,MCC
1,10,64,1,MCC
1,10,65,1,MCC
1,10,66,1,MCC
1,10,67,1,MCC
1,10,68,1,MCC
1,10,69,1,MCC
1,10,70,1,MCC
1,10,71,0.985,MCC
1,10,72,1,MCC
1,10,73,1,MCC
1,10,74,1,MCC
1,10,75,0.51,MCC
1,10,76,1,MCC
1,10,77,1,MCC
1,10,78,1,MCC
1,10,79,1,MCC
1,10,80,1,MCC
1,10,81,1,MCC
1,10,82,1,MCC
1,10,83,0.995,MCC
1,10,84,0.41,MCC
1,10,85,1,MCC
1,10,86,1,MCC
1,10,87,0.88,MCC
1,10,88,1,MCC
1,10,89,1,MCC
1,10,90,0.445,MCC
1,10,91,1,MCC
1,10,92,0.69,MCC
1,10,93,1,MCC
1,10,94,1,MCC
1,10,95,1,MCC
1,10,96,1,MCC
1,10,97,1,MCC
1,10,98,1,MCC
1,10,99,1,MCC
10,38,51,1,CS
10,38,52,0.98,CS
10,38,53,0.995,CS
10,38,54,1,CS
10,38,55,1,CS
10,38,56,1,CS
10,38,57,1,CS
10,38,58,1,CS
10,38,59,1,CS
10,38,60,0.855,CS
10,38,61,0.96,CS
10,38,62,0.615,CS
10,38,63,0.975,CS
10,38,64,1,CS
10,38,65,0.995,CS
10,38,66,1,CS
10,38,67,1,CS
10,38,68,1,CS
10,38,69,1,CS
10,38,70,0.665,CS
10,38,71,1,CS
10,38,72,1,CS
10,38,73,1,CS
10,38,74,1,CS
10,38,75,1,CS
10,38,76,1,CS
10,38,77,0.755,CS
10,38,51,NA,MCC
10,38,52,0.005,MCC
10,38,53,0.005,MCC
10,38,54,0.005,MCC
10,38,55,0.015,MCC
10,38,56,0.13,MCC
10,38,57,0.98,MCC
10,38,58,1,MCC
10,38,59,0.995,MCC
10,38,60,1,MCC
10,38,61,1,MCC
10,38,62,0.975,MCC
10,38,63,1,MCC
10,38,64,1,MCC
10,38,65,0.5,MCC
10,38,66,0.665,MCC
10,38,67,1,MCC
10,38,68,0.005,MCC
10,38,69,0.045,MCC
10,38,70,0.005,MCC
10,38,71,0.01,MCC
10,38,72,0.755,MCC
10,38,73,0.025,MCC
10,38,74,0.205,MCC
10,38,75,0.33,MCC
10,38,76,1,MCC
10,38,77,1,MCC
10,38,78,0.005,MCC
10,38,79,1,MCC
10,38,80,0.005,MCC
10,38,81,0.01,MCC
10,38,82,0.855,MCC
10,38,83,0.96,MCC
10,38,84,0.25,MCC
10,38,85,0.065,MCC
10,38,86,1,MCC
10,38,87,1,MCC
10,38,88,0.005,MCC
10,38,89,0.255,MCC
10,38,90,0.29,MCC
10,38,91,0.995,MCC
10,38,92,1,MCC
10,38,93,1,MCC
10,38,94,0.1,MCC
10,38,95,0.3,MCC
10,38,96,1,MCC
10,38,97,1,MCC
10,38,98,1,MCC
10,38,99,1,MCC
1,33,51,1,CS
1,33,52,0.555,CS
1,33,53,1,CS
1,33,54,0.74,CS
1,33,55,1,CS
1,33,56,1,CS
1,33,57,0.965,CS
1,33,58,1,CS
1,33,59,1,CS
1,33,60,1,CS
1,33,61,1,CS
1,33,62,0.725,CS
1,33,63,1,CS
1,33,64,0.995,CS
1,33,65,1,CS
1,33,66,0.99,CS
1,33,67,0.995,CS
1,33,68,1,CS
1,33,69,1,CS
1,33,70,1,CS
1,33,71,1,CS
1,33,72,1,CS
1,33,73,1,CS
1,33,74,1,CS
1,33,75,0.9,CS
1,33,76,1,CS
1,33,77,1,CS
1,33,78,0.795,CS
1,33,79,1,CS
1,33,80,0.75,CS
1,33,81,0.98,CS
1,33,82,1,CS
1,33,83,1,CS
1,33,84,1,CS
1,33,85,0.98,CS
1,33,86,1,CS
1,33,87,1,CS
1,33,88,0.93,CS
1,33,89,1,CS
1,33,90,0.99,CS
1,33,91,1,CS
1,33,92,0.72,CS
1,33,93,1,CS
1,33,94,1,CS
1,33,51,NA,MCC
1,33,52,0.555,MCC
1,33,53,0.45,MCC
1,33,54,0.355,MCC
1,33,55,1,MCC
1,33,56,0.74,MCC
1,33,57,0.32,MCC
1,33,58,0.995,MCC
1,33,59,1,MCC
1,33,60,0.99,MCC
1,33,61,0.995,MCC
1,33,62,1,MCC
1,33,63,0.425,MCC
1,33,64,0.195,MCC
1,33,65,1,MCC
1,33,66,1,MCC
1,33,67,1,MCC
1,33,68,0.725,MCC
1,33,69,1,MCC
1,33,70,0.965,MCC
1,33,71,1,MCC
1,33,72,1,MCC
1,33,73,1,MCC
1,33,74,1,MCC
1,33,75,1,MCC
1,33,76,1,MCC
1,33,77,1,MCC
1,33,78,1,MCC
1,33,79,1,MCC
1,33,80,1,MCC
1,33,81,1,MCC
1,33,82,0.9,MCC
1,33,83,0.795,MCC
1,33,84,0.99,MCC
1,33,85,1,MCC
1,33,86,0.72,MCC
1,33,87,1,MCC
1,33,88,1,MCC
1,33,89,1,MCC
1,33,90,0.75,MCC
1,33,91,0.98,MCC
1,33,92,1,MCC
1,33,93,0.98,MCC
1,33,94,1,MCC
1,33,95,1,MCC
1,33,96,1,MCC
1,33,97,1,MCC
1,33,98,0.93,MCC
1,33,99,1,MCC
1,42,51,1,CS
1,42,52,0.945,CS
1,42,53,0.995,CS
1,42,54,0.825,CS
1,42,55,1,CS
1,42,56,1,CS
1,42,57,1,CS
1,42,58,1,CS
1,42,59,1,CS
1,42,60,1,CS
1,42,61,1,CS
1,42,62,1,CS
1,42,63,1,CS
1,42,64,1,CS
1,42,65,1,CS
1,42,66,1,CS
1,42,67,1,CS
1,42,68,1,CS
1,42,69,1,CS
1,42,70,0.98,CS
1,42,71,0.95,CS
1,42,72,0.995,CS
1,42,73,0.835,CS
1,42,74,1,CS
1,42,75,1,CS
1,42,76,1,CS
1,42,77,1,CS
1,42,78,0.89,CS
1,42,79,1,CS
1,42,80,1,CS
1,42,81,1,CS
1,42,82,0.96,CS
1,42,83,1,CS
1,42,84,1,CS
1,42,85,1,CS
1,42,86,1,CS
1,42,87,0.73,CS
1,42,88,0.615,CS
1,42,89,1,CS
1,42,90,1,CS
1,42,91,1,CS
1,42,92,1,CS
1,42,93,0.775,CS
1,42,94,1,CS
1,42,95,0.995,CS
1,42,96,1,CS
1,42,97,1,CS
1,42,98,0.995,CS
1,29,51,1,CS
1,29,52,0.655,CS
1,29,53,0.615,CS
1,29,54,0.81,CS
1,29,55,0.985,CS
1,29,56,0.905,CS
1,29,57,0.88,CS
1,29,58,1,CS
1,29,59,1,CS
1,29,60,1,CS
1,29,61,1,CS
1,29,62,1,CS
1,29,63,0.96,CS
1,29,64,1,CS
1,29,65,0.87,CS
1,29,66,1,CS
1,29,67,1,CS
1,29,68,1,CS
1,29,69,1,CS
1,29,70,1,CS
1,29,71,1,CS
1,29,72,1,CS
1,29,73,1,CS
1,29,74,1,CS
1,29,75,0.8,CS
1,29,76,0.705,CS
1,29,77,0.975,CS
1,29,78,0.865,CS
1,29,79,1,CS
1,29,80,1,CS
1,29,81,1,CS
1,29,82,1,CS
1,29,83,0.885,CS
1,29,84,1,CS
1,29,85,1,CS
1,29,86,0.96,CS
1,29,87,1,CS
1,29,88,1,CS
1,29,89,1,CS
1,29,90,1,CS
1,29,91,1,CS
1,29,92,0.87,CS
1,29,93,1,CS
1,29,94,0.745,CS
1,29,95,1,CS
1,42,51,NA,MCC
1,42,52,0.945,MCC
1,42,53,0.98,MCC
1,42,54,0.95,MCC
1,42,55,0.995,MCC
1,42,56,0.835,MCC
1,42,57,1,MCC
1,42,58,1,MCC
1,42,59,0.995,MCC
1,42,60,0.495,MCC
1,42,61,0.825,MCC
1,42,62,1,MCC
1,42,63,1,MCC
1,42,64,1,MCC
1,42,65,1,MCC
1,42,66,1,MCC
1,42,67,1,MCC
1,42,68,1,MCC
1,42,69,1,MCC
1,42,70,1,MCC
1,42,71,1,MCC
1,42,72,1,MCC
1,42,73,1,MCC
1,42,74,1,MCC
1,42,75,1,MCC
1,42,76,1,MCC
1,42,77,1,MCC
1,42,78,1,MCC
1,42,79,0.995,MCC
1,42,80,1,MCC
1,42,81,0.89,MCC
1,42,82,0.73,MCC
1,42,83,0.615,MCC
1,42,84,1,MCC
1,42,85,1,MCC
1,42,86,1,MCC
1,42,87,1,MCC
1,42,88,1,MCC
1,42,89,1,MCC
1,42,90,1,MCC
1,42,91,0.96,MCC
1,42,92,1,MCC
1,42,93,1,MCC
1,42,94,1,MCC
1,42,95,1,MCC
1,42,96,0.775,MCC
1,42,97,1,MCC
1,42,98,0.995,MCC
1,42,99,1,MCC
1,29,51,NA,MCC
1,29,52,0.655,MCC
1,29,53,0.255,MCC
1,29,54,0.615,MCC
1,29,55,0.81,MCC
1,29,56,0.985,MCC
1,29,57,0.905,MCC
1,29,58,0.88,MCC
1,29,59,1,MCC
1,29,60,1,MCC
1,29,61,1,MCC
1,29,62,1,MCC
1,29,63,1,MCC
1,29,64,0.96,MCC
1,29,65,1,MCC
1,29,66,0.87,MCC
1,29,67,1,MCC
1,29,68,1,MCC
1,29,69,1,MCC
1,29,70,0.415,MCC
1,29,71,1,MCC
1,29,72,1,MCC
1,29,73,1,MCC
1,29,74,1,MCC
1,29,75,1,MCC
1,29,76,1,MCC
1,29,77,0.8,MCC
1,29,78,0.255,MCC
1,29,79,1,MCC
1,29,80,0.405,MCC
1,29,81,1,MCC
1,29,82,1,MCC
1,29,83,0.87,MCC
1,29,84,1,MCC
1,29,85,0.745,MCC
1,29,86,1,MCC
1,29,87,0.705,MCC
1,29,88,0.885,MCC
1,29,89,1,MCC
1,29,90,1,MCC
1,29,91,1,MCC
1,29,92,0.96,MCC
1,29,93,1,MCC
1,29,94,0.975,MCC
1,29,95,0.865,MCC
1,29,96,1,MCC
1,29,97,1,MCC
1,29,98,1,MCC
1,29,99,1,MCC
10,2,51,1,CS
10,2,52,0.98,CS
10,2,53,0.94,CS
10,2,54,0.975,CS
10,2,55,1,CS
10,2,56,0.52,CS
10,2,57,0.555,CS
10,2,58,0.65,CS
10,2,59,1,CS
10,2,60,1,CS
10,2,61,1,CS
10,2,62,0.675,CS
10,2,63,1,CS
10,2,64,1,CS
10,2,65,1,CS
10,2,66,1,CS
10,2,67,0.52,CS
10,2,68,0.9,CS
10,2,51,NA,MCC
10,2,52,0.005,MCC
10,2,53,0.015,MCC
10,2,54,0.17,MCC
10,2,55,0.125,MCC
10,2,56,0.52,MCC
10,2,57,0.52,MCC
10,2,58,0.415,MCC
10,2,59,0.35,MCC
10,2,60,0.09,MCC
10,2,61,0.9,MCC
10,2,62,0.005,MCC
10,2,63,0.125,MCC
10,2,64,0.005,MCC
10,2,65,0.005,MCC
10,2,66,0.005,MCC
10,2,67,0.01,MCC
10,2,68,0.045,MCC
10,2,69,0.105,MCC
10,2,70,1,MCC
10,2,71,0.06,MCC
10,2,72,0.415,MCC
10,2,73,0.98,MCC
10,2,74,0.94,MCC
10,2,75,0.975,MCC
10,2,76,1,MCC
10,2,77,0.025,MCC
10,2,78,1,MCC
10,2,79,0.005,MCC
10,2,80,0.005,MCC
10,2,81,0.02,MCC
10,2,82,1,MCC
10,2,83,0.005,MCC
10,2,84,0.005,MCC
10,2,85,0.045,MCC
10,2,86,0.105,MCC
10,2,87,0.42,MCC
10,2,88,1,MCC
10,2,89,1,MCC
10,2,90,0.005,MCC
10,2,91,0.01,MCC
10,2,92,0.195,MCC
10,2,93,0.555,MCC
10,2,94,0.65,MCC
10,2,95,1,MCC
10,2,96,0.005,MCC
10,2,97,0.055,MCC
10,2,98,0.675,MCC
10,2,99,1,MCC
7,50,51,1,CS
7,50,52,0.85,CS
7,50,53,0.63,CS
7,50,54,1,CS
7,50,55,0.58,CS
7,50,56,1,CS
7,50,57,0.505,CS
7,50,58,1,CS
7,50,59,1,CS
7,50,60,1,CS
7,50,61,0.57,CS
7,50,62,0.575,CS
7,50,63,0.98,CS
7,50,64,1,CS
7,50,65,0.94,CS
7,50,66,1,CS
7,50,67,1,CS
7,50,68,0.995,CS
7,50,69,1,CS
7,50,70,1,CS
7,50,71,1,CS
7,50,72,0.905,CS
7,50,73,1,CS
7,50,74,0.99,CS
7,50,75,1,CS
7,50,76,1,CS
7,50,77,1,CS
7,50,78,1,CS
7,50,79,0.64,CS
11,38,51,1,CS
11,38,52,1,CS
11,38,53,0.69,CS
11,38,54,1,CS
11,38,55,1,CS
11,38,56,1,CS
11,38,57,1,CS
11,38,58,1,CS
11,38,59,1,CS
11,38,60,0.925,CS
11,38,61,1,CS
11,38,62,1,CS
11,38,63,1,CS
11,38,64,1,CS
11,38,65,0.98,CS
11,38,66,1,CS
11,38,67,0.72,CS
11,38,68,1,CS
11,38,69,0.98,CS
11,38,70,0.97,CS
11,38,71,0.84,CS
11,38,72,1,CS
11,38,73,1,CS
11,38,74,0.89,CS
11,38,75,1,CS
11,38,76,0.995,CS
11,38,51,NA,MCC
11,38,52,0.005,MCC
11,38,53,0.005,MCC
11,38,54,0.005,MCC
11,38,55,0.025,MCC
11,38,56,1,MCC
11,38,57,0.69,MCC
11,38,58,1,MCC
11,38,59,1,MCC
11,38,60,1,MCC
11,38,61,0.98,MCC
11,38,62,0.97,MCC
11,38,63,0.98,MCC
11,38,64,1,MCC
11,38,65,0.06,MCC
11,38,66,0.72,MCC
11,38,67,1,MCC
11,38,68,0.07,MCC
11,38,69,0.17,MCC
11,38,70,0.84,MCC
11,38,71,1,MCC
11,38,72,1,MCC
11,38,73,0.005,MCC
11,38,74,0.005,MCC
11,38,75,0.01,MCC
11,38,76,0.01,MCC
11,38,77,0.305,MCC
11,38,78,1,MCC
11,38,79,1,MCC
11,38,80,1,MCC
11,38,81,0.005,MCC
11,38,82,0.005,MCC
11,38,83,0.005,MCC
11,38,84,0.015,MCC
11,38,85,0.925,MCC
11,38,86,1,MCC
11,38,87,1,MCC
11,38,88,0.14,MCC
11,38,89,1,MCC
11,38,90,0.13,MCC
11,38,91,1,MCC
11,38,92,1,MCC
11,38,93,0.005,MCC
11,38,94,0.01,MCC
11,38,95,0.075,MCC
11,38,96,0.075,MCC
11,38,97,0.89,MCC
11,38,98,0.33,MCC
11,38,99,0.995,MCC
7,50,51,NA,MCC
7,50,52,0.3,MCC
7,50,53,0.2,MCC
7,50,54,1,MCC
7,50,55,0.36,MCC
7,50,56,0.995,MCC
7,50,57,0.085,MCC
7,50,58,0.12,MCC
7,50,59,0.095,MCC
7,50,60,0.055,MCC
7,50,61,0.005,MCC
7,50,62,0.005,MCC
7,50,63,0.11,MCC
7,50,64,0.295,MCC
7,50,65,1,MCC
7,50,66,1,MCC
7,50,67,1,MCC
7,50,68,1,MCC
7,50,69,0.075,MCC
7,50,70,0.575,MCC
7,50,71,0.33,MCC
7,50,72,0.94,MCC
7,50,73,1,MCC
7,50,74,0.98,MCC
7,50,75,1,MCC
7,50,76,0.005,MCC
7,50,77,0.64,MCC
7,50,78,0.03,MCC
7,50,79,0.11,MCC
7,50,80,0.905,MCC
7,50,81,1,MCC
7,50,82,0.99,MCC
7,50,83,0.02,MCC
7,50,84,0.85,MCC
7,50,85,0.13,MCC
7,50,86,0.16,MCC
7,50,87,0.63,MCC
7,50,88,1,MCC
7,50,89,0.505,MCC
7,50,90,1,MCC
7,50,91,0.58,MCC
7,50,92,1,MCC
7,50,93,1,MCC
7,50,94,1,MCC
7,50,95,0.17,MCC
7,50,96,1,MCC
7,50,97,0.265,MCC
7,50,98,1,MCC
7,50,99,1,MCC
1,47,51,1,CS
1,47,52,0.685,CS
1,47,53,0.995,CS
1,47,54,0.51,CS
1,47,55,0.73,CS
1,47,56,0.59,CS
1,47,57,0.965,CS
1,47,58,1,CS
1,47,59,1,CS
1,47,60,1,CS
1,47,61,1,CS
1,47,62,1,CS
1,47,63,1,CS
1,47,64,1,CS
1,47,65,0.93,CS
1,47,66,1,CS
1,47,67,1,CS
1,47,68,1,CS
1,47,69,1,CS
1,47,70,1,CS
1,47,71,1,CS
1,47,72,1,CS
1,47,73,1,CS
1,47,74,1,CS
1,47,75,1,CS
1,47,76,1,CS
1,47,77,0.51,CS
1,47,78,1,CS
1,47,79,1,CS
1,47,80,0.525,CS
1,47,81,1,CS
1,47,82,0.66,CS
1,47,83,1,CS
1,47,84,1,CS
1,47,85,1,CS
1,47,86,1,CS
1,47,87,1,CS
1,47,88,1,CS
1,47,89,1,CS
1,47,90,0.93,CS
1,47,91,1,CS
1,47,92,1,CS
1,47,93,0.68,CS
1,47,94,1,CS
1,47,95,1,CS
10,33,51,1,CS
10,33,52,1,CS
10,33,53,0.565,CS
10,33,54,1,CS
10,33,55,1,CS
10,33,56,0.93,CS
10,33,57,1,CS
10,33,58,1,CS
10,33,59,1,CS
10,33,60,0.995,CS
10,33,61,1,CS
10,33,62,1,CS
10,33,63,1,CS
10,33,64,1,CS
10,33,65,0.62,CS
1,47,51,NA,MCC
1,47,52,0.38,MCC
1,47,53,0.685,MCC
1,47,54,0.465,MCC
1,47,55,0.995,MCC
1,47,56,0.51,MCC
1,47,57,0.93,MCC
1,47,58,1,MCC
1,47,59,1,MCC
1,47,60,1,MCC
1,47,61,1,MCC
1,47,62,0.73,MCC
1,47,63,0.235,MCC
1,47,64,0.59,MCC
1,47,65,0.965,MCC
1,47,66,1,MCC
1,47,67,1,MCC
1,47,68,1,MCC
1,47,69,1,MCC
1,47,70,1,MCC
1,47,71,1,MCC
1,47,72,0.415,MCC
1,47,73,1,MCC
1,47,74,1,MCC
1,47,75,1,MCC
1,47,76,1,MCC
1,47,77,0.44,MCC
1,47,78,1,MCC
1,47,79,1,MCC
1,47,80,1,MCC
1,47,81,1,MCC
1,47,82,0.51,MCC
1,47,83,1,MCC
1,47,84,1,MCC
1,47,85,1,MCC
1,47,86,0.93,MCC
1,47,87,1,MCC
1,47,88,0.68,MCC
1,47,89,1,MCC
1,47,90,1,MCC
1,47,91,1,MCC
1,47,92,1,MCC
1,47,93,0.66,MCC
1,47,94,1,MCC
1,47,95,1,MCC
1,47,96,1,MCC
1,47,97,1,MCC
1,47,98,1,MCC
1,47,99,1,MCC
10,33,51,NA,MCC
10,33,52,0.005,MCC
10,33,53,0.005,MCC
10,33,54,0.035,MCC
10,33,55,1,MCC
10,33,56,0.12,MCC
10,33,57,0.995,MCC
10,33,58,0.005,MCC
10,33,59,0.005,MCC
10,33,60,0.005,MCC
10,33,61,0.005,MCC
10,33,62,0.15,MCC
10,33,63,1,MCC
10,33,64,1,MCC
10,33,65,0.035,MCC
10,33,66,1,MCC
10,33,67,1,MCC
10,33,68,0.075,MCC
10,33,69,0.075,MCC
10,33,70,1,MCC
10,33,71,0.005,MCC
10,33,72,0.005,MCC
10,33,73,0.005,MCC
10,33,74,0.005,MCC
10,33,75,0.005,MCC
10,33,76,0.015,MCC
10,33,77,0.62,MCC
10,33,78,0.015,MCC
10,33,79,1,MCC
10,33,80,0.565,MCC
10,33,81,1,MCC
10,33,82,1,MCC
10,33,83,0.01,MCC
10,33,84,0.07,MCC
10,33,85,0.05,MCC
10,33,86,0.005,MCC
10,33,87,0.07,MCC
10,33,88,0.93,MCC
10,33,89,0.365,MCC
10,33,90,0.005,MCC
10,33,91,0.01,MCC
10,33,92,0.105,MCC
10,33,93,1,MCC
10,33,94,0.23,MCC
10,33,95,0.005,MCC
10,33,96,0.005,MCC
10,33,97,0.005,MCC
10,33,98,0.13,MCC
10,33,99,0.02,MCC
10,42,51,1,CS
10,42,52,1,CS
10,42,53,1,CS
10,42,54,0.995,CS
10,42,55,1,CS
10,42,56,1,CS
10,42,57,0.745,CS
10,42,58,1,CS
10,42,59,1,CS
10,42,60,1,CS
10,42,61,0.95,CS
10,42,62,0.94,CS
10,42,63,0.605,CS
10,42,64,1,CS
10,42,65,1,CS
10,42,66,1,CS
10,42,67,0.98,CS
10,42,68,0.75,CS
10,42,51,NA,MCC
10,42,52,0.005,MCC
10,42,53,0.005,MCC
10,42,54,0.08,MCC
10,42,55,0.005,MCC
10,42,56,0.005,MCC
10,42,57,0.005,MCC
10,42,58,0.005,MCC
10,42,59,0.005,MCC
10,42,60,0.005,MCC
10,42,61,0.75,MCC
10,42,62,0.01,MCC
10,42,63,0.455,MCC
10,42,64,0.95,MCC
10,42,65,0.94,MCC
10,42,66,0.005,MCC
10,42,67,0.14,MCC
10,42,68,0.005,MCC
10,42,69,0.015,MCC
10,42,70,1,MCC
10,42,71,0.255,MCC
10,42,72,1,MCC
10,42,73,1,MCC
10,42,74,0.005,MCC
10,42,75,0.005,MCC
10,42,76,0.005,MCC
10,42,77,0.605,MCC
10,42,78,0.11,MCC
10,42,79,0.98,MCC
10,42,80,1,MCC
10,42,81,1,MCC
10,42,82,0.995,MCC
10,42,83,1,MCC
10,42,84,1,MCC
10,42,85,0.745,MCC
10,42,86,1,MCC
10,42,87,0.28,MCC
10,42,88,1,MCC
10,42,89,0.02,MCC
10,42,90,0.07,MCC
10,42,91,0.08,MCC
10,42,92,1,MCC
10,42,93,0.005,MCC
10,42,94,0.015,MCC
10,42,95,0.105,MCC
10,42,96,0.21,MCC
10,42,97,0.005,MCC
10,42,98,0.01,MCC
10,42,99,0.29,MCC
10,24,51,1,CS
10,24,52,0.99,CS
10,24,53,0.855,CS
10,24,54,0.84,CS
10,24,55,0.995,CS
10,24,56,1,CS
10,24,57,1,CS
10,24,58,1,CS
10,24,59,0.545,CS
10,24,60,1,CS
10,24,61,0.51,CS
10,24,62,1,CS
10,24,63,1,CS
10,24,64,0.995,CS
10,24,65,1,CS
10,24,66,0.515,CS
10,24,51,NA,MCC
10,24,52,0.005,MCC
10,24,53,0.005,MCC
10,24,54,0.005,MCC
10,24,55,0.005,MCC
10,24,56,0.32,MCC
10,24,57,0.43,MCC
10,24,58,0.27,MCC
10,24,59,0.005,MCC
10,24,60,0.04,MCC
10,24,61,0.005,MCC
10,24,62,0.005,MCC
10,24,63,0.115,MCC
10,24,64,1,MCC
10,24,65,0.005,MCC
10,24,66,0.02,MCC
10,24,67,0.545,MCC
10,24,68,1,MCC
10,24,69,0.135,MCC
10,24,70,0.235,MCC
10,24,71,0.84,MCC
10,24,72,1,MCC
10,24,73,0.995,MCC
10,24,74,0.24,MCC
10,24,75,0.385,MCC
10,24,76,0.99,MCC
10,24,77,0.855,MCC
10,24,78,0.44,MCC
10,24,79,0.005,MCC
10,24,80,0.005,MCC
10,24,81,0.015,MCC
10,24,82,0.995,MCC
10,24,83,0.005,MCC
10,24,84,0.01,MCC
10,24,85,1,MCC
10,24,86,1,MCC
10,24,87,0.005,MCC
10,24,88,0.03,MCC
10,24,89,1,MCC
10,24,90,1,MCC
10,24,91,0.005,MCC
10,24,92,0.005,MCC
10,24,93,0.125,MCC
10,24,94,0.515,MCC
10,24,95,0.425,MCC
10,24,96,0.005,MCC
10,24,97,0.025,MCC
10,24,98,0.025,MCC
10,24,99,0.05,MCC
10,29,51,1,CS
10,29,52,1,CS
10,29,53,0.73,CS
10,29,54,1,CS
10,29,55,0.85,CS
10,29,56,1,CS
10,29,57,1,CS
10,29,58,1,CS
10,29,59,1,CS
10,29,60,1,CS
10,29,61,1,CS
10,29,62,1,CS
10,29,63,1,CS
10,29,64,0.665,CS
10,29,65,1,CS
10,29,66,0.81,CS
10,29,67,1,CS
10,29,68,0.625,CS
10,29,51,NA,MCC
10,29,52,0.005,MCC
10,29,53,0.005,MCC
10,29,54,0.005,MCC
10,29,55,0.025,MCC
10,29,56,1,MCC
10,29,57,0.065,MCC
10,29,58,0.85,MCC
10,29,59,1,MCC
10,29,60,1,MCC
10,29,61,0.005,MCC
10,29,62,0.035,MCC
10,29,63,1,MCC
10,29,64,0.005,MCC
10,29,65,0.81,MCC
10,29,66,0.015,MCC
10,29,67,0.045,MCC
10,29,68,1,MCC
10,29,69,0.005,MCC
10,29,70,0.245,MCC
10,29,71,0.005,MCC
10,29,72,0.005,MCC
10,29,73,0.005,MCC
10,29,74,0.005,MCC
10,29,75,0.665,MCC
10,29,76,0.03,MCC
10,29,77,0.005,MCC
10,29,78,0.005,MCC
10,29,79,0.625,MCC
10,29,80,0.005,MCC
10,29,81,0.025,MCC
10,29,82,1,MCC
10,29,83,0.35,MCC
10,29,84,0.045,MCC
10,29,85,1,MCC
10,29,86,0.73,MCC
10,29,87,0.005,MCC
10,29,88,0.045,MCC
10,29,89,1,MCC
10,29,90,0.005,MCC
10,29,91,0.055,MCC
10,29,92,0.045,MCC
10,29,93,1,MCC
10,29,94,1,MCC
10,29,95,0.01,MCC
10,29,96,0.045,MCC
10,29,97,1,MCC
10,29,98,1,MCC
10,29,99,0.015,MCC
11,15,51,1,CS
11,15,52,0.98,CS
11,15,53,1,CS
11,15,54,0.63,CS
11,15,55,0.885,CS
11,15,56,0.925,CS
11,15,57,1,CS
11,15,58,1,CS
11,15,59,0.93,CS
11,15,60,1,CS
11,15,61,1,CS
11,15,62,0.985,CS
11,15,63,1,CS
11,15,64,1,CS
11,15,65,1,CS
11,15,66,1,CS
11,15,67,1,CS
11,15,68,1,CS
11,15,69,0.89,CS
11,15,70,1,CS
8,50,51,1,CS
8,50,52,1,CS
8,50,53,0.88,CS
8,50,54,0.825,CS
8,50,55,0.995,CS
8,50,56,1,CS
8,50,57,0.555,CS
8,50,58,0.975,CS
8,50,59,0.95,CS
8,50,60,1,CS
8,50,61,1,CS
8,50,62,1,CS
8,50,63,1,CS
8,50,64,0.985,CS
8,50,65,0.795,CS
8,50,66,0.97,CS
8,50,67,1,CS
8,50,68,0.875,CS
8,50,69,1,CS
8,50,70,0.98,CS
8,50,71,1,CS
8,50,72,1,CS
8,50,73,0.99,CS
8,50,74,1,CS
8,50,75,1,CS
8,50,76,0.62,CS
8,50,51,NA,MCC
8,50,52,0.005,MCC
8,50,53,0.005,MCC
8,50,54,0.005,MCC
8,50,55,0.005,MCC
8,50,56,0.125,MCC
8,50,57,0.985,MCC
8,50,58,0.795,MCC
8,50,59,0.97,MCC
8,50,60,1,MCC
8,50,61,0.015,MCC
8,50,62,0.08,MCC
8,50,63,0.09,MCC
8,50,64,0.085,MCC
8,50,65,1,MCC
8,50,66,1,MCC
8,50,67,1,MCC
8,50,68,0.2,MCC
8,50,69,0.01,MCC
8,50,70,0.015,MCC
8,50,71,0.19,MCC
8,50,72,1,MCC
8,50,73,0.88,MCC
8,50,74,0.825,MCC
8,50,75,0.995,MCC
8,50,76,1,MCC
8,50,77,0.04,MCC
8,50,78,0.075,MCC
8,50,79,0.98,MCC
8,50,80,1,MCC
8,50,81,0.065,MCC
8,50,82,0.34,MCC
8,50,83,0.99,MCC
8,50,84,0.03,MCC
8,50,85,1,MCC
8,50,86,0.875,MCC
8,50,87,1,MCC
8,50,88,0.555,MCC
8,50,89,0.495,MCC
8,50,90,0.975,MCC
8,50,91,0.95,MCC
8,50,92,1,MCC
8,50,93,0.005,MCC
8,50,94,0.045,MCC
8,50,95,1,MCC
8,50,96,0.035,MCC
8,50,97,0.165,MCC
8,50,98,0.62,MCC
8,50,99,1,MCC
11,15,51,NA,MCC
11,15,52,0.005,MCC
11,15,53,0.005,MCC
11,15,54,0.005,MCC
11,15,55,0.04,MCC
11,15,56,1,MCC
11,15,57,0.985,MCC
11,15,58,0.005,MCC
11,15,59,0.005,MCC
11,15,60,0.005,MCC
11,15,61,0.03,MCC
11,15,62,0.05,MCC
11,15,63,0.02,MCC
11,15,64,1,MCC
11,15,65,1,MCC
11,15,66,1,MCC
11,15,67,0.005,MCC
11,15,68,0.5,MCC
11,15,69,0.02,MCC
11,15,70,0.14,MCC
11,15,71,0.285,MCC
11,15,72,0.49,MCC
11,15,73,1,MCC
11,15,74,1,MCC
11,15,75,1,MCC
11,15,76,0.005,MCC
11,15,77,0.06,MCC
11,15,78,1,MCC
11,15,79,0.005,MCC
11,15,80,0.005,MCC
11,15,81,0.005,MCC
11,15,82,0.08,MCC
11,15,83,1,MCC
11,15,84,0.16,MCC
11,15,85,0.435,MCC
11,15,86,0.44,MCC
11,15,87,1,MCC
11,15,88,0.005,MCC
11,15,89,0.005,MCC
11,15,90,0.06,MCC
11,15,91,0.055,MCC
11,15,92,0.93,MCC
11,15,93,1,MCC
11,15,94,0.04,MCC
11,15,95,0.89,MCC
11,15,96,0.98,MCC
11,15,97,0.885,MCC
11,15,98,1,MCC
11,15,99,0.63,MCC
11,33,51,1,CS
11,33,52,0.99,CS
11,33,53,0.51,CS
11,33,54,1,CS
11,33,55,1,CS
11,33,56,0.79,CS
11,33,57,1,CS
11,33,58,1,CS
11,33,59,1,CS
11,33,60,0.845,CS
11,33,61,1,CS
11,33,62,1,CS
11,33,63,0.955,CS
11,33,64,1,CS
11,33,65,0.98,CS
11,33,66,1,CS
11,33,51,NA,MCC
11,33,52,0.005,MCC
11,33,53,0.79,MCC
11,33,54,0.115,MCC
11,33,55,0.29,MCC
11,33,56,0.005,MCC
11,33,57,0.035,MCC
11,33,58,0.02,MCC
11,33,59,1,MCC
11,33,60,0.005,MCC
11,33,61,0.005,MCC
11,33,62,0.005,MCC
11,33,63,0.02,MCC
11,33,64,0.005,MCC
11,33,65,0.005,MCC
11,33,66,0.005,MCC
11,33,67,0.005,MCC
11,33,68,0.005,MCC
11,33,69,0.02,MCC
11,33,70,0.135,MCC
11,33,71,0.845,MCC
11,33,72,0.095,MCC
11,33,73,0.12,MCC
11,33,74,0.005,MCC
11,33,75,0.095,MCC
11,33,76,0.05,MCC
11,33,77,1,MCC
11,33,78,0.99,MCC
11,33,79,0.35,MCC
11,33,80,1,MCC
11,33,81,1,MCC
11,33,82,0.005,MCC
11,33,83,1,MCC
11,33,84,0.18,MCC
11,33,85,1,MCC
11,33,86,0.005,MCC
11,33,87,0.06,MCC
11,33,88,0.045,MCC
11,33,89,0.125,MCC
11,33,90,0.98,MCC
11,33,91,0.005,MCC
11,33,92,0.005,MCC
11,33,93,0.015,MCC
11,33,94,1,MCC
11,33,95,0.955,MCC
11,33,96,0.01,MCC
11,33,97,1,MCC
11,33,98,1,MCC
11,33,99,0.215,MCC
10,10,51,1,CS
10,10,52,0.705,CS
10,10,53,1,CS
10,10,54,1,CS
10,10,55,1,CS
10,10,56,0.825,CS
10,10,57,0.735,CS
10,10,58,1,CS
10,10,59,0.51,CS
10,10,60,1,CS
10,10,61,0.56,CS
10,10,62,0.905,CS
10,10,63,1,CS
10,10,64,0.955,CS
10,10,65,1,CS
10,10,66,1,CS
10,10,67,1,CS
10,10,68,1,CS
10,10,69,1,CS
10,10,70,1,CS
10,10,71,1,CS
10,10,72,1,CS
10,10,73,0.94,CS
10,10,74,0.615,CS
10,10,51,NA,MCC
10,10,52,0.015,MCC
10,10,53,0.005,MCC
10,10,54,0.005,MCC
10,10,55,0.025,MCC
10,10,56,0.225,MCC
10,10,57,1,MCC
10,10,58,1,MCC
10,10,59,1,MCC
10,10,60,1,MCC
10,10,61,0.705,MCC
10,10,62,0.465,MCC
10,10,63,1,MCC
10,10,64,0.485,MCC
10,10,65,1,MCC
10,10,66,1,MCC
10,10,67,0.005,MCC
10,10,68,0.05,MCC
10,10,69,0.035,MCC
10,10,70,0.005,MCC
10,10,71,0.01,MCC
10,10,72,0.13,MCC
10,10,73,1,MCC
10,10,74,0.955,MCC
10,10,75,0.1,MCC
10,10,76,0.3,MCC
10,10,77,1,MCC
10,10,78,0.43,MCC
10,10,79,0.005,MCC
10,10,80,0.005,MCC
10,10,81,0.035,MCC
10,10,82,0.94,MCC
10,10,83,0.825,MCC
10,10,84,0.735,MCC
10,10,85,1,MCC
10,10,86,0.36,MCC
10,10,87,1,MCC
10,10,88,0.01,MCC
10,10,89,0.615,MCC
10,10,90,0.135,MCC
10,10,91,0.09,MCC
10,10,92,1,MCC
10,10,93,1,MCC
10,10,94,0.015,MCC
10,10,95,1,MCC
10,10,96,0.56,MCC
10,10,97,0.345,MCC
10,10,98,0.905,MCC
10,10,99,0.285,MCC
11,24,51,1,CS
11,24,52,0.915,CS
11,24,53,0.985,CS
11,24,54,0.915,CS
11,24,55,1,CS
11,24,56,1,CS
11,24,57,1,CS
11,24,58,1,CS
11,24,59,1,CS
11,24,60,0.95,CS
11,24,61,1,CS
11,24,62,0.87,CS
11,24,51,NA,MCC
11,24,52,0.005,MCC
11,24,53,0.005,MCC
11,24,54,0.005,MCC
11,24,55,0.005,MCC
11,24,56,0.005,MCC
11,24,57,0.005,MCC
11,24,58,0.025,MCC
11,24,59,1,MCC
11,24,60,0.03,MCC
11,24,61,0.915,MCC
11,24,62,1,MCC
11,24,63,0.005,MCC
11,24,64,0.035,MCC
11,24,65,0.02,MCC
11,24,66,0.485,MCC
11,24,67,0.215,MCC
11,24,68,0.155,MCC
11,24,69,1,MCC
11,24,70,0.87,MCC
11,24,71,0.95,MCC
11,24,72,0.055,MCC
11,24,73,0.005,MCC
11,24,74,0.005,MCC
11,24,75,0.005,MCC
11,24,76,0.02,MCC
11,24,77,1,MCC
11,24,78,0.005,MCC
11,24,79,0.025,MCC
11,24,80,0.02,MCC
11,24,81,0.915,MCC
11,24,82,0.345,MCC
11,24,83,0.985,MCC
11,24,84,0.005,MCC
11,24,85,0.005,MCC
11,24,86,0.055,MCC
11,24,87,0.005,MCC
11,24,88,0.005,MCC
11,24,89,1,MCC
11,24,90,0.005,MCC
11,24,91,1,MCC
11,24,92,0.085,MCC
11,24,93,0.005,MCC
11,24,94,0.01,MCC
11,24,95,0.03,MCC
11,24,96,0.005,MCC
11,24,97,0.035,MCC
11,24,98,0.005,MCC
11,24,99,0.08,MCC
11,29,51,1,CS
11,29,52,1,CS
11,29,53,1,CS
11,29,54,1,CS
11,29,55,0.775,CS
11,29,56,1,CS
11,29,57,0.855,CS
11,29,58,1,CS
11,29,59,0.945,CS
11,29,60,1,CS
11,29,61,1,CS
11,29,62,0.855,CS
11,29,63,0.95,CS
11,29,64,1,CS
11,29,65,1,CS
11,29,66,1,CS
11,29,67,1,CS
11,29,68,1,CS
11,29,69,0.63,CS
11,29,51,NA,MCC
11,29,52,0.005,MCC
11,29,53,0.005,MCC
11,29,54,0.005,MCC
11,29,55,0.005,MCC
11,29,56,0.14,MCC
11,29,57,1,MCC
11,29,58,0.775,MCC
11,29,59,1,MCC
11,29,60,0.005,MCC
11,29,61,0.005,MCC
11,29,62,0.03,MCC
11,29,63,0.005,MCC
11,29,64,0.005,MCC
11,29,65,0.055,MCC
11,29,66,1,MCC
11,29,67,1,MCC
11,29,68,1,MCC
11,29,69,0.08,MCC
11,29,70,1,MCC
11,29,71,0.855,MCC
11,29,72,0.005,MCC
11,29,73,0.015,MCC
11,29,74,1,MCC
11,29,75,0.005,MCC
11,29,76,0.005,MCC
11,29,77,0.135,MCC
11,29,78,1,MCC
11,29,79,0.945,MCC
11,29,80,0.005,MCC
11,29,81,0.95,MCC
11,29,82,0.005,MCC
11,29,83,0.04,MCC
11,29,84,1,MCC
11,29,85,1,MCC
11,29,86,1,MCC
11,29,87,0.005,MCC
11,29,88,0.005,MCC
11,29,89,0.02,MCC
11,29,90,0.05,MCC
11,29,91,0.005,MCC
11,29,92,0.005,MCC
11,29,93,0.63,MCC
11,29,94,0.02,MCC
11,29,95,0.365,MCC
11,29,96,1,MCC
11,29,97,0.02,MCC
11,29,98,0.34,MCC
11,29,99,0.855,MCC
12,38,51,1,CS
12,38,52,0.525,CS
12,38,53,0.89,CS
12,38,54,1,CS
12,38,55,1,CS
12,38,56,1,CS
12,38,57,1,CS
12,38,58,1,CS
12,38,59,1,CS
12,38,60,0.585,CS
12,38,61,0.725,CS
12,38,62,1,CS
12,38,63,0.875,CS
12,38,64,0.885,CS
12,38,65,1,CS
12,38,66,0.865,CS
12,38,67,1,CS
12,38,68,1,CS
12,38,69,1,CS
12,38,70,1,CS
12,38,71,1,CS
12,38,72,1,CS
12,38,73,1,CS
12,38,74,0.99,CS
12,38,75,1,CS
12,38,51,NA,MCC
12,38,52,0.005,MCC
12,38,53,0.12,MCC
12,38,54,0.865,MCC
12,38,55,1,MCC
12,38,56,1,MCC
12,38,57,0.875,MCC
12,38,58,0.005,MCC
12,38,59,0.01,MCC
12,38,60,0.885,MCC
12,38,61,1,MCC
12,38,62,1,MCC
12,38,63,0.015,MCC
12,38,64,0.585,MCC
12,38,65,0.275,MCC
12,38,66,0.725,MCC
12,38,67,0.005,MCC
12,38,68,0.03,MCC
12,38,69,0.07,MCC
12,38,70,0.99,MCC
12,38,71,1,MCC
12,38,72,1,MCC
12,38,73,1,MCC
12,38,74,0.005,MCC
12,38,75,0.005,MCC
12,38,76,0.005,MCC
12,38,77,0.185,MCC
12,38,78,1,MCC
12,38,79,0.005,MCC
12,38,80,0.055,MCC
12,38,81,0.235,MCC
12,38,82,1,MCC
12,38,83,1,MCC
12,38,84,0.005,MCC
12,38,85,0.015,MCC
12,38,86,0.2,MCC
12,38,87,1,MCC
12,38,88,1,MCC
12,38,89,0.005,MCC
12,38,90,0.005,MCC
12,38,91,0.01,MCC
12,38,92,0.525,MCC
12,38,93,0.89,MCC
12,38,94,0.49,MCC
12,38,95,1,MCC
12,38,96,1,MCC
12,38,97,1,MCC
12,38,98,1,MCC
12,38,99,0.03,MCC
11,2,51,1,CS
11,2,52,0.925,CS
11,2,53,0.855,CS
11,2,54,0.95,CS
11,2,55,1,CS
11,2,56,0.82,CS
11,2,57,1,CS
11,2,58,1,CS
11,2,59,0.8,CS
11,2,60,1,CS
11,2,61,1,CS
11,2,62,1,CS
11,2,63,1,CS
11,2,64,0.695,CS
9,50,51,1,CS
9,50,52,1,CS
9,50,53,0.99,CS
9,50,54,0.73,CS
9,50,55,1,CS
9,50,56,0.98,CS
9,50,57,0.56,CS
9,50,58,0.925,CS
9,50,59,1,CS
9,50,60,1,CS
9,50,61,1,CS
9,50,62,0.575,CS
9,50,63,1,CS
9,50,64,0.89,CS
9,50,65,0.98,CS
9,50,66,0.98,CS
9,50,67,1,CS
9,50,68,0.9,CS
9,50,69,1,CS
9,50,70,0.8,CS
9,50,71,1,CS
9,50,72,0.91,CS
9,50,73,1,CS
9,50,74,1,CS
9,50,75,1,CS
9,50,51,NA,MCC
9,50,52,0.005,MCC
9,50,53,0.005,MCC
9,50,54,0.175,MCC
9,50,55,0.43,MCC
9,50,56,0.27,MCC
9,50,57,0.46,MCC
9,50,58,1,MCC
9,50,59,0.99,MCC
9,50,60,0.73,MCC
9,50,61,1,MCC
9,50,62,0.98,MCC
9,50,63,1,MCC
9,50,64,0.9,MCC
9,50,65,0.005,MCC
9,50,66,0.005,MCC
9,50,67,0.005,MCC
9,50,68,0.02,MCC
9,50,69,1,MCC
9,50,70,0.575,MCC
9,50,71,1,MCC
9,50,72,0.025,MCC
9,50,73,0.145,MCC
9,50,74,0.89,MCC
9,50,75,0.98,MCC
9,50,76,0.98,MCC
9,50,77,0.125,MCC
9,50,78,1,MCC
9,50,79,0.8,MCC
9,50,80,1,MCC
9,50,81,1,MCC
9,50,82,0.005,MCC
9,50,83,0.005,MCC
9,50,84,0.005,MCC
9,50,85,0.03,MCC
9,50,86,0.085,MCC
9,50,87,0.91,MCC
9,50,88,0.23,MCC
9,50,89,1,MCC
9,50,90,0.005,MCC
9,50,91,0.015,MCC
9,50,92,0.285,MCC
9,50,93,1,MCC
9,50,94,0.13,MCC
9,50,95,0.5,MCC
9,50,96,0.56,MCC
9,50,97,0.925,MCC
9,50,98,1,MCC
9,50,99,1,MCC
11,42,51,1,CS
11,42,52,1,CS
11,42,53,1,CS
11,42,54,1,CS
11,42,55,1,CS
11,42,56,1,CS
11,42,57,0.715,CS
11,42,58,1,CS
11,42,59,1,CS
11,42,60,1,CS
11,42,61,0.895,CS
11,42,62,1,CS
11,42,63,1,CS
11,42,64,1,CS
11,42,65,1,CS
11,42,66,1,CS
11,42,67,0.65,CS
11,2,51,NA,MCC
11,2,52,0.005,MCC
11,2,53,0.005,MCC
11,2,54,0.005,MCC
11,2,55,0.125,MCC
11,2,56,0.82,MCC
11,2,57,0.41,MCC
11,2,58,1,MCC
11,2,59,0.015,MCC
11,2,60,0.005,MCC
11,2,61,0.24,MCC
11,2,62,0.31,MCC
11,2,63,0.8,MCC
11,2,64,0.235,MCC
11,2,65,0.005,MCC
11,2,66,0.005,MCC
11,2,67,0.01,MCC
11,2,68,1,MCC
11,2,69,0.925,MCC
11,2,70,0.855,MCC
11,2,71,0.95,MCC
11,2,72,1,MCC
11,2,73,0.065,MCC
11,2,74,0.005,MCC
11,2,75,0.02,MCC
11,2,76,0.005,MCC
11,2,77,0.005,MCC
11,2,78,0.005,MCC
11,2,79,0.015,MCC
11,2,80,0.09,MCC
11,2,81,0.005,MCC
11,2,82,0.015,MCC
11,2,83,1,MCC
11,2,84,0.07,MCC
11,2,85,1,MCC
11,2,86,0.005,MCC
11,2,87,0.035,MCC
11,2,88,0.005,MCC
11,2,89,0.005,MCC
11,2,90,0.005,MCC
11,2,91,0.015,MCC
11,2,92,0.485,MCC
11,2,93,0.01,MCC
11,2,94,0.005,MCC
11,2,95,1,MCC
11,2,96,0.015,MCC
11,2,97,0.695,MCC
11,2,98,0.27,MCC
11,2,99,1,MCC
10,47,51,1,CS
10,47,52,1,CS
10,47,53,1,CS
10,47,54,1,CS
10,47,55,0.995,CS
10,47,56,1,CS
10,47,57,0.99,CS
10,47,58,1,CS
10,47,59,0.745,CS
10,47,60,1,CS
10,47,61,1,CS
10,47,62,1,CS
10,47,63,1,CS
10,47,64,0.995,CS
10,47,65,1,CS
10,47,66,1,CS
10,47,67,0.565,CS
11,42,51,NA,MCC
11,42,52,0.005,MCC
11,42,53,0.005,MCC
11,42,54,0.005,MCC
11,42,55,0.02,MCC
11,42,56,0.07,MCC
11,42,57,0.02,MCC
11,42,58,1,MCC
11,42,59,1,MCC
11,42,60,1,MCC
11,42,61,1,MCC
11,42,62,1,MCC
11,42,63,0.715,MCC
11,42,64,1,MCC
11,42,65,0.005,MCC
11,42,66,0.01,MCC
11,42,67,0.005,MCC
11,42,68,0.03,MCC
11,42,69,0.65,MCC
11,42,70,0.005,MCC
11,42,71,0.005,MCC
11,42,72,0.005,MCC
11,42,73,0.005,MCC
11,42,74,0.01,MCC
11,42,75,0.01,MCC
11,42,76,0.02,MCC
11,42,77,0.05,MCC
11,42,78,0.035,MCC
11,42,79,1,MCC
11,42,80,0.005,MCC
11,42,81,0.005,MCC
11,42,82,0.005,MCC
11,42,83,0.03,MCC
11,42,84,1,MCC
11,42,85,1,MCC
11,42,86,1,MCC
11,42,87,0.05,MCC
11,42,88,1,MCC
11,42,89,0.115,MCC
11,42,90,0.045,MCC
11,42,91,0.105,MCC
11,42,92,0.895,MCC
11,42,93,0.4,MCC
11,42,94,0.005,MCC
11,42,95,0.01,MCC
11,42,96,1,MCC
11,42,97,0.015,MCC
11,42,98,1,MCC
11,42,99,0.31,MCC
10,47,51,NA,MCC
10,47,52,0.005,MCC
10,47,53,0.005,MCC
10,47,54,0.005,MCC
10,47,55,0.005,MCC
10,47,56,0.005,MCC
10,47,57,0.005,MCC
10,47,58,0.035,MCC
10,47,59,0.565,MCC
10,47,60,0.035,MCC
10,47,61,0.01,MCC
10,47,62,0.995,MCC
10,47,63,0.2,MCC
10,47,64,0.255,MCC
10,47,65,1,MCC
10,47,66,0.315,MCC
10,47,67,0.275,MCC
10,47,68,0.745,MCC
10,47,69,1,MCC
10,47,70,0.055,MCC
10,47,71,0.47,MCC
10,47,72,0.005,MCC
10,47,73,0.015,MCC
10,47,74,0.025,MCC
10,47,75,0.455,MCC
10,47,76,0.31,MCC
10,47,77,1,MCC
10,47,78,0.005,MCC
10,47,79,0.01,MCC
10,47,80,0.115,MCC
10,47,81,0.995,MCC
10,47,82,1,MCC
10,47,83,0.99,MCC
10,47,84,1,MCC
10,47,85,0.005,MCC
10,47,86,0.005,MCC
10,47,87,0.015,MCC
10,47,88,1,MCC
10,47,89,0.275,MCC
10,47,90,0.455,MCC
10,47,91,1,MCC
10,47,92,1,MCC
10,47,93,0.005,MCC
10,47,94,0.02,MCC
10,47,95,1,MCC
10,47,96,0.005,MCC
10,47,97,0.065,MCC
10,47,98,1,MCC
10,47,99,1,MCC
12,24,51,1,CS
12,24,52,0.8,CS
12,24,53,0.53,CS
12,24,54,0.99,CS
12,24,55,0.58,CS
12,24,56,1,CS
12,24,57,1,CS
12,24,58,1,CS
12,24,59,1,CS
12,24,60,1,CS
12,24,61,1,CS
12,24,62,0.91,CS
12,24,63,0.6,CS
12,24,64,0.775,CS
12,29,51,1,CS
12,29,52,1,CS
12,29,53,0.595,CS
12,29,54,0.88,CS
12,29,55,0.545,CS
12,29,56,1,CS
12,29,57,0.99,CS
12,29,58,1,CS
12,29,59,1,CS
12,29,60,0.745,CS
12,29,61,0.995,CS
12,29,62,1,CS
12,29,63,1,CS
12,29,64,1,CS
12,29,65,1,CS
12,29,66,1,CS
12,29,67,1,CS
12,24,51,NA,MCC
12,24,52,0.005,MCC
12,24,53,0.005,MCC
12,24,54,0.005,MCC
12,24,55,0.295,MCC
12,24,56,0.03,MCC
12,24,57,0.02,MCC
12,24,58,0.045,MCC
12,24,59,0.005,MCC
12,24,60,0.005,MCC
12,24,61,0.005,MCC
12,24,62,0.005,MCC
12,24,63,0.025,MCC
12,24,64,1,MCC
12,24,65,0.6,MCC
12,24,66,0.495,MCC
12,24,67,0.91,MCC
12,24,68,0.005,MCC
12,24,69,0.005,MCC
12,24,70,0.015,MCC
12,24,71,1,MCC
12,24,72,0.425,MCC
12,24,73,0.01,MCC
12,24,74,0.005,MCC
12,24,75,0.02,MCC
12,24,76,0.005,MCC
12,24,77,1,MCC
12,24,78,0.005,MCC
12,24,79,0.005,MCC
12,24,80,0.005,MCC
12,24,81,0.005,MCC
12,24,82,1,MCC
12,24,83,0.005,MCC
12,24,84,0.02,MCC
12,24,85,0.005,MCC
12,24,86,0.01,MCC
12,24,87,0.185,MCC
12,24,88,1,MCC
12,24,89,0.305,MCC
12,24,90,0.025,MCC
12,24,91,1,MCC
12,24,92,0.01,MCC
12,24,93,0.05,MCC
12,24,94,0.8,MCC
12,24,95,0.125,MCC
12,24,96,0.58,MCC
12,24,97,0.53,MCC
12,24,98,0.99,MCC
12,24,99,0.775,MCC
12,29,51,NA,MCC
12,29,52,0.005,MCC
12,29,53,0.005,MCC
12,29,54,0.005,MCC
12,29,55,0.005,MCC
12,29,56,0.01,MCC
12,29,57,0.31,MCC
12,29,58,0.005,MCC
12,29,59,0.04,MCC
12,29,60,1,MCC
12,29,61,1,MCC
12,29,62,1,MCC
12,29,63,0.99,MCC
12,29,64,0.005,MCC
12,29,65,0.005,MCC
12,29,66,0.005,MCC
12,29,67,0.005,MCC
12,29,68,0.06,MCC
12,29,69,1,MCC
12,29,70,1,MCC
12,29,71,0.02,MCC
12,29,72,0.005,MCC
12,29,73,0.05,MCC
12,29,74,0.37,MCC
12,29,75,0.88,MCC
12,29,76,0.545,MCC
12,29,77,0.01,MCC
12,29,78,0.215,MCC
12,29,79,0.245,MCC
12,29,80,1,MCC
12,29,81,1,MCC
12,29,82,0.745,MCC
12,29,83,0.995,MCC
12,29,84,0.005,MCC
12,29,85,0.005,MCC
12,29,86,0.005,MCC
12,29,87,0.025,MCC
12,29,88,1,MCC
12,29,89,1,MCC
12,29,90,0.005,MCC
12,29,91,0.005,MCC
12,29,92,0.005,MCC
12,29,93,0.005,MCC
12,29,94,0.05,MCC
12,29,95,0.055,MCC
12,29,96,0.22,MCC
12,29,97,1,MCC
12,29,98,0.595,MCC
12,29,99,0.085,MCC
11,10,51,1,CS
11,10,52,0.995,CS
11,10,53,1,CS
11,10,54,1,CS
11,10,55,1,CS
11,10,56,0.575,CS
11,10,57,1,CS
11,10,58,0.985,CS
11,10,59,0.94,CS
11,10,60,1,CS
11,10,61,0.885,CS
11,10,62,0.82,CS
11,10,63,1,CS
11,10,64,1,CS
11,10,65,1,CS
11,10,66,1,CS
11,10,67,1,CS
11,10,68,0.995,CS
11,10,69,1,CS
11,10,70,0.98,CS
11,10,71,0.705,CS
11,10,72,1,CS
11,10,51,NA,MCC
11,10,52,0.005,MCC
11,10,53,0.005,MCC
11,10,54,1,MCC
11,10,55,0.885,MCC
11,10,56,0.055,MCC
11,10,57,0.705,MCC
11,10,58,1,MCC
11,10,59,0.005,MCC
11,10,60,0.005,MCC
11,10,61,0.005,MCC
11,10,62,0.235,MCC
11,10,63,0.01,MCC
11,10,64,0.985,MCC
11,10,65,0.94,MCC
11,10,66,0.03,MCC
11,10,67,0.155,MCC
11,10,68,1,MCC
11,10,69,0.03,MCC
11,10,70,1,MCC
11,10,71,1,MCC
11,10,72,0.98,MCC
11,10,73,0.005,MCC
11,10,74,0.015,MCC
11,10,75,0.035,MCC
11,10,76,0.005,MCC
11,10,77,0.165,MCC
11,10,78,0.82,MCC
11,10,79,1,MCC
11,10,80,0.005,MCC
11,10,81,0.005,MCC
11,10,82,0.005,MCC
11,10,83,1,MCC
11,10,84,0.575,MCC
11,10,85,1,MCC
11,10,86,0.04,MCC
11,10,87,0.06,MCC
11,10,88,0.995,MCC
11,10,89,0.215,MCC
11,10,90,1,MCC
11,10,91,0.005,MCC
11,10,92,0.195,MCC
11,10,93,0.02,MCC
11,10,94,0.075,MCC
11,10,95,0.995,MCC
11,10,96,1,MCC
11,10,97,1,MCC
11,10,98,1,MCC
11,10,99,0.22,MCC
1,6,51,1,CS
1,6,52,1,CS
1,6,53,0.995,CS
1,6,54,0.995,CS
1,6,55,1,CS
1,6,56,1,CS
1,6,57,1,CS
1,6,58,1,CS
1,6,59,1,CS
1,6,60,1,CS
1,6,61,1,CS
1,6,62,0.835,CS
1,6,63,1,CS
1,6,64,1,CS
1,6,65,1,CS
1,6,66,1,CS
1,6,67,1,CS
1,6,68,1,CS
1,6,69,0.51,CS
1,6,70,0.835,CS
1,6,71,1,CS
1,6,72,0.845,CS
1,6,73,1,CS
1,6,74,1,CS
1,6,75,1,CS
1,6,76,0.945,CS
1,6,77,1,CS
1,6,78,1,CS
1,6,79,1,CS
1,6,80,1,CS
1,6,81,1,CS
1,6,82,1,CS
1,6,83,0.83,CS
1,6,84,1,CS
1,6,85,1,CS
1,6,86,1,CS
1,6,87,1,CS
1,6,88,1,CS
1,6,89,1,CS
1,6,90,1,CS
1,6,91,1,CS
1,6,92,1,CS
1,6,93,1,CS
1,6,94,1,CS
1,6,51,NA,MCC
1,6,52,0.46,MCC
1,6,53,1,MCC
1,6,54,0.835,MCC
1,6,55,1,MCC
1,6,56,0.51,MCC
1,6,57,1,MCC
1,6,58,1,MCC
1,6,59,1,MCC
1,6,60,1,MCC
1,6,61,1,MCC
1,6,62,0.995,MCC
1,6,63,0.34,MCC
1,6,64,1,MCC
1,6,65,1,MCC
1,6,66,1,MCC
1,6,67,1,MCC
1,6,68,1,MCC
1,6,69,0.995,MCC
1,6,70,1,MCC
1,6,71,1,MCC
1,6,72,1,MCC
1,6,73,1,MCC
1,6,74,1,MCC
1,6,75,1,MCC
1,6,76,1,MCC
1,6,77,1,MCC
1,6,78,1,MCC
1,6,79,0.365,MCC
1,6,80,0.38,MCC
1,6,81,0.835,MCC
1,6,82,0.83,MCC
1,6,83,1,MCC
1,6,84,1,MCC
1,6,85,0.845,MCC
1,6,86,1,MCC
1,6,87,1,MCC
1,6,88,1,MCC
1,6,89,1,MCC
1,6,90,1,MCC
1,6,91,0.945,MCC
1,6,92,1,MCC
1,6,93,1,MCC
1,6,94,1,MCC
1,6,95,1,MCC
1,6,96,1,MCC
1,6,97,0.36,MCC
1,6,98,1,MCC
1,6,99,1,MCC
12,33,51,1,CS
12,33,52,0.575,CS
12,33,53,0.91,CS
12,33,54,1,CS
12,33,55,1,CS
12,33,56,0.97,CS
12,33,57,1,CS
12,33,58,0.92,CS
12,33,59,1,CS
12,33,60,1,CS
12,33,61,0.77,CS
12,33,62,1,CS
12,33,63,1,CS
12,33,64,0.72,CS
12,33,51,NA,MCC
12,33,52,0.005,MCC
12,33,53,0.005,MCC
12,33,54,0.005,MCC
12,33,55,0.005,MCC
12,33,56,0.005,MCC
12,33,57,0.21,MCC
12,33,58,0.005,MCC
12,33,59,0.015,MCC
12,33,60,0.77,MCC
12,33,61,0.575,MCC
12,33,62,0.91,MCC
12,33,63,1,MCC
12,33,64,1,MCC
12,33,65,0.02,MCC
12,33,66,0.005,MCC
12,33,67,0.035,MCC
12,33,68,0.005,MCC
12,33,69,0.005,MCC
12,33,70,0.055,MCC
12,33,71,0.03,MCC
12,33,72,0.97,MCC
12,33,73,1,MCC
12,33,74,0.92,MCC
12,33,75,1,MCC
12,33,76,0.005,MCC
12,33,77,0.005,MCC
12,33,78,0.025,MCC
12,33,79,0.185,MCC
12,33,80,0.045,MCC
12,33,81,0.005,MCC
12,33,82,0.035,MCC
12,33,83,0.005,MCC
12,33,84,0.01,MCC
12,33,85,0.185,MCC
12,33,86,0.05,MCC
12,33,87,1,MCC
12,33,88,0.005,MCC
12,33,89,0.005,MCC
12,33,90,0.005,MCC
12,33,91,0.215,MCC
12,33,92,0.005,MCC
12,33,93,0.08,MCC
12,33,94,0.015,MCC
12,33,95,0.19,MCC
12,33,96,1,MCC
12,33,97,0.03,MCC
12,33,98,0.72,MCC
12,33,99,1,MCC
12,15,51,1,CS
12,15,52,0.75,CS
12,15,53,0.95,CS
12,15,54,1,CS
12,15,55,0.585,CS
12,15,56,1,CS
12,15,57,1,CS
12,15,58,0.98,CS
12,15,59,1,CS
12,15,60,1,CS
12,15,61,0.565,CS
12,15,62,0.93,CS
12,15,63,1,CS
12,15,64,1,CS
12,15,65,1,CS
12,15,66,1,CS
12,15,67,1,CS
12,15,51,NA,MCC
12,15,52,0.005,MCC
12,15,53,0.005,MCC
12,15,54,0.005,MCC
12,15,55,0.03,MCC
12,15,56,1,MCC
12,15,57,0.005,MCC
12,15,58,0.005,MCC
12,15,59,0.02,MCC
12,15,60,0.22,MCC
12,15,61,1,MCC
12,15,62,0.93,MCC
12,15,63,1,MCC
12,15,64,0.125,MCC
12,15,65,0.005,MCC
12,15,66,0.005,MCC
12,15,67,0.005,MCC
12,15,68,1,MCC
12,15,69,0.005,MCC
12,15,70,0.005,MCC
12,15,71,0.005,MCC
12,15,72,0.01,MCC
12,15,73,0.065,MCC
12,15,74,0.005,MCC
12,15,75,0.005,MCC
12,15,76,0.055,MCC
12,15,77,0.025,MCC
12,15,78,0.75,MCC
12,15,79,0.95,MCC
12,15,80,0.445,MCC
12,15,81,1,MCC
12,15,82,0.165,MCC
12,15,83,0.02,MCC
12,15,84,0.98,MCC
12,15,85,1,MCC
12,15,86,1,MCC
12,15,87,0.225,MCC
12,15,88,1,MCC
12,15,89,0.035,MCC
12,15,90,1,MCC
12,15,91,0.305,MCC
12,15,92,0.005,MCC
12,15,93,0.005,MCC
12,15,94,0.005,MCC
12,15,95,0.015,MCC
12,15,96,1,MCC
12,15,97,0.005,MCC
12,15,98,0.205,MCC
12,15,99,0.14,MCC
13,24,51,1,CS
13,24,52,0.53,CS
13,24,53,0.86,CS
13,24,54,1,CS
13,24,55,1,CS
13,24,56,1,CS
13,24,57,0.99,CS
13,24,58,1,CS
13,24,59,1,CS
13,24,60,1,CS
13,24,51,NA,MCC
13,24,52,0.005,MCC
13,24,53,0.005,MCC
13,24,54,0.005,MCC
13,24,55,0.015,MCC
13,24,56,0.01,MCC
13,24,57,0.035,MCC
13,24,58,0.005,MCC
13,24,59,0.005,MCC
13,24,60,1,MCC
13,24,61,0.03,MCC
13,24,62,0.14,MCC
13,24,63,0.005,MCC
13,24,64,0.005,MCC
13,24,65,0.005,MCC
13,24,66,0.015,MCC
13,24,67,1,MCC
13,24,68,0.02,MCC
13,24,69,0.005,MCC
13,24,70,0.035,MCC
13,24,71,0.43,MCC
13,24,72,0.075,MCC
13,24,73,0.005,MCC
13,24,74,0.005,MCC
13,24,75,0.005,MCC
13,24,76,0.005,MCC
13,24,77,0.075,MCC
13,24,78,0.035,MCC
13,24,79,0.53,MCC
13,24,80,0.86,MCC
13,24,81,1,MCC
13,24,82,0.005,MCC
13,24,83,0.005,MCC
13,24,84,0.015,MCC
13,24,85,1,MCC
13,24,86,0.005,MCC
13,24,87,0.055,MCC
13,24,88,0.215,MCC
13,24,89,1,MCC
13,24,90,0.005,MCC
13,24,91,0.03,MCC
13,24,92,0.06,MCC
13,24,93,0.005,MCC
13,24,94,0.005,MCC
13,24,95,0.01,MCC
13,24,96,0.025,MCC
13,24,97,0.02,MCC
13,24,98,0.99,MCC
13,24,99,1,MCC
11,47,51,1,CS
11,47,52,0.625,CS
11,47,53,0.835,CS
11,47,54,0.9,CS
11,47,55,1,CS
11,47,56,1,CS
11,47,57,0.995,CS
11,47,58,1,CS
11,47,59,1,CS
11,47,60,1,CS
11,47,61,0.98,CS
11,47,62,1,CS
11,47,63,1,CS
11,47,64,1,CS
11,47,65,0.98,CS
11,47,66,1,CS
11,47,67,1,CS
11,47,68,1,CS
11,47,69,0.995,CS
12,10,51,1,CS
12,10,52,0.595,CS
12,10,53,1,CS
12,10,54,1,CS
12,10,55,1,CS
12,10,56,0.945,CS
12,10,57,0.915,CS
12,10,58,1,CS
12,10,59,1,CS
12,10,60,0.865,CS
12,10,61,1,CS
12,10,62,1,CS
12,10,63,1,CS
12,10,64,0.855,CS
12,10,65,0.52,CS
12,10,66,1,CS
12,10,67,0.505,CS
12,10,68,0.8,CS
12,10,69,1,CS
12,10,70,0.98,CS
12,10,71,1,CS
12,10,72,1,CS
11,47,51,NA,MCC
11,47,52,0.005,MCC
11,47,53,0.005,MCC
11,47,54,0.005,MCC
11,47,55,0.995,MCC
11,47,56,0.01,MCC
11,47,57,0.195,MCC
11,47,58,1,MCC
11,47,59,0.005,MCC
11,47,60,0.005,MCC
11,47,61,0.005,MCC
11,47,62,0.065,MCC
11,47,63,0.995,MCC
11,47,64,1,MCC
11,47,65,1,MCC
11,47,66,1,MCC
11,47,67,0.03,MCC
11,47,68,0.335,MCC
11,47,69,0.005,MCC
11,47,70,0.01,MCC
11,47,71,0.625,MCC
11,47,72,0.835,MCC
11,47,73,0.9,MCC
11,47,74,1,MCC
11,47,75,1,MCC
11,47,76,0.98,MCC
11,47,77,1,MCC
11,47,78,0.025,MCC
11,47,79,0.98,MCC
11,47,80,0.005,MCC
11,47,81,0.015,MCC
11,47,82,1,MCC
11,47,83,0.005,MCC
11,47,84,0.22,MCC
11,47,85,1,MCC
11,47,86,0.035,MCC
11,47,87,1,MCC
11,47,88,0.28,MCC
11,47,89,0.01,MCC
11,47,90,0.135,MCC
11,47,91,0.27,MCC
11,47,92,0.005,MCC
11,47,93,0.005,MCC
11,47,94,0.025,MCC
11,47,95,0.025,MCC
11,47,96,1,MCC
11,47,97,0.055,MCC
11,47,98,0.17,MCC
11,47,99,0.395,MCC
12,10,51,NA,MCC
12,10,52,0.005,MCC
12,10,53,0.005,MCC
12,10,54,0.005,MCC
12,10,55,0.8,MCC
12,10,56,0.075,MCC
12,10,57,1,MCC
12,10,58,0.865,MCC
12,10,59,1,MCC
12,10,60,0.005,MCC
12,10,61,0.02,MCC
12,10,62,0.045,MCC
12,10,63,1,MCC
12,10,64,0.025,MCC
12,10,65,1,MCC
12,10,66,1,MCC
12,10,67,0.98,MCC
12,10,68,0.28,MCC
12,10,69,0.945,MCC
12,10,70,0.455,MCC
12,10,71,0.915,MCC
12,10,72,1,MCC
12,10,73,0.005,MCC
12,10,74,0.005,MCC
12,10,75,0.01,MCC
12,10,76,0.025,MCC
12,10,77,0.425,MCC
12,10,78,1,MCC
12,10,79,1,MCC
12,10,80,1,MCC
12,10,81,0.005,MCC
12,10,82,0.005,MCC
12,10,83,0.315,MCC
12,10,84,1,MCC
12,10,85,0.025,MCC
12,10,86,0.855,MCC
12,10,87,0.52,MCC
12,10,88,0.04,MCC
12,10,89,0.005,MCC
12,10,90,0.005,MCC
12,10,91,0.09,MCC
12,10,92,1,MCC
12,10,93,0.505,MCC
12,10,94,0.005,MCC
12,10,95,0.035,MCC
12,10,96,1,MCC
12,10,97,0.01,MCC
12,10,98,0.025,MCC
12,10,99,0.205,MCC
10,6,51,1,CS
10,6,52,0.75,CS
10,6,53,0.59,CS
10,6,54,1,CS
10,6,55,0.56,CS
10,6,56,1,CS
10,6,57,1,CS
10,6,58,1,CS
10,6,59,1,CS
10,6,60,0.975,CS
10,6,61,1,CS
10,6,62,0.965,CS
10,6,63,1,CS
10,6,64,1,CS
10,6,65,1,CS
13,38,51,1,CS
13,38,52,0.97,CS
13,38,53,0.745,CS
13,38,54,1,CS
13,38,55,1,CS
13,38,56,1,CS
13,38,57,1,CS
13,38,58,1,CS
13,38,59,1,CS
13,38,60,1,CS
13,38,61,0.53,CS
13,38,62,0.985,CS
13,38,63,1,CS
13,38,64,1,CS
13,38,65,0.925,CS
13,38,66,1,CS
13,38,67,1,CS
13,38,68,1,CS
13,38,69,0.935,CS
13,38,70,0.91,CS
13,38,71,1,CS
13,38,72,1,CS
13,38,73,1,CS
13,38,74,1,CS
10,6,51,NA,MCC
10,6,52,0.005,MCC
10,6,53,0.005,MCC
10,6,54,0.045,MCC
10,6,55,0.08,MCC
10,6,56,0.145,MCC
10,6,57,1,MCC
10,6,58,1,MCC
10,6,59,1,MCC
10,6,60,0.005,MCC
10,6,61,0.055,MCC
10,6,62,0.22,MCC
10,6,63,0.005,MCC
10,6,64,0.005,MCC
10,6,65,0.005,MCC
10,6,66,1,MCC
10,6,67,0.975,MCC
10,6,68,0.005,MCC
10,6,69,0.015,MCC
10,6,70,0.345,MCC
10,6,71,0.965,MCC
10,6,72,0.005,MCC
10,6,73,0.005,MCC
10,6,74,0.01,MCC
10,6,75,0.025,MCC
10,6,76,0.01,MCC
10,6,77,0.085,MCC
10,6,78,1,MCC
10,6,79,0.005,MCC
10,6,80,0.01,MCC
10,6,81,0.01,MCC
10,6,82,0.56,MCC
10,6,83,1,MCC
10,6,84,0.27,MCC
10,6,85,0.005,MCC
10,6,86,0.005,MCC
10,6,87,0.005,MCC
10,6,88,0.005,MCC
10,6,89,1,MCC
10,6,90,0.01,MCC
10,6,91,0.025,MCC
10,6,92,0.015,MCC
10,6,93,0.45,MCC
10,6,94,0.75,MCC
10,6,95,0.315,MCC
10,6,96,1,MCC
10,6,97,0.015,MCC
10,6,98,1,MCC
10,6,99,0.15,MCC
13,38,51,NA,MCC
13,38,52,0.005,MCC
13,38,53,0.005,MCC
13,38,54,0.005,MCC
13,38,55,0.005,MCC
13,38,56,0.015,MCC
13,38,57,0.11,MCC
13,38,58,1,MCC
13,38,59,0.065,MCC
13,38,60,0.12,MCC
13,38,61,1,MCC
13,38,62,1,MCC
13,38,63,0.53,MCC
13,38,64,0.985,MCC
13,38,65,1,MCC
13,38,66,0.005,MCC
13,38,67,0.08,MCC
13,38,68,1,MCC
13,38,69,1,MCC
13,38,70,0.34,MCC
13,38,71,0.155,MCC
13,38,72,0.91,MCC
13,38,73,0.935,MCC
13,38,74,0.005,MCC
13,38,75,0.005,MCC
13,38,76,0.005,MCC
13,38,77,0.005,MCC
13,38,78,0.015,MCC
13,38,79,0.075,MCC
13,38,80,1,MCC
13,38,81,0.25,MCC
13,38,82,0.01,MCC
13,38,83,0.01,MCC
13,38,84,0.1,MCC
13,38,85,1,MCC
13,38,86,1,MCC
13,38,87,1,MCC
13,38,88,1,MCC
13,38,89,0.195,MCC
13,38,90,0.925,MCC
13,38,91,1,MCC
13,38,92,0.035,MCC
13,38,93,0.97,MCC
13,38,94,0.745,MCC
13,38,95,1,MCC
13,38,96,0.04,MCC
13,38,97,1,MCC
13,38,98,1,MCC
13,38,99,1,MCC
13,29,51,1,CS
13,29,52,0.83,CS
13,29,53,0.97,CS
13,29,54,1,CS
13,29,55,1,CS
13,29,56,1,CS
13,29,57,1,CS
13,29,58,0.575,CS
13,29,59,0.995,CS
13,29,60,1,CS
13,29,61,1,CS
13,29,62,1,CS
13,29,63,1,CS
13,29,64,1,CS
13,29,65,0.745,CS
13,29,51,NA,MCC
13,29,52,0.005,MCC
13,29,53,0.005,MCC
13,29,54,0.045,MCC
13,29,55,0.995,MCC
13,29,56,0.03,MCC
13,29,57,1,MCC
13,29,58,0.005,MCC
13,29,59,0.005,MCC
13,29,60,0.005,MCC
13,29,61,0.005,MCC
13,29,62,0.005,MCC
13,29,63,0.025,MCC
13,29,64,0.22,MCC
13,29,65,0.005,MCC
13,29,66,0.01,MCC
13,29,67,0.01,MCC
13,29,68,0.03,MCC
13,29,69,0.355,MCC
13,29,70,1,MCC
13,29,71,0.41,MCC
13,29,72,0.025,MCC
13,29,73,1,MCC
13,29,74,0.575,MCC
13,29,75,1,MCC
13,29,76,1,MCC
13,29,77,0.01,MCC
13,29,78,0.01,MCC
13,29,79,0.02,MCC
13,29,80,1,MCC
13,29,81,1,MCC
13,29,82,0.005,MCC
13,29,83,0.01,MCC
13,29,84,0.015,MCC
13,29,85,0.495,MCC
13,29,86,0.005,MCC
13,29,87,0.005,MCC
13,29,88,0.005,MCC
13,29,89,0.745,MCC
13,29,90,0.05,MCC
13,29,91,0.005,MCC
13,29,92,0.04,MCC
13,29,93,1,MCC
13,29,94,0.025,MCC
13,29,95,0.01,MCC
13,29,96,0.445,MCC
13,29,97,0.83,MCC
13,29,98,0.97,MCC
13,29,99,1,MCC
12,2,51,1,CS
12,2,52,0.67,CS
12,2,53,0.83,CS
12,2,54,0.765,CS
12,2,55,1,CS
12,2,56,1,CS
12,2,57,1,CS
12,2,58,1,CS
12,2,59,1,CS
12,2,60,1,CS
12,2,61,1,CS
12,2,62,0.645,CS
12,42,51,1,CS
12,42,52,0.995,CS
12,42,53,1,CS
12,42,54,0.805,CS
12,42,55,1,CS
12,42,56,1,CS
12,42,57,0.71,CS
12,42,58,1,CS
12,42,59,1,CS
12,42,60,1,CS
12,42,61,0.99,CS
12,42,62,1,CS
12,42,63,1,CS
12,42,64,0.985,CS
12,42,65,1,CS
12,42,51,NA,MCC
12,42,52,0.005,MCC
12,42,53,0.025,MCC
12,42,54,0.005,MCC
12,42,55,0.025,MCC
12,42,56,0.05,MCC
12,42,57,0.995,MCC
12,42,58,1,MCC
12,42,59,0.805,MCC
12,42,60,1,MCC
12,42,61,1,MCC
12,42,62,0.71,MCC
12,42,63,1,MCC
12,42,64,0.005,MCC
12,42,65,0.005,MCC
12,42,66,0.005,MCC
12,42,67,0.005,MCC
12,42,68,0.01,MCC
12,42,69,0.02,MCC
12,42,70,0.13,MCC
12,42,71,1,MCC
12,42,72,0.005,MCC
12,42,73,0.005,MCC
12,42,74,0.03,MCC
12,42,75,0.035,MCC
12,42,76,1,MCC
12,42,77,1,MCC
12,42,78,0.29,MCC
12,42,79,0.015,MCC
12,42,80,0.005,MCC
12,42,81,0.005,MCC
12,42,82,0.005,MCC
12,42,83,0.005,MCC
12,42,84,0.01,MCC
12,42,85,0.99,MCC
12,42,86,0.125,MCC
12,42,87,0.985,MCC
12,42,88,1,MCC
12,42,89,0.005,MCC
12,42,90,0.04,MCC
12,42,91,0.37,MCC
12,42,92,0.385,MCC
12,42,93,1,MCC
12,42,94,0.005,MCC
12,42,95,0.01,MCC
12,42,96,0.005,MCC
12,42,97,0.01,MCC
12,42,98,0.085,MCC
12,42,99,0.32,MCC
12,2,51,NA,MCC
12,2,52,0.005,MCC
12,2,53,0.005,MCC
12,2,54,0.005,MCC
12,2,55,0.005,MCC
12,2,56,0.005,MCC
12,2,57,0.025,MCC
12,2,58,1,MCC
12,2,59,0.035,MCC
12,2,60,0.015,MCC
12,2,61,1,MCC
12,2,62,0.005,MCC
12,2,63,0.01,MCC
12,2,64,1,MCC
12,2,65,0.005,MCC
12,2,66,0.005,MCC
12,2,67,0.005,MCC
12,2,68,0.15,MCC
12,2,69,1,MCC
12,2,70,0.11,MCC
12,2,71,0.08,MCC
12,2,72,0.005,MCC
12,2,73,0.065,MCC
12,2,74,0.005,MCC
12,2,75,0.005,MCC
12,2,76,0.005,MCC
12,2,77,0.005,MCC
12,2,78,0.005,MCC
12,2,79,0.03,MCC
12,2,80,0.645,MCC
12,2,81,0.065,MCC
12,2,82,0.005,MCC
12,2,83,0.005,MCC
12,2,84,0.005,MCC
12,2,85,0.005,MCC
12,2,86,0.01,MCC
12,2,87,0.16,MCC
12,2,88,0.445,MCC
12,2,89,1,MCC
12,2,90,1,MCC
12,2,91,0.02,MCC
12,2,92,0.04,MCC
12,2,93,0.005,MCC
12,2,94,0.06,MCC
12,2,95,0.67,MCC
12,2,96,0.83,MCC
12,2,97,0.765,MCC
12,2,98,1,MCC
12,2,99,0.09,MCC
13,10,51,1,CS
13,10,52,1,CS
13,10,53,1,CS
13,10,54,0.55,CS
13,10,55,0.995,CS
13,10,56,0.58,CS
13,10,57,1,CS
13,10,58,0.785,CS
13,10,59,1,CS
13,10,60,1,CS
13,10,61,0.75,CS
13,10,62,0.53,CS
13,10,63,0.605,CS
13,10,64,1,CS
13,10,65,1,CS
13,10,66,1,CS
13,10,67,1,CS
13,10,68,1,CS
14,38,51,1,CS
14,38,52,1,CS
14,38,53,1,CS
14,38,54,1,CS
14,38,55,1,CS
14,38,56,1,CS
14,38,57,1,CS
14,38,58,0.545,CS
14,38,59,1,CS
14,38,60,1,CS
14,38,61,0.7,CS
14,38,62,1,CS
14,38,63,0.89,CS
14,38,64,1,CS
14,38,65,1,CS
14,38,66,0.985,CS
14,38,67,1,CS
14,38,68,1,CS
14,38,69,1,CS
14,38,70,1,CS
14,38,71,0.6,CS
13,10,51,NA,MCC
13,10,52,0.005,MCC
13,10,53,0.035,MCC
13,10,54,1,MCC
13,10,55,0.785,MCC
13,10,56,0.46,MCC
13,10,57,0.005,MCC
13,10,58,0.015,MCC
13,10,59,0.005,MCC
13,10,60,0.005,MCC
13,10,61,0.01,MCC
13,10,62,0.06,MCC
13,10,63,1,MCC
13,10,64,1,MCC
13,10,65,0.025,MCC
13,10,66,0.005,MCC
13,10,67,0.01,MCC
13,10,68,0.005,MCC
13,10,69,0.055,MCC
13,10,70,0.53,MCC
13,10,71,0.605,MCC
13,10,72,0.035,MCC
13,10,73,0.145,MCC
13,10,74,1,MCC
13,10,75,0.05,MCC
13,10,76,0.175,MCC
13,10,77,0.29,MCC
13,10,78,0.75,MCC
13,10,79,0.47,MCC
13,10,80,0.005,MCC
13,10,81,0.005,MCC
13,10,82,0.005,MCC
13,10,83,0.09,MCC
13,10,84,1,MCC
13,10,85,0.55,MCC
13,10,86,1,MCC
13,10,87,0.01,MCC
13,10,88,0.09,MCC
13,10,89,0.25,MCC
13,10,90,0.005,MCC
13,10,91,0.02,MCC
13,10,92,1,MCC
13,10,93,0.1,MCC
13,10,94,0.455,MCC
13,10,95,1,MCC
13,10,96,0.995,MCC
13,10,97,0.58,MCC
13,10,98,1,MCC
13,10,99,1,MCC
14,38,51,NA,MCC
14,38,52,0.005,MCC
14,38,53,0.005,MCC
14,38,54,0.005,MCC
14,38,55,0.005,MCC
14,38,56,0.01,MCC
14,38,57,0.06,MCC
14,38,58,0.045,MCC
14,38,59,0.07,MCC
14,38,60,0.1,MCC
14,38,61,0.155,MCC
14,38,62,1,MCC
14,38,63,1,MCC
14,38,64,0.01,MCC
14,38,65,0.04,MCC
14,38,66,0.015,MCC
14,38,67,0.48,MCC
14,38,68,1,MCC
14,38,69,0.005,MCC
14,38,70,0.035,MCC
14,38,71,0.6,MCC
14,38,72,1,MCC
14,38,73,0.89,MCC
14,38,74,0.005,MCC
14,38,75,0.005,MCC
14,38,76,0.055,MCC
14,38,77,1,MCC
14,38,78,1,MCC
14,38,79,1,MCC
14,38,80,1,MCC
14,38,81,0.005,MCC
14,38,82,0.545,MCC
14,38,83,0.235,MCC
14,38,84,1,MCC
14,38,85,0.05,MCC
14,38,86,1,MCC
14,38,87,0.7,MCC
14,38,88,0.005,MCC
14,38,89,0.005,MCC
14,38,90,0.02,MCC
14,38,91,0.985,MCC
14,38,92,0.36,MCC
14,38,93,1,MCC
14,38,94,0.015,MCC
14,38,95,0.205,MCC
14,38,96,1,MCC
14,38,97,1,MCC
14,38,98,1,MCC
14,38,99,1,MCC
14,24,51,1,CS
14,24,52,1,CS
14,24,53,0.725,CS
14,24,54,0.92,CS
14,24,55,1,CS
14,24,56,0.7,CS
14,24,57,1,CS
14,24,58,0.83,CS
14,24,59,1,CS
14,29,51,1,CS
14,29,52,1,CS
14,29,53,1,CS
14,29,54,1,CS
14,29,55,0.915,CS
14,29,56,1,CS
14,29,57,0.735,CS
14,29,58,1,CS
14,29,59,1,CS
14,29,60,0.695,CS
14,29,61,1,CS
14,29,62,0.995,CS
14,24,51,NA,MCC
14,24,52,0.005,MCC
14,24,53,0.005,MCC
14,24,54,0.005,MCC
14,24,55,0.005,MCC
14,24,56,0.015,MCC
14,24,57,0.015,MCC
14,24,58,0.005,MCC
14,24,59,0.005,MCC
14,24,60,0.005,MCC
14,24,61,0.035,MCC
14,24,62,0.01,MCC
14,24,63,0.145,MCC
14,24,64,1,MCC
14,24,65,0.005,MCC
14,24,66,0.005,MCC
14,24,67,0.01,MCC
14,24,68,0.7,MCC
14,24,69,0.005,MCC
14,24,70,1,MCC
14,24,71,0.005,MCC
14,24,72,0.03,MCC
14,24,73,1,MCC
14,24,74,0.065,MCC
14,24,75,0.005,MCC
14,24,76,0.005,MCC
14,24,77,0.005,MCC
14,24,78,0.02,MCC
14,24,79,0.245,MCC
14,24,80,0.725,MCC
14,24,81,0.465,MCC
14,24,82,0.005,MCC
14,24,83,0.035,MCC
14,24,84,0.07,MCC
14,24,85,1,MCC
14,24,86,0.005,MCC
14,24,87,0.005,MCC
14,24,88,0.005,MCC
14,24,89,0.01,MCC
14,24,90,0.045,MCC
14,24,91,0.385,MCC
14,24,92,0.83,MCC
14,24,93,0.005,MCC
14,24,94,0.01,MCC
14,24,95,0.475,MCC
14,24,96,0.005,MCC
14,24,97,0.015,MCC
14,24,98,0.125,MCC
14,24,99,0.92,MCC
13,42,51,1,CS
13,42,52,0.88,CS
13,42,53,0.995,CS
13,42,54,0.985,CS
13,42,55,1,CS
13,42,56,1,CS
13,42,57,1,CS
13,42,58,0.975,CS
13,42,59,0.75,CS
13,42,60,1,CS
13,42,61,1,CS
13,42,62,0.535,CS
13,42,63,0.775,CS
13,42,64,1,CS
13,42,65,1,CS
13,42,66,0.74,CS
13,42,67,1,CS
14,29,51,NA,MCC
14,29,52,0.005,MCC
14,29,53,0.005,MCC
14,29,54,0.005,MCC
14,29,55,0.005,MCC
14,29,56,0.005,MCC
14,29,57,0.05,MCC
14,29,58,0.02,MCC
14,29,59,0.695,MCC
14,29,60,1,MCC
14,29,61,0.005,MCC
14,29,62,0.005,MCC
14,29,63,0.005,MCC
14,29,64,0.43,MCC
14,29,65,0.3,MCC
14,29,66,0.48,MCC
14,29,67,0.995,MCC
14,29,68,0.005,MCC
14,29,69,0.005,MCC
14,29,70,0.005,MCC
14,29,71,0.02,MCC
14,29,72,0.005,MCC
14,29,73,0.05,MCC
14,29,74,1,MCC
14,29,75,0.915,MCC
14,29,76,0.005,MCC
14,29,77,0.005,MCC
14,29,78,0.005,MCC
14,29,79,0.01,MCC
14,29,80,0.235,MCC
14,29,81,0.475,MCC
14,29,82,0.005,MCC
14,29,83,0.005,MCC
14,29,84,0.015,MCC
14,29,85,1,MCC
14,29,86,0.735,MCC
14,29,87,1,MCC
14,29,88,0.005,MCC
14,29,89,0.005,MCC
14,29,90,0.005,MCC
14,29,91,0.01,MCC
14,29,92,0.28,MCC
14,29,93,0.455,MCC
14,29,94,0.5,MCC
14,29,95,1,MCC
14,29,96,0.065,MCC
14,29,97,1,MCC
14,29,98,1,MCC
14,29,99,0.025,MCC
13,42,51,NA,MCC
13,42,52,0.005,MCC
13,42,53,0.005,MCC
13,42,54,0.015,MCC
13,42,55,0.355,MCC
13,42,56,0.005,MCC
13,42,57,0.005,MCC
13,42,58,0.01,MCC
13,42,59,0.74,MCC
13,42,60,0.145,MCC
13,42,61,1,MCC
13,42,62,0.005,MCC
13,42,63,0.005,MCC
13,42,64,0.005,MCC
13,42,65,0.005,MCC
13,42,66,0.04,MCC
13,42,67,0.03,MCC
13,42,68,0.02,MCC
13,42,69,0.005,MCC
13,42,70,0.005,MCC
13,42,71,0.005,MCC
13,42,72,0.005,MCC
13,42,73,0.035,MCC
13,42,74,0.395,MCC
13,42,75,0.535,MCC
13,42,76,0.975,MCC
13,42,77,0.75,MCC
13,42,78,0.005,MCC
13,42,79,0.02,MCC
13,42,80,1,MCC
13,42,81,0.195,MCC
13,42,82,0.775,MCC
13,42,83,0.015,MCC
13,42,84,1,MCC
13,42,85,1,MCC
13,42,86,0.005,MCC
13,42,87,0.005,MCC
13,42,88,0.005,MCC
13,42,89,0.18,MCC
13,42,90,0.88,MCC
13,42,91,1,MCC
13,42,92,0.24,MCC
13,42,93,1,MCC
13,42,94,0.995,MCC
13,42,95,0.985,MCC
13,42,96,1,MCC
13,42,97,0.015,MCC
13,42,98,0.125,MCC
13,42,99,1,MCC
11,6,51,1,CS
11,6,52,1,CS
11,6,53,1,CS
11,6,54,1,CS
11,6,55,1,CS
11,6,56,1,CS
11,6,57,0.885,CS
11,6,58,0.545,CS
11,6,59,1,CS
11,6,60,1,CS
11,6,61,1,CS
11,6,62,0.505,CS
11,6,63,0.58,CS
11,6,64,1,CS
12,47,51,1,CS
12,47,52,0.99,CS
12,47,53,0.63,CS
12,47,54,0.58,CS
12,47,55,1,CS
12,47,56,1,CS
12,47,57,0.8,CS
12,47,58,1,CS
12,47,59,1,CS
12,47,60,1,CS
12,47,61,0.995,CS
12,47,62,1,CS
12,47,63,1,CS
12,47,64,0.99,CS
12,47,65,1,CS
12,47,66,1,CS
12,47,67,1,CS
13,33,51,1,CS
13,33,52,0.895,CS
13,33,53,1,CS
13,33,54,0.835,CS
13,33,55,1,CS
13,33,56,1,CS
13,33,57,1,CS
13,33,58,1,CS
13,33,59,0.615,CS
13,33,60,1,CS
13,33,61,1,CS
13,33,62,1,CS
12,47,51,NA,MCC
12,47,52,0.005,MCC
12,47,53,0.005,MCC
12,47,54,0.005,MCC
12,47,55,0.04,MCC
12,47,56,0.99,MCC
12,47,57,0.15,MCC
12,47,58,1,MCC
12,47,59,0.005,MCC
12,47,60,0.005,MCC
12,47,61,0.05,MCC
12,47,62,0.8,MCC
12,47,63,1,MCC
12,47,64,1,MCC
12,47,65,1,MCC
12,47,66,0.005,MCC
12,47,67,0.005,MCC
12,47,68,0.005,MCC
12,47,69,0.01,MCC
12,47,70,0.2,MCC
12,47,71,0.36,MCC
12,47,72,0.035,MCC
12,47,73,0.21,MCC
12,47,74,1,MCC
12,47,75,0.005,MCC
12,47,76,0.015,MCC
12,47,77,0.03,MCC
12,47,78,0.995,MCC
12,47,79,0.005,MCC
12,47,80,0.025,MCC
12,47,81,1,MCC
12,47,82,0.99,MCC
12,47,83,0.06,MCC
12,47,84,0.17,MCC
12,47,85,1,MCC
12,47,86,1,MCC
12,47,87,0.005,MCC
12,47,88,0.005,MCC
12,47,89,0.005,MCC
12,47,90,0.02,MCC
12,47,91,0.21,MCC
12,47,92,1,MCC
12,47,93,0.005,MCC
12,47,94,0.01,MCC
12,47,95,0.065,MCC
12,47,96,0.025,MCC
12,47,97,0.065,MCC
12,47,98,0.45,MCC
12,47,99,1,MCC
11,6,51,NA,MCC
11,6,52,0.005,MCC
11,6,53,0.015,MCC
11,6,54,0.005,MCC
11,6,55,0.005,MCC
11,6,56,0.005,MCC
11,6,57,0.02,MCC
11,6,58,0.395,MCC
11,6,59,1,MCC
11,6,60,1,MCC
11,6,61,0.005,MCC
11,6,62,0.005,MCC
11,6,63,0.005,MCC
11,6,64,0.005,MCC
11,6,65,0.085,MCC
11,6,66,1,MCC
11,6,67,0.02,MCC
11,6,68,0.005,MCC
11,6,69,1,MCC
11,6,70,0.28,MCC
11,6,71,0.505,MCC
11,6,72,0.005,MCC
11,6,73,0.005,MCC
11,6,74,0.01,MCC
11,6,75,0.025,MCC
11,6,76,0.07,MCC
11,6,77,0.005,MCC
11,6,78,0.005,MCC
11,6,79,0.58,MCC
11,6,80,0.02,MCC
11,6,81,0.065,MCC
11,6,82,0.03,MCC
11,6,83,0.005,MCC
11,6,84,0.005,MCC
11,6,85,0.015,MCC
11,6,86,0.225,MCC
11,6,87,0.545,MCC
11,6,88,1,MCC
11,6,89,0.105,MCC
11,6,90,0.005,MCC
11,6,91,0.005,MCC
11,6,92,0.05,MCC
11,6,93,1,MCC
11,6,94,1,MCC
11,6,95,0.075,MCC
11,6,96,0.005,MCC
11,6,97,0.055,MCC
11,6,98,1,MCC
11,6,99,1,MCC
13,15,51,1,CS
13,15,52,0.69,CS
13,15,53,1,CS
13,15,54,1,CS
13,15,55,0.93,CS
13,15,56,1,CS
13,15,57,0.965,CS
13,15,58,0.715,CS
13,15,59,1,CS
13,15,60,1,CS
13,15,61,1,CS
13,15,62,1,CS
13,15,63,1,CS
13,15,64,1,CS
13,15,65,1,CS
13,33,51,NA,MCC
13,33,52,0.02,MCC
13,33,53,0.005,MCC
13,33,54,0.005,MCC
13,33,55,0.005,MCC
13,33,56,0.005,MCC
13,33,57,0.04,MCC
13,33,58,0.005,MCC
13,33,59,0.005,MCC
13,33,60,0.005,MCC
13,33,61,1,MCC
13,33,62,0.005,MCC
13,33,63,0.005,MCC
13,33,64,0.1,MCC
13,33,65,0.005,MCC
13,33,66,0.075,MCC
13,33,67,0.02,MCC
13,33,68,0.005,MCC
13,33,69,0.01,MCC
13,33,70,0.015,MCC
13,33,71,0.615,MCC
13,33,72,1,MCC
13,33,73,0.005,MCC
13,33,74,0.005,MCC
13,33,75,0.07,MCC
13,33,76,1,MCC
13,33,77,0.835,MCC
13,33,78,1,MCC
13,33,79,0.01,MCC
13,33,80,0.005,MCC
13,33,81,0.005,MCC
13,33,82,0.005,MCC
13,33,83,0.015,MCC
13,33,84,1,MCC
13,33,85,0.185,MCC
13,33,86,0.03,MCC
13,33,87,0.005,MCC
13,33,88,0.295,MCC
13,33,89,1,MCC
13,33,90,0.005,MCC
13,33,91,0.005,MCC
13,33,92,0.035,MCC
13,33,93,0.31,MCC
13,33,94,0.16,MCC
13,33,95,0.895,MCC
13,33,96,1,MCC
13,33,97,0.01,MCC
13,33,98,0.025,MCC
13,33,99,1,MCC
13,15,51,NA,MCC
13,15,52,0.005,MCC
13,15,53,0.005,MCC
13,15,54,0.005,MCC
13,15,55,0.005,MCC
13,15,56,0.03,MCC
13,15,57,0.005,MCC
13,15,58,0.025,MCC
13,15,59,0.005,MCC
13,15,60,0.025,MCC
13,15,61,1,MCC
13,15,62,0.01,MCC
13,15,63,0.2,MCC
13,15,64,0.025,MCC
13,15,65,0.005,MCC
13,15,66,0.005,MCC
13,15,67,0.005,MCC
13,15,68,0.015,MCC
13,15,69,1,MCC
13,15,70,0.965,MCC
13,15,71,0.715,MCC
13,15,72,0.005,MCC
13,15,73,0.005,MCC
13,15,74,0.095,MCC
13,15,75,1,MCC
13,15,76,0.085,MCC
13,15,77,0.005,MCC
13,15,78,0.035,MCC
13,15,79,0.93,MCC
13,15,80,1,MCC
13,15,81,0.005,MCC
13,15,82,0.005,MCC
13,15,83,0.105,MCC
13,15,84,0.69,MCC
13,15,85,1,MCC
13,15,86,1,MCC
13,15,87,0.045,MCC
13,15,88,1,MCC
13,15,89,1,MCC
13,15,90,0.09,MCC
13,15,91,0.005,MCC
13,15,92,0.005,MCC
13,15,93,0.05,MCC
13,15,94,0.42,MCC
13,15,95,1,MCC
13,15,96,0.47,MCC
13,15,97,1,MCC
13,15,98,0.01,MCC
13,15,99,0.16,MCC
15,38,51,1,CS
15,38,51,NA,MCC
15,38,52,0.005,MCC
15,38,53,0.005,MCC
15,38,54,0.005,MCC
15,38,55,0.005,MCC
15,38,56,0.005,MCC
15,38,57,0.005,MCC
15,38,58,0.015,MCC
15,38,59,0.005,MCC
15,38,60,0.005,MCC
15,38,61,0.055,MCC
15,38,62,0.015,MCC
15,38,63,0.025,MCC
15,38,64,0.025,MCC
15,38,65,0.005,MCC
15,38,66,0.03,MCC
15,38,67,0.03,MCC
15,38,68,0.005,MCC
15,38,69,0.005,MCC
15,38,70,0.025,MCC
15,38,71,0.005,MCC
15,38,72,0.005,MCC
15,38,73,0.015,MCC
15,38,74,0.005,MCC
15,38,75,0.015,MCC
15,38,76,0.005,MCC
15,38,77,0.02,MCC
15,38,78,0.035,MCC
15,38,79,0.005,MCC
15,38,80,0.005,MCC
15,38,81,0.005,MCC
15,38,82,0.005,MCC
15,38,83,0.015,MCC
15,38,84,0.005,MCC
15,38,85,0.01,MCC
15,38,86,0.03,MCC
15,38,87,0.005,MCC
15,38,88,0.005,MCC
15,38,89,0.005,MCC
15,38,90,0.005,MCC
15,38,91,0.005,MCC
15,38,92,0.005,MCC
15,38,93,0.01,MCC
15,38,94,0.02,MCC
15,38,95,0.005,MCC
15,38,96,0.005,MCC
15,38,97,0.03,MCC
15,38,98,0.02,MCC
15,38,99,0.015,MCC
14,42,51,1,CS
14,42,52,1,CS
14,42,53,0.755,CS
14,42,54,1,CS
14,42,55,1,CS
14,42,56,0.995,CS
14,42,57,1,CS
14,42,58,1,CS
14,42,59,1,CS
14,42,60,1,CS
14,42,61,1,CS
14,42,62,1,CS
14,42,63,0.995,CS
15,24,51,1,CS
15,24,52,0.785,CS
15,24,53,0.98,CS
15,24,54,0.94,CS
15,24,55,1,CS
15,24,56,1,CS
15,24,57,1,CS
14,42,51,NA,MCC
14,42,52,0.005,MCC
14,42,53,0.005,MCC
14,42,54,0.005,MCC
14,42,55,0.005,MCC
14,42,56,0.05,MCC
14,42,57,0.04,MCC
14,42,58,1,MCC
14,42,59,0.005,MCC
14,42,60,0.075,MCC
14,42,61,1,MCC
14,42,62,1,MCC
14,42,63,0.005,MCC
14,42,64,0.005,MCC
14,42,65,0.005,MCC
14,42,66,0.005,MCC
14,42,67,0.005,MCC
14,42,68,0.995,MCC
14,42,69,0.005,MCC
14,42,70,0.01,MCC
14,42,71,0.355,MCC
14,42,72,0.01,MCC
14,42,73,0.11,MCC
14,42,74,0.025,MCC
14,42,75,0.005,MCC
14,42,76,0.005,MCC
14,42,77,0.05,MCC
14,42,78,0.005,MCC
14,42,79,0.03,MCC
14,42,80,0.24,MCC
14,42,81,0.005,MCC
14,42,82,0.005,MCC
14,42,83,0.04,MCC
14,42,84,0.005,MCC
14,42,85,0.075,MCC
14,42,86,1,MCC
14,42,87,0.755,MCC
14,42,88,1,MCC
14,42,89,1,MCC
14,42,90,0.995,MCC
14,42,91,1,MCC
14,42,92,0.005,MCC
14,42,93,0.005,MCC
14,42,94,0.055,MCC
14,42,95,1,MCC
14,42,96,0.005,MCC
14,42,97,0.005,MCC
14,42,98,0.015,MCC
14,42,99,1,MCC
15,24,51,NA,MCC
15,24,52,0.005,MCC
15,24,53,0.005,MCC
15,24,54,1,MCC
15,24,55,0.005,MCC
15,24,56,0.005,MCC
15,24,57,0.035,MCC
15,24,58,0.005,MCC
15,24,59,0.005,MCC
15,24,60,0.115,MCC
15,24,61,0.98,MCC
15,24,62,0.005,MCC
15,24,63,0.005,MCC
15,24,64,0.005,MCC
15,24,65,0.005,MCC
15,24,66,0.005,MCC
15,24,67,1,MCC
15,24,68,0.005,MCC
15,24,69,0.115,MCC
15,24,70,0.94,MCC
15,24,71,0.13,MCC
15,24,72,0.005,MCC
15,24,73,0.005,MCC
15,24,74,0.005,MCC
15,24,75,0.005,MCC
15,24,76,0.025,MCC
15,24,77,0.005,MCC
15,24,78,0.01,MCC
15,24,79,0.02,MCC
15,24,80,0.145,MCC
15,24,81,0.005,MCC
15,24,82,0.015,MCC
15,24,83,0.38,MCC
15,24,84,0.005,MCC
15,24,85,0.015,MCC
15,24,86,0.095,MCC
15,24,87,0.005,MCC
15,24,88,0.005,MCC
15,24,89,0.08,MCC
15,24,90,0.015,MCC
15,24,91,0.005,MCC
15,24,92,0.035,MCC
15,24,93,0.785,MCC
15,24,94,0.005,MCC
15,24,95,0.01,MCC
15,24,96,0.04,MCC
15,24,97,0.175,MCC
15,24,98,1,MCC
15,24,99,0.27,MCC
13,2,51,1,CS
13,2,51,NA,MCC
13,2,52,0.005,MCC
13,2,53,0.005,MCC
13,2,54,0.005,MCC
13,2,55,0.015,MCC
13,2,56,0.005,MCC
13,2,57,0.02,MCC
13,2,58,0.04,MCC
13,2,59,0.005,MCC
13,2,60,0.005,MCC
13,2,61,0.005,MCC
13,2,62,0.005,MCC
13,2,63,0.025,MCC
13,2,64,0.005,MCC
13,2,65,0.01,MCC
13,2,66,0.015,MCC
13,2,67,0.005,MCC
13,2,68,0.02,MCC
13,2,69,0.035,MCC
13,2,70,0.005,MCC
13,2,71,0.02,MCC
13,2,72,0.025,MCC
13,2,73,0.005,MCC
13,2,74,0.005,MCC
13,2,75,0.005,MCC
13,2,76,0.005,MCC
13,2,77,0.005,MCC
13,2,78,0.015,MCC
13,2,79,0.005,MCC
13,2,80,0.005,MCC
13,2,81,0.015,MCC
13,2,82,0.025,MCC
13,2,83,0.005,MCC
13,2,84,0.01,MCC
13,2,85,0.01,MCC
13,2,86,0.005,MCC
13,2,87,0.005,MCC
13,2,88,0.005,MCC
13,2,89,0.025,MCC
13,2,90,0.005,MCC
13,2,91,0.01,MCC
13,2,92,0.025,MCC
13,2,93,0.005,MCC
13,2,94,0.035,MCC
13,2,95,0.005,MCC
13,2,96,0.005,MCC
13,2,97,0.03,MCC
13,2,98,0.02,MCC
13,2,99,0.03,MCC
15,29,51,1,CS
15,29,52,1,CS
15,29,53,0.66,CS
15,29,54,1,CS
15,29,55,0.64,CS
15,29,56,1,CS
15,29,57,1,CS
15,29,58,1,CS
15,29,59,1,CS
15,29,60,1,CS
15,29,61,1,CS
15,29,62,1,CS
15,29,63,0.975,CS
15,29,64,0.52,CS
15,29,65,0.96,CS
15,29,51,NA,MCC
15,29,52,0.005,MCC
15,29,53,0.005,MCC
15,29,54,0.005,MCC
15,29,55,0.005,MCC
15,29,56,1,MCC
15,29,57,0.005,MCC
15,29,58,0.005,MCC
15,29,59,0.015,MCC
15,29,60,0.3,MCC
15,29,61,0.52,MCC
15,29,62,0.005,MCC
15,29,63,0.005,MCC
15,29,64,0.005,MCC
15,29,65,0.04,MCC
15,29,66,0.975,MCC
15,29,67,1,MCC
15,29,68,0.66,MCC
15,29,69,0.005,MCC
15,29,70,0.01,MCC
15,29,71,0.09,MCC
15,29,72,0.96,MCC
15,29,73,0.045,MCC
15,29,74,1,MCC
15,29,75,0.64,MCC
15,29,76,0.005,MCC
15,29,77,1,MCC
15,29,78,0.005,MCC
15,29,79,0.005,MCC
15,29,80,0.005,MCC
15,29,81,0.03,MCC
15,29,82,1,MCC
15,29,83,0.05,MCC
15,29,84,0.005,MCC
15,29,85,0.03,MCC
15,29,86,0.045,MCC
15,29,87,0.01,MCC
15,29,88,0.055,MCC
15,29,89,1,MCC
15,29,90,1,MCC
15,29,91,0.005,MCC
15,29,92,0.005,MCC
15,29,93,0.005,MCC
15,29,94,0.005,MCC
15,29,95,0.015,MCC
15,29,96,0.15,MCC
15,29,97,0.15,MCC
15,29,98,1,MCC
15,29,99,1,MCC
14,15,51,1,CS
14,15,52,0.945,CS
14,15,53,0.88,CS
14,15,54,1,CS
14,15,55,0.72,CS
14,15,56,0.855,CS
14,15,57,1,CS
14,15,58,0.785,CS
14,15,59,0.875,CS
14,15,60,1,CS
14,15,61,1,CS
14,15,62,1,CS
14,15,63,1,CS
14,15,64,1,CS
14,15,65,1,CS
14,15,66,1,CS
14,15,67,0.51,CS
15,42,51,1,CS
15,42,52,0.995,CS
15,42,53,0.94,CS
15,42,54,1,CS
15,42,55,1,CS
15,42,56,0.785,CS
15,42,57,1,CS
15,42,58,1,CS
15,42,59,0.97,CS
15,42,60,1,CS
15,42,61,1,CS
15,42,62,1,CS
16,38,51,1,CS
16,38,52,1,CS
16,38,53,1,CS
16,38,54,1,CS
16,38,55,0.995,CS
16,38,56,0.81,CS
16,38,57,1,CS
16,38,58,1,CS
16,38,59,0.505,CS
16,38,60,1,CS
16,38,61,1,CS
16,38,62,1,CS
16,38,63,1,CS
16,38,64,1,CS
16,38,65,0.97,CS
16,38,66,1,CS
16,38,67,1,CS
16,38,68,0.615,CS
14,10,51,1,CS
14,10,52,0.745,CS
14,10,53,1,CS
14,10,54,1,CS
14,10,55,0.85,CS
14,10,56,0.78,CS
14,10,57,0.99,CS
14,10,58,1,CS
14,10,59,1,CS
14,10,60,0.83,CS
14,10,61,1,CS
14,10,62,1,CS
14,10,63,0.99,CS
14,10,64,1,CS
14,10,65,1,CS
14,10,66,0.76,CS
14,10,67,1,CS
15,42,51,NA,MCC
15,42,52,NA,MCC
15,42,53,0.005,MCC
15,42,54,0.005,MCC
15,42,55,0.005,MCC
15,42,56,0.005,MCC
15,42,57,0.005,MCC
15,42,58,0.005,MCC
15,42,59,0.015,MCC
15,42,60,1,MCC
15,42,61,0.01,MCC
15,42,62,0.035,MCC
15,42,63,0.03,MCC
15,42,64,0.005,MCC
15,42,65,0.05,MCC
15,42,66,0.005,MCC
15,42,67,0.005,MCC
15,42,68,0.005,MCC
15,42,69,0.005,MCC
15,42,70,0.005,MCC
15,42,71,0.03,MCC
15,42,72,0.04,MCC
15,42,73,0.35,MCC
15,42,74,0.025,MCC
15,42,75,1,MCC
15,42,76,0.97,MCC
15,42,77,0.465,MCC
15,42,78,0.005,MCC
15,42,79,0.005,MCC
15,42,80,0.465,MCC
15,42,81,1,MCC
15,42,82,0.785,MCC
15,42,83,1,MCC
15,42,84,0.995,MCC
15,42,85,0.94,MCC
15,42,86,1,MCC
15,42,87,0.005,MCC
15,42,88,0.025,MCC
15,42,89,0.165,MCC
15,42,90,0.005,MCC
15,42,91,0.06,MCC
15,42,92,0.125,MCC
15,42,93,0.005,MCC
15,42,94,0.005,MCC
15,42,95,0.025,MCC
15,42,96,0.315,MCC
15,42,97,1,MCC
15,42,98,1,MCC
15,42,99,0.035,MCC
16,38,51,NA,MCC
16,38,52,NA,MCC
16,38,53,0.005,MCC
16,38,54,0.005,MCC
16,38,55,0.005,MCC
16,38,56,0.005,MCC
16,38,57,0.005,MCC
16,38,58,0.005,MCC
16,38,59,0.005,MCC
16,38,60,1,MCC
16,38,61,0.4,MCC
16,38,62,0.01,MCC
16,38,63,0.37,MCC
16,38,64,0.08,MCC
16,38,65,1,MCC
16,38,66,1,MCC
16,38,67,1,MCC
16,38,68,1,MCC
16,38,69,0.01,MCC
16,38,70,0.055,MCC
16,38,71,1,MCC
16,38,72,0.97,MCC
16,38,73,0.01,MCC
16,38,74,0.165,MCC
16,38,75,0.005,MCC
16,38,76,0.005,MCC
16,38,77,0.005,MCC
16,38,78,0.09,MCC
16,38,79,0.615,MCC
16,38,80,0.21,MCC
16,38,81,0.005,MCC
16,38,82,0.005,MCC
16,38,83,0.005,MCC
16,38,84,0.015,MCC
16,38,85,0.995,MCC
16,38,86,0.15,MCC
16,38,87,0.015,MCC
16,38,88,0.295,MCC
16,38,89,1,MCC
16,38,90,1,MCC
16,38,91,1,MCC
16,38,92,1,MCC
16,38,93,0.005,MCC
16,38,94,0.015,MCC
16,38,95,0.28,MCC
16,38,96,0.05,MCC
16,38,97,0.1,MCC
16,38,98,1,MCC
16,38,99,1,MCC
14,15,51,NA,MCC
14,15,52,NA,MCC
14,15,53,0.005,MCC
14,15,54,0.005,MCC
14,15,55,0.005,MCC
14,15,56,0.005,MCC
14,15,57,0.005,MCC
14,15,58,0.025,MCC
14,15,59,0.855,MCC
14,15,60,1,MCC
14,15,61,0.015,MCC
14,15,62,0.51,MCC
14,15,63,0.785,MCC
14,15,64,0.875,MCC
14,15,65,0.005,MCC
14,15,66,0.005,MCC
14,15,67,0.285,MCC
14,15,68,1,MCC
14,15,69,1,MCC
14,15,70,1,MCC
14,15,71,0.005,MCC
14,15,72,0.005,MCC
14,15,73,0.265,MCC
14,15,74,1,MCC
14,15,75,0.005,MCC
14,15,76,0.005,MCC
14,15,77,0.28,MCC
14,15,78,1,MCC
14,15,79,0.02,MCC
14,15,80,0.145,MCC
14,15,81,0.39,MCC
14,15,82,0.005,MCC
14,15,83,0.035,MCC
14,15,84,1,MCC
14,15,85,0.01,MCC
14,15,86,1,MCC
14,15,87,0.72,MCC
14,15,88,0.005,MCC
14,15,89,0.005,MCC
14,15,90,0.03,MCC
14,15,91,0.005,MCC
14,15,92,0.09,MCC
14,15,93,0.945,MCC
14,15,94,0.88,MCC
14,15,95,0.005,MCC
14,15,96,1,MCC
14,15,97,0.09,MCC
14,15,98,0.005,MCC
14,15,99,0.025,MCC
14,10,51,NA,MCC
14,10,52,0.005,MCC
14,10,53,0.005,MCC
14,10,54,0.02,MCC
14,10,55,1,MCC
14,10,56,0.005,MCC
14,10,57,0.005,MCC
14,10,58,0.005,MCC
14,10,59,0.01,MCC
14,10,60,0.09,MCC
14,10,61,0.01,MCC
14,10,62,1,MCC
14,10,63,0.85,MCC
14,10,64,0.78,MCC
14,10,65,0.99,MCC
14,10,66,0.065,MCC
14,10,67,0.01,MCC
14,10,68,0.4,MCC
14,10,69,0.83,MCC
14,10,70,0.24,MCC
14,10,71,0.76,MCC
14,10,72,0.03,MCC
14,10,73,1,MCC
14,10,74,1,MCC
14,10,75,1,MCC
14,10,76,0.005,MCC
14,10,77,0.005,MCC
14,10,78,0.005,MCC
14,10,79,0.005,MCC
14,10,80,0.055,MCC
14,10,81,0.315,MCC
14,10,82,0.99,MCC
14,10,83,0.045,MCC
14,10,84,0.745,MCC
14,10,85,0.455,MCC
14,10,86,0.45,MCC
14,10,87,1,MCC
14,10,88,0.045,MCC
14,10,89,1,MCC
14,10,90,0.025,MCC
14,10,91,0.265,MCC
14,10,92,1,MCC
14,10,93,0.005,MCC
14,10,94,0.005,MCC
14,10,95,0.005,MCC
14,10,96,0.025,MCC
14,10,97,0.015,MCC
14,10,98,0.01,MCC
14,10,99,1,MCC
14,33,51,1,CS
14,33,52,0.825,CS
14,33,53,1,CS
14,33,54,1,CS
14,33,55,1,CS
14,33,56,1,CS
14,33,57,1,CS
14,33,58,0.965,CS
14,33,59,1,CS
14,33,60,1,CS
14,33,51,NA,MCC
14,33,52,0.005,MCC
14,33,53,0.005,MCC
14,33,54,0.01,MCC
14,33,55,0.035,MCC
14,33,56,0.01,MCC
14,33,57,0.075,MCC
14,33,58,0.005,MCC
14,33,59,0.005,MCC
14,33,60,0.005,MCC
14,33,61,0.065,MCC
14,33,62,0.02,MCC
14,33,63,1,MCC
14,33,64,0.025,MCC
14,33,65,0.005,MCC
14,33,66,0.005,MCC
14,33,67,0.005,MCC
14,33,68,0.015,MCC
14,33,69,0.005,MCC
14,33,70,0.005,MCC
14,33,71,0.01,MCC
14,33,72,0.02,MCC
14,33,73,0.075,MCC
14,33,74,0.065,MCC
14,33,75,1,MCC
14,33,76,1,MCC
14,33,77,0.005,MCC
14,33,78,0.005,MCC
14,33,79,0.825,MCC
14,33,80,1,MCC
14,33,81,0.005,MCC
14,33,82,0.005,MCC
14,33,83,0.025,MCC
14,33,84,0.005,MCC
14,33,85,0.005,MCC
14,33,86,0.015,MCC
14,33,87,0.965,MCC
14,33,88,0.005,MCC
14,33,89,0.01,MCC
14,33,90,0.465,MCC
14,33,91,0.13,MCC
14,33,92,0.475,MCC
14,33,93,0.32,MCC
14,33,94,1,MCC
14,33,95,1,MCC
14,33,96,0.01,MCC
14,33,97,1,MCC
14,33,98,0.005,MCC
14,33,99,0.015,MCC
12,6,51,1,CS
12,6,52,1,CS
12,6,53,1,CS
12,6,54,0.995,CS
12,6,55,1,CS
12,6,56,1,CS
12,6,57,0.92,CS
12,6,58,1,CS
12,6,59,1,CS
12,6,60,1,CS
12,6,61,0.85,CS
12,6,62,1,CS
12,6,51,NA,MCC
12,6,52,0.005,MCC
12,6,53,0.005,MCC
12,6,54,0.005,MCC
12,6,55,0.005,MCC
12,6,56,0.04,MCC
12,6,57,0.115,MCC
12,6,58,0.16,MCC
12,6,59,0.85,MCC
12,6,60,0.005,MCC
12,6,61,0.005,MCC
12,6,62,0.015,MCC
12,6,63,0.005,MCC
12,6,64,0.095,MCC
12,6,65,0.995,MCC
12,6,66,1,MCC
12,6,67,0.29,MCC
12,6,68,0.035,MCC
12,6,69,0.42,MCC
12,6,70,0.115,MCC
12,6,71,0.005,MCC
12,6,72,0.005,MCC
12,6,73,0.045,MCC
12,6,74,0.375,MCC
12,6,75,1,MCC
12,6,76,1,MCC
12,6,77,0.92,MCC
12,6,78,0.005,MCC
12,6,79,0.005,MCC
12,6,80,0.005,MCC
12,6,81,1,MCC
12,6,82,1,MCC
12,6,83,0.005,MCC
12,6,84,0.045,MCC
12,6,85,1,MCC
12,6,86,0.11,MCC
12,6,87,1,MCC
12,6,88,0.005,MCC
12,6,89,0.005,MCC
12,6,90,0.005,MCC
12,6,91,0.005,MCC
12,6,92,0.02,MCC
12,6,93,1,MCC
12,6,94,0.01,MCC
12,6,95,0.04,MCC
12,6,96,0.005,MCC
12,6,97,0.005,MCC
12,6,98,0.005,MCC
12,6,99,0.085,MCC
13,47,51,1,CS
13,47,52,0.64,CS
13,47,53,1,CS
13,47,54,1,CS
13,47,55,1,CS
13,47,56,0.725,CS
13,47,57,0.535,CS
13,47,58,1,CS
13,47,59,1,CS
13,47,60,1,CS
13,47,61,1,CS
13,47,62,1,CS
13,47,63,1,CS
13,47,64,0.825,CS
13,47,51,NA,MCC
13,47,52,0.005,MCC
13,47,53,0.005,MCC
13,47,54,0.02,MCC
13,47,55,0.465,MCC
13,47,56,0.155,MCC
13,47,57,0.64,MCC
13,47,58,1,MCC
13,47,59,1,MCC
13,47,60,0.01,MCC
13,47,61,0.02,MCC
13,47,62,0.005,MCC
13,47,63,0.01,MCC
13,47,64,1,MCC
13,47,65,0.005,MCC
13,47,66,0.005,MCC
13,47,67,0.005,MCC
13,47,68,1,MCC
13,47,69,0.015,MCC
13,47,70,0.095,MCC
13,47,71,0.005,MCC
13,47,72,0.025,MCC
13,47,73,0.02,MCC
13,47,74,0.825,MCC
13,47,75,0.005,MCC
13,47,76,0.005,MCC
13,47,77,0.005,MCC
13,47,78,0.42,MCC
13,47,79,1,MCC
13,47,80,1,MCC
13,47,81,0.725,MCC
13,47,82,0.21,MCC
13,47,83,0.535,MCC
13,47,84,1,MCC
13,47,85,0.005,MCC
13,47,86,0.025,MCC
13,47,87,0.04,MCC
13,47,88,0.005,MCC
13,47,89,0.005,MCC
13,47,90,0.435,MCC
13,47,91,0.005,MCC
13,47,92,0.005,MCC
13,47,93,0.005,MCC
13,47,94,0.01,MCC
13,47,95,0.04,MCC
13,47,96,1,MCC
13,47,97,0.03,MCC
13,47,98,1,MCC
13,47,99,0.04,MCC
16,42,51,1,CS
16,42,52,0.935,CS
16,42,53,1,CS
16,42,54,1,CS
16,42,55,1,CS
16,42,56,0.805,CS
16,42,57,1,CS
16,42,58,1,CS
16,42,59,1,CS
16,42,60,0.575,CS
16,42,61,0.985,CS
16,42,62,1,CS
16,42,63,1,CS
16,42,64,0.99,CS
16,42,51,NA,MCC
16,42,52,0.005,MCC
16,42,53,0.01,MCC
16,42,54,0.005,MCC
16,42,55,0.02,MCC
16,42,56,0.005,MCC
16,42,57,0.005,MCC
16,42,58,0.005,MCC
16,42,59,0.005,MCC
16,42,60,0.005,MCC
16,42,61,0.075,MCC
16,42,62,1,MCC
16,42,63,1,MCC
16,42,64,0.135,MCC
16,42,65,0.005,MCC
16,42,66,0.01,MCC
16,42,67,0.29,MCC
16,42,68,0.09,MCC
16,42,69,0.005,MCC
16,42,70,0.005,MCC
16,42,71,0.185,MCC
16,42,72,1,MCC
16,42,73,0.06,MCC
16,42,74,0.005,MCC
16,42,75,0.005,MCC
16,42,76,0.005,MCC
16,42,77,0.02,MCC
16,42,78,1,MCC
16,42,79,0.005,MCC
16,42,80,0.005,MCC
16,42,81,0.01,MCC
16,42,82,0.16,MCC
16,42,83,0.99,MCC
16,42,84,0.05,MCC
16,42,85,0.005,MCC
16,42,86,0.005,MCC
16,42,87,0.04,MCC
16,42,88,0.935,MCC
16,42,89,1,MCC
16,42,90,0.115,MCC
16,42,91,1,MCC
16,42,92,1,MCC
16,42,93,0.805,MCC
16,42,94,1,MCC
16,42,95,0.03,MCC
16,42,96,0.575,MCC
16,42,97,0.985,MCC
16,42,98,0.005,MCC
16,42,99,0.04,MCC
15,10,51,1,CS
15,10,52,1,CS
15,10,53,0.785,CS
15,10,54,1,CS
15,10,55,0.96,CS
15,10,56,0.785,CS
15,10,57,1,CS
15,10,58,1,CS
15,10,59,1,CS
15,10,60,0.82,CS
15,10,61,0.81,CS
15,10,62,1,CS
15,10,63,1,CS
15,10,64,1,CS
15,10,65,1,CS
15,10,66,1,CS
15,10,67,0.8,CS
15,10,51,NA,MCC
15,10,52,0.005,MCC
15,10,53,0.005,MCC
15,10,54,1,MCC
15,10,55,0.005,MCC
15,10,56,0.005,MCC
15,10,57,0.005,MCC
15,10,58,0.015,MCC
15,10,59,0.04,MCC
15,10,60,0.255,MCC
15,10,61,0.005,MCC
15,10,62,0.005,MCC
15,10,63,0.82,MCC
15,10,64,0.81,MCC
15,10,65,0.02,MCC
15,10,66,0.105,MCC
15,10,67,1,MCC
15,10,68,0.015,MCC
15,10,69,1,MCC
15,10,70,1,MCC
15,10,71,1,MCC
15,10,72,0.785,MCC
15,10,73,1,MCC
15,10,74,0.005,MCC
15,10,75,0.025,MCC
15,10,76,1,MCC
15,10,77,0.005,MCC
15,10,78,0.005,MCC
15,10,79,0.005,MCC
15,10,80,0.015,MCC
15,10,81,0.8,MCC
15,10,82,0.005,MCC
15,10,83,0.005,MCC
15,10,84,0.045,MCC
15,10,85,1,MCC
15,10,86,0.01,MCC
15,10,87,0.045,MCC
15,10,88,0.005,MCC
15,10,89,1,MCC
15,10,90,0.03,MCC
15,10,91,0.065,MCC
15,10,92,0.005,MCC
15,10,93,0.015,MCC
15,10,94,0.37,MCC
15,10,95,0.085,MCC
15,10,96,0.96,MCC
15,10,97,0.785,MCC
15,10,98,1,MCC
15,10,99,0.045,MCC
16,24,51,1,CS
16,24,52,1,CS
16,24,53,0.93,CS
16,24,54,1,CS
16,24,55,1,CS
16,24,56,0.545,CS
16,24,57,0.99,CS
16,24,51,NA,MCC
16,24,52,0.005,MCC
16,24,53,0.005,MCC
16,24,54,0.005,MCC
16,24,55,0.005,MCC
16,24,56,0.005,MCC
16,24,57,0.015,MCC
16,24,58,0.105,MCC
16,24,59,1,MCC
16,24,60,0.02,MCC
16,24,61,0.005,MCC
16,24,62,0.04,MCC
16,24,63,1,MCC
16,24,64,0.005,MCC
16,24,65,0.005,MCC
16,24,66,0.055,MCC
16,24,67,0.005,MCC
16,24,68,0.005,MCC
16,24,69,0.005,MCC
16,24,70,0.015,MCC
16,24,71,0.005,MCC
16,24,72,0.055,MCC
16,24,73,1,MCC
16,24,74,0.005,MCC
16,24,75,0.005,MCC
16,24,76,0.005,MCC
16,24,77,0.99,MCC
16,24,78,0.005,MCC
16,24,79,0.015,MCC
16,24,80,0.93,MCC
16,24,81,0.03,MCC
16,24,82,0.005,MCC
16,24,83,0.005,MCC
16,24,84,0.005,MCC
16,24,85,0.005,MCC
16,24,86,0.005,MCC
16,24,87,0.005,MCC
16,24,88,0.01,MCC
16,24,89,0.065,MCC
16,24,90,0.03,MCC
16,24,91,0.12,MCC
16,24,92,0.06,MCC
16,24,93,0.545,MCC
16,24,94,0.005,MCC
16,24,95,0.005,MCC
16,24,96,0.035,MCC
16,24,97,0.005,MCC
16,24,98,0.02,MCC
16,24,99,0.035,MCC
16,29,51,1,CS
16,29,52,1,CS
16,29,53,1,CS
16,29,54,1,CS
16,29,55,0.745,CS
16,29,56,1,CS
16,29,57,1,CS
16,29,58,0.995,CS
16,29,59,0.99,CS
16,29,60,0.99,CS
16,29,61,0.94,CS
16,29,51,NA,MCC
16,29,52,0.005,MCC
16,29,53,0.005,MCC
16,29,54,0.005,MCC
16,29,55,0.005,MCC
16,29,56,0.005,MCC
16,29,57,0.02,MCC
16,29,58,0.07,MCC
16,29,59,0.005,MCC
16,29,60,0.01,MCC
16,29,61,0.025,MCC
16,29,62,0.005,MCC
16,29,63,0.035,MCC
16,29,64,0.005,MCC
16,29,65,0.01,MCC
16,29,66,0.03,MCC
16,29,67,1,MCC
16,29,68,0.99,MCC
16,29,69,0.005,MCC
16,29,70,0.025,MCC
16,29,71,0.015,MCC
16,29,72,0.03,MCC
16,29,73,1,MCC
16,29,74,1,MCC
16,29,75,0.005,MCC
16,29,76,0.005,MCC
16,29,77,0.005,MCC
16,29,78,0.005,MCC
16,29,79,0.94,MCC
16,29,80,0.015,MCC
16,29,81,1,MCC
16,29,82,0.28,MCC
16,29,83,0.005,MCC
16,29,84,0.005,MCC
16,29,85,0.005,MCC
16,29,86,0.03,MCC
16,29,87,0.995,MCC
16,29,88,0.005,MCC
16,29,89,0.005,MCC
16,29,90,0.02,MCC
16,29,91,0.3,MCC
16,29,92,0.005,MCC
16,29,93,0.025,MCC
16,29,94,0.295,MCC
16,29,95,0.48,MCC
16,29,96,0.99,MCC
16,29,97,0.02,MCC
16,29,98,1,MCC
16,29,99,0.745,MCC
15,15,51,1,CS
15,15,52,0.985,CS
15,15,53,0.92,CS
15,15,54,1,CS
15,15,55,1,CS
15,15,56,1,CS
15,15,57,1,CS
15,15,58,0.595,CS
15,15,59,1,CS
15,15,60,1,CS
15,15,61,1,CS
15,15,62,1,CS
15,15,63,1,CS
15,15,64,1,CS
15,15,65,0.535,CS
15,15,51,NA,MCC
15,15,52,0.005,MCC
15,15,53,0.005,MCC
15,15,54,0.005,MCC
15,15,55,0.005,MCC
15,15,56,0.035,MCC
15,15,57,0.005,MCC
15,15,58,0.005,MCC
15,15,59,0.005,MCC
15,15,60,0.015,MCC
15,15,61,0.065,MCC
15,15,62,0.09,MCC
15,15,63,1,MCC
15,15,64,0.985,MCC
15,15,65,0.92,MCC
15,15,66,0.005,MCC
15,15,67,0.15,MCC
15,15,68,0.08,MCC
15,15,69,1,MCC
15,15,70,0.005,MCC
15,15,71,0.005,MCC
15,15,72,0.005,MCC
15,15,73,0.04,MCC
15,15,74,1,MCC
15,15,75,1,MCC
15,15,76,0.005,MCC
15,15,77,0.035,MCC
15,15,78,0.535,MCC
15,15,79,0.01,MCC
15,15,80,1,MCC
15,15,81,1,MCC
15,15,82,0.005,MCC
15,15,83,0.005,MCC
15,15,84,0.005,MCC
15,15,85,0.01,MCC
15,15,86,0.05,MCC
15,15,87,1,MCC
15,15,88,1,MCC
15,15,89,0.34,MCC
15,15,90,0.005,MCC
15,15,91,0.03,MCC
15,15,92,0.41,MCC
15,15,93,1,MCC
15,15,94,0.005,MCC
15,15,95,0.005,MCC
15,15,96,0.08,MCC
15,15,97,0.015,MCC
15,15,98,0.595,MCC
15,15,99,1,MCC
14,2,51,1,CS
14,2,51,NA,MCC
14,2,52,0.005,MCC
14,2,53,0.005,MCC
14,2,54,0.005,MCC
14,2,55,0.015,MCC
14,2,56,0.025,MCC
14,2,57,0.005,MCC
14,2,58,0.005,MCC
14,2,59,0.005,MCC
14,2,60,0.01,MCC
14,2,61,0.005,MCC
14,2,62,0.01,MCC
14,2,63,0.03,MCC
14,2,64,0.005,MCC
14,2,65,0.005,MCC
14,2,66,0.005,MCC
14,2,67,0.005,MCC
14,2,68,0.02,MCC
14,2,69,0.005,MCC
14,2,70,0.005,MCC
14,2,71,0.01,MCC
14,2,72,0.025,MCC
14,2,73,0.02,MCC
14,2,74,0.005,MCC
14,2,75,0.005,MCC
14,2,76,0.03,MCC
14,2,77,0.005,MCC
14,2,78,0.005,MCC
14,2,79,0.005,MCC
14,2,80,0.005,MCC
14,2,81,0.025,MCC
14,2,82,0.005,MCC
14,2,83,0.02,MCC
14,2,84,0.005,MCC
14,2,85,0.005,MCC
14,2,86,0.035,MCC
14,2,87,0.005,MCC
14,2,88,0.005,MCC
14,2,89,0.015,MCC
14,2,90,0.02,MCC
14,2,91,0.005,MCC
14,2,92,0.005,MCC
14,2,93,0.025,MCC
14,2,94,0.015,MCC
14,2,95,0.005,MCC
14,2,96,0.005,MCC
14,2,97,0.02,MCC
14,2,98,0.005,MCC
14,2,99,0.055,MCC
16,10,51,1,CS
16,10,52,0.845,CS
16,10,53,0.97,CS
16,10,54,1,CS
16,10,55,0.985,CS
16,10,56,0.62,CS
16,10,57,1,CS
16,10,58,0.87,CS
16,10,59,1,CS
16,10,60,1,CS
16,10,61,1,CS
16,10,62,1,CS
16,10,63,0.995,CS
16,10,64,1,CS
16,10,65,1,CS
16,10,66,1,CS
13,6,51,1,CS
13,6,52,1,CS
13,6,53,1,CS
13,6,54,1,CS
13,6,55,0.7,CS
13,6,56,1,CS
13,6,57,1,CS
13,6,58,1,CS
13,6,59,1,CS
13,6,60,0.53,CS
17,38,51,1,CS
17,38,52,1,CS
17,38,53,1,CS
17,38,54,1,CS
17,38,55,1,CS
17,38,56,1,CS
17,38,57,0.93,CS
17,38,58,0.98,CS
17,38,59,1,CS
17,38,60,1,CS
17,38,61,1,CS
17,38,62,0.67,CS
17,38,63,1,CS
17,38,64,1,CS
17,38,65,1,CS
16,10,51,NA,MCC
16,10,52,0.005,MCC
16,10,53,0.005,MCC
16,10,54,0.005,MCC
16,10,55,0.02,MCC
16,10,56,1,MCC
16,10,57,0.005,MCC
16,10,58,0.005,MCC
16,10,59,0.995,MCC
16,10,60,0.01,MCC
16,10,61,0.42,MCC
16,10,62,0.075,MCC
16,10,63,0.005,MCC
16,10,64,0.005,MCC
16,10,65,0.03,MCC
16,10,66,0.005,MCC
16,10,67,0.005,MCC
16,10,68,0.005,MCC
16,10,69,0.005,MCC
16,10,70,0.11,MCC
16,10,71,0.275,MCC
16,10,72,0.005,MCC
16,10,73,0.09,MCC
16,10,74,1,MCC
16,10,75,1,MCC
16,10,76,0.005,MCC
16,10,77,0.005,MCC
16,10,78,0.025,MCC
16,10,79,0.03,MCC
16,10,80,0.265,MCC
16,10,81,0.985,MCC
16,10,82,0.62,MCC
16,10,83,1,MCC
16,10,84,0.33,MCC
16,10,85,0.025,MCC
16,10,86,0.005,MCC
16,10,87,0.02,MCC
16,10,88,0.46,MCC
16,10,89,0.05,MCC
16,10,90,1,MCC
16,10,91,0.03,MCC
16,10,92,0.845,MCC
16,10,93,0.97,MCC
16,10,94,1,MCC
16,10,95,0.025,MCC
16,10,96,1,MCC
16,10,97,0.065,MCC
16,10,98,1,MCC
16,10,99,1,MCC
13,6,51,NA,MCC
13,6,52,0.005,MCC
13,6,53,0.005,MCC
13,6,54,0.005,MCC
13,6,55,0.005,MCC
13,6,56,0.005,MCC
13,6,57,0.035,MCC
13,6,58,1,MCC
13,6,59,0.005,MCC
13,6,60,0.005,MCC
13,6,61,0.06,MCC
13,6,62,0.02,MCC
13,6,63,1,MCC
13,6,64,0.7,MCC
13,6,65,0.005,MCC
13,6,66,0.015,MCC
13,6,67,0.045,MCC
13,6,68,0.12,MCC
13,6,69,0.53,MCC
13,6,70,0.005,MCC
13,6,71,0.005,MCC
13,6,72,0.005,MCC
13,6,73,0.005,MCC
13,6,74,0.005,MCC
13,6,75,0.005,MCC
13,6,76,0.035,MCC
13,6,77,0.4,MCC
13,6,78,1,MCC
13,6,79,0.005,MCC
13,6,80,0.005,MCC
13,6,81,0.005,MCC
13,6,82,0.02,MCC
13,6,83,0.245,MCC
13,6,84,0.005,MCC
13,6,85,0.005,MCC
13,6,86,0.03,MCC
13,6,87,1,MCC
13,6,88,0.01,MCC
13,6,89,0.035,MCC
13,6,90,1,MCC
13,6,91,1,MCC
13,6,92,0.14,MCC
13,6,93,0.005,MCC
13,6,94,0.04,MCC
13,6,95,0.04,MCC
13,6,96,0.005,MCC
13,6,97,0.02,MCC
13,6,98,0.03,MCC
13,6,99,1,MCC
17,38,51,NA,MCC
17,38,52,0.005,MCC
17,38,53,0.005,MCC
17,38,54,0.005,MCC
17,38,55,0.005,MCC
17,38,56,0.005,MCC
17,38,57,0.03,MCC
17,38,58,0.13,MCC
17,38,59,0.14,MCC
17,38,60,1,MCC
17,38,61,0.355,MCC
17,38,62,1,MCC
17,38,63,1,MCC
17,38,64,0.005,MCC
17,38,65,0.005,MCC
17,38,66,0.07,MCC
17,38,67,0.67,MCC
17,38,68,0.01,MCC
17,38,69,0.07,MCC
17,38,70,0.005,MCC
17,38,71,0.005,MCC
17,38,72,0.005,MCC
17,38,73,0.035,MCC
17,38,74,1,MCC
17,38,75,0.015,MCC
17,38,76,0.375,MCC
17,38,77,1,MCC
17,38,78,1,MCC
17,38,79,1,MCC
17,38,80,0.32,MCC
17,38,81,0.035,MCC
17,38,82,1,MCC
17,38,83,1,MCC
17,38,84,0.005,MCC
17,38,85,0.005,MCC
17,38,86,0.01,MCC
17,38,87,0.015,MCC
17,38,88,0.07,MCC
17,38,89,0.93,MCC
17,38,90,0.98,MCC
17,38,91,0.03,MCC
17,38,92,0.005,MCC
17,38,93,0.19,MCC
17,38,94,0.005,MCC
17,38,95,0.01,MCC
17,38,96,0.205,MCC
17,38,97,1,MCC
17,38,98,0.03,MCC
17,38,99,1,MCC
17,29,51,1,CS
17,29,52,1,CS
17,29,53,1,CS
17,29,54,1,CS
17,29,55,0.995,CS
17,29,56,0.87,CS
17,29,57,1,CS
17,29,58,1,CS
17,29,59,0.63,CS
17,29,60,0.85,CS
17,29,61,0.53,CS
15,33,51,1,CS
15,33,52,1,CS
15,33,53,1,CS
15,33,54,1,CS
15,33,55,1,CS
15,33,56,1,CS
15,33,57,1,CS
15,33,58,0.905,CS
15,33,59,1,CS
17,29,51,NA,MCC
17,29,52,0.005,MCC
17,29,53,0.005,MCC
17,29,54,0.005,MCC
17,29,55,0.015,MCC
17,29,56,1,MCC
17,29,57,0.435,MCC
17,29,58,0.005,MCC
17,29,59,0.005,MCC
17,29,60,0.85,MCC
17,29,61,0.005,MCC
17,29,62,0.005,MCC
17,29,63,0.03,MCC
17,29,64,0.63,MCC
17,29,65,1,MCC
17,29,66,0.005,MCC
17,29,67,0.005,MCC
17,29,68,0.04,MCC
17,29,69,0.995,MCC
17,29,70,0.87,MCC
17,29,71,0.055,MCC
17,29,72,0.31,MCC
17,29,73,0.005,MCC
17,29,74,0.005,MCC
17,29,75,0.005,MCC
17,29,76,0.07,MCC
17,29,77,0.41,MCC
17,29,78,0.01,MCC
17,29,79,0.03,MCC
17,29,80,0.005,MCC
17,29,81,0.005,MCC
17,29,82,0.005,MCC
17,29,83,0.005,MCC
17,29,84,0.005,MCC
17,29,85,0.005,MCC
17,29,86,1,MCC
17,29,87,1,MCC
17,29,88,0.005,MCC
17,29,89,0.345,MCC
17,29,90,0.53,MCC
17,29,91,0.01,MCC
17,29,92,0.02,MCC
17,29,93,1,MCC
17,29,94,0.005,MCC
17,29,95,0.005,MCC
17,29,96,0.005,MCC
17,29,97,0.03,MCC
17,29,98,0.03,MCC
17,29,99,0.035,MCC
17,42,51,1,CS
17,42,52,1,CS
17,42,53,0.975,CS
17,42,54,1,CS
17,42,55,0.895,CS
17,42,56,0.98,CS
17,42,57,1,CS
17,42,58,1,CS
17,42,59,1,CS
17,42,60,1,CS
17,42,61,1,CS
17,42,62,1,CS
17,24,51,1,CS
17,24,52,0.99,CS
17,24,53,1,CS
17,24,54,0.84,CS
17,24,55,0.985,CS
17,24,56,1,CS
17,24,57,1,CS
15,33,51,NA,MCC
15,33,52,0.005,MCC
15,33,53,0.005,MCC
15,33,54,0.005,MCC
15,33,55,0.005,MCC
15,33,56,0.005,MCC
15,33,57,0.005,MCC
15,33,58,0.045,MCC
15,33,59,0.015,MCC
15,33,60,1,MCC
15,33,61,1,MCC
15,33,62,0.005,MCC
15,33,63,0.005,MCC
15,33,64,0.005,MCC
15,33,65,0.005,MCC
15,33,66,0.015,MCC
15,33,67,0.05,MCC
15,33,68,1,MCC
15,33,69,0.13,MCC
15,33,70,0.02,MCC
15,33,71,0.005,MCC
15,33,72,0.025,MCC
15,33,73,1,MCC
15,33,74,0.005,MCC
15,33,75,0.005,MCC
15,33,76,0.905,MCC
15,33,77,0.02,MCC
15,33,78,0.005,MCC
15,33,79,0.015,MCC
15,33,80,0.345,MCC
15,33,81,0.01,MCC
15,33,82,1,MCC
15,33,83,0.005,MCC
15,33,84,0.03,MCC
15,33,85,0.005,MCC
15,33,86,0.005,MCC
15,33,87,0.005,MCC
15,33,88,0.005,MCC
15,33,89,0.005,MCC
15,33,90,0.015,MCC
15,33,91,0.005,MCC
15,33,92,0.02,MCC
15,33,93,0.015,MCC
15,33,94,1,MCC
15,33,95,0.03,MCC
15,33,96,0.24,MCC
15,33,97,1,MCC
15,33,98,0.005,MCC
15,33,99,0.02,MCC
17,24,51,NA,MCC
17,24,52,0.005,MCC
17,24,53,0.005,MCC
17,24,54,0.025,MCC
17,24,55,0.005,MCC
17,24,56,0.005,MCC
17,24,57,0.005,MCC
17,24,58,0.005,MCC
17,24,59,0.005,MCC
17,24,60,0.005,MCC
17,24,61,0.135,MCC
17,24,62,0.025,MCC
17,24,63,1,MCC
17,24,64,1,MCC
17,24,65,0.005,MCC
17,24,66,0.005,MCC
17,24,67,0.025,MCC
17,24,68,0.005,MCC
17,24,69,0.02,MCC
17,24,70,0.015,MCC
17,24,71,0.035,MCC
17,24,72,1,MCC
17,24,73,0.005,MCC
17,24,74,0.005,MCC
17,24,75,0.03,MCC
17,24,76,0.84,MCC
17,24,77,0.005,MCC
17,24,78,0.02,MCC
17,24,79,0.005,MCC
17,24,80,0.005,MCC
17,24,81,0.005,MCC
17,24,82,0.015,MCC
17,24,83,0.99,MCC
17,24,84,0.005,MCC
17,24,85,0.03,MCC
17,24,86,0.985,MCC
17,24,87,0.005,MCC
17,24,88,0.005,MCC
17,24,89,0.02,MCC
17,24,90,0.385,MCC
17,24,91,0.46,MCC
17,24,92,0.035,MCC
17,24,93,0.005,MCC
17,24,94,0.005,MCC
17,24,95,0.005,MCC
17,24,96,0.17,MCC
17,24,97,0.015,MCC
17,24,98,0.01,MCC
17,24,99,0.015,MCC
17,42,51,NA,MCC
17,42,52,0.005,MCC
17,42,53,0.005,MCC
17,42,54,0.005,MCC
17,42,55,0.005,MCC
17,42,56,0.03,MCC
17,42,57,0.005,MCC
17,42,58,0.005,MCC
17,42,59,0.15,MCC
17,42,60,0.035,MCC
17,42,61,0.005,MCC
17,42,62,1,MCC
17,42,63,0.025,MCC
17,42,64,1,MCC
17,42,65,1,MCC
17,42,66,0.005,MCC
17,42,67,0.01,MCC
17,42,68,0.03,MCC
17,42,69,1,MCC
17,42,70,0.975,MCC
17,42,71,1,MCC
17,42,72,0.005,MCC
17,42,73,0.005,MCC
17,42,74,0.005,MCC
17,42,75,0.01,MCC
17,42,76,1,MCC
17,42,77,0.005,MCC
17,42,78,0.005,MCC
17,42,79,0.005,MCC
17,42,80,0.015,MCC
17,42,81,0.005,MCC
17,42,82,0.025,MCC
17,42,83,0.03,MCC
17,42,84,0.005,MCC
17,42,85,0.05,MCC
17,42,86,0.005,MCC
17,42,87,0.005,MCC
17,42,88,0.03,MCC
17,42,89,1,MCC
17,42,90,0.895,MCC
17,42,91,0.98,MCC
17,42,92,1,MCC
17,42,93,0.005,MCC
17,42,94,0.005,MCC
17,42,95,0.01,MCC
17,42,96,0.075,MCC
17,42,97,0.04,MCC
17,42,98,0.01,MCC
17,42,99,0.33,MCC
15,2,51,1,CS
16,15,51,1,CS
16,15,52,0.77,CS
16,15,53,0.815,CS
16,15,54,1,CS
16,15,55,0.605,CS
16,15,56,0.625,CS
16,15,57,1,CS
16,15,58,0.565,CS
16,15,59,1,CS
16,15,60,1,CS
16,15,61,1,CS
16,15,62,1,CS
16,15,63,1,CS
16,15,64,1,CS
16,15,65,0.995,CS
16,15,66,1,CS
15,2,51,NA,MCC
15,2,52,0.005,MCC
15,2,53,0.005,MCC
15,2,54,0.005,MCC
15,2,55,0.005,MCC
15,2,56,0.025,MCC
15,2,57,0.005,MCC
15,2,58,0.025,MCC
15,2,59,0.005,MCC
15,2,60,0.005,MCC
15,2,61,0.015,MCC
15,2,62,0.03,MCC
15,2,63,0.025,MCC
15,2,64,0.005,MCC
15,2,65,0.005,MCC
15,2,66,0.005,MCC
15,2,67,0.005,MCC
15,2,68,0.005,MCC
15,2,69,0.035,MCC
15,2,70,0.02,MCC
15,2,71,0.04,MCC
15,2,72,0.005,MCC
15,2,73,0.005,MCC
15,2,74,0.005,MCC
15,2,75,0.005,MCC
15,2,76,0.005,MCC
15,2,77,0.005,MCC
15,2,78,0.005,MCC
15,2,79,0.02,MCC
15,2,80,0.005,MCC
15,2,81,0.015,MCC
15,2,82,0.01,MCC
15,2,83,0.005,MCC
15,2,84,0.01,MCC
15,2,85,0.015,MCC
15,2,86,0.025,MCC
15,2,87,0.015,MCC
15,2,88,0.005,MCC
15,2,89,0.005,MCC
15,2,90,0.005,MCC
15,2,91,0.005,MCC
15,2,92,0.035,MCC
15,2,93,0.03,MCC
15,2,94,0.005,MCC
15,2,95,0.005,MCC
15,2,96,0.035,MCC
15,2,97,0.02,MCC
15,2,98,0.01,MCC
15,2,99,0.02,MCC
14,47,51,1,CS
14,47,52,1,CS
14,47,53,0.925,CS
14,47,54,1,CS
14,47,55,0.82,CS
14,47,56,1,CS
14,47,57,0.6,CS
14,47,58,1,CS
14,47,59,1,CS
14,47,60,0.975,CS
14,47,61,1,CS
14,47,62,1,CS
14,47,63,1,CS
14,47,64,1,CS
16,15,51,NA,MCC
16,15,52,0.005,MCC
16,15,53,0.005,MCC
16,15,54,0.005,MCC
16,15,55,0.035,MCC
16,15,56,0.77,MCC
16,15,57,0.815,MCC
16,15,58,1,MCC
16,15,59,0.005,MCC
16,15,60,0.01,MCC
16,15,61,1,MCC
16,15,62,1,MCC
16,15,63,0.375,MCC
16,15,64,0.165,MCC
16,15,65,0.005,MCC
16,15,66,0.015,MCC
16,15,67,0.565,MCC
16,15,68,1,MCC
16,15,69,0.005,MCC
16,15,70,0.005,MCC
16,15,71,0.005,MCC
16,15,72,0.085,MCC
16,15,73,0.005,MCC
16,15,74,0.01,MCC
16,15,75,0.015,MCC
16,15,76,1,MCC
16,15,77,1,MCC
16,15,78,0.015,MCC
16,15,79,0.06,MCC
16,15,80,0.005,MCC
16,15,81,0.005,MCC
16,15,82,0.005,MCC
16,15,83,0.005,MCC
16,15,84,0.005,MCC
16,15,85,0.005,MCC
16,15,86,0.995,MCC
16,15,87,0.04,MCC
16,15,88,0.065,MCC
16,15,89,0.34,MCC
16,15,90,1,MCC
16,15,91,0.605,MCC
16,15,92,0.625,MCC
16,15,93,0.005,MCC
16,15,94,0.005,MCC
16,15,95,0.02,MCC
16,15,96,1,MCC
16,15,97,0.115,MCC
16,15,98,1,MCC
16,15,99,0.185,MCC
14,47,51,NA,MCC
14,47,52,0.005,MCC
14,47,53,0.005,MCC
14,47,54,0.005,MCC
14,47,55,0.005,MCC
14,47,56,0.05,MCC
14,47,57,0.925,MCC
14,47,58,1,MCC
14,47,59,0.09,MCC
14,47,60,0.045,MCC
14,47,61,0.975,MCC
14,47,62,0.005,MCC
14,47,63,0.005,MCC
14,47,64,0.005,MCC
14,47,65,0.005,MCC
14,47,66,0.005,MCC
14,47,67,0.005,MCC
14,47,68,0.065,MCC
14,47,69,0.15,MCC
14,47,70,0.02,MCC
14,47,71,0.005,MCC
14,47,72,0.005,MCC
14,47,73,0.025,MCC
14,47,74,1,MCC
14,47,75,0.005,MCC
14,47,76,0.035,MCC
14,47,77,0.6,MCC
14,47,78,1,MCC
14,47,79,0.82,MCC
14,47,80,1,MCC
14,47,81,1,MCC
14,47,82,0.005,MCC
14,47,83,0.005,MCC
14,47,84,0.005,MCC
14,47,85,0.01,MCC
14,47,86,0.015,MCC
14,47,87,0.005,MCC
14,47,88,0.015,MCC
14,47,89,1,MCC
14,47,90,0.035,MCC
14,47,91,1,MCC
14,47,92,0.45,MCC
14,47,93,0.025,MCC
14,47,94,1,MCC
14,47,95,0.005,MCC
14,47,96,0.005,MCC
14,47,97,0.02,MCC
14,47,98,0.025,MCC
14,47,99,1,MCC
14,6,51,1,CS
14,6,52,0.955,CS
14,6,53,1,CS
14,6,54,1,CS
14,6,55,0.84,CS
14,6,56,0.705,CS
14,6,57,1,CS
14,6,58,0.985,CS
14,6,59,1,CS
14,6,60,1,CS
14,6,61,1,CS
14,6,51,NA,MCC
14,6,52,0.005,MCC
14,6,53,0.005,MCC
14,6,54,0.02,MCC
14,6,55,0.01,MCC
14,6,56,0.245,MCC
14,6,57,0.985,MCC
14,6,58,1,MCC
14,6,59,0.84,MCC
14,6,60,0.005,MCC
14,6,61,0.005,MCC
14,6,62,0.005,MCC
14,6,63,0.005,MCC
14,6,64,0.005,MCC
14,6,65,0.05,MCC
14,6,66,1,MCC
14,6,67,0.01,MCC
14,6,68,0.705,MCC
14,6,69,1,MCC
14,6,70,0.005,MCC
14,6,71,0.01,MCC
14,6,72,0.29,MCC
14,6,73,0.005,MCC
14,6,74,0.005,MCC
14,6,75,0.005,MCC
14,6,76,0.015,MCC
14,6,77,0.21,MCC
14,6,78,0.08,MCC
14,6,79,0.13,MCC
14,6,80,0.02,MCC
14,6,81,0.005,MCC
14,6,82,0.005,MCC
14,6,83,0.02,MCC
14,6,84,0.045,MCC
14,6,85,0.005,MCC
14,6,86,0.03,MCC
14,6,87,0.005,MCC
14,6,88,0.005,MCC
14,6,89,0.105,MCC
14,6,90,1,MCC
14,6,91,0.02,MCC
14,6,92,1,MCC
14,6,93,0.005,MCC
14,6,94,0.005,MCC
14,6,95,0.05,MCC
14,6,96,0.955,MCC
14,6,97,1,MCC
14,6,98,0.02,MCC
14,6,99,0.035,MCC
2,24,51,1,CS
2,24,52,0.545,CS
2,24,53,0.815,CS
2,24,54,1,CS
2,24,55,1,CS
2,24,56,1,CS
2,24,57,1,CS
2,24,58,1,CS
2,24,59,1,CS
2,24,60,1,CS
2,24,61,0.815,CS
2,24,62,1,CS
2,24,63,1,CS
2,24,64,0.71,CS
2,24,65,1,CS
2,24,66,0.92,CS
2,24,67,1,CS
2,24,68,1,CS
2,24,69,1,CS
2,24,70,1,CS
2,24,71,1,CS
2,24,72,1,CS
2,24,73,0.675,CS
2,24,74,1,CS
2,24,75,0.875,CS
2,24,76,0.55,CS
2,24,77,1,CS
2,24,78,0.985,CS
2,24,79,1,CS
2,24,80,0.555,CS
2,24,81,1,CS
2,24,82,1,CS
2,24,83,1,CS
2,24,84,1,CS
2,24,85,0.83,CS
2,24,86,1,CS
2,24,87,1,CS
2,24,88,1,CS
2,24,89,1,CS
2,24,90,0.645,CS
2,24,91,1,CS
2,24,92,1,CS
2,24,93,1,CS
2,24,51,NA,MCC
2,24,52,0.545,MCC
2,24,53,1,MCC
2,24,54,0.47,MCC
2,24,55,1,MCC
2,24,56,0.675,MCC
2,24,57,0.425,MCC
2,24,58,0.815,MCC
2,24,59,0.27,MCC
2,24,60,0.295,MCC
2,24,61,1,MCC
2,24,62,1,MCC
2,24,63,1,MCC
2,24,64,1,MCC
2,24,65,1,MCC
2,24,66,1,MCC
2,24,67,1,MCC
2,24,68,0.815,MCC
2,24,69,1,MCC
2,24,70,1,MCC
2,24,71,0.71,MCC
2,24,72,1,MCC
2,24,73,0.92,MCC
2,24,74,1,MCC
2,24,75,1,MCC
2,24,76,1,MCC
2,24,77,1,MCC
2,24,78,1,MCC
2,24,79,0.875,MCC
2,24,80,0.185,MCC
2,24,81,0.415,MCC
2,24,82,1,MCC
2,24,83,1,MCC
2,24,84,1,MCC
2,24,85,0.55,MCC
2,24,86,1,MCC
2,24,87,1,MCC
2,24,88,1,MCC
2,24,89,0.985,MCC
2,24,90,1,MCC
2,24,91,0.235,MCC
2,24,92,1,MCC
2,24,93,1,MCC
2,24,94,0.83,MCC
2,24,95,1,MCC
2,24,96,1,MCC
2,24,97,1,MCC
2,24,98,1,MCC
2,24,99,0.645,MCC
2,42,51,1,CS
2,42,52,1,CS
2,42,53,0.98,CS
2,42,54,0.81,CS
2,42,55,0.78,CS
2,42,56,1,CS
2,42,57,1,CS
2,42,58,1,CS
2,42,59,1,CS
2,42,60,1,CS
2,42,61,1,CS
2,42,62,1,CS
2,42,63,1,CS
2,42,64,1,CS
2,42,65,1,CS
2,42,66,1,CS
2,42,67,1,CS
2,42,68,1,CS
2,42,69,1,CS
2,42,70,1,CS
2,42,71,0.995,CS
2,42,72,1,CS
2,42,73,0.78,CS
2,42,74,1,CS
2,42,75,1,CS
2,42,76,0.815,CS
2,42,77,0.995,CS
2,42,78,0.935,CS
2,42,79,1,CS
2,42,80,1,CS
2,42,81,1,CS
2,42,82,0.995,CS
2,42,83,1,CS
2,42,84,1,CS
2,42,85,1,CS
2,42,86,1,CS
2,42,87,0.76,CS
2,42,88,0.525,CS
2,42,89,1,CS
2,42,90,1,CS
2,42,91,1,CS
2,42,92,1,CS
2,42,93,0.86,CS
2,42,94,1,CS
2,42,95,1,CS
2,42,96,1,CS
2,42,97,1,CS
2,42,98,1,CS
2,29,51,1,CS
2,29,52,0.605,CS
2,29,53,0.8,CS
2,29,54,1,CS
2,29,55,1,CS
2,29,56,1,CS
2,29,57,1,CS
2,29,58,0.54,CS
2,29,59,1,CS
2,29,60,1,CS
2,29,61,0.96,CS
2,29,62,1,CS
2,29,63,1,CS
2,29,64,0.775,CS
2,29,65,1,CS
2,29,66,0.52,CS
2,29,67,1,CS
2,29,68,0.72,CS
2,29,69,1,CS
2,29,70,1,CS
2,29,71,1,CS
2,29,72,1,CS
2,29,73,1,CS
2,29,74,0.985,CS
2,29,75,0.965,CS
2,29,76,1,CS
2,29,77,1,CS
2,29,78,1,CS
2,29,79,1,CS
2,29,80,1,CS
2,29,81,0.62,CS
2,29,82,1,CS
2,29,83,1,CS
2,29,84,0.625,CS
2,29,85,1,CS
2,29,86,1,CS
2,29,87,1,CS
2,29,88,1,CS
2,29,89,0.515,CS
2,29,90,1,CS
2,29,91,1,CS
2,29,92,1,CS
2,29,93,1,CS
2,29,51,NA,MCC
2,29,52,0.42,MCC
2,29,53,1,MCC
2,29,54,0.415,MCC
2,29,55,0.115,MCC
2,29,56,0.26,MCC
2,29,57,1,MCC
2,29,58,0.515,MCC
2,29,59,1,MCC
2,29,60,1,MCC
2,29,61,1,MCC
2,29,62,1,MCC
2,29,63,0.985,MCC
2,29,64,0.965,MCC
2,29,65,1,MCC
2,29,66,1,MCC
2,29,67,1,MCC
2,29,68,1,MCC
2,29,69,0.4,MCC
2,29,70,0.605,MCC
2,29,71,0.52,MCC
2,29,72,1,MCC
2,29,73,1,MCC
2,29,74,1,MCC
2,29,75,1,MCC
2,29,76,0.72,MCC
2,29,77,1,MCC
2,29,78,1,MCC
2,29,79,0.8,MCC
2,29,80,0.96,MCC
2,29,81,1,MCC
2,29,82,0.775,MCC
2,29,83,1,MCC
2,29,84,1,MCC
2,29,85,1,MCC
2,29,86,0.295,MCC
2,29,87,1,MCC
2,29,88,1,MCC
2,29,89,1,MCC
2,29,90,1,MCC
2,29,91,0.54,MCC
2,29,92,1,MCC
2,29,93,1,MCC
2,29,94,1,MCC
2,29,95,0.62,MCC
2,29,96,1,MCC
2,29,97,0.625,MCC
2,29,98,1,MCC
2,29,99,1,MCC
2,42,51,NA,MCC
2,42,52,0.815,MCC
2,42,53,1,MCC
2,42,54,1,MCC
2,42,55,0.995,MCC
2,42,56,1,MCC
2,42,57,0.86,MCC
2,42,58,1,MCC
2,42,59,1,MCC
2,42,60,1,MCC
2,42,61,0.935,MCC
2,42,62,0.76,MCC
2,42,63,0.525,MCC
2,42,64,1,MCC
2,42,65,1,MCC
2,42,66,1,MCC
2,42,67,1,MCC
2,42,68,1,MCC
2,42,69,1,MCC
2,42,70,0.995,MCC
2,42,71,1,MCC
2,42,72,1,MCC
2,42,73,1,MCC
2,42,74,1,MCC
2,42,75,1,MCC
2,42,76,0.435,MCC
2,42,77,0.98,MCC
2,42,78,1,MCC
2,42,79,1,MCC
2,42,80,0.81,MCC
2,42,81,0.78,MCC
2,42,82,1,MCC
2,42,83,1,MCC
2,42,84,1,MCC
2,42,85,1,MCC
2,42,86,1,MCC
2,42,87,1,MCC
2,42,88,1,MCC
2,42,89,1,MCC
2,42,90,1,MCC
2,42,91,1,MCC
2,42,92,1,MCC
2,42,93,1,MCC
2,42,94,1,MCC
2,42,95,0.995,MCC
2,42,96,1,MCC
2,42,97,0.78,MCC
2,42,98,1,MCC
2,42,99,1,MCC
15,47,51,1,CS
15,47,52,1,CS
15,47,53,0.905,CS
15,47,54,1,CS
15,47,55,1,CS
15,47,56,0.635,CS
15,47,57,1,CS
15,47,58,1,CS
15,47,59,1,CS
15,47,60,1,CS
15,47,61,1,CS
15,47,62,1,CS
15,47,63,1,CS
15,47,51,NA,MCC
15,47,52,0.005,MCC
15,47,53,0.005,MCC
15,47,54,0.005,MCC
15,47,55,0.005,MCC
15,47,56,0.005,MCC
15,47,57,0.04,MCC
15,47,58,1,MCC
15,47,59,0.03,MCC
15,47,60,0.005,MCC
15,47,61,0.005,MCC
15,47,62,1,MCC
15,47,63,0.06,MCC
15,47,64,0.005,MCC
15,47,65,0.005,MCC
15,47,66,0.005,MCC
15,47,67,0.005,MCC
15,47,68,0.17,MCC
15,47,69,0.135,MCC
15,47,70,0.39,MCC
15,47,71,1,MCC
15,47,72,0.905,MCC
15,47,73,0.005,MCC
15,47,74,0.06,MCC
15,47,75,1,MCC
15,47,76,0.005,MCC
15,47,77,0.02,MCC
15,47,78,0.635,MCC
15,47,79,0.005,MCC
15,47,80,0.005,MCC
15,47,81,1,MCC
15,47,82,1,MCC
15,47,83,0.06,MCC
15,47,84,1,MCC
15,47,85,0.005,MCC
15,47,86,0.005,MCC
15,47,87,0.005,MCC
15,47,88,0.02,MCC
15,47,89,0.26,MCC
15,47,90,0.005,MCC
15,47,91,0.005,MCC
15,47,92,0.07,MCC
15,47,93,0.005,MCC
15,47,94,0.005,MCC
15,47,95,0.05,MCC
15,47,96,1,MCC
15,47,97,0.03,MCC
15,47,98,1,MCC
15,47,99,1,MCC
17,10,51,1,CS
17,10,52,0.92,CS
17,10,53,1,CS
17,10,54,0.85,CS
17,10,55,1,CS
17,10,56,1,CS
17,10,57,1,CS
17,10,58,1,CS
17,10,59,1,CS
17,10,60,1,CS
17,10,61,1,CS
17,10,62,0.8,CS
2,38,51,1,CS
2,38,52,0.655,CS
2,38,53,1,CS
2,38,54,0.875,CS
2,38,55,0.89,CS
2,38,56,0.51,CS
2,38,57,1,CS
2,38,58,1,CS
2,38,59,1,CS
2,38,60,1,CS
2,38,61,1,CS
2,38,62,1,CS
2,38,63,1,CS
2,38,64,1,CS
2,38,65,1,CS
2,38,66,1,CS
2,38,67,1,CS
2,38,68,1,CS
2,38,69,1,CS
2,38,70,1,CS
2,38,71,1,CS
2,38,72,1,CS
2,38,73,1,CS
2,38,74,1,CS
2,38,75,0.985,CS
2,38,76,0.515,CS
2,38,77,1,CS
2,38,78,1,CS
2,38,79,1,CS
2,38,80,1,CS
2,38,81,0.665,CS
2,38,82,1,CS
2,38,83,0.595,CS
2,38,84,1,CS
2,38,85,1,CS
2,38,86,1,CS
2,38,87,1,CS
2,38,88,0.66,CS
2,38,89,1,CS
2,38,90,1,CS
2,38,91,1,CS
2,38,92,1,CS
2,38,93,1,CS
2,38,94,1,CS
2,38,95,1,CS
2,38,96,1,CS
17,10,51,NA,MCC
17,10,52,0.005,MCC
17,10,53,0.005,MCC
17,10,54,0.2,MCC
17,10,55,0.005,MCC
17,10,56,0.005,MCC
17,10,57,0.005,MCC
17,10,58,0.005,MCC
17,10,59,0.005,MCC
17,10,60,0.005,MCC
17,10,61,0.205,MCC
17,10,62,0.065,MCC
17,10,63,0.005,MCC
17,10,64,0.03,MCC
17,10,65,0.8,MCC
17,10,66,0.015,MCC
17,10,67,1,MCC
17,10,68,0.005,MCC
17,10,69,0.005,MCC
17,10,70,0.285,MCC
17,10,71,0.85,MCC
17,10,72,1,MCC
17,10,73,0.005,MCC
17,10,74,0.055,MCC
17,10,75,1,MCC
17,10,76,0.005,MCC
17,10,77,0.015,MCC
17,10,78,0.295,MCC
17,10,79,0.005,MCC
17,10,80,0.005,MCC
17,10,81,0.03,MCC
17,10,82,0.005,MCC
17,10,83,0.04,MCC
17,10,84,0.02,MCC
17,10,85,0.23,MCC
17,10,86,0.92,MCC
17,10,87,1,MCC
17,10,88,0.005,MCC
17,10,89,0.005,MCC
17,10,90,0.005,MCC
17,10,91,0.01,MCC
17,10,92,1,MCC
17,10,93,0.02,MCC
17,10,94,0.03,MCC
17,10,95,0.01,MCC
17,10,96,0.04,MCC
17,10,97,1,MCC
17,10,98,1,MCC
17,10,99,1,MCC
2,38,51,NA,MCC
2,38,52,0.665,MCC
2,38,53,1,MCC
2,38,54,0.37,MCC
2,38,55,1,MCC
2,38,56,0.435,MCC
2,38,57,1,MCC
2,38,58,1,MCC
2,38,59,1,MCC
2,38,60,0.595,MCC
2,38,61,0.66,MCC
2,38,62,1,MCC
2,38,63,1,MCC
2,38,64,1,MCC
2,38,65,1,MCC
2,38,66,1,MCC
2,38,67,1,MCC
2,38,68,1,MCC
2,38,69,1,MCC
2,38,70,0.655,MCC
2,38,71,1,MCC
2,38,72,0.875,MCC
2,38,73,0.89,MCC
2,38,74,1,MCC
2,38,75,1,MCC
2,38,76,0.51,MCC
2,38,77,1,MCC
2,38,78,1,MCC
2,38,79,1,MCC
2,38,80,1,MCC
2,38,81,1,MCC
2,38,82,1,MCC
2,38,83,1,MCC
2,38,84,1,MCC
2,38,85,1,MCC
2,38,86,1,MCC
2,38,87,1,MCC
2,38,88,1,MCC
2,38,89,1,MCC
2,38,90,1,MCC
2,38,91,1,MCC
2,38,92,1,MCC
2,38,93,0.985,MCC
2,38,94,0.3,MCC
2,38,95,1,MCC
2,38,96,1,MCC
2,38,97,1,MCC
2,38,98,1,MCC
2,38,99,0.415,MCC
16,33,51,1,CS
16,33,52,1,CS
16,33,53,1,CS
16,33,54,1,CS
16,33,55,0.985,CS
16,33,56,1,CS
16,33,57,0.86,CS
16,33,58,1,CS
16,33,51,NA,MCC
16,33,52,NA,MCC
16,33,53,0.005,MCC
16,33,54,0.005,MCC
16,33,55,0.005,MCC
16,33,56,0.015,MCC
16,33,57,0.3,MCC
16,33,58,0.985,MCC
16,33,59,0.005,MCC
16,33,60,0.025,MCC
16,33,61,1,MCC
16,33,62,0.01,MCC
16,33,63,0.005,MCC
16,33,64,0.005,MCC
16,33,65,0.005,MCC
16,33,66,0.005,MCC
16,33,67,0.015,MCC
16,33,68,0.4,MCC
16,33,69,0.035,MCC
16,33,70,1,MCC
16,33,71,0.005,MCC
16,33,72,0.02,MCC
16,33,73,0.04,MCC
16,33,74,0.5,MCC
16,33,75,0.86,MCC
16,33,76,0.005,MCC
16,33,77,0.005,MCC
16,33,78,0.03,MCC
16,33,79,0.005,MCC
16,33,80,0.005,MCC
16,33,81,0.05,MCC
16,33,82,0.005,MCC
16,33,83,0.035,MCC
16,33,84,0.215,MCC
16,33,85,0.005,MCC
16,33,86,0.005,MCC
16,33,87,0.005,MCC
16,33,88,0.09,MCC
16,33,89,0.025,MCC
16,33,90,0.005,MCC
16,33,91,0.005,MCC
16,33,92,0.005,MCC
16,33,93,0.01,MCC
16,33,94,0.02,MCC
16,33,95,1,MCC
16,33,96,0.005,MCC
16,33,97,0.09,MCC
16,33,98,1,MCC
16,33,99,1,MCC
16,2,51,1,CS
16,2,52,0.995,CS
16,2,53,1,CS
16,2,54,1,CS
16,2,55,1,CS
16,2,56,0.96,CS
16,2,57,1,CS
16,2,58,1,CS
16,2,51,NA,MCC
16,2,52,NA,MCC
16,2,53,0.005,MCC
16,2,54,0.01,MCC
16,2,55,0.205,MCC
16,2,56,0.08,MCC
16,2,57,0.005,MCC
16,2,58,0.005,MCC
16,2,59,0.03,MCC
16,2,60,0.005,MCC
16,2,61,0.005,MCC
16,2,62,0.005,MCC
16,2,63,0.04,MCC
16,2,64,0.005,MCC
16,2,65,0.01,MCC
16,2,66,0.995,MCC
16,2,67,0.02,MCC
16,2,68,0.96,MCC
16,2,69,0.005,MCC
16,2,70,0.02,MCC
16,2,71,0.005,MCC
16,2,72,0.005,MCC
16,2,73,0.05,MCC
16,2,74,1,MCC
16,2,75,0.005,MCC
16,2,76,0.03,MCC
16,2,77,0.005,MCC
16,2,78,0.005,MCC
16,2,79,0.005,MCC
16,2,80,0.005,MCC
16,2,81,0.005,MCC
16,2,82,0.015,MCC
16,2,83,0.015,MCC
16,2,84,1,MCC
16,2,85,0.005,MCC
16,2,86,0.01,MCC
16,2,87,0.16,MCC
16,2,88,1,MCC
16,2,89,0.005,MCC
16,2,90,0.005,MCC
16,2,91,0.035,MCC
16,2,92,0.005,MCC
16,2,93,0.005,MCC
16,2,94,0.05,MCC
16,2,95,1,MCC
16,2,96,1,MCC
16,2,97,0.005,MCC
16,2,98,0.015,MCC
16,2,99,0.155,MCC
15,6,51,1,CS
15,6,52,1,CS
15,6,53,1,CS
15,6,54,0.99,CS
15,6,55,1,CS
15,6,56,1,CS
15,6,57,0.755,CS
15,6,58,1,CS
15,6,59,1,CS
15,6,60,1,CS
15,6,61,0.88,CS
15,6,62,0.655,CS
15,6,51,NA,MCC
15,6,52,0.005,MCC
15,6,53,0.005,MCC
15,6,54,0.005,MCC
15,6,55,0.005,MCC
15,6,56,0.005,MCC
15,6,57,0.425,MCC
15,6,58,1,MCC
15,6,59,0.005,MCC
15,6,60,0.88,MCC
15,6,61,0.01,MCC
15,6,62,0.135,MCC
15,6,63,0.655,MCC
15,6,64,0.215,MCC
15,6,65,0.005,MCC
15,6,66,0.005,MCC
15,6,67,0.005,MCC
15,6,68,0.025,MCC
15,6,69,0.005,MCC
15,6,70,0.08,MCC
15,6,71,1,MCC
15,6,72,0.99,MCC
15,6,73,1,MCC
15,6,74,0.005,MCC
15,6,75,0.005,MCC
15,6,76,0.005,MCC
15,6,77,0.025,MCC
15,6,78,0.5,MCC
15,6,79,0.005,MCC
15,6,80,0.01,MCC
15,6,81,0.035,MCC
15,6,82,0.005,MCC
15,6,83,0.02,MCC
15,6,84,0.005,MCC
15,6,85,0.035,MCC
15,6,86,1,MCC
15,6,87,1,MCC
15,6,88,0.04,MCC
15,6,89,0.005,MCC
15,6,90,0.005,MCC
15,6,91,0.005,MCC
15,6,92,0.005,MCC
15,6,93,0.04,MCC
15,6,94,1,MCC
15,6,95,0.755,MCC
15,6,96,0.035,MCC
15,6,97,0.045,MCC
15,6,98,0.075,MCC
15,6,99,1,MCC
3,29,51,1,CS
3,29,52,0.53,CS
3,29,53,0.595,CS
3,29,54,1,CS
3,29,55,1,CS
3,29,56,0.895,CS
3,29,57,1,CS
3,29,58,1,CS
3,29,59,0.65,CS
3,29,60,0.815,CS
3,29,61,1,CS
3,29,62,1,CS
3,29,63,1,CS
3,29,64,1,CS
3,29,65,1,CS
3,29,66,1,CS
3,29,67,0.91,CS
3,29,68,1,CS
3,29,69,0.9,CS
3,29,70,1,CS
3,29,71,1,CS
3,29,72,0.975,CS
3,29,73,1,CS
3,29,74,1,CS
3,29,75,1,CS
3,29,76,1,CS
3,29,77,1,CS
3,29,78,1,CS
3,29,79,1,CS
3,29,80,1,CS
3,29,81,1,CS
3,29,82,1,CS
3,29,83,1,CS
3,29,84,1,CS
3,29,85,1,CS
3,24,51,1,CS
3,24,52,0.82,CS
3,24,53,0.99,CS
3,24,54,0.965,CS
3,24,55,0.67,CS
3,24,56,0.55,CS
3,24,57,1,CS
3,24,58,1,CS
3,24,59,0.965,CS
3,24,60,1,CS
3,24,61,1,CS
3,24,62,1,CS
3,24,63,1,CS
3,24,64,1,CS
3,24,65,0.98,CS
3,24,66,1,CS
3,24,67,1,CS
3,24,68,0.91,CS
3,24,69,1,CS
3,24,70,1,CS
3,24,71,1,CS
3,24,72,1,CS
3,24,73,0.965,CS
3,24,74,0.775,CS
3,24,75,1,CS
3,24,76,1,CS
3,24,77,0.99,CS
3,24,78,1,CS
3,24,79,1,CS
3,24,80,0.605,CS
3,24,81,1,CS
3,24,82,1,CS
3,24,83,1,CS
3,24,84,1,CS
3,24,85,1,CS
3,24,86,1,CS
3,24,87,0.99,CS
3,24,88,0.655,CS
3,24,89,1,CS
3,24,90,1,CS
3,24,51,NA,MCC
3,24,52,0.395,MCC
3,24,53,0.82,MCC
3,24,54,1,MCC
3,24,55,0.91,MCC
3,24,56,0.355,MCC
3,24,57,0.09,MCC
3,24,58,1,MCC
3,24,59,0.98,MCC
3,24,60,1,MCC
3,24,61,0.43,MCC
3,24,62,1,MCC
3,24,63,1,MCC
3,24,64,0.99,MCC
3,24,65,1,MCC
3,24,66,0.965,MCC
3,24,67,0.67,MCC
3,24,68,0.29,MCC
3,24,69,1,MCC
3,24,70,1,MCC
3,24,71,1,MCC
3,24,72,1,MCC
3,24,73,0.965,MCC
3,24,74,0.275,MCC
3,24,75,0.245,MCC
3,24,76,0.36,MCC
3,24,77,1,MCC
3,24,78,0.21,MCC
3,24,79,1,MCC
3,24,80,1,MCC
3,24,81,1,MCC
3,24,82,0.965,MCC
3,24,83,0.775,MCC
3,24,84,1,MCC
3,24,85,1,MCC
3,24,86,1,MCC
3,24,87,0.99,MCC
3,24,88,1,MCC
3,24,89,0.605,MCC
3,24,90,1,MCC
3,24,91,1,MCC
3,24,92,1,MCC
3,24,93,1,MCC
3,24,94,1,MCC
3,24,95,1,MCC
3,24,96,0.99,MCC
3,24,97,0.48,MCC
3,24,98,1,MCC
3,24,99,0.655,MCC
3,29,51,NA,MCC
3,29,52,0.08,MCC
3,29,53,0.185,MCC
3,29,54,0.365,MCC
3,29,55,1,MCC
3,29,56,1,MCC
3,29,57,1,MCC
3,29,58,1,MCC
3,29,59,0.055,MCC
3,29,60,0.12,MCC
3,29,61,0.175,MCC
3,29,62,0.11,MCC
3,29,63,0.48,MCC
3,29,64,1,MCC
3,29,65,1,MCC
3,29,66,1,MCC
3,29,67,1,MCC
3,29,68,0.255,MCC
3,29,69,1,MCC
3,29,70,0.425,MCC
3,29,71,1,MCC
3,29,72,0.9,MCC
3,29,73,1,MCC
3,29,74,1,MCC
3,29,75,0.975,MCC
3,29,76,1,MCC
3,29,77,1,MCC
3,29,78,1,MCC
3,29,79,0.435,MCC
3,29,80,0.53,MCC
3,29,81,0.235,MCC
3,29,82,1,MCC
3,29,83,0.205,MCC
3,29,84,1,MCC
3,29,85,0.895,MCC
3,29,86,1,MCC
3,29,87,1,MCC
3,29,88,1,MCC
3,29,89,0.3,MCC
3,29,90,0.65,MCC
3,29,91,0.815,MCC
3,29,92,0.425,MCC
3,29,93,1,MCC
3,29,94,1,MCC
3,29,95,1,MCC
3,29,96,1,MCC
3,29,97,0.91,MCC
3,29,98,1,MCC
3,29,99,1,MCC
3,38,51,1,CS
3,38,52,0.775,CS
3,38,53,0.985,CS
3,38,54,0.96,CS
3,38,55,1,CS
3,38,56,1,CS
3,38,57,1,CS
3,38,58,1,CS
3,38,59,1,CS
3,38,60,1,CS
3,38,61,1,CS
3,38,62,1,CS
3,38,63,1,CS
3,38,64,1,CS
3,38,65,1,CS
3,38,66,1,CS
3,38,67,1,CS
3,38,68,1,CS
3,38,69,1,CS
3,38,70,1,CS
3,38,71,1,CS
3,38,72,1,CS
3,38,73,1,CS
3,38,74,1,CS
3,38,75,1,CS
3,38,76,1,CS
3,38,77,1,CS
3,38,78,1,CS
3,38,79,0.995,CS
3,38,80,1,CS
3,38,81,1,CS
3,38,82,1,CS
3,38,83,1,CS
3,38,84,1,CS
3,38,85,0.905,CS
3,38,86,1,CS
3,38,87,0.615,CS
3,38,88,1,CS
3,38,89,1,CS
3,38,90,1,CS
3,38,91,1,CS
3,38,92,1,CS
3,38,93,1,CS
3,42,51,1,CS
3,42,52,0.93,CS
3,42,53,0.66,CS
3,42,54,0.615,CS
3,42,55,1,CS
3,42,56,0.72,CS
3,42,57,1,CS
3,42,58,1,CS
3,42,59,1,CS
3,42,60,1,CS
3,42,61,1,CS
3,42,62,1,CS
3,42,63,1,CS
3,42,64,1,CS
3,42,65,1,CS
3,42,66,0.995,CS
3,42,67,1,CS
3,42,68,0.725,CS
3,42,69,0.765,CS
3,42,70,0.575,CS
3,42,71,0.65,CS
3,42,72,1,CS
3,42,73,1,CS
3,42,74,1,CS
3,42,75,1,CS
3,42,76,1,CS
3,42,77,1,CS
3,42,78,1,CS
3,42,79,1,CS
3,42,80,1,CS
3,42,81,1,CS
3,42,82,1,CS
3,42,83,1,CS
3,42,84,0.605,CS
3,42,85,1,CS
3,42,86,1,CS
3,42,87,1,CS
3,42,88,0.92,CS
3,42,89,0.71,CS
3,42,90,1,CS
3,42,91,1,CS
3,42,92,0.96,CS
3,42,93,0.98,CS
17,15,51,1,CS
17,15,52,1,CS
17,15,53,0.545,CS
17,15,54,0.91,CS
17,15,55,0.56,CS
17,15,56,0.675,CS
17,15,57,1,CS
17,15,58,1,CS
17,15,59,1,CS
17,15,60,1,CS
17,15,61,1,CS
17,15,62,1,CS
17,15,63,1,CS
17,15,64,1,CS
17,15,65,0.74,CS
3,38,51,NA,MCC
3,38,52,NA,MCC
3,38,53,0.34,MCC
3,38,54,0.37,MCC
3,38,55,1,MCC
3,38,56,1,MCC
3,38,57,1,MCC
3,38,58,1,MCC
3,38,59,0.39,MCC
3,38,60,1,MCC
3,38,61,1,MCC
3,38,62,0.905,MCC
3,38,63,1,MCC
3,38,64,0.615,MCC
3,38,65,1,MCC
3,38,66,1,MCC
3,38,67,1,MCC
3,38,68,0.375,MCC
3,38,69,0.455,MCC
3,38,70,1,MCC
3,38,71,1,MCC
3,38,72,1,MCC
3,38,73,1,MCC
3,38,74,1,MCC
3,38,75,0.995,MCC
3,38,76,1,MCC
3,38,77,1,MCC
3,38,78,0.775,MCC
3,38,79,1,MCC
3,38,80,1,MCC
3,38,81,1,MCC
3,38,82,1,MCC
3,38,83,0.985,MCC
3,38,84,0.96,MCC
3,38,85,1,MCC
3,38,86,1,MCC
3,38,87,1,MCC
3,38,88,1,MCC
3,38,89,1,MCC
3,38,90,1,MCC
3,38,91,1,MCC
3,38,92,1,MCC
3,38,93,1,MCC
3,38,94,1,MCC
3,38,95,1,MCC
3,38,96,1,MCC
3,38,97,1,MCC
3,38,98,1,MCC
3,38,99,1,MCC
3,42,51,NA,MCC
3,42,52,0.215,MCC
3,42,53,0.93,MCC
3,42,54,0.2,MCC
3,42,55,0.995,MCC
3,42,56,0.19,MCC
3,42,57,0.765,MCC
3,42,58,1,MCC
3,42,59,0.725,MCC
3,42,60,0.615,MCC
3,42,61,0.46,MCC
3,42,62,1,MCC
3,42,63,0.72,MCC
3,42,64,1,MCC
3,42,65,1,MCC
3,42,66,1,MCC
3,42,67,1,MCC
3,42,68,1,MCC
3,42,69,1,MCC
3,42,70,1,MCC
3,42,71,1,MCC
3,42,72,1,MCC
3,42,73,0.96,MCC
3,42,74,0.98,MCC
3,42,75,0.24,MCC
3,42,76,0.495,MCC
3,42,77,0.92,MCC
3,42,78,0.71,MCC
3,42,79,1,MCC
3,42,80,1,MCC
3,42,81,0.44,MCC
3,42,82,0.575,MCC
3,42,83,0.605,MCC
3,42,84,1,MCC
3,42,85,1,MCC
3,42,86,1,MCC
3,42,87,0.65,MCC
3,42,88,1,MCC
3,42,89,1,MCC
3,42,90,1,MCC
3,42,91,1,MCC
3,42,92,1,MCC
3,42,93,1,MCC
3,42,94,1,MCC
3,42,95,1,MCC
3,42,96,1,MCC
3,42,97,1,MCC
3,42,98,1,MCC
3,42,99,1,MCC
17,15,51,NA,MCC
17,15,52,0.005,MCC
17,15,53,0.005,MCC
17,15,54,0.005,MCC
17,15,55,0.015,MCC
17,15,56,1,MCC
17,15,57,0.545,MCC
17,15,58,0.005,MCC
17,15,59,0.045,MCC
17,15,60,0.005,MCC
17,15,61,0.005,MCC
17,15,62,0.025,MCC
17,15,63,0.005,MCC
17,15,64,0.01,MCC
17,15,65,0.01,MCC
17,15,66,0.675,MCC
17,15,67,1,MCC
17,15,68,0.005,MCC
17,15,69,0.01,MCC
17,15,70,0.02,MCC
17,15,71,0.74,MCC
17,15,72,0.005,MCC
17,15,73,0.02,MCC
17,15,74,0.08,MCC
17,15,75,1,MCC
17,15,76,1,MCC
17,15,77,0.005,MCC
17,15,78,0.005,MCC
17,15,79,0.005,MCC
17,15,80,0.07,MCC
17,15,81,1,MCC
17,15,82,0.005,MCC
17,15,83,0.005,MCC
17,15,84,0.005,MCC
17,15,85,0.005,MCC
17,15,86,0.03,MCC
17,15,87,1,MCC
17,15,88,1,MCC
17,15,89,0.005,MCC
17,15,90,0.01,MCC
17,15,91,0.09,MCC
17,15,92,0.025,MCC
17,15,93,1,MCC
17,15,94,0.91,MCC
17,15,95,0.56,MCC
17,15,96,0.01,MCC
17,15,97,0.075,MCC
17,15,98,1,MCC
17,15,99,0.075,MCC
2,10,51,1,CS
2,10,52,0.995,CS
2,10,53,0.655,CS
2,10,54,0.945,CS
2,10,55,1,CS
2,10,56,0.995,CS
2,10,57,0.775,CS
2,10,58,1,CS
2,10,59,0.65,CS
2,10,60,1,CS
2,10,61,1,CS
2,10,62,1,CS
2,10,63,1,CS
2,10,64,1,CS
2,10,65,1,CS
2,10,66,1,CS
2,10,67,1,CS
2,10,68,0.945,CS
2,10,69,1,CS
2,10,70,1,CS
2,10,71,1,CS
2,10,72,0.995,CS
2,10,73,1,CS
2,10,74,0.835,CS
2,10,75,1,CS
2,10,76,0.84,CS
2,10,77,1,CS
2,10,78,1,CS
2,10,79,1,CS
2,10,80,1,CS
2,10,81,1,CS
2,10,82,1,CS
2,10,83,0.855,CS
2,10,84,1,CS
2,10,85,1,CS
2,10,86,1,CS
2,10,87,1,CS
2,10,88,1,CS
2,10,89,1,CS
2,10,90,1,CS
2,10,91,1,CS
2,10,92,1,CS
2,10,93,1,CS
2,10,94,1,CS
2,10,95,1,CS
2,10,96,1,CS
2,10,51,NA,MCC
2,10,52,0.995,MCC
2,10,53,0.655,MCC
2,10,54,0.945,MCC
2,10,55,1,MCC
2,10,56,0.945,MCC
2,10,57,1,MCC
2,10,58,0.415,MCC
2,10,59,1,MCC
2,10,60,1,MCC
2,10,61,1,MCC
2,10,62,1,MCC
2,10,63,1,MCC
2,10,64,1,MCC
2,10,65,1,MCC
2,10,66,0.995,MCC
2,10,67,0.775,MCC
2,10,68,1,MCC
2,10,69,1,MCC
2,10,70,0.65,MCC
2,10,71,1,MCC
2,10,72,1,MCC
2,10,73,0.995,MCC
2,10,74,1,MCC
2,10,75,0.835,MCC
2,10,76,1,MCC
2,10,77,0.84,MCC
2,10,78,1,MCC
2,10,79,1,MCC
2,10,80,1,MCC
2,10,81,1,MCC
2,10,82,1,MCC
2,10,83,1,MCC
2,10,84,0.855,MCC
2,10,85,1,MCC
2,10,86,1,MCC
2,10,87,1,MCC
2,10,88,1,MCC
2,10,89,1,MCC
2,10,90,0.47,MCC
2,10,91,1,MCC
2,10,92,0.415,MCC
2,10,93,1,MCC
2,10,94,1,MCC
2,10,95,1,MCC
2,10,96,1,MCC
2,10,97,1,MCC
2,10,98,1,MCC
2,10,99,1,MCC
17,33,51,1,CS
17,33,52,0.815,CS
17,33,51,NA,MCC
17,33,52,0.005,MCC
17,33,53,0.005,MCC
17,33,54,0.005,MCC
17,33,55,0.015,MCC
17,33,56,0.005,MCC
17,33,57,0.005,MCC
17,33,58,0.005,MCC
17,33,59,0.02,MCC
17,33,60,0.025,MCC
17,33,61,0.025,MCC
17,33,62,0.025,MCC
17,33,63,0.005,MCC
17,33,64,0.005,MCC
17,33,65,0.02,MCC
17,33,66,0.005,MCC
17,33,67,0.005,MCC
17,33,68,0.005,MCC
17,33,69,0.005,MCC
17,33,70,0.035,MCC
17,33,71,0.025,MCC
17,33,72,0.005,MCC
17,33,73,0.005,MCC
17,33,74,0.005,MCC
17,33,75,0.015,MCC
17,33,76,0.025,MCC
17,33,77,0.005,MCC
17,33,78,0.005,MCC
17,33,79,0.005,MCC
17,33,80,0.015,MCC
17,33,81,0.02,MCC
17,33,82,0.015,MCC
17,33,83,0.005,MCC
17,33,84,0.015,MCC
17,33,85,0.005,MCC
17,33,86,0.025,MCC
17,33,87,0.015,MCC
17,33,88,0.005,MCC
17,33,89,0.005,MCC
17,33,90,0.005,MCC
17,33,91,0.005,MCC
17,33,92,0.015,MCC
17,33,93,0.815,MCC
17,33,94,0.005,MCC
17,33,95,0.005,MCC
17,33,96,0.02,MCC
17,33,97,0.005,MCC
17,33,98,0.005,MCC
17,33,99,0.03,MCC
16,47,51,1,CS
16,47,52,0.92,CS
16,47,53,1,CS
16,47,54,0.985,CS
16,47,55,1,CS
16,47,56,1,CS
16,47,57,0.955,CS
16,47,58,1,CS
16,47,59,1,CS
16,47,60,1,CS
16,47,61,1,CS
16,47,62,1,CS
16,47,63,1,CS
17,2,51,1,CS
17,2,52,1,CS
17,2,53,1,CS
17,2,54,1,CS
17,2,55,1,CS
17,2,56,0.88,CS
17,2,57,1,CS
17,2,58,1,CS
17,2,51,NA,MCC
17,2,52,0.005,MCC
17,2,53,0.005,MCC
17,2,54,0.005,MCC
17,2,55,0.015,MCC
17,2,56,1,MCC
17,2,57,0.13,MCC
17,2,58,0.88,MCC
17,2,59,0.005,MCC
17,2,60,0.005,MCC
17,2,61,0.01,MCC
17,2,62,1,MCC
17,2,63,0.195,MCC
17,2,64,0.025,MCC
17,2,65,0.005,MCC
17,2,66,0.005,MCC
17,2,67,1,MCC
17,2,68,0.01,MCC
17,2,69,0.005,MCC
17,2,70,0.005,MCC
17,2,71,0.015,MCC
17,2,72,0.12,MCC
17,2,73,0.385,MCC
17,2,74,0.005,MCC
17,2,75,0.005,MCC
17,2,76,0.005,MCC
17,2,77,0.01,MCC
17,2,78,0.02,MCC
17,2,79,0.005,MCC
17,2,80,0.025,MCC
17,2,81,0.005,MCC
17,2,82,0.005,MCC
17,2,83,0.025,MCC
17,2,84,1,MCC
17,2,85,0.005,MCC
17,2,86,0.005,MCC
17,2,87,0.095,MCC
17,2,88,0.065,MCC
17,2,89,1,MCC
17,2,90,0.005,MCC
17,2,91,0.005,MCC
17,2,92,0.005,MCC
17,2,93,0.01,MCC
17,2,94,0.035,MCC
17,2,95,0.015,MCC
17,2,96,0.015,MCC
17,2,97,0.345,MCC
17,2,98,0.02,MCC
17,2,99,1,MCC
16,47,51,NA,MCC
16,47,52,0.005,MCC
16,47,53,0.005,MCC
16,47,54,0.035,MCC
16,47,55,0.92,MCC
16,47,56,1,MCC
16,47,57,0.985,MCC
16,47,58,1,MCC
16,47,59,0.03,MCC
16,47,60,1,MCC
16,47,61,0.005,MCC
16,47,62,0.005,MCC
16,47,63,0.005,MCC
16,47,64,0.005,MCC
16,47,65,0.015,MCC
16,47,66,0.955,MCC
16,47,67,0.005,MCC
16,47,68,0.005,MCC
16,47,69,0.015,MCC
16,47,70,0.045,MCC
16,47,71,0.005,MCC
16,47,72,0.005,MCC
16,47,73,0.035,MCC
16,47,74,0.01,MCC
16,47,75,1,MCC
16,47,76,0.005,MCC
16,47,77,0.005,MCC
16,47,78,0.005,MCC
16,47,79,0.005,MCC
16,47,80,0.035,MCC
16,47,81,0.11,MCC
16,47,82,1,MCC
16,47,83,1,MCC
16,47,84,0.005,MCC
16,47,85,0.045,MCC
16,47,86,0.005,MCC
16,47,87,0.005,MCC
16,47,88,0.005,MCC
16,47,89,0.005,MCC
16,47,90,0.055,MCC
16,47,91,0.015,MCC
16,47,92,0.025,MCC
16,47,93,0.08,MCC
16,47,94,1,MCC
16,47,95,1,MCC
16,47,96,0.135,MCC
16,47,97,1,MCC
16,47,98,0.005,MCC
16,47,99,0.06,MCC
4,42,51,1,CS
4,42,52,0.505,CS
4,42,53,1,CS
4,42,54,1,CS
4,42,55,0.58,CS
4,42,56,1,CS
4,42,57,1,CS
4,42,58,0.925,CS
4,42,59,1,CS
4,42,60,0.98,CS
4,42,61,0.995,CS
4,42,62,1,CS
4,42,63,1,CS
4,42,64,1,CS
4,42,65,1,CS
4,42,66,0.995,CS
4,42,67,1,CS
4,42,68,0.51,CS
4,42,69,1,CS
4,42,70,0.615,CS
4,42,71,1,CS
4,42,72,0.8,CS
4,42,73,1,CS
4,42,74,1,CS
4,42,75,1,CS
4,42,76,0.995,CS
4,42,77,0.93,CS
4,42,78,0.86,CS
4,42,79,1,CS
4,42,80,1,CS
4,42,81,0.8,CS
4,42,82,1,CS
4,42,83,0.935,CS
4,42,84,0.895,CS
4,42,85,0.935,CS
4,42,86,0.84,CS
4,42,87,0.885,CS
4,42,88,1,CS
4,42,89,0.72,CS
4,42,90,0.79,CS
4,42,51,NA,MCC
4,42,52,NA,MCC
4,42,53,0.325,MCC
4,42,54,0.38,MCC
4,42,55,0.505,MCC
4,42,56,0.335,MCC
4,42,57,1,MCC
4,42,58,0.98,MCC
4,42,59,0.995,MCC
4,42,60,1,MCC
4,42,61,1,MCC
4,42,62,1,MCC
4,42,63,0.255,MCC
4,42,64,1,MCC
4,42,65,0.995,MCC
4,42,66,1,MCC
4,42,67,1,MCC
4,42,68,0.925,MCC
4,42,69,1,MCC
4,42,70,1,MCC
4,42,71,0.58,MCC
4,42,72,1,MCC
4,42,73,0.935,MCC
4,42,74,0.84,MCC
4,42,75,0.885,MCC
4,42,76,1,MCC
4,42,77,0.365,MCC
4,42,78,0.42,MCC
4,42,79,0.51,MCC
4,42,80,0.205,MCC
4,42,81,1,MCC
4,42,82,0.615,MCC
4,42,83,1,MCC
4,42,84,1,MCC
4,42,85,0.8,MCC
4,42,86,1,MCC
4,42,87,1,MCC
4,42,88,0.995,MCC
4,42,89,0.93,MCC
4,42,90,0.86,MCC
4,42,91,1,MCC
4,42,92,1,MCC
4,42,93,0.72,MCC
4,42,94,0.79,MCC
4,42,95,0.8,MCC
4,42,96,0.385,MCC
4,42,97,0.895,MCC
4,42,98,1,MCC
4,42,99,0.935,MCC
16,6,51,1,CS
4,38,51,1,CS
4,38,52,0.985,CS
4,38,53,0.505,CS
4,38,54,0.99,CS
4,38,55,1,CS
4,38,56,1,CS
4,38,57,1,CS
4,38,58,1,CS
4,38,59,1,CS
4,38,60,1,CS
4,38,61,1,CS
4,38,62,1,CS
4,38,63,1,CS
4,38,64,1,CS
4,38,65,1,CS
4,38,66,1,CS
4,38,67,1,CS
4,38,68,1,CS
4,38,69,1,CS
4,38,70,1,CS
4,38,71,1,CS
4,38,72,1,CS
4,38,73,0.885,CS
4,38,74,0.93,CS
4,38,75,0.65,CS
4,38,76,0.925,CS
4,38,77,1,CS
4,38,78,0.945,CS
4,38,79,0.975,CS
4,38,80,1,CS
4,38,81,1,CS
4,38,82,1,CS
4,38,83,0.955,CS
4,38,84,1,CS
4,38,85,1,CS
4,38,86,0.55,CS
4,38,87,1,CS
4,38,88,0.68,CS
4,38,89,1,CS
4,38,90,1,CS
4,38,91,1,CS
4,38,92,1,CS
4,38,93,1,CS
4,38,94,1,CS
16,6,51,NA,MCC
16,6,52,NA,MCC
16,6,53,0.005,MCC
16,6,54,0.005,MCC
16,6,55,0.005,MCC
16,6,56,0.005,MCC
16,6,57,0.005,MCC
16,6,58,0.005,MCC
16,6,59,0.02,MCC
16,6,60,0.005,MCC
16,6,61,0.005,MCC
16,6,62,0.005,MCC
16,6,63,0.01,MCC
16,6,64,0.02,MCC
16,6,65,0.035,MCC
16,6,66,0.02,MCC
16,6,67,0.005,MCC
16,6,68,0.005,MCC
16,6,69,0.005,MCC
16,6,70,0.005,MCC
16,6,71,0.005,MCC
16,6,72,0.015,MCC
16,6,73,0.025,MCC
16,6,74,0.005,MCC
16,6,75,0.01,MCC
16,6,76,0.02,MCC
16,6,77,0.01,MCC
16,6,78,0.005,MCC
16,6,79,0.005,MCC
16,6,80,0.02,MCC
16,6,81,0.005,MCC
16,6,82,0.025,MCC
16,6,83,0.005,MCC
16,6,84,0.005,MCC
16,6,85,0.01,MCC
16,6,86,0.03,MCC
16,6,87,0.025,MCC
16,6,88,0.015,MCC
16,6,89,0.005,MCC
16,6,90,0.005,MCC
16,6,91,0.005,MCC
16,6,92,0.025,MCC
16,6,93,0.005,MCC
16,6,94,0.005,MCC
16,6,95,0.015,MCC
16,6,96,0.005,MCC
16,6,97,0.025,MCC
16,6,98,0.01,MCC
16,6,99,0.02,MCC
4,38,51,NA,MCC
4,38,52,0.985,MCC
4,38,53,0.33,MCC
4,38,54,0.505,MCC
4,38,55,0.99,MCC
4,38,56,1,MCC
4,38,57,1,MCC
4,38,58,1,MCC
4,38,59,1,MCC
4,38,60,1,MCC
4,38,61,1,MCC
4,38,62,1,MCC
4,38,63,1,MCC
4,38,64,1,MCC
4,38,65,1,MCC
4,38,66,1,MCC
4,38,67,1,MCC
4,38,68,1,MCC
4,38,69,1,MCC
4,38,70,1,MCC
4,38,71,1,MCC
4,38,72,1,MCC
4,38,73,1,MCC
4,38,74,0.445,MCC
4,38,75,0.885,MCC
4,38,76,0.93,MCC
4,38,77,0.65,MCC
4,38,78,0.925,MCC
4,38,79,1,MCC
4,38,80,0.945,MCC
4,38,81,0.975,MCC
4,38,82,1,MCC
4,38,83,1,MCC
4,38,84,1,MCC
4,38,85,0.955,MCC
4,38,86,1,MCC
4,38,87,1,MCC
4,38,88,1,MCC
4,38,89,0.68,MCC
4,38,90,1,MCC
4,38,91,0.29,MCC
4,38,92,1,MCC
4,38,93,0.335,MCC
4,38,94,0.445,MCC
4,38,95,1,MCC
4,38,96,1,MCC
4,38,97,1,MCC
4,38,98,1,MCC
4,38,99,0.195,MCC
3,10,51,1,CS
3,10,52,1,CS
3,10,53,0.53,CS
3,10,54,0.995,CS
3,10,55,1,CS
3,10,56,1,CS
3,10,57,0.955,CS
3,10,58,0.985,CS
3,10,59,0.6,CS
3,10,60,1,CS
3,10,61,1,CS
3,10,62,1,CS
3,10,63,1,CS
3,10,64,1,CS
3,10,65,1,CS
3,10,66,1,CS
3,10,67,1,CS
3,10,68,1,CS
3,10,69,1,CS
3,10,70,0.625,CS
3,10,71,1,CS
3,10,72,1,CS
3,10,73,0.98,CS
3,10,74,0.74,CS
3,10,75,0.8,CS
3,10,76,1,CS
3,10,77,1,CS
3,10,78,1,CS
3,10,79,1,CS
3,10,80,1,CS
3,10,81,1,CS
3,10,82,0.775,CS
3,10,83,1,CS
3,10,84,0.635,CS
3,10,85,1,CS
3,10,86,0.765,CS
3,10,87,1,CS
3,10,88,1,CS
3,10,89,1,CS
3,10,90,1,CS
3,10,91,1,CS
3,10,92,1,CS
3,10,93,1,CS
3,10,94,0.97,CS
3,10,95,1,CS
3,10,96,1,CS
3,10,97,1,CS
3,10,98,0.995,CS
3,10,51,NA,MCC
3,10,52,1,MCC
3,10,53,0.995,MCC
3,10,54,1,MCC
3,10,55,1,MCC
3,10,56,0.38,MCC
3,10,57,1,MCC
3,10,58,1,MCC
3,10,59,0.97,MCC
3,10,60,1,MCC
3,10,61,0.775,MCC
3,10,62,1,MCC
3,10,63,1,MCC
3,10,64,1,MCC
3,10,65,1,MCC
3,10,66,0.635,MCC
3,10,67,1,MCC
3,10,68,0.765,MCC
3,10,69,1,MCC
3,10,70,1,MCC
3,10,71,1,MCC
3,10,72,0.53,MCC
3,10,73,0.995,MCC
3,10,74,1,MCC
3,10,75,1,MCC
3,10,76,1,MCC
3,10,77,0.625,MCC
3,10,78,1,MCC
3,10,79,1,MCC
3,10,80,1,MCC
3,10,81,1,MCC
3,10,82,1,MCC
3,10,83,1,MCC
3,10,84,1,MCC
3,10,85,1,MCC
3,10,86,0.955,MCC
3,10,87,1,MCC
3,10,88,0.985,MCC
3,10,89,0.6,MCC
3,10,90,1,MCC
3,10,91,1,MCC
3,10,92,1,MCC
3,10,93,1,MCC
3,10,94,1,MCC
3,10,95,1,MCC
3,10,96,0.98,MCC
3,10,97,0.74,MCC
3,10,98,0.8,MCC
3,10,99,1,MCC
4,29,51,1,CS
4,29,52,1,CS
4,29,53,1,CS
4,29,54,0.985,CS
4,29,55,0.765,CS
4,29,56,0.73,CS
4,29,57,1,CS
4,29,58,1,CS
4,29,59,0.7,CS
4,29,60,0.85,CS
4,29,61,1,CS
4,29,62,1,CS
4,29,63,1,CS
4,29,64,1,CS
4,29,65,0.595,CS
4,29,66,1,CS
4,29,67,1,CS
4,29,68,1,CS
4,29,69,1,CS
4,29,70,1,CS
4,29,71,0.915,CS
4,29,72,1,CS
4,29,73,1,CS
4,29,74,0.9,CS
4,29,75,1,CS
4,29,76,1,CS
4,29,77,1,CS
4,29,78,1,CS
4,29,79,1,CS
4,29,80,1,CS
4,29,81,1,CS
4,29,51,NA,MCC
4,29,52,0.19,MCC
4,29,53,0.375,MCC
4,29,54,0.205,MCC
4,29,55,0.48,MCC
4,29,56,1,MCC
4,29,57,1,MCC
4,29,58,1,MCC
4,29,59,1,MCC
4,29,60,1,MCC
4,29,61,0.27,MCC
4,29,62,1,MCC
4,29,63,1,MCC
4,29,64,0.415,MCC
4,29,65,1,MCC
4,29,66,0.9,MCC
4,29,67,0.075,MCC
4,29,68,0.02,MCC
4,29,69,0.155,MCC
4,29,70,0.915,MCC
4,29,71,1,MCC
4,29,72,1,MCC
4,29,73,0.15,MCC
4,29,74,0.18,MCC
4,29,75,1,MCC
4,29,76,0.73,MCC
4,29,77,1,MCC
4,29,78,0.3,MCC
4,29,79,1,MCC
4,29,80,0.02,MCC
4,29,81,0.015,MCC
4,29,82,0.135,MCC
4,29,83,1,MCC
4,29,84,1,MCC
4,29,85,0.7,MCC
4,29,86,0.085,MCC
4,29,87,1,MCC
4,29,88,1,MCC
4,29,89,0.005,MCC
4,29,90,0.035,MCC
4,29,91,1,MCC
4,29,92,0.765,MCC
4,29,93,1,MCC
4,29,94,0.985,MCC
4,29,95,0.395,MCC
4,29,96,1,MCC
4,29,97,0.105,MCC
4,29,98,1,MCC
4,29,99,1,MCC
2,33,51,1,CS
2,33,52,0.85,CS
2,33,53,0.83,CS
2,33,54,1,CS
2,33,55,0.505,CS
2,33,56,1,CS
2,33,57,1,CS
2,33,58,0.88,CS
2,33,59,1,CS
2,33,60,0.97,CS
2,33,61,1,CS
2,33,62,1,CS
2,33,63,1,CS
2,33,64,0.86,CS
2,33,65,1,CS
2,33,66,0.56,CS
2,33,67,1,CS
2,33,68,1,CS
2,33,69,1,CS
2,33,70,1,CS
2,33,71,1,CS
2,33,72,1,CS
2,33,73,1,CS
2,33,74,1,CS
2,33,75,0.92,CS
2,33,76,1,CS
2,33,77,0.77,CS
2,33,78,0.895,CS
2,33,79,0.98,CS
2,33,80,0.635,CS
2,33,81,0.635,CS
2,33,82,1,CS
2,33,83,1,CS
2,33,84,1,CS
2,33,85,0.86,CS
2,33,86,0.775,CS
2,33,87,1,CS
2,33,88,1,CS
2,33,89,1,CS
2,33,90,1,CS
4,24,51,1,CS
4,24,52,0.71,CS
4,24,53,0.905,CS
4,24,54,1,CS
4,24,55,0.97,CS
4,24,56,0.81,CS
4,24,57,1,CS
4,24,58,1,CS
4,24,59,0.665,CS
4,24,60,1,CS
4,24,61,0.99,CS
4,24,62,1,CS
4,24,63,1,CS
4,24,64,1,CS
4,24,65,0.675,CS
4,24,66,0.99,CS
4,24,67,1,CS
4,24,68,0.975,CS
4,24,69,0.99,CS
4,24,70,1,CS
4,24,71,1,CS
4,24,72,0.81,CS
4,24,73,1,CS
4,24,74,1,CS
4,24,75,0.75,CS
4,24,76,1,CS
4,24,77,1,CS
4,24,78,0.645,CS
4,24,79,0.68,CS
4,24,80,1,CS
4,24,81,1,CS
4,24,82,1,CS
4,24,83,1,CS
4,24,84,1,CS
2,15,51,1,CS
2,15,52,1,CS
2,15,53,1,CS
2,15,54,0.99,CS
2,15,55,1,CS
2,15,56,0.91,CS
2,15,57,1,CS
2,15,58,1,CS
2,15,59,1,CS
2,15,60,0.81,CS
2,15,61,1,CS
2,15,62,1,CS
2,15,63,1,CS
2,15,64,0.645,CS
2,15,65,1,CS
2,15,66,1,CS
2,15,67,1,CS
2,15,68,0.62,CS
2,15,69,0.62,CS
2,15,70,1,CS
2,15,71,0.745,CS
2,15,72,1,CS
2,15,73,1,CS
2,15,74,1,CS
2,15,75,0.98,CS
2,15,76,1,CS
2,15,77,1,CS
2,15,78,1,CS
2,15,79,1,CS
2,15,80,1,CS
2,15,81,1,CS
2,15,82,1,CS
2,15,83,1,CS
2,15,84,1,CS
2,15,85,0.68,CS
2,15,86,1,CS
2,15,87,1,CS
2,15,88,0.78,CS
2,15,89,1,CS
2,15,90,1,CS
2,15,91,1,CS
2,15,92,0.995,CS
2,15,93,1,CS
2,15,94,1,CS
2,15,95,0.965,CS
2,33,51,NA,MCC
2,33,52,0.85,MCC
2,33,53,0.92,MCC
2,33,54,1,MCC
2,33,55,0.77,MCC
2,33,56,0.895,MCC
2,33,57,0.98,MCC
2,33,58,0.83,MCC
2,33,59,0.455,MCC
2,33,60,0.34,MCC
2,33,61,1,MCC
2,33,62,1,MCC
2,33,63,1,MCC
2,33,64,0.86,MCC
2,33,65,0.28,MCC
2,33,66,0.225,MCC
2,33,67,0.115,MCC
2,33,68,0.125,MCC
2,33,69,1,MCC
2,33,70,0.365,MCC
2,33,71,0.25,MCC
2,33,72,0.495,MCC
2,33,73,1,MCC
2,33,74,0.505,MCC
2,33,75,1,MCC
2,33,76,1,MCC
2,33,77,1,MCC
2,33,78,1,MCC
2,33,79,1,MCC
2,33,80,1,MCC
2,33,81,0.385,MCC
2,33,82,0.88,MCC
2,33,83,1,MCC
2,33,84,0.97,MCC
2,33,85,1,MCC
2,33,86,1,MCC
2,33,87,1,MCC
2,33,88,1,MCC
2,33,89,0.635,MCC
2,33,90,0.635,MCC
2,33,91,0.86,MCC
2,33,92,0.775,MCC
2,33,93,1,MCC
2,33,94,1,MCC
2,33,95,1,MCC
2,33,96,1,MCC
2,33,97,1,MCC
2,33,98,1,MCC
2,33,99,1,MCC
4,24,51,NA,MCC
4,24,52,0.045,MCC
4,24,53,0.12,MCC
4,24,54,0.165,MCC
4,24,55,1,MCC
4,24,56,1,MCC
4,24,57,0.99,MCC
4,24,58,1,MCC
4,24,59,0.99,MCC
4,24,60,1,MCC
4,24,61,1,MCC
4,24,62,0.675,MCC
4,24,63,1,MCC
4,24,64,0.975,MCC
4,24,65,0.99,MCC
4,24,66,1,MCC
4,24,67,1,MCC
4,24,68,0.81,MCC
4,24,69,1,MCC
4,24,70,1,MCC
4,24,71,1,MCC
4,24,72,0.18,MCC
4,24,73,0.07,MCC
4,24,74,0.71,MCC
4,24,75,0.17,MCC
4,24,76,0.4,MCC
4,24,77,1,MCC
4,24,78,0.665,MCC
4,24,79,0.265,MCC
4,24,80,0.905,MCC
4,24,81,0.81,MCC
4,24,82,1,MCC
4,24,83,1,MCC
4,24,84,1,MCC
4,24,85,0.97,MCC
4,24,86,0.47,MCC
4,24,87,0.17,MCC
4,24,88,0.28,MCC
4,24,89,0.2,MCC
4,24,90,1,MCC
4,24,91,1,MCC
4,24,92,0.75,MCC
4,24,93,1,MCC
4,24,94,1,MCC
4,24,95,0.09,MCC
4,24,96,0.25,MCC
4,24,97,0.645,MCC
4,24,98,0.68,MCC
4,24,99,0.26,MCC
2,15,51,NA,MCC
2,15,52,0.21,MCC
2,15,53,0.435,MCC
2,15,54,0.62,MCC
2,15,55,0.32,MCC
2,15,56,1,MCC
2,15,57,1,MCC
2,15,58,0.745,MCC
2,15,59,1,MCC
2,15,60,1,MCC
2,15,61,1,MCC
2,15,62,0.98,MCC
2,15,63,0.41,MCC
2,15,64,1,MCC
2,15,65,1,MCC
2,15,66,1,MCC
2,15,67,1,MCC
2,15,68,1,MCC
2,15,69,0.62,MCC
2,15,70,1,MCC
2,15,71,0.99,MCC
2,15,72,1,MCC
2,15,73,0.91,MCC
2,15,74,1,MCC
2,15,75,1,MCC
2,15,76,1,MCC
2,15,77,0.81,MCC
2,15,78,1,MCC
2,15,79,1,MCC
2,15,80,1,MCC
2,15,81,0.645,MCC
2,15,82,1,MCC
2,15,83,1,MCC
2,15,84,1,MCC
2,15,85,1,MCC
2,15,86,0.78,MCC
2,15,87,1,MCC
2,15,88,1,MCC
2,15,89,1,MCC
2,15,90,1,MCC
2,15,91,1,MCC
2,15,92,1,MCC
2,15,93,1,MCC
2,15,94,0.68,MCC
2,15,95,1,MCC
2,15,96,0.995,MCC
2,15,97,1,MCC
2,15,98,1,MCC
2,15,99,0.965,MCC
2,2,51,1,CS
2,2,52,1,CS
2,2,53,1,CS
2,2,54,0.915,CS
2,2,55,1,CS
2,2,56,1,CS
2,2,57,1,CS
2,2,58,1,CS
2,2,59,1,CS
2,2,60,1,CS
2,2,61,0.98,CS
2,2,62,1,CS
2,2,63,1,CS
2,2,64,1,CS
2,2,65,0.69,CS
2,2,66,1,CS
2,2,67,1,CS
2,2,68,0.69,CS
2,2,69,1,CS
2,2,70,0.965,CS
2,2,71,1,CS
2,2,72,1,CS
2,2,73,1,CS
2,2,74,1,CS
2,2,75,1,CS
2,2,76,1,CS
2,2,77,1,CS
2,2,78,1,CS
2,2,79,1,CS
2,2,80,1,CS
2,2,81,1,CS
2,2,82,1,CS
2,2,83,1,CS
2,2,84,0.995,CS
2,2,85,1,CS
2,2,86,1,CS
2,2,87,1,CS
2,2,88,0.79,CS
2,2,89,1,CS
2,2,90,0.805,CS
2,2,91,0.655,CS
2,2,92,1,CS
2,2,93,0.975,CS
2,2,51,NA,MCC
2,2,52,0.24,MCC
2,2,53,1,MCC
2,2,54,0.805,MCC
2,2,55,1,MCC
2,2,56,0.425,MCC
2,2,57,0.995,MCC
2,2,58,1,MCC
2,2,59,1,MCC
2,2,60,0.79,MCC
2,2,61,1,MCC
2,2,62,1,MCC
2,2,63,1,MCC
2,2,64,0.44,MCC
2,2,65,1,MCC
2,2,66,0.98,MCC
2,2,67,1,MCC
2,2,68,1,MCC
2,2,69,1,MCC
2,2,70,1,MCC
2,2,71,0.915,MCC
2,2,72,0.37,MCC
2,2,73,1,MCC
2,2,74,1,MCC
2,2,75,1,MCC
2,2,76,1,MCC
2,2,77,1,MCC
2,2,78,0.69,MCC
2,2,79,1,MCC
2,2,80,1,MCC
2,2,81,0.21,MCC
2,2,82,0.655,MCC
2,2,83,0.975,MCC
2,2,84,1,MCC
2,2,85,0.69,MCC
2,2,86,1,MCC
2,2,87,0.44,MCC
2,2,88,1,MCC
2,2,89,1,MCC
2,2,90,1,MCC
2,2,91,0.965,MCC
2,2,92,1,MCC
2,2,93,1,MCC
2,2,94,1,MCC
2,2,95,1,MCC
2,2,96,1,MCC
2,2,97,1,MCC
2,2,98,1,MCC
2,2,99,1,MCC
4,10,51,1,CS
4,10,52,0.93,CS
4,10,53,0.65,CS
4,10,54,1,CS
4,10,55,0.64,CS
4,10,56,0.67,CS
4,10,57,1,CS
4,10,58,0.545,CS
4,10,59,1,CS
4,10,60,1,CS
4,10,61,1,CS
4,10,62,1,CS
4,10,63,1,CS
4,10,64,1,CS
4,10,65,1,CS
4,10,66,1,CS
4,10,67,1,CS
4,10,68,0.815,CS
4,10,69,1,CS
4,10,70,0.98,CS
4,10,71,0.625,CS
4,10,72,1,CS
4,10,73,1,CS
4,10,74,1,CS
4,10,75,1,CS
4,10,76,0.805,CS
4,10,77,0.79,CS
4,10,78,1,CS
4,10,79,1,CS
4,10,80,1,CS
4,10,81,0.615,CS
4,10,82,1,CS
4,10,83,0.945,CS
4,10,84,1,CS
4,10,85,1,CS
4,10,86,1,CS
4,10,87,1,CS
4,10,88,1,CS
4,10,89,1,CS
4,10,90,1,CS
4,10,91,1,CS
4,10,92,0.99,CS
4,10,93,1,CS
4,10,94,0.515,CS
4,10,95,1,CS
4,10,96,1,CS
4,10,97,1,CS
4,10,51,NA,MCC
4,10,52,0.93,MCC
4,10,53,0.65,MCC
4,10,54,1,MCC
4,10,55,0.64,MCC
4,10,56,0.67,MCC
4,10,57,1,MCC
4,10,58,1,MCC
4,10,59,1,MCC
4,10,60,1,MCC
4,10,61,0.325,MCC
4,10,62,1,MCC
4,10,63,0.35,MCC
4,10,64,1,MCC
4,10,65,1,MCC
4,10,66,1,MCC
4,10,67,1,MCC
4,10,68,1,MCC
4,10,69,0.815,MCC
4,10,70,1,MCC
4,10,71,0.98,MCC
4,10,72,0.805,MCC
4,10,73,0.79,MCC
4,10,74,1,MCC
4,10,75,0.625,MCC
4,10,76,1,MCC
4,10,77,1,MCC
4,10,78,1,MCC
4,10,79,1,MCC
4,10,80,1,MCC
4,10,81,1,MCC
4,10,82,0.99,MCC
4,10,83,1,MCC
4,10,84,0.515,MCC
4,10,85,1,MCC
4,10,86,1,MCC
4,10,87,1,MCC
4,10,88,1,MCC
4,10,89,1,MCC
4,10,90,1,MCC
4,10,91,1,MCC
4,10,92,0.615,MCC
4,10,93,0.37,MCC
4,10,94,1,MCC
4,10,95,0.945,MCC
4,10,96,1,MCC
4,10,97,1,MCC
4,10,98,1,MCC
4,10,99,1,MCC
5,38,51,1,CS
5,38,52,0.62,CS
5,38,53,0.785,CS
5,38,54,1,CS
5,38,55,0.985,CS
5,38,56,1,CS
5,38,57,1,CS
5,38,58,1,CS
5,38,59,1,CS
5,38,60,1,CS
5,38,61,1,CS
5,38,62,1,CS
5,38,63,1,CS
5,38,64,1,CS
5,38,65,1,CS
5,38,66,1,CS
5,38,67,1,CS
5,38,68,1,CS
5,38,69,1,CS
5,38,70,0.905,CS
5,38,71,0.875,CS
5,38,72,0.805,CS
5,38,73,1,CS
5,38,74,0.915,CS
5,38,75,1,CS
5,38,76,1,CS
5,38,77,1,CS
5,38,78,1,CS
5,38,79,1,CS
5,38,80,0.97,CS
5,38,81,1,CS
5,38,82,1,CS
5,38,83,1,CS
5,38,84,0.95,CS
5,38,85,1,CS
5,38,86,0.695,CS
5,38,87,0.985,CS
5,38,88,1,CS
5,38,89,1,CS
5,38,90,1,CS
5,38,51,NA,MCC
5,38,52,0.35,MCC
5,38,53,0.695,MCC
5,38,54,0.245,MCC
5,38,55,0.985,MCC
5,38,56,1,MCC
5,38,57,1,MCC
5,38,58,1,MCC
5,38,59,0.62,MCC
5,38,60,0.485,MCC
5,38,61,1,MCC
5,38,62,1,MCC
5,38,63,1,MCC
5,38,64,0.3,MCC
5,38,65,0.32,MCC
5,38,66,0.265,MCC
5,38,67,1,MCC
5,38,68,1,MCC
5,38,69,0.785,MCC
5,38,70,1,MCC
5,38,71,1,MCC
5,38,72,0.985,MCC
5,38,73,1,MCC
5,38,74,0.44,MCC
5,38,75,1,MCC
5,38,76,1,MCC
5,38,77,1,MCC
5,38,78,1,MCC
5,38,79,1,MCC
5,38,80,1,MCC
5,38,81,1,MCC
5,38,82,0.905,MCC
5,38,83,0.42,MCC
5,38,84,0.325,MCC
5,38,85,1,MCC
5,38,86,1,MCC
5,38,87,1,MCC
5,38,88,1,MCC
5,38,89,0.97,MCC
5,38,90,1,MCC
5,38,91,1,MCC
5,38,92,0.95,MCC
5,38,93,1,MCC
5,38,94,0.875,MCC
5,38,95,0.805,MCC
5,38,96,1,MCC
5,38,97,0.915,MCC
5,38,98,1,MCC
5,38,99,1,MCC
5,42,51,1,CS
5,42,52,1,CS
5,42,53,1,CS
5,42,54,1,CS
5,42,55,1,CS
5,42,56,1,CS
5,42,57,0.775,CS
5,42,58,1,CS
5,42,59,0.95,CS
5,42,60,1,CS
5,42,61,1,CS
5,42,62,0.99,CS
5,42,63,0.98,CS
5,42,64,0.9,CS
5,42,65,1,CS
5,42,66,1,CS
5,42,67,0.935,CS
5,42,68,0.85,CS
5,42,69,1,CS
5,42,70,1,CS
5,42,71,1,CS
5,42,72,1,CS
5,42,73,1,CS
5,42,74,0.66,CS
5,42,75,1,CS
5,42,76,0.985,CS
5,42,77,1,CS
5,42,78,0.83,CS
5,42,79,1,CS
5,42,80,1,CS
5,42,81,1,CS
5,42,82,1,CS
5,42,83,0.595,CS
17,6,51,1,CS
17,6,52,1,CS
17,6,53,0.975,CS
17,6,54,1,CS
17,6,55,1,CS
17,6,56,1,CS
17,6,57,1,CS
17,6,58,1,CS
5,29,51,1,CS
5,29,52,1,CS
5,29,53,0.665,CS
5,29,54,1,CS
5,29,55,0.99,CS
5,29,56,1,CS
5,29,57,1,CS
5,29,58,1,CS
5,29,59,0.64,CS
5,29,60,0.705,CS
5,29,61,1,CS
5,29,62,0.93,CS
5,29,63,1,CS
5,29,64,1,CS
5,29,65,0.97,CS
5,29,66,1,CS
5,29,67,0.95,CS
5,29,68,0.995,CS
5,29,69,1,CS
5,29,70,1,CS
5,29,71,1,CS
5,29,72,1,CS
5,29,73,1,CS
5,29,74,1,CS
5,29,75,1,CS
5,29,76,1,CS
5,29,77,0.995,CS
5,29,78,0.68,CS
5,42,51,NA,MCC
5,42,52,NA,MCC
5,42,53,0.015,MCC
5,42,54,0.325,MCC
5,42,55,1,MCC
5,42,56,0.045,MCC
5,42,57,0.05,MCC
5,42,58,0.44,MCC
5,42,59,1,MCC
5,42,60,1,MCC
5,42,61,0.195,MCC
5,42,62,0.935,MCC
5,42,63,1,MCC
5,42,64,0.85,MCC
5,42,65,1,MCC
5,42,66,1,MCC
5,42,67,0.16,MCC
5,42,68,1,MCC
5,42,69,1,MCC
5,42,70,1,MCC
5,42,71,1,MCC
5,42,72,1,MCC
5,42,73,0.775,MCC
5,42,74,1,MCC
5,42,75,0.175,MCC
5,42,76,0.26,MCC
5,42,77,0.295,MCC
5,42,78,0.16,MCC
5,42,79,0.38,MCC
5,42,80,0.66,MCC
5,42,81,1,MCC
5,42,82,0.99,MCC
5,42,83,1,MCC
5,42,84,0.98,MCC
5,42,85,0.9,MCC
5,42,86,1,MCC
5,42,87,1,MCC
5,42,88,1,MCC
5,42,89,0.985,MCC
5,42,90,1,MCC
5,42,91,0.95,MCC
5,42,92,0.405,MCC
5,42,93,0.385,MCC
5,42,94,1,MCC
5,42,95,1,MCC
5,42,96,0.25,MCC
5,42,97,0.035,MCC
5,42,98,0.83,MCC
5,42,99,1,MCC
5,29,51,NA,MCC
5,29,52,0.115,MCC
5,29,53,0.005,MCC
5,29,54,0.095,MCC
5,29,55,0.42,MCC
5,29,56,0.175,MCC
5,29,57,0.93,MCC
5,29,58,1,MCC
5,29,59,0.015,MCC
5,29,60,0.005,MCC
5,29,61,0.025,MCC
5,29,62,0.035,MCC
5,29,63,0.64,MCC
5,29,64,0.705,MCC
5,29,65,1,MCC
5,29,66,0.18,MCC
5,29,67,1,MCC
5,29,68,1,MCC
5,29,69,1,MCC
5,29,70,0.01,MCC
5,29,71,0.09,MCC
5,29,72,1,MCC
5,29,73,0.01,MCC
5,29,74,0.05,MCC
5,29,75,0.055,MCC
5,29,76,1,MCC
5,29,77,0.97,MCC
5,29,78,1,MCC
5,29,79,1,MCC
5,29,80,1,MCC
5,29,81,0.005,MCC
5,29,82,0.005,MCC
5,29,83,0.995,MCC
5,29,84,0.06,MCC
5,29,85,0.38,MCC
5,29,86,1,MCC
5,29,87,1,MCC
5,29,88,0.075,MCC
5,29,89,1,MCC
5,29,90,0.995,MCC
5,29,91,0.225,MCC
5,29,92,0.4,MCC
5,29,93,1,MCC
5,29,94,0.95,MCC
5,29,95,1,MCC
5,29,96,1,MCC
5,29,97,0.15,MCC
5,29,98,1,MCC
5,29,99,0.99,MCC
17,6,51,NA,MCC
17,6,52,0.005,MCC
17,6,53,0.005,MCC
17,6,54,0.005,MCC
17,6,55,0.005,MCC
17,6,56,0.005,MCC
17,6,57,0.275,MCC
17,6,58,0.005,MCC
17,6,59,0.075,MCC
17,6,60,0.005,MCC
17,6,61,1,MCC
17,6,62,0.005,MCC
17,6,63,0.03,MCC
17,6,64,0.005,MCC
17,6,65,0.005,MCC
17,6,66,0.025,MCC
17,6,67,0.005,MCC
17,6,68,0.02,MCC
17,6,69,0.02,MCC
17,6,70,0.005,MCC
17,6,71,0.01,MCC
17,6,72,1,MCC
17,6,73,0.975,MCC
17,6,74,0.005,MCC
17,6,75,0.005,MCC
17,6,76,0.025,MCC
17,6,77,0.005,MCC
17,6,78,0.055,MCC
17,6,79,0.065,MCC
17,6,80,1,MCC
17,6,81,0.025,MCC
17,6,82,0.01,MCC
17,6,83,0.015,MCC
17,6,84,1,MCC
17,6,85,1,MCC
17,6,86,0.005,MCC
17,6,87,0.005,MCC
17,6,88,0.005,MCC
17,6,89,0.015,MCC
17,6,90,0.005,MCC
17,6,91,0.005,MCC
17,6,92,0.01,MCC
17,6,93,0.035,MCC
17,6,94,0.025,MCC
17,6,95,0.005,MCC
17,6,96,0.015,MCC
17,6,97,1,MCC
17,6,98,0.005,MCC
17,6,99,0.145,MCC
17,47,51,1,CS
17,47,52,1,CS
17,47,53,0.99,CS
17,47,54,1,CS
17,47,55,1,CS
17,47,56,1,CS
17,47,57,1,CS
17,47,58,0.995,CS
17,47,59,1,CS
17,47,60,1,CS
17,47,61,1,CS
17,47,62,0.875,CS
17,47,51,NA,MCC
17,47,52,0.005,MCC
17,47,53,0.005,MCC
17,47,54,0.005,MCC
17,47,55,0.005,MCC
17,47,56,0.05,MCC
17,47,57,0.005,MCC
17,47,58,0.03,MCC
17,47,59,0.04,MCC
17,47,60,1,MCC
17,47,61,1,MCC
17,47,62,0.005,MCC
17,47,63,0.005,MCC
17,47,64,0.025,MCC
17,47,65,0.005,MCC
17,47,66,0.005,MCC
17,47,67,0.005,MCC
17,47,68,0.005,MCC
17,47,69,0.03,MCC
17,47,70,0.875,MCC
17,47,71,0.005,MCC
17,47,72,0.005,MCC
17,47,73,0.035,MCC
17,47,74,0.005,MCC
17,47,75,0.005,MCC
17,47,76,0.01,MCC
17,47,77,0.085,MCC
17,47,78,1,MCC
17,47,79,0.05,MCC
17,47,80,1,MCC
17,47,81,1,MCC
17,47,82,0.005,MCC
17,47,83,0.005,MCC
17,47,84,0.005,MCC
17,47,85,0.095,MCC
17,47,86,0.43,MCC
17,47,87,1,MCC
17,47,88,0.01,MCC
17,47,89,0.005,MCC
17,47,90,0.16,MCC
17,47,91,0.995,MCC
17,47,92,0.08,MCC
17,47,93,0.005,MCC
17,47,94,0.09,MCC
17,47,95,0.025,MCC
17,47,96,0.415,MCC
17,47,97,1,MCC
17,47,98,1,MCC
17,47,99,0.99,MCC
5,24,51,1,CS
5,24,52,1,CS
5,24,53,1,CS
5,24,54,0.725,CS
5,24,55,0.99,CS
5,24,56,0.97,CS
5,24,57,0.925,CS
5,24,58,1,CS
5,24,59,0.95,CS
5,24,60,0.77,CS
5,24,61,1,CS
5,24,62,0.98,CS
5,24,63,0.525,CS
5,24,64,0.995,CS
5,24,65,1,CS
5,24,66,0.505,CS
5,24,67,0.99,CS
5,24,68,0.98,CS
5,24,69,0.945,CS
5,24,70,1,CS
5,24,71,0.945,CS
5,24,72,1,CS
5,24,73,1,CS
5,24,74,1,CS
5,24,75,1,CS
5,24,76,1,CS
5,24,77,1,CS
5,24,78,1,CS
5,24,79,1,CS
5,24,80,0.98,CS
5,24,81,0.805,CS
5,24,82,1,CS
5,24,83,1,CS
5,24,84,0.765,CS
5,24,51,NA,MCC
5,24,52,0.09,MCC
5,24,53,0.04,MCC
5,24,54,0.01,MCC
5,24,55,0.025,MCC
5,24,56,0.11,MCC
5,24,57,0.98,MCC
5,24,58,1,MCC
5,24,59,1,MCC
5,24,60,0.47,MCC
5,24,61,1,MCC
5,24,62,1,MCC
5,24,63,0.945,MCC
5,24,64,1,MCC
5,24,65,1,MCC
5,24,66,0.005,MCC
5,24,67,0.01,MCC
5,24,68,0.045,MCC
5,24,69,0.41,MCC
5,24,70,1,MCC
5,24,71,1,MCC
5,24,72,0.805,MCC
5,24,73,1,MCC
5,24,74,1,MCC
5,24,75,0.95,MCC
5,24,76,0.77,MCC
5,24,77,1,MCC
5,24,78,1,MCC
5,24,79,0.19,MCC
5,24,80,0.925,MCC
5,24,81,0.99,MCC
5,24,82,0.97,MCC
5,24,83,0.005,MCC
5,24,84,0.015,MCC
5,24,85,0.13,MCC
5,24,86,1,MCC
5,24,87,0.98,MCC
5,24,88,0.525,MCC
5,24,89,0.505,MCC
5,24,90,0.995,MCC
5,24,91,1,MCC
5,24,92,0.99,MCC
5,24,93,0.98,MCC
5,24,94,0.945,MCC
5,24,95,0.195,MCC
5,24,96,0.295,MCC
5,24,97,0.765,MCC
5,24,98,1,MCC
5,24,99,1,MCC
3,33,51,1,CS
3,33,52,0.945,CS
3,33,53,0.505,CS
3,33,54,1,CS
3,33,55,1,CS
3,33,56,1,CS
3,33,57,1,CS
3,33,58,1,CS
3,33,59,0.54,CS
3,33,60,0.99,CS
3,33,61,0.985,CS
3,33,62,1,CS
3,33,63,1,CS
3,33,64,1,CS
3,33,65,1,CS
3,33,66,1,CS
3,33,67,1,CS
3,33,68,0.99,CS
3,33,69,0.61,CS
3,33,70,0.505,CS
3,33,71,0.985,CS
3,33,72,1,CS
3,33,73,0.98,CS
3,33,74,0.93,CS
3,33,75,1,CS
3,33,76,1,CS
3,33,77,1,CS
3,33,78,1,CS
3,33,79,0.985,CS
3,33,80,1,CS
3,33,81,0.65,CS
3,33,82,1,CS
3,33,83,1,CS
3,33,51,NA,MCC
3,33,52,NA,MCC
3,33,53,0.115,MCC
3,33,54,0.025,MCC
3,33,55,0.17,MCC
3,33,56,0.99,MCC
3,33,57,0.61,MCC
3,33,58,0.33,MCC
3,33,59,0.985,MCC
3,33,60,1,MCC
3,33,61,1,MCC
3,33,62,1,MCC
3,33,63,0.045,MCC
3,33,64,0.65,MCC
3,33,65,1,MCC
3,33,66,1,MCC
3,33,67,0.985,MCC
3,33,68,1,MCC
3,33,69,0.225,MCC
3,33,70,0.275,MCC
3,33,71,0.505,MCC
3,33,72,0.985,MCC
3,33,73,1,MCC
3,33,74,1,MCC
3,33,75,0.3,MCC
3,33,76,0.065,MCC
3,33,77,0.11,MCC
3,33,78,1,MCC
3,33,79,0.18,MCC
3,33,80,0.14,MCC
3,33,81,1,MCC
3,33,82,1,MCC
3,33,83,0.31,MCC
3,33,84,1,MCC
3,33,85,0.07,MCC
3,33,86,0.31,MCC
3,33,87,0.325,MCC
3,33,88,1,MCC
3,33,89,0.44,MCC
3,33,90,1,MCC
3,33,91,1,MCC
3,33,92,1,MCC
3,33,93,1,MCC
3,33,94,0.54,MCC
3,33,95,0.99,MCC
3,33,96,1,MCC
3,33,97,0.98,MCC
3,33,98,0.93,MCC
3,33,99,1,MCC
5,10,51,1,CS
5,10,52,0.76,CS
5,10,53,0.56,CS
5,10,54,0.935,CS
5,10,55,0.645,CS
5,10,56,0.84,CS
5,10,57,0.97,CS
5,10,58,0.82,CS
5,10,59,1,CS
5,10,60,0.995,CS
5,10,61,1,CS
5,10,62,1,CS
5,10,63,1,CS
5,10,64,1,CS
5,10,65,1,CS
5,10,66,0.99,CS
5,10,67,1,CS
5,10,68,1,CS
5,10,69,1,CS
5,10,70,0.565,CS
5,10,71,1,CS
5,10,72,0.8,CS
5,10,73,1,CS
5,10,74,0.965,CS
5,10,75,1,CS
5,10,76,1,CS
5,10,77,1,CS
5,10,78,0.975,CS
5,10,79,1,CS
5,10,80,1,CS
5,10,81,0.945,CS
5,10,82,1,CS
5,10,83,1,CS
5,10,84,0.99,CS
5,10,85,1,CS
5,10,86,1,CS
5,10,87,1,CS
5,10,88,1,CS
5,10,89,1,CS
5,10,90,0.59,CS
5,10,91,0.945,CS
5,10,92,1,CS
5,10,93,1,CS
5,10,51,NA,MCC
5,10,52,0.76,MCC
5,10,53,1,MCC
5,10,54,1,MCC
5,10,55,1,MCC
5,10,56,1,MCC
5,10,57,0.43,MCC
5,10,58,0.25,MCC
5,10,59,0.59,MCC
5,10,60,0.945,MCC
5,10,61,0.42,MCC
5,10,62,1,MCC
5,10,63,0.56,MCC
5,10,64,0.44,MCC
5,10,65,0.99,MCC
5,10,66,1,MCC
5,10,67,0.475,MCC
5,10,68,1,MCC
5,10,69,0.935,MCC
5,10,70,1,MCC
5,10,71,1,MCC
5,10,72,1,MCC
5,10,73,1,MCC
5,10,74,1,MCC
5,10,75,0.645,MCC
5,10,76,0.84,MCC
5,10,77,1,MCC
5,10,78,0.97,MCC
5,10,79,0.82,MCC
5,10,80,0.995,MCC
5,10,81,1,MCC
5,10,82,0.945,MCC
5,10,83,1,MCC
5,10,84,1,MCC
5,10,85,0.99,MCC
5,10,86,1,MCC
5,10,87,0.565,MCC
5,10,88,1,MCC
5,10,89,0.8,MCC
5,10,90,1,MCC
5,10,91,0.965,MCC
5,10,92,1,MCC
5,10,93,1,MCC
5,10,94,1,MCC
5,10,95,0.975,MCC
5,10,96,1,MCC
5,10,97,1,MCC
5,10,98,1,MCC
5,10,99,0.495,MCC
6,38,51,1,CS
6,38,52,0.615,CS
6,38,53,0.775,CS
6,38,54,0.965,CS
6,38,55,1,CS
6,38,56,1,CS
6,38,57,0.995,CS
6,38,58,0.765,CS
6,38,59,1,CS
6,38,60,0.94,CS
6,38,61,1,CS
6,38,62,1,CS
6,38,63,0.685,CS
6,38,64,0.995,CS
6,38,65,0.995,CS
6,38,66,1,CS
6,38,67,0.955,CS
6,38,68,1,CS
6,38,69,1,CS
6,38,70,1,CS
6,38,71,1,CS
6,38,72,1,CS
6,38,73,1,CS
6,38,74,1,CS
6,38,75,1,CS
6,38,76,1,CS
6,38,77,1,CS
6,38,78,1,CS
6,38,79,1,CS
6,38,80,1,CS
6,38,81,1,CS
6,38,82,1,CS
6,38,83,1,CS
6,38,84,1,CS
6,38,85,0.975,CS
6,38,86,1,CS
6,38,87,1,CS
6,38,88,1,CS
6,42,51,1,CS
6,42,52,1,CS
6,42,53,1,CS
6,42,54,1,CS
6,42,55,1,CS
6,42,56,1,CS
6,42,57,0.975,CS
6,42,58,1,CS
6,42,59,0.825,CS
6,42,60,0.815,CS
6,42,61,1,CS
6,42,62,1,CS
6,42,63,1,CS
6,42,64,1,CS
6,42,65,0.78,CS
6,42,66,1,CS
6,42,67,0.855,CS
6,42,68,1,CS
6,42,69,0.995,CS
6,42,70,0.735,CS
6,42,71,1,CS
6,42,72,1,CS
6,42,73,1,CS
6,42,74,1,CS
6,42,75,1,CS
6,42,76,1,CS
6,42,77,1,CS
6,42,78,0.91,CS
6,38,51,NA,MCC
6,38,52,0.07,MCC
6,38,53,0.04,MCC
6,38,54,0.995,MCC
6,38,55,1,MCC
6,38,56,0.955,MCC
6,38,57,1,MCC
6,38,58,1,MCC
6,38,59,0.28,MCC
6,38,60,1,MCC
6,38,61,1,MCC
6,38,62,1,MCC
6,38,63,1,MCC
6,38,64,1,MCC
6,38,65,0.975,MCC
6,38,66,1,MCC
6,38,67,0.04,MCC
6,38,68,0.07,MCC
6,38,69,0.1,MCC
6,38,70,0.185,MCC
6,38,71,0.27,MCC
6,38,72,0.125,MCC
6,38,73,1,MCC
6,38,74,1,MCC
6,38,75,1,MCC
6,38,76,1,MCC
6,38,77,1,MCC
6,38,78,0.615,MCC
6,38,79,0.775,MCC
6,38,80,0.765,MCC
6,38,81,1,MCC
6,38,82,0.965,MCC
6,38,83,0.995,MCC
6,38,84,1,MCC
6,38,85,1,MCC
6,38,86,0.94,MCC
6,38,87,1,MCC
6,38,88,0.23,MCC
6,38,89,1,MCC
6,38,90,0.685,MCC
6,38,91,0.995,MCC
6,38,92,1,MCC
6,38,93,1,MCC
6,38,94,0.33,MCC
6,38,95,1,MCC
6,38,96,1,MCC
6,38,97,1,MCC
6,38,98,1,MCC
6,38,99,1,MCC
6,42,51,NA,MCC
6,42,52,0.005,MCC
6,42,53,0.05,MCC
6,42,54,0.04,MCC
6,42,55,0.145,MCC
6,42,56,1,MCC
6,42,57,0.005,MCC
6,42,58,0.005,MCC
6,42,59,0.005,MCC
6,42,60,0.005,MCC
6,42,61,0.005,MCC
6,42,62,0.25,MCC
6,42,63,0.06,MCC
6,42,64,0.255,MCC
6,42,65,0.855,MCC
6,42,66,1,MCC
6,42,67,0.995,MCC
6,42,68,0.24,MCC
6,42,69,0.03,MCC
6,42,70,0.08,MCC
6,42,71,1,MCC
6,42,72,0.78,MCC
6,42,73,1,MCC
6,42,74,0.13,MCC
6,42,75,1,MCC
6,42,76,0.91,MCC
6,42,77,0.27,MCC
6,42,78,1,MCC
6,42,79,1,MCC
6,42,80,0.735,MCC
6,42,81,0.295,MCC
6,42,82,1,MCC
6,42,83,0.1,MCC
6,42,84,0.225,MCC
6,42,85,1,MCC
6,42,86,1,MCC
6,42,87,1,MCC
6,42,88,1,MCC
6,42,89,1,MCC
6,42,90,1,MCC
6,42,91,1,MCC
6,42,92,0.975,MCC
6,42,93,1,MCC
6,42,94,0.04,MCC
6,42,95,0.825,MCC
6,42,96,0.115,MCC
6,42,97,1,MCC
6,42,98,1,MCC
6,42,99,1,MCC
3,15,51,1,CS
3,15,52,0.55,CS
3,15,53,0.75,CS
3,15,54,0.98,CS
3,15,55,1,CS
3,15,56,0.905,CS
3,15,57,1,CS
3,15,58,0.57,CS
3,15,59,1,CS
3,15,60,0.89,CS
3,15,61,0.985,CS
3,15,62,1,CS
3,15,63,1,CS
3,15,64,0.985,CS
3,15,65,1,CS
3,15,66,1,CS
3,15,67,1,CS
3,15,68,1,CS
3,15,69,1,CS
3,15,70,0.98,CS
3,15,71,0.62,CS
3,15,72,1,CS
3,15,73,0.61,CS
3,15,74,1,CS
3,15,75,1,CS
3,15,76,0.575,CS
3,15,77,0.995,CS
3,15,78,1,CS
3,15,79,1,CS
3,15,80,1,CS
3,15,81,0.59,CS
3,15,82,1,CS
3,15,83,1,CS
3,15,84,0.915,CS
3,15,85,1,CS
3,15,86,1,CS
3,15,87,0.63,CS
3,15,88,1,CS
3,15,89,1,CS
3,15,90,0.99,CS
3,15,91,0.795,CS
3,15,92,1,CS
3,15,93,1,CS
3,15,94,1,CS
3,15,95,1,CS
3,15,96,1,CS
3,15,97,1,CS
3,15,51,NA,MCC
3,15,52,0.55,MCC
3,15,53,0.75,MCC
3,15,54,0.365,MCC
3,15,55,0.995,MCC
3,15,56,0.915,MCC
3,15,57,1,MCC
3,15,58,1,MCC
3,15,59,1,MCC
3,15,60,1,MCC
3,15,61,1,MCC
3,15,62,1,MCC
3,15,63,1,MCC
3,15,64,0.59,MCC
3,15,65,0.44,MCC
3,15,66,0.63,MCC
3,15,67,0.99,MCC
3,15,68,1,MCC
3,15,69,1,MCC
3,15,70,0.795,MCC
3,15,71,1,MCC
3,15,72,1,MCC
3,15,73,0.98,MCC
3,15,74,1,MCC
3,15,75,0.62,MCC
3,15,76,0.905,MCC
3,15,77,1,MCC
3,15,78,0.57,MCC
3,15,79,1,MCC
3,15,80,1,MCC
3,15,81,0.89,MCC
3,15,82,0.985,MCC
3,15,83,1,MCC
3,15,84,0.985,MCC
3,15,85,1,MCC
3,15,86,1,MCC
3,15,87,1,MCC
3,15,88,1,MCC
3,15,89,1,MCC
3,15,90,0.98,MCC
3,15,91,1,MCC
3,15,92,0.61,MCC
3,15,93,1,MCC
3,15,94,1,MCC
3,15,95,0.575,MCC
3,15,96,1,MCC
3,15,97,1,MCC
3,15,98,1,MCC
3,15,99,1,MCC
6,29,51,1,CS
6,29,52,1,CS
6,29,53,1,CS
6,29,54,0.95,CS
6,29,55,1,CS
6,29,56,1,CS
6,29,57,1,CS
6,29,58,0.755,CS
6,29,59,1,CS
6,29,60,1,CS
6,29,61,0.98,CS
6,29,62,1,CS
6,29,63,0.995,CS
6,29,64,0.555,CS
6,29,65,1,CS
6,29,66,0.885,CS
6,29,67,1,CS
6,29,68,0.9,CS
6,29,69,1,CS
6,29,70,1,CS
6,29,71,1,CS
6,29,72,1,CS
6,29,73,1,CS
6,29,74,1,CS
6,29,75,1,CS
6,29,51,NA,MCC
6,29,52,0.015,MCC
6,29,53,0.015,MCC
6,29,54,0.195,MCC
6,29,55,1,MCC
6,29,56,1,MCC
6,29,57,1,MCC
6,29,58,0.46,MCC
6,29,59,1,MCC
6,29,60,0.95,MCC
6,29,61,1,MCC
6,29,62,0.98,MCC
6,29,63,0.005,MCC
6,29,64,0.885,MCC
6,29,65,0.005,MCC
6,29,66,0.005,MCC
6,29,67,0.16,MCC
6,29,68,1,MCC
6,29,69,0.02,MCC
6,29,70,0.04,MCC
6,29,71,0.105,MCC
6,29,72,0.3,MCC
6,29,73,1,MCC
6,29,74,0.09,MCC
6,29,75,1,MCC
6,29,76,0.105,MCC
6,29,77,0.05,MCC
6,29,78,0.755,MCC
6,29,79,1,MCC
6,29,80,1,MCC
6,29,81,0.995,MCC
6,29,82,0.01,MCC
6,29,83,0.025,MCC
6,29,84,0.05,MCC
6,29,85,0.125,MCC
6,29,86,0.555,MCC
6,29,87,1,MCC
6,29,88,0.9,MCC
6,29,89,1,MCC
6,29,90,1,MCC
6,29,91,0.045,MCC
6,29,92,0.025,MCC
6,29,93,0.04,MCC
6,29,94,1,MCC
6,29,95,1,MCC
6,29,96,1,MCC
6,29,97,0.075,MCC
6,29,98,0.25,MCC
6,29,99,1,MCC
3,2,51,1,CS
3,2,52,0.85,CS
3,2,53,1,CS
3,2,54,0.82,CS
3,2,55,1,CS
3,2,56,1,CS
3,2,57,0.56,CS
3,2,58,0.635,CS
3,2,59,1,CS
3,2,60,1,CS
3,2,61,0.665,CS
3,2,62,0.93,CS
3,2,63,1,CS
3,2,64,1,CS
3,2,65,1,CS
3,2,66,1,CS
3,2,67,1,CS
3,2,68,1,CS
3,2,69,1,CS
3,2,70,1,CS
3,2,71,1,CS
3,2,72,1,CS
3,2,73,1,CS
3,2,74,0.51,CS
3,2,75,1,CS
3,2,76,1,CS
3,2,77,0.8,CS
3,2,78,0.99,CS
3,2,79,1,CS
3,2,80,1,CS
3,2,81,1,CS
3,2,82,1,CS
3,2,83,1,CS
3,2,84,1,CS
3,2,85,1,CS
3,2,86,1,CS
3,2,87,1,CS
3,2,88,0.62,CS
3,2,89,1,CS
3,2,90,1,CS
3,2,51,NA,MCC
3,2,52,0.85,MCC
3,2,53,0.1,MCC
3,2,54,0.32,MCC
3,2,55,1,MCC
3,2,56,0.82,MCC
3,2,57,0.665,MCC
3,2,58,1,MCC
3,2,59,1,MCC
3,2,60,1,MCC
3,2,61,0.56,MCC
3,2,62,0.635,MCC
3,2,63,1,MCC
3,2,64,0.145,MCC
3,2,65,0.305,MCC
3,2,66,0.275,MCC
3,2,67,0.93,MCC
3,2,68,1,MCC
3,2,69,1,MCC
3,2,70,1,MCC
3,2,71,1,MCC
3,2,72,1,MCC
3,2,73,1,MCC
3,2,74,1,MCC
3,2,75,1,MCC
3,2,76,1,MCC
3,2,77,1,MCC
3,2,78,1,MCC
3,2,79,1,MCC
3,2,80,1,MCC
3,2,81,0.51,MCC
3,2,82,0.8,MCC
3,2,83,1,MCC
3,2,84,1,MCC
3,2,85,0.095,MCC
3,2,86,0.3,MCC
3,2,87,0.235,MCC
3,2,88,1,MCC
3,2,89,1,MCC
3,2,90,0.99,MCC
3,2,91,1,MCC
3,2,92,1,MCC
3,2,93,1,MCC
3,2,94,0.115,MCC
3,2,95,1,MCC
3,2,96,1,MCC
3,2,97,0.62,MCC
3,2,98,1,MCC
3,2,99,1,MCC
6,24,51,1,CS
6,24,52,0.96,CS
6,24,53,1,CS
6,24,54,1,CS
6,24,55,0.54,CS
6,24,56,0.995,CS
6,24,57,1,CS
6,24,58,0.6,CS
6,24,59,0.99,CS
6,24,60,1,CS
6,24,61,0.995,CS
6,24,62,0.84,CS
6,24,63,1,CS
6,24,64,1,CS
6,24,65,0.995,CS
6,24,66,0.555,CS
6,24,67,0.545,CS
6,24,68,1,CS
6,24,69,1,CS
6,24,70,1,CS
6,24,71,1,CS
6,24,72,1,CS
6,24,73,1,CS
6,24,74,0.52,CS
6,24,75,1,CS
6,24,76,1,CS
6,24,77,1,CS
6,24,78,1,CS
6,24,79,0.53,CS
6,24,51,NA,MCC
6,24,52,0.005,MCC
6,24,53,0.015,MCC
6,24,54,0.02,MCC
6,24,55,0.025,MCC
6,24,56,1,MCC
6,24,57,1,MCC
6,24,58,1,MCC
6,24,59,1,MCC
6,24,60,0.04,MCC
6,24,61,0.17,MCC
6,24,62,0.96,MCC
6,24,63,1,MCC
6,24,64,0.995,MCC
6,24,65,1,MCC
6,24,66,0.305,MCC
6,24,67,0.54,MCC
6,24,68,1,MCC
6,24,69,0.6,MCC
6,24,70,0.99,MCC
6,24,71,1,MCC
6,24,72,0.995,MCC
6,24,73,0.84,MCC
6,24,74,1,MCC
6,24,75,1,MCC
6,24,76,0.165,MCC
6,24,77,0.52,MCC
6,24,78,1,MCC
6,24,79,0.025,MCC
6,24,80,0.25,MCC
6,24,81,0.23,MCC
6,24,82,0.01,MCC
6,24,83,0.11,MCC
6,24,84,0.32,MCC
6,24,85,1,MCC
6,24,86,0.305,MCC
6,24,87,0.34,MCC
6,24,88,0.495,MCC
6,24,89,1,MCC
6,24,90,1,MCC
6,24,91,0.995,MCC
6,24,92,0.185,MCC
6,24,93,0.18,MCC
6,24,94,0.085,MCC
6,24,95,0.12,MCC
6,24,96,0.065,MCC
6,24,97,1,MCC
6,24,98,0.195,MCC
6,24,99,1,MCC
4,33,51,1,CS
4,33,52,0.99,CS
4,33,53,0.875,CS
4,33,54,0.505,CS
4,33,55,0.765,CS
4,33,56,1,CS
4,33,57,0.505,CS
4,33,58,1,CS
4,33,59,1,CS
4,33,60,1,CS
4,33,61,1,CS
4,33,62,1,CS
4,33,63,1,CS
4,33,64,0.995,CS
4,33,65,0.855,CS
4,33,66,1,CS
4,33,67,0.99,CS
4,33,68,0.98,CS
4,33,69,1,CS
4,33,70,0.775,CS
4,33,71,0.565,CS
4,33,72,0.77,CS
4,33,73,1,CS
4,33,74,1,CS
4,33,75,1,CS
4,33,76,1,CS
4,33,77,1,CS
4,33,78,1,CS
4,33,79,1,CS
4,33,80,1,CS
4,33,51,NA,MCC
4,33,52,0.125,MCC
4,33,53,0.99,MCC
4,33,54,0.765,MCC
4,33,55,0.875,MCC
4,33,56,0.505,MCC
4,33,57,1,MCC
4,33,58,1,MCC
4,33,59,1,MCC
4,33,60,0.215,MCC
4,33,61,0.015,MCC
4,33,62,0.03,MCC
4,33,63,0.125,MCC
4,33,64,1,MCC
4,33,65,0.305,MCC
4,33,66,1,MCC
4,33,67,0.01,MCC
4,33,68,1,MCC
4,33,69,0.995,MCC
4,33,70,0.23,MCC
4,33,71,0.065,MCC
4,33,72,0.05,MCC
4,33,73,0.175,MCC
4,33,74,0.32,MCC
4,33,75,1,MCC
4,33,76,0.43,MCC
4,33,77,1,MCC
4,33,78,1,MCC
4,33,79,1,MCC
4,33,80,0.775,MCC
4,33,81,0.565,MCC
4,33,82,0.16,MCC
4,33,83,0.195,MCC
4,33,84,0.99,MCC
4,33,85,0.5,MCC
4,33,86,0.98,MCC
4,33,87,0.315,MCC
4,33,88,0.77,MCC
4,33,89,1,MCC
4,33,90,1,MCC
4,33,91,0.15,MCC
4,33,92,1,MCC
4,33,93,1,MCC
4,33,94,1,MCC
4,33,95,0.065,MCC
4,33,96,0.855,MCC
4,33,97,0.42,MCC
4,33,98,1,MCC
4,33,99,1,MCC
2,6,51,1,CS
2,6,52,0.745,CS
2,6,53,1,CS
2,6,54,1,CS
2,6,55,1,CS
2,6,56,0.95,CS
2,6,57,0.575,CS
2,6,58,1,CS
2,6,59,0.79,CS
2,6,60,0.86,CS
2,6,61,1,CS
2,6,62,1,CS
2,6,63,1,CS
2,6,64,1,CS
2,6,65,1,CS
2,6,66,1,CS
2,6,67,0.81,CS
2,6,68,1,CS
2,6,69,1,CS
2,6,70,1,CS
2,6,71,1,CS
2,6,72,1,CS
2,6,73,0.64,CS
2,6,74,1,CS
2,6,75,1,CS
2,6,76,1,CS
2,6,77,1,CS
2,6,78,1,CS
2,6,79,1,CS
2,6,80,1,CS
2,6,81,0.955,CS
2,6,82,0.94,CS
2,6,83,1,CS
2,6,84,0.505,CS
2,6,85,0.905,CS
2,6,86,1,CS
2,6,87,1,CS
2,6,88,1,CS
2,6,89,1,CS
2,6,90,1,CS
2,6,91,1,CS
2,6,92,1,CS
2,6,93,1,CS
2,6,94,0.865,CS
2,6,95,1,CS
2,6,96,1,CS
2,6,51,NA,MCC
2,6,52,0.435,MCC
2,6,53,0.745,MCC
2,6,54,1,MCC
2,6,55,0.81,MCC
2,6,56,1,MCC
2,6,57,0.345,MCC
2,6,58,0.365,MCC
2,6,59,1,MCC
2,6,60,1,MCC
2,6,61,1,MCC
2,6,62,1,MCC
2,6,63,0.86,MCC
2,6,64,1,MCC
2,6,65,1,MCC
2,6,66,1,MCC
2,6,67,1,MCC
2,6,68,1,MCC
2,6,69,1,MCC
2,6,70,0.95,MCC
2,6,71,0.575,MCC
2,6,72,1,MCC
2,6,73,0.79,MCC
2,6,74,1,MCC
2,6,75,0.94,MCC
2,6,76,1,MCC
2,6,77,0.505,MCC
2,6,78,0.905,MCC
2,6,79,1,MCC
2,6,80,1,MCC
2,6,81,1,MCC
2,6,82,1,MCC
2,6,83,1,MCC
2,6,84,0.64,MCC
2,6,85,1,MCC
2,6,86,1,MCC
2,6,87,1,MCC
2,6,88,1,MCC
2,6,89,1,MCC
2,6,90,1,MCC
2,6,91,0.955,MCC
2,6,92,1,MCC
2,6,93,1,MCC
2,6,94,1,MCC
2,6,95,1,MCC
2,6,96,1,MCC
2,6,97,0.865,MCC
2,6,98,1,MCC
2,6,99,1,MCC
7,29,51,1,CS
7,29,52,1,CS
7,29,53,0.545,CS
7,29,54,0.955,CS
7,29,55,1,CS
7,29,56,0.995,CS
7,29,57,1,CS
7,29,58,1,CS
7,29,59,1,CS
7,29,60,0.93,CS
7,29,61,1,CS
7,29,62,0.865,CS
7,29,63,0.52,CS
7,29,64,0.965,CS
7,29,65,1,CS
7,29,66,1,CS
7,29,67,1,CS
7,29,68,1,CS
7,29,69,1,CS
7,29,70,1,CS
7,29,71,1,CS
7,29,72,1,CS
7,29,73,1,CS
7,42,51,1,CS
7,42,52,0.52,CS
7,42,53,1,CS
7,42,54,1,CS
7,42,55,0.98,CS
7,42,56,1,CS
7,42,57,1,CS
7,42,58,0.995,CS
7,42,59,1,CS
7,42,60,0.7,CS
7,42,61,0.945,CS
7,42,62,0.825,CS
7,42,63,1,CS
7,42,64,1,CS
7,42,65,1,CS
7,42,66,0.675,CS
7,42,67,1,CS
7,42,68,0.985,CS
7,42,69,1,CS
7,42,70,1,CS
7,42,71,0.79,CS
7,42,72,1,CS
7,42,73,1,CS
7,42,74,1,CS
7,42,75,0.535,CS
7,42,76,0.98,CS
7,42,77,0.505,CS
7,29,51,NA,MCC
7,29,52,0.095,MCC
7,29,53,0.005,MCC
7,29,54,0.005,MCC
7,29,55,0.005,MCC
7,29,56,0.02,MCC
7,29,57,0.085,MCC
7,29,58,0.22,MCC
7,29,59,1,MCC
7,29,60,0.545,MCC
7,29,61,0.955,MCC
7,29,62,1,MCC
7,29,63,1,MCC
7,29,64,0.865,MCC
7,29,65,0.03,MCC
7,29,66,0.015,MCC
7,29,67,1,MCC
7,29,68,0.93,MCC
7,29,69,0.52,MCC
7,29,70,0.965,MCC
7,29,71,1,MCC
7,29,72,0.025,MCC
7,29,73,0.12,MCC
7,29,74,1,MCC
7,29,75,0.005,MCC
7,29,76,0.005,MCC
7,29,77,0.01,MCC
7,29,78,0.02,MCC
7,29,79,0.015,MCC
7,29,80,0.02,MCC
7,29,81,0.995,MCC
7,29,82,1,MCC
7,29,83,1,MCC
7,29,84,0.035,MCC
7,29,85,0.055,MCC
7,29,86,1,MCC
7,29,87,0.145,MCC
7,29,88,0.04,MCC
7,29,89,0.065,MCC
7,29,90,0.41,MCC
7,29,91,1,MCC
7,29,92,0.32,MCC
7,29,93,1,MCC
7,29,94,1,MCC
7,29,95,0.25,MCC
7,29,96,0.11,MCC
7,29,97,1,MCC
7,29,98,1,MCC
7,29,99,1,MCC
7,42,51,NA,MCC
7,42,52,0.005,MCC
7,42,53,0.005,MCC
7,42,54,0.295,MCC
7,42,55,1,MCC
7,42,56,0.04,MCC
7,42,57,0.075,MCC
7,42,58,0.1,MCC
7,42,59,0.435,MCC
7,42,60,1,MCC
7,42,61,1,MCC
7,42,62,0.79,MCC
7,42,63,0.005,MCC
7,42,64,0.02,MCC
7,42,65,0.025,MCC
7,42,66,0.505,MCC
7,42,67,1,MCC
7,42,68,1,MCC
7,42,69,0.98,MCC
7,42,70,1,MCC
7,42,71,1,MCC
7,42,72,0.995,MCC
7,42,73,1,MCC
7,42,74,1,MCC
7,42,75,0.005,MCC
7,42,76,0.005,MCC
7,42,77,0.005,MCC
7,42,78,0.005,MCC
7,42,79,0.7,MCC
7,42,80,1,MCC
7,42,81,0.945,MCC
7,42,82,0.825,MCC
7,42,83,1,MCC
7,42,84,0.105,MCC
7,42,85,0.02,MCC
7,42,86,0.15,MCC
7,42,87,1,MCC
7,42,88,0.985,MCC
7,42,89,0.05,MCC
7,42,90,0.235,MCC
7,42,91,0.35,MCC
7,42,92,0.98,MCC
7,42,93,0.005,MCC
7,42,94,0.535,MCC
7,42,95,0.01,MCC
7,42,96,1,MCC
7,42,97,0.675,MCC
7,42,98,0.245,MCC
7,42,99,1,MCC
6,10,51,1,CS
6,10,52,0.99,CS
6,10,53,1,CS
6,10,54,1,CS
6,10,55,0.64,CS
6,10,56,1,CS
6,10,57,1,CS
6,10,58,1,CS
6,10,59,0.98,CS
6,10,60,0.575,CS
6,10,61,1,CS
6,10,62,1,CS
6,10,63,1,CS
6,10,64,0.54,CS
6,10,65,1,CS
6,10,66,0.88,CS
6,10,67,0.98,CS
6,10,68,1,CS
6,10,69,1,CS
6,10,70,1,CS
6,10,71,1,CS
6,10,72,0.81,CS
6,10,73,0.995,CS
6,10,74,1,CS
6,10,75,1,CS
6,10,76,0.865,CS
6,10,77,0.965,CS
6,10,78,1,CS
6,10,79,1,CS
6,10,80,1,CS
6,10,81,1,CS
6,10,82,0.985,CS
6,10,83,1,CS
6,10,84,0.935,CS
6,10,85,0.665,CS
6,10,86,1,CS
6,10,87,0.805,CS
2,47,51,1,CS
2,47,52,0.67,CS
2,47,53,1,CS
2,47,54,0.56,CS
2,47,55,0.985,CS
2,47,56,1,CS
2,47,57,1,CS
2,47,58,0.945,CS
2,47,59,1,CS
2,47,60,1,CS
2,47,61,1,CS
2,47,62,1,CS
2,47,63,0.985,CS
2,47,64,0.935,CS
2,47,65,1,CS
2,47,66,1,CS
2,47,67,0.95,CS
2,47,68,1,CS
2,47,69,1,CS
2,47,70,0.935,CS
2,47,71,1,CS
2,47,72,1,CS
2,47,73,1,CS
2,47,74,1,CS
2,47,75,0.56,CS
2,47,76,0.995,CS
2,47,77,1,CS
2,47,78,1,CS
2,47,79,1,CS
2,47,80,0.65,CS
2,47,81,1,CS
2,47,82,1,CS
2,47,83,1,CS
2,47,84,1,CS
2,47,85,1,CS
2,47,86,1,CS
2,47,87,1,CS
2,47,88,0.925,CS
2,47,89,0.88,CS
2,47,90,1,CS
2,47,91,1,CS
2,47,92,1,CS
2,47,51,NA,MCC
2,47,52,0.265,MCC
2,47,53,0.26,MCC
2,47,54,1,MCC
2,47,55,1,MCC
2,47,56,0.465,MCC
2,47,57,1,MCC
2,47,58,0.925,MCC
2,47,59,1,MCC
2,47,60,0.88,MCC
2,47,61,0.67,MCC
2,47,62,0.425,MCC
2,47,63,1,MCC
2,47,64,1,MCC
2,47,65,1,MCC
2,47,66,0.22,MCC
2,47,67,0.18,MCC
2,47,68,0.13,MCC
2,47,69,0.56,MCC
2,47,70,0.935,MCC
2,47,71,1,MCC
2,47,72,1,MCC
2,47,73,1,MCC
2,47,74,1,MCC
2,47,75,0.415,MCC
2,47,76,0.995,MCC
2,47,77,0.985,MCC
2,47,78,1,MCC
2,47,79,0.935,MCC
2,47,80,0.95,MCC
2,47,81,1,MCC
2,47,82,1,MCC
2,47,83,1,MCC
2,47,84,0.985,MCC
2,47,85,1,MCC
2,47,86,1,MCC
2,47,87,1,MCC
2,47,88,0.945,MCC
2,47,89,1,MCC
2,47,90,1,MCC
2,47,91,1,MCC
2,47,92,1,MCC
2,47,93,0.65,MCC
2,47,94,1,MCC
2,47,95,1,MCC
2,47,96,1,MCC
2,47,97,1,MCC
2,47,98,1,MCC
2,47,99,1,MCC
6,10,51,NA,MCC
6,10,52,0.29,MCC
6,10,53,0.865,MCC
6,10,54,0.965,MCC
6,10,55,1,MCC
6,10,56,0.46,MCC
6,10,57,1,MCC
6,10,58,0.14,MCC
6,10,59,0.99,MCC
6,10,60,1,MCC
6,10,61,0.48,MCC
6,10,62,0.245,MCC
6,10,63,1,MCC
6,10,64,0.305,MCC
6,10,65,1,MCC
6,10,66,1,MCC
6,10,67,1,MCC
6,10,68,0.64,MCC
6,10,69,1,MCC
6,10,70,0.98,MCC
6,10,71,0.575,MCC
6,10,72,1,MCC
6,10,73,1,MCC
6,10,74,1,MCC
6,10,75,0.54,MCC
6,10,76,0.14,MCC
6,10,77,0.36,MCC
6,10,78,0.205,MCC
6,10,79,1,MCC
6,10,80,0.17,MCC
6,10,81,1,MCC
6,10,82,1,MCC
6,10,83,0.985,MCC
6,10,84,1,MCC
6,10,85,0.805,MCC
6,10,86,0.88,MCC
6,10,87,0.38,MCC
6,10,88,0.81,MCC
6,10,89,1,MCC
6,10,90,0.995,MCC
6,10,91,0.415,MCC
6,10,92,1,MCC
6,10,93,0.98,MCC
6,10,94,1,MCC
6,10,95,1,MCC
6,10,96,1,MCC
6,10,97,1,MCC
6,10,98,0.935,MCC
6,10,99,0.665,MCC
7,24,51,1,CS
7,24,52,0.84,CS
7,24,53,1,CS
7,24,54,1,CS
7,24,55,1,CS
7,24,56,1,CS
7,24,57,0.915,CS
7,24,58,0.98,CS
7,24,59,1,CS
7,24,60,0.84,CS
7,24,61,0.54,CS
7,24,62,1,CS
7,24,63,1,CS
7,24,64,0.89,CS
7,24,65,1,CS
7,24,66,0.925,CS
7,24,67,0.785,CS
7,24,68,1,CS
7,24,69,1,CS
7,24,70,1,CS
7,24,71,1,CS
7,24,72,1,CS
7,24,73,1,CS
7,24,74,1,CS
7,24,51,NA,MCC
7,24,52,0.145,MCC
7,24,53,1,MCC
7,24,54,1,MCC
7,24,55,0.08,MCC
7,24,56,0.005,MCC
7,24,57,0.84,MCC
7,24,58,1,MCC
7,24,59,1,MCC
7,24,60,1,MCC
7,24,61,0.485,MCC
7,24,62,0.5,MCC
7,24,63,1,MCC
7,24,64,0.915,MCC
7,24,65,0.98,MCC
7,24,66,1,MCC
7,24,67,0.005,MCC
7,24,68,0.005,MCC
7,24,69,0.005,MCC
7,24,70,0.005,MCC
7,24,71,0.01,MCC
7,24,72,0.03,MCC
7,24,73,0.21,MCC
7,24,74,1,MCC
7,24,75,1,MCC
7,24,76,0.3,MCC
7,24,77,0.03,MCC
7,24,78,0.085,MCC
7,24,79,0.015,MCC
7,24,80,0.26,MCC
7,24,81,0.925,MCC
7,24,82,0.785,MCC
7,24,83,1,MCC
7,24,84,1,MCC
7,24,85,0.01,MCC
7,24,86,0.015,MCC
7,24,87,0.14,MCC
7,24,88,1,MCC
7,24,89,1,MCC
7,24,90,0.115,MCC
7,24,91,0.11,MCC
7,24,92,0.89,MCC
7,24,93,1,MCC
7,24,94,0.025,MCC
7,24,95,0.17,MCC
7,24,96,0.84,MCC
7,24,97,0.21,MCC
7,24,98,0.54,MCC
7,24,99,1,MCC
7,38,51,1,CS
7,38,52,1,CS
7,38,53,1,CS
7,38,54,1,CS
7,38,55,1,CS
7,38,56,1,CS
7,38,57,0.76,CS
7,38,58,1,CS
7,38,59,1,CS
7,38,60,1,CS
7,38,61,0.545,CS
7,38,62,0.57,CS
7,38,63,1,CS
7,38,64,1,CS
7,38,65,1,CS
7,38,66,0.975,CS
7,38,67,0.98,CS
7,38,68,1,CS
7,38,69,1,CS
7,38,70,1,CS
7,38,71,1,CS
7,38,72,1,CS
7,38,73,1,CS
7,38,74,0.935,CS
7,38,75,1,CS
7,38,76,1,CS
7,38,77,1,CS
7,38,78,0.885,CS
7,38,79,1,CS
7,38,80,1,CS
7,38,81,0.99,CS
7,38,82,0.87,CS
7,38,83,1,CS
7,38,84,1,CS
7,38,51,NA,MCC
7,38,52,0.215,MCC
7,38,53,1,MCC
7,38,54,1,MCC
7,38,55,0.135,MCC
7,38,56,0.07,MCC
7,38,57,0.05,MCC
7,38,58,0.47,MCC
7,38,59,0.3,MCC
7,38,60,1,MCC
7,38,61,1,MCC
7,38,62,0.245,MCC
7,38,63,0.57,MCC
7,38,64,0.465,MCC
7,38,65,0.935,MCC
7,38,66,1,MCC
7,38,67,0.76,MCC
7,38,68,0.415,MCC
7,38,69,1,MCC
7,38,70,1,MCC
7,38,71,0.355,MCC
7,38,72,0.885,MCC
7,38,73,1,MCC
7,38,74,1,MCC
7,38,75,1,MCC
7,38,76,1,MCC
7,38,77,0.07,MCC
7,38,78,0.105,MCC
7,38,79,0.035,MCC
7,38,80,0.25,MCC
7,38,81,1,MCC
7,38,82,1,MCC
7,38,83,1,MCC
7,38,84,0.99,MCC
7,38,85,1,MCC
7,38,86,1,MCC
7,38,87,1,MCC
7,38,88,1,MCC
7,38,89,1,MCC
7,38,90,0.1,MCC
7,38,91,0.19,MCC
7,38,92,1,MCC
7,38,93,1,MCC
7,38,94,1,MCC
7,38,95,0.975,MCC
7,38,96,0.98,MCC
7,38,97,1,MCC
7,38,98,0.87,MCC
7,38,99,1,MCC
5,33,51,1,CS
5,33,52,1,CS
5,33,53,0.89,CS
5,33,54,1,CS
5,33,55,1,CS
5,33,56,0.58,CS
5,33,57,0.995,CS
5,33,58,1,CS
5,33,59,1,CS
5,33,60,0.995,CS
5,33,61,0.67,CS
5,33,62,0.99,CS
5,33,63,0.715,CS
5,33,64,0.615,CS
5,33,65,0.96,CS
5,33,66,1,CS
5,33,67,1,CS
5,33,68,0.815,CS
5,33,69,1,CS
5,33,70,1,CS
5,33,71,1,CS
5,33,72,1,CS
5,33,73,1,CS
5,33,74,1,CS
5,33,75,1,CS
5,33,76,1,CS
5,33,77,0.825,CS
5,33,78,1,CS
5,33,79,1,CS
5,33,51,NA,MCC
5,33,52,0.01,MCC
5,33,53,0.06,MCC
5,33,54,0.09,MCC
5,33,55,0.155,MCC
5,33,56,1,MCC
5,33,57,0.89,MCC
5,33,58,1,MCC
5,33,59,1,MCC
5,33,60,0.025,MCC
5,33,61,0.04,MCC
5,33,62,0.06,MCC
5,33,63,1,MCC
5,33,64,0.24,MCC
5,33,65,0.715,MCC
5,33,66,0.615,MCC
5,33,67,0.96,MCC
5,33,68,1,MCC
5,33,69,0.01,MCC
5,33,70,0.44,MCC
5,33,71,1,MCC
5,33,72,0.995,MCC
5,33,73,0.67,MCC
5,33,74,0.99,MCC
5,33,75,0.05,MCC
5,33,76,1,MCC
5,33,77,1,MCC
5,33,78,1,MCC
5,33,79,0.185,MCC
5,33,80,1,MCC
5,33,81,1,MCC
5,33,82,0.02,MCC
5,33,83,0.08,MCC
5,33,84,0.17,MCC
5,33,85,0.48,MCC
5,33,86,0.825,MCC
5,33,87,0.105,MCC
5,33,88,1,MCC
5,33,89,0.01,MCC
5,33,90,0.04,MCC
5,33,91,0.58,MCC
5,33,92,0.995,MCC
5,33,93,1,MCC
5,33,94,1,MCC
5,33,95,0.075,MCC
5,33,96,1,MCC
5,33,97,1,MCC
5,33,98,1,MCC
5,33,99,0.815,MCC
4,2,51,1,CS
4,2,52,0.87,CS
4,2,53,0.735,CS
4,2,54,0.95,CS
4,2,55,0.84,CS
4,2,56,1,CS
4,2,57,0.705,CS
4,2,58,1,CS
4,2,59,1,CS
4,2,60,0.625,CS
4,2,61,1,CS
4,2,62,1,CS
4,2,63,0.955,CS
4,2,64,1,CS
4,2,65,1,CS
4,2,66,1,CS
4,2,67,1,CS
4,2,68,0.9,CS
4,2,69,1,CS
4,2,70,1,CS
4,2,71,1,CS
4,2,72,0.86,CS
4,2,73,0.78,CS
4,2,74,0.68,CS
4,2,75,1,CS
4,2,76,0.74,CS
4,2,77,1,CS
4,2,78,1,CS
4,2,79,0.64,CS
4,2,80,1,CS
4,2,81,1,CS
4,2,82,1,CS
4,2,83,1,CS
4,2,84,1,CS
4,2,85,1,CS
4,2,86,1,CS
4,2,51,NA,MCC
4,2,52,0.86,MCC
4,2,53,1,MCC
4,2,54,0.78,MCC
4,2,55,0.68,MCC
4,2,56,0.345,MCC
4,2,57,0.205,MCC
4,2,58,0.035,MCC
4,2,59,0.31,MCC
4,2,60,1,MCC
4,2,61,0.87,MCC
4,2,62,0.735,MCC
4,2,63,0.95,MCC
4,2,64,0.46,MCC
4,2,65,0.84,MCC
4,2,66,1,MCC
4,2,67,1,MCC
4,2,68,0.325,MCC
4,2,69,0.705,MCC
4,2,70,1,MCC
4,2,71,0.175,MCC
4,2,72,0.075,MCC
4,2,73,0.01,MCC
4,2,74,0.14,MCC
4,2,75,0.64,MCC
4,2,76,1,MCC
4,2,77,1,MCC
4,2,78,0.28,MCC
4,2,79,0.74,MCC
4,2,80,1,MCC
4,2,81,1,MCC
4,2,82,0.165,MCC
4,2,83,1,MCC
4,2,84,1,MCC
4,2,85,1,MCC
4,2,86,0.9,MCC
4,2,87,1,MCC
4,2,88,1,MCC
4,2,89,1,MCC
4,2,90,0.485,MCC
4,2,91,0.625,MCC
4,2,92,1,MCC
4,2,93,1,MCC
4,2,94,0.955,MCC
4,2,95,1,MCC
4,2,96,1,MCC
4,2,97,1,MCC
4,2,98,1,MCC
4,2,99,1,MCC
4,15,51,1,CS
4,15,52,0.985,CS
4,15,53,0.52,CS
4,15,54,0.695,CS
4,15,55,0.98,CS
4,15,56,0.98,CS
4,15,57,0.89,CS
4,15,58,0.535,CS
4,15,59,1,CS
4,15,60,1,CS
4,15,61,1,CS
4,15,62,1,CS
4,15,63,1,CS
4,15,64,1,CS
4,15,65,0.725,CS
4,15,66,1,CS
4,15,67,1,CS
4,15,68,1,CS
4,15,69,1,CS
4,15,70,1,CS
4,15,71,0.51,CS
4,15,72,1,CS
4,15,73,1,CS
4,15,74,0.735,CS
4,15,75,1,CS
4,15,76,1,CS
4,15,77,0.85,CS
4,15,78,0.525,CS
4,15,79,0.985,CS
4,15,80,1,CS
4,15,81,1,CS
4,15,82,1,CS
4,15,83,0.675,CS
4,15,84,0.76,CS
4,15,85,1,CS
4,15,86,1,CS
4,15,87,0.525,CS
4,15,88,1,CS
4,15,89,1,CS
4,15,90,1,CS
4,15,91,1,CS
4,15,92,0.995,CS
4,15,51,NA,MCC
4,15,52,0.14,MCC
4,15,53,0.13,MCC
4,15,54,0.85,MCC
4,15,55,0.35,MCC
4,15,56,0.985,MCC
4,15,57,1,MCC
4,15,58,1,MCC
4,15,59,1,MCC
4,15,60,1,MCC
4,15,61,1,MCC
4,15,62,1,MCC
4,15,63,0.085,MCC
4,15,64,0.105,MCC
4,15,65,0.675,MCC
4,15,66,0.76,MCC
4,15,67,1,MCC
4,15,68,1,MCC
4,15,69,0.335,MCC
4,15,70,0.475,MCC
4,15,71,0.985,MCC
4,15,72,0.52,MCC
4,15,73,0.695,MCC
4,15,74,0.98,MCC
4,15,75,0.44,MCC
4,15,76,1,MCC
4,15,77,0.725,MCC
4,15,78,1,MCC
4,15,79,0.98,MCC
4,15,80,1,MCC
4,15,81,1,MCC
4,15,82,0.89,MCC
4,15,83,1,MCC
4,15,84,0.195,MCC
4,15,85,0.535,MCC
4,15,86,1,MCC
4,15,87,1,MCC
4,15,88,0.995,MCC
4,15,89,1,MCC
4,15,90,1,MCC
4,15,91,0.735,MCC
4,15,92,1,MCC
4,15,93,1,MCC
4,15,94,1,MCC
4,15,95,1,MCC
4,15,96,1,MCC
4,15,97,1,MCC
4,15,98,0.51,MCC
4,15,99,1,MCC
3,6,51,1,CS
3,6,52,0.89,CS
3,6,53,1,CS
3,6,54,1,CS
3,6,55,0.995,CS
3,6,56,1,CS
3,6,57,1,CS
3,6,58,1,CS
3,6,59,1,CS
3,6,60,1,CS
3,6,61,0.89,CS
3,6,62,1,CS
3,6,63,0.625,CS
3,6,64,1,CS
3,6,65,1,CS
3,6,66,1,CS
3,6,67,1,CS
3,6,68,1,CS
3,6,69,1,CS
3,6,70,0.965,CS
3,6,71,1,CS
3,6,72,0.75,CS
3,6,73,0.56,CS
3,6,74,1,CS
3,6,75,0.635,CS
3,6,76,1,CS
3,6,77,1,CS
3,6,78,1,CS
3,6,79,1,CS
3,6,80,1,CS
3,6,81,1,CS
3,6,82,1,CS
3,6,83,1,CS
3,6,84,1,CS
3,6,85,1,CS
3,6,86,1,CS
3,6,87,1,CS
3,6,88,1,CS
3,6,51,NA,MCC
3,6,52,0.465,MCC
3,6,53,1,MCC
3,6,54,1,MCC
3,6,55,1,MCC
3,6,56,1,MCC
3,6,57,0.49,MCC
3,6,58,1,MCC
3,6,59,1,MCC
3,6,60,0.425,MCC
3,6,61,0.135,MCC
3,6,62,0.185,MCC
3,6,63,1,MCC
3,6,64,0.425,MCC
3,6,65,1,MCC
3,6,66,0.325,MCC
3,6,67,0.49,MCC
3,6,68,1,MCC
3,6,69,1,MCC
3,6,70,0.44,MCC
3,6,71,1,MCC
3,6,72,1,MCC
3,6,73,1,MCC
3,6,74,1,MCC
3,6,75,0.965,MCC
3,6,76,1,MCC
3,6,77,0.75,MCC
3,6,78,0.56,MCC
3,6,79,1,MCC
3,6,80,0.635,MCC
3,6,81,0.89,MCC
3,6,82,0.89,MCC
3,6,83,1,MCC
3,6,84,0.625,MCC
3,6,85,1,MCC
3,6,86,1,MCC
3,6,87,1,MCC
3,6,88,1,MCC
3,6,89,1,MCC
3,6,90,1,MCC
3,6,91,0.225,MCC
3,6,92,0.23,MCC
3,6,93,1,MCC
3,6,94,1,MCC
3,6,95,0.995,MCC
3,6,96,1,MCC
3,6,97,1,MCC
3,6,98,1,MCC
3,6,99,1,MCC
8,38,51,1,CS
8,38,52,1,CS
8,38,53,1,CS
8,38,54,1,CS
8,38,55,1,CS
8,38,56,1,CS
8,38,57,0.655,CS
8,38,58,1,CS
8,38,59,0.995,CS
8,38,60,0.79,CS
8,38,61,0.505,CS
8,38,62,1,CS
8,38,63,1,CS
8,38,64,1,CS
8,38,65,0.505,CS
8,38,66,0.955,CS
8,38,67,1,CS
8,38,68,0.95,CS
8,38,69,1,CS
8,38,70,1,CS
8,38,71,1,CS
8,38,72,1,CS
8,38,73,0.995,CS
8,38,74,1,CS
8,38,75,1,CS
8,38,76,0.91,CS
8,38,77,1,CS
8,38,78,1,CS
8,38,79,0.78,CS
8,38,80,0.74,CS
8,38,81,0.6,CS
8,38,82,1,CS
8,38,83,1,CS
8,38,84,1,CS
8,24,51,1,CS
8,24,52,1,CS
8,24,53,1,CS
8,24,54,0.93,CS
8,24,55,0.68,CS
8,24,56,1,CS
8,24,57,0.945,CS
8,24,58,1,CS
8,24,59,1,CS
8,24,60,0.96,CS
8,24,61,1,CS
8,24,62,0.735,CS
8,24,63,0.525,CS
8,24,64,1,CS
8,24,65,0.685,CS
8,24,66,0.57,CS
8,24,67,0.575,CS
8,24,68,0.95,CS
8,24,69,1,CS
8,24,70,0.985,CS
8,24,71,1,CS
8,24,72,1,CS
8,24,73,1,CS
8,24,74,1,CS
8,24,75,1,CS
8,24,76,1,CS
8,24,77,0.515,CS
8,38,51,NA,MCC
8,38,52,0.035,MCC
8,38,53,0.01,MCC
8,38,54,0.995,MCC
8,38,55,1,MCC
8,38,56,0.01,MCC
8,38,57,0.295,MCC
8,38,58,0.04,MCC
8,38,59,0.02,MCC
8,38,60,0.06,MCC
8,38,61,0.105,MCC
8,38,62,1,MCC
8,38,63,1,MCC
8,38,64,1,MCC
8,38,65,1,MCC
8,38,66,1,MCC
8,38,67,0.655,MCC
8,38,68,0.11,MCC
8,38,69,0.165,MCC
8,38,70,1,MCC
8,38,71,0.995,MCC
8,38,72,1,MCC
8,38,73,0.12,MCC
8,38,74,0.415,MCC
8,38,75,1,MCC
8,38,76,0.95,MCC
8,38,77,1,MCC
8,38,78,1,MCC
8,38,79,1,MCC
8,38,80,1,MCC
8,38,81,1,MCC
8,38,82,0.075,MCC
8,38,83,1,MCC
8,38,84,0.91,MCC
8,38,85,0.79,MCC
8,38,86,0.505,MCC
8,38,87,1,MCC
8,38,88,1,MCC
8,38,89,0.05,MCC
8,38,90,0.6,MCC
8,38,91,1,MCC
8,38,92,0.4,MCC
8,38,93,1,MCC
8,38,94,0.265,MCC
8,38,95,0.955,MCC
8,38,96,0.78,MCC
8,38,97,0.74,MCC
8,38,98,1,MCC
8,38,99,1,MCC
8,42,51,1,CS
8,42,52,1,CS
8,42,53,1,CS
8,42,54,0.995,CS
8,42,55,1,CS
8,42,56,1,CS
8,42,57,1,CS
8,42,58,1,CS
8,42,59,0.54,CS
8,42,60,0.85,CS
8,42,61,1,CS
8,42,62,0.7,CS
8,42,63,0.98,CS
8,42,64,0.685,CS
8,42,65,1,CS
8,42,66,0.97,CS
8,42,67,1,CS
8,42,68,1,CS
8,42,69,1,CS
8,42,70,1,CS
8,42,71,1,CS
8,42,72,1,CS
8,42,73,1,CS
8,42,74,0.64,CS
8,24,51,NA,MCC
8,24,52,0.12,MCC
8,24,53,0.395,MCC
8,24,54,1,MCC
8,24,55,0.95,MCC
8,24,56,1,MCC
8,24,57,0.02,MCC
8,24,58,0.005,MCC
8,24,59,0.01,MCC
8,24,60,0.12,MCC
8,24,61,1,MCC
8,24,62,1,MCC
8,24,63,0.06,MCC
8,24,64,0.265,MCC
8,24,65,0.31,MCC
8,24,66,0.685,MCC
8,24,67,0.255,MCC
8,24,68,0.575,MCC
8,24,69,0.985,MCC
8,24,70,1,MCC
8,24,71,0.01,MCC
8,24,72,0.03,MCC
8,24,73,0.09,MCC
8,24,74,0.065,MCC
8,24,75,0.465,MCC
8,24,76,0.075,MCC
8,24,77,0.005,MCC
8,24,78,0.005,MCC
8,24,79,0.005,MCC
8,24,80,0.045,MCC
8,24,81,0.515,MCC
8,24,82,0.025,MCC
8,24,83,0.08,MCC
8,24,84,1,MCC
8,24,85,1,MCC
8,24,86,1,MCC
8,24,87,0.735,MCC
8,24,88,0.285,MCC
8,24,89,1,MCC
8,24,90,0.285,MCC
8,24,91,0.945,MCC
8,24,92,1,MCC
8,24,93,1,MCC
8,24,94,0.96,MCC
8,24,95,1,MCC
8,24,96,1,MCC
8,24,97,0.93,MCC
8,24,98,0.68,MCC
8,24,99,1,MCC
6,33,51,1,CS
6,33,52,1,CS
6,33,53,1,CS
6,33,54,1,CS
6,33,55,0.58,CS
6,33,56,0.56,CS
6,33,57,0.635,CS
6,33,58,0.635,CS
6,33,59,1,CS
6,33,60,0.97,CS
6,33,61,0.895,CS
6,33,62,0.9,CS
6,33,63,1,CS
6,33,64,0.82,CS
6,33,65,1,CS
6,33,66,1,CS
6,33,67,1,CS
6,33,68,0.945,CS
6,33,69,1,CS
6,33,70,1,CS
6,33,71,1,CS
6,33,72,1,CS
6,33,73,1,CS
6,33,74,1,CS
6,33,75,0.765,CS
8,42,51,NA,MCC
8,42,52,0.3,MCC
8,42,53,1,MCC
8,42,54,0.015,MCC
8,42,55,0.005,MCC
8,42,56,0.005,MCC
8,42,57,0.005,MCC
8,42,58,0.01,MCC
8,42,59,0.005,MCC
8,42,60,0.225,MCC
8,42,61,1,MCC
8,42,62,0.395,MCC
8,42,63,1,MCC
8,42,64,1,MCC
8,42,65,0.005,MCC
8,42,66,0.005,MCC
8,42,67,0.005,MCC
8,42,68,0.435,MCC
8,42,69,1,MCC
8,42,70,1,MCC
8,42,71,1,MCC
8,42,72,1,MCC
8,42,73,1,MCC
8,42,74,0.995,MCC
8,42,75,1,MCC
8,42,76,0.015,MCC
8,42,77,0.025,MCC
8,42,78,0.16,MCC
8,42,79,0.25,MCC
8,42,80,0.98,MCC
8,42,81,0.685,MCC
8,42,82,1,MCC
8,42,83,1,MCC
8,42,84,0.54,MCC
8,42,85,0.85,MCC
8,42,86,1,MCC
8,42,87,0.7,MCC
8,42,88,0.01,MCC
8,42,89,0.1,MCC
8,42,90,0.16,MCC
8,42,91,0.64,MCC
8,42,92,0.005,MCC
8,42,93,0.03,MCC
8,42,94,1,MCC
8,42,95,0.065,MCC
8,42,96,0.235,MCC
8,42,97,0.365,MCC
8,42,98,0.97,MCC
8,42,99,1,MCC
6,33,51,NA,MCC
6,33,52,0.04,MCC
6,33,53,0.015,MCC
6,33,54,0.09,MCC
6,33,55,0.365,MCC
6,33,56,0.945,MCC
6,33,57,0.005,MCC
6,33,58,0.005,MCC
6,33,59,0.005,MCC
6,33,60,0.015,MCC
6,33,61,0.635,MCC
6,33,62,1,MCC
6,33,63,0.97,MCC
6,33,64,0.895,MCC
6,33,65,0.485,MCC
6,33,66,1,MCC
6,33,67,1,MCC
6,33,68,0.005,MCC
6,33,69,0.025,MCC
6,33,70,0.21,MCC
6,33,71,0.82,MCC
6,33,72,1,MCC
6,33,73,1,MCC
6,33,74,1,MCC
6,33,75,0.005,MCC
6,33,76,0.005,MCC
6,33,77,0.01,MCC
6,33,78,0.06,MCC
6,33,79,0.065,MCC
6,33,80,1,MCC
6,33,81,0.9,MCC
6,33,82,1,MCC
6,33,83,0.01,MCC
6,33,84,0.125,MCC
6,33,85,1,MCC
6,33,86,0.35,MCC
6,33,87,1,MCC
6,33,88,1,MCC
6,33,89,0.295,MCC
6,33,90,0.58,MCC
6,33,91,0.335,MCC
6,33,92,0.56,MCC
6,33,93,0.635,MCC
6,33,94,1,MCC
6,33,95,0.015,MCC
6,33,96,0.215,MCC
6,33,97,0.21,MCC
6,33,98,1,MCC
6,33,99,1,MCC
5,15,51,1,CS
5,15,52,0.775,CS
5,15,53,0.62,CS
5,15,54,0.705,CS
5,15,55,1,CS
5,15,56,0.645,CS
5,15,57,0.985,CS
5,15,58,1,CS
5,15,59,1,CS
5,15,60,0.83,CS
5,15,61,1,CS
5,15,62,1,CS
5,15,63,1,CS
5,15,64,0.59,CS
5,15,65,1,CS
5,15,66,1,CS
5,15,67,1,CS
5,15,68,0.7,CS
5,15,69,0.95,CS
5,15,70,1,CS
5,15,71,1,CS
5,15,72,0.865,CS
5,15,73,1,CS
5,15,74,1,CS
5,15,75,1,CS
5,15,76,1,CS
5,15,77,0.95,CS
5,15,78,1,CS
5,15,79,1,CS
5,15,80,1,CS
5,15,81,1,CS
5,15,82,1,CS
5,15,83,1,CS
5,15,84,0.985,CS
5,15,85,1,CS
5,15,86,1,CS
8,29,51,1,CS
8,29,52,0.8,CS
8,29,53,0.845,CS
8,29,54,0.875,CS
8,29,55,0.995,CS
8,29,56,0.92,CS
8,29,57,1,CS
8,29,58,1,CS
8,29,59,1,CS
8,29,60,0.99,CS
8,29,61,1,CS
8,29,62,0.635,CS
8,29,63,1,CS
8,29,64,1,CS
8,29,65,1,CS
8,29,66,1,CS
8,29,67,1,CS
8,29,68,0.83,CS
8,29,69,0.985,CS
8,29,70,0.935,CS
8,29,71,1,CS
8,29,72,1,CS
8,29,73,1,CS
5,15,51,NA,MCC
5,15,52,0.015,MCC
5,15,53,0.105,MCC
5,15,54,1,MCC
5,15,55,0.455,MCC
5,15,56,0.985,MCC
5,15,57,0.205,MCC
5,15,58,0.25,MCC
5,15,59,0.225,MCC
5,15,60,1,MCC
5,15,61,1,MCC
5,15,62,1,MCC
5,15,63,0.075,MCC
5,15,64,0.14,MCC
5,15,65,0.04,MCC
5,15,66,0.18,MCC
5,15,67,0.95,MCC
5,15,68,1,MCC
5,15,69,1,MCC
5,15,70,1,MCC
5,15,71,0.26,MCC
5,15,72,1,MCC
5,15,73,0.775,MCC
5,15,74,0.305,MCC
5,15,75,0.62,MCC
5,15,76,0.705,MCC
5,15,77,0.59,MCC
5,15,78,1,MCC
5,15,79,1,MCC
5,15,80,1,MCC
5,15,81,1,MCC
5,15,82,0.645,MCC
5,15,83,0.985,MCC
5,15,84,1,MCC
5,15,85,1,MCC
5,15,86,0.83,MCC
5,15,87,1,MCC
5,15,88,1,MCC
5,15,89,1,MCC
5,15,90,0.7,MCC
5,15,91,0.445,MCC
5,15,92,1,MCC
5,15,93,1,MCC
5,15,94,0.95,MCC
5,15,95,1,MCC
5,15,96,1,MCC
5,15,97,1,MCC
5,15,98,1,MCC
5,15,99,0.865,MCC
8,29,51,NA,MCC
8,29,52,0.01,MCC
8,29,53,0.01,MCC
8,29,54,0.985,MCC
8,29,55,0.125,MCC
8,29,56,0.935,MCC
8,29,57,0.005,MCC
8,29,58,0.1,MCC
8,29,59,1,MCC
8,29,60,0.38,MCC
8,29,61,0.8,MCC
8,29,62,0.845,MCC
8,29,63,0.875,MCC
8,29,64,0.995,MCC
8,29,65,0.005,MCC
8,29,66,0.005,MCC
8,29,67,0.005,MCC
8,29,68,0.005,MCC
8,29,69,0.04,MCC
8,29,70,0.005,MCC
8,29,71,0.02,MCC
8,29,72,0.07,MCC
8,29,73,1,MCC
8,29,74,0.99,MCC
8,29,75,1,MCC
8,29,76,0.095,MCC
8,29,77,0.065,MCC
8,29,78,0.005,MCC
8,29,79,0.005,MCC
8,29,80,0.005,MCC
8,29,81,0.095,MCC
8,29,82,0.83,MCC
8,29,83,0.13,MCC
8,29,84,0.305,MCC
8,29,85,1,MCC
8,29,86,1,MCC
8,29,87,1,MCC
8,29,88,0.02,MCC
8,29,89,0.22,MCC
8,29,90,0.635,MCC
8,29,91,1,MCC
8,29,92,1,MCC
8,29,93,0.92,MCC
8,29,94,1,MCC
8,29,95,1,MCC
8,29,96,0.03,MCC
8,29,97,1,MCC
8,29,98,1,MCC
8,29,99,0.495,MCC
5,2,51,1,CS
5,2,52,0.595,CS
5,2,53,0.985,CS
5,2,54,0.53,CS
5,2,55,0.815,CS
5,2,56,0.99,CS
5,2,57,0.63,CS
5,2,58,1,CS
5,2,59,1,CS
5,2,60,0.955,CS
5,2,61,0.635,CS
5,2,62,1,CS
5,2,63,1,CS
5,2,64,1,CS
5,2,65,0.97,CS
5,2,66,1,CS
5,2,67,0.775,CS
5,2,68,0.935,CS
5,2,69,1,CS
5,2,70,1,CS
5,2,71,1,CS
5,2,72,1,CS
5,2,73,1,CS
5,2,74,1,CS
5,2,75,1,CS
5,2,76,1,CS
5,2,77,1,CS
5,2,78,0.865,CS
5,2,79,1,CS
5,2,80,0.955,CS
5,2,81,1,CS
5,2,82,0.93,CS
5,2,83,0.97,CS
5,2,84,0.975,CS
5,2,85,1,CS
5,2,86,0.66,CS
3,47,51,1,CS
3,47,52,0.695,CS
3,47,53,0.745,CS
3,47,54,0.935,CS
3,47,55,1,CS
3,47,56,1,CS
3,47,57,0.995,CS
3,47,58,1,CS
3,47,59,1,CS
3,47,60,1,CS
3,47,61,1,CS
3,47,62,0.835,CS
3,47,63,1,CS
3,47,64,1,CS
3,47,65,0.57,CS
3,47,66,1,CS
3,47,67,0.775,CS
3,47,68,1,CS
3,47,69,1,CS
3,47,70,1,CS
3,47,71,1,CS
3,47,72,1,CS
3,47,73,1,CS
3,47,74,1,CS
3,47,75,1,CS
3,47,76,1,CS
3,47,77,1,CS
3,47,78,1,CS
3,47,79,1,CS
3,47,80,1,CS
3,47,81,0.675,CS
3,47,82,1,CS
3,47,83,0.75,CS
3,47,84,1,CS
3,47,85,0.535,CS
3,47,86,0.995,CS
3,47,87,0.69,CS
3,47,88,1,CS
3,47,89,1,CS
5,2,51,NA,MCC
5,2,52,NA,MCC
5,2,53,0.125,MCC
5,2,54,0.955,MCC
5,2,55,1,MCC
5,2,56,0.385,MCC
5,2,57,0.595,MCC
5,2,58,0.985,MCC
5,2,59,0.53,MCC
5,2,60,0.815,MCC
5,2,61,1,MCC
5,2,62,0.99,MCC
5,2,63,0.63,MCC
5,2,64,0.19,MCC
5,2,65,1,MCC
5,2,66,0.955,MCC
5,2,67,0.865,MCC
5,2,68,1,MCC
5,2,69,0.005,MCC
5,2,70,0.055,MCC
5,2,71,0.23,MCC
5,2,72,1,MCC
5,2,73,0.66,MCC
5,2,74,1,MCC
5,2,75,1,MCC
5,2,76,1,MCC
5,2,77,0.005,MCC
5,2,78,0.17,MCC
5,2,79,0.635,MCC
5,2,80,0.775,MCC
5,2,81,1,MCC
5,2,82,0.935,MCC
5,2,83,1,MCC
5,2,84,1,MCC
5,2,85,1,MCC
5,2,86,1,MCC
5,2,87,1,MCC
5,2,88,0.97,MCC
5,2,89,1,MCC
5,2,90,0.335,MCC
5,2,91,1,MCC
5,2,92,1,MCC
5,2,93,1,MCC
5,2,94,0.04,MCC
5,2,95,0.44,MCC
5,2,96,0.365,MCC
5,2,97,0.97,MCC
5,2,98,0.975,MCC
5,2,99,0.93,MCC
7,10,51,1,CS
7,10,52,0.64,CS
7,10,53,0.99,CS
7,10,54,0.54,CS
7,10,55,1,CS
7,10,56,0.74,CS
7,10,57,1,CS
7,10,58,0.67,CS
7,10,59,1,CS
7,10,60,0.935,CS
7,10,61,1,CS
7,10,62,0.98,CS
7,10,63,0.945,CS
7,10,64,0.97,CS
7,10,65,1,CS
7,10,66,1,CS
7,10,67,0.635,CS
7,10,68,0.91,CS
7,10,69,0.805,CS
7,10,70,1,CS
7,10,71,0.76,CS
7,10,72,1,CS
7,10,73,0.995,CS
7,10,74,1,CS
7,10,75,1,CS
7,10,76,1,CS
7,10,77,1,CS
7,10,78,1,CS
7,10,79,1,CS
7,10,80,1,CS
7,10,81,0.59,CS
7,10,82,1,CS
7,10,83,1,CS
7,10,51,NA,MCC
7,10,52,NA,MCC
7,10,53,0.115,MCC
7,10,54,0.045,MCC
7,10,55,0.025,MCC
7,10,56,0.635,MCC
7,10,57,0.47,MCC
7,10,58,0.76,MCC
7,10,59,0.91,MCC
7,10,60,0.805,MCC
7,10,61,1,MCC
7,10,62,0.015,MCC
7,10,63,0.03,MCC
7,10,64,0.16,MCC
7,10,65,1,MCC
7,10,66,1,MCC
7,10,67,0.455,MCC
7,10,68,1,MCC
7,10,69,0.08,MCC
7,10,70,0.025,MCC
7,10,71,0.07,MCC
7,10,72,1,MCC
7,10,73,0.04,MCC
7,10,74,0.325,MCC
7,10,75,1,MCC
7,10,76,1,MCC
7,10,77,0.59,MCC
7,10,78,0.64,MCC
7,10,79,0.055,MCC
7,10,80,0.155,MCC
7,10,81,1,MCC
7,10,82,0.935,MCC
7,10,83,1,MCC
7,10,84,0.98,MCC
7,10,85,0.945,MCC
7,10,86,0.97,MCC
7,10,87,1,MCC
7,10,88,0.99,MCC
7,10,89,0.2,MCC
7,10,90,0.67,MCC
7,10,91,1,MCC
7,10,92,1,MCC
7,10,93,0.74,MCC
7,10,94,1,MCC
7,10,95,1,MCC
7,10,96,1,MCC
7,10,97,1,MCC
7,10,98,0.995,MCC
7,10,99,1,MCC
3,47,51,NA,MCC
3,47,52,0.245,MCC
3,47,53,1,MCC
3,47,54,0.675,MCC
3,47,55,1,MCC
3,47,56,0.75,MCC
3,47,57,1,MCC
3,47,58,0.535,MCC
3,47,59,0.995,MCC
3,47,60,0.38,MCC
3,47,61,0.695,MCC
3,47,62,0.745,MCC
3,47,63,0.225,MCC
3,47,64,0.08,MCC
3,47,65,0.45,MCC
3,47,66,0.835,MCC
3,47,67,0.57,MCC
3,47,68,1,MCC
3,47,69,1,MCC
3,47,70,1,MCC
3,47,71,1,MCC
3,47,72,0.775,MCC
3,47,73,1,MCC
3,47,74,1,MCC
3,47,75,1,MCC
3,47,76,1,MCC
3,47,77,0.935,MCC
3,47,78,1,MCC
3,47,79,1,MCC
3,47,80,1,MCC
3,47,81,0.995,MCC
3,47,82,1,MCC
3,47,83,1,MCC
3,47,84,1,MCC
3,47,85,0.265,MCC
3,47,86,0.5,MCC
3,47,87,0.305,MCC
3,47,88,0.69,MCC
3,47,89,1,MCC
3,47,90,1,MCC
3,47,91,0.26,MCC
3,47,92,1,MCC
3,47,93,0.48,MCC
3,47,94,1,MCC
3,47,95,1,MCC
3,47,96,1,MCC
3,47,97,1,MCC
3,47,98,1,MCC
3,47,99,1,MCC
6,15,51,1,CS
6,15,52,0.995,CS
6,15,53,0.55,CS
6,15,54,0.955,CS
6,15,55,1,CS
6,15,56,1,CS
6,15,57,0.99,CS
6,15,58,1,CS
6,15,59,1,CS
6,15,60,1,CS
6,15,61,1,CS
6,15,62,1,CS
6,15,63,1,CS
6,15,64,0.995,CS
6,15,65,1,CS
6,15,66,1,CS
6,15,67,1,CS
6,15,68,1,CS
6,15,69,0.89,CS
6,15,70,1,CS
6,15,71,1,CS
6,15,72,1,CS
6,15,73,1,CS
6,15,74,1,CS
6,15,75,0.645,CS
6,15,76,1,CS
6,15,77,0.995,CS
6,15,78,0.94,CS
6,15,79,1,CS
6,15,80,1,CS
6,15,51,NA,MCC
6,15,52,NA,MCC
6,15,53,0.005,MCC
6,15,54,0.005,MCC
6,15,55,0.01,MCC
6,15,56,0.015,MCC
6,15,57,0.08,MCC
6,15,58,0.89,MCC
6,15,59,1,MCC
6,15,60,1,MCC
6,15,61,0.995,MCC
6,15,62,0.34,MCC
6,15,63,1,MCC
6,15,64,1,MCC
6,15,65,0.14,MCC
6,15,66,0.995,MCC
6,15,67,1,MCC
6,15,68,1,MCC
6,15,69,1,MCC
6,15,70,0.49,MCC
6,15,71,1,MCC
6,15,72,0.025,MCC
6,15,73,0.015,MCC
6,15,74,0.215,MCC
6,15,75,0.645,MCC
6,15,76,1,MCC
6,15,77,0.06,MCC
6,15,78,0.995,MCC
6,15,79,0.265,MCC
6,15,80,0.1,MCC
6,15,81,0.195,MCC
6,15,82,1,MCC
6,15,83,1,MCC
6,15,84,1,MCC
6,15,85,1,MCC
6,15,86,1,MCC
6,15,87,0.55,MCC
6,15,88,0.99,MCC
6,15,89,1,MCC
6,15,90,0.955,MCC
6,15,91,1,MCC
6,15,92,1,MCC
6,15,93,0.37,MCC
6,15,94,0.94,MCC
6,15,95,0.015,MCC
6,15,96,0.15,MCC
6,15,97,1,MCC
6,15,98,1,MCC
6,15,99,1,MCC
9,24,51,1,CS
9,24,52,0.905,CS
9,24,53,0.955,CS
9,24,54,1,CS
9,24,55,0.525,CS
9,24,56,0.54,CS
9,24,57,0.965,CS
9,24,58,1,CS
9,24,59,1,CS
9,24,60,0.94,CS
9,24,61,1,CS
9,24,62,0.525,CS
9,24,63,0.99,CS
9,24,64,1,CS
9,24,65,0.95,CS
9,24,66,1,CS
9,24,67,1,CS
9,24,68,1,CS
9,24,69,1,CS
9,24,51,NA,MCC
9,24,52,0.005,MCC
9,24,53,0.005,MCC
9,24,54,0.405,MCC
9,24,55,0.02,MCC
9,24,56,0.005,MCC
9,24,57,0.005,MCC
9,24,58,0.035,MCC
9,24,59,0.01,MCC
9,24,60,0.005,MCC
9,24,61,0.09,MCC
9,24,62,0.11,MCC
9,24,63,0.525,MCC
9,24,64,0.29,MCC
9,24,65,0.12,MCC
9,24,66,0.33,MCC
9,24,67,0.235,MCC
9,24,68,0.94,MCC
9,24,69,1,MCC
9,24,70,1,MCC
9,24,71,0.005,MCC
9,24,72,0.01,MCC
9,24,73,0.27,MCC
9,24,74,0.005,MCC
9,24,75,0.005,MCC
9,24,76,0.03,MCC
9,24,77,0.99,MCC
9,24,78,1,MCC
9,24,79,1,MCC
9,24,80,0.02,MCC
9,24,81,0.005,MCC
9,24,82,0.1,MCC
9,24,83,0.905,MCC
9,24,84,0.54,MCC
9,24,85,0.955,MCC
9,24,86,1,MCC
9,24,87,0.09,MCC
9,24,88,0.965,MCC
9,24,89,1,MCC
9,24,90,1,MCC
9,24,91,0.385,MCC
9,24,92,0.005,MCC
9,24,93,0.06,MCC
9,24,94,1,MCC
9,24,95,0.95,MCC
9,24,96,1,MCC
9,24,97,0.01,MCC
9,24,98,0.155,MCC
9,24,99,0.18,MCC
9,38,51,1,CS
9,38,52,0.605,CS
9,38,53,1,CS
9,38,54,1,CS
9,38,55,1,CS
9,38,56,1,CS
9,38,57,1,CS
9,38,58,0.885,CS
9,38,59,1,CS
9,38,60,0.58,CS
9,38,61,1,CS
9,38,62,0.965,CS
9,38,63,0.555,CS
9,38,64,0.985,CS
9,38,65,0.57,CS
9,38,66,1,CS
9,38,67,0.8,CS
9,38,68,1,CS
9,38,69,0.75,CS
9,38,70,1,CS
9,38,71,1,CS
9,38,72,1,CS
9,38,73,1,CS
9,38,74,1,CS
9,38,75,1,CS
9,38,76,1,CS
9,38,77,0.62,CS
9,38,78,1,CS
9,38,79,0.72,CS
9,38,80,1,CS
9,38,81,0.58,CS
9,38,82,1,CS
9,38,83,1,CS
9,38,84,0.99,CS
9,38,85,1,CS
9,38,86,1,CS
9,38,51,NA,MCC
9,38,52,0.005,MCC
9,38,53,0.005,MCC
9,38,54,0.03,MCC
9,38,55,0.09,MCC
9,38,56,0.21,MCC
9,38,57,0.605,MCC
9,38,58,1,MCC
9,38,59,1,MCC
9,38,60,1,MCC
9,38,61,1,MCC
9,38,62,1,MCC
9,38,63,0.885,MCC
9,38,64,1,MCC
9,38,65,1,MCC
9,38,66,0.8,MCC
9,38,67,0.195,MCC
9,38,68,1,MCC
9,38,69,1,MCC
9,38,70,1,MCC
9,38,71,1,MCC
9,38,72,0.02,MCC
9,38,73,0.09,MCC
9,38,74,1,MCC
9,38,75,0.72,MCC
9,38,76,0.58,MCC
9,38,77,1,MCC
9,38,78,1,MCC
9,38,79,0.62,MCC
9,38,80,1,MCC
9,38,81,0.08,MCC
9,38,82,0.58,MCC
9,38,83,1,MCC
9,38,84,0.185,MCC
9,38,85,0.965,MCC
9,38,86,0.985,MCC
9,38,87,0.005,MCC
9,38,88,0.1,MCC
9,38,89,1,MCC
9,38,90,1,MCC
9,38,91,1,MCC
9,38,92,0.02,MCC
9,38,93,0.37,MCC
9,38,94,0.75,MCC
9,38,95,1,MCC
9,38,96,1,MCC
9,38,97,1,MCC
9,38,98,0.99,MCC
9,38,99,0.07,MCC
9,42,51,1,CS
9,42,52,1,CS
9,42,53,1,CS
9,42,54,0.985,CS
9,42,55,1,CS
9,42,56,1,CS
9,42,57,0.955,CS
9,42,58,1,CS
9,42,59,0.96,CS
9,42,60,0.99,CS
9,42,61,1,CS
9,42,62,1,CS
9,42,63,0.78,CS
9,42,64,1,CS
9,42,65,0.87,CS
9,42,66,0.98,CS
9,42,67,0.89,CS
9,42,68,1,CS
9,42,69,0.88,CS
9,42,70,1,CS
9,42,71,1,CS
9,42,72,1,CS
8,10,51,1,CS
8,10,52,1,CS
8,10,53,1,CS
8,10,54,1,CS
8,10,55,0.58,CS
8,10,56,0.96,CS
8,10,57,1,CS
8,10,58,1,CS
8,10,59,1,CS
8,10,60,0.675,CS
8,10,61,1,CS
8,10,62,0.92,CS
8,10,63,0.585,CS
8,10,64,1,CS
8,10,65,0.815,CS
8,10,66,0.995,CS
8,10,67,0.985,CS
8,10,68,0.985,CS
8,10,69,1,CS
8,10,70,0.555,CS
8,10,71,0.925,CS
8,10,72,0.94,CS
8,10,73,1,CS
8,10,74,1,CS
8,10,75,1,CS
8,10,76,1,CS
8,10,77,0.605,CS
8,10,78,1,CS
8,10,79,0.97,CS
8,10,80,1,CS
8,10,81,1,CS
9,42,51,NA,MCC
9,42,52,0.005,MCC
9,42,53,0.005,MCC
9,42,54,0.035,MCC
9,42,55,0.13,MCC
9,42,56,0.08,MCC
9,42,57,1,MCC
9,42,58,0.075,MCC
9,42,59,1,MCC
9,42,60,0.005,MCC
9,42,61,0.005,MCC
9,42,62,0.005,MCC
9,42,63,0.015,MCC
9,42,64,0.96,MCC
9,42,65,0.99,MCC
9,42,66,0.37,MCC
9,42,67,0.5,MCC
9,42,68,0.095,MCC
9,42,69,0.78,MCC
9,42,70,1,MCC
9,42,71,0.14,MCC
9,42,72,0.01,MCC
9,42,73,0.285,MCC
9,42,74,0.295,MCC
9,42,75,0.005,MCC
9,42,76,0.04,MCC
9,42,77,0.055,MCC
9,42,78,1,MCC
9,42,79,1,MCC
9,42,80,0.88,MCC
9,42,81,0.115,MCC
9,42,82,0.005,MCC
9,42,83,0.005,MCC
9,42,84,0.015,MCC
9,42,85,0.07,MCC
9,42,86,1,MCC
9,42,87,0.87,MCC
9,42,88,0.98,MCC
9,42,89,0.02,MCC
9,42,90,0.255,MCC
9,42,91,1,MCC
9,42,92,0.89,MCC
9,42,93,1,MCC
9,42,94,1,MCC
9,42,95,0.985,MCC
9,42,96,1,MCC
9,42,97,1,MCC
9,42,98,0.955,MCC
9,42,99,1,MCC
8,10,51,NA,MCC
8,10,52,0.06,MCC
8,10,53,0.05,MCC
8,10,54,1,MCC
8,10,55,1,MCC
8,10,56,0.675,MCC
8,10,57,1,MCC
8,10,58,0.01,MCC
8,10,59,0.06,MCC
8,10,60,0.145,MCC
8,10,61,0.225,MCC
8,10,62,0.49,MCC
8,10,63,0.055,MCC
8,10,64,1,MCC
8,10,65,1,MCC
8,10,66,1,MCC
8,10,67,0.925,MCC
8,10,68,0.39,MCC
8,10,69,0.32,MCC
8,10,70,0.97,MCC
8,10,71,1,MCC
8,10,72,0.39,MCC
8,10,73,0.285,MCC
8,10,74,0.21,MCC
8,10,75,0.92,MCC
8,10,76,0.585,MCC
8,10,77,1,MCC
8,10,78,1,MCC
8,10,79,1,MCC
8,10,80,1,MCC
8,10,81,0.205,MCC
8,10,82,1,MCC
8,10,83,0.58,MCC
8,10,84,0.96,MCC
8,10,85,1,MCC
8,10,86,0.815,MCC
8,10,87,0.995,MCC
8,10,88,0.985,MCC
8,10,89,0.035,MCC
8,10,90,0.025,MCC
8,10,91,0.34,MCC
8,10,92,0.985,MCC
8,10,93,1,MCC
8,10,94,0.555,MCC
8,10,95,1,MCC
8,10,96,0.25,MCC
8,10,97,1,MCC
8,10,98,0.32,MCC
8,10,99,0.255,MCC
9,29,51,1,CS
9,29,52,0.74,CS
9,29,53,0.675,CS
9,29,54,0.915,CS
9,29,55,1,CS
9,29,56,1,CS
9,29,57,0.545,CS
9,29,58,1,CS
9,29,59,0.69,CS
9,29,60,0.65,CS
9,29,61,1,CS
9,29,62,0.705,CS
9,29,63,1,CS
9,29,64,1,CS
9,29,65,1,CS
9,29,66,1,CS
9,29,67,1,CS
9,29,68,1,CS
9,29,69,1,CS
9,29,70,1,CS
9,29,71,1,CS
4,6,51,1,CS
4,6,52,0.63,CS
4,6,53,0.535,CS
4,6,54,0.95,CS
4,6,55,1,CS
4,6,56,0.72,CS
4,6,57,0.855,CS
4,6,58,0.51,CS
4,6,59,1,CS
4,6,60,1,CS
4,6,61,1,CS
4,6,62,1,CS
4,6,63,0.915,CS
4,6,64,1,CS
4,6,65,0.995,CS
4,6,66,1,CS
4,6,67,1,CS
4,6,68,1,CS
4,6,69,1,CS
4,6,70,1,CS
4,6,71,1,CS
4,6,72,0.975,CS
4,6,73,1,CS
4,6,74,1,CS
4,6,75,0.695,CS
4,6,76,1,CS
4,6,77,1,CS
4,6,78,0.805,CS
4,6,79,0.83,CS
4,6,80,1,CS
4,6,81,1,CS
4,6,82,1,CS
4,6,83,0.79,CS
4,6,84,1,CS
4,6,85,1,CS
9,29,51,NA,MCC
9,29,52,0.005,MCC
9,29,53,0.005,MCC
9,29,54,0.005,MCC
9,29,55,0.005,MCC
9,29,56,0.07,MCC
9,29,57,1,MCC
9,29,58,0.005,MCC
9,29,59,0.035,MCC
9,29,60,0.005,MCC
9,29,61,0.005,MCC
9,29,62,0.015,MCC
9,29,63,0.345,MCC
9,29,64,1,MCC
9,29,65,1,MCC
9,29,66,1,MCC
9,29,67,0.01,MCC
9,29,68,1,MCC
9,29,69,0.545,MCC
9,29,70,0.74,MCC
9,29,71,0.675,MCC
9,29,72,0.915,MCC
9,29,73,1,MCC
9,29,74,0.005,MCC
9,29,75,0.005,MCC
9,29,76,0.02,MCC
9,29,77,0.105,MCC
9,29,78,0.65,MCC
9,29,79,1,MCC
9,29,80,0.035,MCC
9,29,81,1,MCC
9,29,82,0.69,MCC
9,29,83,0.015,MCC
9,29,84,0.035,MCC
9,29,85,1,MCC
9,29,86,0.125,MCC
9,29,87,0.22,MCC
9,29,88,1,MCC
9,29,89,1,MCC
9,29,90,0.005,MCC
9,29,91,0.005,MCC
9,29,92,0.005,MCC
9,29,93,0.065,MCC
9,29,94,0.18,MCC
9,29,95,1,MCC
9,29,96,1,MCC
9,29,97,0.705,MCC
9,29,98,0.465,MCC
9,29,99,0.225,MCC
4,6,51,NA,MCC
4,6,52,0.035,MCC
4,6,53,0.12,MCC
4,6,54,0.35,MCC
4,6,55,0.63,MCC
4,6,56,0.46,MCC
4,6,57,0.95,MCC
4,6,58,0.855,MCC
4,6,59,0.51,MCC
4,6,60,1,MCC
4,6,61,0.72,MCC
4,6,62,0.48,MCC
4,6,63,0.355,MCC
4,6,64,1,MCC
4,6,65,1,MCC
4,6,66,1,MCC
4,6,67,1,MCC
4,6,68,0.07,MCC
4,6,69,0.23,MCC
4,6,70,1,MCC
4,6,71,0.36,MCC
4,6,72,0.22,MCC
4,6,73,1,MCC
4,6,74,1,MCC
4,6,75,0.975,MCC
4,6,76,1,MCC
4,6,77,0.79,MCC
4,6,78,0.375,MCC
4,6,79,1,MCC
4,6,80,1,MCC
4,6,81,1,MCC
4,6,82,0.025,MCC
4,6,83,0.08,MCC
4,6,84,0.915,MCC
4,6,85,0.315,MCC
4,6,86,1,MCC
4,6,87,1,MCC
4,6,88,1,MCC
4,6,89,0.995,MCC
4,6,90,1,MCC
4,6,91,1,MCC
4,6,92,0.27,MCC
4,6,93,1,MCC
4,6,94,0.695,MCC
4,6,95,0.16,MCC
4,6,96,1,MCC
4,6,97,1,MCC
4,6,98,0.83,MCC
4,6,99,1,MCC
7,15,51,1,CS
7,15,52,0.81,CS
7,15,53,0.52,CS
7,15,54,0.675,CS
7,15,55,1,CS
7,15,56,1,CS
7,15,57,1,CS
7,15,58,1,CS
7,15,59,1,CS
7,15,60,0.99,CS
7,15,61,1,CS
7,15,62,1,CS
7,15,63,0.925,CS
7,15,64,1,CS
7,15,65,0.615,CS
7,15,66,0.885,CS
7,15,67,0.87,CS
7,15,68,1,CS
7,15,69,1,CS
7,15,70,1,CS
7,15,71,1,CS
7,15,72,0.985,CS
7,15,73,1,CS
7,15,74,1,CS
7,15,75,0.935,CS
7,15,76,1,CS
7,15,77,1,CS
7,15,78,1,CS
7,15,51,NA,MCC
7,15,52,NA,MCC
7,15,53,0.03,MCC
7,15,54,0.135,MCC
7,15,55,0.28,MCC
7,15,56,0.255,MCC
7,15,57,1,MCC
7,15,58,0.235,MCC
7,15,59,0.985,MCC
7,15,60,1,MCC
7,15,61,0.49,MCC
7,15,62,0.29,MCC
7,15,63,0.43,MCC
7,15,64,0.81,MCC
7,15,65,0.36,MCC
7,15,66,0.52,MCC
7,15,67,0.215,MCC
7,15,68,1,MCC
7,15,69,1,MCC
7,15,70,1,MCC
7,15,71,1,MCC
7,15,72,1,MCC
7,15,73,1,MCC
7,15,74,0.935,MCC
7,15,75,0.225,MCC
7,15,76,1,MCC
7,15,77,0.01,MCC
7,15,78,0.03,MCC
7,15,79,0.255,MCC
7,15,80,0.325,MCC
7,15,81,1,MCC
7,15,82,1,MCC
7,15,83,0.04,MCC
7,15,84,0.075,MCC
7,15,85,0.615,MCC
7,15,86,1,MCC
7,15,87,0.885,MCC
7,15,88,0.87,MCC
7,15,89,1,MCC
7,15,90,0.1,MCC
7,15,91,1,MCC
7,15,92,0.155,MCC
7,15,93,0.31,MCC
7,15,94,0.99,MCC
7,15,95,1,MCC
7,15,96,0.925,MCC
7,15,97,1,MCC
7,15,98,0.225,MCC
7,15,99,1,MCC
1,39,51,1,CS
1,39,52,0.995,CS
1,39,53,0.955,CS
1,39,54,0.84,CS
1,39,55,1,CS
1,39,56,1,CS
1,39,57,0.895,CS
1,39,58,1,CS
1,39,59,1,CS
1,39,60,1,CS
1,39,61,1,CS
1,39,62,1,CS
1,39,63,1,CS
1,39,64,1,CS
1,39,65,0.995,CS
1,39,66,1,CS
1,39,67,1,CS
1,39,68,0.835,CS
1,39,69,0.525,CS
1,39,70,1,CS
1,39,71,1,CS
1,39,72,1,CS
1,39,73,1,CS
1,39,74,1,CS
1,39,75,1,CS
1,39,76,1,CS
1,39,77,0.995,CS
1,39,78,0.905,CS
1,39,79,0.52,CS
1,39,80,1,CS
1,39,81,0.99,CS
1,39,82,1,CS
1,39,83,1,CS
1,39,84,1,CS
1,39,85,1,CS
1,39,86,1,CS
1,39,87,1,CS
1,39,88,1,CS
1,39,89,0.505,CS
1,39,90,1,CS
1,39,91,0.545,CS
1,39,92,1,CS
1,39,93,1,CS
1,39,94,1,CS
1,39,95,0.995,CS
1,39,96,1,CS
1,39,97,1,CS
1,39,98,1,CS
1,39,99,1,CS
1,39,51,NA,MCC
1,39,52,0.995,MCC
1,39,53,0.905,MCC
1,39,54,1,MCC
1,39,55,1,MCC
1,39,56,1,MCC
1,39,57,1,MCC
1,39,58,0.52,MCC
1,39,59,1,MCC
1,39,60,0.99,MCC
1,39,61,1,MCC
1,39,62,1,MCC
1,39,63,1,MCC
1,39,64,0.505,MCC
1,39,65,1,MCC
1,39,66,1,MCC
1,39,67,1,MCC
1,39,68,0.545,MCC
1,39,69,1,MCC
1,39,70,1,MCC
1,39,71,1,MCC
1,39,72,0.995,MCC
1,39,73,1,MCC
1,39,74,1,MCC
1,39,75,0.995,MCC
1,39,76,0.525,MCC
1,39,77,1,MCC
1,39,78,1,MCC
1,39,79,1,MCC
1,39,80,1,MCC
1,39,81,1,MCC
1,39,82,1,MCC
1,39,83,1,MCC
1,39,84,0.955,MCC
1,39,85,0.84,MCC
1,39,86,1,MCC
1,39,87,1,MCC
1,39,88,1,MCC
1,39,89,1,MCC
1,39,90,0.895,MCC
1,39,91,1,MCC
1,39,92,1,MCC
1,39,93,1,MCC
1,39,94,1,MCC
1,39,95,1,MCC
1,39,96,0.995,MCC
1,39,97,0.835,MCC
1,39,98,1,MCC
1,39,99,1,MCC
9,10,51,1,CS
9,10,52,0.57,CS
9,10,53,0.98,CS
9,10,54,0.96,CS
9,10,55,1,CS
9,10,56,1,CS
9,10,57,1,CS
9,10,58,0.845,CS
9,10,59,0.695,CS
9,10,60,1,CS
9,10,61,0.755,CS
9,10,62,1,CS
9,10,63,1,CS
9,10,64,1,CS
9,10,65,1,CS
9,10,66,1,CS
9,10,67,0.985,CS
9,10,68,1,CS
9,10,69,1,CS
9,10,70,0.735,CS
9,10,71,1,CS
9,10,72,0.825,CS
9,10,73,0.515,CS
9,10,74,1,CS
9,10,75,1,CS
9,10,76,1,CS
9,10,77,1,CS
9,10,78,1,CS
6,2,51,1,CS
6,2,52,0.76,CS
6,2,53,0.695,CS
6,2,54,0.77,CS
6,2,55,0.97,CS
6,2,56,0.61,CS
6,2,57,0.985,CS
6,2,58,1,CS
6,2,59,0.94,CS
6,2,60,0.875,CS
6,2,61,1,CS
6,2,62,1,CS
6,2,63,0.645,CS
6,2,64,1,CS
6,2,65,0.775,CS
6,2,66,1,CS
6,2,67,1,CS
6,2,68,0.84,CS
6,2,69,1,CS
6,2,70,1,CS
6,2,71,0.75,CS
6,2,72,1,CS
6,2,73,0.79,CS
6,2,74,1,CS
6,2,75,1,CS
6,2,76,1,CS
6,2,77,1,CS
9,10,51,NA,MCC
9,10,52,0.005,MCC
9,10,53,0.01,MCC
9,10,54,0.075,MCC
9,10,55,0.255,MCC
9,10,56,1,MCC
9,10,57,0.195,MCC
9,10,58,0.255,MCC
9,10,59,1,MCC
9,10,60,0.13,MCC
9,10,61,1,MCC
9,10,62,0.025,MCC
9,10,63,1,MCC
9,10,64,1,MCC
9,10,65,0.985,MCC
9,10,66,1,MCC
9,10,67,0.275,MCC
9,10,68,0.13,MCC
9,10,69,0.425,MCC
9,10,70,0.195,MCC
9,10,71,0.34,MCC
9,10,72,0.285,MCC
9,10,73,1,MCC
9,10,74,0.015,MCC
9,10,75,0.025,MCC
9,10,76,0.57,MCC
9,10,77,0.98,MCC
9,10,78,1,MCC
9,10,79,1,MCC
9,10,80,0.96,MCC
9,10,81,1,MCC
9,10,82,0.845,MCC
9,10,83,0.45,MCC
9,10,84,0.325,MCC
9,10,85,0.44,MCC
9,10,86,0.155,MCC
9,10,87,0.695,MCC
9,10,88,1,MCC
9,10,89,0.755,MCC
9,10,90,1,MCC
9,10,91,1,MCC
9,10,92,1,MCC
9,10,93,1,MCC
9,10,94,0.825,MCC
9,10,95,0.47,MCC
9,10,96,0.265,MCC
9,10,97,0.515,MCC
9,10,98,1,MCC
9,10,99,1,MCC
6,2,51,NA,MCC
6,2,52,0.015,MCC
6,2,53,0.005,MCC
6,2,54,0.005,MCC
6,2,55,0.005,MCC
6,2,56,0.03,MCC
6,2,57,0.79,MCC
6,2,58,1,MCC
6,2,59,0.005,MCC
6,2,60,0.03,MCC
6,2,61,0.22,MCC
6,2,62,1,MCC
6,2,63,0.01,MCC
6,2,64,0.075,MCC
6,2,65,1,MCC
6,2,66,0.005,MCC
6,2,67,0.455,MCC
6,2,68,1,MCC
6,2,69,0.775,MCC
6,2,70,1,MCC
6,2,71,1,MCC
6,2,72,0.005,MCC
6,2,73,0.055,MCC
6,2,74,1,MCC
6,2,75,0.76,MCC
6,2,76,0.695,MCC
6,2,77,0.77,MCC
6,2,78,0.97,MCC
6,2,79,0.355,MCC
6,2,80,0.61,MCC
6,2,81,0.985,MCC
6,2,82,1,MCC
6,2,83,0.485,MCC
6,2,84,0.1,MCC
6,2,85,0.84,MCC
6,2,86,1,MCC
6,2,87,1,MCC
6,2,88,0.27,MCC
6,2,89,0.94,MCC
6,2,90,0.875,MCC
6,2,91,1,MCC
6,2,92,1,MCC
6,2,93,0.645,MCC
6,2,94,0.75,MCC
6,2,95,1,MCC
6,2,96,0.15,MCC
6,2,97,0.31,MCC
6,2,98,0.015,MCC
6,2,99,0.445,MCC
1,3,51,1,CS
1,3,52,0.585,CS
1,3,53,1,CS
1,3,54,1,CS
1,3,55,1,CS
1,3,56,1,CS
1,3,57,1,CS
1,3,58,0.665,CS
1,3,59,0.87,CS
1,3,60,1,CS
1,3,61,1,CS
1,3,62,0.96,CS
1,3,63,1,CS
1,3,64,1,CS
1,3,65,1,CS
1,3,66,1,CS
1,3,67,1,CS
1,3,68,1,CS
1,3,69,1,CS
1,3,70,0.605,CS
1,3,71,1,CS
1,3,72,1,CS
1,3,73,1,CS
1,3,74,0.94,CS
1,3,75,1,CS
1,3,76,1,CS
1,3,77,1,CS
1,3,78,1,CS
1,3,79,1,CS
1,3,80,0.78,CS
1,3,81,1,CS
1,3,82,1,CS
1,3,83,1,CS
1,3,84,1,CS
1,3,85,1,CS
1,3,86,1,CS
1,3,87,0.975,CS
1,3,88,1,CS
1,3,89,0.655,CS
1,3,90,0.935,CS
1,3,91,1,CS
1,3,92,1,CS
1,3,93,1,CS
1,3,94,1,CS
1,3,95,1,CS
1,3,96,1,CS
1,3,97,0.905,CS
1,3,51,NA,MCC
1,3,52,0.585,MCC
1,3,53,0.605,MCC
1,3,54,1,MCC
1,3,55,1,MCC
1,3,56,1,MCC
1,3,57,0.94,MCC
1,3,58,1,MCC
1,3,59,1,MCC
1,3,60,1,MCC
1,3,61,0.46,MCC
1,3,62,0.49,MCC
1,3,63,0.87,MCC
1,3,64,1,MCC
1,3,65,1,MCC
1,3,66,1,MCC
1,3,67,0.96,MCC
1,3,68,1,MCC
1,3,69,1,MCC
1,3,70,1,MCC
1,3,71,1,MCC
1,3,72,1,MCC
1,3,73,1,MCC
1,3,74,1,MCC
1,3,75,1,MCC
1,3,76,1,MCC
1,3,77,1,MCC
1,3,78,0.665,MCC
1,3,79,1,MCC
1,3,80,1,MCC
1,3,81,0.975,MCC
1,3,82,1,MCC
1,3,83,0.78,MCC
1,3,84,1,MCC
1,3,85,1,MCC
1,3,86,1,MCC
1,3,87,1,MCC
1,3,88,1,MCC
1,3,89,1,MCC
1,3,90,1,MCC
1,3,91,0.655,MCC
1,3,92,0.935,MCC
1,3,93,1,MCC
1,3,94,1,MCC
1,3,95,1,MCC
1,3,96,1,MCC
1,3,97,1,MCC
1,3,98,1,MCC
1,3,99,0.905,MCC
7,33,51,1,CS
7,33,52,1,CS
7,33,53,0.54,CS
7,33,54,1,CS
7,33,55,1,CS
7,33,56,1,CS
7,33,57,0.505,CS
7,33,58,0.945,CS
7,33,59,0.765,CS
7,33,60,1,CS
7,33,61,1,CS
7,33,62,1,CS
7,33,63,1,CS
7,33,64,1,CS
7,33,65,1,CS
7,33,66,0.57,CS
7,33,67,1,CS
7,33,68,0.99,CS
7,33,69,1,CS
7,33,70,0.91,CS
1,25,51,1,CS
1,25,52,1,CS
1,25,53,1,CS
1,25,54,0.8,CS
1,25,55,1,CS
1,25,56,1,CS
1,25,57,1,CS
1,25,58,1,CS
1,25,59,1,CS
1,25,60,1,CS
1,25,61,1,CS
1,25,62,1,CS
1,25,63,1,CS
1,25,64,1,CS
1,25,65,1,CS
1,25,66,0.91,CS
1,25,67,1,CS
1,25,68,1,CS
1,25,69,1,CS
1,25,70,1,CS
1,25,71,1,CS
1,25,72,1,CS
1,25,73,0.58,CS
1,25,74,1,CS
1,25,75,1,CS
1,25,76,1,CS
1,25,77,0.79,CS
1,25,78,1,CS
1,25,79,1,CS
1,25,80,1,CS
1,25,81,1,CS
1,25,82,0.76,CS
1,25,83,1,CS
1,25,84,0.94,CS
1,25,85,0.97,CS
1,25,86,1,CS
1,25,87,1,CS
1,25,88,1,CS
1,25,89,1,CS
1,25,90,1,CS
1,25,91,1,CS
1,25,92,1,CS
1,25,93,1,CS
7,33,51,NA,MCC
7,33,52,NA,MCC
7,33,53,0.025,MCC
7,33,54,0.09,MCC
7,33,55,0.155,MCC
7,33,56,0.99,MCC
7,33,57,0.185,MCC
7,33,58,0.005,MCC
7,33,59,0.005,MCC
7,33,60,0.005,MCC
7,33,61,0.005,MCC
7,33,62,0.005,MCC
7,33,63,0.025,MCC
7,33,64,0.125,MCC
7,33,65,1,MCC
7,33,66,0.315,MCC
7,33,67,0.005,MCC
7,33,68,0.01,MCC
7,33,69,0.045,MCC
7,33,70,1,MCC
7,33,71,1,MCC
7,33,72,0.765,MCC
7,33,73,1,MCC
7,33,74,0.06,MCC
7,33,75,1,MCC
7,33,76,0.505,MCC
7,33,77,0.945,MCC
7,33,78,1,MCC
7,33,79,0.085,MCC
7,33,80,1,MCC
7,33,81,1,MCC
7,33,82,0.005,MCC
7,33,83,0.035,MCC
7,33,84,0.125,MCC
7,33,85,0.08,MCC
7,33,86,1,MCC
7,33,87,0.57,MCC
7,33,88,0.005,MCC
7,33,89,0.91,MCC
7,33,90,0.15,MCC
7,33,91,0.035,MCC
7,33,92,0.16,MCC
7,33,93,0.135,MCC
7,33,94,0.35,MCC
7,33,95,0.005,MCC
7,33,96,0.055,MCC
7,33,97,1,MCC
7,33,98,1,MCC
7,33,99,1,MCC
1,25,51,NA,MCC
1,25,52,0.495,MCC
1,25,53,0.43,MCC
1,25,54,0.79,MCC
1,25,55,0.97,MCC
1,25,56,0.435,MCC
1,25,57,1,MCC
1,25,58,1,MCC
1,25,59,1,MCC
1,25,60,0.76,MCC
1,25,61,1,MCC
1,25,62,0.94,MCC
1,25,63,1,MCC
1,25,64,1,MCC
1,25,65,1,MCC
1,25,66,1,MCC
1,25,67,1,MCC
1,25,68,1,MCC
1,25,69,1,MCC
1,25,70,1,MCC
1,25,71,1,MCC
1,25,72,0.91,MCC
1,25,73,1,MCC
1,25,74,1,MCC
1,25,75,1,MCC
1,25,76,1,MCC
1,25,77,1,MCC
1,25,78,1,MCC
1,25,79,1,MCC
1,25,80,0.58,MCC
1,25,81,1,MCC
1,25,82,1,MCC
1,25,83,1,MCC
1,25,84,0.8,MCC
1,25,85,1,MCC
1,25,86,0.485,MCC
1,25,87,1,MCC
1,25,88,0.335,MCC
1,25,89,1,MCC
1,25,90,1,MCC
1,25,91,1,MCC
1,25,92,1,MCC
1,25,93,1,MCC
1,25,94,1,MCC
1,25,95,0.365,MCC
1,25,96,1,MCC
1,25,97,1,MCC
1,25,98,1,MCC
1,25,99,1,MCC
4,47,51,1,CS
4,47,52,0.66,CS
4,47,53,0.585,CS
4,47,54,1,CS
4,47,55,0.575,CS
4,47,56,1,CS
4,47,57,1,CS
4,47,58,1,CS
4,47,59,1,CS
4,47,60,1,CS
4,47,61,1,CS
4,47,62,0.655,CS
4,47,63,0.56,CS
4,47,64,0.92,CS
4,47,65,1,CS
4,47,66,1,CS
4,47,67,1,CS
4,47,68,1,CS
4,47,69,0.885,CS
4,47,70,0.67,CS
4,47,71,0.845,CS
4,47,72,1,CS
4,47,73,0.97,CS
4,47,74,0.98,CS
4,47,75,1,CS
4,47,76,1,CS
4,47,77,1,CS
4,47,78,1,CS
4,47,79,1,CS
4,47,80,1,CS
4,47,81,1,CS
4,47,82,1,CS
4,47,83,0.93,CS
4,47,84,1,CS
4,47,85,0.99,CS
4,47,86,1,CS
4,47,87,0.69,CS
4,47,88,1,CS
4,47,51,NA,MCC
4,47,52,NA,MCC
4,47,53,1,MCC
4,47,54,0.585,MCC
4,47,55,0.245,MCC
4,47,56,0.3,MCC
4,47,57,0.99,MCC
4,47,58,0.235,MCC
4,47,59,0.215,MCC
4,47,60,0.125,MCC
4,47,61,0.69,MCC
4,47,62,0.14,MCC
4,47,63,0.135,MCC
4,47,64,1,MCC
4,47,65,1,MCC
4,47,66,0.45,MCC
4,47,67,1,MCC
4,47,68,1,MCC
4,47,69,1,MCC
4,47,70,0.06,MCC
4,47,71,0.295,MCC
4,47,72,1,MCC
4,47,73,0.655,MCC
4,47,74,0.56,MCC
4,47,75,0.92,MCC
4,47,76,1,MCC
4,47,77,1,MCC
4,47,78,1,MCC
4,47,79,1,MCC
4,47,80,1,MCC
4,47,81,1,MCC
4,47,82,1,MCC
4,47,83,0.93,MCC
4,47,84,0.3,MCC
4,47,85,0.885,MCC
4,47,86,0.67,MCC
4,47,87,0.845,MCC
4,47,88,1,MCC
4,47,89,0.97,MCC
4,47,90,0.98,MCC
4,47,91,1,MCC
4,47,92,1,MCC
4,47,93,0.26,MCC
4,47,94,1,MCC
4,47,95,1,MCC
4,47,96,1,MCC
4,47,97,1,MCC
4,47,98,1,MCC
4,47,99,1,MCC
8,15,51,1,CS
8,15,52,0.535,CS
8,15,53,1,CS
8,15,54,1,CS
8,15,55,0.595,CS
8,15,56,0.885,CS
8,15,57,0.935,CS
8,15,58,0.625,CS
8,15,59,0.695,CS
8,15,60,1,CS
8,15,61,1,CS
8,15,62,0.995,CS
8,15,63,1,CS
8,15,64,0.52,CS
8,15,65,0.645,CS
8,15,66,1,CS
8,15,67,1,CS
8,15,68,1,CS
8,15,69,1,CS
8,15,70,1,CS
8,15,71,1,CS
8,15,72,0.895,CS
8,15,73,1,CS
8,15,74,1,CS
8,15,75,1,CS
8,15,76,0.99,CS
8,15,77,1,CS
8,15,78,1,CS
8,15,51,NA,MCC
8,15,52,0.02,MCC
8,15,53,0.005,MCC
8,15,54,0.015,MCC
8,15,55,0.535,MCC
8,15,56,1,MCC
8,15,57,0.885,MCC
8,15,58,1,MCC
8,15,59,0.595,MCC
8,15,60,0.935,MCC
8,15,61,0.035,MCC
8,15,62,0.52,MCC
8,15,63,0.645,MCC
8,15,64,1,MCC
8,15,65,0.015,MCC
8,15,66,0.01,MCC
8,15,67,0.015,MCC
8,15,68,0.05,MCC
8,15,69,0.04,MCC
8,15,70,1,MCC
8,15,71,1,MCC
8,15,72,0.075,MCC
8,15,73,0.08,MCC
8,15,74,0.305,MCC
8,15,75,1,MCC
8,15,76,0.895,MCC
8,15,77,1,MCC
8,15,78,0.205,MCC
8,15,79,0.625,MCC
8,15,80,0.695,MCC
8,15,81,1,MCC
8,15,82,1,MCC
8,15,83,0.995,MCC
8,15,84,1,MCC
8,15,85,1,MCC
8,15,86,0.025,MCC
8,15,87,0.02,MCC
8,15,88,0.02,MCC
8,15,89,0.035,MCC
8,15,90,0.065,MCC
8,15,91,0.415,MCC
8,15,92,1,MCC
8,15,93,1,MCC
8,15,94,1,MCC
8,15,95,0.295,MCC
8,15,96,1,MCC
8,15,97,1,MCC
8,15,98,0.13,MCC
8,15,99,0.99,MCC
1,11,51,1,CS
1,11,52,0.965,CS
1,11,53,0.96,CS
1,11,54,0.745,CS
1,11,55,1,CS
1,11,56,0.96,CS
1,11,57,1,CS
1,11,58,0.98,CS
1,11,59,1,CS
1,11,60,1,CS
1,11,61,1,CS
1,11,62,1,CS
1,11,63,0.995,CS
1,11,64,1,CS
1,11,65,1,CS
1,11,66,1,CS
1,11,67,0.975,CS
1,11,68,1,CS
1,11,69,0.87,CS
1,11,70,1,CS
1,11,71,1,CS
1,11,72,1,CS
1,11,73,1,CS
1,11,74,0.685,CS
1,11,75,1,CS
1,11,76,1,CS
1,11,77,1,CS
1,11,78,0.535,CS
1,11,79,1,CS
1,11,80,1,CS
1,11,81,0.885,CS
1,11,82,0.81,CS
1,11,83,1,CS
1,11,84,0.995,CS
1,11,85,1,CS
1,11,86,0.99,CS
1,11,87,1,CS
1,11,88,0.725,CS
1,11,89,0.995,CS
1,11,90,1,CS
1,11,91,1,CS
1,11,92,1,CS
1,11,93,1,CS
1,11,51,NA,MCC
1,11,52,0.965,MCC
1,11,53,0.96,MCC
1,11,54,0.475,MCC
1,11,55,0.745,MCC
1,11,56,0.475,MCC
1,11,57,0.285,MCC
1,11,58,1,MCC
1,11,59,1,MCC
1,11,60,0.96,MCC
1,11,61,0.445,MCC
1,11,62,1,MCC
1,11,63,1,MCC
1,11,64,0.98,MCC
1,11,65,1,MCC
1,11,66,1,MCC
1,11,67,1,MCC
1,11,68,0.995,MCC
1,11,69,1,MCC
1,11,70,0.535,MCC
1,11,71,1,MCC
1,11,72,1,MCC
1,11,73,0.975,MCC
1,11,74,1,MCC
1,11,75,1,MCC
1,11,76,0.87,MCC
1,11,77,1,MCC
1,11,78,1,MCC
1,11,79,1,MCC
1,11,80,0.685,MCC
1,11,81,1,MCC
1,11,82,1,MCC
1,11,83,1,MCC
1,11,84,1,MCC
1,11,85,0.4,MCC
1,11,86,0.995,MCC
1,11,87,1,MCC
1,11,88,0.99,MCC
1,11,89,0.43,MCC
1,11,90,0.885,MCC
1,11,91,0.81,MCC
1,11,92,1,MCC
1,11,93,1,MCC
1,11,94,0.725,MCC
1,11,95,1,MCC
1,11,96,1,MCC
1,11,97,0.995,MCC
1,11,98,1,MCC
1,11,99,1,MCC
5,6,51,1,CS
5,6,52,0.56,CS
5,6,53,0.9,CS
5,6,54,1,CS
5,6,55,1,CS
5,6,56,1,CS
5,6,57,0.815,CS
5,6,58,1,CS
5,6,59,1,CS
5,6,60,1,CS
5,6,61,0.61,CS
5,6,62,0.775,CS
5,6,63,1,CS
5,6,64,0.7,CS
5,6,65,0.73,CS
5,6,66,0.625,CS
5,6,67,0.915,CS
5,6,68,1,CS
5,6,69,0.84,CS
5,6,70,0.87,CS
5,6,71,0.96,CS
5,6,72,1,CS
5,6,73,1,CS
5,6,74,1,CS
5,6,75,0.995,CS
5,6,76,0.795,CS
5,6,77,1,CS
5,6,78,0.665,CS
5,6,79,0.925,CS
5,6,80,0.9,CS
5,6,81,1,CS
5,6,82,1,CS
5,6,83,1,CS
5,6,84,1,CS
5,6,85,0.99,CS
5,6,86,1,CS
5,6,51,NA,MCC
5,6,52,0.07,MCC
5,6,53,0.36,MCC
5,6,54,0.61,MCC
5,6,55,1,MCC
5,6,56,0.7,MCC
5,6,57,0.73,MCC
5,6,58,0.1,MCC
5,6,59,0.625,MCC
5,6,60,0.915,MCC
5,6,61,1,MCC
5,6,62,0.05,MCC
5,6,63,0.04,MCC
5,6,64,0.23,MCC
5,6,65,0.995,MCC
5,6,66,0.795,MCC
5,6,67,1,MCC
5,6,68,0.26,MCC
5,6,69,0.925,MCC
5,6,70,0.9,MCC
5,6,71,1,MCC
5,6,72,0.37,MCC
5,6,73,0.99,MCC
5,6,74,0.13,MCC
5,6,75,1,MCC
5,6,76,1,MCC
5,6,77,1,MCC
5,6,78,0.315,MCC
5,6,79,1,MCC
5,6,80,0.165,MCC
5,6,81,0.84,MCC
5,6,82,0.87,MCC
5,6,83,0.96,MCC
5,6,84,0.225,MCC
5,6,85,1,MCC
5,6,86,1,MCC
5,6,87,0.12,MCC
5,6,88,1,MCC
5,6,89,0.385,MCC
5,6,90,0.56,MCC
5,6,91,0.315,MCC
5,6,92,1,MCC
5,6,93,0.815,MCC
5,6,94,1,MCC
5,6,95,0.9,MCC
5,6,96,1,MCC
5,6,97,1,MCC
5,6,98,1,MCC
5,6,99,1,MCC
1,43,51,1,CS
1,43,52,0.71,CS
1,43,53,1,CS
1,43,54,1,CS
1,43,55,0.61,CS
1,43,56,0.51,CS
1,43,57,1,CS
1,43,58,1,CS
1,43,59,1,CS
1,43,60,1,CS
1,43,61,1,CS
1,43,62,1,CS
1,43,63,1,CS
1,43,64,1,CS
1,43,65,1,CS
1,43,66,1,CS
1,43,67,0.745,CS
1,43,68,0.955,CS
1,43,69,1,CS
1,43,70,1,CS
1,43,71,1,CS
1,43,72,1,CS
1,43,73,0.7,CS
1,43,74,0.995,CS
1,43,75,1,CS
1,43,76,1,CS
1,43,77,1,CS
1,43,78,1,CS
1,43,79,1,CS
1,43,80,0.525,CS
1,43,81,0.95,CS
1,43,82,1,CS
1,43,83,0.995,CS
1,43,84,0.76,CS
1,43,85,1,CS
1,43,86,1,CS
1,43,87,1,CS
1,43,88,1,CS
1,43,89,1,CS
1,43,90,0.73,CS
1,43,91,0.82,CS
1,43,92,1,CS
1,43,93,1,CS
1,43,94,1,CS
1,43,95,1,CS
1,43,96,0.55,CS
1,43,51,NA,MCC
1,43,52,0.525,MCC
1,43,53,0.95,MCC
1,43,54,1,MCC
1,43,55,0.995,MCC
1,43,56,0.76,MCC
1,43,57,1,MCC
1,43,58,1,MCC
1,43,59,1,MCC
1,43,60,1,MCC
1,43,61,1,MCC
1,43,62,0.73,MCC
1,43,63,0.82,MCC
1,43,64,1,MCC
1,43,65,1,MCC
1,43,66,1,MCC
1,43,67,1,MCC
1,43,68,0.55,MCC
1,43,69,0.71,MCC
1,43,70,0.475,MCC
1,43,71,1,MCC
1,43,72,0.405,MCC
1,43,73,1,MCC
1,43,74,0.61,MCC
1,43,75,0.51,MCC
1,43,76,1,MCC
1,43,77,1,MCC
1,43,78,1,MCC
1,43,79,1,MCC
1,43,80,1,MCC
1,43,81,1,MCC
1,43,82,1,MCC
1,43,83,1,MCC
1,43,84,1,MCC
1,43,85,1,MCC
1,43,86,1,MCC
1,43,87,1,MCC
1,43,88,1,MCC
1,43,89,1,MCC
1,43,90,0.745,MCC
1,43,91,0.4,MCC
1,43,92,0.955,MCC
1,43,93,1,MCC
1,43,94,1,MCC
1,43,95,1,MCC
1,43,96,1,MCC
1,43,97,0.7,MCC
1,43,98,0.995,MCC
1,43,99,1,MCC
5,47,51,1,CS
5,47,52,0.54,CS
5,47,53,0.75,CS
5,47,54,1,CS
5,47,55,1,CS
5,47,56,0.67,CS
5,47,57,1,CS
5,47,58,1,CS
5,47,59,1,CS
5,47,60,1,CS
5,47,61,0.92,CS
5,47,62,1,CS
5,47,63,1,CS
5,47,64,1,CS
5,47,65,1,CS
5,47,66,1,CS
5,47,67,1,CS
5,47,68,1,CS
5,47,69,1,CS
5,47,70,1,CS
5,47,71,1,CS
5,47,72,0.855,CS
5,47,73,1,CS
5,47,74,1,CS
5,47,75,1,CS
5,47,76,1,CS
5,47,77,1,CS
5,47,78,1,CS
5,47,79,0.99,CS
5,47,80,1,CS
5,47,81,0.97,CS
5,47,82,0.565,CS
5,47,83,1,CS
5,47,51,NA,MCC
5,47,52,0.195,MCC
5,47,53,0.855,MCC
5,47,54,0.335,MCC
5,47,55,1,MCC
5,47,56,1,MCC
5,47,57,1,MCC
5,47,58,1,MCC
5,47,59,1,MCC
5,47,60,1,MCC
5,47,61,0.99,MCC
5,47,62,0.565,MCC
5,47,63,0.43,MCC
5,47,64,1,MCC
5,47,65,1,MCC
5,47,66,0.38,MCC
5,47,67,0.97,MCC
5,47,68,0.54,MCC
5,47,69,0.065,MCC
5,47,70,0.01,MCC
5,47,71,0.03,MCC
5,47,72,0.125,MCC
5,47,73,0.23,MCC
5,47,74,0.35,MCC
5,47,75,1,MCC
5,47,76,1,MCC
5,47,77,0.92,MCC
5,47,78,1,MCC
5,47,79,1,MCC
5,47,80,1,MCC
5,47,81,1,MCC
5,47,82,1,MCC
5,47,83,0.24,MCC
5,47,84,0.75,MCC
5,47,85,0.38,MCC
5,47,86,1,MCC
5,47,87,0.67,MCC
5,47,88,1,MCC
5,47,89,1,MCC
5,47,90,1,MCC
5,47,91,0.485,MCC
5,47,92,1,MCC
5,47,93,1,MCC
5,47,94,1,MCC
5,47,95,1,MCC
5,47,96,0.14,MCC
5,47,97,0.195,MCC
5,47,98,0.3,MCC
5,47,99,1,MCC
9,15,51,1,CS
9,15,52,1,CS
9,15,53,1,CS
9,15,54,0.97,CS
9,15,55,0.935,CS
9,15,56,1,CS
9,15,57,1,CS
9,15,58,1,CS
9,15,59,1,CS
9,15,60,1,CS
9,15,61,0.915,CS
9,15,62,1,CS
9,15,63,1,CS
9,15,64,1,CS
9,15,65,1,CS
9,15,66,1,CS
9,15,67,0.555,CS
9,15,68,0.985,CS
9,15,69,0.56,CS
9,15,70,1,CS
9,15,71,1,CS
9,15,72,1,CS
9,15,73,1,CS
9,15,74,0.565,CS
9,15,75,0.88,CS
7,2,51,1,CS
7,2,52,0.79,CS
7,2,53,0.79,CS
7,2,54,0.675,CS
7,2,55,0.59,CS
7,2,56,0.98,CS
7,2,57,0.605,CS
7,2,58,0.765,CS
7,2,59,0.985,CS
7,2,60,0.96,CS
7,2,61,1,CS
7,2,62,0.79,CS
7,2,63,1,CS
7,2,64,0.945,CS
7,2,65,0.505,CS
7,2,66,1,CS
7,2,67,0.625,CS
7,2,68,1,CS
7,2,69,1,CS
7,2,70,0.985,CS
7,2,71,1,CS
7,2,72,0.725,CS
7,2,73,0.95,CS
7,2,74,1,CS
7,2,75,1,CS
7,2,76,1,CS
7,2,77,0.605,CS
9,15,51,NA,MCC
9,15,52,0.005,MCC
9,15,53,0.005,MCC
9,15,54,0.005,MCC
9,15,55,0.195,MCC
9,15,56,1,MCC
9,15,57,0.97,MCC
9,15,58,1,MCC
9,15,59,0.365,MCC
9,15,60,0.555,MCC
9,15,61,0.985,MCC
9,15,62,0.02,MCC
9,15,63,1,MCC
9,15,64,1,MCC
9,15,65,0.915,MCC
9,15,66,1,MCC
9,15,67,0.355,MCC
9,15,68,1,MCC
9,15,69,0.005,MCC
9,15,70,0.425,MCC
9,15,71,0.88,MCC
9,15,72,0.005,MCC
9,15,73,0.005,MCC
9,15,74,0.04,MCC
9,15,75,0.56,MCC
9,15,76,1,MCC
9,15,77,1,MCC
9,15,78,0.18,MCC
9,15,79,0.565,MCC
9,15,80,0.02,MCC
9,15,81,0.03,MCC
9,15,82,1,MCC
9,15,83,0.02,MCC
9,15,84,0.035,MCC
9,15,85,0.115,MCC
9,15,86,0.21,MCC
9,15,87,0.19,MCC
9,15,88,1,MCC
9,15,89,1,MCC
9,15,90,1,MCC
9,15,91,0.935,MCC
9,15,92,1,MCC
9,15,93,1,MCC
9,15,94,0.035,MCC
9,15,95,0.425,MCC
9,15,96,1,MCC
9,15,97,1,MCC
9,15,98,0.43,MCC
9,15,99,0.13,MCC
7,2,51,NA,MCC
7,2,52,0.005,MCC
7,2,53,0.005,MCC
7,2,54,0.025,MCC
7,2,55,0.165,MCC
7,2,56,0.725,MCC
7,2,57,0.95,MCC
7,2,58,0.005,MCC
7,2,59,0.035,MCC
7,2,60,1,MCC
7,2,61,0.02,MCC
7,2,62,0.045,MCC
7,2,63,0.3,MCC
7,2,64,0.79,MCC
7,2,65,1,MCC
7,2,66,0.945,MCC
7,2,67,0.395,MCC
7,2,68,1,MCC
7,2,69,0.985,MCC
7,2,70,1,MCC
7,2,71,0.005,MCC
7,2,72,0.005,MCC
7,2,73,0.005,MCC
7,2,74,0.085,MCC
7,2,75,0.605,MCC
7,2,76,0.605,MCC
7,2,77,0.765,MCC
7,2,78,0.985,MCC
7,2,79,0.96,MCC
7,2,80,1,MCC
7,2,81,0.035,MCC
7,2,82,0.065,MCC
7,2,83,0.625,MCC
7,2,84,1,MCC
7,2,85,1,MCC
7,2,86,0.79,MCC
7,2,87,0.455,MCC
7,2,88,0.79,MCC
7,2,89,0.375,MCC
7,2,90,0.08,MCC
7,2,91,0.59,MCC
7,2,92,0.48,MCC
7,2,93,0.98,MCC
7,2,94,0.495,MCC
7,2,95,1,MCC
7,2,96,0.005,MCC
7,2,97,1,MCC
7,2,98,0.02,MCC
7,2,99,0.415,MCC
8,33,51,1,CS
8,33,52,1,CS
8,33,53,1,CS
8,33,54,1,CS
8,33,55,0.955,CS
8,33,56,1,CS
8,33,57,1,CS
8,33,58,1,CS
8,33,59,0.705,CS
8,33,60,0.615,CS
8,33,61,1,CS
8,33,62,0.995,CS
8,33,63,1,CS
8,33,64,1,CS
8,33,65,1,CS
8,33,66,1,CS
8,33,67,1,CS
8,33,51,NA,MCC
8,33,52,0.005,MCC
8,33,53,0.005,MCC
8,33,54,0.005,MCC
8,33,55,0.005,MCC
8,33,56,0.01,MCC
8,33,57,0.02,MCC
8,33,58,0.13,MCC
8,33,59,0.04,MCC
8,33,60,0.035,MCC
8,33,61,0.08,MCC
8,33,62,1,MCC
8,33,63,0.365,MCC
8,33,64,1,MCC
8,33,65,0.19,MCC
8,33,66,1,MCC
8,33,67,1,MCC
8,33,68,0.005,MCC
8,33,69,0.005,MCC
8,33,70,0.03,MCC
8,33,71,0.105,MCC
8,33,72,1,MCC
8,33,73,0.705,MCC
8,33,74,0.405,MCC
8,33,75,0.615,MCC
8,33,76,1,MCC
8,33,77,0.005,MCC
8,33,78,0.01,MCC
8,33,79,0.26,MCC
8,33,80,0.425,MCC
8,33,81,0.32,MCC
8,33,82,0.005,MCC
8,33,83,0.015,MCC
8,33,84,0.255,MCC
8,33,85,1,MCC
8,33,86,0.49,MCC
8,33,87,1,MCC
8,33,88,1,MCC
8,33,89,0.02,MCC
8,33,90,0.305,MCC
8,33,91,1,MCC
8,33,92,0.09,MCC
8,33,93,0.01,MCC
8,33,94,0.065,MCC
8,33,95,0.365,MCC
8,33,96,0.995,MCC
8,33,97,0.955,MCC
8,33,98,1,MCC
8,33,99,1,MCC
6,47,51,1,CS
6,47,52,0.77,CS
6,47,53,0.935,CS
6,47,54,1,CS
6,47,55,0.745,CS
6,47,56,0.99,CS
6,47,57,1,CS
6,47,58,1,CS
6,47,59,0.58,CS
6,47,60,1,CS
6,47,61,0.95,CS
6,47,62,1,CS
6,47,63,1,CS
6,47,64,1,CS
6,47,65,0.535,CS
6,47,66,0.995,CS
6,47,67,0.695,CS
6,47,68,1,CS
6,47,69,1,CS
6,47,70,0.995,CS
6,47,71,1,CS
6,47,72,0.54,CS
6,47,73,1,CS
6,47,74,1,CS
6,47,75,1,CS
6,47,76,1,CS
6,47,77,1,CS
6,47,78,0.995,CS
6,47,79,0.975,CS
6,47,80,1,CS
6,47,51,NA,MCC
6,47,52,0.01,MCC
6,47,53,0.02,MCC
6,47,54,0.09,MCC
6,47,55,0.315,MCC
6,47,56,0.995,MCC
6,47,57,0.975,MCC
6,47,58,1,MCC
6,47,59,0.04,MCC
6,47,60,0.24,MCC
6,47,61,1,MCC
6,47,62,1,MCC
6,47,63,0.95,MCC
6,47,64,1,MCC
6,47,65,1,MCC
6,47,66,0.02,MCC
6,47,67,0.02,MCC
6,47,68,0.045,MCC
6,47,69,0.015,MCC
6,47,70,0.035,MCC
6,47,71,0.135,MCC
6,47,72,0.26,MCC
6,47,73,0.06,MCC
6,47,74,1,MCC
6,47,75,1,MCC
6,47,76,1,MCC
6,47,77,0.375,MCC
6,47,78,0.77,MCC
6,47,79,0.935,MCC
6,47,80,1,MCC
6,47,81,0.745,MCC
6,47,82,0.99,MCC
6,47,83,1,MCC
6,47,84,1,MCC
6,47,85,1,MCC
6,47,86,0.125,MCC
6,47,87,0.535,MCC
6,47,88,0.995,MCC
6,47,89,0.695,MCC
6,47,90,0.46,MCC
6,47,91,0.025,MCC
6,47,92,0.06,MCC
6,47,93,0.38,MCC
6,47,94,1,MCC
6,47,95,1,MCC
6,47,96,1,MCC
6,47,97,0.995,MCC
6,47,98,0.46,MCC
6,47,99,1,MCC
9,33,51,1,CS
9,33,52,1,CS
9,33,53,0.71,CS
9,33,54,1,CS
9,33,55,1,CS
9,33,56,0.535,CS
9,33,57,1,CS
9,33,58,0.995,CS
9,33,59,1,CS
9,33,60,0.995,CS
9,33,61,1,CS
9,33,62,0.685,CS
9,33,63,0.905,CS
9,33,64,1,CS
9,33,65,1,CS
9,33,66,0.965,CS
9,33,67,1,CS
9,33,68,0.99,CS
9,33,69,1,CS
9,33,51,NA,MCC
9,33,52,0.005,MCC
9,33,53,0.005,MCC
9,33,54,0.1,MCC
9,33,55,0.015,MCC
9,33,56,0.255,MCC
9,33,57,1,MCC
9,33,58,0.045,MCC
9,33,59,0.005,MCC
9,33,60,0.005,MCC
9,33,61,0.005,MCC
9,33,62,0.07,MCC
9,33,63,0.155,MCC
9,33,64,1,MCC
9,33,65,1,MCC
9,33,66,0.005,MCC
9,33,67,0.02,MCC
9,33,68,0.03,MCC
9,33,69,0.045,MCC
9,33,70,1,MCC
9,33,71,0.965,MCC
9,33,72,0.005,MCC
9,33,73,0.005,MCC
9,33,74,0.02,MCC
9,33,75,0.025,MCC
9,33,76,0.395,MCC
9,33,77,0.535,MCC
9,33,78,1,MCC
9,33,79,0.21,MCC
9,33,80,0.01,MCC
9,33,81,0.995,MCC
9,33,82,1,MCC
9,33,83,0.06,MCC
9,33,84,0.01,MCC
9,33,85,0.075,MCC
9,33,86,0.99,MCC
9,33,87,0.32,MCC
9,33,88,0.19,MCC
9,33,89,1,MCC
9,33,90,0.185,MCC
9,33,91,1,MCC
9,33,92,1,MCC
9,33,93,0.005,MCC
9,33,94,0.025,MCC
9,33,95,0.035,MCC
9,33,96,0.685,MCC
9,33,97,0.905,MCC
9,33,98,0.995,MCC
9,33,99,1,MCC
8,2,51,1,CS
8,2,52,0.975,CS
8,2,53,1,CS
8,2,54,0.975,CS
8,2,55,0.945,CS
8,2,56,1,CS
8,2,57,0.85,CS
8,2,58,0.57,CS
8,2,59,0.855,CS
8,2,60,0.895,CS
8,2,61,0.995,CS
8,2,62,1,CS
8,2,63,1,CS
8,2,64,1,CS
8,2,65,0.85,CS
8,2,66,0.905,CS
8,2,67,0.51,CS
8,2,68,1,CS
8,2,69,1,CS
8,2,70,1,CS
8,2,71,1,CS
8,2,72,0.66,CS
8,2,73,1,CS
6,6,51,1,CS
6,6,52,0.995,CS
6,6,53,1,CS
6,6,54,0.995,CS
6,6,55,0.77,CS
6,6,56,1,CS
6,6,57,0.92,CS
6,6,58,0.635,CS
6,6,59,1,CS
6,6,60,1,CS
6,6,61,1,CS
6,6,62,0.78,CS
6,6,63,1,CS
6,6,64,0.93,CS
6,6,65,0.99,CS
6,6,66,0.535,CS
6,6,67,1,CS
6,6,68,1,CS
6,6,69,1,CS
6,6,70,0.975,CS
6,6,71,0.625,CS
6,6,72,1,CS
6,6,73,1,CS
6,6,74,1,CS
6,6,75,0.72,CS
6,6,76,1,CS
6,6,77,0.98,CS
6,6,78,1,CS
6,6,79,0.755,CS
6,6,51,NA,MCC
6,6,52,0.24,MCC
6,6,53,0.015,MCC
6,6,54,0.045,MCC
6,6,55,0.01,MCC
6,6,56,0.125,MCC
6,6,57,0.1,MCC
6,6,58,0.34,MCC
6,6,59,0.975,MCC
6,6,60,0.625,MCC
6,6,61,1,MCC
6,6,62,0.92,MCC
6,6,63,0.635,MCC
6,6,64,0.28,MCC
6,6,65,1,MCC
6,6,66,1,MCC
6,6,67,1,MCC
6,6,68,0.395,MCC
6,6,69,0.48,MCC
6,6,70,0.005,MCC
6,6,71,0.98,MCC
6,6,72,0.005,MCC
6,6,73,0.05,MCC
6,6,74,1,MCC
6,6,75,0.22,MCC
6,6,76,0.72,MCC
6,6,77,1,MCC
6,6,78,1,MCC
6,6,79,1,MCC
6,6,80,0.055,MCC
6,6,81,0.035,MCC
6,6,82,0.755,MCC
6,6,83,0.5,MCC
6,6,84,0.055,MCC
6,6,85,0.99,MCC
6,6,86,0.535,MCC
6,6,87,1,MCC
6,6,88,1,MCC
6,6,89,1,MCC
6,6,90,1,MCC
6,6,91,0.4,MCC
6,6,92,0.93,MCC
6,6,93,0.995,MCC
6,6,94,0.305,MCC
6,6,95,0.77,MCC
6,6,96,1,MCC
6,6,97,0.22,MCC
6,6,98,1,MCC
6,6,99,0.995,MCC
8,2,51,NA,MCC
8,2,52,0.015,MCC
8,2,53,0.03,MCC
8,2,54,0.02,MCC
8,2,55,0.055,MCC
8,2,56,0.2,MCC
8,2,57,0.125,MCC
8,2,58,1,MCC
8,2,59,0.66,MCC
8,2,60,0.04,MCC
8,2,61,1,MCC
8,2,62,0.895,MCC
8,2,63,0.995,MCC
8,2,64,1,MCC
8,2,65,0.005,MCC
8,2,66,0.055,MCC
8,2,67,0.04,MCC
8,2,68,0.16,MCC
8,2,69,0.005,MCC
8,2,70,0.005,MCC
8,2,71,0.34,MCC
8,2,72,0.005,MCC
8,2,73,0.005,MCC
8,2,74,0.85,MCC
8,2,75,0.905,MCC
8,2,76,0.035,MCC
8,2,77,0.975,MCC
8,2,78,1,MCC
8,2,79,1,MCC
8,2,80,0.975,MCC
8,2,81,0.945,MCC
8,2,82,0.005,MCC
8,2,83,0.015,MCC
8,2,84,1,MCC
8,2,85,0.035,MCC
8,2,86,0.235,MCC
8,2,87,1,MCC
8,2,88,1,MCC
8,2,89,0.46,MCC
8,2,90,0.245,MCC
8,2,91,1,MCC
8,2,92,0.85,MCC
8,2,93,0.57,MCC
8,2,94,0.855,MCC
8,2,95,0.135,MCC
8,2,96,0.09,MCC
8,2,97,0.125,MCC
8,2,98,0.265,MCC
8,2,99,1,MCC
7,47,51,1,CS
7,47,52,0.79,CS
7,47,53,1,CS
7,47,54,0.505,CS
7,47,55,1,CS
7,47,56,0.92,CS
7,47,57,1,CS
7,47,58,0.65,CS
7,47,59,0.99,CS
7,47,60,0.55,CS
7,47,61,1,CS
7,47,62,1,CS
7,47,63,1,CS
7,47,64,1,CS
7,47,65,1,CS
7,47,66,1,CS
7,47,67,1,CS
7,47,68,0.945,CS
7,47,69,0.905,CS
7,47,70,0.535,CS
7,47,71,1,CS
7,47,72,1,CS
7,47,73,1,CS
7,47,74,1,CS
7,47,75,1,CS
7,47,76,1,CS
7,47,77,1,CS
1,16,51,1,CS
1,16,52,0.99,CS
1,16,53,1,CS
1,16,54,1,CS
1,16,55,1,CS
1,16,56,1,CS
1,16,57,0.955,CS
1,16,58,1,CS
1,16,59,1,CS
1,16,60,0.74,CS
1,16,61,1,CS
1,16,62,1,CS
1,16,63,1,CS
1,16,64,0.96,CS
1,16,65,0.98,CS
1,16,66,0.995,CS
1,16,67,1,CS
1,16,68,1,CS
1,16,69,1,CS
1,16,70,1,CS
1,16,71,1,CS
1,16,72,1,CS
1,16,73,1,CS
1,16,74,0.98,CS
1,16,75,1,CS
1,16,76,1,CS
1,16,77,1,CS
1,16,78,1,CS
1,16,79,1,CS
1,16,80,1,CS
1,16,81,1,CS
1,16,82,1,CS
1,16,83,1,CS
1,16,84,1,CS
1,16,85,0.945,CS
1,16,86,0.54,CS
1,16,87,0.85,CS
1,16,88,1,CS
1,16,89,0.99,CS
1,16,90,0.985,CS
1,16,91,1,CS
1,16,92,1,CS
1,16,93,1,CS
1,16,94,1,CS
1,16,95,1,CS
1,16,96,0.91,CS
1,34,51,1,CS
1,34,52,0.935,CS
1,34,53,0.995,CS
1,34,54,1,CS
1,34,55,1,CS
1,34,56,1,CS
1,34,57,1,CS
1,34,58,1,CS
1,34,59,1,CS
1,34,60,1,CS
1,34,61,1,CS
1,34,62,0.715,CS
1,34,63,1,CS
1,34,64,1,CS
1,34,65,1,CS
1,34,66,1,CS
1,34,67,1,CS
1,34,68,0.985,CS
1,34,69,1,CS
1,34,70,1,CS
1,34,71,1,CS
1,34,72,1,CS
1,34,73,1,CS
1,34,74,0.55,CS
1,34,75,1,CS
1,34,76,1,CS
1,34,77,1,CS
1,34,78,1,CS
1,34,79,1,CS
1,34,80,0.675,CS
1,34,81,1,CS
1,34,82,1,CS
1,34,83,1,CS
1,34,84,1,CS
1,34,85,1,CS
1,34,86,0.77,CS
1,34,87,1,CS
1,34,88,1,CS
1,34,89,1,CS
1,34,90,1,CS
1,34,91,1,CS
1,34,92,1,CS
1,34,93,1,CS
1,34,94,1,CS
1,34,95,1,CS
1,34,96,1,CS
1,34,97,1,CS
1,34,51,NA,MCC
1,34,52,0.37,MCC
1,34,53,0.375,MCC
1,34,54,0.935,MCC
1,34,55,0.715,MCC
1,34,56,1,MCC
1,34,57,1,MCC
1,34,58,1,MCC
1,34,59,0.995,MCC
1,34,60,1,MCC
1,34,61,1,MCC
1,34,62,1,MCC
1,34,63,1,MCC
1,34,64,1,MCC
1,34,65,1,MCC
1,34,66,1,MCC
1,34,67,1,MCC
1,34,68,0.675,MCC
1,34,69,1,MCC
1,34,70,1,MCC
1,34,71,1,MCC
1,34,72,1,MCC
1,34,73,1,MCC
1,34,74,0.77,MCC
1,34,75,1,MCC
1,34,76,1,MCC
1,34,77,1,MCC
1,34,78,1,MCC
1,34,79,1,MCC
1,34,80,1,MCC
1,34,81,1,MCC
1,34,82,0.55,MCC
1,34,83,1,MCC
1,34,84,1,MCC
1,34,85,1,MCC
1,34,86,1,MCC
1,34,87,1,MCC
1,34,88,1,MCC
1,34,89,0.985,MCC
1,34,90,1,MCC
1,34,91,1,MCC
1,34,92,1,MCC
1,34,93,1,MCC
1,34,94,1,MCC
1,34,95,1,MCC
1,34,96,1,MCC
1,34,97,1,MCC
1,34,98,1,MCC
1,34,99,1,MCC
7,47,51,NA,MCC
7,47,52,0.02,MCC
7,47,53,0.035,MCC
7,47,54,0.01,MCC
7,47,55,0.005,MCC
7,47,56,0.22,MCC
7,47,57,1,MCC
7,47,58,1,MCC
7,47,59,0.35,MCC
7,47,60,0.41,MCC
7,47,61,0.065,MCC
7,47,62,1,MCC
7,47,63,0.035,MCC
7,47,64,0.02,MCC
7,47,65,0.035,MCC
7,47,66,1,MCC
7,47,67,1,MCC
7,47,68,1,MCC
7,47,69,1,MCC
7,47,70,0.79,MCC
7,47,71,1,MCC
7,47,72,0.505,MCC
7,47,73,1,MCC
7,47,74,0.92,MCC
7,47,75,1,MCC
7,47,76,1,MCC
7,47,77,1,MCC
7,47,78,0.01,MCC
7,47,79,0.17,MCC
7,47,80,0.03,MCC
7,47,81,0.045,MCC
7,47,82,0.02,MCC
7,47,83,0.065,MCC
7,47,84,0.65,MCC
7,47,85,1,MCC
7,47,86,0.99,MCC
7,47,87,0.55,MCC
7,47,88,1,MCC
7,47,89,1,MCC
7,47,90,0.08,MCC
7,47,91,0.18,MCC
7,47,92,1,MCC
7,47,93,0.045,MCC
7,47,94,0.12,MCC
7,47,95,0.075,MCC
7,47,96,0.945,MCC
7,47,97,0.535,MCC
7,47,98,0.905,MCC
7,47,99,1,MCC
1,16,51,NA,MCC
1,16,52,0.99,MCC
1,16,53,0.18,MCC
1,16,54,1,MCC
1,16,55,1,MCC
1,16,56,1,MCC
1,16,57,0.96,MCC
1,16,58,0.98,MCC
1,16,59,1,MCC
1,16,60,1,MCC
1,16,61,1,MCC
1,16,62,0.955,MCC
1,16,63,1,MCC
1,16,64,1,MCC
1,16,65,0.74,MCC
1,16,66,1,MCC
1,16,67,1,MCC
1,16,68,1,MCC
1,16,69,0.195,MCC
1,16,70,0.995,MCC
1,16,71,1,MCC
1,16,72,1,MCC
1,16,73,0.98,MCC
1,16,74,1,MCC
1,16,75,1,MCC
1,16,76,1,MCC
1,16,77,1,MCC
1,16,78,1,MCC
1,16,79,0.4,MCC
1,16,80,1,MCC
1,16,81,1,MCC
1,16,82,1,MCC
1,16,83,1,MCC
1,16,84,1,MCC
1,16,85,1,MCC
1,16,86,1,MCC
1,16,87,1,MCC
1,16,88,1,MCC
1,16,89,1,MCC
1,16,90,0.91,MCC
1,16,91,0.945,MCC
1,16,92,0.54,MCC
1,16,93,0.85,MCC
1,16,94,1,MCC
1,16,95,0.99,MCC
1,16,96,0.985,MCC
1,16,97,1,MCC
1,16,98,1,MCC
1,16,99,1,MCC
8,47,51,1,CS
8,47,52,0.825,CS
8,47,53,1,CS
8,47,54,0.92,CS
8,47,55,0.84,CS
8,47,56,1,CS
8,47,57,1,CS
8,47,58,1,CS
8,47,59,1,CS
8,47,60,0.99,CS
8,47,61,1,CS
8,47,62,0.8,CS
8,47,63,1,CS
8,47,64,1,CS
8,47,65,1,CS
8,47,66,1,CS
8,47,67,1,CS
8,47,68,0.675,CS
8,47,69,1,CS
8,47,70,1,CS
8,47,71,1,CS
8,47,72,1,CS
8,47,73,1,CS
8,47,74,0.955,CS
8,47,51,NA,MCC
8,47,52,0.005,MCC
8,47,53,0.005,MCC
8,47,54,0.005,MCC
8,47,55,0.23,MCC
8,47,56,0.415,MCC
8,47,57,0.355,MCC
8,47,58,1,MCC
8,47,59,1,MCC
8,47,60,1,MCC
8,47,61,0.005,MCC
8,47,62,0.045,MCC
8,47,63,0.365,MCC
8,47,64,0.955,MCC
8,47,65,0.8,MCC
8,47,66,1,MCC
8,47,67,1,MCC
8,47,68,1,MCC
8,47,69,0.015,MCC
8,47,70,0.345,MCC
8,47,71,1,MCC
8,47,72,0.1,MCC
8,47,73,1,MCC
8,47,74,1,MCC
8,47,75,1,MCC
8,47,76,1,MCC
8,47,77,1,MCC
8,47,78,0.99,MCC
8,47,79,0.025,MCC
8,47,80,0.175,MCC
8,47,81,0.825,MCC
8,47,82,1,MCC
8,47,83,0.92,MCC
8,47,84,0.84,MCC
8,47,85,1,MCC
8,47,86,1,MCC
8,47,87,0.11,MCC
8,47,88,0.12,MCC
8,47,89,1,MCC
8,47,90,0.005,MCC
8,47,91,0.005,MCC
8,47,92,0.005,MCC
8,47,93,0.06,MCC
8,47,94,0.36,MCC
8,47,95,0.675,MCC
8,47,96,0.375,MCC
8,47,97,0.005,MCC
8,47,98,0.01,MCC
8,47,99,0.035,MCC
7,6,51,1,CS
7,6,52,1,CS
7,6,53,0.655,CS
7,6,54,0.88,CS
7,6,55,1,CS
7,6,56,0.995,CS
7,6,57,1,CS
7,6,58,1,CS
7,6,59,1,CS
7,6,60,0.56,CS
7,6,61,0.96,CS
7,6,62,1,CS
7,6,63,1,CS
7,6,64,0.995,CS
7,6,65,1,CS
7,6,66,1,CS
7,6,67,0.975,CS
7,6,68,1,CS
7,6,69,0.98,CS
7,6,70,0.645,CS
7,6,71,1,CS
7,6,72,1,CS
7,6,73,0.605,CS
7,6,51,NA,MCC
7,6,52,0.015,MCC
7,6,53,0.005,MCC
7,6,54,0.005,MCC
7,6,55,0.05,MCC
7,6,56,1,MCC
7,6,57,0.29,MCC
7,6,58,1,MCC
7,6,59,0.02,MCC
7,6,60,0.045,MCC
7,6,61,0.09,MCC
7,6,62,0.43,MCC
7,6,63,1,MCC
7,6,64,0.27,MCC
7,6,65,0.605,MCC
7,6,66,0.185,MCC
7,6,67,1,MCC
7,6,68,0.995,MCC
7,6,69,0.96,MCC
7,6,70,1,MCC
7,6,71,0.035,MCC
7,6,72,0.085,MCC
7,6,73,1,MCC
7,6,74,0.995,MCC
7,6,75,1,MCC
7,6,76,0.28,MCC
7,6,77,0.005,MCC
7,6,78,0.015,MCC
7,6,79,1,MCC
7,6,80,1,MCC
7,6,81,0.98,MCC
7,6,82,0.01,MCC
7,6,83,0.37,MCC
7,6,84,0.165,MCC
7,6,85,0.105,MCC
7,6,86,0.19,MCC
7,6,87,1,MCC
7,6,88,0.655,MCC
7,6,89,0.88,MCC
7,6,90,0.12,MCC
7,6,91,0.135,MCC
7,6,92,0.16,MCC
7,6,93,0.125,MCC
7,6,94,1,MCC
7,6,95,0.185,MCC
7,6,96,0.975,MCC
7,6,97,1,MCC
7,6,98,0.29,MCC
7,6,99,0.645,MCC
9,47,51,1,CS
9,47,52,0.58,CS
9,47,53,0.575,CS
9,47,54,0.67,CS
9,47,55,1,CS
9,47,56,1,CS
9,47,57,1,CS
9,47,58,0.995,CS
9,47,59,0.99,CS
9,47,60,0.59,CS
9,47,61,0.865,CS
9,47,62,1,CS
9,47,63,1,CS
9,47,64,1,CS
9,47,65,1,CS
9,47,66,0.83,CS
9,47,67,1,CS
9,47,68,0.635,CS
9,47,69,1,CS
9,47,70,0.58,CS
9,47,71,1,CS
9,47,72,1,CS
9,47,73,1,CS
9,47,74,1,CS
9,47,75,0.775,CS
9,47,51,NA,MCC
9,47,52,0.005,MCC
9,47,53,0.005,MCC
9,47,54,0.005,MCC
9,47,55,0.005,MCC
9,47,56,0.005,MCC
9,47,57,0.005,MCC
9,47,58,0.08,MCC
9,47,59,0.36,MCC
9,47,60,0.015,MCC
9,47,61,0.39,MCC
9,47,62,0.205,MCC
9,47,63,1,MCC
9,47,64,0.005,MCC
9,47,65,0.06,MCC
9,47,66,0.58,MCC
9,47,67,0.5,MCC
9,47,68,1,MCC
9,47,69,0.575,MCC
9,47,70,0.67,MCC
9,47,71,1,MCC
9,47,72,1,MCC
9,47,73,0.005,MCC
9,47,74,0.14,MCC
9,47,75,0.005,MCC
9,47,76,0.02,MCC
9,47,77,0.995,MCC
9,47,78,0.99,MCC
9,47,79,0.59,MCC
9,47,80,1,MCC
9,47,81,0.865,MCC
9,47,82,1,MCC
9,47,83,0.005,MCC
9,47,84,0.065,MCC
9,47,85,0.58,MCC
9,47,86,1,MCC
9,47,87,0.015,MCC
9,47,88,0.32,MCC
9,47,89,0.775,MCC
9,47,90,1,MCC
9,47,91,0.635,MCC
9,47,92,1,MCC
9,47,93,0.105,MCC
9,47,94,0.05,MCC
9,47,95,1,MCC
9,47,96,1,MCC
9,47,97,1,MCC
9,47,98,1,MCC
9,47,99,0.83,MCC
9,2,51,1,CS
9,2,52,1,CS
9,2,53,0.64,CS
9,2,54,0.775,CS
9,2,55,1,CS
9,2,56,0.99,CS
9,2,57,1,CS
9,2,58,1,CS
9,2,59,1,CS
9,2,60,0.535,CS
9,2,61,1,CS
9,2,62,1,CS
9,2,63,0.97,CS
9,2,64,1,CS
9,2,65,1,CS
9,2,66,0.55,CS
9,2,51,NA,MCC
9,2,52,0.005,MCC
9,2,53,0.005,MCC
9,2,54,0.01,MCC
9,2,55,0.065,MCC
9,2,56,0.97,MCC
9,2,57,0.03,MCC
9,2,58,0.01,MCC
9,2,59,0.035,MCC
9,2,60,1,MCC
9,2,61,0.005,MCC
9,2,62,0.015,MCC
9,2,63,1,MCC
9,2,64,0.29,MCC
9,2,65,1,MCC
9,2,66,1,MCC
9,2,67,0.005,MCC
9,2,68,0.005,MCC
9,2,69,0.005,MCC
9,2,70,0.005,MCC
9,2,71,0.005,MCC
9,2,72,0.005,MCC
9,2,73,0.01,MCC
9,2,74,0.005,MCC
9,2,75,0.01,MCC
9,2,76,0.125,MCC
9,2,77,0.09,MCC
9,2,78,0.065,MCC
9,2,79,0.04,MCC
9,2,80,0.55,MCC
9,2,81,0.195,MCC
9,2,82,0.535,MCC
9,2,83,1,MCC
9,2,84,0.99,MCC
9,2,85,0.39,MCC
9,2,86,1,MCC
9,2,87,0.025,MCC
9,2,88,0.495,MCC
9,2,89,0.26,MCC
9,2,90,0.005,MCC
9,2,91,0.355,MCC
9,2,92,0.16,MCC
9,2,93,1,MCC
9,2,94,0.04,MCC
9,2,95,0.215,MCC
9,2,96,1,MCC
9,2,97,0.08,MCC
9,2,98,0.46,MCC
9,2,99,1,MCC
1,48,51,1,CS
1,48,52,0.505,CS
1,48,53,0.99,CS
1,48,54,1,CS
1,48,55,1,CS
1,48,56,0.89,CS
1,48,57,1,CS
1,48,58,1,CS
1,48,59,1,CS
1,48,60,1,CS
1,48,61,1,CS
1,48,62,1,CS
1,48,63,0.995,CS
1,48,64,0.93,CS
1,48,65,1,CS
1,48,66,1,CS
1,48,67,0.99,CS
1,48,68,1,CS
1,48,69,1,CS
1,48,70,1,CS
1,48,71,1,CS
1,48,72,1,CS
1,48,73,1,CS
1,48,74,1,CS
1,48,75,0.54,CS
1,48,76,1,CS
1,48,77,1,CS
1,48,78,1,CS
1,48,79,1,CS
1,48,80,1,CS
1,48,81,1,CS
1,48,82,1,CS
1,48,83,1,CS
1,48,84,0.995,CS
1,48,85,1,CS
1,48,86,1,CS
1,48,87,1,CS
1,48,88,0.975,CS
1,48,89,1,CS
1,48,90,1,CS
1,48,91,0.53,CS
1,48,92,1,CS
1,48,93,1,CS
1,48,94,1,CS
1,48,95,1,CS
1,48,96,1,CS
1,48,51,NA,MCC
1,48,52,0.26,MCC
1,48,53,0.54,MCC
1,48,54,1,MCC
1,48,55,0.53,MCC
1,48,56,1,MCC
1,48,57,1,MCC
1,48,58,1,MCC
1,48,59,0.975,MCC
1,48,60,1,MCC
1,48,61,1,MCC
1,48,62,1,MCC
1,48,63,0.995,MCC
1,48,64,1,MCC
1,48,65,1,MCC
1,48,66,1,MCC
1,48,67,1,MCC
1,48,68,1,MCC
1,48,69,1,MCC
1,48,70,1,MCC
1,48,71,1,MCC
1,48,72,0.475,MCC
1,48,73,1,MCC
1,48,74,1,MCC
1,48,75,1,MCC
1,48,76,0.505,MCC
1,48,77,0.99,MCC
1,48,78,0.485,MCC
1,48,79,1,MCC
1,48,80,1,MCC
1,48,81,0.89,MCC
1,48,82,1,MCC
1,48,83,1,MCC
1,48,84,1,MCC
1,48,85,1,MCC
1,48,86,1,MCC
1,48,87,1,MCC
1,48,88,0.995,MCC
1,48,89,0.93,MCC
1,48,90,1,MCC
1,48,91,1,MCC
1,48,92,0.99,MCC
1,48,93,1,MCC
1,48,94,1,MCC
1,48,95,1,MCC
1,48,96,1,MCC
1,48,97,1,MCC
1,48,98,1,MCC
1,48,99,1,MCC
8,6,51,1,CS
8,6,52,0.85,CS
8,6,53,1,CS
8,6,54,0.69,CS
8,6,55,1,CS
8,6,56,0.995,CS
8,6,57,0.56,CS
8,6,58,1,CS
8,6,59,0.98,CS
8,6,60,0.66,CS
8,6,61,0.9,CS
8,6,62,0.98,CS
8,6,63,1,CS
8,6,64,1,CS
8,6,65,1,CS
8,6,66,1,CS
8,6,67,1,CS
8,6,68,1,CS
8,6,69,0.54,CS
8,6,51,NA,MCC
8,6,52,0.165,MCC
8,6,53,0.015,MCC
8,6,54,0.005,MCC
8,6,55,0.41,MCC
8,6,56,0.22,MCC
8,6,57,1,MCC
8,6,58,0.005,MCC
8,6,59,0.005,MCC
8,6,60,0.005,MCC
8,6,61,0.015,MCC
8,6,62,0.035,MCC
8,6,63,0.06,MCC
8,6,64,0.28,MCC
8,6,65,0.54,MCC
8,6,66,0.02,MCC
8,6,67,0.98,MCC
8,6,68,0.66,MCC
8,6,69,0.9,MCC
8,6,70,0.04,MCC
8,6,71,0.01,MCC
8,6,72,0.075,MCC
8,6,73,0.01,MCC
8,6,74,0.39,MCC
8,6,75,1,MCC
8,6,76,1,MCC
8,6,77,0.105,MCC
8,6,78,0.365,MCC
8,6,79,0.005,MCC
8,6,80,0.04,MCC
8,6,81,0.16,MCC
8,6,82,0.995,MCC
8,6,83,0.56,MCC
8,6,84,1,MCC
8,6,85,0.85,MCC
8,6,86,0.1,MCC
8,6,87,1,MCC
8,6,88,0.17,MCC
8,6,89,0.065,MCC
8,6,90,0.33,MCC
8,6,91,1,MCC
8,6,92,0.085,MCC
8,6,93,0.49,MCC
8,6,94,0.335,MCC
8,6,95,1,MCC
8,6,96,0.98,MCC
8,6,97,1,MCC
8,6,98,0.325,MCC
8,6,99,1,MCC
10,39,51,1,CS
10,39,52,0.88,CS
10,39,53,0.97,CS
10,39,54,0.98,CS
10,39,55,1,CS
10,39,56,1,CS
10,39,57,0.58,CS
10,39,58,1,CS
10,39,59,1,CS
10,39,60,1,CS
10,39,61,1,CS
10,39,62,1,CS
10,39,63,0.69,CS
10,39,64,1,CS
10,39,65,1,CS
10,39,66,1,CS
10,39,67,1,CS
10,39,68,1,CS
10,39,69,0.72,CS
10,39,70,0.99,CS
10,39,71,1,CS
10,39,72,1,CS
10,39,73,1,CS
10,39,74,1,CS
10,39,75,1,CS
10,39,76,1,CS
10,39,77,1,CS
10,39,78,0.97,CS
10,39,79,1,CS
10,39,51,NA,MCC
10,39,52,0.005,MCC
10,39,53,0.01,MCC
10,39,54,0.245,MCC
10,39,55,1,MCC
10,39,56,0.69,MCC
10,39,57,1,MCC
10,39,58,1,MCC
10,39,59,1,MCC
10,39,60,1,MCC
10,39,61,0.07,MCC
10,39,62,0.005,MCC
10,39,63,0.005,MCC
10,39,64,0.005,MCC
10,39,65,0.025,MCC
10,39,66,0.24,MCC
10,39,67,1,MCC
10,39,68,1,MCC
10,39,69,0.08,MCC
10,39,70,0.415,MCC
10,39,71,1,MCC
10,39,72,0.99,MCC
10,39,73,1,MCC
10,39,74,0.005,MCC
10,39,75,0.025,MCC
10,39,76,0.97,MCC
10,39,77,1,MCC
10,39,78,1,MCC
10,39,79,0.005,MCC
10,39,80,0.05,MCC
10,39,81,0.04,MCC
10,39,82,0.495,MCC
10,39,83,0.075,MCC
10,39,84,0.58,MCC
10,39,85,1,MCC
10,39,86,1,MCC
10,39,87,1,MCC
10,39,88,1,MCC
10,39,89,0.38,MCC
10,39,90,1,MCC
10,39,91,0.72,MCC
10,39,92,0.88,MCC
10,39,93,0.97,MCC
10,39,94,0.98,MCC
10,39,95,1,MCC
10,39,96,1,MCC
10,39,97,0.25,MCC
10,39,98,1,MCC
10,39,99,1,MCC
1,20,51,1,CS
1,20,52,0.505,CS
1,20,53,1,CS
1,20,54,1,CS
1,20,55,1,CS
1,20,56,1,CS
1,20,57,1,CS
1,20,58,0.91,CS
1,20,59,1,CS
1,20,60,0.825,CS
1,20,61,1,CS
1,20,62,1,CS
1,20,63,1,CS
1,20,64,1,CS
1,20,65,1,CS
1,20,66,1,CS
1,20,67,1,CS
1,20,68,1,CS
1,20,69,1,CS
1,20,70,1,CS
1,20,71,1,CS
1,20,72,1,CS
1,20,73,1,CS
1,20,74,1,CS
1,20,75,0.99,CS
1,20,76,1,CS
1,20,77,0.93,CS
1,20,78,1,CS
1,20,79,0.975,CS
1,20,80,1,CS
1,20,81,0.97,CS
1,20,82,1,CS
1,20,83,1,CS
1,20,84,1,CS
1,20,85,0.81,CS
1,20,86,1,CS
1,20,87,1,CS
1,20,88,1,CS
1,20,89,1,CS
1,20,90,1,CS
1,20,91,1,CS
1,20,51,NA,MCC
1,20,52,0.34,MCC
1,20,53,0.335,MCC
1,20,54,0.505,MCC
1,20,55,0.405,MCC
1,20,56,0.825,MCC
1,20,57,1,MCC
1,20,58,1,MCC
1,20,59,1,MCC
1,20,60,1,MCC
1,20,61,1,MCC
1,20,62,1,MCC
1,20,63,1,MCC
1,20,64,0.91,MCC
1,20,65,1,MCC
1,20,66,0.425,MCC
1,20,67,1,MCC
1,20,68,0.97,MCC
1,20,69,1,MCC
1,20,70,1,MCC
1,20,71,1,MCC
1,20,72,0.81,MCC
1,20,73,1,MCC
1,20,74,0.41,MCC
1,20,75,1,MCC
1,20,76,0.48,MCC
1,20,77,0.99,MCC
1,20,78,1,MCC
1,20,79,0.44,MCC
1,20,80,0.93,MCC
1,20,81,1,MCC
1,20,82,0.975,MCC
1,20,83,1,MCC
1,20,84,1,MCC
1,20,85,1,MCC
1,20,86,1,MCC
1,20,87,1,MCC
1,20,88,1,MCC
1,20,89,0.41,MCC
1,20,90,1,MCC
1,20,91,1,MCC
1,20,92,1,MCC
1,20,93,1,MCC
1,20,94,1,MCC
1,20,95,1,MCC
1,20,96,1,MCC
1,20,97,1,MCC
1,20,98,1,MCC
1,20,99,1,MCC
9,6,51,1,CS
9,6,52,0.555,CS
9,6,53,0.945,CS
9,6,54,1,CS
9,6,55,1,CS
9,6,56,1,CS
9,6,57,0.725,CS
9,6,58,0.835,CS
9,6,59,0.905,CS
9,6,60,1,CS
9,6,61,1,CS
9,6,62,1,CS
9,6,63,1,CS
9,6,64,0.995,CS
9,6,65,0.505,CS
9,6,66,1,CS
9,6,67,0.82,CS
9,6,68,1,CS
9,6,69,1,CS
9,6,70,0.54,CS
9,6,71,0.565,CS
9,6,51,NA,MCC
9,6,52,0.005,MCC
9,6,53,0.005,MCC
9,6,54,0.005,MCC
9,6,55,0.03,MCC
9,6,56,0.375,MCC
9,6,57,1,MCC
9,6,58,1,MCC
9,6,59,0.005,MCC
9,6,60,0.015,MCC
9,6,61,0.065,MCC
9,6,62,0.105,MCC
9,6,63,0.505,MCC
9,6,64,1,MCC
9,6,65,1,MCC
9,6,66,0.995,MCC
9,6,67,0.165,MCC
9,6,68,1,MCC
9,6,69,0.035,MCC
9,6,70,0.565,MCC
9,6,71,0.005,MCC
9,6,72,0.005,MCC
9,6,73,0.06,MCC
9,6,74,0.15,MCC
9,6,75,0.82,MCC
9,6,76,0.285,MCC
9,6,77,0.555,MCC
9,6,78,0.945,MCC
9,6,79,1,MCC
9,6,80,1,MCC
9,6,81,0.24,MCC
9,6,82,0.005,MCC
9,6,83,0.035,MCC
9,6,84,0.01,MCC
9,6,85,0.01,MCC
9,6,86,0.35,MCC
9,6,87,0.835,MCC
9,6,88,0.905,MCC
9,6,89,1,MCC
9,6,90,0.095,MCC
9,6,91,0.03,MCC
9,6,92,0.155,MCC
9,6,93,0.2,MCC
9,6,94,0.015,MCC
9,6,95,0.085,MCC
9,6,96,1,MCC
9,6,97,1,MCC
9,6,98,0.415,MCC
9,6,99,0.725,MCC
1,7,51,1,CS
1,7,52,1,CS
1,7,53,1,CS
1,7,54,1,CS
1,7,55,1,CS
1,7,56,1,CS
1,7,57,1,CS
1,7,58,1,CS
1,7,59,0.58,CS
1,7,60,1,CS
1,7,61,0.905,CS
1,7,62,1,CS
1,7,63,1,CS
1,7,64,1,CS
1,7,65,1,CS
1,7,66,1,CS
1,7,67,1,CS
1,7,68,1,CS
1,7,69,1,CS
1,7,70,1,CS
1,7,71,1,CS
1,7,72,1,CS
1,7,73,0.995,CS
1,7,74,1,CS
1,7,75,1,CS
1,7,76,0.9,CS
1,7,77,1,CS
1,7,78,1,CS
1,7,79,1,CS
1,7,80,1,CS
1,7,81,1,CS
1,7,82,0.86,CS
1,7,83,0.755,CS
1,7,84,0.825,CS
1,7,85,1,CS
1,7,86,0.99,CS
1,7,87,0.86,CS
1,7,88,1,CS
1,7,89,1,CS
1,7,90,1,CS
1,7,91,1,CS
1,7,92,1,CS
1,7,93,1,CS
1,7,94,1,CS
1,7,51,NA,MCC
1,7,52,1,MCC
1,7,53,0.5,MCC
1,7,54,1,MCC
1,7,55,0.86,MCC
1,7,56,1,MCC
1,7,57,1,MCC
1,7,58,1,MCC
1,7,59,0.485,MCC
1,7,60,1,MCC
1,7,61,1,MCC
1,7,62,0.58,MCC
1,7,63,1,MCC
1,7,64,1,MCC
1,7,65,1,MCC
1,7,66,1,MCC
1,7,67,1,MCC
1,7,68,1,MCC
1,7,69,0.485,MCC
1,7,70,0.905,MCC
1,7,71,1,MCC
1,7,72,1,MCC
1,7,73,1,MCC
1,7,74,1,MCC
1,7,75,1,MCC
1,7,76,1,MCC
1,7,77,0.325,MCC
1,7,78,1,MCC
1,7,79,0.29,MCC
1,7,80,1,MCC
1,7,81,1,MCC
1,7,82,0.9,MCC
1,7,83,1,MCC
1,7,84,1,MCC
1,7,85,0.995,MCC
1,7,86,1,MCC
1,7,87,1,MCC
1,7,88,0.755,MCC
1,7,89,1,MCC
1,7,90,0.825,MCC
1,7,91,1,MCC
1,7,92,0.99,MCC
1,7,93,0.86,MCC
1,7,94,1,MCC
1,7,95,1,MCC
1,7,96,1,MCC
1,7,97,1,MCC
1,7,98,1,MCC
1,7,99,1,MCC
10,11,51,1,CS
10,11,52,1,CS
10,11,53,1,CS
10,11,54,1,CS
10,11,55,1,CS
10,11,56,0.98,CS
10,11,57,1,CS
10,11,58,0.77,CS
10,11,59,1,CS
10,11,60,1,CS
10,11,61,1,CS
10,11,51,NA,MCC
10,11,52,0.01,MCC
10,11,53,0.02,MCC
10,11,54,0.005,MCC
10,11,55,0.005,MCC
10,11,56,0.005,MCC
10,11,57,0.005,MCC
10,11,58,0.005,MCC
10,11,59,0.005,MCC
10,11,60,0.025,MCC
10,11,61,0.03,MCC
10,11,62,1,MCC
10,11,63,0.025,MCC
10,11,64,1,MCC
10,11,65,0.035,MCC
10,11,66,1,MCC
10,11,67,0.19,MCC
10,11,68,0.005,MCC
10,11,69,0.005,MCC
10,11,70,0.045,MCC
10,11,71,0.15,MCC
10,11,72,0.005,MCC
10,11,73,0.025,MCC
10,11,74,0.005,MCC
10,11,75,0.02,MCC
10,11,76,0.005,MCC
10,11,77,0.005,MCC
10,11,78,0.005,MCC
10,11,79,0.005,MCC
10,11,80,0.18,MCC
10,11,81,0.77,MCC
10,11,82,1,MCC
10,11,83,1,MCC
10,11,84,0.005,MCC
10,11,85,0.025,MCC
10,11,86,0.36,MCC
10,11,87,1,MCC
10,11,88,0.005,MCC
10,11,89,0.03,MCC
10,11,90,1,MCC
10,11,91,0.025,MCC
10,11,92,0.005,MCC
10,11,93,0.005,MCC
10,11,94,0.005,MCC
10,11,95,0.025,MCC
10,11,96,0.005,MCC
10,11,97,0.03,MCC
10,11,98,1,MCC
10,11,99,0.98,MCC
10,43,51,1,CS
10,43,51,NA,MCC
10,43,52,0.005,MCC
10,43,53,0.005,MCC
10,43,54,0.005,MCC
10,43,55,0.005,MCC
10,43,56,0.005,MCC
10,43,57,0.005,MCC
10,43,58,0.005,MCC
10,43,59,0.005,MCC
10,43,60,0.025,MCC
10,43,61,0.02,MCC
10,43,62,0.005,MCC
10,43,63,0.005,MCC
10,43,64,0.005,MCC
10,43,65,0.015,MCC
10,43,66,0.015,MCC
10,43,67,0.005,MCC
10,43,68,0.005,MCC
10,43,69,0.02,MCC
10,43,70,0.005,MCC
10,43,71,0.03,MCC
10,43,72,0.02,MCC
10,43,73,0.01,MCC
10,43,74,0.02,MCC
10,43,75,0.005,MCC
10,43,76,0.005,MCC
10,43,77,0.005,MCC
10,43,78,0.005,MCC
10,43,79,0.005,MCC
10,43,80,0.02,MCC
10,43,81,0.025,MCC
10,43,82,0.02,MCC
10,43,83,0.015,MCC
10,43,84,0.005,MCC
10,43,85,0.005,MCC
10,43,86,0.015,MCC
10,43,87,0.025,MCC
10,43,88,0.005,MCC
10,43,89,0.01,MCC
10,43,90,0.03,MCC
10,43,91,0.005,MCC
10,43,92,0.01,MCC
10,43,93,0.005,MCC
10,43,94,0.005,MCC
10,43,95,0.005,MCC
10,43,96,0.025,MCC
10,43,97,0.005,MCC
10,43,98,0.03,MCC
10,43,99,0.01,MCC
10,3,51,1,CS
10,3,52,0.51,CS
10,3,53,1,CS
10,3,54,1,CS
10,3,55,1,CS
10,3,56,1,CS
10,3,57,1,CS
10,3,58,0.99,CS
10,3,59,1,CS
10,3,60,1,CS
10,3,61,1,CS
10,3,62,1,CS
10,3,63,1,CS
10,3,64,0.88,CS
10,3,65,1,CS
10,3,66,1,CS
10,3,67,1,CS
10,3,68,0.94,CS
10,3,69,1,CS
10,3,70,1,CS
10,3,71,1,CS
10,3,72,0.69,CS
10,3,73,0.98,CS
10,3,74,0.6,CS
11,39,51,1,CS
11,39,52,0.58,CS
11,39,53,1,CS
11,39,54,1,CS
11,39,55,1,CS
11,39,56,0.925,CS
11,39,57,0.875,CS
11,39,58,0.86,CS
11,39,59,1,CS
11,39,60,0.785,CS
11,39,61,1,CS
11,39,62,1,CS
11,39,63,1,CS
11,39,64,1,CS
11,39,65,0.975,CS
11,39,66,1,CS
11,39,67,1,CS
11,39,68,1,CS
11,39,69,1,CS
11,39,70,1,CS
11,39,71,1,CS
11,39,72,0.965,CS
11,39,73,1,CS
11,39,74,1,CS
11,39,75,0.545,CS
11,39,76,1,CS
11,39,77,1,CS
11,39,51,NA,MCC
11,39,52,0.005,MCC
11,39,53,0.005,MCC
11,39,54,0.09,MCC
11,39,55,0.285,MCC
11,39,56,0.21,MCC
11,39,57,1,MCC
11,39,58,0.375,MCC
11,39,59,1,MCC
11,39,60,1,MCC
11,39,61,0.005,MCC
11,39,62,0.125,MCC
11,39,63,1,MCC
11,39,64,0.965,MCC
11,39,65,1,MCC
11,39,66,0.025,MCC
11,39,67,1,MCC
11,39,68,0.975,MCC
11,39,69,1,MCC
11,39,70,0.005,MCC
11,39,71,0.06,MCC
11,39,72,0.18,MCC
11,39,73,1,MCC
11,39,74,1,MCC
11,39,75,0.005,MCC
11,39,76,0.025,MCC
11,39,77,0.195,MCC
11,39,78,0.58,MCC
11,39,79,1,MCC
11,39,80,1,MCC
11,39,81,1,MCC
11,39,82,0.785,MCC
11,39,83,1,MCC
11,39,84,0.475,MCC
11,39,85,0.03,MCC
11,39,86,0.215,MCC
11,39,87,0.43,MCC
11,39,88,1,MCC
11,39,89,1,MCC
11,39,90,0.01,MCC
11,39,91,0.13,MCC
11,39,92,0.03,MCC
11,39,93,0.23,MCC
11,39,94,1,MCC
11,39,95,1,MCC
11,39,96,0.925,MCC
11,39,97,0.875,MCC
11,39,98,0.08,MCC
11,39,99,1,MCC
10,3,51,NA,MCC
10,3,52,0.005,MCC
10,3,53,0.005,MCC
10,3,54,0.005,MCC
10,3,55,0.005,MCC
10,3,56,0.005,MCC
10,3,57,0.02,MCC
10,3,58,0.69,MCC
10,3,59,0.005,MCC
10,3,60,0.015,MCC
10,3,61,0.065,MCC
10,3,62,0.14,MCC
10,3,63,0.065,MCC
10,3,64,0.98,MCC
10,3,65,0.51,MCC
10,3,66,0.31,MCC
10,3,67,0.325,MCC
10,3,68,1,MCC
10,3,69,1,MCC
10,3,70,1,MCC
10,3,71,1,MCC
10,3,72,1,MCC
10,3,73,0.94,MCC
10,3,74,1,MCC
10,3,75,0.17,MCC
10,3,76,0.04,MCC
10,3,77,0.005,MCC
10,3,78,0.005,MCC
10,3,79,1,MCC
10,3,80,1,MCC
10,3,81,0.6,MCC
10,3,82,0.36,MCC
10,3,83,1,MCC
10,3,84,0.48,MCC
10,3,85,0.88,MCC
10,3,86,0.005,MCC
10,3,87,0.05,MCC
10,3,88,1,MCC
10,3,89,0.06,MCC
10,3,90,1,MCC
10,3,91,0.03,MCC
10,3,92,0.155,MCC
10,3,93,0.99,MCC
10,3,94,1,MCC
10,3,95,1,MCC
10,3,96,1,MCC
10,3,97,1,MCC
10,3,98,1,MCC
10,3,99,0.475,MCC
11,11,51,1,CS
11,11,52,0.975,CS
11,11,53,1,CS
11,11,54,0.825,CS
11,11,55,1,CS
11,11,56,1,CS
11,11,57,0.6,CS
11,11,58,0.995,CS
11,11,59,0.95,CS
11,11,60,1,CS
11,11,61,0.975,CS
11,11,62,1,CS
11,11,63,1,CS
11,11,64,1,CS
11,11,51,NA,MCC
11,11,52,0.005,MCC
11,11,53,0.005,MCC
11,11,54,0.01,MCC
11,11,55,1,MCC
11,11,56,0.025,MCC
11,11,57,0.005,MCC
11,11,58,0.005,MCC
11,11,59,0.005,MCC
11,11,60,0.005,MCC
11,11,61,0.215,MCC
11,11,62,0.975,MCC
11,11,63,1,MCC
11,11,64,0.995,MCC
11,11,65,0.02,MCC
11,11,66,0.005,MCC
11,11,67,0.01,MCC
11,11,68,0.07,MCC
11,11,69,0.025,MCC
11,11,70,1,MCC
11,11,71,1,MCC
11,11,72,0.005,MCC
11,11,73,0.005,MCC
11,11,74,0.005,MCC
11,11,75,0.01,MCC
11,11,76,0.065,MCC
11,11,77,1,MCC
11,11,78,0.1,MCC
11,11,79,0.005,MCC
11,11,80,0.6,MCC
11,11,81,0.09,MCC
11,11,82,0.825,MCC
11,11,83,1,MCC
11,11,84,0.005,MCC
11,11,85,0.005,MCC
11,11,86,0.025,MCC
11,11,87,1,MCC
11,11,88,0.005,MCC
11,11,89,0.005,MCC
11,11,90,0.045,MCC
11,11,91,0.95,MCC
11,11,92,0.005,MCC
11,11,93,0.005,MCC
11,11,94,0.01,MCC
11,11,95,0.145,MCC
11,11,96,0.975,MCC
11,11,97,0.275,MCC
11,11,98,0.145,MCC
11,11,99,0.185,MCC
12,39,51,1,CS
12,39,52,0.655,CS
12,39,53,0.905,CS
12,39,54,1,CS
12,39,55,0.725,CS
12,39,56,0.835,CS
12,39,57,0.995,CS
12,39,58,1,CS
12,39,59,0.72,CS
12,39,60,1,CS
12,39,61,0.945,CS
12,39,62,1,CS
12,39,63,0.82,CS
12,39,64,1,CS
12,39,65,1,CS
12,39,66,1,CS
12,39,67,1,CS
12,39,68,1,CS
12,39,69,1,CS
12,39,70,1,CS
12,39,71,1,CS
12,39,72,1,CS
12,39,73,1,CS
12,39,74,1,CS
12,39,75,1,CS
12,39,76,0.995,CS
12,39,77,1,CS
12,39,51,NA,MCC
12,39,52,0.005,MCC
12,39,53,0.005,MCC
12,39,54,0.015,MCC
12,39,55,0.475,MCC
12,39,56,0.4,MCC
12,39,57,1,MCC
12,39,58,1,MCC
12,39,59,0.72,MCC
12,39,60,1,MCC
12,39,61,0.945,MCC
12,39,62,0.16,MCC
12,39,63,0.105,MCC
12,39,64,1,MCC
12,39,65,0.725,MCC
12,39,66,0.835,MCC
12,39,67,0.995,MCC
12,39,68,1,MCC
12,39,69,0.005,MCC
12,39,70,0.005,MCC
12,39,71,0.125,MCC
12,39,72,1,MCC
12,39,73,1,MCC
12,39,74,0.655,MCC
12,39,75,0.905,MCC
12,39,76,0.455,MCC
12,39,77,1,MCC
12,39,78,0.13,MCC
12,39,79,1,MCC
12,39,80,0.005,MCC
12,39,81,0.005,MCC
12,39,82,0.005,MCC
12,39,83,0.02,MCC
12,39,84,1,MCC
12,39,85,1,MCC
12,39,86,0.435,MCC
12,39,87,0.185,MCC
12,39,88,0.995,MCC
12,39,89,0.035,MCC
12,39,90,1,MCC
12,39,91,1,MCC
12,39,92,0.14,MCC
12,39,93,1,MCC
12,39,94,0.82,MCC
12,39,95,1,MCC
12,39,96,0.005,MCC
12,39,97,0.055,MCC
12,39,98,1,MCC
12,39,99,1,MCC
12,11,51,1,CS
12,11,52,0.855,CS
12,11,53,1,CS
12,11,54,1,CS
12,11,55,1,CS
12,11,56,1,CS
12,11,57,1,CS
12,11,58,0.99,CS
12,11,59,1,CS
12,11,60,0.61,CS
12,11,51,NA,MCC
12,11,52,0.005,MCC
12,11,53,0.005,MCC
12,11,54,0.005,MCC
12,11,55,1,MCC
12,11,56,0.005,MCC
12,11,57,1,MCC
12,11,58,0.235,MCC
12,11,59,1,MCC
12,11,60,0.005,MCC
12,11,61,0.005,MCC
12,11,62,0.025,MCC
12,11,63,0.035,MCC
12,11,64,0.185,MCC
12,11,65,0.005,MCC
12,11,66,0.005,MCC
12,11,67,0.005,MCC
12,11,68,0.005,MCC
12,11,69,0.01,MCC
12,11,70,1,MCC
12,11,71,0.08,MCC
12,11,72,1,MCC
12,11,73,0.005,MCC
12,11,74,0.005,MCC
12,11,75,0.005,MCC
12,11,76,0.02,MCC
12,11,77,0.02,MCC
12,11,78,0.065,MCC
12,11,79,0.61,MCC
12,11,80,0.855,MCC
12,11,81,0.005,MCC
12,11,82,0.03,MCC
12,11,83,0.005,MCC
12,11,84,0.045,MCC
12,11,85,0.06,MCC
12,11,86,1,MCC
12,11,87,0.99,MCC
12,11,88,0.005,MCC
12,11,89,0.01,MCC
12,11,90,0.05,MCC
12,11,91,0.28,MCC
12,11,92,0.005,MCC
12,11,93,0.015,MCC
12,11,94,0.005,MCC
12,11,95,0.005,MCC
12,11,96,0.005,MCC
12,11,97,0.02,MCC
12,11,98,0.345,MCC
12,11,99,0.04,MCC
10,25,51,1,CS
10,25,52,1,CS
10,25,53,0.965,CS
10,25,54,1,CS
10,25,55,1,CS
10,25,56,0.995,CS
10,25,57,0.995,CS
10,25,58,1,CS
10,25,59,1,CS
10,25,60,0.71,CS
10,25,61,1,CS
10,25,62,0.995,CS
10,25,63,1,CS
10,25,64,0.955,CS
10,25,65,0.995,CS
10,25,66,0.86,CS
10,25,67,1,CS
10,25,68,0.59,CS
10,25,69,1,CS
10,25,70,0.665,CS
10,25,71,0.955,CS
10,25,51,NA,MCC
10,25,52,0.005,MCC
10,25,53,0.005,MCC
10,25,54,0.015,MCC
10,25,55,0.2,MCC
10,25,56,1,MCC
10,25,57,0.23,MCC
10,25,58,0.965,MCC
10,25,59,0.19,MCC
10,25,60,0.005,MCC
10,25,61,0.955,MCC
10,25,62,0.005,MCC
10,25,63,0.03,MCC
10,25,64,0.105,MCC
10,25,65,1,MCC
10,25,66,1,MCC
10,25,67,0.025,MCC
10,25,68,1,MCC
10,25,69,0.15,MCC
10,25,70,1,MCC
10,25,71,0.59,MCC
10,25,72,0.005,MCC
10,25,73,0.005,MCC
10,25,74,0.005,MCC
10,25,75,0.005,MCC
10,25,76,0.955,MCC
10,25,77,0.015,MCC
10,25,78,0.71,MCC
10,25,79,1,MCC
10,25,80,0.005,MCC
10,25,81,0.005,MCC
10,25,82,0.005,MCC
10,25,83,0.1,MCC
10,25,84,0.86,MCC
10,25,85,0.005,MCC
10,25,86,0.065,MCC
10,25,87,0.995,MCC
10,25,88,0.035,MCC
10,25,89,0.03,MCC
10,25,90,0.135,MCC
10,25,91,0.665,MCC
10,25,92,0.995,MCC
10,25,93,0.995,MCC
10,25,94,0.995,MCC
10,25,95,0.04,MCC
10,25,96,1,MCC
10,25,97,1,MCC
10,25,98,1,MCC
10,25,99,0.03,MCC
11,43,51,1,CS
11,43,52,1,CS
11,43,53,0.98,CS
11,43,54,1,CS
11,43,55,1,CS
11,43,56,1,CS
11,43,57,1,CS
11,43,58,0.875,CS
11,43,59,0.95,CS
11,43,60,1,CS
11,43,61,1,CS
11,43,62,0.91,CS
11,43,63,1,CS
11,43,64,1,CS
11,43,65,1,CS
11,43,66,0.965,CS
11,43,67,0.655,CS
11,43,68,0.995,CS
11,43,69,0.995,CS
11,43,70,0.985,CS
11,43,51,NA,MCC
11,43,52,0.005,MCC
11,43,53,0.005,MCC
11,43,54,0.005,MCC
11,43,55,0.03,MCC
11,43,56,0.01,MCC
11,43,57,0.195,MCC
11,43,58,0.875,MCC
11,43,59,0.95,MCC
11,43,60,1,MCC
11,43,61,1,MCC
11,43,62,0.91,MCC
11,43,63,0.295,MCC
11,43,64,0.005,MCC
11,43,65,0.105,MCC
11,43,66,0.04,MCC
11,43,67,1,MCC
11,43,68,1,MCC
11,43,69,1,MCC
11,43,70,0.005,MCC
11,43,71,0.005,MCC
11,43,72,0.04,MCC
11,43,73,0.005,MCC
11,43,74,0.005,MCC
11,43,75,0.02,MCC
11,43,76,0.32,MCC
11,43,77,0.965,MCC
11,43,78,0.015,MCC
11,43,79,0.005,MCC
11,43,80,0.005,MCC
11,43,81,0.055,MCC
11,43,82,0.26,MCC
11,43,83,0.655,MCC
11,43,84,1,MCC
11,43,85,0.98,MCC
11,43,86,1,MCC
11,43,87,0.06,MCC
11,43,88,1,MCC
11,43,89,1,MCC
11,43,90,0.005,MCC
11,43,91,0.005,MCC
11,43,92,0.01,MCC
11,43,93,0.05,MCC
11,43,94,0.995,MCC
11,43,95,0.165,MCC
11,43,96,1,MCC
11,43,97,0.985,MCC
11,43,98,0.105,MCC
11,43,99,0.995,MCC
11,3,51,1,CS
11,3,52,0.83,CS
11,3,53,0.755,CS
11,3,54,1,CS
11,3,55,1,CS
11,3,56,1,CS
11,3,57,1,CS
11,3,58,1,CS
11,3,59,0.54,CS
11,3,60,0.695,CS
11,3,61,0.995,CS
11,3,62,0.955,CS
11,3,63,1,CS
11,3,64,1,CS
11,3,65,0.62,CS
11,3,66,1,CS
11,3,67,1,CS
11,3,68,1,CS
11,3,69,1,CS
11,3,70,1,CS
11,3,71,1,CS
11,3,72,1,CS
11,3,73,0.67,CS
11,3,51,NA,MCC
11,3,52,0.005,MCC
11,3,53,0.005,MCC
11,3,54,0.005,MCC
11,3,55,0.005,MCC
11,3,56,0.015,MCC
11,3,57,1,MCC
11,3,58,0.005,MCC
11,3,59,0.005,MCC
11,3,60,0.105,MCC
11,3,61,1,MCC
11,3,62,0.62,MCC
11,3,63,0.095,MCC
11,3,64,0.67,MCC
11,3,65,0.83,MCC
11,3,66,0.755,MCC
11,3,67,1,MCC
11,3,68,1,MCC
11,3,69,1,MCC
11,3,70,1,MCC
11,3,71,0.005,MCC
11,3,72,0.04,MCC
11,3,73,1,MCC
11,3,74,0.01,MCC
11,3,75,0.015,MCC
11,3,76,0.215,MCC
11,3,77,0.995,MCC
11,3,78,0.955,MCC
11,3,79,1,MCC
11,3,80,0.005,MCC
11,3,81,0.005,MCC
11,3,82,0.005,MCC
11,3,83,0.02,MCC
11,3,84,1,MCC
11,3,85,0.13,MCC
11,3,86,0.06,MCC
11,3,87,0.46,MCC
11,3,88,1,MCC
11,3,89,1,MCC
11,3,90,0.08,MCC
11,3,91,0.26,MCC
11,3,92,1,MCC
11,3,93,0.54,MCC
11,3,94,0.695,MCC
11,3,95,0.005,MCC
11,3,96,0.055,MCC
11,3,97,1,MCC
11,3,98,1,MCC
11,3,99,0.035,MCC
11,25,51,1,CS
11,25,52,0.985,CS
11,25,53,1,CS
11,25,54,0.945,CS
11,25,55,0.95,CS
11,25,56,1,CS
11,25,57,1,CS
11,25,58,1,CS
11,25,59,1,CS
11,25,60,1,CS
11,25,61,1,CS
11,25,62,1,CS
11,25,63,0.955,CS
11,25,64,0.99,CS
11,25,65,1,CS
11,25,66,0.885,CS
11,25,51,NA,MCC
11,25,52,0.005,MCC
11,25,53,0.005,MCC
11,25,54,0.005,MCC
11,25,55,0.03,MCC
11,25,56,0.945,MCC
11,25,57,0.95,MCC
11,25,58,0.02,MCC
11,25,59,1,MCC
11,25,60,1,MCC
11,25,61,0.005,MCC
11,25,62,0.005,MCC
11,25,63,0.005,MCC
11,25,64,0.005,MCC
11,25,65,0.465,MCC
11,25,66,1,MCC
11,25,67,1,MCC
11,25,68,0.015,MCC
11,25,69,0.02,MCC
11,25,70,1,MCC
11,25,71,1,MCC
11,25,72,0.985,MCC
11,25,73,0.345,MCC
11,25,74,1,MCC
11,25,75,0.21,MCC
11,25,76,0.03,MCC
11,25,77,0.005,MCC
11,25,78,0.01,MCC
11,25,79,0.18,MCC
11,25,80,0.955,MCC
11,25,81,0.005,MCC
11,25,82,0.06,MCC
11,25,83,0.435,MCC
11,25,84,0.12,MCC
11,25,85,0.005,MCC
11,25,86,0.015,MCC
11,25,87,0.01,MCC
11,25,88,0.015,MCC
11,25,89,0.195,MCC
11,25,90,1,MCC
11,25,91,0.005,MCC
11,25,92,0.005,MCC
11,25,93,0.005,MCC
11,25,94,1,MCC
11,25,95,0.015,MCC
11,25,96,0.025,MCC
11,25,97,0.885,MCC
11,25,98,0.195,MCC
11,25,99,0.99,MCC
12,43,51,1,CS
12,43,52,0.865,CS
12,43,53,0.935,CS
12,43,54,1,CS
12,43,55,0.9,CS
12,43,56,1,CS
12,43,57,0.99,CS
12,43,58,1,CS
12,43,59,0.995,CS
12,43,60,0.55,CS
12,43,61,1,CS
12,43,62,1,CS
12,43,63,1,CS
12,43,64,1,CS
12,43,65,1,CS
12,43,66,1,CS
12,43,67,0.765,CS
12,43,68,0.505,CS
12,43,69,0.515,CS
12,43,51,NA,MCC
12,43,52,0.005,MCC
12,43,53,0.005,MCC
12,43,54,0.005,MCC
12,43,55,0.005,MCC
12,43,56,0.005,MCC
12,43,57,0.015,MCC
12,43,58,0.27,MCC
12,43,59,1,MCC
12,43,60,1,MCC
12,43,61,1,MCC
12,43,62,0.01,MCC
12,43,63,0.215,MCC
12,43,64,0.34,MCC
12,43,65,0.27,MCC
12,43,66,0.865,MCC
12,43,67,0.935,MCC
12,43,68,1,MCC
12,43,69,0.9,MCC
12,43,70,0.005,MCC
12,43,71,0.025,MCC
12,43,72,0.025,MCC
12,43,73,0.12,MCC
12,43,74,0.005,MCC
12,43,75,0.005,MCC
12,43,76,0.06,MCC
12,43,77,0.005,MCC
12,43,78,0.005,MCC
12,43,79,0.005,MCC
12,43,80,0.005,MCC
12,43,81,0.03,MCC
12,43,82,1,MCC
12,43,83,0.01,MCC
12,43,84,0.085,MCC
12,43,85,0.515,MCC
12,43,86,1,MCC
12,43,87,0.99,MCC
12,43,88,1,MCC
12,43,89,0.005,MCC
12,43,90,0.04,MCC
12,43,91,0.995,MCC
12,43,92,0.39,MCC
12,43,93,0.03,MCC
12,43,94,0.55,MCC
12,43,95,0.32,MCC
12,43,96,0.015,MCC
12,43,97,0.09,MCC
12,43,98,1,MCC
12,43,99,1,MCC
13,11,51,1,CS
13,11,52,0.515,CS
13,11,53,1,CS
13,11,54,0.75,CS
13,11,55,1,CS
13,11,56,1,CS
13,11,57,0.655,CS
13,11,58,1,CS
13,11,59,0.77,CS
13,39,51,1,CS
13,39,52,0.99,CS
13,39,53,0.735,CS
13,39,54,1,CS
13,39,55,0.87,CS
13,39,56,0.795,CS
13,39,57,1,CS
13,39,58,0.995,CS
13,39,59,0.595,CS
13,39,60,1,CS
13,39,61,1,CS
13,39,62,1,CS
13,39,63,1,CS
13,39,64,1,CS
13,39,65,1,CS
13,39,66,0.725,CS
13,39,67,1,CS
13,39,68,0.855,CS
13,39,69,1,CS
13,39,70,1,CS
13,39,71,1,CS
13,39,72,1,CS
13,39,73,1,CS
13,39,51,NA,MCC
13,39,52,0.005,MCC
13,39,53,0.005,MCC
13,39,54,0.005,MCC
13,39,55,0.005,MCC
13,39,56,0.03,MCC
13,39,57,0.005,MCC
13,39,58,0.08,MCC
13,39,59,0.13,MCC
13,39,60,1,MCC
13,39,61,0.47,MCC
13,39,62,0.03,MCC
13,39,63,0.87,MCC
13,39,64,0.795,MCC
13,39,65,1,MCC
13,39,66,0.005,MCC
13,39,67,0.005,MCC
13,39,68,0.025,MCC
13,39,69,0.135,MCC
13,39,70,0.25,MCC
13,39,71,1,MCC
13,39,72,0.725,MCC
13,39,73,1,MCC
13,39,74,0.855,MCC
13,39,75,1,MCC
13,39,76,1,MCC
13,39,77,0.015,MCC
13,39,78,0.99,MCC
13,39,79,0.405,MCC
13,39,80,0.735,MCC
13,39,81,1,MCC
13,39,82,0.995,MCC
13,39,83,0.595,MCC
13,39,84,1,MCC
13,39,85,0.005,MCC
13,39,86,0.005,MCC
13,39,87,0.005,MCC
13,39,88,0.165,MCC
13,39,89,1,MCC
13,39,90,1,MCC
13,39,91,0.095,MCC
13,39,92,1,MCC
13,39,93,1,MCC
13,39,94,0.275,MCC
13,39,95,0.005,MCC
13,39,96,0.015,MCC
13,39,97,0.08,MCC
13,39,98,1,MCC
13,39,99,1,MCC
13,11,51,NA,MCC
13,11,52,0.005,MCC
13,11,53,0.005,MCC
13,11,54,0.005,MCC
13,11,55,0.005,MCC
13,11,56,0.005,MCC
13,11,57,0.005,MCC
13,11,58,0.04,MCC
13,11,59,0.005,MCC
13,11,60,0.005,MCC
13,11,61,0.005,MCC
13,11,62,0.025,MCC
13,11,63,0.005,MCC
13,11,64,0.315,MCC
13,11,65,0.005,MCC
13,11,66,0.005,MCC
13,11,67,0.025,MCC
13,11,68,1,MCC
13,11,69,0.005,MCC
13,11,70,0.025,MCC
13,11,71,0.215,MCC
13,11,72,0.005,MCC
13,11,73,0.005,MCC
13,11,74,0.005,MCC
13,11,75,0.035,MCC
13,11,76,1,MCC
13,11,77,0.005,MCC
13,11,78,0.005,MCC
13,11,79,0.01,MCC
13,11,80,0.655,MCC
13,11,81,0.005,MCC
13,11,82,0.05,MCC
13,11,83,0.025,MCC
13,11,84,0.75,MCC
13,11,85,0.005,MCC
13,11,86,0.035,MCC
13,11,87,0.34,MCC
13,11,88,1,MCC
13,11,89,0.005,MCC
13,11,90,0.005,MCC
13,11,91,0.005,MCC
13,11,92,0.02,MCC
13,11,93,0.305,MCC
13,11,94,1,MCC
13,11,95,0.005,MCC
13,11,96,0.1,MCC
13,11,97,0.01,MCC
13,11,98,0.09,MCC
13,11,99,0.77,MCC
10,34,51,1,CS
10,34,52,1,CS
10,34,53,1,CS
10,34,54,1,CS
10,34,55,1,CS
10,34,56,1,CS
10,34,57,0.615,CS
10,34,58,1,CS
10,34,59,1,CS
10,34,60,1,CS
10,34,61,0.945,CS
10,34,62,0.895,CS
10,34,63,1,CS
10,34,64,0.755,CS
10,34,65,1,CS
10,34,66,1,CS
10,34,67,1,CS
10,34,68,1,CS
10,34,69,1,CS
10,34,70,1,CS
10,34,71,1,CS
10,34,72,1,CS
10,34,73,0.95,CS
10,34,74,1,CS
10,34,75,1,CS
10,34,76,0.7,CS
10,34,51,NA,MCC
10,34,52,0.01,MCC
10,34,53,0.005,MCC
10,34,54,0.005,MCC
10,34,55,0.01,MCC
10,34,56,0.945,MCC
10,34,57,0.895,MCC
10,34,58,1,MCC
10,34,59,0.075,MCC
10,34,60,0.09,MCC
10,34,61,1,MCC
10,34,62,0.16,MCC
10,34,63,0.095,MCC
10,34,64,1,MCC
10,34,65,0.335,MCC
10,34,66,0.7,MCC
10,34,67,0.045,MCC
10,34,68,0.005,MCC
10,34,69,0.005,MCC
10,34,70,0.005,MCC
10,34,71,0.015,MCC
10,34,72,0.95,MCC
10,34,73,0.41,MCC
10,34,74,0.02,MCC
10,34,75,1,MCC
10,34,76,1,MCC
10,34,77,1,MCC
10,34,78,0.035,MCC
10,34,79,1,MCC
10,34,80,1,MCC
10,34,81,0.01,MCC
10,34,82,0.005,MCC
10,34,83,1,MCC
10,34,84,0.615,MCC
10,34,85,1,MCC
10,34,86,0.08,MCC
10,34,87,1,MCC
10,34,88,0.07,MCC
10,34,89,1,MCC
10,34,90,1,MCC
10,34,91,1,MCC
10,34,92,1,MCC
10,34,93,1,MCC
10,34,94,0.01,MCC
10,34,95,0.065,MCC
10,34,96,1,MCC
10,34,97,1,MCC
10,34,98,0.755,MCC
10,34,99,1,MCC
13,43,51,1,CS
13,43,52,1,CS
13,43,53,0.99,CS
13,43,54,1,CS
13,43,55,0.995,CS
13,43,56,0.995,CS
13,43,57,1,CS
13,43,58,1,CS
13,43,59,1,CS
13,43,60,0.9,CS
13,43,61,0.56,CS
13,43,62,1,CS
13,43,63,1,CS
13,43,64,1,CS
13,43,65,0.995,CS
13,43,66,0.955,CS
13,43,67,0.83,CS
13,43,51,NA,MCC
13,43,52,0.005,MCC
13,43,53,0.005,MCC
13,43,54,0.005,MCC
13,43,55,0.005,MCC
13,43,56,0.005,MCC
13,43,57,0.9,MCC
13,43,58,0.56,MCC
13,43,59,0.1,MCC
13,43,60,0.2,MCC
13,43,61,0.005,MCC
13,43,62,0.02,MCC
13,43,63,0.175,MCC
13,43,64,1,MCC
13,43,65,1,MCC
13,43,66,0.01,MCC
13,43,67,0.005,MCC
13,43,68,0.005,MCC
13,43,69,0.175,MCC
13,43,70,0.025,MCC
13,43,71,0.34,MCC
13,43,72,1,MCC
13,43,73,1,MCC
13,43,74,0.005,MCC
13,43,75,0.035,MCC
13,43,76,0.83,MCC
13,43,77,0.005,MCC
13,43,78,0.005,MCC
13,43,79,0.005,MCC
13,43,80,0.005,MCC
13,43,81,0.01,MCC
13,43,82,0.03,MCC
13,43,83,0.28,MCC
13,43,84,1,MCC
13,43,85,0.99,MCC
13,43,86,1,MCC
13,43,87,0.955,MCC
13,43,88,0.015,MCC
13,43,89,1,MCC
13,43,90,0.015,MCC
13,43,91,0.995,MCC
13,43,92,0.005,MCC
13,43,93,0.005,MCC
13,43,94,0.08,MCC
13,43,95,0.185,MCC
13,43,96,0.02,MCC
13,43,97,0.995,MCC
13,43,98,0.995,MCC
13,43,99,1,MCC
14,39,51,1,CS
14,39,52,0.73,CS
14,39,53,1,CS
14,39,54,0.58,CS
14,39,55,1,CS
14,39,56,0.625,CS
14,39,57,1,CS
14,39,58,1,CS
14,39,59,0.92,CS
14,39,60,1,CS
14,39,61,1,CS
14,39,62,1,CS
14,39,63,1,CS
14,39,64,0.995,CS
14,39,65,1,CS
14,39,66,1,CS
14,39,67,0.75,CS
14,39,68,1,CS
14,39,69,1,CS
14,39,70,1,CS
14,39,71,0.615,CS
14,39,72,1,CS
14,39,73,1,CS
14,39,74,0.695,CS
14,39,51,NA,MCC
14,39,52,0.01,MCC
14,39,53,0.005,MCC
14,39,54,0.07,MCC
14,39,55,1,MCC
14,39,56,1,MCC
14,39,57,0.005,MCC
14,39,58,1,MCC
14,39,59,1,MCC
14,39,60,0.005,MCC
14,39,61,0.005,MCC
14,39,62,0.005,MCC
14,39,63,0.45,MCC
14,39,64,0.005,MCC
14,39,65,0.065,MCC
14,39,66,0.125,MCC
14,39,67,1,MCC
14,39,68,1,MCC
14,39,69,1,MCC
14,39,70,0.625,MCC
14,39,71,1,MCC
14,39,72,0.03,MCC
14,39,73,1,MCC
14,39,74,0.245,MCC
14,39,75,0.005,MCC
14,39,76,0.01,MCC
14,39,77,0.035,MCC
14,39,78,0.005,MCC
14,39,79,0.025,MCC
14,39,80,0.22,MCC
14,39,81,1,MCC
14,39,82,1,MCC
14,39,83,0.92,MCC
14,39,84,0.04,MCC
14,39,85,0.295,MCC
14,39,86,1,MCC
14,39,87,0.75,MCC
14,39,88,0.995,MCC
14,39,89,1,MCC
14,39,90,0.06,MCC
14,39,91,0.695,MCC
14,39,92,0.03,MCC
14,39,93,0.1,MCC
14,39,94,1,MCC
14,39,95,0.73,MCC
14,39,96,0.085,MCC
14,39,97,0.58,MCC
14,39,98,0.33,MCC
14,39,99,1,MCC
11,34,51,1,CS
11,34,52,1,CS
11,34,53,0.89,CS
11,34,54,1,CS
11,34,55,1,CS
11,34,56,1,CS
11,34,57,1,CS
11,34,58,0.75,CS
11,34,59,0.995,CS
11,34,60,1,CS
11,34,61,1,CS
11,34,62,1,CS
11,34,63,0.915,CS
11,34,64,1,CS
11,34,65,1,CS
11,34,66,0.89,CS
11,34,67,1,CS
11,34,68,1,CS
11,34,69,1,CS
11,34,70,1,CS
14,11,51,1,CS
14,11,52,0.6,CS
14,11,53,0.995,CS
14,11,54,0.665,CS
14,11,55,1,CS
14,11,56,1,CS
14,11,57,0.77,CS
14,11,58,1,CS
11,34,51,NA,MCC
11,34,52,0.005,MCC
11,34,53,0.005,MCC
11,34,54,0.005,MCC
11,34,55,0.005,MCC
11,34,56,0.005,MCC
11,34,57,0.035,MCC
11,34,58,0.03,MCC
11,34,59,0.205,MCC
11,34,60,1,MCC
11,34,61,1,MCC
11,34,62,1,MCC
11,34,63,0.02,MCC
11,34,64,0.435,MCC
11,34,65,0.005,MCC
11,34,66,0.005,MCC
11,34,67,0.005,MCC
11,34,68,0.025,MCC
11,34,69,0.89,MCC
11,34,70,1,MCC
11,34,71,1,MCC
11,34,72,1,MCC
11,34,73,1,MCC
11,34,74,0.915,MCC
11,34,75,0.005,MCC
11,34,76,0.005,MCC
11,34,77,0.005,MCC
11,34,78,0.015,MCC
11,34,79,0.17,MCC
11,34,80,0.175,MCC
11,34,81,1,MCC
11,34,82,1,MCC
11,34,83,0.005,MCC
11,34,84,0.01,MCC
11,34,85,0.015,MCC
11,34,86,1,MCC
11,34,87,0.89,MCC
11,34,88,1,MCC
11,34,89,1,MCC
11,34,90,0.75,MCC
11,34,91,0.995,MCC
11,34,92,0.015,MCC
11,34,93,1,MCC
11,34,94,0.005,MCC
11,34,95,0.085,MCC
11,34,96,0.39,MCC
11,34,97,0.01,MCC
11,34,98,0.075,MCC
11,34,99,1,MCC
12,3,51,1,CS
12,3,52,1,CS
12,3,53,1,CS
12,3,54,1,CS
12,3,55,0.795,CS
12,3,56,0.71,CS
12,3,57,1,CS
12,3,58,1,CS
12,3,59,1,CS
12,3,60,1,CS
12,3,61,1,CS
12,3,62,0.88,CS
12,3,63,1,CS
12,3,64,1,CS
12,3,65,1,CS
12,3,66,1,CS
12,3,67,1,CS
12,3,68,1,CS
12,3,69,1,CS
12,3,70,0.93,CS
14,11,51,NA,MCC
14,11,52,0.005,MCC
14,11,53,0.005,MCC
14,11,54,0.005,MCC
14,11,55,0.005,MCC
14,11,56,0.005,MCC
14,11,57,0.015,MCC
14,11,58,0.31,MCC
14,11,59,0.005,MCC
14,11,60,0.005,MCC
14,11,61,0.005,MCC
14,11,62,0.005,MCC
14,11,63,0.01,MCC
14,11,64,0.21,MCC
14,11,65,0.77,MCC
14,11,66,0.005,MCC
14,11,67,0.01,MCC
14,11,68,0.175,MCC
14,11,69,0.38,MCC
14,11,70,0.005,MCC
14,11,71,0.665,MCC
14,11,72,0.005,MCC
14,11,73,0.005,MCC
14,11,74,0.005,MCC
14,11,75,0.005,MCC
14,11,76,0.005,MCC
14,11,77,0.18,MCC
14,11,78,1,MCC
14,11,79,0.005,MCC
14,11,80,0.005,MCC
14,11,81,0.095,MCC
14,11,82,0.005,MCC
14,11,83,0.005,MCC
14,11,84,0.6,MCC
14,11,85,0.995,MCC
14,11,86,0.055,MCC
14,11,87,0.04,MCC
14,11,88,0.005,MCC
14,11,89,0.005,MCC
14,11,90,0.01,MCC
14,11,91,1,MCC
14,11,92,0.01,MCC
14,11,93,0.03,MCC
14,11,94,0.005,MCC
14,11,95,0.005,MCC
14,11,96,0.02,MCC
14,11,97,1,MCC
14,11,98,0.005,MCC
14,11,99,0.04,MCC
12,3,51,NA,MCC
12,3,52,0.005,MCC
12,3,53,0.005,MCC
12,3,54,0.03,MCC
12,3,55,0.25,MCC
12,3,56,1,MCC
12,3,57,0.005,MCC
12,3,58,0.005,MCC
12,3,59,0.285,MCC
12,3,60,1,MCC
12,3,61,1,MCC
12,3,62,1,MCC
12,3,63,1,MCC
12,3,64,0.025,MCC
12,3,65,1,MCC
12,3,66,0.005,MCC
12,3,67,0.005,MCC
12,3,68,0.01,MCC
12,3,69,1,MCC
12,3,70,0.185,MCC
12,3,71,0.005,MCC
12,3,72,0.46,MCC
12,3,73,0.005,MCC
12,3,74,0.015,MCC
12,3,75,0.12,MCC
12,3,76,1,MCC
12,3,77,0.88,MCC
12,3,78,0.005,MCC
12,3,79,0.075,MCC
12,3,80,0.93,MCC
12,3,81,1,MCC
12,3,82,0.005,MCC
12,3,83,0.005,MCC
12,3,84,0.025,MCC
12,3,85,0.29,MCC
12,3,86,1,MCC
12,3,87,0.415,MCC
12,3,88,1,MCC
12,3,89,1,MCC
12,3,90,1,MCC
12,3,91,0.795,MCC
12,3,92,0.71,MCC
12,3,93,0.005,MCC
12,3,94,0.015,MCC
12,3,95,0.015,MCC
12,3,96,0.185,MCC
12,3,97,0.025,MCC
12,3,98,1,MCC
12,3,99,1,MCC
10,16,51,1,CS
10,16,52,0.61,CS
10,16,53,1,CS
10,16,54,0.695,CS
10,16,55,0.56,CS
10,16,56,1,CS
10,16,57,1,CS
10,16,58,0.55,CS
10,16,59,0.695,CS
10,16,60,1,CS
10,16,61,1,CS
10,16,62,1,CS
10,16,63,1,CS
10,16,64,1,CS
10,16,51,NA,MCC
10,16,52,0.005,MCC
10,16,53,0.005,MCC
10,16,54,0.09,MCC
10,16,55,1,MCC
10,16,56,0.005,MCC
10,16,57,0.01,MCC
10,16,58,0.05,MCC
10,16,59,1,MCC
10,16,60,0.005,MCC
10,16,61,0.005,MCC
10,16,62,0.005,MCC
10,16,63,0.005,MCC
10,16,64,0.165,MCC
10,16,65,0.015,MCC
10,16,66,0.08,MCC
10,16,67,1,MCC
10,16,68,0.015,MCC
10,16,69,0.03,MCC
10,16,70,0.005,MCC
10,16,71,0.005,MCC
10,16,72,0.005,MCC
10,16,73,1,MCC
10,16,74,0.295,MCC
10,16,75,0.005,MCC
10,16,76,0.695,MCC
10,16,77,1,MCC
10,16,78,0.06,MCC
10,16,79,0.22,MCC
10,16,80,0.55,MCC
10,16,81,0.28,MCC
10,16,82,0.61,MCC
10,16,83,1,MCC
10,16,84,0.07,MCC
10,16,85,0.56,MCC
10,16,86,0.005,MCC
10,16,87,0.03,MCC
10,16,88,0.085,MCC
10,16,89,0.305,MCC
10,16,90,0.025,MCC
10,16,91,0.155,MCC
10,16,92,1,MCC
10,16,93,1,MCC
10,16,94,0.335,MCC
10,16,95,0.005,MCC
10,16,96,0.005,MCC
10,16,97,0.045,MCC
10,16,98,0.005,MCC
10,16,99,0.06,MCC
15,39,51,1,CS
15,39,52,0.765,CS
15,39,53,0.82,CS
15,39,54,1,CS
15,39,55,1,CS
15,39,56,1,CS
15,39,57,0.86,CS
15,39,58,0.73,CS
15,39,59,1,CS
15,39,60,1,CS
15,39,61,1,CS
15,39,62,1,CS
15,39,63,1,CS
15,39,64,0.715,CS
15,39,65,0.65,CS
15,39,66,1,CS
15,39,67,0.505,CS
15,39,68,1,CS
15,39,69,1,CS
15,39,70,1,CS
15,39,71,1,CS
15,39,51,NA,MCC
15,39,52,0.005,MCC
15,39,53,0.005,MCC
15,39,54,0.005,MCC
15,39,55,0.005,MCC
15,39,56,0.005,MCC
15,39,57,0.01,MCC
15,39,58,0.765,MCC
15,39,59,0.82,MCC
15,39,60,1,MCC
15,39,61,0.01,MCC
15,39,62,0.03,MCC
15,39,63,0.005,MCC
15,39,64,0.255,MCC
15,39,65,1,MCC
15,39,66,0.025,MCC
15,39,67,1,MCC
15,39,68,1,MCC
15,39,69,0.86,MCC
15,39,70,0.73,MCC
15,39,71,0.005,MCC
15,39,72,0.005,MCC
15,39,73,0.025,MCC
15,39,74,0.005,MCC
15,39,75,0.005,MCC
15,39,76,0.035,MCC
15,39,77,0.27,MCC
15,39,78,1,MCC
15,39,79,0.715,MCC
15,39,80,0.65,MCC
15,39,81,1,MCC
15,39,82,0.205,MCC
15,39,83,1,MCC
15,39,84,0.04,MCC
15,39,85,0.455,MCC
15,39,86,0.01,MCC
15,39,87,1,MCC
15,39,88,1,MCC
15,39,89,0.505,MCC
15,39,90,1,MCC
15,39,91,0.005,MCC
15,39,92,0.005,MCC
15,39,93,0.03,MCC
15,39,94,1,MCC
15,39,95,0.01,MCC
15,39,96,0.145,MCC
15,39,97,0.155,MCC
15,39,98,1,MCC
15,39,99,1,MCC
15,11,51,1,CS
15,11,52,1,CS
15,11,53,1,CS
15,11,54,1,CS
15,11,55,1,CS
15,11,56,1,CS
15,11,51,NA,MCC
15,11,52,0.005,MCC
15,11,53,0.005,MCC
15,11,54,0.005,MCC
15,11,55,0.005,MCC
15,11,56,0.015,MCC
15,11,57,0.08,MCC
15,11,58,0.005,MCC
15,11,59,0.005,MCC
15,11,60,0.02,MCC
15,11,61,0.02,MCC
15,11,62,0.005,MCC
15,11,63,0.005,MCC
15,11,64,0.005,MCC
15,11,65,0.005,MCC
15,11,66,0.005,MCC
15,11,67,0.005,MCC
15,11,68,0.02,MCC
15,11,69,1,MCC
15,11,70,1,MCC
15,11,71,0.06,MCC
15,11,72,1,MCC
15,11,73,0.005,MCC
15,11,74,0.01,MCC
15,11,75,0.01,MCC
15,11,76,0.27,MCC
15,11,77,1,MCC
15,11,78,0.005,MCC
15,11,79,0.005,MCC
15,11,80,0.005,MCC
15,11,81,0.005,MCC
15,11,82,0.005,MCC
15,11,83,0.015,MCC
15,11,84,0.065,MCC
15,11,85,0.005,MCC
15,11,86,0.005,MCC
15,11,87,0.02,MCC
15,11,88,0.03,MCC
15,11,89,0.02,MCC
15,11,90,0.005,MCC
15,11,91,0.005,MCC
15,11,92,0.005,MCC
15,11,93,1,MCC
15,11,94,0.005,MCC
15,11,95,0.08,MCC
15,11,96,0.005,MCC
15,11,97,0.04,MCC
15,11,98,0.03,MCC
15,11,99,0.03,MCC
12,25,51,1,CS
12,25,52,0.915,CS
12,25,53,0.615,CS
12,25,54,0.945,CS
12,25,55,0.97,CS
12,25,56,1,CS
12,25,57,1,CS
12,25,58,1,CS
12,25,59,1,CS
12,25,60,1,CS
12,25,61,1,CS
12,25,62,1,CS
12,25,63,0.99,CS
12,25,64,0.995,CS
12,25,65,0.745,CS
12,25,51,NA,MCC
12,25,52,0.005,MCC
12,25,53,0.005,MCC
12,25,54,0.005,MCC
12,25,55,0.005,MCC
12,25,56,0.02,MCC
12,25,57,0.185,MCC
12,25,58,0.745,MCC
12,25,59,0.275,MCC
12,25,60,0.005,MCC
12,25,61,0.005,MCC
12,25,62,0.005,MCC
12,25,63,0.005,MCC
12,25,64,0.44,MCC
12,25,65,1,MCC
12,25,66,1,MCC
12,25,67,0.005,MCC
12,25,68,0.225,MCC
12,25,69,0.01,MCC
12,25,70,0.195,MCC
12,25,71,0.085,MCC
12,25,72,0.915,MCC
12,25,73,0.615,MCC
12,25,74,0.945,MCC
12,25,75,0.97,MCC
12,25,76,0.005,MCC
12,25,77,0.005,MCC
12,25,78,0.005,MCC
12,25,79,0.02,MCC
12,25,80,0.995,MCC
12,25,81,0.005,MCC
12,25,82,0.005,MCC
12,25,83,0.015,MCC
12,25,84,0.13,MCC
12,25,85,0.005,MCC
12,25,86,0.005,MCC
12,25,87,0.005,MCC
12,25,88,0.005,MCC
12,25,89,0.035,MCC
12,25,90,1,MCC
12,25,91,0.025,MCC
12,25,92,1,MCC
12,25,93,1,MCC
12,25,94,0.03,MCC
12,25,95,0.09,MCC
12,25,96,1,MCC
12,25,97,1,MCC
12,25,98,0.305,MCC
12,25,99,0.99,MCC
11,16,51,1,CS
11,16,52,1,CS
11,16,53,0.59,CS
11,16,54,0.62,CS
11,16,55,1,CS
11,16,56,0.645,CS
11,16,57,0.985,CS
11,16,58,0.84,CS
11,16,59,0.97,CS
11,16,60,0.995,CS
11,16,61,1,CS
11,16,62,0.665,CS
11,16,63,1,CS
11,16,64,1,CS
10,20,51,1,CS
10,20,52,0.565,CS
10,20,53,0.965,CS
10,20,54,0.82,CS
10,20,55,0.755,CS
10,20,56,1,CS
10,20,57,1,CS
10,20,58,1,CS
10,20,59,1,CS
10,20,60,1,CS
10,20,61,0.995,CS
10,20,62,0.615,CS
10,20,63,0.605,CS
10,20,64,1,CS
10,20,65,1,CS
10,20,66,1,CS
10,20,67,1,CS
10,20,51,NA,MCC
10,20,52,0.005,MCC
10,20,53,0.565,MCC
10,20,54,0.35,MCC
10,20,55,0.965,MCC
10,20,56,0.82,MCC
10,20,57,1,MCC
10,20,58,0.755,MCC
10,20,59,1,MCC
10,20,60,1,MCC
10,20,61,0.015,MCC
10,20,62,0.005,MCC
10,20,63,0.005,MCC
10,20,64,0.005,MCC
10,20,65,0.005,MCC
10,20,66,0.04,MCC
10,20,67,0.015,MCC
10,20,68,0.135,MCC
10,20,69,0.36,MCC
10,20,70,1,MCC
10,20,71,1,MCC
10,20,72,0.005,MCC
10,20,73,0.055,MCC
10,20,74,0.18,MCC
10,20,75,0.21,MCC
10,20,76,0.13,MCC
10,20,77,0.605,MCC
10,20,78,1,MCC
10,20,79,0.14,MCC
10,20,80,0.995,MCC
10,20,81,0.145,MCC
10,20,82,0.06,MCC
10,20,83,0.005,MCC
10,20,84,0.005,MCC
10,20,85,0.015,MCC
10,20,86,0.04,MCC
10,20,87,0.005,MCC
10,20,88,0.005,MCC
10,20,89,0.1,MCC
10,20,90,1,MCC
10,20,91,0.285,MCC
10,20,92,0.05,MCC
10,20,93,0.005,MCC
10,20,94,0.005,MCC
10,20,95,0.045,MCC
10,20,96,0.23,MCC
10,20,97,1,MCC
10,20,98,0.075,MCC
10,20,99,1,MCC
14,43,51,1,CS
14,43,52,1,CS
14,43,53,0.96,CS
14,43,54,1,CS
14,43,55,0.995,CS
14,43,56,0.93,CS
14,43,57,1,CS
14,43,58,1,CS
14,43,59,1,CS
14,43,60,0.815,CS
14,43,61,1,CS
14,43,62,0.815,CS
14,43,63,0.985,CS
14,43,64,0.91,CS
14,43,65,1,CS
14,43,66,0.965,CS
14,43,67,0.83,CS
14,43,68,0.815,CS
12,34,51,1,CS
12,34,52,1,CS
12,34,53,1,CS
12,34,54,1,CS
12,34,55,1,CS
12,34,56,0.955,CS
12,34,57,1,CS
12,34,58,0.995,CS
12,34,59,1,CS
12,34,60,1,CS
12,34,61,0.955,CS
12,34,62,1,CS
12,34,63,1,CS
12,34,64,1,CS
12,34,65,1,CS
12,34,66,0.54,CS
12,34,67,1,CS
12,34,68,1,CS
12,34,69,1,CS
12,34,70,1,CS
14,43,51,NA,MCC
14,43,52,0.005,MCC
14,43,53,0.005,MCC
14,43,54,0.005,MCC
14,43,55,0.005,MCC
14,43,56,0.39,MCC
14,43,57,0.005,MCC
14,43,58,0.035,MCC
14,43,59,0.91,MCC
14,43,60,0.01,MCC
14,43,61,0.135,MCC
14,43,62,0.965,MCC
14,43,63,0.06,MCC
14,43,64,0.005,MCC
14,43,65,0.01,MCC
14,43,66,1,MCC
14,43,67,1,MCC
14,43,68,0.07,MCC
14,43,69,1,MCC
14,43,70,0.005,MCC
14,43,71,0.005,MCC
14,43,72,0.005,MCC
14,43,73,0.005,MCC
14,43,74,0.04,MCC
14,43,75,0.83,MCC
14,43,76,0.005,MCC
14,43,77,0.05,MCC
14,43,78,0.06,MCC
14,43,79,1,MCC
14,43,80,0.96,MCC
14,43,81,1,MCC
14,43,82,0.815,MCC
14,43,83,0.005,MCC
14,43,84,0.01,MCC
14,43,85,0.06,MCC
14,43,86,0.815,MCC
14,43,87,1,MCC
14,43,88,0.005,MCC
14,43,89,0.005,MCC
14,43,90,0.03,MCC
14,43,91,0.985,MCC
14,43,92,0.005,MCC
14,43,93,0.03,MCC
14,43,94,0.035,MCC
14,43,95,0.995,MCC
14,43,96,0.93,MCC
14,43,97,1,MCC
14,43,98,0.025,MCC
14,43,99,0.815,MCC
12,34,51,NA,MCC
12,34,52,0.005,MCC
12,34,53,0.01,MCC
12,34,54,0.015,MCC
12,34,55,1,MCC
12,34,56,1,MCC
12,34,57,0.005,MCC
12,34,58,0.005,MCC
12,34,59,0.02,MCC
12,34,60,0.54,MCC
12,34,61,0.24,MCC
12,34,62,1,MCC
12,34,63,1,MCC
12,34,64,1,MCC
12,34,65,0.075,MCC
12,34,66,1,MCC
12,34,67,0.955,MCC
12,34,68,1,MCC
12,34,69,0.005,MCC
12,34,70,0.005,MCC
12,34,71,0.005,MCC
12,34,72,0.005,MCC
12,34,73,0.24,MCC
12,34,74,1,MCC
12,34,75,0.005,MCC
12,34,76,0.015,MCC
12,34,77,0.015,MCC
12,34,78,0.345,MCC
12,34,79,0.005,MCC
12,34,80,0.015,MCC
12,34,81,0.05,MCC
12,34,82,1,MCC
12,34,83,0.02,MCC
12,34,84,0.42,MCC
12,34,85,1,MCC
12,34,86,0.955,MCC
12,34,87,0.995,MCC
12,34,88,1,MCC
12,34,89,1,MCC
12,34,90,0.005,MCC
12,34,91,0.015,MCC
12,34,92,0.01,MCC
12,34,93,0.1,MCC
12,34,94,1,MCC
12,34,95,0.415,MCC
12,34,96,0.005,MCC
12,34,97,0.21,MCC
12,34,98,1,MCC
12,34,99,1,MCC
11,16,51,NA,MCC
11,16,52,0.005,MCC
11,16,53,0.005,MCC
11,16,54,0.005,MCC
11,16,55,0.015,MCC
11,16,56,0.21,MCC
11,16,57,0.005,MCC
11,16,58,0.01,MCC
11,16,59,0.32,MCC
11,16,60,0.005,MCC
11,16,61,0.3,MCC
11,16,62,0.005,MCC
11,16,63,0.045,MCC
11,16,64,0.435,MCC
11,16,65,0.005,MCC
11,16,66,0.005,MCC
11,16,67,0.005,MCC
11,16,68,0.11,MCC
11,16,69,0.665,MCC
11,16,70,1,MCC
11,16,71,0.59,MCC
11,16,72,0.62,MCC
11,16,73,0.005,MCC
11,16,74,0.005,MCC
11,16,75,0.005,MCC
11,16,76,0.005,MCC
11,16,77,0.005,MCC
11,16,78,0.005,MCC
11,16,79,0.02,MCC
11,16,80,1,MCC
11,16,81,0.235,MCC
11,16,82,0.05,MCC
11,16,83,0.24,MCC
11,16,84,0.97,MCC
11,16,85,0.005,MCC
11,16,86,0.005,MCC
11,16,87,0.005,MCC
11,16,88,0.005,MCC
11,16,89,0.01,MCC
11,16,90,1,MCC
11,16,91,0.015,MCC
11,16,92,1,MCC
11,16,93,0.22,MCC
11,16,94,0.985,MCC
11,16,95,0.84,MCC
11,16,96,0.01,MCC
11,16,97,0.025,MCC
11,16,98,1,MCC
11,16,99,0.995,MCC
13,3,51,1,CS
13,3,52,0.555,CS
13,3,53,0.91,CS
13,3,54,0.955,CS
13,3,55,0.83,CS
13,3,56,0.53,CS
13,3,57,0.955,CS
13,3,58,1,CS
13,3,59,0.645,CS
13,3,60,1,CS
13,3,61,1,CS
13,3,62,0.955,CS
13,3,63,0.795,CS
13,3,64,1,CS
13,3,65,0.935,CS
13,3,66,1,CS
13,3,67,1,CS
13,3,68,0.625,CS
13,3,69,0.915,CS
13,3,70,0.915,CS
13,3,71,0.875,CS
13,3,72,1,CS
13,3,73,1,CS
13,3,51,NA,MCC
13,3,52,0.005,MCC
13,3,53,0.005,MCC
13,3,54,0.005,MCC
13,3,55,0.005,MCC
13,3,56,0.005,MCC
13,3,57,0.02,MCC
13,3,58,0.255,MCC
13,3,59,0.02,MCC
13,3,60,0.215,MCC
13,3,61,1,MCC
13,3,62,0.915,MCC
13,3,63,0.53,MCC
13,3,64,0.955,MCC
13,3,65,1,MCC
13,3,66,0.01,MCC
13,3,67,0.01,MCC
13,3,68,0.07,MCC
13,3,69,0.435,MCC
13,3,70,0.645,MCC
13,3,71,1,MCC
13,3,72,1,MCC
13,3,73,1,MCC
13,3,74,1,MCC
13,3,75,0.625,MCC
13,3,76,0.915,MCC
13,3,77,0.11,MCC
13,3,78,1,MCC
13,3,79,0.935,MCC
13,3,80,0.005,MCC
13,3,81,0.075,MCC
13,3,82,0.03,MCC
13,3,83,0.875,MCC
13,3,84,0.91,MCC
13,3,85,0.955,MCC
13,3,86,0.145,MCC
13,3,87,0.005,MCC
13,3,88,0.005,MCC
13,3,89,0.005,MCC
13,3,90,0.02,MCC
13,3,91,0.085,MCC
13,3,92,0.145,MCC
13,3,93,0.005,MCC
13,3,94,0.01,MCC
13,3,95,1,MCC
13,3,96,0.005,MCC
13,3,97,0.025,MCC
13,3,98,0.955,MCC
13,3,99,0.795,MCC
16,11,51,1,CS
16,11,52,0.995,CS
16,11,53,1,CS
16,11,54,1,CS
16,11,55,1,CS
16,11,56,1,CS
16,11,51,NA,MCC
16,11,52,0.005,MCC
16,11,53,0.01,MCC
16,11,54,0.005,MCC
16,11,55,0.005,MCC
16,11,56,0.02,MCC
16,11,57,0.005,MCC
16,11,58,0.005,MCC
16,11,59,0.005,MCC
16,11,60,0.005,MCC
16,11,61,1,MCC
16,11,62,0.005,MCC
16,11,63,0.005,MCC
16,11,64,0.025,MCC
16,11,65,0.12,MCC
16,11,66,1,MCC
16,11,67,0.005,MCC
16,11,68,0.005,MCC
16,11,69,1,MCC
16,11,70,0.045,MCC
16,11,71,0.005,MCC
16,11,72,0.02,MCC
16,11,73,0.005,MCC
16,11,74,0.005,MCC
16,11,75,0.025,MCC
16,11,76,0.005,MCC
16,11,77,0.005,MCC
16,11,78,0.005,MCC
16,11,79,0.005,MCC
16,11,80,0.05,MCC
16,11,81,0.075,MCC
16,11,82,0.01,MCC
16,11,83,0.12,MCC
16,11,84,0.005,MCC
16,11,85,0.005,MCC
16,11,86,0.005,MCC
16,11,87,0.02,MCC
16,11,88,0.025,MCC
16,11,89,0.005,MCC
16,11,90,0.005,MCC
16,11,91,0.015,MCC
16,11,92,0.995,MCC
16,11,93,1,MCC
16,11,94,0.01,MCC
16,11,95,0.05,MCC
16,11,96,0.005,MCC
16,11,97,0.005,MCC
16,11,98,0.015,MCC
16,11,99,0.07,MCC
16,39,51,1,CS
16,39,52,1,CS
16,39,53,1,CS
16,39,54,1,CS
16,39,55,1,CS
16,39,56,1,CS
16,39,57,1,CS
16,39,58,1,CS
16,39,59,0.765,CS
16,39,60,0.93,CS
16,39,61,0.92,CS
16,39,62,0.63,CS
16,39,63,0.9,CS
16,39,64,0.995,CS
16,39,65,1,CS
16,39,66,1,CS
16,39,67,0.95,CS
16,39,68,1,CS
11,20,51,1,CS
11,20,52,0.565,CS
11,20,53,1,CS
11,20,54,1,CS
11,20,55,0.915,CS
11,20,56,1,CS
11,20,57,0.895,CS
11,20,58,1,CS
11,20,59,1,CS
11,20,60,0.6,CS
11,20,61,0.955,CS
11,20,62,1,CS
11,20,63,0.75,CS
11,20,64,0.985,CS
11,20,65,1,CS
11,20,66,1,CS
11,20,67,0.89,CS
11,20,68,0.84,CS
11,20,51,NA,MCC
11,20,52,0.005,MCC
11,20,53,0.005,MCC
11,20,54,0.01,MCC
11,20,55,0.02,MCC
11,20,56,0.895,MCC
11,20,57,1,MCC
11,20,58,1,MCC
11,20,59,0.005,MCC
11,20,60,0.01,MCC
11,20,61,0.5,MCC
11,20,62,1,MCC
11,20,63,0.005,MCC
11,20,64,0.005,MCC
11,20,65,0.01,MCC
11,20,66,0.055,MCC
11,20,67,0.125,MCC
11,20,68,0.04,MCC
11,20,69,0.89,MCC
11,20,70,0.565,MCC
11,20,71,0.915,MCC
11,20,72,1,MCC
11,20,73,1,MCC
11,20,74,1,MCC
11,20,75,0.985,MCC
11,20,76,0.005,MCC
11,20,77,0.01,MCC
11,20,78,0.75,MCC
11,20,79,0.005,MCC
11,20,80,0.005,MCC
11,20,81,0.005,MCC
11,20,82,0.005,MCC
11,20,83,0.05,MCC
11,20,84,0.015,MCC
11,20,85,0.035,MCC
11,20,86,0.035,MCC
11,20,87,0.84,MCC
11,20,88,0.6,MCC
11,20,89,0.955,MCC
11,20,90,0.405,MCC
11,20,91,0.43,MCC
11,20,92,0.135,MCC
11,20,93,0.27,MCC
11,20,94,1,MCC
11,20,95,0.005,MCC
11,20,96,0.2,MCC
11,20,97,1,MCC
11,20,98,0.045,MCC
11,20,99,0.045,MCC
16,39,51,NA,MCC
16,39,52,0.005,MCC
16,39,53,0.005,MCC
16,39,54,0.005,MCC
16,39,55,0.03,MCC
16,39,56,0.95,MCC
16,39,57,0.005,MCC
16,39,58,0.005,MCC
16,39,59,0.005,MCC
16,39,60,0.005,MCC
16,39,61,0.005,MCC
16,39,62,0.025,MCC
16,39,63,0.015,MCC
16,39,64,0.005,MCC
16,39,65,0.055,MCC
16,39,66,1,MCC
16,39,67,0.145,MCC
16,39,68,1,MCC
16,39,69,0.995,MCC
16,39,70,0.005,MCC
16,39,71,0.005,MCC
16,39,72,0.265,MCC
16,39,73,1,MCC
16,39,74,1,MCC
16,39,75,0.005,MCC
16,39,76,0.015,MCC
16,39,77,1,MCC
16,39,78,0.765,MCC
16,39,79,0.16,MCC
16,39,80,0.005,MCC
16,39,81,0.02,MCC
16,39,82,0.175,MCC
16,39,83,0.93,MCC
16,39,84,0.92,MCC
16,39,85,0.005,MCC
16,39,86,0.005,MCC
16,39,87,1,MCC
16,39,88,1,MCC
16,39,89,0.035,MCC
16,39,90,0.44,MCC
16,39,91,1,MCC
16,39,92,0.63,MCC
16,39,93,0.9,MCC
16,39,94,0.005,MCC
16,39,95,0.015,MCC
16,39,96,0.01,MCC
16,39,97,0.195,MCC
16,39,98,1,MCC
16,39,99,1,MCC
15,43,51,1,CS
15,43,52,0.965,CS
15,43,53,0.995,CS
15,43,54,1,CS
15,43,55,1,CS
15,43,56,1,CS
15,43,57,1,CS
15,43,58,0.99,CS
15,43,59,1,CS
15,43,60,1,CS
15,43,61,1,CS
15,43,62,0.61,CS
15,43,51,NA,MCC
15,43,52,0.005,MCC
15,43,53,0.005,MCC
15,43,54,0.005,MCC
15,43,55,0.015,MCC
15,43,56,0.2,MCC
15,43,57,0.015,MCC
15,43,58,0.965,MCC
15,43,59,0.995,MCC
15,43,60,1,MCC
15,43,61,0.005,MCC
15,43,62,0.005,MCC
15,43,63,0.005,MCC
15,43,64,0.02,MCC
15,43,65,1,MCC
15,43,66,1,MCC
15,43,67,0.04,MCC
15,43,68,0.005,MCC
15,43,69,0.04,MCC
15,43,70,0.005,MCC
15,43,71,0.015,MCC
15,43,72,0.4,MCC
15,43,73,0.005,MCC
15,43,74,0.005,MCC
15,43,75,0.005,MCC
15,43,76,0.005,MCC
15,43,77,0.005,MCC
15,43,78,0.005,MCC
15,43,79,0.025,MCC
15,43,80,0.025,MCC
15,43,81,1,MCC
15,43,82,1,MCC
15,43,83,0.01,MCC
15,43,84,0.025,MCC
15,43,85,0.005,MCC
15,43,86,0.005,MCC
15,43,87,0.005,MCC
15,43,88,0.015,MCC
15,43,89,0.61,MCC
15,43,90,0.005,MCC
15,43,91,0.19,MCC
15,43,92,0.16,MCC
15,43,93,0.005,MCC
15,43,94,0.02,MCC
15,43,95,1,MCC
15,43,96,0.99,MCC
15,43,97,0.005,MCC
15,43,98,1,MCC
15,43,99,0.04,MCC
14,3,51,1,CS
14,3,52,1,CS
14,3,53,0.7,CS
14,3,54,0.98,CS
14,3,55,1,CS
14,3,56,1,CS
14,3,57,0.64,CS
14,3,58,1,CS
14,3,59,1,CS
14,3,60,1,CS
14,3,61,1,CS
14,3,62,0.545,CS
14,3,63,1,CS
14,3,64,0.99,CS
14,3,65,1,CS
14,3,66,1,CS
14,3,51,NA,MCC
14,3,52,0.005,MCC
14,3,53,0.005,MCC
14,3,54,0.005,MCC
14,3,55,0.005,MCC
14,3,56,0.005,MCC
14,3,57,0.005,MCC
14,3,58,0.99,MCC
14,3,59,0.015,MCC
14,3,60,0.125,MCC
14,3,61,1,MCC
14,3,62,0.325,MCC
14,3,63,0.105,MCC
14,3,64,0.005,MCC
14,3,65,0.005,MCC
14,3,66,0.14,MCC
14,3,67,1,MCC
14,3,68,0.025,MCC
14,3,69,0.005,MCC
14,3,70,0.035,MCC
14,3,71,1,MCC
14,3,72,1,MCC
14,3,73,0.02,MCC
14,3,74,0.7,MCC
14,3,75,0.98,MCC
14,3,76,1,MCC
14,3,77,0.005,MCC
14,3,78,0.01,MCC
14,3,79,0.02,MCC
14,3,80,0.235,MCC
14,3,81,0.275,MCC
14,3,82,0.33,MCC
14,3,83,1,MCC
14,3,84,0.64,MCC
14,3,85,0.545,MCC
14,3,86,1,MCC
14,3,87,0.035,MCC
14,3,88,1,MCC
14,3,89,0.005,MCC
14,3,90,0.005,MCC
14,3,91,0.005,MCC
14,3,92,0.055,MCC
14,3,93,1,MCC
14,3,94,1,MCC
14,3,95,0.025,MCC
14,3,96,0.005,MCC
14,3,97,0.03,MCC
14,3,98,0.02,MCC
14,3,99,0.13,MCC
17,11,51,1,CS
17,11,51,NA,MCC
17,11,52,0.005,MCC
17,11,53,0.005,MCC
17,11,54,0.03,MCC
17,11,55,0.025,MCC
17,11,56,0.005,MCC
17,11,57,0.005,MCC
17,11,58,0.005,MCC
17,11,59,0.005,MCC
17,11,60,0.005,MCC
17,11,61,0.005,MCC
17,11,62,0.02,MCC
17,11,63,0.005,MCC
17,11,64,0.005,MCC
17,11,65,0.025,MCC
17,11,66,0.01,MCC
17,11,67,0.01,MCC
17,11,68,0.005,MCC
17,11,69,0.005,MCC
17,11,70,0.005,MCC
17,11,71,0.005,MCC
17,11,72,0.02,MCC
17,11,73,0.005,MCC
17,11,74,0.005,MCC
17,11,75,0.015,MCC
17,11,76,0.005,MCC
17,11,77,0.005,MCC
17,11,78,0.02,MCC
17,11,79,0.005,MCC
17,11,80,0.03,MCC
17,11,81,0.02,MCC
17,11,82,0.03,MCC
17,11,83,0.005,MCC
17,11,84,0.005,MCC
17,11,85,0.02,MCC
17,11,86,0.005,MCC
17,11,87,0.005,MCC
17,11,88,0.01,MCC
17,11,89,0.005,MCC
17,11,90,0.005,MCC
17,11,91,0.01,MCC
17,11,92,0.025,MCC
17,11,93,0.005,MCC
17,11,94,0.005,MCC
17,11,95,0.005,MCC
17,11,96,0.02,MCC
17,11,97,0.025,MCC
17,11,98,0.02,MCC
17,11,99,0.02,MCC
12,20,51,1,CS
12,20,52,0.835,CS
12,20,53,1,CS
12,20,54,0.97,CS
12,20,55,0.91,CS
12,20,56,0.915,CS
12,20,57,1,CS
12,20,58,0.61,CS
12,20,59,1,CS
12,20,60,1,CS
12,20,61,1,CS
12,20,62,1,CS
12,20,63,0.765,CS
12,20,64,1,CS
12,20,51,NA,MCC
12,20,52,0.005,MCC
12,20,53,0.015,MCC
12,20,54,0.005,MCC
12,20,55,0.005,MCC
12,20,56,0.005,MCC
12,20,57,0.005,MCC
12,20,58,0.01,MCC
12,20,59,0.21,MCC
12,20,60,0.005,MCC
12,20,61,0.2,MCC
12,20,62,0.91,MCC
12,20,63,0.915,MCC
12,20,64,1,MCC
12,20,65,0.2,MCC
12,20,66,0.135,MCC
12,20,67,0.005,MCC
12,20,68,0.005,MCC
12,20,69,1,MCC
12,20,70,0.03,MCC
12,20,71,0.255,MCC
12,20,72,0.155,MCC
12,20,73,1,MCC
12,20,74,0.395,MCC
12,20,75,0.765,MCC
12,20,76,0.005,MCC
12,20,77,0.005,MCC
12,20,78,0.005,MCC
12,20,79,0.005,MCC
12,20,80,0.03,MCC
12,20,81,1,MCC
12,20,82,0.005,MCC
12,20,83,0.01,MCC
12,20,84,0.23,MCC
12,20,85,0.09,MCC
12,20,86,1,MCC
12,20,87,0.61,MCC
12,20,88,1,MCC
12,20,89,0.005,MCC
12,20,90,0.005,MCC
12,20,91,0.01,MCC
12,20,92,0.07,MCC
12,20,93,0.13,MCC
12,20,94,0.18,MCC
12,20,95,0.835,MCC
12,20,96,1,MCC
12,20,97,0.97,MCC
12,20,98,0.06,MCC
12,20,99,0.155,MCC
13,34,51,1,CS
13,34,52,0.955,CS
13,34,53,0.96,CS
13,34,54,1,CS
13,34,55,1,CS
13,34,56,1,CS
13,34,57,1,CS
13,34,58,1,CS
13,34,59,1,CS
13,34,60,1,CS
13,34,61,0.98,CS
13,34,62,0.995,CS
13,34,63,1,CS
13,34,64,0.69,CS
13,34,65,1,CS
13,34,66,0.875,CS
13,34,67,1,CS
13,34,68,1,CS
13,34,69,1,CS
13,34,70,0.99,CS
13,34,71,0.8,CS
16,43,51,1,CS
16,43,52,0.525,CS
16,43,53,1,CS
16,43,54,1,CS
16,43,55,0.95,CS
16,43,56,1,CS
16,43,57,1,CS
16,43,58,1,CS
16,43,59,1,CS
13,34,51,NA,MCC
13,34,52,0.005,MCC
13,34,53,0.005,MCC
13,34,54,0.03,MCC
13,34,55,0.8,MCC
13,34,56,0.955,MCC
13,34,57,1,MCC
13,34,58,0.96,MCC
13,34,59,0.005,MCC
13,34,60,0.005,MCC
13,34,61,0.005,MCC
13,34,62,0.005,MCC
13,34,63,0.005,MCC
13,34,64,0.02,MCC
13,34,65,0.005,MCC
13,34,66,0.69,MCC
13,34,67,1,MCC
13,34,68,0.1,MCC
13,34,69,1,MCC
13,34,70,0.005,MCC
13,34,71,0.005,MCC
13,34,72,0.015,MCC
13,34,73,0.33,MCC
13,34,74,1,MCC
13,34,75,1,MCC
13,34,76,0.005,MCC
13,34,77,0.14,MCC
13,34,78,1,MCC
13,34,79,0.98,MCC
13,34,80,0.005,MCC
13,34,81,0.14,MCC
13,34,82,0.995,MCC
13,34,83,1,MCC
13,34,84,0.03,MCC
13,34,85,1,MCC
13,34,86,0.005,MCC
13,34,87,0.01,MCC
13,34,88,0.445,MCC
13,34,89,0.055,MCC
13,34,90,1,MCC
13,34,91,1,MCC
13,34,92,1,MCC
13,34,93,0.005,MCC
13,34,94,0.005,MCC
13,34,95,0.045,MCC
13,34,96,0.875,MCC
13,34,97,1,MCC
13,34,98,0.99,MCC
13,34,99,0.18,MCC
16,43,51,NA,MCC
16,43,52,0.005,MCC
16,43,53,0.005,MCC
16,43,54,0.005,MCC
16,43,55,0.015,MCC
16,43,56,0.525,MCC
16,43,57,1,MCC
16,43,58,1,MCC
16,43,59,0.055,MCC
16,43,60,0.005,MCC
16,43,61,0.005,MCC
16,43,62,0.005,MCC
16,43,63,1,MCC
16,43,64,0.01,MCC
16,43,65,0.1,MCC
16,43,66,0.2,MCC
16,43,67,0.215,MCC
16,43,68,1,MCC
16,43,69,0.01,MCC
16,43,70,0.03,MCC
16,43,71,0.03,MCC
16,43,72,0.005,MCC
16,43,73,0.005,MCC
16,43,74,0.005,MCC
16,43,75,0.005,MCC
16,43,76,0.005,MCC
16,43,77,0.005,MCC
16,43,78,0.02,MCC
16,43,79,0.015,MCC
16,43,80,0.01,MCC
16,43,81,0.01,MCC
16,43,82,0.05,MCC
16,43,83,0.01,MCC
16,43,84,0.005,MCC
16,43,85,0.025,MCC
16,43,86,0.005,MCC
16,43,87,0.005,MCC
16,43,88,0.005,MCC
16,43,89,0.01,MCC
16,43,90,0.005,MCC
16,43,91,0.01,MCC
16,43,92,0.14,MCC
16,43,93,0.05,MCC
16,43,94,0.225,MCC
16,43,95,0.95,MCC
16,43,96,1,MCC
16,43,97,0.02,MCC
16,43,98,0.44,MCC
16,43,99,1,MCC
13,25,51,1,CS
13,25,52,0.965,CS
13,25,53,0.875,CS
13,25,54,0.59,CS
13,25,55,0.995,CS
13,25,56,0.52,CS
13,25,57,1,CS
13,25,58,1,CS
13,25,59,1,CS
13,25,60,1,CS
13,25,61,0.995,CS
13,25,62,0.875,CS
13,25,63,0.955,CS
13,25,64,1,CS
13,25,65,1,CS
13,25,66,1,CS
13,25,51,NA,MCC
13,25,52,0.005,MCC
13,25,53,0.005,MCC
13,25,54,0.005,MCC
13,25,55,0.02,MCC
13,25,56,0.955,MCC
13,25,57,0.005,MCC
13,25,58,0.005,MCC
13,25,59,0.005,MCC
13,25,60,0.045,MCC
13,25,61,0.13,MCC
13,25,62,0.08,MCC
13,25,63,0.995,MCC
13,25,64,0.52,MCC
13,25,65,0.085,MCC
13,25,66,1,MCC
13,25,67,1,MCC
13,25,68,0.005,MCC
13,25,69,0.005,MCC
13,25,70,0.005,MCC
13,25,71,0.005,MCC
13,25,72,0.025,MCC
13,25,73,0.005,MCC
13,25,74,1,MCC
13,25,75,0.005,MCC
13,25,76,0.055,MCC
13,25,77,0.995,MCC
13,25,78,0.005,MCC
13,25,79,0.005,MCC
13,25,80,0.06,MCC
13,25,81,1,MCC
13,25,82,0.005,MCC
13,25,83,0.01,MCC
13,25,84,0.33,MCC
13,25,85,0.965,MCC
13,25,86,0.465,MCC
13,25,87,0.875,MCC
13,25,88,0.205,MCC
13,25,89,0.155,MCC
13,25,90,0.875,MCC
13,25,91,1,MCC
13,25,92,1,MCC
13,25,93,0.005,MCC
13,25,94,0.01,MCC
13,25,95,0.155,MCC
13,25,96,0.255,MCC
13,25,97,0.015,MCC
13,25,98,0.025,MCC
13,25,99,1,MCC
2,11,51,1,CS
2,11,52,0.585,CS
2,11,53,0.99,CS
2,11,54,0.545,CS
2,11,55,1,CS
2,11,56,1,CS
2,11,57,1,CS
2,11,58,1,CS
2,11,59,1,CS
2,11,60,1,CS
2,11,61,1,CS
2,11,62,1,CS
2,11,63,1,CS
2,11,64,0.515,CS
2,11,65,1,CS
2,11,66,0.89,CS
2,11,67,1,CS
2,11,68,0.595,CS
2,11,69,1,CS
2,11,70,0.565,CS
2,11,71,1,CS
2,11,72,1,CS
2,11,73,1,CS
2,11,74,1,CS
2,11,75,0.895,CS
2,11,76,0.865,CS
2,11,77,1,CS
2,11,78,1,CS
2,11,79,0.975,CS
2,11,80,0.845,CS
2,11,81,0.93,CS
2,11,82,0.845,CS
2,11,83,0.985,CS
2,11,84,0.925,CS
2,11,85,0.94,CS
2,11,86,1,CS
2,11,87,0.99,CS
2,11,88,0.53,CS
2,11,89,1,CS
2,11,90,0.97,CS
2,11,91,1,CS
2,11,92,1,CS
2,11,93,1,CS
2,11,94,1,CS
2,11,51,NA,MCC
2,11,52,0.585,MCC
2,11,53,0.89,MCC
2,11,54,1,MCC
2,11,55,0.595,MCC
2,11,56,1,MCC
2,11,57,1,MCC
2,11,58,0.565,MCC
2,11,59,1,MCC
2,11,60,1,MCC
2,11,61,1,MCC
2,11,62,0.895,MCC
2,11,63,0.865,MCC
2,11,64,1,MCC
2,11,65,1,MCC
2,11,66,0.975,MCC
2,11,67,0.99,MCC
2,11,68,0.545,MCC
2,11,69,0.385,MCC
2,11,70,0.515,MCC
2,11,71,1,MCC
2,11,72,1,MCC
2,11,73,0.37,MCC
2,11,74,1,MCC
2,11,75,0.445,MCC
2,11,76,1,MCC
2,11,77,1,MCC
2,11,78,1,MCC
2,11,79,1,MCC
2,11,80,1,MCC
2,11,81,1,MCC
2,11,82,1,MCC
2,11,83,0.845,MCC
2,11,84,0.93,MCC
2,11,85,0.3,MCC
2,11,86,0.845,MCC
2,11,87,0.985,MCC
2,11,88,0.925,MCC
2,11,89,0.99,MCC
2,11,90,0.53,MCC
2,11,91,0.94,MCC
2,11,92,1,MCC
2,11,93,1,MCC
2,11,94,0.5,MCC
2,11,95,0.97,MCC
2,11,96,1,MCC
2,11,97,1,MCC
2,11,98,1,MCC
2,11,99,1,MCC
13,20,51,1,CS
13,20,52,0.615,CS
13,20,53,1,CS
13,20,54,1,CS
13,20,55,1,CS
13,20,56,0.605,CS
13,20,57,0.62,CS
13,20,58,1,CS
13,20,59,1,CS
13,20,60,1,CS
13,20,61,1,CS
13,20,51,NA,MCC
13,20,52,0.005,MCC
13,20,53,0.005,MCC
13,20,54,0.005,MCC
13,20,55,0.005,MCC
13,20,56,0.005,MCC
13,20,57,0.005,MCC
13,20,58,0.425,MCC
13,20,59,0.055,MCC
13,20,60,0.08,MCC
13,20,61,1,MCC
13,20,62,0.315,MCC
13,20,63,1,MCC
13,20,64,0.045,MCC
13,20,65,0.04,MCC
13,20,66,1,MCC
13,20,67,0.015,MCC
13,20,68,0.005,MCC
13,20,69,0.005,MCC
13,20,70,0.005,MCC
13,20,71,0.005,MCC
13,20,72,0.015,MCC
13,20,73,0.135,MCC
13,20,74,0.005,MCC
13,20,75,0.035,MCC
13,20,76,0.01,MCC
13,20,77,0.03,MCC
13,20,78,1,MCC
13,20,79,1,MCC
13,20,80,0.245,MCC
13,20,81,0.005,MCC
13,20,82,0.015,MCC
13,20,83,0.115,MCC
13,20,84,0.005,MCC
13,20,85,0.605,MCC
13,20,86,0.15,MCC
13,20,87,0.005,MCC
13,20,88,0.02,MCC
13,20,89,0.005,MCC
13,20,90,0.425,MCC
13,20,91,1,MCC
13,20,92,0.065,MCC
13,20,93,0.025,MCC
13,20,94,0.185,MCC
13,20,95,1,MCC
13,20,96,0.005,MCC
13,20,97,0.01,MCC
13,20,98,0.035,MCC
13,20,99,0.36,MCC
12,16,51,1,CS
12,16,52,0.99,CS
12,16,53,0.54,CS
12,16,54,0.965,CS
12,16,55,1,CS
12,16,56,0.67,CS
12,16,57,0.925,CS
12,16,58,0.98,CS
12,16,59,1,CS
12,16,60,1,CS
12,16,61,0.53,CS
12,16,62,1,CS
12,16,63,0.675,CS
12,16,51,NA,MCC
12,16,52,0.005,MCC
12,16,53,0.005,MCC
12,16,54,0.005,MCC
12,16,55,0.005,MCC
12,16,56,0.015,MCC
12,16,57,0.07,MCC
12,16,58,0.005,MCC
12,16,59,0.14,MCC
12,16,60,0.03,MCC
12,16,61,1,MCC
12,16,62,0.005,MCC
12,16,63,0.005,MCC
12,16,64,0.005,MCC
12,16,65,0.005,MCC
12,16,66,0.005,MCC
12,16,67,0.01,MCC
12,16,68,0.53,MCC
12,16,69,0.005,MCC
12,16,70,0.02,MCC
12,16,71,0.215,MCC
12,16,72,1,MCC
12,16,73,0.395,MCC
12,16,74,0.03,MCC
12,16,75,0.02,MCC
12,16,76,0.005,MCC
12,16,77,0.005,MCC
12,16,78,0.005,MCC
12,16,79,0.005,MCC
12,16,80,0.01,MCC
12,16,81,0.015,MCC
12,16,82,1,MCC
12,16,83,0.175,MCC
12,16,84,0.005,MCC
12,16,85,0.67,MCC
12,16,86,0.925,MCC
12,16,87,1,MCC
12,16,88,0.02,MCC
12,16,89,0.675,MCC
12,16,90,0.99,MCC
12,16,91,0.54,MCC
12,16,92,0.965,MCC
12,16,93,0.005,MCC
12,16,94,0.005,MCC
12,16,95,0.005,MCC
12,16,96,0.22,MCC
12,16,97,0.005,MCC
12,16,98,0.98,MCC
12,16,99,0.135,MCC
17,43,51,1,CS
17,43,52,1,CS
17,43,53,1,CS
17,43,54,1,CS
17,43,55,1,CS
17,43,56,1,CS
17,43,57,1,CS
17,43,58,1,CS
17,43,51,NA,MCC
17,43,52,0.005,MCC
17,43,53,0.005,MCC
17,43,54,0.005,MCC
17,43,55,0.005,MCC
17,43,56,0.005,MCC
17,43,57,0.035,MCC
17,43,58,0.11,MCC
17,43,59,0.005,MCC
17,43,60,0.005,MCC
17,43,61,0.01,MCC
17,43,62,0.34,MCC
17,43,63,0.045,MCC
17,43,64,0.005,MCC
17,43,65,0.005,MCC
17,43,66,0.015,MCC
17,43,67,1,MCC
17,43,68,0.005,MCC
17,43,69,0.015,MCC
17,43,70,0.055,MCC
17,43,71,0.025,MCC
17,43,72,0.03,MCC
17,43,73,0.005,MCC
17,43,74,0.005,MCC
17,43,75,0.005,MCC
17,43,76,0.02,MCC
17,43,77,0.005,MCC
17,43,78,0.015,MCC
17,43,79,0.095,MCC
17,43,80,1,MCC
17,43,81,0.005,MCC
17,43,82,0.005,MCC
17,43,83,0.005,MCC
17,43,84,0.025,MCC
17,43,85,1,MCC
17,43,86,0.11,MCC
17,43,87,1,MCC
17,43,88,1,MCC
17,43,89,0.04,MCC
17,43,90,0.005,MCC
17,43,91,0.005,MCC
17,43,92,0.005,MCC
17,43,93,0.31,MCC
17,43,94,1,MCC
17,43,95,1,MCC
17,43,96,0.03,MCC
17,43,97,0.005,MCC
17,43,98,0.025,MCC
17,43,99,0.025,MCC
15,3,51,1,CS
15,3,52,0.905,CS
15,3,53,0.955,CS
15,3,54,1,CS
15,3,55,0.95,CS
15,3,56,0.99,CS
15,3,57,0.84,CS
15,3,58,1,CS
15,3,59,0.625,CS
15,3,60,1,CS
15,3,61,1,CS
15,3,62,0.995,CS
15,3,63,1,CS
15,3,64,1,CS
15,3,65,1,CS
15,3,66,0.935,CS
15,3,67,0.715,CS
15,3,68,1,CS
15,3,69,0.835,CS
14,20,51,1,CS
14,20,52,0.565,CS
14,20,51,NA,MCC
14,20,52,0.005,MCC
14,20,53,0.005,MCC
14,20,54,0.005,MCC
14,20,55,0.005,MCC
14,20,56,0.005,MCC
14,20,57,0.005,MCC
14,20,58,0.005,MCC
14,20,59,0.015,MCC
14,20,60,0.015,MCC
14,20,61,0.005,MCC
14,20,62,0.005,MCC
14,20,63,0.015,MCC
14,20,64,0.005,MCC
14,20,65,0.005,MCC
14,20,66,0.02,MCC
14,20,67,0.015,MCC
14,20,68,0.005,MCC
14,20,69,0.005,MCC
14,20,70,0.015,MCC
14,20,71,0.03,MCC
14,20,72,0.02,MCC
14,20,73,0.005,MCC
14,20,74,0.005,MCC
14,20,75,0.025,MCC
14,20,76,0.005,MCC
14,20,77,0.005,MCC
14,20,78,0.005,MCC
14,20,79,0.005,MCC
14,20,80,0.035,MCC
14,20,81,0.565,MCC
14,20,82,0.005,MCC
14,20,83,0.01,MCC
14,20,84,0.005,MCC
14,20,85,0.03,MCC
14,20,86,0.005,MCC
14,20,87,0.01,MCC
14,20,88,0.005,MCC
14,20,89,0.02,MCC
14,20,90,0.005,MCC
14,20,91,0.005,MCC
14,20,92,0.005,MCC
14,20,93,0.005,MCC
14,20,94,0.02,MCC
14,20,95,0.04,MCC
14,20,96,0.02,MCC
14,20,97,0.005,MCC
14,20,98,0.015,MCC
14,20,99,0.03,MCC
17,39,51,1,CS
17,39,52,1,CS
17,39,53,0.6,CS
17,39,54,1,CS
17,39,55,1,CS
17,39,56,1,CS
17,39,57,1,CS
17,39,58,0.995,CS
17,39,59,0.82,CS
17,39,60,1,CS
17,39,61,1,CS
17,39,62,1,CS
17,39,63,1,CS
17,39,64,1,CS
17,39,65,0.985,CS
17,39,66,1,CS
17,39,67,1,CS
15,3,51,NA,MCC
15,3,52,0.01,MCC
15,3,53,0.005,MCC
15,3,54,0.095,MCC
15,3,55,0.95,MCC
15,3,56,0.99,MCC
15,3,57,0.84,MCC
15,3,58,0.995,MCC
15,3,59,1,MCC
15,3,60,0.715,MCC
15,3,61,0.005,MCC
15,3,62,0.005,MCC
15,3,63,0.005,MCC
15,3,64,0.005,MCC
15,3,65,0.005,MCC
15,3,66,0.005,MCC
15,3,67,0.06,MCC
15,3,68,0.935,MCC
15,3,69,0.835,MCC
15,3,70,0.1,MCC
15,3,71,0.905,MCC
15,3,72,0.955,MCC
15,3,73,1,MCC
15,3,74,0.005,MCC
15,3,75,0.005,MCC
15,3,76,0.005,MCC
15,3,77,0.005,MCC
15,3,78,0.005,MCC
15,3,79,0.005,MCC
15,3,80,0.02,MCC
15,3,81,1,MCC
15,3,82,0.625,MCC
15,3,83,0.185,MCC
15,3,84,1,MCC
15,3,85,0.01,MCC
15,3,86,0.345,MCC
15,3,87,0.055,MCC
15,3,88,0.005,MCC
15,3,89,0.005,MCC
15,3,90,0.08,MCC
15,3,91,0.025,MCC
15,3,92,1,MCC
15,3,93,1,MCC
15,3,94,1,MCC
15,3,95,1,MCC
15,3,96,0.005,MCC
15,3,97,0.02,MCC
15,3,98,0.115,MCC
15,3,99,0.065,MCC
17,39,51,NA,MCC
17,39,52,0.005,MCC
17,39,53,0.005,MCC
17,39,54,0.01,MCC
17,39,55,0.035,MCC
17,39,56,1,MCC
17,39,57,0.005,MCC
17,39,58,0.005,MCC
17,39,59,0.005,MCC
17,39,60,0.01,MCC
17,39,61,0.115,MCC
17,39,62,0.02,MCC
17,39,63,0.45,MCC
17,39,64,0.085,MCC
17,39,65,1,MCC
17,39,66,0.005,MCC
17,39,67,1,MCC
17,39,68,1,MCC
17,39,69,0.005,MCC
17,39,70,0.005,MCC
17,39,71,0.015,MCC
17,39,72,0.015,MCC
17,39,73,0.995,MCC
17,39,74,0.82,MCC
17,39,75,1,MCC
17,39,76,0.005,MCC
17,39,77,0.005,MCC
17,39,78,0.02,MCC
17,39,79,1,MCC
17,39,80,0.6,MCC
17,39,81,0.005,MCC
17,39,82,0.005,MCC
17,39,83,0.005,MCC
17,39,84,0.105,MCC
17,39,85,0.115,MCC
17,39,86,0.055,MCC
17,39,87,1,MCC
17,39,88,0.11,MCC
17,39,89,1,MCC
17,39,90,0.005,MCC
17,39,91,0.11,MCC
17,39,92,1,MCC
17,39,93,1,MCC
17,39,94,1,MCC
17,39,95,1,MCC
17,39,96,0.195,MCC
17,39,97,0.01,MCC
17,39,98,0.115,MCC
17,39,99,0.985,MCC
3,11,51,1,CS
3,11,52,0.58,CS
3,11,53,1,CS
3,11,54,0.91,CS
3,11,55,0.57,CS
3,11,56,1,CS
3,11,57,1,CS
3,11,58,1,CS
3,11,59,1,CS
3,11,60,0.935,CS
3,11,61,0.575,CS
3,11,62,0.525,CS
3,11,63,0.555,CS
3,11,64,1,CS
3,11,65,0.535,CS
3,11,66,0.52,CS
3,11,67,0.755,CS
3,11,68,0.85,CS
3,11,69,0.98,CS
3,11,70,0.67,CS
3,11,71,1,CS
3,11,72,0.945,CS
3,11,73,1,CS
3,11,74,0.935,CS
3,11,75,0.94,CS
3,11,76,1,CS
3,11,77,1,CS
3,11,78,0.955,CS
3,11,79,0.645,CS
3,11,80,0.83,CS
3,11,81,1,CS
3,11,82,1,CS
3,11,83,1,CS
3,11,84,0.825,CS
3,11,85,1,CS
3,11,86,0.98,CS
3,11,87,1,CS
3,11,88,0.73,CS
3,11,89,1,CS
3,11,90,0.59,CS
3,11,91,1,CS
14,34,51,1,CS
14,34,52,1,CS
14,34,53,1,CS
14,34,54,1,CS
14,34,55,1,CS
14,34,56,0.94,CS
14,34,57,1,CS
14,34,58,1,CS
14,34,59,0.955,CS
14,34,60,1,CS
14,34,61,1,CS
14,34,62,0.995,CS
14,34,63,0.935,CS
14,34,64,0.92,CS
14,34,65,1,CS
14,34,66,0.975,CS
14,34,67,1,CS
14,34,68,1,CS
3,11,51,NA,MCC
3,11,52,0.13,MCC
3,11,53,1,MCC
3,11,54,0.11,MCC
3,11,55,0.165,MCC
3,11,56,0.59,MCC
3,11,57,0.955,MCC
3,11,58,0.645,MCC
3,11,59,0.73,MCC
3,11,60,1,MCC
3,11,61,0.83,MCC
3,11,62,1,MCC
3,11,63,0.825,MCC
3,11,64,1,MCC
3,11,65,1,MCC
3,11,66,1,MCC
3,11,67,0.98,MCC
3,11,68,1,MCC
3,11,69,0.535,MCC
3,11,70,0.755,MCC
3,11,71,0.85,MCC
3,11,72,1,MCC
3,11,73,0.98,MCC
3,11,74,0.67,MCC
3,11,75,1,MCC
3,11,76,0.945,MCC
3,11,77,0.935,MCC
3,11,78,0.94,MCC
3,11,79,1,MCC
3,11,80,0.44,MCC
3,11,81,1,MCC
3,11,82,0.345,MCC
3,11,83,0.58,MCC
3,11,84,0.39,MCC
3,11,85,0.185,MCC
3,11,86,0.555,MCC
3,11,87,0.37,MCC
3,11,88,0.475,MCC
3,11,89,1,MCC
3,11,90,0.935,MCC
3,11,91,0.155,MCC
3,11,92,0.525,MCC
3,11,93,1,MCC
3,11,94,0.91,MCC
3,11,95,1,MCC
3,11,96,0.355,MCC
3,11,97,1,MCC
3,11,98,1,MCC
3,11,99,1,MCC
14,34,51,NA,MCC
14,34,52,0.005,MCC
14,34,53,0.005,MCC
14,34,54,0.005,MCC
14,34,55,0.005,MCC
14,34,56,0.005,MCC
14,34,57,0.005,MCC
14,34,58,0.35,MCC
14,34,59,0.975,MCC
14,34,60,1,MCC
14,34,61,0.955,MCC
14,34,62,0.025,MCC
14,34,63,0.14,MCC
14,34,64,0.005,MCC
14,34,65,0.025,MCC
14,34,66,0.46,MCC
14,34,67,0.315,MCC
14,34,68,0.08,MCC
14,34,69,0.005,MCC
14,34,70,0.005,MCC
14,34,71,0.455,MCC
14,34,72,1,MCC
14,34,73,0.015,MCC
14,34,74,1,MCC
14,34,75,1,MCC
14,34,76,1,MCC
14,34,77,0.005,MCC
14,34,78,0.005,MCC
14,34,79,0.005,MCC
14,34,80,0.03,MCC
14,34,81,0.92,MCC
14,34,82,1,MCC
14,34,83,0.005,MCC
14,34,84,0.005,MCC
14,34,85,0.075,MCC
14,34,86,0.995,MCC
14,34,87,0.935,MCC
14,34,88,1,MCC
14,34,89,1,MCC
14,34,90,0.005,MCC
14,34,91,0.05,MCC
14,34,92,0.14,MCC
14,34,93,0.005,MCC
14,34,94,0.14,MCC
14,34,95,0.42,MCC
14,34,96,1,MCC
14,34,97,1,MCC
14,34,98,0.94,MCC
14,34,99,1,MCC
10,7,51,1,CS
10,7,52,0.585,CS
10,7,53,0.77,CS
10,7,54,1,CS
10,7,55,0.775,CS
10,7,56,1,CS
10,7,57,1,CS
10,7,58,1,CS
10,7,59,1,CS
10,7,60,0.89,CS
10,7,61,0.975,CS
10,7,62,1,CS
10,7,63,0.915,CS
10,7,64,0.955,CS
10,7,65,1,CS
10,7,66,1,CS
10,7,67,1,CS
10,7,68,0.605,CS
10,7,69,1,CS
10,7,70,1,CS
10,7,71,1,CS
10,7,72,1,CS
10,7,73,1,CS
10,7,74,1,CS
10,7,51,NA,MCC
10,7,52,0.005,MCC
10,7,53,0.005,MCC
10,7,54,0.01,MCC
10,7,55,0.04,MCC
10,7,56,0.17,MCC
10,7,57,1,MCC
10,7,58,0.005,MCC
10,7,59,0.005,MCC
10,7,60,0.105,MCC
10,7,61,0.43,MCC
10,7,62,0.585,MCC
10,7,63,0.215,MCC
10,7,64,1,MCC
10,7,65,0.77,MCC
10,7,66,1,MCC
10,7,67,0.775,MCC
10,7,68,1,MCC
10,7,69,0.01,MCC
10,7,70,0.915,MCC
10,7,71,0.955,MCC
10,7,72,1,MCC
10,7,73,0.185,MCC
10,7,74,0.025,MCC
10,7,75,0.435,MCC
10,7,76,1,MCC
10,7,77,1,MCC
10,7,78,1,MCC
10,7,79,1,MCC
10,7,80,0.01,MCC
10,7,81,0.07,MCC
10,7,82,0.005,MCC
10,7,83,0.01,MCC
10,7,84,0.215,MCC
10,7,85,1,MCC
10,7,86,0.28,MCC
10,7,87,0.02,MCC
10,7,88,0.2,MCC
10,7,89,0.18,MCC
10,7,90,1,MCC
10,7,91,1,MCC
10,7,92,0.975,MCC
10,7,93,0.175,MCC
10,7,94,0.16,MCC
10,7,95,0.03,MCC
10,7,96,1,MCC
10,7,97,1,MCC
10,7,98,0.045,MCC
10,7,99,1,MCC
13,16,51,1,CS
13,16,51,NA,MCC
13,16,52,0.005,MCC
13,16,53,0.025,MCC
13,16,54,0.005,MCC
13,16,55,0.005,MCC
13,16,56,0.005,MCC
13,16,57,0.01,MCC
13,16,58,0.005,MCC
13,16,59,0.025,MCC
13,16,60,0.005,MCC
13,16,61,0.005,MCC
13,16,62,0.01,MCC
13,16,63,0.025,MCC
13,16,64,0.005,MCC
13,16,65,0.005,MCC
13,16,66,0.005,MCC
13,16,67,0.02,MCC
13,16,68,0.01,MCC
13,16,69,0.005,MCC
13,16,70,0.025,MCC
13,16,71,0.035,MCC
13,16,72,0.01,MCC
13,16,73,0.005,MCC
13,16,74,0.005,MCC
13,16,75,0.005,MCC
13,16,76,0.005,MCC
13,16,77,0.005,MCC
13,16,78,0.01,MCC
13,16,79,0.01,MCC
13,16,80,0.025,MCC
13,16,81,0.03,MCC
13,16,82,0.005,MCC
13,16,83,0.005,MCC
13,16,84,0.005,MCC
13,16,85,0.005,MCC
13,16,86,0.01,MCC
13,16,87,0.015,MCC
13,16,88,0.005,MCC
13,16,89,0.005,MCC
13,16,90,0.025,MCC
13,16,91,0.015,MCC
13,16,92,0.03,MCC
13,16,93,0.015,MCC
13,16,94,0.005,MCC
13,16,95,0.005,MCC
13,16,96,0.005,MCC
13,16,97,0.005,MCC
13,16,98,0.025,MCC
13,16,99,0.02,MCC
2,43,51,1,CS
2,43,52,0.7,CS
2,43,53,0.87,CS
2,43,54,0.52,CS
2,43,55,1,CS
2,43,56,1,CS
2,43,57,0.745,CS
2,43,58,1,CS
2,43,59,1,CS
2,43,60,1,CS
2,43,61,1,CS
2,43,62,0.63,CS
2,43,63,1,CS
2,43,64,1,CS
2,43,65,0.96,CS
2,43,66,1,CS
2,43,67,0.9,CS
2,43,68,1,CS
2,43,69,1,CS
2,43,70,0.99,CS
2,43,71,1,CS
2,43,72,1,CS
2,43,73,1,CS
2,43,74,1,CS
2,43,75,0.63,CS
2,43,76,0.98,CS
2,43,77,1,CS
2,43,78,0.75,CS
2,43,79,0.635,CS
2,43,80,1,CS
2,43,81,1,CS
2,43,82,1,CS
2,43,83,0.725,CS
2,43,84,1,CS
2,43,85,1,CS
2,43,86,0.705,CS
2,43,87,1,CS
2,43,88,1,CS
2,43,89,1,CS
2,43,90,1,CS
2,43,91,1,CS
2,43,92,1,CS
2,43,93,0.585,CS
2,43,94,1,CS
2,43,95,0.97,CS
2,43,96,0.83,CS
2,43,97,1,CS
2,43,98,1,CS
2,43,51,NA,MCC
2,43,52,1,MCC
2,43,53,0.97,MCC
2,43,54,0.83,MCC
2,43,55,1,MCC
2,43,56,1,MCC
2,43,57,0.7,MCC
2,43,58,0.725,MCC
2,43,59,1,MCC
2,43,60,1,MCC
2,43,61,1,MCC
2,43,62,0.705,MCC
2,43,63,1,MCC
2,43,64,1,MCC
2,43,65,1,MCC
2,43,66,1,MCC
2,43,67,1,MCC
2,43,68,0.585,MCC
2,43,69,0.87,MCC
2,43,70,0.75,MCC
2,43,71,0.635,MCC
2,43,72,1,MCC
2,43,73,1,MCC
2,43,74,1,MCC
2,43,75,0.52,MCC
2,43,76,0.39,MCC
2,43,77,0.98,MCC
2,43,78,1,MCC
2,43,79,0.99,MCC
2,43,80,1,MCC
2,43,81,1,MCC
2,43,82,1,MCC
2,43,83,1,MCC
2,43,84,0.63,MCC
2,43,85,1,MCC
2,43,86,0.9,MCC
2,43,87,1,MCC
2,43,88,1,MCC
2,43,89,1,MCC
2,43,90,0.745,MCC
2,43,91,0.63,MCC
2,43,92,0.96,MCC
2,43,93,1,MCC
2,43,94,1,MCC
2,43,95,1,MCC
2,43,96,1,MCC
2,43,97,1,MCC
2,43,98,1,MCC
2,43,99,1,MCC
10,48,51,1,CS
10,48,52,1,CS
10,48,53,1,CS
10,48,54,1,CS
10,48,55,0.53,CS
10,48,56,1,CS
10,48,57,0.955,CS
10,48,58,1,CS
10,48,59,1,CS
10,48,60,1,CS
10,48,61,1,CS
10,48,62,0.54,CS
10,48,63,1,CS
10,48,64,1,CS
10,48,65,1,CS
10,48,66,1,CS
10,48,67,1,CS
10,48,68,0.78,CS
10,48,69,0.595,CS
10,48,70,0.81,CS
10,48,71,1,CS
10,48,72,1,CS
10,48,73,1,CS
10,48,51,NA,MCC
10,48,52,0.005,MCC
10,48,53,0.005,MCC
10,48,54,0.015,MCC
10,48,55,0.43,MCC
10,48,56,0.15,MCC
10,48,57,0.955,MCC
10,48,58,1,MCC
10,48,59,1,MCC
10,48,60,1,MCC
10,48,61,1,MCC
10,48,62,0.035,MCC
10,48,63,0.27,MCC
10,48,64,0.405,MCC
10,48,65,0.015,MCC
10,48,66,0.16,MCC
10,48,67,0.21,MCC
10,48,68,1,MCC
10,48,69,1,MCC
10,48,70,0.78,MCC
10,48,71,0.37,MCC
10,48,72,0.135,MCC
10,48,73,0.085,MCC
10,48,74,0.22,MCC
10,48,75,1,MCC
10,48,76,0.005,MCC
10,48,77,0.01,MCC
10,48,78,0.01,MCC
10,48,79,0.04,MCC
10,48,80,0.075,MCC
10,48,81,1,MCC
10,48,82,0.005,MCC
10,48,83,0.085,MCC
10,48,84,1,MCC
10,48,85,1,MCC
10,48,86,1,MCC
10,48,87,0.335,MCC
10,48,88,0.415,MCC
10,48,89,0.21,MCC
10,48,90,0.07,MCC
10,48,91,1,MCC
10,48,92,1,MCC
10,48,93,1,MCC
10,48,94,0.13,MCC
10,48,95,0.23,MCC
10,48,96,1,MCC
10,48,97,0.32,MCC
10,48,98,0.81,MCC
10,48,99,1,MCC
15,20,51,1,CS
15,20,52,0.95,CS
15,20,53,0.9,CS
15,20,54,0.515,CS
15,20,55,1,CS
15,20,56,1,CS
15,20,57,1,CS
15,20,58,1,CS
15,20,59,1,CS
15,20,60,0.585,CS
15,20,61,0.505,CS
2,39,51,1,CS
2,39,52,0.98,CS
2,39,53,1,CS
2,39,54,1,CS
2,39,55,1,CS
2,39,56,1,CS
2,39,57,0.995,CS
2,39,58,0.95,CS
2,39,59,1,CS
2,39,60,1,CS
2,39,61,1,CS
2,39,62,1,CS
2,39,63,1,CS
2,39,64,0.99,CS
2,39,65,1,CS
2,39,66,0.63,CS
2,39,67,1,CS
2,39,68,1,CS
2,39,69,1,CS
2,39,70,1,CS
2,39,71,1,CS
2,39,72,0.825,CS
2,39,73,0.955,CS
2,39,74,1,CS
2,39,75,1,CS
2,39,76,0.845,CS
2,39,77,1,CS
2,39,78,1,CS
2,39,79,0.99,CS
2,39,80,1,CS
2,39,81,0.93,CS
2,39,82,1,CS
2,39,83,1,CS
2,39,84,0.89,CS
2,39,85,1,CS
2,39,86,1,CS
2,39,87,0.705,CS
2,39,88,1,CS
2,39,89,1,CS
2,39,90,0.72,CS
2,39,91,1,CS
2,39,92,1,CS
2,39,93,1,CS
2,39,94,1,CS
15,20,51,NA,MCC
15,20,52,0.005,MCC
15,20,53,0.005,MCC
15,20,54,0.005,MCC
15,20,55,0.005,MCC
15,20,56,0.005,MCC
15,20,57,0.005,MCC
15,20,58,0.005,MCC
15,20,59,0.005,MCC
15,20,60,0.02,MCC
15,20,61,0.03,MCC
15,20,62,0.02,MCC
15,20,63,0.005,MCC
15,20,64,0.005,MCC
15,20,65,0.005,MCC
15,20,66,0.045,MCC
15,20,67,0.95,MCC
15,20,68,0.9,MCC
15,20,69,0.045,MCC
15,20,70,0.1,MCC
15,20,71,0.005,MCC
15,20,72,0.005,MCC
15,20,73,0.05,MCC
15,20,74,0.34,MCC
15,20,75,0.515,MCC
15,20,76,1,MCC
15,20,77,1,MCC
15,20,78,0.125,MCC
15,20,79,0.505,MCC
15,20,80,0.005,MCC
15,20,81,0.015,MCC
15,20,82,0.245,MCC
15,20,83,0.005,MCC
15,20,84,0.005,MCC
15,20,85,0.005,MCC
15,20,86,0.005,MCC
15,20,87,0.01,MCC
15,20,88,1,MCC
15,20,89,0.585,MCC
15,20,90,0.025,MCC
15,20,91,0.005,MCC
15,20,92,0.01,MCC
15,20,93,1,MCC
15,20,94,0.025,MCC
15,20,95,1,MCC
15,20,96,0.005,MCC
15,20,97,0.005,MCC
15,20,98,0.005,MCC
15,20,99,0.02,MCC
2,39,51,NA,MCC
2,39,52,0.475,MCC
2,39,53,0.5,MCC
2,39,54,1,MCC
2,39,55,1,MCC
2,39,56,1,MCC
2,39,57,1,MCC
2,39,58,1,MCC
2,39,59,0.72,MCC
2,39,60,1,MCC
2,39,61,0.825,MCC
2,39,62,0.955,MCC
2,39,63,1,MCC
2,39,64,1,MCC
2,39,65,1,MCC
2,39,66,1,MCC
2,39,67,0.845,MCC
2,39,68,1,MCC
2,39,69,1,MCC
2,39,70,0.99,MCC
2,39,71,1,MCC
2,39,72,0.93,MCC
2,39,73,0.89,MCC
2,39,74,0.705,MCC
2,39,75,1,MCC
2,39,76,1,MCC
2,39,77,0.98,MCC
2,39,78,0.26,MCC
2,39,79,1,MCC
2,39,80,1,MCC
2,39,81,1,MCC
2,39,82,1,MCC
2,39,83,1,MCC
2,39,84,0.995,MCC
2,39,85,0.95,MCC
2,39,86,1,MCC
2,39,87,1,MCC
2,39,88,1,MCC
2,39,89,0.25,MCC
2,39,90,0.255,MCC
2,39,91,1,MCC
2,39,92,1,MCC
2,39,93,1,MCC
2,39,94,0.63,MCC
2,39,95,1,MCC
2,39,96,1,MCC
2,39,97,0.99,MCC
2,39,98,1,MCC
2,39,99,1,MCC
11,7,51,1,CS
11,7,52,0.595,CS
11,7,53,0.605,CS
11,7,54,1,CS
11,7,55,1,CS
11,7,56,0.995,CS
11,7,57,0.785,CS
11,7,58,1,CS
11,7,59,0.93,CS
11,7,60,1,CS
11,7,61,1,CS
11,7,62,1,CS
11,7,63,0.965,CS
11,7,64,1,CS
11,7,65,1,CS
11,7,66,1,CS
11,7,67,1,CS
11,7,68,0.97,CS
11,7,69,1,CS
11,7,70,1,CS
11,7,71,1,CS
11,7,51,NA,MCC
11,7,52,0.005,MCC
11,7,53,0.005,MCC
11,7,54,0.015,MCC
11,7,55,0.97,MCC
11,7,56,0.005,MCC
11,7,57,0.005,MCC
11,7,58,0.005,MCC
11,7,59,0.055,MCC
11,7,60,1,MCC
11,7,61,1,MCC
11,7,62,0.05,MCC
11,7,63,0.005,MCC
11,7,64,0.05,MCC
11,7,65,0.095,MCC
11,7,66,0.595,MCC
11,7,67,0.165,MCC
11,7,68,1,MCC
11,7,69,1,MCC
11,7,70,0.005,MCC
11,7,71,0.005,MCC
11,7,72,0.005,MCC
11,7,73,0.01,MCC
11,7,74,0.11,MCC
11,7,75,0.075,MCC
11,7,76,0.08,MCC
11,7,77,1,MCC
11,7,78,0.085,MCC
11,7,79,0.995,MCC
11,7,80,0.785,MCC
11,7,81,1,MCC
11,7,82,1,MCC
11,7,83,0.08,MCC
11,7,84,0.93,MCC
11,7,85,1,MCC
11,7,86,0.005,MCC
11,7,87,0.08,MCC
11,7,88,1,MCC
11,7,89,0.02,MCC
11,7,90,0.135,MCC
11,7,91,0.435,MCC
11,7,92,0.965,MCC
11,7,93,1,MCC
11,7,94,1,MCC
11,7,95,0.055,MCC
11,7,96,0.025,MCC
11,7,97,0.02,MCC
11,7,98,1,MCC
11,7,99,1,MCC
14,16,51,1,CS
14,16,52,0.69,CS
14,16,53,1,CS
14,16,54,0.655,CS
14,16,55,1,CS
14,16,56,0.89,CS
14,25,51,1,CS
14,25,52,0.925,CS
14,25,53,1,CS
14,25,54,1,CS
14,25,55,1,CS
14,25,56,1,CS
14,25,57,1,CS
14,25,58,1,CS
14,25,59,1,CS
14,25,60,0.75,CS
14,25,61,1,CS
14,25,62,0.89,CS
14,16,51,NA,MCC
14,16,52,0.005,MCC
14,16,53,0.015,MCC
14,16,54,0.005,MCC
14,16,55,0.005,MCC
14,16,56,0.005,MCC
14,16,57,0.005,MCC
14,16,58,0.005,MCC
14,16,59,0.005,MCC
14,16,60,0.015,MCC
14,16,61,0.09,MCC
14,16,62,1,MCC
14,16,63,0.015,MCC
14,16,64,1,MCC
14,16,65,0.655,MCC
14,16,66,0.005,MCC
14,16,67,0.005,MCC
14,16,68,0.015,MCC
14,16,69,0.005,MCC
14,16,70,0.005,MCC
14,16,71,0.005,MCC
14,16,72,0.005,MCC
14,16,73,0.005,MCC
14,16,74,0.005,MCC
14,16,75,0.69,MCC
14,16,76,0.49,MCC
14,16,77,0.235,MCC
14,16,78,0.105,MCC
14,16,79,0.005,MCC
14,16,80,0.075,MCC
14,16,81,0.005,MCC
14,16,82,0.005,MCC
14,16,83,0.115,MCC
14,16,84,0.005,MCC
14,16,85,0.005,MCC
14,16,86,0.005,MCC
14,16,87,0.015,MCC
14,16,88,0.225,MCC
14,16,89,0.89,MCC
14,16,90,0.015,MCC
14,16,91,0.005,MCC
14,16,92,0.005,MCC
14,16,93,0.005,MCC
14,16,94,0.145,MCC
14,16,95,0.005,MCC
14,16,96,0.02,MCC
14,16,97,0.005,MCC
14,16,98,0.08,MCC
14,16,99,0.01,MCC
14,25,51,NA,MCC
14,25,52,0.005,MCC
14,25,53,0.005,MCC
14,25,54,0.005,MCC
14,25,55,0.89,MCC
14,25,56,0.05,MCC
14,25,57,1,MCC
14,25,58,0.005,MCC
14,25,59,0.005,MCC
14,25,60,0.005,MCC
14,25,61,0.01,MCC
14,25,62,1,MCC
14,25,63,0.005,MCC
14,25,64,0.005,MCC
14,25,65,0.04,MCC
14,25,66,0.005,MCC
14,25,67,0.005,MCC
14,25,68,1,MCC
14,25,69,0.08,MCC
14,25,70,0.75,MCC
14,25,71,0.005,MCC
14,25,72,0.03,MCC
14,25,73,0.19,MCC
14,25,74,0.005,MCC
14,25,75,0.005,MCC
14,25,76,0.005,MCC
14,25,77,0.025,MCC
14,25,78,0.01,MCC
14,25,79,0.18,MCC
14,25,80,1,MCC
14,25,81,1,MCC
14,25,82,1,MCC
14,25,83,1,MCC
14,25,84,0.005,MCC
14,25,85,0.005,MCC
14,25,86,0.01,MCC
14,25,87,0.005,MCC
14,25,88,0.005,MCC
14,25,89,0.22,MCC
14,25,90,0.065,MCC
14,25,91,0.005,MCC
14,25,92,0.145,MCC
14,25,93,0.465,MCC
14,25,94,0.925,MCC
14,25,95,0.485,MCC
14,25,96,1,MCC
14,25,97,0.46,MCC
14,25,98,0.005,MCC
14,25,99,0.085,MCC
16,20,51,1,CS
16,3,51,1,CS
16,3,52,0.93,CS
16,3,53,0.97,CS
16,3,54,1,CS
16,3,55,1,CS
16,3,56,0.795,CS
16,3,57,0.83,CS
16,3,58,1,CS
16,3,59,0.94,CS
16,3,60,1,CS
16,3,61,1,CS
16,3,62,1,CS
16,3,63,1,CS
16,3,64,0.755,CS
16,3,65,0.995,CS
16,3,66,1,CS
16,3,67,1,CS
16,3,68,0.91,CS
16,20,51,NA,MCC
16,20,52,0.005,MCC
16,20,53,0.005,MCC
16,20,54,0.005,MCC
16,20,55,0.02,MCC
16,20,56,0.02,MCC
16,20,57,0.005,MCC
16,20,58,0.005,MCC
16,20,59,0.005,MCC
16,20,60,0.005,MCC
16,20,61,0.015,MCC
16,20,62,0.02,MCC
16,20,63,0.005,MCC
16,20,64,0.005,MCC
16,20,65,0.025,MCC
16,20,66,0.005,MCC
16,20,67,0.015,MCC
16,20,68,0.005,MCC
16,20,69,0.005,MCC
16,20,70,0.03,MCC
16,20,71,0.005,MCC
16,20,72,0.025,MCC
16,20,73,0.035,MCC
16,20,74,0.005,MCC
16,20,75,0.005,MCC
16,20,76,0.005,MCC
16,20,77,0.02,MCC
16,20,78,0.005,MCC
16,20,79,0.03,MCC
16,20,80,0.005,MCC
16,20,81,0.005,MCC
16,20,82,0.005,MCC
16,20,83,0.005,MCC
16,20,84,0.02,MCC
16,20,85,0.005,MCC
16,20,86,0.01,MCC
16,20,87,0.005,MCC
16,20,88,0.02,MCC
16,20,89,0.005,MCC
16,20,90,0.025,MCC
16,20,91,0.005,MCC
16,20,92,0.005,MCC
16,20,93,0.005,MCC
16,20,94,0.005,MCC
16,20,95,0.005,MCC
16,20,96,0.03,MCC
16,20,97,0.03,MCC
16,20,98,0.02,MCC
16,20,99,0.015,MCC
16,3,51,NA,MCC
16,3,52,0.005,MCC
16,3,53,0.005,MCC
16,3,54,0.005,MCC
16,3,55,0.005,MCC
16,3,56,0.06,MCC
16,3,57,0.005,MCC
16,3,58,0.005,MCC
16,3,59,0.075,MCC
16,3,60,0.215,MCC
16,3,61,0.005,MCC
16,3,62,0.005,MCC
16,3,63,0.005,MCC
16,3,64,0.01,MCC
16,3,65,0.03,MCC
16,3,66,1,MCC
16,3,67,0.795,MCC
16,3,68,0.83,MCC
16,3,69,0.045,MCC
16,3,70,1,MCC
16,3,71,1,MCC
16,3,72,0.02,MCC
16,3,73,0.93,MCC
16,3,74,0.97,MCC
16,3,75,1,MCC
16,3,76,1,MCC
16,3,77,0.94,MCC
16,3,78,0.005,MCC
16,3,79,0.005,MCC
16,3,80,0.005,MCC
16,3,81,0.005,MCC
16,3,82,1,MCC
16,3,83,1,MCC
16,3,84,0.005,MCC
16,3,85,0.47,MCC
16,3,86,1,MCC
16,3,87,0.005,MCC
16,3,88,0.01,MCC
16,3,89,0.03,MCC
16,3,90,0.91,MCC
16,3,91,0.335,MCC
16,3,92,0.005,MCC
16,3,93,0.055,MCC
16,3,94,0.02,MCC
16,3,95,0.115,MCC
16,3,96,0.15,MCC
16,3,97,1,MCC
16,3,98,0.995,MCC
16,3,99,0.755,MCC
3,39,51,1,CS
3,39,52,0.86,CS
3,39,53,0.61,CS
3,39,54,1,CS
3,39,55,1,CS
3,39,56,0.72,CS
3,39,57,1,CS
3,39,58,1,CS
3,39,59,1,CS
3,39,60,1,CS
3,39,61,1,CS
3,39,62,1,CS
3,39,63,1,CS
3,39,64,0.535,CS
3,39,65,1,CS
3,39,66,1,CS
3,39,67,1,CS
3,39,68,0.795,CS
3,39,69,1,CS
3,39,70,0.95,CS
3,39,71,1,CS
3,39,72,0.79,CS
3,39,73,1,CS
3,39,74,1,CS
3,39,75,1,CS
3,39,76,0.675,CS
3,39,77,1,CS
3,39,78,1,CS
3,39,79,1,CS
3,39,80,1,CS
3,39,81,0.99,CS
3,39,82,1,CS
3,39,83,1,CS
3,39,84,0.92,CS
3,39,85,1,CS
3,39,86,1,CS
3,39,87,1,CS
3,39,88,1,CS
3,39,89,1,CS
3,39,90,1,CS
3,39,91,1,CS
3,39,92,1,CS
3,39,93,1,CS
3,39,51,NA,MCC
3,39,52,0.86,MCC
3,39,53,0.535,MCC
3,39,54,1,MCC
3,39,55,0.795,MCC
3,39,56,1,MCC
3,39,57,1,MCC
3,39,58,1,MCC
3,39,59,0.95,MCC
3,39,60,1,MCC
3,39,61,0.61,MCC
3,39,62,1,MCC
3,39,63,1,MCC
3,39,64,1,MCC
3,39,65,1,MCC
3,39,66,1,MCC
3,39,67,0.72,MCC
3,39,68,1,MCC
3,39,69,1,MCC
3,39,70,1,MCC
3,39,71,1,MCC
3,39,72,0.255,MCC
3,39,73,0.155,MCC
3,39,74,0.28,MCC
3,39,75,1,MCC
3,39,76,1,MCC
3,39,77,1,MCC
3,39,78,1,MCC
3,39,79,1,MCC
3,39,80,1,MCC
3,39,81,1,MCC
3,39,82,1,MCC
3,39,83,1,MCC
3,39,84,0.46,MCC
3,39,85,0.79,MCC
3,39,86,1,MCC
3,39,87,1,MCC
3,39,88,1,MCC
3,39,89,1,MCC
3,39,90,0.32,MCC
3,39,91,0.43,MCC
3,39,92,1,MCC
3,39,93,0.255,MCC
3,39,94,1,MCC
3,39,95,1,MCC
3,39,96,0.99,MCC
3,39,97,0.92,MCC
3,39,98,1,MCC
3,39,99,1,MCC
15,34,51,1,CS
15,34,52,1,CS
15,34,53,0.69,CS
15,34,54,1,CS
15,34,55,0.99,CS
15,34,56,1,CS
15,34,57,1,CS
15,34,58,0.85,CS
15,34,59,0.66,CS
15,34,60,1,CS
15,34,61,1,CS
15,34,62,0.785,CS
15,34,63,0.86,CS
15,34,64,1,CS
15,34,65,1,CS
15,34,66,1,CS
15,34,67,1,CS
15,34,68,1,CS
15,34,69,0.525,CS
12,7,51,1,CS
12,7,52,0.97,CS
12,7,53,0.97,CS
12,7,54,1,CS
12,7,55,0.905,CS
12,7,56,1,CS
12,7,57,1,CS
12,7,58,1,CS
12,7,59,0.585,CS
12,7,60,1,CS
12,7,61,1,CS
12,7,62,1,CS
12,7,63,1,CS
12,7,64,1,CS
12,7,65,1,CS
12,7,66,1,CS
12,7,67,1,CS
12,7,68,1,CS
12,7,69,0.53,CS
12,7,51,NA,MCC
12,7,52,0.005,MCC
12,7,53,0.005,MCC
12,7,54,0.005,MCC
12,7,55,0.005,MCC
12,7,56,0.28,MCC
12,7,57,0.005,MCC
12,7,58,0.01,MCC
12,7,59,1,MCC
12,7,60,0.905,MCC
12,7,61,1,MCC
12,7,62,0.05,MCC
12,7,63,1,MCC
12,7,64,0.025,MCC
12,7,65,0.585,MCC
12,7,66,0.1,MCC
12,7,67,1,MCC
12,7,68,0.97,MCC
12,7,69,0.97,MCC
12,7,70,1,MCC
12,7,71,0.005,MCC
12,7,72,0.03,MCC
12,7,73,0.325,MCC
12,7,74,0.005,MCC
12,7,75,0.005,MCC
12,7,76,0.005,MCC
12,7,77,0.03,MCC
12,7,78,0.13,MCC
12,7,79,1,MCC
12,7,80,0.025,MCC
12,7,81,1,MCC
12,7,82,0.005,MCC
12,7,83,0.005,MCC
12,7,84,0.005,MCC
12,7,85,0.01,MCC
12,7,86,0.025,MCC
12,7,87,1,MCC
12,7,88,1,MCC
12,7,89,1,MCC
12,7,90,0.005,MCC
12,7,91,0.005,MCC
12,7,92,0.01,MCC
12,7,93,1,MCC
12,7,94,1,MCC
12,7,95,0.38,MCC
12,7,96,0.37,MCC
12,7,97,0.495,MCC
12,7,98,1,MCC
12,7,99,0.53,MCC
15,16,51,1,CS
15,16,52,1,CS
15,16,53,0.545,CS
15,16,54,0.68,CS
15,16,51,NA,MCC
15,16,52,0.005,MCC
15,16,53,0.005,MCC
15,16,54,0.005,MCC
15,16,55,0.005,MCC
15,16,56,0.035,MCC
15,16,57,0.03,MCC
15,16,58,0.005,MCC
15,16,59,0.005,MCC
15,16,60,0.005,MCC
15,16,61,0.005,MCC
15,16,62,0.005,MCC
15,16,63,0.005,MCC
15,16,64,0.025,MCC
15,16,65,0.02,MCC
15,16,66,0.425,MCC
15,16,67,0.025,MCC
15,16,68,0.015,MCC
15,16,69,0.005,MCC
15,16,70,0.005,MCC
15,16,71,0.015,MCC
15,16,72,0.015,MCC
15,16,73,0.68,MCC
15,16,74,0.005,MCC
15,16,75,0.005,MCC
15,16,76,0.005,MCC
15,16,77,0.005,MCC
15,16,78,0.025,MCC
15,16,79,0.015,MCC
15,16,80,0.01,MCC
15,16,81,0.01,MCC
15,16,82,0.02,MCC
15,16,83,0.005,MCC
15,16,84,0.005,MCC
15,16,85,0.015,MCC
15,16,86,0.005,MCC
15,16,87,0.005,MCC
15,16,88,0.025,MCC
15,16,89,1,MCC
15,16,90,0.33,MCC
15,16,91,0.005,MCC
15,16,92,0.005,MCC
15,16,93,0.025,MCC
15,16,94,0.025,MCC
15,16,95,0.005,MCC
15,16,96,0.005,MCC
15,16,97,0.005,MCC
15,16,98,0.02,MCC
15,16,99,0.025,MCC
15,34,51,NA,MCC
15,34,52,0.04,MCC
15,34,53,0.005,MCC
15,34,54,0.005,MCC
15,34,55,0.005,MCC
15,34,56,0.005,MCC
15,34,57,0.02,MCC
15,34,58,1,MCC
15,34,59,0.21,MCC
15,34,60,1,MCC
15,34,61,0.265,MCC
15,34,62,0.07,MCC
15,34,63,0.005,MCC
15,34,64,0.015,MCC
15,34,65,1,MCC
15,34,66,1,MCC
15,34,67,0.04,MCC
15,34,68,0.005,MCC
15,34,69,0.02,MCC
15,34,70,1,MCC
15,34,71,0.05,MCC
15,34,72,0.055,MCC
15,34,73,0.125,MCC
15,34,74,0.99,MCC
15,34,75,1,MCC
15,34,76,1,MCC
15,34,77,0.005,MCC
15,34,78,0.005,MCC
15,34,79,0.005,MCC
15,34,80,0.005,MCC
15,34,81,0.015,MCC
15,34,82,1,MCC
15,34,83,1,MCC
15,34,84,0.005,MCC
15,34,85,0.07,MCC
15,34,86,1,MCC
15,34,87,0.005,MCC
15,34,88,0.06,MCC
15,34,89,0.525,MCC
15,34,90,0.005,MCC
15,34,91,0.85,MCC
15,34,92,0.66,MCC
15,34,93,0.005,MCC
15,34,94,0.18,MCC
15,34,95,0.02,MCC
15,34,96,0.785,MCC
15,34,97,0.86,MCC
15,34,98,0.015,MCC
15,34,99,1,MCC
4,11,51,1,CS
4,11,52,0.735,CS
4,11,53,0.835,CS
4,11,54,1,CS
4,11,55,1,CS
4,11,56,0.745,CS
4,11,57,0.915,CS
4,11,58,0.99,CS
4,11,59,0.69,CS
4,11,60,1,CS
4,11,61,1,CS
4,11,62,0.97,CS
4,11,63,0.855,CS
4,11,64,1,CS
4,11,65,1,CS
4,11,66,1,CS
4,11,67,0.695,CS
4,11,68,1,CS
4,11,69,1,CS
4,11,70,1,CS
4,11,71,0.625,CS
4,11,72,1,CS
4,11,73,1,CS
4,11,74,0.79,CS
4,11,75,1,CS
4,11,76,1,CS
4,11,77,0.685,CS
4,11,78,1,CS
4,11,79,0.62,CS
4,11,80,1,CS
4,11,51,NA,MCC
4,11,52,0.135,MCC
4,11,53,0.015,MCC
4,11,54,1,MCC
4,11,55,0.79,MCC
4,11,56,1,MCC
4,11,57,1,MCC
4,11,58,0.625,MCC
4,11,59,1,MCC
4,11,60,1,MCC
4,11,61,0.1,MCC
4,11,62,0.05,MCC
4,11,63,0.685,MCC
4,11,64,1,MCC
4,11,65,0.05,MCC
4,11,66,0.125,MCC
4,11,67,0.735,MCC
4,11,68,0.745,MCC
4,11,69,0.915,MCC
4,11,70,0.69,MCC
4,11,71,0.99,MCC
4,11,72,0.335,MCC
4,11,73,1,MCC
4,11,74,0.835,MCC
4,11,75,0.405,MCC
4,11,76,1,MCC
4,11,77,0.175,MCC
4,11,78,1,MCC
4,11,79,0.33,MCC
4,11,80,1,MCC
4,11,81,0.245,MCC
4,11,82,0.17,MCC
4,11,83,0.97,MCC
4,11,84,0.855,MCC
4,11,85,1,MCC
4,11,86,1,MCC
4,11,87,1,MCC
4,11,88,1,MCC
4,11,89,0.695,MCC
4,11,90,1,MCC
4,11,91,0.15,MCC
4,11,92,0.215,MCC
4,11,93,0.62,MCC
4,11,94,1,MCC
4,11,95,0.295,MCC
4,11,96,0.065,MCC
4,11,97,0.075,MCC
4,11,98,0.1,MCC
4,11,99,0.185,MCC
3,43,51,1,CS
3,43,52,0.59,CS
3,43,53,0.63,CS
3,43,54,0.79,CS
3,43,55,1,CS
3,43,56,0.595,CS
3,43,57,1,CS
3,43,58,1,CS
3,43,59,0.99,CS
3,43,60,1,CS
3,43,61,1,CS
3,43,62,1,CS
3,43,63,1,CS
3,43,64,1,CS
3,43,65,1,CS
3,43,66,1,CS
3,43,67,0.875,CS
3,43,68,0.98,CS
3,43,69,1,CS
3,43,70,0.79,CS
3,43,71,1,CS
3,43,72,1,CS
3,43,73,0.73,CS
3,43,74,1,CS
3,43,75,1,CS
3,43,76,1,CS
3,43,77,1,CS
3,43,78,0.97,CS
3,43,79,1,CS
3,43,80,1,CS
3,43,81,1,CS
3,43,82,0.69,CS
3,43,83,1,CS
3,43,84,1,CS
3,43,85,1,CS
3,43,86,1,CS
3,43,87,1,CS
3,43,88,0.895,CS
3,43,89,0.68,CS
3,43,90,1,CS
3,43,91,1,CS
17,3,51,1,CS
17,3,52,0.94,CS
17,3,53,0.725,CS
17,3,54,0.72,CS
17,3,55,0.725,CS
17,3,56,1,CS
17,3,57,1,CS
17,3,58,0.9,CS
17,3,59,1,CS
17,3,60,1,CS
17,3,61,1,CS
17,3,62,1,CS
17,3,63,1,CS
17,3,64,1,CS
17,3,65,0.62,CS
17,3,66,1,CS
4,39,51,1,CS
4,39,52,0.89,CS
4,39,53,0.64,CS
4,39,54,1,CS
4,39,55,1,CS
4,39,56,0.8,CS
4,39,57,0.995,CS
4,39,58,1,CS
4,39,59,0.98,CS
4,39,60,1,CS
4,39,61,1,CS
4,39,62,1,CS
4,39,63,1,CS
4,39,64,0.735,CS
4,39,65,0.585,CS
4,39,66,1,CS
4,39,67,1,CS
4,39,68,1,CS
4,39,69,1,CS
4,39,70,0.99,CS
4,39,71,1,CS
4,39,72,1,CS
4,39,73,1,CS
4,39,74,1,CS
4,39,75,0.63,CS
4,39,76,0.805,CS
4,39,77,1,CS
4,39,78,0.73,CS
4,39,79,1,CS
4,39,80,1,CS
4,39,81,1,CS
4,39,82,0.975,CS
4,39,83,1,CS
4,39,84,1,CS
4,39,85,1,CS
4,39,86,1,CS
4,39,87,1,CS
4,39,88,0.565,CS
4,39,89,1,CS
4,39,90,1,CS
4,39,91,1,CS
4,39,92,0.565,CS
4,39,93,1,CS
4,39,94,0.99,CS
4,39,95,1,CS
17,3,51,NA,MCC
17,3,52,0.005,MCC
17,3,53,0.005,MCC
17,3,54,0.005,MCC
17,3,55,0.46,MCC
17,3,56,0.015,MCC
17,3,57,0.02,MCC
17,3,58,0.72,MCC
17,3,59,0.165,MCC
17,3,60,1,MCC
17,3,61,0.005,MCC
17,3,62,0.005,MCC
17,3,63,0.005,MCC
17,3,64,0.005,MCC
17,3,65,0.24,MCC
17,3,66,0.43,MCC
17,3,67,0.005,MCC
17,3,68,0.005,MCC
17,3,69,1,MCC
17,3,70,0.9,MCC
17,3,71,0.21,MCC
17,3,72,0.075,MCC
17,3,73,0.485,MCC
17,3,74,0.315,MCC
17,3,75,0.005,MCC
17,3,76,1,MCC
17,3,77,0.005,MCC
17,3,78,0.005,MCC
17,3,79,0.025,MCC
17,3,80,1,MCC
17,3,81,1,MCC
17,3,82,1,MCC
17,3,83,0.005,MCC
17,3,84,0.09,MCC
17,3,85,0.94,MCC
17,3,86,0.725,MCC
17,3,87,0.26,MCC
17,3,88,1,MCC
17,3,89,1,MCC
17,3,90,0.035,MCC
17,3,91,0.005,MCC
17,3,92,0.005,MCC
17,3,93,0.045,MCC
17,3,94,1,MCC
17,3,95,0.005,MCC
17,3,96,0.005,MCC
17,3,97,0.015,MCC
17,3,98,0.055,MCC
17,3,99,0.62,MCC
4,39,51,NA,MCC
4,39,52,0.89,MCC
4,39,53,0.435,MCC
4,39,54,1,MCC
4,39,55,0.64,MCC
4,39,56,0.365,MCC
4,39,57,1,MCC
4,39,58,1,MCC
4,39,59,1,MCC
4,39,60,1,MCC
4,39,61,0.8,MCC
4,39,62,0.995,MCC
4,39,63,1,MCC
4,39,64,0.98,MCC
4,39,65,1,MCC
4,39,66,1,MCC
4,39,67,0.735,MCC
4,39,68,0.585,MCC
4,39,69,1,MCC
4,39,70,1,MCC
4,39,71,1,MCC
4,39,72,1,MCC
4,39,73,1,MCC
4,39,74,1,MCC
4,39,75,0.99,MCC
4,39,76,1,MCC
4,39,77,0.305,MCC
4,39,78,0.63,MCC
4,39,79,0.29,MCC
4,39,80,1,MCC
4,39,81,1,MCC
4,39,82,1,MCC
4,39,83,1,MCC
4,39,84,0.805,MCC
4,39,85,1,MCC
4,39,86,0.73,MCC
4,39,87,1,MCC
4,39,88,1,MCC
4,39,89,0.975,MCC
4,39,90,1,MCC
4,39,91,1,MCC
4,39,92,0.565,MCC
4,39,93,1,MCC
4,39,94,0.99,MCC
4,39,95,1,MCC
4,39,96,1,MCC
4,39,97,0.565,MCC
4,39,98,1,MCC
4,39,99,1,MCC
3,43,51,NA,MCC
3,43,52,0.495,MCC
3,43,53,1,MCC
3,43,54,1,MCC
3,43,55,0.895,MCC
3,43,56,0.68,MCC
3,43,57,1,MCC
3,43,58,0.59,MCC
3,43,59,0.465,MCC
3,43,60,0.875,MCC
3,43,61,0.98,MCC
3,43,62,1,MCC
3,43,63,1,MCC
3,43,64,1,MCC
3,43,65,0.79,MCC
3,43,66,0.075,MCC
3,43,67,0.06,MCC
3,43,68,0.45,MCC
3,43,69,0.63,MCC
3,43,70,0.79,MCC
3,43,71,1,MCC
3,43,72,1,MCC
3,43,73,1,MCC
3,43,74,1,MCC
3,43,75,1,MCC
3,43,76,1,MCC
3,43,77,1,MCC
3,43,78,0.285,MCC
3,43,79,0.595,MCC
3,43,80,1,MCC
3,43,81,1,MCC
3,43,82,0.99,MCC
3,43,83,1,MCC
3,43,84,0.385,MCC
3,43,85,0.73,MCC
3,43,86,1,MCC
3,43,87,1,MCC
3,43,88,1,MCC
3,43,89,1,MCC
3,43,90,1,MCC
3,43,91,1,MCC
3,43,92,0.97,MCC
3,43,93,1,MCC
3,43,94,0.15,MCC
3,43,95,0.69,MCC
3,43,96,1,MCC
3,43,97,1,MCC
3,43,98,1,MCC
3,43,99,1,MCC
16,16,51,1,CS
11,48,51,1,CS
11,48,52,0.895,CS
11,48,53,0.505,CS
11,48,54,0.855,CS
11,48,55,0.985,CS
11,48,56,1,CS
11,48,57,0.98,CS
11,48,58,1,CS
11,48,59,0.9,CS
11,48,60,1,CS
11,48,61,0.785,CS
11,48,62,1,CS
11,48,63,1,CS
11,48,64,0.745,CS
11,48,65,1,CS
11,48,66,1,CS
11,48,67,0.515,CS
11,48,68,0.83,CS
11,48,69,1,CS
11,48,70,1,CS
11,48,71,0.805,CS
11,48,72,1,CS
11,48,73,1,CS
11,48,74,1,CS
16,16,51,NA,MCC
16,16,52,0.005,MCC
16,16,53,0.005,MCC
16,16,54,0.005,MCC
16,16,55,0.005,MCC
16,16,56,0.025,MCC
16,16,57,0.015,MCC
16,16,58,0.005,MCC
16,16,59,0.005,MCC
16,16,60,0.005,MCC
16,16,61,0.005,MCC
16,16,62,0.005,MCC
16,16,63,0.04,MCC
16,16,64,0.01,MCC
16,16,65,0.02,MCC
16,16,66,0.005,MCC
16,16,67,0.005,MCC
16,16,68,0.02,MCC
16,16,69,0.005,MCC
16,16,70,0.005,MCC
16,16,71,0.01,MCC
16,16,72,0.015,MCC
16,16,73,0.005,MCC
16,16,74,0.005,MCC
16,16,75,0.005,MCC
16,16,76,0.005,MCC
16,16,77,0.005,MCC
16,16,78,0.005,MCC
16,16,79,0.01,MCC
16,16,80,0.04,MCC
16,16,81,0.005,MCC
16,16,82,0.02,MCC
16,16,83,0.02,MCC
16,16,84,0.005,MCC
16,16,85,0.03,MCC
16,16,86,0.005,MCC
16,16,87,0.02,MCC
16,16,88,0.005,MCC
16,16,89,0.02,MCC
16,16,90,0.01,MCC
16,16,91,0.005,MCC
16,16,92,0.005,MCC
16,16,93,0.005,MCC
16,16,94,0.035,MCC
16,16,95,0.025,MCC
16,16,96,0.03,MCC
16,16,97,0.005,MCC
16,16,98,0.02,MCC
16,16,99,0.015,MCC
16,34,51,1,CS
16,34,52,0.965,CS
16,34,53,1,CS
16,34,54,1,CS
16,34,55,1,CS
16,34,56,0.915,CS
16,34,57,1,CS
16,34,58,1,CS
16,34,59,0.97,CS
16,34,60,1,CS
16,34,61,1,CS
16,34,62,1,CS
16,34,63,0.865,CS
16,34,64,0.95,CS
16,34,51,NA,MCC
16,34,52,0.005,MCC
16,34,53,0.01,MCC
16,34,54,1,MCC
16,34,55,0.05,MCC
16,34,56,0.005,MCC
16,34,57,0.075,MCC
16,34,58,0.965,MCC
16,34,59,1,MCC
16,34,60,1,MCC
16,34,61,0.005,MCC
16,34,62,0.005,MCC
16,34,63,0.005,MCC
16,34,64,0.005,MCC
16,34,65,0.02,MCC
16,34,66,0.02,MCC
16,34,67,0.035,MCC
16,34,68,0.865,MCC
16,34,69,0.005,MCC
16,34,70,0.005,MCC
16,34,71,0.03,MCC
16,34,72,1,MCC
16,34,73,0.005,MCC
16,34,74,0.005,MCC
16,34,75,0.005,MCC
16,34,76,0.035,MCC
16,34,77,0.97,MCC
16,34,78,0.21,MCC
16,34,79,0.005,MCC
16,34,80,0.46,MCC
16,34,81,0.95,MCC
16,34,82,0.025,MCC
16,34,83,0.015,MCC
16,34,84,0.005,MCC
16,34,85,0.005,MCC
16,34,86,0.15,MCC
16,34,87,1,MCC
16,34,88,0.915,MCC
16,34,89,0.2,MCC
16,34,90,0.21,MCC
16,34,91,1,MCC
16,34,92,0.02,MCC
16,34,93,0.005,MCC
16,34,94,0.005,MCC
16,34,95,0.005,MCC
16,34,96,0.07,MCC
16,34,97,0.055,MCC
16,34,98,1,MCC
16,34,99,1,MCC
11,48,51,NA,MCC
11,48,52,0.005,MCC
11,48,53,0.005,MCC
11,48,54,0.005,MCC
11,48,55,0.005,MCC
11,48,56,0.005,MCC
11,48,57,0.02,MCC
11,48,58,0.08,MCC
11,48,59,1,MCC
11,48,60,0.9,MCC
11,48,61,1,MCC
11,48,62,0.785,MCC
11,48,63,1,MCC
11,48,64,1,MCC
11,48,65,0.005,MCC
11,48,66,0.035,MCC
11,48,67,0.425,MCC
11,48,68,0.805,MCC
11,48,69,1,MCC
11,48,70,0.07,MCC
11,48,71,0.065,MCC
11,48,72,0.07,MCC
11,48,73,0.025,MCC
11,48,74,0.22,MCC
11,48,75,1,MCC
11,48,76,0.02,MCC
11,48,77,0.055,MCC
11,48,78,0.515,MCC
11,48,79,0.18,MCC
11,48,80,0.83,MCC
11,48,81,0.005,MCC
11,48,82,0.025,MCC
11,48,83,0.015,MCC
11,48,84,0.015,MCC
11,48,85,0.03,MCC
11,48,86,0.895,MCC
11,48,87,0.505,MCC
11,48,88,0.98,MCC
11,48,89,1,MCC
11,48,90,0.855,MCC
11,48,91,0.985,MCC
11,48,92,1,MCC
11,48,93,0.04,MCC
11,48,94,0.13,MCC
11,48,95,0.745,MCC
11,48,96,1,MCC
11,48,97,1,MCC
11,48,98,1,MCC
11,48,99,1,MCC
17,20,51,1,CS
17,20,52,0.635,CS
17,20,51,NA,MCC
17,20,52,0.005,MCC
17,20,53,0.005,MCC
17,20,54,0.005,MCC
17,20,55,0.005,MCC
17,20,56,0.01,MCC
17,20,57,0.03,MCC
17,20,58,0.01,MCC
17,20,59,0.005,MCC
17,20,60,0.005,MCC
17,20,61,0.005,MCC
17,20,62,0.005,MCC
17,20,63,0.02,MCC
17,20,64,0.025,MCC
17,20,65,0.005,MCC
17,20,66,0.005,MCC
17,20,67,0.005,MCC
17,20,68,0.005,MCC
17,20,69,0.005,MCC
17,20,70,0.005,MCC
17,20,71,0.635,MCC
17,20,72,0.015,MCC
17,20,73,0.025,MCC
17,20,74,0.005,MCC
17,20,75,0.005,MCC
17,20,76,0.015,MCC
17,20,77,0.005,MCC
17,20,78,0.005,MCC
17,20,79,0.035,MCC
17,20,80,0.04,MCC
17,20,81,0.005,MCC
17,20,82,0.005,MCC
17,20,83,0.02,MCC
17,20,84,0.015,MCC
17,20,85,0.005,MCC
17,20,86,0.01,MCC
17,20,87,0.025,MCC
17,20,88,0.005,MCC
17,20,89,0.005,MCC
17,20,90,0.005,MCC
17,20,91,0.005,MCC
17,20,92,0.01,MCC
17,20,93,0.025,MCC
17,20,94,0.005,MCC
17,20,95,0.005,MCC
17,20,96,0.005,MCC
17,20,97,0.02,MCC
17,20,98,0.025,MCC
17,20,99,0.03,MCC
5,39,51,1,CS
5,39,52,0.995,CS
5,39,53,0.96,CS
5,39,54,0.985,CS
5,39,55,1,CS
5,39,56,0.99,CS
5,39,57,1,CS
5,39,58,1,CS
5,39,59,1,CS
5,39,60,1,CS
5,39,61,0.865,CS
5,39,62,0.92,CS
5,39,63,1,CS
5,39,64,0.93,CS
5,39,65,0.605,CS
5,39,66,1,CS
5,39,67,0.68,CS
5,39,68,1,CS
5,39,69,1,CS
5,39,70,1,CS
5,39,71,0.875,CS
5,39,72,1,CS
5,39,73,0.99,CS
5,39,74,1,CS
5,39,75,0.56,CS
5,39,76,1,CS
5,39,77,1,CS
5,39,78,0.985,CS
5,39,79,0.995,CS
5,39,80,1,CS
5,39,81,0.99,CS
5,39,82,1,CS
5,39,83,1,CS
5,39,84,0.925,CS
5,39,85,0.635,CS
5,39,86,0.595,CS
5,39,87,1,CS
5,39,88,1,CS
5,39,89,1,CS
5,39,90,1,CS
5,39,91,1,CS
2,3,51,1,CS
2,3,52,0.56,CS
2,3,53,0.965,CS
2,3,54,0.56,CS
2,3,55,0.955,CS
2,3,56,1,CS
2,3,57,1,CS
2,3,58,0.845,CS
2,3,59,1,CS
2,3,60,1,CS
2,3,61,1,CS
2,3,62,1,CS
2,3,63,1,CS
2,3,64,0.995,CS
2,3,65,1,CS
2,3,66,1,CS
2,3,67,0.545,CS
2,3,68,1,CS
2,3,69,0.97,CS
2,3,70,1,CS
2,3,71,0.82,CS
2,3,72,1,CS
2,3,73,1,CS
2,3,74,1,CS
2,3,75,1,CS
2,3,76,1,CS
2,3,77,1,CS
2,3,78,1,CS
2,3,79,1,CS
2,3,80,0.525,CS
2,3,81,1,CS
2,3,82,0.575,CS
2,3,83,1,CS
2,3,84,1,CS
2,3,85,1,CS
2,3,86,1,CS
2,3,87,1,CS
2,3,88,1,CS
2,3,89,1,CS
2,3,90,1,CS
2,3,91,1,CS
2,3,92,1,CS
2,3,93,1,CS
2,3,94,1,CS
2,3,95,1,CS
5,39,51,NA,MCC
5,39,52,0.195,MCC
5,39,53,0.865,MCC
5,39,54,1,MCC
5,39,55,0.92,MCC
5,39,56,1,MCC
5,39,57,0.93,MCC
5,39,58,0.605,MCC
5,39,59,1,MCC
5,39,60,0.68,MCC
5,39,61,0.08,MCC
5,39,62,0.075,MCC
5,39,63,0.195,MCC
5,39,64,1,MCC
5,39,65,0.99,MCC
5,39,66,1,MCC
5,39,67,1,MCC
5,39,68,0.875,MCC
5,39,69,1,MCC
5,39,70,1,MCC
5,39,71,0.36,MCC
5,39,72,0.635,MCC
5,39,73,0.595,MCC
5,39,74,1,MCC
5,39,75,1,MCC
5,39,76,0.995,MCC
5,39,77,0.96,MCC
5,39,78,0.985,MCC
5,39,79,0.46,MCC
5,39,80,1,MCC
5,39,81,0.99,MCC
5,39,82,1,MCC
5,39,83,1,MCC
5,39,84,1,MCC
5,39,85,1,MCC
5,39,86,0.22,MCC
5,39,87,0.15,MCC
5,39,88,0.56,MCC
5,39,89,0.995,MCC
5,39,90,1,MCC
5,39,91,1,MCC
5,39,92,0.985,MCC
5,39,93,1,MCC
5,39,94,1,MCC
5,39,95,1,MCC
5,39,96,0.99,MCC
5,39,97,0.925,MCC
5,39,98,1,MCC
5,39,99,1,MCC
2,3,51,NA,MCC
2,3,52,0.56,MCC
2,3,53,0.82,MCC
2,3,54,1,MCC
2,3,55,1,MCC
2,3,56,1,MCC
2,3,57,1,MCC
2,3,58,1,MCC
2,3,59,1,MCC
2,3,60,0.965,MCC
2,3,61,0.56,MCC
2,3,62,0.955,MCC
2,3,63,1,MCC
2,3,64,1,MCC
2,3,65,1,MCC
2,3,66,0.845,MCC
2,3,67,1,MCC
2,3,68,1,MCC
2,3,69,1,MCC
2,3,70,0.36,MCC
2,3,71,1,MCC
2,3,72,0.97,MCC
2,3,73,1,MCC
2,3,74,1,MCC
2,3,75,0.995,MCC
2,3,76,1,MCC
2,3,77,1,MCC
2,3,78,0.545,MCC
2,3,79,1,MCC
2,3,80,1,MCC
2,3,81,0.525,MCC
2,3,82,1,MCC
2,3,83,0.35,MCC
2,3,84,1,MCC
2,3,85,1,MCC
2,3,86,1,MCC
2,3,87,1,MCC
2,3,88,1,MCC
2,3,89,1,MCC
2,3,90,1,MCC
2,3,91,0.295,MCC
2,3,92,0.42,MCC
2,3,93,0.325,MCC
2,3,94,1,MCC
2,3,95,1,MCC
2,3,96,1,MCC
2,3,97,1,MCC
2,3,98,1,MCC
2,3,99,1,MCC
17,16,51,1,CS
5,11,51,1,CS
5,11,52,0.935,CS
5,11,53,0.86,CS
5,11,54,1,CS
5,11,55,1,CS
5,11,56,1,CS
5,11,57,1,CS
5,11,58,1,CS
5,11,59,0.685,CS
5,11,60,0.99,CS
5,11,61,1,CS
5,11,62,1,CS
5,11,63,1,CS
5,11,64,1,CS
5,11,65,0.52,CS
5,11,66,1,CS
5,11,67,1,CS
5,11,68,0.65,CS
5,11,69,0.775,CS
5,11,70,0.89,CS
5,11,71,1,CS
5,11,72,1,CS
5,11,73,0.565,CS
5,11,74,1,CS
5,11,75,0.97,CS
17,16,51,NA,MCC
17,16,52,0.005,MCC
17,16,53,0.005,MCC
17,16,54,0.005,MCC
17,16,55,0.005,MCC
17,16,56,0.005,MCC
17,16,57,0.005,MCC
17,16,58,0.01,MCC
17,16,59,0.015,MCC
17,16,60,0.005,MCC
17,16,61,0.025,MCC
17,16,62,0.01,MCC
17,16,63,0.01,MCC
17,16,64,0.005,MCC
17,16,65,0.005,MCC
17,16,66,0.005,MCC
17,16,67,0.01,MCC
17,16,68,0.005,MCC
17,16,69,0.005,MCC
17,16,70,0.015,MCC
17,16,71,0.015,MCC
17,16,72,0.005,MCC
17,16,73,0.005,MCC
17,16,74,0.015,MCC
17,16,75,0.005,MCC
17,16,76,0.005,MCC
17,16,77,0.005,MCC
17,16,78,0.01,MCC
17,16,79,0.015,MCC
17,16,80,0.005,MCC
17,16,81,0.005,MCC
17,16,82,0.115,MCC
17,16,83,0.02,MCC
17,16,84,0.005,MCC
17,16,85,0.01,MCC
17,16,86,0.035,MCC
17,16,87,0.02,MCC
17,16,88,0.005,MCC
17,16,89,0.005,MCC
17,16,90,0.005,MCC
17,16,91,0.01,MCC
17,16,92,0.13,MCC
17,16,93,0.095,MCC
17,16,94,0.005,MCC
17,16,95,0.05,MCC
17,16,96,0.005,MCC
17,16,97,0.005,MCC
17,16,98,0.02,MCC
17,16,99,0.03,MCC
5,11,51,NA,MCC
5,11,52,0.08,MCC
5,11,53,0.02,MCC
5,11,54,0.01,MCC
5,11,55,0.97,MCC
5,11,56,0.075,MCC
5,11,57,0.03,MCC
5,11,58,0.52,MCC
5,11,59,1,MCC
5,11,60,1,MCC
5,11,61,0.395,MCC
5,11,62,0.685,MCC
5,11,63,0.99,MCC
5,11,64,0.385,MCC
5,11,65,1,MCC
5,11,66,1,MCC
5,11,67,1,MCC
5,11,68,1,MCC
5,11,69,0.08,MCC
5,11,70,0.03,MCC
5,11,71,0.13,MCC
5,11,72,0.26,MCC
5,11,73,0.65,MCC
5,11,74,0.775,MCC
5,11,75,0.89,MCC
5,11,76,0.02,MCC
5,11,77,0.255,MCC
5,11,78,1,MCC
5,11,79,0.02,MCC
5,11,80,0.02,MCC
5,11,81,1,MCC
5,11,82,0.29,MCC
5,11,83,0.11,MCC
5,11,84,0.17,MCC
5,11,85,0.07,MCC
5,11,86,0.08,MCC
5,11,87,0.565,MCC
5,11,88,1,MCC
5,11,89,0.935,MCC
5,11,90,0.315,MCC
5,11,91,0.335,MCC
5,11,92,1,MCC
5,11,93,0.86,MCC
5,11,94,0.46,MCC
5,11,95,1,MCC
5,11,96,1,MCC
5,11,97,1,MCC
5,11,98,0.455,MCC
5,11,99,1,MCC
17,34,51,1,CS
17,34,52,0.98,CS
17,34,53,1,CS
17,34,54,1,CS
17,34,55,0.985,CS
17,34,56,0.995,CS
17,34,57,1,CS
17,34,58,1,CS
17,34,59,1,CS
17,34,60,0.98,CS
17,34,61,1,CS
17,34,62,0.985,CS
17,34,63,0.77,CS
17,34,64,1,CS
17,34,65,1,CS
4,43,51,1,CS
4,43,52,0.77,CS
4,43,53,1,CS
4,43,54,0.535,CS
4,43,55,0.58,CS
4,43,56,1,CS
4,43,57,1,CS
4,43,58,1,CS
4,43,59,1,CS
4,43,60,0.755,CS
4,43,61,1,CS
4,43,62,1,CS
4,43,63,1,CS
4,43,64,1,CS
4,43,65,1,CS
4,43,66,1,CS
4,43,67,0.815,CS
4,43,68,0.58,CS
4,43,69,1,CS
4,43,70,1,CS
4,43,71,1,CS
4,43,72,1,CS
4,43,73,0.985,CS
4,43,74,1,CS
4,43,75,1,CS
4,43,76,1,CS
4,43,77,0.805,CS
4,43,78,0.67,CS
4,43,79,0.61,CS
4,43,80,0.505,CS
4,43,81,1,CS
4,43,82,1,CS
4,43,83,0.78,CS
4,43,84,1,CS
4,43,85,1,CS
4,43,86,1,CS
4,43,87,1,CS
4,43,88,1,CS
4,43,89,0.815,CS
4,43,90,1,CS
15,25,51,1,CS
15,25,52,1,CS
15,25,53,1,CS
15,25,54,1,CS
15,25,55,1,CS
15,25,56,1,CS
15,25,57,0.87,CS
15,25,58,0.995,CS
15,25,59,0.84,CS
15,25,60,1,CS
15,25,61,0.635,CS
17,34,51,NA,MCC
17,34,52,0.005,MCC
17,34,53,0.005,MCC
17,34,54,0.005,MCC
17,34,55,0.005,MCC
17,34,56,0.01,MCC
17,34,57,0.02,MCC
17,34,58,0.05,MCC
17,34,59,0.98,MCC
17,34,60,1,MCC
17,34,61,1,MCC
17,34,62,0.02,MCC
17,34,63,0.005,MCC
17,34,64,0.005,MCC
17,34,65,0.285,MCC
17,34,66,0.05,MCC
17,34,67,0.985,MCC
17,34,68,0.995,MCC
17,34,69,0.005,MCC
17,34,70,0.36,MCC
17,34,71,0.215,MCC
17,34,72,1,MCC
17,34,73,0.025,MCC
17,34,74,0.985,MCC
17,34,75,0.005,MCC
17,34,76,0.005,MCC
17,34,77,0.005,MCC
17,34,78,0.005,MCC
17,34,79,1,MCC
17,34,80,0.025,MCC
17,34,81,0.77,MCC
17,34,82,0.125,MCC
17,34,83,0.115,MCC
17,34,84,1,MCC
17,34,85,0.98,MCC
17,34,86,0.005,MCC
17,34,87,0.005,MCC
17,34,88,0.005,MCC
17,34,89,0.005,MCC
17,34,90,0.005,MCC
17,34,91,0.015,MCC
17,34,92,1,MCC
17,34,93,0.025,MCC
17,34,94,0.05,MCC
17,34,95,0.01,MCC
17,34,96,0.11,MCC
17,34,97,0.005,MCC
17,34,98,1,MCC
17,34,99,1,MCC
4,43,51,NA,MCC
4,43,52,0.255,MCC
4,43,53,0.03,MCC
4,43,54,0.145,MCC
4,43,55,0.39,MCC
4,43,56,1,MCC
4,43,57,1,MCC
4,43,58,0.815,MCC
4,43,59,0.58,MCC
4,43,60,1,MCC
4,43,61,1,MCC
4,43,62,1,MCC
4,43,63,0.67,MCC
4,43,64,0.61,MCC
4,43,65,0.505,MCC
4,43,66,1,MCC
4,43,67,1,MCC
4,43,68,0.055,MCC
4,43,69,0.375,MCC
4,43,70,0.985,MCC
4,43,71,1,MCC
4,43,72,1,MCC
4,43,73,1,MCC
4,43,74,0.805,MCC
4,43,75,0.17,MCC
4,43,76,1,MCC
4,43,77,0.78,MCC
4,43,78,1,MCC
4,43,79,1,MCC
4,43,80,1,MCC
4,43,81,0.15,MCC
4,43,82,0.77,MCC
4,43,83,0.335,MCC
4,43,84,1,MCC
4,43,85,1,MCC
4,43,86,1,MCC
4,43,87,0.58,MCC
4,43,88,1,MCC
4,43,89,1,MCC
4,43,90,1,MCC
4,43,91,1,MCC
4,43,92,0.755,MCC
4,43,93,0.245,MCC
4,43,94,1,MCC
4,43,95,1,MCC
4,43,96,1,MCC
4,43,97,1,MCC
4,43,98,1,MCC
4,43,99,0.815,MCC
15,25,51,NA,MCC
15,25,52,0.005,MCC
15,25,53,0.005,MCC
15,25,54,0.025,MCC
15,25,55,0.005,MCC
15,25,56,0.005,MCC
15,25,57,0.005,MCC
15,25,58,0.005,MCC
15,25,59,0.03,MCC
15,25,60,0.375,MCC
15,25,61,0.455,MCC
15,25,62,0.445,MCC
15,25,63,0.995,MCC
15,25,64,0.87,MCC
15,25,65,0.04,MCC
15,25,66,0.005,MCC
15,25,67,0.005,MCC
15,25,68,0.005,MCC
15,25,69,0.005,MCC
15,25,70,0.005,MCC
15,25,71,0.025,MCC
15,25,72,0.005,MCC
15,25,73,0.005,MCC
15,25,74,0.01,MCC
15,25,75,0.125,MCC
15,25,76,1,MCC
15,25,77,1,MCC
15,25,78,0.015,MCC
15,25,79,1,MCC
15,25,80,1,MCC
15,25,81,0.005,MCC
15,25,82,0.03,MCC
15,25,83,1,MCC
15,25,84,1,MCC
15,25,85,0.045,MCC
15,25,86,0.005,MCC
15,25,87,0.01,MCC
15,25,88,0.635,MCC
15,25,89,0.005,MCC
15,25,90,0.045,MCC
15,25,91,0.005,MCC
15,25,92,0.005,MCC
15,25,93,0.005,MCC
15,25,94,0.005,MCC
15,25,95,0.01,MCC
15,25,96,0.04,MCC
15,25,97,0.84,MCC
15,25,98,0.105,MCC
15,25,99,0.02,MCC
13,7,51,1,CS
13,7,52,0.535,CS
13,7,53,1,CS
13,7,54,1,CS
13,7,55,1,CS
13,7,56,1,CS
13,7,57,1,CS
13,7,58,1,CS
13,7,59,1,CS
13,7,60,1,CS
13,7,61,1,CS
13,7,62,1,CS
13,7,63,1,CS
13,7,64,1,CS
13,7,65,1,CS
13,7,66,1,CS
6,39,51,1,CS
6,39,52,0.715,CS
6,39,53,0.85,CS
6,39,54,0.95,CS
6,39,55,0.915,CS
6,39,56,0.75,CS
6,39,57,1,CS
6,39,58,1,CS
6,39,59,1,CS
6,39,60,0.54,CS
6,39,61,1,CS
6,39,62,1,CS
6,39,63,1,CS
6,39,64,1,CS
6,39,65,1,CS
6,39,66,1,CS
6,39,67,0.99,CS
6,39,68,1,CS
6,39,69,0.96,CS
6,39,70,1,CS
6,39,71,0.565,CS
6,39,72,1,CS
6,39,73,0.965,CS
6,39,74,0.555,CS
6,39,75,1,CS
6,39,76,0.92,CS
6,39,77,1,CS
6,39,78,0.995,CS
6,39,79,1,CS
6,39,80,0.955,CS
6,39,81,0.595,CS
6,39,82,1,CS
6,39,83,1,CS
6,39,84,0.945,CS
6,39,85,1,CS
6,39,86,1,CS
6,39,87,0.96,CS
6,39,88,1,CS
6,39,89,1,CS
6,39,90,0.85,CS
13,7,51,NA,MCC
13,7,52,0.005,MCC
13,7,53,0.005,MCC
13,7,54,0.005,MCC
13,7,55,0.04,MCC
13,7,56,0.005,MCC
13,7,57,0.005,MCC
13,7,58,0.005,MCC
13,7,59,0.19,MCC
13,7,60,0.005,MCC
13,7,61,0.13,MCC
13,7,62,0.05,MCC
13,7,63,0.175,MCC
13,7,64,1,MCC
13,7,65,1,MCC
13,7,66,0.03,MCC
13,7,67,0.005,MCC
13,7,68,0.005,MCC
13,7,69,1,MCC
13,7,70,0.015,MCC
13,7,71,0.44,MCC
13,7,72,1,MCC
13,7,73,1,MCC
13,7,74,0.005,MCC
13,7,75,0.1,MCC
13,7,76,1,MCC
13,7,77,0.06,MCC
13,7,78,1,MCC
13,7,79,0.005,MCC
13,7,80,0.02,MCC
13,7,81,0.005,MCC
13,7,82,0.005,MCC
13,7,83,0.02,MCC
13,7,84,1,MCC
13,7,85,1,MCC
13,7,86,0.055,MCC
13,7,87,1,MCC
13,7,88,1,MCC
13,7,89,0.005,MCC
13,7,90,0.005,MCC
13,7,91,0.005,MCC
13,7,92,0.14,MCC
13,7,93,1,MCC
13,7,94,1,MCC
13,7,95,0.01,MCC
13,7,96,0.07,MCC
13,7,97,0.535,MCC
13,7,98,0.22,MCC
13,7,99,1,MCC
6,39,51,NA,MCC
6,39,52,NA,MCC
6,39,53,0.14,MCC
6,39,54,0.095,MCC
6,39,55,1,MCC
6,39,56,0.595,MCC
6,39,57,1,MCC
6,39,58,1,MCC
6,39,59,0.945,MCC
6,39,60,0.135,MCC
6,39,61,0.92,MCC
6,39,62,0.955,MCC
6,39,63,1,MCC
6,39,64,1,MCC
6,39,65,0.995,MCC
6,39,66,0.425,MCC
6,39,67,0.565,MCC
6,39,68,0.36,MCC
6,39,69,1,MCC
6,39,70,0.965,MCC
6,39,71,0.555,MCC
6,39,72,1,MCC
6,39,73,1,MCC
6,39,74,1,MCC
6,39,75,0.185,MCC
6,39,76,0.2,MCC
6,39,77,0.17,MCC
6,39,78,0.85,MCC
6,39,79,1,MCC
6,39,80,0.96,MCC
6,39,81,1,MCC
6,39,82,1,MCC
6,39,83,0.99,MCC
6,39,84,1,MCC
6,39,85,0.96,MCC
6,39,86,1,MCC
6,39,87,0.715,MCC
6,39,88,0.85,MCC
6,39,89,1,MCC
6,39,90,1,MCC
6,39,91,0.95,MCC
6,39,92,0.915,MCC
6,39,93,0.75,MCC
6,39,94,1,MCC
6,39,95,1,MCC
6,39,96,1,MCC
6,39,97,0.54,MCC
6,39,98,1,MCC
6,39,99,1,MCC
3,3,51,1,CS
3,3,52,0.785,CS
3,3,53,0.705,CS
3,3,54,0.88,CS
3,3,55,1,CS
3,3,56,0.965,CS
3,3,57,0.98,CS
3,3,58,1,CS
3,3,59,0.995,CS
3,3,60,1,CS
3,3,61,1,CS
3,3,62,0.82,CS
3,3,63,1,CS
3,3,64,1,CS
3,3,65,1,CS
3,3,66,0.915,CS
3,3,67,0.875,CS
3,3,68,1,CS
3,3,69,0.975,CS
3,3,70,0.89,CS
3,3,71,1,CS
3,3,72,1,CS
3,3,73,0.54,CS
3,3,74,1,CS
3,3,75,0.705,CS
3,3,76,1,CS
3,3,77,1,CS
3,3,78,1,CS
3,3,79,0.605,CS
3,3,80,1,CS
3,3,81,0.995,CS
3,3,82,1,CS
3,3,83,0.995,CS
3,3,84,1,CS
3,3,85,0.98,CS
3,3,86,1,CS
3,3,87,1,CS
3,3,88,0.985,CS
3,3,89,0.895,CS
3,3,90,1,CS
3,3,91,1,CS
3,3,92,1,CS
3,3,93,1,CS
3,3,94,1,CS
3,3,95,1,CS
3,3,96,0.685,CS
3,3,51,NA,MCC
3,3,52,1,MCC
3,3,53,1,MCC
3,3,54,0.605,MCC
3,3,55,1,MCC
3,3,56,0.995,MCC
3,3,57,0.98,MCC
3,3,58,1,MCC
3,3,59,1,MCC
3,3,60,0.995,MCC
3,3,61,1,MCC
3,3,62,1,MCC
3,3,63,0.985,MCC
3,3,64,0.685,MCC
3,3,65,0.27,MCC
3,3,66,0.895,MCC
3,3,67,1,MCC
3,3,68,1,MCC
3,3,69,1,MCC
3,3,70,1,MCC
3,3,71,1,MCC
3,3,72,1,MCC
3,3,73,0.785,MCC
3,3,74,0.36,MCC
3,3,75,0.32,MCC
3,3,76,1,MCC
3,3,77,0.705,MCC
3,3,78,1,MCC
3,3,79,0.975,MCC
3,3,80,0.89,MCC
3,3,81,1,MCC
3,3,82,1,MCC
3,3,83,0.54,MCC
3,3,84,0.705,MCC
3,3,85,0.88,MCC
3,3,86,1,MCC
3,3,87,0.965,MCC
3,3,88,0.98,MCC
3,3,89,1,MCC
3,3,90,0.995,MCC
3,3,91,1,MCC
3,3,92,1,MCC
3,3,93,0.82,MCC
3,3,94,1,MCC
3,3,95,1,MCC
3,3,96,1,MCC
3,3,97,0.915,MCC
3,3,98,0.875,MCC
3,3,99,1,MCC
2,16,51,1,CS
2,16,52,0.87,CS
2,16,53,0.68,CS
2,16,54,0.975,CS
2,16,55,1,CS
2,16,56,0.88,CS
2,16,57,1,CS
2,16,58,1,CS
2,16,59,1,CS
2,16,60,1,CS
2,16,61,1,CS
2,16,62,0.58,CS
2,16,63,0.88,CS
2,16,64,1,CS
2,16,65,1,CS
2,16,66,1,CS
2,16,67,1,CS
2,16,68,1,CS
2,16,69,1,CS
2,16,70,0.955,CS
2,16,71,0.95,CS
2,16,72,1,CS
2,16,73,1,CS
2,16,74,0.63,CS
2,16,75,1,CS
2,16,76,0.995,CS
2,16,77,1,CS
2,16,78,0.76,CS
2,16,79,1,CS
2,16,80,1,CS
2,16,81,1,CS
2,16,82,1,CS
2,16,83,1,CS
2,16,84,1,CS
2,16,85,1,CS
2,16,86,0.9,CS
2,16,87,1,CS
2,16,88,0.555,CS
2,16,89,1,CS
2,16,90,1,CS
2,16,91,0.55,CS
2,16,92,1,CS
2,16,93,1,CS
2,16,94,0.98,CS
2,16,95,0.945,CS
2,16,96,1,CS
2,16,51,NA,MCC
2,16,52,1,MCC
2,16,53,0.45,MCC
2,16,54,1,MCC
2,16,55,1,MCC
2,16,56,0.98,MCC
2,16,57,0.945,MCC
2,16,58,0.9,MCC
2,16,59,0.295,MCC
2,16,60,1,MCC
2,16,61,1,MCC
2,16,62,0.555,MCC
2,16,63,1,MCC
2,16,64,1,MCC
2,16,65,0.87,MCC
2,16,66,0.305,MCC
2,16,67,0.275,MCC
2,16,68,1,MCC
2,16,69,0.995,MCC
2,16,70,1,MCC
2,16,71,0.76,MCC
2,16,72,1,MCC
2,16,73,1,MCC
2,16,74,1,MCC
2,16,75,0.955,MCC
2,16,76,0.95,MCC
2,16,77,1,MCC
2,16,78,1,MCC
2,16,79,0.63,MCC
2,16,80,1,MCC
2,16,81,1,MCC
2,16,82,1,MCC
2,16,83,0.68,MCC
2,16,84,0.88,MCC
2,16,85,1,MCC
2,16,86,1,MCC
2,16,87,1,MCC
2,16,88,0.975,MCC
2,16,89,1,MCC
2,16,90,0.88,MCC
2,16,91,1,MCC
2,16,92,1,MCC
2,16,93,1,MCC
2,16,94,1,MCC
2,16,95,1,MCC
2,16,96,0.58,MCC
2,16,97,1,MCC
2,16,98,1,MCC
2,16,99,1,MCC
2,34,51,1,CS
2,34,52,0.58,CS
2,34,53,0.79,CS
2,34,54,1,CS
2,34,55,1,CS
2,34,56,1,CS
2,34,57,1,CS
2,34,58,1,CS
2,34,59,1,CS
2,34,60,1,CS
2,34,61,1,CS
2,34,62,1,CS
2,34,63,0.925,CS
2,34,64,1,CS
2,34,65,1,CS
2,34,66,1,CS
2,34,67,0.595,CS
2,34,68,0.885,CS
2,34,69,0.915,CS
2,34,70,1,CS
2,34,71,0.98,CS
2,34,72,1,CS
2,34,73,1,CS
2,34,74,0.97,CS
2,34,75,1,CS
2,34,76,1,CS
2,34,77,1,CS
2,34,78,1,CS
2,34,79,1,CS
2,34,80,1,CS
2,34,81,1,CS
2,34,82,1,CS
2,34,83,1,CS
2,34,84,0.99,CS
2,34,85,1,CS
2,34,86,0.645,CS
2,34,87,1,CS
2,34,88,1,CS
2,34,89,1,CS
2,34,90,0.75,CS
2,34,91,1,CS
2,34,92,0.58,CS
2,34,93,1,CS
2,34,94,1,CS
2,34,95,1,CS
2,34,96,1,CS
2,34,51,NA,MCC
2,34,52,0.58,MCC
2,34,53,0.595,MCC
2,34,54,0.885,MCC
2,34,55,0.915,MCC
2,34,56,0.98,MCC
2,34,57,1,MCC
2,34,58,1,MCC
2,34,59,0.425,MCC
2,34,60,1,MCC
2,34,61,0.97,MCC
2,34,62,1,MCC
2,34,63,1,MCC
2,34,64,1,MCC
2,34,65,1,MCC
2,34,66,0.42,MCC
2,34,67,1,MCC
2,34,68,1,MCC
2,34,69,1,MCC
2,34,70,1,MCC
2,34,71,1,MCC
2,34,72,0.79,MCC
2,34,73,1,MCC
2,34,74,1,MCC
2,34,75,1,MCC
2,34,76,1,MCC
2,34,77,1,MCC
2,34,78,1,MCC
2,34,79,1,MCC
2,34,80,1,MCC
2,34,81,1,MCC
2,34,82,0.925,MCC
2,34,83,1,MCC
2,34,84,1,MCC
2,34,85,1,MCC
2,34,86,0.99,MCC
2,34,87,0.45,MCC
2,34,88,1,MCC
2,34,89,0.75,MCC
2,34,90,1,MCC
2,34,91,0.645,MCC
2,34,92,1,MCC
2,34,93,1,MCC
2,34,94,1,MCC
2,34,95,0.58,MCC
2,34,96,1,MCC
2,34,97,1,MCC
2,34,98,1,MCC
2,34,99,1,MCC
16,25,51,1,CS
16,25,52,1,CS
16,25,53,1,CS
16,25,54,1,CS
16,25,55,1,CS
16,25,56,0.775,CS
16,25,57,0.975,CS
16,25,58,0.625,CS
16,25,59,1,CS
16,25,60,1,CS
16,25,61,0.59,CS
16,25,51,NA,MCC
16,25,52,0.005,MCC
16,25,53,0.005,MCC
16,25,54,0.005,MCC
16,25,55,0.005,MCC
16,25,56,0.005,MCC
16,25,57,0.005,MCC
16,25,58,0.395,MCC
16,25,59,0.015,MCC
16,25,60,0.005,MCC
16,25,61,0.09,MCC
16,25,62,0.625,MCC
16,25,63,0.59,MCC
16,25,64,0.015,MCC
16,25,65,0.005,MCC
16,25,66,0.01,MCC
16,25,67,0.005,MCC
16,25,68,0.01,MCC
16,25,69,0.005,MCC
16,25,70,0.005,MCC
16,25,71,0.01,MCC
16,25,72,0.02,MCC
16,25,73,0.21,MCC
16,25,74,0.01,MCC
16,25,75,0.035,MCC
16,25,76,0.06,MCC
16,25,77,1,MCC
16,25,78,1,MCC
16,25,79,1,MCC
16,25,80,0.005,MCC
16,25,81,0.005,MCC
16,25,82,0.01,MCC
16,25,83,0.025,MCC
16,25,84,1,MCC
16,25,85,1,MCC
16,25,86,0.075,MCC
16,25,87,0.005,MCC
16,25,88,0.005,MCC
16,25,89,0.005,MCC
16,25,90,0.005,MCC
16,25,91,0.03,MCC
16,25,92,0.145,MCC
16,25,93,0.01,MCC
16,25,94,1,MCC
16,25,95,0.775,MCC
16,25,96,0.01,MCC
16,25,97,0.355,MCC
16,25,98,0.34,MCC
16,25,99,0.975,MCC
7,39,51,1,CS
7,39,52,0.97,CS
7,39,53,0.95,CS
7,39,54,0.605,CS
7,39,55,1,CS
7,39,56,0.53,CS
7,39,57,1,CS
7,39,58,1,CS
7,39,59,1,CS
7,39,60,1,CS
7,39,61,0.63,CS
7,39,62,1,CS
7,39,63,0.995,CS
7,39,64,0.945,CS
7,39,65,1,CS
7,39,66,0.995,CS
7,39,67,0.665,CS
7,39,68,1,CS
7,39,69,0.72,CS
7,39,70,1,CS
7,39,71,1,CS
7,39,72,1,CS
7,39,73,0.94,CS
7,39,74,1,CS
7,39,75,1,CS
7,39,76,0.825,CS
7,39,77,1,CS
7,39,78,1,CS
7,39,79,0.855,CS
7,39,80,1,CS
7,39,81,1,CS
7,39,82,1,CS
7,39,83,1,CS
7,39,84,1,CS
7,39,85,1,CS
7,39,51,NA,MCC
7,39,52,0.235,MCC
7,39,53,0.97,MCC
7,39,54,1,MCC
7,39,55,1,MCC
7,39,56,0.95,MCC
7,39,57,0.605,MCC
7,39,58,0.325,MCC
7,39,59,1,MCC
7,39,60,0.53,MCC
7,39,61,1,MCC
7,39,62,1,MCC
7,39,63,0.125,MCC
7,39,64,0.015,MCC
7,39,65,0.005,MCC
7,39,66,0.03,MCC
7,39,67,1,MCC
7,39,68,0.16,MCC
7,39,69,0.13,MCC
7,39,70,0.665,MCC
7,39,71,1,MCC
7,39,72,1,MCC
7,39,73,1,MCC
7,39,74,0.72,MCC
7,39,75,1,MCC
7,39,76,0.16,MCC
7,39,77,0.11,MCC
7,39,78,1,MCC
7,39,79,0.15,MCC
7,39,80,1,MCC
7,39,81,1,MCC
7,39,82,0.94,MCC
7,39,83,0.825,MCC
7,39,84,1,MCC
7,39,85,1,MCC
7,39,86,0.025,MCC
7,39,87,0.065,MCC
7,39,88,1,MCC
7,39,89,1,MCC
7,39,90,1,MCC
7,39,91,0.855,MCC
7,39,92,1,MCC
7,39,93,0.63,MCC
7,39,94,0.445,MCC
7,39,95,1,MCC
7,39,96,0.995,MCC
7,39,97,0.945,MCC
7,39,98,1,MCC
7,39,99,0.995,MCC
14,7,51,1,CS
14,7,52,1,CS
14,7,53,1,CS
14,7,54,0.955,CS
14,7,55,1,CS
14,7,56,1,CS
14,7,57,1,CS
14,7,58,1,CS
14,7,59,1,CS
14,7,60,1,CS
14,7,61,0.985,CS
14,7,62,1,CS
14,7,63,1,CS
14,7,64,1,CS
14,7,65,1,CS
14,7,66,0.64,CS
14,7,51,NA,MCC
14,7,52,0.005,MCC
14,7,53,0.005,MCC
14,7,54,0.005,MCC
14,7,55,1,MCC
14,7,56,0.01,MCC
14,7,57,0.1,MCC
14,7,58,0.005,MCC
14,7,59,0.005,MCC
14,7,60,0.015,MCC
14,7,61,0.115,MCC
14,7,62,1,MCC
14,7,63,1,MCC
14,7,64,1,MCC
14,7,65,0.01,MCC
14,7,66,0.005,MCC
14,7,67,0.14,MCC
14,7,68,0.985,MCC
14,7,69,1,MCC
14,7,70,0.37,MCC
14,7,71,1,MCC
14,7,72,0.955,MCC
14,7,73,0.005,MCC
14,7,74,0.005,MCC
14,7,75,0.005,MCC
14,7,76,0.025,MCC
14,7,77,0.64,MCC
14,7,78,0.25,MCC
14,7,79,1,MCC
14,7,80,0.025,MCC
14,7,81,0.005,MCC
14,7,82,0.005,MCC
14,7,83,0.005,MCC
14,7,84,1,MCC
14,7,85,0.005,MCC
14,7,86,0.005,MCC
14,7,87,0.02,MCC
14,7,88,0.015,MCC
14,7,89,0.24,MCC
14,7,90,1,MCC
14,7,91,0.005,MCC
14,7,92,0.085,MCC
14,7,93,1,MCC
14,7,94,0.04,MCC
14,7,95,1,MCC
14,7,96,0.005,MCC
14,7,97,0.025,MCC
14,7,98,1,MCC
14,7,99,0.015,MCC
3,16,51,1,CS
3,16,52,0.995,CS
3,16,53,1,CS
3,16,54,1,CS
3,16,55,0.99,CS
3,16,56,0.99,CS
3,16,57,0.705,CS
3,16,58,0.945,CS
3,16,59,1,CS
3,16,60,0.995,CS
3,16,61,1,CS
3,16,62,1,CS
3,16,63,0.73,CS
3,16,64,0.96,CS
3,16,65,1,CS
3,16,66,1,CS
3,16,67,1,CS
3,16,68,1,CS
3,16,69,1,CS
3,16,70,1,CS
3,16,71,1,CS
3,16,72,0.705,CS
3,16,73,1,CS
3,16,74,1,CS
3,16,75,1,CS
3,16,76,1,CS
3,16,77,0.56,CS
3,16,78,1,CS
3,16,79,1,CS
3,16,80,1,CS
3,16,81,1,CS
3,16,82,1,CS
3,16,83,1,CS
3,16,84,0.805,CS
3,16,85,1,CS
3,16,86,0.995,CS
3,16,87,1,CS
3,16,88,1,CS
3,16,89,0.795,CS
3,16,90,0.995,CS
3,16,91,0.925,CS
3,16,92,1,CS
2,20,51,1,CS
2,20,52,0.63,CS
2,20,53,1,CS
2,20,54,0.65,CS
2,20,55,1,CS
2,20,56,1,CS
2,20,57,0.94,CS
2,20,58,0.995,CS
2,20,59,1,CS
2,20,60,1,CS
2,20,61,1,CS
2,20,62,1,CS
2,20,63,1,CS
2,20,64,1,CS
2,20,65,1,CS
2,20,66,0.645,CS
2,20,67,1,CS
2,20,68,1,CS
2,20,69,0.62,CS
2,20,70,1,CS
2,20,71,0.51,CS
2,20,72,0.995,CS
2,20,73,1,CS
2,20,74,1,CS
2,20,75,1,CS
2,20,76,1,CS
2,20,77,0.89,CS
2,20,78,1,CS
2,20,79,1,CS
2,20,80,1,CS
2,20,81,1,CS
2,20,82,1,CS
2,20,83,0.84,CS
2,20,84,1,CS
2,20,85,1,CS
2,20,86,1,CS
2,20,87,0.995,CS
2,20,88,1,CS
2,20,89,1,CS
2,20,90,1,CS
2,20,91,1,CS
3,16,51,NA,MCC
3,16,52,1,MCC
3,16,53,0.415,MCC
3,16,54,0.805,MCC
3,16,55,1,MCC
3,16,56,0.485,MCC
3,16,57,0.995,MCC
3,16,58,1,MCC
3,16,59,1,MCC
3,16,60,0.795,MCC
3,16,61,1,MCC
3,16,62,0.995,MCC
3,16,63,0.47,MCC
3,16,64,0.925,MCC
3,16,65,0.995,MCC
3,16,66,0.225,MCC
3,16,67,0.165,MCC
3,16,68,1,MCC
3,16,69,1,MCC
3,16,70,1,MCC
3,16,71,1,MCC
3,16,72,0.395,MCC
3,16,73,0.56,MCC
3,16,74,1,MCC
3,16,75,1,MCC
3,16,76,1,MCC
3,16,77,1,MCC
3,16,78,1,MCC
3,16,79,0.73,MCC
3,16,80,0.96,MCC
3,16,81,1,MCC
3,16,82,1,MCC
3,16,83,0.385,MCC
3,16,84,0.995,MCC
3,16,85,0.99,MCC
3,16,86,0.99,MCC
3,16,87,0.705,MCC
3,16,88,0.945,MCC
3,16,89,1,MCC
3,16,90,1,MCC
3,16,91,1,MCC
3,16,92,1,MCC
3,16,93,1,MCC
3,16,94,1,MCC
3,16,95,1,MCC
3,16,96,0.705,MCC
3,16,97,1,MCC
3,16,98,1,MCC
3,16,99,1,MCC
6,11,51,1,CS
6,11,52,0.52,CS
6,11,53,0.62,CS
6,11,54,0.97,CS
6,11,55,1,CS
6,11,56,0.91,CS
6,11,57,1,CS
6,11,58,1,CS
6,11,59,1,CS
6,11,60,0.94,CS
6,11,61,0.67,CS
6,11,62,0.96,CS
6,11,63,1,CS
6,11,64,1,CS
6,11,65,1,CS
6,11,66,1,CS
6,11,67,0.63,CS
6,11,68,1,CS
6,11,69,0.585,CS
6,11,70,0.97,CS
6,11,71,1,CS
6,11,72,1,CS
6,11,73,0.915,CS
6,11,74,1,CS
6,11,75,0.98,CS
6,11,51,NA,MCC
6,11,52,0.005,MCC
6,11,53,0.025,MCC
6,11,54,0.095,MCC
6,11,55,0.085,MCC
6,11,56,0.005,MCC
6,11,57,0.035,MCC
6,11,58,0.09,MCC
6,11,59,0.585,MCC
6,11,60,0.295,MCC
6,11,61,0.235,MCC
6,11,62,0.035,MCC
6,11,63,0.2,MCC
6,11,64,0.62,MCC
6,11,65,0.97,MCC
6,11,66,1,MCC
6,11,67,0.91,MCC
6,11,68,1,MCC
6,11,69,1,MCC
6,11,70,1,MCC
6,11,71,0.63,MCC
6,11,72,1,MCC
6,11,73,0.28,MCC
6,11,74,1,MCC
6,11,75,0.25,MCC
6,11,76,0.915,MCC
6,11,77,0.16,MCC
6,11,78,0.275,MCC
6,11,79,0.18,MCC
6,11,80,0.97,MCC
6,11,81,1,MCC
6,11,82,0.005,MCC
6,11,83,0.005,MCC
6,11,84,0.015,MCC
6,11,85,0.105,MCC
6,11,86,0.98,MCC
6,11,87,0.155,MCC
6,11,88,1,MCC
6,11,89,0.015,MCC
6,11,90,0.215,MCC
6,11,91,0.94,MCC
6,11,92,0.67,MCC
6,11,93,0.96,MCC
6,11,94,1,MCC
6,11,95,1,MCC
6,11,96,1,MCC
6,11,97,1,MCC
6,11,98,0.08,MCC
6,11,99,0.205,MCC
2,20,51,NA,MCC
2,20,52,0.495,MCC
2,20,53,1,MCC
2,20,54,1,MCC
2,20,55,0.63,MCC
2,20,56,0.275,MCC
2,20,57,0.41,MCC
2,20,58,1,MCC
2,20,59,1,MCC
2,20,60,0.995,MCC
2,20,61,1,MCC
2,20,62,1,MCC
2,20,63,0.995,MCC
2,20,64,1,MCC
2,20,65,1,MCC
2,20,66,1,MCC
2,20,67,1,MCC
2,20,68,0.89,MCC
2,20,69,1,MCC
2,20,70,1,MCC
2,20,71,1,MCC
2,20,72,1,MCC
2,20,73,0.65,MCC
2,20,74,1,MCC
2,20,75,1,MCC
2,20,76,1,MCC
2,20,77,0.94,MCC
2,20,78,0.995,MCC
2,20,79,1,MCC
2,20,80,1,MCC
2,20,81,1,MCC
2,20,82,0.455,MCC
2,20,83,0.36,MCC
2,20,84,1,MCC
2,20,85,0.24,MCC
2,20,86,0.645,MCC
2,20,87,1,MCC
2,20,88,1,MCC
2,20,89,0.62,MCC
2,20,90,1,MCC
2,20,91,0.315,MCC
2,20,92,0.21,MCC
2,20,93,1,MCC
2,20,94,0.4,MCC
2,20,95,1,MCC
2,20,96,1,MCC
2,20,97,1,MCC
2,20,98,0.84,MCC
2,20,99,1,MCC
17,25,51,1,CS
17,25,52,1,CS
17,25,53,1,CS
17,25,54,1,CS
17,25,55,1,CS
17,25,56,1,CS
17,25,57,1,CS
17,25,58,0.595,CS
17,25,51,NA,MCC
17,25,52,0.005,MCC
17,25,53,0.005,MCC
17,25,54,0.005,MCC
17,25,55,0.005,MCC
17,25,56,0.015,MCC
17,25,57,0.005,MCC
17,25,58,0.005,MCC
17,25,59,0.005,MCC
17,25,60,0.015,MCC
17,25,61,0.005,MCC
17,25,62,0.01,MCC
17,25,63,0.015,MCC
17,25,64,0.085,MCC
17,25,65,1,MCC
17,25,66,1,MCC
17,25,67,0.005,MCC
17,25,68,0.005,MCC
17,25,69,0.005,MCC
17,25,70,0.595,MCC
17,25,71,0.005,MCC
17,25,72,0.005,MCC
17,25,73,0.005,MCC
17,25,74,0.02,MCC
17,25,75,0.355,MCC
17,25,76,0.08,MCC
17,25,77,0.02,MCC
17,25,78,0.005,MCC
17,25,79,0.11,MCC
17,25,80,0.005,MCC
17,25,81,0.01,MCC
17,25,82,0.005,MCC
17,25,83,0.02,MCC
17,25,84,0.005,MCC
17,25,85,0.005,MCC
17,25,86,0.405,MCC
17,25,87,0.005,MCC
17,25,88,0.02,MCC
17,25,89,1,MCC
17,25,90,1,MCC
17,25,91,0.005,MCC
17,25,92,0.09,MCC
17,25,93,0.26,MCC
17,25,94,0.005,MCC
17,25,95,0.01,MCC
17,25,96,0.42,MCC
17,25,97,1,MCC
17,25,98,1,MCC
17,25,99,0.02,MCC
12,48,51,1,CS
12,48,52,0.585,CS
12,48,53,0.815,CS
12,48,54,1,CS
12,48,55,1,CS
12,48,56,1,CS
12,48,57,0.615,CS
12,48,58,0.515,CS
12,48,59,1,CS
12,48,60,0.98,CS
12,48,61,1,CS
12,48,62,1,CS
12,48,63,1,CS
12,48,64,1,CS
12,48,65,1,CS
12,48,66,1,CS
12,48,67,0.64,CS
12,48,68,1,CS
12,48,69,1,CS
12,48,70,1,CS
5,43,51,1,CS
5,43,52,1,CS
5,43,53,1,CS
5,43,54,1,CS
5,43,55,1,CS
5,43,56,1,CS
5,43,57,1,CS
5,43,58,1,CS
5,43,59,0.875,CS
5,43,60,1,CS
5,43,61,1,CS
5,43,62,0.98,CS
5,43,63,1,CS
5,43,64,1,CS
5,43,65,1,CS
5,43,66,0.785,CS
5,43,67,0.6,CS
5,43,68,1,CS
5,43,69,0.855,CS
5,43,70,1,CS
5,43,71,1,CS
5,43,72,0.895,CS
5,43,73,0.61,CS
5,43,74,1,CS
5,43,75,0.97,CS
5,43,76,1,CS
5,43,77,0.62,CS
5,43,78,1,CS
5,43,79,1,CS
5,43,80,1,CS
5,43,81,1,CS
5,43,82,1,CS
5,43,83,0.56,CS
5,43,84,1,CS
5,43,85,0.99,CS
5,43,86,1,CS
12,48,51,NA,MCC
12,48,52,0.005,MCC
12,48,53,0.005,MCC
12,48,54,0.01,MCC
12,48,55,0.03,MCC
12,48,56,0.005,MCC
12,48,57,0.04,MCC
12,48,58,0.01,MCC
12,48,59,0.01,MCC
12,48,60,0.135,MCC
12,48,61,0.09,MCC
12,48,62,0.09,MCC
12,48,63,0.585,MCC
12,48,64,0.34,MCC
12,48,65,1,MCC
12,48,66,1,MCC
12,48,67,0.615,MCC
12,48,68,0.815,MCC
12,48,69,1,MCC
12,48,70,0.01,MCC
12,48,71,0.02,MCC
12,48,72,0.04,MCC
12,48,73,0.295,MCC
12,48,74,0.355,MCC
12,48,75,1,MCC
12,48,76,0.005,MCC
12,48,77,0.005,MCC
12,48,78,0.025,MCC
12,48,79,0.055,MCC
12,48,80,1,MCC
12,48,81,0.64,MCC
12,48,82,1,MCC
12,48,83,0.005,MCC
12,48,84,0.005,MCC
12,48,85,0.005,MCC
12,48,86,0.205,MCC
12,48,87,0.515,MCC
12,48,88,1,MCC
12,48,89,0.98,MCC
12,48,90,1,MCC
12,48,91,1,MCC
12,48,92,0.01,MCC
12,48,93,0.08,MCC
12,48,94,1,MCC
12,48,95,1,MCC
12,48,96,1,MCC
12,48,97,1,MCC
12,48,98,0.005,MCC
12,48,99,0.44,MCC
5,43,51,NA,MCC
5,43,52,0.285,MCC
5,43,53,0.895,MCC
5,43,54,0.61,MCC
5,43,55,1,MCC
5,43,56,0.97,MCC
5,43,57,1,MCC
5,43,58,0.295,MCC
5,43,59,0.02,MCC
5,43,60,0.135,MCC
5,43,61,0.26,MCC
5,43,62,0.33,MCC
5,43,63,0.6,MCC
5,43,64,0.315,MCC
5,43,65,1,MCC
5,43,66,1,MCC
5,43,67,1,MCC
5,43,68,0.855,MCC
5,43,69,1,MCC
5,43,70,0.99,MCC
5,43,71,0.62,MCC
5,43,72,1,MCC
5,43,73,1,MCC
5,43,74,1,MCC
5,43,75,1,MCC
5,43,76,0.095,MCC
5,43,77,0.335,MCC
5,43,78,1,MCC
5,43,79,0.365,MCC
5,43,80,0.785,MCC
5,43,81,0.98,MCC
5,43,82,1,MCC
5,43,83,1,MCC
5,43,84,1,MCC
5,43,85,0.225,MCC
5,43,86,1,MCC
5,43,87,0.1,MCC
5,43,88,0.875,MCC
5,43,89,1,MCC
5,43,90,1,MCC
5,43,91,1,MCC
5,43,92,1,MCC
5,43,93,0.23,MCC
5,43,94,1,MCC
5,43,95,1,MCC
5,43,96,1,MCC
5,43,97,1,MCC
5,43,98,1,MCC
5,43,99,0.56,MCC
8,39,51,1,CS
8,39,52,0.93,CS
8,39,53,0.71,CS
8,39,54,0.745,CS
8,39,55,1,CS
8,39,56,1,CS
8,39,57,1,CS
8,39,58,1,CS
8,39,59,0.975,CS
8,39,60,1,CS
8,39,61,0.62,CS
8,39,62,1,CS
8,39,63,0.985,CS
8,39,64,1,CS
8,39,65,0.605,CS
8,39,66,0.995,CS
8,39,67,0.95,CS
8,39,68,0.94,CS
8,39,69,1,CS
8,39,70,1,CS
8,39,71,0.85,CS
8,39,72,1,CS
8,39,73,1,CS
8,39,74,1,CS
8,39,75,1,CS
8,39,76,1,CS
8,39,77,1,CS
8,39,78,1,CS
8,39,79,1,CS
8,39,80,1,CS
8,39,81,1,CS
8,39,82,1,CS
8,39,83,0.99,CS
8,39,84,0.745,CS
8,39,51,NA,MCC
8,39,52,0.12,MCC
8,39,53,0.05,MCC
8,39,54,0.005,MCC
8,39,55,0.045,MCC
8,39,56,0.23,MCC
8,39,57,1,MCC
8,39,58,1,MCC
8,39,59,0.975,MCC
8,39,60,0.985,MCC
8,39,61,1,MCC
8,39,62,1,MCC
8,39,63,0.62,MCC
8,39,64,1,MCC
8,39,65,0.035,MCC
8,39,66,0.445,MCC
8,39,67,0.93,MCC
8,39,68,0.71,MCC
8,39,69,0.12,MCC
8,39,70,1,MCC
8,39,71,1,MCC
8,39,72,1,MCC
8,39,73,1,MCC
8,39,74,1,MCC
8,39,75,1,MCC
8,39,76,0.345,MCC
8,39,77,1,MCC
8,39,78,0.85,MCC
8,39,79,1,MCC
8,39,80,0.01,MCC
8,39,81,0.02,MCC
8,39,82,0.09,MCC
8,39,83,0.745,MCC
8,39,84,1,MCC
8,39,85,0.04,MCC
8,39,86,0.075,MCC
8,39,87,0.345,MCC
8,39,88,0.99,MCC
8,39,89,1,MCC
8,39,90,1,MCC
8,39,91,0.43,MCC
8,39,92,0.605,MCC
8,39,93,0.995,MCC
8,39,94,0.95,MCC
8,39,95,0.94,MCC
8,39,96,1,MCC
8,39,97,1,MCC
8,39,98,1,MCC
8,39,99,1,MCC
4,3,51,1,CS
4,3,52,0.835,CS
4,3,53,0.99,CS
4,3,54,0.83,CS
4,3,55,0.745,CS
4,3,56,0.765,CS
4,3,57,1,CS
4,3,58,0.92,CS
4,3,59,1,CS
4,3,60,1,CS
4,3,61,1,CS
4,3,62,1,CS
4,3,63,0.815,CS
4,3,64,1,CS
4,3,65,1,CS
4,3,66,1,CS
4,3,67,1,CS
4,3,68,1,CS
4,3,69,1,CS
4,3,70,0.82,CS
4,3,71,0.975,CS
4,3,72,0.785,CS
4,3,73,1,CS
4,3,74,1,CS
4,3,75,0.91,CS
4,3,76,1,CS
4,3,77,0.955,CS
4,3,78,1,CS
4,3,79,0.995,CS
4,3,80,1,CS
4,3,81,1,CS
4,3,82,0.94,CS
4,3,83,0.555,CS
4,3,84,1,CS
4,3,85,1,CS
4,3,86,0.735,CS
4,3,87,0.795,CS
4,3,88,1,CS
4,3,89,1,CS
4,3,90,0.945,CS
4,3,91,1,CS
15,7,51,1,CS
15,7,52,0.91,CS
15,7,53,1,CS
15,7,54,0.62,CS
15,7,55,1,CS
15,7,56,1,CS
15,7,57,1,CS
15,7,58,1,CS
15,7,59,1,CS
15,7,60,1,CS
15,7,61,0.97,CS
15,7,62,0.775,CS
15,7,63,0.91,CS
15,7,64,1,CS
15,7,65,1,CS
15,7,66,0.96,CS
15,7,67,1,CS
4,3,51,NA,MCC
4,3,52,0.165,MCC
4,3,53,0.735,MCC
4,3,54,0.795,MCC
4,3,55,1,MCC
4,3,56,1,MCC
4,3,57,0.835,MCC
4,3,58,0.815,MCC
4,3,59,1,MCC
4,3,60,1,MCC
4,3,61,1,MCC
4,3,62,1,MCC
4,3,63,1,MCC
4,3,64,1,MCC
4,3,65,0.42,MCC
4,3,66,0.255,MCC
4,3,67,0.3,MCC
4,3,68,0.99,MCC
4,3,69,0.83,MCC
4,3,70,0.745,MCC
4,3,71,0.765,MCC
4,3,72,1,MCC
4,3,73,1,MCC
4,3,74,1,MCC
4,3,75,0.92,MCC
4,3,76,1,MCC
4,3,77,1,MCC
4,3,78,0.195,MCC
4,3,79,0.82,MCC
4,3,80,0.255,MCC
4,3,81,1,MCC
4,3,82,0.47,MCC
4,3,83,0.315,MCC
4,3,84,0.995,MCC
4,3,85,1,MCC
4,3,86,1,MCC
4,3,87,1,MCC
4,3,88,0.955,MCC
4,3,89,1,MCC
4,3,90,0.94,MCC
4,3,91,0.215,MCC
4,3,92,1,MCC
4,3,93,0.975,MCC
4,3,94,0.785,MCC
4,3,95,1,MCC
4,3,96,1,MCC
4,3,97,0.91,MCC
4,3,98,0.945,MCC
4,3,99,1,MCC
15,7,51,NA,MCC
15,7,52,0.005,MCC
15,7,53,0.005,MCC
15,7,54,0.005,MCC
15,7,55,0.035,MCC
15,7,56,1,MCC
15,7,57,0.91,MCC
15,7,58,0.62,MCC
15,7,59,1,MCC
15,7,60,0.005,MCC
15,7,61,0.05,MCC
15,7,62,0.005,MCC
15,7,63,0.01,MCC
15,7,64,0.91,MCC
15,7,65,1,MCC
15,7,66,0.05,MCC
15,7,67,1,MCC
15,7,68,0.96,MCC
15,7,69,0.005,MCC
15,7,70,0.015,MCC
15,7,71,0.97,MCC
15,7,72,0.355,MCC
15,7,73,0.005,MCC
15,7,74,0.005,MCC
15,7,75,0.005,MCC
15,7,76,0.05,MCC
15,7,77,1,MCC
15,7,78,0.005,MCC
15,7,79,0.02,MCC
15,7,80,1,MCC
15,7,81,0.01,MCC
15,7,82,0.09,MCC
15,7,83,0.005,MCC
15,7,84,0.015,MCC
15,7,85,0.21,MCC
15,7,86,0.775,MCC
15,7,87,1,MCC
15,7,88,0.005,MCC
15,7,89,0.025,MCC
15,7,90,1,MCC
15,7,91,1,MCC
15,7,92,0.03,MCC
15,7,93,0.005,MCC
15,7,94,0.005,MCC
15,7,95,0.005,MCC
15,7,96,0.49,MCC
15,7,97,1,MCC
15,7,98,0.05,MCC
15,7,99,0.255,MCC
4,16,51,1,CS
4,16,52,0.975,CS
4,16,53,0.58,CS
4,16,54,0.665,CS
4,16,55,1,CS
4,16,56,0.895,CS
4,16,57,0.975,CS
4,16,58,0.735,CS
4,16,59,0.985,CS
4,16,60,1,CS
4,16,61,0.99,CS
4,16,62,1,CS
4,16,63,0.795,CS
4,16,64,1,CS
4,16,65,0.69,CS
4,16,66,0.685,CS
4,16,67,0.61,CS
4,16,68,0.9,CS
4,16,69,0.925,CS
4,16,70,1,CS
4,16,71,0.995,CS
4,16,72,1,CS
4,16,73,1,CS
4,16,74,1,CS
4,16,75,0.76,CS
4,16,76,0.765,CS
4,16,77,1,CS
4,16,78,1,CS
4,16,79,1,CS
4,16,80,1,CS
4,16,81,1,CS
4,16,82,1,CS
4,16,83,1,CS
4,16,84,1,CS
4,16,85,0.95,CS
4,16,86,0.975,CS
4,16,87,0.53,CS
4,16,88,1,CS
4,16,89,1,CS
4,16,90,0.925,CS
4,16,91,0.565,CS
4,16,92,0.55,CS
4,16,93,1,CS
4,16,51,NA,MCC
4,16,52,0.975,MCC
4,16,53,0.18,MCC
4,16,54,1,MCC
4,16,55,1,MCC
4,16,56,0.235,MCC
4,16,57,0.58,MCC
4,16,58,0.665,MCC
4,16,59,1,MCC
4,16,60,0.895,MCC
4,16,61,0.975,MCC
4,16,62,0.735,MCC
4,16,63,0.985,MCC
4,16,64,1,MCC
4,16,65,0.99,MCC
4,16,66,1,MCC
4,16,67,0.795,MCC
4,16,68,1,MCC
4,16,69,0.69,MCC
4,16,70,0.685,MCC
4,16,71,1,MCC
4,16,72,1,MCC
4,16,73,1,MCC
4,16,74,0.61,MCC
4,16,75,0.9,MCC
4,16,76,0.925,MCC
4,16,77,1,MCC
4,16,78,0.995,MCC
4,16,79,1,MCC
4,16,80,1,MCC
4,16,81,1,MCC
4,16,82,0.76,MCC
4,16,83,0.765,MCC
4,16,84,1,MCC
4,16,85,1,MCC
4,16,86,1,MCC
4,16,87,0.95,MCC
4,16,88,0.17,MCC
4,16,89,0.15,MCC
4,16,90,0.975,MCC
4,16,91,0.53,MCC
4,16,92,1,MCC
4,16,93,1,MCC
4,16,94,0.375,MCC
4,16,95,0.465,MCC
4,16,96,0.925,MCC
4,16,97,0.195,MCC
4,16,98,1,MCC
4,16,99,0.55,MCC
3,34,51,1,CS
3,34,52,0.525,CS
3,34,53,0.59,CS
3,34,54,0.555,CS
3,34,55,0.835,CS
3,34,56,1,CS
3,34,57,1,CS
3,34,58,1,CS
3,34,59,1,CS
3,34,60,1,CS
3,34,61,1,CS
3,34,62,1,CS
3,34,63,1,CS
3,34,64,0.89,CS
3,34,65,1,CS
3,34,66,1,CS
3,34,67,1,CS
3,34,68,0.985,CS
3,34,69,0.55,CS
3,34,70,1,CS
3,34,71,0.975,CS
3,34,72,1,CS
3,34,73,0.68,CS
3,34,74,1,CS
3,34,75,1,CS
3,34,76,1,CS
3,34,77,1,CS
3,34,78,1,CS
3,34,79,1,CS
3,34,80,0.98,CS
3,34,81,1,CS
3,34,82,1,CS
3,34,83,1,CS
3,34,84,1,CS
3,34,85,0.945,CS
3,34,86,1,CS
3,34,87,0.98,CS
3,34,88,1,CS
3,34,89,1,CS
3,34,90,1,CS
3,34,91,1,CS
3,34,92,0.56,CS
3,34,93,1,CS
3,34,94,1,CS
3,34,95,0.955,CS
3,34,96,1,CS
2,25,51,1,CS
2,25,52,1,CS
2,25,53,1,CS
2,25,54,1,CS
2,25,55,0.81,CS
2,25,56,1,CS
2,25,57,0.95,CS
2,25,58,0.995,CS
2,25,59,1,CS
2,25,60,1,CS
2,25,61,1,CS
2,25,62,1,CS
2,25,63,0.615,CS
2,25,64,1,CS
2,25,65,1,CS
2,25,66,1,CS
2,25,67,1,CS
2,25,68,1,CS
2,25,69,1,CS
2,25,70,1,CS
2,25,71,1,CS
2,25,72,1,CS
2,25,73,1,CS
2,25,74,0.615,CS
2,25,75,1,CS
2,25,76,1,CS
2,25,77,0.78,CS
2,25,78,0.545,CS
2,25,79,0.75,CS
2,25,80,1,CS
2,25,81,0.615,CS
2,25,82,0.965,CS
2,25,83,1,CS
2,25,84,1,CS
2,25,85,1,CS
2,25,86,0.9,CS
2,25,87,1,CS
2,25,88,1,CS
2,25,89,1,CS
2,25,90,1,CS
2,25,91,1,CS
2,25,92,1,CS
2,25,93,1,CS
2,25,94,1,CS
2,25,51,NA,MCC
2,25,52,1,MCC
2,25,53,0.355,MCC
2,25,54,0.215,MCC
2,25,55,0.205,MCC
2,25,56,1,MCC
2,25,57,1,MCC
2,25,58,0.545,MCC
2,25,59,1,MCC
2,25,60,1,MCC
2,25,61,1,MCC
2,25,62,1,MCC
2,25,63,1,MCC
2,25,64,0.75,MCC
2,25,65,1,MCC
2,25,66,0.615,MCC
2,25,67,0.965,MCC
2,25,68,1,MCC
2,25,69,1,MCC
2,25,70,1,MCC
2,25,71,0.9,MCC
2,25,72,1,MCC
2,25,73,0.47,MCC
2,25,74,0.78,MCC
2,25,75,1,MCC
2,25,76,1,MCC
2,25,77,1,MCC
2,25,78,1,MCC
2,25,79,1,MCC
2,25,80,1,MCC
2,25,81,0.615,MCC
2,25,82,1,MCC
2,25,83,1,MCC
2,25,84,1,MCC
2,25,85,0.39,MCC
2,25,86,1,MCC
2,25,87,0.81,MCC
2,25,88,1,MCC
2,25,89,0.95,MCC
2,25,90,0.995,MCC
2,25,91,1,MCC
2,25,92,1,MCC
2,25,93,1,MCC
2,25,94,1,MCC
2,25,95,1,MCC
2,25,96,0.615,MCC
2,25,97,1,MCC
2,25,98,1,MCC
2,25,99,1,MCC
3,34,51,NA,MCC
3,34,52,0.945,MCC
3,34,53,1,MCC
3,34,54,0.98,MCC
3,34,55,0.495,MCC
3,34,56,1,MCC
3,34,57,1,MCC
3,34,58,1,MCC
3,34,59,1,MCC
3,34,60,0.56,MCC
3,34,61,0.44,MCC
3,34,62,0.955,MCC
3,34,63,1,MCC
3,34,64,1,MCC
3,34,65,1,MCC
3,34,66,0.525,MCC
3,34,67,0.98,MCC
3,34,68,1,MCC
3,34,69,1,MCC
3,34,70,1,MCC
3,34,71,1,MCC
3,34,72,0.59,MCC
3,34,73,0.555,MCC
3,34,74,0.835,MCC
3,34,75,1,MCC
3,34,76,1,MCC
3,34,77,1,MCC
3,34,78,1,MCC
3,34,79,1,MCC
3,34,80,1,MCC
3,34,81,1,MCC
3,34,82,1,MCC
3,34,83,0.89,MCC
3,34,84,1,MCC
3,34,85,1,MCC
3,34,86,1,MCC
3,34,87,0.255,MCC
3,34,88,1,MCC
3,34,89,1,MCC
3,34,90,1,MCC
3,34,91,1,MCC
3,34,92,1,MCC
3,34,93,0.985,MCC
3,34,94,0.55,MCC
3,34,95,0.975,MCC
3,34,96,1,MCC
3,34,97,1,MCC
3,34,98,0.68,MCC
3,34,99,1,MCC
6,43,51,1,CS
6,43,52,1,CS
6,43,53,0.785,CS
6,43,54,1,CS
6,43,55,1,CS
6,43,56,1,CS
6,43,57,1,CS
6,43,58,1,CS
6,43,59,0.9,CS
6,43,60,0.975,CS
6,43,61,0.995,CS
6,43,62,0.965,CS
6,43,63,1,CS
6,43,64,0.71,CS
6,43,65,0.585,CS
6,43,66,1,CS
6,43,67,1,CS
6,43,68,1,CS
6,43,69,0.95,CS
6,43,70,0.565,CS
6,43,71,1,CS
6,43,72,0.59,CS
6,43,73,1,CS
6,43,74,1,CS
6,43,75,1,CS
6,43,76,0.765,CS
6,43,77,0.995,CS
6,43,78,1,CS
6,43,79,1,CS
6,43,80,1,CS
6,43,81,0.7,CS
6,43,82,0.82,CS
6,43,83,1,CS
6,43,84,1,CS
6,43,85,1,CS
6,43,51,NA,MCC
6,43,52,0.04,MCC
6,43,53,0.02,MCC
6,43,54,0.05,MCC
6,43,55,1,MCC
6,43,56,0.95,MCC
6,43,57,0.71,MCC
6,43,58,0.585,MCC
6,43,59,1,MCC
6,43,60,1,MCC
6,43,61,1,MCC
6,43,62,1,MCC
6,43,63,1,MCC
6,43,64,0.765,MCC
6,43,65,0.995,MCC
6,43,66,0.01,MCC
6,43,67,0.025,MCC
6,43,68,0.15,MCC
6,43,69,1,MCC
6,43,70,0.14,MCC
6,43,71,0.105,MCC
6,43,72,1,MCC
6,43,73,1,MCC
6,43,74,1,MCC
6,43,75,1,MCC
6,43,76,0.03,MCC
6,43,77,0.065,MCC
6,43,78,0.185,MCC
6,43,79,0.82,MCC
6,43,80,0.055,MCC
6,43,81,0.02,MCC
6,43,82,0.125,MCC
6,43,83,1,MCC
6,43,84,0.29,MCC
6,43,85,0.095,MCC
6,43,86,1,MCC
6,43,87,0.785,MCC
6,43,88,1,MCC
6,43,89,1,MCC
6,43,90,1,MCC
6,43,91,1,MCC
6,43,92,1,MCC
6,43,93,0.9,MCC
6,43,94,0.975,MCC
6,43,95,0.995,MCC
6,43,96,0.965,MCC
6,43,97,0.255,MCC
6,43,98,1,MCC
6,43,99,1,MCC
5,16,51,1,CS
5,16,52,0.74,CS
5,16,53,0.975,CS
5,16,54,0.865,CS
5,16,55,0.645,CS
5,16,56,0.605,CS
5,16,57,0.99,CS
5,16,58,1,CS
5,16,59,0.765,CS
5,16,60,1,CS
5,16,61,0.865,CS
5,16,62,0.985,CS
5,16,63,1,CS
5,16,64,0.79,CS
5,16,65,0.855,CS
5,16,66,0.875,CS
5,16,67,0.65,CS
5,16,68,1,CS
5,16,69,0.86,CS
5,16,70,0.775,CS
5,16,71,0.685,CS
5,16,72,1,CS
5,16,73,0.72,CS
5,16,74,1,CS
5,16,75,1,CS
5,16,76,0.82,CS
5,16,77,1,CS
5,16,78,1,CS
5,16,79,0.615,CS
5,16,80,0.995,CS
5,16,81,1,CS
5,16,82,1,CS
5,16,83,0.99,CS
5,16,84,1,CS
5,16,85,1,CS
5,16,86,1,CS
5,16,51,NA,MCC
5,16,52,0.38,MCC
5,16,53,0.3,MCC
5,16,54,0.99,MCC
5,16,55,1,MCC
5,16,56,0.995,MCC
5,16,57,1,MCC
5,16,58,1,MCC
5,16,59,0.105,MCC
5,16,60,0.125,MCC
5,16,61,0.32,MCC
5,16,62,0.72,MCC
5,16,63,1,MCC
5,16,64,0.615,MCC
5,16,65,1,MCC
5,16,66,1,MCC
5,16,67,0.82,MCC
5,16,68,1,MCC
5,16,69,0.43,MCC
5,16,70,0.74,MCC
5,16,71,0.32,MCC
5,16,72,0.865,MCC
5,16,73,0.985,MCC
5,16,74,0.43,MCC
5,16,75,0.3,MCC
5,16,76,0.975,MCC
5,16,77,0.865,MCC
5,16,78,0.645,MCC
5,16,79,0.29,MCC
5,16,80,0.99,MCC
5,16,81,1,MCC
5,16,82,0.765,MCC
5,16,83,1,MCC
5,16,84,1,MCC
5,16,85,1,MCC
5,16,86,1,MCC
5,16,87,0.79,MCC
5,16,88,0.315,MCC
5,16,89,1,MCC
5,16,90,0.855,MCC
5,16,91,0.875,MCC
5,16,92,0.65,MCC
5,16,93,0.37,MCC
5,16,94,1,MCC
5,16,95,0.86,MCC
5,16,96,0.32,MCC
5,16,97,0.095,MCC
5,16,98,0.685,MCC
5,16,99,0.335,MCC
3,25,51,1,CS
3,25,52,0.725,CS
3,25,53,1,CS
3,25,54,0.995,CS
3,25,55,1,CS
3,25,56,1,CS
3,25,57,0.99,CS
3,25,58,0.69,CS
3,25,59,1,CS
3,25,60,1,CS
3,25,61,0.93,CS
3,25,62,0.985,CS
3,25,63,1,CS
3,25,64,1,CS
3,25,65,1,CS
3,25,66,1,CS
3,25,67,0.595,CS
3,25,68,0.99,CS
3,25,69,1,CS
3,25,70,1,CS
3,25,71,1,CS
3,25,72,1,CS
3,25,73,1,CS
3,25,74,0.695,CS
3,25,75,1,CS
3,25,76,1,CS
3,25,77,1,CS
3,25,78,1,CS
3,25,79,1,CS
3,25,80,1,CS
3,25,81,1,CS
3,25,82,0.805,CS
3,25,83,1,CS
3,25,84,1,CS
3,25,85,1,CS
3,25,86,1,CS
3,25,87,1,CS
3,25,88,0.995,CS
3,25,89,1,CS
3,25,90,1,CS
3,25,91,1,CS
5,3,51,1,CS
5,3,52,1,CS
5,3,53,0.825,CS
5,3,54,0.98,CS
5,3,55,1,CS
5,3,56,0.985,CS
5,3,57,1,CS
5,3,58,0.98,CS
5,3,59,1,CS
5,3,60,1,CS
5,3,61,0.575,CS
5,3,62,0.655,CS
5,3,63,1,CS
5,3,64,1,CS
5,3,65,0.59,CS
5,3,66,1,CS
5,3,67,1,CS
5,3,68,1,CS
5,3,69,1,CS
5,3,70,1,CS
5,3,71,0.98,CS
5,3,72,1,CS
5,3,73,1,CS
5,3,74,1,CS
5,3,75,1,CS
5,3,76,0.6,CS
5,3,77,0.545,CS
5,3,78,1,CS
5,3,79,1,CS
5,3,80,1,CS
5,3,81,0.855,CS
5,3,82,1,CS
5,3,83,0.665,CS
5,3,84,1,CS
5,3,85,1,CS
5,3,86,1,CS
3,25,51,NA,MCC
3,25,52,1,MCC
3,25,53,0.255,MCC
3,25,54,0.17,MCC
3,25,55,0.48,MCC
3,25,56,1,MCC
3,25,57,0.36,MCC
3,25,58,1,MCC
3,25,59,1,MCC
3,25,60,1,MCC
3,25,61,1,MCC
3,25,62,0.805,MCC
3,25,63,0.995,MCC
3,25,64,0.47,MCC
3,25,65,1,MCC
3,25,66,1,MCC
3,25,67,1,MCC
3,25,68,1,MCC
3,25,69,1,MCC
3,25,70,1,MCC
3,25,71,1,MCC
3,25,72,0.495,MCC
3,25,73,0.725,MCC
3,25,74,0.595,MCC
3,25,75,0.99,MCC
3,25,76,1,MCC
3,25,77,1,MCC
3,25,78,1,MCC
3,25,79,1,MCC
3,25,80,1,MCC
3,25,81,0.695,MCC
3,25,82,1,MCC
3,25,83,1,MCC
3,25,84,1,MCC
3,25,85,0.44,MCC
3,25,86,0.995,MCC
3,25,87,0.45,MCC
3,25,88,1,MCC
3,25,89,1,MCC
3,25,90,0.69,MCC
3,25,91,1,MCC
3,25,92,0.99,MCC
3,25,93,1,MCC
3,25,94,0.93,MCC
3,25,95,0.985,MCC
3,25,96,1,MCC
3,25,97,1,MCC
3,25,98,1,MCC
3,25,99,1,MCC
5,3,51,NA,MCC
5,3,52,0.1,MCC
5,3,53,0.03,MCC
5,3,54,0.09,MCC
5,3,55,0.105,MCC
5,3,56,0.855,MCC
5,3,57,1,MCC
5,3,58,0.27,MCC
5,3,59,0.055,MCC
5,3,60,1,MCC
5,3,61,1,MCC
5,3,62,1,MCC
5,3,63,1,MCC
5,3,64,1,MCC
5,3,65,1,MCC
5,3,66,0.825,MCC
5,3,67,1,MCC
5,3,68,0.98,MCC
5,3,69,0.98,MCC
5,3,70,1,MCC
5,3,71,1,MCC
5,3,72,0.985,MCC
5,3,73,1,MCC
5,3,74,0.575,MCC
5,3,75,0.665,MCC
5,3,76,1,MCC
5,3,77,0.04,MCC
5,3,78,0.08,MCC
5,3,79,0.13,MCC
5,3,80,0.115,MCC
5,3,81,1,MCC
5,3,82,1,MCC
5,3,83,0.6,MCC
5,3,84,1,MCC
5,3,85,1,MCC
5,3,86,0.655,MCC
5,3,87,0.39,MCC
5,3,88,1,MCC
5,3,89,1,MCC
5,3,90,0.24,MCC
5,3,91,0.13,MCC
5,3,92,0.545,MCC
5,3,93,1,MCC
5,3,94,1,MCC
5,3,95,1,MCC
5,3,96,0.98,MCC
5,3,97,0.325,MCC
5,3,98,1,MCC
5,3,99,1,MCC
9,39,51,1,CS
9,39,52,0.82,CS
9,39,53,1,CS
9,39,54,0.89,CS
9,39,55,1,CS
9,39,56,1,CS
9,39,57,1,CS
9,39,58,1,CS
9,39,59,1,CS
9,39,60,0.635,CS
9,39,61,1,CS
9,39,62,0.95,CS
9,39,63,0.9,CS
9,39,64,0.845,CS
9,39,65,0.97,CS
9,39,66,1,CS
9,39,67,1,CS
9,39,68,0.885,CS
9,39,69,1,CS
9,39,70,1,CS
9,39,71,1,CS
9,39,72,1,CS
9,39,73,1,CS
9,39,74,1,CS
9,39,75,1,CS
9,39,76,1,CS
9,39,77,1,CS
9,39,78,1,CS
9,39,79,1,CS
9,39,80,0.55,CS
9,39,51,NA,MCC
9,39,52,0.015,MCC
9,39,53,0.005,MCC
9,39,54,0.015,MCC
9,39,55,0.025,MCC
9,39,56,0.9,MCC
9,39,57,0.125,MCC
9,39,58,1,MCC
9,39,59,0.97,MCC
9,39,60,0.55,MCC
9,39,61,0.005,MCC
9,39,62,0.04,MCC
9,39,63,0.31,MCC
9,39,64,1,MCC
9,39,65,1,MCC
9,39,66,0.005,MCC
9,39,67,0.035,MCC
9,39,68,1,MCC
9,39,69,1,MCC
9,39,70,0.125,MCC
9,39,71,0.355,MCC
9,39,72,1,MCC
9,39,73,1,MCC
9,39,74,0.395,MCC
9,39,75,1,MCC
9,39,76,1,MCC
9,39,77,0.635,MCC
9,39,78,1,MCC
9,39,79,0.95,MCC
9,39,80,0.01,MCC
9,39,81,0.025,MCC
9,39,82,0.055,MCC
9,39,83,0.415,MCC
9,39,84,1,MCC
9,39,85,1,MCC
9,39,86,1,MCC
9,39,87,1,MCC
9,39,88,0.015,MCC
9,39,89,0.01,MCC
9,39,90,0.14,MCC
9,39,91,0.82,MCC
9,39,92,1,MCC
9,39,93,1,MCC
9,39,94,1,MCC
9,39,95,0.89,MCC
9,39,96,1,MCC
9,39,97,1,MCC
9,39,98,0.885,MCC
9,39,99,1,MCC
7,43,51,1,CS
7,43,52,0.51,CS
7,43,53,0.965,CS
7,43,54,1,CS
7,43,55,1,CS
7,43,56,1,CS
7,43,57,0.92,CS
7,43,58,0.97,CS
7,43,59,1,CS
7,43,60,0.84,CS
7,43,61,0.515,CS
7,43,62,0.755,CS
7,43,63,1,CS
7,43,64,1,CS
7,43,65,1,CS
7,43,66,0.85,CS
7,43,67,0.56,CS
7,43,68,0.535,CS
7,43,69,1,CS
7,43,70,1,CS
7,43,71,1,CS
7,43,72,1,CS
7,43,73,1,CS
7,43,74,1,CS
7,43,75,0.74,CS
7,43,76,1,CS
7,43,77,1,CS
7,43,78,0.995,CS
7,43,79,0.995,CS
7,43,80,0.88,CS
7,43,81,1,CS
7,43,82,1,CS
7,43,51,NA,MCC
7,43,52,0.015,MCC
7,43,53,0.035,MCC
7,43,54,0.84,MCC
7,43,55,0.515,MCC
7,43,56,0.755,MCC
7,43,57,1,MCC
7,43,58,1,MCC
7,43,59,1,MCC
7,43,60,0.85,MCC
7,43,61,0.025,MCC
7,43,62,0.175,MCC
7,43,63,1,MCC
7,43,64,1,MCC
7,43,65,0.88,MCC
7,43,66,1,MCC
7,43,67,1,MCC
7,43,68,0.74,MCC
7,43,69,0.015,MCC
7,43,70,0.065,MCC
7,43,71,0.1,MCC
7,43,72,0.56,MCC
7,43,73,0.31,MCC
7,43,74,1,MCC
7,43,75,1,MCC
7,43,76,1,MCC
7,43,77,0.4,MCC
7,43,78,1,MCC
7,43,79,0.245,MCC
7,43,80,0.065,MCC
7,43,81,0.51,MCC
7,43,82,0.055,MCC
7,43,83,0.02,MCC
7,43,84,0.07,MCC
7,43,85,0.965,MCC
7,43,86,1,MCC
7,43,87,1,MCC
7,43,88,1,MCC
7,43,89,1,MCC
7,43,90,0.115,MCC
7,43,91,0.92,MCC
7,43,92,0.97,MCC
7,43,93,0.995,MCC
7,43,94,0.995,MCC
7,43,95,0.33,MCC
7,43,96,0.34,MCC
7,43,97,1,MCC
7,43,98,1,MCC
7,43,99,0.285,MCC
13,48,51,1,CS
13,48,52,0.65,CS
13,48,53,0.69,CS
13,48,54,0.995,CS
13,48,55,1,CS
13,48,56,0.925,CS
13,48,57,1,CS
13,48,58,1,CS
13,48,59,0.64,CS
13,48,60,1,CS
13,48,61,1,CS
13,48,62,1,CS
13,48,63,1,CS
13,48,64,1,CS
13,48,65,1,CS
13,48,66,1,CS
13,48,67,1,CS
13,48,68,0.73,CS
13,48,69,0.635,CS
13,48,70,0.985,CS
13,48,71,1,CS
13,48,51,NA,MCC
13,48,52,0.005,MCC
13,48,53,0.165,MCC
13,48,54,0.005,MCC
13,48,55,0.005,MCC
13,48,56,0.035,MCC
13,48,57,0.19,MCC
13,48,58,0.635,MCC
13,48,59,0.005,MCC
13,48,60,0.005,MCC
13,48,61,0.005,MCC
13,48,62,0.17,MCC
13,48,63,0.65,MCC
13,48,64,0.69,MCC
13,48,65,0.285,MCC
13,48,66,0.995,MCC
13,48,67,1,MCC
13,48,68,0.925,MCC
13,48,69,1,MCC
13,48,70,0.01,MCC
13,48,71,0.05,MCC
13,48,72,0.185,MCC
13,48,73,1,MCC
13,48,74,0.005,MCC
13,48,75,0.005,MCC
13,48,76,0.005,MCC
13,48,77,0.03,MCC
13,48,78,1,MCC
13,48,79,1,MCC
13,48,80,0.025,MCC
13,48,81,1,MCC
13,48,82,1,MCC
13,48,83,0.005,MCC
13,48,84,0.01,MCC
13,48,85,1,MCC
13,48,86,0.105,MCC
13,48,87,0.985,MCC
13,48,88,0.005,MCC
13,48,89,0.02,MCC
13,48,90,0.425,MCC
13,48,91,1,MCC
13,48,92,0.01,MCC
13,48,93,0.145,MCC
13,48,94,0.42,MCC
13,48,95,1,MCC
13,48,96,0.64,MCC
13,48,97,1,MCC
13,48,98,1,MCC
13,48,99,0.73,MCC
7,11,51,1,CS
7,11,52,0.505,CS
7,11,53,1,CS
7,11,54,0.995,CS
7,11,55,1,CS
7,11,56,0.995,CS
7,11,57,1,CS
7,11,58,0.715,CS
7,11,59,1,CS
7,11,60,0.825,CS
7,11,61,1,CS
7,11,62,1,CS
7,11,63,0.84,CS
7,11,64,1,CS
7,11,65,1,CS
7,11,66,1,CS
7,11,67,1,CS
7,11,68,0.995,CS
7,11,69,0.68,CS
7,11,70,0.55,CS
7,11,71,0.59,CS
6,16,51,1,CS
6,16,52,0.795,CS
6,16,53,1,CS
6,16,54,0.945,CS
6,16,55,1,CS
6,16,56,0.89,CS
6,16,57,0.615,CS
6,16,58,1,CS
6,16,59,1,CS
6,16,60,0.72,CS
6,16,61,0.99,CS
6,16,62,0.9,CS
6,16,63,0.79,CS
6,16,64,0.84,CS
6,16,65,1,CS
6,16,66,1,CS
6,16,67,0.69,CS
6,16,68,0.64,CS
6,16,69,1,CS
6,16,70,1,CS
6,16,71,1,CS
6,16,72,0.55,CS
6,16,73,0.625,CS
6,16,74,1,CS
6,16,75,0.99,CS
6,16,76,1,CS
6,16,77,0.98,CS
3,20,51,1,CS
3,20,52,0.78,CS
3,20,53,0.515,CS
3,20,54,1,CS
3,20,55,0.97,CS
3,20,56,1,CS
3,20,57,1,CS
3,20,58,0.955,CS
3,20,59,0.98,CS
3,20,60,1,CS
3,20,61,1,CS
3,20,62,1,CS
3,20,63,1,CS
3,20,64,1,CS
3,20,65,1,CS
3,20,66,0.99,CS
3,20,67,0.985,CS
3,20,68,1,CS
3,20,69,1,CS
3,20,70,0.845,CS
3,20,71,0.905,CS
3,20,72,1,CS
3,20,73,0.985,CS
3,20,74,1,CS
3,20,75,1,CS
3,20,76,1,CS
3,20,77,1,CS
3,20,78,1,CS
3,20,79,0.675,CS
3,20,80,1,CS
3,20,81,0.51,CS
3,20,82,1,CS
3,20,83,0.845,CS
3,20,84,1,CS
3,20,85,0.545,CS
3,20,86,1,CS
3,20,87,1,CS
3,20,88,0.605,CS
3,20,89,1,CS
3,20,90,0.76,CS
3,20,91,1,CS
3,20,92,1,CS
6,16,51,NA,MCC
6,16,52,NA,MCC
6,16,53,0.005,MCC
6,16,54,0.015,MCC
6,16,55,0.125,MCC
6,16,56,0.295,MCC
6,16,57,0.395,MCC
6,16,58,0.615,MCC
6,16,59,0.26,MCC
6,16,60,1,MCC
6,16,61,0.625,MCC
6,16,62,1,MCC
6,16,63,0.04,MCC
6,16,64,0.13,MCC
6,16,65,1,MCC
6,16,66,0.69,MCC
6,16,67,0.64,MCC
6,16,68,0.015,MCC
6,16,69,0.1,MCC
6,16,70,0.84,MCC
6,16,71,1,MCC
6,16,72,1,MCC
6,16,73,0.99,MCC
6,16,74,0.08,MCC
6,16,75,0.01,MCC
6,16,76,0.795,MCC
6,16,77,1,MCC
6,16,78,0.89,MCC
6,16,79,1,MCC
6,16,80,0.945,MCC
6,16,81,0.99,MCC
6,16,82,0.9,MCC
6,16,83,0.79,MCC
6,16,84,0.075,MCC
6,16,85,0.165,MCC
6,16,86,1,MCC
6,16,87,1,MCC
6,16,88,0.07,MCC
6,16,89,0.45,MCC
6,16,90,0.195,MCC
6,16,91,0.98,MCC
6,16,92,0.45,MCC
6,16,93,1,MCC
6,16,94,0.55,MCC
6,16,95,0.09,MCC
6,16,96,0.31,MCC
6,16,97,1,MCC
6,16,98,0.37,MCC
6,16,99,0.72,MCC
7,11,51,NA,MCC
7,11,52,0.185,MCC
7,11,53,0.065,MCC
7,11,54,0.005,MCC
7,11,55,0.005,MCC
7,11,56,0.005,MCC
7,11,57,0.005,MCC
7,11,58,0.005,MCC
7,11,59,0.005,MCC
7,11,60,0.005,MCC
7,11,61,0.08,MCC
7,11,62,0.505,MCC
7,11,63,0.295,MCC
7,11,64,0.995,MCC
7,11,65,1,MCC
7,11,66,1,MCC
7,11,67,0.995,MCC
7,11,68,1,MCC
7,11,69,0.015,MCC
7,11,70,0.06,MCC
7,11,71,0.485,MCC
7,11,72,0.825,MCC
7,11,73,1,MCC
7,11,74,0.715,MCC
7,11,75,1,MCC
7,11,76,0.21,MCC
7,11,77,1,MCC
7,11,78,1,MCC
7,11,79,0.005,MCC
7,11,80,0.275,MCC
7,11,81,0.035,MCC
7,11,82,0.68,MCC
7,11,83,0.04,MCC
7,11,84,0.155,MCC
7,11,85,0.015,MCC
7,11,86,0.05,MCC
7,11,87,0.995,MCC
7,11,88,0.12,MCC
7,11,89,0.405,MCC
7,11,90,0.4,MCC
7,11,91,1,MCC
7,11,92,1,MCC
7,11,93,0.35,MCC
7,11,94,0.01,MCC
7,11,95,0.03,MCC
7,11,96,1,MCC
7,11,97,0.14,MCC
7,11,98,0.84,MCC
7,11,99,0.59,MCC
3,20,51,NA,MCC
3,20,52,0.16,MCC
3,20,53,0.035,MCC
3,20,54,0.78,MCC
3,20,55,0.515,MCC
3,20,56,0.99,MCC
3,20,57,0.985,MCC
3,20,58,0.845,MCC
3,20,59,1,MCC
3,20,60,1,MCC
3,20,61,1,MCC
3,20,62,0.97,MCC
3,20,63,1,MCC
3,20,64,1,MCC
3,20,65,1,MCC
3,20,66,0.955,MCC
3,20,67,0.98,MCC
3,20,68,1,MCC
3,20,69,1,MCC
3,20,70,1,MCC
3,20,71,1,MCC
3,20,72,1,MCC
3,20,73,0.905,MCC
3,20,74,1,MCC
3,20,75,0.985,MCC
3,20,76,1,MCC
3,20,77,1,MCC
3,20,78,1,MCC
3,20,79,1,MCC
3,20,80,0.17,MCC
3,20,81,0.165,MCC
3,20,82,0.29,MCC
3,20,83,1,MCC
3,20,84,0.545,MCC
3,20,85,1,MCC
3,20,86,0.76,MCC
3,20,87,1,MCC
3,20,88,0.605,MCC
3,20,89,1,MCC
3,20,90,1,MCC
3,20,91,0.325,MCC
3,20,92,0.435,MCC
3,20,93,1,MCC
3,20,94,0.845,MCC
3,20,95,0.675,MCC
3,20,96,1,MCC
3,20,97,0.51,MCC
3,20,98,1,MCC
3,20,99,1,MCC
4,25,51,1,CS
4,25,52,0.765,CS
4,25,53,0.75,CS
4,25,54,0.995,CS
4,25,55,0.735,CS
4,25,56,0.99,CS
4,25,57,0.585,CS
4,25,58,0.95,CS
4,25,59,1,CS
4,25,60,1,CS
4,25,61,1,CS
4,25,62,1,CS
4,25,63,1,CS
4,25,64,0.65,CS
4,25,65,1,CS
4,25,66,1,CS
4,25,67,0.995,CS
4,25,68,1,CS
4,25,69,0.93,CS
4,25,70,0.995,CS
4,25,71,1,CS
4,25,72,1,CS
4,25,73,1,CS
4,25,74,1,CS
4,25,75,0.61,CS
4,25,76,1,CS
4,25,77,1,CS
4,25,78,0.66,CS
4,25,79,0.7,CS
4,25,80,0.825,CS
4,25,81,1,CS
4,25,82,1,CS
4,25,83,1,CS
4,25,84,0.96,CS
4,25,85,1,CS
4,25,86,1,CS
4,25,87,1,CS
4,25,88,1,CS
4,25,89,0.8,CS
4,25,90,1,CS
4,25,91,1,CS
4,25,92,1,CS
4,25,51,NA,MCC
4,25,52,0.22,MCC
4,25,53,0.165,MCC
4,25,54,0.96,MCC
4,25,55,1,MCC
4,25,56,1,MCC
4,25,57,1,MCC
4,25,58,1,MCC
4,25,59,0.765,MCC
4,25,60,0.75,MCC
4,25,61,0.36,MCC
4,25,62,0.93,MCC
4,25,63,0.995,MCC
4,25,64,1,MCC
4,25,65,1,MCC
4,25,66,1,MCC
4,25,67,1,MCC
4,25,68,0.285,MCC
4,25,69,1,MCC
4,25,70,1,MCC
4,25,71,0.995,MCC
4,25,72,0.735,MCC
4,25,73,0.99,MCC
4,25,74,0.585,MCC
4,25,75,0.95,MCC
4,25,76,1,MCC
4,25,77,1,MCC
4,25,78,1,MCC
4,25,79,1,MCC
4,25,80,1,MCC
4,25,81,0.65,MCC
4,25,82,1,MCC
4,25,83,0.465,MCC
4,25,84,1,MCC
4,25,85,0.995,MCC
4,25,86,1,MCC
4,25,87,0.33,MCC
4,25,88,0.38,MCC
4,25,89,1,MCC
4,25,90,0.8,MCC
4,25,91,1,MCC
4,25,92,0.66,MCC
4,25,93,0.7,MCC
4,25,94,1,MCC
4,25,95,0.4,MCC
4,25,96,0.825,MCC
4,25,97,1,MCC
4,25,98,1,MCC
4,25,99,1,MCC
6,3,51,1,CS
6,3,52,0.915,CS
6,3,53,0.755,CS
6,3,54,1,CS
6,3,55,1,CS
6,3,56,0.965,CS
6,3,57,1,CS
6,3,58,0.985,CS
6,3,59,1,CS
6,3,60,1,CS
6,3,61,1,CS
6,3,62,1,CS
6,3,63,1,CS
6,3,64,1,CS
6,3,65,1,CS
6,3,66,0.725,CS
6,3,67,0.975,CS
6,3,68,1,CS
6,3,69,0.785,CS
6,3,70,0.79,CS
6,3,71,0.51,CS
6,3,72,0.995,CS
6,3,73,1,CS
6,3,74,1,CS
6,3,75,0.695,CS
6,3,76,1,CS
6,3,77,1,CS
6,3,78,1,CS
6,3,79,1,CS
6,3,80,1,CS
6,3,81,1,CS
6,3,82,1,CS
8,43,51,1,CS
8,43,52,0.76,CS
8,43,53,0.545,CS
8,43,54,1,CS
8,43,55,1,CS
8,43,56,1,CS
8,43,57,1,CS
8,43,58,0.905,CS
8,43,59,0.72,CS
8,43,60,1,CS
8,43,61,0.505,CS
8,43,62,1,CS
8,43,63,1,CS
8,43,64,1,CS
8,43,65,1,CS
8,43,66,0.935,CS
8,43,67,0.92,CS
8,43,68,0.84,CS
8,43,69,1,CS
8,43,70,0.965,CS
8,43,71,1,CS
8,43,72,1,CS
8,43,73,1,CS
8,43,74,1,CS
8,43,75,1,CS
8,43,76,1,CS
8,43,77,1,CS
8,43,78,0.945,CS
8,43,79,1,CS
4,34,51,1,CS
4,34,52,0.61,CS
4,34,53,0.985,CS
4,34,54,0.94,CS
4,34,55,1,CS
4,34,56,1,CS
4,34,57,1,CS
4,34,58,1,CS
4,34,59,1,CS
4,34,60,1,CS
4,34,61,1,CS
4,34,62,1,CS
4,34,63,1,CS
4,34,64,0.81,CS
4,34,65,0.51,CS
4,34,66,1,CS
4,34,67,1,CS
4,34,68,1,CS
4,34,69,1,CS
4,34,70,1,CS
4,34,71,1,CS
4,34,72,1,CS
4,34,73,1,CS
4,34,74,0.97,CS
4,34,75,1,CS
4,34,76,0.96,CS
4,34,77,1,CS
4,34,78,0.885,CS
4,34,79,1,CS
4,34,80,1,CS
4,34,81,0.58,CS
4,34,82,1,CS
4,34,83,1,CS
4,34,84,1,CS
4,34,85,1,CS
4,34,86,1,CS
4,34,87,1,CS
4,34,88,1,CS
4,34,89,0.915,CS
6,3,51,NA,MCC
6,3,52,0.085,MCC
6,3,53,0.135,MCC
6,3,54,0.79,MCC
6,3,55,0.305,MCC
6,3,56,0.995,MCC
6,3,57,0.915,MCC
6,3,58,0.23,MCC
6,3,59,0.755,MCC
6,3,60,1,MCC
6,3,61,1,MCC
6,3,62,0.985,MCC
6,3,63,1,MCC
6,3,64,1,MCC
6,3,65,0.965,MCC
6,3,66,1,MCC
6,3,67,0.27,MCC
6,3,68,0.15,MCC
6,3,69,0.105,MCC
6,3,70,0.435,MCC
6,3,71,1,MCC
6,3,72,0.725,MCC
6,3,73,0.975,MCC
6,3,74,1,MCC
6,3,75,0.785,MCC
6,3,76,0.18,MCC
6,3,77,0.045,MCC
6,3,78,0.02,MCC
6,3,79,0.04,MCC
6,3,80,1,MCC
6,3,81,1,MCC
6,3,82,1,MCC
6,3,83,1,MCC
6,3,84,0.695,MCC
6,3,85,1,MCC
6,3,86,1,MCC
6,3,87,1,MCC
6,3,88,1,MCC
6,3,89,1,MCC
6,3,90,1,MCC
6,3,91,0.22,MCC
6,3,92,0.115,MCC
6,3,93,0.325,MCC
6,3,94,1,MCC
6,3,95,1,MCC
6,3,96,1,MCC
6,3,97,0.455,MCC
6,3,98,0.335,MCC
6,3,99,0.295,MCC
8,43,51,NA,MCC
8,43,52,0.005,MCC
8,43,53,0.005,MCC
8,43,54,0.005,MCC
8,43,55,0.44,MCC
8,43,56,0.935,MCC
8,43,57,0.92,MCC
8,43,58,0.84,MCC
8,43,59,0.045,MCC
8,43,60,0.19,MCC
8,43,61,0.045,MCC
8,43,62,1,MCC
8,43,63,1,MCC
8,43,64,1,MCC
8,43,65,1,MCC
8,43,66,0.325,MCC
8,43,67,0.125,MCC
8,43,68,0.215,MCC
8,43,69,1,MCC
8,43,70,0.945,MCC
8,43,71,0.145,MCC
8,43,72,1,MCC
8,43,73,0.485,MCC
8,43,74,0.065,MCC
8,43,75,0.04,MCC
8,43,76,0.255,MCC
8,43,77,1,MCC
8,43,78,1,MCC
8,43,79,1,MCC
8,43,80,0.965,MCC
8,43,81,0.76,MCC
8,43,82,0.16,MCC
8,43,83,0.325,MCC
8,43,84,1,MCC
8,43,85,0.545,MCC
8,43,86,0.905,MCC
8,43,87,0.72,MCC
8,43,88,1,MCC
8,43,89,1,MCC
8,43,90,1,MCC
8,43,91,1,MCC
8,43,92,1,MCC
8,43,93,0.005,MCC
8,43,94,0.01,MCC
8,43,95,1,MCC
8,43,96,1,MCC
8,43,97,0.18,MCC
8,43,98,0.19,MCC
8,43,99,1,MCC
4,34,51,NA,MCC
4,34,52,0.61,MCC
4,34,53,0.985,MCC
4,34,54,0.94,MCC
4,34,55,0.445,MCC
4,34,56,1,MCC
4,34,57,1,MCC
4,34,58,1,MCC
4,34,59,1,MCC
4,34,60,1,MCC
4,34,61,1,MCC
4,34,62,1,MCC
4,34,63,1,MCC
4,34,64,1,MCC
4,34,65,0.375,MCC
4,34,66,0.37,MCC
4,34,67,0.09,MCC
4,34,68,0.155,MCC
4,34,69,1,MCC
4,34,70,1,MCC
4,34,71,1,MCC
4,34,72,1,MCC
4,34,73,1,MCC
4,34,74,1,MCC
4,34,75,1,MCC
4,34,76,1,MCC
4,34,77,0.37,MCC
4,34,78,1,MCC
4,34,79,1,MCC
4,34,80,1,MCC
4,34,81,0.43,MCC
4,34,82,0.415,MCC
4,34,83,0.915,MCC
4,34,84,1,MCC
4,34,85,1,MCC
4,34,86,0.32,MCC
4,34,87,1,MCC
4,34,88,0.23,MCC
4,34,89,0.97,MCC
4,34,90,0.885,MCC
4,34,91,1,MCC
4,34,92,0.96,MCC
4,34,93,1,MCC
4,34,94,0.81,MCC
4,34,95,0.51,MCC
4,34,96,1,MCC
4,34,97,1,MCC
4,34,98,0.405,MCC
4,34,99,1,MCC
14,48,51,1,CS
14,48,52,1,CS
14,48,53,0.995,CS
14,48,54,1,CS
14,48,55,1,CS
14,48,56,1,CS
14,48,57,0.585,CS
14,48,58,1,CS
14,48,59,1,CS
14,48,60,1,CS
14,48,61,1,CS
14,48,62,1,CS
14,48,63,1,CS
14,48,64,1,CS
14,48,65,1,CS
14,48,66,1,CS
14,48,67,0.58,CS
14,48,51,NA,MCC
14,48,52,0.005,MCC
14,48,53,0.005,MCC
14,48,54,0.005,MCC
14,48,55,1,MCC
14,48,56,0.005,MCC
14,48,57,0.005,MCC
14,48,58,0.005,MCC
14,48,59,0.035,MCC
14,48,60,0.385,MCC
14,48,61,1,MCC
14,48,62,0.005,MCC
14,48,63,0.005,MCC
14,48,64,0.005,MCC
14,48,65,1,MCC
14,48,66,0.045,MCC
14,48,67,1,MCC
14,48,68,0.995,MCC
14,48,69,1,MCC
14,48,70,0.005,MCC
14,48,71,0.025,MCC
14,48,72,1,MCC
14,48,73,0.005,MCC
14,48,74,0.58,MCC
14,48,75,0.015,MCC
14,48,76,0.085,MCC
14,48,77,1,MCC
14,48,78,1,MCC
14,48,79,1,MCC
14,48,80,0.005,MCC
14,48,81,0.005,MCC
14,48,82,0.005,MCC
14,48,83,0.025,MCC
14,48,84,0.585,MCC
14,48,85,1,MCC
14,48,86,0.065,MCC
14,48,87,0.015,MCC
14,48,88,0.025,MCC
14,48,89,0.02,MCC
14,48,90,0.195,MCC
14,48,91,0.115,MCC
14,48,92,0.16,MCC
14,48,93,0.08,MCC
14,48,94,0.48,MCC
14,48,95,0.275,MCC
14,48,96,1,MCC
14,48,97,1,MCC
14,48,98,0.31,MCC
14,48,99,1,MCC
5,25,51,1,CS
5,25,52,0.885,CS
5,25,53,0.635,CS
5,25,54,0.935,CS
5,25,55,0.965,CS
5,25,56,0.99,CS
5,25,57,1,CS
5,25,58,1,CS
5,25,59,1,CS
5,25,60,0.835,CS
5,25,61,0.775,CS
5,25,62,1,CS
5,25,63,0.985,CS
5,25,64,1,CS
5,25,65,1,CS
5,25,66,0.96,CS
5,25,67,0.61,CS
5,25,68,0.615,CS
5,25,69,1,CS
5,25,70,1,CS
5,25,71,0.735,CS
5,25,72,1,CS
5,25,73,1,CS
5,25,74,1,CS
5,25,75,0.915,CS
5,25,76,0.865,CS
5,25,77,1,CS
5,25,78,1,CS
5,25,79,1,CS
5,25,80,0.92,CS
5,25,81,1,CS
5,25,82,1,CS
5,25,83,0.685,CS
5,25,84,1,CS
5,25,85,1,CS
5,25,86,1,CS
5,25,87,0.895,CS
5,25,88,1,CS
4,20,51,1,CS
4,20,52,0.905,CS
4,20,53,1,CS
4,20,54,1,CS
4,20,55,1,CS
4,20,56,0.63,CS
4,20,57,1,CS
4,20,58,1,CS
4,20,59,1,CS
4,20,60,1,CS
4,20,61,1,CS
4,20,62,1,CS
4,20,63,1,CS
4,20,64,0.615,CS
4,20,65,1,CS
4,20,66,0.975,CS
4,20,67,1,CS
4,20,68,0.645,CS
4,20,69,0.66,CS
4,20,70,1,CS
4,20,71,0.975,CS
4,20,72,0.915,CS
4,20,73,1,CS
4,20,74,0.95,CS
4,20,75,1,CS
4,20,76,0.995,CS
4,20,77,0.89,CS
4,20,78,0.745,CS
4,20,79,1,CS
4,20,80,1,CS
4,20,81,0.62,CS
4,20,82,1,CS
4,20,83,1,CS
4,20,84,1,CS
4,20,85,1,CS
4,20,86,1,CS
4,20,87,1,CS
4,20,88,1,CS
5,25,51,NA,MCC
5,25,52,0.055,MCC
5,25,53,0.055,MCC
5,25,54,0.325,MCC
5,25,55,0.18,MCC
5,25,56,0.355,MCC
5,25,57,0.92,MCC
5,25,58,1,MCC
5,25,59,1,MCC
5,25,60,0.915,MCC
5,25,61,0.865,MCC
5,25,62,1,MCC
5,25,63,1,MCC
5,25,64,1,MCC
5,25,65,0.49,MCC
5,25,66,0.135,MCC
5,25,67,0.885,MCC
5,25,68,0.635,MCC
5,25,69,0.34,MCC
5,25,70,0.935,MCC
5,25,71,1,MCC
5,25,72,0.965,MCC
5,25,73,0.36,MCC
5,25,74,1,MCC
5,25,75,0.99,MCC
5,25,76,1,MCC
5,25,77,0.835,MCC
5,25,78,0.775,MCC
5,25,79,1,MCC
5,25,80,0.375,MCC
5,25,81,0.985,MCC
5,25,82,1,MCC
5,25,83,1,MCC
5,25,84,0.96,MCC
5,25,85,0.61,MCC
5,25,86,0.615,MCC
5,25,87,1,MCC
5,25,88,1,MCC
5,25,89,0.735,MCC
5,25,90,1,MCC
5,25,91,1,MCC
5,25,92,1,MCC
5,25,93,1,MCC
5,25,94,0.895,MCC
5,25,95,0.32,MCC
5,25,96,0.685,MCC
5,25,97,1,MCC
5,25,98,1,MCC
5,25,99,1,MCC
4,20,51,NA,MCC
4,20,52,0.185,MCC
4,20,53,0.62,MCC
4,20,54,1,MCC
4,20,55,1,MCC
4,20,56,1,MCC
4,20,57,1,MCC
4,20,58,1,MCC
4,20,59,0.975,MCC
4,20,60,0.915,MCC
4,20,61,1,MCC
4,20,62,0.95,MCC
4,20,63,0.3,MCC
4,20,64,1,MCC
4,20,65,0.075,MCC
4,20,66,0.085,MCC
4,20,67,0.995,MCC
4,20,68,0.89,MCC
4,20,69,0.745,MCC
4,20,70,1,MCC
4,20,71,1,MCC
4,20,72,0.07,MCC
4,20,73,0.145,MCC
4,20,74,1,MCC
4,20,75,0.275,MCC
4,20,76,0.17,MCC
4,20,77,1,MCC
4,20,78,0.645,MCC
4,20,79,0.615,MCC
4,20,80,1,MCC
4,20,81,0.975,MCC
4,20,82,0.905,MCC
4,20,83,1,MCC
4,20,84,1,MCC
4,20,85,1,MCC
4,20,86,1,MCC
4,20,87,1,MCC
4,20,88,1,MCC
4,20,89,0.63,MCC
4,20,90,0.32,MCC
4,20,91,1,MCC
4,20,92,1,MCC
4,20,93,1,MCC
4,20,94,0.16,MCC
4,20,95,0.255,MCC
4,20,96,1,MCC
4,20,97,1,MCC
4,20,98,0.32,MCC
4,20,99,1,MCC
8,11,51,1,CS
8,11,52,0.57,CS
8,11,53,1,CS
8,11,54,1,CS
8,11,55,1,CS
8,11,56,0.875,CS
8,11,57,1,CS
8,11,58,0.595,CS
8,11,59,1,CS
8,11,60,1,CS
8,11,61,1,CS
8,11,62,0.96,CS
8,11,63,1,CS
8,11,64,1,CS
8,11,65,0.83,CS
8,11,66,1,CS
8,11,67,0.99,CS
8,11,51,NA,MCC
8,11,52,0.005,MCC
8,11,53,0.005,MCC
8,11,54,0.005,MCC
8,11,55,0.005,MCC
8,11,56,0.01,MCC
8,11,57,0.17,MCC
8,11,58,0.875,MCC
8,11,59,1,MCC
8,11,60,0.005,MCC
8,11,61,0.005,MCC
8,11,62,0.015,MCC
8,11,63,1,MCC
8,11,64,0.04,MCC
8,11,65,0.155,MCC
8,11,66,0.04,MCC
8,11,67,0.345,MCC
8,11,68,0.83,MCC
8,11,69,0.57,MCC
8,11,70,1,MCC
8,11,71,1,MCC
8,11,72,1,MCC
8,11,73,0.485,MCC
8,11,74,0.005,MCC
8,11,75,0.01,MCC
8,11,76,0.595,MCC
8,11,77,1,MCC
8,11,78,0.05,MCC
8,11,79,1,MCC
8,11,80,0.005,MCC
8,11,81,0.005,MCC
8,11,82,0.005,MCC
8,11,83,0.235,MCC
8,11,84,0.005,MCC
8,11,85,0.04,MCC
8,11,86,1,MCC
8,11,87,0.29,MCC
8,11,88,0.96,MCC
8,11,89,0.99,MCC
8,11,90,0.22,MCC
8,11,91,1,MCC
8,11,92,0.005,MCC
8,11,93,0.005,MCC
8,11,94,0.12,MCC
8,11,95,0.175,MCC
8,11,96,1,MCC
8,11,97,0.21,MCC
8,11,98,0.225,MCC
8,11,99,0.305,MCC
16,7,51,1,CS
16,7,52,1,CS
16,7,53,1,CS
16,7,54,1,CS
16,7,55,0.995,CS
16,7,56,1,CS
16,7,57,1,CS
16,7,58,1,CS
16,7,59,1,CS
16,7,60,0.995,CS
16,7,61,1,CS
16,7,62,1,CS
16,7,63,0.51,CS
16,7,64,0.75,CS
16,7,65,0.965,CS
16,7,51,NA,MCC
16,7,52,0.005,MCC
16,7,53,0.005,MCC
16,7,54,0.005,MCC
16,7,55,0.005,MCC
16,7,56,0.01,MCC
16,7,57,1,MCC
16,7,58,1,MCC
16,7,59,0.44,MCC
16,7,60,0.965,MCC
16,7,61,1,MCC
16,7,62,0.01,MCC
16,7,63,0.51,MCC
16,7,64,0.01,MCC
16,7,65,1,MCC
16,7,66,0.005,MCC
16,7,67,0.02,MCC
16,7,68,0.02,MCC
16,7,69,0.005,MCC
16,7,70,0.005,MCC
16,7,71,0.005,MCC
16,7,72,0.005,MCC
16,7,73,0.005,MCC
16,7,74,0.05,MCC
16,7,75,0.005,MCC
16,7,76,0.01,MCC
16,7,77,0.035,MCC
16,7,78,1,MCC
16,7,79,1,MCC
16,7,80,0.005,MCC
16,7,81,0.09,MCC
16,7,82,1,MCC
16,7,83,1,MCC
16,7,84,0.31,MCC
16,7,85,0.995,MCC
16,7,86,0.005,MCC
16,7,87,0.005,MCC
16,7,88,0.02,MCC
16,7,89,0.005,MCC
16,7,90,0.005,MCC
16,7,91,0.005,MCC
16,7,92,0.095,MCC
16,7,93,0.015,MCC
16,7,94,0.75,MCC
16,7,95,1,MCC
16,7,96,0.025,MCC
16,7,97,0.02,MCC
16,7,98,0.03,MCC
16,7,99,0.995,MCC
15,48,51,1,CS
15,48,52,0.75,CS
15,48,53,0.9,CS
15,48,54,0.96,CS
15,48,55,1,CS
15,48,56,0.845,CS
15,48,57,1,CS
15,48,58,1,CS
15,48,59,1,CS
15,48,60,1,CS
15,48,61,1,CS
15,48,62,1,CS
15,48,63,1,CS
15,48,64,1,CS
15,48,65,1,CS
15,48,66,1,CS
15,48,67,1,CS
15,48,68,1,CS
9,43,51,1,CS
9,43,52,0.955,CS
9,43,53,0.97,CS
9,43,54,1,CS
9,43,55,1,CS
9,43,56,0.935,CS
9,43,57,0.895,CS
9,43,58,1,CS
9,43,59,1,CS
9,43,60,0.57,CS
9,43,61,1,CS
9,43,62,1,CS
9,43,63,1,CS
9,43,64,0.585,CS
9,43,65,0.97,CS
9,43,66,0.625,CS
9,43,67,0.865,CS
9,43,68,1,CS
9,43,69,0.585,CS
9,43,70,1,CS
9,43,71,1,CS
9,43,72,0.685,CS
9,43,73,0.95,CS
9,43,74,1,CS
9,43,75,1,CS
9,43,76,1,CS
9,43,77,1,CS
9,43,78,1,CS
9,43,79,0.875,CS
15,48,51,NA,MCC
15,48,52,0.005,MCC
15,48,53,0.005,MCC
15,48,54,0.025,MCC
15,48,55,0.035,MCC
15,48,56,0.085,MCC
15,48,57,0.005,MCC
15,48,58,0.005,MCC
15,48,59,0.035,MCC
15,48,60,1,MCC
15,48,61,1,MCC
15,48,62,1,MCC
15,48,63,0.005,MCC
15,48,64,0.005,MCC
15,48,65,0.005,MCC
15,48,66,0.18,MCC
15,48,67,0.005,MCC
15,48,68,0.005,MCC
15,48,69,0.02,MCC
15,48,70,0.285,MCC
15,48,71,0.32,MCC
15,48,72,1,MCC
15,48,73,0.025,MCC
15,48,74,1,MCC
15,48,75,0.005,MCC
15,48,76,0.005,MCC
15,48,77,0.035,MCC
15,48,78,0.005,MCC
15,48,79,0.065,MCC
15,48,80,0.005,MCC
15,48,81,0.085,MCC
15,48,82,0.75,MCC
15,48,83,0.9,MCC
15,48,84,0.96,MCC
15,48,85,1,MCC
15,48,86,0.845,MCC
15,48,87,1,MCC
15,48,88,0.005,MCC
15,48,89,0.03,MCC
15,48,90,0.005,MCC
15,48,91,1,MCC
15,48,92,0.005,MCC
15,48,93,0.01,MCC
15,48,94,1,MCC
15,48,95,0.19,MCC
15,48,96,1,MCC
15,48,97,1,MCC
15,48,98,1,MCC
15,48,99,1,MCC
9,43,51,NA,MCC
9,43,52,0.03,MCC
9,43,53,0.005,MCC
9,43,54,0.095,MCC
9,43,55,0.155,MCC
9,43,56,1,MCC
9,43,57,0.2,MCC
9,43,58,0.97,MCC
9,43,59,0.625,MCC
9,43,60,0.865,MCC
9,43,61,0.005,MCC
9,43,62,0.035,MCC
9,43,63,1,MCC
9,43,64,1,MCC
9,43,65,0.685,MCC
9,43,66,0.95,MCC
9,43,67,0.15,MCC
9,43,68,0.005,MCC
9,43,69,0.04,MCC
9,43,70,1,MCC
9,43,71,1,MCC
9,43,72,0.485,MCC
9,43,73,1,MCC
9,43,74,0.005,MCC
9,43,75,0.005,MCC
9,43,76,1,MCC
9,43,77,0.275,MCC
9,43,78,0.02,MCC
9,43,79,0.265,MCC
9,43,80,0.875,MCC
9,43,81,0.24,MCC
9,43,82,0.57,MCC
9,43,83,0.27,MCC
9,43,84,0.585,MCC
9,43,85,1,MCC
9,43,86,1,MCC
9,43,87,1,MCC
9,43,88,1,MCC
9,43,89,0.955,MCC
9,43,90,0.23,MCC
9,43,91,0.175,MCC
9,43,92,0.895,MCC
9,43,93,1,MCC
9,43,94,0.27,MCC
9,43,95,1,MCC
9,43,96,0.97,MCC
9,43,97,1,MCC
9,43,98,1,MCC
9,43,99,0.935,MCC
5,20,51,1,CS
5,20,52,0.68,CS
5,20,53,0.585,CS
5,20,54,1,CS
5,20,55,0.94,CS
5,20,56,0.95,CS
5,20,57,0.995,CS
5,20,58,1,CS
5,20,59,1,CS
5,20,60,1,CS
5,20,61,1,CS
5,20,62,0.835,CS
5,20,63,1,CS
5,20,64,0.965,CS
5,20,65,0.99,CS
5,20,66,1,CS
5,20,67,1,CS
5,20,68,0.995,CS
5,20,69,1,CS
5,20,70,0.53,CS
5,20,71,0.8,CS
5,20,72,0.945,CS
5,20,73,0.955,CS
5,20,74,0.935,CS
5,20,75,1,CS
5,20,76,1,CS
5,20,77,0.83,CS
5,20,78,1,CS
5,20,79,1,CS
5,20,80,1,CS
5,20,81,0.765,CS
5,20,82,1,CS
5,20,83,1,CS
5,20,84,1,CS
5,20,85,0.985,CS
6,25,51,1,CS
6,25,52,0.905,CS
6,25,53,0.81,CS
6,25,54,0.975,CS
6,25,55,0.54,CS
6,25,56,1,CS
6,25,57,0.985,CS
6,25,58,1,CS
6,25,59,0.99,CS
6,25,60,0.815,CS
6,25,61,1,CS
6,25,62,0.9,CS
6,25,63,0.985,CS
6,25,64,1,CS
6,25,65,0.89,CS
6,25,66,0.82,CS
6,25,67,1,CS
6,25,68,1,CS
6,25,69,1,CS
6,25,70,0.96,CS
6,25,71,1,CS
6,25,72,1,CS
6,25,73,1,CS
6,25,74,0.7,CS
6,25,75,0.665,CS
6,25,76,1,CS
6,25,77,1,CS
6,25,78,0.99,CS
6,25,79,1,CS
6,25,80,1,CS
6,25,81,0.99,CS
6,25,82,0.81,CS
6,25,83,1,CS
6,25,84,1,CS
6,25,85,0.8,CS
5,20,51,NA,MCC
5,20,52,1,MCC
5,20,53,0.835,MCC
5,20,54,0.355,MCC
5,20,55,0.37,MCC
5,20,56,0.465,MCC
5,20,57,0.35,MCC
5,20,58,1,MCC
5,20,59,0.965,MCC
5,20,60,0.375,MCC
5,20,61,0.01,MCC
5,20,62,0.015,MCC
5,20,63,0.2,MCC
5,20,64,0.68,MCC
5,20,65,0.585,MCC
5,20,66,1,MCC
5,20,67,0.94,MCC
5,20,68,0.95,MCC
5,20,69,0.4,MCC
5,20,70,1,MCC
5,20,71,0.995,MCC
5,20,72,1,MCC
5,20,73,1,MCC
5,20,74,0.28,MCC
5,20,75,1,MCC
5,20,76,0.985,MCC
5,20,77,0.02,MCC
5,20,78,0.17,MCC
5,20,79,0.99,MCC
5,20,80,0.8,MCC
5,20,81,1,MCC
5,20,82,1,MCC
5,20,83,0.53,MCC
5,20,84,0.995,MCC
5,20,85,1,MCC
5,20,86,0.455,MCC
5,20,87,1,MCC
5,20,88,0.83,MCC
5,20,89,1,MCC
5,20,90,1,MCC
5,20,91,1,MCC
5,20,92,0.765,MCC
5,20,93,0.225,MCC
5,20,94,0.945,MCC
5,20,95,0.955,MCC
5,20,96,0.935,MCC
5,20,97,1,MCC
5,20,98,1,MCC
5,20,99,1,MCC
6,25,51,NA,MCC
6,25,52,0.12,MCC
6,25,53,0.905,MCC
6,25,54,0.13,MCC
6,25,55,0.325,MCC
6,25,56,0.815,MCC
6,25,57,1,MCC
6,25,58,0.9,MCC
6,25,59,0.985,MCC
6,25,60,0.335,MCC
6,25,61,0.81,MCC
6,25,62,0.99,MCC
6,25,63,0.975,MCC
6,25,64,0.54,MCC
6,25,65,1,MCC
6,25,66,1,MCC
6,25,67,0.985,MCC
6,25,68,1,MCC
6,25,69,0.215,MCC
6,25,70,0.2,MCC
6,25,71,0.8,MCC
6,25,72,0.23,MCC
6,25,73,0.96,MCC
6,25,74,1,MCC
6,25,75,1,MCC
6,25,76,1,MCC
6,25,77,0.7,MCC
6,25,78,0.665,MCC
6,25,79,1,MCC
6,25,80,1,MCC
6,25,81,0.035,MCC
6,25,82,0.23,MCC
6,25,83,0.405,MCC
6,25,84,0.125,MCC
6,25,85,0.99,MCC
6,25,86,1,MCC
6,25,87,1,MCC
6,25,88,1,MCC
6,25,89,0.21,MCC
6,25,90,0.47,MCC
6,25,91,0.99,MCC
6,25,92,0.81,MCC
6,25,93,0.89,MCC
6,25,94,0.82,MCC
6,25,95,1,MCC
6,25,96,1,MCC
6,25,97,1,MCC
6,25,98,0.2,MCC
6,25,99,1,MCC
7,16,51,1,CS
7,16,52,0.555,CS
7,16,53,0.975,CS
7,16,54,1,CS
7,16,55,0.82,CS
7,16,56,0.96,CS
7,16,57,1,CS
7,16,58,1,CS
7,16,59,0.615,CS
7,16,60,0.93,CS
7,16,61,0.57,CS
7,16,62,0.69,CS
7,16,63,1,CS
7,16,64,0.96,CS
7,16,65,1,CS
7,16,66,0.845,CS
7,16,67,1,CS
7,16,68,1,CS
7,16,69,1,CS
7,16,70,0.57,CS
7,16,71,1,CS
7,16,72,0.985,CS
7,16,73,0.96,CS
7,16,51,NA,MCC
7,16,52,0.005,MCC
7,16,53,0.005,MCC
7,16,54,0.005,MCC
7,16,55,0.095,MCC
7,16,56,0.555,MCC
7,16,57,0.975,MCC
7,16,58,1,MCC
7,16,59,1,MCC
7,16,60,0.315,MCC
7,16,61,0.19,MCC
7,16,62,1,MCC
7,16,63,1,MCC
7,16,64,0.005,MCC
7,16,65,0.07,MCC
7,16,66,0.28,MCC
7,16,67,0.39,MCC
7,16,68,0.93,MCC
7,16,69,0.57,MCC
7,16,70,0.18,MCC
7,16,71,1,MCC
7,16,72,0.615,MCC
7,16,73,0.495,MCC
7,16,74,0.04,MCC
7,16,75,0.285,MCC
7,16,76,0.235,MCC
7,16,77,0.24,MCC
7,16,78,0.96,MCC
7,16,79,0.005,MCC
7,16,80,0.035,MCC
7,16,81,0.095,MCC
7,16,82,0.39,MCC
7,16,83,0.095,MCC
7,16,84,1,MCC
7,16,85,0.96,MCC
7,16,86,0.04,MCC
7,16,87,0.845,MCC
7,16,88,1,MCC
7,16,89,0.005,MCC
7,16,90,0.57,MCC
7,16,91,0.005,MCC
7,16,92,0.005,MCC
7,16,93,0.025,MCC
7,16,94,0.065,MCC
7,16,95,1,MCC
7,16,96,0.985,MCC
7,16,97,1,MCC
7,16,98,0.96,MCC
7,16,99,0.095,MCC
1,4,51,1,CS
1,4,52,0.955,CS
1,4,53,1,CS
1,4,54,0.975,CS
1,4,55,1,CS
1,4,56,1,CS
1,4,57,1,CS
1,4,58,1,CS
1,4,59,0.975,CS
1,4,60,1,CS
1,4,61,1,CS
1,4,62,0.98,CS
1,4,63,1,CS
1,4,64,1,CS
1,4,65,1,CS
1,4,66,1,CS
1,4,67,0.615,CS
1,4,68,1,CS
1,4,69,1,CS
1,4,70,1,CS
1,4,71,1,CS
1,4,72,0.995,CS
1,4,73,1,CS
1,4,74,0.88,CS
1,4,75,1,CS
1,4,76,0.645,CS
1,4,77,1,CS
1,4,78,0.995,CS
1,4,79,1,CS
1,4,80,0.53,CS
1,4,81,1,CS
1,4,82,1,CS
1,4,83,1,CS
1,4,84,1,CS
1,4,85,1,CS
1,4,86,1,CS
1,4,87,1,CS
1,4,88,0.895,CS
1,4,89,1,CS
1,4,90,1,CS
1,4,91,1,CS
1,4,92,1,CS
1,4,93,1,CS
1,4,94,1,CS
1,4,95,1,CS
1,4,51,NA,MCC
1,4,52,0.325,MCC
1,4,53,0.955,MCC
1,4,54,0.36,MCC
1,4,55,1,MCC
1,4,56,0.615,MCC
1,4,57,1,MCC
1,4,58,1,MCC
1,4,59,1,MCC
1,4,60,1,MCC
1,4,61,0.995,MCC
1,4,62,1,MCC
1,4,63,1,MCC
1,4,64,0.975,MCC
1,4,65,1,MCC
1,4,66,0.975,MCC
1,4,67,1,MCC
1,4,68,1,MCC
1,4,69,1,MCC
1,4,70,1,MCC
1,4,71,1,MCC
1,4,72,0.98,MCC
1,4,73,1,MCC
1,4,74,1,MCC
1,4,75,1,MCC
1,4,76,0.88,MCC
1,4,77,0.365,MCC
1,4,78,1,MCC
1,4,79,1,MCC
1,4,80,1,MCC
1,4,81,1,MCC
1,4,82,1,MCC
1,4,83,0.46,MCC
1,4,84,0.53,MCC
1,4,85,1,MCC
1,4,86,1,MCC
1,4,87,1,MCC
1,4,88,0.645,MCC
1,4,89,1,MCC
1,4,90,0.995,MCC
1,4,91,1,MCC
1,4,92,0.895,MCC
1,4,93,1,MCC
1,4,94,1,MCC
1,4,95,1,MCC
1,4,96,1,MCC
1,4,97,1,MCC
1,4,98,1,MCC
1,4,99,1,MCC
17,7,51,1,CS
17,7,52,1,CS
17,7,53,1,CS
17,7,54,0.525,CS
17,7,55,1,CS
17,7,56,0.995,CS
17,7,57,1,CS
17,7,58,1,CS
17,7,59,0.995,CS
17,7,60,1,CS
17,7,61,1,CS
17,7,62,1,CS
17,7,63,1,CS
17,7,51,NA,MCC
17,7,52,0.005,MCC
17,7,53,0.525,MCC
17,7,54,1,MCC
17,7,55,0.005,MCC
17,7,56,0.005,MCC
17,7,57,0.005,MCC
17,7,58,0.005,MCC
17,7,59,0.005,MCC
17,7,60,0.035,MCC
17,7,61,1,MCC
17,7,62,1,MCC
17,7,63,1,MCC
17,7,64,0.01,MCC
17,7,65,0.005,MCC
17,7,66,0.005,MCC
17,7,67,0.065,MCC
17,7,68,0.27,MCC
17,7,69,1,MCC
17,7,70,0.005,MCC
17,7,71,0.005,MCC
17,7,72,0.01,MCC
17,7,73,0.02,MCC
17,7,74,0.25,MCC
17,7,75,1,MCC
17,7,76,0.125,MCC
17,7,77,0.005,MCC
17,7,78,0.005,MCC
17,7,79,0.03,MCC
17,7,80,1,MCC
17,7,81,0.995,MCC
17,7,82,0.005,MCC
17,7,83,0.12,MCC
17,7,84,1,MCC
17,7,85,0.035,MCC
17,7,86,0.005,MCC
17,7,87,0.005,MCC
17,7,88,0.005,MCC
17,7,89,0.005,MCC
17,7,90,0.005,MCC
17,7,91,0.01,MCC
17,7,92,0.05,MCC
17,7,93,0.07,MCC
17,7,94,0.145,MCC
17,7,95,0.015,MCC
17,7,96,0.07,MCC
17,7,97,1,MCC
17,7,98,0.01,MCC
17,7,99,0.995,MCC
1,44,51,1,CS
1,44,52,0.79,CS
1,44,53,1,CS
1,44,54,1,CS
1,44,55,0.575,CS
1,44,56,1,CS
1,44,57,1,CS
1,44,58,1,CS
1,44,59,1,CS
1,44,60,1,CS
1,44,61,1,CS
1,44,62,1,CS
1,44,63,0.965,CS
1,44,64,1,CS
1,44,65,1,CS
1,44,66,1,CS
1,44,67,1,CS
1,44,68,1,CS
1,44,69,1,CS
1,44,70,1,CS
1,44,71,1,CS
1,44,72,0.885,CS
1,44,73,1,CS
1,44,74,1,CS
1,44,75,1,CS
1,44,76,1,CS
1,44,77,1,CS
1,44,78,1,CS
1,44,79,0.74,CS
1,44,80,1,CS
1,44,81,0.54,CS
1,44,82,1,CS
1,44,83,1,CS
1,44,84,1,CS
1,44,85,1,CS
1,44,86,1,CS
1,44,87,0.98,CS
1,44,88,1,CS
1,44,89,1,CS
1,44,90,1,CS
1,44,91,1,CS
1,44,92,1,CS
1,44,93,1,CS
1,44,94,1,CS
1,44,95,0.64,CS
1,44,96,1,CS
1,44,51,NA,MCC
1,44,52,0.79,MCC
1,44,53,0.395,MCC
1,44,54,1,MCC
1,44,55,0.965,MCC
1,44,56,1,MCC
1,44,57,1,MCC
1,44,58,1,MCC
1,44,59,0.575,MCC
1,44,60,1,MCC
1,44,61,1,MCC
1,44,62,1,MCC
1,44,63,1,MCC
1,44,64,1,MCC
1,44,65,1,MCC
1,44,66,1,MCC
1,44,67,1,MCC
1,44,68,0.885,MCC
1,44,69,1,MCC
1,44,70,1,MCC
1,44,71,1,MCC
1,44,72,1,MCC
1,44,73,1,MCC
1,44,74,1,MCC
1,44,75,1,MCC
1,44,76,1,MCC
1,44,77,1,MCC
1,44,78,1,MCC
1,44,79,1,MCC
1,44,80,0.74,MCC
1,44,81,1,MCC
1,44,82,0.64,MCC
1,44,83,1,MCC
1,44,84,1,MCC
1,44,85,0.54,MCC
1,44,86,1,MCC
1,44,87,1,MCC
1,44,88,1,MCC
1,44,89,1,MCC
1,44,90,1,MCC
1,44,91,0.485,MCC
1,44,92,0.98,MCC
1,44,93,0.49,MCC
1,44,94,1,MCC
1,44,95,1,MCC
1,44,96,1,MCC
1,44,97,1,MCC
1,44,98,1,MCC
1,44,99,1,MCC
6,20,51,1,CS
6,20,52,0.625,CS
6,20,53,1,CS
6,20,54,1,CS
6,20,55,0.715,CS
6,20,56,0.72,CS
6,20,57,0.73,CS
6,20,58,1,CS
6,20,59,1,CS
6,20,60,1,CS
6,20,61,1,CS
6,20,62,1,CS
6,20,63,0.985,CS
6,20,64,1,CS
6,20,65,0.695,CS
6,20,66,0.66,CS
6,20,67,0.795,CS
6,20,68,1,CS
6,20,69,0.875,CS
6,20,70,0.885,CS
6,20,71,0.885,CS
6,20,72,0.79,CS
6,20,73,0.89,CS
6,20,74,1,CS
6,20,75,0.51,CS
6,20,76,0.585,CS
6,20,77,0.915,CS
6,20,78,1,CS
6,20,79,0.995,CS
6,20,80,0.97,CS
6,20,81,1,CS
6,20,82,0.725,CS
6,20,83,1,CS
6,20,84,1,CS
6,20,85,0.985,CS
6,20,86,1,CS
6,20,87,0.82,CS
6,20,88,1,CS
6,20,51,NA,MCC
6,20,52,NA,MCC
6,20,53,0.16,MCC
6,20,54,0.51,MCC
6,20,55,0.585,MCC
6,20,56,1,MCC
6,20,57,0.915,MCC
6,20,58,0.065,MCC
6,20,59,0.985,MCC
6,20,60,0.875,MCC
6,20,61,1,MCC
6,20,62,0.695,MCC
6,20,63,0.795,MCC
6,20,64,1,MCC
6,20,65,0.13,MCC
6,20,66,0.11,MCC
6,20,67,0.025,MCC
6,20,68,0.025,MCC
6,20,69,0.625,MCC
6,20,70,0.385,MCC
6,20,71,1,MCC
6,20,72,1,MCC
6,20,73,1,MCC
6,20,74,0.715,MCC
6,20,75,0.72,MCC
6,20,76,0.73,MCC
6,20,77,1,MCC
6,20,78,1,MCC
6,20,79,1,MCC
6,20,80,1,MCC
6,20,81,0.165,MCC
6,20,82,1,MCC
6,20,83,1,MCC
6,20,84,0.985,MCC
6,20,85,1,MCC
6,20,86,0.82,MCC
6,20,87,1,MCC
6,20,88,0.065,MCC
6,20,89,0.995,MCC
6,20,90,0.725,MCC
6,20,91,0.97,MCC
6,20,92,1,MCC
6,20,93,0.885,MCC
6,20,94,0.885,MCC
6,20,95,0.465,MCC
6,20,96,0.79,MCC
6,20,97,0.89,MCC
6,20,98,1,MCC
6,20,99,0.465,MCC
7,25,51,1,CS
7,25,52,0.735,CS
7,25,53,0.635,CS
7,25,54,1,CS
7,25,55,1,CS
7,25,56,1,CS
7,25,57,0.67,CS
7,25,58,0.955,CS
7,25,59,1,CS
7,25,60,1,CS
7,25,61,1,CS
7,25,62,0.895,CS
7,25,63,1,CS
7,25,64,1,CS
7,25,65,1,CS
7,25,66,0.855,CS
7,25,67,0.935,CS
7,25,68,0.69,CS
7,25,69,0.82,CS
7,25,70,1,CS
7,25,71,1,CS
7,25,72,1,CS
7,25,73,1,CS
7,25,74,1,CS
7,25,75,1,CS
7,25,76,0.995,CS
7,25,77,1,CS
7,25,78,1,CS
7,25,79,0.84,CS
7,25,80,0.995,CS
7,25,51,NA,MCC
7,25,52,0.175,MCC
7,25,53,0.055,MCC
7,25,54,1,MCC
7,25,55,0.02,MCC
7,25,56,0.03,MCC
7,25,57,0.03,MCC
7,25,58,0.895,MCC
7,25,59,0.35,MCC
7,25,60,1,MCC
7,25,61,1,MCC
7,25,62,0.135,MCC
7,25,63,1,MCC
7,25,64,0.02,MCC
7,25,65,0.01,MCC
7,25,66,0.045,MCC
7,25,67,0.025,MCC
7,25,68,1,MCC
7,25,69,0.405,MCC
7,25,70,1,MCC
7,25,71,0.855,MCC
7,25,72,0.935,MCC
7,25,73,0.69,MCC
7,25,74,0.125,MCC
7,25,75,0.995,MCC
7,25,76,0.36,MCC
7,25,77,0.735,MCC
7,25,78,0.23,MCC
7,25,79,1,MCC
7,25,80,1,MCC
7,25,81,1,MCC
7,25,82,0.84,MCC
7,25,83,0.055,MCC
7,25,84,0.82,MCC
7,25,85,1,MCC
7,25,86,1,MCC
7,25,87,1,MCC
7,25,88,0.285,MCC
7,25,89,0.005,MCC
7,25,90,0.27,MCC
7,25,91,0.285,MCC
7,25,92,1,MCC
7,25,93,0.995,MCC
7,25,94,1,MCC
7,25,95,0.67,MCC
7,25,96,0.955,MCC
7,25,97,1,MCC
7,25,98,1,MCC
7,25,99,1,MCC
7,3,51,1,CS
7,3,52,0.65,CS
7,3,53,0.555,CS
7,3,54,0.695,CS
7,3,55,1,CS
7,3,56,0.855,CS
7,3,57,1,CS
7,3,58,0.985,CS
7,3,59,1,CS
7,3,60,1,CS
7,3,61,0.97,CS
7,3,62,1,CS
7,3,63,1,CS
7,3,64,1,CS
7,3,65,1,CS
7,3,66,1,CS
7,3,67,0.66,CS
7,3,68,0.85,CS
7,3,69,0.525,CS
7,3,70,1,CS
7,3,71,0.895,CS
7,3,72,1,CS
7,3,73,1,CS
7,3,74,1,CS
7,3,75,0.52,CS
7,3,76,1,CS
7,3,77,1,CS
7,3,78,1,CS
7,3,79,0.85,CS
9,11,51,1,CS
9,11,52,0.69,CS
9,11,53,1,CS
9,11,54,0.83,CS
9,11,55,1,CS
9,11,56,1,CS
9,11,57,1,CS
9,11,58,0.985,CS
9,11,59,0.84,CS
9,11,60,0.995,CS
9,11,61,1,CS
9,11,62,1,CS
9,11,63,1,CS
9,11,64,0.82,CS
7,3,51,NA,MCC
7,3,52,0.025,MCC
7,3,53,0.395,MCC
7,3,54,0.21,MCC
7,3,55,1,MCC
7,3,56,0.02,MCC
7,3,57,0.02,MCC
7,3,58,1,MCC
7,3,59,0.66,MCC
7,3,60,0.315,MCC
7,3,61,0.055,MCC
7,3,62,0.97,MCC
7,3,63,1,MCC
7,3,64,1,MCC
7,3,65,1,MCC
7,3,66,1,MCC
7,3,67,0.065,MCC
7,3,68,0.33,MCC
7,3,69,0.005,MCC
7,3,70,0.025,MCC
7,3,71,0.11,MCC
7,3,72,0.52,MCC
7,3,73,1,MCC
7,3,74,0.365,MCC
7,3,75,0.85,MCC
7,3,76,0.445,MCC
7,3,77,0.895,MCC
7,3,78,1,MCC
7,3,79,0.275,MCC
7,3,80,0.005,MCC
7,3,81,0.025,MCC
7,3,82,0.305,MCC
7,3,83,1,MCC
7,3,84,1,MCC
7,3,85,0.65,MCC
7,3,86,0.695,MCC
7,3,87,0.415,MCC
7,3,88,0.985,MCC
7,3,89,1,MCC
7,3,90,1,MCC
7,3,91,0.1,MCC
7,3,92,1,MCC
7,3,93,1,MCC
7,3,94,0.29,MCC
7,3,95,0.385,MCC
7,3,96,0.85,MCC
7,3,97,0.525,MCC
7,3,98,1,MCC
7,3,99,1,MCC
9,11,51,NA,MCC
9,11,52,0.005,MCC
9,11,53,0.005,MCC
9,11,54,0.005,MCC
9,11,55,0.005,MCC
9,11,56,0.295,MCC
9,11,57,0.83,MCC
9,11,58,1,MCC
9,11,59,0.69,MCC
9,11,60,1,MCC
9,11,61,0.075,MCC
9,11,62,0.995,MCC
9,11,63,0.03,MCC
9,11,64,0.105,MCC
9,11,65,0.005,MCC
9,11,66,0.005,MCC
9,11,67,0.005,MCC
9,11,68,0.005,MCC
9,11,69,0.005,MCC
9,11,70,0.01,MCC
9,11,71,0.06,MCC
9,11,72,0.09,MCC
9,11,73,0.255,MCC
9,11,74,0.005,MCC
9,11,75,0.01,MCC
9,11,76,0.02,MCC
9,11,77,1,MCC
9,11,78,0.07,MCC
9,11,79,0.14,MCC
9,11,80,0.985,MCC
9,11,81,0.005,MCC
9,11,82,0.03,MCC
9,11,83,1,MCC
9,11,84,0.005,MCC
9,11,85,0.84,MCC
9,11,86,0.005,MCC
9,11,87,0.005,MCC
9,11,88,0.005,MCC
9,11,89,0.17,MCC
9,11,90,0.035,MCC
9,11,91,1,MCC
9,11,92,0.82,MCC
9,11,93,0.035,MCC
9,11,94,1,MCC
9,11,95,0.005,MCC
9,11,96,0.01,MCC
9,11,97,0.075,MCC
9,11,98,1,MCC
9,11,99,0.16,MCC
5,34,51,1,CS
5,34,52,0.91,CS
5,34,53,1,CS
5,34,54,1,CS
5,34,55,1,CS
5,34,56,0.885,CS
5,34,57,1,CS
5,34,58,1,CS
5,34,59,1,CS
5,34,60,1,CS
5,34,61,1,CS
5,34,62,1,CS
5,34,63,0.945,CS
5,34,64,0.98,CS
5,34,65,1,CS
5,34,66,1,CS
5,34,67,1,CS
5,34,68,0.725,CS
5,34,69,1,CS
5,34,70,1,CS
5,34,71,1,CS
5,34,72,0.995,CS
5,34,73,1,CS
5,34,74,1,CS
5,34,75,1,CS
5,34,76,1,CS
5,34,77,0.945,CS
5,34,78,1,CS
5,34,79,1,CS
5,34,80,1,CS
5,34,81,1,CS
5,34,82,1,CS
5,34,83,1,CS
5,34,84,1,CS
5,34,85,1,CS
16,48,51,1,CS
16,48,52,0.635,CS
16,48,53,0.865,CS
16,48,54,1,CS
16,48,55,0.88,CS
16,48,56,1,CS
16,48,57,0.59,CS
16,48,58,0.955,CS
16,48,59,0.555,CS
16,48,60,1,CS
16,48,61,1,CS
16,48,62,1,CS
16,48,63,1,CS
16,48,64,1,CS
16,48,65,1,CS
16,48,66,1,CS
16,48,67,1,CS
16,48,68,1,CS
5,34,51,NA,MCC
5,34,52,0.135,MCC
5,34,53,0.06,MCC
5,34,54,1,MCC
5,34,55,1,MCC
5,34,56,0.155,MCC
5,34,57,0.725,MCC
5,34,58,0.995,MCC
5,34,59,1,MCC
5,34,60,1,MCC
5,34,61,1,MCC
5,34,62,1,MCC
5,34,63,0.075,MCC
5,34,64,0.01,MCC
5,34,65,0.03,MCC
5,34,66,0.17,MCC
5,34,67,0.38,MCC
5,34,68,1,MCC
5,34,69,1,MCC
5,34,70,1,MCC
5,34,71,1,MCC
5,34,72,0.04,MCC
5,34,73,1,MCC
5,34,74,0.945,MCC
5,34,75,1,MCC
5,34,76,0.02,MCC
5,34,77,0.175,MCC
5,34,78,0.145,MCC
5,34,79,1,MCC
5,34,80,1,MCC
5,34,81,0.115,MCC
5,34,82,0.945,MCC
5,34,83,0.98,MCC
5,34,84,1,MCC
5,34,85,1,MCC
5,34,86,1,MCC
5,34,87,0.03,MCC
5,34,88,0.91,MCC
5,34,89,0.885,MCC
5,34,90,1,MCC
5,34,91,1,MCC
5,34,92,1,MCC
5,34,93,1,MCC
5,34,94,1,MCC
5,34,95,1,MCC
5,34,96,1,MCC
5,34,97,1,MCC
5,34,98,1,MCC
5,34,99,1,MCC
16,48,51,NA,MCC
16,48,52,0.005,MCC
16,48,53,0.005,MCC
16,48,54,0.005,MCC
16,48,55,0.005,MCC
16,48,56,0.005,MCC
16,48,57,0.03,MCC
16,48,58,0.005,MCC
16,48,59,0.005,MCC
16,48,60,0.06,MCC
16,48,61,1,MCC
16,48,62,0.005,MCC
16,48,63,0.04,MCC
16,48,64,1,MCC
16,48,65,0.165,MCC
16,48,66,0.475,MCC
16,48,67,0.005,MCC
16,48,68,0.065,MCC
16,48,69,1,MCC
16,48,70,1,MCC
16,48,71,0.105,MCC
16,48,72,0.59,MCC
16,48,73,0.955,MCC
16,48,74,0.555,MCC
16,48,75,1,MCC
16,48,76,1,MCC
16,48,77,0.005,MCC
16,48,78,0.1,MCC
16,48,79,0.005,MCC
16,48,80,0.005,MCC
16,48,81,0.005,MCC
16,48,82,0.075,MCC
16,48,83,0.015,MCC
16,48,84,0.635,MCC
16,48,85,0.47,MCC
16,48,86,0.865,MCC
16,48,87,1,MCC
16,48,88,0.88,MCC
16,48,89,1,MCC
16,48,90,0.005,MCC
16,48,91,0.005,MCC
16,48,92,0.005,MCC
16,48,93,0.015,MCC
16,48,94,0.125,MCC
16,48,95,1,MCC
16,48,96,1,MCC
16,48,97,0.02,MCC
16,48,98,0.35,MCC
16,48,99,1,MCC
8,16,51,1,CS
8,16,52,1,CS
8,16,53,0.955,CS
8,16,54,1,CS
8,16,55,0.97,CS
8,16,56,0.925,CS
8,16,57,0.665,CS
8,16,58,1,CS
8,16,59,0.59,CS
8,16,60,0.52,CS
8,16,61,0.995,CS
8,16,62,1,CS
8,16,63,1,CS
8,16,64,0.965,CS
8,16,65,0.65,CS
8,16,66,1,CS
8,16,67,1,CS
8,16,68,1,CS
8,16,69,0.675,CS
8,16,51,NA,MCC
8,16,52,0.005,MCC
8,16,53,0.005,MCC
8,16,54,0.02,MCC
8,16,55,0.1,MCC
8,16,56,0.52,MCC
8,16,57,0.995,MCC
8,16,58,0.005,MCC
8,16,59,0.005,MCC
8,16,60,0.005,MCC
8,16,61,0.005,MCC
8,16,62,0.005,MCC
8,16,63,0.11,MCC
8,16,64,1,MCC
8,16,65,0.075,MCC
8,16,66,0.01,MCC
8,16,67,0.65,MCC
8,16,68,0.01,MCC
8,16,69,0.01,MCC
8,16,70,1,MCC
8,16,71,0.345,MCC
8,16,72,0.11,MCC
8,16,73,0.395,MCC
8,16,74,0.675,MCC
8,16,75,1,MCC
8,16,76,0.42,MCC
8,16,77,0.955,MCC
8,16,78,0.005,MCC
8,16,79,0.03,MCC
8,16,80,0.155,MCC
8,16,81,1,MCC
8,16,82,0.925,MCC
8,16,83,0.09,MCC
8,16,84,0.005,MCC
8,16,85,0.015,MCC
8,16,86,0.055,MCC
8,16,87,0.05,MCC
8,16,88,1,MCC
8,16,89,0.09,MCC
8,16,90,0.095,MCC
8,16,91,0.105,MCC
8,16,92,0.965,MCC
8,16,93,0.025,MCC
8,16,94,0.495,MCC
8,16,95,1,MCC
8,16,96,1,MCC
8,16,97,0.97,MCC
8,16,98,0.32,MCC
8,16,99,1,MCC
10,44,51,1,CS
10,44,52,0.675,CS
10,44,53,0.77,CS
10,44,54,0.87,CS
10,44,55,1,CS
10,44,56,0.84,CS
10,44,57,1,CS
10,44,58,1,CS
10,44,59,0.55,CS
10,44,60,1,CS
10,44,61,1,CS
10,44,62,1,CS
10,44,63,0.96,CS
10,44,64,1,CS
10,44,65,0.885,CS
10,44,66,1,CS
10,44,67,1,CS
10,44,68,1,CS
10,44,69,1,CS
10,44,70,1,CS
10,44,71,1,CS
10,44,72,1,CS
10,44,73,1,CS
10,44,74,1,CS
10,44,75,0.87,CS
10,44,51,NA,MCC
10,44,52,0.005,MCC
10,44,53,0.005,MCC
10,44,54,0.005,MCC
10,44,55,0.255,MCC
10,44,56,0.005,MCC
10,44,57,0.87,MCC
10,44,58,0.01,MCC
10,44,59,0.025,MCC
10,44,60,0.675,MCC
10,44,61,0.77,MCC
10,44,62,0.87,MCC
10,44,63,1,MCC
10,44,64,0.84,MCC
10,44,65,1,MCC
10,44,66,1,MCC
10,44,67,1,MCC
10,44,68,0.14,MCC
10,44,69,0.14,MCC
10,44,70,0.885,MCC
10,44,71,1,MCC
10,44,72,1,MCC
10,44,73,0.005,MCC
10,44,74,0.005,MCC
10,44,75,0.005,MCC
10,44,76,0.005,MCC
10,44,77,0.09,MCC
10,44,78,1,MCC
10,44,79,0.96,MCC
10,44,80,1,MCC
10,44,81,0.055,MCC
10,44,82,0.23,MCC
10,44,83,1,MCC
10,44,84,1,MCC
10,44,85,0.01,MCC
10,44,86,0.06,MCC
10,44,87,0.105,MCC
10,44,88,1,MCC
10,44,89,1,MCC
10,44,90,0.55,MCC
10,44,91,1,MCC
10,44,92,1,MCC
10,44,93,0.005,MCC
10,44,94,0.095,MCC
10,44,95,0.03,MCC
10,44,96,0.175,MCC
10,44,97,0.175,MCC
10,44,98,1,MCC
10,44,99,1,MCC
8,25,51,1,CS
8,25,52,0.775,CS
8,25,53,0.54,CS
8,25,54,1,CS
8,25,55,0.91,CS
8,25,56,1,CS
8,25,57,1,CS
8,25,58,0.75,CS
8,25,59,1,CS
8,25,60,0.525,CS
8,25,61,1,CS
8,25,62,1,CS
8,25,63,1,CS
8,25,64,0.765,CS
8,25,65,0.96,CS
8,25,66,0.775,CS
8,25,67,0.875,CS
8,25,68,0.785,CS
8,25,69,1,CS
8,25,70,1,CS
8,25,71,1,CS
8,25,72,1,CS
8,25,73,1,CS
8,25,74,1,CS
8,25,75,1,CS
8,25,76,1,CS
8,25,77,1,CS
8,25,78,0.75,CS
8,25,79,0.69,CS
8,25,51,NA,MCC
8,25,52,0.005,MCC
8,25,53,0.07,MCC
8,25,54,1,MCC
8,25,55,1,MCC
8,25,56,0.02,MCC
8,25,57,0.285,MCC
8,25,58,1,MCC
8,25,59,1,MCC
8,25,60,0.005,MCC
8,25,61,0.005,MCC
8,25,62,0.005,MCC
8,25,63,0.75,MCC
8,25,64,0.1,MCC
8,25,65,0.355,MCC
8,25,66,0.285,MCC
8,25,67,0.875,MCC
8,25,68,0.095,MCC
8,25,69,0.17,MCC
8,25,70,0.135,MCC
8,25,71,0.185,MCC
8,25,72,1,MCC
8,25,73,1,MCC
8,25,74,0.75,MCC
8,25,75,1,MCC
8,25,76,0.525,MCC
8,25,77,0.275,MCC
8,25,78,0.32,MCC
8,25,79,0.775,MCC
8,25,80,0.54,MCC
8,25,81,1,MCC
8,25,82,0.91,MCC
8,25,83,1,MCC
8,25,84,0.305,MCC
8,25,85,1,MCC
8,25,86,0.01,MCC
8,25,87,0.035,MCC
8,25,88,0.69,MCC
8,25,89,1,MCC
8,25,90,1,MCC
8,25,91,0.01,MCC
8,25,92,0.035,MCC
8,25,93,1,MCC
8,25,94,1,MCC
8,25,95,0.19,MCC
8,25,96,1,MCC
8,25,97,1,MCC
8,25,98,0.96,MCC
8,25,99,0.775,MCC
2,7,51,1,CS
2,7,52,1,CS
2,7,53,0.72,CS
2,7,54,1,CS
2,7,55,0.61,CS
2,7,56,1,CS
2,7,57,1,CS
2,7,58,1,CS
2,7,59,1,CS
2,7,60,1,CS
2,7,61,1,CS
2,7,62,0.93,CS
2,7,63,1,CS
2,7,64,1,CS
2,7,65,1,CS
2,7,66,0.995,CS
2,7,67,1,CS
2,7,68,1,CS
2,7,69,1,CS
2,7,70,0.995,CS
2,7,71,1,CS
2,7,72,1,CS
2,7,73,1,CS
2,7,74,1,CS
2,7,75,1,CS
2,7,76,1,CS
2,7,77,0.995,CS
2,7,78,1,CS
2,7,79,0.965,CS
2,7,80,1,CS
2,7,81,1,CS
2,7,82,1,CS
2,7,83,1,CS
2,7,84,1,CS
2,7,85,0.875,CS
2,7,86,0.91,CS
2,7,87,1,CS
2,7,88,0.795,CS
2,7,89,1,CS
2,7,90,1,CS
2,7,91,1,CS
2,7,92,1,CS
2,7,93,1,CS
2,7,94,1,CS
2,7,95,1,CS
2,7,96,1,CS
2,7,51,NA,MCC
2,7,52,0.91,MCC
2,7,53,0.45,MCC
2,7,54,1,MCC
2,7,55,1,MCC
2,7,56,0.795,MCC
2,7,57,1,MCC
2,7,58,1,MCC
2,7,59,1,MCC
2,7,60,1,MCC
2,7,61,1,MCC
2,7,62,1,MCC
2,7,63,1,MCC
2,7,64,1,MCC
2,7,65,1,MCC
2,7,66,0.875,MCC
2,7,67,1,MCC
2,7,68,1,MCC
2,7,69,0.72,MCC
2,7,70,1,MCC
2,7,71,0.49,MCC
2,7,72,0.41,MCC
2,7,73,1,MCC
2,7,74,1,MCC
2,7,75,1,MCC
2,7,76,0.965,MCC
2,7,77,1,MCC
2,7,78,1,MCC
2,7,79,1,MCC
2,7,80,0.995,MCC
2,7,81,1,MCC
2,7,82,1,MCC
2,7,83,0.61,MCC
2,7,84,0.995,MCC
2,7,85,0.995,MCC
2,7,86,1,MCC
2,7,87,1,MCC
2,7,88,1,MCC
2,7,89,1,MCC
2,7,90,1,MCC
2,7,91,1,MCC
2,7,92,1,MCC
2,7,93,0.93,MCC
2,7,94,1,MCC
2,7,95,1,MCC
2,7,96,1,MCC
2,7,97,1,MCC
2,7,98,1,MCC
2,7,99,1,MCC
1,12,51,1,CS
1,12,52,0.785,CS
1,12,53,1,CS
1,12,54,1,CS
1,12,55,1,CS
1,12,56,1,CS
1,12,57,0.89,CS
1,12,58,1,CS
1,12,59,1,CS
1,12,60,0.955,CS
1,12,61,1,CS
1,12,62,0.63,CS
1,12,63,1,CS
1,12,64,1,CS
1,12,65,1,CS
1,12,66,1,CS
1,12,67,0.98,CS
1,12,68,1,CS
1,12,69,1,CS
1,12,70,1,CS
1,12,71,1,CS
1,12,72,1,CS
1,12,73,0.99,CS
1,12,74,0.935,CS
1,12,75,0.65,CS
1,12,76,1,CS
1,12,77,1,CS
1,12,78,1,CS
1,12,79,1,CS
1,12,80,1,CS
1,12,81,0.93,CS
1,12,82,1,CS
1,12,83,1,CS
1,12,84,1,CS
1,12,85,1,CS
1,12,86,1,CS
1,12,87,1,CS
1,12,88,1,CS
1,12,89,0.79,CS
1,12,90,1,CS
1,12,91,1,CS
1,12,92,1,CS
1,12,93,1,CS
1,12,94,1,CS
1,12,95,1,CS
1,12,96,1,CS
1,12,97,1,CS
1,12,51,NA,MCC
1,12,52,0.785,MCC
1,12,53,0.99,MCC
1,12,54,0.935,MCC
1,12,55,0.65,MCC
1,12,56,1,MCC
1,12,57,1,MCC
1,12,58,1,MCC
1,12,59,1,MCC
1,12,60,0.405,MCC
1,12,61,1,MCC
1,12,62,1,MCC
1,12,63,0.93,MCC
1,12,64,1,MCC
1,12,65,1,MCC
1,12,66,1,MCC
1,12,67,1,MCC
1,12,68,1,MCC
1,12,69,1,MCC
1,12,70,0.79,MCC
1,12,71,1,MCC
1,12,72,1,MCC
1,12,73,1,MCC
1,12,74,0.98,MCC
1,12,75,1,MCC
1,12,76,1,MCC
1,12,77,1,MCC
1,12,78,1,MCC
1,12,79,1,MCC
1,12,80,1,MCC
1,12,81,1,MCC
1,12,82,1,MCC
1,12,83,1,MCC
1,12,84,1,MCC
1,12,85,0.295,MCC
1,12,86,0.955,MCC
1,12,87,1,MCC
1,12,88,0.63,MCC
1,12,89,1,MCC
1,12,90,1,MCC
1,12,91,0.89,MCC
1,12,92,1,MCC
1,12,93,1,MCC
1,12,94,1,MCC
1,12,95,1,MCC
1,12,96,1,MCC
1,12,97,1,MCC
1,12,98,1,MCC
1,12,99,1,MCC
17,48,51,1,CS
17,48,52,1,CS
17,48,53,0.98,CS
17,48,54,1,CS
17,48,55,0.9,CS
17,48,56,1,CS
17,48,57,0.61,CS
17,48,58,1,CS
17,48,59,1,CS
17,48,60,0.615,CS
17,48,61,1,CS
17,48,62,0.975,CS
17,48,63,1,CS
17,48,64,1,CS
17,48,65,1,CS
17,48,66,1,CS
17,48,51,NA,MCC
17,48,52,0.005,MCC
17,48,53,0.005,MCC
17,48,54,0.005,MCC
17,48,55,0.02,MCC
17,48,56,0.285,MCC
17,48,57,0.01,MCC
17,48,58,0.005,MCC
17,48,59,0.005,MCC
17,48,60,0.005,MCC
17,48,61,0.005,MCC
17,48,62,0.015,MCC
17,48,63,0.11,MCC
17,48,64,0.615,MCC
17,48,65,1,MCC
17,48,66,0.035,MCC
17,48,67,0.005,MCC
17,48,68,0.005,MCC
17,48,69,0.03,MCC
17,48,70,0.975,MCC
17,48,71,0.115,MCC
17,48,72,0.005,MCC
17,48,73,0.045,MCC
17,48,74,1,MCC
17,48,75,1,MCC
17,48,76,0.145,MCC
17,48,77,1,MCC
17,48,78,0.005,MCC
17,48,79,0.005,MCC
17,48,80,0.035,MCC
17,48,81,0.275,MCC
17,48,82,0.415,MCC
17,48,83,0.9,MCC
17,48,84,0.225,MCC
17,48,85,1,MCC
17,48,86,0.005,MCC
17,48,87,0.005,MCC
17,48,88,0.13,MCC
17,48,89,1,MCC
17,48,90,1,MCC
17,48,91,1,MCC
17,48,92,0.005,MCC
17,48,93,0.055,MCC
17,48,94,0.005,MCC
17,48,95,1,MCC
17,48,96,0.98,MCC
17,48,97,1,MCC
17,48,98,0.03,MCC
17,48,99,0.005,MCC
11,44,51,1,CS
11,44,52,0.96,CS
11,44,53,0.58,CS
11,44,54,1,CS
11,44,55,0.51,CS
11,44,56,1,CS
11,44,57,0.985,CS
11,44,58,1,CS
11,44,59,1,CS
11,44,60,1,CS
11,44,61,0.975,CS
11,44,62,1,CS
11,44,63,0.725,CS
11,44,64,1,CS
11,44,65,0.98,CS
11,44,66,0.775,CS
11,44,67,1,CS
11,44,68,1,CS
11,44,69,1,CS
11,44,70,1,CS
11,44,71,1,CS
11,44,72,1,CS
11,44,73,1,CS
11,44,74,1,CS
11,44,51,NA,MCC
11,44,52,0.025,MCC
11,44,53,0.225,MCC
11,44,54,0.775,MCC
11,44,55,1,MCC
11,44,56,0.005,MCC
11,44,57,0.01,MCC
11,44,58,0.43,MCC
11,44,59,0.96,MCC
11,44,60,0.58,MCC
11,44,61,0.345,MCC
11,44,62,1,MCC
11,44,63,0.51,MCC
11,44,64,1,MCC
11,44,65,1,MCC
11,44,66,0.075,MCC
11,44,67,0.125,MCC
11,44,68,0.005,MCC
11,44,69,0.005,MCC
11,44,70,0.985,MCC
11,44,71,0.22,MCC
11,44,72,1,MCC
11,44,73,1,MCC
11,44,74,0.005,MCC
11,44,75,0.005,MCC
11,44,76,0.01,MCC
11,44,77,0.015,MCC
11,44,78,0.23,MCC
11,44,79,1,MCC
11,44,80,0.005,MCC
11,44,81,0.005,MCC
11,44,82,0.04,MCC
11,44,83,1,MCC
11,44,84,0.725,MCC
11,44,85,1,MCC
11,44,86,0.98,MCC
11,44,87,0.005,MCC
11,44,88,0.075,MCC
11,44,89,1,MCC
11,44,90,1,MCC
11,44,91,0.005,MCC
11,44,92,0.025,MCC
11,44,93,0.4,MCC
11,44,94,1,MCC
11,44,95,1,MCC
11,44,96,0.975,MCC
11,44,97,1,MCC
11,44,98,1,MCC
11,44,99,0.02,MCC
7,20,51,1,CS
7,20,52,1,CS
7,20,53,1,CS
7,20,54,0.81,CS
7,20,55,0.88,CS
7,20,56,1,CS
7,20,57,1,CS
7,20,58,0.535,CS
7,20,59,1,CS
7,20,60,0.925,CS
7,20,61,0.98,CS
7,20,62,0.695,CS
7,20,63,0.575,CS
7,20,64,0.685,CS
7,20,65,1,CS
7,20,66,0.7,CS
7,20,67,0.97,CS
7,20,68,0.56,CS
7,20,69,1,CS
7,20,70,0.9,CS
7,20,71,0.99,CS
7,20,72,1,CS
7,20,73,0.95,CS
7,20,74,0.89,CS
7,20,75,1,CS
7,20,76,1,CS
7,20,77,1,CS
7,20,78,1,CS
7,20,79,0.82,CS
7,20,80,1,CS
7,20,81,1,CS
7,20,82,0.76,CS
7,20,51,NA,MCC
7,20,52,0.925,MCC
7,20,53,0.375,MCC
7,20,54,0.98,MCC
7,20,55,0.695,MCC
7,20,56,0.575,MCC
7,20,57,0.685,MCC
7,20,58,1,MCC
7,20,59,0.07,MCC
7,20,60,0.005,MCC
7,20,61,0.04,MCC
7,20,62,0.15,MCC
7,20,63,0.76,MCC
7,20,64,0.055,MCC
7,20,65,0.175,MCC
7,20,66,0.7,MCC
7,20,67,1,MCC
7,20,68,0.9,MCC
7,20,69,0.97,MCC
7,20,70,0.56,MCC
7,20,71,0.99,MCC
7,20,72,0.5,MCC
7,20,73,1,MCC
7,20,74,0.285,MCC
7,20,75,0.005,MCC
7,20,76,0.01,MCC
7,20,77,0.28,MCC
7,20,78,0.95,MCC
7,20,79,0.89,MCC
7,20,80,1,MCC
7,20,81,0.03,MCC
7,20,82,0.11,MCC
7,20,83,0.22,MCC
7,20,84,0.82,MCC
7,20,85,1,MCC
7,20,86,1,MCC
7,20,87,1,MCC
7,20,88,1,MCC
7,20,89,0.015,MCC
7,20,90,0.535,MCC
7,20,91,1,MCC
7,20,92,0.88,MCC
7,20,93,1,MCC
7,20,94,0.005,MCC
7,20,95,0.06,MCC
7,20,96,1,MCC
7,20,97,1,MCC
7,20,98,1,MCC
7,20,99,1,MCC
6,34,51,1,CS
6,34,52,0.68,CS
6,34,53,0.68,CS
6,34,54,1,CS
6,34,55,1,CS
6,34,56,1,CS
6,34,57,0.995,CS
6,34,58,1,CS
6,34,59,1,CS
6,34,60,1,CS
6,34,61,1,CS
6,34,62,1,CS
6,34,63,1,CS
6,34,64,1,CS
6,34,65,1,CS
6,34,66,1,CS
6,34,67,1,CS
6,34,68,1,CS
6,34,69,0.915,CS
6,34,70,1,CS
6,34,71,1,CS
6,34,72,1,CS
6,34,73,0.675,CS
6,34,74,1,CS
6,34,75,1,CS
6,34,76,1,CS
6,34,77,1,CS
6,34,78,1,CS
6,34,79,1,CS
6,34,80,1,CS
6,34,81,1,CS
6,34,82,1,CS
6,34,51,NA,MCC
6,34,52,0.01,MCC
6,34,53,0.015,MCC
6,34,54,0.205,MCC
6,34,55,0.225,MCC
6,34,56,0.915,MCC
6,34,57,1,MCC
6,34,58,1,MCC
6,34,59,1,MCC
6,34,60,1,MCC
6,34,61,1,MCC
6,34,62,1,MCC
6,34,63,1,MCC
6,34,64,0.005,MCC
6,34,65,0.005,MCC
6,34,66,0.68,MCC
6,34,67,0.995,MCC
6,34,68,0.225,MCC
6,34,69,0.68,MCC
6,34,70,1,MCC
6,34,71,1,MCC
6,34,72,1,MCC
6,34,73,0.04,MCC
6,34,74,1,MCC
6,34,75,1,MCC
6,34,76,1,MCC
6,34,77,0.1,MCC
6,34,78,0.015,MCC
6,34,79,0.02,MCC
6,34,80,0.17,MCC
6,34,81,1,MCC
6,34,82,0.355,MCC
6,34,83,1,MCC
6,34,84,1,MCC
6,34,85,0.675,MCC
6,34,86,1,MCC
6,34,87,1,MCC
6,34,88,1,MCC
6,34,89,1,MCC
6,34,90,0.025,MCC
6,34,91,0.155,MCC
6,34,92,0.485,MCC
6,34,93,1,MCC
6,34,94,1,MCC
6,34,95,0.275,MCC
6,34,96,1,MCC
6,34,97,1,MCC
6,34,98,1,MCC
6,34,99,1,MCC
2,48,51,1,CS
2,48,52,0.695,CS
2,48,53,0.85,CS
2,48,54,1,CS
2,48,55,1,CS
2,48,56,0.9,CS
2,48,57,1,CS
2,48,58,1,CS
2,48,59,1,CS
2,48,60,1,CS
2,48,61,1,CS
2,48,62,1,CS
2,48,63,0.98,CS
2,48,64,1,CS
2,48,65,1,CS
2,48,66,1,CS
2,48,67,0.87,CS
2,48,68,1,CS
2,48,69,1,CS
2,48,70,1,CS
2,48,71,1,CS
2,48,72,0.505,CS
2,48,73,0.9,CS
2,48,74,1,CS
2,48,75,1,CS
2,48,76,1,CS
2,48,77,0.97,CS
2,48,78,1,CS
2,48,79,1,CS
2,48,80,1,CS
2,48,81,1,CS
2,48,82,1,CS
2,48,83,1,CS
2,48,84,0.98,CS
2,48,85,1,CS
2,48,86,0.98,CS
2,48,87,1,CS
2,48,88,1,CS
2,48,89,1,CS
2,48,90,0.55,CS
2,48,91,1,CS
2,48,92,1,CS
2,48,93,0.995,CS
2,48,94,1,CS
2,48,95,1,CS
2,48,51,NA,MCC
2,48,52,0.97,MCC
2,48,53,1,MCC
2,48,54,0.995,MCC
2,48,55,1,MCC
2,48,56,1,MCC
2,48,57,1,MCC
2,48,58,0.55,MCC
2,48,59,1,MCC
2,48,60,1,MCC
2,48,61,1,MCC
2,48,62,0.98,MCC
2,48,63,1,MCC
2,48,64,1,MCC
2,48,65,1,MCC
2,48,66,1,MCC
2,48,67,1,MCC
2,48,68,1,MCC
2,48,69,0.98,MCC
2,48,70,1,MCC
2,48,71,0.695,MCC
2,48,72,0.505,MCC
2,48,73,0.9,MCC
2,48,74,1,MCC
2,48,75,1,MCC
2,48,76,1,MCC
2,48,77,0.85,MCC
2,48,78,1,MCC
2,48,79,1,MCC
2,48,80,0.48,MCC
2,48,81,1,MCC
2,48,82,1,MCC
2,48,83,0.9,MCC
2,48,84,1,MCC
2,48,85,1,MCC
2,48,86,1,MCC
2,48,87,1,MCC
2,48,88,0.4,MCC
2,48,89,0.98,MCC
2,48,90,1,MCC
2,48,91,0.415,MCC
2,48,92,0.46,MCC
2,48,93,1,MCC
2,48,94,1,MCC
2,48,95,0.87,MCC
2,48,96,1,MCC
2,48,97,1,MCC
2,48,98,1,MCC
2,48,99,1,MCC
10,12,51,1,CS
10,12,52,0.93,CS
10,12,53,0.655,CS
10,12,54,1,CS
10,12,55,0.88,CS
10,12,56,0.87,CS
10,12,57,0.915,CS
10,12,58,0.84,CS
10,12,59,0.965,CS
10,12,60,0.53,CS
10,12,61,1,CS
10,12,62,0.96,CS
10,12,63,1,CS
10,12,64,1,CS
10,12,65,0.995,CS
10,12,66,0.9,CS
10,12,67,1,CS
10,12,51,NA,MCC
10,12,52,0.005,MCC
10,12,53,0.005,MCC
10,12,54,0.005,MCC
10,12,55,0.005,MCC
10,12,56,0.005,MCC
10,12,57,0.105,MCC
10,12,58,0.01,MCC
10,12,59,0.005,MCC
10,12,60,0.06,MCC
10,12,61,0.005,MCC
10,12,62,0.005,MCC
10,12,63,0.005,MCC
10,12,64,0.055,MCC
10,12,65,0.915,MCC
10,12,66,0.84,MCC
10,12,67,0.965,MCC
10,12,68,0.015,MCC
10,12,69,0.96,MCC
10,12,70,1,MCC
10,12,71,1,MCC
10,12,72,0.005,MCC
10,12,73,0.005,MCC
10,12,74,0.005,MCC
10,12,75,0.02,MCC
10,12,76,0.105,MCC
10,12,77,0.425,MCC
10,12,78,0.93,MCC
10,12,79,0.655,MCC
10,12,80,1,MCC
10,12,81,0.53,MCC
10,12,82,1,MCC
10,12,83,0.005,MCC
10,12,84,0.015,MCC
10,12,85,1,MCC
10,12,86,0.005,MCC
10,12,87,0.005,MCC
10,12,88,0.015,MCC
10,12,89,0.225,MCC
10,12,90,0.005,MCC
10,12,91,0.08,MCC
10,12,92,0.9,MCC
10,12,93,0.05,MCC
10,12,94,0.235,MCC
10,12,95,0.025,MCC
10,12,96,0.88,MCC
10,12,97,0.87,MCC
10,12,98,0.35,MCC
10,12,99,0.995,MCC
8,3,51,1,CS
8,3,52,0.96,CS
8,3,53,1,CS
8,3,54,0.98,CS
8,3,55,1,CS
8,3,56,0.6,CS
8,3,57,1,CS
8,3,58,1,CS
8,3,59,1,CS
8,3,60,1,CS
8,3,61,1,CS
8,3,62,1,CS
8,3,63,1,CS
8,3,64,0.83,CS
8,3,65,0.555,CS
8,3,66,1,CS
8,3,67,1,CS
8,3,68,1,CS
8,3,69,0.735,CS
8,3,70,1,CS
8,3,71,1,CS
8,3,72,1,CS
8,3,73,1,CS
8,3,74,1,CS
8,3,75,1,CS
8,3,76,0.605,CS
8,3,77,0.97,CS
9,25,51,1,CS
9,25,52,0.525,CS
9,25,53,0.585,CS
9,25,54,0.99,CS
9,25,55,0.875,CS
9,25,56,0.58,CS
9,25,57,0.695,CS
9,25,58,0.785,CS
9,25,59,0.96,CS
9,25,60,0.99,CS
9,25,61,1,CS
9,25,62,1,CS
9,25,63,0.99,CS
9,25,64,0.765,CS
9,25,65,1,CS
9,25,66,1,CS
9,25,67,1,CS
9,25,68,0.84,CS
9,25,69,0.845,CS
9,25,70,1,CS
9,25,71,0.81,CS
9,25,72,1,CS
9,25,73,1,CS
9,25,74,1,CS
9,25,75,1,CS
9,25,76,1,CS
9,25,77,1,CS
10,4,51,1,CS
10,4,52,1,CS
10,4,53,1,CS
10,4,54,1,CS
10,4,55,1,CS
10,4,56,0.915,CS
10,4,57,1,CS
10,4,58,0.995,CS
10,4,59,1,CS
10,4,60,1,CS
10,4,61,0.795,CS
10,4,62,0.99,CS
10,4,63,1,CS
10,4,64,1,CS
10,4,65,1,CS
10,4,66,1,CS
10,4,67,1,CS
10,4,68,1,CS
10,4,69,0.78,CS
10,4,70,0.525,CS
10,4,71,1,CS
10,4,72,1,CS
10,4,73,0.865,CS
10,4,74,0.635,CS
9,25,51,NA,MCC
9,25,52,NA,MCC
9,25,53,0.005,MCC
9,25,54,0.005,MCC
9,25,55,0.005,MCC
9,25,56,0.005,MCC
9,25,57,0.01,MCC
9,25,58,1,MCC
9,25,59,0.055,MCC
9,25,60,0.765,MCC
9,25,61,1,MCC
9,25,62,1,MCC
9,25,63,0.07,MCC
9,25,64,0.81,MCC
9,25,65,0.26,MCC
9,25,66,1,MCC
9,25,67,0.39,MCC
9,25,68,0.26,MCC
9,25,69,1,MCC
9,25,70,1,MCC
9,25,71,0.84,MCC
9,25,72,0.01,MCC
9,25,73,0.525,MCC
9,25,74,0.275,MCC
9,25,75,0.99,MCC
9,25,76,0.875,MCC
9,25,77,0.58,MCC
9,25,78,0.695,MCC
9,25,79,0.96,MCC
9,25,80,0.785,MCC
9,25,81,0.315,MCC
9,25,82,0.845,MCC
9,25,83,1,MCC
9,25,84,0.005,MCC
9,25,85,0.015,MCC
9,25,86,0.035,MCC
9,25,87,1,MCC
9,25,88,0.005,MCC
9,25,89,0.005,MCC
9,25,90,0.005,MCC
9,25,91,0.06,MCC
9,25,92,0.09,MCC
9,25,93,1,MCC
9,25,94,0.205,MCC
9,25,95,0.99,MCC
9,25,96,1,MCC
9,25,97,1,MCC
9,25,98,0.99,MCC
9,25,99,1,MCC
10,4,51,NA,MCC
10,4,52,0.005,MCC
10,4,53,0.005,MCC
10,4,54,0.005,MCC
10,4,55,0.015,MCC
10,4,56,1,MCC
10,4,57,1,MCC
10,4,58,1,MCC
10,4,59,1,MCC
10,4,60,0.005,MCC
10,4,61,0.005,MCC
10,4,62,0.04,MCC
10,4,63,1,MCC
10,4,64,0.405,MCC
10,4,65,0.525,MCC
10,4,66,1,MCC
10,4,67,0.915,MCC
10,4,68,1,MCC
10,4,69,0.01,MCC
10,4,70,1,MCC
10,4,71,0.025,MCC
10,4,72,0.295,MCC
10,4,73,1,MCC
10,4,74,1,MCC
10,4,75,0.005,MCC
10,4,76,0.015,MCC
10,4,77,0.01,MCC
10,4,78,0.085,MCC
10,4,79,0.795,MCC
10,4,80,0.99,MCC
10,4,81,0.265,MCC
10,4,82,0.995,MCC
10,4,83,1,MCC
10,4,84,1,MCC
10,4,85,0.005,MCC
10,4,86,0.03,MCC
10,4,87,0.865,MCC
10,4,88,0.635,MCC
10,4,89,0.005,MCC
10,4,90,0.03,MCC
10,4,91,0.245,MCC
10,4,92,0.78,MCC
10,4,93,1,MCC
10,4,94,0.005,MCC
10,4,95,0.02,MCC
10,4,96,1,MCC
10,4,97,1,MCC
10,4,98,0.025,MCC
10,4,99,0.03,MCC
12,44,51,1,CS
12,44,52,0.81,CS
12,44,53,0.935,CS
12,44,54,1,CS
12,44,55,1,CS
12,44,56,1,CS
12,44,57,0.905,CS
12,44,58,1,CS
12,44,59,1,CS
12,44,60,0.925,CS
12,44,61,1,CS
12,44,62,1,CS
12,44,63,1,CS
12,44,64,0.53,CS
12,44,65,0.62,CS
12,44,66,0.505,CS
12,44,67,1,CS
12,44,68,1,CS
12,44,69,1,CS
12,44,70,1,CS
12,44,71,1,CS
12,44,72,0.985,CS
8,3,51,NA,MCC
8,3,52,0.005,MCC
8,3,53,0.01,MCC
8,3,54,0.015,MCC
8,3,55,0.24,MCC
8,3,56,1,MCC
8,3,57,1,MCC
8,3,58,1,MCC
8,3,59,0.735,MCC
8,3,60,0.005,MCC
8,3,61,0.02,MCC
8,3,62,0.83,MCC
8,3,63,0.31,MCC
8,3,64,1,MCC
8,3,65,0.04,MCC
8,3,66,0.13,MCC
8,3,67,0.405,MCC
8,3,68,0.97,MCC
8,3,69,1,MCC
8,3,70,1,MCC
8,3,71,1,MCC
8,3,72,1,MCC
8,3,73,1,MCC
8,3,74,0.03,MCC
8,3,75,0.115,MCC
8,3,76,0.04,MCC
8,3,77,0.605,MCC
8,3,78,0.365,MCC
8,3,79,1,MCC
8,3,80,0.44,MCC
8,3,81,0.005,MCC
8,3,82,0.96,MCC
8,3,83,0.1,MCC
8,3,84,0.12,MCC
8,3,85,1,MCC
8,3,86,0.98,MCC
8,3,87,1,MCC
8,3,88,1,MCC
8,3,89,1,MCC
8,3,90,0.2,MCC
8,3,91,0.135,MCC
8,3,92,1,MCC
8,3,93,0.25,MCC
8,3,94,1,MCC
8,3,95,1,MCC
8,3,96,0.01,MCC
8,3,97,0.235,MCC
8,3,98,0.17,MCC
8,3,99,1,MCC
12,44,51,NA,MCC
12,44,52,0.01,MCC
12,44,53,0.005,MCC
12,44,54,0.005,MCC
12,44,55,0.005,MCC
12,44,56,0.005,MCC
12,44,57,0.005,MCC
12,44,58,0.06,MCC
12,44,59,1,MCC
12,44,60,0.005,MCC
12,44,61,0.105,MCC
12,44,62,1,MCC
12,44,63,0.905,MCC
12,44,64,1,MCC
12,44,65,0.05,MCC
12,44,66,0.285,MCC
12,44,67,0.985,MCC
12,44,68,0.005,MCC
12,44,69,0.005,MCC
12,44,70,0.14,MCC
12,44,71,1,MCC
12,44,72,0.925,MCC
12,44,73,1,MCC
12,44,74,0.025,MCC
12,44,75,0.505,MCC
12,44,76,1,MCC
12,44,77,0.005,MCC
12,44,78,0.005,MCC
12,44,79,0.015,MCC
12,44,80,1,MCC
12,44,81,0.27,MCC
12,44,82,1,MCC
12,44,83,0.01,MCC
12,44,84,0.005,MCC
12,44,85,0.01,MCC
12,44,86,0.62,MCC
12,44,87,0.02,MCC
12,44,88,0.81,MCC
12,44,89,1,MCC
12,44,90,0.935,MCC
12,44,91,1,MCC
12,44,92,0.115,MCC
12,44,93,0.015,MCC
12,44,94,0.445,MCC
12,44,95,1,MCC
12,44,96,1,MCC
12,44,97,0.355,MCC
12,44,98,0.34,MCC
12,44,99,1,MCC
9,16,51,1,CS
9,16,52,0.6,CS
9,16,53,1,CS
9,16,54,0.96,CS
9,16,55,0.66,CS
9,16,56,1,CS
9,16,57,0.65,CS
9,16,58,1,CS
9,16,59,0.96,CS
9,16,60,0.82,CS
9,16,61,1,CS
9,16,62,1,CS
9,16,63,0.875,CS
9,16,64,0.62,CS
9,16,65,0.9,CS
9,16,66,0.91,CS
9,16,67,1,CS
9,16,68,1,CS
9,16,69,1,CS
9,16,51,NA,MCC
9,16,52,0.005,MCC
9,16,53,0.015,MCC
9,16,54,0.015,MCC
9,16,55,0.02,MCC
9,16,56,0.62,MCC
9,16,57,0.9,MCC
9,16,58,0.035,MCC
9,16,59,0.6,MCC
9,16,60,1,MCC
9,16,61,0.66,MCC
9,16,62,0.96,MCC
9,16,63,1,MCC
9,16,64,0.91,MCC
9,16,65,0.005,MCC
9,16,66,0.005,MCC
9,16,67,0.005,MCC
9,16,68,0.005,MCC
9,16,69,0.01,MCC
9,16,70,0.13,MCC
9,16,71,0.08,MCC
9,16,72,0.12,MCC
9,16,73,0.08,MCC
9,16,74,0.14,MCC
9,16,75,0.025,MCC
9,16,76,0.15,MCC
9,16,77,0.65,MCC
9,16,78,1,MCC
9,16,79,1,MCC
9,16,80,0.36,MCC
9,16,81,0.03,MCC
9,16,82,0.025,MCC
9,16,83,0.225,MCC
9,16,84,0.96,MCC
9,16,85,0.82,MCC
9,16,86,1,MCC
9,16,87,0.875,MCC
9,16,88,1,MCC
9,16,89,1,MCC
9,16,90,0.005,MCC
9,16,91,0.005,MCC
9,16,92,0.005,MCC
9,16,93,0.005,MCC
9,16,94,0.045,MCC
9,16,95,0.09,MCC
9,16,96,0.12,MCC
9,16,97,0.385,MCC
9,16,98,0.035,MCC
9,16,99,1,MCC
7,34,51,1,CS
7,34,52,0.92,CS
7,34,53,1,CS
7,34,54,1,CS
7,34,55,1,CS
7,34,56,0.69,CS
7,34,57,0.745,CS
7,34,58,0.92,CS
7,34,59,0.77,CS
7,34,60,1,CS
7,34,61,1,CS
7,34,62,1,CS
7,34,63,0.935,CS
7,34,64,1,CS
7,34,65,1,CS
7,34,66,1,CS
7,34,67,0.795,CS
7,34,68,1,CS
7,34,69,0.85,CS
7,34,70,1,CS
7,34,71,1,CS
7,34,72,0.53,CS
7,34,73,1,CS
7,34,74,0.985,CS
7,34,75,1,CS
7,34,76,1,CS
7,34,77,0.995,CS
7,34,78,1,CS
7,34,79,1,CS
7,34,80,1,CS
7,34,81,1,CS
7,34,82,0.99,CS
7,34,83,0.995,CS
7,34,84,1,CS
7,34,51,NA,MCC
7,34,52,0.995,MCC
7,34,53,1,MCC
7,34,54,0.035,MCC
7,34,55,0.005,MCC
7,34,56,0.005,MCC
7,34,57,0.01,MCC
7,34,58,0.085,MCC
7,34,59,0.985,MCC
7,34,60,1,MCC
7,34,61,1,MCC
7,34,62,0.935,MCC
7,34,63,1,MCC
7,34,64,1,MCC
7,34,65,1,MCC
7,34,66,0.795,MCC
7,34,67,0.04,MCC
7,34,68,0.065,MCC
7,34,69,1,MCC
7,34,70,0.85,MCC
7,34,71,1,MCC
7,34,72,0.92,MCC
7,34,73,1,MCC
7,34,74,0.77,MCC
7,34,75,1,MCC
7,34,76,1,MCC
7,34,77,0.12,MCC
7,34,78,0.205,MCC
7,34,79,0.29,MCC
7,34,80,0.99,MCC
7,34,81,1,MCC
7,34,82,1,MCC
7,34,83,1,MCC
7,34,84,0.53,MCC
7,34,85,1,MCC
7,34,86,0.005,MCC
7,34,87,0.005,MCC
7,34,88,0.13,MCC
7,34,89,0.995,MCC
7,34,90,1,MCC
7,34,91,0.23,MCC
7,34,92,1,MCC
7,34,93,0.36,MCC
7,34,94,0.92,MCC
7,34,95,0.69,MCC
7,34,96,0.745,MCC
7,34,97,1,MCC
7,34,98,1,MCC
7,34,99,1,MCC
11,12,51,1,CS
3,48,51,1,CS
3,48,52,0.64,CS
3,48,53,0.635,CS
3,48,54,1,CS
3,48,55,1,CS
3,48,56,0.68,CS
3,48,57,0.965,CS
3,48,58,1,CS
3,48,59,1,CS
3,48,60,1,CS
3,48,61,1,CS
3,48,62,0.945,CS
3,48,63,1,CS
3,48,64,1,CS
3,48,65,0.935,CS
3,48,66,1,CS
3,48,67,1,CS
3,48,68,1,CS
3,48,69,1,CS
3,48,70,1,CS
3,48,71,0.985,CS
3,48,72,1,CS
3,48,73,0.975,CS
3,48,74,1,CS
3,48,75,1,CS
3,48,76,1,CS
3,48,77,1,CS
3,48,78,1,CS
3,48,79,0.965,CS
3,48,80,1,CS
3,48,81,1,CS
3,48,82,1,CS
3,48,83,0.85,CS
3,48,84,1,CS
3,48,85,1,CS
3,48,86,0.575,CS
3,48,87,1,CS
3,48,88,1,CS
3,48,89,1,CS
3,48,90,1,CS
3,48,91,1,CS
11,12,51,NA,MCC
11,12,52,0.005,MCC
11,12,53,0.005,MCC
11,12,54,0.015,MCC
11,12,55,0.02,MCC
11,12,56,0.005,MCC
11,12,57,0.005,MCC
11,12,58,0.005,MCC
11,12,59,0.005,MCC
11,12,60,0.005,MCC
11,12,61,0.005,MCC
11,12,62,0.025,MCC
11,12,63,0.02,MCC
11,12,64,0.005,MCC
11,12,65,0.005,MCC
11,12,66,0.01,MCC
11,12,67,0.02,MCC
11,12,68,0.005,MCC
11,12,69,0.035,MCC
11,12,70,0.005,MCC
11,12,71,0.02,MCC
11,12,72,0.005,MCC
11,12,73,0.005,MCC
11,12,74,0.005,MCC
11,12,75,0.03,MCC
11,12,76,0.03,MCC
11,12,77,0.005,MCC
11,12,78,0.005,MCC
11,12,79,0.03,MCC
11,12,80,0.005,MCC
11,12,81,0.005,MCC
11,12,82,0.005,MCC
11,12,83,0.005,MCC
11,12,84,0.005,MCC
11,12,85,0.015,MCC
11,12,86,0.05,MCC
11,12,87,0.02,MCC
11,12,88,0.005,MCC
11,12,89,0.02,MCC
11,12,90,0.005,MCC
11,12,91,0.005,MCC
11,12,92,0.005,MCC
11,12,93,0.015,MCC
11,12,94,0.015,MCC
11,12,95,0.01,MCC
11,12,96,0.005,MCC
11,12,97,0.005,MCC
11,12,98,0.02,MCC
11,12,99,0.015,MCC
3,48,51,NA,MCC
3,48,52,0.335,MCC
3,48,53,0.16,MCC
3,48,54,1,MCC
3,48,55,0.64,MCC
3,48,56,0.635,MCC
3,48,57,0.44,MCC
3,48,58,1,MCC
3,48,59,0.375,MCC
3,48,60,0.435,MCC
3,48,61,1,MCC
3,48,62,0.335,MCC
3,48,63,1,MCC
3,48,64,1,MCC
3,48,65,0.68,MCC
3,48,66,0.965,MCC
3,48,67,1,MCC
3,48,68,1,MCC
3,48,69,0.945,MCC
3,48,70,1,MCC
3,48,71,1,MCC
3,48,72,0.935,MCC
3,48,73,1,MCC
3,48,74,1,MCC
3,48,75,1,MCC
3,48,76,1,MCC
3,48,77,1,MCC
3,48,78,0.24,MCC
3,48,79,0.45,MCC
3,48,80,0.985,MCC
3,48,81,0.965,MCC
3,48,82,1,MCC
3,48,83,1,MCC
3,48,84,0.975,MCC
3,48,85,1,MCC
3,48,86,1,MCC
3,48,87,1,MCC
3,48,88,1,MCC
3,48,89,1,MCC
3,48,90,1,MCC
3,48,91,0.575,MCC
3,48,92,1,MCC
3,48,93,1,MCC
3,48,94,1,MCC
3,48,95,0.85,MCC
3,48,96,1,MCC
3,48,97,1,MCC
3,48,98,1,MCC
3,48,99,1,MCC
11,4,51,1,CS
11,4,52,0.98,CS
11,4,53,1,CS
11,4,54,1,CS
11,4,55,0.985,CS
11,4,56,1,CS
11,4,57,1,CS
11,4,58,0.99,CS
11,4,59,0.775,CS
11,4,60,1,CS
11,4,61,0.69,CS
11,4,62,1,CS
11,4,63,1,CS
11,4,64,1,CS
11,4,65,1,CS
11,4,66,1,CS
11,4,67,0.94,CS
11,4,68,1,CS
11,4,69,0.74,CS
11,4,70,0.985,CS
11,4,51,NA,MCC
11,4,52,0.005,MCC
11,4,53,0.005,MCC
11,4,54,0.005,MCC
11,4,55,0.005,MCC
11,4,56,0.025,MCC
11,4,57,1,MCC
11,4,58,0.69,MCC
11,4,59,1,MCC
11,4,60,0.305,MCC
11,4,61,0.03,MCC
11,4,62,0.005,MCC
11,4,63,0.32,MCC
11,4,64,0.005,MCC
11,4,65,0.01,MCC
11,4,66,0.085,MCC
11,4,67,0.94,MCC
11,4,68,1,MCC
11,4,69,0.005,MCC
11,4,70,0.435,MCC
11,4,71,0.985,MCC
11,4,72,1,MCC
11,4,73,1,MCC
11,4,74,0.98,MCC
11,4,75,1,MCC
11,4,76,1,MCC
11,4,77,0.07,MCC
11,4,78,0.74,MCC
11,4,79,0.005,MCC
11,4,80,0.005,MCC
11,4,81,0.005,MCC
11,4,82,0.24,MCC
11,4,83,1,MCC
11,4,84,0.49,MCC
11,4,85,0.35,MCC
11,4,86,0.49,MCC
11,4,87,0.99,MCC
11,4,88,0.775,MCC
11,4,89,1,MCC
11,4,90,0.005,MCC
11,4,91,0.01,MCC
11,4,92,0.07,MCC
11,4,93,1,MCC
11,4,94,0.035,MCC
11,4,95,0.12,MCC
11,4,96,0.985,MCC
11,4,97,0.005,MCC
11,4,98,0.13,MCC
11,4,99,1,MCC
3,7,51,1,CS
3,7,52,1,CS
3,7,53,0.765,CS
3,7,54,0.995,CS
3,7,55,0.56,CS
3,7,56,1,CS
3,7,57,1,CS
3,7,58,1,CS
3,7,59,1,CS
3,7,60,1,CS
3,7,61,1,CS
3,7,62,0.9,CS
3,7,63,1,CS
3,7,64,0.815,CS
3,7,65,1,CS
3,7,66,1,CS
3,7,67,1,CS
3,7,68,1,CS
3,7,69,1,CS
3,7,70,1,CS
3,7,71,1,CS
3,7,72,1,CS
3,7,73,1,CS
3,7,74,1,CS
3,7,75,1,CS
3,7,76,1,CS
3,7,77,0.995,CS
3,7,78,1,CS
3,7,79,1,CS
3,7,80,0.995,CS
3,7,81,1,CS
3,7,82,1,CS
3,7,83,0.72,CS
3,7,84,0.715,CS
3,7,85,1,CS
3,7,86,0.77,CS
3,7,87,0.74,CS
3,7,88,0.97,CS
3,7,89,1,CS
3,7,90,1,CS
3,7,91,1,CS
3,7,92,1,CS
3,7,93,1,CS
3,7,94,1,CS
3,7,51,NA,MCC
3,7,52,NA,MCC
3,7,53,1,MCC
3,7,54,0.765,MCC
3,7,55,1,MCC
3,7,56,0.455,MCC
3,7,57,1,MCC
3,7,58,0.46,MCC
3,7,59,1,MCC
3,7,60,1,MCC
3,7,61,1,MCC
3,7,62,1,MCC
3,7,63,1,MCC
3,7,64,1,MCC
3,7,65,0.995,MCC
3,7,66,1,MCC
3,7,67,0.995,MCC
3,7,68,0.56,MCC
3,7,69,0.815,MCC
3,7,70,1,MCC
3,7,71,1,MCC
3,7,72,1,MCC
3,7,73,1,MCC
3,7,74,1,MCC
3,7,75,1,MCC
3,7,76,0.9,MCC
3,7,77,1,MCC
3,7,78,1,MCC
3,7,79,0.4,MCC
3,7,80,1,MCC
3,7,81,1,MCC
3,7,82,1,MCC
3,7,83,0.455,MCC
3,7,84,1,MCC
3,7,85,0.995,MCC
3,7,86,0.72,MCC
3,7,87,1,MCC
3,7,88,1,MCC
3,7,89,0.715,MCC
3,7,90,1,MCC
3,7,91,1,MCC
3,7,92,0.77,MCC
3,7,93,0.74,MCC
3,7,94,0.97,MCC
3,7,95,1,MCC
3,7,96,1,MCC
3,7,97,1,MCC
3,7,98,1,MCC
3,7,99,1,MCC
8,34,51,1,CS
8,34,52,0.925,CS
8,34,53,1,CS
8,34,54,1,CS
8,34,55,1,CS
8,34,56,0.655,CS
8,34,57,1,CS
8,34,58,0.975,CS
8,34,59,0.93,CS
8,34,60,0.65,CS
8,34,61,1,CS
8,34,62,1,CS
8,34,63,1,CS
8,34,64,0.995,CS
8,34,65,1,CS
8,34,66,1,CS
8,34,67,1,CS
8,34,68,1,CS
8,34,69,1,CS
8,34,70,1,CS
8,34,71,0.965,CS
8,34,72,0.84,CS
8,34,73,1,CS
8,34,74,1,CS
8,34,75,1,CS
8,34,76,1,CS
8,34,77,1,CS
8,34,78,0.995,CS
8,34,79,0.97,CS
8,34,80,1,CS
8,34,51,NA,MCC
8,34,52,0.02,MCC
8,34,53,0.015,MCC
8,34,54,0.005,MCC
8,34,55,0.005,MCC
8,34,56,0.01,MCC
8,34,57,0.06,MCC
8,34,58,0.975,MCC
8,34,59,0.93,MCC
8,34,60,0.65,MCC
8,34,61,0.44,MCC
8,34,62,0.485,MCC
8,34,63,1,MCC
8,34,64,1,MCC
8,34,65,1,MCC
8,34,66,0.965,MCC
8,34,67,0.84,MCC
8,34,68,0.105,MCC
8,34,69,1,MCC
8,34,70,0.005,MCC
8,34,71,0.095,MCC
8,34,72,0.315,MCC
8,34,73,1,MCC
8,34,74,1,MCC
8,34,75,1,MCC
8,34,76,1,MCC
8,34,77,0.05,MCC
8,34,78,0.325,MCC
8,34,79,0.33,MCC
8,34,80,0.97,MCC
8,34,81,1,MCC
8,34,82,0.995,MCC
8,34,83,1,MCC
8,34,84,1,MCC
8,34,85,0.005,MCC
8,34,86,0.01,MCC
8,34,87,0.035,MCC
8,34,88,1,MCC
8,34,89,0.655,MCC
8,34,90,1,MCC
8,34,91,0.995,MCC
8,34,92,1,MCC
8,34,93,1,MCC
8,34,94,0.09,MCC
8,34,95,0.925,MCC
8,34,96,1,MCC
8,34,97,1,MCC
8,34,98,1,MCC
8,34,99,1,MCC
4,48,51,1,CS
4,48,52,0.725,CS
4,48,53,0.81,CS
4,48,54,1,CS
4,48,55,1,CS
4,48,56,0.915,CS
4,48,57,1,CS
4,48,58,1,CS
4,48,59,1,CS
4,48,60,1,CS
4,48,61,1,CS
4,48,62,0.805,CS
4,48,63,0.865,CS
4,48,64,1,CS
4,48,65,0.775,CS
4,48,66,1,CS
4,48,67,0.98,CS
4,48,68,1,CS
4,48,69,1,CS
4,48,70,1,CS
4,48,71,1,CS
4,48,72,0.525,CS
4,48,73,1,CS
4,48,74,0.675,CS
4,48,75,1,CS
4,48,76,1,CS
4,48,77,1,CS
4,48,78,0.59,CS
4,48,79,1,CS
4,48,80,1,CS
4,48,81,1,CS
4,48,82,0.825,CS
4,48,83,0.705,CS
4,48,84,0.97,CS
4,48,85,1,CS
4,48,86,0.98,CS
4,48,87,1,CS
4,48,88,1,CS
4,48,89,1,CS
4,48,90,1,CS
4,48,91,1,CS
4,48,92,1,CS
4,48,93,1,CS
4,48,51,NA,MCC
4,48,52,0.205,MCC
4,48,53,1,MCC
4,48,54,1,MCC
4,48,55,0.33,MCC
4,48,56,0.725,MCC
4,48,57,0.41,MCC
4,48,58,0.44,MCC
4,48,59,0.775,MCC
4,48,60,1,MCC
4,48,61,0.98,MCC
4,48,62,1,MCC
4,48,63,1,MCC
4,48,64,1,MCC
4,48,65,1,MCC
4,48,66,0.81,MCC
4,48,67,1,MCC
4,48,68,0.805,MCC
4,48,69,0.435,MCC
4,48,70,0.865,MCC
4,48,71,1,MCC
4,48,72,1,MCC
4,48,73,0.495,MCC
4,48,74,0.915,MCC
4,48,75,1,MCC
4,48,76,1,MCC
4,48,77,1,MCC
4,48,78,1,MCC
4,48,79,1,MCC
4,48,80,0.525,MCC
4,48,81,1,MCC
4,48,82,0.59,MCC
4,48,83,1,MCC
4,48,84,1,MCC
4,48,85,0.675,MCC
4,48,86,1,MCC
4,48,87,1,MCC
4,48,88,1,MCC
4,48,89,1,MCC
4,48,90,0.825,MCC
4,48,91,0.705,MCC
4,48,92,1,MCC
4,48,93,0.97,MCC
4,48,94,1,MCC
4,48,95,1,MCC
4,48,96,1,MCC
4,48,97,1,MCC
4,48,98,0.98,MCC
4,48,99,1,MCC
8,20,51,1,CS
8,20,52,0.515,CS
8,20,53,1,CS
8,20,54,0.585,CS
8,20,55,1,CS
8,20,56,1,CS
8,20,57,0.58,CS
8,20,58,1,CS
8,20,59,1,CS
8,20,60,0.57,CS
8,20,61,0.955,CS
8,20,62,0.96,CS
8,20,63,0.585,CS
8,20,64,1,CS
8,20,65,0.675,CS
8,20,66,0.84,CS
8,20,67,1,CS
8,20,68,0.735,CS
8,20,69,0.995,CS
8,20,70,0.965,CS
8,20,71,0.685,CS
8,20,72,0.705,CS
8,20,73,1,CS
8,20,74,1,CS
8,20,75,1,CS
8,20,76,1,CS
8,20,77,1,CS
8,20,78,1,CS
8,20,79,0.595,CS
8,20,51,NA,MCC
8,20,52,0.02,MCC
8,20,53,0.17,MCC
8,20,54,0.165,MCC
8,20,55,0.015,MCC
8,20,56,0.375,MCC
8,20,57,0.735,MCC
8,20,58,0.995,MCC
8,20,59,0.965,MCC
8,20,60,0.595,MCC
8,20,61,0.005,MCC
8,20,62,0.015,MCC
8,20,63,0.005,MCC
8,20,64,0.02,MCC
8,20,65,0.105,MCC
8,20,66,0.065,MCC
8,20,67,1,MCC
8,20,68,1,MCC
8,20,69,0.21,MCC
8,20,70,1,MCC
8,20,71,1,MCC
8,20,72,0.58,MCC
8,20,73,1,MCC
8,20,74,0.05,MCC
8,20,75,0.12,MCC
8,20,76,0.675,MCC
8,20,77,0.485,MCC
8,20,78,0.84,MCC
8,20,79,1,MCC
8,20,80,0.26,MCC
8,20,81,0.035,MCC
8,20,82,1,MCC
8,20,83,0.57,MCC
8,20,84,0.34,MCC
8,20,85,0.955,MCC
8,20,86,0.96,MCC
8,20,87,0.585,MCC
8,20,88,1,MCC
8,20,89,0.395,MCC
8,20,90,0.03,MCC
8,20,91,0.395,MCC
8,20,92,0.685,MCC
8,20,93,1,MCC
8,20,94,0.705,MCC
8,20,95,0.125,MCC
8,20,96,1,MCC
8,20,97,1,MCC
8,20,98,1,MCC
8,20,99,1,MCC
1,17,51,1,CS
1,17,52,0.84,CS
1,17,53,1,CS
1,17,54,0.635,CS
1,17,55,1,CS
1,17,56,0.99,CS
1,17,57,1,CS
1,17,58,1,CS
1,17,59,1,CS
1,17,60,1,CS
1,17,61,1,CS
1,17,62,1,CS
1,17,63,1,CS
1,17,64,0.64,CS
1,17,65,0.675,CS
1,17,66,0.97,CS
1,17,67,1,CS
1,17,68,1,CS
1,17,69,0.99,CS
1,17,70,0.88,CS
1,17,71,1,CS
1,17,72,1,CS
1,17,73,0.985,CS
1,17,74,1,CS
1,17,75,0.63,CS
1,17,76,1,CS
1,17,77,0.77,CS
1,17,78,1,CS
1,17,79,0.985,CS
1,17,80,1,CS
1,17,81,0.99,CS
1,17,82,1,CS
1,17,83,1,CS
1,17,84,0.59,CS
1,17,85,1,CS
1,17,86,1,CS
1,17,87,1,CS
1,17,88,1,CS
1,17,89,1,CS
1,17,90,1,CS
1,17,91,1,CS
1,17,92,0.82,CS
1,17,93,1,CS
1,17,51,NA,MCC
1,17,52,1,MCC
1,17,53,0.63,MCC
1,17,54,1,MCC
1,17,55,0.42,MCC
1,17,56,0.42,MCC
1,17,57,0.59,MCC
1,17,58,1,MCC
1,17,59,1,MCC
1,17,60,1,MCC
1,17,61,0.77,MCC
1,17,62,1,MCC
1,17,63,0.985,MCC
1,17,64,1,MCC
1,17,65,0.99,MCC
1,17,66,1,MCC
1,17,67,1,MCC
1,17,68,1,MCC
1,17,69,1,MCC
1,17,70,0.485,MCC
1,17,71,1,MCC
1,17,72,1,MCC
1,17,73,0.82,MCC
1,17,74,1,MCC
1,17,75,0.84,MCC
1,17,76,0.985,MCC
1,17,77,1,MCC
1,17,78,0.635,MCC
1,17,79,1,MCC
1,17,80,0.25,MCC
1,17,81,0.32,MCC
1,17,82,1,MCC
1,17,83,1,MCC
1,17,84,1,MCC
1,17,85,0.99,MCC
1,17,86,1,MCC
1,17,87,1,MCC
1,17,88,1,MCC
1,17,89,1,MCC
1,17,90,0.64,MCC
1,17,91,0.675,MCC
1,17,92,0.88,MCC
1,17,93,0.97,MCC
1,17,94,1,MCC
1,17,95,1,MCC
1,17,96,0.99,MCC
1,17,97,0.325,MCC
1,17,98,1,MCC
1,17,99,1,MCC
12,12,51,1,CS
12,12,52,0.875,CS
12,12,53,1,CS
12,12,54,0.985,CS
12,12,55,0.61,CS
12,12,56,1,CS
12,12,57,1,CS
12,12,58,0.86,CS
12,12,59,1,CS
12,12,60,1,CS
12,12,51,NA,MCC
12,12,52,0.005,MCC
12,12,53,0.005,MCC
12,12,54,0.005,MCC
12,12,55,0.025,MCC
12,12,56,1,MCC
12,12,57,0.005,MCC
12,12,58,0.005,MCC
12,12,59,0.005,MCC
12,12,60,0.025,MCC
12,12,61,1,MCC
12,12,62,0.005,MCC
12,12,63,0.035,MCC
12,12,64,0.985,MCC
12,12,65,0.61,MCC
12,12,66,0.035,MCC
12,12,67,0.11,MCC
12,12,68,0.86,MCC
12,12,69,0.005,MCC
12,12,70,0.005,MCC
12,12,71,0.005,MCC
12,12,72,0.23,MCC
12,12,73,0.005,MCC
12,12,74,0.005,MCC
12,12,75,0.875,MCC
12,12,76,1,MCC
12,12,77,0.015,MCC
12,12,78,0.035,MCC
12,12,79,0.005,MCC
12,12,80,0.01,MCC
12,12,81,0.025,MCC
12,12,82,0.065,MCC
12,12,83,0.005,MCC
12,12,84,0.015,MCC
12,12,85,0.44,MCC
12,12,86,0.12,MCC
12,12,87,0.43,MCC
12,12,88,0.005,MCC
12,12,89,0.005,MCC
12,12,90,0.005,MCC
12,12,91,0.03,MCC
12,12,92,0.01,MCC
12,12,93,0.015,MCC
12,12,94,0.02,MCC
12,12,95,1,MCC
12,12,96,0.005,MCC
12,12,97,0.07,MCC
12,12,98,1,MCC
12,12,99,0.02,MCC
4,7,51,1,CS
4,7,52,0.96,CS
4,7,53,0.58,CS
4,7,54,0.78,CS
4,7,55,0.62,CS
4,7,56,0.98,CS
4,7,57,0.9,CS
4,7,58,1,CS
4,7,59,1,CS
4,7,60,1,CS
4,7,61,0.62,CS
4,7,62,1,CS
4,7,63,0.875,CS
4,7,64,1,CS
4,7,65,1,CS
4,7,66,1,CS
4,7,67,1,CS
4,7,68,0.995,CS
4,7,69,0.875,CS
4,7,70,1,CS
4,7,71,1,CS
4,7,72,0.96,CS
4,7,73,1,CS
4,7,74,0.995,CS
4,7,75,1,CS
4,7,76,1,CS
4,7,77,0.795,CS
4,7,78,0.815,CS
4,7,79,1,CS
4,7,80,1,CS
4,7,81,0.68,CS
4,7,82,0.865,CS
4,7,83,1,CS
4,7,84,1,CS
4,7,85,0.51,CS
4,7,86,0.78,CS
4,7,87,1,CS
4,7,88,0.91,CS
4,7,89,1,CS
4,7,90,1,CS
4,7,91,1,CS
4,7,92,1,CS
4,7,93,1,CS
4,7,94,1,CS
4,7,95,1,CS
4,7,51,NA,MCC
4,7,52,0.22,MCC
4,7,53,0.96,MCC
4,7,54,1,MCC
4,7,55,0.795,MCC
4,7,56,0.96,MCC
4,7,57,1,MCC
4,7,58,0.995,MCC
4,7,59,1,MCC
4,7,60,1,MCC
4,7,61,0.2,MCC
4,7,62,0.375,MCC
4,7,63,0.865,MCC
4,7,64,1,MCC
4,7,65,1,MCC
4,7,66,0.815,MCC
4,7,67,0.68,MCC
4,7,68,1,MCC
4,7,69,1,MCC
4,7,70,0.58,MCC
4,7,71,0.78,MCC
4,7,72,0.62,MCC
4,7,73,0.355,MCC
4,7,74,0.875,MCC
4,7,75,1,MCC
4,7,76,0.98,MCC
4,7,77,0.9,MCC
4,7,78,0.62,MCC
4,7,79,1,MCC
4,7,80,1,MCC
4,7,81,1,MCC
4,7,82,1,MCC
4,7,83,0.875,MCC
4,7,84,1,MCC
4,7,85,0.995,MCC
4,7,86,1,MCC
4,7,87,1,MCC
4,7,88,1,MCC
4,7,89,1,MCC
4,7,90,0.78,MCC
4,7,91,1,MCC
4,7,92,0.91,MCC
4,7,93,1,MCC
4,7,94,0.425,MCC
4,7,95,1,MCC
4,7,96,1,MCC
4,7,97,1,MCC
4,7,98,1,MCC
4,7,99,1,MCC
5,48,51,1,CS
5,48,52,1,CS
5,48,53,1,CS
5,48,54,0.88,CS
5,48,55,0.82,CS
5,48,56,1,CS
5,48,57,1,CS
5,48,58,1,CS
5,48,59,1,CS
5,48,60,0.99,CS
5,48,61,1,CS
5,48,62,0.785,CS
5,48,63,0.885,CS
5,48,64,0.985,CS
5,48,65,0.935,CS
5,48,66,1,CS
5,48,67,1,CS
5,48,68,1,CS
5,48,69,0.795,CS
5,48,70,1,CS
5,48,71,1,CS
5,48,72,1,CS
5,48,73,0.97,CS
5,48,74,0.9,CS
5,48,75,1,CS
5,48,76,1,CS
5,48,77,0.63,CS
5,48,78,0.975,CS
5,48,79,1,CS
5,48,80,0.84,CS
5,48,81,1,CS
5,48,82,0.86,CS
5,48,83,1,CS
5,48,84,1,CS
5,48,85,1,CS
5,48,86,1,CS
5,48,87,1,CS
5,48,88,1,CS
5,48,89,1,CS
1,26,51,1,CS
1,26,52,0.97,CS
1,26,53,0.865,CS
1,26,54,1,CS
1,26,55,1,CS
1,26,56,1,CS
1,26,57,1,CS
1,26,58,1,CS
1,26,59,1,CS
1,26,60,1,CS
1,26,61,1,CS
1,26,62,1,CS
1,26,63,1,CS
1,26,64,0.965,CS
1,26,65,0.925,CS
1,26,66,1,CS
1,26,67,1,CS
1,26,68,1,CS
1,26,69,1,CS
1,26,70,0.775,CS
1,26,71,0.92,CS
1,26,72,1,CS
1,26,73,1,CS
1,26,74,1,CS
1,26,75,0.665,CS
1,26,76,1,CS
1,26,77,1,CS
1,26,78,1,CS
1,26,79,0.91,CS
1,26,80,1,CS
1,26,81,1,CS
1,26,82,1,CS
1,26,83,1,CS
1,26,84,1,CS
1,26,85,1,CS
1,26,86,0.975,CS
1,26,87,1,CS
1,26,88,1,CS
1,26,89,1,CS
1,26,90,0.775,CS
1,26,91,1,CS
1,26,92,1,CS
1,26,93,1,CS
1,26,94,1,CS
5,48,51,NA,MCC
5,48,52,0.235,MCC
5,48,53,0.145,MCC
5,48,54,0.885,MCC
5,48,55,0.36,MCC
5,48,56,1,MCC
5,48,57,0.375,MCC
5,48,58,0.985,MCC
5,48,59,0.935,MCC
5,48,60,1,MCC
5,48,61,1,MCC
5,48,62,1,MCC
5,48,63,0.795,MCC
5,48,64,1,MCC
5,48,65,1,MCC
5,48,66,0.34,MCC
5,48,67,0.425,MCC
5,48,68,0.3,MCC
5,48,69,0.84,MCC
5,48,70,1,MCC
5,48,71,0.86,MCC
5,48,72,1,MCC
5,48,73,1,MCC
5,48,74,1,MCC
5,48,75,1,MCC
5,48,76,1,MCC
5,48,77,0.33,MCC
5,48,78,0.785,MCC
5,48,79,0.99,MCC
5,48,80,1,MCC
5,48,81,1,MCC
5,48,82,0.47,MCC
5,48,83,0.88,MCC
5,48,84,0.82,MCC
5,48,85,1,MCC
5,48,86,1,MCC
5,48,87,1,MCC
5,48,88,1,MCC
5,48,89,0.125,MCC
5,48,90,1,MCC
5,48,91,1,MCC
5,48,92,1,MCC
5,48,93,0.97,MCC
5,48,94,0.9,MCC
5,48,95,1,MCC
5,48,96,1,MCC
5,48,97,0.63,MCC
5,48,98,0.975,MCC
5,48,99,1,MCC
1,26,51,NA,MCC
1,26,52,0.375,MCC
1,26,53,0.47,MCC
1,26,54,0.22,MCC
1,26,55,0.285,MCC
1,26,56,1,MCC
1,26,57,0.975,MCC
1,26,58,1,MCC
1,26,59,1,MCC
1,26,60,1,MCC
1,26,61,0.97,MCC
1,26,62,0.865,MCC
1,26,63,1,MCC
1,26,64,1,MCC
1,26,65,1,MCC
1,26,66,1,MCC
1,26,67,1,MCC
1,26,68,1,MCC
1,26,69,1,MCC
1,26,70,1,MCC
1,26,71,1,MCC
1,26,72,1,MCC
1,26,73,0.965,MCC
1,26,74,0.925,MCC
1,26,75,1,MCC
1,26,76,0.91,MCC
1,26,77,1,MCC
1,26,78,1,MCC
1,26,79,1,MCC
1,26,80,1,MCC
1,26,81,1,MCC
1,26,82,1,MCC
1,26,83,1,MCC
1,26,84,0.775,MCC
1,26,85,1,MCC
1,26,86,1,MCC
1,26,87,1,MCC
1,26,88,1,MCC
1,26,89,0.45,MCC
1,26,90,1,MCC
1,26,91,0.775,MCC
1,26,92,1,MCC
1,26,93,0.92,MCC
1,26,94,1,MCC
1,26,95,1,MCC
1,26,96,0.665,MCC
1,26,97,1,MCC
1,26,98,1,MCC
1,26,99,1,MCC
13,44,51,1,CS
13,44,52,0.94,CS
13,44,53,0.985,CS
13,44,54,0.72,CS
13,44,55,1,CS
13,44,56,1,CS
13,44,57,1,CS
13,44,58,0.68,CS
13,44,59,0.995,CS
13,44,60,1,CS
13,44,61,1,CS
13,44,62,1,CS
13,44,63,0.995,CS
13,44,64,1,CS
13,44,65,0.925,CS
13,44,66,1,CS
13,44,67,1,CS
13,44,68,1,CS
13,44,69,1,CS
13,44,70,0.7,CS
13,44,51,NA,MCC
13,44,52,0.005,MCC
13,44,53,0.005,MCC
13,44,54,0.04,MCC
13,44,55,1,MCC
13,44,56,0.005,MCC
13,44,57,0.005,MCC
13,44,58,0.025,MCC
13,44,59,0.995,MCC
13,44,60,0.005,MCC
13,44,61,0.035,MCC
13,44,62,0.065,MCC
13,44,63,0.005,MCC
13,44,64,0.005,MCC
13,44,65,0.005,MCC
13,44,66,0.005,MCC
13,44,67,0.14,MCC
13,44,68,0.7,MCC
13,44,69,0.94,MCC
13,44,70,0.985,MCC
13,44,71,0.72,MCC
13,44,72,1,MCC
13,44,73,1,MCC
13,44,74,0.055,MCC
13,44,75,1,MCC
13,44,76,0.29,MCC
13,44,77,1,MCC
13,44,78,0.01,MCC
13,44,79,0.01,MCC
13,44,80,0.365,MCC
13,44,81,1,MCC
13,44,82,0.005,MCC
13,44,83,0.045,MCC
13,44,84,1,MCC
13,44,85,0.005,MCC
13,44,86,0.005,MCC
13,44,87,0.015,MCC
13,44,88,0.68,MCC
13,44,89,0.995,MCC
13,44,90,1,MCC
13,44,91,0.125,MCC
13,44,92,1,MCC
13,44,93,0.005,MCC
13,44,94,0.105,MCC
13,44,95,0.16,MCC
13,44,96,1,MCC
13,44,97,0.925,MCC
13,44,98,0.05,MCC
13,44,99,1,MCC
10,17,51,1,CS
10,17,52,0.93,CS
10,17,53,0.995,CS
10,17,54,1,CS
10,17,55,0.695,CS
10,17,56,0.95,CS
10,17,57,1,CS
10,17,58,0.95,CS
10,17,59,0.605,CS
10,17,60,1,CS
10,17,61,1,CS
10,17,62,1,CS
9,20,51,1,CS
9,20,52,0.855,CS
9,20,53,0.995,CS
9,20,54,1,CS
9,20,55,1,CS
9,20,56,1,CS
9,20,57,1,CS
9,20,58,0.75,CS
9,20,59,0.785,CS
9,20,60,0.51,CS
9,20,61,1,CS
9,20,62,0.645,CS
9,20,63,1,CS
9,20,64,1,CS
9,20,65,0.995,CS
9,20,66,0.61,CS
9,20,67,0.875,CS
9,20,68,1,CS
9,20,69,0.96,CS
9,20,70,0.835,CS
9,20,71,1,CS
9,20,72,0.78,CS
9,20,73,1,CS
9,20,74,0.835,CS
10,17,51,NA,MCC
10,17,52,0.01,MCC
10,17,53,0.005,MCC
10,17,54,0.005,MCC
10,17,55,0.005,MCC
10,17,56,0.005,MCC
10,17,57,0.005,MCC
10,17,58,0.01,MCC
10,17,59,0.025,MCC
10,17,60,1,MCC
10,17,61,0.01,MCC
10,17,62,0.305,MCC
10,17,63,1,MCC
10,17,64,1,MCC
10,17,65,0.695,MCC
10,17,66,0.005,MCC
10,17,67,0.005,MCC
10,17,68,0.345,MCC
10,17,69,0.27,MCC
10,17,70,0.235,MCC
10,17,71,0.005,MCC
10,17,72,0.06,MCC
10,17,73,0.14,MCC
10,17,74,0.93,MCC
10,17,75,0.995,MCC
10,17,76,0.345,MCC
10,17,77,0.005,MCC
10,17,78,0.01,MCC
10,17,79,0.95,MCC
10,17,80,0.95,MCC
10,17,81,0.005,MCC
10,17,82,0.005,MCC
10,17,83,0.005,MCC
10,17,84,0.005,MCC
10,17,85,0.04,MCC
10,17,86,0.005,MCC
10,17,87,0.035,MCC
10,17,88,1,MCC
10,17,89,0.005,MCC
10,17,90,0.03,MCC
10,17,91,0.47,MCC
10,17,92,0.015,MCC
10,17,93,0.05,MCC
10,17,94,1,MCC
10,17,95,0.05,MCC
10,17,96,0.035,MCC
10,17,97,0.055,MCC
10,17,98,0.01,MCC
10,17,99,0.605,MCC
9,20,51,NA,MCC
9,20,52,0.005,MCC
9,20,53,0.095,MCC
9,20,54,0.61,MCC
9,20,55,0.875,MCC
9,20,56,1,MCC
9,20,57,0.005,MCC
9,20,58,0.015,MCC
9,20,59,0.04,MCC
9,20,60,0.12,MCC
9,20,61,0.005,MCC
9,20,62,0.005,MCC
9,20,63,0.005,MCC
9,20,64,0.005,MCC
9,20,65,0.025,MCC
9,20,66,0.835,MCC
9,20,67,1,MCC
9,20,68,1,MCC
9,20,69,0.995,MCC
9,20,70,0.155,MCC
9,20,71,0.01,MCC
9,20,72,0.285,MCC
9,20,73,1,MCC
9,20,74,0.855,MCC
9,20,75,0.995,MCC
9,20,76,0.405,MCC
9,20,77,0.445,MCC
9,20,78,1,MCC
9,20,79,1,MCC
9,20,80,1,MCC
9,20,81,1,MCC
9,20,82,0.065,MCC
9,20,83,0.75,MCC
9,20,84,0.785,MCC
9,20,85,0.51,MCC
9,20,86,0.46,MCC
9,20,87,1,MCC
9,20,88,0.645,MCC
9,20,89,0.035,MCC
9,20,90,0.05,MCC
9,20,91,0.035,MCC
9,20,92,0.215,MCC
9,20,93,1,MCC
9,20,94,0.96,MCC
9,20,95,0.835,MCC
9,20,96,0.78,MCC
9,20,97,0.12,MCC
9,20,98,0.285,MCC
9,20,99,0.4,MCC
9,3,51,1,CS
9,3,52,1,CS
9,3,53,1,CS
9,3,54,1,CS
9,3,55,1,CS
9,3,56,1,CS
9,3,57,1,CS
9,3,58,0.945,CS
9,3,59,1,CS
9,3,60,1,CS
9,3,61,0.97,CS
9,3,62,1,CS
9,3,63,1,CS
9,3,64,0.995,CS
9,3,65,1,CS
9,3,66,1,CS
9,3,67,1,CS
9,3,68,1,CS
9,3,69,1,CS
9,3,70,1,CS
9,3,71,0.985,CS
9,3,72,1,CS
9,3,73,0.625,CS
12,4,51,1,CS
12,4,52,0.925,CS
12,4,53,0.975,CS
12,4,54,0.755,CS
12,4,55,1,CS
12,4,56,0.915,CS
12,4,57,1,CS
12,4,58,1,CS
12,4,59,0.945,CS
12,4,60,1,CS
12,4,61,1,CS
12,4,62,1,CS
12,4,63,1,CS
12,4,64,1,CS
12,4,65,1,CS
12,4,66,1,CS
12,4,67,1,CS
12,4,68,1,CS
12,4,69,0.755,CS
9,3,51,NA,MCC
9,3,52,0.005,MCC
9,3,53,0.005,MCC
9,3,54,0.13,MCC
9,3,55,0.005,MCC
9,3,56,0.005,MCC
9,3,57,0.005,MCC
9,3,58,0.04,MCC
9,3,59,1,MCC
9,3,60,0.33,MCC
9,3,61,0.38,MCC
9,3,62,0.43,MCC
9,3,63,0.475,MCC
9,3,64,1,MCC
9,3,65,1,MCC
9,3,66,0.945,MCC
9,3,67,1,MCC
9,3,68,0.16,MCC
9,3,69,1,MCC
9,3,70,0.23,MCC
9,3,71,1,MCC
9,3,72,1,MCC
9,3,73,0.005,MCC
9,3,74,0.005,MCC
9,3,75,0.005,MCC
9,3,76,0.015,MCC
9,3,77,0.22,MCC
9,3,78,1,MCC
9,3,79,0.97,MCC
9,3,80,1,MCC
9,3,81,0.625,MCC
9,3,82,0.005,MCC
9,3,83,0.2,MCC
9,3,84,0.015,MCC
9,3,85,0.215,MCC
9,3,86,1,MCC
9,3,87,1,MCC
9,3,88,1,MCC
9,3,89,1,MCC
9,3,90,1,MCC
9,3,91,1,MCC
9,3,92,0.995,MCC
9,3,93,0.03,MCC
9,3,94,0.085,MCC
9,3,95,0.175,MCC
9,3,96,1,MCC
9,3,97,1,MCC
9,3,98,0.04,MCC
9,3,99,0.985,MCC
12,4,51,NA,MCC
12,4,52,0.005,MCC
12,4,53,0.005,MCC
12,4,54,0.005,MCC
12,4,55,0.005,MCC
12,4,56,0.005,MCC
12,4,57,0.005,MCC
12,4,58,0.03,MCC
12,4,59,1,MCC
12,4,60,1,MCC
12,4,61,0.02,MCC
12,4,62,0.03,MCC
12,4,63,1,MCC
12,4,64,0.005,MCC
12,4,65,0.005,MCC
12,4,66,0.04,MCC
12,4,67,1,MCC
12,4,68,0.025,MCC
12,4,69,1,MCC
12,4,70,0.365,MCC
12,4,71,0.37,MCC
12,4,72,0.925,MCC
12,4,73,0.975,MCC
12,4,74,0.755,MCC
12,4,75,1,MCC
12,4,76,0.945,MCC
12,4,77,1,MCC
12,4,78,1,MCC
12,4,79,0.005,MCC
12,4,80,0.005,MCC
12,4,81,0.005,MCC
12,4,82,0.02,MCC
12,4,83,0.19,MCC
12,4,84,1,MCC
12,4,85,0.1,MCC
12,4,86,0.02,MCC
12,4,87,0.005,MCC
12,4,88,0.01,MCC
12,4,89,0.915,MCC
12,4,90,1,MCC
12,4,91,1,MCC
12,4,92,0.01,MCC
12,4,93,0.21,MCC
12,4,94,0.005,MCC
12,4,95,0.01,MCC
12,4,96,0.05,MCC
12,4,97,0.755,MCC
12,4,98,1,MCC
12,4,99,0.06,MCC
9,34,51,1,CS
9,34,52,0.72,CS
9,34,53,0.98,CS
9,34,54,1,CS
9,34,55,1,CS
9,34,56,0.985,CS
9,34,57,0.95,CS
9,34,58,0.505,CS
9,34,59,0.81,CS
9,34,60,1,CS
9,34,61,1,CS
9,34,62,1,CS
9,34,63,1,CS
9,34,64,0.95,CS
9,34,65,1,CS
9,34,66,0.68,CS
9,34,67,1,CS
9,34,68,1,CS
9,34,69,1,CS
9,34,70,1,CS
9,34,71,0.99,CS
9,34,72,1,CS
9,34,73,1,CS
9,34,74,0.93,CS
9,34,75,0.905,CS
9,34,76,1,CS
9,34,77,1,CS
9,34,78,1,CS
9,34,51,NA,MCC
9,34,52,0.005,MCC
9,34,53,0.005,MCC
9,34,54,0.005,MCC
9,34,55,0.01,MCC
9,34,56,0.68,MCC
9,34,57,1,MCC
9,34,58,1,MCC
9,34,59,0.005,MCC
9,34,60,0.035,MCC
9,34,61,1,MCC
9,34,62,1,MCC
9,34,63,1,MCC
9,34,64,1,MCC
9,34,65,1,MCC
9,34,66,0.03,MCC
9,34,67,0.99,MCC
9,34,68,0.495,MCC
9,34,69,0.095,MCC
9,34,70,1,MCC
9,34,71,0.095,MCC
9,34,72,0.015,MCC
9,34,73,0.125,MCC
9,34,74,1,MCC
9,34,75,0.95,MCC
9,34,76,1,MCC
9,34,77,0.05,MCC
9,34,78,0.905,MCC
9,34,79,0.005,MCC
9,34,80,0.015,MCC
9,34,81,0.485,MCC
9,34,82,0.275,MCC
9,34,83,1,MCC
9,34,84,0.31,MCC
9,34,85,0.95,MCC
9,34,86,0.2,MCC
9,34,87,0.81,MCC
9,34,88,0.065,MCC
9,34,89,0.09,MCC
9,34,90,0.93,MCC
9,34,91,1,MCC
9,34,92,1,MCC
9,34,93,0.72,MCC
9,34,94,0.98,MCC
9,34,95,1,MCC
9,34,96,1,MCC
9,34,97,0.985,MCC
9,34,98,0.03,MCC
9,34,99,1,MCC
6,48,51,1,CS
6,48,52,1,CS
6,48,53,1,CS
6,48,54,0.77,CS
6,48,55,0.87,CS
6,48,56,1,CS
6,48,57,1,CS
6,48,58,0.825,CS
6,48,59,1,CS
6,48,60,1,CS
6,48,61,0.575,CS
6,48,62,1,CS
6,48,63,0.91,CS
6,48,64,0.99,CS
6,48,65,1,CS
6,48,66,1,CS
6,48,67,0.965,CS
6,48,68,0.915,CS
6,48,69,0.84,CS
6,48,70,1,CS
6,48,71,1,CS
6,48,72,0.83,CS
6,48,73,0.89,CS
6,48,74,1,CS
6,48,75,1,CS
6,48,76,1,CS
6,48,77,1,CS
6,48,78,1,CS
6,48,79,0.525,CS
6,48,80,1,CS
6,48,81,1,CS
6,48,82,0.825,CS
6,48,83,0.83,CS
6,48,84,0.995,CS
6,48,85,0.995,CS
6,48,86,0.985,CS
6,48,87,1,CS
6,48,88,1,CS
6,48,89,1,CS
6,48,51,NA,MCC
6,48,52,0.41,MCC
6,48,53,0.075,MCC
6,48,54,0.255,MCC
6,48,55,1,MCC
6,48,56,1,MCC
6,48,57,0.91,MCC
6,48,58,0.99,MCC
6,48,59,0.915,MCC
6,48,60,0.84,MCC
6,48,61,1,MCC
6,48,62,1,MCC
6,48,63,0.465,MCC
6,48,64,0.965,MCC
6,48,65,1,MCC
6,48,66,1,MCC
6,48,67,0.165,MCC
6,48,68,0.415,MCC
6,48,69,0.12,MCC
6,48,70,0.83,MCC
6,48,71,0.39,MCC
6,48,72,1,MCC
6,48,73,0.19,MCC
6,48,74,0.89,MCC
6,48,75,1,MCC
6,48,76,1,MCC
6,48,77,1,MCC
6,48,78,1,MCC
6,48,79,1,MCC
6,48,80,1,MCC
6,48,81,1,MCC
6,48,82,0.77,MCC
6,48,83,0.87,MCC
6,48,84,1,MCC
6,48,85,1,MCC
6,48,86,0.825,MCC
6,48,87,1,MCC
6,48,88,1,MCC
6,48,89,0.575,MCC
6,48,90,0.285,MCC
6,48,91,1,MCC
6,48,92,0.385,MCC
6,48,93,1,MCC
6,48,94,0.825,MCC
6,48,95,0.83,MCC
6,48,96,0.995,MCC
6,48,97,0.995,MCC
6,48,98,0.985,MCC
6,48,99,1,MCC
5,7,51,1,CS
5,7,52,0.985,CS
5,7,53,0.575,CS
5,7,54,0.765,CS
5,7,55,0.975,CS
5,7,56,1,CS
5,7,57,0.975,CS
5,7,58,1,CS
5,7,59,1,CS
5,7,60,0.97,CS
5,7,61,1,CS
5,7,62,1,CS
5,7,63,1,CS
5,7,64,1,CS
5,7,65,1,CS
5,7,66,0.95,CS
5,7,67,1,CS
5,7,68,0.765,CS
5,7,69,1,CS
5,7,70,0.935,CS
5,7,71,1,CS
5,7,72,0.695,CS
5,7,73,0.975,CS
5,7,74,1,CS
5,7,75,1,CS
5,7,76,1,CS
5,7,77,1,CS
5,7,78,0.565,CS
5,7,79,0.645,CS
5,7,80,0.51,CS
5,7,81,1,CS
5,7,82,0.89,CS
5,7,83,0.97,CS
5,7,84,0.885,CS
5,7,85,1,CS
5,7,86,1,CS
5,7,87,0.99,CS
5,7,88,1,CS
5,7,89,1,CS
5,7,90,1,CS
5,7,51,NA,MCC
5,7,52,0.985,MCC
5,7,53,0.215,MCC
5,7,54,0.165,MCC
5,7,55,1,MCC
5,7,56,0.18,MCC
5,7,57,0.25,MCC
5,7,58,1,MCC
5,7,59,0.565,MCC
5,7,60,1,MCC
5,7,61,0.765,MCC
5,7,62,1,MCC
5,7,63,1,MCC
5,7,64,1,MCC
5,7,65,0.95,MCC
5,7,66,1,MCC
5,7,67,0.355,MCC
5,7,68,0.26,MCC
5,7,69,0.695,MCC
5,7,70,0.975,MCC
5,7,71,1,MCC
5,7,72,0.935,MCC
5,7,73,1,MCC
5,7,74,0.315,MCC
5,7,75,0.44,MCC
5,7,76,0.765,MCC
5,7,77,0.975,MCC
5,7,78,0.445,MCC
5,7,79,1,MCC
5,7,80,1,MCC
5,7,81,0.975,MCC
5,7,82,1,MCC
5,7,83,0.97,MCC
5,7,84,1,MCC
5,7,85,0.26,MCC
5,7,86,1,MCC
5,7,87,1,MCC
5,7,88,0.645,MCC
5,7,89,0.32,MCC
5,7,90,1,MCC
5,7,91,1,MCC
5,7,92,0.89,MCC
5,7,93,1,MCC
5,7,94,0.97,MCC
5,7,95,0.99,MCC
5,7,96,1,MCC
5,7,97,0.885,MCC
5,7,98,1,MCC
5,7,99,1,MCC
13,12,51,1,CS
13,12,52,0.945,CS
13,12,53,0.92,CS
13,12,54,1,CS
13,12,55,1,CS
13,12,56,1,CS
13,12,57,0.99,CS
13,12,58,0.72,CS
13,12,51,NA,MCC
13,12,52,NA,MCC
13,12,53,0.005,MCC
13,12,54,0.005,MCC
13,12,55,0.005,MCC
13,12,56,0.005,MCC
13,12,57,0.04,MCC
13,12,58,0.005,MCC
13,12,59,0.005,MCC
13,12,60,0.025,MCC
13,12,61,0.43,MCC
13,12,62,0.49,MCC
13,12,63,0.085,MCC
13,12,64,0.05,MCC
13,12,65,0.005,MCC
13,12,66,0.03,MCC
13,12,67,0.03,MCC
13,12,68,1,MCC
13,12,69,0.005,MCC
13,12,70,0.03,MCC
13,12,71,1,MCC
13,12,72,0.005,MCC
13,12,73,0.005,MCC
13,12,74,0.005,MCC
13,12,75,0.045,MCC
13,12,76,0.005,MCC
13,12,77,0.005,MCC
13,12,78,0.02,MCC
13,12,79,0.005,MCC
13,12,80,0.01,MCC
13,12,81,0.005,MCC
13,12,82,0.99,MCC
13,12,83,0.07,MCC
13,12,84,0.005,MCC
13,12,85,0.005,MCC
13,12,86,0.01,MCC
13,12,87,0.01,MCC
13,12,88,0.005,MCC
13,12,89,0.945,MCC
13,12,90,0.92,MCC
13,12,91,0.06,MCC
13,12,92,1,MCC
13,12,93,0.005,MCC
13,12,94,0.72,MCC
13,12,95,0.005,MCC
13,12,96,0.005,MCC
13,12,97,0.005,MCC
13,12,98,0.08,MCC
13,12,99,0.205,MCC
1,21,51,1,CS
1,21,52,0.605,CS
1,21,53,1,CS
1,21,54,0.765,CS
1,21,55,1,CS
1,21,56,0.975,CS
1,21,57,0.515,CS
1,21,58,1,CS
1,21,59,1,CS
1,21,60,1,CS
1,21,61,1,CS
1,21,62,1,CS
1,21,63,1,CS
1,21,64,1,CS
1,21,65,1,CS
1,21,66,1,CS
1,21,67,1,CS
1,21,68,1,CS
1,21,69,1,CS
1,21,70,0.845,CS
1,21,71,1,CS
1,21,72,1,CS
1,21,73,1,CS
1,21,74,1,CS
1,21,75,1,CS
1,21,76,1,CS
1,21,77,1,CS
1,21,78,1,CS
1,21,79,1,CS
1,21,80,1,CS
1,21,81,0.58,CS
1,21,82,1,CS
1,21,83,1,CS
1,21,84,1,CS
1,21,85,1,CS
1,21,86,1,CS
1,21,87,1,CS
1,21,88,1,CS
1,21,89,0.965,CS
1,21,90,1,CS
1,21,91,1,CS
1,21,92,1,CS
1,21,93,1,CS
1,21,94,1,CS
1,21,95,1,CS
1,21,96,0.54,CS
1,21,97,1,CS
1,21,98,1,CS
1,21,51,NA,MCC
1,21,52,0.605,MCC
1,21,53,1,MCC
1,21,54,1,MCC
1,21,55,0.965,MCC
1,21,56,1,MCC
1,21,57,1,MCC
1,21,58,1,MCC
1,21,59,1,MCC
1,21,60,1,MCC
1,21,61,1,MCC
1,21,62,0.54,MCC
1,21,63,0.35,MCC
1,21,64,1,MCC
1,21,65,0.765,MCC
1,21,66,1,MCC
1,21,67,1,MCC
1,21,68,1,MCC
1,21,69,1,MCC
1,21,70,1,MCC
1,21,71,1,MCC
1,21,72,0.975,MCC
1,21,73,0.515,MCC
1,21,74,1,MCC
1,21,75,1,MCC
1,21,76,1,MCC
1,21,77,1,MCC
1,21,78,1,MCC
1,21,79,1,MCC
1,21,80,1,MCC
1,21,81,0.845,MCC
1,21,82,1,MCC
1,21,83,1,MCC
1,21,84,1,MCC
1,21,85,1,MCC
1,21,86,1,MCC
1,21,87,1,MCC
1,21,88,1,MCC
1,21,89,1,MCC
1,21,90,1,MCC
1,21,91,0.58,MCC
1,21,92,1,MCC
1,21,93,1,MCC
1,21,94,1,MCC
1,21,95,1,MCC
1,21,96,1,MCC
1,21,97,1,MCC
1,21,98,1,MCC
1,21,99,1,MCC
10,26,51,1,CS
10,26,52,1,CS
10,26,53,1,CS
10,26,54,1,CS
10,26,55,1,CS
10,26,56,1,CS
10,26,57,0.97,CS
10,26,58,1,CS
10,26,59,1,CS
10,26,60,0.64,CS
11,17,51,1,CS
11,17,51,NA,MCC
11,17,52,0.005,MCC
11,17,53,0.005,MCC
11,17,54,0.005,MCC
11,17,55,0.005,MCC
11,17,56,0.005,MCC
11,17,57,0.02,MCC
11,17,58,0.04,MCC
11,17,59,0.03,MCC
11,17,60,0.005,MCC
11,17,61,0.035,MCC
11,17,62,0.005,MCC
11,17,63,0.025,MCC
11,17,64,0.005,MCC
11,17,65,0.015,MCC
11,17,66,0.015,MCC
11,17,67,0.005,MCC
11,17,68,0.005,MCC
11,17,69,0.005,MCC
11,17,70,0.005,MCC
11,17,71,0.025,MCC
11,17,72,0.02,MCC
11,17,73,0.005,MCC
11,17,74,0.005,MCC
11,17,75,0.005,MCC
11,17,76,0.005,MCC
11,17,77,0.005,MCC
11,17,78,0.015,MCC
11,17,79,0.005,MCC
11,17,80,0.025,MCC
11,17,81,0.005,MCC
11,17,82,0.03,MCC
11,17,83,0.005,MCC
11,17,84,0.015,MCC
11,17,85,0.005,MCC
11,17,86,0.005,MCC
11,17,87,0.005,MCC
11,17,88,0.025,MCC
11,17,89,0.005,MCC
11,17,90,0.02,MCC
11,17,91,0.02,MCC
11,17,92,0.015,MCC
11,17,93,0.005,MCC
11,17,94,0.005,MCC
11,17,95,0.005,MCC
11,17,96,0.005,MCC
11,17,97,0.03,MCC
11,17,98,0.02,MCC
11,17,99,0.03,MCC
13,4,51,1,CS
13,4,52,0.575,CS
13,4,53,0.945,CS
13,4,54,0.96,CS
13,4,55,1,CS
13,4,56,0.925,CS
13,4,57,1,CS
13,4,58,0.985,CS
13,4,59,0.805,CS
13,4,60,0.665,CS
13,4,61,1,CS
13,4,62,0.99,CS
13,4,63,1,CS
13,4,64,1,CS
13,4,65,1,CS
13,4,66,0.845,CS
13,4,67,1,CS
13,4,68,0.695,CS
13,4,69,1,CS
13,4,70,1,CS
10,26,51,NA,MCC
10,26,52,0.005,MCC
10,26,53,0.005,MCC
10,26,54,0.005,MCC
10,26,55,0.01,MCC
10,26,56,0.02,MCC
10,26,57,0.44,MCC
10,26,58,0.005,MCC
10,26,59,0.005,MCC
10,26,60,0.03,MCC
10,26,61,0.01,MCC
10,26,62,0.04,MCC
10,26,63,0.005,MCC
10,26,64,0.005,MCC
10,26,65,0.005,MCC
10,26,66,0.035,MCC
10,26,67,0.165,MCC
10,26,68,0.43,MCC
10,26,69,1,MCC
10,26,70,0.005,MCC
10,26,71,0.01,MCC
10,26,72,1,MCC
10,26,73,1,MCC
10,26,74,1,MCC
10,26,75,0.08,MCC
10,26,76,0.3,MCC
10,26,77,0.97,MCC
10,26,78,0.005,MCC
10,26,79,0.005,MCC
10,26,80,0.015,MCC
10,26,81,0.155,MCC
10,26,82,0.07,MCC
10,26,83,1,MCC
10,26,84,0.005,MCC
10,26,85,0.005,MCC
10,26,86,0.005,MCC
10,26,87,0.005,MCC
10,26,88,0.22,MCC
10,26,89,0.075,MCC
10,26,90,0.005,MCC
10,26,91,1,MCC
10,26,92,0.005,MCC
10,26,93,0.64,MCC
10,26,94,0.085,MCC
10,26,95,0.285,MCC
10,26,96,0.005,MCC
10,26,97,0.02,MCC
10,26,98,1,MCC
10,26,99,0.045,MCC
13,4,51,NA,MCC
13,4,52,0.005,MCC
13,4,53,0.005,MCC
13,4,54,0.005,MCC
13,4,55,0.005,MCC
13,4,56,0.02,MCC
13,4,57,1,MCC
13,4,58,0.845,MCC
13,4,59,0.015,MCC
13,4,60,0.07,MCC
13,4,61,1,MCC
13,4,62,0.805,MCC
13,4,63,0.225,MCC
13,4,64,0.005,MCC
13,4,65,0.115,MCC
13,4,66,0.575,MCC
13,4,67,0.17,MCC
13,4,68,0.945,MCC
13,4,69,0.96,MCC
13,4,70,1,MCC
13,4,71,0.015,MCC
13,4,72,0.925,MCC
13,4,73,1,MCC
13,4,74,0.985,MCC
13,4,75,0.005,MCC
13,4,76,0.005,MCC
13,4,77,0.005,MCC
13,4,78,0.005,MCC
13,4,79,0.005,MCC
13,4,80,0.21,MCC
13,4,81,0.225,MCC
13,4,82,0.495,MCC
13,4,83,1,MCC
13,4,84,0.03,MCC
13,4,85,1,MCC
13,4,86,0.005,MCC
13,4,87,0.175,MCC
13,4,88,0.005,MCC
13,4,89,1,MCC
13,4,90,0.99,MCC
13,4,91,0.165,MCC
13,4,92,0.695,MCC
13,4,93,1,MCC
13,4,94,0.005,MCC
13,4,95,0.005,MCC
13,4,96,0.03,MCC
13,4,97,0.01,MCC
13,4,98,0.04,MCC
13,4,99,1,MCC
7,48,51,1,CS
7,48,52,0.985,CS
7,48,53,1,CS
7,48,54,0.515,CS
7,48,55,1,CS
7,48,56,1,CS
7,48,57,1,CS
7,48,58,1,CS
7,48,59,0.56,CS
7,48,60,0.95,CS
7,48,61,1,CS
7,48,62,0.99,CS
7,48,63,0.955,CS
7,48,64,0.77,CS
7,48,65,1,CS
7,48,66,0.73,CS
7,48,67,0.63,CS
7,48,68,0.835,CS
7,48,69,1,CS
7,48,70,1,CS
7,48,71,0.95,CS
7,48,72,1,CS
7,48,73,1,CS
7,48,74,0.975,CS
7,48,75,0.655,CS
7,48,76,1,CS
7,48,77,0.94,CS
7,48,78,1,CS
7,48,79,0.995,CS
7,48,80,1,CS
7,48,81,1,CS
7,48,82,1,CS
7,48,83,1,CS
7,48,84,0.99,CS
7,48,85,1,CS
7,48,51,NA,MCC
7,48,52,0.18,MCC
7,48,53,0.035,MCC
7,48,54,0.13,MCC
7,48,55,0.99,MCC
7,48,56,1,MCC
7,48,57,0.1,MCC
7,48,58,0.985,MCC
7,48,59,0.21,MCC
7,48,60,1,MCC
7,48,61,0.515,MCC
7,48,62,0.21,MCC
7,48,63,0.23,MCC
7,48,64,1,MCC
7,48,65,1,MCC
7,48,66,1,MCC
7,48,67,1,MCC
7,48,68,0.485,MCC
7,48,69,0.95,MCC
7,48,70,1,MCC
7,48,71,0.11,MCC
7,48,72,0.23,MCC
7,48,73,0.245,MCC
7,48,74,0.45,MCC
7,48,75,0.07,MCC
7,48,76,0.94,MCC
7,48,77,1,MCC
7,48,78,1,MCC
7,48,79,0.995,MCC
7,48,80,1,MCC
7,48,81,0.065,MCC
7,48,82,0.99,MCC
7,48,83,0.175,MCC
7,48,84,0.955,MCC
7,48,85,0.77,MCC
7,48,86,1,MCC
7,48,87,0.73,MCC
7,48,88,0.835,MCC
7,48,89,1,MCC
7,48,90,0.2,MCC
7,48,91,1,MCC
7,48,92,1,MCC
7,48,93,1,MCC
7,48,94,0.975,MCC
7,48,95,0.655,MCC
7,48,96,1,MCC
7,48,97,0.95,MCC
7,48,98,1,MCC
7,48,99,1,MCC
1,30,51,1,CS
1,30,52,0.925,CS
1,30,53,0.745,CS
1,30,54,1,CS
1,30,55,0.995,CS
1,30,56,0.55,CS
1,30,57,1,CS
1,30,58,1,CS
1,30,59,0.565,CS
1,30,60,1,CS
1,30,61,1,CS
1,30,62,1,CS
1,30,63,1,CS
1,30,64,1,CS
1,30,65,0.66,CS
1,30,66,1,CS
1,30,67,1,CS
1,30,68,1,CS
1,30,69,1,CS
1,30,70,1,CS
1,30,71,1,CS
1,30,72,1,CS
1,30,73,1,CS
1,30,74,0.91,CS
1,30,75,0.575,CS
1,30,76,1,CS
1,30,77,0.68,CS
1,30,78,1,CS
1,30,79,0.885,CS
1,30,80,1,CS
1,30,81,0.985,CS
1,30,82,1,CS
1,30,83,1,CS
1,30,84,1,CS
1,30,85,1,CS
1,30,86,1,CS
1,30,87,0.865,CS
1,30,88,1,CS
1,30,89,1,CS
1,30,90,1,CS
1,30,91,1,CS
1,30,92,0.89,CS
1,30,93,0.555,CS
1,30,94,1,CS
1,30,95,0.575,CS
1,30,51,NA,MCC
1,30,52,0.925,MCC
1,30,53,0.745,MCC
1,30,54,0.91,MCC
1,30,55,0.445,MCC
1,30,56,1,MCC
1,30,57,1,MCC
1,30,58,0.575,MCC
1,30,59,0.865,MCC
1,30,60,1,MCC
1,30,61,0.445,MCC
1,30,62,1,MCC
1,30,63,1,MCC
1,30,64,0.68,MCC
1,30,65,1,MCC
1,30,66,0.885,MCC
1,30,67,1,MCC
1,30,68,0.985,MCC
1,30,69,1,MCC
1,30,70,1,MCC
1,30,71,1,MCC
1,30,72,1,MCC
1,30,73,1,MCC
1,30,74,1,MCC
1,30,75,0.405,MCC
1,30,76,1,MCC
1,30,77,1,MCC
1,30,78,0.995,MCC
1,30,79,0.55,MCC
1,30,80,1,MCC
1,30,81,0.66,MCC
1,30,82,1,MCC
1,30,83,1,MCC
1,30,84,1,MCC
1,30,85,1,MCC
1,30,86,1,MCC
1,30,87,1,MCC
1,30,88,1,MCC
1,30,89,1,MCC
1,30,90,0.46,MCC
1,30,91,0.565,MCC
1,30,92,1,MCC
1,30,93,1,MCC
1,30,94,1,MCC
1,30,95,1,MCC
1,30,96,0.89,MCC
1,30,97,0.575,MCC
1,30,98,0.555,MCC
1,30,99,1,MCC
12,17,51,1,CS
12,17,52,0.69,CS
12,17,53,0.54,CS
12,17,54,0.6,CS
12,17,55,0.975,CS
12,17,56,1,CS
12,17,57,1,CS
12,17,58,1,CS
12,17,59,1,CS
12,17,51,NA,MCC
12,17,52,0.005,MCC
12,17,53,0.005,MCC
12,17,54,0.005,MCC
12,17,55,0.005,MCC
12,17,56,0.6,MCC
12,17,57,0.975,MCC
12,17,58,0.02,MCC
12,17,59,1,MCC
12,17,60,0.005,MCC
12,17,61,0.005,MCC
12,17,62,0.005,MCC
12,17,63,0.005,MCC
12,17,64,0.005,MCC
12,17,65,0.005,MCC
12,17,66,0.69,MCC
12,17,67,0.54,MCC
12,17,68,0.12,MCC
12,17,69,0.02,MCC
12,17,70,0.005,MCC
12,17,71,0.15,MCC
12,17,72,0.005,MCC
12,17,73,0.005,MCC
12,17,74,0.005,MCC
12,17,75,0.01,MCC
12,17,76,0.075,MCC
12,17,77,0.02,MCC
12,17,78,0.025,MCC
12,17,79,1,MCC
12,17,80,0.005,MCC
12,17,81,0.005,MCC
12,17,82,0.21,MCC
12,17,83,0.005,MCC
12,17,84,0.125,MCC
12,17,85,1,MCC
12,17,86,0.005,MCC
12,17,87,0.03,MCC
12,17,88,0.12,MCC
12,17,89,0.345,MCC
12,17,90,1,MCC
12,17,91,0.005,MCC
12,17,92,0.005,MCC
12,17,93,0.005,MCC
12,17,94,0.005,MCC
12,17,95,0.025,MCC
12,17,96,0.025,MCC
12,17,97,0.005,MCC
12,17,98,0.005,MCC
12,17,99,0.025,MCC
10,21,51,1,CS
10,21,52,0.99,CS
10,21,53,1,CS
10,21,54,1,CS
10,21,55,1,CS
10,21,56,0.73,CS
10,21,57,1,CS
10,21,58,0.59,CS
10,21,59,1,CS
10,21,60,1,CS
10,21,61,1,CS
10,21,62,1,CS
10,21,63,0.76,CS
10,21,64,1,CS
10,21,65,1,CS
10,21,66,1,CS
10,21,67,1,CS
10,21,68,1,CS
10,21,69,0.97,CS
10,21,70,1,CS
10,21,71,1,CS
10,21,72,1,CS
10,21,73,1,CS
10,21,51,NA,MCC
10,21,52,0.005,MCC
10,21,53,0.08,MCC
10,21,54,1,MCC
10,21,55,0.005,MCC
10,21,56,0.065,MCC
10,21,57,0.235,MCC
10,21,58,0.38,MCC
10,21,59,0.005,MCC
10,21,60,0.05,MCC
10,21,61,0.075,MCC
10,21,62,0.085,MCC
10,21,63,0.73,MCC
10,21,64,1,MCC
10,21,65,1,MCC
10,21,66,0.59,MCC
10,21,67,0.18,MCC
10,21,68,0.005,MCC
10,21,69,0.005,MCC
10,21,70,0.005,MCC
10,21,71,0.005,MCC
10,21,72,0.38,MCC
10,21,73,0.475,MCC
10,21,74,0.99,MCC
10,21,75,1,MCC
10,21,76,1,MCC
10,21,77,1,MCC
10,21,78,1,MCC
10,21,79,1,MCC
10,21,80,1,MCC
10,21,81,1,MCC
10,21,82,0.02,MCC
10,21,83,1,MCC
10,21,84,0.055,MCC
10,21,85,0.155,MCC
10,21,86,0.97,MCC
10,21,87,1,MCC
10,21,88,0.4,MCC
10,21,89,0.35,MCC
10,21,90,0.36,MCC
10,21,91,0.005,MCC
10,21,92,0.025,MCC
10,21,93,1,MCC
10,21,94,1,MCC
10,21,95,0.76,MCC
10,21,96,1,MCC
10,21,97,0.2,MCC
10,21,98,1,MCC
10,21,99,1,MCC
14,12,51,1,CS
14,12,51,NA,MCC
14,12,52,0.005,MCC
14,12,53,0.005,MCC
14,12,54,0.005,MCC
14,12,55,0.005,MCC
14,12,56,0.005,MCC
14,12,57,0.01,MCC
14,12,58,0.005,MCC
14,12,59,0.015,MCC
14,12,60,0.005,MCC
14,12,61,0.015,MCC
14,12,62,0.005,MCC
14,12,63,0.015,MCC
14,12,64,0.005,MCC
14,12,65,0.005,MCC
14,12,66,0.015,MCC
14,12,67,0.005,MCC
14,12,68,0.005,MCC
14,12,69,0.02,MCC
14,12,70,0.01,MCC
14,12,71,0.03,MCC
14,12,72,0.005,MCC
14,12,73,0.005,MCC
14,12,74,0.005,MCC
14,12,75,0.005,MCC
14,12,76,0.005,MCC
14,12,77,0.055,MCC
14,12,78,0.01,MCC
14,12,79,0.025,MCC
14,12,80,0.025,MCC
14,12,81,0.005,MCC
14,12,82,0.02,MCC
14,12,83,0.005,MCC
14,12,84,0.005,MCC
14,12,85,0.04,MCC
14,12,86,0.03,MCC
14,12,87,0.02,MCC
14,12,88,0.005,MCC
14,12,89,0.005,MCC
14,12,90,0.005,MCC
14,12,91,0.005,MCC
14,12,92,0.005,MCC
14,12,93,0.015,MCC
14,12,94,0.025,MCC
14,12,95,0.005,MCC
14,12,96,0.02,MCC
14,12,97,0.005,MCC
14,12,98,0.01,MCC
14,12,99,0.025,MCC
14,44,51,1,CS
14,44,52,1,CS
14,44,53,0.985,CS
14,44,54,1,CS
14,44,55,0.995,CS
14,44,56,1,CS
14,44,57,1,CS
14,44,58,0.69,CS
14,44,59,1,CS
14,44,60,0.935,CS
14,44,61,0.9,CS
14,44,62,1,CS
14,44,63,1,CS
14,44,64,1,CS
14,44,65,1,CS
14,44,66,1,CS
14,44,67,1,CS
14,4,51,1,CS
14,4,52,0.79,CS
14,4,53,1,CS
14,4,54,0.815,CS
14,4,55,0.58,CS
14,4,56,1,CS
14,4,57,1,CS
14,4,58,0.705,CS
14,4,59,0.955,CS
14,4,60,0.96,CS
14,4,61,1,CS
14,4,62,1,CS
14,4,63,1,CS
14,4,64,1,CS
14,4,65,0.965,CS
14,4,66,1,CS
14,4,67,1,CS
14,4,68,0.755,CS
1,35,51,1,CS
1,35,52,0.55,CS
1,35,53,0.98,CS
1,35,54,1,CS
1,35,55,0.76,CS
1,35,56,0.995,CS
1,35,57,1,CS
1,35,58,1,CS
1,35,59,1,CS
1,35,60,1,CS
1,35,61,1,CS
1,35,62,1,CS
1,35,63,0.855,CS
1,35,64,1,CS
1,35,65,1,CS
1,35,66,1,CS
1,35,67,0.965,CS
1,35,68,1,CS
1,35,69,1,CS
1,35,70,1,CS
1,35,71,1,CS
1,35,72,1,CS
1,35,73,1,CS
1,35,74,1,CS
1,35,75,0.855,CS
1,35,76,1,CS
1,35,77,1,CS
1,35,78,1,CS
1,35,79,1,CS
1,35,80,1,CS
1,35,81,1,CS
1,35,82,1,CS
1,35,83,1,CS
1,35,84,1,CS
1,35,85,0.995,CS
1,35,86,1,CS
1,35,87,1,CS
1,35,88,0.83,CS
1,35,89,1,CS
1,35,90,1,CS
1,35,91,1,CS
1,35,92,1,CS
8,48,51,1,CS
8,48,52,0.745,CS
8,48,53,1,CS
8,48,54,0.605,CS
8,48,55,1,CS
8,48,56,1,CS
8,48,57,0.99,CS
8,48,58,1,CS
8,48,59,0.595,CS
8,48,60,1,CS
8,48,61,0.635,CS
8,48,62,0.945,CS
8,48,63,1,CS
8,48,64,0.995,CS
8,48,65,0.82,CS
8,48,66,0.665,CS
8,48,67,1,CS
8,48,68,0.685,CS
8,48,69,0.96,CS
8,48,70,1,CS
8,48,71,1,CS
8,48,72,1,CS
8,48,73,1,CS
8,48,74,0.855,CS
8,48,75,0.585,CS
8,48,76,0.88,CS
8,48,77,0.99,CS
8,48,78,1,CS
8,48,79,1,CS
8,48,80,1,CS
8,48,81,1,CS
8,48,82,0.57,CS
14,4,51,NA,MCC
14,4,52,0.005,MCC
14,4,53,0.035,MCC
14,4,54,0.58,MCC
14,4,55,1,MCC
14,4,56,1,MCC
14,4,57,0.005,MCC
14,4,58,0.005,MCC
14,4,59,0.005,MCC
14,4,60,0.025,MCC
14,4,61,0.705,MCC
14,4,62,0.955,MCC
14,4,63,0.96,MCC
14,4,64,0.005,MCC
14,4,65,0.025,MCC
14,4,66,0.755,MCC
14,4,67,1,MCC
14,4,68,0.005,MCC
14,4,69,0.005,MCC
14,4,70,0.005,MCC
14,4,71,0.005,MCC
14,4,72,0.06,MCC
14,4,73,0.005,MCC
14,4,74,0.025,MCC
14,4,75,0.79,MCC
14,4,76,1,MCC
14,4,77,0.815,MCC
14,4,78,0.065,MCC
14,4,79,1,MCC
14,4,80,0.04,MCC
14,4,81,0.005,MCC
14,4,82,0.005,MCC
14,4,83,0.005,MCC
14,4,84,0.005,MCC
14,4,85,0.025,MCC
14,4,86,0.015,MCC
14,4,87,0.41,MCC
14,4,88,0.035,MCC
14,4,89,1,MCC
14,4,90,0.005,MCC
14,4,91,0.005,MCC
14,4,92,0.005,MCC
14,4,93,0.085,MCC
14,4,94,1,MCC
14,4,95,1,MCC
14,4,96,1,MCC
14,4,97,0.125,MCC
14,4,98,0.965,MCC
14,4,99,0.025,MCC
1,35,51,NA,MCC
1,35,52,0.26,MCC
1,35,53,0.395,MCC
1,35,54,1,MCC
1,35,55,0.855,MCC
1,35,56,1,MCC
1,35,57,1,MCC
1,35,58,1,MCC
1,35,59,1,MCC
1,35,60,1,MCC
1,35,61,1,MCC
1,35,62,1,MCC
1,35,63,1,MCC
1,35,64,1,MCC
1,35,65,1,MCC
1,35,66,1,MCC
1,35,67,1,MCC
1,35,68,1,MCC
1,35,69,0.995,MCC
1,35,70,0.365,MCC
1,35,71,1,MCC
1,35,72,1,MCC
1,35,73,0.355,MCC
1,35,74,0.83,MCC
1,35,75,0.55,MCC
1,35,76,0.98,MCC
1,35,77,0.855,MCC
1,35,78,1,MCC
1,35,79,1,MCC
1,35,80,1,MCC
1,35,81,1,MCC
1,35,82,0.965,MCC
1,35,83,1,MCC
1,35,84,1,MCC
1,35,85,0.76,MCC
1,35,86,0.995,MCC
1,35,87,1,MCC
1,35,88,1,MCC
1,35,89,1,MCC
1,35,90,1,MCC
1,35,91,1,MCC
1,35,92,0.16,MCC
1,35,93,0.295,MCC
1,35,94,0.44,MCC
1,35,95,1,MCC
1,35,96,1,MCC
1,35,97,1,MCC
1,35,98,1,MCC
1,35,99,1,MCC
8,48,51,NA,MCC
8,48,52,NA,MCC
8,48,53,0.1,MCC
8,48,54,0.09,MCC
8,48,55,0.855,MCC
8,48,56,0.22,MCC
8,48,57,0.88,MCC
8,48,58,0.185,MCC
8,48,59,0.14,MCC
8,48,60,0.82,MCC
8,48,61,0.665,MCC
8,48,62,1,MCC
8,48,63,0.245,MCC
8,48,64,0.945,MCC
8,48,65,0.995,MCC
8,48,66,1,MCC
8,48,67,0.23,MCC
8,48,68,0.225,MCC
8,48,69,1,MCC
8,48,70,0.99,MCC
8,48,71,1,MCC
8,48,72,0.005,MCC
8,48,73,0.065,MCC
8,48,74,0.065,MCC
8,48,75,0.685,MCC
8,48,76,0.39,MCC
8,48,77,0.96,MCC
8,48,78,1,MCC
8,48,79,1,MCC
8,48,80,1,MCC
8,48,81,1,MCC
8,48,82,0.295,MCC
8,48,83,0.745,MCC
8,48,84,0.595,MCC
8,48,85,0.215,MCC
8,48,86,1,MCC
8,48,87,0.33,MCC
8,48,88,1,MCC
8,48,89,0.605,MCC
8,48,90,0.435,MCC
8,48,91,1,MCC
8,48,92,1,MCC
8,48,93,0.315,MCC
8,48,94,0.99,MCC
8,48,95,1,MCC
8,48,96,0.26,MCC
8,48,97,1,MCC
8,48,98,1,MCC
8,48,99,0.57,MCC
14,44,51,NA,MCC
14,44,52,0.005,MCC
14,44,53,0.005,MCC
14,44,54,0.935,MCC
14,44,55,0.9,MCC
14,44,56,0.01,MCC
14,44,57,0.17,MCC
14,44,58,0.005,MCC
14,44,59,0.005,MCC
14,44,60,0.005,MCC
14,44,61,0.06,MCC
14,44,62,0.005,MCC
14,44,63,0.08,MCC
14,44,64,1,MCC
14,44,65,0.02,MCC
14,44,66,0.69,MCC
14,44,67,1,MCC
14,44,68,0.195,MCC
14,44,69,0.005,MCC
14,44,70,0.14,MCC
14,44,71,0.035,MCC
14,44,72,1,MCC
14,44,73,0.005,MCC
14,44,74,0.005,MCC
14,44,75,0.01,MCC
14,44,76,0.055,MCC
14,44,77,1,MCC
14,44,78,0.005,MCC
14,44,79,0.005,MCC
14,44,80,0.005,MCC
14,44,81,0.015,MCC
14,44,82,0.01,MCC
14,44,83,1,MCC
14,44,84,1,MCC
14,44,85,0.005,MCC
14,44,86,0.005,MCC
14,44,87,0.005,MCC
14,44,88,0.02,MCC
14,44,89,0.995,MCC
14,44,90,1,MCC
14,44,91,1,MCC
14,44,92,1,MCC
14,44,93,0.985,MCC
14,44,94,1,MCC
14,44,95,0.005,MCC
14,44,96,1,MCC
14,44,97,0.02,MCC
14,44,98,0.23,MCC
14,44,99,0.035,MCC
13,17,51,1,CS
13,17,52,0.99,CS
13,17,53,0.51,CS
13,17,54,0.985,CS
13,17,55,1,CS
13,17,56,1,CS
13,17,57,1,CS
13,17,58,0.51,CS
11,26,51,1,CS
11,26,52,0.835,CS
11,26,53,1,CS
11,26,54,1,CS
11,26,55,0.65,CS
11,26,56,1,CS
11,26,57,0.84,CS
11,26,58,1,CS
11,26,59,1,CS
11,26,60,1,CS
13,17,51,NA,MCC
13,17,52,0.005,MCC
13,17,53,0.005,MCC
13,17,54,0.005,MCC
13,17,55,0.005,MCC
13,17,56,0.005,MCC
13,17,57,0.02,MCC
13,17,58,0.035,MCC
13,17,59,0.025,MCC
13,17,60,0.02,MCC
13,17,61,0.005,MCC
13,17,62,0.015,MCC
13,17,63,0.005,MCC
13,17,64,0.02,MCC
13,17,65,0.05,MCC
13,17,66,0.005,MCC
13,17,67,0.005,MCC
13,17,68,0.005,MCC
13,17,69,0.01,MCC
13,17,70,0.035,MCC
13,17,71,0.985,MCC
13,17,72,0.27,MCC
13,17,73,0.175,MCC
13,17,74,0.005,MCC
13,17,75,0.205,MCC
13,17,76,0.99,MCC
13,17,77,0.3,MCC
13,17,78,0.01,MCC
13,17,79,0.02,MCC
13,17,80,0.04,MCC
13,17,81,0.005,MCC
13,17,82,0.005,MCC
13,17,83,0.005,MCC
13,17,84,0.005,MCC
13,17,85,0.01,MCC
13,17,86,0.01,MCC
13,17,87,0.175,MCC
13,17,88,0.005,MCC
13,17,89,0.005,MCC
13,17,90,0.02,MCC
13,17,91,0.08,MCC
13,17,92,1,MCC
13,17,93,0.005,MCC
13,17,94,0.045,MCC
13,17,95,1,MCC
13,17,96,0.015,MCC
13,17,97,0.005,MCC
13,17,98,0.015,MCC
13,17,99,1,MCC
11,26,51,NA,MCC
11,26,52,0.005,MCC
11,26,53,0.005,MCC
11,26,54,0.005,MCC
11,26,55,0.41,MCC
11,26,56,0.015,MCC
11,26,57,0.34,MCC
11,26,58,0.005,MCC
11,26,59,0.005,MCC
11,26,60,0.14,MCC
11,26,61,0.005,MCC
11,26,62,0.005,MCC
11,26,63,0.095,MCC
11,26,64,0.375,MCC
11,26,65,0.005,MCC
11,26,66,0.005,MCC
11,26,67,0.005,MCC
11,26,68,0.06,MCC
11,26,69,0.05,MCC
11,26,70,0.045,MCC
11,26,71,1,MCC
11,26,72,0.005,MCC
11,26,73,0.005,MCC
11,26,74,0.01,MCC
11,26,75,0.14,MCC
11,26,76,0.835,MCC
11,26,77,1,MCC
11,26,78,1,MCC
11,26,79,1,MCC
11,26,80,0.03,MCC
11,26,81,1,MCC
11,26,82,0.005,MCC
11,26,83,0.005,MCC
11,26,84,0.01,MCC
11,26,85,0.03,MCC
11,26,86,0.045,MCC
11,26,87,0.65,MCC
11,26,88,0.005,MCC
11,26,89,0.005,MCC
11,26,90,0.005,MCC
11,26,91,0.005,MCC
11,26,92,0.005,MCC
11,26,93,0.005,MCC
11,26,94,0.01,MCC
11,26,95,0.84,MCC
11,26,96,1,MCC
11,26,97,0.02,MCC
11,26,98,0.045,MCC
11,26,99,0.06,MCC
15,12,51,1,CS
15,12,51,NA,MCC
15,12,52,0.005,MCC
15,12,53,0.005,MCC
15,12,54,0.005,MCC
15,12,55,0.005,MCC
15,12,56,0.005,MCC
15,12,57,0.025,MCC
15,12,58,0.005,MCC
15,12,59,0.03,MCC
15,12,60,0.015,MCC
15,12,61,0.005,MCC
15,12,62,0.045,MCC
15,12,63,0.005,MCC
15,12,64,0.005,MCC
15,12,65,0.005,MCC
15,12,66,0.005,MCC
15,12,67,0.025,MCC
15,12,68,0.005,MCC
15,12,69,0.02,MCC
15,12,70,0.005,MCC
15,12,71,0.03,MCC
15,12,72,0.005,MCC
15,12,73,0.035,MCC
15,12,74,0.005,MCC
15,12,75,0.005,MCC
15,12,76,0.025,MCC
15,12,77,0.02,MCC
15,12,78,0.005,MCC
15,12,79,0.005,MCC
15,12,80,0.005,MCC
15,12,81,0.005,MCC
15,12,82,0.005,MCC
15,12,83,0.005,MCC
15,12,84,0.005,MCC
15,12,85,0.025,MCC
15,12,86,0.015,MCC
15,12,87,0.005,MCC
15,12,88,0.02,MCC
15,12,89,0.005,MCC
15,12,90,0.01,MCC
15,12,91,0.005,MCC
15,12,92,0.01,MCC
15,12,93,0.03,MCC
15,12,94,0.005,MCC
15,12,95,0.03,MCC
15,12,96,0.02,MCC
15,12,97,0.005,MCC
15,12,98,0.025,MCC
15,12,99,0.02,MCC
6,7,51,1,CS
6,7,52,0.91,CS
6,7,53,0.985,CS
6,7,54,0.705,CS
6,7,55,1,CS
6,7,56,1,CS
6,7,57,0.645,CS
6,7,58,1,CS
6,7,59,0.55,CS
6,7,60,0.595,CS
6,7,61,1,CS
6,7,62,0.95,CS
6,7,63,0.73,CS
6,7,64,0.905,CS
6,7,65,1,CS
6,7,66,1,CS
6,7,67,1,CS
6,7,68,1,CS
6,7,69,0.84,CS
6,7,70,1,CS
6,7,71,1,CS
6,7,72,0.845,CS
6,7,73,1,CS
6,7,74,1,CS
6,7,75,1,CS
6,7,76,1,CS
6,7,77,1,CS
6,7,78,1,CS
6,7,79,0.845,CS
6,7,80,1,CS
6,7,81,1,CS
6,7,82,1,CS
6,7,83,1,CS
6,7,84,0.68,CS
6,7,85,1,CS
10,35,51,1,CS
10,35,52,0.97,CS
10,35,53,0.635,CS
10,35,54,1,CS
10,35,55,1,CS
10,35,56,1,CS
10,35,57,1,CS
10,35,58,1,CS
10,35,59,0.68,CS
10,35,60,0.97,CS
10,35,61,0.805,CS
10,35,62,1,CS
10,35,63,1,CS
10,35,64,0.795,CS
10,35,65,0.95,CS
10,35,66,0.52,CS
10,35,67,1,CS
10,35,68,1,CS
10,35,69,1,CS
10,35,70,1,CS
10,35,71,1,CS
10,35,72,1,CS
10,35,73,1,CS
6,7,51,NA,MCC
6,7,52,0.22,MCC
6,7,53,0.265,MCC
6,7,54,1,MCC
6,7,55,0.845,MCC
6,7,56,1,MCC
6,7,57,1,MCC
6,7,58,1,MCC
6,7,59,0.345,MCC
6,7,60,0.435,MCC
6,7,61,1,MCC
6,7,62,1,MCC
6,7,63,1,MCC
6,7,64,0.145,MCC
6,7,65,0.39,MCC
6,7,66,0.085,MCC
6,7,67,0.49,MCC
6,7,68,0.16,MCC
6,7,69,0.085,MCC
6,7,70,1,MCC
6,7,71,0.845,MCC
6,7,72,1,MCC
6,7,73,0.285,MCC
6,7,74,1,MCC
6,7,75,1,MCC
6,7,76,0.225,MCC
6,7,77,0.73,MCC
6,7,78,0.905,MCC
6,7,79,0.41,MCC
6,7,80,1,MCC
6,7,81,1,MCC
6,7,82,1,MCC
6,7,83,1,MCC
6,7,84,0.3,MCC
6,7,85,0.84,MCC
6,7,86,1,MCC
6,7,87,1,MCC
6,7,88,0.68,MCC
6,7,89,0.91,MCC
6,7,90,0.595,MCC
6,7,91,0.95,MCC
6,7,92,1,MCC
6,7,93,0.985,MCC
6,7,94,0.115,MCC
6,7,95,1,MCC
6,7,96,0.645,MCC
6,7,97,1,MCC
6,7,98,0.55,MCC
6,7,99,1,MCC
10,30,51,1,CS
10,30,52,0.62,CS
10,30,53,0.945,CS
10,30,54,1,CS
10,30,55,1,CS
10,30,56,1,CS
10,30,57,1,CS
10,30,58,1,CS
10,30,59,1,CS
10,30,60,1,CS
10,30,61,1,CS
10,30,62,1,CS
10,30,63,1,CS
10,30,64,1,CS
10,30,65,1,CS
10,30,66,1,CS
10,35,51,NA,MCC
10,35,52,0.005,MCC
10,35,53,0.005,MCC
10,35,54,0.005,MCC
10,35,55,0.045,MCC
10,35,56,0.065,MCC
10,35,57,0.795,MCC
10,35,58,0.95,MCC
10,35,59,0.28,MCC
10,35,60,0.01,MCC
10,35,61,0.22,MCC
10,35,62,0.115,MCC
10,35,63,0.435,MCC
10,35,64,1,MCC
10,35,65,0.005,MCC
10,35,66,0.075,MCC
10,35,67,1,MCC
10,35,68,0.005,MCC
10,35,69,0.005,MCC
10,35,70,0.005,MCC
10,35,71,0.245,MCC
10,35,72,1,MCC
10,35,73,1,MCC
10,35,74,1,MCC
10,35,75,0.115,MCC
10,35,76,1,MCC
10,35,77,1,MCC
10,35,78,1,MCC
10,35,79,1,MCC
10,35,80,1,MCC
10,35,81,1,MCC
10,35,82,0.68,MCC
10,35,83,0.97,MCC
10,35,84,0.005,MCC
10,35,85,0.01,MCC
10,35,86,0.04,MCC
10,35,87,0.17,MCC
10,35,88,1,MCC
10,35,89,0.005,MCC
10,35,90,0.005,MCC
10,35,91,0.03,MCC
10,35,92,0.45,MCC
10,35,93,0.805,MCC
10,35,94,1,MCC
10,35,95,1,MCC
10,35,96,0.97,MCC
10,35,97,0.21,MCC
10,35,98,0.405,MCC
10,35,99,0.635,MCC
11,21,51,1,CS
11,21,52,1,CS
11,21,53,1,CS
11,21,54,1,CS
11,21,55,1,CS
11,21,56,1,CS
11,21,57,1,CS
11,21,58,1,CS
11,21,59,0.995,CS
11,21,60,1,CS
11,21,61,0.95,CS
11,21,62,0.525,CS
11,21,63,1,CS
11,21,64,1,CS
11,21,65,1,CS
11,21,66,1,CS
11,21,67,1,CS
11,21,68,1,CS
11,21,69,1,CS
11,21,70,1,CS
11,21,71,0.895,CS
11,21,72,0.635,CS
10,30,51,NA,MCC
10,30,52,0.005,MCC
10,30,53,0.01,MCC
10,30,54,1,MCC
10,30,55,1,MCC
10,30,56,0.035,MCC
10,30,57,0.005,MCC
10,30,58,0.005,MCC
10,30,59,0.025,MCC
10,30,60,1,MCC
10,30,61,1,MCC
10,30,62,1,MCC
10,30,63,0.005,MCC
10,30,64,0.005,MCC
10,30,65,0.005,MCC
10,30,66,0.01,MCC
10,30,67,0.125,MCC
10,30,68,1,MCC
10,30,69,0.005,MCC
10,30,70,0.005,MCC
10,30,71,0.005,MCC
10,30,72,0.06,MCC
10,30,73,0.62,MCC
10,30,74,0.945,MCC
10,30,75,1,MCC
10,30,76,1,MCC
10,30,77,0.005,MCC
10,30,78,0.005,MCC
10,30,79,0.005,MCC
10,30,80,0.005,MCC
10,30,81,0.01,MCC
10,30,82,0.145,MCC
10,30,83,0.005,MCC
10,30,84,0.01,MCC
10,30,85,0.23,MCC
10,30,86,1,MCC
10,30,87,0.005,MCC
10,30,88,0.015,MCC
10,30,89,0.22,MCC
10,30,90,0.07,MCC
10,30,91,1,MCC
10,30,92,1,MCC
10,30,93,0.005,MCC
10,30,94,0.075,MCC
10,30,95,1,MCC
10,30,96,0.005,MCC
10,30,97,0.03,MCC
10,30,98,1,MCC
10,30,99,0.035,MCC
11,21,51,NA,MCC
11,21,52,0.005,MCC
11,21,53,0.005,MCC
11,21,54,0.015,MCC
11,21,55,0.225,MCC
11,21,56,1,MCC
11,21,57,1,MCC
11,21,58,0.02,MCC
11,21,59,1,MCC
11,21,60,0.48,MCC
11,21,61,0.525,MCC
11,21,62,1,MCC
11,21,63,1,MCC
11,21,64,1,MCC
11,21,65,0.005,MCC
11,21,66,0.005,MCC
11,21,67,0.025,MCC
11,21,68,0.005,MCC
11,21,69,0.005,MCC
11,21,70,0.025,MCC
11,21,71,0.635,MCC
11,21,72,0.02,MCC
11,21,73,0.895,MCC
11,21,74,0.005,MCC
11,21,75,0.005,MCC
11,21,76,0.005,MCC
11,21,77,0.035,MCC
11,21,78,0.01,MCC
11,21,79,0.11,MCC
11,21,80,0.26,MCC
11,21,81,0.22,MCC
11,21,82,0.315,MCC
11,21,83,1,MCC
11,21,84,0.995,MCC
11,21,85,0.15,MCC
11,21,86,0.11,MCC
11,21,87,1,MCC
11,21,88,1,MCC
11,21,89,0.005,MCC
11,21,90,0.09,MCC
11,21,91,0.19,MCC
11,21,92,1,MCC
11,21,93,0.95,MCC
11,21,94,1,MCC
11,21,95,1,MCC
11,21,96,1,MCC
11,21,97,1,MCC
11,21,98,1,MCC
11,21,99,1,MCC
12,26,51,1,CS
12,26,52,1,CS
12,26,53,1,CS
12,26,54,1,CS
12,26,55,1,CS
12,26,56,1,CS
12,26,57,0.725,CS
12,26,58,1,CS
12,26,59,0.505,CS
12,26,51,NA,MCC
12,26,52,0.005,MCC
12,26,53,0.005,MCC
12,26,54,0.005,MCC
12,26,55,0.015,MCC
12,26,56,0.725,MCC
12,26,57,0.505,MCC
12,26,58,0.005,MCC
12,26,59,0.02,MCC
12,26,60,0.03,MCC
12,26,61,0.005,MCC
12,26,62,0.005,MCC
12,26,63,0.1,MCC
12,26,64,0.485,MCC
12,26,65,0.005,MCC
12,26,66,0.015,MCC
12,26,67,0.01,MCC
12,26,68,0.1,MCC
12,26,69,0.005,MCC
12,26,70,0.005,MCC
12,26,71,0.01,MCC
12,26,72,0.005,MCC
12,26,73,0.005,MCC
12,26,74,0.005,MCC
12,26,75,0.005,MCC
12,26,76,0.005,MCC
12,26,77,0.02,MCC
12,26,78,1,MCC
12,26,79,0.005,MCC
12,26,80,0.005,MCC
12,26,81,0.01,MCC
12,26,82,0.01,MCC
12,26,83,0.015,MCC
12,26,84,0.25,MCC
12,26,85,1,MCC
12,26,86,0.295,MCC
12,26,87,1,MCC
12,26,88,1,MCC
12,26,89,0.005,MCC
12,26,90,0.025,MCC
12,26,91,0.005,MCC
12,26,92,0.015,MCC
12,26,93,1,MCC
12,26,94,0.02,MCC
12,26,95,0.005,MCC
12,26,96,0.01,MCC
12,26,97,0.015,MCC
12,26,98,0.025,MCC
12,26,99,1,MCC
16,12,51,1,CS
16,12,52,1,CS
16,12,53,1,CS
16,12,54,1,CS
16,12,55,0.905,CS
9,48,51,1,CS
9,48,52,0.9,CS
9,48,53,0.53,CS
9,48,54,0.96,CS
9,48,55,0.955,CS
9,48,56,1,CS
9,48,57,1,CS
9,48,58,0.645,CS
9,48,59,0.91,CS
9,48,60,1,CS
9,48,61,0.71,CS
9,48,62,0.83,CS
9,48,63,0.72,CS
9,48,64,0.995,CS
9,48,65,0.89,CS
9,48,66,1,CS
9,48,67,1,CS
9,48,68,0.775,CS
9,48,69,1,CS
9,48,70,0.935,CS
9,48,71,1,CS
9,48,72,0.58,CS
9,48,73,1,CS
9,48,74,0.92,CS
9,48,75,0.595,CS
9,48,76,1,CS
9,48,77,0.975,CS
9,48,78,1,CS
9,48,79,1,CS
9,48,80,1,CS
9,48,81,1,CS
9,48,82,1,CS
15,4,51,1,CS
15,4,52,0.73,CS
15,4,53,1,CS
15,4,54,0.58,CS
15,4,55,0.525,CS
15,4,56,0.935,CS
15,4,57,1,CS
15,4,58,1,CS
15,4,59,1,CS
15,4,60,1,CS
15,4,61,0.915,CS
15,4,62,1,CS
15,4,63,1,CS
15,4,64,1,CS
16,12,51,NA,MCC
16,12,52,NA,MCC
16,12,53,0.005,MCC
16,12,54,0.005,MCC
16,12,55,0.005,MCC
16,12,56,0.005,MCC
16,12,57,0.005,MCC
16,12,58,0.005,MCC
16,12,59,0.005,MCC
16,12,60,0.17,MCC
16,12,61,0.21,MCC
16,12,62,0.02,MCC
16,12,63,0.005,MCC
16,12,64,0.005,MCC
16,12,65,0.05,MCC
16,12,66,0.905,MCC
16,12,67,0.005,MCC
16,12,68,0.005,MCC
16,12,69,0.04,MCC
16,12,70,0.005,MCC
16,12,71,0.005,MCC
16,12,72,0.005,MCC
16,12,73,0.03,MCC
16,12,74,0.005,MCC
16,12,75,0.005,MCC
16,12,76,0.015,MCC
16,12,77,0.105,MCC
16,12,78,0.005,MCC
16,12,79,0.01,MCC
16,12,80,1,MCC
16,12,81,0.015,MCC
16,12,82,0.005,MCC
16,12,83,0.005,MCC
16,12,84,0.035,MCC
16,12,85,0.015,MCC
16,12,86,0.245,MCC
16,12,87,1,MCC
16,12,88,0.005,MCC
16,12,89,0.005,MCC
16,12,90,0.015,MCC
16,12,91,0.005,MCC
16,12,92,0.055,MCC
16,12,93,0.005,MCC
16,12,94,0.005,MCC
16,12,95,0.005,MCC
16,12,96,0.175,MCC
16,12,97,1,MCC
16,12,98,0.005,MCC
16,12,99,0.03,MCC
15,4,51,NA,MCC
15,4,52,0.005,MCC
15,4,53,0.005,MCC
15,4,54,0.02,MCC
15,4,55,0.055,MCC
15,4,56,1,MCC
15,4,57,0.005,MCC
15,4,58,0.005,MCC
15,4,59,0.035,MCC
15,4,60,1,MCC
15,4,61,0.025,MCC
15,4,62,0.005,MCC
15,4,63,0.005,MCC
15,4,64,0.005,MCC
15,4,65,0.005,MCC
15,4,66,0.005,MCC
15,4,67,0.47,MCC
15,4,68,0.005,MCC
15,4,69,0.02,MCC
15,4,70,0.045,MCC
15,4,71,1,MCC
15,4,72,1,MCC
15,4,73,0.005,MCC
15,4,74,0.005,MCC
15,4,75,0.055,MCC
15,4,76,1,MCC
15,4,77,0.005,MCC
15,4,78,0.005,MCC
15,4,79,0.02,MCC
15,4,80,1,MCC
15,4,81,0.005,MCC
15,4,82,1,MCC
15,4,83,0.005,MCC
15,4,84,0.01,MCC
15,4,85,0.095,MCC
15,4,86,0.145,MCC
15,4,87,0.73,MCC
15,4,88,0.475,MCC
15,4,89,1,MCC
15,4,90,0.58,MCC
15,4,91,0.005,MCC
15,4,92,0.005,MCC
15,4,93,0.03,MCC
15,4,94,0.015,MCC
15,4,95,0.525,MCC
15,4,96,0.465,MCC
15,4,97,0.935,MCC
15,4,98,0.045,MCC
15,4,99,0.915,MCC
9,48,51,NA,MCC
9,48,52,0.005,MCC
9,48,53,0.005,MCC
9,48,54,0.005,MCC
9,48,55,0.08,MCC
9,48,56,0.36,MCC
9,48,57,0.92,MCC
9,48,58,0.595,MCC
9,48,59,0.415,MCC
9,48,60,1,MCC
9,48,61,0.975,MCC
9,48,62,1,MCC
9,48,63,0.005,MCC
9,48,64,0.005,MCC
9,48,65,0.71,MCC
9,48,66,0.89,MCC
9,48,67,1,MCC
9,48,68,1,MCC
9,48,69,0.83,MCC
9,48,70,0.72,MCC
9,48,71,0.995,MCC
9,48,72,0.775,MCC
9,48,73,0.32,MCC
9,48,74,1,MCC
9,48,75,1,MCC
9,48,76,0.935,MCC
9,48,77,1,MCC
9,48,78,0.305,MCC
9,48,79,1,MCC
9,48,80,1,MCC
9,48,81,0.015,MCC
9,48,82,0.015,MCC
9,48,83,0.07,MCC
9,48,84,0.205,MCC
9,48,85,0.9,MCC
9,48,86,0.53,MCC
9,48,87,0.485,MCC
9,48,88,0.96,MCC
9,48,89,0.315,MCC
9,48,90,0.645,MCC
9,48,91,0.91,MCC
9,48,92,1,MCC
9,48,93,0.955,MCC
9,48,94,1,MCC
9,48,95,1,MCC
9,48,96,0.035,MCC
9,48,97,0.22,MCC
9,48,98,1,MCC
9,48,99,1,MCC
11,35,51,1,CS
11,35,52,0.955,CS
11,35,53,1,CS
11,35,54,1,CS
11,35,55,1,CS
11,35,56,1,CS
11,35,57,0.98,CS
11,35,58,1,CS
11,35,59,1,CS
11,35,60,0.76,CS
11,35,61,1,CS
11,35,62,1,CS
11,35,63,1,CS
11,35,64,0.525,CS
11,35,65,1,CS
11,35,66,0.93,CS
11,35,67,0.53,CS
11,35,68,1,CS
11,35,69,1,CS
11,35,70,1,CS
11,35,71,0.69,CS
11,35,72,1,CS
11,35,51,NA,MCC
11,35,52,0.005,MCC
11,35,53,0.005,MCC
11,35,54,0.005,MCC
11,35,55,0.005,MCC
11,35,56,0.005,MCC
11,35,57,0.69,MCC
11,35,58,0.005,MCC
11,35,59,0.015,MCC
11,35,60,1,MCC
11,35,61,0.525,MCC
11,35,62,1,MCC
11,35,63,0.06,MCC
11,35,64,0.19,MCC
11,35,65,0.02,MCC
11,35,66,0.015,MCC
11,35,67,1,MCC
11,35,68,0.09,MCC
11,35,69,0.955,MCC
11,35,70,1,MCC
11,35,71,1,MCC
11,35,72,1,MCC
11,35,73,0.2,MCC
11,35,74,0.155,MCC
11,35,75,1,MCC
11,35,76,1,MCC
11,35,77,0.76,MCC
11,35,78,1,MCC
11,35,79,0.005,MCC
11,35,80,0.005,MCC
11,35,81,0.005,MCC
11,35,82,0.275,MCC
11,35,83,0.275,MCC
11,35,84,0.005,MCC
11,35,85,0.11,MCC
11,35,86,1,MCC
11,35,87,0.015,MCC
11,35,88,0.225,MCC
11,35,89,0.93,MCC
11,35,90,0.53,MCC
11,35,91,1,MCC
11,35,92,0.105,MCC
11,35,93,1,MCC
11,35,94,0.34,MCC
11,35,95,0.31,MCC
11,35,96,0.15,MCC
11,35,97,0.98,MCC
11,35,98,1,MCC
11,35,99,1,MCC
11,30,51,1,CS
11,30,52,1,CS
11,30,53,1,CS
11,30,54,0.995,CS
11,30,55,1,CS
11,30,56,1,CS
11,30,57,1,CS
11,30,58,1,CS
11,30,59,1,CS
11,30,60,1,CS
11,30,61,1,CS
11,30,62,1,CS
11,30,63,1,CS
11,30,64,0.995,CS
11,30,65,0.505,CS
11,30,51,NA,MCC
11,30,52,0.005,MCC
11,30,53,0.005,MCC
11,30,54,0.005,MCC
11,30,55,0.005,MCC
11,30,56,0.02,MCC
11,30,57,1,MCC
11,30,58,1,MCC
11,30,59,0.005,MCC
11,30,60,0.04,MCC
11,30,61,1,MCC
11,30,62,0.995,MCC
11,30,63,1,MCC
11,30,64,0.005,MCC
11,30,65,0.005,MCC
11,30,66,0.005,MCC
11,30,67,0.005,MCC
11,30,68,1,MCC
11,30,69,0.005,MCC
11,30,70,0.01,MCC
11,30,71,0.055,MCC
11,30,72,0.33,MCC
11,30,73,1,MCC
11,30,74,0.045,MCC
11,30,75,0.015,MCC
11,30,76,0.005,MCC
11,30,77,0.005,MCC
11,30,78,0.005,MCC
11,30,79,0.025,MCC
11,30,80,1,MCC
11,30,81,1,MCC
11,30,82,0.005,MCC
11,30,83,0.01,MCC
11,30,84,0.505,MCC
11,30,85,0.995,MCC
11,30,86,0.005,MCC
11,30,87,0.005,MCC
11,30,88,0.005,MCC
11,30,89,0.18,MCC
11,30,90,0.01,MCC
11,30,91,0.15,MCC
11,30,92,0.05,MCC
11,30,93,1,MCC
11,30,94,0.005,MCC
11,30,95,0.005,MCC
11,30,96,1,MCC
11,30,97,0.09,MCC
11,30,98,1,MCC
11,30,99,0.045,MCC
13,26,51,1,CS
13,26,52,0.82,CS
13,26,53,0.575,CS
13,26,54,1,CS
13,26,55,0.76,CS
13,26,56,1,CS
13,26,57,1,CS
13,26,58,0.6,CS
13,26,59,1,CS
13,26,60,0.78,CS
13,26,61,0.635,CS
13,26,62,0.76,CS
13,26,51,NA,MCC
13,26,52,0.005,MCC
13,26,53,0.01,MCC
13,26,54,0.145,MCC
13,26,55,0.005,MCC
13,26,56,0.005,MCC
13,26,57,0.005,MCC
13,26,58,0.34,MCC
13,26,59,0.005,MCC
13,26,60,0.005,MCC
13,26,61,0.005,MCC
13,26,62,0.005,MCC
13,26,63,0.01,MCC
13,26,64,0.125,MCC
13,26,65,0.005,MCC
13,26,66,0.02,MCC
13,26,67,0.6,MCC
13,26,68,0.025,MCC
13,26,69,0.015,MCC
13,26,70,0.005,MCC
13,26,71,0.005,MCC
13,26,72,0.005,MCC
13,26,73,0.82,MCC
13,26,74,0.275,MCC
13,26,75,0.575,MCC
13,26,76,1,MCC
13,26,77,0.015,MCC
13,26,78,0.265,MCC
13,26,79,0.78,MCC
13,26,80,0.005,MCC
13,26,81,0.025,MCC
13,26,82,0.76,MCC
13,26,83,0.005,MCC
13,26,84,0.005,MCC
13,26,85,0.005,MCC
13,26,86,0.255,MCC
13,26,87,0.005,MCC
13,26,88,0.035,MCC
13,26,89,0.005,MCC
13,26,90,0.04,MCC
13,26,91,1,MCC
13,26,92,0.76,MCC
13,26,93,1,MCC
13,26,94,1,MCC
13,26,95,0.005,MCC
13,26,96,0.12,MCC
13,26,97,0.015,MCC
13,26,98,0.4,MCC
13,26,99,0.635,MCC
17,12,51,1,CS
17,12,51,NA,MCC
17,12,52,0.005,MCC
17,12,53,0.005,MCC
17,12,54,0.015,MCC
17,12,55,0.005,MCC
17,12,56,0.005,MCC
17,12,57,0.03,MCC
17,12,58,0.005,MCC
17,12,59,0.005,MCC
17,12,60,0.005,MCC
17,12,61,0.04,MCC
17,12,62,0.03,MCC
17,12,63,0.005,MCC
17,12,64,0.005,MCC
17,12,65,0.005,MCC
17,12,66,0.005,MCC
17,12,67,0.005,MCC
17,12,68,0.01,MCC
17,12,69,0.025,MCC
17,12,70,0.025,MCC
17,12,71,0.02,MCC
17,12,72,0.015,MCC
17,12,73,0.005,MCC
17,12,74,0.005,MCC
17,12,75,0.005,MCC
17,12,76,0.025,MCC
17,12,77,0.015,MCC
17,12,78,0.01,MCC
17,12,79,0.005,MCC
17,12,80,0.005,MCC
17,12,81,0.005,MCC
17,12,82,0.005,MCC
17,12,83,0.04,MCC
17,12,84,0.025,MCC
17,12,85,0.025,MCC
17,12,86,0.005,MCC
17,12,87,0.005,MCC
17,12,88,0.015,MCC
17,12,89,0.01,MCC
17,12,90,0.025,MCC
17,12,91,0.005,MCC
17,12,92,0.005,MCC
17,12,93,0.01,MCC
17,12,94,0.035,MCC
17,12,95,0.005,MCC
17,12,96,0.005,MCC
17,12,97,0.005,MCC
17,12,98,0.015,MCC
17,12,99,0.01,MCC
16,4,51,1,CS
16,4,52,0.76,CS
16,4,53,0.935,CS
16,4,54,1,CS
16,4,55,1,CS
16,4,56,1,CS
16,4,57,1,CS
16,4,58,1,CS
16,4,59,1,CS
16,4,60,1,CS
16,4,61,1,CS
16,4,62,1,CS
16,4,51,NA,MCC
16,4,52,0.005,MCC
16,4,53,0.005,MCC
16,4,54,0.005,MCC
16,4,55,0.01,MCC
16,4,56,0.055,MCC
16,4,57,0.005,MCC
16,4,58,0.04,MCC
16,4,59,0.245,MCC
16,4,60,0.005,MCC
16,4,61,0.005,MCC
16,4,62,0.005,MCC
16,4,63,0.035,MCC
16,4,64,1,MCC
16,4,65,0.02,MCC
16,4,66,0.005,MCC
16,4,67,0.005,MCC
16,4,68,0.025,MCC
16,4,69,0.49,MCC
16,4,70,1,MCC
16,4,71,0.13,MCC
16,4,72,0.005,MCC
16,4,73,0.005,MCC
16,4,74,0.01,MCC
16,4,75,0.03,MCC
16,4,76,0.76,MCC
16,4,77,0.935,MCC
16,4,78,1,MCC
16,4,79,0.035,MCC
16,4,80,0.005,MCC
16,4,81,0.005,MCC
16,4,82,0.175,MCC
16,4,83,0.02,MCC
16,4,84,1,MCC
16,4,85,1,MCC
16,4,86,1,MCC
16,4,87,0.025,MCC
16,4,88,1,MCC
16,4,89,0.02,MCC
16,4,90,0.005,MCC
16,4,91,0.005,MCC
16,4,92,0.005,MCC
16,4,93,0.01,MCC
16,4,94,1,MCC
16,4,95,0.025,MCC
16,4,96,0.125,MCC
16,4,97,0.005,MCC
16,4,98,0.01,MCC
16,4,99,1,MCC
15,44,51,1,CS
15,44,52,1,CS
15,44,53,0.505,CS
15,44,54,1,CS
15,44,55,0.995,CS
15,44,56,0.92,CS
15,44,57,1,CS
15,44,58,0.97,CS
15,44,59,0.985,CS
15,44,60,0.745,CS
15,44,61,1,CS
15,44,62,1,CS
15,44,63,1,CS
15,44,64,1,CS
15,44,65,1,CS
15,44,66,0.525,CS
15,44,67,1,CS
15,44,68,1,CS
15,44,51,NA,MCC
15,44,52,0.005,MCC
15,44,53,0.005,MCC
15,44,54,0.01,MCC
15,44,55,0.005,MCC
15,44,56,0.035,MCC
15,44,57,0.345,MCC
15,44,58,0.05,MCC
15,44,59,1,MCC
15,44,60,0.01,MCC
15,44,61,0.01,MCC
15,44,62,0.06,MCC
15,44,63,1,MCC
15,44,64,0.005,MCC
15,44,65,0.005,MCC
15,44,66,0.005,MCC
15,44,67,0.005,MCC
15,44,68,0.005,MCC
15,44,69,0.01,MCC
15,44,70,0.995,MCC
15,44,71,0.92,MCC
15,44,72,1,MCC
15,44,73,0.005,MCC
15,44,74,0.015,MCC
15,44,75,0.5,MCC
15,44,76,0.745,MCC
15,44,77,1,MCC
15,44,78,0.005,MCC
15,44,79,0.005,MCC
15,44,80,0.01,MCC
15,44,81,0.97,MCC
15,44,82,0.985,MCC
15,44,83,0.005,MCC
15,44,84,0.16,MCC
15,44,85,0.33,MCC
15,44,86,1,MCC
15,44,87,0.005,MCC
15,44,88,0.015,MCC
15,44,89,1,MCC
15,44,90,0.125,MCC
15,44,91,0.175,MCC
15,44,92,1,MCC
15,44,93,0.305,MCC
15,44,94,1,MCC
15,44,95,0.005,MCC
15,44,96,0.01,MCC
15,44,97,1,MCC
15,44,98,0.045,MCC
15,44,99,1,MCC
14,17,51,1,CS
12,35,51,1,CS
12,35,52,1,CS
12,35,53,1,CS
12,35,54,0.935,CS
12,35,55,1,CS
12,35,56,0.51,CS
12,35,57,0.595,CS
12,35,58,0.505,CS
12,35,59,0.74,CS
12,35,60,1,CS
12,35,61,1,CS
12,35,62,1,CS
12,35,63,1,CS
12,35,64,1,CS
12,35,65,1,CS
12,35,66,1,CS
12,35,67,1,CS
12,35,68,1,CS
12,35,69,1,CS
12,35,51,NA,MCC
12,35,52,0.005,MCC
12,35,53,0.005,MCC
12,35,54,0.04,MCC
12,35,55,0.01,MCC
12,35,56,0.025,MCC
12,35,57,1,MCC
12,35,58,1,MCC
12,35,59,0.935,MCC
12,35,60,1,MCC
12,35,61,1,MCC
12,35,62,0.03,MCC
12,35,63,0.005,MCC
12,35,64,0.005,MCC
12,35,65,0.005,MCC
12,35,66,0.02,MCC
12,35,67,0.03,MCC
12,35,68,0.035,MCC
12,35,69,0.42,MCC
12,35,70,0.16,MCC
12,35,71,0.37,MCC
12,35,72,0.005,MCC
12,35,73,0.005,MCC
12,35,74,0.04,MCC
12,35,75,1,MCC
12,35,76,0.03,MCC
12,35,77,0.4,MCC
12,35,78,0.74,MCC
12,35,79,1,MCC
12,35,80,1,MCC
12,35,81,0.005,MCC
12,35,82,0.005,MCC
12,35,83,0.005,MCC
12,35,84,0.01,MCC
12,35,85,0.055,MCC
12,35,86,1,MCC
12,35,87,0.32,MCC
12,35,88,1,MCC
12,35,89,0.015,MCC
12,35,90,1,MCC
12,35,91,1,MCC
12,35,92,1,MCC
12,35,93,0.005,MCC
12,35,94,1,MCC
12,35,95,0.115,MCC
12,35,96,0.51,MCC
12,35,97,0.48,MCC
12,35,98,0.175,MCC
12,35,99,0.115,MCC
14,17,51,NA,MCC
14,17,52,NA,MCC
14,17,53,0.005,MCC
14,17,54,0.005,MCC
14,17,55,0.005,MCC
14,17,56,0.005,MCC
14,17,57,0.005,MCC
14,17,58,0.005,MCC
14,17,59,0.015,MCC
14,17,60,0.02,MCC
14,17,61,0.005,MCC
14,17,62,0.005,MCC
14,17,63,0.005,MCC
14,17,64,0.04,MCC
14,17,65,0.025,MCC
14,17,66,0.025,MCC
14,17,67,0.035,MCC
14,17,68,0.005,MCC
14,17,69,0.005,MCC
14,17,70,0.03,MCC
14,17,71,0.005,MCC
14,17,72,0.02,MCC
14,17,73,0.02,MCC
14,17,74,0.01,MCC
14,17,75,0.005,MCC
14,17,76,0.005,MCC
14,17,77,0.005,MCC
14,17,78,0.01,MCC
14,17,79,0.01,MCC
14,17,80,0.03,MCC
14,17,81,0.005,MCC
14,17,82,0.02,MCC
14,17,83,0.005,MCC
14,17,84,0.005,MCC
14,17,85,0.005,MCC
14,17,86,0.005,MCC
14,17,87,0.01,MCC
14,17,88,0.005,MCC
14,17,89,0.005,MCC
14,17,90,0.005,MCC
14,17,91,0.025,MCC
14,17,92,0.005,MCC
14,17,93,0.02,MCC
14,17,94,0.005,MCC
14,17,95,0.005,MCC
14,17,96,0.005,MCC
14,17,97,0.02,MCC
14,17,98,0.01,MCC
14,17,99,0.015,MCC
12,30,51,1,CS
12,30,52,1,CS
12,30,53,1,CS
12,30,54,0.665,CS
12,30,55,1,CS
12,30,56,1,CS
12,30,57,1,CS
12,30,58,1,CS
12,30,59,1,CS
12,30,60,0.965,CS
12,30,61,1,CS
12,30,62,1,CS
12,30,63,1,CS
12,30,64,1,CS
12,30,65,1,CS
14,26,51,1,CS
14,26,52,0.86,CS
14,26,53,1,CS
14,26,54,1,CS
14,26,55,0.53,CS
14,26,56,1,CS
14,26,57,1,CS
14,26,58,0.605,CS
14,26,51,NA,MCC
14,26,52,0.005,MCC
14,26,53,0.005,MCC
14,26,54,0.005,MCC
14,26,55,0.005,MCC
14,26,56,1,MCC
14,26,57,0.005,MCC
14,26,58,0.005,MCC
14,26,59,1,MCC
14,26,60,0.005,MCC
14,26,61,0.01,MCC
14,26,62,0.205,MCC
14,26,63,0.005,MCC
14,26,64,0.03,MCC
14,26,65,0.005,MCC
14,26,66,0.005,MCC
14,26,67,0.005,MCC
14,26,68,0.005,MCC
14,26,69,0.005,MCC
14,26,70,0.53,MCC
14,26,71,0.005,MCC
14,26,72,0.005,MCC
14,26,73,0.025,MCC
14,26,74,0.155,MCC
14,26,75,0.005,MCC
14,26,76,0.04,MCC
14,26,77,0.01,MCC
14,26,78,0.005,MCC
14,26,79,0.21,MCC
14,26,80,0.005,MCC
14,26,81,0.02,MCC
14,26,82,0.005,MCC
14,26,83,0.005,MCC
14,26,84,0.01,MCC
14,26,85,0.035,MCC
14,26,86,0.3,MCC
14,26,87,0.005,MCC
14,26,88,0.86,MCC
14,26,89,1,MCC
14,26,90,1,MCC
14,26,91,0.005,MCC
14,26,92,0.005,MCC
14,26,93,0.05,MCC
14,26,94,0.035,MCC
14,26,95,0.005,MCC
14,26,96,0.005,MCC
14,26,97,0.025,MCC
14,26,98,0.005,MCC
14,26,99,0.15,MCC
2,12,51,1,CS
2,12,52,0.57,CS
2,12,53,0.82,CS
2,12,54,1,CS
2,12,55,0.83,CS
2,12,56,1,CS
2,12,57,1,CS
2,12,58,1,CS
2,12,59,1,CS
2,12,60,1,CS
2,12,61,1,CS
2,12,62,1,CS
2,12,63,0.98,CS
2,12,64,1,CS
2,12,65,1,CS
2,12,66,1,CS
2,12,67,1,CS
2,12,68,1,CS
2,12,69,1,CS
2,12,70,1,CS
2,12,71,0.995,CS
2,12,72,0.89,CS
2,12,73,0.525,CS
2,12,74,0.985,CS
2,12,75,1,CS
2,12,76,1,CS
2,12,77,1,CS
2,12,78,0.515,CS
2,12,79,1,CS
2,12,80,1,CS
2,12,81,1,CS
2,12,82,1,CS
2,12,83,1,CS
2,12,84,1,CS
2,12,85,1,CS
2,12,86,0.805,CS
2,12,87,1,CS
2,12,88,1,CS
2,12,89,1,CS
2,12,90,1,CS
2,12,91,1,CS
2,12,92,1,CS
2,12,93,1,CS
2,12,94,1,CS
12,30,51,NA,MCC
12,30,52,NA,MCC
12,30,53,0.005,MCC
12,30,54,0.005,MCC
12,30,55,0.005,MCC
12,30,56,0.005,MCC
12,30,57,0.02,MCC
12,30,58,0.015,MCC
12,30,59,0.155,MCC
12,30,60,1,MCC
12,30,61,1,MCC
12,30,62,0.01,MCC
12,30,63,0.035,MCC
12,30,64,0.005,MCC
12,30,65,0.01,MCC
12,30,66,0.04,MCC
12,30,67,0.03,MCC
12,30,68,1,MCC
12,30,69,0.005,MCC
12,30,70,0.005,MCC
12,30,71,0.005,MCC
12,30,72,0.005,MCC
12,30,73,1,MCC
12,30,74,0.005,MCC
12,30,75,0.005,MCC
12,30,76,0.025,MCC
12,30,77,1,MCC
12,30,78,0.29,MCC
12,30,79,0.06,MCC
12,30,80,1,MCC
12,30,81,1,MCC
12,30,82,1,MCC
12,30,83,0.005,MCC
12,30,84,0.025,MCC
12,30,85,0.005,MCC
12,30,86,0.005,MCC
12,30,87,0.005,MCC
12,30,88,0.18,MCC
12,30,89,0.135,MCC
12,30,90,0.04,MCC
12,30,91,0.965,MCC
12,30,92,1,MCC
12,30,93,0.025,MCC
12,30,94,1,MCC
12,30,95,0.005,MCC
12,30,96,1,MCC
12,30,97,0.135,MCC
12,30,98,0.06,MCC
12,30,99,1,MCC
2,12,51,NA,MCC
2,12,52,0.57,MCC
2,12,53,0.82,MCC
2,12,54,0.5,MCC
2,12,55,1,MCC
2,12,56,1,MCC
2,12,57,1,MCC
2,12,58,0.83,MCC
2,12,59,0.28,MCC
2,12,60,0.355,MCC
2,12,61,1,MCC
2,12,62,1,MCC
2,12,63,1,MCC
2,12,64,1,MCC
2,12,65,1,MCC
2,12,66,1,MCC
2,12,67,1,MCC
2,12,68,0.98,MCC
2,12,69,1,MCC
2,12,70,1,MCC
2,12,71,1,MCC
2,12,72,1,MCC
2,12,73,1,MCC
2,12,74,0.995,MCC
2,12,75,0.805,MCC
2,12,76,0.425,MCC
2,12,77,1,MCC
2,12,78,1,MCC
2,12,79,0.89,MCC
2,12,80,0.525,MCC
2,12,81,0.985,MCC
2,12,82,1,MCC
2,12,83,1,MCC
2,12,84,1,MCC
2,12,85,0.5,MCC
2,12,86,1,MCC
2,12,87,1,MCC
2,12,88,0.515,MCC
2,12,89,1,MCC
2,12,90,1,MCC
2,12,91,1,MCC
2,12,92,1,MCC
2,12,93,1,MCC
2,12,94,1,MCC
2,12,95,1,MCC
2,12,96,1,MCC
2,12,97,1,MCC
2,12,98,1,MCC
2,12,99,1,MCC
17,4,51,1,CS
17,4,52,0.625,CS
17,4,53,1,CS
17,4,54,1,CS
17,4,55,1,CS
17,4,56,1,CS
17,4,57,1,CS
17,4,58,1,CS
17,4,59,1,CS
17,4,60,0.99,CS
17,4,61,1,CS
17,4,51,NA,MCC
17,4,52,0.005,MCC
17,4,53,0.035,MCC
17,4,54,1,MCC
17,4,55,0.005,MCC
17,4,56,0.005,MCC
17,4,57,0.005,MCC
17,4,58,0.045,MCC
17,4,59,0.02,MCC
17,4,60,0.625,MCC
17,4,61,0.5,MCC
17,4,62,1,MCC
17,4,63,0.005,MCC
17,4,64,0.015,MCC
17,4,65,0.055,MCC
17,4,66,0.02,MCC
17,4,67,1,MCC
17,4,68,1,MCC
17,4,69,0.005,MCC
17,4,70,0.005,MCC
17,4,71,0.005,MCC
17,4,72,0.005,MCC
17,4,73,0.015,MCC
17,4,74,0.44,MCC
17,4,75,0.015,MCC
17,4,76,0.005,MCC
17,4,77,0.005,MCC
17,4,78,0.025,MCC
17,4,79,0.07,MCC
17,4,80,1,MCC
17,4,81,0.145,MCC
17,4,82,0.11,MCC
17,4,83,1,MCC
17,4,84,0.005,MCC
17,4,85,0.05,MCC
17,4,86,0.24,MCC
17,4,87,0.005,MCC
17,4,88,0.005,MCC
17,4,89,0.005,MCC
17,4,90,0.005,MCC
17,4,91,0.02,MCC
17,4,92,0.06,MCC
17,4,93,0.005,MCC
17,4,94,0.045,MCC
17,4,95,1,MCC
17,4,96,1,MCC
17,4,97,0.005,MCC
17,4,98,0.04,MCC
17,4,99,0.99,MCC
7,7,51,1,CS
7,7,52,1,CS
7,7,53,0.87,CS
7,7,54,0.825,CS
7,7,55,0.58,CS
7,7,56,1,CS
7,7,57,1,CS
7,7,58,1,CS
7,7,59,1,CS
7,7,60,0.555,CS
7,7,61,0.945,CS
7,7,62,0.98,CS
7,7,63,0.57,CS
7,7,64,1,CS
7,7,65,1,CS
7,7,66,0.945,CS
7,7,67,0.545,CS
7,7,68,0.985,CS
7,7,69,1,CS
7,7,70,1,CS
7,7,71,1,CS
7,7,72,1,CS
7,7,73,0.57,CS
7,7,74,0.515,CS
7,7,75,0.78,CS
7,7,76,0.995,CS
7,7,77,1,CS
7,7,78,0.965,CS
7,7,79,1,CS
7,7,80,0.93,CS
7,7,81,0.505,CS
7,7,82,1,CS
7,7,83,1,CS
7,7,84,0.565,CS
7,7,85,1,CS
7,7,86,0.85,CS
7,7,87,1,CS
7,7,51,NA,MCC
7,7,52,1,MCC
7,7,53,0.11,MCC
7,7,54,0.02,MCC
7,7,55,0.04,MCC
7,7,56,0.01,MCC
7,7,57,0.035,MCC
7,7,58,0.065,MCC
7,7,59,0.965,MCC
7,7,60,0.93,MCC
7,7,61,1,MCC
7,7,62,0.055,MCC
7,7,63,0.57,MCC
7,7,64,0.515,MCC
7,7,65,0.78,MCC
7,7,66,0.995,MCC
7,7,67,1,MCC
7,7,68,0.545,MCC
7,7,69,0.985,MCC
7,7,70,1,MCC
7,7,71,1,MCC
7,7,72,1,MCC
7,7,73,1,MCC
7,7,74,0.505,MCC
7,7,75,1,MCC
7,7,76,1,MCC
7,7,77,0.085,MCC
7,7,78,0.34,MCC
7,7,79,0.175,MCC
7,7,80,0.945,MCC
7,7,81,1,MCC
7,7,82,0.98,MCC
7,7,83,0.57,MCC
7,7,84,1,MCC
7,7,85,0.085,MCC
7,7,86,0.945,MCC
7,7,87,0.045,MCC
7,7,88,0.225,MCC
7,7,89,0.565,MCC
7,7,90,1,MCC
7,7,91,0.85,MCC
7,7,92,1,MCC
7,7,93,1,MCC
7,7,94,0.87,MCC
7,7,95,0.825,MCC
7,7,96,0.355,MCC
7,7,97,1,MCC
7,7,98,1,MCC
7,7,99,1,MCC
13,35,51,1,CS
13,35,52,0.94,CS
13,35,53,1,CS
13,35,54,1,CS
13,35,55,1,CS
13,35,56,1,CS
13,35,57,1,CS
13,35,58,1,CS
13,35,59,1,CS
13,35,60,0.55,CS
13,35,61,0.99,CS
13,35,62,1,CS
13,35,63,1,CS
13,35,64,1,CS
13,35,65,1,CS
13,35,66,1,CS
13,35,67,0.565,CS
12,21,51,1,CS
12,21,52,0.995,CS
12,21,53,1,CS
12,21,54,1,CS
12,21,55,1,CS
12,21,56,1,CS
12,21,57,1,CS
12,21,58,1,CS
12,21,59,1,CS
12,21,60,1,CS
12,21,61,0.62,CS
12,21,62,0.52,CS
12,21,63,1,CS
12,21,64,1,CS
12,21,65,1,CS
12,21,66,1,CS
12,21,67,1,CS
12,21,68,1,CS
12,21,69,1,CS
12,21,70,1,CS
13,35,51,NA,MCC
13,35,52,0.005,MCC
13,35,53,0.005,MCC
13,35,54,0.01,MCC
13,35,55,0.94,MCC
13,35,56,1,MCC
13,35,57,1,MCC
13,35,58,1,MCC
13,35,59,0.005,MCC
13,35,60,0.015,MCC
13,35,61,1,MCC
13,35,62,1,MCC
13,35,63,0.005,MCC
13,35,64,0.005,MCC
13,35,65,0.005,MCC
13,35,66,0.025,MCC
13,35,67,1,MCC
13,35,68,0.005,MCC
13,35,69,0.125,MCC
13,35,70,1,MCC
13,35,71,0.15,MCC
13,35,72,0.02,MCC
13,35,73,1,MCC
13,35,74,0.02,MCC
13,35,75,1,MCC
13,35,76,0.005,MCC
13,35,77,0.01,MCC
13,35,78,0.06,MCC
13,35,79,1,MCC
13,35,80,0.09,MCC
13,35,81,0.04,MCC
13,35,82,0.565,MCC
13,35,83,0.005,MCC
13,35,84,0.005,MCC
13,35,85,0.005,MCC
13,35,86,0.06,MCC
13,35,87,0.015,MCC
13,35,88,0.55,MCC
13,35,89,0.99,MCC
13,35,90,0.115,MCC
13,35,91,0.325,MCC
13,35,92,0.45,MCC
13,35,93,0.04,MCC
13,35,94,0.005,MCC
13,35,95,0.015,MCC
13,35,96,0.01,MCC
13,35,97,0.295,MCC
13,35,98,1,MCC
13,35,99,1,MCC
12,21,51,NA,MCC
12,21,52,0.005,MCC
12,21,53,0.005,MCC
12,21,54,0.015,MCC
12,21,55,0.52,MCC
12,21,56,1,MCC
12,21,57,0.495,MCC
12,21,58,0.005,MCC
12,21,59,0.005,MCC
12,21,60,0.1,MCC
12,21,61,0.005,MCC
12,21,62,0.005,MCC
12,21,63,0.005,MCC
12,21,64,0.005,MCC
12,21,65,0.11,MCC
12,21,66,0.095,MCC
12,21,67,1,MCC
12,21,68,0.005,MCC
12,21,69,0.005,MCC
12,21,70,0.005,MCC
12,21,71,0.005,MCC
12,21,72,0.01,MCC
12,21,73,0.05,MCC
12,21,74,1,MCC
12,21,75,1,MCC
12,21,76,0.14,MCC
12,21,77,0.03,MCC
12,21,78,0.01,MCC
12,21,79,0.145,MCC
12,21,80,1,MCC
12,21,81,1,MCC
12,21,82,1,MCC
12,21,83,0.015,MCC
12,21,84,0.995,MCC
12,21,85,1,MCC
12,21,86,1,MCC
12,21,87,1,MCC
12,21,88,0.005,MCC
12,21,89,1,MCC
12,21,90,1,MCC
12,21,91,0.07,MCC
12,21,92,0.005,MCC
12,21,93,0.015,MCC
12,21,94,1,MCC
12,21,95,0.12,MCC
12,21,96,1,MCC
12,21,97,0.02,MCC
12,21,98,1,MCC
12,21,99,1,MCC
15,26,51,1,CS
15,26,52,0.52,CS
15,26,53,0.96,CS
15,26,54,1,CS
15,26,55,1,CS
15,26,56,1,CS
15,26,57,0.995,CS
15,26,58,0.885,CS
15,26,59,0.815,CS
1,49,51,1,CS
1,49,52,1,CS
1,49,53,0.57,CS
1,49,54,1,CS
1,49,55,0.985,CS
1,49,56,1,CS
1,49,57,0.98,CS
1,49,58,1,CS
1,49,59,1,CS
1,49,60,1,CS
1,49,61,0.53,CS
1,49,62,0.695,CS
1,49,63,0.94,CS
1,49,64,1,CS
1,49,65,1,CS
1,49,66,1,CS
1,49,67,1,CS
1,49,68,0.705,CS
1,49,69,1,CS
1,49,70,1,CS
1,49,71,1,CS
1,49,72,1,CS
1,49,73,1,CS
1,49,74,1,CS
1,49,75,1,CS
1,49,76,1,CS
1,49,77,0.965,CS
1,49,78,1,CS
1,49,79,1,CS
1,49,80,1,CS
1,49,81,0.98,CS
1,49,82,1,CS
1,49,83,1,CS
1,49,84,0.935,CS
1,49,85,0.975,CS
1,49,86,0.755,CS
1,49,87,1,CS
1,49,88,0.995,CS
1,49,89,1,CS
1,49,90,1,CS
1,49,91,0.885,CS
1,49,92,1,CS
1,49,93,1,CS
1,49,94,1,CS
1,49,95,0.805,CS
1,49,96,1,CS
3,12,51,1,CS
3,12,52,0.59,CS
3,12,53,0.98,CS
3,12,54,1,CS
3,12,55,1,CS
3,12,56,0.935,CS
3,12,57,0.91,CS
3,12,58,1,CS
3,12,59,1,CS
3,12,60,1,CS
3,12,61,1,CS
3,12,62,1,CS
3,12,63,1,CS
3,12,64,0.975,CS
3,12,65,1,CS
3,12,66,1,CS
3,12,67,0.66,CS
3,12,68,0.695,CS
3,12,69,0.995,CS
3,12,70,1,CS
3,12,71,0.965,CS
3,12,72,1,CS
3,12,73,1,CS
3,12,74,1,CS
3,12,75,0.84,CS
3,12,76,1,CS
3,12,77,0.905,CS
3,12,78,0.965,CS
3,12,79,1,CS
3,12,80,1,CS
3,12,81,1,CS
3,12,82,1,CS
3,12,83,1,CS
3,12,84,1,CS
3,12,85,0.995,CS
3,12,86,1,CS
3,12,87,1,CS
3,12,88,0.51,CS
3,12,89,1,CS
3,12,90,1,CS
3,12,91,1,CS
3,12,92,1,CS
15,26,51,NA,MCC
15,26,52,0.005,MCC
15,26,53,0.01,MCC
15,26,54,0.025,MCC
15,26,55,0.815,MCC
15,26,56,0.005,MCC
15,26,57,0.005,MCC
15,26,58,0.005,MCC
15,26,59,0.005,MCC
15,26,60,0.015,MCC
15,26,61,0.005,MCC
15,26,62,0.005,MCC
15,26,63,0.005,MCC
15,26,64,0.005,MCC
15,26,65,0.015,MCC
15,26,66,0.96,MCC
15,26,67,1,MCC
15,26,68,0.005,MCC
15,26,69,0.005,MCC
15,26,70,0.02,MCC
15,26,71,0.005,MCC
15,26,72,0.095,MCC
15,26,73,1,MCC
15,26,74,0.005,MCC
15,26,75,0.005,MCC
15,26,76,0.015,MCC
15,26,77,1,MCC
15,26,78,0.015,MCC
15,26,79,0.995,MCC
15,26,80,0.005,MCC
15,26,81,0.005,MCC
15,26,82,0.04,MCC
15,26,83,0.005,MCC
15,26,84,0.005,MCC
15,26,85,0.02,MCC
15,26,86,0.08,MCC
15,26,87,0.005,MCC
15,26,88,0.005,MCC
15,26,89,0.02,MCC
15,26,90,0.005,MCC
15,26,91,0.015,MCC
15,26,92,0.495,MCC
15,26,93,0.025,MCC
15,26,94,0.045,MCC
15,26,95,0.375,MCC
15,26,96,0.885,MCC
15,26,97,0.45,MCC
15,26,98,0.31,MCC
15,26,99,0.02,MCC
1,49,51,NA,MCC
1,49,52,0.475,MCC
1,49,53,1,MCC
1,49,54,0.57,MCC
1,49,55,1,MCC
1,49,56,0.985,MCC
1,49,57,1,MCC
1,49,58,0.94,MCC
1,49,59,0.98,MCC
1,49,60,0.53,MCC
1,49,61,0.695,MCC
1,49,62,1,MCC
1,49,63,1,MCC
1,49,64,1,MCC
1,49,65,1,MCC
1,49,66,1,MCC
1,49,67,1,MCC
1,49,68,1,MCC
1,49,69,1,MCC
1,49,70,1,MCC
1,49,71,0.705,MCC
1,49,72,1,MCC
1,49,73,1,MCC
1,49,74,1,MCC
1,49,75,1,MCC
1,49,76,1,MCC
1,49,77,0.485,MCC
1,49,78,1,MCC
1,49,79,0.965,MCC
1,49,80,1,MCC
1,49,81,1,MCC
1,49,82,1,MCC
1,49,83,0.98,MCC
1,49,84,1,MCC
1,49,85,1,MCC
1,49,86,0.935,MCC
1,49,87,0.975,MCC
1,49,88,0.755,MCC
1,49,89,1,MCC
1,49,90,0.995,MCC
1,49,91,1,MCC
1,49,92,1,MCC
1,49,93,0.885,MCC
1,49,94,1,MCC
1,49,95,1,MCC
1,49,96,0.3,MCC
1,49,97,1,MCC
1,49,98,0.805,MCC
1,49,99,1,MCC
3,12,51,NA,MCC
3,12,52,0.59,MCC
3,12,53,0.25,MCC
3,12,54,0.965,MCC
3,12,55,1,MCC
3,12,56,1,MCC
3,12,57,1,MCC
3,12,58,0.165,MCC
3,12,59,0.21,MCC
3,12,60,0.66,MCC
3,12,61,1,MCC
3,12,62,0.695,MCC
3,12,63,0.995,MCC
3,12,64,0.98,MCC
3,12,65,1,MCC
3,12,66,1,MCC
3,12,67,1,MCC
3,12,68,0.345,MCC
3,12,69,1,MCC
3,12,70,0.935,MCC
3,12,71,0.91,MCC
3,12,72,1,MCC
3,12,73,1,MCC
3,12,74,1,MCC
3,12,75,1,MCC
3,12,76,1,MCC
3,12,77,0.975,MCC
3,12,78,1,MCC
3,12,79,0.84,MCC
3,12,80,0.48,MCC
3,12,81,0.51,MCC
3,12,82,1,MCC
3,12,83,1,MCC
3,12,84,1,MCC
3,12,85,1,MCC
3,12,86,1,MCC
3,12,87,0.905,MCC
3,12,88,0.38,MCC
3,12,89,0.965,MCC
3,12,90,1,MCC
3,12,91,1,MCC
3,12,92,1,MCC
3,12,93,0.405,MCC
3,12,94,1,MCC
3,12,95,1,MCC
3,12,96,1,MCC
3,12,97,0.995,MCC
3,12,98,1,MCC
3,12,99,1,MCC
2,4,51,1,CS
2,4,52,0.56,CS
2,4,53,0.865,CS
2,4,54,1,CS
2,4,55,0.7,CS
2,4,56,1,CS
2,4,57,1,CS
2,4,58,1,CS
2,4,59,1,CS
2,4,60,0.96,CS
2,4,61,1,CS
2,4,62,1,CS
2,4,63,0.525,CS
2,4,64,1,CS
2,4,65,1,CS
2,4,66,1,CS
2,4,67,1,CS
2,4,68,1,CS
2,4,69,1,CS
2,4,70,0.565,CS
2,4,71,1,CS
2,4,72,1,CS
2,4,73,1,CS
2,4,74,1,CS
2,4,75,0.75,CS
2,4,76,0.505,CS
2,4,77,1,CS
2,4,78,0.61,CS
2,4,79,1,CS
2,4,80,1,CS
2,4,81,1,CS
2,4,82,0.995,CS
2,4,83,1,CS
2,4,84,1,CS
2,4,85,1,CS
2,4,86,0.995,CS
2,4,87,0.995,CS
2,4,88,1,CS
2,4,89,1,CS
2,4,90,1,CS
2,4,91,1,CS
2,4,92,1,CS
2,4,93,1,CS
2,4,94,1,CS
2,4,95,1,CS
2,4,96,1,CS
2,4,51,NA,MCC
2,4,52,NA,MCC
2,4,53,0.75,MCC
2,4,54,0.505,MCC
2,4,55,1,MCC
2,4,56,0.61,MCC
2,4,57,0.33,MCC
2,4,58,1,MCC
2,4,59,1,MCC
2,4,60,1,MCC
2,4,61,0.995,MCC
2,4,62,1,MCC
2,4,63,1,MCC
2,4,64,1,MCC
2,4,65,0.995,MCC
2,4,66,1,MCC
2,4,67,0.995,MCC
2,4,68,1,MCC
2,4,69,1,MCC
2,4,70,1,MCC
2,4,71,0.39,MCC
2,4,72,1,MCC
2,4,73,1,MCC
2,4,74,1,MCC
2,4,75,1,MCC
2,4,76,1,MCC
2,4,77,0.56,MCC
2,4,78,0.865,MCC
2,4,79,1,MCC
2,4,80,1,MCC
2,4,81,1,MCC
2,4,82,0.7,MCC
2,4,83,1,MCC
2,4,84,0.96,MCC
2,4,85,1,MCC
2,4,86,1,MCC
2,4,87,1,MCC
2,4,88,1,MCC
2,4,89,1,MCC
2,4,90,0.525,MCC
2,4,91,1,MCC
2,4,92,1,MCC
2,4,93,1,MCC
2,4,94,1,MCC
2,4,95,0.565,MCC
2,4,96,1,MCC
2,4,97,1,MCC
2,4,98,1,MCC
2,4,99,1,MCC
14,35,51,1,CS
14,35,52,0.81,CS
14,35,53,0.995,CS
14,35,54,1,CS
14,35,55,1,CS
14,35,56,1,CS
14,35,57,1,CS
14,35,58,0.84,CS
14,35,59,0.8,CS
14,35,60,1,CS
14,35,61,1,CS
14,35,62,1,CS
14,35,63,1,CS
14,35,64,1,CS
14,35,65,1,CS
14,35,66,1,CS
14,35,51,NA,MCC
14,35,52,0.005,MCC
14,35,53,0.005,MCC
14,35,54,1,MCC
14,35,55,0.01,MCC
14,35,56,1,MCC
14,35,57,0.23,MCC
14,35,58,0.32,MCC
14,35,59,0.005,MCC
14,35,60,0.005,MCC
14,35,61,0.005,MCC
14,35,62,0.005,MCC
14,35,63,0.005,MCC
14,35,64,0.84,MCC
14,35,65,0.8,MCC
14,35,66,0.005,MCC
14,35,67,0.005,MCC
14,35,68,0.005,MCC
14,35,69,0.005,MCC
14,35,70,1,MCC
14,35,71,1,MCC
14,35,72,0.055,MCC
14,35,73,0.045,MCC
14,35,74,0.81,MCC
14,35,75,1,MCC
14,35,76,0.995,MCC
14,35,77,1,MCC
14,35,78,0.03,MCC
14,35,79,1,MCC
14,35,80,1,MCC
14,35,81,0.005,MCC
14,35,82,0.02,MCC
14,35,83,0.01,MCC
14,35,84,0.075,MCC
14,35,85,0.355,MCC
14,35,86,1,MCC
14,35,87,0.005,MCC
14,35,88,0.005,MCC
14,35,89,0.005,MCC
14,35,90,0.035,MCC
14,35,91,0.475,MCC
14,35,92,0.005,MCC
14,35,93,0.045,MCC
14,35,94,1,MCC
14,35,95,0.185,MCC
14,35,96,0.03,MCC
14,35,97,0.01,MCC
14,35,98,0.03,MCC
14,35,99,1,MCC
16,44,51,1,CS
16,44,52,0.935,CS
16,44,53,0.985,CS
16,44,54,1,CS
16,44,55,0.57,CS
16,44,56,1,CS
16,44,57,1,CS
16,44,58,1,CS
16,44,59,0.905,CS
16,44,60,1,CS
16,44,61,1,CS
16,44,62,1,CS
16,44,63,1,CS
16,44,64,1,CS
16,44,65,0.54,CS
16,44,66,1,CS
16,44,67,0.685,CS
16,44,51,NA,MCC
16,44,52,0.005,MCC
16,44,53,0.005,MCC
16,44,54,0.005,MCC
16,44,55,0.005,MCC
16,44,56,0.005,MCC
16,44,57,0.005,MCC
16,44,58,0.085,MCC
16,44,59,0.06,MCC
16,44,60,0.1,MCC
16,44,61,0.035,MCC
16,44,62,1,MCC
16,44,63,1,MCC
16,44,64,0.005,MCC
16,44,65,0.005,MCC
16,44,66,0.005,MCC
16,44,67,0.015,MCC
16,44,68,0.03,MCC
16,44,69,1,MCC
16,44,70,0.005,MCC
16,44,71,0.195,MCC
16,44,72,0.935,MCC
16,44,73,0.985,MCC
16,44,74,1,MCC
16,44,75,0.46,MCC
16,44,76,1,MCC
16,44,77,1,MCC
16,44,78,0.02,MCC
16,44,79,1,MCC
16,44,80,0.01,MCC
16,44,81,0.12,MCC
16,44,82,0.905,MCC
16,44,83,0.005,MCC
16,44,84,0.005,MCC
16,44,85,0.025,MCC
16,44,86,1,MCC
16,44,87,0.54,MCC
16,44,88,1,MCC
16,44,89,0.005,MCC
16,44,90,0.16,MCC
16,44,91,0.23,MCC
16,44,92,0.485,MCC
16,44,93,0.1,MCC
16,44,94,0.005,MCC
16,44,95,0.13,MCC
16,44,96,0.01,MCC
16,44,97,0.03,MCC
16,44,98,0.29,MCC
16,44,99,1,MCC
16,26,51,1,CS
16,26,52,1,CS
16,26,53,1,CS
16,26,54,0.985,CS
16,26,55,1,CS
16,26,51,NA,MCC
16,26,52,0.005,MCC
16,26,53,0.005,MCC
16,26,54,0.01,MCC
16,26,55,0.05,MCC
16,26,56,0.005,MCC
16,26,57,0.02,MCC
16,26,58,0.01,MCC
16,26,59,0.005,MCC
16,26,60,0.05,MCC
16,26,61,0.005,MCC
16,26,62,0.09,MCC
16,26,63,0.005,MCC
16,26,64,0.005,MCC
16,26,65,0.005,MCC
16,26,66,0.005,MCC
16,26,67,0.025,MCC
16,26,68,1,MCC
16,26,69,1,MCC
16,26,70,0.225,MCC
16,26,71,0.005,MCC
16,26,72,0.005,MCC
16,26,73,0.985,MCC
16,26,74,0.005,MCC
16,26,75,0.01,MCC
16,26,76,0.005,MCC
16,26,77,0.005,MCC
16,26,78,0.015,MCC
16,26,79,0.005,MCC
16,26,80,0.005,MCC
16,26,81,0.03,MCC
16,26,82,0.005,MCC
16,26,83,0.005,MCC
16,26,84,0.005,MCC
16,26,85,0.005,MCC
16,26,86,0.015,MCC
16,26,87,0.02,MCC
16,26,88,0.005,MCC
16,26,89,0.02,MCC
16,26,90,0.05,MCC
16,26,91,1,MCC
16,26,92,0.005,MCC
16,26,93,0.005,MCC
16,26,94,0.005,MCC
16,26,95,0.005,MCC
16,26,96,0.025,MCC
16,26,97,0.005,MCC
16,26,98,0.015,MCC
16,26,99,0.025,MCC
3,4,51,1,CS
3,4,52,0.9,CS
3,4,53,0.715,CS
3,4,54,0.765,CS
3,4,55,1,CS
3,4,56,0.815,CS
3,4,57,0.57,CS
3,4,58,0.98,CS
3,4,59,1,CS
3,4,60,1,CS
3,4,61,1,CS
3,4,62,1,CS
3,4,63,1,CS
3,4,64,0.995,CS
3,4,65,1,CS
3,4,66,1,CS
3,4,67,1,CS
3,4,68,0.995,CS
3,4,69,1,CS
3,4,70,1,CS
3,4,71,1,CS
3,4,72,1,CS
3,4,73,1,CS
3,4,74,1,CS
3,4,75,1,CS
3,4,76,1,CS
3,4,77,1,CS
3,4,78,1,CS
3,4,79,1,CS
3,4,80,0.935,CS
3,4,81,0.58,CS
3,4,82,0.655,CS
3,4,83,1,CS
3,4,84,0.785,CS
3,4,85,1,CS
3,4,86,1,CS
3,4,87,1,CS
3,4,88,1,CS
3,4,89,0.825,CS
3,4,90,0.975,CS
3,4,91,1,CS
3,4,92,1,CS
3,4,93,1,CS
3,4,51,NA,MCC
3,4,52,0.215,MCC
3,4,53,0.285,MCC
3,4,54,0.445,MCC
3,4,55,0.825,MCC
3,4,56,0.975,MCC
3,4,57,1,MCC
3,4,58,1,MCC
3,4,59,0.115,MCC
3,4,60,0.14,MCC
3,4,61,1,MCC
3,4,62,0.935,MCC
3,4,63,0.58,MCC
3,4,64,0.655,MCC
3,4,65,1,MCC
3,4,66,0.785,MCC
3,4,67,1,MCC
3,4,68,1,MCC
3,4,69,1,MCC
3,4,70,1,MCC
3,4,71,0.9,MCC
3,4,72,0.715,MCC
3,4,73,0.765,MCC
3,4,74,0.995,MCC
3,4,75,1,MCC
3,4,76,1,MCC
3,4,77,0.815,MCC
3,4,78,0.57,MCC
3,4,79,0.98,MCC
3,4,80,1,MCC
3,4,81,1,MCC
3,4,82,1,MCC
3,4,83,1,MCC
3,4,84,1,MCC
3,4,85,0.995,MCC
3,4,86,1,MCC
3,4,87,1,MCC
3,4,88,1,MCC
3,4,89,1,MCC
3,4,90,0.335,MCC
3,4,91,1,MCC
3,4,92,1,MCC
3,4,93,1,MCC
3,4,94,1,MCC
3,4,95,1,MCC
3,4,96,1,MCC
3,4,97,1,MCC
3,4,98,1,MCC
3,4,99,1,MCC
15,17,51,1,CS
15,17,52,1,CS
15,17,53,0.825,CS
15,17,54,0.59,CS
15,17,55,0.995,CS
15,17,56,1,CS
15,17,57,1,CS
4,12,51,1,CS
4,12,52,0.98,CS
4,12,53,0.52,CS
4,12,54,0.52,CS
4,12,55,0.845,CS
4,12,56,0.94,CS
4,12,57,1,CS
4,12,58,1,CS
4,12,59,1,CS
4,12,60,1,CS
4,12,61,0.895,CS
4,12,62,1,CS
4,12,63,1,CS
4,12,64,0.915,CS
4,12,65,0.995,CS
4,12,66,0.93,CS
4,12,67,0.67,CS
4,12,68,1,CS
4,12,69,0.565,CS
4,12,70,1,CS
4,12,71,1,CS
4,12,72,1,CS
4,12,73,0.88,CS
4,12,74,1,CS
4,12,75,1,CS
4,12,76,0.85,CS
4,12,77,1,CS
4,12,78,1,CS
4,12,79,0.82,CS
4,12,80,0.99,CS
4,12,81,1,CS
4,12,82,0.885,CS
4,12,83,1,CS
4,12,84,1,CS
4,12,85,1,CS
4,12,86,1,CS
4,12,87,1,CS
4,12,88,1,CS
4,12,89,0.975,CS
15,17,51,NA,MCC
15,17,52,0.005,MCC
15,17,53,0.005,MCC
15,17,54,0.005,MCC
15,17,55,0.005,MCC
15,17,56,0.17,MCC
15,17,57,1,MCC
15,17,58,0.01,MCC
15,17,59,0.025,MCC
15,17,60,1,MCC
15,17,61,0.005,MCC
15,17,62,0.005,MCC
15,17,63,0.02,MCC
15,17,64,0.59,MCC
15,17,65,0.005,MCC
15,17,66,0.04,MCC
15,17,67,0.005,MCC
15,17,68,0.005,MCC
15,17,69,0.005,MCC
15,17,70,0.015,MCC
15,17,71,0.045,MCC
15,17,72,0.025,MCC
15,17,73,0.995,MCC
15,17,74,0.01,MCC
15,17,75,0.825,MCC
15,17,76,0.005,MCC
15,17,77,0.005,MCC
15,17,78,0.005,MCC
15,17,79,0.005,MCC
15,17,80,0.005,MCC
15,17,81,0.055,MCC
15,17,82,0.04,MCC
15,17,83,0.005,MCC
15,17,84,0.005,MCC
15,17,85,0.005,MCC
15,17,86,0.005,MCC
15,17,87,0.005,MCC
15,17,88,0.005,MCC
15,17,89,0.045,MCC
15,17,90,0.035,MCC
15,17,91,0.03,MCC
15,17,92,0.015,MCC
15,17,93,0.005,MCC
15,17,94,0.005,MCC
15,17,95,0.005,MCC
15,17,96,0.105,MCC
15,17,97,1,MCC
15,17,98,0.02,MCC
15,17,99,0.02,MCC
4,12,51,NA,MCC
4,12,52,0.155,MCC
4,12,53,0.005,MCC
4,12,54,0.15,MCC
4,12,55,0.98,MCC
4,12,56,0.52,MCC
4,12,57,0.14,MCC
4,12,58,0.23,MCC
4,12,59,0.845,MCC
4,12,60,0.94,MCC
4,12,61,1,MCC
4,12,62,1,MCC
4,12,63,1,MCC
4,12,64,1,MCC
4,12,65,0.28,MCC
4,12,66,0.895,MCC
4,12,67,1,MCC
4,12,68,1,MCC
4,12,69,0.025,MCC
4,12,70,0.2,MCC
4,12,71,0.915,MCC
4,12,72,1,MCC
4,12,73,1,MCC
4,12,74,0.995,MCC
4,12,75,0.93,MCC
4,12,76,0.67,MCC
4,12,77,1,MCC
4,12,78,0.36,MCC
4,12,79,1,MCC
4,12,80,0.82,MCC
4,12,81,0.885,MCC
4,12,82,0.99,MCC
4,12,83,1,MCC
4,12,84,0.19,MCC
4,12,85,0.155,MCC
4,12,86,1,MCC
4,12,87,0.975,MCC
4,12,88,0.345,MCC
4,12,89,1,MCC
4,12,90,1,MCC
4,12,91,1,MCC
4,12,92,1,MCC
4,12,93,1,MCC
4,12,94,0.88,MCC
4,12,95,1,MCC
4,12,96,1,MCC
4,12,97,1,MCC
4,12,98,0.85,MCC
4,12,99,1,MCC
15,35,51,1,CS
15,35,52,1,CS
15,35,53,1,CS
15,35,54,1,CS
15,35,55,1,CS
15,35,56,1,CS
15,35,57,1,CS
15,35,58,1,CS
15,35,59,1,CS
15,35,60,1,CS
15,35,61,1,CS
15,35,62,1,CS
15,35,63,1,CS
15,35,64,0.555,CS
13,30,51,1,CS
13,30,52,1,CS
13,30,53,1,CS
13,30,54,1,CS
13,30,55,1,CS
13,30,56,1,CS
13,30,57,1,CS
13,30,58,1,CS
13,30,59,1,CS
13,30,60,1,CS
13,30,61,1,CS
13,30,62,1,CS
15,35,51,NA,MCC
15,35,52,0.005,MCC
15,35,53,0.005,MCC
15,35,54,0.09,MCC
15,35,55,1,MCC
15,35,56,1,MCC
15,35,57,1,MCC
15,35,58,0.03,MCC
15,35,59,0.005,MCC
15,35,60,0.005,MCC
15,35,61,0.005,MCC
15,35,62,0.005,MCC
15,35,63,0.025,MCC
15,35,64,0.01,MCC
15,35,65,0.075,MCC
15,35,66,1,MCC
15,35,67,0.005,MCC
15,35,68,0.005,MCC
15,35,69,0.005,MCC
15,35,70,0.08,MCC
15,35,71,1,MCC
15,35,72,1,MCC
15,35,73,1,MCC
15,35,74,0.005,MCC
15,35,75,0.005,MCC
15,35,76,0.04,MCC
15,35,77,1,MCC
15,35,78,1,MCC
15,35,79,0.07,MCC
15,35,80,0.005,MCC
15,35,81,0.005,MCC
15,35,82,0.03,MCC
15,35,83,1,MCC
15,35,84,0.075,MCC
15,35,85,0.005,MCC
15,35,86,0.02,MCC
15,35,87,1,MCC
15,35,88,0.005,MCC
15,35,89,0.225,MCC
15,35,90,0.03,MCC
15,35,91,0.29,MCC
15,35,92,0.235,MCC
15,35,93,1,MCC
15,35,94,0.005,MCC
15,35,95,0.015,MCC
15,35,96,0.09,MCC
15,35,97,0.005,MCC
15,35,98,0.025,MCC
15,35,99,0.555,MCC
8,7,51,1,CS
8,7,52,0.99,CS
8,7,53,0.95,CS
8,7,54,0.845,CS
8,7,55,1,CS
8,7,56,1,CS
8,7,57,0.995,CS
8,7,58,1,CS
8,7,59,0.63,CS
8,7,60,1,CS
8,7,61,1,CS
8,7,62,1,CS
8,7,63,1,CS
8,7,64,1,CS
8,7,65,1,CS
8,7,66,0.915,CS
8,7,67,1,CS
8,7,68,1,CS
8,7,69,1,CS
8,7,70,0.96,CS
8,7,71,1,CS
8,7,72,0.675,CS
8,7,73,1,CS
8,7,74,1,CS
8,7,75,0.85,CS
8,7,76,1,CS
8,7,77,1,CS
8,7,78,0.525,CS
8,7,51,NA,MCC
8,7,52,0.225,MCC
8,7,53,0.99,MCC
8,7,54,0.27,MCC
8,7,55,0.95,MCC
8,7,56,0.845,MCC
8,7,57,1,MCC
8,7,58,1,MCC
8,7,59,0.225,MCC
8,7,60,1,MCC
8,7,61,0.995,MCC
8,7,62,0.63,MCC
8,7,63,1,MCC
8,7,64,1,MCC
8,7,65,1,MCC
8,7,66,0.41,MCC
8,7,67,0.01,MCC
8,7,68,0.01,MCC
8,7,69,0.01,MCC
8,7,70,0.17,MCC
8,7,71,0.14,MCC
8,7,72,0.915,MCC
8,7,73,1,MCC
8,7,74,1,MCC
8,7,75,0.525,MCC
8,7,76,0.31,MCC
8,7,77,1,MCC
8,7,78,0.48,MCC
8,7,79,0.01,MCC
8,7,80,0.005,MCC
8,7,81,0.015,MCC
8,7,82,0.365,MCC
8,7,83,0.19,MCC
8,7,84,1,MCC
8,7,85,1,MCC
8,7,86,0.96,MCC
8,7,87,1,MCC
8,7,88,0.125,MCC
8,7,89,0.345,MCC
8,7,90,1,MCC
8,7,91,0.045,MCC
8,7,92,0.01,MCC
8,7,93,0.85,MCC
8,7,94,0.115,MCC
8,7,95,0.675,MCC
8,7,96,1,MCC
8,7,97,1,MCC
8,7,98,1,MCC
8,7,99,1,MCC
13,30,51,NA,MCC
13,30,52,0.005,MCC
13,30,53,0.005,MCC
13,30,54,0.005,MCC
13,30,55,0.005,MCC
13,30,56,0.025,MCC
13,30,57,0.01,MCC
13,30,58,0.04,MCC
13,30,59,1,MCC
13,30,60,1,MCC
13,30,61,0.005,MCC
13,30,62,0.04,MCC
13,30,63,1,MCC
13,30,64,0.005,MCC
13,30,65,0.025,MCC
13,30,66,1,MCC
13,30,67,0.05,MCC
13,30,68,0.005,MCC
13,30,69,0.005,MCC
13,30,70,0.01,MCC
13,30,71,0.015,MCC
13,30,72,0.005,MCC
13,30,73,0.235,MCC
13,30,74,0.485,MCC
13,30,75,1,MCC
13,30,76,0.005,MCC
13,30,77,0.005,MCC
13,30,78,0.005,MCC
13,30,79,0.01,MCC
13,30,80,1,MCC
13,30,81,1,MCC
13,30,82,1,MCC
13,30,83,0.005,MCC
13,30,84,0.02,MCC
13,30,85,0.34,MCC
13,30,86,1,MCC
13,30,87,0.005,MCC
13,30,88,0.075,MCC
13,30,89,0.45,MCC
13,30,90,0.005,MCC
13,30,91,0.025,MCC
13,30,92,0.005,MCC
13,30,93,0.005,MCC
13,30,94,0.275,MCC
13,30,95,1,MCC
13,30,96,0.055,MCC
13,30,97,1,MCC
13,30,98,0.005,MCC
13,30,99,0.045,MCC
17,26,51,1,CS
17,26,52,0.88,CS
17,26,53,1,CS
17,26,54,1,CS
17,26,55,0.605,CS
17,26,56,1,CS
17,26,57,0.96,CS
17,26,58,0.87,CS
17,26,51,NA,MCC
17,26,52,0.005,MCC
17,26,53,0.005,MCC
17,26,54,0.005,MCC
17,26,55,0.03,MCC
17,26,56,1,MCC
17,26,57,0.01,MCC
17,26,58,0.01,MCC
17,26,59,0.075,MCC
17,26,60,1,MCC
17,26,61,0.005,MCC
17,26,62,0.005,MCC
17,26,63,0.06,MCC
17,26,64,0.87,MCC
17,26,65,0.005,MCC
17,26,66,0.01,MCC
17,26,67,0.015,MCC
17,26,68,0.605,MCC
17,26,69,0.005,MCC
17,26,70,0.005,MCC
17,26,71,0.005,MCC
17,26,72,0.005,MCC
17,26,73,0.02,MCC
17,26,74,0.005,MCC
17,26,75,0.055,MCC
17,26,76,0.005,MCC
17,26,77,0.02,MCC
17,26,78,0.005,MCC
17,26,79,0.065,MCC
17,26,80,0.005,MCC
17,26,81,0.005,MCC
17,26,82,0.04,MCC
17,26,83,0.96,MCC
17,26,84,0.005,MCC
17,26,85,0.015,MCC
17,26,86,0.115,MCC
17,26,87,0.005,MCC
17,26,88,0.005,MCC
17,26,89,0.03,MCC
17,26,90,0.005,MCC
17,26,91,0.015,MCC
17,26,92,0.88,MCC
17,26,93,1,MCC
17,26,94,0.005,MCC
17,26,95,0.005,MCC
17,26,96,0.01,MCC
17,26,97,0.025,MCC
17,26,98,0.005,MCC
17,26,99,0.075,MCC
4,4,51,1,CS
4,4,52,0.945,CS
4,4,53,0.545,CS
4,4,54,1,CS
4,4,55,1,CS
4,4,56,0.62,CS
4,4,57,1,CS
4,4,58,1,CS
4,4,59,1,CS
4,4,60,0.785,CS
4,4,61,0.825,CS
4,4,62,0.98,CS
4,4,63,1,CS
4,4,64,1,CS
4,4,65,0.845,CS
4,4,66,0.65,CS
4,4,67,0.99,CS
4,4,68,1,CS
4,4,69,1,CS
4,4,70,1,CS
4,4,71,0.915,CS
4,4,72,0.99,CS
4,4,73,1,CS
4,4,74,0.715,CS
4,4,75,1,CS
4,4,76,1,CS
4,4,77,1,CS
4,4,78,0.705,CS
4,4,79,1,CS
4,4,80,1,CS
4,4,81,1,CS
4,4,82,1,CS
4,4,83,1,CS
4,4,84,1,CS
4,4,85,1,CS
4,4,86,1,CS
4,4,87,1,CS
4,4,88,1,CS
13,21,51,1,CS
13,21,52,1,CS
13,21,53,0.79,CS
13,21,54,1,CS
13,21,55,1,CS
13,21,56,1,CS
13,21,57,0.98,CS
13,21,58,1,CS
13,21,59,1,CS
13,21,60,1,CS
13,21,61,1,CS
13,21,62,1,CS
13,21,63,1,CS
13,21,64,1,CS
13,21,65,1,CS
13,21,66,1,CS
13,21,67,1,CS
13,21,68,1,CS
4,4,51,NA,MCC
4,4,52,0.325,MCC
4,4,53,1,MCC
4,4,54,1,MCC
4,4,55,1,MCC
4,4,56,1,MCC
4,4,57,1,MCC
4,4,58,0.21,MCC
4,4,59,0.705,MCC
4,4,60,0.38,MCC
4,4,61,1,MCC
4,4,62,1,MCC
4,4,63,1,MCC
4,4,64,1,MCC
4,4,65,0.48,MCC
4,4,66,1,MCC
4,4,67,0.845,MCC
4,4,68,0.65,MCC
4,4,69,1,MCC
4,4,70,0.715,MCC
4,4,71,1,MCC
4,4,72,1,MCC
4,4,73,1,MCC
4,4,74,0.99,MCC
4,4,75,0.47,MCC
4,4,76,1,MCC
4,4,77,1,MCC
4,4,78,1,MCC
4,4,79,0.915,MCC
4,4,80,0.99,MCC
4,4,81,0.945,MCC
4,4,82,0.145,MCC
4,4,83,1,MCC
4,4,84,0.785,MCC
4,4,85,0.825,MCC
4,4,86,0.98,MCC
4,4,87,0.085,MCC
4,4,88,0.06,MCC
4,4,89,0.46,MCC
4,4,90,1,MCC
4,4,91,0.26,MCC
4,4,92,0.62,MCC
4,4,93,1,MCC
4,4,94,1,MCC
4,4,95,1,MCC
4,4,96,0.545,MCC
4,4,97,1,MCC
4,4,98,0.49,MCC
4,4,99,1,MCC
10,49,51,1,CS
10,49,52,0.925,CS
10,49,53,0.795,CS
10,49,54,0.89,CS
10,49,55,1,CS
10,49,56,0.995,CS
10,49,57,1,CS
10,49,58,1,CS
10,49,59,0.545,CS
10,49,60,1,CS
10,49,61,1,CS
10,49,62,1,CS
10,49,63,0.94,CS
10,49,64,0.55,CS
10,49,65,1,CS
10,49,66,1,CS
10,49,67,1,CS
10,49,68,0.545,CS
13,21,51,NA,MCC
13,21,52,0.005,MCC
13,21,53,0.005,MCC
13,21,54,0.005,MCC
13,21,55,0.005,MCC
13,21,56,0.005,MCC
13,21,57,0.01,MCC
13,21,58,0.105,MCC
13,21,59,1,MCC
13,21,60,0.045,MCC
13,21,61,1,MCC
13,21,62,1,MCC
13,21,63,0.015,MCC
13,21,64,0.055,MCC
13,21,65,0.005,MCC
13,21,66,1,MCC
13,21,67,0.005,MCC
13,21,68,1,MCC
13,21,69,0.155,MCC
13,21,70,1,MCC
13,21,71,1,MCC
13,21,72,0.04,MCC
13,21,73,0.37,MCC
13,21,74,1,MCC
13,21,75,1,MCC
13,21,76,0.98,MCC
13,21,77,0.03,MCC
13,21,78,0.005,MCC
13,21,79,0.01,MCC
13,21,80,0.215,MCC
13,21,81,1,MCC
13,21,82,0.005,MCC
13,21,83,0.005,MCC
13,21,84,0.015,MCC
13,21,85,0.065,MCC
13,21,86,0.095,MCC
13,21,87,1,MCC
13,21,88,0.15,MCC
13,21,89,0.34,MCC
13,21,90,1,MCC
13,21,91,1,MCC
13,21,92,0.38,MCC
13,21,93,0.005,MCC
13,21,94,0.01,MCC
13,21,95,0.275,MCC
13,21,96,1,MCC
13,21,97,1,MCC
13,21,98,0.005,MCC
13,21,99,0.045,MCC
10,49,51,NA,MCC
10,49,52,0.005,MCC
10,49,53,0.01,MCC
10,49,54,0.065,MCC
10,49,55,0.005,MCC
10,49,56,0.275,MCC
10,49,57,0.465,MCC
10,49,58,0.545,MCC
10,49,59,0.105,MCC
10,49,60,1,MCC
10,49,61,0.995,MCC
10,49,62,0.31,MCC
10,49,63,1,MCC
10,49,64,1,MCC
10,49,65,0.045,MCC
10,49,66,0.005,MCC
10,49,67,0.005,MCC
10,49,68,0.005,MCC
10,49,69,0.005,MCC
10,49,70,0.01,MCC
10,49,71,0.12,MCC
10,49,72,0.135,MCC
10,49,73,0.405,MCC
10,49,74,0.925,MCC
10,49,75,0.115,MCC
10,49,76,1,MCC
10,49,77,0.89,MCC
10,49,78,0.005,MCC
10,49,79,0.035,MCC
10,49,80,1,MCC
10,49,81,0.09,MCC
10,49,82,0.09,MCC
10,49,83,1,MCC
10,49,84,1,MCC
10,49,85,0.105,MCC
10,49,86,0.41,MCC
10,49,87,1,MCC
10,49,88,1,MCC
10,49,89,0.005,MCC
10,49,90,0.005,MCC
10,49,91,0.04,MCC
10,49,92,0.035,MCC
10,49,93,0.11,MCC
10,49,94,0.245,MCC
10,49,95,0.34,MCC
10,49,96,0.14,MCC
10,49,97,0.215,MCC
10,49,98,0.94,MCC
10,49,99,0.55,MCC
5,12,51,1,CS
5,12,52,0.845,CS
5,12,53,1,CS
5,12,54,0.975,CS
5,12,55,1,CS
5,12,56,1,CS
5,12,57,1,CS
5,12,58,0.86,CS
5,12,59,0.93,CS
5,12,60,1,CS
5,12,61,1,CS
5,12,62,0.99,CS
5,12,63,1,CS
5,12,64,0.81,CS
5,12,65,1,CS
5,12,66,1,CS
5,12,67,0.735,CS
5,12,68,0.945,CS
5,12,69,1,CS
5,12,70,0.785,CS
5,12,71,1,CS
5,12,72,1,CS
5,12,73,1,CS
5,12,74,1,CS
5,12,75,0.975,CS
5,12,76,1,CS
5,12,77,1,CS
5,12,78,1,CS
5,12,79,0.715,CS
5,12,51,NA,MCC
5,12,52,0.04,MCC
5,12,53,0.125,MCC
5,12,54,0.86,MCC
5,12,55,0.93,MCC
5,12,56,1,MCC
5,12,57,1,MCC
5,12,58,0.99,MCC
5,12,59,1,MCC
5,12,60,0.845,MCC
5,12,61,1,MCC
5,12,62,1,MCC
5,12,63,0.31,MCC
5,12,64,0.335,MCC
5,12,65,1,MCC
5,12,66,0.975,MCC
5,12,67,0.405,MCC
5,12,68,1,MCC
5,12,69,0.4,MCC
5,12,70,0.715,MCC
5,12,71,0.035,MCC
5,12,72,0.025,MCC
5,12,73,0.5,MCC
5,12,74,0.335,MCC
5,12,75,0.325,MCC
5,12,76,0.5,MCC
5,12,77,0.975,MCC
5,12,78,1,MCC
5,12,79,0.09,MCC
5,12,80,0.81,MCC
5,12,81,0.4,MCC
5,12,82,1,MCC
5,12,83,1,MCC
5,12,84,0.345,MCC
5,12,85,0.735,MCC
5,12,86,0.945,MCC
5,12,87,1,MCC
5,12,88,0.785,MCC
5,12,89,0.06,MCC
5,12,90,0.035,MCC
5,12,91,0.405,MCC
5,12,92,0.21,MCC
5,12,93,1,MCC
5,12,94,1,MCC
5,12,95,1,MCC
5,12,96,1,MCC
5,12,97,0.36,MCC
5,12,98,1,MCC
5,12,99,1,MCC
9,7,51,1,CS
9,7,52,0.655,CS
9,7,53,0.605,CS
9,7,54,0.55,CS
9,7,55,0.575,CS
9,7,56,1,CS
9,7,57,1,CS
9,7,58,0.9,CS
9,7,59,1,CS
9,7,60,0.695,CS
9,7,61,0.895,CS
9,7,62,1,CS
9,7,63,1,CS
9,7,64,1,CS
9,7,65,1,CS
9,7,66,0.52,CS
9,7,67,1,CS
9,7,68,0.985,CS
9,7,69,1,CS
9,7,70,1,CS
9,7,71,1,CS
9,7,72,1,CS
9,7,73,1,CS
9,7,74,1,CS
9,7,75,1,CS
9,7,76,1,CS
9,7,77,0.555,CS
9,7,51,NA,MCC
9,7,52,0.335,MCC
9,7,53,0.105,MCC
9,7,54,0.985,MCC
9,7,55,1,MCC
9,7,56,1,MCC
9,7,57,0.605,MCC
9,7,58,0.55,MCC
9,7,59,0.9,MCC
9,7,60,0.575,MCC
9,7,61,0.415,MCC
9,7,62,1,MCC
9,7,63,1,MCC
9,7,64,1,MCC
9,7,65,0.08,MCC
9,7,66,0.005,MCC
9,7,67,0.01,MCC
9,7,68,0.005,MCC
9,7,69,0.115,MCC
9,7,70,1,MCC
9,7,71,0.05,MCC
9,7,72,0.02,MCC
9,7,73,0.125,MCC
9,7,74,1,MCC
9,7,75,0.52,MCC
9,7,76,1,MCC
9,7,77,1,MCC
9,7,78,0.345,MCC
9,7,79,1,MCC
9,7,80,0.015,MCC
9,7,81,0.22,MCC
9,7,82,0.135,MCC
9,7,83,0.03,MCC
9,7,84,0.005,MCC
9,7,85,0.065,MCC
9,7,86,0.695,MCC
9,7,87,0.5,MCC
9,7,88,1,MCC
9,7,89,0.895,MCC
9,7,90,1,MCC
9,7,91,1,MCC
9,7,92,0.015,MCC
9,7,93,0.12,MCC
9,7,94,0.555,MCC
9,7,95,1,MCC
9,7,96,0.105,MCC
9,7,97,0.285,MCC
9,7,98,1,MCC
9,7,99,1,MCC
16,35,51,1,CS
16,35,52,1,CS
16,35,53,1,CS
16,35,54,0.92,CS
16,35,55,1,CS
16,35,56,1,CS
16,35,57,1,CS
16,35,58,1,CS
16,35,59,1,CS
16,35,60,1,CS
16,35,61,1,CS
16,35,62,1,CS
16,35,63,1,CS
5,4,51,1,CS
5,4,52,0.815,CS
5,4,53,0.85,CS
5,4,54,0.8,CS
5,4,55,0.87,CS
5,4,56,1,CS
5,4,57,0.97,CS
5,4,58,1,CS
5,4,59,1,CS
5,4,60,0.965,CS
5,4,61,1,CS
5,4,62,1,CS
5,4,63,1,CS
5,4,64,0.785,CS
5,4,65,0.8,CS
5,4,66,1,CS
5,4,67,1,CS
5,4,68,1,CS
5,4,69,1,CS
5,4,70,0.915,CS
5,4,71,1,CS
5,4,72,1,CS
5,4,73,1,CS
5,4,74,1,CS
5,4,75,1,CS
5,4,76,0.615,CS
5,4,77,1,CS
5,4,78,1,CS
5,4,79,1,CS
5,4,80,1,CS
5,4,81,0.99,CS
5,4,82,0.86,CS
5,4,83,1,CS
5,4,84,1,CS
5,4,85,1,CS
16,35,51,NA,MCC
16,35,52,0.005,MCC
16,35,53,0.005,MCC
16,35,54,0.02,MCC
16,35,55,0.005,MCC
16,35,56,0.005,MCC
16,35,57,0.02,MCC
16,35,58,1,MCC
16,35,59,0.47,MCC
16,35,60,0.035,MCC
16,35,61,0.445,MCC
16,35,62,1,MCC
16,35,63,1,MCC
16,35,64,1,MCC
16,35,65,1,MCC
16,35,66,0.005,MCC
16,35,67,0.005,MCC
16,35,68,0.07,MCC
16,35,69,0.92,MCC
16,35,70,1,MCC
16,35,71,0.03,MCC
16,35,72,0.005,MCC
16,35,73,0.005,MCC
16,35,74,0.005,MCC
16,35,75,0.01,MCC
16,35,76,0.005,MCC
16,35,77,0.005,MCC
16,35,78,0.02,MCC
16,35,79,1,MCC
16,35,80,1,MCC
16,35,81,1,MCC
16,35,82,0.01,MCC
16,35,83,0.015,MCC
16,35,84,0.27,MCC
16,35,85,1,MCC
16,35,86,0.005,MCC
16,35,87,1,MCC
16,35,88,0.005,MCC
16,35,89,0.055,MCC
16,35,90,0.275,MCC
16,35,91,0.005,MCC
16,35,92,0.005,MCC
16,35,93,0.005,MCC
16,35,94,0.025,MCC
16,35,95,0.05,MCC
16,35,96,0.215,MCC
16,35,97,0.005,MCC
16,35,98,0.015,MCC
16,35,99,0.1,MCC
5,4,51,NA,MCC
5,4,52,0.09,MCC
5,4,53,1,MCC
5,4,54,0.2,MCC
5,4,55,0.02,MCC
5,4,56,0.05,MCC
5,4,57,0.365,MCC
5,4,58,0.915,MCC
5,4,59,1,MCC
5,4,60,1,MCC
5,4,61,1,MCC
5,4,62,1,MCC
5,4,63,0.21,MCC
5,4,64,0.2,MCC
5,4,65,1,MCC
5,4,66,0.295,MCC
5,4,67,0.245,MCC
5,4,68,1,MCC
5,4,69,1,MCC
5,4,70,1,MCC
5,4,71,0.23,MCC
5,4,72,1,MCC
5,4,73,0.25,MCC
5,4,74,1,MCC
5,4,75,0.1,MCC
5,4,76,0.815,MCC
5,4,77,1,MCC
5,4,78,0.965,MCC
5,4,79,1,MCC
5,4,80,1,MCC
5,4,81,1,MCC
5,4,82,0.85,MCC
5,4,83,0.085,MCC
5,4,84,1,MCC
5,4,85,0.49,MCC
5,4,86,0.87,MCC
5,4,87,1,MCC
5,4,88,0.97,MCC
5,4,89,1,MCC
5,4,90,0.125,MCC
5,4,91,0.34,MCC
5,4,92,0.99,MCC
5,4,93,0.86,MCC
5,4,94,0.785,MCC
5,4,95,1,MCC
5,4,96,0.8,MCC
5,4,97,1,MCC
5,4,98,1,MCC
5,4,99,1,MCC
6,12,51,1,CS
6,12,52,0.77,CS
6,12,53,1,CS
6,12,54,1,CS
6,12,55,1,CS
6,12,56,1,CS
6,12,57,0.975,CS
6,12,58,0.965,CS
6,12,59,1,CS
6,12,60,0.95,CS
6,12,61,1,CS
6,12,62,0.96,CS
6,12,63,0.995,CS
6,12,64,1,CS
6,12,65,1,CS
6,12,66,1,CS
6,12,67,1,CS
6,12,68,1,CS
6,12,69,0.97,CS
6,12,70,0.905,CS
6,12,71,0.99,CS
6,12,72,1,CS
6,12,73,0.655,CS
6,12,51,NA,MCC
6,12,52,0.975,MCC
6,12,53,0.965,MCC
6,12,54,1,MCC
6,12,55,0.95,MCC
6,12,56,1,MCC
6,12,57,0.155,MCC
6,12,58,0.08,MCC
6,12,59,0.015,MCC
6,12,60,0.02,MCC
6,12,61,1,MCC
6,12,62,0.06,MCC
6,12,63,0.97,MCC
6,12,64,0.905,MCC
6,12,65,0.125,MCC
6,12,66,0.06,MCC
6,12,67,0.17,MCC
6,12,68,0.655,MCC
6,12,69,1,MCC
6,12,70,1,MCC
6,12,71,0.99,MCC
6,12,72,0.075,MCC
6,12,73,0.13,MCC
6,12,74,0.02,MCC
6,12,75,0.015,MCC
6,12,76,0.065,MCC
6,12,77,0.145,MCC
6,12,78,1,MCC
6,12,79,1,MCC
6,12,80,0.02,MCC
6,12,81,0.96,MCC
6,12,82,0.995,MCC
6,12,83,0.345,MCC
6,12,84,1,MCC
6,12,85,0.26,MCC
6,12,86,0.77,MCC
6,12,87,0.075,MCC
6,12,88,0.135,MCC
6,12,89,1,MCC
6,12,90,1,MCC
6,12,91,0.025,MCC
6,12,92,0.065,MCC
6,12,93,1,MCC
6,12,94,0.5,MCC
6,12,95,1,MCC
6,12,96,0.035,MCC
6,12,97,0.08,MCC
6,12,98,0.285,MCC
6,12,99,0.185,MCC
11,49,51,1,CS
11,49,52,0.995,CS
11,49,53,1,CS
11,49,54,0.85,CS
11,49,55,0.925,CS
11,49,56,0.52,CS
11,49,57,1,CS
11,49,58,1,CS
11,49,59,0.635,CS
11,49,60,0.99,CS
11,49,61,1,CS
11,49,62,1,CS
11,49,63,1,CS
11,49,64,0.67,CS
11,49,65,1,CS
11,49,66,1,CS
11,49,67,0.865,CS
11,49,51,NA,MCC
11,49,52,0.005,MCC
11,49,53,0.005,MCC
11,49,54,0.055,MCC
11,49,55,0.44,MCC
11,49,56,0.285,MCC
11,49,57,0.865,MCC
11,49,58,0.995,MCC
11,49,59,0.315,MCC
11,49,60,1,MCC
11,49,61,0.85,MCC
11,49,62,0.005,MCC
11,49,63,0.005,MCC
11,49,64,0.015,MCC
11,49,65,0.035,MCC
11,49,66,0.005,MCC
11,49,67,0.02,MCC
11,49,68,0.005,MCC
11,49,69,0.02,MCC
11,49,70,1,MCC
11,49,71,0.005,MCC
11,49,72,0.01,MCC
11,49,73,0.925,MCC
11,49,74,0.41,MCC
11,49,75,1,MCC
11,49,76,1,MCC
11,49,77,0.045,MCC
11,49,78,0.635,MCC
11,49,79,0.99,MCC
11,49,80,1,MCC
11,49,81,0.005,MCC
11,49,82,0.005,MCC
11,49,83,0.005,MCC
11,49,84,0.005,MCC
11,49,85,0.015,MCC
11,49,86,0.18,MCC
11,49,87,0.26,MCC
11,49,88,0.105,MCC
11,49,89,1,MCC
11,49,90,1,MCC
11,49,91,0.035,MCC
11,49,92,0.18,MCC
11,49,93,0.05,MCC
11,49,94,0.245,MCC
11,49,95,0.67,MCC
11,49,96,1,MCC
11,49,97,0.005,MCC
11,49,98,0.02,MCC
11,49,99,0.155,MCC
2,26,51,1,CS
2,26,52,1,CS
2,26,53,0.585,CS
2,26,54,1,CS
2,26,55,1,CS
2,26,56,1,CS
2,26,57,1,CS
2,26,58,1,CS
2,26,59,1,CS
2,26,60,1,CS
2,26,61,0.75,CS
2,26,62,0.755,CS
2,26,63,0.995,CS
2,26,64,1,CS
2,26,65,1,CS
2,26,66,1,CS
2,26,67,1,CS
2,26,68,0.995,CS
2,26,69,0.885,CS
2,26,70,1,CS
2,26,71,0.965,CS
2,26,72,0.715,CS
2,26,73,1,CS
2,26,74,1,CS
2,26,75,1,CS
2,26,76,1,CS
2,26,77,1,CS
2,26,78,1,CS
2,26,79,0.995,CS
2,26,80,1,CS
2,26,81,1,CS
2,26,82,1,CS
2,26,83,1,CS
2,26,84,1,CS
2,26,85,1,CS
2,26,86,0.545,CS
2,26,87,1,CS
2,26,88,1,CS
2,26,89,1,CS
2,26,90,1,CS
2,26,51,NA,MCC
2,26,52,0.1,MCC
2,26,53,0.32,MCC
2,26,54,1,MCC
2,26,55,0.485,MCC
2,26,56,1,MCC
2,26,57,1,MCC
2,26,58,1,MCC
2,26,59,1,MCC
2,26,60,0.585,MCC
2,26,61,0.75,MCC
2,26,62,0.755,MCC
2,26,63,0.995,MCC
2,26,64,1,MCC
2,26,65,1,MCC
2,26,66,1,MCC
2,26,67,1,MCC
2,26,68,1,MCC
2,26,69,1,MCC
2,26,70,1,MCC
2,26,71,1,MCC
2,26,72,1,MCC
2,26,73,1,MCC
2,26,74,0.085,MCC
2,26,75,0.545,MCC
2,26,76,1,MCC
2,26,77,1,MCC
2,26,78,1,MCC
2,26,79,1,MCC
2,26,80,0.21,MCC
2,26,81,0.34,MCC
2,26,82,1,MCC
2,26,83,1,MCC
2,26,84,0.995,MCC
2,26,85,0.455,MCC
2,26,86,0.885,MCC
2,26,87,1,MCC
2,26,88,0.965,MCC
2,26,89,0.715,MCC
2,26,90,1,MCC
2,26,91,0.43,MCC
2,26,92,0.33,MCC
2,26,93,1,MCC
2,26,94,1,MCC
2,26,95,1,MCC
2,26,96,0.995,MCC
2,26,97,1,MCC
2,26,98,1,MCC
2,26,99,1,MCC
17,35,51,1,CS
17,35,52,0.685,CS
17,35,53,0.98,CS
17,35,54,1,CS
17,35,55,1,CS
17,35,56,0.54,CS
17,35,57,1,CS
17,35,58,1,CS
17,35,59,1,CS
17,35,60,1,CS
17,35,61,1,CS
17,35,62,1,CS
17,35,63,1,CS
17,35,64,1,CS
17,35,65,1,CS
17,35,66,0.745,CS
17,35,51,NA,MCC
17,35,52,NA,MCC
17,35,53,0.005,MCC
17,35,54,0.005,MCC
17,35,55,0.01,MCC
17,35,56,0.115,MCC
17,35,57,0.035,MCC
17,35,58,0.005,MCC
17,35,59,0.005,MCC
17,35,60,0.005,MCC
17,35,61,0.02,MCC
17,35,62,0.005,MCC
17,35,63,0.025,MCC
17,35,64,0.065,MCC
17,35,65,0.745,MCC
17,35,66,0.54,MCC
17,35,67,1,MCC
17,35,68,1,MCC
17,35,69,1,MCC
17,35,70,0.005,MCC
17,35,71,0.005,MCC
17,35,72,0.01,MCC
17,35,73,0.045,MCC
17,35,74,1,MCC
17,35,75,0.03,MCC
17,35,76,0.325,MCC
17,35,77,0.475,MCC
17,35,78,0.12,MCC
17,35,79,0.005,MCC
17,35,80,0.005,MCC
17,35,81,0.35,MCC
17,35,82,0.005,MCC
17,35,83,0.015,MCC
17,35,84,0.035,MCC
17,35,85,1,MCC
17,35,86,1,MCC
17,35,87,1,MCC
17,35,88,0.005,MCC
17,35,89,0.005,MCC
17,35,90,0.005,MCC
17,35,91,0.04,MCC
17,35,92,1,MCC
17,35,93,1,MCC
17,35,94,0.02,MCC
17,35,95,0.685,MCC
17,35,96,1,MCC
17,35,97,0.98,MCC
17,35,98,1,MCC
17,35,99,0.15,MCC
1,8,51,1,CS
1,8,52,0.865,CS
1,8,53,0.84,CS
1,8,54,0.95,CS
1,8,55,0.99,CS
1,8,56,0.735,CS
1,8,57,1,CS
1,8,58,0.69,CS
1,8,59,1,CS
1,8,60,1,CS
1,8,61,1,CS
1,8,62,1,CS
1,8,63,1,CS
1,8,64,0.555,CS
1,8,65,1,CS
1,8,66,1,CS
1,8,67,0.93,CS
1,8,68,1,CS
1,8,69,1,CS
1,8,70,1,CS
1,8,71,1,CS
1,8,72,1,CS
1,8,73,1,CS
1,8,74,1,CS
1,8,75,1,CS
1,8,76,0.67,CS
1,8,77,1,CS
1,8,78,0.995,CS
1,8,79,1,CS
1,8,80,1,CS
1,8,81,1,CS
1,8,82,1,CS
1,8,83,1,CS
1,8,84,1,CS
1,8,85,1,CS
1,8,86,1,CS
1,8,87,1,CS
1,8,88,0.965,CS
1,8,89,0.81,CS
1,8,90,1,CS
1,8,91,1,CS
1,8,92,1,CS
1,8,93,1,CS
1,8,94,1,CS
1,8,95,1,CS
1,8,51,NA,MCC
1,8,52,0.865,MCC
1,8,53,0.995,MCC
1,8,54,0.26,MCC
1,8,55,0.2,MCC
1,8,56,0.43,MCC
1,8,57,1,MCC
1,8,58,1,MCC
1,8,59,1,MCC
1,8,60,1,MCC
1,8,61,1,MCC
1,8,62,1,MCC
1,8,63,0.965,MCC
1,8,64,0.81,MCC
1,8,65,1,MCC
1,8,66,1,MCC
1,8,67,1,MCC
1,8,68,1,MCC
1,8,69,1,MCC
1,8,70,1,MCC
1,8,71,0.84,MCC
1,8,72,0.95,MCC
1,8,73,0.99,MCC
1,8,74,0.735,MCC
1,8,75,1,MCC
1,8,76,0.69,MCC
1,8,77,1,MCC
1,8,78,1,MCC
1,8,79,1,MCC
1,8,80,1,MCC
1,8,81,0.555,MCC
1,8,82,1,MCC
1,8,83,1,MCC
1,8,84,1,MCC
1,8,85,0.93,MCC
1,8,86,1,MCC
1,8,87,1,MCC
1,8,88,1,MCC
1,8,89,1,MCC
1,8,90,1,MCC
1,8,91,1,MCC
1,8,92,1,MCC
1,8,93,1,MCC
1,8,94,0.67,MCC
1,8,95,1,MCC
1,8,96,1,MCC
1,8,97,0.38,MCC
1,8,98,1,MCC
1,8,99,1,MCC
17,44,51,1,CS
17,44,52,0.995,CS
17,44,53,0.665,CS
17,44,54,1,CS
17,44,55,1,CS
17,44,56,1,CS
17,44,57,1,CS
17,44,58,0.995,CS
17,44,59,1,CS
17,44,60,1,CS
17,44,61,1,CS
17,44,62,1,CS
17,44,63,1,CS
17,44,64,1,CS
16,17,51,1,CS
16,17,52,0.81,CS
16,17,53,0.62,CS
16,17,54,1,CS
16,17,55,1,CS
16,17,56,0.605,CS
16,17,57,1,CS
16,17,51,NA,MCC
16,17,52,0.005,MCC
16,17,53,0.005,MCC
16,17,54,0.005,MCC
16,17,55,0.005,MCC
16,17,56,0.005,MCC
16,17,57,0.605,MCC
16,17,58,0.305,MCC
16,17,59,0.005,MCC
16,17,60,0.005,MCC
16,17,61,0.045,MCC
16,17,62,0.03,MCC
16,17,63,0.005,MCC
16,17,64,0.02,MCC
16,17,65,0.02,MCC
16,17,66,1,MCC
16,17,67,0.005,MCC
16,17,68,0.005,MCC
16,17,69,0.005,MCC
16,17,70,0.02,MCC
16,17,71,0.065,MCC
16,17,72,0.005,MCC
16,17,73,0.005,MCC
16,17,74,0.005,MCC
16,17,75,0.005,MCC
16,17,76,0.065,MCC
16,17,77,0.01,MCC
16,17,78,0.035,MCC
16,17,79,0.005,MCC
16,17,80,0.005,MCC
16,17,81,0.005,MCC
16,17,82,0.005,MCC
16,17,83,0.01,MCC
16,17,84,1,MCC
16,17,85,0.135,MCC
16,17,86,0.025,MCC
16,17,87,0.005,MCC
16,17,88,0.005,MCC
16,17,89,0.005,MCC
16,17,90,0.025,MCC
16,17,91,0.04,MCC
16,17,92,1,MCC
16,17,93,0.015,MCC
16,17,94,0.005,MCC
16,17,95,0.005,MCC
16,17,96,0.025,MCC
16,17,97,0.02,MCC
16,17,98,0.81,MCC
16,17,99,0.31,MCC
17,44,51,NA,MCC
17,44,52,0.005,MCC
17,44,53,0.005,MCC
17,44,54,0.005,MCC
17,44,55,0.005,MCC
17,44,56,0.015,MCC
17,44,57,1,MCC
17,44,58,0.005,MCC
17,44,59,0.01,MCC
17,44,60,0.06,MCC
17,44,61,0.2,MCC
17,44,62,1,MCC
17,44,63,0.005,MCC
17,44,64,0.03,MCC
17,44,65,0.005,MCC
17,44,66,0.005,MCC
17,44,67,0.005,MCC
17,44,68,0.005,MCC
17,44,69,0.075,MCC
17,44,70,1,MCC
17,44,71,1,MCC
17,44,72,0.105,MCC
17,44,73,0.155,MCC
17,44,74,1,MCC
17,44,75,1,MCC
17,44,76,0.005,MCC
17,44,77,0.02,MCC
17,44,78,0.995,MCC
17,44,79,0.005,MCC
17,44,80,0.01,MCC
17,44,81,0.01,MCC
17,44,82,0.005,MCC
17,44,83,0.045,MCC
17,44,84,0.11,MCC
17,44,85,0.995,MCC
17,44,86,0.2,MCC
17,44,87,1,MCC
17,44,88,0.005,MCC
17,44,89,0.005,MCC
17,44,90,0.005,MCC
17,44,91,0.015,MCC
17,44,92,0.16,MCC
17,44,93,0.005,MCC
17,44,94,0.015,MCC
17,44,95,1,MCC
17,44,96,0.43,MCC
17,44,97,1,MCC
17,44,98,0.03,MCC
17,44,99,1,MCC
12,49,51,1,CS
12,49,51,NA,MCC
12,49,52,0.005,MCC
12,49,53,0.005,MCC
12,49,54,0.02,MCC
12,49,55,0.005,MCC
12,49,56,0.005,MCC
12,49,57,0.005,MCC
12,49,58,0.015,MCC
12,49,59,0.005,MCC
12,49,60,0.025,MCC
12,49,61,0.005,MCC
12,49,62,0.015,MCC
12,49,63,0.03,MCC
12,49,64,0.005,MCC
12,49,65,0.005,MCC
12,49,66,0.025,MCC
12,49,67,0.015,MCC
12,49,68,0.035,MCC
12,49,69,0.005,MCC
12,49,70,0.005,MCC
12,49,71,0.005,MCC
12,49,72,0.005,MCC
12,49,73,0.03,MCC
12,49,74,0.005,MCC
12,49,75,0.005,MCC
12,49,76,0.005,MCC
12,49,77,0.015,MCC
12,49,78,0.005,MCC
12,49,79,0.02,MCC
12,49,80,0.02,MCC
12,49,81,0.015,MCC
12,49,82,0.005,MCC
12,49,83,0.005,MCC
12,49,84,0.01,MCC
12,49,85,0.005,MCC
12,49,86,0.02,MCC
12,49,87,0.005,MCC
12,49,88,0.005,MCC
12,49,89,0.005,MCC
12,49,90,0.01,MCC
12,49,91,0.015,MCC
12,49,92,0.005,MCC
12,49,93,0.005,MCC
12,49,94,0.03,MCC
12,49,95,0.015,MCC
12,49,96,0.005,MCC
12,49,97,0.01,MCC
12,49,98,0.02,MCC
12,49,99,0.025,MCC
7,12,51,1,CS
7,12,52,0.985,CS
7,12,53,0.99,CS
7,12,54,0.98,CS
7,12,55,0.645,CS
7,12,56,1,CS
7,12,57,0.995,CS
7,12,58,0.98,CS
7,12,59,0.865,CS
7,12,60,1,CS
7,12,61,1,CS
7,12,62,1,CS
7,12,63,1,CS
7,12,64,1,CS
7,12,65,0.765,CS
7,12,66,1,CS
7,12,67,1,CS
7,12,68,0.975,CS
7,12,69,1,CS
7,12,70,1,CS
7,12,71,0.98,CS
7,12,72,0.915,CS
7,12,73,0.655,CS
14,30,51,1,CS
14,30,52,0.585,CS
14,30,53,0.965,CS
14,30,54,1,CS
14,30,55,1,CS
14,30,56,1,CS
14,30,57,1,CS
14,30,58,1,CS
14,30,59,1,CS
14,30,60,1,CS
14,30,61,1,CS
14,30,62,1,CS
14,30,63,1,CS
14,30,64,1,CS
14,21,51,1,CS
14,21,52,1,CS
14,21,53,1,CS
14,21,54,1,CS
14,21,55,1,CS
14,21,56,1,CS
14,21,57,1,CS
14,21,58,0.7,CS
14,21,59,1,CS
14,21,60,1,CS
14,21,61,1,CS
14,21,62,1,CS
14,21,63,1,CS
14,21,64,1,CS
14,21,65,1,CS
14,21,66,1,CS
14,21,67,1,CS
14,21,68,1,CS
14,21,69,1,CS
3,26,51,1,CS
3,26,52,0.6,CS
3,26,53,0.705,CS
3,26,54,0.96,CS
3,26,55,1,CS
3,26,56,1,CS
3,26,57,1,CS
3,26,58,1,CS
3,26,59,1,CS
3,26,60,1,CS
3,26,61,1,CS
3,26,62,0.995,CS
3,26,63,0.995,CS
3,26,64,1,CS
3,26,65,0.98,CS
3,26,66,0.525,CS
3,26,67,0.8,CS
3,26,68,0.7,CS
3,26,69,0.63,CS
3,26,70,0.51,CS
3,26,71,1,CS
3,26,72,0.77,CS
3,26,73,0.905,CS
3,26,74,1,CS
3,26,75,1,CS
3,26,76,1,CS
3,26,77,0.67,CS
3,26,78,1,CS
3,26,79,0.805,CS
3,26,80,1,CS
3,26,81,1,CS
3,26,82,1,CS
3,26,83,0.535,CS
3,26,84,1,CS
3,26,85,1,CS
3,26,86,1,CS
3,26,87,1,CS
3,26,88,0.995,CS
3,26,89,1,CS
3,26,90,1,CS
3,26,91,1,CS
3,26,92,0.99,CS
3,26,93,1,CS
3,26,94,0.99,CS
7,12,51,NA,MCC
7,12,52,0.04,MCC
7,12,53,0.16,MCC
7,12,54,0.355,MCC
7,12,55,0.4,MCC
7,12,56,0.98,MCC
7,12,57,0.2,MCC
7,12,58,0.915,MCC
7,12,59,0.405,MCC
7,12,60,0.295,MCC
7,12,61,0.985,MCC
7,12,62,0.99,MCC
7,12,63,0.98,MCC
7,12,64,0.285,MCC
7,12,65,1,MCC
7,12,66,0.03,MCC
7,12,67,0.015,MCC
7,12,68,0.005,MCC
7,12,69,0.395,MCC
7,12,70,1,MCC
7,12,71,0.005,MCC
7,12,72,0.01,MCC
7,12,73,1,MCC
7,12,74,0.045,MCC
7,12,75,0.02,MCC
7,12,76,0.015,MCC
7,12,77,0.01,MCC
7,12,78,0.08,MCC
7,12,79,0.15,MCC
7,12,80,0.08,MCC
7,12,81,1,MCC
7,12,82,0.765,MCC
7,12,83,1,MCC
7,12,84,0.03,MCC
7,12,85,0.975,MCC
7,12,86,0.005,MCC
7,12,87,0.005,MCC
7,12,88,0.055,MCC
7,12,89,0.025,MCC
7,12,90,0.335,MCC
7,12,91,1,MCC
7,12,92,1,MCC
7,12,93,1,MCC
7,12,94,1,MCC
7,12,95,0.655,MCC
7,12,96,0.995,MCC
7,12,97,0.98,MCC
7,12,98,0.065,MCC
7,12,99,1,MCC
14,30,51,NA,MCC
14,30,52,0.005,MCC
14,30,53,0.005,MCC
14,30,54,0.025,MCC
14,30,55,1,MCC
14,30,56,0.05,MCC
14,30,57,1,MCC
14,30,58,0.005,MCC
14,30,59,0.005,MCC
14,30,60,0.005,MCC
14,30,61,0.035,MCC
14,30,62,0.165,MCC
14,30,63,1,MCC
14,30,64,1,MCC
14,30,65,0.005,MCC
14,30,66,0.175,MCC
14,30,67,0.005,MCC
14,30,68,0.005,MCC
14,30,69,0.005,MCC
14,30,70,0.005,MCC
14,30,71,0.005,MCC
14,30,72,0.005,MCC
14,30,73,0.015,MCC
14,30,74,0.005,MCC
14,30,75,0.055,MCC
14,30,76,1,MCC
14,30,77,0.07,MCC
14,30,78,0.005,MCC
14,30,79,0.005,MCC
14,30,80,0.005,MCC
14,30,81,0.005,MCC
14,30,82,0.015,MCC
14,30,83,0.075,MCC
14,30,84,1,MCC
14,30,85,0.005,MCC
14,30,86,0.02,MCC
14,30,87,0.585,MCC
14,30,88,0.965,MCC
14,30,89,1,MCC
14,30,90,1,MCC
14,30,91,1,MCC
14,30,92,0.035,MCC
14,30,93,0.005,MCC
14,30,94,0.02,MCC
14,30,95,0.06,MCC
14,30,96,1,MCC
14,30,97,0.005,MCC
14,30,98,0.08,MCC
14,30,99,1,MCC
14,21,51,NA,MCC
14,21,52,1,MCC
14,21,53,1,MCC
14,21,54,0.015,MCC
14,21,55,0.005,MCC
14,21,56,0.005,MCC
14,21,57,0.025,MCC
14,21,58,1,MCC
14,21,59,0.005,MCC
14,21,60,0.015,MCC
14,21,61,0.005,MCC
14,21,62,0.005,MCC
14,21,63,0.005,MCC
14,21,64,0.005,MCC
14,21,65,0.005,MCC
14,21,66,0.05,MCC
14,21,67,1,MCC
14,21,68,0.005,MCC
14,21,69,0.03,MCC
14,21,70,0.285,MCC
14,21,71,0.21,MCC
14,21,72,1,MCC
14,21,73,1,MCC
14,21,74,1,MCC
14,21,75,1,MCC
14,21,76,1,MCC
14,21,77,1,MCC
14,21,78,0.01,MCC
14,21,79,0.045,MCC
14,21,80,1,MCC
14,21,81,0.125,MCC
14,21,82,0.005,MCC
14,21,83,0.015,MCC
14,21,84,0.2,MCC
14,21,85,1,MCC
14,21,86,1,MCC
14,21,87,1,MCC
14,21,88,0.005,MCC
14,21,89,0.01,MCC
14,21,90,1,MCC
14,21,91,0.005,MCC
14,21,92,0.005,MCC
14,21,93,0.095,MCC
14,21,94,1,MCC
14,21,95,0.02,MCC
14,21,96,0.7,MCC
14,21,97,1,MCC
14,21,98,0.06,MCC
14,21,99,0.025,MCC
3,26,51,NA,MCC
3,26,52,0.6,MCC
3,26,53,0.18,MCC
3,26,54,0.35,MCC
3,26,55,0.49,MCC
3,26,56,1,MCC
3,26,57,1,MCC
3,26,58,0.995,MCC
3,26,59,0.455,MCC
3,26,60,0.705,MCC
3,26,61,0.98,MCC
3,26,62,0.525,MCC
3,26,63,0.8,MCC
3,26,64,0.96,MCC
3,26,65,0.995,MCC
3,26,66,0.995,MCC
3,26,67,1,MCC
3,26,68,1,MCC
3,26,69,1,MCC
3,26,70,1,MCC
3,26,71,1,MCC
3,26,72,1,MCC
3,26,73,1,MCC
3,26,74,1,MCC
3,26,75,1,MCC
3,26,76,1,MCC
3,26,77,1,MCC
3,26,78,0.255,MCC
3,26,79,1,MCC
3,26,80,0.7,MCC
3,26,81,0.63,MCC
3,26,82,0.67,MCC
3,26,83,0.805,MCC
3,26,84,1,MCC
3,26,85,1,MCC
3,26,86,0.415,MCC
3,26,87,0.51,MCC
3,26,88,1,MCC
3,26,89,0.77,MCC
3,26,90,0.905,MCC
3,26,91,1,MCC
3,26,92,1,MCC
3,26,93,1,MCC
3,26,94,1,MCC
3,26,95,1,MCC
3,26,96,0.99,MCC
3,26,97,1,MCC
3,26,98,0.99,MCC
3,26,99,1,MCC
2,35,51,1,CS
2,35,52,0.555,CS
2,35,53,0.63,CS
2,35,54,0.985,CS
2,35,55,1,CS
2,35,56,1,CS
2,35,57,1,CS
2,35,58,1,CS
2,35,59,1,CS
2,35,60,1,CS
2,35,61,1,CS
2,35,62,1,CS
2,35,63,0.675,CS
2,35,64,0.99,CS
2,35,65,1,CS
2,35,66,1,CS
2,35,67,0.995,CS
2,35,68,1,CS
2,35,69,1,CS
2,35,70,1,CS
2,35,71,0.995,CS
2,35,72,0.51,CS
2,35,73,1,CS
2,35,74,0.59,CS
2,35,75,1,CS
2,35,76,0.67,CS
2,35,77,0.61,CS
2,35,78,1,CS
2,35,79,1,CS
2,35,80,1,CS
2,35,81,1,CS
2,35,82,1,CS
2,35,83,1,CS
2,35,84,1,CS
2,35,85,1,CS
2,35,86,0.62,CS
2,35,87,1,CS
2,35,88,1,CS
2,35,89,1,CS
2,35,90,1,CS
2,35,91,1,CS
2,35,92,1,CS
2,35,51,NA,MCC
2,35,52,0.195,MCC
2,35,53,1,MCC
2,35,54,1,MCC
2,35,55,1,MCC
2,35,56,1,MCC
2,35,57,0.995,MCC
2,35,58,1,MCC
2,35,59,0.51,MCC
2,35,60,1,MCC
2,35,61,1,MCC
2,35,62,1,MCC
2,35,63,1,MCC
2,35,64,0.62,MCC
2,35,65,1,MCC
2,35,66,0.46,MCC
2,35,67,0.59,MCC
2,35,68,1,MCC
2,35,69,1,MCC
2,35,70,1,MCC
2,35,71,1,MCC
2,35,72,1,MCC
2,35,73,0.365,MCC
2,35,74,0.67,MCC
2,35,75,0.61,MCC
2,35,76,1,MCC
2,35,77,0.63,MCC
2,35,78,0.09,MCC
2,35,79,0.985,MCC
2,35,80,1,MCC
2,35,81,1,MCC
2,35,82,1,MCC
2,35,83,1,MCC
2,35,84,1,MCC
2,35,85,1,MCC
2,35,86,1,MCC
2,35,87,1,MCC
2,35,88,0.1,MCC
2,35,89,0.33,MCC
2,35,90,0.995,MCC
2,35,91,1,MCC
2,35,92,1,MCC
2,35,93,0.445,MCC
2,35,94,0.22,MCC
2,35,95,0.675,MCC
2,35,96,0.99,MCC
2,35,97,1,MCC
2,35,98,1,MCC
2,35,99,1,MCC
10,8,51,1,CS
10,8,52,0.64,CS
10,8,53,1,CS
10,8,54,1,CS
10,8,55,1,CS
10,8,56,1,CS
10,8,57,1,CS
10,8,58,0.99,CS
10,8,59,0.79,CS
10,8,60,1,CS
10,8,61,0.81,CS
10,8,62,1,CS
10,8,63,0.95,CS
10,8,64,1,CS
10,8,65,0.865,CS
10,8,66,1,CS
10,8,67,1,CS
10,8,68,1,CS
10,8,51,NA,MCC
10,8,52,0.005,MCC
10,8,53,0.005,MCC
10,8,54,0.005,MCC
10,8,55,0.005,MCC
10,8,56,0.005,MCC
10,8,57,0.025,MCC
10,8,58,0.425,MCC
10,8,59,0.3,MCC
10,8,60,0.81,MCC
10,8,61,1,MCC
10,8,62,0.005,MCC
10,8,63,0.005,MCC
10,8,64,0.115,MCC
10,8,65,0.32,MCC
10,8,66,1,MCC
10,8,67,1,MCC
10,8,68,0.99,MCC
10,8,69,0.255,MCC
10,8,70,1,MCC
10,8,71,0.005,MCC
10,8,72,0.01,MCC
10,8,73,0.435,MCC
10,8,74,0.865,MCC
10,8,75,1,MCC
10,8,76,0.005,MCC
10,8,77,0.005,MCC
10,8,78,0.005,MCC
10,8,79,0.01,MCC
10,8,80,0.045,MCC
10,8,81,0.315,MCC
10,8,82,1,MCC
10,8,83,0.95,MCC
10,8,84,0.005,MCC
10,8,85,0.005,MCC
10,8,86,0.04,MCC
10,8,87,0.05,MCC
10,8,88,0.07,MCC
10,8,89,0.64,MCC
10,8,90,0.385,MCC
10,8,91,1,MCC
10,8,92,1,MCC
10,8,93,1,MCC
10,8,94,0.07,MCC
10,8,95,1,MCC
10,8,96,0.01,MCC
10,8,97,0.79,MCC
10,8,98,1,MCC
10,8,99,0.135,MCC
15,30,51,1,CS
15,30,52,0.545,CS
15,30,53,1,CS
15,30,54,0.99,CS
15,30,55,0.58,CS
15,30,56,1,CS
15,30,57,0.755,CS
15,30,58,1,CS
15,30,59,1,CS
15,30,60,1,CS
15,30,61,1,CS
15,30,62,1,CS
15,30,63,1,CS
15,30,64,1,CS
15,30,51,NA,MCC
15,30,52,0.005,MCC
15,30,53,0.005,MCC
15,30,54,0.015,MCC
15,30,55,0.005,MCC
15,30,56,0.005,MCC
15,30,57,0.005,MCC
15,30,58,0.08,MCC
15,30,59,0.005,MCC
15,30,60,0.005,MCC
15,30,61,0.005,MCC
15,30,62,0.03,MCC
15,30,63,0.13,MCC
15,30,64,1,MCC
15,30,65,0.075,MCC
15,30,66,0.005,MCC
15,30,67,0.025,MCC
15,30,68,1,MCC
15,30,69,0.755,MCC
15,30,70,0.005,MCC
15,30,71,0.005,MCC
15,30,72,0.005,MCC
15,30,73,0.08,MCC
15,30,74,0.005,MCC
15,30,75,0.04,MCC
15,30,76,0.105,MCC
15,30,77,1,MCC
15,30,78,0.005,MCC
15,30,79,0.025,MCC
15,30,80,0.005,MCC
15,30,81,0.005,MCC
15,30,82,0.005,MCC
15,30,83,0.01,MCC
15,30,84,0.58,MCC
15,30,85,1,MCC
15,30,86,0.08,MCC
15,30,87,1,MCC
15,30,88,0.005,MCC
15,30,89,0.005,MCC
15,30,90,1,MCC
15,30,91,0.01,MCC
15,30,92,0.06,MCC
15,30,93,1,MCC
15,30,94,0.02,MCC
15,30,95,0.545,MCC
15,30,96,0.435,MCC
15,30,97,0.99,MCC
15,30,98,1,MCC
15,30,99,1,MCC
2,44,51,1,CS
2,44,52,0.54,CS
2,44,53,0.7,CS
2,44,54,1,CS
2,44,55,0.555,CS
2,44,56,1,CS
2,44,57,1,CS
2,44,58,1,CS
2,44,59,1,CS
2,44,60,1,CS
2,44,61,0.515,CS
2,44,62,1,CS
2,44,63,0.77,CS
2,44,64,1,CS
2,44,65,1,CS
2,44,66,0.975,CS
2,44,67,1,CS
2,44,68,1,CS
2,44,69,0.805,CS
2,44,70,1,CS
2,44,71,1,CS
2,44,72,1,CS
2,44,73,1,CS
2,44,74,1,CS
2,44,75,0.955,CS
2,44,76,1,CS
2,44,77,0.745,CS
2,44,78,1,CS
2,44,79,0.55,CS
2,44,80,1,CS
2,44,81,1,CS
2,44,82,1,CS
2,44,83,1,CS
2,44,84,1,CS
2,44,85,1,CS
2,44,86,1,CS
2,44,87,1,CS
2,44,88,1,CS
2,44,89,1,CS
2,44,90,0.995,CS
2,44,91,0.675,CS
2,44,92,0.99,CS
2,44,93,1,CS
2,44,94,1,CS
2,44,95,1,CS
2,44,96,1,CS
3,35,51,1,CS
3,35,52,0.975,CS
3,35,53,1,CS
3,35,54,0.57,CS
3,35,55,0.925,CS
3,35,56,1,CS
3,35,57,1,CS
3,35,58,1,CS
3,35,59,1,CS
3,35,60,1,CS
3,35,61,0.84,CS
3,35,62,0.9,CS
3,35,63,0.59,CS
3,35,64,0.995,CS
3,35,65,0.995,CS
3,35,66,0.87,CS
3,35,67,1,CS
3,35,68,1,CS
3,35,69,1,CS
3,35,70,1,CS
3,35,71,1,CS
3,35,72,1,CS
3,35,73,1,CS
3,35,74,1,CS
3,35,75,1,CS
3,35,76,0.64,CS
3,35,77,0.61,CS
3,35,78,0.95,CS
3,35,79,1,CS
3,35,80,1,CS
3,35,81,1,CS
3,35,82,1,CS
3,35,83,1,CS
3,35,84,1,CS
3,35,85,1,CS
3,35,86,1,CS
3,35,87,1,CS
3,35,88,0.7,CS
3,35,89,1,CS
3,35,90,0.89,CS
3,35,91,0.535,CS
3,35,92,1,CS
3,35,93,1,CS
3,35,94,0.785,CS
2,44,51,NA,MCC
2,44,52,0.495,MCC
2,44,53,0.955,MCC
2,44,54,1,MCC
2,44,55,0.745,MCC
2,44,56,1,MCC
2,44,57,1,MCC
2,44,58,1,MCC
2,44,59,1,MCC
2,44,60,0.55,MCC
2,44,61,1,MCC
2,44,62,1,MCC
2,44,63,1,MCC
2,44,64,1,MCC
2,44,65,1,MCC
2,44,66,1,MCC
2,44,67,1,MCC
2,44,68,0.995,MCC
2,44,69,0.675,MCC
2,44,70,0.99,MCC
2,44,71,0.355,MCC
2,44,72,1,MCC
2,44,73,1,MCC
2,44,74,1,MCC
2,44,75,1,MCC
2,44,76,0.54,MCC
2,44,77,0.7,MCC
2,44,78,0.77,MCC
2,44,79,1,MCC
2,44,80,1,MCC
2,44,81,1,MCC
2,44,82,0.555,MCC
2,44,83,1,MCC
2,44,84,0.515,MCC
2,44,85,1,MCC
2,44,86,1,MCC
2,44,87,1,MCC
2,44,88,1,MCC
2,44,89,1,MCC
2,44,90,0.975,MCC
2,44,91,0.49,MCC
2,44,92,1,MCC
2,44,93,1,MCC
2,44,94,0.805,MCC
2,44,95,1,MCC
2,44,96,1,MCC
2,44,97,1,MCC
2,44,98,1,MCC
2,44,99,1,MCC
3,35,51,NA,MCC
3,35,52,0.4,MCC
3,35,53,0.27,MCC
3,35,54,0.785,MCC
3,35,55,0.975,MCC
3,35,56,0.995,MCC
3,35,57,1,MCC
3,35,58,0.57,MCC
3,35,59,0.925,MCC
3,35,60,1,MCC
3,35,61,0.84,MCC
3,35,62,0.59,MCC
3,35,63,0.9,MCC
3,35,64,1,MCC
3,35,65,1,MCC
3,35,66,1,MCC
3,35,67,1,MCC
3,35,68,0.995,MCC
3,35,69,0.19,MCC
3,35,70,0.87,MCC
3,35,71,0.385,MCC
3,35,72,1,MCC
3,35,73,1,MCC
3,35,74,1,MCC
3,35,75,1,MCC
3,35,76,1,MCC
3,35,77,1,MCC
3,35,78,1,MCC
3,35,79,1,MCC
3,35,80,1,MCC
3,35,81,0.11,MCC
3,35,82,1,MCC
3,35,83,1,MCC
3,35,84,1,MCC
3,35,85,0.7,MCC
3,35,86,1,MCC
3,35,87,0.89,MCC
3,35,88,0.535,MCC
3,35,89,1,MCC
3,35,90,1,MCC
3,35,91,0.64,MCC
3,35,92,0.61,MCC
3,35,93,0.95,MCC
3,35,94,1,MCC
3,35,95,1,MCC
3,35,96,1,MCC
3,35,97,1,MCC
3,35,98,1,MCC
3,35,99,1,MCC
6,4,51,1,CS
6,4,52,1,CS
6,4,53,0.775,CS
6,4,54,0.99,CS
6,4,55,1,CS
6,4,56,1,CS
6,4,57,0.95,CS
6,4,58,1,CS
6,4,59,1,CS
6,4,60,1,CS
6,4,61,1,CS
6,4,62,1,CS
6,4,63,1,CS
6,4,64,1,CS
6,4,65,1,CS
6,4,66,1,CS
6,4,67,0.985,CS
6,4,68,0.865,CS
6,4,69,0.97,CS
6,4,70,0.995,CS
6,4,71,0.975,CS
6,4,72,0.9,CS
6,4,73,0.99,CS
6,4,74,1,CS
6,4,75,0.645,CS
6,4,76,0.99,CS
6,4,77,1,CS
6,4,78,1,CS
6,4,79,1,CS
6,4,80,1,CS
6,4,81,1,CS
6,4,51,NA,MCC
6,4,52,0.055,MCC
6,4,53,0.085,MCC
6,4,54,0.045,MCC
6,4,55,0.95,MCC
6,4,56,1,MCC
6,4,57,1,MCC
6,4,58,1,MCC
6,4,59,1,MCC
6,4,60,0.03,MCC
6,4,61,0.04,MCC
6,4,62,0.195,MCC
6,4,63,0.04,MCC
6,4,64,0.1,MCC
6,4,65,0.18,MCC
6,4,66,0.99,MCC
6,4,67,1,MCC
6,4,68,0.775,MCC
6,4,69,0.99,MCC
6,4,70,1,MCC
6,4,71,1,MCC
6,4,72,0.09,MCC
6,4,73,0.35,MCC
6,4,74,0.99,MCC
6,4,75,1,MCC
6,4,76,1,MCC
6,4,77,1,MCC
6,4,78,0.985,MCC
6,4,79,1,MCC
6,4,80,0.025,MCC
6,4,81,0.975,MCC
6,4,82,0.9,MCC
6,4,83,0.05,MCC
6,4,84,0.26,MCC
6,4,85,1,MCC
6,4,86,0.2,MCC
6,4,87,1,MCC
6,4,88,1,MCC
6,4,89,0.22,MCC
6,4,90,0.385,MCC
6,4,91,0.865,MCC
6,4,92,0.97,MCC
6,4,93,0.995,MCC
6,4,94,0.38,MCC
6,4,95,1,MCC
6,4,96,1,MCC
6,4,97,1,MCC
6,4,98,1,MCC
6,4,99,0.26,MCC
4,26,51,1,CS
4,26,52,0.715,CS
4,26,53,0.585,CS
4,26,54,0.78,CS
4,26,55,1,CS
4,26,56,0.885,CS
4,26,57,0.51,CS
4,26,58,0.99,CS
4,26,59,0.69,CS
4,26,60,0.995,CS
4,26,61,1,CS
4,26,62,1,CS
4,26,63,1,CS
4,26,64,1,CS
4,26,65,1,CS
4,26,66,1,CS
4,26,67,1,CS
4,26,68,1,CS
4,26,69,1,CS
4,26,70,1,CS
4,26,71,0.955,CS
4,26,72,1,CS
4,26,73,0.99,CS
4,26,74,1,CS
4,26,75,0.765,CS
4,26,76,1,CS
4,26,77,1,CS
4,26,78,0.61,CS
4,26,79,1,CS
4,26,80,0.985,CS
4,26,81,1,CS
4,26,82,1,CS
4,26,83,0.7,CS
4,26,84,1,CS
4,26,85,1,CS
4,26,86,0.935,CS
11,8,51,1,CS
11,8,52,1,CS
11,8,53,1,CS
11,8,54,1,CS
11,8,55,1,CS
11,8,56,1,CS
11,8,57,1,CS
11,8,58,0.9,CS
11,8,59,0.995,CS
11,8,60,1,CS
11,8,61,1,CS
11,8,62,1,CS
11,8,63,0.995,CS
11,8,64,1,CS
4,26,51,NA,MCC
4,26,52,NA,MCC
4,26,53,0.035,MCC
4,26,54,0.375,MCC
4,26,55,0.715,MCC
4,26,56,0.585,MCC
4,26,57,0.885,MCC
4,26,58,0.42,MCC
4,26,59,0.51,MCC
4,26,60,0.78,MCC
4,26,61,1,MCC
4,26,62,0.99,MCC
4,26,63,0.69,MCC
4,26,64,0.995,MCC
4,26,65,0.215,MCC
4,26,66,1,MCC
4,26,67,0.02,MCC
4,26,68,0.5,MCC
4,26,69,1,MCC
4,26,70,0.4,MCC
4,26,71,0.765,MCC
4,26,72,1,MCC
4,26,73,1,MCC
4,26,74,0.23,MCC
4,26,75,1,MCC
4,26,76,0.99,MCC
4,26,77,1,MCC
4,26,78,0.955,MCC
4,26,79,1,MCC
4,26,80,0.61,MCC
4,26,81,1,MCC
4,26,82,1,MCC
4,26,83,0.985,MCC
4,26,84,0.13,MCC
4,26,85,0.935,MCC
4,26,86,0.035,MCC
4,26,87,0.085,MCC
4,26,88,0.13,MCC
4,26,89,1,MCC
4,26,90,0.7,MCC
4,26,91,1,MCC
4,26,92,1,MCC
4,26,93,1,MCC
4,26,94,1,MCC
4,26,95,1,MCC
4,26,96,1,MCC
4,26,97,1,MCC
4,26,98,1,MCC
4,26,99,1,MCC
11,8,51,NA,MCC
11,8,52,0.04,MCC
11,8,53,1,MCC
11,8,54,0.005,MCC
11,8,55,0.005,MCC
11,8,56,0.005,MCC
11,8,57,0.005,MCC
11,8,58,0.075,MCC
11,8,59,0.005,MCC
11,8,60,0.01,MCC
11,8,61,0.02,MCC
11,8,62,0.02,MCC
11,8,63,1,MCC
11,8,64,0.025,MCC
11,8,65,1,MCC
11,8,66,1,MCC
11,8,67,1,MCC
11,8,68,0.005,MCC
11,8,69,0.005,MCC
11,8,70,0.005,MCC
11,8,71,0.005,MCC
11,8,72,0.005,MCC
11,8,73,0.015,MCC
11,8,74,0.11,MCC
11,8,75,0.01,MCC
11,8,76,0.165,MCC
11,8,77,0.045,MCC
11,8,78,1,MCC
11,8,79,0.005,MCC
11,8,80,0.01,MCC
11,8,81,0.11,MCC
11,8,82,0.255,MCC
11,8,83,0.9,MCC
11,8,84,0.995,MCC
11,8,85,1,MCC
11,8,86,1,MCC
11,8,87,1,MCC
11,8,88,0.005,MCC
11,8,89,0.005,MCC
11,8,90,0.995,MCC
11,8,91,0.005,MCC
11,8,92,0.025,MCC
11,8,93,1,MCC
11,8,94,0.005,MCC
11,8,95,0.085,MCC
11,8,96,0.005,MCC
11,8,97,0.005,MCC
11,8,98,0.035,MCC
11,8,99,0.055,MCC
17,17,51,1,CS
15,21,51,1,CS
15,21,52,1,CS
15,21,53,1,CS
15,21,54,1,CS
15,21,55,1,CS
15,21,56,0.965,CS
15,21,57,0.55,CS
15,21,58,1,CS
15,21,59,1,CS
15,21,60,1,CS
15,21,61,1,CS
15,21,62,1,CS
15,21,63,1,CS
15,21,64,1,CS
15,21,65,1,CS
15,21,66,1,CS
15,21,67,1,CS
15,21,68,0.635,CS
17,17,51,NA,MCC
17,17,52,0.005,MCC
17,17,53,0.005,MCC
17,17,54,0.005,MCC
17,17,55,0.005,MCC
17,17,56,0.005,MCC
17,17,57,0.005,MCC
17,17,58,0.005,MCC
17,17,59,0.005,MCC
17,17,60,0.025,MCC
17,17,61,0.01,MCC
17,17,62,0.03,MCC
17,17,63,0.005,MCC
17,17,64,0.005,MCC
17,17,65,0.005,MCC
17,17,66,0.005,MCC
17,17,67,0.01,MCC
17,17,68,0.03,MCC
17,17,69,0.02,MCC
17,17,70,0.005,MCC
17,17,71,0.005,MCC
17,17,72,0.03,MCC
17,17,73,0.02,MCC
17,17,74,0.005,MCC
17,17,75,0.005,MCC
17,17,76,0.005,MCC
17,17,77,0.015,MCC
17,17,78,0.005,MCC
17,17,79,0.005,MCC
17,17,80,0.015,MCC
17,17,81,0.025,MCC
17,17,82,0.005,MCC
17,17,83,0.005,MCC
17,17,84,0.015,MCC
17,17,85,0.04,MCC
17,17,86,0.015,MCC
17,17,87,0.005,MCC
17,17,88,0.01,MCC
17,17,89,0.035,MCC
17,17,90,0.005,MCC
17,17,91,0.005,MCC
17,17,92,0.005,MCC
17,17,93,0.01,MCC
17,17,94,0.005,MCC
17,17,95,0.025,MCC
17,17,96,0.005,MCC
17,17,97,0.025,MCC
17,17,98,0.02,MCC
17,17,99,0.02,MCC
15,21,51,NA,MCC
15,21,52,0.005,MCC
15,21,53,0.005,MCC
15,21,54,0.005,MCC
15,21,55,0.245,MCC
15,21,56,1,MCC
15,21,57,0.965,MCC
15,21,58,0.105,MCC
15,21,59,0.22,MCC
15,21,60,1,MCC
15,21,61,1,MCC
15,21,62,0.005,MCC
15,21,63,0.005,MCC
15,21,64,0.005,MCC
15,21,65,0.005,MCC
15,21,66,0.02,MCC
15,21,67,0.475,MCC
15,21,68,1,MCC
15,21,69,1,MCC
15,21,70,0.255,MCC
15,21,71,0.01,MCC
15,21,72,0.43,MCC
15,21,73,0.035,MCC
15,21,74,0.005,MCC
15,21,75,0.005,MCC
15,21,76,0.005,MCC
15,21,77,0.05,MCC
15,21,78,1,MCC
15,21,79,0.02,MCC
15,21,80,1,MCC
15,21,81,0.005,MCC
15,21,82,0.08,MCC
15,21,83,0.165,MCC
15,21,84,1,MCC
15,21,85,1,MCC
15,21,86,1,MCC
15,21,87,0.005,MCC
15,21,88,0.005,MCC
15,21,89,0.015,MCC
15,21,90,0.55,MCC
15,21,91,1,MCC
15,21,92,1,MCC
15,21,93,0.005,MCC
15,21,94,0.015,MCC
15,21,95,0.365,MCC
15,21,96,1,MCC
15,21,97,0.12,MCC
15,21,98,1,MCC
15,21,99,0.635,MCC
4,35,51,1,CS
4,35,52,1,CS
4,35,53,0.7,CS
4,35,54,0.72,CS
4,35,55,1,CS
4,35,56,0.635,CS
4,35,57,0.915,CS
4,35,58,0.81,CS
4,35,59,1,CS
4,35,60,0.95,CS
4,35,61,1,CS
4,35,62,1,CS
4,35,63,1,CS
4,35,64,1,CS
4,35,65,1,CS
4,35,66,0.54,CS
4,35,67,0.9,CS
4,35,68,1,CS
4,35,69,1,CS
4,35,70,1,CS
4,35,71,0.91,CS
4,35,72,1,CS
4,35,73,1,CS
4,35,74,1,CS
4,35,75,1,CS
4,35,76,1,CS
4,35,77,1,CS
4,35,78,0.985,CS
4,35,79,1,CS
4,35,80,1,CS
4,35,81,1,CS
4,35,82,1,CS
4,35,83,1,CS
4,35,84,0.825,CS
4,35,85,1,CS
4,35,86,1,CS
4,35,87,0.98,CS
4,35,51,NA,MCC
4,35,52,0.04,MCC
4,35,53,0.075,MCC
4,35,54,0.03,MCC
4,35,55,0.07,MCC
4,35,56,1,MCC
4,35,57,1,MCC
4,35,58,1,MCC
4,35,59,0.54,MCC
4,35,60,0.9,MCC
4,35,61,0.22,MCC
4,35,62,0.985,MCC
4,35,63,1,MCC
4,35,64,1,MCC
4,35,65,0.98,MCC
4,35,66,0.395,MCC
4,35,67,0.825,MCC
4,35,68,1,MCC
4,35,69,0.105,MCC
4,35,70,0.455,MCC
4,35,71,1,MCC
4,35,72,1,MCC
4,35,73,1,MCC
4,35,74,1,MCC
4,35,75,1,MCC
4,35,76,0.7,MCC
4,35,77,0.72,MCC
4,35,78,1,MCC
4,35,79,0.635,MCC
4,35,80,0.915,MCC
4,35,81,0.81,MCC
4,35,82,1,MCC
4,35,83,0.95,MCC
4,35,84,1,MCC
4,35,85,1,MCC
4,35,86,1,MCC
4,35,87,0.235,MCC
4,35,88,0.195,MCC
4,35,89,0.37,MCC
4,35,90,1,MCC
4,35,91,1,MCC
4,35,92,1,MCC
4,35,93,1,MCC
4,35,94,0.285,MCC
4,35,95,1,MCC
4,35,96,1,MCC
4,35,97,1,MCC
4,35,98,0.91,MCC
4,35,99,1,MCC
3,44,51,1,CS
3,44,52,0.69,CS
3,44,53,0.7,CS
3,44,54,0.91,CS
3,44,55,1,CS
3,44,56,1,CS
3,44,57,0.975,CS
3,44,58,1,CS
3,44,59,1,CS
3,44,60,1,CS
3,44,61,1,CS
3,44,62,1,CS
3,44,63,1,CS
3,44,64,1,CS
3,44,65,0.595,CS
3,44,66,1,CS
3,44,67,1,CS
3,44,68,1,CS
3,44,69,1,CS
3,44,70,0.605,CS
3,44,71,1,CS
3,44,72,1,CS
3,44,73,1,CS
3,44,74,1,CS
3,44,75,0.995,CS
3,44,76,0.67,CS
3,44,77,1,CS
3,44,78,1,CS
3,44,79,0.595,CS
3,44,80,1,CS
3,44,81,1,CS
3,44,82,1,CS
3,44,83,1,CS
3,44,84,0.93,CS
3,44,85,0.735,CS
3,44,86,1,CS
3,44,87,1,CS
3,44,88,1,CS
3,44,89,0.96,CS
3,44,90,1,CS
3,44,91,1,CS
3,44,92,1,CS
3,44,93,1,CS
3,44,94,1,CS
3,44,95,1,CS
12,8,51,1,CS
12,8,52,1,CS
12,8,53,1,CS
12,8,54,0.98,CS
12,8,55,1,CS
12,8,56,1,CS
12,8,57,1,CS
12,8,58,1,CS
12,8,59,0.995,CS
12,8,60,1,CS
12,8,61,1,CS
12,8,62,1,CS
12,8,63,1,CS
12,8,51,NA,MCC
12,8,52,0.005,MCC
12,8,53,0.03,MCC
12,8,54,0.005,MCC
12,8,55,0.005,MCC
12,8,56,0.01,MCC
12,8,57,0.065,MCC
12,8,58,1,MCC
12,8,59,1,MCC
12,8,60,0.98,MCC
12,8,61,0.005,MCC
12,8,62,0.005,MCC
12,8,63,0.005,MCC
12,8,64,0.005,MCC
12,8,65,0.095,MCC
12,8,66,0.08,MCC
12,8,67,1,MCC
12,8,68,0.015,MCC
12,8,69,1,MCC
12,8,70,0.105,MCC
12,8,71,1,MCC
12,8,72,0.005,MCC
12,8,73,0.005,MCC
12,8,74,0.13,MCC
12,8,75,0.295,MCC
12,8,76,0.43,MCC
12,8,77,0.005,MCC
12,8,78,0.005,MCC
12,8,79,0.065,MCC
12,8,80,1,MCC
12,8,81,0.005,MCC
12,8,82,0.145,MCC
12,8,83,0.255,MCC
12,8,84,1,MCC
12,8,85,1,MCC
12,8,86,1,MCC
12,8,87,0.005,MCC
12,8,88,0.005,MCC
12,8,89,0.17,MCC
12,8,90,0.06,MCC
12,8,91,0.995,MCC
12,8,92,1,MCC
12,8,93,0.015,MCC
12,8,94,0.005,MCC
12,8,95,0.005,MCC
12,8,96,0.005,MCC
12,8,97,0.01,MCC
12,8,98,0.045,MCC
12,8,99,0.4,MCC
3,44,51,NA,MCC
3,44,52,0.455,MCC
3,44,53,1,MCC
3,44,54,1,MCC
3,44,55,1,MCC
3,44,56,1,MCC
3,44,57,0.595,MCC
3,44,58,1,MCC
3,44,59,1,MCC
3,44,60,1,MCC
3,44,61,1,MCC
3,44,62,0.93,MCC
3,44,63,0.735,MCC
3,44,64,1,MCC
3,44,65,1,MCC
3,44,66,1,MCC
3,44,67,0.96,MCC
3,44,68,0.37,MCC
3,44,69,1,MCC
3,44,70,1,MCC
3,44,71,1,MCC
3,44,72,0.69,MCC
3,44,73,0.375,MCC
3,44,74,0.28,MCC
3,44,75,0.995,MCC
3,44,76,0.67,MCC
3,44,77,1,MCC
3,44,78,1,MCC
3,44,79,1,MCC
3,44,80,0.595,MCC
3,44,81,1,MCC
3,44,82,1,MCC
3,44,83,1,MCC
3,44,84,1,MCC
3,44,85,0.605,MCC
3,44,86,1,MCC
3,44,87,1,MCC
3,44,88,1,MCC
3,44,89,1,MCC
3,44,90,0.7,MCC
3,44,91,0.91,MCC
3,44,92,1,MCC
3,44,93,1,MCC
3,44,94,0.975,MCC
3,44,95,1,MCC
3,44,96,1,MCC
3,44,97,1,MCC
3,44,98,1,MCC
3,44,99,1,MCC
2,17,51,1,CS
2,17,52,0.825,CS
2,17,53,1,CS
2,17,54,0.715,CS
2,17,55,1,CS
2,17,56,0.985,CS
2,17,57,1,CS
2,17,58,0.875,CS
2,17,59,1,CS
2,17,60,0.785,CS
2,17,61,0.58,CS
2,17,62,1,CS
2,17,63,1,CS
2,17,64,1,CS
2,17,65,1,CS
2,17,66,1,CS
2,17,67,1,CS
2,17,68,1,CS
2,17,69,0.645,CS
2,17,70,1,CS
2,17,71,1,CS
2,17,72,0.52,CS
2,17,73,1,CS
2,17,74,1,CS
2,17,75,1,CS
2,17,76,0.925,CS
2,17,77,1,CS
2,17,78,0.97,CS
2,17,79,0.99,CS
2,17,80,0.675,CS
2,17,81,1,CS
2,17,82,0.96,CS
2,17,83,1,CS
2,17,84,0.61,CS
2,17,85,0.7,CS
2,17,86,1,CS
2,17,87,1,CS
2,17,88,1,CS
2,17,89,1,CS
2,17,90,1,CS
2,17,91,1,CS
2,17,92,0.98,CS
16,21,51,1,CS
16,21,52,1,CS
16,21,53,0.995,CS
16,21,54,0.985,CS
16,21,55,1,CS
16,21,56,1,CS
16,21,57,0.985,CS
16,21,58,1,CS
16,21,59,0.915,CS
16,21,60,1,CS
16,21,61,1,CS
16,21,62,1,CS
16,21,63,1,CS
16,21,64,1,CS
16,21,65,1,CS
16,21,66,1,CS
16,21,67,1,CS
16,21,68,1,CS
2,17,51,NA,MCC
2,17,52,0.825,MCC
2,17,53,1,MCC
2,17,54,0.715,MCC
2,17,55,1,MCC
2,17,56,0.985,MCC
2,17,57,0.275,MCC
2,17,58,0.26,MCC
2,17,59,1,MCC
2,17,60,0.875,MCC
2,17,61,1,MCC
2,17,62,0.785,MCC
2,17,63,0.58,MCC
2,17,64,1,MCC
2,17,65,1,MCC
2,17,66,1,MCC
2,17,67,1,MCC
2,17,68,1,MCC
2,17,69,1,MCC
2,17,70,1,MCC
2,17,71,0.17,MCC
2,17,72,1,MCC
2,17,73,1,MCC
2,17,74,0.52,MCC
2,17,75,1,MCC
2,17,76,1,MCC
2,17,77,0.96,MCC
2,17,78,1,MCC
2,17,79,0.61,MCC
2,17,80,0.26,MCC
2,17,81,0.7,MCC
2,17,82,1,MCC
2,17,83,1,MCC
2,17,84,1,MCC
2,17,85,1,MCC
2,17,86,1,MCC
2,17,87,1,MCC
2,17,88,1,MCC
2,17,89,0.17,MCC
2,17,90,0.205,MCC
2,17,91,0.125,MCC
2,17,92,0.675,MCC
2,17,93,1,MCC
2,17,94,0.27,MCC
2,17,95,0.925,MCC
2,17,96,1,MCC
2,17,97,0.97,MCC
2,17,98,0.99,MCC
2,17,99,0.98,MCC
16,21,51,NA,MCC
16,21,52,0.005,MCC
16,21,53,0.005,MCC
16,21,54,0.005,MCC
16,21,55,0.025,MCC
16,21,56,1,MCC
16,21,57,0.015,MCC
16,21,58,0.125,MCC
16,21,59,1,MCC
16,21,60,0.915,MCC
16,21,61,0.985,MCC
16,21,62,1,MCC
16,21,63,0.005,MCC
16,21,64,0.005,MCC
16,21,65,0.005,MCC
16,21,66,0.03,MCC
16,21,67,1,MCC
16,21,68,0.995,MCC
16,21,69,0.005,MCC
16,21,70,0.08,MCC
16,21,71,1,MCC
16,21,72,0.005,MCC
16,21,73,1,MCC
16,21,74,0.005,MCC
16,21,75,0.035,MCC
16,21,76,1,MCC
16,21,77,0.015,MCC
16,21,78,0.215,MCC
16,21,79,1,MCC
16,21,80,0.01,MCC
16,21,81,0.04,MCC
16,21,82,1,MCC
16,21,83,1,MCC
16,21,84,0.005,MCC
16,21,85,0.005,MCC
16,21,86,0.005,MCC
16,21,87,0.005,MCC
16,21,88,0.01,MCC
16,21,89,0.265,MCC
16,21,90,0.01,MCC
16,21,91,0.09,MCC
16,21,92,1,MCC
16,21,93,0.985,MCC
16,21,94,1,MCC
16,21,95,0.005,MCC
16,21,96,0.02,MCC
16,21,97,0.245,MCC
16,21,98,0.08,MCC
16,21,99,1,MCC
16,30,51,1,CS
16,30,52,1,CS
16,30,53,1,CS
16,30,54,0.815,CS
16,30,55,0.975,CS
16,30,56,1,CS
16,30,57,0.985,CS
16,30,58,1,CS
16,30,59,0.62,CS
16,30,60,1,CS
16,30,61,0.91,CS
16,30,62,1,CS
16,30,63,1,CS
16,30,64,1,CS
16,30,65,1,CS
16,30,51,NA,MCC
16,30,52,0.005,MCC
16,30,53,0.005,MCC
16,30,54,0.01,MCC
16,30,55,0.095,MCC
16,30,56,1,MCC
16,30,57,0.005,MCC
16,30,58,0.005,MCC
16,30,59,0.005,MCC
16,30,60,0.005,MCC
16,30,61,0.05,MCC
16,30,62,1,MCC
16,30,63,1,MCC
16,30,64,0.91,MCC
16,30,65,0.005,MCC
16,30,66,0.005,MCC
16,30,67,0.01,MCC
16,30,68,0.07,MCC
16,30,69,1,MCC
16,30,70,0.025,MCC
16,30,71,0.62,MCC
16,30,72,0.005,MCC
16,30,73,0.005,MCC
16,30,74,0.01,MCC
16,30,75,0.12,MCC
16,30,76,1,MCC
16,30,77,0.2,MCC
16,30,78,1,MCC
16,30,79,0.815,MCC
16,30,80,0.975,MCC
16,30,81,0.005,MCC
16,30,82,0.04,MCC
16,30,83,0.985,MCC
16,30,84,1,MCC
16,30,85,0.005,MCC
16,30,86,0.005,MCC
16,30,87,0.055,MCC
16,30,88,0.005,MCC
16,30,89,0.05,MCC
16,30,90,0.005,MCC
16,30,91,0.005,MCC
16,30,92,0.005,MCC
16,30,93,0.005,MCC
16,30,94,1,MCC
16,30,95,0.005,MCC
16,30,96,0.04,MCC
16,30,97,1,MCC
16,30,98,0.01,MCC
16,30,99,0.03,MCC
5,35,51,1,CS
5,35,52,0.98,CS
5,35,53,0.95,CS
5,35,54,1,CS
5,35,55,0.87,CS
5,35,56,1,CS
5,35,57,0.79,CS
5,35,58,1,CS
5,35,59,1,CS
5,35,60,0.565,CS
5,35,61,0.53,CS
5,35,62,1,CS
5,35,63,0.98,CS
5,35,64,0.975,CS
5,35,65,0.795,CS
5,35,66,1,CS
5,35,67,0.77,CS
5,35,68,1,CS
5,35,69,0.595,CS
5,35,70,0.97,CS
5,35,71,1,CS
5,35,72,0.98,CS
5,35,73,1,CS
5,35,74,1,CS
5,35,75,0.655,CS
5,35,76,0.645,CS
5,35,77,1,CS
5,35,78,1,CS
5,35,79,1,CS
5,35,80,1,CS
5,35,81,1,CS
5,35,82,1,CS
5,35,83,1,CS
5,35,84,0.885,CS
5,35,85,1,CS
5,35,86,1,CS
5,35,87,0.78,CS
5,35,51,NA,MCC
5,35,52,0.885,MCC
5,35,53,1,MCC
5,35,54,1,MCC
5,35,55,0.065,MCC
5,35,56,0.02,MCC
5,35,57,0.595,MCC
5,35,58,0.97,MCC
5,35,59,1,MCC
5,35,60,0.98,MCC
5,35,61,1,MCC
5,35,62,1,MCC
5,35,63,0.125,MCC
5,35,64,0.045,MCC
5,35,65,0.04,MCC
5,35,66,0.425,MCC
5,35,67,0.33,MCC
5,35,68,1,MCC
5,35,69,1,MCC
5,35,70,1,MCC
5,35,71,1,MCC
5,35,72,0.055,MCC
5,35,73,0.78,MCC
5,35,74,0.98,MCC
5,35,75,0.95,MCC
5,35,76,0.255,MCC
5,35,77,1,MCC
5,35,78,0.22,MCC
5,35,79,0.235,MCC
5,35,80,0.87,MCC
5,35,81,1,MCC
5,35,82,0.79,MCC
5,35,83,1,MCC
5,35,84,1,MCC
5,35,85,0.565,MCC
5,35,86,0.255,MCC
5,35,87,0.53,MCC
5,35,88,0.77,MCC
5,35,89,1,MCC
5,35,90,1,MCC
5,35,91,0.98,MCC
5,35,92,0.975,MCC
5,35,93,0.795,MCC
5,35,94,1,MCC
5,35,95,0.655,MCC
5,35,96,0.645,MCC
5,35,97,1,MCC
5,35,98,1,MCC
5,35,99,1,MCC
13,49,51,1,CS
13,49,51,NA,MCC
13,49,52,0.005,MCC
13,49,53,0.005,MCC
13,49,54,0.005,MCC
13,49,55,0.005,MCC
13,49,56,0.005,MCC
13,49,57,0.005,MCC
13,49,58,0.025,MCC
13,49,59,0.015,MCC
13,49,60,0.005,MCC
13,49,61,0.005,MCC
13,49,62,0.005,MCC
13,49,63,0.025,MCC
13,49,64,0.02,MCC
13,49,65,0.005,MCC
13,49,66,0.02,MCC
13,49,67,0.005,MCC
13,49,68,0.005,MCC
13,49,69,0.01,MCC
13,49,70,0.025,MCC
13,49,71,0.005,MCC
13,49,72,0.03,MCC
13,49,73,0.005,MCC
13,49,74,0.005,MCC
13,49,75,0.035,MCC
13,49,76,0.005,MCC
13,49,77,0.005,MCC
13,49,78,0.01,MCC
13,49,79,0.015,MCC
13,49,80,0.005,MCC
13,49,81,0.005,MCC
13,49,82,0.035,MCC
13,49,83,0.01,MCC
13,49,84,0.035,MCC
13,49,85,0.015,MCC
13,49,86,0.005,MCC
13,49,87,0.005,MCC
13,49,88,0.005,MCC
13,49,89,0.035,MCC
13,49,90,0.03,MCC
13,49,91,0.005,MCC
13,49,92,0.015,MCC
13,49,93,0.005,MCC
13,49,94,0.005,MCC
13,49,95,0.005,MCC
13,49,96,0.015,MCC
13,49,97,0.005,MCC
13,49,98,0.015,MCC
13,49,99,0.015,MCC
8,12,51,1,CS
8,12,52,0.615,CS
8,12,53,1,CS
8,12,54,0.675,CS
8,12,55,0.605,CS
8,12,56,1,CS
8,12,57,0.96,CS
8,12,58,0.74,CS
8,12,59,1,CS
8,12,60,1,CS
8,12,61,0.65,CS
8,12,62,1,CS
8,12,63,1,CS
8,12,64,0.68,CS
8,12,65,1,CS
8,12,66,1,CS
8,12,67,1,CS
8,12,68,1,CS
8,12,69,0.755,CS
13,8,51,1,CS
13,8,52,0.995,CS
13,8,53,1,CS
13,8,54,0.97,CS
13,8,55,1,CS
13,8,56,1,CS
13,8,57,1,CS
13,8,58,0.995,CS
13,8,59,1,CS
13,8,60,1,CS
13,8,61,1,CS
13,8,62,1,CS
13,8,63,1,CS
13,8,64,0.56,CS
8,12,51,NA,MCC
8,12,52,0.005,MCC
8,12,53,0.005,MCC
8,12,54,0.005,MCC
8,12,55,0.005,MCC
8,12,56,0.065,MCC
8,12,57,0.1,MCC
8,12,58,0.345,MCC
8,12,59,0.96,MCC
8,12,60,0.13,MCC
8,12,61,1,MCC
8,12,62,1,MCC
8,12,63,0.005,MCC
8,12,64,0.005,MCC
8,12,65,0.005,MCC
8,12,66,0.005,MCC
8,12,67,0.03,MCC
8,12,68,1,MCC
8,12,69,0.305,MCC
8,12,70,0.205,MCC
8,12,71,0.155,MCC
8,12,72,1,MCC
8,12,73,0.03,MCC
8,12,74,0.04,MCC
8,12,75,0.035,MCC
8,12,76,0.185,MCC
8,12,77,1,MCC
8,12,78,0.355,MCC
8,12,79,1,MCC
8,12,80,0.01,MCC
8,12,81,0.755,MCC
8,12,82,0.615,MCC
8,12,83,1,MCC
8,12,84,1,MCC
8,12,85,0.675,MCC
8,12,86,0.09,MCC
8,12,87,0.12,MCC
8,12,88,0.165,MCC
8,12,89,1,MCC
8,12,90,1,MCC
8,12,91,0.41,MCC
8,12,92,0.005,MCC
8,12,93,0.03,MCC
8,12,94,0.095,MCC
8,12,95,0.005,MCC
8,12,96,0.01,MCC
8,12,97,0.02,MCC
8,12,98,0.23,MCC
8,12,99,0.68,MCC
7,4,51,1,CS
7,4,52,1,CS
7,4,53,1,CS
7,4,54,1,CS
7,4,55,1,CS
7,4,56,0.555,CS
7,4,57,0.94,CS
7,4,58,0.995,CS
7,4,59,1,CS
7,4,60,1,CS
7,4,61,1,CS
7,4,62,0.625,CS
7,4,63,1,CS
7,4,64,1,CS
7,4,65,1,CS
7,4,66,1,CS
7,4,67,0.515,CS
7,4,68,1,CS
7,4,69,0.995,CS
7,4,70,0.535,CS
7,4,71,1,CS
7,4,72,1,CS
7,4,73,0.615,CS
7,4,74,0.93,CS
7,4,75,1,CS
7,4,76,0.635,CS
7,4,77,0.885,CS
7,4,78,1,CS
7,4,79,1,CS
7,4,80,1,CS
7,4,81,1,CS
17,21,51,1,CS
17,21,52,1,CS
17,21,53,1,CS
17,21,54,1,CS
17,21,55,0.72,CS
17,21,56,1,CS
17,21,57,0.99,CS
17,21,58,1,CS
17,21,59,1,CS
17,21,60,1,CS
17,21,61,1,CS
17,21,62,1,CS
17,21,63,1,CS
17,21,64,0.91,CS
17,21,65,1,CS
17,21,66,1,CS
17,21,67,1,CS
13,8,51,NA,MCC
13,8,52,0.005,MCC
13,8,53,0.005,MCC
13,8,54,1,MCC
13,8,55,0.005,MCC
13,8,56,0.025,MCC
13,8,57,0.275,MCC
13,8,58,0.02,MCC
13,8,59,0.1,MCC
13,8,60,0.38,MCC
13,8,61,0.005,MCC
13,8,62,0.005,MCC
13,8,63,0.005,MCC
13,8,64,0.005,MCC
13,8,65,0.005,MCC
13,8,66,0.065,MCC
13,8,67,0.045,MCC
13,8,68,0.005,MCC
13,8,69,0.03,MCC
13,8,70,0.005,MCC
13,8,71,0.995,MCC
13,8,72,1,MCC
13,8,73,0.03,MCC
13,8,74,1,MCC
13,8,75,1,MCC
13,8,76,1,MCC
13,8,77,0.025,MCC
13,8,78,0.115,MCC
13,8,79,0.56,MCC
13,8,80,0.995,MCC
13,8,81,1,MCC
13,8,82,0.97,MCC
13,8,83,0.005,MCC
13,8,84,0.005,MCC
13,8,85,0.005,MCC
13,8,86,0.025,MCC
13,8,87,0.135,MCC
13,8,88,0.405,MCC
13,8,89,0.105,MCC
13,8,90,0.04,MCC
13,8,91,0.005,MCC
13,8,92,0.005,MCC
13,8,93,0.02,MCC
13,8,94,0.14,MCC
13,8,95,0.2,MCC
13,8,96,1,MCC
13,8,97,0.005,MCC
13,8,98,1,MCC
13,8,99,1,MCC
3,17,51,1,CS
3,17,52,0.87,CS
3,17,53,0.69,CS
3,17,54,0.87,CS
3,17,55,1,CS
3,17,56,0.995,CS
3,17,57,1,CS
3,17,58,1,CS
3,17,59,1,CS
3,17,60,1,CS
3,17,61,0.86,CS
3,17,62,1,CS
3,17,63,1,CS
3,17,64,1,CS
3,17,65,0.95,CS
3,17,66,0.895,CS
3,17,67,1,CS
3,17,68,0.835,CS
3,17,69,0.98,CS
3,17,70,1,CS
3,17,71,0.62,CS
3,17,72,1,CS
3,17,73,1,CS
3,17,74,0.675,CS
3,17,75,0.56,CS
3,17,76,1,CS
3,17,77,1,CS
3,17,78,0.72,CS
3,17,79,1,CS
3,17,80,1,CS
3,17,81,0.8,CS
3,17,82,1,CS
3,17,83,1,CS
3,17,84,1,CS
3,17,85,1,CS
3,17,86,1,CS
7,4,51,NA,MCC
7,4,52,0.01,MCC
7,4,53,0.94,MCC
7,4,54,0.995,MCC
7,4,55,1,MCC
7,4,56,1,MCC
7,4,57,1,MCC
7,4,58,0.08,MCC
7,4,59,1,MCC
7,4,60,0.225,MCC
7,4,61,0.535,MCC
7,4,62,1,MCC
7,4,63,1,MCC
7,4,64,0.005,MCC
7,4,65,0.005,MCC
7,4,66,0.055,MCC
7,4,67,0.435,MCC
7,4,68,0.615,MCC
7,4,69,0.93,MCC
7,4,70,1,MCC
7,4,71,0.625,MCC
7,4,72,1,MCC
7,4,73,1,MCC
7,4,74,1,MCC
7,4,75,1,MCC
7,4,76,0.215,MCC
7,4,77,0.175,MCC
7,4,78,0.515,MCC
7,4,79,1,MCC
7,4,80,0.995,MCC
7,4,81,0.005,MCC
7,4,82,0.005,MCC
7,4,83,0.005,MCC
7,4,84,0.08,MCC
7,4,85,0.225,MCC
7,4,86,0.175,MCC
7,4,87,1,MCC
7,4,88,0.195,MCC
7,4,89,1,MCC
7,4,90,1,MCC
7,4,91,1,MCC
7,4,92,0.635,MCC
7,4,93,0.885,MCC
7,4,94,1,MCC
7,4,95,0.13,MCC
7,4,96,1,MCC
7,4,97,0.35,MCC
7,4,98,0.13,MCC
7,4,99,1,MCC
17,21,51,NA,MCC
17,21,52,0.005,MCC
17,21,53,0.005,MCC
17,21,54,0.005,MCC
17,21,55,0.015,MCC
17,21,56,1,MCC
17,21,57,0.99,MCC
17,21,58,0.075,MCC
17,21,59,0.015,MCC
17,21,60,1,MCC
17,21,61,1,MCC
17,21,62,0.005,MCC
17,21,63,0.005,MCC
17,21,64,0.005,MCC
17,21,65,0.005,MCC
17,21,66,0.03,MCC
17,21,67,0.415,MCC
17,21,68,1,MCC
17,21,69,0.06,MCC
17,21,70,0.005,MCC
17,21,71,0.005,MCC
17,21,72,0.005,MCC
17,21,73,0.43,MCC
17,21,74,1,MCC
17,21,75,0.005,MCC
17,21,76,0.475,MCC
17,21,77,1,MCC
17,21,78,1,MCC
17,21,79,1,MCC
17,21,80,0.005,MCC
17,21,81,0.005,MCC
17,21,82,0.02,MCC
17,21,83,1,MCC
17,21,84,0.005,MCC
17,21,85,0.01,MCC
17,21,86,0.025,MCC
17,21,87,1,MCC
17,21,88,0.91,MCC
17,21,89,0.135,MCC
17,21,90,1,MCC
17,21,91,1,MCC
17,21,92,0.72,MCC
17,21,93,0.145,MCC
17,21,94,0.005,MCC
17,21,95,0.04,MCC
17,21,96,0.15,MCC
17,21,97,0.015,MCC
17,21,98,0.15,MCC
17,21,99,1,MCC
3,17,51,NA,MCC
3,17,52,0.87,MCC
3,17,53,0.69,MCC
3,17,54,0.86,MCC
3,17,55,1,MCC
3,17,56,0.15,MCC
3,17,57,0.335,MCC
3,17,58,0.365,MCC
3,17,59,0.17,MCC
3,17,60,1,MCC
3,17,61,1,MCC
3,17,62,1,MCC
3,17,63,0.95,MCC
3,17,64,0.895,MCC
3,17,65,0.87,MCC
3,17,66,1,MCC
3,17,67,0.225,MCC
3,17,68,0.175,MCC
3,17,69,0.45,MCC
3,17,70,0.995,MCC
3,17,71,1,MCC
3,17,72,1,MCC
3,17,73,0.205,MCC
3,17,74,1,MCC
3,17,75,1,MCC
3,17,76,0.835,MCC
3,17,77,0.98,MCC
3,17,78,0.38,MCC
3,17,79,1,MCC
3,17,80,1,MCC
3,17,81,1,MCC
3,17,82,0.485,MCC
3,17,83,0.265,MCC
3,17,84,1,MCC
3,17,85,1,MCC
3,17,86,1,MCC
3,17,87,1,MCC
3,17,88,0.675,MCC
3,17,89,0.56,MCC
3,17,90,0.19,MCC
3,17,91,1,MCC
3,17,92,1,MCC
3,17,93,0.72,MCC
3,17,94,0.8,MCC
3,17,95,0.37,MCC
3,17,96,1,MCC
3,17,97,1,MCC
3,17,98,1,MCC
3,17,99,0.38,MCC
5,26,51,1,CS
5,26,52,0.82,CS
5,26,53,0.57,CS
5,26,54,0.56,CS
5,26,55,1,CS
5,26,56,1,CS
5,26,57,0.885,CS
5,26,58,0.985,CS
5,26,59,1,CS
5,26,60,1,CS
5,26,61,1,CS
5,26,62,1,CS
5,26,63,1,CS
5,26,64,1,CS
5,26,65,1,CS
5,26,66,1,CS
5,26,67,1,CS
5,26,68,0.96,CS
5,26,69,0.995,CS
5,26,70,0.815,CS
5,26,71,0.88,CS
5,26,72,0.99,CS
5,26,73,1,CS
5,26,74,1,CS
5,26,75,1,CS
5,26,76,0.56,CS
5,26,77,1,CS
5,26,78,1,CS
5,26,79,1,CS
5,26,80,0.975,CS
5,26,81,0.61,CS
5,26,82,0.98,CS
5,26,83,1,CS
6,35,51,1,CS
6,35,52,0.56,CS
6,35,53,1,CS
6,35,54,0.51,CS
6,35,55,0.76,CS
6,35,56,0.745,CS
6,35,57,1,CS
6,35,58,1,CS
6,35,59,1,CS
6,35,60,1,CS
6,35,61,1,CS
6,35,62,0.835,CS
6,35,63,1,CS
6,35,64,1,CS
6,35,65,0.995,CS
6,35,66,1,CS
6,35,67,0.93,CS
6,35,68,0.935,CS
6,35,69,1,CS
6,35,70,0.585,CS
6,35,71,0.58,CS
6,35,72,1,CS
6,35,73,1,CS
6,35,74,1,CS
6,35,75,1,CS
6,35,76,1,CS
6,35,77,1,CS
6,35,78,0.99,CS
6,35,79,1,CS
6,35,80,1,CS
6,35,81,1,CS
6,35,82,0.705,CS
6,35,83,0.69,CS
6,35,84,1,CS
6,35,85,0.59,CS
5,26,51,NA,MCC
5,26,52,1,MCC
5,26,53,0.175,MCC
5,26,54,0.56,MCC
5,26,55,1,MCC
5,26,56,1,MCC
5,26,57,1,MCC
5,26,58,0.135,MCC
5,26,59,0.115,MCC
5,26,60,0.015,MCC
5,26,61,0.085,MCC
5,26,62,0.135,MCC
5,26,63,0.23,MCC
5,26,64,0.135,MCC
5,26,65,1,MCC
5,26,66,0.88,MCC
5,26,67,0.96,MCC
5,26,68,0.155,MCC
5,26,69,0.995,MCC
5,26,70,0.2,MCC
5,26,71,1,MCC
5,26,72,1,MCC
5,26,73,1,MCC
5,26,74,1,MCC
5,26,75,1,MCC
5,26,76,1,MCC
5,26,77,1,MCC
5,26,78,0.975,MCC
5,26,79,0.61,MCC
5,26,80,0.98,MCC
5,26,81,0.175,MCC
5,26,82,0.99,MCC
5,26,83,0.29,MCC
5,26,84,1,MCC
5,26,85,1,MCC
5,26,86,1,MCC
5,26,87,0.82,MCC
5,26,88,0.11,MCC
5,26,89,0.015,MCC
5,26,90,0.095,MCC
5,26,91,0.885,MCC
5,26,92,0.985,MCC
5,26,93,0.395,MCC
5,26,94,0.57,MCC
5,26,95,0.43,MCC
5,26,96,0.21,MCC
5,26,97,1,MCC
5,26,98,1,MCC
5,26,99,1,MCC
6,35,51,NA,MCC
6,35,52,0.135,MCC
6,35,53,0.015,MCC
6,35,54,1,MCC
6,35,55,1,MCC
6,35,56,1,MCC
6,35,57,0.835,MCC
6,35,58,1,MCC
6,35,59,0.045,MCC
6,35,60,0.125,MCC
6,35,61,1,MCC
6,35,62,1,MCC
6,35,63,1,MCC
6,35,64,1,MCC
6,35,65,1,MCC
6,35,66,0.005,MCC
6,35,67,0.005,MCC
6,35,68,0.07,MCC
6,35,69,0.99,MCC
6,35,70,1,MCC
6,35,71,1,MCC
6,35,72,0.015,MCC
6,35,73,0.05,MCC
6,35,74,0.27,MCC
6,35,75,0.705,MCC
6,35,76,0.995,MCC
6,35,77,1,MCC
6,35,78,1,MCC
6,35,79,0.93,MCC
6,35,80,0.935,MCC
6,35,81,0.115,MCC
6,35,82,0.115,MCC
6,35,83,0.69,MCC
6,35,84,1,MCC
6,35,85,0.165,MCC
6,35,86,0.035,MCC
6,35,87,1,MCC
6,35,88,0.51,MCC
6,35,89,0.76,MCC
6,35,90,0.745,MCC
6,35,91,0.44,MCC
6,35,92,1,MCC
6,35,93,1,MCC
6,35,94,1,MCC
6,35,95,0.59,MCC
6,35,96,0.585,MCC
6,35,97,0.58,MCC
6,35,98,1,MCC
6,35,99,1,MCC
8,4,51,1,CS
8,4,52,0.855,CS
8,4,53,0.97,CS
8,4,54,0.875,CS
8,4,55,1,CS
8,4,56,0.755,CS
8,4,57,1,CS
8,4,58,0.59,CS
8,4,59,1,CS
8,4,60,1,CS
8,4,61,1,CS
8,4,62,1,CS
8,4,63,1,CS
8,4,64,1,CS
8,4,65,1,CS
8,4,66,0.595,CS
8,4,67,0.95,CS
8,4,68,1,CS
8,4,69,1,CS
8,4,70,1,CS
8,4,71,0.54,CS
8,4,72,1,CS
8,4,73,1,CS
8,4,74,1,CS
8,4,75,1,CS
8,4,76,0.735,CS
8,4,77,0.975,CS
8,4,78,1,CS
8,4,79,0.685,CS
8,4,80,1,CS
4,17,51,1,CS
4,17,52,0.525,CS
4,17,53,0.715,CS
4,17,54,1,CS
4,17,55,0.52,CS
4,17,56,0.99,CS
4,17,57,0.89,CS
4,17,58,0.51,CS
4,17,59,1,CS
4,17,60,1,CS
4,17,61,0.55,CS
4,17,62,0.995,CS
4,17,63,1,CS
4,17,64,0.95,CS
4,17,65,0.835,CS
4,17,66,1,CS
4,17,67,1,CS
4,17,68,1,CS
4,17,69,0.72,CS
4,17,70,0.59,CS
4,17,71,0.68,CS
4,17,72,1,CS
4,17,73,0.765,CS
4,17,74,1,CS
4,17,75,0.845,CS
4,17,76,0.645,CS
4,17,77,1,CS
4,17,78,1,CS
4,17,79,1,CS
4,17,80,1,CS
4,17,81,0.54,CS
4,17,82,1,CS
4,17,83,0.665,CS
4,17,84,0.995,CS
4,17,85,1,CS
4,17,86,0.7,CS
4,17,87,1,CS
4,17,88,0.91,CS
8,4,51,NA,MCC
8,4,52,0.005,MCC
8,4,53,1,MCC
8,4,54,1,MCC
8,4,55,0.03,MCC
8,4,56,0.2,MCC
8,4,57,0.54,MCC
8,4,58,1,MCC
8,4,59,1,MCC
8,4,60,0.015,MCC
8,4,61,0.005,MCC
8,4,62,0.015,MCC
8,4,63,0.15,MCC
8,4,64,0.855,MCC
8,4,65,0.97,MCC
8,4,66,0.875,MCC
8,4,67,1,MCC
8,4,68,0.755,MCC
8,4,69,1,MCC
8,4,70,0.15,MCC
8,4,71,1,MCC
8,4,72,0.185,MCC
8,4,73,1,MCC
8,4,74,1,MCC
8,4,75,1,MCC
8,4,76,0.005,MCC
8,4,77,0.465,MCC
8,4,78,1,MCC
8,4,79,1,MCC
8,4,80,1,MCC
8,4,81,1,MCC
8,4,82,0.005,MCC
8,4,83,0.735,MCC
8,4,84,0.055,MCC
8,4,85,0.005,MCC
8,4,86,0.085,MCC
8,4,87,0.065,MCC
8,4,88,0.03,MCC
8,4,89,0.07,MCC
8,4,90,0.95,MCC
8,4,91,1,MCC
8,4,92,0.975,MCC
8,4,93,0.14,MCC
8,4,94,1,MCC
8,4,95,0.005,MCC
8,4,96,0.12,MCC
8,4,97,1,MCC
8,4,98,0.685,MCC
8,4,99,1,MCC
4,17,51,NA,MCC
4,17,52,0.27,MCC
4,17,53,0.72,MCC
4,17,54,0.055,MCC
4,17,55,0.59,MCC
4,17,56,0.54,MCC
4,17,57,1,MCC
4,17,58,0.68,MCC
4,17,59,1,MCC
4,17,60,0.445,MCC
4,17,61,0.31,MCC
4,17,62,1,MCC
4,17,63,0.425,MCC
4,17,64,1,MCC
4,17,65,0.765,MCC
4,17,66,1,MCC
4,17,67,0.845,MCC
4,17,68,0.645,MCC
4,17,69,1,MCC
4,17,70,1,MCC
4,17,71,0.995,MCC
4,17,72,1,MCC
4,17,73,0.7,MCC
4,17,74,0.415,MCC
4,17,75,1,MCC
4,17,76,0.525,MCC
4,17,77,0.715,MCC
4,17,78,1,MCC
4,17,79,0.55,MCC
4,17,80,0.95,MCC
4,17,81,0.995,MCC
4,17,82,1,MCC
4,17,83,0.425,MCC
4,17,84,1,MCC
4,17,85,0.835,MCC
4,17,86,1,MCC
4,17,87,1,MCC
4,17,88,1,MCC
4,17,89,0.15,MCC
4,17,90,0.16,MCC
4,17,91,0.37,MCC
4,17,92,0.365,MCC
4,17,93,1,MCC
4,17,94,0.52,MCC
4,17,95,0.99,MCC
4,17,96,0.89,MCC
4,17,97,0.51,MCC
4,17,98,0.26,MCC
4,17,99,0.91,MCC
2,21,51,1,CS
2,21,52,1,CS
2,21,53,0.685,CS
2,21,54,1,CS
2,21,55,0.51,CS
2,21,56,1,CS
2,21,57,1,CS
2,21,58,1,CS
2,21,59,0.56,CS
2,21,60,1,CS
2,21,61,1,CS
2,21,62,1,CS
2,21,63,1,CS
2,21,64,1,CS
2,21,65,1,CS
2,21,66,1,CS
2,21,67,1,CS
2,21,68,1,CS
2,21,69,1,CS
2,21,70,1,CS
2,21,71,0.785,CS
2,21,72,0.985,CS
2,21,73,0.915,CS
2,21,74,1,CS
2,21,75,1,CS
2,21,76,1,CS
2,21,77,1,CS
2,21,78,0.995,CS
2,21,79,1,CS
2,21,80,1,CS
2,21,81,1,CS
2,21,82,1,CS
2,21,83,1,CS
2,21,84,1,CS
2,21,85,1,CS
2,21,86,1,CS
2,21,87,1,CS
2,21,88,1,CS
2,21,89,1,CS
2,21,90,0.94,CS
2,21,91,1,CS
2,21,92,1,CS
2,21,93,0.845,CS
2,21,94,1,CS
2,21,95,1,CS
2,21,51,NA,MCC
2,21,52,0.395,MCC
2,21,53,1,MCC
2,21,54,0.785,MCC
2,21,55,0.985,MCC
2,21,56,0.915,MCC
2,21,57,1,MCC
2,21,58,1,MCC
2,21,59,1,MCC
2,21,60,1,MCC
2,21,61,0.995,MCC
2,21,62,1,MCC
2,21,63,0.45,MCC
2,21,64,0.685,MCC
2,21,65,1,MCC
2,21,66,1,MCC
2,21,67,1,MCC
2,21,68,0.395,MCC
2,21,69,0.51,MCC
2,21,70,1,MCC
2,21,71,1,MCC
2,21,72,1,MCC
2,21,73,0.49,MCC
2,21,74,0.56,MCC
2,21,75,1,MCC
2,21,76,1,MCC
2,21,77,1,MCC
2,21,78,1,MCC
2,21,79,1,MCC
2,21,80,1,MCC
2,21,81,1,MCC
2,21,82,1,MCC
2,21,83,1,MCC
2,21,84,1,MCC
2,21,85,1,MCC
2,21,86,1,MCC
2,21,87,1,MCC
2,21,88,1,MCC
2,21,89,0.94,MCC
2,21,90,1,MCC
2,21,91,1,MCC
2,21,92,1,MCC
2,21,93,1,MCC
2,21,94,1,MCC
2,21,95,1,MCC
2,21,96,1,MCC
2,21,97,0.845,MCC
2,21,98,1,MCC
2,21,99,1,MCC
14,49,51,1,CS
14,49,52,1,CS
14,49,53,1,CS
14,49,54,1,CS
14,49,55,0.97,CS
14,49,56,0.525,CS
14,49,57,1,CS
14,49,58,0.86,CS
14,49,59,1,CS
14,49,60,1,CS
14,49,51,NA,MCC
14,49,52,0.005,MCC
14,49,53,0.005,MCC
14,49,54,0.005,MCC
14,49,55,0.005,MCC
14,49,56,0.02,MCC
14,49,57,0.22,MCC
14,49,58,0.005,MCC
14,49,59,0.005,MCC
14,49,60,0.005,MCC
14,49,61,0.01,MCC
14,49,62,0.01,MCC
14,49,63,0.025,MCC
14,49,64,0.41,MCC
14,49,65,1,MCC
14,49,66,0.97,MCC
14,49,67,0.005,MCC
14,49,68,0.005,MCC
14,49,69,0.005,MCC
14,49,70,0.005,MCC
14,49,71,0.005,MCC
14,49,72,0.005,MCC
14,49,73,0.005,MCC
14,49,74,0.01,MCC
14,49,75,0.16,MCC
14,49,76,0.015,MCC
14,49,77,1,MCC
14,49,78,1,MCC
14,49,79,0.03,MCC
14,49,80,0.005,MCC
14,49,81,0.015,MCC
14,49,82,1,MCC
14,49,83,0.005,MCC
14,49,84,0.465,MCC
14,49,85,0.205,MCC
14,49,86,1,MCC
14,49,87,0.04,MCC
14,49,88,0.86,MCC
14,49,89,0.005,MCC
14,49,90,0.02,MCC
14,49,91,0.525,MCC
14,49,92,1,MCC
14,49,93,0.005,MCC
14,49,94,0.005,MCC
14,49,95,0.075,MCC
14,49,96,0.005,MCC
14,49,97,0.005,MCC
14,49,98,0.005,MCC
14,49,99,0.04,MCC
17,30,51,1,CS
17,30,52,0.995,CS
17,30,53,1,CS
17,30,54,1,CS
17,30,55,1,CS
17,30,56,1,CS
17,30,57,1,CS
17,30,58,1,CS
17,30,59,1,CS
17,30,60,1,CS
17,30,61,1,CS
17,30,62,0.995,CS
7,35,51,1,CS
7,35,52,0.56,CS
7,35,53,1,CS
7,35,54,0.54,CS
7,35,55,0.72,CS
7,35,56,0.985,CS
7,35,57,1,CS
7,35,58,1,CS
7,35,59,0.795,CS
7,35,60,0.985,CS
7,35,61,0.97,CS
7,35,62,1,CS
7,35,63,0.805,CS
7,35,64,1,CS
7,35,65,1,CS
7,35,66,1,CS
7,35,67,1,CS
7,35,68,1,CS
7,35,69,0.985,CS
7,35,70,1,CS
7,35,71,0.535,CS
7,35,72,1,CS
7,35,73,1,CS
7,35,74,0.745,CS
7,35,75,1,CS
7,35,76,1,CS
7,35,77,1,CS
7,35,78,1,CS
7,35,51,NA,MCC
7,35,52,NA,MCC
7,35,53,0.065,MCC
7,35,54,0.35,MCC
7,35,55,0.2,MCC
7,35,56,1,MCC
7,35,57,1,MCC
7,35,58,0.985,MCC
7,35,59,0.97,MCC
7,35,60,1,MCC
7,35,61,0.805,MCC
7,35,62,1,MCC
7,35,63,0.035,MCC
7,35,64,1,MCC
7,35,65,1,MCC
7,35,66,1,MCC
7,35,67,1,MCC
7,35,68,1,MCC
7,35,69,0.005,MCC
7,35,70,0.025,MCC
7,35,71,0.035,MCC
7,35,72,0.26,MCC
7,35,73,0.56,MCC
7,35,74,0.795,MCC
7,35,75,0.135,MCC
7,35,76,0.72,MCC
7,35,77,0.985,MCC
7,35,78,1,MCC
7,35,79,1,MCC
7,35,80,1,MCC
7,35,81,0.24,MCC
7,35,82,0.345,MCC
7,35,83,0.54,MCC
7,35,84,0.185,MCC
7,35,85,0.05,MCC
7,35,86,0.46,MCC
7,35,87,1,MCC
7,35,88,0.04,MCC
7,35,89,0.745,MCC
7,35,90,1,MCC
7,35,91,0.185,MCC
7,35,92,0.01,MCC
7,35,93,0.095,MCC
7,35,94,0.005,MCC
7,35,95,0.3,MCC
7,35,96,0.985,MCC
7,35,97,1,MCC
7,35,98,0.535,MCC
7,35,99,1,MCC
9,12,51,1,CS
17,30,51,NA,MCC
17,30,52,0.005,MCC
17,30,53,0.005,MCC
17,30,54,0.005,MCC
17,30,55,0.005,MCC
17,30,56,0.005,MCC
17,30,57,0.01,MCC
17,30,58,1,MCC
17,30,59,0.11,MCC
17,30,60,0.1,MCC
17,30,61,1,MCC
17,30,62,0.07,MCC
17,30,63,0.005,MCC
17,30,64,0.005,MCC
17,30,65,0.06,MCC
17,30,66,1,MCC
17,30,67,0.005,MCC
17,30,68,0.04,MCC
17,30,69,1,MCC
17,30,70,1,MCC
17,30,71,0.01,MCC
17,30,72,0.03,MCC
17,30,73,0.12,MCC
17,30,74,0.995,MCC
17,30,75,0.01,MCC
17,30,76,0.07,MCC
17,30,77,0.005,MCC
17,30,78,0.005,MCC
17,30,79,0.005,MCC
17,30,80,0.235,MCC
17,30,81,0.005,MCC
17,30,82,0.005,MCC
17,30,83,0.005,MCC
17,30,84,0.005,MCC
17,30,85,0.005,MCC
17,30,86,0.005,MCC
17,30,87,0.015,MCC
17,30,88,0.095,MCC
17,30,89,1,MCC
17,30,90,0.995,MCC
17,30,91,1,MCC
17,30,92,0.005,MCC
17,30,93,1,MCC
17,30,94,0.015,MCC
17,30,95,0.005,MCC
17,30,96,0.03,MCC
17,30,97,0.005,MCC
17,30,98,0.29,MCC
17,30,99,1,MCC
9,12,51,NA,MCC
9,12,52,0.005,MCC
9,12,53,0.005,MCC
9,12,54,0.005,MCC
9,12,55,0.005,MCC
9,12,56,0.02,MCC
9,12,57,0.01,MCC
9,12,58,0.02,MCC
9,12,59,0.005,MCC
9,12,60,0.005,MCC
9,12,61,0.005,MCC
9,12,62,0.035,MCC
9,12,63,0.025,MCC
9,12,64,0.03,MCC
9,12,65,0.03,MCC
9,12,66,0.005,MCC
9,12,67,0.005,MCC
9,12,68,0.005,MCC
9,12,69,0.005,MCC
9,12,70,0.005,MCC
9,12,71,0.005,MCC
9,12,72,0.03,MCC
9,12,73,0.01,MCC
9,12,74,0.025,MCC
9,12,75,0.005,MCC
9,12,76,0.005,MCC
9,12,77,0.005,MCC
9,12,78,0.005,MCC
9,12,79,0.005,MCC
9,12,80,0.005,MCC
9,12,81,0.005,MCC
9,12,82,0.005,MCC
9,12,83,0.02,MCC
9,12,84,0.015,MCC
9,12,85,0.005,MCC
9,12,86,0.02,MCC
9,12,87,0.02,MCC
9,12,88,0.015,MCC
9,12,89,0.005,MCC
9,12,90,0.02,MCC
9,12,91,0.005,MCC
9,12,92,0.005,MCC
9,12,93,0.015,MCC
9,12,94,0.02,MCC
9,12,95,0.005,MCC
9,12,96,0.005,MCC
9,12,97,0.005,MCC
9,12,98,0.045,MCC
9,12,99,0.035,MCC
4,44,51,1,CS
4,44,52,0.79,CS
4,44,53,0.605,CS
4,44,54,0.98,CS
4,44,55,1,CS
4,44,56,1,CS
4,44,57,1,CS
4,44,58,0.99,CS
4,44,59,1,CS
4,44,60,1,CS
4,44,61,1,CS
4,44,62,0.75,CS
4,44,63,0.99,CS
4,44,64,1,CS
4,44,65,1,CS
4,44,66,1,CS
4,44,67,1,CS
4,44,68,1,CS
4,44,69,0.675,CS
4,44,70,1,CS
4,44,71,0.68,CS
4,44,72,0.825,CS
4,44,73,0.8,CS
4,44,74,1,CS
4,44,75,0.72,CS
4,44,76,1,CS
4,44,77,1,CS
4,44,78,1,CS
4,44,79,1,CS
4,44,80,1,CS
4,44,81,1,CS
4,44,82,1,CS
4,44,83,1,CS
4,44,84,1,CS
4,44,85,1,CS
4,44,86,1,CS
4,44,87,1,CS
4,44,88,1,CS
4,44,89,1,CS
4,44,51,NA,MCC
4,44,52,0.68,MCC
4,44,53,0.305,MCC
4,44,54,0.165,MCC
4,44,55,1,MCC
4,44,56,1,MCC
4,44,57,1,MCC
4,44,58,1,MCC
4,44,59,1,MCC
4,44,60,1,MCC
4,44,61,1,MCC
4,44,62,0.375,MCC
4,44,63,0.105,MCC
4,44,64,0.825,MCC
4,44,65,0.8,MCC
4,44,66,1,MCC
4,44,67,1,MCC
4,44,68,0.72,MCC
4,44,69,1,MCC
4,44,70,1,MCC
4,44,71,1,MCC
4,44,72,1,MCC
4,44,73,0.485,MCC
4,44,74,1,MCC
4,44,75,1,MCC
4,44,76,0.79,MCC
4,44,77,0.275,MCC
4,44,78,1,MCC
4,44,79,1,MCC
4,44,80,1,MCC
4,44,81,0.675,MCC
4,44,82,0.25,MCC
4,44,83,1,MCC
4,44,84,0.605,MCC
4,44,85,0.435,MCC
4,44,86,0.99,MCC
4,44,87,0.75,MCC
4,44,88,1,MCC
4,44,89,1,MCC
4,44,90,1,MCC
4,44,91,0.99,MCC
4,44,92,1,MCC
4,44,93,1,MCC
4,44,94,0.98,MCC
4,44,95,1,MCC
4,44,96,1,MCC
4,44,97,1,MCC
4,44,98,0.375,MCC
4,44,99,0.345,MCC
5,17,51,1,CS
5,17,52,0.74,CS
5,17,53,0.59,CS
5,17,54,0.7,CS
5,17,55,0.985,CS
5,17,56,1,CS
5,17,57,0.6,CS
5,17,58,1,CS
5,17,59,0.725,CS
5,17,60,0.61,CS
5,17,61,0.97,CS
5,17,62,0.84,CS
5,17,63,0.98,CS
5,17,64,1,CS
5,17,65,0.995,CS
5,17,66,1,CS
5,17,67,1,CS
5,17,68,1,CS
5,17,69,1,CS
5,17,70,0.54,CS
5,17,71,1,CS
5,17,72,1,CS
5,17,73,0.76,CS
5,17,74,1,CS
5,17,75,1,CS
5,17,76,1,CS
5,17,77,1,CS
5,17,78,1,CS
5,17,79,1,CS
9,4,51,1,CS
9,4,52,0.995,CS
9,4,53,1,CS
9,4,54,1,CS
9,4,55,1,CS
9,4,56,1,CS
9,4,57,1,CS
9,4,58,1,CS
9,4,59,0.995,CS
9,4,60,1,CS
9,4,61,1,CS
9,4,62,1,CS
9,4,63,1,CS
9,4,64,1,CS
9,4,65,1,CS
9,4,66,0.85,CS
9,4,67,1,CS
9,4,68,1,CS
9,4,69,1,CS
9,4,70,1,CS
9,4,71,0.98,CS
9,4,72,1,CS
9,4,73,0.875,CS
5,17,51,NA,MCC
5,17,52,NA,MCC
5,17,53,0.305,MCC
5,17,54,0.25,MCC
5,17,55,0.125,MCC
5,17,56,0.01,MCC
5,17,57,1,MCC
5,17,58,1,MCC
5,17,59,0.055,MCC
5,17,60,0.09,MCC
5,17,61,0.075,MCC
5,17,62,0.195,MCC
5,17,63,1,MCC
5,17,64,1,MCC
5,17,65,1,MCC
5,17,66,0.76,MCC
5,17,67,1,MCC
5,17,68,1,MCC
5,17,69,0.175,MCC
5,17,70,0.07,MCC
5,17,71,1,MCC
5,17,72,0.405,MCC
5,17,73,1,MCC
5,17,74,0.54,MCC
5,17,75,0.195,MCC
5,17,76,1,MCC
5,17,77,0.61,MCC
5,17,78,0.97,MCC
5,17,79,0.155,MCC
5,17,80,0.085,MCC
5,17,81,0.215,MCC
5,17,82,1,MCC
5,17,83,0.995,MCC
5,17,84,1,MCC
5,17,85,0.84,MCC
5,17,86,0.98,MCC
5,17,87,1,MCC
5,17,88,0.74,MCC
5,17,89,0.59,MCC
5,17,90,0.07,MCC
5,17,91,0.305,MCC
5,17,92,0.5,MCC
5,17,93,0.725,MCC
5,17,94,0.7,MCC
5,17,95,0.985,MCC
5,17,96,1,MCC
5,17,97,0.15,MCC
5,17,98,0.6,MCC
5,17,99,1,MCC
9,4,51,NA,MCC
9,4,52,0.005,MCC
9,4,53,0.005,MCC
9,4,54,0.01,MCC
9,4,55,0.105,MCC
9,4,56,0.98,MCC
9,4,57,0.05,MCC
9,4,58,1,MCC
9,4,59,0.005,MCC
9,4,60,0.01,MCC
9,4,61,0.225,MCC
9,4,62,0.005,MCC
9,4,63,0.005,MCC
9,4,64,0.005,MCC
9,4,65,0.03,MCC
9,4,66,1,MCC
9,4,67,1,MCC
9,4,68,0.005,MCC
9,4,69,0.05,MCC
9,4,70,1,MCC
9,4,71,0.005,MCC
9,4,72,0.005,MCC
9,4,73,0.005,MCC
9,4,74,1,MCC
9,4,75,0.005,MCC
9,4,76,0.02,MCC
9,4,77,0.025,MCC
9,4,78,0.46,MCC
9,4,79,0.995,MCC
9,4,80,1,MCC
9,4,81,1,MCC
9,4,82,1,MCC
9,4,83,0.485,MCC
9,4,84,1,MCC
9,4,85,1,MCC
9,4,86,0.11,MCC
9,4,87,1,MCC
9,4,88,1,MCC
9,4,89,1,MCC
9,4,90,1,MCC
9,4,91,0.305,MCC
9,4,92,1,MCC
9,4,93,0.85,MCC
9,4,94,0.01,MCC
9,4,95,0.13,MCC
9,4,96,0.995,MCC
9,4,97,1,MCC
9,4,98,1,MCC
9,4,99,0.875,MCC
3,21,51,1,CS
3,21,52,1,CS
3,21,53,0.86,CS
3,21,54,0.895,CS
3,21,55,0.775,CS
3,21,56,0.605,CS
3,21,57,1,CS
3,21,58,1,CS
3,21,59,1,CS
3,21,60,1,CS
3,21,61,1,CS
3,21,62,1,CS
3,21,63,1,CS
3,21,64,1,CS
3,21,65,1,CS
3,21,66,1,CS
3,21,67,1,CS
3,21,68,1,CS
3,21,69,1,CS
3,21,70,1,CS
3,21,71,1,CS
3,21,72,1,CS
3,21,73,1,CS
3,21,74,1,CS
3,21,75,1,CS
3,21,76,1,CS
3,21,77,1,CS
3,21,78,1,CS
3,21,79,0.685,CS
3,21,80,1,CS
3,21,81,1,CS
3,21,82,0.685,CS
3,21,83,0.955,CS
3,21,84,0.905,CS
3,21,85,0.71,CS
3,21,86,1,CS
3,21,87,1,CS
3,21,88,1,CS
3,21,89,1,CS
3,21,90,1,CS
3,21,91,1,CS
3,21,92,0.535,CS
3,21,93,1,CS
3,21,94,1,CS
3,21,95,1,CS
3,21,96,1,CS
3,21,51,NA,MCC
3,21,52,1,MCC
3,21,53,0.86,MCC
3,21,54,0.895,MCC
3,21,55,0.775,MCC
3,21,56,0.605,MCC
3,21,57,1,MCC
3,21,58,1,MCC
3,21,59,1,MCC
3,21,60,1,MCC
3,21,61,1,MCC
3,21,62,1,MCC
3,21,63,1,MCC
3,21,64,1,MCC
3,21,65,1,MCC
3,21,66,1,MCC
3,21,67,1,MCC
3,21,68,1,MCC
3,21,69,0.5,MCC
3,21,70,1,MCC
3,21,71,1,MCC
3,21,72,1,MCC
3,21,73,1,MCC
3,21,74,1,MCC
3,21,75,1,MCC
3,21,76,1,MCC
3,21,77,1,MCC
3,21,78,1,MCC
3,21,79,1,MCC
3,21,80,1,MCC
3,21,81,0.685,MCC
3,21,82,1,MCC
3,21,83,0.685,MCC
3,21,84,0.235,MCC
3,21,85,0.955,MCC
3,21,86,0.905,MCC
3,21,87,1,MCC
3,21,88,1,MCC
3,21,89,0.535,MCC
3,21,90,0.71,MCC
3,21,91,1,MCC
3,21,92,1,MCC
3,21,93,1,MCC
3,21,94,1,MCC
3,21,95,0.375,MCC
3,21,96,1,MCC
3,21,97,1,MCC
3,21,98,1,MCC
3,21,99,1,MCC
8,35,51,1,CS
8,35,52,1,CS
8,35,53,1,CS
8,35,54,1,CS
8,35,55,1,CS
8,35,56,1,CS
8,35,57,0.97,CS
8,35,58,0.77,CS
8,35,59,0.87,CS
8,35,60,0.915,CS
8,35,61,1,CS
8,35,62,1,CS
8,35,63,1,CS
8,35,64,0.99,CS
8,35,65,0.815,CS
8,35,66,0.96,CS
8,35,67,0.945,CS
8,35,68,0.86,CS
8,35,69,1,CS
8,35,70,1,CS
8,35,71,0.56,CS
8,35,72,1,CS
8,35,73,1,CS
8,35,74,1,CS
8,35,75,1,CS
8,35,76,1,CS
14,8,51,1,CS
14,8,52,1,CS
14,8,53,1,CS
14,8,54,1,CS
14,8,55,1,CS
14,8,56,1,CS
14,8,57,0.985,CS
14,8,58,1,CS
14,8,59,1,CS
14,8,60,1,CS
14,8,61,1,CS
14,8,62,1,CS
14,8,63,0.59,CS
14,8,51,NA,MCC
14,8,52,0.005,MCC
14,8,53,0.005,MCC
14,8,54,0.005,MCC
14,8,55,0.005,MCC
14,8,56,0.005,MCC
14,8,57,0.005,MCC
14,8,58,0.01,MCC
14,8,59,1,MCC
14,8,60,1,MCC
14,8,61,1,MCC
14,8,62,0.08,MCC
14,8,63,0.075,MCC
14,8,64,0.005,MCC
14,8,65,1,MCC
14,8,66,0.05,MCC
14,8,67,0.02,MCC
14,8,68,0.035,MCC
14,8,69,1,MCC
14,8,70,0.005,MCC
14,8,71,0.055,MCC
14,8,72,0.06,MCC
14,8,73,0.005,MCC
14,8,74,0.005,MCC
14,8,75,0.01,MCC
14,8,76,0.02,MCC
14,8,77,0.055,MCC
14,8,78,1,MCC
14,8,79,0.005,MCC
14,8,80,0.02,MCC
14,8,81,1,MCC
14,8,82,1,MCC
14,8,83,0.985,MCC
14,8,84,0.005,MCC
14,8,85,0.005,MCC
14,8,86,0.005,MCC
14,8,87,0.005,MCC
14,8,88,0.02,MCC
14,8,89,0.59,MCC
14,8,90,0.055,MCC
14,8,91,0.015,MCC
14,8,92,0.08,MCC
14,8,93,1,MCC
14,8,94,0.005,MCC
14,8,95,0.005,MCC
14,8,96,0.375,MCC
14,8,97,0.015,MCC
14,8,98,0.05,MCC
14,8,99,1,MCC
8,35,51,NA,MCC
8,35,52,0.005,MCC
8,35,53,1,MCC
8,35,54,0.005,MCC
8,35,55,0.03,MCC
8,35,56,0.295,MCC
8,35,57,1,MCC
8,35,58,0.005,MCC
8,35,59,0.005,MCC
8,35,60,0.26,MCC
8,35,61,0.325,MCC
8,35,62,0.085,MCC
8,35,63,0.34,MCC
8,35,64,1,MCC
8,35,65,1,MCC
8,35,66,1,MCC
8,35,67,1,MCC
8,35,68,1,MCC
8,35,69,1,MCC
8,35,70,0.035,MCC
8,35,71,0.045,MCC
8,35,72,1,MCC
8,35,73,0.215,MCC
8,35,74,0.215,MCC
8,35,75,1,MCC
8,35,76,0.37,MCC
8,35,77,0.77,MCC
8,35,78,0.97,MCC
8,35,79,0.87,MCC
8,35,80,0.915,MCC
8,35,81,1,MCC
8,35,82,1,MCC
8,35,83,0.21,MCC
8,35,84,0.96,MCC
8,35,85,0.945,MCC
8,35,86,0.86,MCC
8,35,87,0.56,MCC
8,35,88,0.005,MCC
8,35,89,0.005,MCC
8,35,90,0.03,MCC
8,35,91,1,MCC
8,35,92,0.08,MCC
8,35,93,1,MCC
8,35,94,0.99,MCC
8,35,95,0.815,MCC
8,35,96,0.01,MCC
8,35,97,0.11,MCC
8,35,98,1,MCC
8,35,99,0.03,MCC
6,26,51,1,CS
6,26,52,0.805,CS
6,26,53,0.635,CS
6,26,54,1,CS
6,26,55,1,CS
6,26,56,1,CS
6,26,57,1,CS
6,26,58,1,CS
6,26,59,1,CS
6,26,60,0.915,CS
6,26,61,0.71,CS
6,26,62,0.995,CS
6,26,63,1,CS
6,26,64,0.99,CS
6,26,65,0.915,CS
6,26,66,1,CS
6,26,67,1,CS
6,26,68,0.61,CS
6,26,69,1,CS
6,26,70,0.575,CS
6,26,71,0.7,CS
6,26,72,0.975,CS
6,26,73,1,CS
6,26,74,0.705,CS
6,26,75,0.76,CS
6,26,76,0.55,CS
6,26,77,1,CS
6,26,78,1,CS
6,26,79,1,CS
6,26,80,1,CS
6,26,81,1,CS
6,26,82,1,CS
6,26,83,0.715,CS
6,17,51,1,CS
6,17,52,0.925,CS
6,17,53,0.8,CS
6,17,54,0.98,CS
6,17,55,0.915,CS
6,17,56,0.705,CS
6,17,57,1,CS
6,17,58,0.58,CS
6,17,59,0.955,CS
6,17,60,0.91,CS
6,17,61,1,CS
6,17,62,0.655,CS
6,17,63,1,CS
6,17,64,1,CS
6,17,65,1,CS
6,17,66,0.83,CS
6,17,67,1,CS
6,17,68,0.59,CS
6,17,69,0.705,CS
6,17,70,1,CS
6,17,71,1,CS
6,17,72,0.78,CS
6,17,73,1,CS
6,17,74,0.765,CS
6,17,75,0.87,CS
6,17,76,1,CS
6,17,77,0.93,CS
6,17,78,1,CS
6,17,51,NA,MCC
6,17,52,0.055,MCC
6,17,53,0.065,MCC
6,17,54,0.05,MCC
6,17,55,0.03,MCC
6,17,56,0.78,MCC
6,17,57,1,MCC
6,17,58,0.765,MCC
6,17,59,0.705,MCC
6,17,60,1,MCC
6,17,61,1,MCC
6,17,62,0.93,MCC
6,17,63,0.09,MCC
6,17,64,0.365,MCC
6,17,65,0.305,MCC
6,17,66,1,MCC
6,17,67,0.83,MCC
6,17,68,1,MCC
6,17,69,0.17,MCC
6,17,70,1,MCC
6,17,71,0.165,MCC
6,17,72,0.87,MCC
6,17,73,1,MCC
6,17,74,0.145,MCC
6,17,75,0.255,MCC
6,17,76,0.055,MCC
6,17,77,0.265,MCC
6,17,78,0.58,MCC
6,17,79,0.955,MCC
6,17,80,0.36,MCC
6,17,81,0.205,MCC
6,17,82,0.655,MCC
6,17,83,1,MCC
6,17,84,0.215,MCC
6,17,85,0.11,MCC
6,17,86,0.91,MCC
6,17,87,1,MCC
6,17,88,1,MCC
6,17,89,0.925,MCC
6,17,90,0.22,MCC
6,17,91,0.035,MCC
6,17,92,0.075,MCC
6,17,93,0.8,MCC
6,17,94,0.98,MCC
6,17,95,0.205,MCC
6,17,96,0.915,MCC
6,17,97,0.08,MCC
6,17,98,0.705,MCC
6,17,99,1,MCC
1,40,51,1,CS
1,40,52,0.705,CS
1,40,53,1,CS
1,40,54,1,CS
1,40,55,1,CS
1,40,56,1,CS
1,40,57,1,CS
1,40,58,1,CS
1,40,59,1,CS
1,40,60,1,CS
1,40,61,1,CS
1,40,62,1,CS
1,40,63,1,CS
1,40,64,1,CS
1,40,65,0.995,CS
1,40,66,1,CS
1,40,67,1,CS
1,40,68,1,CS
1,40,69,1,CS
1,40,70,1,CS
1,40,71,1,CS
1,40,72,0.62,CS
1,40,73,1,CS
1,40,74,1,CS
1,40,75,1,CS
1,40,76,1,CS
1,40,77,0.85,CS
1,40,78,1,CS
1,40,79,1,CS
1,40,80,0.82,CS
1,40,81,1,CS
1,40,82,1,CS
1,40,83,1,CS
1,40,84,0.715,CS
1,40,85,1,CS
1,40,86,1,CS
1,40,87,1,CS
1,40,88,1,CS
1,40,89,1,CS
1,40,90,1,CS
4,21,51,1,CS
4,21,52,0.57,CS
4,21,53,0.855,CS
4,21,54,0.51,CS
4,21,55,1,CS
4,21,56,1,CS
4,21,57,1,CS
4,21,58,1,CS
4,21,59,0.995,CS
4,21,60,1,CS
4,21,61,1,CS
4,21,62,1,CS
4,21,63,1,CS
4,21,64,1,CS
4,21,65,1,CS
4,21,66,1,CS
4,21,67,1,CS
4,21,68,1,CS
4,21,69,1,CS
4,21,70,0.545,CS
4,21,71,1,CS
4,21,72,1,CS
4,21,73,1,CS
4,21,74,1,CS
4,21,75,0.765,CS
4,21,76,1,CS
4,21,77,0.86,CS
4,21,78,1,CS
4,21,79,1,CS
4,21,80,1,CS
4,21,81,1,CS
4,21,82,0.995,CS
4,21,83,1,CS
4,21,84,1,CS
4,21,85,1,CS
4,21,86,1,CS
4,21,87,1,CS
4,21,88,0.995,CS
4,21,89,1,CS
4,21,90,0.97,CS
4,21,91,1,CS
4,21,92,0.965,CS
4,21,93,0.965,CS
1,40,51,NA,MCC
1,40,52,NA,MCC
1,40,53,0.185,MCC
1,40,54,1,MCC
1,40,55,0.995,MCC
1,40,56,1,MCC
1,40,57,1,MCC
1,40,58,1,MCC
1,40,59,1,MCC
1,40,60,1,MCC
1,40,61,1,MCC
1,40,62,0.62,MCC
1,40,63,1,MCC
1,40,64,1,MCC
1,40,65,1,MCC
1,40,66,1,MCC
1,40,67,1,MCC
1,40,68,1,MCC
1,40,69,1,MCC
1,40,70,1,MCC
1,40,71,1,MCC
1,40,72,0.28,MCC
1,40,73,0.395,MCC
1,40,74,1,MCC
1,40,75,1,MCC
1,40,76,1,MCC
1,40,77,1,MCC
1,40,78,1,MCC
1,40,79,0.425,MCC
1,40,80,0.43,MCC
1,40,81,1,MCC
1,40,82,1,MCC
1,40,83,1,MCC
1,40,84,0.715,MCC
1,40,85,1,MCC
1,40,86,0.43,MCC
1,40,87,1,MCC
1,40,88,1,MCC
1,40,89,0.4,MCC
1,40,90,1,MCC
1,40,91,1,MCC
1,40,92,0.335,MCC
1,40,93,0.4,MCC
1,40,94,0.85,MCC
1,40,95,0.82,MCC
1,40,96,1,MCC
1,40,97,1,MCC
1,40,98,1,MCC
1,40,99,1,MCC
4,21,51,NA,MCC
4,21,52,0.57,MCC
4,21,53,0.235,MCC
4,21,54,0.855,MCC
4,21,55,0.27,MCC
4,21,56,0.245,MCC
4,21,57,0.995,MCC
4,21,58,1,MCC
4,21,59,1,MCC
4,21,60,1,MCC
4,21,61,1,MCC
4,21,62,1,MCC
4,21,63,1,MCC
4,21,64,1,MCC
4,21,65,0.235,MCC
4,21,66,0.51,MCC
4,21,67,1,MCC
4,21,68,1,MCC
4,21,69,1,MCC
4,21,70,1,MCC
4,21,71,1,MCC
4,21,72,0.37,MCC
4,21,73,1,MCC
4,21,74,1,MCC
4,21,75,1,MCC
4,21,76,1,MCC
4,21,77,1,MCC
4,21,78,1,MCC
4,21,79,0.545,MCC
4,21,80,0.19,MCC
4,21,81,0.765,MCC
4,21,82,1,MCC
4,21,83,0.86,MCC
4,21,84,1,MCC
4,21,85,1,MCC
4,21,86,1,MCC
4,21,87,1,MCC
4,21,88,0.995,MCC
4,21,89,1,MCC
4,21,90,1,MCC
4,21,91,1,MCC
4,21,92,1,MCC
4,21,93,1,MCC
4,21,94,0.995,MCC
4,21,95,1,MCC
4,21,96,1,MCC
4,21,97,0.97,MCC
4,21,98,0.965,MCC
4,21,99,0.965,MCC
6,26,51,NA,MCC
6,26,52,0.315,MCC
6,26,53,0.105,MCC
6,26,54,0.19,MCC
6,26,55,0.575,MCC
6,26,56,0.315,MCC
6,26,57,0.7,MCC
6,26,58,0.09,MCC
6,26,59,0.035,MCC
6,26,60,0.23,MCC
6,26,61,1,MCC
6,26,62,1,MCC
6,26,63,1,MCC
6,26,64,0.715,MCC
6,26,65,0.04,MCC
6,26,66,0.01,MCC
6,26,67,0.015,MCC
6,26,68,0.08,MCC
6,26,69,0.305,MCC
6,26,70,0.805,MCC
6,26,71,0.635,MCC
6,26,72,1,MCC
6,26,73,1,MCC
6,26,74,1,MCC
6,26,75,1,MCC
6,26,76,1,MCC
6,26,77,1,MCC
6,26,78,0.705,MCC
6,26,79,0.76,MCC
6,26,80,0.035,MCC
6,26,81,0.14,MCC
6,26,82,0.975,MCC
6,26,83,1,MCC
6,26,84,0.16,MCC
6,26,85,0.915,MCC
6,26,86,0.61,MCC
6,26,87,1,MCC
6,26,88,1,MCC
6,26,89,1,MCC
6,26,90,0.38,MCC
6,26,91,1,MCC
6,26,92,1,MCC
6,26,93,0.915,MCC
6,26,94,0.71,MCC
6,26,95,0.995,MCC
6,26,96,1,MCC
6,26,97,0.99,MCC
6,26,98,0.55,MCC
6,26,99,1,MCC
1,13,51,1,CS
1,13,52,0.97,CS
1,13,53,0.995,CS
1,13,54,1,CS
1,13,55,0.78,CS
1,13,56,1,CS
1,13,57,1,CS
1,13,58,0.775,CS
1,13,59,0.995,CS
1,13,60,1,CS
1,13,61,1,CS
1,13,62,0.99,CS
1,13,63,0.965,CS
1,13,64,1,CS
1,13,65,1,CS
1,13,66,1,CS
1,13,67,1,CS
1,13,68,1,CS
1,13,69,1,CS
1,13,70,0.85,CS
1,13,71,1,CS
1,13,72,0.875,CS
1,13,73,1,CS
1,13,74,1,CS
1,13,75,0.915,CS
1,13,76,0.955,CS
1,13,77,1,CS
1,13,78,0.52,CS
1,13,79,1,CS
1,13,80,0.95,CS
1,13,81,0.715,CS
1,13,82,0.585,CS
1,13,83,1,CS
1,13,84,1,CS
1,13,85,1,CS
1,13,86,1,CS
1,13,87,1,CS
1,13,88,1,CS
1,13,89,1,CS
1,13,90,1,CS
1,13,91,1,CS
1,13,92,0.975,CS
1,13,93,1,CS
1,13,94,1,CS
1,13,95,1,CS
1,13,96,1,CS
1,13,97,1,CS
1,13,51,NA,MCC
1,13,52,1,MCC
1,13,53,1,MCC
1,13,54,1,MCC
1,13,55,1,MCC
1,13,56,1,MCC
1,13,57,1,MCC
1,13,58,1,MCC
1,13,59,1,MCC
1,13,60,0.975,MCC
1,13,61,1,MCC
1,13,62,1,MCC
1,13,63,0.5,MCC
1,13,64,0.97,MCC
1,13,65,0.585,MCC
1,13,66,1,MCC
1,13,67,1,MCC
1,13,68,1,MCC
1,13,69,1,MCC
1,13,70,0.995,MCC
1,13,71,0.52,MCC
1,13,72,0.375,MCC
1,13,73,0.715,MCC
1,13,74,0.95,MCC
1,13,75,1,MCC
1,13,76,1,MCC
1,13,77,0.78,MCC
1,13,78,1,MCC
1,13,79,1,MCC
1,13,80,1,MCC
1,13,81,1,MCC
1,13,82,1,MCC
1,13,83,0.85,MCC
1,13,84,1,MCC
1,13,85,0.875,MCC
1,13,86,1,MCC
1,13,87,0.775,MCC
1,13,88,0.99,MCC
1,13,89,1,MCC
1,13,90,0.965,MCC
1,13,91,0.995,MCC
1,13,92,1,MCC
1,13,93,1,MCC
1,13,94,1,MCC
1,13,95,1,MCC
1,13,96,1,MCC
1,13,97,0.915,MCC
1,13,98,0.955,MCC
1,13,99,1,MCC
5,44,51,1,CS
5,44,52,1,CS
5,44,53,1,CS
5,44,54,1,CS
5,44,55,1,CS
5,44,56,1,CS
5,44,57,0.66,CS
5,44,58,0.665,CS
5,44,59,0.855,CS
5,44,60,1,CS
5,44,61,1,CS
5,44,62,1,CS
5,44,63,0.995,CS
5,44,64,0.985,CS
5,44,65,0.92,CS
5,44,66,1,CS
5,44,67,1,CS
5,44,68,1,CS
5,44,69,1,CS
5,44,70,0.99,CS
5,44,71,1,CS
5,44,72,0.99,CS
5,44,73,1,CS
5,44,74,0.97,CS
5,44,75,1,CS
5,44,76,1,CS
5,44,77,1,CS
5,44,78,1,CS
5,44,79,1,CS
5,44,80,1,CS
5,44,81,1,CS
7,17,51,1,CS
7,17,52,0.775,CS
7,17,53,0.855,CS
7,17,54,0.85,CS
7,17,55,0.96,CS
7,17,56,0.715,CS
7,17,57,0.995,CS
7,17,58,0.775,CS
7,17,59,1,CS
7,17,60,0.97,CS
7,17,61,0.635,CS
7,17,62,0.775,CS
7,17,63,1,CS
7,17,64,0.535,CS
7,17,65,1,CS
7,17,66,0.72,CS
7,17,67,0.99,CS
7,17,68,1,CS
7,17,69,0.615,CS
7,17,70,0.995,CS
7,17,71,0.965,CS
7,17,72,1,CS
7,17,73,0.86,CS
7,17,74,1,CS
7,17,75,0.97,CS
7,17,76,0.865,CS
7,17,77,1,CS
7,17,78,0.995,CS
5,44,51,NA,MCC
5,44,52,0.08,MCC
5,44,53,1,MCC
5,44,54,0.05,MCC
5,44,55,0.14,MCC
5,44,56,1,MCC
5,44,57,0.46,MCC
5,44,58,0.455,MCC
5,44,59,1,MCC
5,44,60,1,MCC
5,44,61,0.66,MCC
5,44,62,1,MCC
5,44,63,1,MCC
5,44,64,1,MCC
5,44,65,1,MCC
5,44,66,0.665,MCC
5,44,67,1,MCC
5,44,68,0.855,MCC
5,44,69,1,MCC
5,44,70,1,MCC
5,44,71,0.415,MCC
5,44,72,0.165,MCC
5,44,73,0.235,MCC
5,44,74,0.995,MCC
5,44,75,0.985,MCC
5,44,76,0.92,MCC
5,44,77,1,MCC
5,44,78,1,MCC
5,44,79,0.365,MCC
5,44,80,1,MCC
5,44,81,0.97,MCC
5,44,82,1,MCC
5,44,83,0.24,MCC
5,44,84,0.12,MCC
5,44,85,0.035,MCC
5,44,86,0.205,MCC
5,44,87,1,MCC
5,44,88,0.99,MCC
5,44,89,1,MCC
5,44,90,0.03,MCC
5,44,91,0.23,MCC
5,44,92,1,MCC
5,44,93,0.01,MCC
5,44,94,0.1,MCC
5,44,95,1,MCC
5,44,96,0.345,MCC
5,44,97,1,MCC
5,44,98,1,MCC
5,44,99,0.99,MCC
7,17,51,NA,MCC
7,17,52,0.03,MCC
7,17,53,0.005,MCC
7,17,54,0.075,MCC
7,17,55,0.32,MCC
7,17,56,0.05,MCC
7,17,57,0.855,MCC
7,17,58,0.85,MCC
7,17,59,0.96,MCC
7,17,60,0.865,MCC
7,17,61,0.715,MCC
7,17,62,0.095,MCC
7,17,63,0.035,MCC
7,17,64,0.035,MCC
7,17,65,0.105,MCC
7,17,66,0.43,MCC
7,17,67,0.25,MCC
7,17,68,0.615,MCC
7,17,69,0.995,MCC
7,17,70,0.99,MCC
7,17,71,1,MCC
7,17,72,0.86,MCC
7,17,73,0.09,MCC
7,17,74,0.03,MCC
7,17,75,1,MCC
7,17,76,1,MCC
7,17,77,0.035,MCC
7,17,78,0.01,MCC
7,17,79,0.04,MCC
7,17,80,0.025,MCC
7,17,81,0.04,MCC
7,17,82,0.085,MCC
7,17,83,1,MCC
7,17,84,0.535,MCC
7,17,85,1,MCC
7,17,86,0.72,MCC
7,17,87,0.04,MCC
7,17,88,0.115,MCC
7,17,89,0.22,MCC
7,17,90,0.635,MCC
7,17,91,0.095,MCC
7,17,92,1,MCC
7,17,93,0.995,MCC
7,17,94,0.995,MCC
7,17,95,0.775,MCC
7,17,96,1,MCC
7,17,97,0.97,MCC
7,17,98,0.97,MCC
7,17,99,0.965,MCC
5,21,51,1,CS
5,21,52,0.65,CS
5,21,53,0.61,CS
5,21,54,1,CS
5,21,55,0.895,CS
5,21,56,1,CS
5,21,57,1,CS
5,21,58,1,CS
5,21,59,1,CS
5,21,60,1,CS
5,21,61,0.94,CS
5,21,62,1,CS
5,21,63,0.625,CS
5,21,64,1,CS
5,21,65,0.985,CS
5,21,66,0.64,CS
5,21,67,0.86,CS
5,21,68,0.51,CS
5,21,69,1,CS
5,21,70,1,CS
5,21,71,1,CS
5,21,72,0.95,CS
5,21,73,0.995,CS
5,21,74,1,CS
5,21,75,1,CS
5,21,76,1,CS
5,21,77,0.785,CS
5,21,78,0.95,CS
5,21,79,1,CS
5,21,80,1,CS
5,21,81,1,CS
5,21,82,1,CS
5,21,83,1,CS
5,21,84,0.995,CS
5,21,85,1,CS
5,21,86,1,CS
5,21,87,1,CS
5,21,88,1,CS
5,21,89,1,CS
5,21,90,1,CS
5,21,91,1,CS
5,21,92,0.505,CS
10,40,51,1,CS
10,40,52,0.93,CS
10,40,53,0.585,CS
10,40,54,0.83,CS
10,40,55,0.52,CS
10,40,56,1,CS
10,40,57,1,CS
10,40,58,0.66,CS
10,40,59,1,CS
10,40,60,0.955,CS
10,40,61,1,CS
10,40,62,1,CS
10,40,63,0.965,CS
10,40,64,1,CS
10,40,65,1,CS
10,40,66,1,CS
10,40,67,0.695,CS
5,21,51,NA,MCC
5,21,52,NA,MCC
5,21,53,0.17,MCC
5,21,54,0.095,MCC
5,21,55,0.075,MCC
5,21,56,0.245,MCC
5,21,57,1,MCC
5,21,58,0.505,MCC
5,21,59,0.995,MCC
5,21,60,1,MCC
5,21,61,1,MCC
5,21,62,1,MCC
5,21,63,1,MCC
5,21,64,1,MCC
5,21,65,1,MCC
5,21,66,0.61,MCC
5,21,67,0.985,MCC
5,21,68,0.64,MCC
5,21,69,1,MCC
5,21,70,0.94,MCC
5,21,71,1,MCC
5,21,72,0.625,MCC
5,21,73,1,MCC
5,21,74,0.895,MCC
5,21,75,1,MCC
5,21,76,1,MCC
5,21,77,1,MCC
5,21,78,1,MCC
5,21,79,1,MCC
5,21,80,0.785,MCC
5,21,81,0.38,MCC
5,21,82,1,MCC
5,21,83,1,MCC
5,21,84,0.95,MCC
5,21,85,1,MCC
5,21,86,0.32,MCC
5,21,87,1,MCC
5,21,88,1,MCC
5,21,89,0.86,MCC
5,21,90,0.41,MCC
5,21,91,0.95,MCC
5,21,92,0.995,MCC
5,21,93,1,MCC
5,21,94,0.51,MCC
5,21,95,1,MCC
5,21,96,1,MCC
5,21,97,1,MCC
5,21,98,1,MCC
5,21,99,1,MCC
10,40,51,NA,MCC
10,40,52,0.005,MCC
10,40,53,0.005,MCC
10,40,54,0.965,MCC
10,40,55,0.075,MCC
10,40,56,0.075,MCC
10,40,57,0.93,MCC
10,40,58,0.18,MCC
10,40,59,0.125,MCC
10,40,60,0.585,MCC
10,40,61,0.005,MCC
10,40,62,0.245,MCC
10,40,63,0.05,MCC
10,40,64,0.005,MCC
10,40,65,0.005,MCC
10,40,66,0.005,MCC
10,40,67,0.005,MCC
10,40,68,0.02,MCC
10,40,69,0.05,MCC
10,40,70,0.83,MCC
10,40,71,0.52,MCC
10,40,72,1,MCC
10,40,73,0.015,MCC
10,40,74,0.005,MCC
10,40,75,0.005,MCC
10,40,76,1,MCC
10,40,77,0.005,MCC
10,40,78,0.005,MCC
10,40,79,0.005,MCC
10,40,80,0.005,MCC
10,40,81,0.005,MCC
10,40,82,0.06,MCC
10,40,83,0.36,MCC
10,40,84,1,MCC
10,40,85,0.305,MCC
10,40,86,1,MCC
10,40,87,0.01,MCC
10,40,88,0.955,MCC
10,40,89,1,MCC
10,40,90,0.145,MCC
10,40,91,0.025,MCC
10,40,92,0.06,MCC
10,40,93,0.01,MCC
10,40,94,0.085,MCC
10,40,95,1,MCC
10,40,96,0.05,MCC
10,40,97,1,MCC
10,40,98,0.66,MCC
10,40,99,1,MCC
15,49,51,1,CS
15,49,52,1,CS
15,49,53,0.985,CS
15,49,54,0.74,CS
15,49,55,1,CS
15,49,56,1,CS
15,49,57,1,CS
15,49,58,0.68,CS
15,49,59,1,CS
2,30,51,1,CS
2,30,52,0.79,CS
2,30,53,0.895,CS
2,30,54,0.85,CS
2,30,55,1,CS
2,30,56,0.97,CS
2,30,57,0.515,CS
2,30,58,1,CS
2,30,59,1,CS
2,30,60,1,CS
2,30,61,1,CS
2,30,62,0.995,CS
2,30,63,1,CS
2,30,64,1,CS
2,30,65,1,CS
2,30,66,1,CS
2,30,67,0.52,CS
2,30,68,1,CS
2,30,69,0.6,CS
2,30,70,1,CS
2,30,71,1,CS
2,30,72,0.69,CS
2,30,73,0.74,CS
2,30,74,1,CS
2,30,75,0.525,CS
2,30,76,0.53,CS
2,30,77,1,CS
2,30,78,1,CS
2,30,79,1,CS
2,30,80,1,CS
2,30,81,1,CS
2,30,82,0.775,CS
2,30,83,1,CS
2,30,84,1,CS
2,30,85,1,CS
2,30,86,1,CS
2,30,87,0.99,CS
2,30,88,1,CS
2,30,89,1,CS
2,30,90,1,CS
2,30,91,1,CS
2,30,92,0.62,CS
2,30,93,0.62,CS
2,30,94,1,CS
2,30,95,0.65,CS
15,49,51,NA,MCC
15,49,52,0.005,MCC
15,49,53,0.005,MCC
15,49,54,0.025,MCC
15,49,55,0.005,MCC
15,49,56,0.045,MCC
15,49,57,0.68,MCC
15,49,58,0.115,MCC
15,49,59,0.005,MCC
15,49,60,0.01,MCC
15,49,61,0.005,MCC
15,49,62,0.03,MCC
15,49,63,0.005,MCC
15,49,64,0.005,MCC
15,49,65,0.005,MCC
15,49,66,0.015,MCC
15,49,67,0.02,MCC
15,49,68,1,MCC
15,49,69,0.005,MCC
15,49,70,0.005,MCC
15,49,71,0.005,MCC
15,49,72,0.005,MCC
15,49,73,0.005,MCC
15,49,74,0.055,MCC
15,49,75,0.74,MCC
15,49,76,1,MCC
15,49,77,0.055,MCC
15,49,78,1,MCC
15,49,79,0.115,MCC
15,49,80,0.115,MCC
15,49,81,1,MCC
15,49,82,0.985,MCC
15,49,83,0.005,MCC
15,49,84,0.03,MCC
15,49,85,0.005,MCC
15,49,86,0.04,MCC
15,49,87,0.005,MCC
15,49,88,0.005,MCC
15,49,89,0.005,MCC
15,49,90,0.005,MCC
15,49,91,0.005,MCC
15,49,92,0.02,MCC
15,49,93,0.005,MCC
15,49,94,0.035,MCC
15,49,95,0.02,MCC
15,49,96,0.005,MCC
15,49,97,0.04,MCC
15,49,98,1,MCC
15,49,99,0.22,MCC
2,30,51,NA,MCC
2,30,52,0.62,MCC
2,30,53,0.62,MCC
2,30,54,0.65,MCC
2,30,55,1,MCC
2,30,56,0.79,MCC
2,30,57,0.45,MCC
2,30,58,0.485,MCC
2,30,59,0.69,MCC
2,30,60,0.435,MCC
2,30,61,0.74,MCC
2,30,62,1,MCC
2,30,63,1,MCC
2,30,64,1,MCC
2,30,65,1,MCC
2,30,66,0.37,MCC
2,30,67,1,MCC
2,30,68,0.53,MCC
2,30,69,1,MCC
2,30,70,0.775,MCC
2,30,71,1,MCC
2,30,72,1,MCC
2,30,73,1,MCC
2,30,74,1,MCC
2,30,75,0.99,MCC
2,30,76,1,MCC
2,30,77,1,MCC
2,30,78,1,MCC
2,30,79,1,MCC
2,30,80,0.44,MCC
2,30,81,0.895,MCC
2,30,82,0.6,MCC
2,30,83,1,MCC
2,30,84,1,MCC
2,30,85,0.85,MCC
2,30,86,1,MCC
2,30,87,0.31,MCC
2,30,88,1,MCC
2,30,89,1,MCC
2,30,90,1,MCC
2,30,91,0.995,MCC
2,30,92,1,MCC
2,30,93,1,MCC
2,30,94,1,MCC
2,30,95,0.97,MCC
2,30,96,0.325,MCC
2,30,97,1,MCC
2,30,98,1,MCC
2,30,99,1,MCC
15,8,51,1,CS
15,8,52,1,CS
15,8,53,1,CS
15,8,54,1,CS
15,8,55,1,CS
15,8,56,0.945,CS
15,8,57,0.995,CS
15,8,58,1,CS
15,8,59,1,CS
15,8,60,1,CS
15,8,61,1,CS
15,8,62,0.94,CS
15,8,51,NA,MCC
15,8,52,0.005,MCC
15,8,53,0.005,MCC
15,8,54,0.015,MCC
15,8,55,0.005,MCC
15,8,56,0.005,MCC
15,8,57,0.005,MCC
15,8,58,0.005,MCC
15,8,59,0.005,MCC
15,8,60,0.005,MCC
15,8,61,0.005,MCC
15,8,62,0.08,MCC
15,8,63,0.02,MCC
15,8,64,0.005,MCC
15,8,65,0.025,MCC
15,8,66,1,MCC
15,8,67,0.005,MCC
15,8,68,0.005,MCC
15,8,69,0.005,MCC
15,8,70,0.25,MCC
15,8,71,1,MCC
15,8,72,0.945,MCC
15,8,73,0.015,MCC
15,8,74,0.04,MCC
15,8,75,0.995,MCC
15,8,76,1,MCC
15,8,77,0.015,MCC
15,8,78,0.005,MCC
15,8,79,0.005,MCC
15,8,80,0.01,MCC
15,8,81,0.115,MCC
15,8,82,0.34,MCC
15,8,83,1,MCC
15,8,84,0.035,MCC
15,8,85,0.005,MCC
15,8,86,0.005,MCC
15,8,87,0.005,MCC
15,8,88,0.035,MCC
15,8,89,0.005,MCC
15,8,90,0.065,MCC
15,8,91,1,MCC
15,8,92,0.01,MCC
15,8,93,0.01,MCC
15,8,94,0.135,MCC
15,8,95,1,MCC
15,8,96,1,MCC
15,8,97,1,MCC
15,8,98,0.94,MCC
15,8,99,0.03,MCC
10,13,51,1,CS
10,13,52,1,CS
10,13,53,0.93,CS
10,13,54,0.82,CS
10,13,55,1,CS
10,13,56,0.68,CS
10,13,57,1,CS
10,13,58,0.85,CS
10,13,59,1,CS
10,13,60,0.93,CS
10,13,61,1,CS
10,13,62,1,CS
10,13,63,1,CS
10,13,64,1,CS
10,13,65,1,CS
10,13,66,1,CS
10,13,67,1,CS
10,13,68,1,CS
10,13,69,0.955,CS
10,13,70,1,CS
10,13,51,NA,MCC
10,13,52,0.005,MCC
10,13,53,0.005,MCC
10,13,54,0.09,MCC
10,13,55,0.005,MCC
10,13,56,0.005,MCC
10,13,57,0.335,MCC
10,13,58,0.015,MCC
10,13,59,0.21,MCC
10,13,60,0.115,MCC
10,13,61,0.19,MCC
10,13,62,0.85,MCC
10,13,63,1,MCC
10,13,64,0.93,MCC
10,13,65,1,MCC
10,13,66,0.115,MCC
10,13,67,0.68,MCC
10,13,68,0.32,MCC
10,13,69,1,MCC
10,13,70,0.35,MCC
10,13,71,1,MCC
10,13,72,1,MCC
10,13,73,0.025,MCC
10,13,74,0.08,MCC
10,13,75,0.34,MCC
10,13,76,0.955,MCC
10,13,77,1,MCC
10,13,78,0.015,MCC
10,13,79,0.115,MCC
10,13,80,1,MCC
10,13,81,0.11,MCC
10,13,82,0.005,MCC
10,13,83,0.055,MCC
10,13,84,0.2,MCC
10,13,85,1,MCC
10,13,86,0.29,MCC
10,13,87,1,MCC
10,13,88,0.93,MCC
10,13,89,0.82,MCC
10,13,90,1,MCC
10,13,91,0.005,MCC
10,13,92,0.005,MCC
10,13,93,0.005,MCC
10,13,94,0.02,MCC
10,13,95,1,MCC
10,13,96,0.025,MCC
10,13,97,1,MCC
10,13,98,0.175,MCC
10,13,99,1,MCC
8,17,51,1,CS
8,17,52,1,CS
8,17,53,0.51,CS
8,17,54,1,CS
8,17,55,0.715,CS
8,17,56,0.65,CS
8,17,57,0.73,CS
8,17,58,1,CS
8,17,59,0.73,CS
8,17,60,0.79,CS
8,17,61,1,CS
8,17,62,0.995,CS
8,17,63,0.995,CS
8,17,64,0.975,CS
8,17,65,1,CS
8,17,66,1,CS
8,17,67,0.8,CS
8,17,68,1,CS
8,17,69,1,CS
8,17,70,0.95,CS
6,44,51,1,CS
6,44,52,0.805,CS
6,44,53,1,CS
6,44,54,0.955,CS
6,44,55,1,CS
6,44,56,0.925,CS
6,44,57,1,CS
6,44,58,0.59,CS
6,44,59,1,CS
6,44,60,1,CS
6,44,61,0.675,CS
6,44,62,0.52,CS
6,44,63,1,CS
6,44,64,1,CS
6,44,65,1,CS
6,44,66,0.995,CS
6,44,67,1,CS
6,44,68,1,CS
6,44,69,1,CS
6,44,70,1,CS
6,44,71,0.64,CS
6,44,72,1,CS
6,44,73,1,CS
6,44,74,0.975,CS
6,44,75,1,CS
6,44,76,1,CS
6,44,77,1,CS
6,44,78,1,CS
6,44,79,1,CS
6,44,80,1,CS
8,17,51,NA,MCC
8,17,52,0.04,MCC
8,17,53,0.01,MCC
8,17,54,0.005,MCC
8,17,55,0.12,MCC
8,17,56,0.01,MCC
8,17,57,0.235,MCC
8,17,58,0.8,MCC
8,17,59,0.79,MCC
8,17,60,1,MCC
8,17,61,0.005,MCC
8,17,62,0.005,MCC
8,17,63,0.005,MCC
8,17,64,0.03,MCC
8,17,65,0.04,MCC
8,17,66,1,MCC
8,17,67,0.73,MCC
8,17,68,0.005,MCC
8,17,69,0.025,MCC
8,17,70,0.025,MCC
8,17,71,1,MCC
8,17,72,0.035,MCC
8,17,73,0.185,MCC
8,17,74,0.3,MCC
8,17,75,0.65,MCC
8,17,76,0.73,MCC
8,17,77,0.13,MCC
8,17,78,0.975,MCC
8,17,79,0.125,MCC
8,17,80,0.06,MCC
8,17,81,0.07,MCC
8,17,82,0.13,MCC
8,17,83,1,MCC
8,17,84,0.025,MCC
8,17,85,0.13,MCC
8,17,86,0.4,MCC
8,17,87,1,MCC
8,17,88,1,MCC
8,17,89,0.33,MCC
8,17,90,1,MCC
8,17,91,0.715,MCC
8,17,92,0.35,MCC
8,17,93,0.315,MCC
8,17,94,0.42,MCC
8,17,95,0.295,MCC
8,17,96,0.95,MCC
8,17,97,1,MCC
8,17,98,0.995,MCC
8,17,99,0.995,MCC
6,44,51,NA,MCC
6,44,52,0.18,MCC
6,44,53,0.255,MCC
6,44,54,0.105,MCC
6,44,55,0.11,MCC
6,44,56,0.975,MCC
6,44,57,1,MCC
6,44,58,0.64,MCC
6,44,59,1,MCC
6,44,60,1,MCC
6,44,61,0.135,MCC
6,44,62,0.055,MCC
6,44,63,0.095,MCC
6,44,64,0.28,MCC
6,44,65,0.165,MCC
6,44,66,0.44,MCC
6,44,67,1,MCC
6,44,68,0.995,MCC
6,44,69,1,MCC
6,44,70,1,MCC
6,44,71,1,MCC
6,44,72,1,MCC
6,44,73,1,MCC
6,44,74,0.035,MCC
6,44,75,0.025,MCC
6,44,76,0.15,MCC
6,44,77,0.445,MCC
6,44,78,1,MCC
6,44,79,1,MCC
6,44,80,0.155,MCC
6,44,81,0.185,MCC
6,44,82,0.125,MCC
6,44,83,0.045,MCC
6,44,84,1,MCC
6,44,85,1,MCC
6,44,86,0.145,MCC
6,44,87,0.805,MCC
6,44,88,1,MCC
6,44,89,0.955,MCC
6,44,90,0.19,MCC
6,44,91,1,MCC
6,44,92,0.925,MCC
6,44,93,1,MCC
6,44,94,1,MCC
6,44,95,1,MCC
6,44,96,0.675,MCC
6,44,97,0.52,MCC
6,44,98,1,MCC
6,44,99,1,MCC
6,21,51,1,CS
6,21,52,0.76,CS
6,21,53,1,CS
6,21,54,1,CS
6,21,55,1,CS
6,21,56,1,CS
6,21,57,1,CS
6,21,58,1,CS
6,21,59,0.995,CS
6,21,60,1,CS
6,21,61,1,CS
6,21,62,0.99,CS
6,21,63,0.74,CS
6,21,64,1,CS
6,21,65,1,CS
6,21,66,1,CS
6,21,67,0.87,CS
6,21,68,0.93,CS
6,21,69,0.695,CS
6,21,70,1,CS
6,21,71,1,CS
6,21,72,1,CS
6,21,73,0.995,CS
6,21,74,1,CS
6,21,75,1,CS
6,21,76,1,CS
6,21,77,0.92,CS
6,21,78,0.975,CS
6,21,79,1,CS
6,21,80,1,CS
6,21,81,0.985,CS
6,21,82,1,CS
6,21,51,NA,MCC
6,21,52,0.225,MCC
6,21,53,0.385,MCC
6,21,54,0.76,MCC
6,21,55,0.995,MCC
6,21,56,1,MCC
6,21,57,1,MCC
6,21,58,0.455,MCC
6,21,59,1,MCC
6,21,60,1,MCC
6,21,61,1,MCC
6,21,62,1,MCC
6,21,63,1,MCC
6,21,64,1,MCC
6,21,65,0.03,MCC
6,21,66,0.015,MCC
6,21,67,0.01,MCC
6,21,68,0.02,MCC
6,21,69,0.99,MCC
6,21,70,0.74,MCC
6,21,71,1,MCC
6,21,72,1,MCC
6,21,73,1,MCC
6,21,74,0.175,MCC
6,21,75,0.02,MCC
6,21,76,0.465,MCC
6,21,77,0.13,MCC
6,21,78,0.93,MCC
6,21,79,0.23,MCC
6,21,80,0.345,MCC
6,21,81,1,MCC
6,21,82,0.1,MCC
6,21,83,0.17,MCC
6,21,84,0.095,MCC
6,21,85,0.265,MCC
6,21,86,0.995,MCC
6,21,87,1,MCC
6,21,88,1,MCC
6,21,89,1,MCC
6,21,90,0.455,MCC
6,21,91,1,MCC
6,21,92,1,MCC
6,21,93,0.92,MCC
6,21,94,0.975,MCC
6,21,95,0.3,MCC
6,21,96,1,MCC
6,21,97,1,MCC
6,21,98,1,MCC
6,21,99,0.985,MCC
11,40,51,1,CS
11,40,52,0.995,CS
11,40,53,0.72,CS
11,40,54,0.975,CS
11,40,55,0.745,CS
11,40,56,1,CS
11,40,57,0.615,CS
11,40,58,1,CS
11,40,59,1,CS
11,40,60,1,CS
11,40,61,1,CS
11,40,62,0.73,CS
11,40,63,1,CS
11,40,51,NA,MCC
11,40,52,0.005,MCC
11,40,53,0.005,MCC
11,40,54,0.005,MCC
11,40,55,0.005,MCC
11,40,56,0.005,MCC
11,40,57,0.025,MCC
11,40,58,0.09,MCC
11,40,59,0.73,MCC
11,40,60,0.005,MCC
11,40,61,0.165,MCC
11,40,62,0.005,MCC
11,40,63,0.005,MCC
11,40,64,0.01,MCC
11,40,65,1,MCC
11,40,66,0.005,MCC
11,40,67,0.015,MCC
11,40,68,0.06,MCC
11,40,69,0.005,MCC
11,40,70,0.015,MCC
11,40,71,1,MCC
11,40,72,0.005,MCC
11,40,73,0.005,MCC
11,40,74,0.005,MCC
11,40,75,0.125,MCC
11,40,76,0.005,MCC
11,40,77,0.005,MCC
11,40,78,0.005,MCC
11,40,79,0.05,MCC
11,40,80,0.615,MCC
11,40,81,1,MCC
11,40,82,0.085,MCC
11,40,83,0.04,MCC
11,40,84,1,MCC
11,40,85,0.005,MCC
11,40,86,0.005,MCC
11,40,87,0.005,MCC
11,40,88,0.015,MCC
11,40,89,0.15,MCC
11,40,90,0.745,MCC
11,40,91,1,MCC
11,40,92,1,MCC
11,40,93,0.015,MCC
11,40,94,0.005,MCC
11,40,95,0.01,MCC
11,40,96,0.015,MCC
11,40,97,0.995,MCC
11,40,98,0.72,MCC
11,40,99,0.975,MCC
7,26,51,1,CS
7,26,52,0.735,CS
7,26,53,0.88,CS
7,26,54,0.77,CS
7,26,55,1,CS
7,26,56,1,CS
7,26,57,1,CS
7,26,58,0.985,CS
7,26,59,1,CS
7,26,60,1,CS
7,26,61,0.77,CS
7,26,62,0.98,CS
7,26,63,0.745,CS
7,26,64,1,CS
7,26,65,0.78,CS
7,26,66,1,CS
7,26,67,1,CS
7,26,68,0.91,CS
7,26,69,0.99,CS
7,26,70,1,CS
7,26,71,0.995,CS
7,26,72,1,CS
7,26,51,NA,MCC
7,26,52,0.005,MCC
7,26,53,0.005,MCC
7,26,54,0.015,MCC
7,26,55,0.075,MCC
7,26,56,0.03,MCC
7,26,57,0.37,MCC
7,26,58,0.36,MCC
7,26,59,0.88,MCC
7,26,60,0.77,MCC
7,26,61,0.005,MCC
7,26,62,0.005,MCC
7,26,63,0.01,MCC
7,26,64,0.005,MCC
7,26,65,0.015,MCC
7,26,66,0.43,MCC
7,26,67,1,MCC
7,26,68,0.04,MCC
7,26,69,1,MCC
7,26,70,0.745,MCC
7,26,71,1,MCC
7,26,72,0.075,MCC
7,26,73,1,MCC
7,26,74,1,MCC
7,26,75,1,MCC
7,26,76,0.77,MCC
7,26,77,0.98,MCC
7,26,78,0.02,MCC
7,26,79,0.04,MCC
7,26,80,0.985,MCC
7,26,81,1,MCC
7,26,82,1,MCC
7,26,83,0.01,MCC
7,26,84,0.195,MCC
7,26,85,0.49,MCC
7,26,86,0.48,MCC
7,26,87,0.78,MCC
7,26,88,1,MCC
7,26,89,0.005,MCC
7,26,90,0.175,MCC
7,26,91,0.43,MCC
7,26,92,0.91,MCC
7,26,93,0.99,MCC
7,26,94,0.03,MCC
7,26,95,0.21,MCC
7,26,96,0.995,MCC
7,26,97,0.215,MCC
7,26,98,1,MCC
7,26,99,0.475,MCC
9,35,51,1,CS
9,35,52,0.575,CS
9,35,53,0.95,CS
9,35,54,0.775,CS
9,35,55,1,CS
9,35,56,1,CS
9,35,57,0.99,CS
9,35,58,1,CS
9,35,59,0.995,CS
9,35,60,1,CS
9,35,61,1,CS
9,35,62,0.56,CS
9,35,63,0.635,CS
9,35,64,0.81,CS
9,35,65,0.54,CS
9,35,66,0.545,CS
9,35,67,0.995,CS
9,35,68,1,CS
9,35,69,1,CS
9,35,70,1,CS
9,35,71,1,CS
9,35,72,1,CS
9,35,73,1,CS
9,35,74,1,CS
9,35,75,1,CS
9,35,51,NA,MCC
9,35,52,0.055,MCC
9,35,53,0.37,MCC
9,35,54,1,MCC
9,35,55,1,MCC
9,35,56,0.01,MCC
9,35,57,0.005,MCC
9,35,58,0.005,MCC
9,35,59,0.005,MCC
9,35,60,0.99,MCC
9,35,61,1,MCC
9,35,62,1,MCC
9,35,63,0.995,MCC
9,35,64,0.005,MCC
9,35,65,0.015,MCC
9,35,66,0.005,MCC
9,35,67,0.04,MCC
9,35,68,0.05,MCC
9,35,69,1,MCC
9,35,70,0.04,MCC
9,35,71,0.055,MCC
9,35,72,1,MCC
9,35,73,0.4,MCC
9,35,74,0.43,MCC
9,35,75,0.5,MCC
9,35,76,1,MCC
9,35,77,1,MCC
9,35,78,0.04,MCC
9,35,79,0.005,MCC
9,35,80,0.005,MCC
9,35,81,0.165,MCC
9,35,82,0.56,MCC
9,35,83,0.635,MCC
9,35,84,0.54,MCC
9,35,85,0.81,MCC
9,35,86,0.545,MCC
9,35,87,0.995,MCC
9,35,88,1,MCC
9,35,89,1,MCC
9,35,90,0.05,MCC
9,35,91,0.015,MCC
9,35,92,0.575,MCC
9,35,93,0.95,MCC
9,35,94,0.775,MCC
9,35,95,1,MCC
9,35,96,1,MCC
9,35,97,0.035,MCC
9,35,98,0.14,MCC
9,35,99,1,MCC
11,13,51,1,CS
11,13,52,1,CS
11,13,53,0.995,CS
11,13,54,0.96,CS
11,13,55,1,CS
11,13,56,1,CS
11,13,57,0.795,CS
11,13,58,1,CS
11,13,59,1,CS
11,13,60,1,CS
11,13,61,1,CS
11,13,62,1,CS
11,13,63,0.665,CS
11,13,64,0.995,CS
11,13,65,0.995,CS
11,13,66,1,CS
11,13,67,1,CS
11,13,68,1,CS
11,13,69,1,CS
11,13,70,1,CS
7,21,51,1,CS
7,21,52,0.555,CS
7,21,53,0.67,CS
7,21,54,1,CS
7,21,55,1,CS
7,21,56,1,CS
7,21,57,1,CS
7,21,58,1,CS
7,21,59,0.785,CS
7,21,60,1,CS
7,21,61,0.645,CS
7,21,62,1,CS
7,21,63,0.675,CS
7,21,64,1,CS
7,21,65,1,CS
7,21,66,1,CS
7,21,67,1,CS
7,21,68,0.715,CS
7,21,69,0.81,CS
7,21,70,0.97,CS
7,21,71,0.515,CS
7,21,72,1,CS
7,21,73,1,CS
7,21,74,1,CS
7,21,75,0.645,CS
7,21,76,0.99,CS
7,21,77,0.795,CS
7,21,78,0.705,CS
7,21,79,1,CS
7,21,80,0.975,CS
7,21,81,0.99,CS
7,21,82,1,CS
7,21,83,1,CS
7,21,84,1,CS
7,21,85,1,CS
7,21,86,1,CS
11,13,51,NA,MCC
11,13,52,0.005,MCC
11,13,53,1,MCC
11,13,54,0.005,MCC
11,13,55,0.005,MCC
11,13,56,0.005,MCC
11,13,57,0.025,MCC
11,13,58,0.375,MCC
11,13,59,0.025,MCC
11,13,60,1,MCC
11,13,61,1,MCC
11,13,62,0.005,MCC
11,13,63,0.025,MCC
11,13,64,0.04,MCC
11,13,65,1,MCC
11,13,66,0.995,MCC
11,13,67,0.96,MCC
11,13,68,1,MCC
11,13,69,0.37,MCC
11,13,70,1,MCC
11,13,71,1,MCC
11,13,72,0.665,MCC
11,13,73,0.005,MCC
11,13,74,0.005,MCC
11,13,75,0.005,MCC
11,13,76,0.005,MCC
11,13,77,0.06,MCC
11,13,78,0.09,MCC
11,13,79,0.995,MCC
11,13,80,0.02,MCC
11,13,81,0.075,MCC
11,13,82,1,MCC
11,13,83,1,MCC
11,13,84,0.795,MCC
11,13,85,0.01,MCC
11,13,86,0.43,MCC
11,13,87,0.08,MCC
11,13,88,1,MCC
11,13,89,1,MCC
11,13,90,0.015,MCC
11,13,91,1,MCC
11,13,92,0.24,MCC
11,13,93,0.435,MCC
11,13,94,0.005,MCC
11,13,95,0.03,MCC
11,13,96,1,MCC
11,13,97,0.995,MCC
11,13,98,0.005,MCC
11,13,99,0.065,MCC
7,21,51,NA,MCC
7,21,52,0.16,MCC
7,21,53,0.025,MCC
7,21,54,0.225,MCC
7,21,55,0.15,MCC
7,21,56,0.555,MCC
7,21,57,0.785,MCC
7,21,58,1,MCC
7,21,59,0.275,MCC
7,21,60,1,MCC
7,21,61,0.67,MCC
7,21,62,1,MCC
7,21,63,1,MCC
7,21,64,1,MCC
7,21,65,1,MCC
7,21,66,1,MCC
7,21,67,0.17,MCC
7,21,68,1,MCC
7,21,69,1,MCC
7,21,70,1,MCC
7,21,71,0.795,MCC
7,21,72,0.365,MCC
7,21,73,0.025,MCC
7,21,74,0.155,MCC
7,21,75,0.105,MCC
7,21,76,0.325,MCC
7,21,77,1,MCC
7,21,78,1,MCC
7,21,79,1,MCC
7,21,80,0.705,MCC
7,21,81,1,MCC
7,21,82,0.675,MCC
7,21,83,0.315,MCC
7,21,84,1,MCC
7,21,85,1,MCC
7,21,86,1,MCC
7,21,87,1,MCC
7,21,88,0.975,MCC
7,21,89,0.99,MCC
7,21,90,0.155,MCC
7,21,91,0.175,MCC
7,21,92,0.645,MCC
7,21,93,0.99,MCC
7,21,94,0.715,MCC
7,21,95,0.81,MCC
7,21,96,0.97,MCC
7,21,97,0.515,MCC
7,21,98,1,MCC
7,21,99,1,MCC
9,17,51,1,CS
9,17,52,0.51,CS
9,17,53,1,CS
9,17,54,0.88,CS
9,17,55,0.97,CS
9,17,56,0.66,CS
9,17,57,0.77,CS
9,17,58,1,CS
9,17,59,1,CS
9,17,60,0.835,CS
9,17,61,0.67,CS
9,17,62,0.875,CS
9,17,63,1,CS
9,17,64,1,CS
9,17,65,1,CS
9,17,66,0.995,CS
9,17,67,0.99,CS
9,17,51,NA,MCC
9,17,52,0.09,MCC
9,17,53,0.18,MCC
9,17,54,0.51,MCC
9,17,55,0.41,MCC
9,17,56,1,MCC
9,17,57,0.88,MCC
9,17,58,0.205,MCC
9,17,59,1,MCC
9,17,60,0.07,MCC
9,17,61,1,MCC
9,17,62,0.005,MCC
9,17,63,0.005,MCC
9,17,64,0.005,MCC
9,17,65,0.25,MCC
9,17,66,0.005,MCC
9,17,67,0.005,MCC
9,17,68,0.005,MCC
9,17,69,1,MCC
9,17,70,0.835,MCC
9,17,71,0.005,MCC
9,17,72,0.005,MCC
9,17,73,0.225,MCC
9,17,74,1,MCC
9,17,75,0.01,MCC
9,17,76,0.07,MCC
9,17,77,0.02,MCC
9,17,78,0.15,MCC
9,17,79,0.97,MCC
9,17,80,0.66,MCC
9,17,81,0.77,MCC
9,17,82,1,MCC
9,17,83,0.005,MCC
9,17,84,0.02,MCC
9,17,85,0.355,MCC
9,17,86,0.095,MCC
9,17,87,0.205,MCC
9,17,88,0.095,MCC
9,17,89,0.045,MCC
9,17,90,0.055,MCC
9,17,91,0.3,MCC
9,17,92,0.385,MCC
9,17,93,0.99,MCC
9,17,94,0.995,MCC
9,17,95,0.67,MCC
9,17,96,0.875,MCC
9,17,97,0.005,MCC
9,17,98,0.01,MCC
9,17,99,0.03,MCC
8,26,51,1,CS
8,26,52,0.635,CS
8,26,53,0.96,CS
8,26,54,1,CS
8,26,55,1,CS
8,26,56,1,CS
8,26,57,1,CS
8,26,58,1,CS
8,26,59,0.66,CS
8,26,60,1,CS
8,26,61,0.955,CS
8,26,62,0.825,CS
8,26,63,1,CS
8,26,64,1,CS
8,26,65,0.865,CS
8,26,66,1,CS
8,26,67,1,CS
8,26,68,1,CS
8,26,69,0.985,CS
8,26,70,0.625,CS
8,26,51,NA,MCC
8,26,52,NA,MCC
8,26,53,0.005,MCC
8,26,54,0.005,MCC
8,26,55,0.005,MCC
8,26,56,0.25,MCC
8,26,57,0.66,MCC
8,26,58,1,MCC
8,26,59,0.06,MCC
8,26,60,1,MCC
8,26,61,1,MCC
8,26,62,0.005,MCC
8,26,63,0.01,MCC
8,26,64,0.03,MCC
8,26,65,0.275,MCC
8,26,66,0.2,MCC
8,26,67,1,MCC
8,26,68,0.985,MCC
8,26,69,0.01,MCC
8,26,70,0.025,MCC
8,26,71,0.255,MCC
8,26,72,0.635,MCC
8,26,73,1,MCC
8,26,74,1,MCC
8,26,75,1,MCC
8,26,76,0.96,MCC
8,26,77,1,MCC
8,26,78,1,MCC
8,26,79,0.005,MCC
8,26,80,0.01,MCC
8,26,81,0.015,MCC
8,26,82,1,MCC
8,26,83,0.225,MCC
8,26,84,0.295,MCC
8,26,85,0.005,MCC
8,26,86,0.005,MCC
8,26,87,0.015,MCC
8,26,88,0.955,MCC
8,26,89,0.825,MCC
8,26,90,0.025,MCC
8,26,91,0.025,MCC
8,26,92,0.035,MCC
8,26,93,0.625,MCC
8,26,94,0.005,MCC
8,26,95,0.005,MCC
8,26,96,0.075,MCC
8,26,97,1,MCC
8,26,98,0.045,MCC
8,26,99,0.865,MCC
1,36,51,1,CS
1,36,52,0.87,CS
1,36,53,0.78,CS
1,36,54,1,CS
1,36,55,0.95,CS
1,36,56,1,CS
1,36,57,1,CS
1,36,58,1,CS
1,36,59,1,CS
1,36,60,1,CS
1,36,61,1,CS
1,36,62,1,CS
1,36,63,0.95,CS
1,36,64,1,CS
1,36,65,1,CS
1,36,66,1,CS
1,36,67,0.985,CS
1,36,68,1,CS
1,36,69,1,CS
1,36,70,1,CS
1,36,71,1,CS
1,36,72,0.545,CS
1,36,73,0.96,CS
1,36,74,1,CS
1,36,75,1,CS
1,36,76,1,CS
1,36,77,1,CS
1,36,78,1,CS
1,36,79,0.67,CS
1,36,80,1,CS
1,36,81,0.92,CS
1,36,82,1,CS
1,36,83,0.55,CS
1,36,84,1,CS
1,36,85,1,CS
1,36,86,1,CS
1,36,87,1,CS
1,36,88,0.985,CS
1,36,89,1,CS
1,36,90,1,CS
1,36,91,1,CS
1,36,92,1,CS
1,36,93,1,CS
1,36,51,NA,MCC
1,36,52,0.47,MCC
1,36,53,0.87,MCC
1,36,54,0.405,MCC
1,36,55,1,MCC
1,36,56,0.985,MCC
1,36,57,1,MCC
1,36,58,1,MCC
1,36,59,1,MCC
1,36,60,1,MCC
1,36,61,0.78,MCC
1,36,62,1,MCC
1,36,63,0.95,MCC
1,36,64,1,MCC
1,36,65,0.425,MCC
1,36,66,1,MCC
1,36,67,1,MCC
1,36,68,1,MCC
1,36,69,1,MCC
1,36,70,1,MCC
1,36,71,1,MCC
1,36,72,0.95,MCC
1,36,73,1,MCC
1,36,74,1,MCC
1,36,75,0.545,MCC
1,36,76,0.96,MCC
1,36,77,0.2,MCC
1,36,78,0.325,MCC
1,36,79,1,MCC
1,36,80,0.29,MCC
1,36,81,1,MCC
1,36,82,0.55,MCC
1,36,83,1,MCC
1,36,84,1,MCC
1,36,85,1,MCC
1,36,86,1,MCC
1,36,87,1,MCC
1,36,88,0.985,MCC
1,36,89,1,MCC
1,36,90,0.67,MCC
1,36,91,1,MCC
1,36,92,0.92,MCC
1,36,93,1,MCC
1,36,94,1,MCC
1,36,95,1,MCC
1,36,96,1,MCC
1,36,97,1,MCC
1,36,98,1,MCC
1,36,99,1,MCC
12,40,51,1,CS
12,40,52,0.63,CS
12,40,53,0.53,CS
12,40,54,1,CS
12,40,55,1,CS
12,40,56,1,CS
12,40,57,1,CS
12,40,58,1,CS
12,40,59,1,CS
12,40,60,1,CS
12,40,61,0.58,CS
3,30,51,1,CS
3,30,52,0.895,CS
3,30,53,0.88,CS
3,30,54,1,CS
3,30,55,1,CS
3,30,56,0.65,CS
3,30,57,1,CS
3,30,58,1,CS
3,30,59,1,CS
3,30,60,1,CS
3,30,61,1,CS
3,30,62,0.825,CS
3,30,63,1,CS
3,30,64,0.995,CS
3,30,65,0.97,CS
3,30,66,1,CS
3,30,67,1,CS
3,30,68,1,CS
3,30,69,0.575,CS
3,30,70,0.85,CS
3,30,71,0.755,CS
3,30,72,1,CS
3,30,73,0.99,CS
3,30,74,1,CS
3,30,75,1,CS
3,30,76,1,CS
3,30,77,1,CS
3,30,78,0.725,CS
3,30,79,1,CS
3,30,80,0.525,CS
3,30,81,1,CS
3,30,82,0.9,CS
3,30,83,1,CS
3,30,84,1,CS
3,30,85,1,CS
3,30,86,0.75,CS
3,30,87,1,CS
12,40,51,NA,MCC
12,40,52,0.005,MCC
12,40,53,0.005,MCC
12,40,54,0.005,MCC
12,40,55,0.005,MCC
12,40,56,0.005,MCC
12,40,57,0.015,MCC
12,40,58,0.025,MCC
12,40,59,0.055,MCC
12,40,60,0.39,MCC
12,40,61,0.14,MCC
12,40,62,0.01,MCC
12,40,63,0.035,MCC
12,40,64,1,MCC
12,40,65,0.005,MCC
12,40,66,0.005,MCC
12,40,67,0.005,MCC
12,40,68,0.045,MCC
12,40,69,0.1,MCC
12,40,70,1,MCC
12,40,71,0.025,MCC
12,40,72,0.005,MCC
12,40,73,0.005,MCC
12,40,74,0.05,MCC
12,40,75,1,MCC
12,40,76,0.005,MCC
12,40,77,0.005,MCC
12,40,78,0.015,MCC
12,40,79,0.005,MCC
12,40,80,0.12,MCC
12,40,81,0.09,MCC
12,40,82,0.005,MCC
12,40,83,0.005,MCC
12,40,84,0.005,MCC
12,40,85,0.005,MCC
12,40,86,0.085,MCC
12,40,87,1,MCC
12,40,88,0.01,MCC
12,40,89,0.63,MCC
12,40,90,0.53,MCC
12,40,91,1,MCC
12,40,92,1,MCC
12,40,93,0.005,MCC
12,40,94,0.005,MCC
12,40,95,0.12,MCC
12,40,96,0.02,MCC
12,40,97,0.05,MCC
12,40,98,0.045,MCC
12,40,99,1,MCC
12,13,51,1,CS
12,13,52,1,CS
12,13,53,0.99,CS
12,13,54,0.83,CS
12,13,55,1,CS
12,13,56,0.89,CS
12,13,57,1,CS
12,13,58,0.585,CS
12,13,59,1,CS
12,13,60,0.905,CS
12,13,61,1,CS
12,13,62,0.995,CS
12,13,63,1,CS
12,13,64,0.995,CS
12,13,65,0.995,CS
12,13,66,0.91,CS
12,13,67,1,CS
12,13,68,1,CS
12,13,69,1,CS
12,13,70,1,CS
8,21,51,1,CS
8,21,52,0.955,CS
8,21,53,1,CS
8,21,54,0.995,CS
8,21,55,1,CS
8,21,56,1,CS
8,21,57,1,CS
8,21,58,0.525,CS
8,21,59,1,CS
8,21,60,1,CS
8,21,61,0.625,CS
8,21,62,0.675,CS
8,21,63,1,CS
8,21,64,0.59,CS
8,21,65,1,CS
8,21,66,0.95,CS
8,21,67,1,CS
8,21,68,1,CS
8,21,69,0.535,CS
8,21,70,0.66,CS
8,21,71,1,CS
8,21,72,0.805,CS
8,21,73,0.74,CS
8,21,74,1,CS
8,21,75,1,CS
8,21,76,1,CS
8,21,77,1,CS
8,21,78,1,CS
8,21,79,0.99,CS
8,21,80,1,CS
8,21,81,1,CS
8,21,82,1,CS
3,30,51,NA,MCC
3,30,52,0.16,MCC
3,30,53,0.19,MCC
3,30,54,0.28,MCC
3,30,55,0.12,MCC
3,30,56,0.895,MCC
3,30,57,1,MCC
3,30,58,0.13,MCC
3,30,59,1,MCC
3,30,60,0.48,MCC
3,30,61,0.425,MCC
3,30,62,0.995,MCC
3,30,63,0.97,MCC
3,30,64,1,MCC
3,30,65,1,MCC
3,30,66,0.825,MCC
3,30,67,1,MCC
3,30,68,1,MCC
3,30,69,1,MCC
3,30,70,0.88,MCC
3,30,71,1,MCC
3,30,72,0.44,MCC
3,30,73,0.49,MCC
3,30,74,1,MCC
3,30,75,0.65,MCC
3,30,76,1,MCC
3,30,77,1,MCC
3,30,78,0.16,MCC
3,30,79,0.265,MCC
3,30,80,1,MCC
3,30,81,1,MCC
3,30,82,0.21,MCC
3,30,83,0.575,MCC
3,30,84,0.85,MCC
3,30,85,0.755,MCC
3,30,86,1,MCC
3,30,87,0.99,MCC
3,30,88,1,MCC
3,30,89,1,MCC
3,30,90,1,MCC
3,30,91,1,MCC
3,30,92,0.525,MCC
3,30,93,0.725,MCC
3,30,94,1,MCC
3,30,95,1,MCC
3,30,96,0.9,MCC
3,30,97,1,MCC
3,30,98,0.75,MCC
3,30,99,1,MCC
8,21,51,NA,MCC
8,21,52,0.005,MCC
8,21,53,0.535,MCC
8,21,54,0.66,MCC
8,21,55,1,MCC
8,21,56,0.005,MCC
8,21,57,0.005,MCC
8,21,58,0.01,MCC
8,21,59,0.06,MCC
8,21,60,1,MCC
8,21,61,1,MCC
8,21,62,0.1,MCC
8,21,63,0.425,MCC
8,21,64,0.805,MCC
8,21,65,0.74,MCC
8,21,66,1,MCC
8,21,67,1,MCC
8,21,68,0.13,MCC
8,21,69,0.085,MCC
8,21,70,1,MCC
8,21,71,1,MCC
8,21,72,0.125,MCC
8,21,73,0.05,MCC
8,21,74,0.99,MCC
8,21,75,1,MCC
8,21,76,0.525,MCC
8,21,77,1,MCC
8,21,78,1,MCC
8,21,79,0.625,MCC
8,21,80,0.005,MCC
8,21,81,0.95,MCC
8,21,82,1,MCC
8,21,83,1,MCC
8,21,84,0.005,MCC
8,21,85,0.07,MCC
8,21,86,0.955,MCC
8,21,87,1,MCC
8,21,88,1,MCC
8,21,89,0.995,MCC
8,21,90,1,MCC
8,21,91,1,MCC
8,21,92,0.675,MCC
8,21,93,1,MCC
8,21,94,0.59,MCC
8,21,95,1,MCC
8,21,96,0.135,MCC
8,21,97,0.405,MCC
8,21,98,1,MCC
8,21,99,0.5,MCC
12,13,51,NA,MCC
12,13,52,0.005,MCC
12,13,53,0.005,MCC
12,13,54,0.015,MCC
12,13,55,0.04,MCC
12,13,56,1,MCC
12,13,57,0.905,MCC
12,13,58,1,MCC
12,13,59,1,MCC
12,13,60,0.995,MCC
12,13,61,0.005,MCC
12,13,62,0.005,MCC
12,13,63,0.005,MCC
12,13,64,0.205,MCC
12,13,65,1,MCC
12,13,66,0.215,MCC
12,13,67,0.04,MCC
12,13,68,0.89,MCC
12,13,69,1,MCC
12,13,70,0.585,MCC
12,13,71,1,MCC
12,13,72,0.005,MCC
12,13,73,0.995,MCC
12,13,74,0.005,MCC
12,13,75,0.005,MCC
12,13,76,0.005,MCC
12,13,77,0.04,MCC
12,13,78,1,MCC
12,13,79,0.995,MCC
12,13,80,0.005,MCC
12,13,81,0.91,MCC
12,13,82,0.05,MCC
12,13,83,0.005,MCC
12,13,84,0.005,MCC
12,13,85,0.005,MCC
12,13,86,0.085,MCC
12,13,87,0.01,MCC
12,13,88,0.04,MCC
12,13,89,0.15,MCC
12,13,90,0.02,MCC
12,13,91,1,MCC
12,13,92,0.005,MCC
12,13,93,0.005,MCC
12,13,94,0.005,MCC
12,13,95,0.1,MCC
12,13,96,1,MCC
12,13,97,0.99,MCC
12,13,98,0.83,MCC
12,13,99,1,MCC
16,8,51,1,CS
16,8,52,1,CS
16,8,53,1,CS
16,8,54,1,CS
16,8,55,0.89,CS
16,8,56,1,CS
16,8,57,0.63,CS
16,8,58,1,CS
16,8,59,1,CS
16,8,60,1,CS
16,8,61,1,CS
16,8,62,1,CS
16,49,51,1,CS
16,49,52,1,CS
16,49,53,1,CS
16,49,54,1,CS
16,49,55,0.995,CS
16,49,56,1,CS
16,49,57,1,CS
16,49,58,0.55,CS
16,49,59,1,CS
16,8,51,NA,MCC
16,8,52,0.005,MCC
16,8,53,0.005,MCC
16,8,54,0.01,MCC
16,8,55,0.32,MCC
16,8,56,0.005,MCC
16,8,57,0.005,MCC
16,8,58,0.04,MCC
16,8,59,0.89,MCC
16,8,60,1,MCC
16,8,61,0.63,MCC
16,8,62,0.005,MCC
16,8,63,0.055,MCC
16,8,64,0.005,MCC
16,8,65,0.03,MCC
16,8,66,0.005,MCC
16,8,67,0.005,MCC
16,8,68,0.165,MCC
16,8,69,0.005,MCC
16,8,70,0.025,MCC
16,8,71,0.035,MCC
16,8,72,1,MCC
16,8,73,0.005,MCC
16,8,74,0.005,MCC
16,8,75,0.02,MCC
16,8,76,0.06,MCC
16,8,77,1,MCC
16,8,78,0.005,MCC
16,8,79,0.005,MCC
16,8,80,0.01,MCC
16,8,81,0.325,MCC
16,8,82,0.03,MCC
16,8,83,0.005,MCC
16,8,84,0.005,MCC
16,8,85,0.005,MCC
16,8,86,0.005,MCC
16,8,87,0.01,MCC
16,8,88,0.145,MCC
16,8,89,1,MCC
16,8,90,0.28,MCC
16,8,91,1,MCC
16,8,92,1,MCC
16,8,93,1,MCC
16,8,94,0.005,MCC
16,8,95,0.015,MCC
16,8,96,0.195,MCC
16,8,97,1,MCC
16,8,98,0.03,MCC
16,8,99,1,MCC
16,49,51,NA,MCC
16,49,52,0.005,MCC
16,49,53,0.005,MCC
16,49,54,0.005,MCC
16,49,55,1,MCC
16,49,56,0.005,MCC
16,49,57,1,MCC
16,49,58,1,MCC
16,49,59,0.005,MCC
16,49,60,0.005,MCC
16,49,61,0.005,MCC
16,49,62,0.005,MCC
16,49,63,0.005,MCC
16,49,64,0.02,MCC
16,49,65,0.005,MCC
16,49,66,0.005,MCC
16,49,67,0.025,MCC
16,49,68,1,MCC
16,49,69,0.995,MCC
16,49,70,0.03,MCC
16,49,71,0.005,MCC
16,49,72,0.005,MCC
16,49,73,0.005,MCC
16,49,74,0.02,MCC
16,49,75,0.005,MCC
16,49,76,0.085,MCC
16,49,77,0.185,MCC
16,49,78,1,MCC
16,49,79,0.025,MCC
16,49,80,0.005,MCC
16,49,81,0.005,MCC
16,49,82,0.005,MCC
16,49,83,0.015,MCC
16,49,84,1,MCC
16,49,85,0.06,MCC
16,49,86,0.005,MCC
16,49,87,0.005,MCC
16,49,88,0.005,MCC
16,49,89,0.045,MCC
16,49,90,0.55,MCC
16,49,91,0.005,MCC
16,49,92,0.005,MCC
16,49,93,0.015,MCC
16,49,94,0.01,MCC
16,49,95,0.17,MCC
16,49,96,0.16,MCC
16,49,97,0.005,MCC
16,49,98,0.065,MCC
16,49,99,0.03,MCC
7,44,51,1,CS
7,44,52,1,CS
7,44,53,0.995,CS
7,44,54,1,CS
7,44,55,0.79,CS
7,44,56,1,CS
7,44,57,0.61,CS
7,44,58,0.995,CS
7,44,59,0.955,CS
7,44,60,0.555,CS
7,44,61,1,CS
7,44,62,1,CS
7,44,63,1,CS
7,44,64,1,CS
7,44,65,1,CS
7,44,66,1,CS
7,44,67,0.98,CS
7,44,68,1,CS
7,44,69,0.765,CS
7,44,70,1,CS
7,44,71,1,CS
7,44,72,1,CS
7,44,73,1,CS
7,44,74,1,CS
7,44,75,1,CS
7,44,76,1,CS
7,44,77,1,CS
7,44,78,1,CS
7,44,51,NA,MCC
7,44,52,0.01,MCC
7,44,53,0.005,MCC
7,44,54,0.005,MCC
7,44,55,0.02,MCC
7,44,56,0.12,MCC
7,44,57,0.35,MCC
7,44,58,0.765,MCC
7,44,59,1,MCC
7,44,60,1,MCC
7,44,61,1,MCC
7,44,62,0.07,MCC
7,44,63,1,MCC
7,44,64,0.265,MCC
7,44,65,0.995,MCC
7,44,66,1,MCC
7,44,67,0.79,MCC
7,44,68,1,MCC
7,44,69,0.35,MCC
7,44,70,0.01,MCC
7,44,71,0.025,MCC
7,44,72,0.165,MCC
7,44,73,0.995,MCC
7,44,74,0.955,MCC
7,44,75,0.25,MCC
7,44,76,1,MCC
7,44,77,1,MCC
7,44,78,1,MCC
7,44,79,0.02,MCC
7,44,80,0.11,MCC
7,44,81,0.45,MCC
7,44,82,1,MCC
7,44,83,1,MCC
7,44,84,0.98,MCC
7,44,85,1,MCC
7,44,86,0.155,MCC
7,44,87,0.005,MCC
7,44,88,0.01,MCC
7,44,89,1,MCC
7,44,90,0.015,MCC
7,44,91,1,MCC
7,44,92,1,MCC
7,44,93,1,MCC
7,44,94,1,MCC
7,44,95,0.065,MCC
7,44,96,0.125,MCC
7,44,97,1,MCC
7,44,98,1,MCC
7,44,99,0.045,MCC
9,26,51,1,CS
9,26,52,0.85,CS
9,26,53,0.96,CS
9,26,54,1,CS
9,26,55,1,CS
9,26,56,1,CS
9,26,57,1,CS
9,26,58,1,CS
9,26,59,0.89,CS
9,26,60,1,CS
9,26,61,1,CS
9,26,62,1,CS
9,26,63,1,CS
9,26,64,0.97,CS
9,26,51,NA,MCC
9,26,52,0.005,MCC
9,26,53,0.005,MCC
9,26,54,0.005,MCC
9,26,55,0.005,MCC
9,26,56,0.005,MCC
9,26,57,0.01,MCC
9,26,58,0.07,MCC
9,26,59,0.01,MCC
9,26,60,0.3,MCC
9,26,61,0.025,MCC
9,26,62,0.1,MCC
9,26,63,1,MCC
9,26,64,0.005,MCC
9,26,65,0.015,MCC
9,26,66,0.09,MCC
9,26,67,0.015,MCC
9,26,68,0.005,MCC
9,26,69,0.005,MCC
9,26,70,0.05,MCC
9,26,71,0.97,MCC
9,26,72,1,MCC
9,26,73,0.015,MCC
9,26,74,0.03,MCC
9,26,75,0.12,MCC
9,26,76,0.075,MCC
9,26,77,0.42,MCC
9,26,78,0.005,MCC
9,26,79,0.005,MCC
9,26,80,0.015,MCC
9,26,81,0.295,MCC
9,26,82,0.445,MCC
9,26,83,0.89,MCC
9,26,84,1,MCC
9,26,85,0.005,MCC
9,26,86,0.01,MCC
9,26,87,0.22,MCC
9,26,88,0.85,MCC
9,26,89,0.96,MCC
9,26,90,1,MCC
9,26,91,1,MCC
9,26,92,1,MCC
9,26,93,1,MCC
9,26,94,1,MCC
9,26,95,0.005,MCC
9,26,96,0.005,MCC
9,26,97,0.05,MCC
9,26,98,0.03,MCC
9,26,99,1,MCC
13,40,51,1,CS
13,40,52,0.97,CS
13,40,53,1,CS
13,40,54,1,CS
13,40,55,0.58,CS
13,40,56,0.99,CS
13,40,57,1,CS
13,40,58,0.995,CS
13,40,59,1,CS
13,40,60,1,CS
13,40,61,1,CS
13,40,62,1,CS
13,40,63,1,CS
9,21,51,1,CS
9,21,52,1,CS
9,21,53,1,CS
9,21,54,1,CS
9,21,55,1,CS
9,21,56,0.805,CS
9,21,57,0.83,CS
9,21,58,1,CS
9,21,59,1,CS
9,21,60,1,CS
9,21,61,1,CS
9,21,62,1,CS
9,21,63,0.725,CS
9,21,64,1,CS
9,21,65,1,CS
9,21,66,1,CS
9,21,67,1,CS
9,21,68,1,CS
9,21,69,1,CS
9,21,70,1,CS
9,21,71,0.62,CS
9,21,72,0.92,CS
9,21,73,1,CS
9,21,74,1,CS
9,21,75,1,CS
9,21,76,0.78,CS
13,40,51,NA,MCC
13,40,52,0.005,MCC
13,40,53,0.05,MCC
13,40,54,0.005,MCC
13,40,55,0.015,MCC
13,40,56,0.425,MCC
13,40,57,1,MCC
13,40,58,0.07,MCC
13,40,59,0.005,MCC
13,40,60,0.005,MCC
13,40,61,0.015,MCC
13,40,62,0.18,MCC
13,40,63,0.245,MCC
13,40,64,0.035,MCC
13,40,65,0.1,MCC
13,40,66,1,MCC
13,40,67,0.005,MCC
13,40,68,0.005,MCC
13,40,69,0.005,MCC
13,40,70,0.01,MCC
13,40,71,0.07,MCC
13,40,72,0.325,MCC
13,40,73,0.97,MCC
13,40,74,1,MCC
13,40,75,1,MCC
13,40,76,0.01,MCC
13,40,77,0.99,MCC
13,40,78,1,MCC
13,40,79,0.025,MCC
13,40,80,0.03,MCC
13,40,81,0.005,MCC
13,40,82,0.005,MCC
13,40,83,0.005,MCC
13,40,84,0.015,MCC
13,40,85,0.025,MCC
13,40,86,1,MCC
13,40,87,0.03,MCC
13,40,88,0.005,MCC
13,40,89,0.215,MCC
13,40,90,1,MCC
13,40,91,0.1,MCC
13,40,92,0.06,MCC
13,40,93,0.005,MCC
13,40,94,0.035,MCC
13,40,95,0.035,MCC
13,40,96,0.58,MCC
13,40,97,0.375,MCC
13,40,98,1,MCC
13,40,99,0.995,MCC
9,21,51,NA,MCC
9,21,52,0.005,MCC
9,21,53,0.025,MCC
9,21,54,0.115,MCC
9,21,55,0.045,MCC
9,21,56,0.09,MCC
9,21,57,1,MCC
9,21,58,1,MCC
9,21,59,0.805,MCC
9,21,60,0.83,MCC
9,21,61,0.11,MCC
9,21,62,0.215,MCC
9,21,63,0.78,MCC
9,21,64,1,MCC
9,21,65,1,MCC
9,21,66,0.005,MCC
9,21,67,0.005,MCC
9,21,68,1,MCC
9,21,69,0.725,MCC
9,21,70,0.01,MCC
9,21,71,0.09,MCC
9,21,72,1,MCC
9,21,73,0.08,MCC
9,21,74,0.065,MCC
9,21,75,0.92,MCC
9,21,76,0.12,MCC
9,21,77,0.06,MCC
9,21,78,1,MCC
9,21,79,0.275,MCC
9,21,80,1,MCC
9,21,81,1,MCC
9,21,82,1,MCC
9,21,83,1,MCC
9,21,84,1,MCC
9,21,85,0.08,MCC
9,21,86,0.36,MCC
9,21,87,1,MCC
9,21,88,1,MCC
9,21,89,0.005,MCC
9,21,90,0.04,MCC
9,21,91,0.015,MCC
9,21,92,0.01,MCC
9,21,93,0.03,MCC
9,21,94,1,MCC
9,21,95,1,MCC
9,21,96,0.3,MCC
9,21,97,1,MCC
9,21,98,1,MCC
9,21,99,1,MCC
1,27,51,1,CS
1,27,52,0.995,CS
1,27,53,1,CS
1,27,54,1,CS
1,27,55,1,CS
1,27,56,1,CS
1,27,57,1,CS
1,27,58,0.965,CS
1,27,59,1,CS
1,27,60,0.885,CS
1,27,61,1,CS
1,27,62,0.95,CS
1,27,63,1,CS
1,27,64,0.98,CS
1,27,65,1,CS
1,27,66,1,CS
1,27,67,1,CS
1,27,68,1,CS
1,27,69,1,CS
1,27,70,0.685,CS
1,27,71,0.855,CS
1,27,72,1,CS
1,27,73,1,CS
1,27,74,1,CS
1,27,75,1,CS
1,27,76,1,CS
1,27,77,1,CS
1,27,78,1,CS
1,27,79,1,CS
1,27,80,1,CS
1,27,81,0.75,CS
1,27,82,1,CS
1,27,83,1,CS
1,27,84,0.975,CS
1,27,85,1,CS
1,27,86,0.795,CS
1,27,87,0.975,CS
1,27,88,0.66,CS
1,27,89,1,CS
1,27,90,1,CS
1,27,91,1,CS
1,27,92,1,CS
1,27,93,1,CS
1,27,94,0.72,CS
1,27,95,1,CS
1,27,51,NA,MCC
1,27,52,0.125,MCC
1,27,53,0.23,MCC
1,27,54,0.345,MCC
1,27,55,1,MCC
1,27,56,1,MCC
1,27,57,1,MCC
1,27,58,1,MCC
1,27,59,0.72,MCC
1,27,60,1,MCC
1,27,61,0.995,MCC
1,27,62,1,MCC
1,27,63,0.98,MCC
1,27,64,1,MCC
1,27,65,1,MCC
1,27,66,0.685,MCC
1,27,67,1,MCC
1,27,68,1,MCC
1,27,69,1,MCC
1,27,70,1,MCC
1,27,71,0.885,MCC
1,27,72,1,MCC
1,27,73,0.95,MCC
1,27,74,1,MCC
1,27,75,0.965,MCC
1,27,76,1,MCC
1,27,77,1,MCC
1,27,78,1,MCC
1,27,79,1,MCC
1,27,80,0.335,MCC
1,27,81,0.75,MCC
1,27,82,1,MCC
1,27,83,1,MCC
1,27,84,0.975,MCC
1,27,85,1,MCC
1,27,86,0.795,MCC
1,27,87,0.975,MCC
1,27,88,0.66,MCC
1,27,89,1,MCC
1,27,90,0.855,MCC
1,27,91,1,MCC
1,27,92,1,MCC
1,27,93,1,MCC
1,27,94,1,MCC
1,27,95,1,MCC
1,27,96,1,MCC
1,27,97,1,MCC
1,27,98,1,MCC
1,27,99,1,MCC
17,8,51,1,CS
17,8,52,1,CS
17,8,53,1,CS
17,8,54,1,CS
17,8,55,0.965,CS
17,8,56,1,CS
17,8,57,0.955,CS
17,8,58,0.615,CS
17,8,59,1,CS
17,8,60,1,CS
17,8,61,1,CS
17,8,62,1,CS
17,8,63,1,CS
1,18,51,1,CS
1,18,52,1,CS
1,18,53,0.83,CS
1,18,54,0.995,CS
1,18,55,1,CS
1,18,56,0.975,CS
1,18,57,0.99,CS
1,18,58,1,CS
1,18,59,0.76,CS
1,18,60,1,CS
1,18,61,1,CS
1,18,62,1,CS
1,18,63,0.99,CS
1,18,64,1,CS
1,18,65,0.55,CS
1,18,66,1,CS
1,18,67,1,CS
1,18,68,0.845,CS
1,18,69,1,CS
1,18,70,0.815,CS
1,18,71,1,CS
1,18,72,1,CS
1,18,73,1,CS
1,18,74,1,CS
1,18,75,1,CS
1,18,76,1,CS
1,18,77,1,CS
1,18,78,0.675,CS
1,18,79,1,CS
1,18,80,0.78,CS
1,18,81,1,CS
1,18,82,1,CS
1,18,83,1,CS
1,18,84,1,CS
1,18,85,1,CS
1,18,86,1,CS
1,18,87,1,CS
1,18,88,1,CS
1,18,89,1,CS
1,18,90,1,CS
1,18,91,1,CS
1,18,92,1,CS
1,18,93,0.96,CS
1,18,94,0.9,CS
1,18,95,1,CS
1,18,96,0.995,CS
1,18,97,1,CS
17,8,51,NA,MCC
17,8,52,0.005,MCC
17,8,53,0.005,MCC
17,8,54,0.005,MCC
17,8,55,0.005,MCC
17,8,56,0.005,MCC
17,8,57,0.035,MCC
17,8,58,1,MCC
17,8,59,0.005,MCC
17,8,60,0.005,MCC
17,8,61,0.005,MCC
17,8,62,0.025,MCC
17,8,63,1,MCC
17,8,64,0.005,MCC
17,8,65,0.005,MCC
17,8,66,0.12,MCC
17,8,67,1,MCC
17,8,68,0.005,MCC
17,8,69,0.005,MCC
17,8,70,0.02,MCC
17,8,71,0.25,MCC
17,8,72,0.615,MCC
17,8,73,1,MCC
17,8,74,0.16,MCC
17,8,75,0.005,MCC
17,8,76,0.005,MCC
17,8,77,0.005,MCC
17,8,78,0.005,MCC
17,8,79,0.01,MCC
17,8,80,0.065,MCC
17,8,81,0.04,MCC
17,8,82,0.46,MCC
17,8,83,0.965,MCC
17,8,84,1,MCC
17,8,85,0.955,MCC
17,8,86,1,MCC
17,8,87,0.005,MCC
17,8,88,0.005,MCC
17,8,89,0.01,MCC
17,8,90,0.01,MCC
17,8,91,0.315,MCC
17,8,92,1,MCC
17,8,93,1,MCC
17,8,94,1,MCC
17,8,95,0.005,MCC
17,8,96,0.025,MCC
17,8,97,0.02,MCC
17,8,98,0.005,MCC
17,8,99,0.04,MCC
1,18,51,NA,MCC
1,18,52,0.675,MCC
1,18,53,0.96,MCC
1,18,54,0.995,MCC
1,18,55,1,MCC
1,18,56,0.9,MCC
1,18,57,1,MCC
1,18,58,1,MCC
1,18,59,0.78,MCC
1,18,60,1,MCC
1,18,61,1,MCC
1,18,62,1,MCC
1,18,63,1,MCC
1,18,64,1,MCC
1,18,65,1,MCC
1,18,66,1,MCC
1,18,67,1,MCC
1,18,68,1,MCC
1,18,69,1,MCC
1,18,70,1,MCC
1,18,71,1,MCC
1,18,72,1,MCC
1,18,73,0.83,MCC
1,18,74,0.995,MCC
1,18,75,1,MCC
1,18,76,0.99,MCC
1,18,77,1,MCC
1,18,78,1,MCC
1,18,79,0.55,MCC
1,18,80,1,MCC
1,18,81,1,MCC
1,18,82,1,MCC
1,18,83,0.975,MCC
1,18,84,0.76,MCC
1,18,85,0.99,MCC
1,18,86,1,MCC
1,18,87,1,MCC
1,18,88,0.845,MCC
1,18,89,1,MCC
1,18,90,0.815,MCC
1,18,91,1,MCC
1,18,92,0.325,MCC
1,18,93,0.34,MCC
1,18,94,1,MCC
1,18,95,1,MCC
1,18,96,1,MCC
1,18,97,1,MCC
1,18,98,1,MCC
1,18,99,1,MCC
14,40,51,1,CS
14,40,52,0.815,CS
14,40,53,0.545,CS
14,40,54,0.88,CS
14,40,55,0.68,CS
14,40,56,1,CS
14,40,57,1,CS
14,40,58,1,CS
14,40,59,1,CS
14,40,60,0.89,CS
14,40,61,0.98,CS
14,40,62,1,CS
1,22,51,1,CS
1,22,52,1,CS
1,22,53,1,CS
1,22,54,1,CS
1,22,55,0.98,CS
1,22,56,1,CS
1,22,57,1,CS
1,22,58,1,CS
1,22,59,1,CS
1,22,60,1,CS
1,22,61,1,CS
1,22,62,1,CS
1,22,63,1,CS
1,22,64,1,CS
1,22,65,1,CS
1,22,66,1,CS
1,22,67,1,CS
1,22,68,1,CS
1,22,69,1,CS
1,22,70,1,CS
1,22,71,1,CS
1,22,72,1,CS
1,22,73,1,CS
1,22,74,0.925,CS
1,22,75,1,CS
1,22,76,1,CS
1,22,77,0.935,CS
1,22,78,1,CS
1,22,79,1,CS
1,22,80,1,CS
1,22,81,1,CS
1,22,82,0.915,CS
1,22,83,1,CS
1,22,84,1,CS
1,22,85,1,CS
1,22,86,1,CS
1,22,87,0.755,CS
1,22,88,1,CS
1,22,89,1,CS
1,22,90,1,CS
1,22,91,1,CS
14,40,51,NA,MCC
14,40,52,NA,MCC
14,40,53,0.005,MCC
14,40,54,0.005,MCC
14,40,55,0.005,MCC
14,40,56,0.005,MCC
14,40,57,0.005,MCC
14,40,58,0.005,MCC
14,40,59,0.005,MCC
14,40,60,0.08,MCC
14,40,61,0.315,MCC
14,40,62,0.03,MCC
14,40,63,1,MCC
14,40,64,0.03,MCC
14,40,65,0.815,MCC
14,40,66,0.545,MCC
14,40,67,0.88,MCC
14,40,68,0.01,MCC
14,40,69,0.005,MCC
14,40,70,0.005,MCC
14,40,71,0.005,MCC
14,40,72,0.005,MCC
14,40,73,0.01,MCC
14,40,74,0.025,MCC
14,40,75,0.98,MCC
14,40,76,0.01,MCC
14,40,77,0.68,MCC
14,40,78,1,MCC
14,40,79,0.04,MCC
14,40,80,0.005,MCC
14,40,81,0.005,MCC
14,40,82,0.005,MCC
14,40,83,0.005,MCC
14,40,84,0.015,MCC
14,40,85,0.005,MCC
14,40,86,0.005,MCC
14,40,87,0.065,MCC
14,40,88,0.02,MCC
14,40,89,0.005,MCC
14,40,90,0.025,MCC
14,40,91,0.03,MCC
14,40,92,0.89,MCC
14,40,93,0.005,MCC
14,40,94,0.005,MCC
14,40,95,0.005,MCC
14,40,96,1,MCC
14,40,97,0.025,MCC
14,40,98,1,MCC
14,40,99,1,MCC
1,22,51,NA,MCC
1,22,52,0.28,MCC
1,22,53,0.405,MCC
1,22,54,1,MCC
1,22,55,1,MCC
1,22,56,1,MCC
1,22,57,0.925,MCC
1,22,58,1,MCC
1,22,59,1,MCC
1,22,60,1,MCC
1,22,61,1,MCC
1,22,62,1,MCC
1,22,63,0.935,MCC
1,22,64,1,MCC
1,22,65,1,MCC
1,22,66,1,MCC
1,22,67,1,MCC
1,22,68,0.17,MCC
1,22,69,0.365,MCC
1,22,70,1,MCC
1,22,71,1,MCC
1,22,72,0.485,MCC
1,22,73,1,MCC
1,22,74,1,MCC
1,22,75,1,MCC
1,22,76,1,MCC
1,22,77,0.98,MCC
1,22,78,1,MCC
1,22,79,0.435,MCC
1,22,80,1,MCC
1,22,81,1,MCC
1,22,82,1,MCC
1,22,83,1,MCC
1,22,84,1,MCC
1,22,85,1,MCC
1,22,86,1,MCC
1,22,87,0.1,MCC
1,22,88,0.315,MCC
1,22,89,1,MCC
1,22,90,1,MCC
1,22,91,0.915,MCC
1,22,92,1,MCC
1,22,93,1,MCC
1,22,94,1,MCC
1,22,95,1,MCC
1,22,96,0.755,MCC
1,22,97,1,MCC
1,22,98,1,MCC
1,22,99,1,MCC
10,36,51,1,CS
10,36,52,1,CS
10,36,53,0.515,CS
10,36,54,1,CS
10,36,55,0.975,CS
10,36,56,1,CS
10,36,57,1,CS
10,36,58,1,CS
10,36,59,0.52,CS
10,36,60,1,CS
10,36,61,0.985,CS
10,36,62,1,CS
10,36,63,1,CS
10,36,64,1,CS
10,36,65,1,CS
10,36,66,0.99,CS
10,36,67,1,CS
10,36,68,1,CS
17,49,51,1,CS
17,49,52,0.82,CS
17,49,53,1,CS
17,49,54,1,CS
17,49,55,0.85,CS
17,49,56,1,CS
17,49,57,1,CS
17,49,58,1,CS
10,36,51,NA,MCC
10,36,52,0.005,MCC
10,36,53,0.005,MCC
10,36,54,0.005,MCC
10,36,55,0.005,MCC
10,36,56,0.015,MCC
10,36,57,0.04,MCC
10,36,58,1,MCC
10,36,59,0.2,MCC
10,36,60,1,MCC
10,36,61,0.005,MCC
10,36,62,0.005,MCC
10,36,63,0.01,MCC
10,36,64,0.975,MCC
10,36,65,1,MCC
10,36,66,0.19,MCC
10,36,67,0.005,MCC
10,36,68,0.005,MCC
10,36,69,0.175,MCC
10,36,70,0.06,MCC
10,36,71,0.2,MCC
10,36,72,1,MCC
10,36,73,0.005,MCC
10,36,74,0.18,MCC
10,36,75,1,MCC
10,36,76,1,MCC
10,36,77,0.02,MCC
10,36,78,0.315,MCC
10,36,79,0.005,MCC
10,36,80,0.005,MCC
10,36,81,0.52,MCC
10,36,82,0.465,MCC
10,36,83,1,MCC
10,36,84,0.005,MCC
10,36,85,0.005,MCC
10,36,86,0.015,MCC
10,36,87,0.99,MCC
10,36,88,0.255,MCC
10,36,89,1,MCC
10,36,90,1,MCC
10,36,91,0.005,MCC
10,36,92,0.035,MCC
10,36,93,0.195,MCC
10,36,94,1,MCC
10,36,95,0.005,MCC
10,36,96,0.015,MCC
10,36,97,1,MCC
10,36,98,1,MCC
10,36,99,0.985,MCC
17,49,51,NA,MCC
17,49,52,0.005,MCC
17,49,53,0.005,MCC
17,49,54,0.005,MCC
17,49,55,0.005,MCC
17,49,56,0.005,MCC
17,49,57,0.005,MCC
17,49,58,0.005,MCC
17,49,59,0.015,MCC
17,49,60,0.035,MCC
17,49,61,0.075,MCC
17,49,62,0.015,MCC
17,49,63,1,MCC
17,49,64,0.85,MCC
17,49,65,0.005,MCC
17,49,66,0.005,MCC
17,49,67,0.005,MCC
17,49,68,0.055,MCC
17,49,69,0.005,MCC
17,49,70,0.02,MCC
17,49,71,0.005,MCC
17,49,72,0.005,MCC
17,49,73,0.005,MCC
17,49,74,0.005,MCC
17,49,75,0.005,MCC
17,49,76,0.01,MCC
17,49,77,1,MCC
17,49,78,1,MCC
17,49,79,0.415,MCC
17,49,80,0.82,MCC
17,49,81,1,MCC
17,49,82,0.045,MCC
17,49,83,0.005,MCC
17,49,84,0.005,MCC
17,49,85,0.005,MCC
17,49,86,0.015,MCC
17,49,87,0.195,MCC
17,49,88,0.01,MCC
17,49,89,0.26,MCC
17,49,90,0.12,MCC
17,49,91,0.04,MCC
17,49,92,0.005,MCC
17,49,93,0.005,MCC
17,49,94,0.005,MCC
17,49,95,0.005,MCC
17,49,96,0.095,MCC
17,49,97,1,MCC
17,49,98,0.02,MCC
17,49,99,0.155,MCC
13,13,51,1,CS
13,13,52,1,CS
13,13,53,0.965,CS
13,13,54,0.865,CS
13,13,55,1,CS
13,13,56,0.595,CS
13,13,57,1,CS
13,13,58,1,CS
13,13,59,0.98,CS
13,13,60,1,CS
13,13,61,1,CS
13,13,62,1,CS
13,13,63,1,CS
13,13,64,1,CS
13,13,65,0.635,CS
13,13,66,0.615,CS
13,13,67,1,CS
13,13,68,0.515,CS
13,13,69,1,CS
13,13,70,0.76,CS
13,13,71,0.525,CS
13,13,72,0.615,CS
13,13,73,1,CS
13,13,51,NA,MCC
13,13,52,NA,MCC
13,13,53,0.005,MCC
13,13,54,0.005,MCC
13,13,55,0.085,MCC
13,13,56,0.095,MCC
13,13,57,1,MCC
13,13,58,1,MCC
13,13,59,0.46,MCC
13,13,60,0.595,MCC
13,13,61,0.98,MCC
13,13,62,1,MCC
13,13,63,1,MCC
13,13,64,0.02,MCC
13,13,65,0.76,MCC
13,13,66,0.345,MCC
13,13,67,1,MCC
13,13,68,0.635,MCC
13,13,69,0.005,MCC
13,13,70,0.005,MCC
13,13,71,0.005,MCC
13,13,72,0.025,MCC
13,13,73,1,MCC
13,13,74,1,MCC
13,13,75,0.075,MCC
13,13,76,0.005,MCC
13,13,77,0.005,MCC
13,13,78,0.06,MCC
13,13,79,0.615,MCC
13,13,80,0.01,MCC
13,13,81,0.05,MCC
13,13,82,0.615,MCC
13,13,83,1,MCC
13,13,84,0.005,MCC
13,13,85,0.005,MCC
13,13,86,0.005,MCC
13,13,87,0.055,MCC
13,13,88,1,MCC
13,13,89,1,MCC
13,13,90,0.965,MCC
13,13,91,1,MCC
13,13,92,0.865,MCC
13,13,93,0.01,MCC
13,13,94,0.005,MCC
13,13,95,0.06,MCC
13,13,96,0.15,MCC
13,13,97,0.005,MCC
13,13,98,0.515,MCC
13,13,99,1,MCC
10,27,51,1,CS
10,27,52,1,CS
10,27,53,1,CS
10,27,54,1,CS
10,27,55,0.97,CS
10,27,56,1,CS
10,27,57,0.71,CS
10,27,58,0.54,CS
10,27,59,1,CS
10,27,60,0.91,CS
10,27,61,0.55,CS
10,27,62,1,CS
10,27,63,0.93,CS
10,27,64,0.98,CS
10,27,65,1,CS
10,27,66,0.63,CS
10,27,67,1,CS
10,27,68,1,CS
10,27,51,NA,MCC
10,27,52,0.005,MCC
10,27,53,0.005,MCC
10,27,54,0.005,MCC
10,27,55,0.005,MCC
10,27,56,0.135,MCC
10,27,57,0.02,MCC
10,27,58,0.63,MCC
10,27,59,0.55,MCC
10,27,60,1,MCC
10,27,61,0.93,MCC
10,27,62,0.2,MCC
10,27,63,0.015,MCC
10,27,64,0.085,MCC
10,27,65,0.01,MCC
10,27,66,0.035,MCC
10,27,67,1,MCC
10,27,68,0.39,MCC
10,27,69,1,MCC
10,27,70,0.005,MCC
10,27,71,1,MCC
10,27,72,0.18,MCC
10,27,73,0.71,MCC
10,27,74,0.54,MCC
10,27,75,0.13,MCC
10,27,76,0.005,MCC
10,27,77,0.07,MCC
10,27,78,1,MCC
10,27,79,0.91,MCC
10,27,80,0.35,MCC
10,27,81,0.35,MCC
10,27,82,0.005,MCC
10,27,83,0.005,MCC
10,27,84,0.005,MCC
10,27,85,0.005,MCC
10,27,86,0.015,MCC
10,27,87,1,MCC
10,27,88,0.43,MCC
10,27,89,1,MCC
10,27,90,0.97,MCC
10,27,91,1,MCC
10,27,92,0.475,MCC
10,27,93,0.215,MCC
10,27,94,0.98,MCC
10,27,95,1,MCC
10,27,96,0.005,MCC
10,27,97,0.015,MCC
10,27,98,0.075,MCC
10,27,99,0.06,MCC
4,30,51,1,CS
4,30,52,0.61,CS
4,30,53,0.91,CS
4,30,54,0.675,CS
4,30,55,1,CS
4,30,56,1,CS
4,30,57,1,CS
4,30,58,1,CS
4,30,59,1,CS
4,30,60,0.755,CS
4,30,61,1,CS
4,30,62,0.845,CS
4,30,63,0.725,CS
4,30,64,0.975,CS
4,30,65,1,CS
4,30,66,1,CS
4,30,67,0.625,CS
4,30,68,1,CS
4,30,69,0.945,CS
4,30,70,1,CS
4,30,71,1,CS
4,30,72,1,CS
4,30,73,0.905,CS
4,30,74,1,CS
4,30,75,0.8,CS
4,30,76,1,CS
4,30,77,0.985,CS
4,30,78,1,CS
4,30,79,0.765,CS
4,30,80,1,CS
4,30,81,1,CS
4,30,82,1,CS
4,30,83,1,CS
4,30,84,1,CS
4,30,85,1,CS
4,30,86,1,CS
2,8,51,1,CS
2,8,52,0.515,CS
2,8,53,0.945,CS
2,8,54,0.54,CS
2,8,55,1,CS
2,8,56,0.995,CS
2,8,57,1,CS
2,8,58,1,CS
2,8,59,1,CS
2,8,60,1,CS
2,8,61,0.525,CS
2,8,62,0.52,CS
2,8,63,1,CS
2,8,64,1,CS
2,8,65,0.705,CS
2,8,66,1,CS
2,8,67,1,CS
2,8,68,1,CS
2,8,69,1,CS
2,8,70,1,CS
2,8,71,1,CS
2,8,72,1,CS
2,8,73,1,CS
2,8,74,0.59,CS
2,8,75,1,CS
2,8,76,1,CS
2,8,77,1,CS
2,8,78,1,CS
2,8,79,1,CS
2,8,80,1,CS
2,8,81,1,CS
2,8,82,1,CS
2,8,83,0.63,CS
2,8,84,1,CS
2,8,85,1,CS
2,8,86,1,CS
2,8,87,1,CS
2,8,88,1,CS
2,8,89,1,CS
2,8,90,1,CS
2,8,91,0.52,CS
2,8,92,0.955,CS
2,8,93,0.97,CS
2,8,94,1,CS
4,30,51,NA,MCC
4,30,52,0.29,MCC
4,30,53,0.25,MCC
4,30,54,0.03,MCC
4,30,55,0.13,MCC
4,30,56,0.115,MCC
4,30,57,0.235,MCC
4,30,58,0.765,MCC
4,30,59,1,MCC
4,30,60,1,MCC
4,30,61,0.345,MCC
4,30,62,0.725,MCC
4,30,63,0.975,MCC
4,30,64,1,MCC
4,30,65,1,MCC
4,30,66,0.625,MCC
4,30,67,1,MCC
4,30,68,0.945,MCC
4,30,69,1,MCC
4,30,70,1,MCC
4,30,71,1,MCC
4,30,72,1,MCC
4,30,73,0.13,MCC
4,30,74,1,MCC
4,30,75,0.8,MCC
4,30,76,0.905,MCC
4,30,77,1,MCC
4,30,78,0.195,MCC
4,30,79,1,MCC
4,30,80,0.12,MCC
4,30,81,0.015,MCC
4,30,82,0.055,MCC
4,30,83,1,MCC
4,30,84,0.985,MCC
4,30,85,1,MCC
4,30,86,0.235,MCC
4,30,87,0.91,MCC
4,30,88,0.675,MCC
4,30,89,1,MCC
4,30,90,0.475,MCC
4,30,91,1,MCC
4,30,92,1,MCC
4,30,93,1,MCC
4,30,94,1,MCC
4,30,95,0.755,MCC
4,30,96,1,MCC
4,30,97,0.845,MCC
4,30,98,1,MCC
4,30,99,1,MCC
2,8,51,NA,MCC
2,8,52,0.515,MCC
2,8,53,0.945,MCC
2,8,54,0.24,MCC
2,8,55,1,MCC
2,8,56,1,MCC
2,8,57,0.54,MCC
2,8,58,0.445,MCC
2,8,59,1,MCC
2,8,60,0.995,MCC
2,8,61,1,MCC
2,8,62,1,MCC
2,8,63,1,MCC
2,8,64,1,MCC
2,8,65,0.525,MCC
2,8,66,0.52,MCC
2,8,67,1,MCC
2,8,68,1,MCC
2,8,69,0.705,MCC
2,8,70,1,MCC
2,8,71,1,MCC
2,8,72,0.185,MCC
2,8,73,1,MCC
2,8,74,1,MCC
2,8,75,0.435,MCC
2,8,76,1,MCC
2,8,77,0.63,MCC
2,8,78,1,MCC
2,8,79,1,MCC
2,8,80,1,MCC
2,8,81,1,MCC
2,8,82,1,MCC
2,8,83,1,MCC
2,8,84,1,MCC
2,8,85,1,MCC
2,8,86,0.59,MCC
2,8,87,1,MCC
2,8,88,0.46,MCC
2,8,89,1,MCC
2,8,90,1,MCC
2,8,91,1,MCC
2,8,92,1,MCC
2,8,93,1,MCC
2,8,94,1,MCC
2,8,95,1,MCC
2,8,96,0.52,MCC
2,8,97,0.955,MCC
2,8,98,0.97,MCC
2,8,99,1,MCC
10,22,51,1,CS
10,22,52,0.685,CS
10,22,53,0.54,CS
10,22,54,1,CS
10,22,55,1,CS
10,22,56,0.995,CS
10,22,57,0.61,CS
10,22,58,0.78,CS
10,22,59,1,CS
10,22,60,0.885,CS
10,22,61,1,CS
10,22,62,1,CS
10,22,63,1,CS
10,22,64,1,CS
10,22,65,0.525,CS
10,22,66,1,CS
10,22,67,1,CS
10,22,68,0.77,CS
10,22,69,1,CS
10,22,70,1,CS
10,22,71,1,CS
10,22,51,NA,MCC
10,22,52,0.005,MCC
10,22,53,0.005,MCC
10,22,54,0.075,MCC
10,22,55,0.14,MCC
10,22,56,0.77,MCC
10,22,57,1,MCC
10,22,58,0.115,MCC
10,22,59,0.005,MCC
10,22,60,0.005,MCC
10,22,61,0.05,MCC
10,22,62,1,MCC
10,22,63,0.005,MCC
10,22,64,0.005,MCC
10,22,65,0.04,MCC
10,22,66,0.09,MCC
10,22,67,0.685,MCC
10,22,68,0.54,MCC
10,22,69,1,MCC
10,22,70,1,MCC
10,22,71,0.885,MCC
10,22,72,1,MCC
10,22,73,0.375,MCC
10,22,74,1,MCC
10,22,75,1,MCC
10,22,76,0.015,MCC
10,22,77,1,MCC
10,22,78,0.005,MCC
10,22,79,0.01,MCC
10,22,80,0.09,MCC
10,22,81,0.78,MCC
10,22,82,1,MCC
10,22,83,0.005,MCC
10,22,84,0.015,MCC
10,22,85,0.14,MCC
10,22,86,1,MCC
10,22,87,1,MCC
10,22,88,0.37,MCC
10,22,89,1,MCC
10,22,90,0.24,MCC
10,22,91,0.995,MCC
10,22,92,0.25,MCC
10,22,93,0.005,MCC
10,22,94,0.005,MCC
10,22,95,0.005,MCC
10,22,96,0.465,MCC
10,22,97,0.05,MCC
10,22,98,0.005,MCC
10,22,99,0.025,MCC
8,44,51,1,CS
8,44,52,1,CS
8,44,53,0.695,CS
8,44,54,0.975,CS
8,44,55,1,CS
8,44,56,1,CS
8,44,57,1,CS
8,44,58,0.99,CS
8,44,59,0.57,CS
8,44,60,1,CS
8,44,61,1,CS
8,44,62,1,CS
8,44,63,0.925,CS
8,44,64,1,CS
8,44,65,0.995,CS
8,44,66,1,CS
8,44,67,1,CS
8,44,68,1,CS
8,44,69,1,CS
8,44,70,0.86,CS
8,44,71,1,CS
8,44,72,1,CS
8,44,73,1,CS
8,44,74,1,CS
8,44,75,1,CS
8,44,76,1,CS
8,44,77,1,CS
8,44,51,NA,MCC
8,44,52,0.005,MCC
8,44,53,0.115,MCC
8,44,54,0.055,MCC
8,44,55,0.005,MCC
8,44,56,0.095,MCC
8,44,57,0.25,MCC
8,44,58,1,MCC
8,44,59,1,MCC
8,44,60,1,MCC
8,44,61,0.695,MCC
8,44,62,0.975,MCC
8,44,63,1,MCC
8,44,64,1,MCC
8,44,65,1,MCC
8,44,66,0.005,MCC
8,44,67,0.045,MCC
8,44,68,0.86,MCC
8,44,69,1,MCC
8,44,70,0.005,MCC
8,44,71,0.005,MCC
8,44,72,0.075,MCC
8,44,73,0.05,MCC
8,44,74,1,MCC
8,44,75,0.99,MCC
8,44,76,0.57,MCC
8,44,77,1,MCC
8,44,78,1,MCC
8,44,79,1,MCC
8,44,80,1,MCC
8,44,81,0.005,MCC
8,44,82,0.01,MCC
8,44,83,1,MCC
8,44,84,0.06,MCC
8,44,85,0.035,MCC
8,44,86,0.005,MCC
8,44,87,0.04,MCC
8,44,88,1,MCC
8,44,89,0.925,MCC
8,44,90,1,MCC
8,44,91,0.005,MCC
8,44,92,0.045,MCC
8,44,93,1,MCC
8,44,94,1,MCC
8,44,95,0.205,MCC
8,44,96,0.145,MCC
8,44,97,0.995,MCC
8,44,98,1,MCC
8,44,99,1,MCC
15,40,51,1,CS
15,40,52,1,CS
15,40,53,0.995,CS
15,40,54,1,CS
15,40,55,1,CS
15,40,56,1,CS
15,40,57,1,CS
15,40,58,1,CS
15,40,51,NA,MCC
15,40,52,0.005,MCC
15,40,53,0.005,MCC
15,40,54,0.02,MCC
15,40,55,0.005,MCC
15,40,56,0.005,MCC
15,40,57,0.055,MCC
15,40,58,0.005,MCC
15,40,59,0.005,MCC
15,40,60,0.005,MCC
15,40,61,0.005,MCC
15,40,62,0.01,MCC
15,40,63,0.485,MCC
15,40,64,0.095,MCC
15,40,65,0.995,MCC
15,40,66,0.005,MCC
15,40,67,0.025,MCC
15,40,68,0.005,MCC
15,40,69,0.005,MCC
15,40,70,0.005,MCC
15,40,71,0.005,MCC
15,40,72,0.04,MCC
15,40,73,0.01,MCC
15,40,74,0.03,MCC
15,40,75,0.185,MCC
15,40,76,1,MCC
15,40,77,0.005,MCC
15,40,78,0.045,MCC
15,40,79,1,MCC
15,40,80,0.005,MCC
15,40,81,0.005,MCC
15,40,82,0.06,MCC
15,40,83,0.005,MCC
15,40,84,0.005,MCC
15,40,85,0.01,MCC
15,40,86,0.025,MCC
15,40,87,0.14,MCC
15,40,88,0.015,MCC
15,40,89,1,MCC
15,40,90,0.005,MCC
15,40,91,0.005,MCC
15,40,92,0.015,MCC
15,40,93,1,MCC
15,40,94,1,MCC
15,40,95,0.005,MCC
15,40,96,0.005,MCC
15,40,97,0.005,MCC
15,40,98,0.05,MCC
15,40,99,1,MCC
11,27,51,1,CS
11,27,52,0.99,CS
11,27,53,1,CS
11,27,54,0.995,CS
11,27,55,1,CS
11,27,56,0.935,CS
11,27,57,0.675,CS
11,27,58,0.82,CS
11,27,59,0.7,CS
11,27,60,1,CS
11,27,61,1,CS
11,27,62,0.825,CS
11,27,63,0.915,CS
11,27,64,0.935,CS
11,27,65,1,CS
11,27,66,0.94,CS
11,27,67,1,CS
11,27,68,1,CS
11,27,69,0.96,CS
11,27,70,0.995,CS
11,27,51,NA,MCC
11,27,52,0.005,MCC
11,27,53,0.005,MCC
11,27,54,0.005,MCC
11,27,55,0.005,MCC
11,27,56,0.005,MCC
11,27,57,0.005,MCC
11,27,58,0.01,MCC
11,27,59,0.075,MCC
11,27,60,0.345,MCC
11,27,61,0.165,MCC
11,27,62,0.005,MCC
11,27,63,0.04,MCC
11,27,64,0.005,MCC
11,27,65,0.005,MCC
11,27,66,1,MCC
11,27,67,0.135,MCC
11,27,68,0.435,MCC
11,27,69,1,MCC
11,27,70,0.94,MCC
11,27,71,0.005,MCC
11,27,72,0.04,MCC
11,27,73,0.07,MCC
11,27,74,0.935,MCC
11,27,75,1,MCC
11,27,76,0.015,MCC
11,27,77,0.96,MCC
11,27,78,0.005,MCC
11,27,79,0.01,MCC
11,27,80,0.095,MCC
11,27,81,0.99,MCC
11,27,82,0.445,MCC
11,27,83,1,MCC
11,27,84,0.995,MCC
11,27,85,1,MCC
11,27,86,0.13,MCC
11,27,87,0.005,MCC
11,27,88,0.995,MCC
11,27,89,0.015,MCC
11,27,90,0.06,MCC
11,27,91,0.145,MCC
11,27,92,1,MCC
11,27,93,1,MCC
11,27,94,0.915,MCC
11,27,95,0.825,MCC
11,27,96,0.935,MCC
11,27,97,0.185,MCC
11,27,98,0.82,MCC
11,27,99,0.7,MCC
3,8,51,1,CS
3,8,52,0.78,CS
3,8,53,1,CS
3,8,54,0.52,CS
3,8,55,1,CS
3,8,56,1,CS
3,8,57,1,CS
3,8,58,1,CS
3,8,59,1,CS
3,8,60,1,CS
3,8,61,1,CS
3,8,62,0.69,CS
3,8,63,1,CS
3,8,64,0.585,CS
3,8,65,0.99,CS
3,8,66,1,CS
3,8,67,1,CS
3,8,68,1,CS
3,8,69,1,CS
3,8,70,0.72,CS
3,8,71,1,CS
3,8,72,1,CS
3,8,73,1,CS
3,8,74,0.96,CS
3,8,75,1,CS
3,8,76,1,CS
3,8,77,1,CS
3,8,78,0.705,CS
3,8,79,0.795,CS
3,8,80,1,CS
3,8,81,1,CS
3,8,82,0.915,CS
3,8,83,0.93,CS
3,8,84,1,CS
3,8,85,0.995,CS
3,8,86,1,CS
3,8,87,1,CS
3,8,88,0.925,CS
3,8,89,1,CS
3,8,51,NA,MCC
3,8,52,0.705,MCC
3,8,53,0.795,MCC
3,8,54,1,MCC
3,8,55,1,MCC
3,8,56,0.28,MCC
3,8,57,0.07,MCC
3,8,58,0.375,MCC
3,8,59,0.27,MCC
3,8,60,0.295,MCC
3,8,61,0.915,MCC
3,8,62,0.93,MCC
3,8,63,1,MCC
3,8,64,0.18,MCC
3,8,65,0.235,MCC
3,8,66,0.47,MCC
3,8,67,1,MCC
3,8,68,1,MCC
3,8,69,0.96,MCC
3,8,70,1,MCC
3,8,71,1,MCC
3,8,72,1,MCC
3,8,73,1,MCC
3,8,74,0.925,MCC
3,8,75,1,MCC
3,8,76,0.465,MCC
3,8,77,0.265,MCC
3,8,78,1,MCC
3,8,79,0.72,MCC
3,8,80,1,MCC
3,8,81,1,MCC
3,8,82,0.52,MCC
3,8,83,1,MCC
3,8,84,1,MCC
3,8,85,1,MCC
3,8,86,1,MCC
3,8,87,1,MCC
3,8,88,1,MCC
3,8,89,1,MCC
3,8,90,0.69,MCC
3,8,91,1,MCC
3,8,92,0.18,MCC
3,8,93,0.99,MCC
3,8,94,1,MCC
3,8,95,1,MCC
3,8,96,1,MCC
3,8,97,0.27,MCC
3,8,98,0.995,MCC
3,8,99,1,MCC
5,30,51,1,CS
5,30,52,0.6,CS
5,30,53,1,CS
5,30,54,0.8,CS
5,30,55,1,CS
5,30,56,1,CS
5,30,57,1,CS
5,30,58,0.955,CS
5,30,59,0.675,CS
5,30,60,1,CS
5,30,61,0.525,CS
5,30,62,0.82,CS
5,30,63,0.955,CS
5,30,64,1,CS
5,30,65,1,CS
5,30,66,1,CS
5,30,67,0.99,CS
5,30,68,0.975,CS
5,30,69,1,CS
5,30,70,0.94,CS
5,30,71,1,CS
5,30,72,0.56,CS
5,30,73,1,CS
5,30,74,1,CS
5,30,75,0.805,CS
5,30,76,1,CS
5,30,77,1,CS
5,30,78,1,CS
5,30,79,1,CS
5,30,80,0.77,CS
2,49,51,1,CS
2,49,52,0.98,CS
2,49,53,0.995,CS
2,49,54,0.975,CS
2,49,55,1,CS
2,49,56,0.98,CS
2,49,57,0.86,CS
2,49,58,1,CS
2,49,59,0.59,CS
2,49,60,1,CS
2,49,61,1,CS
2,49,62,1,CS
2,49,63,0.995,CS
2,49,64,1,CS
2,49,65,1,CS
2,49,66,0.515,CS
2,49,67,1,CS
2,49,68,0.52,CS
2,49,69,1,CS
2,49,70,1,CS
2,49,71,1,CS
2,49,72,1,CS
2,49,73,1,CS
2,49,74,0.94,CS
2,49,75,1,CS
2,49,76,0.81,CS
2,49,77,0.945,CS
2,49,78,1,CS
2,49,79,1,CS
2,49,80,0.525,CS
2,49,81,1,CS
2,49,82,1,CS
2,49,83,0.98,CS
2,49,84,0.65,CS
2,49,85,1,CS
2,49,86,0.995,CS
2,49,87,1,CS
2,49,88,1,CS
2,49,89,1,CS
2,49,90,1,CS
2,49,91,1,CS
2,49,92,1,CS
2,49,51,NA,MCC
2,49,52,0.495,MCC
2,49,53,0.98,MCC
2,49,54,1,MCC
2,49,55,0.94,MCC
2,49,56,1,MCC
2,49,57,0.525,MCC
2,49,58,0.81,MCC
2,49,59,0.395,MCC
2,49,60,0.175,MCC
2,49,61,0.945,MCC
2,49,62,1,MCC
2,49,63,1,MCC
2,49,64,1,MCC
2,49,65,0.995,MCC
2,49,66,0.975,MCC
2,49,67,1,MCC
2,49,68,0.98,MCC
2,49,69,0.86,MCC
2,49,70,1,MCC
2,49,71,0.59,MCC
2,49,72,1,MCC
2,49,73,1,MCC
2,49,74,1,MCC
2,49,75,0.995,MCC
2,49,76,1,MCC
2,49,77,1,MCC
2,49,78,0.35,MCC
2,49,79,1,MCC
2,49,80,0.52,MCC
2,49,81,1,MCC
2,49,82,1,MCC
2,49,83,1,MCC
2,49,84,1,MCC
2,49,85,1,MCC
2,49,86,0.98,MCC
2,49,87,0.365,MCC
2,49,88,0.47,MCC
2,49,89,1,MCC
2,49,90,1,MCC
2,49,91,0.4,MCC
2,49,92,1,MCC
2,49,93,0.45,MCC
2,49,94,0.65,MCC
2,49,95,1,MCC
2,49,96,0.995,MCC
2,49,97,1,MCC
2,49,98,1,MCC
2,49,99,1,MCC
5,30,51,NA,MCC
5,30,52,0.105,MCC
5,30,53,0.235,MCC
5,30,54,0.56,MCC
5,30,55,1,MCC
5,30,56,1,MCC
5,30,57,0.035,MCC
5,30,58,0.05,MCC
5,30,59,0.29,MCC
5,30,60,1,MCC
5,30,61,0.275,MCC
5,30,62,0.32,MCC
5,30,63,0.465,MCC
5,30,64,1,MCC
5,30,65,0.99,MCC
5,30,66,0.215,MCC
5,30,67,0.335,MCC
5,30,68,0.975,MCC
5,30,69,0.08,MCC
5,30,70,0.82,MCC
5,30,71,0.955,MCC
5,30,72,1,MCC
5,30,73,1,MCC
5,30,74,0.17,MCC
5,30,75,1,MCC
5,30,76,0.175,MCC
5,30,77,0.16,MCC
5,30,78,0.6,MCC
5,30,79,0.955,MCC
5,30,80,0.275,MCC
5,30,81,1,MCC
5,30,82,0.675,MCC
5,30,83,1,MCC
5,30,84,1,MCC
5,30,85,0.8,MCC
5,30,86,1,MCC
5,30,87,1,MCC
5,30,88,0.02,MCC
5,30,89,0.035,MCC
5,30,90,0.035,MCC
5,30,91,0.135,MCC
5,30,92,1,MCC
5,30,93,1,MCC
5,30,94,0.94,MCC
5,30,95,1,MCC
5,30,96,0.41,MCC
5,30,97,0.77,MCC
5,30,98,0.805,MCC
5,30,99,1,MCC
10,18,51,1,CS
10,18,52,0.505,CS
10,18,53,1,CS
10,18,54,0.59,CS
10,18,55,0.91,CS
10,18,56,1,CS
10,18,57,1,CS
10,18,58,0.625,CS
10,18,59,0.62,CS
10,18,60,1,CS
10,18,61,1,CS
10,18,62,1,CS
10,18,63,1,CS
10,18,64,1,CS
10,18,65,1,CS
10,18,66,1,CS
10,18,67,0.525,CS
10,18,68,1,CS
10,18,69,0.86,CS
10,18,70,1,CS
10,18,71,1,CS
10,18,72,1,CS
10,18,73,0.725,CS
10,18,51,NA,MCC
10,18,52,0.005,MCC
10,18,53,0.005,MCC
10,18,54,0.005,MCC
10,18,55,0.005,MCC
10,18,56,0.045,MCC
10,18,57,1,MCC
10,18,58,0.035,MCC
10,18,59,1,MCC
10,18,60,0.095,MCC
10,18,61,0.505,MCC
10,18,62,1,MCC
10,18,63,0.59,MCC
10,18,64,1,MCC
10,18,65,0.005,MCC
10,18,66,0.015,MCC
10,18,67,0.09,MCC
10,18,68,1,MCC
10,18,69,1,MCC
10,18,70,0.01,MCC
10,18,71,0.07,MCC
10,18,72,0.205,MCC
10,18,73,0.625,MCC
10,18,74,0.145,MCC
10,18,75,0.005,MCC
10,18,76,0.005,MCC
10,18,77,0.115,MCC
10,18,78,0.525,MCC
10,18,79,0.005,MCC
10,18,80,0.005,MCC
10,18,81,0.005,MCC
10,18,82,0.01,MCC
10,18,83,0.045,MCC
10,18,84,0.11,MCC
10,18,85,0.325,MCC
10,18,86,1,MCC
10,18,87,0.86,MCC
10,18,88,0.91,MCC
10,18,89,1,MCC
10,18,90,1,MCC
10,18,91,1,MCC
10,18,92,0.035,MCC
10,18,93,1,MCC
10,18,94,1,MCC
10,18,95,0.025,MCC
10,18,96,0.02,MCC
10,18,97,0.725,MCC
10,18,98,1,MCC
10,18,99,1,MCC
14,13,51,1,CS
14,13,52,0.6,CS
14,13,53,1,CS
14,13,54,0.99,CS
14,13,55,0.915,CS
14,13,56,1,CS
14,13,57,0.855,CS
14,13,58,0.87,CS
14,13,59,1,CS
14,13,60,1,CS
14,13,61,1,CS
14,13,62,1,CS
14,13,63,0.715,CS
14,13,64,1,CS
14,13,65,0.685,CS
14,13,66,0.555,CS
14,13,67,1,CS
14,13,68,1,CS
14,13,69,1,CS
14,13,70,1,CS
16,40,51,1,CS
16,40,52,1,CS
16,40,53,0.995,CS
16,40,54,1,CS
16,40,55,1,CS
16,40,56,1,CS
16,40,57,1,CS
16,40,58,1,CS
12,27,51,1,CS
12,27,52,1,CS
12,27,53,0.785,CS
12,27,54,1,CS
12,27,55,1,CS
12,27,56,1,CS
12,27,57,0.56,CS
12,27,58,0.98,CS
12,27,59,0.8,CS
12,27,60,0.975,CS
12,27,61,0.68,CS
12,27,62,0.85,CS
12,27,63,0.82,CS
12,27,64,0.985,CS
12,27,65,0.995,CS
12,27,66,1,CS
12,27,67,0.545,CS
16,40,51,NA,MCC
16,40,52,0.005,MCC
16,40,53,0.01,MCC
16,40,54,1,MCC
16,40,55,0.01,MCC
16,40,56,0.005,MCC
16,40,57,0.005,MCC
16,40,58,0.025,MCC
16,40,59,1,MCC
16,40,60,0.005,MCC
16,40,61,0.005,MCC
16,40,62,0.005,MCC
16,40,63,0.005,MCC
16,40,64,0.005,MCC
16,40,65,0.005,MCC
16,40,66,0.03,MCC
16,40,67,0.005,MCC
16,40,68,0.05,MCC
16,40,69,0.01,MCC
16,40,70,0.035,MCC
16,40,71,1,MCC
16,40,72,0.005,MCC
16,40,73,0.005,MCC
16,40,74,0.005,MCC
16,40,75,0.025,MCC
16,40,76,1,MCC
16,40,77,0.015,MCC
16,40,78,0.05,MCC
16,40,79,0.305,MCC
16,40,80,0.005,MCC
16,40,81,0.015,MCC
16,40,82,0.995,MCC
16,40,83,0.005,MCC
16,40,84,0.005,MCC
16,40,85,0.015,MCC
16,40,86,0.005,MCC
16,40,87,0.005,MCC
16,40,88,0.04,MCC
16,40,89,0.02,MCC
16,40,90,0.005,MCC
16,40,91,0.005,MCC
16,40,92,0.005,MCC
16,40,93,0.04,MCC
16,40,94,0.32,MCC
16,40,95,1,MCC
16,40,96,0.005,MCC
16,40,97,0.035,MCC
16,40,98,1,MCC
16,40,99,0.055,MCC
14,13,51,NA,MCC
14,13,52,0.005,MCC
14,13,53,0.005,MCC
14,13,54,0.005,MCC
14,13,55,1,MCC
14,13,56,0.685,MCC
14,13,57,0.01,MCC
14,13,58,0.11,MCC
14,13,59,0.075,MCC
14,13,60,0.005,MCC
14,13,61,0.005,MCC
14,13,62,0.01,MCC
14,13,63,0.04,MCC
14,13,64,1,MCC
14,13,65,0.855,MCC
14,13,66,0.87,MCC
14,13,67,1,MCC
14,13,68,0.005,MCC
14,13,69,0.035,MCC
14,13,70,0.035,MCC
14,13,71,0.02,MCC
14,13,72,0.555,MCC
14,13,73,0.39,MCC
14,13,74,0.015,MCC
14,13,75,0.235,MCC
14,13,76,1,MCC
14,13,77,0.005,MCC
14,13,78,0.005,MCC
14,13,79,0.005,MCC
14,13,80,0.105,MCC
14,13,81,0.6,MCC
14,13,82,0.37,MCC
14,13,83,0.915,MCC
14,13,84,1,MCC
14,13,85,0.99,MCC
14,13,86,0.005,MCC
14,13,87,0.005,MCC
14,13,88,0.005,MCC
14,13,89,0.04,MCC
14,13,90,1,MCC
14,13,91,1,MCC
14,13,92,0.07,MCC
14,13,93,1,MCC
14,13,94,1,MCC
14,13,95,0.005,MCC
14,13,96,0.065,MCC
14,13,97,1,MCC
14,13,98,1,MCC
14,13,99,0.255,MCC
12,27,51,NA,MCC
12,27,52,0.005,MCC
12,27,53,0.27,MCC
12,27,54,0.545,MCC
12,27,55,0.005,MCC
12,27,56,0.005,MCC
12,27,57,0.005,MCC
12,27,58,0.005,MCC
12,27,59,0.01,MCC
12,27,60,0.12,MCC
12,27,61,0.415,MCC
12,27,62,0.295,MCC
12,27,63,0.975,MCC
12,27,64,0.68,MCC
12,27,65,0.85,MCC
12,27,66,0.03,MCC
12,27,67,0.065,MCC
12,27,68,0.005,MCC
12,27,69,0.02,MCC
12,27,70,0.125,MCC
12,27,71,0.145,MCC
12,27,72,0.985,MCC
12,27,73,0.995,MCC
12,27,74,0.005,MCC
12,27,75,1,MCC
12,27,76,0.33,MCC
12,27,77,0.785,MCC
12,27,78,1,MCC
12,27,79,1,MCC
12,27,80,0.005,MCC
12,27,81,0.005,MCC
12,27,82,0.005,MCC
12,27,83,0.185,MCC
12,27,84,0.005,MCC
12,27,85,0.015,MCC
12,27,86,0.05,MCC
12,27,87,1,MCC
12,27,88,0.005,MCC
12,27,89,0.08,MCC
12,27,90,1,MCC
12,27,91,0.56,MCC
12,27,92,0.98,MCC
12,27,93,0.8,MCC
12,27,94,0.005,MCC
12,27,95,0.05,MCC
12,27,96,0.23,MCC
12,27,97,0.82,MCC
12,27,98,0.35,MCC
12,27,99,0.335,MCC
4,8,51,1,CS
4,8,52,0.685,CS
4,8,53,1,CS
4,8,54,0.57,CS
4,8,55,1,CS
4,8,56,1,CS
4,8,57,1,CS
4,8,58,1,CS
4,8,59,1,CS
4,8,60,1,CS
4,8,61,1,CS
4,8,62,0.69,CS
4,8,63,1,CS
4,8,64,0.955,CS
4,8,65,1,CS
4,8,66,1,CS
4,8,67,1,CS
4,8,68,1,CS
4,8,69,0.975,CS
4,8,70,1,CS
4,8,71,1,CS
4,8,72,1,CS
4,8,73,0.525,CS
4,8,74,1,CS
4,8,75,1,CS
4,8,76,1,CS
4,8,77,0.665,CS
4,8,78,1,CS
4,8,79,1,CS
4,8,80,0.88,CS
4,8,81,1,CS
4,8,82,0.975,CS
4,8,83,1,CS
4,8,84,1,CS
4,8,85,0.805,CS
4,8,86,1,CS
4,8,51,NA,MCC
4,8,52,0.105,MCC
4,8,53,0.06,MCC
4,8,54,0.385,MCC
4,8,55,0.3,MCC
4,8,56,0.355,MCC
4,8,57,0.975,MCC
4,8,58,1,MCC
4,8,59,0.88,MCC
4,8,60,1,MCC
4,8,61,0.28,MCC
4,8,62,0.275,MCC
4,8,63,0.805,MCC
4,8,64,1,MCC
4,8,65,1,MCC
4,8,66,0.525,MCC
4,8,67,1,MCC
4,8,68,1,MCC
4,8,69,1,MCC
4,8,70,0.11,MCC
4,8,71,0.445,MCC
4,8,72,1,MCC
4,8,73,1,MCC
4,8,74,0.29,MCC
4,8,75,0.29,MCC
4,8,76,0.665,MCC
4,8,77,1,MCC
4,8,78,1,MCC
4,8,79,0.685,MCC
4,8,80,0.255,MCC
4,8,81,0.955,MCC
4,8,82,1,MCC
4,8,83,1,MCC
4,8,84,1,MCC
4,8,85,1,MCC
4,8,86,0.57,MCC
4,8,87,1,MCC
4,8,88,1,MCC
4,8,89,1,MCC
4,8,90,1,MCC
4,8,91,1,MCC
4,8,92,1,MCC
4,8,93,1,MCC
4,8,94,0.69,MCC
4,8,95,1,MCC
4,8,96,0.375,MCC
4,8,97,1,MCC
4,8,98,0.975,MCC
4,8,99,1,MCC
11,22,51,1,CS
11,22,52,0.825,CS
11,22,53,1,CS
11,22,54,1,CS
11,22,55,1,CS
11,22,56,0.94,CS
11,22,57,1,CS
11,22,58,1,CS
11,22,59,1,CS
11,22,60,0.58,CS
11,22,61,1,CS
11,22,62,1,CS
11,22,63,0.665,CS
11,22,64,1,CS
11,22,65,1,CS
11,22,66,0.95,CS
11,22,67,1,CS
3,49,51,1,CS
3,49,52,0.925,CS
3,49,53,0.915,CS
3,49,54,0.62,CS
3,49,55,0.955,CS
3,49,56,0.98,CS
3,49,57,1,CS
3,49,58,0.78,CS
3,49,59,1,CS
3,49,60,0.875,CS
3,49,61,1,CS
3,49,62,1,CS
3,49,63,1,CS
3,49,64,1,CS
3,49,65,1,CS
3,49,66,1,CS
3,49,67,1,CS
3,49,68,1,CS
3,49,69,1,CS
3,49,70,1,CS
3,49,71,0.625,CS
3,49,72,1,CS
3,49,73,1,CS
3,49,74,0.995,CS
3,49,75,1,CS
3,49,76,0.78,CS
3,49,77,0.845,CS
3,49,78,0.945,CS
3,49,79,0.995,CS
3,49,80,1,CS
3,49,81,0.75,CS
3,49,82,0.63,CS
3,49,83,1,CS
3,49,84,1,CS
3,49,85,0.91,CS
3,49,86,1,CS
3,49,87,0.785,CS
3,49,88,1,CS
3,49,89,1,CS
3,49,90,0.745,CS
3,49,91,1,CS
3,49,92,1,CS
3,49,93,0.865,CS
3,49,94,0.995,CS
3,49,95,0.625,CS
3,49,96,0.965,CS
6,30,51,1,CS
6,30,52,0.965,CS
6,30,53,0.535,CS
6,30,54,1,CS
6,30,55,1,CS
6,30,56,1,CS
6,30,57,1,CS
6,30,58,0.955,CS
6,30,59,0.58,CS
6,30,60,1,CS
6,30,61,1,CS
6,30,62,0.635,CS
6,30,63,1,CS
6,30,64,0.57,CS
6,30,65,0.565,CS
6,30,66,1,CS
6,30,67,0.925,CS
6,30,68,1,CS
6,30,69,1,CS
6,30,70,1,CS
6,30,71,0.945,CS
6,30,72,1,CS
6,30,73,1,CS
6,30,74,1,CS
6,30,75,1,CS
6,30,76,1,CS
3,49,51,NA,MCC
3,49,52,0.965,MCC
3,49,53,0.925,MCC
3,49,54,0.915,MCC
3,49,55,0.62,MCC
3,49,56,0.955,MCC
3,49,57,0.98,MCC
3,49,58,1,MCC
3,49,59,1,MCC
3,49,60,1,MCC
3,49,61,1,MCC
3,49,62,0.78,MCC
3,49,63,1,MCC
3,49,64,0.875,MCC
3,49,65,1,MCC
3,49,66,1,MCC
3,49,67,1,MCC
3,49,68,1,MCC
3,49,69,1,MCC
3,49,70,1,MCC
3,49,71,1,MCC
3,49,72,0.625,MCC
3,49,73,1,MCC
3,49,74,1,MCC
3,49,75,0.995,MCC
3,49,76,0.63,MCC
3,49,77,1,MCC
3,49,78,1,MCC
3,49,79,0.75,MCC
3,49,80,0.78,MCC
3,49,81,0.385,MCC
3,49,82,0.845,MCC
3,49,83,0.945,MCC
3,49,84,0.995,MCC
3,49,85,1,MCC
3,49,86,1,MCC
3,49,87,0.625,MCC
3,49,88,0.345,MCC
3,49,89,0.435,MCC
3,49,90,0.91,MCC
3,49,91,1,MCC
3,49,92,0.785,MCC
3,49,93,1,MCC
3,49,94,1,MCC
3,49,95,0.745,MCC
3,49,96,0.995,MCC
3,49,97,1,MCC
3,49,98,0.865,MCC
3,49,99,1,MCC
11,22,51,NA,MCC
11,22,52,0.005,MCC
11,22,53,0.005,MCC
11,22,54,0.005,MCC
11,22,55,0.03,MCC
11,22,56,0.015,MCC
11,22,57,1,MCC
11,22,58,0.95,MCC
11,22,59,0.005,MCC
11,22,60,0.065,MCC
11,22,61,0.15,MCC
11,22,62,0.005,MCC
11,22,63,0.005,MCC
11,22,64,0.35,MCC
11,22,65,0.005,MCC
11,22,66,0.005,MCC
11,22,67,0.02,MCC
11,22,68,1,MCC
11,22,69,1,MCC
11,22,70,1,MCC
11,22,71,0.005,MCC
11,22,72,0.07,MCC
11,22,73,0.265,MCC
11,22,74,0.58,MCC
11,22,75,0.36,MCC
11,22,76,0.005,MCC
11,22,77,0.01,MCC
11,22,78,0.165,MCC
11,22,79,1,MCC
11,22,80,0.315,MCC
11,22,81,0.4,MCC
11,22,82,1,MCC
11,22,83,1,MCC
11,22,84,1,MCC
11,22,85,0.13,MCC
11,22,86,0.005,MCC
11,22,87,0.665,MCC
11,22,88,0.005,MCC
11,22,89,0.01,MCC
11,22,90,0.825,MCC
11,22,91,1,MCC
11,22,92,0.005,MCC
11,22,93,0.015,MCC
11,22,94,0.17,MCC
11,22,95,0.94,MCC
11,22,96,1,MCC
11,22,97,1,MCC
11,22,98,0.005,MCC
11,22,99,0.015,MCC
6,30,51,NA,MCC
6,30,52,0.125,MCC
6,30,53,0.925,MCC
6,30,54,1,MCC
6,30,55,0.145,MCC
6,30,56,0.445,MCC
6,30,57,1,MCC
6,30,58,1,MCC
6,30,59,1,MCC
6,30,60,0.05,MCC
6,30,61,0.015,MCC
6,30,62,0.105,MCC
6,30,63,0.495,MCC
6,30,64,1,MCC
6,30,65,0.015,MCC
6,30,66,1,MCC
6,30,67,0.635,MCC
6,30,68,1,MCC
6,30,69,0.11,MCC
6,30,70,0.965,MCC
6,30,71,0.15,MCC
6,30,72,0.535,MCC
6,30,73,0.19,MCC
6,30,74,0.07,MCC
6,30,75,0.05,MCC
6,30,76,0.31,MCC
6,30,77,0.27,MCC
6,30,78,1,MCC
6,30,79,0.945,MCC
6,30,80,1,MCC
6,30,81,0.26,MCC
6,30,82,0.57,MCC
6,30,83,0.565,MCC
6,30,84,1,MCC
6,30,85,0.085,MCC
6,30,86,0.035,MCC
6,30,87,0.145,MCC
6,30,88,0.03,MCC
6,30,89,1,MCC
6,30,90,0.23,MCC
6,30,91,0.365,MCC
6,30,92,1,MCC
6,30,93,1,MCC
6,30,94,1,MCC
6,30,95,1,MCC
6,30,96,0.955,MCC
6,30,97,1,MCC
6,30,98,0.28,MCC
6,30,99,0.58,MCC
11,36,51,1,CS
11,36,52,0.705,CS
11,36,53,0.685,CS
11,36,54,1,CS
11,36,55,1,CS
11,36,56,1,CS
11,36,57,1,CS
11,36,58,1,CS
11,36,59,1,CS
11,36,60,1,CS
11,36,61,1,CS
11,36,62,1,CS
11,36,63,1,CS
11,36,64,0.685,CS
11,36,51,NA,MCC
11,36,52,0.005,MCC
11,36,53,0.005,MCC
11,36,54,0.005,MCC
11,36,55,0.005,MCC
11,36,56,0.01,MCC
11,36,57,0.015,MCC
11,36,58,0.045,MCC
11,36,59,0.01,MCC
11,36,60,0.065,MCC
11,36,61,0.21,MCC
11,36,62,1,MCC
11,36,63,0.005,MCC
11,36,64,0.015,MCC
11,36,65,0.31,MCC
11,36,66,0.02,MCC
11,36,67,0.005,MCC
11,36,68,0.005,MCC
11,36,69,0.005,MCC
11,36,70,0.005,MCC
11,36,71,0.005,MCC
11,36,72,0.05,MCC
11,36,73,1,MCC
11,36,74,0.705,MCC
11,36,75,0.685,MCC
11,36,76,1,MCC
11,36,77,1,MCC
11,36,78,0.06,MCC
11,36,79,0.685,MCC
11,36,80,0.005,MCC
11,36,81,0.005,MCC
11,36,82,0.01,MCC
11,36,83,1,MCC
11,36,84,1,MCC
11,36,85,0.035,MCC
11,36,86,1,MCC
11,36,87,1,MCC
11,36,88,0.005,MCC
11,36,89,0.04,MCC
11,36,90,0.04,MCC
11,36,91,0.005,MCC
11,36,92,0.02,MCC
11,36,93,0.005,MCC
11,36,94,0.01,MCC
11,36,95,0.115,MCC
11,36,96,1,MCC
11,36,97,0.455,MCC
11,36,98,1,MCC
11,36,99,0.17,MCC
13,27,51,1,CS
13,27,52,0.535,CS
13,27,53,0.66,CS
13,27,54,0.88,CS
13,27,55,1,CS
13,27,56,0.87,CS
13,27,57,0.895,CS
13,27,58,1,CS
13,27,59,0.96,CS
13,27,60,0.995,CS
13,27,61,1,CS
13,27,62,0.62,CS
13,27,63,0.655,CS
13,27,64,1,CS
13,27,65,0.605,CS
5,8,51,1,CS
5,8,52,0.905,CS
5,8,53,0.55,CS
5,8,54,1,CS
5,8,55,1,CS
5,8,56,0.77,CS
5,8,57,1,CS
5,8,58,1,CS
5,8,59,1,CS
5,8,60,1,CS
5,8,61,0.995,CS
5,8,62,1,CS
5,8,63,1,CS
5,8,64,0.995,CS
5,8,65,1,CS
5,8,66,1,CS
5,8,67,1,CS
5,8,68,1,CS
5,8,69,0.965,CS
5,8,70,1,CS
5,8,71,1,CS
5,8,72,1,CS
5,8,73,0.78,CS
5,8,74,1,CS
5,8,75,0.95,CS
5,8,76,0.995,CS
5,8,77,1,CS
5,8,78,1,CS
5,8,79,1,CS
5,8,80,0.95,CS
5,8,81,1,CS
5,8,82,0.795,CS
13,27,51,NA,MCC
13,27,52,0.005,MCC
13,27,53,0.005,MCC
13,27,54,0.005,MCC
13,27,55,0.005,MCC
13,27,56,0.005,MCC
13,27,57,0.535,MCC
13,27,58,0.19,MCC
13,27,59,0.88,MCC
13,27,60,0.87,MCC
13,27,61,1,MCC
13,27,62,0.895,MCC
13,27,63,0.095,MCC
13,27,64,0.075,MCC
13,27,65,0.23,MCC
13,27,66,0.605,MCC
13,27,67,0.005,MCC
13,27,68,0.005,MCC
13,27,69,0.005,MCC
13,27,70,0.005,MCC
13,27,71,0.005,MCC
13,27,72,0.01,MCC
13,27,73,0.21,MCC
13,27,74,0.005,MCC
13,27,75,0.005,MCC
13,27,76,0.62,MCC
13,27,77,0.33,MCC
13,27,78,0.34,MCC
13,27,79,1,MCC
13,27,80,0.96,MCC
13,27,81,0.995,MCC
13,27,82,0.06,MCC
13,27,83,0.01,MCC
13,27,84,1,MCC
13,27,85,0.005,MCC
13,27,86,0.07,MCC
13,27,87,0.035,MCC
13,27,88,0.005,MCC
13,27,89,0.005,MCC
13,27,90,0.015,MCC
13,27,91,0.005,MCC
13,27,92,0.005,MCC
13,27,93,0.005,MCC
13,27,94,0.1,MCC
13,27,95,0.655,MCC
13,27,96,0.025,MCC
13,27,97,0.145,MCC
13,27,98,1,MCC
13,27,99,0.175,MCC
5,8,51,NA,MCC
5,8,52,0.085,MCC
5,8,53,0.265,MCC
5,8,54,0.055,MCC
5,8,55,0.35,MCC
5,8,56,1,MCC
5,8,57,0.205,MCC
5,8,58,0.44,MCC
5,8,59,0.31,MCC
5,8,60,0.78,MCC
5,8,61,1,MCC
5,8,62,0.95,MCC
5,8,63,0.965,MCC
5,8,64,1,MCC
5,8,65,1,MCC
5,8,66,1,MCC
5,8,67,0.905,MCC
5,8,68,0.33,MCC
5,8,69,1,MCC
5,8,70,1,MCC
5,8,71,1,MCC
5,8,72,1,MCC
5,8,73,0.995,MCC
5,8,74,1,MCC
5,8,75,1,MCC
5,8,76,0.085,MCC
5,8,77,1,MCC
5,8,78,0.025,MCC
5,8,79,0.01,MCC
5,8,80,0.06,MCC
5,8,81,0.295,MCC
5,8,82,0.95,MCC
5,8,83,1,MCC
5,8,84,0.995,MCC
5,8,85,1,MCC
5,8,86,1,MCC
5,8,87,1,MCC
5,8,88,1,MCC
5,8,89,0.075,MCC
5,8,90,0.19,MCC
5,8,91,1,MCC
5,8,92,0.05,MCC
5,8,93,0.225,MCC
5,8,94,1,MCC
5,8,95,0.995,MCC
5,8,96,1,MCC
5,8,97,0.025,MCC
5,8,98,0.27,MCC
5,8,99,0.795,MCC
17,40,51,1,CS
17,40,52,1,CS
17,40,53,1,CS
17,40,54,1,CS
17,40,55,1,CS
17,40,56,0.91,CS
17,40,57,1,CS
17,40,58,0.55,CS
17,40,51,NA,MCC
17,40,52,0.005,MCC
17,40,53,0.005,MCC
17,40,54,0.005,MCC
17,40,55,0.025,MCC
17,40,56,0.06,MCC
17,40,57,0.55,MCC
17,40,58,0.005,MCC
17,40,59,0.02,MCC
17,40,60,0.005,MCC
17,40,61,0.005,MCC
17,40,62,0.005,MCC
17,40,63,0.145,MCC
17,40,64,0.01,MCC
17,40,65,0.04,MCC
17,40,66,0.91,MCC
17,40,67,0.005,MCC
17,40,68,0.005,MCC
17,40,69,0.005,MCC
17,40,70,0.02,MCC
17,40,71,1,MCC
17,40,72,0.005,MCC
17,40,73,0.025,MCC
17,40,74,0.005,MCC
17,40,75,0.005,MCC
17,40,76,0.005,MCC
17,40,77,0.01,MCC
17,40,78,0.04,MCC
17,40,79,0.015,MCC
17,40,80,1,MCC
17,40,81,0.005,MCC
17,40,82,0.01,MCC
17,40,83,0.01,MCC
17,40,84,1,MCC
17,40,85,0.01,MCC
17,40,86,0.035,MCC
17,40,87,0.005,MCC
17,40,88,0.005,MCC
17,40,89,0.005,MCC
17,40,90,0.005,MCC
17,40,91,0.015,MCC
17,40,92,0.055,MCC
17,40,93,0.005,MCC
17,40,94,0.005,MCC
17,40,95,0.005,MCC
17,40,96,0.36,MCC
17,40,97,1,MCC
17,40,98,1,MCC
17,40,99,0.035,MCC
4,49,51,1,CS
4,49,52,0.78,CS
4,49,53,0.875,CS
4,49,54,0.6,CS
4,49,55,0.93,CS
4,49,56,0.995,CS
4,49,57,0.615,CS
4,49,58,1,CS
4,49,59,0.95,CS
4,49,60,1,CS
4,49,61,1,CS
4,49,62,1,CS
4,49,63,0.81,CS
4,49,64,1,CS
4,49,65,0.535,CS
4,49,66,1,CS
4,49,67,0.735,CS
4,49,68,0.99,CS
4,49,69,1,CS
4,49,70,1,CS
4,49,71,1,CS
4,49,72,1,CS
4,49,73,0.875,CS
4,49,74,1,CS
4,49,75,0.86,CS
4,49,76,0.63,CS
4,49,77,0.98,CS
4,49,78,1,CS
4,49,79,0.885,CS
4,49,80,0.545,CS
4,49,81,0.61,CS
4,49,82,1,CS
4,49,83,1,CS
4,49,84,0.805,CS
4,49,85,1,CS
4,49,86,1,CS
4,49,87,0.99,CS
4,49,88,1,CS
4,49,89,1,CS
4,49,90,1,CS
4,49,91,1,CS
4,49,92,0.54,CS
4,49,93,0.98,CS
4,49,51,NA,MCC
4,49,52,0.78,MCC
4,49,53,1,MCC
4,49,54,0.16,MCC
4,49,55,0.18,MCC
4,49,56,0.49,MCC
4,49,57,1,MCC
4,49,58,1,MCC
4,49,59,1,MCC
4,49,60,1,MCC
4,49,61,0.31,MCC
4,49,62,0.805,MCC
4,49,63,1,MCC
4,49,64,0.43,MCC
4,49,65,1,MCC
4,49,66,0.99,MCC
4,49,67,0.875,MCC
4,49,68,0.875,MCC
4,49,69,0.45,MCC
4,49,70,1,MCC
4,49,71,0.61,MCC
4,49,72,0.86,MCC
4,49,73,0.63,MCC
4,49,74,0.545,MCC
4,49,75,0.98,MCC
4,49,76,1,MCC
4,49,77,0.885,MCC
4,49,78,1,MCC
4,49,79,0.6,MCC
4,49,80,0.93,MCC
4,49,81,0.995,MCC
4,49,82,0.615,MCC
4,49,83,1,MCC
4,49,84,0.95,MCC
4,49,85,1,MCC
4,49,86,1,MCC
4,49,87,1,MCC
4,49,88,0.81,MCC
4,49,89,1,MCC
4,49,90,0.535,MCC
4,49,91,1,MCC
4,49,92,0.735,MCC
4,49,93,1,MCC
4,49,94,1,MCC
4,49,95,0.99,MCC
4,49,96,0.455,MCC
4,49,97,1,MCC
4,49,98,1,MCC
4,49,99,0.98,MCC
11,18,51,1,CS
11,18,52,0.68,CS
11,18,53,1,CS
11,18,54,0.6,CS
11,18,55,1,CS
11,18,56,0.905,CS
11,18,57,1,CS
11,18,58,1,CS
11,18,59,1,CS
11,18,60,1,CS
11,18,61,1,CS
11,18,62,0.975,CS
11,18,63,1,CS
11,18,64,1,CS
11,18,65,1,CS
11,18,66,0.85,CS
11,18,67,1,CS
11,18,68,1,CS
11,18,69,0.985,CS
11,18,70,0.57,CS
11,18,51,NA,MCC
11,18,52,0.005,MCC
11,18,53,0.005,MCC
11,18,54,0.005,MCC
11,18,55,0.025,MCC
11,18,56,0.005,MCC
11,18,57,0.02,MCC
11,18,58,0.975,MCC
11,18,59,0.01,MCC
11,18,60,0.415,MCC
11,18,61,1,MCC
11,18,62,0.985,MCC
11,18,63,0.045,MCC
11,18,64,1,MCC
11,18,65,0.005,MCC
11,18,66,1,MCC
11,18,67,0.005,MCC
11,18,68,0.015,MCC
11,18,69,0.225,MCC
11,18,70,1,MCC
11,18,71,0.005,MCC
11,18,72,0.045,MCC
11,18,73,0.905,MCC
11,18,74,1,MCC
11,18,75,1,MCC
11,18,76,0.005,MCC
11,18,77,0.005,MCC
11,18,78,0.12,MCC
11,18,79,0.01,MCC
11,18,80,0.085,MCC
11,18,81,0.2,MCC
11,18,82,0.57,MCC
11,18,83,1,MCC
11,18,84,1,MCC
11,18,85,1,MCC
11,18,86,0.01,MCC
11,18,87,0.035,MCC
11,18,88,0.255,MCC
11,18,89,0.035,MCC
11,18,90,0.005,MCC
11,18,91,0.005,MCC
11,18,92,1,MCC
11,18,93,0.68,MCC
11,18,94,1,MCC
11,18,95,1,MCC
11,18,96,0.6,MCC
11,18,97,0.005,MCC
11,18,98,0.1,MCC
11,18,99,0.85,MCC
9,44,51,1,CS
9,44,52,0.53,CS
9,44,53,0.99,CS
9,44,54,1,CS
9,44,55,0.985,CS
9,44,56,0.88,CS
9,44,57,1,CS
9,44,58,1,CS
9,44,59,0.96,CS
9,44,60,1,CS
9,44,61,0.815,CS
9,44,62,0.72,CS
9,44,63,0.605,CS
9,44,64,1,CS
9,44,65,1,CS
9,44,66,0.945,CS
9,44,67,1,CS
9,44,68,0.995,CS
9,44,69,0.565,CS
9,44,70,1,CS
9,44,71,1,CS
9,44,72,1,CS
9,44,73,1,CS
9,44,74,1,CS
9,44,75,0.97,CS
9,44,76,1,CS
9,44,77,1,CS
9,44,78,1,CS
6,8,51,1,CS
6,8,52,0.535,CS
6,8,53,0.58,CS
6,8,54,0.995,CS
6,8,55,1,CS
6,8,56,0.635,CS
6,8,57,1,CS
6,8,58,1,CS
6,8,59,1,CS
6,8,60,0.82,CS
6,8,61,0.995,CS
6,8,62,0.995,CS
6,8,63,1,CS
6,8,64,1,CS
6,8,65,1,CS
6,8,66,1,CS
6,8,67,1,CS
6,8,68,0.78,CS
6,8,69,0.695,CS
6,8,70,0.565,CS
6,8,71,0.995,CS
6,8,72,0.98,CS
6,8,73,0.685,CS
6,8,74,1,CS
6,8,75,1,CS
6,8,76,0.99,CS
6,8,77,1,CS
6,8,78,0.985,CS
6,8,79,0.55,CS
6,8,51,NA,MCC
6,8,52,0.01,MCC
6,8,53,0.005,MCC
6,8,54,0.82,MCC
6,8,55,0.435,MCC
6,8,56,0.995,MCC
6,8,57,0.995,MCC
6,8,58,1,MCC
6,8,59,1,MCC
6,8,60,1,MCC
6,8,61,0.01,MCC
6,8,62,0.28,MCC
6,8,63,0.985,MCC
6,8,64,0.175,MCC
6,8,65,0.275,MCC
6,8,66,0.685,MCC
6,8,67,1,MCC
6,8,68,0.005,MCC
6,8,69,0.01,MCC
6,8,70,0.005,MCC
6,8,71,0.015,MCC
6,8,72,1,MCC
6,8,73,0.225,MCC
6,8,74,0.995,MCC
6,8,75,0.98,MCC
6,8,76,0.28,MCC
6,8,77,0.99,MCC
6,8,78,0.09,MCC
6,8,79,0.045,MCC
6,8,80,0.535,MCC
6,8,81,1,MCC
6,8,82,1,MCC
6,8,83,0.465,MCC
6,8,84,0.635,MCC
6,8,85,0.34,MCC
6,8,86,1,MCC
6,8,87,0.58,MCC
6,8,88,0.995,MCC
6,8,89,1,MCC
6,8,90,1,MCC
6,8,91,1,MCC
6,8,92,0.78,MCC
6,8,93,0.025,MCC
6,8,94,0.17,MCC
6,8,95,0.55,MCC
6,8,96,0.695,MCC
6,8,97,0.16,MCC
6,8,98,0.325,MCC
6,8,99,1,MCC
9,44,51,NA,MCC
9,44,52,0.005,MCC
9,44,53,0.005,MCC
9,44,54,0.005,MCC
9,44,55,0.005,MCC
9,44,56,0.215,MCC
9,44,57,0.815,MCC
9,44,58,0.72,MCC
9,44,59,0.605,MCC
9,44,60,1,MCC
9,44,61,1,MCC
9,44,62,1,MCC
9,44,63,0.01,MCC
9,44,64,0.05,MCC
9,44,65,0.945,MCC
9,44,66,1,MCC
9,44,67,0.995,MCC
9,44,68,0.04,MCC
9,44,69,1,MCC
9,44,70,0.97,MCC
9,44,71,0.015,MCC
9,44,72,0.115,MCC
9,44,73,1,MCC
9,44,74,0.11,MCC
9,44,75,1,MCC
9,44,76,0.01,MCC
9,44,77,0.03,MCC
9,44,78,0.02,MCC
9,44,79,0.115,MCC
9,44,80,0.39,MCC
9,44,81,0.53,MCC
9,44,82,1,MCC
9,44,83,0.96,MCC
9,44,84,1,MCC
9,44,85,0.99,MCC
9,44,86,0.47,MCC
9,44,87,1,MCC
9,44,88,0.985,MCC
9,44,89,0.88,MCC
9,44,90,1,MCC
9,44,91,0.005,MCC
9,44,92,0.085,MCC
9,44,93,1,MCC
9,44,94,0.2,MCC
9,44,95,1,MCC
9,44,96,0.05,MCC
9,44,97,0.05,MCC
9,44,98,1,MCC
9,44,99,1,MCC
12,36,51,1,CS
12,36,51,NA,MCC
12,36,52,0.005,MCC
12,36,53,0.005,MCC
12,36,54,0.005,MCC
12,36,55,0.005,MCC
12,36,56,0.01,MCC
12,36,57,0.025,MCC
12,36,58,0.005,MCC
12,36,59,0.035,MCC
12,36,60,0.025,MCC
12,36,61,0.03,MCC
12,36,62,0.005,MCC
12,36,63,0.015,MCC
12,36,64,0.015,MCC
12,36,65,0.005,MCC
12,36,66,0.005,MCC
12,36,67,0.005,MCC
12,36,68,0.005,MCC
12,36,69,0.02,MCC
12,36,70,0.02,MCC
12,36,71,0.005,MCC
12,36,72,0.005,MCC
12,36,73,0.01,MCC
12,36,74,0.005,MCC
12,36,75,0.005,MCC
12,36,76,0.005,MCC
12,36,77,0.015,MCC
12,36,78,0.005,MCC
12,36,79,0.025,MCC
12,36,80,0.005,MCC
12,36,81,0.005,MCC
12,36,82,0.045,MCC
12,36,83,0.025,MCC
12,36,84,0.005,MCC
12,36,85,0.005,MCC
12,36,86,0.005,MCC
12,36,87,0.02,MCC
12,36,88,0.025,MCC
12,36,89,0.005,MCC
12,36,90,0.005,MCC
12,36,91,0.005,MCC
12,36,92,0.005,MCC
12,36,93,0.025,MCC
12,36,94,0.01,MCC
12,36,95,0.005,MCC
12,36,96,0.005,MCC
12,36,97,0.015,MCC
12,36,98,0.005,MCC
12,36,99,0.035,MCC
5,49,51,1,CS
5,49,52,1,CS
5,49,53,0.56,CS
5,49,54,1,CS
5,49,55,1,CS
5,49,56,1,CS
5,49,57,1,CS
5,49,58,1,CS
5,49,59,0.58,CS
5,49,60,0.96,CS
5,49,61,0.63,CS
5,49,62,0.995,CS
5,49,63,1,CS
5,49,64,1,CS
5,49,65,1,CS
5,49,66,1,CS
5,49,67,0.79,CS
5,49,68,1,CS
5,49,69,0.75,CS
5,49,70,0.545,CS
5,49,71,0.885,CS
5,49,72,0.85,CS
5,49,73,0.735,CS
5,49,74,0.765,CS
5,49,75,1,CS
5,49,76,1,CS
5,49,77,1,CS
5,49,78,1,CS
5,49,79,0.985,CS
5,49,80,0.725,CS
5,49,81,0.995,CS
5,49,82,0.92,CS
5,49,83,0.995,CS
5,49,51,NA,MCC
5,49,52,0.31,MCC
5,49,53,0.43,MCC
5,49,54,0.395,MCC
5,49,55,0.985,MCC
5,49,56,0.725,MCC
5,49,57,0.245,MCC
5,49,58,0.36,MCC
5,49,59,0.995,MCC
5,49,60,0.92,MCC
5,49,61,0.41,MCC
5,49,62,0.22,MCC
5,49,63,0.3,MCC
5,49,64,0.885,MCC
5,49,65,0.85,MCC
5,49,66,0.24,MCC
5,49,67,1,MCC
5,49,68,1,MCC
5,49,69,0.765,MCC
5,49,70,1,MCC
5,49,71,1,MCC
5,49,72,0.255,MCC
5,49,73,0.995,MCC
5,49,74,0.75,MCC
5,49,75,0.5,MCC
5,49,76,1,MCC
5,49,77,0.41,MCC
5,49,78,1,MCC
5,49,79,1,MCC
5,49,80,1,MCC
5,49,81,0.79,MCC
5,49,82,1,MCC
5,49,83,0.195,MCC
5,49,84,0.335,MCC
5,49,85,0.995,MCC
5,49,86,1,MCC
5,49,87,0.09,MCC
5,49,88,0.16,MCC
5,49,89,0.56,MCC
5,49,90,1,MCC
5,49,91,0.44,MCC
5,49,92,1,MCC
5,49,93,1,MCC
5,49,94,1,MCC
5,49,95,0.58,MCC
5,49,96,1,MCC
5,49,97,0.63,MCC
5,49,98,0.07,MCC
5,49,99,0.96,MCC
14,27,51,1,CS
14,27,52,0.97,CS
14,27,53,0.775,CS
14,27,54,0.515,CS
14,27,55,0.66,CS
14,27,56,0.555,CS
14,27,57,0.52,CS
14,27,58,1,CS
14,27,59,0.51,CS
14,27,60,1,CS
14,27,61,1,CS
14,27,62,1,CS
14,27,51,NA,MCC
14,27,52,0.005,MCC
14,27,53,0.005,MCC
14,27,54,0.005,MCC
14,27,55,0.175,MCC
14,27,56,1,MCC
14,27,57,0.005,MCC
14,27,58,0.06,MCC
14,27,59,0.155,MCC
14,27,60,0.555,MCC
14,27,61,0.52,MCC
14,27,62,0.11,MCC
14,27,63,0.07,MCC
14,27,64,0.465,MCC
14,27,65,1,MCC
14,27,66,0.205,MCC
14,27,67,1,MCC
14,27,68,0.03,MCC
14,27,69,0.005,MCC
14,27,70,0.005,MCC
14,27,71,0.04,MCC
14,27,72,0.2,MCC
14,27,73,0.005,MCC
14,27,74,0.005,MCC
14,27,75,0.005,MCC
14,27,76,0.29,MCC
14,27,77,0.005,MCC
14,27,78,0.015,MCC
14,27,79,0.13,MCC
14,27,80,0.125,MCC
14,27,81,0.005,MCC
14,27,82,0.055,MCC
14,27,83,1,MCC
14,27,84,0.05,MCC
14,27,85,0.005,MCC
14,27,86,0.005,MCC
14,27,87,0.005,MCC
14,27,88,0.01,MCC
14,27,89,0.045,MCC
14,27,90,0.04,MCC
14,27,91,0.035,MCC
14,27,92,0.005,MCC
14,27,93,0.005,MCC
14,27,94,0.045,MCC
14,27,95,0.07,MCC
14,27,96,0.97,MCC
14,27,97,0.775,MCC
14,27,98,0.515,MCC
14,27,99,0.66,MCC
7,30,51,1,CS
7,30,52,0.88,CS
7,30,53,0.55,CS
7,30,54,1,CS
7,30,55,1,CS
7,30,56,1,CS
7,30,57,1,CS
7,30,58,0.96,CS
7,30,59,1,CS
7,30,60,0.86,CS
7,30,61,1,CS
7,30,62,0.605,CS
7,30,63,1,CS
7,30,64,0.535,CS
7,30,65,1,CS
7,30,66,1,CS
7,30,67,1,CS
7,30,68,0.975,CS
7,30,69,1,CS
7,30,70,1,CS
7,30,71,1,CS
7,30,72,1,CS
2,40,51,1,CS
2,40,52,0.71,CS
2,40,53,1,CS
2,40,54,1,CS
2,40,55,1,CS
2,40,56,1,CS
2,40,57,0.615,CS
2,40,58,0.985,CS
2,40,59,1,CS
2,40,60,1,CS
2,40,61,0.975,CS
2,40,62,1,CS
2,40,63,1,CS
2,40,64,1,CS
2,40,65,1,CS
2,40,66,1,CS
2,40,67,0.89,CS
2,40,68,1,CS
2,40,69,1,CS
2,40,70,1,CS
2,40,71,0.73,CS
2,40,72,1,CS
2,40,73,1,CS
2,40,74,0.93,CS
2,40,75,1,CS
2,40,76,1,CS
2,40,77,0.865,CS
2,40,78,0.575,CS
2,40,79,0.99,CS
2,40,80,1,CS
2,40,81,1,CS
2,40,82,1,CS
2,40,83,0.81,CS
2,40,84,1,CS
2,40,85,0.98,CS
2,40,86,1,CS
2,40,87,1,CS
2,40,88,1,CS
2,40,89,1,CS
2,40,90,0.715,CS
2,40,91,1,CS
7,30,51,NA,MCC
7,30,52,0.03,MCC
7,30,53,0.025,MCC
7,30,54,0.005,MCC
7,30,55,0.005,MCC
7,30,56,0.07,MCC
7,30,57,0.27,MCC
7,30,58,1,MCC
7,30,59,0.08,MCC
7,30,60,0.605,MCC
7,30,61,1,MCC
7,30,62,1,MCC
7,30,63,0.005,MCC
7,30,64,0.005,MCC
7,30,65,0.01,MCC
7,30,66,1,MCC
7,30,67,0.06,MCC
7,30,68,0.015,MCC
7,30,69,1,MCC
7,30,70,0.02,MCC
7,30,71,0.115,MCC
7,30,72,0.075,MCC
7,30,73,0.88,MCC
7,30,74,0.55,MCC
7,30,75,1,MCC
7,30,76,1,MCC
7,30,77,1,MCC
7,30,78,0.005,MCC
7,30,79,0.07,MCC
7,30,80,1,MCC
7,30,81,0.96,MCC
7,30,82,1,MCC
7,30,83,0.005,MCC
7,30,84,0.005,MCC
7,30,85,0.05,MCC
7,30,86,0.38,MCC
7,30,87,0.425,MCC
7,30,88,1,MCC
7,30,89,1,MCC
7,30,90,0.135,MCC
7,30,91,0.01,MCC
7,30,92,0.02,MCC
7,30,93,0.26,MCC
7,30,94,0.975,MCC
7,30,95,0.1,MCC
7,30,96,1,MCC
7,30,97,0.38,MCC
7,30,98,0.86,MCC
7,30,99,1,MCC
2,40,51,NA,MCC
2,40,52,0.37,MCC
2,40,53,0.41,MCC
2,40,54,0.405,MCC
2,40,55,1,MCC
2,40,56,0.29,MCC
2,40,57,0.865,MCC
2,40,58,0.245,MCC
2,40,59,1,MCC
2,40,60,1,MCC
2,40,61,0.575,MCC
2,40,62,0.99,MCC
2,40,63,1,MCC
2,40,64,0.71,MCC
2,40,65,1,MCC
2,40,66,0.73,MCC
2,40,67,1,MCC
2,40,68,1,MCC
2,40,69,0.93,MCC
2,40,70,1,MCC
2,40,71,1,MCC
2,40,72,0.89,MCC
2,40,73,1,MCC
2,40,74,1,MCC
2,40,75,1,MCC
2,40,76,1,MCC
2,40,77,1,MCC
2,40,78,0.975,MCC
2,40,79,1,MCC
2,40,80,1,MCC
2,40,81,1,MCC
2,40,82,1,MCC
2,40,83,1,MCC
2,40,84,1,MCC
2,40,85,0.335,MCC
2,40,86,0.615,MCC
2,40,87,0.985,MCC
2,40,88,1,MCC
2,40,89,0.165,MCC
2,40,90,1,MCC
2,40,91,0.715,MCC
2,40,92,1,MCC
2,40,93,0.81,MCC
2,40,94,0.465,MCC
2,40,95,1,MCC
2,40,96,1,MCC
2,40,97,0.98,MCC
2,40,98,1,MCC
2,40,99,1,MCC
15,13,51,1,CS
15,13,52,0.55,CS
15,13,53,1,CS
15,13,54,0.985,CS
15,13,55,0.935,CS
15,13,56,0.735,CS
15,13,57,1,CS
15,13,58,0.965,CS
15,13,59,1,CS
15,13,60,0.8,CS
15,13,61,0.635,CS
15,13,62,1,CS
15,13,63,1,CS
15,13,64,1,CS
15,13,65,1,CS
15,13,66,1,CS
15,13,67,1,CS
15,13,68,0.875,CS
15,13,69,0.61,CS
15,13,51,NA,MCC
15,13,52,0.005,MCC
15,13,53,0.005,MCC
15,13,54,0.005,MCC
15,13,55,0.005,MCC
15,13,56,0.005,MCC
15,13,57,0.01,MCC
15,13,58,0.55,MCC
15,13,59,0.225,MCC
15,13,60,1,MCC
15,13,61,0.985,MCC
15,13,62,0.935,MCC
15,13,63,0.735,MCC
15,13,64,1,MCC
15,13,65,0.965,MCC
15,13,66,0.055,MCC
15,13,67,0.22,MCC
15,13,68,0.005,MCC
15,13,69,0.005,MCC
15,13,70,0.005,MCC
15,13,71,0.11,MCC
15,13,72,0.02,MCC
15,13,73,1,MCC
15,13,74,0.03,MCC
15,13,75,1,MCC
15,13,76,0.075,MCC
15,13,77,0.005,MCC
15,13,78,0.005,MCC
15,13,79,0.025,MCC
15,13,80,0.875,MCC
15,13,81,0.03,MCC
15,13,82,1,MCC
15,13,83,0.8,MCC
15,13,84,0.635,MCC
15,13,85,1,MCC
15,13,86,0.61,MCC
15,13,87,0.005,MCC
15,13,88,0.01,MCC
15,13,89,0.005,MCC
15,13,90,0.045,MCC
15,13,91,1,MCC
15,13,92,1,MCC
15,13,93,0.005,MCC
15,13,94,0.005,MCC
15,13,95,0.005,MCC
15,13,96,0.025,MCC
15,13,97,0.11,MCC
15,13,98,0.04,MCC
15,13,99,1,MCC
7,8,51,1,CS
7,8,52,0.825,CS
7,8,53,1,CS
7,8,54,0.995,CS
7,8,55,1,CS
7,8,56,1,CS
7,8,57,1,CS
7,8,58,0.51,CS
7,8,59,0.995,CS
7,8,60,1,CS
7,8,61,0.645,CS
7,8,62,1,CS
7,8,63,1,CS
7,8,64,1,CS
7,8,65,0.995,CS
7,8,66,0.905,CS
7,8,67,1,CS
7,8,68,0.905,CS
7,8,69,0.63,CS
7,8,70,1,CS
7,8,71,1,CS
7,8,72,1,CS
7,8,73,1,CS
7,8,51,NA,MCC
7,8,52,NA,MCC
7,8,53,0.01,MCC
7,8,54,0.01,MCC
7,8,55,0.005,MCC
7,8,56,0.005,MCC
7,8,57,0.005,MCC
7,8,58,0.025,MCC
7,8,59,0.015,MCC
7,8,60,0.05,MCC
7,8,61,0.51,MCC
7,8,62,0.165,MCC
7,8,63,0.995,MCC
7,8,64,1,MCC
7,8,65,0.2,MCC
7,8,66,0.25,MCC
7,8,67,0.25,MCC
7,8,68,0.905,MCC
7,8,69,0.47,MCC
7,8,70,0.02,MCC
7,8,71,0.135,MCC
7,8,72,0.995,MCC
7,8,73,0.905,MCC
7,8,74,1,MCC
7,8,75,0.355,MCC
7,8,76,0.63,MCC
7,8,77,1,MCC
7,8,78,0.005,MCC
7,8,79,0.015,MCC
7,8,80,0.025,MCC
7,8,81,0.825,MCC
7,8,82,1,MCC
7,8,83,0.995,MCC
7,8,84,1,MCC
7,8,85,1,MCC
7,8,86,1,MCC
7,8,87,0.005,MCC
7,8,88,0.155,MCC
7,8,89,1,MCC
7,8,90,0.01,MCC
7,8,91,0.18,MCC
7,8,92,0.405,MCC
7,8,93,0.165,MCC
7,8,94,1,MCC
7,8,95,1,MCC
7,8,96,1,MCC
7,8,97,1,MCC
7,8,98,0.15,MCC
7,8,99,1,MCC
12,18,51,1,CS
12,18,52,1,CS
12,18,53,1,CS
12,18,54,0.84,CS
12,18,55,1,CS
12,18,56,1,CS
12,18,57,0.595,CS
12,18,58,1,CS
12,18,59,1,CS
12,18,60,1,CS
12,18,61,0.55,CS
12,18,62,1,CS
12,18,63,0.995,CS
12,18,64,1,CS
12,18,65,0.97,CS
12,18,66,0.62,CS
12,18,67,1,CS
12,18,68,1,CS
12,18,51,NA,MCC
12,18,52,0.005,MCC
12,18,53,0.005,MCC
12,18,54,0.015,MCC
12,18,55,0.165,MCC
12,18,56,0.62,MCC
12,18,57,0.005,MCC
12,18,58,0.005,MCC
12,18,59,0.06,MCC
12,18,60,1,MCC
12,18,61,1,MCC
12,18,62,0.025,MCC
12,18,63,0.97,MCC
12,18,64,0.005,MCC
12,18,65,0.03,MCC
12,18,66,1,MCC
12,18,67,1,MCC
12,18,68,0.005,MCC
12,18,69,0.005,MCC
12,18,70,0.005,MCC
12,18,71,0.005,MCC
12,18,72,0.005,MCC
12,18,73,0.035,MCC
12,18,74,1,MCC
12,18,75,1,MCC
12,18,76,0.06,MCC
12,18,77,0.005,MCC
12,18,78,0.005,MCC
12,18,79,0.005,MCC
12,18,80,0.005,MCC
12,18,81,0.055,MCC
12,18,82,0.045,MCC
12,18,83,0.205,MCC
12,18,84,1,MCC
12,18,85,1,MCC
12,18,86,0.03,MCC
12,18,87,0.55,MCC
12,18,88,0.005,MCC
12,18,89,0.005,MCC
12,18,90,0.005,MCC
12,18,91,0.02,MCC
12,18,92,0.84,MCC
12,18,93,1,MCC
12,18,94,1,MCC
12,18,95,0.005,MCC
12,18,96,0.035,MCC
12,18,97,0.995,MCC
12,18,98,1,MCC
12,18,99,0.595,MCC
13,36,51,1,CS
13,36,51,NA,MCC
13,36,52,0.005,MCC
13,36,53,0.02,MCC
13,36,54,0.005,MCC
13,36,55,0.005,MCC
13,36,56,0.005,MCC
13,36,57,0.005,MCC
13,36,58,0.015,MCC
13,36,59,0.005,MCC
13,36,60,0.005,MCC
13,36,61,0.005,MCC
13,36,62,0.005,MCC
13,36,63,0.025,MCC
13,36,64,0.005,MCC
13,36,65,0.015,MCC
13,36,66,0.03,MCC
13,36,67,0.005,MCC
13,36,68,0.015,MCC
13,36,69,0.005,MCC
13,36,70,0.03,MCC
13,36,71,0.005,MCC
13,36,72,0.025,MCC
13,36,73,0.015,MCC
13,36,74,0.005,MCC
13,36,75,0.005,MCC
13,36,76,0.01,MCC
13,36,77,0.02,MCC
13,36,78,0.005,MCC
13,36,79,0.025,MCC
13,36,80,0.005,MCC
13,36,81,0.005,MCC
13,36,82,0.005,MCC
13,36,83,0.005,MCC
13,36,84,0.02,MCC
13,36,85,0.005,MCC
13,36,86,0.03,MCC
13,36,87,0.005,MCC
13,36,88,0.005,MCC
13,36,89,0.005,MCC
13,36,90,0.005,MCC
13,36,91,0.025,MCC
13,36,92,0.025,MCC
13,36,93,0.02,MCC
13,36,94,0.005,MCC
13,36,95,0.005,MCC
13,36,96,0.005,MCC
13,36,97,0.03,MCC
13,36,98,0.03,MCC
13,36,99,0.005,MCC
6,49,51,1,CS
6,49,52,0.7,CS
6,49,53,1,CS
6,49,54,0.88,CS
6,49,55,1,CS
6,49,56,1,CS
6,49,57,0.99,CS
6,49,58,0.62,CS
6,49,59,1,CS
6,49,60,0.79,CS
6,49,61,0.69,CS
6,49,62,0.855,CS
6,49,63,1,CS
6,49,64,1,CS
6,49,65,1,CS
6,49,66,0.975,CS
6,49,67,1,CS
6,49,68,0.8,CS
6,49,69,1,CS
6,49,70,0.62,CS
6,49,71,0.6,CS
6,49,72,0.53,CS
6,49,73,1,CS
6,49,74,0.545,CS
6,49,75,0.815,CS
6,49,76,0.88,CS
6,49,77,0.805,CS
6,49,78,1,CS
6,49,79,1,CS
6,49,80,0.935,CS
6,49,81,1,CS
6,49,82,1,CS
6,49,83,0.985,CS
6,49,84,0.735,CS
6,49,51,NA,MCC
6,49,52,0.7,MCC
6,49,53,0.035,MCC
6,49,54,0.065,MCC
6,49,55,0.09,MCC
6,49,56,0.045,MCC
6,49,57,0.99,MCC
6,49,58,0.62,MCC
6,49,59,1,MCC
6,49,60,0.105,MCC
6,49,61,0.16,MCC
6,49,62,1,MCC
6,49,63,0.88,MCC
6,49,64,1,MCC
6,49,65,1,MCC
6,49,66,0.175,MCC
6,49,67,0.245,MCC
6,49,68,0.735,MCC
6,49,69,0.15,MCC
6,49,70,0.23,MCC
6,49,71,0.19,MCC
6,49,72,0.815,MCC
6,49,73,0.88,MCC
6,49,74,0.805,MCC
6,49,75,0.935,MCC
6,49,76,1,MCC
6,49,77,1,MCC
6,49,78,1,MCC
6,49,79,1,MCC
6,49,80,0.79,MCC
6,49,81,0.69,MCC
6,49,82,0.855,MCC
6,49,83,1,MCC
6,49,84,0.8,MCC
6,49,85,1,MCC
6,49,86,1,MCC
6,49,87,0.975,MCC
6,49,88,1,MCC
6,49,89,1,MCC
6,49,90,0.62,MCC
6,49,91,0.16,MCC
6,49,92,0.6,MCC
6,49,93,0.235,MCC
6,49,94,0.3,MCC
6,49,95,0.53,MCC
6,49,96,1,MCC
6,49,97,0.245,MCC
6,49,98,0.455,MCC
6,49,99,0.985,MCC
12,22,51,1,CS
12,22,52,1,CS
12,22,53,1,CS
12,22,54,0.75,CS
12,22,55,1,CS
12,22,56,0.94,CS
12,22,57,0.8,CS
12,22,58,1,CS
12,22,59,1,CS
12,22,60,0.53,CS
12,22,61,0.985,CS
12,22,62,1,CS
12,22,63,1,CS
12,22,64,1,CS
12,22,65,1,CS
12,22,66,1,CS
12,22,67,0.695,CS
8,30,51,1,CS
8,30,52,1,CS
8,30,53,0.52,CS
8,30,54,1,CS
8,30,55,1,CS
8,30,56,1,CS
8,30,57,0.515,CS
8,30,58,1,CS
8,30,59,0.785,CS
8,30,60,1,CS
8,30,61,1,CS
8,30,62,1,CS
8,30,63,1,CS
8,30,64,0.995,CS
8,30,65,1,CS
8,30,66,1,CS
8,30,67,1,CS
8,30,68,1,CS
8,30,69,1,CS
8,30,70,0.55,CS
12,22,51,NA,MCC
12,22,52,0.005,MCC
12,22,53,0.005,MCC
12,22,54,0.005,MCC
12,22,55,0.105,MCC
12,22,56,1,MCC
12,22,57,0.06,MCC
12,22,58,1,MCC
12,22,59,0.02,MCC
12,22,60,1,MCC
12,22,61,1,MCC
12,22,62,0.005,MCC
12,22,63,0.005,MCC
12,22,64,0.01,MCC
12,22,65,0.53,MCC
12,22,66,0.985,MCC
12,22,67,0.05,MCC
12,22,68,0.005,MCC
12,22,69,0.005,MCC
12,22,70,0.045,MCC
12,22,71,0.31,MCC
12,22,72,0.94,MCC
12,22,73,0.8,MCC
12,22,74,0.75,MCC
12,22,75,1,MCC
12,22,76,0.015,MCC
12,22,77,0.005,MCC
12,22,78,0.005,MCC
12,22,79,0.055,MCC
12,22,80,0.005,MCC
12,22,81,0.005,MCC
12,22,82,1,MCC
12,22,83,0.005,MCC
12,22,84,0.035,MCC
12,22,85,0.695,MCC
12,22,86,0.065,MCC
12,22,87,1,MCC
12,22,88,0.005,MCC
12,22,89,0.005,MCC
12,22,90,0.01,MCC
12,22,91,0.015,MCC
12,22,92,1,MCC
12,22,93,0.005,MCC
12,22,94,0.005,MCC
12,22,95,0.02,MCC
12,22,96,1,MCC
12,22,97,1,MCC
12,22,98,0.045,MCC
12,22,99,0.2,MCC
8,30,51,NA,MCC
8,30,52,0.995,MCC
8,30,53,0.11,MCC
8,30,54,0.005,MCC
8,30,55,0.005,MCC
8,30,56,0.03,MCC
8,30,57,0.01,MCC
8,30,58,0.16,MCC
8,30,59,1,MCC
8,30,60,0.415,MCC
8,30,61,0.005,MCC
8,30,62,0.005,MCC
8,30,63,0.005,MCC
8,30,64,0.02,MCC
8,30,65,0.035,MCC
8,30,66,1,MCC
8,30,67,0.52,MCC
8,30,68,1,MCC
8,30,69,1,MCC
8,30,70,0.005,MCC
8,30,71,0.135,MCC
8,30,72,0.45,MCC
8,30,73,0.55,MCC
8,30,74,1,MCC
8,30,75,0.005,MCC
8,30,76,0.06,MCC
8,30,77,0.515,MCC
8,30,78,1,MCC
8,30,79,1,MCC
8,30,80,0.09,MCC
8,30,81,0.005,MCC
8,30,82,0.005,MCC
8,30,83,0.005,MCC
8,30,84,0.035,MCC
8,30,85,1,MCC
8,30,86,0.005,MCC
8,30,87,0.005,MCC
8,30,88,0.035,MCC
8,30,89,0.37,MCC
8,30,90,0.485,MCC
8,30,91,1,MCC
8,30,92,1,MCC
8,30,93,1,MCC
8,30,94,0.025,MCC
8,30,95,0.13,MCC
8,30,96,1,MCC
8,30,97,1,MCC
8,30,98,0.785,MCC
8,30,99,1,MCC
15,27,51,1,CS
15,27,52,0.99,CS
15,27,53,0.575,CS
15,27,54,0.84,CS
15,27,55,0.6,CS
15,27,56,0.685,CS
15,27,57,1,CS
15,27,58,0.805,CS
15,27,59,0.505,CS
15,27,60,0.635,CS
15,27,61,0.525,CS
15,27,62,0.545,CS
15,27,63,0.995,CS
15,27,64,1,CS
15,27,51,NA,MCC
15,27,52,0.005,MCC
15,27,53,0.005,MCC
15,27,54,0.005,MCC
15,27,55,0.005,MCC
15,27,56,0.01,MCC
15,27,57,0.2,MCC
15,27,58,0.15,MCC
15,27,59,0.995,MCC
15,27,60,0.04,MCC
15,27,61,0.005,MCC
15,27,62,0.005,MCC
15,27,63,0.005,MCC
15,27,64,0.03,MCC
15,27,65,0.14,MCC
15,27,66,0.475,MCC
15,27,67,0.015,MCC
15,27,68,0.005,MCC
15,27,69,0.005,MCC
15,27,70,0.005,MCC
15,27,71,0.005,MCC
15,27,72,0.005,MCC
15,27,73,0.005,MCC
15,27,74,0.14,MCC
15,27,75,0.1,MCC
15,27,76,0.4,MCC
15,27,77,0.99,MCC
15,27,78,0.26,MCC
15,27,79,0.84,MCC
15,27,80,0.015,MCC
15,27,81,0.005,MCC
15,27,82,0.03,MCC
15,27,83,0.26,MCC
15,27,84,0.38,MCC
15,27,85,0.12,MCC
15,27,86,0.015,MCC
15,27,87,0.15,MCC
15,27,88,0.375,MCC
15,27,89,0.01,MCC
15,27,90,0.005,MCC
15,27,91,0.12,MCC
15,27,92,1,MCC
15,27,93,0.155,MCC
15,27,94,1,MCC
15,27,95,0.015,MCC
15,27,96,0.075,MCC
15,27,97,0.805,MCC
15,27,98,0.505,MCC
15,27,99,0.25,MCC
8,8,51,1,CS
8,8,52,0.82,CS
8,8,53,0.845,CS
8,8,54,0.585,CS
8,8,55,1,CS
8,8,56,1,CS
8,8,57,1,CS
8,8,58,1,CS
8,8,59,1,CS
8,8,60,0.575,CS
8,8,61,0.87,CS
8,8,62,1,CS
8,8,63,0.955,CS
8,8,64,1,CS
8,8,65,1,CS
8,8,66,1,CS
8,8,67,1,CS
8,8,68,0.945,CS
8,8,69,1,CS
8,8,51,NA,MCC
8,8,52,0.005,MCC
8,8,53,0.005,MCC
8,8,54,0.005,MCC
8,8,55,0.235,MCC
8,8,56,0.005,MCC
8,8,57,0.005,MCC
8,8,58,0.065,MCC
8,8,59,1,MCC
8,8,60,1,MCC
8,8,61,0.01,MCC
8,8,62,0.065,MCC
8,8,63,0.82,MCC
8,8,64,0.845,MCC
8,8,65,0.585,MCC
8,8,66,1,MCC
8,8,67,1,MCC
8,8,68,1,MCC
8,8,69,0.04,MCC
8,8,70,0.005,MCC
8,8,71,0.005,MCC
8,8,72,0.005,MCC
8,8,73,0.04,MCC
8,8,74,0.575,MCC
8,8,75,0.87,MCC
8,8,76,1,MCC
8,8,77,0.185,MCC
8,8,78,0.455,MCC
8,8,79,0.005,MCC
8,8,80,0.005,MCC
8,8,81,0.035,MCC
8,8,82,0.265,MCC
8,8,83,0.945,MCC
8,8,84,0.115,MCC
8,8,85,1,MCC
8,8,86,0.025,MCC
8,8,87,0.01,MCC
8,8,88,0.015,MCC
8,8,89,0.32,MCC
8,8,90,0.955,MCC
8,8,91,1,MCC
8,8,92,0.025,MCC
8,8,93,0.15,MCC
8,8,94,1,MCC
8,8,95,0.18,MCC
8,8,96,0.35,MCC
8,8,97,1,MCC
8,8,98,1,MCC
8,8,99,0.42,MCC
14,36,51,1,CS
14,36,51,NA,MCC
14,36,52,0.005,MCC
14,36,53,0.005,MCC
14,36,54,0.04,MCC
14,36,55,0.005,MCC
14,36,56,0.005,MCC
14,36,57,0.005,MCC
14,36,58,0.025,MCC
14,36,59,0.005,MCC
14,36,60,0.025,MCC
14,36,61,0.005,MCC
14,36,62,0.02,MCC
14,36,63,0.005,MCC
14,36,64,0.01,MCC
14,36,65,0.03,MCC
14,36,66,0.005,MCC
14,36,67,0.025,MCC
14,36,68,0.005,MCC
14,36,69,0.005,MCC
14,36,70,0.005,MCC
14,36,71,0.005,MCC
14,36,72,0.005,MCC
14,36,73,0.005,MCC
14,36,74,0.03,MCC
14,36,75,0.005,MCC
14,36,76,0.015,MCC
14,36,77,0.005,MCC
14,36,78,0.005,MCC
14,36,79,0.04,MCC
14,36,80,0.03,MCC
14,36,81,0.005,MCC
14,36,82,0.005,MCC
14,36,83,0.005,MCC
14,36,84,0.005,MCC
14,36,85,0.015,MCC
14,36,86,0.005,MCC
14,36,87,0.035,MCC
14,36,88,0.04,MCC
14,36,89,0.005,MCC
14,36,90,0.005,MCC
14,36,91,0.03,MCC
14,36,92,0.015,MCC
14,36,93,0.005,MCC
14,36,94,0.01,MCC
14,36,95,0.015,MCC
14,36,96,0.01,MCC
14,36,97,0.005,MCC
14,36,98,0.005,MCC
14,36,99,0.02,MCC
7,49,51,1,CS
7,49,52,0.57,CS
7,49,53,0.73,CS
7,49,54,1,CS
7,49,55,1,CS
7,49,56,1,CS
7,49,57,0.79,CS
7,49,58,0.71,CS
7,49,59,0.995,CS
7,49,60,0.71,CS
7,49,61,1,CS
7,49,62,0.89,CS
7,49,63,0.61,CS
7,49,64,0.685,CS
7,49,65,0.95,CS
7,49,66,0.6,CS
7,49,67,0.925,CS
7,49,68,0.86,CS
7,49,69,0.765,CS
7,49,70,1,CS
7,49,71,1,CS
7,49,72,1,CS
7,49,73,0.645,CS
7,49,74,1,CS
7,49,75,1,CS
7,49,76,1,CS
7,49,77,0.68,CS
7,49,78,1,CS
7,49,79,1,CS
7,49,80,1,CS
7,49,81,0.73,CS
7,49,82,1,CS
7,49,83,1,CS
7,49,84,0.93,CS
7,49,85,0.995,CS
7,49,51,NA,MCC
7,49,52,NA,MCC
7,49,53,0.125,MCC
7,49,54,0.185,MCC
7,49,55,0.1,MCC
7,49,56,1,MCC
7,49,57,0.68,MCC
7,49,58,1,MCC
7,49,59,1,MCC
7,49,60,0.065,MCC
7,49,61,0.16,MCC
7,49,62,1,MCC
7,49,63,0.73,MCC
7,49,64,1,MCC
7,49,65,0.27,MCC
7,49,66,0.995,MCC
7,49,67,0.055,MCC
7,49,68,0.055,MCC
7,49,69,0.57,MCC
7,49,70,0.12,MCC
7,49,71,0.995,MCC
7,49,72,0.71,MCC
7,49,73,1,MCC
7,49,74,0.73,MCC
7,49,75,1,MCC
7,49,76,1,MCC
7,49,77,1,MCC
7,49,78,0.79,MCC
7,49,79,0.01,MCC
7,49,80,0.37,MCC
7,49,81,0.765,MCC
7,49,82,1,MCC
7,49,83,1,MCC
7,49,84,1,MCC
7,49,85,0.3,MCC
7,49,86,1,MCC
7,49,87,1,MCC
7,49,88,0.93,MCC
7,49,89,0.135,MCC
7,49,90,0.48,MCC
7,49,91,1,MCC
7,49,92,0.89,MCC
7,49,93,0.61,MCC
7,49,94,0.225,MCC
7,49,95,0.05,MCC
7,49,96,0.925,MCC
7,49,97,0.95,MCC
7,49,98,0.34,MCC
7,49,99,0.86,MCC
9,30,51,1,CS
9,30,52,0.695,CS
9,30,53,0.985,CS
9,30,54,1,CS
9,30,55,1,CS
9,30,56,1,CS
9,30,57,0.825,CS
9,30,58,1,CS
9,30,59,0.85,CS
9,30,60,1,CS
9,30,61,1,CS
9,30,62,1,CS
9,30,63,1,CS
9,30,64,1,CS
9,30,65,0.905,CS
9,30,66,1,CS
9,30,67,1,CS
9,30,68,1,CS
9,30,51,NA,MCC
9,30,52,0.005,MCC
9,30,53,0.005,MCC
9,30,54,0.005,MCC
9,30,55,0.005,MCC
9,30,56,0.005,MCC
9,30,57,0.085,MCC
9,30,58,1,MCC
9,30,59,0.02,MCC
9,30,60,0.085,MCC
9,30,61,0.695,MCC
9,30,62,0.985,MCC
9,30,63,1,MCC
9,30,64,0.905,MCC
9,30,65,0.04,MCC
9,30,66,0.305,MCC
9,30,67,1,MCC
9,30,68,1,MCC
9,30,69,1,MCC
9,30,70,0.005,MCC
9,30,71,0.015,MCC
9,30,72,1,MCC
9,30,73,0.825,MCC
9,30,74,1,MCC
9,30,75,0.025,MCC
9,30,76,0.13,MCC
9,30,77,0.005,MCC
9,30,78,0.005,MCC
9,30,79,0.005,MCC
9,30,80,0.01,MCC
9,30,81,0.04,MCC
9,30,82,0.31,MCC
9,30,83,1,MCC
9,30,84,0.055,MCC
9,30,85,0.36,MCC
9,30,86,0.005,MCC
9,30,87,0.055,MCC
9,30,88,0.85,MCC
9,30,89,1,MCC
9,30,90,0.01,MCC
9,30,91,0.055,MCC
9,30,92,1,MCC
9,30,93,0.005,MCC
9,30,94,0.005,MCC
9,30,95,0.07,MCC
9,30,96,0.205,MCC
9,30,97,1,MCC
9,30,98,1,MCC
9,30,99,0.035,MCC
16,13,51,1,CS
16,13,52,1,CS
16,13,53,0.655,CS
16,13,54,1,CS
16,13,55,0.945,CS
16,13,56,1,CS
16,13,57,1,CS
16,13,58,1,CS
16,13,59,1,CS
16,13,60,0.985,CS
16,13,61,1,CS
16,13,62,1,CS
16,13,63,1,CS
16,13,64,1,CS
16,13,65,1,CS
16,13,66,1,CS
13,22,51,1,CS
13,22,52,1,CS
13,22,53,1,CS
13,22,54,0.985,CS
13,22,55,1,CS
13,22,56,0.995,CS
13,22,57,0.94,CS
13,22,58,1,CS
13,22,59,1,CS
13,22,60,1,CS
13,22,61,0.655,CS
13,22,62,1,CS
13,22,63,1,CS
13,22,64,1,CS
13,22,65,0.835,CS
15,36,51,1,CS
1,45,51,1,CS
1,45,52,1,CS
1,45,53,1,CS
1,45,54,1,CS
1,45,55,1,CS
1,45,56,1,CS
1,45,57,0.67,CS
1,45,58,1,CS
1,45,59,0.68,CS
1,45,60,1,CS
1,45,61,0.915,CS
1,45,62,1,CS
1,45,63,1,CS
1,45,64,1,CS
1,45,65,1,CS
1,45,66,0.995,CS
1,45,67,1,CS
1,45,68,0.93,CS
1,45,69,1,CS
1,45,70,1,CS
1,45,71,1,CS
1,45,72,1,CS
1,45,73,1,CS
1,45,74,1,CS
1,45,75,1,CS
1,45,76,0.99,CS
1,45,77,0.505,CS
1,45,78,1,CS
1,45,79,0.945,CS
1,45,80,1,CS
1,45,81,1,CS
1,45,82,1,CS
1,45,83,1,CS
1,45,84,1,CS
1,45,85,1,CS
1,45,86,1,CS
1,45,87,1,CS
1,45,88,0.95,CS
1,45,89,1,CS
1,45,90,0.635,CS
1,45,91,0.995,CS
1,45,92,1,CS
1,45,93,1,CS
1,45,94,1,CS
1,45,95,1,CS
1,45,96,1,CS
13,22,51,NA,MCC
13,22,52,0.005,MCC
13,22,53,0.005,MCC
13,22,54,0.005,MCC
13,22,55,0.03,MCC
13,22,56,0.01,MCC
13,22,57,0.995,MCC
13,22,58,0.17,MCC
13,22,59,0.38,MCC
13,22,60,0.005,MCC
13,22,61,0.005,MCC
13,22,62,0.01,MCC
13,22,63,0.02,MCC
13,22,64,1,MCC
13,22,65,0.045,MCC
13,22,66,1,MCC
13,22,67,1,MCC
13,22,68,0.005,MCC
13,22,69,0.005,MCC
13,22,70,0.005,MCC
13,22,71,0.035,MCC
13,22,72,1,MCC
13,22,73,0.655,MCC
13,22,74,0.005,MCC
13,22,75,0.005,MCC
13,22,76,0.015,MCC
13,22,77,0.11,MCC
13,22,78,0.835,MCC
13,22,79,0.03,MCC
13,22,80,1,MCC
13,22,81,0.005,MCC
13,22,82,0.005,MCC
13,22,83,0.005,MCC
13,22,84,0.005,MCC
13,22,85,0.13,MCC
13,22,86,0.13,MCC
13,22,87,0.985,MCC
13,22,88,1,MCC
13,22,89,0.005,MCC
13,22,90,0.005,MCC
13,22,91,0.01,MCC
13,22,92,0.02,MCC
13,22,93,0.94,MCC
13,22,94,1,MCC
13,22,95,1,MCC
13,22,96,0.015,MCC
13,22,97,1,MCC
13,22,98,0.07,MCC
13,22,99,0.16,MCC
16,13,51,NA,MCC
16,13,52,0.005,MCC
16,13,53,0.005,MCC
16,13,54,0.095,MCC
16,13,55,1,MCC
16,13,56,0.075,MCC
16,13,57,1,MCC
16,13,58,0.005,MCC
16,13,59,0.005,MCC
16,13,60,0.005,MCC
16,13,61,0.005,MCC
16,13,62,0.295,MCC
16,13,63,0.005,MCC
16,13,64,0.005,MCC
16,13,65,0.005,MCC
16,13,66,0.005,MCC
16,13,67,0.005,MCC
16,13,68,0.01,MCC
16,13,69,0.125,MCC
16,13,70,1,MCC
16,13,71,1,MCC
16,13,72,0.005,MCC
16,13,73,0.005,MCC
16,13,74,0.02,MCC
16,13,75,1,MCC
16,13,76,0.655,MCC
16,13,77,1,MCC
16,13,78,0.945,MCC
16,13,79,1,MCC
16,13,80,0.985,MCC
16,13,81,0.005,MCC
16,13,82,0.06,MCC
16,13,83,1,MCC
16,13,84,1,MCC
16,13,85,0.005,MCC
16,13,86,0.005,MCC
16,13,87,0.065,MCC
16,13,88,0.005,MCC
16,13,89,0.05,MCC
16,13,90,0.305,MCC
16,13,91,0.005,MCC
16,13,92,0.015,MCC
16,13,93,0.4,MCC
16,13,94,1,MCC
16,13,95,1,MCC
16,13,96,1,MCC
16,13,97,0.435,MCC
16,13,98,0.005,MCC
16,13,99,0.055,MCC
15,36,51,NA,MCC
15,36,52,0.005,MCC
15,36,53,0.005,MCC
15,36,54,0.005,MCC
15,36,55,0.01,MCC
15,36,56,0.025,MCC
15,36,57,0.005,MCC
15,36,58,0.005,MCC
15,36,59,0.005,MCC
15,36,60,0.025,MCC
15,36,61,0.005,MCC
15,36,62,0.015,MCC
15,36,63,0.025,MCC
15,36,64,0.015,MCC
15,36,65,0.005,MCC
15,36,66,0.005,MCC
15,36,67,0.01,MCC
15,36,68,0.005,MCC
15,36,69,0.005,MCC
15,36,70,0.005,MCC
15,36,71,0.005,MCC
15,36,72,0.005,MCC
15,36,73,0.005,MCC
15,36,74,0.025,MCC
15,36,75,0.025,MCC
15,36,76,0.015,MCC
15,36,77,0.005,MCC
15,36,78,0.005,MCC
15,36,79,0.035,MCC
15,36,80,0.005,MCC
15,36,81,0.005,MCC
15,36,82,0.02,MCC
15,36,83,0.02,MCC
15,36,84,0.005,MCC
15,36,85,0.03,MCC
15,36,86,0.005,MCC
15,36,87,0.005,MCC
15,36,88,0.02,MCC
15,36,89,0.02,MCC
15,36,90,0.005,MCC
15,36,91,0.03,MCC
15,36,92,0.005,MCC
15,36,93,0.015,MCC
15,36,94,0.005,MCC
15,36,95,0.005,MCC
15,36,96,0.03,MCC
15,36,97,0.005,MCC
15,36,98,0.015,MCC
15,36,99,0.02,MCC
8,49,51,1,CS
8,49,52,0.605,CS
8,49,53,0.64,CS
8,49,54,0.995,CS
8,49,55,0.73,CS
8,49,56,1,CS
8,49,57,1,CS
8,49,58,1,CS
8,49,59,0.615,CS
8,49,60,1,CS
8,49,61,0.505,CS
8,49,62,0.81,CS
8,49,63,0.6,CS
8,49,64,1,CS
8,49,65,1,CS
8,49,66,0.54,CS
8,49,67,0.56,CS
8,49,68,0.535,CS
8,49,69,1,CS
8,49,70,1,CS
8,49,71,0.975,CS
8,49,72,1,CS
8,49,73,0.955,CS
8,49,74,0.795,CS
8,49,75,1,CS
8,49,76,0.975,CS
8,49,77,1,CS
8,49,78,0.84,CS
8,49,79,0.56,CS
8,49,80,0.725,CS
8,49,51,NA,MCC
8,49,52,0.265,MCC
8,49,53,0.115,MCC
8,49,54,0.465,MCC
8,49,55,1,MCC
8,49,56,0.975,MCC
8,49,57,0.955,MCC
8,49,58,1,MCC
8,49,59,0.06,MCC
8,49,60,0.09,MCC
8,49,61,0.16,MCC
8,49,62,0.725,MCC
8,49,63,0.055,MCC
8,49,64,0.795,MCC
8,49,65,1,MCC
8,49,66,0.27,MCC
8,49,67,0.23,MCC
8,49,68,0.045,MCC
8,49,69,0.19,MCC
8,49,70,0.065,MCC
8,49,71,0.26,MCC
8,49,72,0.975,MCC
8,49,73,1,MCC
8,49,74,0.81,MCC
8,49,75,0.6,MCC
8,49,76,1,MCC
8,49,77,1,MCC
8,49,78,0.02,MCC
8,49,79,0.605,MCC
8,49,80,0.64,MCC
8,49,81,0.995,MCC
8,49,82,0.73,MCC
8,49,83,1,MCC
8,49,84,1,MCC
8,49,85,1,MCC
8,49,86,0.615,MCC
8,49,87,1,MCC
8,49,88,0.035,MCC
8,49,89,0.22,MCC
8,49,90,0.01,MCC
8,49,91,0.18,MCC
8,49,92,0.56,MCC
8,49,93,0.84,MCC
8,49,94,0.3,MCC
8,49,95,0.54,MCC
8,49,96,0.125,MCC
8,49,97,0.42,MCC
8,49,98,0.535,MCC
8,49,99,1,MCC
1,45,51,NA,MCC
1,45,52,0.95,MCC
1,45,53,1,MCC
1,45,54,1,MCC
1,45,55,1,MCC
1,45,56,0.635,MCC
1,45,57,0.995,MCC
1,45,58,0.36,MCC
1,45,59,1,MCC
1,45,60,1,MCC
1,45,61,1,MCC
1,45,62,1,MCC
1,45,63,1,MCC
1,45,64,1,MCC
1,45,65,0.495,MCC
1,45,66,0.345,MCC
1,45,67,1,MCC
1,45,68,1,MCC
1,45,69,1,MCC
1,45,70,1,MCC
1,45,71,1,MCC
1,45,72,1,MCC
1,45,73,1,MCC
1,45,74,1,MCC
1,45,75,1,MCC
1,45,76,1,MCC
1,45,77,1,MCC
1,45,78,1,MCC
1,45,79,0.93,MCC
1,45,80,1,MCC
1,45,81,1,MCC
1,45,82,1,MCC
1,45,83,1,MCC
1,45,84,0.67,MCC
1,45,85,1,MCC
1,45,86,0.68,MCC
1,45,87,1,MCC
1,45,88,0.915,MCC
1,45,89,1,MCC
1,45,90,1,MCC
1,45,91,1,MCC
1,45,92,1,MCC
1,45,93,0.995,MCC
1,45,94,1,MCC
1,45,95,0.99,MCC
1,45,96,0.505,MCC
1,45,97,1,MCC
1,45,98,1,MCC
1,45,99,0.945,MCC
1,31,51,1,CS
1,31,52,0.555,CS
1,31,53,0.91,CS
1,31,54,0.875,CS
1,31,55,1,CS
1,31,56,1,CS
1,31,57,0.99,CS
1,31,58,1,CS
1,31,59,1,CS
1,31,60,1,CS
1,31,61,1,CS
1,31,62,1,CS
1,31,63,1,CS
1,31,64,1,CS
1,31,65,1,CS
1,31,66,1,CS
1,31,67,0.995,CS
1,31,68,0.805,CS
1,31,69,1,CS
1,31,70,1,CS
1,31,71,1,CS
1,31,72,1,CS
1,31,73,1,CS
1,31,74,1,CS
1,31,75,1,CS
1,31,76,1,CS
1,31,77,0.705,CS
1,31,78,1,CS
1,31,79,1,CS
1,31,80,1,CS
1,31,81,0.63,CS
1,31,82,1,CS
1,31,83,1,CS
1,31,84,1,CS
1,31,85,1,CS
1,31,86,1,CS
1,31,87,1,CS
1,31,88,1,CS
1,31,89,0.775,CS
1,31,90,1,CS
1,31,91,0.51,CS
1,31,92,1,CS
1,31,93,1,CS
1,31,94,0.995,CS
1,31,95,1,CS
1,31,51,NA,MCC
1,31,52,0.555,MCC
1,31,53,0.48,MCC
1,31,54,1,MCC
1,31,55,0.63,MCC
1,31,56,1,MCC
1,31,57,1,MCC
1,31,58,1,MCC
1,31,59,1,MCC
1,31,60,1,MCC
1,31,61,1,MCC
1,31,62,1,MCC
1,31,63,0.775,MCC
1,31,64,1,MCC
1,31,65,0.51,MCC
1,31,66,0.36,MCC
1,31,67,1,MCC
1,31,68,0.91,MCC
1,31,69,0.34,MCC
1,31,70,0.995,MCC
1,31,71,0.805,MCC
1,31,72,1,MCC
1,31,73,1,MCC
1,31,74,1,MCC
1,31,75,1,MCC
1,31,76,1,MCC
1,31,77,1,MCC
1,31,78,1,MCC
1,31,79,1,MCC
1,31,80,0.705,MCC
1,31,81,1,MCC
1,31,82,1,MCC
1,31,83,0.875,MCC
1,31,84,1,MCC
1,31,85,1,MCC
1,31,86,1,MCC
1,31,87,0.99,MCC
1,31,88,0.4,MCC
1,31,89,1,MCC
1,31,90,1,MCC
1,31,91,1,MCC
1,31,92,1,MCC
1,31,93,1,MCC
1,31,94,1,MCC
1,31,95,1,MCC
1,31,96,1,MCC
1,31,97,1,MCC
1,31,98,0.995,MCC
1,31,99,1,MCC
9,8,51,1,CS
9,8,52,0.905,CS
9,8,53,0.96,CS
9,8,54,1,CS
9,8,55,1,CS
9,8,56,1,CS
9,8,57,1,CS
9,8,58,1,CS
9,8,59,0.93,CS
9,8,60,1,CS
9,8,61,1,CS
9,8,62,1,CS
9,8,63,1,CS
9,8,64,0.65,CS
9,8,65,1,CS
9,8,66,1,CS
9,8,67,1,CS
9,8,68,1,CS
9,8,69,0.905,CS
9,8,51,NA,MCC
9,8,52,0.005,MCC
9,8,53,0.01,MCC
9,8,54,0.03,MCC
9,8,55,0.005,MCC
9,8,56,0.005,MCC
9,8,57,0.005,MCC
9,8,58,0.015,MCC
9,8,59,0.395,MCC
9,8,60,0.01,MCC
9,8,61,0.225,MCC
9,8,62,1,MCC
9,8,63,1,MCC
9,8,64,0.035,MCC
9,8,65,0.03,MCC
9,8,66,0.08,MCC
9,8,67,0.39,MCC
9,8,68,0.215,MCC
9,8,69,0.905,MCC
9,8,70,0.13,MCC
9,8,71,0.125,MCC
9,8,72,0.16,MCC
9,8,73,1,MCC
9,8,74,1,MCC
9,8,75,0.93,MCC
9,8,76,0.315,MCC
9,8,77,1,MCC
9,8,78,0.01,MCC
9,8,79,1,MCC
9,8,80,1,MCC
9,8,81,0.005,MCC
9,8,82,0.005,MCC
9,8,83,0.005,MCC
9,8,84,0.08,MCC
9,8,85,0.005,MCC
9,8,86,0.055,MCC
9,8,87,1,MCC
9,8,88,0.65,MCC
9,8,89,1,MCC
9,8,90,0.075,MCC
9,8,91,0.905,MCC
9,8,92,0.96,MCC
9,8,93,1,MCC
9,8,94,1,MCC
9,8,95,1,MCC
9,8,96,0.015,MCC
9,8,97,0.055,MCC
9,8,98,1,MCC
9,8,99,0.385,MCC
3,40,51,1,CS
3,40,52,1,CS
3,40,53,1,CS
3,40,54,1,CS
3,40,55,0.565,CS
3,40,56,0.63,CS
3,40,57,0.99,CS
3,40,58,1,CS
3,40,59,1,CS
3,40,60,0.85,CS
3,40,61,1,CS
3,40,62,1,CS
3,40,63,1,CS
3,40,64,1,CS
3,40,65,0.565,CS
3,40,66,0.995,CS
3,40,67,1,CS
3,40,68,1,CS
3,40,69,1,CS
3,40,70,1,CS
3,40,71,1,CS
3,40,72,0.93,CS
3,40,73,1,CS
3,40,74,1,CS
3,40,75,0.625,CS
3,40,76,1,CS
3,40,77,1,CS
3,40,78,1,CS
3,40,79,0.83,CS
3,40,80,1,CS
3,40,81,0.98,CS
3,40,82,0.845,CS
3,40,83,1,CS
3,40,84,0.765,CS
3,40,85,1,CS
3,40,86,0.99,CS
3,40,87,1,CS
3,40,88,1,CS
3,40,89,0.71,CS
3,40,90,1,CS
13,18,51,1,CS
13,18,52,1,CS
13,18,53,0.755,CS
13,18,54,1,CS
13,18,55,1,CS
13,18,56,0.875,CS
13,18,57,1,CS
13,18,58,1,CS
13,18,59,0.965,CS
13,18,60,0.985,CS
13,18,61,1,CS
13,18,62,1,CS
13,18,63,1,CS
13,18,64,1,CS
13,18,65,1,CS
3,40,51,NA,MCC
3,40,52,0.295,MCC
3,40,53,0.98,MCC
3,40,54,0.845,MCC
3,40,55,1,MCC
3,40,56,1,MCC
3,40,57,0.765,MCC
3,40,58,0.99,MCC
3,40,59,1,MCC
3,40,60,1,MCC
3,40,61,0.25,MCC
3,40,62,0.39,MCC
3,40,63,0.315,MCC
3,40,64,0.475,MCC
3,40,65,0.83,MCC
3,40,66,1,MCC
3,40,67,1,MCC
3,40,68,1,MCC
3,40,69,0.165,MCC
3,40,70,0.12,MCC
3,40,71,0.19,MCC
3,40,72,0.565,MCC
3,40,73,1,MCC
3,40,74,0.93,MCC
3,40,75,0.625,MCC
3,40,76,1,MCC
3,40,77,1,MCC
3,40,78,0.995,MCC
3,40,79,1,MCC
3,40,80,1,MCC
3,40,81,1,MCC
3,40,82,1,MCC
3,40,83,0.16,MCC
3,40,84,1,MCC
3,40,85,1,MCC
3,40,86,1,MCC
3,40,87,1,MCC
3,40,88,1,MCC
3,40,89,0.565,MCC
3,40,90,0.63,MCC
3,40,91,0.99,MCC
3,40,92,0.85,MCC
3,40,93,1,MCC
3,40,94,1,MCC
3,40,95,1,MCC
3,40,96,1,MCC
3,40,97,1,MCC
3,40,98,0.71,MCC
3,40,99,1,MCC
13,18,51,NA,MCC
13,18,52,0.005,MCC
13,18,53,0.005,MCC
13,18,54,0.005,MCC
13,18,55,0.01,MCC
13,18,56,0.3,MCC
13,18,57,1,MCC
13,18,58,0.03,MCC
13,18,59,1,MCC
13,18,60,0.755,MCC
13,18,61,0.005,MCC
13,18,62,0.005,MCC
13,18,63,0.005,MCC
13,18,64,0.115,MCC
13,18,65,1,MCC
13,18,66,0.005,MCC
13,18,67,0.005,MCC
13,18,68,0.145,MCC
13,18,69,0.875,MCC
13,18,70,1,MCC
13,18,71,0.005,MCC
13,18,72,0.005,MCC
13,18,73,0.005,MCC
13,18,74,0.025,MCC
13,18,75,0.46,MCC
13,18,76,0.035,MCC
13,18,77,0.09,MCC
13,18,78,1,MCC
13,18,79,0.005,MCC
13,18,80,0.035,MCC
13,18,81,0.005,MCC
13,18,82,0.03,MCC
13,18,83,1,MCC
13,18,84,1,MCC
13,18,85,1,MCC
13,18,86,0.005,MCC
13,18,87,0.005,MCC
13,18,88,0.005,MCC
13,18,89,0.005,MCC
13,18,90,0.005,MCC
13,18,91,0.005,MCC
13,18,92,0.985,MCC
13,18,93,0.04,MCC
13,18,94,0.965,MCC
13,18,95,0.015,MCC
13,18,96,1,MCC
13,18,97,0.005,MCC
13,18,98,0.02,MCC
13,18,99,1,MCC
14,22,51,1,CS
14,22,52,1,CS
14,22,53,1,CS
14,22,54,1,CS
14,22,55,1,CS
14,22,56,0.72,CS
14,22,57,1,CS
14,22,58,1,CS
14,22,59,0.745,CS
14,22,60,1,CS
14,22,61,1,CS
14,22,62,1,CS
16,36,51,1,CS
14,22,51,NA,MCC
14,22,52,0.005,MCC
14,22,53,0.005,MCC
14,22,54,0.005,MCC
14,22,55,0.01,MCC
14,22,56,0.38,MCC
14,22,57,0.745,MCC
14,22,58,0.72,MCC
14,22,59,0.005,MCC
14,22,60,0.005,MCC
14,22,61,0.045,MCC
14,22,62,0.005,MCC
14,22,63,0.005,MCC
14,22,64,0.36,MCC
14,22,65,1,MCC
14,22,66,0.02,MCC
14,22,67,0.005,MCC
14,22,68,0.035,MCC
14,22,69,1,MCC
14,22,70,0.005,MCC
14,22,71,0.005,MCC
14,22,72,0.02,MCC
14,22,73,0.345,MCC
14,22,74,1,MCC
14,22,75,0.025,MCC
14,22,76,0.005,MCC
14,22,77,0.01,MCC
14,22,78,1,MCC
14,22,79,0.115,MCC
14,22,80,1,MCC
14,22,81,0.005,MCC
14,22,82,0.005,MCC
14,22,83,0.005,MCC
14,22,84,0.035,MCC
14,22,85,0.01,MCC
14,22,86,0.04,MCC
14,22,87,0.015,MCC
14,22,88,0.165,MCC
14,22,89,1,MCC
14,22,90,1,MCC
14,22,91,0.005,MCC
14,22,92,0.035,MCC
14,22,93,0.065,MCC
14,22,94,0.005,MCC
14,22,95,0.005,MCC
14,22,96,0.04,MCC
14,22,97,0.035,MCC
14,22,98,1,MCC
14,22,99,1,MCC
16,36,51,NA,MCC
16,36,52,0.005,MCC
16,36,53,0.005,MCC
16,36,54,0.005,MCC
16,36,55,0.005,MCC
16,36,56,0.005,MCC
16,36,57,0.005,MCC
16,36,58,0.02,MCC
16,36,59,0.025,MCC
16,36,60,0.215,MCC
16,36,61,0.005,MCC
16,36,62,0.005,MCC
16,36,63,0.005,MCC
16,36,64,0.005,MCC
16,36,65,0.005,MCC
16,36,66,0.005,MCC
16,36,67,0.005,MCC
16,36,68,0.035,MCC
16,36,69,0.025,MCC
16,36,70,0.005,MCC
16,36,71,0.005,MCC
16,36,72,0.035,MCC
16,36,73,0.03,MCC
16,36,74,0.03,MCC
16,36,75,0.005,MCC
16,36,76,0.03,MCC
16,36,77,0.015,MCC
16,36,78,0.005,MCC
16,36,79,0.005,MCC
16,36,80,0.025,MCC
16,36,81,0.005,MCC
16,36,82,0.005,MCC
16,36,83,0.005,MCC
16,36,84,0.005,MCC
16,36,85,0.025,MCC
16,36,86,0.005,MCC
16,36,87,0.005,MCC
16,36,88,0.03,MCC
16,36,89,0.015,MCC
16,36,90,0.005,MCC
16,36,91,0.01,MCC
16,36,92,0.005,MCC
16,36,93,0.01,MCC
16,36,94,0.02,MCC
16,36,95,0.005,MCC
16,36,96,0.01,MCC
16,36,97,0.015,MCC
16,36,98,0.005,MCC
16,36,99,0.015,MCC
16,27,51,1,CS
16,27,52,0.91,CS
16,27,53,0.505,CS
16,27,54,0.69,CS
16,27,55,0.995,CS
16,27,56,0.905,CS
16,27,57,1,CS
16,27,58,0.935,CS
16,27,59,0.96,CS
16,27,60,0.69,CS
16,27,61,1,CS
10,45,51,1,CS
10,45,52,0.53,CS
10,45,53,1,CS
10,45,54,1,CS
10,45,55,0.605,CS
10,45,56,0.785,CS
10,45,57,0.85,CS
10,45,58,0.935,CS
10,45,59,1,CS
10,45,60,1,CS
10,45,61,1,CS
10,45,62,0.775,CS
10,45,63,1,CS
10,45,64,1,CS
10,45,65,1,CS
10,45,66,1,CS
10,45,67,1,CS
10,45,68,1,CS
10,45,69,0.95,CS
10,45,70,0.575,CS
10,45,51,NA,MCC
10,45,52,0.005,MCC
10,45,53,0.005,MCC
10,45,54,0.005,MCC
10,45,55,0.225,MCC
10,45,56,0.16,MCC
10,45,57,1,MCC
10,45,58,0.005,MCC
10,45,59,0.02,MCC
10,45,60,0.785,MCC
10,45,61,0.85,MCC
10,45,62,0.935,MCC
10,45,63,0.005,MCC
10,45,64,0.005,MCC
10,45,65,0.005,MCC
10,45,66,0.015,MCC
10,45,67,1,MCC
10,45,68,0.265,MCC
10,45,69,0.005,MCC
10,45,70,0.035,MCC
10,45,71,0.95,MCC
10,45,72,0.53,MCC
10,45,73,1,MCC
10,45,74,0.605,MCC
10,45,75,1,MCC
10,45,76,0.01,MCC
10,45,77,0.055,MCC
10,45,78,1,MCC
10,45,79,1,MCC
10,45,80,0.03,MCC
10,45,81,0.225,MCC
10,45,82,1,MCC
10,45,83,0.005,MCC
10,45,84,0.005,MCC
10,45,85,0.01,MCC
10,45,86,0.005,MCC
10,45,87,0.005,MCC
10,45,88,0.015,MCC
10,45,89,1,MCC
10,45,90,0.775,MCC
10,45,91,0.015,MCC
10,45,92,0.105,MCC
10,45,93,1,MCC
10,45,94,0.575,MCC
10,45,95,0.005,MCC
10,45,96,0.02,MCC
10,45,97,1,MCC
10,45,98,1,MCC
10,45,99,0.05,MCC
16,27,51,NA,MCC
16,27,52,0.005,MCC
16,27,53,0.02,MCC
16,27,54,1,MCC
16,27,55,0.005,MCC
16,27,56,0.005,MCC
16,27,57,0.005,MCC
16,27,58,0.96,MCC
16,27,59,0.19,MCC
16,27,60,0.005,MCC
16,27,61,0.005,MCC
16,27,62,0.11,MCC
16,27,63,0.005,MCC
16,27,64,0.005,MCC
16,27,65,0.005,MCC
16,27,66,0.005,MCC
16,27,67,0.005,MCC
16,27,68,0.01,MCC
16,27,69,0.005,MCC
16,27,70,0.005,MCC
16,27,71,0.015,MCC
16,27,72,0.91,MCC
16,27,73,0.505,MCC
16,27,74,0.69,MCC
16,27,75,0.045,MCC
16,27,76,0.995,MCC
16,27,77,0.905,MCC
16,27,78,1,MCC
16,27,79,0.005,MCC
16,27,80,0.07,MCC
16,27,81,0.265,MCC
16,27,82,0.14,MCC
16,27,83,0.485,MCC
16,27,84,0.935,MCC
16,27,85,0.43,MCC
16,27,86,0.005,MCC
16,27,87,0.005,MCC
16,27,88,0.015,MCC
16,27,89,0.025,MCC
16,27,90,0.005,MCC
16,27,91,0.005,MCC
16,27,92,0.005,MCC
16,27,93,0.055,MCC
16,27,94,0.02,MCC
16,27,95,0.69,MCC
16,27,96,0.005,MCC
16,27,97,0.02,MCC
16,27,98,0.005,MCC
16,27,99,0.055,MCC
10,31,51,1,CS
10,31,52,0.63,CS
10,31,53,1,CS
10,31,54,1,CS
10,31,55,1,CS
10,31,56,1,CS
10,31,57,1,CS
10,31,58,0.955,CS
10,31,59,1,CS
10,31,60,1,CS
10,31,61,1,CS
10,31,62,0.905,CS
10,31,63,1,CS
10,31,64,1,CS
10,31,65,0.795,CS
10,31,66,1,CS
10,31,51,NA,MCC
10,31,52,0.005,MCC
10,31,53,0.005,MCC
10,31,54,0.055,MCC
10,31,55,0.795,MCC
10,31,56,0.005,MCC
10,31,57,0.005,MCC
10,31,58,0.005,MCC
10,31,59,0.02,MCC
10,31,60,0.395,MCC
10,31,61,0.09,MCC
10,31,62,0.63,MCC
10,31,63,1,MCC
10,31,64,1,MCC
10,31,65,0.015,MCC
10,31,66,0.005,MCC
10,31,67,0.005,MCC
10,31,68,0.005,MCC
10,31,69,0.01,MCC
10,31,70,0.08,MCC
10,31,71,1,MCC
10,31,72,1,MCC
10,31,73,1,MCC
10,31,74,0.005,MCC
10,31,75,0.005,MCC
10,31,76,0.005,MCC
10,31,77,0.045,MCC
10,31,78,0.12,MCC
10,31,79,0.095,MCC
10,31,80,1,MCC
10,31,81,0.445,MCC
10,31,82,1,MCC
10,31,83,1,MCC
10,31,84,1,MCC
10,31,85,0.955,MCC
10,31,86,0.005,MCC
10,31,87,0.12,MCC
10,31,88,0.045,MCC
10,31,89,1,MCC
10,31,90,0.005,MCC
10,31,91,0.005,MCC
10,31,92,0.005,MCC
10,31,93,0.015,MCC
10,31,94,0.46,MCC
10,31,95,0.005,MCC
10,31,96,0.045,MCC
10,31,97,1,MCC
10,31,98,0.05,MCC
10,31,99,0.905,MCC
17,36,51,1,CS
15,22,51,1,CS
15,22,52,1,CS
15,22,53,1,CS
15,22,54,0.66,CS
15,22,55,1,CS
15,22,56,0.725,CS
15,22,57,0.995,CS
15,22,58,1,CS
15,22,59,0.975,CS
15,22,60,1,CS
15,22,61,1,CS
15,22,62,1,CS
15,22,63,1,CS
15,22,51,NA,MCC
15,22,52,0.005,MCC
15,22,53,0.005,MCC
15,22,54,0.025,MCC
15,22,55,0.005,MCC
15,22,56,0.005,MCC
15,22,57,0.005,MCC
15,22,58,0.01,MCC
15,22,59,0.13,MCC
15,22,60,1,MCC
15,22,61,0.015,MCC
15,22,62,0.01,MCC
15,22,63,0.02,MCC
15,22,64,0.005,MCC
15,22,65,0.005,MCC
15,22,66,0.005,MCC
15,22,67,0.66,MCC
15,22,68,1,MCC
15,22,69,0.005,MCC
15,22,70,0.005,MCC
15,22,71,0.005,MCC
15,22,72,0.005,MCC
15,22,73,0.005,MCC
15,22,74,0.005,MCC
15,22,75,0.005,MCC
15,22,76,0.045,MCC
15,22,77,0.725,MCC
15,22,78,0.995,MCC
15,22,79,0.435,MCC
15,22,80,1,MCC
15,22,81,0.005,MCC
15,22,82,0.005,MCC
15,22,83,0.04,MCC
15,22,84,1,MCC
15,22,85,0.01,MCC
15,22,86,1,MCC
15,22,87,0.035,MCC
15,22,88,0.065,MCC
15,22,89,0.005,MCC
15,22,90,0.01,MCC
15,22,91,0.26,MCC
15,22,92,1,MCC
15,22,93,1,MCC
15,22,94,0.975,MCC
15,22,95,0.02,MCC
15,22,96,0.5,MCC
15,22,97,0.005,MCC
15,22,98,0.05,MCC
15,22,99,1,MCC
17,36,51,NA,MCC
17,36,52,0.005,MCC
17,36,53,0.005,MCC
17,36,54,0.005,MCC
17,36,55,0.005,MCC
17,36,56,0.04,MCC
17,36,57,0.03,MCC
17,36,58,0.005,MCC
17,36,59,0.025,MCC
17,36,60,0.015,MCC
17,36,61,0.005,MCC
17,36,62,0.005,MCC
17,36,63,0.005,MCC
17,36,64,0.005,MCC
17,36,65,0.005,MCC
17,36,66,0.02,MCC
17,36,67,0.015,MCC
17,36,68,0.005,MCC
17,36,69,0.015,MCC
17,36,70,0.005,MCC
17,36,71,0.02,MCC
17,36,72,0.03,MCC
17,36,73,0.005,MCC
17,36,74,0.005,MCC
17,36,75,0.005,MCC
17,36,76,0.005,MCC
17,36,77,0.005,MCC
17,36,78,0.01,MCC
17,36,79,0.015,MCC
17,36,80,0.015,MCC
17,36,81,0.005,MCC
17,36,82,0.005,MCC
17,36,83,0.015,MCC
17,36,84,0.03,MCC
17,36,85,0.005,MCC
17,36,86,0.02,MCC
17,36,87,0.04,MCC
17,36,88,0.005,MCC
17,36,89,0.005,MCC
17,36,90,0.005,MCC
17,36,91,0.005,MCC
17,36,92,0.005,MCC
17,36,93,0.01,MCC
17,36,94,0.02,MCC
17,36,95,0.005,MCC
17,36,96,0.005,MCC
17,36,97,0.035,MCC
17,36,98,0.005,MCC
17,36,99,0.03,MCC
11,45,51,1,CS
11,45,52,1,CS
11,45,53,0.68,CS
11,45,54,1,CS
11,45,55,0.75,CS
11,45,56,1,CS
11,45,57,1,CS
11,45,58,0.845,CS
11,45,59,0.895,CS
11,45,60,0.75,CS
11,45,61,1,CS
11,45,62,1,CS
11,45,63,1,CS
11,45,64,1,CS
11,45,65,1,CS
11,45,66,1,CS
11,45,67,0.905,CS
11,45,51,NA,MCC
11,45,52,0.005,MCC
11,45,53,0.005,MCC
11,45,54,0.005,MCC
11,45,55,0.01,MCC
11,45,56,0.02,MCC
11,45,57,1,MCC
11,45,58,0.68,MCC
11,45,59,1,MCC
11,45,60,1,MCC
11,45,61,0.025,MCC
11,45,62,0.205,MCC
11,45,63,0.005,MCC
11,45,64,0.005,MCC
11,45,65,0.005,MCC
11,45,66,0.035,MCC
11,45,67,0.905,MCC
11,45,68,0.005,MCC
11,45,69,0.04,MCC
11,45,70,0.245,MCC
11,45,71,1,MCC
11,45,72,0.045,MCC
11,45,73,0.895,MCC
11,45,74,0.75,MCC
11,45,75,0.005,MCC
11,45,76,0.02,MCC
11,45,77,0.055,MCC
11,45,78,0.75,MCC
11,45,79,1,MCC
11,45,80,0.005,MCC
11,45,81,0.005,MCC
11,45,82,0.03,MCC
11,45,83,1,MCC
11,45,84,0.845,MCC
11,45,85,0.005,MCC
11,45,86,0.04,MCC
11,45,87,0.02,MCC
11,45,88,0.035,MCC
11,45,89,1,MCC
11,45,90,0.005,MCC
11,45,91,0.005,MCC
11,45,92,0.015,MCC
11,45,93,1,MCC
11,45,94,0.005,MCC
11,45,95,0.015,MCC
11,45,96,0.17,MCC
11,45,97,0.055,MCC
11,45,98,1,MCC
11,45,99,1,MCC
9,49,51,1,CS
9,49,52,0.575,CS
9,49,53,1,CS
9,49,54,1,CS
9,49,55,0.76,CS
9,49,56,1,CS
9,49,57,1,CS
9,49,58,0.88,CS
9,49,59,0.66,CS
9,49,60,1,CS
9,49,61,0.53,CS
9,49,62,0.98,CS
9,49,63,0.545,CS
9,49,64,1,CS
9,49,65,1,CS
9,49,66,1,CS
9,49,67,1,CS
9,49,68,0.68,CS
9,49,69,0.735,CS
9,49,70,0.895,CS
9,49,71,1,CS
9,49,72,0.985,CS
9,49,73,0.775,CS
9,49,74,0.85,CS
9,49,75,0.765,CS
1,9,51,1,CS
1,9,52,0.895,CS
1,9,53,0.94,CS
1,9,54,0.955,CS
1,9,55,0.86,CS
1,9,56,0.71,CS
1,9,57,1,CS
1,9,58,1,CS
1,9,59,1,CS
1,9,60,1,CS
1,9,61,1,CS
1,9,62,0.995,CS
1,9,63,1,CS
1,9,64,1,CS
1,9,65,1,CS
1,9,66,1,CS
1,9,67,1,CS
1,9,68,1,CS
1,9,69,1,CS
1,9,70,1,CS
1,9,71,0.995,CS
1,9,72,1,CS
1,9,73,0.615,CS
1,9,74,1,CS
1,9,75,1,CS
1,9,76,1,CS
1,9,77,1,CS
1,9,78,1,CS
1,9,79,1,CS
1,9,80,1,CS
1,9,81,1,CS
1,9,82,1,CS
1,9,83,1,CS
1,9,84,1,CS
1,9,85,0.92,CS
1,9,86,0.86,CS
1,9,87,1,CS
1,9,88,1,CS
1,9,89,1,CS
1,9,90,1,CS
1,9,91,1,CS
1,9,92,1,CS
1,9,93,1,CS
1,9,94,1,CS
11,31,51,1,CS
11,31,52,0.995,CS
11,31,53,1,CS
11,31,54,1,CS
11,31,55,1,CS
11,31,56,1,CS
11,31,57,1,CS
11,31,58,0.805,CS
11,31,59,1,CS
11,31,60,0.935,CS
11,31,61,1,CS
11,31,62,1,CS
11,31,63,1,CS
11,31,64,1,CS
11,31,65,1,CS
1,9,51,NA,MCC
1,9,52,0.26,MCC
1,9,53,0.37,MCC
1,9,54,1,MCC
1,9,55,0.92,MCC
1,9,56,0.86,MCC
1,9,57,1,MCC
1,9,58,1,MCC
1,9,59,1,MCC
1,9,60,0.895,MCC
1,9,61,1,MCC
1,9,62,0.94,MCC
1,9,63,0.475,MCC
1,9,64,1,MCC
1,9,65,1,MCC
1,9,66,0.955,MCC
1,9,67,1,MCC
1,9,68,1,MCC
1,9,69,0.86,MCC
1,9,70,0.325,MCC
1,9,71,1,MCC
1,9,72,1,MCC
1,9,73,0.995,MCC
1,9,74,0.71,MCC
1,9,75,1,MCC
1,9,76,1,MCC
1,9,77,1,MCC
1,9,78,1,MCC
1,9,79,0.38,MCC
1,9,80,1,MCC
1,9,81,1,MCC
1,9,82,1,MCC
1,9,83,1,MCC
1,9,84,1,MCC
1,9,85,1,MCC
1,9,86,1,MCC
1,9,87,1,MCC
1,9,88,1,MCC
1,9,89,1,MCC
1,9,90,1,MCC
1,9,91,1,MCC
1,9,92,0.995,MCC
1,9,93,1,MCC
1,9,94,0.615,MCC
1,9,95,1,MCC
1,9,96,1,MCC
1,9,97,1,MCC
1,9,98,1,MCC
1,9,99,1,MCC
11,31,51,NA,MCC
11,31,52,0.005,MCC
11,31,53,0.005,MCC
11,31,54,0.005,MCC
11,31,55,0.06,MCC
11,31,56,1,MCC
11,31,57,0.005,MCC
11,31,58,0.155,MCC
11,31,59,0.005,MCC
11,31,60,0.005,MCC
11,31,61,0.01,MCC
11,31,62,0.025,MCC
11,31,63,1,MCC
11,31,64,0.275,MCC
11,31,65,0.005,MCC
11,31,66,0.005,MCC
11,31,67,0.005,MCC
11,31,68,0.005,MCC
11,31,69,0.995,MCC
11,31,70,1,MCC
11,31,71,1,MCC
11,31,72,0.01,MCC
11,31,73,0.06,MCC
11,31,74,1,MCC
11,31,75,0.005,MCC
11,31,76,1,MCC
11,31,77,0.16,MCC
11,31,78,0.005,MCC
11,31,79,0.01,MCC
11,31,80,0.01,MCC
11,31,81,0.935,MCC
11,31,82,0.005,MCC
11,31,83,0.005,MCC
11,31,84,0.01,MCC
11,31,85,1,MCC
11,31,86,0.805,MCC
11,31,87,0.005,MCC
11,31,88,0.015,MCC
11,31,89,0.29,MCC
11,31,90,0.04,MCC
11,31,91,0.005,MCC
11,31,92,0.01,MCC
11,31,93,0.12,MCC
11,31,94,1,MCC
11,31,95,1,MCC
11,31,96,1,MCC
11,31,97,0.09,MCC
11,31,98,1,MCC
11,31,99,0.045,MCC
9,49,51,NA,MCC
9,49,52,0.01,MCC
9,49,53,0.01,MCC
9,49,54,0.005,MCC
9,49,55,0.005,MCC
9,49,56,0.005,MCC
9,49,57,0.01,MCC
9,49,58,0.02,MCC
9,49,59,0.145,MCC
9,49,60,0.345,MCC
9,49,61,0.85,MCC
9,49,62,0.985,MCC
9,49,63,0.775,MCC
9,49,64,0.005,MCC
9,49,65,0.095,MCC
9,49,66,1,MCC
9,49,67,0.105,MCC
9,49,68,1,MCC
9,49,69,0.66,MCC
9,49,70,0.735,MCC
9,49,71,0.895,MCC
9,49,72,1,MCC
9,49,73,0.005,MCC
9,49,74,0.005,MCC
9,49,75,0.02,MCC
9,49,76,0.53,MCC
9,49,77,0.98,MCC
9,49,78,0.23,MCC
9,49,79,1,MCC
9,49,80,0.04,MCC
9,49,81,0.08,MCC
9,49,82,0.575,MCC
9,49,83,0.13,MCC
9,49,84,0.425,MCC
9,49,85,0.46,MCC
9,49,86,1,MCC
9,49,87,1,MCC
9,49,88,0.76,MCC
9,49,89,1,MCC
9,49,90,0.765,MCC
9,49,91,0.435,MCC
9,49,92,0.01,MCC
9,49,93,0.045,MCC
9,49,94,0.035,MCC
9,49,95,0.17,MCC
9,49,96,1,MCC
9,49,97,0.68,MCC
9,49,98,1,MCC
9,49,99,1,MCC
17,13,51,1,CS
17,13,52,1,CS
17,13,53,1,CS
17,13,54,0.87,CS
17,13,55,0.87,CS
17,13,56,1,CS
17,13,57,0.74,CS
17,13,58,0.735,CS
17,13,59,0.715,CS
17,13,60,1,CS
17,13,61,1,CS
17,13,62,1,CS
17,13,63,1,CS
17,13,64,0.885,CS
17,13,65,0.575,CS
17,13,66,1,CS
17,13,67,1,CS
17,13,68,1,CS
16,22,51,1,CS
16,22,52,0.83,CS
16,22,53,1,CS
16,22,54,1,CS
16,22,55,1,CS
16,22,56,1,CS
16,22,57,1,CS
16,22,58,1,CS
16,22,59,1,CS
16,22,60,0.95,CS
16,22,61,1,CS
17,13,51,NA,MCC
17,13,52,0.005,MCC
17,13,53,0.005,MCC
17,13,54,0.005,MCC
17,13,55,0.035,MCC
17,13,56,0.24,MCC
17,13,57,1,MCC
17,13,58,0.005,MCC
17,13,59,0.02,MCC
17,13,60,0.06,MCC
17,13,61,0.005,MCC
17,13,62,0.005,MCC
17,13,63,0.08,MCC
17,13,64,1,MCC
17,13,65,0.02,MCC
17,13,66,0.005,MCC
17,13,67,0.005,MCC
17,13,68,0.005,MCC
17,13,69,0.005,MCC
17,13,70,0.005,MCC
17,13,71,0.145,MCC
17,13,72,0.735,MCC
17,13,73,0.715,MCC
17,13,74,0.125,MCC
17,13,75,0.885,MCC
17,13,76,0.315,MCC
17,13,77,0.02,MCC
17,13,78,0.115,MCC
17,13,79,0.87,MCC
17,13,80,1,MCC
17,13,81,0.74,MCC
17,13,82,0.085,MCC
17,13,83,1,MCC
17,13,84,0.46,MCC
17,13,85,0.87,MCC
17,13,86,1,MCC
17,13,87,0.005,MCC
17,13,88,0.005,MCC
17,13,89,0.005,MCC
17,13,90,0.055,MCC
17,13,91,1,MCC
17,13,92,1,MCC
17,13,93,0.005,MCC
17,13,94,0.005,MCC
17,13,95,0.04,MCC
17,13,96,0.055,MCC
17,13,97,1,MCC
17,13,98,1,MCC
17,13,99,1,MCC
16,22,51,NA,MCC
16,22,52,0.005,MCC
16,22,53,0.005,MCC
16,22,54,0.005,MCC
16,22,55,0.005,MCC
16,22,56,0.24,MCC
16,22,57,1,MCC
16,22,58,1,MCC
16,22,59,0.005,MCC
16,22,60,0.035,MCC
16,22,61,1,MCC
16,22,62,0.03,MCC
16,22,63,0.005,MCC
16,22,64,0.005,MCC
16,22,65,0.135,MCC
16,22,66,1,MCC
16,22,67,0.95,MCC
16,22,68,0.005,MCC
16,22,69,0.005,MCC
16,22,70,0.035,MCC
16,22,71,0.075,MCC
16,22,72,0.005,MCC
16,22,73,0.13,MCC
16,22,74,0.13,MCC
16,22,75,1,MCC
16,22,76,0.005,MCC
16,22,77,0.005,MCC
16,22,78,0.005,MCC
16,22,79,0.005,MCC
16,22,80,0.005,MCC
16,22,81,0.04,MCC
16,22,82,0.04,MCC
16,22,83,0.005,MCC
16,22,84,0.005,MCC
16,22,85,0.115,MCC
16,22,86,0.275,MCC
16,22,87,0.045,MCC
16,22,88,0.395,MCC
16,22,89,0.005,MCC
16,22,90,0.005,MCC
16,22,91,0.03,MCC
16,22,92,1,MCC
16,22,93,0.03,MCC
16,22,94,0.075,MCC
16,22,95,0.005,MCC
16,22,96,1,MCC
16,22,97,1,MCC
16,22,98,0.005,MCC
16,22,99,0.07,MCC
14,18,51,1,CS
14,18,52,1,CS
14,18,53,1,CS
14,18,54,0.9,CS
14,18,55,0.665,CS
14,18,56,1,CS
14,18,57,1,CS
14,18,58,1,CS
14,18,59,1,CS
14,18,60,1,CS
14,18,61,1,CS
14,18,62,1,CS
14,18,51,NA,MCC
14,18,52,0.005,MCC
14,18,53,0.005,MCC
14,18,54,0.005,MCC
14,18,55,0.07,MCC
14,18,56,0.02,MCC
14,18,57,0.005,MCC
14,18,58,0.005,MCC
14,18,59,0.145,MCC
14,18,60,1,MCC
14,18,61,0.005,MCC
14,18,62,0.005,MCC
14,18,63,0.005,MCC
14,18,64,0.005,MCC
14,18,65,0.005,MCC
14,18,66,0.005,MCC
14,18,67,0.005,MCC
14,18,68,0.2,MCC
14,18,69,0.075,MCC
14,18,70,0.43,MCC
14,18,71,0.07,MCC
14,18,72,0.29,MCC
14,18,73,1,MCC
14,18,74,0.005,MCC
14,18,75,0.005,MCC
14,18,76,0.035,MCC
14,18,77,1,MCC
14,18,78,0.035,MCC
14,18,79,1,MCC
14,18,80,0.04,MCC
14,18,81,1,MCC
14,18,82,0.005,MCC
14,18,83,0.005,MCC
14,18,84,0.005,MCC
14,18,85,0.005,MCC
14,18,86,0.005,MCC
14,18,87,0.005,MCC
14,18,88,0.11,MCC
14,18,89,1,MCC
14,18,90,0.015,MCC
14,18,91,0.005,MCC
14,18,92,0.175,MCC
14,18,93,1,MCC
14,18,94,1,MCC
14,18,95,1,MCC
14,18,96,0.045,MCC
14,18,97,0.9,MCC
14,18,98,0.215,MCC
14,18,99,0.055,MCC
12,45,51,1,CS
12,45,52,1,CS
12,45,53,1,CS
12,45,54,0.995,CS
12,45,55,1,CS
12,45,56,1,CS
12,45,57,1,CS
12,45,58,0.98,CS
12,45,59,1,CS
12,45,60,1,CS
12,45,61,0.94,CS
12,45,62,1,CS
12,45,63,1,CS
12,45,64,1,CS
12,45,65,0.96,CS
12,45,51,NA,MCC
12,45,52,0.005,MCC
12,45,53,0.1,MCC
12,45,54,0.96,MCC
12,45,55,0.005,MCC
12,45,56,0.005,MCC
12,45,57,0.005,MCC
12,45,58,0.005,MCC
12,45,59,0.005,MCC
12,45,60,0.005,MCC
12,45,61,0.01,MCC
12,45,62,0.075,MCC
12,45,63,0.075,MCC
12,45,64,0.14,MCC
12,45,65,1,MCC
12,45,66,1,MCC
12,45,67,0.005,MCC
12,45,68,0.005,MCC
12,45,69,0.095,MCC
12,45,70,0.03,MCC
12,45,71,0.005,MCC
12,45,72,0.005,MCC
12,45,73,0.06,MCC
12,45,74,0.295,MCC
12,45,75,1,MCC
12,45,76,0.995,MCC
12,45,77,1,MCC
12,45,78,0.02,MCC
12,45,79,0.48,MCC
12,45,80,0.98,MCC
12,45,81,1,MCC
12,45,82,0.005,MCC
12,45,83,0.005,MCC
12,45,84,0.02,MCC
12,45,85,0.94,MCC
12,45,86,0.3,MCC
12,45,87,0.03,MCC
12,45,88,1,MCC
12,45,89,1,MCC
12,45,90,0.405,MCC
12,45,91,1,MCC
12,45,92,0.005,MCC
12,45,93,0.005,MCC
12,45,94,0.01,MCC
12,45,95,0.315,MCC
12,45,96,1,MCC
12,45,97,0.01,MCC
12,45,98,0.07,MCC
12,45,99,1,MCC
10,9,51,1,CS
10,9,52,0.98,CS
10,9,53,1,CS
10,9,54,1,CS
10,9,55,1,CS
10,9,56,1,CS
10,9,57,1,CS
10,9,58,1,CS
10,9,59,1,CS
10,9,60,1,CS
10,9,61,0.845,CS
10,9,62,1,CS
10,9,63,1,CS
10,9,64,1,CS
10,9,65,1,CS
10,9,66,1,CS
10,9,67,1,CS
10,9,68,1,CS
10,9,69,1,CS
10,9,70,1,CS
10,9,71,1,CS
10,9,51,NA,MCC
10,9,52,0.005,MCC
10,9,53,0.005,MCC
10,9,54,1,MCC
10,9,55,0.005,MCC
10,9,56,0.005,MCC
10,9,57,0.005,MCC
10,9,58,0.01,MCC
10,9,59,0.03,MCC
10,9,60,1,MCC
10,9,61,0.005,MCC
10,9,62,0.05,MCC
10,9,63,1,MCC
10,9,64,0.46,MCC
10,9,65,1,MCC
10,9,66,1,MCC
10,9,67,1,MCC
10,9,68,0.165,MCC
10,9,69,0.005,MCC
10,9,70,0.065,MCC
10,9,71,0.005,MCC
10,9,72,0.055,MCC
10,9,73,0.98,MCC
10,9,74,1,MCC
10,9,75,1,MCC
10,9,76,0.01,MCC
10,9,77,0.03,MCC
10,9,78,1,MCC
10,9,79,1,MCC
10,9,80,1,MCC
10,9,81,0.005,MCC
10,9,82,0.015,MCC
10,9,83,1,MCC
10,9,84,1,MCC
10,9,85,0.105,MCC
10,9,86,1,MCC
10,9,87,0.025,MCC
10,9,88,1,MCC
10,9,89,0.005,MCC
10,9,90,0.005,MCC
10,9,91,0.035,MCC
10,9,92,0.175,MCC
10,9,93,1,MCC
10,9,94,0.005,MCC
10,9,95,0.845,MCC
10,9,96,1,MCC
10,9,97,0.01,MCC
10,9,98,0.155,MCC
10,9,99,1,MCC
17,22,51,1,CS
17,22,52,0.765,CS
17,22,53,0.815,CS
17,22,54,1,CS
17,22,55,1,CS
17,22,56,1,CS
17,22,57,1,CS
17,22,58,1,CS
17,22,59,1,CS
17,22,60,0.995,CS
17,22,61,1,CS
17,22,62,1,CS
17,22,51,NA,MCC
17,22,52,0.005,MCC
17,22,53,0.01,MCC
17,22,54,0.765,MCC
17,22,55,0.815,MCC
17,22,56,0.005,MCC
17,22,57,0.005,MCC
17,22,58,0.005,MCC
17,22,59,0.005,MCC
17,22,60,0.005,MCC
17,22,61,0.005,MCC
17,22,62,0.005,MCC
17,22,63,0.02,MCC
17,22,64,1,MCC
17,22,65,0.005,MCC
17,22,66,0.005,MCC
17,22,67,0.08,MCC
17,22,68,0.24,MCC
17,22,69,0.995,MCC
17,22,70,0.01,MCC
17,22,71,0.01,MCC
17,22,72,0.005,MCC
17,22,73,0.04,MCC
17,22,74,1,MCC
17,22,75,0.08,MCC
17,22,76,1,MCC
17,22,77,1,MCC
17,22,78,1,MCC
17,22,79,0.005,MCC
17,22,80,0.005,MCC
17,22,81,0.005,MCC
17,22,82,0.04,MCC
17,22,83,1,MCC
17,22,84,1,MCC
17,22,85,0.005,MCC
17,22,86,0.38,MCC
17,22,87,0.075,MCC
17,22,88,0.02,MCC
17,22,89,1,MCC
17,22,90,0.005,MCC
17,22,91,0.005,MCC
17,22,92,0.005,MCC
17,22,93,0.005,MCC
17,22,94,0.005,MCC
17,22,95,0.14,MCC
17,22,96,0.015,MCC
17,22,97,0.03,MCC
17,22,98,0.265,MCC
17,22,99,0.025,MCC
15,18,51,1,CS
15,18,52,0.98,CS
15,18,53,0.58,CS
15,18,54,1,CS
15,18,55,1,CS
15,18,56,1,CS
15,18,57,1,CS
15,18,58,1,CS
15,18,59,0.935,CS
15,18,60,0.94,CS
15,18,61,0.825,CS
15,18,62,1,CS
15,18,63,0.995,CS
15,18,64,0.595,CS
15,18,51,NA,MCC
15,18,52,0.005,MCC
15,18,53,0.005,MCC
15,18,54,0.005,MCC
15,18,55,0.005,MCC
15,18,56,0.005,MCC
15,18,57,0.02,MCC
15,18,58,1,MCC
15,18,59,0.005,MCC
15,18,60,0.015,MCC
15,18,61,0.045,MCC
15,18,62,0.005,MCC
15,18,63,0.94,MCC
15,18,64,0.065,MCC
15,18,65,0.825,MCC
15,18,66,0.005,MCC
15,18,67,0.005,MCC
15,18,68,0.005,MCC
15,18,69,0.005,MCC
15,18,70,0.005,MCC
15,18,71,0.02,MCC
15,18,72,0.01,MCC
15,18,73,0.07,MCC
15,18,74,0.01,MCC
15,18,75,0.13,MCC
15,18,76,0.98,MCC
15,18,77,0.58,MCC
15,18,78,1,MCC
15,18,79,0.935,MCC
15,18,80,1,MCC
15,18,81,0.005,MCC
15,18,82,0.015,MCC
15,18,83,0.185,MCC
15,18,84,0.005,MCC
15,18,85,0.05,MCC
15,18,86,0.005,MCC
15,18,87,0.005,MCC
15,18,88,0.005,MCC
15,18,89,0.015,MCC
15,18,90,0.595,MCC
15,18,91,0.02,MCC
15,18,92,1,MCC
15,18,93,0.07,MCC
15,18,94,0.425,MCC
15,18,95,0.005,MCC
15,18,96,0.095,MCC
15,18,97,0.995,MCC
15,18,98,1,MCC
15,18,99,1,MCC
4,40,51,1,CS
4,40,52,0.905,CS
4,40,53,1,CS
4,40,54,1,CS
4,40,55,0.725,CS
4,40,56,0.99,CS
4,40,57,1,CS
4,40,58,1,CS
4,40,59,0.935,CS
4,40,60,0.855,CS
4,40,61,1,CS
4,40,62,0.815,CS
4,40,63,1,CS
4,40,64,0.92,CS
4,40,65,0.815,CS
4,40,66,1,CS
4,40,67,0.975,CS
4,40,68,1,CS
4,40,69,1,CS
4,40,70,1,CS
4,40,71,0.89,CS
4,40,72,1,CS
4,40,73,1,CS
4,40,74,0.99,CS
4,40,75,1,CS
4,40,76,1,CS
4,40,77,1,CS
4,40,78,1,CS
4,40,79,1,CS
4,40,80,0.895,CS
4,40,81,0.93,CS
4,40,82,1,CS
4,40,83,0.565,CS
4,40,84,1,CS
4,40,85,1,CS
4,40,86,0.625,CS
4,40,87,1,CS
4,40,88,1,CS
17,27,51,1,CS
17,27,52,0.975,CS
17,27,53,0.975,CS
17,27,54,1,CS
17,27,55,0.64,CS
17,27,56,0.99,CS
17,27,57,0.795,CS
17,27,58,0.995,CS
4,40,51,NA,MCC
4,40,52,0.43,MCC
4,40,53,0.895,MCC
4,40,54,0.565,MCC
4,40,55,1,MCC
4,40,56,0.93,MCC
4,40,57,1,MCC
4,40,58,1,MCC
4,40,59,0.625,MCC
4,40,60,1,MCC
4,40,61,0.205,MCC
4,40,62,0.335,MCC
4,40,63,0.36,MCC
4,40,64,1,MCC
4,40,65,0.175,MCC
4,40,66,0.92,MCC
4,40,67,0.815,MCC
4,40,68,1,MCC
4,40,69,0.975,MCC
4,40,70,1,MCC
4,40,71,1,MCC
4,40,72,1,MCC
4,40,73,0.89,MCC
4,40,74,0.99,MCC
4,40,75,1,MCC
4,40,76,1,MCC
4,40,77,0.4,MCC
4,40,78,0.905,MCC
4,40,79,1,MCC
4,40,80,1,MCC
4,40,81,1,MCC
4,40,82,1,MCC
4,40,83,0.725,MCC
4,40,84,0.99,MCC
4,40,85,0.355,MCC
4,40,86,0.935,MCC
4,40,87,0.855,MCC
4,40,88,1,MCC
4,40,89,0.815,MCC
4,40,90,1,MCC
4,40,91,1,MCC
4,40,92,0.265,MCC
4,40,93,0.355,MCC
4,40,94,0.255,MCC
4,40,95,0.475,MCC
4,40,96,1,MCC
4,40,97,1,MCC
4,40,98,1,MCC
4,40,99,1,MCC
17,27,51,NA,MCC
17,27,52,0.005,MCC
17,27,53,0.005,MCC
17,27,54,0.005,MCC
17,27,55,0.03,MCC
17,27,56,0.005,MCC
17,27,57,0.01,MCC
17,27,58,0.325,MCC
17,27,59,0.795,MCC
17,27,60,0.975,MCC
17,27,61,0.37,MCC
17,27,62,1,MCC
17,27,63,0.005,MCC
17,27,64,0.06,MCC
17,27,65,0.995,MCC
17,27,66,0.01,MCC
17,27,67,0.64,MCC
17,27,68,0.375,MCC
17,27,69,0.005,MCC
17,27,70,0.005,MCC
17,27,71,0.005,MCC
17,27,72,0.075,MCC
17,27,73,0.005,MCC
17,27,74,0.005,MCC
17,27,75,0.005,MCC
17,27,76,0.005,MCC
17,27,77,0.005,MCC
17,27,78,0.005,MCC
17,27,79,0.975,MCC
17,27,80,0.185,MCC
17,27,81,0.28,MCC
17,27,82,0.235,MCC
17,27,83,0.015,MCC
17,27,84,0.295,MCC
17,27,85,0.04,MCC
17,27,86,0.005,MCC
17,27,87,0.005,MCC
17,27,88,0.01,MCC
17,27,89,0.005,MCC
17,27,90,0.025,MCC
17,27,91,0.03,MCC
17,27,92,0.135,MCC
17,27,93,0.99,MCC
17,27,94,0.005,MCC
17,27,95,0.035,MCC
17,27,96,0.005,MCC
17,27,97,0.175,MCC
17,27,98,0.015,MCC
17,27,99,0.105,MCC
11,9,51,1,CS
11,9,52,1,CS
11,9,53,1,CS
11,9,54,1,CS
11,9,55,1,CS
11,9,56,0.515,CS
11,9,57,1,CS
11,9,58,1,CS
11,9,59,1,CS
11,9,60,1,CS
11,9,61,1,CS
11,9,62,1,CS
11,9,63,1,CS
11,9,64,1,CS
11,9,65,0.645,CS
11,9,66,1,CS
11,9,67,1,CS
11,9,68,1,CS
11,9,51,NA,MCC
11,9,52,0.005,MCC
11,9,53,0.005,MCC
11,9,54,0.03,MCC
11,9,55,0.04,MCC
11,9,56,0.005,MCC
11,9,57,0.045,MCC
11,9,58,0.005,MCC
11,9,59,0.005,MCC
11,9,60,0.015,MCC
11,9,61,0.295,MCC
11,9,62,0.005,MCC
11,9,63,0.005,MCC
11,9,64,0.005,MCC
11,9,65,0.005,MCC
11,9,66,0.025,MCC
11,9,67,0.045,MCC
11,9,68,1,MCC
11,9,69,1,MCC
11,9,70,0.645,MCC
11,9,71,0.005,MCC
11,9,72,0.05,MCC
11,9,73,1,MCC
11,9,74,0.005,MCC
11,9,75,0.005,MCC
11,9,76,0.005,MCC
11,9,77,0.01,MCC
11,9,78,1,MCC
11,9,79,0.065,MCC
11,9,80,1,MCC
11,9,81,1,MCC
11,9,82,1,MCC
11,9,83,1,MCC
11,9,84,1,MCC
11,9,85,0.005,MCC
11,9,86,0.005,MCC
11,9,87,0.025,MCC
11,9,88,1,MCC
11,9,89,0.025,MCC
11,9,90,0.27,MCC
11,9,91,0.2,MCC
11,9,92,1,MCC
11,9,93,0.515,MCC
11,9,94,1,MCC
11,9,95,1,MCC
11,9,96,0.025,MCC
11,9,97,0.415,MCC
11,9,98,1,MCC
11,9,99,1,MCC
13,45,51,1,CS
13,45,52,1,CS
13,45,53,0.57,CS
13,45,54,1,CS
13,45,55,0.995,CS
13,45,56,0.55,CS
13,45,57,1,CS
13,45,58,0.56,CS
13,45,59,1,CS
13,45,60,1,CS
13,45,61,0.98,CS
13,45,62,1,CS
13,45,63,1,CS
13,45,64,1,CS
13,45,51,NA,MCC
13,45,52,0.005,MCC
13,45,53,0.005,MCC
13,45,54,0.005,MCC
13,45,55,0.005,MCC
13,45,56,0.045,MCC
13,45,57,0.01,MCC
13,45,58,0.025,MCC
13,45,59,0.005,MCC
13,45,60,0.14,MCC
13,45,61,0.275,MCC
13,45,62,1,MCC
13,45,63,0.135,MCC
13,45,64,1,MCC
13,45,65,0.005,MCC
13,45,66,0.015,MCC
13,45,67,0.04,MCC
13,45,68,1,MCC
13,45,69,0.005,MCC
13,45,70,0.005,MCC
13,45,71,0.005,MCC
13,45,72,0.005,MCC
13,45,73,1,MCC
13,45,74,0.57,MCC
13,45,75,1,MCC
13,45,76,0.08,MCC
13,45,77,0.005,MCC
13,45,78,0.005,MCC
13,45,79,0.185,MCC
13,45,80,0.995,MCC
13,45,81,0.55,MCC
13,45,82,0.01,MCC
13,45,83,0.025,MCC
13,45,84,1,MCC
13,45,85,0.01,MCC
13,45,86,0.015,MCC
13,45,87,0.005,MCC
13,45,88,0.005,MCC
13,45,89,0.01,MCC
13,45,90,0.56,MCC
13,45,91,1,MCC
13,45,92,0.495,MCC
13,45,93,0.03,MCC
13,45,94,1,MCC
13,45,95,0.41,MCC
13,45,96,0.005,MCC
13,45,97,0.03,MCC
13,45,98,0.05,MCC
13,45,99,0.98,MCC
12,31,51,1,CS
12,31,52,0.905,CS
12,31,53,1,CS
12,31,54,1,CS
12,31,55,0.985,CS
12,31,56,1,CS
12,31,57,1,CS
12,31,58,1,CS
12,31,59,1,CS
12,31,60,1,CS
12,31,61,1,CS
12,31,62,1,CS
12,31,63,1,CS
12,31,51,NA,MCC
12,31,52,0.005,MCC
12,31,53,0.005,MCC
12,31,54,0.005,MCC
12,31,55,0.005,MCC
12,31,56,0.005,MCC
12,31,57,0.01,MCC
12,31,58,0.04,MCC
12,31,59,0.01,MCC
12,31,60,1,MCC
12,31,61,0.005,MCC
12,31,62,0.025,MCC
12,31,63,0.905,MCC
12,31,64,1,MCC
12,31,65,1,MCC
12,31,66,0.015,MCC
12,31,67,0.005,MCC
12,31,68,0.02,MCC
12,31,69,0.09,MCC
12,31,70,1,MCC
12,31,71,0.35,MCC
12,31,72,0.1,MCC
12,31,73,0.005,MCC
12,31,74,0.1,MCC
12,31,75,0.335,MCC
12,31,76,1,MCC
12,31,77,0.005,MCC
12,31,78,0.11,MCC
12,31,79,1,MCC
12,31,80,0.005,MCC
12,31,81,0.005,MCC
12,31,82,0.005,MCC
12,31,83,0.005,MCC
12,31,84,1,MCC
12,31,85,0.005,MCC
12,31,86,0.01,MCC
12,31,87,0.21,MCC
12,31,88,1,MCC
12,31,89,0.49,MCC
12,31,90,0.065,MCC
12,31,91,0.095,MCC
12,31,92,0.005,MCC
12,31,93,0.005,MCC
12,31,94,0.005,MCC
12,31,95,0.01,MCC
12,31,96,1,MCC
12,31,97,0.985,MCC
12,31,98,0.025,MCC
12,31,99,1,MCC
2,27,51,1,CS
2,27,52,1,CS
2,27,53,1,CS
2,27,54,1,CS
2,27,55,1,CS
2,27,56,1,CS
2,27,57,0.765,CS
2,27,58,1,CS
2,27,59,1,CS
2,27,60,0.99,CS
2,27,61,1,CS
2,27,62,1,CS
2,27,63,0.805,CS
2,27,64,1,CS
2,27,65,0.925,CS
2,27,66,1,CS
2,27,67,0.665,CS
2,27,68,0.94,CS
2,27,69,1,CS
2,27,70,1,CS
2,27,71,0.89,CS
2,27,72,0.965,CS
2,27,73,1,CS
2,27,74,1,CS
2,27,75,1,CS
2,27,76,1,CS
2,27,77,0.945,CS
2,27,78,1,CS
2,27,79,1,CS
2,27,80,1,CS
2,27,81,0.995,CS
2,27,82,1,CS
2,27,83,1,CS
2,27,84,1,CS
2,27,85,1,CS
2,27,86,1,CS
2,27,87,0.685,CS
2,27,88,1,CS
2,27,89,1,CS
2,27,90,1,CS
2,22,51,1,CS
2,22,52,0.56,CS
2,22,53,1,CS
2,22,54,1,CS
2,22,55,0.85,CS
2,22,56,0.995,CS
2,22,57,1,CS
2,22,58,1,CS
2,22,59,1,CS
2,22,60,1,CS
2,22,61,1,CS
2,22,62,1,CS
2,22,63,1,CS
2,22,64,1,CS
2,22,65,0.84,CS
2,22,66,1,CS
2,22,67,0.565,CS
2,22,68,1,CS
2,22,69,1,CS
2,22,70,1,CS
2,22,71,1,CS
2,22,72,1,CS
2,22,73,0.55,CS
2,22,74,0.915,CS
2,22,75,1,CS
2,22,76,1,CS
2,22,77,1,CS
2,22,78,1,CS
2,22,79,1,CS
2,22,80,0.925,CS
2,22,81,1,CS
2,22,82,1,CS
2,22,83,1,CS
2,22,84,0.99,CS
2,22,85,1,CS
2,22,86,1,CS
2,22,87,0.89,CS
2,22,88,1,CS
2,22,89,1,CS
2,22,90,0.72,CS
2,22,91,1,CS
2,22,92,1,CS
2,22,93,1,CS
2,22,94,1,CS
2,36,51,1,CS
2,36,52,0.86,CS
2,36,53,1,CS
2,36,54,0.685,CS
2,36,55,1,CS
2,36,56,1,CS
2,36,57,1,CS
2,36,58,1,CS
2,36,59,1,CS
2,36,60,1,CS
2,36,61,1,CS
2,36,62,1,CS
2,36,63,0.795,CS
2,36,64,1,CS
2,36,65,1,CS
2,36,66,1,CS
2,36,67,1,CS
2,36,68,0.59,CS
2,36,69,1,CS
2,36,70,0.985,CS
2,36,71,0.51,CS
2,36,72,1,CS
2,36,73,0.87,CS
2,36,74,1,CS
2,36,75,1,CS
2,36,76,1,CS
2,36,77,0.975,CS
2,36,78,1,CS
2,36,79,0.695,CS
2,36,80,1,CS
2,36,81,0.71,CS
2,36,82,1,CS
2,36,83,0.68,CS
2,36,84,1,CS
2,36,85,1,CS
2,36,86,1,CS
2,36,87,1,CS
2,36,88,1,CS
2,36,89,0.98,CS
2,36,90,0.665,CS
2,36,91,1,CS
2,36,92,0.985,CS
2,36,93,1,CS
2,27,51,NA,MCC
2,27,52,0.105,MCC
2,27,53,0.035,MCC
2,27,54,0.01,MCC
2,27,55,1,MCC
2,27,56,1,MCC
2,27,57,1,MCC
2,27,58,1,MCC
2,27,59,0.995,MCC
2,27,60,1,MCC
2,27,61,0.18,MCC
2,27,62,0.255,MCC
2,27,63,1,MCC
2,27,64,0.19,MCC
2,27,65,0.475,MCC
2,27,66,1,MCC
2,27,67,1,MCC
2,27,68,0.99,MCC
2,27,69,1,MCC
2,27,70,1,MCC
2,27,71,0.765,MCC
2,27,72,1,MCC
2,27,73,1,MCC
2,27,74,1,MCC
2,27,75,1,MCC
2,27,76,1,MCC
2,27,77,1,MCC
2,27,78,1,MCC
2,27,79,1,MCC
2,27,80,0.89,MCC
2,27,81,0.965,MCC
2,27,82,1,MCC
2,27,83,0.945,MCC
2,27,84,1,MCC
2,27,85,1,MCC
2,27,86,1,MCC
2,27,87,0.11,MCC
2,27,88,0.14,MCC
2,27,89,1,MCC
2,27,90,0.805,MCC
2,27,91,1,MCC
2,27,92,0.925,MCC
2,27,93,1,MCC
2,27,94,0.665,MCC
2,27,95,0.94,MCC
2,27,96,1,MCC
2,27,97,0.685,MCC
2,27,98,1,MCC
2,27,99,1,MCC
2,22,51,NA,MCC
2,22,52,0.32,MCC
2,22,53,1,MCC
2,22,54,0.255,MCC
2,22,55,0.56,MCC
2,22,56,1,MCC
2,22,57,1,MCC
2,22,58,1,MCC
2,22,59,1,MCC
2,22,60,1,MCC
2,22,61,0.55,MCC
2,22,62,0.915,MCC
2,22,63,1,MCC
2,22,64,1,MCC
2,22,65,1,MCC
2,22,66,1,MCC
2,22,67,1,MCC
2,22,68,0.925,MCC
2,22,69,1,MCC
2,22,70,0.28,MCC
2,22,71,0.465,MCC
2,22,72,0.565,MCC
2,22,73,1,MCC
2,22,74,1,MCC
2,22,75,1,MCC
2,22,76,1,MCC
2,22,77,0.85,MCC
2,22,78,0.84,MCC
2,22,79,0.995,MCC
2,22,80,1,MCC
2,22,81,1,MCC
2,22,82,1,MCC
2,22,83,1,MCC
2,22,84,1,MCC
2,22,85,1,MCC
2,22,86,1,MCC
2,22,87,1,MCC
2,22,88,1,MCC
2,22,89,0.295,MCC
2,22,90,1,MCC
2,22,91,1,MCC
2,22,92,0.99,MCC
2,22,93,1,MCC
2,22,94,1,MCC
2,22,95,1,MCC
2,22,96,0.89,MCC
2,22,97,1,MCC
2,22,98,0.72,MCC
2,22,99,1,MCC
2,36,51,NA,MCC
2,36,52,0.485,MCC
2,36,53,0.86,MCC
2,36,54,0.35,MCC
2,36,55,1,MCC
2,36,56,0.415,MCC
2,36,57,1,MCC
2,36,58,0.49,MCC
2,36,59,1,MCC
2,36,60,1,MCC
2,36,61,1,MCC
2,36,62,1,MCC
2,36,63,1,MCC
2,36,64,1,MCC
2,36,65,0.26,MCC
2,36,66,1,MCC
2,36,67,0.395,MCC
2,36,68,0.59,MCC
2,36,69,1,MCC
2,36,70,0.795,MCC
2,36,71,1,MCC
2,36,72,1,MCC
2,36,73,1,MCC
2,36,74,1,MCC
2,36,75,0.665,MCC
2,36,76,1,MCC
2,36,77,0.985,MCC
2,36,78,1,MCC
2,36,79,0.985,MCC
2,36,80,0.455,MCC
2,36,81,0.51,MCC
2,36,82,1,MCC
2,36,83,1,MCC
2,36,84,0.975,MCC
2,36,85,1,MCC
2,36,86,0.695,MCC
2,36,87,0.87,MCC
2,36,88,1,MCC
2,36,89,1,MCC
2,36,90,1,MCC
2,36,91,1,MCC
2,36,92,0.98,MCC
2,36,93,0.71,MCC
2,36,94,1,MCC
2,36,95,1,MCC
2,36,96,0.68,MCC
2,36,97,1,MCC
2,36,98,1,MCC
2,36,99,1,MCC
16,18,51,1,CS
16,18,52,0.63,CS
16,18,53,1,CS
16,18,54,1,CS
16,18,55,0.99,CS
16,18,56,0.95,CS
16,18,57,1,CS
16,18,58,1,CS
16,18,59,1,CS
16,18,60,1,CS
16,18,61,1,CS
16,18,62,1,CS
16,18,63,0.985,CS
16,18,64,0.64,CS
16,18,51,NA,MCC
16,18,52,0.005,MCC
16,18,53,0.005,MCC
16,18,54,0.005,MCC
16,18,55,0.005,MCC
16,18,56,0.02,MCC
16,18,57,1,MCC
16,18,58,0.005,MCC
16,18,59,0.015,MCC
16,18,60,0.005,MCC
16,18,61,0.005,MCC
16,18,62,0.01,MCC
16,18,63,1,MCC
16,18,64,0.1,MCC
16,18,65,0.64,MCC
16,18,66,0.005,MCC
16,18,67,0.005,MCC
16,18,68,0.005,MCC
16,18,69,0.065,MCC
16,18,70,0.02,MCC
16,18,71,1,MCC
16,18,72,0.035,MCC
16,18,73,0.985,MCC
16,18,74,0.005,MCC
16,18,75,0.005,MCC
16,18,76,0.025,MCC
16,18,77,0.005,MCC
16,18,78,0.005,MCC
16,18,79,0.27,MCC
16,18,80,0.63,MCC
16,18,81,1,MCC
16,18,82,1,MCC
16,18,83,0.005,MCC
16,18,84,0.005,MCC
16,18,85,0.005,MCC
16,18,86,0.005,MCC
16,18,87,0.035,MCC
16,18,88,0.05,MCC
16,18,89,1,MCC
16,18,90,0.99,MCC
16,18,91,0.95,MCC
16,18,92,1,MCC
16,18,93,0.005,MCC
16,18,94,0.01,MCC
16,18,95,1,MCC
16,18,96,0.21,MCC
16,18,97,0.04,MCC
16,18,98,0.01,MCC
16,18,99,0.165,MCC
12,9,51,1,CS
12,9,52,0.955,CS
12,9,53,1,CS
12,9,54,1,CS
12,9,55,1,CS
12,9,56,0.88,CS
12,9,57,0.6,CS
12,9,58,1,CS
12,9,59,1,CS
12,9,60,1,CS
12,9,61,0.98,CS
12,9,62,1,CS
12,9,63,1,CS
12,9,64,1,CS
12,9,65,1,CS
12,9,66,1,CS
12,9,67,1,CS
12,9,68,1,CS
12,9,51,NA,MCC
12,9,52,0.005,MCC
12,9,53,0.005,MCC
12,9,54,0.005,MCC
12,9,55,0.055,MCC
12,9,56,0.155,MCC
12,9,57,0.98,MCC
12,9,58,1,MCC
12,9,59,0.88,MCC
12,9,60,0.005,MCC
12,9,61,0.04,MCC
12,9,62,1,MCC
12,9,63,0.005,MCC
12,9,64,0.005,MCC
12,9,65,0.01,MCC
12,9,66,0.37,MCC
12,9,67,0.035,MCC
12,9,68,0.175,MCC
12,9,69,1,MCC
12,9,70,0.03,MCC
12,9,71,1,MCC
12,9,72,0.005,MCC
12,9,73,0.005,MCC
12,9,74,0.005,MCC
12,9,75,0.005,MCC
12,9,76,0.015,MCC
12,9,77,0.955,MCC
12,9,78,1,MCC
12,9,79,1,MCC
12,9,80,1,MCC
12,9,81,0.005,MCC
12,9,82,0.005,MCC
12,9,83,0.01,MCC
12,9,84,0.255,MCC
12,9,85,1,MCC
12,9,86,1,MCC
12,9,87,0.005,MCC
12,9,88,0.005,MCC
12,9,89,0.01,MCC
12,9,90,0.05,MCC
12,9,91,1,MCC
12,9,92,0.6,MCC
12,9,93,1,MCC
12,9,94,0.04,MCC
12,9,95,0.005,MCC
12,9,96,0.015,MCC
12,9,97,0.05,MCC
12,9,98,1,MCC
12,9,99,1,MCC
2,13,51,1,CS
2,13,52,0.515,CS
2,13,53,0.865,CS
2,13,54,1,CS
2,13,55,1,CS
2,13,56,1,CS
2,13,57,1,CS
2,13,58,1,CS
2,13,59,1,CS
2,13,60,0.995,CS
2,13,61,1,CS
2,13,62,1,CS
2,13,63,1,CS
2,13,64,1,CS
2,13,65,0.905,CS
2,13,66,1,CS
2,13,67,1,CS
2,13,68,1,CS
2,13,69,1,CS
2,13,70,0.58,CS
2,13,71,0.905,CS
2,13,72,1,CS
2,13,73,1,CS
2,13,74,1,CS
2,13,75,0.98,CS
2,13,76,1,CS
2,13,77,1,CS
2,13,78,1,CS
2,13,79,1,CS
2,13,80,1,CS
2,13,81,1,CS
2,13,82,0.97,CS
2,13,83,1,CS
2,13,84,1,CS
2,13,85,0.89,CS
2,13,86,1,CS
2,13,87,1,CS
2,13,88,1,CS
2,13,89,1,CS
2,13,90,0.505,CS
2,13,51,NA,MCC
2,13,52,0.275,MCC
2,13,53,0.32,MCC
2,13,54,1,MCC
2,13,55,0.98,MCC
2,13,56,1,MCC
2,13,57,1,MCC
2,13,58,1,MCC
2,13,59,1,MCC
2,13,60,1,MCC
2,13,61,1,MCC
2,13,62,0.97,MCC
2,13,63,1,MCC
2,13,64,1,MCC
2,13,65,0.89,MCC
2,13,66,0.22,MCC
2,13,67,0.06,MCC
2,13,68,0.515,MCC
2,13,69,0.155,MCC
2,13,70,1,MCC
2,13,71,0.865,MCC
2,13,72,1,MCC
2,13,73,1,MCC
2,13,74,1,MCC
2,13,75,1,MCC
2,13,76,1,MCC
2,13,77,0.905,MCC
2,13,78,1,MCC
2,13,79,1,MCC
2,13,80,1,MCC
2,13,81,0.065,MCC
2,13,82,0.4,MCC
2,13,83,1,MCC
2,13,84,1,MCC
2,13,85,1,MCC
2,13,86,1,MCC
2,13,87,1,MCC
2,13,88,0.455,MCC
2,13,89,1,MCC
2,13,90,0.995,MCC
2,13,91,0.58,MCC
2,13,92,0.905,MCC
2,13,93,1,MCC
2,13,94,0.085,MCC
2,13,95,0.505,MCC
2,13,96,1,MCC
2,13,97,1,MCC
2,13,98,1,MCC
2,13,99,1,MCC
1,5,51,1,CS
1,5,52,0.83,CS
1,5,53,1,CS
1,5,54,1,CS
1,5,55,0.64,CS
1,5,56,0.905,CS
1,5,57,0.995,CS
1,5,58,1,CS
1,5,59,1,CS
1,5,60,1,CS
1,5,61,1,CS
1,5,62,1,CS
1,5,63,1,CS
1,5,64,0.725,CS
1,5,65,1,CS
1,5,66,1,CS
1,5,67,1,CS
1,5,68,0.935,CS
1,5,69,0.985,CS
1,5,70,1,CS
1,5,71,1,CS
1,5,72,1,CS
1,5,73,1,CS
1,5,74,1,CS
1,5,75,1,CS
1,5,76,1,CS
1,5,77,1,CS
1,5,78,0.63,CS
1,5,79,1,CS
1,5,80,0.545,CS
1,5,81,1,CS
1,5,82,1,CS
1,5,83,1,CS
1,5,84,1,CS
1,5,85,1,CS
1,5,86,1,CS
1,5,87,0.96,CS
1,5,88,1,CS
1,5,89,0.72,CS
1,5,90,0.955,CS
1,5,91,1,CS
1,5,92,1,CS
1,5,93,1,CS
1,5,94,1,CS
1,5,95,1,CS
13,31,51,1,CS
13,31,52,0.805,CS
13,31,53,1,CS
13,31,54,0.995,CS
13,31,55,0.645,CS
13,31,56,1,CS
13,31,57,1,CS
13,31,58,0.985,CS
13,31,59,1,CS
13,31,60,1,CS
13,31,61,1,CS
13,31,62,1,CS
13,31,63,1,CS
13,31,64,1,CS
3,27,51,1,CS
3,27,52,1,CS
3,27,53,1,CS
3,27,54,1,CS
3,27,55,1,CS
3,27,56,1,CS
3,27,57,0.965,CS
3,27,58,1,CS
3,27,59,0.985,CS
3,27,60,0.73,CS
3,27,61,0.835,CS
3,27,62,1,CS
3,27,63,1,CS
3,27,64,1,CS
3,27,65,1,CS
3,27,66,0.525,CS
3,27,67,0.95,CS
3,27,68,1,CS
3,27,69,0.99,CS
3,27,70,0.96,CS
3,27,71,0.705,CS
3,27,72,1,CS
3,27,73,1,CS
3,27,74,1,CS
3,27,75,1,CS
3,27,76,0.87,CS
3,27,77,1,CS
3,27,78,1,CS
3,27,79,1,CS
3,27,80,0.985,CS
3,27,81,1,CS
3,27,82,1,CS
3,27,83,1,CS
3,27,84,1,CS
3,27,85,1,CS
3,27,86,1,CS
3,27,87,1,CS
3,27,88,1,CS
3,27,89,0.995,CS
3,27,90,0.995,CS
13,31,51,NA,MCC
13,31,52,0.005,MCC
13,31,53,0.005,MCC
13,31,54,0.03,MCC
13,31,55,1,MCC
13,31,56,0.025,MCC
13,31,57,0.645,MCC
13,31,58,1,MCC
13,31,59,0.005,MCC
13,31,60,0.005,MCC
13,31,61,0.005,MCC
13,31,62,0.03,MCC
13,31,63,1,MCC
13,31,64,0.005,MCC
13,31,65,0.02,MCC
13,31,66,0.005,MCC
13,31,67,0.005,MCC
13,31,68,0.04,MCC
13,31,69,0.395,MCC
13,31,70,1,MCC
13,31,71,0.01,MCC
13,31,72,1,MCC
13,31,73,0.985,MCC
13,31,74,0.02,MCC
13,31,75,0.005,MCC
13,31,76,0.005,MCC
13,31,77,0.03,MCC
13,31,78,0.055,MCC
13,31,79,0.805,MCC
13,31,80,0.995,MCC
13,31,81,1,MCC
13,31,82,0.05,MCC
13,31,83,1,MCC
13,31,84,0.005,MCC
13,31,85,1,MCC
13,31,86,0.005,MCC
13,31,87,0.005,MCC
13,31,88,0.005,MCC
13,31,89,0.005,MCC
13,31,90,0.035,MCC
13,31,91,0.02,MCC
13,31,92,0.005,MCC
13,31,93,0.005,MCC
13,31,94,0.005,MCC
13,31,95,0.025,MCC
13,31,96,1,MCC
13,31,97,0.01,MCC
13,31,98,0.01,MCC
13,31,99,0.12,MCC
3,27,51,NA,MCC
3,27,52,0.465,MCC
3,27,53,0.075,MCC
3,27,54,0.075,MCC
3,27,55,0.4,MCC
3,27,56,1,MCC
3,27,57,1,MCC
3,27,58,1,MCC
3,27,59,1,MCC
3,27,60,1,MCC
3,27,61,1,MCC
3,27,62,1,MCC
3,27,63,0.985,MCC
3,27,64,1,MCC
3,27,65,1,MCC
3,27,66,0.525,MCC
3,27,67,0.95,MCC
3,27,68,1,MCC
3,27,69,1,MCC
3,27,70,1,MCC
3,27,71,1,MCC
3,27,72,0.46,MCC
3,27,73,0.13,MCC
3,27,74,0.295,MCC
3,27,75,0.99,MCC
3,27,76,0.96,MCC
3,27,77,0.705,MCC
3,27,78,1,MCC
3,27,79,1,MCC
3,27,80,1,MCC
3,27,81,1,MCC
3,27,82,0.87,MCC
3,27,83,1,MCC
3,27,84,0.985,MCC
3,27,85,0.835,MCC
3,27,86,0.73,MCC
3,27,87,1,MCC
3,27,88,0.965,MCC
3,27,89,1,MCC
3,27,90,1,MCC
3,27,91,1,MCC
3,27,92,1,MCC
3,27,93,0.14,MCC
3,27,94,0.355,MCC
3,27,95,1,MCC
3,27,96,1,MCC
3,27,97,1,MCC
3,27,98,0.995,MCC
3,27,99,0.995,MCC
1,5,51,NA,MCC
1,5,52,0.96,MCC
1,5,53,1,MCC
1,5,54,0.72,MCC
1,5,55,0.955,MCC
1,5,56,1,MCC
1,5,57,1,MCC
1,5,58,1,MCC
1,5,59,1,MCC
1,5,60,1,MCC
1,5,61,0.83,MCC
1,5,62,0.435,MCC
1,5,63,0.545,MCC
1,5,64,1,MCC
1,5,65,1,MCC
1,5,66,1,MCC
1,5,67,1,MCC
1,5,68,1,MCC
1,5,69,1,MCC
1,5,70,1,MCC
1,5,71,1,MCC
1,5,72,0.935,MCC
1,5,73,0.985,MCC
1,5,74,1,MCC
1,5,75,0.255,MCC
1,5,76,0.64,MCC
1,5,77,0.905,MCC
1,5,78,0.995,MCC
1,5,79,1,MCC
1,5,80,1,MCC
1,5,81,1,MCC
1,5,82,1,MCC
1,5,83,1,MCC
1,5,84,1,MCC
1,5,85,0.725,MCC
1,5,86,1,MCC
1,5,87,1,MCC
1,5,88,1,MCC
1,5,89,0.45,MCC
1,5,90,0.31,MCC
1,5,91,1,MCC
1,5,92,0.63,MCC
1,5,93,1,MCC
1,5,94,1,MCC
1,5,95,1,MCC
1,5,96,1,MCC
1,5,97,1,MCC
1,5,98,1,MCC
1,5,99,1,MCC
17,18,51,1,CS
17,18,52,1,CS
17,18,53,1,CS
17,18,54,0.575,CS
17,18,55,0.575,CS
17,18,56,0.845,CS
17,18,57,1,CS
17,18,58,1,CS
17,18,59,0.635,CS
17,18,60,0.97,CS
17,18,61,1,CS
17,18,62,0.56,CS
17,18,63,0.97,CS
17,18,51,NA,MCC
17,18,52,0.005,MCC
17,18,53,0.005,MCC
17,18,54,0.005,MCC
17,18,55,0.055,MCC
17,18,56,0.97,MCC
17,18,57,0.005,MCC
17,18,58,0.005,MCC
17,18,59,0.005,MCC
17,18,60,0.015,MCC
17,18,61,0.005,MCC
17,18,62,0.005,MCC
17,18,63,0.575,MCC
17,18,64,0.43,MCC
17,18,65,0.03,MCC
17,18,66,0.635,MCC
17,18,67,0.02,MCC
17,18,68,0.005,MCC
17,18,69,0.005,MCC
17,18,70,0.005,MCC
17,18,71,0.015,MCC
17,18,72,1,MCC
17,18,73,1,MCC
17,18,74,0.03,MCC
17,18,75,0.13,MCC
17,18,76,0.56,MCC
17,18,77,0.005,MCC
17,18,78,0.005,MCC
17,18,79,0.005,MCC
17,18,80,0.005,MCC
17,18,81,0.015,MCC
17,18,82,0.575,MCC
17,18,83,0.005,MCC
17,18,84,0.005,MCC
17,18,85,0.14,MCC
17,18,86,0.45,MCC
17,18,87,1,MCC
17,18,88,1,MCC
17,18,89,0.02,MCC
17,18,90,0.97,MCC
17,18,91,0.01,MCC
17,18,92,0.025,MCC
17,18,93,1,MCC
17,18,94,0.025,MCC
17,18,95,0.005,MCC
17,18,96,0.025,MCC
17,18,97,0.145,MCC
17,18,98,0.845,MCC
17,18,99,0.045,MCC
13,9,51,1,CS
13,9,52,0.6,CS
13,9,53,1,CS
13,9,54,1,CS
13,9,55,0.535,CS
13,9,56,1,CS
13,9,57,0.95,CS
13,9,58,0.515,CS
13,9,59,0.52,CS
13,9,60,0.745,CS
13,9,61,1,CS
13,9,62,1,CS
13,9,63,0.665,CS
13,9,64,0.535,CS
13,9,65,0.995,CS
13,9,66,1,CS
13,9,67,0.985,CS
13,9,68,1,CS
13,9,69,1,CS
13,9,70,0.985,CS
13,9,71,1,CS
13,9,72,1,CS
13,9,73,1,CS
13,9,51,NA,MCC
13,9,52,0.005,MCC
13,9,53,0.065,MCC
13,9,54,0.005,MCC
13,9,55,0.005,MCC
13,9,56,0.005,MCC
13,9,57,0.005,MCC
13,9,58,0.005,MCC
13,9,59,0.025,MCC
13,9,60,0.3,MCC
13,9,61,1,MCC
13,9,62,0.295,MCC
13,9,63,0.535,MCC
13,9,64,0.995,MCC
13,9,65,0.515,MCC
13,9,66,0.365,MCC
13,9,67,0.005,MCC
13,9,68,0.005,MCC
13,9,69,0.025,MCC
13,9,70,1,MCC
13,9,71,0.665,MCC
13,9,72,1,MCC
13,9,73,0.02,MCC
13,9,74,0.375,MCC
13,9,75,0.985,MCC
13,9,76,1,MCC
13,9,77,1,MCC
13,9,78,0.005,MCC
13,9,79,0.005,MCC
13,9,80,0.005,MCC
13,9,81,0.005,MCC
13,9,82,0.05,MCC
13,9,83,0.745,MCC
13,9,84,1,MCC
13,9,85,0.005,MCC
13,9,86,0.085,MCC
13,9,87,1,MCC
13,9,88,0.06,MCC
13,9,89,0.455,MCC
13,9,90,1,MCC
13,9,91,0.985,MCC
13,9,92,0.02,MCC
13,9,93,0.6,MCC
13,9,94,0.055,MCC
13,9,95,0.08,MCC
13,9,96,1,MCC
13,9,97,0.95,MCC
13,9,98,1,MCC
13,9,99,1,MCC
5,40,51,1,CS
5,40,52,0.89,CS
5,40,53,0.97,CS
5,40,54,1,CS
5,40,55,0.98,CS
5,40,56,0.615,CS
5,40,57,0.975,CS
5,40,58,0.97,CS
5,40,59,1,CS
5,40,60,0.87,CS
5,40,61,1,CS
5,40,62,0.845,CS
5,40,63,1,CS
5,40,64,0.82,CS
5,40,65,0.97,CS
5,40,66,0.695,CS
5,40,67,1,CS
5,40,68,1,CS
5,40,69,0.595,CS
5,40,70,0.825,CS
5,40,71,1,CS
5,40,72,0.95,CS
5,40,73,1,CS
5,40,74,1,CS
5,40,75,0.745,CS
5,40,76,1,CS
5,40,77,1,CS
5,40,78,1,CS
5,40,79,1,CS
5,40,80,1,CS
5,40,81,0.595,CS
5,40,82,1,CS
5,40,83,1,CS
5,40,84,0.895,CS
5,40,85,0.69,CS
5,40,86,1,CS
5,40,87,0.62,CS
5,40,88,1,CS
14,31,51,1,CS
14,31,52,0.975,CS
14,31,53,1,CS
14,31,54,1,CS
14,31,55,0.93,CS
14,31,56,1,CS
14,31,57,1,CS
14,31,58,1,CS
14,31,59,1,CS
14,31,60,1,CS
14,31,61,1,CS
14,31,62,1,CS
14,31,63,1,CS
4,27,51,1,CS
4,27,52,0.985,CS
4,27,53,1,CS
4,27,54,0.63,CS
4,27,55,1,CS
4,27,56,1,CS
4,27,57,1,CS
4,27,58,1,CS
4,27,59,0.555,CS
4,27,60,0.98,CS
4,27,61,1,CS
4,27,62,0.955,CS
4,27,63,1,CS
4,27,64,0.535,CS
4,27,65,1,CS
4,27,66,0.82,CS
4,27,67,0.74,CS
4,27,68,1,CS
4,27,69,0.965,CS
4,27,70,1,CS
4,27,71,1,CS
4,27,72,1,CS
4,27,73,1,CS
4,27,74,0.97,CS
4,27,75,1,CS
4,27,76,1,CS
4,27,77,1,CS
4,27,78,1,CS
4,27,79,1,CS
4,27,80,1,CS
4,27,81,1,CS
4,27,82,1,CS
4,27,83,1,CS
4,27,84,1,CS
14,31,51,NA,MCC
14,31,52,0.005,MCC
14,31,53,0.005,MCC
14,31,54,0.005,MCC
14,31,55,0.005,MCC
14,31,56,0.005,MCC
14,31,57,0.165,MCC
14,31,58,0.005,MCC
14,31,59,0.005,MCC
14,31,60,1,MCC
14,31,61,0.005,MCC
14,31,62,0.005,MCC
14,31,63,0.105,MCC
14,31,64,1,MCC
14,31,65,0.025,MCC
14,31,66,1,MCC
14,31,67,1,MCC
14,31,68,0.005,MCC
14,31,69,0.02,MCC
14,31,70,0.005,MCC
14,31,71,0.285,MCC
14,31,72,0.015,MCC
14,31,73,0.975,MCC
14,31,74,1,MCC
14,31,75,0.005,MCC
14,31,76,0.005,MCC
14,31,77,0.005,MCC
14,31,78,0.005,MCC
14,31,79,0.005,MCC
14,31,80,0.015,MCC
14,31,81,1,MCC
14,31,82,0.005,MCC
14,31,83,0.04,MCC
14,31,84,1,MCC
14,31,85,0.93,MCC
14,31,86,0.005,MCC
14,31,87,0.06,MCC
14,31,88,0.27,MCC
14,31,89,0.005,MCC
14,31,90,0.005,MCC
14,31,91,0.005,MCC
14,31,92,0.045,MCC
14,31,93,0.05,MCC
14,31,94,1,MCC
14,31,95,0.005,MCC
14,31,96,0.105,MCC
14,31,97,0.035,MCC
14,31,98,1,MCC
14,31,99,1,MCC
4,27,51,NA,MCC
4,27,52,0.265,MCC
4,27,53,0.465,MCC
4,27,54,0.415,MCC
4,27,55,0.06,MCC
4,27,56,0.22,MCC
4,27,57,0.16,MCC
4,27,58,0.965,MCC
4,27,59,1,MCC
4,27,60,1,MCC
4,27,61,1,MCC
4,27,62,1,MCC
4,27,63,0.97,MCC
4,27,64,0.5,MCC
4,27,65,0.985,MCC
4,27,66,0.555,MCC
4,27,67,0.98,MCC
4,27,68,1,MCC
4,27,69,1,MCC
4,27,70,0.63,MCC
4,27,71,1,MCC
4,27,72,1,MCC
4,27,73,1,MCC
4,27,74,1,MCC
4,27,75,0.015,MCC
4,27,76,0.03,MCC
4,27,77,0.07,MCC
4,27,78,0.11,MCC
4,27,79,1,MCC
4,27,80,1,MCC
4,27,81,1,MCC
4,27,82,1,MCC
4,27,83,1,MCC
4,27,84,0.06,MCC
4,27,85,0.055,MCC
4,27,86,1,MCC
4,27,87,1,MCC
4,27,88,1,MCC
4,27,89,1,MCC
4,27,90,0.385,MCC
4,27,91,1,MCC
4,27,92,0.955,MCC
4,27,93,1,MCC
4,27,94,0.3,MCC
4,27,95,1,MCC
4,27,96,0.82,MCC
4,27,97,0.74,MCC
4,27,98,0.42,MCC
4,27,99,1,MCC
5,40,51,NA,MCC
5,40,52,0.225,MCC
5,40,53,0.265,MCC
5,40,54,0.395,MCC
5,40,55,0.825,MCC
5,40,56,1,MCC
5,40,57,0.95,MCC
5,40,58,1,MCC
5,40,59,1,MCC
5,40,60,0.04,MCC
5,40,61,0.745,MCC
5,40,62,1,MCC
5,40,63,0.195,MCC
5,40,64,0.27,MCC
5,40,65,1,MCC
5,40,66,0.31,MCC
5,40,67,0.275,MCC
5,40,68,0.405,MCC
5,40,69,1,MCC
5,40,70,1,MCC
5,40,71,0.97,MCC
5,40,72,0.695,MCC
5,40,73,1,MCC
5,40,74,1,MCC
5,40,75,0.595,MCC
5,40,76,0.14,MCC
5,40,77,0.14,MCC
5,40,78,1,MCC
5,40,79,0.895,MCC
5,40,80,1,MCC
5,40,81,0.21,MCC
5,40,82,1,MCC
5,40,83,0.89,MCC
5,40,84,0.97,MCC
5,40,85,0.97,MCC
5,40,86,1,MCC
5,40,87,1,MCC
5,40,88,0.98,MCC
5,40,89,0.615,MCC
5,40,90,0.975,MCC
5,40,91,0.425,MCC
5,40,92,0.87,MCC
5,40,93,1,MCC
5,40,94,0.845,MCC
5,40,95,1,MCC
5,40,96,0.69,MCC
5,40,97,1,MCC
5,40,98,0.62,MCC
5,40,99,1,MCC
3,22,51,1,CS
3,22,52,0.58,CS
3,22,53,0.96,CS
3,22,54,0.99,CS
3,22,55,0.99,CS
3,22,56,0.875,CS
3,22,57,1,CS
3,22,58,0.84,CS
3,22,59,1,CS
3,22,60,1,CS
3,22,61,1,CS
3,22,62,1,CS
3,22,63,1,CS
3,22,64,1,CS
3,22,65,1,CS
3,22,66,0.995,CS
3,22,67,0.82,CS
3,22,68,1,CS
3,22,69,0.76,CS
3,22,70,1,CS
3,22,71,1,CS
3,22,72,1,CS
3,22,73,1,CS
3,22,74,0.995,CS
3,22,75,1,CS
3,22,76,0.815,CS
3,22,77,0.98,CS
3,22,78,1,CS
3,22,79,0.975,CS
3,22,80,1,CS
3,22,81,1,CS
3,22,82,1,CS
3,22,83,0.985,CS
3,22,84,0.985,CS
3,22,85,1,CS
3,22,86,0.995,CS
3,22,87,0.97,CS
3,22,88,0.625,CS
3,22,89,1,CS
3,22,90,0.67,CS
3,22,91,1,CS
3,22,92,1,CS
3,22,93,0.955,CS
3,22,94,1,CS
3,22,95,1,CS
3,22,51,NA,MCC
3,22,52,0.37,MCC
3,22,53,0.375,MCC
3,22,54,1,MCC
3,22,55,0.995,MCC
3,22,56,0.985,MCC
3,22,57,1,MCC
3,22,58,0.995,MCC
3,22,59,1,MCC
3,22,60,0.815,MCC
3,22,61,0.98,MCC
3,22,62,1,MCC
3,22,63,1,MCC
3,22,64,0.975,MCC
3,22,65,1,MCC
3,22,66,1,MCC
3,22,67,0.985,MCC
3,22,68,0.97,MCC
3,22,69,1,MCC
3,22,70,0.955,MCC
3,22,71,1,MCC
3,22,72,0.625,MCC
3,22,73,1,MCC
3,22,74,0.67,MCC
3,22,75,1,MCC
3,22,76,0.315,MCC
3,22,77,0.58,MCC
3,22,78,1,MCC
3,22,79,1,MCC
3,22,80,0.96,MCC
3,22,81,0.5,MCC
3,22,82,1,MCC
3,22,83,1,MCC
3,22,84,0.99,MCC
3,22,85,0.99,MCC
3,22,86,0.875,MCC
3,22,87,1,MCC
3,22,88,1,MCC
3,22,89,1,MCC
3,22,90,1,MCC
3,22,91,0.84,MCC
3,22,92,1,MCC
3,22,93,1,MCC
3,22,94,1,MCC
3,22,95,1,MCC
3,22,96,0.995,MCC
3,22,97,0.82,MCC
3,22,98,1,MCC
3,22,99,0.76,MCC
14,45,51,1,CS
14,45,52,1,CS
14,45,53,1,CS
14,45,54,0.665,CS
14,45,55,0.985,CS
14,45,56,1,CS
14,45,57,1,CS
14,45,58,0.94,CS
14,45,59,0.985,CS
14,45,60,1,CS
14,45,61,1,CS
14,45,62,0.985,CS
14,45,63,1,CS
14,45,51,NA,MCC
14,45,52,0.005,MCC
14,45,53,0.005,MCC
14,45,54,0.005,MCC
14,45,55,0.005,MCC
14,45,56,0.005,MCC
14,45,57,0.005,MCC
14,45,58,0.02,MCC
14,45,59,0.035,MCC
14,45,60,0.005,MCC
14,45,61,0.005,MCC
14,45,62,0.02,MCC
14,45,63,0.39,MCC
14,45,64,0.415,MCC
14,45,65,1,MCC
14,45,66,0.005,MCC
14,45,67,0.005,MCC
14,45,68,0.005,MCC
14,45,69,0.01,MCC
14,45,70,0.005,MCC
14,45,71,0.02,MCC
14,45,72,1,MCC
14,45,73,0.005,MCC
14,45,74,0.075,MCC
14,45,75,1,MCC
14,45,76,0.45,MCC
14,45,77,1,MCC
14,45,78,1,MCC
14,45,79,0.94,MCC
14,45,80,0.01,MCC
14,45,81,0.305,MCC
14,45,82,0.08,MCC
14,45,83,0.005,MCC
14,45,84,0.005,MCC
14,45,85,0.18,MCC
14,45,86,0.985,MCC
14,45,87,0.985,MCC
14,45,88,1,MCC
14,45,89,0.015,MCC
14,45,90,0.665,MCC
14,45,91,0.985,MCC
14,45,92,1,MCC
14,45,93,0.005,MCC
14,45,94,0.005,MCC
14,45,95,0.015,MCC
14,45,96,0.22,MCC
14,45,97,0.005,MCC
14,45,98,0.035,MCC
14,45,99,0.395,MCC
3,13,51,1,CS
3,13,52,0.555,CS
3,13,53,1,CS
3,13,54,0.81,CS
3,13,55,0.63,CS
3,13,56,1,CS
3,13,57,0.915,CS
3,13,58,1,CS
3,13,59,1,CS
3,13,60,1,CS
3,13,61,0.515,CS
3,13,62,1,CS
3,13,63,1,CS
3,13,64,1,CS
3,13,65,1,CS
3,13,66,0.605,CS
3,13,67,1,CS
3,13,68,0.995,CS
3,13,69,1,CS
3,13,70,1,CS
3,13,71,1,CS
3,13,72,1,CS
3,13,73,0.845,CS
3,13,74,1,CS
3,13,75,0.765,CS
3,13,76,1,CS
3,13,77,1,CS
3,13,78,1,CS
3,13,79,1,CS
3,13,80,1,CS
3,13,81,1,CS
3,13,82,1,CS
3,13,83,1,CS
3,13,84,1,CS
3,13,85,1,CS
3,13,86,1,CS
3,13,87,0.515,CS
3,13,88,1,CS
3,13,89,1,CS
3,13,90,0.68,CS
10,5,51,1,CS
10,5,52,0.975,CS
10,5,53,0.795,CS
10,5,54,1,CS
10,5,55,1,CS
10,5,56,0.94,CS
10,5,57,1,CS
10,5,58,0.725,CS
10,5,59,1,CS
10,5,60,1,CS
10,5,61,1,CS
10,5,62,1,CS
10,5,63,1,CS
10,5,64,1,CS
10,5,65,1,CS
10,5,66,1,CS
10,5,67,1,CS
10,5,68,1,CS
3,13,51,NA,MCC
3,13,52,0.09,MCC
3,13,53,0.155,MCC
3,13,54,0.68,MCC
3,13,55,0.295,MCC
3,13,56,0.845,MCC
3,13,57,1,MCC
3,13,58,0.765,MCC
3,13,59,1,MCC
3,13,60,1,MCC
3,13,61,1,MCC
3,13,62,1,MCC
3,13,63,1,MCC
3,13,64,1,MCC
3,13,65,1,MCC
3,13,66,1,MCC
3,13,67,0.445,MCC
3,13,68,0.11,MCC
3,13,69,0.23,MCC
3,13,70,0.555,MCC
3,13,71,1,MCC
3,13,72,1,MCC
3,13,73,1,MCC
3,13,74,0.81,MCC
3,13,75,0.18,MCC
3,13,76,1,MCC
3,13,77,1,MCC
3,13,78,1,MCC
3,13,79,0.515,MCC
3,13,80,1,MCC
3,13,81,1,MCC
3,13,82,0.63,MCC
3,13,83,0.915,MCC
3,13,84,1,MCC
3,13,85,1,MCC
3,13,86,1,MCC
3,13,87,1,MCC
3,13,88,1,MCC
3,13,89,0.605,MCC
3,13,90,1,MCC
3,13,91,0.995,MCC
3,13,92,0.175,MCC
3,13,93,0.515,MCC
3,13,94,1,MCC
3,13,95,0.225,MCC
3,13,96,1,MCC
3,13,97,1,MCC
3,13,98,1,MCC
3,13,99,1,MCC
10,5,51,NA,MCC
10,5,52,0.005,MCC
10,5,53,0.005,MCC
10,5,54,0.005,MCC
10,5,55,0.01,MCC
10,5,56,1,MCC
10,5,57,0.055,MCC
10,5,58,0.445,MCC
10,5,59,0.005,MCC
10,5,60,0.01,MCC
10,5,61,0.08,MCC
10,5,62,1,MCC
10,5,63,0.94,MCC
10,5,64,1,MCC
10,5,65,0.015,MCC
10,5,66,0.285,MCC
10,5,67,0.235,MCC
10,5,68,0.18,MCC
10,5,69,0.725,MCC
10,5,70,1,MCC
10,5,71,1,MCC
10,5,72,0.005,MCC
10,5,73,0.04,MCC
10,5,74,0.065,MCC
10,5,75,1,MCC
10,5,76,1,MCC
10,5,77,0.005,MCC
10,5,78,0.005,MCC
10,5,79,0.005,MCC
10,5,80,0.005,MCC
10,5,81,0.045,MCC
10,5,82,1,MCC
10,5,83,0.005,MCC
10,5,84,0.005,MCC
10,5,85,0.025,MCC
10,5,86,1,MCC
10,5,87,1,MCC
10,5,88,0.02,MCC
10,5,89,0.015,MCC
10,5,90,0.975,MCC
10,5,91,0.795,MCC
10,5,92,1,MCC
10,5,93,0.225,MCC
10,5,94,0.005,MCC
10,5,95,0.005,MCC
10,5,96,0.06,MCC
10,5,97,0.03,MCC
10,5,98,1,MCC
10,5,99,1,MCC
3,36,51,1,CS
3,36,52,0.965,CS
3,36,53,0.565,CS
3,36,54,0.995,CS
3,36,55,0.995,CS
3,36,56,0.615,CS
3,36,57,1,CS
3,36,58,1,CS
3,36,59,1,CS
3,36,60,1,CS
3,36,61,0.69,CS
3,36,62,1,CS
3,36,63,0.655,CS
3,36,64,1,CS
3,36,65,0.955,CS
3,36,66,0.935,CS
3,36,67,0.73,CS
3,36,68,1,CS
3,36,69,1,CS
3,36,70,1,CS
3,36,71,0.535,CS
3,36,72,0.575,CS
3,36,73,0.89,CS
3,36,74,0.65,CS
3,36,75,0.535,CS
3,36,76,1,CS
3,36,77,0.545,CS
3,36,78,1,CS
3,36,79,1,CS
3,36,80,1,CS
3,36,81,1,CS
3,36,82,0.975,CS
3,36,83,1,CS
3,36,84,1,CS
3,36,85,0.675,CS
3,36,86,0.99,CS
3,36,87,1,CS
3,36,88,1,CS
3,36,89,1,CS
3,36,90,1,CS
3,36,91,1,CS
3,36,92,0.765,CS
3,36,93,1,CS
3,36,94,0.585,CS
3,36,95,1,CS
5,27,51,1,CS
5,27,52,1,CS
5,27,53,0.82,CS
5,27,54,0.74,CS
5,27,55,1,CS
5,27,56,1,CS
5,27,57,1,CS
5,27,58,1,CS
5,27,59,0.565,CS
5,27,60,0.685,CS
5,27,61,0.7,CS
5,27,62,1,CS
5,27,63,1,CS
5,27,64,1,CS
5,27,65,0.755,CS
5,27,66,0.92,CS
5,27,67,1,CS
5,27,68,0.985,CS
5,27,69,1,CS
5,27,70,0.735,CS
5,27,71,1,CS
5,27,72,1,CS
5,27,73,1,CS
5,27,74,1,CS
5,27,75,0.74,CS
5,27,76,1,CS
5,27,77,0.58,CS
5,27,78,0.995,CS
5,27,79,1,CS
5,27,80,1,CS
5,27,81,0.85,CS
5,27,82,1,CS
5,27,83,1,CS
5,27,84,0.975,CS
3,36,51,NA,MCC
3,36,52,0.385,MCC
3,36,53,0.29,MCC
3,36,54,0.575,MCC
3,36,55,0.5,MCC
3,36,56,0.89,MCC
3,36,57,0.65,MCC
3,36,58,0.325,MCC
3,36,59,1,MCC
3,36,60,0.975,MCC
3,36,61,1,MCC
3,36,62,1,MCC
3,36,63,1,MCC
3,36,64,0.545,MCC
3,36,65,1,MCC
3,36,66,1,MCC
3,36,67,1,MCC
3,36,68,0.675,MCC
3,36,69,0.99,MCC
3,36,70,1,MCC
3,36,71,1,MCC
3,36,72,1,MCC
3,36,73,1,MCC
3,36,74,1,MCC
3,36,75,0.765,MCC
3,36,76,1,MCC
3,36,77,0.585,MCC
3,36,78,1,MCC
3,36,79,0.965,MCC
3,36,80,0.565,MCC
3,36,81,0.69,MCC
3,36,82,1,MCC
3,36,83,0.655,MCC
3,36,84,1,MCC
3,36,85,0.995,MCC
3,36,86,1,MCC
3,36,87,0.995,MCC
3,36,88,0.615,MCC
3,36,89,1,MCC
3,36,90,1,MCC
3,36,91,1,MCC
3,36,92,0.955,MCC
3,36,93,0.41,MCC
3,36,94,1,MCC
3,36,95,0.26,MCC
3,36,96,0.935,MCC
3,36,97,0.73,MCC
3,36,98,1,MCC
3,36,99,1,MCC
5,27,51,NA,MCC
5,27,52,0.015,MCC
5,27,53,0.005,MCC
5,27,54,0.05,MCC
5,27,55,0.36,MCC
5,27,56,0.995,MCC
5,27,57,1,MCC
5,27,58,1,MCC
5,27,59,0.43,MCC
5,27,60,0.005,MCC
5,27,61,0.005,MCC
5,27,62,0.055,MCC
5,27,63,0.15,MCC
5,27,64,1,MCC
5,27,65,0.74,MCC
5,27,66,1,MCC
5,27,67,0.58,MCC
5,27,68,0.975,MCC
5,27,69,0.065,MCC
5,27,70,0.16,MCC
5,27,71,1,MCC
5,27,72,1,MCC
5,27,73,1,MCC
5,27,74,0.755,MCC
5,27,75,0.92,MCC
5,27,76,1,MCC
5,27,77,0.85,MCC
5,27,78,0.37,MCC
5,27,79,1,MCC
5,27,80,0.075,MCC
5,27,81,0.24,MCC
5,27,82,1,MCC
5,27,83,0.13,MCC
5,27,84,0.7,MCC
5,27,85,0.82,MCC
5,27,86,0.74,MCC
5,27,87,1,MCC
5,27,88,1,MCC
5,27,89,1,MCC
5,27,90,1,MCC
5,27,91,0.685,MCC
5,27,92,0.985,MCC
5,27,93,1,MCC
5,27,94,0.735,MCC
5,27,95,1,MCC
5,27,96,1,MCC
5,27,97,1,MCC
5,27,98,0.34,MCC
5,27,99,1,MCC
4,22,51,1,CS
4,22,52,0.55,CS
4,22,53,0.99,CS
4,22,54,0.675,CS
4,22,55,0.97,CS
4,22,56,1,CS
4,22,57,0.84,CS
4,22,58,1,CS
4,22,59,1,CS
4,22,60,1,CS
4,22,61,0.99,CS
4,22,62,1,CS
4,22,63,1,CS
4,22,64,0.635,CS
4,22,65,0.975,CS
4,22,66,0.54,CS
4,22,67,0.61,CS
4,22,68,1,CS
4,22,69,1,CS
4,22,70,1,CS
4,22,71,1,CS
4,22,72,1,CS
4,22,73,0.515,CS
4,22,74,0.75,CS
4,22,75,1,CS
4,22,76,1,CS
4,22,77,0.59,CS
4,22,78,1,CS
4,22,79,1,CS
4,22,80,0.515,CS
4,22,81,0.89,CS
4,22,82,0.55,CS
4,22,83,0.985,CS
4,22,84,1,CS
4,22,85,0.975,CS
4,22,86,1,CS
4,22,87,0.8,CS
4,22,88,0.995,CS
4,22,89,0.72,CS
4,22,90,1,CS
4,22,91,1,CS
4,22,92,1,CS
4,22,93,1,CS
4,22,51,NA,MCC
4,22,52,0.17,MCC
4,22,53,0.55,MCC
4,22,54,1,MCC
4,22,55,1,MCC
4,22,56,0.99,MCC
4,22,57,0.265,MCC
4,22,58,0.61,MCC
4,22,59,1,MCC
4,22,60,0.415,MCC
4,22,61,1,MCC
4,22,62,1,MCC
4,22,63,0.675,MCC
4,22,64,0.635,MCC
4,22,65,0.54,MCC
4,22,66,0.975,MCC
4,22,67,0.97,MCC
4,22,68,1,MCC
4,22,69,0.84,MCC
4,22,70,1,MCC
4,22,71,1,MCC
4,22,72,1,MCC
4,22,73,0.99,MCC
4,22,74,1,MCC
4,22,75,1,MCC
4,22,76,1,MCC
4,22,77,0.32,MCC
4,22,78,0.255,MCC
4,22,79,0.75,MCC
4,22,80,1,MCC
4,22,81,0.495,MCC
4,22,82,1,MCC
4,22,83,0.515,MCC
4,22,84,0.89,MCC
4,22,85,0.315,MCC
4,22,86,1,MCC
4,22,87,0.59,MCC
4,22,88,1,MCC
4,22,89,0.985,MCC
4,22,90,1,MCC
4,22,91,0.975,MCC
4,22,92,1,MCC
4,22,93,1,MCC
4,22,94,0.41,MCC
4,22,95,1,MCC
4,22,96,0.8,MCC
4,22,97,0.995,MCC
4,22,98,0.72,MCC
4,22,99,1,MCC
2,18,51,1,CS
2,18,52,1,CS
2,18,53,0.57,CS
2,18,54,1,CS
2,18,55,0.975,CS
2,18,56,1,CS
2,18,57,1,CS
2,18,58,1,CS
2,18,59,0.51,CS
2,18,60,1,CS
2,18,61,0.97,CS
2,18,62,1,CS
2,18,63,0.73,CS
2,18,64,1,CS
2,18,65,0.99,CS
2,18,66,0.84,CS
2,18,67,1,CS
2,18,68,1,CS
2,18,69,1,CS
2,18,70,1,CS
2,18,71,1,CS
2,18,72,1,CS
2,18,73,1,CS
2,18,74,1,CS
2,18,75,0.845,CS
2,18,76,0.825,CS
2,18,77,0.505,CS
2,18,78,1,CS
2,18,79,1,CS
2,18,80,0.99,CS
2,18,81,1,CS
2,18,82,1,CS
2,18,83,1,CS
2,18,84,1,CS
2,18,85,1,CS
2,18,86,1,CS
2,18,87,1,CS
2,18,88,1,CS
2,18,89,1,CS
2,18,90,1,CS
2,18,91,0.82,CS
2,18,92,1,CS
2,18,93,1,CS
2,18,94,1,CS
2,18,95,1,CS
14,9,51,1,CS
14,9,52,0.89,CS
14,9,53,0.72,CS
14,9,54,1,CS
14,9,55,1,CS
14,9,56,1,CS
14,9,57,1,CS
14,9,58,0.89,CS
14,9,59,0.955,CS
14,9,60,1,CS
14,9,61,0.88,CS
14,9,62,1,CS
14,9,63,1,CS
14,9,64,1,CS
14,9,65,1,CS
14,9,66,1,CS
14,9,67,1,CS
2,18,51,NA,MCC
2,18,52,1,MCC
2,18,53,0.45,MCC
2,18,54,0.57,MCC
2,18,55,0.51,MCC
2,18,56,1,MCC
2,18,57,0.97,MCC
2,18,58,1,MCC
2,18,59,1,MCC
2,18,60,0.73,MCC
2,18,61,1,MCC
2,18,62,1,MCC
2,18,63,1,MCC
2,18,64,0.975,MCC
2,18,65,0.365,MCC
2,18,66,0.44,MCC
2,18,67,1,MCC
2,18,68,1,MCC
2,18,69,0.825,MCC
2,18,70,1,MCC
2,18,71,0.845,MCC
2,18,72,0.99,MCC
2,18,73,0.84,MCC
2,18,74,1,MCC
2,18,75,1,MCC
2,18,76,1,MCC
2,18,77,1,MCC
2,18,78,1,MCC
2,18,79,1,MCC
2,18,80,0.505,MCC
2,18,81,1,MCC
2,18,82,0.48,MCC
2,18,83,1,MCC
2,18,84,0.99,MCC
2,18,85,1,MCC
2,18,86,1,MCC
2,18,87,1,MCC
2,18,88,1,MCC
2,18,89,1,MCC
2,18,90,1,MCC
2,18,91,1,MCC
2,18,92,1,MCC
2,18,93,1,MCC
2,18,94,1,MCC
2,18,95,0.82,MCC
2,18,96,1,MCC
2,18,97,1,MCC
2,18,98,1,MCC
2,18,99,1,MCC
14,9,51,NA,MCC
14,9,52,0.005,MCC
14,9,53,0.005,MCC
14,9,54,1,MCC
14,9,55,0.005,MCC
14,9,56,0.01,MCC
14,9,57,0.085,MCC
14,9,58,0.035,MCC
14,9,59,1,MCC
14,9,60,0.89,MCC
14,9,61,0.005,MCC
14,9,62,0.005,MCC
14,9,63,0.005,MCC
14,9,64,1,MCC
14,9,65,0.01,MCC
14,9,66,0.025,MCC
14,9,67,0.89,MCC
14,9,68,0.72,MCC
14,9,69,1,MCC
14,9,70,0.025,MCC
14,9,71,0.88,MCC
14,9,72,0.005,MCC
14,9,73,0.005,MCC
14,9,74,0.005,MCC
14,9,75,0.075,MCC
14,9,76,0.005,MCC
14,9,77,0.015,MCC
14,9,78,0.145,MCC
14,9,79,1,MCC
14,9,80,1,MCC
14,9,81,0.005,MCC
14,9,82,0.005,MCC
14,9,83,0.015,MCC
14,9,84,0.215,MCC
14,9,85,1,MCC
14,9,86,1,MCC
14,9,87,0.045,MCC
14,9,88,0.005,MCC
14,9,89,0.39,MCC
14,9,90,1,MCC
14,9,91,0.005,MCC
14,9,92,0.13,MCC
14,9,93,0.245,MCC
14,9,94,0.01,MCC
14,9,95,0.05,MCC
14,9,96,1,MCC
14,9,97,0.18,MCC
14,9,98,0.955,MCC
14,9,99,1,MCC
4,13,51,1,CS
4,13,52,1,CS
4,13,53,0.975,CS
4,13,54,0.915,CS
4,13,55,0.97,CS
4,13,56,1,CS
4,13,57,1,CS
4,13,58,1,CS
4,13,59,1,CS
4,13,60,1,CS
4,13,61,1,CS
4,13,62,1,CS
4,13,63,0.995,CS
4,13,64,0.575,CS
4,13,65,1,CS
4,13,66,1,CS
4,13,67,1,CS
4,13,68,1,CS
4,13,69,0.83,CS
4,13,70,1,CS
4,13,71,0.835,CS
4,13,72,1,CS
4,13,73,1,CS
4,13,74,0.875,CS
4,13,75,1,CS
4,13,76,1,CS
4,13,77,0.985,CS
4,13,78,1,CS
4,13,79,1,CS
4,13,80,0.725,CS
4,13,81,1,CS
4,13,82,1,CS
4,13,83,1,CS
4,13,84,1,CS
4,13,85,1,CS
4,13,86,1,CS
4,13,87,0.765,CS
4,13,51,NA,MCC
4,13,52,0.135,MCC
4,13,53,0.245,MCC
4,13,54,1,MCC
4,13,55,1,MCC
4,13,56,1,MCC
4,13,57,0.83,MCC
4,13,58,1,MCC
4,13,59,0.835,MCC
4,13,60,1,MCC
4,13,61,1,MCC
4,13,62,0.875,MCC
4,13,63,1,MCC
4,13,64,1,MCC
4,13,65,0.985,MCC
4,13,66,1,MCC
4,13,67,1,MCC
4,13,68,0.725,MCC
4,13,69,0.375,MCC
4,13,70,0.08,MCC
4,13,71,1,MCC
4,13,72,0.355,MCC
4,13,73,1,MCC
4,13,74,1,MCC
4,13,75,1,MCC
4,13,76,1,MCC
4,13,77,0.995,MCC
4,13,78,0.155,MCC
4,13,79,1,MCC
4,13,80,1,MCC
4,13,81,0.975,MCC
4,13,82,0.3,MCC
4,13,83,0.24,MCC
4,13,84,1,MCC
4,13,85,1,MCC
4,13,86,1,MCC
4,13,87,1,MCC
4,13,88,1,MCC
4,13,89,0.915,MCC
4,13,90,1,MCC
4,13,91,0.97,MCC
4,13,92,1,MCC
4,13,93,0.09,MCC
4,13,94,0.13,MCC
4,13,95,0.39,MCC
4,13,96,0.45,MCC
4,13,97,0.765,MCC
4,13,98,0.41,MCC
4,13,99,1,MCC
11,5,51,1,CS
11,5,52,0.86,CS
11,5,53,0.615,CS
11,5,54,1,CS
11,5,55,1,CS
11,5,56,0.99,CS
11,5,57,1,CS
11,5,58,0.87,CS
11,5,59,1,CS
11,5,60,0.9,CS
11,5,61,0.995,CS
11,5,62,1,CS
11,5,63,0.775,CS
11,5,64,1,CS
11,5,65,1,CS
11,5,66,1,CS
11,5,67,1,CS
11,5,68,1,CS
11,5,69,1,CS
11,5,70,1,CS
11,5,51,NA,MCC
11,5,52,0.005,MCC
11,5,53,0.005,MCC
11,5,54,0.005,MCC
11,5,55,0.02,MCC
11,5,56,0.34,MCC
11,5,57,1,MCC
11,5,58,0.01,MCC
11,5,59,0.025,MCC
11,5,60,0.435,MCC
11,5,61,0.205,MCC
11,5,62,1,MCC
11,5,63,0.125,MCC
11,5,64,1,MCC
11,5,65,0.005,MCC
11,5,66,0.005,MCC
11,5,67,0.02,MCC
11,5,68,0.105,MCC
11,5,69,1,MCC
11,5,70,0.5,MCC
11,5,71,0.33,MCC
11,5,72,1,MCC
11,5,73,0.9,MCC
11,5,74,0.995,MCC
11,5,75,0.02,MCC
11,5,76,0.005,MCC
11,5,77,0.005,MCC
11,5,78,0.005,MCC
11,5,79,0.04,MCC
11,5,80,1,MCC
11,5,81,0.775,MCC
11,5,82,0.86,MCC
11,5,83,0.615,MCC
11,5,84,1,MCC
11,5,85,1,MCC
11,5,86,0.005,MCC
11,5,87,0.035,MCC
11,5,88,0.99,MCC
11,5,89,0.31,MCC
11,5,90,1,MCC
11,5,91,0.03,MCC
11,5,92,0.87,MCC
11,5,93,1,MCC
11,5,94,0.015,MCC
11,5,95,0.03,MCC
11,5,96,0.065,MCC
11,5,97,1,MCC
11,5,98,0.125,MCC
11,5,99,1,MCC
15,45,51,1,CS
15,45,52,1,CS
15,45,53,1,CS
15,45,54,0.585,CS
15,45,55,1,CS
15,45,56,0.65,CS
15,45,57,0.65,CS
15,45,58,0.985,CS
15,45,59,0.51,CS
15,45,60,0.96,CS
15,45,61,0.91,CS
15,45,62,0.915,CS
15,45,63,0.93,CS
15,45,64,1,CS
15,45,65,1,CS
15,45,66,0.995,CS
15,45,67,0.995,CS
6,27,51,1,CS
6,27,52,1,CS
6,27,53,0.935,CS
6,27,54,1,CS
6,27,55,1,CS
6,27,56,0.55,CS
6,27,57,1,CS
6,27,58,0.99,CS
6,27,59,1,CS
6,27,60,1,CS
6,27,61,0.94,CS
6,27,62,0.955,CS
6,27,63,1,CS
6,27,64,0.935,CS
6,27,65,1,CS
6,27,66,1,CS
6,27,67,0.995,CS
6,27,68,1,CS
6,27,69,0.955,CS
6,27,70,0.55,CS
6,27,71,1,CS
6,27,72,1,CS
6,27,73,0.9,CS
6,27,74,1,CS
6,27,75,1,CS
6,27,76,0.725,CS
6,27,77,0.815,CS
6,27,78,0.94,CS
6,27,79,1,CS
6,27,80,0.75,CS
15,45,51,NA,MCC
15,45,52,0.005,MCC
15,45,53,0.005,MCC
15,45,54,0.005,MCC
15,45,55,0.005,MCC
15,45,56,0.005,MCC
15,45,57,0.085,MCC
15,45,58,1,MCC
15,45,59,0.02,MCC
15,45,60,0.96,MCC
15,45,61,0.91,MCC
15,45,62,0.045,MCC
15,45,63,0.93,MCC
15,45,64,1,MCC
15,45,65,0.585,MCC
15,45,66,1,MCC
15,45,67,0.005,MCC
15,45,68,0.03,MCC
15,45,69,1,MCC
15,45,70,0.495,MCC
15,45,71,0.005,MCC
15,45,72,0.005,MCC
15,45,73,0.155,MCC
15,45,74,0.985,MCC
15,45,75,0.24,MCC
15,45,76,0.005,MCC
15,45,77,0.995,MCC
15,45,78,0.005,MCC
15,45,79,0.02,MCC
15,45,80,0.35,MCC
15,45,81,0.13,MCC
15,45,82,0.995,MCC
15,45,83,1,MCC
15,45,84,0.005,MCC
15,45,85,0.005,MCC
15,45,86,0.005,MCC
15,45,87,0.035,MCC
15,45,88,0.225,MCC
15,45,89,0.13,MCC
15,45,90,0.65,MCC
15,45,91,0.035,MCC
15,45,92,0.915,MCC
15,45,93,0.005,MCC
15,45,94,0.03,MCC
15,45,95,0.01,MCC
15,45,96,0.015,MCC
15,45,97,0.21,MCC
15,45,98,0.005,MCC
15,45,99,0.025,MCC
6,27,51,NA,MCC
6,27,52,0.065,MCC
6,27,53,0.045,MCC
6,27,54,0.155,MCC
6,27,55,0.02,MCC
6,27,56,0.94,MCC
6,27,57,0.035,MCC
6,27,58,0.015,MCC
6,27,59,0.01,MCC
6,27,60,0.05,MCC
6,27,61,0.195,MCC
6,27,62,0.935,MCC
6,27,63,1,MCC
6,27,64,0.955,MCC
6,27,65,1,MCC
6,27,66,0.995,MCC
6,27,67,1,MCC
6,27,68,0.09,MCC
6,27,69,0.08,MCC
6,27,70,0.035,MCC
6,27,71,0.09,MCC
6,27,72,0.99,MCC
6,27,73,1,MCC
6,27,74,1,MCC
6,27,75,1,MCC
6,27,76,0.955,MCC
6,27,77,0.94,MCC
6,27,78,0.145,MCC
6,27,79,0.165,MCC
6,27,80,0.75,MCC
6,27,81,1,MCC
6,27,82,0.55,MCC
6,27,83,1,MCC
6,27,84,0.935,MCC
6,27,85,1,MCC
6,27,86,1,MCC
6,27,87,0.06,MCC
6,27,88,1,MCC
6,27,89,0.9,MCC
6,27,90,1,MCC
6,27,91,1,MCC
6,27,92,0.34,MCC
6,27,93,0.55,MCC
6,27,94,1,MCC
6,27,95,1,MCC
6,27,96,0.275,MCC
6,27,97,0.39,MCC
6,27,98,0.725,MCC
6,27,99,0.815,MCC
5,22,51,1,CS
5,22,52,0.59,CS
5,22,53,0.715,CS
5,22,54,0.63,CS
5,22,55,0.765,CS
5,22,56,1,CS
5,22,57,0.885,CS
5,22,58,1,CS
5,22,59,1,CS
5,22,60,1,CS
5,22,61,0.995,CS
5,22,62,1,CS
5,22,63,1,CS
5,22,64,0.995,CS
5,22,65,0.93,CS
5,22,66,1,CS
5,22,67,1,CS
5,22,68,0.93,CS
5,22,69,0.665,CS
5,22,70,1,CS
5,22,71,0.95,CS
5,22,72,1,CS
5,22,73,0.76,CS
5,22,74,0.995,CS
5,22,75,0.585,CS
5,22,76,1,CS
5,22,77,0.745,CS
5,22,78,1,CS
5,22,79,0.515,CS
5,22,80,0.825,CS
5,22,81,1,CS
5,22,82,0.7,CS
5,22,83,1,CS
5,22,84,0.95,CS
5,22,85,0.83,CS
5,22,86,1,CS
5,22,87,0.77,CS
5,22,88,1,CS
5,22,89,1,CS
5,22,90,1,CS
5,22,91,1,CS
5,22,51,NA,MCC
5,22,52,0.21,MCC
5,22,53,0.16,MCC
5,22,54,0.32,MCC
5,22,55,0.5,MCC
5,22,56,1,MCC
5,22,57,1,MCC
5,22,58,1,MCC
5,22,59,0.76,MCC
5,22,60,1,MCC
5,22,61,0.95,MCC
5,22,62,0.995,MCC
5,22,63,0.585,MCC
5,22,64,0.26,MCC
5,22,65,1,MCC
5,22,66,0.745,MCC
5,22,67,1,MCC
5,22,68,0.825,MCC
5,22,69,1,MCC
5,22,70,0.7,MCC
5,22,71,0.405,MCC
5,22,72,0.125,MCC
5,22,73,0.715,MCC
5,22,74,0.115,MCC
5,22,75,0.93,MCC
5,22,76,0.93,MCC
5,22,77,1,MCC
5,22,78,1,MCC
5,22,79,0.34,MCC
5,22,80,0.63,MCC
5,22,81,0.995,MCC
5,22,82,0.765,MCC
5,22,83,1,MCC
5,22,84,0.885,MCC
5,22,85,1,MCC
5,22,86,1,MCC
5,22,87,1,MCC
5,22,88,0.995,MCC
5,22,89,1,MCC
5,22,90,1,MCC
5,22,91,0.365,MCC
5,22,92,0.265,MCC
5,22,93,0.83,MCC
5,22,94,1,MCC
5,22,95,1,MCC
5,22,96,0.77,MCC
5,22,97,1,MCC
5,22,98,0.95,MCC
5,22,99,1,MCC
5,13,51,1,CS
5,13,52,0.96,CS
5,13,53,0.61,CS
5,13,54,1,CS
5,13,55,1,CS
5,13,56,1,CS
5,13,57,1,CS
5,13,58,1,CS
5,13,59,1,CS
5,13,60,0.835,CS
5,13,61,0.965,CS
5,13,62,0.97,CS
5,13,63,0.63,CS
5,13,64,1,CS
5,13,65,1,CS
5,13,66,1,CS
5,13,67,1,CS
5,13,68,0.575,CS
5,13,69,1,CS
5,13,70,0.59,CS
5,13,71,1,CS
5,13,72,0.995,CS
5,13,73,0.995,CS
5,13,74,1,CS
5,13,75,1,CS
5,13,76,0.645,CS
5,13,77,0.99,CS
5,13,78,1,CS
5,13,79,0.62,CS
5,13,80,0.965,CS
5,13,81,0.88,CS
5,13,82,1,CS
5,13,83,1,CS
5,13,84,1,CS
5,13,85,1,CS
5,13,86,1,CS
5,13,87,0.52,CS
15,31,51,1,CS
15,31,52,1,CS
15,31,53,1,CS
15,31,54,1,CS
15,31,55,1,CS
15,31,56,1,CS
15,31,57,1,CS
15,31,58,1,CS
15,31,59,0.98,CS
15,31,60,0.99,CS
5,13,51,NA,MCC
5,13,52,0.08,MCC
5,13,53,0.07,MCC
5,13,54,0.09,MCC
5,13,55,0.445,MCC
5,13,56,1,MCC
5,13,57,1,MCC
5,13,58,0.25,MCC
5,13,59,0.11,MCC
5,13,60,0.04,MCC
5,13,61,0.05,MCC
5,13,62,0.145,MCC
5,13,63,0.11,MCC
5,13,64,0.96,MCC
5,13,65,0.965,MCC
5,13,66,0.97,MCC
5,13,67,0.175,MCC
5,13,68,1,MCC
5,13,69,1,MCC
5,13,70,1,MCC
5,13,71,1,MCC
5,13,72,0.61,MCC
5,13,73,0.255,MCC
5,13,74,1,MCC
5,13,75,1,MCC
5,13,76,1,MCC
5,13,77,1,MCC
5,13,78,0.145,MCC
5,13,79,0.835,MCC
5,13,80,0.345,MCC
5,13,81,1,MCC
5,13,82,1,MCC
5,13,83,0.575,MCC
5,13,84,0.965,MCC
5,13,85,0.88,MCC
5,13,86,1,MCC
5,13,87,1,MCC
5,13,88,1,MCC
5,13,89,1,MCC
5,13,90,0.345,MCC
5,13,91,1,MCC
5,13,92,0.22,MCC
5,13,93,1,MCC
5,13,94,0.995,MCC
5,13,95,0.995,MCC
5,13,96,1,MCC
5,13,97,1,MCC
5,13,98,0.645,MCC
5,13,99,0.99,MCC
15,31,51,NA,MCC
15,31,52,0.005,MCC
15,31,53,0.005,MCC
15,31,54,0.005,MCC
15,31,55,0.005,MCC
15,31,56,0.005,MCC
15,31,57,0.1,MCC
15,31,58,1,MCC
15,31,59,0.465,MCC
15,31,60,0.035,MCC
15,31,61,0.005,MCC
15,31,62,0.005,MCC
15,31,63,0.015,MCC
15,31,64,1,MCC
15,31,65,0.005,MCC
15,31,66,0.005,MCC
15,31,67,0.005,MCC
15,31,68,0.07,MCC
15,31,69,0.005,MCC
15,31,70,0.005,MCC
15,31,71,0.005,MCC
15,31,72,0.01,MCC
15,31,73,0.055,MCC
15,31,74,1,MCC
15,31,75,0.015,MCC
15,31,76,1,MCC
15,31,77,0.075,MCC
15,31,78,0.005,MCC
15,31,79,0.015,MCC
15,31,80,0.09,MCC
15,31,81,0.005,MCC
15,31,82,0.005,MCC
15,31,83,0.005,MCC
15,31,84,0.005,MCC
15,31,85,0.02,MCC
15,31,86,1,MCC
15,31,87,1,MCC
15,31,88,0.05,MCC
15,31,89,0.045,MCC
15,31,90,1,MCC
15,31,91,0.005,MCC
15,31,92,0.005,MCC
15,31,93,0.005,MCC
15,31,94,0.44,MCC
15,31,95,0.07,MCC
15,31,96,0.99,MCC
15,31,97,0.98,MCC
15,31,98,0.015,MCC
15,31,99,0.05,MCC
12,5,51,1,CS
12,5,52,0.89,CS
12,5,53,0.75,CS
12,5,54,1,CS
12,5,55,1,CS
12,5,56,0.615,CS
12,5,57,0.745,CS
12,5,58,1,CS
12,5,59,0.62,CS
12,5,60,1,CS
12,5,61,1,CS
12,5,62,1,CS
12,5,63,1,CS
12,5,64,1,CS
12,5,65,1,CS
12,5,66,1,CS
12,5,67,1,CS
12,5,68,1,CS
12,5,51,NA,MCC
12,5,52,0.005,MCC
12,5,53,0.005,MCC
12,5,54,0.005,MCC
12,5,55,0.005,MCC
12,5,56,0.18,MCC
12,5,57,1,MCC
12,5,58,0.02,MCC
12,5,59,0.005,MCC
12,5,60,0.02,MCC
12,5,61,0.745,MCC
12,5,62,1,MCC
12,5,63,0.31,MCC
12,5,64,1,MCC
12,5,65,1,MCC
12,5,66,0.005,MCC
12,5,67,0.005,MCC
12,5,68,0.005,MCC
12,5,69,0.04,MCC
12,5,70,0.155,MCC
12,5,71,0.115,MCC
12,5,72,1,MCC
12,5,73,0.01,MCC
12,5,74,0.005,MCC
12,5,75,0.03,MCC
12,5,76,0.62,MCC
12,5,77,1,MCC
12,5,78,0.005,MCC
12,5,79,0.005,MCC
12,5,80,0.01,MCC
12,5,81,0.075,MCC
12,5,82,1,MCC
12,5,83,0.005,MCC
12,5,84,0.015,MCC
12,5,85,0.01,MCC
12,5,86,0.015,MCC
12,5,87,1,MCC
12,5,88,1,MCC
12,5,89,0.615,MCC
12,5,90,0.075,MCC
12,5,91,0.445,MCC
12,5,92,1,MCC
12,5,93,1,MCC
12,5,94,0.01,MCC
12,5,95,0.02,MCC
12,5,96,0.89,MCC
12,5,97,0.75,MCC
12,5,98,1,MCC
12,5,99,0.13,MCC
6,40,51,1,CS
6,40,52,0.965,CS
6,40,53,0.64,CS
6,40,54,1,CS
6,40,55,1,CS
6,40,56,0.895,CS
6,40,57,1,CS
6,40,58,0.535,CS
6,40,59,1,CS
6,40,60,1,CS
6,40,61,0.825,CS
6,40,62,1,CS
6,40,63,0.54,CS
6,40,64,1,CS
6,40,65,1,CS
6,40,66,0.86,CS
6,40,67,1,CS
6,40,68,0.535,CS
6,40,69,0.93,CS
6,40,70,1,CS
6,40,71,0.905,CS
6,40,72,0.995,CS
6,40,73,0.985,CS
6,40,74,1,CS
6,40,75,1,CS
6,40,76,0.98,CS
6,40,77,1,CS
6,40,78,1,CS
6,40,79,0.675,CS
6,40,80,0.82,CS
6,40,81,1,CS
6,40,82,1,CS
6,40,83,1,CS
7,27,51,1,CS
7,27,52,0.53,CS
7,27,53,1,CS
7,27,54,1,CS
7,27,55,1,CS
7,27,56,1,CS
7,27,57,1,CS
7,27,58,1,CS
7,27,59,0.975,CS
7,27,60,1,CS
7,27,61,0.725,CS
7,27,62,1,CS
7,27,63,1,CS
7,27,64,0.97,CS
7,27,65,0.99,CS
7,27,66,1,CS
7,27,67,0.96,CS
7,27,68,0.98,CS
7,27,69,1,CS
7,27,70,1,CS
7,27,71,0.57,CS
7,27,72,1,CS
7,27,73,1,CS
7,27,74,1,CS
15,9,51,1,CS
15,9,52,1,CS
15,9,53,0.67,CS
15,9,54,1,CS
15,9,55,0.995,CS
15,9,56,1,CS
15,9,57,0.985,CS
15,9,58,1,CS
15,9,59,0.955,CS
15,9,60,1,CS
15,9,61,1,CS
15,9,62,1,CS
15,9,63,1,CS
15,9,64,1,CS
15,9,65,1,CS
6,40,51,NA,MCC
6,40,52,0.4,MCC
6,40,53,0.82,MCC
6,40,54,1,MCC
6,40,55,0.025,MCC
6,40,56,0.03,MCC
6,40,57,0.54,MCC
6,40,58,1,MCC
6,40,59,0.86,MCC
6,40,60,1,MCC
6,40,61,1,MCC
6,40,62,0.345,MCC
6,40,63,0.26,MCC
6,40,64,1,MCC
6,40,65,0.825,MCC
6,40,66,1,MCC
6,40,67,1,MCC
6,40,68,0.355,MCC
6,40,69,0.23,MCC
6,40,70,0.28,MCC
6,40,71,0.965,MCC
6,40,72,0.64,MCC
6,40,73,0.44,MCC
6,40,74,0.215,MCC
6,40,75,0.265,MCC
6,40,76,0.895,MCC
6,40,77,1,MCC
6,40,78,1,MCC
6,40,79,1,MCC
6,40,80,0.01,MCC
6,40,81,0.05,MCC
6,40,82,0.08,MCC
6,40,83,1,MCC
6,40,84,0.535,MCC
6,40,85,0.905,MCC
6,40,86,0.995,MCC
6,40,87,0.93,MCC
6,40,88,1,MCC
6,40,89,0.03,MCC
6,40,90,0.14,MCC
6,40,91,1,MCC
6,40,92,1,MCC
6,40,93,0.135,MCC
6,40,94,1,MCC
6,40,95,0.985,MCC
6,40,96,0.325,MCC
6,40,97,0.98,MCC
6,40,98,1,MCC
6,40,99,1,MCC
7,27,51,NA,MCC
7,27,52,0.07,MCC
7,27,53,0.02,MCC
7,27,54,0.005,MCC
7,27,55,0.155,MCC
7,27,56,0.305,MCC
7,27,57,1,MCC
7,27,58,1,MCC
7,27,59,0.005,MCC
7,27,60,0.005,MCC
7,27,61,0.005,MCC
7,27,62,0.05,MCC
7,27,63,0.165,MCC
7,27,64,0.355,MCC
7,27,65,0.16,MCC
7,27,66,0.53,MCC
7,27,67,0.48,MCC
7,27,68,1,MCC
7,27,69,1,MCC
7,27,70,1,MCC
7,27,71,1,MCC
7,27,72,1,MCC
7,27,73,0.005,MCC
7,27,74,0.025,MCC
7,27,75,0.325,MCC
7,27,76,0.005,MCC
7,27,77,0.01,MCC
7,27,78,1,MCC
7,27,79,0.04,MCC
7,27,80,0.005,MCC
7,27,81,0.015,MCC
7,27,82,0.57,MCC
7,27,83,0.01,MCC
7,27,84,1,MCC
7,27,85,0.175,MCC
7,27,86,1,MCC
7,27,87,0.975,MCC
7,27,88,1,MCC
7,27,89,0.12,MCC
7,27,90,1,MCC
7,27,91,1,MCC
7,27,92,0.97,MCC
7,27,93,0.99,MCC
7,27,94,0.24,MCC
7,27,95,1,MCC
7,27,96,0.43,MCC
7,27,97,0.96,MCC
7,27,98,0.98,MCC
7,27,99,1,MCC
15,9,51,NA,MCC
15,9,52,0.005,MCC
15,9,53,0.005,MCC
15,9,54,1,MCC
15,9,55,0.005,MCC
15,9,56,0.005,MCC
15,9,57,0.005,MCC
15,9,58,0.005,MCC
15,9,59,0.005,MCC
15,9,60,0.035,MCC
15,9,61,1,MCC
15,9,62,0.67,MCC
15,9,63,0.01,MCC
15,9,64,0.005,MCC
15,9,65,0.05,MCC
15,9,66,1,MCC
15,9,67,1,MCC
15,9,68,1,MCC
15,9,69,0.995,MCC
15,9,70,0.005,MCC
15,9,71,0.005,MCC
15,9,72,0.31,MCC
15,9,73,0.065,MCC
15,9,74,0.985,MCC
15,9,75,1,MCC
15,9,76,0.005,MCC
15,9,77,0.23,MCC
15,9,78,0.005,MCC
15,9,79,0.005,MCC
15,9,80,0.025,MCC
15,9,81,1,MCC
15,9,82,0.225,MCC
15,9,83,0.005,MCC
15,9,84,0.08,MCC
15,9,85,1,MCC
15,9,86,0.115,MCC
15,9,87,0.955,MCC
15,9,88,0.005,MCC
15,9,89,0.01,MCC
15,9,90,0.035,MCC
15,9,91,0.185,MCC
15,9,92,1,MCC
15,9,93,0.005,MCC
15,9,94,0.005,MCC
15,9,95,0.01,MCC
15,9,96,0.07,MCC
15,9,97,0.05,MCC
15,9,98,1,MCC
15,9,99,0.02,MCC
16,45,51,1,CS
16,45,52,1,CS
16,45,53,0.965,CS
16,45,54,1,CS
16,45,55,1,CS
16,45,56,0.89,CS
16,45,57,1,CS
16,45,58,1,CS
16,45,59,1,CS
16,45,60,1,CS
16,45,61,0.725,CS
16,45,62,1,CS
16,45,51,NA,MCC
16,45,52,0.005,MCC
16,45,53,0.005,MCC
16,45,54,0.02,MCC
16,45,55,0.005,MCC
16,45,56,0.005,MCC
16,45,57,0.005,MCC
16,45,58,0.05,MCC
16,45,59,0.08,MCC
16,45,60,1,MCC
16,45,61,0.08,MCC
16,45,62,1,MCC
16,45,63,1,MCC
16,45,64,0.89,MCC
16,45,65,0.005,MCC
16,45,66,0.005,MCC
16,45,67,0.005,MCC
16,45,68,0.005,MCC
16,45,69,0.04,MCC
16,45,70,0.375,MCC
16,45,71,1,MCC
16,45,72,0.155,MCC
16,45,73,0.04,MCC
16,45,74,0.08,MCC
16,45,75,1,MCC
16,45,76,0.385,MCC
16,45,77,0.005,MCC
16,45,78,0.08,MCC
16,45,79,0.005,MCC
16,45,80,0.005,MCC
16,45,81,0.005,MCC
16,45,82,0.005,MCC
16,45,83,0.045,MCC
16,45,84,1,MCC
16,45,85,1,MCC
16,45,86,0.965,MCC
16,45,87,0.21,MCC
16,45,88,1,MCC
16,45,89,0.005,MCC
16,45,90,0.005,MCC
16,45,91,0.005,MCC
16,45,92,0.005,MCC
16,45,93,0.725,MCC
16,45,94,0.105,MCC
16,45,95,0.005,MCC
16,45,96,0.005,MCC
16,45,97,0.01,MCC
16,45,98,0.055,MCC
16,45,99,0.04,MCC
4,36,51,1,CS
4,36,52,0.615,CS
4,36,53,0.97,CS
4,36,54,0.57,CS
4,36,55,0.515,CS
4,36,56,1,CS
4,36,57,1,CS
4,36,58,1,CS
4,36,59,1,CS
4,36,60,1,CS
4,36,61,1,CS
4,36,62,1,CS
4,36,63,0.805,CS
4,36,64,1,CS
4,36,65,1,CS
4,36,66,1,CS
4,36,67,1,CS
4,36,68,1,CS
4,36,69,0.655,CS
4,36,70,0.99,CS
4,36,71,0.965,CS
4,36,72,0.995,CS
4,36,73,1,CS
4,36,74,1,CS
4,36,75,1,CS
4,36,76,0.7,CS
4,36,77,0.995,CS
4,36,78,1,CS
4,36,79,0.945,CS
4,36,80,0.53,CS
4,36,81,1,CS
4,36,82,1,CS
4,36,83,1,CS
4,36,84,0.795,CS
4,36,85,1,CS
4,36,86,1,CS
4,36,87,0.735,CS
4,36,51,NA,MCC
4,36,52,0.7,MCC
4,36,53,1,MCC
4,36,54,0.995,MCC
4,36,55,0.43,MCC
4,36,56,0.2,MCC
4,36,57,0.05,MCC
4,36,58,0.04,MCC
4,36,59,0.185,MCC
4,36,60,0.655,MCC
4,36,61,0.99,MCC
4,36,62,0.965,MCC
4,36,63,1,MCC
4,36,64,0.995,MCC
4,36,65,1,MCC
4,36,66,1,MCC
4,36,67,0.325,MCC
4,36,68,0.055,MCC
4,36,69,0.155,MCC
4,36,70,0.14,MCC
4,36,71,1,MCC
4,36,72,0.735,MCC
4,36,73,0.945,MCC
4,36,74,0.53,MCC
4,36,75,1,MCC
4,36,76,1,MCC
4,36,77,0.615,MCC
4,36,78,0.325,MCC
4,36,79,0.805,MCC
4,36,80,1,MCC
4,36,81,1,MCC
4,36,82,1,MCC
4,36,83,1,MCC
4,36,84,0.97,MCC
4,36,85,0.57,MCC
4,36,86,0.515,MCC
4,36,87,1,MCC
4,36,88,0.23,MCC
4,36,89,1,MCC
4,36,90,1,MCC
4,36,91,1,MCC
4,36,92,1,MCC
4,36,93,0.365,MCC
4,36,94,1,MCC
4,36,95,1,MCC
4,36,96,1,MCC
4,36,97,1,MCC
4,36,98,0.16,MCC
4,36,99,1,MCC
16,31,51,1,CS
16,31,52,1,CS
16,31,53,0.565,CS
16,31,54,1,CS
16,31,55,1,CS
16,31,56,0.915,CS
16,31,57,0.615,CS
16,31,58,1,CS
16,31,59,0.955,CS
16,31,60,1,CS
16,31,61,1,CS
16,31,62,1,CS
16,31,63,0.525,CS
13,5,51,1,CS
13,5,52,0.995,CS
13,5,53,1,CS
13,5,54,0.94,CS
13,5,55,1,CS
13,5,56,0.86,CS
13,5,57,0.985,CS
13,5,58,1,CS
13,5,59,0.89,CS
13,5,60,1,CS
13,5,61,1,CS
13,5,62,1,CS
13,5,63,1,CS
13,5,64,1,CS
13,5,65,1,CS
13,5,66,1,CS
13,5,67,1,CS
16,31,51,NA,MCC
16,31,52,0.005,MCC
16,31,53,0.005,MCC
16,31,54,0.005,MCC
16,31,55,0.005,MCC
16,31,56,0.005,MCC
16,31,57,0.005,MCC
16,31,58,0.03,MCC
16,31,59,0.02,MCC
16,31,60,1,MCC
16,31,61,0.005,MCC
16,31,62,0.005,MCC
16,31,63,0.005,MCC
16,31,64,0.005,MCC
16,31,65,0.005,MCC
16,31,66,0.005,MCC
16,31,67,0.02,MCC
16,31,68,0.615,MCC
16,31,69,1,MCC
16,31,70,0.15,MCC
16,31,71,0.525,MCC
16,31,72,0.015,MCC
16,31,73,0.33,MCC
16,31,74,1,MCC
16,31,75,0.005,MCC
16,31,76,0.01,MCC
16,31,77,0.04,MCC
16,31,78,1,MCC
16,31,79,0.005,MCC
16,31,80,0.005,MCC
16,31,81,0.005,MCC
16,31,82,0.005,MCC
16,31,83,0.005,MCC
16,31,84,0.005,MCC
16,31,85,0.025,MCC
16,31,86,0.055,MCC
16,31,87,0.005,MCC
16,31,88,0.025,MCC
16,31,89,0.065,MCC
16,31,90,0.16,MCC
16,31,91,0.955,MCC
16,31,92,1,MCC
16,31,93,0.025,MCC
16,31,94,1,MCC
16,31,95,0.565,MCC
16,31,96,0.005,MCC
16,31,97,0.015,MCC
16,31,98,1,MCC
16,31,99,0.915,MCC
13,5,51,NA,MCC
13,5,52,0.005,MCC
13,5,53,0.005,MCC
13,5,54,0.005,MCC
13,5,55,0.005,MCC
13,5,56,0.04,MCC
13,5,57,0.015,MCC
13,5,58,0.01,MCC
13,5,59,0.055,MCC
13,5,60,1,MCC
13,5,61,0.125,MCC
13,5,62,0.005,MCC
13,5,63,0.02,MCC
13,5,64,1,MCC
13,5,65,1,MCC
13,5,66,0.005,MCC
13,5,67,0.005,MCC
13,5,68,0.06,MCC
13,5,69,0.94,MCC
13,5,70,1,MCC
13,5,71,0.995,MCC
13,5,72,0.215,MCC
13,5,73,1,MCC
13,5,74,0.005,MCC
13,5,75,0.005,MCC
13,5,76,1,MCC
13,5,77,0.025,MCC
13,5,78,0.02,MCC
13,5,79,0.065,MCC
13,5,80,0.89,MCC
13,5,81,1,MCC
13,5,82,0.055,MCC
13,5,83,0.005,MCC
13,5,84,0.005,MCC
13,5,85,0.005,MCC
13,5,86,0.005,MCC
13,5,87,0.09,MCC
13,5,88,1,MCC
13,5,89,0.065,MCC
13,5,90,1,MCC
13,5,91,0.86,MCC
13,5,92,0.985,MCC
13,5,93,0.025,MCC
13,5,94,1,MCC
13,5,95,0.01,MCC
13,5,96,0.02,MCC
13,5,97,0.035,MCC
13,5,98,0.46,MCC
13,5,99,1,MCC
6,22,51,1,CS
6,22,52,0.51,CS
6,22,53,0.76,CS
6,22,54,0.58,CS
6,22,55,1,CS
6,22,56,0.54,CS
6,22,57,1,CS
6,22,58,1,CS
6,22,59,1,CS
6,22,60,0.99,CS
6,22,61,1,CS
6,22,62,1,CS
6,22,63,0.985,CS
6,22,64,1,CS
6,22,65,1,CS
6,22,66,0.995,CS
6,22,67,0.965,CS
6,22,68,0.965,CS
6,22,69,1,CS
6,22,70,1,CS
6,22,71,0.96,CS
6,22,72,1,CS
6,22,73,0.655,CS
6,22,74,1,CS
6,22,75,1,CS
6,22,76,1,CS
6,22,77,1,CS
6,22,78,0.955,CS
6,22,79,0.97,CS
6,22,80,0.535,CS
6,22,81,0.995,CS
6,22,82,1,CS
6,22,83,1,CS
6,22,51,NA,MCC
6,22,52,0.06,MCC
6,22,53,1,MCC
6,22,54,1,MCC
6,22,55,0.02,MCC
6,22,56,0.085,MCC
6,22,57,0.245,MCC
6,22,58,1,MCC
6,22,59,0.655,MCC
6,22,60,1,MCC
6,22,61,0.97,MCC
6,22,62,0.535,MCC
6,22,63,0.195,MCC
6,22,64,0.145,MCC
6,22,65,0.51,MCC
6,22,66,0.76,MCC
6,22,67,0.335,MCC
6,22,68,0.495,MCC
6,22,69,0.985,MCC
6,22,70,0.58,MCC
6,22,71,0.99,MCC
6,22,72,1,MCC
6,22,73,1,MCC
6,22,74,1,MCC
6,22,75,0.54,MCC
6,22,76,1,MCC
6,22,77,1,MCC
6,22,78,1,MCC
6,22,79,1,MCC
6,22,80,1,MCC
6,22,81,0.995,MCC
6,22,82,0.04,MCC
6,22,83,0.455,MCC
6,22,84,1,MCC
6,22,85,0.215,MCC
6,22,86,1,MCC
6,22,87,0.205,MCC
6,22,88,1,MCC
6,22,89,0.955,MCC
6,22,90,0.195,MCC
6,22,91,0.995,MCC
6,22,92,0.355,MCC
6,22,93,1,MCC
6,22,94,0.5,MCC
6,22,95,0.965,MCC
6,22,96,0.965,MCC
6,22,97,1,MCC
6,22,98,0.35,MCC
6,22,99,0.96,MCC
16,9,51,1,CS
16,9,52,0.635,CS
16,9,53,0.99,CS
16,9,54,1,CS
16,9,55,1,CS
16,9,56,0.585,CS
16,9,57,1,CS
16,9,58,1,CS
16,9,59,1,CS
16,9,60,0.695,CS
16,9,61,1,CS
16,9,62,1,CS
16,9,63,0.675,CS
16,9,64,1,CS
16,9,65,1,CS
16,9,66,1,CS
16,9,67,1,CS
17,45,51,1,CS
17,45,52,0.7,CS
17,45,53,0.82,CS
17,45,54,1,CS
17,45,55,0.715,CS
17,45,56,0.975,CS
17,45,57,1,CS
17,45,58,0.885,CS
17,45,59,1,CS
17,45,60,0.955,CS
17,45,61,1,CS
17,45,62,0.695,CS
17,45,63,0.67,CS
16,9,51,NA,MCC
16,9,52,0.005,MCC
16,9,53,0.005,MCC
16,9,54,0.005,MCC
16,9,55,0.005,MCC
16,9,56,0.005,MCC
16,9,57,0.005,MCC
16,9,58,0.03,MCC
16,9,59,1,MCC
16,9,60,1,MCC
16,9,61,0.06,MCC
16,9,62,1,MCC
16,9,63,0.005,MCC
16,9,64,0.005,MCC
16,9,65,0.11,MCC
16,9,66,0.015,MCC
16,9,67,0.385,MCC
16,9,68,1,MCC
16,9,69,0.675,MCC
16,9,70,0.005,MCC
16,9,71,0.03,MCC
16,9,72,0.005,MCC
16,9,73,0.01,MCC
16,9,74,0.695,MCC
16,9,75,1,MCC
16,9,76,0.005,MCC
16,9,77,0.005,MCC
16,9,78,0.005,MCC
16,9,79,0.005,MCC
16,9,80,0.005,MCC
16,9,81,0.005,MCC
16,9,82,0.005,MCC
16,9,83,0.015,MCC
16,9,84,0.395,MCC
16,9,85,1,MCC
16,9,86,0.08,MCC
16,9,87,1,MCC
16,9,88,0.585,MCC
16,9,89,0.03,MCC
16,9,90,0.005,MCC
16,9,91,0.015,MCC
16,9,92,0.2,MCC
16,9,93,1,MCC
16,9,94,0.635,MCC
16,9,95,1,MCC
16,9,96,0.99,MCC
16,9,97,0.02,MCC
16,9,98,1,MCC
16,9,99,1,MCC
17,45,51,NA,MCC
17,45,52,0.005,MCC
17,45,53,0.005,MCC
17,45,54,0.005,MCC
17,45,55,0.005,MCC
17,45,56,0.01,MCC
17,45,57,0.67,MCC
17,45,58,0.005,MCC
17,45,59,0.23,MCC
17,45,60,0.37,MCC
17,45,61,0.005,MCC
17,45,62,0.005,MCC
17,45,63,0.005,MCC
17,45,64,0.005,MCC
17,45,65,0.04,MCC
17,45,66,0.135,MCC
17,45,67,0.23,MCC
17,45,68,0.01,MCC
17,45,69,0.695,MCC
17,45,70,0.005,MCC
17,45,71,0.005,MCC
17,45,72,0.025,MCC
17,45,73,0.005,MCC
17,45,74,0.005,MCC
17,45,75,0.025,MCC
17,45,76,0.005,MCC
17,45,77,0.005,MCC
17,45,78,0.21,MCC
17,45,79,1,MCC
17,45,80,1,MCC
17,45,81,0.885,MCC
17,45,82,0.05,MCC
17,45,83,0.955,MCC
17,45,84,0.03,MCC
17,45,85,0.005,MCC
17,45,86,0.005,MCC
17,45,87,0.005,MCC
17,45,88,0.005,MCC
17,45,89,0.02,MCC
17,45,90,0.7,MCC
17,45,91,0.07,MCC
17,45,92,1,MCC
17,45,93,0.025,MCC
17,45,94,0.715,MCC
17,45,95,0.975,MCC
17,45,96,0.005,MCC
17,45,97,0.03,MCC
17,45,98,1,MCC
17,45,99,0.03,MCC
3,18,51,1,CS
3,18,52,1,CS
3,18,53,0.95,CS
3,18,54,0.965,CS
3,18,55,1,CS
3,18,56,0.695,CS
3,18,57,0.545,CS
3,18,58,1,CS
3,18,59,1,CS
3,18,60,1,CS
3,18,61,1,CS
3,18,62,1,CS
3,18,63,1,CS
3,18,64,0.79,CS
3,18,65,1,CS
3,18,66,1,CS
3,18,67,1,CS
3,18,68,0.75,CS
3,18,69,0.975,CS
3,18,70,0.995,CS
3,18,71,1,CS
3,18,72,1,CS
3,18,73,1,CS
3,18,74,0.965,CS
3,18,75,1,CS
3,18,76,1,CS
3,18,77,1,CS
3,18,78,1,CS
3,18,79,0.91,CS
3,18,80,1,CS
3,18,81,1,CS
3,18,82,1,CS
3,18,83,1,CS
3,18,84,1,CS
3,18,85,1,CS
3,18,86,1,CS
3,18,87,1,CS
3,18,88,1,CS
3,18,89,0.765,CS
3,18,90,1,CS
3,18,91,1,CS
3,18,51,NA,MCC
3,18,52,0.245,MCC
3,18,53,0.18,MCC
3,18,54,1,MCC
3,18,55,0.95,MCC
3,18,56,1,MCC
3,18,57,0.975,MCC
3,18,58,1,MCC
3,18,59,0.75,MCC
3,18,60,0.965,MCC
3,18,61,1,MCC
3,18,62,1,MCC
3,18,63,1,MCC
3,18,64,1,MCC
3,18,65,0.79,MCC
3,18,66,1,MCC
3,18,67,0.695,MCC
3,18,68,0.305,MCC
3,18,69,0.545,MCC
3,18,70,1,MCC
3,18,71,1,MCC
3,18,72,1,MCC
3,18,73,0.995,MCC
3,18,74,0.36,MCC
3,18,75,1,MCC
3,18,76,1,MCC
3,18,77,1,MCC
3,18,78,0.43,MCC
3,18,79,0.965,MCC
3,18,80,1,MCC
3,18,81,1,MCC
3,18,82,0.765,MCC
3,18,83,1,MCC
3,18,84,1,MCC
3,18,85,0.28,MCC
3,18,86,0.445,MCC
3,18,87,1,MCC
3,18,88,1,MCC
3,18,89,1,MCC
3,18,90,0.91,MCC
3,18,91,1,MCC
3,18,92,1,MCC
3,18,93,1,MCC
3,18,94,1,MCC
3,18,95,1,MCC
3,18,96,1,MCC
3,18,97,1,MCC
3,18,98,0.495,MCC
3,18,99,1,MCC
7,40,51,1,CS
7,40,52,0.585,CS
7,40,53,0.97,CS
7,40,54,1,CS
7,40,55,0.555,CS
7,40,56,1,CS
7,40,57,0.69,CS
7,40,58,1,CS
7,40,59,0.79,CS
7,40,60,1,CS
7,40,61,0.59,CS
7,40,62,1,CS
7,40,63,1,CS
7,40,64,0.975,CS
7,40,65,1,CS
7,40,66,1,CS
7,40,67,0.675,CS
7,40,68,0.99,CS
7,40,69,0.6,CS
7,40,70,1,CS
7,40,71,1,CS
7,40,72,1,CS
7,40,73,0.98,CS
7,40,74,1,CS
7,40,75,1,CS
17,31,51,1,CS
17,31,52,0.885,CS
17,31,53,0.99,CS
17,31,54,1,CS
17,31,55,0.985,CS
17,31,56,1,CS
17,31,57,1,CS
17,31,58,0.94,CS
17,31,59,1,CS
17,31,60,0.995,CS
17,31,61,0.88,CS
17,31,62,1,CS
17,31,63,0.88,CS
14,5,51,1,CS
7,40,51,NA,MCC
7,40,52,0.41,MCC
7,40,53,1,MCC
7,40,54,0.065,MCC
7,40,55,0.015,MCC
7,40,56,0.09,MCC
7,40,57,0.035,MCC
7,40,58,0.04,MCC
7,40,59,0.99,MCC
7,40,60,0.27,MCC
7,40,61,1,MCC
7,40,62,0.045,MCC
7,40,63,0.26,MCC
7,40,64,0.12,MCC
7,40,65,0.395,MCC
7,40,66,0.585,MCC
7,40,67,0.255,MCC
7,40,68,0.125,MCC
7,40,69,0.97,MCC
7,40,70,1,MCC
7,40,71,0.225,MCC
7,40,72,0.555,MCC
7,40,73,1,MCC
7,40,74,0.18,MCC
7,40,75,1,MCC
7,40,76,0.4,MCC
7,40,77,1,MCC
7,40,78,0.02,MCC
7,40,79,0.015,MCC
7,40,80,0.18,MCC
7,40,81,0.085,MCC
7,40,82,0.125,MCC
7,40,83,0.59,MCC
7,40,84,1,MCC
7,40,85,1,MCC
7,40,86,0.975,MCC
7,40,87,1,MCC
7,40,88,0.675,MCC
7,40,89,1,MCC
7,40,90,0.69,MCC
7,40,91,0.14,MCC
7,40,92,1,MCC
7,40,93,1,MCC
7,40,94,0.1,MCC
7,40,95,0.075,MCC
7,40,96,0.48,MCC
7,40,97,0.135,MCC
7,40,98,1,MCC
7,40,99,0.98,MCC
17,31,51,NA,MCC
17,31,52,0.005,MCC
17,31,53,0.005,MCC
17,31,54,0.88,MCC
17,31,55,0.055,MCC
17,31,56,0.005,MCC
17,31,57,0.005,MCC
17,31,58,0.015,MCC
17,31,59,0.355,MCC
17,31,60,0.005,MCC
17,31,61,0.03,MCC
17,31,62,0.005,MCC
17,31,63,0.025,MCC
17,31,64,0.995,MCC
17,31,65,0.005,MCC
17,31,66,0.005,MCC
17,31,67,0.005,MCC
17,31,68,0.005,MCC
17,31,69,0.035,MCC
17,31,70,0.94,MCC
17,31,71,0.025,MCC
17,31,72,0.885,MCC
17,31,73,0.99,MCC
17,31,74,0.045,MCC
17,31,75,1,MCC
17,31,76,0.005,MCC
17,31,77,0.005,MCC
17,31,78,0.005,MCC
17,31,79,0.005,MCC
17,31,80,0.005,MCC
17,31,81,0.005,MCC
17,31,82,0.125,MCC
17,31,83,1,MCC
17,31,84,0.07,MCC
17,31,85,1,MCC
17,31,86,0.005,MCC
17,31,87,0.005,MCC
17,31,88,0.01,MCC
17,31,89,1,MCC
17,31,90,0.985,MCC
17,31,91,0.24,MCC
17,31,92,0.19,MCC
17,31,93,0.005,MCC
17,31,94,0.005,MCC
17,31,95,0.01,MCC
17,31,96,0.04,MCC
17,31,97,0.02,MCC
17,31,98,1,MCC
17,31,99,0.88,MCC
14,5,51,NA,MCC
14,5,52,0.005,MCC
14,5,53,0.005,MCC
14,5,54,0.005,MCC
14,5,55,0.005,MCC
14,5,56,0.025,MCC
14,5,57,0.02,MCC
14,5,58,0.005,MCC
14,5,59,0.025,MCC
14,5,60,0.005,MCC
14,5,61,0.025,MCC
14,5,62,0.005,MCC
14,5,63,0.005,MCC
14,5,64,0.005,MCC
14,5,65,0.02,MCC
14,5,66,0.005,MCC
14,5,67,0.005,MCC
14,5,68,0.025,MCC
14,5,69,0.005,MCC
14,5,70,0.005,MCC
14,5,71,0.005,MCC
14,5,72,0.005,MCC
14,5,73,0.015,MCC
14,5,74,0.005,MCC
14,5,75,0.025,MCC
14,5,76,0.005,MCC
14,5,77,0.005,MCC
14,5,78,0.035,MCC
14,5,79,0.02,MCC
14,5,80,0.005,MCC
14,5,81,0.005,MCC
14,5,82,0.005,MCC
14,5,83,0.025,MCC
14,5,84,0.005,MCC
14,5,85,0.01,MCC
14,5,86,0.03,MCC
14,5,87,0.005,MCC
14,5,88,0.015,MCC
14,5,89,0.005,MCC
14,5,90,0.005,MCC
14,5,91,0.005,MCC
14,5,92,0.005,MCC
14,5,93,0.005,MCC
14,5,94,0.02,MCC
14,5,95,0.005,MCC
14,5,96,0.005,MCC
14,5,97,0.055,MCC
14,5,98,0.005,MCC
14,5,99,0.03,MCC
2,45,51,1,CS
2,45,52,0.9,CS
2,45,53,1,CS
2,45,54,1,CS
2,45,55,0.985,CS
2,45,56,1,CS
2,45,57,0.97,CS
2,45,58,0.98,CS
2,45,59,0.63,CS
2,45,60,0.88,CS
2,45,61,1,CS
2,45,62,1,CS
2,45,63,0.985,CS
2,45,64,1,CS
2,45,65,0.995,CS
2,45,66,1,CS
2,45,67,0.95,CS
2,45,68,1,CS
2,45,69,1,CS
2,45,70,1,CS
2,45,71,1,CS
2,45,72,1,CS
2,45,73,1,CS
2,45,74,1,CS
2,45,75,1,CS
2,45,76,0.975,CS
2,45,77,1,CS
2,45,78,1,CS
2,45,79,1,CS
2,45,80,0.965,CS
2,45,81,1,CS
2,45,82,0.735,CS
2,45,83,1,CS
2,45,84,1,CS
2,45,85,1,CS
2,45,86,1,CS
2,45,87,0.775,CS
2,45,88,1,CS
2,45,89,0.755,CS
2,45,90,0.715,CS
2,45,91,1,CS
2,45,92,0.985,CS
2,45,93,1,CS
2,45,94,1,CS
2,45,95,1,CS
2,45,96,1,CS
2,45,51,NA,MCC
2,45,52,0.9,MCC
2,45,53,1,MCC
2,45,54,1,MCC
2,45,55,0.975,MCC
2,45,56,1,MCC
2,45,57,1,MCC
2,45,58,1,MCC
2,45,59,1,MCC
2,45,60,0.985,MCC
2,45,61,1,MCC
2,45,62,0.97,MCC
2,45,63,0.98,MCC
2,45,64,0.63,MCC
2,45,65,0.88,MCC
2,45,66,0.495,MCC
2,45,67,1,MCC
2,45,68,1,MCC
2,45,69,0.985,MCC
2,45,70,1,MCC
2,45,71,1,MCC
2,45,72,0.995,MCC
2,45,73,0.95,MCC
2,45,74,1,MCC
2,45,75,1,MCC
2,45,76,1,MCC
2,45,77,1,MCC
2,45,78,1,MCC
2,45,79,1,MCC
2,45,80,1,MCC
2,45,81,0.965,MCC
2,45,82,1,MCC
2,45,83,0.25,MCC
2,45,84,0.735,MCC
2,45,85,1,MCC
2,45,86,1,MCC
2,45,87,0.385,MCC
2,45,88,1,MCC
2,45,89,1,MCC
2,45,90,0.775,MCC
2,45,91,1,MCC
2,45,92,0.755,MCC
2,45,93,0.715,MCC
2,45,94,0.985,MCC
2,45,95,1,MCC
2,45,96,1,MCC
2,45,97,1,MCC
2,45,98,1,MCC
2,45,99,1,MCC
6,13,51,1,CS
6,13,52,1,CS
6,13,53,0.91,CS
6,13,54,0.505,CS
6,13,55,0.51,CS
6,13,56,0.98,CS
6,13,57,1,CS
6,13,58,1,CS
6,13,59,0.91,CS
6,13,60,1,CS
6,13,61,1,CS
6,13,62,1,CS
6,13,63,0.975,CS
6,13,64,0.76,CS
6,13,65,1,CS
6,13,66,0.975,CS
6,13,67,0.95,CS
6,13,68,1,CS
6,13,69,1,CS
6,13,70,0.705,CS
6,13,71,0.605,CS
6,13,72,1,CS
6,13,73,0.78,CS
6,13,74,0.93,CS
6,13,75,1,CS
6,13,76,1,CS
6,13,77,1,CS
6,13,78,1,CS
6,13,79,0.585,CS
6,13,80,0.59,CS
6,13,81,1,CS
6,13,82,1,CS
6,13,83,0.595,CS
6,13,84,1,CS
6,13,85,0.625,CS
6,13,86,1,CS
6,13,87,1,CS
6,13,51,NA,MCC
6,13,52,0.065,MCC
6,13,53,0.035,MCC
6,13,54,0.015,MCC
6,13,55,0.05,MCC
6,13,56,0.115,MCC
6,13,57,0.27,MCC
6,13,58,0.135,MCC
6,13,59,1,MCC
6,13,60,1,MCC
6,13,61,0.08,MCC
6,13,62,1,MCC
6,13,63,0.595,MCC
6,13,64,0.625,MCC
6,13,65,1,MCC
6,13,66,1,MCC
6,13,67,0.06,MCC
6,13,68,0.125,MCC
6,13,69,1,MCC
6,13,70,0.91,MCC
6,13,71,0.505,MCC
6,13,72,0.1,MCC
6,13,73,1,MCC
6,13,74,1,MCC
6,13,75,0.51,MCC
6,13,76,0.91,MCC
6,13,77,0.98,MCC
6,13,78,1,MCC
6,13,79,1,MCC
6,13,80,1,MCC
6,13,81,0.975,MCC
6,13,82,0.76,MCC
6,13,83,0.95,MCC
6,13,84,1,MCC
6,13,85,0.975,MCC
6,13,86,1,MCC
6,13,87,1,MCC
6,13,88,0.705,MCC
6,13,89,0.605,MCC
6,13,90,1,MCC
6,13,91,0.78,MCC
6,13,92,0.93,MCC
6,13,93,1,MCC
6,13,94,0.45,MCC
6,13,95,0.345,MCC
6,13,96,1,MCC
6,13,97,1,MCC
6,13,98,1,MCC
6,13,99,0.585,MCC
2,31,51,1,CS
2,31,52,0.905,CS
2,31,53,0.585,CS
2,31,54,0.91,CS
2,31,55,0.77,CS
2,31,56,1,CS
2,31,57,1,CS
2,31,58,1,CS
2,31,59,1,CS
2,31,60,1,CS
2,31,61,1,CS
2,31,62,1,CS
2,31,63,1,CS
2,31,64,1,CS
2,31,65,1,CS
2,31,66,1,CS
2,31,67,1,CS
2,31,68,0.855,CS
2,31,69,1,CS
2,31,70,1,CS
2,31,71,1,CS
2,31,72,1,CS
2,31,73,1,CS
2,31,74,1,CS
2,31,75,1,CS
2,31,76,1,CS
2,31,77,0.635,CS
2,31,78,1,CS
2,31,79,1,CS
2,31,80,1,CS
2,31,81,1,CS
2,31,82,1,CS
2,31,83,1,CS
2,31,84,1,CS
2,31,85,0.555,CS
2,31,86,1,CS
2,31,87,0.84,CS
2,31,88,1,CS
2,31,89,1,CS
2,31,90,1,CS
2,31,91,0.68,CS
2,31,92,0.6,CS
2,31,51,NA,MCC
2,31,52,0.43,MCC
2,31,53,1,MCC
2,31,54,0.46,MCC
2,31,55,1,MCC
2,31,56,1,MCC
2,31,57,1,MCC
2,31,58,1,MCC
2,31,59,0.39,MCC
2,31,60,1,MCC
2,31,61,1,MCC
2,31,62,0.635,MCC
2,31,63,0.46,MCC
2,31,64,1,MCC
2,31,65,1,MCC
2,31,66,1,MCC
2,31,67,0.485,MCC
2,31,68,0.555,MCC
2,31,69,1,MCC
2,31,70,0.84,MCC
2,31,71,1,MCC
2,31,72,1,MCC
2,31,73,1,MCC
2,31,74,0.6,MCC
2,31,75,0.68,MCC
2,31,76,0.905,MCC
2,31,77,0.585,MCC
2,31,78,0.91,MCC
2,31,79,0.77,MCC
2,31,80,1,MCC
2,31,81,1,MCC
2,31,82,1,MCC
2,31,83,1,MCC
2,31,84,1,MCC
2,31,85,1,MCC
2,31,86,1,MCC
2,31,87,1,MCC
2,31,88,1,MCC
2,31,89,1,MCC
2,31,90,1,MCC
2,31,91,1,MCC
2,31,92,0.855,MCC
2,31,93,1,MCC
2,31,94,0.285,MCC
2,31,95,0.18,MCC
2,31,96,1,MCC
2,31,97,1,MCC
2,31,98,1,MCC
2,31,99,1,MCC
7,22,51,1,CS
7,22,52,0.65,CS
7,22,53,0.965,CS
7,22,54,0.915,CS
7,22,55,1,CS
7,22,56,1,CS
7,22,57,1,CS
7,22,58,0.975,CS
7,22,59,1,CS
7,22,60,1,CS
7,22,61,0.92,CS
7,22,62,0.9,CS
7,22,63,0.835,CS
7,22,64,1,CS
7,22,65,1,CS
7,22,66,0.52,CS
7,22,67,0.9,CS
7,22,68,0.995,CS
7,22,69,0.995,CS
7,22,70,1,CS
7,22,71,0.545,CS
7,22,72,1,CS
7,22,73,1,CS
7,22,74,1,CS
7,22,75,1,CS
7,22,76,0.865,CS
7,22,77,0.79,CS
7,22,78,1,CS
7,22,79,1,CS
7,22,80,1,CS
7,22,81,0.64,CS
5,36,51,1,CS
5,36,52,0.515,CS
5,36,53,0.835,CS
5,36,54,0.945,CS
5,36,55,1,CS
5,36,56,1,CS
5,36,57,1,CS
5,36,58,0.845,CS
5,36,59,0.735,CS
5,36,60,1,CS
5,36,61,1,CS
5,36,62,1,CS
5,36,63,1,CS
5,36,64,1,CS
5,36,65,1,CS
5,36,66,0.98,CS
5,36,67,0.615,CS
5,36,68,0.92,CS
5,36,69,1,CS
5,36,70,1,CS
5,36,71,1,CS
5,36,72,0.765,CS
5,36,73,1,CS
5,36,74,1,CS
5,36,75,0.51,CS
5,36,76,1,CS
5,36,77,1,CS
5,36,78,0.545,CS
5,36,79,1,CS
5,36,80,0.905,CS
5,36,81,1,CS
5,36,82,1,CS
5,36,83,1,CS
7,22,51,NA,MCC
7,22,52,0.01,MCC
7,22,53,0.085,MCC
7,22,54,1,MCC
7,22,55,0.26,MCC
7,22,56,0.865,MCC
7,22,57,0.085,MCC
7,22,58,0.995,MCC
7,22,59,0.995,MCC
7,22,60,1,MCC
7,22,61,0.065,MCC
7,22,62,1,MCC
7,22,63,1,MCC
7,22,64,0.02,MCC
7,22,65,0.075,MCC
7,22,66,0.92,MCC
7,22,67,0.44,MCC
7,22,68,0.49,MCC
7,22,69,0.445,MCC
7,22,70,0.9,MCC
7,22,71,0.9,MCC
7,22,72,0.835,MCC
7,22,73,1,MCC
7,22,74,1,MCC
7,22,75,0.285,MCC
7,22,76,0.545,MCC
7,22,77,1,MCC
7,22,78,1,MCC
7,22,79,0.065,MCC
7,22,80,0.035,MCC
7,22,81,0.275,MCC
7,22,82,1,MCC
7,22,83,0.265,MCC
7,22,84,0.64,MCC
7,22,85,0.175,MCC
7,22,86,0.65,MCC
7,22,87,0.09,MCC
7,22,88,0.285,MCC
7,22,89,0.185,MCC
7,22,90,0.49,MCC
7,22,91,0.965,MCC
7,22,92,0.915,MCC
7,22,93,1,MCC
7,22,94,1,MCC
7,22,95,1,MCC
7,22,96,0.975,MCC
7,22,97,1,MCC
7,22,98,1,MCC
7,22,99,1,MCC
15,5,51,1,CS
4,18,51,1,CS
4,18,52,0.805,CS
4,18,53,0.6,CS
4,18,54,0.85,CS
4,18,55,0.54,CS
4,18,56,1,CS
4,18,57,1,CS
4,18,58,1,CS
4,18,59,1,CS
4,18,60,1,CS
4,18,61,1,CS
4,18,62,1,CS
4,18,63,0.52,CS
4,18,64,1,CS
4,18,65,1,CS
4,18,66,0.94,CS
4,18,67,1,CS
4,18,68,0.935,CS
4,18,69,1,CS
4,18,70,0.53,CS
4,18,71,1,CS
4,18,72,1,CS
4,18,73,1,CS
4,18,74,1,CS
4,18,75,1,CS
4,18,76,0.92,CS
4,18,77,0.88,CS
4,18,78,0.68,CS
4,18,79,1,CS
4,18,80,0.665,CS
4,18,81,1,CS
4,18,82,1,CS
4,18,83,1,CS
4,18,84,1,CS
4,18,85,1,CS
4,18,86,0.88,CS
4,18,87,1,CS
4,18,88,1,CS
4,18,89,1,CS
4,18,90,1,CS
4,18,91,0.565,CS
4,18,92,1,CS
4,18,93,1,CS
5,36,51,NA,MCC
5,36,52,0.205,MCC
5,36,53,0.01,MCC
5,36,54,0.01,MCC
5,36,55,0.06,MCC
5,36,56,1,MCC
5,36,57,1,MCC
5,36,58,0.2,MCC
5,36,59,0.92,MCC
5,36,60,1,MCC
5,36,61,1,MCC
5,36,62,0.15,MCC
5,36,63,0.005,MCC
5,36,64,0.14,MCC
5,36,65,0.905,MCC
5,36,66,0.025,MCC
5,36,67,0.02,MCC
5,36,68,0.005,MCC
5,36,69,0.515,MCC
5,36,70,0.835,MCC
5,36,71,0.945,MCC
5,36,72,1,MCC
5,36,73,1,MCC
5,36,74,1,MCC
5,36,75,1,MCC
5,36,76,1,MCC
5,36,77,0.765,MCC
5,36,78,1,MCC
5,36,79,0.055,MCC
5,36,80,0.105,MCC
5,36,81,1,MCC
5,36,82,1,MCC
5,36,83,0.405,MCC
5,36,84,0.98,MCC
5,36,85,1,MCC
5,36,86,1,MCC
5,36,87,0.295,MCC
5,36,88,0.335,MCC
5,36,89,1,MCC
5,36,90,0.545,MCC
5,36,91,0.415,MCC
5,36,92,0.845,MCC
5,36,93,0.735,MCC
5,36,94,1,MCC
5,36,95,1,MCC
5,36,96,1,MCC
5,36,97,1,MCC
5,36,98,0.51,MCC
5,36,99,1,MCC
4,18,51,NA,MCC
4,18,52,0.12,MCC
4,18,53,0.375,MCC
4,18,54,0.805,MCC
4,18,55,0.3,MCC
4,18,56,0.6,MCC
4,18,57,0.85,MCC
4,18,58,0.54,MCC
4,18,59,1,MCC
4,18,60,1,MCC
4,18,61,1,MCC
4,18,62,1,MCC
4,18,63,1,MCC
4,18,64,1,MCC
4,18,65,1,MCC
4,18,66,0.92,MCC
4,18,67,1,MCC
4,18,68,0.425,MCC
4,18,69,0.44,MCC
4,18,70,1,MCC
4,18,71,0.52,MCC
4,18,72,0.94,MCC
4,18,73,1,MCC
4,18,74,1,MCC
4,18,75,1,MCC
4,18,76,0.935,MCC
4,18,77,1,MCC
4,18,78,0.53,MCC
4,18,79,1,MCC
4,18,80,1,MCC
4,18,81,1,MCC
4,18,82,0.88,MCC
4,18,83,0.68,MCC
4,18,84,0.88,MCC
4,18,85,1,MCC
4,18,86,1,MCC
4,18,87,1,MCC
4,18,88,0.665,MCC
4,18,89,1,MCC
4,18,90,1,MCC
4,18,91,1,MCC
4,18,92,1,MCC
4,18,93,1,MCC
4,18,94,1,MCC
4,18,95,1,MCC
4,18,96,0.445,MCC
4,18,97,1,MCC
4,18,98,0.565,MCC
4,18,99,1,MCC
3,45,51,1,CS
3,45,52,0.66,CS
3,45,53,0.995,CS
3,45,54,1,CS
3,45,55,0.975,CS
3,45,56,0.6,CS
3,45,57,1,CS
3,45,58,0.99,CS
3,45,59,0.99,CS
3,45,60,1,CS
3,45,61,1,CS
3,45,62,1,CS
3,45,63,0.85,CS
3,45,64,1,CS
3,45,65,1,CS
3,45,66,1,CS
3,45,67,1,CS
3,45,68,1,CS
3,45,69,0.51,CS
3,45,70,1,CS
3,45,71,1,CS
3,45,72,0.995,CS
3,45,73,0.9,CS
3,45,74,1,CS
3,45,75,0.885,CS
3,45,76,1,CS
3,45,77,1,CS
3,45,78,1,CS
3,45,79,0.765,CS
3,45,80,1,CS
3,45,81,1,CS
3,45,82,0.83,CS
3,45,83,1,CS
3,45,84,1,CS
3,45,85,0.64,CS
3,45,86,0.8,CS
3,45,87,0.865,CS
3,45,88,0.555,CS
3,45,89,1,CS
3,45,90,0.92,CS
3,45,91,1,CS
3,45,92,1,CS
3,45,93,1,CS
3,45,94,1,CS
3,45,51,NA,MCC
3,45,52,0.66,MCC
3,45,53,0.995,MCC
3,45,54,0.9,MCC
3,45,55,0.4,MCC
3,45,56,1,MCC
3,45,57,0.885,MCC
3,45,58,1,MCC
3,45,59,1,MCC
3,45,60,0.495,MCC
3,45,61,0.51,MCC
3,45,62,1,MCC
3,45,63,1,MCC
3,45,64,0.995,MCC
3,45,65,0.975,MCC
3,45,66,0.42,MCC
3,45,67,0.6,MCC
3,45,68,1,MCC
3,45,69,0.99,MCC
3,45,70,0.4,MCC
3,45,71,0.99,MCC
3,45,72,1,MCC
3,45,73,1,MCC
3,45,74,1,MCC
3,45,75,0.85,MCC
3,45,76,1,MCC
3,45,77,1,MCC
3,45,78,1,MCC
3,45,79,1,MCC
3,45,80,1,MCC
3,45,81,1,MCC
3,45,82,1,MCC
3,45,83,0.41,MCC
3,45,84,0.765,MCC
3,45,85,1,MCC
3,45,86,1,MCC
3,45,87,1,MCC
3,45,88,0.83,MCC
3,45,89,1,MCC
3,45,90,0.64,MCC
3,45,91,0.8,MCC
3,45,92,0.865,MCC
3,45,93,0.555,MCC
3,45,94,1,MCC
3,45,95,0.92,MCC
3,45,96,1,MCC
3,45,97,1,MCC
3,45,98,1,MCC
3,45,99,1,MCC
15,5,51,NA,MCC
15,5,52,0.005,MCC
15,5,53,0.005,MCC
15,5,54,0.005,MCC
15,5,55,0.005,MCC
15,5,56,0.005,MCC
15,5,57,0.02,MCC
15,5,58,0.005,MCC
15,5,59,0.02,MCC
15,5,60,0.035,MCC
15,5,61,0.005,MCC
15,5,62,0.005,MCC
15,5,63,0.005,MCC
15,5,64,0.005,MCC
15,5,65,0.015,MCC
15,5,66,0.005,MCC
15,5,67,0.005,MCC
15,5,68,0.005,MCC
15,5,69,0.02,MCC
15,5,70,0.005,MCC
15,5,71,0.02,MCC
15,5,72,0.005,MCC
15,5,73,0.005,MCC
15,5,74,0.005,MCC
15,5,75,0.005,MCC
15,5,76,0.005,MCC
15,5,77,0.025,MCC
15,5,78,0.005,MCC
15,5,79,0.005,MCC
15,5,80,0.005,MCC
15,5,81,0.035,MCC
15,5,82,0.02,MCC
15,5,83,0.005,MCC
15,5,84,0.015,MCC
15,5,85,0.02,MCC
15,5,86,0.015,MCC
15,5,87,0.005,MCC
15,5,88,0.005,MCC
15,5,89,0.015,MCC
15,5,90,0.025,MCC
15,5,91,0.005,MCC
15,5,92,0.005,MCC
15,5,93,0.025,MCC
15,5,94,0.005,MCC
15,5,95,0.02,MCC
15,5,96,0.005,MCC
15,5,97,0.02,MCC
15,5,98,0.02,MCC
15,5,99,0.03,MCC
8,27,51,1,CS
8,27,52,0.685,CS
8,27,53,0.96,CS
8,27,54,1,CS
8,27,55,0.985,CS
8,27,56,0.65,CS
8,27,57,1,CS
8,27,58,0.81,CS
8,27,59,1,CS
8,27,60,0.915,CS
8,27,61,1,CS
8,27,62,1,CS
8,27,63,1,CS
8,27,64,1,CS
8,27,65,1,CS
8,27,66,1,CS
8,27,67,1,CS
8,27,68,1,CS
8,27,69,0.965,CS
8,27,70,0.775,CS
8,27,71,0.525,CS
8,27,72,1,CS
8,27,73,1,CS
8,27,74,1,CS
8,27,51,NA,MCC
8,27,52,0.005,MCC
8,27,53,0.005,MCC
8,27,54,0.005,MCC
8,27,55,0.005,MCC
8,27,56,0.055,MCC
8,27,57,0.13,MCC
8,27,58,0.01,MCC
8,27,59,0.02,MCC
8,27,60,1,MCC
8,27,61,1,MCC
8,27,62,0.045,MCC
8,27,63,1,MCC
8,27,64,0.23,MCC
8,27,65,0.01,MCC
8,27,66,0.055,MCC
8,27,67,0.81,MCC
8,27,68,1,MCC
8,27,69,1,MCC
8,27,70,0.915,MCC
8,27,71,1,MCC
8,27,72,1,MCC
8,27,73,0.005,MCC
8,27,74,0.005,MCC
8,27,75,0.005,MCC
8,27,76,0.16,MCC
8,27,77,0.49,MCC
8,27,78,1,MCC
8,27,79,0.475,MCC
8,27,80,1,MCC
8,27,81,1,MCC
8,27,82,1,MCC
8,27,83,0.155,MCC
8,27,84,0.685,MCC
8,27,85,0.65,MCC
8,27,86,1,MCC
8,27,87,0.96,MCC
8,27,88,1,MCC
8,27,89,0.985,MCC
8,27,90,0.005,MCC
8,27,91,0.135,MCC
8,27,92,1,MCC
8,27,93,0.965,MCC
8,27,94,0.775,MCC
8,27,95,0.525,MCC
8,27,96,0.1,MCC
8,27,97,0.005,MCC
8,27,98,0.085,MCC
8,27,99,0.065,MCC
7,13,51,1,CS
7,13,52,0.575,CS
7,13,53,0.79,CS
7,13,54,0.93,CS
7,13,55,0.98,CS
7,13,56,1,CS
7,13,57,0.535,CS
7,13,58,1,CS
7,13,59,1,CS
7,13,60,1,CS
7,13,61,0.755,CS
7,13,62,1,CS
7,13,63,1,CS
7,13,64,1,CS
7,13,65,1,CS
7,13,66,1,CS
7,13,67,0.58,CS
7,13,68,0.58,CS
7,13,69,0.755,CS
7,13,70,1,CS
7,13,71,1,CS
7,13,72,1,CS
7,13,73,0.68,CS
7,13,74,0.985,CS
7,13,75,1,CS
7,13,76,0.805,CS
7,13,77,1,CS
7,13,78,0.595,CS
7,13,79,1,CS
7,13,80,1,CS
7,13,81,0.765,CS
7,13,82,1,CS
7,13,83,1,CS
7,13,51,NA,MCC
7,13,52,0.055,MCC
7,13,53,0.005,MCC
7,13,54,0.015,MCC
7,13,55,0.04,MCC
7,13,56,0.58,MCC
7,13,57,0.755,MCC
7,13,58,1,MCC
7,13,59,1,MCC
7,13,60,0.68,MCC
7,13,61,1,MCC
7,13,62,0.985,MCC
7,13,63,1,MCC
7,13,64,0.805,MCC
7,13,65,1,MCC
7,13,66,0.175,MCC
7,13,67,0.405,MCC
7,13,68,0.055,MCC
7,13,69,0.075,MCC
7,13,70,0.575,MCC
7,13,71,0.105,MCC
7,13,72,0.755,MCC
7,13,73,1,MCC
7,13,74,1,MCC
7,13,75,0.79,MCC
7,13,76,0.93,MCC
7,13,77,0.98,MCC
7,13,78,1,MCC
7,13,79,0.535,MCC
7,13,80,1,MCC
7,13,81,1,MCC
7,13,82,1,MCC
7,13,83,0.425,MCC
7,13,84,0.36,MCC
7,13,85,0.205,MCC
7,13,86,1,MCC
7,13,87,1,MCC
7,13,88,0.58,MCC
7,13,89,1,MCC
7,13,90,1,MCC
7,13,91,1,MCC
7,13,92,0.235,MCC
7,13,93,0.765,MCC
7,13,94,0.095,MCC
7,13,95,0.595,MCC
7,13,96,1,MCC
7,13,97,1,MCC
7,13,98,0.095,MCC
7,13,99,0.26,MCC
8,40,51,1,CS
8,40,52,0.97,CS
8,40,53,0.99,CS
8,40,54,0.6,CS
8,40,55,0.905,CS
8,40,56,1,CS
8,40,57,1,CS
8,40,58,0.96,CS
8,40,59,1,CS
8,40,60,0.805,CS
8,40,61,1,CS
8,40,62,1,CS
8,40,63,0.995,CS
8,40,64,1,CS
8,40,65,0.91,CS
8,40,66,1,CS
8,40,67,0.645,CS
8,40,68,0.645,CS
8,40,69,1,CS
8,40,70,0.995,CS
8,40,71,0.95,CS
8,40,72,1,CS
8,40,73,1,CS
8,40,51,NA,MCC
8,40,52,0.005,MCC
8,40,53,0.005,MCC
8,40,54,0.01,MCC
8,40,55,0.01,MCC
8,40,56,0.055,MCC
8,40,57,0.805,MCC
8,40,58,1,MCC
8,40,59,1,MCC
8,40,60,0.145,MCC
8,40,61,0.295,MCC
8,40,62,0.04,MCC
8,40,63,0.375,MCC
8,40,64,0.995,MCC
8,40,65,0.005,MCC
8,40,66,0.225,MCC
8,40,67,0.09,MCC
8,40,68,0.39,MCC
8,40,69,0.95,MCC
8,40,70,1,MCC
8,40,71,0.005,MCC
8,40,72,0.005,MCC
8,40,73,0.005,MCC
8,40,74,0.085,MCC
8,40,75,1,MCC
8,40,76,1,MCC
8,40,77,1,MCC
8,40,78,0.96,MCC
8,40,79,0.025,MCC
8,40,80,0.195,MCC
8,40,81,0.91,MCC
8,40,82,1,MCC
8,40,83,0.005,MCC
8,40,84,0.025,MCC
8,40,85,0.03,MCC
8,40,86,0.995,MCC
8,40,87,1,MCC
8,40,88,0.495,MCC
8,40,89,1,MCC
8,40,90,0.205,MCC
8,40,91,0.645,MCC
8,40,92,0.645,MCC
8,40,93,0.97,MCC
8,40,94,0.905,MCC
8,40,95,1,MCC
8,40,96,0.99,MCC
8,40,97,0.275,MCC
8,40,98,0.325,MCC
8,40,99,0.6,MCC
8,22,51,1,CS
8,22,52,0.51,CS
8,22,53,0.68,CS
8,22,54,1,CS
8,22,55,1,CS
8,22,56,1,CS
8,22,57,0.99,CS
8,22,58,0.555,CS
8,22,59,0.98,CS
8,22,60,1,CS
8,22,61,0.675,CS
8,22,62,0.78,CS
8,22,63,0.68,CS
8,22,64,1,CS
8,22,65,0.995,CS
8,22,66,1,CS
8,22,67,1,CS
8,22,68,0.745,CS
8,22,69,0.595,CS
8,22,70,1,CS
8,22,71,1,CS
8,22,72,1,CS
8,22,73,1,CS
8,22,74,1,CS
8,22,75,1,CS
8,22,76,1,CS
8,22,77,0.63,CS
8,22,78,1,CS
8,22,79,0.955,CS
8,22,51,NA,MCC
8,22,52,0.225,MCC
8,22,53,0.3,MCC
8,22,54,0.095,MCC
8,22,55,1,MCC
8,22,56,0.555,MCC
8,22,57,0.06,MCC
8,22,58,0.675,MCC
8,22,59,0.425,MCC
8,22,60,0.98,MCC
8,22,61,1,MCC
8,22,62,1,MCC
8,22,63,0.315,MCC
8,22,64,0.355,MCC
8,22,65,0.265,MCC
8,22,66,0.02,MCC
8,22,67,0.03,MCC
8,22,68,0.995,MCC
8,22,69,1,MCC
8,22,70,1,MCC
8,22,71,0.08,MCC
8,22,72,0.51,MCC
8,22,73,0.155,MCC
8,22,74,0.99,MCC
8,22,75,0.46,MCC
8,22,76,1,MCC
8,22,77,1,MCC
8,22,78,1,MCC
8,22,79,1,MCC
8,22,80,1,MCC
8,22,81,0.345,MCC
8,22,82,0.63,MCC
8,22,83,1,MCC
8,22,84,1,MCC
8,22,85,0.085,MCC
8,22,86,0.955,MCC
8,22,87,0.78,MCC
8,22,88,0.68,MCC
8,22,89,1,MCC
8,22,90,0.305,MCC
8,22,91,0.28,MCC
8,22,92,0.02,MCC
8,22,93,0.16,MCC
8,22,94,0.29,MCC
8,22,95,0.23,MCC
8,22,96,1,MCC
8,22,97,1,MCC
8,22,98,0.745,MCC
8,22,99,0.595,MCC
5,18,51,1,CS
5,18,52,0.63,CS
5,18,53,0.595,CS
5,18,54,0.995,CS
5,18,55,0.585,CS
5,18,56,1,CS
5,18,57,1,CS
5,18,58,1,CS
5,18,59,1,CS
5,18,60,0.645,CS
5,18,61,1,CS
5,18,62,0.89,CS
5,18,63,1,CS
5,18,64,1,CS
5,18,65,1,CS
5,18,66,0.595,CS
5,18,67,1,CS
5,18,68,1,CS
5,18,69,1,CS
5,18,70,1,CS
5,18,71,0.88,CS
5,18,72,1,CS
5,18,73,1,CS
5,18,74,0.565,CS
5,18,75,0.875,CS
5,18,76,0.98,CS
5,18,77,1,CS
5,18,78,1,CS
5,18,79,1,CS
5,18,80,1,CS
5,18,81,0.58,CS
5,18,82,1,CS
5,18,83,1,CS
5,18,84,1,CS
5,18,85,0.995,CS
5,18,86,1,CS
5,18,87,1,CS
5,18,88,1,CS
5,18,89,1,CS
17,9,51,1,CS
17,9,52,1,CS
17,9,53,0.775,CS
17,9,54,1,CS
17,9,55,0.91,CS
17,9,56,1,CS
17,9,57,0.9,CS
17,9,58,1,CS
17,9,59,1,CS
17,9,60,1,CS
17,9,61,1,CS
17,9,62,0.56,CS
17,9,63,1,CS
17,9,64,1,CS
5,18,51,NA,MCC
5,18,52,0.565,MCC
5,18,53,0.875,MCC
5,18,54,0.58,MCC
5,18,55,1,MCC
5,18,56,1,MCC
5,18,57,1,MCC
5,18,58,0.98,MCC
5,18,59,1,MCC
5,18,60,1,MCC
5,18,61,1,MCC
5,18,62,1,MCC
5,18,63,0.995,MCC
5,18,64,1,MCC
5,18,65,1,MCC
5,18,66,0.045,MCC
5,18,67,0.63,MCC
5,18,68,0.4,MCC
5,18,69,0.39,MCC
5,18,70,0.45,MCC
5,18,71,0.405,MCC
5,18,72,0.88,MCC
5,18,73,1,MCC
5,18,74,1,MCC
5,18,75,1,MCC
5,18,76,1,MCC
5,18,77,1,MCC
5,18,78,1,MCC
5,18,79,1,MCC
5,18,80,1,MCC
5,18,81,0.595,MCC
5,18,82,0.595,MCC
5,18,83,0.995,MCC
5,18,84,0.585,MCC
5,18,85,1,MCC
5,18,86,1,MCC
5,18,87,0.44,MCC
5,18,88,0.45,MCC
5,18,89,1,MCC
5,18,90,1,MCC
5,18,91,0.645,MCC
5,18,92,1,MCC
5,18,93,1,MCC
5,18,94,0.89,MCC
5,18,95,0.205,MCC
5,18,96,0.5,MCC
5,18,97,0.165,MCC
5,18,98,1,MCC
5,18,99,1,MCC
17,9,51,NA,MCC
17,9,52,0.005,MCC
17,9,53,0.005,MCC
17,9,54,0.005,MCC
17,9,55,0.005,MCC
17,9,56,0.01,MCC
17,9,57,0.255,MCC
17,9,58,1,MCC
17,9,59,0.775,MCC
17,9,60,0.01,MCC
17,9,61,0.005,MCC
17,9,62,0.015,MCC
17,9,63,1,MCC
17,9,64,1,MCC
17,9,65,0.03,MCC
17,9,66,1,MCC
17,9,67,0.005,MCC
17,9,68,0.005,MCC
17,9,69,0.005,MCC
17,9,70,0.005,MCC
17,9,71,0.015,MCC
17,9,72,1,MCC
17,9,73,0.005,MCC
17,9,74,0.005,MCC
17,9,75,0.005,MCC
17,9,76,0.015,MCC
17,9,77,0.005,MCC
17,9,78,0.09,MCC
17,9,79,1,MCC
17,9,80,0.015,MCC
17,9,81,0.56,MCC
17,9,82,0.005,MCC
17,9,83,0.065,MCC
17,9,84,0.425,MCC
17,9,85,0.105,MCC
17,9,86,1,MCC
17,9,87,1,MCC
17,9,88,0.005,MCC
17,9,89,0.005,MCC
17,9,90,0.01,MCC
17,9,91,0.03,MCC
17,9,92,0.105,MCC
17,9,93,0.28,MCC
17,9,94,0.005,MCC
17,9,95,0.05,MCC
17,9,96,0.09,MCC
17,9,97,1,MCC
17,9,98,0.91,MCC
17,9,99,0.9,MCC
4,45,51,1,CS
4,45,52,0.59,CS
4,45,53,0.82,CS
4,45,54,0.98,CS
4,45,55,0.88,CS
4,45,56,0.855,CS
4,45,57,0.825,CS
4,45,58,0.715,CS
4,45,59,0.975,CS
4,45,60,0.945,CS
4,45,61,0.9,CS
4,45,62,1,CS
4,45,63,0.885,CS
4,45,64,0.74,CS
4,45,65,1,CS
4,45,66,1,CS
4,45,67,0.79,CS
4,45,68,1,CS
4,45,69,1,CS
4,45,70,1,CS
4,45,71,1,CS
4,45,72,1,CS
4,45,73,1,CS
4,45,74,1,CS
4,45,75,0.995,CS
4,45,76,0.735,CS
4,45,77,1,CS
4,45,78,1,CS
4,45,79,1,CS
4,45,80,0.64,CS
4,45,81,0.9,CS
4,45,82,0.735,CS
4,45,83,1,CS
4,45,84,1,CS
4,45,85,0.975,CS
4,45,86,1,CS
4,45,87,0.975,CS
4,45,88,0.75,CS
4,45,89,0.51,CS
4,45,90,0.965,CS
4,45,91,1,CS
4,45,92,0.85,CS
4,45,93,1,CS
4,45,94,0.99,CS
4,45,95,1,CS
8,13,51,1,CS
8,13,52,0.885,CS
8,13,53,0.995,CS
8,13,54,0.735,CS
8,13,55,1,CS
8,13,56,1,CS
8,13,57,1,CS
8,13,58,1,CS
8,13,59,0.81,CS
8,13,60,1,CS
8,13,61,1,CS
8,13,62,0.915,CS
8,13,63,1,CS
8,13,64,0.54,CS
8,13,65,0.515,CS
8,13,66,1,CS
8,13,67,0.51,CS
8,13,68,1,CS
8,13,69,0.785,CS
8,13,70,1,CS
8,13,71,0.98,CS
8,13,72,0.77,CS
8,13,73,1,CS
8,13,74,0.94,CS
8,13,75,0.7,CS
8,13,76,0.975,CS
8,13,77,1,CS
8,13,78,0.715,CS
8,13,79,1,CS
8,13,80,1,CS
8,13,81,1,CS
8,13,82,0.52,CS
8,13,83,1,CS
8,13,51,NA,MCC
8,13,52,0.005,MCC
8,13,53,0.03,MCC
8,13,54,0.425,MCC
8,13,55,0.52,MCC
8,13,56,1,MCC
8,13,57,0.885,MCC
8,13,58,0.205,MCC
8,13,59,0.54,MCC
8,13,60,0.51,MCC
8,13,61,1,MCC
8,13,62,0.515,MCC
8,13,63,1,MCC
8,13,64,0.995,MCC
8,13,65,0.735,MCC
8,13,66,0.41,MCC
8,13,67,1,MCC
8,13,68,1,MCC
8,13,69,1,MCC
8,13,70,1,MCC
8,13,71,0.81,MCC
8,13,72,1,MCC
8,13,73,1,MCC
8,13,74,1,MCC
8,13,75,0.915,MCC
8,13,76,0.005,MCC
8,13,77,0.085,MCC
8,13,78,0.11,MCC
8,13,79,1,MCC
8,13,80,0.715,MCC
8,13,81,0.12,MCC
8,13,82,0.785,MCC
8,13,83,1,MCC
8,13,84,0.98,MCC
8,13,85,0.77,MCC
8,13,86,1,MCC
8,13,87,0.94,MCC
8,13,88,0.7,MCC
8,13,89,0.975,MCC
8,13,90,0.01,MCC
8,13,91,0.065,MCC
8,13,92,1,MCC
8,13,93,0.24,MCC
8,13,94,1,MCC
8,13,95,0.245,MCC
8,13,96,0.465,MCC
8,13,97,0.27,MCC
8,13,98,0.03,MCC
8,13,99,1,MCC
4,45,51,NA,MCC
4,45,52,0.59,MCC
4,45,53,0.82,MCC
4,45,54,0.64,MCC
4,45,55,0.9,MCC
4,45,56,0.475,MCC
4,45,57,0.28,MCC
4,45,58,0.975,MCC
4,45,59,0.735,MCC
4,45,60,1,MCC
4,45,61,1,MCC
4,45,62,1,MCC
4,45,63,0.98,MCC
4,45,64,0.88,MCC
4,45,65,0.855,MCC
4,45,66,0.79,MCC
4,45,67,1,MCC
4,45,68,1,MCC
4,45,69,1,MCC
4,45,70,0.825,MCC
4,45,71,0.715,MCC
4,45,72,0.975,MCC
4,45,73,0.945,MCC
4,45,74,0.9,MCC
4,45,75,1,MCC
4,45,76,0.885,MCC
4,45,77,0.74,MCC
4,45,78,0.48,MCC
4,45,79,1,MCC
4,45,80,0.48,MCC
4,45,81,1,MCC
4,45,82,1,MCC
4,45,83,1,MCC
4,45,84,1,MCC
4,45,85,1,MCC
4,45,86,0.995,MCC
4,45,87,0.735,MCC
4,45,88,1,MCC
4,45,89,1,MCC
4,45,90,1,MCC
4,45,91,0.975,MCC
4,45,92,0.75,MCC
4,45,93,0.51,MCC
4,45,94,0.85,MCC
4,45,95,0.965,MCC
4,45,96,1,MCC
4,45,97,1,MCC
4,45,98,0.99,MCC
4,45,99,1,MCC
9,27,51,1,CS
9,27,52,0.675,CS
9,27,53,1,CS
9,27,54,0.81,CS
9,27,55,0.92,CS
9,27,56,0.835,CS
9,27,57,1,CS
9,27,58,1,CS
9,27,59,1,CS
9,27,60,1,CS
9,27,61,1,CS
9,27,62,1,CS
9,27,63,0.72,CS
9,27,64,1,CS
9,27,65,0.985,CS
9,27,66,0.98,CS
9,27,67,1,CS
9,27,68,1,CS
9,27,69,1,CS
9,27,70,0.645,CS
9,27,71,1,CS
9,27,72,1,CS
9,27,73,0.64,CS
9,27,74,0.99,CS
3,31,51,1,CS
3,31,52,0.99,CS
3,31,53,0.915,CS
3,31,54,1,CS
3,31,55,1,CS
3,31,56,1,CS
3,31,57,1,CS
3,31,58,1,CS
3,31,59,1,CS
3,31,60,1,CS
3,31,61,0.87,CS
3,31,62,0.85,CS
3,31,63,1,CS
3,31,64,0.98,CS
3,31,65,0.595,CS
3,31,66,0.73,CS
3,31,67,1,CS
3,31,68,1,CS
3,31,69,1,CS
3,31,70,1,CS
3,31,71,1,CS
3,31,72,1,CS
3,31,73,1,CS
3,31,74,1,CS
3,31,75,1,CS
3,31,76,1,CS
3,31,77,1,CS
3,31,78,1,CS
3,31,79,1,CS
3,31,80,1,CS
3,31,81,1,CS
3,31,82,1,CS
3,31,83,0.985,CS
3,31,84,0.74,CS
3,31,85,0.98,CS
3,31,86,1,CS
3,31,87,1,CS
3,31,88,1,CS
9,27,51,NA,MCC
9,27,52,0.005,MCC
9,27,53,0.005,MCC
9,27,54,0.005,MCC
9,27,55,0.055,MCC
9,27,56,0.095,MCC
9,27,57,0.99,MCC
9,27,58,0.675,MCC
9,27,59,0.835,MCC
9,27,60,1,MCC
9,27,61,1,MCC
9,27,62,1,MCC
9,27,63,0.81,MCC
9,27,64,0.92,MCC
9,27,65,0.265,MCC
9,27,66,0.045,MCC
9,27,67,0.005,MCC
9,27,68,0.05,MCC
9,27,69,0.64,MCC
9,27,70,0.015,MCC
9,27,71,0.01,MCC
9,27,72,0.29,MCC
9,27,73,1,MCC
9,27,74,0.005,MCC
9,27,75,0.005,MCC
9,27,76,0.005,MCC
9,27,77,0.01,MCC
9,27,78,1,MCC
9,27,79,1,MCC
9,27,80,0.105,MCC
9,27,81,0.645,MCC
9,27,82,1,MCC
9,27,83,0.01,MCC
9,27,84,0.015,MCC
9,27,85,0.235,MCC
9,27,86,0.135,MCC
9,27,87,1,MCC
9,27,88,0.19,MCC
9,27,89,1,MCC
9,27,90,1,MCC
9,27,91,1,MCC
9,27,92,0.005,MCC
9,27,93,0.005,MCC
9,27,94,0.06,MCC
9,27,95,1,MCC
9,27,96,0.985,MCC
9,27,97,0.98,MCC
9,27,98,1,MCC
9,27,99,0.075,MCC
3,31,51,NA,MCC
3,31,52,0.2,MCC
3,31,53,0.27,MCC
3,31,54,0.135,MCC
3,31,55,0.26,MCC
3,31,56,0.26,MCC
3,31,57,0.33,MCC
3,31,58,0.435,MCC
3,31,59,1,MCC
3,31,60,0.98,MCC
3,31,61,1,MCC
3,31,62,1,MCC
3,31,63,0.98,MCC
3,31,64,0.595,MCC
3,31,65,0.73,MCC
3,31,66,1,MCC
3,31,67,1,MCC
3,31,68,1,MCC
3,31,69,1,MCC
3,31,70,0.99,MCC
3,31,71,0.915,MCC
3,31,72,1,MCC
3,31,73,1,MCC
3,31,74,1,MCC
3,31,75,1,MCC
3,31,76,1,MCC
3,31,77,1,MCC
3,31,78,1,MCC
3,31,79,1,MCC
3,31,80,0.87,MCC
3,31,81,0.85,MCC
3,31,82,0.15,MCC
3,31,83,0.25,MCC
3,31,84,1,MCC
3,31,85,1,MCC
3,31,86,1,MCC
3,31,87,1,MCC
3,31,88,0.255,MCC
3,31,89,1,MCC
3,31,90,1,MCC
3,31,91,1,MCC
3,31,92,1,MCC
3,31,93,1,MCC
3,31,94,0.74,MCC
3,31,95,0.985,MCC
3,31,96,1,MCC
3,31,97,0.33,MCC
3,31,98,1,MCC
3,31,99,1,MCC
16,5,51,1,CS
16,5,52,0.905,CS
16,5,53,1,CS
16,5,54,1,CS
16,5,55,1,CS
16,5,56,1,CS
16,5,57,1,CS
16,5,58,1,CS
16,5,59,1,CS
16,5,60,1,CS
16,5,61,1,CS
16,5,62,1,CS
6,36,51,1,CS
6,36,52,0.97,CS
6,36,53,1,CS
6,36,54,1,CS
6,36,55,1,CS
6,36,56,1,CS
6,36,57,0.925,CS
6,36,58,1,CS
6,36,59,1,CS
6,36,60,1,CS
6,36,61,0.985,CS
6,36,62,1,CS
6,36,63,0.655,CS
6,36,64,1,CS
6,36,65,1,CS
6,36,66,0.96,CS
6,36,67,1,CS
6,36,68,0.65,CS
6,36,69,0.85,CS
6,36,70,1,CS
6,36,71,1,CS
6,36,72,1,CS
6,36,73,1,CS
6,36,74,1,CS
6,36,75,1,CS
16,5,51,NA,MCC
16,5,52,0.005,MCC
16,5,53,0.005,MCC
16,5,54,0.005,MCC
16,5,55,0.005,MCC
16,5,56,0.03,MCC
16,5,57,0.01,MCC
16,5,58,1,MCC
16,5,59,0.01,MCC
16,5,60,0.36,MCC
16,5,61,1,MCC
16,5,62,0.005,MCC
16,5,63,0.005,MCC
16,5,64,0.005,MCC
16,5,65,0.005,MCC
16,5,66,0.025,MCC
16,5,67,1,MCC
16,5,68,1,MCC
16,5,69,0.005,MCC
16,5,70,0.005,MCC
16,5,71,0.005,MCC
16,5,72,0.01,MCC
16,5,73,0.905,MCC
16,5,74,1,MCC
16,5,75,0.005,MCC
16,5,76,0.005,MCC
16,5,77,0.005,MCC
16,5,78,0.005,MCC
16,5,79,0.025,MCC
16,5,80,0.085,MCC
16,5,81,1,MCC
16,5,82,0.005,MCC
16,5,83,0.005,MCC
16,5,84,0.06,MCC
16,5,85,1,MCC
16,5,86,0.1,MCC
16,5,87,0.01,MCC
16,5,88,0.065,MCC
16,5,89,0.025,MCC
16,5,90,1,MCC
16,5,91,0.005,MCC
16,5,92,0.005,MCC
16,5,93,0.06,MCC
16,5,94,1,MCC
16,5,95,0.005,MCC
16,5,96,0.035,MCC
16,5,97,0.35,MCC
16,5,98,0.045,MCC
16,5,99,1,MCC
6,36,51,NA,MCC
6,36,52,0.01,MCC
6,36,53,0.015,MCC
6,36,54,0.005,MCC
6,36,55,0.03,MCC
6,36,56,0.19,MCC
6,36,57,0.85,MCC
6,36,58,1,MCC
6,36,59,0.045,MCC
6,36,60,0.005,MCC
6,36,61,0.005,MCC
6,36,62,0.015,MCC
6,36,63,0.035,MCC
6,36,64,1,MCC
6,36,65,0.105,MCC
6,36,66,0.325,MCC
6,36,67,0.985,MCC
6,36,68,1,MCC
6,36,69,1,MCC
6,36,70,0.025,MCC
6,36,71,1,MCC
6,36,72,0.33,MCC
6,36,73,1,MCC
6,36,74,1,MCC
6,36,75,0.925,MCC
6,36,76,1,MCC
6,36,77,0.025,MCC
6,36,78,0.035,MCC
6,36,79,0.01,MCC
6,36,80,0.03,MCC
6,36,81,0.295,MCC
6,36,82,0.145,MCC
6,36,83,1,MCC
6,36,84,1,MCC
6,36,85,0.96,MCC
6,36,86,0.655,MCC
6,36,87,1,MCC
6,36,88,0.05,MCC
6,36,89,0.195,MCC
6,36,90,0.97,MCC
6,36,91,1,MCC
6,36,92,1,MCC
6,36,93,1,MCC
6,36,94,0.05,MCC
6,36,95,1,MCC
6,36,96,1,MCC
6,36,97,0.38,MCC
6,36,98,1,MCC
6,36,99,0.65,MCC
9,40,51,1,CS
9,40,52,1,CS
9,40,53,0.995,CS
9,40,54,0.74,CS
9,40,55,1,CS
9,40,56,0.55,CS
9,40,57,1,CS
9,40,58,1,CS
9,40,59,1,CS
9,40,60,1,CS
9,40,61,1,CS
9,40,62,1,CS
9,40,63,1,CS
9,40,64,0.82,CS
9,13,51,1,CS
9,13,52,0.53,CS
9,13,53,0.72,CS
9,13,54,0.875,CS
9,13,55,0.775,CS
9,13,56,1,CS
9,13,57,1,CS
9,13,58,0.615,CS
9,13,59,1,CS
9,13,60,0.945,CS
9,13,61,1,CS
9,13,62,0.96,CS
9,13,63,0.635,CS
9,13,64,1,CS
9,13,65,1,CS
9,13,66,0.935,CS
9,13,67,1,CS
9,13,68,0.66,CS
9,13,69,1,CS
9,13,70,1,CS
9,13,71,1,CS
9,13,72,1,CS
9,13,73,1,CS
9,13,74,1,CS
9,13,75,1,CS
9,13,76,1,CS
9,13,77,1,CS
9,13,78,0.995,CS
9,22,51,1,CS
9,22,52,0.59,CS
9,22,53,0.53,CS
9,22,54,0.665,CS
9,22,55,1,CS
9,22,56,1,CS
9,22,57,0.795,CS
9,22,58,0.855,CS
9,22,59,0.59,CS
9,22,60,1,CS
9,22,61,1,CS
9,22,62,1,CS
9,22,63,1,CS
9,22,64,0.95,CS
9,22,65,1,CS
9,22,66,1,CS
9,22,67,0.875,CS
9,22,68,1,CS
9,22,69,1,CS
9,22,70,0.835,CS
9,22,71,0.87,CS
9,22,72,1,CS
9,22,73,1,CS
9,22,74,0.85,CS
9,22,75,1,CS
9,13,51,NA,MCC
9,13,52,0.005,MCC
9,13,53,0.005,MCC
9,13,54,0.005,MCC
9,13,55,0.05,MCC
9,13,56,0.2,MCC
9,13,57,0.995,MCC
9,13,58,0.045,MCC
9,13,59,0.035,MCC
9,13,60,0.005,MCC
9,13,61,0.02,MCC
9,13,62,0.01,MCC
9,13,63,0.015,MCC
9,13,64,0.105,MCC
9,13,65,0.355,MCC
9,13,66,0.66,MCC
9,13,67,1,MCC
9,13,68,1,MCC
9,13,69,1,MCC
9,13,70,0.135,MCC
9,13,71,1,MCC
9,13,72,1,MCC
9,13,73,0.12,MCC
9,13,74,0.035,MCC
9,13,75,0.09,MCC
9,13,76,0.41,MCC
9,13,77,1,MCC
9,13,78,1,MCC
9,13,79,1,MCC
9,13,80,0.15,MCC
9,13,81,1,MCC
9,13,82,0.265,MCC
9,13,83,0.635,MCC
9,13,84,1,MCC
9,13,85,1,MCC
9,13,86,1,MCC
9,13,87,0.935,MCC
9,13,88,0.53,MCC
9,13,89,0.72,MCC
9,13,90,0.875,MCC
9,13,91,0.775,MCC
9,13,92,1,MCC
9,13,93,1,MCC
9,13,94,0.12,MCC
9,13,95,1,MCC
9,13,96,0.945,MCC
9,13,97,0.96,MCC
9,13,98,1,MCC
9,13,99,0.035,MCC
9,40,51,NA,MCC
9,40,52,0.015,MCC
9,40,53,0.005,MCC
9,40,54,0.005,MCC
9,40,55,0.08,MCC
9,40,56,0.82,MCC
9,40,57,0.005,MCC
9,40,58,0.01,MCC
9,40,59,0.025,MCC
9,40,60,1,MCC
9,40,61,0.005,MCC
9,40,62,0.005,MCC
9,40,63,0.045,MCC
9,40,64,1,MCC
9,40,65,0.215,MCC
9,40,66,0.19,MCC
9,40,67,0.005,MCC
9,40,68,0.42,MCC
9,40,69,0.995,MCC
9,40,70,0.74,MCC
9,40,71,1,MCC
9,40,72,0.005,MCC
9,40,73,0.005,MCC
9,40,74,0.19,MCC
9,40,75,0.025,MCC
9,40,76,0.365,MCC
9,40,77,0.03,MCC
9,40,78,1,MCC
9,40,79,0.105,MCC
9,40,80,0.005,MCC
9,40,81,0.005,MCC
9,40,82,0.005,MCC
9,40,83,0.17,MCC
9,40,84,1,MCC
9,40,85,0.005,MCC
9,40,86,0.335,MCC
9,40,87,0.005,MCC
9,40,88,0.005,MCC
9,40,89,0.37,MCC
9,40,90,1,MCC
9,40,91,1,MCC
9,40,92,0.16,MCC
9,40,93,0.55,MCC
9,40,94,1,MCC
9,40,95,0.235,MCC
9,40,96,1,MCC
9,40,97,0.47,MCC
9,40,98,0.16,MCC
9,40,99,0.305,MCC
9,22,51,NA,MCC
9,22,52,0.005,MCC
9,22,53,0.005,MCC
9,22,54,0.005,MCC
9,22,55,0.01,MCC
9,22,56,0.305,MCC
9,22,57,0.02,MCC
9,22,58,0.275,MCC
9,22,59,0.46,MCC
9,22,60,0.835,MCC
9,22,61,0.07,MCC
9,22,62,0.27,MCC
9,22,63,0.59,MCC
9,22,64,1,MCC
9,22,65,0.795,MCC
9,22,66,0.395,MCC
9,22,67,0.53,MCC
9,22,68,0.205,MCC
9,22,69,1,MCC
9,22,70,0.855,MCC
9,22,71,0.87,MCC
9,22,72,0.02,MCC
9,22,73,0.015,MCC
9,22,74,1,MCC
9,22,75,1,MCC
9,22,76,0.005,MCC
9,22,77,0.005,MCC
9,22,78,0.045,MCC
9,22,79,1,MCC
9,22,80,0.875,MCC
9,22,81,1,MCC
9,22,82,0.005,MCC
9,22,83,0.015,MCC
9,22,84,0.01,MCC
9,22,85,0.245,MCC
9,22,86,0.12,MCC
9,22,87,0.13,MCC
9,22,88,1,MCC
9,22,89,1,MCC
9,22,90,1,MCC
9,22,91,1,MCC
9,22,92,0.08,MCC
9,22,93,0.06,MCC
9,22,94,1,MCC
9,22,95,0.85,MCC
9,22,96,1,MCC
9,22,97,0.09,MCC
9,22,98,0.95,MCC
9,22,99,1,MCC
6,18,51,1,CS
6,18,52,0.955,CS
6,18,53,0.605,CS
6,18,54,1,CS
6,18,55,1,CS
6,18,56,1,CS
6,18,57,1,CS
6,18,58,1,CS
6,18,59,0.86,CS
6,18,60,0.925,CS
6,18,61,0.66,CS
6,18,62,0.635,CS
6,18,63,0.575,CS
6,18,64,1,CS
6,18,65,0.985,CS
6,18,66,0.61,CS
6,18,67,1,CS
6,18,68,0.735,CS
6,18,69,1,CS
6,18,70,1,CS
6,18,71,1,CS
6,18,72,1,CS
6,18,73,1,CS
6,18,74,1,CS
6,18,75,1,CS
6,18,76,1,CS
6,18,77,1,CS
6,18,78,1,CS
6,18,79,1,CS
6,18,80,1,CS
6,18,81,1,CS
6,18,82,1,CS
6,18,83,0.89,CS
6,18,51,NA,MCC
6,18,52,0.06,MCC
6,18,53,0.18,MCC
6,18,54,0.13,MCC
6,18,55,0.17,MCC
6,18,56,1,MCC
6,18,57,1,MCC
6,18,58,1,MCC
6,18,59,0.955,MCC
6,18,60,0.605,MCC
6,18,61,1,MCC
6,18,62,1,MCC
6,18,63,1,MCC
6,18,64,1,MCC
6,18,65,1,MCC
6,18,66,1,MCC
6,18,67,0.1,MCC
6,18,68,0.095,MCC
6,18,69,0.215,MCC
6,18,70,0.2,MCC
6,18,71,0.385,MCC
6,18,72,0.25,MCC
6,18,73,1,MCC
6,18,74,1,MCC
6,18,75,1,MCC
6,18,76,1,MCC
6,18,77,0.86,MCC
6,18,78,1,MCC
6,18,79,0.925,MCC
6,18,80,0.575,MCC
6,18,81,0.66,MCC
6,18,82,0.095,MCC
6,18,83,0.205,MCC
6,18,84,0.155,MCC
6,18,85,1,MCC
6,18,86,0.89,MCC
6,18,87,0.04,MCC
6,18,88,0.055,MCC
6,18,89,0.985,MCC
6,18,90,0.61,MCC
6,18,91,1,MCC
6,18,92,0.735,MCC
6,18,93,1,MCC
6,18,94,0.395,MCC
6,18,95,1,MCC
6,18,96,0.245,MCC
6,18,97,1,MCC
6,18,98,1,MCC
6,18,99,1,MCC
5,45,51,1,CS
5,45,52,0.53,CS
5,45,53,0.845,CS
5,45,54,0.75,CS
5,45,55,0.715,CS
5,45,56,0.65,CS
5,45,57,0.85,CS
5,45,58,0.53,CS
5,45,59,0.735,CS
5,45,60,0.87,CS
5,45,61,1,CS
5,45,62,0.575,CS
5,45,63,0.6,CS
5,45,64,1,CS
5,45,65,1,CS
5,45,66,1,CS
5,45,67,0.93,CS
5,45,68,1,CS
5,45,69,1,CS
5,45,70,1,CS
5,45,71,1,CS
5,45,72,1,CS
5,45,73,0.985,CS
5,45,74,0.55,CS
5,45,75,0.715,CS
5,45,76,1,CS
5,45,77,0.975,CS
5,45,78,1,CS
5,45,79,0.55,CS
5,45,80,0.66,CS
5,45,81,0.61,CS
5,45,82,1,CS
5,45,83,1,CS
5,45,84,1,CS
5,45,85,0.85,CS
5,45,86,0.75,CS
5,45,87,0.545,CS
5,45,88,1,CS
5,45,89,1,CS
5,45,90,1,CS
2,9,51,1,CS
2,9,52,0.505,CS
2,9,53,1,CS
2,9,54,0.96,CS
2,9,55,0.565,CS
2,9,56,1,CS
2,9,57,1,CS
2,9,58,1,CS
2,9,59,0.835,CS
2,9,60,1,CS
2,9,61,1,CS
2,9,62,1,CS
2,9,63,1,CS
2,9,64,1,CS
2,9,65,1,CS
2,9,66,0.995,CS
2,9,67,1,CS
2,9,68,1,CS
2,9,69,0.995,CS
2,9,70,1,CS
2,9,71,1,CS
2,9,72,1,CS
2,9,73,0.65,CS
2,9,74,1,CS
2,9,75,1,CS
2,9,76,1,CS
2,9,77,1,CS
2,9,78,1,CS
2,9,79,1,CS
2,9,80,1,CS
2,9,81,1,CS
2,9,82,1,CS
2,9,83,1,CS
2,9,84,1,CS
2,9,85,1,CS
2,9,86,0.975,CS
2,9,87,1,CS
2,9,88,1,CS
2,9,89,1,CS
2,9,90,1,CS
5,45,51,NA,MCC
5,45,52,0.53,MCC
5,45,53,0.55,MCC
5,45,54,0.66,MCC
5,45,55,0.16,MCC
5,45,56,0.07,MCC
5,45,57,1,MCC
5,45,58,1,MCC
5,45,59,0.1,MCC
5,45,60,1,MCC
5,45,61,0.85,MCC
5,45,62,0.845,MCC
5,45,63,0.75,MCC
5,45,64,0.715,MCC
5,45,65,0.095,MCC
5,45,66,0.93,MCC
5,45,67,1,MCC
5,45,68,1,MCC
5,45,69,1,MCC
5,45,70,0.85,MCC
5,45,71,0.29,MCC
5,45,72,0.06,MCC
5,45,73,0.735,MCC
5,45,74,0.87,MCC
5,45,75,1,MCC
5,45,76,0.575,MCC
5,45,77,0.2,MCC
5,45,78,0.6,MCC
5,45,79,1,MCC
5,45,80,1,MCC
5,45,81,1,MCC
5,45,82,1,MCC
5,45,83,1,MCC
5,45,84,0.985,MCC
5,45,85,0.55,MCC
5,45,86,0.715,MCC
5,45,87,1,MCC
5,45,88,0.975,MCC
5,45,89,1,MCC
5,45,90,0.16,MCC
5,45,91,0.345,MCC
5,45,92,1,MCC
5,45,93,0.115,MCC
5,45,94,0.495,MCC
5,45,95,1,MCC
5,45,96,0.75,MCC
5,45,97,0.545,MCC
5,45,98,0.285,MCC
5,45,99,1,MCC
7,36,51,1,CS
7,36,52,1,CS
7,36,53,0.95,CS
7,36,54,1,CS
7,36,55,1,CS
7,36,56,1,CS
7,36,57,0.945,CS
7,36,58,1,CS
7,36,59,1,CS
7,36,60,1,CS
7,36,61,0.54,CS
7,36,62,0.98,CS
7,36,63,0.975,CS
7,36,64,0.885,CS
7,36,65,0.99,CS
7,36,66,1,CS
7,36,67,1,CS
7,36,68,1,CS
7,36,69,1,CS
7,36,70,1,CS
7,36,71,1,CS
7,36,72,1,CS
7,36,73,0.99,CS
7,36,74,1,CS
17,5,51,1,CS
17,5,52,0.555,CS
7,36,51,NA,MCC
7,36,52,0.035,MCC
7,36,53,0.02,MCC
7,36,54,0.005,MCC
7,36,55,0.005,MCC
7,36,56,0.02,MCC
7,36,57,0.125,MCC
7,36,58,0.13,MCC
7,36,59,1,MCC
7,36,60,0.04,MCC
7,36,61,0.2,MCC
7,36,62,0.54,MCC
7,36,63,0.98,MCC
7,36,64,1,MCC
7,36,65,1,MCC
7,36,66,1,MCC
7,36,67,0.95,MCC
7,36,68,1,MCC
7,36,69,0.035,MCC
7,36,70,0.065,MCC
7,36,71,0.46,MCC
7,36,72,1,MCC
7,36,73,0.945,MCC
7,36,74,1,MCC
7,36,75,0.13,MCC
7,36,76,0.005,MCC
7,36,77,0.02,MCC
7,36,78,0.235,MCC
7,36,79,0.99,MCC
7,36,80,1,MCC
7,36,81,1,MCC
7,36,82,0.005,MCC
7,36,83,0.005,MCC
7,36,84,0.99,MCC
7,36,85,0.005,MCC
7,36,86,0.02,MCC
7,36,87,0.11,MCC
7,36,88,1,MCC
7,36,89,0.02,MCC
7,36,90,0.065,MCC
7,36,91,1,MCC
7,36,92,1,MCC
7,36,93,0.975,MCC
7,36,94,0.885,MCC
7,36,95,0.195,MCC
7,36,96,0.095,MCC
7,36,97,1,MCC
7,36,98,1,MCC
7,36,99,1,MCC
17,5,51,NA,MCC
17,5,52,0.005,MCC
17,5,53,0.005,MCC
17,5,54,0.005,MCC
17,5,55,0.005,MCC
17,5,56,0.005,MCC
17,5,57,0.005,MCC
17,5,58,0.005,MCC
17,5,59,0.045,MCC
17,5,60,0.01,MCC
17,5,61,0.01,MCC
17,5,62,0.03,MCC
17,5,63,0.02,MCC
17,5,64,0.005,MCC
17,5,65,0.005,MCC
17,5,66,0.005,MCC
17,5,67,0.02,MCC
17,5,68,0.02,MCC
17,5,69,0.03,MCC
17,5,70,0.005,MCC
17,5,71,0.005,MCC
17,5,72,0.005,MCC
17,5,73,0.025,MCC
17,5,74,0.005,MCC
17,5,75,0.005,MCC
17,5,76,0.005,MCC
17,5,77,0.005,MCC
17,5,78,0.005,MCC
17,5,79,0.01,MCC
17,5,80,0.005,MCC
17,5,81,0.015,MCC
17,5,82,0.03,MCC
17,5,83,0.005,MCC
17,5,84,0.005,MCC
17,5,85,0.03,MCC
17,5,86,0.005,MCC
17,5,87,0.005,MCC
17,5,88,0.01,MCC
17,5,89,0.015,MCC
17,5,90,0.03,MCC
17,5,91,0.005,MCC
17,5,92,0.005,MCC
17,5,93,0.015,MCC
17,5,94,0.555,MCC
17,5,95,0.015,MCC
17,5,96,0.005,MCC
17,5,97,0.005,MCC
17,5,98,0.02,MCC
17,5,99,0.025,MCC
2,9,51,NA,MCC
2,9,52,0.24,MCC
2,9,53,0.065,MCC
2,9,54,0.65,MCC
2,9,55,0.125,MCC
2,9,56,0.125,MCC
2,9,57,0.39,MCC
2,9,58,1,MCC
2,9,59,1,MCC
2,9,60,1,MCC
2,9,61,1,MCC
2,9,62,1,MCC
2,9,63,1,MCC
2,9,64,0.155,MCC
2,9,65,1,MCC
2,9,66,0.435,MCC
2,9,67,1,MCC
2,9,68,1,MCC
2,9,69,1,MCC
2,9,70,1,MCC
2,9,71,0.4,MCC
2,9,72,1,MCC
2,9,73,0.975,MCC
2,9,74,1,MCC
2,9,75,1,MCC
2,9,76,1,MCC
2,9,77,0.505,MCC
2,9,78,0.285,MCC
2,9,79,1,MCC
2,9,80,0.995,MCC
2,9,81,1,MCC
2,9,82,1,MCC
2,9,83,1,MCC
2,9,84,1,MCC
2,9,85,0.96,MCC
2,9,86,0.38,MCC
2,9,87,1,MCC
2,9,88,1,MCC
2,9,89,1,MCC
2,9,90,1,MCC
2,9,91,1,MCC
2,9,92,1,MCC
2,9,93,0.835,MCC
2,9,94,1,MCC
2,9,95,1,MCC
2,9,96,1,MCC
2,9,97,1,MCC
2,9,98,0.995,MCC
2,9,99,1,MCC
7,18,51,1,CS
7,18,52,0.73,CS
7,18,53,1,CS
7,18,54,1,CS
7,18,55,1,CS
7,18,56,1,CS
7,18,57,0.705,CS
7,18,58,0.8,CS
7,18,59,1,CS
7,18,60,0.805,CS
7,18,61,1,CS
7,18,62,0.79,CS
7,18,63,0.72,CS
7,18,64,0.96,CS
7,18,65,0.98,CS
7,18,66,1,CS
7,18,67,0.835,CS
7,18,68,0.99,CS
7,18,69,1,CS
7,18,70,1,CS
7,18,71,1,CS
7,18,72,1,CS
7,18,73,1,CS
7,18,74,1,CS
7,18,75,1,CS
7,18,76,1,CS
7,18,77,1,CS
7,18,78,1,CS
7,18,79,1,CS
7,18,51,NA,MCC
7,18,52,0.01,MCC
7,18,53,0.015,MCC
7,18,54,1,MCC
7,18,55,0.005,MCC
7,18,56,0.025,MCC
7,18,57,0.005,MCC
7,18,58,0.005,MCC
7,18,59,0.025,MCC
7,18,60,0.705,MCC
7,18,61,0.8,MCC
7,18,62,1,MCC
7,18,63,0.805,MCC
7,18,64,1,MCC
7,18,65,0.98,MCC
7,18,66,0.835,MCC
7,18,67,1,MCC
7,18,68,0.005,MCC
7,18,69,0.13,MCC
7,18,70,0.225,MCC
7,18,71,1,MCC
7,18,72,1,MCC
7,18,73,1,MCC
7,18,74,0.165,MCC
7,18,75,1,MCC
7,18,76,0.005,MCC
7,18,77,0.1,MCC
7,18,78,0.08,MCC
7,18,79,0.79,MCC
7,18,80,0.365,MCC
7,18,81,0.72,MCC
7,18,82,0.96,MCC
7,18,83,0.075,MCC
7,18,84,1,MCC
7,18,85,1,MCC
7,18,86,0.025,MCC
7,18,87,0.3,MCC
7,18,88,0.33,MCC
7,18,89,0.73,MCC
7,18,90,1,MCC
7,18,91,1,MCC
7,18,92,1,MCC
7,18,93,1,MCC
7,18,94,0.99,MCC
7,18,95,1,MCC
7,18,96,1,MCC
7,18,97,1,MCC
7,18,98,0.17,MCC
7,18,99,1,MCC
4,31,51,1,CS
4,31,52,0.725,CS
4,31,53,0.72,CS
4,31,54,1,CS
4,31,55,1,CS
4,31,56,1,CS
4,31,57,1,CS
4,31,58,1,CS
4,31,59,1,CS
4,31,60,1,CS
4,31,61,0.54,CS
4,31,62,0.675,CS
4,31,63,1,CS
4,31,64,1,CS
4,31,65,1,CS
4,31,66,1,CS
4,31,67,0.875,CS
4,31,68,1,CS
4,31,69,1,CS
4,31,70,1,CS
4,31,71,1,CS
4,31,72,0.83,CS
4,31,73,0.705,CS
4,31,74,1,CS
4,31,75,1,CS
4,31,76,1,CS
4,31,77,1,CS
4,31,78,1,CS
4,31,79,1,CS
4,31,80,1,CS
4,31,81,1,CS
4,31,51,NA,MCC
4,31,52,0.04,MCC
4,31,53,0.02,MCC
4,31,54,0.065,MCC
4,31,55,0.46,MCC
4,31,56,0.115,MCC
4,31,57,0.705,MCC
4,31,58,1,MCC
4,31,59,1,MCC
4,31,60,0.315,MCC
4,31,61,0.44,MCC
4,31,62,0.875,MCC
4,31,63,1,MCC
4,31,64,1,MCC
4,31,65,1,MCC
4,31,66,1,MCC
4,31,67,1,MCC
4,31,68,0.54,MCC
4,31,69,0.675,MCC
4,31,70,0.295,MCC
4,31,71,1,MCC
4,31,72,1,MCC
4,31,73,1,MCC
4,31,74,1,MCC
4,31,75,0.205,MCC
4,31,76,0.725,MCC
4,31,77,0.275,MCC
4,31,78,1,MCC
4,31,79,1,MCC
4,31,80,1,MCC
4,31,81,0.72,MCC
4,31,82,0.075,MCC
4,31,83,0.285,MCC
4,31,84,1,MCC
4,31,85,0.47,MCC
4,31,86,0.455,MCC
4,31,87,0.145,MCC
4,31,88,1,MCC
4,31,89,1,MCC
4,31,90,1,MCC
4,31,91,1,MCC
4,31,92,0.47,MCC
4,31,93,0.83,MCC
4,31,94,0.095,MCC
4,31,95,0.035,MCC
4,31,96,1,MCC
4,31,97,1,MCC
4,31,98,1,MCC
4,31,99,1,MCC
6,45,51,1,CS
6,45,52,0.635,CS
6,45,53,0.805,CS
6,45,54,0.87,CS
6,45,55,1,CS
6,45,56,0.985,CS
6,45,57,1,CS
6,45,58,0.91,CS
6,45,59,1,CS
6,45,60,1,CS
6,45,61,1,CS
6,45,62,1,CS
6,45,63,1,CS
6,45,64,0.95,CS
6,45,65,1,CS
6,45,66,0.755,CS
6,45,67,0.75,CS
6,45,68,0.645,CS
6,45,69,1,CS
6,45,70,0.965,CS
6,45,71,0.55,CS
6,45,72,0.56,CS
6,45,73,1,CS
6,45,74,0.965,CS
6,45,75,1,CS
6,45,76,1,CS
6,45,77,0.78,CS
6,45,78,0.925,CS
6,45,79,1,CS
6,45,80,0.71,CS
6,45,81,1,CS
6,45,82,0.945,CS
8,36,51,1,CS
8,36,52,0.53,CS
8,36,53,1,CS
8,36,54,1,CS
8,36,55,0.82,CS
8,36,56,0.865,CS
8,36,57,0.665,CS
8,36,58,1,CS
8,36,59,0.99,CS
8,36,60,0.795,CS
8,36,61,1,CS
8,36,62,0.665,CS
8,36,63,1,CS
8,36,64,0.99,CS
8,36,65,0.75,CS
8,36,66,1,CS
8,36,67,1,CS
8,36,68,0.965,CS
8,36,69,1,CS
8,36,70,0.635,CS
8,36,71,1,CS
8,36,72,0.545,CS
8,36,73,1,CS
8,36,74,1,CS
8,36,75,1,CS
8,36,76,0.995,CS
8,36,77,1,CS
6,45,51,NA,MCC
6,45,52,0.09,MCC
6,45,53,0.025,MCC
6,45,54,0.015,MCC
6,45,55,0.965,MCC
6,45,56,1,MCC
6,45,57,0.045,MCC
6,45,58,0.05,MCC
6,45,59,0.945,MCC
6,45,60,0.195,MCC
6,45,61,1,MCC
6,45,62,0.71,MCC
6,45,63,0.03,MCC
6,45,64,0.925,MCC
6,45,65,1,MCC
6,45,66,1,MCC
6,45,67,0.78,MCC
6,45,68,0.635,MCC
6,45,69,0.485,MCC
6,45,70,0.5,MCC
6,45,71,0.805,MCC
6,45,72,0.355,MCC
6,45,73,0.205,MCC
6,45,74,0.44,MCC
6,45,75,0.17,MCC
6,45,76,0.91,MCC
6,45,77,1,MCC
6,45,78,0.49,MCC
6,45,79,0.87,MCC
6,45,80,1,MCC
6,45,81,0.985,MCC
6,45,82,1,MCC
6,45,83,0.95,MCC
6,45,84,1,MCC
6,45,85,0.755,MCC
6,45,86,1,MCC
6,45,87,1,MCC
6,45,88,1,MCC
6,45,89,1,MCC
6,45,90,0.205,MCC
6,45,91,0.355,MCC
6,45,92,0.75,MCC
6,45,93,0.155,MCC
6,45,94,0.645,MCC
6,45,95,0.965,MCC
6,45,96,0.225,MCC
6,45,97,0.185,MCC
6,45,98,1,MCC
6,45,99,1,MCC
8,36,51,NA,MCC
8,36,52,0.01,MCC
8,36,53,0.005,MCC
8,36,54,0.005,MCC
8,36,55,0.005,MCC
8,36,56,0.005,MCC
8,36,57,0.02,MCC
8,36,58,0.09,MCC
8,36,59,0.865,MCC
8,36,60,0.665,MCC
8,36,61,1,MCC
8,36,62,1,MCC
8,36,63,1,MCC
8,36,64,0.15,MCC
8,36,65,0.82,MCC
8,36,66,1,MCC
8,36,67,1,MCC
8,36,68,0.005,MCC
8,36,69,0.085,MCC
8,36,70,0.265,MCC
8,36,71,1,MCC
8,36,72,0.005,MCC
8,36,73,0.005,MCC
8,36,74,0.48,MCC
8,36,75,1,MCC
8,36,76,0.965,MCC
8,36,77,1,MCC
8,36,78,0.26,MCC
8,36,79,0.085,MCC
8,36,80,0.545,MCC
8,36,81,1,MCC
8,36,82,0.025,MCC
8,36,83,0.005,MCC
8,36,84,0.005,MCC
8,36,85,0.05,MCC
8,36,86,0.99,MCC
8,36,87,0.795,MCC
8,36,88,1,MCC
8,36,89,0.2,MCC
8,36,90,1,MCC
8,36,91,0.205,MCC
8,36,92,1,MCC
8,36,93,0.99,MCC
8,36,94,0.75,MCC
8,36,95,0.09,MCC
8,36,96,0.165,MCC
8,36,97,0.665,MCC
8,36,98,1,MCC
8,36,99,0.995,MCC
2,5,51,1,CS
2,5,52,0.755,CS
2,5,53,1,CS
2,5,54,0.81,CS
2,5,55,1,CS
2,5,56,0.605,CS
2,5,57,1,CS
2,5,58,1,CS
2,5,59,1,CS
2,5,60,1,CS
2,5,61,0.725,CS
2,5,62,1,CS
2,5,63,0.745,CS
2,5,64,1,CS
2,5,65,1,CS
2,5,66,1,CS
2,5,67,0.975,CS
2,5,68,1,CS
2,5,69,1,CS
2,5,70,1,CS
2,5,71,1,CS
2,5,72,1,CS
2,5,73,1,CS
2,5,74,1,CS
2,5,75,1,CS
2,5,76,1,CS
2,5,77,0.935,CS
2,5,78,1,CS
2,5,79,1,CS
2,5,80,1,CS
2,5,81,1,CS
2,5,82,1,CS
2,5,83,0.58,CS
2,5,84,0.825,CS
2,5,85,1,CS
2,5,86,0.79,CS
2,5,87,1,CS
2,5,88,1,CS
2,5,89,1,CS
2,5,90,1,CS
2,5,91,0.985,CS
2,5,92,1,CS
2,5,51,NA,MCC
2,5,52,1,MCC
2,5,53,0.485,MCC
2,5,54,0.29,MCC
2,5,55,0.33,MCC
2,5,56,1,MCC
2,5,57,0.485,MCC
2,5,58,0.265,MCC
2,5,59,1,MCC
2,5,60,1,MCC
2,5,61,1,MCC
2,5,62,0.935,MCC
2,5,63,1,MCC
2,5,64,1,MCC
2,5,65,1,MCC
2,5,66,1,MCC
2,5,67,1,MCC
2,5,68,1,MCC
2,5,69,0.58,MCC
2,5,70,0.825,MCC
2,5,71,1,MCC
2,5,72,1,MCC
2,5,73,1,MCC
2,5,74,1,MCC
2,5,75,0.755,MCC
2,5,76,1,MCC
2,5,77,0.975,MCC
2,5,78,1,MCC
2,5,79,1,MCC
2,5,80,0.245,MCC
2,5,81,1,MCC
2,5,82,0.725,MCC
2,5,83,1,MCC
2,5,84,0.745,MCC
2,5,85,1,MCC
2,5,86,0.81,MCC
2,5,87,1,MCC
2,5,88,0.605,MCC
2,5,89,1,MCC
2,5,90,1,MCC
2,5,91,1,MCC
2,5,92,1,MCC
2,5,93,0.79,MCC
2,5,94,0.4,MCC
2,5,95,0.985,MCC
2,5,96,1,MCC
2,5,97,1,MCC
2,5,98,1,MCC
2,5,99,1,MCC
8,18,51,1,CS
8,18,52,0.74,CS
8,18,53,0.605,CS
8,18,54,1,CS
8,18,55,1,CS
8,18,56,1,CS
8,18,57,0.855,CS
8,18,58,1,CS
8,18,59,0.865,CS
8,18,60,1,CS
8,18,61,0.61,CS
8,18,62,0.995,CS
8,18,63,1,CS
8,18,64,1,CS
8,18,65,1,CS
8,18,66,1,CS
8,18,67,1,CS
8,18,68,1,CS
8,18,69,1,CS
8,18,70,1,CS
8,18,71,0.965,CS
8,18,72,1,CS
8,18,73,1,CS
8,18,74,1,CS
8,18,75,0.685,CS
3,9,51,1,CS
3,9,52,0.785,CS
3,9,53,0.635,CS
3,9,54,1,CS
3,9,55,1,CS
3,9,56,1,CS
3,9,57,1,CS
3,9,58,1,CS
3,9,59,1,CS
3,9,60,0.945,CS
3,9,61,1,CS
3,9,62,0.995,CS
3,9,63,1,CS
3,9,64,1,CS
3,9,65,0.97,CS
3,9,66,0.97,CS
3,9,67,0.82,CS
3,9,68,1,CS
3,9,69,1,CS
3,9,70,1,CS
3,9,71,1,CS
3,9,72,0.995,CS
3,9,73,0.52,CS
3,9,74,1,CS
3,9,75,0.67,CS
3,9,76,1,CS
3,9,77,1,CS
3,9,78,1,CS
3,9,79,1,CS
3,9,80,0.995,CS
3,9,81,1,CS
3,9,82,1,CS
3,9,83,1,CS
3,9,84,1,CS
3,9,85,0.52,CS
3,9,86,0.805,CS
3,9,87,1,CS
3,9,88,1,CS
3,9,89,1,CS
3,9,90,1,CS
3,9,91,1,CS
3,9,92,1,CS
8,18,51,NA,MCC
8,18,52,0.04,MCC
8,18,53,0.005,MCC
8,18,54,0.005,MCC
8,18,55,0.03,MCC
8,18,56,1,MCC
8,18,57,0.16,MCC
8,18,58,1,MCC
8,18,59,0.685,MCC
8,18,60,0.005,MCC
8,18,61,0.065,MCC
8,18,62,0.855,MCC
8,18,63,1,MCC
8,18,64,1,MCC
8,18,65,0.865,MCC
8,18,66,0.33,MCC
8,18,67,0.38,MCC
8,18,68,1,MCC
8,18,69,0.61,MCC
8,18,70,0.995,MCC
8,18,71,1,MCC
8,18,72,0.375,MCC
8,18,73,1,MCC
8,18,74,0.04,MCC
8,18,75,0.025,MCC
8,18,76,0.255,MCC
8,18,77,1,MCC
8,18,78,1,MCC
8,18,79,0.74,MCC
8,18,80,0.18,MCC
8,18,81,1,MCC
8,18,82,1,MCC
8,18,83,1,MCC
8,18,84,0.04,MCC
8,18,85,0.08,MCC
8,18,86,0.48,MCC
8,18,87,0.425,MCC
8,18,88,0.315,MCC
8,18,89,0.34,MCC
8,18,90,0.29,MCC
8,18,91,0.965,MCC
8,18,92,1,MCC
8,18,93,0.105,MCC
8,18,94,0.06,MCC
8,18,95,1,MCC
8,18,96,1,MCC
8,18,97,0.39,MCC
8,18,98,0.42,MCC
8,18,99,1,MCC
3,9,51,NA,MCC
3,9,52,0.29,MCC
3,9,53,1,MCC
3,9,54,0.995,MCC
3,9,55,1,MCC
3,9,56,1,MCC
3,9,57,1,MCC
3,9,58,1,MCC
3,9,59,0.995,MCC
3,9,60,0.315,MCC
3,9,61,0.52,MCC
3,9,62,1,MCC
3,9,63,0.67,MCC
3,9,64,1,MCC
3,9,65,1,MCC
3,9,66,1,MCC
3,9,67,1,MCC
3,9,68,0.785,MCC
3,9,69,0.23,MCC
3,9,70,1,MCC
3,9,71,0.97,MCC
3,9,72,0.97,MCC
3,9,73,0.82,MCC
3,9,74,1,MCC
3,9,75,1,MCC
3,9,76,1,MCC
3,9,77,0.405,MCC
3,9,78,0.25,MCC
3,9,79,0.345,MCC
3,9,80,0.15,MCC
3,9,81,0.355,MCC
3,9,82,1,MCC
3,9,83,1,MCC
3,9,84,1,MCC
3,9,85,0.995,MCC
3,9,86,1,MCC
3,9,87,1,MCC
3,9,88,1,MCC
3,9,89,1,MCC
3,9,90,0.945,MCC
3,9,91,1,MCC
3,9,92,0.52,MCC
3,9,93,1,MCC
3,9,94,1,MCC
3,9,95,1,MCC
3,9,96,0.805,MCC
3,9,97,1,MCC
3,9,98,1,MCC
3,9,99,1,MCC
5,31,51,1,CS
5,31,52,0.775,CS
5,31,53,0.585,CS
5,31,54,1,CS
5,31,55,1,CS
5,31,56,1,CS
5,31,57,0.915,CS
5,31,58,1,CS
5,31,59,0.695,CS
5,31,60,1,CS
5,31,61,0.92,CS
5,31,62,1,CS
5,31,63,0.995,CS
5,31,64,0.625,CS
5,31,65,0.76,CS
5,31,66,1,CS
5,31,67,1,CS
5,31,68,1,CS
5,31,69,1,CS
5,31,70,0.98,CS
5,31,71,0.755,CS
5,31,72,1,CS
5,31,73,1,CS
5,31,74,1,CS
5,31,75,1,CS
5,31,76,1,CS
5,31,77,1,CS
5,31,78,1,CS
5,31,79,1,CS
5,31,80,1,CS
5,31,81,1,CS
5,31,82,1,CS
5,31,51,NA,MCC
5,31,52,0.045,MCC
5,31,53,0.03,MCC
5,31,54,0.225,MCC
5,31,55,1,MCC
5,31,56,0.755,MCC
5,31,57,0.98,MCC
5,31,58,0.26,MCC
5,31,59,1,MCC
5,31,60,1,MCC
5,31,61,1,MCC
5,31,62,0.01,MCC
5,31,63,0.015,MCC
5,31,64,0.045,MCC
5,31,65,1,MCC
5,31,66,0.12,MCC
5,31,67,1,MCC
5,31,68,0.015,MCC
5,31,69,0.015,MCC
5,31,70,1,MCC
5,31,71,1,MCC
5,31,72,1,MCC
5,31,73,1,MCC
5,31,74,0.775,MCC
5,31,75,0.915,MCC
5,31,76,1,MCC
5,31,77,0.585,MCC
5,31,78,1,MCC
5,31,79,1,MCC
5,31,80,1,MCC
5,31,81,0.065,MCC
5,31,82,0.055,MCC
5,31,83,0.1,MCC
5,31,84,0.11,MCC
5,31,85,1,MCC
5,31,86,0.285,MCC
5,31,87,0.695,MCC
5,31,88,1,MCC
5,31,89,1,MCC
5,31,90,0.92,MCC
5,31,91,0.28,MCC
5,31,92,0.225,MCC
5,31,93,0.995,MCC
5,31,94,0.245,MCC
5,31,95,0.76,MCC
5,31,96,1,MCC
5,31,97,1,MCC
5,31,98,1,MCC
5,31,99,1,MCC
9,36,51,1,CS
9,36,52,0.59,CS
9,36,53,0.66,CS
9,36,54,0.76,CS
9,36,55,1,CS
9,36,56,0.81,CS
9,36,57,1,CS
9,36,58,0.545,CS
9,36,59,1,CS
9,36,60,1,CS
9,36,61,1,CS
9,36,62,0.96,CS
9,36,63,0.93,CS
9,36,64,0.915,CS
9,36,65,1,CS
9,36,66,0.73,CS
9,36,67,0.6,CS
9,36,68,1,CS
9,36,69,0.93,CS
9,36,70,1,CS
9,36,71,1,CS
9,36,72,1,CS
9,36,73,0.99,CS
9,36,74,1,CS
9,36,51,NA,MCC
9,36,52,0.005,MCC
9,36,53,0.005,MCC
9,36,54,0.045,MCC
9,36,55,1,MCC
9,36,56,1,MCC
9,36,57,0.99,MCC
9,36,58,0.11,MCC
9,36,59,0.21,MCC
9,36,60,1,MCC
9,36,61,0.335,MCC
9,36,62,1,MCC
9,36,63,0.005,MCC
9,36,64,0.04,MCC
9,36,65,0.96,MCC
9,36,66,0.04,MCC
9,36,67,0.035,MCC
9,36,68,1,MCC
9,36,69,0.425,MCC
9,36,70,0.915,MCC
9,36,71,1,MCC
9,36,72,0.93,MCC
9,36,73,0.005,MCC
9,36,74,0.005,MCC
9,36,75,0.005,MCC
9,36,76,0.135,MCC
9,36,77,1,MCC
9,36,78,0.1,MCC
9,36,79,0.205,MCC
9,36,80,0.355,MCC
9,36,81,1,MCC
9,36,82,0.005,MCC
9,36,83,0.005,MCC
9,36,84,0.045,MCC
9,36,85,0.11,MCC
9,36,86,0.27,MCC
9,36,87,1,MCC
9,36,88,0.59,MCC
9,36,89,0.66,MCC
9,36,90,0.075,MCC
9,36,91,0.81,MCC
9,36,92,1,MCC
9,36,93,0.03,MCC
9,36,94,1,MCC
9,36,95,0.005,MCC
9,36,96,0.005,MCC
9,36,97,0.015,MCC
9,36,98,0.73,MCC
9,36,99,0.6,MCC
9,18,51,1,CS
9,18,52,0.905,CS
9,18,53,0.675,CS
9,18,54,1,CS
9,18,55,0.555,CS
9,18,56,1,CS
9,18,57,0.51,CS
9,18,58,0.965,CS
9,18,59,1,CS
9,18,60,1,CS
9,18,61,0.895,CS
9,18,62,1,CS
9,18,63,1,CS
9,18,64,1,CS
9,18,65,1,CS
9,18,66,0.86,CS
9,18,67,1,CS
9,18,68,0.895,CS
9,18,69,1,CS
9,18,70,0.985,CS
9,18,71,1,CS
9,18,72,1,CS
9,18,73,1,CS
9,18,74,1,CS
9,18,75,1,CS
9,18,76,0.815,CS
4,9,51,1,CS
4,9,52,0.61,CS
4,9,53,1,CS
4,9,54,1,CS
4,9,55,1,CS
4,9,56,0.675,CS
4,9,57,0.635,CS
4,9,58,0.89,CS
4,9,59,1,CS
4,9,60,1,CS
4,9,61,1,CS
4,9,62,0.965,CS
4,9,63,0.865,CS
4,9,64,1,CS
4,9,65,1,CS
4,9,66,0.98,CS
4,9,67,0.8,CS
4,9,68,0.675,CS
4,9,69,1,CS
4,9,70,1,CS
4,9,71,1,CS
4,9,72,1,CS
4,9,73,1,CS
4,9,74,1,CS
4,9,75,0.955,CS
4,9,76,1,CS
4,9,77,1,CS
4,9,78,1,CS
4,9,79,1,CS
4,9,80,1,CS
4,9,81,1,CS
4,9,82,0.825,CS
4,9,83,1,CS
4,9,84,1,CS
4,9,85,1,CS
4,9,86,1,CS
9,18,51,NA,MCC
9,18,52,0.005,MCC
9,18,53,0.02,MCC
9,18,54,0.18,MCC
9,18,55,1,MCC
9,18,56,1,MCC
9,18,57,0.005,MCC
9,18,58,0.125,MCC
9,18,59,1,MCC
9,18,60,1,MCC
9,18,61,0.985,MCC
9,18,62,0.09,MCC
9,18,63,0.895,MCC
9,18,64,1,MCC
9,18,65,1,MCC
9,18,66,0.005,MCC
9,18,67,0.01,MCC
9,18,68,0.495,MCC
9,18,69,0.005,MCC
9,18,70,0.1,MCC
9,18,71,0.02,MCC
9,18,72,0.04,MCC
9,18,73,0.815,MCC
9,18,74,0.33,MCC
9,18,75,0.28,MCC
9,18,76,0.005,MCC
9,18,77,0.235,MCC
9,18,78,1,MCC
9,18,79,0.02,MCC
9,18,80,0.025,MCC
9,18,81,0.295,MCC
9,18,82,0.86,MCC
9,18,83,1,MCC
9,18,84,1,MCC
9,18,85,0.965,MCC
9,18,86,1,MCC
9,18,87,1,MCC
9,18,88,0.02,MCC
9,18,89,0.03,MCC
9,18,90,1,MCC
9,18,91,0.905,MCC
9,18,92,0.51,MCC
9,18,93,0.675,MCC
9,18,94,1,MCC
9,18,95,1,MCC
9,18,96,0.19,MCC
9,18,97,0.11,MCC
9,18,98,0.895,MCC
9,18,99,1,MCC
4,9,51,NA,MCC
4,9,52,0.315,MCC
4,9,53,0.045,MCC
4,9,54,0.075,MCC
4,9,55,0.035,MCC
4,9,56,0.225,MCC
4,9,57,0.315,MCC
4,9,58,1,MCC
4,9,59,0.825,MCC
4,9,60,1,MCC
4,9,61,0.675,MCC
4,9,62,1,MCC
4,9,63,1,MCC
4,9,64,1,MCC
4,9,65,0.275,MCC
4,9,66,1,MCC
4,9,67,0.245,MCC
4,9,68,0.115,MCC
4,9,69,1,MCC
4,9,70,1,MCC
4,9,71,0.635,MCC
4,9,72,0.89,MCC
4,9,73,1,MCC
4,9,74,1,MCC
4,9,75,1,MCC
4,9,76,0.965,MCC
4,9,77,0.235,MCC
4,9,78,0.315,MCC
4,9,79,1,MCC
4,9,80,1,MCC
4,9,81,1,MCC
4,9,82,1,MCC
4,9,83,1,MCC
4,9,84,1,MCC
4,9,85,0.325,MCC
4,9,86,0.61,MCC
4,9,87,0.365,MCC
4,9,88,1,MCC
4,9,89,1,MCC
4,9,90,1,MCC
4,9,91,0.675,MCC
4,9,92,0.865,MCC
4,9,93,0.8,MCC
4,9,94,1,MCC
4,9,95,0.98,MCC
4,9,96,1,MCC
4,9,97,0.955,MCC
4,9,98,1,MCC
4,9,99,1,MCC
7,45,51,1,CS
7,45,52,0.695,CS
7,45,53,1,CS
7,45,54,0.755,CS
7,45,55,0.96,CS
7,45,56,1,CS
7,45,57,1,CS
7,45,58,1,CS
7,45,59,1,CS
7,45,60,1,CS
7,45,61,0.62,CS
7,45,62,0.52,CS
7,45,63,1,CS
7,45,64,1,CS
7,45,65,1,CS
7,45,66,0.74,CS
7,45,67,1,CS
7,45,68,0.815,CS
7,45,69,1,CS
7,45,70,0.995,CS
7,45,71,1,CS
7,45,72,1,CS
7,45,73,0.94,CS
7,45,74,1,CS
3,5,51,1,CS
3,5,52,0.725,CS
3,5,53,0.86,CS
3,5,54,0.91,CS
3,5,55,0.685,CS
3,5,56,0.99,CS
3,5,57,0.945,CS
3,5,58,1,CS
3,5,59,1,CS
3,5,60,1,CS
3,5,61,1,CS
3,5,62,0.985,CS
3,5,63,1,CS
3,5,64,1,CS
3,5,65,0.96,CS
3,5,66,1,CS
3,5,67,1,CS
3,5,68,1,CS
3,5,69,0.85,CS
3,5,70,0.565,CS
3,5,71,0.79,CS
3,5,72,0.82,CS
3,5,73,0.6,CS
3,5,74,1,CS
3,5,75,1,CS
3,5,76,1,CS
3,5,77,1,CS
3,5,78,1,CS
3,5,79,1,CS
3,5,80,1,CS
3,5,81,1,CS
3,5,82,1,CS
3,5,83,1,CS
3,5,84,0.68,CS
3,5,85,1,CS
3,5,86,0.99,CS
3,5,87,0.99,CS
3,5,88,0.78,CS
3,5,89,1,CS
3,5,90,0.675,CS
3,5,91,1,CS
3,5,92,1,CS
3,5,93,1,CS
3,5,94,1,CS
3,5,95,1,CS
7,45,51,NA,MCC
7,45,52,0.02,MCC
7,45,53,0.29,MCC
7,45,54,0.34,MCC
7,45,55,1,MCC
7,45,56,0.455,MCC
7,45,57,0.085,MCC
7,45,58,0.035,MCC
7,45,59,0.19,MCC
7,45,60,0.295,MCC
7,45,61,1,MCC
7,45,62,0.385,MCC
7,45,63,0.035,MCC
7,45,64,0.395,MCC
7,45,65,0.94,MCC
7,45,66,1,MCC
7,45,67,0.155,MCC
7,45,68,0.695,MCC
7,45,69,1,MCC
7,45,70,1,MCC
7,45,71,0.755,MCC
7,45,72,0.96,MCC
7,45,73,0.185,MCC
7,45,74,0.12,MCC
7,45,75,0.01,MCC
7,45,76,1,MCC
7,45,77,1,MCC
7,45,78,1,MCC
7,45,79,1,MCC
7,45,80,1,MCC
7,45,81,0.19,MCC
7,45,82,1,MCC
7,45,83,0.18,MCC
7,45,84,0.145,MCC
7,45,85,0.255,MCC
7,45,86,0.47,MCC
7,45,87,0.05,MCC
7,45,88,0.52,MCC
7,45,89,1,MCC
7,45,90,0.02,MCC
7,45,91,0.29,MCC
7,45,92,1,MCC
7,45,93,0.26,MCC
7,45,94,0.995,MCC
7,45,95,0.425,MCC
7,45,96,0.16,MCC
7,45,97,0.415,MCC
7,45,98,1,MCC
7,45,99,0.815,MCC
3,5,51,NA,MCC
3,5,52,0.725,MCC
3,5,53,0.565,MCC
3,5,54,0.79,MCC
3,5,55,0.82,MCC
3,5,56,0.6,MCC
3,5,57,1,MCC
3,5,58,1,MCC
3,5,59,1,MCC
3,5,60,1,MCC
3,5,61,1,MCC
3,5,62,1,MCC
3,5,63,1,MCC
3,5,64,1,MCC
3,5,65,0.305,MCC
3,5,66,1,MCC
3,5,67,1,MCC
3,5,68,0.49,MCC
3,5,69,0.86,MCC
3,5,70,1,MCC
3,5,71,0.85,MCC
3,5,72,1,MCC
3,5,73,0.91,MCC
3,5,74,0.685,MCC
3,5,75,0.46,MCC
3,5,76,1,MCC
3,5,77,0.99,MCC
3,5,78,0.945,MCC
3,5,79,1,MCC
3,5,80,1,MCC
3,5,81,1,MCC
3,5,82,1,MCC
3,5,83,0.985,MCC
3,5,84,1,MCC
3,5,85,0.96,MCC
3,5,86,1,MCC
3,5,87,0.68,MCC
3,5,88,1,MCC
3,5,89,0.99,MCC
3,5,90,0.99,MCC
3,5,91,0.78,MCC
3,5,92,1,MCC
3,5,93,1,MCC
3,5,94,0.675,MCC
3,5,95,0.4,MCC
3,5,96,1,MCC
3,5,97,1,MCC
3,5,98,1,MCC
3,5,99,1,MCC
6,31,51,1,CS
6,31,52,0.705,CS
6,31,53,0.61,CS
6,31,54,0.69,CS
6,31,55,1,CS
6,31,56,0.9,CS
6,31,57,1,CS
6,31,58,1,CS
6,31,59,1,CS
6,31,60,0.865,CS
6,31,61,1,CS
6,31,62,1,CS
6,31,63,1,CS
6,31,64,1,CS
6,31,65,1,CS
6,31,66,0.99,CS
6,31,67,0.685,CS
6,31,68,0.57,CS
6,31,69,0.535,CS
6,31,70,1,CS
6,31,71,1,CS
6,31,72,1,CS
6,31,73,0.96,CS
6,31,74,0.75,CS
6,31,75,0.95,CS
6,31,76,1,CS
6,31,77,0.995,CS
6,31,78,1,CS
6,31,79,1,CS
6,31,80,1,CS
6,31,81,0.99,CS
6,31,82,1,CS
6,31,51,NA,MCC
6,31,52,0.19,MCC
6,31,53,0.015,MCC
6,31,54,0.025,MCC
6,31,55,0.075,MCC
6,31,56,0.04,MCC
6,31,57,0.14,MCC
6,31,58,1,MCC
6,31,59,1,MCC
6,31,60,0.48,MCC
6,31,61,1,MCC
6,31,62,0.75,MCC
6,31,63,0.95,MCC
6,31,64,0.01,MCC
6,31,65,0.03,MCC
6,31,66,1,MCC
6,31,67,0.995,MCC
6,31,68,0.075,MCC
6,31,69,1,MCC
6,31,70,0.05,MCC
6,31,71,0.9,MCC
6,31,72,1,MCC
6,31,73,1,MCC
6,31,74,1,MCC
6,31,75,0.535,MCC
6,31,76,1,MCC
6,31,77,1,MCC
6,31,78,0.065,MCC
6,31,79,0.99,MCC
6,31,80,0.33,MCC
6,31,81,1,MCC
6,31,82,0.96,MCC
6,31,83,0.17,MCC
6,31,84,0.235,MCC
6,31,85,0.865,MCC
6,31,86,1,MCC
6,31,87,1,MCC
6,31,88,1,MCC
6,31,89,1,MCC
6,31,90,1,MCC
6,31,91,0.705,MCC
6,31,92,1,MCC
6,31,93,0.61,MCC
6,31,94,0.33,MCC
6,31,95,0.13,MCC
6,31,96,0.36,MCC
6,31,97,0.99,MCC
6,31,98,0.685,MCC
6,31,99,0.28,MCC
5,9,51,1,CS
5,9,52,0.56,CS
5,9,53,0.54,CS
5,9,54,0.8,CS
5,9,55,1,CS
5,9,56,1,CS
5,9,57,1,CS
5,9,58,1,CS
5,9,59,1,CS
5,9,60,0.875,CS
5,9,61,0.86,CS
5,9,62,0.61,CS
5,9,63,1,CS
5,9,64,0.575,CS
5,9,65,0.525,CS
5,9,66,0.935,CS
5,9,67,0.905,CS
5,9,68,1,CS
5,9,69,1,CS
5,9,70,1,CS
5,9,71,1,CS
5,9,72,1,CS
5,9,73,1,CS
5,9,74,1,CS
5,9,75,1,CS
5,9,76,1,CS
5,9,77,0.96,CS
5,9,78,1,CS
5,9,79,1,CS
5,9,80,1,CS
5,9,81,1,CS
5,9,82,1,CS
5,9,83,1,CS
5,9,84,1,CS
5,9,85,1,CS
5,9,51,NA,MCC
5,9,52,0.255,MCC
5,9,53,1,MCC
5,9,54,1,MCC
5,9,55,0.135,MCC
5,9,56,0.02,MCC
5,9,57,0.075,MCC
5,9,58,0.315,MCC
5,9,59,0.24,MCC
5,9,60,0.08,MCC
5,9,61,0.1,MCC
5,9,62,1,MCC
5,9,63,1,MCC
5,9,64,1,MCC
5,9,65,0.96,MCC
5,9,66,1,MCC
5,9,67,0.265,MCC
5,9,68,0.5,MCC
5,9,69,1,MCC
5,9,70,0.935,MCC
5,9,71,0.905,MCC
5,9,72,1,MCC
5,9,73,1,MCC
5,9,74,1,MCC
5,9,75,0.43,MCC
5,9,76,0.215,MCC
5,9,77,0.56,MCC
5,9,78,0.54,MCC
5,9,79,0.8,MCC
5,9,80,1,MCC
5,9,81,1,MCC
5,9,82,1,MCC
5,9,83,1,MCC
5,9,84,1,MCC
5,9,85,0.875,MCC
5,9,86,0.86,MCC
5,9,87,0.525,MCC
5,9,88,0.61,MCC
5,9,89,0.575,MCC
5,9,90,1,MCC
5,9,91,1,MCC
5,9,92,0.015,MCC
5,9,93,0.11,MCC
5,9,94,1,MCC
5,9,95,1,MCC
5,9,96,1,MCC
5,9,97,1,MCC
5,9,98,1,MCC
5,9,99,1,MCC
8,45,51,1,CS
8,45,52,0.98,CS
8,45,53,1,CS
8,45,54,1,CS
8,45,55,1,CS
8,45,56,1,CS
8,45,57,0.525,CS
8,45,58,1,CS
8,45,59,0.91,CS
8,45,60,1,CS
8,45,61,0.945,CS
8,45,62,0.805,CS
8,45,63,0.735,CS
8,45,64,1,CS
8,45,65,0.92,CS
8,45,66,1,CS
8,45,67,1,CS
8,45,68,1,CS
8,45,69,0.855,CS
8,45,70,1,CS
8,45,71,1,CS
8,45,72,0.57,CS
8,45,51,NA,MCC
8,45,52,0.01,MCC
8,45,53,0.015,MCC
8,45,54,0.005,MCC
8,45,55,0.01,MCC
8,45,56,0.01,MCC
8,45,57,0.45,MCC
8,45,58,0.57,MCC
8,45,59,0.11,MCC
8,45,60,0.91,MCC
8,45,61,1,MCC
8,45,62,0.945,MCC
8,45,63,0.805,MCC
8,45,64,0.09,MCC
8,45,65,0.005,MCC
8,45,66,0.005,MCC
8,45,67,0.015,MCC
8,45,68,1,MCC
8,45,69,0.065,MCC
8,45,70,1,MCC
8,45,71,0.92,MCC
8,45,72,0.105,MCC
8,45,73,0.855,MCC
8,45,74,1,MCC
8,45,75,0.005,MCC
8,45,76,0.005,MCC
8,45,77,0.065,MCC
8,45,78,0.98,MCC
8,45,79,1,MCC
8,45,80,1,MCC
8,45,81,1,MCC
8,45,82,1,MCC
8,45,83,0.03,MCC
8,45,84,0.135,MCC
8,45,85,1,MCC
8,45,86,0.04,MCC
8,45,87,0.135,MCC
8,45,88,0.18,MCC
8,45,89,0.04,MCC
8,45,90,0.27,MCC
8,45,91,0.085,MCC
8,45,92,0.165,MCC
8,45,93,1,MCC
8,45,94,0.3,MCC
8,45,95,1,MCC
8,45,96,0.445,MCC
8,45,97,1,MCC
8,45,98,0.065,MCC
8,45,99,0.08,MCC
4,5,51,1,CS
4,5,52,0.69,CS
4,5,53,0.72,CS
4,5,54,1,CS
4,5,55,1,CS
4,5,56,1,CS
4,5,57,1,CS
4,5,58,0.99,CS
4,5,59,1,CS
4,5,60,1,CS
4,5,61,0.97,CS
4,5,62,1,CS
4,5,63,0.565,CS
4,5,64,1,CS
4,5,65,1,CS
4,5,66,1,CS
4,5,67,1,CS
4,5,68,0.965,CS
4,5,69,0.78,CS
4,5,70,0.765,CS
4,5,71,0.835,CS
4,5,72,0.99,CS
4,5,73,1,CS
4,5,74,1,CS
4,5,75,1,CS
4,5,76,1,CS
4,5,77,0.54,CS
4,5,78,1,CS
4,5,79,0.85,CS
4,5,80,1,CS
4,5,81,1,CS
4,5,82,0.76,CS
4,5,83,1,CS
4,5,84,0.56,CS
4,5,85,1,CS
4,5,86,1,CS
4,5,87,1,CS
4,5,88,0.995,CS
4,5,89,1,CS
4,5,90,1,CS
4,5,91,0.995,CS
4,5,51,NA,MCC
4,5,52,0.46,MCC
4,5,53,0.375,MCC
4,5,54,0.995,MCC
4,5,55,0.69,MCC
4,5,56,0.72,MCC
4,5,57,0.49,MCC
4,5,58,0.245,MCC
4,5,59,1,MCC
4,5,60,0.97,MCC
4,5,61,0.99,MCC
4,5,62,1,MCC
4,5,63,1,MCC
4,5,64,1,MCC
4,5,65,1,MCC
4,5,66,1,MCC
4,5,67,1,MCC
4,5,68,0.565,MCC
4,5,69,1,MCC
4,5,70,1,MCC
4,5,71,1,MCC
4,5,72,1,MCC
4,5,73,0.965,MCC
4,5,74,0.78,MCC
4,5,75,0.225,MCC
4,5,76,1,MCC
4,5,77,0.85,MCC
4,5,78,1,MCC
4,5,79,0.765,MCC
4,5,80,0.295,MCC
4,5,81,0.485,MCC
4,5,82,1,MCC
4,5,83,0.835,MCC
4,5,84,0.99,MCC
4,5,85,1,MCC
4,5,86,1,MCC
4,5,87,1,MCC
4,5,88,1,MCC
4,5,89,0.16,MCC
4,5,90,0.76,MCC
4,5,91,0.48,MCC
4,5,92,1,MCC
4,5,93,1,MCC
4,5,94,0.56,MCC
4,5,95,1,MCC
4,5,96,1,MCC
4,5,97,1,MCC
4,5,98,0.995,MCC
4,5,99,1,MCC
7,31,51,1,CS
7,31,52,0.735,CS
7,31,53,0.865,CS
7,31,54,1,CS
7,31,55,1,CS
7,31,56,1,CS
7,31,57,1,CS
7,31,58,1,CS
7,31,59,0.665,CS
7,31,60,1,CS
7,31,61,0.98,CS
7,31,62,0.79,CS
7,31,63,1,CS
7,31,64,0.94,CS
7,31,65,0.75,CS
7,31,66,0.985,CS
7,31,67,1,CS
7,31,68,1,CS
7,31,69,1,CS
7,31,70,1,CS
7,31,71,1,CS
7,31,72,1,CS
7,31,73,1,CS
7,31,74,1,CS
7,31,75,1,CS
7,31,51,NA,MCC
7,31,52,0.005,MCC
7,31,53,0.195,MCC
7,31,54,0.005,MCC
7,31,55,0.665,MCC
7,31,56,0.98,MCC
7,31,57,1,MCC
7,31,58,0.005,MCC
7,31,59,0.01,MCC
7,31,60,1,MCC
7,31,61,1,MCC
7,31,62,0.035,MCC
7,31,63,0.79,MCC
7,31,64,0.145,MCC
7,31,65,0.49,MCC
7,31,66,0.025,MCC
7,31,67,0.195,MCC
7,31,68,0.75,MCC
7,31,69,0.985,MCC
7,31,70,1,MCC
7,31,71,0.41,MCC
7,31,72,0.025,MCC
7,31,73,1,MCC
7,31,74,0.32,MCC
7,31,75,1,MCC
7,31,76,1,MCC
7,31,77,0.01,MCC
7,31,78,0.015,MCC
7,31,79,0.025,MCC
7,31,80,1,MCC
7,31,81,0.03,MCC
7,31,82,0.045,MCC
7,31,83,0.14,MCC
7,31,84,0.025,MCC
7,31,85,0.18,MCC
7,31,86,1,MCC
7,31,87,1,MCC
7,31,88,0.055,MCC
7,31,89,0.08,MCC
7,31,90,1,MCC
7,31,91,0.94,MCC
7,31,92,0.735,MCC
7,31,93,0.865,MCC
7,31,94,1,MCC
7,31,95,1,MCC
7,31,96,1,MCC
7,31,97,1,MCC
7,31,98,1,MCC
7,31,99,0.205,MCC
6,9,51,1,CS
6,9,52,0.53,CS
6,9,53,1,CS
6,9,54,1,CS
6,9,55,1,CS
6,9,56,1,CS
6,9,57,0.63,CS
6,9,58,1,CS
6,9,59,1,CS
6,9,60,1,CS
6,9,61,1,CS
6,9,62,1,CS
6,9,63,1,CS
6,9,64,0.99,CS
6,9,65,1,CS
6,9,66,0.535,CS
6,9,67,0.985,CS
6,9,68,1,CS
6,9,69,1,CS
6,9,70,1,CS
6,9,71,1,CS
6,9,72,0.68,CS
6,9,73,1,CS
6,9,74,1,CS
6,9,75,1,CS
6,9,76,1,CS
6,9,77,1,CS
6,9,78,0.995,CS
6,9,79,1,CS
6,9,51,NA,MCC
6,9,52,0.11,MCC
6,9,53,0.03,MCC
6,9,54,0.06,MCC
6,9,55,0.005,MCC
6,9,56,0.015,MCC
6,9,57,1,MCC
6,9,58,0.29,MCC
6,9,59,0.42,MCC
6,9,60,0.63,MCC
6,9,61,1,MCC
6,9,62,1,MCC
6,9,63,1,MCC
6,9,64,0.135,MCC
6,9,65,0.095,MCC
6,9,66,0.09,MCC
6,9,67,1,MCC
6,9,68,0.075,MCC
6,9,69,0.21,MCC
6,9,70,0.995,MCC
6,9,71,0.985,MCC
6,9,72,1,MCC
6,9,73,0.075,MCC
6,9,74,1,MCC
6,9,75,0.68,MCC
6,9,76,0.05,MCC
6,9,77,1,MCC
6,9,78,1,MCC
6,9,79,0.38,MCC
6,9,80,1,MCC
6,9,81,1,MCC
6,9,82,1,MCC
6,9,83,0.03,MCC
6,9,84,0.205,MCC
6,9,85,0.245,MCC
6,9,86,0.53,MCC
6,9,87,1,MCC
6,9,88,1,MCC
6,9,89,1,MCC
6,9,90,1,MCC
6,9,91,1,MCC
6,9,92,0.02,MCC
6,9,93,0.1,MCC
6,9,94,1,MCC
6,9,95,1,MCC
6,9,96,1,MCC
6,9,97,0.99,MCC
6,9,98,1,MCC
6,9,99,0.535,MCC
9,45,51,1,CS
9,45,52,0.99,CS
9,45,53,1,CS
9,45,54,1,CS
9,45,55,1,CS
9,45,56,0.985,CS
9,45,57,0.535,CS
9,45,58,0.97,CS
9,45,59,1,CS
9,45,60,0.88,CS
9,45,61,1,CS
9,45,62,1,CS
9,45,63,0.735,CS
9,45,64,0.535,CS
9,45,65,1,CS
9,45,66,1,CS
9,45,67,0.7,CS
9,45,68,1,CS
9,45,69,1,CS
9,45,70,0.99,CS
9,45,71,0.965,CS
9,45,72,1,CS
9,45,51,NA,MCC
9,45,52,0.005,MCC
9,45,53,0.005,MCC
9,45,54,0.005,MCC
9,45,55,0.01,MCC
9,45,56,0.025,MCC
9,45,57,0.145,MCC
9,45,58,0.22,MCC
9,45,59,0.43,MCC
9,45,60,1,MCC
9,45,61,0.99,MCC
9,45,62,1,MCC
9,45,63,0.005,MCC
9,45,64,0.02,MCC
9,45,65,0.005,MCC
9,45,66,0.01,MCC
9,45,67,1,MCC
9,45,68,0.535,MCC
9,45,69,0.055,MCC
9,45,70,1,MCC
9,45,71,0.99,MCC
9,45,72,1,MCC
9,45,73,1,MCC
9,45,74,1,MCC
9,45,75,0.005,MCC
9,45,76,1,MCC
9,45,77,0.735,MCC
9,45,78,0.015,MCC
9,45,79,0.1,MCC
9,45,80,1,MCC
9,45,81,0.005,MCC
9,45,82,0.005,MCC
9,45,83,0.07,MCC
9,45,84,0.965,MCC
9,45,85,0.005,MCC
9,45,86,1,MCC
9,45,87,0.88,MCC
9,45,88,1,MCC
9,45,89,0.005,MCC
9,45,90,0.055,MCC
9,45,91,0.7,MCC
9,45,92,0.16,MCC
9,45,93,0.18,MCC
9,45,94,0.02,MCC
9,45,95,0.13,MCC
9,45,96,0.985,MCC
9,45,97,0.28,MCC
9,45,98,0.97,MCC
9,45,99,0.045,MCC
5,5,51,1,CS
5,5,52,0.71,CS
5,5,53,0.755,CS
5,5,54,0.895,CS
5,5,55,1,CS
5,5,56,1,CS
5,5,57,1,CS
5,5,58,1,CS
5,5,59,1,CS
5,5,60,0.535,CS
5,5,61,1,CS
5,5,62,1,CS
5,5,63,0.99,CS
5,5,64,0.575,CS
5,5,65,0.73,CS
5,5,66,0.545,CS
5,5,67,1,CS
5,5,68,1,CS
5,5,69,1,CS
5,5,70,1,CS
5,5,71,1,CS
5,5,72,0.51,CS
5,5,73,0.975,CS
5,5,74,0.725,CS
5,5,75,1,CS
5,5,76,1,CS
5,5,77,1,CS
5,5,78,0.92,CS
5,5,79,1,CS
5,5,80,0.78,CS
5,5,81,1,CS
5,5,82,1,CS
5,5,83,1,CS
5,5,84,1,CS
5,5,85,0.895,CS
5,5,86,0.995,CS
5,5,87,1,CS
5,5,51,NA,MCC
5,5,52,1,MCC
5,5,53,1,MCC
5,5,54,0.11,MCC
5,5,55,0.11,MCC
5,5,56,0.73,MCC
5,5,57,0.545,MCC
5,5,58,0.28,MCC
5,5,59,1,MCC
5,5,60,1,MCC
5,5,61,1,MCC
5,5,62,1,MCC
5,5,63,0.975,MCC
5,5,64,1,MCC
5,5,65,0.195,MCC
5,5,66,0.725,MCC
5,5,67,1,MCC
5,5,68,0.71,MCC
5,5,69,0.755,MCC
5,5,70,0.355,MCC
5,5,71,0.495,MCC
5,5,72,1,MCC
5,5,73,1,MCC
5,5,74,0.535,MCC
5,5,75,1,MCC
5,5,76,0.415,MCC
5,5,77,0.895,MCC
5,5,78,1,MCC
5,5,79,0.42,MCC
5,5,80,1,MCC
5,5,81,1,MCC
5,5,82,1,MCC
5,5,83,0.99,MCC
5,5,84,0.44,MCC
5,5,85,0.575,MCC
5,5,86,0.255,MCC
5,5,87,0.365,MCC
5,5,88,0.39,MCC
5,5,89,1,MCC
5,5,90,0.995,MCC
5,5,91,1,MCC
5,5,92,0.895,MCC
5,5,93,1,MCC
5,5,94,1,MCC
5,5,95,0.92,MCC
5,5,96,1,MCC
5,5,97,0.415,MCC
5,5,98,0.78,MCC
5,5,99,1,MCC
8,31,51,1,CS
8,31,52,0.87,CS
8,31,53,0.63,CS
8,31,54,0.605,CS
8,31,55,1,CS
8,31,56,1,CS
8,31,57,1,CS
8,31,58,1,CS
8,31,59,1,CS
8,31,60,0.73,CS
8,31,61,0.99,CS
8,31,62,1,CS
8,31,63,0.935,CS
8,31,64,1,CS
8,31,65,1,CS
8,31,66,1,CS
8,31,67,0.945,CS
8,31,68,1,CS
8,31,69,0.965,CS
8,31,70,1,CS
8,31,71,1,CS
8,31,72,1,CS
8,31,73,0.86,CS
8,31,74,1,CS
8,31,51,NA,MCC
8,31,52,0.005,MCC
8,31,53,0.005,MCC
8,31,54,0.005,MCC
8,31,55,0.035,MCC
8,31,56,1,MCC
8,31,57,1,MCC
8,31,58,1,MCC
8,31,59,1,MCC
8,31,60,1,MCC
8,31,61,0.08,MCC
8,31,62,0.945,MCC
8,31,63,1,MCC
8,31,64,0.005,MCC
8,31,65,0.005,MCC
8,31,66,0.015,MCC
8,31,67,0.145,MCC
8,31,68,1,MCC
8,31,69,1,MCC
8,31,70,1,MCC
8,31,71,0.935,MCC
8,31,72,0.025,MCC
8,31,73,0.05,MCC
8,31,74,0.005,MCC
8,31,75,0.055,MCC
8,31,76,0.04,MCC
8,31,77,0.425,MCC
8,31,78,0.195,MCC
8,31,79,0.965,MCC
8,31,80,1,MCC
8,31,81,0.005,MCC
8,31,82,0.005,MCC
8,31,83,0.02,MCC
8,31,84,0.87,MCC
8,31,85,0.245,MCC
8,31,86,0.605,MCC
8,31,87,0.73,MCC
8,31,88,0.99,MCC
8,31,89,0.005,MCC
8,31,90,0.015,MCC
8,31,91,0.335,MCC
8,31,92,0.39,MCC
8,31,93,1,MCC
8,31,94,1,MCC
8,31,95,0.04,MCC
8,31,96,0.405,MCC
8,31,97,1,MCC
8,31,98,0.86,MCC
8,31,99,1,MCC
7,9,51,1,CS
7,9,52,1,CS
7,9,53,1,CS
7,9,54,1,CS
7,9,55,1,CS
7,9,56,1,CS
7,9,57,0.995,CS
7,9,58,1,CS
7,9,59,0.72,CS
7,9,60,1,CS
7,9,61,0.98,CS
7,9,62,1,CS
7,9,63,1,CS
7,9,64,1,CS
7,9,65,1,CS
7,9,66,0.975,CS
7,9,67,1,CS
7,9,68,1,CS
7,9,69,1,CS
7,9,70,1,CS
7,9,71,1,CS
7,9,72,0.96,CS
7,9,73,1,CS
7,9,74,1,CS
7,9,75,0.655,CS
7,9,76,1,CS
7,9,51,NA,MCC
7,9,52,0.01,MCC
7,9,53,0.07,MCC
7,9,54,0.21,MCC
7,9,55,1,MCC
7,9,56,1,MCC
7,9,57,0.98,MCC
7,9,58,0.015,MCC
7,9,59,0.005,MCC
7,9,60,0.005,MCC
7,9,61,0.005,MCC
7,9,62,0.005,MCC
7,9,63,0.025,MCC
7,9,64,0.37,MCC
7,9,65,1,MCC
7,9,66,0.19,MCC
7,9,67,1,MCC
7,9,68,1,MCC
7,9,69,1,MCC
7,9,70,1,MCC
7,9,71,0.01,MCC
7,9,72,0.125,MCC
7,9,73,0.26,MCC
7,9,74,0.18,MCC
7,9,75,1,MCC
7,9,76,0.975,MCC
7,9,77,1,MCC
7,9,78,0.96,MCC
7,9,79,0.085,MCC
7,9,80,0.015,MCC
7,9,81,0.01,MCC
7,9,82,0.165,MCC
7,9,83,1,MCC
7,9,84,1,MCC
7,9,85,0.72,MCC
7,9,86,0.03,MCC
7,9,87,0.365,MCC
7,9,88,0.075,MCC
7,9,89,1,MCC
7,9,90,1,MCC
7,9,91,1,MCC
7,9,92,0.055,MCC
7,9,93,0.305,MCC
7,9,94,1,MCC
7,9,95,1,MCC
7,9,96,0.995,MCC
7,9,97,1,MCC
7,9,98,1,MCC
7,9,99,1,MCC
6,5,51,1,CS
6,5,52,0.725,CS
6,5,53,1,CS
6,5,54,1,CS
6,5,55,1,CS
6,5,56,1,CS
6,5,57,1,CS
6,5,58,1,CS
6,5,59,1,CS
6,5,60,1,CS
6,5,61,1,CS
6,5,62,0.68,CS
6,5,63,1,CS
6,5,64,0.96,CS
6,5,65,1,CS
6,5,66,0.97,CS
6,5,67,0.78,CS
6,5,68,0.91,CS
6,5,69,0.91,CS
6,5,70,1,CS
6,5,71,1,CS
6,5,72,0.99,CS
6,5,73,0.92,CS
6,5,74,0.615,CS
6,5,75,0.675,CS
6,5,76,1,CS
6,5,77,1,CS
6,5,78,1,CS
6,5,79,1,CS
6,5,51,NA,MCC
6,5,52,0.05,MCC
6,5,53,0.1,MCC
6,5,54,0.17,MCC
6,5,55,0.18,MCC
6,5,56,0.92,MCC
6,5,57,0.475,MCC
6,5,58,1,MCC
6,5,59,0.255,MCC
6,5,60,0.325,MCC
6,5,61,0.235,MCC
6,5,62,1,MCC
6,5,63,1,MCC
6,5,64,0.96,MCC
6,5,65,1,MCC
6,5,66,0.155,MCC
6,5,67,1,MCC
6,5,68,0.045,MCC
6,5,69,0.035,MCC
6,5,70,0.085,MCC
6,5,71,0.25,MCC
6,5,72,0.97,MCC
6,5,73,0.78,MCC
6,5,74,0.91,MCC
6,5,75,0.405,MCC
6,5,76,0.38,MCC
6,5,77,0.13,MCC
6,5,78,1,MCC
6,5,79,0.68,MCC
6,5,80,1,MCC
6,5,81,0.675,MCC
6,5,82,0.36,MCC
6,5,83,0.315,MCC
6,5,84,0.725,MCC
6,5,85,1,MCC
6,5,86,1,MCC
6,5,87,1,MCC
6,5,88,1,MCC
6,5,89,0.325,MCC
6,5,90,0.285,MCC
6,5,91,1,MCC
6,5,92,0.99,MCC
6,5,93,0.91,MCC
6,5,94,1,MCC
6,5,95,1,MCC
6,5,96,1,MCC
6,5,97,1,MCC
6,5,98,1,MCC
6,5,99,0.615,MCC
9,31,51,1,CS
9,31,52,1,CS
9,31,53,1,CS
9,31,54,1,CS
9,31,55,0.595,CS
9,31,56,1,CS
9,31,57,1,CS
9,31,58,1,CS
9,31,59,1,CS
9,31,60,1,CS
9,31,61,0.665,CS
9,31,62,1,CS
9,31,63,1,CS
9,31,64,0.785,CS
9,31,65,0.835,CS
9,31,66,1,CS
9,31,67,0.98,CS
9,31,68,1,CS
9,31,69,1,CS
9,31,70,0.56,CS
9,31,51,NA,MCC
9,31,52,0.005,MCC
9,31,53,0.005,MCC
9,31,54,0.025,MCC
9,31,55,0.98,MCC
9,31,56,1,MCC
9,31,57,1,MCC
9,31,58,0.005,MCC
9,31,59,0.005,MCC
9,31,60,0.01,MCC
9,31,61,0.025,MCC
9,31,62,0.445,MCC
9,31,63,0.175,MCC
9,31,64,0.595,MCC
9,31,65,1,MCC
9,31,66,1,MCC
9,31,67,1,MCC
9,31,68,0.03,MCC
9,31,69,0.265,MCC
9,31,70,0.835,MCC
9,31,71,1,MCC
9,31,72,0.255,MCC
9,31,73,0.005,MCC
9,31,74,0.005,MCC
9,31,75,0.005,MCC
9,31,76,0.005,MCC
9,31,77,0.56,MCC
9,31,78,0.435,MCC
9,31,79,0.04,MCC
9,31,80,1,MCC
9,31,81,0.005,MCC
9,31,82,0.11,MCC
9,31,83,0.785,MCC
9,31,84,0.005,MCC
9,31,85,0.005,MCC
9,31,86,0.005,MCC
9,31,87,0.035,MCC
9,31,88,1,MCC
9,31,89,0.665,MCC
9,31,90,1,MCC
9,31,91,1,MCC
9,31,92,0.005,MCC
9,31,93,0.005,MCC
9,31,94,0.01,MCC
9,31,95,1,MCC
9,31,96,1,MCC
9,31,97,1,MCC
9,31,98,0.295,MCC
9,31,99,0.335,MCC
8,9,51,1,CS
8,9,52,1,CS
8,9,53,1,CS
8,9,54,1,CS
8,9,55,1,CS
8,9,56,1,CS
8,9,57,1,CS
8,9,58,1,CS
8,9,59,1,CS
8,9,60,0.89,CS
8,9,61,1,CS
8,9,62,1,CS
8,9,63,1,CS
8,9,64,0.985,CS
8,9,65,0.995,CS
8,9,66,0.975,CS
8,9,67,1,CS
8,9,68,1,CS
8,9,69,1,CS
8,9,70,1,CS
8,9,71,1,CS
8,9,72,0.61,CS
8,9,73,1,CS
8,9,74,1,CS
8,9,75,0.525,CS
8,9,51,NA,MCC
8,9,52,0.005,MCC
8,9,53,0.02,MCC
8,9,54,0.265,MCC
8,9,55,0.205,MCC
8,9,56,1,MCC
8,9,57,0.975,MCC
8,9,58,1,MCC
8,9,59,0.005,MCC
8,9,60,0.005,MCC
8,9,61,0.01,MCC
8,9,62,0.115,MCC
8,9,63,0.075,MCC
8,9,64,0.215,MCC
8,9,65,1,MCC
8,9,66,1,MCC
8,9,67,0.025,MCC
8,9,68,0.05,MCC
8,9,69,1,MCC
8,9,70,1,MCC
8,9,71,1,MCC
8,9,72,1,MCC
8,9,73,0.01,MCC
8,9,74,0.04,MCC
8,9,75,1,MCC
8,9,76,0.345,MCC
8,9,77,0.015,MCC
8,9,78,0.02,MCC
8,9,79,0.205,MCC
8,9,80,0.085,MCC
8,9,81,1,MCC
8,9,82,0.985,MCC
8,9,83,0.995,MCC
8,9,84,1,MCC
8,9,85,1,MCC
8,9,86,1,MCC
8,9,87,0.005,MCC
8,9,88,0.03,MCC
8,9,89,0.12,MCC
8,9,90,0.23,MCC
8,9,91,1,MCC
8,9,92,1,MCC
8,9,93,0.01,MCC
8,9,94,0.015,MCC
8,9,95,0.08,MCC
8,9,96,0.89,MCC
8,9,97,1,MCC
8,9,98,1,MCC
8,9,99,1,MCC
7,5,51,1,CS
7,5,52,0.685,CS
7,5,53,1,CS
7,5,54,0.825,CS
7,5,55,1,CS
7,5,56,1,CS
7,5,57,0.75,CS
7,5,58,0.99,CS
7,5,59,0.975,CS
7,5,60,1,CS
7,5,61,1,CS
7,5,62,0.98,CS
7,5,63,1,CS
7,5,64,1,CS
7,5,65,1,CS
7,5,66,1,CS
7,5,67,1,CS
7,5,68,1,CS
7,5,69,0.93,CS
7,5,70,1,CS
7,5,71,1,CS
7,5,72,0.655,CS
7,5,73,0.565,CS
7,5,74,1,CS
7,5,75,1,CS
7,5,76,1,CS
7,5,77,1,CS
7,5,51,NA,MCC
7,5,52,0.03,MCC
7,5,53,0.015,MCC
7,5,54,0.01,MCC
7,5,55,0.02,MCC
7,5,56,1,MCC
7,5,57,1,MCC
7,5,58,0.155,MCC
7,5,59,0.015,MCC
7,5,60,0.025,MCC
7,5,61,0.1,MCC
7,5,62,0.03,MCC
7,5,63,0.165,MCC
7,5,64,1,MCC
7,5,65,0.36,MCC
7,5,66,1,MCC
7,5,67,0.46,MCC
7,5,68,1,MCC
7,5,69,0.075,MCC
7,5,70,1,MCC
7,5,71,0.93,MCC
7,5,72,0.98,MCC
7,5,73,1,MCC
7,5,74,1,MCC
7,5,75,1,MCC
7,5,76,0.685,MCC
7,5,77,0.18,MCC
7,5,78,0.13,MCC
7,5,79,1,MCC
7,5,80,1,MCC
7,5,81,0.825,MCC
7,5,82,1,MCC
7,5,83,0.05,MCC
7,5,84,0.655,MCC
7,5,85,0.36,MCC
7,5,86,0.04,MCC
7,5,87,0.04,MCC
7,5,88,0.23,MCC
7,5,89,1,MCC
7,5,90,0.385,MCC
7,5,91,1,MCC
7,5,92,0.105,MCC
7,5,93,1,MCC
7,5,94,0.03,MCC
7,5,95,0.75,MCC
7,5,96,1,MCC
7,5,97,0.99,MCC
7,5,98,0.975,MCC
7,5,99,1,MCC
9,9,51,1,CS
9,9,52,1,CS
9,9,53,1,CS
9,9,54,1,CS
9,9,55,1,CS
9,9,56,0.935,CS
9,9,57,0.93,CS
9,9,58,1,CS
9,9,59,1,CS
9,9,60,1,CS
9,9,61,1,CS
9,9,62,0.995,CS
9,9,63,1,CS
9,9,64,1,CS
9,9,65,1,CS
9,9,66,0.99,CS
9,9,67,1,CS
9,9,68,1,CS
9,9,69,1,CS
9,9,70,1,CS
9,9,71,0.54,CS
9,9,51,NA,MCC
9,9,52,0.005,MCC
9,9,53,0.005,MCC
9,9,54,0.035,MCC
9,9,55,0.14,MCC
9,9,56,1,MCC
9,9,57,0.935,MCC
9,9,58,1,MCC
9,9,59,1,MCC
9,9,60,0.005,MCC
9,9,61,0.015,MCC
9,9,62,1,MCC
9,9,63,1,MCC
9,9,64,1,MCC
9,9,65,0.005,MCC
9,9,66,0.005,MCC
9,9,67,0.005,MCC
9,9,68,0.02,MCC
9,9,69,0.335,MCC
9,9,70,0.31,MCC
9,9,71,1,MCC
9,9,72,0.295,MCC
9,9,73,1,MCC
9,9,74,0.185,MCC
9,9,75,0.005,MCC
9,9,76,0.05,MCC
9,9,77,1,MCC
9,9,78,1,MCC
9,9,79,0.005,MCC
9,9,80,0.005,MCC
9,9,81,0.425,MCC
9,9,82,0.54,MCC
9,9,83,0.025,MCC
9,9,84,0.93,MCC
9,9,85,1,MCC
9,9,86,1,MCC
9,9,87,0.005,MCC
9,9,88,0.005,MCC
9,9,89,0.38,MCC
9,9,90,0.005,MCC
9,9,91,0.015,MCC
9,9,92,1,MCC
9,9,93,0.5,MCC
9,9,94,1,MCC
9,9,95,0.995,MCC
9,9,96,0.255,MCC
9,9,97,0.99,MCC
9,9,98,0.18,MCC
9,9,99,1,MCC
8,5,51,1,CS
8,5,52,0.99,CS
8,5,53,0.61,CS
8,5,54,0.985,CS
8,5,55,1,CS
8,5,56,1,CS
8,5,57,0.705,CS
8,5,58,1,CS
8,5,59,1,CS
8,5,60,1,CS
8,5,61,1,CS
8,5,62,1,CS
8,5,63,0.975,CS
8,5,64,1,CS
8,5,65,0.95,CS
8,5,66,1,CS
8,5,67,1,CS
8,5,68,0.89,CS
8,5,69,0.555,CS
8,5,70,0.54,CS
8,5,71,1,CS
8,5,72,1,CS
8,5,73,1,CS
8,5,74,1,CS
8,5,75,0.555,CS
8,5,76,1,CS
8,5,51,NA,MCC
8,5,52,0.005,MCC
8,5,53,0.01,MCC
8,5,54,0.07,MCC
8,5,55,0.015,MCC
8,5,56,0.015,MCC
8,5,57,0.08,MCC
8,5,58,1,MCC
8,5,59,1,MCC
8,5,60,1,MCC
8,5,61,0.13,MCC
8,5,62,0.555,MCC
8,5,63,0.46,MCC
8,5,64,0.975,MCC
8,5,65,1,MCC
8,5,66,0.475,MCC
8,5,67,1,MCC
8,5,68,0.005,MCC
8,5,69,0.025,MCC
8,5,70,0.22,MCC
8,5,71,1,MCC
8,5,72,0.705,MCC
8,5,73,1,MCC
8,5,74,0.435,MCC
8,5,75,1,MCC
8,5,76,0.005,MCC
8,5,77,0.17,MCC
8,5,78,0.15,MCC
8,5,79,1,MCC
8,5,80,0.89,MCC
8,5,81,0.05,MCC
8,5,82,0.99,MCC
8,5,83,0.235,MCC
8,5,84,0.985,MCC
8,5,85,1,MCC
8,5,86,1,MCC
8,5,87,0.08,MCC
8,5,88,0.95,MCC
8,5,89,1,MCC
8,5,90,0.005,MCC
8,5,91,0.065,MCC
8,5,92,0.21,MCC
8,5,93,0.33,MCC
8,5,94,1,MCC
8,5,95,0.025,MCC
8,5,96,0.065,MCC
8,5,97,0.54,MCC
8,5,98,1,MCC
8,5,99,1,MCC
9,5,51,1,CS
9,5,52,0.945,CS
9,5,53,0.995,CS
9,5,54,1,CS
9,5,55,1,CS
9,5,56,1,CS
9,5,57,0.77,CS
9,5,58,1,CS
9,5,59,1,CS
9,5,60,0.625,CS
9,5,61,1,CS
9,5,62,1,CS
9,5,63,0.955,CS
9,5,64,0.92,CS
9,5,65,1,CS
9,5,66,0.64,CS
9,5,67,1,CS
9,5,68,1,CS
9,5,69,1,CS
9,5,70,1,CS
9,5,71,0.615,CS
9,5,72,1,CS
9,5,73,1,CS
9,5,74,0.63,CS
9,5,51,NA,MCC
9,5,52,0.005,MCC
9,5,53,0.005,MCC
9,5,54,0.005,MCC
9,5,55,0.27,MCC
9,5,56,0.63,MCC
9,5,57,0.005,MCC
9,5,58,0.005,MCC
9,5,59,0.02,MCC
9,5,60,0.045,MCC
9,5,61,1,MCC
9,5,62,1,MCC
9,5,63,0.625,MCC
9,5,64,1,MCC
9,5,65,0.15,MCC
9,5,66,1,MCC
9,5,67,0.77,MCC
9,5,68,1,MCC
9,5,69,1,MCC
9,5,70,0.015,MCC
9,5,71,1,MCC
9,5,72,0.955,MCC
9,5,73,0.02,MCC
9,5,74,0.135,MCC
9,5,75,1,MCC
9,5,76,1,MCC
9,5,77,0.01,MCC
9,5,78,0.035,MCC
9,5,79,0.195,MCC
9,5,80,0.64,MCC
9,5,81,1,MCC
9,5,82,0.35,MCC
9,5,83,1,MCC
9,5,84,0.005,MCC
9,5,85,0.005,MCC
9,5,86,0.03,MCC
9,5,87,0.325,MCC
9,5,88,0.945,MCC
9,5,89,0.995,MCC
9,5,90,1,MCC
9,5,91,0.005,MCC
9,5,92,0.005,MCC
9,5,93,0.03,MCC
9,5,94,1,MCC
9,5,95,0.045,MCC
9,5,96,0.41,MCC
9,5,97,0.92,MCC
9,5,98,1,MCC
9,5,99,0.615,MCC
