
                        BEAST v2.6.7, 2002-2022
             Bayesian Evolutionary Analysis Sampling Trees
                       Designed and developed by
 Remco Bouckaert, Alexei J. Drummond, Andrew Rambaut & Marc A. Suchard
                                    
                   Centre for Computational Evolution
                         University of Auckland
                       r.bouckaert@auckland.ac.nz
                        alexei@cs.auckland.ac.nz
                                    
                   Institute of Evolutionary Biology
                        University of Edinburgh
                           a.rambaut@ed.ac.uk
                                    
                    David Geffen School of Medicine
                 University of California, Los Angeles
                           msuchard@ucla.edu
                                    
                      Downloads, Help & Resources:
                           http://beast2.org/
                                    
  Source code distributed under the GNU Lesser General Public License:
                   http://github.com/CompEvol/beast2
                                    
                           BEAST developers:
   Alex Alekseyenko, Trevor Bedford, Erik Bloomquist, Joseph Heled, 
 Sebastian Hoehna, Denise Kuehnert, Philippe Lemey, Wai Lok Sibon Li, 
Gerton Lunter, Sidney Markowitz, Vladimir Minin, Michael Defoin Platel, 
          Oliver Pybus, Tim Vaughan, Chieh-Hsi Wu, Walter Xie
                                    
                               Thanks to:
          Roald Forsberg, Beth Shapiro and Korbinian Strimmer

Random number seed: 1742458913649

File: ctmc-strict-bd-15.xml seed: 1742458913649 threads: 1
Loading package BEASTvntr v0.1.3
Loading package PoMo v1.0.1
Loading package speedemon v1.0.0
Loading package feast v8.4.0
Loading package phylodynamics v1.3.0
Loading package SNAPP v1.5.2
Loading package BADTRIP v1.0.0
Loading package timtam v0.3.1
Loading package ORC v1.0.3
Loading package bacter v2.2.5
Loading package SpeciesNetwork v0.13.0
Loading package TreeStat2 v0.0.2
Loading package Mascot v2.1.2
Loading package starbeast2 v0.15.13
Loading package Beasy v0.0.2
Loading package bModelTest v1.2.1
Loading package ClaDS v1.1.3
Loading package Recombination v0.0.2
Loading package CoalRe v0.0.7
Loading package BASTA v3.0.1
Loading package contraband v1.0.0
Loading package BEAST v2.6.7
Loading package besp v0.2.0
Loading package BDMM v1.0.2
Loading package PIQMEE v1.0.2
Loading package BEASTLabs v1.9.7
Loading package BEAST_CLASSIC v1.5.0
Loading package BICEPS v1.0.1
Loading package CA v2.0.0
Loading package PhyDyn v1.3.8
Loading package MGSM v0.3.0
Loading package MASTER v6.1.2
Loading package TMA v1.0.0
Loading package flc v1.1.0
Loading package Babel v0.3.2
Loading package OBAMA v0.2.0
Loading package NS v1.1.0
Loading package starbeast3 v1.0.5
Loading package MultiTypeTree v7.0.2
Loading package snapper v1.0.3
Loading package STACEY v1.2.5
Loading package SCOTTI v2.0.1
Loading package DENIM v1.0.1
Loading package MODEL_SELECTION v1.5.3
Loading package substBMA v1.2.3
Loading package MM v1.1.1
Loading package BREAK_AWAY v1.0.1
Loading package EpiInf v7.5.2
Loading package GEO_SPHERE v1.3.1
Loading package SA v2.0.2
Loading package FastRelaxedClockLogNormal v1.1.1
Loading package BDSKY v1.4.8
Loading package SSM v1.1.0
Loading package CoupledMCMC v1.0.2
Loading package CodonSubstModels v1.1.3
Loading package BEAST v2.6.7
Alignment(SequenceSimulator)
  50 taxa
  3000 sites
  3000 patterns

Filter ::
50 taxa
3000 sites
3000 patterns
Failed to load BEAGLE library: no hmsbeagle-jni in java.library.path
TreeLikelihood(treeLikelihood.SequenceSimulator) uses BeerLikelihoodCore
  FilteredAlignment(bin.SequenceSimulator): [taxa, patterns, sites] = [50, 3000, 2999]
WARNING: the dimension of the parameter is 1 at the start of the run.
         The operator FixMeanMutationRatesOperator has no effect (if this does not change).
===============================================================================
Citations for this model:

Bouckaert, Remco, Timothy G. Vaughan, Joëlle Barido-Sottani, Sebastián Duchêne, Mathieu Fourment, 
Alexandra Gavryushkina, Joseph Heled, Graham Jones, Denise Kühnert, Nicola De Maio, Michael Matschiner, 
Fábio K. Mendes, Nicola F. Müller, Huw A. Ogilvie, Louis du Plessis, Alex Popinga, Andrew Rambaut, 
David Rasmussen, Igor Siveroni, Marc A. Suchard, Chieh-Hsi Wu, Dong Xie, Chi Zhang, Tanja Stadler, 
Alexei J. Drummond 
  BEAST 2.5: An advanced software platform for Bayesian evolutionary analysis. 
  PLoS computational biology 15, no. 4 (2019): e1006650.

Gernhard 2008. The conditioned reconstructed process. Journal of Theoretical Biology Volume 253, Issue 4, 21 August 2008, Pages 769-778

===============================================================================
Start likelihood: -106655.9172291682 
Writing file ctmc-strict-bd-15.log
Writing file ctmc-strict-bd-15.trees
         Sample      posterior ESS(posterior)     likelihood          prior
              0   -106655.9814              N   -106288.2676      -367.7138 --
           1000   -104075.3533         2.0      -103933.2339      -142.1193 --
           2000   -103971.5243         3.0      -103833.4835      -138.0408 --
           3000   -103565.7927         4.0      -103420.6743      -145.1184 --
           4000   -103548.2359         5.0      -103410.1220      -138.1138 --
           5000   -103541.0946         4.6      -103408.3948      -132.6998 --
           6000   -103516.3743         4.8      -103388.1101      -128.2641 --
           7000   -103480.6628         5.2      -103362.3127      -118.3500 --
           8000   -103489.3962         5.6      -103359.5034      -129.8927 --
           9000   -103481.9458         4.0      -103367.5458      -114.3999 --
          10000   -103436.0490         4.3      -103320.4102      -115.6387 --
          11000   -103429.9922         4.6      -103318.9948      -110.9973 17m19s/Msamples
          12000   -103415.3602         4.5      -103308.3872      -106.9730 16m47s/Msamples
          13000   -103380.3289         4.5      -103276.3974      -103.9314 16m36s/Msamples
          14000   -103391.7595         4.6      -103285.6464      -106.1130 16m39s/Msamples
          15000   -103383.7313         4.6      -103274.5751      -109.1561 16m35s/Msamples
          16000   -103391.7614         4.7      -103277.0121      -114.7493 16m46s/Msamples
          17000   -103397.2677         4.7      -103276.2223      -121.0454 17m10s/Msamples
          18000   -103385.9428         4.7      -103278.2466      -107.6962 17m15s/Msamples
          19000   -103380.6878         4.7      -103275.5515      -105.1363 17m21s/Msamples
          20000   -103391.5622         4.7      -103279.3865      -112.1757 17m21s/Msamples
          21000   -103395.9488         4.8      -103283.7607      -112.1881 17m35s/Msamples
          22000   -103405.8789         5.0      -103282.3997      -123.4792 17m38s/Msamples
          23000   -103390.7573         5.0      -103281.1363      -109.6210 17m41s/Msamples
          24000   -103400.3320         5.1      -103282.4764      -117.8556 17m39s/Msamples
          25000   -103376.3218         5.2      -103279.4105       -96.9112 17m35s/Msamples
          26000   -103379.0535         5.3      -103278.2289      -100.8246 17m35s/Msamples
          27000   -103385.1781         5.5      -103282.3117      -102.8664 17m29s/Msamples
          28000   -103388.7263         5.6      -103282.1504      -106.5759 17m27s/Msamples
          29000   -103397.0932         3.5      -103283.5114      -113.5818 17m28s/Msamples
          30000   -103380.7596         3.6      -103275.6669      -105.0927 17m29s/Msamples
          31000   -103353.4072         3.7      -103255.3892       -98.0180 17m45s/Msamples
          32000   -103323.4832         3.9      -103232.5015       -90.9817 17m45s/Msamples
          33000   -103252.6202         4.3      -103164.0481       -88.5720 17m44s/Msamples
          34000   -103227.1144         4.7      -103141.6040       -85.5104 17m43s/Msamples
          35000   -103231.0796         4.8      -103142.2694       -88.8101 17m44s/Msamples
          36000   -103229.5953         4.7      -103134.3694       -95.2258 17m46s/Msamples
          37000   -103237.0585         4.5      -103140.1102       -96.9483 17m45s/Msamples
          38000   -103225.3165         4.4      -103135.2689       -90.0475 17m46s/Msamples
          39000   -103221.5170         4.3      -103129.6744       -91.8426 17m42s/Msamples
          40000   -103227.2189         4.0      -103136.1193       -91.0995 17m45s/Msamples
          41000   -103223.2756         3.8      -103129.7929       -93.4826 17m44s/Msamples
          42000   -103232.8016         3.7      -103134.3389       -98.4627 17m41s/Msamples
          43000   -103235.2517         3.5      -103133.1755      -102.0761 17m42s/Msamples
          44000   -103219.0227         3.4      -103120.7015       -98.3212 17m41s/Msamples
          45000   -103234.8210         3.2      -103129.0240      -105.7969 17m39s/Msamples
          46000   -103230.0286         3.1      -103124.8642      -105.1644 17m39s/Msamples
          47000   -103230.8609         3.1      -103123.7746      -107.0863 17m39s/Msamples
          48000   -103218.9396         3.0      -103117.4500      -101.4896 17m41s/Msamples
          49000   -103211.5494         2.8      -103114.1447       -97.4046 17m42s/Msamples
          50000   -103208.5405         2.8      -103108.9723       -99.5681 17m42s/Msamples
          51000   -103214.4229         2.7      -103112.6806      -101.7423 17m39s/Msamples
          52000   -103204.6206         2.7      -103114.5073       -90.1132 17m38s/Msamples
          53000   -103201.3168         2.6      -103110.7765       -90.5402 17m38s/Msamples
          54000   -103199.4439         2.6      -103107.6187       -91.8252 17m37s/Msamples
          55000   -103218.9024         2.6      -103116.6082      -102.2941 17m37s/Msamples
          56000   -103215.9691         2.6      -103111.8648      -104.1043 17m37s/Msamples
          57000   -103215.5911         2.6      -103114.9656      -100.6254 17m36s/Msamples
          58000   -103215.8339         2.5      -103121.5458       -94.2880 17m37s/Msamples
          59000   -103216.3984         2.5      -103119.1581       -97.2402 17m38s/Msamples
          60000   -103212.5948         2.5      -103111.6514      -100.9433 17m39s/Msamples
          61000   -103205.5927         2.5      -103111.7664       -93.8262 17m39s/Msamples
          62000   -103200.6019         2.5      -103110.8938       -89.7081 17m39s/Msamples
          63000   -103205.1714         2.5      -103116.4582       -88.7131 17m38s/Msamples
          64000   -103204.9469         2.5      -103119.6326       -85.3142 17m37s/Msamples
          65000   -103203.6284         2.5      -103114.8703       -88.7581 17m38s/Msamples
          66000   -103201.0796         2.5      -103111.5624       -89.5172 17m37s/Msamples
          67000   -103210.6756         2.6      -103116.8446       -93.8310 17m37s/Msamples
          68000   -103220.7641         2.6      -103122.5142       -98.2498 17m36s/Msamples
          69000   -103234.5237         2.6      -103128.0613      -106.4624 17m39s/Msamples
          70000   -103241.6249         2.6      -103135.5688      -106.0561 17m39s/Msamples
          71000   -103235.6859         2.6      -103133.7557      -101.9301 17m40s/Msamples
          72000   -103225.7314         2.6      -103124.2475      -101.4838 17m40s/Msamples
          73000   -103219.2725         2.7      -103119.9143       -99.3581 17m40s/Msamples
          74000   -103212.4757         2.7      -103114.9912       -97.4844 17m40s/Msamples
          75000   -103211.6511         2.7      -103115.0359       -96.6152 17m41s/Msamples
          76000   -103202.4770         2.7      -103113.8285       -88.6484 17m41s/Msamples
          77000   -103204.4010         2.8      -103114.9080       -89.4929 17m42s/Msamples
          78000   -103220.1235         2.8      -103119.4736      -100.6499 17m43s/Msamples
          79000   -103216.3463         2.8      -103119.4692       -96.8771 17m42s/Msamples
          80000   -103221.4194         2.9      -103115.1825      -106.2369 17m43s/Msamples
          81000   -103214.0836         2.9      -103122.7970       -91.2865 17m42s/Msamples
          82000   -103212.7304         2.9      -103118.5620       -94.1684 17m43s/Msamples
          83000   -103219.4845         3.0      -103124.0471       -95.4373 17m43s/Msamples
          84000   -103220.6888         3.0      -103119.8843      -100.8045 17m42s/Msamples
          85000   -103221.6126         3.0      -103118.1213      -103.4912 17m43s/Msamples
          86000   -103212.3180         3.1      -103111.9211      -100.3969 17m43s/Msamples
          87000   -103217.9736         3.1      -103119.1165       -98.8570 17m41s/Msamples
          88000   -103221.3318         3.1      -103123.1715       -98.1602 17m40s/Msamples
          89000   -103219.9398         3.2      -103124.9113       -95.0285 17m38s/Msamples
          90000   -103227.3318         3.2      -103125.5161      -101.8157 17m38s/Msamples
          91000   -103216.9753         3.3      -103121.4268       -95.5485 17m39s/Msamples
          92000   -103225.5986         3.3      -103121.7679      -103.8306 17m39s/Msamples
          93000   -103231.9180         3.3      -103120.7530      -111.1649 17m38s/Msamples
          94000   -103234.7231         3.4      -103124.1604      -110.5626 17m37s/Msamples
          95000   -103230.9340         3.4      -103124.0588      -106.8751 17m37s/Msamples
          96000   -103241.9135         3.4      -103132.2613      -109.6521 17m38s/Msamples
          97000   -103232.1906         3.5      -103126.0613      -106.1293 17m38s/Msamples
          98000   -103224.5557         3.5      -103123.9143      -100.6413 17m38s/Msamples
          99000   -103220.4234         3.6      -103121.9939       -98.4294 17m38s/Msamples
         100000   -103215.0455         3.7      -103116.7075       -98.3379 17m39s/Msamples
         101000   -103229.3280         3.7      -103121.8572      -107.4708 17m39s/Msamples
         102000   -103227.6352         3.8      -103124.6499      -102.9853 17m39s/Msamples
         103000   -103226.3080         3.8      -103121.6134      -104.6946 17m40s/Msamples
         104000   -103223.1887         3.8      -103113.9029      -109.2858 17m41s/Msamples
         105000   -103230.3921         3.9      -103113.0290      -117.3630 17m42s/Msamples
         106000   -103223.2546         3.9      -103118.0924      -105.1621 17m42s/Msamples
         107000   -103226.5915         4.0      -103119.8902      -106.7012 17m43s/Msamples
         108000   -103226.0112         4.0      -103116.1272      -109.8840 17m43s/Msamples
         109000   -103233.8375         4.2      -103121.8285      -112.0089 17m43s/Msamples
         110000   -103230.2279         4.2      -103117.1423      -113.0855 17m43s/Msamples
         111000   -103232.7781         4.3      -103121.9469      -110.8312 17m43s/Msamples
         112000   -103234.6222         4.3      -103121.4005      -113.2216 17m44s/Msamples
         113000   -103226.3630         4.3      -103119.1193      -107.2436 17m43s/Msamples
         114000   -103221.1179         4.4      -103115.4509      -105.6669 17m43s/Msamples
         115000   -103245.0641         4.4      -103125.8827      -119.1813 17m42s/Msamples
         116000   -103235.9702         4.5      -103124.2266      -111.7435 17m41s/Msamples
         117000   -103232.3743         4.5      -103123.7528      -108.6215 17m41s/Msamples
         118000   -103229.0767         4.6      -103124.8446      -104.2320 17m42s/Msamples
         119000   -103227.1304         4.8      -103119.1654      -107.9650 17m42s/Msamples
         120000   -103237.8320         4.8      -103125.4885      -112.3434 17m41s/Msamples
         121000   -103240.9122         4.8      -103130.9026      -110.0096 17m41s/Msamples
         122000   -103239.8569         4.9      -103122.7302      -117.1266 17m41s/Msamples
         123000   -103248.2470         4.9      -103137.3969      -110.8500 17m41s/Msamples
         124000   -103245.4823         5.0      -103133.6614      -111.8208 17m40s/Msamples
         125000   -103244.5956         5.0      -103138.1337      -106.4618 17m40s/Msamples
         126000   -103236.3587         5.1      -103133.2474      -103.1112 17m40s/Msamples
         127000   -103225.0766         5.1      -103127.4541       -97.6224 17m40s/Msamples
         128000   -103237.8586         5.2      -103130.1638      -107.6947 17m40s/Msamples
         129000   -103247.7791         5.4      -103137.6421      -110.1370 17m40s/Msamples
         130000   -103249.5247         5.5      -103136.4622      -113.0624 17m40s/Msamples
         131000   -103255.4580         5.5      -103129.2582      -126.1997 17m41s/Msamples
         132000   -103249.5334         5.6      -103130.7105      -118.8229 17m41s/Msamples
         133000   -103239.5650         5.6      -103128.2151      -111.3498 17m42s/Msamples
         134000   -103243.1264         5.7      -103126.0257      -117.1006 17m42s/Msamples
         135000   -103242.2817         5.7      -103129.9699      -112.3117 17m42s/Msamples
         136000   -103230.6270         5.8      -103121.7462      -108.8807 17m42s/Msamples
         137000   -103239.3797         5.8      -103130.6515      -108.7281 17m42s/Msamples
         138000   -103246.2471         5.9      -103131.4789      -114.7682 17m41s/Msamples
         139000   -103240.9878         6.2      -103122.7817      -118.2060 17m42s/Msamples
         140000   -103242.1716         6.2      -103127.4103      -114.7612 17m42s/Msamples
         141000   -103231.7890         6.3      -103124.7033      -107.0857 17m42s/Msamples
         142000   -103232.8951         6.4      -103120.6511      -112.2439 17m43s/Msamples
         143000   -103238.3905         6.4      -103127.8938      -110.4967 17m43s/Msamples
         144000   -103243.2141         6.5      -103131.6302      -111.5838 17m43s/Msamples
         145000   -103245.9293         6.5      -103144.3839      -101.5453 17m44s/Msamples
         146000   -103248.4210         6.6      -103132.8439      -115.5771 17m44s/Msamples
         147000   -103249.8507         6.6      -103132.3895      -117.4612 17m44s/Msamples
         148000   -103244.9151         6.7      -103133.0185      -111.8966 17m43s/Msamples
         149000   -103246.2149         7.0      -103130.1915      -116.0233 17m44s/Msamples
         150000   -103260.2591         7.1      -103129.1741      -131.0850 17m43s/Msamples
         151000   -103259.0801         7.1      -103135.1173      -123.9627 17m43s/Msamples
         152000   -103254.4005         7.2      -103130.9445      -123.4559 17m42s/Msamples
         153000   -103264.9808         7.3      -103133.0276      -131.9531 17m42s/Msamples
         154000   -103261.2619         7.3      -103132.6246      -128.6373 17m43s/Msamples
         155000   -103265.6049         7.4      -103131.5190      -134.0858 17m43s/Msamples
         156000   -103243.4833         7.4      -103118.4443      -125.0389 17m43s/Msamples
         157000   -103254.4070         7.5      -103124.8994      -129.5075 17m43s/Msamples
         158000   -103260.5905         7.5      -103121.4123      -139.1781 17m44s/Msamples
         159000   -103241.2610         8.0      -103123.2151      -118.0458 17m44s/Msamples
         160000   -103249.8312         8.0      -103131.5553      -118.2758 17m43s/Msamples
         161000   -103259.1684         8.1      -103133.1280      -126.0403 17m44s/Msamples
         162000   -103267.4031         8.1      -103141.0021      -126.4010 17m45s/Msamples
         163000   -103265.8659         8.2      -103134.8276      -131.0382 17m46s/Msamples
         164000   -103260.4015         8.2      -103139.4722      -120.9292 17m46s/Msamples
         165000   -103260.6532         8.3      -103136.9288      -123.7243 17m46s/Msamples
         166000   -103252.7347         8.3      -103132.7544      -119.9802 17m46s/Msamples
         167000   -103254.6785         8.4      -103135.5217      -119.1568 17m46s/Msamples
         168000   -103248.5095         8.4      -103137.3813      -111.1282 17m46s/Msamples
         169000   -103245.7884         8.9      -103133.0548      -112.7335 17m46s/Msamples
         170000   -103258.7427         9.0      -103135.7620      -122.9806 17m47s/Msamples
         171000   -103254.9743         9.0      -103134.6502      -120.3240 17m46s/Msamples
         172000   -103253.9278         9.1      -103131.7414      -122.1863 17m47s/Msamples
         173000   -103247.0583         9.1      -103133.7487      -113.3096 17m47s/Msamples
         174000   -103238.9065         9.2      -103129.1549      -109.7516 17m46s/Msamples
         175000   -103231.8358         9.3      -103125.1165      -106.7193 17m47s/Msamples
         176000   -103223.9391         9.4      -103118.3192      -105.6199 17m46s/Msamples
         177000   -103230.3066         9.5      -103123.3709      -106.9356 17m47s/Msamples
         178000   -103241.4019         9.5      -103128.3920      -113.0099 17m46s/Msamples
         179000   -103244.5397        10.1      -103131.8489      -112.6908 17m46s/Msamples
         180000   -103234.0122        10.1      -103122.3994      -111.6128 17m46s/Msamples
         181000   -103238.4926        10.2      -103124.2637      -114.2289 17m46s/Msamples
         182000   -103231.8658        10.3      -103125.9594      -105.9063 17m46s/Msamples
         183000   -103233.3543        10.4      -103119.9583      -113.3960 17m47s/Msamples
         184000   -103242.3019        10.4      -103124.2832      -118.0187 17m47s/Msamples
         185000   -103242.2787        10.5      -103125.8728      -116.4058 17m47s/Msamples
         186000   -103232.2835        10.6      -103119.1292      -113.1542 17m47s/Msamples
         187000   -103228.6320        10.6      -103113.3633      -115.2687 17m47s/Msamples
         188000   -103239.8205        10.7      -103119.7198      -120.1007 17m46s/Msamples
         189000   -103232.2671        11.4      -103112.0973      -120.1698 17m46s/Msamples
         190000   -103232.7485        11.4      -103115.3697      -117.3788 17m47s/Msamples
         191000   -103229.1388        11.5      -103117.5096      -111.6291 17m47s/Msamples
         192000   -103222.5519        11.6      -103108.9982      -113.5537 17m46s/Msamples
         193000   -103221.8000        11.7      -103114.9967      -106.8033 17m46s/Msamples
         194000   -103229.6120        11.7      -103116.3666      -113.2454 17m46s/Msamples
         195000   -103235.3238        11.8      -103122.3816      -112.9421 17m46s/Msamples
         196000   -103231.3672        11.9      -103116.3315      -115.0356 17m46s/Msamples
         197000   -103227.7723        11.9      -103115.1808      -112.5914 17m46s/Msamples
         198000   -103230.1713        12.0      -103119.9638      -110.2075 17m46s/Msamples
         199000   -103226.7016        12.7      -103115.5629      -111.1387 17m46s/Msamples
         200000   -103226.8116        12.8      -103117.5347      -109.2769 17m46s/Msamples
         201000   -103233.9765        12.9      -103119.1207      -114.8558 17m46s/Msamples
         202000   -103244.1398        13.0      -103126.5471      -117.5927 17m46s/Msamples
         203000   -103250.6042        13.0      -103125.9466      -124.6576 17m46s/Msamples
         204000   -103239.1476        13.1      -103125.7517      -113.3959 17m47s/Msamples
         205000   -103230.4549        13.2      -103125.0903      -105.3645 17m47s/Msamples
         206000   -103225.3314        13.3      -103115.7044      -109.6269 17m47s/Msamples
         207000   -103232.3091        13.3      -103117.8901      -114.4190 17m47s/Msamples
         208000   -103241.1398        13.4      -103125.5057      -115.6340 17m47s/Msamples
         209000   -103241.9550        14.2      -103128.0957      -113.8593 17m47s/Msamples
         210000   -103248.5202        14.3      -103134.6622      -113.8579 17m48s/Msamples
         211000   -103242.6567        14.4      -103126.0724      -116.5843 17m48s/Msamples
         212000   -103247.9316        14.5      -103130.3969      -117.5346 17m48s/Msamples
         213000   -103241.8495        14.6      -103125.1127      -116.7368 17m48s/Msamples
         214000   -103228.4905        14.6      -103114.7037      -113.7868 17m48s/Msamples
         215000   -103232.8933        14.7      -103119.8581      -113.0351 17m48s/Msamples
         216000   -103219.0810        14.8      -103110.7744      -108.3066 17m48s/Msamples
         217000   -103227.3740        14.9      -103115.5963      -111.7777 17m48s/Msamples
         218000   -103224.4128        15.0      -103110.9454      -113.4673 17m48s/Msamples
         219000   -103230.2422        15.9      -103118.6908      -111.5513 17m49s/Msamples
         220000   -103223.2729        16.0      -103112.9528      -110.3201 17m49s/Msamples
         221000   -103229.1977        16.1      -103114.9537      -114.2439 17m49s/Msamples
         222000   -103234.4786        16.2      -103113.3813      -121.0972 17m49s/Msamples
         223000   -103226.1203        16.3      -103107.7069      -118.4134 17m50s/Msamples
         224000   -103237.8766        16.4      -103112.1094      -125.7672 17m49s/Msamples
         225000   -103229.7517        16.5      -103111.1349      -118.6168 17m49s/Msamples
         226000   -103224.7023        16.6      -103109.1888      -115.5135 17m50s/Msamples
         227000   -103226.9587        16.7      -103112.3775      -114.5811 17m49s/Msamples
         228000   -103218.3894        16.8      -103111.0452      -107.3441 17m49s/Msamples
         229000   -103224.2169        17.7      -103115.1914      -109.0255 17m49s/Msamples
         230000   -103223.0659        17.8      -103115.5669      -107.4989 17m49s/Msamples
         231000   -103214.5531        17.9      -103103.0669      -111.4862 17m49s/Msamples
         232000   -103214.3891        18.0      -103110.0767      -104.3123 17m49s/Msamples
         233000   -103218.9875        18.0      -103109.6240      -109.3634 17m49s/Msamples
         234000   -103219.8758        18.1      -103112.4337      -107.4420 17m49s/Msamples
         235000   -103236.0630        18.2      -103116.5689      -119.4941 17m49s/Msamples
         236000   -103224.6039        18.2      -103110.0390      -114.5649 17m49s/Msamples
         237000   -103224.3916        18.3      -103108.7613      -115.6302 17m49s/Msamples
         238000   -103229.4516        18.4      -103109.3550      -120.0966 17m49s/Msamples
         239000   -103239.4608        19.4      -103120.1794      -119.2813 17m49s/Msamples
         240000   -103231.8400        19.5      -103108.5495      -123.2905 17m50s/Msamples
         241000   -103236.2798        19.6      -103117.5747      -118.7050 17m50s/Msamples
         242000   -103244.4258        19.7      -103117.9795      -126.4462 17m50s/Msamples
         243000   -103232.4155        19.8      -103106.0534      -126.3621 17m50s/Msamples
         244000   -103225.6881        19.8      -103105.6686      -120.0194 17m50s/Msamples
         245000   -103222.2832        19.9      -103110.5587      -111.7245 17m50s/Msamples
         246000   -103227.4859        20.0      -103112.0562      -115.4296 17m50s/Msamples
         247000   -103229.0834        20.1      -103109.7201      -119.3633 17m50s/Msamples
         248000   -103234.0509        20.1      -103111.8425      -122.2084 17m50s/Msamples
         249000   -103249.8752        21.0      -103127.4206      -122.4546 17m51s/Msamples
         250000   -103240.2577        21.1      -103121.6534      -118.6042 17m51s/Msamples
         251000   -103236.3669        21.2      -103114.6309      -121.7359 17m51s/Msamples
         252000   -103240.8161        21.3      -103116.5342      -124.2818 17m51s/Msamples
         253000   -103240.1098        21.4      -103117.7724      -122.3374 17m51s/Msamples
         254000   -103239.3749        21.5      -103116.3730      -123.0018 17m50s/Msamples
         255000   -103246.1114        21.6      -103123.7802      -122.3311 17m50s/Msamples
         256000   -103248.7978        21.7      -103120.5648      -128.2330 17m50s/Msamples
         257000   -103254.3514        21.8      -103126.3976      -127.9538 17m50s/Msamples
         258000   -103242.8068        21.9      -103121.2071      -121.5997 17m51s/Msamples
         259000   -103233.8438        22.8      -103117.3559      -116.4878 17m51s/Msamples
         260000   -103240.0221        22.9      -103118.7645      -121.2575 17m51s/Msamples
         261000   -103239.1778        23.0      -103114.0715      -125.1062 17m51s/Msamples
         262000   -103247.3677        23.1      -103117.7133      -129.6544 17m51s/Msamples
         263000   -103252.3472        23.2      -103118.5352      -133.8120 17m52s/Msamples
         264000   -103241.9156        23.3      -103112.1377      -129.7779 17m52s/Msamples
         265000   -103246.0057        23.4      -103118.0391      -127.9665 17m52s/Msamples
         266000   -103235.6837        23.5      -103113.6304      -122.0532 17m52s/Msamples
         267000   -103231.7703        23.6      -103113.2856      -118.4846 17m53s/Msamples
         268000   -103230.7924        23.7      -103110.2129      -120.5794 17m53s/Msamples
         269000   -103228.0455        24.4      -103117.3127      -110.7327 17m53s/Msamples
         270000   -103229.2902        24.5      -103115.7241      -113.5661 17m53s/Msamples
         271000   -103236.3903        24.6      -103118.0932      -118.2970 17m53s/Msamples
         272000   -103222.1199        24.8      -103110.6227      -111.4972 17m53s/Msamples
         273000   -103233.9801        24.9      -103120.4629      -113.5172 17m54s/Msamples
         274000   -103240.3298        25.0      -103119.9745      -120.3553 17m54s/Msamples
         275000   -103235.1945        25.1      -103123.0836      -112.1108 17m54s/Msamples
         276000   -103231.5108        25.2      -103116.4430      -115.0677 17m54s/Msamples
         277000   -103228.9375        25.4      -103115.3832      -113.5543 17m54s/Msamples
         278000   -103218.1452        25.6      -103108.8982      -109.2470 17m54s/Msamples
         279000   -103234.1182        25.4      -103118.8532      -115.2649 17m54s/Msamples
         280000   -103238.4512        25.5      -103118.1651      -120.2861 17m54s/Msamples
         281000   -103250.0124        25.7      -103125.6347      -124.3777 17m54s/Msamples
         282000   -103249.9337        25.8      -103125.2475      -124.6862 17m54s/Msamples
         283000   -103247.4015        25.9      -103118.5441      -128.8574 17m54s/Msamples
         284000   -103230.5664        26.0      -103114.0315      -116.5348 17m54s/Msamples
         285000   -103230.2986        26.1      -103115.6671      -114.6314 17m54s/Msamples
         286000   -103231.3343        26.2      -103114.3141      -117.0201 17m53s/Msamples
         287000   -103238.0525        26.3      -103118.9304      -119.1221 17m54s/Msamples
         288000   -103254.4122        26.5      -103130.9525      -123.4596 17m54s/Msamples
         289000   -103247.4555        24.5      -103128.4885      -118.9669 17m54s/Msamples
         290000   -103246.7892        24.5      -103124.6132      -122.1760 17m54s/Msamples
         291000   -103252.7984        25.3      -103130.4739      -122.3244 17m54s/Msamples
         292000   -103238.1138        25.4      -103115.1807      -122.9331 17m54s/Msamples
         293000   -103257.9900        25.4      -103130.4998      -127.4901 17m54s/Msamples
         294000   -103262.4550        25.5      -103139.0037      -123.4512 17m54s/Msamples
         295000   -103248.8283        25.6      -103124.2561      -124.5722 17m54s/Msamples
         296000   -103255.2863        25.6      -103124.3005      -130.9857 17m54s/Msamples
         297000   -103253.9301        25.6      -103123.2444      -130.6856 17m54s/Msamples
         298000   -103269.0355        25.6      -103132.4837      -136.5518 17m54s/Msamples
         299000   -103265.7386        20.3      -103129.4057      -136.3328 17m55s/Msamples
         300000   -103253.4757        20.3      -103122.3526      -131.1230 17m55s/Msamples
         301000   -103261.2074        20.3      -103127.7144      -133.4929 17m54s/Msamples
         302000   -103266.7996        20.2      -103134.3589      -132.4406 17m54s/Msamples
         303000   -103262.1004        20.1      -103134.2560      -127.8444 17m54s/Msamples
         304000   -103270.6577        20.0      -103133.0339      -137.6237 17m54s/Msamples
         305000   -103248.8123        20.0      -103123.1879      -125.6243 17m54s/Msamples
         306000   -103233.5757        20.1      -103113.3108      -120.2649 17m54s/Msamples
         307000   -103233.8382        20.2      -103109.9067      -123.9315 17m54s/Msamples
         308000   -103240.8858        20.2      -103114.2325      -126.6533 17m54s/Msamples
         309000   -103241.5384        14.1      -103116.1427      -125.3956 17m53s/Msamples
         310000   -103251.0681        14.1      -103123.3258      -127.7423 17m54s/Msamples
         311000   -103236.6054        14.2      -103115.5790      -121.0264 17m54s/Msamples
         312000   -103239.9790        14.2      -103113.9735      -126.0054 17m54s/Msamples
         313000   -103236.4755        14.2      -103112.7584      -123.7170 17m54s/Msamples
         314000   -103225.8948        14.4      -103105.4489      -120.4458 17m54s/Msamples
         315000   -103231.7457        14.5      -103111.7504      -119.9952 17m54s/Msamples
         316000   -103237.0524        14.5      -103120.6835      -116.3689 17m54s/Msamples
         317000   -103237.6040        14.5      -103117.1809      -120.4231 17m54s/Msamples
         318000   -103235.7146        14.6      -103114.7486      -120.9659 17m54s/Msamples
         319000   -103227.2378        11.2      -103111.2601      -115.9776 17m54s/Msamples
         320000   -103234.5501        11.3      -103117.7899      -116.7601 17m54s/Msamples
         321000   -103230.1774        11.3      -103109.0987      -121.0786 17m54s/Msamples
         322000   -103231.8930        11.4      -103112.2831      -119.6099 17m55s/Msamples
         323000   -103244.1048        11.4      -103126.3857      -117.7190 17m55s/Msamples
         324000   -103236.3262        11.4      -103119.5520      -116.7742 17m55s/Msamples
         325000   -103249.1227        11.4      -103134.3503      -114.7724 17m55s/Msamples
         326000   -103249.7922        11.4      -103123.6851      -126.1071 17m55s/Msamples
         327000   -103229.2952        11.4      -103115.6906      -113.6046 17m55s/Msamples
         328000   -103233.6039        11.5      -103117.4442      -116.1597 17m55s/Msamples
         329000   -103237.8366         9.3      -103111.1208      -126.7157 17m55s/Msamples
         330000   -103246.6202         9.3      -103126.4842      -120.1360 17m55s/Msamples
         331000   -103248.1846         9.3      -103123.3091      -124.8755 17m55s/Msamples
         332000   -103240.1530         9.3      -103118.2877      -121.8653 17m55s/Msamples
         333000   -103245.5321         9.3      -103122.4909      -123.0412 17m55s/Msamples
         334000   -103237.0444         9.3      -103123.3687      -113.6757 17m55s/Msamples
         335000   -103250.0751         9.3      -103128.7105      -121.3645 17m55s/Msamples
         336000   -103226.1656         9.4      -103116.9463      -109.2192 17m55s/Msamples
         337000   -103219.6022         9.6      -103112.2635      -107.3386 17m55s/Msamples
         338000   -103226.5711         9.7      -103115.2572      -111.3138 17m55s/Msamples
         339000   -103230.4939         9.5      -103119.5945      -110.8993 17m55s/Msamples
         340000   -103243.9934         9.5      -103125.9721      -118.0213 17m55s/Msamples
         341000   -103234.0357         9.5      -103118.1450      -115.8907 17m55s/Msamples
         342000   -103224.4095         9.6      -103107.8670      -116.5424 17m55s/Msamples
         343000   -103234.0608         9.6      -103120.5326      -113.5281 17m56s/Msamples
         344000   -103222.3526         9.7      -103117.1379      -105.2146 17m55s/Msamples
         345000   -103221.5323         9.8      -103112.4900      -109.0423 17m56s/Msamples
         346000   -103235.2887         9.9      -103121.7641      -113.5246 17m56s/Msamples
         347000   -103230.3616         9.9      -103121.2246      -109.1369 17m55s/Msamples
         348000   -103235.2010         9.9      -103113.7237      -121.4773 17m55s/Msamples
         349000   -103246.1342        10.0      -103121.1362      -124.9980 17m56s/Msamples
         350000   -103245.1560        10.0      -103124.7777      -120.3783 17m56s/Msamples
         351000   -103233.0013        10.1      -103113.1617      -119.8395 17m56s/Msamples
         352000   -103220.6081        10.2      -103109.5120      -111.0960 17m56s/Msamples
         353000   -103225.4760        10.2      -103117.5338      -107.9422 17m56s/Msamples
         354000   -103228.6834        10.2      -103113.4218      -115.2615 17m56s/Msamples
         355000   -103223.9163        10.3      -103116.0494      -107.8668 17m56s/Msamples
         356000   -103228.9292        10.3      -103120.0284      -108.9007 17m56s/Msamples
         357000   -103217.8413        10.4      -103114.7624      -103.0789 17m55s/Msamples
         358000   -103217.5697        10.5      -103109.9211      -107.6486 17m55s/Msamples
         359000   -103237.2678        10.5      -103128.8555      -108.4122 17m55s/Msamples
         360000   -103226.5647        10.6      -103112.8029      -113.7617 17m55s/Msamples
         361000   -103225.9279        10.6      -103110.8648      -115.0631 17m55s/Msamples
         362000   -103230.8003        10.6      -103124.9010      -105.8992 17m55s/Msamples
         363000   -103231.4904        10.7      -103120.1320      -111.3583 17m55s/Msamples
         364000   -103234.0893        10.7      -103121.8613      -112.2279 17m55s/Msamples
         365000   -103229.3956        10.7      -103115.4024      -113.9932 17m55s/Msamples
         366000   -103231.8464        10.8      -103115.2450      -116.6014 17m55s/Msamples
         367000   -103240.2241        10.8      -103117.7445      -122.4796 17m55s/Msamples
         368000   -103227.4922        10.8      -103117.1217      -110.3704 17m55s/Msamples
         369000   -103228.9238        10.9      -103113.0629      -115.8608 17m55s/Msamples
         370000   -103232.7137        10.9      -103115.3239      -117.3898 17m55s/Msamples
         371000   -103232.1467        10.9      -103111.1107      -121.0360 17m55s/Msamples
         372000   -103225.2946        11.0      -103106.9483      -118.3462 17m56s/Msamples
         373000   -103224.1605        11.0      -103111.9855      -112.1750 17m55s/Msamples
         374000   -103227.3991        11.0      -103115.6067      -111.7923 17m55s/Msamples
         375000   -103240.8514        11.1      -103118.7936      -122.0578 17m55s/Msamples
         376000   -103223.7340        11.1      -103111.1129      -112.6210 17m55s/Msamples
         377000   -103226.3954        11.2      -103107.5545      -118.8409 17m56s/Msamples
         378000   -103228.4144        11.2      -103115.1333      -113.2810 17m55s/Msamples
         379000   -103246.5811        11.2      -103130.7346      -115.8465 17m55s/Msamples
         380000   -103237.6941        11.3      -103119.5143      -118.1797 17m55s/Msamples
         381000   -103240.3205        11.3      -103121.3746      -118.9458 17m55s/Msamples
         382000   -103245.7607        11.4      -103121.4030      -124.3576 17m55s/Msamples
         383000   -103243.2149        11.5      -103123.1869      -120.0280 17m55s/Msamples
         384000   -103240.7362        11.5      -103121.5952      -119.1409 17m56s/Msamples
         385000   -103244.0070        11.6      -103121.3268      -122.6801 17m56s/Msamples
         386000   -103238.9149        11.7      -103122.5035      -116.4114 17m56s/Msamples
         387000   -103240.9169        11.7      -103119.5497      -121.3671 17m55s/Msamples
         388000   -103227.4379        11.8      -103115.5468      -111.8910 17m55s/Msamples
         389000   -103217.8673        11.9      -103118.2913       -99.5760 17m55s/Msamples
         390000   -103213.0297        11.9      -103104.9695      -108.0602 17m55s/Msamples
         391000   -103228.7493        12.0      -103114.4367      -114.3125 17m55s/Msamples
         392000   -103219.2367        12.0      -103103.6516      -115.5851 17m55s/Msamples
         393000   -103222.7046        12.0      -103104.9217      -117.7829 17m55s/Msamples
         394000   -103224.3202        12.0      -103106.0849      -118.2353 17m54s/Msamples
         395000   -103224.9610        12.1      -103112.4008      -112.5602 17m54s/Msamples
         396000   -103216.9989        12.1      -103110.1646      -106.8343 17m54s/Msamples
         397000   -103214.3327        12.1      -103104.1659      -110.1668 17m54s/Msamples
         398000   -103213.0859        12.2      -103108.1294      -104.9565 17m54s/Msamples
         399000   -103215.8129        12.3      -103110.4759      -105.3370 17m54s/Msamples
         400000   -103221.9361        12.3      -103110.2902      -111.6459 17m54s/Msamples
         401000   -103219.0831        12.3      -103114.2867      -104.7963 17m54s/Msamples
         402000   -103218.5093        12.3      -103112.0108      -106.4985 17m54s/Msamples
         403000   -103225.6074        12.3      -103118.2178      -107.3896 17m54s/Msamples
         404000   -103234.9740        12.4      -103124.4855      -110.4884 17m54s/Msamples
         405000   -103230.4464        12.4      -103120.3394      -110.1070 17m54s/Msamples
         406000   -103237.9276        12.5      -103129.1766      -108.7510 17m54s/Msamples
         407000   -103243.2046        12.5      -103134.0000      -109.2046 17m54s/Msamples
         408000   -103246.4189        12.7      -103128.0065      -118.4124 17m54s/Msamples
         409000   -103244.3403        12.8      -103131.0948      -113.2455 17m54s/Msamples
         410000   -103238.8486        12.8      -103121.6220      -117.2266 17m54s/Msamples
         411000   -103235.6207        12.9      -103119.7921      -115.8285 17m54s/Msamples
         412000   -103236.6996        12.9      -103119.9743      -116.7253 17m54s/Msamples
         413000   -103236.5859        13.0      -103126.9878      -109.5981 17m54s/Msamples
         414000   -103250.3620        13.1      -103125.6147      -124.7472 17m54s/Msamples
         415000   -103256.0303        13.3      -103129.5779      -126.4523 17m55s/Msamples
         416000   -103253.8489        13.5      -103129.3521      -124.4968 17m55s/Msamples
         417000   -103253.9870        13.7      -103130.9740      -123.0129 17m55s/Msamples
         418000   -103239.9914        13.7      -103121.1043      -118.8870 17m55s/Msamples
         419000   -103247.5312        13.9      -103125.1894      -122.3418 17m55s/Msamples
         420000   -103249.0039        14.0      -103127.3568      -121.6471 17m55s/Msamples
         421000   -103254.9705        14.2      -103129.0805      -125.8899 17m55s/Msamples
         422000   -103257.4810        14.3      -103130.4708      -127.0102 17m55s/Msamples
         423000   -103267.8232        14.6      -103140.5493      -127.2739 17m55s/Msamples
         424000   -103254.3593        14.7      -103129.7585      -124.6008 17m55s/Msamples
         425000   -103249.3187        14.8      -103126.8907      -122.4280 17m55s/Msamples
         426000   -103242.0253        14.8      -103116.4298      -125.5954 17m55s/Msamples
         427000   -103266.3453        15.1      -103129.5478      -136.7975 17m54s/Msamples
         428000   -103252.8502        15.2      -103120.6674      -132.1827 17m54s/Msamples
         429000   -103252.5301        15.2      -103125.4514      -127.0787 17m54s/Msamples
         430000   -103247.2723        15.3      -103125.7366      -121.5357 17m54s/Msamples
         431000   -103245.9808        15.3      -103129.1404      -116.8404 17m54s/Msamples
         432000   -103240.3484        15.4      -103127.5242      -112.8241 17m54s/Msamples
         433000   -103251.7973        15.4      -103129.7353      -122.0619 17m54s/Msamples
         434000   -103245.0056        15.5      -103126.4104      -118.5952 17m54s/Msamples
         435000   -103246.2131        15.5      -103128.3405      -117.8726 17m54s/Msamples
         436000   -103250.5205        15.6      -103132.0942      -118.4262 17m54s/Msamples
         437000   -103253.7930        15.6      -103141.6548      -112.1381 17m54s/Msamples
         438000   -103242.0285        15.7      -103134.0252      -108.0033 17m54s/Msamples
         439000   -103264.9526        15.7      -103140.7121      -124.2405 17m54s/Msamples
         440000   -103258.1361        15.8      -103138.1739      -119.9621 17m54s/Msamples
         441000   -103263.2246        15.8      -103138.7904      -124.4342 17m54s/Msamples
         442000   -103263.3985        15.8      -103138.8049      -124.5936 17m54s/Msamples
         443000   -103272.6162        15.8      -103142.8565      -129.7596 17m54s/Msamples
         444000   -103256.4328        15.7      -103136.3712      -120.0616 17m55s/Msamples
         445000   -103259.0208        15.7      -103139.0383      -119.9825 17m55s/Msamples
         446000   -103266.9422        15.6      -103141.4919      -125.4502 17m55s/Msamples
         447000   -103257.9278        15.5      -103138.1630      -119.7648 17m54s/Msamples
         448000   -103265.4609        15.4      -103139.4948      -125.9661 17m54s/Msamples
         449000   -103246.0108        15.5      -103135.1818      -110.8289 17m55s/Msamples
         450000   -103252.0260        15.4      -103139.5889      -112.4371 17m55s/Msamples
         451000   -103257.4926        15.3      -103137.1145      -120.3780 17m55s/Msamples
         452000   -103247.6814        15.3      -103136.2319      -111.4494 17m55s/Msamples
         453000   -103233.3247        15.3      -103124.4682      -108.8565 17m55s/Msamples
         454000   -103231.9104        15.4      -103123.2676      -108.6428 17m55s/Msamples
         455000   -103230.2211        15.5      -103125.4670      -104.7540 17m55s/Msamples
         456000   -103232.4756        15.6      -103120.5932      -111.8823 17m54s/Msamples
         457000   -103230.2083        15.7      -103127.8788      -102.3295 17m54s/Msamples
         458000   -103212.2117        16.1      -103114.8389       -97.3728 17m54s/Msamples
         459000   -103205.2150        16.6      -103115.3412       -89.8737 17m54s/Msamples
         460000   -103212.1743        16.9      -103121.8110       -90.3632 17m54s/Msamples
         461000   -103222.0610        17.1      -103125.7222       -96.3388 17m54s/Msamples
         462000   -103212.8997        17.5      -103121.2963       -91.6034 17m54s/Msamples
         463000   -103212.6574        17.8      -103123.1280       -89.5293 17m54s/Msamples
         464000   -103228.0834        17.9      -103128.9078       -99.1755 17m54s/Msamples
         465000   -103235.7974        18.0      -103135.7119      -100.0854 17m54s/Msamples
         466000   -103224.8410        18.1      -103130.0406       -94.8004 17m54s/Msamples
         467000   -103230.5305        18.2      -103121.3570      -109.1734 17m54s/Msamples
         468000   -103225.7059        18.3      -103121.2100      -104.4958 17m53s/Msamples
         469000   -103229.1952        18.5      -103119.9172      -109.2780 17m54s/Msamples
         470000   -103228.4262        18.6      -103125.3392      -103.0870 17m54s/Msamples
         471000   -103227.5937        18.6      -103124.0737      -103.5200 17m54s/Msamples
         472000   -103240.6260        18.7      -103125.3808      -115.2452 17m54s/Msamples
         473000   -103230.9061        18.7      -103129.2580      -101.6481 17m54s/Msamples
         474000   -103234.1413        18.8      -103131.4262      -102.7150 17m54s/Msamples
         475000   -103238.7953        18.8      -103125.2385      -113.5568 17m53s/Msamples
         476000   -103226.3961        18.9      -103117.6008      -108.7952 17m53s/Msamples
         477000   -103230.8530        19.0      -103121.5522      -109.3008 17m53s/Msamples
         478000   -103225.7775        19.1      -103122.5134      -103.2641 17m53s/Msamples
         479000   -103221.4961        19.2      -103116.9853      -104.5108 17m53s/Msamples
         480000   -103234.9994        19.2      -103123.0493      -111.9500 17m53s/Msamples
         481000   -103233.7111        19.3      -103128.7536      -104.9574 17m53s/Msamples
         482000   -103233.1665        19.3      -103128.9605      -104.2059 17m54s/Msamples
         483000   -103239.1846        19.4      -103137.0902      -102.0944 17m54s/Msamples
         484000   -103248.9001        19.5      -103136.2525      -112.6476 17m54s/Msamples
         485000   -103231.3568        19.5      -103128.8397      -102.5170 17m53s/Msamples
         486000   -103224.0657        19.6      -103129.1590       -94.9066 17m53s/Msamples
         487000   -103235.9241        19.6      -103135.0332      -100.8908 17m53s/Msamples
         488000   -103237.2838        19.7      -103135.1428      -102.1409 17m53s/Msamples
         489000   -103245.3078        20.0      -103131.9038      -113.4040 17m53s/Msamples
         490000   -103240.0327        20.1      -103131.6044      -108.4282 17m53s/Msamples
         491000   -103230.4918        20.1      -103124.5941      -105.8977 17m53s/Msamples
         492000   -103251.6212        20.3      -103143.0571      -108.5640 17m53s/Msamples
         493000   -103241.2901        20.4      -103135.3214      -105.9686 17m53s/Msamples
         494000   -103230.2985        20.4      -103124.8397      -105.4588 17m53s/Msamples
         495000   -103232.7524        20.5      -103129.6534      -103.0989 17m53s/Msamples
         496000   -103230.4113        20.5      -103132.7134       -97.6978 17m53s/Msamples
         497000   -103220.5440        20.5      -103127.3461       -93.1978 17m53s/Msamples
         498000   -103223.0293        20.5      -103124.8686       -98.1606 17m53s/Msamples
         499000   -103235.6207        20.9      -103133.5341      -102.0865 17m53s/Msamples
         500000   -103250.5224        21.0      -103138.5351      -111.9872 17m53s/Msamples
         501000   -103242.5856        21.1      -103142.2689      -100.3166 17m53s/Msamples
         502000   -103246.9502        21.3      -103133.1069      -113.8433 17m53s/Msamples
         503000   -103225.2078        21.3      -103123.4138      -101.7940 17m53s/Msamples
         504000   -103226.4413        21.3      -103125.1671      -101.2741 17m53s/Msamples
         505000   -103222.3426        21.4      -103123.1728       -99.1697 17m53s/Msamples
         506000   -103242.8474        21.5      -103131.7902      -111.0571 17m53s/Msamples
         507000   -103247.2336        21.6      -103138.6117      -108.6218 17m52s/Msamples
         508000   -103242.8582        21.7      -103140.6876      -102.1705 17m52s/Msamples
         509000   -103247.4710        22.1      -103138.8429      -108.6280 17m52s/Msamples
         510000   -103242.3135        22.2      -103130.1306      -112.1829 17m52s/Msamples
         511000   -103241.0569        22.3      -103126.9468      -114.1101 17m52s/Msamples
         512000   -103246.7616        22.4      -103135.4539      -111.3076 17m52s/Msamples
         513000   -103237.4852        22.4      -103133.5514      -103.9337 17m52s/Msamples
         514000   -103241.2210        22.5      -103135.5836      -105.6374 17m52s/Msamples
         515000   -103240.8863        22.5      -103130.0138      -110.8724 17m52s/Msamples
         516000   -103237.3863        22.6      -103125.8825      -111.5037 17m52s/Msamples
         517000   -103241.2363        22.6      -103133.6803      -107.5560 17m52s/Msamples
         518000   -103239.5757        22.7      -103136.2149      -103.3608 17m52s/Msamples
         519000   -103226.2736        23.1      -103125.8674      -100.4062 17m52s/Msamples
         520000   -103234.7176        23.1      -103128.7864      -105.9311 17m52s/Msamples
         521000   -103234.7306        23.2      -103131.7375      -102.9930 17m52s/Msamples
         522000   -103229.5949        23.3      -103125.3557      -104.2391 17m52s/Msamples
         523000   -103243.8999        23.3      -103139.5467      -104.3531 17m51s/Msamples
         524000   -103234.7569        23.4      -103131.5584      -103.1985 17m51s/Msamples
         525000   -103233.7041        23.4      -103134.7543       -98.9498 17m51s/Msamples
         526000   -103243.8798        23.5      -103136.4036      -107.4762 17m52s/Msamples
         527000   -103238.7549        23.5      -103135.0885      -103.6663 17m52s/Msamples
         528000   -103248.3774        23.6      -103136.4966      -111.8808 17m52s/Msamples
         529000   -103249.9415        24.1      -103140.9855      -108.9559 17m51s/Msamples
         530000   -103238.1686        24.2      -103138.7478       -99.4207 17m51s/Msamples
         531000   -103241.1682        24.2      -103143.6327       -97.5354 17m51s/Msamples
         532000   -103245.8175        24.3      -103142.1171      -103.7004 17m51s/Msamples
         533000   -103233.8918        24.4      -103140.2323       -93.6595 17m51s/Msamples
         534000   -103231.9390        24.4      -103134.6616       -97.2773 17m51s/Msamples
         535000   -103213.4111        24.6      -103128.7480       -84.6630 17m51s/Msamples
         536000   -103223.0943        24.8      -103134.8627       -88.2315 17m51s/Msamples
         537000   -103222.7910        24.9      -103136.0470       -86.7440 17m51s/Msamples
         538000   -103229.5502        24.9      -103135.7440       -93.8062 17m51s/Msamples
         539000   -103248.9349        25.6      -103139.7648      -109.1701 17m51s/Msamples
         540000   -103241.3108        25.6      -103136.9812      -104.3295 17m51s/Msamples
         541000   -103248.4115        25.7      -103141.6549      -106.7566 17m51s/Msamples
         542000   -103261.1435        25.9      -103141.9900      -119.1534 17m51s/Msamples
         543000   -103253.3273        26.0      -103140.4585      -112.8688 17m51s/Msamples
         544000   -103248.1310        26.0      -103139.8322      -108.2987 17m51s/Msamples
         545000   -103248.3999        26.1      -103147.2775      -101.1223 17m51s/Msamples
         546000   -103250.2381        26.1      -103148.3151      -101.9229 17m51s/Msamples
         547000   -103244.4211        26.2      -103141.2759      -103.1452 17m51s/Msamples
         548000   -103257.4887        26.3      -103149.1699      -108.3188 17m51s/Msamples
         549000   -103257.3899        26.9      -103139.7303      -117.6595 17m51s/Msamples
         550000   -103238.7824        26.9      -103136.5758      -102.2065 17m51s/Msamples
         551000   -103239.3067        27.0      -103132.3133      -106.9933 17m51s/Msamples
         552000   -103227.9047        27.1      -103127.7367      -100.1680 17m51s/Msamples
         553000   -103222.7491        27.3      -103125.2793       -97.4697 17m51s/Msamples
         554000   -103222.0905        27.4      -103119.4175      -102.6729 17m51s/Msamples
         555000   -103233.9559        27.5      -103130.2594      -103.6965 17m51s/Msamples
         556000   -103232.2842        27.6      -103136.5568       -95.7274 17m51s/Msamples
         557000   -103226.9002        27.7      -103123.2933      -103.6068 17m51s/Msamples
         558000   -103231.3439        27.7      -103124.7905      -106.5533 17m51s/Msamples
         559000   -103237.9593        28.1      -103131.9885      -105.9708 17m51s/Msamples
         560000   -103241.5374        28.2      -103130.1721      -111.3653 17m51s/Msamples
         561000   -103241.1965        28.2      -103131.5708      -109.6256 17m51s/Msamples
         562000   -103252.9510        28.3      -103137.7203      -115.2307 17m52s/Msamples
         563000   -103243.0460        28.4      -103134.1817      -108.8642 17m52s/Msamples
         564000   -103241.9890        28.4      -103132.2141      -109.7748 17m52s/Msamples
         565000   -103241.1909        28.5      -103128.7113      -112.4796 17m52s/Msamples
         566000   -103237.8075        28.5      -103126.8758      -110.9316 17m52s/Msamples
         567000   -103234.7894        28.6      -103124.7720      -110.0173 17m52s/Msamples
         568000   -103236.7380        28.6      -103126.4702      -110.2678 17m52s/Msamples
         569000   -103232.4817        29.1      -103120.5298      -111.9518 17m52s/Msamples
         570000   -103225.9908        29.2      -103121.7616      -104.2291 17m52s/Msamples
         571000   -103234.9280        29.3      -103124.5491      -110.3789 17m52s/Msamples
         572000   -103229.8195        29.4      -103119.6613      -110.1582 17m52s/Msamples
         573000   -103241.2502        29.4      -103121.5593      -119.6908 17m52s/Msamples
         574000   -103236.2278        29.5      -103123.4390      -112.7888 17m52s/Msamples
         575000   -103246.5271        29.5      -103127.8251      -118.7020 17m52s/Msamples
         576000   -103247.6371        29.6      -103138.0479      -109.5891 17m52s/Msamples
         577000   -103239.3567        29.6      -103129.6406      -109.7160 17m52s/Msamples
         578000   -103231.6024        29.7      -103134.3750       -97.2273 17m52s/Msamples
         579000   -103216.4577        30.4      -103121.4777       -94.9800 17m52s/Msamples
         580000   -103224.9903        30.5      -103130.3451       -94.6451 17m52s/Msamples
         581000   -103226.9341        30.5      -103126.3169      -100.6172 17m52s/Msamples
         582000   -103239.0356        30.6      -103130.8029      -108.2326 17m52s/Msamples
         583000   -103239.5889        30.7      -103130.1825      -109.4063 17m52s/Msamples
         584000   -103218.0995        30.8      -103119.4143       -98.6851 17m52s/Msamples
         585000   -103214.0439        30.9      -103118.0152       -96.0286 17m52s/Msamples
         586000   -103200.5523        31.2      -103113.9417       -86.6106 17m52s/Msamples
         587000   -103212.7544        31.4      -103119.9304       -92.8239 17m52s/Msamples
         588000   -103223.7765        31.4      -103119.7721      -104.0043 17m52s/Msamples
         589000   -103216.8544        31.9      -103116.9211       -99.9333 17m52s/Msamples
         590000   -103214.5556        31.9      -103120.0687       -94.4868 17m52s/Msamples
         591000   -103219.7190        32.0      -103121.1855       -98.5335 17m52s/Msamples
         592000   -103220.8478        32.0      -103127.2791       -93.5687 17m52s/Msamples
         593000   -103227.2564        32.0      -103125.8967      -101.3596 17m52s/Msamples
         594000   -103223.0891        32.0      -103127.6112       -95.4779 17m52s/Msamples
         595000   -103228.1091        32.0      -103133.7258       -94.3833 17m52s/Msamples
         596000   -103228.4182        32.0      -103133.5306       -94.8875 17m52s/Msamples
         597000   -103229.3088        32.0      -103130.8135       -98.4953 17m52s/Msamples
         598000   -103231.4067        32.0      -103129.7232      -101.6835 17m52s/Msamples
         599000   -103228.9006        32.4      -103131.6120       -97.2885 17m52s/Msamples
         600000   -103217.9180        32.3      -103123.8941       -94.0239 17m52s/Msamples
         601000   -103215.6594        32.3      -103126.6627       -88.9967 17m52s/Msamples
         602000   -103227.1309        32.2      -103132.1150       -95.0158 17m52s/Msamples
         603000   -103228.2678        32.2      -103130.6757       -97.5921 17m52s/Msamples
         604000   -103242.0426        32.4      -103131.7855      -110.2571 17m52s/Msamples
         605000   -103228.8096        32.3      -103133.8559       -94.9536 17m52s/Msamples
         606000   -103220.8778        32.3      -103134.7759       -86.1019 17m52s/Msamples
         607000   -103230.6378        32.3      -103129.7977      -100.8400 17m52s/Msamples
         608000   -103235.3391        32.3      -103129.2913      -106.0477 17m52s/Msamples
         609000   -103223.9927        32.6      -103128.5510       -95.4417 17m52s/Msamples
         610000   -103236.0013        32.7      -103131.8167      -104.1845 17m51s/Msamples
         611000   -103223.4469        32.6      -103126.0753       -97.3715 17m51s/Msamples
         612000   -103236.1099        32.7      -103135.2121      -100.8978 17m51s/Msamples
         613000   -103242.4809        32.9      -103134.4529      -108.0279 17m51s/Msamples
         614000   -103237.4797        33.0      -103133.2962      -104.1834 17m51s/Msamples
         615000   -103239.4378        33.1      -103131.5044      -107.9333 17m51s/Msamples
         616000   -103245.6451        33.6      -103141.2986      -104.3464 17m51s/Msamples
         617000   -103229.5842        33.3      -103135.6140       -93.9702 17m51s/Msamples
         618000   -103236.3760        33.4      -103125.6250      -110.7509 17m51s/Msamples
         619000   -103242.4026        34.3      -103130.9494      -111.4532 17m51s/Msamples
         620000   -103249.9057        34.5      -103135.9383      -113.9673 17m51s/Msamples
         621000   -103245.9734        34.7      -103133.6745      -112.2988 17m51s/Msamples
         622000   -103248.2412        34.9      -103136.3760      -111.8652 17m51s/Msamples
         623000   -103233.9083        34.9      -103123.1073      -110.8009 17m51s/Msamples
         624000   -103242.6538        35.0      -103124.3449      -118.3089 17m51s/Msamples
         625000   -103231.7057        35.1      -103125.5245      -106.1811 17m51s/Msamples
         626000   -103232.1378        35.1      -103121.5348      -110.6029 17m51s/Msamples
         627000   -103218.6785        35.2      -103116.4908      -102.1877 17m51s/Msamples
         628000   -103212.3685        35.4      -103117.0642       -95.3042 17m51s/Msamples
         629000   -103217.3847        35.9      -103119.3180       -98.0666 17m51s/Msamples
         630000   -103221.3975        36.0      -103123.1192       -98.2783 17m51s/Msamples
         631000   -103222.8237        36.1      -103128.6274       -94.1962 17m51s/Msamples
         632000   -103213.2560        36.2      -103121.2528       -92.0032 17m51s/Msamples
         633000   -103214.0218        36.3      -103125.7745       -88.2473 17m51s/Msamples
         634000   -103213.0161        36.4      -103121.2047       -91.8113 17m51s/Msamples
         635000   -103206.0584        36.6      -103121.1351       -84.9232 17m51s/Msamples
         636000   -103209.3769        36.0      -103117.6349       -91.7420 17m51s/Msamples
         637000   -103204.7344        36.0      -103119.1022       -85.6321 17m51s/Msamples
         638000   -103211.6013        36.0      -103125.1009       -86.5003 17m51s/Msamples
         639000   -103210.9674        36.4      -103124.3748       -86.5926 17m51s/Msamples
         640000   -103215.9414        36.3      -103122.9156       -93.0258 17m51s/Msamples
         641000   -103227.1053        36.2      -103132.9542       -94.1511 17m51s/Msamples
         642000   -103229.0878        36.2      -103130.4400       -98.6478 17m51s/Msamples
         643000   -103227.0089        36.2      -103128.0525       -98.9563 17m51s/Msamples
         644000   -103230.1743        36.1      -103130.1633      -100.0109 17m51s/Msamples
         645000   -103227.3058        36.1      -103129.3863       -97.9194 17m51s/Msamples
         646000   -103222.3651        36.0      -103132.6013       -89.7638 17m51s/Msamples
         647000   -103208.0109        35.9      -103124.2796       -83.7312 17m51s/Msamples
         648000   -103212.1999        35.7      -103124.0206       -88.1793 17m51s/Msamples
         649000   -103225.8910        36.1      -103129.4396       -96.4513 17m50s/Msamples
         650000   -103228.2202        36.0      -103128.4354       -99.7848 17m50s/Msamples
         651000   -103234.7089        36.1      -103131.3351      -103.3738 17m51s/Msamples
         652000   -103230.8562        36.1      -103122.5784      -108.2778 17m51s/Msamples
         653000   -103240.9300        36.3      -103133.9926      -106.9373 17m51s/Msamples
         654000   -103220.3747        36.1      -103125.8782       -94.4964 17m51s/Msamples
         655000   -103218.3875        36.0      -103124.2898       -94.0977 17m50s/Msamples
         656000   -103221.2312        35.8      -103123.5167       -97.7145 17m50s/Msamples
         657000   -103220.7944        35.6      -103128.5527       -92.2417 17m50s/Msamples
         658000   -103209.0130        35.4      -103127.2192       -81.7938 17m50s/Msamples
         659000   -103218.3097        35.5      -103125.0681       -93.2416 17m50s/Msamples
         660000   -103225.2845        35.4      -103126.7668       -98.5177 17m50s/Msamples
         661000   -103236.5546        35.5      -103132.2407      -104.3138 17m50s/Msamples
         662000   -103233.3428        35.5      -103127.4817      -105.8611 17m50s/Msamples
         663000   -103238.9778        35.6      -103127.9642      -111.0135 17m50s/Msamples
         664000   -103231.2063        35.6      -103124.8833      -106.3229 17m50s/Msamples
         665000   -103233.3370        35.6      -103122.7550      -110.5819 17m50s/Msamples
         666000   -103245.1979        35.9      -103128.2355      -116.9623 17m50s/Msamples
         667000   -103236.7950        36.0      -103124.5010      -112.2939 17m50s/Msamples
         668000   -103225.2682        35.9      -103123.8647      -101.4035 17m50s/Msamples
         669000   -103239.1437        36.4      -103133.2075      -105.9362 17m50s/Msamples
         670000   -103227.0458        36.3      -103130.7211       -96.3246 17m50s/Msamples
         671000   -103218.4303        36.2      -103128.4197       -90.0106 17m51s/Msamples
         672000   -103225.7131        36.1      -103135.2219       -90.4912 17m51s/Msamples
         673000   -103220.1831        35.9      -103129.9963       -90.1868 17m51s/Msamples
         674000   -103212.8335        35.6      -103134.3870       -78.4465 17m51s/Msamples
         675000   -103209.1984        35.4      -103128.3019       -80.8965 17m51s/Msamples
         676000   -103201.8012        35.1      -103126.9544       -74.8467 17m51s/Msamples
         677000   -103203.1481        34.8      -103128.0119       -75.1361 17m51s/Msamples
         678000   -103215.1788        34.5      -103131.4619       -83.7169 17m51s/Msamples
         679000   -103203.1658        34.5      -103127.7588       -75.4069 17m51s/Msamples
         680000   -103203.1084        34.2      -103126.4054       -76.7030 17m51s/Msamples
         681000   -103214.6165        34.0      -103131.1446       -83.4718 17m51s/Msamples
         682000   -103230.9074        34.0      -103138.8809       -92.0265 17m51s/Msamples
         683000   -103235.5807        34.1      -103139.7993       -95.7813 17m51s/Msamples
         684000   -103230.6593        34.1      -103133.3772       -97.2821 17m51s/Msamples
         685000   -103242.1990        34.3      -103128.3300      -113.8689 17m51s/Msamples
         686000   -103231.4176        34.3      -103130.8964      -100.5211 17m51s/Msamples
         687000   -103244.4640        34.5      -103133.3378      -111.1261 17m51s/Msamples
         688000   -103218.4006        34.4      -103127.6190       -90.7815 17m51s/Msamples
         689000   -103242.7912        34.7      -103133.1898      -109.6014 17m51s/Msamples
         690000   -103226.3456        34.7      -103130.9541       -95.3915 17m51s/Msamples
         691000   -103241.5390        34.9      -103135.1168      -106.4222 17m51s/Msamples
         692000   -103239.8862        35.0      -103130.2953      -109.5908 17m51s/Msamples
         693000   -103241.2563        35.2      -103133.0143      -108.2420 17m51s/Msamples
         694000   -103231.5778        35.2      -103127.8879      -103.6898 17m51s/Msamples
         695000   -103221.9563        35.1      -103122.6717       -99.2845 17m51s/Msamples
         696000   -103220.6083        35.0      -103127.8475       -92.7608 17m51s/Msamples
         697000   -103220.8683        34.9      -103120.0416      -100.8267 17m51s/Msamples
         698000   -103218.3048        34.8      -103123.1925       -95.1123 17m51s/Msamples
         699000   -103222.9602        34.6      -103125.1308       -97.8294 17m51s/Msamples
         700000   -103206.8766        34.5      -103123.0907       -83.7858 17m51s/Msamples
         701000   -103199.8098        34.4      -103118.6756       -81.1341 17m51s/Msamples
         702000   -103196.5093        34.4      -103120.4324       -76.0768 17m51s/Msamples
         703000   -103194.6574        34.2      -103117.3188       -77.3386 17m51s/Msamples
         704000   -103195.8022        34.0      -103111.7370       -84.0652 17m51s/Msamples
         705000   -103177.7827        33.9      -103106.1410       -71.6416 17m51s/Msamples
         706000   -103174.4517        33.8      -103106.7244       -67.7272 17m51s/Msamples
         707000   -103189.2102        33.4      -103119.8773       -69.3328 17m51s/Msamples
         708000   -103177.7995        33.1      -103106.3676       -71.4318 17m51s/Msamples
         709000   -103188.4996        32.5      -103113.4071       -75.0924 17m51s/Msamples
         710000   -103196.9174        32.1      -103119.1331       -77.7843 17m51s/Msamples
         711000   -103201.0577        31.7      -103117.1624       -83.8953 17m51s/Msamples
         712000   -103203.8269        31.4      -103118.8235       -85.0034 17m51s/Msamples
         713000   -103198.2688        30.9      -103116.4477       -81.8211 17m51s/Msamples
         714000   -103211.5787        30.6      -103121.2052       -90.3734 17m51s/Msamples
         715000   -103210.5902        30.3      -103117.3319       -93.2583 17m51s/Msamples
         716000   -103225.7779        30.2      -103125.1380      -100.6398 17m51s/Msamples
         717000   -103229.7986        30.2      -103123.9694      -105.8292 17m51s/Msamples
         718000   -103238.8711        30.3      -103120.8722      -117.9988 17m51s/Msamples
         719000   -103227.3574        30.2      -103124.5061      -102.8513 17m52s/Msamples
         720000   -103242.7296        30.4      -103132.0356      -110.6940 17m52s/Msamples
         721000   -103246.4997        30.8      -103133.1362      -113.3634 17m52s/Msamples
         722000   -103243.8833        31.1      -103130.7022      -113.1810 17m52s/Msamples
         723000   -103245.4309        31.4      -103137.5963      -107.8345 17m51s/Msamples
         724000   -103239.0494        31.6      -103129.4831      -109.5662 17m52s/Msamples
         725000   -103228.5019        31.5      -103127.9992      -100.5026 17m52s/Msamples
         726000   -103238.5478        31.7      -103137.3542      -101.1936 17m52s/Msamples
         727000   -103268.4181        32.6      -103138.7397      -129.6784 17m52s/Msamples
         728000   -103270.8077        33.6      -103137.2765      -133.5311 17m52s/Msamples
         729000   -103278.7384        34.9      -103139.2549      -139.4834 17m52s/Msamples
         730000   -103269.0827        35.8      -103137.7827      -131.3000 17m52s/Msamples
         731000   -103236.8081        35.9      -103129.0590      -107.7491 17m52s/Msamples
         732000   -103242.0240        36.1      -103130.9747      -111.0493 17m52s/Msamples
         733000   -103252.3859        36.5      -103130.7734      -121.6124 17m51s/Msamples
         734000   -103239.0159        36.7      -103128.0347      -110.9812 17m51s/Msamples
         735000   -103250.3186        37.0      -103131.5039      -118.8146 17m51s/Msamples
         736000   -103276.3757        38.2      -103140.0007      -136.3749 17m51s/Msamples
         737000   -103246.5612        38.5      -103131.0640      -115.4972 17m51s/Msamples
         738000   -103224.6212        38.4      -103115.6131      -109.0080 17m51s/Msamples
         739000   -103203.9866        38.4      -103110.5150       -93.4716 17m51s/Msamples
         740000   -103196.7995        38.2      -103108.9727       -87.8267 17m51s/Msamples
         741000   -103186.0414        38.1      -103106.5917       -79.4496 17m52s/Msamples
         742000   -103197.4065        37.8      -103113.4920       -83.9145 17m52s/Msamples
         743000   -103197.2202        37.6      -103114.1939       -83.0263 17m51s/Msamples
         744000   -103206.2795        37.3      -103118.5080       -87.7715 17m51s/Msamples
         745000   -103202.2897        37.1      -103116.0459       -86.2438 17m51s/Msamples
         746000   -103204.9429        36.8      -103118.7178       -86.2250 17m51s/Msamples
         747000   -103209.0952        36.6      -103116.2510       -92.8441 17m51s/Msamples
         748000   -103233.5295        36.6      -103132.7024      -100.8271 17m51s/Msamples
         749000   -103213.1122        36.5      -103111.1969      -101.9152 17m51s/Msamples
         750000   -103212.9524        36.3      -103111.7347      -101.2176 17m51s/Msamples
         751000   -103216.6478        36.1      -103112.0026      -104.6451 17m51s/Msamples
         752000   -103206.5244        35.9      -103114.4166       -92.1078 17m51s/Msamples
         753000   -103211.3866        35.7      -103105.9682      -105.4184 17m51s/Msamples
         754000   -103211.3932        35.5      -103108.4173      -102.9758 17m51s/Msamples
         755000   -103195.0039        35.3      -103104.6966       -90.3073 17m51s/Msamples
         756000   -103205.5991        35.1      -103107.6561       -97.9430 17m51s/Msamples
         757000   -103214.6737        50.7      -103114.7659       -99.9078 17m51s/Msamples
         758000   -103201.7470        50.3      -103110.2568       -91.4901 17m51s/Msamples
         759000   -103196.7746        49.9      -103108.3990       -88.3756 17m51s/Msamples
         760000   -103209.4446        49.5      -103115.8869       -93.5576 17m51s/Msamples
         761000   -103216.3472        49.2      -103126.2714       -90.0758 17m51s/Msamples
         762000   -103208.5227        48.8      -103121.6302       -86.8925 17m51s/Msamples
         763000   -103205.1657        48.4      -103116.2812       -88.8845 17m51s/Msamples
         764000   -103209.3056        48.0      -103120.5345       -88.7710 17m51s/Msamples
         765000   -103211.6777        32.3      -103111.9828       -99.6949 17m51s/Msamples
         766000   -103218.8104        32.0      -103123.7207       -95.0897 17m51s/Msamples
         767000   -103207.2966        31.4      -103114.1562       -93.1404 17m51s/Msamples
         768000   -103204.2538        31.0      -103117.2846       -86.9692 17m51s/Msamples
         769000   -103199.4597        30.3      -103116.3407       -83.1190 17m51s/Msamples
         770000   -103194.2253        29.8      -103108.6772       -85.5480 17m51s/Msamples
         771000   -103196.5395        29.3      -103116.5505       -79.9889 17m51s/Msamples
         772000   -103200.1964        28.9      -103112.5764       -87.6199 17m51s/Msamples
         773000   -103198.5614        28.4      -103110.3198       -88.2415 17m51s/Msamples
         774000   -103207.4776        28.0      -103110.5682       -96.9093 17m51s/Msamples
         775000   -103218.1425        27.8      -103116.5433      -101.5992 17m51s/Msamples
         776000   -103208.3089        27.5      -103113.5845       -94.7244 17m51s/Msamples
         777000   -103214.7037        27.2      -103109.9835      -104.7202 17m51s/Msamples
         778000   -103205.1851        26.9      -103104.8244      -100.3606 17m51s/Msamples
         779000   -103214.2009        26.4      -103108.8878      -105.3130 17m51s/Msamples
         780000   -103207.8021        26.1      -103108.1868       -99.6153 17m51s/Msamples
         781000   -103233.8448        26.2      -103112.1832      -121.6615 17m51s/Msamples
         782000   -103238.4882        26.3      -103121.0220      -117.4662 17m51s/Msamples
         783000   -103234.9223        26.4      -103126.8413      -108.0810 17m51s/Msamples
         784000   -103221.4920        26.3      -103116.8176      -104.6743 17m51s/Msamples
         785000   -103221.8785        26.1      -103122.1834       -99.6950 17m51s/Msamples
         786000   -103221.1750        26.0      -103121.4640       -99.7109 17m51s/Msamples
         787000   -103228.3478        26.0      -103118.6493      -109.6985 17m51s/Msamples
         788000   -103233.2985        26.0      -103119.8200      -113.4784 17m51s/Msamples
         789000   -103232.0752        25.9      -103122.9409      -109.1342 17m51s/Msamples
         790000   -103218.7631        25.8      -103121.5710       -97.1921 17m51s/Msamples
         791000   -103229.5964        15.7      -103127.9010      -101.6954 17m51s/Msamples
         792000   -103228.2526        15.7      -103134.6206       -93.6319 17m51s/Msamples
         793000   -103228.4237        15.6      -103126.6147      -101.8089 17m51s/Msamples
         794000   -103222.2265        15.6      -103127.3209       -94.9055 17m51s/Msamples
         795000   -103229.2970        15.6      -103130.0993       -99.1977 17m51s/Msamples
         796000   -103232.6477        15.6      -103132.8407       -99.8069 17m51s/Msamples
         797000   -103228.1488        15.6      -103131.4642       -96.6845 17m51s/Msamples
         798000   -103235.2804        15.6      -103129.2218      -106.0586 17m51s/Msamples
         799000   -103251.7505        15.8      -103138.2974      -113.4530 17m51s/Msamples
         800000   -103250.6039        16.0      -103138.3457      -112.2581 17m51s/Msamples
         801000   -103243.3525        16.2      -103133.6500      -109.7025 17m51s/Msamples
         802000   -103234.4165        16.2      -103129.9998      -104.4166 17m51s/Msamples
         803000   -103238.1953        26.5      -103133.2536      -104.9417 17m51s/Msamples
         804000   -103236.9137        26.5      -103124.7319      -112.1818 17m51s/Msamples
         805000   -103235.9050        26.6      -103131.1639      -104.7411 17m51s/Msamples
         806000   -103243.9024        26.8      -103134.0087      -109.8937 17m51s/Msamples
         807000   -103236.3458        26.9      -103129.3809      -106.9649 17m51s/Msamples
         808000   -103238.8635        27.0      -103133.2841      -105.5794 17m51s/Msamples
         809000   -103248.9628        27.1      -103138.9658      -109.9970 17m51s/Msamples
         810000   -103249.4672        17.0      -103137.5170      -111.9502 17m51s/Msamples
         811000   -103235.0976        17.1      -103134.1767      -100.9209 17m52s/Msamples
         812000   -103233.3575        17.1      -103131.9179      -101.4396 17m52s/Msamples
         813000   -103233.7645        17.2      -103133.6203      -100.1441 17m52s/Msamples
         814000   -103241.3267        17.3      -103138.5502      -102.7764 17m52s/Msamples
         815000   -103247.9527        17.5      -103151.9770       -95.9756 17m52s/Msamples
         816000   -103244.9087        17.6      -103146.4187       -98.4900 17m52s/Msamples
         817000   -103228.6519        17.6      -103129.8633       -98.7885 17m52s/Msamples
         818000   -103235.8284        17.7      -103139.6770       -96.1514 17m52s/Msamples
         819000   -103240.9392        17.7      -103137.0807      -103.8584 17m52s/Msamples
         820000   -103228.4884        17.7      -103133.8231       -94.6653 17m52s/Msamples
         821000   -103235.5201        17.7      -103134.5772      -100.9428 17m52s/Msamples
         822000   -103224.6781        17.7      -103131.5150       -93.1630 17m52s/Msamples
         823000   -103235.2739        17.7      -103130.4939      -104.7800 17m52s/Msamples
         824000   -103225.1579        17.7      -103133.5080       -91.6498 17m52s/Msamples
         825000   -103233.2903        17.7      -103136.2428       -97.0474 17m52s/Msamples
         826000   -103227.7333        17.7      -103134.3636       -93.3697 17m52s/Msamples
         827000   -103223.8789        17.6      -103126.2010       -97.6779 17m52s/Msamples
         828000   -103219.9481        17.5      -103133.8102       -86.1379 17m52s/Msamples
         829000   -103225.2790        17.4      -103138.6768       -86.6021 17m52s/Msamples
         830000   -103235.5926        17.4      -103135.5416      -100.0509 17m52s/Msamples
         831000   -103231.8876        17.5      -103135.1421       -96.7454 17m52s/Msamples
         832000   -103229.9683        17.5      -103127.6121      -102.3562 17m51s/Msamples
         833000   -103246.0199        17.6      -103135.6373      -110.3826 17m52s/Msamples
         834000   -103246.6354        17.8      -103136.9282      -109.7072 17m52s/Msamples
         835000   -103249.2338        18.0      -103128.9656      -120.2681 17m52s/Msamples
         836000   -103249.7658        28.6      -103130.8765      -118.8893 17m52s/Msamples
         837000   -103238.2927        28.7      -103127.6530      -110.6396 17m52s/Msamples
         838000   -103247.2091        29.0      -103132.9163      -114.2927 17m52s/Msamples
         839000   -103251.2378        29.0      -103140.4663      -110.7715 17m52s/Msamples
         840000   -103243.6218        29.2      -103129.7284      -113.8933 17m52s/Msamples
         841000   -103251.9791        29.5      -103135.2124      -116.7666 17m52s/Msamples
         842000   -103249.6132        29.7      -103130.3955      -119.2176 17m52s/Msamples
         843000   -103242.8217        29.8      -103129.5166      -113.3050 17m52s/Msamples
         844000   -103251.9153        30.1      -103137.2058      -114.7094 17m52s/Msamples
         845000   -103254.4325        30.3      -103137.8353      -116.5972 17m52s/Msamples
         846000   -103261.2220        30.6      -103141.7756      -119.4463 17m52s/Msamples
         847000   -103269.5225        31.0      -103137.5396      -131.9829 17m52s/Msamples
         848000   -103263.0533        31.3      -103140.9450      -122.1083 17m52s/Msamples
         849000   -103260.9045        31.4      -103138.4251      -122.4793 17m52s/Msamples
         850000   -103250.1211        31.5      -103140.5486      -109.5725 17m52s/Msamples
         851000   -103251.3001        31.6      -103143.1540      -108.1460 17m52s/Msamples
         852000   -103247.2764        31.6      -103135.8551      -111.4213 17m52s/Msamples
         853000   -103242.3314        31.7      -103134.0110      -108.3203 17m52s/Msamples
         854000   -103243.2094        31.7      -103133.3877      -109.8216 17m52s/Msamples
         855000   -103245.2750        31.7      -103134.6720      -110.6030 17m52s/Msamples
         856000   -103235.4278        31.7      -103132.8538      -102.5740 17m52s/Msamples
         857000   -103229.8091        31.8      -103126.1688      -103.6403 17m52s/Msamples
         858000   -103227.3083        31.9      -103126.3734      -100.9349 17m52s/Msamples
         859000   -103235.9644        31.8      -103136.1716       -99.7927 17m52s/Msamples
         860000   -103232.2643        31.8      -103131.1091      -101.1551 17m52s/Msamples
         861000   -103219.3662        32.0      -103127.5165       -91.8497 17m52s/Msamples
         862000   -103224.7152        32.1      -103124.7855       -99.9297 17m52s/Msamples
         863000   -103214.4578        32.3      -103123.5455       -90.9123 17m52s/Msamples
         864000   -103229.4871        32.4      -103132.6036       -96.8835 17m52s/Msamples
         865000   -103235.4835        32.4      -103132.6202      -102.8633 17m52s/Msamples
         866000   -103222.6698        32.5      -103131.0614       -91.6083 17m52s/Msamples
         867000   -103223.8335        32.6      -103133.0885       -90.7449 17m52s/Msamples
         868000   -103232.3000        32.7      -103131.1806      -101.1194 17m51s/Msamples
         869000   -103222.3213        32.5      -103128.0511       -94.2702 17m51s/Msamples
         870000   -103232.6431        32.6      -103132.0146      -100.6285 17m51s/Msamples
         871000   -103231.6329        32.6      -103129.1079      -102.5249 17m51s/Msamples
         872000   -103235.3254        32.6      -103132.0402      -103.2852 17m51s/Msamples
         873000   -103231.0897        32.7      -103131.4296       -99.6600 17m51s/Msamples
         874000   -103242.5499        32.7      -103135.3034      -107.2465 17m51s/Msamples
         875000   -103240.6903        32.7      -103142.9476       -97.7427 17m52s/Msamples
         876000   -103239.5250        32.7      -103144.9676       -94.5574 17m51s/Msamples
         877000   -103234.3792        32.8      -103133.6871      -100.6921 17m51s/Msamples
         878000   -103246.1940        32.7      -103134.0839      -112.1101 17m51s/Msamples
         879000   -103235.0388        32.5      -103135.5147       -99.5240 17m51s/Msamples
         880000   -103240.5790        32.5      -103141.0610       -99.5180 17m51s/Msamples
         881000   -103239.3641        32.5      -103143.6098       -95.7542 17m51s/Msamples
         882000   -103237.7860        32.6      -103141.4670       -96.3189 17m51s/Msamples
         883000   -103239.4098        32.6      -103136.8272      -102.5825 17m51s/Msamples
         884000   -103231.0379        32.6      -103134.8884       -96.1494 17m51s/Msamples
         885000   -103233.9140        32.7      -103136.3446       -97.5693 17m51s/Msamples
         886000   -103228.3474        32.7      -103135.0437       -93.3036 17m51s/Msamples
         887000   -103219.1718        32.9      -103137.5134       -81.6584 17m51s/Msamples
         888000   -103216.5115        33.1      -103133.3390       -83.1725 17m51s/Msamples
         889000   -103218.0310        33.1      -103125.9330       -92.0980 17m51s/Msamples
         890000   -103207.9182        33.4      -103125.7014       -82.2168 17m51s/Msamples
         891000   -103218.6795        33.5      -103134.3273       -84.3521 17m51s/Msamples
         892000   -103220.1342        33.7      -103133.0830       -87.0512 17m51s/Msamples
         893000   -103210.9497        33.9      -103128.4137       -82.5360 17m51s/Msamples
         894000   -103197.3198        34.3      -103124.5566       -72.7632 17m51s/Msamples
         895000   -103189.2261        34.8      -103124.9104       -64.3157 17m51s/Msamples
         896000   -103211.4044        35.0      -103127.4077       -83.9966 17m51s/Msamples
         897000   -103211.4747        39.7      -103125.5917       -85.8830 17m51s/Msamples
         898000   -103211.4683        39.8      -103130.9231       -80.5451 17m51s/Msamples
         899000   -103211.6570        39.8      -103131.5839       -80.0731 17m51s/Msamples
         900000   -103224.1502        39.8      -103139.9136       -84.2365 17m51s/Msamples
         901000   -103219.6796        39.9      -103138.4048       -81.2748 17m51s/Msamples
         902000   -103214.7320        39.9      -103134.6799       -80.0521 17m50s/Msamples
         903000   -103232.2214        39.9      -103143.2838       -88.9376 17m50s/Msamples
         904000   -103217.4657        39.9      -103140.4090       -77.0566 17m50s/Msamples
         905000   -103205.3928        39.9      -103129.0404       -76.3524 17m50s/Msamples
         906000   -103234.9010        39.9      -103138.8669       -96.0340 17m50s/Msamples
         907000   -103229.7391        40.0      -103138.0659       -91.6731 17m50s/Msamples
         908000   -103244.4407        40.1      -103141.1504      -103.2902 17m50s/Msamples
         909000   -103237.4554        40.2      -103138.8871       -98.5682 17m50s/Msamples
         910000   -103221.6337        40.1      -103134.6545       -86.9791 17m50s/Msamples
         911000   -103216.1591        40.1      -103129.7947       -86.3644 17m50s/Msamples
         912000   -103219.0013        40.1      -103123.6612       -95.3401 17m50s/Msamples
         913000   -103203.2901        40.1      -103122.3748       -80.9152 17m50s/Msamples
         914000   -103212.5725        40.0      -103121.5065       -91.0660 17m50s/Msamples
         915000   -103209.6620        39.9      -103122.9638       -86.6981 17m50s/Msamples
         916000   -103210.7113        39.9      -103128.8919       -81.8194 17m50s/Msamples
         917000   -103214.5003        39.8      -103133.9451       -80.5551 17m50s/Msamples
         918000   -103222.1829        39.8      -103131.8039       -90.3790 17m50s/Msamples
         919000   -103225.4517        39.6      -103138.6981       -86.7535 17m50s/Msamples
         920000   -103218.9499        39.6      -103136.3047       -82.6452 17m50s/Msamples
         921000   -103215.9229        39.5      -103138.6519       -77.2710 17m50s/Msamples
         922000   -103217.4335        39.5      -103140.9088       -76.5247 17m50s/Msamples
         923000   -103227.2364        39.5      -103138.9238       -88.3125 17m50s/Msamples
         924000   -103208.3162        39.4      -103128.7912       -79.5250 17m50s/Msamples
         925000   -103213.1242        39.3      -103134.2006       -78.9235 17m50s/Msamples
         926000   -103206.3580        39.2      -103131.9431       -74.4149 17m50s/Msamples
         927000   -103211.5229        39.0      -103135.0694       -76.4535 17m50s/Msamples
         928000   -103213.1433        38.9      -103132.5847       -80.5585 17m50s/Msamples
         929000   -103213.6345        38.7      -103128.4721       -85.1623 17m50s/Msamples
         930000   -103214.4321        38.6      -103138.6758       -75.7563 17m50s/Msamples
         931000   -103219.3589        38.5      -103142.4523       -76.9066 17m50s/Msamples
         932000   -103198.8510        38.3      -103132.4303       -66.4206 17m50s/Msamples
         933000   -103203.8371        38.1      -103130.8991       -72.9379 17m50s/Msamples
         934000   -103204.0971        37.9      -103130.2261       -73.8709 17m50s/Msamples
         935000   -103178.1140        37.7      -103116.6720       -61.4420 17m50s/Msamples
         936000   -103186.0740        37.4      -103121.5242       -64.5497 17m50s/Msamples
         937000   -103185.2299        37.1      -103118.2824       -66.9475 17m50s/Msamples
         938000   -103190.8299        36.8      -103120.8895       -69.9404 17m50s/Msamples
         939000   -103191.4730        36.4      -103120.2662       -71.2068 17m50s/Msamples
         940000   -103186.5257        36.1      -103117.6369       -68.8888 17m50s/Msamples
         941000   -103202.2268        35.8      -103124.5550       -77.6718 17m50s/Msamples
         942000   -103185.8761        35.4      -103124.9582       -60.9178 17m50s/Msamples
         943000   -103204.3855        35.2      -103131.5785       -72.8070 17m50s/Msamples
         944000   -103221.6645        35.1      -103134.0757       -87.5887 17m50s/Msamples
         945000   -103216.7435        34.9      -103132.6071       -84.1363 17m50s/Msamples
         946000   -103222.1517        34.8      -103136.3257       -85.8260 17m49s/Msamples
         947000   -103213.6169        34.6      -103134.4270       -79.1899 17m49s/Msamples
         948000   -103235.0787        34.7      -103134.4159      -100.6627 17m49s/Msamples
         949000   -103227.7359        34.6      -103132.0343       -95.7015 17m49s/Msamples
         950000   -103225.1401        34.6      -103135.4470       -89.6931 17m49s/Msamples
         951000   -103216.2713        34.5      -103122.9111       -93.3601 17m49s/Msamples
         952000   -103213.9144        32.2      -103126.9531       -86.9612 17m49s/Msamples
         953000   -103214.3583        32.1      -103131.7394       -82.6188 17m49s/Msamples
         954000   -103214.7178        31.9      -103130.5078       -84.2099 17m49s/Msamples
         955000   -103211.5472        31.7      -103129.6263       -81.9209 17m49s/Msamples
         956000   -103195.7188        31.4      -103125.2435       -70.4753 17m49s/Msamples
         957000   -103197.1165        31.1      -103125.6037       -71.5128 17m49s/Msamples
         958000   -103201.4842        30.8      -103128.2293       -73.2549 17m49s/Msamples
         959000   -103203.5790        30.5      -103123.3118       -80.2672 17m49s/Msamples
         960000   -103215.5205        30.3      -103130.7846       -84.7358 17m49s/Msamples
         961000   -103218.4048        30.2      -103133.2173       -85.1874 17m49s/Msamples
         962000   -103210.8525        30.0      -103132.1276       -78.7249 17m49s/Msamples
         963000   -103209.7831        29.7      -103128.6727       -81.1104 17m49s/Msamples
         964000   -103201.2605        29.5      -103129.4251       -71.8354 17m49s/Msamples
         965000   -103204.6586        29.2      -103131.3352       -73.3234 17m49s/Msamples
         966000   -103206.9103        29.0      -103130.6816       -76.2286 17m49s/Msamples
         967000   -103195.2128        28.7      -103130.0516       -65.1611 17m49s/Msamples
         968000   -103212.2349        28.5      -103129.9682       -82.2667 17m49s/Msamples
         969000   -103207.9554        28.3      -103124.0032       -83.9521 17m49s/Msamples
         970000   -103208.9777        28.1      -103125.2129       -83.7647 17m49s/Msamples
         971000   -103191.2926        27.8      -103116.6147       -74.6779 17m49s/Msamples
         972000   -103202.3735        27.5      -103122.1285       -80.2450 17m49s/Msamples
         973000   -103196.0220        27.3      -103127.6688       -68.3532 17m49s/Msamples
         974000   -103209.6560        27.1      -103131.8394       -77.8165 17m49s/Msamples
         975000   -103205.4295        26.9      -103121.6933       -83.7361 17m49s/Msamples
         976000   -103201.5040        26.6      -103123.9319       -77.5720 17m49s/Msamples
         977000   -103210.6312        26.5      -103132.0706       -78.5606 17m49s/Msamples
         978000   -103212.2104        26.3      -103132.5357       -79.6747 17m49s/Msamples
         979000   -103220.1788        26.2      -103126.1175       -94.0612 17m49s/Msamples
         980000   -103213.9874        26.1      -103127.3613       -86.6261 17m49s/Msamples
         981000   -103206.1158        25.9      -103125.0680       -81.0477 17m49s/Msamples
         982000   -103220.5542        25.8      -103129.3571       -91.1970 17m49s/Msamples
         983000   -103243.7270        26.0      -103131.8058      -111.9211 17m49s/Msamples
         984000   -103223.3017        26.0      -103128.7136       -94.5881 17m49s/Msamples
         985000   -103230.2392        26.0      -103132.6203       -97.6188 17m49s/Msamples
         986000   -103225.6487        26.0      -103137.2522       -88.3964 17m49s/Msamples
         987000   -103235.7380        26.0      -103143.4702       -92.2677 17m49s/Msamples
         988000   -103233.1445        26.1      -103142.6744       -90.4701 17m49s/Msamples
         989000   -103234.8458        26.1      -103143.9263       -90.9195 17m49s/Msamples
         990000   -103242.2647        26.3      -103146.6318       -95.6328 17m49s/Msamples
         991000   -103234.7971        26.3      -103142.0536       -92.7434 17m49s/Msamples
         992000   -103227.7123        26.3      -103138.1152       -89.5971 17m49s/Msamples
         993000   -103231.1509        26.4      -103140.6324       -90.5185 17m49s/Msamples
         994000   -103210.3545        26.2      -103132.8882       -77.4662 17m49s/Msamples
         995000   -103217.9729        26.1      -103127.9933       -89.9795 17m49s/Msamples
         996000   -103209.2725        26.0      -103124.2118       -85.0607 17m49s/Msamples
         997000   -103213.1310        25.9      -103125.6247       -87.5063 17m49s/Msamples
         998000   -103217.8329        25.8      -103131.7156       -86.1173 17m49s/Msamples
         999000   -103208.9956        25.5      -103125.7371       -83.2584 17m49s/Msamples
        1000000   -103214.7813        25.4      -103127.2615       -87.5198 17m49s/Msamples
        1001000   -103211.1355        25.3      -103121.5113       -89.6241 17m49s/Msamples
        1002000   -103193.1429        25.1      -103116.3553       -76.7875 17m49s/Msamples
        1003000   -103197.4200        24.9      -103121.5456       -75.8744 17m49s/Msamples
        1004000   -103197.0028        24.7      -103116.5370       -80.4657 17m49s/Msamples
        1005000   -103209.9397        24.6      -103122.5072       -87.4325 17m49s/Msamples
        1006000   -103193.3077        24.4      -103113.5288       -79.7788 17m49s/Msamples
        1007000   -103203.0083        24.3      -103118.6311       -84.3771 17m49s/Msamples
        1008000   -103215.7987        24.2      -103125.4621       -90.3365 17m49s/Msamples
        1009000   -103219.3495        24.0      -103125.8113       -93.5381 17m49s/Msamples
        1010000   -103212.1060        23.9      -103125.6074       -86.4985 17m49s/Msamples
        1011000   -103199.6637        23.7      -103118.7975       -80.8662 17m49s/Msamples
        1012000   -103208.1182        23.6      -103124.2186       -83.8996 17m49s/Msamples
        1013000   -103221.4020        23.5      -103125.4720       -95.9299 17m49s/Msamples
        1014000   -103218.0545        23.5      -103124.0852       -93.9693 17m49s/Msamples
        1015000   -103219.9465        23.4      -103132.0876       -87.8589 17m49s/Msamples
        1016000   -103219.8997        23.3      -103128.9477       -90.9520 17m49s/Msamples
        1017000   -103222.1573        23.3      -103131.6278       -90.5294 17m49s/Msamples
        1018000   -103227.3765        23.3      -103123.2529      -104.1236 17m49s/Msamples
        1019000   -103223.9961        23.3      -103126.5983       -97.3978 17m49s/Msamples
        1020000   -103216.6583        23.2      -103126.4420       -90.2162 17m49s/Msamples
        1021000   -103219.9182        23.1      -103129.0613       -90.8568 17m49s/Msamples
        1022000   -103221.7935        23.1      -103125.1264       -96.6670 17m50s/Msamples
        1023000   -103213.5736        23.0      -103120.9258       -92.6478 17m50s/Msamples
        1024000   -103201.9500        22.9      -103114.0069       -87.9430 17m49s/Msamples
        1025000   -103196.1346        22.8      -103112.9395       -83.1951 17m49s/Msamples
        1026000   -103195.1554        22.7      -103112.3009       -82.8544 17m49s/Msamples
        1027000   -103207.0228        22.6      -103123.1531       -83.8696 17m49s/Msamples
        1028000   -103198.0341        22.5      -103113.8427       -84.1914 17m49s/Msamples
        1029000   -103202.5205        22.4      -103114.6782       -87.8423 17m49s/Msamples
        1030000   -103206.1057        22.3      -103114.0527       -92.0530 17m49s/Msamples
        1031000   -103209.5681        22.2      -103114.8103       -94.7577 17m49s/Msamples
        1032000   -103206.3133        22.1      -103117.2156       -89.0976 17m49s/Msamples
        1033000   -103210.8561        22.0      -103119.1127       -91.7433 17m49s/Msamples
        1034000   -103220.2224        22.0      -103126.4229       -93.7995 17m49s/Msamples
        1035000   -103214.6266        21.9      -103122.7870       -91.8396 17m49s/Msamples
        1036000   -103219.3844        21.9      -103121.3735       -98.0109 17m49s/Msamples
        1037000   -103226.3758        21.9      -103128.9289       -97.4469 17m49s/Msamples
        1038000   -103240.0022        22.0      -103131.1127      -108.8895 17m49s/Msamples
        1039000   -103230.6966        22.0      -103127.3129      -103.3836 17m49s/Msamples
        1040000   -103220.5115        22.0      -103126.7716       -93.7399 17m49s/Msamples
        1041000   -103223.1031        21.9      -103125.9297       -97.1734 17m49s/Msamples
        1042000   -103226.1527        21.9      -103129.0537       -97.0990 17m49s/Msamples
        1043000   -103228.6834        22.0      -103129.4577       -99.2256 17m49s/Msamples
        1044000   -103219.5601        21.9      -103132.5348       -87.0253 17m49s/Msamples
        1045000   -103221.9844        21.9      -103131.0362       -90.9481 17m49s/Msamples
        1046000   -103230.0633        21.9      -103129.2482      -100.8150 17m49s/Msamples
        1047000   -103226.0392        21.9      -103134.6028       -91.4364 17m49s/Msamples
        1048000   -103222.9763        21.9      -103127.9972       -94.9791 17m49s/Msamples
        1049000   -103241.0732        21.9      -103138.7899      -102.2832 17m49s/Msamples
        1050000   -103247.0942        22.1      -103133.7498      -113.3443 17m49s/Msamples
        1051000   -103231.1335        22.1      -103130.8438      -100.2896 17m49s/Msamples
        1052000   -103228.5353        22.1      -103129.0566       -99.4786 17m49s/Msamples
        1053000   -103227.2350        22.1      -103131.6153       -95.6196 17m49s/Msamples
        1054000   -103232.6455        22.2      -103132.5874      -100.0581 17m49s/Msamples
        1055000   -103240.1803        22.3      -103137.6697      -102.5105 17m49s/Msamples
        1056000   -103235.3917        22.3      -103140.2038       -95.1879 17m49s/Msamples
        1057000   -103222.4453        22.3      -103123.8975       -98.5478 17m49s/Msamples
        1058000   -103224.3068        22.3      -103119.7503      -104.5565 17m49s/Msamples
        1059000   -103225.8998        22.3      -103124.5858      -101.3140 17m49s/Msamples
        1060000   -103224.6692        22.3      -103127.8411       -96.8280 17m49s/Msamples
        1061000   -103225.8433        22.3      -103123.0124      -102.8308 17m49s/Msamples
        1062000   -103225.0350        22.3      -103124.5706      -100.4643 17m49s/Msamples
        1063000   -103236.2654        22.4      -103130.2294      -106.0359 17m49s/Msamples
        1064000   -103243.9849        22.5      -103131.7969      -112.1880 17m49s/Msamples
        1065000   -103234.5125        22.5      -103130.5314      -103.9811 17m49s/Msamples
        1066000   -103239.2153        22.6      -103126.5850      -112.6302 17m49s/Msamples
        1067000   -103234.3972        22.6      -103126.8919      -107.5052 17m48s/Msamples
        1068000   -103227.5346        22.6      -103124.5784      -102.9561 17m48s/Msamples
        1069000   -103228.0474        22.6      -103132.3938       -95.6536 17m48s/Msamples
        1070000   -103223.0264        22.6      -103128.6079       -94.4184 17m48s/Msamples
        1071000   -103229.7840        22.6      -103132.2216       -97.5624 17m48s/Msamples
        1072000   -103223.5785        22.6      -103129.6179       -93.9605 17m48s/Msamples
        1073000   -103225.7969        22.6      -103127.7291       -98.0677 17m48s/Msamples
        1074000   -103217.7528        22.6      -103128.5765       -89.1762 17m48s/Msamples
        1075000   -103227.0212        22.6      -103135.5178       -91.5033 17m48s/Msamples
        1076000   -103206.1380        22.6      -103126.2645       -79.8735 17m48s/Msamples
        1077000   -103205.6449        22.6      -103126.0911       -79.5537 17m48s/Msamples
        1078000   -103209.8993        22.6      -103133.0282       -76.8710 17m48s/Msamples
        1079000   -103223.8337        22.5      -103134.3720       -89.4617 17m48s/Msamples
        1080000   -103229.6098        22.6      -103137.4289       -92.1809 17m48s/Msamples
        1081000   -103222.3374        22.6      -103129.2343       -93.1030 17m48s/Msamples
        1082000   -103225.0974        22.6      -103138.6979       -86.3994 17m48s/Msamples
        1083000   -103224.5211        22.6      -103134.2639       -90.2571 17m48s/Msamples
        1084000   -103222.6958        22.6      -103129.9981       -92.6977 17m48s/Msamples
        1085000   -103225.9962        22.6      -103128.5523       -97.4439 17m48s/Msamples
        1086000   -103228.4771        22.6      -103134.9442       -93.5329 17m48s/Msamples
        1087000   -103233.6909        22.6      -103137.5321       -96.1587 17m48s/Msamples
        1088000   -103222.7879        22.6      -103133.3726       -89.4152 17m48s/Msamples
        1089000   -103226.1486        22.6      -103129.7739       -96.3746 17m48s/Msamples
        1090000   -103208.9271        22.6      -103121.6332       -87.2938 17m48s/Msamples
        1091000   -103208.6413        22.6      -103121.0067       -87.6346 17m48s/Msamples
        1092000   -103199.7119        22.5      -103118.3955       -81.3164 17m48s/Msamples
        1093000   -103207.7898        22.5      -103123.6082       -84.1816 17m48s/Msamples
        1094000   -103214.6968        22.5      -103126.4830       -88.2137 17m48s/Msamples
        1095000   -103217.0577        22.5      -103126.8363       -90.2213 17m48s/Msamples
        1096000   -103213.3424        22.5      -103127.9131       -85.4292 17m48s/Msamples
        1097000   -103233.3293        22.5      -103133.5733       -99.7560 17m48s/Msamples
        1098000   -103226.5765        22.5      -103132.9972       -93.5793 17m48s/Msamples
        1099000   -103231.4884        22.6      -103131.3085      -100.1798 17m48s/Msamples
        1100000   -103211.0394        22.5      -103121.5420       -89.4974 17m48s/Msamples
        1101000   -103219.4549        22.5      -103128.8854       -90.5694 17m48s/Msamples
        1102000   -103238.0660        22.6      -103128.1145      -109.9515 17m48s/Msamples
        1103000   -103240.1811        22.7      -103129.1608      -111.0203 17m48s/Msamples
        1104000   -103247.4378        22.8      -103132.3846      -115.0531 17m48s/Msamples
        1105000   -103242.9334        22.8      -103127.7174      -115.2160 17m48s/Msamples
        1106000   -103242.7195        22.9      -103130.2098      -112.5096 17m48s/Msamples
        1107000   -103239.1767        23.0      -103135.0534      -104.1233 17m48s/Msamples
        1108000   -103236.8415        23.0      -103135.4098      -101.4317 17m48s/Msamples
        1109000   -103238.9648        23.0      -103139.6139       -99.3509 17m48s/Msamples
        1110000   -103237.3352        23.1      -103139.8832       -97.4520 17m48s/Msamples
        1111000   -103245.1664        23.2      -103140.5721      -104.5942 17m48s/Msamples
        1112000   -103237.3331        23.2      -103138.8633       -98.4698 17m48s/Msamples
        1113000   -103245.0469        23.3      -103136.5950      -108.4519 17m48s/Msamples
        1114000   -103243.3068        23.4      -103139.6781      -103.6287 17m48s/Msamples
        1115000   -103242.8612        23.4      -103136.8585      -106.0027 17m48s/Msamples
        1116000   -103243.8705        23.5      -103137.9836      -105.8868 17m48s/Msamples
        1117000   -103238.0675        23.5      -103135.3770      -102.6904 17m48s/Msamples
        1118000   -103254.4271        23.6      -103139.6850      -114.7421 17m48s/Msamples
        1119000   -103258.1031        23.7      -103140.0236      -118.0795 17m48s/Msamples
        1120000   -103258.5618        23.9      -103143.9068      -114.6550 17m48s/Msamples
        1121000   -103262.1765        24.0      -103147.0705      -115.1060 17m48s/Msamples
        1122000   -103254.4863        24.1      -103144.0917      -110.3946 17m48s/Msamples
        1123000   -103238.3054        24.1      -103136.0271      -102.2782 17m48s/Msamples
        1124000   -103236.4131        24.1      -103137.0827       -99.3303 17m48s/Msamples
        1125000   -103245.6359        24.2      -103136.0169      -109.6189 17m48s/Msamples
        1126000   -103237.9065        24.2      -103132.8745      -105.0319 17m48s/Msamples
        1127000   -103231.6502        24.2      -103133.2355       -98.4147 17m48s/Msamples
        1128000   -103225.9372        24.2      -103135.1634       -90.7737 17m48s/Msamples
        1129000   -103227.2098        24.3      -103135.1886       -92.0211 17m48s/Msamples
        1130000   -103230.3791        24.3      -103131.4460       -98.9331 17m48s/Msamples
        1131000   -103231.8258        24.3      -103133.8966       -97.9291 17m48s/Msamples
        1132000   -103226.5384        24.3      -103129.2803       -97.2581 17m48s/Msamples
        1133000   -103233.2330        24.4      -103127.7729      -105.4600 17m48s/Msamples
        1134000   -103234.0611        24.4      -103131.0416      -103.0194 17m48s/Msamples
        1135000   -103238.6766        24.4      -103139.7957       -98.8809 17m48s/Msamples
        1136000   -103237.2219        24.4      -103134.4142      -102.8077 17m48s/Msamples
        1137000   -103237.9609        24.5      -103135.8273      -102.1335 17m48s/Msamples
        1138000   -103238.4919        24.5      -103132.5297      -105.9621 17m48s/Msamples
        1139000   -103234.0406        24.5      -103136.0943       -97.9463 17m48s/Msamples
        1140000   -103237.3464        24.5      -103139.5697       -97.7766 17m48s/Msamples
        1141000   -103239.8805        24.5      -103136.4410      -103.4394 17m48s/Msamples
        1142000   -103229.8452        24.5      -103132.4409       -97.4042 17m48s/Msamples
        1143000   -103243.4350        24.6      -103140.9469      -102.4881 17m48s/Msamples
        1144000   -103231.4179        24.6      -103132.4428       -98.9750 17m48s/Msamples
        1145000   -103230.1337        24.6      -103130.4971       -99.6365 17m48s/Msamples
        1146000   -103232.7607        24.7      -103127.8916      -104.8690 17m48s/Msamples
        1147000   -103231.4862        24.7      -103120.4944      -110.9917 17m48s/Msamples
        1148000   -103226.5040        24.7      -103122.9842      -103.5197 17m48s/Msamples
        1149000   -103239.3200        24.6      -103133.9153      -105.4046 17m49s/Msamples
        1150000   -103232.8882        24.7      -103128.5561      -104.3320 17m49s/Msamples
        1151000   -103235.6234        24.7      -103131.0641      -104.5592 17m49s/Msamples
        1152000   -103237.2086        24.7      -103131.2279      -105.9807 17m49s/Msamples
        1153000   -103225.0739        24.8      -103128.6288       -96.4451 17m49s/Msamples
        1154000   -103238.5969        24.8      -103125.9344      -112.6624 17m49s/Msamples
        1155000   -103245.1861        24.8      -103130.4749      -114.7111 17m49s/Msamples
        1156000   -103244.3955        24.8      -103130.8599      -113.5355 17m48s/Msamples
        1157000   -103229.9523        24.9      -103133.6461       -96.3061 17m48s/Msamples
        1158000   -103219.1222        24.9      -103130.7543       -88.3678 17m48s/Msamples
        1159000   -103209.3121        25.0      -103127.2934       -82.0186 17m48s/Msamples
        1160000   -103233.5585        25.0      -103131.0377      -102.5208 17m48s/Msamples
        1161000   -103233.1433        25.1      -103131.0531      -102.0901 17m48s/Msamples
        1162000   -103236.4288        25.1      -103128.6244      -107.8044 17m48s/Msamples
        1163000   -103248.8921        25.1      -103132.5638      -116.3283 17m48s/Msamples
        1164000   -103242.7146        25.2      -103134.1236      -108.5909 17m48s/Msamples
        1165000   -103232.2466        25.2      -103132.8438       -99.4027 17m48s/Msamples
        1166000   -103228.5613        25.2      -103133.6652       -94.8960 17m48s/Msamples
        1167000   -103219.8702        25.3      -103131.7790       -88.0911 17m48s/Msamples
        1168000   -103235.7666        25.3      -103137.8037       -97.9629 17m48s/Msamples
        1169000   -103230.5874        25.3      -103137.9966       -92.5908 17m48s/Msamples
        1170000   -103236.9519        25.3      -103132.4147      -104.5371 17m48s/Msamples
        1171000   -103228.2153        25.3      -103129.1521       -99.0631 17m48s/Msamples
        1172000   -103218.7759        25.4      -103124.4097       -94.3662 17m48s/Msamples
        1173000   -103232.4725        25.4      -103124.0842      -108.3882 17m48s/Msamples
        1174000   -103223.1443        25.5      -103120.8141      -102.3301 17m48s/Msamples
        1175000   -103227.2660        25.5      -103127.1348      -100.1311 17m48s/Msamples
        1176000   -103234.3742        25.5      -103129.6004      -104.7737 17m48s/Msamples
        1177000   -103239.2125        25.5      -103133.7509      -105.4616 17m48s/Msamples
        1178000   -103240.2772        25.6      -103142.1422       -98.1350 17m48s/Msamples
        1179000   -103233.3336        25.6      -103137.2742       -96.0593 17m48s/Msamples
        1180000   -103237.5848        25.6      -103133.8933      -103.6915 17m48s/Msamples
        1181000   -103240.6025        25.6      -103139.7115      -100.8909 17m48s/Msamples
        1182000   -103223.0237        25.6      -103129.4719       -93.5517 17m48s/Msamples
        1183000   -103245.6596        25.6      -103137.3567      -108.3029 17m48s/Msamples
        1184000   -103234.3963        25.7      -103136.6122       -97.7840 17m48s/Msamples
        1185000   -103238.4949        25.7      -103139.6062       -98.8887 17m48s/Msamples
        1186000   -103236.6917        25.7      -103137.7326       -98.9590 17m48s/Msamples
        1187000   -103239.9953        25.7      -103140.2015       -99.7937 17m48s/Msamples
        1188000   -103247.1123        25.7      -103143.7077      -103.4046 17m48s/Msamples
        1189000   -103237.6032        25.7      -103142.6360       -94.9671 17m48s/Msamples
        1190000   -103238.0375        25.7      -103137.3126      -100.7249 17m48s/Msamples
        1191000   -103222.5159        25.7      -103139.2207       -83.2951 17m48s/Msamples
        1192000   -103212.4800        25.8      -103130.4568       -82.0231 17m49s/Msamples
        1193000   -103217.2714        25.9      -103130.5686       -86.7028 17m48s/Msamples
        1194000   -103217.7415        26.0      -103129.7374       -88.0040 17m48s/Msamples
        1195000   -103210.0344        26.1      -103132.5068       -77.5275 17m48s/Msamples
        1196000   -103214.4925        26.2      -103130.1502       -84.3423 17m48s/Msamples
        1197000   -103206.6332        26.3      -103128.0342       -78.5990 17m48s/Msamples
        1198000   -103220.4301        26.4      -103133.1178       -87.3123 17m48s/Msamples
        1199000   -103222.1330        26.4      -103135.2102       -86.9227 17m48s/Msamples
        1200000   -103212.7938        26.4      -103132.3600       -80.4337 17m48s/Msamples
        1201000   -103211.1116        26.5      -103130.5186       -80.5930 17m49s/Msamples
        1202000   -103213.3567        26.6      -103133.2174       -80.1393 17m49s/Msamples
        1203000   -103215.1274        26.7      -103130.2180       -84.9093 17m49s/Msamples
        1204000   -103206.0353        26.8      -103129.6524       -76.3828 17m49s/Msamples
        1205000   -103212.1232        26.9      -103131.7104       -80.4127 17m49s/Msamples
        1206000   -103206.1119        27.0      -103129.9723       -76.1395 17m49s/Msamples
        1207000   -103201.7846        27.1      -103128.1565       -73.6280 17m48s/Msamples
        1208000   -103202.1461        27.2      -103125.3727       -76.7733 17m48s/Msamples
        1209000   -103201.3147        27.3      -103125.1930       -76.1217 17m48s/Msamples
        1210000   -103211.7889        27.4      -103127.3706       -84.4183 17m48s/Msamples
        1211000   -103206.4016        27.4      -103124.9079       -81.4937 17m48s/Msamples
        1212000   -103206.7226        27.5      -103124.7546       -81.9680 17m48s/Msamples
        1213000   -103201.1953        27.6      -103123.0378       -78.1574 17m48s/Msamples
        1214000   -103195.8186        27.7      -103121.8371       -73.9814 17m48s/Msamples
        1215000   -103195.0041        27.8      -103124.2869       -70.7172 17m48s/Msamples
        1216000   -103210.6829        27.8      -103128.9852       -81.6976 17m48s/Msamples
        1217000   -103226.6420        27.8      -103127.2074       -99.4345 17m48s/Msamples
        1218000   -103205.2616        27.9      -103119.2815       -85.9800 17m48s/Msamples
        1219000   -103196.9479        28.0      -103119.3220       -77.6259 17m48s/Msamples
        1220000   -103191.0964        28.1      -103117.5380       -73.5583 17m48s/Msamples
        1221000   -103202.2053        28.2      -103125.0624       -77.1429 17m48s/Msamples
        1222000   -103195.6417        28.2      -103117.2382       -78.4034 17m48s/Msamples
        1223000   -103201.3700        28.3      -103118.5750       -82.7950 17m48s/Msamples
        1224000   -103206.7164        28.3      -103117.8480       -88.8684 17m48s/Msamples
        1225000   -103215.8490        28.3      -103120.7667       -95.0823 17m48s/Msamples
        1226000   -103212.1433        28.3      -103126.7952       -85.3480 17m48s/Msamples
        1227000   -103215.3985        28.3      -103126.5165       -88.8820 17m48s/Msamples
        1228000   -103210.8677        28.3      -103122.1818       -88.6859 17m48s/Msamples
        1229000   -103206.8176        28.3      -103116.0631       -90.7544 17m48s/Msamples
        1230000   -103202.8216        28.4      -103120.9332       -81.8883 17m48s/Msamples
        1231000   -103216.1605        28.4      -103129.1438       -87.0166 17m48s/Msamples
        1232000   -103223.9960        28.4      -103132.8462       -91.1498 17m48s/Msamples
        1233000   -103220.5761        28.4      -103128.8499       -91.7262 17m48s/Msamples
        1234000   -103235.6101        28.4      -103139.1593       -96.4508 17m48s/Msamples
        1235000   -103215.9084        28.4      -103136.0561       -79.8523 17m48s/Msamples
        1236000   -103215.0443        28.4      -103132.2732       -82.7710 17m48s/Msamples
        1237000   -103225.8291        28.4      -103134.5736       -91.2555 17m48s/Msamples
        1238000   -103214.1964        28.4      -103128.2252       -85.9711 17m48s/Msamples
        1239000   -103226.1410        28.5      -103129.1257       -97.0152 17m48s/Msamples
        1240000   -103228.5132        28.5      -103131.5748       -96.9384 17m48s/Msamples
        1241000   -103229.9916        28.5      -103136.2336       -93.7580 17m48s/Msamples
        1242000   -103223.9766        28.5      -103127.5996       -96.3769 17m48s/Msamples
        1243000   -103221.6775        28.5      -103122.7853       -98.8921 17m48s/Msamples
        1244000   -103229.9412        28.6      -103128.5892      -101.3519 17m48s/Msamples
        1245000   -103249.5880        28.7      -103132.5592      -117.0288 17m48s/Msamples
        1246000   -103231.5396        28.7      -103129.7873      -101.7522 17m48s/Msamples
        1247000   -103231.2993        28.8      -103129.0581      -102.2412 17m48s/Msamples
        1248000   -103224.8723        28.8      -103132.2734       -92.5988 17m48s/Msamples
        1249000   -103219.6806        28.8      -103130.6329       -89.0476 17m48s/Msamples
        1250000   -103221.2871        28.8      -103133.5001       -87.7870 17m48s/Msamples
        1251000   -103222.4964        28.8      -103133.3581       -89.1382 17m48s/Msamples
        1252000   -103233.5463        28.9      -103134.8848       -98.6614 17m48s/Msamples
        1253000   -103246.8037        29.0      -103138.0865      -108.7172 17m48s/Msamples
        1254000   -103231.2473        29.0      -103130.4866      -100.7607 17m48s/Msamples
        1255000   -103219.4228        29.0      -103127.6668       -91.7560 17m48s/Msamples
        1256000   -103221.1112        29.0      -103126.9522       -94.1590 17m48s/Msamples
        1257000   -103221.3137        29.0      -103127.4466       -93.8670 17m48s/Msamples
        1258000   -103205.3918        29.0      -103122.5784       -82.8133 17m48s/Msamples
        1259000   -103215.0349        29.0      -103127.1688       -87.8661 17m48s/Msamples
        1260000   -103215.8787        29.0      -103128.0173       -87.8613 17m48s/Msamples
        1261000   -103216.7541        29.0      -103129.2685       -87.4855 17m48s/Msamples
        1262000   -103225.6680        29.0      -103131.6069       -94.0610 17m48s/Msamples
        1263000   -103234.2001        29.0      -103131.1578      -103.0422 17m48s/Msamples
        1264000   -103244.3260        29.2      -103141.5779      -102.7481 17m48s/Msamples
        1265000   -103245.2856        29.3      -103142.0495      -103.2361 17m48s/Msamples
        1266000   -103251.3705        29.4      -103137.6746      -113.6959 17m48s/Msamples
        1267000   -103243.2998        29.6      -103131.9123      -111.3875 17m48s/Msamples
        1268000   -103238.4578        29.6      -103136.5977      -101.8600 17m48s/Msamples
        1269000   -103237.3448        29.7      -103141.8966       -95.4481 17m48s/Msamples
        1270000   -103241.9146        29.8      -103143.6479       -98.2667 17m48s/Msamples
        1271000   -103242.5177        29.9      -103142.7083       -99.8094 17m48s/Msamples
        1272000   -103244.1788        30.0      -103147.9320       -96.2468 17m48s/Msamples
        1273000   -103242.9635        30.1      -103145.6775       -97.2859 17m48s/Msamples
        1274000   -103242.2114        30.2      -103141.2520      -100.9593 17m48s/Msamples
        1275000   -103247.3923        30.4      -103136.5962      -110.7960 17m48s/Msamples
        1276000   -103244.3058        30.5      -103133.6727      -110.6330 17m48s/Msamples
        1277000   -103250.1522        30.6      -103139.2970      -110.8552 17m48s/Msamples
        1278000   -103246.6407        30.8      -103136.9856      -109.6551 17m48s/Msamples
        1279000   -103249.8883        30.9      -103133.9038      -115.9845 17m48s/Msamples
        1280000   -103260.5481        31.1      -103135.0927      -125.4554 17m48s/Msamples
        1281000   -103250.2481        31.2      -103128.2744      -121.9736 17m48s/Msamples
        1282000   -103251.6823        31.4      -103129.3925      -122.2897 17m48s/Msamples
        1283000   -103235.9319        31.4      -103121.1596      -114.7722 17m48s/Msamples
        1284000   -103228.0318        31.5      -103130.7761       -97.2557 17m48s/Msamples
        1285000   -103231.2888        31.5      -103128.1894      -103.0993 17m48s/Msamples
        1286000   -103222.9233        31.5      -103125.3313       -97.5920 17m48s/Msamples
        1287000   -103220.9740        31.5      -103125.8156       -95.1583 17m48s/Msamples
        1288000   -103240.1477        31.6      -103129.0950      -111.0527 17m48s/Msamples
        1289000   -103240.3441        31.7      -103127.1495      -113.1945 17m48s/Msamples
        1290000   -103232.8963        31.7      -103130.9635      -101.9327 17m48s/Msamples
        1291000   -103239.4487        31.8      -103130.7816      -108.6671 17m48s/Msamples
        1292000   -103242.5711        31.8      -103136.1543      -106.4168 17m48s/Msamples
        1293000   -103260.6083        32.0      -103142.3323      -118.2759 17m48s/Msamples
        1294000   -103251.8768        32.1      -103140.8338      -111.0429 17m48s/Msamples
        1295000   -103244.3063        32.2      -103140.5716      -103.7347 17m48s/Msamples
        1296000   -103243.8527        32.3      -103138.6421      -105.2106 17m48s/Msamples
        1297000   -103236.1276        32.3      -103128.1827      -107.9449 17m48s/Msamples
        1298000   -103232.3545        32.3      -103127.2863      -105.0681 17m48s/Msamples
        1299000   -103231.8760        32.4      -103126.6587      -105.2172 17m48s/Msamples
        1300000   -103244.6058        32.5      -103135.4133      -109.1924 17m48s/Msamples
        1301000   -103232.1416        32.5      -103132.0061      -100.1355 17m48s/Msamples
        1302000   -103225.2489        32.5      -103128.6816       -96.5673 17m48s/Msamples
        1303000   -103231.4237        32.6      -103131.4104      -100.0132 17m48s/Msamples
        1304000   -103213.8183        32.6      -103126.0984       -87.7199 17m48s/Msamples
        1305000   -103206.0492        32.7      -103117.4998       -88.5493 17m48s/Msamples
        1306000   -103210.3995        32.8      -103119.1283       -91.2712 17m48s/Msamples
        1307000   -103207.4084        32.9      -103126.4765       -80.9318 17m48s/Msamples
        1308000   -103222.6230        32.9      -103136.4722       -86.1507 17m48s/Msamples
        1309000   -103233.8901        33.0      -103135.5431       -98.3469 17m48s/Msamples
        1310000   -103236.6830        33.1      -103132.9774      -103.7056 17m48s/Msamples
        1311000   -103232.5299        33.1      -103129.5405      -102.9893 17m48s/Msamples
        1312000   -103228.9461        33.1      -103122.7079      -106.2381 17m48s/Msamples
        1313000   -103231.1512        33.2      -103130.0626      -101.0885 17m48s/Msamples
        1314000   -103218.7296        33.2      -103126.5724       -92.1571 17m48s/Msamples
        1315000   -103227.7361        33.2      -103132.0742       -95.6618 17m48s/Msamples
        1316000   -103219.0725        33.3      -103126.0035       -93.0689 17m48s/Msamples
        1317000   -103236.7097        33.3      -103128.9217      -107.7880 17m48s/Msamples
        1318000   -103232.4589        33.4      -103127.0442      -105.4147 17m48s/Msamples
        1319000   -103216.4548        33.5      -103126.9227       -89.5321 17m48s/Msamples
        1320000   -103233.8838        33.5      -103136.9019       -96.9819 17m48s/Msamples
        1321000   -103226.2733        33.6      -103138.0188       -88.2545 17m48s/Msamples
        1322000   -103215.2251        33.6      -103134.7154       -80.5096 17m48s/Msamples
        1323000   -103221.8860        33.7      -103137.3013       -84.5846 17m48s/Msamples
        1324000   -103221.1616        33.7      -103139.4260       -81.7355 17m48s/Msamples
        1325000   -103232.9535        33.8      -103138.3794       -94.5741 17m48s/Msamples
        1326000   -103243.2376        33.8      -103138.6882      -104.5494 17m48s/Msamples
        1327000   -103229.6515        33.8      -103129.7426       -99.9089 17m49s/Msamples
        1328000   -103231.4044        33.8      -103129.3658      -102.0385 17m48s/Msamples
        1329000   -103241.2060        33.9      -103133.9635      -107.2424 17m49s/Msamples
        1330000   -103239.7379        34.0      -103134.8662      -104.8717 17m49s/Msamples
        1331000   -103227.0824        34.0      -103130.6596       -96.4228 17m49s/Msamples
        1332000   -103221.2251        34.0      -103129.1229       -92.1021 17m49s/Msamples
        1333000   -103231.1136        34.1      -103129.9557      -101.1578 17m49s/Msamples
        1334000   -103236.6353        34.1      -103138.9090       -97.7263 17m49s/Msamples
        1335000   -103226.2741        34.1      -103136.9987       -89.2753 17m49s/Msamples
        1336000   -103225.9353        34.2      -103135.5590       -90.3762 17m49s/Msamples
        1337000   -103229.9529        34.2      -103138.2953       -91.6575 17m49s/Msamples
        1338000   -103227.9057        34.2      -103139.1959       -88.7098 17m49s/Msamples
        1339000   -103228.2376        34.3      -103133.4630       -94.7745 17m49s/Msamples
        1340000   -103229.9934        34.3      -103144.2181       -85.7753 17m49s/Msamples
        1341000   -103239.3569        34.3      -103144.1684       -95.1884 17m49s/Msamples
        1342000   -103249.8244        34.4      -103146.4884      -103.3359 17m49s/Msamples
        1343000   -103244.7501        34.4      -103150.3325       -94.4176 17m49s/Msamples
        1344000   -103239.2571        34.4      -103148.5510       -90.7061 17m49s/Msamples
        1345000   -103226.7084        34.4      -103141.4458       -85.2626 17m49s/Msamples
        1346000   -103231.3284        34.5      -103138.8042       -92.5242 17m49s/Msamples
        1347000   -103228.2023        34.5      -103142.6966       -85.5057 17m49s/Msamples
        1348000   -103225.4606        34.5      -103141.4242       -84.0364 17m49s/Msamples
        1349000   -103236.6003        34.6      -103147.3515       -89.2487 17m49s/Msamples
        1350000   -103239.9047        34.6      -103144.4136       -95.4910 17m49s/Msamples
        1351000   -103228.5331        34.6      -103140.7751       -87.7580 17m49s/Msamples
        1352000   -103229.2979        34.7      -103137.8845       -91.4134 17m49s/Msamples
        1353000   -103212.5080        34.8      -103129.7050       -82.8030 17m49s/Msamples
        1354000   -103216.0352        34.8      -103128.7669       -87.2682 17m49s/Msamples
        1355000   -103217.3067        34.9      -103130.1892       -87.1174 17m49s/Msamples
        1356000   -103239.6871        34.9      -103137.4796      -102.2075 17m49s/Msamples
        1357000   -103242.6950        35.0      -103137.8968      -104.7982 17m49s/Msamples
        1358000   -103221.4102        35.0      -103135.7190       -85.6912 17m49s/Msamples
        1359000   -103227.6553        35.1      -103139.5376       -88.1177 17m49s/Msamples
        1360000   -103236.5987        35.1      -103140.3979       -96.2007 17m49s/Msamples
        1361000   -103224.7417        35.2      -103127.1925       -97.5491 17m49s/Msamples
        1362000   -103231.0201        35.2      -103130.9282      -100.0919 17m49s/Msamples
        1363000   -103234.1368        35.2      -103134.4426       -99.6942 17m49s/Msamples
        1364000   -103220.6850        35.3      -103129.3681       -91.3168 17m49s/Msamples
        1365000   -103208.2549        35.4      -103126.6119       -81.6429 17m49s/Msamples
        1366000   -103210.4658        35.4      -103130.3105       -80.1552 17m49s/Msamples
        1367000   -103205.8014        35.5      -103131.0613       -74.7401 17m49s/Msamples
        1368000   -103195.4119        35.7      -103126.8226       -68.5892 17m49s/Msamples
        1369000   -103207.8128        35.8      -103132.3819       -75.4309 17m49s/Msamples
        1370000   -103215.1755        35.8      -103137.5745       -77.6010 17m49s/Msamples
        1371000   -103229.2145        35.9      -103141.8644       -87.3501 17m49s/Msamples
        1372000   -103213.9703        35.9      -103133.5359       -80.4343 17m49s/Msamples
        1373000   -103214.2441        36.0      -103135.5736       -78.6705 17m49s/Msamples
        1374000   -103200.9469        36.1      -103130.5054       -70.4415 17m49s/Msamples
        1375000   -103207.7265        36.1      -103132.7837       -74.9428 17m49s/Msamples
        1376000   -103202.7351        36.2      -103129.5555       -73.1795 17m49s/Msamples
        1377000   -103198.2265        36.3      -103130.1804       -68.0461 17m49s/Msamples
        1378000   -103205.8050        36.3      -103129.9121       -75.8929 17m49s/Msamples
        1379000   -103200.6967        36.4      -103129.1294       -71.5673 17m49s/Msamples
        1380000   -103211.0580        36.5      -103130.4216       -80.6363 17m49s/Msamples
        1381000   -103227.4351        36.5      -103137.2129       -90.2221 17m49s/Msamples
        1382000   -103222.4272        36.5      -103134.0855       -88.3416 17m49s/Msamples
        1383000   -103210.8228        36.5      -103124.7403       -86.0825 17m49s/Msamples
        1384000   -103210.2327        36.5      -103133.6288       -76.6039 17m49s/Msamples
        1385000   -103221.4584        36.6      -103134.1499       -87.3085 17m49s/Msamples
        1386000   -103222.0594        36.6      -103134.7290       -87.3303 17m49s/Msamples
        1387000   -103226.4514        36.6      -103137.5683       -88.8830 17m49s/Msamples
        1388000   -103226.2706        36.6      -103131.6519       -94.6186 17m49s/Msamples
        1389000   -103223.4629        36.7      -103132.5710       -90.8919 17m49s/Msamples
        1390000   -103231.3465        36.7      -103136.5776       -94.7688 17m49s/Msamples
        1391000   -103230.8840        36.8      -103136.4175       -94.4665 17m49s/Msamples
        1392000   -103241.8422        36.8      -103136.8125      -105.0296 17m49s/Msamples
        1393000   -103240.0417        36.9      -103141.1434       -98.8982 17m49s/Msamples
        1394000   -103229.5845        36.9      -103132.0243       -97.5602 17m49s/Msamples
        1395000   -103252.4013        37.1      -103137.8391      -114.5622 17m49s/Msamples
        1396000   -103262.0402        37.3      -103140.9402      -121.0999 17m49s/Msamples
        1397000   -103235.1834        37.3      -103127.4227      -107.7606 17m49s/Msamples
        1398000   -103232.1790        37.4      -103125.7507      -106.4282 17m49s/Msamples
        1399000   -103227.8852        37.4      -103128.0756       -99.8095 17m49s/Msamples
        1400000   -103212.9279        37.5      -103123.9958       -88.9321 17m49s/Msamples
        1401000   -103222.5192        37.5      -103124.0981       -98.4211 17m49s/Msamples
        1402000   -103218.7896        37.5      -103123.5692       -95.2203 17m49s/Msamples
        1403000   -103217.7500        37.5      -103123.3079       -94.4421 17m49s/Msamples
        1404000   -103214.4179        37.6      -103120.3669       -94.0509 17m49s/Msamples
        1405000   -103214.2304        37.6      -103125.4880       -88.7423 17m49s/Msamples
        1406000   -103218.0791        37.6      -103128.0524       -90.0266 17m49s/Msamples
        1407000   -103222.6978        37.6      -103130.9252       -91.7726 17m49s/Msamples
        1408000   -103224.1884        37.7      -103128.2541       -95.9343 17m49s/Msamples
        1409000   -103232.0831        37.7      -103122.6925      -109.3906 17m49s/Msamples
        1410000   -103228.7743        37.8      -103126.8273      -101.9470 17m49s/Msamples
        1411000   -103233.1143        37.8      -103122.7689      -110.3454 17m48s/Msamples
        1412000   -103228.6296        37.8      -103126.0622      -102.5673 17m48s/Msamples
        1413000   -103213.8854        37.9      -103123.9478       -89.9376 17m48s/Msamples
        1414000   -103214.6551        37.9      -103135.5233       -79.1318 17m48s/Msamples
        1415000   -103218.5453        37.9      -103133.9153       -84.6300 17m48s/Msamples
        1416000   -103228.0644        37.9      -103133.2217       -94.8427 17m48s/Msamples
        1417000   -103231.1854        37.9      -103131.0039      -100.1815 17m48s/Msamples
        1418000   -103234.0154        38.0      -103132.0577      -101.9577 17m49s/Msamples
        1419000   -103223.3153        38.0      -103124.9456       -98.3696 17m49s/Msamples
        1420000   -103210.6993        38.0      -103120.5111       -90.1881 17m49s/Msamples
        1421000   -103218.8488        38.0      -103126.6931       -92.1556 17m49s/Msamples
        1422000   -103212.3309        38.0      -103121.6459       -90.6849 17m49s/Msamples
        1423000   -103200.5564        38.1      -103116.2457       -84.3106 17m49s/Msamples
        1424000   -103209.1297        38.1      -103122.7458       -86.3839 17m49s/Msamples
        1425000   -103226.6978        38.1      -103137.7852       -88.9125 17m49s/Msamples
        1426000   -103208.8485        38.1      -103127.7304       -81.1180 17m49s/Msamples
        1427000   -103196.2426        38.1      -103120.5288       -75.7137 17m49s/Msamples
        1428000   -103190.7175        38.1      -103119.4804       -71.2371 17m49s/Msamples
        1429000   -103200.3167        38.1      -103124.0191       -76.2975 17m49s/Msamples
        1430000   -103215.2154        38.1      -103127.2507       -87.9647 17m49s/Msamples
        1431000   -103213.8731        38.1      -103121.8795       -91.9936 17m49s/Msamples
        1432000   -103206.6161        38.1      -103123.4719       -83.1441 17m49s/Msamples
        1433000   -103208.1130        38.0      -103120.2735       -87.8395 17m49s/Msamples
        1434000   -103206.7250        38.0      -103124.6323       -82.0927 17m49s/Msamples
        1435000   -103228.1107        38.1      -103131.7078       -96.4029 17m49s/Msamples
        1436000   -103229.2538        38.1      -103120.6466      -108.6072 17m49s/Msamples
        1437000   -103228.5027        38.1      -103124.0785      -104.4241 17m49s/Msamples
        1438000   -103240.3110        38.2      -103131.6288      -108.6822 17m49s/Msamples
        1439000   -103240.9264        38.3      -103128.6496      -112.2767 17m50s/Msamples
        1440000   -103256.0366        38.6      -103134.0645      -121.9721 17m50s/Msamples
        1441000   -103251.3764        38.8      -103130.2598      -121.1166 17m50s/Msamples
        1442000   -103252.9350        39.0      -103131.6580      -121.2770 17m50s/Msamples
        1443000   -103250.2150        39.2      -103130.8736      -119.3414 17m50s/Msamples
        1444000   -103264.6198        39.5      -103136.6763      -127.9435 17m50s/Msamples
        1445000   -103267.8852        39.9      -103143.2506      -124.6345 17m50s/Msamples
        1446000   -103272.3161        40.3      -103140.4421      -131.8739 17m50s/Msamples
        1447000   -103249.6160        40.4      -103140.9724      -108.6436 17m50s/Msamples
        1448000   -103249.7052        40.6      -103145.7914      -103.9138 17m49s/Msamples
        1449000   -103252.0436        40.8      -103143.0187      -109.0248 17m49s/Msamples
        1450000   -103243.7519        40.8      -103137.3915      -106.3603 17m49s/Msamples
        1451000   -103245.8685        40.9      -103140.6521      -105.2163 17m49s/Msamples
        1452000   -103246.5512        41.0      -103139.6290      -106.9221 17m49s/Msamples
        1453000   -103239.4084        41.1      -103137.3809      -102.0274 17m49s/Msamples
        1454000   -103235.8541        41.2      -103130.6437      -105.2104 17m49s/Msamples
        1455000   -103226.4171        41.2      -103126.4795       -99.9375 17m49s/Msamples
        1456000   -103231.7511        41.2      -103131.4102      -100.3408 17m49s/Msamples
        1457000   -103238.8246        41.3      -103133.6016      -105.2230 17m49s/Msamples
        1458000   -103242.9919        41.3      -103134.6179      -108.3740 17m49s/Msamples
        1459000   -103250.3548        41.5      -103133.9456      -116.4091 17m49s/Msamples
        1460000   -103243.2527        41.5      -103127.8342      -115.4184 17m49s/Msamples
        1461000   -103246.0407        41.6      -103132.4064      -113.6342 17m49s/Msamples
        1462000   -103237.7733        41.6      -103123.6175      -114.1558 17m49s/Msamples
        1463000   -103239.4909        41.7      -103130.0098      -109.4810 17m49s/Msamples
        1464000   -103229.9238        41.7      -103122.4723      -107.4515 17m49s/Msamples
        1465000   -103234.6202        41.7      -103129.7095      -104.9107 17m49s/Msamples
        1466000   -103245.3924        41.8      -103132.6058      -112.7866 17m49s/Msamples
        1467000   -103243.4950        41.8      -103127.0297      -116.4653 17m49s/Msamples
        1468000   -103246.7185        41.9      -103135.4212      -111.2973 17m49s/Msamples
        1469000   -103253.3780        42.0      -103133.5645      -119.8134 17m49s/Msamples
        1470000   -103247.1001        42.0      -103135.5265      -111.5736 17m49s/Msamples
        1471000   -103249.0961        42.1      -103133.5016      -115.5945 17m49s/Msamples
        1472000   -103238.6224        42.1      -103125.6595      -112.9629 17m49s/Msamples
        1473000   -103233.1150        42.1      -103129.0538      -104.0612 17m49s/Msamples
        1474000   -103238.6036        42.2      -103128.9217      -109.6818 17m49s/Msamples
        1475000   -103245.3909        42.2      -103135.6027      -109.7881 17m50s/Msamples
        1476000   -103220.2623        42.2      -103122.0889       -98.1734 17m50s/Msamples
        1477000   -103229.9588        42.3      -103123.3570      -106.6017 17m50s/Msamples
        1478000   -103238.4373        42.3      -103131.7613      -106.6759 17m50s/Msamples
        1479000   -103242.7668        42.4      -103137.4123      -105.3544 17m50s/Msamples
        1480000   -103241.8527        42.4      -103137.1683      -104.6844 17m50s/Msamples
        1481000   -103236.2559        42.5      -103127.3711      -108.8847 17m50s/Msamples
        1482000   -103240.2674        42.5      -103131.0990      -109.1683 17m50s/Msamples
        1483000   -103231.1496        42.5      -103130.9856      -100.1639 17m50s/Msamples
        1484000   -103225.1106        42.6      -103119.3894      -105.7212 17m50s/Msamples
        1485000   -103232.3499        42.6      -103124.6746      -107.6752 17m50s/Msamples
        1486000   -103225.7721        42.6      -103116.4281      -109.3439 17m50s/Msamples
        1487000   -103217.1947        42.7      -103118.7584       -98.4362 17m50s/Msamples
        1488000   -103223.6877        42.8      -103123.9368       -99.7508 17m50s/Msamples
        1489000   -103229.3627        42.9      -103124.3995      -104.9631 17m50s/Msamples
        1490000   -103236.7284        42.9      -103127.8026      -108.9258 17m50s/Msamples
        1491000   -103241.0932        42.9      -103134.8585      -106.2347 17m50s/Msamples
        1492000   -103237.6224        42.9      -103136.3062      -101.3161 17m50s/Msamples
        1493000   -103234.3200        42.9      -103128.5766      -105.7434 17m50s/Msamples
        1494000   -103230.2141        43.0      -103123.3264      -106.8876 17m50s/Msamples
        1495000   -103224.6221        43.0      -103127.8351       -96.7870 17m50s/Msamples
        1496000   -103224.0914        43.1      -103124.1750       -99.9163 17m50s/Msamples
        1497000   -103233.5762        43.1      -103132.0209      -101.5553 17m50s/Msamples
        1498000   -103247.3188        43.1      -103134.2991      -113.0197 17m50s/Msamples
        1499000   -103241.5944        43.2      -103131.3941      -110.2003 17m50s/Msamples
        1500000   -103243.6663        43.2      -103128.9824      -114.6839 17m50s/Msamples
        1501000   -103237.5770        43.2      -103127.7021      -109.8748 17m50s/Msamples
        1502000   -103242.9929        43.2      -103132.4756      -110.5173 17m50s/Msamples
        1503000   -103245.6718        43.2      -103136.4806      -109.1912 17m50s/Msamples
        1504000   -103250.9791        43.2      -103133.6109      -117.3681 17m50s/Msamples
        1505000   -103250.4363        43.1      -103136.8091      -113.6271 17m50s/Msamples
        1506000   -103244.3666        43.1      -103129.3726      -114.9939 17m50s/Msamples
        1507000   -103252.9213        43.1      -103129.0732      -123.8481 17m50s/Msamples
        1508000   -103247.0543        43.0      -103135.5040      -111.5502 17m50s/Msamples
        1509000   -103244.9775        43.1      -103137.8844      -107.0931 17m50s/Msamples
        1510000   -103241.3526        43.0      -103131.5666      -109.7860 17m50s/Msamples
        1511000   -103240.3532        43.0      -103131.8784      -108.4747 17m50s/Msamples
        1512000   -103240.8961        43.0      -103131.9819      -108.9142 17m50s/Msamples
        1513000   -103252.3329        42.9      -103133.7502      -118.5826 17m50s/Msamples
        1514000   -103229.2384        42.9      -103126.3777      -102.8607 17m50s/Msamples
        1515000   -103227.1620        43.0      -103126.9320      -100.2299 17m50s/Msamples
        1516000   -103233.2632        43.0      -103126.2868      -106.9763 17m50s/Msamples
        1517000   -103225.4177        43.0      -103128.2317       -97.1859 17m50s/Msamples
        1518000   -103222.0229        43.1      -103129.8168       -92.2060 17m50s/Msamples
        1519000   -103233.9265        43.2      -103135.5464       -98.3801 17m50s/Msamples
        1520000   -103211.3291        43.4      -103126.5270       -84.8021 17m50s/Msamples
        1521000   -103212.6892        43.6      -103131.0265       -81.6627 17m50s/Msamples
        1522000   -103210.0650        43.8      -103127.7531       -82.3118 17m50s/Msamples
        1523000   -103208.3096        44.0      -103132.7353       -75.5742 17m50s/Msamples
        1524000   -103206.0451        44.2      -103128.1325       -77.9126 17m50s/Msamples
        1525000   -103209.6216        44.4      -103131.2377       -78.3839 17m50s/Msamples
        1526000   -103209.4571        44.5      -103133.6133       -75.8438 17m50s/Msamples
        1527000   -103208.2633        44.7      -103135.5012       -72.7620 17m50s/Msamples
        1528000   -103210.0125        44.9      -103129.6463       -80.3661 17m50s/Msamples
        1529000   -103222.3877        45.0      -103136.8362       -85.5515 17m50s/Msamples
        1530000   -103211.8734        45.1      -103123.2739       -88.5995 17m50s/Msamples
        1531000   -103219.6443        45.2      -103121.2214       -98.4228 17m50s/Msamples
        1532000   -103225.9007        45.2      -103126.9761       -98.9246 17m50s/Msamples
        1533000   -103223.6324        45.3      -103131.4491       -92.1832 17m50s/Msamples
        1534000   -103213.8674        45.4      -103126.4246       -87.4428 17m50s/Msamples
        1535000   -103215.0694        45.5      -103127.1653       -87.9041 17m50s/Msamples
        1536000   -103227.2251        45.5      -103138.2803       -88.9448 17m50s/Msamples
        1537000   -103209.7295        45.7      -103124.8498       -84.8797 17m50s/Msamples
        1538000   -103208.5372        45.8      -103120.8592       -87.6779 17m50s/Msamples
        1539000   -103200.9513        46.0      -103117.0575       -83.8937 17m50s/Msamples
        1540000   -103206.0290        46.2      -103117.1148       -88.9141 17m50s/Msamples
        1541000   -103217.3146        46.2      -103122.9374       -94.3772 17m50s/Msamples
        1542000   -103206.0594        46.4      -103122.0877       -83.9716 17m50s/Msamples
        1543000   -103199.4223        46.5      -103114.1446       -85.2776 17m50s/Msamples
        1544000   -103197.7957        46.7      -103116.0707       -81.7250 17m50s/Msamples
        1545000   -103213.1825        46.7      -103118.0108       -95.1717 17m50s/Msamples
        1546000   -103209.8517        46.8      -103123.4460       -86.4056 17m50s/Msamples
        1547000   -103217.0432        46.8      -103126.3428       -90.7003 17m50s/Msamples
        1548000   -103231.6546        46.9      -103135.5030       -96.1516 17m49s/Msamples
        1549000   -103233.5251        47.0      -103130.4246      -103.1004 17m49s/Msamples
        1550000   -103234.5901        47.0      -103133.7004      -100.8896 17m50s/Msamples
        1551000   -103235.4785        47.1      -103135.8138       -99.6646 17m50s/Msamples
        1552000   -103236.8556        47.1      -103137.7961       -99.0594 17m49s/Msamples
        1553000   -103227.9463        47.1      -103135.0175       -92.9288 17m49s/Msamples
        1554000   -103234.0484        47.2      -103129.6939      -104.3545 17m49s/Msamples
        1555000   -103221.4404        47.2      -103131.2011       -90.2392 17m49s/Msamples
        1556000   -103228.0684        47.2      -103129.7527       -98.3157 17m49s/Msamples
        1557000   -103222.4536        47.3      -103125.5535       -96.9000 17m49s/Msamples
        1558000   -103234.9878        47.3      -103127.3623      -107.6254 17m49s/Msamples
        1559000   -103215.3376        47.4      -103124.3873       -90.9503 17m49s/Msamples
        1560000   -103228.5926        47.4      -103125.6272      -102.9653 17m49s/Msamples
        1561000   -103242.3120        47.5      -103139.4577      -102.8542 17m49s/Msamples
        1562000   -103233.0550        47.5      -103135.3447       -97.7103 17m49s/Msamples
        1563000   -103236.2986        47.6      -103134.3572      -101.9414 17m49s/Msamples
        1564000   -103214.1471        47.6      -103122.5161       -91.6310 17m49s/Msamples
        1565000   -103210.3058        47.7      -103118.1989       -92.1069 17m49s/Msamples
        1566000   -103233.9935        47.7      -103131.6568      -102.3366 17m49s/Msamples
        1567000   -103228.3319        47.8      -103130.8725       -97.4594 17m49s/Msamples
        1568000   -103222.9586        47.8      -103134.8537       -88.1048 17m49s/Msamples
        1569000   -103225.7290        47.8      -103129.4865       -96.2425 17m49s/Msamples
        1570000   -103220.2081        47.9      -103123.7060       -96.5020 17m49s/Msamples
        1571000   -103214.8967        47.9      -103123.6688       -91.2279 17m49s/Msamples
        1572000   -103216.9273        47.9      -103122.9438       -93.9835 17m49s/Msamples
        1573000   -103204.9279        48.0      -103119.5461       -85.3817 17m49s/Msamples
        1574000   -103210.4586        48.0      -103120.7569       -89.7016 17m49s/Msamples
        1575000   -103203.4961        48.0      -103114.4620       -89.0341 17m49s/Msamples
        1576000   -103209.6893        48.0      -103117.7808       -91.9084 17m49s/Msamples
        1577000   -103213.7780        48.1      -103123.7740       -90.0040 17m49s/Msamples
        1578000   -103210.7961        48.1      -103125.9378       -84.8583 17m49s/Msamples
        1579000   -103209.6215        48.1      -103124.0037       -85.6177 17m49s/Msamples
        1580000   -103206.1842        48.1      -103121.8680       -84.3161 17m49s/Msamples
        1581000   -103213.6503        48.1      -103129.4322       -84.2180 17m49s/Msamples
        1582000   -103195.8480        48.0      -103121.4023       -74.4457 17m49s/Msamples
        1583000   -103201.3203        48.0      -103124.1084       -77.2118 17m49s/Msamples
        1584000   -103193.5860        48.0      -103120.8262       -72.7598 17m49s/Msamples
        1585000   -103193.8735        47.9      -103118.3503       -75.5232 17m49s/Msamples
        1586000   -103196.5405        47.8      -103120.9611       -75.5793 17m49s/Msamples
        1587000   -103217.8275        47.8      -103133.7611       -84.0664 17m49s/Msamples
        1588000   -103207.7898        47.7      -103123.7978       -83.9920 17m49s/Msamples
        1589000   -103225.2209        47.7      -103131.5478       -93.6731 17m49s/Msamples
        1590000   -103229.7737        47.8      -103131.0338       -98.7399 17m49s/Msamples
        1591000   -103225.7573        47.8      -103138.5606       -87.1966 17m49s/Msamples
        1592000   -103225.5167        47.8      -103132.0815       -93.4352 17m49s/Msamples
        1593000   -103231.3218        47.9      -103131.9730       -99.3488 17m49s/Msamples
        1594000   -103233.2252        47.9      -103136.8291       -96.3960 17m49s/Msamples
        1595000   -103240.5706        48.1      -103135.5187      -105.0518 17m49s/Msamples
        1596000   -103248.7261        48.3      -103135.5390      -113.1870 17m49s/Msamples
        1597000   -103229.3441        48.3      -103131.3362       -98.0078 17m49s/Msamples
        1598000   -103236.8489        48.4      -103137.5270       -99.3219 17m49s/Msamples
        1599000   -103241.7243        48.6      -103139.8636      -101.8606 17m49s/Msamples
        1600000   -103231.9191        48.6      -103137.4031       -94.5159 17m49s/Msamples
        1601000   -103219.8051        48.6      -103126.9843       -92.8207 17m49s/Msamples
        1602000   -103228.7445        48.7      -103130.9523       -97.7921 17m49s/Msamples
        1603000   -103226.4068        48.7      -103128.6661       -97.7406 17m49s/Msamples
        1604000   -103228.0838        48.7      -103133.9646       -94.1192 17m49s/Msamples
        1605000   -103235.4309        48.8      -103129.6711      -105.7597 17m49s/Msamples
        1606000   -103227.7235        48.8      -103127.4674      -100.2560 17m49s/Msamples
        1607000   -103222.2750        48.8      -103123.9414       -98.3336 17m49s/Msamples
        1608000   -103209.0885        48.8      -103126.9846       -82.1039 17m49s/Msamples
        1609000   -103221.9575        48.8      -103130.7321       -91.2253 17m49s/Msamples
        1610000   -103228.6699        48.9      -103131.2574       -97.4125 17m49s/Msamples
        1611000   -103223.0426        48.9      -103134.2097       -88.8328 17m49s/Msamples
        1612000   -103208.3285        48.8      -103128.5817       -79.7468 17m49s/Msamples
        1613000   -103200.4796        48.8      -103122.2353       -78.2443 17m49s/Msamples
        1614000   -103205.6220        48.8      -103124.3655       -81.2565 17m49s/Msamples
        1615000   -103209.9399        48.8      -103127.5489       -82.3910 17m49s/Msamples
        1616000   -103225.9728        48.8      -103133.6827       -92.2900 17m49s/Msamples
        1617000   -103212.5755        48.8      -103131.8294       -80.7460 17m49s/Msamples
        1618000   -103216.9747        48.8      -103129.3491       -87.6255 17m49s/Msamples
        1619000   -103214.5371        48.8      -103128.1529       -86.3842 17m49s/Msamples
        1620000   -103197.0808        48.8      -103128.8271       -68.2536 17m49s/Msamples
        1621000   -103200.6446        48.8      -103129.1671       -71.4775 17m49s/Msamples
        1622000   -103213.4109        48.7      -103133.8418       -79.5691 17m49s/Msamples
        1623000   -103221.0653        48.7      -103136.9350       -84.1303 17m49s/Msamples
        1624000   -103231.2998        48.8      -103133.6625       -97.6372 17m49s/Msamples
        1625000   -103222.4637        48.8      -103135.5785       -86.8851 17m49s/Msamples
        1626000   -103203.1030        48.8      -103129.8567       -73.2463 17m49s/Msamples
        1627000   -103215.2151        48.8      -103133.2506       -81.9644 17m49s/Msamples
        1628000   -103207.1015        48.7      -103134.1308       -72.9707 17m49s/Msamples
        1629000   -103212.1796        48.6      -103134.1782       -78.0014 17m49s/Msamples
        1630000   -103216.7466        48.6      -103137.3716       -79.3749 17m49s/Msamples
        1631000   -103208.8366        48.6      -103135.8063       -73.0302 17m49s/Msamples
        1632000   -103217.7205        48.5      -103133.6808       -84.0397 17m49s/Msamples
        1633000   -103223.7196        48.5      -103130.4630       -93.2566 17m49s/Msamples
        1634000   -103219.2814        48.5      -103128.6258       -90.6555 17m49s/Msamples
        1635000   -103239.3286        48.6      -103135.4616      -103.8669 17m49s/Msamples
        1636000   -103238.8715        48.8      -103135.3483      -103.5232 17m49s/Msamples
        1637000   -103240.8682        48.9      -103130.9202      -109.9480 17m49s/Msamples
        1638000   -103224.4244        48.9      -103136.9981       -87.4262 17m49s/Msamples
        1639000   -103224.5351        48.8      -103136.5262       -88.0089 17m49s/Msamples
        1640000   -103225.1300        48.9      -103139.9562       -85.1737 17m49s/Msamples
        1641000   -103204.1497        48.8      -103132.3142       -71.8355 17m49s/Msamples
        1642000   -103218.7739        48.8      -103130.1384       -88.6354 17m49s/Msamples
        1643000   -103223.0658        48.8      -103127.6769       -95.3888 17m49s/Msamples
        1644000   -103234.4613        48.9      -103132.9223      -101.5389 17m49s/Msamples
        1645000   -103243.3372        49.0      -103138.3247      -105.0125 17m49s/Msamples
        1646000   -103234.4858        49.1      -103136.8672       -97.6185 17m49s/Msamples
        1647000   -103234.2171        49.2      -103142.9422       -91.2748 17m49s/Msamples
        1648000   -103230.0449        49.2      -103141.4677       -88.5772 17m49s/Msamples
        1649000   -103230.1391        49.2      -103139.8078       -90.3313 17m49s/Msamples
        1650000   -103253.6974        49.5      -103145.8666      -107.8307 17m49s/Msamples
        1651000   -103245.5777        49.6      -103143.4854      -102.0922 17m49s/Msamples
        1652000   -103238.5726        49.7      -103134.7546      -103.8180 17m49s/Msamples
        1653000   -103223.9349        49.8      -103135.2431       -88.6918 17m49s/Msamples
        1654000   -103217.5640        49.8      -103132.0233       -85.5406 17m49s/Msamples
        1655000   -103214.8976        49.7      -103130.0276       -84.8700 17m49s/Msamples
        1656000   -103211.2389        49.7      -103129.8263       -81.4125 17m49s/Msamples
        1657000   -103217.4817        49.7      -103129.7052       -87.7765 17m49s/Msamples
        1658000   -103213.3651        49.7      -103130.2557       -83.1093 17m48s/Msamples
        1659000   -103217.9397        49.7      -103142.3707       -75.5689 17m48s/Msamples
        1660000   -103219.2416        49.7      -103135.5135       -83.7280 17m48s/Msamples
        1661000   -103227.4139        49.7      -103140.9885       -86.4254 17m48s/Msamples
        1662000   -103219.3594        49.8      -103135.8535       -83.5059 17m48s/Msamples
        1663000   -103216.5373        49.8      -103138.6427       -77.8945 17m48s/Msamples
        1664000   -103207.5026        49.8      -103130.7734       -76.7291 17m48s/Msamples
        1665000   -103205.8439        49.8      -103132.7937       -73.0502 17m48s/Msamples
        1666000   -103205.0414        49.8      -103128.4156       -76.6257 17m48s/Msamples
        1667000   -103208.4372        49.8      -103131.9513       -76.4858 17m48s/Msamples
        1668000   -103214.2881        49.8      -103135.0780       -79.2101 17m48s/Msamples
        1669000   -103201.6731        49.8      -103124.2422       -77.4309 17m48s/Msamples
        1670000   -103205.9283        49.8      -103130.0256       -75.9027 17m48s/Msamples
        1671000   -103199.0211        49.8      -103126.6402       -72.3809 17m48s/Msamples
        1672000   -103207.2518        49.8      -103127.8718       -79.3799 17m48s/Msamples
        1673000   -103206.7151        49.8      -103121.4816       -85.2335 17m48s/Msamples
        1674000   -103212.5029        49.8      -103126.6510       -85.8518 17m48s/Msamples
        1675000   -103212.3964        49.7      -103129.4421       -82.9543 17m48s/Msamples
        1676000   -103214.9033        49.7      -103126.9810       -87.9222 17m48s/Msamples
        1677000   -103210.3186        49.7      -103127.1203       -83.1982 17m48s/Msamples
        1678000   -103210.6214        49.6      -103123.4328       -87.1885 17m49s/Msamples
        1679000   -103219.6610        49.6      -103126.7845       -92.8764 17m49s/Msamples
        1680000   -103225.6039        49.6      -103127.9595       -97.6443 17m48s/Msamples
        1681000   -103234.8483        49.7      -103130.0068      -104.8415 17m48s/Msamples
        1682000   -103222.9523        49.7      -103126.2249       -96.7274 17m49s/Msamples
        1683000   -103212.8164        49.7      -103129.5351       -83.2813 17m49s/Msamples
        1684000   -103214.3037        49.6      -103130.7843       -83.5194 17m49s/Msamples
        1685000   -103229.1535        49.7      -103134.8049       -94.3485 17m49s/Msamples
        1686000   -103237.4316        49.8      -103146.0227       -91.4089 17m49s/Msamples
        1687000   -103240.9370        49.9      -103141.7863       -99.1506 17m49s/Msamples
        1688000   -103228.8330        49.9      -103130.0549       -98.7781 17m49s/Msamples
        1689000   -103232.5927        50.0      -103138.6838       -93.9089 17m49s/Msamples
        1690000   -103221.8697        50.0      -103134.0876       -87.7820 17m49s/Msamples
        1691000   -103237.7323        50.1      -103138.1295       -99.6027 17m49s/Msamples
        1692000   -103232.1324        50.1      -103140.5429       -91.5894 17m49s/Msamples
        1693000   -103223.5649        50.2      -103132.0635       -91.5013 17m49s/Msamples
        1694000   -103221.5235        50.2      -103124.7451       -96.7784 17m49s/Msamples
        1695000   -103218.4513        50.2      -103128.9503       -89.5010 17m49s/Msamples
        1696000   -103213.5398        50.2      -103126.1735       -87.3663 17m49s/Msamples
        1697000   -103208.4246        50.1      -103130.6207       -77.8039 17m49s/Msamples
        1698000   -103207.5753        50.1      -103127.0458       -80.5295 17m49s/Msamples
        1699000   -103209.9147        50.1      -103122.7774       -87.1373 17m49s/Msamples
        1700000   -103197.1797        50.1      -103120.8745       -76.3051 17m49s/Msamples
        1701000   -103207.1698        50.1      -103127.9050       -79.2648 17m49s/Msamples
        1702000   -103197.2027        50.1      -103126.1519       -71.0507 17m49s/Msamples
        1703000   -103198.4681        50.1      -103131.5252       -66.9429 17m49s/Msamples
        1704000   -103188.1318        50.1      -103127.1285       -61.0032 17m49s/Msamples
        1705000   -103191.5254        50.1      -103127.0148       -64.5106 17m49s/Msamples
        1706000   -103194.8328        50.1      -103123.1966       -71.6362 17m49s/Msamples
        1707000   -103201.4465        50.1      -103123.9306       -77.5158 17m49s/Msamples
        1708000   -103211.2212        50.0      -103125.7703       -85.4508 17m49s/Msamples
        1709000   -103210.0179        49.9      -103132.0142       -78.0037 17m48s/Msamples
        1710000   -103220.1584        49.9      -103131.4976       -88.6607 17m49s/Msamples
        1711000   -103228.0864        49.9      -103129.1966       -98.8898 17m49s/Msamples
        1712000   -103223.8628        50.0      -103135.6992       -88.1636 17m49s/Msamples
        1713000   -103217.9052        49.9      -103134.0459       -83.8592 17m49s/Msamples
        1714000   -103207.0979        49.9      -103130.8866       -76.2113 17m49s/Msamples
        1715000   -103198.1468        49.8      -103131.0684       -67.0784 17m49s/Msamples
        1716000   -103202.5409        49.8      -103134.1904       -68.3505 17m49s/Msamples
        1717000   -103184.9439        49.7      -103125.4976       -59.4463 17m49s/Msamples
        1718000   -103176.1260        49.7      -103125.4848       -50.6411 17m49s/Msamples
        1719000   -103177.5422        49.7      -103125.4002       -52.1420 17m49s/Msamples
        1720000   -103183.2203        49.6      -103120.2576       -62.9626 17m49s/Msamples
        1721000   -103180.3401        49.5      -103121.3565       -58.9836 17m49s/Msamples
        1722000   -103200.9905        49.4      -103127.2860       -73.7044 17m49s/Msamples
        1723000   -103208.7726        49.3      -103133.5798       -75.1928 17m49s/Msamples
        1724000   -103209.5873        49.2      -103128.1718       -81.4155 17m49s/Msamples
        1725000   -103202.9555        49.1      -103125.0181       -77.9373 17m49s/Msamples
        1726000   -103210.3627        49.0      -103136.0652       -74.2974 17m49s/Msamples
        1727000   -103198.9192        48.9      -103129.2159       -69.7033 17m49s/Msamples
        1728000   -103198.5682        48.7      -103127.2948       -71.2734 17m49s/Msamples
        1729000   -103202.4191        48.5      -103130.4852       -71.9338 17m49s/Msamples
        1730000   -103194.1622        48.4      -103123.1460       -71.0162 17m49s/Msamples
        1731000   -103186.6959        48.2      -103123.9034       -62.7925 17m49s/Msamples
        1732000   -103186.3552        48.0      -103121.3085       -65.0467 17m49s/Msamples
        1733000   -103198.3632        47.8      -103128.2010       -70.1621 17m49s/Msamples
        1734000   -103203.8243        47.7      -103131.2759       -72.5483 17m49s/Msamples
        1735000   -103200.2229        47.5      -103128.7305       -71.4924 17m49s/Msamples
        1736000   -103200.0149        47.4      -103127.0632       -72.9517 17m49s/Msamples
        1737000   -103192.7150        47.2      -103126.3816       -66.3334 17m49s/Msamples
        1738000   -103198.6606        47.0      -103128.2488       -70.4118 17m49s/Msamples
        1739000   -103203.8645        46.8      -103132.2076       -71.6568 17m49s/Msamples
        1740000   -103210.8339        46.7      -103125.6690       -85.1649 17m49s/Msamples
        1741000   -103204.6975        46.6      -103122.5774       -82.1200 17m49s/Msamples
        1742000   -103207.6341        46.4      -103121.9133       -85.7207 17m49s/Msamples
        1743000   -103212.7126        46.3      -103125.0824       -87.6301 17m49s/Msamples
        1744000   -103214.3602        46.2      -103122.0797       -92.2804 17m49s/Msamples
        1745000   -103229.9096        46.3      -103129.9680       -99.9416 17m49s/Msamples
        1746000   -103204.4779        46.2      -103121.6683       -82.8095 17m49s/Msamples
        1747000   -103199.9602        46.0      -103129.6617       -70.2985 17m49s/Msamples
        1748000   -103194.8806        45.8      -103123.2798       -71.6007 17m49s/Msamples
        1749000   -103194.3079        45.7      -103122.0629       -72.2450 17m49s/Msamples
        1750000   -103205.3331        45.5      -103122.5128       -82.8203 17m49s/Msamples
        1751000   -103201.3302        45.4      -103129.9869       -71.3433 17m49s/Msamples
        1752000   -103204.9000        45.2      -103129.9212       -74.9787 17m49s/Msamples
        1753000   -103213.3180        45.1      -103133.0763       -80.2417 17m49s/Msamples
        1754000   -103201.2979        45.0      -103131.9762       -69.3217 17m49s/Msamples
        1755000   -103196.9422        44.8      -103127.9591       -68.9830 17m49s/Msamples
        1756000   -103197.2742        44.7      -103127.6747       -69.5995 17m49s/Msamples
        1757000   -103195.6291        44.5      -103128.7903       -66.8387 17m49s/Msamples
        1758000   -103195.7916        44.3      -103132.1526       -63.6390 17m49s/Msamples
        1759000   -103204.5977        44.2      -103129.0642       -75.5335 17m49s/Msamples
        1760000   -103190.1281        44.0      -103131.4644       -58.6636 17m49s/Msamples
        1761000   -103199.9387        43.8      -103136.2987       -63.6399 17m49s/Msamples
        1762000   -103202.5970        43.7      -103140.4635       -62.1334 17m49s/Msamples
        1763000   -103209.0718        43.5      -103143.4643       -65.6075 17m49s/Msamples
        1764000   -103206.5922        43.4      -103136.9947       -69.5974 17m49s/Msamples
        1765000   -103202.4009        43.3      -103134.9054       -67.4954 17m49s/Msamples
        1766000   -103199.1895        43.1      -103139.7781       -59.4114 17m49s/Msamples
        1767000   -103187.2585        42.9      -103126.2363       -61.0221 17m49s/Msamples
        1768000   -103188.8330        42.6      -103138.7477       -50.0852 17m49s/Msamples
        1769000   -103178.5832        42.4      -103121.3777       -57.2055 17m49s/Msamples
        1770000   -103192.1170        42.1      -103126.2948       -65.8222 17m49s/Msamples
        1771000   -103191.7206        41.9      -103126.2993       -65.4212 17m49s/Msamples
        1772000   -103179.1606        41.7      -103123.3897       -55.7709 17m49s/Msamples
        1773000   -103192.3121        41.4      -103125.9445       -66.3676 17m49s/Msamples
        1774000   -103202.3864        41.3      -103130.3315       -72.0548 17m49s/Msamples
        1775000   -103215.9477        41.2      -103134.4047       -81.5429 17m48s/Msamples
        1776000   -103215.2838        41.1      -103135.8866       -79.3971 17m48s/Msamples
        1777000   -103231.7736        41.2      -103138.0288       -93.7448 17m48s/Msamples
        1778000   -103242.0985        41.4      -103142.8152       -99.2833 17m48s/Msamples
        1779000   -103239.1251        41.6      -103137.4430      -101.6821 17m48s/Msamples
        1780000   -103236.2664        41.7      -103141.9699       -94.2964 17m49s/Msamples
        1781000   -103220.5903        41.7      -103135.9030       -84.6873 17m49s/Msamples
        1782000   -103223.5781        41.6      -103133.0725       -90.5055 17m49s/Msamples
        1783000   -103219.5059        41.6      -103130.5445       -88.9613 17m49s/Msamples
        1784000   -103234.9001        41.7      -103129.8564      -105.0436 17m49s/Msamples
        1785000   -103211.0909        41.6      -103131.7504       -79.3405 17m49s/Msamples
        1786000   -103208.0172        41.5      -103132.1566       -75.8605 17m49s/Msamples
        1787000   -103211.8501        41.4      -103129.0559       -82.7942 17m49s/Msamples
        1788000   -103217.5809        41.4      -103138.6513       -78.9296 17m49s/Msamples
        1789000   -103214.9353        41.3      -103142.2661       -72.6691 17m49s/Msamples
        1790000   -103217.0750        41.3      -103140.2652       -76.8098 17m49s/Msamples
        1791000   -103222.3589        41.2      -103133.8454       -88.5135 17m49s/Msamples
        1792000   -103226.1295        41.3      -103129.2452       -96.8842 17m49s/Msamples
        1793000   -103219.9228        41.2      -103129.8701       -90.0526 17m49s/Msamples
        1794000   -103222.8883        41.2      -103132.2085       -90.6797 17m49s/Msamples
        1795000   -103223.5569        41.2      -103137.2745       -86.2823 17m49s/Msamples
        1796000   -103221.4502        41.2      -103132.6215       -88.8286 17m49s/Msamples
        1797000   -103243.8827        41.4      -103139.4256      -104.4570 17m49s/Msamples
        1798000   -103225.9103        41.4      -103133.1271       -92.7832 17m49s/Msamples
        1799000   -103229.6521        41.5      -103139.3421       -90.3100 17m49s/Msamples
        1800000   -103232.3951        41.5      -103137.7463       -94.6487 17m49s/Msamples
        1801000   -103221.6820        41.5      -103131.3509       -90.3310 17m49s/Msamples
        1802000   -103224.6583        41.5      -103129.8068       -94.8515 17m49s/Msamples
        1803000   -103229.1031        41.6      -103133.4607       -95.6423 17m49s/Msamples
        1804000   -103214.0410        41.5      -103132.3480       -81.6929 17m49s/Msamples
        1805000   -103213.5308        41.5      -103131.4567       -82.0740 17m49s/Msamples
        1806000   -103211.9844        41.4      -103136.7850       -75.1993 17m49s/Msamples
        1807000   -103213.0433        41.4      -103122.7667       -90.2765 17m48s/Msamples
        1808000   -103217.6762        41.4      -103130.8045       -86.8716 17m48s/Msamples
        1809000   -103226.7796        41.4      -103135.4771       -91.3024 17m49s/Msamples
        1810000   -103226.5439        41.4      -103128.4204       -98.1235 17m49s/Msamples
        1811000   -103219.4840        41.4      -103128.3235       -91.1604 17m49s/Msamples
        1812000   -103215.6451        41.4      -103136.0808       -79.5642 17m49s/Msamples
        1813000   -103213.7157        41.3      -103133.9285       -79.7872 17m49s/Msamples
        1814000   -103212.1423        41.3      -103127.5348       -84.6074 17m49s/Msamples
        1815000   -103217.6346        41.3      -103128.5567       -89.0778 17m49s/Msamples
        1816000   -103208.8563        41.2      -103126.8683       -81.9880 17m49s/Msamples
        1817000   -103211.6862        41.2      -103130.6311       -81.0551 17m49s/Msamples
        1818000   -103220.7427        41.2      -103136.0450       -84.6976 17m49s/Msamples
        1819000   -103228.5615        41.2      -103136.7673       -91.7942 17m49s/Msamples
        1820000   -103219.3653        41.2      -103124.7460       -94.6192 17m49s/Msamples
        1821000   -103223.0109        41.2      -103129.1110       -93.8998 17m49s/Msamples
        1822000   -103242.7463        41.3      -103134.2950      -108.4512 17m49s/Msamples
        1823000   -103229.3556        41.4      -103130.9477       -98.4078 17m49s/Msamples
        1824000   -103232.0372        41.4      -103133.4233       -98.6138 17m49s/Msamples
        1825000   -103235.2064        41.5      -103132.2137      -102.9927 17m49s/Msamples
        1826000   -103232.5665        41.6      -103134.8375       -97.7289 17m49s/Msamples
        1827000   -103222.4473        41.6      -103136.1743       -86.2729 17m49s/Msamples
        1828000   -103218.8689        41.6      -103137.8012       -81.0676 17m49s/Msamples
        1829000   -103215.3892        41.5      -103141.4768       -73.9123 17m49s/Msamples
        1830000   -103205.7062        41.5      -103135.3917       -70.3144 17m49s/Msamples
        1831000   -103201.3310        41.3      -103138.2491       -63.0819 17m49s/Msamples
        1832000   -103205.3232        41.2      -103131.7622       -73.5610 17m49s/Msamples
        1833000   -103208.3071        41.2      -103130.1216       -78.1854 17m49s/Msamples
        1834000   -103219.2079        41.1      -103139.3617       -79.8462 17m49s/Msamples
        1835000   -103212.8729        41.1      -103137.7035       -75.1694 17m49s/Msamples
        1836000   -103197.5850        41.1      -103132.7177       -64.8672 17m49s/Msamples
        1837000   -103193.5602        41.0      -103127.1989       -66.3612 17m49s/Msamples
        1838000   -103204.4675        40.9      -103133.7796       -70.6878 17m49s/Msamples
        1839000   -103196.2463        40.9      -103130.4677       -65.7785 17m49s/Msamples
        1840000   -103196.6940        27.8      -103130.2767       -66.4172 17m49s/Msamples
        1841000   -103194.3442        27.6      -103127.3458       -66.9984 17m49s/Msamples
        1842000   -103193.7706        27.5      -103131.3854       -62.3851 17m49s/Msamples
        1843000   -103193.0772        27.3      -103127.5265       -65.5506 17m49s/Msamples
        1844000   -103185.2599        27.2      -103121.9620       -63.2979 17m49s/Msamples
        1845000   -103177.1348        27.0      -103121.5697       -55.5650 17m49s/Msamples
        1846000   -103174.2469        26.8      -103121.0412       -53.2057 17m49s/Msamples
        1847000   -103179.9808        26.6      -103131.3940       -48.5867 17m49s/Msamples
        1848000   -103183.7537        26.5      -103122.0978       -61.6559 17m49s/Msamples
        1849000   -103171.7138        26.3      -103114.2683       -57.4455 17m49s/Msamples
        1850000   -103179.8845        26.2      -103122.8797       -57.0048 17m49s/Msamples
        1851000   -103171.9100        26.0      -103118.5176       -53.3924 17m49s/Msamples
        1852000   -103179.0962        25.8      -103120.1752       -58.9209 17m49s/Msamples
        1853000   -103170.8029        25.6      -103116.4355       -54.3673 17m49s/Msamples
        1854000   -103182.5843        25.5      -103116.8223       -65.7620 17m49s/Msamples
        1855000   -103197.0817        25.3      -103124.9687       -72.1129 17m49s/Msamples
        1856000   -103186.6499        25.2      -103113.4957       -73.1542 17m49s/Msamples
        1857000   -103187.5717        25.0      -103118.2465       -69.3252 17m49s/Msamples
        1858000   -103185.6202        24.9      -103114.6679       -70.9522 17m49s/Msamples
        1859000   -103187.2248        24.8      -103119.7440       -67.4807 17m49s/Msamples
        1860000   -103192.2545        24.6      -103121.8501       -70.4044 17m49s/Msamples
        1861000   -103185.8304        24.5      -103114.0120       -71.8183 17m49s/Msamples
        1862000   -103205.4221        24.4      -103128.6007       -76.8214 17m49s/Msamples
        1863000   -103201.1819        24.3      -103119.2223       -81.9596 17m49s/Msamples
        1864000   -103196.0434        24.2      -103118.0272       -78.0162 17m49s/Msamples
        1865000   -103194.0780        24.1      -103117.1385       -76.9395 17m49s/Msamples
        1866000   -103179.2716        23.9      -103112.1484       -67.1232 17m49s/Msamples
        1867000   -103183.5053        23.8      -103111.5831       -71.9222 17m49s/Msamples
        1868000   -103181.7046        23.6      -103115.5291       -66.1755 17m49s/Msamples
        1869000   -103189.2356        23.5      -103124.9779       -64.2577 17m49s/Msamples
        1870000   -103179.1234        23.3      -103117.1162       -62.0071 17m49s/Msamples
        1871000   -103190.4533        23.2      -103118.7793       -71.6739 17m49s/Msamples
        1872000   -103194.1745        23.1      -103122.2576       -71.9169 17m49s/Msamples
        1873000   -103192.6466        23.0      -103128.2590       -64.3876 17m49s/Msamples
        1874000   -103194.7994        22.9      -103127.0814       -67.7180 17m49s/Msamples
        1875000   -103198.9604        22.8      -103127.4689       -71.4915 17m49s/Msamples
        1876000   -103193.2958        22.7      -103118.8272       -74.4685 17m49s/Msamples
        1877000   -103204.7618        22.6      -103120.4730       -84.2887 17m49s/Msamples
        1878000   -103204.9674        22.5      -103126.0602       -78.9072 17m49s/Msamples
        1879000   -103206.9848        22.4      -103123.6467       -83.3381 17m49s/Msamples
        1880000   -103201.1198        22.4      -103121.8496       -79.2702 17m49s/Msamples
        1881000   -103199.9913        22.3      -103119.8525       -80.1388 17m49s/Msamples
        1882000   -103199.9958        22.2      -103114.4900       -85.5057 17m49s/Msamples
        1883000   -103193.8922        22.1      -103113.7052       -80.1869 17m49s/Msamples
        1884000   -103190.9250        22.0      -103114.9019       -76.0231 17m49s/Msamples
        1885000   -103211.6516        21.9      -103119.3554       -92.2962 17m49s/Msamples
        1886000   -103199.6419        21.8      -103117.8698       -81.7721 17m49s/Msamples
        1887000   -103200.6548        21.7      -103118.2084       -82.4464 17m49s/Msamples
        1888000   -103211.1397        21.7      -103119.5943       -91.5453 17m49s/Msamples
        1889000   -103215.4685        21.7      -103122.6930       -92.7755 17m49s/Msamples
        1890000   -103204.4068        21.6      -103122.3984       -82.0083 17m48s/Msamples
        1891000   -103201.6614        21.5      -103123.9335       -77.7278 17m48s/Msamples
        1892000   -103205.0268        21.4      -103118.5065       -86.5203 17m48s/Msamples
        1893000   -103205.6582        21.4      -103124.0798       -81.5783 17m48s/Msamples
        1894000   -103207.4888        21.3      -103124.7500       -82.7388 17m48s/Msamples
        1895000   -103207.9317        21.2      -103124.3573       -83.5744 17m48s/Msamples
        1896000   -103198.2820        21.2      -103123.5941       -74.6879 17m48s/Msamples
        1897000   -103204.0346        21.1      -103123.5242       -80.5104 17m48s/Msamples
        1898000   -103206.8047        21.0      -103120.7077       -86.0970 17m48s/Msamples
        1899000   -103206.2628        20.9      -103124.3631       -81.8997 17m48s/Msamples
        1900000   -103217.2596        20.9      -103121.5160       -95.7435 17m48s/Msamples
        1901000   -103217.0856        20.9      -103125.1074       -91.9782 17m48s/Msamples
        1902000   -103207.0415        20.8      -103121.6734       -85.3681 17m48s/Msamples
        1903000   -103201.9359        20.8      -103118.7458       -83.1901 17m48s/Msamples
        1904000   -103208.1542        20.7      -103123.1869       -84.9673 17m48s/Msamples
        1905000   -103206.6704        20.6      -103119.8187       -86.8517 17m48s/Msamples
        1906000   -103217.2284        20.6      -103125.3201       -91.9083 17m48s/Msamples
        1907000   -103215.2036        20.6      -103123.9650       -91.2386 17m48s/Msamples
        1908000   -103203.7209        20.5      -103117.6386       -86.0822 17m48s/Msamples
        1909000   -103197.7940        20.4      -103122.1596       -75.6343 17m48s/Msamples
        1910000   -103201.3909        20.3      -103120.2318       -81.1590 17m48s/Msamples
        1911000   -103206.1996        20.3      -103128.1174       -78.0821 17m48s/Msamples
        1912000   -103197.5218        20.2      -103121.9528       -75.5689 17m48s/Msamples
        1913000   -103202.9102        20.1      -103128.4273       -74.4829 17m48s/Msamples
        1914000   -103218.4647        20.1      -103131.3662       -87.0985 17m48s/Msamples
        1915000   -103219.7207        20.1      -103131.4417       -88.2789 17m48s/Msamples
        1916000   -103217.3198        20.1      -103128.4463       -88.8734 17m48s/Msamples
        1917000   -103229.2256        20.1      -103131.0978       -98.1278 17m48s/Msamples
        1918000   -103218.9892        20.1      -103132.4353       -86.5539 17m48s/Msamples
        1919000   -103231.5630        20.1      -103136.1591       -95.4038 17m48s/Msamples
        1920000   -103230.7073        20.2      -103135.4439       -95.2633 17m48s/Msamples
        1921000   -103234.8538        20.2      -103133.9192      -100.9346 17m48s/Msamples
        1922000   -103240.2019        20.3      -103135.5321      -104.6698 17m48s/Msamples
        1923000   -103234.7441        20.4      -103137.8938       -96.8502 17m48s/Msamples
        1924000   -103226.9264        20.4      -103137.3331       -89.5932 17m48s/Msamples
        1925000   -103212.3244        20.4      -103126.9672       -85.3571 17m48s/Msamples
        1926000   -103213.9927        20.3      -103134.0385       -79.9542 17m48s/Msamples
        1927000   -103228.3188        20.4      -103141.1525       -87.1662 17m48s/Msamples
        1928000   -103240.3489        20.5      -103147.5134       -92.8354 17m48s/Msamples
        1929000   -103241.2660        20.5      -103143.7133       -97.5526 17m48s/Msamples
        1930000   -103245.7705        20.7      -103142.3557      -103.4148 17m48s/Msamples
        1931000   -103250.8656        20.8      -103138.5578      -112.3078 17m48s/Msamples
        1932000   -103251.8821        21.0      -103140.6825      -111.1995 17m48s/Msamples
        1933000   -103247.8182        21.1      -103138.5471      -109.2710 17m48s/Msamples
        1934000   -103248.6984        21.3      -103138.7106      -109.9878 17m48s/Msamples
        1935000   -103246.8131        21.4      -103136.6258      -110.1872 17m48s/Msamples
        1936000   -103250.3128        21.5      -103140.4878      -109.8250 17m48s/Msamples
        1937000   -103258.8823        21.8      -103137.8012      -121.0811 17m48s/Msamples
        1938000   -103245.3137        21.9      -103137.1300      -108.1836 17m48s/Msamples
        1939000   -103230.1646        21.9      -103125.9698      -104.1947 17m48s/Msamples
        1940000   -103232.9810        22.0      -103126.6772      -106.3037 17m48s/Msamples
        1941000   -103219.7134        21.9      -103120.3254       -99.3879 17m48s/Msamples
        1942000   -103219.3164        21.9      -103125.6525       -93.6639 17m48s/Msamples
        1943000   -103221.3843        21.9      -103123.8763       -97.5080 17m48s/Msamples
        1944000   -103218.5198        21.9      -103123.5399       -94.9798 17m48s/Msamples
        1945000   -103217.0599        21.9      -103120.7432       -96.3167 17m48s/Msamples
        1946000   -103211.5109        21.8      -103118.5584       -92.9524 17m48s/Msamples
        1947000   -103199.3657        21.8      -103112.9399       -86.4257 17m48s/Msamples
        1948000   -103196.3593        21.7      -103111.6797       -84.6795 17m48s/Msamples
        1949000   -103188.7273        21.6      -103105.4791       -83.2482 17m48s/Msamples
        1950000   -103191.6664        21.5      -103112.5923       -79.0741 17m48s/Msamples
        1951000   -103198.0080        21.4      -103118.0071       -80.0008 17m48s/Msamples
        1952000   -103200.7496        21.3      -103122.7203       -78.0292 17m48s/Msamples
        1953000   -103180.5552        21.2      -103106.7826       -73.7725 17m48s/Msamples
        1954000   -103197.5189        21.1      -103116.3412       -81.1776 17m48s/Msamples
        1955000   -103209.8676        21.1      -103129.6313       -80.2363 17m48s/Msamples
        1956000   -103214.8709        21.0      -103123.1254       -91.7455 17m48s/Msamples
        1957000   -103223.3128        21.0      -103126.4870       -96.8257 17m48s/Msamples
        1958000   -103227.5879        21.1      -103123.9164      -103.6715 17m48s/Msamples
        1959000   -103222.4570        21.1      -103124.1232       -98.3337 17m48s/Msamples
        1960000   -103220.9802        21.1      -103121.3777       -99.6025 17m48s/Msamples
        1961000   -103215.7779        21.0      -103124.5056       -91.2723 17m48s/Msamples
        1962000   -103223.9704        21.1      -103127.3135       -96.6568 17m48s/Msamples
        1963000   -103213.7542        21.0      -103120.1662       -93.5880 17m48s/Msamples
        1964000   -103215.3112        21.0      -103121.3523       -93.9588 17m48s/Msamples
        1965000   -103209.6816        21.0      -103121.6285       -88.0530 17m48s/Msamples
        1966000   -103213.6403        20.9      -103123.6266       -90.0136 17m48s/Msamples
        1967000   -103205.6564        20.9      -103128.4912       -77.1651 17m48s/Msamples
        1968000   -103216.5496        18.9      -103129.9537       -86.5959 17m48s/Msamples
        1969000   -103202.0559        18.8      -103126.6550       -75.4008 17m48s/Msamples
        1970000   -103201.2788        18.8      -103123.0785       -78.2002 17m48s/Msamples
        1971000   -103218.6657        18.8      -103138.6494       -80.0163 17m48s/Msamples
        1972000   -103225.7478        18.8      -103131.2548       -94.4930 17m48s/Msamples
        1973000   -103212.5200        18.7      -103133.5443       -78.9756 17m48s/Msamples
        1974000   -103206.0826        18.7      -103124.7927       -81.2899 17m48s/Msamples
        1975000   -103222.8286        18.7      -103131.8747       -90.9539 17m48s/Msamples
        1976000   -103240.3609        18.8      -103145.9654       -94.3955 17m48s/Msamples
        1977000   -103242.1164        20.8      -103141.8940      -100.2223 17m48s/Msamples
        1978000   -103246.1036        20.9      -103144.9564      -101.1472 17m48s/Msamples
        1979000   -103235.5076        21.0      -103141.2001       -94.3074 17m48s/Msamples
        1980000   -103233.3684        21.0      -103137.6385       -95.7299 17m48s/Msamples
        1981000   -103229.8459        21.1      -103139.5220       -90.3238 17m48s/Msamples
        1982000   -103214.9354        21.0      -103135.3795       -79.5558 17m48s/Msamples
        1983000   -103208.5753        21.0      -103137.8578       -70.7174 17m48s/Msamples
        1984000   -103214.6836        21.0      -103132.5360       -82.1475 17m48s/Msamples
        1985000   -103222.9811        21.0      -103138.5729       -84.4081 17m48s/Msamples
        1986000   -103209.0040        21.0      -103131.6624       -77.3415 17m48s/Msamples
        1987000   -103199.5904        20.9      -103132.3234       -67.2669 17m48s/Msamples
        1988000   -103185.2881        18.8      -103121.8623       -63.4258 17m48s/Msamples
        1989000   -103189.3089        18.7      -103125.2044       -64.1045 17m48s/Msamples
        1990000   -103184.4873        18.6      -103124.9426       -59.5447 17m48s/Msamples
        1991000   -103184.8451        18.5      -103122.8991       -61.9460 17m48s/Msamples
        1992000   -103180.2234        18.4      -103125.5337       -54.6896 17m48s/Msamples
        1993000   -103179.4111        18.3      -103123.3946       -56.0165 17m48s/Msamples
        1994000   -103182.8408        18.3      -103120.3957       -62.4450 17m48s/Msamples
        1995000   -103197.9706        18.2      -103132.1518       -65.8187 17m48s/Msamples
        1996000   -103204.6486        18.1      -103134.4425       -70.2061 17m48s/Msamples
        1997000   -103216.5416        18.1      -103136.4524       -80.0891 17m48s/Msamples
        1998000   -103211.1977        18.1      -103142.4253       -68.7723 17m48s/Msamples
        1999000   -103215.1626        18.1      -103138.3633       -76.7992 17m48s/Msamples
        2000000   -103211.4728        18.0      -103136.7119       -74.7609 17m48s/Msamples
        2001000   -103207.1746        18.0      -103137.0405       -70.1340 17m48s/Msamples
        2002000   -103214.6854        17.9      -103137.9055       -76.7798 17m48s/Msamples
        2003000   -103214.2643        17.9      -103135.4123       -78.8520 17m48s/Msamples
        2004000   -103226.5464        17.9      -103135.3532       -91.1931 17m48s/Msamples
        2005000   -103223.4896        17.9      -103137.1830       -86.3065 17m48s/Msamples
        2006000   -103215.4490        17.9      -103132.6372       -82.8117 17m48s/Msamples
        2007000   -103209.7389        17.9      -103132.3750       -77.3639 17m48s/Msamples
        2008000   -103217.1497        17.9      -103132.6450       -84.5047 17m48s/Msamples
        2009000   -103218.1682        17.9      -103136.8964       -81.2718 17m48s/Msamples
        2010000   -103244.3080        18.0      -103139.5693      -104.7387 17m48s/Msamples
        2011000   -103247.3975        18.1      -103138.5445      -108.8529 17m48s/Msamples
        2012000   -103225.0074        18.1      -103133.9033       -91.1041 17m48s/Msamples
        2013000   -103219.6890        18.1      -103131.6337       -88.0552 17m48s/Msamples
        2014000   -103223.0938        18.1      -103130.5630       -92.5308 17m48s/Msamples
        2015000   -103207.7615        18.0      -103121.2015       -86.5600 17m48s/Msamples
        2016000   -103214.4887        18.0      -103129.1620       -85.3267 17m48s/Msamples
        2017000   -103233.9041        18.1      -103142.9748       -90.9292 17m48s/Msamples
        2018000   -103236.4737        18.1      -103135.3404      -101.1333 17m48s/Msamples
        2019000   -103220.9684        18.1      -103127.8230       -93.1454 17m48s/Msamples
        2020000   -103206.2826        18.1      -103122.7731       -83.5095 17m48s/Msamples
        2021000   -103206.0302        18.0      -103129.8069       -76.2233 17m48s/Msamples
        2022000   -103210.2883        18.0      -103121.8774       -88.4108 17m48s/Msamples
        2023000   -103221.1486        18.0      -103131.8201       -89.3285 17m48s/Msamples
        2024000   -103238.6140        18.1      -103132.7606      -105.8534 17m48s/Msamples
        2025000   -103236.0389        18.1      -103132.5319      -103.5069 17m48s/Msamples
        2026000   -103244.3212        18.2      -103138.9504      -105.3708 17m48s/Msamples
        2027000   -103238.6034        18.3      -103138.5852      -100.0181 17m48s/Msamples
        2028000   -103242.8986        18.4      -103143.6019       -99.2967 17m48s/Msamples
        2029000   -103249.7095        18.5      -103139.7523      -109.9572 17m48s/Msamples
        2030000   -103251.4534        18.7      -103139.3093      -112.1441 17m48s/Msamples
        2031000   -103251.2169        18.8      -103140.4909      -110.7259 17m48s/Msamples
        2032000   -103246.6158        18.9      -103145.3646      -101.2511 17m48s/Msamples
        2033000   -103241.7552        19.0      -103145.2258       -96.5294 17m48s/Msamples
        2034000   -103243.1950        19.1      -103143.3384       -99.8566 17m48s/Msamples
        2035000   -103249.0099        19.2      -103142.6605      -106.3493 17m48s/Msamples
        2036000   -103251.5456        19.4      -103142.1016      -109.4440 17m48s/Msamples
        2037000   -103248.1870        19.5      -103139.7614      -108.4256 17m48s/Msamples
        2038000   -103237.0083        19.5      -103131.7313      -105.2769 17m48s/Msamples
        2039000   -103228.3510        19.6      -103132.4278       -95.9232 17m48s/Msamples
        2040000   -103234.8985        19.7      -103144.6973       -90.2011 17m48s/Msamples
        2041000   -103219.5379        19.7      -103137.9762       -81.5617 17m48s/Msamples
        2042000   -103229.8382        19.7      -103134.1177       -95.7205 17m48s/Msamples
        2043000   -103224.3276        19.7      -103132.2408       -92.0867 17m48s/Msamples
        2044000   -103219.7085        19.7      -103133.0710       -86.6374 17m48s/Msamples
        2045000   -103232.9272        19.7      -103143.9825       -88.9446 17m48s/Msamples
        2046000   -103226.8946        19.8      -103135.7127       -91.1819 17m48s/Msamples
        2047000   -103229.0818        19.8      -103135.0686       -94.0132 17m48s/Msamples
        2048000   -103242.2301        19.9      -103139.2514      -102.9787 17m48s/Msamples
        2049000   -103246.5511        20.0      -103135.0668      -111.4842 17m48s/Msamples
        2050000   -103232.6867        20.1      -103135.6562       -97.0305 17m48s/Msamples
        2051000   -103222.4942        20.1      -103134.2133       -88.2808 17m48s/Msamples
        2052000   -103248.5433        20.2      -103143.9245      -104.6187 17m48s/Msamples
        2053000   -103243.1789        20.3      -103142.2091      -100.9698 17m48s/Msamples
        2054000   -103252.1406        20.4      -103144.1500      -107.9906 17m48s/Msamples
        2055000   -103260.6581        20.6      -103145.8640      -114.7940 17m48s/Msamples
        2056000   -103246.0476        20.7      -103141.2908      -104.7567 17m48s/Msamples
        2057000   -103239.5733        20.8      -103139.5146      -100.0586 17m48s/Msamples
        2058000   -103234.0145        20.8      -103136.0589       -97.9556 17m48s/Msamples
        2059000   -103229.3283        20.9      -103135.9801       -93.3481 17m48s/Msamples
        2060000   -103242.1210        21.0      -103141.0889      -101.0320 17m48s/Msamples
        2061000   -103238.9280        21.0      -103137.8635      -101.0644 17m48s/Msamples
        2062000   -103232.4842        21.1      -103138.3097       -94.1744 17m48s/Msamples
        2063000   -103242.2981        21.2      -103145.1123       -97.1857 17m48s/Msamples
        2064000   -103235.1702        21.2      -103146.3835       -88.7866 17m48s/Msamples
        2065000   -103235.9645        21.3      -103142.0281       -93.9364 17m48s/Msamples
        2066000   -103240.6180        21.4      -103141.9511       -98.6668 17m48s/Msamples
        2067000   -103228.9885        21.4      -103129.3184       -99.6701 17m48s/Msamples
        2068000   -103222.1427        21.4      -103135.2973       -86.8453 17m48s/Msamples
        2069000   -103233.8611        21.4      -103135.4691       -98.3919 17m48s/Msamples
        2070000   -103238.9507        21.5      -103135.8313      -103.1193 17m48s/Msamples
        2071000   -103228.1911        21.5      -103134.6032       -93.5879 17m48s/Msamples
        2072000   -103236.5948        21.6      -103144.4196       -92.1751 17m48s/Msamples
        2073000   -103237.9968        21.6      -103147.4965       -90.5002 17m48s/Msamples
        2074000   -103255.1403        21.8      -103149.9186      -105.2217 17m48s/Msamples
        2075000   -103248.5358        21.9      -103148.8096       -99.7261 17m48s/Msamples
        2076000   -103256.0933        22.0      -103147.3709      -108.7224 17m48s/Msamples
        2077000   -103238.4299        22.1      -103142.3164       -96.1135 17m48s/Msamples
        2078000   -103239.5158        22.2      -103141.9486       -97.5672 17m48s/Msamples
        2079000   -103231.6573        22.2      -103138.0167       -93.6405 17m48s/Msamples
        2080000   -103223.9463        22.2      -103136.8729       -87.0733 17m48s/Msamples
        2081000   -103232.1857        22.3      -103143.9458       -88.2399 17m48s/Msamples
        2082000   -103224.3275        22.3      -103135.2209       -89.1066 17m48s/Msamples
        2083000   -103216.5363        22.3      -103137.3307       -79.2055 17m48s/Msamples
        2084000   -103214.6727        22.2      -103134.3103       -80.3623 17m48s/Msamples
        2085000   -103221.3065        22.2      -103127.2247       -94.0817 17m48s/Msamples
        2086000   -103233.0062        22.3      -103130.6398      -102.3664 17m48s/Msamples
        2087000   -103230.6613        22.3      -103139.5919       -91.0693 17m48s/Msamples
        2088000   -103244.0006        22.4      -103145.1253       -98.8752 17m48s/Msamples
        2089000   -103233.4365        22.5      -103141.2090       -92.2274 17m48s/Msamples
        2090000   -103252.3468        22.6      -103142.7018      -109.6450 17m48s/Msamples
        2091000   -103256.2499        22.8      -103148.7515      -107.4984 17m48s/Msamples
        2092000   -103255.1964        22.9      -103151.3751      -103.8213 17m48s/Msamples
        2093000   -103253.4696        23.0      -103145.0834      -108.3862 17m48s/Msamples
        2094000   -103258.5579        23.2      -103140.8255      -117.7323 17m48s/Msamples
        2095000   -103242.6002        23.2      -103135.9879      -106.6123 17m48s/Msamples
        2096000   -103245.2344        23.3      -103139.3540      -105.8803 17m48s/Msamples
        2097000   -103234.6383        23.4      -103127.8224      -106.8158 17m48s/Msamples
        2098000   -103243.1902        25.0      -103130.8201      -112.3700 17m48s/Msamples
        2099000   -103235.8073        25.1      -103134.2569      -101.5504 17m48s/Msamples
        2100000   -103234.9225        25.1      -103131.1815      -103.7410 17m48s/Msamples
        2101000   -103233.6853        25.1      -103138.7527       -94.9325 17m48s/Msamples
        2102000   -103233.0538        26.1      -103139.4671       -93.5867 17m48s/Msamples
        2103000   -103240.4324        26.1      -103137.1661      -103.2662 17m48s/Msamples
        2104000   -103238.3567        26.1      -103130.2078      -108.1488 17m48s/Msamples
        2105000   -103234.0743        26.1      -103132.2731      -101.8011 17m48s/Msamples
        2106000   -103247.9609        26.2      -103136.7277      -111.2331 17m48s/Msamples
        2107000   -103247.0548        26.2      -103135.8761      -111.1787 17m48s/Msamples
        2108000   -103243.3598        26.2      -103128.6585      -114.7013 17m48s/Msamples
        2109000   -103258.0552        26.3      -103140.2046      -117.8506 17m48s/Msamples
        2110000   -103248.5820        26.3      -103137.1903      -111.3917 17m48s/Msamples
        2111000   -103233.6216        26.4      -103132.6291      -100.9925 17m48s/Msamples
        2112000   -103239.1344        26.4      -103135.8283      -103.3061 17m48s/Msamples
        2113000   -103237.4582        26.4      -103134.2423      -103.2158 17m48s/Msamples
        2114000   -103250.3744        26.4      -103137.7196      -112.6547 17m48s/Msamples
        2115000   -103226.9069        26.4      -103124.6396      -102.2673 17m48s/Msamples
        2116000   -103240.7814        26.4      -103128.1254      -112.6559 17m48s/Msamples
        2117000   -103233.6884        26.5      -103127.2363      -106.4521 17m48s/Msamples
        2118000   -103230.5713        26.5      -103129.6666      -100.9046 17m48s/Msamples
        2119000   -103240.0286        26.5      -103137.0417      -102.9868 17m48s/Msamples
        2120000   -103236.3013        26.5      -103130.6994      -105.6019 17m48s/Msamples
        2121000   -103235.7567        26.5      -103123.9516      -111.8050 17m48s/Msamples
        2122000   -103229.5663        26.5      -103128.9437      -100.6226 17m48s/Msamples
        2123000   -103236.7541        26.5      -103129.7870      -106.9671 17m48s/Msamples
        2124000   -103243.2686        26.5      -103127.5831      -115.6854 17m48s/Msamples
        2125000   -103230.1834        26.6      -103119.6895      -110.4939 17m48s/Msamples
        2126000   -103224.0456        26.6      -103120.9393      -103.1062 17m48s/Msamples
        2127000   -103230.0096        26.6      -103116.5594      -113.4502 17m48s/Msamples
        2128000   -103238.4890        26.6      -103124.1350      -114.3539 17m48s/Msamples
        2129000   -103237.7096        26.6      -103125.5961      -112.1135 17m48s/Msamples
        2130000   -103230.7469        26.6      -103120.1244      -110.6224 17m48s/Msamples
        2131000   -103229.5331        26.7      -103118.0912      -111.4418 17m48s/Msamples
        2132000   -103235.6854        26.7      -103119.2038      -116.4816 17m48s/Msamples
        2133000   -103239.3161        26.7      -103122.4601      -116.8559 17m48s/Msamples
        2134000   -103240.2322        26.7      -103126.1593      -114.0729 17m48s/Msamples
        2135000   -103231.9297        26.7      -103118.8483      -113.0814 17m48s/Msamples
        2136000   -103243.7896        26.7      -103126.6935      -117.0961 17m48s/Msamples
        2137000   -103242.2518        26.7      -103125.0358      -117.2160 17m48s/Msamples
        2138000   -103250.0862        26.7      -103125.5459      -124.5402 17m48s/Msamples
        2139000   -103255.3226        26.8      -103130.6452      -124.6773 17m48s/Msamples
        2140000   -103254.2749        26.8      -103127.5746      -126.7002 17m48s/Msamples
        2141000   -103257.4083        26.8      -103130.8201      -126.5882 17m48s/Msamples
        2142000   -103253.8508        26.8      -103131.1541      -122.6966 17m48s/Msamples
        2143000   -103235.5128        26.8      -103118.0749      -117.4379 17m48s/Msamples
        2144000   -103245.8604        26.9      -103124.2031      -121.6572 17m48s/Msamples
        2145000   -103240.7824        26.9      -103122.9287      -117.8537 17m48s/Msamples
        2146000   -103246.6809        26.9      -103126.8932      -119.7877 17m48s/Msamples
        2147000   -103255.5521        26.9      -103127.9961      -127.5560 17m48s/Msamples
        2148000   -103238.2183        26.9      -103121.9436      -116.2747 17m48s/Msamples
        2149000   -103232.2453        26.9      -103122.4521      -109.7931 17m48s/Msamples
        2150000   -103231.0245        26.9      -103119.3396      -111.6849 17m48s/Msamples
        2151000   -103219.2714        26.9      -103115.9537      -103.3177 17m48s/Msamples
        2152000   -103222.0358        27.0      -103123.6658       -98.3700 17m48s/Msamples
        2153000   -103221.7589        27.0      -103119.8930      -101.8658 17m48s/Msamples
        2154000   -103217.1839        27.0      -103115.2486      -101.9352 17m48s/Msamples
        2155000   -103217.4563        27.0      -103112.6781      -104.7781 17m48s/Msamples
        2156000   -103228.6450        27.0      -103121.9212      -106.7237 17m48s/Msamples
        2157000   -103232.4823        27.1      -103115.7584      -116.7239 17m48s/Msamples
        2158000   -103232.7205        27.1      -103119.9150      -112.8055 17m48s/Msamples
        2159000   -103221.8962        27.1      -103115.4486      -106.4475 17m48s/Msamples
        2160000   -103215.7889        27.1      -103112.5129      -103.2759 17m48s/Msamples
        2161000   -103227.0768        27.1      -103120.0991      -106.9776 17m48s/Msamples
        2162000   -103231.3417        27.1      -103117.8923      -113.4493 17m48s/Msamples
        2163000   -103233.6690        27.1      -103119.9674      -113.7015 17m48s/Msamples
        2164000   -103230.5131        27.2      -103118.4112      -112.1019 17m48s/Msamples
        2165000   -103224.7557        27.2      -103118.0249      -106.7308 17m48s/Msamples
        2166000   -103215.6964        27.2      -103116.2565       -99.4398 17m48s/Msamples
        2167000   -103230.4190        27.2      -103116.7081      -113.7109 17m48s/Msamples
        2168000   -103237.7541        27.2      -103116.8239      -120.9301 17m48s/Msamples
        2169000   -103230.5926        27.2      -103119.8120      -110.7805 17m48s/Msamples
        2170000   -103222.9566        27.2      -103120.8934      -102.0632 17m48s/Msamples
        2171000   -103223.8339        27.2      -103125.8523       -97.9816 17m48s/Msamples
        2172000   -103221.8423        27.2      -103118.0472      -103.7950 17m48s/Msamples
        2173000   -103232.0899        27.2      -103127.9095      -104.1803 17m48s/Msamples
        2174000   -103239.1920        27.2      -103128.3489      -110.8430 17m48s/Msamples
        2175000   -103238.0698        27.2      -103125.5958      -112.4739 17m48s/Msamples
        2176000   -103243.7265        27.2      -103126.9771      -116.7493 17m48s/Msamples
        2177000   -103244.4335        27.2      -103124.5991      -119.8343 17m48s/Msamples
        2178000   -103245.8717        27.2      -103123.5979      -122.2738 17m48s/Msamples
        2179000   -103242.7544        27.2      -103123.9718      -118.7825 17m48s/Msamples
        2180000   -103243.1939        27.2      -103126.0255      -117.1683 17m48s/Msamples
        2181000   -103245.2285        27.2      -103128.2029      -117.0256 17m48s/Msamples
        2182000   -103251.7902        27.2      -103127.4753      -124.3149 17m48s/Msamples
        2183000   -103250.1897        27.2      -103126.0839      -124.1058 17m48s/Msamples
        2184000   -103245.6758        27.2      -103124.5022      -121.1736 17m48s/Msamples
        2185000   -103248.7825        27.2      -103122.9881      -125.7944 17m48s/Msamples
        2186000   -103254.1394        27.2      -103125.1731      -128.9662 17m48s/Msamples
        2187000   -103265.6961        27.2      -103131.5613      -134.1347 17m48s/Msamples
        2188000   -103262.2491        27.2      -103129.6215      -132.6276 17m48s/Msamples
        2189000   -103260.4157        27.1      -103127.4008      -133.0148 17m48s/Msamples
        2190000   -103254.8197        27.1      -103125.8137      -129.0060 17m48s/Msamples
        2191000   -103254.2141        27.1      -103129.0875      -125.1266 17m48s/Msamples
        2192000   -103256.3599        27.1      -103134.9046      -121.4552 17m48s/Msamples
        2193000   -103268.0755        27.1      -103142.7040      -125.3715 17m48s/Msamples
        2194000   -103273.1132        27.1      -103141.5181      -131.5951 17m48s/Msamples
        2195000   -103272.9822        27.1      -103139.4082      -133.5740 17m48s/Msamples
        2196000   -103263.4618        27.1      -103134.4778      -128.9840 17m48s/Msamples
        2197000   -103269.1064        27.0      -103140.4365      -128.6698 17m48s/Msamples
        2198000   -103270.8407        27.0      -103140.3351      -130.5056 17m48s/Msamples
        2199000   -103251.4982        27.0      -103130.6969      -120.8012 17m48s/Msamples
        2200000   -103232.3831        26.9      -103119.2560      -113.1271 17m48s/Msamples
        2201000   -103249.5195        26.9      -103131.7442      -117.7752 17m48s/Msamples
        2202000   -103248.3281        26.9      -103132.2148      -116.1132 17m48s/Msamples
        2203000   -103238.8649        26.9      -103127.7795      -111.0853 17m48s/Msamples
        2204000   -103245.3355        26.8      -103130.8183      -114.5171 17m48s/Msamples
        2205000   -103253.2379        26.8      -103129.8221      -123.4157 17m48s/Msamples
        2206000   -103238.7923        26.8      -103126.4254      -112.3669 17m48s/Msamples
        2207000   -103234.8466        26.7      -103127.1587      -107.6878 17m48s/Msamples
        2208000   -103230.4380        26.7      -103123.1340      -107.3040 17m48s/Msamples
        2209000   -103242.5573        26.7      -103127.7745      -114.7828 17m48s/Msamples
        2210000   -103237.5284        26.7      -103125.4938      -112.0345 17m48s/Msamples
        2211000   -103226.2624        26.7      -103121.8822      -104.3802 17m48s/Msamples
        2212000   -103229.9707        26.7      -103127.2438      -102.7269 17m48s/Msamples
        2213000   -103220.9580        26.7      -103113.3886      -107.5693 17m48s/Msamples
        2214000   -103225.3395        26.7      -103117.2263      -108.1131 17m48s/Msamples
        2215000   -103239.0602        26.7      -103122.3083      -116.7519 17m48s/Msamples
        2216000   -103241.1420        26.7      -103123.4914      -117.6505 17m48s/Msamples
        2217000   -103245.2829        26.7      -103122.8288      -122.4540 17m48s/Msamples
        2218000   -103247.2169        26.6      -103127.2182      -119.9987 17m48s/Msamples
        2219000   -103243.5747        26.6      -103125.4678      -118.1069 17m48s/Msamples
        2220000   -103232.7482        26.6      -103121.7247      -111.0235 17m48s/Msamples
        2221000   -103234.4102        26.6      -103120.7566      -113.6535 17m48s/Msamples
        2222000   -103225.6237        26.6      -103115.1133      -110.5104 17m48s/Msamples
        2223000   -103221.9840        26.6      -103114.6399      -107.3441 17m48s/Msamples
        2224000   -103231.5900        26.6      -103120.1120      -111.4780 17m48s/Msamples
        2225000   -103238.0220        26.6      -103119.2352      -118.7868 17m48s/Msamples
        2226000   -103233.7539        26.6      -103122.3724      -111.3815 17m48s/Msamples
        2227000   -103237.5361        26.5      -103129.2590      -108.2771 17m48s/Msamples
        2228000   -103235.2248        26.5      -103128.4626      -106.7622 17m48s/Msamples
        2229000   -103241.0616        26.5      -103130.2227      -110.8388 17m48s/Msamples
        2230000   -103242.9403        26.5      -103130.2993      -112.6409 17m48s/Msamples
        2231000   -103242.2635        26.5      -103127.8740      -114.3894 17m48s/Msamples
        2232000   -103234.1399        26.4      -103117.8241      -116.3158 17m48s/Msamples
        2233000   -103235.5539        26.4      -103123.9803      -111.5735 17m48s/Msamples
        2234000   -103229.0526        26.4      -103121.1051      -107.9474 17m48s/Msamples
        2235000   -103228.9911        26.4      -103124.3842      -104.6068 17m48s/Msamples
        2236000   -103220.6475        26.5      -103117.3314      -103.3160 17m48s/Msamples
        2237000   -103228.5553        26.5      -103124.5442      -104.0110 17m48s/Msamples
        2238000   -103240.9066        26.4      -103130.3528      -110.5537 17m48s/Msamples
        2239000   -103235.5866        26.4      -103126.0126      -109.5739 17m48s/Msamples
        2240000   -103235.5513        26.4      -103124.0150      -111.5363 17m48s/Msamples
        2241000   -103224.2491        26.4      -103118.2510      -105.9980 17m48s/Msamples
        2242000   -103223.5808        26.5      -103120.0703      -103.5105 17m48s/Msamples
        2243000   -103221.7400        26.5      -103118.3552      -103.3847 17m48s/Msamples
        2244000   -103210.3099        26.6      -103110.0340      -100.2758 17m48s/Msamples
        2245000   -103216.1691        26.6      -103112.7111      -103.4579 17m48s/Msamples
        2246000   -103230.0617        26.6      -103116.5425      -113.5192 17m48s/Msamples
        2247000   -103225.3794        26.6      -103113.0008      -112.3785 17m48s/Msamples
        2248000   -103230.9033        26.6      -103113.8160      -117.0873 17m48s/Msamples
        2249000   -103240.9683        26.6      -103123.9161      -117.0522 17m48s/Msamples
        2250000   -103249.5169        26.6      -103130.2936      -119.2233 17m48s/Msamples
        2251000   -103251.4296        26.5      -103127.6699      -123.7597 17m48s/Msamples
        2252000   -103250.5509        26.5      -103125.4725      -125.0783 17m48s/Msamples
        2253000   -103250.7400        26.4      -103130.4928      -120.2471 17m48s/Msamples
        2254000   -103260.5130        26.4      -103139.2055      -121.3075 17m48s/Msamples
        2255000   -103250.5605        26.4      -103139.0441      -111.5164 17m49s/Msamples
        2256000   -103239.9046        26.3      -103140.1804       -99.7242 17m49s/Msamples
        2257000   -103239.6024        26.3      -103137.9329      -101.6695 17m49s/Msamples
        2258000   -103230.8120        26.3      -103127.6704      -103.1415 17m49s/Msamples
        2259000   -103232.3328        26.3      -103128.5735      -103.7592 17m49s/Msamples
        2260000   -103229.8771        26.3      -103128.4519      -101.4251 17m49s/Msamples
        2261000   -103247.4447        26.3      -103135.7913      -111.6534 17m49s/Msamples
        2262000   -103262.6181        26.2      -103145.9558      -116.6623 17m49s/Msamples
        2263000   -103257.7314        26.2      -103141.7597      -115.9716 17m49s/Msamples
        2264000   -103249.4020        26.2      -103140.9801      -108.4219 17m49s/Msamples
        2265000   -103247.7409        26.1      -103143.3981      -104.3427 17m49s/Msamples
        2266000   -103253.0991        26.1      -103145.1364      -107.9627 17m49s/Msamples
        2267000   -103244.4698        26.0      -103137.6475      -106.8222 17m49s/Msamples
        2268000   -103245.1258        26.0      -103137.6422      -107.4836 17m49s/Msamples
        2269000   -103261.5690        26.0      -103137.3342      -124.2347 17m49s/Msamples
        2270000   -103264.0174        25.9      -103139.8260      -124.1914 17m49s/Msamples
        2271000   -103257.2629        25.9      -103138.6478      -118.6151 17m49s/Msamples
        2272000   -103253.2989        25.8      -103138.6042      -114.6946 17m49s/Msamples
        2273000   -103253.3490        25.8      -103143.2656      -110.0833 17m49s/Msamples
        2274000   -103245.4681        25.7      -103135.0175      -110.4505 17m49s/Msamples
        2275000   -103251.1181        25.7      -103135.2345      -115.8836 17m49s/Msamples
        2276000   -103233.7099        25.7      -103135.8135       -97.8963 17m49s/Msamples
        2277000   -103236.9368        25.7      -103138.6667       -98.2700 17m49s/Msamples
        2278000   -103238.1481        25.7      -103131.8175      -106.3305 17m49s/Msamples
        2279000   -103226.6260        25.7      -103129.5667       -97.0592 17m49s/Msamples
        2280000   -103224.1341        25.7      -103128.9087       -95.2254 17m49s/Msamples
        2281000   -103243.7385        25.7      -103138.5933      -105.1451 17m49s/Msamples
        2282000   -103251.7795        25.6      -103141.3030      -110.4764 17m49s/Msamples
        2283000   -103235.8650        25.6      -103143.4153       -92.4496 17m49s/Msamples
        2284000   -103230.7796        25.6      -103141.2023       -89.5773 17m49s/Msamples
        2285000   -103236.2453        25.6      -103141.8698       -94.3755 17m49s/Msamples
        2286000   -103236.4629        25.6      -103131.5315      -104.9313 17m49s/Msamples
        2287000   -103243.3005        25.6      -103133.3191      -109.9814 17m49s/Msamples
        2288000   -103239.9672        25.5      -103140.0506       -99.9165 17m49s/Msamples
        2289000   -103237.1857        25.5      -103139.4231       -97.7625 17m49s/Msamples
        2290000   -103238.6445        25.5      -103138.1914      -100.4530 17m49s/Msamples
        2291000   -103232.7481        25.5      -103140.2333       -92.5147 17m49s/Msamples
        2292000   -103235.8014        25.4      -103142.1851       -93.6163 17m49s/Msamples
        2293000   -103242.7900        25.4      -103140.4841      -102.3058 17m49s/Msamples
        2294000   -103230.0746        25.4      -103131.9716       -98.1029 17m49s/Msamples
        2295000   -103222.6296        25.4      -103128.3016       -94.3280 17m49s/Msamples
        2296000   -103219.7108        25.5      -103138.0472       -81.6635 17m49s/Msamples
        2297000   -103209.1359        25.6      -103127.5475       -81.5883 17m49s/Msamples
        2298000   -103226.4242        25.6      -103126.1988      -100.2253 17m49s/Msamples
        2299000   -103231.3630        25.5      -103129.7514      -101.6115 17m49s/Msamples
        2300000   -103232.8862        25.5      -103132.5832      -100.3029 17m49s/Msamples
        2301000   -103244.7485        25.5      -103139.6017      -105.1468 17m49s/Msamples
        2302000   -103236.2549        25.5      -103138.4814       -97.7735 17m49s/Msamples
        2303000   -103236.6593        25.5      -103140.7566       -95.9027 17m49s/Msamples
        2304000   -103217.7778        25.5      -103125.9778       -91.8000 17m49s/Msamples
        2305000   -103223.6130        25.6      -103129.7530       -93.8599 17m49s/Msamples
        2306000   -103226.4812        25.6      -103126.9046       -99.5766 17m49s/Msamples
        2307000   -103234.0905        25.6      -103136.5195       -97.5709 17m49s/Msamples
        2308000   -103232.0749        25.6      -103133.1547       -98.9201 17m49s/Msamples
        2309000   -103227.6727        25.5      -103133.3541       -94.3185 17m49s/Msamples
        2310000   -103229.8436        25.6      -103134.3257       -95.5178 17m49s/Msamples
        2311000   -103229.1510        25.6      -103133.0194       -96.1315 17m49s/Msamples
        2312000   -103236.6161        25.5      -103137.4428       -99.1733 17m49s/Msamples
        2313000   -103225.8943        25.6      -103126.8969       -98.9973 17m49s/Msamples
        2314000   -103217.2514        25.6      -103128.0310       -89.2203 17m49s/Msamples
        2315000   -103222.4237        25.6      -103125.4649       -96.9587 17m49s/Msamples
        2316000   -103220.8590        25.7      -103129.0659       -91.7931 17m49s/Msamples
        2317000   -103239.6055        25.6      -103133.4081      -106.1974 17m49s/Msamples
        2318000   -103247.5282        25.6      -103137.1328      -110.3953 17m49s/Msamples
        2319000   -103238.6799        25.5      -103138.2745      -100.4053 17m49s/Msamples
        2320000   -103249.2346        25.5      -103140.0943      -109.1403 17m49s/Msamples
        2321000   -103241.7133        25.5      -103134.3755      -107.3378 17m49s/Msamples
        2322000   -103238.2276        25.4      -103137.1601      -101.0675 17m49s/Msamples
        2323000   -103227.9758        25.4      -103130.7120       -97.2637 17m49s/Msamples
        2324000   -103244.3349        25.4      -103137.3577      -106.9771 17m49s/Msamples
        2325000   -103239.8024        25.4      -103132.9562      -106.8462 17m49s/Msamples
        2326000   -103250.0592        25.4      -103137.9856      -112.0736 17m49s/Msamples
        2327000   -103251.6291        25.3      -103136.8810      -114.7481 17m49s/Msamples
        2328000   -103248.0009        25.3      -103133.7087      -114.2922 17m49s/Msamples
        2329000   -103237.4050        25.2      -103129.6473      -107.7577 17m49s/Msamples
        2330000   -103246.6849        25.2      -103131.2666      -115.4182 17m49s/Msamples
        2331000   -103242.9714        25.2      -103137.9164      -105.0549 17m49s/Msamples
        2332000   -103249.8017        25.1      -103138.7242      -111.0775 17m49s/Msamples
        2333000   -103251.5108        24.8      -103140.7432      -110.7675 17m49s/Msamples
        2334000   -103243.1765        24.8      -103135.3314      -107.8450 17m49s/Msamples
        2335000   -103237.7465        24.8      -103135.0477      -102.6988 17m49s/Msamples
        2336000   -103233.2448        24.8      -103131.8775      -101.3672 17m49s/Msamples
        2337000   -103236.1777        24.8      -103130.8324      -105.3453 17m49s/Msamples
        2338000   -103244.8920        24.7      -103135.8686      -109.0233 17m49s/Msamples
        2339000   -103248.7281        24.7      -103135.8416      -112.8865 17m49s/Msamples
        2340000   -103256.3740        24.6      -103137.3430      -119.0309 17m49s/Msamples
        2341000   -103260.5582        24.6      -103133.8778      -126.6804 17m49s/Msamples
        2342000   -103256.1159        24.5      -103139.7292      -116.3867 17m49s/Msamples
        2343000   -103250.6322        24.5      -103131.6888      -118.9434 17m49s/Msamples
        2344000   -103261.6528        24.4      -103138.8273      -122.8254 17m49s/Msamples
        2345000   -103259.8979        24.4      -103141.5176      -118.3803 17m49s/Msamples
        2346000   -103250.7371        24.3      -103138.5598      -112.1772 17m49s/Msamples
        2347000   -103245.5837        24.3      -103140.3476      -105.2360 17m49s/Msamples
        2348000   -103235.3130        24.3      -103131.4700      -103.8430 17m49s/Msamples
        2349000   -103236.3724        24.3      -103129.8119      -106.5605 17m49s/Msamples
        2350000   -103229.4651        24.3      -103123.6834      -105.7816 17m49s/Msamples
        2351000   -103229.8103        24.3      -103120.4675      -109.3428 17m49s/Msamples
        2352000   -103232.2461        24.3      -103130.5287      -101.7174 17m49s/Msamples
        2353000   -103236.9585        24.2      -103130.2246      -106.7339 17m49s/Msamples
        2354000   -103231.9988        24.2      -103135.7242       -96.2746 17m49s/Msamples
        2355000   -103226.3397        24.3      -103129.5678       -96.7719 17m49s/Msamples
        2356000   -103228.6875        24.3      -103133.0108       -95.6767 17m49s/Msamples
        2357000   -103220.2744        24.3      -103127.3412       -92.9332 17m49s/Msamples
        2358000   -103213.0299        24.4      -103119.0869       -93.9429 17m49s/Msamples
        2359000   -103211.8662        24.4      -103116.9480       -94.9181 17m49s/Msamples
        2360000   -103215.8448        24.5      -103117.0171       -98.8277 17m49s/Msamples
        2361000   -103228.1360        24.5      -103120.1601      -107.9759 17m49s/Msamples
        2362000   -103226.7912        24.5      -103122.6094      -104.1818 17m49s/Msamples
        2363000   -103236.9463        24.5      -103127.7349      -109.2113 17m49s/Msamples
        2364000   -103239.4494        24.5      -103121.6922      -117.7571 17m49s/Msamples
        2365000   -103232.7342        24.5      -103123.1333      -109.6008 17m49s/Msamples
        2366000   -103241.5637        24.4      -103129.6856      -111.8781 17m49s/Msamples
        2367000   -103246.8161        24.4      -103135.5947      -111.2213 17m49s/Msamples
        2368000   -103234.1201        24.4      -103131.0550      -103.0650 17m49s/Msamples
        2369000   -103216.3681        24.4      -103121.0376       -95.3304 17m49s/Msamples
        2370000   -103226.1631        24.4      -103133.9493       -92.2137 17m49s/Msamples
        2371000   -103232.8192        24.4      -103141.1640       -91.6551 17m49s/Msamples
        2372000   -103220.5337        24.5      -103129.4827       -91.0509 17m49s/Msamples
        2373000   -103230.5261        24.5      -103130.1246      -100.4015 17m49s/Msamples
        2374000   -103219.4488        24.5      -103127.1940       -92.2547 17m49s/Msamples
        2375000   -103220.0719        24.5      -103126.5607       -93.5111 17m49s/Msamples
        2376000   -103223.2778        24.6      -103124.7625       -98.5153 17m49s/Msamples
        2377000   -103245.3572        24.5      -103129.0183      -116.3388 17m49s/Msamples
        2378000   -103235.8379        24.5      -103128.3134      -107.5244 17m49s/Msamples
        2379000   -103244.2026        24.5      -103123.6988      -120.5038 17m49s/Msamples
        2380000   -103252.7179        24.4      -103120.7709      -131.9469 17m49s/Msamples
        2381000   -103266.4821        24.4      -103125.6476      -140.8345 17m49s/Msamples
        2382000   -103259.4611        24.4      -103124.3232      -135.1378 17m49s/Msamples
        2383000   -103256.1999        24.3      -103124.8747      -131.3252 17m49s/Msamples
        2384000   -103257.9873        24.3      -103130.8821      -127.1052 17m49s/Msamples
        2385000   -103260.0713        24.2      -103128.9288      -131.1425 17m49s/Msamples
        2386000   -103248.3431        24.2      -103128.7325      -119.6106 17m49s/Msamples
        2387000   -103252.9442        24.2      -103128.9730      -123.9711 17m49s/Msamples
        2388000   -103250.5415        24.1      -103125.1466      -125.3948 17m49s/Msamples
        2389000   -103256.0275        24.1      -103131.9593      -124.0682 17m49s/Msamples
        2390000   -103243.6779        24.1      -103128.1366      -115.5413 17m49s/Msamples
        2391000   -103239.3538        24.0      -103130.5900      -108.7637 17m49s/Msamples
        2392000   -103249.3025        24.0      -103134.5913      -114.7112 17m49s/Msamples
        2393000   -103266.7122        24.0      -103140.3950      -126.3171 17m49s/Msamples
        2394000   -103247.6175        23.9      -103130.3985      -117.2189 17m49s/Msamples
        2395000   -103241.8803        23.9      -103132.1376      -109.7427 17m49s/Msamples
        2396000   -103235.1532        23.9      -103125.7290      -109.4242 17m49s/Msamples
        2397000   -103235.0959        23.8      -103127.9883      -107.1075 17m49s/Msamples
        2398000   -103256.8118        23.8      -103127.2992      -129.5125 17m49s/Msamples
        2399000   -103253.2063        23.8      -103127.8602      -125.3460 17m49s/Msamples
        2400000   -103261.8959        23.7      -103135.4973      -126.3986 17m49s/Msamples
        2401000   -103267.7536        23.7      -103141.3135      -126.4400 17m49s/Msamples
        2402000   -103249.6124        23.6      -103129.0987      -120.5137 17m49s/Msamples
        2403000   -103250.4441        23.6      -103131.4755      -118.9685 17m49s/Msamples
        2404000   -103255.5559        23.6      -103129.8602      -125.6957 17m49s/Msamples
        2405000   -103257.6300        23.5      -103132.1505      -125.4794 17m49s/Msamples
        2406000   -103243.2940        23.5      -103128.3758      -114.9182 17m49s/Msamples
        2407000   -103244.8296        23.5      -103127.2204      -117.6091 17m49s/Msamples
        2408000   -103249.3390        23.4      -103130.1611      -119.1778 17m49s/Msamples
        2409000   -103255.4127        23.4      -103134.5731      -120.8396 17m50s/Msamples
        2410000   -103231.8495        23.4      -103128.1259      -103.7236 17m50s/Msamples
        2411000   -103245.6507        23.4      -103137.3002      -108.3504 17m50s/Msamples
        2412000   -103233.7076        23.4      -103135.8394       -97.8682 17m50s/Msamples
        2413000   -103230.2382        23.4      -103129.6732      -100.5650 17m50s/Msamples
        2414000   -103226.9679        23.4      -103122.6411      -104.3267 17m50s/Msamples
        2415000   -103233.1711        23.4      -103121.8891      -111.2820 17m50s/Msamples
        2416000   -103225.2186        23.4      -103123.5917      -101.6269 17m50s/Msamples
        2417000   -103231.8869        23.4      -103132.8658       -99.0210 17m50s/Msamples
        2418000   -103227.7045        23.4      -103130.5123       -97.1921 17m50s/Msamples
        2419000   -103215.5989        23.5      -103121.8689       -93.7299 17m50s/Msamples
        2420000   -103221.2384        23.5      -103127.2109       -94.0274 17m50s/Msamples
        2421000   -103219.6305        23.5      -103126.3344       -93.2961 17m50s/Msamples
        2422000   -103229.6116        23.5      -103134.1871       -95.4244 17m50s/Msamples
        2423000   -103228.2952        23.5      -103129.0478       -99.2473 17m50s/Msamples
        2424000   -103227.8665        23.5      -103128.8355       -99.0309 17m50s/Msamples
        2425000   -103235.0435        23.5      -103132.6820      -102.3615 17m50s/Msamples
        2426000   -103229.5777        23.5      -103131.5846       -97.9931 17m50s/Msamples
        2427000   -103226.8916        23.5      -103121.7854      -105.1062 17m50s/Msamples
        2428000   -103233.4490        23.5      -103121.6311      -111.8179 17m50s/Msamples
        2429000   -103230.4923        23.6      -103125.6872      -104.8051 17m50s/Msamples
        2430000   -103226.3715        23.6      -103127.7689       -98.6025 17m50s/Msamples
        2431000   -103233.5344        23.6      -103129.4100      -104.1244 17m50s/Msamples
        2432000   -103227.0670        23.6      -103130.2157       -96.8513 17m50s/Msamples
        2433000   -103227.0015        23.6      -103128.4771       -98.5243 17m50s/Msamples
        2434000   -103217.5929        23.6      -103126.7098       -90.8831 17m50s/Msamples
        2435000   -103223.7402        23.7      -103128.3255       -95.4146 17m50s/Msamples
        2436000   -103227.3726        23.7      -103131.2875       -96.0851 17m50s/Msamples
        2437000   -103223.4867        23.7      -103128.1244       -95.3623 17m50s/Msamples
        2438000   -103231.0411        23.7      -103130.4477      -100.5934 17m50s/Msamples
        2439000   -103247.0604        23.7      -103136.6063      -110.4541 17m50s/Msamples
        2440000   -103237.5779        23.6      -103126.2327      -111.3451 17m50s/Msamples
        2441000   -103238.5736        23.6      -103130.9639      -107.6097 17m50s/Msamples
        2442000   -103225.4513        23.6      -103121.6230      -103.8283 17m50s/Msamples
        2443000   -103234.9354        23.6      -103123.3992      -111.5362 17m50s/Msamples
        2444000   -103233.8009        23.6      -103123.5627      -110.2381 17m50s/Msamples
        2445000   -103241.6945        23.6      -103134.4649      -107.2296 17m50s/Msamples
        2446000   -103236.4408        23.6      -103137.4599       -98.9809 17m50s/Msamples
        2447000   -103222.7620        23.6      -103123.6576       -99.1043 17m50s/Msamples
        2448000   -103224.8485        23.6      -103121.8489      -102.9996 17m50s/Msamples
        2449000   -103229.1238        23.6      -103120.9376      -108.1861 17m50s/Msamples
        2450000   -103237.4564        23.6      -103133.6331      -103.8232 17m50s/Msamples
        2451000   -103241.1906        23.6      -103122.6634      -118.5272 17m50s/Msamples
        2452000   -103236.2784        23.6      -103119.8200      -116.4584 17m50s/Msamples
        2453000   -103247.3422        23.5      -103128.2060      -119.1361 17m50s/Msamples
        2454000   -103248.4778        23.5      -103131.9553      -116.5224 17m50s/Msamples
        2455000   -103244.7148        23.5      -103130.2752      -114.4395 17m50s/Msamples
        2456000   -103244.6474        23.2      -103130.0781      -114.5693 17m50s/Msamples
        2457000   -103233.7096        23.2      -103118.2199      -115.4897 17m50s/Msamples
        2458000   -103235.8713        23.2      -103123.5440      -112.3273 17m50s/Msamples
        2459000   -103248.4322        23.1      -103125.9173      -122.5148 17m50s/Msamples
        2460000   -103239.2368        23.1      -103122.1033      -117.1334 17m50s/Msamples
        2461000   -103239.3939        23.1      -103122.0417      -117.3522 17m50s/Msamples
        2462000   -103226.8273        23.1      -103114.1915      -112.6357 17m50s/Msamples
        2463000   -103232.0113        23.1      -103109.4719      -122.5394 17m50s/Msamples
        2464000   -103212.7520        23.2      -103106.0313      -106.7207 17m50s/Msamples
        2465000   -103221.1677        23.2      -103110.3514      -110.8163 17m50s/Msamples
        2466000   -103226.0191        23.2      -103113.9591      -112.0599 17m50s/Msamples
        2467000   -103231.5370        23.2      -103108.1338      -123.4032 17m50s/Msamples
        2468000   -103230.5105        23.2      -103112.9467      -117.5638 17m50s/Msamples
        2469000   -103230.6973        23.2      -103116.5077      -114.1895 17m50s/Msamples
        2470000   -103241.2169        23.2      -103122.7560      -118.4609 17m50s/Msamples
        2471000   -103213.3766        23.2      -103113.2286      -100.1480 17m50s/Msamples
        2472000   -103220.6986        23.3      -103119.7125      -100.9860 17m50s/Msamples
        2473000   -103222.5160        23.3      -103117.7817      -104.7343 17m50s/Msamples
        2474000   -103220.9536        23.3      -103114.6872      -106.2664 17m50s/Msamples
        2475000   -103228.2079        23.3      -103110.4941      -117.7138 17m50s/Msamples
        2476000   -103236.0462        23.3      -103122.5386      -113.5075 17m50s/Msamples
        2477000   -103227.7632        23.3      -103125.2933      -102.4698 17m50s/Msamples
        2478000   -103220.1751        23.4      -103114.8584      -105.3166 17m50s/Msamples
        2479000   -103218.4231        23.4      -103108.4464      -109.9766 17m50s/Msamples
        2480000   -103214.3651        23.5      -103108.7415      -105.6236 17m50s/Msamples
        2481000   -103222.6799        23.5      -103116.0817      -106.5981 17m50s/Msamples
        2482000   -103226.4489        23.5      -103117.6182      -108.8307 17m50s/Msamples
        2483000   -103231.5959        23.5      -103119.0280      -112.5679 17m50s/Msamples
        2484000   -103229.7714        23.5      -103122.7888      -106.9825 17m50s/Msamples
        2485000   -103240.5356        23.5      -103121.4795      -119.0561 17m50s/Msamples
        2486000   -103233.5696        23.5      -103115.3244      -118.2452 17m50s/Msamples
        2487000   -103224.0901        23.5      -103112.4146      -111.6754 17m50s/Msamples
        2488000   -103225.5804        23.5      -103116.1836      -109.3968 17m50s/Msamples
        2489000   -103216.8433        23.6      -103112.5244      -104.3189 17m50s/Msamples
        2490000   -103207.2984        23.6      -103112.4865       -94.8119 17m50s/Msamples
        2491000   -103199.4335        23.7      -103107.4502       -91.9833 17m50s/Msamples
        2492000   -103219.6353        23.8      -103115.4633      -104.1719 17m50s/Msamples
        2493000   -103216.8547        23.8      -103125.1115       -91.7432 17m50s/Msamples
        2494000   -103208.1206        23.9      -103122.7055       -85.4150 17m50s/Msamples
        2495000   -103210.9502        24.1      -103124.5946       -86.3556 17m50s/Msamples
        2496000   -103217.6942        24.2      -103125.2260       -92.4682 17m50s/Msamples
        2497000   -103217.4072        24.2      -103126.4438       -90.9634 17m50s/Msamples
        2498000   -103203.8214        24.3      -103116.7124       -87.1089 17m50s/Msamples
        2499000   -103214.9970        24.4      -103123.5363       -91.4606 17m50s/Msamples
        2500000   -103219.3594        24.4      -103128.2963       -91.0631 17m50s/Msamples
        2501000   -103215.8640        24.4      -103125.8053       -90.0586 17m50s/Msamples
        2502000   -103229.7031        24.4      -103126.9424      -102.7606 17m50s/Msamples
        2503000   -103234.3916        24.4      -103127.0191      -107.3725 17m50s/Msamples
        2504000   -103233.0100        24.4      -103121.8848      -111.1251 17m50s/Msamples
        2505000   -103227.7703        24.4      -103118.6832      -109.0871 17m50s/Msamples
        2506000   -103230.2203        24.4      -103124.2756      -105.9446 17m50s/Msamples
        2507000   -103237.4268        24.4      -103127.5642      -109.8626 17m50s/Msamples
        2508000   -103234.7932        24.4      -103125.5928      -109.2003 17m50s/Msamples
        2509000   -103246.9773        24.4      -103139.3035      -107.6737 17m50s/Msamples
        2510000   -103234.8026        24.4      -103124.8150      -109.9875 17m50s/Msamples
        2511000   -103244.6874        24.4      -103129.8333      -114.8540 17m50s/Msamples
        2512000   -103239.3873        24.4      -103133.7443      -105.6430 17m50s/Msamples
        2513000   -103235.7417        24.4      -103128.7130      -107.0287 17m50s/Msamples
        2514000   -103243.2219        24.4      -103130.5210      -112.7008 17m50s/Msamples
        2515000   -103234.3251        24.4      -103132.5320      -101.7931 17m50s/Msamples
        2516000   -103234.6143        24.4      -103128.9708      -105.6435 17m50s/Msamples
        2517000   -103231.7035        24.4      -103122.7364      -108.9671 17m50s/Msamples
        2518000   -103233.1754        24.4      -103124.9831      -108.1922 17m50s/Msamples
        2519000   -103237.7400        24.4      -103129.5354      -108.2045 17m50s/Msamples
        2520000   -103234.5517        24.4      -103131.9016      -102.6501 17m50s/Msamples
        2521000   -103236.2125        24.4      -103129.0349      -107.1776 17m50s/Msamples
        2522000   -103234.2562        24.4      -103128.7766      -105.4795 17m50s/Msamples
        2523000   -103226.7128        24.4      -103124.5191      -102.1936 17m50s/Msamples
        2524000   -103228.1230        24.4      -103125.4114      -102.7115 17m50s/Msamples
        2525000   -103227.6383        24.4      -103126.2988      -101.3394 17m50s/Msamples
        2526000   -103242.0504        24.4      -103136.0202      -106.0301 17m50s/Msamples
        2527000   -103246.5875        24.4      -103130.9531      -115.6343 17m50s/Msamples
        2528000   -103236.6288        24.4      -103124.6698      -111.9590 17m50s/Msamples
        2529000   -103237.1582        24.4      -103122.2529      -114.9052 17m50s/Msamples
        2530000   -103237.4143        24.4      -103124.1934      -113.2209 17m50s/Msamples
        2531000   -103237.3117        24.2      -103118.4805      -118.8312 17m50s/Msamples
        2532000   -103231.6427        24.2      -103115.6404      -116.0022 17m50s/Msamples
        2533000   -103241.1872        24.2      -103123.4489      -117.7382 17m50s/Msamples
        2534000   -103240.8598        24.2      -103122.9199      -117.9399 17m50s/Msamples
        2535000   -103243.4010        24.1      -103125.7529      -117.6481 17m50s/Msamples
        2536000   -103243.6754        24.1      -103123.0351      -120.6402 17m50s/Msamples
        2537000   -103228.2791        24.1      -103123.1853      -105.0937 17m50s/Msamples
        2538000   -103229.2127        24.1      -103117.6737      -111.5390 17m50s/Msamples
        2539000   -103235.8943        24.2      -103121.0528      -114.8415 17m50s/Msamples
        2540000   -103218.6815        24.2      -103115.8362      -102.8452 17m50s/Msamples
        2541000   -103222.5198        24.2      -103115.6468      -106.8729 17m50s/Msamples
        2542000   -103240.6588        24.2      -103126.6576      -114.0011 17m50s/Msamples
        2543000   -103229.7129        24.2      -103116.8773      -112.8355 17m50s/Msamples
        2544000   -103233.1878        24.2      -103117.7970      -115.3908 17m50s/Msamples
        2545000   -103239.5863        24.2      -103120.3191      -119.2672 17m50s/Msamples
        2546000   -103230.1422        24.2      -103114.8937      -115.2485 17m50s/Msamples
        2547000   -103234.1375        24.2      -103115.9825      -118.1549 17m50s/Msamples
        2548000   -103236.5182        24.2      -103121.2186      -115.2995 17m50s/Msamples
        2549000   -103245.1879        24.2      -103124.5688      -120.6191 17m50s/Msamples
        2550000   -103244.3497        24.2      -103124.2223      -120.1274 17m50s/Msamples
        2551000   -103251.0078        24.1      -103122.9039      -128.1039 17m50s/Msamples
        2552000   -103242.0520        24.1      -103121.7607      -120.2913 17m50s/Msamples
        2553000   -103238.8272        24.1      -103116.4978      -122.3294 17m50s/Msamples
        2554000   -103247.0257        24.1      -103126.9708      -120.0548 17m50s/Msamples
        2555000   -103246.3320        24.1      -103123.3915      -122.9405 17m50s/Msamples
        2556000   -103249.4877        24.1      -103122.3204      -127.1672 17m50s/Msamples
        2557000   -103248.0856        24.0      -103123.6138      -124.4717 17m50s/Msamples
        2558000   -103233.4670        24.0      -103116.1541      -117.3129 17m50s/Msamples
        2559000   -103241.4142        24.0      -103121.2491      -120.1650 17m50s/Msamples
        2560000   -103231.6414        24.0      -103116.3363      -115.3051 17m50s/Msamples
        2561000   -103232.1756        24.0      -103117.5280      -114.6476 17m50s/Msamples
        2562000   -103230.0816        24.1      -103114.5855      -115.4960 17m50s/Msamples
        2563000   -103230.8543        24.1      -103122.1873      -108.6669 17m50s/Msamples
        2564000   -103239.2891        24.0      -103125.2173      -114.0718 17m50s/Msamples
        2565000   -103246.2197        24.0      -103126.8531      -119.3666 17m50s/Msamples
        2566000   -103242.9731        24.0      -103121.2111      -121.7619 17m50s/Msamples
        2567000   -103244.2507        24.0      -103124.0716      -120.1791 17m50s/Msamples
        2568000   -103237.0198        24.0      -103124.3482      -112.6716 17m50s/Msamples
        2569000   -103234.7810        24.0      -103132.2994      -102.4816 17m50s/Msamples
        2570000   -103224.5060        24.0      -103120.3512      -104.1548 17m50s/Msamples
        2571000   -103227.9448        24.0      -103120.2664      -107.6783 17m50s/Msamples
        2572000   -103229.8946        24.0      -103124.9204      -104.9741 17m50s/Msamples
        2573000   -103244.1097        24.0      -103128.9161      -115.1936 17m50s/Msamples
        2574000   -103240.0299        24.0      -103130.9722      -109.0576 17m50s/Msamples
        2575000   -103229.8206        24.0      -103127.9749      -101.8457 17m50s/Msamples
        2576000   -103235.7246        24.0      -103127.8727      -107.8519 17m50s/Msamples
        2577000   -103233.7134        24.0      -103124.2841      -109.4292 17m50s/Msamples
        2578000   -103231.6134        24.0      -103119.9703      -111.6430 17m50s/Msamples
        2579000   -103233.3591        24.1      -103123.4338      -109.9252 17m50s/Msamples
        2580000   -103225.9229        24.1      -103119.5529      -106.3700 17m50s/Msamples
        2581000   -103235.7269        24.1      -103118.0926      -117.6342 17m50s/Msamples
        2582000   -103230.9412        24.1      -103125.5470      -105.3942 17m50s/Msamples
        2583000   -103235.4380        24.1      -103123.6269      -111.8110 17m50s/Msamples
        2584000   -103238.8698        24.1      -103130.6279      -108.2419 17m50s/Msamples
        2585000   -103243.5397        24.1      -103126.1467      -117.3929 17m50s/Msamples
        2586000   -103230.3237        24.1      -103116.8032      -113.5205 17m50s/Msamples
        2587000   -103226.8360        24.1      -103118.4776      -108.3583 17m50s/Msamples
        2588000   -103236.0847        24.1      -103120.1062      -115.9785 17m50s/Msamples
        2589000   -103252.6482        24.1      -103136.7674      -115.8807 17m50s/Msamples
        2590000   -103242.5273        24.1      -103132.2302      -110.2971 17m50s/Msamples
        2591000   -103236.0105        24.1      -103123.5572      -112.4532 17m50s/Msamples
        2592000   -103240.2204        24.0      -103129.8783      -110.3421 17m50s/Msamples
        2593000   -103218.7792        24.1      -103120.9859       -97.7933 17m50s/Msamples
        2594000   -103228.2518        24.1      -103127.5436      -100.7082 17m50s/Msamples
        2595000   -103229.7892        24.1      -103129.2911      -100.4980 17m50s/Msamples
        2596000   -103240.7860        24.1      -103136.3624      -104.4236 17m50s/Msamples
        2597000   -103242.8069        24.1      -103138.5547      -104.2521 17m50s/Msamples
        2598000   -103239.2712        24.1      -103133.0714      -106.1998 17m50s/Msamples
        2599000   -103235.7638        24.1      -103130.8338      -104.9299 17m50s/Msamples
        2600000   -103242.8727        24.1      -103131.6792      -111.1934 17m50s/Msamples
        2601000   -103238.9744        24.0      -103134.8921      -104.0822 17m50s/Msamples
        2602000   -103237.3407        24.0      -103131.8299      -105.5108 17m50s/Msamples
        2603000   -103244.1445        24.0      -103134.2411      -109.9034 17m50s/Msamples
        2604000   -103247.8250        24.0      -103134.7883      -113.0366 17m50s/Msamples
        2605000   -103249.5359        24.0      -103135.9296      -113.6062 17m50s/Msamples
        2606000   -103244.2519        24.0      -103135.0428      -109.2091 17m50s/Msamples
        2607000   -103238.1117        24.0      -103121.7227      -116.3889 17m50s/Msamples
        2608000   -103251.0011        23.9      -103130.1914      -120.8096 17m50s/Msamples
        2609000   -103253.3915        23.9      -103122.2976      -131.0939 17m50s/Msamples
        2610000   -103255.8247        23.9      -103131.3435      -124.4811 17m50s/Msamples
        2611000   -103245.6345        23.9      -103123.1503      -122.4841 17m50s/Msamples
        2612000   -103241.5748        23.9      -103122.7322      -118.8426 17m50s/Msamples
        2613000   -103248.8098        23.9      -103126.1051      -122.7047 17m50s/Msamples
        2614000   -103236.1863        23.9      -103116.0520      -120.1342 17m50s/Msamples
        2615000   -103243.0637        23.8      -103120.5710      -122.4927 17m50s/Msamples
        2616000   -103242.3855        23.8      -103119.1696      -123.2159 17m50s/Msamples
        2617000   -103237.5085        23.8      -103118.0286      -119.4799 17m50s/Msamples
        2618000   -103245.6299        23.7      -103122.0681      -123.5618 17m50s/Msamples
        2619000   -103250.0103        23.8      -103125.6110      -124.3992 17m50s/Msamples
        2620000   -103262.3096        23.8      -103127.6892      -134.6203 17m50s/Msamples
        2621000   -103266.7819        23.7      -103139.1772      -127.6046 17m50s/Msamples
        2622000   -103258.2278        23.6      -103132.9328      -125.2950 17m51s/Msamples
        2623000   -103242.9996        23.6      -103124.7603      -118.2392 17m51s/Msamples
        2624000   -103256.9067        23.6      -103130.0937      -126.8130 17m51s/Msamples
        2625000   -103259.6142        23.6      -103131.3734      -128.2408 17m51s/Msamples
        2626000   -103270.0532        23.6      -103135.5062      -134.5469 17m51s/Msamples
        2627000   -103264.5584        23.5      -103138.2557      -126.3026 17m51s/Msamples
        2628000   -103260.7600        23.5      -103138.0558      -122.7041 17m51s/Msamples
        2629000   -103254.6236        23.5      -103130.9883      -123.6353 17m51s/Msamples
        2630000   -103258.2732        23.5      -103131.1648      -127.1083 17m51s/Msamples
        2631000   -103240.5817        23.4      -103119.8092      -120.7725 17m51s/Msamples
        2632000   -103242.1235        23.4      -103129.7374      -112.3860 17m51s/Msamples
        2633000   -103253.7303        23.4      -103134.5910      -119.1393 17m51s/Msamples
        2634000   -103260.3673        23.4      -103136.4476      -123.9197 17m51s/Msamples
        2635000   -103262.8553        23.3      -103138.9606      -123.8946 17m51s/Msamples
        2636000   -103247.5801        23.3      -103132.7351      -114.8449 17m51s/Msamples
        2637000   -103250.9287        23.3      -103128.5772      -122.3515 17m51s/Msamples
        2638000   -103252.2457        23.3      -103132.1797      -120.0659 17m51s/Msamples
        2639000   -103242.9130        23.3      -103126.9650      -115.9479 17m51s/Msamples
        2640000   -103248.3010        23.2      -103128.2404      -120.0605 17m51s/Msamples
        2641000   -103260.3117        23.2      -103130.5744      -129.7373 17m51s/Msamples
        2642000   -103260.7480        23.2      -103130.9914      -129.7565 17m51s/Msamples
        2643000   -103266.9935        23.1      -103137.2290      -129.7644 17m51s/Msamples
        2644000   -103264.8674        23.1      -103129.3498      -135.5175 17m51s/Msamples
        2645000   -103269.9173        23.1      -103134.2001      -135.7171 17m51s/Msamples
        2646000   -103266.9739        23.0      -103135.5527      -131.4212 17m51s/Msamples
        2647000   -103238.0322        23.0      -103116.5955      -121.4367 17m51s/Msamples
        2648000   -103237.2540        23.0      -103119.3959      -117.8580 17m51s/Msamples
        2649000   -103240.0902        23.0      -103118.7429      -121.3473 17m51s/Msamples
        2650000   -103245.7144        23.0      -103121.5651      -124.1493 17m51s/Msamples
        2651000   -103250.1214        23.0      -103123.0716      -127.0498 17m51s/Msamples
        2652000   -103253.6263        22.9      -103128.4437      -125.1826 17m51s/Msamples
        2653000   -103245.7714        22.9      -103124.1606      -121.6108 17m51s/Msamples
        2654000   -103243.7762        22.9      -103123.6813      -120.0949 17m51s/Msamples
        2655000   -103249.2821        22.8      -103123.5880      -125.6940 17m51s/Msamples
        2656000   -103256.1610        22.8      -103132.5858      -123.5751 17m51s/Msamples
        2657000   -103235.2211        22.8      -103115.6979      -119.5231 17m51s/Msamples
        2658000   -103248.8181        22.8      -103115.3945      -133.4236 17m51s/Msamples
        2659000   -103250.6154        22.8      -103117.9347      -132.6807 17m51s/Msamples
        2660000   -103241.2270        22.8      -103119.4101      -121.8168 17m51s/Msamples
        2661000   -103250.3562        22.7      -103123.5857      -126.7705 17m51s/Msamples
        2662000   -103250.1245        22.7      -103124.2714      -125.8530 17m51s/Msamples
        2663000   -103247.3648        22.7      -103124.9171      -122.4477 17m51s/Msamples
        2664000   -103246.2029        22.7      -103123.6388      -122.5640 17m51s/Msamples
        2665000   -103253.0962        22.6      -103128.8409      -124.2552 17m51s/Msamples
        2666000   -103244.2749        22.6      -103123.6492      -120.6257 17m51s/Msamples
        2667000   -103253.2161        22.6      -103127.6854      -125.5306 17m51s/Msamples
        2668000   -103254.6826        22.5      -103120.2593      -134.4233 17m51s/Msamples
        2669000   -103242.1017        22.5      -103111.5071      -130.5945 17m51s/Msamples
        2670000   -103245.9782        22.5      -103116.2455      -129.7327 17m51s/Msamples
        2671000   -103253.5583        22.5      -103126.3960      -127.1623 17m51s/Msamples
        2672000   -103255.0955        22.4      -103126.5479      -128.5476 17m51s/Msamples
        2673000   -103240.2056        22.4      -103119.5300      -120.6755 17m51s/Msamples
        2674000   -103237.7514        22.4      -103121.6472      -116.1042 17m51s/Msamples
        2675000   -103240.7311        22.4      -103124.9404      -115.7907 17m51s/Msamples
        2676000   -103245.4030        22.4      -103125.5713      -119.8316 17m51s/Msamples
        2677000   -103249.9658        22.4      -103128.8636      -121.1021 17m51s/Msamples
        2678000   -103242.5455        22.3      -103122.8692      -119.6762 17m51s/Msamples
        2679000   -103243.6153        22.3      -103120.9486      -122.6666 17m51s/Msamples
        2680000   -103243.8071        22.3      -103123.3875      -120.4195 17m51s/Msamples
        2681000   -103238.8764        22.3      -103120.3871      -118.4892 17m51s/Msamples
        2682000   -103236.0703        22.3      -103118.7440      -117.3263 17m51s/Msamples
        2683000   -103240.7399        22.3      -103115.9077      -124.8321 17m51s/Msamples
        2684000   -103233.6388        22.3      -103111.2967      -122.3420 17m51s/Msamples
        2685000   -103235.3430        22.3      -103117.3467      -117.9962 17m51s/Msamples
        2686000   -103231.3565        22.3      -103113.9912      -117.3653 17m51s/Msamples
        2687000   -103227.9650        22.3      -103111.1874      -116.7775 17m51s/Msamples
        2688000   -103228.5868        22.3      -103111.1733      -117.4134 17m51s/Msamples
        2689000   -103222.5755        22.3      -103110.2594      -112.3161 17m51s/Msamples
        2690000   -103233.5198        22.3      -103114.6049      -118.9149 17m51s/Msamples
        2691000   -103241.2688        22.3      -103116.7688      -124.5000 17m51s/Msamples
        2692000   -103254.6404        22.3      -103130.8770      -123.7633 17m51s/Msamples
        2693000   -103256.2815        22.2      -103126.0239      -130.2576 17m51s/Msamples
        2694000   -103237.0845        22.2      -103120.5751      -116.5094 17m51s/Msamples
        2695000   -103228.9645        22.2      -103118.8273      -110.1371 17m51s/Msamples
        2696000   -103240.0135        22.2      -103121.9061      -118.1073 17m51s/Msamples
        2697000   -103249.9171        22.2      -103127.3643      -122.5528 17m51s/Msamples
        2698000   -103269.5731        22.2      -103133.7464      -135.8266 17m51s/Msamples
        2699000   -103254.5688        22.1      -103128.5544      -126.0143 17m51s/Msamples
        2700000   -103253.7973        22.1      -103123.1419      -130.6553 17m51s/Msamples
        2701000   -103267.4501        22.1      -103130.3122      -137.1379 17m51s/Msamples
        2702000   -103293.5663        22.0      -103137.7655      -155.8008 17m51s/Msamples
        2703000   -103289.2500        22.0      -103134.8068      -154.4431 17m51s/Msamples
        2704000   -103285.7451        22.0      -103132.0124      -153.7327 17m51s/Msamples
        2705000   -103284.8376        22.0      -103133.1914      -151.6462 17m51s/Msamples
        2706000   -103280.4452        21.9      -103139.4431      -141.0020 17m51s/Msamples
        2707000   -103281.6886        21.9      -103134.4885      -147.2001 17m51s/Msamples
        2708000   -103279.7914        21.9      -103137.5638      -142.2276 17m51s/Msamples
        2709000   -103280.1522        21.8      -103139.1523      -140.9999 17m51s/Msamples
        2710000   -103262.5799        21.8      -103134.7569      -127.8229 17m51s/Msamples
        2711000   -103253.5038        21.7      -103127.1812      -126.3225 17m51s/Msamples
        2712000   -103255.3370        21.7      -103125.5768      -129.7601 17m51s/Msamples
        2713000   -103254.6241        21.7      -103125.3608      -129.2633 17m51s/Msamples
        2714000   -103256.0446        21.6      -103127.6990      -128.3455 17m51s/Msamples
        2715000   -103250.5258        21.6      -103122.3566      -128.1692 17m51s/Msamples
        2716000   -103260.0583        21.6      -103127.2843      -132.7739 17m51s/Msamples
        2717000   -103253.8099        21.5      -103129.3186      -124.4912 17m51s/Msamples
        2718000   -103255.5368        21.5      -103127.7382      -127.7985 17m51s/Msamples
        2719000   -103255.9151        21.5      -103129.4042      -126.5109 17m51s/Msamples
        2720000   -103245.5816        21.4      -103121.5244      -124.0571 17m51s/Msamples
        2721000   -103244.9163        21.4      -103125.1648      -119.7515 17m51s/Msamples
        2722000   -103257.6430        21.4      -103131.9375      -125.7054 17m51s/Msamples
        2723000   -103271.8076        21.3      -103139.4326      -132.3750 17m51s/Msamples
        2724000   -103263.3762        21.3      -103138.4743      -124.9018 17m51s/Msamples
        2725000   -103257.1264        21.3      -103134.6970      -122.4294 17m51s/Msamples
        2726000   -103253.5699        21.2      -103126.9027      -126.6671 17m51s/Msamples
        2727000   -103258.0228        21.2      -103133.3828      -124.6400 17m51s/Msamples
        2728000   -103258.9034        21.2      -103138.0775      -120.8259 17m51s/Msamples
        2729000   -103259.4282        21.1      -103132.2273      -127.2008 17m51s/Msamples
        2730000   -103257.5479        21.1      -103132.8882      -124.6597 17m51s/Msamples
        2731000   -103263.7222        21.1      -103132.8485      -130.8736 17m51s/Msamples
        2732000   -103267.6911        21.0      -103135.8158      -131.8752 17m51s/Msamples
        2733000   -103265.2935        21.0      -103133.3916      -131.9018 17m51s/Msamples
        2734000   -103270.4315        20.9      -103137.0560      -133.3754 17m51s/Msamples
        2735000   -103262.6938        20.9      -103131.8175      -130.8763 17m51s/Msamples
        2736000   -103256.7130        20.9      -103131.0483      -125.6646 17m51s/Msamples
        2737000   -103256.8704        20.8      -103123.5017      -133.3687 17m51s/Msamples
        2738000   -103254.0707        20.8      -103129.0026      -125.0680 17m51s/Msamples
        2739000   -103271.3277        20.8      -103136.6430      -134.6846 17m51s/Msamples
        2740000   -103271.1754        20.7      -103132.3783      -138.7971 17m52s/Msamples
        2741000   -103273.4343        20.7      -103132.7162      -140.7180 17m52s/Msamples
        2742000   -103272.4609        20.7      -103134.8804      -137.5804 17m52s/Msamples
        2743000   -103262.6485        20.6      -103125.4052      -137.2433 17m52s/Msamples
        2744000   -103256.9721        20.6      -103125.5094      -131.4627 17m52s/Msamples
        2745000   -103259.8626        20.6      -103127.7542      -132.1084 17m52s/Msamples
        2746000   -103266.8006        20.5      -103123.9823      -142.8182 17m52s/Msamples
        2747000   -103280.4178        20.5      -103131.6650      -148.7527 17m52s/Msamples
        2748000   -103277.9706        20.5      -103126.9884      -150.9821 17m52s/Msamples
        2749000   -103270.0439        20.4      -103123.8117      -146.2321 17m52s/Msamples
        2750000   -103263.3642        20.4      -103132.7053      -130.6588 17m52s/Msamples
        2751000   -103255.4463        20.4      -103132.7169      -122.7294 17m52s/Msamples
        2752000   -103259.1644        20.3      -103132.1401      -127.0242 17m52s/Msamples
        2753000   -103256.3074        20.3      -103131.0952      -125.2121 17m52s/Msamples
        2754000   -103261.8974        20.3      -103135.4064      -126.4910 17m52s/Msamples
        2755000   -103253.4915        20.2      -103134.3418      -119.1497 17m52s/Msamples
        2756000   -103261.3494        20.2      -103134.4101      -126.9393 17m52s/Msamples
        2757000   -103256.4528        20.2      -103127.4012      -129.0516 17m52s/Msamples
        2758000   -103252.3014        20.1      -103125.9980      -126.3034 17m52s/Msamples
        2759000   -103256.3802        20.1      -103126.5898      -129.7904 17m52s/Msamples
        2760000   -103262.4623        20.1      -103131.5107      -130.9516 17m52s/Msamples
        2761000   -103276.1000        20.0      -103133.6229      -142.4771 17m52s/Msamples
        2762000   -103281.3718        20.0      -103139.7413      -141.6305 17m52s/Msamples
        2763000   -103285.4584        20.0      -103137.7773      -147.6810 17m52s/Msamples
        2764000   -103279.6440        19.9      -103135.5111      -144.1329 17m52s/Msamples
        2765000   -103273.4927        19.9      -103140.1122      -133.3804 17m52s/Msamples
        2766000   -103264.8555        19.8      -103129.2887      -135.5668 17m52s/Msamples
        2767000   -103264.8668        19.8      -103132.9116      -131.9552 17m52s/Msamples
        2768000   -103271.9054        19.8      -103135.5626      -136.3428 17m52s/Msamples
        2769000   -103277.8791        19.7      -103134.2580      -143.6210 17m52s/Msamples
        2770000   -103273.3005        19.7      -103137.0009      -136.2996 17m52s/Msamples
        2771000   -103275.6223        19.6      -103137.5459      -138.0763 17m52s/Msamples
        2772000   -103274.2824        19.6      -103143.0375      -131.2449 17m52s/Msamples
        2773000   -103283.6135        19.5      -103141.4611      -142.1524 17m52s/Msamples
        2774000   -103272.8300        19.5      -103138.2734      -134.5566 17m52s/Msamples
        2775000   -103270.6786        19.4      -103139.3191      -131.3594 17m52s/Msamples
        2776000   -103274.8854        19.4      -103139.5193      -135.3661 17m52s/Msamples
        2777000   -103292.6121        19.4      -103151.0289      -141.5831 17m52s/Msamples
        2778000   -103281.8998        19.3      -103138.4615      -143.4383 17m52s/Msamples
        2779000   -103266.0823        19.3      -103130.4292      -135.6530 17m52s/Msamples
        2780000   -103264.6701        19.2      -103133.6371      -131.0330 17m52s/Msamples
        2781000   -103257.4910        19.2      -103123.0992      -134.3918 17m52s/Msamples
        2782000   -103269.7143        19.1      -103127.9419      -141.7723 17m52s/Msamples
        2783000   -103264.7912        19.1      -103124.4020      -140.3891 17m52s/Msamples
        2784000   -103265.4276        19.1      -103121.7302      -143.6974 17m52s/Msamples
        2785000   -103262.8761        19.0      -103126.2507      -136.6253 17m52s/Msamples
        2786000   -103258.2431        19.0      -103125.9506      -132.2925 17m52s/Msamples
        2787000   -103246.7927        19.0      -103118.3164      -128.4762 17m52s/Msamples
        2788000   -103239.0047        19.0      -103117.1919      -121.8127 17m52s/Msamples
        2789000   -103238.8832        18.9      -103118.1300      -120.7532 17m52s/Msamples
        2790000   -103246.4579        18.9      -103125.2209      -121.2369 17m52s/Msamples
        2791000   -103253.7949        18.9      -103131.5896      -122.2052 17m52s/Msamples
        2792000   -103259.8373        18.8      -103127.3908      -132.4465 17m52s/Msamples
        2793000   -103262.4985        18.8      -103124.6418      -137.8567 17m52s/Msamples
        2794000   -103256.5888        18.8      -103121.1869      -135.4018 17m52s/Msamples
        2795000   -103263.5378        18.7      -103127.5646      -135.9732 17m52s/Msamples
        2796000   -103265.8350        18.7      -103127.7593      -138.0757 17m52s/Msamples
        2797000   -103264.1683        18.6      -103122.1739      -141.9944 17m52s/Msamples
        2798000   -103258.3335        18.6      -103121.0955      -137.2380 17m52s/Msamples
        2799000   -103259.0400        18.6      -103119.2064      -139.8336 17m52s/Msamples
        2800000   -103241.3750        18.5      -103109.8338      -131.5412 17m52s/Msamples
        2801000   -103242.4229        18.5      -103111.5083      -130.9145 17m52s/Msamples
        2802000   -103233.3145        18.5      -103109.7531      -123.5614 17m52s/Msamples
        2803000   -103247.8107        18.5      -103121.5409      -126.2698 17m52s/Msamples
        2804000   -103253.3243        18.5      -103123.0871      -130.2371 17m52s/Msamples
        2805000   -103255.9893        18.4      -103125.9585      -130.0307 17m52s/Msamples
        2806000   -103255.8750        18.4      -103122.1212      -133.7537 17m52s/Msamples
        2807000   -103246.5801        18.4      -103117.8472      -128.7328 17m52s/Msamples
        2808000   -103251.0303        18.4      -103120.5754      -130.4548 17m52s/Msamples
        2809000   -103240.8633        18.4      -103115.5317      -125.3315 17m52s/Msamples
        2810000   -103236.6241        18.4      -103108.6520      -127.9720 17m52s/Msamples
        2811000   -103239.7824        18.3      -103122.4839      -117.2984 17m52s/Msamples
        2812000   -103248.1150        18.3      -103120.7588      -127.3561 17m52s/Msamples
        2813000   -103253.0829        18.3      -103124.5027      -128.5802 17m52s/Msamples
        2814000   -103257.5892        18.3      -103128.2941      -129.2951 17m52s/Msamples
        2815000   -103264.5732        18.2      -103123.0055      -141.5676 17m52s/Msamples
        2816000   -103263.7495        18.2      -103130.8541      -132.8953 17m52s/Msamples
        2817000   -103269.1851        18.1      -103133.1247      -136.0603 17m52s/Msamples
        2818000   -103257.1431        18.1      -103123.6161      -133.5269 17m52s/Msamples
        2819000   -103259.8627        18.1      -103130.1768      -129.6858 17m52s/Msamples
        2820000   -103266.9497        18.0      -103133.6871      -133.2625 17m52s/Msamples
        2821000   -103260.0580        18.0      -103130.7959      -129.2621 17m52s/Msamples
        2822000   -103266.5907        17.9      -103140.3307      -126.2599 17m52s/Msamples
        2823000   -103257.8548        17.9      -103134.7220      -123.1327 17m52s/Msamples
        2824000   -103255.6990        17.9      -103130.9577      -124.7412 17m52s/Msamples
        2825000   -103240.0870        17.9      -103121.1985      -118.8884 17m52s/Msamples
        2826000   -103247.5178        17.8      -103125.1522      -122.3656 17m52s/Msamples
        2827000   -103237.1082        17.8      -103120.8577      -116.2504 17m52s/Msamples
        2828000   -103224.8184        17.9      -103111.9592      -112.8591 17m52s/Msamples
        2829000   -103237.4596        17.9      -103117.1955      -120.2641 17m52s/Msamples
        2830000   -103241.5288        17.8      -103123.3852      -118.1436 17m52s/Msamples
        2831000   -103246.6384        17.8      -103120.0604      -126.5779 17m52s/Msamples
        2832000   -103246.3965        17.8      -103125.9858      -120.4106 17m52s/Msamples
        2833000   -103258.1115        17.8      -103133.2436      -124.8679 17m52s/Msamples
        2834000   -103254.2854        17.7      -103128.6469      -125.6384 17m52s/Msamples
        2835000   -103254.4051        17.7      -103129.1371      -125.2679 17m52s/Msamples
        2836000   -103247.3963        17.7      -103129.4815      -117.9147 17m52s/Msamples
        2837000   -103236.6231        17.7      -103119.9122      -116.7108 17m53s/Msamples
        2838000   -103251.0104        17.6      -103131.0565      -119.9539 17m53s/Msamples
        2839000   -103255.8245        17.6      -103127.9279      -127.8965 17m53s/Msamples
        2840000   -103256.6483        17.6      -103122.7014      -133.9468 17m53s/Msamples
        2841000   -103244.8544        17.6      -103119.3245      -125.5298 17m53s/Msamples
        2842000   -103240.5508        17.5      -103123.2673      -117.2834 17m53s/Msamples
        2843000   -103240.0018        17.5      -103118.4564      -121.5454 17m53s/Msamples
        2844000   -103231.5749        17.5      -103117.0889      -114.4860 17m53s/Msamples
        2845000   -103235.7266        17.5      -103127.8135      -107.9131 17m53s/Msamples
        2846000   -103242.0040        17.5      -103125.8729      -116.1310 17m53s/Msamples
        2847000   -103240.2492        17.5      -103118.6260      -121.6231 17m53s/Msamples
        2848000   -103240.1403        17.5      -103123.6199      -116.5203 17m52s/Msamples
        2849000   -103243.1326        17.5      -103126.9596      -116.1730 17m52s/Msamples
        2850000   -103255.9552        17.4      -103135.1016      -120.8535 17m52s/Msamples
        2851000   -103252.5570        17.4      -103135.4435      -117.1135 17m52s/Msamples
        2852000   -103250.8171        17.4      -103135.9512      -114.8658 17m52s/Msamples
        2853000   -103254.1440        17.3      -103138.9514      -115.1925 17m52s/Msamples
        2854000   -103257.4328        17.3      -103136.2748      -121.1579 17m52s/Msamples
        2855000   -103247.1298        17.3      -103131.0025      -116.1272 17m53s/Msamples
        2856000   -103245.5742        17.3      -103127.7767      -117.7975 17m53s/Msamples
        2857000   -103239.4524        17.3      -103122.0617      -117.3907 17m52s/Msamples
        2858000   -103250.0306        17.2      -103127.5788      -122.4518 17m52s/Msamples
        2859000   -103235.4758        17.2      -103121.1257      -114.3501 17m52s/Msamples
        2860000   -103237.1991        17.2      -103125.4309      -111.7681 17m52s/Msamples
        2861000   -103231.9277        17.2      -103126.5429      -105.3847 17m52s/Msamples
        2862000   -103233.0367        17.2      -103126.1566      -106.8800 17m52s/Msamples
        2863000   -103240.9340        17.2      -103131.9527      -108.9812 17m52s/Msamples
        2864000   -103250.9857        17.2      -103137.6554      -113.3303 17m52s/Msamples
        2865000   -103241.8044        17.2      -103125.5519      -116.2525 17m52s/Msamples
        2866000   -103240.2360        17.2      -103122.2361      -117.9998 17m53s/Msamples
        2867000   -103238.7976        17.1      -103114.2817      -124.5159 17m53s/Msamples
        2868000   -103239.3586        17.1      -103123.6393      -115.7193 17m53s/Msamples
        2869000   -103252.1133        17.1      -103129.1539      -122.9594 17m53s/Msamples
        2870000   -103249.6087        17.1      -103132.2747      -117.3340 17m53s/Msamples
        2871000   -103257.3995        17.0      -103130.9069      -126.4926 17m53s/Msamples
        2872000   -103259.7162        17.0      -103127.4845      -132.2317 17m53s/Msamples
        2873000   -103269.7197        17.0      -103136.0435      -133.6761 17m53s/Msamples
        2874000   -103244.4756        16.9      -103122.1332      -122.3423 17m53s/Msamples
        2875000   -103246.3904        16.9      -103128.8251      -117.5652 17m53s/Msamples
        2876000   -103251.7391        16.9      -103131.0557      -120.6834 17m53s/Msamples
        2877000   -103258.6147        16.9      -103129.2640      -129.3506 17m53s/Msamples
        2878000   -103251.5107        16.8      -103121.3785      -130.1322 17m53s/Msamples
        2879000   -103249.7456        16.8      -103123.0369      -126.7086 17m53s/Msamples
        2880000   -103260.2285        16.8      -103127.1683      -133.0601 17m53s/Msamples
        2881000   -103256.9482        16.7      -103124.1502      -132.7980 17m53s/Msamples
        2882000   -103249.0727        16.7      -103116.8043      -132.2683 17m53s/Msamples
        2883000   -103248.0581        16.7      -103120.7585      -127.2995 17m53s/Msamples
        2884000   -103246.4957        16.7      -103121.7105      -124.7852 17m53s/Msamples
        2885000   -103251.8272        16.6      -103129.7141      -122.1131 17m53s/Msamples
        2886000   -103254.9920        16.6      -103131.2836      -123.7084 17m53s/Msamples
        2887000   -103258.6292        16.6      -103130.4436      -128.1856 17m53s/Msamples
        2888000   -103261.5004        16.5      -103129.5905      -131.9098 17m53s/Msamples
        2889000   -103261.2855        16.5      -103128.7442      -132.5413 17m53s/Msamples
        2890000   -103260.6802        16.5      -103132.8473      -127.8328 17m53s/Msamples
        2891000   -103253.2989        16.4      -103133.6509      -119.6479 17m53s/Msamples
        2892000   -103262.1860        16.3      -103136.0549      -126.1311 17m53s/Msamples
        2893000   -103267.7975        16.2      -103138.2804      -129.5171 17m53s/Msamples
        2894000   -103254.5571        16.2      -103127.5947      -126.9623 17m53s/Msamples
        2895000   -103266.3653        16.2      -103133.7471      -132.6182 17m53s/Msamples
        2896000   -103267.9947        16.1      -103134.1485      -133.8462 17m53s/Msamples
        2897000   -103258.0272        16.1      -103129.9067      -128.1204 17m53s/Msamples
        2898000   -103255.5364        16.1      -103127.1602      -128.3761 17m53s/Msamples
        2899000   -103260.1201        16.0      -103138.3792      -121.7408 17m53s/Msamples
        2900000   -103272.0574        16.0      -103141.3450      -130.7123 17m53s/Msamples
        2901000   -103267.4993        15.9      -103136.1663      -131.3330 17m53s/Msamples
        2902000   -103254.0019        15.9      -103132.7692      -121.2326 17m53s/Msamples
        2903000   -103242.6450        15.9      -103135.6203      -107.0246 17m53s/Msamples
        2904000   -103254.8544        15.9      -103145.5937      -109.2607 17m53s/Msamples
        2905000   -103246.8248        15.9      -103138.4093      -108.4155 17m53s/Msamples
        2906000   -103256.3663        15.8      -103150.6267      -105.7396 17m53s/Msamples
        2907000   -103246.7565        15.8      -103147.2266       -99.5299 17m53s/Msamples
        2908000   -103241.7910        15.8      -103137.1573      -104.6337 17m53s/Msamples
        2909000   -103240.1132        15.8      -103134.2813      -105.8319 17m53s/Msamples
        2910000   -103260.1850        15.7      -103143.1457      -117.0392 17m53s/Msamples
        2911000   -103257.4193        15.7      -103142.9002      -114.5190 17m53s/Msamples
        2912000   -103259.9556        15.7      -103142.4845      -117.4710 17m53s/Msamples
        2913000   -103246.7397        15.7      -103138.1483      -108.5913 17m53s/Msamples
        2914000   -103242.8346        15.6      -103132.4335      -110.4010 17m53s/Msamples
        2915000   -103244.7731        15.6      -103133.5497      -111.2234 17m53s/Msamples
        2916000   -103259.4189        15.6      -103141.3325      -118.0864 17m53s/Msamples
        2917000   -103245.9235        15.6      -103135.6741      -110.2494 17m53s/Msamples
        2918000   -103251.2018        15.6      -103135.7915      -115.4103 17m53s/Msamples
        2919000   -103259.3422        15.5      -103142.6190      -116.7231 17m53s/Msamples
        2920000   -103242.8430        15.5      -103133.5142      -109.3287 17m53s/Msamples
        2921000   -103242.4868        15.5      -103133.1166      -109.3701 17m53s/Msamples
        2922000   -103243.2652        15.5      -103132.1426      -111.1226 17m53s/Msamples
        2923000   -103249.1657        15.4      -103136.5869      -112.5788 17m53s/Msamples
        2924000   -103250.8528        15.4      -103138.8986      -111.9542 17m53s/Msamples
        2925000   -103237.6657        15.4      -103132.0311      -105.6346 17m53s/Msamples
        2926000   -103254.2377        15.4      -103131.9511      -122.2865 17m53s/Msamples
        2927000   -103250.8765        15.4      -103127.5759      -123.3005 17m53s/Msamples
        2928000   -103252.5757        15.3      -103126.4839      -126.0917 17m53s/Msamples
        2929000   -103259.9728        15.3      -103131.3968      -128.5759 17m53s/Msamples
        2930000   -103239.2637        15.3      -103124.7472      -114.5165 17m53s/Msamples
        2931000   -103248.5602        15.3      -103125.8876      -122.6725 17m53s/Msamples
        2932000   -103230.9187        15.3      -103121.7470      -109.1716 17m53s/Msamples
        2933000   -103215.6849        15.3      -103120.5199       -95.1649 17m53s/Msamples
        2934000   -103216.5427        15.3      -103114.3292      -102.2135 17m53s/Msamples
        2935000   -103201.5797        15.4      -103107.3728       -94.2069 17m53s/Msamples
        2936000   -103206.1425        15.5      -103113.8799       -92.2625 17m53s/Msamples
        2937000   -103211.1092        15.5      -103116.4134       -94.6957 17m53s/Msamples
        2938000   -103210.0952        15.6      -103118.2480       -91.8472 17m53s/Msamples
        2939000   -103230.6337        15.6      -103124.9148      -105.7188 17m53s/Msamples
        2940000   -103235.1552        15.6      -103130.4633      -104.6919 17m53s/Msamples
        2941000   -103246.2555        15.6      -103135.5023      -110.7532 17m53s/Msamples
        2942000   -103248.3740        15.5      -103136.2155      -112.1584 17m53s/Msamples
        2943000   -103247.9766        15.5      -103134.1720      -113.8046 17m53s/Msamples
        2944000   -103252.2791        15.5      -103133.9219      -118.3571 17m53s/Msamples
        2945000   -103239.1136        15.5      -103129.7425      -109.3710 17m53s/Msamples
        2946000   -103242.0337        15.5      -103131.6432      -110.3904 17m53s/Msamples
        2947000   -103224.5236        15.5      -103127.1448       -97.3787 17m53s/Msamples
        2948000   -103237.7808        15.5      -103131.6416      -106.1392 17m53s/Msamples
        2949000   -103243.5570        15.5      -103135.2665      -108.2904 17m53s/Msamples
        2950000   -103220.4091        15.5      -103126.8708       -93.5383 17m53s/Msamples
        2951000   -103226.8104        15.5      -103130.2687       -96.5417 17m53s/Msamples
        2952000   -103226.6734        15.5      -103129.6805       -96.9929 17m53s/Msamples
        2953000   -103237.2766        15.5      -103133.8875      -103.3890 17m53s/Msamples
        2954000   -103242.1720        15.5      -103135.2701      -106.9019 17m53s/Msamples
        2955000   -103243.4191        15.5      -103132.4717      -110.9474 17m53s/Msamples
        2956000   -103243.2984        15.5      -103134.0558      -109.2426 17m53s/Msamples
        2957000   -103238.2954        15.5      -103136.1129      -102.1824 17m53s/Msamples
        2958000   -103256.9851        15.4      -103143.7916      -113.1934 17m53s/Msamples
        2959000   -103240.5970        15.4      -103133.9381      -106.6588 17m53s/Msamples
        2960000   -103229.0783        15.4      -103133.9715       -95.1067 17m53s/Msamples
        2961000   -103225.0110        15.4      -103126.8600       -98.1510 17m53s/Msamples
        2962000   -103225.2938        15.5      -103131.4050       -93.8888 17m53s/Msamples
        2963000   -103239.8266        15.5      -103140.5468       -99.2797 17m53s/Msamples
        2964000   -103237.9417        15.4      -103140.1763       -97.7654 17m53s/Msamples
        2965000   -103228.4550        15.5      -103140.6353       -87.8197 17m53s/Msamples
        2966000   -103218.0651        15.5      -103132.6148       -85.4502 17m53s/Msamples
        2967000   -103225.7116        15.5      -103133.6443       -92.0672 17m53s/Msamples
        2968000   -103229.8314        15.5      -103134.0207       -95.8107 17m53s/Msamples
        2969000   -103224.5798        15.5      -103136.9966       -87.5832 17m53s/Msamples
        2970000   -103231.8094        15.5      -103138.7519       -93.0574 17m53s/Msamples
        2971000   -103234.8100        15.5      -103135.0934       -99.7166 17m53s/Msamples
        2972000   -103236.3878        15.5      -103137.0549       -99.3328 17m53s/Msamples
        2973000   -103236.3588        15.5      -103140.5091       -95.8497 17m53s/Msamples
        2974000   -103240.4411        15.5      -103135.6069      -104.8341 17m53s/Msamples
        2975000   -103242.4398        15.5      -103138.2296      -104.2101 17m53s/Msamples
        2976000   -103245.8674        15.5      -103149.9999       -95.8675 17m53s/Msamples
        2977000   -103238.0932        15.5      -103133.5351      -104.5580 17m53s/Msamples
        2978000   -103243.8093        15.5      -103138.6708      -105.1385 17m53s/Msamples
        2979000   -103240.1770        15.4      -103140.1837       -99.9932 17m53s/Msamples
        2980000   -103243.9648        15.4      -103134.9838      -108.9810 17m53s/Msamples
        2981000   -103230.3013        15.4      -103132.3779       -97.9234 17m53s/Msamples
        2982000   -103240.9133        15.4      -103139.6435      -101.2698 17m53s/Msamples
        2983000   -103247.4535        15.4      -103148.3399       -99.1136 17m53s/Msamples
        2984000   -103256.3259        15.4      -103145.4838      -110.8420 17m53s/Msamples
        2985000   -103242.5323        15.4      -103138.3278      -104.2044 17m53s/Msamples
        2986000   -103236.5371        15.4      -103136.3695      -100.1676 17m53s/Msamples
        2987000   -103232.2766        15.4      -103133.5262       -98.7504 17m53s/Msamples
        2988000   -103237.5113        15.4      -103128.0292      -109.4821 17m53s/Msamples
        2989000   -103229.4120        15.4      -103130.3890       -99.0230 17m53s/Msamples
        2990000   -103230.1685        15.4      -103134.2962       -95.8722 17m53s/Msamples
        2991000   -103241.9442        15.3      -103137.4381      -104.5061 17m53s/Msamples
        2992000   -103256.7615        15.3      -103143.5872      -113.1743 17m53s/Msamples
        2993000   -103263.6732        15.3      -103146.6698      -117.0034 17m53s/Msamples
        2994000   -103261.7917        15.3      -103143.9140      -117.8777 17m53s/Msamples
        2995000   -103249.4191        15.2      -103139.7578      -109.6612 17m53s/Msamples
        2996000   -103247.7391        15.2      -103138.0905      -109.6485 17m53s/Msamples
        2997000   -103239.0586        15.2      -103136.9701      -102.0884 17m53s/Msamples
        2998000   -103245.5315        15.2      -103144.1118      -101.4196 17m53s/Msamples
        2999000   -103242.9263        15.2      -103144.1528       -98.7735 17m53s/Msamples
        3000000   -103244.9542        15.2      -103142.7237      -102.2305 17m53s/Msamples
        3001000   -103253.1730        15.1      -103144.6371      -108.5359 17m53s/Msamples
        3002000   -103249.3523        15.1      -103143.5124      -105.8398 17m53s/Msamples
        3003000   -103248.0860        15.1      -103144.6641      -103.4218 17m53s/Msamples
        3004000   -103244.9453        15.1      -103144.1458      -100.7994 17m53s/Msamples
        3005000   -103229.2094        15.1      -103141.3102       -87.8991 17m53s/Msamples
        3006000   -103219.9946        15.1      -103137.6206       -82.3739 17m53s/Msamples
        3007000   -103230.9370        15.1      -103145.4019       -85.5350 17m53s/Msamples
        3008000   -103226.7842        15.1      -103140.7165       -86.0677 17m53s/Msamples
        3009000   -103231.6973        15.1      -103139.8305       -91.8668 17m53s/Msamples
        3010000   -103229.7503        15.1      -103140.1716       -89.5787 17m53s/Msamples
        3011000   -103218.5538        15.2      -103134.9863       -83.5675 17m53s/Msamples
        3012000   -103222.6731        15.2      -103138.3731       -84.2999 17m53s/Msamples
        3013000   -103222.6476        15.2      -103135.1396       -87.5080 17m53s/Msamples
        3014000   -103224.1578        15.2      -103134.4474       -89.7104 17m53s/Msamples
        3015000   -103229.5066        15.2      -103138.3910       -91.1156 17m53s/Msamples
        3016000   -103240.1517        15.2      -103142.8664       -97.2852 17m53s/Msamples
        3017000   -103233.8364        15.2      -103145.1061       -88.7303 17m53s/Msamples
        3018000   -103245.1777        15.2      -103143.8614      -101.3162 17m53s/Msamples
        3019000   -103248.4671        15.2      -103143.1081      -105.3590 17m53s/Msamples
        3020000   -103244.7727        15.2      -103147.9713       -96.8013 17m53s/Msamples
        3021000   -103249.5469        15.2      -103140.2943      -109.2525 17m53s/Msamples
        3022000   -103257.3124        15.1      -103140.5237      -116.7886 17m53s/Msamples
        3023000   -103258.2430        15.1      -103144.1839      -114.0590 17m53s/Msamples
        3024000   -103243.9600        15.1      -103147.0765       -96.8835 17m53s/Msamples
        3025000   -103258.8323        15.1      -103147.2625      -111.5698 17m53s/Msamples
        3026000   -103250.0106        15.0      -103145.6966      -104.3140 17m53s/Msamples
        3027000   -103250.4663        15.0      -103145.0601      -105.4062 17m53s/Msamples
        3028000   -103250.5384        15.0      -103149.5730      -100.9654 17m53s/Msamples
        3029000   -103237.4052        15.0      -103141.9625       -95.4426 17m53s/Msamples
        3030000   -103244.3509        15.0      -103141.3122      -103.0386 17m53s/Msamples
        3031000   -103240.9185        15.0      -103139.8977      -101.0208 17m53s/Msamples
        3032000   -103228.3522        15.0      -103132.7358       -95.6164 17m53s/Msamples
        3033000   -103238.8151        15.0      -103130.2703      -108.5448 17m53s/Msamples
        3034000   -103208.3443        15.0      -103122.1597       -86.1845 17m53s/Msamples
        3035000   -103235.4786        15.0      -103140.2239       -95.2546 17m53s/Msamples
        3036000   -103240.7213        15.0      -103146.1324       -94.5888 17m53s/Msamples
        3037000   -103233.4690        15.0      -103146.5230       -86.9459 17m53s/Msamples
        3038000   -103249.1689        15.0      -103139.9423      -109.2266 17m53s/Msamples
        3039000   -103242.6481        15.0      -103138.8578      -103.7903 17m53s/Msamples
        3040000   -103252.3463        15.0      -103144.1904      -108.1558 17m53s/Msamples
        3041000   -103235.1207        15.0      -103136.1910       -98.9297 17m53s/Msamples
        3042000   -103231.1024        15.0      -103134.5169       -96.5855 17m53s/Msamples
        3043000   -103241.9038        15.0      -103139.1256      -102.7781 17m53s/Msamples
        3044000   -103238.9016        15.0      -103137.0410      -101.8606 17m53s/Msamples
        3045000   -103222.7292        15.0      -103130.8995       -91.8296 17m53s/Msamples
        3046000   -103222.6543        15.0      -103126.8862       -95.7681 17m53s/Msamples
        3047000   -103229.2260        15.0      -103137.0759       -92.1501 17m53s/Msamples
        3048000   -103232.9538        15.0      -103140.3359       -92.6179 17m53s/Msamples
        3049000   -103227.8796        15.0      -103138.8751       -89.0045 17m53s/Msamples
        3050000   -103228.3818        15.0      -103139.2670       -89.1147 17m53s/Msamples
        3051000   -103235.3024        15.0      -103140.5797       -94.7226 17m53s/Msamples
        3052000   -103227.7881        15.0      -103133.9367       -93.8513 17m53s/Msamples
        3053000   -103239.2176        15.0      -103134.4193      -104.7983 17m53s/Msamples
        3054000   -103230.5142        15.0      -103126.0082      -104.5059 17m53s/Msamples
        3055000   -103225.8292        15.0      -103123.9284      -101.9007 17m53s/Msamples
        3056000   -103218.3338        15.1      -103125.7705       -92.5633 17m53s/Msamples
        3057000   -103223.2294        15.1      -103121.7866      -101.4428 17m53s/Msamples
        3058000   -103211.9874        15.1      -103119.0106       -92.9767 17m53s/Msamples
        3059000   -103203.8879        15.2      -103114.1678       -89.7200 17m53s/Msamples
        3060000   -103194.3740        15.2      -103114.4738       -79.9002 17m53s/Msamples
        3061000   -103190.6805        15.3      -103110.1939       -80.4865 17m53s/Msamples
        3062000   -103205.5377        15.4      -103115.4489       -90.0888 17m53s/Msamples
        3063000   -103206.6328        15.4      -103113.1628       -93.4699 17m53s/Msamples
        3064000   -103230.1609        15.4      -103119.3216      -110.8393 17m53s/Msamples
        3065000   -103217.2376        15.5      -103116.1341      -101.1034 17m53s/Msamples
        3066000   -103217.6772        15.5      -103112.3651      -105.3121 17m53s/Msamples
        3067000   -103222.2472        15.5      -103115.4166      -106.8306 17m53s/Msamples
        3068000   -103215.1426        15.5      -103114.3293      -100.8132 17m53s/Msamples
        3069000   -103226.0910        15.5      -103125.4698      -100.6211 17m53s/Msamples
        3070000   -103236.9981        15.5      -103126.9181      -110.0799 17m53s/Msamples
        3071000   -103215.0275        15.6      -103120.1217       -94.9057 17m53s/Msamples
        3072000   -103228.8942        15.6      -103126.6199      -102.2742 17m53s/Msamples
        3073000   -103224.7628        15.6      -103126.4338       -98.3290 17m53s/Msamples
        3074000   -103225.9228        15.6      -103126.4629       -99.4599 17m53s/Msamples
        3075000   -103214.1094        15.7      -103120.0480       -94.0613 17m53s/Msamples
        3076000   -103220.4666        15.7      -103122.2420       -98.2245 17m53s/Msamples
        3077000   -103212.5601        15.7      -103120.4453       -92.1147 17m53s/Msamples
        3078000   -103211.6765        15.7      -103113.6053       -98.0711 17m53s/Msamples
        3079000   -103219.8111        15.8      -103115.4830      -104.3280 17m53s/Msamples
        3080000   -103213.3911        15.8      -103112.8671      -100.5239 17m53s/Msamples
        3081000   -103218.9695        15.8      -103118.0878      -100.8817 17m53s/Msamples
        3082000   -103222.4322        15.8      -103127.6811       -94.7511 17m52s/Msamples
        3083000   -103230.9730        15.9      -103129.8175      -101.1555 17m52s/Msamples
        3084000   -103232.7019        15.9      -103129.3929      -103.3090 17m52s/Msamples
        3085000   -103252.9807        15.8      -103141.1915      -111.7892 17m52s/Msamples
        3086000   -103247.0348        15.8      -103138.8734      -108.1614 17m52s/Msamples
        3087000   -103233.7232        15.8      -103137.7439       -95.9792 17m52s/Msamples
        3088000   -103246.6986        15.8      -103140.3781      -106.3204 17m52s/Msamples
        3089000   -103245.4732        15.8      -103137.1743      -108.2988 17m52s/Msamples
        3090000   -103237.6580        15.8      -103133.4711      -104.1868 17m53s/Msamples
        3091000   -103245.9874        15.8      -103143.5523      -102.4351 17m52s/Msamples
        3092000   -103251.5956        15.8      -103138.8768      -112.7187 17m52s/Msamples
        3093000   -103253.7494        15.8      -103141.7440      -112.0053 17m52s/Msamples
        3094000   -103253.1253        15.7      -103140.2141      -112.9112 17m52s/Msamples
        3095000   -103265.8658        15.7      -103143.3504      -122.5154 17m52s/Msamples
        3096000   -103258.4254        15.7      -103139.3543      -119.0711 17m52s/Msamples
        3097000   -103265.1772        15.7      -103145.3106      -119.8666 17m52s/Msamples
        3098000   -103264.1192        15.6      -103140.3771      -123.7420 17m52s/Msamples
        3099000   -103262.7506        15.6      -103143.0805      -119.6701 17m52s/Msamples
        3100000   -103266.7568        15.6      -103146.8476      -119.9091 17m52s/Msamples
        3101000   -103258.6993        15.6      -103138.6331      -120.0662 17m52s/Msamples
        3102000   -103265.6337        15.6      -103143.7063      -121.9273 17m52s/Msamples
        3103000   -103255.8309        15.5      -103133.5934      -122.2374 17m52s/Msamples
        3104000   -103257.2360        15.5      -103134.1411      -123.0949 17m52s/Msamples
        3105000   -103248.0118        15.5      -103131.6035      -116.4082 17m52s/Msamples
        3106000   -103259.7264        15.5      -103136.9414      -122.7849 17m52s/Msamples
        3107000   -103238.7317        15.5      -103126.2003      -112.5314 17m52s/Msamples
        3108000   -103236.7868        15.5      -103124.3499      -112.4369 17m52s/Msamples
        3109000   -103222.2509        15.5      -103123.0056       -99.2452 17m52s/Msamples
        3110000   -103222.7308        15.5      -103121.0402      -101.6905 17m52s/Msamples
        3111000   -103230.1778        15.5      -103128.7691      -101.4086 17m52s/Msamples
        3112000   -103223.9764        15.5      -103122.0631      -101.9133 17m52s/Msamples
        3113000   -103222.8937        15.5      -103125.6856       -97.2080 17m52s/Msamples
        3114000   -103228.1923        15.5      -103129.9613       -98.2310 17m52s/Msamples
        3115000   -103224.8819        15.6      -103128.8001       -96.0817 17m52s/Msamples
        3116000   -103225.6815        15.6      -103119.3795      -106.3019 17m52s/Msamples
        3117000   -103221.1766        15.6      -103115.6588      -105.5178 17m52s/Msamples
        3118000   -103217.4075        15.6      -103112.4619      -104.9455 17m53s/Msamples
        3119000   -103224.8355        15.6      -103121.5391      -103.2963 17m53s/Msamples
        3120000   -103210.7929        15.7      -103113.0503       -97.7426 17m53s/Msamples
        3121000   -103203.8025        15.7      -103110.1272       -93.6753 17m53s/Msamples
        3122000   -103211.5201        15.8      -103120.9228       -90.5972 17m53s/Msamples
        3123000   -103201.8036        15.8      -103109.4189       -92.3846 17m53s/Msamples
        3124000   -103200.0884        15.9      -103106.4121       -93.6762 17m53s/Msamples
        3125000   -103206.3216        15.9      -103112.0358       -94.2857 17m53s/Msamples
        3126000   -103212.6669        16.0      -103115.9841       -96.6828 17m53s/Msamples
        3127000   -103209.4211        16.0      -103108.6326      -100.7884 17m53s/Msamples
        3128000   -103224.0360        16.0      -103124.3928       -99.6432 17m53s/Msamples
        3129000   -103226.2293        16.0      -103124.0483      -102.1810 17m53s/Msamples
        3130000   -103230.7031        16.0      -103126.4555      -104.2476 17m53s/Msamples
        3131000   -103219.7229        16.0      -103117.5981      -102.1247 17m53s/Msamples
        3132000   -103208.3329        16.1      -103117.8378       -90.4951 17m53s/Msamples
        3133000   -103211.8197        16.1      -103119.0014       -92.8183 17m53s/Msamples
        3134000   -103218.2421        16.1      -103129.1836       -89.0584 17m53s/Msamples
        3135000   -103226.7282        16.2      -103131.0404       -95.6877 17m53s/Msamples
        3136000   -103222.9637        16.2      -103126.4573       -96.5063 17m53s/Msamples
        3137000   -103218.7099        16.2      -103127.2455       -91.4644 17m53s/Msamples
        3138000   -103202.7269        16.2      -103114.3849       -88.3420 17m53s/Msamples
        3139000   -103205.6244        16.3      -103119.8195       -85.8048 17m53s/Msamples
        3140000   -103222.6276        16.3      -103123.7121       -98.9154 17m53s/Msamples
        3141000   -103235.1722        16.3      -103130.5439      -104.6283 17m53s/Msamples
        3142000   -103231.9904        16.3      -103126.4485      -105.5419 17m53s/Msamples
        3143000   -103215.1323        16.3      -103118.2725       -96.8598 17m53s/Msamples
        3144000   -103203.9466        16.4      -103121.1431       -82.8034 17m53s/Msamples
        3145000   -103216.1808        16.4      -103118.3062       -97.8745 17m53s/Msamples
        3146000   -103207.0745        16.4      -103115.7123       -91.3621 17m53s/Msamples
        3147000   -103209.6780        16.5      -103119.5410       -90.1370 17m53s/Msamples
        3148000   -103195.8655        16.5      -103113.8278       -82.0377 17m53s/Msamples
        3149000   -103205.0948        16.6      -103115.6184       -89.4763 17m53s/Msamples
        3150000   -103210.9778        16.6      -103120.9521       -90.0257 17m53s/Msamples
        3151000   -103216.6729        16.6      -103116.8435       -99.8293 17m53s/Msamples
        3152000   -103218.3825        16.7      -103118.6449       -99.7375 17m53s/Msamples
        3153000   -103208.6646        16.7      -103119.9341       -88.7305 17m53s/Msamples
        3154000   -103215.0162        16.7      -103124.0954       -90.9207 17m53s/Msamples
        3155000   -103209.3274        16.7      -103120.6703       -88.6570 17m53s/Msamples
        3156000   -103210.1795        16.8      -103125.2012       -84.9782 17m53s/Msamples
        3157000   -103206.7329        16.8      -103115.8692       -90.8636 17m53s/Msamples
        3158000   -103215.2781        16.8      -103125.4432       -89.8349 17m53s/Msamples
        3159000   -103227.3677        16.8      -103129.0775       -98.2901 17m53s/Msamples
        3160000   -103229.3365        16.9      -103125.8340      -103.5025 17m53s/Msamples
        3161000   -103230.6417        16.9      -103130.6666       -99.9750 17m53s/Msamples
        3162000   -103231.6224        16.9      -103124.7545      -106.8679 17m53s/Msamples
        3163000   -103229.4739        16.9      -103132.6766       -96.7972 17m53s/Msamples
        3164000   -103236.4818        16.9      -103136.3608      -100.1210 17m53s/Msamples
        3165000   -103231.4115        16.9      -103128.0721      -103.3393 17m53s/Msamples
        3166000   -103237.3685        16.9      -103128.6337      -108.7348 17m53s/Msamples
        3167000   -103234.9767        16.9      -103124.9313      -110.0454 17m53s/Msamples
        3168000   -103248.7863        16.9      -103131.6089      -117.1773 17m53s/Msamples
        3169000   -103234.4270        16.9      -103131.8741      -102.5528 17m53s/Msamples
        3170000   -103228.1686        16.9      -103126.9564      -101.2122 17m53s/Msamples
        3171000   -103232.9937        16.9      -103125.4815      -107.5122 17m53s/Msamples
        3172000   -103248.3499        16.9      -103136.9459      -111.4039 17m53s/Msamples
        3173000   -103239.2621        16.9      -103129.2411      -110.0210 17m53s/Msamples
        3174000   -103239.2827        16.9      -103130.0691      -109.2135 17m53s/Msamples
        3175000   -103247.4562        16.9      -103128.8545      -118.6017 17m53s/Msamples
        3176000   -103236.2441        16.9      -103128.4465      -107.7975 17m53s/Msamples
        3177000   -103234.1066        16.9      -103124.9752      -109.1314 17m53s/Msamples
        3178000   -103232.9893        16.9      -103128.0506      -104.9387 17m53s/Msamples
        3179000   -103233.1446        16.9      -103131.3391      -101.8055 17m53s/Msamples
        3180000   -103247.2553        16.9      -103133.1159      -114.1393 17m53s/Msamples
        3181000   -103244.4253        16.9      -103131.9338      -112.4914 17m53s/Msamples
        3182000   -103235.4930        16.9      -103134.9844      -100.5085 17m53s/Msamples
        3183000   -103249.3750        16.9      -103131.9107      -117.4642 17m53s/Msamples
        3184000   -103244.0798        16.9      -103125.9862      -118.0935 17m53s/Msamples
        3185000   -103228.7504        16.9      -103120.8911      -107.8592 17m53s/Msamples
        3186000   -103218.1193        16.9      -103123.2922       -94.8271 17m53s/Msamples
        3187000   -103235.2338        16.9      -103128.8982      -106.3356 17m53s/Msamples
        3188000   -103224.0298        16.9      -103123.9432      -100.0866 17m53s/Msamples
        3189000   -103222.3363        16.9      -103125.1482       -97.1881 17m53s/Msamples
        3190000   -103230.2504        16.9      -103126.0053      -104.2451 17m53s/Msamples
        3191000   -103229.0446        17.0      -103119.6543      -109.3902 17m53s/Msamples
        3192000   -103239.0141        17.0      -103124.9314      -114.0827 17m53s/Msamples
        3193000   -103238.7691        17.0      -103129.7819      -108.9872 17m53s/Msamples
        3194000   -103231.7911        17.0      -103129.5832      -102.2078 17m53s/Msamples
        3195000   -103220.5086        17.0      -103120.3665      -100.1421 17m53s/Msamples
        3196000   -103230.3983        17.0      -103120.3324      -110.0658 17m53s/Msamples
        3197000   -103243.1214        17.0      -103131.1907      -111.9306 17m53s/Msamples
        3198000   -103235.9683        17.0      -103126.5428      -109.4254 17m53s/Msamples
        3199000   -103252.3615        17.0      -103135.9483      -116.4131 17m53s/Msamples
        3200000   -103249.6873        17.0      -103135.9817      -113.7056 17m53s/Msamples
        3201000   -103252.8895        17.0      -103137.7582      -115.1312 17m53s/Msamples
        3202000   -103256.1423        17.0      -103136.2986      -119.8437 17m53s/Msamples
        3203000   -103255.8915        17.0      -103135.9100      -119.9814 17m53s/Msamples
        3204000   -103255.6787        17.0      -103136.5330      -119.1457 17m53s/Msamples
        3205000   -103253.1875        17.0      -103137.4361      -115.7514 17m53s/Msamples
        3206000   -103246.0761        17.0      -103137.0122      -109.0639 17m53s/Msamples
        3207000   -103251.9293        17.0      -103140.1488      -111.7805 17m53s/Msamples
        3208000   -103251.6271        17.0      -103134.6992      -116.9279 17m53s/Msamples
        3209000   -103247.7825        17.0      -103132.5280      -115.2545 17m53s/Msamples
        3210000   -103252.0513        17.0      -103136.9983      -115.0530 17m53s/Msamples
        3211000   -103245.3063        17.0      -103139.1348      -106.1715 17m53s/Msamples
        3212000   -103246.3151        17.0      -103130.6276      -115.6874 17m53s/Msamples
        3213000   -103240.0553        17.0      -103127.5737      -112.4815 17m53s/Msamples
        3214000   -103241.4669        17.0      -103130.4042      -111.0627 17m53s/Msamples
        3215000   -103239.8872        17.0      -103133.0680      -106.8192 17m53s/Msamples
        3216000   -103234.9702        17.0      -103128.5433      -106.4268 17m53s/Msamples
        3217000   -103224.1284        17.0      -103122.2742      -101.8542 17m53s/Msamples
        3218000   -103224.9101        17.0      -103118.1455      -106.7646 17m53s/Msamples
        3219000   -103220.6507        17.0      -103112.9175      -107.7332 17m53s/Msamples
        3220000   -103232.2560        17.0      -103121.9147      -110.3413 17m53s/Msamples
        3221000   -103243.6270        17.0      -103125.6077      -118.0193 17m53s/Msamples
        3222000   -103236.1725        17.0      -103120.9509      -115.2215 17m53s/Msamples
        3223000   -103223.6920        17.0      -103118.5967      -105.0953 17m53s/Msamples
        3224000   -103227.8493        17.0      -103120.7911      -107.0582 17m53s/Msamples
        3225000   -103230.8365        17.0      -103121.3681      -109.4683 17m53s/Msamples
        3226000   -103227.5295        17.1      -103117.1466      -110.3829 17m53s/Msamples
        3227000   -103230.5912        17.1      -103118.2127      -112.3784 17m53s/Msamples
        3228000   -103227.8275        17.1      -103115.0097      -112.8177 17m53s/Msamples
        3229000   -103214.3977        17.1      -103114.0455      -100.3522 17m53s/Msamples
        3230000   -103212.6144        17.1      -103109.6373      -102.9771 17m53s/Msamples
        3231000   -103216.5966        17.1      -103112.9896      -103.6070 17m53s/Msamples
        3232000   -103218.9454        17.1      -103118.6094      -100.3359 17m53s/Msamples
        3233000   -103222.0140        17.2      -103120.6612      -101.3528 17m53s/Msamples
        3234000   -103221.9035        17.2      -103118.3104      -103.5930 17m53s/Msamples
        3235000   -103204.4379        17.2      -103114.0608       -90.3771 17m53s/Msamples
        3236000   -103212.7681        17.2      -103114.1028       -98.6652 17m53s/Msamples
        3237000   -103213.6617        17.2      -103119.3638       -94.2978 17m53s/Msamples
        3238000   -103200.9380        17.3      -103109.6043       -91.3336 17m53s/Msamples
        3239000   -103209.9885        17.3      -103119.9513       -90.0371 17m53s/Msamples
        3240000   -103198.4467        17.3      -103109.0820       -89.3646 17m53s/Msamples
        3241000   -103197.5138        17.4      -103106.5503       -90.9635 17m53s/Msamples
        3242000   -103189.3001        17.4      -103110.1208       -79.1792 17m53s/Msamples
        3243000   -103191.2280        17.5      -103109.4765       -81.7515 17m53s/Msamples
        3244000   -103190.7201        17.5      -103108.9346       -81.7854 17m53s/Msamples
        3245000   -103196.1578        17.6      -103111.2857       -84.8721 17m53s/Msamples
        3246000   -103196.4024        17.6      -103112.0015       -84.4009 17m53s/Msamples
        3247000   -103190.4859        17.7      -103112.9432       -77.5427 17m53s/Msamples
        3248000   -103196.2278        17.9      -103112.2360       -83.9917 17m53s/Msamples
        3249000   -103199.1818        17.9      -103120.6951       -78.4866 17m53s/Msamples
        3250000   -103204.1291        17.9      -103122.8458       -81.2833 17m53s/Msamples
        3251000   -103192.3505        18.0      -103114.4910       -77.8595 17m53s/Msamples
        3252000   -103201.1868        18.0      -103118.2118       -82.9750 17m53s/Msamples
        3253000   -103196.0327        18.0      -103118.7892       -77.2435 17m53s/Msamples
        3254000   -103173.7829        18.1      -103114.0434       -59.7395 17m53s/Msamples
        3255000   -103188.2449        18.1      -103114.9543       -73.2906 17m53s/Msamples
        3256000   -103193.4027        18.2      -103116.6166       -76.7860 17m53s/Msamples
        3257000   -103203.3842        18.2      -103121.1789       -82.2053 17m53s/Msamples
        3258000   -103212.4995        18.2      -103123.2825       -89.2170 17m53s/Msamples
        3259000   -103209.9838        18.2      -103118.4583       -91.5254 17m53s/Msamples
        3260000   -103217.3683        18.2      -103125.1799       -92.1884 17m53s/Msamples
        3261000   -103203.0878        18.3      -103120.8253       -82.2625 17m53s/Msamples
        3262000   -103200.8327        18.3      -103119.8660       -80.9666 17m53s/Msamples
        3263000   -103204.5707        18.3      -103120.5108       -84.0599 17m53s/Msamples
        3264000   -103199.5217        18.3      -103118.5399       -80.9818 17m53s/Msamples
        3265000   -103204.6688        18.3      -103123.1127       -81.5560 17m53s/Msamples
        3266000   -103190.0798        18.4      -103110.0153       -80.0645 17m53s/Msamples
        3267000   -103201.7429        18.4      -103114.4799       -87.2630 17m53s/Msamples
        3268000   -103202.4512        18.4      -103114.5671       -87.8841 17m53s/Msamples
        3269000   -103211.6979        18.4      -103123.4380       -88.2599 17m53s/Msamples
        3270000   -103229.5915        18.4      -103131.0698       -98.5217 17m53s/Msamples
        3271000   -103214.6772        18.4      -103120.7437       -93.9335 17m53s/Msamples
        3272000   -103210.9147        18.4      -103117.1413       -93.7734 17m53s/Msamples
        3273000   -103227.8401        18.5      -103126.2647      -101.5754 17m53s/Msamples
        3274000   -103212.9545        18.5      -103121.1539       -91.8005 17m53s/Msamples
        3275000   -103221.6201        18.5      -103126.2958       -95.3242 17m53s/Msamples
        3276000   -103222.3917        18.5      -103126.1994       -96.1923 17m53s/Msamples
        3277000   -103220.3802        18.5      -103122.8001       -97.5801 17m53s/Msamples
        3278000   -103244.5439        18.5      -103137.9487      -106.5951 17m53s/Msamples
        3279000   -103230.2607        18.5      -103135.5147       -94.7459 17m53s/Msamples
        3280000   -103222.3120        18.5      -103130.2801       -92.0318 17m53s/Msamples
        3281000   -103212.9246        18.5      -103129.3257       -83.5989 17m53s/Msamples
        3282000   -103216.6692        18.5      -103131.1935       -85.4756 17m53s/Msamples
        3283000   -103215.7689        18.5      -103128.9489       -86.8200 17m53s/Msamples
        3284000   -103203.4595        18.6      -103120.7466       -82.7128 17m53s/Msamples
        3285000   -103203.4209        18.6      -103120.8536       -82.5672 17m53s/Msamples
        3286000   -103214.4560        18.6      -103133.2865       -81.1694 17m53s/Msamples
        3287000   -103200.6443        18.6      -103119.1530       -81.4913 17m53s/Msamples
        3288000   -103211.5888        18.6      -103124.1929       -87.3959 17m53s/Msamples
        3289000   -103216.0082        18.6      -103123.6110       -92.3971 17m53s/Msamples
        3290000   -103213.8927        18.6      -103121.8520       -92.0407 17m53s/Msamples
        3291000   -103209.1395        18.6      -103123.5469       -85.5925 17m53s/Msamples
        3292000   -103216.3455        18.6      -103127.9351       -88.4103 17m53s/Msamples
        3293000   -103209.5550        18.7      -103126.3095       -83.2455 17m53s/Msamples
        3294000   -103213.9393        18.7      -103128.3831       -85.5562 17m53s/Msamples
        3295000   -103230.6744        18.7      -103133.4314       -97.2430 17m53s/Msamples
        3296000   -103233.8345        18.7      -103143.5369       -90.2976 17m53s/Msamples
        3297000   -103240.9954        18.7      -103148.8998       -92.0955 17m53s/Msamples
        3298000   -103235.7006        18.7      -103140.2208       -95.4797 17m53s/Msamples
        3299000   -103238.0527        18.7      -103140.3246       -97.7281 17m53s/Msamples
        3300000   -103231.1253        18.7      -103140.2872       -90.8380 17m53s/Msamples
        3301000   -103239.1646        18.7      -103142.7161       -96.4485 17m53s/Msamples
        3302000   -103238.6677        18.7      -103141.0866       -97.5810 17m53s/Msamples
        3303000   -103239.2538        18.7      -103135.9388      -103.3150 17m53s/Msamples
        3304000   -103237.1271        18.7      -103137.2887       -99.8384 17m53s/Msamples
        3305000   -103251.7083        18.8      -103144.7301      -106.9782 17m53s/Msamples
        3306000   -103239.5101        18.8      -103145.0666       -94.4434 17m53s/Msamples
        3307000   -103243.5416        18.8      -103143.0132      -100.5284 17m53s/Msamples
        3308000   -103236.5073        18.8      -103144.0580       -92.4492 17m53s/Msamples
        3309000   -103238.3405        18.8      -103143.1752       -95.1653 17m53s/Msamples
        3310000   -103233.7114        18.8      -103140.4632       -93.2481 17m53s/Msamples
        3311000   -103236.3237        18.8      -103136.3987       -99.9249 17m53s/Msamples
        3312000   -103214.6543        18.8      -103128.7185       -85.9358 17m53s/Msamples
        3313000   -103227.9857        18.8      -103130.9951       -96.9905 17m53s/Msamples
        3314000   -103227.5711        18.8      -103131.7247       -95.8463 17m53s/Msamples
        3315000   -103219.0890        18.8      -103126.5419       -92.5471 17m53s/Msamples
        3316000   -103215.7134        18.8      -103125.5844       -90.1290 17m53s/Msamples
        3317000   -103226.5278        18.8      -103134.8921       -91.6356 17m53s/Msamples
        3318000   -103225.4700        18.9      -103131.2378       -94.2321 17m53s/Msamples
        3319000   -103216.7530        18.9      -103125.6145       -91.1384 17m53s/Msamples
        3320000   -103213.3137        18.9      -103124.6845       -88.6292 17m53s/Msamples
        3321000   -103208.3081        18.9      -103129.5156       -78.7924 17m53s/Msamples
        3322000   -103198.6654        18.9      -103128.3013       -70.3640 17m53s/Msamples
        3323000   -103188.6071        18.9      -103124.0903       -64.5167 17m53s/Msamples
        3324000   -103194.4060        18.9      -103121.0364       -73.3696 17m53s/Msamples
        3325000   -103200.6214        19.0      -103123.4535       -77.1679 17m53s/Msamples
        3326000   -103216.6215        19.0      -103126.8264       -89.7950 17m53s/Msamples
        3327000   -103223.8539        19.0      -103124.4142       -99.4396 17m53s/Msamples
        3328000   -103227.0939        19.0      -103135.1010       -91.9928 17m53s/Msamples
        3329000   -103230.8084        19.0      -103130.7904      -100.0180 17m53s/Msamples
        3330000   -103212.2701        19.0      -103126.2017       -86.0683 17m53s/Msamples
        3331000   -103208.2819        19.0      -103124.4513       -83.8306 17m53s/Msamples
        3332000   -103201.7945        19.0      -103124.5755       -77.2190 17m53s/Msamples
        3333000   -103224.1155        19.0      -103145.7732       -78.3423 17m53s/Msamples
        3334000   -103206.6115        19.0      -103131.0563       -75.5551 17m53s/Msamples
        3335000   -103205.8813        19.0      -103131.6375       -74.2437 17m53s/Msamples
        3336000   -103213.7759        19.0      -103129.8393       -83.9365 17m53s/Msamples
        3337000   -103222.0214        19.1      -103138.3030       -83.7184 17m53s/Msamples
        3338000   -103211.5975        19.1      -103134.4177       -77.1798 17m53s/Msamples
        3339000   -103200.9924        19.1      -103128.5847       -72.4077 17m53s/Msamples
        3340000   -103227.4324        19.1      -103138.1456       -89.2867 17m53s/Msamples
        3341000   -103207.4877        19.1      -103130.9550       -76.5327 17m53s/Msamples
        3342000   -103218.0751        19.1      -103129.0944       -88.9806 17m53s/Msamples
        3343000   -103217.4341        19.1      -103130.1060       -87.3280 17m53s/Msamples
        3344000   -103224.9553        19.1      -103127.8792       -97.0761 17m53s/Msamples
        3345000   -103220.3153        19.1      -103125.6814       -94.6338 17m53s/Msamples
        3346000   -103210.7829        19.1      -103125.9069       -84.8760 17m53s/Msamples
        3347000   -103211.0605        19.1      -103123.6458       -87.4146 17m53s/Msamples
        3348000   -103206.9313        19.1      -103126.7083       -80.2230 17m53s/Msamples
        3349000   -103202.0254        19.1      -103124.5192       -77.5062 17m53s/Msamples
        3350000   -103213.7576        19.1      -103130.8967       -82.8609 17m53s/Msamples
        3351000   -103209.1495        19.1      -103134.0493       -75.1001 17m53s/Msamples
        3352000   -103218.4185        19.1      -103132.3381       -86.0803 17m53s/Msamples
        3353000   -103213.7016        19.1      -103132.0409       -81.6607 17m53s/Msamples
        3354000   -103220.7323        19.1      -103130.0472       -90.6851 17m53s/Msamples
        3355000   -103206.2993        19.2      -103121.9901       -84.3092 17m53s/Msamples
        3356000   -103200.0396        19.2      -103120.6879       -79.3517 17m53s/Msamples
        3357000   -103211.7426        19.2      -103124.2511       -87.4914 17m53s/Msamples
        3358000   -103210.1210        19.2      -103127.5976       -82.5233 17m53s/Msamples
        3359000   -103204.8697        19.2      -103121.3695       -83.5001 17m53s/Msamples
        3360000   -103209.5188        19.2      -103129.2395       -80.2793 17m53s/Msamples
        3361000   -103201.1839        19.2      -103115.6562       -85.5276 17m53s/Msamples
        3362000   -103219.7050        19.2      -103128.7336       -90.9714 17m53s/Msamples
        3363000   -103203.8598        19.2      -103122.1902       -81.6696 17m53s/Msamples
        3364000   -103209.1755        19.2      -103129.1369       -80.0385 17m53s/Msamples
        3365000   -103212.3407        19.2      -103132.2126       -80.1280 17m53s/Msamples
        3366000   -103208.9686        19.2      -103128.6611       -80.3074 17m53s/Msamples
        3367000   -103199.1070        19.2      -103124.9582       -74.1487 17m53s/Msamples
        3368000   -103203.0426        19.2      -103120.5334       -82.5091 17m53s/Msamples
        3369000   -103209.4680        19.2      -103122.8507       -86.6172 17m53s/Msamples
        3370000   -103214.9599        19.2      -103128.5417       -86.4181 17m53s/Msamples
        3371000   -103215.3268        19.2      -103125.2438       -90.0829 17m53s/Msamples
        3372000   -103216.0840        19.2      -103113.3641      -102.7198 17m53s/Msamples
        3373000   -103213.3424        19.2      -103117.7731       -95.5692 17m53s/Msamples
        3374000   -103221.6295        19.2      -103119.2001      -102.4294 17m53s/Msamples
        3375000   -103226.8971        19.2      -103125.7822      -101.1148 17m53s/Msamples
        3376000   -103213.0466        19.2      -103118.9362       -94.1103 17m53s/Msamples
        3377000   -103196.9455        19.2      -103121.0140       -75.9314 17m53s/Msamples
        3378000   -103196.9841        19.3      -103121.4758       -75.5083 17m53s/Msamples
        3379000   -103198.1008        19.2      -103120.4545       -77.6462 17m53s/Msamples
        3380000   -103219.2743        19.3      -103120.2465       -99.0277 17m53s/Msamples
        3381000   -103221.6641        19.3      -103124.1152       -97.5488 17m53s/Msamples
        3382000   -103207.1363        19.3      -103123.8893       -83.2469 17m53s/Msamples
        3383000   -103208.4354        19.3      -103124.2982       -84.1372 17m53s/Msamples
        3384000   -103194.4610        19.3      -103117.7240       -76.7370 17m53s/Msamples
        3385000   -103194.3253        19.3      -103124.5916       -69.7337 17m53s/Msamples
        3386000   -103188.5530        19.3      -103128.0717       -60.4812 17m53s/Msamples
        3387000   -103176.2407        19.3      -103116.6568       -59.5838 17m53s/Msamples
        3388000   -103175.0653        19.3      -103117.1296       -57.9357 17m53s/Msamples
        3389000   -103177.4020        19.3      -103120.5513       -56.8506 17m53s/Msamples
        3390000   -103184.0225        19.4      -103120.4467       -63.5758 17m53s/Msamples
        3391000   -103184.4017        19.4      -103122.5769       -61.8248 17m53s/Msamples
        3392000   -103195.9403        19.4      -103128.1287       -67.8115 17m53s/Msamples
        3393000   -103192.2192        19.4      -103119.4132       -72.8060 17m53s/Msamples
        3394000   -103190.7689        19.4      -103118.9472       -71.8217 17m53s/Msamples
        3395000   -103190.2080        19.4      -103119.0717       -71.1363 17m53s/Msamples
        3396000   -103193.4150        19.4      -103120.3140       -73.1009 17m53s/Msamples
        3397000   -103195.7220        19.4      -103123.7416       -71.9804 17m53s/Msamples
        3398000   -103217.8322        19.4      -103141.2390       -76.5932 17m53s/Msamples
        3399000   -103226.1625        19.4      -103135.3659       -90.7966 17m53s/Msamples
        3400000   -103225.0471        19.4      -103145.0061       -80.0409 17m53s/Msamples
        3401000   -103232.5514        19.4      -103149.5547       -82.9967 17m53s/Msamples
        3402000   -103244.8154        19.4      -103153.0289       -91.7864 17m53s/Msamples
        3403000   -103221.8176        19.4      -103145.4511       -76.3665 17m53s/Msamples
        3404000   -103226.0408        19.4      -103149.8829       -76.1578 17m53s/Msamples
        3405000   -103227.5562        19.4      -103150.2692       -77.2869 17m53s/Msamples
        3406000   -103217.4143        19.4      -103141.5242       -75.8900 17m53s/Msamples
        3407000   -103233.0781        19.4      -103149.0930       -83.9850 17m53s/Msamples
        3408000   -103236.0378        19.5      -103145.2276       -90.8102 17m53s/Msamples
        3409000   -103222.2859        19.5      -103136.9899       -85.2959 17m53s/Msamples
        3410000   -103242.2580        19.5      -103136.7742      -105.4838 17m53s/Msamples
        3411000   -103244.0932        19.5      -103136.5181      -107.5751 17m53s/Msamples
        3412000   -103247.4315        19.5      -103137.5677      -109.8638 17m53s/Msamples
        3413000   -103244.6445        19.5      -103136.0366      -108.6079 17m53s/Msamples
        3414000   -103234.0211        19.5      -103132.3449      -101.6761 17m53s/Msamples
        3415000   -103215.8105        19.5      -103121.9114       -93.8991 17m53s/Msamples
        3416000   -103216.7938        19.6      -103126.6739       -90.1198 17m53s/Msamples
        3417000   -103225.0328        19.6      -103124.9081      -100.1246 17m53s/Msamples
        3418000   -103206.8715        19.6      -103123.3971       -83.4744 17m53s/Msamples
        3419000   -103203.8174        19.6      -103124.2676       -79.5498 17m53s/Msamples
        3420000   -103187.7941        19.6      -103116.0790       -71.7150 17m53s/Msamples
        3421000   -103206.1667        19.6      -103127.9338       -78.2328 17m53s/Msamples
        3422000   -103222.6308        19.6      -103134.8277       -87.8030 17m53s/Msamples
        3423000   -103218.3424        19.6      -103131.9398       -86.4026 17m53s/Msamples
        3424000   -103220.7210        19.6      -103132.9557       -87.7652 17m53s/Msamples
        3425000   -103215.1955        19.6      -103130.4216       -84.7738 17m53s/Msamples
        3426000   -103216.6866        19.6      -103127.1202       -89.5663 17m53s/Msamples
        3427000   -103193.7257        19.6      -103122.5859       -71.1398 17m53s/Msamples
        3428000   -103212.5752        19.6      -103130.4152       -82.1600 17m53s/Msamples
        3429000   -103216.4648        19.6      -103132.6174       -83.8473 17m53s/Msamples
        3430000   -103218.1248        19.6      -103136.8576       -81.2672 17m53s/Msamples
        3431000   -103222.6400        19.6      -103130.6955       -91.9444 17m53s/Msamples
        3432000   -103222.6326        19.6      -103134.3782       -88.2543 17m53s/Msamples
        3433000   -103224.8683        19.6      -103135.2673       -89.6009 17m53s/Msamples
        3434000   -103231.3806        19.6      -103129.3174      -102.0632 17m53s/Msamples
        3435000   -103218.4432        19.6      -103125.2889       -93.1543 17m53s/Msamples
        3436000   -103231.8514        19.6      -103126.3449      -105.5064 17m53s/Msamples
        3437000   -103231.6043        19.6      -103128.1315      -103.4728 17m53s/Msamples
        3438000   -103230.3538        19.6      -103129.8575      -100.4963 17m53s/Msamples
        3439000   -103225.1072        19.6      -103128.8188       -96.2883 17m53s/Msamples
        3440000   -103216.4797        19.6      -103126.3393       -90.1403 17m53s/Msamples
        3441000   -103211.6154        19.6      -103123.0003       -88.6150 17m53s/Msamples
        3442000   -103212.1121        19.6      -103120.8756       -91.2365 17m53s/Msamples
        3443000   -103213.8447        19.6      -103118.4096       -95.4351 17m53s/Msamples
        3444000   -103211.4968        19.6      -103123.1779       -88.3189 17m53s/Msamples
        3445000   -103207.6100        19.6      -103121.7500       -85.8599 17m53s/Msamples
        3446000   -103207.5929        19.6      -103115.4635       -92.1293 17m53s/Msamples
        3447000   -103217.2432        19.6      -103118.0205       -99.2227 17m53s/Msamples
        3448000   -103212.4138        19.6      -103118.9756       -93.4381 17m53s/Msamples
        3449000   -103209.0679        19.6      -103123.7817       -85.2862 17m53s/Msamples
        3450000   -103220.1951        19.6      -103130.1377       -90.0573 17m53s/Msamples
        3451000   -103219.3085        19.6      -103126.5037       -92.8047 17m53s/Msamples
        3452000   -103220.0409        19.6      -103124.6420       -95.3989 17m53s/Msamples
        3453000   -103226.0982        19.6      -103125.9157      -100.1825 17m53s/Msamples
        3454000   -103227.5419        19.6      -103119.9741      -107.5677 17m53s/Msamples
        3455000   -103227.7051        19.6      -103128.5254       -99.1796 17m53s/Msamples
        3456000   -103222.9612        19.6      -103128.6386       -94.3226 17m53s/Msamples
        3457000   -103223.1040        19.6      -103124.6575       -98.4465 17m53s/Msamples
        3458000   -103219.7594        19.6      -103125.5006       -94.2587 17m53s/Msamples
        3459000   -103208.5931        19.6      -103120.0921       -88.5010 17m53s/Msamples
        3460000   -103199.8081        19.6      -103110.8790       -88.9290 17m53s/Msamples
        3461000   -103208.7656        19.6      -103115.0268       -93.7387 17m53s/Msamples
        3462000   -103198.3319        19.6      -103109.6923       -88.6395 17m53s/Msamples
        3463000   -103206.5267        19.6      -103115.4650       -91.0617 17m53s/Msamples
        3464000   -103206.7149        19.5      -103110.2862       -96.4287 17m53s/Msamples
        3465000   -103201.3790        19.5      -103111.5649       -89.8141 17m53s/Msamples
        3466000   -103217.8864        19.5      -103119.8442       -98.0422 17m53s/Msamples
        3467000   -103219.5063        19.5      -103118.4580      -101.0482 17m53s/Msamples
        3468000   -103201.9626        19.5      -103109.2697       -92.6929 17m53s/Msamples
        3469000   -103212.0136        19.5      -103120.9599       -91.0536 17m53s/Msamples
        3470000   -103219.7811        19.5      -103127.3666       -92.4145 17m53s/Msamples
        3471000   -103219.0492        19.5      -103124.0969       -94.9523 17m53s/Msamples
        3472000   -103208.7234        19.5      -103117.9536       -90.7698 17m53s/Msamples
        3473000   -103230.5757        19.5      -103129.4575      -101.1182 17m53s/Msamples
        3474000   -103228.9884        19.5      -103129.6488       -99.3395 17m53s/Msamples
        3475000   -103224.7580        19.5      -103125.2294       -99.5285 17m53s/Msamples
        3476000   -103226.1963        19.5      -103128.2069       -97.9894 17m53s/Msamples
        3477000   -103224.4030        19.5      -103125.5403       -98.8626 17m53s/Msamples
        3478000   -103235.6690        19.6      -103124.3069      -111.3621 17m53s/Msamples
        3479000   -103251.2440        19.6      -103129.8730      -121.3710 17m53s/Msamples
        3480000   -103240.2698        19.6      -103128.8736      -111.3962 17m53s/Msamples
        3481000   -103223.0061        19.6      -103122.0483      -100.9578 17m53s/Msamples
        3482000   -103231.2189        19.6      -103125.6390      -105.5799 17m53s/Msamples
        3483000   -103236.0900        19.6      -103125.4741      -110.6158 17m53s/Msamples
        3484000   -103246.0606        19.7      -103127.2461      -118.8145 17m53s/Msamples
        3485000   -103239.3450        19.7      -103127.4558      -111.8891 17m53s/Msamples
        3486000   -103230.8917        19.7      -103133.2973       -97.5944 17m53s/Msamples
        3487000   -103238.7011        19.7      -103135.7516      -102.9494 17m53s/Msamples
        3488000   -103238.3286        19.7      -103133.7616      -104.5669 17m53s/Msamples
        3489000   -103243.7343        19.7      -103137.8007      -105.9336 17m53s/Msamples
        3490000   -103240.6409        19.7      -103136.2182      -104.4226 17m53s/Msamples
        3491000   -103226.2803        19.7      -103129.0625       -97.2177 17m53s/Msamples
        3492000   -103224.6647        19.8      -103128.0643       -96.6003 17m53s/Msamples
        3493000   -103229.5984        19.8      -103126.1227      -103.4757 17m53s/Msamples
        3494000   -103251.4272        19.8      -103137.5034      -113.9238 17m53s/Msamples
        3495000   -103247.2834        19.8      -103136.7689      -110.5144 17m53s/Msamples
        3496000   -103258.1470        19.9      -103137.8328      -120.3141 17m53s/Msamples
        3497000   -103253.6217        19.9      -103137.6699      -115.9518 17m53s/Msamples
        3498000   -103248.0618        19.9      -103137.6008      -110.4610 17m53s/Msamples
        3499000   -103248.7844        19.9      -103138.5069      -110.2774 17m53s/Msamples
        3500000   -103249.3378        20.0      -103139.4064      -109.9314 17m53s/Msamples
        3501000   -103251.0246        20.0      -103148.1158      -102.9088 17m53s/Msamples
        3502000   -103244.1340        20.0      -103139.3804      -104.7535 17m53s/Msamples
        3503000   -103244.3158        20.0      -103132.9863      -111.3295 17m53s/Msamples
        3504000   -103253.1903        20.1      -103139.7696      -113.4207 17m53s/Msamples
        3505000   -103261.6313        20.1      -103144.0555      -117.5758 17m53s/Msamples
        3506000   -103265.4458        20.2      -103153.3442      -112.1016 17m53s/Msamples
        3507000   -103275.6436        20.3      -103152.6862      -122.9573 17m53s/Msamples
        3508000   -103267.0419        20.3      -103145.0657      -121.9762 17m53s/Msamples
        3509000   -103255.5286        20.4      -103142.7650      -112.7636 17m53s/Msamples
        3510000   -103251.5564        20.4      -103135.2798      -116.2765 17m53s/Msamples
        3511000   -103253.7637        20.4      -103136.9100      -116.8536 17m53s/Msamples
        3512000   -103245.4445        20.4      -103135.3676      -110.0769 17m53s/Msamples
        3513000   -103230.2173        20.4      -103128.3166      -101.9006 17m53s/Msamples
        3514000   -103222.3582        20.5      -103122.1215      -100.2367 17m53s/Msamples
        3515000   -103230.1482        20.5      -103127.8358      -102.3123 17m53s/Msamples
        3516000   -103221.3751        20.5      -103126.2536       -95.1214 17m53s/Msamples
        3517000   -103233.1307        20.5      -103130.5070      -102.6237 17m53s/Msamples
        3518000   -103234.1389        20.5      -103134.9967       -99.1422 17m53s/Msamples
        3519000   -103235.0574        20.5      -103130.4389      -104.6184 17m53s/Msamples
        3520000   -103246.2743        20.5      -103153.5368       -92.7374 17m53s/Msamples
        3521000   -103235.5885        20.5      -103131.0530      -104.5355 17m53s/Msamples
        3522000   -103242.4482        20.5      -103127.0846      -115.3635 17m53s/Msamples
        3523000   -103242.6921        20.6      -103129.9357      -112.7563 17m53s/Msamples
        3524000   -103242.0642        20.6      -103135.6645      -106.3996 17m53s/Msamples
        3525000   -103252.9930        20.6      -103137.0723      -115.9206 17m53s/Msamples
        3526000   -103266.3423        20.7      -103139.1152      -127.2271 17m53s/Msamples
        3527000   -103262.7985        20.7      -103139.0778      -123.7207 17m53s/Msamples
        3528000   -103246.0080        20.7      -103134.4511      -111.5569 17m53s/Msamples
        3529000   -103246.7749        20.8      -103131.3206      -115.4543 17m53s/Msamples
        3530000   -103231.7336        20.8      -103123.2742      -108.4593 17m53s/Msamples
        3531000   -103237.5831        20.8      -103132.5775      -105.0056 17m53s/Msamples
        3532000   -103241.5927        20.8      -103133.5700      -108.0227 17m53s/Msamples
        3533000   -103243.1318        20.8      -103128.7265      -114.4052 17m53s/Msamples
        3534000   -103238.6702        20.8      -103124.8307      -113.8394 17m53s/Msamples
        3535000   -103239.1045        20.9      -103126.9713      -112.1331 17m53s/Msamples
        3536000   -103249.3510        20.9      -103140.0341      -109.3169 17m53s/Msamples
        3537000   -103250.2595        20.9      -103141.9744      -108.2851 17m53s/Msamples
        3538000   -103241.5758        20.9      -103128.6731      -112.9026 17m53s/Msamples
        3539000   -103240.9779        20.9      -103128.5468      -112.4310 17m53s/Msamples
        3540000   -103242.7424        21.0      -103125.5851      -117.1572 17m53s/Msamples
        3541000   -103239.1974        21.0      -103133.3311      -105.8663 17m53s/Msamples
        3542000   -103225.7691        21.0      -103124.2418      -101.5273 17m53s/Msamples
        3543000   -103224.4358        21.0      -103127.2914       -97.1444 17m53s/Msamples
        3544000   -103248.8250        21.0      -103133.4242      -115.4008 17m53s/Msamples
        3545000   -103246.7472        21.0      -103128.8336      -117.9136 17m53s/Msamples
        3546000   -103256.1133        21.1      -103125.8776      -130.2356 17m53s/Msamples
        3547000   -103254.1542        21.1      -103126.9973      -127.1569 17m53s/Msamples
        3548000   -103248.2807        21.1      -103129.6981      -118.5825 17m53s/Msamples
        3549000   -103233.8141        21.1      -103124.6432      -109.1708 17m53s/Msamples
        3550000   -103244.3305        21.2      -103125.5532      -118.7773 17m53s/Msamples
        3551000   -103231.5616        21.2      -103117.8175      -113.7440 17m53s/Msamples
        3552000   -103228.8081        21.2      -103117.6495      -111.1585 17m53s/Msamples
        3553000   -103228.1575        21.2      -103118.3989      -109.7585 17m53s/Msamples
        3554000   -103218.3122        21.2      -103112.2952      -106.0170 17m53s/Msamples
        3555000   -103231.6409        21.2      -103120.7287      -110.9122 17m53s/Msamples
        3556000   -103210.7821        21.2      -103110.1520      -100.6300 17m53s/Msamples
        3557000   -103227.0710        21.2      -103126.2024      -100.8685 17m53s/Msamples
        3558000   -103214.8126        21.2      -103117.2906       -97.5220 17m53s/Msamples
        3559000   -103221.8650        21.2      -103118.1577      -103.7073 17m53s/Msamples
        3560000   -103239.6560        21.2      -103119.5801      -120.0759 17m53s/Msamples
        3561000   -103228.9437        21.2      -103119.4080      -109.5356 17m53s/Msamples
        3562000   -103229.4488        21.2      -103128.4056      -101.0432 17m53s/Msamples
        3563000   -103232.0998        21.2      -103128.5664      -103.5334 17m53s/Msamples
        3564000   -103234.4196        21.2      -103132.3971      -102.0224 17m53s/Msamples
        3565000   -103250.2073        21.3      -103145.0304      -105.1769 17m53s/Msamples
        3566000   -103236.2985        21.3      -103140.2959       -96.0025 17m53s/Msamples
        3567000   -103226.8154        21.3      -103129.1287       -97.6867 17m53s/Msamples
        3568000   -103223.7098        21.3      -103134.1067       -89.6030 17m53s/Msamples
        3569000   -103224.8341        21.3      -103125.3153       -99.5188 17m53s/Msamples
        3570000   -103225.7470        21.3      -103126.8711       -98.8759 17m53s/Msamples
        3571000   -103236.3425        21.3      -103131.2135      -105.1290 17m53s/Msamples
        3572000   -103226.1008        21.3      -103120.4636      -105.6372 17m53s/Msamples
        3573000   -103236.6243        21.3      -103128.9197      -107.7045 17m53s/Msamples
        3574000   -103239.1281        21.3      -103130.8895      -108.2385 17m53s/Msamples
        3575000   -103244.9399        21.4      -103134.3086      -110.6312 17m53s/Msamples
        3576000   -103239.3416        21.4      -103136.1146      -103.2270 17m53s/Msamples
        3577000   -103247.4159        21.4      -103137.4660      -109.9498 17m53s/Msamples
        3578000   -103239.0659        21.4      -103131.6905      -107.3754 17m53s/Msamples
        3579000   -103238.0973        21.4      -103127.5751      -110.5221 17m53s/Msamples
        3580000   -103244.1062        21.4      -103129.1361      -114.9700 17m53s/Msamples
        3581000   -103253.8029        21.5      -103133.2551      -120.5477 17m53s/Msamples
        3582000   -103256.9959        21.5      -103137.1242      -119.8717 17m53s/Msamples
        3583000   -103253.7225        21.5      -103139.5322      -114.1902 17m53s/Msamples
        3584000   -103252.1018        21.6      -103135.7744      -116.3273 17m53s/Msamples
        3585000   -103259.0288        21.6      -103133.6232      -125.4055 17m53s/Msamples
        3586000   -103257.8012        21.7      -103137.4705      -120.3307 17m53s/Msamples
        3587000   -103247.5152        21.7      -103136.4939      -111.0212 17m53s/Msamples
        3588000   -103260.1787        21.7      -103142.0802      -118.0984 17m53s/Msamples
        3589000   -103246.2764        21.7      -103134.2863      -111.9901 17m53s/Msamples
        3590000   -103249.8614        21.8      -103134.5617      -115.2996 17m53s/Msamples
        3591000   -103247.6160        21.8      -103134.9849      -112.6310 17m53s/Msamples
        3592000   -103242.9690        21.8      -103135.8446      -107.1243 17m53s/Msamples
        3593000   -103230.5341        21.8      -103129.9039      -100.6301 17m53s/Msamples
        3594000   -103231.8047        21.8      -103129.7278      -102.0769 17m53s/Msamples
        3595000   -103228.4607        21.8      -103127.2559      -101.2048 17m53s/Msamples
        3596000   -103241.8808        21.8      -103131.0736      -110.8071 17m53s/Msamples
        3597000   -103242.3570        21.8      -103132.1158      -110.2411 17m53s/Msamples
        3598000   -103245.9014        21.9      -103130.0321      -115.8693 17m53s/Msamples
        3599000   -103246.2198        21.9      -103127.3667      -118.8530 17m53s/Msamples
        3600000   -103250.1102        21.9      -103130.8848      -119.2254 17m53s/Msamples
        3601000   -103252.6471        21.9      -103135.2231      -117.4240 17m53s/Msamples
        3602000   -103244.0924        21.9      -103128.0866      -116.0057 17m53s/Msamples
        3603000   -103244.9774        22.0      -103126.2523      -118.7250 17m53s/Msamples
        3604000   -103246.7097        22.0      -103130.4959      -116.2138 17m53s/Msamples
        3605000   -103241.1504        22.0      -103121.3590      -119.7914 17m53s/Msamples
        3606000   -103234.8934        22.0      -103125.3867      -109.5067 17m53s/Msamples
        3607000   -103242.2325        22.0      -103127.9208      -114.3116 17m53s/Msamples
        3608000   -103245.8584        22.0      -103128.3172      -117.5412 17m53s/Msamples
        3609000   -103262.2003        22.1      -103135.0288      -127.1714 17m53s/Msamples
        3610000   -103262.9983        22.1      -103134.0698      -128.9284 17m53s/Msamples
        3611000   -103251.9823        22.1      -103130.5288      -121.4534 17m53s/Msamples
        3612000   -103265.0373        22.2      -103138.4129      -126.6244 17m53s/Msamples
        3613000   -103253.8743        22.2      -103134.6398      -119.2344 17m53s/Msamples
        3614000   -103248.8887        22.2      -103132.4683      -116.4203 17m53s/Msamples
        3615000   -103249.0753        22.2      -103134.3439      -114.7313 17m53s/Msamples
        3616000   -103253.6355        22.3      -103137.1612      -116.4743 17m53s/Msamples
        3617000   -103245.9608        22.3      -103137.0004      -108.9603 17m53s/Msamples
        3618000   -103237.2651        22.3      -103130.1519      -107.1131 17m53s/Msamples
        3619000   -103230.8663        22.3      -103125.9372      -104.9290 17m53s/Msamples
        3620000   -103244.9274        22.3      -103127.6439      -117.2834 17m53s/Msamples
        3621000   -103240.9417        22.3      -103126.5362      -114.4055 17m53s/Msamples
        3622000   -103243.3522        22.3      -103133.2671      -110.0850 17m53s/Msamples
        3623000   -103239.8140        22.3      -103128.4790      -111.3349 17m53s/Msamples
        3624000   -103241.9938        22.4      -103127.0009      -114.9928 17m53s/Msamples
        3625000   -103242.4875        22.4      -103127.3642      -115.1233 17m53s/Msamples
        3626000   -103224.9880        22.4      -103120.7672      -104.2207 17m53s/Msamples
        3627000   -103225.8173        22.4      -103119.1272      -106.6901 17m53s/Msamples
        3628000   -103229.3684        22.4      -103121.3992      -107.9692 17m53s/Msamples
        3629000   -103226.3927        22.4      -103118.4252      -107.9675 17m53s/Msamples
        3630000   -103240.9982        22.4      -103123.7378      -117.2604 17m53s/Msamples
        3631000   -103242.5530        22.4      -103125.0337      -117.5193 17m53s/Msamples
        3632000   -103247.6780        22.4      -103130.1057      -117.5722 17m53s/Msamples
        3633000   -103256.9859        22.5      -103129.3040      -127.6818 17m53s/Msamples
        3634000   -103257.0589        22.5      -103130.2578      -126.8011 17m53s/Msamples
        3635000   -103251.6065        22.5      -103129.3651      -122.2413 17m53s/Msamples
        3636000   -103264.1661        22.5      -103139.2715      -124.8945 17m53s/Msamples
        3637000   -103245.1809        22.6      -103127.8937      -117.2871 17m53s/Msamples
        3638000   -103249.1102        22.6      -103134.4754      -114.6347 17m53s/Msamples
        3639000   -103251.0336        22.6      -103134.1496      -116.8840 17m53s/Msamples
        3640000   -103250.1153        22.6      -103140.3529      -109.7624 17m53s/Msamples
        3641000   -103256.8114        22.6      -103134.8791      -121.9322 17m53s/Msamples
        3642000   -103247.6823        22.6      -103128.6686      -119.0136 17m53s/Msamples
        3643000   -103240.8251        22.7      -103127.4081      -113.4169 17m53s/Msamples
        3644000   -103241.8949        22.7      -103129.5625      -112.3324 17m53s/Msamples
        3645000   -103230.6630        22.7      -103124.8445      -105.8184 17m53s/Msamples
        3646000   -103250.6926        22.7      -103141.5515      -109.1410 17m53s/Msamples
        3647000   -103244.2514        22.7      -103128.6569      -115.5944 17m53s/Msamples
        3648000   -103236.4000        22.7      -103126.6540      -109.7460 17m53s/Msamples
        3649000   -103230.6435        22.7      -103121.3420      -109.3014 17m53s/Msamples
        3650000   -103231.5028        22.7      -103121.9423      -109.5604 17m53s/Msamples
        3651000   -103227.2377        22.7      -103122.0231      -105.2145 17m53s/Msamples
        3652000   -103237.6673        22.7      -103117.2664      -120.4009 17m53s/Msamples
        3653000   -103242.1384        22.7      -103120.8547      -121.2836 17m53s/Msamples
        3654000   -103232.3430        22.8      -103121.2412      -111.1018 17m53s/Msamples
        3655000   -103230.3890        22.8      -103117.5223      -112.8667 17m53s/Msamples
        3656000   -103243.3289        22.8      -103119.5215      -123.8073 17m53s/Msamples
        3657000   -103243.9218        22.8      -103122.1154      -121.8064 17m53s/Msamples
        3658000   -103249.8070        22.8      -103124.3325      -125.4744 17m53s/Msamples
        3659000   -103246.6236        22.8      -103126.9825      -119.6410 17m53s/Msamples
        3660000   -103244.7185        22.8      -103123.9051      -120.8134 17m53s/Msamples
        3661000   -103251.2980        22.8      -103131.7966      -119.5014 17m53s/Msamples
        3662000   -103252.8259        22.9      -103125.4330      -127.3929 17m53s/Msamples
        3663000   -103245.0369        22.9      -103123.4304      -121.6064 17m53s/Msamples
        3664000   -103250.3375        22.9      -103126.9799      -123.3575 17m53s/Msamples
        3665000   -103255.9156        22.9      -103131.9063      -124.0092 17m53s/Msamples
        3666000   -103237.9321        22.9      -103127.0986      -110.8334 17m53s/Msamples
        3667000   -103240.3054        22.9      -103127.5615      -112.7439 17m53s/Msamples
        3668000   -103242.1456        22.9      -103127.1153      -115.0303 17m53s/Msamples
        3669000   -103233.3728        22.9      -103125.7634      -107.6094 17m53s/Msamples
        3670000   -103241.9491        22.9      -103132.3833      -109.5657 17m53s/Msamples
        3671000   -103235.4455        23.0      -103127.6215      -107.8239 17m53s/Msamples
        3672000   -103240.5715        23.0      -103129.7345      -110.8369 17m53s/Msamples
        3673000   -103242.7462        23.0      -103135.1417      -107.6044 17m53s/Msamples
        3674000   -103242.5155        23.0      -103132.4665      -110.0490 17m53s/Msamples
        3675000   -103246.4253        23.0      -103133.4788      -112.9465 17m53s/Msamples
        3676000   -103233.9532        23.0      -103128.5510      -105.4022 17m53s/Msamples
        3677000   -103234.3133        23.0      -103129.2293      -105.0840 17m53s/Msamples
        3678000   -103242.1531        23.0      -103131.2002      -110.9528 17m53s/Msamples
        3679000   -103257.7991        23.0      -103132.0510      -125.7481 17m53s/Msamples
        3680000   -103245.1391        23.0      -103129.5714      -115.5676 17m53s/Msamples
        3681000   -103239.6211        23.1      -103128.4672      -111.1539 17m53s/Msamples
        3682000   -103254.1837        23.1      -103136.8842      -117.2994 17m53s/Msamples
        3683000   -103254.9099        23.1      -103132.5866      -122.3233 17m53s/Msamples
        3684000   -103229.3793        23.1      -103126.5829      -102.7963 17m53s/Msamples
        3685000   -103236.5867        23.1      -103133.1424      -103.4443 17m53s/Msamples
        3686000   -103231.9505        23.1      -103127.4231      -104.5273 17m53s/Msamples
        3687000   -103240.3223        23.1      -103125.1982      -115.1241 17m53s/Msamples
        3688000   -103228.9068        23.1      -103118.2772      -110.6295 17m53s/Msamples
        3689000   -103234.6771        23.1      -103124.8851      -109.7919 17m53s/Msamples
        3690000   -103231.6337        23.1      -103123.2095      -108.4241 17m53s/Msamples
        3691000   -103227.1979        23.1      -103118.8189      -108.3790 17m53s/Msamples
        3692000   -103227.0457        23.1      -103126.0452      -101.0005 17m53s/Msamples
        3693000   -103232.6740        23.1      -103125.4594      -107.2146 17m53s/Msamples
        3694000   -103233.3600        23.2      -103124.0645      -109.2955 17m53s/Msamples
        3695000   -103236.0267        23.2      -103123.4280      -112.5987 17m53s/Msamples
        3696000   -103231.6403        23.2      -103127.3999      -104.2403 17m53s/Msamples
        3697000   -103232.4186        23.2      -103125.8943      -106.5243 17m53s/Msamples
        3698000   -103241.7455        23.2      -103123.9841      -117.7613 17m53s/Msamples
        3699000   -103240.7399        23.2      -103128.6804      -112.0595 17m53s/Msamples
        3700000   -103258.4618        23.2      -103131.4248      -127.0369 17m53s/Msamples
        3701000   -103250.5086        23.2      -103132.0323      -118.4762 17m53s/Msamples
        3702000   -103252.2778        23.2      -103132.3901      -119.8877 17m53s/Msamples
        3703000   -103246.7148        23.2      -103129.8406      -116.8742 17m53s/Msamples
        3704000   -103244.0292        23.2      -103128.3457      -115.6835 17m53s/Msamples
        3705000   -103235.4012        23.2      -103131.7247      -103.6765 17m53s/Msamples
        3706000   -103228.1882        23.2      -103131.0080       -97.1801 17m53s/Msamples
        3707000   -103225.3052        23.3      -103131.5432       -93.7619 17m53s/Msamples
        3708000   -103225.3774        23.3      -103129.4112       -95.9661 17m53s/Msamples
        3709000   -103237.5748        23.3      -103139.2368       -98.3380 17m53s/Msamples
        3710000   -103233.0034        23.3      -103133.4392       -99.5641 17m53s/Msamples
        3711000   -103229.7189        23.3      -103130.3627       -99.3561 17m53s/Msamples
        3712000   -103217.0448        23.3      -103119.8248       -97.2200 17m53s/Msamples
        3713000   -103224.1130        23.3      -103118.9030      -105.2099 17m53s/Msamples
        3714000   -103243.7215        23.3      -103130.0638      -113.6577 17m53s/Msamples
        3715000   -103238.2662        23.3      -103128.9661      -109.3001 17m53s/Msamples
        3716000   -103225.5858        23.3      -103125.7527       -99.8331 17m53s/Msamples
        3717000   -103220.1741        23.3      -103122.0686       -98.1055 17m53s/Msamples
        3718000   -103223.2661        23.3      -103124.3958       -98.8703 17m53s/Msamples
        3719000   -103224.3235        23.4      -103114.2792      -110.0442 17m53s/Msamples
        3720000   -103209.1870        23.4      -103109.6892       -99.4977 17m53s/Msamples
        3721000   -103222.5524        23.4      -103120.2295      -102.3228 17m53s/Msamples
        3722000   -103219.2208        23.4      -103123.5060       -95.7148 17m53s/Msamples
        3723000   -103215.2042        23.4      -103118.3779       -96.8262 17m53s/Msamples
        3724000   -103224.7277        23.4      -103118.5387      -106.1889 17m53s/Msamples
        3725000   -103215.3828        23.4      -103109.9262      -105.4566 17m53s/Msamples
        3726000   -103219.3092        23.5      -103120.1307       -99.1784 17m53s/Msamples
        3727000   -103218.8843        23.5      -103113.5245      -105.3598 17m53s/Msamples
        3728000   -103231.3110        23.5      -103123.2608      -108.0502 17m53s/Msamples
        3729000   -103233.0413        23.5      -103119.6365      -113.4048 17m53s/Msamples
        3730000   -103237.0792        23.5      -103121.3680      -115.7112 17m53s/Msamples
        3731000   -103243.0559        23.5      -103131.8398      -111.2161 17m53s/Msamples
        3732000   -103242.0328        23.5      -103134.5656      -107.4671 17m53s/Msamples
        3733000   -103247.8189        23.5      -103129.2224      -118.5964 17m53s/Msamples
        3734000   -103243.8281        23.5      -103132.2155      -111.6125 17m53s/Msamples
        3735000   -103236.2642        23.5      -103125.0236      -111.2405 17m53s/Msamples
        3736000   -103237.8140        23.5      -103128.5354      -109.2786 17m53s/Msamples
        3737000   -103237.6107        23.5      -103130.3958      -107.2149 17m53s/Msamples
        3738000   -103241.9782        23.5      -103129.9562      -112.0219 17m53s/Msamples
        3739000   -103241.7186        23.5      -103130.6577      -111.0609 17m53s/Msamples
        3740000   -103227.0293        23.5      -103114.0575      -112.9717 17m53s/Msamples
        3741000   -103235.0798        23.5      -103115.3419      -119.7378 17m53s/Msamples
        3742000   -103252.6559        23.5      -103123.6218      -129.0340 17m53s/Msamples
        3743000   -103245.1093        23.5      -103119.4015      -125.7078 17m53s/Msamples
        3744000   -103247.5334        23.5      -103124.9626      -122.5708 17m53s/Msamples
        3745000   -103235.6277        23.5      -103123.1670      -112.4607 17m53s/Msamples
        3746000   -103235.0309        23.5      -103119.7792      -115.2517 17m53s/Msamples
        3747000   -103239.0005        23.5      -103124.4373      -114.5631 17m53s/Msamples
        3748000   -103239.7527        23.5      -103125.1601      -114.5925 17m53s/Msamples
        3749000   -103244.8742        23.5      -103126.9091      -117.9651 17m53s/Msamples
        3750000   -103228.9054        23.6      -103119.2994      -109.6059 17m53s/Msamples
        3751000   -103233.1871        23.6      -103121.3439      -111.8432 17m53s/Msamples
        3752000   -103238.6436        23.6      -103125.9911      -112.6524 17m53s/Msamples
        3753000   -103231.5144        23.6      -103124.5534      -106.9610 17m53s/Msamples
        3754000   -103230.8916        23.6      -103114.5476      -116.3440 17m53s/Msamples
        3755000   -103234.7480        23.6      -103114.8107      -119.9372 17m53s/Msamples
        3756000   -103228.5757        23.6      -103120.3033      -108.2724 17m53s/Msamples
        3757000   -103240.6379        23.6      -103130.2967      -110.3412 17m53s/Msamples
        3758000   -103242.9700        23.6      -103126.4456      -116.5243 17m53s/Msamples
        3759000   -103235.0208        23.6      -103119.7965      -115.2242 17m53s/Msamples
        3760000   -103240.8660        23.6      -103122.6466      -118.2193 17m53s/Msamples
        3761000   -103242.0481        23.6      -103123.4247      -118.6233 17m53s/Msamples
        3762000   -103242.3919        23.6      -103124.4039      -117.9879 17m53s/Msamples
        3763000   -103235.1044        23.6      -103120.4612      -114.6432 17m53s/Msamples
        3764000   -103247.3563        23.6      -103130.6491      -116.7072 17m53s/Msamples
        3765000   -103232.7720        23.6      -103122.6023      -110.1697 17m53s/Msamples
        3766000   -103240.0724        23.6      -103128.2020      -111.8704 17m53s/Msamples
        3767000   -103226.5484        23.6      -103119.9379      -106.6104 17m53s/Msamples
        3768000   -103222.4060        23.6      -103114.4314      -107.9745 17m53s/Msamples
        3769000   -103234.7952        23.6      -103122.8274      -111.9678 17m53s/Msamples
        3770000   -103242.3875        23.6      -103120.1248      -122.2626 17m53s/Msamples
        3771000   -103246.5081        23.6      -103125.8998      -120.6083 17m53s/Msamples
        3772000   -103234.9136        23.6      -103121.1991      -113.7144 17m53s/Msamples
        3773000   -103226.5918        23.6      -103116.3994      -110.1924 17m53s/Msamples
        3774000   -103237.6192        23.6      -103126.5816      -111.0376 17m53s/Msamples
        3775000   -103222.6572        23.7      -103111.7279      -110.9292 17m53s/Msamples
        3776000   -103236.4344        23.7      -103120.9394      -115.4950 17m53s/Msamples
        3777000   -103239.8319        23.7      -103125.0208      -114.8111 17m53s/Msamples
        3778000   -103228.0782        23.7      -103122.7400      -105.3382 17m53s/Msamples
        3779000   -103235.2890        23.7      -103123.6333      -111.6556 17m53s/Msamples
        3780000   -103230.8860        23.7      -103126.4406      -104.4454 17m53s/Msamples
        3781000   -103245.7506        23.7      -103134.3296      -111.4210 17m53s/Msamples
        3782000   -103249.5823        23.7      -103131.0930      -118.4893 17m53s/Msamples
        3783000   -103247.7021        23.7      -103132.4329      -115.2691 17m53s/Msamples
        3784000   -103236.7156        23.7      -103125.3362      -111.3794 17m53s/Msamples
        3785000   -103230.3938        23.7      -103120.2950      -110.0988 17m53s/Msamples
        3786000   -103237.3705        23.7      -103122.4483      -114.9222 17m53s/Msamples
        3787000   -103230.4611        23.7      -103121.5603      -108.9008 17m53s/Msamples
        3788000   -103243.5715        23.7      -103132.3359      -111.2355 17m53s/Msamples
        3789000   -103247.6564        23.7      -103131.8608      -115.7955 17m53s/Msamples
        3790000   -103243.6636        23.7      -103123.5077      -120.1559 17m53s/Msamples
        3791000   -103252.4704        23.7      -103136.1372      -116.3331 17m53s/Msamples
        3792000   -103254.1897        23.7      -103138.7062      -115.4834 17m53s/Msamples
        3793000   -103244.5669        23.7      -103128.0701      -116.4968 17m53s/Msamples
        3794000   -103244.1036        23.7      -103134.1439      -109.9596 17m53s/Msamples
        3795000   -103248.9235        23.7      -103141.5689      -107.3545 17m53s/Msamples
        3796000   -103244.9910        23.7      -103130.5737      -114.4173 17m53s/Msamples
        3797000   -103251.7784        23.7      -103135.1694      -116.6090 17m53s/Msamples
        3798000   -103243.7030        23.7      -103129.2930      -114.4099 17m53s/Msamples
        3799000   -103249.0970        23.7      -103131.0839      -118.0131 17m53s/Msamples
        3800000   -103245.7429        23.7      -103126.9378      -118.8051 17m53s/Msamples
        3801000   -103239.1663        23.7      -103127.5090      -111.6572 17m53s/Msamples
        3802000   -103239.3436        23.7      -103124.9798      -114.3638 17m53s/Msamples
        3803000   -103238.7376        23.7      -103122.1879      -116.5497 17m53s/Msamples
        3804000   -103221.1661        23.7      -103116.5343      -104.6318 17m53s/Msamples
        3805000   -103220.2283        23.7      -103120.0575      -100.1707 17m53s/Msamples
        3806000   -103231.9075        23.7      -103125.1666      -106.7409 17m53s/Msamples
        3807000   -103224.7374        23.7      -103128.6103       -96.1271 17m53s/Msamples
        3808000   -103230.9424        23.7      -103127.7327      -103.2096 17m53s/Msamples
        3809000   -103231.7625        23.7      -103127.3307      -104.4318 17m53s/Msamples
        3810000   -103239.6044        23.7      -103128.0007      -111.6037 17m53s/Msamples
        3811000   -103243.0570        23.7      -103129.8945      -113.1624 17m53s/Msamples
        3812000   -103242.0663        23.7      -103128.8893      -113.1770 17m53s/Msamples
        3813000   -103222.0505        23.7      -103125.9661       -96.0844 17m53s/Msamples
        3814000   -103215.6544        23.8      -103122.2438       -93.4106 17m53s/Msamples
        3815000   -103213.9678        23.8      -103119.9683       -93.9994 17m53s/Msamples
        3816000   -103226.9443        23.8      -103123.0921      -103.8521 17m53s/Msamples
        3817000   -103219.1909        23.8      -103116.2597      -102.9312 17m53s/Msamples
        3818000   -103232.4915        23.8      -103120.5743      -111.9171 17m53s/Msamples
        3819000   -103231.2325        23.8      -103116.9514      -114.2810 17m53s/Msamples
        3820000   -103235.6866        23.8      -103124.9074      -110.7791 17m53s/Msamples
        3821000   -103234.6518        23.8      -103131.0604      -103.5914 17m53s/Msamples
        3822000   -103230.9180        23.8      -103127.2620      -103.6560 17m53s/Msamples
        3823000   -103233.7396        23.8      -103127.2122      -106.5274 17m53s/Msamples
        3824000   -103233.6060        23.8      -103123.3489      -110.2570 17m53s/Msamples
        3825000   -103234.8969        23.8      -103126.7612      -108.1357 17m53s/Msamples
        3826000   -103243.6014        23.8      -103129.1408      -114.4605 17m53s/Msamples
        3827000   -103241.3456        23.8      -103127.9440      -113.4016 17m53s/Msamples
        3828000   -103239.3784        23.8      -103126.0642      -113.3141 17m53s/Msamples
        3829000   -103243.2795        23.8      -103132.3355      -110.9439 17m53s/Msamples
        3830000   -103243.1568        23.8      -103138.6843      -104.4725 17m53s/Msamples
        3831000   -103233.8086        23.8      -103126.5957      -107.2128 17m53s/Msamples
        3832000   -103233.6167        23.8      -103128.2448      -105.3718 17m53s/Msamples
        3833000   -103241.1362        23.8      -103134.7183      -106.4179 17m53s/Msamples
        3834000   -103244.4205        23.8      -103130.8542      -113.5663 17m53s/Msamples
        3835000   -103255.0849        23.8      -103133.3071      -121.7778 17m53s/Msamples
        3836000   -103243.0332        23.8      -103129.2897      -113.7435 17m53s/Msamples
        3837000   -103253.3897        23.8      -103134.8175      -118.5722 17m53s/Msamples
        3838000   -103258.1944        23.8      -103130.8977      -127.2967 17m53s/Msamples
        3839000   -103249.4205        23.8      -103125.6868      -123.7337 17m53s/Msamples
        3840000   -103246.6393        23.8      -103132.9463      -113.6930 17m53s/Msamples
        3841000   -103241.9191        23.8      -103126.9469      -114.9721 17m53s/Msamples
        3842000   -103246.7717        23.8      -103139.0538      -107.7179 17m53s/Msamples
        3843000   -103242.2604        23.8      -103134.5614      -107.6990 17m53s/Msamples
        3844000   -103233.2606        23.8      -103137.5912       -95.6694 17m53s/Msamples
        3845000   -103246.9068        23.8      -103140.0764      -106.8303 17m53s/Msamples
        3846000   -103241.8809        23.8      -103134.9197      -106.9612 17m53s/Msamples
        3847000   -103237.5834        23.8      -103136.6228      -100.9606 17m53s/Msamples
        3848000   -103237.0795        23.8      -103138.1163       -98.9632 17m53s/Msamples
        3849000   -103242.1811        23.8      -103141.8548      -100.3262 17m54s/Msamples
        3850000   -103238.5784        23.8      -103140.3472       -98.2311 17m54s/Msamples
        3851000   -103245.2003        23.8      -103137.9664      -107.2339 17m54s/Msamples
        3852000   -103245.4955        23.8      -103139.6641      -105.8314 17m54s/Msamples
        3853000   -103235.4717        23.8      -103131.7821      -103.6896 17m54s/Msamples
        3854000   -103222.2167        23.8      -103128.4137       -93.8030 17m54s/Msamples
        3855000   -103229.7824        23.8      -103130.5077       -99.2747 17m54s/Msamples
        3856000   -103231.4799        23.8      -103132.2853       -99.1945 17m54s/Msamples
        3857000   -103232.1400        23.8      -103133.3392       -98.8008 17m53s/Msamples
        3858000   -103241.9408        23.8      -103133.5096      -108.4312 17m53s/Msamples
        3859000   -103249.3494        23.8      -103135.6517      -113.6977 17m53s/Msamples
        3860000   -103250.9323        23.8      -103135.7293      -115.2030 17m53s/Msamples
        3861000   -103243.2200        23.8      -103134.6787      -108.5412 17m53s/Msamples
        3862000   -103242.2848        23.8      -103134.5511      -107.7336 17m53s/Msamples
        3863000   -103244.1825        23.8      -103132.7374      -111.4450 17m53s/Msamples
        3864000   -103239.8281        23.8      -103136.0353      -103.7927 17m53s/Msamples
        3865000   -103249.0317        23.8      -103136.3264      -112.7052 17m53s/Msamples
        3866000   -103243.3895        23.8      -103141.8625      -101.5270 17m54s/Msamples
        3867000   -103253.9289        23.8      -103138.6381      -115.2907 17m54s/Msamples
        3868000   -103255.2141        23.8      -103140.5118      -114.7023 17m54s/Msamples
        3869000   -103238.4722        23.8      -103133.7622      -104.7099 17m54s/Msamples
        3870000   -103245.8534        23.8      -103136.0576      -109.7957 17m54s/Msamples
        3871000   -103238.3429        23.8      -103129.6148      -108.7280 17m54s/Msamples
        3872000   -103240.8925        23.8      -103133.2723      -107.6201 17m54s/Msamples
        3873000   -103250.8511        23.8      -103133.7379      -117.1131 17m54s/Msamples
        3874000   -103261.7448        23.8      -103140.5437      -121.2011 17m54s/Msamples
        3875000   -103263.5588        23.8      -103141.0062      -122.5525 17m54s/Msamples
        3876000   -103275.4269        23.8      -103148.1472      -127.2797 17m54s/Msamples
        3877000   -103265.9095        23.8      -103147.1546      -118.7548 17m54s/Msamples
        3878000   -103274.5949        23.8      -103146.1021      -128.4927 17m54s/Msamples
        3879000   -103269.2450        23.8      -103139.8140      -129.4310 17m53s/Msamples
        3880000   -103262.3183        23.8      -103137.6788      -124.6394 17m54s/Msamples
        3881000   -103251.7012        23.8      -103133.8425      -117.8587 17m54s/Msamples
        3882000   -103256.4417        23.8      -103134.8696      -121.5720 17m54s/Msamples
        3883000   -103266.1267        23.8      -103140.1967      -125.9300 17m54s/Msamples
        3884000   -103237.7208        23.8      -103127.5453      -110.1755 17m54s/Msamples
        3885000   -103241.1879        23.8      -103123.8754      -117.3125 17m54s/Msamples
        3886000   -103243.1414        23.8      -103130.4788      -112.6625 17m54s/Msamples
        3887000   -103232.8866        23.8      -103129.2762      -103.6104 17m53s/Msamples
        3888000   -103232.1272        23.8      -103127.5635      -104.5636 17m53s/Msamples
        3889000   -103229.1909        23.8      -103125.7617      -103.4292 17m54s/Msamples
        3890000   -103229.5454        23.8      -103125.5807      -103.9646 17m54s/Msamples
        3891000   -103221.7667        23.8      -103119.5628      -102.2038 17m54s/Msamples
        3892000   -103236.4009        23.8      -103123.8438      -112.5570 17m54s/Msamples
        3893000   -103238.2428        23.8      -103129.6303      -108.6124 17m54s/Msamples
        3894000   -103237.3402        23.8      -103128.2861      -109.0541 17m54s/Msamples
        3895000   -103238.9363        23.8      -103130.5467      -108.3895 17m54s/Msamples
        3896000   -103230.0823        23.8      -103117.4500      -112.6322 17m54s/Msamples
        3897000   -103236.4004        23.8      -103132.1235      -104.2769 17m54s/Msamples
        3898000   -103245.3546        23.8      -103136.4391      -108.9154 17m54s/Msamples
        3899000   -103250.3943        23.8      -103136.5578      -113.8364 17m54s/Msamples
        3900000   -103239.5162        23.8      -103130.7420      -108.7741 17m54s/Msamples
        3901000   -103242.7119        23.8      -103132.5611      -110.1508 17m54s/Msamples
        3902000   -103255.0462        23.8      -103134.9033      -120.1429 17m54s/Msamples
        3903000   -103246.3250        23.8      -103132.4524      -113.8726 17m54s/Msamples
        3904000   -103242.0856        23.8      -103128.8250      -113.2606 17m54s/Msamples
        3905000   -103228.9189        23.8      -103122.2677      -106.6511 17m54s/Msamples
        3906000   -103241.0841        23.8      -103134.3105      -106.7735 17m54s/Msamples
        3907000   -103237.2088        23.8      -103132.6467      -104.5621 17m54s/Msamples
        3908000   -103231.7976        23.8      -103130.8896      -100.9080 17m54s/Msamples
        3909000   -103223.0030        23.8      -103128.7331       -94.2698 17m54s/Msamples
        3910000   -103238.6810        23.8      -103128.7897      -109.8913 17m54s/Msamples
        3911000   -103229.5172        23.8      -103131.5886       -97.9285 17m54s/Msamples
        3912000   -103221.8363        23.8      -103131.7881       -90.0482 17m54s/Msamples
        3913000   -103216.0087        23.9      -103127.4673       -88.5413 17m54s/Msamples
        3914000   -103240.4851        23.9      -103133.5622      -106.9229 17m54s/Msamples
        3915000   -103238.3503        23.9      -103129.7142      -108.6360 17m54s/Msamples
        3916000   -103244.4635        23.9      -103126.4872      -117.9763 17m54s/Msamples
        3917000   -103234.8267        23.9      -103127.2972      -107.5295 17m54s/Msamples
        3918000   -103233.4810        23.9      -103128.1405      -105.3405 17m54s/Msamples
        3919000   -103242.5791        23.9      -103137.5838      -104.9953 17m54s/Msamples
        3920000   -103231.3536        23.9      -103132.3043       -99.0493 17m54s/Msamples
        3921000   -103240.7056        23.9      -103136.2858      -104.4198 17m54s/Msamples
        3922000   -103230.7521        23.9      -103125.1379      -105.6142 17m54s/Msamples
        3923000   -103233.3960        23.9      -103122.8877      -110.5083 17m54s/Msamples
        3924000   -103234.8257        23.9      -103125.9346      -108.8911 17m54s/Msamples
        3925000   -103228.2263        23.9      -103120.9012      -107.3250 17m54s/Msamples
        3926000   -103231.4874        23.9      -103125.4805      -106.0069 17m54s/Msamples
        3927000   -103240.0839        23.9      -103129.1221      -110.9618 17m54s/Msamples
        3928000   -103228.7541        23.9      -103129.1512       -99.6029 17m54s/Msamples
        3929000   -103239.2431        23.9      -103131.5280      -107.7151 17m54s/Msamples
        3930000   -103243.1996        23.9      -103127.3513      -115.8483 17m54s/Msamples
        3931000   -103253.0204        23.9      -103133.7383      -119.2821 17m54s/Msamples
        3932000   -103246.1438        23.9      -103131.6743      -114.4694 17m54s/Msamples
        3933000   -103233.4911        23.9      -103130.2895      -103.2016 17m54s/Msamples
        3934000   -103246.1493        23.9      -103131.8607      -114.2886 17m54s/Msamples
        3935000   -103245.9649        23.9      -103133.8253      -112.1396 17m54s/Msamples
        3936000   -103233.9657        23.9      -103128.6250      -105.3406 17m54s/Msamples
        3937000   -103254.1377        23.9      -103140.8399      -113.2978 17m54s/Msamples
        3938000   -103247.0566        23.9      -103136.9505      -110.1060 17m54s/Msamples
        3939000   -103241.2318        23.9      -103129.0151      -112.2167 17m54s/Msamples
        3940000   -103239.2966        23.9      -103129.0363      -110.2603 17m54s/Msamples
        3941000   -103235.4838        23.9      -103129.6638      -105.8200 17m54s/Msamples
        3942000   -103235.1475        23.9      -103129.7984      -105.3491 17m54s/Msamples
        3943000   -103236.5247        23.9      -103126.5025      -110.0221 17m54s/Msamples
        3944000   -103223.5822        23.9      -103116.6628      -106.9193 17m54s/Msamples
        3945000   -103236.2335        23.9      -103122.6745      -113.5589 17m54s/Msamples
        3946000   -103230.1890        23.9      -103122.5335      -107.6554 17m54s/Msamples
        3947000   -103227.1944        23.9      -103118.8940      -108.3003 17m54s/Msamples
        3948000   -103236.0481        23.9      -103122.8473      -113.2008 17m54s/Msamples
        3949000   -103245.1367        23.9      -103125.3949      -119.7418 17m54s/Msamples
        3950000   -103247.6516        23.9      -103119.0877      -128.5639 17m54s/Msamples
        3951000   -103246.6005        23.9      -103116.5560      -130.0444 17m54s/Msamples
        3952000   -103248.9362        23.9      -103113.3842      -135.5519 17m54s/Msamples
        3953000   -103248.4405        23.9      -103119.7934      -128.6470 17m54s/Msamples
        3954000   -103242.1517        23.9      -103124.4301      -117.7216 17m54s/Msamples
        3955000   -103234.1092        23.9      -103113.9121      -120.1971 17m54s/Msamples
        3956000   -103235.3692        23.9      -103115.6127      -119.7565 17m54s/Msamples
        3957000   -103225.4981        23.9      -103114.1100      -111.3880 17m54s/Msamples
        3958000   -103229.5474        23.9      -103112.7890      -116.7583 17m54s/Msamples
        3959000   -103224.1473        23.9      -103108.6909      -115.4564 17m54s/Msamples
        3960000   -103217.4193        24.0      -103108.1044      -109.3148 17m54s/Msamples
        3961000   -103223.1965        24.0      -103109.1723      -114.0241 17m54s/Msamples
        3962000   -103220.6437        24.0      -103106.1716      -114.4720 17m54s/Msamples
        3963000   -103224.1554        24.0      -103110.5691      -113.5862 17m54s/Msamples
        3964000   -103227.6339        24.0      -103117.1441      -110.4897 17m54s/Msamples
        3965000   -103228.1270        24.0      -103121.2552      -106.8717 17m54s/Msamples
        3966000   -103234.2399        24.0      -103123.0956      -111.1442 17m54s/Msamples
        3967000   -103206.7617        24.1      -103108.1606       -98.6011 17m54s/Msamples
        3968000   -103213.4331        24.1      -103112.7544      -100.6786 17m54s/Msamples
        3969000   -103199.6597        24.1      -103106.3059       -93.3537 17m54s/Msamples
        3970000   -103202.7733        24.2      -103100.4740      -102.2993 17m54s/Msamples
        3971000   -103193.1299        24.2      -103097.5528       -95.5771 17m54s/Msamples
        3972000   -103208.3033        24.3      -103113.6778       -94.6254 17m54s/Msamples
        3973000   -103207.5013        24.3      -103105.4664      -102.0349 17m54s/Msamples
        3974000   -103221.9597        24.3      -103120.6289      -101.3308 17m54s/Msamples
        3975000   -103208.4740        24.3      -103110.4986       -97.9753 17m54s/Msamples
        3976000   -103221.2207        24.4      -103122.1668       -99.0539 17m54s/Msamples
        3977000   -103234.7339        24.4      -103128.5434      -106.1905 17m54s/Msamples
        3978000   -103216.2697        24.4      -103118.1530       -98.1167 17m54s/Msamples
        3979000   -103218.6503        24.4      -103124.1046       -94.5456 17m54s/Msamples
        3980000   -103236.9115        24.4      -103130.0612      -106.8502 17m54s/Msamples
        3981000   -103239.7547        24.4      -103130.9168      -108.8379 17m54s/Msamples
        3982000   -103233.4119        24.4      -103123.8224      -109.5894 17m54s/Msamples
        3983000   -103254.9104        24.4      -103136.5633      -118.3471 17m54s/Msamples
        3984000   -103240.8456        24.4      -103128.5696      -112.2760 17m54s/Msamples
        3985000   -103258.2500        24.4      -103140.0226      -118.2273 17m54s/Msamples
        3986000   -103247.7318        24.4      -103136.2417      -111.4900 17m54s/Msamples
        3987000   -103238.9599        24.4      -103131.0735      -107.8863 17m54s/Msamples
        3988000   -103225.3466        24.4      -103123.5959      -101.7506 17m54s/Msamples
        3989000   -103226.6048        24.4      -103121.9382      -104.6666 17m54s/Msamples
        3990000   -103246.4265        24.4      -103136.5648      -109.8617 17m54s/Msamples
        3991000   -103226.7549        24.4      -103128.8456       -97.9093 17m54s/Msamples
        3992000   -103228.6903        24.4      -103133.2192       -95.4711 17m54s/Msamples
        3993000   -103225.3614        24.4      -103130.8325       -94.5289 17m54s/Msamples
        3994000   -103234.1329        24.5      -103132.3999      -101.7329 17m54s/Msamples
        3995000   -103240.4727        24.5      -103134.3000      -106.1727 17m54s/Msamples
        3996000   -103229.6519        24.5      -103137.1680       -92.4838 17m54s/Msamples
        3997000   -103231.9440        24.5      -103136.1195       -95.8244 17m54s/Msamples
        3998000   -103230.4360        24.5      -103132.1873       -98.2487 17m54s/Msamples
        3999000   -103227.0869        24.5      -103129.6199       -97.4669 17m54s/Msamples
        4000000   -103219.8700        24.5      -103126.2309       -93.6391 17m54s/Msamples
        4001000   -103229.8145        24.5      -103137.0956       -92.7188 17m54s/Msamples
        4002000   -103236.6388        24.5      -103131.7920      -104.8467 17m54s/Msamples
        4003000   -103237.3046        24.5      -103129.4884      -107.8161 17m54s/Msamples
        4004000   -103249.5554        24.5      -103138.3092      -111.2462 17m54s/Msamples
        4005000   -103230.6767        24.5      -103131.7264       -98.9502 17m54s/Msamples
        4006000   -103245.7531        24.5      -103143.0043      -102.7488 17m54s/Msamples
        4007000   -103236.0817        24.5      -103135.0928      -100.9889 17m54s/Msamples
        4008000   -103234.8740        24.5      -103132.2586      -102.6154 17m54s/Msamples
        4009000   -103237.1161        24.5      -103135.7858      -101.3302 17m54s/Msamples
        4010000   -103223.8606        24.5      -103134.0040       -89.8565 17m54s/Msamples
        4011000   -103233.4836        24.5      -103131.3119      -102.1716 17m54s/Msamples
        4012000   -103230.1476        24.5      -103133.7737       -96.3738 17m54s/Msamples
        4013000   -103232.7820        24.5      -103136.7562       -96.0257 17m54s/Msamples
        4014000   -103236.9914        24.5      -103133.8083      -103.1831 17m54s/Msamples
        4015000   -103243.1552        24.6      -103132.9008      -110.2543 17m54s/Msamples
        4016000   -103234.7851        24.6      -103128.2925      -106.4925 17m54s/Msamples
        4017000   -103240.2214        24.6      -103129.0219      -111.1995 17m54s/Msamples
        4018000   -103237.4379        24.6      -103127.8203      -109.6175 17m54s/Msamples
        4019000   -103237.8483        24.6      -103126.5472      -111.3010 17m54s/Msamples
        4020000   -103233.8806        24.6      -103126.7488      -107.1318 17m54s/Msamples
        4021000   -103234.3481        24.6      -103125.9531      -108.3950 17m54s/Msamples
        4022000   -103223.8354        24.6      -103124.1873       -99.6480 17m54s/Msamples
        4023000   -103210.2630        24.6      -103116.8557       -93.4073 17m54s/Msamples
        4024000   -103221.1718        24.6      -103117.5731      -103.5987 17m54s/Msamples
        4025000   -103215.9236        24.6      -103117.2421       -98.6814 17m54s/Msamples
        4026000   -103211.5579        24.7      -103115.9875       -95.5704 17m54s/Msamples
        4027000   -103208.8818        24.7      -103116.6859       -92.1958 17m54s/Msamples
        4028000   -103218.6462        24.7      -103126.4681       -92.1781 17m54s/Msamples
        4029000   -103226.5755        24.7      -103125.8447      -100.7308 17m54s/Msamples
        4030000   -103236.2055        24.7      -103125.6853      -110.5201 17m54s/Msamples
        4031000   -103234.6162        24.7      -103127.6300      -106.9862 17m54s/Msamples
        4032000   -103219.3308        24.7      -103114.8817      -104.4490 17m54s/Msamples
        4033000   -103225.0247        24.7      -103123.7699      -101.2547 17m54s/Msamples
        4034000   -103223.1260        24.8      -103116.2986      -106.8273 17m54s/Msamples
        4035000   -103223.0986        24.8      -103117.7213      -105.3773 17m54s/Msamples
        4036000   -103224.5410        24.8      -103112.5935      -111.9475 17m54s/Msamples
        4037000   -103219.4213        24.8      -103108.2677      -111.1536 17m54s/Msamples
        4038000   -103213.9724        24.8      -103104.3751      -109.5972 17m54s/Msamples
        4039000   -103219.3241        24.8      -103114.2978      -105.0263 17m54s/Msamples
        4040000   -103228.7477        24.8      -103123.5958      -105.1518 17m54s/Msamples
        4041000   -103224.4999        24.8      -103115.1661      -109.3338 17m54s/Msamples
        4042000   -103219.8339        24.9      -103119.0027      -100.8311 17m54s/Msamples
        4043000   -103216.3225        24.9      -103113.2530      -103.0694 17m54s/Msamples
        4044000   -103220.1653        24.9      -103121.8199       -98.3454 17m54s/Msamples
        4045000   -103231.9139        24.9      -103125.7753      -106.1386 17m54s/Msamples
        4046000   -103214.9145        24.9      -103122.4968       -92.4177 17m54s/Msamples
        4047000   -103211.6970        24.9      -103117.1304       -94.5665 17m54s/Msamples
        4048000   -103204.1150        25.0      -103116.6824       -87.4326 17m54s/Msamples
        4049000   -103218.4419        25.0      -103125.7698       -92.6721 17m54s/Msamples
        4050000   -103226.6124        25.0      -103129.1303       -97.4821 17m54s/Msamples
        4051000   -103229.2702        25.0      -103129.4814       -99.7888 17m54s/Msamples
        4052000   -103241.5777        25.0      -103140.0114      -101.5662 17m54s/Msamples
        4053000   -103231.1411        25.0      -103132.1599       -98.9811 17m54s/Msamples
        4054000   -103226.2035        25.0      -103127.3466       -98.8569 17m54s/Msamples
        4055000   -103219.1731        25.0      -103126.6933       -92.4798 17m54s/Msamples
        4056000   -103224.1905        25.1      -103129.8995       -94.2909 17m54s/Msamples
        4057000   -103252.4222        25.1      -103138.6349      -113.7873 17m54s/Msamples
        4058000   -103244.7678        25.1      -103133.2074      -111.5604 17m54s/Msamples
        4059000   -103237.2812        25.1      -103130.8616      -106.4196 17m54s/Msamples
        4060000   -103248.5286        25.1      -103142.5672      -105.9613 17m54s/Msamples
        4061000   -103241.9785        25.1      -103134.0889      -107.8895 17m54s/Msamples
        4062000   -103233.2871        25.1      -103127.1716      -106.1155 17m54s/Msamples
        4063000   -103225.0604        25.1      -103131.9178       -93.1425 17m54s/Msamples
        4064000   -103214.9437        25.1      -103120.8724       -94.0712 17m54s/Msamples
        4065000   -103224.7476        25.1      -103129.5984       -95.1492 17m54s/Msamples
        4066000   -103239.9419        25.1      -103129.8560      -110.0858 17m54s/Msamples
        4067000   -103231.2342        25.1      -103124.2799      -106.9542 17m54s/Msamples
        4068000   -103229.1367        25.1      -103127.3783      -101.7584 17m54s/Msamples
        4069000   -103218.8059        25.1      -103125.5949       -93.2109 17m54s/Msamples
        4070000   -103224.0908        25.2      -103125.6754       -98.4154 17m54s/Msamples
        4071000   -103237.2794        25.2      -103139.0835       -98.1959 17m54s/Msamples
        4072000   -103248.4383        25.2      -103139.4005      -109.0378 17m54s/Msamples
        4073000   -103233.2345        25.2      -103129.7589      -103.4755 17m54s/Msamples
        4074000   -103229.5733        25.2      -103121.5622      -108.0110 17m54s/Msamples
        4075000   -103230.6302        25.2      -103122.4895      -108.1407 17m54s/Msamples
        4076000   -103229.8119        25.2      -103126.8043      -103.0075 17m54s/Msamples
        4077000   -103232.5920        25.2      -103137.3207       -95.2712 17m54s/Msamples
        4078000   -103226.8013        25.2      -103125.7808      -101.0205 17m54s/Msamples
        4079000   -103228.2412        25.2      -103124.9994      -103.2418 17m54s/Msamples
        4080000   -103225.3000        25.2      -103125.3736       -99.9264 17m54s/Msamples
        4081000   -103226.7620        25.2      -103126.4112      -100.3508 17m54s/Msamples
        4082000   -103221.1727        25.2      -103122.4388       -98.7338 17m54s/Msamples
        4083000   -103221.8002        25.3      -103126.8525       -94.9476 17m54s/Msamples
        4084000   -103215.6088        25.3      -103124.5201       -91.0886 17m54s/Msamples
        4085000   -103219.6201        25.3      -103121.9279       -97.6922 17m54s/Msamples
        4086000   -103217.5191        25.3      -103119.6350       -97.8841 17m54s/Msamples
        4087000   -103214.8056        25.3      -103123.8335       -90.9720 17m54s/Msamples
        4088000   -103216.1818        25.3      -103127.8784       -88.3034 17m54s/Msamples
        4089000   -103223.8854        25.3      -103125.7895       -98.0958 17m54s/Msamples
        4090000   -103219.0427        25.4      -103124.9138       -94.1289 17m54s/Msamples
        4091000   -103223.5052        25.4      -103124.8007       -98.7045 17m54s/Msamples
        4092000   -103239.0193        25.4      -103130.2924      -108.7269 17m54s/Msamples
        4093000   -103240.3742        25.4      -103131.8340      -108.5402 17m54s/Msamples
        4094000   -103242.3419        25.4      -103128.8723      -113.4696 17m54s/Msamples
        4095000   -103230.9752        25.4      -103127.3033      -103.6718 17m54s/Msamples
        4096000   -103235.5356        25.4      -103126.2762      -109.2594 17m54s/Msamples
        4097000   -103249.0729        25.4      -103131.8106      -117.2623 17m54s/Msamples
        4098000   -103263.8648        25.4      -103137.5423      -126.3224 17m54s/Msamples
        4099000   -103259.5120        25.4      -103135.2763      -124.2357 17m54s/Msamples
        4100000   -103253.8357        25.4      -103133.4150      -120.4206 17m54s/Msamples
        4101000   -103250.9519        25.4      -103134.0667      -116.8852 17m54s/Msamples
        4102000   -103242.1775        25.4      -103132.9049      -109.2726 17m54s/Msamples
        4103000   -103244.0947        25.4      -103136.9725      -107.1222 17m54s/Msamples
        4104000   -103249.8008        25.4      -103137.0493      -112.7514 17m54s/Msamples
        4105000   -103246.4828        25.5      -103132.1115      -114.3712 17m54s/Msamples
        4106000   -103246.5985        25.5      -103138.1654      -108.4330 17m54s/Msamples
        4107000   -103234.1683        25.5      -103131.5902      -102.5781 17m54s/Msamples
        4108000   -103244.6032        25.5      -103140.4983      -104.1048 17m54s/Msamples
        4109000   -103231.6848        25.5      -103134.3541       -97.3307 17m54s/Msamples
        4110000   -103229.8449        25.5      -103127.4742      -102.3707 17m54s/Msamples
        4111000   -103223.5312        25.5      -103129.1757       -94.3555 17m54s/Msamples
        4112000   -103227.3020        25.5      -103130.3284       -96.9735 17m54s/Msamples
        4113000   -103208.5578        25.5      -103117.4383       -91.1195 17m54s/Msamples
        4114000   -103224.3885        25.5      -103124.7292       -99.6592 17m54s/Msamples
        4115000   -103221.3121        25.5      -103128.4530       -92.8590 17m54s/Msamples
        4116000   -103215.7485        25.6      -103125.4894       -90.2590 17m54s/Msamples
        4117000   -103216.2563        25.6      -103128.2817       -87.9746 17m54s/Msamples
        4118000   -103229.8368        25.6      -103131.4657       -98.3710 17m54s/Msamples
        4119000   -103225.2344        25.6      -103128.9989       -96.2354 17m54s/Msamples
        4120000   -103227.1634        25.6      -103124.8921      -102.2712 17m54s/Msamples
        4121000   -103225.5960        25.6      -103127.3872       -98.2088 17m54s/Msamples
        4122000   -103232.3906        25.6      -103121.6342      -110.7563 17m54s/Msamples
        4123000   -103222.8129        25.6      -103130.0283       -92.7845 17m54s/Msamples
        4124000   -103226.2960        25.6      -103126.4112       -99.8848 17m54s/Msamples
        4125000   -103230.0604        25.6      -103129.1451      -100.9152 17m54s/Msamples
        4126000   -103219.8942        25.7      -103120.7069       -99.1873 17m54s/Msamples
        4127000   -103239.8138        25.7      -103132.7911      -107.0226 17m54s/Msamples
        4128000   -103235.3695        25.7      -103130.8915      -104.4779 17m54s/Msamples
        4129000   -103240.0831        25.7      -103137.1753      -102.9077 17m54s/Msamples
        4130000   -103240.8613        25.7      -103132.8913      -107.9699 17m54s/Msamples
        4131000   -103226.3536        25.7      -103126.1718      -100.1817 17m54s/Msamples
        4132000   -103230.7001        25.7      -103130.1318      -100.5682 17m54s/Msamples
        4133000   -103221.2111        25.7      -103128.0886       -93.1225 17m54s/Msamples
        4134000   -103222.1718        25.7      -103126.8265       -95.3452 17m54s/Msamples
        4135000   -103214.3458        25.7      -103123.0480       -91.2977 17m54s/Msamples
        4136000   -103227.0759        25.7      -103130.4111       -96.6647 17m54s/Msamples
        4137000   -103220.2969        25.8      -103128.4073       -91.8895 17m54s/Msamples
        4138000   -103216.2278        25.8      -103123.6659       -92.5618 17m54s/Msamples
        4139000   -103208.4016        25.8      -103120.1106       -88.2909 17m54s/Msamples
        4140000   -103214.5551        25.8      -103119.9769       -94.5782 17m54s/Msamples
        4141000   -103225.6946        25.8      -103127.8243       -97.8702 17m54s/Msamples
        4142000   -103235.0304        25.8      -103126.5398      -108.4905 17m54s/Msamples
        4143000   -103225.4039        25.8      -103128.0367       -97.3672 17m54s/Msamples
        4144000   -103230.6013        25.8      -103131.8526       -98.7487 17m54s/Msamples
        4145000   -103214.1788        25.9      -103122.4015       -91.7773 17m54s/Msamples
        4146000   -103212.2480        25.9      -103125.3165       -86.9315 17m54s/Msamples
        4147000   -103217.5945        25.9      -103123.8725       -93.7219 17m54s/Msamples
        4148000   -103223.5363        25.9      -103127.0223       -96.5140 17m54s/Msamples
        4149000   -103219.7849        25.9      -103125.4471       -94.3377 17m54s/Msamples
        4150000   -103216.4584        25.9      -103122.1274       -94.3310 17m54s/Msamples
        4151000   -103222.8542        25.9      -103124.5444       -98.3098 17m54s/Msamples
        4152000   -103222.9447        25.9      -103120.3963      -102.5484 17m54s/Msamples
        4153000   -103215.0994        26.0      -103119.0846       -96.0148 17m54s/Msamples
        4154000   -103209.4080        26.0      -103120.3514       -89.0566 17m54s/Msamples
        4155000   -103224.9380        26.0      -103122.2992      -102.6388 17m54s/Msamples
        4156000   -103211.2651        26.0      -103122.4334       -88.8317 17m54s/Msamples
        4157000   -103205.6755        26.0      -103126.6575       -79.0180 17m54s/Msamples
        4158000   -103200.5301        26.1      -103118.0364       -82.4936 17m54s/Msamples
        4159000   -103201.2649        26.1      -103118.7304       -82.5345 17m54s/Msamples
        4160000   -103196.7596        26.1      -103121.4875       -75.2720 17m54s/Msamples
        4161000   -103205.5225        26.2      -103124.3937       -81.1287 17m54s/Msamples
        4162000   -103217.8593        26.2      -103132.3791       -85.4802 17m54s/Msamples
        4163000   -103227.6582        26.2      -103140.0309       -87.6273 17m54s/Msamples
        4164000   -103230.6934        26.2      -103131.4819       -99.2115 17m54s/Msamples
        4165000   -103221.2840        26.2      -103127.1720       -94.1119 17m54s/Msamples
        4166000   -103230.5540        26.2      -103127.2720      -103.2820 17m54s/Msamples
        4167000   -103233.9070        26.2      -103125.2072      -108.6997 17m54s/Msamples
        4168000   -103235.8797        26.2      -103133.4200      -102.4596 17m54s/Msamples
        4169000   -103233.6341        26.2      -103131.0305      -102.6035 17m54s/Msamples
        4170000   -103236.7052        26.2      -103138.8344       -97.8707 17m54s/Msamples
        4171000   -103249.1160        26.2      -103148.1227      -100.9932 17m54s/Msamples
        4172000   -103232.4731        26.2      -103132.0971      -100.3759 17m54s/Msamples
        4173000   -103223.4281        26.3      -103130.6157       -92.8124 17m54s/Msamples
        4174000   -103224.1898        26.3      -103129.8443       -94.3454 17m54s/Msamples
        4175000   -103225.4573        26.3      -103135.4885       -89.9688 17m54s/Msamples
        4176000   -103228.3973        26.3      -103130.7967       -97.6005 17m54s/Msamples
        4177000   -103229.7157        26.3      -103132.7876       -96.9281 17m54s/Msamples
        4178000   -103234.7668        26.3      -103137.1289       -97.6378 17m54s/Msamples
        4179000   -103238.3186        26.3      -103141.3792       -96.9393 17m54s/Msamples
        4180000   -103235.0113        26.3      -103129.0367      -105.9745 17m54s/Msamples
        4181000   -103220.9477        26.3      -103124.8810       -96.0666 17m54s/Msamples
        4182000   -103230.0693        26.3      -103124.7914      -105.2779 17m54s/Msamples
        4183000   -103229.5546        26.3      -103132.6974       -96.8571 17m54s/Msamples
        4184000   -103206.7558        26.3      -103123.2034       -83.5524 17m54s/Msamples
        4185000   -103201.5690        26.4      -103127.6507       -73.9182 17m54s/Msamples
        4186000   -103211.2273        26.4      -103129.8115       -81.4157 17m54s/Msamples
        4187000   -103204.8990        26.4      -103135.6046       -69.2944 17m54s/Msamples
        4188000   -103196.4683        26.4      -103134.2079       -62.2604 17m54s/Msamples
        4189000   -103214.7874        26.5      -103134.5185       -80.2688 17m54s/Msamples
        4190000   -103225.1335        26.5      -103134.3171       -90.8163 17m54s/Msamples
        4191000   -103219.8380        26.5      -103130.3801       -89.4578 17m54s/Msamples
        4192000   -103209.6515        26.5      -103124.0963       -85.5552 17m54s/Msamples
        4193000   -103222.7690        26.5      -103125.5538       -97.2151 17m54s/Msamples
        4194000   -103214.0445        26.5      -103126.2280       -87.8164 17m54s/Msamples
        4195000   -103196.5955        26.5      -103119.7746       -76.8208 17m54s/Msamples
        4196000   -103186.4734        26.6      -103119.6359       -66.8375 17m54s/Msamples
        4197000   -103194.0374        26.6      -103119.4885       -74.5489 17m54s/Msamples
        4198000   -103207.0363        26.7      -103119.7590       -87.2772 17m54s/Msamples
        4199000   -103204.5483        26.7      -103127.2860       -77.2622 17m54s/Msamples
        4200000   -103205.6057        26.7      -103130.3282       -75.2775 17m54s/Msamples
        4201000   -103236.1180        26.7      -103140.5939       -95.5241 17m54s/Msamples
        4202000   -103229.1417        26.7      -103131.6037       -97.5379 17m54s/Msamples
        4203000   -103212.7746        26.7      -103128.4735       -84.3010 17m54s/Msamples
        4204000   -103208.1209        26.7      -103127.9128       -80.2080 17m54s/Msamples
        4205000   -103216.5975        26.7      -103132.2994       -84.2980 17m54s/Msamples
        4206000   -103222.4289        26.8      -103135.3134       -87.1154 17m54s/Msamples
        4207000   -103229.0139        26.8      -103134.0548       -94.9591 17m54s/Msamples
        4208000   -103228.4516        26.8      -103142.3653       -86.0863 17m54s/Msamples
        4209000   -103209.3538        26.8      -103127.0845       -82.2692 17m54s/Msamples
        4210000   -103216.1225        26.8      -103133.6134       -82.5091 17m54s/Msamples
        4211000   -103210.8429        26.8      -103129.6603       -81.1825 17m54s/Msamples
        4212000   -103202.4978        26.8      -103125.9161       -76.5816 17m54s/Msamples
        4213000   -103189.5478        26.9      -103116.7680       -72.7798 17m54s/Msamples
        4214000   -103190.3227        26.9      -103116.7699       -73.5528 17m54s/Msamples
        4215000   -103210.6941        26.9      -103118.7317       -91.9623 17m54s/Msamples
        4216000   -103202.5439        26.9      -103120.2252       -82.3186 17m54s/Msamples
        4217000   -103205.1542        26.9      -103122.3759       -82.7782 17m54s/Msamples
        4218000   -103197.9901        27.0      -103118.3688       -79.6212 17m54s/Msamples
        4219000   -103192.8558        27.0      -103116.5048       -76.3509 17m54s/Msamples
        4220000   -103204.7135        27.0      -103123.9362       -80.7772 17m54s/Msamples
        4221000   -103223.7811        27.0      -103130.8709       -92.9101 17m54s/Msamples
        4222000   -103222.5087        27.0      -103133.9838       -88.5248 17m54s/Msamples
        4223000   -103226.8178        27.0      -103133.3572       -93.4605 17m54s/Msamples
        4224000   -103241.1610        27.0      -103143.9232       -97.2378 17m54s/Msamples
        4225000   -103222.4563        27.0      -103142.8655       -79.5908 17m54s/Msamples
        4226000   -103225.4971        27.0      -103138.5709       -86.9262 17m54s/Msamples
        4227000   -103203.3184        27.1      -103126.1375       -77.1808 17m54s/Msamples
        4228000   -103205.2451        27.1      -103121.0317       -84.2134 17m54s/Msamples
        4229000   -103191.9580        27.1      -103117.5890       -74.3689 17m54s/Msamples
        4230000   -103201.3098        27.1      -103124.0573       -77.2525 17m54s/Msamples
        4231000   -103185.1091        27.1      -103120.7607       -64.3483 17m54s/Msamples
        4232000   -103194.6512        27.1      -103125.4839       -69.1672 17m54s/Msamples
        4233000   -103195.5961        27.2      -103121.4695       -74.1265 17m54s/Msamples
        4234000   -103203.8378        27.2      -103131.0131       -72.8246 17m54s/Msamples
        4235000   -103200.5107        27.2      -103136.7020       -63.8086 17m54s/Msamples
        4236000   -103201.5118        27.2      -103130.8143       -70.6975 17m54s/Msamples
        4237000   -103207.2717        27.2      -103133.5524       -73.7192 17m54s/Msamples
        4238000   -103208.7071        27.2      -103131.8886       -76.8184 17m54s/Msamples
        4239000   -103215.0794        27.2      -103134.4203       -80.6590 17m54s/Msamples
        4240000   -103222.4706        27.2      -103135.2031       -87.2675 17m54s/Msamples
        4241000   -103228.5572        27.2      -103139.9331       -88.6240 17m54s/Msamples
        4242000   -103221.4044        27.2      -103136.6746       -84.7298 17m54s/Msamples
        4243000   -103221.5412        27.2      -103137.1670       -84.3741 17m54s/Msamples
        4244000   -103213.5948        27.2      -103132.0727       -81.5220 17m54s/Msamples
        4245000   -103209.5302        27.2      -103128.1178       -81.4123 17m54s/Msamples
        4246000   -103212.2828        27.2      -103124.9275       -87.3552 17m54s/Msamples
        4247000   -103214.2299        27.2      -103131.8163       -82.4136 17m54s/Msamples
        4248000   -103207.6778        27.2      -103130.2876       -77.3901 17m54s/Msamples
        4249000   -103195.9368        27.2      -103126.2545       -69.6823 17m54s/Msamples
        4250000   -103188.1649        27.3      -103127.5015       -60.6634 17m54s/Msamples
        4251000   -103194.1978        27.3      -103128.1678       -66.0299 17m54s/Msamples
        4252000   -103208.5298        27.3      -103132.8477       -75.6820 17m54s/Msamples
        4253000   -103219.7597        27.3      -103134.0271       -85.7326 17m54s/Msamples
        4254000   -103208.3801        27.3      -103124.2396       -84.1404 17m54s/Msamples
        4255000   -103221.8872        27.3      -103127.6809       -94.2062 17m54s/Msamples
        4256000   -103230.7071        27.3      -103133.3845       -97.3226 17m54s/Msamples
        4257000   -103227.0348        27.3      -103136.0936       -90.9412 17m54s/Msamples
        4258000   -103223.2942        27.3      -103136.5135       -86.7806 17m54s/Msamples
        4259000   -103216.6766        27.3      -103130.1940       -86.4825 17m54s/Msamples
        4260000   -103202.9577        27.3      -103127.5477       -75.4099 17m54s/Msamples
        4261000   -103198.3577        27.3      -103125.6425       -72.7152 17m54s/Msamples
        4262000   -103206.3227        27.3      -103128.2473       -78.0754 17m54s/Msamples
        4263000   -103205.1707        27.3      -103128.3554       -76.8153 17m54s/Msamples
        4264000   -103216.0326        27.3      -103134.3059       -81.7267 17m54s/Msamples
        4265000   -103213.4598        27.3      -103128.7736       -84.6861 17m54s/Msamples
        4266000   -103207.0617        27.3      -103127.9221       -79.1395 17m54s/Msamples
        4267000   -103214.1002        27.3      -103133.2503       -80.8499 17m54s/Msamples
        4268000   -103217.4584        27.4      -103138.1103       -79.3480 17m54s/Msamples
        4269000   -103212.7164        27.3      -103137.2252       -75.4912 17m54s/Msamples
        4270000   -103216.0870        27.3      -103134.8717       -81.2153 17m54s/Msamples
        4271000   -103206.1070        27.3      -103132.9055       -73.2015 17m54s/Msamples
        4272000   -103200.0450        27.4      -103132.7210       -67.3239 17m54s/Msamples
        4273000   -103192.7533        27.4      -103131.6627       -61.0905 17m54s/Msamples
        4274000   -103192.1521        27.4      -103129.6894       -62.4626 17m54s/Msamples
        4275000   -103178.8854        27.4      -103122.1142       -56.7712 17m54s/Msamples
        4276000   -103190.3313        27.4      -103121.0442       -69.2871 17m54s/Msamples
        4277000   -103197.6974        27.4      -103127.8778       -69.8195 17m54s/Msamples
        4278000   -103200.2176        27.4      -103124.5121       -75.7055 17m54s/Msamples
        4279000   -103200.7511        27.4      -103127.7896       -72.9615 17m54s/Msamples
        4280000   -103201.0772        27.4      -103127.5174       -73.5598 17m54s/Msamples
        4281000   -103227.0563        27.4      -103139.5766       -87.4797 17m54s/Msamples
        4282000   -103220.3216        27.4      -103130.6281       -89.6934 17m54s/Msamples
        4283000   -103221.4628        27.4      -103138.8690       -82.5938 17m54s/Msamples
        4284000   -103218.4812        27.4      -103136.1825       -82.2987 17m54s/Msamples
        4285000   -103201.4181        27.4      -103128.0670       -73.3511 17m54s/Msamples
        4286000   -103202.8231        27.4      -103132.2778       -70.5453 17m54s/Msamples
        4287000   -103213.9073        27.4      -103127.8060       -86.1012 17m54s/Msamples
        4288000   -103215.7371        27.4      -103124.9166       -90.8205 17m54s/Msamples
        4289000   -103216.6873        27.4      -103133.1300       -83.5572 17m54s/Msamples
        4290000   -103209.6971        27.4      -103128.2513       -81.4457 17m54s/Msamples
        4291000   -103215.5421        27.4      -103129.7768       -85.7652 17m54s/Msamples
        4292000   -103208.1114        27.4      -103131.6547       -76.4567 17m54s/Msamples
        4293000   -103197.8876        27.4      -103126.2159       -71.6717 17m54s/Msamples
        4294000   -103186.0226        27.4      -103125.6669       -60.3556 17m54s/Msamples
        4295000   -103198.5563        27.4      -103130.2315       -68.3248 17m54s/Msamples
        4296000   -103192.5704        27.4      -103126.1089       -66.4615 17m54s/Msamples
        4297000   -103203.1580        27.4      -103135.5120       -67.6459 17m54s/Msamples
        4298000   -103193.6987        27.4      -103128.4296       -65.2691 17m54s/Msamples
        4299000   -103209.5900        27.4      -103128.9431       -80.6468 17m54s/Msamples
        4300000   -103212.2959        27.4      -103132.7462       -79.5497 17m54s/Msamples
        4301000   -103220.2151        27.4      -103135.0385       -85.1766 17m54s/Msamples
        4302000   -103252.2393        27.4      -103143.9112      -108.3280 17m54s/Msamples
        4303000   -103237.3732        27.4      -103139.5043       -97.8689 17m54s/Msamples
        4304000   -103227.7192        27.4      -103130.9725       -96.7466 17m54s/Msamples
        4305000   -103224.3504        27.4      -103127.6267       -96.7236 17m54s/Msamples
        4306000   -103217.3028        27.4      -103120.5706       -96.7321 17m54s/Msamples
        4307000   -103211.3147        27.4      -103127.6286       -83.6860 17m54s/Msamples
        4308000   -103228.2232        27.4      -103135.3285       -92.8946 17m54s/Msamples
        4309000   -103229.1812        27.4      -103134.0766       -95.1045 17m54s/Msamples
        4310000   -103231.6101        27.4      -103131.0362      -100.5739 17m54s/Msamples
        4311000   -103223.0483        27.4      -103128.1478       -94.9005 17m54s/Msamples
        4312000   -103205.7167        27.4      -103115.5229       -90.1938 17m54s/Msamples
        4313000   -103207.8030        27.4      -103114.4899       -93.3131 17m54s/Msamples
        4314000   -103205.7186        27.4      -103119.3780       -86.3405 17m54s/Msamples
        4315000   -103206.2192        27.4      -103127.5913       -78.6278 17m54s/Msamples
        4316000   -103205.3293        27.4      -103125.3776       -79.9517 17m54s/Msamples
        4317000   -103218.1091        27.4      -103128.3582       -89.7509 17m54s/Msamples
        4318000   -103197.9853        27.4      -103119.6879       -78.2974 17m54s/Msamples
        4319000   -103205.0154        27.4      -103119.5079       -85.5074 17m54s/Msamples
        4320000   -103205.6082        27.4      -103122.9925       -82.6156 17m54s/Msamples
        4321000   -103212.5853        27.4      -103125.2225       -87.3628 17m54s/Msamples
        4322000   -103213.1727        27.4      -103121.9628       -91.2098 17m54s/Msamples
        4323000   -103213.4744        27.4      -103122.2729       -91.2014 17m54s/Msamples
        4324000   -103218.6724        27.4      -103127.5822       -91.0901 17m54s/Msamples
        4325000   -103222.2217        27.4      -103123.8684       -98.3532 17m54s/Msamples
        4326000   -103226.9388        27.4      -103129.9573       -96.9815 17m54s/Msamples
        4327000   -103218.6823        27.4      -103125.7689       -92.9133 17m54s/Msamples
        4328000   -103209.6667        27.4      -103125.3477       -84.3189 17m54s/Msamples
        4329000   -103208.1925        27.4      -103124.9748       -83.2176 17m54s/Msamples
        4330000   -103214.6731        27.4      -103127.9550       -86.7181 17m54s/Msamples
        4331000   -103200.6459        27.4      -103118.3038       -82.3421 17m54s/Msamples
        4332000   -103186.5214        27.4      -103113.9109       -72.6105 17m54s/Msamples
        4333000   -103194.3512        27.4      -103116.9950       -77.3562 17m54s/Msamples
        4334000   -103196.7458        27.4      -103115.0868       -81.6589 17m54s/Msamples
        4335000   -103199.9251        27.4      -103117.4795       -82.4456 17m54s/Msamples
        4336000   -103208.5585        27.4      -103123.2730       -85.2854 17m54s/Msamples
        4337000   -103211.3394        27.4      -103124.9159       -86.4235 17m54s/Msamples
        4338000   -103216.3520        27.4      -103126.7245       -89.6275 17m54s/Msamples
        4339000   -103227.6712        27.3      -103131.4730       -96.1981 17m54s/Msamples
        4340000   -103240.7577        27.4      -103131.8338      -108.9238 17m54s/Msamples
        4341000   -103225.4511        27.4      -103128.4195       -97.0316 17m54s/Msamples
        4342000   -103225.3093        27.4      -103130.6440       -94.6653 17m54s/Msamples
        4343000   -103225.8028        27.4      -103121.2865      -104.5162 17m54s/Msamples
        4344000   -103231.9941        27.4      -103129.1014      -102.8927 17m54s/Msamples
        4345000   -103236.8205        27.4      -103133.2024      -103.6181 17m54s/Msamples
        4346000   -103236.7608        27.4      -103134.1781      -102.5826 17m54s/Msamples
        4347000   -103242.3696        27.4      -103133.9795      -108.3901 17m54s/Msamples
        4348000   -103244.9201        27.5      -103132.7043      -112.2157 17m54s/Msamples
        4349000   -103241.7243        27.5      -103142.4349       -99.2894 17m54s/Msamples
        4350000   -103249.1918        27.5      -103144.0558      -105.1359 17m54s/Msamples
        4351000   -103245.6172        27.5      -103139.5338      -106.0834 17m54s/Msamples
        4352000   -103241.5175        27.6      -103137.4449      -104.0726 17m54s/Msamples
        4353000   -103239.6707        27.6      -103133.6937      -105.9770 17m54s/Msamples
        4354000   -103235.8078        27.6      -103139.9493       -95.8584 17m54s/Msamples
        4355000   -103222.6846        27.6      -103125.9590       -96.7256 17m54s/Msamples
        4356000   -103222.0946        27.6      -103131.3941       -90.7004 17m54s/Msamples
        4357000   -103224.7352        27.6      -103133.7834       -90.9518 17m54s/Msamples
        4358000   -103248.2130        27.6      -103140.1295      -108.0835 17m54s/Msamples
        4359000   -103261.3716        27.7      -103143.1927      -118.1789 17m54s/Msamples
        4360000   -103262.9842        27.7      -103144.4310      -118.5532 17m54s/Msamples
        4361000   -103243.6238        27.8      -103135.8793      -107.7444 17m54s/Msamples
        4362000   -103242.7504        27.8      -103134.8215      -107.9288 17m54s/Msamples
        4363000   -103237.9163        27.8      -103135.9132      -102.0030 17m54s/Msamples
        4364000   -103236.5820        27.8      -103134.6047      -101.9772 17m54s/Msamples
        4365000   -103226.9891        27.8      -103121.9294      -105.0597 17m54s/Msamples
        4366000   -103228.5170        27.8      -103124.0508      -104.4661 17m54s/Msamples
        4367000   -103216.6819        27.8      -103120.5030       -96.1789 17m54s/Msamples
        4368000   -103237.8609        27.9      -103132.0578      -105.8031 17m54s/Msamples
        4369000   -103217.3636        27.8      -103125.4811       -91.8825 17m54s/Msamples
        4370000   -103224.6400        27.8      -103131.0064       -93.6335 17m54s/Msamples
        4371000   -103212.5977        27.8      -103124.4516       -88.1461 17m54s/Msamples
        4372000   -103224.4400        27.8      -103126.9313       -97.5086 17m54s/Msamples
        4373000   -103237.1514        27.9      -103133.8004      -103.3510 17m54s/Msamples
        4374000   -103230.1882        27.9      -103130.3244       -99.8637 17m54s/Msamples
        4375000   -103234.9983        27.9      -103130.4569      -104.5413 17m54s/Msamples
        4376000   -103243.3070        27.9      -103144.7080       -98.5989 17m54s/Msamples
        4377000   -103234.9645        27.9      -103136.2689       -98.6956 17m54s/Msamples
        4378000   -103236.7910        27.9      -103132.5593      -104.2317 17m54s/Msamples
        4379000   -103232.5347        27.9      -103132.5073      -100.0273 17m54s/Msamples
        4380000   -103220.5073        27.9      -103132.9917       -87.5155 17m54s/Msamples
        4381000   -103217.0555        27.9      -103134.2580       -82.7975 17m54s/Msamples
        4382000   -103219.1401        27.9      -103124.8604       -94.2797 17m54s/Msamples
        4383000   -103213.5159        27.9      -103128.5902       -84.9257 17m54s/Msamples
        4384000   -103199.1942        27.9      -103119.0409       -80.1533 17m54s/Msamples
        4385000   -103206.4251        27.9      -103118.2078       -88.2172 17m54s/Msamples
        4386000   -103199.2022        27.9      -103121.4524       -77.7498 17m54s/Msamples
        4387000   -103203.9275        27.9      -103121.8582       -82.0693 17m54s/Msamples
        4388000   -103208.5593        27.9      -103123.1251       -85.4342 17m54s/Msamples
        4389000   -103191.4234        27.9      -103118.8329       -72.5904 17m54s/Msamples
        4390000   -103193.1701        27.9      -103116.8935       -76.2766 17m54s/Msamples
        4391000   -103198.8141        27.9      -103115.8041       -83.0100 17m54s/Msamples
        4392000   -103191.8019        27.9      -103118.1937       -73.6082 17m54s/Msamples
        4393000   -103203.0555        27.9      -103126.7233       -76.3321 17m54s/Msamples
        4394000   -103206.5762        27.9      -103127.9520       -78.6241 17m54s/Msamples
        4395000   -103205.0000        27.8      -103121.6378       -83.3621 17m54s/Msamples
        4396000   -103209.3341        27.8      -103130.7928       -78.5412 17m54s/Msamples
        4397000   -103200.3662        27.8      -103124.6139       -75.7522 17m54s/Msamples
        4398000   -103210.4290        27.8      -103126.3710       -84.0580 17m54s/Msamples
        4399000   -103197.6332        27.8      -103123.3413       -74.2919 17m54s/Msamples
        4400000   -103201.5666        27.8      -103126.7851       -74.7815 17m54s/Msamples
        4401000   -103193.8412        27.8      -103122.8258       -71.0153 17m54s/Msamples
        4402000   -103196.1489        27.8      -103126.2878       -69.8611 17m54s/Msamples
        4403000   -103193.0947        27.8      -103121.0516       -72.0431 17m54s/Msamples
        4404000   -103195.4221        27.7      -103119.2617       -76.1603 17m54s/Msamples
        4405000   -103190.2466        27.7      -103119.3142       -70.9323 17m54s/Msamples
        4406000   -103196.2524        27.7      -103118.4952       -77.7572 17m54s/Msamples
        4407000   -103193.0047        27.7      -103114.7800       -78.2246 17m54s/Msamples
        4408000   -103194.0852        27.7      -103119.5127       -74.5725 17m54s/Msamples
        4409000   -103190.5266        27.7      -103116.2008       -74.3257 17m54s/Msamples
        4410000   -103180.1061        27.7      -103113.0822       -67.0238 17m54s/Msamples
        4411000   -103182.1800        27.7      -103116.7545       -65.4254 17m54s/Msamples
        4412000   -103183.0655        27.7      -103113.9105       -69.1550 17m54s/Msamples
        4413000   -103183.2585        27.7      -103111.7942       -71.4643 17m54s/Msamples
        4414000   -103189.3022        27.7      -103109.8964       -79.4058 17m54s/Msamples
        4415000   -103199.7423        27.6      -103114.7543       -84.9880 17m54s/Msamples
        4416000   -103187.7825        27.6      -103110.0701       -77.7124 17m54s/Msamples
        4417000   -103203.6861        27.6      -103128.0679       -75.6181 17m54s/Msamples
        4418000   -103211.6281        27.6      -103127.5168       -84.1113 17m54s/Msamples
        4419000   -103212.9274        27.6      -103122.8858       -90.0416 17m54s/Msamples
        4420000   -103205.3363        27.6      -103125.4350       -79.9012 17m54s/Msamples
        4421000   -103199.0300        27.5      -103121.5888       -77.4412 17m54s/Msamples
        4422000   -103228.1321        27.5      -103135.6073       -92.5248 17m54s/Msamples
        4423000   -103211.5913        27.5      -103132.5777       -79.0136 17m54s/Msamples
        4424000   -103198.7557        27.5      -103121.9311       -76.8245 17m54s/Msamples
        4425000   -103197.9028        27.5      -103120.6964       -77.2064 17m54s/Msamples
        4426000   -103206.6690        27.5      -103126.8705       -79.7985 17m54s/Msamples
        4427000   -103212.8781        27.5      -103129.3442       -83.5339 17m54s/Msamples
        4428000   -103213.7092        27.5      -103127.4436       -86.2656 17m54s/Msamples
        4429000   -103216.2707        27.4      -103130.2936       -85.9770 17m54s/Msamples
        4430000   -103213.8916        27.4      -103124.6449       -89.2466 17m54s/Msamples
        4431000   -103211.9227        27.4      -103126.1403       -85.7823 17m54s/Msamples
        4432000   -103220.1338        27.4      -103129.9866       -90.1471 17m54s/Msamples
        4433000   -103210.5583        27.4      -103127.4443       -83.1139 17m54s/Msamples
        4434000   -103210.7548        27.4      -103128.1542       -82.6006 17m54s/Msamples
        4435000   -103209.2420        27.4      -103130.1159       -79.1261 17m54s/Msamples
        4436000   -103221.2124        27.4      -103132.6206       -88.5917 17m54s/Msamples
        4437000   -103203.2797        27.4      -103129.2069       -74.0728 17m54s/Msamples
        4438000   -103196.1038        27.4      -103126.2550       -69.8487 17m54s/Msamples
        4439000   -103187.4684        27.3      -103126.9988       -60.4696 17m54s/Msamples
        4440000   -103189.2826        27.3      -103130.1982       -59.0843 17m54s/Msamples
        4441000   -103193.2503        27.3      -103128.4120       -64.8382 17m54s/Msamples
        4442000   -103199.8913        27.2      -103130.9688       -68.9225 17m54s/Msamples
        4443000   -103201.3085        27.2      -103130.4177       -70.8908 17m54s/Msamples
        4444000   -103220.1860        27.2      -103143.0734       -77.1125 17m54s/Msamples
        4445000   -103217.7948        27.2      -103139.0027       -78.7921 17m54s/Msamples
        4446000   -103216.9082        27.2      -103132.8408       -84.0674 17m54s/Msamples
        4447000   -103231.0095        27.2      -103147.2920       -83.7174 17m54s/Msamples
        4448000   -103222.7452        27.2      -103135.0369       -87.7083 17m54s/Msamples
        4449000   -103223.4473        27.2      -103135.1855       -88.2617 17m54s/Msamples
        4450000   -103225.3451        27.2      -103145.5127       -79.8323 17m54s/Msamples
        4451000   -103226.7595        27.2      -103139.2969       -87.4626 17m54s/Msamples
        4452000   -103231.9175        27.2      -103135.9925       -95.9250 17m54s/Msamples
        4453000   -103227.2862        27.2      -103137.6212       -89.6650 17m54s/Msamples
        4454000   -103234.9902        27.2      -103137.2336       -97.7566 17m54s/Msamples
        4455000   -103229.0439        27.2      -103140.3480       -88.6959 17m54s/Msamples
        4456000   -103231.2542        27.2      -103137.3335       -93.9207 17m54s/Msamples
        4457000   -103244.0894        27.3      -103142.2850      -101.8043 17m54s/Msamples
        4458000   -103241.5129        27.3      -103142.0566       -99.4563 17m54s/Msamples
        4459000   -103222.3344        27.3      -103140.6570       -81.6774 17m54s/Msamples
        4460000   -103213.4912        27.3      -103136.2184       -77.2727 17m54s/Msamples
        4461000   -103218.9363        27.3      -103139.4886       -79.4476 17m54s/Msamples
        4462000   -103220.2309        27.3      -103136.2116       -84.0193 17m54s/Msamples
        4463000   -103229.8281        27.3      -103145.0872       -84.7408 17m54s/Msamples
        4464000   -103231.0850        27.3      -103139.9399       -91.1450 17m54s/Msamples
        4465000   -103244.9751        27.3      -103143.2018      -101.7732 17m54s/Msamples
        4466000   -103223.2615        27.3      -103140.4266       -82.8348 17m54s/Msamples
        4467000   -103229.1360        27.3      -103139.3419       -89.7940 17m54s/Msamples
        4468000   -103228.4069        27.3      -103144.2781       -84.1287 17m54s/Msamples
        4469000   -103224.3850        27.3      -103135.7790       -88.6060 17m54s/Msamples
        4470000   -103231.3989        27.3      -103138.2192       -93.1796 17m54s/Msamples
        4471000   -103229.4378        27.3      -103137.2232       -92.2145 17m54s/Msamples
        4472000   -103226.7515        27.3      -103131.4676       -95.2839 17m54s/Msamples
        4473000   -103234.4046        27.3      -103140.0847       -94.3198 17m54s/Msamples
        4474000   -103221.7963        27.3      -103136.5024       -85.2939 17m54s/Msamples
        4475000   -103219.2619        27.3      -103132.9240       -86.3378 17m54s/Msamples
        4476000   -103213.4615        27.3      -103136.8942       -76.5672 17m54s/Msamples
        4477000   -103220.6797        27.3      -103141.7155       -78.9642 17m54s/Msamples
        4478000   -103215.3968        27.3      -103143.4082       -71.9885 17m54s/Msamples
        4479000   -103204.3774        27.2      -103134.8256       -69.5518 17m54s/Msamples
        4480000   -103206.3700        27.2      -103137.3619       -69.0081 17m54s/Msamples
        4481000   -103207.5396        27.2      -103136.7398       -70.7998 17m54s/Msamples
        4482000   -103211.3215        27.2      -103133.6761       -77.6453 17m54s/Msamples
        4483000   -103211.3012        27.2      -103134.8533       -76.4478 17m54s/Msamples
        4484000   -103213.1466        27.2      -103130.2480       -82.8985 17m54s/Msamples
        4485000   -103218.2705        27.2      -103134.2001       -84.0703 17m54s/Msamples
        4486000   -103217.1533        27.2      -103136.5800       -80.5732 17m54s/Msamples
        4487000   -103210.8809        27.2      -103127.7748       -83.1060 17m54s/Msamples
        4488000   -103221.5113        27.1      -103134.8372       -86.6740 17m54s/Msamples
        4489000   -103212.4247        27.1      -103128.3763       -84.0483 17m54s/Msamples
        4490000   -103216.5031        27.1      -103129.4136       -87.0895 17m54s/Msamples
        4491000   -103221.1902        27.1      -103131.0326       -90.1576 17m54s/Msamples
        4492000   -103215.5214        27.1      -103129.6704       -85.8510 17m54s/Msamples
        4493000   -103211.2299        27.1      -103122.5613       -88.6686 17m54s/Msamples
        4494000   -103216.6595        27.1      -103125.5660       -91.0935 17m54s/Msamples
        4495000   -103225.0062        27.1      -103125.4185       -99.5876 17m54s/Msamples
        4496000   -103222.8053        27.1      -103126.8944       -95.9108 17m54s/Msamples
        4497000   -103208.2415        27.0      -103129.7274       -78.5140 17m54s/Msamples
        4498000   -103216.4967        27.0      -103133.5831       -82.9135 17m54s/Msamples
        4499000   -103220.3333        27.0      -103132.1750       -88.1583 17m54s/Msamples
        4500000   -103221.9413        27.0      -103134.1605       -87.7808 17m54s/Msamples
        4501000   -103215.8520        27.0      -103126.5679       -89.2841 17m54s/Msamples
        4502000   -103244.3627        27.0      -103134.3771      -109.9856 17m54s/Msamples
        4503000   -103233.4781        27.1      -103136.8320       -96.6461 17m54s/Msamples
        4504000   -103224.6971        27.1      -103137.3109       -87.3862 17m54s/Msamples
        4505000   -103220.4697        27.1      -103134.5461       -85.9236 17m54s/Msamples
        4506000   -103221.0707        27.1      -103135.1680       -85.9027 17m54s/Msamples
        4507000   -103234.9149        27.1      -103136.3595       -98.5553 17m54s/Msamples
        4508000   -103243.7699        27.1      -103131.3450      -112.4248 17m54s/Msamples
        4509000   -103234.1522        27.1      -103129.3391      -104.8131 17m54s/Msamples
        4510000   -103228.5948        27.1      -103126.2520      -102.3427 17m54s/Msamples
        4511000   -103231.3746        27.1      -103126.9562      -104.4184 17m54s/Msamples
        4512000   -103248.5337        27.1      -103141.1817      -107.3519 17m54s/Msamples
        4513000   -103243.1646        27.2      -103137.1672      -105.9974 17m54s/Msamples
        4514000   -103231.5960        27.2      -103137.2446       -94.3514 17m54s/Msamples
        4515000   -103211.3762        27.2      -103130.0342       -81.3419 17m54s/Msamples
        4516000   -103221.5357        27.2      -103129.4014       -92.1342 17m54s/Msamples
        4517000   -103213.7547        27.2      -103128.4331       -85.3216 17m54s/Msamples
        4518000   -103215.3173        27.2      -103138.1122       -77.2051 17m54s/Msamples
        4519000   -103201.6910        27.1      -103127.0263       -74.6647 17m54s/Msamples
        4520000   -103206.7038        27.1      -103133.7957       -72.9081 17m54s/Msamples
        4521000   -103191.8534        27.1      -103128.3487       -63.5047 17m54s/Msamples
        4522000   -103181.2105        27.1      -103117.0111       -64.1993 17m54s/Msamples
        4523000   -103189.5549        27.0      -103124.6586       -64.8962 17m54s/Msamples
        4524000   -103189.8577        27.0      -103116.9857       -72.8720 17m54s/Msamples
        4525000   -103192.6555        27.0      -103122.3450       -70.3105 17m54s/Msamples
        4526000   -103186.6320        27.0      -103116.2274       -70.4045 17m54s/Msamples
        4527000   -103201.7030        27.0      -103124.0974       -77.6056 17m54s/Msamples
        4528000   -103189.8686        27.0      -103120.3057       -69.5629 17m54s/Msamples
        4529000   -103193.3098        26.9      -103125.1255       -68.1843 17m54s/Msamples
        4530000   -103179.5417        26.9      -103116.1172       -63.4245 17m54s/Msamples
        4531000   -103174.3829        26.9      -103109.7055       -64.6774 17m54s/Msamples
        4532000   -103191.6639        26.9      -103120.6564       -71.0074 17m54s/Msamples
        4533000   -103187.0386        26.9      -103120.6235       -66.4150 17m54s/Msamples
        4534000   -103192.9228        26.8      -103122.2357       -70.6870 17m54s/Msamples
        4535000   -103187.2375        26.8      -103119.2126       -68.0248 17m54s/Msamples
        4536000   -103178.4328        26.8      -103114.9656       -63.4672 17m54s/Msamples
        4537000   -103169.1454        26.8      -103115.1849       -53.9605 17m54s/Msamples
        4538000   -103173.5622        26.8      -103113.5702       -59.9919 17m54s/Msamples
        4539000   -103169.9627        26.8      -103111.1931       -58.7695 17m54s/Msamples
        4540000   -103196.3256        26.7      -103117.0848       -79.2408 17m54s/Msamples
        4541000   -103183.2977        26.7      -103119.0527       -64.2449 17m54s/Msamples
        4542000   -103180.7410        26.7      -103118.5855       -62.1554 17m54s/Msamples
        4543000   -103175.9616        26.7      -103109.6514       -66.3102 17m54s/Msamples
        4544000   -103173.0507        26.7      -103117.6955       -55.3552 17m54s/Msamples
        4545000   -103183.4164        26.7      -103120.9489       -62.4674 17m54s/Msamples
        4546000   -103180.5687        26.6      -103122.5077       -58.0609 17m54s/Msamples
        4547000   -103179.5759        26.6      -103117.5110       -62.0648 17m54s/Msamples
        4548000   -103194.7073        26.6      -103129.4301       -65.2771 17m54s/Msamples
        4549000   -103207.0644        26.6      -103132.8969       -74.1675 17m54s/Msamples
        4550000   -103211.2514        26.6      -103129.4860       -81.7654 17m54s/Msamples
        4551000   -103214.4876        26.6      -103131.0693       -83.4183 17m54s/Msamples
        4552000   -103219.2168        26.5      -103130.6190       -88.5978 17m54s/Msamples
        4553000   -103212.9668        26.5      -103125.5337       -87.4330 17m54s/Msamples
        4554000   -103223.3669        26.5      -103131.0274       -92.3395 17m54s/Msamples
        4555000   -103222.9215        26.5      -103136.0595       -86.8619 17m54s/Msamples
        4556000   -103222.9152        26.5      -103141.4707       -81.4444 17m54s/Msamples
        4557000   -103214.6898        26.5      -103137.5127       -77.1770 17m54s/Msamples
        4558000   -103212.8143        26.5      -103134.0395       -78.7747 17m54s/Msamples
        4559000   -103224.4790        26.5      -103134.8955       -89.5835 17m54s/Msamples
        4560000   -103216.2560        26.5      -103130.5559       -85.7001 17m54s/Msamples
        4561000   -103211.5600        26.5      -103127.0096       -84.5503 17m54s/Msamples
        4562000   -103213.2176        26.5      -103133.4323       -79.7853 17m54s/Msamples
        4563000   -103213.2791        26.5      -103131.3528       -81.9263 17m54s/Msamples
        4564000   -103216.9034        26.5      -103132.6336       -84.2697 17m54s/Msamples
        4565000   -103234.8163        26.5      -103138.5806       -96.2357 17m54s/Msamples
        4566000   -103237.9506        26.5      -103140.3144       -97.6361 17m54s/Msamples
        4567000   -103227.5222        26.5      -103138.1141       -89.4081 17m54s/Msamples
        4568000   -103227.7086        26.5      -103138.1567       -89.5519 17m54s/Msamples
        4569000   -103225.2419        26.5      -103139.0886       -86.1532 17m54s/Msamples
        4570000   -103229.3616        26.5      -103136.7700       -92.5916 17m54s/Msamples
        4571000   -103207.8240        26.5      -103137.3004       -70.5236 17m54s/Msamples
        4572000   -103205.2782        26.5      -103136.4844       -68.7938 17m54s/Msamples
        4573000   -103218.6018        26.5      -103140.0058       -78.5959 17m54s/Msamples
        4574000   -103221.6447        26.5      -103133.8316       -87.8131 17m54s/Msamples
        4575000   -103206.0531        26.5      -103132.9626       -73.0904 17m54s/Msamples
        4576000   -103205.5877        26.4      -103130.9442       -74.6435 17m54s/Msamples
        4577000   -103217.1834        26.4      -103132.0853       -85.0981 17m54s/Msamples
        4578000   -103209.3495        26.4      -103133.6370       -75.7124 17m54s/Msamples
        4579000   -103213.3049        26.4      -103131.2139       -82.0909 17m54s/Msamples
        4580000   -103220.4003        26.4      -103134.4715       -85.9287 17m54s/Msamples
        4581000   -103216.4073        26.4      -103126.6313       -89.7759 17m54s/Msamples
        4582000   -103206.4790        26.4      -103124.0297       -82.4493 17m54s/Msamples
        4583000   -103196.3038        26.4      -103123.3655       -72.9382 17m54s/Msamples
        4584000   -103204.2872        26.4      -103128.8715       -75.4156 17m54s/Msamples
        4585000   -103215.4900        26.3      -103128.5984       -86.8915 17m54s/Msamples
        4586000   -103233.5715        26.4      -103132.0487      -101.5228 17m54s/Msamples
        4587000   -103223.6493        26.4      -103128.2609       -95.3883 17m54s/Msamples
        4588000   -103232.8894        26.4      -103129.0271      -103.8622 17m54s/Msamples
        4589000   -103225.3798        26.4      -103127.0783       -98.3015 17m54s/Msamples
        4590000   -103226.5601        26.4      -103129.4755       -97.0845 17m54s/Msamples
        4591000   -103231.2013        26.4      -103134.6570       -96.5443 17m54s/Msamples
        4592000   -103233.6053        26.4      -103133.3644      -100.2409 17m54s/Msamples
        4593000   -103233.1434        26.4      -103138.3119       -94.8314 17m54s/Msamples
        4594000   -103228.7063        26.4      -103133.2482       -95.4581 17m54s/Msamples
        4595000   -103231.0608        26.4      -103138.1454       -92.9154 17m54s/Msamples
        4596000   -103232.7197        26.4      -103142.6162       -90.1034 17m54s/Msamples
        4597000   -103224.9834        26.4      -103139.9301       -85.0532 17m54s/Msamples
        4598000   -103230.7050        26.4      -103141.1664       -89.5385 17m54s/Msamples
        4599000   -103225.1960        26.4      -103134.5275       -90.6684 17m54s/Msamples
        4600000   -103227.1103        26.4      -103135.2896       -91.8207 17m54s/Msamples
        4601000   -103227.4428        26.4      -103136.8815       -90.5613 17m54s/Msamples
        4602000   -103226.1478        26.4      -103136.6078       -89.5400 17m54s/Msamples
        4603000   -103213.2307        26.4      -103133.6177       -79.6129 17m54s/Msamples
        4604000   -103206.6263        26.4      -103134.1036       -72.5226 17m54s/Msamples
        4605000   -103214.9560        26.4      -103137.3953       -77.5607 17m54s/Msamples
        4606000   -103218.4722        26.4      -103138.4465       -80.0256 17m54s/Msamples
        4607000   -103234.8109        26.4      -103144.5937       -90.2172 17m54s/Msamples
        4608000   -103241.1678        26.5      -103143.4228       -97.7449 17m54s/Msamples
        4609000   -103235.2130        26.5      -103139.8547       -95.3582 17m54s/Msamples
        4610000   -103221.4319        26.5      -103134.2909       -87.1409 17m54s/Msamples
        4611000   -103226.4361        26.5      -103143.8529       -82.5832 17m54s/Msamples
        4612000   -103212.0698        26.5      -103136.2353       -75.8345 17m54s/Msamples
        4613000   -103219.6289        26.5      -103134.2437       -85.3852 17m54s/Msamples
        4614000   -103222.5460        26.5      -103137.8032       -84.7428 17m54s/Msamples
        4615000   -103227.7466        26.5      -103140.9601       -86.7864 17m54s/Msamples
        4616000   -103238.4628        26.5      -103141.2640       -97.1988 17m54s/Msamples
        4617000   -103233.3344        26.5      -103141.3179       -92.0165 17m54s/Msamples
        4618000   -103224.8017        26.5      -103139.0478       -85.7538 17m54s/Msamples
        4619000   -103226.7396        26.5      -103133.6708       -93.0687 17m54s/Msamples
        4620000   -103221.6864        26.5      -103133.3509       -88.3355 17m54s/Msamples
        4621000   -103207.6553        26.5      -103137.7601       -69.8952 17m54s/Msamples
        4622000   -103213.2098        26.5      -103145.6624       -67.5473 17m54s/Msamples
        4623000   -103206.4544        26.5      -103137.1487       -69.3056 17m54s/Msamples
        4624000   -103214.6731        26.5      -103145.8357       -68.8374 17m54s/Msamples
        4625000   -103206.9460        26.4      -103138.2197       -68.7263 17m54s/Msamples
        4626000   -103197.4162        26.4      -103127.7496       -69.6665 17m54s/Msamples
        4627000   -103203.4796        26.4      -103131.2664       -72.2132 17m54s/Msamples
        4628000   -103212.9882        26.4      -103134.7354       -78.2527 17m54s/Msamples
        4629000   -103205.8105        26.4      -103134.1798       -71.6307 17m54s/Msamples
        4630000   -103212.6795        26.4      -103137.8601       -74.8194 17m54s/Msamples
        4631000   -103207.1954        26.4      -103130.6045       -76.5908 17m54s/Msamples
        4632000   -103198.2712        26.4      -103131.7342       -66.5369 17m54s/Msamples
        4633000   -103203.7495        26.4      -103125.9084       -77.8410 17m54s/Msamples
        4634000   -103202.6839        26.3      -103120.2350       -82.4488 17m54s/Msamples
        4635000   -103192.5785        26.3      -103119.1878       -73.3906 17m54s/Msamples
        4636000   -103195.6173        26.3      -103124.6699       -70.9473 17m54s/Msamples
        4637000   -103209.3548        26.3      -103129.0480       -80.3068 17m54s/Msamples
        4638000   -103207.9826        26.3      -103128.3202       -79.6624 17m54s/Msamples
        4639000   -103219.0960        26.3      -103130.8148       -88.2812 17m53s/Msamples
        4640000   -103213.2594        26.3      -103128.7833       -84.4760 17m53s/Msamples
        4641000   -103207.8540        26.3      -103126.1590       -81.6949 17m53s/Msamples
        4642000   -103194.7260        26.3      -103123.7873       -70.9386 17m53s/Msamples
        4643000   -103193.4713        26.3      -103120.9038       -72.5675 17m53s/Msamples
        4644000   -103200.5597        26.2      -103119.7250       -80.8347 17m53s/Msamples
        4645000   -103193.8710        26.2      -103111.5007       -82.3703 17m53s/Msamples
        4646000   -103193.3322        26.2      -103111.4062       -81.9259 17m53s/Msamples
        4647000   -103190.0457        26.2      -103120.4334       -69.6123 17m53s/Msamples
        4648000   -103195.4172        26.2      -103118.5251       -76.8921 17m53s/Msamples
        4649000   -103192.3079        26.2      -103118.5060       -73.8019 17m53s/Msamples
        4650000   -103201.7074        26.2      -103122.7812       -78.9261 17m53s/Msamples
        4651000   -103201.8336        26.2      -103123.4757       -78.3579 17m53s/Msamples
        4652000   -103205.0914        26.1      -103125.7980       -79.2933 17m53s/Msamples
        4653000   -103195.0983        26.1      -103123.9654       -71.1328 17m53s/Msamples
        4654000   -103198.6051        26.1      -103131.5566       -67.0484 17m53s/Msamples
        4655000   -103198.5270        26.1      -103129.2632       -69.2637 17m53s/Msamples
        4656000   -103206.8541        26.1      -103132.7836       -74.0705 17m53s/Msamples
        4657000   -103216.3609        26.1      -103136.9811       -79.3797 17m53s/Msamples
        4658000   -103210.4198        26.1      -103134.3539       -76.0659 17m53s/Msamples
        4659000   -103220.3669        26.1      -103136.1252       -84.2416 17m53s/Msamples
        4660000   -103218.3295        26.1      -103131.2884       -87.0411 17m53s/Msamples
        4661000   -103214.6776        26.1      -103134.6120       -80.0656 17m53s/Msamples
        4662000   -103223.8020        26.1      -103140.3201       -83.4819 17m53s/Msamples
        4663000   -103223.8675        26.1      -103136.7561       -87.1113 17m53s/Msamples
        4664000   -103227.7100        26.1      -103141.1805       -86.5295 17m53s/Msamples
        4665000   -103220.9178        26.1      -103131.3783       -89.5395 17m53s/Msamples
        4666000   -103215.3114        26.1      -103128.3858       -86.9255 17m53s/Msamples
        4667000   -103212.2800        26.0      -103130.2466       -82.0333 17m53s/Msamples
        4668000   -103211.0629        26.0      -103123.8010       -87.2618 17m53s/Msamples
        4669000   -103223.3144        26.0      -103133.9324       -89.3820 17m53s/Msamples
        4670000   -103222.5091        26.0      -103132.0818       -90.4273 17m53s/Msamples
        4671000   -103224.7130        26.0      -103133.4581       -91.2549 17m53s/Msamples
        4672000   -103236.0609        26.1      -103137.4324       -98.6284 17m53s/Msamples
        4673000   -103228.1304        26.1      -103126.2580      -101.8723 17m53s/Msamples
        4674000   -103220.8680        26.1      -103122.7919       -98.0760 17m53s/Msamples
        4675000   -103212.0056        26.1      -103121.8451       -90.1604 17m53s/Msamples
        4676000   -103214.3969        26.0      -103126.5949       -87.8019 17m53s/Msamples
        4677000   -103225.4397        26.0      -103126.9133       -98.5264 17m53s/Msamples
        4678000   -103217.8954        26.0      -103117.2280      -100.6674 17m53s/Msamples
        4679000   -103200.4709        26.0      -103116.6838       -83.7870 17m53s/Msamples
        4680000   -103212.6413        26.0      -103119.2332       -93.4081 17m53s/Msamples
        4681000   -103217.5925        26.0      -103121.3207       -96.2717 17m53s/Msamples
        4682000   -103229.5860        26.0      -103120.2819      -109.3040 17m53s/Msamples
        4683000   -103231.6349        26.0      -103122.2219      -109.4130 17m53s/Msamples
        4684000   -103234.0434        26.0      -103124.2433      -109.8000 17m53s/Msamples
        4685000   -103220.5039        26.0      -103124.9027       -95.6011 17m53s/Msamples
        4686000   -103212.6829        26.0      -103119.5717       -93.1111 17m53s/Msamples
        4687000   -103221.3137        26.0      -103124.2372       -97.0764 17m53s/Msamples
        4688000   -103218.7007        26.0      -103122.3484       -96.3522 17m53s/Msamples
        4689000   -103216.5635        26.0      -103120.2034       -96.3600 17m53s/Msamples
        4690000   -103220.8957        26.0      -103124.4024       -96.4932 17m53s/Msamples
        4691000   -103222.5299        26.0      -103118.4422      -104.0876 17m53s/Msamples
        4692000   -103216.4587        26.0      -103116.7218       -99.7368 17m53s/Msamples
        4693000   -103235.6293        26.0      -103128.9034      -106.7259 17m53s/Msamples
        4694000   -103238.9510        26.1      -103120.7983      -118.1526 17m53s/Msamples
        4695000   -103232.1003        26.1      -103121.2333      -110.8670 17m53s/Msamples
        4696000   -103221.0555        26.1      -103115.2607      -105.7948 17m53s/Msamples
        4697000   -103208.5817        26.1      -103120.7768       -87.8048 17m53s/Msamples
        4698000   -103207.7637        26.0      -103118.4772       -89.2865 17m53s/Msamples
        4699000   -103231.3910        26.1      -103121.9470      -109.4440 17m53s/Msamples
        4700000   -103226.9110        26.1      -103120.9888      -105.9222 17m53s/Msamples
        4701000   -103230.0934        26.1      -103125.4219      -104.6714 17m53s/Msamples
        4702000   -103221.5487        26.1      -103128.7137       -92.8350 17m53s/Msamples
        4703000   -103226.6576        26.1      -103132.9506       -93.7070 17m53s/Msamples
        4704000   -103233.4436        26.1      -103134.6327       -98.8109 17m53s/Msamples
        4705000   -103238.1653        26.1      -103138.3118       -99.8535 17m53s/Msamples
        4706000   -103232.4410        26.1      -103129.1204      -103.3206 17m53s/Msamples
        4707000   -103223.7440        26.1      -103128.8837       -94.8603 17m53s/Msamples
        4708000   -103236.3937        26.1      -103134.6182      -101.7755 17m53s/Msamples
        4709000   -103244.4425        26.2      -103137.1554      -107.2870 17m53s/Msamples
        4710000   -103239.1092        26.2      -103134.8754      -104.2337 17m53s/Msamples
        4711000   -103242.0747        26.2      -103137.0881      -104.9865 17m53s/Msamples
        4712000   -103229.1143        26.2      -103129.7870       -99.3273 17m53s/Msamples
        4713000   -103230.1517        26.2      -103135.2462       -94.9054 17m53s/Msamples
        4714000   -103228.0422        26.2      -103135.7435       -92.2986 17m53s/Msamples
        4715000   -103231.0001        26.2      -103132.9571       -98.0429 17m53s/Msamples
        4716000   -103223.1949        26.2      -103126.3370       -96.8579 17m53s/Msamples
        4717000   -103219.9486        26.2      -103126.5077       -93.4408 17m53s/Msamples
        4718000   -103217.9678        26.2      -103123.4548       -94.5130 17m53s/Msamples
        4719000   -103206.6637        26.2      -103122.6657       -83.9979 17m53s/Msamples
        4720000   -103208.9014        26.2      -103128.9965       -79.9049 17m53s/Msamples
        4721000   -103214.4099        26.2      -103131.3572       -83.0526 17m53s/Msamples
        4722000   -103216.7325        26.2      -103129.8221       -86.9104 17m53s/Msamples
        4723000   -103209.4604        26.2      -103122.3753       -87.0851 17m53s/Msamples
        4724000   -103206.6389        26.2      -103123.4043       -83.2345 17m53s/Msamples
        4725000   -103227.3608        26.2      -103135.5194       -91.8413 17m53s/Msamples
        4726000   -103218.9367        26.2      -103136.0452       -82.8914 17m53s/Msamples
        4727000   -103219.1204        26.2      -103132.1453       -86.9751 17m53s/Msamples
        4728000   -103231.0402        26.2      -103138.2065       -92.8336 17m53s/Msamples
        4729000   -103214.4796        26.2      -103127.2234       -87.2561 17m53s/Msamples
        4730000   -103229.6748        26.2      -103137.9250       -91.7497 17m53s/Msamples
        4731000   -103236.9215        26.2      -103135.2378      -101.6836 17m53s/Msamples
        4732000   -103231.2378        26.2      -103133.7460       -97.4917 17m53s/Msamples
        4733000   -103231.2462        26.2      -103131.7555       -99.4907 17m53s/Msamples
        4734000   -103226.2088        26.2      -103136.6477       -89.5610 17m53s/Msamples
        4735000   -103245.1953        26.2      -103140.9210      -104.2742 17m53s/Msamples
        4736000   -103240.5549        26.3      -103143.5295       -97.0253 17m53s/Msamples
        4737000   -103248.1288        26.3      -103140.9090      -107.2198 17m53s/Msamples
        4738000   -103248.7884        26.3      -103140.0088      -108.7796 17m53s/Msamples
        4739000   -103249.9328        26.4      -103141.7879      -108.1449 17m53s/Msamples
        4740000   -103233.1564        26.4      -103133.6271       -99.5292 17m53s/Msamples
        4741000   -103228.4305        26.4      -103129.8741       -98.5564 17m53s/Msamples
        4742000   -103223.5340        26.4      -103136.9276       -86.6064 17m53s/Msamples
        4743000   -103214.0269        26.4      -103127.6918       -86.3350 17m53s/Msamples
        4744000   -103232.2368        26.4      -103137.4425       -94.7942 17m53s/Msamples
        4745000   -103243.3370        26.4      -103144.6882       -98.6488 17m53s/Msamples
        4746000   -103240.6992        26.4      -103144.9532       -95.7460 17m53s/Msamples
        4747000   -103247.2819        26.5      -103139.6683      -107.6136 17m53s/Msamples
        4748000   -103243.7198        26.5      -103142.6885      -101.0312 17m53s/Msamples
        4749000   -103250.0154        26.5      -103150.3566       -99.6587 17m53s/Msamples
        4750000   -103255.2744        26.6      -103149.4966      -105.7778 17m53s/Msamples
        4751000   -103251.7506        26.6      -103148.5142      -103.2364 17m53s/Msamples
        4752000   -103250.4816        26.7      -103151.2518       -99.2297 17m53s/Msamples
        4753000   -103255.0180        26.7      -103152.2024      -102.8155 17m53s/Msamples
        4754000   -103262.2905        26.8      -103152.3353      -109.9552 17m53s/Msamples
        4755000   -103257.4564        26.8      -103148.1754      -109.2809 17m53s/Msamples
        4756000   -103263.0195        26.9      -103144.8749      -118.1445 17m53s/Msamples
        4757000   -103258.1726        26.9      -103149.5111      -108.6615 17m53s/Msamples
        4758000   -103265.3168        27.0      -103148.4595      -116.8572 17m53s/Msamples
        4759000   -103261.4948        27.0      -103149.5285      -111.9662 17m53s/Msamples
        4760000   -103259.3664        27.1      -103145.7639      -113.6025 17m53s/Msamples
        4761000   -103251.4819        27.1      -103148.9101      -102.5718 17m53s/Msamples
        4762000   -103263.9879        27.2      -103155.1096      -108.8782 17m53s/Msamples
        4763000   -103247.5946        27.2      -103146.7540      -100.8406 17m53s/Msamples
        4764000   -103246.3968        27.2      -103142.9447      -103.4521 17m53s/Msamples
        4765000   -103236.2650        27.3      -103139.9049       -96.3600 17m53s/Msamples
        4766000   -103228.9655        27.3      -103139.9543       -89.0111 17m53s/Msamples
        4767000   -103237.4605        27.3      -103140.6045       -96.8560 17m53s/Msamples
        4768000   -103244.1556        27.3      -103151.0603       -93.0952 17m53s/Msamples
        4769000   -103248.6973        27.3      -103146.2201      -102.4771 17m53s/Msamples
        4770000   -103254.2960        27.4      -103147.6714      -106.6246 17m53s/Msamples
        4771000   -103239.7446        27.4      -103147.3380       -92.4066 17m53s/Msamples
        4772000   -103239.2463        27.4      -103150.5371       -88.7092 17m53s/Msamples
        4773000   -103242.9140        27.4      -103146.1051       -96.8088 17m53s/Msamples
        4774000   -103241.0962        27.4      -103143.6982       -97.3979 17m53s/Msamples
        4775000   -103226.5196        27.4      -103136.4612       -90.0583 17m53s/Msamples
        4776000   -103243.0332        27.5      -103147.0702       -95.9630 17m53s/Msamples
        4777000   -103244.2939        27.5      -103145.4084       -98.8855 17m53s/Msamples
        4778000   -103254.0921        27.5      -103147.6636      -106.4285 17m53s/Msamples
        4779000   -103266.2636        27.6      -103150.2956      -115.9679 17m53s/Msamples
        4780000   -103254.9259        27.6      -103151.7973      -103.1286 17m53s/Msamples
        4781000   -103246.7019        27.6      -103144.3851      -102.3167 17m53s/Msamples
        4782000   -103239.9326        27.7      -103145.4043       -94.5283 17m53s/Msamples
        4783000   -103243.4413        27.7      -103144.8617       -98.5796 17m53s/Msamples
        4784000   -103250.1301        27.7      -103148.4842      -101.6459 17m53s/Msamples
        4785000   -103251.0202        27.7      -103148.8965      -102.1236 17m53s/Msamples
        4786000   -103245.0163        27.8      -103146.9057       -98.1106 17m53s/Msamples
        4787000   -103242.1401        27.8      -103149.6495       -92.4906 17m53s/Msamples
        4788000   -103255.5174        27.8      -103158.2549       -97.2625 17m53s/Msamples
        4789000   -103258.0483        27.9      -103157.7361      -100.3121 17m53s/Msamples
        4790000   -103268.8697        27.9      -103155.5736      -113.2960 17m53s/Msamples
        4791000   -103271.4033        28.0      -103156.2366      -115.1666 17m53s/Msamples
        4792000   -103267.2109        28.0      -103151.3766      -115.8342 17m53s/Msamples
        4793000   -103270.2089        28.1      -103152.5526      -117.6562 17m53s/Msamples
        4794000   -103258.1202        28.1      -103154.1462      -103.9739 17m53s/Msamples
        4795000   -103274.7052        28.2      -103157.5135      -117.1917 17m53s/Msamples
        4796000   -103273.8197        28.3      -103160.7608      -113.0588 17m53s/Msamples
        4797000   -103265.2551        28.3      -103156.9432      -108.3119 17m53s/Msamples
        4798000   -103261.0975        28.4      -103155.4936      -105.6038 17m53s/Msamples
        4799000   -103269.4934        28.4      -103156.9341      -112.5593 17m53s/Msamples
        4800000   -103263.4346        28.5      -103156.1293      -107.3052 17m53s/Msamples
        4801000   -103260.2239        28.5      -103154.7735      -105.4504 17m53s/Msamples
        4802000   -103254.0216        28.6      -103155.4947       -98.5268 17m53s/Msamples
        4803000   -103257.9279        28.6      -103155.6355      -102.2923 17m53s/Msamples
        4804000   -103256.1313        28.6      -103148.2988      -107.8324 17m53s/Msamples
        4805000   -103262.9747        28.7      -103156.4769      -106.4978 17m53s/Msamples
        4806000   -103252.2160        28.7      -103151.5278      -100.6882 17m53s/Msamples
        4807000   -103246.1224        28.7      -103147.5016       -98.6207 17m53s/Msamples
        4808000   -103246.4706        28.8      -103148.7792       -97.6914 17m53s/Msamples
        4809000   -103251.6277        28.8      -103144.9143      -106.7133 17m53s/Msamples
        4810000   -103248.9879        28.8      -103137.1896      -111.7982 17m53s/Msamples
        4811000   -103253.7537        28.8      -103141.2082      -112.5455 17m53s/Msamples
        4812000   -103249.4262        28.9      -103143.9756      -105.4505 17m53s/Msamples
        4813000   -103243.3322        28.9      -103141.6387      -101.6935 17m53s/Msamples
        4814000   -103235.5741        28.9      -103137.1324       -98.4416 17m53s/Msamples
        4815000   -103238.7255        28.9      -103141.7005       -97.0250 17m53s/Msamples
        4816000   -103234.5835        28.9      -103139.6617       -94.9218 17m53s/Msamples
        4817000   -103226.2346        28.9      -103134.9366       -91.2979 17m53s/Msamples
        4818000   -103225.4667        28.9      -103135.3860       -90.0806 17m53s/Msamples
        4819000   -103222.2721        28.9      -103136.8372       -85.4348 17m53s/Msamples
        4820000   -103207.5278        28.9      -103135.7558       -71.7720 17m53s/Msamples
        4821000   -103216.3578        28.9      -103130.6330       -85.7247 17m53s/Msamples
        4822000   -103216.9720        28.9      -103130.6863       -86.2857 17m53s/Msamples
        4823000   -103218.6273        28.9      -103130.2490       -88.3782 17m53s/Msamples
        4824000   -103225.5330        28.9      -103133.5686       -91.9643 17m53s/Msamples
        4825000   -103210.5611        29.0      -103127.1650       -83.3961 17m53s/Msamples
        4826000   -103216.6166        29.0      -103129.4593       -87.1572 17m53s/Msamples
        4827000   -103210.7182        29.0      -103127.9541       -82.7641 17m53s/Msamples
        4828000   -103229.5693        29.0      -103130.3374       -99.2318 17m53s/Msamples
        4829000   -103226.0968        29.0      -103136.2716       -89.8252 17m53s/Msamples
        4830000   -103215.8477        29.0      -103132.9653       -82.8823 17m53s/Msamples
        4831000   -103219.7713        29.0      -103140.6481       -79.1232 17m53s/Msamples
        4832000   -103207.8508        29.0      -103127.9209       -79.9298 17m53s/Msamples
        4833000   -103218.9618        29.0      -103136.7814       -82.1804 17m53s/Msamples
        4834000   -103219.3667        29.0      -103134.9531       -84.4135 17m53s/Msamples
        4835000   -103222.7112        29.0      -103140.2159       -82.4952 17m53s/Msamples
        4836000   -103213.1578        29.0      -103134.0331       -79.1246 17m53s/Msamples
        4837000   -103225.3323        29.0      -103135.6585       -89.6737 17m53s/Msamples
        4838000   -103221.1493        29.0      -103133.8112       -87.3380 17m53s/Msamples
        4839000   -103225.6830        29.0      -103132.7749       -92.9080 17m53s/Msamples
        4840000   -103208.5568        29.0      -103130.4076       -78.1491 17m53s/Msamples
        4841000   -103215.1186        29.0      -103126.7982       -88.3204 17m53s/Msamples
        4842000   -103216.8755        29.0      -103127.5112       -89.3642 17m53s/Msamples
        4843000   -103209.4092        29.0      -103128.5341       -80.8751 17m53s/Msamples
        4844000   -103220.3968        29.0      -103129.9300       -90.4667 17m53s/Msamples
        4845000   -103219.6284        29.0      -103132.5725       -87.0558 17m53s/Msamples
        4846000   -103217.3609        29.0      -103139.3281       -78.0328 17m53s/Msamples
        4847000   -103222.2517        29.0      -103134.7162       -87.5355 17m53s/Msamples
        4848000   -103224.6798        29.0      -103132.9023       -91.7775 17m53s/Msamples
        4849000   -103213.3380        29.0      -103132.5921       -80.7459 17m53s/Msamples
        4850000   -103209.7255        29.0      -103131.8773       -77.8482 17m53s/Msamples
        4851000   -103230.9401        29.0      -103139.7519       -91.1882 17m53s/Msamples
        4852000   -103224.9044        29.1      -103140.7033       -84.2011 17m53s/Msamples
        4853000   -103215.9858        29.1      -103141.9929       -73.9928 17m53s/Msamples
        4854000   -103224.0718        29.1      -103140.8033       -83.2685 17m53s/Msamples
        4855000   -103218.4134        29.1      -103144.9870       -73.4263 17m53s/Msamples
        4856000   -103209.8449        29.1      -103140.7821       -69.0628 17m53s/Msamples
        4857000   -103210.3486        29.1      -103138.1305       -72.2181 17m53s/Msamples
        4858000   -103226.4405        29.1      -103138.0318       -88.4086 17m53s/Msamples
        4859000   -103241.0279        29.1      -103144.5640       -96.4638 17m53s/Msamples
        4860000   -103246.2550        29.1      -103141.3476      -104.9073 17m53s/Msamples
        4861000   -103252.2785        29.1      -103145.6134      -106.6651 17m53s/Msamples
        4862000   -103249.7240        29.2      -103145.6477      -104.0763 17m53s/Msamples
        4863000   -103247.3747        29.2      -103147.9578       -99.4168 17m53s/Msamples
        4864000   -103271.9357        29.2      -103152.6724      -119.2632 17m53s/Msamples
        4865000   -103251.9118        29.3      -103149.2491      -102.6626 17m53s/Msamples
        4866000   -103231.5610        29.3      -103146.8081       -84.7528 17m53s/Msamples
        4867000   -103229.4380        29.3      -103146.3912       -83.0468 17m53s/Msamples
        4868000   -103222.5456        29.3      -103137.4129       -85.1327 17m53s/Msamples
        4869000   -103224.8246        29.3      -103139.8465       -84.9781 17m53s/Msamples
        4870000   -103225.3305        29.3      -103136.1707       -89.1598 17m53s/Msamples
        4871000   -103220.3311        29.3      -103135.7077       -84.6233 17m53s/Msamples
        4872000   -103216.6383        29.3      -103136.3330       -80.3053 17m53s/Msamples
        4873000   -103220.4533        29.3      -103134.1774       -86.2758 17m53s/Msamples
        4874000   -103223.6379        29.3      -103133.7071       -89.9307 17m53s/Msamples
        4875000   -103232.1265        29.3      -103134.4633       -97.6631 17m53s/Msamples
        4876000   -103223.7666        29.3      -103135.3067       -88.4599 17m53s/Msamples
        4877000   -103205.7364        29.3      -103130.0520       -75.6843 17m53s/Msamples
        4878000   -103214.0017        29.4      -103138.3788       -75.6228 17m53s/Msamples
        4879000   -103207.7432        29.4      -103129.7126       -78.0306 17m53s/Msamples
        4880000   -103208.6610        29.4      -103129.8760       -78.7850 17m53s/Msamples
        4881000   -103215.4348        29.4      -103127.9332       -87.5015 17m53s/Msamples
        4882000   -103211.8047        29.4      -103129.7309       -82.0737 17m53s/Msamples
        4883000   -103218.9153        29.4      -103140.7692       -78.1460 17m53s/Msamples
        4884000   -103216.5762        29.4      -103132.6077       -83.9685 17m53s/Msamples
        4885000   -103208.6944        29.4      -103133.3827       -75.3117 17m53s/Msamples
        4886000   -103194.3312        29.4      -103129.2564       -65.0747 17m53s/Msamples
        4887000   -103192.8760        29.4      -103125.6209       -67.2550 17m53s/Msamples
        4888000   -103191.5071        29.5      -103123.1323       -68.3748 17m53s/Msamples
        4889000   -103198.7252        29.5      -103126.8154       -71.9097 17m53s/Msamples
        4890000   -103191.0155        29.5      -103127.4948       -63.5207 17m53s/Msamples
        4891000   -103203.6798        29.5      -103128.0241       -75.6557 17m53s/Msamples
        4892000   -103205.9330        29.5      -103119.2537       -86.6793 17m53s/Msamples
        4893000   -103199.7613        29.6      -103122.6586       -77.1026 17m53s/Msamples
        4894000   -103220.2277        29.6      -103129.4103       -90.8174 17m53s/Msamples
        4895000   -103227.5433        29.6      -103129.8703       -97.6730 17m53s/Msamples
        4896000   -103216.1166        29.6      -103131.4550       -84.6615 17m53s/Msamples
        4897000   -103209.8238        29.6      -103132.0273       -77.7964 17m53s/Msamples
        4898000   -103210.7418        29.6      -103131.6925       -79.0492 17m53s/Msamples
        4899000   -103224.3168        29.6      -103132.7499       -91.5669 17m53s/Msamples
        4900000   -103219.7968        29.6      -103137.5053       -82.2915 17m53s/Msamples
        4901000   -103218.6797        29.6      -103138.9728       -79.7068 17m53s/Msamples
        4902000   -103223.6687        29.6      -103137.1891       -86.4796 17m53s/Msamples
        4903000   -103225.7002        29.6      -103136.3364       -89.3637 17m53s/Msamples
        4904000   -103211.6863        29.6      -103136.3138       -75.3725 17m53s/Msamples
        4905000   -103210.8404        29.6      -103136.5165       -74.3238 17m53s/Msamples
        4906000   -103222.0424        29.6      -103136.5232       -85.5191 17m53s/Msamples
        4907000   -103219.9919        29.6      -103137.5067       -82.4851 17m53s/Msamples
        4908000   -103229.4201        29.6      -103143.5318       -85.8883 17m53s/Msamples
        4909000   -103220.2009        29.6      -103142.7522       -77.4487 17m53s/Msamples
        4910000   -103229.3366        29.7      -103146.3662       -82.9703 17m53s/Msamples
        4911000   -103222.9239        29.7      -103141.2550       -81.6688 17m53s/Msamples
        4912000   -103210.9856        29.7      -103136.7086       -74.2770 17m53s/Msamples
        4913000   -103215.5883        29.7      -103135.9059       -79.6823 17m53s/Msamples
        4914000   -103214.2972        29.7      -103134.1390       -80.1582 17m53s/Msamples
        4915000   -103220.6550        29.7      -103138.0566       -82.5983 17m53s/Msamples
        4916000   -103223.9356        29.7      -103142.6795       -81.2560 17m53s/Msamples
        4917000   -103225.4211        29.7      -103137.1839       -88.2371 17m53s/Msamples
        4918000   -103230.5004        29.7      -103140.0500       -90.4504 17m53s/Msamples
        4919000   -103222.6741        29.7      -103145.0536       -77.6204 17m53s/Msamples
        4920000   -103222.2019        29.7      -103142.4525       -79.7493 17m53s/Msamples
        4921000   -103211.0163        29.7      -103135.8902       -75.1260 17m53s/Msamples
        4922000   -103215.0423        29.7      -103135.1753       -79.8669 17m53s/Msamples
        4923000   -103210.8162        29.7      -103138.7498       -72.0663 17m53s/Msamples
        4924000   -103217.2313        29.7      -103134.2914       -82.9398 17m53s/Msamples
        4925000   -103209.0680        29.8      -103133.4868       -75.5811 17m53s/Msamples
        4926000   -103209.8518        29.8      -103133.1407       -76.7110 17m53s/Msamples
        4927000   -103209.4045        29.8      -103129.9058       -79.4986 17m53s/Msamples
        4928000   -103195.9374        29.8      -103130.2828       -65.6546 17m53s/Msamples
        4929000   -103194.7537        29.8      -103129.5337       -65.2199 17m53s/Msamples
        4930000   -103209.4327        29.8      -103129.9908       -79.4419 17m53s/Msamples
        4931000   -103204.9732        29.8      -103130.0905       -74.8827 17m53s/Msamples
        4932000   -103213.4877        29.8      -103139.3412       -74.1464 17m53s/Msamples
        4933000   -103219.4464        29.8      -103134.7518       -84.6945 17m53s/Msamples
        4934000   -103218.6883        29.8      -103124.4321       -94.2561 17m53s/Msamples
        4935000   -103215.1822        29.9      -103134.7716       -80.4106 17m53s/Msamples
        4936000   -103203.5250        29.9      -103128.0145       -75.5104 17m53s/Msamples
        4937000   -103205.5927        29.9      -103129.6613       -75.9314 17m53s/Msamples
        4938000   -103199.5756        29.9      -103128.3347       -71.2408 17m53s/Msamples
        4939000   -103208.6414        29.9      -103127.7097       -80.9316 17m53s/Msamples
        4940000   -103230.3090        29.9      -103133.9704       -96.3385 17m53s/Msamples
        4941000   -103219.5462        29.9      -103130.4057       -89.1405 17m53s/Msamples
        4942000   -103209.7918        29.9      -103128.1752       -81.6165 17m53s/Msamples
        4943000   -103209.1653        29.9      -103131.9428       -77.2225 17m53s/Msamples
        4944000   -103219.7230        29.9      -103131.2178       -88.5052 17m53s/Msamples
        4945000   -103226.9446        29.9      -103132.2893       -94.6552 17m53s/Msamples
        4946000   -103230.8900        29.9      -103135.9595       -94.9305 17m53s/Msamples
        4947000   -103233.1842        30.0      -103135.9225       -97.2616 17m53s/Msamples
        4948000   -103232.9442        30.0      -103135.1025       -97.8417 17m53s/Msamples
        4949000   -103227.3645        30.0      -103135.5833       -91.7811 17m53s/Msamples
        4950000   -103218.5408        30.0      -103136.2598       -82.2810 17m53s/Msamples
        4951000   -103225.2015        30.0      -103140.4961       -84.7054 17m53s/Msamples
        4952000   -103221.6855        30.0      -103140.1337       -81.5517 17m53s/Msamples
        4953000   -103230.6188        30.0      -103138.6645       -91.9542 17m53s/Msamples
        4954000   -103232.8923        30.0      -103140.6812       -92.2110 17m53s/Msamples
        4955000   -103214.5475        30.0      -103132.7724       -81.7751 17m53s/Msamples
        4956000   -103212.3853        30.0      -103132.2217       -80.1636 17m53s/Msamples
        4957000   -103207.8831        30.0      -103129.9511       -77.9319 17m53s/Msamples
        4958000   -103209.6416        30.0      -103132.5189       -77.1227 17m53s/Msamples
        4959000   -103206.6017        30.0      -103127.3679       -79.2337 17m53s/Msamples
        4960000   -103206.9575        30.0      -103133.5761       -73.3814 17m53s/Msamples
        4961000   -103199.2033        30.1      -103123.9589       -75.2444 17m53s/Msamples
        4962000   -103191.9169        30.1      -103126.7527       -65.1641 17m53s/Msamples
        4963000   -103201.8454        30.1      -103131.1515       -70.6938 17m53s/Msamples
        4964000   -103201.5232        30.1      -103131.3361       -70.1870 17m53s/Msamples
        4965000   -103197.1325        30.1      -103142.7088       -54.4236 17m53s/Msamples
        4966000   -103197.1225        30.1      -103140.7789       -56.3436 17m53s/Msamples
        4967000   -103177.4092        30.2      -103123.5341       -53.8750 17m53s/Msamples
        4968000   -103195.7263        30.2      -103128.9904       -66.7359 17m53s/Msamples
        4969000   -103212.8967        30.2      -103140.7814       -72.1152 17m53s/Msamples
        4970000   -103202.1908        30.2      -103135.3716       -66.8191 17m53s/Msamples
        4971000   -103199.4198        30.2      -103131.2823       -68.1375 17m53s/Msamples
        4972000   -103195.9742        30.2      -103128.6242       -67.3499 17m53s/Msamples
        4973000   -103205.0709        30.2      -103142.9137       -62.1571 17m53s/Msamples
        4974000   -103207.1453        30.3      -103138.3547       -68.7906 17m53s/Msamples
        4975000   -103222.2575        30.3      -103134.5524       -87.7050 17m53s/Msamples
        4976000   -103223.5146        30.3      -103130.3353       -93.1793 17m53s/Msamples
        4977000   -103224.1296        30.3      -103135.4162       -88.7134 17m53s/Msamples
        4978000   -103225.2514        30.3      -103138.7370       -86.5144 17m53s/Msamples
        4979000   -103222.0066        30.3      -103138.3136       -83.6929 17m53s/Msamples
        4980000   -103231.3235        30.3      -103136.8678       -94.4557 17m53s/Msamples
        4981000   -103234.0265        30.3      -103137.1300       -96.8964 17m53s/Msamples
        4982000   -103225.3385        30.3      -103135.7496       -89.5888 17m53s/Msamples
        4983000   -103217.1910        30.3      -103136.6836       -80.5074 17m53s/Msamples
        4984000   -103200.3239        30.3      -103133.6902       -66.6336 17m53s/Msamples
        4985000   -103199.5840        30.3      -103136.4529       -63.1310 17m53s/Msamples
        4986000   -103187.0504        30.4      -103130.5405       -56.5098 17m53s/Msamples
        4987000   -103190.4457        30.4      -103131.8186       -58.6271 17m53s/Msamples
        4988000   -103197.1482        30.4      -103136.1522       -60.9960 17m53s/Msamples
        4989000   -103203.2902        30.4      -103141.2685       -62.0217 17m53s/Msamples
        4990000   -103209.1983        30.4      -103137.5806       -71.6177 17m53s/Msamples
        4991000   -103215.3186        30.4      -103137.9697       -77.3488 17m53s/Msamples
        4992000   -103211.1310        30.4      -103138.4661       -72.6649 17m53s/Msamples
        4993000   -103205.0597        30.4      -103137.4097       -67.6499 17m53s/Msamples
        4994000   -103229.7980        30.5      -103143.0760       -86.7219 17m53s/Msamples
        4995000   -103214.4378        30.5      -103135.3012       -79.1366 17m53s/Msamples
        4996000   -103236.1043        30.5      -103146.4629       -89.6414 17m53s/Msamples
        4997000   -103253.5573        30.5      -103147.6800      -105.8772 17m53s/Msamples
        4998000   -103258.0207        30.5      -103146.6794      -111.3412 17m53s/Msamples
        4999000   -103239.9054        30.5      -103139.8183      -100.0870 17m53s/Msamples
        5000000   -103243.7049        30.5      -103141.7890      -101.9159 17m53s/Msamples
        5001000   -103245.1954        30.6      -103141.9632      -103.2321 17m53s/Msamples
        5002000   -103246.3966        30.6      -103139.9241      -106.4724 17m53s/Msamples
        5003000   -103242.2063        30.6      -103139.5017      -102.7045 17m53s/Msamples
        5004000   -103244.1388        30.6      -103140.1420      -103.9967 17m53s/Msamples
        5005000   -103253.1186        30.6      -103142.1293      -110.9892 17m53s/Msamples
        5006000   -103250.6584        30.6      -103142.9015      -107.7568 17m53s/Msamples
        5007000   -103239.3641        30.7      -103137.7890      -101.5750 17m53s/Msamples
        5008000   -103231.2628        30.7      -103134.8613       -96.4015 17m53s/Msamples
        5009000   -103210.4057        30.7      -103131.7403       -78.6653 17m53s/Msamples
        5010000   -103196.7669        30.7      -103125.0212       -71.7457 17m53s/Msamples
        5011000   -103205.8707        30.7      -103121.4125       -84.4581 17m53s/Msamples
        5012000   -103207.7091        30.7      -103115.7537       -91.9553 17m53s/Msamples
        5013000   -103205.3794        30.7      -103120.5583       -84.8211 17m53s/Msamples
        5014000   -103199.9907        30.7      -103113.5647       -86.4260 17m53s/Msamples
        5015000   -103216.1529        30.7      -103123.4649       -92.6880 17m53s/Msamples
        5016000   -103199.5065        30.8      -103119.7866       -79.7199 17m53s/Msamples
        5017000   -103216.4186        30.8      -103124.7748       -91.6437 17m53s/Msamples
        5018000   -103217.4029        30.8      -103122.7368       -94.6660 17m53s/Msamples
        5019000   -103209.8433        30.8      -103121.2774       -88.5659 17m53s/Msamples
        5020000   -103226.7166        30.8      -103134.5684       -92.1482 17m53s/Msamples
        5021000   -103230.2439        30.8      -103131.2864       -98.9575 17m53s/Msamples
        5022000   -103238.3200        30.8      -103132.3172      -106.0027 17m53s/Msamples
        5023000   -103241.3977        30.8      -103138.1179      -103.2798 17m53s/Msamples
        5024000   -103221.8234        30.8      -103129.4855       -92.3378 17m53s/Msamples
        5025000   -103212.2140        30.8      -103122.4658       -89.7482 17m53s/Msamples
        5026000   -103225.6614        30.8      -103135.2616       -90.3998 17m53s/Msamples
        5027000   -103225.0911        30.8      -103130.2284       -94.8626 17m53s/Msamples
        5028000   -103215.6113        30.9      -103132.7774       -82.8338 17m53s/Msamples
        5029000   -103217.8713        30.8      -103131.7048       -86.1664 17m53s/Msamples
        5030000   -103229.6474        30.9      -103132.5260       -97.1213 17m53s/Msamples
        5031000   -103229.4419        30.9      -103128.5334      -100.9084 17m53s/Msamples
        5032000   -103229.9534        30.9      -103131.3140       -98.6393 17m53s/Msamples
        5033000   -103230.2686        30.9      -103131.0906       -99.1779 17m53s/Msamples
        5034000   -103230.1850        30.9      -103138.2310       -91.9539 17m53s/Msamples
        5035000   -103213.7834        30.9      -103126.2885       -87.4948 17m53s/Msamples
        5036000   -103223.9140        30.9      -103134.2533       -89.6607 17m53s/Msamples
        5037000   -103227.3546        30.9      -103135.6772       -91.6773 17m53s/Msamples
        5038000   -103230.2964        30.9      -103127.9936      -102.3027 17m53s/Msamples
        5039000   -103227.2074        30.9      -103123.2050      -104.0024 17m53s/Msamples
        5040000   -103220.5674        30.9      -103125.0902       -95.4772 17m53s/Msamples
        5041000   -103213.0383        30.9      -103120.9340       -92.1042 17m53s/Msamples
        5042000   -103228.3690        30.9      -103122.5091      -105.8598 17m53s/Msamples
        5043000   -103232.9697        30.9      -103126.7710      -106.1986 17m53s/Msamples
        5044000   -103227.5137        31.0      -103128.1253       -99.3883 17m53s/Msamples
        5045000   -103215.5356        31.0      -103132.5933       -82.9423 17m53s/Msamples
        5046000   -103212.0444        31.0      -103133.1273       -78.9170 17m53s/Msamples
        5047000   -103208.1196        31.0      -103126.4496       -81.6700 17m53s/Msamples
        5048000   -103213.1468        31.0      -103126.5812       -86.5656 17m53s/Msamples
        5049000   -103217.0401        31.0      -103131.9352       -85.1048 17m53s/Msamples
        5050000   -103220.4703        31.0      -103124.9610       -95.5093 17m53s/Msamples
        5051000   -103219.8674        31.0      -103125.9578       -93.9095 17m53s/Msamples
        5052000   -103226.1621        31.0      -103128.2516       -97.9104 17m53s/Msamples
        5053000   -103231.8283        31.0      -103128.3784      -103.4498 17m53s/Msamples
        5054000   -103238.3812        31.0      -103127.8277      -110.5534 17m53s/Msamples
        5055000   -103218.0953        31.0      -103131.2373       -86.8580 17m53s/Msamples
        5056000   -103215.9186        31.0      -103127.1559       -88.7627 17m53s/Msamples
        5057000   -103207.9229        31.1      -103126.4971       -81.4257 17m53s/Msamples
        5058000   -103192.2972        31.1      -103111.2161       -81.0810 17m53s/Msamples
        5059000   -103198.5442        31.1      -103116.1287       -82.4155 17m53s/Msamples
        5060000   -103215.6185        31.1      -103123.3447       -92.2737 17m53s/Msamples
        5061000   -103216.2754        31.1      -103124.1980       -92.0774 17m53s/Msamples
        5062000   -103221.0332        31.1      -103123.1855       -97.8477 17m53s/Msamples
        5063000   -103224.9800        31.1      -103123.0264      -101.9535 17m53s/Msamples
        5064000   -103223.8409        31.1      -103123.1124      -100.7284 17m53s/Msamples
        5065000   -103230.0983        31.1      -103126.9877      -103.1105 17m53s/Msamples
        5066000   -103221.8787        31.1      -103124.2674       -97.6113 17m53s/Msamples
        5067000   -103212.2800        31.2      -103127.5576       -84.7223 17m53s/Msamples
        5068000   -103208.1021        31.2      -103128.0123       -80.0897 17m53s/Msamples
        5069000   -103209.0958        31.2      -103126.2446       -82.8512 17m53s/Msamples
        5070000   -103228.5792        31.2      -103132.0979       -96.4813 17m53s/Msamples
        5071000   -103227.5293        31.2      -103136.1565       -91.3728 17m53s/Msamples
        5072000   -103219.8315        31.2      -103134.5775       -85.2539 17m53s/Msamples
        5073000   -103220.3223        31.2      -103138.8702       -81.4520 17m53s/Msamples
        5074000   -103233.0365        31.2      -103138.3912       -94.6453 17m53s/Msamples
        5075000   -103219.9415        31.2      -103130.4398       -89.5016 17m53s/Msamples
        5076000   -103223.8043        31.2      -103133.8888       -89.9155 17m53s/Msamples
        5077000   -103220.6663        31.2      -103135.8374       -84.8288 17m53s/Msamples
        5078000   -103227.7835        31.2      -103132.8117       -94.9718 17m53s/Msamples
        5079000   -103245.5354        31.2      -103143.8808      -101.6546 17m53s/Msamples
        5080000   -103246.6655        31.2      -103141.6288      -105.0366 17m53s/Msamples
        5081000   -103247.8369        31.3      -103140.8082      -107.0287 17m53s/Msamples
        5082000   -103241.5867        31.3      -103136.3166      -105.2701 17m53s/Msamples
        5083000   -103234.2002        31.3      -103133.0132      -101.1870 17m53s/Msamples
        5084000   -103223.3121        31.3      -103127.5948       -95.7172 17m53s/Msamples
        5085000   -103235.1307        31.3      -103139.4592       -95.6714 17m53s/Msamples
        5086000   -103231.8005        31.3      -103134.3680       -97.4325 17m53s/Msamples
        5087000   -103232.3111        31.3      -103136.9047       -95.4064 17m53s/Msamples
        5088000   -103238.9555        31.3      -103133.1799      -105.7756 17m53s/Msamples
        5089000   -103234.8805        31.3      -103135.3854       -99.4951 17m53s/Msamples
        5090000   -103239.7218        31.3      -103135.1080      -104.6138 17m53s/Msamples
        5091000   -103240.9194        31.4      -103129.1682      -111.7511 17m53s/Msamples
        5092000   -103240.7219        31.4      -103135.2207      -105.5011 17m53s/Msamples
        5093000   -103236.4568        31.4      -103135.9052      -100.5515 17m53s/Msamples
        5094000   -103240.4221        31.4      -103142.7568       -97.6653 17m53s/Msamples
        5095000   -103232.1890        31.4      -103132.9375       -99.2515 17m53s/Msamples
        5096000   -103235.1045        31.4      -103131.9828      -103.1216 17m53s/Msamples
        5097000   -103242.4697        31.4      -103137.8797      -104.5900 17m53s/Msamples
        5098000   -103244.0904        31.4      -103137.5005      -106.5899 17m53s/Msamples
        5099000   -103250.7681        31.4      -103137.8612      -112.9068 17m53s/Msamples
        5100000   -103249.4357        31.5      -103132.0567      -117.3789 17m53s/Msamples
        5101000   -103243.6304        31.5      -103131.6588      -111.9715 17m53s/Msamples
        5102000   -103245.9776        31.5      -103129.1516      -116.8260 17m53s/Msamples
        5103000   -103244.1021        31.5      -103136.2005      -107.9015 17m53s/Msamples
        5104000   -103243.5861        31.5      -103135.5900      -107.9960 17m53s/Msamples
        5105000   -103247.0852        31.5      -103128.3780      -118.7072 17m53s/Msamples
        5106000   -103251.0338        31.6      -103133.3861      -117.6477 17m53s/Msamples
        5107000   -103251.4243        31.6      -103139.9119      -111.5124 17m53s/Msamples
        5108000   -103242.3486        31.6      -103135.9057      -106.4429 17m53s/Msamples
        5109000   -103241.6099        31.6      -103136.9229      -104.6869 17m53s/Msamples
        5110000   -103227.7127        31.6      -103131.9247       -95.7880 17m53s/Msamples
        5111000   -103228.6948        31.6      -103136.9544       -91.7403 17m53s/Msamples
        5112000   -103228.7572        31.6      -103132.4734       -96.2837 17m53s/Msamples
        5113000   -103223.0802        31.6      -103126.4162       -96.6639 17m53s/Msamples
        5114000   -103216.1009        31.6      -103124.6719       -91.4289 17m53s/Msamples
        5115000   -103210.3245        31.7      -103118.5917       -91.7328 17m53s/Msamples
        5116000   -103217.2383        31.7      -103131.8708       -85.3675 17m53s/Msamples
        5117000   -103217.7321        31.7      -103127.6151       -90.1169 17m53s/Msamples
        5118000   -103231.6516        31.7      -103130.3352      -101.3163 17m53s/Msamples
        5119000   -103227.0425        31.7      -103129.4039       -97.6385 17m53s/Msamples
        5120000   -103240.5387        31.7      -103130.9793      -109.5594 17m53s/Msamples
        5121000   -103245.5115        31.7      -103130.8206      -114.6909 17m53s/Msamples
        5122000   -103246.8601        31.7      -103134.2481      -112.6119 17m53s/Msamples
        5123000   -103253.9867        31.8      -103141.4743      -112.5124 17m53s/Msamples
        5124000   -103246.8893        31.8      -103135.3877      -111.5016 17m53s/Msamples
        5125000   -103246.8140        31.8      -103132.2483      -114.5657 17m53s/Msamples
        5126000   -103224.5322        31.8      -103127.1363       -97.3959 17m53s/Msamples
        5127000   -103219.9745        31.8      -103121.3071       -98.6674 17m53s/Msamples
        5128000   -103220.7058        31.8      -103128.8007       -91.9050 17m53s/Msamples
        5129000   -103222.1945        31.8      -103130.5068       -91.6877 17m53s/Msamples
        5130000   -103234.1765        31.8      -103131.0455      -103.1310 17m53s/Msamples
        5131000   -103237.9603        31.8      -103132.8476      -105.1126 17m53s/Msamples
        5132000   -103247.9645        31.8      -103134.3329      -113.6316 17m53s/Msamples
        5133000   -103233.9684        31.9      -103129.6507      -104.3177 17m53s/Msamples
        5134000   -103237.3060        31.9      -103132.9733      -104.3326 17m53s/Msamples
        5135000   -103247.3826        31.9      -103138.8728      -108.5098 17m53s/Msamples
        5136000   -103251.0888        31.9      -103140.6955      -110.3932 17m53s/Msamples
        5137000   -103235.3813        31.9      -103126.8233      -108.5579 17m53s/Msamples
        5138000   -103240.1411        31.9      -103133.7296      -106.4114 17m53s/Msamples
        5139000   -103248.2954        32.0      -103128.5862      -119.7092 17m53s/Msamples
        5140000   -103250.7130        32.0      -103137.4804      -113.2325 17m53s/Msamples
        5141000   -103235.2580        32.0      -103132.3391      -102.9189 17m53s/Msamples
        5142000   -103231.8680        32.0      -103132.7866       -99.0813 17m53s/Msamples
        5143000   -103233.9133        32.0      -103141.4299       -92.4834 17m53s/Msamples
        5144000   -103234.7947        32.0      -103135.6148       -99.1798 17m53s/Msamples
        5145000   -103233.1875        32.0      -103130.6850      -102.5025 17m53s/Msamples
        5146000   -103241.8885        32.0      -103135.4423      -106.4461 17m53s/Msamples
        5147000   -103245.0234        32.1      -103136.6985      -108.3249 17m53s/Msamples
        5148000   -103243.6249        32.1      -103135.1268      -108.4980 17m53s/Msamples
        5149000   -103244.1744        32.1      -103132.2177      -111.9566 17m53s/Msamples
        5150000   -103253.9234        32.1      -103139.4006      -114.5228 17m53s/Msamples
        5151000   -103260.6716        32.2      -103138.8765      -121.7951 17m53s/Msamples
        5152000   -103266.1585        32.2      -103141.8638      -124.2947 17m53s/Msamples
        5153000   -103265.4324        32.3      -103137.6730      -127.7593 17m53s/Msamples
        5154000   -103263.0565        32.3      -103138.7236      -124.3329 17m53s/Msamples
        5155000   -103261.5863        32.4      -103140.1039      -121.4824 17m53s/Msamples
        5156000   -103267.1034        32.4      -103141.6985      -125.4048 17m53s/Msamples
        5157000   -103272.3934        32.5      -103141.7881      -130.6052 17m53s/Msamples
        5158000   -103269.4368        32.5      -103140.0876      -129.3491 17m53s/Msamples
        5159000   -103276.7336        32.6      -103139.9157      -136.8178 17m53s/Msamples
        5160000   -103265.2702        32.7      -103140.0164      -125.2538 17m53s/Msamples
        5161000   -103252.8189        32.7      -103131.7525      -121.0663 17m53s/Msamples
        5162000   -103247.8963        32.7      -103129.7520      -118.1443 17m53s/Msamples
        5163000   -103254.0695        32.7      -103133.7113      -120.3582 17m53s/Msamples
        5164000   -103251.6996        32.8      -103136.4653      -115.2342 17m53s/Msamples
        5165000   -103243.9151        32.8      -103138.1359      -105.7792 17m53s/Msamples
        5166000   -103232.1368        32.8      -103130.0089      -102.1278 17m53s/Msamples
        5167000   -103248.9281        32.8      -103138.1730      -110.7551 17m53s/Msamples
        5168000   -103243.8273        32.8      -103134.7464      -109.0808 17m53s/Msamples
        5169000   -103241.3669        32.8      -103136.3159      -105.0510 17m53s/Msamples
        5170000   -103250.8125        32.9      -103133.7184      -117.0941 17m53s/Msamples
        5171000   -103249.4035        32.9      -103134.8421      -114.5614 17m53s/Msamples
        5172000   -103235.5177        32.9      -103128.8969      -106.6208 17m53s/Msamples
        5173000   -103244.2162        32.9      -103138.1769      -106.0393 17m53s/Msamples
        5174000   -103244.3906        32.9      -103138.1346      -106.2559 17m53s/Msamples
        5175000   -103243.4292        33.0      -103139.4934      -103.9357 17m53s/Msamples
        5176000   -103242.2028        33.0      -103140.4310      -101.7718 17m53s/Msamples
        5177000   -103220.4510        33.0      -103127.2039       -93.2470 17m53s/Msamples
        5178000   -103223.3671        33.0      -103127.1434       -96.2236 17m53s/Msamples
        5179000   -103225.2074        33.0      -103123.6576      -101.5498 17m53s/Msamples
        5180000   -103225.2961        33.0      -103122.1724      -103.1236 17m53s/Msamples
        5181000   -103231.9542        33.0      -103130.5122      -101.4420 17m53s/Msamples
        5182000   -103229.1407        33.0      -103129.9524       -99.1883 17m53s/Msamples
        5183000   -103222.3266        33.0      -103124.3356       -97.9909 17m53s/Msamples
        5184000   -103226.2806        33.0      -103131.9834       -94.2971 17m53s/Msamples
        5185000   -103235.6730        33.0      -103133.5822      -102.0907 17m53s/Msamples
        5186000   -103236.5707        33.0      -103128.1555      -108.4151 17m53s/Msamples
        5187000   -103238.3805        33.0      -103131.7325      -106.6479 17m53s/Msamples
        5188000   -103256.4875        33.1      -103138.0022      -118.4853 17m53s/Msamples
        5189000   -103248.9539        33.1      -103134.0550      -114.8989 17m53s/Msamples
        5190000   -103245.9669        33.1      -103133.4151      -112.5517 17m53s/Msamples
        5191000   -103242.5642        33.1      -103135.0552      -107.5089 17m53s/Msamples
        5192000   -103241.5572        33.1      -103135.8516      -105.7056 17m53s/Msamples
        5193000   -103243.3465        33.2      -103133.3273      -110.0191 17m53s/Msamples
        5194000   -103230.3022        33.2      -103128.1204      -102.1817 17m53s/Msamples
        5195000   -103214.0027        33.2      -103119.7618       -94.2408 17m53s/Msamples
        5196000   -103227.6791        33.2      -103131.3008       -96.3783 17m53s/Msamples
        5197000   -103235.0124        33.2      -103132.1227      -102.8896 17m53s/Msamples
        5198000   -103243.7567        33.2      -103134.0742      -109.6824 17m53s/Msamples
        5199000   -103240.6634        33.2      -103136.6904      -103.9730 17m53s/Msamples
        5200000   -103239.0064        33.2      -103133.9283      -105.0781 17m53s/Msamples
        5201000   -103238.8792        33.2      -103130.4885      -108.3906 17m53s/Msamples
        5202000   -103249.4379        33.3      -103133.3673      -116.0705 17m53s/Msamples
        5203000   -103248.4414        33.3      -103135.0440      -113.3974 17m53s/Msamples
        5204000   -103244.7129        33.3      -103138.1678      -106.5450 17m53s/Msamples
        5205000   -103232.0458        33.3      -103132.0071      -100.0386 17m53s/Msamples
        5206000   -103237.7125        33.3      -103129.9859      -107.7265 17m53s/Msamples
        5207000   -103250.4215        33.3      -103134.5458      -115.8756 17m53s/Msamples
        5208000   -103263.0638        33.4      -103135.9733      -127.0904 17m53s/Msamples
        5209000   -103239.5554        33.4      -103129.6228      -109.9325 17m53s/Msamples
        5210000   -103258.3188        33.4      -103134.2370      -124.0818 17m53s/Msamples
        5211000   -103259.7804        33.4      -103139.0132      -120.7671 17m53s/Msamples
        5212000   -103254.0954        33.5      -103139.0478      -115.0475 17m53s/Msamples
        5213000   -103244.6829        33.5      -103134.8871      -109.7957 17m53s/Msamples
        5214000   -103247.4023        33.5      -103130.5841      -116.8181 17m53s/Msamples
        5215000   -103241.4673        33.5      -103129.2705      -112.1967 17m53s/Msamples
        5216000   -103241.4767        33.5      -103132.2528      -109.2239 17m53s/Msamples
        5217000   -103243.2467        33.5      -103135.5520      -107.6947 17m53s/Msamples
        5218000   -103243.3604        33.5      -103137.2531      -106.1072 17m53s/Msamples
        5219000   -103242.0568        33.6      -103140.9058      -101.1510 17m53s/Msamples
        5220000   -103245.0335        33.6      -103133.6775      -111.3560 17m53s/Msamples
        5221000   -103246.8952        33.6      -103135.8391      -111.0561 17m53s/Msamples
        5222000   -103241.5492        33.6      -103131.1395      -110.4097 17m53s/Msamples
        5223000   -103248.6306        33.6      -103135.3711      -113.2595 17m53s/Msamples
        5224000   -103252.4778        33.6      -103130.7528      -121.7249 17m53s/Msamples
        5225000   -103242.7793        33.7      -103130.1779      -112.6014 17m53s/Msamples
        5226000   -103236.0002        33.7      -103127.0023      -108.9978 17m53s/Msamples
        5227000   -103243.9795        33.7      -103134.3719      -109.6076 17m53s/Msamples
        5228000   -103254.3781        33.7      -103132.4404      -121.9376 17m53s/Msamples
        5229000   -103241.9958        33.7      -103126.4058      -115.5899 17m53s/Msamples
        5230000   -103238.0320        33.7      -103124.6050      -113.4269 17m53s/Msamples
        5231000   -103231.6675        33.7      -103124.9965      -106.6709 17m53s/Msamples
        5232000   -103233.8143        33.7      -103126.6983      -107.1159 17m53s/Msamples
        5233000   -103239.0683        33.7      -103125.8083      -113.2600 17m53s/Msamples
        5234000   -103246.1601        33.8      -103132.1687      -113.9913 17m53s/Msamples
        5235000   -103230.2300        33.8      -103127.6523      -102.5776 17m53s/Msamples
        5236000   -103230.8513        33.8      -103129.5236      -101.3276 17m53s/Msamples
        5237000   -103227.1120        33.8      -103120.5244      -106.5876 17m53s/Msamples
        5238000   -103236.6645        33.8      -103126.9084      -109.7561 17m53s/Msamples
        5239000   -103231.8509        33.8      -103127.3746      -104.4762 17m53s/Msamples
        5240000   -103235.4422        33.8      -103120.3344      -115.1078 17m53s/Msamples
        5241000   -103230.2597        33.8      -103118.8201      -111.4396 17m53s/Msamples
        5242000   -103230.3215        33.8      -103122.1411      -108.1804 17m53s/Msamples
        5243000   -103221.8678        33.8      -103112.0817      -109.7861 17m53s/Msamples
        5244000   -103231.2283        33.8      -103118.8071      -112.4212 17m53s/Msamples
        5245000   -103225.8620        33.8      -103122.8983      -102.9637 17m53s/Msamples
        5246000   -103220.8229        33.8      -103119.3997      -101.4232 17m53s/Msamples
        5247000   -103219.9298        33.8      -103112.9353      -106.9945 17m53s/Msamples
        5248000   -103227.2908        33.9      -103114.8956      -112.3952 17m53s/Msamples
        5249000   -103235.6378        33.9      -103122.9580      -112.6798 17m53s/Msamples
        5250000   -103245.2178        33.9      -103134.2591      -110.9587 17m53s/Msamples
        5251000   -103239.9304        33.9      -103134.4406      -105.4897 17m53s/Msamples
        5252000   -103238.9587        33.9      -103129.5701      -109.3886 17m53s/Msamples
        5253000   -103239.2869        33.9      -103130.8574      -108.4294 17m53s/Msamples
        5254000   -103248.7184        33.9      -103132.1931      -116.5252 17m53s/Msamples
        5255000   -103239.3344        33.9      -103130.3818      -108.9525 17m53s/Msamples
        5256000   -103243.2344        33.9      -103137.4868      -105.7476 17m53s/Msamples
        5257000   -103241.7886        33.9      -103130.0953      -111.6932 17m53s/Msamples
        5258000   -103235.8405        33.9      -103128.6227      -107.2177 17m53s/Msamples
        5259000   -103233.0799        33.9      -103122.7839      -110.2960 17m53s/Msamples
        5260000   -103235.7277        33.9      -103129.0142      -106.7134 17m53s/Msamples
        5261000   -103236.9962        34.0      -103128.3638      -108.6324 17m53s/Msamples
        5262000   -103248.8664        34.0      -103135.6486      -113.2177 17m53s/Msamples
        5263000   -103233.2635        34.0      -103128.1278      -105.1356 17m53s/Msamples
        5264000   -103256.5147        34.0      -103142.4621      -114.0525 17m53s/Msamples
        5265000   -103252.1443        34.0      -103139.4036      -112.7406 17m53s/Msamples
        5266000   -103247.9802        34.0      -103135.0201      -112.9600 17m53s/Msamples
        5267000   -103236.7167        34.0      -103130.5302      -106.1865 17m53s/Msamples
        5268000   -103238.2487        34.0      -103128.0654      -110.1833 17m53s/Msamples
        5269000   -103235.8724        34.0      -103126.7131      -109.1593 17m53s/Msamples
        5270000   -103242.2787        34.0      -103133.7000      -108.5786 17m53s/Msamples
        5271000   -103243.8688        34.1      -103133.5278      -110.3409 17m53s/Msamples
        5272000   -103251.6789        34.1      -103141.7162      -109.9626 17m53s/Msamples
        5273000   -103258.2284        34.1      -103145.2579      -112.9704 17m53s/Msamples
        5274000   -103246.7607        34.1      -103139.4440      -107.3166 17m53s/Msamples
        5275000   -103245.1935        34.1      -103142.6797      -102.5138 17m53s/Msamples
        5276000   -103233.2795        34.1      -103135.7628       -97.5167 17m53s/Msamples
        5277000   -103242.9246        34.1      -103145.3130       -97.6115 17m53s/Msamples
        5278000   -103238.2482        34.1      -103134.9634      -103.2848 17m53s/Msamples
        5279000   -103243.7323        34.1      -103136.8081      -106.9241 17m53s/Msamples
        5280000   -103246.5665        34.1      -103137.9302      -108.6362 17m53s/Msamples
        5281000   -103244.1007        34.1      -103136.2871      -107.8136 17m53s/Msamples
        5282000   -103238.9481        34.1      -103134.3893      -104.5587 17m53s/Msamples
        5283000   -103226.7279        34.2      -103128.4862       -98.2417 17m53s/Msamples
        5284000   -103229.8162        34.2      -103127.2422      -102.5739 17m53s/Msamples
        5285000   -103234.3888        34.2      -103133.7904      -100.5984 17m53s/Msamples
        5286000   -103240.8500        34.2      -103135.9393      -104.9106 17m53s/Msamples
        5287000   -103240.0895        34.2      -103137.5973      -102.4921 17m53s/Msamples
        5288000   -103235.2050        34.2      -103130.1125      -105.0924 17m53s/Msamples
        5289000   -103251.6521        34.2      -103138.5013      -113.1507 17m53s/Msamples
        5290000   -103240.2606        34.2      -103129.2749      -110.9857 17m53s/Msamples
        5291000   -103233.4598        34.2      -103129.0800      -104.3797 17m53s/Msamples
        5292000   -103226.5063        34.2      -103119.4781      -107.0281 17m53s/Msamples
        5293000   -103240.4735        34.2      -103128.8572      -111.6162 17m53s/Msamples
        5294000   -103242.9671        34.2      -103129.2534      -113.7136 17m53s/Msamples
        5295000   -103243.7088        34.2      -103135.8325      -107.8762 17m53s/Msamples
        5296000   -103242.4224        34.2      -103132.6571      -109.7652 17m53s/Msamples
        5297000   -103246.3912        34.2      -103128.9533      -117.4378 17m53s/Msamples
        5298000   -103250.9654        34.2      -103137.3968      -113.5685 17m53s/Msamples
        5299000   -103256.7091        34.2      -103137.5732      -119.1359 17m53s/Msamples
        5300000   -103248.0327        34.2      -103140.6307      -107.4019 17m53s/Msamples
        5301000   -103231.3031        34.2      -103129.8102      -101.4928 17m53s/Msamples
        5302000   -103239.7720        34.2      -103131.3130      -108.4590 17m53s/Msamples
        5303000   -103240.8602        34.3      -103125.8060      -115.0542 17m53s/Msamples
        5304000   -103241.7876        34.3      -103129.2504      -112.5372 17m53s/Msamples
        5305000   -103248.2909        34.3      -103125.7910      -122.4998 17m53s/Msamples
        5306000   -103261.0032        34.3      -103130.4109      -130.5922 17m53s/Msamples
        5307000   -103253.6962        34.3      -103131.3629      -122.3333 17m53s/Msamples
        5308000   -103251.2310        34.3      -103125.9091      -125.3219 17m53s/Msamples
        5309000   -103244.2411        34.3      -103120.5669      -123.6742 17m53s/Msamples
        5310000   -103243.2792        34.3      -103123.2056      -120.0735 17m53s/Msamples
        5311000   -103237.0703        34.3      -103122.8580      -114.2122 17m53s/Msamples
        5312000   -103229.8772        34.3      -103123.8282      -106.0490 17m53s/Msamples
        5313000   -103231.4609        34.3      -103119.7850      -111.6758 17m53s/Msamples
        5314000   -103237.9221        34.3      -103123.6001      -114.3219 17m53s/Msamples
        5315000   -103248.4499        34.3      -103129.4642      -118.9856 17m53s/Msamples
        5316000   -103244.8048        34.3      -103129.6035      -115.2013 17m53s/Msamples
        5317000   -103248.7342        34.3      -103125.5973      -123.1369 17m53s/Msamples
        5318000   -103247.5849        34.3      -103124.7942      -122.7907 17m53s/Msamples
        5319000   -103247.8589        34.3      -103132.6451      -115.2137 17m53s/Msamples
        5320000   -103260.8467        34.3      -103141.3390      -119.5077 17m53s/Msamples
        5321000   -103252.2486        34.3      -103138.4900      -113.7586 17m53s/Msamples
        5322000   -103255.0907        34.3      -103139.6868      -115.4039 17m53s/Msamples
        5323000   -103257.6066        34.3      -103134.4707      -123.1359 17m53s/Msamples
        5324000   -103261.1578        34.3      -103134.5239      -126.6338 17m53s/Msamples
        5325000   -103265.2110        34.3      -103140.0114      -125.1995 17m53s/Msamples
        5326000   -103274.8521        34.3      -103138.8149      -136.0372 17m53s/Msamples
        5327000   -103272.3272        34.4      -103140.2790      -132.0482 17m53s/Msamples
        5328000   -103275.3141        34.4      -103140.6311      -134.6829 17m53s/Msamples
        5329000   -103279.7948        34.4      -103146.5546      -133.2401 17m53s/Msamples
        5330000   -103277.6679        34.4      -103142.2151      -135.4527 17m53s/Msamples
        5331000   -103279.4398        34.4      -103140.4702      -138.9696 17m53s/Msamples
        5332000   -103274.9070        34.4      -103140.7389      -134.1681 17m53s/Msamples
        5333000   -103262.6277        34.4      -103138.4270      -124.2007 17m53s/Msamples
        5334000   -103261.4552        34.4      -103134.3392      -127.1159 17m53s/Msamples
        5335000   -103254.3316        34.4      -103133.4161      -120.9154 17m53s/Msamples
        5336000   -103263.2060        34.4      -103138.6596      -124.5463 17m53s/Msamples
        5337000   -103255.6952        34.4      -103140.5126      -115.1826 17m53s/Msamples
        5338000   -103246.6920        34.4      -103125.9925      -120.6994 17m53s/Msamples
        5339000   -103236.5076        34.4      -103121.6881      -114.8195 17m53s/Msamples
        5340000   -103238.5252        34.4      -103125.9589      -112.5662 17m53s/Msamples
        5341000   -103222.4428        34.4      -103117.5975      -104.8452 17m53s/Msamples
        5342000   -103224.0393        34.4      -103121.7130      -102.3263 17m53s/Msamples
        5343000   -103231.5395        34.4      -103127.5048      -104.0346 17m53s/Msamples
        5344000   -103237.0794        34.4      -103127.8739      -109.2054 17m53s/Msamples
        5345000   -103238.7888        34.4      -103125.1951      -113.5936 17m53s/Msamples
        5346000   -103245.2147        34.4      -103126.8239      -118.3908 17m53s/Msamples
        5347000   -103249.5931        34.4      -103132.3036      -117.2895 17m53s/Msamples
        5348000   -103238.5590        34.4      -103122.1718      -116.3872 17m53s/Msamples
        5349000   -103250.2038        34.4      -103132.7625      -117.4413 17m53s/Msamples
        5350000   -103253.3974        34.4      -103135.1738      -118.2236 17m53s/Msamples
        5351000   -103257.1688        34.4      -103133.5916      -123.5772 17m53s/Msamples
        5352000   -103253.4515        34.4      -103132.6953      -120.7562 17m53s/Msamples
        5353000   -103244.7962        34.4      -103129.2541      -115.5420 17m53s/Msamples
        5354000   -103253.5268        34.4      -103132.4744      -121.0523 17m53s/Msamples
        5355000   -103258.6129        34.4      -103135.0702      -123.5427 17m53s/Msamples
        5356000   -103263.6949        34.4      -103137.7542      -125.9407 17m53s/Msamples
        5357000   -103252.9645        34.4      -103130.8040      -122.1605 17m53s/Msamples
        5358000   -103244.7383        34.4      -103126.5906      -118.1477 17m53s/Msamples
        5359000   -103247.4486        34.4      -103127.6138      -119.8348 17m53s/Msamples
        5360000   -103247.7844        34.3      -103125.3594      -122.4249 17m53s/Msamples
        5361000   -103244.2707        34.3      -103123.0843      -121.1864 17m53s/Msamples
        5362000   -103233.7531        34.3      -103126.5843      -107.1687 17m53s/Msamples
        5363000   -103245.8401        34.3      -103127.1306      -118.7094 17m53s/Msamples
        5364000   -103237.5906        34.3      -103127.1599      -110.4306 17m53s/Msamples
        5365000   -103241.0252        34.3      -103127.7739      -113.2512 17m53s/Msamples
        5366000   -103240.4160        34.3      -103131.4471      -108.9688 17m53s/Msamples
        5367000   -103228.1002        34.3      -103122.3377      -105.7624 17m53s/Msamples
        5368000   -103233.8694        34.3      -103123.4739      -110.3955 17m53s/Msamples
        5369000   -103230.3423        34.3      -103126.3289      -104.0134 17m53s/Msamples
        5370000   -103239.1004        34.3      -103128.5161      -110.5842 17m53s/Msamples
        5371000   -103246.0727        34.3      -103126.2583      -119.8143 17m53s/Msamples
        5372000   -103250.3827        34.3      -103129.6113      -120.7714 17m53s/Msamples
        5373000   -103250.8933        34.3      -103133.7461      -117.1472 17m53s/Msamples
        5374000   -103266.1504        34.3      -103140.2617      -125.8886 17m53s/Msamples
        5375000   -103272.9474        34.3      -103140.4693      -132.4781 17m53s/Msamples
        5376000   -103274.0160        34.3      -103136.9902      -137.0258 17m53s/Msamples
        5377000   -103284.8553        34.3      -103138.4253      -146.4300 17m53s/Msamples
        5378000   -103292.0850        34.3      -103133.9780      -158.1070 17m53s/Msamples
        5379000   -103290.6865        34.3      -103133.9558      -156.7306 17m53s/Msamples
        5380000   -103291.0250        34.3      -103140.3795      -150.6454 17m53s/Msamples
        5381000   -103283.2811        34.3      -103135.4555      -147.8255 17m53s/Msamples
        5382000   -103275.9746        34.3      -103141.0114      -134.9631 17m53s/Msamples
        5383000   -103266.1277        34.3      -103134.3390      -131.7887 17m53s/Msamples
        5384000   -103282.0989        34.3      -103133.7674      -148.3315 17m53s/Msamples
        5385000   -103292.4404        34.3      -103141.4813      -150.9590 17m53s/Msamples
        5386000   -103292.7782        34.3      -103133.2708      -159.5073 17m53s/Msamples
        5387000   -103266.0608        34.3      -103129.3971      -136.6637 17m53s/Msamples
        5388000   -103268.2924        34.3      -103129.3845      -138.9078 17m53s/Msamples
        5389000   -103252.2411        34.3      -103127.5775      -124.6635 17m53s/Msamples
        5390000   -103247.6261        34.2      -103123.3609      -124.2651 17m53s/Msamples
        5391000   -103255.3938        34.2      -103131.7094      -123.6844 17m53s/Msamples
        5392000   -103252.2120        34.2      -103132.1872      -120.0248 17m53s/Msamples
        5393000   -103243.4430        34.2      -103133.4303      -110.0126 17m53s/Msamples
        5394000   -103237.0489        34.2      -103128.6668      -108.3820 17m53s/Msamples
        5395000   -103242.2790        34.2      -103136.6640      -105.6149 17m53s/Msamples
        5396000   -103233.8551        34.2      -103130.7113      -103.1437 17m53s/Msamples
        5397000   -103233.2622        34.2      -103121.9690      -111.2931 17m53s/Msamples
        5398000   -103248.3192        34.2      -103131.1240      -117.1951 17m53s/Msamples
        5399000   -103246.7501        34.2      -103124.1801      -122.5699 17m53s/Msamples
        5400000   -103253.6718        34.1      -103127.2277      -126.4440 17m53s/Msamples
        5401000   -103251.5396        34.1      -103128.2389      -123.3006 17m53s/Msamples
        5402000   -103242.4404        34.1      -103125.1525      -117.2878 17m53s/Msamples
        5403000   -103257.1707        34.1      -103134.3262      -122.8445 17m53s/Msamples
        5404000   -103247.6472        34.1      -103131.2549      -116.3922 17m53s/Msamples
        5405000   -103236.1464        34.1      -103129.8007      -106.3456 17m53s/Msamples
        5406000   -103232.7128        34.1      -103126.7431      -105.9697 17m53s/Msamples
        5407000   -103242.1289        34.1      -103132.7561      -109.3727 17m53s/Msamples
        5408000   -103247.9862        34.1      -103136.0883      -111.8979 17m53s/Msamples
        5409000   -103242.1770        34.1      -103129.6741      -112.5029 17m53s/Msamples
        5410000   -103246.1111        34.0      -103130.0719      -116.0391 17m53s/Msamples
        5411000   -103252.4330        34.0      -103131.9008      -120.5322 17m53s/Msamples
        5412000   -103248.7461        34.0      -103132.8112      -115.9349 17m53s/Msamples
        5413000   -103246.3567        34.0      -103133.0284      -113.3283 17m53s/Msamples
        5414000   -103250.3070        34.0      -103132.0062      -118.3008 17m53s/Msamples
        5415000   -103251.5306        34.0      -103130.7593      -120.7712 17m53s/Msamples
        5416000   -103240.1972        34.0      -103117.9387      -122.2585 17m53s/Msamples
        5417000   -103241.9441        33.9      -103126.1352      -115.8089 17m53s/Msamples
        5418000   -103242.0503        33.9      -103120.8162      -121.2341 17m54s/Msamples
        5419000   -103231.5943        33.9      -103113.3980      -118.1962 17m53s/Msamples
        5420000   -103233.2195        33.9      -103113.5441      -119.6754 17m54s/Msamples
        5421000   -103229.1000        33.9      -103115.2185      -113.8815 17m54s/Msamples
        5422000   -103224.1020        34.0      -103114.8855      -109.2165 17m53s/Msamples
        5423000   -103237.5382        33.9      -103118.4136      -119.1245 17m53s/Msamples
        5424000   -103231.5892        34.0      -103121.5259      -110.0633 17m53s/Msamples
        5425000   -103221.9665        34.0      -103114.0063      -107.9601 17m53s/Msamples
        5426000   -103223.9832        34.0      -103111.6870      -112.2961 17m53s/Msamples
        5427000   -103220.2076        34.0      -103112.1303      -108.0772 17m53s/Msamples
        5428000   -103229.4549        34.0      -103117.4280      -112.0269 17m53s/Msamples
        5429000   -103238.0969        34.0      -103123.4160      -114.6808 17m53s/Msamples
        5430000   -103240.4678        34.0      -103124.7406      -115.7271 17m53s/Msamples
        5431000   -103234.0414        34.0      -103119.2253      -114.8161 17m53s/Msamples
        5432000   -103237.4287        34.0      -103124.2026      -113.2260 17m53s/Msamples
        5433000   -103247.5829        34.0      -103127.0640      -120.5188 17m53s/Msamples
        5434000   -103233.8002        34.0      -103121.2434      -112.5568 17m53s/Msamples
        5435000   -103238.3904        34.0      -103123.2442      -115.1461 17m53s/Msamples
        5436000   -103240.9590        33.9      -103128.7430      -112.2160 17m53s/Msamples
        5437000   -103236.8537        33.9      -103126.7005      -110.1532 17m53s/Msamples
        5438000   -103240.0539        33.9      -103127.3361      -112.7178 17m53s/Msamples
        5439000   -103231.4525        33.9      -103121.0034      -110.4491 17m53s/Msamples
        5440000   -103237.0320        33.9      -103119.8294      -117.2026 17m53s/Msamples
        5441000   -103236.7134        33.9      -103124.5909      -112.1224 17m53s/Msamples
        5442000   -103230.1794        33.9      -103120.4138      -109.7655 17m53s/Msamples
        5443000   -103241.8870        33.9      -103134.5692      -107.3177 17m53s/Msamples
        5444000   -103237.6560        33.9      -103124.2347      -113.4212 17m53s/Msamples
        5445000   -103248.7794        33.9      -103132.3816      -116.3978 17m53s/Msamples
        5446000   -103244.2356        33.9      -103126.6170      -117.6185 17m53s/Msamples
        5447000   -103241.1877        33.9      -103122.3294      -118.8582 17m53s/Msamples
        5448000   -103243.4996        33.9      -103125.0818      -118.4178 17m53s/Msamples
        5449000   -103242.0587        33.8      -103122.2609      -119.7978 17m53s/Msamples
        5450000   -103239.2331        33.8      -103122.5018      -116.7312 17m53s/Msamples
        5451000   -103244.8503        33.8      -103131.2834      -113.5669 17m53s/Msamples
        5452000   -103224.5098        33.8      -103120.9059      -103.6038 17m53s/Msamples
        5453000   -103225.8473        33.8      -103117.4721      -108.3752 17m53s/Msamples
        5454000   -103229.3124        33.9      -103120.7143      -108.5980 17m53s/Msamples
        5455000   -103232.0311        33.9      -103121.0068      -111.0243 17m53s/Msamples
        5456000   -103222.6134        33.9      -103113.3150      -109.2984 17m53s/Msamples
        5457000   -103215.9872        33.9      -103111.2455      -104.7416 17m53s/Msamples
        5458000   -103217.1228        33.9      -103104.4992      -112.6235 17m53s/Msamples
        5459000   -103207.0659        34.0      -103106.8951      -100.1707 17m53s/Msamples
        5460000   -103213.5795        34.0      -103106.6470      -106.9324 17m53s/Msamples
        5461000   -103227.6276        34.0      -103112.3377      -115.2899 17m53s/Msamples
        5462000   -103230.9440        34.0      -103116.3436      -114.6003 17m53s/Msamples
        5463000   -103230.1307        34.0      -103119.3209      -110.8098 17m53s/Msamples
        5464000   -103246.4910        34.0      -103123.0646      -123.4263 17m53s/Msamples
        5465000   -103251.7159        34.0      -103118.2594      -133.4564 17m53s/Msamples
        5466000   -103258.5621        34.0      -103124.4977      -134.0644 17m53s/Msamples
        5467000   -103251.4038        34.0      -103119.4327      -131.9711 17m53s/Msamples
        5468000   -103249.8500        33.9      -103125.6584      -124.1916 17m53s/Msamples
        5469000   -103257.6543        33.9      -103129.3793      -128.2750 17m53s/Msamples
        5470000   -103252.6263        33.9      -103128.0345      -124.5917 17m53s/Msamples
        5471000   -103265.2970        33.9      -103127.4619      -137.8351 17m53s/Msamples
        5472000   -103258.2709        33.8      -103130.2824      -127.9884 17m53s/Msamples
        5473000   -103257.3566        33.8      -103127.3459      -130.0107 17m53s/Msamples
        5474000   -103262.7370        33.8      -103128.0394      -134.6976 17m53s/Msamples
        5475000   -103257.0371        33.8      -103124.0306      -133.0064 17m53s/Msamples
        5476000   -103258.0799        33.8      -103120.5133      -137.5665 17m53s/Msamples
        5477000   -103260.3921        33.7      -103121.4541      -138.9380 17m53s/Msamples
        5478000   -103253.5515        33.7      -103123.7019      -129.8495 17m53s/Msamples
        5479000   -103264.9747        33.7      -103129.0718      -135.9028 17m53s/Msamples
        5480000   -103264.4962        33.7      -103127.9237      -136.5725 17m53s/Msamples
        5481000   -103262.9527        33.7      -103129.4188      -133.5338 17m53s/Msamples
        5482000   -103258.4620        33.6      -103122.2359      -136.2260 17m53s/Msamples
        5483000   -103260.0751        33.6      -103121.7013      -138.3737 17m53s/Msamples
        5484000   -103261.4890        33.6      -103128.2608      -133.2282 17m53s/Msamples
        5485000   -103260.9033        33.6      -103127.7751      -133.1282 17m53s/Msamples
        5486000   -103252.6393        33.5      -103130.6223      -122.0170 17m53s/Msamples
        5487000   -103243.0062        33.5      -103130.7392      -112.2670 17m54s/Msamples
        5488000   -103245.3778        33.5      -103129.4421      -115.9357 17m53s/Msamples
        5489000   -103246.6844        33.5      -103127.6249      -119.0595 17m53s/Msamples
        5490000   -103253.0422        33.5      -103129.9795      -123.0627 17m53s/Msamples
        5491000   -103251.6351        33.4      -103127.6395      -123.9955 17m54s/Msamples
        5492000   -103267.5457        33.4      -103134.4442      -133.1014 17m54s/Msamples
        5493000   -103256.6500        33.4      -103131.1687      -125.4812 17m54s/Msamples
        5494000   -103263.7096        33.4      -103131.5003      -132.2092 17m54s/Msamples
        5495000   -103267.8204        33.4      -103133.9688      -133.8515 17m54s/Msamples
        5496000   -103278.9200        33.3      -103137.9306      -140.9893 17m54s/Msamples
        5497000   -103275.9805        33.3      -103125.8312      -150.1493 17m54s/Msamples
        5498000   -103264.2982        33.3      -103123.9337      -140.3644 17m54s/Msamples
        5499000   -103260.1940        33.2      -103128.1527      -132.0412 17m54s/Msamples
        5500000   -103254.2391        33.2      -103125.3406      -128.8984 17m54s/Msamples
        5501000   -103254.9555        33.2      -103121.9546      -133.0008 17m54s/Msamples
        5502000   -103253.1115        33.2      -103134.7661      -118.3454 17m54s/Msamples
        5503000   -103237.3346        33.2      -103123.5017      -113.8328 17m54s/Msamples
        5504000   -103228.1394        33.2      -103120.4206      -107.7188 17m54s/Msamples
        5505000   -103221.1393        33.2      -103114.9952      -106.1440 17m54s/Msamples
        5506000   -103223.0060        33.2      -103112.6429      -110.3631 17m54s/Msamples
        5507000   -103234.6244        33.2      -103112.3994      -122.2250 17m54s/Msamples
        5508000   -103231.1787        33.2      -103109.0848      -122.0939 17m54s/Msamples
        5509000   -103231.7361        33.2      -103113.3659      -118.3701 17m54s/Msamples
        5510000   -103241.7253        33.2      -103124.0509      -117.6743 17m54s/Msamples
        5511000   -103252.3784        33.2      -103134.6285      -117.7499 17m54s/Msamples
        5512000   -103248.6031        33.2      -103131.5713      -117.0317 17m54s/Msamples
        5513000   -103240.7804        33.2      -103126.5223      -114.2581 17m54s/Msamples
        5514000   -103228.4491        33.2      -103125.0266      -103.4224 17m54s/Msamples
        5515000   -103228.9427        33.2      -103119.3864      -109.5563 17m54s/Msamples
        5516000   -103225.3861        33.2      -103122.0666      -103.3194 17m54s/Msamples
        5517000   -103218.2052        33.2      -103116.5960      -101.6092 17m54s/Msamples
        5518000   -103221.8298        33.3      -103115.8130      -106.0168 17m54s/Msamples
        5519000   -103233.2396        33.2      -103122.8486      -110.3910 17m54s/Msamples
        5520000   -103231.2345        33.2      -103120.8448      -110.3897 17m54s/Msamples
        5521000   -103225.2613        33.3      -103116.7544      -108.5068 17m54s/Msamples
        5522000   -103239.0636        33.3      -103122.0955      -116.9681 17m54s/Msamples
        5523000   -103238.2967        33.3      -103124.8644      -113.4323 17m54s/Msamples
        5524000   -103234.0537        33.3      -103122.9841      -111.0696 17m54s/Msamples
        5525000   -103230.1027        33.3      -103122.1056      -107.9971 17m54s/Msamples
        5526000   -103234.7145        33.3      -103120.2090      -114.5055 17m54s/Msamples
        5527000   -103244.9585        33.2      -103129.4221      -115.5363 17m54s/Msamples
        5528000   -103242.9470        33.2      -103125.6463      -117.3007 17m54s/Msamples
        5529000   -103260.7412        33.2      -103139.6369      -121.1043 17m54s/Msamples
        5530000   -103253.2553        33.2      -103135.2952      -117.9600 17m54s/Msamples
        5531000   -103255.8389        33.2      -103131.2334      -124.6054 17m54s/Msamples
        5532000   -103260.4098        33.2      -103136.4675      -123.9423 17m54s/Msamples
        5533000   -103266.9682        33.1      -103136.6946      -130.2735 17m54s/Msamples
        5534000   -103259.8684        33.1      -103137.0456      -122.8228 17m54s/Msamples
        5535000   -103257.6105        33.1      -103137.6992      -119.9112 17m54s/Msamples
        5536000   -103251.8674        33.1      -103131.6482      -120.2191 17m54s/Msamples
        5537000   -103260.4926        33.1      -103137.6209      -122.8717 17m54s/Msamples
        5538000   -103254.6557        33.0      -103135.3564      -119.2993 17m54s/Msamples
        5539000   -103250.8803        33.0      -103130.9087      -119.9716 17m54s/Msamples
        5540000   -103254.7518        33.0      -103128.6397      -126.1121 17m54s/Msamples
        5541000   -103265.6344        33.0      -103135.4514      -130.1829 17m54s/Msamples
        5542000   -103261.2365        33.0      -103128.6551      -132.5814 17m54s/Msamples
        5543000   -103258.3617        32.9      -103129.0302      -129.3315 17m54s/Msamples
        5544000   -103266.7881        32.9      -103129.5070      -137.2810 17m54s/Msamples
        5545000   -103241.9535        32.9      -103119.6275      -122.3260 17m54s/Msamples
        5546000   -103238.5352        32.9      -103124.4926      -114.0425 17m54s/Msamples
        5547000   -103210.0186        33.0      -103111.2691       -98.7494 17m54s/Msamples
        5548000   -103215.8813        33.0      -103109.9579      -105.9233 17m54s/Msamples
        5549000   -103221.3688        33.0      -103115.5451      -105.8236 17m54s/Msamples
        5550000   -103223.1466        33.0      -103116.4662      -106.6803 17m54s/Msamples
        5551000   -103208.9494        33.1      -103106.9245      -102.0248 17m54s/Msamples
        5552000   -103213.9096        33.1      -103113.4569      -100.4526 17m54s/Msamples
        5553000   -103199.8309        33.2      -103107.2457       -92.5852 17m54s/Msamples
        5554000   -103217.7384        33.2      -103113.7659      -103.9725 17m54s/Msamples
        5555000   -103237.2826        33.2      -103123.1520      -114.1305 17m54s/Msamples
        5556000   -103237.3276        33.2      -103126.8143      -110.5133 17m54s/Msamples
        5557000   -103241.7791        33.2      -103130.8920      -110.8870 17m54s/Msamples
        5558000   -103226.4498        33.2      -103126.0306      -100.4192 17m54s/Msamples
        5559000   -103231.8448        33.2      -103125.4788      -106.3659 17m54s/Msamples
        5560000   -103234.2774        33.2      -103125.9490      -108.3284 17m54s/Msamples
        5561000   -103231.8132        33.2      -103125.6087      -106.2045 17m54s/Msamples
        5562000   -103234.3399        33.2      -103129.2258      -105.1141 17m54s/Msamples
        5563000   -103240.1359        33.2      -103131.5469      -108.5889 17m54s/Msamples
        5564000   -103244.8731        33.2      -103137.8203      -107.0528 17m54s/Msamples
        5565000   -103227.1104        33.2      -103123.2219      -103.8884 17m54s/Msamples
        5566000   -103226.3312        33.2      -103118.9580      -107.3731 17m54s/Msamples
        5567000   -103239.3314        33.2      -103120.7521      -118.5793 17m54s/Msamples
        5568000   -103234.8599        33.2      -103126.9463      -107.9135 17m54s/Msamples
        5569000   -103231.4767        33.2      -103121.2561      -110.2205 17m54s/Msamples
        5570000   -103238.3619        33.2      -103130.3302      -108.0317 17m54s/Msamples
        5571000   -103231.2435        33.2      -103123.1913      -108.0521 17m54s/Msamples
        5572000   -103224.9700        33.2      -103124.6451      -100.3248 17m54s/Msamples
        5573000   -103227.2977        33.2      -103124.3466      -102.9510 17m54s/Msamples
        5574000   -103222.2624        33.2      -103115.2893      -106.9730 17m54s/Msamples
        5575000   -103222.7889        33.2      -103117.4368      -105.3520 17m54s/Msamples
        5576000   -103221.5902        33.3      -103122.4310       -99.1592 17m54s/Msamples
        5577000   -103222.2056        33.3      -103119.7111      -102.4944 17m54s/Msamples
        5578000   -103223.6636        33.3      -103115.8900      -107.7736 17m54s/Msamples
        5579000   -103228.4714        33.3      -103121.0330      -107.4383 17m54s/Msamples
        5580000   -103235.3871        33.3      -103121.7046      -113.6824 17m54s/Msamples
        5581000   -103243.9092        33.3      -103124.0977      -119.8115 17m54s/Msamples
        5582000   -103253.1607        33.3      -103126.8730      -126.2876 17m54s/Msamples
        5583000   -103251.4459        33.2      -103133.5385      -117.9073 17m54s/Msamples
        5584000   -103245.9912        33.2      -103124.3047      -121.6865 17m54s/Msamples
        5585000   -103239.8285        33.2      -103121.7195      -118.1090 17m54s/Msamples
        5586000   -103240.8617        33.2      -103115.0242      -125.8374 17m54s/Msamples
        5587000   -103235.0463        33.2      -103115.7884      -119.2579 17m54s/Msamples
        5588000   -103233.1961        33.2      -103120.6439      -112.5522 17m54s/Msamples
        5589000   -103218.3396        33.2      -103118.0284      -100.3111 17m54s/Msamples
        5590000   -103231.6753        33.2      -103119.0862      -112.5890 17m54s/Msamples
        5591000   -103230.4465        33.3      -103118.8595      -111.5870 17m54s/Msamples
        5592000   -103219.0154        33.3      -103116.1460      -102.8694 17m54s/Msamples
        5593000   -103224.3192        33.3      -103113.4938      -110.8253 17m54s/Msamples
        5594000   -103219.5674        33.3      -103115.8669      -103.7004 17m54s/Msamples
        5595000   -103221.5848        33.3      -103111.2062      -110.3785 17m54s/Msamples
        5596000   -103217.3346        33.4      -103108.6277      -108.7068 17m54s/Msamples
        5597000   -103231.8824        33.4      -103128.1236      -103.7588 17m54s/Msamples
        5598000   -103228.1888        33.4      -103122.9068      -105.2819 17m54s/Msamples
        5599000   -103234.0328        33.4      -103124.4744      -109.5583 17m54s/Msamples
        5600000   -103234.5424        33.4      -103123.3957      -111.1466 17m54s/Msamples
        5601000   -103224.7882        33.4      -103117.5892      -107.1989 17m54s/Msamples
        5602000   -103237.4754        33.4      -103128.8568      -108.6186 17m54s/Msamples
        5603000   -103221.1695        33.4      -103125.7910       -95.3784 17m54s/Msamples
        5604000   -103225.1989        33.4      -103123.8684      -101.3305 17m54s/Msamples
        5605000   -103231.5962        33.4      -103127.0708      -104.5254 17m54s/Msamples
        5606000   -103222.7334        33.4      -103114.4374      -108.2959 17m54s/Msamples
        5607000   -103226.1496        33.4      -103115.8665      -110.2831 17m54s/Msamples
        5608000   -103234.0000        33.4      -103118.9480      -115.0519 17m54s/Msamples
        5609000   -103236.8250        33.4      -103121.9729      -114.8521 17m54s/Msamples
        5610000   -103233.2958        33.4      -103120.7860      -112.5098 17m54s/Msamples
        5611000   -103245.9957        33.4      -103118.7516      -127.2440 17m54s/Msamples
        5612000   -103238.1096        33.4      -103113.7195      -124.3900 17m54s/Msamples
        5613000   -103244.6856        33.4      -103117.5360      -127.1495 17m54s/Msamples
        5614000   -103244.5722        33.4      -103118.5149      -126.0572 17m54s/Msamples
        5615000   -103249.1711        33.4      -103119.2559      -129.9152 17m54s/Msamples
        5616000   -103239.4124        33.4      -103119.8025      -119.6098 17m54s/Msamples
        5617000   -103229.1108        33.4      -103115.7216      -113.3892 17m54s/Msamples
        5618000   -103243.1218        33.4      -103130.2840      -112.8377 17m54s/Msamples
        5619000   -103243.2948        33.4      -103128.2568      -115.0379 17m54s/Msamples
        5620000   -103249.2132        33.3      -103133.9685      -115.2447 17m54s/Msamples
        5621000   -103251.7304        33.3      -103126.6555      -125.0748 17m54s/Msamples
        5622000   -103256.3270        33.3      -103126.5036      -129.8233 17m54s/Msamples
        5623000   -103254.7222        33.3      -103124.6121      -130.1101 17m54s/Msamples
        5624000   -103235.7664        33.3      -103116.7512      -119.0152 17m54s/Msamples
        5625000   -103236.4665        33.3      -103118.7481      -117.7184 17m54s/Msamples
        5626000   -103226.4500        33.3      -103114.2680      -112.1820 17m54s/Msamples
        5627000   -103217.5372        33.3      -103111.7405      -105.7967 17m54s/Msamples
        5628000   -103220.5523        33.4      -103114.4147      -106.1376 17m54s/Msamples
        5629000   -103226.7072        33.3      -103120.7744      -105.9328 17m54s/Msamples
        5630000   -103228.4293        33.4      -103121.3546      -107.0747 17m54s/Msamples
        5631000   -103234.2717        33.4      -103126.3367      -107.9350 17m54s/Msamples
        5632000   -103236.1845        33.4      -103125.0230      -111.1615 17m54s/Msamples
        5633000   -103240.0108        33.4      -103127.7520      -112.2588 17m54s/Msamples
        5634000   -103235.3223        33.4      -103126.0263      -109.2959 17m54s/Msamples
        5635000   -103244.5479        33.3      -103127.9722      -116.5756 17m54s/Msamples
        5636000   -103242.2684        33.3      -103125.2968      -116.9715 17m54s/Msamples
        5637000   -103238.8881        33.3      -103127.1626      -111.7255 17m54s/Msamples
        5638000   -103247.4568        33.3      -103128.9241      -118.5327 17m54s/Msamples
        5639000   -103235.7059        33.3      -103122.6893      -113.0166 17m54s/Msamples
        5640000   -103240.1772        33.3      -103127.0531      -113.1241 17m54s/Msamples
        5641000   -103255.2502        33.3      -103138.1257      -117.1245 17m54s/Msamples
        5642000   -103254.0645        33.3      -103131.0316      -123.0329 17m54s/Msamples
        5643000   -103255.2804        33.3      -103131.4069      -123.8734 17m54s/Msamples
        5644000   -103250.3242        33.3      -103134.7441      -115.5801 17m54s/Msamples
        5645000   -103243.0043        33.2      -103130.6274      -112.3768 17m54s/Msamples
        5646000   -103237.6754        33.2      -103123.9853      -113.6900 17m54s/Msamples
        5647000   -103245.9294        33.2      -103125.4420      -120.4873 17m54s/Msamples
        5648000   -103254.7941        33.2      -103133.0303      -121.7638 17m54s/Msamples
        5649000   -103252.7232        33.2      -103133.4639      -119.2592 17m54s/Msamples
        5650000   -103242.6199        33.2      -103129.8533      -112.7665 17m54s/Msamples
        5651000   -103247.7524        33.2      -103133.9391      -113.8133 17m54s/Msamples
        5652000   -103245.8925        33.2      -103126.9343      -118.9581 17m54s/Msamples
        5653000   -103244.1971        33.2      -103131.5999      -112.5971 17m54s/Msamples
        5654000   -103236.3697        33.2      -103125.3448      -111.0248 17m54s/Msamples
        5655000   -103223.3005        33.2      -103117.7649      -105.5355 17m54s/Msamples
        5656000   -103237.1800        33.2      -103123.1083      -114.0717 17m54s/Msamples
        5657000   -103235.0519        33.2      -103123.8474      -111.2044 17m54s/Msamples
        5658000   -103231.4758        33.2      -103120.4863      -110.9894 17m54s/Msamples
        5659000   -103237.0323        33.2      -103123.8523      -113.1800 17m54s/Msamples
        5660000   -103246.3274        33.2      -103128.8197      -117.5076 17m54s/Msamples
        5661000   -103232.0212        33.2      -103120.2938      -111.7273 17m54s/Msamples
        5662000   -103239.2100        33.2      -103126.5297      -112.6803 17m54s/Msamples
        5663000   -103226.9259        33.2      -103119.1885      -107.7374 17m54s/Msamples
        5664000   -103228.5526        33.2      -103117.2086      -111.3439 17m54s/Msamples
        5665000   -103213.3078        33.2      -103110.6309      -102.6768 17m54s/Msamples
        5666000   -103208.6816        33.2      -103110.2232       -98.4583 17m54s/Msamples
        5667000   -103221.2110        33.3      -103111.9378      -109.2731 17m54s/Msamples
        5668000   -103238.8238        33.3      -103117.9213      -120.9024 17m54s/Msamples
        5669000   -103235.5748        33.2      -103115.6358      -119.9390 17m54s/Msamples
        5670000   -103227.6129        33.3      -103112.7464      -114.8664 17m54s/Msamples
        5671000   -103226.2995        33.3      -103118.4988      -107.8007 17m54s/Msamples
        5672000   -103230.4228        33.3      -103108.9990      -121.4238 17m54s/Msamples
        5673000   -103231.4486        33.3      -103113.6193      -117.8292 17m54s/Msamples
        5674000   -103245.1042        33.3      -103117.6455      -127.4586 17m54s/Msamples
        5675000   -103253.2403        33.3      -103128.3918      -124.8485 17m54s/Msamples
        5676000   -103258.7070        33.2      -103134.2150      -124.4920 17m54s/Msamples
        5677000   -103257.4015        33.2      -103130.9324      -126.4691 17m54s/Msamples
        5678000   -103265.6178        33.2      -103136.1337      -129.4841 17m54s/Msamples
        5679000   -103263.2637        33.2      -103134.0438      -129.2199 17m54s/Msamples
        5680000   -103256.7610        33.2      -103130.7874      -125.9736 17m54s/Msamples
        5681000   -103251.4407        33.2      -103129.8161      -121.6246 17m54s/Msamples
        5682000   -103250.4502        33.2      -103127.2508      -123.1994 17m54s/Msamples
        5683000   -103265.3469        33.2      -103138.0694      -127.2775 17m54s/Msamples
        5684000   -103253.8691        33.1      -103133.0807      -120.7883 17m54s/Msamples
        5685000   -103252.2954        33.1      -103128.3954      -123.9000 17m54s/Msamples
        5686000   -103246.6616        33.1      -103126.6910      -119.9706 17m54s/Msamples
        5687000   -103242.3420        33.1      -103124.1418      -118.2001 17m54s/Msamples
        5688000   -103245.1306        33.1      -103127.2156      -117.9149 17m54s/Msamples
        5689000   -103243.6548        33.1      -103127.4682      -116.1865 17m54s/Msamples
        5690000   -103254.2698        33.1      -103130.3119      -123.9578 17m54s/Msamples
        5691000   -103251.8694        33.1      -103128.5409      -123.3284 17m54s/Msamples
        5692000   -103250.9759        33.1      -103120.1265      -130.8494 17m54s/Msamples
        5693000   -103256.5431        33.1      -103127.7077      -128.8354 17m54s/Msamples
        5694000   -103252.1806        33.1      -103124.3407      -127.8399 17m54s/Msamples
        5695000   -103253.1772        33.0      -103126.4502      -126.7270 17m54s/Msamples
        5696000   -103245.9223        33.0      -103123.5011      -122.4211 17m54s/Msamples
        5697000   -103234.4218        33.0      -103118.6182      -115.8035 17m54s/Msamples
        5698000   -103244.1051        33.0      -103119.9193      -124.1857 17m54s/Msamples
        5699000   -103244.4635        33.0      -103117.8877      -126.5758 17m54s/Msamples
        5700000   -103240.5382        33.0      -103111.7072      -128.8309 17m54s/Msamples
        5701000   -103252.4220        33.0      -103114.2739      -138.1480 17m54s/Msamples
        5702000   -103252.5818        33.0      -103113.0858      -139.4959 17m54s/Msamples
        5703000   -103249.3095        33.0      -103118.2192      -131.0902 17m54s/Msamples
        5704000   -103248.5864        33.0      -103114.5811      -134.0053 17m54s/Msamples
        5705000   -103235.6167        33.0      -103107.7676      -127.8491 17m54s/Msamples
        5706000   -103231.0787        33.0      -103107.4419      -123.6367 17m54s/Msamples
        5707000   -103229.7207        33.0      -103109.9479      -119.7728 17m54s/Msamples
        5708000   -103241.0626        33.0      -103115.6675      -125.3950 17m54s/Msamples
        5709000   -103245.3076        33.0      -103115.3306      -129.9770 17m54s/Msamples
        5710000   -103253.0560        33.0      -103120.1511      -132.9049 17m54s/Msamples
        5711000   -103264.8554        33.0      -103124.4404      -140.4149 17m54s/Msamples
        5712000   -103250.5145        32.9      -103116.6392      -133.8752 17m54s/Msamples
        5713000   -103249.8503        32.9      -103117.1363      -132.7139 17m54s/Msamples
        5714000   -103234.4214        32.9      -103112.5828      -121.8385 17m54s/Msamples
        5715000   -103227.4875        32.9      -103113.0042      -114.4833 17m54s/Msamples
        5716000   -103229.8645        33.0      -103116.3277      -113.5367 17m54s/Msamples
        5717000   -103231.0354        33.0      -103122.9581      -108.0772 17m54s/Msamples
        5718000   -103247.1951        33.0      -103123.4220      -123.7731 17m54s/Msamples
        5719000   -103241.4170        32.9      -103122.1092      -119.3077 17m54s/Msamples
        5720000   -103240.3298        32.9      -103125.3375      -114.9923 17m54s/Msamples
        5721000   -103238.2500        32.9      -103120.6130      -117.6370 17m54s/Msamples
        5722000   -103246.3884        32.9      -103120.1073      -126.2810 17m54s/Msamples
        5723000   -103243.1267        32.9      -103123.2499      -119.8768 17m54s/Msamples
        5724000   -103244.5993        32.9      -103124.4193      -120.1799 17m54s/Msamples
        5725000   -103255.2133        32.9      -103131.5098      -123.7035 17m54s/Msamples
        5726000   -103255.8552        32.9      -103126.8440      -129.0111 17m54s/Msamples
        5727000   -103247.1508        32.9      -103130.0822      -117.0685 17m54s/Msamples
        5728000   -103250.9727        32.9      -103132.8116      -118.1611 17m54s/Msamples
        5729000   -103252.8972        32.9      -103131.7001      -121.1970 17m54s/Msamples
        5730000   -103249.5033        32.9      -103127.9177      -121.5855 17m54s/Msamples
        5731000   -103259.0905        32.8      -103132.6137      -126.4767 17m54s/Msamples
        5732000   -103262.5818        32.8      -103132.9314      -129.6504 17m54s/Msamples
        5733000   -103260.8719        32.8      -103139.8078      -121.0641 17m54s/Msamples
        5734000   -103265.0872        32.8      -103138.6657      -126.4215 17m54s/Msamples
        5735000   -103252.4250        32.8      -103128.9059      -123.5191 17m54s/Msamples
        5736000   -103258.6522        32.8      -103125.9432      -132.7089 17m54s/Msamples
        5737000   -103256.2170        32.8      -103127.0229      -129.1940 17m54s/Msamples
        5738000   -103263.3020        32.8      -103125.2721      -138.0298 17m54s/Msamples
        5739000   -103255.5240        32.7      -103121.9043      -133.6196 17m54s/Msamples
        5740000   -103269.8804        32.7      -103128.1839      -141.6964 17m54s/Msamples
        5741000   -103263.4534        32.7      -103131.4746      -131.9787 17m54s/Msamples
        5742000   -103258.5481        32.7      -103131.8169      -126.7312 17m54s/Msamples
        5743000   -103259.5537        32.7      -103129.9788      -129.5748 17m54s/Msamples
        5744000   -103260.9639        32.7      -103128.6236      -132.3402 17m54s/Msamples
        5745000   -103248.4356        32.7      -103120.4885      -127.9470 17m54s/Msamples
        5746000   -103237.8603        32.7      -103114.7466      -123.1137 17m54s/Msamples
        5747000   -103243.4185        32.6      -103118.2885      -125.1300 17m54s/Msamples
        5748000   -103237.8190        32.6      -103112.6349      -125.1840 17m54s/Msamples
        5749000   -103239.8532        32.6      -103114.1505      -125.7027 17m54s/Msamples
        5750000   -103235.0485        32.6      -103114.4900      -120.5584 17m54s/Msamples
        5751000   -103237.0030        32.6      -103109.9029      -127.1000 17m54s/Msamples
        5752000   -103232.7479        32.6      -103109.9142      -122.8337 17m54s/Msamples
        5753000   -103221.3959        32.7      -103103.0085      -118.3874 17m54s/Msamples
        5754000   -103219.0138        32.7      -103102.5204      -116.4934 17m54s/Msamples
        5755000   -103231.6718        32.7      -103111.2549      -120.4169 17m54s/Msamples
        5756000   -103233.4106        32.7      -103111.8728      -121.5378 17m54s/Msamples
        5757000   -103247.3274        32.7      -103119.4142      -127.9131 17m54s/Msamples
        5758000   -103251.1090        32.7      -103130.3723      -120.7367 17m54s/Msamples
        5759000   -103244.9936        32.6      -103123.1228      -121.8708 17m54s/Msamples
        5760000   -103239.5852        32.6      -103117.5331      -122.0521 17m54s/Msamples
        5761000   -103234.5191        32.6      -103115.5965      -118.9225 17m54s/Msamples
        5762000   -103226.8133        32.7      -103108.6604      -118.1529 17m54s/Msamples
        5763000   -103242.7373        32.6      -103121.5918      -121.1454 17m54s/Msamples
        5764000   -103249.7355        32.6      -103126.1545      -123.5810 17m54s/Msamples
        5765000   -103244.3819        32.6      -103127.8542      -116.5276 17m54s/Msamples
        5766000   -103238.7157        32.6      -103116.4114      -122.3043 17m54s/Msamples
        5767000   -103244.7451        32.6      -103118.3774      -126.3676 17m54s/Msamples
        5768000   -103220.5152        32.6      -103109.5138      -111.0014 17m54s/Msamples
        5769000   -103219.9035        32.6      -103114.0608      -105.8427 17m54s/Msamples
        5770000   -103231.2633        32.7      -103120.8229      -110.4403 17m54s/Msamples
        5771000   -103238.9897        32.7      -103116.2545      -122.7351 17m54s/Msamples
        5772000   -103233.0701        32.7      -103110.5635      -122.5065 17m54s/Msamples
        5773000   -103236.8300        32.7      -103115.2831      -121.5468 17m54s/Msamples
        5774000   -103236.0181        32.7      -103117.8769      -118.1411 17m54s/Msamples
        5775000   -103243.1810        32.7      -103119.7746      -123.4063 17m54s/Msamples
        5776000   -103241.9365        32.7      -103126.1544      -115.7820 17m54s/Msamples
        5777000   -103231.4349        32.7      -103117.0321      -114.4027 17m54s/Msamples
        5778000   -103225.1741        32.7      -103110.2645      -114.9095 17m54s/Msamples
        5779000   -103222.5469        32.7      -103108.6483      -113.8985 17m54s/Msamples
        5780000   -103234.4764        32.7      -103120.8423      -113.6340 17m54s/Msamples
        5781000   -103236.7800        32.7      -103121.2089      -115.5710 17m54s/Msamples
        5782000   -103254.2632        32.7      -103126.4547      -127.8085 17m54s/Msamples
        5783000   -103251.2121        32.6      -103126.5638      -124.6482 17m54s/Msamples
        5784000   -103259.0795        32.6      -103132.5046      -126.5749 17m54s/Msamples
        5785000   -103252.0147        32.6      -103132.4735      -119.5412 17m54s/Msamples
        5786000   -103246.1162        32.6      -103124.5777      -121.5384 17m54s/Msamples
        5787000   -103240.0751        32.6      -103124.0973      -115.9778 17m54s/Msamples
        5788000   -103248.1082        32.6      -103126.6202      -121.4879 17m54s/Msamples
        5789000   -103241.2797        32.5      -103122.1803      -119.0993 17m54s/Msamples
        5790000   -103249.1816        32.5      -103132.3842      -116.7974 17m54s/Msamples
        5791000   -103245.5910        32.5      -103126.8305      -118.7605 17m54s/Msamples
        5792000   -103253.3238        32.5      -103133.3318      -119.9920 17m54s/Msamples
        5793000   -103251.7852        32.5      -103130.9527      -120.8324 17m54s/Msamples
        5794000   -103254.4511        32.5      -103127.1606      -127.2904 17m54s/Msamples
        5795000   -103261.0317        32.5      -103133.3223      -127.7093 17m54s/Msamples
        5796000   -103257.3742        32.5      -103124.0070      -133.3671 17m54s/Msamples
        5797000   -103265.5562        32.5      -103137.2424      -128.3137 17m54s/Msamples
        5798000   -103267.3075        32.5      -103137.5916      -129.7159 17m54s/Msamples
        5799000   -103256.8922        32.5      -103122.6606      -134.2316 17m54s/Msamples
        5800000   -103275.1489        32.5      -103142.8507      -132.2982 17m54s/Msamples
        5801000   -103271.5619        32.5      -103133.3360      -138.2259 17m54s/Msamples
        5802000   -103269.4614        32.5      -103133.0883      -136.3731 17m54s/Msamples
        5803000   -103293.3281        32.5      -103138.8826      -154.4455 17m54s/Msamples
        5804000   -103283.5929        32.5      -103133.0087      -150.5841 17m54s/Msamples
        5805000   -103288.2728        32.5      -103140.2905      -147.9822 17m54s/Msamples
        5806000   -103275.7062        32.5      -103130.6295      -145.0767 17m54s/Msamples
        5807000   -103279.0203        32.5      -103132.3681      -146.6521 17m54s/Msamples
        5808000   -103281.6316        32.4      -103134.1908      -147.4408 17m54s/Msamples
        5809000   -103286.4831        32.4      -103143.3945      -143.0886 17m54s/Msamples
        5810000   -103296.6475        32.5      -103142.1560      -154.4914 17m54s/Msamples
        5811000   -103284.4463        32.4      -103138.1197      -146.3265 17m54s/Msamples
        5812000   -103281.3711        32.4      -103129.1371      -152.2340 17m54s/Msamples
        5813000   -103280.0219        32.4      -103134.0322      -145.9896 17m54s/Msamples
        5814000   -103269.6799        32.3      -103129.7063      -139.9735 17m54s/Msamples
        5815000   -103260.4039        32.3      -103130.6917      -129.7122 17m54s/Msamples
        5816000   -103256.3703        32.3      -103128.3403      -128.0300 17m54s/Msamples
        5817000   -103254.7586        32.3      -103131.9760      -122.7826 17m54s/Msamples
        5818000   -103256.5059        32.3      -103136.6785      -119.8273 17m54s/Msamples
        5819000   -103259.2823        32.3      -103133.1756      -126.1067 17m54s/Msamples
        5820000   -103263.0924        32.3      -103131.1012      -131.9912 17m54s/Msamples
        5821000   -103253.3618        32.2      -103128.2443      -125.1175 17m54s/Msamples
        5822000   -103259.8085        32.2      -103128.1227      -131.6858 17m54s/Msamples
        5823000   -103248.1697        32.2      -103132.2013      -115.9683 17m54s/Msamples
        5824000   -103256.3548        32.2      -103133.2593      -123.0955 17m54s/Msamples
        5825000   -103256.0712        32.2      -103135.1946      -120.8765 17m54s/Msamples
        5826000   -103259.5787        32.2      -103141.3167      -118.2620 17m54s/Msamples
        5827000   -103254.5107        32.2      -103139.9489      -114.5618 17m54s/Msamples
        5828000   -103251.2260        32.2      -103131.6949      -119.5310 17m54s/Msamples
        5829000   -103255.2207        32.1      -103140.7059      -114.5148 17m54s/Msamples
        5830000   -103250.8559        32.1      -103137.5275      -113.3284 17m54s/Msamples
        5831000   -103242.9288        32.1      -103131.0813      -111.8474 17m54s/Msamples
        5832000   -103246.6088        32.1      -103132.6300      -113.9788 17m54s/Msamples
        5833000   -103239.7141        32.1      -103122.8514      -116.8627 17m54s/Msamples
        5834000   -103244.7325        32.1      -103126.0850      -118.6475 17m54s/Msamples
        5835000   -103240.4258        32.1      -103124.6466      -115.7791 17m54s/Msamples
        5836000   -103249.5524        32.1      -103128.8028      -120.7496 17m54s/Msamples
        5837000   -103238.2155        32.1      -103122.6696      -115.5458 17m54s/Msamples
        5838000   -103246.0809        32.1      -103125.6355      -120.4453 17m54s/Msamples
        5839000   -103248.8135        32.0      -103124.0840      -124.7295 17m54s/Msamples
        5840000   -103246.9185        32.0      -103123.6291      -123.2894 17m54s/Msamples
        5841000   -103247.6508        32.0      -103128.6651      -118.9857 17m54s/Msamples
        5842000   -103238.2908        32.0      -103118.7930      -119.4978 17m54s/Msamples
        5843000   -103237.8069        32.0      -103123.7340      -114.0728 17m54s/Msamples
        5844000   -103236.3495        32.0      -103124.7860      -111.5635 17m54s/Msamples
        5845000   -103228.8408        32.0      -103115.8229      -113.0178 17m54s/Msamples
        5846000   -103223.2703        32.0      -103118.9728      -104.2975 17m54s/Msamples
        5847000   -103222.3669        32.1      -103115.4455      -106.9214 17m54s/Msamples
        5848000   -103226.9115        32.1      -103120.1310      -106.7804 17m54s/Msamples
        5849000   -103236.4726        32.1      -103119.8291      -116.6435 17m54s/Msamples
        5850000   -103241.4651        32.1      -103120.5861      -120.8790 17m54s/Msamples
        5851000   -103230.4274        32.1      -103114.0946      -116.3327 17m54s/Msamples
        5852000   -103231.3826        32.1      -103116.5737      -114.8089 17m54s/Msamples
        5853000   -103230.3949        32.1      -103117.6350      -112.7598 17m54s/Msamples
        5854000   -103225.2824        32.1      -103114.8605      -110.4218 17m54s/Msamples
        5855000   -103232.7343        32.1      -103120.9167      -111.8176 17m54s/Msamples
        5856000   -103232.3632        32.1      -103119.3748      -112.9883 17m54s/Msamples
        5857000   -103226.8017        32.1      -103115.1592      -111.6424 17m54s/Msamples
        5858000   -103224.5435        32.1      -103110.7790      -113.7644 17m54s/Msamples
        5859000   -103235.9493        32.1      -103120.5836      -115.3657 17m54s/Msamples
        5860000   -103239.6705        32.1      -103132.1300      -107.5404 17m54s/Msamples
        5861000   -103222.0112        32.1      -103111.0417      -110.9694 17m54s/Msamples
        5862000   -103237.7124        32.1      -103122.6747      -115.0377 17m54s/Msamples
        5863000   -103237.5396        32.1      -103121.0354      -116.5041 17m54s/Msamples
        5864000   -103234.9815        32.1      -103118.2677      -116.7138 17m54s/Msamples
        5865000   -103238.0001        32.1      -103120.1919      -117.8082 17m54s/Msamples
        5866000   -103236.8816        32.1      -103117.8560      -119.0255 17m54s/Msamples
        5867000   -103242.6841        32.1      -103128.5404      -114.1437 17m54s/Msamples
        5868000   -103246.0730        32.1      -103129.7456      -116.3273 17m54s/Msamples
        5869000   -103253.1165        32.1      -103136.1343      -116.9822 17m54s/Msamples
        5870000   -103246.2883        32.1      -103132.6500      -113.6383 17m54s/Msamples
        5871000   -103246.1698        32.1      -103133.8941      -112.2756 17m54s/Msamples
        5872000   -103246.1997        32.1      -103129.9217      -116.2780 17m54s/Msamples
        5873000   -103241.8327        32.1      -103125.6658      -116.1668 17m54s/Msamples
        5874000   -103236.3343        32.1      -103121.9833      -114.3510 17m54s/Msamples
        5875000   -103228.3864        32.1      -103118.8342      -109.5521 17m54s/Msamples
        5876000   -103218.2592        32.1      -103116.9505      -101.3086 17m54s/Msamples
        5877000   -103209.4392        32.1      -103113.6204       -95.8187 17m54s/Msamples
        5878000   -103223.4602        32.2      -103118.4391      -105.0210 17m54s/Msamples
        5879000   -103216.9646        32.2      -103117.0098       -99.9547 17m54s/Msamples
        5880000   -103222.9148        32.2      -103124.8149       -98.0998 17m54s/Msamples
        5881000   -103238.3525        32.2      -103129.0151      -109.3374 17m54s/Msamples
        5882000   -103254.7248        32.2      -103133.0978      -121.6270 17m54s/Msamples
        5883000   -103249.7372        32.2      -103127.2849      -122.4522 17m54s/Msamples
        5884000   -103253.6251        32.2      -103126.2940      -127.3311 17m54s/Msamples
        5885000   -103252.8674        32.1      -103132.4495      -120.4179 17m54s/Msamples
        5886000   -103245.9948        32.1      -103127.1894      -118.8053 17m54s/Msamples
        5887000   -103235.1331        32.1      -103122.7871      -112.3459 17m54s/Msamples
        5888000   -103255.3959        32.1      -103131.0814      -124.3144 17m54s/Msamples
        5889000   -103246.7505        32.1      -103124.2070      -122.5435 17m54s/Msamples
        5890000   -103244.9487        32.1      -103120.3912      -124.5574 17m54s/Msamples
        5891000   -103253.0081        32.1      -103124.0837      -128.9243 17m54s/Msamples
        5892000   -103245.6889        32.1      -103124.4744      -121.2144 17m54s/Msamples
        5893000   -103251.5487        32.1      -103125.5693      -125.9793 17m54s/Msamples
        5894000   -103252.4932        32.1      -103130.3314      -122.1618 17m54s/Msamples
        5895000   -103250.2946        31.9      -103124.5924      -125.7022 17m54s/Msamples
        5896000   -103245.5272        31.9      -103124.3206      -121.2065 17m54s/Msamples
        5897000   -103245.4774        31.9      -103132.6647      -112.8126 17m54s/Msamples
        5898000   -103249.2092        31.8      -103129.0387      -120.1704 17m54s/Msamples
        5899000   -103251.6285        31.8      -103130.3740      -121.2545 17m54s/Msamples
        5900000   -103257.8402        31.8      -103131.0660      -126.7741 17m54s/Msamples
        5901000   -103248.2710        31.8      -103129.1031      -119.1679 17m54s/Msamples
        5902000   -103254.2934        31.8      -103132.4186      -121.8747 17m54s/Msamples
        5903000   -103247.9224        31.8      -103129.1505      -118.7719 17m54s/Msamples
        5904000   -103242.8378        31.8      -103121.8167      -121.0210 17m54s/Msamples
        5905000   -103253.8767        31.8      -103126.0576      -127.8190 17m54s/Msamples
        5906000   -103255.8532        31.7      -103125.8627      -129.9904 17m54s/Msamples
        5907000   -103263.5254        31.7      -103135.2029      -128.3225 17m54s/Msamples
        5908000   -103258.9943        31.7      -103131.4665      -127.5277 17m54s/Msamples
        5909000   -103264.0216        31.7      -103137.8546      -126.1670 17m54s/Msamples
        5910000   -103259.2360        31.7      -103132.8666      -126.3694 17m54s/Msamples
        5911000   -103253.6212        31.7      -103131.4546      -122.1666 17m54s/Msamples
        5912000   -103262.0473        31.6      -103130.3050      -131.7422 17m54s/Msamples
        5913000   -103264.2562        31.6      -103134.1459      -130.1102 17m54s/Msamples
        5914000   -103270.0688        31.6      -103132.9504      -137.1183 17m54s/Msamples
        5915000   -103265.3478        31.6      -103129.8636      -135.4842 17m54s/Msamples
        5916000   -103278.6887        31.6      -103130.5641      -148.1246 17m54s/Msamples
        5917000   -103284.1745        31.6      -103128.5104      -155.6640 17m54s/Msamples
        5918000   -103288.4106        31.5      -103132.1564      -156.2542 17m54s/Msamples
        5919000   -103289.3769        31.5      -103136.8587      -152.5182 17m54s/Msamples
        5920000   -103279.4943        31.5      -103135.5577      -143.9365 17m54s/Msamples
        5921000   -103260.5079        31.5      -103125.2410      -135.2668 17m54s/Msamples
        5922000   -103260.8901        31.5      -103128.4745      -132.4156 17m54s/Msamples
        5923000   -103264.1601        31.4      -103128.9852      -135.1749 17m54s/Msamples
        5924000   -103268.8221        31.4      -103126.6286      -142.1934 17m54s/Msamples
        5925000   -103261.0977        31.4      -103125.1154      -135.9822 17m54s/Msamples
        5926000   -103262.3406        31.4      -103127.4460      -134.8946 17m54s/Msamples
        5927000   -103264.9082        31.4      -103135.2724      -129.6358 17m54s/Msamples
        5928000   -103263.4040        31.3      -103129.2161      -134.1879 17m54s/Msamples
        5929000   -103262.0136        31.3      -103130.6466      -131.3669 17m54s/Msamples
        5930000   -103249.2783        31.3      -103127.0438      -122.2345 17m54s/Msamples
        5931000   -103258.0977        31.3      -103135.5825      -122.5151 17m54s/Msamples
        5932000   -103259.5868        31.3      -103136.9101      -122.6767 17m54s/Msamples
        5933000   -103262.0747        31.3      -103138.2173      -123.8573 17m54s/Msamples
        5934000   -103269.4725        31.2      -103138.4778      -130.9947 17m54s/Msamples
        5935000   -103267.9350        31.2      -103138.5467      -129.3882 17m54s/Msamples
        5936000   -103263.9045        31.2      -103132.6398      -131.2646 17m54s/Msamples
        5937000   -103274.1870        31.2      -103131.1419      -143.0450 17m54s/Msamples
        5938000   -103280.5780        31.2      -103132.6688      -147.9092 17m54s/Msamples
        5939000   -103269.3169        31.1      -103128.1261      -141.1908 17m54s/Msamples
        5940000   -103262.9677        31.1      -103128.3578      -134.6098 17m54s/Msamples
        5941000   -103267.5966        31.1      -103135.4024      -132.1942 17m54s/Msamples
        5942000   -103262.1735        31.1      -103129.3055      -132.8679 17m54s/Msamples
        5943000   -103255.5779        31.1      -103134.8174      -120.7604 17m54s/Msamples
        5944000   -103252.6961        31.0      -103129.1718      -123.5242 17m54s/Msamples
        5945000   -103254.4896        31.0      -103125.8671      -128.6224 17m54s/Msamples
        5946000   -103250.5514        31.0      -103125.3186      -125.2328 17m54s/Msamples
        5947000   -103252.8942        31.0      -103127.8276      -125.0666 17m54s/Msamples
        5948000   -103247.7348        31.0      -103122.3481      -125.3866 17m54s/Msamples
        5949000   -103242.6739        31.0      -103126.8867      -115.7871 17m54s/Msamples
        5950000   -103234.1860        31.0      -103127.3459      -106.8401 17m54s/Msamples
        5951000   -103239.7422        31.0      -103130.4077      -109.3345 17m54s/Msamples
        5952000   -103240.6733        31.0      -103123.6018      -117.0715 17m54s/Msamples
        5953000   -103250.2947        31.0      -103124.9354      -125.3593 17m54s/Msamples
        5954000   -103244.4054        30.9      -103124.9168      -119.4886 17m54s/Msamples
        5955000   -103247.3722        30.9      -103120.0074      -127.3647 17m54s/Msamples
        5956000   -103277.4838        30.9      -103130.3489      -147.1349 17m54s/Msamples
        5957000   -103281.8099        30.9      -103139.4315      -142.3783 17m54s/Msamples
        5958000   -103276.9976        30.9      -103139.8571      -137.1405 17m54s/Msamples
        5959000   -103260.2125        30.8      -103124.5459      -135.6666 17m54s/Msamples
        5960000   -103268.3604        30.8      -103126.7337      -141.6267 17m54s/Msamples
        5961000   -103269.9018        30.8      -103129.6019      -140.2999 17m55s/Msamples
        5962000   -103261.2798        30.8      -103134.1708      -127.1089 17m55s/Msamples
        5963000   -103260.7938        30.8      -103138.7036      -122.0902 17m55s/Msamples
        5964000   -103253.5916        30.8      -103126.6133      -126.9782 17m54s/Msamples
        5965000   -103273.0190        30.7      -103133.0069      -140.0121 17m54s/Msamples
        5966000   -103254.4998        30.7      -103120.7262      -133.7735 17m54s/Msamples
        5967000   -103254.5387        30.7      -103121.3325      -133.2062 17m54s/Msamples
        5968000   -103270.1421        30.7      -103127.6912      -142.4508 17m54s/Msamples
        5969000   -103269.9359        30.7      -103118.5209      -151.4149 17m54s/Msamples
        5970000   -103284.4417        30.6      -103124.8811      -159.5605 17m55s/Msamples
        5971000   -103273.2811        30.6      -103121.4264      -151.8547 17m55s/Msamples
        5972000   -103272.0340        30.6      -103122.3475      -149.6864 17m55s/Msamples
        5973000   -103271.4416        30.6      -103126.9394      -144.5021 17m55s/Msamples
        5974000   -103266.6508        30.5      -103122.5675      -144.0832 17m55s/Msamples
        5975000   -103264.2767        30.5      -103127.6377      -136.6390 17m55s/Msamples
        5976000   -103269.2234        30.5      -103129.4950      -139.7284 17m55s/Msamples
        5977000   -103296.3075        30.5      -103132.9440      -163.3635 17m55s/Msamples
        5978000   -103304.6480        30.5      -103127.5563      -177.0917 17m55s/Msamples
        5979000   -103294.3411        30.5      -103133.1357      -161.2053 17m55s/Msamples
        5980000   -103282.8515        30.4      -103131.8425      -151.0090 17m55s/Msamples
        5981000   -103287.6994        30.4      -103134.1229      -153.5764 17m55s/Msamples
        5982000   -103281.9974        30.4      -103126.4598      -155.5376 17m55s/Msamples
        5983000   -103280.4860        30.4      -103124.0489      -156.4370 17m55s/Msamples
        5984000   -103267.7267        30.3      -103118.2047      -149.5219 17m55s/Msamples
        5985000   -103276.8361        30.3      -103123.1353      -153.7008 17m55s/Msamples
        5986000   -103261.2741        30.3      -103117.2709      -144.0032 17m55s/Msamples
        5987000   -103261.1560        30.3      -103117.8068      -143.3492 17m55s/Msamples
        5988000   -103255.5954        30.3      -103115.3748      -140.2205 17m55s/Msamples
        5989000   -103253.5843        30.2      -103113.8897      -139.6945 17m55s/Msamples
        5990000   -103257.5804        30.2      -103110.4465      -147.1339 17m55s/Msamples
        5991000   -103269.0043        30.2      -103115.4555      -153.5488 17m55s/Msamples
        5992000   -103265.0887        30.2      -103113.2453      -151.8434 17m55s/Msamples
        5993000   -103261.6315        30.1      -103114.7539      -146.8775 17m55s/Msamples
        5994000   -103268.5797        30.1      -103114.5587      -154.0209 17m55s/Msamples
        5995000   -103261.4777        30.1      -103115.1099      -146.3678 17m55s/Msamples
        5996000   -103259.8092        30.1      -103111.0087      -148.8004 17m55s/Msamples
        5997000   -103266.3309        30.1      -103122.1591      -144.1718 17m55s/Msamples
        5998000   -103267.4258        30.0      -103113.7801      -153.6456 17m55s/Msamples
        5999000   -103253.1923        30.0      -103116.8843      -136.3079 17m55s/Msamples
        6000000   -103258.4490        30.0      -103117.8467      -140.6023 17m55s/Msamples
        6001000   -103249.6393        30.0      -103109.1113      -140.5279 17m55s/Msamples
        6002000   -103275.3907        29.9      -103129.4337      -145.9569 17m55s/Msamples
        6003000   -103260.3750        29.9      -103117.3176      -143.0573 17m55s/Msamples
        6004000   -103269.2593        29.9      -103127.1152      -142.1441 17m55s/Msamples
        6005000   -103258.5351        29.9      -103116.4425      -142.0925 17m55s/Msamples
        6006000   -103270.0270        29.9      -103122.4140      -147.6130 17m55s/Msamples
        6007000   -103263.7109        29.8      -103116.3158      -147.3951 17m55s/Msamples
        6008000   -103257.4975        29.8      -103111.4844      -146.0131 17m55s/Msamples
        6009000   -103268.1254        29.8      -103114.2922      -153.8332 17m55s/Msamples
        6010000   -103271.2641        29.8      -103117.8704      -153.3937 17m55s/Msamples
        6011000   -103260.3461        29.7      -103117.9599      -142.3862 17m55s/Msamples
        6012000   -103257.3841        29.7      -103115.0816      -142.3025 17m55s/Msamples
        6013000   -103263.8321        29.7      -103116.7225      -147.1095 17m55s/Msamples
        6014000   -103269.7976        29.7      -103122.9590      -146.8385 17m55s/Msamples
        6015000   -103275.9768        29.6      -103125.6045      -150.3722 17m55s/Msamples
        6016000   -103285.6684        29.6      -103125.2211      -160.4472 17m55s/Msamples
        6017000   -103279.0667        29.6      -103123.3032      -155.7634 17m55s/Msamples
        6018000   -103281.1106        29.6      -103124.6455      -156.4651 17m55s/Msamples
        6019000   -103300.6822        29.6      -103131.5159      -169.1662 17m55s/Msamples
        6020000   -103309.0402        29.5      -103138.4251      -170.6150 17m55s/Msamples
        6021000   -103302.1952        29.5      -103135.0623      -167.1329 17m55s/Msamples
        6022000   -103286.3725        29.5      -103129.5941      -156.7784 17m55s/Msamples
        6023000   -103275.4551        29.5      -103120.6393      -154.8158 17m55s/Msamples
        6024000   -103273.3165        29.4      -103122.8025      -150.5140 17m55s/Msamples
        6025000   -103271.5107        29.4      -103124.2582      -147.2525 17m55s/Msamples
        6026000   -103269.0283        29.4      -103119.7860      -149.2422 17m55s/Msamples
        6027000   -103259.7354        29.4      -103115.5233      -144.2120 17m55s/Msamples
        6028000   -103274.9023        29.3      -103121.2488      -153.6535 17m55s/Msamples
        6029000   -103265.3366        29.3      -103113.3820      -151.9545 17m55s/Msamples
        6030000   -103261.7276        29.3      -103116.9348      -144.7927 17m55s/Msamples
        6031000   -103252.7747        29.3      -103109.1214      -143.6533 17m55s/Msamples
        6032000   -103254.2623        29.2      -103119.2256      -135.0367 17m55s/Msamples
        6033000   -103247.5282        29.2      -103115.2888      -132.2394 17m55s/Msamples
        6034000   -103244.6840        29.2      -103117.6309      -127.0530 17m55s/Msamples
        6035000   -103243.4392        29.2      -103121.4945      -121.9446 17m55s/Msamples
        6036000   -103244.1338        29.2      -103120.8995      -123.2342 17m55s/Msamples
        6037000   -103251.5634        29.2      -103128.8624      -122.7009 17m55s/Msamples
        6038000   -103260.4102        29.2      -103132.2736      -128.1365 17m55s/Msamples
        6039000   -103254.7052        29.1      -103123.2756      -131.4295 17m55s/Msamples
        6040000   -103254.8163        29.1      -103125.9662      -128.8500 17m55s/Msamples
        6041000   -103259.8561        29.1      -103128.2296      -131.6265 17m55s/Msamples
        6042000   -103254.0274        29.1      -103126.2490      -127.7783 17m55s/Msamples
        6043000   -103259.2145        29.1      -103129.7159      -129.4985 17m55s/Msamples
        6044000   -103257.3949        29.0      -103130.7728      -126.6221 17m55s/Msamples
        6045000   -103254.1828        29.0      -103126.3712      -127.8115 17m55s/Msamples
        6046000   -103253.3162        29.0      -103129.2843      -124.0318 17m55s/Msamples
        6047000   -103262.7391        29.0      -103130.3900      -132.3490 17m55s/Msamples
        6048000   -103257.1218        28.9      -103130.8241      -126.2977 17m55s/Msamples
        6049000   -103254.6718        28.9      -103129.2886      -125.3831 17m55s/Msamples
        6050000   -103247.8580        28.9      -103124.2776      -123.5803 17m55s/Msamples
        6051000   -103245.0786        28.9      -103125.8303      -119.2483 17m55s/Msamples
        6052000   -103245.0658        28.9      -103120.3350      -124.7308 17m55s/Msamples
        6053000   -103250.5775        28.9      -103124.2225      -126.3549 17m55s/Msamples
        6054000   -103242.9631        28.9      -103125.2807      -117.6824 17m55s/Msamples
        6055000   -103242.6356        28.8      -103122.1586      -120.4769 17m55s/Msamples
        6056000   -103243.5798        28.8      -103122.4828      -121.0969 17m55s/Msamples
        6057000   -103251.7131        28.8      -103126.2144      -125.4987 17m55s/Msamples
        6058000   -103254.9782        28.8      -103134.5029      -120.4752 17m55s/Msamples
        6059000   -103242.7589        28.8      -103125.4632      -117.2957 17m55s/Msamples
        6060000   -103247.6312        28.8      -103116.9859      -130.6453 17m55s/Msamples
        6061000   -103255.0810        28.7      -103119.9148      -135.1661 17m55s/Msamples
        6062000   -103253.6053        28.7      -103124.7097      -128.8956 17m55s/Msamples
        6063000   -103246.3714        28.7      -103124.8816      -121.4897 17m55s/Msamples
        6064000   -103252.4974        28.7      -103121.5905      -130.9069 17m55s/Msamples
        6065000   -103251.6117        28.7      -103126.3681      -125.2436 17m55s/Msamples
        6066000   -103256.5860        28.7      -103131.2725      -125.3134 17m55s/Msamples
        6067000   -103257.5734        28.6      -103127.2016      -130.3718 17m55s/Msamples
        6068000   -103264.9589        28.6      -103132.8657      -132.0931 17m55s/Msamples
        6069000   -103265.9451        28.6      -103129.8711      -136.0739 17m55s/Msamples
        6070000   -103269.5735        28.6      -103130.6521      -138.9214 17m55s/Msamples
        6071000   -103280.7700        28.5      -103135.5374      -145.2326 17m55s/Msamples
        6072000   -103266.6839        28.5      -103130.8271      -135.8568 17m55s/Msamples
        6073000   -103266.9317        28.5      -103129.9160      -137.0156 17m55s/Msamples
        6074000   -103257.0989        28.4      -103131.2192      -125.8797 17m55s/Msamples
        6075000   -103249.0436        28.4      -103124.9071      -124.1364 17m55s/Msamples
        6076000   -103259.1216        28.4      -103131.3425      -127.7791 17m55s/Msamples
        6077000   -103256.2173        28.4      -103135.2203      -120.9969 17m55s/Msamples
        6078000   -103247.7876        28.4      -103122.4391      -125.3485 17m55s/Msamples
        6079000   -103251.3779        28.3      -103125.1000      -126.2779 17m55s/Msamples
        6080000   -103244.1665        28.3      -103129.4971      -114.6694 17m55s/Msamples
        6081000   -103243.5724        28.3      -103137.7836      -105.7887 17m55s/Msamples
        6082000   -103247.4674        28.3      -103138.4684      -108.9990 17m55s/Msamples
        6083000   -103246.0793        28.3      -103134.5635      -111.5157 17m55s/Msamples
        6084000   -103250.2658        28.3      -103130.7955      -119.4703 17m55s/Msamples
        6085000   -103251.3885        28.3      -103134.5929      -116.7956 17m55s/Msamples
        6086000   -103245.2128        28.2      -103133.0695      -112.1432 17m55s/Msamples
        6087000   -103238.2773        28.2      -103133.7403      -104.5370 17m55s/Msamples
        6088000   -103244.4929        28.2      -103136.4911      -108.0018 17m55s/Msamples
        6089000   -103257.7705        28.2      -103138.7202      -119.0502 17m55s/Msamples
        6090000   -103254.7321        28.2      -103133.5436      -121.1884 17m55s/Msamples
        6091000   -103251.5527        28.2      -103140.3374      -111.2153 17m55s/Msamples
        6092000   -103260.8128        28.1      -103142.5242      -118.2886 17m55s/Msamples
        6093000   -103263.2046        28.1      -103140.3408      -122.8638 17m55s/Msamples
        6094000   -103256.1686        28.1      -103139.8845      -116.2841 17m55s/Msamples
        6095000   -103260.8068        28.1      -103139.0241      -121.7826 17m55s/Msamples
        6096000   -103266.1170        28.0      -103138.1747      -127.9422 17m55s/Msamples
        6097000   -103258.5075        28.0      -103137.2576      -121.2498 17m55s/Msamples
        6098000   -103269.2078        28.0      -103140.4185      -128.7893 17m55s/Msamples
        6099000   -103247.4912        28.0      -103132.3343      -115.1568 17m55s/Msamples
        6100000   -103247.6528        28.0      -103133.6274      -114.0253 17m55s/Msamples
        6101000   -103236.3141        28.0      -103129.6650      -106.6491 17m55s/Msamples
        6102000   -103235.5725        28.0      -103121.7998      -113.7727 17m55s/Msamples
        6103000   -103233.5097        28.0      -103127.7380      -105.7716 17m55s/Msamples
        6104000   -103236.4593        28.0      -103128.5932      -107.8661 17m55s/Msamples
        6105000   -103242.6841        27.9      -103136.1518      -106.5322 17m55s/Msamples
        6106000   -103242.3526        27.9      -103131.9763      -110.3763 17m55s/Msamples
        6107000   -103251.1920        27.9      -103140.1820      -111.0100 17m55s/Msamples
        6108000   -103260.8595        27.9      -103145.3620      -115.4974 17m55s/Msamples
        6109000   -103253.0829        27.9      -103133.4734      -119.6094 17m55s/Msamples
        6110000   -103255.7109        27.8      -103131.8304      -123.8804 17m55s/Msamples
        6111000   -103266.3853        27.8      -103142.2361      -124.1491 17m55s/Msamples
        6112000   -103268.4280        27.8      -103142.3878      -126.0402 17m55s/Msamples
        6113000   -103278.4049        27.8      -103147.6985      -130.7064 17m55s/Msamples
        6114000   -103262.2548        27.7      -103144.1841      -118.0706 17m55s/Msamples
        6115000   -103248.4813        27.7      -103131.6690      -116.8122 17m55s/Msamples
        6116000   -103237.0125        27.7      -103124.1025      -112.9100 17m55s/Msamples
        6117000   -103256.6253        27.6      -103134.2233      -122.4020 17m55s/Msamples
        6118000   -103243.0183        27.6      -103130.4027      -112.6156 17m55s/Msamples
        6119000   -103255.6155        27.6      -103135.2592      -120.3563 17m55s/Msamples
        6120000   -103249.6023        27.6      -103133.7443      -115.8579 17m55s/Msamples
        6121000   -103250.2464        27.6      -103133.5446      -116.7018 17m55s/Msamples
        6122000   -103246.0896        27.5      -103131.3548      -114.7348 17m55s/Msamples
        6123000   -103249.1589        27.5      -103129.1679      -119.9910 17m55s/Msamples
        6124000   -103250.1203        27.5      -103130.5243      -119.5959 17m55s/Msamples
        6125000   -103241.6891        27.5      -103123.4318      -118.2572 17m55s/Msamples
        6126000   -103233.3795        27.5      -103124.2881      -109.0913 17m55s/Msamples
        6127000   -103238.5488        27.5      -103129.1259      -109.4229 17m55s/Msamples
        6128000   -103230.3588        27.5      -103121.5446      -108.8141 17m55s/Msamples
        6129000   -103229.9497        27.5      -103125.4080      -104.5416 17m55s/Msamples
        6130000   -103229.4061        27.5      -103123.4873      -105.9187 17m55s/Msamples
        6131000   -103216.3017        27.6      -103114.6943      -101.6073 17m55s/Msamples
        6132000   -103204.7508        27.6      -103103.1727      -101.5780 17m55s/Msamples
        6133000   -103218.1779        27.6      -103120.2191       -97.9588 17m55s/Msamples
        6134000   -103213.1652        27.7      -103114.6613       -98.5038 17m55s/Msamples
        6135000   -103214.1100        27.7      -103116.0183       -98.0917 17m55s/Msamples
        6136000   -103210.9189        27.7      -103112.2818       -98.6371 17m55s/Msamples
        6137000   -103210.2974        27.8      -103113.5623       -96.7351 17m55s/Msamples
        6138000   -103231.0702        27.8      -103121.3189      -109.7512 17m55s/Msamples
        6139000   -103227.7419        27.8      -103123.9919      -103.7499 17m55s/Msamples
        6140000   -103233.3337        27.8      -103127.0630      -106.2707 17m55s/Msamples
        6141000   -103232.5225        27.8      -103124.4899      -108.0326 17m55s/Msamples
        6142000   -103239.6594        27.8      -103129.4095      -110.2498 17m55s/Msamples
        6143000   -103230.4201        27.8      -103123.5171      -106.9029 17m55s/Msamples
        6144000   -103225.0389        27.8      -103125.7729       -99.2659 17m55s/Msamples
        6145000   -103233.2747        27.8      -103126.0421      -107.2325 17m55s/Msamples
        6146000   -103231.5926        27.8      -103131.6186       -99.9739 17m55s/Msamples
        6147000   -103233.0573        27.8      -103126.0108      -107.0464 17m55s/Msamples
        6148000   -103233.3385        27.8      -103132.2641      -101.0743 17m55s/Msamples
        6149000   -103238.8574        27.8      -103135.3624      -103.4949 17m55s/Msamples
        6150000   -103245.0648        27.8      -103137.4142      -107.6505 17m55s/Msamples
        6151000   -103237.0072        27.8      -103138.3777       -98.6294 17m55s/Msamples
        6152000   -103260.0361        27.8      -103139.4998      -120.5363 17m55s/Msamples
        6153000   -103255.7666        27.8      -103138.2880      -117.4785 17m55s/Msamples
        6154000   -103262.8970        27.7      -103144.7906      -118.1064 17m55s/Msamples
        6155000   -103256.0917        27.7      -103135.6906      -120.4010 17m55s/Msamples
        6156000   -103261.5056        27.7      -103145.6858      -115.8197 17m55s/Msamples
        6157000   -103260.3387        27.7      -103140.5237      -119.8149 17m55s/Msamples
        6158000   -103261.6508        27.6      -103139.2151      -122.4357 17m55s/Msamples
        6159000   -103261.5521        27.6      -103132.7567      -128.7954 17m55s/Msamples
        6160000   -103261.2756        27.6      -103130.2899      -130.9857 17m55s/Msamples
        6161000   -103265.4549        27.5      -103137.4746      -127.9803 17m55s/Msamples
        6162000   -103268.2691        27.5      -103140.3226      -127.9464 17m55s/Msamples
        6163000   -103247.6471        27.5      -103131.3945      -116.2525 17m55s/Msamples
        6164000   -103256.6320        27.5      -103140.9638      -115.6682 17m55s/Msamples
        6165000   -103251.1978        27.5      -103132.9378      -118.2599 17m55s/Msamples
        6166000   -103249.5219        27.4      -103135.6216      -113.9002 17m55s/Msamples
        6167000   -103259.6476        27.4      -103146.7746      -112.8729 17m55s/Msamples
        6168000   -103262.2585        27.4      -103143.3758      -118.8827 17m55s/Msamples
        6169000   -103246.7212        27.4      -103141.9142      -104.8070 17m55s/Msamples
        6170000   -103247.1667        27.4      -103141.7070      -105.4597 17m55s/Msamples
        6171000   -103242.1072        27.3      -103137.1612      -104.9460 17m55s/Msamples
        6172000   -103248.0838        27.3      -103137.7652      -110.3186 17m55s/Msamples
        6173000   -103240.2536        27.3      -103136.2481      -104.0054 17m55s/Msamples
        6174000   -103246.8799        27.3      -103136.5667      -110.3132 17m55s/Msamples
        6175000   -103245.6914        27.3      -103134.2395      -111.4518 17m55s/Msamples
        6176000   -103254.1644        27.3      -103137.2429      -116.9215 17m55s/Msamples
        6177000   -103249.2688        27.3      -103134.1473      -115.1215 17m55s/Msamples
        6178000   -103242.2282        27.3      -103128.2818      -113.9464 17m55s/Msamples
        6179000   -103231.4450        27.3      -103131.7528       -99.6922 17m55s/Msamples
        6180000   -103237.2602        27.3      -103129.9509      -107.3093 17m55s/Msamples
        6181000   -103236.7000        27.3      -103137.7657       -98.9343 17m55s/Msamples
        6182000   -103228.2399        27.3      -103129.1111       -99.1288 17m55s/Msamples
        6183000   -103229.3533        27.3      -103128.2706      -101.0826 17m55s/Msamples
        6184000   -103241.5930        27.3      -103132.4497      -109.1432 17m55s/Msamples
        6185000   -103237.0453        27.3      -103134.9868      -102.0585 17m55s/Msamples
        6186000   -103253.6333        27.2      -103135.6474      -117.9859 17m55s/Msamples
        6187000   -103249.0287        27.2      -103141.9539      -107.0747 17m55s/Msamples
        6188000   -103240.9941        27.2      -103132.9095      -108.0845 17m55s/Msamples
        6189000   -103247.1360        27.2      -103137.9637      -109.1722 17m55s/Msamples
        6190000   -103248.3124        27.2      -103132.5163      -115.7960 17m55s/Msamples
        6191000   -103257.0189        27.2      -103139.6331      -117.3858 17m55s/Msamples
        6192000   -103250.0882        27.2      -103132.6439      -117.4442 17m55s/Msamples
        6193000   -103237.6992        27.2      -103132.2862      -105.4129 17m55s/Msamples
        6194000   -103237.5676        27.1      -103136.8949      -100.6726 17m55s/Msamples
        6195000   -103224.2461        27.2      -103127.2742       -96.9719 17m55s/Msamples
        6196000   -103226.1036        27.2      -103130.9796       -95.1239 17m55s/Msamples
        6197000   -103237.4949        27.2      -103127.9332      -109.5617 17m55s/Msamples
        6198000   -103227.1529        27.2      -103129.3246       -97.8282 17m55s/Msamples
        6199000   -103232.5381        27.2      -103126.5426      -105.9954 17m55s/Msamples
        6200000   -103235.7023        27.2      -103128.0340      -107.6683 17m55s/Msamples
        6201000   -103235.5205        27.2      -103124.7227      -110.7978 17m55s/Msamples
        6202000   -103229.0745        27.2      -103124.6492      -104.4252 17m55s/Msamples
        6203000   -103236.5023        27.2      -103129.7347      -106.7676 17m55s/Msamples
        6204000   -103217.2357        27.2      -103118.7939       -98.4418 17m55s/Msamples
        6205000   -103222.6525        27.2      -103125.4230       -97.2295 17m55s/Msamples
        6206000   -103226.6845        27.2      -103123.1656      -103.5188 17m55s/Msamples
        6207000   -103233.8494        27.2      -103133.5607      -100.2887 17m55s/Msamples
        6208000   -103239.4616        27.2      -103125.0669      -114.3946 17m55s/Msamples
        6209000   -103235.1508        27.2      -103127.2645      -107.8863 17m55s/Msamples
        6210000   -103223.9351        27.2      -103115.3191      -108.6160 17m55s/Msamples
        6211000   -103244.2366        27.2      -103128.0425      -116.1940 17m55s/Msamples
        6212000   -103232.3764        27.2      -103119.0917      -113.2846 17m55s/Msamples
        6213000   -103218.3355        27.3      -103114.6455      -103.6900 17m55s/Msamples
        6214000   -103229.7161        27.3      -103118.9016      -110.8144 17m55s/Msamples
        6215000   -103216.4947        27.3      -103115.4743      -101.0204 17m55s/Msamples
        6216000   -103238.0011        27.3      -103132.6203      -105.3808 17m55s/Msamples
        6217000   -103243.9222        27.3      -103134.3206      -109.6016 17m55s/Msamples
        6218000   -103237.6514        27.3      -103132.8945      -104.7569 17m55s/Msamples
        6219000   -103231.1134        27.3      -103129.4297      -101.6837 17m55s/Msamples
        6220000   -103232.9640        27.3      -103129.3884      -103.5756 17m55s/Msamples
        6221000   -103240.9971        27.3      -103131.0639      -109.9332 17m55s/Msamples
        6222000   -103234.7030        27.3      -103127.9224      -106.7805 17m55s/Msamples
        6223000   -103247.9319        27.3      -103140.1095      -107.8224 17m55s/Msamples
        6224000   -103238.9712        27.3      -103137.4118      -101.5593 17m55s/Msamples
        6225000   -103218.3184        27.3      -103122.8341       -95.4843 17m55s/Msamples
        6226000   -103223.4126        27.3      -103128.0417       -95.3708 17m55s/Msamples
        6227000   -103228.9622        27.3      -103123.1292      -105.8330 17m55s/Msamples
        6228000   -103230.5367        27.3      -103129.8065      -100.7301 17m55s/Msamples
        6229000   -103228.9267        27.3      -103125.0551      -103.8716 17m55s/Msamples
        6230000   -103237.4863        27.3      -103128.0149      -109.4714 17m55s/Msamples
        6231000   -103232.3721        27.3      -103127.1570      -105.2150 17m55s/Msamples
        6232000   -103235.9508        27.3      -103124.9481      -111.0027 17m55s/Msamples
        6233000   -103227.3348        27.3      -103123.6960      -103.6387 17m55s/Msamples
        6234000   -103231.1587        27.3      -103125.3392      -105.8195 17m55s/Msamples
        6235000   -103241.0125        27.3      -103131.1725      -109.8400 17m55s/Msamples
        6236000   -103249.2949        27.3      -103132.7084      -116.5864 17m55s/Msamples
        6237000   -103245.1160        27.3      -103138.5035      -106.6124 17m55s/Msamples
        6238000   -103242.4197        27.3      -103132.5741      -109.8456 17m55s/Msamples
        6239000   -103244.0005        27.3      -103134.8198      -109.1807 17m55s/Msamples
        6240000   -103247.6429        27.3      -103136.9808      -110.6621 17m55s/Msamples
        6241000   -103252.7212        27.2      -103140.1485      -112.5727 17m55s/Msamples
        6242000   -103242.7005        27.2      -103135.3841      -107.3164 17m55s/Msamples
        6243000   -103227.0755        27.2      -103128.6541       -98.4213 17m55s/Msamples
        6244000   -103242.1712        27.2      -103138.8383      -103.3329 17m55s/Msamples
        6245000   -103243.7732        27.2      -103130.6981      -113.0750 17m55s/Msamples
        6246000   -103253.5391        27.2      -103133.2575      -120.2816 17m55s/Msamples
        6247000   -103249.0246        27.2      -103133.7442      -115.2804 17m55s/Msamples
        6248000   -103243.1099        27.2      -103129.7262      -113.3837 17m55s/Msamples
        6249000   -103245.1873        27.2      -103130.2156      -114.9716 17m55s/Msamples
        6250000   -103241.2391        27.2      -103124.6557      -116.5833 17m55s/Msamples
        6251000   -103229.7853        27.2      -103117.7176      -112.0677 17m55s/Msamples
        6252000   -103235.8080        27.2      -103121.7171      -114.0908 17m55s/Msamples
        6253000   -103235.6868        27.2      -103118.5680      -117.1188 17m55s/Msamples
        6254000   -103248.9773        27.2      -103131.2584      -117.7189 17m55s/Msamples
        6255000   -103232.9853        27.2      -103124.8605      -108.1248 17m55s/Msamples
        6256000   -103244.5001        27.2      -103132.6315      -111.8686 17m55s/Msamples
        6257000   -103243.8538        27.1      -103128.7441      -115.1097 17m55s/Msamples
        6258000   -103249.1720        27.1      -103129.0280      -120.1439 17m55s/Msamples
        6259000   -103256.1510        27.1      -103132.8644      -123.2865 17m55s/Msamples
        6260000   -103257.7654        27.1      -103128.5911      -129.1742 17m55s/Msamples
        6261000   -103242.2543        27.1      -103119.7829      -122.4714 17m55s/Msamples
        6262000   -103234.9269        27.1      -103119.8345      -115.0923 17m55s/Msamples
        6263000   -103236.4055        27.1      -103117.2038      -119.2016 17m55s/Msamples
        6264000   -103241.9530        27.1      -103121.9434      -120.0095 17m55s/Msamples
        6265000   -103245.6568        27.1      -103128.9247      -116.7321 17m55s/Msamples
        6266000   -103246.5548        27.1      -103129.1928      -117.3619 17m55s/Msamples
        6267000   -103243.0233        27.1      -103126.1941      -116.8292 17m55s/Msamples
        6268000   -103256.4875        27.0      -103133.8976      -122.5899 17m55s/Msamples
        6269000   -103251.6911        27.0      -103135.8470      -115.8441 17m55s/Msamples
        6270000   -103249.9122        27.0      -103141.3088      -108.6033 17m55s/Msamples
        6271000   -103245.5272        27.0      -103127.6003      -117.9268 17m55s/Msamples
        6272000   -103227.7662        27.0      -103116.4050      -111.3612 17m55s/Msamples
        6273000   -103228.1843        27.0      -103123.3361      -104.8482 17m55s/Msamples
        6274000   -103237.0114        27.0      -103121.5032      -115.5081 17m55s/Msamples
        6275000   -103242.0805        27.0      -103121.8747      -120.2057 17m55s/Msamples
        6276000   -103251.2125        27.0      -103126.8739      -124.3386 17m55s/Msamples
        6277000   -103250.1128        27.0      -103134.2007      -115.9120 17m55s/Msamples
        6278000   -103243.0082        27.0      -103127.1259      -115.8823 17m55s/Msamples
        6279000   -103242.2877        27.0      -103126.1071      -116.1805 17m55s/Msamples
        6280000   -103244.8138        27.0      -103122.2443      -122.5694 17m55s/Msamples
        6281000   -103242.1695        27.0      -103127.0065      -115.1630 17m55s/Msamples
        6282000   -103232.2668        27.0      -103124.7675      -107.4992 17m55s/Msamples
        6283000   -103242.2270        26.9      -103124.5881      -117.6389 17m55s/Msamples
        6284000   -103239.2128        26.9      -103123.0877      -116.1250 17m55s/Msamples
        6285000   -103247.7612        26.9      -103122.6050      -125.1562 17m55s/Msamples
        6286000   -103241.2965        26.9      -103116.2904      -125.0061 17m55s/Msamples
        6287000   -103235.7421        26.9      -103122.7054      -113.0366 17m55s/Msamples
        6288000   -103249.6353        26.9      -103133.0365      -116.5988 17m55s/Msamples
        6289000   -103255.0198        26.9      -103137.8392      -117.1805 17m55s/Msamples
        6290000   -103256.4920        26.9      -103136.2257      -120.2662 17m55s/Msamples
        6291000   -103247.1972        26.9      -103128.2065      -118.9906 17m55s/Msamples
        6292000   -103251.2714        26.9      -103127.3585      -123.9129 17m55s/Msamples
        6293000   -103245.1750        26.8      -103124.2148      -120.9601 17m55s/Msamples
        6294000   -103247.6560        26.8      -103124.5527      -123.1032 17m55s/Msamples
        6295000   -103253.4789        26.8      -103130.4937      -122.9852 17m55s/Msamples
        6296000   -103244.8209        26.8      -103126.6970      -118.1238 17m55s/Msamples
        6297000   -103251.8657        26.8      -103133.7817      -118.0839 17m55s/Msamples
        6298000   -103253.7311        26.8      -103128.9298      -124.8012 17m55s/Msamples
        6299000   -103256.6122        26.8      -103131.1081      -125.5040 17m55s/Msamples
        6300000   -103259.9168        26.7      -103136.5108      -123.4060 17m55s/Msamples
        6301000   -103257.5123        26.7      -103135.3013      -122.2110 17m55s/Msamples
        6302000   -103273.4876        26.6      -103139.0526      -134.4350 17m55s/Msamples
        6303000   -103265.0408        26.6      -103139.9600      -125.0808 17m55s/Msamples
        6304000   -103276.1347        26.6      -103148.0320      -128.1027 17m55s/Msamples
        6305000   -103281.3827        26.6      -103150.9415      -130.4411 17m55s/Msamples
        6306000   -103259.1136        26.5      -103140.6969      -118.4166 17m55s/Msamples
        6307000   -103249.4359        26.5      -103135.7322      -113.7036 17m55s/Msamples
        6308000   -103252.7034        26.5      -103135.9764      -116.7270 17m55s/Msamples
        6309000   -103256.9531        26.5      -103134.5778      -122.3752 17m55s/Msamples
        6310000   -103245.6635        26.5      -103131.3632      -114.3002 17m55s/Msamples
        6311000   -103243.5182        26.5      -103123.1961      -120.3221 17m55s/Msamples
        6312000   -103252.8205        26.5      -103125.7969      -127.0236 17m55s/Msamples
        6313000   -103246.9644        26.4      -103122.3234      -124.6409 17m55s/Msamples
        6314000   -103243.8926        26.4      -103116.3003      -127.5923 17m55s/Msamples
        6315000   -103256.6078        26.4      -103117.5315      -139.0762 17m55s/Msamples
        6316000   -103255.0965        26.4      -103119.9611      -135.1353 17m55s/Msamples
        6317000   -103270.1826        26.4      -103125.9008      -144.2817 17m55s/Msamples
        6318000   -103269.4641        26.3      -103127.9002      -141.5638 17m55s/Msamples
        6319000   -103273.1915        26.3      -103129.7801      -143.4114 17m55s/Msamples
        6320000   -103256.1390        26.3      -103128.2171      -127.9219 17m55s/Msamples
        6321000   -103260.4025        26.3      -103133.2613      -127.1411 17m55s/Msamples
        6322000   -103260.6995        26.3      -103134.9923      -125.7072 17m55s/Msamples
        6323000   -103247.7639        26.2      -103123.7780      -123.9859 17m55s/Msamples
        6324000   -103242.1057        26.2      -103128.4459      -113.6597 17m55s/Msamples
        6325000   -103251.7046        26.2      -103135.9325      -115.7720 17m55s/Msamples
        6326000   -103261.2894        26.2      -103138.7681      -122.5213 17m55s/Msamples
        6327000   -103263.7650        26.2      -103134.5114      -129.2535 17m55s/Msamples
        6328000   -103254.7480        26.2      -103128.5632      -126.1847 17m55s/Msamples
        6329000   -103268.3182        26.1      -103135.4391      -132.8791 17m55s/Msamples
        6330000   -103256.5363        26.1      -103128.7001      -127.8362 17m55s/Msamples
        6331000   -103257.2619        26.1      -103132.6140      -124.6478 17m55s/Msamples
        6332000   -103246.3741        26.1      -103128.7973      -117.5768 17m55s/Msamples
        6333000   -103253.2973        26.1      -103134.6785      -118.6187 17m55s/Msamples
        6334000   -103248.7121        26.1      -103130.3337      -118.3783 17m55s/Msamples
        6335000   -103251.6982        26.0      -103133.2989      -118.3993 17m55s/Msamples
        6336000   -103252.1916        26.0      -103133.3228      -118.8688 17m55s/Msamples
        6337000   -103258.3680        26.0      -103133.7773      -124.5907 17m55s/Msamples
        6338000   -103258.2242        26.0      -103130.7300      -127.4941 17m55s/Msamples
        6339000   -103259.2061        26.0      -103132.1092      -127.0969 17m55s/Msamples
        6340000   -103254.9855        26.0      -103132.5546      -122.4308 17m55s/Msamples
        6341000   -103259.6221        25.9      -103130.9724      -128.6497 17m55s/Msamples
        6342000   -103258.5090        25.9      -103133.3011      -125.2079 17m55s/Msamples
        6343000   -103257.7715        25.9      -103131.8962      -125.8752 17m55s/Msamples
        6344000   -103258.0626        25.9      -103131.7267      -126.3358 17m55s/Msamples
        6345000   -103261.7048        25.9      -103139.7155      -121.9892 17m55s/Msamples
        6346000   -103246.4329        25.8      -103130.1421      -116.2908 17m55s/Msamples
        6347000   -103257.6319        25.8      -103128.4864      -129.1455 17m55s/Msamples
        6348000   -103252.2210        25.8      -103122.5026      -129.7183 17m55s/Msamples
        6349000   -103256.3748        25.8      -103128.2872      -128.0876 17m55s/Msamples
        6350000   -103267.3270        25.8      -103133.1985      -134.1284 17m55s/Msamples
        6351000   -103253.4081        25.8      -103124.4744      -128.9337 17m55s/Msamples
        6352000   -103252.2146        25.7      -103124.5094      -127.7052 17m55s/Msamples
        6353000   -103263.9865        25.7      -103130.2564      -133.7300 17m55s/Msamples
        6354000   -103263.5904        25.7      -103129.5205      -134.0699 17m55s/Msamples
        6355000   -103270.0934        25.7      -103131.5675      -138.5258 17m55s/Msamples
        6356000   -103263.0871        25.7      -103129.5743      -133.5128 17m55s/Msamples
        6357000   -103253.9987        25.6      -103127.2085      -126.7902 17m55s/Msamples
        6358000   -103263.6640        25.6      -103132.6735      -130.9904 17m55s/Msamples
        6359000   -103258.2739        25.6      -103128.7156      -129.5583 17m55s/Msamples
        6360000   -103253.7988        24.3      -103129.9154      -123.8834 17m55s/Msamples
        6361000   -103255.7312        24.3      -103126.6446      -129.0866 17m55s/Msamples
        6362000   -103254.0076        24.3      -103134.2527      -119.7548 17m55s/Msamples
        6363000   -103257.3351        24.3      -103131.4415      -125.8935 17m55s/Msamples
        6364000   -103247.3921        24.2      -103128.2275      -119.1645 17m55s/Msamples
        6365000   -103255.5252        24.2      -103133.2507      -122.2744 17m55s/Msamples
        6366000   -103255.8251        24.2      -103128.6256      -127.1995 17m55s/Msamples
        6367000   -103251.4649        24.2      -103126.4006      -125.0643 17m55s/Msamples
        6368000   -103247.8688        24.2      -103132.4403      -115.4285 17m55s/Msamples
        6369000   -103235.8847        24.2      -103131.5178      -104.3669 17m55s/Msamples
        6370000   -103222.8377        24.2      -103122.6197      -100.2179 17m55s/Msamples
        6371000   -103235.7251        24.2      -103129.9551      -105.7700 17m55s/Msamples
        6372000   -103221.4630        24.2      -103120.6487      -100.8143 17m55s/Msamples
        6373000   -103218.6422        24.2      -103120.8409       -97.8012 17m55s/Msamples
        6374000   -103219.6543        24.3      -103118.4392      -101.2151 17m55s/Msamples
        6375000   -103232.8771        24.3      -103122.8221      -110.0550 17m55s/Msamples
        6376000   -103226.5322        24.3      -103119.1965      -107.3357 17m55s/Msamples
        6377000   -103235.2090        24.3      -103126.2358      -108.9732 17m55s/Msamples
        6378000   -103233.4870        24.3      -103120.6191      -112.8679 17m55s/Msamples
        6379000   -103230.3669        24.3      -103120.0804      -110.2865 17m55s/Msamples
        6380000   -103220.8461        24.3      -103114.6975      -106.1486 17m55s/Msamples
        6381000   -103227.0506        24.3      -103117.7640      -109.2865 17m55s/Msamples
        6382000   -103241.3318        24.3      -103122.7111      -118.6206 17m55s/Msamples
        6383000   -103247.8700        24.3      -103127.0721      -120.7979 17m55s/Msamples
        6384000   -103237.3612        24.3      -103127.2137      -110.1474 17m55s/Msamples
        6385000   -103251.8740        24.3      -103131.3898      -120.4842 17m55s/Msamples
        6386000   -103257.4817        24.3      -103129.7227      -127.7590 17m55s/Msamples
        6387000   -103255.2360        24.2      -103124.0714      -131.1645 17m55s/Msamples
        6388000   -103249.6865        24.2      -103128.4521      -121.2344 17m55s/Msamples
        6389000   -103259.4290        24.2      -103131.8726      -127.5563 17m55s/Msamples
        6390000   -103254.5990        24.2      -103123.9120      -130.6870 17m55s/Msamples
        6391000   -103267.0224        24.2      -103130.0098      -137.0125 17m55s/Msamples
        6392000   -103246.9076        24.1      -103126.2419      -120.6657 17m55s/Msamples
        6393000   -103240.5355        24.1      -103125.3801      -115.1553 17m55s/Msamples
        6394000   -103244.1891        24.1      -103131.4468      -112.7423 17m55s/Msamples
        6395000   -103234.9645        24.1      -103121.5838      -113.3806 17m55s/Msamples
        6396000   -103226.6644        24.1      -103121.8517      -104.8127 17m55s/Msamples
        6397000   -103237.5210        24.1      -103123.2983      -114.2227 17m55s/Msamples
        6398000   -103232.7003        24.1      -103123.8521      -108.8481 17m55s/Msamples
        6399000   -103223.2393        24.2      -103122.3292      -100.9101 17m55s/Msamples
        6400000   -103216.7176        24.2      -103114.0038      -102.7138 17m55s/Msamples
        6401000   -103217.9948        24.2      -103121.9828       -96.0119 17m55s/Msamples
        6402000   -103227.0964        24.2      -103121.9552      -105.1411 17m55s/Msamples
        6403000   -103231.8971        24.2      -103125.7819      -106.1151 17m55s/Msamples
        6404000   -103219.9440        24.2      -103118.5084      -101.4356 17m55s/Msamples
        6405000   -103227.9999        24.3      -103130.7412       -97.2587 17m55s/Msamples
        6406000   -103211.6195        24.3      -103118.5040       -93.1155 17m55s/Msamples
        6407000   -103218.9880        24.3      -103123.8541       -95.1339 17m55s/Msamples
        6408000   -103205.2275        24.4      -103115.5065       -89.7209 17m55s/Msamples
        6409000   -103215.1590        24.4      -103114.1358      -101.0232 17m55s/Msamples
        6410000   -103220.8481        24.4      -103111.5376      -109.3104 17m55s/Msamples
        6411000   -103232.4356        24.4      -103118.6624      -113.7731 17m55s/Msamples
        6412000   -103225.7298        24.4      -103118.8822      -106.8475 17m55s/Msamples
        6413000   -103230.3913        24.4      -103120.7804      -109.6109 17m55s/Msamples
        6414000   -103223.5685        24.5      -103121.7812      -101.7872 17m55s/Msamples
        6415000   -103215.5148        24.5      -103118.1074       -97.4074 17m55s/Msamples
        6416000   -103208.3127        24.5      -103119.0710       -89.2417 17m55s/Msamples
        6417000   -103232.4157        24.5      -103124.8972      -107.5184 17m55s/Msamples
        6418000   -103232.9078        24.5      -103120.8763      -112.0314 17m55s/Msamples
        6419000   -103225.9821        24.5      -103117.5971      -108.3850 17m55s/Msamples
        6420000   -103199.4240        24.6      -103107.2774       -92.1465 17m55s/Msamples
        6421000   -103212.7801        24.6      -103117.8390       -94.9410 17m55s/Msamples
        6422000   -103215.9234        24.7      -103111.6784      -104.2449 17m55s/Msamples
        6423000   -103220.4520        24.7      -103118.8154      -101.6365 17m55s/Msamples
        6424000   -103215.0337        24.7      -103116.0253       -99.0083 17m55s/Msamples
        6425000   -103214.7212        24.7      -103112.8177      -101.9035 17m55s/Msamples
        6426000   -103209.0745        24.8      -103112.0721       -97.0023 17m55s/Msamples
        6427000   -103202.9494        24.8      -103112.7398       -90.2096 17m55s/Msamples
        6428000   -103202.6552        24.9      -103115.4305       -87.2246 17m55s/Msamples
        6429000   -103214.9200        24.9      -103123.6429       -91.2771 17m55s/Msamples
        6430000   -103209.7129        24.9      -103114.9280       -94.7848 17m55s/Msamples
        6431000   -103206.3818        25.0      -103107.7546       -98.6272 17m55s/Msamples
        6432000   -103224.7326        25.0      -103115.7443      -108.9882 17m55s/Msamples
        6433000   -103236.5490        25.0      -103118.8335      -117.7154 17m55s/Msamples
        6434000   -103229.9154        25.0      -103120.8393      -109.0760 17m55s/Msamples
        6435000   -103223.8264        25.0      -103117.0157      -106.8107 17m55s/Msamples
        6436000   -103216.0076        25.1      -103106.9342      -109.0734 17m55s/Msamples
        6437000   -103208.0936        25.1      -103107.1201      -100.9734 17m55s/Msamples
        6438000   -103222.9782        25.1      -103118.2522      -104.7260 17m55s/Msamples
        6439000   -103223.5573        25.1      -103119.8028      -103.7544 17m55s/Msamples
        6440000   -103219.0371        25.1      -103114.3423      -104.6948 17m55s/Msamples
        6441000   -103225.7727        25.2      -103117.6847      -108.0880 17m55s/Msamples
        6442000   -103229.8952        25.2      -103114.7053      -115.1899 17m55s/Msamples
        6443000   -103231.5232        25.2      -103115.7110      -115.8121 17m55s/Msamples
        6444000   -103237.9761        25.2      -103125.3371      -112.6390 17m55s/Msamples
        6445000   -103242.2350        25.2      -103126.7579      -115.4770 17m55s/Msamples
        6446000   -103245.2876        25.2      -103129.8746      -115.4129 17m55s/Msamples
        6447000   -103245.0044        25.1      -103127.1764      -117.8279 17m55s/Msamples
        6448000   -103243.9657        25.1      -103126.6743      -117.2913 17m55s/Msamples
        6449000   -103230.0682        25.1      -103124.4755      -105.5926 17m55s/Msamples
        6450000   -103234.2745        25.1      -103129.0811      -105.1934 17m55s/Msamples
        6451000   -103233.1602        25.1      -103124.6863      -108.4738 17m55s/Msamples
        6452000   -103227.5535        25.2      -103126.0594      -101.4940 17m55s/Msamples
        6453000   -103230.4449        25.2      -103132.0427       -98.4021 17m55s/Msamples
        6454000   -103217.0297        25.2      -103121.6047       -95.4250 17m55s/Msamples
        6455000   -103213.6321        25.2      -103119.1965       -94.4355 17m55s/Msamples
        6456000   -103219.8727        25.2      -103116.3280      -103.5446 17m55s/Msamples
        6457000   -103217.8203        25.3      -103103.7958      -114.0244 17m55s/Msamples
        6458000   -103207.6861        25.3      -103105.5863      -102.0997 17m55s/Msamples
        6459000   -103221.0607        25.3      -103115.6494      -105.4113 17m55s/Msamples
        6460000   -103203.6743        25.4      -103103.9948       -99.6794 17m55s/Msamples
        6461000   -103210.5239        25.4      -103108.6247      -101.8992 17m55s/Msamples
        6462000   -103224.3245        25.4      -103125.2328       -99.0917 17m55s/Msamples
        6463000   -103212.3826        25.5      -103115.2337       -97.1489 17m55s/Msamples
        6464000   -103222.0645        25.5      -103109.2685      -112.7959 17m55s/Msamples
        6465000   -103224.5961        25.5      -103119.5546      -105.0414 17m55s/Msamples
        6466000   -103230.0922        25.5      -103123.2864      -106.8058 17m55s/Msamples
        6467000   -103235.6498        25.5      -103123.8219      -111.8279 17m55s/Msamples
        6468000   -103226.7787        25.5      -103119.4192      -107.3595 17m55s/Msamples
        6469000   -103221.3384        25.5      -103117.2106      -104.1277 17m55s/Msamples
        6470000   -103228.2781        25.5      -103124.4848      -103.7932 17m55s/Msamples
        6471000   -103228.0137        25.5      -103122.0724      -105.9412 17m55s/Msamples
        6472000   -103225.1480        25.6      -103121.4464      -103.7016 17m55s/Msamples
        6473000   -103221.1522        25.6      -103117.4994      -103.6527 17m55s/Msamples
        6474000   -103213.1082        25.6      -103118.1864       -94.9218 17m55s/Msamples
        6475000   -103216.6311        25.6      -103122.4725       -94.1586 17m55s/Msamples
        6476000   -103218.6923        26.9      -103123.5535       -95.1388 17m55s/Msamples
        6477000   -103225.2136        26.9      -103120.2147      -104.9989 17m55s/Msamples
        6478000   -103211.1609        26.9      -103120.3768       -90.7840 17m55s/Msamples
        6479000   -103206.0594        26.9      -103119.6627       -86.3967 17m55s/Msamples
        6480000   -103207.0614        27.0      -103123.8461       -83.2152 17m55s/Msamples
        6481000   -103201.0113        27.0      -103114.9081       -86.1032 17m55s/Msamples
        6482000   -103212.1072        27.0      -103122.8581       -89.2491 17m55s/Msamples
        6483000   -103223.4176        27.1      -103123.8082       -99.6094 17m55s/Msamples
        6484000   -103216.9259        27.1      -103118.8827       -98.0432 17m55s/Msamples
        6485000   -103213.8666        27.1      -103116.8060       -97.0605 17m55s/Msamples
        6486000   -103211.5656        27.1      -103118.6387       -92.9269 17m55s/Msamples
        6487000   -103222.9634        27.1      -103118.5794      -104.3840 17m55s/Msamples
        6488000   -103229.2698        27.2      -103122.7068      -106.5630 17m55s/Msamples
        6489000   -103232.2349        27.2      -103125.0699      -107.1649 17m55s/Msamples
        6490000   -103224.4508        27.2      -103117.9257      -106.5250 17m55s/Msamples
        6491000   -103234.1561        27.2      -103130.5220      -103.6340 17m55s/Msamples
        6492000   -103221.5531        27.2      -103114.9894      -106.5636 17m55s/Msamples
        6493000   -103210.5994        27.2      -103116.2650       -94.3344 17m55s/Msamples
        6494000   -103209.3195        27.4      -103111.7164       -97.6031 17m55s/Msamples
        6495000   -103223.6024        27.4      -103119.5992      -104.0031 17m55s/Msamples
        6496000   -103213.1911        27.4      -103112.3264      -100.8647 17m55s/Msamples
        6497000   -103207.7782        27.5      -103110.6374       -97.1408 17m55s/Msamples
        6498000   -103203.7937        27.5      -103110.9481       -92.8455 17m55s/Msamples
        6499000   -103202.5968        27.5      -103112.4422       -90.1545 17m55s/Msamples
        6500000   -103207.7214        27.6      -103118.9921       -88.7293 17m55s/Msamples
        6501000   -103216.3437        27.6      -103123.9859       -92.3578 17m55s/Msamples
        6502000   -103207.8814        27.6      -103112.2956       -95.5858 17m55s/Msamples
        6503000   -103225.1664        27.6      -103132.7906       -92.3757 17m55s/Msamples
        6504000   -103219.5452        27.6      -103121.7317       -97.8134 17m55s/Msamples
        6505000   -103229.5910        27.6      -103124.5565      -105.0345 17m55s/Msamples
        6506000   -103238.8058        27.6      -103128.2197      -110.5861 17m55s/Msamples
        6507000   -103228.3194        27.6      -103121.7370      -106.5823 17m55s/Msamples
        6508000   -103232.2037        27.6      -103121.3899      -110.8138 17m55s/Msamples
        6509000   -103236.3855        27.6      -103127.9493      -108.4362 17m55s/Msamples
        6510000   -103235.2992        27.6      -103127.2763      -108.0229 17m55s/Msamples
        6511000   -103237.4074        27.6      -103129.0029      -108.4044 17m55s/Msamples
        6512000   -103236.5908        27.6      -103131.0187      -105.5721 17m55s/Msamples
        6513000   -103238.2647        27.7      -103123.9817      -114.2829 17m55s/Msamples
        6514000   -103233.2575        27.7      -103122.5465      -110.7109 17m55s/Msamples
        6515000   -103226.4653        27.7      -103120.2986      -106.1667 17m55s/Msamples
        6516000   -103207.9506        27.7      -103116.2471       -91.7035 17m55s/Msamples
        6517000   -103207.6318        27.7      -103117.1486       -90.4831 17m55s/Msamples
        6518000   -103215.0649        27.7      -103123.7787       -91.2861 17m55s/Msamples
        6519000   -103215.1297        27.7      -103112.9782      -102.1515 17m55s/Msamples
        6520000   -103209.7364        27.8      -103117.8326       -91.9037 17m55s/Msamples
        6521000   -103213.5601        27.8      -103125.7584       -87.8017 17m55s/Msamples
        6522000   -103218.9398        27.8      -103123.7258       -95.2139 17m55s/Msamples
        6523000   -103218.8219        27.8      -103123.4272       -95.3947 17m55s/Msamples
        6524000   -103217.0036        27.8      -103116.8966      -100.1069 17m55s/Msamples
        6525000   -103213.1137        27.8      -103116.9453       -96.1683 17m55s/Msamples
        6526000   -103218.5106        27.9      -103116.5295      -101.9811 17m55s/Msamples
        6527000   -103211.3581        27.9      -103116.8013       -94.5568 17m55s/Msamples
        6528000   -103200.8112        27.9      -103114.4859       -86.3252 17m55s/Msamples
        6529000   -103202.1444        27.9      -103115.9673       -86.1770 17m55s/Msamples
        6530000   -103196.4774        28.0      -103116.3119       -80.1654 17m55s/Msamples
        6531000   -103206.1708        28.0      -103117.2759       -88.8948 17m55s/Msamples
        6532000   -103214.2328        28.0      -103120.2831       -93.9496 17m55s/Msamples
        6533000   -103201.9495        28.0      -103113.5185       -88.4310 17m55s/Msamples
        6534000   -103206.4166        28.1      -103117.3880       -89.0286 17m55s/Msamples
        6535000   -103215.7891        28.1      -103118.4505       -97.3386 17m55s/Msamples
        6536000   -103218.6469        28.1      -103121.0607       -97.5861 17m55s/Msamples
        6537000   -103235.8909        28.1      -103123.3907      -112.5002 17m55s/Msamples
        6538000   -103225.7363        28.1      -103121.6525      -104.0837 17m55s/Msamples
        6539000   -103221.3299        28.1      -103120.2781      -101.0518 17m55s/Msamples
        6540000   -103229.3936        28.1      -103122.5839      -106.8097 17m55s/Msamples
        6541000   -103228.6588        28.1      -103128.8174       -99.8413 17m55s/Msamples
        6542000   -103235.9811        28.1      -103131.2960      -104.6851 17m55s/Msamples
        6543000   -103226.0347        28.1      -103130.3815       -95.6531 17m55s/Msamples
        6544000   -103236.3749        28.1      -103130.1684      -106.2065 17m55s/Msamples
        6545000   -103238.4430        28.1      -103135.1887      -103.2542 17m55s/Msamples
        6546000   -103231.6128        28.1      -103130.8165      -100.7962 17m55s/Msamples
        6547000   -103228.4143        28.2      -103127.3693      -101.0449 17m55s/Msamples
        6548000   -103242.1931        28.2      -103138.5021      -103.6909 17m55s/Msamples
        6549000   -103248.6029        28.2      -103140.2726      -108.3302 17m55s/Msamples
        6550000   -103241.3215        28.2      -103132.7338      -108.5876 17m55s/Msamples
        6551000   -103248.4485        28.2      -103132.8706      -115.5779 17m55s/Msamples
        6552000   -103261.4242        28.2      -103145.1969      -116.2272 17m55s/Msamples
        6553000   -103267.5884        28.2      -103149.0459      -118.5424 17m55s/Msamples
        6554000   -103260.5352        28.2      -103149.6308      -110.9043 17m55s/Msamples
        6555000   -103252.3158        28.2      -103143.8423      -108.4735 17m55s/Msamples
        6556000   -103238.2535        28.2      -103135.6817      -102.5717 17m55s/Msamples
        6557000   -103241.0367        28.2      -103136.3585      -104.6781 17m55s/Msamples
        6558000   -103247.4254        28.2      -103136.9375      -110.4879 17m55s/Msamples
        6559000   -103247.7412        28.2      -103137.4337      -110.3074 17m55s/Msamples
        6560000   -103248.3408        28.2      -103141.3097      -107.0311 17m55s/Msamples
        6561000   -103250.6112        28.2      -103136.5709      -114.0402 17m55s/Msamples
        6562000   -103246.3715        28.2      -103136.9136      -109.4579 17m55s/Msamples
        6563000   -103235.6183        28.2      -103122.4916      -113.1267 17m55s/Msamples
        6564000   -103243.7193        28.2      -103131.2633      -112.4559 17m55s/Msamples
        6565000   -103235.8019        28.2      -103126.4864      -109.3155 17m55s/Msamples
        6566000   -103228.2472        28.2      -103125.7318      -102.5153 17m55s/Msamples
        6567000   -103223.1253        28.2      -103122.0330      -101.0923 17m55s/Msamples
        6568000   -103233.9956        28.2      -103127.5588      -106.4367 17m55s/Msamples
        6569000   -103227.1083        28.2      -103119.3929      -107.7153 17m55s/Msamples
        6570000   -103221.7417        28.2      -103123.4532       -98.2884 17m55s/Msamples
        6571000   -103217.9166        28.2      -103116.4967      -101.4198 17m55s/Msamples
        6572000   -103222.3746        28.3      -103120.9256      -101.4490 17m55s/Msamples
        6573000   -103209.2677        28.3      -103115.7124       -93.5553 17m55s/Msamples
        6574000   -103203.9320        28.3      -103109.9594       -93.9725 17m55s/Msamples
        6575000   -103205.2463        28.3      -103111.4440       -93.8023 17m55s/Msamples
        6576000   -103210.4286        28.3      -103108.6540      -101.7745 17m55s/Msamples
        6577000   -103208.6733        28.4      -103106.4723      -102.2009 17m55s/Msamples
        6578000   -103215.2199        28.4      -103112.2084      -103.0114 17m55s/Msamples
        6579000   -103214.7966        28.4      -103118.2838       -96.5128 17m55s/Msamples
        6580000   -103214.3367        28.4      -103117.4301       -96.9065 17m55s/Msamples
        6581000   -103208.9470        28.4      -103114.6205       -94.3265 17m55s/Msamples
        6582000   -103218.4357        28.4      -103113.6899      -104.7458 17m55s/Msamples
        6583000   -103218.6582        28.4      -103114.2120      -104.4462 17m55s/Msamples
        6584000   -103211.8751        28.5      -103110.6270      -101.2480 17m55s/Msamples
        6585000   -103224.3964        28.5      -103117.0875      -107.3089 17m55s/Msamples
        6586000   -103220.4327        28.5      -103114.8521      -105.5805 17m55s/Msamples
        6587000   -103233.8789        28.5      -103115.5508      -118.3281 17m55s/Msamples
        6588000   -103234.3782        28.5      -103119.4065      -114.9717 17m55s/Msamples
        6589000   -103253.0008        28.5      -103124.2706      -128.7302 17m55s/Msamples
        6590000   -103245.2048        28.5      -103120.5042      -124.7006 17m55s/Msamples
        6591000   -103236.5931        28.5      -103126.8914      -109.7017 17m55s/Msamples
        6592000   -103242.0408        28.5      -103121.7178      -120.3229 17m55s/Msamples
        6593000   -103235.9707        28.5      -103125.0850      -110.8856 17m55s/Msamples
        6594000   -103226.5912        28.5      -103117.8579      -108.7333 17m55s/Msamples
        6595000   -103228.2046        28.5      -103113.8847      -114.3199 17m55s/Msamples
        6596000   -103239.1478        28.5      -103122.4465      -116.7013 17m55s/Msamples
        6597000   -103241.1783        28.5      -103118.9816      -122.1967 17m55s/Msamples
        6598000   -103226.9405        28.5      -103124.1958      -102.7446 17m55s/Msamples
        6599000   -103208.2084        28.6      -103112.0820       -96.1263 17m55s/Msamples
        6600000   -103211.5010        28.6      -103117.2738       -94.2271 17m55s/Msamples
        6601000   -103209.8776        28.6      -103116.0235       -93.8541 17m55s/Msamples
        6602000   -103203.2086        28.6      -103112.6438       -90.5647 17m55s/Msamples
        6603000   -103203.2302        28.6      -103111.2062       -92.0239 17m55s/Msamples
        6604000   -103208.9649        28.6      -103112.2295       -96.7354 17m55s/Msamples
        6605000   -103211.6691        28.7      -103110.6277      -101.0414 17m55s/Msamples
        6606000   -103219.0630        28.7      -103118.7756      -100.2873 17m55s/Msamples
        6607000   -103207.5518        28.7      -103113.5959       -93.9558 17m55s/Msamples
        6608000   -103204.7916        28.7      -103112.5418       -92.2498 17m55s/Msamples
        6609000   -103230.5544        28.7      -103119.3834      -111.1710 17m55s/Msamples
        6610000   -103225.8594        28.7      -103120.7461      -105.1132 17m55s/Msamples
        6611000   -103214.6611        28.7      -103112.5860      -102.0750 17m55s/Msamples
        6612000   -103222.4990        28.7      -103115.0542      -107.4447 17m55s/Msamples
        6613000   -103205.0729        28.8      -103104.4385      -100.6343 17m55s/Msamples
        6614000   -103200.9838        28.8      -103109.9753       -91.0085 17m55s/Msamples
        6615000   -103193.7074        28.8      -103105.8239       -87.8834 17m55s/Msamples
        6616000   -103197.6165        28.8      -103106.3133       -91.3032 17m55s/Msamples
        6617000   -103201.5970        28.9      -103107.9095       -93.6875 17m55s/Msamples
        6618000   -103209.5678        28.9      -103110.6190       -98.9488 17m55s/Msamples
        6619000   -103221.5610        28.9      -103116.6707      -104.8902 17m55s/Msamples
        6620000   -103228.0618        28.9      -103117.4620      -110.5997 17m55s/Msamples
        6621000   -103213.1145        28.9      -103117.9133       -95.2011 17m55s/Msamples
        6622000   -103213.0177        28.9      -103115.7488       -97.2689 17m55s/Msamples
        6623000   -103211.5038        28.9      -103112.3790       -99.1247 17m55s/Msamples
        6624000   -103209.2302        28.9      -103109.7957       -99.4345 17m55s/Msamples
        6625000   -103211.4066        28.9      -103110.1821      -101.2244 17m55s/Msamples
        6626000   -103214.7206        29.0      -103113.8049      -100.9156 17m55s/Msamples
        6627000   -103217.8880        29.0      -103120.8750       -97.0130 17m55s/Msamples
        6628000   -103207.6430        29.0      -103110.0402       -97.6027 17m55s/Msamples
        6629000   -103214.0048        29.0      -103120.9723       -93.0325 17m55s/Msamples
        6630000   -103204.3937        29.0      -103111.8869       -92.5067 17m55s/Msamples
        6631000   -103200.5910        29.0      -103111.3290       -89.2620 17m55s/Msamples
        6632000   -103217.2483        29.0      -103122.7545       -94.4937 17m55s/Msamples
        6633000   -103208.4275        29.0      -103117.9685       -90.4590 17m55s/Msamples
        6634000   -103224.1596        29.1      -103131.5875       -92.5721 17m55s/Msamples
        6635000   -103207.0825        29.1      -103109.0085       -98.0739 17m55s/Msamples
        6636000   -103210.5566        29.1      -103111.0119       -99.5446 17m55s/Msamples
        6637000   -103211.0399        29.1      -103111.9672       -99.0727 17m55s/Msamples
        6638000   -103213.1393        29.1      -103116.8265       -96.3128 17m55s/Msamples
        6639000   -103210.5064        29.1      -103115.8395       -94.6668 17m55s/Msamples
        6640000   -103217.4711        29.1      -103124.1615       -93.3096 17m55s/Msamples
        6641000   -103217.9659        29.1      -103123.4913       -94.4746 17m55s/Msamples
        6642000   -103230.1009        29.1      -103136.2180       -93.8829 17m55s/Msamples
        6643000   -103239.2726        29.1      -103131.6964      -107.5762 17m55s/Msamples
        6644000   -103239.2901        29.1      -103134.2498      -105.0402 17m55s/Msamples
        6645000   -103231.3909        29.2      -103127.1971      -104.1937 17m55s/Msamples
        6646000   -103238.2734        29.2      -103126.2970      -111.9763 17m55s/Msamples
        6647000   -103230.5588        29.2      -103121.2551      -109.3036 17m55s/Msamples
        6648000   -103229.0416        29.2      -103125.8538      -103.1878 17m55s/Msamples
        6649000   -103235.6387        29.2      -103126.2581      -109.3805 17m55s/Msamples
        6650000   -103226.1242        29.2      -103117.2800      -108.8442 17m55s/Msamples
        6651000   -103215.1655        29.2      -103116.3097       -98.8557 17m55s/Msamples
        6652000   -103202.1415        29.2      -103110.8490       -91.2924 17m55s/Msamples
        6653000   -103195.1934        29.2      -103111.8248       -83.3686 17m55s/Msamples
        6654000   -103198.9415        29.3      -103109.6487       -89.2928 17m55s/Msamples
        6655000   -103202.9424        29.3      -103110.5375       -92.4048 17m55s/Msamples
        6656000   -103205.5788        29.3      -103111.3479       -94.2309 17m55s/Msamples
        6657000   -103208.8206        29.3      -103112.9823       -95.8382 17m55s/Msamples
        6658000   -103217.9413        29.3      -103116.8875      -101.0537 17m55s/Msamples
        6659000   -103218.7957        29.3      -103118.8397       -99.9560 17m55s/Msamples
        6660000   -103214.3901        29.3      -103120.4519       -93.9382 17m55s/Msamples
        6661000   -103212.5983        29.3      -103117.2231       -95.3752 17m55s/Msamples
        6662000   -103207.7216        29.3      -103112.7784       -94.9431 17m55s/Msamples
        6663000   -103224.3863        29.3      -103123.2296      -101.1567 17m55s/Msamples
        6664000   -103221.6515        29.4      -103123.9532       -97.6982 17m55s/Msamples
        6665000   -103225.8201        29.4      -103117.6277      -108.1924 17m55s/Msamples
        6666000   -103229.9750        29.4      -103125.2860      -104.6889 17m55s/Msamples
        6667000   -103222.1158        29.4      -103117.1099      -105.0059 17m55s/Msamples
        6668000   -103226.5283        29.4      -103125.2517      -101.2766 17m55s/Msamples
        6669000   -103229.0777        29.4      -103123.0952      -105.9825 17m55s/Msamples
        6670000   -103220.2366        29.4      -103118.2668      -101.9697 17m55s/Msamples
        6671000   -103217.9173        29.4      -103116.4150      -101.5023 17m55s/Msamples
        6672000   -103215.6700        29.4      -103116.5440       -99.1260 17m55s/Msamples
        6673000   -103216.7643        29.4      -103114.9903      -101.7740 17m55s/Msamples
        6674000   -103217.9872        29.4      -103117.4396      -100.5475 17m55s/Msamples
        6675000   -103226.9314        29.4      -103124.3885      -102.5428 17m55s/Msamples
        6676000   -103228.1729        29.4      -103131.4544       -96.7184 17m55s/Msamples
        6677000   -103232.8418        29.4      -103138.4112       -94.4306 17m55s/Msamples
        6678000   -103223.5245        29.4      -103125.5747       -97.9497 17m55s/Msamples
        6679000   -103227.1705        29.4      -103129.7478       -97.4226 17m55s/Msamples
        6680000   -103228.3760        29.4      -103123.6255      -104.7505 17m55s/Msamples
        6681000   -103237.0571        29.4      -103132.0869      -104.9701 17m55s/Msamples
        6682000   -103225.8229        29.4      -103129.9032       -95.9197 17m55s/Msamples
        6683000   -103221.2259        29.4      -103122.5528       -98.6730 17m55s/Msamples
        6684000   -103214.6996        29.5      -103115.8856       -98.8139 17m55s/Msamples
        6685000   -103207.5397        29.5      -103114.3371       -93.2025 17m55s/Msamples
        6686000   -103198.5090        29.5      -103109.6719       -88.8371 17m55s/Msamples
        6687000   -103208.9839        29.5      -103115.7819       -93.2020 17m55s/Msamples
        6688000   -103210.0131        29.5      -103119.7958       -90.2172 17m55s/Msamples
        6689000   -103203.8752        29.5      -103114.9375       -88.9377 17m55s/Msamples
        6690000   -103209.8187        29.5      -103116.6405       -93.1781 17m55s/Msamples
        6691000   -103225.0422        29.5      -103126.7294       -98.3128 17m55s/Msamples
        6692000   -103225.3184        29.5      -103126.2092       -99.1091 17m55s/Msamples
        6693000   -103213.6597        29.5      -103117.3187       -96.3410 17m55s/Msamples
        6694000   -103219.9694        29.6      -103129.1636       -90.8057 17m55s/Msamples
        6695000   -103205.9718        29.6      -103116.8475       -89.1242 17m55s/Msamples
        6696000   -103219.6548        29.6      -103122.9235       -96.7313 17m55s/Msamples
        6697000   -103223.9930        29.6      -103124.1269       -99.8660 17m55s/Msamples
        6698000   -103220.9755        29.6      -103129.8817       -91.0938 17m55s/Msamples
        6699000   -103214.1740        29.6      -103123.6004       -90.5736 17m55s/Msamples
        6700000   -103211.7789        29.6      -103130.5302       -81.2486 17m55s/Msamples
        6701000   -103206.5445        29.6      -103123.8163       -82.7281 17m55s/Msamples
        6702000   -103221.4115        29.6      -103122.8319       -98.5795 17m55s/Msamples
        6703000   -103216.0563        29.6      -103123.6091       -92.4472 17m55s/Msamples
        6704000   -103221.4753        29.6      -103124.3179       -97.1574 17m55s/Msamples
        6705000   -103218.3740        29.6      -103130.2891       -88.0848 17m55s/Msamples
        6706000   -103218.0828        29.6      -103125.7226       -92.3602 17m55s/Msamples
        6707000   -103212.4937        29.6      -103120.3176       -92.1761 17m55s/Msamples
        6708000   -103214.7818        29.6      -103123.6834       -91.0984 17m55s/Msamples
        6709000   -103212.9929        29.6      -103115.8687       -97.1242 17m55s/Msamples
        6710000   -103220.8292        29.7      -103124.4521       -96.3771 17m55s/Msamples
        6711000   -103207.1615        29.7      -103114.8822       -92.2793 17m55s/Msamples
        6712000   -103209.4753        29.7      -103114.9405       -94.5347 17m55s/Msamples
        6713000   -103201.5647        29.7      -103113.9853       -87.5794 17m55s/Msamples
        6714000   -103196.4929        29.7      -103114.6101       -81.8827 17m55s/Msamples
        6715000   -103203.4010        29.7      -103118.7071       -84.6938 17m55s/Msamples
        6716000   -103206.5604        29.7      -103121.5380       -85.0223 17m55s/Msamples
        6717000   -103214.8371        29.7      -103117.4782       -97.3588 17m55s/Msamples
        6718000   -103210.3744        29.7      -103116.3247       -94.0497 17m55s/Msamples
        6719000   -103205.4333        29.8      -103117.5527       -87.8806 17m55s/Msamples
        6720000   -103207.2189        29.8      -103115.8282       -91.3906 17m55s/Msamples
        6721000   -103205.4910        29.8      -103126.8278       -78.6632 17m55s/Msamples
        6722000   -103214.1172        29.8      -103122.7198       -91.3973 17m55s/Msamples
        6723000   -103221.5632        29.8      -103122.9421       -98.6210 17m55s/Msamples
        6724000   -103223.3158        29.8      -103121.1052      -102.2106 17m55s/Msamples
        6725000   -103222.0048        29.8      -103117.4535      -104.5513 17m55s/Msamples
        6726000   -103217.2397        29.8      -103120.3657       -96.8740 17m55s/Msamples
        6727000   -103230.8462        29.8      -103122.2482      -108.5980 17m55s/Msamples
        6728000   -103217.7415        29.8      -103124.0485       -93.6929 17m55s/Msamples
        6729000   -103203.8135        29.8      -103124.1973       -79.6161 17m55s/Msamples
        6730000   -103197.1695        29.9      -103116.9546       -80.2148 17m55s/Msamples
        6731000   -103199.3348        29.9      -103123.6629       -75.6718 17m55s/Msamples
        6732000   -103204.1211        29.9      -103122.9759       -81.1451 17m55s/Msamples
        6733000   -103201.5754        29.9      -103121.6401       -79.9353 17m55s/Msamples
        6734000   -103204.4811        29.9      -103122.9691       -81.5120 17m55s/Msamples
        6735000   -103209.9370        29.9      -103127.3589       -82.5781 17m55s/Msamples
        6736000   -103208.6851        29.9      -103125.6523       -83.0328 17m55s/Msamples
        6737000   -103207.0193        29.9      -103124.2440       -82.7752 17m55s/Msamples
        6738000   -103216.6406        29.9      -103127.8749       -88.7657 17m55s/Msamples
        6739000   -103216.2303        29.9      -103127.1962       -89.0340 17m55s/Msamples
        6740000   -103212.4785        29.9      -103128.7955       -83.6830 17m55s/Msamples
        6741000   -103203.2435        30.0      -103124.3936       -78.8498 17m55s/Msamples
        6742000   -103206.2373        30.0      -103122.2363       -84.0009 17m55s/Msamples
        6743000   -103213.5398        30.0      -103127.2731       -86.2666 17m55s/Msamples
        6744000   -103209.0391        30.0      -103127.7104       -81.3286 17m55s/Msamples
        6745000   -103208.0729        30.0      -103128.9536       -79.1193 17m55s/Msamples
        6746000   -103208.5835        30.0      -103137.4115       -71.1719 17m55s/Msamples
        6747000   -103191.6944        30.0      -103122.5613       -69.1331 17m55s/Msamples
        6748000   -103201.7331        30.0      -103134.6834       -67.0497 17m55s/Msamples
        6749000   -103192.4062        30.0      -103121.8358       -70.5703 17m55s/Msamples
        6750000   -103207.7680        30.0      -103126.9532       -80.8148 17m55s/Msamples
        6751000   -103214.0908        30.0      -103126.9280       -87.1627 17m55s/Msamples
        6752000   -103216.5556        30.0      -103129.6212       -86.9343 17m55s/Msamples
        6753000   -103226.1714        30.0      -103139.9994       -86.1719 17m55s/Msamples
        6754000   -103221.7505        30.0      -103138.5905       -83.1599 17m55s/Msamples
        6755000   -103223.9823        30.1      -103136.1009       -87.8814 17m55s/Msamples
        6756000   -103213.3944        30.1      -103131.8913       -81.5031 17m55s/Msamples
        6757000   -103213.1708        30.1      -103126.8414       -86.3293 17m55s/Msamples
        6758000   -103189.9079        30.1      -103114.8597       -75.0482 17m55s/Msamples
        6759000   -103189.9285        30.1      -103118.2355       -71.6930 17m55s/Msamples
        6760000   -103175.5432        30.1      -103114.3229       -61.2202 17m55s/Msamples
        6761000   -103176.2039        30.1      -103112.9896       -63.2143 17m55s/Msamples
        6762000   -103178.8259        30.2      -103114.9467       -63.8792 17m55s/Msamples
        6763000   -103186.0905        30.2      -103124.5437       -61.5468 17m55s/Msamples
        6764000   -103186.9286        30.2      -103123.5760       -63.3525 17m55s/Msamples
        6765000   -103185.5719        30.2      -103116.9177       -68.6542 17m55s/Msamples
        6766000   -103187.1112        30.2      -103125.6905       -61.4206 17m55s/Msamples
        6767000   -103194.2607        30.2      -103127.5640       -66.6966 17m55s/Msamples
        6768000   -103192.2827        30.2      -103123.0854       -69.1972 17m55s/Msamples
        6769000   -103197.8612        30.3      -103117.2166       -80.6445 17m55s/Msamples
        6770000   -103186.3483        30.3      -103126.4474       -59.9008 17m55s/Msamples
        6771000   -103192.0099        30.3      -103129.7083       -62.3015 17m55s/Msamples
        6772000   -103185.5762        30.3      -103121.7289       -63.8472 17m55s/Msamples
        6773000   -103193.3521        30.3      -103128.8330       -64.5191 17m55s/Msamples
        6774000   -103188.4157        30.3      -103123.3703       -65.0454 17m55s/Msamples
        6775000   -103188.7370        30.3      -103123.9912       -64.7457 17m55s/Msamples
        6776000   -103199.3105        30.3      -103133.1645       -66.1459 17m55s/Msamples
        6777000   -103199.0313        30.3      -103122.6053       -76.4259 17m55s/Msamples
        6778000   -103212.8370        30.3      -103139.1391       -73.6979 17m55s/Msamples
        6779000   -103232.1632        30.3      -103139.7488       -92.4144 17m55s/Msamples
        6780000   -103219.3174        30.3      -103137.3410       -81.9763 17m55s/Msamples
        6781000   -103224.3775        30.3      -103137.2338       -87.1437 17m55s/Msamples
        6782000   -103219.6402        30.3      -103135.2089       -84.4313 17m55s/Msamples
        6783000   -103235.1346        30.3      -103138.6635       -96.4710 17m55s/Msamples
        6784000   -103228.4552        30.3      -103132.7558       -95.6994 17m55s/Msamples
        6785000   -103225.0523        30.3      -103130.0547       -94.9976 17m55s/Msamples
        6786000   -103224.8533        30.3      -103130.9530       -93.9003 17m55s/Msamples
        6787000   -103225.9563        30.3      -103133.9176       -92.0387 17m55s/Msamples
        6788000   -103223.1249        30.3      -103131.5441       -91.5807 17m55s/Msamples
        6789000   -103217.7733        30.3      -103132.0844       -85.6889 17m55s/Msamples
        6790000   -103204.1971        30.3      -103129.2056       -74.9914 17m55s/Msamples
        6791000   -103205.0331        30.3      -103128.6995       -76.3336 17m55s/Msamples
        6792000   -103210.6722        30.3      -103128.4849       -82.1873 17m55s/Msamples
        6793000   -103209.3222        30.3      -103128.6196       -80.7025 17m55s/Msamples
        6794000   -103218.5476        30.3      -103133.1810       -85.3665 17m55s/Msamples
        6795000   -103214.2073        30.3      -103131.6681       -82.5391 17m55s/Msamples
        6796000   -103228.5775        30.3      -103140.7170       -87.8604 17m55s/Msamples
        6797000   -103222.5440        30.3      -103133.9816       -88.5623 17m55s/Msamples
        6798000   -103224.9031        30.3      -103136.3003       -88.6027 17m55s/Msamples
        6799000   -103227.5446        30.3      -103130.0309       -97.5136 17m55s/Msamples
        6800000   -103237.3542        30.3      -103128.6343      -108.7198 17m55s/Msamples
        6801000   -103225.4710        30.3      -103126.9764       -98.4945 17m55s/Msamples
        6802000   -103233.9339        30.3      -103138.5181       -95.4158 17m55s/Msamples
        6803000   -103224.5854        30.3      -103136.2662       -88.3191 17m55s/Msamples
        6804000   -103229.2759        30.3      -103140.7703       -88.5055 17m55s/Msamples
        6805000   -103205.9822        30.3      -103131.4647       -74.5174 17m55s/Msamples
        6806000   -103209.2889        30.3      -103130.2713       -79.0176 17m55s/Msamples
        6807000   -103213.4001        30.3      -103128.0531       -85.3469 17m55s/Msamples
        6808000   -103209.2846        30.3      -103129.9769       -79.3077 17m55s/Msamples
        6809000   -103229.2073        30.3      -103135.9737       -93.2336 17m55s/Msamples
        6810000   -103211.6630        30.3      -103131.5005       -80.1625 17m55s/Msamples
        6811000   -103213.8938        30.3      -103129.0366       -84.8572 17m55s/Msamples
        6812000   -103203.7301        30.3      -103129.4211       -74.3090 17m55s/Msamples
        6813000   -103204.1169        30.3      -103124.9954       -79.1214 17m55s/Msamples
        6814000   -103205.1500        30.3      -103128.3618       -76.7881 17m55s/Msamples
        6815000   -103190.6103        30.3      -103122.5154       -68.0948 17m55s/Msamples
        6816000   -103190.7352        30.3      -103127.9577       -62.7774 17m55s/Msamples
        6817000   -103193.0116        30.3      -103120.2731       -72.7384 17m55s/Msamples
        6818000   -103192.8119        30.3      -103121.3562       -71.4557 17m55s/Msamples
        6819000   -103190.2099        30.3      -103117.4925       -72.7174 17m55s/Msamples
        6820000   -103196.0183        30.3      -103121.4975       -74.5208 17m55s/Msamples
        6821000   -103197.2300        30.3      -103120.4532       -76.7768 17m55s/Msamples
        6822000   -103213.7534        30.3      -103124.6494       -89.1040 17m55s/Msamples
        6823000   -103213.9711        30.3      -103126.5376       -87.4334 17m55s/Msamples
        6824000   -103222.5568        30.3      -103129.6146       -92.9421 17m55s/Msamples
        6825000   -103229.0058        30.3      -103126.6462      -102.3596 17m55s/Msamples
        6826000   -103220.6889        30.3      -103125.0851       -95.6038 17m55s/Msamples
        6827000   -103211.6962        30.3      -103125.3014       -86.3947 17m55s/Msamples
        6828000   -103214.4917        30.3      -103129.3815       -85.1102 17m55s/Msamples
        6829000   -103221.3823        30.3      -103131.5058       -89.8764 17m55s/Msamples
        6830000   -103205.8163        30.3      -103124.9166       -80.8997 17m55s/Msamples
        6831000   -103209.8640        30.3      -103121.6340       -88.2299 17m55s/Msamples
        6832000   -103211.6833        30.2      -103117.8955       -93.7877 17m55s/Msamples
        6833000   -103205.7566        30.2      -103120.9370       -84.8195 17m55s/Msamples
        6834000   -103221.9443        30.2      -103127.8514       -94.0928 17m55s/Msamples
        6835000   -103218.5861        30.2      -103129.5990       -88.9870 17m55s/Msamples
        6836000   -103215.9656        30.2      -103125.4879       -90.4776 17m55s/Msamples
        6837000   -103213.7395        30.2      -103129.8864       -83.8531 17m55s/Msamples
        6838000   -103221.8656        30.2      -103133.4565       -88.4090 17m55s/Msamples
        6839000   -103194.1193        30.2      -103114.0443       -80.0750 17m55s/Msamples
        6840000   -103196.5664        30.2      -103118.1782       -78.3882 17m55s/Msamples
        6841000   -103203.1050        30.2      -103116.6977       -86.4073 17m55s/Msamples
        6842000   -103201.3832        30.2      -103116.6536       -84.7295 17m55s/Msamples
        6843000   -103182.5540        30.2      -103110.0518       -72.5022 17m55s/Msamples
        6844000   -103189.5536        30.2      -103115.7534       -73.8001 17m55s/Msamples
        6845000   -103189.4458        30.2      -103116.1529       -73.2928 17m55s/Msamples
        6846000   -103200.6757        30.2      -103120.2479       -80.4278 17m55s/Msamples
        6847000   -103188.7615        30.2      -103110.0669       -78.6945 17m55s/Msamples
        6848000   -103183.2392        30.1      -103113.7706       -69.4685 17m55s/Msamples
        6849000   -103203.0619        30.1      -103121.3087       -81.7531 17m55s/Msamples
        6850000   -103204.4815        30.1      -103118.9111       -85.5703 17m55s/Msamples
        6851000   -103195.8957        30.1      -103119.0272       -76.8685 17m55s/Msamples
        6852000   -103193.3878        30.1      -103116.1207       -77.2670 17m55s/Msamples
        6853000   -103202.3725        30.1      -103123.1388       -79.2337 17m55s/Msamples
        6854000   -103224.0496        30.1      -103130.7091       -93.3404 17m55s/Msamples
        6855000   -103212.3686        30.1      -103125.0968       -87.2718 17m55s/Msamples
        6856000   -103216.1438        30.1      -103123.7878       -92.3559 17m55s/Msamples
        6857000   -103219.5123        30.1      -103116.0590      -103.4533 17m55s/Msamples
        6858000   -103231.7918        30.1      -103120.8380      -110.9538 17m55s/Msamples
        6859000   -103221.0122        30.1      -103114.5873      -106.4248 17m55s/Msamples
        6860000   -103211.8915        30.1      -103111.5134      -100.3781 17m55s/Msamples
        6861000   -103213.3533        30.1      -103122.2132       -91.1400 17m55s/Msamples
        6862000   -103207.1645        30.0      -103119.3166       -87.8478 17m55s/Msamples
        6863000   -103206.8561        30.0      -103114.4561       -92.4000 17m55s/Msamples
        6864000   -103200.2900        30.0      -103111.7796       -88.5103 17m55s/Msamples
        6865000   -103191.5002        30.0      -103110.4341       -81.0660 17m55s/Msamples
        6866000   -103203.0192        30.0      -103116.4045       -86.6147 17m55s/Msamples
        6867000   -103195.0753        30.0      -103113.1677       -81.9076 17m55s/Msamples
        6868000   -103209.0985        30.0      -103112.1413       -96.9572 17m55s/Msamples
        6869000   -103226.8070        30.0      -103125.0918      -101.7151 17m55s/Msamples
        6870000   -103221.7386        30.0      -103123.0262       -98.7123 17m55s/Msamples
        6871000   -103226.6146        30.0      -103131.2850       -95.3296 17m55s/Msamples
        6872000   -103217.3456        30.0      -103130.4064       -86.9392 17m55s/Msamples
        6873000   -103221.2632        30.0      -103119.8433      -101.4199 17m55s/Msamples
        6874000   -103222.5023        30.0      -103128.6407       -93.8615 17m55s/Msamples
        6875000   -103230.9686        30.0      -103124.8208      -106.1477 17m55s/Msamples
        6876000   -103229.1740        30.0      -103127.2757      -101.8982 17m55s/Msamples
        6877000   -103234.2315        30.0      -103131.7858      -102.4457 17m55s/Msamples
        6878000   -103234.8524        30.0      -103132.8034      -102.0489 17m55s/Msamples
        6879000   -103240.6197        30.0      -103132.7907      -107.8290 17m55s/Msamples
        6880000   -103223.6110        30.0      -103135.3481       -88.2628 17m55s/Msamples
        6881000   -103218.1647        30.0      -103125.7591       -92.4055 17m55s/Msamples
        6882000   -103218.2051        30.0      -103123.0883       -95.1168 17m55s/Msamples
        6883000   -103220.1837        30.0      -103120.4624       -99.7213 17m55s/Msamples
        6884000   -103226.8869        30.0      -103118.8934      -107.9935 17m55s/Msamples
        6885000   -103223.7841        30.0      -103124.3652       -99.4188 17m55s/Msamples
        6886000   -103219.6431        30.0      -103118.6437      -100.9994 17m55s/Msamples
        6887000   -103235.9786        30.0      -103128.4486      -107.5300 17m55s/Msamples
        6888000   -103224.3080        30.0      -103131.4685       -92.8395 17m55s/Msamples
        6889000   -103220.7891        30.0      -103124.3217       -96.4674 17m55s/Msamples
        6890000   -103229.2971        30.0      -103126.1552      -103.1418 17m55s/Msamples
        6891000   -103224.3886        30.0      -103129.9429       -94.4456 17m55s/Msamples
        6892000   -103229.1727        30.0      -103132.3707       -96.8019 17m55s/Msamples
        6893000   -103234.0595        30.0      -103129.9530      -104.1064 17m55s/Msamples
        6894000   -103228.1447        30.0      -103133.2194       -94.9253 17m55s/Msamples
        6895000   -103222.7847        30.0      -103131.6549       -91.1297 17m55s/Msamples
        6896000   -103221.1622        30.0      -103128.6623       -92.4998 17m55s/Msamples
        6897000   -103219.2286        30.0      -103121.6953       -97.5332 17m55s/Msamples
        6898000   -103225.3170        30.0      -103130.5088       -94.8081 17m55s/Msamples
        6899000   -103221.1609        30.0      -103125.9551       -95.2058 17m55s/Msamples
        6900000   -103211.7989        30.0      -103124.6118       -87.1870 17m55s/Msamples
        6901000   -103209.8538        30.0      -103123.3012       -86.5525 17m55s/Msamples
        6902000   -103221.6156        30.0      -103127.6857       -93.9299 17m55s/Msamples
        6903000   -103219.6929        30.0      -103126.0224       -93.6704 17m55s/Msamples
        6904000   -103216.8372        30.0      -103129.7370       -87.1001 17m55s/Msamples
        6905000   -103216.6163        30.0      -103128.6236       -87.9927 17m55s/Msamples
        6906000   -103220.4206        30.0      -103132.7193       -87.7012 17m55s/Msamples
        6907000   -103212.7644        30.0      -103127.4263       -85.3381 17m55s/Msamples
        6908000   -103203.4316        29.9      -103118.9881       -84.4434 17m55s/Msamples
        6909000   -103201.8086        29.9      -103114.1804       -87.6282 17m55s/Msamples
        6910000   -103189.1501        29.9      -103106.3497       -82.8003 17m55s/Msamples
        6911000   -103203.3696        29.9      -103116.8910       -86.4786 17m55s/Msamples
        6912000   -103192.1487        29.9      -103108.8550       -83.2937 17m55s/Msamples
        6913000   -103198.7572        29.9      -103112.3316       -86.4255 17m55s/Msamples
        6914000   -103196.8429        29.9      -103109.4548       -87.3881 17m55s/Msamples
        6915000   -103201.5576        29.9      -103109.4045       -92.1530 17m55s/Msamples
        6916000   -103205.7458        29.9      -103110.6217       -95.1241 17m55s/Msamples
        6917000   -103212.2249        29.9      -103113.6261       -98.5987 17m55s/Msamples
        6918000   -103198.9355        29.8      -103107.1339       -91.8016 17m55s/Msamples
        6919000   -103197.8125        29.8      -103105.4634       -92.3491 17m55s/Msamples
        6920000   -103195.8690        29.8      -103106.3990       -89.4699 17m55s/Msamples
        6921000   -103193.8855        29.8      -103108.8339       -85.0516 17m55s/Msamples
        6922000   -103194.7822        29.8      -103109.3719       -85.4103 17m55s/Msamples
        6923000   -103206.6360        29.8      -103113.4902       -93.1458 17m55s/Msamples
        6924000   -103199.1399        29.8      -103113.2645       -85.8754 17m55s/Msamples
        6925000   -103216.5593        29.8      -103117.6943       -98.8650 17m55s/Msamples
        6926000   -103219.1059        29.8      -103115.7739      -103.3320 17m55s/Msamples
        6927000   -103222.4282        29.8      -103119.5695      -102.8587 17m55s/Msamples
        6928000   -103214.3179        29.8      -103116.0408       -98.2770 17m55s/Msamples
        6929000   -103203.2575        29.7      -103113.0513       -90.2061 17m55s/Msamples
        6930000   -103218.9245        29.7      -103120.5551       -98.3693 17m55s/Msamples
        6931000   -103218.3684        29.7      -103122.8929       -95.4755 17m55s/Msamples
        6932000   -103219.5593        29.7      -103118.1289      -101.4303 17m55s/Msamples
        6933000   -103212.4185        29.7      -103112.3595      -100.0589 17m55s/Msamples
        6934000   -103212.1459        29.7      -103112.2607       -99.8851 17m55s/Msamples
        6935000   -103223.0188        29.7      -103115.8157      -107.2031 17m55s/Msamples
        6936000   -103216.9786        29.7      -103112.8096      -104.1689 17m55s/Msamples
        6937000   -103223.5502        29.7      -103121.7989      -101.7512 17m55s/Msamples
        6938000   -103236.4977        29.7      -103128.2529      -108.2448 17m55s/Msamples
        6939000   -103248.1761        29.7      -103129.4431      -118.7330 17m55s/Msamples
        6940000   -103248.2175        29.8      -103133.7816      -114.4358 17m55s/Msamples
        6941000   -103242.9451        29.8      -103136.9424      -106.0027 17m55s/Msamples
        6942000   -103246.6034        29.8      -103134.3577      -112.2456 17m55s/Msamples
        6943000   -103258.2910        29.8      -103142.9859      -115.3051 17m55s/Msamples
        6944000   -103238.9024        29.8      -103126.7826      -112.1197 17m55s/Msamples
        6945000   -103244.6872        29.9      -103131.0871      -113.6000 17m55s/Msamples
        6946000   -103240.8652        29.9      -103131.0581      -109.8071 17m55s/Msamples
        6947000   -103231.8543        29.9      -103125.3312      -106.5231 17m55s/Msamples
        6948000   -103236.8398        29.9      -103130.9721      -105.8677 17m55s/Msamples
        6949000   -103224.9272        29.9      -103124.9503       -99.9768 17m55s/Msamples
        6950000   -103220.3435        29.9      -103117.8935      -102.4500 17m55s/Msamples
        6951000   -103221.9069        29.9      -103118.5702      -103.3366 17m55s/Msamples
        6952000   -103229.0452        29.9      -103120.6386      -108.4065 17m55s/Msamples
        6953000   -103229.3575        29.9      -103121.0239      -108.3335 17m55s/Msamples
        6954000   -103229.2608        29.9      -103124.3288      -104.9320 17m55s/Msamples
        6955000   -103224.3273        29.9      -103119.1692      -105.1580 17m55s/Msamples
        6956000   -103217.1219        29.9      -103118.3306       -98.7913 17m55s/Msamples
        6957000   -103232.3524        29.9      -103124.1947      -108.1576 17m55s/Msamples
        6958000   -103239.9291        29.9      -103120.8869      -119.0422 17m55s/Msamples
        6959000   -103232.1139        29.9      -103124.1940      -107.9198 17m55s/Msamples
        6960000   -103235.5729        29.9      -103124.2604      -111.3124 17m55s/Msamples
        6961000   -103238.4669        29.9      -103123.6687      -114.7982 17m55s/Msamples
        6962000   -103250.5863        30.0      -103133.1279      -117.4583 17m55s/Msamples
        6963000   -103252.6263        30.0      -103134.8775      -117.7488 17m55s/Msamples
        6964000   -103240.9150        30.0      -103126.9529      -113.9621 17m55s/Msamples
        6965000   -103240.3960        30.0      -103132.2997      -108.0963 17m55s/Msamples
        6966000   -103247.0142        30.0      -103133.6058      -113.4084 17m55s/Msamples
        6967000   -103242.9397        30.1      -103132.7947      -110.1450 17m55s/Msamples
        6968000   -103244.6152        30.1      -103133.7921      -110.8230 17m55s/Msamples
        6969000   -103268.7973        30.1      -103141.3950      -127.4023 17m55s/Msamples
        6970000   -103250.8814        30.1      -103132.2628      -118.6186 17m55s/Msamples
        6971000   -103254.5108        30.2      -103133.9162      -120.5946 17m55s/Msamples
        6972000   -103256.2539        30.2      -103133.0218      -123.2321 17m55s/Msamples
        6973000   -103243.5871        30.2      -103136.2075      -107.3796 17m55s/Msamples
        6974000   -103253.4737        30.3      -103133.6134      -119.8602 17m55s/Msamples
        6975000   -103259.6827        30.3      -103136.5980      -123.0846 17m55s/Msamples
        6976000   -103252.1369        30.3      -103133.6502      -118.4867 17m55s/Msamples
        6977000   -103257.0895        30.4      -103128.9525      -128.1369 17m55s/Msamples
        6978000   -103259.9801        30.4      -103133.0643      -126.9158 17m55s/Msamples
        6979000   -103262.0104        30.4      -103135.3829      -126.6274 17m55s/Msamples
        6980000   -103261.3719        30.5      -103134.8045      -126.5674 17m55s/Msamples
        6981000   -103266.9059        30.5      -103137.4589      -129.4470 17m55s/Msamples
        6982000   -103265.4472        30.6      -103134.4965      -130.9506 17m55s/Msamples
        6983000   -103250.6207        30.6      -103131.3553      -119.2653 17m55s/Msamples
        6984000   -103259.7114        30.6      -103132.2095      -127.5018 17m55s/Msamples
        6985000   -103269.3257        30.7      -103134.4906      -134.8350 17m55s/Msamples
        6986000   -103261.8899        30.7      -103130.5444      -131.3455 17m55s/Msamples
        6987000   -103265.8390        30.8      -103136.5290      -129.3100 17m55s/Msamples
        6988000   -103257.1833        30.8      -103134.6247      -122.5586 17m55s/Msamples
        6989000   -103255.4508        30.8      -103134.0590      -121.3918 17m55s/Msamples
        6990000   -103250.2454        30.9      -103132.7147      -117.5307 17m55s/Msamples
        6991000   -103258.5514        30.9      -103134.0597      -124.4917 17m55s/Msamples
        6992000   -103258.4754        30.9      -103132.2146      -126.2608 17m55s/Msamples
        6993000   -103252.9827        30.9      -103127.7459      -125.2368 17m55s/Msamples
        6994000   -103265.6392        31.0      -103136.2092      -129.4300 17m55s/Msamples
        6995000   -103249.5544        31.0      -103125.8641      -123.6902 17m55s/Msamples
        6996000   -103264.5341        31.1      -103132.4604      -132.0737 17m55s/Msamples
        6997000   -103270.4206        31.1      -103136.9880      -133.4325 17m55s/Msamples
        6998000   -103264.2963        31.2      -103134.8672      -129.4290 17m55s/Msamples
        6999000   -103268.3989        31.2      -103136.8855      -131.5133 17m55s/Msamples
        7000000   -103254.3312        31.2      -103124.8092      -129.5220 17m55s/Msamples
        7001000   -103256.4283        31.3      -103124.3084      -132.1198 17m55s/Msamples
        7002000   -103271.4378        31.3      -103128.4607      -142.9770 17m55s/Msamples
        7003000   -103257.6893        31.3      -103125.8813      -131.8080 17m55s/Msamples
        7004000   -103250.9033        31.4      -103120.7958      -130.1074 17m55s/Msamples
        7005000   -103255.2034        31.4      -103127.1199      -128.0835 17m55s/Msamples
        7006000   -103256.2300        31.4      -103130.0662      -126.1637 17m55s/Msamples
        7007000   -103256.6865        31.5      -103125.9026      -130.7838 17m55s/Msamples
        7008000   -103257.2965        31.5      -103129.0390      -128.2574 17m55s/Msamples
        7009000   -103249.8126        31.5      -103125.7234      -124.0892 17m55s/Msamples
        7010000   -103252.1630        31.5      -103130.4677      -121.6953 17m55s/Msamples
        7011000   -103263.2184        31.6      -103138.9289      -124.2895 17m55s/Msamples
        7012000   -103249.5867        31.6      -103133.1968      -116.3898 17m55s/Msamples
        7013000   -103228.7651        31.6      -103116.7309      -112.0342 17m55s/Msamples
        7014000   -103232.5699        31.6      -103123.6629      -108.9070 17m55s/Msamples
        7015000   -103240.2480        31.6      -103124.2124      -116.0355 17m55s/Msamples
        7016000   -103239.9716        31.6      -103125.8293      -114.1422 17m55s/Msamples
        7017000   -103237.6187        31.7      -103124.4452      -113.1734 17m55s/Msamples
        7018000   -103244.4758        31.7      -103127.0167      -117.4590 17m55s/Msamples
        7019000   -103251.2177        31.7      -103130.3461      -120.8716 17m55s/Msamples
        7020000   -103248.7142        31.7      -103134.9626      -113.7515 17m55s/Msamples
        7021000   -103245.7658        31.7      -103138.9282      -106.8375 17m55s/Msamples
        7022000   -103229.1109        31.7      -103122.4311      -106.6797 17m55s/Msamples
        7023000   -103229.9008        31.7      -103123.0032      -106.8975 17m55s/Msamples
        7024000   -103234.6482        31.7      -103124.8120      -109.8361 17m55s/Msamples
        7025000   -103230.3758        31.7      -103125.9450      -104.4307 17m55s/Msamples
        7026000   -103245.5074        31.8      -103133.0571      -112.4503 17m55s/Msamples
        7027000   -103241.4900        31.8      -103131.6838      -109.8062 17m55s/Msamples
        7028000   -103244.3933        31.8      -103137.8871      -106.5061 17m55s/Msamples
        7029000   -103239.9257        31.8      -103122.3372      -117.5884 17m55s/Msamples
        7030000   -103240.6795        31.8      -103123.5017      -117.1778 17m55s/Msamples
        7031000   -103236.5779        31.8      -103125.3203      -111.2575 17m55s/Msamples
        7032000   -103230.4146        31.8      -103122.4890      -107.9256 17m55s/Msamples
        7033000   -103231.2491        31.8      -103125.9350      -105.3141 17m55s/Msamples
        7034000   -103235.9439        31.8      -103121.1969      -114.7469 17m55s/Msamples
        7035000   -103239.3526        31.9      -103123.1305      -116.2221 17m55s/Msamples
        7036000   -103229.7792        31.9      -103122.8339      -106.9453 17m55s/Msamples
        7037000   -103238.6540        31.9      -103130.4815      -108.1725 17m55s/Msamples
        7038000   -103241.6304        31.9      -103122.0426      -119.5878 17m55s/Msamples
        7039000   -103229.6283        31.9      -103121.3845      -108.2438 17m55s/Msamples
        7040000   -103236.3931        31.9      -103125.1523      -111.2407 17m55s/Msamples
        7041000   -103244.0830        31.9      -103129.3972      -114.6857 17m55s/Msamples
        7042000   -103243.6230        31.9      -103129.3715      -114.2515 17m55s/Msamples
        7043000   -103234.8591        31.9      -103123.7692      -111.0898 17m55s/Msamples
        7044000   -103235.3840        31.9      -103122.2976      -113.0863 17m55s/Msamples
        7045000   -103237.5289        32.0      -103126.9790      -110.5499 17m55s/Msamples
        7046000   -103252.3491        32.0      -103132.5476      -119.8014 17m55s/Msamples
        7047000   -103240.3535        32.0      -103125.7731      -114.5803 17m55s/Msamples
        7048000   -103238.7487        32.0      -103127.3086      -111.4400 17m55s/Msamples
        7049000   -103240.7468        32.0      -103129.5396      -111.2071 17m55s/Msamples
        7050000   -103243.3874        32.0      -103123.7212      -119.6661 17m55s/Msamples
        7051000   -103235.7666        32.0      -103117.4995      -118.2670 17m55s/Msamples
        7052000   -103234.4345        32.0      -103121.8538      -112.5806 17m55s/Msamples
        7053000   -103233.8525        32.0      -103123.5637      -110.2887 17m55s/Msamples
        7054000   -103229.0855        32.1      -103118.6895      -110.3960 17m55s/Msamples
        7055000   -103226.8012        32.1      -103120.3162      -106.4850 17m55s/Msamples
        7056000   -103228.5482        32.1      -103119.6186      -108.9295 17m55s/Msamples
        7057000   -103230.7781        32.1      -103124.4656      -106.3125 17m55s/Msamples
        7058000   -103225.3613        32.1      -103125.8439       -99.5174 17m55s/Msamples
        7059000   -103238.4504        32.1      -103131.1701      -107.2802 17m55s/Msamples
        7060000   -103234.7791        32.1      -103125.3437      -109.4354 17m55s/Msamples
        7061000   -103233.9238        32.1      -103126.0920      -107.8318 17m55s/Msamples
        7062000   -103228.7085        32.1      -103121.0696      -107.6388 17m55s/Msamples
        7063000   -103233.1853        32.1      -103124.2848      -108.9005 17m55s/Msamples
        7064000   -103228.5391        32.1      -103121.5070      -107.0321 17m55s/Msamples
        7065000   -103222.4669        32.1      -103120.6295      -101.8373 17m55s/Msamples
        7066000   -103226.1346        32.1      -103122.5189      -103.6157 17m55s/Msamples
        7067000   -103225.7311        32.1      -103120.6974      -105.0337 17m55s/Msamples
        7068000   -103232.0347        32.1      -103119.0928      -112.9418 17m55s/Msamples
        7069000   -103233.3042        32.1      -103120.9049      -112.3992 17m55s/Msamples
        7070000   -103227.5156        32.1      -103124.4737      -103.0419 17m55s/Msamples
        7071000   -103236.4417        32.1      -103124.1500      -112.2916 17m55s/Msamples
        7072000   -103241.3056        32.1      -103129.1970      -112.1085 17m55s/Msamples
        7073000   -103229.9012        32.1      -103116.9780      -112.9232 17m55s/Msamples
        7074000   -103231.1126        32.1      -103122.3793      -108.7332 17m55s/Msamples
        7075000   -103230.0479        32.1      -103121.4052      -108.6426 17m55s/Msamples
        7076000   -103212.2488        32.1      -103114.0839       -98.1649 17m55s/Msamples
        7077000   -103206.6296        32.1      -103113.3476       -93.2820 17m55s/Msamples
        7078000   -103218.6918        32.1      -103122.3057       -96.3860 17m55s/Msamples
        7079000   -103211.4003        32.1      -103112.8781       -98.5222 17m55s/Msamples
        7080000   -103228.2526        32.1      -103119.5742      -108.6783 17m55s/Msamples
        7081000   -103227.5654        32.1      -103117.2310      -110.3343 17m55s/Msamples
        7082000   -103237.8243        32.1      -103121.8544      -115.9698 17m55s/Msamples
        7083000   -103231.6276        32.1      -103120.9473      -110.6802 17m55s/Msamples
        7084000   -103235.3170        32.1      -103126.4136      -108.9034 17m55s/Msamples
        7085000   -103217.8482        32.1      -103124.6481       -93.2001 17m55s/Msamples
        7086000   -103212.4720        32.1      -103118.8563       -93.6156 17m55s/Msamples
        7087000   -103212.2770        32.1      -103109.1799      -103.0971 17m55s/Msamples
        7088000   -103213.6158        32.1      -103117.8794       -95.7364 17m55s/Msamples
        7089000   -103228.5384        32.1      -103123.0607      -105.4777 17m55s/Msamples
        7090000   -103236.5315        32.1      -103128.4241      -108.1073 17m55s/Msamples
        7091000   -103228.5329        32.1      -103128.4508      -100.0820 17m55s/Msamples
        7092000   -103232.5785        32.1      -103124.7840      -107.7945 17m55s/Msamples
        7093000   -103231.4377        32.1      -103123.7642      -107.6735 17m55s/Msamples
        7094000   -103252.8958        32.2      -103136.3803      -116.5154 17m55s/Msamples
        7095000   -103244.7535        32.2      -103134.2134      -110.5400 17m55s/Msamples
        7096000   -103217.0425        32.2      -103124.6009       -92.4415 17m55s/Msamples
        7097000   -103219.1188        32.2      -103121.3065       -97.8122 17m55s/Msamples
        7098000   -103219.5528        32.2      -103113.8903      -105.6624 17m55s/Msamples
        7099000   -103234.6515        32.2      -103132.7427      -101.9088 17m55s/Msamples
        7100000   -103232.3146        32.2      -103128.0429      -104.2717 17m55s/Msamples
        7101000   -103230.3412        32.2      -103128.5839      -101.7572 17m55s/Msamples
        7102000   -103250.5273        32.2      -103138.9342      -111.5931 17m55s/Msamples
        7103000   -103250.0968        32.2      -103136.1002      -113.9965 17m55s/Msamples
        7104000   -103227.6592        32.2      -103116.7086      -110.9506 17m55s/Msamples
        7105000   -103227.9336        32.2      -103119.4091      -108.5244 17m55s/Msamples
        7106000   -103220.5942        32.2      -103110.8368      -109.7574 17m55s/Msamples
        7107000   -103228.8318        32.2      -103117.7473      -111.0845 17m55s/Msamples
        7108000   -103241.0913        32.3      -103119.4075      -121.6837 17m55s/Msamples
        7109000   -103226.4667        32.2      -103114.1851      -112.2815 17m55s/Msamples
        7110000   -103226.0257        32.3      -103118.0191      -108.0066 17m55s/Msamples
        7111000   -103242.4074        32.3      -103121.4298      -120.9775 17m55s/Msamples
        7112000   -103236.2895        32.3      -103122.4936      -113.7958 17m55s/Msamples
        7113000   -103231.2971        32.3      -103120.3343      -110.9627 17m55s/Msamples
        7114000   -103230.6751        32.3      -103116.2390      -114.4360 17m55s/Msamples
        7115000   -103230.5885        32.3      -103120.6402      -109.9483 17m55s/Msamples
        7116000   -103216.5791        32.3      -103115.3691      -101.2099 17m55s/Msamples
        7117000   -103223.2138        32.3      -103112.3430      -110.8707 17m55s/Msamples
        7118000   -103222.1675        32.3      -103113.9194      -108.2481 17m55s/Msamples
        7119000   -103225.0420        32.3      -103120.5119      -104.5300 17m55s/Msamples
        7120000   -103238.2770        32.3      -103129.1058      -109.1711 17m55s/Msamples
        7121000   -103254.5254        32.3      -103137.5526      -116.9727 17m55s/Msamples
        7122000   -103250.6886        32.3      -103137.9195      -112.7690 17m55s/Msamples
        7123000   -103251.5849        32.4      -103139.3420      -112.2428 17m55s/Msamples
        7124000   -103251.5354        32.4      -103131.9605      -119.5748 17m55s/Msamples
        7125000   -103242.3066        32.4      -103130.0989      -112.2076 17m55s/Msamples
        7126000   -103252.9917        32.4      -103138.1360      -114.8556 17m55s/Msamples
        7127000   -103245.0170        32.4      -103129.5899      -115.4270 17m55s/Msamples
        7128000   -103251.3177        32.5      -103127.6055      -123.7121 17m55s/Msamples
        7129000   -103244.0984        32.5      -103127.6275      -116.4708 17m55s/Msamples
        7130000   -103244.0533        32.5      -103131.6385      -112.4148 17m55s/Msamples
        7131000   -103249.6465        32.5      -103127.3707      -122.2758 17m55s/Msamples
        7132000   -103260.7252        32.5      -103130.3350      -130.3901 17m55s/Msamples
        7133000   -103262.6648        32.6      -103135.2589      -127.4058 17m55s/Msamples
        7134000   -103266.5144        32.6      -103142.7302      -123.7841 17m55s/Msamples
        7135000   -103259.1709        32.6      -103128.9661      -130.2048 17m55s/Msamples
        7136000   -103261.8183        32.7      -103130.4063      -131.4119 17m55s/Msamples
        7137000   -103266.4861        32.7      -103135.3747      -131.1114 17m55s/Msamples
        7138000   -103267.4650        32.7      -103133.9805      -133.4844 17m55s/Msamples
        7139000   -103261.2439        32.8      -103132.6505      -128.5934 17m55s/Msamples
        7140000   -103265.9445        32.8      -103135.0132      -130.9312 17m55s/Msamples
        7141000   -103253.9731        32.8      -103126.5304      -127.4427 17m55s/Msamples
        7142000   -103256.5858        32.8      -103128.9011      -127.6847 17m55s/Msamples
        7143000   -103258.7194        32.9      -103129.9807      -128.7387 17m55s/Msamples
        7144000   -103245.6539        32.9      -103123.5879      -122.0660 17m55s/Msamples
        7145000   -103238.1795        32.9      -103122.8237      -115.3558 17m55s/Msamples
        7146000   -103252.5598        32.9      -103140.9385      -111.6213 17m55s/Msamples
        7147000   -103246.0780        32.9      -103131.5389      -114.5391 17m55s/Msamples
        7148000   -103240.7365        32.9      -103136.4881      -104.2483 17m55s/Msamples
        7149000   -103244.1429        33.0      -103131.5834      -112.5594 17m55s/Msamples
        7150000   -103240.8925        33.0      -103125.8364      -115.0560 17m55s/Msamples
        7151000   -103249.5011        33.0      -103131.6417      -117.8593 17m55s/Msamples
        7152000   -103240.6825        33.0      -103129.4545      -111.2279 17m55s/Msamples
        7153000   -103241.0415        33.0      -103124.9991      -116.0423 17m55s/Msamples
        7154000   -103232.1251        33.0      -103118.0071      -114.1180 17m55s/Msamples
        7155000   -103235.2571        33.0      -103120.3429      -114.9141 17m55s/Msamples
        7156000   -103232.3293        33.0      -103116.6800      -115.6492 17m55s/Msamples
        7157000   -103233.1869        33.0      -103115.1486      -118.0382 17m55s/Msamples
        7158000   -103238.2608        33.0      -103123.2291      -115.0317 17m55s/Msamples
        7159000   -103256.2622        33.1      -103133.3905      -122.8717 17m55s/Msamples
        7160000   -103249.8056        33.1      -103128.2118      -121.5937 17m55s/Msamples
        7161000   -103259.9864        33.1      -103131.2709      -128.7155 17m55s/Msamples
        7162000   -103258.6310        33.1      -103133.7514      -124.8796 17m55s/Msamples
        7163000   -103259.4379        33.2      -103135.8171      -123.6207 17m55s/Msamples
        7164000   -103259.7715        33.2      -103134.8832      -124.8883 17m55s/Msamples
        7165000   -103254.2937        33.2      -103139.0572      -115.2364 17m55s/Msamples
        7166000   -103253.5262        33.2      -103138.9803      -114.5459 17m55s/Msamples
        7167000   -103239.6897        33.2      -103128.8063      -110.8833 17m55s/Msamples
        7168000   -103245.3333        33.2      -103131.9960      -113.3373 17m55s/Msamples
        7169000   -103249.5695        33.3      -103134.9273      -114.6421 17m55s/Msamples
        7170000   -103249.1306        33.3      -103133.4813      -115.6493 17m55s/Msamples
        7171000   -103262.4264        33.3      -103141.4042      -121.0222 17m55s/Msamples
        7172000   -103269.1318        33.3      -103138.9012      -130.2305 17m55s/Msamples
        7173000   -103260.7916        33.4      -103139.5391      -121.2524 17m55s/Msamples
        7174000   -103254.7990        33.4      -103138.4601      -116.3389 17m55s/Msamples
        7175000   -103250.3107        33.4      -103136.6544      -113.6562 17m55s/Msamples
        7176000   -103259.0550        33.4      -103140.3140      -118.7410 17m55s/Msamples
        7177000   -103265.7243        33.4      -103143.7295      -121.9948 17m55s/Msamples
        7178000   -103266.8166        33.5      -103141.6896      -125.1269 17m55s/Msamples
        7179000   -103271.6105        33.5      -103141.1652      -130.4452 17m55s/Msamples
        7180000   -103257.2158        33.5      -103130.6725      -126.5433 17m55s/Msamples
        7181000   -103243.1977        33.5      -103129.2782      -113.9195 17m55s/Msamples
        7182000   -103234.3311        33.5      -103121.9604      -112.3707 17m55s/Msamples
        7183000   -103222.5638        33.5      -103112.9370      -109.6268 17m55s/Msamples
        7184000   -103224.6594        33.6      -103119.4671      -105.1922 17m55s/Msamples
        7185000   -103232.1674        33.6      -103118.1751      -113.9923 17m55s/Msamples
        7186000   -103229.1051        33.6      -103118.8427      -110.2623 17m55s/Msamples
        7187000   -103234.2947        33.6      -103115.5232      -118.7714 17m55s/Msamples
        7188000   -103235.7947        33.6      -103112.5463      -123.2484 17m55s/Msamples
        7189000   -103228.2529        33.6      -103111.2799      -116.9729 17m55s/Msamples
        7190000   -103233.9642        33.6      -103117.4529      -116.5112 17m55s/Msamples
        7191000   -103238.8609        33.6      -103121.7453      -117.1155 17m55s/Msamples
        7192000   -103241.8087        33.6      -103124.8725      -116.9361 17m55s/Msamples
        7193000   -103247.4242        33.6      -103124.1963      -123.2279 17m55s/Msamples
        7194000   -103251.7567        33.6      -103122.0095      -129.7472 17m55s/Msamples
        7195000   -103234.5835        33.6      -103113.5921      -120.9913 17m55s/Msamples
        7196000   -103241.6321        33.6      -103117.7451      -123.8869 17m55s/Msamples
        7197000   -103252.4537        33.7      -103122.0639      -130.3898 17m56s/Msamples
        7198000   -103255.4076        33.7      -103123.1006      -132.3070 17m56s/Msamples
        7199000   -103260.1412        33.7      -103126.0979      -134.0432 17m56s/Msamples
        7200000   -103258.2205        33.7      -103125.0651      -133.1554 17m56s/Msamples
        7201000   -103261.3260        33.7      -103125.4592      -135.8667 17m56s/Msamples
        7202000   -103254.5817        33.7      -103122.3281      -132.2536 17m55s/Msamples
        7203000   -103239.6279        33.7      -103112.4596      -127.1683 17m55s/Msamples
        7204000   -103248.5330        33.8      -103119.6972      -128.8358 17m55s/Msamples
        7205000   -103247.4486        33.8      -103119.2597      -128.1888 17m55s/Msamples
        7206000   -103250.1352        33.8      -103121.4846      -128.6505 17m55s/Msamples
        7207000   -103264.6859        33.8      -103123.5423      -141.1436 17m56s/Msamples
        7208000   -103260.7127        33.8      -103123.9783      -136.7344 17m56s/Msamples
        7209000   -103249.1202        33.8      -103116.1212      -132.9989 17m56s/Msamples
        7210000   -103262.1705        33.8      -103117.2426      -144.9279 17m56s/Msamples
        7211000   -103257.0203        33.9      -103113.7975      -143.2228 17m56s/Msamples
        7212000   -103262.2120        33.9      -103119.3239      -142.8880 17m56s/Msamples
        7213000   -103264.0395        33.9      -103124.1814      -139.8580 17m56s/Msamples
        7214000   -103260.8094        33.9      -103125.6618      -135.1476 17m56s/Msamples
        7215000   -103265.7917        33.9      -103120.0865      -145.7051 17m56s/Msamples
        7216000   -103268.2263        34.0      -103127.9317      -140.2946 17m56s/Msamples
        7217000   -103277.5558        34.0      -103135.2034      -142.3523 17m56s/Msamples
        7218000   -103277.1064        34.0      -103133.4321      -143.6743 17m56s/Msamples
        7219000   -103243.9790        34.0      -103122.3046      -121.6743 17m56s/Msamples
        7220000   -103248.0594        34.0      -103128.4207      -119.6386 17m56s/Msamples
        7221000   -103251.2202        34.2      -103132.2001      -119.0201 17m56s/Msamples
        7222000   -103247.8610        34.2      -103127.1886      -120.6724 17m56s/Msamples
        7223000   -103261.7572        34.2      -103138.5527      -123.2045 17m56s/Msamples
        7224000   -103256.8075        34.2      -103125.7283      -131.0791 17m56s/Msamples
        7225000   -103264.5175        34.2      -103130.8808      -133.6366 17m56s/Msamples
        7226000   -103264.6692        34.2      -103132.4452      -132.2239 17m56s/Msamples
        7227000   -103246.1624        34.2      -103125.6519      -120.5104 17m56s/Msamples
        7228000   -103265.0857        34.3      -103129.1461      -135.9395 17m56s/Msamples
        7229000   -103254.5085        34.3      -103124.8548      -129.6537 17m56s/Msamples
        7230000   -103253.1483        34.3      -103121.5652      -131.5831 17m56s/Msamples
        7231000   -103251.1268        34.3      -103116.4648      -134.6619 17m56s/Msamples
        7232000   -103262.2836        34.3      -103126.0967      -136.1868 17m56s/Msamples
        7233000   -103250.9303        34.3      -103120.2563      -130.6740 17m56s/Msamples
        7234000   -103246.7074        34.3      -103124.0802      -122.6272 17m56s/Msamples
        7235000   -103243.1775        34.3      -103123.6328      -119.5446 17m56s/Msamples
        7236000   -103250.1715        34.3      -103126.3296      -123.8418 17m56s/Msamples
        7237000   -103241.4412        34.3      -103125.7306      -115.7105 17m56s/Msamples
        7238000   -103242.6411        34.3      -103127.8855      -114.7556 17m56s/Msamples
        7239000   -103245.0269        34.3      -103128.1664      -116.8605 17m56s/Msamples
        7240000   -103237.5156        34.3      -103121.0081      -116.5075 17m56s/Msamples
        7241000   -103242.8790        34.3      -103125.8301      -117.0489 17m56s/Msamples
        7242000   -103246.0944        34.3      -103119.7495      -126.3449 17m56s/Msamples
        7243000   -103244.1910        34.3      -103120.5672      -123.6237 17m56s/Msamples
        7244000   -103244.4221        34.3      -103123.5891      -120.8330 17m56s/Msamples
        7245000   -103244.6364        34.3      -103123.6946      -120.9417 17m56s/Msamples
        7246000   -103256.0609        34.3      -103132.8033      -123.2575 17m56s/Msamples
        7247000   -103240.5992        34.3      -103128.6710      -111.9282 17m56s/Msamples
        7248000   -103233.4533        34.3      -103126.7191      -106.7341 17m56s/Msamples
        7249000   -103241.4060        34.3      -103130.0144      -111.3915 17m56s/Msamples
        7250000   -103239.4041        34.3      -103124.2879      -115.1161 17m56s/Msamples
        7251000   -103235.4744        34.4      -103119.4713      -116.0030 17m56s/Msamples
        7252000   -103239.6571        34.4      -103122.9164      -116.7407 17m56s/Msamples
        7253000   -103247.5756        34.4      -103125.1231      -122.4524 17m56s/Msamples
        7254000   -103270.2358        34.4      -103133.0928      -137.1430 17m56s/Msamples
        7255000   -103264.5640        34.4      -103131.8266      -132.7373 17m56s/Msamples
        7256000   -103257.1190        34.4      -103131.1467      -125.9722 17m56s/Msamples
        7257000   -103254.6669        34.4      -103128.5337      -126.1331 17m56s/Msamples
        7258000   -103256.7033        34.4      -103129.2938      -127.4094 17m56s/Msamples
        7259000   -103245.3093        34.4      -103126.5914      -118.7179 17m56s/Msamples
        7260000   -103246.0436        34.4      -103130.6095      -115.4340 17m56s/Msamples
        7261000   -103256.6954        34.4      -103130.9025      -125.7929 17m56s/Msamples
        7262000   -103255.3172        34.4      -103129.7482      -125.5690 17m56s/Msamples
        7263000   -103255.5118        34.4      -103132.0663      -123.4454 17m56s/Msamples
        7264000   -103230.7631        34.4      -103111.5542      -119.2088 17m56s/Msamples
        7265000   -103227.0276        34.4      -103109.7507      -117.2768 17m56s/Msamples
        7266000   -103236.0431        34.4      -103117.2334      -118.8097 17m56s/Msamples
        7267000   -103234.7843        34.4      -103118.7664      -116.0178 17m56s/Msamples
        7268000   -103233.0837        34.4      -103115.3604      -117.7233 17m56s/Msamples
        7269000   -103226.0104        34.4      -103119.3220      -106.6883 17m56s/Msamples
        7270000   -103219.3190        34.4      -103118.7211      -100.5979 17m56s/Msamples
        7271000   -103232.7879        34.5      -103126.9022      -105.8856 17m56s/Msamples
        7272000   -103235.0894        34.5      -103122.2031      -112.8862 17m56s/Msamples
        7273000   -103231.7186        34.5      -103120.2903      -111.4282 17m56s/Msamples
        7274000   -103236.6157        34.5      -103130.7535      -105.8621 17m56s/Msamples
        7275000   -103229.9548        34.5      -103121.6741      -108.2806 17m56s/Msamples
        7276000   -103234.6879        34.5      -103119.9018      -114.7860 17m56s/Msamples
        7277000   -103238.0056        34.5      -103122.2983      -115.7073 17m56s/Msamples
        7278000   -103244.5510        34.5      -103124.6200      -119.9310 17m56s/Msamples
        7279000   -103239.5997        34.4      -103120.8683      -118.7314 17m56s/Msamples
        7280000   -103245.8955        34.4      -103118.9715      -126.9239 17m56s/Msamples
        7281000   -103249.0230        34.4      -103127.8296      -121.1934 17m56s/Msamples
        7282000   -103253.9318        34.4      -103123.1631      -130.7686 17m56s/Msamples
        7283000   -103254.1504        34.4      -103124.7875      -129.3628 17m56s/Msamples
        7284000   -103258.2894        34.5      -103125.5188      -132.7705 17m56s/Msamples
        7285000   -103253.5264        34.5      -103124.2179      -129.3084 17m56s/Msamples
        7286000   -103264.6739        34.5      -103126.3450      -138.3289 17m56s/Msamples
        7287000   -103256.9639        34.5      -103131.6274      -125.3364 17m56s/Msamples
        7288000   -103252.4150        34.5      -103121.2521      -131.1629 17m56s/Msamples
        7289000   -103270.4851        34.4      -103131.4927      -138.9923 17m56s/Msamples
        7290000   -103253.8444        34.4      -103129.7237      -124.1207 17m56s/Msamples
        7291000   -103264.8081        34.4      -103135.2120      -129.5961 17m56s/Msamples
        7292000   -103246.4329        34.4      -103123.8622      -122.5706 17m56s/Msamples
        7293000   -103236.1847        34.4      -103126.0651      -110.1195 17m56s/Msamples
        7294000   -103234.4713        34.4      -103119.6052      -114.8661 17m56s/Msamples
        7295000   -103224.2674        34.4      -103116.0203      -108.2471 17m56s/Msamples
        7296000   -103242.6656        34.4      -103123.5140      -119.1515 17m56s/Msamples
        7297000   -103235.8570        34.5      -103119.9300      -115.9270 17m56s/Msamples
        7298000   -103231.2627        34.5      -103119.3964      -111.8662 17m56s/Msamples
        7299000   -103249.5578        34.4      -103126.8795      -122.6783 17m56s/Msamples
        7300000   -103232.1931        34.4      -103118.4763      -113.7167 17m56s/Msamples
        7301000   -103239.2923        34.4      -103128.1071      -111.1852 17m56s/Msamples
        7302000   -103240.2145        34.4      -103124.1695      -116.0450 17m56s/Msamples
        7303000   -103244.8742        34.4      -103132.0889      -112.7852 17m56s/Msamples
        7304000   -103229.8645        34.4      -103119.9699      -109.8945 17m56s/Msamples
        7305000   -103223.8673        34.4      -103112.3829      -111.4843 17m56s/Msamples
        7306000   -103222.1260        34.4      -103118.8121      -103.3139 17m56s/Msamples
        7307000   -103227.3059        34.4      -103126.1202      -101.1856 17m56s/Msamples
        7308000   -103218.0060        34.5      -103119.3210       -98.6850 17m56s/Msamples
        7309000   -103231.7763        34.4      -103120.8797      -110.8966 17m56s/Msamples
        7310000   -103231.4582        34.4      -103118.8810      -112.5771 17m56s/Msamples
        7311000   -103229.0602        34.4      -103116.9164      -112.1438 17m56s/Msamples
        7312000   -103224.7766        34.4      -103118.5548      -106.2218 17m56s/Msamples
        7313000   -103225.2291        34.5      -103115.5663      -109.6627 17m56s/Msamples
        7314000   -103222.7027        34.5      -103112.3936      -110.3090 17m56s/Msamples
        7315000   -103232.6754        34.5      -103115.5118      -117.1635 17m56s/Msamples
        7316000   -103229.6109        34.5      -103120.1874      -109.4234 17m56s/Msamples
        7317000   -103241.2177        34.5      -103126.2630      -114.9546 17m56s/Msamples
        7318000   -103241.1139        34.5      -103126.5145      -114.5993 17m56s/Msamples
        7319000   -103240.2125        34.5      -103121.9947      -118.2178 17m56s/Msamples
        7320000   -103228.4994        34.5      -103116.5479      -111.9514 17m56s/Msamples
        7321000   -103228.5482        34.5      -103116.8227      -111.7255 17m56s/Msamples
        7322000   -103202.7480        34.5      -103100.2324      -102.5156 17m56s/Msamples
        7323000   -103217.3944        34.5      -103114.8040      -102.5904 17m56s/Msamples
        7324000   -103215.9516        34.6      -103112.7593      -103.1922 17m56s/Msamples
        7325000   -103215.3577        34.6      -103111.2933      -104.0643 17m56s/Msamples
        7326000   -103225.7087        34.6      -103113.5054      -112.2033 17m56s/Msamples
        7327000   -103230.2275        34.6      -103117.2515      -112.9760 17m56s/Msamples
        7328000   -103225.9657        34.6      -103119.3673      -106.5983 17m56s/Msamples
        7329000   -103232.6769        34.6      -103122.5938      -110.0831 17m56s/Msamples
        7330000   -103238.6853        34.6      -103117.2280      -121.4572 17m56s/Msamples
        7331000   -103215.3585        34.6      -103109.7320      -105.6264 17m56s/Msamples
        7332000   -103213.0161        34.6      -103107.9751      -105.0409 17m56s/Msamples
        7333000   -103224.3303        34.6      -103119.4770      -104.8532 17m56s/Msamples
        7334000   -103223.4573        34.7      -103114.1991      -109.2582 17m56s/Msamples
        7335000   -103224.4045        34.7      -103117.1399      -107.2645 17m56s/Msamples
        7336000   -103228.3778        34.7      -103117.6830      -110.6948 17m56s/Msamples
        7337000   -103238.3279        34.7      -103125.4612      -112.8667 17m56s/Msamples
        7338000   -103225.4871        34.7      -103120.4444      -105.0427 17m56s/Msamples
        7339000   -103225.9633        34.7      -103115.2025      -110.7607 17m56s/Msamples
        7340000   -103231.5330        34.7      -103123.3611      -108.1719 17m56s/Msamples
        7341000   -103237.9814        34.7      -103128.3127      -109.6686 17m56s/Msamples
        7342000   -103235.9866        34.7      -103120.7874      -115.1992 17m56s/Msamples
        7343000   -103225.9462        34.7      -103114.6902      -111.2559 17m56s/Msamples
        7344000   -103237.0993        34.7      -103120.6900      -116.4093 17m56s/Msamples
        7345000   -103235.0199        34.7      -103117.8167      -117.2032 17m56s/Msamples
        7346000   -103228.5155        34.7      -103112.1633      -116.3522 17m56s/Msamples
        7347000   -103224.7892        34.7      -103116.2174      -108.5717 17m56s/Msamples
        7348000   -103233.5572        34.7      -103115.4577      -118.0994 17m56s/Msamples
        7349000   -103221.2943        34.7      -103115.2168      -106.0775 17m56s/Msamples
        7350000   -103220.2772        34.7      -103112.9176      -107.3595 17m56s/Msamples
        7351000   -103214.8429        34.8      -103115.7140       -99.1288 17m56s/Msamples
        7352000   -103224.1579        34.8      -103125.7491       -98.4088 17m56s/Msamples
        7353000   -103221.2319        34.8      -103117.4363      -103.7956 17m56s/Msamples
        7354000   -103206.5564        34.8      -103107.7954       -98.7609 17m56s/Msamples
        7355000   -103218.3196        34.8      -103116.4104      -101.9091 17m56s/Msamples
        7356000   -103221.0832        34.8      -103118.5736      -102.5095 17m56s/Msamples
        7357000   -103238.5376        34.8      -103127.2287      -111.3088 17m56s/Msamples
        7358000   -103231.7743        34.8      -103118.7143      -113.0600 17m56s/Msamples
        7359000   -103226.7236        34.8      -103117.3536      -109.3700 17m56s/Msamples
        7360000   -103223.3719        34.8      -103113.5012      -109.8707 17m56s/Msamples
        7361000   -103224.3462        34.9      -103118.0610      -106.2852 17m56s/Msamples
        7362000   -103219.7524        34.9      -103113.0382      -106.7141 17m56s/Msamples
        7363000   -103221.0126        34.9      -103121.4753       -99.5372 17m56s/Msamples
        7364000   -103215.1148        34.9      -103123.7172       -91.3976 17m56s/Msamples
        7365000   -103214.6475        34.9      -103115.4039       -99.2436 17m56s/Msamples
        7366000   -103226.9205        34.9      -103119.5461      -107.3743 17m56s/Msamples
        7367000   -103235.0294        34.9      -103125.5986      -109.4308 17m56s/Msamples
        7368000   -103241.4837        34.9      -103120.7844      -120.6992 17m56s/Msamples
        7369000   -103241.0978        34.9      -103120.7516      -120.3461 17m56s/Msamples
        7370000   -103229.6752        34.9      -103121.1398      -108.5354 17m56s/Msamples
        7371000   -103233.5891        34.9      -103123.1076      -110.4815 17m56s/Msamples
        7372000   -103235.4171        34.9      -103123.4684      -111.9486 17m56s/Msamples
        7373000   -103226.2102        34.9      -103120.1429      -106.0673 17m56s/Msamples
        7374000   -103232.4374        34.9      -103122.4212      -110.0161 17m56s/Msamples
        7375000   -103223.2254        34.9      -103113.2168      -110.0086 17m56s/Msamples
        7376000   -103228.7688        34.9      -103112.8117      -115.9571 17m56s/Msamples
        7377000   -103235.5588        34.9      -103113.5874      -121.9714 17m56s/Msamples
        7378000   -103220.7127        34.9      -103109.1941      -111.5185 17m56s/Msamples
        7379000   -103218.8029        34.9      -103113.2062      -105.5967 17m56s/Msamples
        7380000   -103216.6961        35.0      -103112.0194      -104.6766 17m56s/Msamples
        7381000   -103214.2111        35.0      -103108.4348      -105.7763 17m56s/Msamples
        7382000   -103208.2060        35.0      -103109.3597       -98.8463 17m56s/Msamples
        7383000   -103218.3205        35.0      -103112.7872      -105.5332 17m56s/Msamples
        7384000   -103216.2264        35.1      -103113.3661      -102.8602 17m56s/Msamples
        7385000   -103217.3575        35.1      -103112.1905      -105.1670 17m56s/Msamples
        7386000   -103225.7334        35.1      -103121.8384      -103.8949 17m56s/Msamples
        7387000   -103240.9453        35.1      -103124.5000      -116.4453 17m56s/Msamples
        7388000   -103252.5626        35.1      -103130.1095      -122.4531 17m56s/Msamples
        7389000   -103241.5353        35.1      -103129.6913      -111.8440 17m56s/Msamples
        7390000   -103237.8334        35.1      -103128.2037      -109.6296 17m56s/Msamples
        7391000   -103236.7765        35.1      -103132.1775      -104.5990 17m56s/Msamples
        7392000   -103226.7048        35.1      -103122.2889      -104.4158 17m56s/Msamples
        7393000   -103233.9011        35.1      -103124.8780      -109.0230 17m56s/Msamples
        7394000   -103226.9126        35.1      -103117.2093      -109.7033 17m56s/Msamples
        7395000   -103226.8589        35.1      -103115.2670      -111.5918 17m56s/Msamples
        7396000   -103229.3023        35.1      -103111.8443      -117.4580 17m56s/Msamples
        7397000   -103232.9497        35.1      -103118.2064      -114.7432 17m56s/Msamples
        7398000   -103226.0430        35.1      -103113.9870      -112.0559 17m56s/Msamples
        7399000   -103235.7705        35.1      -103111.8595      -123.9110 17m56s/Msamples
        7400000   -103249.0693        35.1      -103131.6191      -117.4501 17m56s/Msamples
        7401000   -103246.7904        35.1      -103125.1652      -121.6252 17m56s/Msamples
        7402000   -103237.8863        35.1      -103117.4980      -120.3882 17m56s/Msamples
        7403000   -103238.6756        35.1      -103116.7141      -121.9614 17m56s/Msamples
        7404000   -103230.5569        35.1      -103114.2565      -116.3004 17m56s/Msamples
        7405000   -103231.8020        35.1      -103115.4058      -116.3962 17m56s/Msamples
        7406000   -103233.6146        35.1      -103121.6966      -111.9180 17m56s/Msamples
        7407000   -103248.3651        35.1      -103124.7637      -123.6014 17m56s/Msamples
        7408000   -103241.7340        35.2      -103118.8789      -122.8550 17m56s/Msamples
        7409000   -103238.6032        35.1      -103115.5340      -123.0691 17m56s/Msamples
        7410000   -103240.7611        35.2      -103119.9792      -120.7819 17m56s/Msamples
        7411000   -103239.4925        35.2      -103121.2339      -118.2586 17m56s/Msamples
        7412000   -103238.4637        35.2      -103117.6155      -120.8481 17m56s/Msamples
        7413000   -103231.2150        35.2      -103120.7814      -110.4336 17m56s/Msamples
        7414000   -103237.8726        35.2      -103124.3690      -113.5036 17m56s/Msamples
        7415000   -103216.9738        35.2      -103110.5833      -106.3904 17m56s/Msamples
        7416000   -103217.7701        35.2      -103115.1318      -102.6383 17m56s/Msamples
        7417000   -103224.5938        35.2      -103114.8932      -109.7006 17m56s/Msamples
        7418000   -103231.1412        35.2      -103111.3739      -119.7672 17m56s/Msamples
        7419000   -103222.8194        35.2      -103107.3622      -115.4572 17m56s/Msamples
        7420000   -103222.8097        35.2      -103105.6575      -117.1521 17m56s/Msamples
        7421000   -103221.4811        35.2      -103106.8464      -114.6346 17m56s/Msamples
        7422000   -103232.5377        35.2      -103110.1163      -122.4214 17m56s/Msamples
        7423000   -103230.9251        35.2      -103109.2059      -121.7191 17m56s/Msamples
        7424000   -103235.5918        35.2      -103121.4282      -114.1636 17m56s/Msamples
        7425000   -103239.1751        35.2      -103118.2892      -120.8858 17m56s/Msamples
        7426000   -103235.3105        35.3      -103119.5145      -115.7960 17m56s/Msamples
        7427000   -103234.9696        35.3      -103118.4285      -116.5410 17m56s/Msamples
        7428000   -103234.8494        35.3      -103118.9587      -115.8906 17m56s/Msamples
        7429000   -103238.4084        35.3      -103125.7607      -112.6476 17m56s/Msamples
        7430000   -103232.4064        35.3      -103119.6711      -112.7353 17m56s/Msamples
        7431000   -103231.7496        35.3      -103116.9449      -114.8047 17m56s/Msamples
        7432000   -103233.7995        35.3      -103116.0057      -117.7937 17m56s/Msamples
        7433000   -103234.0982        35.3      -103115.5949      -118.5032 17m56s/Msamples
        7434000   -103242.5224        35.3      -103124.2743      -118.2481 17m56s/Msamples
        7435000   -103248.6235        35.3      -103126.8987      -121.7247 17m56s/Msamples
        7436000   -103242.7327        35.3      -103123.3182      -119.4145 17m56s/Msamples
        7437000   -103239.3927        35.3      -103123.3008      -116.0919 17m56s/Msamples
        7438000   -103228.2289        35.3      -103113.5335      -114.6954 17m56s/Msamples
        7439000   -103226.5910        35.3      -103114.8469      -111.7440 17m56s/Msamples
        7440000   -103224.6503        35.3      -103117.2729      -107.3774 17m56s/Msamples
        7441000   -103223.6547        35.3      -103124.7083       -98.9464 17m56s/Msamples
        7442000   -103219.3167        35.3      -103112.9432      -106.3735 17m56s/Msamples
        7443000   -103207.1851        35.4      -103108.2077       -98.9773 17m56s/Msamples
        7444000   -103216.4940        35.4      -103115.6454      -100.8485 17m56s/Msamples
        7445000   -103229.5781        35.4      -103124.0108      -105.5672 17m56s/Msamples
        7446000   -103232.8726        35.4      -103120.9729      -111.8997 17m56s/Msamples
        7447000   -103237.0764        35.4      -103124.5487      -112.5276 17m56s/Msamples
        7448000   -103229.4095        35.4      -103120.9906      -108.4189 17m56s/Msamples
        7449000   -103233.3711        35.4      -103122.0189      -111.3521 17m56s/Msamples
        7450000   -103247.0014        35.4      -103124.5806      -122.4208 17m56s/Msamples
        7451000   -103239.5482        35.4      -103116.8342      -122.7139 17m56s/Msamples
        7452000   -103252.1851        35.4      -103124.0881      -128.0969 17m56s/Msamples
        7453000   -103241.3647        35.4      -103127.4354      -113.9293 17m56s/Msamples
        7454000   -103230.7781        35.4      -103118.1316      -112.6464 17m56s/Msamples
        7455000   -103226.0544        35.4      -103115.1703      -110.8841 17m56s/Msamples
        7456000   -103231.8922        35.4      -103120.4390      -111.4531 17m56s/Msamples
        7457000   -103243.4590        35.4      -103126.2019      -117.2570 17m56s/Msamples
        7458000   -103246.0212        35.4      -103129.4915      -116.5296 17m56s/Msamples
        7459000   -103240.3538        35.4      -103122.4539      -117.8999 17m56s/Msamples
        7460000   -103247.5959        35.4      -103125.5103      -122.0856 17m56s/Msamples
        7461000   -103250.7743        35.4      -103123.2685      -127.5057 17m56s/Msamples
        7462000   -103241.2101        35.4      -103120.9895      -120.2205 17m56s/Msamples
        7463000   -103246.9972        35.4      -103131.9144      -115.0827 17m56s/Msamples
        7464000   -103250.6652        35.4      -103135.2939      -115.3713 17m56s/Msamples
        7465000   -103242.2172        35.4      -103127.0965      -115.1207 17m56s/Msamples
        7466000   -103249.2627        35.4      -103134.0969      -115.1658 17m56s/Msamples
        7467000   -103250.8784        35.4      -103126.3449      -124.5335 17m56s/Msamples
        7468000   -103238.7435        35.5      -103126.4701      -112.2734 17m56s/Msamples
        7469000   -103237.0490        35.5      -103120.7572      -116.2918 17m56s/Msamples
        7470000   -103246.4064        35.5      -103127.0141      -119.3922 17m56s/Msamples
        7471000   -103230.8288        35.5      -103115.1111      -115.7177 17m56s/Msamples
        7472000   -103244.8585        35.5      -103119.7881      -125.0703 17m56s/Msamples
        7473000   -103241.8689        35.5      -103116.8241      -125.0447 17m56s/Msamples
        7474000   -103243.2565        35.5      -103122.2677      -120.9888 17m56s/Msamples
        7475000   -103243.7836        35.5      -103121.7542      -122.0293 17m56s/Msamples
        7476000   -103239.5149        35.5      -103117.7481      -121.7667 17m56s/Msamples
        7477000   -103244.7331        35.5      -103124.9865      -119.7465 17m56s/Msamples
        7478000   -103237.4331        35.5      -103127.6125      -109.8205 17m56s/Msamples
        7479000   -103242.3448        35.5      -103126.7636      -115.5812 17m56s/Msamples
        7480000   -103246.4001        35.5      -103122.7903      -123.6097 17m56s/Msamples
        7481000   -103247.8272        35.5      -103123.6863      -124.1408 17m56s/Msamples
        7482000   -103254.3229        35.5      -103122.9878      -131.3350 17m56s/Msamples
        7483000   -103252.7461        35.5      -103126.0203      -126.7258 17m56s/Msamples
        7484000   -103257.0054        35.5      -103124.6673      -132.3380 17m56s/Msamples
        7485000   -103271.7418        35.5      -103133.6532      -138.0886 17m56s/Msamples
        7486000   -103258.0566        35.5      -103128.5066      -129.5499 17m56s/Msamples
        7487000   -103253.2101        35.5      -103125.6363      -127.5738 17m56s/Msamples
        7488000   -103249.5331        35.5      -103123.9094      -125.6236 17m56s/Msamples
        7489000   -103257.2909        35.5      -103126.9834      -130.3074 17m56s/Msamples
        7490000   -103258.8788        35.5      -103132.3932      -126.4855 17m56s/Msamples
        7491000   -103252.5283        35.5      -103135.0117      -117.5166 17m56s/Msamples
        7492000   -103237.2899        35.5      -103123.8404      -113.4495 17m56s/Msamples
        7493000   -103243.4817        35.5      -103129.8674      -113.6143 17m56s/Msamples
        7494000   -103245.3744        35.5      -103124.6174      -120.7570 17m56s/Msamples
        7495000   -103246.8906        35.5      -103128.0851      -118.8054 17m56s/Msamples
        7496000   -103247.9680        35.5      -103130.2362      -117.7317 17m56s/Msamples
        7497000   -103248.8355        35.5      -103128.7713      -120.0642 17m56s/Msamples
        7498000   -103251.2436        35.5      -103127.5519      -123.6917 17m56s/Msamples
        7499000   -103247.9849        35.5      -103130.1946      -117.7903 17m56s/Msamples
        7500000   -103245.9495        35.5      -103123.8391      -122.1104 17m56s/Msamples
        7501000   -103238.0539        35.5      -103123.3547      -114.6992 17m56s/Msamples
        7502000   -103242.0889        35.5      -103123.8336      -118.2552 17m56s/Msamples
        7503000   -103242.5933        35.5      -103125.1136      -117.4796 17m56s/Msamples
        7504000   -103247.3897        35.5      -103125.8583      -121.5314 17m56s/Msamples
        7505000   -103240.6497        35.5      -103121.0297      -119.6199 17m56s/Msamples
        7506000   -103237.2623        35.5      -103117.8718      -119.3905 17m56s/Msamples
        7507000   -103243.5751        35.5      -103120.4879      -123.0871 17m56s/Msamples
        7508000   -103238.6316        35.5      -103115.6504      -122.9812 17m56s/Msamples
        7509000   -103232.7912        35.6      -103114.5941      -118.1970 17m56s/Msamples
        7510000   -103243.9740        35.6      -103121.1605      -122.8135 17m56s/Msamples
        7511000   -103236.3710        35.6      -103118.3206      -118.0504 17m56s/Msamples
        7512000   -103236.4509        35.6      -103112.4580      -123.9928 17m56s/Msamples
        7513000   -103231.9033        35.6      -103114.1096      -117.7937 17m56s/Msamples
        7514000   -103237.0262        35.6      -103117.1405      -119.8857 17m56s/Msamples
        7515000   -103244.7485        35.6      -103115.3792      -129.3693 17m56s/Msamples
        7516000   -103250.5248        35.6      -103122.8220      -127.7028 17m56s/Msamples
        7517000   -103251.0627        35.6      -103111.3437      -139.7190 17m56s/Msamples
        7518000   -103239.3972        35.6      -103114.3305      -125.0667 17m56s/Msamples
        7519000   -103228.9940        35.6      -103113.4924      -115.5015 17m56s/Msamples
        7520000   -103233.4828        35.6      -103124.6151      -108.8677 17m56s/Msamples
        7521000   -103229.6822        35.6      -103127.8897      -101.7924 17m56s/Msamples
        7522000   -103235.2996        35.6      -103125.3353      -109.9643 17m56s/Msamples
        7523000   -103227.5623        35.6      -103118.7594      -108.8029 17m56s/Msamples
        7524000   -103230.6352        35.6      -103122.3128      -108.3223 17m56s/Msamples
        7525000   -103242.5524        35.6      -103127.9793      -114.5731 17m56s/Msamples
        7526000   -103242.4204        35.6      -103133.2572      -109.1632 17m56s/Msamples
        7527000   -103240.5660        35.6      -103127.3229      -113.2431 17m56s/Msamples
        7528000   -103239.1303        35.6      -103127.6413      -111.4889 17m56s/Msamples
        7529000   -103237.6363        35.6      -103132.6939      -104.9423 17m56s/Msamples
        7530000   -103241.3744        35.6      -103131.5378      -109.8365 17m56s/Msamples
        7531000   -103252.5953        35.6      -103137.2512      -115.3441 17m56s/Msamples
        7532000   -103243.0649        35.6      -103128.5231      -114.5417 17m56s/Msamples
        7533000   -103241.1882        35.6      -103131.2601      -109.9280 17m56s/Msamples
        7534000   -103237.7267        35.6      -103126.2361      -111.4906 17m56s/Msamples
        7535000   -103234.2125        35.6      -103130.8915      -103.3210 17m56s/Msamples
        7536000   -103230.3791        35.6      -103120.8921      -109.4870 17m56s/Msamples
        7537000   -103224.1024        35.6      -103121.8345      -102.2678 17m56s/Msamples
        7538000   -103239.2543        35.6      -103130.1815      -109.0727 17m56s/Msamples
        7539000   -103230.8452        35.6      -103120.4020      -110.4432 17m56s/Msamples
        7540000   -103214.9603        35.6      -103115.3999       -99.5603 17m56s/Msamples
        7541000   -103217.5436        35.7      -103123.7415       -93.8020 17m56s/Msamples
        7542000   -103220.0609        35.7      -103120.0034      -100.0575 17m56s/Msamples
        7543000   -103222.6308        35.7      -103123.0146       -99.6161 17m56s/Msamples
        7544000   -103231.1752        35.7      -103127.5779      -103.5972 17m56s/Msamples
        7545000   -103238.0281        35.7      -103129.9721      -108.0560 17m56s/Msamples
        7546000   -103225.4343        35.7      -103127.9966       -97.4376 17m56s/Msamples
        7547000   -103206.3009        35.7      -103112.9863       -93.3146 17m56s/Msamples
        7548000   -103211.1254        35.8      -103120.6415       -90.4839 17m56s/Msamples
        7549000   -103212.1816        35.8      -103119.0400       -93.1415 17m56s/Msamples
        7550000   -103217.3948        35.8      -103122.3752       -95.0196 17m56s/Msamples
        7551000   -103218.2911        35.8      -103124.6531       -93.6380 17m56s/Msamples
        7552000   -103205.9669        35.8      -103111.5573       -94.4095 17m56s/Msamples
        7553000   -103220.3079        35.8      -103118.1166      -102.1912 17m56s/Msamples
        7554000   -103207.7843        35.9      -103112.3963       -95.3880 17m56s/Msamples
        7555000   -103200.3162        35.9      -103111.3323       -88.9839 17m56s/Msamples
        7556000   -103211.6998        35.9      -103115.6592       -96.0405 17m56s/Msamples
        7557000   -103215.6844        35.9      -103111.2924      -104.3919 17m56s/Msamples
        7558000   -103213.6974        36.0      -103111.9916      -101.7057 17m56s/Msamples
        7559000   -103220.7263        36.0      -103118.1475      -102.5787 17m56s/Msamples
        7560000   -103214.9693        36.0      -103109.4923      -105.4770 17m56s/Msamples
        7561000   -103214.6455        36.0      -103108.0599      -106.5856 17m56s/Msamples
        7562000   -103225.5102        36.0      -103115.0606      -110.4496 17m56s/Msamples
        7563000   -103223.1808        36.0      -103117.3242      -105.8566 17m56s/Msamples
        7564000   -103237.3055        36.0      -103127.5587      -109.7468 17m56s/Msamples
        7565000   -103221.5276        36.0      -103113.1014      -108.4261 17m56s/Msamples
        7566000   -103217.8534        36.0      -103114.5987      -103.2547 17m56s/Msamples
        7567000   -103208.0461        36.1      -103107.0616      -100.9845 17m56s/Msamples
        7568000   -103214.5332        36.1      -103112.2208      -102.3124 17m56s/Msamples
        7569000   -103221.1072        36.1      -103118.4716      -102.6355 17m56s/Msamples
        7570000   -103219.6799        36.1      -103113.3143      -106.3656 17m56s/Msamples
        7571000   -103211.5210        36.1      -103113.2712       -98.2497 17m56s/Msamples
        7572000   -103198.8897        36.1      -103112.8698       -86.0199 17m56s/Msamples
        7573000   -103219.6393        36.2      -103121.6398       -97.9994 17m56s/Msamples
        7574000   -103194.9099        36.2      -103110.8736       -84.0363 17m56s/Msamples
        7575000   -103212.3336        36.2      -103116.8378       -95.4958 17m56s/Msamples
        7576000   -103212.8735        36.2      -103116.7418       -96.1316 17m56s/Msamples
        7577000   -103218.2928        36.2      -103118.6664       -99.6264 17m56s/Msamples
        7578000   -103207.8369        36.3      -103119.6587       -88.1781 17m56s/Msamples
        7579000   -103217.4356        36.3      -103116.8431      -100.5925 17m56s/Msamples
        7580000   -103217.9042        36.3      -103115.6026      -102.3015 17m56s/Msamples
        7581000   -103203.8189        36.3      -103109.4704       -94.3484 17m56s/Msamples
        7582000   -103224.1492        36.3      -103121.3514      -102.7977 17m56s/Msamples
        7583000   -103223.4665        36.3      -103120.7305      -102.7359 17m56s/Msamples
        7584000   -103229.9972        36.3      -103125.4527      -104.5444 17m56s/Msamples
        7585000   -103227.7516        36.3      -103130.1591       -97.5924 17m56s/Msamples
        7586000   -103226.4269        36.3      -103127.2425       -99.1843 17m56s/Msamples
        7587000   -103242.6060        36.3      -103138.8702      -103.7357 17m56s/Msamples
        7588000   -103237.7567        36.3      -103133.0100      -104.7467 17m56s/Msamples
        7589000   -103238.6994        36.3      -103129.1346      -109.5647 17m56s/Msamples
        7590000   -103242.0951        36.4      -103128.9061      -113.1889 17m56s/Msamples
        7591000   -103239.0595        36.4      -103129.4596      -109.5999 17m56s/Msamples
        7592000   -103247.4304        36.4      -103124.8366      -122.5937 17m56s/Msamples
        7593000   -103245.2104        36.4      -103126.8365      -118.3738 17m56s/Msamples
        7594000   -103235.2778        36.4      -103125.6615      -109.6162 17m56s/Msamples
        7595000   -103225.7547        36.4      -103127.3163       -98.4384 17m56s/Msamples
        7596000   -103207.9987        36.4      -103119.8471       -88.1516 17m56s/Msamples
        7597000   -103204.2532        36.4      -103118.3147       -85.9384 17m56s/Msamples
        7598000   -103213.1464        36.4      -103117.6288       -95.5176 17m56s/Msamples
        7599000   -103221.2171        36.4      -103123.9406       -97.2764 17m56s/Msamples
        7600000   -103243.7922        36.4      -103134.8667      -108.9255 17m56s/Msamples
        7601000   -103239.6821        36.4      -103136.3266      -103.3554 17m56s/Msamples
        7602000   -103237.9919        36.4      -103133.2880      -104.7038 17m56s/Msamples
        7603000   -103242.8374        36.5      -103135.6383      -107.1990 17m56s/Msamples
        7604000   -103247.1312        36.5      -103134.4896      -112.6416 17m56s/Msamples
        7605000   -103250.1761        36.5      -103130.9594      -119.2167 17m56s/Msamples
        7606000   -103254.3045        36.5      -103141.0751      -113.2293 17m56s/Msamples
        7607000   -103242.5723        36.5      -103134.5137      -108.0586 17m56s/Msamples
        7608000   -103248.8143        36.5      -103135.2848      -113.5294 17m56s/Msamples
        7609000   -103241.1641        36.5      -103137.2878      -103.8763 17m56s/Msamples
        7610000   -103251.3692        36.5      -103141.8501      -109.5191 17m56s/Msamples
        7611000   -103260.6148        36.5      -103141.8077      -118.8070 17m56s/Msamples
        7612000   -103251.7241        36.5      -103140.4257      -111.2984 17m56s/Msamples
        7613000   -103247.8931        36.5      -103140.6328      -107.2602 17m56s/Msamples
        7614000   -103246.9786        36.5      -103135.0141      -111.9644 17m56s/Msamples
        7615000   -103258.9467        36.5      -103143.1240      -115.8227 17m56s/Msamples
        7616000   -103264.2031        36.5      -103143.4421      -120.7610 17m56s/Msamples
        7617000   -103254.3262        36.6      -103139.2041      -115.1221 17m56s/Msamples
        7618000   -103252.1982        36.6      -103140.1795      -112.0187 17m56s/Msamples
        7619000   -103249.2355        36.6      -103136.3900      -112.8455 17m56s/Msamples
        7620000   -103251.5563        36.6      -103135.2701      -116.2861 17m56s/Msamples
        7621000   -103254.0941        36.6      -103143.5407      -110.5533 17m56s/Msamples
        7622000   -103247.2957        36.6      -103137.6085      -109.6871 17m56s/Msamples
        7623000   -103254.3738        36.6      -103138.6315      -115.7422 17m56s/Msamples
        7624000   -103254.1095        36.6      -103139.5006      -114.6089 17m56s/Msamples
        7625000   -103247.3711        36.6      -103127.3219      -120.0492 17m56s/Msamples
        7626000   -103252.4792        36.6      -103133.8993      -118.5799 17m56s/Msamples
        7627000   -103244.7796        36.6      -103131.4635      -113.3161 17m56s/Msamples
        7628000   -103241.1446        36.6      -103129.0190      -112.1256 17m56s/Msamples
        7629000   -103244.1605        36.6      -103131.3669      -112.7935 17m56s/Msamples
        7630000   -103254.0251        36.6      -103134.8397      -119.1854 17m56s/Msamples
        7631000   -103236.6264        36.6      -103127.3497      -109.2766 17m56s/Msamples
        7632000   -103230.2541        36.6      -103132.2923       -97.9618 17m56s/Msamples
        7633000   -103235.5154        36.6      -103127.7172      -107.7982 17m56s/Msamples
        7634000   -103243.0734        36.6      -103136.0127      -107.0607 17m56s/Msamples
        7635000   -103234.0566        36.6      -103124.1320      -109.9246 17m56s/Msamples
        7636000   -103226.3064        36.7      -103120.6511      -105.6552 17m56s/Msamples
        7637000   -103224.4015        36.7      -103117.8059      -106.5955 17m56s/Msamples
        7638000   -103233.6816        36.7      -103128.2226      -105.4590 17m56s/Msamples
        7639000   -103214.9067        36.7      -103119.5835       -95.3232 17m56s/Msamples
        7640000   -103221.7096        36.7      -103120.4356      -101.2740 17m56s/Msamples
        7641000   -103232.9463        36.7      -103123.3350      -109.6113 17m56s/Msamples
        7642000   -103225.1244        36.7      -103117.4259      -107.6984 17m56s/Msamples
        7643000   -103227.6428        36.7      -103119.1294      -108.5134 17m56s/Msamples
        7644000   -103226.6658        36.7      -103121.9436      -104.7221 17m56s/Msamples
        7645000   -103238.3267        36.7      -103127.6759      -110.6507 17m56s/Msamples
        7646000   -103242.1520        36.7      -103125.4248      -116.7272 17m56s/Msamples
        7647000   -103241.5048        36.7      -103129.9955      -111.5093 17m56s/Msamples
        7648000   -103235.8232        36.7      -103125.6317      -110.1915 17m56s/Msamples
        7649000   -103221.8575        36.7      -103116.9849      -104.8726 17m56s/Msamples
        7650000   -103212.4715        36.8      -103103.3356      -109.1359 17m56s/Msamples
        7651000   -103211.3724        36.8      -103107.6519      -103.7204 17m56s/Msamples
        7652000   -103211.0533        36.8      -103106.3010      -104.7523 17m56s/Msamples
        7653000   -103212.1513        36.8      -103106.3829      -105.7684 17m56s/Msamples
        7654000   -103203.2126        36.8      -103108.4423       -94.7703 17m56s/Msamples
        7655000   -103210.8728        36.8      -103115.9627       -94.9101 17m56s/Msamples
        7656000   -103209.8571        36.8      -103112.5924       -97.2647 17m56s/Msamples
        7657000   -103227.8201        36.9      -103119.4430      -108.3771 17m56s/Msamples
        7658000   -103218.0249        36.9      -103116.2798      -101.7450 17m56s/Msamples
        7659000   -103222.1033        36.9      -103120.6339      -101.4693 17m56s/Msamples
        7660000   -103230.2308        36.9      -103119.3099      -110.9208 17m56s/Msamples
        7661000   -103228.8859        36.9      -103122.8075      -106.0783 17m56s/Msamples
        7662000   -103233.0080        36.9      -103120.9380      -112.0699 17m56s/Msamples
        7663000   -103237.9659        36.9      -103125.1361      -112.8298 17m56s/Msamples
        7664000   -103226.0013        36.9      -103114.7014      -111.2998 17m56s/Msamples
        7665000   -103220.3938        36.9      -103113.6142      -106.7795 17m56s/Msamples
        7666000   -103237.9204        36.9      -103121.8083      -116.1120 17m56s/Msamples
        7667000   -103229.9027        36.9      -103120.0224      -109.8803 17m56s/Msamples
        7668000   -103229.2877        36.9      -103117.7116      -111.5760 17m56s/Msamples
        7669000   -103214.8757        36.9      -103111.8485      -103.0272 17m56s/Msamples
        7670000   -103209.8133        37.0      -103104.4841      -105.3291 17m56s/Msamples
        7671000   -103213.9241        37.0      -103105.2634      -108.6606 17m56s/Msamples
        7672000   -103230.4329        37.0      -103121.4690      -108.9639 17m56s/Msamples
        7673000   -103221.2050        37.0      -103115.2036      -106.0014 17m56s/Msamples
        7674000   -103220.7876        37.0      -103115.6947      -105.0928 17m56s/Msamples
        7675000   -103215.5882        37.0      -103114.5178      -101.0704 17m56s/Msamples
        7676000   -103220.9328        37.0      -103125.5433       -95.3894 17m56s/Msamples
        7677000   -103225.5439        37.0      -103123.5250      -102.0189 17m56s/Msamples
        7678000   -103227.9510        37.0      -103123.7765      -104.1744 17m56s/Msamples
        7679000   -103242.7584        37.0      -103137.4973      -105.2611 17m56s/Msamples
        7680000   -103235.5870        37.0      -103125.4742      -110.1127 17m56s/Msamples
        7681000   -103245.9606        37.0      -103127.6799      -118.2807 17m56s/Msamples
        7682000   -103238.2353        37.0      -103124.1096      -114.1256 17m56s/Msamples
        7683000   -103249.2666        37.0      -103127.6710      -121.5955 17m56s/Msamples
        7684000   -103249.4575        37.0      -103128.7699      -120.6875 17m56s/Msamples
        7685000   -103248.0715        37.1      -103128.4529      -119.6185 17m56s/Msamples
        7686000   -103242.5608        37.1      -103130.9905      -111.5702 17m56s/Msamples
        7687000   -103248.8489        37.1      -103131.5912      -117.2577 17m56s/Msamples
        7688000   -103249.4680        37.1      -103127.3478      -122.1201 17m56s/Msamples
        7689000   -103254.0410        37.1      -103131.2787      -122.7623 17m56s/Msamples
        7690000   -103256.6718        37.1      -103135.1226      -121.5491 17m56s/Msamples
        7691000   -103247.7370        37.1      -103130.5957      -117.1413 17m56s/Msamples
        7692000   -103246.3252        37.1      -103128.0685      -118.2567 17m56s/Msamples
        7693000   -103257.3561        37.1      -103134.3604      -122.9956 17m56s/Msamples
        7694000   -103250.0549        37.1      -103129.1576      -120.8972 17m56s/Msamples
        7695000   -103250.3631        37.1      -103135.1192      -115.2438 17m56s/Msamples
        7696000   -103247.4961        37.2      -103135.7048      -111.7912 17m56s/Msamples
        7697000   -103237.7608        37.2      -103131.0688      -106.6920 17m56s/Msamples
        7698000   -103226.3083        37.2      -103121.4008      -104.9074 17m56s/Msamples
        7699000   -103238.6364        37.2      -103125.7566      -112.8797 17m56s/Msamples
        7700000   -103233.8937        37.2      -103125.9889      -107.9047 17m56s/Msamples
        7701000   -103231.1567        37.2      -103130.4888      -100.6678 17m56s/Msamples
        7702000   -103233.6763        37.2      -103127.7220      -105.9542 17m56s/Msamples
        7703000   -103248.1918        37.2      -103135.6669      -112.5248 17m56s/Msamples
        7704000   -103262.4999        37.2      -103140.0687      -122.4311 17m56s/Msamples
        7705000   -103279.7367        37.2      -103150.4783      -129.2583 17m56s/Msamples
        7706000   -103276.1381        37.3      -103147.3529      -128.7852 17m56s/Msamples
        7707000   -103259.1497        37.3      -103136.2877      -122.8620 17m56s/Msamples
        7708000   -103253.3113        37.3      -103133.3754      -119.9358 17m56s/Msamples
        7709000   -103233.7616        37.3      -103121.0306      -112.7310 17m56s/Msamples
        7710000   -103228.3572        37.3      -103121.4197      -106.9374 17m56s/Msamples
        7711000   -103229.4586        37.3      -103122.5295      -106.9290 17m56s/Msamples
        7712000   -103225.5233        37.3      -103118.2762      -107.2471 17m56s/Msamples
        7713000   -103234.9355        37.3      -103125.0888      -109.8466 17m56s/Msamples
        7714000   -103246.0947        37.3      -103130.7062      -115.3884 17m56s/Msamples
        7715000   -103239.6413        37.3      -103121.0820      -118.5592 17m56s/Msamples
        7716000   -103246.4971        37.3      -103121.4815      -125.0156 17m56s/Msamples
        7717000   -103238.7667        37.3      -103120.7736      -117.9930 17m56s/Msamples
        7718000   -103239.6062        37.3      -103119.1923      -120.4138 17m56s/Msamples
        7719000   -103239.4525        37.3      -103125.0898      -114.3626 17m56s/Msamples
        7720000   -103237.0918        37.3      -103123.3175      -113.7743 17m56s/Msamples
        7721000   -103232.5712        37.4      -103124.3612      -108.2099 17m56s/Msamples
        7722000   -103229.8419        37.4      -103122.6974      -107.1444 17m56s/Msamples
        7723000   -103236.4202        37.4      -103130.6506      -105.7695 17m56s/Msamples
        7724000   -103245.9572        37.4      -103129.3971      -116.5601 17m56s/Msamples
        7725000   -103248.1442        37.4      -103129.2258      -118.9183 17m56s/Msamples
        7726000   -103234.4453        37.4      -103131.1963      -103.2490 17m56s/Msamples
        7727000   -103254.5107        37.4      -103145.2937      -109.2169 17m56s/Msamples
        7728000   -103256.2337        37.4      -103137.6744      -118.5592 17m56s/Msamples
        7729000   -103268.8645        37.4      -103140.6674      -128.1971 17m56s/Msamples
        7730000   -103264.7977        37.4      -103142.2527      -122.5449 17m56s/Msamples
        7731000   -103251.6265        37.4      -103127.7189      -123.9076 17m56s/Msamples
        7732000   -103252.5235        37.5      -103136.9618      -115.5617 17m56s/Msamples
        7733000   -103255.9724        37.5      -103136.2475      -119.7249 17m56s/Msamples
        7734000   -103244.4857        37.5      -103133.3973      -111.0883 17m56s/Msamples
        7735000   -103246.8299        37.5      -103134.6303      -112.1995 17m56s/Msamples
        7736000   -103242.6635        37.5      -103134.5805      -108.0829 17m56s/Msamples
        7737000   -103248.4485        37.5      -103140.4902      -107.9582 17m56s/Msamples
        7738000   -103241.8000        37.5      -103142.2997       -99.5002 17m56s/Msamples
        7739000   -103253.4273        37.5      -103138.4906      -114.9366 17m56s/Msamples
        7740000   -103247.4553        37.5      -103134.4582      -112.9971 17m56s/Msamples
        7741000   -103242.2019        37.5      -103132.7930      -109.4089 17m56s/Msamples
        7742000   -103232.7775        37.5      -103126.6982      -106.0793 17m56s/Msamples
        7743000   -103230.3223        37.5      -103123.0017      -107.3206 17m56s/Msamples
        7744000   -103213.5197        37.5      -103111.8050      -101.7147 17m56s/Msamples
        7745000   -103218.2054        37.5      -103117.7532      -100.4522 17m56s/Msamples
        7746000   -103227.8347        37.6      -103122.8523      -104.9824 17m56s/Msamples
        7747000   -103243.8027        37.6      -103131.8975      -111.9052 17m56s/Msamples
        7748000   -103241.1843        37.6      -103128.5370      -112.6472 17m56s/Msamples
        7749000   -103247.0096        37.6      -103132.6644      -114.3451 17m56s/Msamples
        7750000   -103240.6266        37.6      -103140.2567      -100.3698 17m56s/Msamples
        7751000   -103237.2470        37.6      -103129.3589      -107.8881 17m56s/Msamples
        7752000   -103252.0403        37.6      -103133.1717      -118.8686 17m56s/Msamples
        7753000   -103264.5046        37.6      -103139.4220      -125.0826 17m56s/Msamples
        7754000   -103258.0917        37.6      -103133.6386      -124.4531 17m56s/Msamples
        7755000   -103245.8879        37.6      -103133.3609      -112.5269 17m56s/Msamples
        7756000   -103248.7805        37.6      -103131.0041      -117.7764 17m56s/Msamples
        7757000   -103240.5093        37.6      -103128.1840      -112.3253 17m56s/Msamples
        7758000   -103237.2513        37.6      -103126.5989      -110.6524 17m56s/Msamples
        7759000   -103243.3967        37.6      -103128.8909      -114.5058 17m56s/Msamples
        7760000   -103222.2096        37.7      -103124.9170       -97.2926 17m56s/Msamples
        7761000   -103215.1270        37.7      -103121.7848       -93.3421 17m56s/Msamples
        7762000   -103227.1114        37.7      -103122.4257      -104.6857 17m56s/Msamples
        7763000   -103244.4342        37.7      -103124.4163      -120.0179 17m56s/Msamples
        7764000   -103245.5438        37.7      -103122.8593      -122.6844 17m56s/Msamples
        7765000   -103239.8875        37.7      -103121.3767      -118.5107 17m56s/Msamples
        7766000   -103239.4265        37.7      -103124.8048      -114.6216 17m56s/Msamples
        7767000   -103236.2749        37.7      -103120.4954      -115.7794 17m56s/Msamples
        7768000   -103235.0450        37.7      -103116.6321      -118.4129 17m56s/Msamples
        7769000   -103233.2392        37.7      -103122.3847      -110.8544 17m56s/Msamples
        7770000   -103241.1272        37.7      -103125.1718      -115.9554 17m56s/Msamples
        7771000   -103239.5689        37.7      -103129.4580      -110.1109 17m56s/Msamples
        7772000   -103251.5081        37.7      -103138.9690      -112.5391 17m56s/Msamples
        7773000   -103239.3746        37.7      -103126.2001      -113.1745 17m56s/Msamples
        7774000   -103245.6991        37.7      -103126.6149      -119.0841 17m56s/Msamples
        7775000   -103236.4604        37.7      -103126.7848      -109.6755 17m56s/Msamples
        7776000   -103230.7407        37.7      -103127.2461      -103.4945 17m56s/Msamples
        7777000   -103225.3174        37.7      -103121.1605      -104.1568 17m57s/Msamples
        7778000   -103206.5379        37.8      -103111.6243       -94.9135 17m56s/Msamples
        7779000   -103198.5246        37.8      -103107.8159       -90.7087 17m57s/Msamples
        7780000   -103222.0884        37.8      -103121.4433      -100.6450 17m57s/Msamples
        7781000   -103222.0123        37.8      -103120.5734      -101.4388 17m57s/Msamples
        7782000   -103231.3012        37.8      -103126.5494      -104.7518 17m57s/Msamples
        7783000   -103234.9582        37.8      -103128.3947      -106.5634 17m57s/Msamples
        7784000   -103255.2553        37.8      -103133.5527      -121.7026 17m57s/Msamples
        7785000   -103237.9049        37.8      -103128.1724      -109.7325 17m57s/Msamples
        7786000   -103215.6669        37.8      -103113.7126      -101.9543 17m57s/Msamples
        7787000   -103223.4938        37.9      -103115.7075      -107.7862 17m57s/Msamples
        7788000   -103233.5942        37.9      -103120.8134      -112.7808 17m57s/Msamples
        7789000   -103235.8771        37.9      -103125.2428      -110.6343 17m57s/Msamples
        7790000   -103229.8127        37.9      -103118.1693      -111.6433 17m57s/Msamples
        7791000   -103238.1084        37.9      -103124.4029      -113.7055 17m57s/Msamples
        7792000   -103221.7466        37.9      -103121.5997      -100.1468 17m57s/Msamples
        7793000   -103213.8763        37.9      -103117.5892       -96.2871 17m57s/Msamples
        7794000   -103222.3373        37.9      -103125.6648       -96.6724 17m57s/Msamples
        7795000   -103223.4502        37.9      -103111.7241      -111.7260 17m57s/Msamples
        7796000   -103209.9870        37.9      -103110.7017       -99.2853 17m57s/Msamples
        7797000   -103207.7823        37.9      -103111.9883       -95.7939 17m57s/Msamples
        7798000   -103219.2047        38.0      -103121.4176       -97.7870 17m57s/Msamples
        7799000   -103220.6944        38.0      -103119.2011      -101.4932 17m57s/Msamples
        7800000   -103224.3789        38.0      -103126.8931       -97.4857 17m57s/Msamples
        7801000   -103222.4533        38.0      -103122.2789      -100.1743 17m57s/Msamples
        7802000   -103216.3487        38.0      -103120.6272       -95.7214 17m57s/Msamples
        7803000   -103225.8843        38.0      -103124.9487      -100.9355 17m57s/Msamples
        7804000   -103226.2807        38.0      -103127.2440       -99.0366 17m57s/Msamples
        7805000   -103234.0780        38.0      -103129.9748      -104.1032 17m57s/Msamples
        7806000   -103237.1557        38.0      -103132.9023      -104.2533 17m57s/Msamples
        7807000   -103239.3875        38.0      -103131.6924      -107.6951 17m57s/Msamples
        7808000   -103249.2057        38.0      -103130.9445      -118.2611 17m57s/Msamples
        7809000   -103253.8734        38.0      -103137.3411      -116.5322 17m57s/Msamples
        7810000   -103243.6238        38.0      -103133.6774      -109.9464 17m57s/Msamples
        7811000   -103249.9938        38.0      -103143.3419      -106.6519 17m57s/Msamples
        7812000   -103238.5008        38.0      -103131.4399      -107.0608 17m57s/Msamples
        7813000   -103225.3389        38.1      -103125.3691       -99.9698 17m57s/Msamples
        7814000   -103240.3035        38.1      -103133.9392      -106.3643 17m57s/Msamples
        7815000   -103237.6367        38.1      -103132.7834      -104.8533 17m57s/Msamples
        7816000   -103243.2029        38.1      -103132.5895      -110.6134 17m57s/Msamples
        7817000   -103234.5682        38.1      -103130.7546      -103.8136 17m57s/Msamples
        7818000   -103233.4016        38.1      -103124.1398      -109.2617 17m57s/Msamples
        7819000   -103237.6202        38.1      -103128.0534      -109.5667 17m57s/Msamples
        7820000   -103242.5323        38.1      -103128.7372      -113.7951 17m57s/Msamples
        7821000   -103236.9325        38.1      -103128.7085      -108.2239 17m57s/Msamples
        7822000   -103239.7491        38.1      -103138.5486      -101.2004 17m57s/Msamples
        7823000   -103224.7142        38.1      -103130.5830       -94.1311 17m57s/Msamples
        7824000   -103207.7820        38.1      -103117.3710       -90.4110 17m57s/Msamples
        7825000   -103219.5216        38.1      -103123.6308       -95.8907 17m57s/Msamples
        7826000   -103236.6886        38.1      -103132.2639      -104.4246 17m57s/Msamples
        7827000   -103252.1000        38.1      -103133.0084      -119.0916 17m57s/Msamples
        7828000   -103246.6018        38.1      -103134.0306      -112.5711 17m57s/Msamples
        7829000   -103251.7444        38.1      -103130.8143      -120.9300 17m57s/Msamples
        7830000   -103248.8971        38.1      -103131.2023      -117.6948 17m57s/Msamples
        7831000   -103248.6957        38.2      -103135.0219      -113.6738 17m57s/Msamples
        7832000   -103252.2104        38.2      -103143.9696      -108.2407 17m57s/Msamples
        7833000   -103254.5733        38.2      -103140.8717      -113.7015 17m57s/Msamples
        7834000   -103261.2394        38.2      -103145.4188      -115.8205 17m57s/Msamples
        7835000   -103241.6935        38.2      -103134.5254      -107.1680 17m57s/Msamples
        7836000   -103245.2225        38.2      -103137.9426      -107.2799 17m57s/Msamples
        7837000   -103248.3379        38.2      -103133.7574      -114.5805 17m57s/Msamples
        7838000   -103255.2954        38.2      -103137.2591      -118.0363 17m57s/Msamples
        7839000   -103251.9576        38.2      -103133.3428      -118.6147 17m57s/Msamples
        7840000   -103246.3795        38.2      -103135.9421      -110.4374 17m57s/Msamples
        7841000   -103238.8742        38.2      -103128.1914      -110.6827 17m57s/Msamples
        7842000   -103238.7321        38.2      -103133.6778      -105.0543 17m57s/Msamples
        7843000   -103238.7607        38.2      -103124.7284      -114.0323 17m57s/Msamples
        7844000   -103243.9723        38.2      -103124.6389      -119.3333 17m57s/Msamples
        7845000   -103238.5703        38.2      -103127.6333      -110.9370 17m57s/Msamples
        7846000   -103235.0259        38.3      -103130.6644      -104.3614 17m57s/Msamples
        7847000   -103232.9815        38.3      -103125.4711      -107.5104 17m57s/Msamples
        7848000   -103223.1174        38.3      -103117.2913      -105.8260 17m57s/Msamples
        7849000   -103231.7577        38.2      -103123.4287      -108.3289 17m57s/Msamples
        7850000   -103225.6146        38.3      -103118.6965      -106.9181 17m57s/Msamples
        7851000   -103229.2386        38.3      -103124.1541      -105.0845 17m57s/Msamples
        7852000   -103255.4960        38.3      -103140.0268      -115.4692 17m57s/Msamples
        7853000   -103242.8794        38.3      -103130.3961      -112.4833 17m57s/Msamples
        7854000   -103229.1121        38.3      -103127.3130      -101.7990 17m57s/Msamples
        7855000   -103238.6575        38.3      -103129.4681      -109.1894 17m57s/Msamples
        7856000   -103237.6049        38.3      -103130.5381      -107.0668 17m57s/Msamples
        7857000   -103224.2638        38.3      -103126.9433       -97.3205 17m57s/Msamples
        7858000   -103224.8812        38.3      -103122.8659      -102.0153 17m57s/Msamples
        7859000   -103224.6532        38.3      -103130.0778       -94.5753 17m57s/Msamples
        7860000   -103230.5975        38.3      -103123.7639      -106.8335 17m57s/Msamples
        7861000   -103225.3153        38.3      -103122.4489      -102.8663 17m57s/Msamples
        7862000   -103225.1621        38.3      -103126.5479       -98.6142 17m57s/Msamples
        7863000   -103240.8593        38.3      -103133.3259      -107.5334 17m57s/Msamples
        7864000   -103237.3817        38.3      -103125.9403      -111.4413 17m57s/Msamples
        7865000   -103239.6108        38.3      -103133.8546      -105.7562 17m57s/Msamples
        7866000   -103258.3387        38.4      -103136.9865      -121.3522 17m57s/Msamples
        7867000   -103259.6461        38.4      -103134.1785      -125.4675 17m57s/Msamples
        7868000   -103247.0458        38.4      -103135.3606      -111.6852 17m57s/Msamples
        7869000   -103252.3321        38.4      -103136.5690      -115.7630 17m57s/Msamples
        7870000   -103232.5607        38.4      -103128.0291      -104.5315 17m57s/Msamples
        7871000   -103247.9944        38.4      -103136.3346      -111.6598 17m57s/Msamples
        7872000   -103234.1650        38.4      -103135.6077       -98.5572 17m57s/Msamples
        7873000   -103227.7221        38.4      -103124.6661      -103.0559 17m57s/Msamples
        7874000   -103241.5205        38.4      -103129.8151      -111.7053 17m57s/Msamples
        7875000   -103244.0371        38.4      -103128.0607      -115.9764 17m57s/Msamples
        7876000   -103250.5387        38.4      -103128.6238      -121.9149 17m57s/Msamples
        7877000   -103255.6468        38.4      -103131.6651      -123.9817 17m57s/Msamples
        7878000   -103245.5659        38.4      -103130.5826      -114.9833 17m57s/Msamples
        7879000   -103240.3868        38.4      -103124.9470      -115.4398 17m57s/Msamples
        7880000   -103245.4194        38.4      -103129.8286      -115.5908 17m57s/Msamples
        7881000   -103235.9815        38.4      -103127.2255      -108.7560 17m57s/Msamples
        7882000   -103232.2382        38.4      -103125.0679      -107.1703 17m57s/Msamples
        7883000   -103244.0941        38.4      -103132.2825      -111.8115 17m57s/Msamples
        7884000   -103236.4761        38.4      -103129.0498      -107.4262 17m57s/Msamples
        7885000   -103234.1197        38.5      -103128.8752      -105.2444 17m57s/Msamples
        7886000   -103240.9794        38.5      -103126.0203      -114.9590 17m57s/Msamples
        7887000   -103245.1328        38.5      -103129.9099      -115.2228 17m57s/Msamples
        7888000   -103258.8010        38.5      -103136.2901      -122.5109 17m57s/Msamples
        7889000   -103252.3811        38.5      -103135.7102      -116.6708 17m57s/Msamples
        7890000   -103258.9294        38.5      -103134.2365      -124.6929 17m57s/Msamples
        7891000   -103263.6697        38.5      -103142.9330      -120.7366 17m57s/Msamples
        7892000   -103267.5075        38.5      -103141.4512      -126.0562 17m57s/Msamples
        7893000   -103257.2545        38.5      -103133.2638      -123.9907 17m57s/Msamples
        7894000   -103255.7301        38.5      -103137.9457      -117.7843 17m57s/Msamples
        7895000   -103253.5327        38.5      -103139.0468      -114.4859 17m57s/Msamples
        7896000   -103233.5549        38.5      -103127.9010      -105.6539 17m57s/Msamples
        7897000   -103237.0344        38.5      -103127.8012      -109.2332 17m57s/Msamples
        7898000   -103250.0475        38.5      -103138.0912      -111.9562 17m57s/Msamples
        7899000   -103251.0127        38.5      -103131.1328      -119.8799 17m57s/Msamples
        7900000   -103250.0081        38.5      -103130.3871      -119.6209 17m57s/Msamples
        7901000   -103248.3137        38.5      -103132.6389      -115.6747 17m57s/Msamples
        7902000   -103238.2694        38.6      -103130.1690      -108.1003 17m57s/Msamples
        7903000   -103237.4876        38.6      -103132.6722      -104.8154 17m57s/Msamples
        7904000   -103234.6869        38.6      -103129.0148      -105.6720 17m57s/Msamples
        7905000   -103243.8312        38.6      -103133.1945      -110.6366 17m57s/Msamples
        7906000   -103228.6134        38.6      -103128.2302      -100.3831 17m57s/Msamples
        7907000   -103234.1666        38.6      -103131.2387      -102.9278 17m57s/Msamples
        7908000   -103233.5245        38.6      -103129.1642      -104.3602 17m57s/Msamples
        7909000   -103242.0568        38.6      -103129.3095      -112.7473 17m57s/Msamples
        7910000   -103239.9961        38.6      -103129.5497      -110.4464 17m57s/Msamples
        7911000   -103227.4526        38.6      -103123.0699      -104.3827 17m57s/Msamples
        7912000   -103230.3948        38.6      -103123.0350      -107.3597 17m57s/Msamples
        7913000   -103236.5357        38.6      -103127.2823      -109.2534 17m57s/Msamples
        7914000   -103242.6890        38.6      -103128.6988      -113.9901 17m57s/Msamples
        7915000   -103241.3172        38.6      -103129.8921      -111.4250 17m57s/Msamples
        7916000   -103253.2770        38.6      -103135.9310      -117.3459 17m57s/Msamples
        7917000   -103254.7076        38.6      -103137.5826      -117.1249 17m57s/Msamples
        7918000   -103257.0513        38.6      -103135.7327      -121.3185 17m57s/Msamples
        7919000   -103247.2262        38.6      -103135.3838      -111.8423 17m57s/Msamples
        7920000   -103251.1676        38.6      -103135.7237      -115.4438 17m57s/Msamples
        7921000   -103261.6406        38.7      -103140.9916      -120.6489 17m57s/Msamples
        7922000   -103270.5270        38.7      -103137.5179      -133.0091 17m57s/Msamples
        7923000   -103263.4269        38.7      -103131.1653      -132.2616 17m57s/Msamples
        7924000   -103256.5427        38.7      -103133.3370      -123.2056 17m57s/Msamples
        7925000   -103251.8082        38.7      -103134.6015      -117.2067 17m57s/Msamples
        7926000   -103247.1352        38.7      -103132.9178      -114.2174 17m57s/Msamples
        7927000   -103245.2154        38.7      -103128.8195      -116.3958 17m57s/Msamples
        7928000   -103245.6337        38.7      -103134.4646      -111.1690 17m57s/Msamples
        7929000   -103231.3744        38.7      -103125.5933      -105.7811 17m57s/Msamples
        7930000   -103231.5123        38.7      -103127.7241      -103.7882 17m57s/Msamples
        7931000   -103242.3681        38.7      -103135.9025      -106.4656 17m57s/Msamples
        7932000   -103231.7510        38.7      -103128.3530      -103.3980 17m57s/Msamples
        7933000   -103226.4903        38.7      -103128.2532       -98.2371 17m57s/Msamples
        7934000   -103232.0162        38.7      -103129.5835      -102.4327 17m57s/Msamples
        7935000   -103244.7774        38.7      -103135.8656      -108.9117 17m57s/Msamples
        7936000   -103232.1712        38.8      -103130.7681      -101.4030 17m57s/Msamples
        7937000   -103226.2446        38.8      -103124.8052      -101.4394 17m57s/Msamples
        7938000   -103235.3584        38.8      -103127.5946      -107.7637 17m57s/Msamples
        7939000   -103240.2906        38.8      -103135.7491      -104.5414 17m57s/Msamples
        7940000   -103230.8142        38.8      -103130.6432      -100.1710 17m57s/Msamples
        7941000   -103218.5926        38.8      -103123.8395       -94.7530 17m57s/Msamples
        7942000   -103225.5394        38.8      -103125.8132       -99.7261 17m57s/Msamples
        7943000   -103238.6229        38.8      -103127.8449      -110.7779 17m57s/Msamples
        7944000   -103235.2567        38.8      -103122.6688      -112.5879 17m57s/Msamples
        7945000   -103236.7332        38.8      -103127.4940      -109.2391 17m57s/Msamples
        7946000   -103247.8562        38.8      -103132.0015      -115.8546 17m57s/Msamples
        7947000   -103256.0543        38.8      -103133.3768      -122.6775 17m57s/Msamples
        7948000   -103265.6652        38.8      -103138.4223      -127.2428 17m57s/Msamples
        7949000   -103260.1440        38.8      -103142.0910      -118.0529 17m57s/Msamples
        7950000   -103261.7388        38.8      -103136.7319      -125.0068 17m57s/Msamples
        7951000   -103265.1388        38.9      -103134.3094      -130.8293 17m57s/Msamples
        7952000   -103264.8156        38.9      -103132.9410      -131.8746 17m57s/Msamples
        7953000   -103260.7046        38.9      -103133.1643      -127.5402 17m57s/Msamples
        7954000   -103258.3083        38.9      -103132.4785      -125.8298 17m57s/Msamples
        7955000   -103268.2317        38.9      -103137.8147      -130.4170 17m57s/Msamples
        7956000   -103264.3595        38.9      -103139.7656      -124.5938 17m57s/Msamples
        7957000   -103246.6611        38.9      -103138.6706      -107.9904 17m57s/Msamples
        7958000   -103249.3227        38.9      -103139.6170      -109.7057 17m57s/Msamples
        7959000   -103247.6786        38.9      -103137.9372      -109.7414 17m57s/Msamples
        7960000   -103249.9750        38.9      -103138.7624      -111.2126 17m57s/Msamples
        7961000   -103251.1334        38.9      -103138.9082      -112.2252 17m57s/Msamples
        7962000   -103243.3173        38.9      -103141.4774      -101.8399 17m57s/Msamples
        7963000   -103239.8527        38.9      -103136.4000      -103.4526 17m57s/Msamples
        7964000   -103236.8549        38.9      -103137.2700       -99.5849 17m57s/Msamples
        7965000   -103232.9908        38.9      -103136.6453       -96.3454 17m57s/Msamples
        7966000   -103239.6972        39.0      -103140.5395       -99.1576 17m57s/Msamples
        7967000   -103246.6765        39.0      -103133.2021      -113.4744 17m57s/Msamples
        7968000   -103239.3180        39.0      -103136.6098      -102.7081 17m57s/Msamples
        7969000   -103242.3286        39.0      -103139.4614      -102.8672 17m57s/Msamples
        7970000   -103241.4394        39.0      -103148.6054       -92.8340 17m57s/Msamples
        7971000   -103242.7647        39.0      -103142.0473      -100.7174 17m57s/Msamples
        7972000   -103243.8114        39.0      -103140.2501      -103.5613 17m57s/Msamples
        7973000   -103246.0385        39.0      -103141.3792      -104.6593 17m57s/Msamples
        7974000   -103253.6107        39.0      -103146.4730      -107.1376 17m57s/Msamples
        7975000   -103250.6711        39.0      -103143.4183      -107.2528 17m57s/Msamples
        7976000   -103242.4862        39.0      -103142.2494      -100.2367 17m57s/Msamples
        7977000   -103236.7856        39.0      -103138.3959       -98.3897 17m57s/Msamples
        7978000   -103248.4625        39.0      -103142.0768      -106.3857 17m57s/Msamples
        7979000   -103247.6537        39.0      -103145.9130      -101.7407 17m57s/Msamples
        7980000   -103247.9373        39.0      -103147.5868      -100.3505 17m57s/Msamples
        7981000   -103243.1219        39.0      -103138.0354      -105.0864 17m57s/Msamples
        7982000   -103258.7883        39.0      -103143.6211      -115.1671 17m57s/Msamples
        7983000   -103266.5892        39.0      -103147.5858      -119.0033 17m57s/Msamples
        7984000   -103264.1601        39.0      -103142.0813      -122.0787 17m57s/Msamples
        7985000   -103262.0248        39.0      -103144.3577      -117.6671 17m57s/Msamples
        7986000   -103250.1637        39.0      -103135.9584      -114.2053 17m57s/Msamples
        7987000   -103257.6637        39.0      -103137.4672      -120.1964 17m57s/Msamples
        7988000   -103241.3737        39.0      -103123.5750      -117.7987 17m57s/Msamples
        7989000   -103252.8562        39.0      -103133.1852      -119.6709 17m57s/Msamples
        7990000   -103257.9576        39.0      -103133.4481      -124.5094 17m57s/Msamples
        7991000   -103254.2978        39.0      -103136.3204      -117.9773 17m57s/Msamples
        7992000   -103251.8373        39.0      -103131.6563      -120.1809 17m57s/Msamples
        7993000   -103242.5623        39.0      -103124.0022      -118.5601 17m57s/Msamples
        7994000   -103238.2262        39.0      -103119.8065      -118.4196 17m57s/Msamples
        7995000   -103238.6013        39.0      -103130.1120      -108.4892 17m57s/Msamples
        7996000   -103238.7759        39.0      -103128.5525      -110.2234 17m57s/Msamples
        7997000   -103236.3376        39.0      -103122.5339      -113.8036 17m57s/Msamples
        7998000   -103245.6769        39.0      -103131.2095      -114.4673 17m57s/Msamples
        7999000   -103250.6301        39.0      -103139.5220      -111.1081 17m57s/Msamples
        8000000   -103235.0246        39.0      -103129.5243      -105.5003 17m57s/Msamples
        8001000   -103234.8579        39.0      -103125.7392      -109.1187 17m57s/Msamples
        8002000   -103233.8433        39.0      -103119.2120      -114.6312 17m57s/Msamples
        8003000   -103229.4855        39.0      -103115.6019      -113.8836 17m57s/Msamples
        8004000   -103234.7250        39.0      -103125.0323      -109.6927 17m57s/Msamples
        8005000   -103242.1299        39.0      -103127.5313      -114.5985 17m57s/Msamples
        8006000   -103248.2592        39.0      -103129.6483      -118.6108 17m57s/Msamples
        8007000   -103232.4652        39.1      -103117.8422      -114.6229 17m57s/Msamples
        8008000   -103221.4284        39.1      -103111.2323      -110.1961 17m57s/Msamples
        8009000   -103241.1973        39.1      -103126.5580      -114.6392 17m57s/Msamples
        8010000   -103244.1094        39.1      -103118.5196      -125.5897 17m57s/Msamples
        8011000   -103235.1182        39.1      -103118.4569      -116.6612 17m57s/Msamples
        8012000   -103241.2331        39.1      -103119.6691      -121.5640 17m57s/Msamples
        8013000   -103244.4738        39.1      -103113.6520      -130.8218 17m57s/Msamples
        8014000   -103255.3283        39.1      -103115.8869      -139.4413 17m57s/Msamples
        8015000   -103256.0694        39.1      -103117.5406      -138.5287 17m57s/Msamples
        8016000   -103247.9936        39.1      -103115.3978      -132.5958 17m57s/Msamples
        8017000   -103251.4353        39.1      -103120.3206      -131.1146 17m57s/Msamples
        8018000   -103226.5583        39.1      -103112.1888      -114.3694 17m57s/Msamples
        8019000   -103239.0713        39.1      -103116.0277      -123.0436 17m57s/Msamples
        8020000   -103246.4291        39.1      -103117.9061      -128.5230 17m57s/Msamples
        8021000   -103256.7258        39.1      -103119.9598      -136.7659 17m57s/Msamples
        8022000   -103232.8881        39.1      -103106.6659      -126.2222 17m57s/Msamples
        8023000   -103242.1716        39.1      -103115.6066      -126.5649 17m57s/Msamples
        8024000   -103234.1733        39.1      -103107.0037      -127.1695 17m57s/Msamples
        8025000   -103231.2002        39.1      -103109.3808      -121.8193 17m57s/Msamples
        8026000   -103231.8423        39.1      -103113.5942      -118.2480 17m57s/Msamples
        8027000   -103236.9691        39.1      -103115.9264      -121.0426 17m57s/Msamples
        8028000   -103229.2675        39.1      -103121.0431      -108.2244 17m57s/Msamples
        8029000   -103237.0345        39.1      -103123.7402      -113.2943 17m57s/Msamples
        8030000   -103241.4036        39.1      -103123.0702      -118.3334 17m57s/Msamples
        8031000   -103230.3831        39.1      -103112.8518      -117.5312 17m57s/Msamples
        8032000   -103237.2855        39.1      -103119.6437      -117.6418 17m57s/Msamples
        8033000   -103227.6205        39.1      -103115.8154      -111.8051 17m57s/Msamples
        8034000   -103234.9119        39.1      -103124.9945      -109.9174 17m57s/Msamples
        8035000   -103238.4415        39.1      -103122.4211      -116.0203 17m57s/Msamples
        8036000   -103240.5382        39.1      -103119.6670      -120.8712 17m57s/Msamples
        8037000   -103239.3015        39.1      -103121.2725      -118.0290 17m57s/Msamples
        8038000   -103237.8600        39.1      -103121.9314      -115.9285 17m57s/Msamples
        8039000   -103265.3334        39.1      -103131.6085      -133.7249 17m57s/Msamples
        8040000   -103263.1497        39.1      -103132.6214      -130.5283 17m57s/Msamples
        8041000   -103252.0209        39.1      -103125.8973      -126.1236 17m57s/Msamples
        8042000   -103255.9677        39.1      -103130.5975      -125.3701 17m57s/Msamples
        8043000   -103252.9967        39.1      -103126.7704      -126.2262 17m57s/Msamples
        8044000   -103253.1051        39.1      -103126.9685      -126.1366 17m57s/Msamples
        8045000   -103254.7052        39.1      -103127.5259      -127.1792 17m57s/Msamples
        8046000   -103252.8882        39.1      -103132.6313      -120.2569 17m57s/Msamples
        8047000   -103261.1507        39.1      -103132.2696      -128.8810 17m57s/Msamples
        8048000   -103266.2020        39.1      -103139.6848      -126.5172 17m57s/Msamples
        8049000   -103265.0157        39.1      -103136.6084      -128.4072 17m57s/Msamples
        8050000   -103262.3831        39.1      -103134.2348      -128.1483 17m57s/Msamples
        8051000   -103273.6069        39.2      -103144.3674      -129.2394 17m57s/Msamples
        8052000   -103270.5830        39.2      -103138.3403      -132.2426 17m57s/Msamples
        8053000   -103264.4145        39.2      -103136.3971      -128.0173 17m57s/Msamples
        8054000   -103256.2407        39.2      -103132.7396      -123.5011 17m57s/Msamples
        8055000   -103252.3684        39.2      -103127.0538      -125.3145 17m57s/Msamples
        8056000   -103244.9644        39.2      -103127.4193      -117.5450 17m57s/Msamples
        8057000   -103248.9341        39.2      -103128.2681      -120.6659 17m57s/Msamples
        8058000   -103248.0383        39.2      -103117.6596      -130.3787 17m57s/Msamples
        8059000   -103235.7777        39.2      -103118.7342      -117.0435 17m57s/Msamples
        8060000   -103236.1068        39.2      -103118.4543      -117.6524 17m57s/Msamples
        8061000   -103248.1232        39.2      -103125.7754      -122.3478 17m57s/Msamples
        8062000   -103242.1255        39.2      -103125.0146      -117.1108 17m57s/Msamples
        8063000   -103242.6658        39.2      -103128.1712      -114.4945 17m57s/Msamples
        8064000   -103239.5839        39.2      -103122.8881      -116.6958 17m57s/Msamples
        8065000   -103235.7661        39.2      -103118.8869      -116.8791 17m57s/Msamples
        8066000   -103238.3964        39.2      -103120.4427      -117.9537 17m57s/Msamples
        8067000   -103237.2006        39.2      -103119.6673      -117.5332 17m57s/Msamples
        8068000   -103231.2654        39.2      -103115.5757      -115.6897 17m57s/Msamples
        8069000   -103242.1835        39.2      -103123.3517      -118.8317 17m57s/Msamples
        8070000   -103236.3530        39.2      -103111.9457      -124.4072 17m57s/Msamples
        8071000   -103245.1923        39.2      -103117.0093      -128.1829 17m57s/Msamples
        8072000   -103250.6975        39.2      -103115.3740      -135.3235 17m57s/Msamples
        8073000   -103260.1499        39.2      -103126.0547      -134.0952 17m57s/Msamples
        8074000   -103250.6112        39.2      -103126.1092      -124.5019 17m57s/Msamples
        8075000   -103240.3150        39.2      -103115.8780      -124.4370 17m57s/Msamples
        8076000   -103243.6341        39.2      -103120.4382      -123.1958 17m57s/Msamples
        8077000   -103228.3148        39.2      -103109.8050      -118.5097 17m57s/Msamples
        8078000   -103238.9856        39.2      -103117.3332      -121.6523 17m57s/Msamples
        8079000   -103237.1865        39.2      -103117.6545      -119.5320 17m57s/Msamples
        8080000   -103234.1556        39.2      -103117.7171      -116.4384 17m57s/Msamples
        8081000   -103234.4108        39.2      -103120.2722      -114.1385 17m57s/Msamples
        8082000   -103250.6985        39.2      -103128.6369      -122.0616 17m57s/Msamples
        8083000   -103234.8685        39.2      -103116.8396      -118.0289 17m57s/Msamples
        8084000   -103222.0244        39.2      -103108.6908      -113.3336 17m57s/Msamples
        8085000   -103226.7835        39.2      -103118.4373      -108.3461 17m57s/Msamples
        8086000   -103241.7542        39.2      -103131.7533      -110.0009 17m57s/Msamples
        8087000   -103246.3850        39.2      -103124.5462      -121.8388 17m57s/Msamples
        8088000   -103231.3560        39.2      -103120.6776      -110.6783 17m57s/Msamples
        8089000   -103229.7054        39.2      -103123.3458      -106.3596 17m57s/Msamples
        8090000   -103222.9171        39.2      -103122.4420      -100.4751 17m57s/Msamples
        8091000   -103231.8857        39.2      -103120.6744      -111.2113 17m57s/Msamples
        8092000   -103239.9828        39.2      -103122.4656      -117.5171 17m57s/Msamples
        8093000   -103233.8880        39.3      -103116.1248      -117.7632 17m57s/Msamples
        8094000   -103227.7719        39.3      -103110.7679      -117.0040 17m57s/Msamples
        8095000   -103217.4761        39.3      -103104.7587      -112.7173 17m57s/Msamples
        8096000   -103228.6836        39.3      -103119.4060      -109.2775 17m57s/Msamples
        8097000   -103235.5688        39.3      -103120.9309      -114.6378 17m57s/Msamples
        8098000   -103244.6305        39.3      -103121.3325      -123.2979 17m57s/Msamples
        8099000   -103233.7515        39.3      -103112.6943      -121.0572 17m57s/Msamples
        8100000   -103248.3335        39.3      -103122.1915      -126.1419 17m57s/Msamples
        8101000   -103250.7741        39.3      -103122.2222      -128.5518 17m57s/Msamples
        8102000   -103264.6433        39.3      -103135.4445      -129.1987 17m57s/Msamples
        8103000   -103269.3771        39.3      -103134.0373      -135.3397 17m57s/Msamples
        8104000   -103266.6810        39.3      -103129.6796      -137.0013 17m57s/Msamples
        8105000   -103269.1212        39.3      -103135.5134      -133.6077 17m57s/Msamples
        8106000   -103262.9738        39.3      -103126.4324      -136.5414 17m57s/Msamples
        8107000   -103263.0443        39.3      -103126.8823      -136.1619 17m57s/Msamples
        8108000   -103252.6146        39.3      -103114.3398      -138.2747 17m57s/Msamples
        8109000   -103251.1838        39.3      -103120.5605      -130.6233 17m57s/Msamples
        8110000   -103250.9537        39.2      -103119.2110      -131.7426 17m57s/Msamples
        8111000   -103238.0505        39.3      -103118.3080      -119.7424 17m57s/Msamples
        8112000   -103234.5003        39.3      -103117.8884      -116.6119 17m57s/Msamples
        8113000   -103234.2983        39.3      -103116.1728      -118.1255 17m57s/Msamples
        8114000   -103243.5843        39.3      -103122.1284      -121.4559 17m57s/Msamples
        8115000   -103239.0143        39.3      -103122.5213      -116.4930 17m57s/Msamples
        8116000   -103251.4513        39.3      -103128.3070      -123.1443 17m57s/Msamples
        8117000   -103260.4388        39.3      -103136.1582      -124.2805 17m57s/Msamples
        8118000   -103258.6792        39.3      -103131.2306      -127.4486 17m57s/Msamples
        8119000   -103262.4702        39.3      -103137.3164      -125.1537 17m57s/Msamples
        8120000   -103270.3703        39.3      -103135.5975      -134.7728 17m57s/Msamples
        8121000   -103273.0530        39.3      -103135.9276      -137.1253 17m57s/Msamples
        8122000   -103270.3668        39.3      -103136.2018      -134.1650 17m57s/Msamples
        8123000   -103270.1227        39.3      -103132.0622      -138.0604 17m57s/Msamples
        8124000   -103278.1347        39.3      -103145.8130      -132.3217 17m57s/Msamples
        8125000   -103266.2464        39.3      -103134.6205      -131.6258 17m57s/Msamples
        8126000   -103254.8093        39.3      -103130.0627      -124.7466 17m57s/Msamples
        8127000   -103269.9456        39.3      -103146.4988      -123.4467 17m57s/Msamples
        8128000   -103253.7179        39.3      -103130.7044      -123.0135 17m57s/Msamples
        8129000   -103248.0543        39.3      -103128.4286      -119.6256 17m57s/Msamples
        8130000   -103253.2641        39.3      -103130.0599      -123.2042 17m57s/Msamples
        8131000   -103255.5248        39.3      -103128.7620      -126.7628 17m57s/Msamples
        8132000   -103258.6796        39.2      -103136.9536      -121.7259 17m57s/Msamples
        8133000   -103262.8535        39.2      -103138.1602      -124.6933 17m57s/Msamples
        8134000   -103267.9950        39.2      -103142.5214      -125.4735 17m57s/Msamples
        8135000   -103268.4065        39.2      -103143.7273      -124.6791 17m57s/Msamples
        8136000   -103249.9048        39.2      -103138.9384      -110.9664 17m57s/Msamples
        8137000   -103252.1110        39.2      -103136.1066      -116.0044 17m57s/Msamples
        8138000   -103238.5404        39.2      -103127.0807      -111.4596 17m57s/Msamples
        8139000   -103245.0965        39.2      -103137.8580      -107.2384 17m57s/Msamples
        8140000   -103258.2524        39.2      -103136.5338      -121.7186 17m57s/Msamples
        8141000   -103257.9313        39.2      -103139.2076      -118.7236 17m57s/Msamples
        8142000   -103250.2191        39.2      -103136.3772      -113.8418 17m57s/Msamples
        8143000   -103261.4964        39.2      -103139.8743      -121.6221 17m57s/Msamples
        8144000   -103256.1291        39.2      -103136.0957      -120.0333 17m57s/Msamples
        8145000   -103266.3490        39.2      -103139.0498      -127.2992 17m57s/Msamples
        8146000   -103267.3091        39.2      -103135.3827      -131.9263 17m57s/Msamples
        8147000   -103251.3566        39.2      -103129.4527      -121.9038 17m57s/Msamples
        8148000   -103255.1137        39.2      -103132.1461      -122.9676 17m57s/Msamples
        8149000   -103255.7772        39.2      -103132.6959      -123.0812 17m57s/Msamples
        8150000   -103260.2821        39.2      -103137.6041      -122.6779 17m57s/Msamples
        8151000   -103249.9487        39.2      -103132.8449      -117.1037 17m57s/Msamples
        8152000   -103241.1379        39.2      -103132.3852      -108.7526 17m57s/Msamples
        8153000   -103240.4548        39.2      -103127.3813      -113.0734 17m57s/Msamples
        8154000   -103248.6342        39.2      -103127.4639      -121.1703 17m57s/Msamples
        8155000   -103245.6696        39.2      -103121.3141      -124.3554 17m57s/Msamples
        8156000   -103242.1667        39.2      -103122.9891      -119.1776 17m57s/Msamples
        8157000   -103234.3482        39.2      -103114.4455      -119.9026 17m57s/Msamples
        8158000   -103238.0534        39.2      -103121.5946      -116.4587 17m57s/Msamples
        8159000   -103253.7344        39.2      -103128.0643      -125.6700 17m57s/Msamples
        8160000   -103242.5726        39.2      -103125.5527      -117.0199 17m57s/Msamples
        8161000   -103242.2427        39.2      -103121.5473      -120.6954 17m57s/Msamples
        8162000   -103239.6633        39.2      -103123.4574      -116.2058 17m57s/Msamples
        8163000   -103224.5643        39.2      -103117.5112      -107.0531 17m57s/Msamples
        8164000   -103245.0258        39.2      -103129.7864      -115.2394 17m57s/Msamples
        8165000   -103243.0868        39.2      -103122.0619      -121.0248 17m57s/Msamples
        8166000   -103242.5719        39.2      -103129.3264      -113.2454 17m57s/Msamples
        8167000   -103234.3088        39.2      -103124.2811      -110.0276 17m57s/Msamples
        8168000   -103234.2276        39.2      -103117.8986      -116.3289 17m57s/Msamples
        8169000   -103225.0919        39.2      -103111.4083      -113.6836 17m57s/Msamples
        8170000   -103223.0412        39.2      -103110.8838      -112.1574 17m57s/Msamples
        8171000   -103228.9164        39.2      -103115.5320      -113.3843 17m57s/Msamples
        8172000   -103224.0320        39.2      -103116.0094      -108.0226 17m57s/Msamples
        8173000   -103221.0214        39.2      -103106.2034      -114.8179 17m57s/Msamples
        8174000   -103243.4881        39.2      -103118.9605      -124.5276 17m57s/Msamples
        8175000   -103240.7531        39.2      -103123.4213      -117.3318 17m57s/Msamples
        8176000   -103240.4504        39.2      -103125.7503      -114.7000 17m57s/Msamples
        8177000   -103244.6046        39.2      -103125.3469      -119.2576 17m57s/Msamples
        8178000   -103239.4956        39.2      -103121.8795      -117.6160 17m57s/Msamples
        8179000   -103238.6555        39.2      -103116.4631      -122.1923 17m57s/Msamples
        8180000   -103242.1859        39.2      -103125.5833      -116.6025 17m57s/Msamples
        8181000   -103230.3289        39.3      -103111.3495      -118.9793 17m57s/Msamples
        8182000   -103230.5921        39.3      -103113.8325      -116.7595 17m57s/Msamples
        8183000   -103228.4246        39.3      -103115.9036      -112.5210 17m57s/Msamples
        8184000   -103230.6227        39.3      -103115.4646      -115.1581 17m57s/Msamples
        8185000   -103227.4262        39.3      -103114.0375      -113.3886 17m57s/Msamples
        8186000   -103225.4772        39.3      -103111.6962      -113.7810 17m57s/Msamples
        8187000   -103243.5903        39.3      -103121.1670      -122.4233 17m57s/Msamples
        8188000   -103262.1960        39.3      -103126.6981      -135.4979 17m57s/Msamples
        8189000   -103257.8804        39.3      -103125.8917      -131.9886 17m57s/Msamples
        8190000   -103254.4320        39.3      -103124.9278      -129.5042 17m57s/Msamples
        8191000   -103271.0209        39.3      -103142.8315      -128.1894 17m57s/Msamples
        8192000   -103267.7670        39.3      -103132.8299      -134.9370 17m57s/Msamples
        8193000   -103257.2517        39.3      -103127.0165      -130.2351 17m57s/Msamples
        8194000   -103249.4438        39.3      -103123.7303      -125.7135 17m57s/Msamples
        8195000   -103244.7427        39.3      -103122.1486      -122.5941 17m57s/Msamples
        8196000   -103235.7975        39.3      -103114.6745      -121.1229 17m57s/Msamples
        8197000   -103238.8305        39.3      -103118.8474      -119.9830 17m57s/Msamples
        8198000   -103234.4991        39.3      -103116.3052      -118.1938 17m57s/Msamples
        8199000   -103244.7554        39.3      -103125.3610      -119.3944 17m57s/Msamples
        8200000   -103244.0886        39.3      -103130.5775      -113.5110 17m57s/Msamples
        8201000   -103239.6439        39.3      -103124.1013      -115.5425 17m57s/Msamples
        8202000   -103242.0261        39.3      -103119.6505      -122.3755 17m57s/Msamples
        8203000   -103249.5349        39.3      -103127.4644      -122.0704 17m57s/Msamples
        8204000   -103242.4632        39.3      -103125.0124      -117.4508 17m57s/Msamples
        8205000   -103243.5552        39.3      -103126.8113      -116.7438 17m57s/Msamples
        8206000   -103261.1464        39.3      -103136.0902      -125.0562 17m57s/Msamples
        8207000   -103264.2321        39.3      -103141.9332      -122.2988 17m57s/Msamples
        8208000   -103264.3712        39.3      -103137.5906      -126.7806 17m57s/Msamples
        8209000   -103274.2009        39.2      -103141.7386      -132.4622 17m57s/Msamples
        8210000   -103265.4006        39.2      -103134.8616      -130.5389 17m57s/Msamples
        8211000   -103276.9536        39.2      -103141.9874      -134.9662 17m57s/Msamples
        8212000   -103280.6612        39.2      -103137.5608      -143.1004 17m57s/Msamples
        8213000   -103288.8719        39.3      -103145.5968      -143.2750 17m57s/Msamples
        8214000   -103291.1412        39.3      -103145.6392      -145.5019 17m57s/Msamples
        8215000   -103286.5351        39.3      -103148.0846      -138.4505 17m57s/Msamples
        8216000   -103272.4952        39.3      -103134.7527      -137.7425 17m57s/Msamples
        8217000   -103272.8032        39.3      -103141.6741      -131.1291 17m57s/Msamples
        8218000   -103261.4431        39.2      -103131.6507      -129.7924 17m57s/Msamples
        8219000   -103260.6138        39.2      -103131.1745      -129.4392 17m57s/Msamples
        8220000   -103257.7119        39.2      -103129.7835      -127.9283 17m57s/Msamples
        8221000   -103253.9699        39.2      -103125.6290      -128.3408 17m57s/Msamples
        8222000   -103238.5049        39.2      -103120.9951      -117.5097 17m57s/Msamples
        8223000   -103242.1686        39.2      -103120.3485      -121.8201 17m57s/Msamples
        8224000   -103253.7973        39.2      -103126.5986      -127.1986 17m57s/Msamples
        8225000   -103257.2276        39.2      -103128.6887      -128.5388 17m57s/Msamples
        8226000   -103247.8026        39.2      -103122.9553      -124.8472 17m57s/Msamples
        8227000   -103253.3405        39.2      -103130.3342      -123.0062 17m57s/Msamples
        8228000   -103258.7550        39.2      -103132.6888      -126.0661 17m57s/Msamples
        8229000   -103262.9942        39.2      -103132.5050      -130.4891 17m57s/Msamples
        8230000   -103259.1414        39.2      -103137.0959      -122.0455 17m57s/Msamples
        8231000   -103247.0257        39.2      -103128.6645      -118.3611 17m57s/Msamples
        8232000   -103249.5302        39.2      -103131.5603      -117.9699 17m57s/Msamples
        8233000   -103241.7227        39.2      -103132.0760      -109.6467 17m57s/Msamples
        8234000   -103258.5358        39.2      -103142.7806      -115.7551 17m57s/Msamples
        8235000   -103244.3581        39.2      -103134.8628      -109.4952 17m57s/Msamples
        8236000   -103239.8960        39.2      -103123.9276      -115.9684 17m57s/Msamples
        8237000   -103243.3978        39.2      -103127.0955      -116.3023 17m57s/Msamples
        8238000   -103247.5812        39.1      -103127.6022      -119.9790 17m58s/Msamples
        8239000   -103239.0636        39.1      -103121.4632      -117.6004 17m57s/Msamples
        8240000   -103224.3293        39.2      -103117.0561      -107.2732 17m57s/Msamples
        8241000   -103231.6017        39.2      -103120.5465      -111.0552 17m57s/Msamples
        8242000   -103241.2243        39.2      -103127.2426      -113.9816 17m57s/Msamples
        8243000   -103247.4904        39.2      -103124.3911      -123.0993 17m57s/Msamples
        8244000   -103248.9838        39.2      -103125.1979      -123.7858 17m57s/Msamples
        8245000   -103243.2003        39.2      -103125.8602      -117.3401 17m57s/Msamples
        8246000   -103236.6890        39.2      -103120.6339      -116.0550 17m57s/Msamples
        8247000   -103243.8582        39.2      -103122.4956      -121.3625 17m57s/Msamples
        8248000   -103244.0776        39.1      -103126.4533      -117.6243 17m57s/Msamples
        8249000   -103255.3872        39.1      -103130.5871      -124.8001 17m57s/Msamples
        8250000   -103251.0201        39.1      -103129.9909      -121.0291 17m57s/Msamples
        8251000   -103239.1579        39.1      -103120.2068      -118.9510 17m57s/Msamples
        8252000   -103242.1067        39.1      -103122.7728      -119.3338 17m57s/Msamples
        8253000   -103239.4513        39.1      -103122.7668      -116.6844 17m57s/Msamples
        8254000   -103248.6729        39.1      -103127.4105      -121.2624 17m57s/Msamples
        8255000   -103251.8079        39.1      -103134.7951      -117.0127 17m57s/Msamples
        8256000   -103258.7393        39.1      -103134.5449      -124.1943 17m58s/Msamples
        8257000   -103250.6842        39.1      -103128.9762      -121.7080 17m58s/Msamples
        8258000   -103251.6528        39.1      -103128.1120      -123.5407 17m58s/Msamples
        8259000   -103257.0270        39.1      -103127.9408      -129.0862 17m58s/Msamples
        8260000   -103255.7808        39.1      -103126.3842      -129.3965 17m58s/Msamples
        8261000   -103263.7798        39.1      -103132.9446      -130.8352 17m58s/Msamples
        8262000   -103262.2246        39.1      -103125.1422      -137.0824 17m58s/Msamples
        8263000   -103253.7750        39.1      -103124.4101      -129.3649 17m58s/Msamples
        8264000   -103259.2635        39.1      -103130.8923      -128.3712 17m58s/Msamples
        8265000   -103269.0578        39.0      -103136.6129      -132.4448 17m58s/Msamples
        8266000   -103268.9402        39.0      -103134.9301      -134.0101 17m58s/Msamples
        8267000   -103268.2537        39.0      -103128.9720      -139.2817 17m58s/Msamples
        8268000   -103261.3196        39.0      -103131.4782      -129.8414 17m58s/Msamples
        8269000   -103266.0468        39.0      -103134.7622      -131.2845 17m58s/Msamples
        8270000   -103273.6256        39.0      -103134.0777      -139.5478 17m58s/Msamples
        8271000   -103256.2027        39.0      -103125.6198      -130.5828 17m58s/Msamples
        8272000   -103252.3454        39.0      -103119.8480      -132.4973 17m58s/Msamples
        8273000   -103248.5615        39.0      -103124.0410      -124.5204 17m58s/Msamples
        8274000   -103244.7406        39.0      -103123.8526      -120.8880 17m58s/Msamples
        8275000   -103246.5626        39.0      -103119.5483      -127.0143 17m58s/Msamples
        8276000   -103249.5089        39.0      -103122.8109      -126.6979 17m58s/Msamples
        8277000   -103248.4047        39.0      -103119.0984      -129.3063 17m58s/Msamples
        8278000   -103241.3533        39.0      -103118.4843      -122.8690 17m58s/Msamples
        8279000   -103234.2695        39.0      -103119.1190      -115.1505 17m58s/Msamples
        8280000   -103239.5252        39.0      -103121.6728      -117.8524 17m58s/Msamples
        8281000   -103240.3997        39.0      -103125.4694      -114.9302 17m58s/Msamples
        8282000   -103244.5740        39.0      -103125.1242      -119.4497 17m58s/Msamples
        8283000   -103240.1674        39.0      -103123.0697      -117.0977 17m58s/Msamples
        8284000   -103234.8865        39.0      -103121.2399      -113.6466 17m58s/Msamples
        8285000   -103233.3711        39.0      -103119.5120      -113.8591 17m58s/Msamples
        8286000   -103237.3340        39.0      -103124.2231      -113.1109 17m58s/Msamples
        8287000   -103247.8288        39.0      -103123.7328      -124.0960 17m58s/Msamples
        8288000   -103252.2822        39.0      -103129.3702      -122.9119 17m58s/Msamples
        8289000   -103233.3374        39.0      -103118.5324      -114.8050 17m58s/Msamples
        8290000   -103223.6862        39.0      -103114.2505      -109.4357 17m58s/Msamples
        8291000   -103250.1760        39.0      -103130.9798      -119.1962 17m58s/Msamples
        8292000   -103249.2705        39.0      -103123.4085      -125.8619 17m58s/Msamples
        8293000   -103247.8790        39.0      -103125.0705      -122.8085 17m58s/Msamples
        8294000   -103253.7496        39.0      -103136.6659      -117.0837 17m58s/Msamples
        8295000   -103252.6746        39.0      -103135.3737      -117.3009 17m58s/Msamples
        8296000   -103245.6743        38.9      -103127.2463      -118.4279 17m58s/Msamples
        8297000   -103239.2915        38.9      -103126.8945      -112.3970 17m58s/Msamples
        8298000   -103231.3273        39.0      -103120.3413      -110.9859 17m58s/Msamples
        8299000   -103220.0352        39.0      -103112.5806      -107.4546 17m58s/Msamples
        8300000   -103239.1593        39.0      -103123.1048      -116.0544 17m58s/Msamples
        8301000   -103243.6681        39.0      -103121.6335      -122.0346 17m58s/Msamples
        8302000   -103245.6077        39.0      -103122.3971      -123.2105 17m58s/Msamples
        8303000   -103243.1970        39.0      -103123.2486      -119.9483 17m58s/Msamples
        8304000   -103246.1226        39.0      -103119.8103      -126.3122 17m58s/Msamples
        8305000   -103246.8717        38.8      -103127.8514      -119.0203 17m58s/Msamples
        8306000   -103242.8622        38.8      -103120.2944      -122.5677 17m58s/Msamples
        8307000   -103239.5932        38.8      -103123.4631      -116.1300 17m58s/Msamples
        8308000   -103230.0508        38.8      -103116.2034      -113.8473 17m58s/Msamples
        8309000   -103219.6700        38.8      -103108.2232      -111.4468 17m58s/Msamples
        8310000   -103230.4329        38.8      -103116.8728      -113.5600 17m58s/Msamples
        8311000   -103214.9669        39.0      -103115.5287       -99.4382 17m58s/Msamples
        8312000   -103221.7961        39.0      -103120.5147      -101.2814 17m58s/Msamples
        8313000   -103213.2192        39.1      -103114.4689       -98.7502 17m58s/Msamples
        8314000   -103231.1810        39.1      -103120.9473      -110.2337 17m58s/Msamples
        8315000   -103227.9628        39.1      -103125.5776      -102.3851 17m58s/Msamples
        8316000   -103234.9013        39.1      -103127.7409      -107.1604 17m58s/Msamples
        8317000   -103226.8994        39.1      -103121.8263      -105.0730 17m58s/Msamples
        8318000   -103233.8580        39.1      -103127.6105      -106.2474 17m58s/Msamples
        8319000   -103234.1430        39.1      -103130.6124      -103.5305 17m58s/Msamples
        8320000   -103240.1406        39.1      -103127.9424      -112.1982 17m58s/Msamples
        8321000   -103242.1655        39.1      -103127.9743      -114.1911 17m58s/Msamples
        8322000   -103238.0462        39.1      -103132.7235      -105.3226 17m58s/Msamples
        8323000   -103235.7745        39.1      -103128.3825      -107.3920 17m58s/Msamples
        8324000   -103235.5537        39.1      -103130.2385      -105.3151 17m58s/Msamples
        8325000   -103233.5710        39.1      -103126.3335      -107.2375 17m58s/Msamples
        8326000   -103242.0220        39.1      -103127.6573      -114.3647 17m58s/Msamples
        8327000   -103237.7671        39.1      -103124.7782      -112.9889 17m58s/Msamples
        8328000   -103237.9428        39.1      -103124.4951      -113.4477 17m58s/Msamples
        8329000   -103231.7513        39.1      -103119.9572      -111.7941 17m58s/Msamples
        8330000   -103243.3500        39.1      -103127.9619      -115.3880 17m58s/Msamples
        8331000   -103233.9460        39.1      -103128.7832      -105.1628 17m58s/Msamples
        8332000   -103236.6333        39.1      -103127.4717      -109.1615 17m58s/Msamples
        8333000   -103225.3271        39.1      -103118.9358      -106.3913 17m58s/Msamples
        8334000   -103218.6018        39.1      -103114.1833      -104.4184 17m58s/Msamples
        8335000   -103212.3366        39.2      -103117.5286       -94.8079 17m58s/Msamples
        8336000   -103229.2398        39.2      -103119.9783      -109.2615 17m58s/Msamples
        8337000   -103222.5392        39.2      -103119.7738      -102.7653 17m58s/Msamples
        8338000   -103214.0452        39.2      -103112.1684      -101.8767 17m58s/Msamples
        8339000   -103219.2329        39.2      -103109.9168      -109.3161 17m58s/Msamples
        8340000   -103216.5965        39.2      -103114.5576      -102.0389 17m58s/Msamples
        8341000   -103206.8473        39.3      -103110.3782       -96.4690 17m58s/Msamples
        8342000   -103195.8594        39.3      -103111.2385       -84.6208 17m58s/Msamples
        8343000   -103213.0816        39.4      -103117.1889       -95.8927 17m58s/Msamples
        8344000   -103207.8422        39.4      -103122.7890       -85.0532 17m58s/Msamples
        8345000   -103210.5038        39.4      -103115.0224       -95.4813 17m58s/Msamples
        8346000   -103212.0852        39.5      -103119.1068       -92.9784 17m58s/Msamples
        8347000   -103214.7444        39.5      -103122.5451       -92.1992 17m58s/Msamples
        8348000   -103211.8507        39.5      -103116.4796       -95.3711 17m58s/Msamples
        8349000   -103228.2487        39.5      -103135.1102       -93.1384 17m58s/Msamples
        8350000   -103227.3568        39.5      -103134.7218       -92.6350 17m58s/Msamples
        8351000   -103226.3467        39.5      -103137.5463       -88.8003 17m58s/Msamples
        8352000   -103222.5607        39.5      -103126.3706       -96.1900 17m58s/Msamples
        8353000   -103229.6167        39.5      -103127.0959      -102.5208 17m58s/Msamples
        8354000   -103229.7174        39.5      -103123.4872      -106.2301 17m58s/Msamples
        8355000   -103239.5526        39.5      -103128.7936      -110.7589 17m58s/Msamples
        8356000   -103232.2208        39.6      -103139.8779       -92.3428 17m58s/Msamples
        8357000   -103228.5211        39.6      -103136.7867       -91.7344 17m58s/Msamples
        8358000   -103228.1177        39.6      -103131.5138       -96.6039 17m58s/Msamples
        8359000   -103225.1603        39.6      -103130.8875       -94.2728 17m58s/Msamples
        8360000   -103229.5686        39.6      -103133.0255       -96.5431 17m58s/Msamples
        8361000   -103215.7343        39.6      -103124.6157       -91.1186 17m58s/Msamples
        8362000   -103227.0528        39.6      -103128.9419       -98.1108 17m58s/Msamples
        8363000   -103244.6164        39.6      -103139.8490      -104.7674 17m58s/Msamples
        8364000   -103249.9658        39.6      -103137.4584      -112.5074 17m58s/Msamples
        8365000   -103242.2391        39.6      -103136.9759      -105.2632 17m58s/Msamples
        8366000   -103243.6982        39.6      -103137.5207      -106.1775 17m58s/Msamples
        8367000   -103246.3638        39.6      -103139.6269      -106.7369 17m58s/Msamples
        8368000   -103241.4223        39.6      -103135.5676      -105.8546 17m58s/Msamples
        8369000   -103236.9885        39.6      -103133.2933      -103.6952 17m58s/Msamples
        8370000   -103236.1982        39.6      -103136.2536       -99.9446 17m58s/Msamples
        8371000   -103234.6425        39.6      -103135.2781       -99.3643 17m58s/Msamples
        8372000   -103227.8435        39.6      -103133.1325       -94.7109 17m58s/Msamples
        8373000   -103228.1138        39.6      -103134.0042       -94.1095 17m58s/Msamples
        8374000   -103232.5715        39.6      -103131.9819      -100.5895 17m58s/Msamples
        8375000   -103225.4751        39.6      -103130.2921       -95.1830 17m58s/Msamples
        8376000   -103235.5337        39.6      -103138.4523       -97.0814 17m58s/Msamples
        8377000   -103238.6764        39.6      -103132.0782      -106.5982 17m58s/Msamples
        8378000   -103240.2143        39.6      -103133.8711      -106.3432 17m58s/Msamples
        8379000   -103247.6414        39.6      -103141.1160      -106.5253 17m58s/Msamples
        8380000   -103250.5849        39.6      -103144.1241      -106.4608 17m58s/Msamples
        8381000   -103243.3154        39.6      -103136.9559      -106.3594 17m58s/Msamples
        8382000   -103236.3183        39.6      -103138.0412       -98.2770 17m58s/Msamples
        8383000   -103230.4566        39.6      -103132.6667       -97.7899 17m58s/Msamples
        8384000   -103239.2442        39.6      -103134.3081      -104.9361 17m58s/Msamples
        8385000   -103252.2630        39.6      -103143.8809      -108.3820 17m58s/Msamples
        8386000   -103257.7464        39.6      -103143.8035      -113.9429 17m58s/Msamples
        8387000   -103252.4986        39.6      -103143.0025      -109.4961 17m58s/Msamples
        8388000   -103248.5545        39.6      -103141.1415      -107.4129 17m58s/Msamples
        8389000   -103246.0659        39.6      -103141.7514      -104.3145 17m58s/Msamples
        8390000   -103246.5370        39.6      -103147.5817       -98.9553 17m58s/Msamples
        8391000   -103238.6747        39.6      -103144.6447       -94.0300 17m58s/Msamples
        8392000   -103236.9445        39.6      -103143.6854       -93.2590 17m58s/Msamples
        8393000   -103251.1396        39.6      -103143.5320      -107.6076 17m58s/Msamples
        8394000   -103242.9963        39.6      -103143.3608       -99.6355 17m58s/Msamples
        8395000   -103232.8492        39.6      -103141.4096       -91.4396 17m58s/Msamples
        8396000   -103217.6653        39.6      -103130.0065       -87.6588 17m58s/Msamples
        8397000   -103223.5557        39.6      -103133.2892       -90.2665 17m58s/Msamples
        8398000   -103226.7674        39.6      -103137.3560       -89.4113 17m58s/Msamples
        8399000   -103220.6974        39.6      -103128.3802       -92.3172 17m58s/Msamples
        8400000   -103219.9764        39.7      -103128.1776       -91.7987 17m58s/Msamples
        8401000   -103214.0729        39.7      -103134.5878       -79.4850 17m58s/Msamples
        8402000   -103217.0679        39.7      -103124.7593       -92.3086 17m58s/Msamples
        8403000   -103227.8155        39.7      -103126.7899      -101.0256 17m58s/Msamples
        8404000   -103245.6144        39.7      -103140.2473      -105.3670 17m58s/Msamples
        8405000   -103250.0601        39.7      -103146.4662      -103.5938 17m58s/Msamples
        8406000   -103234.5935        39.7      -103141.7032       -92.8903 17m58s/Msamples
        8407000   -103236.6023        39.7      -103138.7725       -97.8297 17m58s/Msamples
        8408000   -103260.6849        39.7      -103142.2047      -118.4801 17m58s/Msamples
        8409000   -103263.6868        39.7      -103147.7507      -115.9361 17m58s/Msamples
        8410000   -103260.6902        39.7      -103148.8973      -111.7928 17m58s/Msamples
        8411000   -103260.8557        39.7      -103149.7528      -111.1028 17m58s/Msamples
        8412000   -103257.5921        39.7      -103148.0231      -109.5689 17m58s/Msamples
        8413000   -103262.0061        39.7      -103148.9281      -113.0779 17m58s/Msamples
        8414000   -103255.1900        39.7      -103144.0076      -111.1823 17m58s/Msamples
        8415000   -103265.8424        39.7      -103146.1495      -119.6929 17m58s/Msamples
        8416000   -103250.5915        39.5      -103144.7318      -105.8596 17m58s/Msamples
        8417000   -103257.4656        39.5      -103144.1510      -113.3145 17m58s/Msamples
        8418000   -103261.9252        39.5      -103146.1692      -115.7559 17m58s/Msamples
        8419000   -103249.4123        39.5      -103139.0439      -110.3684 17m58s/Msamples
        8420000   -103243.6937        39.5      -103136.7562      -106.9374 17m58s/Msamples
        8421000   -103249.6167        39.5      -103139.2922      -110.3244 17m58s/Msamples
        8422000   -103250.7179        39.5      -103137.7162      -113.0017 17m58s/Msamples
        8423000   -103244.3437        39.5      -103140.7004      -103.6433 17m58s/Msamples
        8424000   -103238.7494        39.5      -103139.0068       -99.7426 17m58s/Msamples
        8425000   -103228.3831        39.5      -103133.1808       -95.2023 17m58s/Msamples
        8426000   -103224.3449        39.5      -103129.0944       -95.2505 17m58s/Msamples
        8427000   -103231.5149        39.5      -103128.8832      -102.6316 17m58s/Msamples
        8428000   -103232.2818        39.5      -103128.0942      -104.1876 17m58s/Msamples
        8429000   -103238.3549        39.5      -103132.0290      -106.3258 17m58s/Msamples
        8430000   -103233.7835        39.5      -103130.9026      -102.8808 17m58s/Msamples
        8431000   -103229.8025        39.5      -103130.9420       -98.8605 17m58s/Msamples
        8432000   -103219.3087        39.5      -103125.5892       -93.7194 17m58s/Msamples
        8433000   -103223.2987        39.5      -103134.0793       -89.2194 17m58s/Msamples
        8434000   -103220.8572        39.5      -103134.6150       -86.2422 17m58s/Msamples
        8435000   -103218.2607        39.6      -103127.2593       -91.0013 17m58s/Msamples
        8436000   -103217.5982        39.6      -103131.5460       -86.0521 17m58s/Msamples
        8437000   -103212.9729        39.6      -103125.3885       -87.5843 17m58s/Msamples
        8438000   -103219.1943        39.6      -103125.2240       -93.9702 17m58s/Msamples
        8439000   -103224.0391        39.6      -103123.8489      -100.1901 17m58s/Msamples
        8440000   -103233.2987        39.6      -103135.5472       -97.7514 17m58s/Msamples
        8441000   -103239.4520        39.6      -103145.1267       -94.3252 17m58s/Msamples
        8442000   -103249.5679        39.6      -103144.2207      -105.3471 17m58s/Msamples
        8443000   -103229.0162        39.6      -103142.3909       -86.6253 17m58s/Msamples
        8444000   -103221.1733        39.7      -103140.8975       -80.2757 17m58s/Msamples
        8445000   -103224.6747        39.7      -103139.5036       -85.1710 17m58s/Msamples
        8446000   -103228.5143        39.7      -103139.2016       -89.3127 17m58s/Msamples
        8447000   -103248.4771        39.7      -103143.0494      -105.4277 17m58s/Msamples
        8448000   -103249.2033        39.7      -103143.3722      -105.8310 17m58s/Msamples
        8449000   -103255.6519        39.6      -103145.5051      -110.1468 17m58s/Msamples
        8450000   -103251.7348        39.6      -103143.3501      -108.3846 17m58s/Msamples
        8451000   -103250.4191        39.6      -103136.2029      -114.2161 17m58s/Msamples
        8452000   -103242.4670        39.6      -103128.0274      -114.4396 17m58s/Msamples
        8453000   -103256.6706        39.6      -103141.0145      -115.6560 17m58s/Msamples
        8454000   -103247.0194        39.6      -103141.3690      -105.6504 17m58s/Msamples
        8455000   -103247.0096        39.6      -103140.4187      -106.5908 17m58s/Msamples
        8456000   -103249.8530        39.6      -103142.3707      -107.4822 17m58s/Msamples
        8457000   -103248.5540        39.6      -103143.0583      -105.4957 17m58s/Msamples
        8458000   -103245.6645        39.6      -103137.6359      -108.0286 17m58s/Msamples
        8459000   -103256.2383        39.6      -103138.9442      -117.2940 17m58s/Msamples
        8460000   -103254.8570        39.6      -103139.8668      -114.9902 17m58s/Msamples
        8461000   -103257.4919        39.6      -103146.5368      -110.9551 17m58s/Msamples
        8462000   -103254.2122        39.6      -103140.5743      -113.6378 17m58s/Msamples
        8463000   -103259.6210        39.6      -103142.0291      -117.5918 17m58s/Msamples
        8464000   -103243.2760        39.6      -103145.1741       -98.1019 17m58s/Msamples
        8465000   -103240.5266        39.6      -103142.3501       -98.1765 17m58s/Msamples
        8466000   -103219.2212        39.6      -103134.0486       -85.1725 17m58s/Msamples
        8467000   -103243.2612        39.6      -103141.1680      -102.0931 17m58s/Msamples
        8468000   -103239.0281        39.6      -103138.7985      -100.2296 17m58s/Msamples
        8469000   -103237.8184        39.6      -103123.4727      -114.3457 17m58s/Msamples
        8470000   -103230.2522        39.6      -103125.5227      -104.7294 17m58s/Msamples
        8471000   -103231.1450        39.6      -103125.0226      -106.1223 17m58s/Msamples
        8472000   -103238.8300        39.6      -103134.4416      -104.3883 17m58s/Msamples
        8473000   -103251.7562        39.6      -103134.3380      -117.4181 17m58s/Msamples
        8474000   -103257.0445        39.6      -103136.1065      -120.9379 17m58s/Msamples
        8475000   -103271.8855        39.6      -103142.8309      -129.0545 17m58s/Msamples
        8476000   -103276.6019        39.6      -103146.8959      -129.7060 17m58s/Msamples
        8477000   -103268.4212        39.6      -103144.3838      -124.0373 17m58s/Msamples
        8478000   -103248.9042        39.6      -103140.8265      -108.0776 17m58s/Msamples
        8479000   -103237.3637        39.5      -103134.4190      -102.9446 17m58s/Msamples
        8480000   -103248.4701        39.5      -103143.4663      -105.0038 17m58s/Msamples
        8481000   -103251.4886        39.5      -103147.9008      -103.5878 17m58s/Msamples
        8482000   -103242.1691        39.5      -103142.5133       -99.6557 17m58s/Msamples
        8483000   -103237.5551        39.5      -103140.6512       -96.9038 17m58s/Msamples
        8484000   -103239.6601        39.5      -103143.1923       -96.4678 17m58s/Msamples
        8485000   -103234.9217        39.5      -103138.7852       -96.1364 17m58s/Msamples
        8486000   -103237.9217        39.5      -103135.2650      -102.6566 17m58s/Msamples
        8487000   -103249.2911        39.5      -103135.4826      -113.8084 17m58s/Msamples
        8488000   -103241.0105        39.5      -103135.3348      -105.6757 17m58s/Msamples
        8489000   -103225.8329        39.5      -103128.0600       -97.7728 17m58s/Msamples
        8490000   -103238.8914        39.5      -103128.0298      -110.8615 17m58s/Msamples
        8491000   -103220.6176        39.5      -103124.2921       -96.3255 17m58s/Msamples
        8492000   -103220.7497        39.5      -103123.0893       -97.6604 17m58s/Msamples
        8493000   -103225.7689        39.6      -103125.3142      -100.4546 17m58s/Msamples
        8494000   -103211.0134        39.6      -103118.2777       -92.7356 17m58s/Msamples
        8495000   -103211.3281        39.6      -103114.2243       -97.1038 17m58s/Msamples
        8496000   -103207.8477        39.6      -103112.2481       -95.5996 17m58s/Msamples
        8497000   -103198.3106        39.7      -103118.7891       -79.5214 17m58s/Msamples
        8498000   -103202.1638        39.7      -103116.1768       -85.9870 17m58s/Msamples
        8499000   -103204.4794        39.7      -103121.7821       -82.6972 17m58s/Msamples
        8500000   -103207.2135        39.8      -103114.9755       -92.2380 17m58s/Msamples
        8501000   -103206.0805        39.8      -103117.9838       -88.0967 17m58s/Msamples
        8502000   -103206.4528        39.8      -103115.4052       -91.0476 17m58s/Msamples
        8503000   -103206.5995        39.8      -103116.1792       -90.4203 17m58s/Msamples
        8504000   -103219.2030        39.9      -103119.6981       -99.5048 17m58s/Msamples
        8505000   -103211.0657        39.9      -103119.2742       -91.7914 17m58s/Msamples
        8506000   -103215.5780        39.9      -103120.9580       -94.6199 17m58s/Msamples
        8507000   -103217.1074        39.9      -103123.4223       -93.6851 17m58s/Msamples
        8508000   -103222.3248        39.9      -103130.4241       -91.9006 17m58s/Msamples
        8509000   -103226.0242        39.9      -103128.8057       -97.2184 17m58s/Msamples
        8510000   -103210.6580        40.0      -103121.5740       -89.0840 17m58s/Msamples
        8511000   -103215.4253        40.0      -103123.3900       -92.0353 17m58s/Msamples
        8512000   -103216.1856        40.0      -103129.8640       -86.3215 17m58s/Msamples
        8513000   -103216.8428        40.0      -103133.2044       -83.6383 17m58s/Msamples
        8514000   -103217.3387        40.0      -103133.7379       -83.6008 17m58s/Msamples
        8515000   -103223.9533        40.0      -103130.1274       -93.8259 17m58s/Msamples
        8516000   -103222.2486        40.1      -103127.6349       -94.6137 17m58s/Msamples
        8517000   -103216.0043        40.1      -103125.1324       -90.8718 17m58s/Msamples
        8518000   -103215.3141        40.1      -103121.4199       -93.8941 17m58s/Msamples
        8519000   -103222.0381        40.1      -103124.4601       -97.5780 17m58s/Msamples
        8520000   -103242.6937        40.1      -103132.4640      -110.2296 17m58s/Msamples
        8521000   -103239.7063        40.1      -103134.6035      -105.1027 17m58s/Msamples
        8522000   -103238.1882        40.1      -103141.7960       -96.3921 17m58s/Msamples
        8523000   -103236.0543        40.1      -103135.5245      -100.5298 17m58s/Msamples
        8524000   -103237.2413        40.1      -103134.8732      -102.3681 17m58s/Msamples
        8525000   -103234.7051        40.1      -103139.5006       -95.2045 17m58s/Msamples
        8526000   -103222.3761        40.1      -103130.7698       -91.6062 17m58s/Msamples
        8527000   -103235.9309        40.1      -103143.0644       -92.8664 17m58s/Msamples
        8528000   -103231.0683        40.1      -103134.7383       -96.3299 17m58s/Msamples
        8529000   -103227.1686        40.1      -103134.5573       -92.6112 17m58s/Msamples
        8530000   -103231.5742        40.1      -103133.1071       -98.4671 17m58s/Msamples
        8531000   -103229.4164        40.1      -103129.8055       -99.6108 17m58s/Msamples
        8532000   -103222.2483        40.1      -103133.7818       -88.4665 17m58s/Msamples
        8533000   -103209.4969        40.2      -103128.3157       -81.1811 17m58s/Msamples
        8534000   -103195.9798        40.2      -103118.2164       -77.7634 17m58s/Msamples
        8535000   -103198.0960        40.3      -103124.0743       -74.0217 17m58s/Msamples
        8536000   -103208.6664        40.3      -103123.0392       -85.6272 17m58s/Msamples
        8537000   -103202.3443        40.3      -103114.2333       -88.1110 17m58s/Msamples
        8538000   -103218.7454        40.3      -103126.1512       -92.5942 17m58s/Msamples
        8539000   -103211.8112        40.5      -103125.9714       -85.8398 17m58s/Msamples
        8540000   -103224.2087        40.5      -103135.0171       -89.1916 17m58s/Msamples
        8541000   -103222.6581        40.5      -103133.6723       -88.9858 17m58s/Msamples
        8542000   -103217.6101        40.5      -103132.5129       -85.0971 17m58s/Msamples
        8543000   -103211.7083        40.6      -103126.1163       -85.5920 17m58s/Msamples
        8544000   -103227.3225        40.6      -103129.8959       -97.4265 17m58s/Msamples
        8545000   -103232.0206        40.6      -103132.3569       -99.6637 17m58s/Msamples
        8546000   -103220.0702        40.6      -103127.7834       -92.2867 17m58s/Msamples
        8547000   -103215.9406        40.6      -103128.1546       -87.7860 17m58s/Msamples
        8548000   -103218.7006        40.6      -103124.5245       -94.1761 17m58s/Msamples
        8549000   -103229.4327        40.6      -103130.2230       -99.2096 17m58s/Msamples
        8550000   -103234.9196        40.6      -103132.7172      -102.2024 17m58s/Msamples
        8551000   -103237.1011        40.6      -103132.9075      -104.1936 17m58s/Msamples
        8552000   -103230.0755        40.6      -103130.4858       -99.5896 17m58s/Msamples
        8553000   -103234.1986        40.6      -103129.1375      -105.0610 17m58s/Msamples
        8554000   -103220.6408        40.6      -103130.4941       -90.1466 17m58s/Msamples
        8555000   -103218.1580        40.7      -103132.8625       -85.2955 17m58s/Msamples
        8556000   -103225.4032        40.7      -103134.2526       -91.1506 17m58s/Msamples
        8557000   -103229.7770        40.7      -103138.4619       -91.3150 17m58s/Msamples
        8558000   -103225.7724        40.7      -103137.2230       -88.5494 17m58s/Msamples
        8559000   -103224.3914        40.7      -103131.6319       -92.7594 17m58s/Msamples
        8560000   -103226.0462        40.7      -103133.9553       -92.0909 17m58s/Msamples
        8561000   -103221.9347        40.7      -103126.3668       -95.5679 17m58s/Msamples
        8562000   -103214.2923        40.7      -103131.8044       -82.4878 17m58s/Msamples
        8563000   -103223.0664        40.7      -103141.9510       -81.1153 17m58s/Msamples
        8564000   -103221.2203        40.7      -103137.5565       -83.6637 17m58s/Msamples
        8565000   -103217.1871        40.7      -103131.7887       -85.3983 17m58s/Msamples
        8566000   -103229.6835        40.8      -103131.1658       -98.5177 17m58s/Msamples
        8567000   -103225.0036        40.8      -103134.4836       -90.5199 17m58s/Msamples
        8568000   -103223.5554        40.8      -103132.6241       -90.9313 17m58s/Msamples
        8569000   -103222.7023        40.8      -103142.1997       -80.5025 17m58s/Msamples
        8570000   -103227.5090        40.8      -103133.8062       -93.7028 17m58s/Msamples
        8571000   -103223.2970        40.8      -103134.4314       -88.8655 17m58s/Msamples
        8572000   -103210.9271        40.8      -103128.9140       -82.0130 17m58s/Msamples
        8573000   -103217.4837        40.8      -103135.9679       -81.5158 17m58s/Msamples
        8574000   -103208.7226        40.8      -103130.0119       -78.7107 17m58s/Msamples
        8575000   -103196.1307        40.9      -103127.9691       -68.1616 17m58s/Msamples
        8576000   -103205.8314        40.9      -103132.0056       -73.8258 17m58s/Msamples
        8577000   -103214.3765        40.9      -103131.1154       -83.2611 17m58s/Msamples
        8578000   -103204.4083        40.9      -103129.6799       -74.7283 17m58s/Msamples
        8579000   -103219.6319        40.9      -103129.0772       -90.5547 17m58s/Msamples
        8580000   -103225.9535        41.0      -103133.5642       -92.3893 17m58s/Msamples
        8581000   -103239.2214        41.0      -103143.6175       -95.6038 17m58s/Msamples
        8582000   -103213.2316        41.0      -103133.1103       -80.1213 17m58s/Msamples
        8583000   -103214.4914        41.0      -103128.2788       -86.2125 17m58s/Msamples
        8584000   -103226.7411        41.0      -103134.6474       -92.0936 17m58s/Msamples
        8585000   -103250.6184        41.0      -103139.1339      -111.4844 17m58s/Msamples
        8586000   -103242.8143        41.0      -103135.7575      -107.0568 17m58s/Msamples
        8587000   -103237.0880        41.0      -103138.4578       -98.6302 17m58s/Msamples
        8588000   -103249.6811        41.0      -103144.3446      -105.3365 17m58s/Msamples
        8589000   -103254.9639        41.0      -103146.3952      -108.5686 17m58s/Msamples
        8590000   -103251.3787        41.0      -103142.2129      -109.1657 17m58s/Msamples
        8591000   -103242.0859        41.0      -103141.1937      -100.8922 17m58s/Msamples
        8592000   -103239.1002        41.0      -103135.1545      -103.9457 17m58s/Msamples
        8593000   -103235.0941        41.0      -103138.4050       -96.6891 17m58s/Msamples
        8594000   -103226.1737        41.0      -103131.5666       -94.6071 17m58s/Msamples
        8595000   -103212.6500        41.1      -103126.7544       -85.8956 17m58s/Msamples
        8596000   -103204.0299        41.1      -103126.6688       -77.3610 17m58s/Msamples
        8597000   -103189.2737        41.1      -103126.4012       -62.8724 17m58s/Msamples
        8598000   -103199.7500        41.2      -103125.7136       -74.0364 17m58s/Msamples
        8599000   -103191.6658        41.2      -103117.1804       -74.4853 17m58s/Msamples
        8600000   -103189.7604        41.2      -103121.2068       -68.5535 17m58s/Msamples
        8601000   -103202.8671        41.3      -103122.4348       -80.4322 17m58s/Msamples
        8602000   -103181.6885        41.3      -103117.3285       -64.3600 17m58s/Msamples
        8603000   -103185.5071        41.4      -103127.2243       -58.2828 17m58s/Msamples
        8604000   -103195.9082        41.4      -103130.0993       -65.8089 17m58s/Msamples
        8605000   -103194.3380        41.4      -103130.9894       -63.3486 17m58s/Msamples
        8606000   -103191.2059        41.5      -103130.5708       -60.6351 17m58s/Msamples
        8607000   -103195.2460        41.6      -103133.3289       -61.9170 17m58s/Msamples
        8608000   -103191.4463        41.6      -103133.1794       -58.2668 17m58s/Msamples
        8609000   -103201.9205        41.6      -103129.5872       -72.3333 17m58s/Msamples
        8610000   -103218.3352        41.6      -103142.0007       -76.3344 17m58s/Msamples
        8611000   -103213.6000        41.6      -103135.0041       -78.5958 17m58s/Msamples
        8612000   -103198.0019        41.7      -103128.0286       -69.9732 17m58s/Msamples
        8613000   -103213.3570        41.7      -103133.8559       -79.5010 17m58s/Msamples
        8614000   -103191.1903        41.7      -103128.0909       -63.0994 17m58s/Msamples
        8615000   -103194.9397        41.7      -103126.5743       -68.3654 17m58s/Msamples
        8616000   -103179.7769        41.8      -103112.8976       -66.8793 17m58s/Msamples
        8617000   -103181.5966        41.8      -103116.7965       -64.8000 17m58s/Msamples
        8618000   -103184.7219        41.9      -103121.9203       -62.8016 17m58s/Msamples
        8619000   -103189.3712        41.9      -103125.4984       -63.8727 17m58s/Msamples
        8620000   -103196.8058        41.9      -103126.6499       -70.1558 17m58s/Msamples
        8621000   -103204.6467        41.9      -103123.4264       -81.2202 17m58s/Msamples
        8622000   -103217.0773        41.9      -103126.8487       -90.2285 17m58s/Msamples
        8623000   -103206.0286        41.9      -103122.2180       -83.8105 17m58s/Msamples
        8624000   -103218.6628        42.0      -103124.9376       -93.7251 17m58s/Msamples
        8625000   -103225.5530        42.0      -103128.4214       -97.1315 17m58s/Msamples
        8626000   -103214.9753        42.0      -103127.6924       -87.2828 17m58s/Msamples
        8627000   -103221.9018        42.0      -103134.3304       -87.5713 17m58s/Msamples
        8628000   -103211.1719        42.0      -103130.2985       -80.8734 17m58s/Msamples
        8629000   -103206.0983        42.0      -103130.9066       -75.1916 17m58s/Msamples
        8630000   -103209.2021        42.0      -103126.1431       -83.0589 17m58s/Msamples
        8631000   -103213.2492        42.0      -103131.2983       -81.9509 17m58s/Msamples
        8632000   -103193.7931        42.0      -103127.6259       -66.1671 17m58s/Msamples
        8633000   -103191.8255        42.1      -103118.0267       -73.7987 17m58s/Msamples
        8634000   -103199.0937        42.1      -103119.7570       -79.3366 17m58s/Msamples
        8635000   -103190.7450        42.1      -103116.1300       -74.6149 17m58s/Msamples
        8636000   -103198.8515        42.1      -103122.7271       -76.1243 17m58s/Msamples
        8637000   -103202.5075        42.1      -103122.8886       -79.6188 17m58s/Msamples
        8638000   -103200.0518        42.2      -103120.2874       -79.7643 17m58s/Msamples
        8639000   -103194.6943        42.2      -103123.6916       -71.0026 17m58s/Msamples
        8640000   -103190.3822        42.2      -103117.5521       -72.8300 17m58s/Msamples
        8641000   -103184.5840        42.2      -103116.0332       -68.5508 17m58s/Msamples
        8642000   -103192.6957        42.3      -103118.6076       -74.0880 17m58s/Msamples
        8643000   -103185.5313        42.3      -103116.8624       -68.6689 17m58s/Msamples
        8644000   -103181.6838        42.3      -103112.2756       -69.4082 17m58s/Msamples
        8645000   -103199.8407        42.3      -103121.4324       -78.4083 17m58s/Msamples
        8646000   -103180.3938        42.4      -103115.6893       -64.7044 17m58s/Msamples
        8647000   -103185.3209        42.4      -103113.3815       -71.9394 17m58s/Msamples
        8648000   -103199.1624        42.4      -103118.7290       -80.4334 17m58s/Msamples
        8649000   -103210.2901        42.4      -103121.4056       -88.8845 17m58s/Msamples
        8650000   -103187.0364        42.4      -103119.1077       -67.9287 17m58s/Msamples
        8651000   -103188.7974        42.4      -103117.6922       -71.1051 17m58s/Msamples
        8652000   -103192.8074        42.5      -103114.2705       -78.5369 17m58s/Msamples
        8653000   -103193.0267        42.5      -103113.7603       -79.2663 17m58s/Msamples
        8654000   -103190.5732        42.5      -103115.8754       -74.6977 17m58s/Msamples
        8655000   -103196.4641        42.5      -103113.4006       -83.0634 17m58s/Msamples
        8656000   -103185.1960        42.5      -103111.4339       -73.7621 17m58s/Msamples
        8657000   -103187.0423        42.5      -103113.2166       -73.8256 17m58s/Msamples
        8658000   -103194.2236        42.6      -103122.1386       -72.0850 17m58s/Msamples
        8659000   -103197.6227        42.6      -103128.3039       -69.3188 17m58s/Msamples
        8660000   -103212.1463        42.6      -103130.6300       -81.5163 17m58s/Msamples
        8661000   -103202.3052        42.6      -103117.1182       -85.1870 17m58s/Msamples
        8662000   -103214.4527        42.6      -103131.9663       -82.4863 17m58s/Msamples
        8663000   -103222.5177        42.6      -103134.4711       -88.0465 17m58s/Msamples
        8664000   -103215.0909        42.6      -103129.0628       -86.0280 17m58s/Msamples
        8665000   -103215.8480        42.6      -103126.8142       -89.0337 17m58s/Msamples
        8666000   -103212.9063        42.6      -103126.4779       -86.4284 17m58s/Msamples
        8667000   -103201.1163        42.6      -103121.2793       -79.8370 17m58s/Msamples
        8668000   -103218.6317        42.6      -103125.3437       -93.2879 17m58s/Msamples
        8669000   -103218.7246        42.6      -103131.9823       -86.7423 17m58s/Msamples
        8670000   -103230.0879        42.6      -103130.8790       -99.2089 17m58s/Msamples
        8671000   -103217.5008        42.6      -103125.1191       -92.3817 17m58s/Msamples
        8672000   -103238.5406        42.6      -103129.2972      -109.2433 17m58s/Msamples
        8673000   -103230.5890        42.6      -103124.7906      -105.7984 17m58s/Msamples
        8674000   -103215.1313        42.6      -103116.3516       -98.7796 17m58s/Msamples
        8675000   -103204.9459        42.6      -103119.5630       -85.3829 17m58s/Msamples
        8676000   -103202.1782        42.6      -103115.6661       -86.5120 17m58s/Msamples
        8677000   -103220.7492        42.6      -103121.1401       -99.6090 17m58s/Msamples
        8678000   -103218.7961        42.6      -103124.3304       -94.4657 17m58s/Msamples
        8679000   -103214.4984        42.6      -103124.0755       -90.4228 17m58s/Msamples
        8680000   -103206.3847        42.6      -103122.2462       -84.1385 17m58s/Msamples
        8681000   -103222.7094        42.6      -103130.5216       -92.1878 17m58s/Msamples
        8682000   -103217.3215        42.6      -103127.1847       -90.1368 17m58s/Msamples
        8683000   -103232.5485        42.6      -103131.8938      -100.6546 17m58s/Msamples
        8684000   -103229.7577        42.6      -103134.2193       -95.5384 17m58s/Msamples
        8685000   -103225.7345        42.6      -103131.1865       -94.5479 17m58s/Msamples
        8686000   -103233.1111        42.6      -103129.4080      -103.7030 17m58s/Msamples
        8687000   -103221.8386        42.6      -103127.6210       -94.2175 17m58s/Msamples
        8688000   -103237.6720        42.7      -103131.0266      -106.6454 17m58s/Msamples
        8689000   -103216.0635        42.7      -103120.0320       -96.0315 17m58s/Msamples
        8690000   -103221.1780        42.7      -103126.0889       -95.0891 17m58s/Msamples
        8691000   -103224.9193        42.7      -103126.0162       -98.9030 17m58s/Msamples
        8692000   -103223.0146        42.7      -103127.5278       -95.4868 17m58s/Msamples
        8693000   -103229.4601        42.7      -103126.8053      -102.6547 17m58s/Msamples
        8694000   -103209.7560        42.7      -103114.9191       -94.8369 17m58s/Msamples
        8695000   -103213.3744        42.7      -103124.9349       -88.4394 17m58s/Msamples
        8696000   -103212.2162        42.7      -103125.5757       -86.6405 17m58s/Msamples
        8697000   -103212.5126        42.7      -103121.2989       -91.2137 17m58s/Msamples
        8698000   -103220.4943        42.7      -103131.4689       -89.0253 17m58s/Msamples
        8699000   -103219.9379        42.7      -103128.5507       -91.3872 17m58s/Msamples
        8700000   -103230.2727        42.7      -103131.2747       -98.9979 17m58s/Msamples
        8701000   -103228.3012        42.7      -103124.2809      -104.0203 17m58s/Msamples
        8702000   -103220.7941        42.7      -103118.9622      -101.8319 17m58s/Msamples
        8703000   -103227.6412        42.7      -103122.9267      -104.7145 17m58s/Msamples
        8704000   -103224.6363        42.7      -103122.9023      -101.7340 17m58s/Msamples
        8705000   -103220.4151        42.7      -103115.4154      -104.9997 17m58s/Msamples
        8706000   -103230.5938        42.7      -103120.6590      -109.9348 17m58s/Msamples
        8707000   -103233.0737        42.7      -103124.3585      -108.7151 17m58s/Msamples
        8708000   -103223.5615        42.7      -103124.9077       -98.6537 17m58s/Msamples
        8709000   -103218.5715        42.7      -103126.7256       -91.8459 17m58s/Msamples
        8710000   -103232.0624        42.7      -103125.7020      -106.3604 17m58s/Msamples
        8711000   -103223.1704        42.7      -103125.9532       -97.2171 17m58s/Msamples
        8712000   -103221.8571        42.7      -103129.4206       -92.4365 17m58s/Msamples
        8713000   -103221.2661        42.7      -103134.7140       -86.5520 17m58s/Msamples
        8714000   -103218.0062        42.7      -103127.3409       -90.6653 17m58s/Msamples
        8715000   -103215.5939        42.7      -103126.8843       -88.7095 17m58s/Msamples
        8716000   -103212.4950        42.7      -103125.6414       -86.8536 17m58s/Msamples
        8717000   -103220.6237        42.7      -103128.4026       -92.2211 17m58s/Msamples
        8718000   -103227.5203        42.7      -103128.5801       -98.9402 17m58s/Msamples
        8719000   -103214.7156        42.7      -103125.7949       -88.9207 17m58s/Msamples
        8720000   -103213.2777        42.7      -103119.3883       -93.8893 17m58s/Msamples
        8721000   -103215.5095        42.7      -103125.9914       -89.5180 17m58s/Msamples
        8722000   -103211.2585        42.7      -103122.0998       -89.1587 17m58s/Msamples
        8723000   -103217.0308        42.7      -103125.2983       -91.7324 17m58s/Msamples
        8724000   -103223.5833        42.7      -103126.8406       -96.7426 17m58s/Msamples
        8725000   -103235.3398        42.7      -103131.6058      -103.7340 17m58s/Msamples
        8726000   -103226.4681        42.7      -103135.0960       -91.3721 17m58s/Msamples
        8727000   -103210.6266        42.7      -103126.2826       -84.3440 17m58s/Msamples
        8728000   -103221.5122        42.7      -103131.9202       -89.5920 17m58s/Msamples
        8729000   -103224.5396        42.7      -103127.8316       -96.7080 17m58s/Msamples
        8730000   -103221.2229        42.7      -103126.3122       -94.9106 17m58s/Msamples
        8731000   -103211.6291        42.7      -103123.7668       -87.8622 17m58s/Msamples
        8732000   -103223.2234        42.7      -103122.9164      -100.3070 17m58s/Msamples
        8733000   -103221.8358        42.7      -103128.6731       -93.1626 17m58s/Msamples
        8734000   -103227.9034        42.7      -103130.4934       -97.4099 17m58s/Msamples
        8735000   -103219.7007        42.7      -103125.7476       -93.9530 17m58s/Msamples
        8736000   -103233.0813        42.7      -103130.6919      -102.3894 17m58s/Msamples
        8737000   -103223.5814        42.7      -103126.8751       -96.7063 17m58s/Msamples
        8738000   -103229.0820        42.7      -103127.7884      -101.2936 17m58s/Msamples
        8739000   -103229.9815        42.7      -103125.3574      -104.6241 17m58s/Msamples
        8740000   -103208.0645        42.7      -103120.4461       -87.6183 17m58s/Msamples
        8741000   -103209.4722        42.7      -103117.9817       -91.4905 17m58s/Msamples
        8742000   -103206.5662        42.7      -103113.3431       -93.2230 17m58s/Msamples
        8743000   -103202.2262        42.7      -103114.4025       -87.8236 17m58s/Msamples
        8744000   -103210.5687        42.7      -103117.9119       -92.6568 17m58s/Msamples
        8745000   -103218.3570        42.7      -103118.1093      -100.2477 17m58s/Msamples
        8746000   -103205.8286        42.7      -103111.5605       -94.2681 17m58s/Msamples
        8747000   -103203.5043        42.7      -103115.1242       -88.3801 17m58s/Msamples
        8748000   -103213.3317        42.7      -103122.5052       -90.8265 17m58s/Msamples
        8749000   -103199.8809        42.7      -103117.8011       -82.0797 17m58s/Msamples
        8750000   -103206.6252        42.7      -103116.2700       -90.3551 17m58s/Msamples
        8751000   -103204.1365        42.7      -103118.2531       -85.8834 17m58s/Msamples
        8752000   -103223.7811        42.7      -103125.7165       -98.0646 17m58s/Msamples
        8753000   -103211.1669        42.7      -103121.5586       -89.6082 17m58s/Msamples
        8754000   -103196.0404        42.7      -103120.2465       -75.7939 17m58s/Msamples
        8755000   -103199.2076        42.7      -103122.3943       -76.8132 17m58s/Msamples
        8756000   -103204.4453        42.7      -103129.2919       -75.1533 17m58s/Msamples
        8757000   -103205.7165        42.7      -103123.7218       -81.9947 17m58s/Msamples
        8758000   -103211.3418        42.7      -103124.0431       -87.2987 17m58s/Msamples
        8759000   -103211.3621        42.7      -103127.6392       -83.7228 17m58s/Msamples
        8760000   -103211.8411        42.7      -103126.3999       -85.4411 17m58s/Msamples
        8761000   -103207.2294        42.7      -103121.1792       -86.0502 17m58s/Msamples
        8762000   -103215.0775        42.7      -103129.8031       -85.2744 17m58s/Msamples
        8763000   -103223.0624        42.7      -103135.6054       -87.4570 17m58s/Msamples
        8764000   -103223.8264        42.7      -103136.1500       -87.6763 17m58s/Msamples
        8765000   -103211.4415        42.7      -103129.0394       -82.4021 17m58s/Msamples
        8766000   -103208.3000        42.7      -103128.5811       -79.7188 17m58s/Msamples
        8767000   -103221.9215        42.7      -103126.8228       -95.0987 17m58s/Msamples
        8768000   -103225.1442        42.7      -103129.4163       -95.7279 17m58s/Msamples
        8769000   -103221.3221        42.7      -103124.1847       -97.1373 17m58s/Msamples
        8770000   -103222.8153        42.7      -103126.6379       -96.1774 17m58s/Msamples
        8771000   -103217.4168        42.7      -103125.6292       -91.7875 17m58s/Msamples
        8772000   -103219.7223        42.7      -103132.0298       -87.6925 17m58s/Msamples
        8773000   -103216.1851        42.7      -103125.1404       -91.0447 17m58s/Msamples
        8774000   -103213.6423        42.7      -103128.1755       -85.4667 17m58s/Msamples
        8775000   -103224.3074        42.7      -103123.8390      -100.4684 17m58s/Msamples
        8776000   -103223.0949        42.7      -103129.7516       -93.3432 17m58s/Msamples
        8777000   -103222.4364        42.7      -103131.9269       -90.5094 17m58s/Msamples
        8778000   -103230.3351        42.7      -103134.3505       -95.9845 17m58s/Msamples
        8779000   -103231.9455        42.7      -103137.6770       -94.2684 17m58s/Msamples
        8780000   -103241.5639        42.7      -103138.0498      -103.5141 17m58s/Msamples
        8781000   -103246.9938        42.7      -103142.5387      -104.4551 17m58s/Msamples
        8782000   -103247.7986        42.7      -103140.4703      -107.3282 17m58s/Msamples
        8783000   -103236.6321        42.8      -103135.7182      -100.9139 17m58s/Msamples
        8784000   -103233.4688        42.8      -103132.5538      -100.9149 17m58s/Msamples
        8785000   -103236.1364        42.8      -103138.5304       -97.6059 17m58s/Msamples
        8786000   -103248.7287        42.8      -103143.0796      -105.6490 17m58s/Msamples
        8787000   -103260.7996        42.8      -103140.2738      -120.5258 17m58s/Msamples
        8788000   -103258.3523        42.9      -103142.2096      -116.1426 17m58s/Msamples
        8789000   -103247.9633        42.9      -103138.8706      -109.0926 17m58s/Msamples
        8790000   -103250.1259        42.9      -103142.2133      -107.9125 17m58s/Msamples
        8791000   -103249.6515        42.9      -103142.6757      -106.9758 17m58s/Msamples
        8792000   -103234.6154        42.9      -103133.7744      -100.8410 17m58s/Msamples
        8793000   -103235.0553        42.9      -103140.3264       -94.7288 17m58s/Msamples
        8794000   -103230.5598        42.9      -103137.4331       -93.1267 17m58s/Msamples
        8795000   -103231.6851        42.9      -103130.1404      -101.5446 17m58s/Msamples
        8796000   -103235.5425        42.9      -103127.7141      -107.8284 17m58s/Msamples
        8797000   -103224.9981        42.9      -103131.3302       -93.6679 17m58s/Msamples
        8798000   -103229.9369        42.9      -103133.2820       -96.6548 17m58s/Msamples
        8799000   -103242.1123        43.0      -103136.6089      -105.5034 17m58s/Msamples
        8800000   -103230.4057        43.0      -103137.3805       -93.0251 17m58s/Msamples
        8801000   -103228.0501        43.0      -103131.3600       -96.6901 17m58s/Msamples
        8802000   -103232.4961        43.0      -103134.3174       -98.1786 17m58s/Msamples
        8803000   -103242.7232        43.0      -103142.7765       -99.9467 17m58s/Msamples
        8804000   -103237.2544        43.0      -103138.2531       -99.0012 17m58s/Msamples
        8805000   -103231.5946        43.0      -103135.9732       -95.6214 17m58s/Msamples
        8806000   -103236.8477        43.0      -103140.0912       -96.7565 17m58s/Msamples
        8807000   -103232.5448        43.0      -103132.9696       -99.5752 17m58s/Msamples
        8808000   -103243.7090        43.0      -103139.3219      -104.3870 17m58s/Msamples
        8809000   -103228.1331        43.0      -103134.7323       -93.4008 17m58s/Msamples
        8810000   -103227.6545        43.0      -103136.8639       -90.7906 17m58s/Msamples
        8811000   -103238.5709        43.0      -103138.8742       -99.6966 17m58s/Msamples
        8812000   -103237.6977        43.0      -103138.7011       -98.9966 17m58s/Msamples
        8813000   -103236.9856        43.0      -103136.0381      -100.9475 17m58s/Msamples
        8814000   -103223.9578        43.0      -103139.2627       -84.6950 17m58s/Msamples
        8815000   -103236.4244        43.1      -103148.2834       -88.1409 17m58s/Msamples
        8816000   -103232.4514        43.1      -103147.5530       -84.8984 17m58s/Msamples
        8817000   -103230.2780        43.1      -103142.9274       -87.3505 17m58s/Msamples
        8818000   -103233.8158        43.1      -103137.7208       -96.0950 17m58s/Msamples
        8819000   -103234.4923        43.1      -103139.6560       -94.8363 17m58s/Msamples
        8820000   -103229.7868        43.1      -103138.2904       -91.4963 17m58s/Msamples
        8821000   -103242.3190        43.1      -103136.7763      -105.5427 17m58s/Msamples
        8822000   -103242.7912        43.1      -103134.1795      -108.6117 17m58s/Msamples
        8823000   -103245.0665        43.1      -103138.3972      -106.6693 17m58s/Msamples
        8824000   -103227.7585        43.1      -103135.1102       -92.6483 17m58s/Msamples
        8825000   -103216.0457        43.1      -103129.3908       -86.6549 17m58s/Msamples
        8826000   -103219.3360        43.1      -103131.4154       -87.9206 17m58s/Msamples
        8827000   -103218.9085        43.1      -103135.8411       -83.0674 17m58s/Msamples
        8828000   -103204.2197        43.1      -103126.8667       -77.3530 17m58s/Msamples
        8829000   -103215.3783        43.1      -103127.9052       -87.4730 17m58s/Msamples
        8830000   -103212.1881        43.1      -103133.1749       -79.0131 17m58s/Msamples
        8831000   -103210.6237        43.1      -103131.9653       -78.6583 17m58s/Msamples
        8832000   -103220.2735        43.1      -103134.3934       -85.8800 17m58s/Msamples
        8833000   -103214.4631        43.1      -103131.5923       -82.8708 17m58s/Msamples
        8834000   -103225.1863        43.1      -103130.1910       -94.9952 17m58s/Msamples
        8835000   -103217.7636        43.1      -103132.2403       -85.5233 17m58s/Msamples
        8836000   -103213.1514        43.1      -103130.6678       -82.4836 17m58s/Msamples
        8837000   -103216.7694        43.1      -103133.6900       -83.0793 17m58s/Msamples
        8838000   -103211.7204        43.1      -103126.5950       -85.1254 17m58s/Msamples
        8839000   -103216.6425        43.1      -103127.2786       -89.3638 17m58s/Msamples
        8840000   -103223.2285        43.1      -103127.3403       -95.8882 17m58s/Msamples
        8841000   -103218.3782        43.1      -103126.6165       -91.7616 17m58s/Msamples
        8842000   -103223.8733        43.1      -103129.5017       -94.3715 17m58s/Msamples
        8843000   -103215.7773        43.1      -103124.0995       -91.6777 17m58s/Msamples
        8844000   -103217.8095        43.1      -103124.4644       -93.3450 17m58s/Msamples
        8845000   -103217.5881        43.0      -103121.6370       -95.9511 17m58s/Msamples
        8846000   -103213.1440        43.0      -103120.2031       -92.9408 17m58s/Msamples
        8847000   -103223.0002        43.0      -103128.5963       -94.4038 17m58s/Msamples
        8848000   -103229.4931        43.0      -103135.2502       -94.2428 17m58s/Msamples
        8849000   -103226.4012        43.0      -103134.3817       -92.0195 17m58s/Msamples
        8850000   -103237.6772        43.1      -103139.5332       -98.1439 17m58s/Msamples
        8851000   -103238.0357        43.1      -103132.2804      -105.7552 17m58s/Msamples
        8852000   -103228.1313        43.1      -103126.5070      -101.6242 17m58s/Msamples
        8853000   -103230.0797        43.1      -103130.7150       -99.3647 17m58s/Msamples
        8854000   -103245.3476        43.1      -103135.8390      -109.5085 17m58s/Msamples
        8855000   -103241.6251        43.1      -103133.8554      -107.7696 17m58s/Msamples
        8856000   -103231.4376        43.1      -103130.3515      -101.0860 17m58s/Msamples
        8857000   -103228.7580        43.1      -103127.1894      -101.5685 17m58s/Msamples
        8858000   -103227.9807        43.1      -103129.1695       -98.8112 17m58s/Msamples
        8859000   -103231.9766        43.1      -103123.5270      -108.4495 17m58s/Msamples
        8860000   -103221.9747        43.1      -103126.9077       -95.0670 17m58s/Msamples
        8861000   -103224.2555        43.1      -103129.8812       -94.3742 17m58s/Msamples
        8862000   -103220.5241        43.1      -103124.2846       -96.2394 17m58s/Msamples
        8863000   -103220.9693        43.1      -103119.1624      -101.8068 17m58s/Msamples
        8864000   -103225.3793        43.1      -103117.7705      -107.6087 17m58s/Msamples
        8865000   -103229.4258        43.1      -103122.2845      -107.1413 17m58s/Msamples
        8866000   -103215.6002        43.1      -103117.3287       -98.2715 17m58s/Msamples
        8867000   -103212.4926        43.1      -103123.4081       -89.0844 17m58s/Msamples
        8868000   -103213.7114        43.1      -103121.6941       -92.0172 17m58s/Msamples
        8869000   -103216.2937        43.1      -103119.5628       -96.7308 17m58s/Msamples
        8870000   -103213.8746        43.1      -103117.2733       -96.6013 17m58s/Msamples
        8871000   -103227.4384        43.1      -103120.0758      -107.3625 17m58s/Msamples
        8872000   -103219.2169        43.1      -103115.1512      -104.0656 17m58s/Msamples
        8873000   -103227.1323        43.1      -103122.2256      -104.9067 17m58s/Msamples
        8874000   -103222.7060        43.1      -103118.1568      -104.5492 17m58s/Msamples
        8875000   -103223.5112        43.1      -103120.1955      -103.3156 17m58s/Msamples
        8876000   -103225.9134        43.1      -103121.4555      -104.4579 17m58s/Msamples
        8877000   -103222.3692        43.1      -103115.4587      -106.9104 17m58s/Msamples
        8878000   -103225.8307        43.1      -103116.1560      -109.6747 17m58s/Msamples
        8879000   -103214.3682        43.1      -103108.1518      -106.2164 17m58s/Msamples
        8880000   -103213.4047        43.1      -103110.8080      -102.5966 17m58s/Msamples
        8881000   -103210.3228        43.1      -103103.3250      -106.9978 17m58s/Msamples
        8882000   -103209.6462        43.1      -103104.8885      -104.7577 17m58s/Msamples
        8883000   -103202.8417        43.0      -103107.4608       -95.3808 17m58s/Msamples
        8884000   -103214.6430        43.0      -103115.1841       -99.4588 17m58s/Msamples
        8885000   -103216.0002        43.0      -103116.3921       -99.6080 17m58s/Msamples
        8886000   -103235.0478        43.0      -103124.5986      -110.4491 17m58s/Msamples
        8887000   -103225.4717        43.0      -103123.1782      -102.2934 17m58s/Msamples
        8888000   -103222.4574        43.0      -103121.0392      -101.4181 17m58s/Msamples
        8889000   -103222.4406        43.0      -103116.3691      -106.0714 17m58s/Msamples
        8890000   -103220.4653        43.0      -103115.9916      -104.4736 17m58s/Msamples
        8891000   -103218.4273        43.0      -103117.2002      -101.2270 17m58s/Msamples
        8892000   -103217.5360        43.0      -103115.6585      -101.8775 17m58s/Msamples
        8893000   -103227.0344        43.0      -103120.3119      -106.7224 17m58s/Msamples
        8894000   -103216.9531        43.0      -103118.1021       -98.8510 17m58s/Msamples
        8895000   -103207.7414        43.0      -103112.3590       -95.3823 17m58s/Msamples
        8896000   -103229.6668        43.0      -103117.2014      -112.4654 17m58s/Msamples
        8897000   -103211.2064        43.0      -103115.6227       -95.5837 17m58s/Msamples
        8898000   -103206.3368        43.0      -103106.4002       -99.9365 17m58s/Msamples
        8899000   -103231.7648        43.0      -103123.0999      -108.6648 17m58s/Msamples
        8900000   -103234.9150        43.0      -103129.2184      -105.6965 17m58s/Msamples
        8901000   -103244.8366        43.0      -103127.6418      -117.1948 17m58s/Msamples
        8902000   -103244.9875        43.1      -103136.7200      -108.2675 17m58s/Msamples
        8903000   -103238.2436        43.1      -103134.0842      -104.1594 17m58s/Msamples
        8904000   -103233.2436        43.1      -103129.2570      -103.9865 17m58s/Msamples
        8905000   -103249.9472        43.1      -103145.1459      -104.8013 17m58s/Msamples
        8906000   -103237.0651        43.1      -103132.0877      -104.9774 17m58s/Msamples
        8907000   -103244.3957        43.1      -103129.8854      -114.5103 17m58s/Msamples
        8908000   -103237.6887        43.1      -103126.4252      -111.2635 17m58s/Msamples
        8909000   -103232.5318        43.2      -103125.2204      -107.3114 17m58s/Msamples
        8910000   -103233.2704        43.2      -103125.7741      -107.4962 17m58s/Msamples
        8911000   -103237.6885        43.2      -103125.0792      -112.6093 17m58s/Msamples
        8912000   -103233.9652        43.2      -103120.2334      -113.7317 17m58s/Msamples
        8913000   -103243.7213        43.2      -103129.5662      -114.1550 17m58s/Msamples
        8914000   -103244.2300        43.2      -103127.5276      -116.7023 17m58s/Msamples
        8915000   -103237.5299        43.2      -103131.3745      -106.1554 17m58s/Msamples
        8916000   -103226.5754        43.2      -103129.2227       -97.3527 17m58s/Msamples
        8917000   -103226.4070        43.2      -103119.7399      -106.6670 17m58s/Msamples
        8918000   -103236.2688        43.2      -103126.0753      -110.1934 17m58s/Msamples
        8919000   -103245.4936        43.3      -103135.5185      -109.9751 17m58s/Msamples
        8920000   -103254.2806        43.3      -103135.0881      -119.1924 17m58s/Msamples
        8921000   -103249.4311        43.3      -103134.4800      -114.9510 17m58s/Msamples
        8922000   -103242.7664        43.3      -103130.9102      -111.8562 17m58s/Msamples
        8923000   -103239.1615        43.3      -103131.7063      -107.4552 17m58s/Msamples
        8924000   -103224.7828        43.3      -103123.1517      -101.6311 17m58s/Msamples
        8925000   -103227.1198        43.3      -103125.0200      -102.0998 17m58s/Msamples
        8926000   -103223.8249        43.3      -103123.1541      -100.6707 17m58s/Msamples
        8927000   -103247.6757        43.4      -103130.2899      -117.3857 17m58s/Msamples
        8928000   -103247.9343        43.4      -103126.4469      -121.4874 17m58s/Msamples
        8929000   -103236.3304        43.4      -103121.6558      -114.6745 17m58s/Msamples
        8930000   -103237.0194        43.4      -103123.2241      -113.7952 17m58s/Msamples
        8931000   -103231.3772        43.4      -103125.1909      -106.1863 17m58s/Msamples
        8932000   -103229.8869        43.4      -103119.9523      -109.9346 17m58s/Msamples
        8933000   -103228.2906        43.4      -103124.8711      -103.4194 17m58s/Msamples
        8934000   -103239.0132        43.4      -103126.6908      -112.3224 17m58s/Msamples
        8935000   -103239.8668        43.4      -103125.7957      -114.0710 17m58s/Msamples
        8936000   -103238.9953        43.4      -103124.5611      -114.4342 17m58s/Msamples
        8937000   -103233.5637        43.4      -103123.5509      -110.0127 17m58s/Msamples
        8938000   -103232.9434        43.5      -103115.5025      -117.4409 17m58s/Msamples
        8939000   -103226.7730        43.5      -103121.1071      -105.6658 17m58s/Msamples
        8940000   -103244.7389        43.5      -103128.1528      -116.5860 17m58s/Msamples
        8941000   -103238.4476        43.5      -103128.5310      -109.9166 17m58s/Msamples
        8942000   -103244.1031        43.5      -103132.4558      -111.6473 17m58s/Msamples
        8943000   -103233.8603        43.5      -103122.5527      -111.3076 17m58s/Msamples
        8944000   -103222.5714        43.5      -103117.4732      -105.0982 17m58s/Msamples
        8945000   -103226.4927        43.5      -103120.6330      -105.8597 17m58s/Msamples
        8946000   -103236.3358        43.5      -103130.1176      -106.2182 17m58s/Msamples
        8947000   -103237.0872        43.5      -103128.4968      -108.5904 17m58s/Msamples
        8948000   -103242.6063        43.5      -103133.0319      -109.5744 17m58s/Msamples
        8949000   -103242.4116        43.6      -103128.4775      -113.9340 17m58s/Msamples
        8950000   -103237.9157        43.6      -103128.4700      -109.4456 17m58s/Msamples
        8951000   -103234.0025        43.6      -103125.7584      -108.2441 17m58s/Msamples
        8952000   -103240.6827        43.6      -103127.4184      -113.2642 17m58s/Msamples
        8953000   -103245.7937        43.6      -103129.6204      -116.1733 17m58s/Msamples
        8954000   -103229.4166        43.6      -103124.6909      -104.7257 17m58s/Msamples
        8955000   -103226.5580        43.6      -103119.2528      -107.3052 17m58s/Msamples
        8956000   -103227.8464        43.6      -103120.8725      -106.9738 17m58s/Msamples
        8957000   -103248.5759        43.6      -103130.8147      -117.7612 17m58s/Msamples
        8958000   -103241.7648        43.6      -103129.3935      -112.3713 17m58s/Msamples
        8959000   -103225.5116        43.6      -103122.4830      -103.0286 17m58s/Msamples
        8960000   -103229.4055        43.6      -103130.0907       -99.3147 17m58s/Msamples
        8961000   -103228.6708        43.7      -103138.4757       -90.1951 17m58s/Msamples
        8962000   -103214.4287        43.6      -103122.5953       -91.8333 17m58s/Msamples
        8963000   -103243.8940        43.7      -103139.4314      -104.4625 17m58s/Msamples
        8964000   -103233.7121        43.7      -103132.0416      -101.6705 17m58s/Msamples
        8965000   -103241.9442        43.7      -103130.3502      -111.5940 17m58s/Msamples
        8966000   -103237.2308        43.7      -103126.4582      -110.7725 17m58s/Msamples
        8967000   -103242.2916        43.7      -103128.8808      -113.4107 17m58s/Msamples
        8968000   -103240.7892        43.7      -103129.6630      -111.1261 17m58s/Msamples
        8969000   -103246.9787        43.7      -103132.0823      -114.8963 17m58s/Msamples
        8970000   -103238.8176        43.8      -103122.6912      -116.1263 17m58s/Msamples
        8971000   -103228.8539        43.8      -103125.0539      -103.7999 17m58s/Msamples
        8972000   -103234.4065        43.8      -103125.3259      -109.0805 17m58s/Msamples
        8973000   -103235.8244        43.8      -103121.5980      -114.2264 17m58s/Msamples
        8974000   -103243.4098        43.8      -103119.5718      -123.8379 17m58s/Msamples
        8975000   -103225.0964        43.8      -103116.9000      -108.1964 17m58s/Msamples
        8976000   -103223.9559        43.8      -103116.7423      -107.2135 17m58s/Msamples
        8977000   -103218.8159        43.8      -103117.5750      -101.2409 17m58s/Msamples
        8978000   -103219.9215        43.8      -103123.0390       -96.8824 17m58s/Msamples
        8979000   -103215.3358        43.8      -103117.5925       -97.7432 17m58s/Msamples
        8980000   -103223.7538        43.8      -103123.9623       -99.7915 17m58s/Msamples
        8981000   -103222.8550        43.8      -103115.4628      -107.3922 17m58s/Msamples
        8982000   -103214.1387        43.8      -103112.6128      -101.5258 17m58s/Msamples
        8983000   -103218.2556        43.8      -103113.6446      -104.6110 17m58s/Msamples
        8984000   -103226.1091        43.8      -103117.6555      -108.4536 17m58s/Msamples
        8985000   -103206.0164        43.8      -103106.2291       -99.7872 17m58s/Msamples
        8986000   -103207.7928        43.8      -103111.7454       -96.0474 17m58s/Msamples
        8987000   -103198.3444        43.8      -103106.0813       -92.2630 17m58s/Msamples
        8988000   -103212.3776        43.8      -103108.0031      -104.3745 17m58s/Msamples
        8989000   -103217.9145        43.8      -103109.9698      -107.9446 17m58s/Msamples
        8990000   -103231.7618        43.8      -103115.8979      -115.8638 17m58s/Msamples
        8991000   -103233.9103        43.8      -103116.0339      -117.8764 17m58s/Msamples
        8992000   -103232.1113        43.8      -103122.3903      -109.7209 17m58s/Msamples
        8993000   -103226.5106        43.8      -103118.9974      -107.5132 17m58s/Msamples
        8994000   -103231.8438        43.8      -103119.7918      -112.0519 17m58s/Msamples
        8995000   -103243.1237        43.8      -103127.3173      -115.8063 17m58s/Msamples
        8996000   -103231.7904        43.8      -103121.2188      -110.5715 17m58s/Msamples
        8997000   -103234.2462        43.8      -103117.9474      -116.2987 17m58s/Msamples
        8998000   -103241.6981        43.8      -103124.4624      -117.2357 17m58s/Msamples
        8999000   -103229.8287        43.8      -103118.4668      -111.3618 17m58s/Msamples
        9000000   -103243.1100        43.9      -103122.6326      -120.4773 17m58s/Msamples
        9001000   -103235.1431        43.9      -103119.8544      -115.2887 17m58s/Msamples
        9002000   -103233.6540        43.9      -103122.3358      -111.3181 17m58s/Msamples
        9003000   -103235.3713        43.9      -103121.3665      -114.0048 17m58s/Msamples
        9004000   -103222.9533        43.9      -103117.1341      -105.8191 17m58s/Msamples
        9005000   -103231.8227        43.9      -103121.3977      -110.4249 17m58s/Msamples
        9006000   -103242.5033        43.9      -103128.2760      -114.2273 17m58s/Msamples
        9007000   -103240.0145        43.9      -103125.9383      -114.0761 17m58s/Msamples
        9008000   -103234.6457        43.9      -103120.4633      -114.1824 17m58s/Msamples
        9009000   -103244.1558        43.9      -103124.2725      -119.8832 17m58s/Msamples
        9010000   -103245.2131        43.9      -103127.2867      -117.9263 17m58s/Msamples
        9011000   -103235.7455        43.9      -103121.2909      -114.4545 17m58s/Msamples
        9012000   -103230.2900        44.0      -103116.3980      -113.8919 17m58s/Msamples
        9013000   -103235.2091        44.0      -103124.8457      -110.3634 17m58s/Msamples
        9014000   -103244.7975        44.0      -103123.5901      -121.2074 17m58s/Msamples
        9015000   -103238.8989        44.0      -103118.1995      -120.6993 17m58s/Msamples
        9016000   -103229.2571        44.0      -103115.6240      -113.6331 17m58s/Msamples
        9017000   -103241.6799        44.0      -103125.0421      -116.6377 17m58s/Msamples
        9018000   -103244.3528        44.0      -103119.1716      -125.1812 17m58s/Msamples
        9019000   -103246.9273        44.0      -103120.1205      -126.8068 17m58s/Msamples
        9020000   -103249.7839        44.1      -103117.4124      -132.3715 17m58s/Msamples
        9021000   -103254.9532        44.1      -103124.5970      -130.3562 17m58s/Msamples
        9022000   -103255.6309        44.1      -103124.2866      -131.3442 17m58s/Msamples
        9023000   -103254.7800        44.1      -103125.0233      -129.7567 17m58s/Msamples
        9024000   -103259.1392        44.2      -103134.5486      -124.5906 17m58s/Msamples
        9025000   -103251.6970        44.2      -103125.9760      -125.7209 17m58s/Msamples
        9026000   -103243.7465        44.2      -103120.9987      -122.7478 17m58s/Msamples
        9027000   -103257.6645        44.2      -103130.4842      -127.1802 17m58s/Msamples
        9028000   -103256.7350        44.2      -103125.8675      -130.8675 17m58s/Msamples
        9029000   -103248.8625        44.3      -103122.7828      -126.0797 17m58s/Msamples
        9030000   -103255.7412        44.3      -103122.1833      -133.5578 17m58s/Msamples
        9031000   -103267.2957        44.3      -103129.6992      -137.5965 17m58s/Msamples
        9032000   -103262.3475        44.3      -103129.3111      -133.0364 17m58s/Msamples
        9033000   -103255.0723        44.4      -103125.3209      -129.7513 17m58s/Msamples
        9034000   -103266.8362        44.4      -103131.8411      -134.9950 17m58s/Msamples
        9035000   -103264.6412        44.4      -103137.4264      -127.2148 17m58s/Msamples
        9036000   -103268.6109        44.5      -103133.6266      -134.9843 17m58s/Msamples
        9037000   -103261.1444        44.5      -103134.1299      -127.0145 17m58s/Msamples
        9038000   -103262.9990        44.5      -103131.8167      -131.1823 17m58s/Msamples
        9039000   -103266.4163        44.6      -103139.9510      -126.4653 17m58s/Msamples
        9040000   -103264.4122        44.6      -103136.1324      -128.2797 17m58s/Msamples
        9041000   -103253.1829        44.6      -103125.9029      -127.2800 17m58s/Msamples
        9042000   -103248.0537        44.6      -103127.9716      -120.0821 17m58s/Msamples
        9043000   -103238.9653        44.6      -103122.0227      -116.9425 17m58s/Msamples
        9044000   -103242.1913        44.6      -103124.5239      -117.6673 17m58s/Msamples
        9045000   -103237.4927        44.6      -103125.3566      -112.1360 17m58s/Msamples
        9046000   -103242.4616        44.7      -103130.3628      -112.0988 17m58s/Msamples
        9047000   -103248.0145        44.7      -103128.8261      -119.1884 17m58s/Msamples
        9048000   -103236.2371        44.7      -103127.1328      -109.1043 17m58s/Msamples
        9049000   -103241.4319        44.7      -103124.5369      -116.8949 17m58s/Msamples
        9050000   -103241.7073        44.7      -103125.1614      -116.5459 17m58s/Msamples
        9051000   -103249.5858        44.7      -103129.5711      -120.0146 17m58s/Msamples
        9052000   -103247.0674        44.7      -103127.7741      -119.2932 17m58s/Msamples
        9053000   -103246.0869        44.7      -103125.2577      -120.8292 17m58s/Msamples
        9054000   -103251.3810        44.8      -103132.4850      -118.8960 17m58s/Msamples
        9055000   -103250.5443        44.8      -103126.2008      -124.3434 17m58s/Msamples
        9056000   -103236.9567        44.8      -103121.2142      -115.7424 17m58s/Msamples
        9057000   -103238.2379        44.8      -103121.9788      -116.2590 17m58s/Msamples
        9058000   -103238.0022        44.8      -103119.7108      -118.2913 17m58s/Msamples
        9059000   -103258.2036        44.8      -103132.0836      -126.1199 17m58s/Msamples
        9060000   -103244.1702        44.8      -103127.9774      -116.1927 17m58s/Msamples
        9061000   -103257.3448        44.8      -103136.6069      -120.7379 17m58s/Msamples
        9062000   -103256.3363        44.9      -103131.7138      -124.6224 17m58s/Msamples
        9063000   -103255.8377        44.9      -103136.1437      -119.6939 17m58s/Msamples
        9064000   -103266.0813        44.9      -103134.4844      -131.5969 17m58s/Msamples
        9065000   -103264.0640        44.9      -103142.6753      -121.3886 17m58s/Msamples
        9066000   -103270.3666        45.0      -103138.6896      -131.6770 17m58s/Msamples
        9067000   -103251.9668        45.0      -103131.0131      -120.9536 17m58s/Msamples
        9068000   -103242.5213        45.0      -103121.1715      -121.3498 17m58s/Msamples
        9069000   -103242.4691        45.0      -103123.4096      -119.0594 17m58s/Msamples
        9070000   -103245.1506        45.0      -103124.1650      -120.9855 17m58s/Msamples
        9071000   -103244.4049        45.0      -103123.4511      -120.9538 17m58s/Msamples
        9072000   -103253.8539        45.0      -103130.4514      -123.4024 17m58s/Msamples
        9073000   -103257.3120        45.0      -103135.0876      -122.2244 17m58s/Msamples
        9074000   -103250.9683        45.1      -103128.4694      -122.4988 17m58s/Msamples
        9075000   -103245.3020        45.1      -103133.4092      -111.8928 17m58s/Msamples
        9076000   -103244.7115        45.1      -103131.1757      -113.5357 17m58s/Msamples
        9077000   -103250.1106        45.1      -103129.9299      -120.1807 17m58s/Msamples
        9078000   -103250.8032        45.1      -103129.8119      -120.9912 17m58s/Msamples
        9079000   -103255.1404        45.1      -103135.6784      -119.4619 17m58s/Msamples
        9080000   -103253.8457        45.1      -103131.0484      -122.7973 17m58s/Msamples
        9081000   -103249.8260        45.1      -103132.4065      -117.4195 17m58s/Msamples
        9082000   -103255.6078        45.1      -103138.5066      -117.1012 17m58s/Msamples
        9083000   -103242.8267        45.2      -103125.7752      -117.0514 17m58s/Msamples
        9084000   -103258.1376        45.2      -103135.2995      -122.8380 17m58s/Msamples
        9085000   -103264.5221        45.2      -103140.1737      -124.3483 17m58s/Msamples
        9086000   -103274.1363        45.2      -103139.8899      -134.2464 17m58s/Msamples
        9087000   -103270.3874        45.3      -103138.5817      -131.8056 17m58s/Msamples
        9088000   -103266.2174        45.3      -103141.5338      -124.6836 17m58s/Msamples
        9089000   -103264.6009        45.3      -103144.1871      -120.4138 17m58s/Msamples
        9090000   -103268.4585        45.3      -103147.2021      -121.2564 17m58s/Msamples
        9091000   -103265.4481        45.3      -103140.2761      -125.1720 17m58s/Msamples
        9092000   -103226.7570        45.3      -103116.3982      -110.3588 17m58s/Msamples
        9093000   -103216.2792        45.4      -103115.2855      -100.9937 17m58s/Msamples
        9094000   -103219.3420        45.4      -103112.3114      -107.0306 17m58s/Msamples
        9095000   -103235.6613        45.4      -103121.3769      -114.2843 17m58s/Msamples
        9096000   -103234.8993        45.4      -103117.4760      -117.4232 17m58s/Msamples
        9097000   -103244.7437        45.4      -103122.3178      -122.4258 17m58s/Msamples
        9098000   -103233.4869        45.4      -103115.6835      -117.8034 17m58s/Msamples
        9099000   -103259.7936        45.4      -103126.2711      -133.5225 17m58s/Msamples
        9100000   -103250.0140        45.4      -103126.8512      -123.1628 17m58s/Msamples
        9101000   -103258.5278        45.4      -103130.4397      -128.0881 17m58s/Msamples
        9102000   -103241.2915        45.4      -103118.9338      -122.3576 17m58s/Msamples
        9103000   -103241.1650        45.4      -103119.6841      -121.4808 17m58s/Msamples
        9104000   -103233.7745        45.4      -103117.2988      -116.4757 17m58s/Msamples
        9105000   -103245.6374        45.4      -103118.9134      -126.7240 17m58s/Msamples
        9106000   -103268.8603        45.5      -103131.0497      -137.8106 17m58s/Msamples
        9107000   -103246.2073        45.5      -103125.8843      -120.3229 17m58s/Msamples
        9108000   -103249.3500        45.5      -103125.4011      -123.9489 17m58s/Msamples
        9109000   -103244.9653        45.5      -103126.2612      -118.7040 17m58s/Msamples
        9110000   -103247.4772        45.5      -103127.9222      -119.5550 17m58s/Msamples
        9111000   -103248.8457        45.5      -103128.4992      -120.3464 17m58s/Msamples
        9112000   -103246.5632        45.5      -103123.8080      -122.7551 17m58s/Msamples
        9113000   -103241.0851        45.5      -103123.7374      -117.3477 17m58s/Msamples
        9114000   -103247.3384        45.5      -103130.3733      -116.9650 17m58s/Msamples
        9115000   -103258.1662        45.5      -103129.5061      -128.6600 17m58s/Msamples
        9116000   -103249.0351        45.5      -103126.6615      -122.3736 17m58s/Msamples
        9117000   -103251.6721        45.6      -103128.5653      -123.1067 17m58s/Msamples
        9118000   -103248.9032        45.6      -103125.5389      -123.3642 17m58s/Msamples
        9119000   -103247.2288        45.6      -103124.1435      -123.0852 17m58s/Msamples
        9120000   -103254.1315        45.6      -103129.3664      -124.7651 17m58s/Msamples
        9121000   -103255.7307        45.6      -103131.6138      -124.1169 17m58s/Msamples
        9122000   -103244.3668        45.6      -103122.8265      -121.5403 17m58s/Msamples
        9123000   -103233.1610        45.6      -103111.9914      -121.1696 17m58s/Msamples
        9124000   -103225.6758        45.6      -103122.5202      -103.1556 17m58s/Msamples
        9125000   -103225.6557        45.6      -103116.1315      -109.5241 17m58s/Msamples
        9126000   -103233.4064        45.6      -103120.8459      -112.5604 17m58s/Msamples
        9127000   -103226.6681        45.6      -103118.7285      -107.9396 17m58s/Msamples
        9128000   -103233.1607        45.6      -103122.3815      -110.7792 17m58s/Msamples
        9129000   -103243.3661        45.6      -103134.6725      -108.6935 17m58s/Msamples
        9130000   -103237.5557        45.6      -103133.2330      -104.3227 17m58s/Msamples
        9131000   -103236.6661        45.7      -103131.1618      -105.5043 17m58s/Msamples
        9132000   -103221.6233        45.7      -103121.4028      -100.2205 17m58s/Msamples
        9133000   -103229.6995        45.7      -103128.6886      -101.0108 17m58s/Msamples
        9134000   -103236.1004        45.7      -103139.6612       -96.4392 17m58s/Msamples
        9135000   -103241.3344        45.7      -103134.5966      -106.7377 17m58s/Msamples
        9136000   -103244.8390        45.7      -103134.7870      -110.0520 17m58s/Msamples
        9137000   -103248.2661        45.7      -103133.1941      -115.0719 17m58s/Msamples
        9138000   -103238.1752        45.7      -103128.1637      -110.0114 17m58s/Msamples
        9139000   -103237.2941        45.7      -103128.2758      -109.0183 17m58s/Msamples
        9140000   -103240.2851        45.7      -103134.4526      -105.8324 17m58s/Msamples
        9141000   -103232.2108        45.7      -103130.1531      -102.0577 17m58s/Msamples
        9142000   -103245.2260        45.7      -103142.6283      -102.5976 17m58s/Msamples
        9143000   -103242.7230        45.7      -103138.3901      -104.3328 17m58s/Msamples
        9144000   -103247.7350        45.7      -103139.3039      -108.4311 17m58s/Msamples
        9145000   -103226.2722        45.7      -103126.4651       -99.8070 17m58s/Msamples
        9146000   -103225.4294        45.7      -103129.3591       -96.0702 17m58s/Msamples
        9147000   -103221.2271        45.8      -103125.3565       -95.8705 17m58s/Msamples
        9148000   -103229.8893        45.8      -103128.6532      -101.2361 17m58s/Msamples
        9149000   -103236.1385        45.8      -103134.2344      -101.9040 17m58s/Msamples
        9150000   -103238.8988        45.8      -103138.2569      -100.6419 17m58s/Msamples
        9151000   -103220.4510        45.8      -103123.6478       -96.8031 17m58s/Msamples
        9152000   -103218.1736        45.8      -103121.6339       -96.5396 17m58s/Msamples
        9153000   -103213.4533        45.8      -103122.0468       -91.4065 17m58s/Msamples
        9154000   -103213.8439        45.8      -103115.3147       -98.5291 17m58s/Msamples
        9155000   -103224.2384        45.8      -103123.2214      -101.0170 17m58s/Msamples
        9156000   -103223.5761        45.8      -103120.4057      -103.1704 17m58s/Msamples
        9157000   -103217.4435        45.9      -103120.5252       -96.9183 17m58s/Msamples
        9158000   -103207.3667        45.9      -103117.7022       -89.6644 17m58s/Msamples
        9159000   -103212.8202        45.9      -103123.9610       -88.8592 17m58s/Msamples
        9160000   -103214.1865        45.9      -103124.9113       -89.2751 17m58s/Msamples
        9161000   -103221.5785        45.9      -103127.0889       -94.4895 17m58s/Msamples
        9162000   -103226.5529        45.9      -103119.5571      -106.9957 17m58s/Msamples
        9163000   -103212.5524        45.9      -103108.5858      -103.9666 17m58s/Msamples
        9164000   -103215.3362        46.0      -103114.2435      -101.0926 17m58s/Msamples
        9165000   -103226.2134        46.0      -103118.8591      -107.3542 17m58s/Msamples
        9166000   -103227.7932        46.0      -103116.0915      -111.7017 17m58s/Msamples
        9167000   -103222.3148        46.0      -103113.0331      -109.2817 17m58s/Msamples
        9168000   -103237.5701        46.0      -103122.7289      -114.8412 17m58s/Msamples
        9169000   -103216.4617        46.0      -103117.3562       -99.1055 17m58s/Msamples
        9170000   -103230.9855        46.0      -103119.8837      -111.1018 17m58s/Msamples
        9171000   -103231.5745        46.0      -103123.9698      -107.6047 17m58s/Msamples
        9172000   -103227.3632        46.0      -103129.0513       -98.3119 17m58s/Msamples
        9173000   -103219.4431        46.0      -103124.4340       -95.0091 17m58s/Msamples
        9174000   -103221.7026        46.0      -103122.3520       -99.3505 17m58s/Msamples
        9175000   -103221.2976        46.0      -103119.8903      -101.4073 17m58s/Msamples
        9176000   -103210.6330        46.1      -103112.8393       -97.7936 17m58s/Msamples
        9177000   -103201.0928        46.1      -103109.6066       -91.4862 17m58s/Msamples
        9178000   -103201.2412        46.1      -103107.1644       -94.0767 17m58s/Msamples
        9179000   -103212.3828        46.1      -103114.5964       -97.7863 17m58s/Msamples
        9180000   -103214.1611        46.1      -103110.9685      -103.1926 17m58s/Msamples
        9181000   -103218.9975        46.1      -103116.4639      -102.5336 17m58s/Msamples
        9182000   -103208.0147        46.2      -103110.7715       -97.2431 17m58s/Msamples
        9183000   -103214.5071        46.2      -103116.6388       -97.8683 17m58s/Msamples
        9184000   -103223.3969        46.2      -103117.1613      -106.2356 17m58s/Msamples
        9185000   -103231.4750        46.2      -103124.6632      -106.8117 17m58s/Msamples
        9186000   -103226.7515        46.2      -103120.2835      -106.4680 17m58s/Msamples
        9187000   -103217.0345        46.2      -103118.1192       -98.9153 17m58s/Msamples
        9188000   -103220.8534        46.2      -103115.4328      -105.4206 17m58s/Msamples
        9189000   -103215.8706        46.2      -103119.3902       -96.4804 17m58s/Msamples
        9190000   -103226.3768        46.2      -103125.5518      -100.8249 17m58s/Msamples
        9191000   -103230.4658        46.2      -103126.2349      -104.2309 17m58s/Msamples
        9192000   -103218.7972        46.3      -103117.6985      -101.0986 17m58s/Msamples
        9193000   -103217.1778        46.3      -103111.8864      -105.2913 17m58s/Msamples
        9194000   -103233.9918        46.3      -103129.1205      -104.8712 17m58s/Msamples
        9195000   -103232.7692        46.3      -103121.2035      -111.5656 17m58s/Msamples
        9196000   -103223.5501        46.3      -103118.0479      -105.5021 17m58s/Msamples
        9197000   -103234.7588        46.3      -103125.9363      -108.8224 17m58s/Msamples
        9198000   -103241.6773        46.3      -103127.9920      -113.6852 17m58s/Msamples
        9199000   -103239.4281        46.3      -103124.3202      -115.1078 17m58s/Msamples
        9200000   -103247.8911        46.3      -103133.0507      -114.8403 17m58s/Msamples
        9201000   -103229.8061        46.3      -103125.2242      -104.5818 17m58s/Msamples
        9202000   -103231.4401        46.3      -103126.5604      -104.8797 17m58s/Msamples
        9203000   -103237.5188        46.3      -103125.3849      -112.1339 17m58s/Msamples
        9204000   -103224.6075        46.3      -103125.3929       -99.2146 17m58s/Msamples
        9205000   -103229.0941        46.3      -103126.9181      -102.1759 17m58s/Msamples
        9206000   -103227.0863        46.3      -103122.9851      -104.1011 17m58s/Msamples
        9207000   -103226.0270        46.4      -103125.5669      -100.4600 17m58s/Msamples
        9208000   -103222.0987        46.4      -103122.0064      -100.0922 17m58s/Msamples
        9209000   -103226.7308        46.4      -103122.4385      -104.2923 17m58s/Msamples
        9210000   -103220.1717        46.4      -103115.4546      -104.7171 17m58s/Msamples
        9211000   -103222.5760        46.4      -103118.6638      -103.9121 17m58s/Msamples
        9212000   -103224.4538        46.4      -103117.7687      -106.6851 17m58s/Msamples
        9213000   -103220.8319        46.4      -103118.1915      -102.6403 17m58s/Msamples
        9214000   -103219.4922        46.4      -103121.7125       -97.7796 17m58s/Msamples
        9215000   -103227.9301        46.4      -103130.9375       -96.9926 17m58s/Msamples
        9216000   -103236.7759        46.4      -103129.7663      -107.0096 17m58s/Msamples
        9217000   -103243.9091        46.4      -103134.4780      -109.4311 17m58s/Msamples
        9218000   -103239.4486        46.4      -103137.3215      -102.1270 17m58s/Msamples
        9219000   -103243.3925        46.4      -103138.5740      -104.8185 17m58s/Msamples
        9220000   -103232.7190        46.4      -103134.5578       -98.1612 17m58s/Msamples
        9221000   -103241.8776        46.5      -103132.5648      -109.3128 17m58s/Msamples
        9222000   -103237.0795        46.5      -103130.4418      -106.6376 17m58s/Msamples
        9223000   -103242.7915        46.5      -103134.3328      -108.4586 17m58s/Msamples
        9224000   -103243.5676        46.5      -103130.3898      -113.1778 17m58s/Msamples
        9225000   -103241.5251        46.5      -103131.4541      -110.0710 17m58s/Msamples
        9226000   -103245.4298        46.5      -103124.6415      -120.7883 17m58s/Msamples
        9227000   -103244.1600        46.5      -103127.7817      -116.3783 17m58s/Msamples
        9228000   -103249.3456        46.5      -103137.5251      -111.8205 17m58s/Msamples
        9229000   -103254.2956        46.5      -103137.4733      -116.8222 17m58s/Msamples
        9230000   -103249.4593        46.5      -103129.3739      -120.0853 17m58s/Msamples
        9231000   -103255.6469        46.5      -103133.9139      -121.7330 17m58s/Msamples
        9232000   -103271.3254        46.5      -103140.2570      -131.0683 17m58s/Msamples
        9233000   -103264.1644        46.6      -103133.6941      -130.4702 17m58s/Msamples
        9234000   -103250.7932        46.6      -103126.6268      -124.1664 17m58s/Msamples
        9235000   -103249.8628        46.6      -103131.2395      -118.6233 17m58s/Msamples
        9236000   -103240.0822        46.6      -103128.0898      -111.9924 17m58s/Msamples
        9237000   -103242.3398        46.6      -103131.8826      -110.4571 17m58s/Msamples
        9238000   -103234.5103        46.6      -103126.6096      -107.9006 17m58s/Msamples
        9239000   -103231.5950        46.6      -103128.7484      -102.8466 17m58s/Msamples
        9240000   -103229.6549        46.6      -103120.6651      -108.9897 17m58s/Msamples
        9241000   -103230.1134        46.6      -103122.4132      -107.7001 17m58s/Msamples
        9242000   -103224.1993        46.6      -103120.0812      -104.1181 17m58s/Msamples
        9243000   -103233.6906        46.6      -103123.3092      -110.3814 17m58s/Msamples
        9244000   -103231.9001        46.6      -103119.1229      -112.7771 17m58s/Msamples
        9245000   -103242.1682        46.6      -103118.9471      -123.2210 17m58s/Msamples
        9246000   -103232.4273        46.6      -103113.4483      -118.9790 17m58s/Msamples
        9247000   -103218.2852        46.6      -103114.2095      -104.0757 17m58s/Msamples
        9248000   -103237.8108        46.6      -103123.7518      -114.0589 17m58s/Msamples
        9249000   -103224.2973        46.7      -103111.0586      -113.2386 17m58s/Msamples
        9250000   -103220.5922        46.7      -103107.9480      -112.6442 17m58s/Msamples
        9251000   -103218.8671        46.7      -103113.6225      -105.2446 17m58s/Msamples
        9252000   -103224.5735        46.7      -103118.6536      -105.9198 17m58s/Msamples
        9253000   -103234.5099        46.7      -103122.5594      -111.9505 17m58s/Msamples
        9254000   -103221.1820        46.7      -103117.8418      -103.3401 17m58s/Msamples
        9255000   -103214.9276        46.7      -103114.4790      -100.4485 17m58s/Msamples
        9256000   -103218.7470        46.7      -103116.4864      -102.2605 17m58s/Msamples
        9257000   -103217.6001        46.7      -103111.9848      -105.6152 17m58s/Msamples
        9258000   -103233.6012        46.7      -103122.8082      -110.7930 17m58s/Msamples
        9259000   -103230.3714        46.8      -103129.7569      -100.6144 17m58s/Msamples
        9260000   -103226.8817        46.8      -103126.6144      -100.2672 17m58s/Msamples
        9261000   -103226.1856        46.8      -103120.0797      -106.1058 17m58s/Msamples
        9262000   -103244.0620        46.8      -103133.0495      -111.0124 17m58s/Msamples
        9263000   -103242.6451        46.8      -103131.1633      -111.4818 17m58s/Msamples
        9264000   -103227.3584        46.8      -103126.4551      -100.9032 17m58s/Msamples
        9265000   -103222.9547        46.8      -103117.5811      -105.3736 17m58s/Msamples
        9266000   -103229.0276        46.8      -103123.0886      -105.9390 17m58s/Msamples
        9267000   -103229.3187        46.8      -103123.9169      -105.4018 17m58s/Msamples
        9268000   -103239.1430        46.8      -103127.3965      -111.7464 17m58s/Msamples
        9269000   -103239.0481        46.8      -103127.9250      -111.1230 17m58s/Msamples
        9270000   -103236.1215        46.8      -103126.6911      -109.4304 17m58s/Msamples
        9271000   -103228.8362        46.8      -103125.7153      -103.1209 17m58s/Msamples
        9272000   -103230.9256        46.8      -103127.3757      -103.5499 17m58s/Msamples
        9273000   -103245.4473        46.8      -103132.2236      -113.2236 17m58s/Msamples
        9274000   -103250.1895        46.8      -103132.9200      -117.2695 17m58s/Msamples
        9275000   -103241.1512        46.9      -103124.1998      -116.9513 17m58s/Msamples
        9276000   -103229.3736        46.9      -103118.4113      -110.9623 17m58s/Msamples
        9277000   -103236.3696        46.9      -103121.1364      -115.2332 17m58s/Msamples
        9278000   -103241.3856        46.9      -103123.8470      -117.5386 17m58s/Msamples
        9279000   -103232.9908        46.9      -103122.1357      -110.8551 17m58s/Msamples
        9280000   -103228.1364        46.9      -103118.3595      -109.7769 17m58s/Msamples
        9281000   -103220.6106        46.9      -103112.4139      -108.1966 17m58s/Msamples
        9282000   -103221.2510        46.9      -103118.8053      -102.4457 17m58s/Msamples
        9283000   -103215.0094        46.9      -103116.0858       -98.9236 17m58s/Msamples
        9284000   -103216.1701        46.9      -103113.2174      -102.9526 17m58s/Msamples
        9285000   -103221.3028        46.9      -103120.8837      -100.4190 17m58s/Msamples
        9286000   -103228.4930        46.9      -103125.5517      -102.9413 17m58s/Msamples
        9287000   -103222.4552        47.0      -103120.5442      -101.9109 17m58s/Msamples
        9288000   -103232.8445        47.0      -103122.6808      -110.1636 17m58s/Msamples
        9289000   -103227.8323        47.0      -103122.1837      -105.6486 17m58s/Msamples
        9290000   -103236.3814        47.0      -103123.8994      -112.4819 17m58s/Msamples
        9291000   -103233.0322        47.0      -103121.0529      -111.9792 17m58s/Msamples
        9292000   -103233.0151        47.0      -103125.1948      -107.8203 17m58s/Msamples
        9293000   -103231.7111        47.0      -103122.0247      -109.6863 17m58s/Msamples
        9294000   -103237.4124        47.0      -103130.2936      -107.1187 17m58s/Msamples
        9295000   -103232.4477        47.0      -103124.7565      -107.6911 17m58s/Msamples
        9296000   -103226.7692        47.0      -103118.6500      -108.1191 17m58s/Msamples
        9297000   -103221.6144        47.0      -103119.7959      -101.8185 17m58s/Msamples
        9298000   -103218.1411        47.0      -103118.2858       -99.8553 17m58s/Msamples
        9299000   -103226.9488        47.0      -103118.9211      -108.0276 17m58s/Msamples
        9300000   -103231.9271        47.0      -103122.1750      -109.7520 17m58s/Msamples
        9301000   -103213.1730        47.1      -103108.8385      -104.3345 17m58s/Msamples
        9302000   -103214.3958        47.1      -103109.3996      -104.9961 17m58s/Msamples
        9303000   -103210.0532        47.1      -103108.7152      -101.3379 17m58s/Msamples
        9304000   -103217.5044        47.1      -103115.0520      -102.4523 17m58s/Msamples
        9305000   -103206.6309        47.1      -103108.0154       -98.6154 17m58s/Msamples
        9306000   -103186.8596        47.2      -103101.0089       -85.8507 17m58s/Msamples
        9307000   -103206.7628        47.2      -103111.1946       -95.5681 17m58s/Msamples
        9308000   -103200.9178        47.2      -103108.5214       -92.3963 17m58s/Msamples
        9309000   -103212.0738        47.2      -103116.0447       -96.0290 17m58s/Msamples
        9310000   -103201.9762        47.3      -103115.3022       -86.6739 17m58s/Msamples
        9311000   -103208.9845        47.3      -103109.8340       -99.1505 17m58s/Msamples
        9312000   -103206.3549        47.3      -103108.1500       -98.2049 17m58s/Msamples
        9313000   -103208.9226        47.3      -103111.6073       -97.3153 17m58s/Msamples
        9314000   -103205.4202        47.4      -103115.7697       -89.6505 17m58s/Msamples
        9315000   -103201.6023        47.4      -103115.4376       -86.1646 17m58s/Msamples
        9316000   -103207.6500        47.4      -103116.0132       -91.6367 17m58s/Msamples
        9317000   -103199.8212        47.4      -103113.0580       -86.7632 17m58s/Msamples
        9318000   -103208.0680        47.4      -103114.1561       -93.9119 17m58s/Msamples
        9319000   -103211.5041        47.5      -103115.7077       -95.7963 17m58s/Msamples
        9320000   -103214.0050        47.5      -103117.7037       -96.3013 17m58s/Msamples
        9321000   -103211.5108        47.5      -103123.5202       -87.9905 17m58s/Msamples
        9322000   -103210.1362        47.5      -103116.8772       -93.2590 17m58s/Msamples
        9323000   -103202.4181        47.5      -103113.7795       -88.6385 17m58s/Msamples
        9324000   -103197.2264        47.6      -103104.8215       -92.4048 17m58s/Msamples
        9325000   -103196.3425        47.6      -103103.3134       -93.0291 17m58s/Msamples
        9326000   -103198.1744        47.6      -103107.7547       -90.4196 17m58s/Msamples
        9327000   -103217.3132        47.6      -103115.1134      -102.1997 17m58s/Msamples
        9328000   -103223.1175        47.6      -103121.0224      -102.0951 17m58s/Msamples
        9329000   -103224.6220        47.6      -103115.1707      -109.4512 17m58s/Msamples
        9330000   -103218.6705        47.7      -103118.4829      -100.1876 17m58s/Msamples
        9331000   -103222.4635        47.7      -103116.7642      -105.6993 17m58s/Msamples
        9332000   -103224.7017        47.7      -103119.6515      -105.0502 17m58s/Msamples
        9333000   -103228.2294        47.7      -103123.9010      -104.3283 17m58s/Msamples
        9334000   -103205.6212        47.7      -103110.4120       -95.2091 17m58s/Msamples
        9335000   -103203.8671        47.7      -103111.4840       -92.3831 17m58s/Msamples
        9336000   -103204.5227        47.7      -103112.2299       -92.2928 17m58s/Msamples
        9337000   -103216.0802        47.8      -103116.6972       -99.3829 17m58s/Msamples
        9338000   -103216.9465        47.8      -103120.2117       -96.7348 17m58s/Msamples
        9339000   -103217.6862        47.8      -103121.9628       -95.7233 17m58s/Msamples
        9340000   -103206.5303        47.8      -103121.4415       -85.0887 17m58s/Msamples
        9341000   -103215.7877        47.8      -103124.2816       -91.5061 17m58s/Msamples
        9342000   -103226.2763        47.8      -103121.7810      -104.4952 17m58s/Msamples
        9343000   -103217.0700        47.8      -103114.6399      -102.4300 17m58s/Msamples
        9344000   -103215.9552        47.8      -103116.2428       -99.7124 17m58s/Msamples
        9345000   -103233.2054        47.8      -103123.2632      -109.9422 17m58s/Msamples
        9346000   -103224.4714        47.8      -103121.5947      -102.8766 17m58s/Msamples
        9347000   -103223.9442        47.8      -103123.3190      -100.6251 17m58s/Msamples
        9348000   -103225.1981        47.9      -103121.4384      -103.7596 17m58s/Msamples
        9349000   -103219.8769        47.9      -103117.1393      -102.7375 17m58s/Msamples
        9350000   -103223.9678        47.9      -103120.4739      -103.4939 17m58s/Msamples
        9351000   -103234.3079        47.9      -103123.8985      -110.4093 17m58s/Msamples
        9352000   -103228.6508        47.9      -103123.5727      -105.0781 17m58s/Msamples
        9353000   -103232.8512        47.9      -103132.6793      -100.1718 17m58s/Msamples
        9354000   -103221.0867        47.9      -103121.2897       -99.7970 17m58s/Msamples
        9355000   -103229.5740        47.9      -103118.2978      -111.2761 17m58s/Msamples
        9356000   -103219.4653        47.9      -103118.7655      -100.6997 17m58s/Msamples
        9357000   -103224.2533        47.9      -103120.2594      -103.9938 17m58s/Msamples
        9358000   -103218.8282        47.9      -103112.6474      -106.1808 17m58s/Msamples
        9359000   -103222.4135        47.9      -103117.1314      -105.2820 17m58s/Msamples
        9360000   -103227.2725        47.9      -103121.0013      -106.2712 17m58s/Msamples
        9361000   -103228.8526        47.9      -103127.1334      -101.7192 17m58s/Msamples
        9362000   -103224.9865        47.9      -103128.1119       -96.8746 17m58s/Msamples
        9363000   -103222.2985        47.9      -103117.7110      -104.5874 17m58s/Msamples
        9364000   -103233.2034        48.0      -103122.1540      -111.0493 17m58s/Msamples
        9365000   -103212.1646        48.0      -103113.6964       -98.4682 17m58s/Msamples
        9366000   -103199.9964        48.0      -103109.7424       -90.2539 17m58s/Msamples
        9367000   -103218.1677        48.0      -103115.7669      -102.4007 17m58s/Msamples
        9368000   -103208.2702        48.0      -103113.1720       -95.0982 17m58s/Msamples
        9369000   -103210.0859        48.0      -103111.4053       -98.6805 17m58s/Msamples
        9370000   -103209.2151        48.0      -103115.0725       -94.1425 17m58s/Msamples
        9371000   -103205.5380        48.1      -103111.5031       -94.0349 17m58s/Msamples
        9372000   -103221.4456        48.1      -103111.3209      -110.1247 17m58s/Msamples
        9373000   -103215.2089        48.1      -103111.3377      -103.8711 17m58s/Msamples
        9374000   -103221.6729        48.1      -103114.9050      -106.7679 17m58s/Msamples
        9375000   -103213.6595        48.1      -103110.7234      -102.9360 17m58s/Msamples
        9376000   -103227.8107        48.1      -103118.3241      -109.4865 17m58s/Msamples
        9377000   -103242.1110        48.1      -103125.3661      -116.7448 17m58s/Msamples
        9378000   -103233.4435        48.1      -103120.2400      -113.2034 17m58s/Msamples
        9379000   -103223.8928        48.1      -103116.6395      -107.2533 17m58s/Msamples
        9380000   -103220.1519        48.1      -103117.1900      -102.9619 17m58s/Msamples
        9381000   -103218.1827        48.1      -103123.7146       -94.4681 17m58s/Msamples
        9382000   -103214.9979        48.1      -103115.0832       -99.9147 17m58s/Msamples
        9383000   -103223.3131        48.1      -103122.8652      -100.4479 17m58s/Msamples
        9384000   -103223.4939        48.1      -103122.0536      -101.4403 17m58s/Msamples
        9385000   -103232.4156        48.2      -103124.6693      -107.7462 17m58s/Msamples
        9386000   -103235.1832        48.2      -103131.9676      -103.2155 17m58s/Msamples
        9387000   -103241.2212        48.2      -103144.2526       -96.9685 17m58s/Msamples
        9388000   -103242.9161        48.2      -103143.2551       -99.6609 17m58s/Msamples
        9389000   -103251.3990        48.2      -103151.5671       -99.8318 17m58s/Msamples
        9390000   -103249.9496        48.2      -103145.9941      -103.9554 17m58s/Msamples
        9391000   -103258.5457        48.2      -103142.7434      -115.8022 17m58s/Msamples
        9392000   -103235.0786        48.2      -103128.4340      -106.6445 17m58s/Msamples
        9393000   -103232.5600        48.2      -103127.2265      -105.3335 17m58s/Msamples
        9394000   -103228.2775        48.2      -103123.9050      -104.3725 17m58s/Msamples
        9395000   -103233.8706        48.2      -103128.8740      -104.9966 17m58s/Msamples
        9396000   -103231.8560        48.2      -103126.2917      -105.5642 17m58s/Msamples
        9397000   -103230.6198        48.2      -103130.7442       -99.8755 17m58s/Msamples
        9398000   -103224.3786        48.2      -103125.9156       -98.4630 17m58s/Msamples
        9399000   -103212.7363        48.2      -103119.0103       -93.7260 17m58s/Msamples
        9400000   -103220.1939        48.3      -103130.7886       -89.4053 17m58s/Msamples
        9401000   -103204.7338        48.3      -103122.9580       -81.7758 17m58s/Msamples
        9402000   -103206.9953        48.3      -103114.3979       -92.5974 17m58s/Msamples
        9403000   -103218.2675        48.3      -103128.4464       -89.8211 17m58s/Msamples
        9404000   -103225.5549        48.3      -103133.7835       -91.7714 17m58s/Msamples
        9405000   -103224.7092        48.3      -103132.4117       -92.2975 17m58s/Msamples
        9406000   -103224.6195        48.3      -103126.8876       -97.7318 17m58s/Msamples
        9407000   -103223.2390        48.3      -103127.0639       -96.1751 17m58s/Msamples
        9408000   -103226.5758        48.3      -103132.4279       -94.1478 17m58s/Msamples
        9409000   -103231.1535        48.3      -103129.8637      -101.2898 17m58s/Msamples
        9410000   -103213.1189        48.3      -103117.3971       -95.7217 17m58s/Msamples
        9411000   -103222.6221        48.3      -103122.6419       -99.9802 17m58s/Msamples
        9412000   -103229.1654        48.3      -103125.0643      -104.1010 17m58s/Msamples
        9413000   -103225.5397        48.3      -103131.0126       -94.5270 17m58s/Msamples
        9414000   -103221.2003        48.3      -103126.7089       -94.4913 17m58s/Msamples
        9415000   -103228.7911        48.3      -103131.1970       -97.5941 17m58s/Msamples
        9416000   -103222.1090        48.4      -103123.8899       -98.2190 17m58s/Msamples
        9417000   -103224.5855        48.4      -103126.5270       -98.0584 17m58s/Msamples
        9418000   -103228.2713        48.4      -103117.2157      -111.0556 17m58s/Msamples
        9419000   -103238.6354        48.4      -103122.0607      -116.5747 17m58s/Msamples
        9420000   -103231.1682        48.4      -103124.0192      -107.1490 17m58s/Msamples
        9421000   -103220.8569        48.4      -103117.3816      -103.4752 17m58s/Msamples
        9422000   -103222.9816        48.4      -103110.1249      -112.8567 17m58s/Msamples
        9423000   -103237.7008        48.4      -103114.2932      -123.4075 17m58s/Msamples
        9424000   -103230.8413        48.4      -103117.4674      -113.3739 17m58s/Msamples
        9425000   -103221.9181        48.4      -103116.3707      -105.5474 17m58s/Msamples
        9426000   -103217.5232        48.4      -103118.1269       -99.3962 17m58s/Msamples
        9427000   -103219.8704        48.4      -103120.4043       -99.4661 17m58s/Msamples
        9428000   -103212.9954        48.4      -103115.1927       -97.8027 17m58s/Msamples
        9429000   -103223.1996        48.4      -103123.0975      -100.1021 17m58s/Msamples
        9430000   -103209.2369        48.4      -103114.9264       -94.3105 17m58s/Msamples
        9431000   -103210.1700        48.4      -103124.9932       -85.1768 17m58s/Msamples
        9432000   -103204.7177        48.4      -103119.2453       -85.4724 17m58s/Msamples
        9433000   -103195.4725        48.5      -103111.8520       -83.6204 17m58s/Msamples
        9434000   -103203.7045        48.5      -103119.9428       -83.7616 17m58s/Msamples
        9435000   -103215.0758        48.5      -103124.0297       -91.0461 17m58s/Msamples
        9436000   -103218.1983        48.5      -103125.6650       -92.5332 17m58s/Msamples
        9437000   -103225.7265        48.5      -103129.2302       -96.4962 17m58s/Msamples
        9438000   -103232.6891        48.5      -103124.8249      -107.8642 17m58s/Msamples
        9439000   -103220.8856        48.5      -103120.8357      -100.0499 17m58s/Msamples
        9440000   -103226.8163        48.5      -103128.0487       -98.7676 17m58s/Msamples
        9441000   -103223.2987        48.5      -103130.2720       -93.0267 17m58s/Msamples
        9442000   -103196.6675        48.5      -103114.8445       -81.8229 17m58s/Msamples
        9443000   -103207.3116        48.5      -103124.0398       -83.2718 17m58s/Msamples
        9444000   -103201.5934        48.5      -103122.6376       -78.9557 17m58s/Msamples
        9445000   -103205.5445        48.6      -103124.2132       -81.3313 17m58s/Msamples
        9446000   -103223.1094        48.6      -103133.3733       -89.7360 17m58s/Msamples
        9447000   -103218.6910        48.6      -103128.0181       -90.6729 17m58s/Msamples
        9448000   -103200.4585        48.6      -103123.4046       -77.0538 17m58s/Msamples
        9449000   -103203.3087        48.6      -103117.3630       -85.9456 17m58s/Msamples
        9450000   -103208.4168        48.6      -103111.3652       -97.0515 17m58s/Msamples
        9451000   -103198.0206        48.6      -103116.4778       -81.5427 17m58s/Msamples
        9452000   -103199.4093        48.6      -103120.2569       -79.1524 17m58s/Msamples
        9453000   -103201.8746        48.6      -103121.9751       -79.8995 17m58s/Msamples
        9454000   -103207.1186        48.6      -103125.2493       -81.8693 17m58s/Msamples
        9455000   -103215.6059        48.6      -103124.8217       -90.7841 17m58s/Msamples
        9456000   -103219.4415        48.6      -103125.2974       -94.1441 17m58s/Msamples
        9457000   -103217.2813        48.6      -103125.7304       -91.5508 17m58s/Msamples
        9458000   -103235.2337        48.6      -103131.2048      -104.0289 17m58s/Msamples
        9459000   -103222.2066        48.6      -103131.6837       -90.5229 17m58s/Msamples
        9460000   -103216.6555        48.6      -103124.8312       -91.8242 17m58s/Msamples
        9461000   -103213.2895        48.6      -103121.2259       -92.0635 17m58s/Msamples
        9462000   -103215.1412        48.7      -103119.1562       -95.9849 17m58s/Msamples
        9463000   -103210.5530        48.7      -103120.2191       -90.3338 17m58s/Msamples
        9464000   -103216.1891        48.7      -103123.3035       -92.8856 17m58s/Msamples
        9465000   -103219.9138        48.7      -103128.3928       -91.5210 17m58s/Msamples
        9466000   -103211.9434        48.7      -103122.6471       -89.2963 17m58s/Msamples
        9467000   -103208.2380        48.7      -103122.0849       -86.1531 17m58s/Msamples
        9468000   -103208.1418        48.7      -103122.6595       -85.4822 17m58s/Msamples
        9469000   -103213.2936        48.7      -103121.0921       -92.2014 17m58s/Msamples
        9470000   -103209.8571        48.7      -103119.6278       -90.2293 17m58s/Msamples
        9471000   -103220.6173        48.7      -103126.4183       -94.1990 17m58s/Msamples
        9472000   -103223.7781        48.7      -103127.7109       -96.0672 17m58s/Msamples
        9473000   -103213.4958        48.7      -103124.9735       -88.5223 17m58s/Msamples
        9474000   -103200.3876        48.7      -103117.4681       -82.9195 17m58s/Msamples
        9475000   -103212.0583        48.7      -103120.8337       -91.2246 17m58s/Msamples
        9476000   -103214.9514        48.7      -103122.0814       -92.8700 17m58s/Msamples
        9477000   -103222.5026        48.7      -103127.5595       -94.9430 17m58s/Msamples
        9478000   -103208.3518        48.7      -103122.8633       -85.4884 17m58s/Msamples
        9479000   -103221.8984        48.7      -103124.6515       -97.2469 17m58s/Msamples
        9480000   -103202.3874        48.7      -103126.1468       -76.2406 17m58s/Msamples
        9481000   -103202.6257        48.7      -103117.8627       -84.7629 17m58s/Msamples
        9482000   -103213.6813        48.7      -103127.3023       -86.3789 17m58s/Msamples
        9483000   -103216.7812        48.7      -103128.4450       -88.3362 17m58s/Msamples
        9484000   -103200.5094        48.7      -103120.1740       -80.3353 17m58s/Msamples
        9485000   -103208.8540        48.7      -103120.9864       -87.8675 17m58s/Msamples
        9486000   -103211.2647        48.7      -103122.5046       -88.7601 17m58s/Msamples
        9487000   -103219.3612        48.7      -103123.4155       -95.9457 17m58s/Msamples
        9488000   -103237.8800        48.7      -103121.4091      -116.4709 17m58s/Msamples
        9489000   -103228.5176        48.7      -103120.7150      -107.8026 17m58s/Msamples
        9490000   -103227.3380        48.7      -103133.2450       -94.0930 17m58s/Msamples
        9491000   -103223.7998        48.7      -103127.5684       -96.2313 17m58s/Msamples
        9492000   -103224.9188        48.7      -103125.2995       -99.6193 17m58s/Msamples
        9493000   -103203.0178        48.7      -103121.8672       -81.1505 17m58s/Msamples
        9494000   -103210.6832        48.7      -103121.8367       -88.8465 17m58s/Msamples
        9495000   -103203.3161        48.7      -103120.0287       -83.2873 17m58s/Msamples
        9496000   -103214.0668        48.7      -103124.6046       -89.4622 17m58s/Msamples
        9497000   -103208.4965        48.7      -103120.2028       -88.2936 17m58s/Msamples
        9498000   -103194.9404        48.7      -103108.4641       -86.4763 17m58s/Msamples
        9499000   -103207.5375        48.7      -103114.1210       -93.4165 17m58s/Msamples
        9500000   -103210.2661        48.7      -103121.7325       -88.5336 17m58s/Msamples
        9501000   -103213.8050        48.7      -103128.8354       -84.9696 17m58s/Msamples
        9502000   -103220.2093        48.7      -103123.5545       -96.6548 17m58s/Msamples
        9503000   -103227.5995        48.7      -103137.3307       -90.2687 17m58s/Msamples
        9504000   -103227.5548        48.7      -103131.4393       -96.1154 17m58s/Msamples
        9505000   -103224.6475        48.7      -103132.0996       -92.5479 17m58s/Msamples
        9506000   -103233.6170        48.7      -103137.7025       -95.9145 17m58s/Msamples
        9507000   -103235.4953        48.7      -103136.9731       -98.5221 17m58s/Msamples
        9508000   -103242.4936        48.8      -103139.9049      -102.5887 17m58s/Msamples
        9509000   -103245.2758        48.8      -103139.0734      -106.2023 17m58s/Msamples
        9510000   -103251.2556        48.8      -103142.5990      -108.6565 17m58s/Msamples
        9511000   -103254.3825        48.8      -103140.1840      -114.1984 17m58s/Msamples
        9512000   -103239.2247        48.8      -103136.8287      -102.3959 17m58s/Msamples
        9513000   -103243.8272        48.9      -103143.3724      -100.4547 17m58s/Msamples
        9514000   -103255.2447        48.9      -103148.1830      -107.0616 17m58s/Msamples
        9515000   -103259.8370        48.9      -103153.7187      -106.1183 17m58s/Msamples
        9516000   -103260.8186        49.0      -103152.6417      -108.1769 17m58s/Msamples
        9517000   -103252.2971        49.0      -103143.7125      -108.5845 17m58s/Msamples
        9518000   -103248.9487        49.0      -103144.4105      -104.5381 17m58s/Msamples
        9519000   -103242.0200        49.0      -103143.7450       -98.2749 17m58s/Msamples
        9520000   -103238.5948        49.0      -103147.8568       -90.7380 17m58s/Msamples
        9521000   -103221.1607        49.0      -103136.6561       -84.5046 17m58s/Msamples
        9522000   -103241.8976        49.0      -103145.8970       -96.0006 17m58s/Msamples
        9523000   -103235.3151        49.0      -103142.9443       -92.3708 17m58s/Msamples
        9524000   -103249.2349        49.1      -103149.3067       -99.9281 17m58s/Msamples
        9525000   -103244.2014        49.1      -103151.7791       -92.4222 17m58s/Msamples
        9526000   -103249.8390        49.1      -103160.6326       -89.2064 17m58s/Msamples
        9527000   -103247.6709        49.1      -103155.7574       -91.9135 17m58s/Msamples
        9528000   -103236.1162        49.1      -103154.0446       -82.0716 17m58s/Msamples
        9529000   -103251.8308        49.1      -103164.0117       -87.8191 17m58s/Msamples
        9530000   -103259.1993        49.2      -103161.7339       -97.4654 17m58s/Msamples
        9531000   -103277.1251        49.2      -103163.6170      -113.5081 17m58s/Msamples
        9532000   -103272.8082        49.3      -103161.8084      -110.9998 17m58s/Msamples
        9533000   -103281.9929        49.4      -103161.4474      -120.5455 17m58s/Msamples
        9534000   -103279.3491        49.4      -103158.5996      -120.7494 17m58s/Msamples
        9535000   -103267.5157        49.5      -103154.9987      -112.5170 17m58s/Msamples
        9536000   -103262.7985        49.5      -103157.2389      -105.5596 17m58s/Msamples
        9537000   -103273.6537        49.6      -103154.9978      -118.6558 17m58s/Msamples
        9538000   -103273.1571        49.6      -103156.7839      -116.3732 17m58s/Msamples
        9539000   -103262.2455        49.7      -103160.4254      -101.8200 17m58s/Msamples
        9540000   -103259.6478        49.7      -103154.9385      -104.7093 17m58s/Msamples
        9541000   -103241.1148        49.7      -103154.2168       -86.8980 17m58s/Msamples
        9542000   -103235.8630        49.7      -103140.9564       -94.9066 17m58s/Msamples
        9543000   -103234.2523        49.7      -103146.1471       -88.1052 17m58s/Msamples
        9544000   -103220.0085        49.7      -103137.5587       -82.4497 17m58s/Msamples
        9545000   -103209.9042        49.7      -103135.2728       -74.6314 17m58s/Msamples
        9546000   -103213.2101        49.7      -103132.4505       -80.7596 17m58s/Msamples
        9547000   -103213.7035        49.7      -103129.4273       -84.2761 17m58s/Msamples
        9548000   -103228.3959        49.7      -103135.8186       -92.5773 17m58s/Msamples
        9549000   -103230.2526        49.7      -103134.5693       -95.6833 17m58s/Msamples
        9550000   -103256.7456        49.8      -103132.9247      -123.8208 17m58s/Msamples
        9551000   -103233.1960        49.8      -103123.3290      -109.8670 17m58s/Msamples
        9552000   -103229.4228        49.8      -103126.3861      -103.0366 17m58s/Msamples
        9553000   -103234.2194        49.8      -103133.4437      -100.7756 17m58s/Msamples
        9554000   -103237.3230        49.8      -103139.2970       -98.0260 17m58s/Msamples
        9555000   -103224.7113        49.8      -103133.2384       -91.4728 17m58s/Msamples
        9556000   -103241.9988        49.8      -103139.5899      -102.4088 17m58s/Msamples
        9557000   -103234.2213        49.8      -103137.9946       -96.2267 17m58s/Msamples
        9558000   -103225.7563        49.8      -103140.6033       -85.1529 17m58s/Msamples
        9559000   -103213.1196        49.8      -103133.6084       -79.5112 17m58s/Msamples
        9560000   -103221.8436        49.8      -103133.4493       -88.3943 17m58s/Msamples
        9561000   -103232.9499        49.8      -103136.6151       -96.3348 17m58s/Msamples
        9562000   -103235.7516        49.8      -103138.3616       -97.3899 17m58s/Msamples
        9563000   -103238.5005        49.8      -103133.3052      -105.1953 17m58s/Msamples
        9564000   -103241.2408        49.8      -103140.8130      -100.4278 17m58s/Msamples
        9565000   -103220.5855        49.8      -103138.6080       -81.9775 17m58s/Msamples
        9566000   -103227.5740        49.9      -103133.7351       -93.8389 17m58s/Msamples
        9567000   -103214.4063        49.9      -103141.2791       -73.1272 17m58s/Msamples
        9568000   -103218.6330        49.9      -103139.2101       -79.4228 17m58s/Msamples
        9569000   -103216.6700        49.9      -103138.3096       -78.3603 17m58s/Msamples
        9570000   -103213.3441        49.9      -103127.1282       -86.2158 17m58s/Msamples
        9571000   -103222.4326        49.9      -103137.9815       -84.4510 17m58s/Msamples
        9572000   -103219.2060        49.9      -103130.9115       -88.2945 17m58s/Msamples
        9573000   -103220.4038        49.9      -103138.7575       -81.6463 17m58s/Msamples
        9574000   -103242.3320        49.9      -103141.3886      -100.9433 17m58s/Msamples
        9575000   -103226.7937        49.9      -103137.8084       -88.9852 17m58s/Msamples
        9576000   -103224.2808        49.9      -103135.7864       -88.4943 17m58s/Msamples
        9577000   -103224.3915        49.9      -103140.9330       -83.4585 17m58s/Msamples
        9578000   -103228.6952        49.9      -103137.8139       -90.8813 17m58s/Msamples
        9579000   -103228.3956        49.9      -103133.3940       -95.0016 17m58s/Msamples
        9580000   -103227.9140        49.9      -103134.7298       -93.1842 17m58s/Msamples
        9581000   -103232.0763        49.9      -103136.4241       -95.6522 17m58s/Msamples
        9582000   -103227.8852        49.9      -103140.6429       -87.2422 17m58s/Msamples
        9583000   -103223.2268        49.9      -103141.8549       -81.3719 17m58s/Msamples
        9584000   -103233.8388        49.9      -103141.6885       -92.1503 17m58s/Msamples
        9585000   -103238.7029        49.9      -103139.5170       -99.1859 17m58s/Msamples
        9586000   -103243.5294        49.9      -103143.0287      -100.5007 17m58s/Msamples
        9587000   -103234.4322        49.9      -103137.9413       -96.4908 17m58s/Msamples
        9588000   -103227.7030        49.9      -103135.3902       -92.3127 17m58s/Msamples
        9589000   -103221.3047        49.9      -103134.9798       -86.3248 17m58s/Msamples
        9590000   -103241.5834        50.0      -103138.1867      -103.3966 17m58s/Msamples
        9591000   -103243.6653        50.0      -103140.1211      -103.5442 17m58s/Msamples
        9592000   -103239.4588        50.0      -103139.7199       -99.7388 17m58s/Msamples
        9593000   -103231.5524        50.0      -103140.1856       -91.3668 17m58s/Msamples
        9594000   -103226.1383        50.0      -103132.6315       -93.5068 17m58s/Msamples
        9595000   -103203.0895        50.0      -103125.4839       -77.6056 17m58s/Msamples
        9596000   -103194.5895        50.0      -103116.3559       -78.2335 17m58s/Msamples
        9597000   -103187.6804        50.0      -103119.2712       -68.4092 17m58s/Msamples
        9598000   -103201.2725        50.0      -103126.0024       -75.2701 17m58s/Msamples
        9599000   -103211.8310        50.0      -103130.6454       -81.1856 17m58s/Msamples
        9600000   -103211.7612        50.0      -103133.9578       -77.8033 17m58s/Msamples
        9601000   -103207.9375        50.0      -103134.3487       -73.5888 17m58s/Msamples
        9602000   -103206.7630        50.0      -103135.5488       -71.2141 17m58s/Msamples
        9603000   -103219.8851        50.0      -103139.5852       -80.2999 17m58s/Msamples
        9604000   -103216.7361        50.0      -103140.7433       -75.9928 17m58s/Msamples
        9605000   -103224.3356        50.0      -103134.0073       -90.3283 17m58s/Msamples
        9606000   -103218.7725        50.0      -103133.3484       -85.4240 17m58s/Msamples
        9607000   -103222.5825        50.0      -103126.6597       -95.9227 17m58s/Msamples
        9608000   -103218.9092        50.0      -103132.0330       -86.8761 17m58s/Msamples
        9609000   -103210.6134        50.0      -103138.1176       -72.4958 17m58s/Msamples
        9610000   -103222.3440        50.0      -103130.4922       -91.8517 17m58s/Msamples
        9611000   -103207.5234        50.0      -103128.5095       -79.0138 17m58s/Msamples
        9612000   -103216.5554        50.0      -103130.4711       -86.0843 17m58s/Msamples
        9613000   -103210.1823        50.0      -103130.3541       -79.8282 17m58s/Msamples
        9614000   -103208.8733        50.0      -103131.7828       -77.0905 17m58s/Msamples
        9615000   -103194.6704        50.0      -103121.8208       -72.8496 17m58s/Msamples
        9616000   -103191.7645        50.0      -103120.7200       -71.0445 17m58s/Msamples
        9617000   -103195.1204        50.1      -103123.6327       -71.4877 17m58s/Msamples
        9618000   -103202.4599        50.1      -103120.0517       -82.4082 17m58s/Msamples
        9619000   -103213.8266        50.1      -103123.6988       -90.1277 17m58s/Msamples
        9620000   -103211.1887        50.1      -103122.1562       -89.0324 17m58s/Msamples
        9621000   -103213.6028        50.1      -103118.4094       -95.1933 17m58s/Msamples
        9622000   -103226.9062        50.1      -103135.6333       -91.2728 17m58s/Msamples
        9623000   -103224.6703        50.1      -103132.9594       -91.7108 17m58s/Msamples
        9624000   -103219.8802        50.1      -103134.4498       -85.4303 17m58s/Msamples
        9625000   -103228.8743        50.1      -103137.3213       -91.5529 17m58s/Msamples
        9626000   -103224.8647        50.1      -103132.5909       -92.2738 17m58s/Msamples
        9627000   -103217.4957        50.1      -103126.8450       -90.6507 17m58s/Msamples
        9628000   -103223.7905        50.1      -103134.7254       -89.0650 17m58s/Msamples
        9629000   -103227.2924        50.1      -103134.0217       -93.2707 17m58s/Msamples
        9630000   -103215.0993        50.1      -103133.5076       -81.5916 17m58s/Msamples
        9631000   -103224.6772        50.1      -103135.3038       -89.3734 17m58s/Msamples
        9632000   -103235.7741        50.1      -103142.0002       -93.7739 17m58s/Msamples
        9633000   -103233.0321        50.1      -103138.3235       -94.7085 17m58s/Msamples
        9634000   -103231.5695        50.1      -103131.3469      -100.2226 17m58s/Msamples
        9635000   -103233.5248        50.1      -103136.8448       -96.6800 17m58s/Msamples
        9636000   -103220.9661        50.1      -103133.4473       -87.5187 17m58s/Msamples
        9637000   -103237.9193        50.1      -103142.3508       -95.5685 17m58s/Msamples
        9638000   -103240.3315        50.1      -103142.9015       -97.4300 17m58s/Msamples
        9639000   -103222.5720        50.1      -103133.3399       -89.2321 17m58s/Msamples
        9640000   -103226.2170        50.1      -103133.4733       -92.7436 17m58s/Msamples
        9641000   -103235.3358        50.1      -103135.0060      -100.3298 17m58s/Msamples
        9642000   -103232.2162        50.1      -103139.2812       -92.9349 17m58s/Msamples
        9643000   -103226.3194        50.1      -103138.5957       -87.7237 17m58s/Msamples
        9644000   -103239.2060        50.1      -103142.2733       -96.9327 17m58s/Msamples
        9645000   -103235.6435        50.2      -103142.6999       -92.9436 17m58s/Msamples
        9646000   -103214.6204        50.2      -103137.5133       -77.1071 17m58s/Msamples
        9647000   -103209.8037        50.2      -103132.1677       -77.6360 17m58s/Msamples
        9648000   -103208.9321        50.2      -103133.5118       -75.4202 17m58s/Msamples
        9649000   -103221.5988        50.1      -103139.8212       -81.7776 17m58s/Msamples
        9650000   -103229.2149        50.2      -103136.5680       -92.6468 17m58s/Msamples
        9651000   -103220.1044        50.2      -103139.1837       -80.9207 17m58s/Msamples
        9652000   -103203.0494        50.2      -103128.6590       -74.3904 17m58s/Msamples
        9653000   -103207.6678        50.2      -103121.5787       -86.0891 17m58s/Msamples
        9654000   -103215.3391        50.2      -103125.3550       -89.9840 17m58s/Msamples
        9655000   -103208.2457        50.2      -103125.7008       -82.5449 17m58s/Msamples
        9656000   -103211.2694        50.2      -103126.9039       -84.3655 17m58s/Msamples
        9657000   -103203.4188        50.2      -103122.1338       -81.2850 17m58s/Msamples
        9658000   -103199.8026        50.2      -103121.1012       -78.7014 17m58s/Msamples
        9659000   -103197.2191        50.1      -103121.1339       -76.0852 17m58s/Msamples
        9660000   -103205.1268        50.1      -103122.3707       -82.7560 17m58s/Msamples
        9661000   -103202.5194        50.1      -103122.2335       -80.2858 17m58s/Msamples
        9662000   -103201.7380        50.1      -103121.2376       -80.5004 17m58s/Msamples
        9663000   -103215.9113        50.1      -103134.7449       -81.1664 17m58s/Msamples
        9664000   -103200.2365        50.1      -103125.0688       -75.1677 17m58s/Msamples
        9665000   -103212.2945        50.1      -103125.4714       -86.8231 17m58s/Msamples
        9666000   -103227.4955        50.1      -103127.8476       -99.6478 17m58s/Msamples
        9667000   -103208.4866        50.1      -103122.7587       -85.7279 17m58s/Msamples
        9668000   -103221.3759        50.1      -103130.2757       -91.1001 17m58s/Msamples
        9669000   -103211.8135        50.1      -103122.1264       -89.6871 17m58s/Msamples
        9670000   -103214.6249        50.1      -103124.6169       -90.0080 17m58s/Msamples
        9671000   -103210.0541        50.1      -103121.2450       -88.8091 17m58s/Msamples
        9672000   -103209.2408        50.1      -103120.2342       -89.0065 17m58s/Msamples
        9673000   -103200.6607        50.1      -103123.3116       -77.3491 17m58s/Msamples
        9674000   -103211.0790        50.1      -103125.2697       -85.8092 17m58s/Msamples
        9675000   -103211.5221        50.1      -103130.8640       -80.6580 17m58s/Msamples
        9676000   -103198.4643        50.1      -103122.5434       -75.9209 17m58s/Msamples
        9677000   -103194.3839        50.1      -103125.8816       -68.5023 17m58s/Msamples
        9678000   -103208.7471        50.1      -103127.5726       -81.1745 17m58s/Msamples
        9679000   -103216.5985        50.1      -103127.7492       -88.8492 17m58s/Msamples
        9680000   -103209.6498        50.1      -103121.5499       -88.0998 17m58s/Msamples
        9681000   -103207.0241        50.1      -103125.4745       -81.5495 17m58s/Msamples
        9682000   -103205.1458        50.1      -103128.0857       -77.0601 17m58s/Msamples
        9683000   -103194.9505        50.1      -103118.4103       -76.5402 17m58s/Msamples
        9684000   -103187.8541        50.1      -103126.2379       -61.6161 17m58s/Msamples
        9685000   -103196.5906        50.1      -103127.3454       -69.2451 17m58s/Msamples
        9686000   -103200.4784        50.1      -103128.2875       -72.1908 17m58s/Msamples
        9687000   -103201.8087        50.1      -103126.1053       -75.7033 17m58s/Msamples
        9688000   -103211.9274        50.1      -103128.4767       -83.4507 17m58s/Msamples
        9689000   -103214.9988        50.1      -103132.2521       -82.7467 17m58s/Msamples
        9690000   -103211.5544        50.1      -103133.1838       -78.3706 17m58s/Msamples
        9691000   -103206.9329        50.1      -103128.0974       -78.8354 17m58s/Msamples
        9692000   -103211.4353        50.1      -103120.9154       -90.5199 17m58s/Msamples
        9693000   -103207.7515        50.1      -103119.0600       -88.6914 17m58s/Msamples
        9694000   -103214.9542        50.1      -103127.3017       -87.6524 17m58s/Msamples
        9695000   -103214.4258        50.1      -103124.3252       -90.1006 17m58s/Msamples
        9696000   -103203.8630        50.1      -103123.7378       -80.1252 17m58s/Msamples
        9697000   -103198.6030        50.1      -103117.9875       -80.6154 17m58s/Msamples
        9698000   -103211.6120        50.1      -103124.8815       -86.7304 17m58s/Msamples
        9699000   -103222.2892        50.1      -103127.0294       -95.2597 17m58s/Msamples
        9700000   -103223.9128        50.1      -103129.0406       -94.8722 17m58s/Msamples
        9701000   -103233.0911        50.1      -103126.9628      -106.1283 17m58s/Msamples
        9702000   -103233.7030        50.1      -103131.3943      -102.3086 17m58s/Msamples
        9703000   -103221.2089        50.1      -103130.6567       -90.5521 17m58s/Msamples
        9704000   -103227.5110        50.1      -103129.7301       -97.7808 17m58s/Msamples
        9705000   -103208.0230        50.1      -103129.4902       -78.5327 17m58s/Msamples
        9706000   -103221.6898        50.1      -103135.4442       -86.2455 17m58s/Msamples
        9707000   -103224.3570        50.1      -103134.1268       -90.2302 17m58s/Msamples
        9708000   -103220.2171        50.1      -103126.4834       -93.7336 17m58s/Msamples
        9709000   -103243.9345        50.1      -103135.4677      -108.4667 17m58s/Msamples
        9710000   -103229.3030        50.1      -103132.3627       -96.9402 17m58s/Msamples
        9711000   -103226.9942        50.1      -103129.3512       -97.6430 17m58s/Msamples
        9712000   -103227.7595        50.2      -103129.7577       -98.0018 17m58s/Msamples
        9713000   -103232.4713        50.2      -103134.3039       -98.1673 17m58s/Msamples
        9714000   -103244.4328        50.2      -103140.1361      -104.2966 17m58s/Msamples
        9715000   -103231.5378        50.2      -103131.8626       -99.6752 17m58s/Msamples
        9716000   -103227.9230        50.2      -103130.7750       -97.1480 17m58s/Msamples
        9717000   -103209.2248        50.2      -103119.8974       -89.3274 17m58s/Msamples
        9718000   -103200.3680        50.2      -103116.8139       -83.5540 17m58s/Msamples
        9719000   -103197.0339        50.2      -103117.6488       -79.3850 17m58s/Msamples
        9720000   -103198.5987        50.2      -103114.6573       -83.9414 17m58s/Msamples
        9721000   -103190.4791        50.2      -103110.2142       -80.2649 17m58s/Msamples
        9722000   -103197.0264        50.2      -103116.7191       -80.3073 17m58s/Msamples
        9723000   -103204.1825        50.2      -103112.2814       -91.9011 17m58s/Msamples
        9724000   -103210.5485        50.2      -103117.7654       -92.7831 17m58s/Msamples
        9725000   -103209.8250        50.2      -103111.3610       -98.4640 17m58s/Msamples
        9726000   -103210.8541        50.2      -103116.4411       -94.4129 17m58s/Msamples
        9727000   -103206.6510        50.2      -103113.6083       -93.0427 17m58s/Msamples
        9728000   -103213.9606        50.2      -103113.1973      -100.7632 17m58s/Msamples
        9729000   -103220.9377        50.2      -103117.6872      -103.2505 17m58s/Msamples
        9730000   -103226.1017        50.2      -103124.8193      -101.2823 17m58s/Msamples
        9731000   -103220.4584        50.2      -103122.8379       -97.6205 17m58s/Msamples
        9732000   -103227.3454        50.2      -103121.7875      -105.5579 17m58s/Msamples
        9733000   -103221.5385        50.2      -103126.5657       -94.9727 17m58s/Msamples
        9734000   -103211.8274        50.2      -103120.7286       -91.0988 17m58s/Msamples
        9735000   -103213.7986        50.2      -103116.9877       -96.8109 17m58s/Msamples
        9736000   -103218.4540        50.2      -103120.1780       -98.2760 17m58s/Msamples
        9737000   -103217.8894        50.2      -103116.1063      -101.7831 17m58s/Msamples
        9738000   -103220.9101        50.2      -103120.0447      -100.8653 17m58s/Msamples
        9739000   -103219.6806        50.1      -103119.6141      -100.0665 17m58s/Msamples
        9740000   -103220.2791        50.1      -103117.7039      -102.5752 17m58s/Msamples
        9741000   -103212.0573        50.1      -103117.8740       -94.1833 17m58s/Msamples
        9742000   -103229.2159        50.1      -103125.2900      -103.9258 17m58s/Msamples
        9743000   -103241.5197        50.2      -103130.7946      -110.7250 17m58s/Msamples
        9744000   -103255.3957        50.2      -103133.4660      -121.9296 17m58s/Msamples
        9745000   -103243.3910        50.2      -103131.1205      -112.2704 17m58s/Msamples
        9746000   -103233.1760        50.2      -103130.7250      -102.4509 17m58s/Msamples
        9747000   -103232.3434        50.2      -103133.8422       -98.5011 17m58s/Msamples
        9748000   -103233.8473        50.2      -103135.4116       -98.4356 17m58s/Msamples
        9749000   -103238.9123        50.2      -103141.6678       -97.2445 17m58s/Msamples
        9750000   -103240.5500        50.2      -103134.7764      -105.7736 17m58s/Msamples
        9751000   -103241.7517        50.3      -103137.8252      -103.9265 17m58s/Msamples
        9752000   -103251.9561        50.3      -103132.1371      -119.8189 17m58s/Msamples
        9753000   -103248.2040        50.3      -103133.3159      -114.8881 17m58s/Msamples
        9754000   -103251.4905        50.3      -103137.4127      -114.0777 17m58s/Msamples
        9755000   -103249.8348        50.4      -103133.4922      -116.3425 17m58s/Msamples
        9756000   -103250.8171        50.4      -103137.9689      -112.8482 17m58s/Msamples
        9757000   -103246.3863        50.4      -103130.8313      -115.5549 17m58s/Msamples
        9758000   -103235.8086        50.4      -103127.3103      -108.4983 17m58s/Msamples
        9759000   -103238.8857        50.4      -103128.7497      -110.1359 17m58s/Msamples
        9760000   -103242.3393        50.4      -103126.9863      -115.3530 17m58s/Msamples
        9761000   -103252.3872        50.5      -103135.0951      -117.2921 17m58s/Msamples
        9762000   -103246.9367        50.5      -103135.1718      -111.7648 17m58s/Msamples
        9763000   -103240.3108        50.5      -103130.4616      -109.8491 17m58s/Msamples
        9764000   -103236.5506        50.5      -103129.3646      -107.1859 17m58s/Msamples
        9765000   -103248.4379        50.5      -103142.1608      -106.2770 17m58s/Msamples
        9766000   -103245.8510        50.5      -103139.2734      -106.5776 17m58s/Msamples
        9767000   -103248.7434        50.6      -103136.7194      -112.0240 17m58s/Msamples
        9768000   -103239.5542        50.6      -103132.3050      -107.2492 17m58s/Msamples
        9769000   -103231.1595        50.6      -103130.6005      -100.5590 17m58s/Msamples
        9770000   -103242.2086        50.6      -103138.7662      -103.4424 17m58s/Msamples
        9771000   -103236.3695        50.6      -103130.8902      -105.4793 17m58s/Msamples
        9772000   -103241.4025        50.6      -103135.8346      -105.5679 17m58s/Msamples
        9773000   -103238.7147        50.6      -103138.3083      -100.4063 17m58s/Msamples
        9774000   -103253.4210        50.6      -103138.9450      -114.4760 17m58s/Msamples
        9775000   -103247.2124        50.7      -103143.1463      -104.0660 17m58s/Msamples
        9776000   -103240.3274        50.7      -103141.4999       -98.8274 17m58s/Msamples
        9777000   -103240.8009        50.7      -103136.3271      -104.4738 17m58s/Msamples
        9778000   -103234.4640        50.7      -103136.9089       -97.5551 17m58s/Msamples
        9779000   -103232.5330        50.7      -103138.3375       -94.1954 17m58s/Msamples
        9780000   -103245.3438        50.7      -103145.5311       -99.8126 17m58s/Msamples
        9781000   -103232.5469        50.7      -103134.5172       -98.0297 17m58s/Msamples
        9782000   -103243.3428        50.7      -103143.1381      -100.2047 17m58s/Msamples
        9783000   -103243.3640        50.7      -103136.8437      -106.5202 17m58s/Msamples
        9784000   -103250.1218        50.8      -103137.2261      -112.8957 17m58s/Msamples
        9785000   -103241.2827        50.8      -103137.6128      -103.6699 17m58s/Msamples
        9786000   -103244.4113        50.8      -103138.7614      -105.6499 17m58s/Msamples
        9787000   -103243.8566        50.8      -103136.0638      -107.7927 17m58s/Msamples
        9788000   -103241.7119        50.8      -103132.8807      -108.8312 17m58s/Msamples
        9789000   -103243.2214        50.8      -103130.6049      -112.6165 17m58s/Msamples
        9790000   -103242.4595        50.8      -103137.7714      -104.6881 17m58s/Msamples
        9791000   -103240.1015        50.8      -103129.9452      -110.1563 17m58s/Msamples
        9792000   -103233.6887        50.9      -103138.8411       -94.8475 17m58s/Msamples
        9793000   -103230.3791        50.9      -103136.1735       -94.2055 17m58s/Msamples
        9794000   -103222.1112        50.9      -103130.8453       -91.2659 17m58s/Msamples
        9795000   -103233.9405        50.9      -103132.7917      -101.1488 17m58s/Msamples
        9796000   -103229.8781        50.9      -103128.4284      -101.4496 17m58s/Msamples
        9797000   -103225.9945        50.9      -103125.8848      -100.1096 17m58s/Msamples
        9798000   -103218.4995        50.9      -103125.6994       -92.8000 17m58s/Msamples
        9799000   -103230.1276        50.9      -103130.4138       -99.7137 17m58s/Msamples
        9800000   -103237.2378        50.9      -103128.9971      -108.2407 17m58s/Msamples
        9801000   -103237.6788        50.9      -103130.6503      -107.0284 17m58s/Msamples
        9802000   -103231.5257        50.9      -103128.6080      -102.9177 17m58s/Msamples
        9803000   -103225.0727        50.9      -103126.9756       -98.0970 17m58s/Msamples
        9804000   -103230.8555        50.9      -103125.9759      -104.8796 17m58s/Msamples
        9805000   -103230.2977        50.9      -103124.4673      -105.8303 17m58s/Msamples
        9806000   -103228.3569        50.9      -103126.3273      -102.0296 17m58s/Msamples
        9807000   -103226.5742        50.9      -103122.5315      -104.0426 17m58s/Msamples
        9808000   -103235.2652        50.9      -103129.3810      -105.8842 17m58s/Msamples
        9809000   -103246.7636        50.9      -103134.7864      -111.9772 17m58s/Msamples
        9810000   -103246.7867        51.0      -103136.2614      -110.5253 17m58s/Msamples
        9811000   -103241.5449        51.0      -103127.8328      -113.7121 17m58s/Msamples
        9812000   -103236.6081        51.0      -103127.3171      -109.2909 17m58s/Msamples
        9813000   -103231.6378        51.0      -103125.9468      -105.6910 17m58s/Msamples
        9814000   -103232.6874        51.0      -103124.6967      -107.9907 17m58s/Msamples
        9815000   -103232.8091        51.0      -103124.6815      -108.1275 17m58s/Msamples
        9816000   -103230.5820        51.0      -103128.7736      -101.8084 17m58s/Msamples
        9817000   -103233.8062        51.0      -103135.6794       -98.1267 17m58s/Msamples
        9818000   -103223.8547        51.0      -103127.8836       -95.9710 17m58s/Msamples
        9819000   -103224.6753        51.0      -103129.7114       -94.9639 17m58s/Msamples
        9820000   -103236.9413        51.0      -103134.4366      -102.5047 17m58s/Msamples
        9821000   -103221.8021        51.0      -103129.5968       -92.2052 17m58s/Msamples
        9822000   -103217.0911        51.0      -103125.3059       -91.7851 17m58s/Msamples
        9823000   -103220.5347        51.0      -103122.9453       -97.5893 17m58s/Msamples
        9824000   -103230.0169        51.0      -103132.8327       -97.1841 17m58s/Msamples
        9825000   -103224.0630        51.0      -103119.3277      -104.7352 17m58s/Msamples
        9826000   -103218.1924        51.0      -103123.5023       -94.6900 17m58s/Msamples
        9827000   -103223.7687        51.0      -103121.3725      -102.3962 17m58s/Msamples
        9828000   -103218.2955        51.0      -103124.4309       -93.8646 17m58s/Msamples
        9829000   -103206.0007        51.0      -103121.4143       -84.5864 17m58s/Msamples
        9830000   -103221.6427        51.0      -103128.4249       -93.2177 17m58s/Msamples
        9831000   -103225.7895        51.1      -103133.5523       -92.2372 17m58s/Msamples
        9832000   -103225.6950        51.1      -103131.7982       -93.8968 17m58s/Msamples
        9833000   -103234.6028        51.1      -103136.4261       -98.1766 17m58s/Msamples
        9834000   -103231.9329        51.1      -103133.7975       -98.1354 17m58s/Msamples
        9835000   -103225.9153        51.1      -103139.7344       -86.1809 17m58s/Msamples
        9836000   -103239.5900        51.1      -103131.0799      -108.5100 17m58s/Msamples
        9837000   -103233.4713        51.1      -103132.8539      -100.6174 17m58s/Msamples
        9838000   -103228.7602        51.1      -103131.9447       -96.8155 17m58s/Msamples
        9839000   -103228.1999        51.1      -103138.3727       -89.8272 17m58s/Msamples
        9840000   -103247.3003        51.1      -103140.9997      -106.3006 17m58s/Msamples
        9841000   -103242.2004        51.1      -103143.7150       -98.4854 17m58s/Msamples
        9842000   -103254.1151        51.1      -103146.9968      -107.1182 17m58s/Msamples
        9843000   -103242.6493        51.1      -103144.1652       -98.4841 17m58s/Msamples
        9844000   -103241.5172        51.2      -103146.0568       -95.4604 17m58s/Msamples
        9845000   -103241.9775        51.2      -103138.4362      -103.5413 17m58s/Msamples
        9846000   -103246.7948        51.2      -103141.9945      -104.8003 17m58s/Msamples
        9847000   -103246.3482        51.2      -103142.7475      -103.6006 17m58s/Msamples
        9848000   -103234.6901        51.2      -103136.6808       -98.0093 17m58s/Msamples
        9849000   -103236.6639        51.2      -103136.7798       -99.8840 17m58s/Msamples
        9850000   -103246.1112        51.2      -103137.7541      -108.3570 17m58s/Msamples
        9851000   -103243.5648        51.2      -103135.1246      -108.4401 17m58s/Msamples
        9852000   -103247.4658        51.3      -103136.3769      -111.0889 17m58s/Msamples
        9853000   -103242.8875        51.3      -103143.7177       -99.1698 17m58s/Msamples
        9854000   -103231.9147        51.3      -103138.5657       -93.3489 17m58s/Msamples
        9855000   -103228.5823        51.3      -103135.9677       -92.6146 17m58s/Msamples
        9856000   -103233.1688        51.3      -103140.0447       -93.1240 17m58s/Msamples
        9857000   -103232.0391        51.3      -103141.1553       -90.8838 17m58s/Msamples
        9858000   -103235.0328        51.3      -103139.0053       -96.0275 17m58s/Msamples
        9859000   -103231.2373        51.3      -103138.2569       -92.9803 17m58s/Msamples
        9860000   -103230.7776        51.3      -103142.1061       -88.6715 17m58s/Msamples
        9861000   -103229.7926        51.3      -103138.5735       -91.2191 17m58s/Msamples
        9862000   -103235.1764        51.3      -103142.2154       -92.9610 17m58s/Msamples
        9863000   -103224.4939        51.3      -103134.6264       -89.8674 17m58s/Msamples
        9864000   -103213.8427        51.3      -103128.5447       -85.2979 17m58s/Msamples
        9865000   -103225.6029        51.3      -103136.2233       -89.3796 17m58s/Msamples
        9866000   -103204.9732        51.3      -103126.3931       -78.5800 17m58s/Msamples
        9867000   -103210.0560        51.3      -103127.5875       -82.4684 17m58s/Msamples
        9868000   -103240.2452        51.4      -103136.4984      -103.7468 17m58s/Msamples
        9869000   -103236.1164        51.4      -103131.8915      -104.2249 17m58s/Msamples
        9870000   -103231.3849        51.4      -103132.7652       -98.6196 17m58s/Msamples
        9871000   -103212.2251        51.4      -103132.0121       -80.2130 17m58s/Msamples
        9872000   -103216.1729        51.4      -103138.9273       -77.2455 17m58s/Msamples
        9873000   -103235.3932        51.4      -103139.4928       -95.9004 17m58s/Msamples
        9874000   -103223.0785        51.4      -103136.2326       -86.8459 17m58s/Msamples
        9875000   -103227.8711        51.4      -103137.8151       -90.0559 17m58s/Msamples
        9876000   -103237.3882        51.4      -103138.8991       -98.4891 17m58s/Msamples
        9877000   -103224.0209        51.4      -103135.7456       -88.2753 17m58s/Msamples
        9878000   -103229.9824        51.4      -103137.8237       -92.1587 17m58s/Msamples
        9879000   -103235.8141        51.4      -103144.8120       -91.0021 17m58s/Msamples
        9880000   -103229.0749        51.4      -103138.2687       -90.8061 17m58s/Msamples
        9881000   -103222.6904        51.4      -103137.9622       -84.7281 17m58s/Msamples
        9882000   -103224.7331        51.4      -103139.9701       -84.7629 17m58s/Msamples
        9883000   -103231.6775        51.4      -103136.5955       -95.0819 17m58s/Msamples
        9884000   -103236.7591        51.4      -103135.8353      -100.9238 17m58s/Msamples
        9885000   -103242.5907        51.4      -103133.6482      -108.9425 17m58s/Msamples
        9886000   -103231.7782        51.4      -103131.3598      -100.4183 17m58s/Msamples
        9887000   -103230.9909        51.5      -103129.6413      -101.3496 17m58s/Msamples
        9888000   -103230.1563        51.5      -103125.8602      -104.2960 17m58s/Msamples
        9889000   -103251.9509        51.5      -103144.1327      -107.8181 17m58s/Msamples
        9890000   -103240.9544        51.5      -103139.0304      -101.9239 17m58s/Msamples
        9891000   -103242.1335        51.5      -103141.0166      -101.1169 17m58s/Msamples
        9892000   -103236.4655        51.5      -103138.7824       -97.6830 17m58s/Msamples
        9893000   -103236.0472        51.5      -103134.9561      -101.0911 17m58s/Msamples
        9894000   -103227.7622        51.5      -103132.5718       -95.1903 17m58s/Msamples
        9895000   -103214.3662        51.5      -103130.0087       -84.3574 17m58s/Msamples
        9896000   -103204.2344        51.5      -103131.7792       -72.4552 17m58s/Msamples
        9897000   -103218.8003        51.5      -103136.0844       -82.7158 17m58s/Msamples
        9898000   -103203.9872        51.5      -103133.6699       -70.3172 17m58s/Msamples
        9899000   -103207.1995        51.5      -103129.1951       -78.0043 17m58s/Msamples
        9900000   -103230.4849        51.5      -103135.3009       -95.1839 17m58s/Msamples
        9901000   -103227.1460        51.5      -103130.2517       -96.8942 17m58s/Msamples
        9902000   -103229.6204        51.5      -103132.2261       -97.3942 17m58s/Msamples
        9903000   -103219.3781        51.5      -103132.6900       -86.6880 17m58s/Msamples
        9904000   -103219.7406        51.6      -103131.6473       -88.0932 17m58s/Msamples
        9905000   -103219.3089        51.6      -103131.4949       -87.8140 17m58s/Msamples
        9906000   -103241.6602        51.6      -103129.8710      -111.7892 17m58s/Msamples
        9907000   -103244.1346        51.6      -103129.4675      -114.6671 17m58s/Msamples
        9908000   -103248.7884        51.6      -103133.6036      -115.1847 17m58s/Msamples
        9909000   -103249.0543        51.6      -103141.7589      -107.2953 17m58s/Msamples
        9910000   -103234.9331        51.6      -103134.9785       -99.9546 17m58s/Msamples
        9911000   -103233.3957        51.6      -103132.2796      -101.1160 17m58s/Msamples
        9912000   -103238.8405        51.6      -103135.2412      -103.5992 17m58s/Msamples
        9913000   -103237.3439        51.6      -103137.1509      -100.1930 17m58s/Msamples
        9914000   -103239.6628        51.6      -103138.1748      -101.4880 17m58s/Msamples
        9915000   -103230.4558        51.7      -103132.4726       -97.9831 17m58s/Msamples
        9916000   -103235.0552        51.7      -103136.9027       -98.1525 17m58s/Msamples
        9917000   -103239.0934        51.7      -103137.0535      -102.0399 17m58s/Msamples
        9918000   -103245.5139        51.7      -103137.7402      -107.7737 17m58s/Msamples
        9919000   -103232.3254        51.7      -103130.0489      -102.2764 17m58s/Msamples
        9920000   -103240.3627        51.7      -103135.9988      -104.3639 17m58s/Msamples
        9921000   -103240.6662        51.7      -103140.7912       -99.8749 17m58s/Msamples
        9922000   -103233.5403        51.7      -103136.1025       -97.4378 17m58s/Msamples
        9923000   -103231.0448        51.7      -103132.9406       -98.1041 17m58s/Msamples
        9924000   -103239.9090        51.7      -103140.5585       -99.3505 17m58s/Msamples
        9925000   -103243.3495        51.7      -103140.1343      -103.2152 17m58s/Msamples
        9926000   -103241.9792        51.8      -103136.1058      -105.8734 17m58s/Msamples
        9927000   -103229.1390        51.8      -103136.6759       -92.4630 17m58s/Msamples
        9928000   -103242.6370        51.8      -103142.7902       -99.8468 17m58s/Msamples
        9929000   -103233.5978        51.8      -103142.3442       -91.2535 17m58s/Msamples
        9930000   -103238.0959        51.8      -103136.9520      -101.1439 17m58s/Msamples
        9931000   -103236.6233        51.8      -103135.9218      -100.7014 17m58s/Msamples
        9932000   -103230.9435        51.8      -103136.1151       -94.8284 17m58s/Msamples
        9933000   -103228.8371        51.8      -103138.0278       -90.8092 17m58s/Msamples
        9934000   -103223.9862        51.8      -103133.5417       -90.4444 17m58s/Msamples
        9935000   -103216.9756        51.8      -103132.2355       -84.7401 17m58s/Msamples
        9936000   -103216.1894        51.8      -103125.2841       -90.9052 17m58s/Msamples
        9937000   -103223.6159        51.8      -103123.7564       -99.8594 17m58s/Msamples
        9938000   -103244.1240        51.8      -103126.8968      -117.2272 17m58s/Msamples
        9939000   -103239.0407        51.8      -103119.5317      -119.5089 17m58s/Msamples
        9940000   -103231.7751        51.8      -103128.0848      -103.6903 17m58s/Msamples
        9941000   -103231.0160        51.8      -103122.1270      -108.8889 17m58s/Msamples
        9942000   -103221.4311        51.8      -103117.4643      -103.9668 17m58s/Msamples
        9943000   -103251.9900        51.9      -103135.1058      -116.8841 17m58s/Msamples
        9944000   -103255.5824        51.9      -103135.4925      -120.0898 17m58s/Msamples
        9945000   -103256.6938        51.9      -103134.3200      -122.3737 17m58s/Msamples
        9946000   -103252.4924        51.9      -103130.3947      -122.0976 17m58s/Msamples
        9947000   -103264.3749        52.0      -103134.3893      -129.9856 17m58s/Msamples
        9948000   -103270.0020        52.0      -103136.9625      -133.0395 17m58s/Msamples
        9949000   -103274.8070        52.1      -103143.7655      -131.0415 17m58s/Msamples
        9950000   -103266.7765        52.1      -103143.4066      -123.3699 17m58s/Msamples
        9951000   -103251.3987        52.1      -103138.0501      -113.3486 17m58s/Msamples
        9952000   -103250.9553        52.1      -103137.2553      -113.7000 17m58s/Msamples
        9953000   -103236.1529        52.1      -103130.2427      -105.9102 17m58s/Msamples
        9954000   -103245.8366        52.2      -103133.8711      -111.9655 17m58s/Msamples
        9955000   -103245.3786        52.2      -103134.1285      -111.2501 17m58s/Msamples
        9956000   -103251.1927        52.2      -103137.4506      -113.7421 17m58s/Msamples
        9957000   -103241.8978        52.2      -103131.1692      -110.7285 17m58s/Msamples
        9958000   -103237.4500        52.2      -103125.0742      -112.3757 17m58s/Msamples
        9959000   -103246.1769        52.2      -103138.3073      -107.8696 17m58s/Msamples
        9960000   -103236.0040        52.2      -103126.2082      -109.7957 17m58s/Msamples
        9961000   -103233.9409        52.2      -103129.7096      -104.2313 17m58s/Msamples
        9962000   -103255.7629        52.3      -103136.5633      -119.1996 17m58s/Msamples
        9963000   -103251.5420        52.3      -103136.9181      -114.6238 17m58s/Msamples
        9964000   -103260.2927        52.3      -103142.7474      -117.5453 17m58s/Msamples
        9965000   -103251.9084        52.3      -103143.3208      -108.5876 17m58s/Msamples
        9966000   -103240.3723        52.3      -103133.8822      -106.4900 17m58s/Msamples
        9967000   -103245.6218        52.3      -103134.5899      -111.0318 17m58s/Msamples
        9968000   -103249.4671        52.4      -103131.3505      -118.1166 17m58s/Msamples
        9969000   -103264.6657        52.4      -103139.6051      -125.0606 17m58s/Msamples
        9970000   -103249.7416        52.4      -103137.0606      -112.6809 17m58s/Msamples
        9971000   -103259.6064        52.4      -103141.3573      -118.2491 17m58s/Msamples
        9972000   -103272.4489        52.5      -103144.4838      -127.9650 17m58s/Msamples
        9973000   -103252.0220        52.5      -103133.0033      -119.0187 17m58s/Msamples
        9974000   -103247.3902        52.5      -103132.7381      -114.6521 17m58s/Msamples
        9975000   -103247.6424        52.5      -103131.0520      -116.5904 17m58s/Msamples
        9976000   -103231.7688        52.5      -103122.2987      -109.4701 17m58s/Msamples
        9977000   -103228.0254        52.5      -103119.0240      -109.0013 17m58s/Msamples
        9978000   -103221.8549        52.5      -103115.7683      -106.0866 17m58s/Msamples
        9979000   -103217.0919        52.5      -103120.6573       -96.4345 17m58s/Msamples
        9980000   -103226.1803        52.5      -103126.2257       -99.9546 17m58s/Msamples
        9981000   -103233.9810        52.5      -103127.8529      -106.1280 17m58s/Msamples
        9982000   -103240.3405        52.6      -103135.1006      -105.2398 17m58s/Msamples
        9983000   -103232.2247        52.6      -103122.8958      -109.3288 17m58s/Msamples
        9984000   -103229.3007        52.6      -103124.3141      -104.9865 17m58s/Msamples
        9985000   -103229.1522        52.6      -103119.1619      -109.9903 17m58s/Msamples
        9986000   -103222.1748        52.6      -103114.5593      -107.6155 17m58s/Msamples
        9987000   -103233.4364        52.6      -103127.0926      -106.3438 17m58s/Msamples
        9988000   -103232.1615        52.6      -103121.0830      -111.0784 17m58s/Msamples
        9989000   -103235.5778        52.6      -103128.7924      -106.7853 17m58s/Msamples
        9990000   -103242.0277        52.6      -103127.5920      -114.4357 17m58s/Msamples
        9991000   -103227.2394        52.6      -103124.9703      -102.2691 17m58s/Msamples
        9992000   -103229.8095        52.6      -103121.2056      -108.6038 17m58s/Msamples
        9993000   -103244.6366        52.6      -103121.7630      -122.8736 17m58s/Msamples
        9994000   -103243.7175        52.6      -103123.0027      -120.7148 17m58s/Msamples
        9995000   -103227.4652        52.6      -103114.5567      -112.9084 17m58s/Msamples
        9996000   -103221.1735        52.6      -103110.8608      -110.3127 17m58s/Msamples
        9997000   -103223.0745        52.7      -103115.9094      -107.1651 17m58s/Msamples
        9998000   -103226.7485        52.7      -103114.4458      -112.3026 17m58s/Msamples
        9999000   -103218.9539        52.7      -103106.9163      -112.0375 17m58s/Msamples
       10000000   -103227.7628        52.7      -103115.2136      -112.5491 17m58s/Msamples

Operator                                                            Tuning    #accept    #reject      Pr(m)  Pr(acc|m)
ScaleOperator(gammaShapeScaler.s:SequenceSimulator)                0.80196       1472      10051    0.00116    0.12774 
DeltaExchangeOperator(FrequenciesExchanger.s:SequenceSimulator)    0.00908       2576       9013    0.00116    0.22228 
DeltaExchangeOperator(FixMeanMutationRatesOperator)             6982.06345     232308          0    0.02320    1.00000 Try setting delta to about 13964.127
ScaleOperator(BirthDeathTreeScaler.t:tree)                         0.86179      55397     292447    0.03480    0.15926 
ScaleOperator(BirthDeathTreeRootScaler.t:tree)                     0.64090      54205     294927    0.03480    0.15526 
Uniform(BirthDeathUniformOperator.t:tree)                                -    1942497    1534810    0.34803    0.55862 
SubtreeSlide(BirthDeathSubtreeSlide.t:tree)                        7.42896     202642    1539262    0.17401    0.11633 
Exchange(BirthDeathNarrow.t:tree)                                        -    1104485     636610    0.17401    0.63436 
Exchange(BirthDeathWide.t:tree)                                          -      58509     289596    0.03480    0.16808 
WilsonBalding(BirthDeathWilsonBalding.t:tree)                            -      74684     271939    0.03480    0.21546 
ScaleOperator(BirthRateScaler.t:tree)                              0.40860      93950     253258    0.03480    0.27059 
ScaleOperator(DeathRateScaler.t:tree)                              0.08159      39028     309226    0.03480    0.11207 
ScaleOperator(StrictClockRateScaler.c:clock)                       0.78847      78029     270491    0.03480    0.22389 
UpDownOperator(strictClockUpDownOperator.c:clock)                  0.86430      76844     271745    0.03480    0.22044 
TipDatesRandomWalker(allTipDatesRandomWalker.t:tree)               1.00000          0          0    0.00000        NaN 

     Tuning: The value of the operator's tuning parameter, or '-' if the operator can't be optimized.
    #accept: The total number of times a proposal by this operator has been accepted.
    #reject: The total number of times a proposal by this operator has been rejected.
      Pr(m): The probability this operator is chosen in a step of the MCMC (i.e. the normalized weight).
  Pr(acc|m): The acceptance probability (#accept as a fraction of the total proposals for this operator).


Total calculation time: 10784.011 seconds
End likelihood: -103227.76286742164
